Random waveform, supplied seed
Total number of intervals = 1800 (6927, 52892, 98921, 61129, 40613, 53226, 38560, 103465, 104758, 94759, 37799, 8296, 69443, 12517, 43591, 20430, 93758, 10485, 16518, 83230, 5484, 55611, 20774, 96726, 32442, 73039, 74055, 51197, 59442, 35654, 78747, 42212, 52488, 36950, 16762, 79473, 61431, 87172, 108181, 80515, 37149, 13444, 72057, 70041, 90162, 52082, 24258, 72013, 58012, 45398, 50177, 34504, 66010, 73937, 55020, 53235, 97743, 5419, 14764, 7451, 48208, 16149, 78989, 18886, 75954, 44409, 16431, 85707, 58253, 103867, 21604, 90401, 84467, 99700, 32052, 18173, 67789, 51929, 83850, 18614, 29315, 108090, 27024, 49907, 9150, 34328, 51881, 14569, 81517, 78694, 93409, 39093, 18729, 70818, 21942, 91810, 39588, 40957, 62645, 15539, 107672, 32954, 58866, 23739, 54701, 60706, 72350, 58661, 34912, 103268, 38703, 83358, 57408, 86837, 33517, 66204, 73758, 99742, 109462, 94453, 44096, 100467, 8576, 59359, 7614, 60329, 43762, 67038, 26095, 71173, 109276, 13150, 61250, 84472, 82226, 27671, 98736, 106314, 105027, 96867, 89493, 50538, 22083, 48618, 94298, 63579, 64573, 77178, 29824, 64495, 20917, 85651, 61935, 50216, 72251, 71798, 19701, 24952, 81838, 26648, 24837, 29420, 103882, 70314, 61679, 49557, 19325, 9128, 94933, 24327, 71896, 93771, 20452, 42338, 72627, 80603, 49049, 92305, 56889, 78036, 71583, 72609, 107382, 86530, 16550, 84534, 72631, 49291, 62175, 80213, 16566, 53985, 101949, 24076, 52574, 106271, 105451, 86087, 29108, 101115, 74326, 75832, 94901, 15809, 28874, 51882, 32653, 41676, 63019, 99164, 47055, 62394, 98519, 32122, 49464, 24034, 77363, 91698, 38997, 86028, 83012, 15024, 56640, 97362, 107412, 65030, 79278, 47544, 105368, 58181, 56960, 14849, 63672, 48289, 11797, 10781, 49362, 102119, 46213, 97025, 18351, 21426, 43013, 67376, 36043, 6255, 102499, 26263, 56974, 40869, 46514, 11431, 58600, 68058, 54502, 64022, 52142, 101375, 40606, 47485, 48977, 38615, 80279, 75843, 67095, 41325, 55752, 85561, 14194, 88002, 90515, 109283, 26699, 37400, 19307, 11527, 83787, 22209, 75169, 73833, 94641, 61338, 91825, 77235, 37257, 32057, 108618, 72930, 43714, 87369, 56640, 97360, 79788, 11352, 87962, 40663, 59386, 48302, 19398, 82197, 77387, 72753, 7720, 46279, 42102, 90892, 39976, 61084, 16735, 45909, 28976, 84704, 101822, 92571, 12106, 58568, 51319, 21556, 14191, 29072, 16350, 86891, 104441, 8906, 42175, 51797, 76678, 19630, 100132, 40498, 108559, 23964, 70760, 99567, 107548, 53742, 103931, 60359, 9725, 52014, 40053, 86436, 23983, 66595, 26056, 51764, 40202, 76665, 11133, 80405, 79106, 97258, 36307, 28636, 41620, 75736, 44979, 31478, 37586, 108330, 64301, 11203, 7291, 87477, 77485, 42055, 26865, 94592, 66869, 17835, 55977, 82437, 15775, 87559, 105401, 88752, 94531, 101303, 86640, 84818, 20221, 43599, 52779, 89855, 48532, 107423, 46535, 47535, 49633, 30334, 17207, 106074, 48912, 96483, 39228, 92350, 85084, 81993, 101617, 16730, 71079, 108942, 55406, 42279, 21876, 34140, 42897, 18462, 100375, 41347, 101594, 47486, 73393, 51134, 58201, 71020, 72071, 93446, 28724, 59269, 74624, 52368, 9687, 44165, 6895, 55457, 61164, 108384, 33319, 97895, 39720, 68554, 86849, 30264, 100754, 98098, 86028, 93054, 42348, 29490, 18187, 95113, 8570, 62285, 52582, 34260, 59493, 58208, 93458, 18056, 94134, 37808, 53481, 25666, 108853, 41576, 70282, 45769, 92383, 12100, 67747, 68933, 63242, 72993, 51022, 67069, 24895, 68588, 42706, 49479, 64792, 73879, 31893, 74262, 57246, 91617, 55173, 108633, 15720, 99961, 102613, 57169, 56950, 49938, 5383, 39719, 36653, 69482, 46749, 65109, 46501, 109480, 69433, 58157, 70737, 34617, 77563, 90036, 36689, 46832, 104903, 14153, 21674, 5689, 37781, 15507, 102064, 71340, 79815, 44352, 109562, 86219, 47335, 41962, 45802, 13389, 95780, 87844, 55903, 100902, 70988, 53831, 26948, 32347, 41050, 56197, 94617, 71839, 79082, 107630, 60164, 97878, 63680, 73888, 65499, 96906, 103287, 49664, 32535, 46477, 7459, 74137, 57061, 34213, 7432, 41605, 32998, 61636, 64695, 14063, 91302, 6064, 41354, 19863, 19488, 14040, 19538, 20199, 106657, 92457, 92780, 68203, 81753, 57748, 21027, 49680, 82042, 93691, 45291, 30437, 67422, 69956, 35404, 80225, 105585, 20088, 12672, 15696, 25951, 65007, 10189, 78008, 12678, 15922, 41774, 38788, 34559, 54825, 42697, 12669, 70047, 96137, 92934, 20597, 66597, 59987, 58456, 59958, 98221, 55912, 39018, 18747, 60013, 85584, 84809, 85435, 94907, 16437, 78505, 77219, 86414, 73427, 100497, 96416, 71637, 33216, 58699, 53809, 72797, 107267, 55877, 70507, 46741, 36507, 30697, 25261, 25212, 33805, 76345, 95558, 28428, 21673, 89018, 46753, 34034, 47329, 56893, 38690, 79988, 107429, 43713, 76624, 71700, 40703, 95489, 18531, 99369, 29286, 42988, 69249, 7889, 51783, 38634, 86204, 109534, 45136, 59949, 61681, 76329, 44322, 20698, 84853, 75889, 98396, 53818, 26200, 54761, 12268, 52324, 106440, 7154, 87362, 43716, 26737, 41596, 85490, 77612, 78124, 69632, 39180, 15803, 36987, 19833, 46567, 57368, 36003, 68916, 93229, 46632, 93663, 106418, 60496, 109057, 96861, 86255, 25686, 17483, 29211, 55328, 87592, 23882, 44790, 12236, 42928, 103959, 97347, 68379, 92596, 10055, 29634, 9324, 30076, 100150, 27527, 95171, 40523, 11422, 9200, 42816, 10698, 22301, 48159, 39987, 33067, 62704, 52778, 75981, 74522, 14533, 5566, 78062, 82399, 108638, 93541, 47145, 109796, 26597, 7034, 72616, 13584, 19750, 109139, 15150, 74389, 87266, 108170, 103631, 44587, 66411, 89167, 35723, 85827, 78806, 89641, 14186, 52308, 56743, 38302, 71662, 36015, 65048, 72989, 76390, 24409, 85530, 8346, 69627, 70266, 89525, 70975, 46633, 16963, 109556, 91124, 51505, 93804, 58474, 43487, 61792, 59548, 43635, 27536, 42828, 109424, 78273, 60279, 35178, 67279, 80752, 35012, 7936, 8578, 89696, 5569, 26905, 42389, 84689, 59305, 44512, 72395, 74619, 67302, 57822, 8117, 106178, 25089, 68848, 98941, 78157, 109857, 108875, 86646, 83239, 51061, 89906, 56601, 71203, 95942, 71622, 97182, 27718, 46519, 83197, 79080, 69401, 45684, 18120, 21245, 39039, 67458, 42773, 20690, 63440, 41615, 97229, 86249, 20807, 26130, 30510, 43868, 55324, 20437, 9548, 12101, 72073, 21310, 90755, 51252, 53070, 48181, 97336, 91976, 94742, 66079, 79328, 45235, 35310, 76589, 107175, 78127, 13331, 59382, 87477, 92020, 109297, 42293, 52962, 23492, 12594, 69120, 57144, 57232, 71593, 40799, 29614, 106611, 50009, 47727, 15204, 50703, 60979, 37662, 16932, 100183, 69175, 27515, 106411, 49629, 63537, 88081, 55527, 69558, 60702, 13487, 67037, 8281, 34986, 82336, 101465, 82733, 44752, 104681, 53872, 87376, 70834, 86701, 56054, 106733, 6476, 33857, 15953, 41252, 76853, 32962, 83564, 46260, 46426, 100015, 78102, 24168, 25529, 17342, 71657, 59805, 55558, 79251, 9123, 109516, 41153, 98946, 56315, 92525, 79997, 48998, 67260, 88431, 51359, 60398, 41854, 23797, 83091, 78319, 101978, 97985, 82850, 24622, 99932, 46761, 56274, 24750, 46988, 96633, 32524, 82709, 64734, 44841, 23220, 52173, 87894, 55637, 31153, 30053, 20489, 33457, 16922, 47200, 95934, 42596, 94660, 59804, 37634, 68516, 86478, 101464, 70660, 105480, 41912, 50818, 99610, 99247, 72793, 34890, 49665, 51276, 30810, 42632, 71502, 87471, 95450, 101882, 61422, 36550, 20285, 80275, 99091, 90849, 53477, 67190, 55837, 43938, 73349, 38158, 62627, 21095, 43996, 8918, 19346, 48373, 72207, 57914, 78645, 6581, 25723, 21861, 102729, 15233, 14904, 44168, 49750, 100878, 93330, 75527, 6637, 22677, 69399, 9465, 81491, 68604, 86719, 48219, 105020, 79027, 33669, 9087, 28486, 36839, 46303, 29630, 58735, 15717, 54660, 100453, 84114, 47655, 71572, 97243, 109600, 97814, 46973, 52430, 7146, 64613, 8185, 91736, 50530, 99806, 23088, 39498, 7321, 70463, 55826, 68597, 83723, 93939, 10956, 43150, 61224, 72370, 75062, 66006, 103596, 92033, 10484, 101797, 93004, 55072, 97279, 82336, 94577, 25009, 98952, 62113, 90099, 54206, 36396, 61074, 70494, 44168, 57463, 60314, 105044, 63992, 64734, 38524, 23279, 96010, 68478, 71493, 39521, 73637, 46296, 25879, 11714, 89519, 71339, 63633, 18929, 69661, 8686, 20828, 68811, 108532, 96969, 21773, 90731, 63998, 64446, 32180, 75461, 51464, 47445, 12315, 98965, 71412, 44818, 65032, 10162, 46718, 81555, 93247, 44331, 68373, 99824, 13056, 65920, 28566, 25078, 88903, 108661, 64992, 77433, 15971, 16899, 84638, 35480, 97273, 79139, 25297, 102339, 72458, 90171, 108648, 50499, 103049, 39793, 21064, 40595, 66094, 19325, 13925, 72470, 73495, 86683, 68819, 27253, 105279, 23628, 86180, 28305, 39975, 39392, 9232, 50310, 78444, 92684, 33919, 9652, 84235, 89236, 35182, 29868, 65163, 12137, 61980, 68692, 107979, 44697, 21036, 89648, 38068, 23853, 94618, 79614, 24378, 84735, 90499, 46515, 18830, 83245, 38103, 78351, 11883, 82546, 53356, 21606, 16566, 53192, 108883, 7366, 94850, 93630, 74411, 44291, 18140, 46406, 76568, 67484, 70037, 28245, 95855, 94882, 15781, 77465, 18000, 99573, 99265, 75628, 21273, 99065, 62986, 71174, 26304, 13354, 35658, 39892, 14874, 71766, 106924, 69312, 23069, 31532, 105945, 100442, 7075, 21318, 104020, 78635, 46764, 9723, 13017, 40662, 34465, 46730, 73264, 79688, 108967, 56343, 41842, 19881, 6107, 38731, 31156, 79889, 31951, 105358, 104834, 12457, 72818, 44775, 68489, 52510, 84955, 14282, 87096, 90273, 31352, 19469, 7075, 35529, 84543, 19670, 35779, 80767, 84436, 102570, 64539, 20695, 29052, 109606, 86574, 26386, 30300, 79261, 72798, 23763, 45061, 57867, 28765, 105615, 109800, 92474, 69536, 108847, 37648, 98797, 71781, 45034, 23060, 99559, 78907, 109987, 96463, 14541, 30227, 109068, 73889, 80825, 101968, 28070, 88127, 93037, 85313, 42639, 89688, 77922, 43434, 105109, 104178, 103636, 33841, 65328, 53849, 14112, 65229, 74794, 76657, 92562, 79594, 106208, 94770, 19122, 60408, 98371, 61350, 78813, 5604, 81210, 73960, 28059, 6090, 65353, 55646, 75470, 101368, 20305, 101317, 108543, 81018, 106524, 50658, 43791, 14504, 47555, 67848, 93337, 82735, 79691, 61855, 61378, 27280, 35620, 32911, 76628, 32305, 74231, 69333, 53526, 43970, 92984, 22716, 86539, 73888, 73554, 26912, 44840, 16966, 51903, 71461, 21248, 98493, 105716, 19488, 16605, 75130, 45842, 48598, 67944, 26800, 49959, 54114, 66577, 39563, 40228, 92385, 35189, 34744, 15082, 87824, 33965, 38138, 42450, 65120, 17329, 56524, 36287, 14642, 53127, 67385, 80362, 105193, 50992, 85438, 50475, 15668, 66984, 57056, 45383, 9044, 39958, 67432, 23503, 89906, 60865, 10097, 104385, 16694, 96807, 23545, 53603, 77963, 99004, 89009, 109606, 94996, 26308, 76851, 105149, 51656, 12606, 56950, 58457, 73870, 77558, 18374, 90267, 41486, 34820, 24506, 32392, 65364, 33590, 48637, 99481, 15514, 9896, 78890, 26427, 84648, 105509, 16789, 13784, 13915, 7197, 84754, 93616, 45232, 86355, 23239, 51079, 72839, 73047, 15045, 102659, 102565, 83738, 35346, 55125, 40276, 62712, 75879, 37820, 51426, 37336, 98811, 102611, 30209, 19127, 34838, 12221, 92770, 100281, 28246, 97699, 99005, 102169, 51450, 17676, 7745, 48978, 43452, 90767, 48262, 83478, 76521, 11107, 70605, 26675, 52233, 55622, 99805, 107061, 61661, 67279, 76808, 8778, 97193, 107071, 10948, 28130, 51359, 55853, 90627, 102228, 104734, 106083, 95336, 76589, 103772, 109839, 17359, 31011, 67619, 17471, 24062, 23520, 56489, 69348, 108974, 79285, 54257, 40106, 31207, 94507, 5506, 14400, 78967, 69388, 35215, 58494, 65990, 44222, 19337, 98916, 87381, 40281, 37810, 88453, 101489, 60562, 74653, 11749, 48618, 95605, 92625, 82221, 46975, 96256, 102722, 109956, 93397, 36796, 60338, 88191, 7900, 26617, 25396, 87872, 105715, 108698, 55441, 105384, 106644, 84799, 13372, 25818, 43197, 16342, 60414, 105092, 29202, 5224, 104734, 106273, 44596, 108135, 41488, 68048, 101205, 22018, 14763, 80132, 8180, 20631, 109472, 46664, 6150, 16610, 42753, 9304, 8734, 89512, 58784, 104359, 8750, 31858, 20648, 91120, 91975, 79487, 93804, 47660, 53383, 60697, 19954, 76807, 102724, 36517, 90439, 92826, 99778, 87276, 67275, 10087, 41900, 60263, 79470, 20947, 79025, 93419, 86804, 11405, 33882, 8430, 7942, 105057, 82445, 40392, 16556, 91947, 28551, 78108, 18719, 13168, 48375, 98215, 62057, 94693, 92475, 83505, 109987, 93810, 56123, 20359, 54191, 97761, 101798, 11665, 93664, 7403, 73227, 91119, 76654, 52293, 15050, 88148, 13524, 54805, 14412, 68941, 89820, 91153, 24369, 42486, 27648, 31851, 100322, 94014, 16913, 5947, 77583, 6265, 58967, 40532, 56191, 103011, 24501, 57444, 60289, 103880, 32464, 9285, 109877, 22850, 37879, 90611, 42389, 89747, 18888, 18342, 71509, 93765, 35150, 11581, 51412, 8462, 28740, 11652, 99757, 35286, 87947, 9792, 13638, 75307, 91207, 81855, 100069, 31951, 104976, 87502, 80028, 44225, 72415, 87807, 65557, 14385, 27635, 20715, 55783, 80848, 82586, 104093, 50265, 51931, 10802, 79916, 50498, 75863, 88817, 27861, 33910, 65491, 60507, 84276, 51201, 22706, 33092, 67167, 97349, 105743, 53600, 21310, 76417, 43763, 73896, 97794, 21446, 49988, 7122, 83763, 41140, 95462, 104165, 100019, 35421, 55637, 34477, 37440, 64960, 58635, 21487, 14640, 21957, 43413, 68826, 42244, 65554, 72635, 8234, 85104, 97153)
Average QPS expected = 58283
Timestamp start: 1778521366435
Timestamp end: 1778523167304

#type       avg     std     min      p5     p10     p50     p67     p75     p80     p85     p90     p95     p99    p999   p9999      QPS   target
read      240.5   106.1   109.4   160.2   173.7   230.8   253.3   266.2   274.5   288.5   309.4   346.4   425.8   946.8  7158.0   6775.0     6927
read      362.1   231.2    80.4   132.2   150.0   314.7   427.8   484.1   520.1   562.3   617.2   700.1   977.3  2335.3  7626.4  52520.0    52892
read      697.4  1360.6    80.4   169.6   191.5   319.2   376.9   413.5   445.1   493.5   626.2  3452.0  6885.9  9042.5 10819.7  98545.0    98921
read      296.7   229.9    80.4   130.2   144.4   251.0   318.9   361.2   393.4   433.1   481.5   557.7   863.8  2699.1  7860.9  60770.0    61129
read      272.8   109.5    80.4   137.1   151.5   256.9   306.4   339.4   361.3   386.3   417.9   463.4   544.2   746.6  2360.5  40865.0    40613
read      275.3   123.9    80.4   129.4   143.2   253.6   312.7   349.0   374.0   402.6   438.4   494.0   607.6   900.1  2261.6  52967.0    53226
read      281.7   143.4    86.8   138.4   153.5   262.9   316.0   348.4   370.7   397.0   429.2   474.9   587.0   985.6  5845.7  38526.0    38560
read      374.3   401.2    74.4   136.4   152.7   257.5   325.7   376.3   428.1   520.6   700.9  1034.4  2227.2  3473.4  7890.4 103150.0   103465
read      316.5   362.2    74.4   128.5   143.0   242.3   300.3   340.0   368.8   405.0   461.0   602.3  1958.1  4030.6  7932.1 104943.0   104758
read      244.8   103.4    80.4   123.8   137.2   221.9   270.8   300.9   326.5   355.1   389.1   436.8   538.7   758.8  1924.3  94572.0    94759
read      254.4   121.3    80.4   137.5   152.6   249.1   284.3   304.0   320.1   338.7   360.7   394.7   463.6   739.0  3286.5  37899.0    37799
read      223.2    61.3   109.4   156.5   168.6   218.9   235.6   247.0   254.2   264.9   276.7   297.9   359.4   546.3  2602.6   8206.0     8296
read      249.3    98.7    80.4   125.2   138.8   231.1   281.7   311.7   334.7   359.3   388.6   431.3   517.5   683.5   927.5  69102.0    69443
read      235.0   120.8    93.8   154.7   170.7   227.7   247.9   259.2   267.9   277.3   291.7   318.1   390.3  2212.2  5025.8  12718.0    12517
read      254.1    91.0    80.4   134.0   149.4   247.9   286.9   308.3   325.1   345.1   368.7   401.7   467.3   587.6  1984.6  43460.0    43591
read      244.6    76.3    93.8   151.0   168.4   241.6   266.1   278.8   288.7   299.7   318.0   348.1   402.2   878.9  3221.0  20467.0    20430
read      250.3   118.4    74.4   125.2   138.8   225.4   274.5   306.0   331.5   360.4   396.1   447.3   578.7   991.4  2841.1  93686.0    93758
read      227.0    59.1    93.8   155.5   169.1   223.0   242.0   252.8   261.5   271.1   284.6   306.7   370.7   898.4  1096.3  10510.0    10485
read      233.5    56.9    93.8   151.5   166.8   230.9   251.6   263.7   271.9   282.8   295.7   322.7   385.8   534.0  1010.9  16405.0    16518
read      245.5   102.4    80.4   123.1   136.3   223.6   273.7   303.4   328.3   357.0   390.4   435.7   532.4   734.4  1353.4  82803.0    83230
read      219.2    80.0   109.4   153.5   164.5   211.1   228.8   238.4   247.4   257.0   270.4   293.6   390.9  1264.2  2009.6   5407.0     5484
read      255.2   106.4    80.4   130.6   144.8   242.0   288.9   316.0   336.3   358.1   383.7   422.8   502.7   664.1  3896.4  54862.0    55611
read      243.1    65.6    93.8   150.0   166.4   239.8   264.5   276.7   287.8   300.1   319.1   348.3   413.4   574.5  1956.5  20641.0    20774
read      252.9   112.8    80.4   128.1   141.2   228.5   277.8   310.1   335.1   363.7   399.1   452.5   576.5   931.4  2449.4  96749.0    96726
read      247.5    97.8    86.8   139.7   154.5   244.5   275.2   291.4   303.9   320.0   340.8   371.0   436.8   664.6  2746.8  32369.0    32442
read      250.2   101.5    80.4   125.9   138.9   229.7   280.6   312.4   336.7   362.5   393.7   438.2   536.7   709.2  1008.3  72806.0    73039
read      253.3   120.1    80.4   126.7   140.1   231.1   283.4   315.8   339.6   365.4   397.1   443.8   541.0   862.5  3368.7  73602.0    74055
read      256.8    91.6    80.4   133.0   147.8   246.6   291.3   318.1   337.0   358.2   384.2   421.7   494.2   638.7   869.9  51123.0    51197
read      255.0    99.0    80.4   129.5   143.4   240.3   289.3   319.0   339.7   362.0   389.1   427.1   506.3   679.6  1620.4  59197.0    59442
read      255.9    99.4    86.8   141.1   156.3   250.6   284.6   303.2   318.4   336.4   357.8   390.1   459.9  1418.4  2546.1  35549.0    35654
read      246.2   111.6    80.4   123.2   136.5   224.5   275.7   306.4   330.1   357.3   389.8   433.5   514.4   682.5  3775.5  79095.0    78747
read      253.7    86.4    80.4   135.9   150.8   247.8   287.3   309.8   326.8   344.7   367.2   398.9   464.4   568.7  1050.9  42160.0    42212
read      255.0    94.2    80.4   131.3   145.5   244.0   289.5   316.1   336.2   357.7   382.4   419.7   492.5   618.9  1014.3  52440.0    52488
read      255.6    91.7    86.8   138.8   153.9   251.5   287.1   307.3   322.8   340.6   362.4   394.3   463.4   620.4  1530.7  37196.0    36950
read      238.3    65.6    93.8   152.9   168.9   235.7   257.6   269.4   277.5   289.1   304.1   333.2   393.2   893.6  1935.6  16711.0    16762
read      250.3   104.1    80.4   125.3   138.5   228.5   279.7   312.1   336.7   364.4   397.3   443.4   542.0   764.5  1190.9  79237.0    79473
read      253.2   103.3    80.4   127.6   141.4   236.6   286.2   315.6   337.3   361.3   389.6   429.9   512.7   731.6  1884.2  61381.0    61431
read      248.7   104.6    74.4   125.0   138.4   225.4   275.7   307.4   332.8   361.9   396.3   445.1   543.3   771.1  1509.3  86947.0    87172
read      254.6   124.5    80.4   130.0   143.6   230.5   279.4   311.1   336.4   365.0   399.7   450.9   555.0  1035.9  4610.7 107544.0   108181
read      245.9   101.3    80.4   123.3   136.7   225.0   275.3   306.6   330.9   357.2   388.5   431.8   521.1   831.9  1259.4  80460.0    80515
read      253.2    80.3    80.4   139.5   155.0   249.6   284.3   303.2   318.8   336.7   358.0   388.7   452.8   552.4  1312.6  37169.0    37149
read      233.4    91.9   101.3   154.7   169.9   228.9   249.3   260.9   269.2   279.0   292.9   319.4   374.5   937.4  4995.4  13519.0    13444
read      252.3   133.5    74.4   125.3   138.9   230.7   281.8   311.7   335.2   361.4   392.6   435.4   531.6  1433.6  4023.9  71583.0    72057
read      251.3   100.6    80.4   126.2   139.9   232.3   283.1   313.7   337.4   363.0   392.9   436.0   526.5   671.2  1187.8  70290.0    70041
read      250.9   108.6    80.4   127.4   140.3   227.6   277.8   310.7   335.7   363.4   397.9   446.6   542.3   799.0  2806.1  90527.0    90162
read      255.1    91.1    80.4   131.3   146.0   244.8   290.4   318.1   337.6   358.4   382.5   418.5   489.6   600.0   796.9  51996.0    52082
read      249.3    78.8    93.8   149.6   165.8   245.9   272.8   287.8   297.7   313.5   333.0   362.0   424.8   565.7  2186.1  24178.0    24258
read      251.7   102.9    80.4   125.6   138.8   230.4   283.2   317.6   342.3   367.0   397.1   440.7   532.1   736.9  1153.4  71962.0    72013
read      255.0    97.0    80.4   129.4   143.1   241.0   289.7   319.0   340.4   363.0   390.1   428.3   503.5   656.7  1134.6  58352.0    58012
read      252.7    86.8    80.4   132.8   147.7   245.7   286.5   310.1   328.4   347.1   369.5   401.5   475.2   604.3   999.6  45127.0    45398
read      253.5    98.3    86.8   131.1   145.7   243.0   287.2   313.2   332.0   351.9   375.7   411.0   484.9   638.6  3283.7  50030.0    50177
read      257.0   137.2    86.8   139.7   155.3   250.6   284.4   302.8   318.3   336.6   358.3   389.7   456.8  1707.8  7622.2  34297.0    34504
read      247.8   100.6    74.4   125.4   139.1   231.5   280.5   308.0   329.8   353.7   380.9   423.4   504.6   642.6  1234.7  65669.0    66010
read      253.0   137.7    80.4   126.2   139.9   232.0   282.3   313.5   336.8   362.1   392.7   435.0   533.1   824.7  5682.7  73533.0    73937
read      255.1   103.2    80.4   130.5   144.8   243.3   289.1   316.0   336.4   358.4   383.9   422.0   498.9   654.6  3121.4  54627.0    55020
read      255.9    92.7    80.4   131.5   146.2   244.5   290.9   319.0   338.3   359.5   385.4   423.4   500.1   629.3   823.2  53339.0    53235
read      247.7   140.4    80.4   125.2   138.3   222.0   270.8   300.0   324.8   353.7   389.7   441.4   548.7  1230.3  4916.0  98036.0    97743
read      220.1    74.7   101.3   152.6   163.8   211.8   230.2   240.6   248.9   258.7   272.2   298.3   413.8  1008.9  2109.6   5533.0     5419
read      237.7    64.8    86.8   153.8   170.0   234.2   256.0   268.3   276.3   288.1   302.7   331.2   392.6   919.7  1966.0  14695.0    14764
read      221.2    78.7    86.8   153.9   166.7   215.6   233.3   243.9   251.2   260.7   272.3   292.9   354.5  1014.1  3847.2   7442.0     7451
read      255.4   103.1    80.4   132.4   147.0   245.8   288.9   315.2   334.0   354.2   377.7   411.5   479.9   622.7  3862.8  47693.0    48208
read      237.4    74.5    93.8   152.0   167.9   233.7   255.7   267.7   275.3   287.8   303.4   332.2   396.5   854.6  3281.7  16172.0    16149
read      246.3   100.3    80.4   123.8   137.3   225.5   275.5   306.4   331.2   358.8   390.9   434.2   521.5   679.7  1205.3  78232.0    78989
read      242.0    98.0    86.8   151.5   167.0   237.6   261.5   273.5   283.6   294.6   313.2   342.9   425.8   899.7  6029.8  19012.0    18886
read      250.4   105.4    80.4   126.0   139.2   228.3   280.8   313.1   337.7   364.2   395.6   436.9   532.4   758.5  2049.5  76113.0    75954
read      257.3    94.4    80.4   135.6   150.4   249.9   290.6   315.6   333.7   353.0   375.6   409.0   481.6   649.8  1818.8  44408.0    44409
read      239.2    83.1    93.8   153.6   169.2   235.2   257.7   269.5   277.7   289.2   304.2   331.9   397.2  1012.5  2317.7  16592.0    16431
read      252.0   127.8    80.4   125.2   139.0   226.5   277.6   310.5   336.7   365.5   399.2   448.8   565.0  1170.4  2241.3  85274.0    85707
read      251.3    93.3    80.4   128.3   142.2   237.4   285.9   314.1   335.1   357.3   383.3   421.0   493.3   593.8  1107.4  58406.0    58253
read      255.0   121.6    80.4   128.6   142.1   229.5   278.4   310.8   335.9   364.5   400.8   455.7   585.3  1270.8  2659.9 104148.0   103867
read      240.4    67.0    93.8   148.0   164.0   238.0   262.3   274.3   284.9   296.0   314.8   342.9   403.1   589.4  1739.9  21462.0    21604
read      240.1   102.8    74.4   121.7   134.5   217.3   267.8   296.1   320.3   348.1   380.8   427.9   512.2   805.2  2040.0  89615.0    90401
read      246.2   101.9    80.4   123.5   137.0   224.5   274.6   306.1   331.1   358.8   391.8   436.2   525.2   708.9  1247.1  84490.0    84467
read      254.4   148.7    80.4   127.6   140.9   228.4   278.1   309.8   334.7   362.8   397.2   449.3   573.2  1400.2  5722.7 100368.0    99700
read      251.6    90.4    86.8   141.5   157.3   248.2   279.7   296.5   311.1   327.7   347.8   377.2   446.6   572.2  4466.3  32159.0    32052
read      237.5    72.6    93.8   149.2   164.9   234.6   258.4   270.5   279.5   290.9   306.7   334.6   391.3   900.8  3276.8  18274.0    18173
read      256.1   122.9    80.4   128.0   141.5   234.6   285.8   318.0   341.2   365.7   395.7   439.1   538.9  1537.8  2939.7  67179.0    67789
read      255.9    93.7    86.8   131.9   146.2   244.8   289.6   317.8   337.3   357.9   382.0   421.2   500.8   691.4  1267.0  52197.0    51929
read      246.2   103.2    80.4   123.5   136.8   224.6   275.0   306.3   331.5   358.8   390.6   434.8   519.5   706.6  1967.0  83877.0    83850
read      241.8    74.9    93.8   152.4   168.6   238.0   261.4   273.6   283.8   294.9   314.0   342.1   401.1   675.7  3795.0  18345.0    18614
read      253.6    72.1    86.8   146.3   162.5   251.6   281.2   296.4   310.1   325.8   345.7   378.0   436.8   608.8   995.8  29194.0    29315
read      258.4   152.8    80.4   130.7   144.7   231.7   281.0   312.7   337.4   366.5   401.8   456.5   585.5  1284.1  7132.3 107888.0   108090
read      249.8    71.9    86.8   145.6   162.5   247.5   274.5   290.0   301.4   317.0   337.6   368.3   432.9   606.2  1156.3  27296.0    27024
read      258.9   111.6    80.4   134.1   149.0   248.7   291.9   318.7   337.7   358.7   384.0   422.0   498.9   628.2  2488.9  50231.0    49907
read      228.7    73.4    80.4   157.7   171.5   223.1   242.0   252.4   260.7   270.3   283.7   308.0   386.8   978.7  3794.3   9194.0     9150
read      254.5    80.9    93.8   142.9   158.5   251.1   283.6   300.6   315.8   333.2   354.1   385.8   456.3   619.1  1917.4  33736.0    34328
read      259.6   122.6    86.8   133.1   147.4   246.5   292.6   320.4   340.3   361.8   387.5   425.1   503.1   770.1  4159.7  51885.0    51881
read      239.8   108.3    93.8   157.8   174.2   233.9   254.4   266.2   273.6   285.8   301.1   332.2   398.5   995.0  5446.3  14539.0    14569
read      252.7   123.7    80.4   126.2   139.5   228.9   280.0   312.6   338.2   366.4   399.6   446.4   541.5  1107.9  2987.3  81238.0    81517
read      247.1   101.3    74.4   124.5   138.0   226.9   277.1   306.9   330.6   357.1   388.7   433.6   517.9   702.7  1940.0  78517.0    78694
read      248.3   154.0    80.4   125.2   138.8   224.6   273.4   304.6   329.5   358.6   393.2   440.6   542.5   811.9  2140.1  93662.0    93409
read      258.3    85.4    86.8   141.1   156.5   254.4   289.6   310.7   326.8   345.1   367.2   397.9   461.2   559.5  1902.6  38899.0    39093
read      243.0    72.9   101.3   155.7   172.8   239.3   262.5   274.1   284.0   294.6   312.0   340.1   400.8   794.6  3506.1  18897.0    18729
read      254.9   104.7    80.4   128.2   141.8   234.0   285.7   318.8   343.4   368.8   400.3   442.5   534.9   725.1  1744.2  70636.0    70818
read      249.3    72.7    93.8   152.7   170.0   245.1   270.8   285.2   295.1   310.6   330.8   362.1   421.9   731.3  2828.2  22273.0    21942
read      255.7   145.2    74.4   125.6   139.1   226.4   276.8   309.6   336.0   366.4   403.0   458.6   615.5  2312.1  3016.9  91940.0    91810
read      254.8    96.4    86.8   137.4   152.2   249.6   286.3   307.5   323.4   341.4   363.5   395.7   463.5   628.1  4079.3  39527.0    39588
read      254.4    85.6    80.4   136.7   151.3   248.2   286.0   308.2   325.3   344.0   367.1   401.3   468.4   579.0  1169.7  40649.0    40957
read      252.7    97.8    80.4   128.3   141.7   237.0   286.7   316.9   338.1   361.2   389.1   428.4   504.5   602.4   987.4  62531.0    62645
read      234.6    59.5    86.8   153.1   168.7   232.0   253.2   265.0   272.5   283.1   295.5   320.7   372.8   907.7  1919.1  15598.0    15539
read      240.9   109.4    74.4   123.2   136.5   217.4   264.7   292.7   317.0   345.1   381.3   430.7   532.6   847.9  2702.0 106733.0   107672
read      252.1    84.8    86.8   141.0   156.6   248.2   280.9   297.9   314.1   331.6   351.4   383.1   450.1   542.3   989.7  33193.0    32954
read      253.6    98.6    74.4   128.9   142.2   237.6   288.1   319.7   340.6   363.7   390.2   427.5   506.7   637.1  1191.5  58719.0    58866
read      247.5    79.5    80.4   148.5   164.7   244.1   270.3   284.9   295.3   311.3   331.3   359.6   422.9   891.4  3122.7  23721.0    23739
read      256.4   118.6    80.4   130.6   144.6   242.8   290.1   319.7   339.6   360.7   385.6   422.0   500.4   684.8  3998.1  54877.0    54701
read      255.1    99.0    80.4   129.1   143.0   239.5   289.3   319.4   340.6   363.7   392.3   432.0   516.7   689.3  1002.6  60823.0    60706
read      251.6   124.4    74.4   126.1   139.6   231.0   282.4   314.3   338.0   363.0   392.7   433.3   522.9   791.7  4519.8  72148.0    72350
read      257.7   114.7    80.4   129.8   143.7   242.5   292.1   323.4   343.3   365.3   392.0   430.4   515.1   690.8  2554.7  58148.0    58661
read      257.1    81.0    86.8   140.8   156.4   252.8   287.1   307.7   324.0   341.7   363.9   396.7   476.9   602.6  1058.7  35122.0    34912
read      252.4   115.0    74.4   128.3   141.5   227.9   276.6   309.3   334.6   363.1   398.4   450.5   567.8   985.6  2192.0 103355.0   103268
read      254.6   110.2    80.4   137.9   152.7   250.1   285.0   304.7   320.0   338.4   361.6   394.4   458.5   603.3  5021.2  38518.0    38703
read      249.6   124.2    80.4   125.3   138.4   226.1   277.1   310.0   335.3   363.2   396.1   439.3   535.4   764.7  3379.6  83003.0    83358
read      254.2   100.7    80.4   129.5   143.4   240.3   287.8   317.1   337.7   360.3   387.8   426.7   499.9   628.6  2239.5  57742.0    57408
read      252.1   124.4    74.4   126.6   139.8   227.5   278.7   310.9   336.2   364.5   398.6   447.1   543.5  1107.0  3787.3  86553.0    86837
read      252.1    78.1    93.8   141.4   157.1   249.6   281.5   298.3   313.1   329.8   349.8   379.7   438.0   607.3  1685.2  33585.0    33517
read      256.2   139.5    80.4   127.3   140.7   235.2   285.5   317.1   339.8   363.8   392.5   433.9   532.8  2393.2  3756.4  66332.0    66204
read      252.8   132.6    80.4   126.0   139.5   230.6   282.4   315.1   339.2   365.4   396.0   438.9   538.2   840.6  6029.2  73178.0    73758
read      253.7   141.3    80.4   125.2   138.6   225.0   274.5   305.7   330.9   360.1   396.8   453.3   628.8  1741.6  3041.8  99533.0    99742
read      258.1   125.6    80.4   129.4   143.4   231.3   281.0   314.1   339.2   368.0   404.8   461.8   610.3  1382.2  2565.7 110060.0   109462
read      251.1   110.9    80.4   126.4   139.9   226.8   276.6   309.0   334.9   364.0   399.4   451.6   549.7   822.4  2501.2  94200.0    94453
read      257.2   115.4    86.8   136.3   150.7   248.9   289.0   313.3   331.0   349.3   371.7   404.7   479.6   748.5  3930.0  44081.0    44096
read      250.4   122.3    80.4   126.4   139.7   225.5   273.8   306.1   330.8   358.1   393.1   447.6   566.7  1228.7  2751.5 100495.0   100467
read      221.3    59.6   101.3   154.8   167.0   215.6   232.9   243.8   251.7   261.9   273.9   296.0   378.3   933.4  1909.6   8430.0     8576
read      253.5   104.0    80.4   129.3   142.9   238.7   287.6   315.8   336.5   359.2   386.1   424.8   501.8   761.0  2997.8  59575.0    59359
read      222.4    64.4   101.3   155.2   168.3   216.4   233.7   244.6   252.1   262.4   274.3   298.2   362.8   999.6  1923.2   7532.0     7614
read      252.6    99.3    80.4   127.7   141.0   236.9   286.4   315.5   336.5   359.9   388.8   429.8   513.0   656.8   862.0  59661.0    60329
read      255.9    99.0    80.4   134.4   149.6   248.4   288.5   311.6   328.7   346.7   370.5   406.6   486.3   693.5  1931.3  43992.0    43762
read      253.5   105.6    80.4   126.7   140.2   233.9   285.4   317.0   340.3   365.7   395.4   437.8   541.4   792.5  1925.7  66834.0    67038
read      245.8    70.2    86.8   144.4   161.4   243.4   270.4   285.0   295.1   310.6   330.5   361.4   427.9   665.9  1905.3  26144.0    26095
read      249.2   100.5    80.4   125.1   138.6   229.4   280.7   311.7   335.5   361.2   391.8   434.1   520.5   677.3  1439.5  71159.0    71173
read      249.6   106.3    74.4   127.8   141.0   226.4   274.6   306.3   330.9   358.8   393.1   443.1   548.1   889.8  1903.3 109661.0   109276
read      231.0    60.2    93.8   153.2   168.3   227.3   247.2   258.1   266.6   275.1   290.3   317.2   389.1   923.9  1704.3  13242.0    13150
read      255.9   125.4    80.4   127.9   141.5   237.6   287.6   317.9   339.7   362.5   389.3   428.2   511.1  1330.3  3596.9  60988.0    61250
read      250.2   115.5    80.4   124.7   138.0   226.7   277.4   309.8   335.3   363.0   395.8   443.1   544.0  1053.5  3298.8  84545.0    84472
read      248.7   111.8    80.4   124.7   138.1   226.2   276.5   309.0   333.6   360.2   392.6   436.9   538.1   851.1  2941.1  82329.0    82226
read      248.8    70.7    86.8   144.1   160.1   247.0   274.5   290.6   302.5   317.7   337.8   367.2   432.6   547.5  1035.3  27988.0    27671
read      251.6   121.6    80.4   126.9   140.1   226.2   275.9   308.7   334.4   362.7   396.4   448.0   565.7  1109.8  3781.6  98468.0    98736
read      257.4   151.6    80.4   128.6   142.1   229.5   278.4   310.4   334.8   363.0   398.8   453.2   592.2  2135.0  3645.0 107151.0   106314
read      250.3   115.4    80.4   127.9   140.9   225.8   274.2   305.8   331.6   360.3   395.5   446.8   555.7   866.9  3188.9 104474.0   105027
read      245.4   105.3    80.4   123.5   137.2   221.6   270.8   301.7   326.9   355.3   389.2   439.3   546.7   898.8  1436.9  97172.0    96867
read      247.7   106.2    74.4   125.1   138.5   225.0   275.1   307.5   332.7   360.4   392.6   436.8   532.8   838.0  1361.4  89310.0    89493
read      256.7   102.4    80.4   132.3   146.3   246.2   290.9   317.2   336.4   357.2   381.5   418.3   495.0   697.0  2865.0  50353.0    50538
read      246.4    64.2    93.8   150.4   166.5   244.3   269.2   282.9   292.9   307.1   326.1   354.6   420.0   536.5  1049.7  22451.0    22083
read      257.9   109.7    80.4   133.5   148.3   247.5   291.3   318.2   336.9   357.2   381.4   418.6   491.0   668.0  3781.7  48450.0    48618
read      241.4   103.1    74.4   122.9   135.7   218.3   267.5   296.3   321.3   347.9   381.5   430.2   531.3   745.2  1726.4  94591.0    94298
read      253.3    98.2    80.4   128.4   141.9   236.0   286.7   317.6   339.4   363.1   391.3   431.4   511.5   711.6  1113.9  63892.0    63579
read      255.2   107.2    80.4   128.0   141.4   236.6   287.9   319.8   342.0   366.2   396.1   436.6   527.7   720.6  2119.2  64726.0    64573
read      249.0   108.8    80.4   124.1   137.3   226.3   277.1   308.4   332.7   359.4   392.7   437.8   547.2  1046.0  1607.1  77345.0    77178
read      252.9    80.2    86.8   142.7   159.1   249.3   279.8   296.2   311.0   328.2   349.4   381.2   455.3   595.1  1868.6  29955.0    29824
read      255.6   105.2    86.8   128.4   142.2   236.7   288.8   321.0   343.9   367.4   396.0   436.2   527.5   679.2  2101.6  64093.0    64495
read      244.9    74.0    86.8   151.6   167.8   241.7   266.3   279.4   289.7   302.0   320.2   349.7   412.1   542.2  2973.7  20859.0    20917
read      250.9   114.2    74.4   127.0   139.9   226.9   278.3   311.1   336.3   363.9   397.6   445.0   547.4   807.0  2422.9  85111.0    85651
read      253.5   107.0    80.4   128.5   141.6   236.4   286.4   317.4   339.6   363.1   390.8   429.7   516.0   682.2  3464.4  62036.0    61935
read      258.2   102.5    80.4   133.0   147.0   246.2   291.0   319.8   339.7   361.0   385.9   422.5   501.8  1091.9  2158.0  50526.0    50216
read      252.0   116.2    80.4   126.1   139.2   229.9   281.9   315.7   339.7   364.9   395.3   437.1   539.7   873.7  3838.0  71977.0    72251
read      249.3   101.0    80.4   124.6   138.2   229.7   281.3   313.6   336.8   361.6   391.1   434.2   516.6   693.8  1311.5  71825.0    71798
read      244.1   105.8    86.8   151.0   166.9   239.4   263.4   275.3   286.1   297.0   317.2   345.6   409.3  1042.3  3975.4  19568.0    19701
read      248.5    71.6    93.8   146.5   163.3   246.3   272.8   288.6   299.8   315.1   334.1   361.9   424.5   584.2  1724.2  25113.0    24952
read      245.5   101.4    80.4   123.6   137.2   224.6   274.8   305.3   329.0   356.0   388.7   433.7   519.7   659.4   964.8  81504.0    81838
read      249.1    81.3    86.8   146.1   162.2   245.4   273.9   289.7   300.9   316.6   336.4   365.0   432.4   637.7  2704.7  26465.0    26648
read      245.8    73.0    93.8   147.0   163.2   243.7   269.9   284.1   294.1   309.0   328.4   357.2   417.3   534.9  2119.7  24912.0    24837
read      251.8    96.7    86.8   145.1   160.6   247.9   276.6   292.5   305.5   321.6   341.9   371.0   434.0   982.0  3118.9  29466.0    29420
read      251.2   111.7    80.4   129.1   142.3   227.7   275.5   307.3   332.2   359.7   393.4   444.1   548.5   934.8  2930.4 103725.0   103882
read      250.5   100.2    80.4   126.3   139.6   231.2   282.2   313.2   336.4   362.0   392.4   434.2   524.7   700.0  1018.8  70059.0    70314
read      255.1    99.9    80.4   129.1   142.6   238.8   288.8   320.0   342.3   365.4   393.0   433.7   518.7   673.6  1346.1  61717.0    61679
read      258.3   104.9    80.4   133.1   147.8   247.0   292.8   320.5   339.2   359.5   383.6   420.5   501.2   660.5  3702.4  49686.0    49557
read      243.4    75.9   101.3   152.2   168.2   239.5   263.9   276.4   287.1   298.1   316.8   344.1   404.6   856.5  3249.8  19317.0    19325
read      228.3   132.3   101.3   157.3   171.0   222.0   240.5   250.9   258.7   268.8   282.5   307.3   372.2   957.4 11155.2   9075.0     9128
read      246.7   108.7    80.4   125.4   138.7   223.7   272.1   302.6   328.8   357.9   391.3   437.5   537.0   808.7  2166.6  94065.0    94933
read      245.2    71.3    86.8   146.9   163.5   243.3   268.8   282.7   292.7   306.5   325.3   352.7   413.1   671.1  1717.6  24436.0    24327
read      251.4   112.3    74.4   125.5   139.1   230.0   281.3   314.4   338.8   364.5   394.8   436.8   536.6   776.4  2413.4  72066.0    71896
read      253.8   124.6    80.4   126.7   140.0   227.7   277.0   310.3   336.4   365.5   400.9   454.3   603.0  1057.6  3910.5  94092.0    93771
read      245.4    73.7    93.8   151.9   168.3   241.6   266.1   279.2   290.3   304.1   322.9   349.7   416.5   589.1  2034.9  20496.0    20452
read      257.4    88.2    86.8   135.7   150.7   251.8   291.6   315.3   332.3   350.4   372.1   405.3   480.3   628.3   835.0  41925.0    42338
read      249.7   106.7    80.4   125.1   138.7   229.4   280.9   312.0   336.0   361.2   391.1   433.2   526.8   753.9  1589.9  72256.0    72627
read      252.3   117.8    80.4   126.0   139.5   228.4   280.5   314.0   338.5   364.7   396.5   443.5   565.1   970.8  3359.2  81202.0    80603
read      258.2   111.7    86.8   134.3   148.6   247.8   290.5   316.8   336.2   356.9   381.1   420.2   501.1   719.6  4092.7  49351.0    49049
read      250.8   124.2    80.4   124.9   138.4   224.6   274.5   306.7   332.2   361.4   396.4   448.5   589.9  1175.2  2546.1  92409.0    92305
read      253.8    95.5    74.4   129.3   143.0   239.3   288.3   317.9   339.1   361.6   387.7   425.0   502.2   671.5   953.8  57258.0    56889
read      251.1   103.4    80.4   125.6   139.5   229.3   280.6   313.8   339.0   365.5   397.6   443.3   536.9   736.7  1206.7  78499.0    78036
read      251.6   114.2    80.4   126.6   139.7   230.8   282.4   314.8   337.7   363.2   393.8   435.4   518.6   789.3  3755.1  71604.0    71583
read      252.2   117.1    74.4   126.3   139.4   230.3   281.7   313.4   338.1   364.3   395.9   441.6   538.4   839.2  2836.2  72365.0    72609
read      246.9   127.0    80.4   125.7   139.0   222.2   269.7   299.0   323.6   352.8   389.7   441.2   546.6  1046.5  4132.6 106897.0   107382
read      247.8   107.5    80.4   124.7   138.2   223.8   274.1   305.4   330.9   359.3   393.7   444.4   545.0   862.5  1893.9  86313.0    86530
read      237.3    60.4    93.8   153.5   169.2   233.5   254.9   267.4   275.3   288.2   304.4   333.5   398.9   687.5  1219.8  16700.0    16550
read      248.9   106.2    80.4   124.9   138.2   226.3   276.6   307.9   333.3   361.6   395.0   443.0   543.0   807.6  1403.7  83680.0    84534
read      250.0   127.2    80.4   125.9   139.2   229.3   279.6   311.4   335.3   361.0   391.2   432.3   516.4   726.4  4600.1  72710.0    72631
read      255.3    91.1    80.4   132.5   147.2   245.3   289.6   315.8   334.2   354.7   380.1   415.8   490.6   616.0  1123.5  49524.0    49291
read      251.3    96.2    86.8   127.5   140.7   234.5   285.0   315.4   337.9   361.6   389.3   428.1   504.1   636.2  1047.8  62257.0    62175
read      245.8    99.4    80.4   123.1   136.5   224.5   275.6   307.3   331.8   358.2   389.6   433.7   524.2   669.5   808.8  80188.0    80213
read      236.4    61.9    93.8   152.3   168.0   233.1   255.0   267.5   275.3   288.0   303.9   332.6   394.0   497.9  1661.4  16560.0    16566
read      253.3   116.0    74.4   129.7   143.7   241.6   287.2   313.8   335.0   357.5   382.0   417.0   485.7   626.0  2693.8  53762.0    53985
read      242.8   106.3    80.4   124.1   137.4   219.9   267.3   295.8   319.9   349.0   384.7   434.5   536.6   763.7  1594.6 101864.0   101949
read      252.5   138.8    80.4   147.3   163.6   244.0   270.9   286.7   297.8   315.1   335.8   367.2   446.7  2261.0  7140.6  24174.0    24076
read      252.1    93.4    80.4   130.0   143.8   240.8   286.3   313.1   332.8   353.6   377.8   414.4   492.9   646.7  1538.9  53031.0    52574
read      253.0   117.2    80.4   128.1   141.7   227.7   276.9   309.8   334.5   362.5   397.5   451.4   572.6  1093.8  2585.7 106127.0   106271
read      255.0   116.7    80.4   130.0   143.7   230.3   280.4   312.9   337.6   365.8   400.3   452.5   567.9   977.1  1470.9 105974.0   105451
read      253.6   139.1    80.4   125.6   139.2   227.9   278.5   311.1   336.6   365.3   398.6   447.8   574.8  1338.9  3585.9  86375.0    86087
read      249.1    73.5    86.8   144.0   159.8   245.8   275.5   292.0   304.3   318.8   340.0   370.8   434.4   540.6  1843.7  29069.0    29108
read      241.1   103.5    74.4   122.2   135.1   217.5   266.5   295.7   320.4   348.1   381.4   428.9   537.0   968.0  1477.7 101526.0   101115
read      245.2   101.0    80.4   123.7   136.7   225.8   275.6   305.0   328.7   354.5   384.1   426.7   512.8   720.2  1433.3  74556.0    74326
read      248.8   120.7    80.4   124.2   137.7   227.5   277.9   310.4   334.9   360.4   390.4   433.8   531.7   727.8  1972.6  75552.0    75832
read      243.1   104.2    74.4   122.5   135.7   219.7   268.9   298.2   323.3   351.4   386.4   435.0   539.3   818.3  1380.6  94935.0    94901
read      235.7    62.4    93.8   153.5   168.9   231.9   253.5   265.7   273.6   285.2   298.7   327.7   400.0   783.6  1858.7  15843.0    15809
read      252.0    85.5    86.8   144.5   160.6   249.4   279.1   294.8   308.7   324.9   344.0   371.3   428.0   611.1  2053.9  28953.0    28874
read      256.4    93.1    86.8   132.0   146.4   246.0   291.3   319.5   338.6   359.3   383.8   420.0   500.4   637.5   929.9  51660.0    51882
read      254.5    84.2    86.8   142.0   157.9   249.9   283.2   301.7   316.8   333.8   354.1   387.7   461.1   618.8  1597.7  32850.0    32653
read      257.5   101.0    86.8   137.1   152.0   250.1   289.3   312.3   329.2   347.4   372.0   407.3   480.8   689.7  1877.8  41739.0    41676
read      251.9   102.2    80.4   128.0   141.5   235.0   285.5   316.7   338.2   361.3   389.0   427.8   502.6   630.2  2589.2  63161.0    63019
read      257.3   146.2    80.4   128.6   142.0   229.7   279.4   312.5   337.7   365.9   401.6   455.1   582.4  2400.0  3029.8  99166.0    99164
read      258.0   117.3    80.4   134.9   149.9   247.4   289.9   316.3   334.9   354.7   377.4   413.9   495.8   724.8  5631.5  47521.0    47055
read      255.7   100.8    80.4   128.5   141.7   239.1   289.7   321.6   343.5   366.6   395.2   435.3   526.8   711.7  1532.7  62155.0    62394
read      245.1   106.7    80.4   124.5   137.7   221.5   269.8   300.3   326.5   354.7   388.7   436.9   545.7   780.3  2570.7  98569.0    98519
read      252.7    75.1    86.8   142.2   158.3   250.0   281.1   297.1   312.7   330.1   350.1   380.8   440.6   591.0   988.9  31948.0    32122
read      255.3    94.8    80.4   132.2   146.8   245.7   290.5   317.3   335.9   355.4   377.0   412.7   485.7   625.3  2046.4  49412.0    49464
read      249.5    86.7    93.8   148.5   164.9   245.7   272.3   287.4   297.5   314.0   334.6   366.2   433.7   632.9  2135.2  23963.0    24034
read      251.8   104.3    80.4   126.4   139.6   229.9   282.1   315.6   340.2   366.9   397.5   441.1   534.7   826.8  1288.6  77557.0    77363
read      249.1   119.5    80.4   124.4   138.0   223.4   273.8   306.3   332.5   361.1   394.7   442.0   555.6  1071.5  3054.1  92308.0    91698
read      253.2    95.3    86.8   137.4   151.7   248.7   284.4   305.5   322.8   340.3   361.2   392.3   460.8   568.6  1707.0  39104.0    38997
read      247.6   103.6    74.4   123.8   137.1   224.7   274.5   308.0   333.6   361.3   395.9   443.1   540.2   784.7  1056.1  86297.0    86028
read      249.6   105.2    80.4   125.4   138.7   227.2   279.1   312.2   336.8   363.9   396.6   441.5   536.5   688.0   924.0  82778.0    83012
read      238.3    63.0    93.8   156.0   172.1   233.8   254.8   267.0   274.7   287.5   303.8   334.0   399.3   938.9  1678.2  15258.0    15024
read      253.7   101.1    80.4   129.3   143.1   240.5   288.4   315.5   336.2   358.2   383.2   421.5   501.8   629.9  3281.7  56172.0    56640
read      250.0   128.3    80.4   125.3   138.7   224.4   273.6   304.9   330.2   358.1   392.4   443.9   563.6  1583.5  3446.1  96909.0    97362
read      252.8   142.1    80.4   127.5   140.7   225.8   274.5   307.0   332.0   360.4   395.7   448.7   581.6  1479.5  5257.8 107448.0   107412
read      253.6   116.7    80.4   127.8   141.0   235.1   286.0   318.7   340.9   364.8   392.9   433.9   520.2   690.1  3324.4  65028.0    65030
read      250.2   108.8    74.4   125.0   138.8   227.3   279.2   312.8   337.4   364.0   395.7   440.5   532.6   798.9  2120.6  79166.0    79278
read      259.9   144.3    86.8   134.1   148.8   248.0   291.4   318.1   337.5   358.2   382.2   419.7   502.2  1117.3  6336.6  47808.0    47544
read      256.7   116.4    80.4   131.2   144.9   231.2   281.2   314.0   338.9   367.9   403.1   456.4   572.7  1181.0  2267.8 105852.0   105368
read      254.7    98.8    80.4   129.1   142.6   238.6   288.7   320.3   340.8   364.0   391.3   430.2   520.2   685.6  1412.2  58292.0    58181
read      252.9    93.5    80.4   130.1   143.9   240.0   287.6   316.1   336.3   358.1   383.7   420.0   489.4   586.7  1230.2  56841.0    56960
read      234.4    69.0    93.8   153.6   168.5   230.8   251.6   263.3   271.2   282.0   296.0   323.5   392.7   943.2  1960.9  15029.0    14849
read      251.2   101.4    80.4   127.4   140.9   234.7   284.5   314.0   336.0   359.9   387.6   426.4   500.1   632.8  2447.9  63431.0    63672
read      259.0   112.3    80.4   133.3   147.7   247.0   291.4   318.8   337.4   357.5   381.2   418.3   500.9  1436.4  2625.9  48283.0    48289
read      231.4    63.9    93.8   155.8   170.9   226.0   245.9   257.2   266.2   275.2   290.5   317.7   392.0   944.7  1085.5  11831.0    11797
read      227.9    62.7    93.8   154.8   168.8   223.9   242.9   253.1   261.6   270.8   284.5   310.4   371.8   925.4  2024.7  10802.0    10781
read      256.8    94.5    80.4   132.9   147.3   246.8   290.5   318.4   337.0   357.7   382.8   419.5   499.6   621.3   948.6  49315.0    49362
read      251.6   154.2    80.4   125.6   138.9   223.8   272.6   304.1   329.9   359.0   394.9   447.2   580.3  1948.6  4737.7 101953.0   102119
read      260.3   133.1    80.4   134.1   149.2   247.6   289.3   315.5   334.6   355.1   378.7   415.0   507.4  1941.7  3429.9  45891.0    46213
read      250.6   106.1    80.4   127.7   140.8   226.5   275.9   308.7   333.8   361.8   396.6   449.0   556.2   776.2  1540.9  97134.0    97025
read      238.1    66.1    93.8   151.9   167.9   235.1   257.7   269.7   278.3   290.5   307.4   335.3   395.4   640.5  1078.5  18067.0    18351
read      244.3    65.6    86.8   151.0   166.9   241.1   266.6   279.9   290.2   302.8   321.2   347.8   411.0   886.5  1182.6  21338.0    21426
read      255.1    90.2    86.8   135.7   150.6   249.2   287.2   309.7   327.0   344.9   367.7   400.5   471.0   662.8  1992.1  42962.0    43013
read      251.1   101.7    80.4   127.0   140.5   233.3   283.6   314.3   337.2   361.4   389.5   429.5   507.9   650.7  2609.1  67332.0    67376
read      252.2    85.5    80.4   138.9   154.0   247.9   282.3   301.0   316.7   334.6   356.3   388.2   452.6   550.5  2848.6  36006.0    36043
read      221.2    64.2    93.8   155.0   167.1   216.2   233.2   243.5   250.7   260.1   272.8   295.7   367.7   963.4  1943.2   6205.0     6255
read      246.9   113.3    80.4   126.0   139.5   222.4   271.0   302.1   327.3   355.5   390.2   440.4   547.7   999.9  2136.0 101296.0   102499
read      246.3    72.3    86.8   145.4   161.5   243.6   270.7   285.9   296.3   313.4   334.1   363.1   422.1   502.8  1665.3  26254.0    26263
read      253.0   151.5    80.4   129.5   143.0   238.8   286.0   315.8   336.5   358.0   382.8   419.9   487.7   607.9  3582.6  56847.0    56974
read      253.4    81.5    86.8   137.7   152.3   248.5   286.0   306.8   323.1   341.1   363.5   396.0   465.6   583.8   905.6  40833.0    40869
read      253.4   106.0    80.4   133.2   147.3   244.0   285.5   310.1   328.2   347.1   370.0   403.8   485.1   730.1  3723.2  46699.0    46514
read      228.1    68.5   101.3   154.9   169.0   223.6   242.5   252.8   261.2   270.7   285.0   312.3   375.2   962.1  1875.3  11518.0    11431
read      251.4   102.1    80.4   128.1   141.5   237.0   285.7   314.8   335.6   357.6   383.4   421.3   492.7   614.6  1727.8  58560.0    58600
read      251.5   105.3    74.4   126.9   140.1   232.7   283.7   315.3   338.4   363.7   393.0   432.6   517.8   678.4  1394.3  67820.0    68058
read      257.4   124.5    80.4   130.9   144.8   241.2   288.6   316.8   337.8   360.6   387.2   425.7   511.1  1723.8  3173.9  54347.0    54502
read      251.9    97.6    80.4   127.7   141.1   234.9   285.5   315.7   337.9   361.6   389.7   429.5   509.9   670.8   805.7  63639.0    64022
read      253.2    92.0    86.8   130.6   145.0   241.9   286.9   313.9   333.4   354.4   379.4   417.3   498.4   636.7   963.3  52113.0    52142
read      251.0   117.2    80.4   127.3   140.5   225.8   274.7   306.9   332.8   361.2   395.4   445.8   574.6  1070.2  2562.0 101387.0   101375
read      254.1    86.8    86.8   137.9   152.3   249.7   287.4   308.5   324.1   341.7   363.3   395.4   460.3   573.0   906.0  40719.0    40606
read      255.1    97.8    86.8   133.0   147.4   246.1   288.9   314.5   333.7   353.8   375.5   410.7   482.8   625.3  1977.9  47321.0    47485
read      253.6   104.3    80.4   132.7   146.9   245.2   287.9   312.7   331.0   349.9   372.4   404.6   485.1   649.7  1967.9  49141.0    48977
read      259.7   109.5    80.4   138.7   153.8   253.7   291.2   314.6   331.5   349.5   371.2   403.2   477.5   592.1  4442.1  38728.0    38615
read      247.3   102.3    80.4   124.2   137.8   225.6   277.1   309.9   334.6   360.5   390.7   433.2   520.8   691.6  1660.0  80007.0    80279
read      251.9   107.0    74.4   126.5   139.9   229.8   281.8   315.2   340.1   366.5   397.4   440.1   536.7   766.5  2110.8  76382.0    75843
read      254.4   114.4    80.4   127.7   141.4   234.5   286.1   318.2   341.8   366.4   394.9   435.1   523.9   782.6  3782.9  67000.0    67095
read      258.3    87.5    80.4   137.2   152.1   252.8   291.6   314.8   331.4   349.3   371.6   406.2   483.1   664.7  1177.8  41210.0    41325
read      254.5   107.4    80.4   129.9   143.8   240.9   287.9   316.5   336.3   357.9   384.6   424.8   507.9   652.0  4214.6  55610.0    55752
read      251.1   114.7    80.4   125.8   139.2   226.6   277.8   311.3   336.6   364.2   397.4   448.5   562.3   817.4  2071.9  85694.0    85561
read      234.1    60.9   101.3   154.5   170.5   229.8   250.5   262.5   270.9   282.0   296.2   326.8   390.4   590.3  1787.5  14097.0    14194
read      250.0   106.1    80.4   125.7   138.8   226.1   276.6   309.2   335.3   364.1   398.3   448.1   559.9   795.8  1345.1  88118.0    88002
read      255.5   131.1    80.4   127.4   140.5   228.4   279.8   313.6   339.2   367.2   402.6   458.0   600.1  1407.6  3034.6  91267.0    90515
read      262.3   127.8    80.4   131.9   146.0   235.0   285.7   318.6   343.7   372.5   409.7   467.7   637.3  1343.7  1886.7 109794.0   109283
read      247.7    84.8    80.4   144.6   160.7   244.1   271.9   287.9   299.3   315.5   335.8   364.7   424.7   596.2  3816.8  26896.0    26699
read      258.7   117.7    80.4   139.1   153.6   250.5   286.7   308.0   323.9   342.1   366.4   403.7   495.8  1474.2  2621.1  37308.0    37400
read      242.6    78.0    80.4   151.2   167.2   237.9   262.5   274.5   285.6   297.2   316.2   344.8   411.8   950.9  2387.1  19403.0    19307
read      230.2    69.5   109.4   155.6   170.5   225.0   244.5   254.9   264.1   273.3   289.8   318.8   388.3   954.8  2014.2  11496.0    11527
read      250.8   105.4    80.4   126.2   139.5   227.7   279.2   313.2   338.8   366.1   398.4   446.2   539.8   720.4  1258.1  83404.0    83787
read      243.2    67.9    93.8   148.2   164.4   240.3   265.7   278.9   289.7   302.9   322.6   352.2   408.7   536.5  2104.1  21739.0    22209
read      250.9   136.1    80.4   125.6   139.0   228.7   280.7   313.0   336.9   362.5   393.5   436.0   535.4   713.3  7118.8  74867.0    75169
read      250.9   102.6    80.4   125.9   139.3   229.9   281.9   313.3   337.2   363.5   395.0   440.3   534.7   710.4  1052.8  73376.0    73833
read      244.4   106.9    74.4   123.4   136.7   220.6   270.2   300.2   326.0   355.5   389.4   438.3   543.6   755.6  1973.0  94227.0    94641
read      253.9    98.3    80.4   129.0   142.3   237.0   287.9   318.8   341.0   364.5   392.0   430.8   509.2   675.3  1098.3  61332.0    61338
read      246.2   108.1    80.4   124.7   138.0   222.9   272.6   303.5   329.1   357.0   392.3   440.7   535.7   732.2  1489.6  92042.0    91825
read      255.6   161.7    74.4   124.5   138.3   229.1   281.2   314.8   340.0   367.0   398.7   445.1   570.0  2046.6  6245.7  77521.0    77235
read      254.7    99.4    86.8   138.7   153.4   250.0   285.0   304.8   320.7   339.2   361.5   393.7   467.2   609.1  4485.6  37492.0    37257
read      252.3    74.5    86.8   141.7   157.7   249.4   281.1   297.0   313.0   330.6   350.9   382.7   445.0   574.8   977.5  31960.0    32057
read      252.7   112.6    80.4   128.4   141.9   227.5   275.3   307.8   332.8   361.5   397.6   453.4   588.9  1068.4  1468.4 108513.0   108618
read      251.3   129.9    74.4   125.3   138.6   229.1   279.5   313.4   337.8   363.4   394.3   437.0   540.3   742.7  4721.2  72384.0    72930
read      256.1   113.2    80.4   135.7   150.4   248.9   288.6   311.9   329.1   347.6   371.1   402.9   469.3   600.0  5354.5  43517.0    43714
read      247.1   104.1    80.4   124.8   137.9   224.1   274.9   306.9   331.7   359.7   393.4   441.0   535.8   707.0  1175.7  87253.0    87369
read      255.4    96.2    80.4   130.6   144.5   241.7   290.7   320.5   341.1   362.7   388.5   426.1   497.8   633.5  1230.3  56787.0    56640
read      252.4   136.2    74.4   127.3   140.2   226.4   276.5   309.4   335.0   364.6   400.8   455.0   565.2   924.8  3144.5  97325.0    97360
read      249.5   103.8    80.4   124.9   138.4   227.2   278.2   311.0   336.4   363.6   395.3   440.0   541.9   740.2  1618.1  79905.0    79788
read      229.3    93.5   101.3   155.5   169.4   224.0   242.7   252.9   261.3   270.5   284.3   309.2   378.0   987.8  4210.5  11472.0    11352
read      248.2   115.1    80.4   125.3   138.5   224.8   274.7   306.9   332.6   360.9   394.4   440.4   536.9   746.4  2617.7  87471.0    87962
read      255.2    83.3    74.4   137.7   151.9   249.6   287.4   310.5   327.9   345.3   368.1   399.9   466.5   608.2   907.3  40692.0    40663
read      255.3    98.8    80.4   130.1   143.8   240.8   289.9   320.3   339.9   362.5   390.3   427.9   503.8   628.3  1630.6  58939.0    59386
read      256.1   105.2    80.4   133.6   147.8   246.7   289.7   315.4   334.2   354.7   378.4   413.5   488.4   593.5  2390.4  48462.0    48302
read      241.7    67.3    86.8   152.3   168.3   238.0   261.8   274.3   284.8   295.9   315.0   343.1   401.3   878.9  1840.8  19386.0    19398
read      251.0   116.2    80.4   125.4   138.3   227.1   278.2   311.2   336.8   364.8   398.4   444.3   542.0  1025.0  2672.8  81799.0    82197
read      248.5   110.9    80.4   125.6   139.0   226.7   277.6   308.6   332.4   359.1   391.8   435.4   523.7   721.6  2818.1  77879.0    77387
read      250.2   101.8    80.4   125.6   139.0   230.5   281.4   313.1   336.9   363.1   394.5   435.8   516.5   685.2  1641.2  72496.0    72753
read      225.3   114.1   101.3   154.5   167.5   218.0   235.6   246.3   253.0   263.2   274.7   297.5   383.6  1032.6  7099.0   7832.0     7720
read      255.4    91.8    80.4   134.7   149.0   247.3   289.5   315.3   333.4   352.3   373.3   406.4   471.8   588.2  2225.2  45668.0    46279
read      255.2    90.6    86.8   136.0   151.0   249.3   288.1   310.2   326.4   345.0   368.4   401.2   469.6   557.4  2323.8  41806.0    42102
read      249.2   103.2    80.4   126.0   139.3   225.7   275.8   308.6   334.1   362.6   396.5   445.9   546.3   755.0   991.8  91535.0    90892
read      256.0   111.3    86.8   137.4   151.9   248.1   286.1   309.0   326.1   344.7   367.3   400.6   476.8   791.1  3869.8  40071.0    39976
read      255.8   110.1    80.4   128.9   142.5   238.7   289.8   322.5   344.0   365.9   392.5   430.8   511.3   685.3  3168.3  60676.0    61084
read      238.2    64.8    93.8   153.0   169.6   234.6   256.8   269.0   277.4   289.5   306.3   336.5   396.2   550.3  2001.5  17024.0    16735
read      256.4   105.6    86.8   133.5   148.4   246.3   288.2   312.6   330.7   350.6   373.7   411.6   497.1  1222.7  2340.3  46118.0    45909
read      252.1    88.1    93.8   144.7   160.5   248.3   278.2   295.1   309.1   325.0   344.6   373.2   437.6   672.4  3176.9  29229.0    28976
read      248.6   127.7    80.4   125.3   138.5   225.3   276.3   308.9   334.4   361.6   393.9   439.3   528.9   747.6  1864.3  84653.0    84704
read      245.7   103.7    80.4   124.9   138.3   222.4   271.5   302.9   328.3   356.1   389.7   438.1   533.6   811.9  1806.8 101332.0   101822
read      245.8   106.5    80.4   123.3   136.6   222.4   271.8   302.2   328.2   357.2   390.6   438.5   541.1   995.3  1553.4  92437.0    92571
read      227.7    69.7    93.8   154.5   168.2   223.8   242.5   252.7   261.0   270.2   283.7   308.2   383.2   916.1  3181.2  12131.0    12106
read      256.3    96.7    80.4   130.3   144.2   241.8   291.1   321.8   342.7   365.2   391.9   430.4   512.0   661.6   958.6  57996.0    58568
read      252.1    91.7    74.4   131.0   145.5   241.7   286.0   311.1   330.2   350.6   374.5   411.3   489.1   638.3  1085.1  51251.0    51319
read      244.4    92.3    93.8   150.0   165.7   239.6   264.7   277.0   287.7   299.2   319.9   346.9   420.2   969.6  3469.9  21616.0    21556
read      237.4    63.3    93.8   158.2   174.6   233.3   253.9   265.6   273.0   284.3   297.3   326.5   387.5   948.1  1855.3  14385.0    14191
read      252.0    82.3    86.8   144.2   160.7   249.4   278.6   294.7   308.9   325.4   344.7   372.6   430.6   548.3  3590.4  29289.0    29072
read      236.8    58.3    93.8   152.9   169.4   233.1   254.9   267.4   275.2   288.2   304.4   332.5   388.1   896.6  1074.5  16359.0    16350
read      247.8   124.5    80.4   124.3   137.6   224.4   274.4   306.4   331.6   359.5   393.7   440.5   535.1   751.7  5408.2  86395.0    86891
read      252.2   118.0    80.4   129.5   142.9   228.7   277.6   309.6   333.9   361.8   396.2   446.2   544.4   802.1  2176.7 104171.0   104441
read      229.1   147.4    93.8   157.6   171.3   221.4   239.3   249.0   255.3   266.5   279.4   303.2   378.4   996.6  6821.7   9070.0     8906
read      256.4    96.5    86.8   137.1   151.6   249.1   289.0   313.7   331.4   349.5   371.5   403.4   474.4   626.6  1056.6  41504.0    42175
read      257.9    95.7    80.4   132.0   146.7   245.9   292.5   321.6   341.8   363.2   389.0   426.3   501.6   633.6  1304.5  51826.0    51797
read      252.0   109.8    80.4   126.9   140.1   230.5   281.6   315.1   339.8   365.9   396.8   441.0   533.5   729.3  1910.6  76728.0    76678
read      244.2    66.8    93.8   151.9   168.7   239.7   264.2   277.1   288.3   300.9   319.8   352.7   424.7   832.6  1887.5  19798.0    19630
read      246.7   133.5    80.4   124.9   138.1   220.9   269.6   299.8   325.3   354.9   390.6   440.5   546.8  1129.4  2992.5 100070.0   100132
read      254.6    86.2    80.4   135.9   150.8   249.3   287.2   309.9   326.8   344.3   367.3   399.6   465.7   597.9   942.3  40494.0    40498
read      256.9   124.5    80.4   130.5   144.2   232.5   281.6   313.5   337.8   366.3   401.5   454.3   570.0  1163.9  3945.5 109266.0   108559
read      245.5    70.8    93.8   147.6   163.8   243.4   268.7   282.6   292.7   306.7   325.6   356.1   420.6   629.5  1152.7  24058.0    23964
read      249.2    99.7    80.4   125.7   139.1   230.0   281.0   312.9   336.7   361.5   390.8   431.3   509.3   668.3  1233.6  70509.0    70760
read      253.0   173.0    80.4   125.2   138.6   223.6   272.8   304.1   329.8   358.5   393.9   447.5   603.7  1937.3  7270.3  99528.0    99567
read      252.4   115.9    80.4   128.3   141.6   227.6   276.9   309.6   335.0   362.9   397.5   450.4   562.7   995.9  2134.9 107961.0   107548
read      256.9    94.3    80.4   131.6   146.0   245.1   291.0   320.1   340.5   362.7   388.2   424.2   499.5   662.2   959.7  53523.0    53742
read      260.6   119.1    80.4   131.0   144.9   234.4   285.6   319.4   345.1   373.3   410.4   464.4   606.7  1095.2  2445.8 104179.0   103931
read      256.2   134.2    74.4   128.7   142.3   238.2   287.7   318.8   340.0   363.0   390.9   430.8   523.5  1095.8  5714.1  60285.0    60359
read      222.3    59.7    93.8   154.4   167.7   218.3   235.3   245.8   252.6   262.3   273.6   297.3   365.0   937.0  1963.4   9733.0     9725
read      255.6    96.9    86.8   131.6   145.8   244.3   289.3   316.4   335.9   357.2   383.1   423.1   495.4   634.1  2081.9  51693.0    52014
read      254.0    87.1    80.4   137.3   152.1   249.2   285.9   307.0   322.7   340.8   363.4   396.5   467.0   590.1  1235.4  40122.0    40053
read      244.9   100.3    74.4   122.2   136.0   222.7   273.4   304.4   330.1   357.9   390.9   435.7   528.2   690.1   904.8  86580.0    86436
read      250.3    80.4    86.8   150.1   165.5   246.9   273.2   288.5   299.0   315.1   334.2   362.2   427.4   867.8  3183.2  24089.0    23983
read      253.8   103.1    86.8   127.5   140.8   234.4   286.1   318.6   342.2   366.7   396.4   437.5   532.8   712.0  1353.8  66312.0    66595
read      247.5    68.3    93.8   145.8   162.4   245.4   272.5   288.0   298.7   314.5   334.4   363.1   420.1   531.8   972.7  26121.0    26056
read      259.0   113.6    80.4   132.6   146.9   246.4   292.0   320.5   340.6   361.2   385.1   421.9   501.5   944.5  3382.3  51957.0    51764
read      259.4   116.0    86.8   138.3   153.4   251.0   289.1   312.4   329.2   346.3   368.7   400.4   478.4  1511.5  3766.1  40279.0    40202
read      253.2   130.0    74.4   126.2   139.5   229.8   281.2   314.8   338.9   365.1   396.8   441.2   543.3  1157.0  3987.6  76719.0    76665
read      225.9    54.8   109.4   155.5   169.4   222.1   239.7   250.1   257.6   268.1   281.0   303.4   370.1   929.9  1017.8  11133.0    11133
read      250.5   104.8    80.4   126.5   139.5   228.2   279.7   313.3   338.3   365.5   397.3   442.1   537.2   716.3  1344.8  80182.0    80405
read      249.5   122.3    74.4   124.7   138.3   227.0   278.1   310.9   335.7   362.5   394.3   437.6   528.1   692.4  4581.8  79513.0    79106
read      251.9   142.3    74.4   124.6   138.0   224.4   274.8   308.3   334.7   363.8   400.2   455.4   597.1  1016.3  6532.2  97249.0    97258
read      255.4    81.9    80.4   140.0   155.4   251.6   286.6   307.6   323.6   340.4   360.8   391.7   457.6   575.5  1225.7  36087.0    36307
read      250.5    77.9    86.8   144.8   160.2   246.8   276.7   293.7   307.5   323.5   342.9   371.9   433.1   587.8  1516.5  28384.0    28636
read      255.5    88.5    86.8   135.2   150.7   248.5   288.0   311.9   330.3   349.3   370.8   404.2   471.8   610.6  1947.0  41909.0    41620
read      250.8   106.9    80.4   124.7   138.3   228.0   280.4   314.8   340.1   366.7   397.8   441.8   542.1   777.9  2406.5  75415.0    75736
read      256.3    89.9    86.8   134.7   149.2   248.6   290.7   316.0   333.9   353.0   374.7   410.2   481.1   618.6   931.2  45241.0    44979
read      251.8    76.7    86.8   141.8   157.2   248.8   280.3   296.5   311.5   328.5   348.6   379.6   446.9   713.6  1096.5  31453.0    31478
read      253.9    83.5    80.4   138.4   152.7   249.1   285.9   307.7   323.9   341.0   362.7   395.0   458.5   544.8   934.7  37519.0    37586
read      254.2   111.3    86.8   130.1   143.8   230.5   279.7   313.0   337.5   364.8   398.6   449.2   551.2   858.5  2422.1 108304.0   108330
read      251.7   100.8    80.4   127.9   141.4   234.7   285.0   315.7   338.1   361.4   388.7   427.7   505.2   630.9  1591.6  64216.0    64301
read      229.7   124.5    93.8   153.9   168.0   222.5   241.3   251.8   260.1   269.9   284.3   311.6   388.8  1166.8  7453.7  11479.0    11203
read      221.5    65.8   101.3   156.1   168.0   216.3   233.5   243.9   251.1   260.1   271.2   291.6   369.4   985.3  1926.1   7336.0     7291
read      248.1   106.0    80.4   124.2   137.4   224.5   275.3   308.3   334.4   362.9   395.9   442.3   539.7   777.8  1233.9  86111.0    87477
read      248.8   110.7    80.4   124.1   137.6   226.8   278.8   311.9   336.1   361.6   392.3   435.2   527.6   796.2  2719.9  77435.0    77485
read      256.9    98.4    80.4   136.4   150.7   250.2   289.2   313.1   330.9   350.0   372.8   404.8   470.0   616.2  3714.5  41988.0    42055
read      249.7    73.4    80.4   145.2   162.0   245.8   274.6   290.8   303.2   319.4   339.9   368.6   434.2   712.5  1909.0  26943.0    26865
read      255.5   181.2    80.4   125.5   139.2   225.9   275.5   308.8   334.7   362.9   398.6   453.4   585.9  2155.9  7422.4  94080.0    94592
read      250.9    97.7    80.4   126.5   140.4   233.0   284.0   315.9   338.9   363.3   391.9   430.9   505.4   633.5   954.9  66952.0    66869
read      237.3    67.3    86.8   151.2   167.3   233.8   256.3   268.9   277.5   289.5   305.6   333.6   391.8   906.9  1525.1  17664.0    17835
read      252.8    94.3    86.8   129.1   142.7   240.2   286.7   315.1   335.6   357.9   384.3   422.3   496.2   606.6  1341.6  56094.0    55977
read      247.0   102.2    80.4   123.5   136.7   225.2   276.3   308.7   333.8   360.8   392.9   436.3   531.3   695.9   964.6  81592.0    82437
read      239.7    88.5    93.8   154.4   170.5   234.8   257.2   269.6   278.4   289.8   305.6   334.5   396.7   904.8  4303.4  15768.0    15775
read      251.7   122.6    74.4   124.9   138.6   227.4   276.5   309.6   336.0   365.0   398.7   448.8   550.3   953.9  3273.9  87096.0    87559
read      255.9   111.7    80.4   129.8   143.6   231.4   281.2   314.4   339.2   367.1   401.9   455.5   564.6   974.9  2392.6 105568.0   105401
read      249.1   103.5    80.4   124.9   138.3   226.1   276.3   309.8   335.2   363.3   396.5   444.2   542.1   766.9  1320.2  88585.0    88752
read      247.5   106.3    80.4   124.8   138.3   224.4   273.5   305.3   330.3   358.7   393.8   443.1   538.5   780.8  1414.0  94983.0    94531
read      259.6   181.4    80.4   125.4   139.0   227.1   276.6   309.9   335.1   364.8   402.1   461.6   652.8  2672.1  4615.2 101424.0   101303
read      245.3   102.3    80.4   122.9   136.3   222.6   273.0   304.5   329.7   357.9   391.9   437.6   531.4   713.5  1505.7  86434.0    86640
read      244.1   103.3    80.4   122.3   135.4   221.9   272.4   303.3   328.4   355.0   386.8   431.3   531.4   822.6  1362.2  84686.0    84818
read      244.4   131.1    86.8   150.9   167.8   241.0   265.5   278.1   288.5   300.0   317.2   344.5   403.1   584.4  1100.0  20146.0    20221
read      257.2    91.6    80.4   134.7   149.6   249.8   290.7   315.9   334.1   353.8   376.2   411.3   477.0   598.9  2406.0  43634.0    43599
read      254.0    91.4    80.4   131.3   145.5   243.0   288.3   315.7   335.7   357.0   381.6   418.8   494.9   588.7   911.7  52706.0    52779
read      247.6   116.2    74.4   123.7   137.6   222.9   273.1   305.7   331.5   359.0   392.4   441.1   546.2  1051.9  2824.9  90286.0    89855
read      254.0    89.3    80.4   132.3   146.8   244.8   288.2   314.3   333.5   353.9   376.7   409.9   476.0   597.7   972.8  48320.0    48532
read      255.5   119.1    74.4   129.4   142.8   229.4   278.8   311.7   336.3   365.1   401.8   457.4   585.6  1199.4  2591.4 107551.0   107423
read      258.8   146.3    86.8   132.9   147.7   246.9   288.7   313.5   331.1   350.2   373.7   411.0   493.4  2353.9  4554.3  46616.0    46535
read      258.1   106.0    80.4   133.2   148.2   248.9   291.4   317.8   336.1   356.4   381.1   417.8   498.5   685.3  4416.0  47341.0    47535
read      254.7    91.1    80.4   132.3   146.5   245.3   289.2   315.1   333.6   353.9   379.2   415.6   485.6   616.3  1620.0  49759.0    49633
read      253.1    81.7    86.8   142.0   158.3   249.5   280.5   297.3   312.3   329.2   349.4   381.6   453.0   607.4  2032.6  30565.0    30334
read      245.8    83.4    86.8   158.0   174.6   242.1   265.1   276.6   286.9   297.1   316.1   344.1   402.4   536.6  4443.8  17358.0    17207
read      262.1   143.5    80.4   129.6   143.6   233.2   284.6   318.7   343.5   372.0   406.8   462.4   631.4  1782.1  2734.6 105118.0   106074
read      257.9    95.7    80.4   135.4   150.1   247.6   291.6   318.9   338.3   358.4   381.0   415.4   485.4   604.9  2386.5  48870.0    48912
read      252.9   115.4    80.4   126.9   140.7   227.3   277.1   310.6   336.6   365.6   400.0   451.3   574.2  1114.9  2633.6  97063.0    96483
read      260.3    99.7    86.8   141.5   157.5   254.3   291.6   314.5   330.8   347.8   369.3   400.2   468.5   713.2  4141.8  39220.0    39228
read      249.2   108.5    80.4   124.4   138.1   224.9   274.9   308.0   333.5   361.9   395.6   444.4   550.3  1059.3  1372.8  92179.0    92350
read      251.1   105.5    80.4   125.7   139.5   228.2   279.4   313.1   338.3   365.7   398.4   444.8   538.0   798.7  1762.9  85226.0    85084
read      252.1   120.1    80.4   126.2   139.8   228.2   277.9   310.5   335.8   364.3   398.1   445.5   550.1  1105.2  2366.8  81516.0    81993
read      247.2   104.7    80.4   126.2   139.7   224.3   272.6   303.2   328.4   357.2   391.4   439.2   535.9   769.8  1481.8 101380.0   101617
read      244.5   115.8    93.8   157.3   175.0   239.9   262.3   273.3   283.1   294.2   311.6   339.7   402.5   891.0  8904.6  16750.0    16730
read      252.7   125.7    74.4   125.8   139.8   232.7   283.9   315.6   339.6   364.5   394.4   435.1   518.3   681.4  3960.9  71008.0    71079
read      248.5   112.5    74.4   125.6   139.3   224.1   272.1   303.9   328.6   356.7   391.9   443.2   552.7  1165.3  2394.2 108363.0   108942
read      256.6   101.4    80.4   131.7   146.7   244.4   291.0   321.2   340.2   361.6   386.7   422.1   493.5   600.0   866.2  55658.0    55406
read      257.8    86.6    80.4   139.2   154.4   250.8   290.3   314.9   331.8   349.5   371.5   403.0   467.5   579.9  1181.7  42315.0    42279
read      251.2    86.0    86.8   153.3   170.3   247.8   273.0   288.0   298.2   313.5   332.1   360.0   419.8   593.9  3182.1  22092.0    21876
read      258.3    83.0    86.8   143.7   159.9   254.1   287.7   307.2   322.2   339.4   360.8   392.9   461.6   583.4  2016.6  34022.0    34140
read      257.7   105.6    86.8   135.6   151.2   250.1   288.1   310.9   328.4   347.5   370.0   403.8   491.4  1067.0  3531.5  42696.0    42897
read      238.7    62.5    93.8   150.6   166.8   234.6   257.9   270.6   280.3   292.3   309.8   338.7   404.9   745.1  1507.0  18343.0    18462
read      245.9   104.0    80.4   123.6   137.1   222.4   271.4   303.3   327.9   356.1   391.3   441.8   545.6   780.6  1640.1 100297.0   100375
read      254.1   101.8    86.8   136.5   151.3   246.9   285.1   307.6   324.3   342.5   365.4   398.0   466.7   664.1  3660.8  41297.0    41347
read      242.9   104.4    74.4   122.9   136.3   220.1   268.6   299.6   324.7   352.3   386.5   434.7   530.4   705.9  1533.3 100949.0   101594
read      256.8   139.4    80.4   132.6   146.9   246.2   288.9   313.5   331.3   350.7   373.4   411.0   485.0   696.8  5229.5  47762.0    47486
read      247.1   103.7    80.4   123.5   137.2   227.5   277.9   309.2   332.9   358.4   389.1   432.2   513.0   644.8  1180.9  73446.0    73393
read      257.0    97.8    80.4   131.9   146.0   245.8   291.3   319.5   338.9   360.3   386.2   423.9   497.2   639.9  1943.6  50893.0    51134
read      251.8    96.1    80.4   127.9   141.4   237.2   285.5   316.0   336.9   359.0   385.2   423.1   496.4   655.2  1667.1  58365.0    58201
read      251.8   104.7    80.4   125.4   139.0   230.9   283.5   317.1   341.1   366.0   396.0   436.7   537.0   727.3  1436.6  70908.0    71020
read      250.6   110.0    80.4   124.5   138.3   229.7   280.6   313.2   337.1   363.1   393.9   437.6   541.5   738.9  2246.1  72094.0    72071
read      253.0   140.7    80.4   124.5   138.1   224.9   275.7   309.7   336.0   365.0   400.3   453.2   590.8  1733.8  3722.0  93439.0    93446
read      250.9    72.6    80.4   144.3   160.9   247.4   276.0   292.9   307.1   324.6   344.8   374.2   435.9   548.4  1063.9  28962.0    28724
read      254.8   100.6    80.4   129.0   142.9   239.3   287.5   317.7   339.4   364.1   393.2   433.5   514.9   672.2  1394.9  59214.0    59269
read      249.5   113.0    80.4   124.1   137.6   227.7   278.5   311.6   335.5   360.3   390.6   435.2   534.4  1101.5  3638.2  74721.0    74624
read      253.0    94.1    80.4   130.0   144.0   241.6   286.8   314.3   333.9   355.3   381.1   418.0   488.9   604.9  1687.9  52542.0    52368
read      222.7   106.7   101.3   154.0   167.7   217.7   235.7   246.6   253.4   263.7   274.9   295.9   359.0   934.0  8803.8   9808.0     9687
read      255.1    93.5    80.4   134.6   149.7   247.4   288.1   312.4   330.3   349.5   372.2   405.7   475.6   620.1  1177.8  43649.0    44165
read      223.0    68.0    93.8   157.0   169.8   217.5   234.3   245.0   252.2   262.0   273.4   294.5   367.3   978.2  3068.0   6857.0     6895
read      256.6   107.4    80.4   129.5   143.1   241.7   290.4   320.6   340.9   362.8   389.3   427.9   508.2  1124.2  2616.8  55031.0    55457
read      252.5   116.8    74.4   126.8   140.6   235.5   284.5   315.6   337.5   360.5   388.2   429.9   518.7   695.0  1709.5  61232.0    61164
read      264.3   167.0    80.4   130.1   144.2   233.8   284.3   318.5   343.7   373.0   411.9   468.4   634.9  2291.3  4091.9 108756.0   108384
read      251.9    76.0    86.8   141.0   156.9   248.3   280.5   297.8   314.4   332.5   353.5   384.8   442.2   531.9   993.2  33652.0    33319
read      246.1   106.2    80.4   124.3   137.9   222.9   271.3   302.0   327.1   355.7   391.2   440.1   542.6   799.7  1955.4  97776.0    97895
read      254.5    87.5    86.8   137.4   151.8   249.4   286.8   308.5   324.7   342.0   363.3   395.3   465.5   600.5  1988.6  39596.0    39720
read      252.2   126.7    80.4   125.9   139.6   232.6   283.8   315.7   339.1   365.4   395.3   435.3   514.3   671.9  2061.2  68501.0    68554
read      247.4   112.0    80.4   123.3   136.9   223.9   273.7   306.9   332.3   359.7   392.7   439.3   540.9   790.5  3153.7  86393.0    86849
read      248.8    81.6    86.8   141.9   158.2   245.6   274.4   290.7   302.9   318.3   339.0   370.6   443.1   781.8  2117.2  30256.0    30264
read      247.0   108.4    74.4   124.7   138.2   224.0   272.2   303.4   328.6   356.9   391.3   441.1   544.3   782.7  1718.4 100179.0   100754
read      248.1   105.7    80.4   124.7   138.3   224.2   273.9   306.7   332.2   360.3   395.1   445.0   544.8   795.4  1692.0  98391.0    98098
read      247.1   108.4    80.4   122.9   136.4   223.8   274.6   308.2   333.3   360.1   392.7   437.5   539.6   861.7  1795.7  85844.0    86028
read      256.4   158.2    80.4   125.4   139.1   227.5   279.0   313.9   339.8   367.8   401.9   456.4   597.8  1884.5  6303.7  93158.0    93054
read      255.0    94.7    80.4   135.8   150.7   247.8   287.3   311.7   329.6   347.2   370.3   401.3   464.7   619.4  3816.5  42289.0    42348
read      249.6    77.1    86.8   142.6   158.9   246.2   276.1   293.1   306.8   322.9   342.6   370.8   437.6   536.1  2210.8  29372.0    29490
read      237.1    65.6    93.8   150.1   166.0   233.4   255.8   268.7   277.6   290.3   307.6   335.5   398.5   620.1  1639.7  18234.0    18187
read      248.6   168.4    80.4   124.2   137.8   224.0   272.8   304.6   329.4   357.9   393.0   442.2   544.0   854.3  5180.9  94950.0    95113
read      222.0    69.7   101.3   154.7   167.4   216.6   234.2   244.9   251.9   261.3   272.5   293.8   372.8   981.9  3534.0   8452.0     8570
read      250.3   136.9    80.4   127.0   139.8   232.9   281.4   310.4   331.6   355.1   384.4   425.9   505.8   719.6  8217.5  61579.0    62285
read      253.0    93.3    80.4   129.6   143.7   241.2   287.4   315.1   334.7   356.5   383.2   420.4   495.2   618.3  1053.5  53028.0    52582
read      251.0    77.1    86.8   138.9   154.7   246.3   279.4   298.0   314.4   332.7   354.6   388.8   461.2   545.4   827.5  34247.0    34260
read      253.8    99.5    80.4   129.1   142.7   238.2   287.2   316.9   337.3   360.1   388.6   429.8   515.0   689.6  1929.8  59640.0    59493
read      255.1   111.6    80.4   128.4   142.1   239.0   287.5   317.3   338.1   361.2   389.8   432.0   526.9   757.2  3788.0  58805.0    58208
read      248.5   108.7    80.4   124.1   137.5   224.2   274.2   306.4   331.7   360.3   396.0   447.4   554.9   972.5  1477.5  93537.0    93458
read      240.3    78.8    93.8   152.0   167.6   236.7   259.8   271.7   281.5   293.5   312.2   341.5   398.5   589.4  3826.8  18117.0    18056
read      245.6   113.6    80.4   122.6   136.4   222.0   270.9   301.8   327.1   355.5   390.8   441.7   543.2   788.5  3692.7  93847.0    94134
read      253.9    81.6    86.8   136.5   152.1   248.9   284.6   306.6   322.9   341.7   364.6   396.6   470.7   592.6   762.0  37813.0    37808
read      255.1   129.3    80.4   129.0   142.4   239.8   286.1   315.2   334.4   354.8   379.2   418.1   505.7  1807.9  3145.8  53608.0    53481
read      245.9    68.6    80.4   145.7   161.9   243.2   269.5   284.8   296.1   312.2   332.0   360.9   421.2   564.7  1524.6  25412.0    25666
read      249.7   115.0    74.4   128.2   141.6   225.7   274.2   305.7   330.3   358.3   393.6   442.7   543.6   914.8  2849.9 108665.0   108853
read      257.9    90.9    86.8   136.7   151.3   251.8   291.2   316.3   333.4   351.4   373.2   406.0   480.5   609.9  1416.1  41923.0    41576
read      250.9   113.1    80.4   125.4   139.2   231.8   282.4   314.2   337.4   362.0   391.0   432.6   519.7   697.9  4074.7  69905.0    70282
read      256.3    99.9    80.4   133.1   148.0   247.1   290.5   317.8   335.7   354.6   375.9   407.8   485.3   673.4  1992.4  45893.0    45769
read      246.7   103.7    80.4   124.4   137.7   223.0   273.2   307.0   332.5   360.0   393.1   439.3   537.4   743.1  1361.3  92131.0    92383
read      227.2    61.7    93.8   153.3   168.0   223.2   241.1   251.4   259.3   269.3   283.7   310.9   372.7   958.1  1944.4  12251.0    12100
read      252.5   100.4    74.4   126.6   140.4   234.3   285.8   318.4   342.0   365.3   393.2   433.8   512.1   638.8  1350.2  67534.0    67747
read      252.3   100.4    80.4   126.4   139.8   233.5   284.5   318.3   340.8   365.3   394.7   435.8   521.4   688.3  1070.7  69185.0    68933
read      250.6    98.8    80.4   127.4   140.7   234.1   283.9   314.1   335.5   358.4   386.2   426.3   503.0   629.5  1839.3  63366.0    63242
read      256.0   145.2    80.4   126.1   139.4   231.6   284.4   319.5   343.1   368.4   400.0   446.4   552.5  1304.6  5384.9  72719.0    72993
read      254.5    91.5    80.4   131.6   145.9   244.8   289.1   316.7   336.3   356.8   379.5   415.1   481.5   595.3   918.7  50605.0    51022
read      254.5   108.0    80.4   127.7   141.1   235.2   287.7   321.4   344.1   368.3   396.9   436.0   519.4   669.8  2698.2  67104.0    67069
read      247.6    71.8    86.8   147.3   162.9   243.9   270.9   286.4   297.0   313.4   334.3   368.3   429.1   580.3  1470.1  24878.0    24895
read      257.6   152.2    80.4   127.5   140.5   234.0   285.8   318.8   341.9   366.6   395.5   436.3   548.4  2054.5  4465.6  68349.0    68588
read      253.0    96.7    86.8   135.6   149.8   246.3   285.5   308.1   325.2   343.3   365.9   400.0   466.7   571.3  3872.5  43004.0    42706
read      253.2    91.3    80.4   130.9   145.4   242.3   287.0   314.1   333.0   353.5   378.2   414.8   489.4   632.6  1190.7  49530.0    49479
read      254.5   105.5    80.4   127.7   141.3   235.2   286.3   319.5   343.8   369.4   398.0   436.8   522.0   671.4  1377.3  65197.0    64792
read      251.0   104.0    74.4   125.6   139.0   229.9   282.3   315.1   339.5   366.3   396.8   438.8   523.3   678.4  1729.0  73995.0    73879
read      252.9   105.5    86.8   141.3   157.0   248.9   279.8   296.6   312.3   329.5   348.6   379.2   447.2   693.2  4725.2  32042.0    31893
read      252.8   138.5    74.4   125.0   138.5   230.0   281.6   315.0   339.0   364.9   395.8   438.7   537.7   909.7  6067.1  74098.0    74262
read      252.4    96.8    80.4   128.8   142.3   239.0   286.3   315.3   336.0   358.2   384.2   422.2   499.1   676.8  1350.0  57054.0    57246
read      249.1   113.4    74.4   123.8   137.3   224.3   273.9   307.4   333.7   362.6   397.7   448.9   559.4   892.9  2486.8  91574.0    91617
read      255.1   103.1    80.4   129.8   143.8   240.3   288.9   319.7   339.7   362.0   388.9   426.8   505.4   664.4  1441.0  55299.0    55173
read      251.6   131.1    80.4   125.6   139.4   224.2   272.6   304.8   329.9   358.6   394.9   448.7   603.2  1516.6  3191.7 108584.0   108633
read      233.6    62.6    93.8   152.3   168.4   230.8   251.7   263.4   271.3   282.1   296.2   323.0   373.7   759.0  1992.8  15832.0    15720
read      249.1   109.2    74.4   125.9   139.2   224.8   273.1   305.5   330.5   359.6   395.7   447.2   559.8   957.0  1816.9  99666.0    99961
read      248.8   128.9    74.4   126.0   139.4   224.3   272.7   304.2   328.6   356.8   391.6   441.8   549.8   894.2  5047.3 102909.0   102613
read      253.0    95.6    80.4   129.3   142.9   239.1   286.9   316.7   337.1   358.9   384.6   422.2   497.5   644.7  1574.1  57149.0    57169
read      253.4   105.3    74.4   129.1   142.5   239.1   287.2   317.4   338.0   359.7   385.8   424.6   499.0   638.8  2250.5  57119.0    56950
read      258.2   129.8    80.4   131.8   146.2   245.5   289.3   315.6   334.3   355.2   381.3   422.4   512.3  1485.9  3493.2  49913.0    49938
read      222.9    87.2   109.4   158.0   170.1   215.4   232.8   243.6   251.2   261.5   274.5   302.3   394.1   919.8  4925.0   5370.0     5383
read      256.3    85.7    80.4   136.8   152.2   251.3   288.9   312.5   329.5   346.7   368.1   399.7   468.6   612.0   983.3  39425.0    39719
read      252.3    86.5    80.4   138.6   153.2   247.4   282.4   302.3   318.0   336.4   358.4   391.5   458.7   588.6  1677.5  36574.0    36653
read      250.9   103.7    80.4   124.5   138.1   230.3   282.3   315.4   339.0   364.7   395.6   438.8   533.5   782.3  1615.9  70080.0    69482
read      253.8    89.0    80.4   133.3   147.8   245.7   288.4   313.7   331.3   349.7   372.3   405.6   471.6   572.2  1086.4  46861.0    46749
read      251.1   100.4    80.4   126.0   139.5   233.0   283.1   314.6   337.6   362.0   391.1   431.8   525.8   710.7  1154.4  64801.0    65109
read      253.0    90.7    86.8   131.8   146.6   244.8   286.8   312.6   331.2   350.3   372.7   406.9   473.5   589.7  2231.8  46357.0    46501
read      255.0   108.8    80.4   129.6   143.6   230.8   280.4   313.2   337.9   365.9   400.6   453.9   572.4  1015.6  1488.5 109417.0   109480
read      249.7   100.6    80.4   124.3   138.2   230.5   282.2   314.6   337.2   362.1   392.5   433.7   520.8   673.1  1285.1  69377.0    69433
read      257.5    99.6    74.4   129.9   143.7   242.7   292.6   322.7   343.9   367.5   395.0   433.7   510.3   676.7   961.2  57651.0    58157
read      253.4   119.4    80.4   126.5   139.8   232.6   285.2   319.0   341.9   366.9   396.7   438.6   517.7   722.6  3756.7  70955.0    70737
read      255.6    86.2    80.4   140.5   156.2   250.8   284.9   304.7   320.6   339.0   361.6   393.8   466.1   627.2  1559.5  34381.0    34617
read      249.6   106.4    74.4   124.2   137.6   228.1   280.4   314.0   338.6   364.1   394.0   435.5   528.8   738.2  2273.0  77513.0    77563
read      247.5   127.1    74.4   122.4   135.9   220.6   270.1   300.1   325.7   355.1   392.0   444.2   596.9  1557.0  2635.1  89501.0    90036
read      253.5    83.3    86.8   138.6   153.6   249.7   284.2   304.1   320.0   338.1   359.9   390.6   454.7   596.5  1262.9  36512.0    36689
read      256.0    88.6    80.4   133.7   148.3   247.8   290.0   315.7   333.7   353.1   376.8   410.9   479.1   597.3  1319.7  46475.0    46832
read      252.6   127.5    80.4   128.4   141.8   228.0   277.3   310.2   334.9   363.6   398.5   450.5   550.1   860.4  3353.6 105303.0   104903
read      236.7    93.7    93.8   154.5   170.2   231.3   252.5   264.5   272.3   284.0   298.6   329.6   397.1   941.5  3964.6  14194.0    14153
read      246.4    68.3    86.8   150.9   166.8   242.0   267.7   281.9   292.9   308.1   328.0   357.7   427.4   894.9  1342.0  21553.0    21674
read      220.8    65.4   109.4   155.3   167.3   215.9   233.8   244.3   251.4   260.8   272.7   292.1   346.2   991.9  2653.7   5716.0     5689
read      256.4    92.6    86.8   138.7   153.7   250.5   286.9   309.2   325.4   342.6   366.1   398.8   471.8   618.7  3301.0  37337.0    37781
read      236.2    58.7    93.8   153.6   169.8   232.0   252.8   264.9   272.8   285.0   301.3   332.8   400.8   882.8  1008.4  15341.0    15507
read      253.7   111.7    80.4   128.5   142.0   229.9   279.6   313.5   338.4   365.9   400.4   452.7   556.4   812.5  2285.4 101347.0   102064
read      252.7   107.7    74.4   126.0   139.9   232.7   283.0   314.5   337.2   362.3   393.6   438.4   544.6   833.4  2282.1  71280.0    71340
read      251.4   119.5    80.4   124.7   138.1   228.7   280.0   313.4   338.5   366.0   397.7   441.5   532.2   827.3  3884.1  79729.0    79815
read      256.5    93.8    80.4   135.3   149.9   248.5   290.5   315.1   332.5   351.4   374.2   408.6   482.4   626.1  1374.9  44406.0    44352
read      247.2   110.9    74.4   126.4   140.1   223.1   270.1   300.5   324.9   352.5   388.5   442.1   550.6   924.2  1943.7 109365.0   109562
read      247.8   103.3    74.4   124.6   138.0   224.9   275.1   308.4   333.9   361.6   394.5   439.6   535.2   749.9  1262.5  86631.0    86219
read      254.1    91.6    80.4   131.9   146.4   244.8   288.1   314.0   332.6   352.5   375.0   411.6   487.8   689.7  1242.1  47454.0    47335
read      257.8    98.2    80.4   137.8   152.3   249.5   288.9   312.9   329.9   347.4   371.2   404.4   482.2  1331.2  2369.1  41897.0    41962
read      255.6    88.8    80.4   134.0   148.7   248.2   289.3   313.9   331.5   350.5   374.2   408.4   483.8   606.2  1246.4  45605.0    45802
read      233.2    74.3   101.3   153.8   168.7   228.1   249.1   261.1   269.7   280.4   295.2   327.4   392.7   890.5  3866.9  13572.0    13389
read      246.9   106.0    80.4   124.5   137.9   222.6   272.2   304.4   330.0   358.4   392.8   441.2   548.7   849.6  1754.7  95739.0    95780
read      254.6   223.6    80.4   124.2   137.9   225.4   274.7   308.8   334.7   362.9   396.5   447.9   573.4  2131.0 14192.8  87816.0    87844
read      255.7    95.3    80.4   130.2   144.3   242.0   289.8   320.0   340.2   362.6   390.0   427.8   505.2   636.8  1116.4  56378.0    55903
read      251.6   106.6    80.4   127.2   140.7   227.0   277.3   310.9   336.7   364.9   398.4   449.6   566.6   859.5  1127.5 100780.0   100902
read      252.0   109.1    80.4   126.3   140.0   232.2   282.5   314.7   338.7   364.7   394.9   436.1   525.5   687.3  3574.9  70962.0    70988
read      255.9    92.4    86.8   131.6   146.0   245.2   290.4   318.5   337.9   359.0   383.8   420.8   499.2   633.3   801.1  53868.0    53831
read      250.7    98.7    86.8   145.8   162.0   246.3   274.3   291.6   304.6   319.9   340.3   370.9   434.2   603.9  4589.6  27212.0    26948
read      252.4    76.7    86.8   141.6   157.6   249.4   281.1   297.7   313.3   330.2   349.2   379.6   442.1   586.0  1080.0  32509.0    32347
read      255.2    91.4    80.4   137.0   151.4   249.0   287.1   310.5   328.0   345.9   368.2   400.7   466.0   628.5  1996.4  40709.0    41050
read      257.3   123.9    80.4   131.0   145.1   244.4   291.1   321.2   342.2   363.6   389.0   426.4   502.7   624.8  1075.4  56138.0    56197
read      250.2   107.0    80.4   126.2   139.5   226.9   275.8   310.1   334.8   362.5   396.1   444.9   548.4   904.2  1480.8  94402.0    94617
read      253.0   118.3    80.4   126.3   139.7   231.5   283.0   315.5   338.5   364.3   395.8   441.9   546.7   846.1  3760.4  72071.0    71839
read      253.1   127.8    80.4   125.7   138.9   229.3   280.4   314.5   338.9   365.2   397.1   443.0   558.4  1386.6  3114.5  78963.0    79082
read      253.4   115.5    74.4   127.9   141.5   228.6   277.4   311.1   335.7   363.9   399.4   454.0   574.6   915.2  2486.5 107558.0   107630
read      254.2    98.5    80.4   129.3   143.0   239.5   288.2   319.1   339.0   361.1   387.9   426.7   511.3   658.5  1099.0  60355.0    60164
read      249.4   109.4    80.4   125.8   139.0   225.1   274.1   306.7   332.0   359.9   394.3   445.8   570.7  1068.6  1559.3  98113.0    97878
read      250.5   107.2    80.4   126.1   139.6   234.3   284.0   314.2   334.9   357.0   383.5   423.5   513.1   670.9  3147.4  63542.0    63680
read      291.4   286.7    80.4   127.7   142.0   239.7   294.1   332.6   359.1   392.0   438.9   549.9  1299.2  2932.9  8726.5  73718.0    73888
read      256.5   114.3    86.8   129.1   142.8   237.4   287.4   320.3   342.3   366.9   396.7   440.7   534.7   756.5  3729.0  65867.0    65499
read      258.6   125.2    80.4   127.7   141.0   230.9   282.6   317.0   342.5   372.2   409.6   465.4   640.9  1312.1  2572.0  96988.0    96906
read      255.8   115.5    80.4   128.9   142.3   231.3   281.2   314.7   339.2   367.0   402.2   455.3   579.8  1082.4  2091.2 103300.0   103287
read      256.1   118.6    80.4   132.1   146.6   246.0   289.4   316.0   334.4   353.7   376.1   414.5   497.7   718.9  4941.4  49755.0    49664
read      249.6    85.7    86.8   140.1   155.1   246.0   276.1   293.9   307.7   323.3   344.2   374.0   452.7   754.7  3035.2  32903.0    32535
read      255.1    97.3    86.8   133.6   148.6   246.3   287.9   312.3   330.1   349.6   374.0   412.0   486.2   684.2  1703.8  46420.0    46477
read      223.4    84.9   101.3   155.7   168.5   217.3   233.7   243.8   250.8   260.0   272.8   297.1   372.4  1081.3  3172.6   7469.0     7459
read      248.5   100.8    80.4   124.6   138.0   228.5   279.3   312.2   336.1   361.8   392.6   434.8   514.6   657.3  1086.7  73449.0    74137
read      249.5    99.0    80.4   126.8   140.4   237.2   283.8   311.2   331.0   351.2   375.9   415.6   494.8   640.8  1932.2  56937.0    57061
read      252.3   106.1    86.8   139.1   154.3   246.5   277.8   296.7   312.8   330.4   350.1   381.4   450.5  1495.8  2532.2  34128.0    34213
read      220.9   130.5   101.3   152.4   164.6   212.9   230.5   241.1   249.7   259.6   271.6   296.3   384.0   998.1  7330.2   7381.0     7432
read      258.0    90.8    80.4   135.9   151.3   251.4   289.5   313.4   330.4   348.6   372.3   409.2   496.5   692.9  1262.2  41230.0    41605
read      250.8    84.1    80.4   139.2   155.3   247.7   277.8   294.8   309.3   326.3   346.9   379.5   454.4   720.2  2021.2  33104.0    32998
read      248.8   106.7    74.4   125.3   139.4   233.6   281.4   309.8   330.7   353.1   380.2   420.9   503.6   688.9  3437.7  62053.0    61636
read      244.0    93.1    74.4   123.3   137.3   228.7   276.0   303.5   326.2   349.7   376.0   415.6   492.6   623.0   774.4  64469.0    64695
read      230.5    68.0   101.3   152.4   167.1   226.5   247.3   258.9   267.7   277.2   292.8   321.0   376.6   614.0  1083.4  14182.0    14063
read      243.1   132.5    80.4   121.7   134.8   219.1   268.5   298.1   323.4   351.0   384.7   432.8   530.3   777.1  5098.9  91588.0    91302
read      223.8   295.0   101.3   152.0   163.5   210.7   228.3   237.2   245.4   253.7   268.2   292.0   374.4  1867.9 13738.0   6129.0     6064
read      249.3    90.6    80.4   133.3   148.2   244.3   280.9   300.9   317.5   335.3   356.3   388.5   461.9   612.0  2557.6  41298.0    41354
read      236.7    89.2    93.8   147.1   163.6   232.8   255.7   268.5   277.3   290.1   307.9   336.0   392.6   929.9  4235.4  19944.0    19863
read      232.7    62.3    86.8   145.5   161.2   230.0   253.1   265.4   273.3   285.6   301.2   329.3   394.5   697.3  1886.5  19931.0    19488
read      227.8    64.3    93.8   151.2   166.2   224.4   243.8   254.5   263.2   272.1   286.5   312.1   378.8   773.8  3062.6  14169.0    14040
read      235.5    87.1    80.4   146.2   162.6   230.8   253.8   266.8   275.0   288.5   305.5   335.2   408.0   947.2  4088.0  19498.0    19538
read      238.9    91.4    86.8   146.7   163.5   234.4   257.1   269.7   278.9   291.7   311.2   340.8   410.9  1047.9  4398.5  19933.0    20199
read      242.3   105.2    80.4   122.8   136.1   219.0   267.7   297.4   321.9   349.0   382.1   430.9   536.4   847.7  1907.0 105804.0   106657
read      243.5   100.7    74.4   122.5   136.0   221.4   271.2   301.4   326.1   353.4   386.6   433.6   526.3   706.1  1694.1  92096.0    92457
read      243.5   103.4    68.9   122.6   136.0   220.7   270.8   302.8   327.5   354.3   387.1   434.1   528.0   669.2  1795.3  92973.0    92780
read      248.6   103.6    74.4   124.4   138.3   230.9   280.0   310.1   332.4   356.7   386.5   429.9   513.9   686.3  2059.8  68589.0    68203
read      242.8   102.4    80.4   121.9   134.8   221.7   272.5   303.7   327.7   353.6   384.8   427.4   509.4   666.0  1543.6  82239.0    81753
read      253.0   103.1    80.4   128.0   141.3   238.5   286.2   316.7   337.5   359.5   386.2   426.2   506.8   679.2  2353.1  57716.0    57748
read      240.7    74.5    93.8   148.5   164.4   236.6   260.4   272.6   282.9   294.8   315.1   344.7   414.1   902.6  2356.6  21088.0    21027
read      253.0    94.7    80.4   129.9   144.4   243.5   286.2   312.0   330.5   349.7   373.7   415.2   501.9   655.1  1890.5  49399.0    49680
read      247.6   115.6    80.4   123.9   137.3   226.3   275.5   306.4   330.5   356.6   389.2   436.5   539.9   726.1  2870.4  82076.0    82042
read      239.5   109.2    74.4   120.1   132.7   216.2   265.4   294.4   318.9   346.2   380.6   430.4   538.4   771.3  2916.9  93940.0    93691
read      252.7    97.2    80.4   131.5   146.5   244.5   284.4   307.7   325.1   344.0   368.7   407.5   491.3   696.3  2344.4  45341.0    45291
read      247.0    85.2    80.4   140.8   156.5   244.0   272.6   289.2   301.6   318.0   338.7   368.8   437.1   666.3  1881.0  30352.0    30437
read      247.9   103.6    80.4   124.7   138.1   231.1   280.8   311.4   333.0   355.6   382.6   423.7   503.0   641.7  2870.9  67489.0    67422
read      247.6   100.0    80.4   124.1   137.7   229.5   280.0   311.0   333.0   356.6   385.1   426.5   507.4   678.3  1335.8  69828.0    69956
read      248.4    91.3    86.8   138.1   152.3   245.1   277.9   295.5   310.4   326.9   345.2   374.4   435.3   606.4  2933.6  35997.0    35404
read      250.3   137.0    80.4   122.5   136.0   224.7   275.5   308.3   332.7   359.4   392.4   439.1   553.7  1866.8  4106.6  80326.0    80225
read      249.3   106.2    80.4   127.4   140.7   226.0   273.8   306.6   331.6   359.9   394.3   442.0   542.0   875.6  1868.8 104895.0   105585
read      234.0    60.9    93.8   146.8   162.1   231.9   254.4   267.2   275.2   288.3   304.2   331.0   392.7   493.9  1018.9  20030.0    20088
read      221.8    50.1    86.8   151.3   165.2   218.9   236.4   247.4   254.2   264.9   276.6   300.5   363.0   569.0   971.4  12579.0    12672
read      228.2    63.5    86.8   151.3   166.0   225.4   245.2   255.9   264.6   273.4   287.8   311.1   368.7   725.0  2490.4  15862.0    15696
read      242.8    68.2    86.8   143.2   159.8   240.3   267.4   282.2   293.5   308.4   327.1   356.1   415.6   508.3  1545.6  25955.0    25951
read      248.1   126.5    80.4   124.3   137.8   230.6   280.0   310.4   332.0   355.2   384.0   426.3   506.7   626.4  7046.1  65124.0    65007
read      220.0    70.9   101.3   152.3   164.7   214.6   232.5   242.7   249.7   258.1   270.3   292.2   377.4  1014.6  2030.7  10403.0    10189
read      247.9   100.5    80.4   124.3   137.5   227.2   277.8   311.1   335.8   361.7   392.2   435.6   524.8   707.5  1004.6  77609.0    78008
read      224.6    85.8    93.8   151.0   165.9   220.4   238.1   249.1   256.4   266.6   278.1   299.4   363.4   938.5  3987.9  12776.0    12678
read      229.4    73.8    93.8   149.9   165.1   226.6   246.8   257.5   265.9   274.3   289.0   314.2   376.7   899.0  3354.5  15812.0    15922
read      250.9    84.1    80.4   134.5   149.4   245.9   282.5   303.7   320.1   338.7   361.8   396.4   466.4   602.5  1055.6  41977.0    41774
read      251.5    94.3    86.8   136.4   151.3   247.3   282.4   302.6   318.6   336.0   356.9   389.5   459.4   566.2  1899.8  39084.0    38788
read      250.7   119.3    86.8   138.6   153.5   244.4   275.1   293.0   307.4   324.4   344.6   375.7   453.3  1963.0  3412.0  34356.0    34559
read      251.5    97.0    80.4   128.5   142.1   240.2   284.8   312.1   332.0   353.0   377.6   415.2   494.7   655.7  1715.4  54770.0    54825
read      250.1    82.8    86.8   133.1   147.8   245.6   282.4   303.9   320.1   338.4   361.0   395.0   467.1   583.1   899.2  42659.0    42697
read      224.4    97.6    93.8   150.4   164.8   221.0   239.0   249.5   256.7   267.0   279.1   302.5   368.1   877.0  6336.6  12602.0    12669
read      249.7   109.7    80.4   124.7   138.4   230.9   280.8   313.0   335.4   359.4   389.2   432.3   518.8   737.4  3924.8  69733.0    70047
read      247.3   127.7    80.4   124.1   137.7   223.1   272.5   304.5   329.7   357.6   392.3   440.8   545.6   806.2  6083.5  95779.0    96137
read      246.4   101.4    80.4   124.4   138.0   224.2   273.8   307.0   331.9   358.2   390.8   436.7   533.1   714.1  1047.8  92917.0    92934
read      237.2   182.4    93.8   144.6   160.3   231.6   254.7   267.7   276.1   289.7   307.6   336.2   399.9   709.2 10506.8  20716.0    20597
read      245.8   104.1    74.4   123.7   137.2   230.1   277.4   306.5   329.2   353.1   379.5   418.9   495.4   670.9  3829.4  66223.0    66597
read      249.6   180.3    80.4   125.5   139.5   232.7   280.0   308.1   328.2   349.7   376.2   416.0   495.9   642.0  9404.9  60076.0    59987
read      247.6   110.1    80.4   125.5   139.4   234.5   280.0   305.8   326.0   347.2   373.0   413.1   494.8   688.9  2582.3  58391.0    58456
read      251.1    97.8    80.4   126.9   140.7   236.6   285.5   313.9   334.2   356.6   383.8   423.8   502.0   632.5  1422.8  60111.0    59958
read      248.9   113.7    80.4   124.5   138.1   224.9   273.7   306.4   331.9   360.2   394.3   444.2   555.2   908.7  2780.2  97946.0    98221
read      250.7    93.5    80.4   128.8   142.4   238.6   284.8   312.7   332.9   354.0   377.7   413.9   487.8   681.4  1297.7  55875.0    55912
read      253.6   105.1    86.8   136.0   150.6   248.0   283.2   303.5   319.6   338.3   360.9   393.9   461.3  1424.7  3241.6  39267.0    39018
read      234.4    58.7    93.8   148.1   164.2   232.3   254.3   266.3   273.9   286.1   301.1   330.2   389.7   517.0  1112.4  18642.0    18747
read      249.9    96.9    80.4   127.1   140.5   235.4   283.8   314.3   335.1   357.4   383.5   420.4   496.6   605.5  1187.5  60109.0    60013
read      245.4   104.0    80.4   123.3   136.9   223.3   272.6   303.6   329.0   356.7   389.5   435.5   529.9   744.5  1276.6  85135.0    85584
read      241.6   104.9    80.4   120.8   133.8   220.5   269.5   297.9   323.5   351.0   382.6   428.3   515.6   723.0  2355.2  84668.0    84809
read      246.6   101.5    80.4   123.2   136.4   225.0   274.6   306.9   332.3   359.9   392.8   437.1   533.3   728.4   978.8  85312.0    85435
read      240.2   103.0    80.4   121.5   134.4   217.1   266.4   295.9   321.2   348.8   381.9   429.3   526.2   739.5  1146.4  94341.0    94907
read      230.3    57.5   101.3   150.8   166.3   227.2   247.8   259.4   268.3   278.3   293.0   317.4   378.0   648.6  1791.7  16747.0    16437
read      245.1   103.6    80.4   121.5   134.6   223.6   274.4   305.6   330.8   357.2   388.2   432.6   528.7   756.1  1409.9  77869.0    78505
read      246.5   111.0    80.4   123.6   137.2   225.4   276.0   307.2   331.1   357.2   388.6   431.5   516.1   677.0  2256.8  77027.0    77219
read      239.8   105.0    80.4   121.0   134.0   217.8   267.8   296.8   322.7   348.9   379.3   422.5   501.6   717.2  1988.1  86454.0    86414
read      246.4    98.4    80.4   124.0   137.2   227.7   277.8   309.4   333.3   358.9   388.3   429.2   505.8   637.9   967.7  73571.0    73427
read      242.8   107.5    80.4   123.6   136.6   219.1   268.2   298.3   323.9   351.8   385.3   433.2   533.9   740.7  1884.1 100134.0   100497
read      248.2   106.4    80.4   125.4   139.0   224.2   273.3   305.1   330.9   359.4   393.5   443.5   551.8   861.9  1210.2  96286.0    96416
read      245.3   103.9    80.4   123.7   136.8   226.8   277.4   307.8   330.5   354.1   381.7   423.5   501.3   598.5  2192.5  71793.0    71637
read      247.1   104.0    86.8   137.4   152.7   242.1   272.4   289.5   302.4   319.0   339.8   370.0   449.7  1457.3  2524.1  33155.0    33216
read      250.5   104.2    80.4   126.9   140.5   235.8   284.6   314.4   334.7   356.3   381.4   419.2   494.0   638.7  4157.3  58944.0    58699
read      250.3   104.6    80.4   129.4   143.4   239.3   283.5   309.5   329.0   349.3   373.0   410.1   486.0   618.0  2302.4  54166.0    53809
read      248.6   134.4    80.4   124.2   137.8   228.7   279.1   309.5   332.0   356.8   387.0   430.8   521.6   713.4  7030.3  72514.0    72797
read      251.8   108.8    80.4   128.4   142.1   227.7   275.9   309.0   333.3   361.6   397.3   449.1   553.0   972.0  1958.2 107296.0   107267
read      249.6    95.5    80.4   127.9   141.6   237.3   283.5   311.1   331.0   352.0   376.5   414.1   490.1   627.8  1669.6  55925.0    55877
read      248.0   108.5    74.4   123.7   137.3   230.2   280.2   312.2   334.1   357.2   385.6   426.7   505.5   656.1  3889.0  70553.0    70507
read      251.4    89.6    80.4   131.8   146.5   243.8   284.7   308.5   326.2   344.7   367.8   400.9   473.1   596.2  2231.4  46403.0    46741
read      253.5   125.9    74.4   137.2   152.2   247.4   281.2   300.8   316.0   333.2   353.6   385.2   461.0  1927.7  4122.2  36893.0    36507
read      249.1    89.8    86.8   140.2   155.7   245.3   275.7   293.6   308.2   325.2   344.3   373.6   431.8   611.7  2362.5  30752.0    30697
read      244.1    68.9    86.8   144.8   161.3   241.6   268.2   282.4   293.3   308.3   327.7   356.6   424.2   593.6  1008.8  25379.0    25261
read      243.5    75.1    86.8   143.8   159.9   240.4   266.8   281.2   293.0   308.1   327.0   356.2   422.4   608.4  3275.6  24965.0    25212
read      250.5    79.5    86.8   139.2   153.8   246.3   278.8   298.1   313.9   331.3   351.3   382.5   454.6   590.3  1644.6  33582.0    33805
read      250.4   106.4    74.4   125.3   138.8   229.1   280.0   312.7   336.2   362.4   393.9   437.3   537.8   783.7  2419.9  76757.0    76345
read      245.1   103.4    80.4   123.8   136.9   222.8   272.0   304.1   328.8   355.0   387.5   434.3   534.6   742.3  1585.2  95284.0    95558
read      247.2   108.7    86.8   142.4   157.9   241.0   269.2   284.8   296.2   313.6   333.9   362.9   435.1  1580.3  3409.0  28447.0    28428
read      237.8    67.7    93.8   146.8   162.3   234.5   258.7   271.0   280.6   292.5   310.8   340.5   404.0   902.8  1282.0  21493.0    21673
read      244.2   102.6    74.4   122.8   136.2   221.9   271.7   302.8   327.6   354.7   388.1   433.7   527.9   683.0  1340.2  88969.0    89018
read      253.4    89.0    80.4   132.0   146.5   245.4   286.9   312.0   329.8   348.0   371.1   404.6   487.1   685.1  1044.1  46907.0    46753
read      248.2    88.7    80.4   137.9   153.2   244.2   274.8   293.7   308.5   325.2   344.4   374.0   443.0   631.4  2940.6  34125.0    34034
read      251.6    97.1    74.4   130.5   145.0   243.2   285.2   310.4   329.0   347.2   370.2   403.7   476.6   588.7  2248.1  47251.0    47329
read      253.4    99.7    74.4   128.5   142.2   239.7   286.8   316.1   336.6   359.0   386.3   426.4   504.2   669.1  2317.0  56673.0    56893
read      249.2    80.0    80.4   135.1   150.6   245.2   279.6   298.0   314.3   332.6   354.5   387.5   457.5   561.9  1547.2  39076.0    38690
read      244.2   116.2    80.4   122.0   135.2   223.0   272.6   303.4   327.5   353.0   384.5   429.5   514.1   713.5  4234.0  80055.0    79988
read      245.7   120.9    80.4   123.9   137.6   221.9   270.2   301.4   325.8   353.2   387.5   436.6   546.3   824.3  3717.4 107535.0   107429
read      249.1    88.8    86.8   132.5   146.8   243.1   280.7   302.2   319.7   338.9   361.9   396.1   463.4   545.9  2253.3  43915.0    43713
read      244.5   100.6    80.4   122.2   135.4   224.4   275.0   308.3   331.8   356.1   385.4   428.4   507.3   625.2  1898.5  76672.0    76624
read      247.1   101.3    80.4   123.3   137.0   228.0   279.5   312.0   335.0   359.1   387.6   427.2   503.9   632.4  1879.2  71451.0    71700
read      251.2    80.5    86.8   134.7   149.8   247.7   283.8   304.2   319.6   337.2   358.5   390.4   459.1   583.5   856.1  40800.0    40703
read      248.2   117.6    80.4   123.7   137.1   222.4   272.6   304.7   330.2   357.6   392.3   444.8   570.6  1411.9  2135.7  94749.0    95489
read      233.0    60.1    93.8   148.6   164.4   231.2   252.4   264.1   271.7   282.7   297.1   324.6   382.9   627.6  1906.9  18610.0    18531
read      243.0   106.1    80.4   122.2   135.4   219.3   268.0   297.9   324.2   351.5   386.0   435.4   543.0   906.0  1301.8  99307.0    99369
read      242.8    67.8    86.8   141.5   157.2   239.7   268.1   283.4   294.9   311.4   332.2   362.6   425.5   526.7   989.8  29273.0    29286
read      253.0    98.7    80.4   133.7   148.8   246.7   285.0   307.9   325.4   343.8   366.4   398.6   467.7   636.6  1726.7  43028.0    42988
read      249.1    99.5    80.4   124.6   138.4   230.9   280.9   312.7   335.1   359.0   387.6   430.2   521.4   678.2  1499.0  69378.0    69249
read      215.7    62.8   101.3   152.0   164.2   211.2   227.4   235.3   243.1   251.3   263.5   284.1   355.7   993.6  1915.9   8013.0     7889
read      247.7    89.3    80.4   126.9   141.0   238.0   281.5   307.4   326.6   345.7   369.8   405.7   477.2   598.2   871.6  51513.0    51783
read      249.4    82.2    86.8   135.2   150.3   244.7   279.7   300.6   317.6   335.2   355.8   386.8   448.2   560.9  1949.5  38929.0    38634
read      245.8   132.4    80.4   122.5   135.6   222.3   272.6   305.7   330.6   356.4   387.2   432.7   531.6   770.9  4365.7  85827.0    86204
read      253.0   118.4    80.4   128.9   142.4   228.6   277.1   310.4   335.1   363.0   397.4   448.6   567.4   923.6  3112.6 109967.0   109534
read      250.3    89.2    86.8   131.4   146.1   244.3   284.1   307.0   324.5   342.4   364.6   396.3   463.1   600.5  1363.2  44486.0    45136
read      250.4   105.4    80.4   125.6   139.4   236.2   284.4   314.2   335.1   357.6   384.5   422.5   498.6   641.0  1679.5  60320.0    59949
read      249.1   152.8    80.4   125.6   139.1   232.4   281.2   311.1   332.1   353.9   380.2   417.5   491.4   617.6  8118.3  62079.0    61681
read      251.4   125.7    80.4   124.2   138.0   228.1   280.3   314.2   338.2   364.2   395.9   441.4   545.8  1050.9  3513.9  76687.0    76329
read      257.3   143.3    80.4   132.9   147.4   246.0   285.4   308.5   326.0   344.9   368.0   403.2   487.0  2178.9  4130.7  44556.0    44322
read      238.3    77.7    80.4   148.3   164.3   235.2   258.5   270.8   280.0   291.9   308.6   336.8   399.3   889.3  3863.0  20745.0    20698
read      245.6   102.2    80.4   123.0   136.3   223.7   273.7   306.5   331.8   358.7   390.3   434.1   528.1   707.1  1335.2  84894.0    84853
read      247.4   100.5    80.4   123.6   136.9   226.8   277.4   310.6   334.4   360.6   391.5   433.8   524.4   691.5   996.4  75956.0    75889
read      239.1   126.2    74.4   119.8   132.7   214.5   263.4   292.4   316.8   343.7   377.4   426.3   541.6   913.6  4241.5  98264.0    98396
read      249.5    91.8    80.4   128.0   141.9   238.6   283.2   310.6   330.3   350.4   373.9   409.7   489.5   642.4  1085.1  53751.0    53818
read      242.0    64.4    86.8   143.4   159.8   240.6   266.4   280.0   291.1   305.3   324.3   353.5   411.7   506.2   979.4  26161.0    26200
read      253.1   119.7    86.8   128.8   142.2   239.9   286.5   315.6   336.0   358.1   383.8   419.8   490.6   623.0  6129.1  54685.0    54761
read      224.0    87.1    93.8   151.5   165.7   220.6   237.7   248.2   254.7   264.8   275.1   298.8   349.3   900.4  3176.8  12311.0    12268
read      254.2   119.4    74.4   130.1   144.0   241.5   286.6   314.7   333.8   354.0   378.5   415.3   490.9   940.8  3480.0  52075.0    52324
read      244.8   106.1    74.4   124.0   137.7   221.5   269.5   299.6   323.8   352.0   386.7   436.5   542.9   878.0  1426.0 106181.0   106440
read      214.1    91.4    93.8   150.4   163.0   208.1   225.0   233.4   240.3   248.8   259.5   276.6   369.2   979.0  5245.0   7173.0     7154
read      244.0   120.9    80.4   122.8   135.7   221.2   271.0   302.6   328.0   355.0   387.8   432.5   520.5   690.8  1315.0  86939.0    87362
read      249.0   100.4    80.4   132.0   146.7   242.4   280.6   302.9   320.4   339.3   362.2   394.7   456.6   553.8  4798.5  43502.0    43716
read      241.7    69.5    80.4   141.8   157.4   239.8   266.8   281.0   292.3   306.8   325.0   352.9   420.0   530.3  1656.8  26916.0    26737
read      248.8    87.8    86.8   133.3   148.3   244.1   279.9   300.9   317.7   336.1   357.8   389.8   455.9   559.1  1737.9  41292.0    41596
read      249.8   138.7    80.4   123.9   137.2   225.1   275.5   308.4   332.7   359.2   392.5   438.5   542.8  1521.3  3588.1  85587.0    85490
read      247.1   102.0    80.4   123.9   137.6   226.3   277.4   309.8   333.8   359.6   390.5   433.6   518.0   672.4  1946.9  77660.0    77612
read      246.4   101.0    74.4   123.3   136.7   225.4   276.7   309.7   334.0   359.5   390.0   432.2   516.4   682.8  1194.2  78203.0    78124
read      249.9   116.2    80.4   125.4   139.1   229.9   281.6   313.9   336.7   361.2   390.2   431.3   507.6   647.9  3256.8  69046.0    69632
read      250.9    81.5    86.8   135.5   150.6   246.6   281.7   302.5   319.4   337.3   358.6   390.3   459.2   603.0  1022.4  39153.0    39180
read      227.3    57.3    93.8   149.0   163.9   224.4   244.6   255.4   264.2   273.1   288.0   313.6   370.4   903.8  1138.6  15667.0    15803
read      251.1    88.0    86.8   135.7   150.7   246.5   281.7   302.0   317.2   335.5   358.0   391.1   459.5   626.3  3019.5  36651.0    36987
read      233.8    71.4    86.8   146.6   162.0   231.2   254.3   266.7   274.5   286.8   301.7   328.0   388.5   876.0  1817.6  19790.0    19833
read      251.6   183.6    80.4   130.4   144.6   242.0   283.3   307.5   324.2   342.1   365.7   400.0   468.2   554.3 12994.8  46179.0    46567
read      246.8    97.2    80.4   126.3   139.5   234.9   280.6   308.2   327.4   347.1   371.7   407.4   479.7   610.3  3004.4  57091.0    57368
read      249.0    85.0    86.8   138.5   153.1   245.3   277.5   296.4   312.6   330.2   349.5   378.0   439.9   583.0  1439.7  35885.0    36003
read      244.6   100.5    74.4   122.7   136.3   227.1   275.5   306.7   329.6   353.5   381.0   421.6   496.7   593.5  2298.0  68837.0    68916
read      244.8   102.2    80.4   123.2   136.4   221.4   271.3   304.5   330.0   357.7   391.3   438.1   535.0   700.8  1636.1  94073.0    93229
read      253.0   134.7    74.4   131.0   145.0   243.6   285.8   310.4   327.4   345.7   369.2   403.3   480.1   756.7  7735.1  46916.0    46632
read      251.0   117.7    80.4   125.8   139.2   225.7   275.1   309.3   333.9   361.4   396.0   446.8   569.1  1251.4  2448.4  94107.0    93663
read      248.8   114.3    80.4   127.5   140.6   225.7   273.8   306.7   331.9   359.2   392.5   440.5   540.0   714.3  4535.5 106438.0   106418
read      251.0    96.8    80.4   126.8   140.4   235.2   285.7   315.8   337.1   360.0   386.9   425.7   499.9   597.4  1184.8  60821.0    60496
read      250.1   105.4    74.4   127.9   141.4   227.3   275.2   307.8   332.1   360.0   395.2   446.3   545.9   741.8   937.5 109390.0   109057
read      245.1   108.3    80.4   122.2   135.4   220.4   269.4   302.4   328.9   357.3   391.3   440.7   558.3   889.0  1813.0  97015.0    96861
read      243.6   105.9    74.4   121.7   134.7   221.1   271.1   302.5   327.3   354.3   387.2   433.0   527.4   803.6  1864.5  86142.0    86255
read      243.5    69.9    86.8   143.8   159.7   240.3   266.3   280.4   291.8   307.0   327.6   358.1   427.7   708.7  1330.3  25451.0    25686
read      232.9    61.0    93.8   149.3   164.7   230.1   251.8   263.6   271.4   282.2   296.3   324.2   388.6   889.6  1903.9  17624.0    17483
read      246.4    94.5    86.8   140.0   155.8   242.8   270.9   287.7   300.4   317.1   337.9   367.1   433.5   695.9  4418.0  28826.0    29211
read      251.4   135.6    80.4   127.3   141.1   237.4   283.5   311.3   331.5   352.9   377.3   416.8   499.8   699.6  7387.5  55328.0    55328
read      246.3   104.9    80.4   123.2   136.7   223.5   273.9   307.7   332.3   359.0   390.9   435.6   541.0   748.5  2105.6  87338.0    87592
read      239.6    64.9    86.8   144.1   160.5   237.5   262.6   274.9   286.2   297.9   316.7   345.2   407.8   571.6  1043.2  24043.0    23882
read      252.9    86.0    86.8   134.0   148.8   247.4   286.7   309.3   325.7   343.2   365.8   398.9   470.1   581.9  1178.3  44638.0    44790
read      229.7   127.0    93.8   153.3   167.9   223.1   242.5   252.9   261.3   270.4   283.9   308.8   374.4  1084.7  5929.7  12385.0    12236
read      254.3   139.1    86.8   133.5   148.9   245.6   282.7   304.7   321.5   340.6   363.6   397.0   468.7  2273.8  6162.6  42474.0    42928
read      245.7   107.2    74.4   124.7   138.1   222.6   271.4   303.5   327.4   354.0   387.3   434.7   538.7   798.1  1790.0 103730.0   103959
read      240.6   106.9    74.4   120.6   133.8   217.4   266.5   295.1   319.3   346.2   380.5   429.4   534.9   886.9  2005.3  97138.0    97347
read      249.1    98.1    74.4   125.1   138.5   232.2   282.9   314.6   336.0   358.7   385.6   426.3   507.4   639.7  1889.1  68529.0    68379
read      246.0   100.9    80.4   124.1   137.6   223.1   273.4   306.5   331.4   358.3   390.7   435.3   530.1   725.4  1203.8  92218.0    92596
read      221.2    91.0   101.3   150.8   163.6   214.7   233.2   244.2   251.8   261.8   273.6   296.9   364.4  1100.0  4070.8  10028.0    10055
read      246.4    76.9    86.8   141.8   157.0   243.6   272.0   288.7   301.0   317.2   337.7   366.5   431.5   534.7  2091.2  29983.0    29634
read      218.7    57.9   101.3   152.9   165.2   214.4   231.4   241.3   249.0   257.6   269.7   291.8   356.1   950.3  1897.0   9270.0     9324
read      246.9    72.6    86.8   142.0   158.1   244.3   273.0   289.6   301.7   317.2   337.4   365.7   426.0   578.4  1894.9  29408.0    30076
read      243.0   113.2    80.4   122.4   135.5   218.2   267.4   297.7   322.4   350.3   385.0   434.5   546.8   988.2  2374.6 100066.0   100150
read      246.1   180.0    86.8   141.1   156.9   239.9   267.2   281.8   293.1   308.6   329.3   361.1   433.0   895.0  7483.1  27621.0    27527
read      247.0   139.7    80.4   123.6   137.2   222.3   271.7   304.3   329.6   357.4   390.6   439.1   540.7   746.8  6088.9  94443.0    95171
read      253.6   110.5    86.8   135.3   149.8   247.2   283.0   304.9   322.4   341.0   364.1   398.3   467.0   690.1  6072.6  40591.0    40523
read      222.7    91.8    93.8   151.0   164.8   217.6   235.2   246.0   252.9   262.9   274.2   297.2   362.1   996.5  4030.2  11372.0    11422
read      216.1    63.1    93.8   150.9   163.4   212.9   229.8   238.9   246.4   253.9   266.4   288.2   346.1   849.2  3007.7   9376.0     9200
read      252.4   118.3    80.4   133.2   147.6   245.5   283.0   304.4   321.0   339.2   362.1   396.0   468.8  1143.4  3477.1  42632.0    42816
read      221.3   105.0   101.3   151.0   164.4   215.8   233.1   243.5   250.8   260.1   272.1   293.1   359.0  1042.2  4374.1  10714.0    10698
read      235.6    59.1    86.8   144.9   161.0   234.2   257.8   269.9   279.0   291.9   309.3   335.6   394.7   528.7   985.9  21886.0    22301
read      254.5    89.8    80.4   131.7   146.6   245.2   288.3   316.3   334.8   354.4   377.6   414.2   488.8   591.9  1146.2  48774.0    48159
read      247.7    79.5    86.8   134.2   148.3   243.7   278.6   299.5   316.3   334.1   354.6   385.3   448.3   542.8  1018.2  40283.0    39987
read      249.5    99.4    86.8   139.0   154.0   245.3   275.8   294.6   309.7   326.5   345.5   375.3   447.2   628.2  3338.7  33515.0    33067
read      247.7   103.2    80.4   125.1   139.0   232.4   280.0   308.9   329.7   351.8   379.0   419.3   495.4   702.7  3520.7  62489.0    62704
read      251.1    89.7    74.4   130.0   144.2   241.5   285.1   310.8   329.5   349.9   375.2   411.3   486.0   604.3   714.6  52394.0    52778
read      245.8   103.8    74.4   122.3   135.9   225.5   276.3   309.0   331.7   356.2   385.8   428.7   519.8   742.1  1224.7  76192.0    75981
read      244.1    98.8    74.4   122.1   134.9   224.4   273.8   305.3   329.8   355.4   386.3   429.5   509.0   679.7   918.0  74558.0    74522
read      229.0    94.7   101.3   150.8   166.2   225.2   245.1   256.3   264.9   273.6   288.2   312.3   372.4   887.4  2676.4  14613.0    14533
read      212.5    57.9   101.3   150.4   161.5   206.6   223.7   232.9   240.4   250.3   264.6   287.9   363.2   950.9  1077.6   5602.0     5566
read      248.2   102.0    86.8   125.2   138.4   226.9   277.7   310.1   334.3   360.9   392.3   435.6   532.6   684.5   850.6  77103.0    78062
read      244.8   101.9    74.4   122.1   135.1   223.4   273.5   306.4   331.1   357.4   388.7   432.8   527.4   707.6  1332.5  82303.0    82399
read      246.9   105.9    80.4   125.0   138.7   223.1   272.2   304.3   328.9   356.3   390.5   440.8   550.1   805.0  1652.9 108850.0   108638
read      248.8   104.7    80.4   125.0   138.7   224.9   275.0   308.8   333.9   362.1   396.0   446.0   556.3   749.9  1467.7  93246.0    93541
read      252.9    93.9    80.4   131.8   145.9   244.8   286.7   311.7   329.9   348.6   371.3   403.0   483.0   692.3  1898.9  47420.0    47145
read      257.2   135.6    74.4   128.3   141.9   229.2   278.9   313.2   337.9   366.8   402.7   456.9   604.6  1752.1  2607.2 109829.0   109796
read      244.8    88.6    86.8   142.7   158.9   241.4   267.8   282.2   293.5   308.6   327.9   358.1   425.7   963.1  3182.5  26220.0    26597
read      213.9    79.5   101.3   150.9   162.1   207.3   225.5   234.7   243.2   252.4   266.4   288.1   345.9   940.9  3669.2   7218.0     7034
read      248.5   122.5    80.4   123.8   137.5   227.9   277.4   309.0   333.4   359.5   389.6   432.1   523.0   828.1  4556.2  71939.0    72616
read      222.2    50.9    93.8   150.7   165.3   219.7   237.6   248.2   254.8   264.9   275.0   296.3   362.2   625.1   993.6  13357.0    13584
read      233.4   135.2    86.8   148.0   162.5   229.7   251.6   263.4   271.1   281.5   295.3   322.4   374.2   938.9  5560.7  19519.0    19750
read      253.6   112.8    80.4   128.1   141.8   230.2   279.9   312.8   337.0   364.6   398.9   448.7   560.8   918.2  1726.6 109098.0   109139
read      225.9    51.0    93.8   149.8   164.4   223.8   243.8   254.6   263.1   271.7   286.1   311.4   369.4   471.2   937.3  15305.0    15150
read      244.4   175.0    80.4   121.1   134.2   222.2   271.4   300.9   325.0   349.4   380.0   424.8   514.8   778.6  8315.6  74580.0    74389
read      246.8   106.2    80.4   123.2   136.7   224.1   274.2   307.0   331.9   359.4   392.7   440.3   536.9   741.0  1625.3  88058.0    87266
read      252.2   114.4    80.4   127.1   140.7   226.2   276.1   309.8   334.4   361.8   397.4   452.8   588.6  1019.9  2184.1 107691.0   108170
read      246.2   110.0    80.4   123.8   137.1   221.7   271.2   303.1   328.3   355.7   390.7   441.5   551.6   885.7  1941.4 104291.0   103631
read      250.9    85.2    80.4   132.4   146.9   245.9   283.8   306.1   322.8   341.3   363.7   396.9   467.7   597.3  1631.0  44542.0    44587
read      250.0   106.0    80.4   124.9   138.4   231.5   280.6   311.3   333.3   357.0   387.2   431.3   533.2   939.4  1840.5  66043.0    66411
read      248.1   103.7    74.4   124.5   138.1   225.5   275.9   308.5   333.1   360.8   394.2   441.7   534.6   783.6  1618.7  89300.0    89167
read      248.1    80.4    86.8   136.4   151.6   244.7   277.5   295.4   310.2   327.2   348.1   378.7   448.1   609.8  1569.5  35832.0    35723
read      248.2   129.1    74.4   123.1   136.6   223.5   273.2   305.8   331.0   358.3   390.7   436.7   544.4  1346.3  3398.1  85834.0    85827
read      246.4   100.8    74.4   123.3   136.8   225.6   276.2   308.4   332.2   358.0   389.8   434.4   518.8   685.1  1193.4  78430.0    78806
read      249.2   110.3    80.4   123.4   137.0   224.9   275.0   310.4   335.4   362.6   395.7   445.1   567.3   875.5  1911.9  89667.0    89641
read      226.2    63.1   101.3   151.3   166.2   222.5   241.6   251.9   259.9   269.4   282.9   309.0   370.5   916.3  2303.4  14110.0    14186
read      252.6    93.3    80.4   128.6   142.8   241.5   286.9   314.0   333.5   354.3   379.4   418.4   498.9   639.1  1261.7  52298.0    52308
read      251.2   110.2    80.4   126.8   140.6   237.6   284.0   311.4   331.0   352.1   379.4   422.0   507.7   693.1  4094.9  57138.0    56743
read      247.7    81.6    86.8   135.0   150.0   243.3   276.5   295.5   311.8   330.2   351.7   386.6   456.0   548.8  1760.2  37996.0    38302
read      247.0   106.2    80.4   123.0   136.5   227.2   277.2   308.2   331.0   355.6   386.4   430.1   526.8   726.8  2105.5  71564.0    71662
read      246.1    79.3    80.4   136.2   151.3   243.2   274.7   293.1   307.3   323.7   343.5   372.9   436.0   545.6  1808.5  35543.0    36015
read      247.4   100.9    80.4   124.4   138.1   231.2   280.8   310.0   331.8   355.0   382.0   421.6   504.2   654.1  2172.0  65117.0    65048
read      246.8    99.7    74.4   122.9   136.4   227.6   277.3   309.2   332.9   358.4   389.6   432.2   520.4   672.2  1082.9  72880.0    72989
read      244.0   101.6    80.4   121.9   135.0   223.8   273.1   305.2   328.9   354.4   385.7   430.6   520.3   667.2   860.4  76353.0    76390
read      242.4    90.7    86.8   144.9   161.1   238.3   264.2   277.8   289.5   303.4   322.2   351.5   418.7   603.8  3932.6  24608.0    24409
read      249.8   111.7    74.4   124.2   137.7   227.3   277.3   310.5   335.5   362.8   396.0   444.9   545.4   808.4  3063.4  85244.0    85530
read      222.7    70.9    86.8   153.2   165.9   216.3   234.1   245.7   253.5   264.9   278.8   308.7   393.4   902.9  3820.6   8323.0     8346
read      253.2   134.0    80.4   124.2   138.0   232.2   281.7   312.8   335.5   360.6   391.7   436.9   539.7  1825.2  4411.1  69608.0    69627
read      248.9    98.6    80.4   123.9   137.5   231.4   281.4   312.5   334.9   359.6   390.2   432.5   511.5   654.9   943.4  70007.0    70266
read      247.4   124.9    74.4   121.3   134.6   222.5   272.7   305.4   330.5   357.0   390.7   441.7   576.9  1093.1  3986.3  89810.0    89525
read      247.7   100.1    80.4   123.3   136.6   229.1   279.9   310.8   333.4   357.9   387.9   430.8   526.9   730.6  1055.8  70958.0    70975
read      251.6    97.5    80.4   130.4   144.6   244.0   284.0   308.2   326.8   345.5   368.9   403.2   485.8   632.4  2637.5  46506.0    46633
read      231.0    78.5    86.8   147.5   163.5   228.2   249.3   261.0   269.4   279.7   294.2   319.5   378.8   674.6  3899.7  17100.0    16963
read      245.1   120.9    74.4   122.3   135.6   219.8   269.2   300.7   325.8   353.0   387.0   437.0   549.2  1162.9  2899.6 108810.0   109556
read      246.0   142.8    74.4   121.5   134.4   222.5   272.0   303.2   328.1   355.1   388.9   438.1   543.5   991.3  2987.3  91483.0    91124
read      251.1    95.3    80.4   128.5   142.4   241.2   285.3   311.6   330.5   349.9   374.1   412.1   484.3   679.4  1489.1  51453.0    51505
read      249.7   116.1    74.4   123.4   137.0   224.2   274.3   308.2   334.2   362.3   397.1   450.4   580.0  1034.9  2011.7  93302.0    93804
read      255.5   115.5    80.4   128.0   141.4   239.1   286.1   315.2   335.7   358.4   387.5   432.8   544.6  1176.9  3001.0  58271.0    58474
read      252.9    84.1    86.8   134.9   149.2   247.6   286.0   309.6   326.8   344.4   367.0   398.2   463.0   571.8  1367.9  43570.0    43487
read      252.2   114.7    80.4   126.3   139.8   234.7   283.7   314.5   336.0   359.3   387.9   429.6   521.9   999.5  3176.6  62319.0    61792
read      250.8    95.6    80.4   127.3   140.7   237.1   284.8   313.6   334.0   355.8   382.2   422.7   505.1   659.2  1124.0  59306.0    59548
read      253.0   135.1    80.4   133.1   147.8   244.9   283.1   305.9   322.6   341.8   364.6   397.7   469.2   664.6  5827.7  43494.0    43635
read      247.7   101.0    80.4   142.1   157.7   242.8   270.6   286.8   298.6   314.8   334.6   365.7   444.2  1268.8  2536.3  27774.0    27536
read      254.0    91.9    80.4   134.8   149.8   248.5   286.7   309.3   326.2   344.3   366.3   398.5   468.9   616.3  1164.5  42724.0    42828
read      256.8   128.1    80.4   129.3   142.9   231.3   281.2   314.5   338.3   366.3   401.9   455.6   571.6  1197.5  3505.4 108949.0   109424
read      245.0   106.9    74.4   122.2   135.5   224.5   273.7   305.3   329.5   355.0   385.8   429.3   521.4   762.1  1944.9  78270.0    78273
read      251.1    98.1    80.4   126.3   140.6   236.2   284.0   313.5   334.8   357.7   385.2   425.3   509.0   675.6   931.1  60581.0    60279
read      252.0   108.8    80.4   139.2   154.8   247.4   278.2   296.1   311.7   329.2   349.7   382.8   464.4   742.2  6524.6  35091.0    35178
read      248.2    98.7    80.4   123.6   137.4   230.8   280.0   311.0   333.9   358.4   387.7   429.7   514.8   690.0   848.3  66906.0    67279
read      247.9   128.5    74.4   122.8   136.4   224.6   274.6   308.2   333.0   359.6   391.9   436.0   543.1   825.4  3226.6  80926.0    80752
read      248.3    77.6    80.4   137.6   152.4   245.1   277.2   295.5   310.4   327.5   347.9   379.9   447.0   596.5  1142.0  35283.0    35012
read      218.6    58.9   101.3   154.0   166.0   214.1   231.4   241.3   248.8   257.3   271.0   292.4   360.1   954.0  2606.5   8017.0     7936
read      219.3    65.3    93.8   152.3   165.4   215.2   232.7   242.8   249.9   258.4   270.5   292.3   354.8   937.8  3029.1   8481.0     8578
read      247.0   122.2    74.4   124.1   137.5   224.6   273.2   305.8   331.0   358.4   392.0   437.7   534.9   714.4  2052.7  89028.0    89696
read      214.0   119.6    93.8   150.6   161.5   205.3   223.0   233.8   242.3   251.8   266.1   291.3   371.2   937.2  7800.2   5622.0     5569
read      240.0    76.6    86.8   141.3   157.0   237.0   263.7   277.0   288.5   302.1   322.4   351.5   423.4   592.1  2808.6  26617.0    26905
read      250.8    83.2    86.8   132.9   147.7   245.3   283.2   305.4   321.8   339.8   362.7   396.7   466.0   588.8   941.1  42322.0    42389
read      248.5   136.9    80.4   122.2   135.4   223.1   273.6   306.0   330.8   357.9   391.6   438.0   550.3  1605.8  3665.8  84924.0    84689
read      249.5    94.5    80.4   127.7   140.9   236.6   284.0   312.4   332.5   353.7   379.2   416.4   491.8   586.6   752.0  59484.0    59305
read      251.7   169.6    86.8   132.4   146.6   242.5   281.5   303.9   321.3   339.9   363.0   396.8   470.0   723.3 12061.9  44625.0    44512
read      246.9   101.6    80.4   122.9   136.7   227.6   276.8   307.4   330.5   356.2   388.0   433.7   529.8   770.5  1273.6  72099.0    72395
read      245.4   101.2    80.4   122.5   135.5   226.2   275.8   307.2   331.0   356.5   386.3   429.2   511.5   654.2  1558.2  74485.0    74619
read      248.1   112.6    80.4   125.1   138.5   230.7   280.2   310.3   332.5   356.0   384.5   424.7   502.7   619.2  4363.6  67242.0    67302
read      246.6    90.9    74.4   125.3   139.5   235.5   280.6   306.6   326.5   347.2   371.6   408.2   482.1   603.6   986.6  57145.0    57822
read      215.6    92.1   101.3   150.6   162.3   209.2   226.6   235.3   243.1   251.3   264.2   286.1   361.7  1952.6  3037.8   8117.0     8117
read      246.1   109.5    74.4   123.8   137.5   221.5   270.4   302.6   327.9   355.7   391.0   440.7   549.8   963.0  2454.1 105266.0   106178
read      243.2    81.4    93.8   144.5   161.0   240.0   267.0   281.2   292.2   306.2   323.9   351.1   413.3   650.5  2878.0  25177.0    25089
read      246.1    99.8    80.4   123.4   136.7   229.2   277.9   308.0   330.0   353.4   382.3   424.9   514.2   641.9  1327.9  68399.0    68848
read      244.0   104.9    80.4   122.5   135.9   220.6   269.5   299.8   325.9   353.0   387.0   436.5   545.4   862.2  1253.9  98704.0    98941
read      246.6   123.5    74.4   122.2   135.4   224.1   273.6   304.8   329.0   355.0   386.7   433.4   537.8  1132.7  3248.3  78128.0    78157
read      252.1   109.1    80.4   127.9   141.0   228.0   275.5   309.4   333.9   361.9   397.4   451.8   571.4   952.8  1594.4 109385.0   109857
read      253.8   116.3    80.4   128.7   142.4   228.8   277.6   311.4   336.5   365.0   399.3   451.8   572.4   951.8  3644.1 109017.0   108875
read      246.4   133.8    74.4   122.2   135.2   221.8   272.4   303.9   328.6   357.5   391.8   438.9   544.0   846.9  3396.7  86363.0    86646
read      245.8   102.9    80.4   122.9   136.2   224.3   274.3   306.8   331.4   358.1   389.6   433.9   525.5   741.5  1432.1  83459.0    83239
read      252.9   113.9    80.4   129.5   143.5   241.0   285.5   313.0   332.0   351.9   376.2   415.3   495.6   736.7  4361.8  51091.0    51061
read      247.1   109.2    80.4   123.5   136.6   223.1   273.1   306.9   332.8   360.7   394.1   441.1   541.6   843.3  2503.0  89910.0    89906
read      250.5    96.0    80.4   127.2   141.0   237.8   284.2   313.2   333.8   355.0   379.9   418.6   495.8   673.2  1724.7  56656.0    56601
read      251.5   123.9    74.4   123.4   137.4   230.8   280.4   311.9   335.0   360.1   390.8   435.0   541.5  1435.8  2173.1  71635.0    71203
read      249.9   104.7    80.4   126.6   139.6   226.3   275.3   309.8   334.9   362.8   396.7   447.4   549.4   780.1  1393.9  95867.0    95942
read      247.2   113.6    80.4   123.0   136.8   227.5   276.5   308.4   331.4   355.3   385.1   428.0   525.2   868.3  3449.1  71610.0    71622
read      239.6   101.3    80.4   120.4   133.4   216.4   265.3   295.3   320.5   347.9   381.5   431.6   533.6   724.1  1219.5  96923.0    97182
read      241.0    71.3    80.4   140.4   155.8   239.1   266.6   281.1   291.8   306.2   325.7   354.9   415.0   524.2  2237.7  27842.0    27718
read      251.5    87.3    80.4   131.3   145.7   244.2   285.4   310.2   328.2   346.3   369.2   402.4   477.7   606.8  1081.9  46821.0    46519
read      243.7   107.7    80.4   122.0   135.2   221.7   271.7   302.0   327.3   354.7   387.8   433.0   525.4   685.8  2091.6  83201.0    83197
read      246.1   101.5    80.4   123.4   136.6   225.2   274.7   307.5   331.7   357.7   389.1   434.1   523.0   689.2  1619.9  79295.0    79080
read      250.0   112.8    80.4   124.2   137.8   230.7   281.2   313.6   336.7   361.0   390.0   432.5   517.6   758.6  3771.6  69734.0    69401
read      251.3    94.8    86.8   131.6   145.8   244.6   284.8   309.1   326.5   344.3   366.9   400.0   468.5   586.4  3547.5  45936.0    45684
read      234.3    60.6    86.8   149.5   164.5   231.7   254.0   266.5   274.3   286.5   301.2   328.9   382.1   535.6  1032.2  18366.0    18120
read      239.2   104.4    86.8   146.2   162.1   235.5   258.7   271.3   281.0   292.5   310.6   340.6   402.3   893.0  5089.2  21049.0    21245
read      251.1   130.1    80.4   134.5   149.3   244.5   279.8   299.1   315.6   334.2   356.9   390.9   461.6   785.5  3430.4  39339.0    39039
read      244.0    96.3    80.4   122.5   136.3   226.9   275.7   303.9   325.8   349.5   378.4   420.8   506.4   673.4  1049.8  67271.0    67458
read      248.4    82.4    86.8   133.1   147.3   243.5   280.4   301.9   318.2   335.8   356.7   388.8   460.5   576.7  1540.6  42742.0    42773
read      234.2    67.6    86.8   147.4   162.4   231.4   253.8   266.4   274.3   286.9   302.6   331.6   392.9   534.5  3068.0  20573.0    20690
read      248.0    99.6    80.4   125.2   138.6   232.2   281.1   310.8   332.6   355.2   382.2   422.8   501.9   649.4  1443.5  63850.0    63440
read      249.0    87.2    80.4   133.5   148.5   243.4   280.5   300.9   318.2   336.4   357.7   389.0   453.5   590.9  2600.0  41661.0    41615
read      251.0   116.5    80.4   125.2   139.0   225.5   275.4   309.9   335.1   362.9   397.2   448.4   578.5  1011.8  2491.5  96915.0    97229
read      249.4   116.6    80.4   123.6   137.2   225.2   275.4   309.9   334.6   362.0   395.4   443.6   552.5   953.7  2735.5  85600.0    86249
read      235.3    60.9    80.4   145.7   162.1   232.6   255.7   267.9   275.6   288.7   305.4   335.2   403.2   557.8  1097.0  20845.0    20807
read      242.9    67.3    86.8   143.3   158.8   240.7   267.9   282.7   293.2   308.0   327.3   355.2   414.6   536.5  1003.5  26132.0    26130
read      249.4    98.5    86.8   140.4   155.8   245.4   275.0   293.0   307.3   324.0   343.6   371.9   443.8   768.9  3910.7  30667.0    30510
read      253.1    88.5    80.4   132.3   147.6   246.6   286.2   310.2   327.2   345.3   368.0   402.4   473.8   593.8  1345.0  44011.0    43868
read      251.3   110.7    80.4   128.2   141.7   238.9   285.0   313.4   333.0   353.3   376.2   412.8   489.1   631.9  4362.3  55378.0    55324
read      236.6   115.4    86.8   146.2   162.0   231.2   253.7   266.2   274.2   286.9   302.8   332.4   404.8  1116.5  4741.2  20453.0    20437
read      215.8    54.1   101.3   150.9   163.3   212.6   229.5   238.5   246.1   253.8   266.0   285.4   346.1   932.5  1891.5   9629.0     9548
read      220.9    56.1   101.3   150.0   164.0   217.9   236.0   246.9   253.7   263.4   273.7   295.4   356.3   921.6  1170.3  12062.0    12101
read      247.2   100.5    68.9   123.5   137.1   227.9   278.0   311.5   334.4   358.7   387.5   429.3   519.5   679.2  1186.6  71670.0    72073
read      237.0    67.1    86.8   144.8   161.0   234.5   258.4   270.7   280.2   292.6   310.8   338.8   400.8   549.2  1548.9  21358.0    21310
read      247.1   106.3    80.4   122.8   136.2   224.4   273.5   306.8   332.1   359.9   394.0   444.8   547.0   731.4  1574.7  90558.0    90755
read      250.6    93.8    80.4   130.2   144.2   241.1   284.1   309.9   328.6   347.6   371.3   408.2   481.6   587.0  1524.4  50904.0    51252
read      252.4   131.2    80.4   128.8   142.6   240.6   285.0   311.2   330.2   350.5   373.9   411.2   489.1   908.2  4713.2  53064.0    53070
read      252.2    87.1    80.4   131.0   145.3   244.7   287.3   313.1   330.6   348.4   370.9   403.8   471.5   582.7   729.3  47700.0    48181
read      246.3   107.9    80.4   124.1   137.5   222.6   271.3   304.1   330.3   358.5   392.8   438.6   538.1   786.7  1998.9  97538.0    97336
read      246.2   102.5    80.4   123.7   137.1   223.2   273.0   305.6   330.8   358.3   392.5   440.1   537.7   726.3  1204.2  91711.0    91976
read      245.5   105.2    80.4   123.9   137.1   222.3   272.5   304.8   329.9   357.5   391.5   437.3   532.8   726.8  1588.4  94753.0    94742
read      249.0    97.9    74.4   124.5   138.5   232.1   281.7   312.8   334.9   358.8   387.9   429.2   508.0   636.3  1332.9  65963.0    66079
read      241.5   102.2    80.4   120.8   133.7   220.9   270.8   300.7   324.6   349.1   380.7   428.1   517.1   679.7  1900.2  79057.0    79328
read      247.9    94.6    80.4   130.0   144.4   241.1   279.4   302.3   320.3   338.5   360.9   394.7   468.9   599.2  3913.9  45229.0    45235
read      249.2    95.6    86.8   135.8   151.1   244.1   276.0   295.0   310.0   327.3   348.6   381.5   459.4   971.2  2641.4  35265.0    35310
read      244.8   128.1    74.4   121.1   134.2   222.5   272.2   302.0   326.6   353.1   384.0   429.2   518.0  1052.3  3653.1  76953.0    76589
read      251.9   128.2    80.4   126.2   139.4   224.8   273.2   306.4   331.4   359.7   396.4   452.8   607.9  1253.4  3342.9 107152.0   107175
read      245.0   100.8    80.4   122.0   135.3   224.9   274.6   306.7   331.0   356.7   387.7   431.7   513.8   674.7  1161.3  78506.0    78127
read      225.9    60.8    86.8   151.6   166.5   222.9   241.6   252.3   260.4   269.4   281.6   303.6   368.9   919.0  1250.3  13496.0    13331
read      251.3   178.3    80.4   125.3   139.5   234.8   282.8   310.8   331.5   353.9   382.1   423.8   508.5   670.9 12110.7  58909.0    59382
read      241.9   101.5    74.4   120.6   133.5   219.9   269.9   300.6   326.3   353.0   385.4   430.9   522.7   713.0   960.1  87799.0    87477
read      240.9   125.1    74.4   120.4   133.3   216.7   265.8   295.1   319.9   346.8   380.0   430.4   534.7   904.1  4200.5  92500.0    92020
read      248.4   107.3    80.4   126.0   139.5   224.3   273.0   305.2   329.8   357.9   394.0   445.7   554.6   830.6  1621.9 108829.0   109297
read      248.6    85.8    80.4   131.8   146.5   242.9   279.9   300.9   318.2   336.9   359.9   394.9   469.1   628.4   988.5  42188.0    42293
read      251.3    92.1    80.4   128.3   142.1   239.9   285.9   314.3   334.0   354.6   377.6   415.4   488.4   609.9  1053.8  52867.0    52962
read      239.0    69.3    86.8   145.1   161.4   236.3   261.2   273.9   285.0   296.8   315.9   342.6   402.0   529.7  1157.4  23527.0    23492
read      221.1    58.9    93.8   149.7   163.7   217.9   235.3   246.5   253.7   263.8   274.6   296.0   348.1   938.5  1827.4  12563.0    12594
read      243.6    96.3    74.4   121.7   135.2   226.1   274.2   304.3   327.5   352.1   381.6   424.0   502.3   636.0   751.4  68742.0    69120
read      247.9    95.7    80.4   126.4   139.9   234.5   280.1   307.3   328.4   348.9   374.1   415.3   496.7   638.7  1833.8  57461.0    57144
read      248.8    95.4    80.4   125.7   139.7   235.8   282.5   310.2   330.7   352.1   377.6   416.8   494.3   657.1  1315.7  57454.0    57232
read      242.0    97.7    80.4   121.0   133.9   224.1   273.2   302.7   326.3   350.3   379.2   421.2   500.3   612.0  1593.0  71998.0    71593
read      252.8   108.8    80.4   132.5   147.4   246.1   282.1   303.3   319.7   338.7   362.1   397.5   490.4  1190.5  2627.7  40957.0    40799
read      245.6    74.8    86.8   140.6   156.0   243.9   271.9   287.8   299.0   315.3   335.5   365.2   426.7   538.7  2773.8  29633.0    29614
read      243.5   106.6    74.4   122.4   136.1   219.5   267.9   297.5   322.0   349.9   385.2   436.6   549.1  1024.7  1627.4 106742.0   106611
read      250.1    90.7    80.4   129.8   144.0   240.7   282.5   307.1   326.0   345.5   370.1   406.5   490.9   638.7  1750.2  49718.0    50009
read      249.9    88.7    80.4   130.4   144.4   242.1   283.0   306.9   325.4   344.3   368.4   402.9   468.0   571.7  1347.1  47612.0    47727
read      232.5    89.0    86.8   150.4   166.6   227.6   248.7   260.7   269.4   280.2   295.4   323.4   397.8   954.5  5737.4  15531.0    15204
read      250.7    91.0    80.4   129.5   143.8   241.8   283.8   309.9   328.6   347.3   373.0   407.7   480.6   592.4  1014.5  50580.0    50703
read      250.9   105.2    80.4   126.4   139.7   236.5   284.5   314.5   335.6   358.4   385.3   423.2   502.3   663.5  3466.5  60936.0    60979
read      248.0    82.5    86.8   135.8   151.1   244.0   277.5   296.7   312.9   330.3   349.3   382.0   445.4   542.3  1906.8  37238.0    37662
read      232.2    64.0    93.8   150.3   166.0   229.1   250.2   261.9   269.8   279.8   295.1   323.0   385.2   734.5  1532.6  17039.0    16932
read      247.3   104.4    80.4   124.4   138.2   224.4   273.0   304.5   329.0   357.2   392.8   443.0   544.6   819.6  1386.1 100009.0   100183
read      248.9   105.0    80.4   124.2   137.8   229.6   280.4   313.1   335.8   360.0   389.6   432.8   515.9   675.7  2215.2  69120.0    69175
read      244.8    74.7    80.4   142.0   158.0   242.2   269.4   284.5   295.5   311.9   332.6   362.4   426.4   582.6  1924.5  27442.0    27515
read      251.6   122.8    80.4   127.0   140.4   227.1   275.9   308.7   332.9   359.9   394.5   446.6   564.6  1022.4  4183.4 106274.0   106411
read      251.0    88.7    80.4   130.7   145.0   242.9   284.8   308.7   326.9   346.4   370.1   404.3   477.4   586.8  1749.4  49774.0    49629
read      252.1   115.7    80.4   126.1   139.5   234.3   283.3   315.3   337.3   360.2   388.0   429.6   522.4   760.2  4004.7  63311.0    63537
read      245.9   102.1    74.4   123.3   136.7   223.4   273.1   306.3   331.9   358.8   391.5   436.5   534.7   715.0  1331.7  87777.0    88081
read      253.4    95.3    80.4   129.0   142.7   241.1   287.5   315.2   334.8   356.2   382.2   422.9   507.6   673.3   960.8  55402.0    55527
read      249.0   107.5    80.4   123.9   137.3   230.1   279.8   312.9   336.7   361.6   391.2   433.0   510.0   670.1  4077.8  69809.0    69558
read      249.4    99.8    80.4   125.6   139.4   234.8   281.4   311.2   332.7   355.4   382.7   422.7   503.3   667.8  1142.3  60477.0    60702
read      228.5    96.4   101.3   150.4   165.0   222.8   242.1   252.9   261.6   271.4   286.8   315.5   396.9   989.3  4018.4  13530.0    13487
read      248.3   100.0    74.4   123.4   137.0   231.4   280.1   310.8   333.5   357.8   386.8   428.3   512.6   679.7  2064.1  66629.0    67037
read      222.6   119.6    86.8   152.1   164.8   215.3   232.0   242.1   249.8   259.1   271.9   297.3   384.9  1480.9  6057.2   8440.0     8281
read      248.3    83.2    80.4   137.6   152.0   245.1   276.4   294.4   309.5   326.9   346.0   377.3   449.1   594.7  2883.1  34945.0    34986
read      245.5   136.2    80.4   122.2   135.4   223.2   272.2   303.6   328.9   355.6   387.3   431.9   533.6   795.5  4731.3  82031.0    82336
read      255.5   167.0    74.4   125.3   138.7   225.8   275.1   308.8   333.5   361.6   397.5   453.6   648.7  1732.7  7154.0 101087.0   101465
read      244.5   101.8    80.4   121.8   135.1   222.6   272.4   303.8   329.0   355.7   388.7   435.5   531.6   713.8  1274.5  82307.0    82733
read      247.4    94.0    80.4   131.8   146.3   241.0   278.3   298.7   315.7   334.7   357.3   390.3   458.6   616.8  2677.3  44570.0    44752
read      250.4   109.2    80.4   125.6   139.3   226.2   274.9   307.7   332.7   361.3   396.6   450.1   569.1   873.1  1664.2 104395.0   104681
read      249.6    97.8    80.4   128.1   141.7   238.0   282.5   309.4   329.2   350.2   374.9   414.4   490.7   619.7  3517.4  54274.0    53872
read      247.3   113.0    80.4   123.0   136.2   224.2   273.9   306.7   331.9   359.0   392.1   439.5   545.9   883.6  3019.3  86671.0    87376
read      247.9    99.9    80.4   123.7   137.2   229.8   279.5   311.4   334.5   358.8   387.6   428.9   514.0   671.2  1439.9  70958.0    70834
read      245.4   102.5    80.4   122.1   135.5   223.5   273.8   306.6   331.3   357.3   389.1   434.9   532.1   690.0  1910.9  86787.0    86701
read      252.1    97.7    80.4   128.7   142.4   239.5   285.6   314.8   334.5   355.7   382.1   419.7   498.1   632.1  1577.7  56551.0    56054
read      243.5   101.3    74.4   122.9   136.9   221.2   268.9   299.3   323.3   350.1   385.1   434.2   542.8   786.3  1184.2 106706.0   106733
read      216.9   135.8    86.8   149.2   160.2   207.7   225.6   234.8   242.9   251.8   265.9   290.8   388.0  1355.9  5836.5   6590.0     6476
read      246.5    82.6    74.4   138.9   154.1   243.8   273.8   290.8   303.6   319.4   339.4   368.4   439.8   577.1  2157.0  33128.0    33857
read      229.5    72.4    93.8   150.6   165.6   226.5   246.7   257.2   265.6   273.9   288.9   313.7   373.5   915.0  3350.6  16257.0    15953
read      252.3    99.1    74.4   133.6   148.8   245.3   282.3   304.3   321.6   340.0   362.6   396.2   471.6   933.0  2534.7  41448.0    41252
read      243.6   110.8    74.4   121.4   134.6   224.2   273.0   304.4   329.2   353.7   383.6   426.2   508.9   641.6   895.2  76898.0    76853
read      245.4    92.3    86.8   137.8   153.4   241.8   271.5   288.5   301.3   317.7   338.6   369.3   437.4   581.4  3414.5  32949.0    32962
read      247.8   110.3    80.4   123.3   136.7   225.1   276.5   311.5   336.1   362.0   392.9   436.1   528.9   750.1  2219.0  83456.0    83564
read      251.2    85.6    86.8   132.1   146.2   244.0   284.3   308.3   325.9   344.3   367.6   402.7   473.0   587.6   932.6  46176.0    46260
read      250.6    89.4    80.4   131.2   145.6   243.2   283.3   307.6   325.0   343.3   366.0   399.7   470.3   638.6  1517.6  46579.0    46426
read      244.4   104.9    80.4   123.0   136.6   221.0   269.4   300.4   325.4   354.5   389.1   437.7   543.6   789.0  1324.9  99866.0   100015
read      246.8   116.0    80.4   122.0   135.5   224.7   274.4   306.1   330.4   356.5   388.8   435.6   544.2   879.9  2053.1  78004.0    78102
read      237.9    63.7    80.4   142.8   158.9   236.0   261.2   273.5   284.3   296.3   316.3   343.5   406.9   549.8  1013.6  24189.0    24168
read      241.8    81.2    86.8   143.6   159.1   238.7   265.9   279.5   290.7   304.7   323.7   351.7   408.6   564.1  3552.3  25591.0    25529
read      233.0    79.8    93.8   149.3   164.2   228.8   250.9   263.3   271.5   283.3   298.8   327.9   387.6   618.6  3958.6  17493.0    17342
read      248.8   106.6    80.4   123.8   137.8   229.5   278.7   310.7   334.0   359.3   390.3   433.4   530.9   690.1  1740.9  71659.0    71657
read      255.6   188.4    80.4   126.8   140.5   236.5   283.6   312.3   332.4   354.6   383.0   423.8   516.9  2618.6  7940.6  59882.0    59805
read      249.7   104.3    80.4   128.3   141.9   236.7   281.3   308.6   329.0   349.8   375.5   416.3   493.2   675.8  1954.2  55478.0    55558
read      248.2   101.7    80.4   123.7   136.7   226.7   276.3   309.8   335.0   362.4   395.5   441.4   539.0   689.0   831.0  79165.0    79251
read      223.9    77.8    93.8   152.7   167.0   217.3   234.7   245.8   253.1   264.3   278.5   308.4   397.0   961.6  3373.4   9076.0     9123
read      239.6   100.6    80.4   121.6   134.8   216.6   264.3   294.0   318.0   344.7   379.3   429.2   535.7   770.8  1395.0 108409.0   109516
read      250.9    94.3    80.4   134.3   149.6   244.1   279.7   300.6   317.4   336.1   359.6   396.3   480.8   742.3  2766.2  40956.0    41153
read      238.6   101.9    74.4   120.6   133.5   216.5   264.4   293.2   317.5   344.4   377.6   427.1   525.5   774.8  1103.6  98925.0    98946
read      247.9    97.8    80.4   126.5   140.2   235.8   280.9   309.2   329.8   350.1   374.6   412.6   480.0   602.9  3076.1  56517.0    56315
read      247.1   104.3    80.4   123.7   137.1   224.0   274.1   307.6   332.3   359.3   393.0   441.1   541.4   762.7  1344.3  92238.0    92525
read      246.8   103.4    74.4   123.2   136.5   225.8   275.9   309.1   333.1   359.3   391.1   434.5   520.8   690.1  1616.4  80148.0    79997
read      253.8    97.2    74.4   129.7   144.1   243.5   287.0   313.9   332.9   353.3   377.4   413.1   496.7   770.3  2132.3  49002.0    48998
read      249.8   105.0    74.4   124.7   138.7   231.7   281.9   312.8   335.0   359.1   388.3   430.2   520.7   663.4  1723.2  67118.0    67260
read      243.4   143.6    80.4   120.1   133.1   217.6   267.3   297.0   322.9   350.2   384.2   432.9   545.5  1221.5  4883.3  88219.0    88431
read      250.6    90.3    74.4   128.7   142.9   240.7   284.3   311.1   330.2   349.7   373.8   413.1   492.3   611.9   714.0  51500.0    51359
read      249.0    94.0    80.4   125.9   139.6   235.1   283.0   312.9   333.6   355.2   381.6   420.8   499.5   593.9   768.0  60428.0    60398
read      253.6   119.6    86.8   133.3   148.2   244.8   282.8   305.7   322.9   340.9   363.8   399.5   482.3   991.9  4504.5  41724.0    41854
read      239.9    64.1    74.4   145.2   161.5   237.2   262.6   274.8   286.3   298.7   319.8   346.7   409.7   536.4  1001.6  23789.0    23797
read      243.7   105.3    80.4   121.5   134.8   221.5   271.7   304.0   329.7   356.3   388.4   433.0   522.2   695.0  2258.7  83242.0    83091
read      246.5    99.7    74.4   123.4   136.7   225.9   276.3   310.3   334.1   359.0   389.1   431.7   520.9   674.9   933.6  78412.0    78319
read      246.3   110.2    80.4   124.8   138.1   222.6   271.2   303.4   328.5   355.9   389.9   438.0   544.3   803.1  2427.7 101803.0   101978
read      247.4   105.9    74.4   123.9   137.5   223.5   272.7   306.0   331.2   358.3   392.7   444.4   553.3   853.8  1506.3  98459.0    97985
read      247.3   106.6    80.4   123.0   136.5   224.8   274.8   307.3   332.1   359.8   392.9   438.4   543.1   786.6  2154.3  82791.0    82850
read      240.2    65.0    86.8   144.7   160.8   237.3   263.5   276.3   287.7   300.3   318.9   348.3   407.1   509.1  1013.2  24564.0    24622
read      245.0   107.5    80.4   122.3   135.9   221.5   270.3   302.4   328.3   356.0   390.8   438.5   542.3   793.9  1617.1  99986.0    99932
read      252.9   147.1    80.4   131.2   145.6   243.9   284.9   309.7   327.6   345.5   368.4   401.7   484.4   661.8  9736.2  46805.0    46761
read      252.2   113.9    80.4   127.1   140.5   237.6   284.6   313.3   333.3   354.4   379.7   418.0   504.6  1260.8  3680.8  56388.0    56274
read      240.4    70.0    80.4   143.2   159.3   238.2   264.1   277.0   288.5   301.9   322.0   348.7   403.0   581.8  1965.4  24735.0    24750
read      250.0    93.5    80.4   130.9   145.1   242.7   282.8   306.0   323.5   343.5   367.4   401.0   468.3   566.1  1315.5  46884.0    46988
read      243.1   103.5    80.4   122.1   135.3   219.7   269.4   301.0   326.3   353.4   388.5   436.6   535.0   734.7  1944.3  96134.0    96633
read      247.2    74.4    80.4   138.8   153.9   244.9   274.4   292.3   306.3   322.7   342.8   372.4   440.7   564.9  1155.1  32738.0    32524
read      246.3   107.6    74.4   122.3   135.5   223.4   272.8   305.1   329.7   358.0   392.2   439.7   546.4   868.5  1672.1  82940.0    82709
read      249.6    99.2    80.4   124.5   138.6   233.2   282.4   313.1   334.3   357.3   385.6   427.4   511.8   674.2  1782.1  64615.0    64734
read      251.9   113.0    80.4   131.9   146.8   244.0   283.1   307.2   324.7   342.7   365.6   401.0   477.9   782.1  4601.8  45120.0    44841
read      237.8    77.0    93.8   142.9   158.9   234.5   259.5   272.0   282.4   294.7   314.6   343.2   414.4   741.8  2021.1  23129.0    23220
read      249.5    93.7    74.4   128.5   142.2   238.9   283.4   310.2   329.4   349.6   373.0   409.1   481.1   597.0  2718.1  52578.0    52173
read      248.0   134.5    74.4   122.8   136.1   222.7   273.2   306.1   330.9   357.8   392.1   442.2   560.7  1042.6  5704.4  87655.0    87894
read      251.0    93.2    80.4   128.2   142.1   239.5   286.1   314.2   333.1   352.9   377.0   414.2   488.2   611.2  1241.5  55401.0    55637
read      244.9    73.6    86.8   138.2   153.4   242.5   271.2   287.9   300.4   317.3   338.0   368.2   436.7   591.5  1126.6  31097.0    31153
read      245.0    71.9    86.8   139.8   155.5   242.6   271.3   287.6   299.3   316.5   336.8   366.4   427.2   561.4  1144.4  30013.0    30053
read      234.0    96.8    86.8   145.3   161.4   230.0   252.2   264.4   272.4   283.5   296.6   325.5   392.5  1131.1  3916.9  20258.0    20489
read      247.5    73.5    86.8   138.6   153.9   244.8   275.8   294.1   308.9   325.6   344.5   372.3   436.2   555.6   782.4  33235.0    33457
read      231.2   130.4    93.8   147.2   162.8   225.7   246.7   258.2   266.6   275.1   291.4   317.2   386.1  1054.9  7636.5  16674.0    16922
read      251.3    88.1    80.4   130.7   145.2   244.2   284.7   309.2   327.2   345.6   369.2   403.5   477.6   612.2   918.5  47141.0    47200
read      245.6   107.0    74.4   123.4   136.7   222.1   271.2   302.8   328.0   355.4   389.7   439.6   546.8   794.5  1720.0  96095.0    95934
read      251.9    87.0    80.4   133.5   148.3   246.2   283.1   305.1   322.3   340.2   362.2   396.8   480.5   827.0  1176.3  42755.0    42596
read      247.9   159.5    74.4   123.3   137.0   221.9   272.0   304.6   330.4   358.4   392.3   440.3   549.7  1003.3  6251.4  94382.0    94660
read      248.8    96.2    80.4   125.7   139.1   234.5   281.6   310.7   331.6   354.0   381.1   421.8   502.1   646.4   808.7  60232.0    59804
read      248.6    90.0    80.4   134.3   149.3   244.6   278.2   299.2   315.0   332.1   351.7   382.7   448.5   579.9  3800.8  37955.0    37634
read      248.5   100.0    74.4   123.7   137.3   229.3   280.8   312.9   336.4   361.2   389.8   431.0   516.9   697.2   917.4  68658.0    68516
read      245.5   104.7    80.4   122.9   136.3   223.3   273.5   307.0   331.4   358.0   390.0   434.9   524.7   693.2  1913.5  86344.0    86478
read      255.4   139.5    74.4   126.7   140.3   226.8   275.9   309.9   335.8   364.5   399.8   454.5   627.4  1575.0  3707.9 101136.0   101464
read      248.1   105.2    80.4   123.9   137.6   229.8   279.6   312.3   334.4   358.5   388.1   428.6   503.5   638.4  2769.0  70609.0    70660
read      246.5   104.9    80.4   125.0   138.7   223.0   271.4   303.1   327.3   354.9   389.0   439.4   552.4   807.9  1707.4 105027.0   105480
read      248.7    84.6    74.4   131.9   146.6   243.4   280.0   301.6   317.5   336.2   359.2   393.3   465.8   573.5  1594.3  41889.0    41912
read      252.8   106.5    80.4   129.0   142.8   241.6   284.4   310.0   328.7   348.0   372.4   410.1   506.6  1368.4  2427.6  50908.0    50818
read      250.2   136.2    74.4   124.2   138.0   224.3   273.4   305.8   330.5   358.0   392.8   444.7   567.3  1607.7  3975.3  99154.0    99610
read      241.4   104.0    74.4   121.4   134.7   217.8   267.4   297.5   322.2   349.2   383.3   431.4   539.2   867.9  1340.1  99441.0    99247
read      243.5   100.1    80.4   122.2   135.7   224.6   273.5   304.0   327.7   352.5   382.1   422.9   502.8   684.8  1718.8  72725.0    72793
read      247.5    89.1    80.4   137.4   152.4   244.7   275.2   294.1   308.6   324.9   343.8   372.7   434.4   571.9  3395.5  34741.0    34890
read      249.5    91.6    80.4   129.2   143.3   242.1   283.6   308.5   326.4   344.6   368.2   400.9   471.1   583.9   946.4  49605.0    49665
read      248.6    95.2    80.4   128.5   142.4   238.7   282.1   307.7   326.7   346.0   369.1   402.5   477.0   629.7  2558.2  51201.0    51276
read      244.2    96.0    80.4   138.6   153.6   240.9   269.7   285.8   297.3   314.0   334.3   363.4   425.5   989.3  3482.4  30964.0    30810
read      250.8    89.1    86.8   132.1   147.0   244.7   282.5   304.6   322.6   341.6   364.3   397.0   468.8   666.5  2018.8  42384.0    42632
read      247.4   105.2    80.4   123.5   136.9   229.1   278.4   310.6   333.7   358.0   387.2   428.3   507.4   654.7  1862.8  71660.0    71502
read      246.6   104.8    80.4   122.3   135.5   224.7   274.0   307.4   332.1   359.2   392.3   440.3   537.1   717.4  1251.6  86714.0    87471
read      250.5   138.8    80.4   124.1   137.6   224.5   272.8   306.6   332.1   360.0   394.2   444.6   574.4  1490.1  4437.9  95389.0    95450
read      247.8   105.4    80.4   125.0   138.6   224.2   272.4   305.7   330.4   358.3   392.4   441.8   550.3   913.8  1434.6 101998.0   101882
read      250.2   102.7    80.4   126.2   139.6   234.9   284.1   314.2   335.4   357.9   384.4   423.1   501.4   625.8  2736.3  61694.0    61422
read      248.4    78.6    86.8   135.9   150.9   245.9   278.2   296.4   312.6   330.3   350.1   381.6   436.0   539.1  1047.3  36517.0    36550
read      233.3    60.9    86.8   145.2   160.9   231.3   253.9   266.2   274.1   286.8   303.1   332.1   395.6   485.9  1185.7  20312.0    20285
read      244.5   127.9    74.4   120.5   133.6   221.5   271.6   302.8   327.2   353.4   385.8   431.7   530.8  1001.8  3419.8  80178.0    80275
read      239.4   104.5    80.4   120.5   133.5   215.3   264.4   294.2   319.7   347.1   381.9   429.7   529.5   933.8  2040.7  99287.0    99091
read      237.1    98.7    74.4   119.0   131.5   214.9   263.9   292.7   318.0   345.4   378.6   426.7   514.7   673.4   895.3  90671.0    90849
read      248.0    97.9    80.4   127.6   141.0   237.2   281.7   307.9   327.0   346.2   371.6   408.7   485.1   589.7  1841.5  53178.0    53477
read      246.2    97.1    74.4   123.1   136.9   229.8   278.7   309.5   331.8   354.7   381.7   421.9   498.4   615.4   819.4  66753.0    67190
read      247.1    96.8    80.4   125.6   139.6   234.8   279.3   305.7   325.1   344.7   370.6   411.5   501.3   696.6  1846.4  55657.0    55837
read      248.9    84.3    80.4   130.4   144.9   243.2   282.2   305.3   321.8   339.7   362.7   396.4   465.9   586.5   929.3  44174.0    43938
read      246.7   107.5    74.4   123.3   136.9   227.8   276.3   308.9   332.6   357.3   386.3   428.9   509.4   650.6  2313.7  73527.0    73349
read      248.6    81.3    80.4   135.4   149.9   244.5   278.4   297.2   313.8   332.0   353.5   386.4   456.4   573.9  1916.1  37998.0    38158
read      245.5   101.2    80.4   123.3   137.3   231.0   277.6   307.4   328.0   349.9   376.7   416.5   491.7   604.6  1470.0  62446.0    62627
read      234.8    71.3    93.8   144.7   160.7   232.3   255.9   268.2   276.1   288.8   304.8   332.8   393.0   503.7  2031.5  21054.0    21095
read      249.7    84.4    86.8   132.1   146.7   243.6   281.9   304.2   321.3   340.1   363.4   397.5   465.1   573.3   990.0  43828.0    43996
read      212.4    53.1   101.3   149.4   161.4   209.0   225.5   233.8   241.3   250.5   262.5   280.6   347.6   932.1  1395.9   9131.0     8918
read      233.8    79.8    93.8   145.9   162.5   230.1   251.9   264.0   271.9   283.4   297.6   325.7   388.3  1319.8  2507.3  19235.0    19346
read      249.3    87.2    80.4   129.9   144.1   242.0   283.2   306.5   324.3   343.7   366.9   400.5   470.9   588.6  1023.5  48299.0    48373
read      250.2   123.4    80.4   124.7   138.2   229.8   280.1   312.2   335.6   360.8   390.0   431.5   528.4   780.2  4642.9  72081.0    72207
read      252.6   180.2    80.4   128.2   141.8   238.7   285.1   313.7   333.4   354.1   379.1   417.0   491.1   673.0 12958.0  57960.0    57914
read      245.3   108.9    74.4   122.4   135.7   225.1   274.9   306.8   330.6   356.1   386.0   429.1   509.5   659.0  3837.5  78812.0    78645
read      212.7    85.7    93.8   148.6   160.2   205.9   223.2   233.2   241.6   251.9   266.3   290.1   356.9   954.3  3678.3   6567.0     6581
read      247.6    82.3    86.8   149.3   165.0   244.8   270.3   285.3   296.2   312.0   331.0   358.4   421.0   568.9  2155.8  25399.0    25723
read      244.2   114.9    93.8   149.8   165.3   238.8   263.4   275.4   286.9   298.9   318.3   347.2   419.1   955.0  6878.5  21925.0    21861
read      248.8   105.9    80.4   126.2   139.8   225.7   273.7   306.4   330.5   358.2   393.2   442.4   546.6   862.7  1709.4 102847.0   102729
read      234.6    54.4   101.3   157.4   173.4   231.4   251.2   262.1   269.4   278.5   294.7   322.8   387.0   501.0  1233.2  15295.0    15233
read      234.6    99.3    93.8   156.2   172.4   230.2   250.6   262.0   269.9   279.7   294.0   318.5   372.1   951.0  3917.9  15097.0    14904
read      253.6    81.8    80.4   136.3   151.0   248.6   286.4   310.0   326.9   343.8   365.4   397.3   461.5   547.6   672.8  44028.0    44168
read      255.6    96.6    80.4   133.7   148.6   246.0   288.8   314.9   332.8   351.7   374.0   409.1   491.3   788.1  2292.2  49491.0    49750
read      247.6   106.2    80.4   124.8   138.6   223.6   272.2   304.0   329.7   359.1   394.8   446.0   547.7   836.4  1350.4 101355.0   100878
read      246.6   142.7    74.4   122.5   136.1   221.3   269.7   300.2   325.1   352.6   387.5   434.8   542.9  1555.2  4193.7  93760.0    93330
read      247.6   103.5    74.4   123.1   137.4   227.6   277.3   309.8   333.8   359.4   390.0   431.6   513.7   715.5  1918.6  75670.0    75527
read      215.2    67.3    86.8   152.5   163.6   208.8   225.5   234.7   242.6   251.2   264.0   286.9   379.5   996.0  1986.1   6728.0     6637
read      243.5    75.9    93.8   149.9   165.7   240.0   264.0   276.2   288.1   301.7   321.0   348.1   415.6   883.1  1943.9  22314.0    22677
read      253.4   138.9    80.4   127.2   141.0   233.3   283.5   315.5   338.1   362.4   391.4   432.7   524.0   722.3  6658.7  69418.0    69399
read      225.6    90.0    93.8   155.9   169.7   217.7   235.0   245.7   252.6   262.9   274.9   304.9   396.9  1082.6  3638.2   9437.0     9465
read      249.2   123.3    74.4   124.1   137.8   227.3   277.1   310.6   334.9   361.2   393.0   438.2   537.3   790.1  1613.8  81023.0    81491
read      246.3    97.0    80.4   123.4   137.3   229.2   277.2   308.5   331.0   353.9   382.1   424.0   507.0   645.4   914.7  68227.0    68604
read      243.2   115.7    74.4   120.6   133.5   219.8   269.3   299.3   324.6   351.8   386.3   434.3   546.5   854.7  2643.1  86234.0    86719
read      248.5    95.0    80.4   129.2   143.3   239.8   280.8   305.1   324.0   342.2   365.4   399.3   475.0   684.0  3062.6  48325.0    48219
read      240.1   106.0    74.4   120.9   134.0   216.7   265.0   295.0   320.5   347.5   382.6   432.1   531.3   732.0  2407.0 105061.0   105020
read      238.7    99.5    80.4   118.4   131.5   218.6   268.2   296.7   322.7   346.1   376.7   422.4   509.3   665.6  1203.6  78874.0    79027
read      243.2    81.8    80.4   136.6   151.6   240.2   270.3   286.4   297.4   314.9   336.1   367.5   437.1   626.9  2357.3  33150.0    33669
read      218.0    75.3    93.8   149.2   163.1   213.2   230.6   240.6   249.0   258.6   271.5   294.4   361.7   914.4  4101.5   9081.0     9087
read      247.7   105.8    86.8   139.6   155.1   243.0   270.7   287.1   299.0   315.7   337.1   370.2   466.5   927.8  2902.8  28118.0    28486
read      250.6    90.1    86.8   135.5   150.4   245.6   279.3   299.4   315.7   334.0   355.9   390.8   469.4   663.8  3069.9  36779.0    36839
read      252.1   120.5    80.4   130.4   144.8   243.5   282.0   304.5   321.9   340.7   364.6   401.5   491.7  1180.8  3393.7  46261.0    46303
read      244.3    73.1    86.8   140.1   155.4   240.7   269.4   285.9   297.9   314.8   335.6   367.1   434.7   545.7  1001.1  29466.0    29630
read      248.7    95.0    80.4   125.6   139.4   234.9   281.4   310.1   331.0   352.8   378.8   420.0   502.8   663.3  1290.3  58687.0    58735
read      234.3   128.5    86.8   150.9   166.5   228.3   249.1   260.7   269.0   279.0   294.1   321.9   394.1  1302.9  7094.9  15811.0    15717
read      246.2    96.0    80.4   125.0   139.1   235.5   279.4   304.9   324.9   345.4   370.4   405.0   487.1   592.6  1821.8  54593.0    54660
read      248.7   111.8    74.4   124.5   138.4   224.4   273.1   305.8   330.7   359.1   395.1   446.6   560.5   929.5  1880.9 100360.0   100453
read      251.3   142.2    80.4   122.2   135.9   225.2   274.8   307.8   332.3   359.2   393.8   446.5   588.3  2087.4  3798.1  84413.0    84114
read      246.5   118.9    80.4   128.2   142.3   237.5   276.9   300.4   317.7   336.5   359.2   393.9   468.3   624.5  5257.7  48046.0    47655
read      240.7    98.7    80.4   120.7   134.1   222.7   271.7   300.5   323.1   345.7   373.9   417.4   499.3   633.2  1362.1  71751.0    71572
read      246.5   141.1    74.4   120.6   133.9   219.8   269.2   300.2   325.0   352.0   385.6   435.7   577.5  1586.8  3895.3  96759.0    97243
read      236.5   105.4    80.4   120.9   133.9   213.5   260.8   288.8   312.1   339.9   372.8   424.6   522.0   740.3  3406.0 109830.0   109600
read      234.4    98.9    74.4   118.7   131.4   212.2   260.0   289.1   313.7   340.1   371.9   420.2   512.6   682.6  1427.2  97835.0    97814
read      252.0   104.3    80.4   130.4   145.2   244.1   284.3   307.9   325.1   343.5   367.9   403.1   490.3   726.4  3027.9  47067.0    46973
read      249.8   101.1    80.4   128.2   142.3   239.5   282.1   307.5   325.8   344.5   369.4   407.6   496.3   687.0  1781.7  52391.0    52430
read      214.9    55.2    93.8   151.5   163.4   211.2   227.9   235.7   243.4   251.4   263.2   283.6   371.2   926.0  1784.7   7249.0     7146
read      249.0   133.1    80.4   124.2   137.7   230.4   278.8   308.7   330.7   354.5   382.5   422.5   506.7  1008.0  3827.3  64299.0    64613
read      214.3    62.7    86.8   150.1   162.3   210.3   227.4   235.8   244.0   252.4   264.7   284.7   358.5   920.9  3539.4   8257.0     8185
read      240.5   127.4    74.4   119.2   132.2   215.2   264.9   293.7   318.1   345.3   378.3   428.2   547.8  1269.5  3487.3  91330.0    91736
read      246.1    89.8    80.4   126.7   140.4   237.8   279.2   302.6   321.3   341.1   365.6   400.9   473.7   611.8  1737.8  50652.0    50530
read      247.6   107.8    80.4   124.0   137.5   223.6   272.2   305.1   330.2   358.6   394.6   447.2   560.1   807.1  1167.2  99657.0    99806
read      239.5    65.8    86.8   143.8   160.2   237.4   262.3   274.6   285.8   297.6   317.2   344.1   412.0   549.8  1793.7  23202.0    23088
read      247.2    79.3    80.4   133.7   148.9   243.0   277.2   296.8   313.2   331.2   352.3   385.9   456.2   574.9  1145.1  39688.0    39498
read      219.1    63.7    93.8   152.7   165.1   213.0   229.7   239.0   247.4   256.4   270.3   295.3   387.1   985.0  1925.4   7385.0     7321
read      247.4   110.2    74.4   123.1   136.4   228.2   277.0   308.9   331.8   355.6   385.6   429.1   521.5   772.3  3883.0  70018.0    70463
read      250.1    94.4    80.4   128.1   141.9   238.4   283.6   310.3   329.8   350.3   374.7   413.5   496.4   654.9  1722.4  55522.0    55826
read      247.5    99.5    80.4   123.5   137.1   229.7   277.6   308.4   331.5   355.2   384.4   429.5   529.4   743.8  1134.8  68800.0    68597
read      239.9    99.9    74.4   119.9   132.7   218.8   267.3   297.2   322.7   348.1   380.0   427.0   518.2   683.7   935.5  84527.0    83723
read      239.6   102.1    74.4   120.5   133.3   216.8   266.0   295.4   318.9   345.2   379.6   429.3   538.3   788.7  1467.8  93760.0    93939
read      222.2    72.5    93.8   152.3   165.4   217.7   234.9   245.8   253.0   263.2   274.4   298.5   371.3   979.5  2869.9  11087.0    10956
read      252.4   110.7    86.8   131.2   146.6   244.5   281.8   304.0   321.4   340.6   364.6   401.4   486.0  1083.4  3385.1  42671.0    43150
read      253.2   103.6    80.4   127.9   141.7   238.1   285.8   316.0   336.9   359.3   386.7   428.1   521.6   717.9  1951.2  61343.0    61224
read      247.8    98.7    74.4   124.1   138.0   229.3   278.6   309.7   331.7   355.9   386.9   429.8   527.1   703.9   977.3  72029.0    72370
read      248.6   116.8    80.4   123.3   136.6   228.0   278.8   311.2   334.0   358.7   389.4   433.2   529.1   738.3  3711.5  74666.0    75062
read      248.2   113.4    74.4   123.5   137.6   230.0   277.7   308.6   330.9   355.4   385.9   431.3   527.7   691.9  2107.1  65689.0    66006
read      258.4   136.9    74.4   125.8   140.3   232.1   282.9   315.8   341.1   372.7   412.9   471.8   597.3  1056.7  5341.8 104079.0   103596
read      264.8   119.6    80.4   127.5   141.9   238.4   292.0   327.5   353.2   384.8   426.4   489.4   620.2   895.0  2247.6  91852.0    92033
read      228.0   108.7    86.8   149.1   163.6   221.8   242.0   252.6   261.2   270.9   285.7   311.4   389.4  1012.5  4018.3  10599.0    10484
read      240.4   138.5    74.4   120.6   133.9   216.4   264.4   293.1   317.6   345.0   379.4   431.3   544.0   810.6  3157.2 101334.0   101797
read      237.1   105.1    74.4   119.1   131.7   215.3   264.0   292.6   316.9   343.2   376.0   423.8   515.3   740.8  1981.0  93269.0    93004
read      251.9    93.8    80.4   128.1   141.8   240.4   284.7   312.3   331.8   352.7   379.2   420.1   516.3   670.9   836.1  54703.0    55072
read      249.5   118.4    80.4   122.9   137.0   223.9   274.1   308.5   333.4   361.9   396.7   449.6   587.1   903.8  2575.6  97142.0    97279
read      246.1   103.5    74.4   122.4   135.7   224.6   274.0   306.4   330.3   356.6   389.9   437.6   540.2   717.2  2051.0  82186.0    82336
read      242.0   110.4    80.4   120.7   133.6   218.4   268.1   298.1   322.9   349.8   385.0   434.6   544.2   811.5  1484.5  94550.0    94577
read      241.1    86.6    93.8   143.1   159.6   238.0   263.8   276.3   288.0   301.2   320.4   348.3   416.1   588.2  2888.1  24720.0    25009
read      242.2   113.4    74.4   121.8   135.1   218.3   267.7   297.6   322.9   349.6   383.7   431.7   528.5   746.3  3691.2  98464.0    98952
read      249.2   137.8    74.4   123.8   137.8   232.0   279.0   306.6   327.1   348.3   375.0   416.5   510.2  1383.0  4252.6  62221.0    62113
read      242.3   137.3    80.4   121.0   134.2   219.6   269.4   299.4   324.0   351.2   383.7   430.2   530.3   732.5  2033.5  90222.0    90099
read      264.6   169.9    74.4   128.5   142.6   243.3   289.6   319.4   340.7   363.8   393.4   445.9   679.3  1694.5  7493.8  53806.0    54206
read      269.2   227.5    86.8   138.3   153.4   251.5   286.3   308.9   326.1   345.1   373.0   426.9   632.5  2254.4  8555.0  36136.0    36396
read      255.9   111.6    80.4   127.8   141.2   238.1   287.4   319.0   340.8   364.2   392.9   435.2   542.7   933.7  1878.5  61065.0    61074
read      254.6   110.6    80.4   125.1   138.7   233.9   285.3   319.9   342.3   368.1   399.5   448.5   555.3   836.2  1742.7  70271.0    70494
read      260.9   110.7    80.4   134.3   149.8   251.0   291.4   317.5   336.0   356.5   381.3   422.1   517.0   818.8  3745.1  44467.0    44168
read      255.4   104.8    80.4   128.4   142.7   240.4   287.2   317.5   338.2   361.0   388.9   430.4   539.5   724.1  2047.2  57462.0    57463
read      255.7   107.7    74.4   128.2   141.9   239.6   288.6   319.2   339.6   363.1   391.9   432.3   533.3   784.1  2670.7  59783.0    60314
read      259.9   152.0    74.4   128.3   142.3   232.0   282.9   316.9   341.1   370.7   409.0   468.6   648.8  1132.1  3619.3 105395.0   105044
read      255.1   102.7    74.4   127.8   141.7   236.8   287.0   318.7   340.9   364.5   394.8   438.5   541.9   835.1  1256.3  64312.0    63992
read      253.9   105.1    80.4   126.6   140.3   235.8   287.2   318.3   339.2   362.8   392.2   435.2   543.2   766.7  1650.5  64807.0    64734
read      251.8    81.1    80.4   137.6   152.1   247.4   281.4   302.5   319.4   337.5   359.2   392.6   464.9   587.1  1030.5  38575.0    38524
read      243.4    94.7    93.8   146.6   162.6   239.9   264.2   276.7   288.4   302.1   323.0   352.0   415.4   641.0  4695.2  23068.0    23279
read      254.6   120.9    74.4   124.7   138.7   227.5   277.9   312.2   337.2   366.8   404.8   463.6   630.8  1092.4  2116.1  95935.0    96010
read      258.2   118.8    80.4   127.4   141.1   236.7   287.0   319.9   342.5   368.1   399.5   449.1   579.1  1353.5  2457.4  68412.0    68478
read      251.4   101.4    80.4   125.2   139.2   232.2   281.7   314.2   337.2   362.3   393.3   437.3   536.6   744.2   938.3  71097.0    71493
read      253.1    91.9    86.8   137.1   151.9   247.7   282.2   302.8   319.5   337.3   359.4   394.7   480.1   671.8  3013.1  39151.0    39521
read      250.8   111.7    80.4   125.1   138.4   230.0   281.1   314.8   337.7   362.6   393.1   435.5   535.1   789.3  3853.3  73427.0    73637
read      253.7    91.4    80.4   132.8   147.6   245.7   285.9   309.9   327.6   346.3   370.0   406.8   492.6   633.2  1727.7  45733.0    46296
read      251.3    87.2    86.8   147.2   163.6   247.0   273.6   289.5   300.9   316.6   337.0   367.8   451.8   886.8  3186.5  25719.0    25879
read      234.8   117.3   101.3   158.5   174.0   228.7   248.1   259.1   267.3   275.8   291.8   319.2   393.1   957.5  4020.5  11694.0    11714
read      242.7   113.7    80.4   121.5   134.5   219.4   269.1   299.2   323.9   350.3   384.0   432.0   533.7   804.1  3495.2  89196.0    89519
read      246.5    99.6    80.4   124.0   137.4   228.9   277.6   308.1   330.5   354.4   383.3   426.4   507.8   671.1  1181.2  70821.0    71339
read      252.0   100.9    80.4   126.5   139.9   235.0   284.9   316.9   337.6   360.9   390.4   431.6   517.5   734.8  1267.4  63393.0    63633
read      240.4    61.4    86.8   152.1   168.8   236.8   259.7   271.3   281.0   293.8   313.0   341.9   409.1   679.1  1110.6  18841.0    18929
read      247.3    98.3    74.4   123.9   137.7   229.3   278.4   310.3   332.6   356.2   384.8   426.9   522.1   672.5   898.2  69433.0    69661
read      224.8    65.6    93.8   157.5   170.2   219.0   236.3   247.3   254.2   264.4   274.9   300.1   395.0   971.4  3018.6   8919.0     8686
read      241.7    68.3    93.8   149.7   166.1   237.7   262.4   274.7   285.8   297.2   315.9   344.2   409.4   912.2  1383.9  20682.0    20828
read      251.3   105.9    80.4   125.8   139.5   232.5   282.0   313.9   335.8   360.2   390.8   433.4   541.5   757.6  1027.7  68917.0    68811
read      260.7   145.4    80.4   129.9   143.8   232.4   283.4   317.9   342.3   371.3   407.7   462.6   608.2  1689.3  4415.1 108484.0   108532
read      247.4   108.0    80.4   123.6   137.0   223.4   272.4   305.5   330.8   358.5   393.4   443.8   566.6   858.3  1785.5  97189.0    96969
read      244.6    67.0    80.4   149.3   165.5   241.4   266.4   279.3   290.5   304.5   323.8   353.1   425.5   581.6  1092.6  21932.0    21773
read      245.7   115.5    74.4   122.3   135.5   221.0   270.5   302.4   327.0   354.5   389.5   439.0   570.1  1015.9  1732.5  90639.0    90731
read      255.9   105.4    80.4   127.1   141.3   238.3   288.1   318.9   340.2   364.8   395.7   440.4   557.4   792.5  1934.1  63614.0    63998
read      254.3   101.0    74.4   126.9   140.6   236.3   287.9   320.8   341.5   365.5   394.8   436.7   539.8   715.7   870.9  64525.0    64446
read      252.0    77.1    86.8   142.0   157.5   248.3   278.5   296.5   312.6   329.9   348.8   382.5   457.4   579.9   996.3  31973.0    32180
read      251.0   112.5    74.4   123.7   137.2   227.7   279.6   314.2   337.8   364.0   396.7   442.3   557.0  1093.9  1665.5  74973.0    75461
read      253.1   105.5    80.4   129.8   143.9   242.4   286.7   314.3   332.7   351.7   374.6   412.0   493.3   677.1  3061.1  51440.0    51464
read      253.9    92.0    86.8   133.3   147.6   246.4   286.5   311.2   328.8   346.7   370.1   404.5   491.6   646.1  1860.5  47275.0    47445
read      233.7    64.6    93.8   155.3   171.2   228.0   248.4   259.9   268.5   278.4   294.5   324.9   410.0   981.6  1272.1  12405.0    12315
read      248.5   110.3    74.4   125.6   139.1   225.4   274.0   306.9   331.2   358.3   392.7   440.0   544.9   783.6  1944.6  98342.0    98965
read      252.6   105.2    80.4   125.6   139.4   232.0   282.6   315.5   338.5   364.0   396.5   444.5   555.2   754.5  1137.0  71685.0    71412
read      254.4    91.4    80.4   132.9   148.2   246.9   286.1   309.9   326.9   344.7   369.4   406.1   502.0   723.3  1730.8  44787.0    44818
read      254.1   101.6    80.4   127.1   140.6   236.1   286.2   317.6   339.3   363.8   394.6   439.9   542.7   732.5   981.3  64985.0    65032
read      228.0   102.4   101.3   156.3   169.7   221.6   239.8   250.3   257.8   267.4   279.4   307.9   399.0   997.3  3490.7  10001.0    10162
read      254.4    95.3    80.4   132.0   147.2   246.3   288.2   312.6   329.7   348.0   371.5   408.5   492.2   654.0  2417.7  46755.0    46718
read      247.2   107.1    74.4   123.6   136.9   224.3   274.8   307.2   331.5   357.9   390.7   436.6   546.6   825.7  1483.1  81383.0    81555
read      247.1   116.1    80.4   123.3   136.8   222.5   272.2   305.6   330.5   357.4   391.8   440.4   547.0  1060.9  2356.5  93277.0    93247
read      251.4    87.0    86.8   133.7   148.4   245.1   282.9   305.0   321.2   340.0   363.7   399.0   471.4   600.9  1915.5  44115.0    44331
read      251.3   111.4    80.4   125.1   139.1   232.2   281.2   313.5   336.4   361.2   391.8   434.7   526.2   768.8  3852.8  68027.0    68373
read      244.3   123.0    80.4   122.7   136.1   219.7   268.1   299.0   323.8   352.1   387.6   435.8   548.0   944.5  3407.8  99620.0    99824
read      233.3    63.2    93.8   154.2   169.6   228.3   248.8   260.5   268.9   279.1   295.4   324.5   398.0   950.0  1937.7  13136.0    13056
read      249.0   102.5    80.4   125.9   139.2   231.8   281.1   311.7   334.4   358.5   386.3   425.9   504.5   634.6  2594.4  65825.0    65920
read      247.7    90.4    86.8   142.5   158.6   243.5   271.0   287.5   300.0   316.7   337.6   369.2   444.8   825.9  1156.0  28415.0    28566
read      249.3    97.1    86.8   146.6   163.4   245.0   270.6   285.8   296.7   313.3   333.8   364.4   435.7   929.4  3423.5  25201.0    25078
read      249.3   106.8    74.4   124.8   138.4   226.3   275.8   308.7   333.3   360.9   394.6   442.7   550.0   933.3  1348.6  89324.0    88903
read      249.4   130.7    74.4   124.6   137.9   222.2   270.7   302.9   327.9   356.2   393.5   448.0   589.4  1515.8  2538.6 108578.0   108661
read      250.7   113.4    80.4   125.8   139.1   233.5   282.8   312.9   334.0   357.1   385.9   427.3   512.0   776.9  4452.8  65268.0    64992
read      248.7   140.0    80.4   123.4   136.7   225.6   275.4   308.9   333.5   359.9   391.6   436.1   530.9  1037.4  4277.1  77381.0    77433
read      234.4    76.2    93.8   151.4   167.2   229.7   250.6   262.3   270.2   280.5   295.9   321.8   395.8  1005.1  2412.8  16097.0    15971
read      236.7    72.9    93.8   151.5   167.9   232.5   254.2   266.4   274.1   286.7   302.8   332.6   401.4   951.3  3068.2  16848.0    16899
read      246.5   107.9    74.4   123.2   136.6   223.7   273.0   305.6   330.7   358.1   391.5   437.8   539.8   820.7  1962.4  84933.0    84638
read      250.4    92.3    80.4   137.8   152.9   246.0   277.5   296.2   312.4   330.1   350.0   382.0   453.1   715.6  3169.9  35601.0    35480
read      253.1   110.2    80.4   127.8   141.0   229.0   279.0   312.5   337.1   364.9   400.3   452.1   567.0   865.2  2205.3  97460.0    97273
read      254.6   162.8    80.4   124.1   137.9   228.6   280.9   314.1   337.0   363.2   395.9   443.5   563.1  2110.8  4520.8  79470.0    79139
read      243.0    66.7    86.8   146.4   162.3   241.5   266.3   279.0   290.2   304.0   323.3   350.2   410.2   519.2  1011.5  24913.0    25297
read      257.3   140.3    80.4   127.1   140.8   228.4   279.1   313.7   338.9   367.8   403.2   459.8   629.0  1603.6  4468.8 101877.0   102339
read      251.6   109.9    86.8   125.7   139.3   231.5   282.0   315.3   338.5   363.4   393.6   436.3   526.3   791.7  2330.3  72585.0    72458
read      244.2   109.1    80.4   121.9   135.0   220.6   270.2   302.0   327.2   354.4   389.2   436.0   542.9   802.6  2467.4  90360.0    90171
read      251.1   116.7    74.4   126.4   139.7   225.5   274.0   306.5   330.8   358.6   394.6   447.4   594.3  1190.7  1963.5 108568.0   108648
read      252.4    91.0    80.4   130.7   145.0   243.6   286.5   312.3   330.4   349.2   373.5   411.7   492.3   614.8  1097.8  50648.0    50499
read      248.1   114.6    80.4   124.5   138.3   223.2   271.5   303.3   327.8   355.9   392.4   443.2   576.7  1038.3  2829.6 103058.0   103049
read      252.1    89.3    80.4   135.0   149.9   247.9   283.2   304.4   320.2   338.8   361.1   392.8   460.3   622.9  2159.0  40018.0    39793
read      241.4    67.0    93.8   148.6   164.3   238.2   262.3   274.4   285.3   296.6   316.6   346.0   429.0   565.9  1877.8  21159.0    21064
read      254.6   115.4    80.4   135.7   150.3   248.2   285.7   309.2   326.3   343.6   365.6   399.4   471.9   633.2  2613.8  40652.0    40595
read      247.8    96.1    80.4   124.8   138.4   231.5   280.0   310.1   332.0   355.7   383.6   426.9   505.8   637.9   952.9  66259.0    66094
read      243.1   101.5    93.8   150.4   166.3   237.5   260.9   272.7   282.9   294.6   314.4   344.9   433.4  1058.4  6990.7  19546.0    19325
read      230.3    82.1    93.8   151.6   166.6   225.6   246.1   257.3   265.9   274.4   290.6   318.6   378.1   875.8  2731.0  13903.0    13925
read      247.1   103.2    74.4   123.6   137.4   227.2   276.8   310.1   334.1   358.9   388.6   429.1   507.4   681.8  1772.4  72497.0    72470
read      247.6   108.5    74.4   122.9   136.2   227.1   277.0   308.9   332.3   358.1   389.5   433.2   538.8   747.5  2026.6  73373.0    73495
read      242.1   101.3    74.4   121.5   134.3   220.0   269.7   301.2   326.9   353.6   387.0   431.5   516.8   694.8  1232.8  86020.0    86683
read      246.8   114.9    74.4   123.5   137.0   228.7   277.0   308.3   330.8   354.8   382.8   424.5   508.9   683.7  3118.9  68379.0    68819
read      245.0    71.2    86.8   143.6   160.3   242.9   269.8   284.7   295.2   310.1   328.8   358.0   424.9   664.1  1531.3  27146.0    27253
read      251.1   124.3    80.4   127.2   140.3   225.5   273.5   306.2   330.6   358.6   394.4   446.9   580.3  1224.6  3147.8 104680.0   105279
read      243.2    80.1    86.8   146.4   162.6   240.0   265.3   278.7   290.1   303.8   321.9   350.4   425.6   528.2  2140.0  23665.0    23628
read      248.9   105.0    74.4   123.7   137.0   226.0   276.4   310.6   335.3   362.9   396.8   444.5   549.4   754.9  1222.7  85594.0    86180
read      245.2    76.3    86.8   142.3   158.1   241.9   269.3   285.2   296.9   313.4   333.4   363.9   432.1   590.1  2791.0  28204.0    28305
read      254.1    99.0    80.4   136.7   152.0   247.7   284.0   305.4   321.1   339.4   363.0   397.3   470.2   685.1  2992.2  40100.0    39975
read      250.8    86.3    80.4   135.1   150.6   246.1   280.7   301.0   317.0   335.1   357.2   392.1   464.5   572.6  1901.9  38940.0    39392
read      221.9    59.4    93.8   155.0   167.8   217.5   234.2   244.7   251.7   261.3   273.1   296.4   368.0   938.3  2208.2   9519.0     9232
read      253.4    98.4    80.4   130.6   144.8   242.8   286.2   312.3   331.0   351.7   377.4   416.7   494.8   645.0  1615.9  50164.0    50310
read      247.8   124.7    74.4   121.8   135.1   224.0   273.4   304.0   327.5   353.6   386.9   435.5   564.7  1601.0  2523.0  78253.0    78444
read      242.5   111.8    80.4   121.9   134.9   218.0   267.1   296.9   323.3   350.6   385.1   433.0   540.0   973.9  2757.4  93325.0    92684
read      251.0    77.9    80.4   139.6   155.5   247.1   278.4   296.6   312.4   329.7   349.5   381.3   457.7   580.6  1656.8  33825.0    33919
read      225.6   115.3    86.8   155.2   168.2   218.6   235.8   247.1   254.2   264.9   276.5   299.4   380.4  1012.6  7001.0   9588.0     9652
read      245.8   106.5    74.4   122.3   135.5   222.8   272.8   305.2   330.3   358.6   393.0   439.9   537.7   737.0  1280.2  83491.0    84235
read      242.9   102.9    80.4   121.7   134.9   221.0   270.3   301.4   326.4   352.9   386.0   431.9   521.6   739.6  1563.9  88854.0    89236
read      252.5    83.7    74.4   139.2   154.5   248.8   281.6   300.1   314.7   331.9   352.8   385.5   462.6   594.4  2286.4  35077.0    35182
read      249.5    86.6    86.8   142.7   158.1   245.3   273.9   291.1   304.4   320.9   342.2   374.4   442.8   591.5  3772.8  29908.0    29868
read      248.9    96.7    80.4   124.2   138.2   232.4   281.7   313.1   335.1   358.6   386.9   427.6   508.7   627.6   790.3  64823.0    65163
read      228.3    82.1   101.3   155.2   170.5   224.2   242.7   253.0   261.2   270.2   284.1   309.7   382.8   591.2  2004.3  12152.0    12137
read      249.8    96.8    80.4   125.6   139.4   234.9   283.1   312.7   333.6   356.0   383.6   424.8   505.1   657.7  1090.1  61266.0    61980
read      253.5   144.7    80.4   126.4   140.0   233.2   283.0   315.0   338.2   363.9   393.6   434.7   527.9  1032.6  8292.3  68827.0    68692
read      259.3   138.8    80.4   129.0   142.8   231.5   282.3   316.0   340.4   369.4   405.9   461.3   616.7  1886.0  2936.9 107988.0   107979
read      256.6   105.4    86.8   133.9   149.0   248.5   288.4   313.3   330.7   348.6   373.0   411.1   497.8   706.6  4171.0  44747.0    44697
read      244.8    96.7    86.8   150.0   166.4   239.5   262.9   274.5   286.2   299.2   319.8   351.0   426.1  1078.0  2563.8  20826.0    21036
read      245.7   103.7    80.4   123.0   136.3   222.9   272.3   305.6   331.2   358.4   392.4   437.7   535.8   756.3  1074.8  89431.0    89648
read      252.4   110.1    86.8   136.9   151.9   248.2   281.4   301.5   317.1   334.3   354.9   387.6   464.9   659.2  6100.5  37677.0    38068
read      242.9    85.9    93.8   146.2   162.5   238.9   264.6   278.1   289.7   303.9   323.6   352.2   420.3   846.1  3121.7  23848.0    23853
read      245.4   118.4    80.4   123.1   136.3   221.9   271.0   302.3   327.8   355.0   389.7   438.7   543.7   802.7  1363.6  94404.0    94618
read      246.2   102.8    80.4   122.5   136.2   224.9   274.6   307.7   332.9   359.4   390.8   434.9   521.1   716.8  1102.4  79561.0    79614
read      251.2   317.8    86.8   146.5   162.3   239.5   265.2   278.7   290.1   304.0   323.4   352.8   428.1  1978.3 14384.6  24388.0    24378
read      248.0   106.9    80.4   123.7   137.3   225.3   275.2   308.7   332.8   359.0   392.3   438.1   545.0   846.1  1817.3  84915.0    84735
read      249.7   107.2    80.4   124.5   138.0   225.6   275.4   309.5   333.9   362.0   397.7   450.9   568.3   793.2  1605.7  90304.0    90499
read      256.7    94.2    80.4   132.7   147.5   248.2   289.9   315.7   333.4   352.7   376.1   416.2   506.2   694.8  1940.0  46416.0    46515
read      240.0    59.3    86.8   151.3   168.1   237.2   260.1   271.8   281.4   293.3   311.6   339.1   401.1   575.0  1009.2  18986.0    18830
read      244.0   109.1    80.4   121.8   134.9   222.6   271.6   303.0   326.5   352.8   385.8   432.9   529.0   728.3  2024.2  83336.0    83245
read      251.4    92.4    86.8   136.4   151.3   245.7   281.0   301.8   317.9   335.8   357.8   390.8   464.2   608.9  2806.9  38382.0    38103
read      245.6   107.2    74.4   122.5   136.0   223.9   273.9   306.4   330.9   357.1   388.5   433.0   528.9   685.7  2695.6  78379.0    78351
read      224.4    52.3    93.8   154.4   167.9   221.1   239.3   249.8   257.2   267.1   278.8   299.9   357.9   905.6  1136.6  11792.0    11883
read      248.5   112.6    74.4   123.5   137.0   224.7   274.3   307.5   332.0   358.3   391.8   439.5   556.1  1159.7  1973.9  82506.0    82546
read      251.1    90.6    80.4   129.1   143.1   240.5   285.6   313.0   332.1   351.9   374.9   410.7   490.4   614.3   931.6  53604.0    53356
read      241.3   108.9    93.8   149.3   164.5   237.3   261.3   273.3   284.5   297.0   316.0   344.6   409.5   735.6  4906.4  21722.0    21606
read      234.9    57.6    93.8   150.9   166.8   232.2   253.5   265.8   273.7   285.8   300.8   330.1   391.2   511.7  1044.9  16807.0    16566
read      250.5    96.5    74.4   127.6   141.8   239.3   283.6   310.2   329.3   349.4   373.4   412.3   497.9   664.0  2496.8  53632.0    53192
read      240.4   104.2    80.4   122.6   135.9   216.9   264.2   292.7   316.2   342.9   378.2   431.9   542.5   896.0  1921.1 109001.0   108883
read      218.6    87.5    86.8   152.4   164.7   212.3   229.0   237.5   245.6   253.6   267.7   291.6   360.1   989.6  3845.5   7496.0     7366
read      246.1   119.9    80.4   122.7   136.2   221.2   270.3   302.7   326.9   354.7   389.4   439.8   562.2  1007.4  2166.8  94046.0    94850
read      244.9   106.9    80.4   122.8   136.2   221.4   270.7   303.0   328.0   355.2   389.9   437.8   541.7   757.1  2815.9  93821.0    93630
read      246.9   100.6    80.4   123.9   137.5   226.6   275.7   308.8   332.7   358.5   389.6   433.3   528.3   653.3  1276.4  73756.0    74411
read      253.5   106.8    86.8   132.8   148.4   246.1   284.5   307.4   324.5   342.1   366.0   401.1   480.2   648.4  4796.4  43772.0    44291
read      234.2    72.9    93.8   149.4   164.7   231.1   252.8   264.6   272.3   284.0   299.6   329.3   395.5   805.4  3799.3  18057.0    18140
read      251.1    92.4    86.8   131.2   145.5   243.6   284.8   308.3   325.6   343.5   367.5   402.4   476.6   586.4  1471.0  46510.0    46406
read      246.5   100.0    80.4   122.6   136.0   226.8   275.9   308.3   331.6   357.0   388.2   432.1   521.2   676.2  1086.5  76841.0    76568
read      246.6    98.4    74.4   124.2   137.7   229.6   278.5   308.1   329.8   352.7   381.5   423.6   508.1   678.3  1307.0  67720.0    67484
read      247.7    97.6    80.4   123.8   137.7   230.1   279.6   309.8   331.8   355.8   385.7   429.8   512.4   657.2  1018.6  70079.0    70037
read      250.6   104.4    86.8   144.0   159.7   246.3   273.6   289.7   301.8   318.9   338.0   366.9   437.5  1452.1  4786.6  28028.0    28245
read      245.0   123.8    74.4   121.6   134.6   218.0   267.8   299.0   324.8   353.3   387.9   439.1   581.7  1286.0  3892.9  95561.0    95855
read      242.6   106.2    74.4   121.9   135.1   218.9   267.6   296.8   321.7   350.5   387.1   436.9   541.4   772.2  1369.7  94824.0    94882
read      235.9    69.7    93.8   154.8   170.4   232.0   252.8   264.8   272.6   284.6   300.0   329.1   389.2   707.1  3550.0  15754.0    15781
read      243.0   106.6    74.4   121.5   134.8   222.3   271.2   302.7   326.5   353.1   385.0   428.4   509.6   681.4  1594.1  77623.0    77465
read      243.1   183.0    93.8   149.5   165.5   233.2   254.7   267.0   274.7   288.0   305.2   335.5   427.7  3882.7  6789.3  18253.0    18000
read      243.0   104.5    74.4   122.4   135.7   218.8   268.3   299.1   324.8   352.7   387.2   435.5   540.5   841.1  1547.3  99056.0    99573
read      250.2   145.9    80.4   122.5   135.8   221.4   271.3   304.5   330.0   358.0   392.9   442.7   593.7  2083.8  4110.5  99251.0    99265
read      244.4   103.7    80.4   122.2   135.3   224.2   273.9   306.9   330.5   354.8   384.8   428.8   509.7   666.4  2116.6  75312.0    75628
read      243.0   129.0    86.8   148.4   164.9   239.1   263.5   275.3   287.4   300.7   318.8   345.1   406.1   554.0  2350.3  21447.0    21273
read      247.9   112.7    80.4   124.9   138.4   223.8   272.3   304.2   329.7   358.4   393.9   444.3   550.7   956.3  1542.2  98717.0    99065
read      248.9   117.0    80.4   125.3   138.7   232.5   281.2   311.3   332.1   354.8   382.9   424.3   505.6   669.9  1577.6  63278.0    62986
read      245.6   118.0    74.4   123.1   136.5   226.0   275.5   307.9   331.2   354.6   383.6   427.4   505.3   670.3  3911.8  71198.0    71174
read      245.4    68.0    86.8   144.9   161.7   242.4   268.4   283.0   294.5   311.2   331.9   361.8   430.2   550.0  1002.7  26428.0    26304
read      226.5    61.0    93.8   152.6   166.8   224.0   242.1   252.0   260.1   269.9   284.0   309.4   369.4   915.3  2315.6  13418.0    13354
read      252.2    92.2    86.8   138.6   153.5   247.3   279.9   299.2   315.0   332.5   353.5   386.2   464.1  1044.5  2498.8  35230.0    35658
read      249.4    87.9    80.4   134.8   149.9   244.2   279.5   300.3   315.9   333.1   353.7   388.6   464.2   628.6  2119.1  39813.0    39892
read      232.5    61.3    86.8   152.6   167.8   228.7   250.3   261.9   269.5   279.0   294.4   322.7   385.2   917.6  1852.1  14846.0    14874
read      251.6   107.0    74.4   125.8   139.3   231.5   282.7   316.2   339.5   364.6   395.0   437.3   523.2   693.0  2833.7  71525.0    71766
read      244.0   101.9    80.4   123.8   137.7   220.6   268.3   298.9   324.3   351.9   387.8   436.9   536.9   771.0  1423.6 106506.0   106924
read      245.6    98.3    74.4   123.4   136.8   227.7   276.4   308.2   330.8   354.8   382.6   422.6   504.7   661.8  1502.8  68570.0    69312
read      242.0    92.1    80.4   147.0   163.0   237.9   262.6   274.4   285.8   298.0   318.7   346.8   416.8   965.9  3677.2  23324.0    23069
read      247.6    76.5    86.8   141.5   157.0   245.3   274.4   291.5   304.8   320.9   341.3   370.5   432.8   508.9  1016.4  31343.0    31532
read      254.4   119.0    80.4   128.8   142.6   229.5   278.1   311.6   336.3   364.1   400.2   454.6   571.8  1051.7  2832.6 106124.0   105945
read      247.6   107.0    80.4   124.9   138.5   223.4   272.3   305.8   331.1   358.8   394.2   445.7   546.8   795.1  1495.7 100258.0   100442
read      215.5   103.3   101.3   150.7   162.3   209.7   226.0   234.4   241.9   250.3   262.5   284.6   366.8  1036.5  7137.7   7139.0     7075
read      238.5    66.4    86.8   147.5   163.0   235.1   259.0   271.1   281.0   293.8   313.2   341.3   400.7   821.2  1952.0  21237.0    21318
read      243.7   103.3    74.4   123.6   136.8   220.2   267.8   297.6   323.1   350.6   387.0   436.4   545.4   847.3  1270.3 104179.0   104020
read      251.4   154.3    74.4   124.5   137.9   227.3   277.4   309.6   333.3   359.1   391.6   436.7   539.1  2206.0  5288.8  78859.0    78635
read      253.7    86.8    86.8   133.6   147.8   246.0   287.8   313.7   331.3   349.6   371.1   403.7   478.2   585.5   904.2  46849.0    46764
read      220.7    57.3   101.3   152.3   165.1   216.4   234.1   244.9   252.2   262.0   273.3   298.9   366.1   946.0  1890.0   9732.0     9723
read      228.7    99.7    86.8   152.7   167.0   224.0   243.9   254.4   263.1   271.9   286.7   313.7   381.2   805.8  5071.1  13051.0    13017
read      253.0    90.7    86.8   136.2   150.9   248.5   284.9   306.7   322.8   340.1   361.7   394.0   464.1   587.8  3488.8  40148.0    40662
read      252.2    88.7    86.8   139.8   154.9   248.4   281.4   301.2   316.4   333.2   352.8   383.8   447.5   582.8  3542.6  34433.0    34465
read      253.8    91.0    80.4   131.5   146.3   244.4   287.3   313.2   331.1   350.5   374.3   409.1   492.3   738.7  1082.7  46509.0    46730
read      250.1   103.2    80.4   124.8   138.4   229.6   281.0   315.0   338.1   362.8   393.1   435.7   529.2   747.4  1736.7  73702.0    73264
read      246.1   102.7    80.4   123.3   136.7   224.7   274.6   306.8   331.0   357.0   389.4   434.9   526.3   689.0  1695.0  79793.0    79688
read      252.2   134.5    80.4   125.8   139.3   225.1   273.2   305.3   329.7   358.3   395.2   451.2   613.4  1528.7  3023.3 108724.0   108967
read      253.1   103.6    80.4   129.8   143.3   239.7   286.5   316.4   336.4   358.0   383.8   420.9   497.7   668.4  1943.5  56185.0    56343
read      255.6   102.6    80.4   135.0   150.0   248.9   287.8   311.0   327.6   345.3   368.6   402.6   468.5   639.7  3211.3  41741.0    41842
read      238.0    59.5    86.8   149.7   165.5   235.1   258.6   270.7   280.1   292.4   309.8   336.8   403.2   574.0  1009.5  19934.0    19881
read      217.3   109.2   101.3   152.0   163.2   208.8   226.2   235.2   243.6   252.4   265.5   287.4   385.1  1720.1  4530.9   6202.0     6107
read      251.0    83.2    80.4   136.3   151.5   247.4   282.4   302.8   318.2   335.4   355.9   387.2   454.0   568.0  1115.9  38239.0    38731
read      248.4    71.1    86.8   141.8   157.2   246.1   275.9   293.4   307.0   322.6   341.9   370.1   433.3   531.7   940.7  31191.0    31156
read      244.7   101.1    80.4   122.5   135.7   224.0   273.6   305.8   330.5   356.3   387.9   431.7   516.9   684.0  1360.4  80072.0    79889
read      254.4   155.0    86.8   141.8   157.3   246.2   275.9   293.6   308.2   325.5   345.3   374.1   449.6  2830.5  5508.3  31514.0    31951
read      250.5   107.2    80.4   127.5   141.1   227.0   274.6   307.5   332.1   360.0   395.1   446.7   557.1   921.7  1552.9 105343.0   105358
read      245.9   119.0    74.4   123.8   137.5   221.4   269.9   301.7   325.9   353.4   388.6   437.2   558.4   945.6  4156.3 104394.0   104834
read      225.7    56.2   101.3   152.1   167.4   221.4   240.2   250.9   258.9   268.9   282.7   308.9   374.0   912.1  1224.2  12486.0    12457
read      249.8   106.4    80.4   124.8   138.6   229.7   280.6   314.2   337.2   362.4   392.6   434.7   526.3   677.8   868.2  72466.0    72818
read      253.6    87.8    80.4   133.3   147.8   246.3   286.8   312.1   330.3   349.1   371.1   403.6   471.5   591.2   956.3  44883.0    44775
read      251.4   117.1    80.4   121.6   135.7   232.8   280.4   311.7   335.3   361.3   392.8   438.3   545.7   785.7  3642.5  68258.0    68489
read      257.6   104.8    80.4   129.0   143.5   245.2   290.1   318.5   337.8   360.0   387.7   429.6   530.8   850.8  2154.8  52758.0    52510
read      254.8   117.9    74.4   124.5   139.0   232.0   282.3   315.8   339.8   367.3   401.1   453.8   584.4   872.4  3534.1  85340.0    84955
read      241.0    80.8    86.8   151.6   167.4   229.2   253.2   267.7   278.5   296.5   322.2   366.1   501.4   904.4  2474.9  14349.0    14282
read      253.3   112.1    80.4   124.3   138.6   229.7   278.4   311.4   336.3   365.7   400.7   454.7   585.9  1103.0  1486.1  86981.0    87096
read      244.7   115.5    80.4   121.2   134.6   221.4   269.8   300.8   325.4   353.0   388.4   437.5   546.9   855.6  4060.3  90376.0    90273
read      249.7    87.7    86.8   136.4   153.1   244.5   274.7   293.3   308.8   327.2   348.2   386.2   469.0   631.0  1269.8  31445.0    31352
read      238.0    66.3    86.8   146.8   163.2   232.9   257.1   270.4   280.7   293.9   314.4   345.0   422.1   736.7  1897.7  19221.0    19469
read      221.5    68.6    93.8   151.3   163.6   213.6   231.7   243.3   252.3   264.1   279.1   312.5   401.7   971.4  1929.0   7145.0     7075
read      249.5    86.5    80.4   134.2   150.1   245.3   278.6   298.2   314.6   333.4   356.6   391.0   455.4   536.7   925.3  35201.0    35529
read      250.3   126.4    74.4   123.4   136.8   226.0   274.9   308.0   332.6   360.6   395.9   450.9   589.2   879.6  2161.4  84713.0    84543
read      237.3    74.9    86.8   146.3   162.4   231.9   256.2   269.5   279.6   293.7   314.4   346.2   427.3   630.0  3497.3  19764.0    19670
read      253.3    97.9    74.4   138.1   153.1   248.0   280.7   302.0   318.7   336.6   358.8   395.2   469.0   575.3  4450.2  35495.0    35779
read      247.6   102.8    74.4   123.5   137.0   226.4   276.3   309.9   334.0   360.6   392.6   437.9   525.2   672.5  1331.3  80698.0    80767
read      248.4   127.8    74.4   123.8   137.4   225.2   273.7   306.8   332.0   360.9   395.4   442.5   540.9   737.8  4893.4  84806.0    84436
read      245.6   125.5    80.4   123.7   137.4   221.8   269.4   300.6   325.4   352.1   387.1   437.7   540.9   801.1  5210.1 102232.0   102570
read      250.5   102.0    80.4   126.2   139.9   232.9   282.3   312.6   334.0   357.1   385.5   427.6   511.2   905.6  1719.0  64207.0    64539
read      238.7    76.1    86.8   149.0   164.1   236.1   259.9   272.1   282.4   295.0   313.1   339.0   394.8   530.9  1017.9  20838.0    20695
read      249.5    76.2    86.8   142.2   159.1   245.8   275.1   293.2   306.8   321.9   343.0   371.9   431.9   608.4  1195.9  29220.0    29052
read      253.9   141.4    80.4   127.6   141.1   227.4   274.9   307.5   331.9   360.4   396.1   448.8   581.5  1548.5  3997.0 109557.0   109606
read      246.5   126.3    74.4   122.3   135.4   222.2   271.2   305.0   329.7   356.6   389.4   436.9   554.5  1013.3  3799.2  87099.0    86574
read      241.8    77.4    86.8   144.1   159.4   239.0   265.9   279.8   291.3   305.8   324.4   351.6   413.4   507.1  3523.2  26512.0    26386
read      243.9    70.5    93.8   139.9   156.4   241.4   269.8   285.9   297.4   313.7   333.0   362.3   431.2   545.1  1187.1  30159.0    30300
read      246.1   111.5    80.4   124.5   137.6   224.8   274.5   307.4   331.8   357.7   388.9   431.2   509.6   670.3  1339.3  79137.0    79261
read      249.9   103.1    80.4   124.7   138.6   229.6   279.9   314.1   337.5   362.4   392.2   435.2   527.3   794.1  1703.6  73179.0    72798
read      241.4    68.2    86.8   146.3   162.3   238.2   263.5   276.2   288.4   302.2   320.3   347.8   419.1   632.9  1594.3  23771.0    23763
read      254.0    91.6    74.4   132.9   147.8   245.2   286.3   311.5   329.1   348.0   371.5   408.6   491.9   856.6  1533.1  44966.0    45061
read      251.8    95.0    80.4   128.4   141.9   238.0   285.1   315.3   335.0   356.7   384.6   423.3   498.8   671.1  1127.7  57621.0    57867
read      244.6    70.5    86.8   141.3   156.9   242.3   270.1   286.0   297.3   313.9   333.7   361.8   424.9   551.7  1512.0  28754.0    28765
read      253.0   107.9    80.4   128.7   142.6   229.9   279.1   312.7   336.9   364.8   398.2   446.5   548.3   838.9  1696.2 105472.0   105615
read      263.5   170.2    80.4   129.3   143.5   232.8   283.3   317.4   341.6   370.8   406.8   462.6   625.8  2552.2  4006.5 110221.0   109800
read      249.1   118.1    80.4   124.9   138.4   225.1   274.3   308.4   333.9   361.6   395.4   444.0   545.3   812.6  2900.1  92537.0    92474
read      248.7    97.9    80.4   124.9   138.7   231.0   280.5   312.1   334.6   358.5   386.9   428.4   514.0   670.2   975.7  70080.0    69536
read      249.6   108.4    80.4   126.4   140.2   225.7   273.3   306.4   330.9   359.0   394.9   448.8   565.8   787.5  1622.8 109079.0   108847
read      254.9   104.4    86.8   138.5   153.4   248.2   282.8   303.5   319.6   337.1   359.1   392.9   470.1  1292.8  3142.9  37459.0    37648
read      249.0   108.8    80.4   125.0   138.7   224.8   273.6   307.3   332.5   360.3   394.8   446.1   566.0   852.9  1504.5  98773.0    98797
read      249.7   100.2    74.4   125.0   138.4   230.8   280.9   314.0   337.1   361.8   392.0   434.0   523.3   671.9   798.6  72021.0    71781
read      252.3    87.1    80.4   133.0   148.1   244.4   284.3   309.5   327.2   345.1   368.1   403.3   476.5   615.8  1259.1  45137.0    45034
read      242.6    68.4    86.8   148.8   164.5   238.8   263.9   276.8   288.1   300.8   320.7   350.1   414.9   596.7  1704.5  22908.0    23060
read      247.3   107.7    74.4   124.3   138.1   223.7   272.1   305.2   330.2   357.9   392.8   441.5   553.5   856.0  1900.7  99020.0    99559
read      248.3   117.6    80.4   123.4   137.0   225.4   275.2   310.2   334.7   360.9   392.8   437.1   538.8   869.4  3778.1  78930.0    78907
read      253.2   113.0    74.4   129.1   142.9   229.2   277.8   311.3   335.3   363.2   398.5   449.4   558.7   865.8  3808.1 109896.0   109987
read      246.5   106.3    80.4   123.8   137.6   224.0   272.7   304.7   328.6   355.7   390.1   438.7   540.2   872.9  1124.5  96343.0    96463
read      230.4    70.8    93.8   151.3   166.6   226.1   246.3   257.5   266.2   274.8   292.3   320.1   381.1   928.0  1589.7  14546.0    14541
read      247.3   110.7    80.4   141.3   157.3   243.6   271.7   288.2   300.2   316.5   336.4   366.0   432.8   837.3  7114.2  30239.0    30227
read      239.7   115.9    80.4   122.0   135.3   216.4   262.5   290.8   314.6   342.7   377.9   429.0   532.7   795.2  4472.7 107858.0   109068
read      249.2   118.1    80.4   123.6   137.3   227.8   276.4   308.6   332.6   358.3   389.4   433.0   543.6  1008.3  3070.8  74124.0    73889
read      243.5   105.4    80.4   122.2   135.4   222.9   271.9   302.4   326.3   351.2   383.2   428.0   517.1   730.7  2836.3  81169.0    80825
read      250.5   106.2    80.4   126.1   139.8   226.2   274.7   309.0   334.4   362.7   398.1   450.1   564.6   845.9  1233.4 101664.0   101968
read      246.3    76.9    86.8   141.9   158.3   243.1   270.7   286.5   297.8   314.9   335.3   365.9   434.0   622.3  1117.3  28078.0    28070
read      245.4   126.4    74.4   121.7   135.2   221.0   270.8   302.7   328.1   356.1   390.3   436.3   544.5   991.8  6193.4  87968.0    88127
read      243.4   116.5    74.4   122.3   135.6   219.0   268.4   299.1   324.3   351.4   386.4   434.7   542.8   814.2  3868.6  93842.0    93037
read      243.1   102.9    80.4   121.9   135.1   221.0   270.3   302.0   326.9   353.3   386.6   432.2   531.1   710.1  1776.4  85684.0    85313
read      249.8    85.4    74.4   133.1   148.0   243.7   281.0   303.1   320.4   339.3   362.3   395.9   465.3   573.3  1967.2  43079.0    42639
read      245.0   106.3    74.4   122.8   136.7   222.1   270.6   302.5   327.5   354.5   388.1   434.7   541.8   838.7  1669.8  89550.0    89688
read      245.2   103.5    80.4   122.5   136.0   223.9   273.5   306.0   330.6   356.4   387.5   431.6   531.4   744.2  1393.0  78178.0    77922
read      256.3    89.9    86.8   135.5   150.8   249.6   288.4   312.1   329.1   346.7   370.9   406.4   487.7   637.3  2058.1  43455.0    43434
read      253.5   126.2    80.4   126.8   140.7   227.7   276.5   310.2   334.5   362.8   399.0   452.8   581.6  1192.7  3725.4 104792.0   105109
read      247.7   112.6    80.4   124.5   138.1   223.6   271.4   303.3   328.8   357.9   393.3   444.2   560.0   928.9  2348.6 103888.0   104178
read      252.6   124.9    80.4   127.6   140.9   226.8   275.7   309.9   334.5   362.1   396.7   448.7   573.8  1166.2  2710.7 103533.0   103636
read      252.5    92.7    80.4   140.9   156.3   247.5   278.9   297.6   313.6   330.9   350.8   384.1   458.9   654.0  3815.9  33919.0    33841
read      250.4   100.0    80.4   126.3   139.9   233.8   283.0   314.1   335.4   358.7   387.9   429.3   508.2   671.5  1526.0  65185.0    65328
read      254.3   128.5    80.4   128.7   142.6   240.8   285.3   313.3   332.5   352.5   376.3   413.9   501.6  1549.9  3906.8  53712.0    53849
read      231.7    60.1    93.8   154.5   170.0   227.9   247.5   258.4   266.8   275.2   291.6   319.5   381.6   903.1  1973.5  14195.0    14112
read      252.1   111.0    80.4   126.2   140.1   234.2   283.5   315.4   336.8   360.7   389.8   430.4   509.1   701.9  2975.1  64788.0    65229
read      252.4   140.3    80.4   124.9   138.7   228.9   279.5   313.0   336.4   362.7   394.4   440.7   555.1   961.8  5501.7  74595.0    74794
read      252.0   104.5    80.4   125.8   139.5   230.6   281.4   315.8   339.0   364.9   397.0   441.3   547.0   789.5  1128.6  76804.0    76657
read      248.7   109.0    74.4   124.4   138.1   225.2   274.4   307.9   333.2   361.3   395.8   444.4   550.0   828.7  1469.6  92279.0    92562
read      248.2   101.8    80.4   124.1   137.9   226.9   276.9   310.6   334.9   360.8   393.0   436.1   534.8   709.7   920.7  79781.0    79594
read      247.8   115.0    74.4   124.6   138.4   223.9   272.1   303.9   328.3   355.9   391.9   443.8   562.3   832.6  2800.3 106039.0   106208
read      248.3   136.3    74.4   123.4   137.0   222.3   271.7   304.0   329.3   357.6   392.6   443.3   566.1  1446.8  2546.5  95078.0    94770
read      240.7    76.4    93.8   151.0   167.2   236.4   259.6   271.5   281.3   293.8   312.9   340.9   400.1   982.3  3240.0  19394.0    19122
read      252.4    99.2    80.4   126.5   140.2   237.5   286.7   317.0   337.3   359.7   387.4   428.5   509.7   663.2  1017.8  60147.0    60408
read      247.7   104.2    74.4   124.9   138.6   224.9   273.1   305.6   330.6   359.0   393.8   444.1   548.2   729.7   973.2  98433.0    98371
read      252.6   126.6    74.4   126.2   140.2   235.3   283.6   313.5   333.9   355.9   383.6   425.9   521.3  1286.7  2730.6  61816.0    61350
read      243.8   113.8    74.4   121.2   134.5   222.7   272.1   303.3   327.4   352.4   384.2   429.7   526.5   762.6  2265.7  78763.0    78813
read      219.5    76.2   101.3   153.1   164.9   212.4   229.9   239.8   248.5   258.0   270.2   293.6   401.4  1011.8  3094.5   5752.0     5604
read      245.1   107.1    80.4   122.3   135.8   223.8   272.9   305.0   328.7   354.9   388.2   435.3   534.8   733.4  1881.3  80332.0    81210
read      249.5   143.7    74.4   122.7   136.3   227.2   276.7   308.7   331.7   357.4   388.1   432.1   534.3  1954.5  3641.3  73821.0    73960
read      247.4    76.5    86.8   142.5   159.3   244.1   271.8   288.3   300.4   316.9   337.6   368.8   435.2   567.1  2410.1  28194.0    28059
read      220.1    88.4    93.8   154.0   165.9   212.6   230.4   240.3   247.8   255.6   269.4   293.8   387.5  1017.1  4195.5   6197.0     6090
read      247.2    97.7    80.4   124.8   138.5   231.3   279.6   309.0   330.4   353.0   381.6   422.6   497.9   608.6  1853.9  64584.0    65353
read      251.9    95.6    80.4   128.2   142.3   238.9   285.3   313.7   333.3   354.8   381.4   419.2   500.2   631.9  1569.3  55751.0    55646
read      244.7    99.7    74.4   122.2   135.7   225.3   274.2   305.5   328.7   353.1   384.0   428.9   518.3   681.5  1409.2  75508.0    75470
read      248.4   111.5    80.4   124.3   138.0   223.2   271.9   304.3   329.3   358.1   394.2   447.0   574.6  1011.6  1852.8 100819.0   101368
read      237.5    78.8    86.8   148.3   164.1   233.8   257.6   270.1   279.5   292.4   311.3   340.0   399.3   501.8  3228.4  20314.0    20305
read      239.7   102.0    74.4   121.0   134.1   216.7   264.5   294.3   318.9   345.8   380.9   430.0   536.7   792.4  1436.2 100991.0   101317
read      248.8   155.2    80.4   125.6   139.2   224.0   271.8   303.4   327.5   355.1   391.7   444.7   555.5   857.6  3946.8 108277.0   108543
read      240.5    99.1    74.4   119.9   132.7   219.5   269.3   299.0   323.6   350.0   381.3   427.6   519.4   690.1  1040.2  81681.0    81018
read      240.7   102.3    74.4   122.5   135.8   217.7   264.5   293.2   317.3   344.7   380.6   433.1   539.5   829.3  1489.0 106574.0   106524
read      253.2    96.3    80.4   130.6   144.8   241.6   285.1   312.5   331.8   352.5   378.1   419.0   505.5   723.7  1733.1  51018.0    50658
read      263.0   188.2    86.8   133.0   148.3   247.7   287.3   313.1   331.6   351.9   377.2   422.0   572.9  2066.8  7627.1  43975.0    43791
read      250.7   218.5    93.8   155.0   170.8   230.8   252.0   264.6   273.1   287.5   309.0   346.3   600.1  2751.5  7699.9  14571.0    14504
read      256.3    95.8    80.4   133.2   147.8   247.3   289.9   317.0   335.0   354.4   377.8   414.1   480.3   592.7  3003.6  47743.0    47555
read      253.1   100.8    80.4   127.1   140.7   235.2   285.2   319.1   341.0   364.3   392.8   433.6   526.1   701.8  1359.3  67878.0    67848
read      242.5   111.3    74.4   121.3   134.4   218.5   267.8   298.4   323.1   351.7   386.7   435.5   544.1   782.2  2296.1  93573.0    93337
read      248.2   104.0    80.4   123.1   136.8   226.0   275.9   310.4   334.8   361.8   394.2   440.6   544.6   800.1  1076.0  82975.0    82735
read      248.6   103.1    80.4   123.2   136.7   227.2   277.1   311.5   335.6   362.1   394.8   439.7   540.7   756.2  1021.1  79733.0    79691
read      250.0    98.7    80.4   125.6   139.5   234.5   282.3   312.6   333.3   355.6   384.0   425.6   508.7   671.0  1979.5  61392.0    61855
read      252.0    97.9    80.4   126.0   139.9   236.0   285.4   316.8   337.6   360.2   388.3   431.6   520.1   653.5   919.0  61018.0    61378
read      251.9    91.1    80.4   144.5   161.1   247.5   275.2   293.3   307.2   323.0   343.3   375.6   442.6   575.6  3940.1  27441.0    27280
read      255.6   124.3    86.8   138.5   153.6   250.2   284.4   306.3   322.8   340.7   363.0   394.8   464.0   626.8  4927.8  35892.0    35620
read      253.4    90.6    86.8   140.4   156.4   250.5   280.8   299.1   314.5   331.4   350.8   383.5   459.9   577.1  3907.1  32721.0    32911
read      243.0   102.1    74.4   120.4   133.4   222.9   272.2   302.9   326.1   352.2   383.7   428.9   530.0   706.1  1266.9  76981.0    76628
read      252.6   113.5    86.8   140.0   156.2   247.0   277.2   295.6   311.2   329.0   349.7   383.5   464.7   914.9  6651.5  32634.0    32305
read      249.4   114.3    80.4   122.7   136.3   227.9   277.0   309.9   333.9   360.9   394.0   442.0   550.3   773.8  3838.0  74213.0    74231
read      257.7   147.0    74.4   125.6   139.2   233.5   285.9   319.7   341.7   367.3   400.2   450.9   579.2  1715.5  4030.5  69094.0    69333
read      255.1   103.6    80.4   128.8   143.0   243.0   288.7   317.1   336.5   357.9   384.2   425.0   516.9   688.3  2799.9  53499.0    53526
read      252.9    87.9    80.4   132.9   148.1   245.5   284.6   308.4   325.8   344.6   369.8   405.1   487.9   610.2  1158.3  43719.0    43970
read      245.7   142.7    74.4   121.4   134.5   219.6   269.2   301.6   327.5   354.9   389.9   441.9   576.0   892.3  7081.6  92578.0    92984
read      237.0    65.9    86.8   144.4   160.2   233.9   258.6   271.1   281.5   294.9   313.7   341.8   410.2   551.5  1806.2  22833.0    22716
read      247.2   116.7    74.4   122.6   136.3   223.1   272.6   305.1   330.1   358.0   393.0   443.2   560.1   802.2  3201.2  86466.0    86539
read      248.2   110.0    80.4   122.1   135.7   226.2   275.9   310.2   334.3   360.6   392.3   435.7   548.7   858.6  2225.1  74240.0    73888
read      247.5   105.2    74.4   122.5   136.0   226.4   276.3   308.6   332.1   357.6   389.9   436.1   542.9   821.4  1831.5  73362.0    73554
read      241.5    74.7    86.8   141.9   157.8   238.7   266.0   280.3   291.8   306.6   325.7   353.4   419.2   576.2  2254.2  26907.0    26912
read      250.4    97.3    74.4   132.6   147.1   243.8   282.7   305.3   321.3   339.6   362.0   395.5   467.0   612.9  3120.2  44676.0    44840
read      234.5    67.5    86.8   151.6   167.2   230.3   251.7   263.6   271.5   283.4   300.2   330.6   393.4   875.7  1984.5  16939.0    16966
read      254.2   119.5    80.4   129.0   143.5   242.8   288.3   316.1   334.8   355.2   380.0   418.1   496.0   667.0  4494.4  51720.0    51903
read      246.1    98.8    74.4   122.8   136.3   227.5   277.3   309.1   331.7   356.0   384.6   427.2   510.2   691.7  1150.3  71671.0    71461
read      240.4    95.7    86.8   148.0   164.2   237.2   260.4   272.6   283.8   297.2   315.7   341.7   398.8   494.1  4352.3  21383.0    21248
read      249.1   125.2    74.4   123.1   136.7   222.1   271.1   304.4   329.9   357.4   392.7   446.4   608.8  1330.5  2716.9  97917.0    98493
read      237.3   113.1    74.4   121.3   134.0   214.0   261.6   290.3   314.0   341.3   375.3   426.2   523.2   700.4  3656.5 106256.0   105716
read      237.0    86.8    93.8   147.0   163.6   232.4   254.9   266.8   274.2   287.0   303.4   333.4   403.3  1451.1  2524.3  19661.0    19488
read      231.1    78.7    86.8   150.0   165.3   228.0   248.8   260.2   268.3   277.3   293.1   318.9   382.0   875.0  3863.6  16896.0    16605
read      248.8   103.4    80.4   123.8   137.0   228.4   278.1   312.6   335.4   360.3   391.6   435.5   541.5   720.6  1652.6  74480.0    75130
read      253.8   114.7    80.4   132.3   146.9   245.3   285.3   310.1   327.9   345.8   369.2   403.7   479.4   747.6  4222.8  46074.0    45842
read      253.1    91.7    80.4   130.5   145.0   244.3   286.5   313.5   331.4   349.8   373.3   410.3   495.0   594.0   935.1  48349.0    48598
read      247.8   102.2    80.4   124.1   138.0   229.4   278.2   309.6   332.1   356.4   386.2   429.3   517.9   694.6  1300.6  68342.0    67944
read      246.9    77.9    86.8   144.0   159.8   243.7   270.1   286.1   298.3   314.9   335.0   364.3   430.3   568.1  2144.4  26800.0    26800
read      250.6    91.5    80.4   128.4   142.5   242.7   284.7   310.1   328.0   345.8   370.8   406.7   484.8   628.9   909.5  49722.0    49959
read      251.0   128.0    74.4   127.2   141.2   239.0   282.9   309.6   328.7   348.2   373.0   413.0   496.9   633.0  6629.3  53728.0    54114
read      246.3   100.0    74.4   123.0   136.8   229.2   277.7   308.6   330.6   354.0   382.2   423.7   506.2   637.3  1576.3  66929.0    66577
read      252.0   126.9    80.4   134.7   149.5   246.3   281.8   303.5   319.4   337.4   358.9   391.2   463.0   693.5  7396.7  39997.0    39563
read      250.5    81.2    74.4   134.6   149.4   246.0   281.3   303.7   320.6   338.6   359.8   391.5   461.9   573.8   840.0  40362.0    40228
read      241.0   108.1    68.9   120.5   133.3   217.8   267.2   297.3   322.2   349.0   382.9   431.9   532.9   728.5  2800.7  91988.0    92385
read      248.1    91.8    86.8   138.2   153.3   243.4   273.6   293.1   308.7   326.2   345.0   375.8   451.5   607.4  3170.1  35186.0    35189
read      249.0    82.5    80.4   138.3   153.1   245.2   276.4   295.1   310.1   327.2   347.2   379.9   456.0   601.3  1852.0  34861.0    34744
read      234.7    95.4    93.8   152.9   168.7   230.2   251.0   262.6   270.4   280.8   296.1   323.9   393.1   953.4  4231.9  15080.0    15082
read      250.7   132.4    74.4   122.4   135.8   224.1   273.8   309.3   333.9   361.2   395.7   447.7   587.1  1889.7  3043.4  87311.0    87824
read      249.9    91.3    86.8   138.6   153.9   244.9   275.7   294.3   309.2   326.1   345.9   380.8   462.0   895.7  3089.5  33828.0    33965
read      251.4    88.5    80.4   136.3   151.2   246.3   281.1   302.2   318.1   335.5   356.7   390.6   465.7   638.5  2392.9  38198.0    38138
read      252.2    88.0    80.4   133.8   148.8   245.7   283.8   307.8   324.7   341.5   363.9   399.3   475.1   626.5  1922.4  42760.0    42450
read      251.3   103.8    80.4   124.6   138.7   233.7   283.8   316.2   337.1   360.0   389.3   432.4   525.9   708.3  1061.2  64816.0    65120
read      231.9    72.4    93.8   148.9   165.0   228.9   249.6   261.0   269.0   278.7   295.1   323.0   386.0   583.5  3668.7  17253.0    17329
read      253.0    99.3    80.4   127.6   142.0   238.9   285.2   314.1   334.5   357.0   384.5   427.0   525.7   708.7  1365.6  56039.0    56524
read      249.9    95.2    86.8   136.1   151.3   244.2   277.8   298.4   315.3   333.0   353.6   387.8   464.9   623.5  1940.1  36409.0    36287
read      234.3    66.8   101.3   153.2   170.4   230.1   250.5   262.1   270.1   280.8   296.7   324.5   392.2   888.7  2888.5  14703.0    14642
read      251.0    97.0    80.4   128.9   142.8   239.5   283.7   310.7   329.5   349.6   374.7   414.7   495.6   636.5  1878.5  52668.0    53127
read      247.7    98.7    74.4   124.3   137.9   230.6   278.5   310.0   332.2   355.6   383.7   426.2   508.8   683.3  1332.0  67505.0    67385
read      243.8   106.6    74.4   121.5   134.7   223.1   271.9   302.5   326.8   353.5   385.6   430.3   520.2   762.0  1791.7  80232.0    80362
read      249.7   154.9    80.4   123.3   136.9   221.2   269.2   300.2   325.4   353.7   390.7   445.1   596.2  2373.7  3807.1 105082.0   105193
read      253.9   106.1    80.4   130.2   144.7   242.9   286.2   312.1   330.1   349.0   373.4   411.6   501.4  1308.8  2530.7  51067.0    50992
read      250.5   103.9    80.4   124.6   138.5   227.8   278.8   314.2   338.7   366.4   399.2   446.3   540.6   766.0   939.9  85070.0    85438
read      252.7    95.8    74.4   129.7   144.2   242.8   286.3   313.0   331.7   351.4   374.2   413.4   492.7   628.9  2030.0  50455.0    50475
read      230.7    62.6    86.8   150.9   166.8   227.4   247.7   258.7   267.0   275.3   291.8   318.9   381.2   913.3  2135.7  15723.0    15668
read      249.1   102.1    80.4   123.7   137.0   231.8   281.2   313.7   335.6   358.7   387.1   429.3   516.0   758.2  1952.2  66831.0    66984
read      249.4    95.0    80.4   126.4   140.3   236.7   283.2   311.2   330.6   351.0   375.9   417.5   503.1   687.8  1010.8  57537.0    57056
read      252.3    93.6    80.4   132.3   147.3   244.7   284.9   309.1   326.4   344.1   367.1   401.4   475.0   630.5  3353.3  45316.0    45383
read      223.5    56.9    93.8   155.3   168.8   218.1   235.2   246.1   253.1   263.4   274.9   303.5   371.7   970.3  1063.4   9087.0     9044
read      252.7    98.5    80.4   135.0   150.3   245.8   282.7   304.9   321.3   339.4   362.3   397.1   473.3   605.2  3492.6  39864.0    39958
read      252.3   111.9    80.4   124.9   138.6   232.4   283.9   317.8   339.9   364.3   394.6   436.8   536.5   750.5  2078.9  67415.0    67432
read      245.4    96.9    86.8   146.6   163.3   241.4   266.7   280.8   292.9   308.1   326.9   354.8   421.0   891.5  4507.8  23719.0    23503
read      245.8   123.9    80.4   122.5   135.9   221.9   271.3   304.1   329.2   356.1   389.6   435.9   540.1   799.4  4159.6  90276.0    89906
read      250.1    97.8    74.4   125.8   139.7   235.1   283.4   314.1   334.6   356.3   382.4   423.0   504.1   692.6  1553.3  60611.0    60865
read      221.6    88.0    93.8   150.7   164.3   215.8   233.5   244.0   251.2   260.6   272.3   296.3   369.7  1017.1  3228.7  10145.0    10097
read      240.7   106.4    74.4   121.6   134.8   217.0   264.4   294.1   318.8   346.8   382.8   432.7   538.6   828.3  2484.4 104281.0   104385
read      233.7    80.1    86.8   150.8   166.2   229.6   251.4   263.2   271.0   281.9   296.8   327.2   396.7   676.2  4180.1  16670.0    16694
read      243.5   130.4    74.4   120.8   134.0   218.0   266.5   296.2   321.3   348.0   383.5   435.1   553.8  1588.2  3103.5  96876.0    96807
read      246.5    71.5    86.8   146.5   163.0   243.3   268.8   283.7   295.3   311.7   331.7   360.2   426.4   611.9  1094.5  23634.0    23545
read      256.1   103.8    80.4   128.9   143.3   243.5   290.9   319.9   339.8   361.4   387.4   425.1   505.7   735.1  2010.6  53475.0    53603
read      260.4   150.1    80.4   126.2   139.9   233.1   286.6   322.8   346.5   374.4   409.2   464.0   622.0  1306.1  5447.4  77930.0    77963
read      253.7   130.8    74.4   125.1   138.9   226.3   275.4   309.1   333.8   362.9   400.4   459.2   626.7  1356.6  3506.3  98885.0    99004
read      247.0   109.4    80.4   122.2   136.0   223.8   273.0   306.7   331.7   359.0   392.5   442.0   558.7   795.6  2393.4  89070.0    89009
read      251.9   126.0    74.4   126.7   140.3   227.0   275.6   308.9   332.6   360.2   395.8   449.1   571.3  1009.6  3728.9 110301.0   109606
read      249.8   144.3    80.4   123.7   136.9   223.7   273.0   306.4   331.2   358.4   392.3   439.6   549.4  1581.4  5151.0  95185.0    94996
read      247.4    74.5    93.8   144.4   160.9   243.5   270.7   286.4   297.7   315.7   336.4   366.7   439.5   644.4  1986.0  26731.0    26308
read      247.2   105.8    80.4   122.8   136.3   226.7   276.3   308.7   331.7   357.7   391.0   436.5   534.7   693.9  1115.3  76612.0    76851
read      252.0   116.2    80.4   126.2   140.0   227.3   275.6   309.0   333.7   363.3   399.8   453.6   575.1  1050.4  1551.9 105428.0   105149
read      251.0    89.6    80.4   130.1   144.3   241.2   284.3   309.8   328.0   347.4   371.9   411.5   495.3   604.7   975.7  51441.0    51656
read      227.7    58.9    93.8   153.6   168.2   223.8   242.8   253.1   261.5   270.8   285.4   312.1   381.0   932.7  1710.4  12770.0    12606
read      254.3    98.7    80.4   129.2   143.2   240.0   287.6   318.0   338.1   360.1   386.6   425.9   508.8   652.6  1260.5  57276.0    56950
read      253.1   101.0    80.4   128.4   142.6   238.4   287.5   317.7   337.7   359.7   386.1   424.0   502.5   670.1  1973.2  58436.0    58457
read      249.2   105.9    80.4   124.0   137.4   228.3   278.2   310.8   333.7   359.7   392.7   437.3   541.3   803.0  1601.0  73226.0    73870
read      248.0   102.4    80.4   123.4   136.7   227.2   277.7   311.6   335.1   360.9   392.8   436.3   523.1   709.8  1304.6  77951.0    77558
read      234.6    67.1    80.4   150.2   165.6   231.6   253.4   265.4   273.1   285.4   301.4   329.9   392.4   542.8  2485.0  18507.0    18374
read      248.2   116.3    74.4   123.7   137.3   224.5   273.6   307.6   332.6   360.4   394.9   444.4   547.5   764.6  3494.2  89877.0    90267
read      255.4    86.2    80.4   136.4   151.3   249.4   287.9   311.5   328.1   345.6   369.1   400.6   469.8   615.6  1918.1  41481.0    41486
read      253.0   100.0    80.4   139.2   154.9   247.2   280.1   300.8   316.5   333.9   354.5   387.0   458.0   733.5  3811.1  34555.0    34820
read      243.1    81.1    93.8   145.5   161.3   240.0   265.5   278.8   290.3   304.4   323.4   349.8   409.8   931.7  3124.2  24510.0    24506
read      251.5    77.6    86.8   141.7   157.2   248.5   279.1   297.7   313.0   329.7   348.9   379.8   440.8   612.9  1329.2  32227.0    32392
read      252.5   100.4    80.4   126.6   140.3   234.5   285.0   317.5   339.7   363.6   392.6   433.3   531.0   713.2  1145.2  64910.0    65364
read      250.0    90.3    86.8   139.3   154.6   245.3   276.2   294.7   310.0   327.3   346.3   377.3   455.1   630.4  3124.6  33476.0    33590
read      255.0   128.0    80.4   130.7   145.2   245.1   287.9   314.4   332.6   352.2   376.4   413.4   496.3   628.9  3010.2  48546.0    48637
read      243.6   103.6    80.4   122.7   136.2   220.2   269.0   299.5   323.9   352.1   387.8   436.2   540.0   794.1  1415.8  99319.0    99481
read      244.1   217.7    93.8   150.8   166.7   229.3   251.1   263.7   272.3   285.4   304.1   338.1   459.5  4452.7  7361.1  15685.0    15514
read      220.7    75.9    93.8   151.8   165.1   216.1   232.9   243.0   250.2   259.4   272.0   296.3   370.8   967.5  4079.1   9769.0     9896
read      256.5   138.5    80.4   123.8   137.6   227.6   280.1   316.1   340.9   370.0   406.9   466.3   649.9  1180.4  2889.9  78557.0    78890
read      265.0   212.2    86.8   146.8   163.3   247.3   276.6   297.3   315.0   334.2   358.8   401.9   547.7  2167.8  8221.7  26196.0    26427
read      256.2   130.2    80.4   126.9   140.4   229.4   280.3   315.2   339.3   367.5   402.0   453.9   598.5  1734.0  2597.8  84422.0    84648
read      249.9   111.0    74.4   127.5   141.1   225.9   273.5   305.3   329.5   357.8   394.3   445.2   550.2   965.9  2535.9 105741.0   105509
read      236.2    58.3    93.8   151.8   168.6   232.5   254.0   266.6   274.6   287.8   304.7   333.2   397.5   565.0  1402.8  17019.0    16789
read      234.5   177.7    86.8   152.5   168.1   226.5   246.0   256.9   265.9   274.9   291.3   318.8   395.0  1643.5 12256.0  13794.0    13784
read      229.1    83.2    86.8   151.7   166.5   224.2   244.4   255.1   264.1   273.1   287.8   313.4   375.7   975.5  4276.0  13726.0    13915
read      218.1    64.6   101.3   153.7   165.6   212.6   230.2   240.2   247.9   256.0   270.1   293.3   364.5   955.3  3059.5   7212.0     7197
read      247.1   130.9    74.4   120.6   134.0   222.3   270.9   303.6   328.4   355.0   388.8   436.7   563.9  1849.3  2867.4  83936.0    84754
read      241.4   103.2    80.4   121.9   135.1   219.5   268.1   299.0   323.9   350.4   383.6   429.9   518.8   662.0  1269.7  92918.0    93616
read      251.7    94.2    80.4   131.9   146.9   244.0   283.4   307.6   325.2   343.6   366.6   400.9   478.6   625.7  1961.1  45021.0    45232
read      245.6   109.2    74.4   122.4   136.0   222.7   271.5   304.1   329.1   357.0   391.1   437.7   541.9   786.4  2163.2  86740.0    86355
read      240.1    81.4    86.8   146.1   162.3   237.6   261.4   273.6   284.4   296.3   315.9   344.3   413.5   581.2  2319.2  23212.0    23239
read      251.4   101.6    80.4   129.1   143.4   240.3   284.3   310.8   329.5   350.1   374.6   415.1   493.1   613.3  2543.6  51167.0    51079
read      247.7   130.2    74.4   121.8   135.1   225.5   275.2   307.7   330.8   355.5   386.7   433.1   545.3  1135.2  3807.1  72628.0    72839
read      247.6   116.8    80.4   122.6   136.3   227.6   276.3   308.6   331.4   356.6   388.3   433.0   531.3   748.9  3094.2  73044.0    73047
read      231.7    72.6    86.8   151.6   166.9   227.2   247.8   259.6   268.2   278.0   293.7   320.1   386.0   932.4  3055.1  14793.0    15045
read      244.4   112.4    74.4   122.0   135.4   219.0   266.6   297.1   322.2   350.4   386.7   440.6   605.5   976.0  2021.4 102046.0   102659
read      242.7   101.8    80.4   122.5   135.8   219.4   267.8   297.8   322.4   350.2   385.6   435.9   547.3   770.6  1099.1 102146.0   102565
read      245.8   112.7    80.4   121.5   134.9   223.2   273.3   305.9   330.1   356.1   388.1   434.2   545.0   817.8  2144.2  83644.0    83738
read      252.3    82.7    74.4   136.6   153.3   248.0   281.3   302.1   317.8   336.0   357.6   389.4   462.3   569.6  1908.6  35495.0    35346
read      249.9    93.1    80.4   126.9   140.7   238.1   284.0   311.7   330.5   350.8   376.2   416.2   498.0   626.4   863.8  54510.0    55125
read      251.3    84.1    80.4   134.2   149.8   246.0   282.1   304.4   319.8   337.6   359.8   395.5   479.6   627.9   968.0  40234.0    40276
read      251.2   102.1    74.4   125.1   139.2   235.2   283.8   314.1   335.7   359.5   387.8   428.4   519.5   672.3  1805.9  62910.0    62712
read      242.0   101.2    74.4   119.7   132.8   222.2   271.0   301.2   324.8   350.8   381.8   427.7   524.7   691.0  1761.1  75754.0    75879
read      248.6    81.8    80.4   135.2   150.5   243.9   278.3   297.7   313.7   331.2   352.0   385.9   459.0   586.2  1166.2  37598.0    37820
read      250.3   161.5    80.4   127.1   141.3   238.8   281.4   307.7   326.4   345.6   370.6   408.2   488.4   698.5  4495.4  51637.0    51426
read      246.8    77.9    80.4   134.4   150.1   243.0   275.1   294.5   309.3   326.3   347.2   385.5   458.9   586.9   964.1  37269.0    37336
read      239.4   132.5    74.4   119.8   132.5   215.2   264.2   294.3   318.4   344.3   378.4   428.2   536.2   827.7  6664.9  98747.0    98811
read      249.5   122.4    74.4   122.5   135.8   221.3   271.7   305.0   330.6   360.0   398.4   458.0   659.5  1016.0  2100.5 102627.0   102611
read      244.4    76.0    86.8   140.4   155.4   241.2   269.3   285.9   298.2   315.1   336.0   367.5   436.0   610.4  1187.3  30675.0    30209
read      234.2    70.3    80.4   147.5   162.7   231.4   254.3   266.7   274.5   286.6   301.3   332.0   394.3   611.6  3510.8  19283.0    19127
read      248.2    80.0    80.4   137.7   152.6   244.6   276.4   295.1   309.9   326.7   346.6   381.8   445.7   543.7   981.3  34989.0    34838
read      225.2    76.4    86.8   152.0   166.1   220.8   239.3   249.8   257.2   267.5   280.6   306.9   371.8   959.5  2001.2  12362.0    12221
read      240.4   102.5    74.4   119.7   132.7   216.7   266.4   296.8   322.1   350.0   385.6   435.6   539.2   745.9  1244.8  92228.0    92770
read      239.3   147.0    74.4   119.3   132.4   214.4   262.8   292.1   316.2   343.3   377.7   427.5   526.6   846.2  6846.3 100192.0   100281
read      242.6    67.5    86.8   141.5   156.7   241.2   267.4   281.9   293.9   309.3   328.4   357.9   425.1   546.1   983.3  28284.0    28246
read      238.7   102.8    74.4   120.0   132.9   215.7   264.7   295.1   319.2   345.8   380.1   429.3   523.8   744.4  1690.2  97325.0    97699
read      242.6   115.9    74.4   120.8   134.0   217.8   267.1   297.8   322.7   349.8   384.9   434.2   559.0  1075.0  2385.3  98990.0    99005
read      238.8   103.0    80.4   120.8   133.9   215.6   264.4   293.8   317.5   345.1   380.1   428.4   524.9   757.3  1740.9 102494.0   102169
read      249.2    89.7    80.4   128.5   142.5   239.4   283.1   309.1   327.8   346.9   371.3   407.1   476.8   612.9  1069.1  51512.0    51450
read      236.1    86.4    93.8   149.0   165.2   231.8   254.2   266.9   274.9   288.2   304.5   331.9   393.3   912.2  3804.9  17684.0    17676
read      217.9    76.6   101.3   150.9   163.6   213.1   230.8   240.6   248.1   256.1   269.5   292.3   368.8   970.9  4832.1   7817.0     7745
read      250.2    90.6    80.4   129.0   143.1   240.6   283.6   309.5   328.0   346.8   372.0   409.5   493.1   650.5  1170.3  48238.0    48978
read      250.4    85.6    80.4   131.3   146.6   244.2   283.0   305.9   321.5   339.6   362.9   398.7   474.5   595.9  1046.4  43263.0    43452
read      243.9   121.4    74.4   120.6   133.8   219.3   269.0   300.8   325.1   351.7   385.9   433.5   549.0  1128.0  3661.0  91239.0    90767
read      249.4    87.6    80.4   129.5   143.7   240.6   282.5   308.1   326.0   344.3   367.8   403.6   480.0   605.3  1104.7  48555.0    48262
read      241.1   106.2    74.4   120.2   133.5   218.7   268.6   300.2   324.3   350.0   381.6   429.0   525.6   691.2  2016.5  84037.0    83478
read      245.2   104.5    74.4   121.5   134.9   224.5   274.3   306.8   330.8   356.3   387.9   431.9   530.3   691.0  1473.4  76425.0    76521
read      222.6   104.2    93.8   149.4   162.4   217.4   235.9   248.2   256.2   266.7   279.1   305.7   368.7   958.4  6688.2  11213.0    11107
read      245.5   101.3    74.4   121.5   135.3   226.7   275.7   307.8   330.2   355.0   383.8   427.1   523.5   692.7   943.4  70020.0    70605
read      246.8    72.1    80.4   143.2   159.7   243.3   270.7   287.0   298.8   314.3   334.0   364.7   446.3   752.7  1077.8  26686.0    26675
read      252.6   116.4    80.4   128.6   143.0   240.3   284.6   312.2   331.2   351.6   378.1   416.7   495.2   673.5  5035.7  52282.0    52233
read      251.5   102.4    80.4   127.6   141.7   239.8   284.6   312.5   332.2   353.0   378.4   417.4   499.3   642.7  1918.9  55632.0    55622
read      242.2   103.7    80.4   121.7   134.9   218.1   267.1   299.0   324.1   351.9   386.6   434.3   539.7   853.5  1284.4  99759.0    99805
read      237.0   117.2    74.4   120.3   133.3   213.1   260.4   289.5   313.0   339.5   373.0   424.0   529.4   888.9  3675.6 107046.0   107061
read      247.1   102.0    80.4   123.0   137.2   232.0   278.4   307.2   328.0   350.4   378.9   422.6   509.7   689.6  2556.0  62071.0    61661
read      249.4   104.5    74.4   124.2   138.0   231.1   281.7   313.3   334.6   358.2   387.4   430.1   524.4   725.2  1948.6  67545.0    67279
read      244.1   111.2    80.4   120.9   134.3   223.6   272.3   303.9   327.2   353.0   384.8   429.7   527.0   690.7  2652.9  77263.0    76808
read      218.9   100.1    93.8   151.7   164.2   212.2   229.9   239.8   247.5   255.3   268.4   290.8   364.4  1624.0  3938.4   8836.0     8778
read      243.3   132.8    80.4   120.3   133.3   217.9   266.6   296.2   321.7   347.9   383.5   433.3   546.5  1473.1  3359.7  96034.0    97193
read      239.9   111.6    80.4   120.9   134.0   215.9   263.6   293.5   318.1   344.8   379.3   430.6   540.8   991.7  1983.5 106498.0   107071
read      225.6    93.2   101.3   153.4   167.9   219.4   237.7   248.3   255.0   265.9   278.8   307.2   376.6   982.9  5505.7  10820.0    10948
read      243.6    91.2    86.8   142.2   158.3   240.3   266.9   281.5   293.3   308.3   327.2   358.3   430.8   709.9  2234.4  28033.0    28130
read      254.5   118.1    80.4   128.6   143.1   240.6   285.5   312.5   331.4   352.3   378.4   420.2   505.5  1490.7  3105.9  51639.0    51359
read      247.7    99.9    80.4   126.1   139.9   234.8   280.7   307.7   326.5   346.3   373.7   413.6   486.5   628.6  3043.3  55777.0    55853
read      245.8   105.6    80.4   122.8   136.1   222.4   271.6   304.9   330.5   357.9   392.2   441.7   545.4   751.6  1367.8  90777.0    90627
read      240.8   101.3    74.4   121.1   134.2   217.7   265.8   296.2   320.9   349.0   383.6   433.2   541.3   753.5  1114.2 102185.0   102228
read      244.5   108.3    74.4   122.2   135.5   219.1   267.7   299.2   324.5   353.6   390.9   444.9   575.3   870.5  1854.2 104539.0   104734
read      246.8   143.9    74.4   122.7   136.4   221.5   270.3   302.8   327.2   355.8   392.6   445.9   569.3   879.8  3508.8 106121.0   106083
read      241.8   102.5    74.4   121.2   134.6   218.5   267.4   298.1   322.6   350.0   383.7   432.8   540.1   826.4  1253.1  95613.0    95336
read      244.4   101.7    80.4   121.9   134.9   223.6   273.5   306.4   330.0   356.1   387.9   431.2   516.1   637.2  1974.8  76433.0    76589
read      238.5    98.6    80.4   120.8   133.8   215.7   264.3   294.3   318.2   345.1   379.4   428.7   523.3   732.6   941.7 103661.0   103772
read      249.1   105.2    74.4   127.0   140.6   226.2   273.6   306.7   329.8   357.1   392.6   442.3   547.5   920.0  1385.5 110780.0   109839
read      231.9    83.5    86.8   148.9   163.9   227.8   249.3   261.3   269.6   280.4   296.4   326.5   388.4   931.6  3060.0  17190.0    17359
read      251.6   158.2    86.8   139.8   155.0   243.4   272.8   291.2   305.2   321.1   341.3   371.5   455.2  2752.0  5528.2  31093.0    31011
read      247.9    98.0    74.4   124.0   137.6   230.9   280.0   311.2   333.0   357.5   387.8   428.6   503.1   618.7   864.3  67129.0    67619
read      233.1    67.3    86.8   150.2   164.8   230.1   251.7   263.4   271.0   282.2   298.1   327.4   392.5   583.1  2243.4  17518.0    17471
read      237.7    66.9    86.8   144.1   159.9   234.7   259.7   272.4   283.3   296.1   317.0   344.9   404.4   494.6  1945.5  24209.0    24062
read      241.0    70.0    93.8   147.0   162.8   238.8   263.6   275.4   287.2   299.8   317.9   344.5   400.6   559.2  1251.2  23404.0    23520
read      250.5   100.0    80.4   127.3   141.1   236.4   284.0   313.2   333.0   354.3   381.0   420.9   501.2   628.5  1078.5  56112.0    56489
read      247.2    99.8    80.4   123.5   137.6   228.7   277.9   310.7   333.0   356.8   386.5   428.8   511.3   671.2  1499.0  69692.0    69348
read      248.2   107.7    74.4   125.9   139.3   224.1   272.1   304.3   328.7   357.1   393.1   444.1   556.7   871.1  1868.1 108933.0   108974
read      243.7   109.8    74.4   121.6   134.7   222.7   271.9   302.9   327.0   352.8   385.8   432.1   524.2   682.4  2390.3  79235.0    79285
read      251.2    95.0    80.4   127.5   141.6   239.4   284.9   312.2   332.1   354.7   381.9   420.1   494.7   628.3  1242.7  54297.0    54257
read      250.9   100.8    86.8   134.7   149.6   244.6   281.2   303.1   319.4   337.6   359.0   390.8   462.1   617.7  4070.9  40073.0    40106
read      248.3    80.9    86.8   139.6   155.5   244.9   274.5   293.6   308.5   325.1   344.4   371.2   430.1   524.3  1373.0  31286.0    31207
read      244.1   101.9    74.4   122.8   136.0   221.5   270.6   303.4   328.1   355.2   388.6   434.9   530.6   727.8   966.7  93828.0    94507
read      223.8   170.3    93.8   152.5   164.3   211.7   230.2   240.9   249.2   259.0   272.1   294.8   405.4  1317.6  7378.1   5668.0     5506
read      229.3    61.3    93.8   152.0   166.8   225.6   245.5   256.2   264.9   273.6   289.6   316.4   388.8   959.2  1825.5  14326.0    14400
read      246.5   111.7    80.4   121.4   134.4   224.1   273.0   305.8   329.3   356.2   388.9   436.7   551.5  1011.2  2017.8  78838.0    78967
read      249.1   110.9    74.4   123.4   137.5   231.0   280.0   312.2   334.2   358.2   386.9   428.1   511.7   703.3  3811.5  68987.0    69388
read      249.6    76.6    80.4   138.5   153.8   246.5   278.5   297.7   313.1   329.9   349.1   380.3   442.5   574.0  1133.2  35124.0    35215
read      251.7   104.6    74.4   127.4   141.3   238.5   285.4   315.2   334.3   354.5   378.8   416.8   501.8   794.4  3833.3  57902.0    58494
read      247.7    97.8    74.4   123.3   137.3   230.3   279.3   310.6   332.5   356.6   386.0   427.7   514.3   661.6   921.6  65654.0    65990
read      251.6    94.6    80.4   132.3   147.0   244.2   284.2   308.0   325.3   344.2   366.8   398.8   467.6   605.2  2302.3  44174.0    44222
read      234.8    61.3    93.8   147.7   163.4   232.1   254.5   267.0   274.9   288.7   306.6   334.6   385.5   509.5  1108.7  19060.0    19337
read      250.2   156.7    80.4   124.7   138.3   224.4   273.5   306.6   331.7   359.6   394.1   443.9   567.3  1088.9  3201.9  98975.0    98916
read      245.0   100.7    74.4   122.9   136.5   223.2   272.1   304.4   329.3   356.0   389.0   434.7   528.6   729.1  1192.2  87224.0    87381
read      249.7    87.1    80.4   134.8   150.2   244.9   280.1   301.5   317.5   334.9   355.6   387.8   452.0   587.5  2031.2  40374.0    40281
read      248.5    82.2    86.8   134.2   149.4   243.5   277.7   299.1   316.2   334.3   355.3   386.5   453.5   543.8  1452.5  38050.0    37810
read      250.5   135.9    80.4   123.8   137.5   224.8   274.8   309.8   334.4   361.5   394.8   441.8   549.9  1486.1  3253.0  88389.0    88453
read      250.9   106.0    80.4   127.1   140.3   227.1   275.3   310.7   335.0   362.8   397.8   449.6   558.5   832.9  1085.5 102026.0   101489
read      250.1    96.1    80.4   127.1   140.8   234.6   283.3   313.4   334.7   358.0   385.2   424.5   500.5   620.8   807.9  60611.0    60562
read      254.2   166.5    80.4   123.8   137.9   228.8   279.9   314.2   338.5   364.4   396.0   443.2   568.9  1229.0  7908.4  75307.0    74653
read      225.9    90.5    86.8   153.5   166.9   220.9   239.6   250.0   257.3   267.2   279.0   304.6   369.5   946.7  4540.3  11871.0    11749
read      250.4    89.3    80.4   130.1   144.3   241.4   284.2   310.2   328.9   348.8   371.0   404.4   471.3   584.8   875.8  48687.0    48618
read      258.2   223.7    74.4   122.0   135.5   222.0   271.6   303.9   329.7   358.8   395.2   456.2   795.6  2474.7  8463.2  95401.0    95605
read      247.7   103.2    74.4   124.3   137.7   224.6   274.0   308.7   332.9   360.7   395.4   442.7   544.1   757.0   941.5  92234.0    92625
read      281.4   274.3    80.4   126.4   140.5   234.1   290.4   328.5   355.0   388.6   431.3   508.2  1035.2  4154.2  7989.4  82225.0    82221
read      253.5    98.7    80.4   131.9   146.5   244.7   286.1   311.5   329.1   348.4   371.4   406.6   488.1   792.0  1251.9  46653.0    46975
read      249.1   114.5    74.4   124.5   138.1   224.0   273.1   306.2   330.7   359.3   394.5   444.1   578.1  1099.3  1727.1  96313.0    96256
read      249.7   117.9    74.4   126.0   139.5   225.7   274.1   307.7   330.8   357.4   391.2   441.1   556.4  1036.1  2438.8 103407.0   102722
read      244.0   116.8    74.4   124.1   137.9   220.1   267.4   297.6   321.9   349.3   383.9   432.7   544.1   912.4  3767.1 110103.0   109956
read      249.3   112.4    80.4   123.7   137.1   223.7   274.0   308.5   333.8   362.3   396.4   448.1   579.7  1016.8  1489.4  92802.0    93397
read      253.8    99.9    86.8   138.4   153.4   248.6   283.8   305.9   321.3   338.0   358.2   388.9   455.7   674.8  4222.1  36901.0    36796
read      252.5   120.5    74.4   126.3   140.3   236.2   287.1   318.8   339.1   361.6   388.3   425.3   496.3   676.8  2117.1  60146.0    60338
read      245.8   107.6    80.4   122.9   136.3   223.4   272.6   306.4   331.3   358.0   391.4   435.6   525.1   715.9  3008.2  88067.0    88191
read      216.1    61.7    93.8   149.5   162.0   210.3   227.9   237.4   246.2   254.9   269.4   293.4   363.0   981.7  1917.6   7900.0     7900
read      244.7    69.2    86.8   143.5   159.8   241.5   269.0   284.5   295.7   311.8   332.1   361.9   425.5   563.6  1424.9  26512.0    26617
read      246.9   120.0    86.8   145.0   161.6   240.8   267.6   282.5   294.0   309.3   328.4   357.8   427.5  1570.8  3462.1  25540.0    25396
read      247.0   114.2    74.4   122.5   136.1   224.0   273.5   307.2   331.7   358.5   392.5   440.8   540.8   859.7  1980.8  87426.0    87872
read      252.5   107.9    80.4   128.1   141.5   228.3   277.0   311.9   336.3   364.0   398.4   450.6   568.7   889.5  1679.7 105716.0   105715
read      252.4   119.7    74.4   128.6   142.2   228.8   276.3   308.9   332.7   360.5   395.8   447.5   549.4  1078.3  2644.5 109333.0   108698
read      253.3    95.0    80.4   128.3   142.5   240.2   288.6   319.4   338.0   358.2   382.7   421.6   502.1   660.4   979.4  55724.0    55441
read      251.5   125.1    80.4   127.9   141.1   226.2   274.9   309.1   333.7   361.5   396.8   448.0   562.3   838.1  4939.4 104973.0   105384
read      255.1   115.6    80.4   128.5   142.6   230.1   280.1   314.6   338.5   366.1   400.6   452.7   567.6  1131.5  2438.8 106884.0   106644
read      244.9   105.6    74.4   122.4   135.8   222.2   271.6   304.8   329.5   356.8   389.3   434.7   535.9   795.3  1183.3  84673.0    84799
read      228.8    77.0    86.8   153.4   167.3   224.3   244.5   255.0   263.6   272.2   287.4   314.1   379.2   933.6  3675.0  13401.0    13372
read      244.7    82.9    86.8   142.9   159.6   241.0   268.4   284.1   296.2   312.3   332.1   361.3   422.1   588.6  2647.6  26013.0    25818
read      248.6    84.7    80.4   131.1   145.8   241.9   280.3   302.9   321.0   339.9   362.7   396.1   465.8   619.8  1078.7  43353.0    43197
read      232.4    78.3    93.8   152.5   166.9   228.6   249.8   261.7   269.9   280.3   295.2   321.8   383.0   677.5  2096.9  16310.0    16342
read      251.5    96.7    80.4   126.8   140.3   235.8   285.6   317.4   337.6   359.6   386.8   427.1   506.1   633.0   748.9  60119.0    60414
read      255.6   162.9    80.4   127.9   141.2   228.1   277.0   310.7   335.5   364.4   399.7   450.4   559.3  2233.0  5722.2 104622.0   105092
read      247.6    69.6    86.8   142.9   158.6   245.2   273.6   291.0   304.1   319.5   339.8   368.2   427.5   531.0   970.8  29131.0    29202
read      211.6    64.3    93.8   151.7   162.3   205.1   222.1   231.1   237.2   247.5   259.9   280.4   365.9   997.5  1467.9   5274.0     5224
read      236.7    99.8    74.4   120.9   134.1   214.1   260.7   289.2   312.9   341.0   375.6   425.5   517.6   734.2  1136.8 103484.0   104734
read      242.9   104.2    74.4   123.2   137.2   219.4   266.8   297.5   322.7   350.6   385.0   434.1   541.6   823.6  1630.3 105864.0   106273
read      253.6    89.7    74.4   132.8   147.5   245.9   286.1   311.4   329.0   347.5   372.1   407.5   478.8   627.2  1145.0  44939.0    44596
read      250.6   111.6    74.4   126.5   140.2   226.2   274.5   308.4   332.9   361.1   395.6   446.1   559.0  1008.4  1997.6 107799.0   108135
read      251.6    83.7    80.4   133.9   148.9   244.8   283.2   307.0   323.9   341.8   364.8   398.3   470.7   590.5   971.0  41740.0    41488
read      248.2   100.5    80.4   123.8   137.5   230.2   280.1   312.6   334.3   358.1   387.8   428.4   509.1   655.5  1801.7  68099.0    68048
read      242.0   103.5    80.4   122.3   135.4   218.3   266.9   298.2   323.0   350.2   385.7   434.9   538.5   740.8  1848.0 100852.0   101205
read      240.7    81.7    93.8   147.4   162.9   237.5   262.1   273.8   284.7   296.6   314.5   341.5   408.6   918.2  2369.1  21893.0    22018
read      228.7    61.3   101.3   150.9   166.5   225.9   245.3   255.6   264.5   273.3   289.2   314.6   369.3   874.4  2472.1  14930.0    14763
read      246.9   103.7    80.4   123.5   136.9   225.2   275.5   310.4   335.1   361.1   391.5   432.9   519.3   737.0  1622.3  79580.0    80132
read      222.4   176.5   101.3   152.4   164.4   212.1   229.6   239.0   246.7   254.3   268.4   291.4   385.7  2400.4 10388.3   8350.0     8180
read      238.6    62.4    86.8   149.6   165.2   235.6   259.8   272.0   282.0   293.8   313.3   341.1   395.3   520.0  1003.1  20473.0    20631
read      250.5   140.6    80.4   125.1   138.6   223.7   272.1   304.9   329.4   357.3   393.2   445.9   581.7  1356.9  5476.9 109128.0   109472
read      252.7    93.9    80.4   131.7   147.1   244.4   285.4   311.2   328.9   347.0   370.0   402.8   478.7   601.8  1318.6  46583.0    46664
read      219.4    91.7   101.3   153.6   165.6   211.6   228.8   238.4   246.5   254.5   268.2   291.6   382.2  1016.5  3880.1   6349.0     6150
read      233.9    86.2    86.8   150.6   166.1   229.3   251.7   264.1   272.4   284.5   299.8   328.5   390.2   610.9  5204.7  16313.0    16610
read      253.3    86.3    80.4   134.0   149.4   247.4   286.1   310.3   327.2   344.7   366.4   398.9   467.1   596.6  1805.5  43045.0    42753
read      220.4    63.0   101.3   153.7   166.9   214.8   232.5   242.9   250.3   259.6   272.1   294.7   365.7   964.6  3012.1   9191.0     9304
read      219.7    58.5   101.3   153.2   165.5   216.4   233.4   243.8   251.0   260.1   271.5   292.2   359.4   912.1  3021.6   8793.0     8734
read      241.9   131.6    74.4   121.2   134.0   217.7   266.6   297.5   322.9   348.9   381.9   428.7   527.6   942.6  6475.7  89153.0    89512
read      251.1    95.8    80.4   126.8   140.7   236.8   284.9   316.2   336.2   357.6   383.6   424.0   501.9   639.8  1399.2  58827.0    58784
read      243.8   100.7    80.4   124.0   137.2   220.2   268.3   300.3   325.7   354.4   390.0   438.0   533.2   726.7  1067.2 104473.0   104359
read      228.1   183.0   109.4   154.4   167.5   218.6   235.6   247.0   254.3   264.9   276.1   300.2   388.7  2611.4  9919.7   8778.0     8750
read      247.7    93.4    74.4   139.0   154.3   243.9   274.4   292.4   306.1   321.8   341.9   371.7   439.1   697.7  2343.3  31846.0    31858
read      244.4   118.6    93.8   149.8   165.2   239.5   263.9   276.2   288.1   301.4   319.2   344.6   413.6   878.0  4559.0  20809.0    20648
read      244.0   141.0    74.4   120.3   133.7   218.2   268.1   299.7   324.4   351.6   385.8   434.1   540.0  1393.5  4306.0  91212.0    91120
read      239.2   100.0    74.4   119.7   132.8   216.7   265.5   295.6   321.2   348.6   381.8   428.8   527.6   701.9   928.5  92131.0    91975
read      246.7   107.3    68.9   122.8   136.4   224.8   274.1   308.1   333.3   360.7   392.6   435.4   525.3   691.7  1695.4  79658.0    79487
read      243.8   107.1    74.4   120.9   134.1   219.0   268.9   300.9   325.9   353.3   389.4   440.4   566.6   842.3  1352.0  93329.0    93804
read      254.7   104.0    80.4   130.5   145.4   244.5   288.2   314.7   332.3   351.0   374.9   413.3   496.6   807.5  3167.2  48135.0    47660
read      250.4    92.6    80.4   127.1   141.1   239.2   285.2   313.5   332.2   352.2   377.2   415.9   496.0   607.4  1061.9  53051.0    53383
read      249.5   110.3    80.4   125.3   139.2   233.2   282.0   313.2   334.1   356.0   383.2   422.5   501.7   654.2  2768.1  60585.0    60697
read      243.1    65.8    93.8   150.8   167.7   239.5   262.9   274.6   286.9   300.9   319.0   346.2   420.9   890.1  1235.7  20055.0    19954
read      250.5   111.4    80.4   124.7   138.7   228.1   279.1   313.1   336.2   362.8   395.1   439.9   542.5   803.5  2498.3  77103.0    76807
read      244.3   123.8    80.4   122.2   135.9   219.2   267.3   298.0   322.2   349.4   386.4   439.7   565.8   865.0  4120.2 102548.0   102724
read      256.3    94.4    86.8   140.6   156.3   250.2   283.5   304.2   319.7   338.0   361.6   397.0   479.3   706.7  2947.7  36092.0    36517
read      244.7   102.6    74.4   122.6   136.4   222.5   271.3   303.1   328.3   355.8   389.5   434.9   534.2   736.9  1212.9  89734.0    90439
read      244.7   109.3    80.4   123.3   136.6   221.3   270.4   302.1   327.2   354.6   389.2   435.4   540.9   785.8  1608.6  92769.0    92826
read      244.1   109.0    74.4   121.8   135.4   219.4   268.5   300.0   324.7   352.4   387.6   435.5   556.8  1034.9  1778.4  99310.0    99778
read      251.8   194.7    80.4   123.9   137.8   223.7   273.3   306.8   331.4   358.7   391.6   437.8   547.5  1963.2  7991.7  86904.0    87276
read      249.0    98.2    80.4   125.7   139.9   232.2   280.3   311.0   332.3   355.7   385.2   427.1   509.4   675.5   978.2  66951.0    67275
read      231.2    57.6    93.8   160.1   174.3   226.6   245.0   254.7   263.7   272.8   288.0   316.3   394.1   903.9  1018.4  10219.0    10087
read      256.9   113.6    86.8   135.8   151.6   248.2   287.5   311.2   328.1   346.5   370.2   404.7   485.4   645.3  3934.8  41749.0    41900
read      254.0   112.6    74.4   128.7   143.1   239.2   286.6   316.7   337.2   360.2   387.7   425.9   503.0   689.3  3956.2  60616.0    60263
read      252.5   103.2    80.4   125.9   139.7   230.9   282.9   317.3   341.1   368.1   400.4   443.6   532.0   730.6  1025.3  79216.0    79470
read      244.9    67.5    86.8   152.2   169.2   241.0   264.9   277.1   289.0   302.7   320.9   349.1   416.7   586.9  1732.7  21045.0    20947
read      245.6   100.0    80.4   123.2   136.8   224.9   275.1   308.2   331.2   355.9   387.2   430.1   516.9   699.8   975.7  78646.0    79025
read      245.0   120.1    74.4   123.3   136.7   221.9   270.4   303.0   327.8   354.6   387.9   434.7   537.3   794.4  1919.2  93390.0    93419
read      243.6   112.7    74.4   120.6   133.7   219.3   268.7   300.5   325.6   353.0   386.3   433.4   550.2  1126.3  2004.9  86942.0    86804
read      224.7    69.9    93.8   153.5   168.3   220.9   238.9   249.2   255.9   265.1   274.4   296.6   367.9   985.2  3341.1  11576.0    11405
read      248.8    76.1    86.8   137.5   153.0   245.1   276.7   297.3   312.4   329.1   348.4   379.2   448.6   548.7  1010.0  33536.0    33882
read      220.1    65.7   101.3   153.5   165.5   215.4   232.4   242.4   249.6   258.1   270.0   292.8   368.8   948.6  3026.6   8588.0     8430
read      221.8    53.5   101.3   155.0   168.4   216.9   233.7   244.7   252.3   262.4   273.9   300.3   372.2   951.5  1012.2   8044.0     7942
read      239.8   150.2    74.4   121.0   134.1   215.8   262.9   291.8   315.4   343.0   378.3   427.6   532.9   924.1  2842.3 103928.0   105057
read      248.5   149.0    74.4   122.0   135.4   223.1   272.7   305.2   329.4   355.8   388.6   435.6   556.5  1708.2  4060.2  82649.0    82445
read      253.9    83.6    80.4   135.0   150.7   248.1   285.0   308.5   325.3   343.3   366.3   401.2   474.3   610.2   777.7  40409.0    40392
read      233.9    71.8    93.8   150.1   165.7   230.0   252.3   265.0   273.2   285.6   301.0   330.1   383.8   531.7  3315.7  16770.0    16556
read      240.6   102.8    74.4   119.5   132.5   219.0   267.2   297.8   323.0   348.4   382.1   431.1   535.5   729.3  1311.5  91842.0    91947
read      245.1    72.2    86.8   139.8   155.9   241.7   270.4   287.9   301.0   316.6   337.1   366.9   431.7   535.1   990.7  28676.0    28551
read      248.5   121.8    74.4   124.2   137.4   227.0   277.7   310.7   334.1   359.6   390.0   433.5   525.8   695.9  5823.4  77180.0    78108
read      235.5    87.4    86.8   147.2   163.2   231.0   253.6   265.8   273.5   285.8   301.1   328.9   396.7  1196.9  2728.1  18822.0    18719
read      230.3   106.1    93.8   152.9   168.5   226.1   245.9   256.1   264.4   272.8   287.8   312.9   369.3   927.3  7347.5  13382.0    13168
read      252.9    89.1    80.4   130.8   145.3   243.9   286.5   312.5   331.0   350.8   374.3   411.9   489.6   630.5   741.6  48551.0    48375
read      251.0   109.8    80.4   126.3   139.7   226.4   275.0   310.2   335.0   363.1   398.4   450.7   563.3   893.3  1888.6  98588.0    98215
read      251.8    97.1    80.4   127.4   141.1   235.3   285.1   316.9   337.6   360.7   389.4   429.8   508.1   638.0   858.8  62288.0    62057
read      239.5   103.9    74.4   121.0   134.1   216.5   264.0   293.8   318.1   345.2   380.2   429.8   532.3   804.7  2085.2  95145.0    94693
read      237.1    99.2    80.4   119.3   132.1   214.9   263.8   293.5   318.2   344.4   378.0   424.7   509.3   685.1  1540.7  92725.0    92475
read      243.6    99.6    80.4   121.9   135.1   221.8   271.6   304.6   329.3   356.0   388.6   432.3   518.2   668.7  1066.3  83512.0    83505
read      242.1   120.9    74.4   121.8   135.2   216.4   264.0   293.3   317.0   344.3   379.9   432.2   572.5  1188.3  2565.7 110030.0   109987
read      240.7   126.8    74.4   120.7   133.5   216.4   265.0   296.1   321.0   349.0   383.2   431.3   528.5   746.2  5635.6  93485.0    93810
read      253.5   120.8    80.4   128.0   141.7   238.5   285.5   314.0   333.6   354.5   379.0   417.6   506.2  1563.8  3939.9  56192.0    56123
read      240.9    77.0    86.8   149.7   165.6   237.6   261.8   273.7   284.4   296.2   314.7   340.8   402.6   947.8  2195.4  20539.0    20359
read      252.6    93.9    80.4   129.8   143.7   241.2   286.3   314.9   333.8   353.8   378.8   418.8   496.5   599.4  1127.2  53912.0    54191
read      247.2   107.1    80.4   124.2   137.7   223.4   272.1   305.2   329.9   358.1   392.8   442.4   552.4   859.6  1608.4  97767.0    97761
read      246.1   107.3    74.4   123.3   136.8   222.1   269.6   301.4   326.6   354.7   390.3   441.7   570.7   928.3  1281.9 101565.0   101798
read      233.6    85.6    93.8   156.7   173.1   227.7   247.2   258.1   266.5   274.9   292.2   320.1   398.2   948.3  3661.9  11610.0    11665
read      242.6   107.0    80.4   121.5   134.6   219.3   268.0   300.5   325.3   351.6   386.2   433.5   538.4   764.8  1350.3  93494.0    93664
read      221.0   123.9   101.3   151.6   164.1   212.8   230.6   240.9   248.8   258.0   271.9   296.3   369.8  1700.7  5035.9   7352.0     7403
read      248.7   103.6    80.4   123.7   137.6   228.0   279.3   311.9   335.3   361.5   392.7   436.0   528.3   709.2  1531.8  72629.0    73227
read      248.7   136.3    80.4   124.1   137.8   224.1   273.0   305.6   330.8   359.6   394.0   440.8   545.8  1032.1  4226.8  91417.0    91119
read      247.1   102.4    74.4   123.0   136.6   226.2   274.9   308.5   333.3   360.1   391.8   435.5   528.3   745.0  1415.4  76864.0    76654
read      254.5   131.8    80.4   129.9   144.1   242.0   287.1   315.7   334.6   355.0   380.2   418.0   493.9   693.0  6196.9  52086.0    52293
read      233.6    60.3    93.8   151.4   167.3   230.0   250.9   262.7   270.8   282.2   298.1   328.5   389.3   902.8  1440.9  15071.0    15050
read      247.5   113.4    80.4   122.9   136.5   223.2   272.7   305.9   331.0   359.0   394.3   444.5   548.6   861.4  2496.7  88179.0    88148
read      230.4    80.7    86.8   152.0   167.6   225.1   245.0   255.4   264.6   273.8   290.0   317.0   394.0   969.9  3445.0  13542.0    13524
read      258.9   141.8    80.4   128.8   142.6   242.0   291.0   320.6   339.6   360.8   387.1   426.2   525.6  1996.4  4045.0  54413.0    54805
read      230.3    56.3    93.8   151.9   166.4   226.6   247.6   259.2   267.7   277.1   293.9   321.8   381.3   561.8  1063.9  14485.0    14412
read      250.5   102.0    74.4   125.4   139.0   231.2   281.6   314.9   337.2   362.3   393.0   435.3   519.0   673.0  2048.0  69312.0    68941
read      248.4   105.8    80.4   123.9   137.4   225.1   274.6   308.3   332.9   360.6   394.7   443.4   558.6   846.5  1100.7  89867.0    89820
read      245.8   113.2    74.4   122.8   136.1   222.0   271.4   305.2   330.9   358.2   391.3   436.5   535.1   791.0  3034.3  91316.0    91153
read      243.1    64.3    86.8   146.3   162.3   240.5   265.9   279.7   291.5   306.0   324.0   350.7   420.4   518.6  1041.8  24382.0    24369
read      253.8   112.5    86.8   133.9   149.2   247.0   286.0   310.5   327.4   344.1   367.0   398.3   468.2   585.2  1732.7  42092.0    42486
read      247.1    85.3    86.8   144.3   160.5   244.9   271.3   286.7   297.3   313.5   333.2   363.2   423.8   620.0  3044.1  27855.0    27648
read      254.1   108.7    86.8   140.2   156.3   248.5   279.6   297.4   312.9   329.8   348.9   379.8   454.7  1777.7  2767.5  31750.0    31851
read      249.7   107.7    74.4   125.1   138.7   225.9   274.8   308.3   333.1   361.3   396.9   449.5   563.6   843.5  1335.2  99800.0   100322
read      251.3   127.0    80.4   126.0   139.3   227.1   276.2   311.4   335.7   363.1   397.2   445.8   555.6   842.0  4375.2  94077.0    94014
read      235.0    65.3    93.8   150.9   167.2   231.9   252.9   264.7   272.4   284.0   298.7   327.4   390.0   904.0  3029.3  16950.0    16913
read      221.3   117.9   109.4   152.7   164.7   212.6   231.8   243.1   251.1   261.4   274.1   300.1   380.1   983.5  6674.3   5875.0     5947
read      251.2   109.3    74.4   124.0   137.9   228.2   280.3   315.4   339.0   365.3   396.7   443.2   558.1   856.4  1324.1  76289.0    77583
read      217.9   117.7    93.8   151.5   163.0   210.0   227.6   236.2   245.1   254.1   267.4   288.4   386.4  1066.7  7178.2   6414.0     6265
read      257.4   163.0    80.4   128.7   142.6   239.2   286.4   316.3   336.1   358.1   385.3   425.3   514.1  2449.5  7554.6  58176.0    58967
read      253.3    85.1    80.4   135.6   150.8   247.2   284.3   307.2   324.0   342.8   365.8   399.7   469.3   599.9  1002.7  40751.0    40532
read      252.2   104.8    80.4   128.7   142.5   238.4   285.7   315.0   334.5   355.6   381.3   418.7   496.0   660.8  2636.3  56256.0    56191
read      247.6   106.6    80.4   124.6   138.1   223.7   271.8   305.3   330.4   358.4   394.0   446.1   560.9   777.1  1579.4 102524.0   103011
read      244.9    82.0    86.8   145.6   162.4   241.0   267.2   281.6   293.0   307.7   326.2   355.1   421.6   713.0  3178.6  24472.0    24501
read      254.1    99.0    80.4   129.2   143.1   240.4   288.5   318.8   338.5   360.1   386.7   425.9   501.1   625.9  1763.7  57503.0    57444
read      251.8    95.1    80.4   127.6   141.2   237.6   286.3   316.7   336.5   358.8   386.2   425.4   500.6   626.4   925.6  60214.0    60289
read      249.7   116.7    80.4   125.8   139.4   225.0   273.4   306.7   330.8   358.8   393.8   444.4   561.5  1074.9  2290.9 103764.0   103880
read      251.9    79.6    86.8   140.2   156.4   248.1   278.7   298.1   313.5   330.6   350.9   383.6   456.7   613.3  1472.4  32232.0    32464
read      222.2    88.0   101.3   154.3   166.5   216.6   234.7   245.6   252.7   262.5   273.8   295.6   355.0   996.9  4779.0   9214.0     9285
read      245.0   119.3    80.4   123.4   137.2   220.6   268.4   299.3   324.3   351.2   386.7   436.7   549.1   922.1  3100.6 108460.0   109877
read      239.8    77.2    80.4   146.5   162.7   236.5   261.4   274.2   285.7   298.0   317.2   344.7   405.0   528.2  1846.4  22827.0    22850
read      252.7    81.9    80.4   137.5   153.0   247.6   282.7   304.1   319.7   337.9   359.6   391.0   463.0   645.1  1435.8  37651.0    37879
read      245.2   105.7    80.4   123.5   137.0   222.2   271.3   304.1   328.5   355.0   388.4   434.3   531.4   810.3  1779.0  90621.0    90611
read      253.1   100.6    74.4   133.0   148.2   246.7   285.2   308.8   325.2   342.3   364.6   397.2   469.4   776.1  2536.2  42473.0    42389
read      242.4   103.6    74.4   121.3   134.4   219.6   268.4   300.2   325.3   352.0   385.9   435.0   538.9   744.7  1651.3  89357.0    89747
read      232.9    57.1    86.8   149.0   164.3   230.3   252.1   264.2   272.1   284.1   300.1   325.2   383.3   569.3  1001.3  18717.0    18888
read      235.7    63.1    86.8   150.5   166.2   231.7   254.1   267.2   275.5   289.0   306.3   334.9   392.7   742.1  1405.7  18245.0    18342
read      246.4   100.1    74.4   122.3   135.8   227.2   277.0   309.3   331.9   357.0   387.3   429.9   521.8   681.5  1262.9  70845.0    71509
read      240.9   123.6    74.4   120.4   133.5   217.0   265.2   295.8   320.7   347.5   381.9   429.5   530.9   818.7  4516.8  93016.0    93765
read      253.3    82.8    86.8   139.1   154.2   248.5   282.2   303.2   319.0   336.1   356.9   390.7   469.2   622.0  1203.8  35158.0    35150
read      228.4    56.7    86.8   155.2   169.8   224.2   243.5   253.8   262.3   271.5   285.8   311.6   375.9   946.6  1053.2  11577.0    11581
read      252.1    91.5    74.4   128.6   142.7   241.7   287.2   314.7   333.5   353.6   377.2   414.3   494.3   623.1  1010.0  51178.0    51412
read      226.9   111.3   101.3   155.8   168.2   218.7   236.3   247.5   254.5   265.9   280.6   311.5   392.7  1049.8  4305.2   8483.0     8462
read      248.0    72.6    86.8   142.0   157.9   245.1   272.9   290.4   303.5   318.9   339.3   369.3   444.6   565.5  1088.8  28567.0    28740
read      223.9    56.3    93.8   151.8   166.2   220.6   238.2   249.1   256.4   266.3   277.1   302.0   369.7   905.8  1367.2  11853.0    11652
read      237.9    99.6    80.4   119.7   132.6   215.1   262.8   292.7   317.4   345.1   380.1   429.0   527.3   773.7   953.6  99205.0    99757
read      250.8    84.8    80.4   138.0   153.3   246.4   279.5   299.9   315.5   332.2   351.5   383.4   451.5   548.6  1810.5  35398.0    35286
read      251.7   169.9    80.4   121.9   135.5   222.4   272.4   306.7   332.0   359.4   393.7   444.3   581.0  2131.3  5080.5  87665.0    87947
read      223.1    83.5    93.8   152.6   166.3   217.1   234.9   245.8   253.0   263.4   275.1   297.2   388.1   967.1  4404.1   9809.0     9792
read      227.8    75.6    93.8   150.6   165.9   223.7   243.6   254.3   262.9   271.8   286.0   311.2   370.4   929.6  3141.8  13773.0    13638
read      247.9   101.7    80.4   122.8   136.6   227.1   277.1   310.7   334.5   360.8   392.8   436.8   530.9   721.2   952.9  75005.0    75307
read      239.4   132.5    80.4   119.7   132.5   215.6   264.4   294.8   318.8   345.4   377.6   426.7   533.6   861.3  5511.6  91352.0    91207
read      245.0   106.9    80.4   121.8   135.0   223.2   272.8   306.4   330.5   356.4   388.9   434.3   529.5   689.9  2106.5  81448.0    81855
read      245.2   110.5    80.4   123.0   136.5   220.0   268.8   300.3   325.6   353.3   389.7   439.9   556.9  1075.0  1689.4 100785.0   100069
read      247.6    73.5    86.8   140.0   155.4   244.4   274.2   292.7   307.3   324.1   343.3   370.8   435.6   562.8  1016.0  31954.0    31951
read      238.8   106.2    74.4   121.0   134.0   214.3   261.8   291.3   316.2   344.7   380.4   431.0   542.4   798.2  1663.2 104913.0   104976
read      246.4   103.8    80.4   123.0   136.3   223.3   273.0   307.1   332.2   359.4   393.3   440.1   538.2   787.7  1317.2  87227.0    87502
read      244.7   107.2    74.4   120.4   133.7   222.2   272.1   304.3   328.2   354.8   389.0   436.8   540.2   918.1  1590.1  80138.0    80028
read      250.3   114.5    80.4   130.7   145.8   242.2   280.7   304.4   320.8   338.6   360.5   394.1   463.9  1056.1  4010.0  44087.0    44225
read      246.0    98.6    80.4   122.7   136.3   226.9   276.5   310.2   333.0   356.7   385.3   428.5   507.0   682.3  1169.9  72107.0    72415
read      242.3   149.2    80.4   121.4   134.5   218.8   268.5   300.1   325.3   352.6   385.8   431.1   525.4   690.4  1623.6  87911.0    87807
read      247.8    97.0    74.4   124.1   137.9   231.0   280.3   312.2   334.0   357.0   384.8   424.7   504.3   691.6  1007.4  65298.0    65557
read      230.0    91.9    93.8   151.5   166.9   225.3   245.3   256.0   264.6   273.3   288.7   314.5   371.0   961.7  4025.9  14546.0    14385
read      247.7    82.9    80.4   141.7   157.2   244.3   272.7   290.8   304.6   320.4   339.7   369.5   435.1   571.3  1307.3  27685.0    27635
read      241.2   156.0    86.8   147.9   163.8   235.7   260.4   272.4   282.8   295.2   313.9   341.4   404.3   916.5  5532.0  20540.0    20715
read      254.8   136.7    74.4   127.7   141.4   238.4   284.9   313.8   334.2   355.9   382.5   422.6   505.1  1682.4  3356.8  55899.0    55783
read      240.4    98.0    74.4   120.0   133.1   219.6   269.2   299.7   324.3   349.8   381.9   425.9   509.2   645.5  1056.0  80913.0    80848
read      244.3   102.5    80.4   121.9   135.1   221.9   271.8   304.8   328.9   355.7   388.6   434.0   532.8   732.1  1435.1  82365.0    82586
read      319.7   377.3    80.4   128.2   143.5   244.0   305.1   344.4   374.4   413.8   472.0   653.1  1776.5  4623.8  9196.3 103392.0   104093
read      253.0    99.1    80.4   129.9   144.5   241.8   286.3   314.0   332.7   352.7   376.0   413.5   493.1   696.3  1611.1  50487.0    50265
read      251.2   118.5    74.4   128.0   142.1   239.1   283.7   311.3   330.6   350.3   374.3   411.8   487.8   632.5  5043.3  52257.0    51931
read      222.4    70.7   101.3   151.2   164.4   218.7   235.7   246.7   253.7   264.2   275.7   305.0   372.0   932.0  1097.1  10817.0    10802
read      243.7   111.7    74.4   121.4   134.7   222.3   271.6   303.0   327.2   353.7   386.4   429.8   514.9   779.4  2798.1  78781.0    79916
read      249.5    91.5    74.4   128.9   143.6   241.0   282.7   307.5   325.4   344.5   369.1   402.4   478.7   597.9  1071.7  50582.0    50498
read      245.9   103.2    74.4   123.0   136.2   226.1   274.9   308.6   331.9   356.5   386.9   430.5   514.4   688.8  2128.9  76098.0    75863
read      244.0   101.3    80.4   121.4   134.4   221.2   272.0   305.9   330.7   358.0   390.2   435.3   527.3   699.9  1151.1  88486.0    88817
read      244.8    72.1    86.8   142.0   158.1   242.1   269.5   285.1   296.5   312.7   332.4   362.3   429.2   567.1  2235.7  27955.0    27861
read      248.4    84.4    86.8   137.9   153.4   245.0   276.8   295.5   310.6   327.4   346.2   377.8   443.3   545.6  1337.6  34198.0    33910
read      248.7   125.7    74.4   123.9   137.7   230.4   279.5   310.9   332.9   356.8   385.6   426.0   504.5   786.9  4336.9  65563.0    65491
read      246.9    94.8    74.4   124.4   138.3   232.1   280.4   310.4   330.2   351.3   377.9   418.4   498.1   623.5  1099.6  60493.0    60507
read      243.6   113.5    74.4   120.6   133.8   221.0   271.1   303.2   327.7   353.1   384.2   429.8   527.9   890.0  2459.4  83588.0    84276
read      250.2   104.4    80.4   127.6   141.4   239.2   283.5   310.0   328.6   348.2   373.5   408.6   486.5   658.7  3727.5  51521.0    51201
read      239.0    89.8    86.8   144.0   159.8   235.5   260.1   272.7   283.7   296.3   316.5   346.0   414.4   840.1  3412.3  23034.0    22706
read      252.0    97.2    86.8   138.6   153.9   245.6   277.7   297.0   313.9   331.7   352.3   388.4   464.3  1094.5  2554.1  33073.0    33092
read      246.2    97.6    74.4   123.3   137.0   229.6   278.1   308.2   330.2   353.2   381.8   424.6   507.0   662.8   866.1  66888.0    67167
read      239.4   104.6    74.4   120.5   133.4   216.8   265.4   295.0   319.9   347.0   380.0   429.5   529.4   722.4  1512.5  97427.0    97349
read      252.8   114.5    80.4   126.8   140.2   228.0   277.5   311.9   336.1   364.0   399.1   450.8   578.7  1042.1  1941.2 105359.0   105743
read      252.1   144.9    80.4   128.6   142.4   239.1   285.1   313.4   332.7   352.9   376.5   414.2   498.6   648.8 10341.0  53560.0    53600
read      241.3    64.5    86.8   148.2   164.7   237.9   262.1   273.9   285.6   299.0   317.8   344.7   412.7   619.1  1186.8  20965.0    21310
read      241.8    99.2    74.4   120.4   133.4   221.9   271.2   302.4   326.1   349.9   380.6   427.6   518.7   698.4  1312.4  75952.0    76417
read      252.7    92.7    80.4   132.3   147.4   246.3   285.1   308.5   325.2   343.7   366.9   400.7   470.1   632.7  1085.2  43746.0    43763
read      249.5   107.5    80.4   123.2   136.7   227.9   278.2   311.4   334.2   360.2   393.9   439.6   549.9   914.7  1337.2  73862.0    73896
read      250.9   145.2    74.4   123.7   137.2   222.9   272.4   305.9   330.7   358.7   394.6   446.5   576.0  1777.2  3745.5  97583.0    97794
read      237.4    64.4    86.8   145.9   161.9   234.5   259.2   271.4   281.4   293.7   312.7   342.0   405.0   546.3  1173.0  21759.0    21446
read      248.8    95.3    80.4   127.5   141.7   239.3   281.1   307.2   326.0   344.2   368.8   406.2   487.6   612.0  2775.5  49798.0    49988
read      218.8    59.5   109.4   153.3   165.6   213.6   230.9   240.5   248.1   256.2   269.3   292.5   378.0   977.6  1260.8   7188.0     7122
read      246.5   110.0    74.4   123.3   136.6   224.0   273.9   308.7   332.7   359.3   392.3   437.6   527.6   728.7  2063.7  83394.0    83763
read      248.8    84.0    80.4   132.6   147.5   243.4   280.0   301.9   318.0   336.0   358.2   393.2   463.0   588.5  1006.8  41197.0    41140
read      249.1   146.1    74.4   124.1   137.5   223.4   272.1   305.9   330.6   357.8   393.0   442.1   558.8   955.9  5016.1  95689.0    95462
read      243.9   104.4    74.4   123.2   136.9   220.2   268.2   299.6   324.4   352.1   386.3   435.8   547.3   889.9  1317.5 103558.0   104165
read      243.6   104.2    74.4   122.3   135.8   220.1   269.3   300.7   325.0   352.4   388.1   438.0   541.5   744.6  1375.3  99565.0   100019
read      250.5    82.3    80.4   137.6   152.7   246.0   278.8   298.9   315.2   333.2   354.3   385.6   447.8   579.1  1871.3  35252.0    35421
read      250.1    96.5    80.4   127.0   140.8   237.8   283.3   312.4   332.3   353.6   378.5   415.9   487.4   631.3  2170.0  55486.0    55637
read      251.1    87.9    93.8   139.5   154.6   247.4   279.1   299.3   314.7   331.6   351.2   382.3   447.5   555.5  1686.5  34620.0    34477
read      253.8    87.5    80.4   137.7   153.3   248.7   283.8   305.2   320.7   339.0   361.1   393.9   462.0   616.8  2079.7  37368.0    37440
read      246.8    95.9    74.4   124.1   138.0   230.3   279.1   310.9   332.9   355.3   381.6   420.8   497.8   635.5  1639.1  64859.0    64960
read      253.6   100.8    80.4   128.2   142.2   237.9   287.9   319.5   339.8   361.7   388.2   427.5   502.3   629.3  2010.4  58741.0    58635
read      246.2    93.5    86.8   149.5   165.2   240.7   266.4   280.7   292.9   307.9   326.0   351.8   418.3  1462.9  2652.6  21545.0    21487
read      235.2    67.0    93.8   154.7   169.5   230.7   251.5   263.4   271.5   283.5   299.9   328.6   400.9   948.3  2163.7  14421.0    14640
read      245.1    95.6    86.8   148.2   163.8   240.2   266.1   280.0   291.7   306.6   325.7   353.5   416.9   926.5  3961.2  21969.0    21957
read      257.8    87.9    80.4   138.0   152.2   248.4   290.9   317.5   334.6   353.3   376.1   412.4   484.2   594.0  1211.3  42779.0    43413
read      260.0   175.1    80.4   129.4   142.9   236.4   288.9   324.2   347.4   373.5   403.9   449.5   554.1   844.7 10441.6  68505.0    68826
read      255.8    88.4    80.4   136.2   151.2   248.3   287.4   312.5   330.2   349.0   372.8   404.5   477.3   588.4  1320.8  41853.0    42244
read      254.1   110.1    80.4   125.7   139.4   234.4   286.2   320.0   341.2   365.0   393.7   436.3   545.4   967.6  1800.3  65200.0    65554
read      270.0   205.7    74.4   126.0   139.8   235.4   290.6   327.2   351.1   378.4   412.8   470.1   833.4  2220.8  8209.0  72491.0    72635
read      222.7    51.8   101.3   153.9   167.2   217.8   236.2   247.2   254.0   264.9   277.3   305.5   373.5   678.4  1006.4   8293.0     8234
read      248.4   105.7    80.4   122.6   136.4   226.6   276.9   310.2   334.3   361.5   395.5   443.4   540.2   724.3  1797.8  84188.0    85104
read      254.1   106.3    80.4   126.3   140.1   230.4   284.3   319.7   343.4   370.5   404.0   454.3   553.0   707.6  1630.0  96961.0    97153

Total QPS = 58236.9 (104826408 / 1800.0s)

Total connections = 64
Misses = 0 (0.0%)
Skipped TXs = 0 (0.0%)

RX 25892123023 bytes :   13.7 MB/s
TX          0 bytes :    0.0 MB/s
Warning! Detected max cpu usage > 95%
CPU Usage Stats (avg/min/max): 99.92%,31.61%,100.00%
