Random waveform, supplied seed
Total number of intervals = 900 (6927, 52892, 98921, 61129, 40613, 53226, 38560, 103465, 104758, 94759, 37799, 8296, 69443, 12517, 43591, 20430, 93758, 10485, 16518, 83230, 5484, 55611, 20774, 96726, 32442, 73039, 74055, 51197, 59442, 35654, 78747, 42212, 52488, 36950, 16762, 79473, 61431, 87172, 108181, 80515, 37149, 13444, 72057, 70041, 90162, 52082, 24258, 72013, 58012, 45398, 50177, 34504, 66010, 73937, 55020, 53235, 97743, 5419, 14764, 7451, 48208, 16149, 78989, 18886, 75954, 44409, 16431, 85707, 58253, 103867, 21604, 90401, 84467, 99700, 32052, 18173, 67789, 51929, 83850, 18614, 29315, 108090, 27024, 49907, 9150, 34328, 51881, 14569, 81517, 78694, 93409, 39093, 18729, 70818, 21942, 91810, 39588, 40957, 62645, 15539, 107672, 32954, 58866, 23739, 54701, 60706, 72350, 58661, 34912, 103268, 38703, 83358, 57408, 86837, 33517, 66204, 73758, 99742, 109462, 94453, 44096, 100467, 8576, 59359, 7614, 60329, 43762, 67038, 26095, 71173, 109276, 13150, 61250, 84472, 82226, 27671, 98736, 106314, 105027, 96867, 89493, 50538, 22083, 48618, 94298, 63579, 64573, 77178, 29824, 64495, 20917, 85651, 61935, 50216, 72251, 71798, 19701, 24952, 81838, 26648, 24837, 29420, 103882, 70314, 61679, 49557, 19325, 9128, 94933, 24327, 71896, 93771, 20452, 42338, 72627, 80603, 49049, 92305, 56889, 78036, 71583, 72609, 107382, 86530, 16550, 84534, 72631, 49291, 62175, 80213, 16566, 53985, 101949, 24076, 52574, 106271, 105451, 86087, 29108, 101115, 74326, 75832, 94901, 15809, 28874, 51882, 32653, 41676, 63019, 99164, 47055, 62394, 98519, 32122, 49464, 24034, 77363, 91698, 38997, 86028, 83012, 15024, 56640, 97362, 107412, 65030, 79278, 47544, 105368, 58181, 56960, 14849, 63672, 48289, 11797, 10781, 49362, 102119, 46213, 97025, 18351, 21426, 43013, 67376, 36043, 6255, 102499, 26263, 56974, 40869, 46514, 11431, 58600, 68058, 54502, 64022, 52142, 101375, 40606, 47485, 48977, 38615, 80279, 75843, 67095, 41325, 55752, 85561, 14194, 88002, 90515, 109283, 26699, 37400, 19307, 11527, 83787, 22209, 75169, 73833, 94641, 61338, 91825, 77235, 37257, 32057, 108618, 72930, 43714, 87369, 56640, 97360, 79788, 11352, 87962, 40663, 59386, 48302, 19398, 82197, 77387, 72753, 7720, 46279, 42102, 90892, 39976, 61084, 16735, 45909, 28976, 84704, 101822, 92571, 12106, 58568, 51319, 21556, 14191, 29072, 16350, 86891, 104441, 8906, 42175, 51797, 76678, 19630, 100132, 40498, 108559, 23964, 70760, 99567, 107548, 53742, 103931, 60359, 9725, 52014, 40053, 86436, 23983, 66595, 26056, 51764, 40202, 76665, 11133, 80405, 79106, 97258, 36307, 28636, 41620, 75736, 44979, 31478, 37586, 108330, 64301, 11203, 7291, 87477, 77485, 42055, 26865, 94592, 66869, 17835, 55977, 82437, 15775, 87559, 105401, 88752, 94531, 101303, 86640, 84818, 20221, 43599, 52779, 89855, 48532, 107423, 46535, 47535, 49633, 30334, 17207, 106074, 48912, 96483, 39228, 92350, 85084, 81993, 101617, 16730, 71079, 108942, 55406, 42279, 21876, 34140, 42897, 18462, 100375, 41347, 101594, 47486, 73393, 51134, 58201, 71020, 72071, 93446, 28724, 59269, 74624, 52368, 9687, 44165, 6895, 55457, 61164, 108384, 33319, 97895, 39720, 68554, 86849, 30264, 100754, 98098, 86028, 93054, 42348, 29490, 18187, 95113, 8570, 62285, 52582, 34260, 59493, 58208, 93458, 18056, 94134, 37808, 53481, 25666, 108853, 41576, 70282, 45769, 92383, 12100, 67747, 68933, 63242, 72993, 51022, 67069, 24895, 68588, 42706, 49479, 64792, 73879, 31893, 74262, 57246, 91617, 55173, 108633, 15720, 99961, 102613, 57169, 56950, 49938, 5383, 39719, 36653, 69482, 46749, 65109, 46501, 109480, 69433, 58157, 70737, 34617, 77563, 90036, 36689, 46832, 104903, 14153, 21674, 5689, 37781, 15507, 102064, 71340, 79815, 44352, 109562, 86219, 47335, 41962, 45802, 13389, 95780, 87844, 55903, 100902, 70988, 53831, 26948, 32347, 41050, 56197, 94617, 71839, 79082, 107630, 60164, 97878, 63680, 73888, 65499, 96906, 103287, 49664, 32535, 46477, 7459, 74137, 57061, 34213, 7432, 41605, 32998, 61636, 64695, 14063, 91302, 6064, 41354, 19863, 19488, 14040, 19538, 20199, 106657, 92457, 92780, 68203, 81753, 57748, 21027, 49680, 82042, 93691, 45291, 30437, 67422, 69956, 35404, 80225, 105585, 20088, 12672, 15696, 25951, 65007, 10189, 78008, 12678, 15922, 41774, 38788, 34559, 54825, 42697, 12669, 70047, 96137, 92934, 20597, 66597, 59987, 58456, 59958, 98221, 55912, 39018, 18747, 60013, 85584, 84809, 85435, 94907, 16437, 78505, 77219, 86414, 73427, 100497, 96416, 71637, 33216, 58699, 53809, 72797, 107267, 55877, 70507, 46741, 36507, 30697, 25261, 25212, 33805, 76345, 95558, 28428, 21673, 89018, 46753, 34034, 47329, 56893, 38690, 79988, 107429, 43713, 76624, 71700, 40703, 95489, 18531, 99369, 29286, 42988, 69249, 7889, 51783, 38634, 86204, 109534, 45136, 59949, 61681, 76329, 44322, 20698, 84853, 75889, 98396, 53818, 26200, 54761, 12268, 52324, 106440, 7154, 87362, 43716, 26737, 41596, 85490, 77612, 78124, 69632, 39180, 15803, 36987, 19833, 46567, 57368, 36003, 68916, 93229, 46632, 93663, 106418, 60496, 109057, 96861, 86255, 25686, 17483, 29211, 55328, 87592, 23882, 44790, 12236, 42928, 103959, 97347, 68379, 92596, 10055, 29634, 9324, 30076, 100150, 27527, 95171, 40523, 11422, 9200, 42816, 10698, 22301, 48159, 39987, 33067, 62704, 52778, 75981, 74522, 14533, 5566, 78062, 82399, 108638, 93541, 47145, 109796, 26597, 7034, 72616, 13584, 19750, 109139, 15150, 74389, 87266, 108170, 103631, 44587, 66411, 89167, 35723, 85827, 78806, 89641, 14186, 52308, 56743, 38302, 71662, 36015, 65048, 72989, 76390, 24409, 85530, 8346, 69627, 70266, 89525, 70975, 46633, 16963, 109556, 91124, 51505, 93804, 58474, 43487, 61792, 59548, 43635, 27536, 42828, 109424, 78273, 60279, 35178, 67279, 80752, 35012, 7936, 8578, 89696, 5569, 26905, 42389, 84689, 59305, 44512, 72395, 74619, 67302, 57822, 8117, 106178, 25089, 68848, 98941, 78157, 109857, 108875, 86646, 83239, 51061, 89906, 56601, 71203, 95942, 71622, 97182, 27718, 46519, 83197, 79080, 69401, 45684, 18120, 21245, 39039, 67458, 42773, 20690, 63440, 41615, 97229, 86249, 20807, 26130, 30510, 43868, 55324, 20437, 9548, 12101, 72073, 21310, 90755, 51252, 53070, 48181, 97336, 91976, 94742, 66079, 79328, 45235, 35310, 76589, 107175, 78127, 13331, 59382, 87477, 92020, 109297, 42293, 52962, 23492, 12594, 69120, 57144, 57232, 71593, 40799, 29614, 106611, 50009, 47727, 15204, 50703, 60979, 37662, 16932, 100183, 69175, 27515, 106411, 49629, 63537, 88081, 55527, 69558, 60702, 13487, 67037, 8281, 34986, 82336, 101465, 82733)
Average QPS expected = 57816
Timestamp start: 1778513809892
Timestamp end: 1778515610462

#type       avg     std     min      p5     p10     p50     p67     p75     p80     p85     p90     p95     p99    p999   p9999      QPS   target
read      236.4   157.9   101.3   157.6   170.4   225.2   246.5   258.9   268.5   280.0   296.4   333.7   432.4  1071.0  8709.5   6860.5     6927
read      366.4   302.4    80.4   130.8   147.5   308.1   419.1   472.2   508.5   549.1   603.2   689.9  1347.0  3466.6  7805.7  52539.0    52892
read      455.2   793.0    74.4   138.6   156.6   274.9   345.0   390.7   429.3   489.3   623.1  1115.7  5295.6  7766.1  8726.0  98768.5    98921
read      257.8   102.1    80.4   128.6   142.9   243.4   292.3   322.9   343.8   367.0   394.4   434.7   527.7   691.2  1370.0  60789.5    61129
read      258.2    90.6    80.4   135.7   151.3   253.1   291.1   314.7   331.5   349.2   371.4   403.8   476.2   594.1  1266.2  40476.5    40613
read      258.1    97.8    74.4   130.2   144.6   247.4   293.5   322.3   342.2   363.3   388.1   424.7   503.2   646.0  2228.6  53437.5    53226
read      260.6   122.0    80.4   138.0   153.4   254.7   290.2   312.1   328.3   346.0   368.0   400.4   481.0  1054.0  3943.5  38495.5    38560
read      250.2   125.0    80.4   124.8   139.0   228.8   276.5   307.7   331.1   357.2   390.0   436.6   544.6   916.8  4093.3 103668.0   103465
read      252.4   109.9    74.4   125.4   139.7   231.5   280.3   311.9   335.4   361.9   394.8   443.9   549.4   869.0  1723.2 104459.0   104758
read      253.3   126.2    74.4   124.8   138.8   230.8   280.0   311.8   335.9   362.9   395.7   445.7   556.1  1230.6  4330.9  95095.0    94759
read      254.0    81.9    80.4   136.5   152.1   250.9   285.1   305.4   321.5   339.6   361.0   392.6   460.3   576.3  1177.4  37521.5    37799
read      225.1    64.7    93.8   155.4   168.6   220.6   238.6   249.3   256.7   267.3   280.1   302.5   368.3   929.2  3032.8   8329.0     8296
read      254.7   104.1    80.4   126.2   140.1   237.8   287.8   319.5   342.9   367.2   395.8   435.8   526.1   726.1  2171.1  69398.5    69443
read      230.6    59.5   101.3   155.1   170.2   226.7   246.2   256.5   265.2   273.8   288.8   315.6   387.9   911.8  1093.4  12580.5    12517
read      258.5   135.3    80.4   134.2   149.4   251.7   291.2   315.9   333.6   352.5   373.8   404.9   476.7   625.0  3575.4  43484.0    43591
read      244.2    79.8    86.8   147.9   164.9   240.2   264.6   277.2   287.9   299.6   319.7   351.9   424.5   919.8  2447.7  20534.5    20430
read      254.3   116.9    80.4   125.3   139.2   231.7   282.0   314.5   338.3   364.7   397.6   447.8   572.7  1158.8  2842.8  93530.0    93758
read      225.7    63.3    93.8   154.3   168.3   221.9   239.6   250.5   258.3   268.0   280.3   303.8   370.4   916.4  2358.8  10481.5    10485
read      240.1    67.5    93.8   153.2   170.4   236.4   258.5   270.5   279.6   291.2   307.9   336.7   396.6   913.2  1968.0  16398.5    16518
read      252.7   113.2    74.4   124.8   138.8   232.0   282.8   315.4   339.8   365.9   396.8   443.5   540.4   845.7  1761.9  83323.0    83230
read      223.1    66.2   101.3   156.9   168.9   217.1   234.3   245.1   252.4   262.2   273.6   297.2   374.0   982.1  1981.9   5464.0     5484
read      263.8   225.3    80.4   130.1   144.5   247.0   294.3   325.4   346.1   368.1   394.5   432.9   526.8  1077.4 13392.4  55387.5    55611
read      246.5    66.4    86.8   149.9   167.5   243.9   268.6   282.4   292.7   306.9   325.8   354.6   407.9   548.7  1090.5  20609.0    20774
read      258.1   114.1    74.4   128.0   142.1   236.1   286.6   319.2   343.3   371.4   404.6   456.3   563.5   889.9  2433.5  96771.5    96726
read      257.2    91.4    80.4   140.8   157.2   253.2   285.8   305.5   321.1   339.5   360.9   391.9   459.0   627.8  2836.6  32606.0    32442
read      255.8   105.1    74.4   126.3   140.1   236.6   288.4   321.8   344.9   370.5   401.9   446.5   535.4   705.2  1371.7  72829.5    73039
read      256.1   108.0    80.4   125.8   139.9   235.8   287.4   320.6   344.4   370.2   402.0   449.8   553.9   790.2  1457.7  73885.0    74055
read      260.0    97.4    80.4   131.0   146.0   248.8   294.3   324.7   344.6   366.0   391.6   428.0   506.0   686.0  1645.8  51643.5    51197
read      258.9   113.2    74.4   128.3   142.7   243.4   292.3   323.3   345.8   368.2   396.2   436.2   525.7   922.5  3235.8  59445.0    59442
read      258.9    88.2    74.4   140.1   156.4   254.6   288.7   309.9   325.9   343.3   365.9   399.2   470.1   640.7  2174.1  35512.0    35654
read      255.0   114.4    80.4   125.8   139.8   234.4   286.1   319.1   343.3   369.7   400.9   446.1   539.3   764.5  2138.2  78775.5    78747
read      260.3    95.1    74.4   135.7   151.2   253.7   293.0   318.3   336.0   355.4   378.2   413.9   490.2   616.7  1362.8  42284.0    42212
read      259.3    99.5    80.4   130.6   145.6   248.7   294.4   324.5   344.1   364.8   389.8   426.6   503.4   643.1  1697.7  52499.5    52488
read      259.4    87.5    80.4   138.8   154.6   255.2   291.0   313.3   329.8   347.2   369.4   401.4   470.2   596.4  1965.2  37117.5    36950
read      241.7    67.5    86.8   153.6   170.4   237.5   260.8   272.7   282.4   293.4   311.4   341.4   404.3   878.1  1736.0  16979.5    16762
read      252.1   126.4    80.4   123.8   137.8   231.1   282.4   315.0   339.5   365.5   395.7   439.4   541.2   795.2  4085.0  79176.5    79473
read      258.1   121.2    74.4   127.9   141.9   242.1   291.0   322.3   343.1   366.2   394.4   433.9   530.2   905.7  3720.4  61554.0    61431
read      253.9   109.2    74.4   125.1   139.2   232.2   283.0   316.6   341.7   368.6   400.9   450.1   553.2   815.0  1119.3  87501.0    87172
read      260.7   114.4    74.4   129.9   144.8   239.2   289.6   322.1   345.5   372.1   404.5   455.3   565.1   942.8  2596.6 108241.5   108181
read      256.6   134.2    80.4   124.8   138.8   233.1   284.6   317.7   343.1   370.5   402.5   450.9   560.2  1443.0  3950.4  80183.0    80515
read      260.0   108.9    80.4   138.5   154.4   255.1   291.0   313.9   330.6   348.4   369.8   401.6   468.1   619.3  3200.5  36984.0    37149
read      238.1   114.6    93.8   155.9   171.6   231.0   252.0   264.4   272.7   284.3   297.6   328.3   396.5  1245.6  3471.2  13399.5    13444
read      254.7   107.2    80.4   125.2   139.2   235.7   287.6   320.4   344.0   369.4   400.2   442.8   527.9   734.5  1977.1  71872.0    72057
read      255.7   104.9    80.4   126.4   140.4   237.4   288.5   321.5   344.7   369.4   398.8   442.4   532.9   710.6  1288.9  69741.0    70041
read      254.3   129.9    74.4   124.2   138.4   230.7   280.8   313.7   338.7   366.2   399.5   448.0   557.9  1418.1  3668.7  90394.5    90162
read      259.8    99.2    74.4   131.2   145.9   249.3   294.9   324.1   343.6   364.6   390.1   427.7   505.3   655.1  1785.9  52161.5    52082
read      252.0    75.6    86.8   147.8   165.3   248.4   275.4   291.4   303.8   320.0   340.7   369.9   434.3   570.1  1763.6  24378.5    24258
read      252.4   102.0    74.4   124.9   139.1   234.1   285.0   317.3   340.6   365.2   394.5   436.1   523.3   708.2  1337.5  72113.0    72013
read      257.2   102.8    80.4   128.6   143.0   244.5   292.1   321.7   342.9   365.4   392.3   429.6   504.7   645.9  2151.1  57936.0    58012
read      259.6   115.2    80.4   132.9   148.6   250.8   292.0   317.7   336.1   356.0   378.7   414.8   488.6   945.4  3628.2  45314.0    45398
read      258.4    95.8    80.4   131.0   145.7   248.7   293.9   321.9   341.9   362.6   387.0   423.4   496.5   631.4  1099.5  50275.5    50177
read      261.4   103.4    86.8   139.8   156.1   255.9   291.2   312.7   328.6   345.7   367.3   398.9   471.5  1125.5  2775.8  34572.0    34504
read      254.6   122.3    74.4   125.5   139.5   237.1   287.6   318.9   341.7   366.3   394.9   434.8   519.7   699.4  5165.8  65967.5    66010
read      255.0   109.1    80.4   125.2   139.2   234.9   286.9   320.4   343.9   369.6   400.4   446.3   540.3   785.5  1648.0  73983.0    73937
read      258.1   104.1    80.4   128.8   143.2   245.5   293.1   324.0   344.5   366.1   392.5   430.3   502.9   654.7  2286.1  55096.5    55020
read      259.1   101.8    80.4   130.2   144.6   247.5   294.2   324.5   344.4   365.5   391.1   429.2   511.5   635.6  1541.4  53153.5    53235
read      255.4   126.6    80.4   124.9   139.2   231.1   280.8   313.9   338.1   365.6   399.7   452.2   583.1  1460.1  2973.6  97343.0    97743
read      222.2    69.4   101.3   154.4   165.7   214.8   233.3   244.8   252.8   264.1   278.1   305.8   385.3   995.8  1982.7   5378.0     5419
read      235.2   108.6    93.8   152.7   169.1   231.4   252.4   264.3   272.1   283.0   296.1   323.4   382.7   889.7  3501.5  14615.0    14764
read      229.8   107.3   101.3   158.3   171.0   221.8   239.9   250.5   258.2   268.2   281.2   306.2   394.2  1485.5  4157.4   7365.5     7451
read      259.4    92.1    80.4   132.5   147.9   250.8   294.1   321.4   341.7   362.6   387.0   422.1   491.6   592.5  1425.9  48209.5    48208
read      241.1    61.6    86.8   153.6   170.8   236.7   260.1   272.2   282.1   293.8   312.4   341.2   401.2   885.0  1049.8  16208.0    16149
read      253.4   107.9    74.4   123.9   138.1   233.0   284.4   317.9   342.9   369.1   399.9   446.0   541.9   735.7  1775.4  78744.0    78989
read      243.3    73.3    93.8   150.8   168.0   239.9   264.0   276.3   287.0   297.9   317.0   344.5   402.5   880.7  3080.3  19024.5    18886
read      254.7   127.6    74.4   125.1   139.3   233.6   284.9   317.7   342.2   368.0   399.2   445.9   539.0   753.3  4600.2  76162.0    75954
read      258.1    90.9    80.4   133.4   148.7   251.4   291.5   316.8   334.8   354.4   377.2   414.3   488.2   665.6  1748.8  44630.5    44409
read      241.1    86.5    86.8   153.6   170.4   236.2   259.3   271.8   281.4   292.7   310.2   338.3   395.7   954.1  2900.8  16223.5    16431
read      252.8   111.2    74.4   124.2   138.4   231.7   282.5   316.0   341.0   367.3   399.5   446.0   542.9   785.8  1789.8  85635.5    85707
read      256.4   100.0    80.4   128.2   142.0   243.4   291.5   321.6   343.3   366.1   392.8   430.6   502.8   614.7  1717.7  58307.5    58253
read      258.0   130.7    80.4   127.8   142.0   234.8   284.6   316.8   340.8   368.5   403.0   456.0   574.6   988.8  3528.8 103860.5   103867
read      246.9    67.5    80.4   148.8   166.0   243.8   269.7   284.4   294.8   309.4   327.9   357.1   419.4   535.8  1575.3  21735.0    21604
read      253.0   119.6    74.4   123.8   138.1   230.1   279.8   312.7   337.7   364.8   398.0   447.8   565.1  1233.8  2394.5  90069.5    90401
read      254.6   112.6    80.4   125.2   139.3   232.7   283.7   317.2   341.8   368.4   401.4   451.3   556.5   857.7  2505.6  84502.0    84467
read      257.3   109.8    74.4   128.1   142.4   235.2   285.4   318.1   342.5   370.0   403.9   455.2   558.7   900.6  1858.6  99783.5    99700
read      257.8    95.4    86.8   141.2   157.9   252.8   285.4   304.8   320.7   339.0   360.8   393.1   463.6   801.3  3826.5  32189.0    32052
read      244.4    73.4    93.8   152.7   169.7   240.2   264.1   276.6   287.3   298.4   317.7   346.2   407.9   933.6  2457.7  17843.0    18173
read      258.3   119.3    74.4   126.5   140.6   239.1   290.3   323.3   345.7   370.3   400.3   442.7   544.0  1342.1  2452.9  67508.5    67789
read      258.0    98.2    80.4   130.8   145.2   247.4   292.6   322.0   341.7   363.1   388.5   425.1   500.2   623.6  1277.2  51998.0    51929
read      251.8   105.4    80.4   123.9   138.1   230.6   281.8   314.7   339.5   366.2   398.8   445.2   543.8   729.3  1259.0  84220.0    83850
read      243.2    77.6    93.8   151.0   168.1   239.2   263.5   275.7   286.2   296.8   316.8   346.6   410.4   688.8  3852.3  18636.0    18614
read      252.9    73.8    86.8   143.3   159.9   250.3   279.9   296.3   311.1   327.8   347.0   375.4   436.7   542.1  1163.8  29210.5    29315
read      262.6   162.4    80.4   127.7   142.1   235.2   285.8   317.7   342.1   370.1   405.1   459.8   615.4  2002.2  6186.5 108122.5   108090
read      251.6    79.0    86.8   144.8   161.7   248.6   276.4   292.2   304.8   320.7   343.1   373.0   434.0   578.1  2865.9  27170.0    27024
read      255.2    90.9    74.4   130.4   145.1   247.0   290.1   316.5   335.8   356.6   380.4   416.2   483.1   596.8   809.6  49876.5    49907
read      228.4    62.9    93.8   155.2   169.9   223.4   242.5   252.9   261.7   271.6   285.8   309.1   388.2   942.1  1800.5   9179.0     9150
read      259.8    90.7    80.4   140.3   156.6   255.4   289.7   311.1   327.2   345.2   367.1   398.8   467.2   583.9  3382.2  34197.0    34328
read      259.6   105.6    74.4   131.0   145.6   248.6   293.4   322.3   342.5   363.7   389.5   427.9   505.9   723.0  3347.0  51679.0    51881
read      240.2    72.8    80.4   156.6   173.5   235.3   257.1   269.4   278.1   290.2   307.0   336.9   398.5   931.7  1967.4  14599.0    14569
read      252.5   116.7    74.4   123.8   138.2   231.3   281.7   313.3   337.3   364.2   396.8   445.5   554.9   880.8  2523.1  81124.0    81517
read      255.0   129.0    74.4   124.1   138.5   232.3   283.1   316.6   341.8   368.1   399.5   447.1   557.7  1310.5  3161.6  78566.0    78694
read      248.5   108.1    74.4   122.5   136.8   227.1   275.8   308.2   332.8   359.5   392.4   439.7   543.2   827.6  1659.3  93359.0    93409
read      261.9    96.0    80.4   138.4   154.2   256.5   294.1   318.6   336.0   354.8   375.7   410.3   480.4   609.6  3257.4  39024.5    39093
read      248.9    83.3    86.8   154.2   171.8   244.4   268.6   282.1   292.2   305.8   324.2   355.9   420.3   915.7  3689.4  18660.5    18729
read      255.1   110.5    80.4   126.0   140.4   237.4   288.4   319.3   342.4   366.9   396.6   439.8   529.7   676.0  1954.9  70432.0    70818
read      252.3    78.8    80.4   154.1   172.4   248.8   273.4   287.9   297.3   313.2   332.8   362.0   426.7   686.4  3124.0  21776.0    21942
read      252.0   108.5    80.4   123.9   138.4   230.5   280.5   312.7   337.1   364.1   397.1   446.8   550.4   872.1  1643.5  91624.5    91810
read      260.2    93.1    80.4   136.2   151.9   254.3   291.6   315.0   332.0   350.6   372.8   408.0   491.1   944.4  1894.8  39413.5    39588
read      261.0   106.2    80.4   135.1   150.8   254.7   293.1   317.0   334.8   354.3   375.9   409.7   483.5  1244.3  2949.7  40825.0    40957
read      256.6   103.0    80.4   127.4   141.0   241.2   291.5   323.0   345.1   368.3   396.5   436.3   519.7   674.1  1728.6  62727.5    62645
read      237.8    88.0    93.8   152.8   170.0   232.8   254.0   265.9   273.5   285.6   300.8   332.9   399.8   965.4  3964.6  15321.0    15539
read      258.8   123.8    80.4   129.0   143.7   235.9   285.9   317.8   341.4   368.7   403.0   455.3   573.5  1110.6  2230.2 107402.5   107672
read      257.1    87.4    80.4   140.9   156.8   253.0   285.5   305.2   320.8   339.3   361.5   394.4   465.6   627.0  2350.0  32929.5    32954
read      257.4   106.1    74.4   128.3   142.5   244.0   292.2   323.3   344.0   366.1   393.2   432.1   508.0   710.1  1508.0  59089.5    58866
read      250.3    90.7    86.8   148.3   165.8   246.7   273.0   288.1   298.3   315.1   335.8   365.1   425.7   556.2  3698.2  23856.5    23739
read      256.2    97.7    80.4   129.0   143.1   245.2   291.5   320.0   340.1   361.6   387.2   424.7   499.7   624.9  1895.9  54342.0    54701
read      261.6   155.3    80.4   127.3   141.6   242.3   292.6   325.6   347.4   370.4   399.1   440.2   544.0  1642.8  4679.2  60898.5    60706
read      258.5   149.6    74.4   125.7   139.9   237.3   289.7   325.2   349.3   374.1   404.2   450.5   551.7   806.8  1801.8  72051.0    72350
read      258.3   103.6    80.4   128.7   143.0   244.2   293.5   324.9   346.2   368.6   395.6   434.4   517.6   656.8  1307.4  58839.5    58661
read      258.8    85.6    80.4   140.0   155.8   255.3   289.9   311.4   327.5   344.9   366.5   398.4   460.8   580.8  1888.7  34725.0    34912
read      258.2   130.6    74.4   127.4   141.7   234.1   284.7   317.2   341.3   367.9   401.3   454.0   578.6  1385.0  3699.7 103811.5   103268
read      258.9    85.6    80.4   137.5   152.9   254.3   291.3   314.4   331.7   350.5   371.6   403.4   470.2   622.2  1025.8  38724.5    38703
read      254.3   116.8    74.4   124.0   138.3   232.5   284.2   318.1   343.2   368.9   400.5   448.3   549.1   845.4  3082.0  83232.5    83358
read      258.8   111.4    80.4   129.1   143.2   244.6   292.9   323.8   345.3   367.0   393.7   431.9   509.5   996.4  2482.0  57636.0    57408
read      255.6   129.7    74.4   124.9   139.2   232.4   283.7   316.4   341.3   368.4   401.9   451.8   565.4   996.6  4061.3  87230.5    86837
read      260.4   113.8    86.8   140.4   157.0   255.1   289.2   310.4   326.4   344.4   366.3   398.2   466.2   697.0  6001.0  33645.5    33517
read      256.3   110.2    74.4   126.0   140.1   238.4   289.8   323.0   345.7   370.0   398.8   440.7   528.7   789.2  1382.7  66200.0    66204
read      259.8   140.0    74.4   124.5   138.9   236.5   288.9   322.6   346.8   373.7   405.6   455.2   583.7  1399.3  4011.9  73910.0    73758
read      257.2   116.2    80.4   126.3   140.6   234.8   285.1   318.1   342.5   369.3   403.1   455.2   575.8  1049.0  2565.7 100012.0    99742
read      256.8   118.4    74.4   127.3   141.8   234.8   284.1   315.7   339.3   365.9   399.4   451.4   570.5  1154.7  2280.9 109643.5   109462
read      256.4   133.9    80.4   125.4   139.9   232.7   283.0   315.1   339.6   366.8   400.8   451.6   559.9  1516.1  3821.3  94046.0    94453
read      259.7    91.6    80.4   134.3   149.7   253.5   293.9   319.8   338.6   358.5   381.0   414.9   482.3   587.0  1913.2  43685.0    44096
read      259.5   134.5    74.4   126.6   140.9   234.9   284.9   318.3   342.8   370.2   404.4   459.2   601.7  1534.2  3093.1 100661.5   100467
read      225.7    92.8    93.8   155.4   168.6   220.5   238.9   249.6   257.1   267.1   278.9   300.8   367.9   938.7  6115.9   8607.0     8576
read      260.3   112.2    80.4   129.6   143.7   245.6   295.1   327.8   349.2   371.7   398.9   437.6   520.7   666.7  1473.5  59268.0    59359
read      226.0    89.2   101.3   157.6   170.6   220.1   237.9   248.9   256.1   266.7   279.0   301.1   376.4   924.9  4224.6   7651.5     7614
read      257.4   101.1    80.4   128.8   142.8   243.2   292.0   323.9   345.1   367.6   394.4   432.4   506.6   660.1  2203.2  59901.5    60329
read      260.1   112.3    80.4   134.3   149.6   251.6   292.3   318.3   336.6   356.4   379.0   414.1   488.1   845.4  3439.1  43986.5    43762
read      255.9   114.6    74.4   126.8   140.7   238.9   290.1   322.7   344.4   369.1   397.0   435.2   516.0   690.1  2257.5  66801.5    67038
read      254.1    78.3    80.4   146.9   163.6   250.4   279.5   295.2   309.5   326.3   346.6   375.2   434.7   585.8  1943.6  26179.5    26095
read      256.7   131.1    80.4   125.4   139.4   236.5   287.7   320.8   345.5   371.0   401.0   446.3   540.8   828.0  3474.1  70967.0    71173
read      260.5   136.8    74.4   128.6   143.5   238.8   288.8   321.2   344.0   370.5   404.0   457.1   571.1  1043.4  3164.4 109244.5   109276
read      235.6    89.0    86.8   156.0   171.9   230.5   251.1   263.2   271.4   282.4   296.1   324.0   389.9   917.3  5593.2  13179.0    13150
read      256.1   105.4    74.4   127.6   141.4   241.2   290.1   320.6   342.4   366.1   394.1   432.9   516.6   689.6  2459.4  61191.5    61250
read      255.9   126.7    80.4   125.2   139.2   233.0   284.1   317.2   342.5   369.1   401.7   449.9   549.8  1280.4  3551.8  84535.0    84472
read      255.4   123.2    80.4   125.3   139.4   233.4   284.6   317.2   342.7   369.5   401.6   449.4   546.1   905.0  3965.3  82333.5    82226
read      256.2    83.6    86.8   145.0   162.0   252.4   281.9   298.6   314.2   331.3   351.1   383.1   454.1   608.8  1714.1  27452.0    27671
read      260.1   140.3    74.4   126.8   141.0   234.9   285.1   317.8   342.4   369.6   403.6   456.9   599.6  1733.5  3497.3  98581.5    98736
read      256.0   111.5    74.4   127.3   141.7   234.2   283.9   315.7   339.7   367.0   400.3   450.5   554.1  1037.5  2025.4 106060.0   106314
read      256.5   113.4    74.4   126.8   141.3   234.5   284.6   316.7   340.7   368.2   401.9   453.7   569.8   940.9  2037.0 104954.0   105027
read      256.0   128.0    80.4   125.6   139.9   232.3   282.3   314.2   338.7   366.1   400.9   453.3   574.9  1421.5  3643.4  96674.0    96867
read      253.1   105.7    74.4   125.0   139.1   232.2   282.5   315.5   340.0   366.7   399.2   447.6   549.4   763.1  1451.2  89499.0    89493
read      260.3    99.1    80.4   132.3   147.2   250.8   294.6   323.0   341.6   361.8   386.5   424.7   508.0   699.6  2105.6  50461.0    50538
read      243.7    72.1    86.8   147.7   164.6   240.8   265.4   278.0   289.0   301.9   321.0   351.9   412.4   602.3  1973.7  22092.0    22083
read      256.6    99.6    80.4   131.9   146.9   249.4   290.7   316.6   334.9   354.4   376.2   412.4   486.9   606.7  2594.8  48586.5    48618
read      254.5   132.5    74.4   124.3   138.7   231.5   281.2   314.0   338.0   365.1   398.2   448.9   571.3  1162.9  4600.8  93973.0    94298
read      256.5   133.6    74.4   127.1   141.1   240.5   290.7   322.0   344.9   367.8   395.1   433.7   517.7   676.5  1638.3  63345.5    63579
read      258.0   114.0    74.4   127.2   141.0   241.7   291.2   322.5   344.5   368.1   397.0   439.6   540.7   818.8  3293.2  64659.5    64573
read      256.1   122.1    80.4   124.9   138.8   234.8   286.3   319.1   342.4   368.0   399.4   446.2   558.3  1193.7  2781.4  77198.5    77178
read      253.5    76.3    80.4   141.7   158.7   250.7   280.4   296.8   311.6   328.5   349.2   380.5   445.2   586.1  1011.4  29968.5    29824
read      255.7   111.4    80.4   126.9   140.8   239.6   288.2   319.4   342.3   366.4   394.7   434.4   525.9   756.8  3117.4  64380.5    64495
read      242.0    65.5    80.4   149.0   165.4   239.2   263.2   275.0   286.0   297.1   317.5   345.9   414.9   546.9  1380.1  20894.5    20917
read      253.6   111.5    80.4   123.9   138.0   231.8   282.5   315.1   339.6   366.5   398.8   448.0   563.6  1051.6  1923.3  85185.0    85651
read      254.8   100.9    80.4   126.6   140.5   240.4   288.5   318.9   340.7   363.8   391.7   432.9   519.7   665.5  1473.9  62094.5    61935
read      255.8    94.6    74.4   131.2   145.5   247.1   290.0   317.0   336.1   356.6   380.3   416.7   487.3   610.5  1616.2  50090.0    50216
read      252.3   109.3    74.4   124.2   138.4   234.4   284.6   316.4   339.6   364.1   393.2   435.2   525.7   721.4  1681.0  72605.0    72251
read      253.7   110.6    74.4   123.9   138.1   234.9   284.8   317.0   340.8   365.8   395.5   437.1   535.8   970.0  2161.8  72152.5    71798
read      243.0    69.9    80.4   149.8   167.1   239.5   263.5   275.5   286.4   297.2   317.1   346.1   415.6   693.0  2002.7  19516.0    19701
read      252.6    99.8    86.8   146.9   164.3   248.1   274.4   289.9   301.2   317.2   337.9   367.8   433.1  1403.7  3113.7  24947.0    24952
read      252.4   110.4    74.4   123.4   137.9   232.1   283.1   315.1   338.6   364.7   396.5   444.7   548.8   762.9  1608.7  82060.0    81838
read      250.3    86.1    86.8   144.4   161.7   246.9   274.2   290.0   301.9   318.5   339.5   368.6   433.2   648.7  3193.6  26613.0    26648
read      249.8    81.0    86.8   147.4   164.4   246.6   272.7   288.2   299.1   315.6   335.7   363.9   425.7   626.9  3003.3  24779.5    24837
read      255.8    83.4    86.8   143.9   161.2   251.7   282.2   299.5   314.6   332.1   353.2   384.7   458.4   595.8  2507.1  29273.5    29420
read      257.3   133.5    74.4   126.7   140.9   234.7   283.8   315.1   338.8   365.8   399.5   452.7   572.3  1225.7  4639.2 103759.5   103882
read      254.8   106.1    74.4   125.6   139.7   237.5   288.0   320.6   343.4   367.4   396.5   438.5   528.5   692.4  1383.9  70574.0    70314
read      257.2   126.9    80.4   127.7   141.9   242.2   290.3   321.3   342.9   365.7   393.0   432.9   514.0   774.7  5016.9  61476.5    61679
read      259.1   110.9    80.4   131.3   146.5   249.4   292.7   319.9   339.4   360.5   385.6   423.2   497.7   677.7  3117.2  49601.5    49557
read      243.0    71.0    86.8   150.4   167.5   239.2   263.3   275.2   286.4   298.0   318.2   347.7   404.5   612.0  2781.9  19267.0    19325
read      226.8    64.8   101.3   155.7   169.5   222.6   240.5   251.0   259.0   269.2   282.4   304.8   369.7   920.9  2327.9   9080.0     9128
read      251.2   108.0    80.4   124.0   138.1   230.1   278.5   310.5   334.9   362.2   395.7   444.9   553.0   886.0  1684.7  94758.5    94933
read      247.7    77.8    80.4   145.9   163.1   244.5   270.4   285.0   295.2   311.0   331.5   361.8   429.1   807.5  2444.9  24543.5    24327
read      254.8   103.3    74.4   125.7   139.8   236.4   287.4   320.4   343.7   368.3   398.4   440.6   533.9   742.0  1173.2  71922.5    71896
read      256.9   139.1    74.4   126.0   140.1   233.2   283.2   315.9   340.1   367.1   399.8   448.8   570.2  1561.6  3640.7  93619.0    93771
read      240.9    74.3    86.8   148.9   165.9   238.3   261.9   273.6   283.8   294.9   313.3   341.5   401.5   550.9  2023.2  20450.0    20452
read      257.7    92.2    80.4   135.1   150.3   252.6   290.3   313.7   331.6   351.1   372.8   404.4   472.5   598.9  2246.6  42337.5    42338
read      254.6   115.5    74.4   124.9   138.9   235.3   286.7   319.1   342.6   367.4   397.4   441.7   539.9   818.4  3620.6  72792.5    72627
read      255.3   117.3    80.4   124.4   138.7   233.7   284.5   317.1   341.9   368.9   401.0   451.0   563.8   885.8  3356.8  80545.0    80603
read      263.1   123.1    80.4   132.7   147.9   251.8   294.6   322.8   342.0   363.0   388.5   427.5   519.5  1230.0  2838.6  48908.0    49049
read      255.1   112.5    80.4   125.8   140.0   233.6   283.3   315.4   339.9   366.7   399.7   450.2   564.9  1003.0  1983.5  92358.5    92305
read      257.5   106.8    80.4   128.9   143.3   245.2   291.1   320.3   341.4   363.8   390.5   429.7   508.5   689.3  2551.0  56942.0    56889
read      253.1   124.0    80.4   124.2   138.3   232.9   283.2   315.1   339.4   365.6   397.2   443.0   543.0   792.6  3014.5  78183.5    78036
read      255.8   109.8    80.4   126.3   140.3   237.2   287.2   319.5   343.3   368.1   397.9   444.3   541.3   751.2  2052.9  71543.5    71583
read      255.1   109.4    80.4   125.4   139.4   235.6   286.3   319.0   342.5   367.7   398.2   443.5   542.9   857.4  1850.5  72620.5    72609
read      249.3   110.3    74.4   124.1   138.2   228.2   274.9   304.7   327.9   355.2   390.0   441.9   549.7  1062.7  1970.4 107017.0   107382
read      254.1   109.1    80.4   125.5   139.5   232.8   283.2   316.4   340.6   367.9   400.5   448.5   547.8   840.9  2475.2  86443.5    86530
read      237.4    82.7    86.8   150.8   167.1   233.2   255.3   267.8   275.7   288.6   305.1   334.6   398.0   880.8  3688.0  16468.0    16550
read      250.5   106.6    74.4   123.8   137.8   230.5   279.9   311.7   336.0   362.6   394.8   441.4   539.3   743.5  1820.4  84382.5    84534
read      255.7   114.7    80.4   125.2   139.1   236.2   287.4   320.4   343.7   368.7   398.4   443.9   548.0   881.2  3106.1  72633.5    72631
read      256.9    91.6    74.4   131.6   146.3   249.0   291.3   318.6   337.2   357.4   381.1   417.7   493.0   617.2   878.0  49680.5    49291
read      256.4   101.0    80.4   127.8   141.5   241.8   290.4   321.4   343.2   366.0   393.7   434.3   527.3   728.1  1237.6  62082.5    62175
read      258.6   141.3    74.4   125.8   140.0   236.7   288.8   322.6   346.4   372.2   403.4   451.2   561.0   938.7  6588.5  80072.5    80213
read      241.6   100.0    93.8   152.5   169.9   237.3   259.7   271.8   281.4   292.8   310.3   340.2   404.4   844.4  5063.5  16725.5    16566
read      260.6   108.0    80.4   130.3   145.2   248.5   295.0   324.0   344.3   365.9   392.4   431.6   518.0   812.4  2441.4  54262.0    53985
read      259.9   119.5    80.4   128.6   142.8   237.4   287.8   320.4   344.1   371.0   405.0   457.0   582.2  1216.2  2387.7 101541.5   101949
read      247.2    72.5    80.4   145.2   162.4   244.5   270.9   285.7   295.8   311.9   332.2   361.6   426.8   564.3  1508.4  24060.5    24076
read      261.7   128.2    80.4   130.9   145.7   248.9   294.7   324.1   343.8   364.6   389.6   427.0   513.3  1095.4  4659.1  52559.5    52574
read      264.7   144.2    74.4   128.4   143.1   238.7   290.6   324.0   347.6   374.6   410.5   466.5   627.8  1767.7  3469.5 106502.5   106271
read      261.8   135.6    74.4   127.9   142.5   237.0   287.8   320.3   344.3   371.3   405.8   459.6   605.6  1709.8  3201.1 105382.5   105451
read      254.0   111.3    74.4   124.6   138.8   232.4   283.3   316.8   341.5   368.6   401.3   450.6   550.6   785.5  1743.0  85882.5    86087
read      257.9    99.8    86.8   144.1   161.3   253.6   283.3   300.1   315.7   333.8   355.4   386.4   453.4   972.8  3334.7  29055.0    29108
read      255.0   123.7    74.4   126.4   140.7   232.6   281.6   313.4   337.4   364.7   398.1   449.0   562.5  1035.9  3258.8 100877.5   101115
read      255.3   106.5    80.4   126.0   139.9   236.3   287.9   320.2   344.0   369.7   400.2   444.9   534.0   732.1  1796.3  74252.0    74326
read      256.5   126.7    80.4   125.5   139.5   235.4   287.7   320.3   343.8   369.4   400.4   445.7   553.2  1038.1  3103.3  75769.0    75832
read      255.4   115.3    74.4   126.2   140.2   233.1   283.6   316.3   340.9   368.1   401.0   451.3   557.9  1005.4  2521.9  95014.5    94901
read      236.4    64.4    93.8   151.6   168.3   232.3   253.9   266.7   274.9   287.3   302.7   332.7   399.4   879.0  2172.3  15843.5    15809
read      257.6   161.5    80.4   143.4   160.6   252.7   282.6   299.6   314.5   331.8   352.9   384.5   454.7   846.0 12125.1  28926.0    28874
read      260.5   144.7    80.4   130.8   145.6   249.0   294.1   323.1   342.4   363.1   388.4   426.5   505.5   645.6  7931.1  51900.5    51882
read      259.7   113.6    80.4   140.1   156.7   254.4   287.2   307.7   324.1   341.8   363.8   396.3   467.2   968.8  3523.5  32656.0    32653
read      258.2    88.2    86.8   135.1   150.5   253.1   291.5   315.5   333.1   352.1   373.3   406.4   483.7   621.9  1086.7  41685.0    41676
read      258.8   114.4    74.4   128.1   142.1   243.0   292.6   324.8   346.5   369.5   397.7   436.8   525.9   692.4  3659.7  62902.5    63019
read      262.2   140.5    74.4   128.0   142.4   236.8   287.5   320.9   345.3   373.1   408.1   461.4   613.5  1633.2  3777.8  99226.0    99164
read      259.6    93.5    74.4   133.1   148.0   251.7   293.7   321.2   340.5   361.0   385.0   421.5   499.0   635.6  1003.5  47047.5    47055
read      259.0   103.6    80.4   128.3   142.4   243.3   293.2   326.7   348.3   370.7   398.4   438.5   532.0   723.3  1530.9  62183.0    62394
read      255.3   112.9    80.4   126.4   140.7   233.2   283.4   315.8   339.5   366.6   400.2   451.5   567.0  1019.5  1770.5  98261.5    98519
read      259.9   132.3    80.4   142.1   158.7   254.0   286.0   305.4   321.2   338.5   359.7   392.0   462.5  1535.3  4676.5  32064.5    32122
read      260.6   114.1    80.4   131.7   146.7   250.5   294.3   322.6   341.6   362.0   386.5   423.3   498.8   985.3  3445.3  49667.5    49464
read      251.0    78.5    86.8   147.6   165.1   248.1   274.7   290.1   301.5   318.0   337.7   365.3   428.8   587.1  2071.7  23930.0    24034
read      254.1   108.1    74.4   124.7   138.9   233.4   285.5   319.1   343.1   368.5   398.9   443.3   544.3   848.3  1834.2  77408.5    77363
read      253.1   107.7    80.4   125.6   139.5   232.0   282.1   314.2   339.2   366.4   398.4   446.7   546.5   822.0  1877.4  91828.0    91698
read      258.2    91.2    86.8   137.6   152.8   254.0   290.3   313.2   330.1   347.9   369.6   401.4   467.1   576.4  2514.0  39088.5    38997
read      254.2   130.1    80.4   124.7   138.9   231.7   282.4   314.6   339.3   366.4   399.8   450.5   553.0   922.7  4124.4  85951.0    86028
read      251.9   111.5    74.4   124.3   138.4   232.1   282.4   314.6   338.8   365.5   396.5   441.0   536.4   736.2  1956.3  82669.0    83012
read      237.9    62.9    86.8   153.5   170.4   233.9   255.3   268.0   276.3   288.5   304.0   332.5   398.0   884.3  1284.3  14963.5    15024
read      259.1   106.7    80.4   129.7   143.7   246.0   293.4   324.8   345.3   367.1   393.9   432.5   520.5   677.2  2294.4  56548.5    56640
read      253.5   107.3    74.4   126.7   140.5   232.5   282.0   314.1   338.5   365.3   397.5   444.9   548.4   851.6  1612.2  97373.5    97362
read      255.3   122.6    74.4   126.7   141.0   232.4   281.0   312.5   336.3   363.5   397.8   451.6   577.1  1100.2  2526.6 107063.5   107412
read      258.9   107.4    74.4   127.1   140.8   240.9   292.1   326.7   349.7   372.9   401.7   445.9   548.6   800.1  1961.1  65115.0    65030
read      256.2   111.7    80.4   124.6   138.8   234.7   286.7   320.4   345.4   372.1   404.5   453.2   559.4   894.6  1971.7  79316.5    79278
read      259.1   102.9    80.4   132.4   147.3   249.0   292.0   319.7   339.2   359.8   383.9   421.4   505.1   729.2  2131.6  47548.5    47544
read      260.2   136.6    80.4   128.6   143.3   237.4   287.4   319.4   343.0   370.3   404.9   458.7   579.1  1131.9  2744.5 105172.5   105368
read      258.4   121.9    74.4   128.6   142.5   244.7   292.7   324.2   345.3   367.3   393.5   431.7   508.1   671.1  2167.2  57989.5    58181
read      258.4   100.4    80.4   128.5   142.6   246.0   293.4   324.2   344.7   366.7   393.9   433.2   512.0   685.3  1136.3  56845.0    56960
read      240.7    68.2    80.4   155.0   172.6   235.8   258.8   271.3   280.8   292.2   309.3   338.1   402.3   889.6  1558.8  14850.0    14849
read      257.8   117.5    80.4   128.3   142.2   241.8   291.7   324.9   346.6   369.3   396.9   436.2   514.4   697.3  1769.2  63358.0    63672
read      259.7    95.8    86.8   132.7   147.9   250.8   293.8   322.0   341.5   362.6   387.3   423.0   494.1   592.0  2045.0  48238.0    48289
read      239.3   156.8   101.3   158.5   174.1   230.3   250.7   262.7   271.1   282.0   295.5   325.3   400.0  1765.5  8934.2  11931.0    11797
read      233.4    78.7    86.8   157.0   171.6   227.4   247.4   258.7   267.7   277.6   293.0   321.5   390.5   956.6  3897.2  10782.0    10781
read      261.8   141.2    80.4   132.5   147.6   251.0   294.4   322.4   341.8   363.2   388.8   426.6   508.0   691.5  7888.6  49156.0    49362
read      258.3   133.8    74.4   126.9   141.2   233.9   284.0   316.3   341.0   369.0   402.9   455.9   588.3  1328.2  4942.9 102144.0   102119
read      259.6    97.4    80.4   133.2   148.4   251.9   293.9   320.6   339.3   359.3   382.7   418.2   491.1   615.9  2326.7  46394.5    46213
read      254.0   117.8    74.4   125.3   139.5   231.5   281.1   312.8   337.2   364.8   398.2   449.1   565.6  1052.0  3318.0  96697.5    97025
read      245.0    68.0    80.4   152.5   170.6   241.5   265.3   277.8   288.4   300.3   319.1   348.6   410.7   673.4  2095.6  18195.5    18351
read      250.6    74.3    86.8   150.2   168.0   246.1   272.0   287.3   297.9   315.0   336.1   368.0   434.3   608.5  2151.9  21469.5    21426
read      261.4    94.5    80.4   135.1   150.6   254.6   294.9   321.3   339.4   359.0   382.0   416.7   488.5   639.3  1675.8  42722.0    43013
read      260.7   124.0    80.4   129.0   143.1   241.0   292.2   325.3   348.6   372.4   402.6   448.7   549.3  1124.5  3201.7  67543.0    67376
read      266.0   105.7    80.4   144.1   160.9   260.2   295.1   318.1   334.8   353.2   374.4   406.8   489.1   635.4  5452.8  36055.0    36043
read      247.7   280.0    93.8   162.4   174.5   225.5   245.5   257.5   267.3   278.2   295.2   331.9   486.0  5885.5  8617.3   6328.5     6255
read      256.9   111.7    74.4   127.3   141.7   234.5   284.8   316.8   340.5   367.5   401.2   453.4   583.3   961.8  1738.4 102135.0   102499
read      257.3    77.5    86.8   151.6   168.9   253.3   280.8   296.5   311.1   327.8   347.5   375.8   439.9   655.4  2336.6  26111.5    26263
read      262.1   114.6    80.4   130.5   145.3   247.9   296.7   328.7   349.5   370.9   398.2   436.5   527.2   744.3  3269.5  57109.0    56974
read      263.1   107.9    80.4   138.6   154.4   256.3   294.5   318.6   336.5   355.9   377.6   411.8   487.4   707.2  3760.6  41005.5    40869
read      261.3    97.7    80.4   135.4   150.8   253.6   294.7   321.2   339.9   360.2   384.3   419.6   491.2   624.5  2265.7  46255.5    46514
read      235.3    67.6    93.8   157.7   173.0   230.4   250.7   262.4   270.4   280.8   294.9   321.5   394.3   936.4  2319.9  11352.0    11431
read      255.9   101.7    80.4   127.4   141.3   242.7   289.9   319.8   341.1   363.7   391.2   431.4   515.0   676.4  2226.7  58468.0    58600
read      254.7   106.7    80.4   125.0   139.0   237.9   289.1   320.7   343.6   368.5   397.3   437.7   522.7   681.8  1198.4  68426.0    68058
read      258.5   123.6    74.4   129.0   143.4   246.6   292.5   320.9   340.9   362.9   389.2   426.7   504.0   705.8  3694.2  54500.0    54502
read      254.3   101.3    80.4   125.5   139.6   238.8   288.8   319.1   341.9   365.7   393.8   434.3   515.4   688.9  1358.2  64095.0    64022
read      258.6    97.8    74.4   130.1   144.9   248.2   293.8   322.2   342.2   363.7   389.5   427.3   502.7   644.1  1149.1  52234.5    52142
read      258.8   138.8    74.4   127.3   141.4   234.2   284.9   317.6   342.0   369.3   402.7   455.6   584.3  1387.2  4192.8 101399.5   101375
read      258.4   111.2    80.4   134.2   149.9   251.8   289.9   312.7   329.8   348.3   370.8   403.7   488.1   806.2  4021.2  40836.0    40606
read      258.9    96.3    74.4   131.5   146.4   251.1   293.8   321.6   340.2   360.4   384.4   420.0   491.7   624.9  1922.5  47578.0    47485
read      258.5    95.2    80.4   130.6   145.6   250.6   293.6   320.8   339.8   360.5   384.9   421.0   496.5   615.7  1247.8  48763.5    48977
read      258.9    87.2    80.4   136.3   151.5   253.7   290.7   314.5   332.1   351.2   373.3   407.5   486.3   634.2  1069.5  38792.5    38615
read      253.4   107.7    74.4   123.5   137.8   232.6   285.1   317.9   341.7   368.3   399.8   446.5   548.7   815.6  1166.4  80012.0    80279
read      252.0   104.7    80.4   122.9   136.8   232.7   284.6   317.1   341.0   366.9   397.5   440.3   535.4   742.2  1397.4  75981.5    75843
read      253.8   125.7    80.4   123.0   137.0   235.6   287.2   319.6   341.8   365.2   393.5   434.6   526.7   746.3  4014.7  66986.5    67095
read      257.8    89.4    80.4   134.9   150.5   253.5   291.3   314.0   331.0   349.8   371.8   403.9   472.8   592.0  1077.8  41390.0    41325
read      258.6   101.5    80.4   128.3   142.5   246.4   294.2   324.4   344.6   367.0   394.0   432.8   514.4   692.2  1346.0  55883.0    55752
read      258.6   172.9    80.4   123.3   137.4   232.2   284.2   317.0   342.0   369.9   403.8   455.3   593.1  1688.6  7342.2  85642.5    85561
read      234.8    65.2    93.8   153.6   169.6   230.2   251.0   263.0   271.2   282.3   296.5   328.4   399.8   922.0  1898.4  14173.5    14194
read      250.3   113.3    74.4   122.8   136.7   228.6   279.1   311.4   336.3   363.8   397.2   445.0   542.8   797.9  1584.7  88070.5    88002
read      251.1   108.9    74.4   122.9   137.2   230.0   280.1   312.3   336.5   363.5   396.3   445.1   552.2   808.7  1745.5  90121.5    90515
read      258.2   136.2    80.4   127.5   141.8   235.1   285.8   317.8   341.2   368.3   401.7   454.1   576.5  1154.6  2759.7 109143.5   109283
read      251.5    75.6    86.8   144.0   161.4   249.1   277.1   292.6   305.4   321.2   341.3   371.1   434.9   548.2  2071.1  26847.5    26699
read      257.0   101.0    86.8   136.7   152.1   253.0   288.5   310.3   326.7   344.8   366.8   399.5   464.0   574.7  3114.0  37468.5    37400
read      244.9    84.2    86.8   150.9   168.3   240.8   265.0   277.4   288.2   300.2   319.7   350.0   416.1   855.9  4800.9  19318.5    19307
read      232.6    67.5    93.8   154.5   170.0   227.5   247.6   259.1   267.8   277.4   292.6   322.2   391.3   908.3  2636.9  11534.0    11527
read      251.5   105.0    80.4   122.9   137.0   231.1   282.3   314.9   339.2   365.9   397.7   443.8   541.7   740.6  1352.0  83334.5    83787
read      245.5    76.0    80.4   147.3   164.3   241.9   267.6   281.6   292.4   306.9   326.5   355.8   423.7   615.8  2945.0  22156.0    22209
read      252.5   105.8    74.4   123.4   137.8   233.8   285.2   317.4   341.0   366.4   396.6   439.7   533.7   689.0  1496.8  75045.0    75169
read      254.4   125.3    74.4   123.6   137.9   234.7   286.2   319.0   341.7   366.8   397.4   441.7   545.6   772.9  3010.3  73903.5    73833
read      250.9   130.2    74.4   123.4   137.6   228.7   278.1   310.5   335.6   363.1   396.1   445.0   557.9   846.8  1371.3  94453.5    94641
read      256.8   104.3    74.4   126.1   140.5   241.6   291.0   322.5   344.1   367.4   395.6   435.9   529.3   784.9  1468.6  61286.5    61338
read      252.6   124.2    74.4   123.2   137.4   229.4   279.7   312.0   336.5   363.5   396.5   445.0   566.4  1307.6  2902.4  91692.0    91825
read      253.5   116.9    74.4   123.5   137.8   233.2   284.7   318.0   341.5   367.8   399.0   445.2   545.2   736.4  3030.5  77119.5    77235
read      257.6    90.9    80.4   136.8   152.6   253.1   288.0   309.4   325.8   343.7   366.6   399.9   477.8   751.2  1822.9  37258.0    37257
read      255.8    80.9    80.4   140.5   156.8   253.4   284.2   302.0   317.3   335.1   356.7   389.5   459.7   637.8  1700.2  32124.0    32057
read      263.1   135.2    74.4   128.5   143.2   238.9   290.8   323.3   346.7   373.8   409.6   464.7   616.4  1149.2  4170.7 108479.5   108618
read      252.9   103.6    80.4   124.2   138.0   234.3   285.4   318.0   341.7   366.9   396.7   440.4   537.0   740.8  1253.6  72884.0    72930
read      256.4    92.0    80.4   132.6   148.1   250.6   290.3   314.4   331.9   350.8   372.8   405.9   474.1   622.2  1726.5  43824.0    43714
read      255.0   136.6    80.4   123.6   137.9   231.9   283.6   317.1   341.8   368.5   400.4   449.9   561.6   930.7  4687.9  87825.0    87369
read      256.2   103.7    74.4   128.5   142.5   244.7   290.8   319.5   339.7   361.8   388.1   427.3   504.4   637.8  2097.1  56299.0    56640
read      249.0   106.1    74.4   122.9   137.2   227.8   277.2   308.6   332.8   360.1   393.3   441.6   544.1   783.7  1722.1  97113.5    97360
read      251.2   105.8    74.4   122.7   136.6   230.4   282.3   315.5   340.3   366.4   397.7   444.7   544.6   725.7  1469.3  80013.0    79788
read      228.8    94.9    86.8   153.4   168.4   223.6   242.4   252.8   261.4   271.0   285.1   310.3   384.0   938.4  4884.8  11429.0    11352
read      250.1   108.5    74.4   123.1   137.0   228.7   279.5   311.5   336.2   363.3   395.1   442.8   547.5   831.5  2088.5  87303.5    87962
read      256.6    91.2    80.4   134.1   149.7   251.5   288.9   311.9   329.3   348.1   371.6   403.9   473.6   624.2  1330.0  40944.0    40663
read      260.1   102.3    74.4   128.7   142.9   246.4   295.3   326.3   347.3   369.9   397.1   436.7   536.9   734.5  1178.8  59393.5    59386
read      262.6   137.2    80.4   131.5   146.7   250.7   294.4   322.3   341.9   362.9   388.4   427.1   518.1  1021.0  5154.3  48461.5    48302
read      242.9    70.5    86.8   149.6   166.8   239.3   264.0   276.4   287.3   298.8   318.7   346.2   406.1   547.9  2709.2  19517.5    19398
read      251.3   108.8    80.4   122.5   136.5   230.8   282.3   314.7   338.6   364.7   396.4   441.6   544.3   770.2  2430.9  82097.0    82197
read      254.6   118.5    74.4   124.7   138.8   234.0   285.1   318.1   342.5   369.2   401.0   447.4   541.2   769.6  3299.4  77401.5    77387
read      259.0   124.9    74.4   124.8   139.0   238.3   290.8   324.7   348.4   373.6   404.1   450.9   550.0  1063.2  3136.5  72980.0    72753
read      226.1    96.6   101.3   155.1   168.2   219.6   236.8   248.3   255.9   266.8   279.7   303.9   388.7   972.1  3985.4   7859.0     7720
read      258.0    94.4    80.4   131.7   147.2   251.0   292.3   318.5   336.4   356.2   379.9   416.0   492.7   624.3  1924.8  46139.5    46279
read      259.4    97.4    80.4   134.0   149.5   252.9   291.7   316.7   334.5   353.7   375.6   410.4   490.8   684.1  2472.7  42143.5    42102
read      251.0   113.9    80.4   123.0   136.9   228.9   279.2   311.3   336.2   363.3   396.2   445.5   558.7   922.4  2271.5  90926.0    90892
read      258.0    86.8    80.4   135.2   151.1   253.7   290.6   314.1   331.3   349.4   371.2   403.0   469.5   609.7  1351.8  40022.5    39976
read      256.5   112.4    80.4   126.8   141.1   241.6   291.0   321.0   342.9   366.2   394.1   433.2   516.8   717.8  3588.9  60941.0    61084
read      239.9    63.9    86.8   151.4   167.9   236.4   259.9   272.0   281.5   292.9   310.4   339.3   400.5   718.1  1974.8  17056.0    16735
read      257.9   100.1    74.4   131.6   146.7   250.8   291.8   317.4   335.7   355.7   378.9   415.5   493.5   654.3  3620.8  45684.5    45909
read      254.2   116.7    80.4   142.1   159.2   250.3   280.1   295.9   310.7   327.7   347.6   377.1   438.7   659.7  6082.1  28960.0    28976
read      255.8   110.6    74.4   124.9   139.1   234.2   286.6   320.5   344.6   371.8   404.2   454.2   561.1   795.4  1221.5  84795.0    84704
read      260.7   135.6    80.4   127.7   142.2   236.3   287.2   320.0   343.9   370.6   403.9   457.3   589.3  1761.2  2820.2 101711.5   101822
read      249.0   109.1    74.4   122.2   136.0   227.4   278.1   309.1   333.3   361.1   394.5   443.3   549.4   777.2  1928.7  92257.0    92571
read      231.7    68.8    93.8   154.1   169.9   226.6   246.9   258.4   267.0   275.8   292.3   320.2   390.3   904.2  3136.6  11996.0    12106
read      258.1   107.3    74.4   127.4   141.3   243.6   292.6   324.2   345.6   368.4   395.7   434.9   529.0   802.4  1974.3  58288.0    58568
read      257.8    95.6    80.4   130.4   145.0   247.9   292.8   322.1   340.6   361.2   386.3   424.5   503.5   639.0  1205.7  51365.0    51319
read      246.7    71.1    80.4   148.9   165.7   243.5   269.0   283.3   293.6   308.2   327.4   358.1   423.3   586.9  1016.2  21463.0    21556
read      238.4    78.3    93.8   153.8   170.6   233.1   254.5   267.3   275.4   288.3   304.6   335.5   404.0   898.2  3898.8  14327.5    14191
read      258.6   104.3    86.8   142.9   159.6   253.1   283.9   301.6   317.3   335.5   357.6   391.1   471.7  1309.0  2511.9  29252.0    29072
read      241.8    76.8    93.8   153.0   169.4   236.3   259.9   272.4   282.4   293.9   312.9   344.3   420.3   908.8  3077.6  16454.5    16350
read      251.2   114.5    74.4   123.1   137.0   229.1   280.3   312.5   337.4   364.7   397.5   445.9   546.6   819.9  3266.8  86655.0    86891
read      255.2   119.9    74.4   125.4   139.7   231.7   281.5   313.5   337.6   365.1   399.0   453.0   589.6  1110.9  2272.6 104296.5   104441
read      225.7   112.6    93.8   154.6   167.9   218.7   237.3   248.8   256.5   267.5   280.8   303.2   377.0   938.1  7603.5   8885.0     8906
read      258.1    98.5    80.4   133.9   149.3   252.6   291.3   315.7   333.3   352.1   373.6   408.0   476.4   616.9  3828.8  42198.5    42175
read      256.5   109.3    80.4   129.4   143.9   246.4   290.7   317.2   336.7   358.3   384.2   422.9   499.3   666.2  3721.7  51730.0    51797
read      252.6   109.8    74.4   123.1   137.2   232.8   284.3   317.2   341.8   367.3   397.4   440.7   538.0   796.3  2055.6  76549.5    76678
read      244.6    89.8    86.8   149.0   165.9   238.9   264.3   277.1   287.9   299.8   320.3   354.0   428.6   962.8  3091.2  19718.0    19630
read      252.8   179.3    74.4   124.7   138.9   229.3   278.7   310.1   334.1   361.3   394.7   444.4   552.6   914.5 12194.9 100139.0   100132
read      257.4    93.0    74.4   135.4   150.6   252.8   289.7   311.9   328.7   347.3   370.8   403.3   470.5   610.2  2193.5  40574.5    40498
read      255.6   123.8    74.4   125.8   140.4   232.7   281.9   313.3   337.1   364.3   398.5   452.6   581.0  1135.4  2888.9 109048.5   108559
read      252.4    73.9    86.8   147.2   164.7   248.3   275.5   291.2   303.4   319.6   342.4   373.6   451.0   627.2  1026.0  24133.0    23964
read      254.5   105.4    74.4   124.3   138.4   236.0   287.9   319.7   342.6   367.9   398.6   443.8   539.5   737.1  1261.9  70658.0    70760
read      252.0   129.0    80.4   124.2   138.4   229.9   279.6   311.3   335.3   362.4   395.2   445.1   554.5   877.1  4884.4  99657.5    99567
read      256.0   114.9    74.4   126.9   141.1   233.1   283.3   315.1   339.2   366.7   400.5   453.4   578.0  1014.7  2514.3 107707.5   107548
read      257.9   140.0    74.4   128.4   142.4   244.3   290.9   319.7   339.5   361.2   387.2   425.8   509.8  1023.1  4050.5  53844.5    53742
read      254.9   116.2    74.4   125.7   139.8   232.0   282.6   315.1   339.2   366.4   399.9   451.7   581.6   945.3  2121.7 103965.5   103931
read      254.9   101.1    80.4   126.4   140.6   240.8   290.1   320.4   341.8   364.3   391.2   430.3   508.6   672.8  1610.9  60248.0    60359
read      227.1    65.2   101.3   155.4   169.6   222.2   241.0   251.5   259.7   269.6   283.1   308.3   380.6   924.9  2122.3   9752.0     9725
read      258.1   128.5    80.4   128.8   143.4   247.5   293.0   320.4   340.1   360.9   385.3   423.0   506.7   777.2  1934.4  51785.0    52014
read      259.4    98.2    86.8   135.4   151.2   254.5   292.4   315.3   332.7   352.0   373.1   405.6   473.9   610.7  2374.8  40053.5    40053
read      251.4   108.5    80.4   122.9   137.1   229.8   281.4   314.0   338.6   365.1   397.1   444.6   547.6   794.6  1829.3  86229.5    86436
read      247.1    69.8    86.8   145.4   162.3   244.5   271.1   285.9   295.9   311.7   331.5   361.3   425.4   655.0  1170.9  23996.5    23983
read      253.9   125.2    80.4   124.9   139.1   237.5   287.2   317.6   339.5   363.3   392.4   434.3   526.9   722.6  3570.5  66427.0    66595
read      249.0    71.0    86.8   144.0   160.9   245.9   274.2   289.9   301.4   317.6   338.4   369.0   432.5   613.6   985.7  25990.0    26056
read      258.5    97.0    80.4   130.5   145.0   248.2   293.7   322.6   342.4   363.4   388.7   426.8   502.7   638.8  1948.9  51647.5    51764
read      258.1    88.1    74.4   134.7   150.3   254.5   291.7   315.4   332.6   351.1   372.4   404.3   469.4   554.5  1099.8  40159.5    40202
read      251.6   103.5    80.4   122.6   136.5   232.2   283.4   315.9   340.6   366.8   397.5   442.5   539.5   714.3  1052.5  76476.5    76665
read      230.3    85.2    93.8   154.7   168.9   224.7   244.8   256.5   266.2   276.2   291.8   317.7   384.8   913.2  2020.0  11117.0    11133
read      253.5   113.1    80.4   123.7   137.8   232.3   284.2   317.8   342.1   368.8   400.4   446.8   543.1   836.1  2269.2  80136.5    80405
read      257.8   143.6    74.4   124.7   139.0   234.2   286.6   319.7   345.2   371.7   403.0   450.0   570.4  1293.7  5561.4  79007.5    79106
read      251.4   110.6    74.4   124.0   138.4   229.8   279.5   311.3   336.0   363.5   396.7   445.8   546.5   797.2  1969.3  97238.0    97258
read      257.2   108.4    80.4   136.9   153.0   253.5   288.4   309.2   325.4   343.4   365.5   397.3   462.0   614.9  3194.4  36577.0    36307
read      255.1    79.7    86.8   142.7   160.0   251.9   282.5   298.9   314.3   332.0   353.2   382.9   446.6   639.0  1508.7  28544.5    28636
read      259.2    97.4    80.4   134.2   149.5   254.0   292.8   317.0   334.4   353.2   374.3   408.9   485.9   647.1  2420.7  41715.5    41620
read      251.0   104.9    74.4   122.8   136.9   232.0   282.9   315.7   339.6   364.9   395.2   437.3   529.4   745.6  1406.1  75515.5    75736
read      258.6    92.5    80.4   132.5   147.9   252.3   293.0   319.0   336.9   356.3   378.7   413.9   491.0   627.0  1018.1  45103.5    44979
read      256.3    92.1    86.8   140.5   157.0   252.5   284.7   303.2   318.8   336.9   358.2   388.6   453.2   629.8  2849.5  31463.5    31478
read      256.9    94.8    74.4   136.5   152.0   252.1   288.5   310.0   326.2   344.1   367.0   398.5   475.4   620.4  3023.5  37432.5    37586
read      259.8   142.9    74.4   127.5   141.8   235.3   285.7   317.9   341.3   368.7   402.7   456.6   588.3  1557.4  4832.2 108438.5   108330
read      254.3   102.1    74.4   125.5   139.7   239.3   289.3   320.3   342.4   366.0   393.6   431.7   513.3   666.1  1269.5  64420.5    64301
read      233.2    73.7    93.8   156.5   171.7   227.9   248.2   259.7   268.5   278.5   293.3   319.3   382.4   939.2  3132.8  11225.0    11203
read      229.0    92.0   101.3   158.6   172.2   223.0   241.2   251.5   259.4   269.1   282.0   305.1   376.9   988.4  4851.1   7316.5     7291
read      253.1   113.9    74.4   123.8   138.1   230.9   282.6   315.5   340.4   367.5   399.7   448.8   557.5   828.9  2167.6  86975.0    87477
read      251.7   105.1    80.4   123.5   137.7   232.3   283.9   315.8   339.6   365.7   396.4   439.3   532.3   740.3  1674.9  77758.0    77485
read      260.1   140.0    80.4   134.1   149.3   252.5   290.2   313.7   331.3   350.6   373.3   407.2   480.9  1203.1  6136.4  41961.0    42055
read      252.4    73.1    86.8   144.0   161.3   249.5   278.0   294.2   308.0   324.3   345.0   374.5   436.0   567.4  1315.5  26884.0    26865
read      254.8   121.0    80.4   125.6   140.0   232.2   282.6   315.0   339.7   366.6   399.1   448.0   571.4  1001.7  2566.9  94919.5    94592
read      253.4   107.3    80.4   124.9   138.9   236.8   287.7   319.1   341.8   365.2   393.1   433.7   515.7   656.1  2340.3  67013.5    66869
read      243.3    75.3    93.8   150.8   168.3   238.9   262.4   274.3   284.8   295.9   314.8   345.4   415.0   939.0  2666.2  17664.5    17835
read      257.8    99.0    80.4   129.1   143.5   245.9   293.7   322.5   343.7   365.6   391.4   429.4   505.6   638.7  1458.1  55555.5    55977
read      253.6   107.2    74.4   124.1   138.3   232.8   284.6   317.7   342.2   368.6   400.5   447.5   550.4   761.0  1679.7  82720.0    82437
read      239.1    64.3    86.8   153.0   169.8   234.9   257.8   270.2   279.4   291.1   307.7   336.6   400.1   850.5  1993.7  15713.0    15775
read      255.4   133.6    74.4   124.9   138.9   232.2   284.2   316.4   341.2   368.3   400.4   449.2   557.0  1026.6  4732.9  87302.5    87559
read      261.8   115.8    80.4   129.3   144.2   239.9   290.8   323.2   346.8   373.3   406.8   459.9   584.0  1025.9  2444.4 105542.0   105401
read      254.1   126.2    74.4   123.7   138.0   230.7   281.8   314.5   339.5   366.7   399.4   450.7   575.1  1142.9  2028.9  88936.0    88752
read      248.4   108.5    74.4   121.8   135.8   226.4   276.3   308.1   332.8   360.7   393.8   441.9   546.3   823.3  2037.8  94845.5    94531
read      255.8   123.9    74.4   125.1   139.5   231.6   282.2   314.1   339.3   367.6   401.6   454.9   582.3  1224.9  2913.1 100932.0   101303
read      250.2   107.3    74.4   123.0   137.1   228.8   279.9   312.1   337.0   364.0   396.2   443.2   541.2   764.2  1966.7  86616.0    86640
read      251.7   106.7    74.4   123.4   137.4   230.5   282.2   315.2   340.0   367.2   399.4   447.1   544.3   737.7  1363.5  84964.5    84818
read      249.5   122.1    86.8   149.7   166.9   242.6   268.6   282.8   293.2   307.5   326.8   359.6   431.7  1486.7  4695.6  20329.5    20221
read      257.9    93.2    74.4   133.1   148.3   251.2   291.4   316.7   334.8   354.5   377.5   412.8   487.3   611.7  2090.0  43468.5    43599
read      257.7    96.4    74.4   129.0   143.6   247.3   293.1   321.6   341.9   364.0   389.7   426.2   503.1   665.9  1004.8  52814.0    52779
read      251.4   112.2    74.4   123.7   137.8   230.0   280.8   312.7   337.3   364.2   396.6   444.3   544.0   875.5  1946.8  89915.5    89855
read      258.6   105.4    74.4   131.4   146.4   249.8   292.0   319.4   338.3   358.5   382.1   418.0   491.7   725.7  3257.9  48013.0    48532
read      253.3   118.3    74.4   125.7   140.2   231.0   280.4   312.1   335.9   362.7   395.9   445.9   554.6   964.6  4026.1 107548.5   107423
read      258.5    92.2    74.4   132.2   147.3   251.3   293.4   319.8   338.0   357.9   381.3   416.8   495.1   625.5  1088.4  46476.5    46535
read      260.2   103.0    80.4   131.4   146.2   251.5   294.9   321.8   340.8   362.0   387.3   423.6   501.6   691.0  3109.1  47570.5    47535
read      261.5   117.8    80.4   131.4   146.7   251.1   295.5   323.5   342.8   363.8   388.8   424.9   503.7   996.5  2393.9  49521.5    49633
read      256.2   115.7    86.8   141.5   157.8   251.3   283.2   300.5   315.5   333.4   355.0   386.7   453.5   874.3  5970.4  30409.0    30334
read      241.2    74.8    86.8   152.2   169.3   237.5   260.8   272.8   282.6   293.5   311.2   339.5   398.8   914.8  1567.3  17068.5    17207
read      257.5   112.8    74.4   127.9   142.3   235.3   286.0   317.9   341.6   368.7   401.8   453.9   576.9   944.9  1700.7 105558.0   106074
read      258.3   109.7    80.4   130.2   144.9   248.4   292.6   321.1   340.9   362.0   386.5   420.9   494.3   646.1  4038.2  49425.5    48912
read      249.4   113.0    80.4   122.8   136.9   228.1   277.8   308.8   332.8   359.8   392.1   438.1   547.5   877.9  3010.7  96625.0    96483
read      256.8    89.2    74.4   135.0   150.8   253.3   289.9   311.8   328.2   346.2   368.4   399.7   465.9   593.1  2057.6  39362.5    39228
read      252.7   126.2    80.4   124.2   138.5   230.6   280.6   312.7   337.0   364.7   397.9   446.5   548.4   860.3  4212.7  92674.5    92350
read      253.2   119.8    80.4   123.0   137.2   231.5   282.8   315.9   339.9   366.5   398.7   447.2   550.4   846.4  3507.3  84955.0    85084
read      251.9   107.2    80.4   123.4   137.5   230.8   282.6   314.7   339.5   366.5   398.3   447.2   550.9   782.5  1145.8  82116.0    81993
read      244.6   103.6    74.4   121.8   135.4   223.4   272.2   302.3   325.9   352.9   385.6   433.6   538.5   765.7  1627.5 101316.0   101617
read      246.8   107.5    86.8   154.2   172.1   240.7   264.4   276.8   287.4   298.5   319.4   348.8   424.1   951.6  6248.2  16674.5    16730
read      249.8   143.8    74.4   122.1   136.2   230.8   281.0   310.8   333.7   358.3   387.6   431.2   522.4   754.2  7582.9  71133.0    71079
read      253.7   126.3    74.4   125.3   139.6   230.7   279.9   311.2   334.5   361.3   394.9   446.9   572.2  1136.8  4096.1 108985.0   108942
read      255.9   103.0    74.4   127.9   142.0   244.6   291.4   320.3   340.3   362.0   388.3   427.5   506.1   634.4   903.1  55213.0    55406
read      259.6    92.4    74.4   135.0   150.3   255.0   293.1   317.2   334.5   353.4   375.6   410.3   479.2   598.1  1348.6  42335.0    42279
read      251.2    91.9    86.8   148.7   166.1   246.7   272.8   287.9   298.0   314.5   335.3   364.9   428.9   919.8  3892.7  21863.5    21876
read      256.8    88.0    80.4   138.5   154.3   253.8   287.4   307.5   322.9   341.1   363.0   394.0   459.3   594.3  2065.8  34110.0    34140
read      256.4    88.7    80.4   132.9   148.4   251.2   290.3   313.8   331.4   350.7   373.0   405.3   482.3   597.9  1074.5  42961.0    42897
read      243.8    97.7    86.8   150.0   167.8   239.7   264.0   276.3   286.9   297.7   316.7   345.6   407.6   905.6  3072.5  18335.5    18462
read      249.3   106.5    74.4   123.8   138.1   228.2   277.2   308.4   332.6   359.7   392.8   441.3   544.8   795.1  1535.9 100441.0   100375
read      256.5    87.8    80.4   134.6   149.8   251.7   290.0   313.2   330.7   349.6   372.3   403.8   469.1   580.7  1067.4  41079.0    41347
read      253.8   116.4    80.4   125.3   139.7   231.3   281.7   313.6   338.0   365.6   399.0   448.7   562.9   939.2  2158.1 101510.5   101594
read      258.3   103.0    80.4   130.6   145.8   249.9   292.8   319.1   338.0   358.4   382.1   417.4   493.6   742.2  2540.7  47638.5    47486
read      252.3   108.4    80.4   123.4   137.5   233.3   284.8   316.4   341.1   366.4   396.4   438.5   532.1   729.0  2094.3  73236.5    73393
read      255.8   105.0    80.4   129.1   143.6   246.6   291.3   318.1   337.3   358.0   382.1   418.5   496.3   653.1  1272.6  51146.5    51134
read      256.7   111.1    74.4   127.2   141.4   243.7   292.6   323.6   343.7   365.6   391.9   429.5   506.3   631.8  2545.6  58190.0    58201
read      253.2   125.1    74.4   123.8   137.7   234.2   285.8   317.4   341.5   366.6   395.8   436.7   529.9   708.1  6110.9  70975.5    71020
read      254.8   107.8    74.4   124.4   138.3   235.2   287.8   320.3   344.0   369.5   399.9   445.5   541.8   749.6  1260.7  72206.0    72071
read      252.8   122.7    74.4   123.7   137.9   229.4   279.6   311.6   336.6   364.5   397.4   448.0   566.9  1244.0  2634.3  93318.0    93446
read      255.8   127.3    86.8   141.9   158.3   249.8   280.3   296.8   312.2   330.0   352.0   386.4   465.7  1006.2  4535.9  29092.5    28724
read      258.8   121.3    80.4   127.5   141.6   244.1   293.3   323.7   344.6   367.7   394.6   433.8   523.8   844.2  3466.2  59271.5    59269
read      252.4   144.3    74.4   122.7   136.9   231.7   283.0   314.8   338.4   363.9   394.2   437.3   536.9   788.2  7083.6  74597.0    74624
read      258.4    98.1    74.4   128.5   142.7   248.0   293.5   323.0   343.0   364.5   390.3   429.2   514.1   684.2  1309.3  52490.5    52368
read      228.9    69.3    93.8   155.6   169.3   223.9   243.1   254.1   263.2   272.7   287.0   311.8   383.9   920.9  3005.2   9739.5     9687
read      257.1    91.4    80.4   132.3   147.7   251.2   291.1   316.1   334.0   353.5   376.8   410.3   480.7   623.5  1178.1  44101.0    44165
read      223.7    79.8    93.8   154.6   167.0   217.7   235.5   246.9   254.2   264.5   275.2   297.6   376.4  1037.9  3140.4   6916.5     6895
read      258.0   118.8    80.4   128.3   142.3   245.3   292.5   321.3   341.5   363.7   390.0   427.4   509.2   793.1  3865.8  55236.5    55457
read      256.8    98.4    80.4   127.8   141.6   244.2   293.4   323.9   344.0   366.0   392.3   430.6   509.3   669.3  1071.0  60845.0    61164
read      265.1   130.1    74.4   130.2   145.2   241.6   292.6   325.0   348.5   375.4   409.6   461.9   596.4  1518.1  3011.5 108347.5   108384
read      257.9   108.8    86.8   139.7   155.7   254.2   286.9   305.9   320.8   339.0   361.3   393.5   466.3   679.2  3073.5  33313.5    33319
read      256.4   119.4    74.4   125.8   140.0   233.5   284.9   317.4   342.0   369.4   402.5   454.7   577.0   897.3  2926.4  97991.5    97895
read      256.9    93.7    80.4   135.0   150.7   252.1   288.7   310.4   327.0   345.2   367.6   401.0   475.1   740.9  2122.7  39727.5    39720
read      254.9   105.0    74.4   123.9   138.0   237.3   288.6   320.0   342.3   367.0   396.4   440.6   548.2   819.4  1212.7  68634.0    68554
read      251.6   115.9    80.4   122.8   137.0   230.0   281.3   313.4   337.9   365.3   397.0   443.8   549.6   930.7  2479.9  86642.5    86849
read      252.9    91.5    80.4   140.4   156.7   248.8   279.3   295.5   310.2   327.4   347.6   378.8   456.3   939.9  2935.4  30178.5    30264
read      254.5   120.4    74.4   124.9   139.5   232.7   282.8   314.5   338.2   365.1   398.5   449.5   569.9   914.5  2350.2 100726.0   100754
read      251.5   121.4    74.4   123.0   137.2   228.5   277.7   309.2   333.5   361.0   395.5   448.3   587.9   930.2  3135.7  98136.5    98098
read      254.3   109.6    80.4   124.4   138.6   232.7   284.7   318.3   342.2   369.1   400.6   449.6   557.0   803.9  1972.5  85652.0    86028
read      253.0   125.9    80.4   123.3   137.5   229.6   280.7   313.6   339.0   366.2   398.6   448.1   564.9   957.0  3984.0  93076.0    93054
read      257.6    92.2    80.4   133.5   149.1   252.5   291.0   314.6   332.0   350.8   372.8   406.5   482.0   642.8  1927.2  42263.5    42348
read      256.1    95.1    86.8   142.2   158.4   251.6   282.3   299.3   314.6   332.2   353.3   385.7   464.7   943.7  2474.0  29486.5    29490
read      246.5    76.1    80.4   150.7   168.3   241.5   266.3   279.7   290.3   303.6   323.0   356.7   435.8   887.3  2087.9  18432.0    18187
read      247.7   111.5    74.4   121.0   134.9   225.4   274.6   305.3   329.4   356.8   391.3   442.3   575.1   898.9  1886.8  94862.0    95113
read      229.8   169.3    86.8   156.8   170.7   223.5   242.5   253.1   261.8   271.4   285.2   308.7   376.2   914.7 14084.2   8789.0     8570
read      254.2   117.2    74.4   124.5   139.1   240.1   288.7   317.6   338.5   361.4   389.1   431.1   518.4   690.7  3119.1  61806.0    62285
read      258.3   105.3    74.4   128.6   143.2   247.4   293.0   320.4   340.4   362.4   389.2   428.1   515.5   719.3  3081.0  52624.5    52582
read      256.5    92.3    80.4   138.4   154.4   253.0   286.0   305.1   320.1   338.5   361.1   394.6   469.2   667.8  3651.4  34245.5    34260
read      254.3   106.6    74.4   124.6   138.7   241.5   289.1   318.0   339.0   361.9   389.1   430.2   520.6   693.7  1903.5  59418.0    59493
read      255.8   116.3    80.4   125.8   140.3   242.4   290.1   318.7   338.9   361.2   388.0   428.0   516.8   862.7  3648.6  58255.0    58208
read      247.6   111.8    74.4   121.3   135.1   226.0   275.4   306.5   330.7   358.1   391.5   440.1   547.5   804.2  2874.1  93380.5    93458
read      242.4   105.1    93.8   150.1   167.5   237.1   260.6   272.8   282.8   294.2   312.6   342.3   415.0   935.9  4532.2  18083.5    18056
read      248.4   109.1    74.4   122.6   136.5   227.1   276.4   307.8   332.0   358.8   391.6   439.1   547.3   808.7  1759.0  94083.5    94134
read      255.6   104.0    80.4   133.1   148.8   250.7   286.9   308.0   324.3   342.9   365.6   398.3   470.3   692.1  3870.0  38369.0    37808
read      254.5    96.7    80.4   125.8   140.4   244.2   289.2   316.1   336.3   358.5   384.8   424.1   512.2   717.6  1077.3  53411.0    53481
read      251.0    89.3    86.8   143.3   160.8   248.1   275.4   290.9   302.4   317.9   339.4   369.6   443.0   680.2  2907.2  25785.5    25666
read      251.2   122.2    74.4   123.7   138.1   227.9   276.8   306.9   330.4   357.6   391.5   443.6   581.4  1306.7  2492.3 108989.5   108853
read      258.3   111.6    80.4   133.3   149.1   253.0   290.2   312.5   329.4   347.8   371.1   404.5   480.3   919.1  3541.4  41370.0    41576
read      251.9   114.6    74.4   122.0   135.9   233.3   284.8   315.6   338.3   363.3   393.1   436.1   543.5   830.6  4007.7  70297.5    70282
read      256.2    93.5    80.4   130.8   145.9   249.7   290.8   315.2   333.1   352.9   376.4   412.5   493.8   626.5   888.2  45820.5    45769
read      243.2   104.5    74.4   119.5   132.8   221.4   272.1   301.6   325.7   352.5   385.4   432.8   544.8   829.5  1295.3  92128.0    92383
read      240.2    71.7    93.8   158.5   174.4   233.1   254.9   268.0   276.7   289.4   306.6   338.2   429.2   946.6  2479.6  12267.0    12100
read      256.0   138.8    80.4   125.1   139.2   237.3   288.8   319.8   342.1   366.6   396.5   439.9   541.4   759.1  4122.1  67676.0    67747
read      253.3   106.2    74.4   123.7   138.0   235.8   286.3   318.1   340.7   364.7   393.7   435.9   535.2   795.0  1594.2  68794.5    68933
read      256.6   128.5    80.4   125.2   139.0   238.8   289.5   320.9   343.6   367.5   395.9   436.5   531.9   942.5  4094.6  63590.0    63242
read      250.1   128.3    74.4   122.2   136.1   231.5   283.2   314.1   337.3   362.6   392.3   434.3   523.2   680.7  1561.7  73048.5    72993
read      256.6    99.1    80.4   129.2   144.1   246.9   291.0   317.8   337.3   358.6   384.1   422.8   499.4   670.4  2096.0  50924.0    51022
read      257.0   128.5    74.4   124.4   138.5   237.4   289.7   321.9   344.6   368.9   398.4   442.4   548.4  1101.7  4196.2  67351.5    67069
read      253.6    78.0    80.4   143.7   160.9   248.7   277.5   293.8   307.8   325.2   348.2   384.6   469.5   670.2  1104.1  24792.5    24895
read      253.8   103.8    74.4   123.9   138.0   235.7   287.4   318.4   341.2   366.5   397.3   441.7   540.1   694.8  1228.9  68624.5    68588
read      260.4   101.4    80.4   131.1   146.1   247.2   291.9   320.4   341.9   365.9   395.4   441.6   532.6   650.8  1844.9  42936.5    42706
read      265.1   129.3    80.4   130.4   145.4   250.6   296.2   326.7   346.2   369.4   398.6   446.2   555.0  1286.5  4849.8  49398.5    49479
read      255.4   118.1    80.4   124.5   138.9   239.1   289.6   320.3   342.5   366.1   394.5   435.4   527.8   738.4  4402.0  64802.5    64792
read      253.3   105.1    74.4   123.9   137.9   234.4   286.6   319.0   342.7   368.3   397.8   441.6   536.8   743.0  1239.6  73867.5    73879
read      255.9    80.9    80.4   140.3   156.7   252.9   284.9   303.2   318.0   335.7   357.2   389.7   465.0   658.1  1171.9  31877.0    31893
read      253.0   120.0    80.4   123.7   137.8   233.5   285.2   316.7   339.9   365.2   395.3   439.6   539.3   729.7  4167.9  74087.0    74262
read      255.6   103.6    74.4   127.0   141.4   243.5   290.9   320.0   340.6   362.5   388.2   426.5   504.0   667.3  1975.5  57031.5    57246
read      247.2   131.8    74.4   120.7   134.3   225.5   275.1   306.0   330.2   357.0   388.9   435.7   543.2   801.1  5709.0  91602.0    91617
read      259.9   120.4    80.4   128.5   142.9   247.3   292.9   321.9   341.4   363.5   391.3   433.9   539.8   855.6  2375.2  55127.5    55173
read      271.3   149.6    80.4   129.6   145.4   243.7   296.3   330.5   355.1   384.2   422.2   483.0   686.3  1612.4  3547.8 108757.0   108633
read      243.0    92.5    93.8   152.2   169.6   235.5   258.7   272.0   282.5   294.4   314.9   347.9   432.2  1013.1  3607.8  15807.0    15720
read      249.7   111.5    74.4   122.6   136.8   227.6   277.0   308.3   332.4   359.6   393.3   443.3   573.1   900.5  1987.9  99864.0    99961
read      245.2   117.2    80.4   121.0   134.5   223.4   271.8   300.9   325.2   351.9   385.2   434.5   547.3   958.8  3338.3 102947.5   102613
read      254.2   105.9    80.4   125.7   140.4   241.8   289.0   317.5   337.7   359.7   386.6   427.2   512.9   649.0  2026.8  57318.5    57169
read      254.0   115.2    74.4   125.6   139.9   241.6   289.0   317.2   337.8   359.9   386.0   424.6   506.5   654.6  4892.3  56806.0    56950
read      253.6    95.5    80.4   128.1   142.6   245.8   288.5   313.7   331.8   351.2   374.6   411.5   495.6   655.8  1335.0  49987.0    49938
read      225.3    64.9   101.3   157.8   169.3   218.5   236.5   248.0   255.4   266.8   280.8   308.5   403.3   940.5  1734.4   5456.5     5383
read      259.6   123.2    80.4   134.9   150.2   253.5   290.3   312.8   329.4   346.8   370.2   403.3   493.2  1073.3  3410.3  39666.5    39719
read      258.0    93.7    80.4   137.4   153.0   253.9   288.6   309.2   324.9   342.7   366.4   400.5   485.9   673.8  2317.3  36633.0    36653
read      253.7   104.3    74.4   124.1   138.3   236.1   287.6   319.6   342.4   366.6   395.3   437.7   535.5   747.2  1149.9  69383.5    69482
read      258.4   126.7    80.4   131.5   146.6   250.9   292.2   317.7   335.8   355.5   378.4   413.0   493.3   679.7  3186.8  46896.5    46749
read      260.6   129.3    80.4   125.8   140.3   242.1   292.7   325.5   347.4   371.3   400.2   445.7   560.9  1206.0  4181.0  64891.5    65109
read      259.5   109.6    80.4   132.0   147.1   251.3   292.5   318.2   336.6   357.0   381.4   419.3   501.3   755.3  3929.5  46489.0    46501
read      254.4   142.0    80.4   124.6   138.9   229.0   277.6   308.6   332.4   360.1   395.0   450.5   600.9  1820.5  3262.3 109416.5   109480
read      255.9   145.2    74.4   124.3   138.5   236.8   287.9   318.5   340.7   364.8   394.4   437.4   541.5  1023.6  4294.0  69513.5    69433
read      254.4   105.8    80.4   126.1   140.2   241.8   289.2   318.0   338.5   360.7   386.8   425.8   514.0   678.6  3033.1  58315.5    58157
read      254.0   108.7    74.4   123.6   137.8   235.5   287.5   319.7   343.2   368.3   398.5   441.0   533.7   737.6  1670.5  70858.5    70737
read      256.7    88.8    80.4   138.1   154.2   254.0   287.0   306.3   321.0   339.3   361.8   394.7   466.6   674.5  1289.5  34709.5    34617
read      255.1   108.3    80.4   123.6   138.1   234.9   287.1   319.1   343.1   369.2   401.1   450.4   560.4   824.9  1763.3  77556.5    77563
read      248.2   108.8    74.4   121.7   135.5   226.4   276.6   307.9   332.2   359.6   392.5   439.0   548.9   898.8  2012.2  89897.0    90036
read      254.7    89.1    80.4   135.7   151.4   251.3   285.8   305.6   321.3   339.5   362.1   394.7   464.6   641.2  2180.4  36782.5    36689
read      257.6   114.4    80.4   130.8   145.7   249.4   290.3   314.7   332.8   352.6   376.2   414.5   500.5   770.4  3464.4  46630.5    46832
read      255.4   127.1    74.4   126.1   140.4   232.0   281.7   313.3   337.1   364.6   398.8   452.1   590.6  1002.7  3491.0 104981.0   104903
read      241.6   160.8    93.8   153.6   169.8   232.5   254.5   267.2   275.2   288.3   306.0   340.5   426.2  1005.6  7765.5  14295.5    14153
read      257.4   151.8    86.8   149.2   167.2   249.7   276.1   291.4   303.7   320.7   342.6   375.3   476.7  1004.2  7884.9  21868.5    21674
read      228.4    81.9   109.4   160.8   171.7   222.0   240.5   251.6   260.3   270.6   285.5   311.2   389.4   916.5  2177.1   5696.0     5689
read      261.1   102.7    74.4   138.0   153.9   256.0   291.8   314.6   331.2   349.1   371.7   404.9   479.7   704.1  3709.6  37566.5    37781
read      244.7   113.0    93.8   155.0   172.5   237.9   260.4   272.5   282.7   294.7   314.4   346.8   433.5   953.1  6578.1  15472.5    15507
read      257.7   162.9    74.4   124.7   139.0   230.8   281.1   312.2   336.2   364.4   399.6   455.0   602.9  2410.5  4009.5 101480.5   102064
read      257.5   136.4    80.4   124.9   139.0   236.0   287.7   319.4   342.6   367.9   398.8   447.1   565.6  1392.2  4109.8  71484.0    71340
read      252.7   116.1    80.4   123.5   137.9   232.6   283.7   315.5   339.0   364.9   396.4   443.4   544.7   776.5  2998.2  79432.5    79815
read      261.7   108.2    74.4   134.4   149.7   253.5   294.4   320.1   338.8   358.9   382.4   418.4   500.9   787.6  3828.7  44163.5    44352
read      257.7   123.0    74.4   127.1   141.7   234.7   284.8   316.7   340.3   367.5   401.3   455.0   587.9  1006.0  3800.8 109889.0   109562
read      254.3   112.1    74.4   123.0   137.4   232.7   284.0   316.5   340.3   367.4   400.6   451.5   581.2   864.6  2022.6  86108.0    86219
read      260.9   102.4    74.4   132.6   147.6   252.4   295.1   323.2   342.2   362.4   387.0   424.3   500.4   641.0  2839.8  46898.5    47335
read      262.6    99.9    80.4   135.1   150.7   256.3   295.9   322.0   339.4   359.1   383.0   419.0   498.5   669.4  3130.9  42114.0    41962
read      261.8   106.4    80.4   133.5   148.7   254.0   295.4   322.6   341.0   361.2   385.5   423.5   503.2   680.2  1742.2  45784.5    45802
read      240.5   109.1    93.8   156.6   173.1   233.2   254.4   266.9   274.8   287.1   302.3   334.1   411.1  1299.0  3402.2  13424.5    13389
read      248.2   108.0    74.4   122.4   136.4   226.4   275.6   306.7   331.3   358.4   391.3   440.5   551.0   845.8  1878.9  95581.0    95780
read      251.8   111.7    74.4   123.6   137.8   230.3   280.9   312.9   337.1   364.0   396.6   444.6   554.5   850.0  1815.1  87607.5    87844
read      257.3   102.4    74.4   128.3   142.8   246.7   292.6   321.5   341.6   363.0   388.9   427.8   505.9   667.1  2191.5  56018.5    55903
read      257.3   114.1    74.4   126.7   141.0   234.6   285.7   318.1   341.8   369.2   403.2   456.3   579.0   883.7  2190.4 100860.5   100902
read      255.9   114.6    80.4   125.0   139.4   236.3   287.4   320.5   343.9   368.6   399.0   445.5   544.2   784.4  3561.4  71150.5    70988
read      257.3   107.7    74.4   129.1   143.8   246.2   291.6   320.3   340.5   362.2   387.9   425.9   506.1   686.2  2019.5  54025.5    53831
read      254.3    83.8    80.4   144.8   161.9   250.7   280.0   295.8   309.7   325.7   345.8   376.8   439.7   904.0  2305.6  26952.5    26948
read      255.6    85.3    80.4   140.0   156.0   252.3   284.9   303.4   318.5   336.3   358.4   392.2   462.1   576.1  2151.1  32468.5    32347
read      257.7    89.2    80.4   134.7   150.3   253.3   290.9   314.4   331.3   349.1   371.2   403.4   474.0   614.3  2079.2  41101.0    41050
read      256.6   115.6    74.4   127.2   141.2   242.9   290.0   320.4   341.7   363.7   389.6   428.2   519.7   864.7  3876.3  56186.0    56197
read      252.7   112.6    80.4   124.6   138.9   231.4   281.6   312.8   336.9   363.9   396.9   446.9   552.7   830.8  1839.8  94955.0    94617
read      251.8   104.5    74.4   123.4   137.5   233.3   284.4   315.3   339.0   365.1   395.4   438.4   529.3   726.5  1373.4  71871.5    71839
read      249.9   124.3    80.4   122.2   135.9   229.5   280.7   311.3   335.4   362.3   394.3   440.7   539.6   748.8  2573.3  79083.5    79082
read      252.5   124.9    80.4   124.4   138.7   229.4   277.7   307.9   331.4   358.9   393.8   448.5   586.9  1149.0  3393.2 107640.5   107630
read      255.6   108.4    80.4   126.5   140.5   241.2   289.5   319.7   340.4   363.6   391.9   432.6   526.9   692.9  2564.4  60149.5    60164
read      252.1   111.6    74.4   123.0   137.3   229.3   279.6   311.6   336.2   364.1   398.9   452.3   584.8   875.9  1543.0  97780.5    97878
read      256.2   102.4    74.4   126.2   140.3   240.2   290.3   321.2   343.5   367.3   395.5   436.3   539.0   729.7  1468.7  63957.5    63680
read      253.0   110.3    80.4   123.7   137.9   233.2   284.2   315.9   339.4   365.3   396.4   441.2   542.8   885.8  1751.1  74133.5    73888
read      257.4   127.4    80.4   125.3   139.3   239.3   289.6   321.4   343.1   367.0   396.2   438.5   541.0   928.1  4066.1  65457.5    65499
read      251.0   172.2    74.4   122.9   137.0   227.3   276.4   307.5   331.9   359.5   393.3   444.5   558.4   879.9  8244.4  96919.0    96906
read      261.9   122.8    80.4   128.3   143.1   238.6   289.3   322.0   345.8   373.1   408.4   464.2   606.7  1123.0  2132.0 103311.0   103287
read      259.0   115.8    74.4   129.7   144.4   248.9   292.0   319.0   338.6   359.9   385.3   424.5   506.6   954.5  3440.6  49694.0    49664
read      255.8    85.8    80.4   139.6   156.0   252.4   284.8   303.1   317.9   335.9   357.8   389.7   462.2   656.3  2171.9  32562.0    32535
read      259.6   110.4    80.4   132.4   147.6   251.6   292.9   317.8   336.0   356.3   380.8   418.0   504.2   741.5  2301.5  46329.5    46477
read      224.9    69.1   101.3   156.3   168.5   219.0   236.9   248.5   256.2   267.2   280.5   305.2   383.0   935.5  2333.3   7412.0     7459
read      255.0   122.4    74.4   123.1   137.5   234.8   286.8   319.2   342.3   367.7   399.1   446.1   549.8   807.3  4284.7  73647.5    74137
read      256.6    98.9    74.4   128.1   142.3   244.3   291.1   320.3   341.0   363.3   390.4   431.1   514.6   660.5  1265.5  56901.5    57061
read      259.5   152.5    80.4   138.8   154.6   253.5   287.3   306.9   322.2   340.7   363.6   397.6   484.7   767.2  8991.3  34282.5    34213
read      228.9   133.5    93.8   155.4   169.0   220.1   237.9   249.4   257.4   268.4   282.6   308.5   391.9  2056.4  7263.8   7440.0     7432
read      259.5    98.6    74.4   133.5   149.5   253.2   291.2   314.9   332.4   351.6   375.0   415.3   502.5   742.5  2443.5  41433.0    41605
read      256.6    86.7    80.4   139.5   156.2   254.0   285.7   303.9   319.3   337.0   358.3   391.0   463.0   658.5  1447.9  32739.0    32998
read      251.1    98.8    74.4   124.3   138.2   237.1   286.2   316.0   337.5   360.2   386.6   425.5   503.6   641.5  1178.8  61651.0    61636
read      252.0   101.3    74.4   123.8   138.2   237.2   286.6   316.1   338.0   361.5   389.0   429.7   519.2   688.5  1454.7  64565.0    64695
read      240.0    99.6    93.8   155.9   173.5   234.3   255.9   268.0   275.6   287.7   302.4   332.6   400.4   934.3  7015.8  13984.0    14063
read      248.1   112.3    80.4   122.4   136.4   226.6   276.1   306.7   331.3   358.7   391.3   437.3   543.9   794.6  3512.0  91187.0    91302
read      221.9    66.5    80.4   155.8   168.0   216.2   233.3   243.9   251.2   260.9   273.0   294.4   370.4   929.4  1857.8   6005.5     6064
read      258.9    97.4    80.4   135.2   150.5   252.7   291.3   314.7   331.9   350.5   372.7   405.9   482.2   740.3  2455.7  41066.5    41354
read      244.6    63.4    86.8   149.6   166.8   242.4   266.9   279.9   290.2   302.5   320.1   348.0   405.0   548.0  1021.1  19867.0    19863
read      251.5    75.6    86.8   156.1   174.3   246.4   271.0   285.3   295.0   310.2   330.2   361.2   432.3   931.1  2381.6  19382.0    19488
read      245.7    81.5    86.8   162.8   178.6   238.7   261.4   274.1   284.7   295.8   314.8   343.9   424.8   932.3  2155.1  14112.0    14040
read      257.3   189.9    93.8   157.4   175.8   250.1   273.9   288.5   298.4   314.7   335.0   365.8   441.8   923.2 13147.4  19397.0    19538
read      255.5    81.6    86.8   156.5   174.5   250.9   276.2   291.0   302.1   317.4   337.7   368.2   435.7   848.7  2028.7  20268.0    20199
read      250.5   112.9    74.4   124.4   139.1   228.6   276.4   306.8   330.7   358.3   391.9   442.5   561.6   916.1  2617.5 106140.0   106657
read      253.2   112.6    74.4   124.5   138.8   230.9   281.4   313.6   338.4   365.7   398.4   448.7   566.9   864.9  2182.8  92601.0    92457
read      260.3   127.0    74.4   126.8   141.4   236.9   288.7   321.8   345.7   372.8   407.2   460.7   608.4   965.9  3653.5  92519.0    92780
read      263.7   113.6    74.4   127.6   142.2   244.5   297.1   331.7   354.1   378.9   410.2   458.8   580.1   861.6  2210.1  68534.5    68203
read      254.3   111.1    74.4   123.9   138.4   232.8   284.4   317.9   342.4   369.4   401.4   450.3   560.5   806.7  1436.7  81786.0    81753
read      254.9   106.3    80.4   126.9   141.2   241.9   289.9   319.6   340.2   362.4   389.0   427.7   505.1   656.6  1551.4  57734.0    57748
read      249.7    89.6    80.4   149.9   167.4   245.5   271.3   285.7   295.5   310.8   330.6   361.3   427.8   722.9  4154.0  21204.5    21027
read      259.3   110.6    80.4   131.2   146.0   249.3   293.4   321.0   341.2   362.4   387.3   424.4   500.5   665.6  3434.0  49389.0    49680
read      256.0   122.7    80.4   124.3   138.5   233.6   285.2   317.9   342.0   369.1   401.8   451.2   575.8  1068.8  3070.1  82074.0    82042
read      255.4   119.7    74.4   124.3   138.5   231.5   282.1   314.9   339.9   367.9   401.6   454.1   586.3  1313.7  1999.7  93394.5    93691
read      260.4   100.5    80.4   133.1   148.1   253.5   294.7   321.4   339.2   358.8   382.0   417.6   494.2   657.1  3226.0  45129.0    45291
read      255.6    85.1    80.4   142.3   159.2   252.5   283.0   299.6   314.9   332.5   353.9   385.0   449.1   711.9  2183.4  30501.5    30437
read      254.9   136.1    74.4   124.4   138.8   236.2   286.8   319.2   342.3   366.7   396.0   436.2   528.1   775.0  6194.9  67817.0    67422
read      252.8   104.7    74.4   123.8   137.9   235.3   285.7   317.0   340.4   365.7   395.9   437.8   525.3   734.5  1188.4  70010.0    69956
read      255.6    82.5    86.8   137.8   153.2   251.9   286.2   306.4   322.3   340.5   362.8   394.9   465.9   599.2  1380.6  35272.0    35404
read      249.1   112.8    80.4   122.0   135.9   228.4   279.5   310.9   335.5   362.2   394.0   439.2   539.1   740.4  1385.3  80085.0    80225
read      245.4   134.0    74.4   120.7   134.2   221.0   269.0   297.1   321.6   349.3   383.1   433.2   556.0  1644.1  3762.6 105532.0   105585
read      247.4    90.6    86.8   150.2   167.2   243.4   268.1   281.6   291.9   306.1   326.4   357.8   425.3   742.1  4226.4  20247.0    20088
read      234.5    72.8    86.8   156.0   171.6   229.2   249.4   261.4   270.2   281.3   296.0   326.0   395.5   901.8  3550.4  12864.0    12672
read      240.6    66.0    93.8   153.4   169.8   236.4   259.3   271.5   280.8   291.9   308.7   339.7   406.8   902.8  2237.7  15691.5    15696
read      251.9    91.1    80.4   144.5   161.7   248.8   277.1   292.7   305.1   320.0   341.6   371.4   436.5   659.5  2949.6  25973.0    25951
read      256.1   114.7    74.4   126.0   140.0   239.3   290.0   321.9   344.7   368.7   396.9   436.6   525.0   679.2  3559.2  65099.5    65007
read      230.6   111.7    93.8   155.7   170.5   224.9   244.5   255.1   264.4   273.8   288.5   313.5   381.3   896.7  7723.3  10347.5    10189
read      246.8   102.2    74.4   121.0   134.7   227.8   278.0   308.0   332.4   358.4   389.2   433.9   530.0   705.8  1399.1  77673.0    78008
read      233.7    69.7    86.8   155.3   170.6   228.6   248.9   260.6   269.4   280.0   294.5   321.2   393.4   942.4  2241.2  12646.0    12678
read      237.6    67.9    86.8   152.8   169.4   233.4   256.0   268.6   277.0   289.0   304.3   332.7   398.0   888.1  2021.4  16023.0    15922
read      259.0    92.1    80.4   134.6   150.6   253.8   292.0   316.5   334.4   353.6   374.7   410.8   482.5   593.6  1085.1  41876.0    41774
read      258.7   102.3    80.4   136.3   152.1   253.1   289.9   313.0   330.3   348.5   371.3   403.8   479.1   652.2  4032.0  38941.5    38788
read      258.7    81.4    80.4   139.3   155.4   255.8   289.6   310.9   327.2   344.6   366.3   397.6   463.9   576.6  1020.7  34571.5    34559
read      256.1    97.4    80.4   128.1   142.3   244.8   291.5   320.6   341.7   363.7   389.4   425.8   498.0   636.0  1412.9  55191.0    54825
read      257.5    91.4    74.4   134.4   149.8   251.8   290.3   314.1   331.9   351.4   374.0   408.7   481.6   613.2  1908.4  42770.0    42697
read      235.8    73.6    93.8   156.4   172.3   230.8   251.6   263.7   271.9   283.4   297.1   327.6   395.3   914.0  1233.6  12628.5    12669
read      254.4   110.4    74.4   125.0   139.2   235.7   286.7   318.2   341.8   367.1   397.8   441.5   535.4   760.0  1987.0  69864.5    70047
read      259.3   116.1    74.4   127.5   141.5   236.2   287.6   320.4   344.5   372.2   406.5   460.1   587.8  1029.2  2033.1  95854.0    96137
read      254.6   123.3    80.4   124.7   139.0   231.3   282.0   314.3   338.8   366.7   401.2   453.6   574.9   978.1  4135.9  93095.5    92934
read      251.7    87.1    80.4   150.8   168.9   247.5   272.7   287.4   297.1   313.2   333.4   364.1   432.0   893.7  3222.4  20613.5    20597
read      257.4   125.7    74.4   126.3   140.5   239.8   290.1   321.1   343.2   366.8   395.5   436.0   533.6  1021.3  3728.5  66680.0    66597
read      261.7   115.6    74.4   128.8   143.3   245.9   294.9   326.4   347.3   370.9   400.1   443.5   544.4   906.8  2955.4  60107.5    59987
read      260.6   111.3    80.4   128.8   143.1   246.8   295.8   327.5   347.1   369.6   397.0   435.6   528.5   745.3  2785.8  58339.5    58456
read      260.0   110.0    80.4   128.3   142.5   245.1   294.5   326.0   346.9   369.6   397.3   436.6   534.5   803.1  2491.9  59980.0    59958
read      258.4   112.8    74.4   128.3   142.4   236.1   287.2   320.1   344.3   371.5   404.9   455.9   578.3   868.7  1535.2  98639.0    98221
read      262.2   123.5    80.4   129.7   143.9   248.9   296.4   327.2   347.3   369.3   396.7   436.1   530.2   751.9  3419.9  55960.5    55912
read      261.3   113.2    80.4   137.6   153.3   256.2   293.4   316.8   333.5   351.7   373.3   405.6   478.1   628.4  4476.5  38874.5    39018
read      246.2    64.9    93.8   152.2   169.3   242.9   267.3   280.7   290.9   304.0   322.4   351.5   416.2   867.2  1015.6  18696.0    18747
read      257.1   103.3    74.4   127.9   142.1   243.4   292.5   322.4   343.3   366.0   393.2   432.3   511.4   669.7  1319.1  59810.5    60013
read      257.2   111.7    74.4   126.1   140.2   235.1   286.8   320.3   344.8   371.5   404.2   454.6   574.6   871.2  1384.1  85609.5    85584
read      256.3   138.4    80.4   124.1   138.5   233.6   286.0   319.1   343.2   370.3   403.4   452.8   568.3   860.9  7539.1  84764.5    84809
read      255.7   134.2    74.4   123.5   137.9   231.9   283.1   315.9   340.4   367.1   400.0   450.5   579.9  1630.1  3210.8  85810.5    85435
read      251.8   114.5    74.4   123.4   137.7   229.1   279.5   310.6   335.2   363.2   397.3   448.2   573.1   921.0  2603.7  95385.5    94907
read      242.1    62.3    80.4   153.6   170.7   238.8   262.4   274.3   284.4   295.0   313.0   340.8   400.1   862.4  1253.4  16344.0    16437
read      251.1   113.5    74.4   123.4   137.5   231.1   281.7   313.1   337.2   363.5   394.7   439.1   537.1   739.5  3525.3  78145.0    78505
read      257.1   119.6    80.4   125.3   139.5   236.0   288.2   322.1   345.6   371.6   402.9   450.9   559.7   810.6  2885.6  77248.0    77219
read      261.0   128.7    74.4   127.8   142.0   237.9   290.5   325.0   349.1   375.9   410.1   461.4   584.7   884.9  3124.6  86233.5    86414
read      263.1   117.5    80.4   126.3   140.6   241.3   294.7   329.7   353.3   379.8   413.5   464.7   610.7   892.6  1792.3  73401.5    73427
read      263.3   147.3    80.4   127.6   142.0   237.1   288.3   321.3   346.0   373.8   408.7   463.2   618.5  1941.4  3490.5 100293.5   100497
read      258.5   119.3    80.4   127.2   141.5   235.5   286.5   319.5   344.0   371.6   406.2   459.1   587.9   908.4  1664.5  96320.0    96416
read      258.8   134.8    74.4   126.4   140.1   238.2   289.8   323.3   347.2   372.6   403.6   449.4   548.0   808.4  4470.8  71651.5    71637
read      261.4    85.1    86.8   140.9   157.4   256.8   290.5   311.7   327.5   345.0   368.4   402.6   489.9   653.4  1066.3  33374.5    33216
read      259.5   103.5    80.4   128.1   142.5   245.7   294.1   325.6   345.6   368.5   395.9   435.5   531.2   807.7  1399.5  58802.5    58699
read      257.9    96.9    80.4   129.3   143.7   247.1   293.2   322.6   342.0   363.5   389.6   428.6   510.6   667.9  1156.4  53639.5    53809
read      254.9   107.0    74.4   125.1   139.2   236.2   287.7   319.3   343.0   368.5   399.0   444.5   539.9   716.5  1571.1  72650.0    72797
read      258.7   139.7    80.4   127.4   141.8   234.8   284.4   316.4   340.5   367.9   402.2   454.9   581.4  1511.8  4063.6 106981.5   107267
read      260.4   113.8    74.4   129.7   144.1   247.9   294.9   325.3   345.3   367.6   394.0   431.8   516.9   724.5  3594.5  55714.0    55877
read      260.5   117.0    80.4   126.7   141.0   241.4   293.1   327.4   349.7   375.0   404.7   452.0   565.1   806.4  3878.5  70218.5    70507
read      263.2   110.5    80.4   133.7   149.1   254.9   296.4   323.9   342.2   362.8   388.2   426.7   514.0   730.7  2164.0  46581.5    46741
read      259.9    94.4    80.4   138.8   154.7   255.6   290.6   312.1   328.4   346.5   369.4   402.6   472.8   673.0  3450.1  36571.5    36507
read      272.8   225.7    80.4   142.0   159.1   256.8   289.7   311.0   327.7   346.8   372.9   418.7   622.3  2119.0  8895.9  30495.5    30697
read      254.4    85.4    86.8   147.3   164.5   250.7   279.0   294.3   307.9   324.1   344.6   374.0   448.2   639.4  3085.0  25367.5    25261
read      252.6    83.0    86.8   145.5   162.7   248.7   275.3   290.8   302.9   319.8   341.6   373.2   463.4   719.8  1712.6  25194.0    25212
read      262.9   111.5    80.4   140.2   156.8   257.2   290.7   311.6   327.3   344.9   368.5   405.2   507.4   816.3  3315.0  33596.5    33805
read      254.5   116.2    74.4   124.2   138.3   233.9   286.2   319.1   342.9   368.6   400.1   446.3   547.1   763.4  3484.4  76220.0    76345
read      252.5   111.1    74.4   124.6   138.8   230.5   280.5   312.6   337.1   364.4   398.0   447.0   555.5   920.1  1816.1  95001.0    95558
read      255.0    93.6    86.8   143.6   160.8   250.8   280.2   296.3   311.4   328.6   349.1   382.2   455.3   699.2  3181.3  28189.0    28428
read      252.4    85.8    86.8   149.8   167.2   247.4   273.0   288.2   298.6   315.7   338.1   372.6   450.3   761.4  2863.2  21687.0    21673
read      256.8   122.3    74.4   123.7   137.9   231.7   282.8   316.1   341.1   369.1   404.1   461.8   645.2  1134.1  2181.7  88884.5    89018
read      260.8    96.7    80.4   131.5   146.8   253.5   295.1   321.4   339.9   360.8   386.7   425.4   505.9   663.0  1065.5  46423.5    46753
read      259.7    90.8    80.4   140.1   156.5   255.7   289.4   309.9   325.9   343.8   366.5   398.8   471.5   638.9  1995.0  34155.0    34034
read      263.8   124.6    74.4   132.8   147.9   253.5   295.9   322.0   340.9   362.2   388.1   427.6   531.3  1390.1  3511.9  47344.5    47329
read      264.0   127.2    80.4   128.9   143.9   249.8   297.2   327.9   347.9   370.7   399.0   442.2   548.5   976.4  3952.8  56661.5    56893
read      260.4    89.3    80.4   137.4   152.6   255.5   292.0   314.9   331.7   349.9   372.5   409.0   495.9   677.9  1079.7  38815.5    38690
read      252.5   106.1    80.4   123.2   137.4   232.5   284.3   316.9   340.7   366.6   397.2   442.9   545.4   761.0  1304.4  79928.0    79988
read      260.3   122.8    80.4   127.3   141.7   235.3   285.9   318.2   342.4   370.7   406.8   465.3   642.6  1140.0  2027.7 107733.0   107429
read      262.3   181.0    80.4   133.8   149.7   253.5   293.3   318.6   336.3   356.0   380.1   418.3   502.9   800.4  7122.6  43705.0    43713
read      253.6   105.2    74.4   124.5   138.3   234.0   286.3   319.3   342.6   368.3   399.3   443.4   542.8   713.3  1319.3  76513.5    76624
read      257.3   142.9    74.4   124.3   138.6   236.4   287.9   320.8   344.1   369.1   399.1   444.2   555.7  1214.3  3833.4  71597.0    71700
read      258.8    91.2    86.8   136.0   151.1   254.8   292.3   315.4   332.3   350.6   372.2   407.6   483.4   610.2  1015.1  40764.5    40703
read      253.5   116.8    80.4   124.3   138.6   230.7   280.8   313.0   337.4   365.0   399.1   451.9   582.0   919.7  1959.8  95204.0    95489
read      245.6    97.8    80.4   151.2   168.8   241.2   265.7   278.4   288.6   300.0   318.5   349.7   420.6   930.2  1926.0  18671.5    18531
read      259.4   118.4    74.4   126.5   141.0   234.4   285.5   318.4   343.5   371.9   407.4   463.2   651.2  1052.7  1719.1  99200.5    99369
read      255.2    77.9    86.8   142.2   159.0   252.3   282.4   299.1   314.0   331.4   352.9   385.9   458.4   623.5  1445.1  29375.0    29286
read      259.8    90.3    80.4   134.6   150.0   255.3   293.7   318.3   335.6   354.6   376.8   411.2   481.8   618.2  1654.0  42829.5    42988
read      255.8   114.0    80.4   124.6   138.8   237.5   288.4   319.5   342.7   367.9   398.5   443.5   540.9   812.0  2573.6  69242.0    69249
read      228.0    90.3   101.3   158.4   171.9   222.0   239.7   250.0   257.3   267.7   280.5   304.7   373.0   991.2  3714.8   7966.5     7889
read      258.6    96.8    80.4   130.6   145.3   249.3   293.8   322.7   341.4   362.3   387.4   424.4   502.1   639.0  1251.0  51711.0    51783
read      259.8    91.0    80.4   137.8   153.2   255.3   291.8   314.7   331.7   350.4   373.3   407.2   473.6   615.8  1072.1  38680.0    38634
read      250.1   105.6    74.4   123.5   137.5   229.1   280.1   311.6   336.2   363.5   397.0   443.1   535.8   727.3  1917.2  85862.5    86204
read      253.4   110.0    74.4   126.7   141.0   231.6   280.6   311.4   335.4   363.0   396.8   446.7   556.9   867.9  2052.2 109527.5   109534
read      259.6   102.0    80.4   133.3   148.9   252.2   293.1   319.4   337.2   357.0   380.7   416.9   490.7   640.7  3603.6  44894.5    45136
read      257.5   120.3    74.4   127.3   141.2   243.0   292.3   323.5   344.3   367.4   395.4   434.2   516.3   773.6  2203.3  59695.0    59949
read      258.3   113.2    80.4   126.6   141.0   242.5   292.5   323.5   346.2   369.9   398.5   437.0   528.3   901.0  2358.2  61969.5    61681
read      256.4   126.6    80.4   124.9   139.2   236.3   288.7   321.7   346.5   372.0   402.7   446.2   535.5   751.1  4533.8  76120.0    76329
read      258.6    91.9    74.4   132.8   148.2   252.5   292.7   318.4   336.6   356.2   378.6   413.2   486.5   631.6  1480.5  44502.0    44322
read      248.4    79.8    86.8   150.8   168.3   245.0   270.2   283.9   293.5   307.6   326.8   357.6   422.2   703.8  3202.2  20625.5    20698
read      249.8   104.7    74.4   123.2   137.1   228.9   279.9   311.6   336.5   363.2   394.9   441.1   538.8   747.4  1406.0  84637.5    84853
read      252.9   114.0    74.4   123.7   137.8   233.5   284.6   316.6   340.5   366.1   396.5   440.7   531.8   745.5  2021.9  75987.5    75889
read      259.5   132.1    80.4   126.3   140.7   233.9   284.7   317.7   342.3   370.4   405.5   461.4   641.6  1266.5  2859.0  98103.0    98396
read      261.8   134.5    80.4   129.4   144.0   248.2   294.1   323.3   343.9   365.5   392.5   432.2   523.4  1280.0  4494.7  53932.5    53818
read      253.2   100.1    80.4   144.4   161.6   249.6   277.9   293.1   305.6   320.5   342.2   372.6   436.1   887.9  5442.7  26178.0    26200
read      258.5   120.7    74.4   128.1   142.6   246.7   292.8   321.3   342.0   364.1   390.5   429.3   510.8   707.7  5640.4  54741.5    54761
read      236.4    76.0    93.8   155.8   171.1   230.3   251.1   263.4   271.9   283.9   298.9   330.4   399.6   975.2  2669.3  12394.0    12268
read      255.4    91.9    80.4   129.6   144.3   246.7   291.0   317.3   337.2   358.4   382.5   419.3   492.2   605.7   780.7  52053.0    52324
read      257.7   135.5    74.4   126.5   141.0   233.7   283.9   315.7   340.0   368.2   402.8   456.8   585.4  1092.0  5469.9 106692.0   106440
read      230.3   154.8    93.8   158.6   171.7   222.0   240.2   250.8   258.7   268.7   281.9   305.6   380.3  1017.6  7924.9   7106.0     7154
read      250.9   120.7    74.4   122.2   136.1   228.3   278.9   310.6   335.2   362.6   396.1   445.3   565.4   933.0  3288.1  87012.5    87362
read      264.6   147.8    80.4   134.4   150.1   255.7   294.4   319.6   337.8   357.7   381.5   420.2   522.1  1358.4  7645.5  43658.0    43716
read      257.2   113.0    80.4   144.4   161.5   252.0   281.5   297.1   312.6   330.4   352.1   385.9   468.4   878.9  2932.7  26771.0    26737
read      270.8   187.6    86.8   136.8   152.5   257.4   297.0   323.4   341.5   362.0   387.2   426.1   545.5  2102.1  8649.4  41491.5    41596
read      255.3   124.4    74.4   124.0   138.3   232.7   284.0   316.4   341.8   369.4   402.1   451.9   571.4  1021.5  3095.9  85692.0    85490
read      253.8   128.4    74.4   123.6   137.8   233.0   284.8   317.9   342.1   367.5   398.5   443.9   546.9   781.3  1960.7  77523.0    77612
read      257.5   114.3    74.4   125.8   140.0   235.9   288.3   321.9   347.5   373.9   405.8   453.1   552.2   867.1  2535.8  78410.0    78124
read      257.7   106.9    80.4   126.8   140.6   239.5   291.3   324.7   348.2   373.4   403.1   446.6   533.5   674.4  1821.0  69648.5    69632
read      259.1    90.4    80.4   136.1   151.8   254.5   291.6   314.5   331.5   350.1   372.3   405.7   479.7   624.3  2083.4  39282.5    39180
read      242.2    95.4    93.8   154.4   171.6   237.6   260.4   272.1   281.6   292.7   310.0   339.3   400.1   910.6  5665.6  15727.0    15803
read      257.8    87.1    80.4   137.2   153.0   254.2   288.9   309.6   325.8   344.6   367.4   402.2   475.7   613.3  1345.8  36969.5    36987
read      244.6    71.9    86.8   150.4   167.4   241.4   266.2   279.1   289.3   301.3   320.3   350.5   414.2   691.4  3052.1  20040.5    19833
read      257.2   110.9    80.4   131.2   146.2   249.4   291.1   315.7   334.7   355.6   378.6   413.7   484.0   618.9  4380.1  46586.5    46567
read      254.7    99.7    80.4   126.4   140.5   242.8   290.4   319.6   341.1   363.5   389.3   425.7   499.9   639.5  1681.4  57531.0    57368
read      257.2   127.4    80.4   137.9   152.9   253.1   287.4   307.5   323.6   341.1   362.4   393.1   454.2   651.8  7599.0  35837.5    36003
read      254.7   120.4    74.4   124.2   138.3   235.9   287.8   319.3   342.7   367.1   395.7   437.6   532.7   781.2  2927.4  69163.0    68916
read      252.4   113.5    74.4   123.6   137.8   229.9   280.1   312.1   336.7   364.1   398.4   449.9   569.5   939.3  2162.7  93411.0    93229
read      258.0   100.5    80.4   132.4   147.6   251.7   292.1   317.0   335.1   355.0   378.0   413.3   487.8   677.9  1454.5  46531.0    46632
read      253.9   132.2    80.4   124.0   138.3   229.8   279.9   312.4   337.7   365.5   398.8   448.9   566.6  1270.7  3442.2  93786.5    93663
read      253.7   115.2    74.4   125.8   140.4   231.9   281.2   311.7   335.5   362.8   396.5   447.1   562.8   972.1  2440.0 106621.5   106418
read      256.0   103.9    74.4   127.1   141.3   242.6   291.4   320.7   342.3   365.5   392.9   432.1   505.9   642.2  1954.5  60456.5    60496
read      248.5   107.8    74.4   124.2   138.7   227.3   274.7   304.6   328.2   355.4   388.5   436.2   552.5   904.4  1973.9 108779.0   109057
read      243.9   138.2    74.4   121.4   134.9   222.4   271.0   299.6   323.8   352.2   384.8   431.0   527.4   739.1  1742.0  96472.0    96861
read      251.5   113.7    80.4   123.4   137.3   229.8   281.0   312.7   337.3   364.7   397.0   443.9   544.8   978.4  2184.6  86167.5    86255
read      249.7    78.9    86.8   143.4   160.5   247.2   274.9   290.4   301.9   318.1   338.7   369.0   432.1   586.8  2861.8  25908.0    25686
read      243.2   105.4    93.8   150.5   166.8   236.9   260.0   272.3   282.3   294.0   313.5   343.7   430.3  1149.7  4365.0  17482.5    17483
read      254.3   113.9    86.8   141.8   158.5   251.8   281.2   296.3   310.5   326.6   345.9   374.0   442.2   632.4  4620.7  29128.5    29211
read      257.8   111.0    74.4   128.6   142.8   246.1   292.6   321.1   341.1   362.5   388.1   426.0   507.8   822.9  3482.9  55304.5    55328
read      250.3   125.3    74.4   122.5   136.1   229.1   279.3   310.7   334.8   361.7   394.2   442.2   546.1   816.8  3118.4  87377.0    87592
read      247.5    76.3    86.8   146.0   163.1   244.6   270.8   285.4   295.3   310.8   330.5   360.9   424.1   670.4  1947.3  23898.5    23882
read      256.6    96.4    86.8   132.4   147.8   250.7   290.5   314.3   332.1   351.6   373.6   407.3   478.1   648.1  2203.6  44890.0    44790
read      230.7    64.7    93.8   154.8   170.0   226.4   246.1   257.1   266.0   274.9   290.0   315.4   380.0   929.1  2249.6  12167.0    12236
read      257.4    94.5    80.4   134.0   149.2   252.5   291.4   315.0   332.7   352.0   373.6   406.9   470.2   587.7  1949.5  42893.0    42928
read      248.5   124.8    74.4   123.1   137.3   226.0   275.0   305.5   329.2   356.8   390.5   440.7   553.8   908.9  1895.1 104091.0   103959
read      248.6   110.5    74.4   122.6   136.7   226.6   275.6   306.2   330.6   358.0   391.3   440.7   559.6   938.8  1805.5  97282.5    97347
read      255.3   115.4    74.4   125.2   139.3   238.2   289.0   320.4   342.8   366.9   395.8   436.5   529.3   725.4  3210.2  68214.5    68379
read      250.8   111.6    74.4   123.5   137.6   229.2   279.1   310.9   335.9   363.4   396.6   444.8   546.2   827.6  2177.5  92046.0    92596
read      225.4    74.2    93.8   154.4   168.0   221.1   239.2   250.1   257.8   268.1   280.9   303.6   367.9   906.9  1960.6  10051.5    10055
read      255.5    88.6    86.8   142.9   160.1   252.7   283.2   299.0   313.8   330.5   350.5   382.0   449.7   596.6  2388.6  29324.5    29634
read      228.4    55.4   101.3   158.0   171.8   224.4   243.2   253.3   261.7   271.0   284.2   307.1   373.9   907.3  1511.9   9382.5     9324
read      256.7    89.1    80.4   143.7   160.4   253.3   283.8   300.2   314.7   331.6   352.1   384.4   456.4   847.4  3095.3  30011.0    30076
read      255.8   121.3    74.4   126.2   140.5   232.8   282.5   313.8   338.0   365.7   399.5   451.8   580.0  1145.1  2625.4  99841.5   100150
read      252.9    80.4    86.8   144.7   161.9   250.7   278.9   293.9   307.2   323.5   344.2   373.5   433.8   542.1  3024.3  27367.0    27527
read      247.9   110.5    80.4   122.5   136.5   226.2   276.1   306.6   331.3   359.3   392.5   439.8   544.1   747.1  2808.4  94941.0    95171
read      259.3    89.5    80.4   138.4   154.2   255.5   291.6   313.3   329.8   348.1   370.5   402.4   468.6   587.5  2311.0  40517.5    40523
read      236.2    84.1    93.8   161.6   176.1   231.5   251.2   262.5   270.4   280.2   293.3   317.7   386.1   911.6  3193.8  11601.5    11422
read      230.3    85.4    93.8   157.8   171.9   224.9   244.0   254.1   262.7   271.7   285.6   310.4   379.0  1009.0  4115.4   9328.0     9200
read      259.3   126.9    80.4   134.3   149.8   252.2   290.8   314.1   331.3   350.0   373.5   409.2   478.5   958.5  7042.1  42703.5    42816
read      230.5   108.9    93.8   156.0   170.1   224.0   243.1   253.7   262.6   272.2   287.2   314.2   385.7   937.1  5106.6  10592.0    10698
read      248.4    86.0    86.8   148.8   165.6   244.7   270.4   284.7   294.6   309.9   330.4   362.0   427.9   881.6  3086.9  22138.5    22301
read      264.4   163.6    80.4   131.1   146.5   251.4   293.5   319.5   339.1   361.2   387.7   427.4   542.9  1587.8  7893.5  48338.0    48159
read      267.4   167.8    80.4   136.2   151.8   256.0   293.8   318.0   336.6   357.3   382.5   424.6   545.3  1910.8  8138.0  40088.5    39987
read      256.4    83.0    80.4   140.3   156.7   252.9   285.8   304.6   319.8   338.6   360.8   392.5   455.3   592.3  1915.6  33032.0    33067
read      251.9   105.4    80.4   124.8   139.1   237.1   285.8   314.0   335.7   359.0   386.4   426.8   507.5   712.8  2582.4  62574.0    62704
read      255.1   106.8    80.4   128.3   142.7   244.7   289.9   317.0   336.9   358.0   382.3   420.0   493.3   623.3  4117.7  52875.5    52778
read      247.9   103.4    74.4   121.7   135.5   229.4   280.3   310.7   334.3   359.3   389.0   431.8   524.3   713.7  1312.1  75821.0    75981
read      252.4   120.8    74.4   123.1   137.2   231.8   282.7   314.2   338.1   364.1   395.3   439.8   540.7   969.5  4404.1  74518.5    74522
read      233.6    70.4    86.8   151.9   168.1   229.9   251.3   263.4   271.5   282.5   296.0   323.1   384.4   882.0  1393.4  14678.5    14533
read      221.3    67.9   101.3   154.6   166.3   215.5   232.8   243.7   251.7   261.9   273.9   294.9   371.7   956.4  1867.6   5656.0     5566
read      246.3   108.7    74.4   121.2   134.9   227.2   277.6   307.2   330.7   357.1   387.6   431.1   513.8   709.7  1871.3  77620.5    78062
read      249.1   110.4    74.4   122.3   136.2   228.4   278.9   310.0   334.6   361.5   393.5   437.0   534.9   792.7  2287.8  82500.0    82399
read      251.3   147.6    74.4   122.9   137.1   226.3   274.4   304.4   328.5   355.7   389.6   441.3   571.0  2027.2  4561.9 108946.5   108638
read      247.7   106.3    74.4   122.5   136.2   227.3   276.2   307.1   331.7   359.3   391.4   436.9   536.1   738.3  1721.3  93684.0    93541
read      255.1    93.9    74.4   130.7   145.5   248.8   288.9   312.6   331.2   351.8   375.5   411.5   487.8   611.0  2004.2  47158.5    47145
read      255.2   128.1    74.4   125.8   140.2   230.4   279.2   310.5   334.6   362.1   396.8   452.0   615.5  1467.9  2556.4 109925.0   109796
read      249.8    80.9    86.8   143.2   160.5   247.6   274.9   290.2   301.6   317.9   338.4   367.3   429.8   606.8  2347.7  26595.0    26597
read      228.1    95.0    93.8   157.9   170.3   221.3   240.1   251.5   260.1   270.4   285.1   311.0   382.7   938.5  4593.3   7214.0     7034
read      250.1   103.4    74.4   123.0   137.0   232.1   282.6   313.8   336.9   362.3   392.7   435.1   524.9   669.2  1518.6  72312.5    72616
read      232.2    85.5    93.8   152.9   168.8   228.1   248.3   259.5   267.7   276.4   291.1   316.7   381.0   931.6  3304.1  13610.0    13584
read      243.9    79.7    86.8   149.4   166.9   241.4   265.2   277.2   287.7   298.7   317.1   344.8   400.4   816.2  2788.7  19602.0    19750
read      258.4   132.2    74.4   128.3   143.0   235.4   284.2   315.1   338.8   366.3   400.5   454.5   580.7  1173.9  4972.5 109121.5   109139
read      238.4    98.8    86.8   152.2   168.9   233.2   254.7   267.3   275.2   287.5   302.2   332.2   401.1   940.2  2562.7  15164.0    15150
read      247.4    99.7    74.4   122.2   135.9   229.7   280.4   310.3   334.0   359.2   388.0   429.5   509.3   658.6  1053.9  74270.0    74389
read      249.8   119.8    74.4   122.2   136.2   228.6   278.6   309.5   333.7   360.7   393.3   441.5   549.0   834.0  2251.0  87091.0    87266
read      255.9   123.6    80.4   127.4   141.3   233.8   282.9   312.9   336.8   364.3   398.3   451.4   574.2  1124.4  1995.8 108156.0   108170
read      254.6   137.1    74.4   125.3   139.6   230.4   279.6   310.4   334.6   361.9   395.7   447.2   584.1  1557.3  3971.7 103214.0   103631
read      254.7   102.9    74.4   130.6   145.7   248.7   288.1   311.0   328.9   349.5   372.1   404.2   477.0   656.8  2343.1  44636.5    44587
read      251.7   107.2    74.4   123.2   137.7   235.1   285.8   316.1   338.7   362.3   390.1   431.1   512.8   713.3  2482.2  66600.5    66411
read      245.3   110.1    74.4   120.4   133.9   224.5   273.6   302.8   327.5   355.4   387.9   434.4   536.4   859.3  2040.2  89273.5    89167
read      255.9    93.7    80.4   136.9   152.9   252.2   286.1   305.7   321.6   340.8   363.4   396.0   468.4   610.0  2105.2  35803.0    35723
read      249.4   112.7    74.4   122.6   136.5   228.4   279.0   310.3   334.8   361.5   393.6   439.1   538.8   764.3  2012.4  85664.5    85827
read      244.9   101.4    74.4   120.3   133.9   225.7   276.0   305.1   329.1   355.6   386.3   430.2   526.0   714.6  1302.1  79098.0    78806
read      242.5   107.0    74.4   119.7   133.0   222.4   271.6   299.6   323.9   350.5   383.7   430.2   526.7   728.6  1010.1  89676.5    89641
read      237.0   103.7    93.8   153.5   169.9   232.5   253.6   266.3   274.5   286.1   299.0   326.6   391.6   868.8  7073.1  14148.5    14186
read      255.7   104.9    80.4   128.5   143.0   245.8   290.2   316.6   336.7   358.1   382.4   419.8   499.8   689.2  2522.2  51882.5    52308
read      253.2    99.7    74.4   126.9   141.2   242.5   288.4   315.2   335.9   358.0   383.2   421.1   495.2   621.1  1549.5  56872.0    56743
read      255.8    83.5    80.4   135.8   151.7   252.7   287.9   308.3   323.8   342.3   364.4   396.6   465.1   591.9  1141.8  38241.5    38302
read      250.1   122.8    74.4   122.4   136.3   232.6   282.5   312.6   335.7   360.3   388.9   431.2   512.6   683.1  4635.3  71327.5    71662
read      255.2    87.0    74.4   136.5   152.5   252.7   286.4   306.0   321.6   340.1   361.8   392.8   458.4   587.7  2340.2  36008.5    36015
read      252.2   106.6    74.4   124.0   138.3   236.2   285.6   314.8   337.9   362.8   391.4   431.6   519.9   674.6  3151.8  65034.5    65048
read      252.9   126.5    80.4   122.7   136.8   233.2   284.3   314.6   338.2   363.7   394.7   441.0   542.4   924.8  3575.0  72927.5    72989
read      252.4   116.1    74.4   122.2   136.2   232.2   283.9   315.1   339.1   365.1   395.7   441.2   538.2  1064.0  2596.2  76303.5    76390
read      244.9    74.1    86.8   143.6   161.1   242.8   268.8   282.7   292.6   306.8   326.6   356.5   417.7   544.7  2213.6  24215.0    24409
read      250.4   108.3    74.4   124.0   138.0   229.6   280.0   311.0   335.5   362.3   394.3   439.6   542.6   843.7  1328.4  85630.5    85530
read      218.8    52.7    93.8   152.9   165.1   214.9   232.5   243.0   250.6   259.9   271.5   293.4   360.5   888.8  1220.8   8297.5     8346
read      251.3   110.3    74.4   123.8   138.1   234.9   284.6   315.0   337.7   361.6   389.6   430.0   516.5   691.8  1358.6  69427.0    69627
read      255.2   105.9    74.4   125.3   139.4   236.9   288.0   319.6   342.5   368.4   398.1   440.1   536.2   854.6  1732.8  70695.0    70266
read      253.5   107.7    80.4   125.3   139.4   232.7   283.3   315.2   339.6   366.5   398.8   447.1   547.2   801.6  1476.4  89672.0    89525
read      255.4   145.5    74.4   124.0   138.1   234.8   285.7   317.7   340.8   365.2   394.9   437.9   541.6  1524.2  4391.2  70935.0    70975
read      256.2    91.9    80.4   131.0   146.1   249.9   290.1   314.6   333.4   354.0   377.7   414.1   490.0   635.2  1211.2  46408.0    46633
read      236.7    87.2    93.8   150.5   166.3   232.7   254.6   267.0   274.8   287.1   302.0   332.1   399.4   795.7  4501.1  17050.5    16963
read      265.0   123.4    80.4   130.9   146.2   242.5   292.7   325.3   348.2   374.7   408.9   461.5   590.9  1479.5  2466.5 110091.5   109556
read      250.5   109.9    74.4   123.8   137.9   229.6   279.8   310.8   335.4   362.9   395.8   443.2   536.7   749.9  1968.3  90887.0    91124
read      259.3   142.9    74.4   130.3   145.1   248.9   293.4   320.7   340.1   361.0   385.5   422.3   501.6   688.6  6303.6  51523.0    51505
read      252.9   109.6    74.4   125.0   139.2   231.8   281.5   313.4   337.7   364.9   398.4   447.3   552.7   833.2  1765.2  93640.5    93804
read      256.2   110.8    80.4   127.6   141.8   243.9   290.5   318.7   338.9   361.0   387.6   427.4   514.9   741.7  3060.7  58642.0    58474
read      254.1    88.6    80.4   132.9   148.0   249.4   287.6   309.2   325.9   345.6   368.7   402.1   469.7   619.8  1473.6  43779.0    43487
read      253.3   100.4    74.4   125.2   139.4   240.0   288.6   319.1   340.7   363.5   390.1   427.6   506.4   645.5  1207.9  61941.0    61792
read      255.6   100.7    80.4   127.2   141.0   242.4   290.5   320.9   342.3   365.1   392.2   431.2   507.1   664.5  1248.4  59789.5    59548
read      256.2    89.0    80.4   134.2   149.4   252.1   289.6   312.4   329.5   347.4   369.5   401.5   470.9   604.1  1676.8  43056.0    43635
read      249.9    80.7    80.4   142.3   158.7   247.9   276.2   291.7   303.8   319.4   340.0   369.9   429.2   547.9  1960.7  27566.5    27536
read      255.9    89.4    74.4   133.5   148.5   251.8   290.1   312.8   329.6   347.7   369.5   401.7   470.0   620.5  1258.9  42769.0    42828
read      259.5   119.9    68.9   129.3   143.9   237.3   286.5   317.3   340.9   368.1   402.3   455.3   578.9  1047.9  3239.2 109319.5   109424
read      251.9   105.7    80.4   124.4   138.5   232.3   283.6   314.7   338.9   365.4   396.5   440.6   532.0   735.5  1204.2  78341.5    78273
read      257.9   120.4    80.4   127.7   141.5   243.4   291.7   321.0   342.9   365.9   393.4   432.6   510.0  1203.9  2754.9  60109.5    60279
read      256.3   103.1    86.8   138.6   154.2   252.7   286.4   305.9   321.1   339.4   360.9   391.6   456.0   811.3  3215.5  35348.5    35178
read      253.6   104.4    74.4   124.6   138.9   236.8   287.5   318.5   341.1   365.7   394.8   435.9   524.3   754.8  1415.5  67087.0    67279
read      252.6   106.8    74.4   124.1   138.4   233.0   283.7   315.6   339.9   366.1   397.4   443.3   537.4   765.0  2132.5  80644.0    80752
read      257.3   103.0    80.4   138.2   153.9   252.8   286.4   306.5   322.6   341.0   363.3   396.1   469.6   704.9  4264.9  35330.5    35012
read      230.7   146.8   101.3   157.7   170.1   222.3   240.9   251.6   259.8   269.7   283.4   307.8   387.3  1452.9  7374.5   7897.0     7936
read      228.7    80.1   101.3   156.4   170.2   222.9   241.8   252.5   261.2   270.9   284.9   308.9   381.4   943.1  3175.3   8561.0     8578
read      259.5   139.7    74.4   125.5   139.8   234.1   285.5   318.8   344.4   372.3   406.7   458.6   614.5  1544.5  4025.9  89547.0    89696
read      224.3    83.9   101.3   155.9   167.5   216.4   234.6   246.3   254.1   265.3   278.4   305.3   393.3  1009.2  3202.1   5628.5     5569
read      251.2    73.5    80.4   143.8   160.8   248.6   277.2   292.9   306.0   322.1   342.6   371.8   432.6   562.6  1410.3  26750.0    26905
read      260.0    91.6    80.4   135.4   150.5   254.7   293.4   317.7   335.4   354.8   376.8   412.2   490.4   628.8  1470.9  42367.5    42389
read      255.6   121.6    74.4   125.0   139.4   233.9   285.7   317.9   342.2   369.1   401.3   450.7   558.5   878.3  2352.4  84648.5    84689
read      258.0   111.4    80.4   128.1   142.6   244.9   292.3   321.4   342.8   366.2   393.4   431.5   514.3   703.4  4139.3  58960.5    59305
read      255.2    93.9    80.4   132.2   147.3   249.0   288.9   312.4   330.1   349.4   371.9   405.9   480.3   628.4  2298.1  44412.5    44512
read      251.7   102.8    74.4   123.4   137.5   233.6   284.8   315.2   338.7   364.1   394.6   437.7   529.2   727.1  1092.4  72461.0    72395
read      254.8   126.6    74.4   124.1   138.5   234.0   285.2   316.7   340.7   366.6   397.3   441.6   544.1  1079.1  4075.5  74278.0    74619
read      254.6   107.7    80.4   125.7   139.5   237.9   288.6   319.3   342.5   366.7   395.7   436.7   521.3   685.1  3177.8  67271.0    67302
read      255.4    98.6    80.4   127.8   142.0   243.2   290.4   319.2   340.0   362.8   390.1   428.8   506.2   661.0  1231.4  57739.5    57822
read      221.1    55.4    93.8   153.2   165.9   216.2   234.3   245.8   253.5   263.9   275.1   296.2   362.1   923.1  1224.3   8114.0     8117
read      271.9   178.4    74.4   130.7   145.8   243.5   294.2   328.1   352.4   380.2   417.5   474.3   689.7  2157.9  7648.0 105367.5   106178
read      260.3   196.9    86.8   146.9   164.2   250.2   277.4   292.9   306.1   322.6   345.9   382.9   506.8  1534.5  9134.2  25219.5    25089
read      253.8   113.2    80.4   124.5   138.6   235.8   286.2   316.2   339.3   364.3   394.3   435.7   530.8  1115.5  2641.2  68785.5    68848
read      254.7   112.0    74.4   126.0   140.4   232.8   281.9   313.1   337.3   365.1   399.3   450.5   563.2  1025.8  1774.0  99035.5    98941
read      255.8   129.0    80.4   125.1   139.1   233.8   285.0   316.4   340.8   367.8   400.1   447.2   547.6  1281.0  3706.1  78433.0    78157
read      259.8   144.5    74.4   128.0   142.5   235.1   284.4   315.7   339.7   367.2   401.7   456.8   597.5  1441.0  4034.7 109894.0   109857
read      256.1   119.9    80.4   127.9   142.2   234.4   283.6   313.8   336.9   364.0   398.2   450.0   561.1  1065.8  1873.2 108689.0   108875
read      250.9   160.6    80.4   122.4   136.5   229.6   279.6   310.4   334.6   362.0   394.7   443.3   542.4   809.2  4804.4  86361.5    86646
read      253.0   106.9    80.4   125.0   138.9   232.5   284.4   316.6   341.1   367.8   398.9   443.1   534.8   731.7  1760.8  83432.5    83239
read      257.5   106.3    80.4   130.2   144.5   248.5   291.9   318.8   338.6   359.9   384.7   421.5   498.5   649.3  2033.1  50986.5    51061
read      252.8   105.7    74.4   125.5   139.4   231.9   282.0   313.4   338.6   366.3   398.3   446.1   546.3   835.1  1283.1  90176.0    89906
read      253.9    99.8    74.4   127.1   140.9   243.3   289.7   317.4   338.1   360.2   385.8   422.9   496.2   611.2  1349.7  56779.0    56601
read      253.1   128.4    74.4   123.5   137.8   234.0   284.8   315.2   338.3   363.4   393.2   433.9   527.6  1162.0  4129.9  71052.5    71203
read      252.0   111.9    80.4   125.0   139.1   230.5   280.2   311.4   335.5   363.0   396.5   445.6   546.9   854.0  2346.2  95867.0    95942
read      254.1   106.2    74.4   125.3   139.3   235.7   286.7   318.0   342.1   367.4   396.9   440.0   533.6   730.7  1728.9  71694.0    71622
read      252.9   125.2    74.4   124.7   138.9   230.9   280.6   311.9   336.3   364.2   398.0   447.5   563.0   849.9  3831.7  96931.0    97182
read      253.2   162.1    80.4   142.0   158.8   247.7   276.2   292.0   304.6   320.5   341.9   372.1   435.8   888.4  7888.5  27863.0    27718
read      255.3    97.2    80.4   131.4   146.5   249.7   289.4   312.8   330.6   350.0   372.0   406.5   477.7   611.8  1181.0  46273.0    46519
read      247.9   105.1    74.4   121.8   135.5   227.7   278.3   308.4   332.6   360.1   392.8   438.7   534.0   739.1  1489.9  83236.5    83197
read      252.1   108.0    74.4   123.2   137.3   231.4   283.0   314.2   338.5   365.1   397.9   446.6   547.5   843.9  1561.2  79307.5    79080
read      261.9   137.4    80.4   127.4   141.3   240.6   292.3   326.7   350.9   375.9   406.7   453.4   556.8  1427.7  3432.8  69566.0    69401
read      262.7    99.5    80.4   134.4   149.8   253.7   295.3   324.5   343.3   363.6   388.3   426.1   508.9   834.4  1453.7  45673.0    45684
read      249.1    70.4    86.8   154.3   172.8   244.9   269.0   282.7   292.9   307.0   326.4   357.7   427.9   674.5  1170.2  18109.0    18120
read      257.1   182.8    86.8   150.7   169.0   248.3   273.3   288.1   298.0   315.2   336.6   368.6   459.1  1589.8  9039.7  21132.5    21245
read      258.0    85.7    80.4   137.5   153.0   254.6   290.0   311.1   327.6   346.4   369.4   402.0   468.3   579.0  1198.0  38993.5    39039
read      252.0    98.5    74.4   125.1   139.3   236.4   285.6   314.4   337.1   362.3   391.7   432.8   510.7   624.7  1145.4  67340.0    67458
read      258.1    89.7    80.4   135.1   150.7   253.8   291.4   313.1   329.8   348.9   371.5   405.2   474.7   623.2  1712.9  42871.5    42773
read      249.0    79.8    86.8   151.4   168.9   246.0   270.2   283.7   293.2   307.3   327.0   357.3   422.8   630.1  3393.7  20632.0    20690
read      254.9   103.7    80.4   126.4   140.6   240.5   288.3   317.4   339.8   363.9   392.2   432.4   520.4   687.9  1919.5  63329.5    63440
read      256.4    87.2    80.4   135.0   150.5   253.4   289.4   310.4   326.8   345.7   368.1   400.4   468.0   585.7  1644.4  41813.0    41615
read      247.5   105.3    74.4   123.4   137.4   227.3   276.2   305.5   329.8   357.5   390.2   437.3   529.5   680.7  2511.1  97190.5    97229
read      246.1   103.3    80.4   122.4   136.3   227.3   275.9   304.1   327.8   354.6   386.7   433.4   520.6   659.7  1761.0  86298.5    86249
read      243.8    73.4    86.8   149.4   166.6   241.4   265.3   277.6   287.8   298.4   317.2   345.8   411.9   592.9  2017.2  20651.5    20807
read      249.9    85.9    86.8   144.9   162.1   246.4   272.7   287.7   297.5   313.8   334.7   366.4   441.1   915.9  2762.4  26051.0    26130
read      259.4   147.6    86.8   143.0   160.9   253.9   283.3   298.6   313.6   330.9   352.2   384.8   460.6  1227.4  5905.8  30385.5    30510
read      256.2    94.4    74.4   132.7   148.5   251.6   289.4   311.7   328.8   346.9   369.3   403.2   471.9   639.8  2528.7  43778.0    43868
read      253.3    96.7    80.4   128.5   143.2   244.8   288.1   312.7   332.1   353.4   376.3   414.6   490.5   621.2  1986.1  55085.5    55324
read      243.7    87.0    86.8   147.7   165.4   240.7   264.8   277.2   287.6   298.6   318.1   346.5   404.4   676.7  4042.2  20488.0    20437
read      231.4    79.3   101.3   157.4   173.3   226.3   244.9   254.8   263.6   272.6   286.3   309.5   392.8   942.6  3120.8   9652.5     9548
read      234.6    68.7    93.8   157.4   174.2   230.9   250.5   261.7   269.6   279.1   293.2   318.1   378.9   902.3  1929.9  12088.5    12101
read      251.6   127.0    74.4   123.6   137.8   233.8   283.5   312.5   335.1   359.5   388.1   429.6   512.4  1078.6  4449.1  71902.0    72073
read      250.1    77.0    86.8   150.7   168.6   247.6   272.0   286.0   295.3   309.9   329.1   360.3   424.7   647.4  1428.5  21189.5    21310
read      249.4   107.5    80.4   123.9   137.8   229.2   279.3   309.4   333.5   360.7   393.3   439.2   531.4   692.8  2031.8  90500.0    90755
read      259.7   149.1    80.4   130.9   145.9   250.1   291.9   316.7   335.9   357.3   382.1   419.2   498.8  1153.8  8007.7  51090.0    51252
read      257.4    97.4    74.4   129.8   144.8   249.2   292.6   318.9   338.7   360.0   385.0   422.8   495.2   593.1  2059.1  52951.5    53070
read      255.4    95.8    74.4   130.7   146.1   248.6   289.4   312.9   330.9   350.7   373.1   410.5   484.4   626.9  2408.9  48255.0    48181
read      245.6   126.8    74.4   122.0   136.0   225.1   273.0   300.6   324.3   351.7   384.0   431.8   527.1   710.3  5317.2  96848.5    97336
read      247.6   105.7    74.4   123.2   137.4   228.1   276.4   305.5   329.5   357.0   390.4   437.4   527.8   674.8  2130.0  92140.0    91976
read      247.3   102.7    74.4   123.3   137.1   227.0   276.0   305.6   329.6   357.3   391.0   438.7   531.8   685.1  1252.6  94883.0    94742
read      253.0   100.0    74.4   124.7   139.0   238.1   288.4   317.7   339.7   363.7   392.2   431.8   505.7   626.9  1588.7  65886.0    66079
read      251.6   103.4    80.4   123.2   137.5   232.5   283.4   314.0   337.6   364.1   396.0   443.1   537.5   711.3  1451.9  79446.0    79328
read      259.9   112.6    80.4   133.0   149.2   254.1   292.8   317.3   335.1   354.6   377.5   415.8   493.0   640.9  1467.7  45307.0    45235
read      259.1    84.2    86.8   140.2   156.8   256.0   289.1   308.6   323.4   341.4   363.5   396.1   469.3   697.3  1556.8  35046.5    35310
read      248.6   106.0    74.4   122.1   136.2   230.7   280.4   309.8   333.0   359.4   391.0   434.0   520.2   658.9  1562.7  76782.5    76589
read      251.2   108.4    74.4   125.7   140.0   231.0   279.5   309.5   332.7   359.0   392.6   442.8   544.0   733.5  2190.1 107073.5   107175
read      249.1   100.7    68.9   122.9   137.3   231.3   280.8   310.5   334.1   360.1   390.6   434.9   517.1   635.9  1519.8  78105.0    78127
read      239.3    71.5    93.8   158.0   175.7   235.1   255.0   266.9   274.4   285.8   298.4   328.3   399.1   912.7  1654.6  13544.0    13331
read      256.4   126.9    74.4   127.4   142.0   243.5   290.0   317.7   338.8   361.7   388.4   426.1   504.4   766.3  3018.3  59466.0    59382
read      248.5   121.4    74.4   123.1   137.2   228.3   277.1   307.2   331.6   358.8   392.0   439.1   532.1   683.2  1926.4  87317.0    87477
read      245.5   103.2    74.4   122.2   135.9   225.2   275.0   304.0   328.1   355.7   387.8   434.3   525.5   682.8  1373.8  91811.5    92020
read      248.7   106.3    74.4   125.4   139.7   229.2   276.0   305.2   328.1   355.0   388.0   435.2   533.3   704.3  2950.4 109780.0   109297
read      261.6    85.5    80.4   140.1   156.1   257.8   293.4   315.2   331.8   350.4   372.5   404.5   471.1   599.7  1271.4  41920.0    42293
read      260.6   103.5    80.4   134.2   149.7   251.2   293.7   319.6   339.8   361.2   386.7   425.3   502.2   632.7  2693.6  53210.5    52962
read      256.2    82.2    93.8   155.5   173.8   253.0   278.1   292.3   303.5   318.1   338.5   368.5   433.4   636.7  2255.8  23628.5    23492
read      241.9    59.2    93.8   163.5   179.1   237.7   259.0   269.8   277.4   288.7   302.7   331.1   392.6   905.3  1142.0  12641.0    12594
read      255.8   110.1    80.4   127.5   141.8   238.5   287.9   318.2   340.7   365.4   394.9   436.1   524.1   707.1  2435.1  69061.5    69120
read      258.4   107.2    80.4   130.8   145.8   247.5   291.6   318.0   339.0   361.2   387.7   427.3   505.3   643.7  2551.3  56911.0    57144
read      259.7   102.0    74.4   130.8   145.8   248.0   293.2   321.5   342.8   365.4   393.2   432.3   508.8   635.4  3043.9  57519.0    57232
read      253.0   103.7    74.4   125.1   139.8   236.9   286.0   315.5   337.9   362.8   393.0   435.2   524.1   662.0  1742.5  71433.5    71593
read      257.5   134.0    80.4   135.1   151.1   253.2   288.9   309.6   325.6   344.4   367.0   399.5   469.6   625.3  4199.2  41084.0    40799
read      254.7    81.3    86.8   143.6   160.7   253.3   282.0   297.1   311.6   328.0   347.7   377.4   443.5   575.7  1758.8  29550.0    29614
read      248.1   103.9    74.4   124.8   139.0   228.2   275.7   304.6   327.3   354.3   388.3   438.2   535.3   686.9  1993.1 106448.5   106611
read      256.2   117.9    74.4   129.9   145.0   248.3   288.9   313.1   331.6   351.6   374.0   410.9   488.2   676.3  4076.6  49846.0    50009
read      255.7   107.8    80.4   131.3   146.8   249.9   289.7   312.8   330.4   350.1   372.0   404.4   474.4   597.0  5177.6  47633.5    47727
read      237.9    58.9    93.8   153.7   171.3   235.4   256.6   268.3   275.8   287.6   301.4   327.6   384.4   864.7  1556.2  15137.0    15204
read      254.9   100.0    74.4   130.4   145.4   247.4   288.8   312.7   331.1   351.5   374.3   411.1   486.7   601.2  3105.2  50604.5    50703
read      252.3   113.2    74.4   125.8   140.2   239.7   286.0   313.1   334.4   357.3   383.0   422.0   499.3   635.9  3998.0  61099.0    60979
read      256.9   110.5    74.4   137.8   153.6   253.2   287.4   307.2   323.0   340.8   362.1   393.1   462.1   605.4  4842.5  37541.5    37662
read      240.4    64.8    86.8   151.6   169.7   237.5   260.0   271.6   280.7   291.8   308.8   337.8   396.9   534.7  2083.5  17132.0    16932
read      247.0   110.6    74.4   122.8   136.8   226.1   273.9   303.0   327.7   355.6   388.4   436.3   535.8   770.8  3103.1 100430.0   100183
read      251.1   132.7    74.4   123.4   137.8   233.5   283.0   311.7   335.2   360.3   388.5   428.8   508.3   686.6  3446.1  69312.0    69175
read      252.8    75.4    86.8   144.5   162.0   251.2   279.2   294.2   307.6   323.7   343.4   371.7   432.2   538.8  1437.9  27668.0    27515
read      250.1   115.0    74.4   126.0   140.1   229.5   276.8   306.2   329.4   356.2   390.1   438.9   535.6   745.6  2851.4 105936.5   106411
read      252.6    88.3    74.4   129.9   144.7   246.6   287.5   310.5   328.5   348.6   370.9   403.6   470.6   586.3  1085.5  49569.0    49629
read      248.7    96.3    80.4   124.1   138.4   235.3   283.4   309.5   330.9   355.2   381.6   420.8   498.8   625.2  1217.9  63451.0    63537
read      247.4   104.0    74.4   122.1   136.1   227.7   276.9   306.9   331.3   358.7   391.5   437.5   530.2   675.2  1242.3  88022.0    88081
read      255.4    98.5    80.4   128.5   142.9   245.7   290.9   317.5   337.7   359.4   384.8   422.2   495.1   597.0  1126.6  55539.0    55527
read      252.2   122.3    80.4   124.6   138.6   235.1   284.7   313.5   336.1   360.5   389.5   431.8   514.7   688.2  3705.0  69654.0    69558
read      252.2    97.2    80.4   126.0   140.4   239.9   287.0   314.5   335.4   358.0   384.6   424.0   499.6   619.0  1153.1  61027.0    60702
read      238.2    60.9    93.8   156.9   174.2   235.2   255.3   266.9   274.2   285.8   299.0   326.4   387.5   889.7  1031.2  13489.5    13487
read      250.6   103.7    74.4   124.2   138.7   235.8   284.6   313.4   334.9   358.0   385.8   425.8   503.1   622.8  2863.5  66658.0    67037
read      227.9    74.2   101.3   158.8   172.2   223.1   241.1   251.2   258.9   268.6   281.1   304.0   372.6   946.7  3872.1   8308.0     8281
read      253.8    83.7    74.4   139.2   155.3   252.1   283.8   300.7   316.0   333.1   352.9   383.4   447.8   543.0  2881.7  35009.5    34986
read      247.7   103.2    74.4   122.6   136.5   229.2   278.5   307.5   331.5   358.4   389.9   434.7   522.4   651.9  1580.3  82641.0    82336
read      249.0   118.3    74.4   124.6   138.6   228.0   276.0   305.5   329.3   356.7   390.1   438.1   536.5   778.0  3432.9 101710.5   101465
read      248.3   103.7    80.4   122.8   136.8   229.2   279.4   308.9   333.1   360.0   391.5   435.8   521.4   646.3  2057.7  82435.0    82733

Total QPS = 57792.8 (104027024 / 1800.0s)

Total connections = 64
Misses = 0 (0.0%)
Skipped TXs = 0 (0.0%)

RX 25694673940 bytes :   13.6 MB/s
TX          0 bytes :    0.0 MB/s
Warning! Detected max cpu usage > 95%
CPU Usage Stats (avg/min/max): 99.90%,5.58%,100.00%
