Random waveform, supplied seed
Total number of intervals = 900 (6927, 52892, 98921, 61129, 40613, 53226, 38560, 103465, 104758, 94759, 37799, 8296, 69443, 12517, 43591, 20430, 93758, 10485, 16518, 83230, 5484, 55611, 20774, 96726, 32442, 73039, 74055, 51197, 59442, 35654, 78747, 42212, 52488, 36950, 16762, 79473, 61431, 87172, 108181, 80515, 37149, 13444, 72057, 70041, 90162, 52082, 24258, 72013, 58012, 45398, 50177, 34504, 66010, 73937, 55020, 53235, 97743, 5419, 14764, 7451, 48208, 16149, 78989, 18886, 75954, 44409, 16431, 85707, 58253, 103867, 21604, 90401, 84467, 99700, 32052, 18173, 67789, 51929, 83850, 18614, 29315, 108090, 27024, 49907, 9150, 34328, 51881, 14569, 81517, 78694, 93409, 39093, 18729, 70818, 21942, 91810, 39588, 40957, 62645, 15539, 107672, 32954, 58866, 23739, 54701, 60706, 72350, 58661, 34912, 103268, 38703, 83358, 57408, 86837, 33517, 66204, 73758, 99742, 109462, 94453, 44096, 100467, 8576, 59359, 7614, 60329, 43762, 67038, 26095, 71173, 109276, 13150, 61250, 84472, 82226, 27671, 98736, 106314, 105027, 96867, 89493, 50538, 22083, 48618, 94298, 63579, 64573, 77178, 29824, 64495, 20917, 85651, 61935, 50216, 72251, 71798, 19701, 24952, 81838, 26648, 24837, 29420, 103882, 70314, 61679, 49557, 19325, 9128, 94933, 24327, 71896, 93771, 20452, 42338, 72627, 80603, 49049, 92305, 56889, 78036, 71583, 72609, 107382, 86530, 16550, 84534, 72631, 49291, 62175, 80213, 16566, 53985, 101949, 24076, 52574, 106271, 105451, 86087, 29108, 101115, 74326, 75832, 94901, 15809, 28874, 51882, 32653, 41676, 63019, 99164, 47055, 62394, 98519, 32122, 49464, 24034, 77363, 91698, 38997, 86028, 83012, 15024, 56640, 97362, 107412, 65030, 79278, 47544, 105368, 58181, 56960, 14849, 63672, 48289, 11797, 10781, 49362, 102119, 46213, 97025, 18351, 21426, 43013, 67376, 36043, 6255, 102499, 26263, 56974, 40869, 46514, 11431, 58600, 68058, 54502, 64022, 52142, 101375, 40606, 47485, 48977, 38615, 80279, 75843, 67095, 41325, 55752, 85561, 14194, 88002, 90515, 109283, 26699, 37400, 19307, 11527, 83787, 22209, 75169, 73833, 94641, 61338, 91825, 77235, 37257, 32057, 108618, 72930, 43714, 87369, 56640, 97360, 79788, 11352, 87962, 40663, 59386, 48302, 19398, 82197, 77387, 72753, 7720, 46279, 42102, 90892, 39976, 61084, 16735, 45909, 28976, 84704, 101822, 92571, 12106, 58568, 51319, 21556, 14191, 29072, 16350, 86891, 104441, 8906, 42175, 51797, 76678, 19630, 100132, 40498, 108559, 23964, 70760, 99567, 107548, 53742, 103931, 60359, 9725, 52014, 40053, 86436, 23983, 66595, 26056, 51764, 40202, 76665, 11133, 80405, 79106, 97258, 36307, 28636, 41620, 75736, 44979, 31478, 37586, 108330, 64301, 11203, 7291, 87477, 77485, 42055, 26865, 94592, 66869, 17835, 55977, 82437, 15775, 87559, 105401, 88752, 94531, 101303, 86640, 84818, 20221, 43599, 52779, 89855, 48532, 107423, 46535, 47535, 49633, 30334, 17207, 106074, 48912, 96483, 39228, 92350, 85084, 81993, 101617, 16730, 71079, 108942, 55406, 42279, 21876, 34140, 42897, 18462, 100375, 41347, 101594, 47486, 73393, 51134, 58201, 71020, 72071, 93446, 28724, 59269, 74624, 52368, 9687, 44165, 6895, 55457, 61164, 108384, 33319, 97895, 39720, 68554, 86849, 30264, 100754, 98098, 86028, 93054, 42348, 29490, 18187, 95113, 8570, 62285, 52582, 34260, 59493, 58208, 93458, 18056, 94134, 37808, 53481, 25666, 108853, 41576, 70282, 45769, 92383, 12100, 67747, 68933, 63242, 72993, 51022, 67069, 24895, 68588, 42706, 49479, 64792, 73879, 31893, 74262, 57246, 91617, 55173, 108633, 15720, 99961, 102613, 57169, 56950, 49938, 5383, 39719, 36653, 69482, 46749, 65109, 46501, 109480, 69433, 58157, 70737, 34617, 77563, 90036, 36689, 46832, 104903, 14153, 21674, 5689, 37781, 15507, 102064, 71340, 79815, 44352, 109562, 86219, 47335, 41962, 45802, 13389, 95780, 87844, 55903, 100902, 70988, 53831, 26948, 32347, 41050, 56197, 94617, 71839, 79082, 107630, 60164, 97878, 63680, 73888, 65499, 96906, 103287, 49664, 32535, 46477, 7459, 74137, 57061, 34213, 7432, 41605, 32998, 61636, 64695, 14063, 91302, 6064, 41354, 19863, 19488, 14040, 19538, 20199, 106657, 92457, 92780, 68203, 81753, 57748, 21027, 49680, 82042, 93691, 45291, 30437, 67422, 69956, 35404, 80225, 105585, 20088, 12672, 15696, 25951, 65007, 10189, 78008, 12678, 15922, 41774, 38788, 34559, 54825, 42697, 12669, 70047, 96137, 92934, 20597, 66597, 59987, 58456, 59958, 98221, 55912, 39018, 18747, 60013, 85584, 84809, 85435, 94907, 16437, 78505, 77219, 86414, 73427, 100497, 96416, 71637, 33216, 58699, 53809, 72797, 107267, 55877, 70507, 46741, 36507, 30697, 25261, 25212, 33805, 76345, 95558, 28428, 21673, 89018, 46753, 34034, 47329, 56893, 38690, 79988, 107429, 43713, 76624, 71700, 40703, 95489, 18531, 99369, 29286, 42988, 69249, 7889, 51783, 38634, 86204, 109534, 45136, 59949, 61681, 76329, 44322, 20698, 84853, 75889, 98396, 53818, 26200, 54761, 12268, 52324, 106440, 7154, 87362, 43716, 26737, 41596, 85490, 77612, 78124, 69632, 39180, 15803, 36987, 19833, 46567, 57368, 36003, 68916, 93229, 46632, 93663, 106418, 60496, 109057, 96861, 86255, 25686, 17483, 29211, 55328, 87592, 23882, 44790, 12236, 42928, 103959, 97347, 68379, 92596, 10055, 29634, 9324, 30076, 100150, 27527, 95171, 40523, 11422, 9200, 42816, 10698, 22301, 48159, 39987, 33067, 62704, 52778, 75981, 74522, 14533, 5566, 78062, 82399, 108638, 93541, 47145, 109796, 26597, 7034, 72616, 13584, 19750, 109139, 15150, 74389, 87266, 108170, 103631, 44587, 66411, 89167, 35723, 85827, 78806, 89641, 14186, 52308, 56743, 38302, 71662, 36015, 65048, 72989, 76390, 24409, 85530, 8346, 69627, 70266, 89525, 70975, 46633, 16963, 109556, 91124, 51505, 93804, 58474, 43487, 61792, 59548, 43635, 27536, 42828, 109424, 78273, 60279, 35178, 67279, 80752, 35012, 7936, 8578, 89696, 5569, 26905, 42389, 84689, 59305, 44512, 72395, 74619, 67302, 57822, 8117, 106178, 25089, 68848, 98941, 78157, 109857, 108875, 86646, 83239, 51061, 89906, 56601, 71203, 95942, 71622, 97182, 27718, 46519, 83197, 79080, 69401, 45684, 18120, 21245, 39039, 67458, 42773, 20690, 63440, 41615, 97229, 86249, 20807, 26130, 30510, 43868, 55324, 20437, 9548, 12101, 72073, 21310, 90755, 51252, 53070, 48181, 97336, 91976, 94742, 66079, 79328, 45235, 35310, 76589, 107175, 78127, 13331, 59382, 87477, 92020, 109297, 42293, 52962, 23492, 12594, 69120, 57144, 57232, 71593, 40799, 29614, 106611, 50009, 47727, 15204, 50703, 60979, 37662, 16932, 100183, 69175, 27515, 106411, 49629, 63537, 88081, 55527, 69558, 60702, 13487, 67037, 8281, 34986, 82336, 101465, 82733)
Average QPS expected = 57816
Timestamp start: 1778515726429
Timestamp end: 1778517526965

#type       avg     std     min      p5     p10     p50     p67     p75     p80     p85     p90     p95     p99    p999   p9999      QPS   target
read      237.0    80.2   101.3   158.9   172.2   228.3   249.7   262.4   271.4   283.9   300.7   337.4   434.3   987.6  3068.6   6830.5     6927
read      334.2   242.9    80.4   131.7   148.0   282.6   375.7   426.4   460.6   499.9   546.7   628.6  1025.1  3073.0  7111.9  52601.5    52892
read      353.6   367.4    80.4   133.7   150.0   258.8   328.8   377.8   422.2   486.0   594.8   822.8  2216.8  3548.3  7874.1  98742.0    98921
read      256.4   107.1    74.4   127.3   141.4   241.1   289.8   319.8   342.0   365.5   394.0   435.3   527.3   685.4  2147.6  61010.0    61129
read      259.5    85.0    80.4   137.3   153.1   255.3   292.6   314.9   332.0   350.9   372.0   405.4   471.6   590.3   979.1  40553.0    40613
read      260.8   103.7    74.4   130.8   145.8   249.9   295.4   325.0   345.5   366.7   393.2   432.3   511.3   674.4  2056.4  53194.0    53226
read      260.4    96.3    80.4   139.0   154.9   255.8   291.7   313.6   330.2   348.7   370.2   401.1   470.5   790.0  2506.5  38386.0    38560
read      257.8   126.0    74.4   125.4   139.5   232.4   284.6   317.6   342.3   370.8   407.7   464.2   611.9  1095.3  2515.2 103622.5   103465
read      257.1   126.5    74.4   126.1   140.1   232.7   284.6   317.2   342.0   370.1   405.7   460.2   586.1  1070.5  2416.8 104599.0   104758
read      253.0   113.5    74.4   123.8   137.9   229.5   281.2   313.2   337.8   365.6   400.2   454.0   582.1   948.2  1585.5  94661.0    94759
read      260.0    99.8    74.4   138.8   154.5   255.9   291.4   313.0   329.3   347.3   369.5   401.6   471.1   608.9  2152.1  37927.0    37799
read      231.9    89.3    93.8   160.8   174.1   225.4   243.6   253.7   262.6   272.3   286.7   311.1   392.6  1007.3  3582.9   8349.5     8296
read      258.5   121.8    74.4   127.1   141.1   238.6   289.2   321.2   345.2   370.1   401.1   448.7   552.0  1005.0  3859.4  69072.5    69443
read      235.4    66.3    93.8   156.4   172.5   230.6   251.2   263.0   271.1   281.6   295.0   320.5   389.2   932.0  2472.1  12465.5    12517
read      261.9    95.1    86.8   136.4   151.3   254.9   294.8   320.6   338.9   359.0   382.6   418.0   497.7   690.5  1985.9  43489.0    43591
read      251.5   134.0    86.8   152.9   170.6   247.0   271.3   284.9   294.2   308.0   326.0   356.5   421.4   951.0  7786.1  20494.5    20430
read      254.4   118.6    74.4   124.8   138.8   230.5   281.6   313.3   337.8   365.7   400.2   455.3   589.0  1002.4  2547.2  93324.0    93758
read      232.3    62.6    93.8   157.8   173.3   227.5   246.8   257.5   266.5   275.6   290.9   316.8   387.9   960.2  1881.8  10446.5    10485
read      241.7   100.4    86.8   154.2   171.3   237.4   259.7   271.8   281.3   292.4   309.4   338.5   403.0   886.7  3162.1  16464.0    16518
read      254.6   124.3    74.4   125.2   139.1   233.1   284.2   315.6   341.2   367.9   400.2   451.1   550.3   793.8  2132.5  83258.0    83230
read      225.5    91.8   109.4   157.0   168.7   216.4   233.7   244.2   251.4   261.3   274.0   300.7   441.4  1161.3  3166.8   5462.5     5484
read      259.4    99.0    80.4   131.4   145.8   246.9   293.6   322.7   343.6   365.7   393.1   433.2   513.6   673.6  1914.4  55280.5    55611
read      249.4    88.6    86.8   153.1   170.4   246.1   270.1   283.7   293.4   307.2   325.7   356.7   419.2   572.9  4027.6  20729.5    20774
read      258.2   128.7    80.4   127.1   141.0   234.1   286.9   319.6   344.3   371.9   407.1   461.5   578.4   929.1  1965.7  96493.0    96726
read      255.3    77.4    86.8   142.4   158.6   252.4   284.0   301.2   316.3   334.5   355.8   385.4   452.5   568.9  1161.0  32457.0    32442
read      256.9   113.7    80.4   126.8   140.5   237.0   289.1   321.1   345.5   371.2   402.3   450.5   544.1   780.1  1674.3  72781.0    73039
read      254.8   109.4    74.4   125.1   139.4   234.5   286.4   317.9   342.2   368.6   400.6   447.9   546.1   768.3  1982.1  74060.5    74055
read      260.5    99.7    74.4   132.1   146.9   249.7   294.5   323.4   344.6   366.5   392.5   430.4   512.5   668.9  1584.3  51361.5    51197
read      258.0   130.0    80.4   128.4   142.6   242.3   290.2   319.1   340.6   363.6   391.9   433.0   520.8  1041.7  3976.3  59221.0    59442
read      260.6    84.8    74.4   140.5   156.7   256.5   291.1   312.7   329.3   347.7   370.1   402.5   471.8   589.4  1267.6  35839.0    35654
read      255.0   112.7    80.4   125.0   139.2   233.2   285.1   317.1   341.7   368.4   400.8   450.9   558.0   966.4  2144.7  78700.5    78747
read      260.5    95.8    80.4   137.7   152.8   254.0   292.8   317.3   335.5   355.0   376.9   413.1   490.4   629.7  3128.2  42171.0    42212
read      261.0   103.9    74.4   132.4   147.2   250.1   295.4   323.8   344.0   365.7   392.4   430.8   506.5   661.8  3281.8  52319.5    52488
read      258.8    87.0    86.8   139.8   155.5   255.1   289.8   310.9   327.4   346.3   368.3   400.8   469.1   587.2  1453.5  36966.0    36950
read      245.1    68.3    80.4   155.3   173.6   241.1   263.7   275.2   285.5   295.9   314.3   344.1   418.3   917.7  1936.4  16635.5    16762
read      255.1   111.2    74.4   125.2   139.1   233.4   285.8   317.9   343.0   369.1   401.1   451.7   568.5   805.6  1622.3  78952.0    79473
read      260.7   157.9    80.4   129.5   143.3   243.4   292.4   323.5   345.6   368.3   395.9   435.8   524.2   818.3  7223.0  61475.0    61431
read      253.1   124.6    74.4   123.9   137.8   230.3   281.8   313.2   337.4   364.6   398.0   450.4   569.8   927.4  4029.2  87111.0    87172
read      264.9   145.6    74.4   128.7   142.9   237.6   291.2   325.4   350.2   379.5   417.5   477.4   630.2  1193.4  4219.3 108196.5   108181
read      252.0   105.9    74.4   124.1   138.2   231.8   283.1   314.5   338.3   364.2   396.0   445.1   548.6   744.0  1296.3  80664.5    80515
read      258.1    88.6    80.4   137.2   153.0   254.4   290.0   311.5   327.8   345.8   368.3   401.5   468.8   569.3  1769.3  37522.5    37149
read      235.6    70.3    86.8   155.4   171.2   231.7   251.7   263.1   270.8   281.1   295.0   320.3   384.2   937.2  2531.4  13623.0    13444
read      256.5   108.3    80.4   127.4   140.7   236.8   287.8   319.0   342.9   368.7   400.6   450.0   549.9   812.8  1600.2  72090.5    72057
read      255.5   110.8    80.4   126.7   140.4   236.8   287.8   318.2   342.2   367.1   396.9   442.1   540.0   780.9  2775.0  69731.0    70041
read      259.5   136.7    80.4   126.2   140.0   233.9   286.6   319.9   345.4   373.1   408.4   462.3   594.1  1550.0  3921.6  89896.5    90162
read      258.7    97.7    80.4   131.4   146.0   248.3   293.9   322.4   342.5   363.9   389.1   425.6   502.0   634.3  1559.8  51910.5    52082
read      251.9   101.4    80.4   147.6   164.5   248.3   275.1   289.9   300.6   317.0   338.0   367.5   431.4   701.1  4117.7  24293.0    24258
read      255.3   109.5    80.4   125.3   139.3   235.8   287.4   319.8   343.1   369.2   400.6   446.4   540.3   774.8  1237.6  71924.5    72013
read      258.9   104.7    74.4   129.7   144.1   244.9   293.3   322.9   345.1   367.4   395.3   435.7   524.7   676.2  1727.3  57924.5    58012
read      260.2    95.6    80.4   134.6   149.8   252.4   293.8   319.7   338.7   359.1   383.3   421.2   500.9   633.4   978.6  45678.0    45398
read      261.8   117.0    80.4   131.5   146.4   250.4   294.8   322.8   343.3   364.8   391.3   430.9   508.8  1007.1  3437.4  50313.0    50177
read      259.2    80.9    80.4   140.8   157.4   256.3   289.8   310.1   325.8   344.1   365.6   397.6   468.0   606.6  1041.1  34561.0    34504
read      257.0   109.3    74.4   126.6   140.5   239.2   290.1   322.3   345.0   369.7   399.4   443.0   536.4   757.8  2187.6  66123.0    66010
read      255.3   108.1    74.4   125.5   139.6   235.1   287.6   319.5   344.1   370.7   402.0   447.6   544.6   713.6  1364.1  73605.0    73937
read      260.5   102.0    80.4   130.3   144.8   248.2   295.0   324.5   345.7   367.6   395.2   435.7   518.4   668.7  2005.3  55225.5    55020
read      259.7   129.3    80.4   129.9   144.6   247.3   293.2   320.8   342.0   364.2   391.3   431.5   509.2   706.7  3888.1  53254.0    53235
read      261.6   134.2    80.4   127.0   141.1   235.4   288.6   322.4   348.2   376.8   414.3   470.6   616.5  1164.6  3663.9  97788.5    97743
read      227.5    76.6   101.3   160.4   171.8   220.2   237.4   248.4   255.4   266.2   278.5   304.5   397.5  1002.7  2033.3   5465.5     5419
read      244.3   103.2    80.4   157.7   174.8   238.9   261.4   272.9   282.5   293.4   311.1   341.5   411.4   934.4  6020.3  14605.0    14764
read      226.7    72.1   101.3   157.1   170.1   221.2   238.5   249.3   256.7   267.1   279.6   304.6   374.5   992.4  2000.1   7435.5     7451
read      262.7   132.1    80.4   131.5   146.5   246.9   293.4   322.7   344.3   367.2   396.4   442.6   546.4   895.0  3990.4  48079.0    48208
read      249.2    91.8    93.8   151.8   168.5   243.5   269.4   283.6   293.7   308.9   329.7   361.9   434.9  1010.1  2551.3  16145.0    16149
read      258.5   108.8    80.4   126.5   140.5   237.6   290.1   323.8   348.0   374.3   406.8   457.3   567.6   761.6  1092.9  78741.5    78989
read      250.2    94.7    86.8   154.8   172.3   245.1   269.6   283.4   293.3   307.6   327.0   359.4   430.8   850.0  4012.6  18911.5    18886
read      257.7   111.3    80.4   127.4   141.0   236.6   288.9   321.9   346.7   373.3   405.0   454.3   548.2   783.4  1670.1  75885.5    75954
read      264.9   111.0    86.8   137.8   153.2   256.7   297.0   323.2   341.9   361.9   385.6   422.0   500.6   808.0  3851.9  44567.5    44409
read      247.3    87.8    86.8   158.4   174.9   243.2   266.0   278.0   288.0   298.4   316.9   345.0   401.1   932.8  4647.6  16442.5    16431
read      257.7   113.9    80.4   126.7   140.4   234.9   287.9   321.1   345.2   372.3   405.8   458.6   574.3   882.6  1883.5  85519.5    85707
read      262.1   115.9    80.4   131.3   145.7   247.5   296.0   327.9   349.1   370.8   398.4   439.3   526.2   725.2  3387.7  57968.5    58253
read      272.3   126.7    80.4   131.6   146.6   245.6   302.0   337.7   363.0   392.8   430.9   492.7   651.0  1075.5  2282.3 103890.5   103867
read      246.9    68.3    86.8   150.0   166.9   244.3   269.4   283.1   292.9   306.8   325.4   354.0   418.0   601.6  1838.4  21702.5    21604
read      257.2   118.5    80.4   126.6   140.4   233.4   286.1   319.5   344.9   372.3   407.1   459.9   576.8   870.6  2981.1  90262.5    90401
read      260.0   121.3    80.4   127.4   141.0   236.7   290.2   325.2   349.7   375.3   408.6   459.2   578.7  1055.4  2380.7  84473.5    84467
read      264.5   141.5    80.4   128.6   143.0   238.1   291.6   326.0   350.9   379.6   416.7   470.9   613.5  1459.4  2780.0  99798.0    99700
read      256.9    79.5    80.4   142.5   158.5   253.9   286.2   304.3   318.6   337.3   359.8   392.5   463.4   594.1  1544.3  32124.5    32052
read      244.3    66.6    93.8   153.8   171.2   241.4   264.8   276.5   286.7   296.8   316.4   345.4   408.5   575.2  2090.7  18348.0    18173
read      259.0   122.2    74.4   127.8   141.7   239.8   291.3   323.6   347.6   372.3   403.0   449.0   543.5   788.0  3804.5  67709.5    67789
read      259.6    96.1    80.4   132.0   146.9   249.0   294.4   322.8   343.2   364.9   390.4   427.7   503.7   637.6  1227.7  51743.5    51929
read      258.2   118.0    80.4   126.9   140.7   235.2   288.0   321.1   345.8   373.1   407.1   459.7   572.0   848.1  2213.4  84224.5    83850
read      247.9    78.0    86.8   154.6   172.5   245.1   269.0   282.3   291.9   304.5   321.3   350.7   407.1   522.3  1764.0  18730.5    18614
read      257.0    93.8    93.8   145.0   161.7   252.9   282.6   298.0   312.6   329.5   350.8   384.2   463.7  1088.0  2854.8  29336.0    29315
read      280.2   149.3    80.4   131.7   147.2   249.0   307.9   345.0   372.3   405.7   451.3   524.8   714.4  1188.1  3684.3 108070.0   108090
read      256.8    87.9    86.8   147.4   164.4   254.3   282.9   298.6   312.4   328.1   347.1   377.6   445.9   709.5  1928.2  27198.0    27024
read      262.9   102.1    80.4   133.5   148.7   252.4   297.3   327.0   346.9   367.8   393.0   430.6   507.1   665.5  2006.4  50039.5    49907
read      231.1    63.5   101.3   158.9   173.6   227.0   245.3   254.8   263.9   273.0   287.3   312.9   384.0   915.0  1973.9   9168.0     9150
read      260.8    87.7    86.8   141.9   158.4   256.2   289.9   310.4   326.3   344.5   367.5   401.6   478.8   672.1  2225.2  34278.0    34328
read      261.2   120.9    80.4   132.8   148.0   249.8   294.6   322.8   342.8   364.1   390.1   428.8   513.8   731.0  3439.2  51975.5    51881
read      241.0    76.7    93.8   155.7   173.6   235.4   256.9   269.1   277.5   289.7   305.9   336.0   404.0   995.1  2485.9  14710.0    14569
read      257.0   124.9    80.4   125.8   139.1   234.5   287.2   319.7   344.3   370.7   404.1   457.9   570.9   853.8  4153.9  81162.0    81517
read      256.6   108.8    68.9   126.5   140.4   235.0   287.5   319.8   344.4   371.3   404.7   455.0   552.4   879.9  1667.1  79178.5    78694
read      256.4   130.8    80.4   124.8   139.0   231.5   284.1   317.4   342.2   369.4   404.0   460.0   588.3  1064.6  2655.9  93414.5    93409
read      260.1    95.3    86.8   138.7   154.1   255.3   291.7   313.9   331.3   351.1   372.9   405.5   475.1   625.6  3015.9  39033.5    39093
read      244.1    75.3    93.8   152.7   169.7   241.3   264.9   276.8   286.9   297.1   315.6   343.8   401.2   693.4  3258.0  19001.0    18729
read      255.9   110.7    80.4   126.1   140.1   237.2   288.9   320.9   344.9   369.9   399.7   445.7   537.6   684.5  2024.1  70842.0    70818
read      251.4    70.2    86.8   151.4   169.4   248.7   274.0   288.5   298.0   313.6   333.5   363.4   424.8   563.6  1367.1  21864.5    21942
read      263.2   150.4    74.4   127.9   141.9   236.9   289.8   323.4   349.0   377.0   414.1   469.0   603.2  1465.9  3471.9  91557.0    91810
read      261.0    99.5    86.8   138.1   153.4   255.5   292.1   315.2   333.2   352.9   374.0   409.5   481.7   696.2  3364.2  39575.0    39588
read      260.9    93.7    86.8   137.0   152.0   255.4   294.1   318.3   336.0   355.1   376.3   410.5   483.2   635.8  1869.1  41208.0    40957
read      257.1   111.2    74.4   127.7   141.8   240.3   290.2   321.6   344.9   368.7   397.7   439.6   530.5   683.4  2149.0  62451.0    62645
read      239.9    70.6    93.8   154.8   172.0   236.1   258.1   269.8   278.0   289.5   304.5   333.0   398.2   888.1  1379.3  15339.5    15539
read      262.0   131.9    80.4   127.8   142.2   235.8   288.0   320.5   345.7   373.9   412.0   469.5   621.7  1275.6  3444.6 107503.0   107672
read      257.7   117.1    80.4   141.4   157.5   253.5   285.9   304.3   319.3   337.9   360.0   391.4   460.5   647.3  4924.1  33092.0    32954
read      260.1   114.5    74.4   129.7   143.8   245.5   293.7   324.6   346.1   367.8   395.9   437.9   531.6   731.0  3148.6  58490.0    58866
read      253.0   114.7    86.8   149.2   166.4   248.0   273.8   288.6   298.7   314.7   335.1   365.9   434.1  1006.6  6507.8  23644.5    23739
read      259.8    99.9    80.4   131.8   146.2   247.1   293.2   321.7   343.1   365.2   392.9   434.5   522.1   690.9  1751.4  54446.0    54701
read      257.2   104.1    80.4   128.1   142.1   241.5   290.5   320.6   343.3   366.7   395.4   438.1   531.9   728.7  1345.0  61039.0    60706
read      257.2   128.5    74.4   125.8   139.7   235.6   287.0   318.7   343.9   369.9   402.0   451.9   558.9   989.1  4487.8  72143.5    72350
read      259.2   110.0    80.4   129.7   143.9   244.8   292.8   322.3   344.4   367.3   396.0   437.7   533.5   693.2  3143.2  58717.5    58661
read      257.5    86.2    86.8   140.3   156.0   254.3   287.7   307.5   323.1   341.5   363.8   395.7   462.7   587.7  2562.2  35095.5    34912
read      256.9   129.1    74.4   125.8   140.0   231.3   282.5   314.9   339.8   368.2   403.3   459.6   595.1  1472.5  2707.9 103103.5   103268
read      258.6    97.9    80.4   138.3   153.5   253.4   289.7   311.3   328.1   347.2   369.6   401.5   471.1   631.8  3252.7  38811.5    38703
read      255.3   109.7    74.4   125.1   139.1   232.4   284.8   319.1   344.4   370.9   404.4   455.9   571.4   824.0  1653.8  83574.0    83358
read      261.6   109.4    80.4   129.5   143.8   246.9   295.2   327.0   349.1   371.0   399.1   439.6   533.7  1108.7  2298.8  57482.0    57408
read      256.9   115.8    80.4   125.7   139.4   234.5   287.3   320.1   344.1   371.1   404.5   457.3   574.9   868.5  2192.8  86704.0    86837
read      258.7    82.9    80.4   142.2   158.5   255.5   287.7   307.1   322.6   341.7   363.9   395.5   462.1   588.6  1112.9  33586.5    33517
read      257.4   113.0    80.4   127.3   141.4   239.3   290.3   321.9   344.9   369.1   398.3   443.4   541.4   754.3  3394.2  66206.5    66204
read      255.8   135.1    80.4   125.5   139.4   234.7   286.0   317.9   342.7   368.9   401.2   449.7   546.6   740.1  6470.1  73963.5    73758
read      264.1   137.5    74.4   128.6   142.6   236.3   290.4   324.5   350.5   380.1   417.7   473.1   622.3  1542.2  2881.9 100014.5    99742
read      274.4   153.4    80.4   131.4   146.7   245.5   301.3   336.9   363.1   395.0   435.9   501.9   676.0  1067.3  3945.4 109643.5   109462
read      259.7   115.6    74.4   127.2   141.1   234.5   288.4   322.3   348.1   376.0   413.1   468.2   599.5   910.1  1807.5  94282.0    94453
read      261.1    97.0    80.4   135.9   151.2   253.5   293.9   320.0   339.1   359.4   382.7   418.1   497.6   646.5  2602.6  44104.0    44096
read      262.9   233.1    80.4   127.3   141.0   229.1   279.5   311.5   336.0   363.6   398.6   455.2   605.0  4206.6  7323.7  99980.0   100467
read      228.1    73.7   101.3   158.6   172.2   222.9   240.8   251.2   259.1   268.8   281.4   304.1   370.9   928.9  3060.5   8585.0     8576
read      259.4   116.6    80.4   129.5   143.7   243.8   292.8   324.2   346.1   368.1   395.4   436.9   528.1   697.5  3527.8  59336.5    59359
read      224.7    68.7    93.8   158.4   171.1   219.8   236.2   247.3   254.3   264.2   274.4   296.8   369.1   938.6  3105.0   7655.5     7614
read      259.4   114.0    80.4   128.7   142.7   243.3   292.3   322.5   344.9   368.5   397.6   440.1   530.6  1287.5  2843.8  60077.0    60329
read      260.2    90.4    80.4   136.4   151.5   253.8   292.8   317.5   335.9   356.0   379.1   416.8   496.4   636.1  1090.6  43627.5    43762
read      258.0   115.1    80.4   127.3   141.2   240.0   290.8   322.7   345.5   370.3   400.4   446.8   543.5   782.7  1963.1  67104.5    67038
read      255.5    87.1    86.8   148.2   165.0   252.4   280.3   295.6   309.3   325.3   346.0   376.7   442.1   614.4  2643.8  26201.5    26095
read      257.0   108.6    80.4   126.9   140.8   237.3   289.1   320.9   344.8   370.4   401.4   449.9   549.7   777.2  1866.9  71361.0    71173
read      281.9   162.4    80.4   131.6   147.1   249.4   307.7   344.7   371.6   403.8   448.9   523.6   729.5  1775.9  4282.2 109143.0   109276
read      238.8    74.0    93.8   158.3   174.6   233.2   253.7   265.7   273.5   285.0   298.5   328.5   402.1   938.6  2493.6  13299.0    13150
read      257.9   102.5    80.4   129.1   143.3   242.4   291.6   322.1   345.5   368.7   397.0   436.9   521.6   688.6  1477.7  61128.5    61250
read      256.0   125.8    74.4   125.5   139.2   232.4   285.1   316.8   342.4   369.8   402.5   453.8   565.1  1198.5  3603.8  84751.5    84472
read      252.6   108.9    80.4   124.0   138.0   230.8   282.8   315.3   340.3   367.6   400.4   449.5   549.2   808.4  1906.0  82343.0    82226
read      255.8    82.4    86.8   145.6   162.7   253.1   282.7   298.6   312.9   329.7   351.0   381.6   445.2   543.7  3026.6  27879.0    27671
read      264.6   135.3    74.4   128.3   142.5   238.2   291.8   326.3   351.7   380.2   417.2   471.8   631.3  1369.3  2761.3  98801.0    98736
read      272.7   131.2    80.4   130.2   145.2   245.3   301.4   338.0   363.6   394.1   433.1   497.5   658.2  1205.2  2067.0 106299.0   106314
read      263.4   132.9    80.4   127.2   141.6   236.5   290.1   324.8   350.1   379.1   417.9   476.7   627.4  1118.0  3848.4 104799.0   105027
read      256.4   113.6    74.4   125.9   139.9   232.5   285.0   317.5   342.5   370.8   406.8   462.6   582.4   847.0  1576.3  96773.5    96867
read      259.8   146.4    80.4   126.1   140.0   233.0   286.0   319.9   346.1   374.4   411.3   465.4   600.5  1431.2  3791.5  89643.0    89493
read      260.1   103.0    80.4   131.8   146.6   250.6   294.6   322.4   341.9   363.3   389.0   426.0   504.3   668.0  1959.9  50193.0    50538
read      251.1    71.9    86.8   150.7   167.6   248.5   273.9   288.5   298.1   313.7   333.9   364.9   429.9   585.9  2006.9  21981.5    22083
read      262.9   103.2    80.4   133.3   148.4   252.7   297.1   326.0   346.7   367.4   392.4   429.7   506.3   682.1  2831.3  48641.5    48618
read      257.9   115.1    80.4   126.7   140.6   233.7   286.7   320.6   345.9   373.2   408.6   462.7   583.6   918.3  2089.5  93979.0    94298
read      256.5   111.8    80.4   127.1   141.0   239.5   289.7   320.0   343.0   367.0   396.3   439.3   533.9   724.3  3673.1  63470.5    63579
read      257.3   120.9    80.4   127.1   141.0   238.6   289.3   321.6   345.7   369.8   398.9   441.9   536.8   744.8  4403.1  64508.0    64573
read      258.1   128.7    74.4   125.4   139.4   235.5   287.7   321.0   345.9   371.9   404.5   456.8   571.9   923.3  4480.3  77021.0    77178
read      256.3    91.2    80.4   144.3   161.0   253.6   284.1   300.5   315.2   332.6   353.5   383.8   446.2   581.3  3234.4  29956.0    29824
read      258.7   109.7    80.4   128.4   142.7   241.1   292.5   325.0   348.0   371.5   400.6   444.6   532.7   680.6  2025.9  64339.0    64495
read      249.3    79.4    86.8   150.6   168.0   245.4   271.0   285.4   295.2   310.8   331.1   361.0   425.6   696.3  2952.9  20898.0    20917
read      256.1   116.7    74.4   126.1   139.8   232.9   285.9   318.6   344.3   371.9   405.1   456.6   569.1   814.9  1979.7  85674.5    85651
read      258.0   121.2    80.4   127.9   141.7   241.8   292.2   323.8   346.2   369.4   397.6   437.9   526.3   687.4  3303.7  62233.0    61935
read      260.8   108.4    80.4   132.6   147.6   249.7   293.8   321.9   342.7   364.2   389.5   427.6   506.2   702.3  3812.4  50079.5    50216
read      255.8   104.8    74.4   126.7   140.2   236.0   288.5   320.6   344.7   370.6   401.4   448.9   542.0   720.2  1415.5  72078.5    72251
read      259.2   119.6    80.4   127.1   140.8   236.8   290.4   324.0   349.2   374.6   405.6   455.6   565.5   865.6  2548.9  71656.0    71798
read      247.4    65.7    86.8   152.4   170.1   244.4   268.8   282.1   291.9   305.0   323.7   355.0   416.7   601.7  1160.9  19698.0    19701
read      251.9    76.4    86.8   148.0   165.1   249.7   276.1   290.9   302.0   317.1   338.5   368.5   433.2   584.4  2995.2  24846.0    24952
read      254.0   124.3    74.4   124.9   138.9   231.6   284.3   316.3   340.9   367.8   400.5   451.0   555.4   768.3  3091.8  81726.5    81838
read      257.4   121.8    80.4   147.3   163.8   251.6   280.2   295.5   309.5   326.1   347.7   378.4   452.1  1474.4  4376.3  26614.5    26648
read      254.5   152.3    80.4   148.1   164.9   249.9   277.7   292.4   304.5   319.9   341.7   370.3   435.0   646.4  6469.8  24916.5    24837
read      257.1   169.6    86.8   142.8   159.8   253.0   282.6   298.6   314.3   332.2   353.7   384.8   453.3   611.2 13972.3  29376.5    29420
read      269.8   160.4    80.4   128.1   142.5   240.2   295.0   331.6   357.4   387.2   427.3   491.3   659.6  2012.2  5210.4 104051.0   103882
read      257.2   116.0    74.4   127.0   140.8   237.5   289.2   321.5   345.6   370.4   401.3   448.5   545.2   753.9  2985.9  70307.0    70314
read      259.4   106.2    80.4   128.5   142.7   242.4   293.1   326.4   348.8   372.6   401.4   444.1   533.4   719.7  1611.7  61729.5    61679
read      259.6    97.2    80.4   132.2   147.0   249.0   294.2   322.2   342.8   364.2   390.0   428.5   502.8   630.4  1890.4  49559.5    49557
read      244.7    69.6    86.8   152.4   169.3   241.7   265.7   278.2   288.2   298.9   318.1   348.5   406.4   768.4  1905.1  19365.5    19325
read      232.2   127.2   101.3   157.4   171.4   224.6   243.7   254.2   263.2   272.5   286.8   310.8   383.5  1181.7  6070.9   9076.5     9128
read      255.8   139.5    74.4   125.0   139.1   231.2   283.3   315.7   340.9   369.3   402.6   454.8   575.9  1088.1  5276.6  94606.5    94933
read      252.6    86.9    86.8   148.9   165.3   248.7   276.1   291.2   302.7   318.4   339.3   369.1   434.2   905.4  2497.6  24360.0    24327
read      254.9   121.0    80.4   124.8   138.7   234.4   286.7   319.0   342.4   367.7   398.8   445.3   542.0   800.5  3902.8  71968.0    71896
read      259.2   119.4    74.4   126.8   140.8   234.4   287.6   320.7   346.4   374.8   412.4   466.8   588.8   897.1  2297.3  93919.5    93771
read      246.9    72.8    93.8   151.3   168.4   244.7   269.2   282.3   291.8   304.1   320.9   350.9   413.4   629.6  1874.9  20394.0    20452
read      261.7    90.8    80.4   136.2   151.8   255.6   295.1   320.4   339.0   359.1   382.4   417.5   488.2   605.7  1235.8  42527.0    42338
read      257.3   108.9    74.4   126.3   140.1   237.1   289.2   322.6   347.4   372.5   403.1   452.2   551.1   750.6  1342.1  72881.0    72627
read      256.3   124.0    74.4   124.8   139.0   233.5   285.3   317.5   342.7   369.8   403.7   455.6   564.3   967.8  3652.3  80541.0    80603
read      261.2   122.7    80.4   132.4   147.5   249.9   294.0   321.3   343.0   364.7   390.3   427.2   504.1   862.8  3993.3  49082.5    49049
read      255.7   112.8    80.4   125.9   139.8   231.7   283.8   316.1   342.1   370.6   405.9   459.9   580.0   931.6  1480.5  92272.5    92305
read      257.9    98.9    80.4   129.4   143.6   244.3   293.1   322.1   343.9   367.6   395.7   434.3   508.6   635.5  1398.1  57316.5    56889
read      255.6   112.8    74.4   125.5   139.3   233.7   286.4   319.0   345.0   371.1   403.2   453.0   550.2   810.5  2172.5  78356.0    78036
read      257.2   109.3    80.4   126.6   140.5   236.9   288.7   321.9   346.9   372.6   402.4   450.1   548.9   867.0  2028.1  71446.5    71583
read      254.6   108.9    80.4   125.4   139.2   234.0   287.1   319.5   344.2   370.1   400.9   447.2   542.9   710.5  1469.2  72564.5    72609
read      262.4   132.8    80.4   127.4   141.6   236.1   289.9   323.4   348.7   377.9   416.2   473.0   622.4  1024.3  3635.3 107411.5   107382
read      254.2   116.9    74.4   124.9   138.9   231.4   283.7   316.1   341.2   368.9   403.0   455.5   556.4   750.5  3279.2  86360.0    86530
read      244.1    75.9    93.8   154.4   172.1   240.3   264.0   275.6   285.7   295.9   314.6   342.5   400.9   923.7  2025.3  16522.0    16550
read      256.3   140.7    80.4   124.3   138.2   230.6   282.8   314.9   340.1   367.8   402.4   457.8   583.1  1676.0  3507.9  84386.0    84534
read      253.0   105.8    74.4   125.2   139.2   233.2   285.0   315.8   339.8   365.7   397.6   443.9   540.3   725.2  1925.1  72407.5    72631
read      263.1   118.5    80.4   132.8   147.7   251.2   295.8   324.7   344.6   366.4   392.8   431.0   512.4   847.6  3650.8  49203.0    49291
read      257.4   102.3    74.4   128.0   141.8   242.3   292.5   323.4   346.2   369.1   397.1   436.9   523.1   675.0  1610.0  62020.0    62175
read      253.3   109.3    74.4   124.3   138.3   232.0   283.7   315.3   339.5   366.5   399.3   449.8   553.8   804.7  1746.2  80014.0    80213
read      241.6    69.9    93.8   154.2   171.0   237.9   260.3   272.3   281.8   292.6   309.0   336.6   401.1   933.5  1989.6  16564.0    16566
read      261.0   126.1    80.4   130.0   144.3   246.5   293.2   321.9   343.8   366.0   393.4   434.2   527.1  1288.6  3535.1  54206.0    53985
read      257.8   128.2    80.4   126.3   140.2   231.3   283.0   314.9   340.2   369.0   405.7   463.6   618.3  1391.0  2554.8 101920.0   101949
read      252.6    90.5    86.8   149.3   166.0   249.4   276.1   291.0   302.2   317.2   338.0   368.3   434.9   706.6  4805.2  24262.5    24076
read      258.6    99.2    80.4   130.9   145.5   247.2   293.3   321.0   342.4   364.0   390.0   427.8   505.1   642.0  2093.4  52625.5    52574
read      262.9   136.3    80.4   127.0   141.2   234.6   288.3   322.0   347.9   377.7   417.2   479.1   643.9  1262.0  3191.4 105967.0   106271
read      262.8   134.2    80.4   126.7   140.9   235.3   288.2   321.3   347.5   376.8   416.0   476.0   643.4  1378.0  2716.3 105324.5   105451
read      256.2   120.9    80.4   125.7   139.6   233.1   285.7   317.8   343.2   371.6   405.8   458.2   566.2   860.8  1757.1  86495.0    86087
read      255.4    78.5    93.8   144.6   161.6   252.6   282.5   298.7   313.9   331.2   351.9   381.1   442.2   569.9  1864.1  28908.0    29108
read      262.3   126.7    80.4   128.2   142.2   236.4   290.6   324.7   350.5   380.1   418.1   472.6   607.0   963.3  2064.0 100835.0   101115
read      258.0   121.8    74.4   126.1   139.6   235.7   288.0   320.6   345.2   371.4   403.6   455.0   569.9  1295.9  2509.4  74294.0    74326
read      255.9   107.4    74.4   126.1   139.8   234.6   287.4   320.0   345.0   371.8   403.3   454.6   555.6   733.3  1230.9  75537.0    75832
read      254.9   112.1    80.4   125.3   139.3   231.1   283.5   316.0   341.0   368.9   404.4   459.2   578.4   853.4  1688.1  94727.0    94901
read      242.3    75.7    86.8   155.4   172.8   238.2   260.9   272.5   281.8   292.3   308.9   338.4   402.3   910.4  3093.0  15813.0    15809
read      257.7    78.7    86.8   146.0   162.7   255.6   285.1   301.6   315.9   333.2   354.0   384.0   445.6   550.9  2017.1  28919.0    28874
read      260.4   108.6    80.4   132.1   146.7   249.4   294.4   322.7   343.4   365.0   390.9   428.8   510.3   681.4  3817.1  51874.5    51882
read      256.2    89.5    80.4   141.6   157.7   253.6   285.0   302.6   317.5   335.4   356.7   387.9   455.0   599.8  2283.8  32612.5    32653
read      262.1   124.9    80.4   137.0   152.0   254.9   294.0   317.6   335.6   355.3   377.1   412.1   489.5   807.1  4343.3  41659.5    41676
read      261.0   118.7    80.4   128.8   142.9   243.2   294.0   326.3   349.6   372.8   401.1   445.5   540.9   892.0  2718.5  62683.0    63019
read      254.6   113.7    80.4   124.5   138.6   231.2   282.6   314.8   340.0   367.8   402.6   457.5   581.9   939.3  2377.7  99330.0    99164
read      260.8    96.4    74.4   134.6   149.8   251.6   294.3   321.2   341.4   362.4   387.1   423.4   497.8   650.7  1479.5  47152.0    47055
read      258.2   112.8    80.4   128.3   142.2   242.0   291.9   323.4   346.1   368.7   396.6   439.0   535.0   736.7  2246.0  62372.5    62394
read      260.9   129.8    80.4   127.7   141.7   235.8   288.5   321.5   346.6   374.7   412.4   468.9   611.0   998.6  2000.8  98582.5    98519
read      258.7    88.5    86.8   143.0   159.7   254.9   287.0   305.7   320.3   339.0   361.7   394.0   463.7   646.6  2131.1  32108.0    32122
read      260.5    98.1    80.4   132.8   147.7   250.7   294.5   322.2   342.6   363.9   389.7   428.0   505.3   633.5  1339.7  49531.5    49464
read      251.9    95.6    80.4   149.5   165.6   248.6   275.3   289.8   300.0   316.1   337.3   368.1   433.0   600.6  4821.1  24053.0    24034
read      258.1   115.2    74.4   126.5   140.1   236.3   289.0   321.0   345.4   371.7   404.5   455.0   572.2   928.3  1999.5  77324.0    77363
read      257.1   111.8    74.4   127.0   140.8   233.7   286.2   319.5   344.5   372.1   406.2   459.3   577.8   841.0  1518.8  91380.5    91698
read      269.0   114.7    86.8   144.5   161.0   262.1   299.3   323.8   340.9   359.9   382.1   416.7   496.2   731.7  5175.6  38866.0    38997
read      264.0   118.4    74.4   130.0   144.2   240.4   293.7   328.9   354.0   381.0   415.3   465.7   598.8   872.8  2510.5  86016.0    86028
read      261.2   132.5    80.4   127.7   141.8   237.6   290.2   324.5   349.3   376.2   409.2   460.3   586.7  1027.0  2944.5  82613.5    83012
read      250.4    69.1   101.3   164.6   181.6   246.0   268.1   280.1   289.6   300.8   319.7   351.6   415.0   560.0  2374.6  15032.5    15024
read      263.9   127.4    80.4   132.5   147.9   249.6   297.0   328.3   349.4   371.6   399.1   439.3   531.4   689.4  5615.8  56549.5    56640
read      265.2   130.5    74.4   129.3   143.7   238.9   293.1   327.9   353.1   382.2   420.0   476.2   613.1  1173.0  2545.0  97101.0    97362
read      270.6   145.7    80.4   129.1   143.8   241.3   296.2   332.2   358.4   389.0   429.2   495.6   678.6  1385.9  3637.3 107524.0   107412
read      260.3   128.3    74.4   128.5   142.6   242.2   292.7   324.7   347.3   371.5   402.1   449.9   546.5   797.9  2981.6  65252.0    65030
read      257.6   124.2    74.4   125.6   139.4   234.3   287.7   321.2   347.2   373.6   406.0   457.0   578.6   915.6  1861.5  79373.5    79278
read      261.1    94.3    80.4   133.9   149.2   252.7   295.0   322.2   342.4   363.4   388.5   425.6   504.2   653.8  1122.3  47520.5    47544
read      274.7   139.4    80.4   132.0   147.6   246.4   303.2   340.1   366.1   396.4   434.8   497.0   657.2  1332.6  2549.0 105294.5   105368
read      260.1   101.8    74.4   130.2   144.5   245.9   294.2   325.4   347.9   370.4   398.2   438.0   525.7   669.8  1511.6  58191.0    58181
read      263.4   137.1    80.4   130.6   144.8   246.7   294.6   325.5   347.3   369.9   397.8   440.1   544.1  1419.0  4964.1  57171.0    56960
read      241.6    58.2    93.8   157.7   175.2   238.2   259.6   271.0   279.7   290.9   306.8   335.9   400.1   782.0  1009.7  14895.0    14849
read      260.6   104.4    80.4   129.2   143.5   244.4   294.0   326.6   349.3   372.5   401.5   446.6   544.1   746.3  1361.4  63632.5    63672
read      263.1   112.6    80.4   134.5   149.6   253.5   295.9   323.3   342.9   363.2   387.7   426.1   512.7   844.6  4038.4  48307.5    48289
read      236.1    83.9    93.8   158.1   173.8   230.7   251.3   263.2   271.4   282.0   295.1   323.3   392.2   950.2  3140.4  11916.5    11797
read      238.1   123.4    93.8   159.8   174.7   231.0   250.7   262.4   270.7   281.5   295.5   326.3   402.3  1040.3  5083.0  10606.0    10781
read      266.7   111.3    80.4   135.3   150.2   255.3   300.8   330.5   350.3   371.2   397.3   436.1   528.9   785.8  3504.4  49269.0    49362
read      269.0   128.8    80.4   130.7   145.7   243.2   297.3   333.2   358.4   387.3   424.5   482.6   628.5  1126.7  2360.1 101774.5   102119
read      264.9   111.7    80.4   135.9   151.0   254.9   296.5   324.8   343.9   364.6   390.1   429.7   514.3   987.2  3223.8  46051.5    46213
read      263.9   120.5    80.4   129.0   143.1   238.6   292.8   327.9   353.0   381.6   418.0   471.0   612.4  1055.7  1921.9  97101.0    97025
read      247.0    97.1    93.8   152.8   170.1   242.3   266.8   279.9   290.0   302.5   321.3   351.8   421.2   909.5  2089.5  18384.5    18351
read      250.5    79.0    93.8   151.3   168.4   247.6   273.4   287.6   296.7   312.1   331.4   360.8   425.6   605.1  1989.8  21557.5    21426
read      267.4   159.1    80.4   136.8   151.7   255.4   295.6   320.9   340.6   361.8   387.1   427.3   545.8  1454.6  7918.0  42838.5    43013
read      275.4   244.4    74.4   128.8   143.2   244.7   296.6   332.0   356.6   382.9   418.2   474.8   717.2  2488.1 10929.3  67020.0    67376
read      255.2    90.0    80.4   138.9   154.6   251.6   285.4   304.3   319.3   337.9   360.1   392.1   462.0   597.0  2247.4  35943.5    36043
read      222.7    71.6    93.8   155.9   167.6   216.8   233.9   244.6   252.0   261.7   273.0   294.5   383.9   949.8  2023.4   6332.0     6255
read      255.9   114.3    74.4   125.7   139.8   230.9   283.2   315.8   340.7   369.1   404.5   460.7   608.1   951.4  1707.7 101903.5   102499
read      250.7    87.0    86.8   144.9   161.8   247.3   274.0   289.4   300.5   316.2   336.8   367.8   450.3  1006.9  2276.4  26294.5    26263
read      258.7   104.2    80.4   129.5   143.8   246.3   294.4   323.6   345.0   367.2   393.5   431.3   514.9   645.8  1421.2  57104.0    56974
read      259.5    88.5    80.4   136.3   151.9   255.8   292.7   315.4   332.4   351.2   372.8   406.1   483.4   662.9  1185.8  40919.0    40869
read      259.9   125.6    80.4   133.3   148.3   252.5   294.2   319.7   338.6   358.6   381.7   418.7   501.9   656.6  1338.3  46347.0    46514
read      233.0    98.2    93.8   155.4   170.8   227.2   246.5   257.1   266.2   275.3   290.9   316.5   392.5   966.6  4257.0  11463.5    11431
read      259.3   125.8    80.4   128.7   143.1   245.6   293.2   322.1   343.4   365.5   392.3   432.2   529.6   801.2  3103.3  58459.0    58600
read      255.7   111.7    80.4   125.7   140.1   238.8   289.4   319.6   343.1   367.1   396.2   438.2   531.9   697.4  2875.7  68200.5    68058
read      259.5   103.0    80.4   130.7   145.6   248.2   294.0   322.1   343.3   364.6   390.2   429.1   512.5   695.6  2775.7  54375.0    54502
read      258.2   103.0    80.4   127.4   141.5   242.9   292.8   322.9   345.5   369.3   398.7   441.9   534.1   677.7  1473.4  64279.5    64022
read      263.1   102.9    80.4   131.7   146.8   251.9   297.1   326.0   346.0   368.1   395.2   435.1   531.8   819.2  1837.5  52140.5    52142
read      257.3   114.2    74.4   126.6   140.7   233.1   285.4   318.1   343.1   370.8   405.7   459.6   588.6  1025.3  1730.6 101480.0   101375
read      259.0    88.7    80.4   136.4   151.9   253.7   291.9   314.7   332.1   351.5   373.7   406.8   482.7   628.8  1738.4  40603.5    40606
read      259.9   104.2    80.4   131.8   147.0   251.4   294.7   320.7   340.5   361.1   385.1   420.6   495.4   728.2  3009.3  47233.5    47485
read      257.5    94.3    80.4   130.8   145.7   249.5   292.6   318.6   337.7   358.7   383.1   418.4   492.8   638.9  1889.6  49020.0    48977
read      258.3   175.7    86.8   137.1   152.3   252.2   288.5   309.1   324.8   343.7   366.2   398.5   469.0   631.2 10482.2  38603.0    38615
read      251.8   114.2    74.4   123.3   137.2   229.6   282.6   315.6   340.8   367.4   399.2   446.0   543.6   736.5  2374.2  80219.0    80279
read      254.3   111.2    74.4   124.9   138.8   233.4   285.8   318.8   343.4   369.4   400.4   446.8   540.2   798.9  1794.6  76158.0    75843
read      255.9   103.3    74.4   126.2   140.5   238.6   290.0   321.9   345.5   369.7   398.6   440.0   529.8   699.8  1296.8  67416.0    67095
read      257.5    89.9    80.4   135.6   150.6   253.7   291.1   313.6   330.5   348.7   370.6   403.1   470.9   590.3  1179.6  41508.0    41325
read      257.6   120.5    80.4   128.3   142.4   244.7   291.5   318.8   339.7   362.1   388.4   427.9   508.2   908.1  4223.5  56006.0    55752
read      249.7   105.8    74.4   122.8   136.7   228.1   279.8   311.1   335.8   363.3   395.3   443.4   543.0   790.8  1607.8  85381.5    85561
read      235.0    86.9    93.8   153.2   169.4   231.2   252.1   264.2   272.3   283.2   295.9   321.5   387.2   905.2  3821.5  14146.5    14194
read      251.2   107.9    80.4   123.7   137.8   229.4   281.2   313.0   338.0   365.5   397.9   445.8   544.3   752.7  1554.4  87829.0    88002
read      251.9   118.7    80.4   123.4   137.4   228.4   280.1   311.9   337.0   364.3   397.1   447.7   562.2  1080.4  2486.9  90764.5    90515
read      263.2   117.2    80.4   129.4   143.9   238.9   291.5   325.2   350.0   378.3   415.0   467.8   595.6  1086.4  2121.3 108882.0   109283
read      251.1    92.2    80.4   143.7   160.9   248.7   276.8   292.1   304.1   319.3   339.6   369.0   434.2   560.9  3316.8  26813.0    26699
read      257.9   112.2    80.4   138.2   153.6   252.5   287.7   308.1   323.9   343.0   365.2   396.4   467.5   994.2  4003.3  37459.5    37400
read      242.3    73.7    86.8   150.1   166.9   239.4   263.0   274.7   284.9   295.5   313.7   342.0   403.0   882.4  2514.9  19368.5    19307
read      229.5    89.7    93.8   155.0   170.1   224.5   243.2   253.6   262.4   271.9   286.0   310.1   374.3   965.6  4021.8  11651.5    11527
read      250.1   110.1    74.4   122.8   136.6   228.8   280.4   312.0   337.1   364.4   396.6   443.0   539.2   790.2  1507.8  83668.0    83787
read      247.5    87.5    86.8   148.2   165.4   243.8   270.2   284.6   294.6   309.4   328.9   360.0   424.8   604.5  2622.0  22263.0    22209
read      252.1   121.9    80.4   122.5   136.3   231.8   284.1   315.7   340.0   366.0   396.8   442.6   538.2   716.2  3676.5  75066.0    75169
read      254.0   107.8    74.4   124.7   138.7   234.6   287.4   319.6   343.9   368.8   398.7   442.7   536.6   693.3  1564.4  73761.0    73833
read      252.2   130.2    74.4   123.6   137.5   228.2   279.5   311.4   336.8   365.1   399.0   451.9   575.0   899.7  3383.3  94537.0    94641
read      257.7   116.7    74.4   126.7   141.0   241.8   291.8   322.6   345.0   368.2   396.2   435.3   528.4   756.3  3322.0  61527.5    61338
read      246.6   127.9    74.4   120.7   134.3   223.5   274.2   304.6   329.1   356.6   389.7   436.9   540.9   960.1  4650.3  92025.0    91825
read      253.2   147.0    74.4   124.0   138.1   231.4   283.5   314.9   339.4   365.9   397.3   444.4   541.9   763.3  7921.9  77611.0    77235
read      254.9    88.0    80.4   137.0   152.6   252.3   286.9   306.2   321.2   340.2   361.9   392.7   457.9   586.6  1001.2  37027.0    37257
read      253.5    80.7    80.4   140.2   156.2   252.4   283.0   298.5   312.9   329.7   350.8   380.4   447.6   589.4  1444.5  32115.5    32057
read      254.9   119.3    74.4   126.1   140.3   231.2   282.1   313.7   337.5   364.7   399.5   453.7   575.1  1045.8  2643.2 108615.5   108618
read      251.3   106.9    74.4   123.4   137.4   232.4   284.4   314.4   338.2   363.7   394.4   437.3   528.3   714.6  1992.0  72968.0    72930
read      256.4    96.4    80.4   132.9   148.4   250.9   290.7   313.6   330.9   349.9   372.0   404.1   479.1   618.6  2054.6  43911.0    43714
read      246.0   122.1    74.4   121.2   134.5   224.0   274.9   304.8   328.9   356.2   388.1   433.7   529.3   863.9  4789.7  87515.5    87369
read      254.1   108.7    80.4   127.8   141.8   242.8   289.2   316.0   335.9   357.6   382.9   421.0   500.5   701.4  2005.0  56580.0    56640
read      252.9   121.7    74.4   125.0   138.9   229.0   280.4   312.1   336.9   364.9   399.0   450.4   567.8   949.6  2760.7  97527.0    97360
read      251.3   106.8    74.4   123.1   137.0   230.9   283.0   314.2   338.4   364.8   396.2   442.4   541.3   730.7  1842.0  79431.5    79788
read      231.5    79.0    93.8   157.0   172.0   227.4   247.0   257.6   266.0   274.4   288.6   312.8   377.3   917.5  3161.7  11472.0    11352
read      250.2   117.9    74.4   123.6   137.5   228.0   279.5   310.6   335.5   363.7   396.6   444.4   543.9   739.3  2231.8  87714.5    87962
read      254.9   143.7    80.4   135.0   150.5   250.1   286.5   306.4   321.7   341.4   364.4   396.8   465.7   593.9  5716.9  40976.5    40663
read      256.9   133.6    74.4   127.3   141.5   242.1   290.8   319.2   339.8   362.2   388.8   427.5   506.8  1051.1  4440.9  59423.0    59386
read      255.5    93.7    74.4   130.8   145.7   248.2   290.3   315.0   333.7   354.2   376.8   409.8   489.7   640.4  1600.7  48380.0    48302
read      244.9    78.2    86.8   150.6   167.5   242.2   265.9   278.0   287.8   297.8   317.3   346.0   408.9   902.3  2052.1  19529.5    19398
read      249.0   111.2    74.4   122.4   136.4   228.0   280.1   310.6   334.9   361.5   393.0   437.5   535.1   796.3  1912.6  82062.5    82197
read      254.3   109.6    80.4   125.1   138.9   232.9   285.7   317.6   343.6   370.4   401.8   447.8   541.4   792.3  1771.0  77343.0    77387
read      252.6   103.9    80.4   124.5   138.4   233.6   286.0   317.3   341.0   366.8   397.3   440.0   529.1   707.4  1234.3  72590.0    72753
read      225.2   115.5    93.8   154.8   167.7   218.1   235.7   247.2   254.5   265.2   276.9   302.3   382.8   952.2  5747.6   7650.5     7720
read      256.3    95.7    80.4   132.2   147.0   249.5   290.4   314.1   332.0   351.9   374.3   410.3   485.1   653.8  1911.4  45786.0    46279
read      255.3    93.8    80.4   134.4   149.7   250.3   288.4   309.6   325.9   345.5   368.9   401.4   470.9   632.6  2627.4  41999.0    42102
read      248.7   120.5    74.4   122.6   136.4   225.6   277.0   308.0   333.0   361.2   394.2   442.9   544.8   799.0  4114.8  90719.0    90892
read      256.7    86.1    80.4   135.6   151.3   252.9   289.9   311.5   328.0   345.8   367.8   400.5   467.8   588.0  1425.8  39645.5    39976
read      255.8   102.6    80.4   126.8   140.8   241.3   291.7   321.6   343.8   366.4   393.6   432.7   510.6   642.9  2163.3  61119.5    61084
read      237.5    66.0    86.8   150.9   167.8   234.4   257.0   268.7   276.5   288.4   303.5   333.5   398.8   779.8  2843.6  16728.0    16735
read      255.6    92.9    80.4   132.2   147.5   249.0   290.0   314.3   332.4   352.2   375.1   410.5   477.0   589.7  1910.9  45865.5    45909
read      250.6    74.7    80.4   141.6   158.5   248.8   278.4   293.5   306.4   322.0   343.3   372.1   436.2   594.5  1249.3  29006.5    28976
read      255.5   135.4    74.4   123.9   138.0   230.5   283.2   315.4   341.0   369.1   403.4   455.3   559.7  1855.1  3286.2  84773.5    84704
read      259.9   124.4    80.4   128.5   142.7   235.5   288.1   320.6   344.9   372.6   407.7   460.9   580.2  1094.5  2187.9 101944.0   101822
read      252.3   114.8    80.4   123.3   137.3   228.4   279.9   311.3   336.3   364.9   399.3   451.4   573.8  1173.6  2082.4  92608.0    92571
read      230.3    69.2    93.8   154.7   170.4   226.4   245.2   255.3   264.1   273.0   287.2   310.9   374.6   917.8  2356.7  12165.5    12106
read      255.2   100.7    80.4   128.1   142.1   242.3   290.8   319.4   340.5   362.6   388.5   426.6   505.8   634.7  1367.5  58648.5    58568
read      254.2    94.8    80.4   129.8   144.3   243.9   289.1   314.8   334.5   356.0   380.3   416.6   495.2   632.9  1566.6  51302.0    51319
read      244.2    80.0    86.8   147.7   164.7   241.9   267.0   280.2   290.1   302.2   320.1   347.6   406.7   644.0  1939.6  21445.0    21556
read      234.8   100.3    86.8   153.1   170.1   230.0   250.2   261.7   269.9   280.0   294.0   320.1   385.3   930.4  3821.4  14148.5    14191
read      252.5    90.3    80.4   141.8   158.3   249.8   279.5   295.0   308.6   324.5   345.8   373.1   437.3   783.5  3787.8  29114.0    29072
read      236.3    72.7    80.4   150.6   167.1   233.3   255.5   267.8   275.6   287.4   300.9   328.5   386.8   873.9  3161.7  16472.5    16350
read      251.5   109.9    74.4   123.6   137.6   229.6   281.3   313.2   338.4   365.7   398.1   445.3   547.6   796.0  2127.3  86670.0    86891
read      245.5   125.8    80.4   122.4   136.4   223.0   272.1   300.6   323.9   352.3   386.7   435.6   539.8   799.4  5770.0 104389.5   104441
read      220.5    58.2    86.8   152.5   165.5   216.9   234.6   245.3   252.4   262.1   273.3   293.1   354.9   901.6  2069.6   8993.5     8906
read      255.2   104.2    80.4   134.0   149.3   250.0   288.0   310.2   327.5   346.1   368.3   400.2   469.3   586.9  4974.3  42036.0    42175
read      254.8   104.0    80.4   129.7   143.9   245.1   289.4   315.0   334.4   355.9   380.4   417.3   493.4   650.4  3391.1  51564.0    51797
read      253.6   119.3    80.4   124.3   138.2   232.6   284.8   316.7   341.0   367.3   398.3   444.8   537.7   866.8  3894.5  76746.0    76678
read      241.3    71.1    93.8   149.5   165.8   238.8   262.8   274.6   284.8   295.2   312.8   341.5   402.7   722.0  1894.6  19713.0    19630
read      254.7   144.6    80.4   124.8   139.1   229.1   280.5   312.4   337.6   365.7   400.0   451.7   567.4  1462.9  5776.8 100362.0   100132
read      255.4    89.7    80.4   135.4   150.4   251.8   288.6   309.2   324.9   343.7   366.3   398.1   465.8   626.0  1742.7  40553.5    40498
read      258.1   144.0    74.4   126.6   140.8   232.6   284.1   316.0   340.4   368.3   402.6   457.0   590.5  1370.0  4164.0 108654.5   108559
read      247.3    73.2    74.4   146.7   163.3   245.6   271.4   285.5   294.9   309.0   327.1   357.1   423.1   586.9  2086.8  23862.5    23964
read      253.3   117.3    74.4   125.4   139.2   234.5   286.2   316.9   340.6   365.8   394.9   436.1   526.1   712.4  2978.8  70629.0    70760
read      256.7   119.8    80.4   126.4   140.4   232.4   285.2   318.0   343.1   371.2   406.1   460.9   584.5   893.5  1946.8  99725.0    99567
read      263.7   140.5    80.4   129.0   143.6   237.8   291.0   324.6   349.5   377.8   414.8   468.3   602.9  1131.2  4954.5 107156.5   107548
read      255.5    93.8    80.4   129.3   143.6   245.6   291.7   318.3   338.1   359.8   384.9   421.7   496.8   638.3   877.5  53874.5    53742
read      257.0   114.1    80.4   127.3   141.3   233.5   285.2   317.6   342.7   370.8   405.0   458.0   571.6   927.2  2430.0 103578.0   103931
read      258.3   113.9    80.4   127.7   141.9   243.4   293.4   323.3   345.4   368.9   396.6   435.8   524.9   713.2  2696.1  60476.0    60359
read      226.2    66.9    93.8   154.5   168.2   221.3   240.1   251.1   259.4   269.8   283.6   306.8   372.5   916.1  3118.8   9737.0     9725
read      254.1   106.3    80.4   129.3   143.3   245.3   289.6   314.8   333.6   354.3   378.2   414.4   488.9   618.7  3683.4  51550.0    52014
read      255.0   100.9    80.4   134.5   149.6   250.3   287.3   308.1   324.0   343.5   365.9   397.1   465.3   646.1  3997.7  39904.0    40053
read      254.6   146.4    74.4   122.7   136.6   228.6   281.7   313.5   339.0   366.3   399.1   449.1   584.7  1721.2  4014.4  85688.5    86436
read      247.7    79.5    86.8   146.2   162.6   244.8   271.5   286.2   296.0   311.6   332.0   363.3   426.4   590.8  3133.0  24142.0    23983
read      255.3   106.6    80.4   125.6   139.5   237.6   289.1   320.2   344.2   369.4   399.1   442.5   529.6   715.0  2555.8  66573.5    66595
read      247.8   131.3    80.4   142.8   158.9   245.3   272.7   287.6   297.2   313.3   332.9   361.0   418.8   620.0  4005.9  26090.0    26056
read      252.3    93.1    80.4   128.3   142.3   242.7   287.5   312.4   331.9   353.8   377.7   415.2   490.3   637.7  1169.4  51511.0    51764
read      252.3    91.5    74.4   133.2   148.5   248.9   285.1   304.6   319.7   339.4   362.5   395.1   462.7   585.9  3219.6  40263.5    40202
read      252.5   126.4    74.4   123.4   137.2   230.7   283.4   315.3   340.1   366.5   397.8   443.7   542.1   855.7  2560.5  76955.5    76665
read      224.9    66.5    86.8   152.7   167.2   220.8   238.9   249.8   257.4   267.5   279.7   302.4   369.0   929.7  2967.0  11160.5    11133
read      245.7   120.3    74.4   120.0   133.4   224.5   276.0   305.0   328.3   354.7   385.1   430.0   532.0  1085.9  3370.2  79977.0    80405
read      246.3   104.3    74.4   120.7   134.1   225.7   277.5   307.8   331.8   358.8   390.3   435.4   532.9   741.5  1195.7  79238.5    79106
read      242.5   108.1    74.4   120.2   133.5   220.2   270.5   299.0   322.9   351.2   385.0   433.5   535.6   754.1  1441.5  97540.0    97258
read      251.4    80.0    80.4   135.8   151.4   249.1   282.5   299.8   314.9   333.0   355.0   386.7   455.1   568.8  1212.9  36145.0    36307
read      250.7   111.4    86.8   141.3   157.8   247.8   276.9   292.1   304.1   319.1   339.4   368.7   433.8   738.8  5157.9  28591.5    28636
read      252.7   100.7    80.4   133.0   148.4   248.2   284.8   304.7   320.7   340.6   363.4   396.4   464.7   677.8  4444.8  41628.5    41620
read      247.0   115.1    74.4   121.2   134.7   227.2   279.1   308.5   331.7   357.6   387.5   431.6   531.2   747.1  1801.1  76075.5    75736
read      253.2   106.5    74.4   130.8   145.6   246.8   286.5   308.6   326.0   345.5   368.0   401.1   472.3   948.4  2719.6  45010.5    44979
read      251.3    79.1    80.4   139.1   155.0   249.2   280.3   296.3   310.9   327.7   348.5   377.9   445.8   592.6  1988.5  31602.5    31478
read      252.2    87.1    74.4   135.5   151.0   249.2   284.2   302.8   318.0   336.8   359.1   390.4   456.0   550.0  1920.8  37686.5    37586
read      255.8   125.9    80.4   127.1   141.1   232.2   283.4   315.1   339.4   367.0   400.8   453.9   567.8  1060.1  2755.4 108433.0   108330
read      248.4   101.4    80.4   123.5   137.4   233.1   283.4   310.2   331.0   355.1   382.9   422.8   504.1   674.3  2777.1  64316.0    64301
read      224.2    66.4    93.8   152.1   166.3   220.8   238.6   249.6   257.1   267.2   279.1   300.2   367.1   904.1  2018.4  11221.5    11203
read      219.4    96.8   101.3   151.6   163.6   212.9   230.8   240.9   248.6   257.5   271.0   293.1   376.7   938.6  4962.6   7190.0     7291
read      247.8   105.1    80.4   121.9   135.7   226.6   277.7   308.1   332.4   360.3   393.2   440.8   541.1   743.0  1200.8  86756.5    87477
read      249.2   130.1    74.4   122.9   136.6   228.7   280.3   310.0   333.9   360.6   391.8   435.5   530.9   728.2  2926.6  77465.0    77485
read      254.5    95.7    80.4   133.1   148.4   250.1   287.4   308.3   324.4   344.1   366.9   399.8   472.0   675.3  2414.3  41884.0    42055
read      249.7    92.8    86.8   143.0   159.4   246.9   274.5   289.7   300.5   316.3   337.3   366.9   432.8   873.6  3136.4  26999.0    26865
read      249.0   107.2    74.4   122.5   136.6   226.6   277.8   308.9   333.7   362.0   395.3   445.7   549.1   805.4  1479.3  94012.0    94592
read      253.4   102.3    80.4   125.2   139.2   236.6   287.6   317.9   341.1   365.5   394.3   434.4   520.6   669.9  1965.6  67080.0    66869
read      236.5    86.2    93.8   149.0   164.9   233.2   255.6   268.0   275.9   287.8   301.9   331.1   399.1   903.2  3169.8  17607.0    17835
read      254.2   102.8    80.4   127.8   141.9   243.1   289.5   316.2   336.7   359.0   385.0   423.1   498.0   627.2  2496.8  55442.0    55977
read      252.5   115.2    80.4   123.9   137.8   230.6   283.0   315.0   339.9   366.6   398.5   447.1   544.8   814.9  2671.0  82436.5    82437
read      232.8    73.0    86.8   151.0   166.8   229.5   250.2   262.0   270.2   280.4   293.8   317.8   382.7   916.0  2030.0  15677.0    15775
read      249.7   107.4    80.4   123.0   136.8   227.5   279.5   310.7   335.6   363.1   396.0   443.9   546.4   773.9  1484.8  87222.5    87559
read      255.7   123.2    74.4   127.0   141.2   231.9   282.9   314.9   339.6   367.6   402.2   454.6   568.1  1017.2  2374.8 105139.5   105401
read      246.3   108.8    74.4   121.6   135.5   224.3   275.5   306.1   330.7   357.6   389.9   436.5   539.0   777.6  1573.2  89119.0    88752
read      245.0   118.8    74.4   120.9   134.4   222.1   272.4   302.2   326.7   354.9   387.5   436.2   544.0   933.8  2202.0  94549.0    94531
read      247.7   109.2    74.4   122.5   136.4   224.3   274.2   304.3   329.1   358.4   393.8   446.3   549.4   908.9  2048.0 101565.5   101303
read      249.9   107.0    74.4   122.6   136.7   227.8   279.0   310.9   336.0   363.7   396.9   446.3   549.1   815.4  1605.5  86896.5    86640
read      247.0   109.1    74.4   121.9   135.8   225.9   277.8   307.3   331.4   359.3   391.8   436.4   526.8   706.0  1650.5  84797.0    84818
read      245.5    73.4    86.8   151.2   168.7   242.8   266.5   278.8   288.9   300.3   318.9   346.7   404.5   894.7  2488.7  20287.0    20221
read      255.2    89.0    80.4   132.6   147.5   250.8   290.2   312.7   329.9   349.3   371.4   403.4   469.5   577.8  1326.4  43746.0    43599
read      255.1    98.4    74.4   129.0   143.2   245.3   291.2   317.3   337.7   359.3   383.8   420.3   491.9   609.3  1919.3  52788.5    52779
read      252.3   142.5    74.4   123.4   137.4   228.3   280.1   311.8   337.3   365.6   400.2   450.8   552.4   907.0  6345.3  89840.0    89855
read      254.1    97.9    80.4   130.2   144.9   247.0   289.4   313.1   331.4   352.1   374.4   409.7   479.9   598.4  1950.2  48616.0    48532
read      267.1   171.7    74.4   128.2   142.6   237.9   291.9   326.1   351.0   379.5   417.4   475.2   636.8  2332.1  3752.3 107613.5   107423
read      254.3    89.3    80.4   131.4   146.3   248.7   289.1   312.6   330.5   350.3   372.5   405.2   474.7   622.9  1239.8  46510.5    46535
read      254.5    89.8    80.4   131.0   145.6   248.3   290.0   313.6   331.5   351.5   374.2   409.4   479.8   589.6   908.6  47483.0    47535
read      255.1    98.0    74.4   129.5   144.2   246.7   290.3   315.1   334.6   355.9   379.5   414.8   487.2   652.0  1987.5  49696.5    49633
read      249.5    85.7    80.4   139.9   156.0   247.6   277.5   293.2   306.0   321.1   342.9   373.0   436.5   586.9  2555.5  30271.0    30334
read      237.1    71.8    93.8   149.9   165.9   234.4   256.4   268.3   275.9   287.7   301.5   330.4   396.8   942.0  2129.3  17161.0    17207
read      243.4   107.5    74.4   121.0   134.6   221.0   270.7   299.1   322.9   351.0   385.1   434.7   540.5   848.4  1744.3 105305.5   106074
read      251.1   100.6    80.4   129.0   143.2   243.7   285.6   308.3   326.3   347.4   371.7   405.2   475.3   624.8  1245.3  49017.0    48912
read      249.0   109.7    68.9   122.7   136.4   225.6   276.8   308.1   333.2   361.6   396.5   448.8   554.6   819.6  1841.3  96597.5    96483
read      253.4    87.5    80.4   134.2   150.0   249.5   285.9   305.2   320.5   340.3   363.5   396.3   462.9   646.9  1965.3  39484.0    39228
read      253.2   152.4    74.4   122.4   136.4   228.0   279.3   310.6   335.4   363.3   397.1   448.9   583.1  1300.3  6759.7  92458.0    92350
read      247.9   108.1    74.4   122.2   136.1   226.5   278.4   308.5   333.1   360.6   392.8   437.8   535.5   765.4  1838.3  85114.0    85084
read      249.8   105.0    74.4   122.3   136.1   229.0   281.5   312.8   337.3   363.9   395.4   441.9   536.8   741.7  1378.3  81937.5    81993
read      244.8   108.7    68.9   121.2   134.8   222.4   272.6   302.0   326.3   354.3   387.7   436.5   543.3   810.6  2355.1 101763.5   101617
read      235.8    59.2    86.8   150.6   166.5   232.8   255.0   267.6   275.4   287.1   300.2   327.9   393.0   787.1  1093.2  16770.0    16730
read      252.3   106.4    74.4   123.7   137.7   234.1   285.7   317.2   340.8   365.5   395.2   438.1   528.9   687.8  1968.9  71247.5    71079
read      262.4   125.5    80.4   128.6   143.0   238.1   290.9   323.9   348.6   376.8   412.1   464.2   593.9  1129.8  3159.1 109160.5   108942
read      255.5   115.8    74.4   128.0   142.0   243.2   290.0   317.4   338.2   360.4   386.2   424.7   503.5   684.2  4052.3  55319.5    55406
read      257.4   114.2    80.4   133.1   148.8   250.5   289.4   312.1   329.5   348.7   371.0   404.3   484.0   748.3  3457.6  42162.0    42279
read      245.3   130.3    86.8   146.3   163.1   240.6   265.6   278.7   288.7   299.9   318.3   348.5   412.4  1556.1  7310.4  22023.0    21876
read      252.3    82.6    80.4   137.8   153.3   250.3   283.2   299.8   315.0   332.8   353.9   383.4   447.6   574.5  2999.6  34140.5    34140
read      253.4    88.6    80.4   132.6   147.8   248.4   286.8   308.3   325.0   344.8   367.9   400.5   468.5   616.4  1664.4  43164.0    42897
read      237.3    76.1    86.8   147.4   164.4   234.0   257.3   269.9   279.0   290.5   306.7   335.7   392.9   871.5  3062.3  18548.0    18462
read      250.1   111.1    80.4   123.2   137.1   226.4   277.1   308.7   333.5   361.9   396.8   450.8   573.0   904.8  1541.7 100115.0   100375
read      254.2    91.4    80.4   134.0   149.2   249.4   287.6   309.0   325.5   345.0   367.5   399.2   466.7   585.7  2613.3  41526.0    41347
read      255.2   142.8    74.4   123.9   138.2   228.9   280.0   311.8   336.7   365.5   400.5   454.8   590.1  1914.8  3101.2 101415.5   101594
read      258.5    97.3    80.4   132.5   147.3   250.2   293.5   319.6   339.5   360.5   384.4   419.0   493.1   611.6  1005.6  47651.5    47486
read      251.3   104.0    80.4   123.6   137.5   232.1   284.6   315.8   340.7   366.0   395.2   437.7   525.4   708.0  1456.8  73639.5    73393
read      255.5    93.5    80.4   129.5   144.0   246.8   291.7   317.5   337.7   359.1   382.9   417.5   486.3   591.9   922.8  50914.0    51134
read      255.1   145.8    74.4   126.7   140.7   241.2   289.3   317.3   338.3   360.9   387.5   426.0   501.4   633.9  7754.6  58189.0    58201
read      251.3   125.9    80.4   123.0   136.6   232.1   284.6   315.9   340.3   365.4   394.7   435.7   520.5   671.0  3693.3  70987.0    71020
read      252.6   138.4    74.4   123.5   137.5   232.8   284.9   315.6   339.7   364.8   394.5   436.5   527.6   733.8  6654.4  71913.0    72071
read      254.0   111.7    80.4   124.9   138.9   230.4   282.8   315.4   341.1   369.0   403.1   454.6   564.6   890.2  2248.4  93410.0    93446
read      253.1   101.8    86.8   142.0   158.9   249.3   279.1   294.7   308.2   323.9   346.0   377.3   449.1   917.9  3665.6  28739.0    28724
read      257.8   116.6    74.4   127.5   141.6   242.9   291.9   321.6   343.1   366.0   393.0   431.9   526.9  1004.6  3199.9  59045.5    59269
read      253.0   107.9    80.4   123.1   137.5   232.7   285.9   317.1   341.1   367.4   399.2   446.2   541.4   742.6  1618.8  74709.0    74624
read      257.2   100.9    74.4   130.1   144.4   246.5   292.0   319.5   340.1   361.5   386.4   423.8   500.0   665.3  2411.7  52442.0    52368
read      225.4    64.0    93.8   154.6   168.5   220.9   238.6   249.5   257.0   267.0   278.8   301.8   373.2   931.3  1898.3   9589.5     9687
read      256.1    89.6    74.4   132.9   148.2   250.9   290.8   313.7   331.1   350.7   373.6   407.3   472.2   581.3  1343.1  44199.0    44165
read      219.7    80.6   101.3   153.5   165.7   214.3   231.9   242.1   249.8   258.8   270.8   291.7   354.1   936.4  3864.8   6855.5     6895
read      257.2   115.8    74.4   128.8   142.9   244.6   291.2   317.9   338.5   360.7   386.9   425.9   508.9   805.4  3600.0  55222.0    55457
read      255.9   110.2    74.4   125.6   140.2   240.4   290.9   320.7   343.3   366.7   395.0   435.5   520.7   694.2  1994.4  61256.0    61164
read      260.2   112.1    80.4   128.5   142.8   236.5   289.1   322.6   347.6   375.9   411.3   463.7   587.1   846.9  1328.2 108254.0   108384
read      255.9    79.3    80.4   140.2   156.3   253.7   286.3   304.4   318.9   337.2   359.1   390.1   456.5   580.7  1329.9  33234.5    33319
read      246.1   113.5    74.4   122.0   135.7   223.6   274.1   304.7   329.4   357.8   390.8   436.5   537.3   755.7  2284.7  97585.5    97895
read      255.6   105.4    80.4   135.6   151.0   251.7   287.6   307.8   323.4   342.3   364.5   396.3   461.5   619.4  3497.2  39535.0    39720
read      252.3   126.3    74.4   124.3   138.2   233.8   285.2   314.5   337.5   363.1   393.1   434.4   523.1   720.9  4527.2  68383.5    68554
read      247.5   117.0    74.4   121.0   134.7   225.1   276.0   306.4   331.1   359.2   392.4   440.0   546.0   878.3  2149.2  86550.0    86849
read      252.7    97.9    80.4   140.4   157.0   249.4   279.9   295.1   308.5   324.0   344.8   374.6   449.8   975.9  2986.5  30422.5    30264
read      250.9   110.8    74.4   123.8   138.1   228.3   278.8   310.1   335.3   363.9   397.3   446.7   546.3   893.1  2137.3 100229.5   100754
read      249.9   122.9    74.4   122.0   135.8   225.5   275.8   307.1   332.4   361.4   396.8   450.8   574.5   997.5  2922.7  97901.0    98098
read      247.2   109.1    74.4   120.9   134.5   225.7   277.1   307.3   332.3   360.1   392.3   437.8   539.9   829.4  2006.3  86216.0    86028
read      248.9   113.2    74.4   122.6   136.4   226.6   276.9   308.2   332.9   360.6   394.9   445.3   547.4   796.2  2128.1  93199.0    93054
read      256.8    90.0    80.4   132.3   148.0   252.0   290.4   313.3   331.0   351.0   373.6   408.7   485.4   624.4  1961.1  42509.5    42348
read      251.9    96.5    80.4   139.5   156.6   248.3   279.1   295.2   309.1   325.4   346.4   377.9   451.7   668.1  3687.0  29458.0    29490
read      242.3    79.6    86.8   149.9   166.9   238.3   262.4   274.4   284.6   295.3   313.9   343.6   410.7   941.7  3075.9  18264.5    18187
read      252.4   120.7    74.4   121.7   135.8   229.0   279.9   310.5   335.1   363.4   398.6   454.9   583.9  1155.7  2199.9  94977.0    95113
read      226.6    73.8   101.3   154.3   167.7   220.8   239.7   250.7   259.0   269.5   283.4   306.8   375.3  1001.2  2249.5   8585.5     8570
read      252.5   100.2    74.4   123.5   137.6   238.0   288.2   317.5   339.7   363.3   391.5   432.0   514.7   650.4   870.7  62216.5    62285
read      251.9   106.6    80.4   125.0   139.5   241.5   287.4   312.5   331.7   353.7   379.1   416.7   495.8   647.5  3046.7  52748.5    52582
read      251.9   126.0    74.4   132.9   149.0   247.8   281.2   297.4   313.1   331.4   353.9   386.0   460.3   695.7  6071.9  34399.5    34260
read      252.1   107.0    80.4   123.2   137.6   238.5   287.4   315.0   336.2   359.6   387.2   427.4   507.5   666.7  3384.2  59426.5    59493
read      253.5   114.2    74.4   125.2   139.4   240.4   289.6   317.5   338.8   361.3   387.2   425.0   501.6   641.5  4413.7  58139.0    58208
read      254.4   123.7    74.4   123.9   138.1   229.1   281.5   314.5   340.1   368.2   402.5   455.6   583.7  1244.3  2845.7  93021.0    93458
read      238.6    82.0    86.8   151.4   168.0   235.9   258.7   270.6   279.3   290.3   305.0   331.6   389.2   517.3  3328.9  18129.5    18056
read      254.1   127.6    74.4   123.9   138.1   229.3   281.1   313.1   338.3   366.4   400.4   453.5   573.5  1246.7  3339.9  94165.0    94134
read      256.0   100.8    86.8   137.4   153.0   252.0   287.2   306.6   321.0   340.1   363.0   395.3   461.9   702.0  3875.7  37728.5    37808
read      257.5   124.0    80.4   129.7   144.0   245.8   292.7   320.9   341.5   363.3   388.6   424.9   497.5   633.5  3310.2  53490.5    53481
read      247.0    74.2    86.8   144.4   161.2   245.5   272.7   287.4   296.8   312.1   331.3   360.3   418.5   514.2  1931.2  25501.5    25666
read      257.3   126.7    74.4   127.6   141.8   233.5   284.2   316.2   340.7   368.3   402.5   456.8   572.9  1072.2  3847.5 108577.0   108853
read      257.9   133.7    80.4   134.6   150.1   253.0   290.7   313.3   330.7   350.2   371.5   402.9   470.9   638.2  1457.4  41792.5    41576
read      254.6   115.3    74.4   124.8   138.8   234.9   287.7   318.8   343.0   368.6   397.6   438.9   531.1   804.1  2493.8  70163.0    70282
read      257.4   106.5    80.4   132.4   147.7   250.3   292.4   316.1   334.5   355.1   378.1   412.7   482.0   599.1  3211.2  45877.0    45769
read      253.0   110.8    74.4   124.8   138.7   230.1   282.3   314.4   339.8   367.6   401.2   451.5   550.0   869.3  1788.3  91988.5    92383
read      228.5    69.6    93.8   154.1   168.9   224.4   243.9   254.6   263.8   273.2   287.0   308.8   368.8   928.8  2684.1  12118.0    12100
read      254.3   109.4    74.4   125.7   139.7   236.8   289.3   320.1   343.6   367.7   395.6   434.9   518.1   655.7  3141.1  66901.5    67747
read      253.7   162.3    80.4   124.0   137.7   233.8   285.5   315.6   338.5   363.2   392.3   433.6   517.7  1051.1  8295.1  69012.0    68933
read      254.5   129.2    74.4   125.1   139.1   237.9   288.6   318.5   342.3   366.4   394.2   433.7   513.2   724.5  2282.5  63249.0    63242
read      253.3   104.4    80.4   124.0   138.1   233.9   286.5   318.9   343.4   369.1   399.0   442.1   530.0   698.1  1852.5  73172.0    72993
read      257.2   116.4    80.4   129.5   143.9   246.8   291.8   318.5   337.7   358.4   382.3   419.3   496.7   794.3  3647.0  50838.0    51022
read      253.0   101.6    80.4   124.7   138.8   235.3   287.0   318.3   341.7   365.6   394.2   435.8   530.2   673.9  1243.7  67096.5    67069
read      248.0    73.7    86.8   145.1   161.8   246.4   272.9   287.5   297.0   313.2   333.4   362.8   422.7   542.8  1746.2  25003.0    24895
read      255.5   110.5    74.4   125.3   139.2   236.3   288.6   319.6   343.3   368.9   398.4   441.0   539.5   820.7  2463.7  68428.5    68588
read      255.0    90.8    80.4   133.1   148.4   250.0   288.7   311.2   328.7   348.0   369.4   402.1   469.7   575.4  1939.8  42860.5    42706
read      254.5    98.3    80.4   129.7   144.4   246.2   289.8   314.6   333.3   353.9   376.7   411.7   481.3   615.9  3268.0  49453.5    49479
read      253.8   109.4    74.4   124.7   138.9   237.0   287.9   317.1   339.6   364.2   393.3   434.1   521.5   735.8  2505.9  64731.5    64792
read      254.2   119.6    80.4   124.5   138.2   232.9   286.2   318.3   342.8   368.6   398.9   442.7   535.2   929.6  3614.9  73882.0    73879
read      250.8    75.6    86.8   140.2   156.3   250.1   280.3   295.4   309.1   325.0   345.5   373.4   436.2   542.8  1349.9  32072.5    31893
read      253.9   104.7    80.4   125.3   139.2   233.5   286.2   318.5   343.8   370.6   401.3   445.0   533.7   700.2  1489.0  74386.0    74262
read      255.8    97.3    80.4   128.8   142.8   243.8   291.2   319.5   340.9   363.4   389.9   427.6   502.4   625.8   936.2  57069.0    57246
read      252.8   118.8    74.4   123.5   137.7   228.9   280.8   312.9   338.1   365.7   398.5   447.6   562.3  1392.0  2317.2  91651.5    91617
read      257.0   127.5    80.4   128.0   142.3   243.7   290.2   317.8   338.9   361.7   388.2   427.3   508.4   765.4  4962.1  55160.5    55173
read      261.3   116.9    74.4   129.1   143.8   237.5   289.3   322.2   347.0   375.2   410.7   463.4   585.5  1017.2  2020.9 108744.5   108633
read      237.2    67.4    86.8   152.2   168.8   233.2   255.3   267.8   275.7   287.6   301.5   329.9   396.9   890.1  2188.0  15720.5    15720
read      257.4   136.3    74.4   125.8   140.2   232.3   284.0   315.9   340.7   368.7   402.2   454.9   583.1  1479.0  3514.2  99950.5    99961
read      251.5   132.4    74.4   123.5   137.6   226.6   276.9   307.5   331.7   359.8   395.2   451.0   577.6  1321.9  3013.4 102408.0   102613
read      256.0   105.2    74.4   126.8   140.9   242.4   290.9   320.4   341.7   364.0   390.6   430.5   510.5   686.5  2547.9  57061.5    57169
read      255.0   103.0    74.4   126.3   140.4   241.7   290.4   319.6   340.9   363.5   390.9   430.1   507.2   663.9  1908.3  57034.0    56950
read      256.4    94.8    80.4   129.5   143.8   247.8   292.0   318.1   337.6   359.0   384.0   420.9   498.8   639.2  1387.6  49878.0    49938
read      221.7   122.5   101.3   153.7   164.7   212.3   230.6   241.1   249.3   259.0   271.8   296.7   388.8  1762.0  5948.2   5387.5     5383
read      254.0    88.7    74.4   132.5   148.2   250.4   288.2   309.3   325.3   344.0   366.4   398.1   463.1   571.2  1025.2  39612.0    39719
read      254.9    84.2    74.4   136.3   151.9   251.4   286.5   306.8   322.3   341.5   364.2   396.3   463.2   569.3  1340.1  36743.0    36653
read      254.3   125.6    80.4   124.2   138.2   234.3   285.7   316.0   340.0   365.6   395.2   437.9   538.9  1071.7  4006.0  69349.5    69482
read      256.4   108.8    80.4   130.4   144.9   249.1   292.2   317.1   335.9   356.4   379.9   415.8   485.5   608.5  1325.1  46907.0    46749
read      254.2   111.6    80.4   124.8   138.9   236.7   288.2   319.1   342.5   366.9   396.0   436.2   521.4   683.6  3164.0  64963.0    65109
read      256.8   108.8    80.4   130.5   145.1   249.2   291.6   315.9   334.5   355.2   378.3   414.6   489.1   661.7  3457.8  46274.0    46501
read      262.4   123.0    74.4   129.9   144.5   238.5   289.8   321.6   346.2   374.4   410.2   463.9   585.1  1264.4  3091.3 109416.5   109480
read      250.1   103.7    74.4   123.2   137.0   232.0   283.7   313.2   336.6   362.2   391.7   433.4   521.6   683.8  1988.8  69769.0    69433
read      255.4   101.3    74.4   126.9   140.8   242.1   290.7   319.4   341.1   364.1   391.4   431.3   508.8   641.7  1642.8  57999.0    58157
read      253.8   112.0    80.4   123.8   138.1   234.6   287.5   318.3   341.8   366.9   396.8   441.3   536.9   798.9  2187.6  70747.0    70737
read      255.5    88.7    80.4   137.3   153.3   252.3   286.5   305.5   320.1   338.9   361.0   392.9   460.3   604.5  2426.3  34684.0    34617
read      252.0   110.2    74.4   122.8   136.6   230.7   283.3   315.4   340.3   366.9   398.1   444.6   544.9   809.9  2281.0  77692.0    77563
read      253.7   110.3    74.4   124.9   138.9   231.0   282.9   315.0   340.6   368.6   402.7   454.0   556.2   805.8  1476.5  90243.0    90036
read      255.5   118.8    80.4   137.3   152.5   252.1   287.0   306.5   320.9   339.6   362.3   394.5   460.6   589.2  3140.4  36916.0    36689
read      264.6   152.0    80.4   131.2   146.3   251.9   294.6   320.9   341.0   362.2   387.8   428.6   550.1  1635.8  7848.2  46891.5    46832
read      296.6   257.3    74.4   130.6   146.3   249.9   309.8   347.7   375.8   412.0   461.6   553.2  1011.2  3455.6  7916.8 104785.0   104903
read      235.5    59.1    93.8   154.5   171.0   231.8   252.7   264.9   273.0   284.3   297.0   324.2   392.1   902.1  1197.0  14103.5    14153
read      252.5   104.3    86.8   150.9   168.1   248.3   273.5   288.3   298.2   313.8   333.4   363.9   434.6   969.9  3149.9  21718.0    21674
read      226.8    88.2   101.3   159.5   171.4   220.0   237.0   248.1   255.0   266.0   278.4   301.2   373.5  1013.6  4026.7   5745.0     5689
read      261.2    91.8    86.8   139.2   154.5   256.6   293.4   316.5   333.4   351.8   373.2   406.0   472.8   594.1  2123.7  37334.5    37781
read      240.2    62.8    93.8   155.3   172.3   237.2   259.3   270.9   279.4   289.9   304.3   333.1   393.7   907.1  1180.3  15464.0    15507
read      273.3   157.8    80.4   130.6   145.6   245.3   301.6   338.2   364.0   393.9   432.4   494.1   659.8  1091.1  5458.9 101960.0   102064
read      260.8   143.3    80.4   127.0   140.8   238.0   290.9   324.8   350.0   375.2   407.7   455.8   556.0  1062.9  5221.7  71454.0    71340
read      258.1   112.0    80.4   127.1   140.6   235.5   288.8   322.5   347.8   374.5   407.6   457.9   567.0   834.0  1944.7  80271.5    79815
read      262.4   107.3    80.4   135.5   150.6   254.2   295.3   322.5   341.1   361.5   385.7   421.6   494.4   671.2  3179.1  44434.5    44352
read      276.7   149.3    80.4   131.5   146.8   247.0   303.2   339.4   365.2   395.7   436.7   504.9   690.1  1571.1  3470.8 109619.0   109562
read      262.2   128.0    80.4   128.1   142.0   237.2   290.9   326.1   351.9   380.5   416.4   468.1   594.0   868.2  3686.4  85990.5    86219
read      261.2    96.3    80.4   134.1   149.2   253.0   294.9   321.2   341.0   361.8   386.5   424.4   505.5   673.1  1701.0  47228.5    47335
read      261.4    89.3    80.4   137.4   152.7   255.3   293.9   318.4   337.2   357.6   380.7   416.4   493.3   627.7   988.6  42051.0    41962
read      258.8   100.0    80.4   133.0   147.7   250.3   293.0   318.6   338.4   359.4   383.7   420.5   494.7   615.5  2016.4  45676.0    45802
read      237.2    59.6    86.8   156.2   172.4   233.5   254.8   267.3   275.1   286.9   300.3   327.0   384.6   874.0  1909.3  13455.0    13389
read      256.7   114.0    74.4   125.6   139.8   233.0   285.2   316.8   342.2   371.2   408.1   464.6   582.1   860.7  2390.1  95456.5    95780
read      256.3   111.6    80.4   125.0   139.0   233.6   286.4   319.2   344.2   371.9   406.2   458.8   574.9   819.6  1979.9  88203.0    87844
read      262.4   153.1    80.4   131.1   145.2   247.2   294.9   325.8   347.5   369.6   396.7   436.0   523.3   904.0  3828.7  56105.5    55903
read      261.3   131.3    80.4   128.1   142.0   235.7   289.3   323.5   348.5   376.9   414.3   468.8   599.9   913.7  4378.8 100852.5   100902
read      258.2   125.5    80.4   127.4   140.9   237.0   290.0   322.7   346.8   372.4   403.8   452.7   547.4   776.0  3941.2  70809.0    70988
read      261.0   117.3    80.4   130.9   145.5   248.0   295.0   324.5   346.3   368.9   395.5   434.6   518.7   652.7  3831.0  53989.5    53831
read      252.7    81.1    86.8   146.9   163.7   249.6   278.1   292.8   304.9   319.6   342.0   372.3   438.8   628.7  3063.9  27027.5    26948
read      257.9    87.0    86.8   142.1   158.5   254.8   287.5   306.5   320.8   339.3   361.1   392.3   459.2   576.7  2186.1  32508.5    32347
read      259.0    92.4    80.4   137.1   151.9   253.8   292.0   314.9   332.3   351.4   372.6   405.5   482.4   634.0  2100.5  41089.5    41050
read      258.2   113.9    80.4   129.4   143.6   244.9   292.1   320.0   341.4   364.0   390.9   430.0   508.8   757.7  3650.1  55765.5    56197
read      255.4   123.8    74.4   124.8   138.9   230.8   282.5   314.4   339.6   367.8   403.2   458.3   590.1  1148.3  2488.6  94360.0    94617
read      256.5   106.6    80.4   126.1   139.8   237.2   289.9   322.0   346.4   371.2   401.6   447.7   543.9   751.6  1317.8  71667.5    71839
read      259.4   136.9    74.4   126.9   140.6   235.6   288.0   321.2   346.1   372.6   406.7   458.0   569.7  1278.5  4048.6  78815.0    79082
read      260.6   128.8    80.4   127.9   142.3   236.2   288.3   320.7   346.0   373.9   409.6   465.5   590.5  1023.7  4349.6 107197.5   107630
read      261.6   102.8    80.4   131.6   146.2   246.2   294.7   326.2   348.7   372.2   401.0   443.7   532.9   724.3  1383.9  60222.5    60164
read      255.9   121.5    74.4   125.2   139.6   231.2   282.8   315.0   340.0   368.1   403.1   459.9   586.7  1089.8  2667.2  97773.0    97878
read      259.1   101.6    80.4   130.1   144.8   243.4   293.2   324.9   346.7   369.8   398.9   439.9   524.6   669.8  1370.1  63914.5    63680
read      257.9   135.0    80.4   126.5   140.4   235.6   288.1   321.2   345.5   371.4   402.1   449.7   550.0   893.6  4613.5  74275.0    73888
read      261.2   116.9    80.4   130.2   144.7   242.7   293.9   326.3   350.0   374.2   404.1   449.9   540.2   724.5  2197.6  65461.5    65499
read      262.5   165.3    74.4   127.2   141.5   235.1   288.0   321.4   346.2   374.4   410.9   464.9   594.5  1738.1  5395.4  96847.5    96906
read      258.2   125.5    80.4   126.3   140.4   232.3   284.5   317.3   342.5   371.4   408.5   466.6   602.6  1145.7  3528.8 103186.5   103287
read      258.3   106.8    80.4   131.8   146.3   249.4   293.2   319.5   338.8   359.9   384.6   421.2   497.3   632.7  3518.6  49500.5    49664
read      255.6    78.1    80.4   141.4   157.8   253.3   285.4   303.0   317.6   335.1   356.2   387.1   451.8   579.4  1516.7  32546.0    32535
read      259.4    94.3    80.4   133.3   148.7   251.6   293.9   320.1   340.1   361.1   385.6   420.5   491.0   636.4  1379.0  46406.0    46477
read      222.1   109.1    93.8   155.1   167.1   215.8   232.4   242.4   249.7   258.6   270.9   292.4   369.5   998.0  6713.9   7554.5     7459
read      256.4   123.0    74.4   125.5   139.2   234.4   287.1   319.0   345.2   371.4   402.3   450.4   550.2   841.5  3569.7  73697.5    74137
read      255.8    96.6    80.4   128.8   142.8   242.7   290.3   318.4   341.0   364.5   391.7   431.3   507.3   631.1  1056.5  57308.0    57061
read      257.2    80.8    86.8   141.6   157.4   254.8   288.1   307.3   322.0   340.4   361.8   392.1   453.8   558.1  1689.0  34423.5    34213
read      220.7    62.3    93.8   156.4   168.8   216.4   233.1   243.3   250.7   259.7   271.3   291.6   356.9   936.5  1261.2   7348.0     7432
read      258.6    96.2    80.4   136.9   151.9   253.2   291.8   314.5   331.9   351.2   372.9   404.6   472.8   619.9  3209.1  41447.0    41605
read      254.1    77.9    86.8   140.7   156.7   252.3   283.8   300.9   316.0   334.0   355.4   385.3   448.0   575.5  1332.3  33120.0    32998
read      258.7   100.7    80.4   129.3   143.3   243.5   293.5   324.8   346.7   369.6   398.5   440.2   529.3   654.2  1343.4  61260.0    61636
read      259.3   135.9    74.4   127.6   141.2   240.5   291.6   323.0   346.9   371.3   400.1   442.5   534.6  1110.9  4222.5  64525.5    64695
read      237.4    74.1    74.4   156.1   172.4   232.9   254.2   266.3   274.1   285.3   297.4   327.5   393.9   923.9  2069.1  14010.0    14063
read      253.6   118.2    74.4   123.9   138.0   230.3   281.9   313.4   338.2   366.3   401.1   455.3   576.2   877.9  3445.4  91139.0    91302
read      220.3   175.3    86.8   153.2   164.7   211.8   229.2   238.4   246.1   253.9   267.3   288.4   376.1   982.8 10566.9   6172.5     6064
read      258.0    88.8    80.4   136.0   151.5   253.1   291.4   313.9   331.2   350.6   372.3   404.0   471.2   584.6  1925.0  41120.0    41354
read      244.7    66.2    86.8   151.5   168.8   242.0   266.5   279.5   289.7   301.8   319.1   345.9   409.9   585.7  1887.4  19902.5    19863
read      243.6    79.8    93.8   151.2   168.2   240.7   264.5   276.6   286.6   296.5   314.4   341.8   400.4   894.9  3570.0  19324.0    19488
read      235.0    69.3    93.8   155.7   171.5   231.1   251.3   263.1   271.1   281.7   294.9   320.9   393.4   901.3  3550.7  13926.5    14040
read      245.0    85.5    86.8   151.2   167.5   241.3   265.9   278.6   288.6   299.5   318.0   346.2   405.3   952.6  2391.4  19587.0    19538
read      247.2    72.7    86.8   151.8   169.0   244.6   269.1   282.3   291.7   304.4   322.4   352.4   415.5   908.4  2028.7  20270.0    20199
read      259.1   117.1    74.4   127.5   141.5   234.3   287.0   319.8   344.7   373.5   410.0   464.8   589.6  1058.1  1857.2 106306.5   106657
read      254.2   114.3    80.4   124.7   138.6   230.7   283.4   316.4   342.2   370.3   404.4   455.7   560.7   862.4  1902.4  92278.5    92457
read      258.5   146.5    80.4   126.4   140.2   233.1   286.1   319.1   344.3   373.1   408.8   461.7   577.1  1083.1  3943.3  92765.5    92780
read      255.8   103.1    74.4   126.3   140.2   237.2   290.0   321.5   345.7   370.8   400.0   443.2   534.3   692.0   960.4  68272.0    68203
read      257.8   140.3    74.4   125.5   139.4   233.8   286.1   318.3   344.7   372.7   406.6   457.8   560.6  1009.1  4737.1  81712.0    81753
read      258.6   104.6    80.4   128.9   143.3   244.8   293.3   323.1   344.9   367.3   395.5   435.7   521.3   654.5  1553.6  57642.0    57748
read      246.5    66.0    93.8   150.3   166.9   244.0   269.2   282.7   292.2   305.6   324.6   355.1   417.4   570.7  1017.1  21063.5    21027
read      258.8    96.7    80.4   132.5   147.3   249.0   292.7   319.2   338.9   360.6   386.6   425.3   504.2   652.1  1832.4  49586.0    49680
read      255.0   124.0    80.4   125.2   139.0   232.3   284.6   317.0   342.4   370.2   403.6   454.4   552.6   822.3  2902.2  82042.5    82042
read      253.6   113.4    80.4   124.9   138.8   230.0   281.7   313.7   339.0   366.9   401.0   453.5   569.9  1048.9  1890.6  93153.5    93691
read      260.9   119.8    80.4   134.4   149.4   252.9   294.1   319.5   338.8   359.5   383.3   418.6   493.7   644.6  5712.9  45420.5    45291
read      255.6    95.8    80.4   143.1   159.6   253.2   283.5   299.7   313.9   330.9   352.2   382.5   453.2   666.6  2277.4  30589.5    30437
read      258.1   120.2    80.4   127.3   140.9   238.1   289.8   321.3   346.5   371.7   401.3   447.8   541.0  1016.0  2841.9  67216.0    67422
read      255.9   114.1    80.4   125.4   139.5   235.8   287.5   319.0   344.6   371.2   400.9   446.2   537.4   851.0  2429.3  70132.0    69956
read      255.7    85.5    80.4   140.3   155.7   252.3   286.4   305.5   320.6   338.5   360.1   392.1   458.0   577.7  2032.8  35268.5    35404
read      253.6   106.0    74.4   124.8   138.8   233.1   284.7   316.0   340.9   368.5   401.1   449.7   545.3   737.3  1323.9  80183.5    80225
read      258.8   125.9    74.4   126.9   141.0   234.1   286.2   318.7   343.9   372.7   410.0   466.0   592.3   894.6  2983.0 105440.0   105585
read      245.7    78.9    86.8   151.9   169.3   243.0   267.3   280.0   289.7   301.1   318.9   346.0   409.3   652.8  2031.2  20186.0    20088
read      231.6    58.1    93.8   155.5   171.0   228.2   247.9   258.8   267.4   276.3   290.6   315.1   381.6   891.2  1332.8  12600.5    12672
read      239.0    79.3    93.8   154.0   170.4   234.7   256.6   268.6   276.5   288.1   302.2   329.3   396.8   998.0  2560.7  15666.5    15696
read      252.9    80.1    80.4   146.5   163.1   250.6   278.2   292.9   305.2   320.5   342.4   372.2   434.9   699.3  1742.8  25789.0    25951
read      254.7   102.1    74.4   127.3   141.0   238.2   288.7   318.6   340.9   365.5   394.9   435.3   518.2   683.8  1789.9  65316.0    65007
read      225.6    58.2    93.8   155.3   169.3   222.1   240.4   250.8   258.4   268.0   279.8   302.5   364.9   898.9  1879.2  10240.0    10189
read      255.9   115.9    74.4   125.9   139.6   234.4   286.8   318.8   344.7   371.0   402.9   451.6   551.8   777.7  4107.8  77777.5    78008
read      231.3    76.0    93.8   155.3   170.0   226.6   246.4   257.3   266.2   275.0   289.6   312.6   374.0   954.4  3187.9  12774.0    12678
read      239.6    81.4    93.8   153.8   169.7   236.1   258.2   270.2   278.8   290.0   305.2   332.7   390.0   888.4  4336.3  15936.5    15922
read      260.2   125.6    80.4   137.1   152.4   253.7   292.0   314.5   332.1   352.5   375.3   409.3   482.0   662.6  6514.4  41905.5    41774
read      259.4    94.8    80.4   138.6   153.7   254.1   290.6   312.3   329.2   348.5   370.2   403.1   484.1   801.0  3123.0  38681.5    38788
read      259.3   120.8    86.8   139.9   155.6   254.3   287.9   307.2   322.1   340.4   363.0   395.2   465.0  1198.7  3778.7  34569.5    34559
read      258.6    96.7    80.4   130.2   144.7   246.6   293.9   322.7   344.0   366.4   392.9   431.7   508.1   641.2   917.1  55093.0    54825
read      260.7    90.8    80.4   135.8   151.1   254.6   294.5   319.0   337.3   357.6   381.5   416.4   485.5   614.8  1476.3  42820.5    42697
read      236.2    78.9    93.8   157.3   173.7   231.7   251.8   263.6   271.6   282.1   294.9   320.0   386.3   958.8  3099.1  12778.5    12669
read      254.4   107.0    74.4   125.6   139.4   235.3   287.3   318.2   343.0   368.3   398.2   441.7   534.7   700.5  1138.0  70060.5    70047
read      248.3   116.8    74.4   123.0   136.8   225.3   275.6   305.8   330.3   358.7   393.3   444.5   549.7   845.9  2159.4  96199.0    96137
read      250.1   111.5    74.4   123.0   137.0   227.1   278.1   309.3   334.1   362.7   398.1   451.3   554.7   777.7  2878.9  92835.5    92934
read      247.0    81.2    86.8   150.4   167.7   244.1   268.7   281.9   291.4   303.9   321.3   352.6   417.4   886.0  2561.6  20664.5    20597
read      253.7   111.1    80.4   125.9   139.8   235.8   286.9   316.9   340.6   365.9   395.5   437.5   521.6   673.9  1717.5  66671.0    66597
read      256.5   102.2    80.4   128.1   142.2   242.6   291.4   319.9   341.0   364.5   392.3   432.7   516.5   688.2  2012.4  59858.0    59987
read      255.9   108.3    80.4   127.8   141.6   242.2   290.5   318.8   340.7   363.9   391.2   430.8   510.8   655.1  3565.4  58663.0    58456
read      258.0   101.8    80.4   128.7   142.8   243.7   293.5   323.3   344.9   368.1   396.2   436.1   521.1   668.1  1432.5  59567.0    59958
read      251.0   118.1    74.4   123.3   137.2   227.8   278.6   309.7   334.8   363.2   397.4   449.0   566.1   855.1  2854.8  98002.5    98221
read      261.3   125.6    80.4   130.3   144.5   247.6   294.5   324.1   346.0   367.8   395.0   434.5   527.1   774.6  3941.7  55921.0    55912
read      263.2   137.7    80.4   138.0   153.6   255.5   292.4   314.7   331.6   350.6   372.6   405.1   486.1  1745.6  4720.8  39024.0    39018
read      248.6   106.1    80.4   153.3   171.0   243.6   267.4   280.2   289.9   301.1   318.2   346.4   418.9  1549.9  3292.2  18838.5    18747
read      258.8   101.5    80.4   128.9   143.5   244.4   292.6   322.1   344.9   368.6   397.3   438.7   526.7   714.3  1286.1  59877.5    60013
read      252.3   109.6    80.4   123.3   137.3   230.2   282.4   313.7   339.3   367.3   401.0   452.5   550.4   788.7  1941.0  85407.5    85584
read      250.6   112.9    74.4   122.6   136.6   228.9   279.9   310.9   335.6   362.9   395.9   446.1   553.4   842.6  2011.9  84962.5    84809
read      252.4   108.8    80.4   123.9   137.7   230.7   282.9   314.5   339.1   366.4   400.1   451.1   549.2   756.8  1332.6  85438.0    85435
read      252.2   125.4    74.4   123.3   137.3   227.8   279.4   310.8   335.8   364.0   397.9   450.3   573.5  1093.0  2818.5  94652.5    94907
read      239.0    63.9    93.8   152.6   169.8   236.0   258.0   270.4   279.3   290.2   305.2   332.5   392.7   904.3  1605.8  16384.0    16437
read      254.9   124.6    74.4   124.9   138.7   232.6   285.7   317.6   343.1   370.2   401.9   449.5   547.6   800.3  3733.2  78298.5    78505
read      251.8   111.1    74.4   124.0   137.9   231.4   283.3   313.8   339.2   366.2   397.6   444.0   539.7   702.5  1940.4  77364.0    77219
read      252.2   120.0    74.4   123.3   137.2   229.3   281.5   313.4   338.5   366.3   399.5   450.3   550.7   794.1  3843.4  86487.5    86414
read      259.7   133.3    80.4   126.2   140.3   236.4   289.5   322.3   347.7   375.2   410.5   464.1   580.9   875.9  3019.2  73343.0    73427
read      285.3   140.2    80.4   132.2   148.4   254.7   315.9   354.5   383.4   418.6   464.9   535.2   690.7  1095.4  2347.2 100811.0   100497
read      263.1   135.3    80.4   127.0   141.3   237.1   291.8   326.4   352.2   381.4   419.3   475.2   611.8   949.7  4140.4  96262.5    96416
read      253.1   116.1    80.4   124.5   138.5   233.9   285.5   315.7   340.1   365.6   395.5   439.9   533.5   786.6  2123.6  71684.0    71637
read      257.0    86.9    86.8   141.6   157.5   254.3   286.6   304.5   319.0   337.3   359.4   391.3   459.4   585.6  3122.9  33248.0    33216
read      259.6   113.0    74.4   129.0   143.4   243.5   292.4   321.7   344.7   367.9   396.4   437.9   537.2  1096.9  2578.7  58433.5    58699
read      256.6    95.1    80.4   130.2   144.6   245.4   291.5   318.9   339.8   362.0   388.3   427.0   503.8   630.5  1089.5  54032.5    53809
read      253.0   104.1    80.4   124.9   138.7   233.5   285.1   316.4   341.1   367.3   398.9   445.0   536.2   698.8  1113.7  72744.5    72797
read      255.4   123.5    80.4   126.0   140.3   231.0   281.6   313.6   338.5   366.9   402.6   458.8   583.1   987.4  4298.5 107133.5   107267
read      256.7   106.3    74.4   129.3   143.5   244.3   291.4   319.1   340.5   362.9   389.1   427.9   507.0   648.0  3397.8  55779.0    55877
read      257.0   141.6    80.4   126.3   140.3   235.7   288.1   319.2   344.0   370.0   400.9   447.5   546.0   846.0  4044.0  70457.5    70507
read      258.4    95.0    80.4   133.4   148.4   251.0   292.7   318.2   337.1   357.6   381.4   417.6   492.1   626.6  1129.3  46719.5    46741
read      262.0    98.7    80.4   140.1   155.7   257.1   292.8   314.9   331.7   350.4   372.3   404.2   471.8   661.7  2541.5  36515.5    36507
read      257.0    82.5    80.4   143.1   159.9   255.3   286.2   303.5   317.5   335.0   356.0   385.7   446.2   612.9  2190.4  30572.0    30697
read      265.8   208.1    86.8   147.6   164.9   252.3   281.2   297.0   311.8   330.0   355.4   394.7   531.3  1728.4  8003.8  25105.0    25261
read      251.8    72.4    86.8   147.7   164.8   249.3   276.8   291.8   303.6   318.8   339.5   368.9   428.7   649.3  1717.3  25078.5    25212
read      257.0    84.9    80.4   140.6   156.9   254.4   287.3   306.1   320.5   338.9   360.6   392.2   460.8   615.9  1923.6  33752.5    33805
read      255.9   120.6    74.4   124.7   138.8   233.9   286.7   319.1   345.1   371.3   403.6   452.4   555.0   851.0  3938.0  76074.5    76345
read      257.6   133.8    80.4   127.0   140.9   233.5   285.4   317.7   342.8   370.2   405.1   459.6   576.5   883.3  4894.9  95818.5    95558
read      252.5    85.5    80.4   143.9   160.7   250.2   278.9   294.0   307.1   322.9   344.6   374.3   444.9   559.8  2337.4  28269.0    28428
read      251.2   100.4    86.8   149.6   166.8   246.7   272.5   286.9   296.4   311.4   330.7   361.8   431.0  1356.9  2910.5  21855.5    21673
read      257.0   121.5    74.4   124.7   138.9   231.8   284.2   317.1   343.3   372.0   408.1   463.6   606.8  1015.3  2304.0  89076.5    89018
read      261.2    95.1    80.4   132.8   148.1   252.9   295.8   322.5   342.3   363.7   388.9   426.2   507.2   637.2   993.9  46591.0    46753
read      258.1   102.6    80.4   139.7   155.5   254.1   288.1   307.8   323.2   341.7   363.8   396.7   466.4   619.5  2304.6  34040.0    34034
read      259.8    93.7    80.4   132.7   147.6   251.5   294.7   320.5   340.1   361.7   387.2   424.6   501.8   632.4  1010.1  47324.0    47329
read      259.2   103.4    74.4   128.8   143.0   245.6   294.1   324.2   345.5   368.7   396.6   438.9   531.7   666.2  1159.5  56584.0    56893
read      257.3    86.9    86.8   136.7   152.5   253.5   289.1   309.6   325.5   344.2   367.3   401.2   475.6   646.1  1907.4  38574.5    38690
read      256.6   127.5    80.4   124.9   138.9   234.0   287.0   319.9   344.5   371.7   403.4   451.5   551.3   991.3  3738.1  79564.5    79988
read      255.9   138.3    74.4   126.5   140.4   230.8   281.8   313.3   338.1   366.1   400.7   455.2   580.7  1207.2  4911.1 107210.5   107429
read      258.8    99.0    80.4   134.0   149.2   253.6   292.4   315.8   334.3   354.7   376.2   411.0   483.1   599.1  2337.5  43692.5    43713
read      252.1   150.2    74.4   123.0   136.8   230.2   281.9   312.8   337.3   364.1   395.8   442.9   542.3   854.7  5513.0  76605.0    76624
read      253.4   105.2    74.4   124.8   138.8   234.2   286.3   317.2   341.0   366.5   397.4   444.0   540.7   750.6  1795.2  71498.5    71700
read      258.9   100.3    80.4   135.9   151.1   253.9   291.7   314.0   331.2   350.4   372.2   405.8   475.2   600.0  3732.6  40670.0    40703
read      252.5   112.1    74.4   124.5   138.3   229.8   280.9   311.5   336.1   364.4   398.6   450.4   564.2   940.2  2108.2  95565.5    95489
read      239.9    85.4    86.8   151.4   167.6   237.0   260.1   272.2   281.7   292.5   309.5   337.8   393.8   678.5  1909.5  18438.0    18531
read      260.8   157.9    74.4   125.6   139.6   233.0   284.8   318.1   343.4   371.4   407.1   463.3   622.1  1909.1  4980.4  99353.0    99369
read      252.9    75.1    80.4   143.0   159.8   251.4   280.9   296.2   309.9   325.4   345.7   374.3   437.0   549.5  1633.3  29366.5    29286
read      258.7    91.8    80.4   135.1   149.9   252.3   292.2   316.3   334.8   355.1   377.8   414.3   488.8   612.1  1645.3  42802.5    42988
read      254.5   111.5    80.4   125.3   139.3   236.2   287.4   317.3   341.2   367.3   397.2   442.3   527.0   690.7  3008.0  69365.0    69249
read      221.2    62.9    93.8   155.6   167.8   216.6   233.7   244.2   251.4   260.8   272.4   293.4   366.1   923.7  2864.2   7899.0     7889
read      258.2    99.2    80.4   130.4   145.1   247.8   292.8   319.9   341.0   363.1   389.3   427.5   509.2   644.3  1478.5  51677.0    51783
read      257.4    95.7    80.4   137.3   152.8   253.2   289.6   311.0   327.6   346.3   368.3   400.7   470.9   594.3  1765.0  38654.5    38634
read      252.8   115.4    74.4   123.6   137.8   229.6   281.9   313.5   338.6   366.5   400.2   451.7   561.9   955.2  2496.8  86334.5    86204
read      264.9   131.5    74.4   130.0   144.9   240.3   292.8   326.9   351.6   380.0   416.8   471.0   594.1  1082.5  2713.0 109816.0   109534
read      257.3    90.4    74.4   133.4   148.4   251.2   291.8   315.5   333.7   353.8   375.8   412.6   486.3   623.4  1556.2  45130.5    45136
read      257.1   108.3    80.4   128.0   142.2   242.4   291.6   320.5   342.4   365.6   393.6   434.0   523.6   768.0  2043.6  59793.0    59949
read      258.7   106.2    74.4   127.9   142.0   242.4   293.0   324.5   347.3   370.9   400.2   443.4   537.0   692.1  1090.5  61684.0    61681
read      256.1   113.6    74.4   125.3   139.4   234.8   287.6   319.8   345.3   372.4   404.7   453.3   547.2   771.5  1320.7  75944.5    76329
read      259.4    96.5    80.4   134.0   149.4   253.1   293.4   317.6   335.8   356.0   379.3   413.7   487.7   639.4  2775.9  44449.5    44322
read      247.9    85.2    80.4   150.1   167.0   244.2   269.5   283.4   293.3   307.4   326.6   358.5   424.6   880.0  3448.8  20811.0    20698
read      254.2   129.1    74.4   123.3   137.4   229.8   282.7   314.6   340.0   367.7   400.7   452.5   573.9  1100.1  3772.9  84562.5    84853
read      253.2   106.6    74.4   123.9   137.9   233.1   285.9   317.6   341.9   368.2   398.9   445.6   540.9   737.3  1263.1  76073.5    75889
read      257.1   131.7    74.4   125.8   140.2   232.4   284.9   317.5   342.3   369.8   404.3   458.7   587.2   967.1  3788.3  98486.5    98396
read      258.8   108.2    74.4   128.8   143.7   246.8   293.0   321.7   343.6   366.5   393.4   431.9   511.5   639.1  2247.5  53645.0    53818
read      256.3    84.0    86.8   147.3   164.8   253.2   281.6   297.1   311.6   328.5   350.4   382.2   448.5   542.2  1373.3  26261.5    26200
read      260.0   110.2    80.4   129.5   144.0   246.8   293.5   321.9   343.8   366.7   393.3   431.8   515.9   850.3  2727.7  54512.5    54761
read      233.1    64.0   101.3   157.1   173.3   228.9   248.9   260.1   268.4   277.7   291.8   316.8   374.2   920.3  2429.8  12153.5    12268
read      259.6   101.0    74.4   130.8   145.5   249.3   294.4   322.5   343.1   364.7   390.5   428.7   510.9   669.9  1000.0  52510.0    52324
read      267.7   152.7    74.4   129.6   144.1   239.3   292.7   327.1   352.5   381.5   420.2   480.2   632.7  2045.9  3888.6 106409.0   106440
read      224.0    74.4    86.8   155.6   168.2   218.2   235.8   246.9   253.9   264.5   276.1   298.5   376.2   960.8  3936.7   7237.0     7154
read      256.4   117.3    80.4   124.3   138.8   232.5   284.9   317.9   343.6   371.3   405.6   458.5   583.0  1050.2  2174.7  87291.5    87362
read      260.8    91.2    80.4   136.2   151.6   254.8   293.9   318.6   337.9   358.5   381.7   416.5   488.3   589.0  1625.5  43669.0    43716
read      255.4    75.8    80.4   146.5   163.2   252.8   281.2   296.1   310.4   327.3   348.3   377.7   449.5   593.5  1832.6  26908.5    26737
read      269.2   183.6    80.4   135.8   152.2   256.7   296.2   320.9   340.1   361.1   387.1   429.9   542.5  1445.9  8249.3  41618.0    41596
read      289.5   226.2    80.4   128.0   142.5   244.0   303.9   345.0   374.4   411.8   462.4   554.7   950.9  3030.2  6275.8  85809.5    85490
read      261.1   131.7    80.4   125.7   139.7   237.1   290.4   323.9   348.7   375.0   408.6   461.1   596.8  1456.1  3520.7  77480.5    77612
read      259.0   115.6    80.4   126.2   140.3   236.2   289.7   324.3   349.8   376.1   409.1   458.4   575.5   869.1  2010.3  78176.0    78124
read      259.2   116.3    80.4   125.5   139.6   239.6   291.7   324.6   348.5   374.2   405.3   454.8   565.8   777.1  3690.9  69918.0    69632
read      260.9    92.5    80.4   137.2   152.8   256.5   294.4   316.9   334.0   352.9   373.8   407.3   480.7   628.5  1773.5  39151.5    39180
read      243.1    76.6    93.8   154.5   172.3   237.9   261.0   273.3   283.4   294.6   313.3   344.9   419.9   874.8  3468.8  15848.5    15803
read      262.1    91.2    86.8   139.6   155.5   257.4   292.7   314.3   331.0   350.3   372.6   407.2   489.0   717.9  2434.1  36929.5    36987
read      251.4    85.6    86.8   152.7   170.8   247.3   271.5   285.4   295.0   310.3   330.5   362.1   434.3   888.7  2564.8  20026.5    19833
read      263.8   122.9    80.4   133.4   149.0   254.3   295.2   321.9   341.4   362.5   387.6   426.1   508.8  1007.1  3799.1  46624.5    46567
read      261.6   119.1    80.4   130.8   145.7   248.9   296.1   326.0   346.7   368.3   394.9   434.2   522.3   733.5  3849.8  57354.0    57368
read      263.3   113.7    80.4   140.5   157.0   258.6   292.6   313.7   329.8   347.8   369.7   403.7   490.7   812.9  4218.2  35998.5    36003
read      257.3   113.0    80.4   126.3   140.5   239.0   290.4   321.0   344.9   369.4   399.1   445.1   540.0   802.9  3137.9  68939.0    68916
read      254.3   110.0    74.4   125.0   139.2   231.1   282.9   315.0   340.0   368.2   402.2   455.7   573.6   904.6  1405.2  93286.0    93229
read      258.5    93.4    80.4   134.0   149.3   252.6   292.7   317.1   335.2   355.3   378.6   413.4   481.5   593.9  1948.5  46712.0    46632
read      251.8   120.9    74.4   124.1   138.4   228.5   279.5   310.6   335.5   363.6   397.1   447.2   556.5   965.1  2549.3  93466.5    93663
read      253.0   114.4    74.4   124.7   139.2   229.6   280.6   312.3   336.7   364.2   397.7   449.8   571.8   969.8  2558.4 106359.5   106418
read      261.0   122.0    80.4   129.5   144.2   245.6   294.6   324.3   345.7   369.4   397.8   439.0   534.7   784.7  4216.9  60538.5    60496
read      256.8   114.7    74.4   127.1   141.4   233.1   284.2   315.6   339.6   367.7   402.4   458.0   592.4   984.7  1934.8 108938.5   109057
read      256.4   112.9    74.4   126.3   140.4   233.5   285.7   317.8   342.6   370.2   403.8   456.7   571.4   922.5  1996.8  96630.0    96861
read      248.8   111.5    74.4   122.5   136.2   228.1   279.8   309.7   333.6   360.3   392.3   439.6   536.6   714.4  1583.0  86413.0    86255
read      252.8   126.5    86.8   146.5   163.3   249.9   276.9   291.8   303.4   318.6   339.8   369.2   433.8   580.6  3738.9  25557.5    25686
read      240.8    76.6    86.8   150.8   167.8   237.7   260.9   272.7   282.3   293.2   310.4   339.3   404.1   884.3  1560.6  17349.0    17483
read      253.9    82.3    86.8   143.1   160.6   252.1   282.1   297.0   310.7   326.2   346.5   375.6   444.5   591.2  2106.7  29282.5    29211
read      260.6   125.2    80.4   129.2   144.2   248.5   294.9   323.0   344.3   366.5   392.9   431.0   506.6   752.7  3683.6  55122.0    55328
read      253.3   128.9    74.4   123.6   137.8   230.9   283.1   314.5   338.8   366.0   398.8   448.8   548.9   920.9  4314.5  87625.5    87592
read      249.4    76.2    86.8   146.1   163.8   246.9   273.4   288.1   297.7   313.4   333.5   363.9   431.0   587.9  1915.7  24013.5    23882
read      257.0   110.2    80.4   132.4   147.9   251.0   290.8   314.3   332.0   351.4   373.5   408.5   484.9   629.3  2476.2  44713.5    44790
read      233.3    66.1    86.8   156.0   171.3   228.7   249.1   260.6   268.8   278.1   292.4   318.4   390.5   921.4  2081.8  12236.5    12236
read      256.6    95.3    80.4   133.6   149.3   251.5   289.9   312.2   329.4   349.2   371.5   404.7   480.9   609.4  1327.3  42867.0    42928
read      251.1   113.6    74.4   124.2   138.4   228.5   278.6   309.2   333.7   361.8   395.9   447.5   550.0   922.6  2188.9 103991.0   103959
read      251.5   135.5    74.4   123.6   137.8   227.5   278.4   309.0   333.7   361.9   396.0   446.2   553.1  1017.7  4824.0  97185.0    97347
read      255.4   115.6    74.4   124.6   138.8   236.5   288.0   318.5   342.7   367.8   397.8   442.7   541.2   861.4  2456.2  68648.5    68379
read      255.6   129.7    80.4   124.4   138.4   230.7   283.4   316.1   341.8   369.1   403.3   455.4   580.6  1257.6  2979.6  92678.5    92596
read      228.6    68.5    93.8   155.0   169.1   223.3   242.3   253.3   262.3   271.9   286.0   310.2   393.6   939.8  2373.2  10071.0    10055
read      254.5    77.7    86.8   143.0   160.2   252.8   282.6   298.1   312.1   328.0   348.2   380.0   447.6   557.8  1001.9  29515.5    29634
read      229.5    94.5   101.3   155.9   170.1   223.6   242.8   253.5   262.1   271.2   284.7   308.3   377.0   975.2  5569.7   9316.0     9324
read      256.3    82.8    80.4   143.1   160.2   253.7   283.9   299.4   313.8   330.9   352.5   383.9   456.5   693.6  2287.8  29995.5    30076
read      254.6   110.5    74.4   125.7   139.8   231.8   283.2   315.7   340.8   368.9   403.3   455.2   562.1   805.0  2058.2 100405.0   100150
read      254.0   100.8    86.8   145.2   162.9   250.9   279.5   294.4   307.2   321.9   342.8   373.1   437.2   746.2  4231.3  27549.0    27527
read      248.2   106.1    74.4   122.3   136.0   225.9   276.7   306.6   331.1   359.5   393.9   446.9   554.3   758.2  1641.9  95342.5    95171
read      260.6   101.5    80.4   136.5   152.3   255.6   292.3   314.7   332.2   351.9   373.8   407.7   484.6   733.3  3308.9  40551.0    40523
read      232.1   117.6    86.8   155.2   170.0   225.9   245.6   256.3   265.1   273.9   288.9   314.5   393.0   983.1  7459.6  11372.5    11422
read      228.0    91.9    93.8   155.5   169.2   221.9   240.6   251.5   259.7   269.5   282.8   306.8   387.2  1197.6  2021.1   9165.0     9200
read      260.3    93.5    74.4   135.5   151.1   255.0   293.7   317.2   335.3   355.2   377.6   413.3   490.4   634.0  1517.0  42516.0    42816
read      229.8    81.2   101.3   155.8   170.0   223.7   242.3   253.0   261.8   271.4   285.3   308.9   387.6  1411.8  2514.4  10808.5    10698
read      245.9    85.9    86.8   149.0   165.4   243.1   268.5   281.8   291.6   304.2   321.1   351.1   413.9   771.9  3371.4  22308.5    22301
read      265.7   150.3    74.4   133.3   148.4   252.8   295.5   322.4   342.3   364.0   390.0   429.0   522.9  2206.2  4605.7  48151.5    48159
read      267.2   167.4    80.4   138.0   153.4   256.3   293.3   315.6   333.8   354.6   378.2   417.7   528.4  2015.4  7764.7  39845.5    39987
read      269.3   167.7    80.4   141.9   159.1   258.8   293.3   315.3   332.8   352.8   375.9   416.3   531.4  1468.8  7801.3  33022.0    33067
read      257.5   105.8    74.4   127.1   141.4   240.3   290.4   320.8   344.4   369.0   399.6   445.8   543.1   751.5  1309.2  62502.0    62704
read      261.1   116.1    80.4   131.4   146.4   249.0   294.7   322.4   344.0   366.0   393.0   433.4   518.0   660.4  3614.0  52794.0    52778
read      259.7   121.4    80.4   126.2   140.3   237.2   290.3   324.0   349.1   375.6   408.3   459.0   570.9   999.6  2542.9  75867.5    75981
read      256.7   128.7    74.4   125.7   139.6   235.5   288.1   320.3   345.2   371.1   402.0   450.4   547.8   808.0  4195.6  74778.0    74522
read      239.8    71.5    93.8   156.7   173.6   236.0   257.1   269.0   276.9   288.6   303.4   333.0   398.5   895.4  3369.4  14691.0    14533
read      223.3    76.8   109.4   159.0   170.3   217.5   234.3   244.8   251.7   261.6   273.9   295.5   373.5   951.7  3902.1   5619.0     5566
read      257.5   120.2    80.4   126.6   140.6   236.3   288.9   321.6   346.5   373.2   404.8   451.9   543.3   755.3  3755.4  77353.5    78062
read      255.9   127.4    74.4   124.7   138.9   232.3   284.6   316.9   341.8   369.3   402.5   453.5   565.7  1083.6  3545.4  82280.5    82399
read      266.9   140.2    80.4   129.1   143.7   239.8   293.1   327.1   352.4   381.9   420.5   480.1   632.7  1494.7  3681.9 109197.0   108638
read      252.4   114.2    74.4   123.9   138.0   228.7   280.0   311.1   335.9   364.6   399.7   453.1   573.3   938.8  2215.7  93643.0    93541
read      261.7   114.2    80.4   132.7   148.4   252.9   294.6   320.7   340.1   360.8   385.2   422.9   504.5   774.9  3149.6  47252.5    47145
read      272.8   151.2    80.4   131.7   147.0   245.7   300.2   335.0   360.0   389.8   429.1   492.4   640.6  1308.8  4515.4 109966.5   109796
read      253.4    78.4    86.8   146.1   162.8   251.0   279.8   294.5   307.7   323.5   344.8   373.0   435.7   566.0  2010.2  26761.5    26597
read      223.5    87.8   101.3   157.4   169.9   217.6   234.1   244.5   251.6   260.8   272.0   292.1   371.2   997.4  3946.7   7070.5     7034
read      256.0   108.1    80.4   126.3   140.2   236.3   288.6   320.8   345.3   370.9   401.6   448.6   543.1   692.3  1379.4  71985.5    72616
read      234.7    67.8    93.8   156.0   172.2   231.2   251.6   263.2   271.0   281.1   294.2   318.6   382.6   880.0  3056.7  13665.5    13584
read      244.8    78.0    93.8   151.6   168.6   241.6   265.8   278.6   288.7   299.9   317.9   346.1   409.4   899.3  3789.0  19685.0    19750
read      282.0   166.3    74.4   134.0   149.5   251.9   308.4   343.6   369.3   399.5   438.7   501.4   688.1  2470.8  3700.2 108750.5   109139
read      240.3    81.7    93.8   155.3   172.0   235.7   257.8   269.4   277.3   288.9   303.9   333.9   399.9   919.4  3151.3  15128.0    15150
read      256.7   108.0    80.4   126.4   140.5   236.1   288.7   320.7   345.6   371.5   403.7   452.0   546.7   734.3  1240.4  74069.0    74389
read      256.6   121.0    80.4   126.9   140.6   234.1   286.4   318.6   344.2   370.9   403.8   455.6   560.6   834.4  3026.7  87166.0    87266
read      261.1   132.3    74.4   129.1   143.6   236.7   289.0   321.5   346.0   374.0   410.0   464.5   585.2  1039.2  3436.3 108155.5   108170
read      275.0   162.7    80.4   130.3   145.3   244.2   299.6   335.8   361.6   391.9   431.0   494.1   690.8  1964.3  3910.7 103340.5   103631
read      257.3    90.1    80.4   133.8   149.1   251.0   291.0   314.4   332.4   352.3   374.4   409.4   486.0   610.9  1583.5  44184.5    44587
read      258.2   130.6    74.4   126.3   140.3   238.7   289.5   320.1   344.2   369.6   399.9   445.1   540.0  1071.4  4184.3  66353.5    66411
read      253.8   111.1    74.4   124.5   138.7   231.3   283.2   314.8   339.8   367.7   401.8   454.0   559.5   900.2  2624.2  89362.0    89167
read      257.1    90.9    86.8   139.7   155.5   252.8   287.2   306.7   321.4   340.4   362.3   393.6   466.0   889.1  2683.9  35616.5    35723
read      255.2   121.4    74.4   124.6   138.7   231.5   283.6   315.8   341.5   369.1   402.6   454.7   571.6  1026.2  3548.2  85745.5    85827
read      255.3   169.8    80.4   124.6   138.6   233.0   285.8   317.1   341.8   368.0   399.2   446.4   546.2   792.8  8711.1  78648.0    78806
read      256.9   113.1    74.4   126.0   139.9   233.6   286.5   319.6   345.2   372.9   407.0   459.6   576.2   882.9  1631.5  89434.5    89641
read      233.5    62.3    93.8   154.9   170.9   230.7   251.2   262.7   270.6   280.5   293.7   317.4   373.3   855.9  1006.4  14136.5    14186
read      259.4   111.4    80.4   131.2   145.4   248.4   294.6   323.5   343.7   365.1   390.6   426.9   500.1   624.1  3826.5  52188.0    52308
read      258.8   106.2    80.4   129.2   143.5   245.3   293.0   321.6   342.6   365.5   393.7   434.9   524.0   784.5  2330.0  56493.5    56743
read      257.3    87.2    80.4   137.9   153.4   254.2   289.4   310.2   326.3   345.0   366.8   397.9   467.4   608.0  1936.6  38320.5    38302
read      256.0   104.3    80.4   126.1   140.1   237.2   289.1   320.9   345.2   370.3   400.1   445.2   538.4   750.6  1397.9  71835.0    71662
read      255.0    81.8    80.4   138.8   154.4   252.6   286.0   304.2   319.1   337.7   359.7   391.5   461.7   615.8  1016.1  36100.5    36015
read      257.1   116.3    80.4   126.6   140.2   238.5   289.6   320.8   343.8   368.3   398.4   442.5   539.5   969.5  3546.0  65053.0    65048
read      255.6   118.0    74.4   125.7   139.7   234.7   287.0   318.3   343.2   368.8   399.7   446.3   545.5   858.2  3928.3  72999.5    72989
read      254.0   106.3    80.4   125.4   139.1   233.8   285.8   317.4   342.7   368.8   400.1   447.7   539.4   712.4  1318.7  76451.5    76390
read      248.6    72.4    86.8   146.4   163.6   246.1   272.7   287.5   297.2   313.9   334.5   364.4   426.2   576.2  1895.5  24365.5    24409
read      255.6   111.8    80.4   125.8   139.6   232.9   285.3   317.7   343.3   370.5   403.5   454.5   557.2   964.7  2102.8  85716.5    85530
read      218.3    53.8    93.8   153.5   166.4   214.2   230.9   240.3   247.8   255.6   269.3   290.0   360.1   912.8  1130.9   8269.0     8346
read      255.7   103.6    74.4   126.2   140.5   237.5   288.4   319.1   342.9   368.2   399.3   445.3   538.3   737.2  1083.2  69506.0    69627
read      256.1   113.0    74.4   125.4   139.5   235.9   288.1   319.8   343.9   368.4   398.9   446.0   553.2   932.5  1927.1  70444.0    70266
read      255.8   108.2    80.4   125.9   139.9   233.3   285.6   318.2   343.1   370.5   403.8   457.5   576.1   807.5  1301.7  89683.5    89525
read      255.3   105.0    80.4   126.1   140.0   236.0   288.6   320.7   344.8   369.7   400.0   446.0   537.3   681.2   935.7  71108.0    70975
read      258.7   102.9    80.4   133.7   149.0   251.3   292.6   317.1   336.1   357.0   380.8   417.1   490.9   618.5  3646.3  46645.5    46633
read      241.9    73.9    86.8   153.8   170.7   238.4   261.1   272.8   282.3   293.0   310.0   339.2   403.3   905.5  3202.2  16880.0    16963
read      268.2   123.3    74.4   131.6   146.6   243.4   297.4   331.6   356.2   384.4   420.9   474.6   612.2  1277.5  2460.1 109464.5   109556
read      254.6   117.7    74.4   125.4   139.4   230.6   282.7   315.6   341.3   368.8   402.3   453.4   570.1   977.9  2497.9  91425.0    91124
read      259.3   101.2    80.4   132.0   146.7   249.5   294.3   321.0   341.0   362.3   387.8   425.1   500.5   637.9  2365.7  51429.5    51505
read      256.0   137.4    74.4   125.7   139.5   231.8   284.5   317.2   342.4   370.3   404.3   455.7   567.5   865.9  5313.6  93754.5    93804
read      259.5   156.8    80.4   128.8   142.8   243.3   291.5   319.4   341.9   365.3   393.1   433.5   526.7   925.7  7054.2  58635.5    58474
read      258.3    91.2    80.4   134.4   149.6   252.6   292.3   315.9   334.1   354.0   375.9   410.3   483.1   645.9  1752.5  43881.5    43487
read      255.6   101.3    74.4   127.2   141.2   241.4   291.2   320.7   343.0   365.7   393.1   433.0   515.1   660.9   940.0  61725.0    61792
read      260.2   127.7    80.4   129.3   143.6   244.3   293.3   322.7   344.6   367.9   396.3   437.1   526.7   900.6  3633.3  59482.0    59548
read      260.0   111.7    80.4   135.1   150.3   251.9   292.6   317.1   335.7   356.0   379.1   414.3   489.3   685.3  3951.8  43899.0    43635
read      253.2    80.8    86.8   145.2   161.6   250.6   280.1   295.6   309.3   324.9   345.4   374.3   434.6   566.9  1813.5  27591.5    27536
read      261.6    91.2    80.4   137.0   151.8   256.1   295.5   320.4   338.4   358.0   381.1   416.4   497.4   639.6  1332.6  42613.0    42828
read      265.5   132.3    80.4   128.6   143.2   239.4   293.0   327.8   352.7   381.5   419.2   477.5   637.7  1131.3  3037.2 109072.0   109424
read      250.5   102.4    80.4   124.1   137.9   230.6   282.3   313.4   337.7   363.6   394.5   439.9   533.9   702.5   950.7  78556.0    78273
read      258.3   114.5    80.4   128.6   142.4   242.9   292.7   322.4   345.0   368.5   397.0   436.4   520.5   685.1  3914.9  60388.5    60279
read      261.3    93.1    86.8   140.5   156.4   257.3   291.0   311.2   326.6   344.9   367.7   401.1   484.7  1005.9  1592.3  35141.5    35178
read      257.1   112.3    80.4   126.5   140.4   239.9   290.6   321.6   345.3   369.8   399.0   442.7   537.2   746.2  2245.8  67383.0    67279
read      258.3   110.8    74.4   127.1   140.8   236.4   289.5   322.4   347.8   374.0   407.8   459.6   569.8   772.0  1418.1  80692.5    80752
read      255.6    84.0    86.8   139.9   155.4   253.0   286.3   305.0   320.1   338.3   359.7   389.9   456.6   586.9  1746.8  34958.0    35012
read      223.3    57.2   101.3   156.8   170.9   218.6   235.1   245.9   252.9   262.9   274.2   294.6   366.9   928.5  1554.3   7844.0     7936
read      225.7    92.2    93.8   156.7   169.7   220.2   236.8   247.7   254.4   264.7   275.2   297.9   372.1  1003.1  4282.6   8523.5     8578
read      255.6   124.1    74.4   125.5   139.4   232.0   284.1   316.0   341.2   369.0   403.4   456.5   576.2   884.9  3958.7  89359.0    89696
read      217.4   113.3    93.8   153.4   164.7   209.3   226.2   234.8   242.8   251.5   265.0   287.7   373.1  1017.8  4708.6   5576.5     5569
read      250.0    73.4    86.8   145.4   162.0   247.9   276.1   290.7   301.4   316.4   337.1   367.2   430.3   632.9  1158.9  26679.5    26905
read      260.9   132.6    86.8   135.8   150.7   253.2   292.0   315.1   333.0   353.0   375.6   412.4   492.7   873.3  6221.5  42519.5    42389
read      256.6   115.0    74.4   125.3   139.4   233.6   286.3   318.7   344.0   371.4   405.3   455.9   576.4   987.5  2304.6  84439.5    84689
read      257.3   104.6    80.4   128.1   141.9   242.9   291.4   320.7   343.9   367.2   394.8   434.4   518.7   709.9  2266.8  59284.5    59305
read      262.1    93.8    80.4   135.0   150.6   255.6   296.4   322.5   340.8   360.6   383.8   419.4   497.7   639.1  1558.8  44541.0    44512
read      255.2   104.0    80.4   125.9   139.9   235.7   288.4   319.4   343.5   369.3   399.8   445.5   540.3   744.7  1267.2  72717.0    72395
read      255.5   123.9    74.4   125.0   139.1   234.7   287.5   319.2   343.4   368.9   400.1   448.0   541.7   777.1  4076.2  74579.5    74619
read      255.8   106.1    74.4   126.1   139.9   237.6   288.9   319.8   343.6   368.3   398.1   443.6   540.4   731.5  1529.9  67259.0    67302
read      258.7   120.0    80.4   128.6   142.7   244.9   292.9   322.7   344.0   366.2   393.0   431.8   509.9   732.8  3523.6  57644.0    57822
read      224.2   104.8   101.3   155.8   168.1   218.2   235.2   245.9   252.9   262.6   273.6   295.7   375.6   972.5  4290.9   8267.5     8117
read      259.0   113.1    74.4   127.9   142.1   235.9   287.9   319.8   344.0   371.6   407.4   462.0   582.4   875.8  1431.2 105814.0   106178
read      249.2    83.1    86.8   146.3   162.9   246.7   273.4   288.0   297.4   313.8   334.2   364.5   426.9   714.1  2561.0  25127.5    25089
read      255.5   124.4    74.4   126.0   139.9   236.8   288.2   318.4   342.3   367.2   397.0   440.0   537.1   768.0  3060.3  68710.0    68848
read      280.0   220.4    80.4   127.7   142.2   240.3   295.7   333.5   360.7   392.1   432.8   506.0   881.1  2838.1  7927.1  98682.0    98941
read      275.7   216.0    74.4   127.2   141.1   239.1   293.4   329.9   356.6   386.4   426.1   492.8   844.1  2744.1  8063.2  78193.5    78157
read      260.3   120.9    80.4   127.9   142.3   235.6   287.5   319.3   344.0   371.7   408.5   465.0   604.8  1100.7  2414.1 109919.0   109857
read      259.4   144.2    80.4   127.3   141.6   234.5   286.1   318.3   342.8   370.4   404.6   458.5   584.0  1427.3  4116.1 108850.5   108875
read      252.6   110.5    80.4   123.8   137.9   230.0   281.9   313.2   338.4   366.2   400.1   452.4   570.9   813.1  1821.6  86905.5    86646
read      255.3   112.4    80.4   125.7   139.5   233.4   286.2   318.8   344.3   371.3   404.4   454.6   547.5   730.9  1865.0  83002.5    83239
read      257.5    93.2    80.4   131.4   146.2   248.9   293.6   319.5   338.9   359.9   384.6   421.2   494.4   609.1  1173.8  50831.5    51061
read      251.5   135.3    74.4   123.9   137.6   227.9   280.0   311.3   336.7   364.7   398.0   449.2   551.8   788.9  5185.9  89615.5    89906
read      256.6   107.4    80.4   128.8   142.9   243.9   291.6   320.0   341.1   363.7   390.4   428.5   502.0   632.1  2713.3  56891.0    56601
read      254.8   104.5    74.4   125.4   139.3   235.7   287.7   319.0   343.3   368.8   399.3   445.3   540.7   731.7  1097.6  71042.5    71203
read      255.5   127.8    68.9   125.9   139.8   231.6   283.3   315.6   340.8   368.6   402.5   455.0   567.8   918.5  4374.6  95698.5    95942
read      253.6   103.8    80.4   124.8   138.8   235.1   287.0   317.6   341.7   366.9   397.4   442.7   530.2   704.9  1370.8  71498.5    71622
read      253.8   108.3    74.4   125.9   139.7   231.4   283.3   315.3   339.9   367.1   400.7   452.1   560.5   798.0  1323.3  97255.0    97182
read      248.2    72.2    80.4   143.3   159.8   246.3   274.6   289.8   300.4   315.5   336.2   366.7   428.6   548.1  1439.3  27607.5    27718
read      259.2   118.4    80.4   133.3   148.6   251.0   292.7   317.3   336.0   356.8   380.9   418.3   496.0   679.1  4517.2  46485.0    46519
read      256.9   110.8    74.4   126.1   140.1   234.7   287.6   320.7   346.7   373.2   406.6   456.2   560.9   834.6  1715.6  83037.0    83197
read      256.2   122.7    68.9   125.7   139.7   234.5   287.3   319.1   344.3   370.7   402.6   452.7   554.5   826.3  1730.1  79364.0    79080
read      255.2   103.5    80.4   126.3   140.2   237.0   289.4   321.0   345.2   369.7   397.9   439.0   528.0   692.9  1432.7  69519.0    69401
read      257.9    97.3    80.4   133.1   148.3   251.0   292.2   315.8   334.0   354.4   377.9   413.4   483.6   641.4  2739.5  45769.0    45684
read      244.4    63.1    86.8   153.7   170.0   240.7   264.8   277.5   287.8   298.7   318.1   349.2   415.7   832.3  1075.2  18094.5    18120
read      250.6    68.9    86.8   152.0   168.7   246.5   272.3   287.4   297.6   314.1   335.4   367.8   432.8   544.6  1165.4  21309.0    21245
read      265.1    94.0    86.8   140.5   155.8   256.8   295.2   320.1   339.3   360.3   386.3   427.5   516.5   658.6  1847.5  39125.5    39039
read      263.8   153.4    74.4   126.7   140.9   240.9   292.6   324.3   348.6   375.1   410.0   463.3   619.6  1210.2  7252.3  67630.5    67458
read      256.5    99.8    80.4   135.1   150.9   251.8   289.0   309.4   324.8   345.0   368.2   401.4   476.5   630.4  2524.2  42654.5    42773
read      245.9    72.9    86.8   150.5   168.1   243.8   267.9   280.7   290.2   301.5   318.5   347.2   400.9   870.6  2454.4  20523.0    20690
read      254.6   113.5    74.4   126.6   140.9   240.0   288.9   316.4   338.3   362.3   390.7   430.8   509.2   655.6  4094.5  63239.5    63440
read      258.6    98.0    86.8   135.7   151.6   253.9   290.6   311.6   328.2   348.2   371.2   406.9   488.6   636.0  2515.3  41965.5    41615
read      251.4   104.1    74.4   125.4   139.2   229.4   280.6   311.2   336.2   364.9   398.9   450.3   544.5   689.5  1093.8  97046.0    97229
read      252.3   115.7    74.4   124.6   138.7   230.2   281.4   312.4   337.1   364.5   398.0   448.1   549.0   873.2  2412.3  86152.5    86249
read      245.2    86.5    86.8   150.3   167.0   241.5   266.2   279.0   288.9   300.0   318.4   349.4   416.9   915.4  2972.7  20906.0    20807
read      255.8    72.5    86.8   148.6   165.9   254.0   282.0   296.2   309.4   324.2   344.9   374.1   441.0   573.4  1098.2  26246.5    26130
read      259.2    76.7    86.8   145.6   162.5   258.3   288.2   304.8   317.7   335.0   356.2   387.0   453.3   587.6  1740.7  30215.0    30510
read      264.9    91.7    74.4   138.6   154.4   259.6   299.0   323.1   341.1   360.9   384.5   420.5   498.6   638.7  1035.3  43997.5    43868
read      264.7   111.0    80.4   134.7   150.3   253.5   299.1   327.6   347.8   369.1   394.9   433.1   520.1   719.0  2375.6  55041.0    55324
read      261.6   103.2    86.8   160.1   178.1   256.5   281.9   295.3   307.4   320.8   341.3   370.4   443.9  1198.8  3963.2  20391.5    20437
read      240.8    61.2   101.3   166.5   181.6   235.3   255.0   267.2   274.8   286.7   300.1   326.5   397.2   906.9  1842.8   9637.0     9548
read      246.8    86.4    93.8   165.5   182.2   241.0   262.0   273.0   282.5   293.3   310.7   340.7   412.2   938.7  3134.6  12038.5    12101
read      256.7   121.3    74.4   127.4   141.6   238.8   289.7   318.9   342.2   367.2   397.7   442.8   529.8   654.6  4370.4  72064.5    72073
read      256.8    71.0    80.4   157.8   176.2   254.1   278.5   292.1   302.7   316.6   336.2   366.7   433.4   786.8  2130.0  21419.0    21310
read      255.6   106.1    80.4   126.7   140.8   234.2   286.4   317.7   342.1   369.1   402.5   454.5   554.6   726.6  1128.0  90618.5    90755
read      261.5   105.0    80.4   132.7   148.4   252.3   295.8   322.8   342.6   363.5   388.9   427.2   504.3   629.9  3558.2  51376.5    51252
read      261.4   101.8    74.4   131.1   146.4   252.0   296.7   323.8   344.1   365.2   390.7   429.4   515.7   672.2  2660.5  53077.0    53070
read      259.4    92.4    80.4   133.3   148.3   253.0   294.8   319.4   338.5   358.7   381.6   417.2   494.0   627.2  1317.0  48368.5    48181
read      256.7   140.8    68.9   127.2   141.1   233.6   285.3   317.1   341.7   369.1   403.2   455.6   560.8   748.0  5278.2  97732.5    97336
read      254.3   119.8    74.4   125.3   139.4   231.6   283.2   314.6   339.9   367.8   401.1   452.1   550.5   786.7  3276.9  92213.5    91976
read      249.6   102.7    74.4   124.5   138.4   227.8   279.0   309.7   334.5   362.2   396.0   446.3   539.7   685.4  1152.7  95151.0    94742
read      256.9   104.3    74.4   127.2   141.2   240.5   291.4   320.6   343.9   368.5   398.2   441.5   527.8   684.3  1900.1  66255.5    66079
read      253.6   104.0    74.4   125.8   139.5   233.2   286.1   317.3   341.8   368.5   400.2   447.2   536.1   681.4  1387.8  79576.0    79328
read      260.8   116.2    80.4   134.5   150.3   254.1   294.0   317.5   335.7   355.6   378.1   415.3   493.6   652.8  4838.7  45284.0    45235
read      259.2    95.3    86.8   140.8   157.2   256.2   289.3   307.9   321.6   340.2   362.3   393.7   462.2   732.8  2522.3  35309.0    35310
read      252.2   103.0    74.4   124.4   138.6   233.4   285.2   315.1   339.3   364.9   395.6   440.7   532.8   687.8  1116.6  76331.5    76589
read      257.9   128.9    74.4   127.7   141.7   233.2   285.7   318.2   342.9   371.0   406.8   462.4   587.1   805.4  2178.5 107191.5   107175
read      252.0   107.5    74.4   124.1   138.3   232.3   284.2   314.0   337.4   363.7   395.9   443.7   539.2   706.3  1958.8  77927.5    78127
read      243.3    63.2    86.8   160.0   177.1   239.2   260.5   271.8   280.7   291.7   307.9   337.7   405.2   933.5  1139.0  13421.5    13331
read      256.4   100.6    80.4   128.6   143.3   243.7   292.0   319.5   340.9   363.6   390.6   430.3   506.2   632.5  1654.5  59184.5    59382
read      251.3   110.4    74.4   124.3   138.3   230.8   282.0   312.0   336.3   363.8   396.2   444.5   540.4   690.8  1418.9  87054.5    87477
read      251.8   117.4    74.4   124.2   138.4   229.5   281.5   311.5   335.8   363.5   396.9   447.5   547.9   783.8  3324.7  92098.5    92020
read      257.6   108.5    74.4   128.3   142.8   235.4   286.8   317.8   341.8   369.8   404.5   459.2   567.2   759.1  1621.7 109254.0   109297
read      260.6   100.3    80.4   135.3   151.4   256.2   293.8   316.2   333.6   353.2   375.6   410.3   478.6   644.3  3362.4  42405.5    42293
read      259.9   103.1    80.4   130.9   145.8   250.9   296.2   323.1   342.7   363.5   388.5   426.2   502.5   639.8  3088.8  52994.0    52962
read      255.6    93.9    86.8   149.9   167.9   253.5   279.7   293.3   304.8   319.3   339.8   369.3   435.2   724.9  5184.4  23650.5    23492
read      243.4   113.3    86.8   161.6   178.6   237.6   257.9   269.8   278.3   289.7   305.0   334.0   402.0   965.4  3107.1  12611.0    12594
read      256.3   110.0    74.4   126.5   140.6   239.0   290.0   319.5   342.8   367.5   397.0   442.5   534.2   691.0  3183.3  69080.0    69120
read      257.1   106.9    80.4   129.1   143.7   245.0   292.6   320.4   341.2   362.9   388.4   426.6   503.4   635.7  2004.7  57130.5    57144
read      258.7   103.8    80.4   129.1   143.7   246.6   293.7   320.8   342.8   365.6   392.3   431.0   509.7   672.9  2394.8  56990.5    57232
read      255.4   150.0    74.4   125.1   139.4   236.3   288.2   318.1   342.1   367.5   397.4   441.2   530.6   683.8  4634.3  71424.0    71593
read      260.8    85.8    80.4   137.7   153.1   258.0   294.9   316.8   333.1   351.3   372.3   404.5   475.8   587.5  1087.8  40777.0    40799
read      255.3    76.0    80.4   144.0   161.6   254.1   284.0   298.9   312.2   327.5   347.6   378.4   446.0   588.1  1888.4  29754.5    29614
read      259.9   144.9    74.4   128.8   142.9   234.5   287.1   319.8   345.2   373.4   409.6   464.1   583.7   801.3  6756.6 106422.5   106611
read      260.2    97.0    74.4   131.8   147.4   252.3   295.0   320.3   340.5   361.7   386.8   425.4   507.0   670.6  1413.7  50052.5    50009
read      261.4    97.4    80.4   133.2   148.7   254.5   296.1   321.3   340.7   361.6   386.1   422.7   496.9   625.7  2416.0  47881.0    47727
read      245.6    81.2    86.8   157.0   175.2   241.3   263.5   274.8   284.8   295.0   312.8   341.6   402.5   968.0  3221.6  15221.0    15204
read      259.3    92.5    74.4   131.6   146.7   251.9   295.5   320.8   340.3   361.4   386.5   422.5   492.9   604.6  1306.7  50482.0    50703
read      255.6   112.8    74.4   127.5   141.8   241.9   289.8   316.1   337.7   361.2   388.5   428.3   509.3   727.0  3099.2  60552.5    60979
read      257.9    88.8    86.8   139.2   154.8   255.3   289.4   309.1   324.1   342.8   364.8   397.1   468.4   614.8  1731.7  37811.5    37662
read      243.9    61.0    93.8   153.7   171.6   241.1   264.4   276.5   286.7   296.9   314.8   342.7   400.1   570.6  1069.5  16900.0    16932
read      258.0   128.4    80.4   128.0   142.2   234.7   287.0   318.7   343.5   371.1   405.8   459.1   567.0   759.8  3457.5 100145.5   100183
read      253.3    99.5    80.4   125.6   139.8   236.8   288.2   317.4   340.1   364.1   392.2   433.5   522.4   660.2  1135.0  69113.5    69175
read      253.6    75.4    80.4   146.7   164.1   252.9   280.6   294.4   306.4   320.0   341.5   371.2   434.1   546.8  1442.1  27404.0    27515
read      261.2   136.3    74.4   128.6   142.8   235.1   287.3   319.7   344.8   373.1   409.9   466.6   608.6  1402.5  4460.8 105973.5   106411
read      260.0    96.5    80.4   132.1   147.4   252.4   294.8   319.9   339.2   360.2   385.1   423.6   503.1   639.7  1761.6  49449.0    49629
read      257.1   102.9    80.4   126.9   141.4   242.3   292.9   322.4   345.0   368.2   396.2   436.5   518.6   661.6  2055.8  63253.0    63537
read      252.1   107.6    74.4   124.5   138.5   230.5   282.0   313.2   338.0   365.6   398.9   449.3   547.5   721.9  1787.3  88243.0    88081
read      260.8   121.8    80.4   130.6   145.2   248.6   295.3   323.3   344.7   366.7   393.3   431.5   508.0   672.8  5397.8  55348.0    55527
read      254.1   105.9    74.4   125.7   139.8   237.4   288.0   316.9   340.1   365.1   395.0   436.6   526.0   678.2  1640.8  69455.5    69558
read      257.3    99.9    80.4   128.3   142.6   243.8   292.9   321.4   343.6   366.6   393.7   433.5   516.0   670.1  1561.1  60980.0    60702
read      237.1    60.6    93.8   156.5   173.3   233.3   253.6   265.8   273.6   284.9   297.1   325.1   390.4   907.6  1839.0  13361.0    13487
read      256.5   118.7    80.4   126.8   141.0   239.1   289.7   318.6   341.7   366.6   395.4   437.2   530.8   781.0  3065.8  66949.5    67037
read      228.4    62.9   101.3   159.6   172.3   223.2   240.8   251.3   259.5   269.6   282.9   305.6   395.0   956.9  1717.9   8288.5     8281
read      260.7    99.5    80.4   140.5   157.3   258.6   292.1   311.5   325.9   343.4   365.3   396.2   461.8   600.5  2704.6  34858.0    34986
read      254.2   131.2    74.4   124.0   138.1   231.9   284.8   317.1   341.9   368.6   400.6   449.3   547.2   823.7  2249.7  82162.5    82336
read      251.4   111.4    74.4   124.5   138.6   229.0   279.9   311.2   335.9   363.9   398.4   450.2   550.0   740.3  1840.5 101372.5   101465
read      254.5   105.0    80.4   125.0   139.3   234.1   286.4   317.3   341.6   368.5   401.1   450.6   543.1   704.6  1508.6  82601.0    82733

Total QPS = 57792.0 (104025600 / 1800.0s)

Total connections = 64
Misses = 0 (0.0%)
Skipped TXs = 0 (0.0%)

RX 25694322459 bytes :   13.6 MB/s
TX          0 bytes :    0.0 MB/s
Warning! Detected max cpu usage > 95%
CPU Usage Stats (avg/min/max): 99.90%,6.03%,100.00%
