Random waveform, supplied seed
Total number of intervals = 1800 (6927, 52892, 98921, 61129, 40613, 53226, 38560, 103465, 104758, 94759, 37799, 8296, 69443, 12517, 43591, 20430, 93758, 10485, 16518, 83230, 5484, 55611, 20774, 96726, 32442, 73039, 74055, 51197, 59442, 35654, 78747, 42212, 52488, 36950, 16762, 79473, 61431, 87172, 108181, 80515, 37149, 13444, 72057, 70041, 90162, 52082, 24258, 72013, 58012, 45398, 50177, 34504, 66010, 73937, 55020, 53235, 97743, 5419, 14764, 7451, 48208, 16149, 78989, 18886, 75954, 44409, 16431, 85707, 58253, 103867, 21604, 90401, 84467, 99700, 32052, 18173, 67789, 51929, 83850, 18614, 29315, 108090, 27024, 49907, 9150, 34328, 51881, 14569, 81517, 78694, 93409, 39093, 18729, 70818, 21942, 91810, 39588, 40957, 62645, 15539, 107672, 32954, 58866, 23739, 54701, 60706, 72350, 58661, 34912, 103268, 38703, 83358, 57408, 86837, 33517, 66204, 73758, 99742, 109462, 94453, 44096, 100467, 8576, 59359, 7614, 60329, 43762, 67038, 26095, 71173, 109276, 13150, 61250, 84472, 82226, 27671, 98736, 106314, 105027, 96867, 89493, 50538, 22083, 48618, 94298, 63579, 64573, 77178, 29824, 64495, 20917, 85651, 61935, 50216, 72251, 71798, 19701, 24952, 81838, 26648, 24837, 29420, 103882, 70314, 61679, 49557, 19325, 9128, 94933, 24327, 71896, 93771, 20452, 42338, 72627, 80603, 49049, 92305, 56889, 78036, 71583, 72609, 107382, 86530, 16550, 84534, 72631, 49291, 62175, 80213, 16566, 53985, 101949, 24076, 52574, 106271, 105451, 86087, 29108, 101115, 74326, 75832, 94901, 15809, 28874, 51882, 32653, 41676, 63019, 99164, 47055, 62394, 98519, 32122, 49464, 24034, 77363, 91698, 38997, 86028, 83012, 15024, 56640, 97362, 107412, 65030, 79278, 47544, 105368, 58181, 56960, 14849, 63672, 48289, 11797, 10781, 49362, 102119, 46213, 97025, 18351, 21426, 43013, 67376, 36043, 6255, 102499, 26263, 56974, 40869, 46514, 11431, 58600, 68058, 54502, 64022, 52142, 101375, 40606, 47485, 48977, 38615, 80279, 75843, 67095, 41325, 55752, 85561, 14194, 88002, 90515, 109283, 26699, 37400, 19307, 11527, 83787, 22209, 75169, 73833, 94641, 61338, 91825, 77235, 37257, 32057, 108618, 72930, 43714, 87369, 56640, 97360, 79788, 11352, 87962, 40663, 59386, 48302, 19398, 82197, 77387, 72753, 7720, 46279, 42102, 90892, 39976, 61084, 16735, 45909, 28976, 84704, 101822, 92571, 12106, 58568, 51319, 21556, 14191, 29072, 16350, 86891, 104441, 8906, 42175, 51797, 76678, 19630, 100132, 40498, 108559, 23964, 70760, 99567, 107548, 53742, 103931, 60359, 9725, 52014, 40053, 86436, 23983, 66595, 26056, 51764, 40202, 76665, 11133, 80405, 79106, 97258, 36307, 28636, 41620, 75736, 44979, 31478, 37586, 108330, 64301, 11203, 7291, 87477, 77485, 42055, 26865, 94592, 66869, 17835, 55977, 82437, 15775, 87559, 105401, 88752, 94531, 101303, 86640, 84818, 20221, 43599, 52779, 89855, 48532, 107423, 46535, 47535, 49633, 30334, 17207, 106074, 48912, 96483, 39228, 92350, 85084, 81993, 101617, 16730, 71079, 108942, 55406, 42279, 21876, 34140, 42897, 18462, 100375, 41347, 101594, 47486, 73393, 51134, 58201, 71020, 72071, 93446, 28724, 59269, 74624, 52368, 9687, 44165, 6895, 55457, 61164, 108384, 33319, 97895, 39720, 68554, 86849, 30264, 100754, 98098, 86028, 93054, 42348, 29490, 18187, 95113, 8570, 62285, 52582, 34260, 59493, 58208, 93458, 18056, 94134, 37808, 53481, 25666, 108853, 41576, 70282, 45769, 92383, 12100, 67747, 68933, 63242, 72993, 51022, 67069, 24895, 68588, 42706, 49479, 64792, 73879, 31893, 74262, 57246, 91617, 55173, 108633, 15720, 99961, 102613, 57169, 56950, 49938, 5383, 39719, 36653, 69482, 46749, 65109, 46501, 109480, 69433, 58157, 70737, 34617, 77563, 90036, 36689, 46832, 104903, 14153, 21674, 5689, 37781, 15507, 102064, 71340, 79815, 44352, 109562, 86219, 47335, 41962, 45802, 13389, 95780, 87844, 55903, 100902, 70988, 53831, 26948, 32347, 41050, 56197, 94617, 71839, 79082, 107630, 60164, 97878, 63680, 73888, 65499, 96906, 103287, 49664, 32535, 46477, 7459, 74137, 57061, 34213, 7432, 41605, 32998, 61636, 64695, 14063, 91302, 6064, 41354, 19863, 19488, 14040, 19538, 20199, 106657, 92457, 92780, 68203, 81753, 57748, 21027, 49680, 82042, 93691, 45291, 30437, 67422, 69956, 35404, 80225, 105585, 20088, 12672, 15696, 25951, 65007, 10189, 78008, 12678, 15922, 41774, 38788, 34559, 54825, 42697, 12669, 70047, 96137, 92934, 20597, 66597, 59987, 58456, 59958, 98221, 55912, 39018, 18747, 60013, 85584, 84809, 85435, 94907, 16437, 78505, 77219, 86414, 73427, 100497, 96416, 71637, 33216, 58699, 53809, 72797, 107267, 55877, 70507, 46741, 36507, 30697, 25261, 25212, 33805, 76345, 95558, 28428, 21673, 89018, 46753, 34034, 47329, 56893, 38690, 79988, 107429, 43713, 76624, 71700, 40703, 95489, 18531, 99369, 29286, 42988, 69249, 7889, 51783, 38634, 86204, 109534, 45136, 59949, 61681, 76329, 44322, 20698, 84853, 75889, 98396, 53818, 26200, 54761, 12268, 52324, 106440, 7154, 87362, 43716, 26737, 41596, 85490, 77612, 78124, 69632, 39180, 15803, 36987, 19833, 46567, 57368, 36003, 68916, 93229, 46632, 93663, 106418, 60496, 109057, 96861, 86255, 25686, 17483, 29211, 55328, 87592, 23882, 44790, 12236, 42928, 103959, 97347, 68379, 92596, 10055, 29634, 9324, 30076, 100150, 27527, 95171, 40523, 11422, 9200, 42816, 10698, 22301, 48159, 39987, 33067, 62704, 52778, 75981, 74522, 14533, 5566, 78062, 82399, 108638, 93541, 47145, 109796, 26597, 7034, 72616, 13584, 19750, 109139, 15150, 74389, 87266, 108170, 103631, 44587, 66411, 89167, 35723, 85827, 78806, 89641, 14186, 52308, 56743, 38302, 71662, 36015, 65048, 72989, 76390, 24409, 85530, 8346, 69627, 70266, 89525, 70975, 46633, 16963, 109556, 91124, 51505, 93804, 58474, 43487, 61792, 59548, 43635, 27536, 42828, 109424, 78273, 60279, 35178, 67279, 80752, 35012, 7936, 8578, 89696, 5569, 26905, 42389, 84689, 59305, 44512, 72395, 74619, 67302, 57822, 8117, 106178, 25089, 68848, 98941, 78157, 109857, 108875, 86646, 83239, 51061, 89906, 56601, 71203, 95942, 71622, 97182, 27718, 46519, 83197, 79080, 69401, 45684, 18120, 21245, 39039, 67458, 42773, 20690, 63440, 41615, 97229, 86249, 20807, 26130, 30510, 43868, 55324, 20437, 9548, 12101, 72073, 21310, 90755, 51252, 53070, 48181, 97336, 91976, 94742, 66079, 79328, 45235, 35310, 76589, 107175, 78127, 13331, 59382, 87477, 92020, 109297, 42293, 52962, 23492, 12594, 69120, 57144, 57232, 71593, 40799, 29614, 106611, 50009, 47727, 15204, 50703, 60979, 37662, 16932, 100183, 69175, 27515, 106411, 49629, 63537, 88081, 55527, 69558, 60702, 13487, 67037, 8281, 34986, 82336, 101465, 82733, 44752, 104681, 53872, 87376, 70834, 86701, 56054, 106733, 6476, 33857, 15953, 41252, 76853, 32962, 83564, 46260, 46426, 100015, 78102, 24168, 25529, 17342, 71657, 59805, 55558, 79251, 9123, 109516, 41153, 98946, 56315, 92525, 79997, 48998, 67260, 88431, 51359, 60398, 41854, 23797, 83091, 78319, 101978, 97985, 82850, 24622, 99932, 46761, 56274, 24750, 46988, 96633, 32524, 82709, 64734, 44841, 23220, 52173, 87894, 55637, 31153, 30053, 20489, 33457, 16922, 47200, 95934, 42596, 94660, 59804, 37634, 68516, 86478, 101464, 70660, 105480, 41912, 50818, 99610, 99247, 72793, 34890, 49665, 51276, 30810, 42632, 71502, 87471, 95450, 101882, 61422, 36550, 20285, 80275, 99091, 90849, 53477, 67190, 55837, 43938, 73349, 38158, 62627, 21095, 43996, 8918, 19346, 48373, 72207, 57914, 78645, 6581, 25723, 21861, 102729, 15233, 14904, 44168, 49750, 100878, 93330, 75527, 6637, 22677, 69399, 9465, 81491, 68604, 86719, 48219, 105020, 79027, 33669, 9087, 28486, 36839, 46303, 29630, 58735, 15717, 54660, 100453, 84114, 47655, 71572, 97243, 109600, 97814, 46973, 52430, 7146, 64613, 8185, 91736, 50530, 99806, 23088, 39498, 7321, 70463, 55826, 68597, 83723, 93939, 10956, 43150, 61224, 72370, 75062, 66006, 103596, 92033, 10484, 101797, 93004, 55072, 97279, 82336, 94577, 25009, 98952, 62113, 90099, 54206, 36396, 61074, 70494, 44168, 57463, 60314, 105044, 63992, 64734, 38524, 23279, 96010, 68478, 71493, 39521, 73637, 46296, 25879, 11714, 89519, 71339, 63633, 18929, 69661, 8686, 20828, 68811, 108532, 96969, 21773, 90731, 63998, 64446, 32180, 75461, 51464, 47445, 12315, 98965, 71412, 44818, 65032, 10162, 46718, 81555, 93247, 44331, 68373, 99824, 13056, 65920, 28566, 25078, 88903, 108661, 64992, 77433, 15971, 16899, 84638, 35480, 97273, 79139, 25297, 102339, 72458, 90171, 108648, 50499, 103049, 39793, 21064, 40595, 66094, 19325, 13925, 72470, 73495, 86683, 68819, 27253, 105279, 23628, 86180, 28305, 39975, 39392, 9232, 50310, 78444, 92684, 33919, 9652, 84235, 89236, 35182, 29868, 65163, 12137, 61980, 68692, 107979, 44697, 21036, 89648, 38068, 23853, 94618, 79614, 24378, 84735, 90499, 46515, 18830, 83245, 38103, 78351, 11883, 82546, 53356, 21606, 16566, 53192, 108883, 7366, 94850, 93630, 74411, 44291, 18140, 46406, 76568, 67484, 70037, 28245, 95855, 94882, 15781, 77465, 18000, 99573, 99265, 75628, 21273, 99065, 62986, 71174, 26304, 13354, 35658, 39892, 14874, 71766, 106924, 69312, 23069, 31532, 105945, 100442, 7075, 21318, 104020, 78635, 46764, 9723, 13017, 40662, 34465, 46730, 73264, 79688, 108967, 56343, 41842, 19881, 6107, 38731, 31156, 79889, 31951, 105358, 104834, 12457, 72818, 44775, 68489, 52510, 84955, 14282, 87096, 90273, 31352, 19469, 7075, 35529, 84543, 19670, 35779, 80767, 84436, 102570, 64539, 20695, 29052, 109606, 86574, 26386, 30300, 79261, 72798, 23763, 45061, 57867, 28765, 105615, 109800, 92474, 69536, 108847, 37648, 98797, 71781, 45034, 23060, 99559, 78907, 109987, 96463, 14541, 30227, 109068, 73889, 80825, 101968, 28070, 88127, 93037, 85313, 42639, 89688, 77922, 43434, 105109, 104178, 103636, 33841, 65328, 53849, 14112, 65229, 74794, 76657, 92562, 79594, 106208, 94770, 19122, 60408, 98371, 61350, 78813, 5604, 81210, 73960, 28059, 6090, 65353, 55646, 75470, 101368, 20305, 101317, 108543, 81018, 106524, 50658, 43791, 14504, 47555, 67848, 93337, 82735, 79691, 61855, 61378, 27280, 35620, 32911, 76628, 32305, 74231, 69333, 53526, 43970, 92984, 22716, 86539, 73888, 73554, 26912, 44840, 16966, 51903, 71461, 21248, 98493, 105716, 19488, 16605, 75130, 45842, 48598, 67944, 26800, 49959, 54114, 66577, 39563, 40228, 92385, 35189, 34744, 15082, 87824, 33965, 38138, 42450, 65120, 17329, 56524, 36287, 14642, 53127, 67385, 80362, 105193, 50992, 85438, 50475, 15668, 66984, 57056, 45383, 9044, 39958, 67432, 23503, 89906, 60865, 10097, 104385, 16694, 96807, 23545, 53603, 77963, 99004, 89009, 109606, 94996, 26308, 76851, 105149, 51656, 12606, 56950, 58457, 73870, 77558, 18374, 90267, 41486, 34820, 24506, 32392, 65364, 33590, 48637, 99481, 15514, 9896, 78890, 26427, 84648, 105509, 16789, 13784, 13915, 7197, 84754, 93616, 45232, 86355, 23239, 51079, 72839, 73047, 15045, 102659, 102565, 83738, 35346, 55125, 40276, 62712, 75879, 37820, 51426, 37336, 98811, 102611, 30209, 19127, 34838, 12221, 92770, 100281, 28246, 97699, 99005, 102169, 51450, 17676, 7745, 48978, 43452, 90767, 48262, 83478, 76521, 11107, 70605, 26675, 52233, 55622, 99805, 107061, 61661, 67279, 76808, 8778, 97193, 107071, 10948, 28130, 51359, 55853, 90627, 102228, 104734, 106083, 95336, 76589, 103772, 109839, 17359, 31011, 67619, 17471, 24062, 23520, 56489, 69348, 108974, 79285, 54257, 40106, 31207, 94507, 5506, 14400, 78967, 69388, 35215, 58494, 65990, 44222, 19337, 98916, 87381, 40281, 37810, 88453, 101489, 60562, 74653, 11749, 48618, 95605, 92625, 82221, 46975, 96256, 102722, 109956, 93397, 36796, 60338, 88191, 7900, 26617, 25396, 87872, 105715, 108698, 55441, 105384, 106644, 84799, 13372, 25818, 43197, 16342, 60414, 105092, 29202, 5224, 104734, 106273, 44596, 108135, 41488, 68048, 101205, 22018, 14763, 80132, 8180, 20631, 109472, 46664, 6150, 16610, 42753, 9304, 8734, 89512, 58784, 104359, 8750, 31858, 20648, 91120, 91975, 79487, 93804, 47660, 53383, 60697, 19954, 76807, 102724, 36517, 90439, 92826, 99778, 87276, 67275, 10087, 41900, 60263, 79470, 20947, 79025, 93419, 86804, 11405, 33882, 8430, 7942, 105057, 82445, 40392, 16556, 91947, 28551, 78108, 18719, 13168, 48375, 98215, 62057, 94693, 92475, 83505, 109987, 93810, 56123, 20359, 54191, 97761, 101798, 11665, 93664, 7403, 73227, 91119, 76654, 52293, 15050, 88148, 13524, 54805, 14412, 68941, 89820, 91153, 24369, 42486, 27648, 31851, 100322, 94014, 16913, 5947, 77583, 6265, 58967, 40532, 56191, 103011, 24501, 57444, 60289, 103880, 32464, 9285, 109877, 22850, 37879, 90611, 42389, 89747, 18888, 18342, 71509, 93765, 35150, 11581, 51412, 8462, 28740, 11652, 99757, 35286, 87947, 9792, 13638, 75307, 91207, 81855, 100069, 31951, 104976, 87502, 80028, 44225, 72415, 87807, 65557, 14385, 27635, 20715, 55783, 80848, 82586, 104093, 50265, 51931, 10802, 79916, 50498, 75863, 88817, 27861, 33910, 65491, 60507, 84276, 51201, 22706, 33092, 67167, 97349, 105743, 53600, 21310, 76417, 43763, 73896, 97794, 21446, 49988, 7122, 83763, 41140, 95462, 104165, 100019, 35421, 55637, 34477, 37440, 64960, 58635, 21487, 14640, 21957, 43413, 68826, 42244, 65554, 72635, 8234, 85104, 97153)
Average QPS expected = 58283
Timestamp start: 1778943572160
Timestamp end: 1778945372996

#type       avg     std     min      p5     p10     p50     p67     p75     p80     p85     p90     p95     p99    p999   p9999      QPS   target
read      240.3    67.7   101.3   161.9   175.7   235.2   258.6   271.0   280.5   292.4   308.2   332.6   389.0   685.1  3072.9   6654.0     6927
read      267.1   119.7    80.4   133.0   148.2   254.2   307.4   333.9   352.6   375.2   399.6   435.4   521.5  1691.0  2955.0  52136.0    52892
read      246.4   103.1    74.4   123.6   137.5   224.3   276.7   306.2   326.9   352.2   386.3   432.2   542.5   897.7  1345.0  98208.0    98921
read      257.1    99.5    74.4   128.8   143.1   241.9   298.1   325.1   343.8   367.5   395.4   431.9   503.7   611.6  1091.2  61131.0    61129
read      271.4    93.5    80.4   140.3   155.8   266.1   313.5   336.4   352.8   373.3   398.4   432.4   504.8   627.6   748.6  40692.0    40613
read      262.1    96.0    80.4   131.7   146.6   250.5   305.7   332.1   349.8   372.2   397.1   431.6   499.8   593.0   727.0  53406.0    53226
read      268.4    92.5    80.4   140.8   156.3   266.4   310.2   330.5   344.4   362.9   384.9   415.7   484.1   927.0  1312.8  38587.0    38560
read      245.2   124.9    80.4   123.4   137.6   222.8   274.2   302.7   322.9   348.5   381.8   430.4   532.9   757.7  5610.3 103599.0   103465
read      248.7   100.9    74.4   126.1   139.8   226.9   278.9   308.1   329.1   355.0   388.2   436.8   548.8   744.0   931.0 104849.0   104758
read      244.7    99.3    74.4   124.0   137.9   223.2   275.9   304.6   325.2   351.2   384.9   430.0   521.1   692.2  1274.3  94874.0    94759
read      270.4    87.7    80.4   141.9   157.5   269.3   312.0   332.9   347.1   366.6   389.2   420.3   483.1   571.5   683.3  37785.0    37799
read      236.7    90.8   101.3   156.1   169.8   231.1   256.8   268.9   277.0   288.5   301.9   324.4   385.9   629.9  3946.3   8307.0     8296
read      329.1   357.1    74.4   133.7   149.5   264.5   334.5   381.0   414.2   455.1   514.6   650.1  1343.4  5819.7  9116.1  69041.0    69443
read      249.5    69.8   101.3   157.5   172.2   247.1   273.1   287.3   296.5   309.0   322.5   346.9   420.2   764.8  1372.5  12673.0    12517
read      275.4   103.2    80.4   135.5   151.1   264.6   318.0   346.8   368.6   391.4   418.3   458.9   541.9   672.9   748.1  43584.0    43591
read      269.2    85.8    86.8   154.1   170.1   268.5   302.3   318.9   331.7   345.2   365.4   395.1   458.2   706.0  2189.2  20648.0    20430
read      278.1   173.2    80.4   128.2   142.7   236.5   294.6   328.6   355.5   389.3   436.2   541.1   931.7  2016.5  2915.4  93286.0    93758
read      246.3   116.9    93.8   157.9   172.6   241.9   266.9   279.8   289.6   300.5   316.3   341.1   403.8   678.8  3763.4  10711.0    10485
read      263.7   107.4    93.8   158.5   175.0   263.2   290.1   303.9   313.6   324.7   340.3   367.2   432.9   891.0  3724.6  16502.0    16518
read      250.5   106.1    80.4   125.1   139.3   229.4   284.0   313.0   334.7   360.7   392.6   436.6   533.4   706.3  2362.8  82208.0    83230
read      225.7    52.2   109.4   155.3   167.2   219.5   243.2   254.5   264.3   274.3   288.9   312.1   372.6   571.5  1231.0   5523.0     5484
read      264.0   115.1    74.4   132.1   147.7   250.2   304.3   331.3   350.7   373.0   398.0   433.9   507.7   655.1  3795.5  54937.0    55611
read      270.2    72.8   101.3   159.3   175.9   271.4   301.7   316.7   328.0   341.2   360.2   389.0   449.1   594.3   805.7  21041.0    20774
read      248.1   104.2    74.4   125.1   139.1   226.5   278.9   308.1   329.4   355.3   387.1   434.3   540.3   774.4  1209.8  96565.0    96726
read      272.0    83.4    80.4   147.5   163.9   273.7   311.7   330.3   343.1   359.7   379.2   406.5   467.8   575.7  1309.6  32400.0    32442
read      253.9   102.0    74.4   127.7   141.4   235.0   289.1   317.9   339.0   364.5   394.9   436.9   526.6   715.2  1355.9  72951.0    73039
read      253.3   100.3    80.4   126.8   141.0   233.9   289.5   318.5   339.3   364.7   394.6   435.2   520.2   668.9   918.5  73563.0    74055
read      265.0   131.2    74.4   132.9   147.7   253.0   305.8   332.0   350.0   371.8   396.9   431.5   507.9   632.9  4598.4  51418.0    51197
read      268.1   179.9    74.4   131.4   146.0   247.8   302.0   330.4   350.7   374.5   402.9   447.1   544.7  2741.0  8024.7  59493.0    59442
read      272.7    90.8    74.4   143.1   159.8   271.5   312.2   333.3   347.6   365.9   388.4   422.5   493.2   621.0  1919.6  35544.0    35654
read      256.5   118.7    74.4   125.2   139.5   233.0   289.6   319.4   341.9   368.4   401.5   454.3   577.0   964.8  2390.2  78480.0    78747
read      270.8    99.9    80.4   139.5   155.0   265.9   312.9   336.2   352.4   370.8   394.6   428.4   493.7   644.5  2553.0  42018.0    42212
read      265.0    98.0    80.4   133.8   148.6   254.3   307.3   333.6   351.9   374.2   398.4   433.7   511.2   647.2   868.2  52493.0    52488
read      273.9    93.2    80.4   144.5   161.4   272.6   315.8   336.6   350.9   368.2   390.3   424.1   493.4   608.4  1040.7  37323.0    36950
read      264.5    65.9   101.3   161.0   177.7   265.9   292.9   307.5   317.5   330.7   345.7   372.5   427.2   587.8  1046.5  16614.0    16762
read      284.4   152.7    80.4   126.8   141.3   243.8   309.7   352.8   388.1   429.4   485.0   579.8   775.7  1099.4  1417.1  78877.0    79473
read      281.4   145.4    74.4   129.1   143.9   254.5   318.3   355.3   383.7   415.6   454.2   511.8   671.5   964.6  4156.9  61665.0    61431
read      300.3   194.1    74.4   129.2   144.0   245.9   313.9   361.6   399.5   449.4   519.3   665.2   975.4  1659.6  4287.2  87050.0    87172
read      303.9   267.7    74.4   132.9   148.2   250.3   307.3   341.1   368.2   401.8   452.0   561.9  1541.0  3077.1  7545.8 108727.0   108181
read      248.1   101.7    80.4   124.1   138.2   227.8   281.4   310.0   330.9   356.4   388.5   432.7   524.7   702.5  1374.2  81166.0    80515
read      271.8    99.7    80.4   144.0   160.7   270.3   313.6   334.2   347.7   365.5   386.4   415.4   469.9   587.2  3660.9  37345.0    37149
read      254.5    68.7   101.3   160.9   176.1   255.9   280.0   292.2   301.0   312.2   325.6   350.4   402.8   638.3  2501.3  13395.0    13444
read      254.6   109.2    80.4   126.2   140.1   233.0   289.5   319.4   340.7   365.5   395.7   438.6   537.4  1062.0  1920.6  71596.0    72057
read      255.7   103.5    80.4   127.4   141.4   236.1   292.4   320.8   342.0   367.4   397.9   439.3   533.6   728.8  1696.9  70513.0    70041
read      247.7   100.4    74.4   124.4   138.3   226.7   280.4   309.0   329.5   354.8   387.3   432.4   532.5   729.1  1263.3  90622.0    90162
read      264.6   102.0    80.4   133.6   149.0   254.0   306.8   332.6   350.3   372.1   396.9   432.6   503.4   617.7  2167.0  52010.0    52082
read      271.2    80.3    86.8   152.7   169.3   273.2   306.0   322.3   334.9   347.8   367.5   396.2   459.1   594.2   987.8  24117.0    24258
read      254.0   115.3    80.4   126.4   140.2   233.3   289.7   318.4   339.4   364.7   396.5   439.3   529.4   711.0  3552.8  71112.0    72013
read      260.4    99.7    80.4   130.8   145.3   246.5   301.4   328.9   347.6   369.6   396.0   432.5   508.9   692.1  1755.0  58127.0    58012
read      264.7    97.2    86.8   136.3   151.7   258.3   307.4   330.4   345.5   365.0   387.9   420.4   482.7   587.5  2287.1  45188.0    45398
read      265.0    97.4    74.4   133.1   148.4   255.1   306.6   332.4   350.3   372.7   398.7   435.3   506.4   635.8   973.0  50408.0    50177
read      272.2    88.7    80.4   145.3   161.6   272.7   313.6   333.4   346.6   363.5   383.0   410.8   469.0   578.7  2428.5  34449.0    34504
read      257.9   101.2    74.4   128.7   143.0   239.5   296.9   325.9   346.0   370.2   397.7   437.3   532.4   722.3  1010.7  65449.0    66010
read      252.5   101.0    80.4   125.5   139.4   232.3   288.8   317.6   339.0   365.3   397.1   437.8   527.7   688.5   880.7  73837.0    73937
read      265.1   110.6    80.4   132.8   148.0   251.9   307.3   334.0   352.8   374.5   399.3   435.2   508.2   703.7  3835.7  54763.0    55020
read      287.3   259.1    80.4   134.7   149.9   256.1   311.8   340.3   361.0   385.4   416.1   464.0   818.2  4013.6  7871.1  53346.0    53235
read      261.1   190.1    80.4   125.6   139.8   229.2   282.9   312.4   335.0   362.8   399.1   458.9   689.4  2629.9  5012.7  97563.0    97743
read      224.0   132.4   101.3   153.3   164.6   215.3   237.1   250.6   259.9   269.8   283.5   306.1   358.6   726.0  7812.7   5414.0     5419
read      256.8    78.9    93.8   159.6   175.2   255.3   282.1   295.3   305.5   316.3   332.3   358.2   418.6   720.3  2696.6  14517.0    14764
read      236.0    89.3   109.4   158.1   169.6   229.2   253.6   266.8   275.1   287.3   301.5   327.0   400.5   736.2  4275.9   7458.0     7451
read      282.1   113.8    80.4   135.3   151.0   266.1   323.6   356.9   380.8   406.6   438.4   484.5   583.4   819.0  1177.1  48111.0    48208
read      267.6   111.9    93.8   158.2   175.2   262.9   293.7   310.2   320.7   335.1   351.8   379.5   455.7  1446.7  5625.9  16095.0    16149
read      282.8   154.1    80.4   126.3   140.4   242.6   308.6   351.2   385.5   426.0   478.6   566.3   796.5  1227.3  2294.4  78488.0    78989
read      268.9    81.9    86.8   154.8   171.3   268.4   300.1   316.4   328.7   343.0   362.6   392.4   461.5   776.0  2096.9  18940.0    18886
read      283.5   156.9    74.4   126.5   140.8   244.8   309.3   349.8   382.7   422.5   471.7   556.2   809.7  1537.0  2241.8  75672.0    75954
read      279.2   111.2    80.4   137.6   153.0   267.8   322.4   351.3   371.3   394.9   423.0   463.2   548.1   725.6  3063.2  44113.0    44409
read      261.5    84.1    86.8   156.1   171.4   258.9   289.8   305.9   316.8   330.9   347.3   374.3   447.0  1067.0  2258.9  16640.0    16431
read      349.0   401.0    74.4   131.1   146.9   257.5   330.4   383.3   427.2   483.8   572.1   782.3  1910.1  5594.1  8003.4  85283.0    85707
read      285.3   208.0    80.4   125.7   140.1   250.5   312.7   348.7   375.2   405.6   442.6   500.5   893.3  2915.6  3816.8  58448.0    58253
read      331.0   410.1    80.4   131.2   146.8   252.3   311.1   345.5   373.1   409.1   461.1   620.2  2483.6  5104.4  7977.1 104075.0   103867
read      264.4    74.2    86.8   152.3   168.0   265.0   298.1   314.5   325.8   339.2   356.9   384.7   442.5   607.0  1012.5  21689.0    21604
read      255.1   142.3    74.4   124.4   138.5   227.6   282.3   312.2   334.3   361.7   397.4   451.8   630.3  1666.3  3171.3  90177.0    90401
read      257.4   129.9    80.4   125.1   139.2   230.8   286.5   316.9   339.7   367.0   400.5   455.2   653.2  1283.3  3035.1  84069.0    84467
read      259.3   142.9    74.4   128.1   142.3   232.6   286.4   316.0   338.1   365.0   398.0   452.6   654.2  1537.1  4491.2  99330.0    99700
read      266.9    85.7    80.4   144.6   160.7   265.6   304.7   323.4   337.6   353.8   374.1   406.7   478.2   624.0  1274.9  31808.0    32052
read      261.9    78.2    93.8   154.3   170.6   261.0   291.4   307.3   318.0   332.4   349.7   380.0   455.9   624.0  1915.5  18044.0    18173
read      257.0   106.1    80.4   127.8   141.8   238.0   293.3   322.8   343.9   369.4   399.7   443.8   537.3   707.1   881.8  67652.0    67789
read      264.3    97.2    80.4   133.4   148.7   254.7   307.7   332.9   349.7   369.8   395.1   430.4   504.1   618.9   989.0  51904.0    51929
read      251.7   107.0    80.4   126.4   140.0   229.8   283.7   313.2   334.7   360.4   393.5   438.4   545.2   831.4  2307.0  83904.0    83850
read      265.6    80.2    93.8   156.8   174.0   265.8   295.3   310.5   320.2   334.1   349.5   376.1   443.8   696.7  3022.3  18766.0    18614
read      271.9    89.0    80.4   148.5   164.3   273.7   310.8   328.7   340.9   356.1   374.1   403.1   466.1   602.4  2044.9  29502.0    29315
read      261.3   126.0    80.4   131.2   146.1   236.7   289.8   319.5   341.3   367.3   401.2   456.6   618.9  1221.2  2903.9 108045.0   108090
read      274.2   125.7    86.8   151.4   167.7   272.6   307.1   323.9   336.4   349.9   369.1   398.6   465.1  2170.8  3345.2  26888.0    27024
read      265.1    96.1    80.4   134.9   150.2   255.6   307.0   331.9   349.1   371.3   395.9   431.2   508.7   639.5   746.1  49556.0    49907
read      232.1    60.3   101.3   154.5   167.6   228.0   252.2   265.1   273.5   284.5   296.1   319.1   383.4   593.1  1968.2   9094.0     9150
read      273.4    89.4    86.8   145.2   161.7   272.5   313.5   333.6   347.0   364.1   385.1   418.2   488.5   635.0  1489.6  34087.0    34328
read      295.6   187.8    74.4   133.1   148.8   265.4   327.8   363.8   389.2   418.4   456.3   514.8   809.7  2779.8  3896.6  52208.0    51881
read      245.8    67.3   101.3   152.1   165.7   244.4   272.0   286.4   295.7   307.9   320.6   346.6   405.7   687.7  1562.3  14557.0    14569
read      284.5   227.8    74.4   122.3   136.7   236.4   302.7   344.3   377.5   415.8   461.9   539.8   906.5  3249.8  5110.9  81433.0    81517
read      274.2   185.1    74.4   121.2   134.8   234.8   300.2   339.6   369.4   405.2   447.7   508.3   741.8  2608.1  3822.4  78264.0    78694
read      320.5   271.5    74.4   129.8   145.0   249.3   319.1   373.0   419.1   477.3   555.4   723.5  1231.1  3324.9  7069.2  93467.0    93409
read      272.6   117.5    80.4   134.4   150.1   262.9   313.2   339.1   358.1   379.6   403.8   442.0   532.8  1253.5  2831.1  39159.0    39093
read      261.0    85.3    86.8   151.6   166.1   259.2   291.2   307.9   318.9   333.9   352.0   382.8   450.2   875.5  1581.7  18805.0    18729
read      279.5   168.5    74.4   123.8   138.1   244.0   310.0   349.1   378.1   410.9   451.1   514.9   792.4  1873.8  2964.4  70686.0    70818
read      264.7   138.8    93.8   146.9   162.3   261.3   295.6   313.6   326.1   340.9   361.2   391.2   468.5   941.3  7802.6  22332.0    21942
read      301.6   253.6    74.4   126.2   140.7   242.8   314.0   364.2   402.8   449.1   505.9   614.8  1005.8  3735.9  7233.6  91683.0    91810
read      280.5   118.0    80.4   138.2   153.2   267.7   320.6   349.4   369.6   392.4   420.2   462.4   589.5  1096.8  2378.2  39486.0    39588
read      269.8   119.0    80.4   133.0   147.6   259.2   311.1   337.1   356.2   378.2   402.4   437.9   531.8  1124.7  2656.7  41139.0    40957
read      271.4   171.8    74.4   122.2   136.0   241.2   304.2   339.5   366.1   396.0   431.8   485.2   684.3  1863.0  4820.5  62481.0    62645
read      250.6    82.4    86.8   150.4   165.0   247.8   276.0   291.3   302.1   315.1   332.4   361.6   432.8  1029.5  2417.5  15609.0    15539
read      301.5   286.1    80.4   127.9   142.6   237.7   295.4   332.2   362.2   402.7   468.6   639.4  1419.6  3544.6  7192.9 106903.0   107672
read      269.9    84.8    86.8   145.7   161.9   270.6   310.4   329.3   342.4   358.8   378.1   404.4   464.5   609.3  1371.4  32889.0    32954
read      261.8   119.4    80.4   130.1   144.3   244.1   301.3   329.1   348.5   371.4   398.2   436.4   528.2  1041.4  2774.4  59245.0    58866
read      265.5    81.0    86.8   152.2   168.2   267.4   300.2   315.3   326.3   339.8   357.2   382.8   437.3   552.0  2018.4  23666.0    23739
read      258.1   122.3    74.4   129.1   143.5   244.7   298.4   323.1   342.0   363.7   389.9   426.9   505.1   650.6  6047.9  54536.0    54701
read      259.4   101.9    80.4   130.2   144.2   242.4   298.8   328.0   347.0   371.3   398.6   436.2   520.4   717.5  1099.2  60607.0    60706
read      254.1   103.2    74.4   126.3   140.1   233.1   289.0   318.6   340.8   367.6   398.4   443.6   542.0   720.9   930.7  72806.0    72350
read      260.4   107.8    74.4   130.5   144.9   244.9   301.1   328.3   347.5   370.8   397.3   433.9   513.3   695.8  3822.2  58271.0    58661
read      272.3   123.4    80.4   143.0   158.5   269.0   311.4   332.7   347.2   366.7   389.0   420.0   487.3   676.7  4365.7  34861.0    34912
read      248.5   113.7    74.4   125.2   138.8   224.4   276.2   305.6   326.4   352.0   387.1   436.5   583.0  1025.2  2440.8 103150.0   103268
read      268.9    96.2    80.4   139.0   154.5   264.8   309.9   332.0   346.8   365.9   389.0   423.3   501.7   722.6  2052.7  39028.0    38703
read      254.1   121.3    74.4   124.5   138.3   229.3   284.5   314.4   336.8   364.7   398.7   447.5   587.9  1160.6  3071.5  83810.0    83358
read      260.1   106.3    74.4   129.7   143.7   243.9   299.9   327.7   346.5   371.4   397.9   435.2   529.5   740.9  2298.6  57533.0    57408
read      251.1   117.7    74.4   123.3   136.8   225.7   280.6   311.0   333.1   360.1   393.8   443.9   618.5  1182.6  1902.0  86797.0    86837
read      267.7    93.6    86.8   142.1   157.3   267.5   308.1   327.0   340.4   356.7   376.1   407.1   470.4   666.5  2316.0  33774.0    33517
read      254.8   107.6    80.4   126.4   140.2   234.1   291.8   320.2   340.9   366.3   396.1   437.5   534.5   823.9  1860.5  66410.0    66204
read      256.7   132.2    80.4   124.9   139.2   233.0   290.2   320.3   342.2   368.9   399.3   444.4   554.0  1463.8  3065.7  73904.0    73758
read      252.3   127.2    74.4   124.3   138.0   225.9   279.6   309.4   330.6   356.9   390.6   442.7   640.3  1588.1  2600.5  99849.0    99742
read      259.3   144.3    80.4   127.2   141.3   229.2   283.8   314.9   338.0   365.1   399.6   458.8   692.4  1853.0  3773.0 109606.0   109462
read      250.6   117.8    74.4   122.9   136.8   225.8   279.9   309.3   331.3   358.5   391.9   439.9   614.3  1181.1  1674.3  94502.0    94453
read      263.4    95.2    80.4   133.5   148.8   256.4   306.6   330.7   347.3   367.3   392.5   428.0   499.7   627.9  1475.8  43839.0    44096
read      250.7   127.0    80.4   124.8   138.5   225.5   278.0   307.4   328.7   355.1   388.9   439.5   609.4  1241.0  4123.1 100521.0   100467
read      235.9    66.3    80.4   155.4   169.5   231.6   256.0   269.4   278.4   289.0   301.7   324.7   394.2   639.1  3529.1   8626.0     8576
read      261.1   110.6    80.4   130.4   144.7   245.4   300.8   328.6   347.8   371.2   399.8   440.2   533.3   716.3  1342.4  58526.0    59359
read      231.2   134.5    86.8   154.0   166.1   223.6   248.3   261.0   269.4   279.3   292.8   315.7   387.5   885.1  7907.9   7671.0     7614
read      256.3    97.7    74.4   128.3   142.2   240.9   296.5   324.5   343.5   365.9   393.5   432.0   506.8   625.4   874.0  59700.0    60329
read      266.1    92.6    80.4   136.5   151.7   260.5   310.2   332.8   347.8   367.9   391.8   425.0   488.1   591.5   768.2  43921.0    43762
read      257.1   102.9    74.4   127.8   141.7   237.8   295.0   323.8   344.2   368.8   399.4   442.4   537.6   706.5   930.3  66946.0    67038
read      267.2    97.9    86.8   150.2   165.9   267.9   301.4   318.1   330.6   343.9   363.9   393.7   454.8   594.0  3888.5  26070.0    26095
read      252.7   102.8    80.4   126.0   139.8   234.1   289.9   317.7   337.8   361.9   391.7   434.2   525.5   743.4  1016.4  71326.0    71173
read      259.5   128.7    80.4   129.8   144.2   234.2   288.1   317.5   339.7   366.6   400.6   456.4   611.3  1229.7  2653.7 108591.0   109276
read      246.2    68.9   101.3   154.0   168.9   245.3   271.4   284.6   293.2   304.4   318.0   342.1   403.0   657.1  2013.6  13072.0    13150
read      255.3   101.4    74.4   126.8   140.6   236.5   295.2   323.7   344.2   368.2   395.9   435.6   525.8   687.2  1031.3  60849.0    61250
read      249.6   116.1    74.4   123.1   136.8   225.1   281.3   311.5   333.0   358.9   392.2   440.5   560.8   990.3  1828.8  84538.0    84472
read      246.8   106.0    74.4   121.2   134.8   223.8   278.6   308.8   330.5   356.6   389.6   435.5   559.7   846.6  1093.7  82441.0    82226
read      265.8    85.6    80.4   147.1   162.7   266.3   302.7   319.7   332.9   346.5   367.6   396.4   457.4   582.0  1923.1  27540.0    27671
read      256.6   172.4    74.4   124.0   138.1   226.8   280.9   311.0   333.4   361.2   396.6   450.7   665.4  2455.9  6273.8  98721.0    98736
read      260.6   143.2    74.4   127.6   141.2   231.0   284.8   314.7   337.5   366.2   402.2   464.2   724.1  1724.4  2554.0 106228.0   106314
read      263.9   190.4    80.4   127.6   141.2   229.9   284.9   315.1   337.9   366.0   402.8   467.6   773.0  1986.0  6343.7 104722.0   105027
read      245.2   124.4    74.4   122.3   136.1   220.1   273.1   302.3   323.4   349.1   383.1   432.7   556.0  1049.4  3730.1  97148.0    96867
read      253.0   115.7    74.4   125.2   139.1   228.2   282.9   313.0   334.5   361.1   395.3   448.0   616.3  1097.2  2017.1  89152.0    89493
read      264.1   119.7    74.4   131.9   146.2   251.3   304.9   331.4   349.3   371.5   398.0   436.3   528.2   691.1  5227.7  50385.0    50538
read      265.1    79.4    86.8   150.2   166.3   266.6   299.1   315.9   327.8   341.1   359.2   387.0   441.5   617.9  1945.8  22062.0    22083
read      265.0   114.1    80.4   131.1   146.2   253.9   306.5   331.5   348.6   370.1   395.5   431.6   524.2  1226.7  2124.9  48368.0    48618
read      250.8   111.0    80.4   126.0   139.5   226.7   280.8   310.3   331.9   358.3   392.5   441.9   559.9  1100.0  1817.8  94143.0    94298
read      258.0   100.6    80.4   129.3   143.5   240.5   296.1   324.4   344.0   369.3   399.5   442.2   528.3   672.9  1005.4  63581.0    63579
read      256.9   101.9    74.4   128.5   142.2   239.6   295.1   323.2   343.3   367.6   397.3   438.5   524.7   656.6   984.4  64577.0    64573
read      252.7   107.1    74.4   126.3   140.1   231.6   286.9   316.4   337.8   363.7   395.4   437.8   540.9   737.2  2437.8  76948.0    77178
read      271.2    88.8    86.8   149.1   165.4   273.4   309.6   326.8   339.2   354.2   373.3   402.3   458.0   556.2  3776.4  29576.0    29824
read      257.0   102.6    74.4   128.3   142.2   238.3   296.5   325.8   345.8   370.8   399.4   436.9   514.0   653.8  1180.6  64486.0    64495
read      263.3    77.1    93.8   152.6   169.0   265.1   295.5   311.2   321.1   334.9   350.4   378.0   431.2   573.0  1739.9  20978.0    20917
read      249.6   105.8    74.4   125.2   138.9   226.7   281.4   311.1   332.2   357.7   391.3   441.8   548.6   755.9  2150.9  85999.0    85651
read      259.0   101.1    74.4   128.4   142.7   242.3   298.9   326.9   346.8   370.3   399.0   439.1   528.4   684.5  1172.0  61873.0    61935
read      263.5    97.0    80.4   132.9   147.9   253.1   306.0   332.5   351.1   371.2   395.6   431.1   504.6   660.0  1058.7  50735.0    50216
read      252.8   100.0    80.4   126.3   140.1   233.3   289.0   318.6   340.4   365.7   395.1   436.0   525.1   681.1   798.3  72343.0    72251
read      250.5   106.1    74.4   125.1   139.0   230.2   285.8   314.7   335.4   360.1   390.6   433.4   520.1   764.6  1480.0  71548.0    71798
read      258.1    72.5    93.8   152.5   167.3   259.0   288.6   303.5   313.9   326.2   342.4   371.8   440.4   596.0  1963.7  19698.0    19701
read      269.0   153.0    93.8   151.2   167.0   268.7   302.8   318.5   330.5   343.4   362.6   391.5   454.8   656.8  9772.9  25286.0    24952
read      321.0   339.8    80.4   128.2   142.6   250.9   321.2   366.7   402.6   445.8   504.3   639.3  1582.8  4795.3  7851.0  81692.0    81838
read      277.8   193.2    86.8   144.4   159.9   267.6   307.3   327.5   342.4   361.0   383.7   418.0   536.5  2776.2  7868.8  26908.0    26648
read      272.4   111.5    86.8   147.3   163.1   267.2   306.9   326.3   340.2   356.8   376.5   407.5   497.5  1586.5  2668.1  25015.0    24837
read      264.8   101.6    80.4   138.5   153.7   259.8   301.6   322.3   337.9   356.1   379.1   410.5   486.2  1187.5  2384.7  29053.0    29420
read      382.1   513.0    80.4   132.6   149.5   263.4   326.9   370.9   407.5   460.2   564.1   922.2  3125.6  5509.1  8103.2 103864.0   103882
read      253.8   105.3    80.4   124.5   138.7   232.7   290.9   321.0   341.5   366.6   396.8   438.5   541.9   842.1  1346.8  70705.0    70314
read      256.4   101.4    74.4   127.0   140.9   239.1   296.3   323.7   343.4   368.3   396.7   434.9   529.0   766.2  1093.1  61794.0    61679
read      260.7    97.9    80.4   131.1   145.8   249.7   303.8   328.9   345.8   367.2   392.2   427.9   509.0   636.2   745.2  49368.0    49557
read      257.0    66.9    93.8   152.3   168.3   259.1   287.7   302.0   312.4   323.9   340.4   366.9   421.7   593.0   723.2  19275.0    19325
read      230.2    66.0   101.3   152.1   164.9   225.5   250.3   263.3   271.9   282.9   295.5   317.7   372.3   621.3  2789.0   9189.0     9128
read      376.3   446.7    74.4   134.0   150.5   261.4   333.2   388.1   434.7   498.4   610.5   953.1  2494.1  4671.5  8004.0  94991.0    94933
read      259.8    95.5    86.8   144.6   159.6   258.3   293.6   311.1   322.7   337.9   357.0   386.6   449.7   782.4  3375.9  24442.0    24327
read      298.7   254.6    74.4   124.7   139.4   247.3   313.3   358.1   392.3   432.3   482.5   565.2  1111.8  3651.8  5100.5  71501.0    71896
read      315.3   304.0    80.4   124.3   139.1   238.9   305.3   352.3   393.7   449.4   530.9   705.2  1649.1  3149.8  7797.2  93734.0    93771
read      262.1    98.3    86.8   149.5   164.9   258.9   292.7   309.4   320.3   336.0   355.3   385.8   458.6  1242.1  2880.2  20308.0    20452
read      272.8   127.1    80.4   132.7   147.9   258.8   312.3   339.5   359.6   382.3   409.0   449.2   564.0  1700.2  2687.7  42492.0    42338
read      271.7   171.1    74.4   121.4   135.0   234.8   298.8   337.1   367.3   400.6   440.7   501.2   744.5  2176.2  3639.0  72209.0    72627
read      283.7   219.7    74.4   121.9   136.2   239.4   306.6   346.5   377.8   414.8   459.3   533.8   878.8  3449.7  5058.9  81084.0    80603
read      283.7   159.0    80.4   131.0   145.6   259.9   319.6   352.0   375.9   401.0   433.6   484.8   729.8  2097.7  2548.6  49031.0    49049
read      288.3   237.6    74.4   121.8   135.7   232.3   298.6   345.6   384.2   428.9   484.8   580.0   994.9  3403.4  7100.8  92403.0    92305
read      273.3   183.6    80.4   124.5   139.1   245.1   307.1   340.6   365.4   393.9   426.6   470.6   602.5  2912.0  5654.4  57017.0    56889
read      282.2   188.1    80.4   123.3   137.5   240.6   309.3   351.5   384.0   420.9   463.3   534.2   809.4  2264.8  4030.6  77675.0    78036
read      270.0   163.4    74.4   120.9   134.7   237.3   302.2   339.7   368.1   401.8   440.0   499.8   678.4  1715.1  2756.9  71063.0    71583
read      276.0   185.7    74.4   120.6   134.3   236.0   302.3   342.2   373.2   408.1   450.6   516.0   771.0  2615.3  3678.7  72325.0    72609
read      332.9   391.2    80.4   130.0   145.2   251.8   310.2   346.0   374.3   412.0   476.7   699.4  1877.5  5186.7  7910.2 107330.0   107382
read      251.8   107.4    80.4   126.0   139.7   229.5   284.0   313.7   335.4   361.3   393.5   438.5   547.9   915.1  1473.2  86461.0    86530
read      254.4    75.2    93.8   155.8   171.1   253.9   282.3   296.3   307.0   317.9   334.3   359.6   410.1   617.9  3074.8  16572.0    16550
read      249.2   104.6    74.4   124.8   138.9   227.9   281.3   310.4   331.1   356.7   390.7   437.8   538.7   767.0  1528.3  84376.0    84534
read      251.9   100.1    74.4   125.0   139.1   232.3   288.1   317.0   337.9   363.1   393.1   434.9   526.4   692.5   939.0  72531.0    72631
read      263.1    95.4    80.4   133.8   148.8   253.2   307.2   332.3   348.9   368.8   392.1   426.4   495.2   620.8   792.1  49613.0    49291
read      258.6   108.7    80.4   128.7   143.0   241.8   297.3   325.6   344.9   369.4   397.8   436.2   521.6   666.6  3477.7  62016.0    62175
read      251.5   103.2    74.4   125.6   139.3   229.9   286.2   316.3   337.9   363.6   394.5   438.4   533.2   760.9   999.3  80412.0    80213
read      257.3    70.8    93.8   155.4   170.5   257.8   285.7   299.3   310.6   322.1   339.0   365.5   426.4   669.9  1953.0  16662.0    16566
read      260.5   113.2    74.4   131.1   145.7   247.7   302.7   328.7   346.3   367.1   391.2   425.6   499.8   658.6  4267.0  54000.0    53985
read      254.4   109.5    74.4   128.6   142.3   231.1   284.2   313.8   335.8   362.6   396.5   447.3   580.4  1025.2  1598.1 102011.0   101949
read      265.3    78.8    93.8   151.2   166.2   266.4   299.2   315.2   326.9   341.0   359.6   387.8   457.4   720.6  1244.5  24109.0    24076
read      262.2   100.9    80.4   130.5   144.9   248.0   303.3   330.3   349.0   371.8   399.1   436.1   532.8   739.1  1039.0  52602.0    52574
read      284.9   156.8    74.4   131.4   146.8   249.8   308.5   343.2   371.3   406.4   457.9   548.3   813.7  1629.6  2338.8 106136.0   106271
read      265.8   161.0    80.4   127.9   141.7   234.3   289.2   319.3   342.5   371.4   409.1   476.5   735.3  2188.7  3837.8 105286.0   105451
read      253.0   125.7    74.4   124.1   138.2   227.8   282.7   312.9   334.8   361.7   395.9   445.7   589.6  1158.4  2947.9  86186.0    86087
read      270.4   102.1    86.8   146.5   162.1   270.0   308.4   326.3   339.2   354.8   374.2   403.1   472.9   972.3  3502.2  29178.0    29108
read      258.2   158.0    74.4   125.6   139.4   228.4   282.3   312.4   334.6   361.8   397.0   453.9   661.5  2356.4  3416.0 100741.0   101115
read      253.2   106.4    80.4   125.3   139.2   231.0   287.4   316.9   338.3   364.4   396.3   442.1   559.3   815.7  1582.5  74357.0    74326
read      250.9   114.9    74.4   123.8   137.4   227.6   283.8   313.8   335.4   361.1   393.0   438.1   554.6   974.9  2796.4  75422.0    75832
read      251.8   130.7    74.4   123.4   137.2   224.1   277.7   308.6   331.0   357.6   392.8   446.9   643.3  1585.0  2917.7  94850.0    94901
read      256.0    66.9    93.8   155.5   171.5   256.6   284.8   298.6   309.5   320.4   337.1   362.2   428.0   632.0  1231.3  15491.0    15809
read      266.1    80.5    86.8   146.1   161.4   267.6   304.7   322.4   335.7   350.1   370.7   398.7   457.0   607.3   949.1  28507.0    28874
read      262.9   130.3    80.4   132.1   147.0   249.2   303.4   329.5   346.9   368.2   394.6   430.5   506.8   917.7  2751.1  51942.0    51882
read      266.5    83.1    74.4   143.6   158.7   266.9   306.8   325.8   339.3   355.5   375.4   404.6   462.3   582.2   824.9  32577.0    32653
read      264.3    93.2    80.4   137.3   151.6   258.9   307.8   330.3   345.6   364.5   386.7   418.7   485.6   630.4  1669.2  41905.0    41676
read      260.1   114.4    74.4   128.3   142.4   241.7   299.0   327.3   348.6   374.5   402.0   443.5   537.2   749.3  2358.9  62870.0    63019
read      249.9   105.3    74.4   125.3   139.4   227.5   281.0   309.8   331.4   357.1   389.5   437.4   559.6   870.9  1327.0  98816.0    99164
read      263.2    93.8    80.4   133.3   148.5   257.2   305.3   328.0   343.6   364.5   390.2   427.0   499.2   617.9   774.4  47260.0    47055
read      256.1    99.0    74.4   127.7   141.7   240.4   296.0   322.7   342.0   365.1   393.8   435.7   514.7   637.0   790.1  62493.0    62394
read      255.3   119.3    80.4   126.8   140.7   231.5   285.3   314.6   336.0   361.5   395.2   448.3   590.1  1272.2  2120.3  98783.0    98519
read      267.2    97.3    86.8   142.7   158.4   267.3   306.8   325.4   338.5   353.5   372.3   401.9   459.4   692.5  2756.1  32191.0    32122
read      262.9    94.3    74.4   133.1   148.2   255.0   306.0   330.5   347.1   367.9   392.6   427.6   498.0   636.7   810.0  49475.0    49464
read      263.7    75.7    93.8   150.6   165.8   266.0   298.4   314.9   326.5   340.0   357.5   383.6   436.3   535.1  1977.7  23915.0    24034
read      252.9   113.0    80.4   125.3   139.3   231.3   286.7   315.8   337.1   363.2   394.2   438.9   546.5   850.4  2779.4  77003.0    77363
read      244.1   104.6    74.4   122.3   136.0   221.2   275.3   304.3   324.6   350.0   383.0   427.7   536.9   862.3  1239.0  91507.0    91698
read      271.1    93.9    80.4   140.0   155.6   268.6   314.3   336.1   351.4   370.6   393.0   425.1   492.3   608.6  1890.7  39373.0    38997
read      250.8   107.7    74.4   125.2   138.7   228.7   283.6   312.8   334.0   359.1   391.2   439.5   550.7   850.6  1785.4  85990.0    86028
read      250.0   101.6    74.4   125.6   139.5   228.7   283.9   312.3   333.6   359.6   391.4   437.1   534.8   732.3   889.5  83152.0    83012
read      251.3   104.0    93.8   153.1   168.3   249.8   278.0   292.3   302.1   313.2   327.0   349.2   413.4   822.9  2957.4  14783.0    15024
read      262.1   132.2    74.4   128.2   142.1   243.5   300.1   328.3   347.5   371.4   400.1   442.1   540.8  1436.3  3953.6  56938.0    56640
read      258.9   171.8    74.4   124.8   138.8   228.0   282.5   312.7   334.9   362.0   395.9   451.1   670.3  2762.5  3744.8  97212.0    97362
read      260.5   145.2    80.4   128.2   142.1   232.7   285.8   315.3   337.3   364.4   399.2   459.4   688.6  1626.0  3635.3 107546.0   107412
read      253.8   102.5    74.4   126.0   139.7   235.3   291.4   319.3   339.8   363.9   393.1   435.6   539.0   750.6  1079.8  65057.0    65030
read      249.8   113.6    74.4   122.8   136.5   226.3   281.3   310.0   330.9   356.7   390.3   440.2   587.4   985.6  1649.7  79701.0    79278
read      263.1   101.1    86.8   133.5   148.3   253.9   304.7   329.1   345.7   366.4   391.8   429.5   512.4   670.8  2490.4  47777.0    47544
read      269.4   182.1    80.4   127.7   141.6   232.2   286.3   317.0   340.6   369.0   407.6   480.2   963.0  2074.1  4341.5 105141.0   105368
read      257.7   102.6    80.4   128.7   142.8   241.3   298.2   326.4   345.4   368.5   395.2   432.4   511.1   710.3  1632.1  58825.0    58181
read      255.2    97.7    74.4   128.9   142.4   240.8   295.0   320.6   339.3   361.7   389.5   428.9   518.0   681.3   919.0  56991.0    56960
read      266.1   204.2   101.3   157.2   173.8   256.0   284.3   297.9   309.5   321.1   340.5   375.0   526.0  2241.6  7916.7  14762.0    14849
read      256.8   101.2    80.4   127.7   141.8   240.2   296.4   324.4   345.0   368.5   397.5   436.9   509.6   679.4   897.2  63247.0    63672
read      263.8    99.6    80.4   132.6   148.0   255.6   305.1   329.7   346.4   368.5   395.2   431.3   513.8   663.9   883.8  48531.0    48289
read      244.7    60.6    86.8   155.4   170.8   242.0   268.5   282.2   291.7   303.3   318.3   342.8   399.5   634.7   938.0  11561.0    11797
read      242.6    72.3    93.8   156.5   170.6   238.6   265.3   278.7   288.2   298.0   313.4   338.0   400.7   647.7  2365.9  10561.0    10781
read      273.5   123.4    80.4   130.0   145.1   257.4   312.7   343.7   367.0   392.8   424.0   470.1   576.2  1042.0  2727.3  49195.0    49362
read      282.5   211.1    80.4   128.2   142.4   234.6   291.7   324.7   351.0   385.7   437.5   563.6  1092.6  2240.2  7082.9 102486.0   102119
read      261.7    98.7    74.4   133.6   149.0   255.9   303.7   326.5   342.0   361.0   384.6   419.2   487.9   667.4  1990.3  46164.0    46213
read      245.3   103.6    74.4   123.4   137.2   224.0   276.9   305.2   325.0   349.5   381.7   430.2   534.0   749.1  2002.2  96887.0    97025
read      265.0    72.2    93.8   156.4   173.7   267.2   295.8   310.6   319.9   333.3   347.6   372.7   430.4   600.2  2214.8  18289.0    18351
read      265.7    75.7    93.8   154.8   171.9   267.6   297.8   313.3   323.5   336.6   352.0   376.2   445.4   597.2  2013.5  21545.0    21426
read      284.6   139.1    80.4   137.5   153.0   271.3   324.2   352.8   373.8   396.8   425.8   468.2   586.4  1933.7  2849.9  42886.0    43013
read      267.6   127.5    80.4   122.8   137.2   240.3   300.5   336.2   364.4   397.4   439.5   502.4   651.0   925.3  2652.1  67392.0    67376
read      275.1   100.7    86.8   139.1   154.8   270.1   316.5   340.8   359.1   379.7   402.4   436.3   506.6   674.2  2116.3  35862.0    36043
read      228.1    77.0   109.4   154.4   165.7   220.0   244.4   256.8   266.1   275.6   291.7   317.7   392.3   690.8  3083.6   6204.0     6255
read      292.4   233.5    80.4   130.2   145.4   241.8   298.2   332.3   359.1   393.3   443.8   567.4  1249.4  2814.2  5464.3 101830.0   102499
read      270.9    77.7    93.8   152.4   168.4   274.8   307.8   324.5   336.3   348.9   367.5   394.9   450.1   581.7  1436.3  26453.0    26263
read      259.0   104.3    80.4   130.0   144.3   245.5   300.3   326.1   344.2   366.2   392.8   430.3   504.1   671.3  3151.2  56763.0    56974
read      269.5   129.7    74.4   138.8   153.5   264.0   309.9   331.5   346.2   365.2   387.9   420.5   487.1  1787.4  2758.1  40758.0    40869
read      269.0   102.4    80.4   136.6   151.7   261.3   312.0   336.9   354.2   373.5   399.7   435.8   506.9   644.6  1638.7  46635.0    46514
read      248.6    86.8   101.3   157.7   172.7   246.3   271.5   284.5   293.1   304.4   318.2   342.8   403.3   661.3  3957.1  11385.0    11431
read      260.5   103.5    80.4   130.4   145.4   245.7   301.6   328.8   347.0   370.0   397.4   435.9   518.6   640.1   801.7  58303.0    58600
read      255.4   101.5    74.4   128.0   141.7   236.5   293.8   323.0   343.5   368.0   396.2   436.2   513.7   641.7  1202.0  68574.0    68058
read      259.3    98.3    80.4   130.9   145.3   246.8   299.9   326.6   345.1   366.8   393.0   429.4   497.7   592.5  1784.8  54484.0    54502
read      256.9   195.0    80.4   127.4   141.1   237.3   293.0   320.5   340.5   365.3   394.9   434.4   520.8   679.3 13004.5  63995.0    64022
read      265.1    97.0    80.4   134.5   149.8   255.1   308.3   333.0   350.1   370.5   396.3   433.0   506.3   622.8  1132.1  51987.0    52142
read      322.0   356.4    74.4   131.9   148.0   253.2   310.2   344.8   372.2   408.9   467.3   646.4  1792.6  4561.4  8854.5 100870.0   101375
read      271.2    95.2    86.8   141.1   156.5   267.2   313.4   335.4   350.3   368.7   392.1   425.9   493.8   668.0  1742.4  40881.0    40606
read      266.1    97.4    80.4   134.5   150.4   258.6   308.9   333.3   349.5   369.6   394.2   429.9   502.0   600.9  1979.8  47560.0    47485
read      267.2   102.4    80.4   135.5   150.6   257.6   309.6   335.0   352.5   373.2   398.1   433.1   508.1   746.9  2237.8  49183.0    48977
read      274.0   115.4    80.4   142.0   158.2   269.3   314.8   336.7   351.9   369.3   391.0   422.4   498.6  1323.1  3202.4  38690.0    38615
read      253.0   104.3    74.4   126.3   140.2   231.8   286.8   316.5   338.3   364.1   395.2   440.6   544.7   798.5  1352.1  79981.0    80279
read      255.1   108.6    80.4   127.2   141.2   234.1   288.8   317.9   339.6   365.9   397.4   441.4   549.0   852.0  2451.8  75996.0    75843
read      260.9   135.0    74.4   128.8   142.8   239.3   295.8   324.9   345.9   370.3   399.8   441.0   532.4  1975.6  2934.1  67029.0    67095
read      269.4    96.0    80.4   139.3   155.0   265.1   312.9   335.5   351.0   370.2   393.1   425.7   487.7   576.0   774.8  41373.0    41325
read      258.4    98.2    74.4   129.5   143.9   246.2   300.6   326.8   345.2   366.6   392.6   428.6   497.6   600.7  1954.2  55478.0    55752
read      250.4   108.5    80.4   123.9   137.7   227.6   283.3   312.7   333.9   359.6   392.5   436.8   547.8  1030.0  1802.5  85694.0    85561
read      251.2    68.3   101.3   156.6   171.6   250.4   277.7   291.3   300.8   312.5   326.9   351.4   404.3   626.7  1691.2  14259.0    14194
read      252.6   123.9    74.4   124.7   138.8   228.2   281.7   311.3   332.6   358.5   392.1   438.6   584.4  1395.1  3047.4  87718.0    88002
read      255.1   117.9    74.4   125.4   139.6   230.0   284.4   313.9   336.0   363.1   396.8   450.8   648.8  1159.3  1804.5  89950.0    90515
read      272.2   173.3    74.4   131.2   146.0   239.4   293.9   325.4   348.4   377.6   416.9   483.7   739.9  2630.2  3705.6 109979.0   109283
read      268.5    77.0    86.8   151.3   166.2   272.0   306.1   322.1   334.1   346.0   365.5   392.6   447.1   613.7   744.4  26574.0    26699
read      266.6    91.0    80.4   139.5   154.4   263.9   308.6   329.7   344.2   362.2   383.3   414.4   490.1   636.0  1895.5  37467.0    37400
read      269.4   104.7    93.8   152.7   168.5   265.9   298.5   315.3   327.9   343.0   363.2   393.5   499.4  1351.2  2739.1  19341.0    19307
read      244.9    98.8   109.4   154.3   167.9   237.8   266.9   281.4   292.1   304.4   318.2   343.3   407.3  1341.9  3430.8  11588.0    11527
read      295.7   270.4    74.4   121.5   135.7   235.6   303.1   347.2   384.6   427.0   482.1   583.1  1244.4  3637.8  7637.6  83198.0    83787
read      263.3   100.0    93.8   148.2   163.5   261.6   295.8   313.0   324.9   339.8   360.0   390.5   457.3   737.2  2449.2  22265.0    22209
read      298.6   239.0    74.4   124.9   139.5   246.2   313.2   357.4   390.8   429.3   482.4   587.3  1191.8  2933.8  4682.3  75190.0    75169
read      280.9   219.2    80.4   120.7   134.4   236.9   302.1   342.5   374.9   412.1   457.0   531.7   882.8  3054.1  7586.8  74134.0    73833
read      308.5   276.9    74.4   124.7   139.4   236.3   303.3   351.1   393.9   448.6   527.9   697.7  1294.4  3434.1  5916.0  94504.0    94641
read      272.6   166.6    80.4   124.1   138.1   245.6   306.9   341.1   367.1   396.2   433.0   486.0   645.6  2306.1  4615.6  61747.0    61338
read      306.8   326.8    80.4   122.0   136.2   234.8   299.7   344.9   386.1   436.7   504.1   640.5  1482.9  4316.4  7941.7  92412.0    91825
read      298.9   252.6    74.4   124.3   138.7   242.6   311.3   358.2   395.4   440.8   501.9   609.1  1037.7  3595.3  7227.5  77652.0    77235
read      279.6   125.7    80.4   138.9   154.3   268.3   318.9   346.7   368.1   390.8   417.3   455.4   540.0  1551.2  3070.0  37097.0    37257
read      277.6   128.2    86.8   141.3   156.7   270.8   316.9   341.2   358.8   378.4   401.8   434.8   522.1  1443.9  4607.1  32110.0    32057
read      336.5   408.8    74.4   131.6   147.7   246.8   302.6   337.6   366.7   404.0   471.5   787.2  2259.0  5144.0  7897.9 108038.0   108618
read      252.4   101.0    80.4   125.9   139.8   232.7   288.5   317.6   338.3   363.4   394.5   435.5   527.3   704.1  1046.8  72925.0    72930
read      265.5   120.7    74.4   138.1   152.9   258.7   305.9   328.7   344.0   363.2   386.2   419.7   493.5   736.6  3188.4  43660.0    43714
read      249.4   108.5    74.4   124.9   138.9   226.9   280.9   310.9   332.4   357.8   389.3   435.4   540.1   893.7  2399.6  87491.0    87369
read      264.6   124.6    74.4   131.5   145.9   249.7   304.1   331.3   350.3   373.2   400.3   437.5   525.3  1087.0  2808.1  56657.0    56640
read      246.1   109.2    74.4   124.0   138.0   223.4   276.6   305.8   326.0   351.1   383.9   430.2   537.7   898.0  3003.0  97421.0    97360
read      251.6   102.9    80.4   124.7   138.9   230.2   286.1   315.8   337.3   362.6   394.6   439.4   543.5   746.5  1336.1  79769.0    79788
read      249.2    66.2    93.8   159.0   175.1   246.9   271.8   285.7   294.9   306.8   319.6   344.8   397.9   772.7  1492.7  11604.0    11352
read      247.4   104.2    74.4   124.1   138.0   225.5   279.5   308.4   329.4   354.7   386.0   432.0   542.1   798.9  2067.1  86973.0    87962
read      269.9   173.2    80.4   139.4   154.3   264.7   311.7   334.4   349.8   367.2   388.6   419.7   484.8   597.8 12265.6  40777.0    40663
read      263.2   136.9    80.4   130.5   144.9   246.5   302.6   330.3   349.1   372.5   398.0   434.0   515.5  1237.1  4191.3  58976.0    59386
read      264.1   121.8    80.4   135.2   150.1   256.1   307.0   330.3   345.7   365.8   389.3   422.3   490.6   639.6  3310.4  47892.0    48302
read      262.0    92.7   101.3   153.2   169.1   262.2   292.4   307.5   317.3   330.9   346.8   374.9   439.1   689.7  3418.9  19438.0    19398
read      251.1   106.9    74.4   124.7   138.6   228.5   284.1   314.2   335.7   361.5   394.1   440.4   560.2   847.7  1156.5  81804.0    82197
read      255.4   108.8    74.4   125.9   139.9   232.9   289.9   319.6   341.7   367.3   399.1   447.2   580.8   854.8  1105.6  77630.0    77387
read      255.5   111.2    80.4   126.4   139.9   234.9   291.8   321.6   343.3   368.8   399.5   442.5   547.4   739.1  1852.6  72388.0    72753
read      227.3    62.7   101.3   153.2   164.7   221.0   245.9   258.7   268.2   278.7   292.7   315.5   371.4   657.2  1977.8   7821.0     7720
read      265.9   101.4    80.4   134.1   149.0   257.4   308.5   332.5   349.0   370.7   394.2   428.6   516.1   868.1  2002.1  46102.0    46279
read      262.6    91.1    80.4   134.9   150.0   258.0   305.6   327.8   342.8   362.0   385.0   417.2   491.3   614.6   715.0  42226.0    42102
read      256.4   117.4    80.4   127.6   141.0   231.3   285.8   315.5   337.6   364.6   397.8   451.6   641.8  1152.4  1695.4  91122.0    90892
read      266.6    91.9    86.8   138.1   153.6   262.2   308.1   329.6   344.6   364.0   387.5   421.8   493.8   645.7  1430.4  40086.0    39976
read      256.8   100.3    74.4   127.5   141.5   240.3   295.1   323.7   344.5   368.6   397.0   438.6   527.7   684.3   855.4  61200.0    61084
read      260.7    97.6    93.8   156.3   172.6   259.3   288.5   303.1   313.3   325.2   342.1   369.0   428.6  1113.5  3817.5  16851.0    16735
read      266.4    95.6    80.4   137.0   151.9   258.9   309.6   333.8   350.5   370.7   394.0   427.0   500.9   655.1  1154.6  45384.0    45909
read      269.1    88.4    86.8   146.9   162.5   269.0   307.9   326.3   339.2   354.2   372.5   402.7   466.3   688.1  2002.7  29048.0    28976
read      249.8   107.6    74.4   124.2   138.3   227.2   281.3   310.6   332.0   358.2   392.7   443.2   552.7   806.3  1851.1  84994.0    84704
read      251.5   107.2    74.4   127.0   140.8   228.7   280.2   309.6   331.3   358.2   392.5   441.1   570.3   966.9  1374.2 101712.0   101822
read      249.2   112.4    68.9   125.3   139.2   226.2   279.1   308.5   329.6   355.3   388.8   435.5   557.4   987.6  1995.1  92102.0    92571
read      248.4    60.2    93.8   158.8   173.7   247.4   273.0   286.2   294.6   306.1   319.3   343.1   403.9   608.2  1080.8  12414.0    12106
read      263.8   128.9    74.4   131.2   146.0   247.6   303.7   331.8   351.3   374.9   401.3   440.2   533.3   692.6  4774.6  57987.0    58568
read      266.3   104.0    80.4   134.1   149.7   255.6   308.7   335.0   353.7   375.4   399.8   434.3   507.4   675.8  1549.8  51197.0    51319
read      265.1    73.4    86.8   153.1   169.2   267.0   298.1   313.3   323.4   336.9   353.5   382.8   435.4   584.3   716.0  21858.0    21556
read      256.9   129.2    93.8   159.0   174.4   253.1   280.9   294.7   305.4   317.1   333.7   359.5   419.6   903.0  7267.0  14469.0    14191
read      277.7    93.8    86.8   146.9   163.5   276.1   315.5   336.8   351.8   369.6   392.7   426.2   503.1   698.3  2208.3  29031.0    29072
read      259.5    68.4    93.8   154.7   171.3   260.5   289.6   304.2   314.1   325.9   342.1   368.6   429.8   657.1  1073.9  16248.0    16350
read      315.5   250.7    80.4   130.1   144.7   249.4   319.8   369.7   411.9   464.9   538.0   682.3  1304.9  3031.1  5164.0  86596.0    86891
read      294.7   279.8    74.4   129.5   144.2   238.2   294.5   328.5   355.4   390.8   442.2   572.5  1295.4  3983.6  7332.0 104633.0   104441
read      238.1    93.5   109.4   154.1   167.7   231.2   256.9   270.0   279.2   290.3   304.3   328.4   398.4  1393.7  2926.7   8933.0     8906
read      266.9    93.5    86.8   136.7   151.9   262.6   310.2   333.1   348.3   367.6   391.0   424.0   495.6   678.9  1175.0  41526.0    42175
read      264.2   100.4    74.4   132.9   148.0   251.5   305.4   332.0   350.5   371.9   398.9   436.3   526.9   710.6  1610.0  51721.0    51797
read      252.7   107.7    74.4   124.3   138.2   229.8   287.0   316.7   338.4   364.2   396.8   444.1   568.2   901.2  1216.4  76495.0    76678
read      259.9    75.3    93.8   152.8   168.9   262.9   291.1   305.2   314.8   326.4   341.9   368.8   422.2   533.7  2845.9  19878.0    19630
read      253.4   146.2    74.4   124.2   138.1   224.8   277.1   306.8   328.5   355.0   388.5   438.5   686.4  1756.4  3363.9  99814.0   100132
read      268.6   103.5    86.8   138.6   153.9   263.7   310.6   332.4   347.1   367.0   389.9   422.7   492.0  1070.6  2469.8  40098.0    40498
read      263.3   169.6    80.4   126.4   140.6   231.4   285.3   315.7   338.1   366.4   402.2   466.7   732.5  2034.5  4969.5 108775.0   108559
read      277.7    84.5    86.8   156.1   173.9   277.9   311.6   329.2   342.0   358.9   380.2   411.1   482.4   680.3  1974.8  24111.0    23964
read      264.0   108.4    80.4   131.0   145.8   243.4   299.0   330.1   351.9   378.0   409.6   456.3   586.4   863.7  1085.2  70615.0    70760
read      252.5   114.2    74.4   126.2   140.3   228.2   279.8   309.6   331.0   357.7   392.2   445.2   607.5  1133.4  1962.9  99394.0    99567
read      257.3   113.7    80.4   129.5   143.8   233.1   285.6   315.3   337.8   364.4   398.2   454.2   610.6  1008.0  2085.0 107484.0   107548
read      266.5   102.3    80.4   135.4   150.6   254.8   306.8   333.5   352.5   373.3   399.0   436.1   516.3   698.0  1249.9  53542.0    53742
read      255.7   112.6    74.4   128.7   142.8   231.5   284.3   314.1   336.3   363.3   397.1   450.4   596.8  1083.6  1720.8 103580.0   103931
read      268.4   113.2    80.4   134.3   149.9   252.3   307.2   335.8   356.4   380.3   408.7   452.2   543.8   739.7  3232.6  59985.0    60359
read      254.1    68.6   109.4   169.1   183.9   251.2   275.4   288.9   297.4   309.0   320.5   344.8   410.0   645.1  3497.2   9768.0     9725
read      272.6   139.6    80.4   136.4   151.9   259.0   311.1   338.5   358.1   379.9   404.2   444.9   534.8  1476.9  3465.3  51822.0    52014
read      276.7   105.1    80.4   145.5   162.4   273.7   317.7   339.6   355.5   373.5   396.0   428.3   497.9   612.1  1283.1  40097.0    40053
read      253.4   114.4    80.4   126.4   140.2   230.3   283.7   313.4   335.2   361.5   394.6   444.4   579.7  1007.2  2527.0  86337.0    86436
read      271.1    76.2    80.4   154.6   171.7   272.4   305.8   320.9   333.3   345.7   366.2   395.2   456.2   548.4  1043.3  24015.0    23983
read      260.7   110.1    80.4   128.8   142.9   240.1   297.1   326.3   346.5   372.9   402.4   449.9   576.0   906.8  1754.0  66687.0    66595
read      266.1   138.7    86.8   148.9   164.6   263.4   297.2   314.2   326.3   340.9   360.4   390.7   458.0   862.8  4363.9  26162.0    26056
read      260.6    97.6    80.4   132.1   146.6   248.9   301.2   326.3   343.8   365.5   391.5   429.1   514.3   692.9  1150.1  51801.0    51764
read      271.2    91.0    80.4   142.2   158.3   267.8   313.3   335.2   350.5   369.5   392.0   424.1   497.8   626.2  1018.8  40022.0    40202
read      254.8   129.2    74.4   124.3   138.1   229.5   285.6   315.8   337.8   364.3   397.7   447.8   586.1  1459.6  3031.4  77074.0    76665
read      238.5   193.2    80.4   151.7   164.9   228.9   257.0   270.9   281.0   292.5   308.0   332.0   401.2   780.6 11463.5  11189.0    11133
read      248.9   112.8    80.4   123.2   136.8   225.6   281.3   310.6   331.9   357.6   389.7   436.2   554.6   917.6  3049.6  80495.0    80405
read      252.8   115.5    74.4   123.5   137.6   228.9   285.1   314.2   335.9   362.1   396.2   448.5   593.7  1098.3  1707.5  78982.0    79106
read      261.8   149.5    80.4   127.9   141.9   232.8   287.8   317.4   340.1   367.8   402.9   459.3   688.8  1939.1  3144.1  97840.0    97258
read      266.1    87.7    80.4   140.4   155.4   263.9   308.4   329.3   343.3   361.0   382.5   414.4   471.3   587.1   743.7  36618.0    36307
read      261.8    82.9    86.8   142.7   158.3   260.3   297.8   316.9   330.3   344.6   366.2   396.3   465.1   770.2  1112.9  28581.0    28636
read      275.8   155.8    80.4   131.0   145.6   259.3   311.2   339.3   359.9   383.4   413.0   457.6   584.5  2220.5  3224.0  41701.0    41620
read      319.5   288.7    74.4   129.2   143.5   254.7   326.8   377.3   418.0   468.3   533.1   663.9  1260.6  3864.4  7802.4  75864.0    75736
read      281.9   143.0    80.4   133.3   148.5   264.7   319.9   352.6   376.7   401.9   431.9   476.0   606.3  1414.8  5227.6  45197.0    44979
read      274.5   112.3    80.4   141.2   156.8   267.5   311.7   335.7   353.1   372.6   397.2   431.9   513.5  1400.0  2512.3  31257.0    31478
read      272.2   128.4    80.4   132.8   147.8   259.8   308.8   335.0   353.9   375.9   403.3   445.7   563.8  1584.6  3048.6  37668.0    37586
read      348.9   430.1    80.4   132.0   148.5   261.0   322.5   360.2   389.7   430.1   495.8   683.8  2452.4  4928.5  7987.4 108196.0   108330
read      257.2   100.3    74.4   128.3   142.5   240.3   296.2   324.2   343.8   368.2   397.1   436.5   524.9   692.2   869.9  64528.0    64301
read      245.0    62.3   101.3   157.5   172.4   242.7   268.3   281.8   291.7   303.5   318.1   341.5   399.8   616.8   865.8  11196.0    11203
read      231.5    74.6   101.3   155.8   168.3   226.5   250.7   263.8   272.6   283.6   295.7   317.8   370.3   623.7  4850.8   7323.0     7291
read      250.4   109.9    80.4   125.0   138.9   227.3   281.1   309.8   330.7   357.0   390.8   438.6   574.0   984.4  1576.9  86688.0    87477
read      251.3   100.6    80.4   126.3   139.8   231.2   287.5   316.3   337.0   361.0   391.3   433.5   527.2   721.3   937.4  76901.0    77485
read      264.5   118.4    74.4   135.4   150.6   259.0   304.9   326.5   341.6   360.9   385.1   419.4   485.9   724.6  4488.9  42193.0    42055
read      271.2    79.5    86.8   149.1   165.5   274.4   309.3   326.1   338.5   352.9   371.7   402.0   463.6   545.3  1056.5  26938.0    26865
read      247.4   116.3    74.4   123.8   137.7   224.7   277.0   305.9   326.5   350.9   382.2   431.3   561.5  1021.0  3375.4  94600.0    94592
read      252.6   115.0    74.4   125.8   139.6   234.2   289.6   317.1   336.5   359.4   388.4   430.1   522.6   796.5  3274.6  66719.0    66869
read      262.2    81.4    93.8   156.2   172.2   263.1   291.6   306.3   316.2   328.8   344.1   371.1   426.0   557.7  3807.6  17509.0    17835
read      261.6   101.8    80.4   130.4   144.9   247.4   303.3   330.7   349.6   372.4   399.1   436.5   514.9   682.3  1645.0  55656.0    55977
read      249.8   109.4    74.4   123.3   137.3   228.0   282.6   311.7   332.4   357.4   390.3   439.3   554.2   823.3  2189.1  81962.0    82437
read      255.2    65.1   101.3   155.7   171.1   256.4   284.5   298.0   308.7   319.3   335.9   361.0   423.0   499.8   715.6  16016.0    15775
read      258.2   145.0    74.4   124.7   138.6   229.1   285.1   315.4   338.6   366.0   400.8   455.6   714.5  1663.7  2923.0  87213.0    87559
read      260.5   162.9    74.4   126.6   140.0   228.9   282.6   312.7   334.8   362.1   397.2   454.1   744.4  2139.7  3593.5 104792.0   105401
read      249.4   113.1    74.4   123.2   137.0   225.4   279.6   308.8   330.1   356.4   389.1   437.4   591.1  1126.7  1944.3  89042.0    88752
read      250.7   133.4    68.9   123.4   136.9   223.4   276.7   306.8   328.6   355.8   390.6   441.2   624.3  1405.4  3252.2  94578.0    94531
read      251.8   138.2    74.4   124.1   138.3   225.3   278.4   307.1   327.6   352.2   386.3   435.8   646.8  1536.3  2914.4 101198.0   101303
read      256.6   157.4    80.4   125.4   139.6   229.0   283.1   313.1   335.2   362.9   397.3   450.2   651.6  1475.1  7717.7  86990.0    86640
read      253.9   120.3    74.4   126.3   139.9   229.3   283.0   313.4   335.2   362.4   397.5   449.3   596.2  1185.7  1743.1  84542.0    84818
read      267.6    72.4    80.4   154.3   171.1   270.1   300.8   315.4   326.0   339.1   356.4   384.3   447.5   585.9   748.3  20331.0    20221
read      265.1    98.8    80.4   135.4   150.9   259.1   306.7   330.7   347.0   367.3   390.8   424.3   491.2   593.0  2739.3  43095.0    43599
read      263.7   116.4    80.4   131.8   146.4   250.2   304.4   330.7   348.8   370.1   396.1   432.6   509.2   984.4  2741.2  53113.0    52779
read      252.7   202.1    68.9   126.1   139.9   228.3   282.2   311.4   332.8   359.0   391.6   438.4   556.3   970.2  2826.3  90028.0    89855
read      265.6    97.3    74.4   135.4   150.8   257.5   309.4   333.5   349.7   369.7   394.1   427.9   493.4   611.3  2151.4  48907.0    48532
read      253.4   107.8    80.4   127.7   141.8   230.3   282.7   312.2   334.0   360.6   395.4   448.2   581.5   886.5  1360.6 107377.0   107423
read      265.6    96.1    80.4   135.3   150.7   258.4   308.0   332.2   348.9   369.2   392.7   426.6   499.0   641.0  1415.5  46784.0    46535
read      265.1    95.2    74.4   134.5   149.5   257.4   307.9   332.6   349.9   370.3   395.1   429.8   499.4   610.5   845.0  47638.0    47535
read      267.1   101.7    80.4   134.3   149.6   257.4   310.0   335.7   353.6   373.2   398.1   432.6   506.8   775.5  2270.1  50008.0    49633
read      273.3    88.6    86.8   147.5   164.0   273.2   311.6   330.9   344.0   361.1   382.2   415.6   474.6   637.8  1960.4  30269.0    30334
read      260.9    68.4   101.3   155.8   171.5   260.6   291.0   306.7   316.9   330.4   346.1   373.1   434.2   612.0   688.8  17234.0    17207
read      405.9   549.7    80.4   138.5   156.7   272.6   339.0   382.2   419.6   475.5   601.8  1122.7  3311.3  6107.4  8119.2 105909.0   106074
read      262.9    98.1    80.4   132.8   147.8   252.4   303.7   328.9   345.7   366.6   392.3   429.7   512.3   702.1  1327.7  48493.0    48912
read      262.6   161.9    80.4   127.3   141.4   233.2   287.3   316.9   339.5   366.5   400.7   458.9   703.3  2186.7  3473.8  96559.0    96483
read      266.1    93.6    80.4   138.4   153.1   263.0   308.7   330.5   344.9   363.0   385.3   418.6   488.4   615.3  1287.4  39248.0    39228
read      255.4   131.7    74.4   126.1   139.6   228.9   283.7   313.8   336.0   363.0   397.1   450.3   628.4  1280.3  3890.5  92065.0    92350
read      249.9   110.6    74.4   122.8   136.7   225.2   280.7   311.2   333.0   359.4   393.5   445.3   587.9   908.4  1334.5  85036.0    85084
read      250.3   111.2    80.4   123.3   137.3   226.9   282.3   311.8   333.5   360.0   393.5   444.3   573.2   871.0  1540.6  81846.0    81993
read      268.3   188.0    74.4   127.3   141.3   233.6   288.2   318.8   341.8   369.9   409.6   478.3   808.7  2744.2  4309.0 102539.0   101617
read      251.2    89.0    93.8   151.0   166.7   249.0   277.6   292.5   303.1   314.9   331.6   359.3   422.2   950.5  3866.1  16814.0    16730
read      255.5   118.1    74.4   126.5   140.2   234.6   291.3   319.5   340.5   365.0   397.0   442.6   546.0   809.8  2665.2  70637.0    71079
read      263.2   133.8    74.4   129.6   144.4   236.5   290.4   320.3   343.2   371.2   405.6   465.3   641.4  1585.8  3534.8 108968.0   108942
read      258.9    98.6    74.4   129.7   144.4   246.0   299.8   325.7   344.4   367.2   394.9   432.7   508.4   632.4   797.7  54945.0    55406
read      269.9   118.6    80.4   138.2   154.0   263.9   310.7   332.8   347.5   367.9   390.9   422.7   490.6  1461.9  3089.1  41952.0    42279
read      258.2    72.1    86.8   148.4   163.8   259.4   290.6   306.5   316.9   330.5   346.2   374.7   431.1   540.0   691.5  21896.0    21876
read      277.6   115.8    80.4   141.7   157.5   272.6   318.0   341.1   358.6   378.4   400.9   436.2   516.0   713.8  3718.3  33705.0    34140
read      283.3   120.8    80.4   138.4   153.5   270.3   325.5   355.8   377.5   400.9   431.3   472.9   574.3   913.3  2318.5  42765.0    42897
read      266.8    86.8   101.3   155.6   172.0   267.1   298.4   314.4   325.5   339.1   356.9   384.9   436.2   627.5  2682.0  18675.0    18462
read      282.0   203.2    80.4   129.1   143.6   237.4   293.1   325.6   351.1   382.9   427.1   531.7  1108.6  2258.8  4632.4  99907.0   100375
read      264.8    96.6    80.4   137.5   152.3   259.2   306.0   328.6   344.7   364.2   387.1   419.7   487.5   592.1  2835.4  41289.0    41347
read      250.2   110.0    74.4   125.7   139.5   226.6   279.8   308.5   329.5   355.6   389.2   440.3   584.4   960.6  1854.8 101134.0   101594
read      265.6   100.6    86.8   133.3   148.5   256.9   307.7   333.1   350.6   370.4   395.3   432.2   506.9   694.5  2424.7  47424.0    47486
read      255.3   104.7    74.4   126.7   140.8   234.2   290.0   319.1   341.3   367.5   398.4   443.1   548.1   802.3  1162.7  73409.0    73393
read      266.4   133.1    80.4   132.7   148.0   253.5   306.8   332.5   350.3   371.4   398.0   434.9   519.6   902.6  4376.9  51254.0    51134
read      258.0   100.5    80.4   127.4   141.7   243.5   297.3   324.6   344.7   368.1   396.2   435.8   518.0   657.0  1622.0  58036.0    58201
read      256.2   108.0    68.9   126.0   139.8   235.1   292.7   322.5   343.9   369.1   399.9   444.9   545.8   838.4  1707.7  70854.0    71020
read      252.6   104.0    80.4   125.8   139.8   232.9   288.8   317.3   338.4   363.6   393.7   434.3   526.8   760.1  1382.9  71951.0    72071
read      248.0   116.6    74.4   124.6   138.4   225.7   278.5   307.2   327.9   353.2   386.3   433.1   545.8   884.7  3966.1  93997.0    93446
read      269.6    85.3    80.4   146.3   162.3   270.6   308.6   327.0   340.2   356.0   374.5   401.9   466.4   612.2  1447.1  29022.0    28724
read      258.5   160.3    74.4   128.4   142.2   240.5   296.4   324.1   343.9   368.3   394.9   433.3   519.4   770.8 11968.4  59416.0    59269
read      250.9   104.7    74.4   124.1   137.9   229.8   285.5   314.5   335.7   360.9   392.9   439.7   542.4   825.1  1344.4  74464.0    74624
read      260.6    99.9    74.4   130.0   144.7   248.8   302.1   327.7   346.0   367.6   394.7   431.9   519.8   691.9  1715.3  52391.0    52368
read      236.6    76.7   101.3   154.3   167.4   231.3   258.0   270.9   280.3   291.3   306.8   332.9   388.7   629.3  3781.7   9611.0     9687
read      266.1    97.1    80.4   135.2   150.0   259.2   309.0   333.7   350.5   370.6   394.3   427.3   499.9   640.9  1455.9  43715.0    44165
read      231.5    80.7   101.3   153.6   166.0   223.5   247.8   261.4   270.3   281.4   295.4   319.2   392.5  1099.5  3063.7   7035.0     6895
read      258.9   112.0    80.4   128.4   142.4   242.9   298.2   324.8   343.9   366.9   395.0   434.4   528.6   776.5  3796.2  54782.0    55457
read      256.9   101.8    74.4   127.0   141.1   240.0   295.2   322.8   343.7   367.8   397.3   438.8   532.0   718.0  1078.1  60964.0    61164
read      264.4   170.4    80.4   128.1   142.0   233.3   287.5   317.1   339.6   367.8   404.0   465.7   727.3  2181.1  4835.7 108602.0   108384
read      272.7   121.1    80.4   141.6   157.4   268.7   309.7   330.5   344.9   364.0   387.0   421.2   497.0  1842.4  3206.8  33182.0    33319
read      260.4   160.1    80.4   127.2   140.7   231.6   285.4   315.3   337.4   364.4   399.2   458.8   678.6  1950.9  4577.6  98261.0    97895
read      267.6    91.3    74.4   139.1   153.9   265.0   310.3   332.3   346.7   365.8   388.5   421.2   489.1   629.9   864.6  39710.0    39720
read      251.3   100.9    74.4   125.2   139.3   233.4   288.3   315.7   335.7   359.2   388.5   431.4   522.3   676.1  1255.3  68922.0    68554
read      251.5   120.8    80.4   123.6   137.6   227.9   282.3   311.1   332.4   357.8   390.3   439.6   578.2  1408.9  2677.9  86326.0    86849
read      265.0    87.2    86.8   142.9   159.0   264.6   302.3   320.7   334.5   349.2   369.7   400.5   462.9   565.2  2559.9  30309.0    30264
read      251.6   109.6    80.4   126.6   140.5   228.9   281.1   310.4   331.4   356.5   389.7   440.7   585.1   937.3  1432.0 100467.0   100754
read      251.8   119.0    74.4   125.2   139.1   227.7   280.7   309.1   329.6   354.8   388.4   441.4   596.4  1392.3  1870.9  97902.0    98098
read      251.3   116.7    74.4   124.5   138.4   228.5   282.0   310.6   331.5   356.6   389.4   439.7   571.7  1178.9  2900.3  85869.0    86028
read      250.9   108.2    74.4   126.0   139.7   227.7   281.3   310.4   332.1   358.5   391.9   443.0   564.4   896.4  1776.3  93544.0    93054
read      269.5    97.7    80.4   138.2   153.4   262.9   311.7   335.4   351.9   371.2   395.5   430.8   503.0   696.2  1982.6  42348.0    42348
read      267.0    84.0    86.8   143.6   159.5   266.5   304.9   323.6   337.5   353.5   374.2   405.9   477.4   658.9   921.3  29500.0    29490
read      264.0   114.8    93.8   149.0   165.0   256.8   290.4   308.6   320.4   337.9   359.9   394.1   497.2  1224.2  3826.7  18119.0    18187
read      294.8   251.4    80.4   124.4   138.7   233.6   299.6   346.7   387.8   437.1   501.2   612.0  1075.2  3103.4  5823.8  95066.0    95113
read      228.3    86.6    93.8   149.4   161.3   218.2   244.5   257.6   267.7   279.1   294.4   319.6   419.2  1392.1  3263.5   8788.0     8570
read      274.3   183.0    80.4   121.3   134.9   242.6   303.4   337.5   363.8   393.9   432.8   491.5   763.6  2674.0  3692.5  62203.0    62285
read      264.4   138.7    80.4   123.2   136.7   245.2   299.3   329.5   351.4   378.3   411.1   456.4   606.9  1766.3  2728.6  52421.0    52582
read      263.3   136.2    80.4   132.7   147.0   255.1   299.0   321.3   338.6   357.8   380.8   418.2   506.7  1654.6  4249.3  34544.0    34260
read      274.7   156.5    80.4   123.9   138.3   247.5   308.4   342.7   369.9   399.2   435.0   489.0   669.7  2129.7  2711.7  59177.0    59493
read      277.0   130.6    74.4   124.7   139.4   254.3   316.8   353.0   379.0   408.5   446.0   501.7   655.7   970.6  1915.0  58076.0    58208
read      306.2   268.7    80.4   124.4   139.1   238.5   306.8   355.3   396.5   448.2   518.0   665.0  1278.8  3406.7  7153.7  93705.0    93458
read      256.8    84.6   101.3   150.6   165.2   254.8   286.1   301.9   313.0   325.6   342.6   369.3   436.3   915.0  2329.7  17844.0    18056
read      335.8   303.1    74.4   129.2   144.6   249.3   319.4   374.2   422.3   489.5   597.2   810.6  1617.2  3130.9  7109.3  93542.0    94134
read      274.3   132.9    80.4   133.9   149.3   262.4   310.9   337.5   356.7   378.6   406.3   447.5   555.2  1620.9  3520.8  37845.0    37808
read      275.4   146.9    74.4   125.8   140.6   251.0   311.9   345.7   371.4   399.4   434.0   487.1   632.3  1821.2  3058.3  53563.0    53481
read      266.1    95.0    86.8   141.4   157.0   263.2   302.4   321.4   335.9   351.9   372.9   406.5   494.5   906.1  1992.9  25815.0    25666
read      360.1   476.4    74.4   134.5   151.4   266.7   329.1   368.1   399.3   442.0   508.3   691.6  2913.8  5202.1  8989.3 108864.0   108853
read      266.7    90.9    80.4   138.7   153.9   262.3   309.4   331.4   345.8   364.6   387.7   422.4   496.1   604.3   797.5  41899.0    41576
read      253.6   101.8    74.4   125.8   139.6   234.6   290.5   319.2   340.1   364.7   394.2   438.6   531.1   706.3  1163.6  69799.0    70282
read      267.3   107.6    80.4   136.6   151.7   260.0   309.3   333.2   349.5   369.3   393.6   428.3   500.9   606.9  3611.2  45687.0    45769
read      249.7   113.0    74.4   123.7   138.0   225.9   279.3   308.4   330.1   356.4   389.7   436.9   583.8  1046.1  1987.3  92343.0    92383
read      247.5   107.5    86.8   156.7   171.9   242.3   268.4   282.1   291.7   303.4   317.8   343.3   408.6  1355.8  2356.5  12184.0    12100
read      256.5   102.8    74.4   127.1   141.1   237.1   294.3   322.9   343.5   368.3   398.9   442.4   541.6   734.6   867.9  67484.0    67747
read      256.0   113.1    74.4   127.4   140.9   235.6   291.4   320.0   341.9   367.3   397.9   442.9   543.3   792.3  2891.6  69126.0    68933
read      257.8   103.7    74.4   127.4   141.2   240.9   295.9   324.0   344.3   369.1   398.8   441.0   536.4   776.5  1371.3  63051.0    63242
read      253.7   105.6    74.4   126.2   140.2   233.1   288.9   318.2   340.3   366.1   396.6   441.2   537.2   749.5  1321.0  72704.0    72993
read      259.5    94.1    80.4   130.3   145.4   250.0   300.9   326.5   343.5   365.2   390.9   426.7   498.5   599.4   742.1  51007.0    51022
read      257.2   103.6    74.4   128.6   142.5   238.9   294.6   323.6   343.6   369.6   398.7   439.9   523.9   686.8  2499.6  66971.0    67069
read      271.3   114.7    86.8   150.0   165.9   271.5   305.8   321.9   334.5   347.4   369.5   399.3   466.7   809.1  4021.4  24996.0    24895
read      257.3   118.8    80.4   125.3   139.7   235.2   292.0   321.6   343.6   369.6   400.9   445.9   562.4  1198.2  2507.6  68358.0    68588
read      262.2   135.5    80.4   132.9   147.4   253.2   300.7   323.3   339.9   359.4   383.6   420.5   501.5   954.4  7178.0  42835.0    42706
read      264.9   103.6    80.4   133.2   147.8   253.4   306.0   331.6   349.2   370.2   396.5   434.0   530.0   746.0  1891.6  49248.0    49479
read      260.2   109.4    74.4   128.0   141.8   241.9   298.0   327.1   347.0   372.9   402.6   447.2   555.1   801.2  1256.2  64397.0    64792
read      254.9   136.6    74.4   124.9   138.6   231.3   288.3   317.8   339.5   366.0   398.6   445.4   569.1  1008.3  1723.5  74068.0    73879
read      275.9    88.4    86.8   146.8   163.2   274.9   316.2   337.9   353.3   371.2   392.0   423.1   496.8   629.0   973.6  32021.0    31893
read      254.4   115.0    68.9   124.4   138.5   230.9   287.3   317.6   340.0   366.2   398.0   445.9   581.4  1099.0  1739.9  74434.0    74262
read      267.6   124.4    80.4   131.5   146.5   250.4   307.1   335.9   356.1   378.7   404.4   447.7   546.4  1344.3  2917.8  57040.0    57246
read      252.2   122.8    80.4   123.9   137.7   226.3   280.3   310.3   332.5   359.1   392.2   443.7   616.5  1339.7  1882.3  91822.0    91617
read      265.5   136.5    80.4   130.5   144.8   248.0   304.2   332.3   351.6   372.2   399.5   438.5   546.3  1863.3  3877.3  55108.0    55173
read      253.1   126.8    74.4   125.2   139.5   226.3   278.7   308.1   329.6   356.2   391.4   447.9   643.9  1489.0  2251.0 107987.0   108633
read      256.6    72.2    93.8   157.5   173.7   257.0   284.0   297.6   308.1   318.5   334.6   358.2   413.1   637.6  1993.4  15750.0    15720
read      249.6   111.5    74.4   126.5   140.1   226.4   279.3   309.0   330.3   355.0   387.3   436.1   553.1   862.5  3118.9  99466.0    99961
read      250.2   107.2    68.9   126.9   140.8   227.9   279.0   308.1   329.0   354.3   387.5   436.3   561.6   909.8  1898.0 102833.0   102613
read      262.1   100.7    80.4   130.7   145.4   248.5   302.7   329.9   348.6   370.6   399.0   437.3   525.9   674.4  1781.6  57350.0    57169
read      259.9    98.9    80.4   130.0   144.7   245.6   300.5   327.6   346.0   368.5   396.7   433.3   517.3   717.3   988.2  56669.0    56950
read      263.8    96.6    80.4   132.7   147.7   254.0   305.8   331.2   348.7   371.4   397.0   432.2   506.6   639.9   749.3  49935.0    49938
read      223.9    55.0   109.4   154.8   165.6   217.3   242.2   253.4   262.1   271.3   284.5   305.7   370.0   630.3  1551.1   5489.0     5383
read      266.7    90.2    80.4   138.4   153.8   262.8   309.7   332.7   348.3   367.2   388.9   419.8   482.2   575.8   712.2  39848.0    39719
read      279.2   108.6    86.8   139.8   155.7   272.3   320.2   345.2   364.4   385.3   409.1   448.4   541.9  1006.8  1768.8  36765.0    36653
read      288.6   199.1    74.4   126.1   140.6   249.4   315.2   355.9   387.1   423.4   467.8   539.1   825.4  2492.8  6742.1  69130.0    69482
read      274.3   147.5    80.4   128.5   143.0   254.1   310.4   340.7   363.1   387.4   416.4   463.1   628.9  2144.4  2891.5  47400.0    46749
read      282.1   182.7    74.4   124.8   139.3   249.1   314.6   353.2   381.6   412.7   452.4   511.8   747.0  2487.6  3631.0  64938.0    65109
read      277.6   127.5    74.4   130.9   145.5   260.6   317.8   348.6   372.1   396.7   427.3   471.3   600.9  1374.0  2461.4  46477.0    46501
read      345.5   448.3    74.4   135.0   151.8   262.1   321.2   355.6   382.3   417.2   469.7   621.4  2987.8  4746.9  8051.8 109285.0   109480
read      252.8   103.6    74.4   125.2   139.1   232.5   288.4   317.3   338.5   363.8   394.8   439.2   537.1   772.7  1366.7  69520.0    69433
read      257.9   102.8    80.4   128.1   142.1   241.2   297.6   325.4   344.6   368.6   395.8   434.7   533.5   757.5  1070.8  58149.0    58157
read      258.6   113.9    80.4   127.3   141.0   235.4   292.2   322.7   345.1   373.5   405.8   456.1   588.5   853.6  1906.5  70467.0    70737
read      271.3    95.6    86.8   140.2   155.6   263.8   310.8   334.9   352.4   372.5   398.1   437.6   527.8   669.6  1092.9  34614.0    34617
read      256.0   113.7    80.4   125.8   139.7   232.3   288.3   318.4   340.5   367.9   400.8   451.1   586.2  1112.8  1714.4  77207.0    77563
read      255.2   161.3    80.4   126.3   139.6   227.7   281.1   310.7   332.2   358.6   393.0   447.4   633.5  1806.4  4051.2  90675.0    90036
read      270.5   121.6    80.4   142.5   158.9   267.6   310.8   331.5   345.4   363.4   385.3   417.1   471.7   625.6  4171.7  36928.0    36689
read      266.7   106.1    74.4   135.5   150.8   258.7   309.4   333.5   349.6   369.6   394.4   429.5   507.5   639.0  4093.7  47284.0    46832
read      249.4   106.5    80.4   126.4   140.3   226.2   278.6   307.6   328.3   353.7   387.4   436.6   563.6   964.6  1406.0 104651.0   104903
read      258.4    84.7   101.3   160.2   176.8   257.4   284.3   297.1   307.5   317.9   334.2   360.8   428.9   612.1  3949.7  14041.0    14153
read      270.2    73.2    86.8   158.5   174.7   273.2   303.3   317.8   329.5   342.6   360.2   385.8   438.1   537.2   799.5  21565.0    21674
read      225.0    78.0   101.3   151.6   163.4   216.0   239.7   252.4   262.2   272.9   288.3   311.8   392.6   964.1  2653.5   5726.0     5689
read      280.2   123.2    86.8   140.4   156.1   272.6   321.3   346.4   365.5   386.6   410.9   447.4   528.8  1157.5  3256.6  37169.0    37781
read      261.1    69.7    93.8   156.9   173.3   260.7   291.2   306.4   316.4   328.8   343.7   370.7   434.6   659.4  1265.7  15637.0    15507
read      276.4   205.0    74.4   128.5   142.8   235.4   290.1   320.7   343.8   374.0   415.5   497.7  1082.2  2730.8  3461.7 101458.0   102064
read      256.2   126.0    80.4   127.5   141.6   236.2   292.2   320.7   342.8   368.0   397.9   440.0   536.8   719.0  1809.0  71021.0    71340
read      257.6   128.1    80.4   127.1   140.7   233.3   288.5   317.7   339.6   366.1   398.7   448.7   579.0  1829.7  2549.6  80237.0    79815
read      265.8    95.1    80.4   135.5   151.2   260.0   307.6   331.0   347.0   366.4   390.4   426.7   504.3   659.9  1342.4  44272.0    44352
read      261.9   119.4    80.4   130.6   145.2   238.1   291.1   320.7   343.3   370.2   405.2   462.0   617.1  1101.5  3062.1 109718.0   109562
read      249.6   104.8    74.4   124.9   138.8   227.2   281.5   311.0   332.1   357.3   390.0   435.7   553.5   814.3  1660.6  86620.0    86219
read      264.7    99.7    86.8   133.7   149.3   256.7   308.4   333.0   350.0   369.7   393.3   427.0   498.1   617.3  2086.2  47889.0    47335
read      269.9    93.8    80.4   139.2   154.8   264.9   313.7   336.7   352.5   371.3   394.3   427.0   495.5   610.6  1124.2  41913.0    41962
read      262.4    93.7    80.4   133.0   147.9   254.4   305.8   330.4   346.8   367.7   391.9   425.2   494.5   625.7   728.6  45633.0    45802
read      248.9    75.0    93.8   156.0   170.4   246.8   273.0   287.0   296.0   308.7   323.1   348.5   418.2   612.1  1860.2  13680.0    13389
read      264.6   151.5    80.4   128.2   142.1   233.8   288.6   318.6   341.3   369.6   405.3   467.0   777.9  1952.0  3164.2  95679.0    95780
read      252.7   114.1    80.4   126.2   139.8   228.1   283.4   313.2   335.0   361.0   393.5   442.4   595.5  1044.8  2048.5  87847.0    87844
read      259.4   101.1    80.4   129.7   144.3   244.7   300.0   327.7   346.8   368.5   394.7   432.2   516.3   701.0  1956.7  55925.0    55903
read      257.2   130.3    74.4   125.7   139.8   230.1   284.5   314.1   336.4   363.3   397.6   456.3   682.2  1413.8  1970.4 100806.0   100902
read      254.4   128.6    74.4   124.1   138.0   231.6   288.3   318.1   339.5   364.7   395.5   439.5   544.5  1579.8  2990.8  70958.0    70988
read      262.8   102.9    74.4   130.7   145.2   249.1   303.8   330.9   350.2   373.6   401.2   438.0   525.0   681.2  1985.2  53420.0    53831
read      267.8    94.4    93.8   146.9   163.1   268.9   305.1   322.4   335.1   348.3   368.8   398.6   463.8   594.5  3859.8  27023.0    26948
read      271.1    92.4    86.8   144.3   160.4   270.7   312.3   331.8   344.6   361.5   381.9   413.6   472.9   687.6  1543.5  32251.0    32347
read      283.7   150.4    86.8   134.8   150.4   266.1   319.9   351.9   374.8   397.9   428.3   473.9   609.9  2221.1  2768.3  41062.0    41050
read      283.4   145.5    80.4   129.7   144.6   257.5   318.6   355.9   383.7   413.5   451.3   508.0   687.2  1603.6  3108.6  56445.0    56197
read      369.5   432.5    80.4   134.8   151.4   258.8   328.8   385.6   438.4   521.3   659.9   930.4  2130.3  5521.6  8047.2  94039.0    94617
read      256.0   115.6    74.4   127.2   140.9   234.5   290.6   320.0   341.0   366.9   397.6   443.9   545.7   814.5  2903.8  72034.0    71839
read      253.5   118.7    74.4   125.6   139.6   231.1   286.4   315.9   337.5   363.7   394.8   439.8   547.6  1044.8  3726.7  79295.0    79082
read      254.6   112.0    80.4   129.0   143.2   231.9   284.6   313.6   335.5   362.1   394.5   444.3   572.5   892.8  2699.4 107464.0   107630
read      259.5   105.1    74.4   129.6   144.1   243.2   299.6   327.6   346.9   371.5   399.0   436.5   509.0   642.1  2375.0  60041.0    60164
read      250.5   109.5    74.4   126.6   140.6   228.7   282.0   310.5   331.0   355.7   388.7   436.1   545.1   838.2  3005.6  97850.0    97878
read      258.3   102.3    74.4   129.3   143.5   240.3   297.9   327.0   345.7   368.7   397.6   437.1   524.3   680.7  1135.9  63885.0    63680
read      253.4   100.7    74.4   126.8   140.8   233.2   290.2   319.5   340.7   365.3   395.1   436.8   532.6   687.9   974.2  73696.0    73888
read      255.5   101.1    74.4   127.3   141.1   236.2   294.2   322.7   343.5   368.7   397.3   438.0   525.9   693.7   868.2  65840.0    65499
read      251.2   109.3    80.4   125.9   139.7   228.0   282.0   311.4   332.7   358.7   392.2   440.6   568.3   907.8  1572.8  97364.0    96906
read      254.8   120.6    74.4   128.2   142.0   230.2   284.2   313.3   334.7   360.9   394.3   444.3   591.0  1243.6  2900.9 102910.0   103287
read      264.9    99.7    74.4   134.2   148.8   256.2   308.7   333.3   350.1   370.3   394.8   429.2   504.9   662.0  1817.7  49552.0    49664
read      267.0    83.9    74.4   143.8   159.2   267.2   307.4   326.4   339.5   355.3   374.4   404.1   467.0   561.7   735.5  32418.0    32535
read      265.8    98.0    86.8   135.4   150.4   257.1   308.9   333.6   350.3   369.9   394.6   431.1   505.5   635.3  1578.0  46254.0    46477
read      233.7   114.7    86.8   154.3   167.6   227.3   250.6   263.4   272.1   283.8   297.4   318.8   372.0   666.6  4482.8   7570.0     7459
read      254.6   108.0    74.4   126.0   139.2   232.9   288.7   318.6   341.2   367.4   399.7   446.9   547.5   841.0  1699.9  73586.0    74137
read      258.8   100.0    80.4   129.3   143.9   242.5   299.8   327.5   346.1   369.4   396.8   433.9   521.3   701.1  1094.8  57572.0    57061
read      270.2   158.2    86.8   144.3   159.8   267.0   308.8   329.1   342.7   360.3   382.1   415.9   488.0   649.6  7873.9  34399.0    34213
read      225.9    56.9   101.3   152.2   164.4   220.0   244.1   256.2   265.7   275.3   290.8   314.1   375.8   648.4  1525.5   7633.0     7432
read      279.7   126.4    80.4   136.6   151.9   266.5   319.3   346.5   367.7   390.9   418.3   459.7   569.8  1766.9  2698.9  41080.0    41605
read      274.5   131.8    80.4   139.6   154.9   267.2   312.4   335.1   351.3   371.7   395.6   430.5   512.9  1668.6  2680.7  33201.0    32998
read      280.7   160.1    74.4   125.0   139.7   251.3   316.0   351.4   377.9   409.4   448.7   505.6   745.8  1871.5  3107.2  61754.0    61636
read      293.4   263.1    80.4   124.9   139.5   248.0   311.7   349.7   379.7   413.1   453.9   522.2  1129.6  3881.0  7650.5  64847.0    64695
read      246.7    77.0    93.8   151.3   165.3   243.3   272.0   286.9   296.6   309.3   323.5   351.0   423.8   977.5  2122.1  14292.0    14063
read      331.9   318.2    74.4   129.4   144.5   250.4   320.8   376.9   423.7   481.7   568.0   761.7  1579.8  3990.9  7893.3  90776.0    91302
read      222.0    81.8    86.8   151.0   161.7   212.8   236.0   247.9   255.6   267.1   281.0   305.1   393.4  1189.7  3336.6   5960.0     6064
read      287.5   166.4    86.8   138.5   153.5   268.8   324.3   355.2   376.0   400.0   428.9   471.8   615.1  2140.6  4966.1  41449.0    41354
read      262.0   110.1    86.8   150.1   164.8   257.8   290.3   307.0   317.9   333.3   352.4   381.5   457.1  1909.4  2998.6  19755.0    19863
read      262.9   102.9    93.8   152.3   167.1   260.2   292.7   309.5   320.5   336.1   354.5   380.9   450.5  1177.4  3004.6  19504.0    19488
read      250.1    68.0    93.8   154.5   168.6   247.5   276.4   291.2   301.7   314.6   331.2   356.7   419.9   692.1  1337.9  14106.0    14040
read      262.0    92.0    86.8   148.6   164.0   258.7   293.2   311.1   323.2   339.9   360.4   390.7   467.4   921.0  1756.8  19244.0    19538
read      268.4    85.9    86.8   150.2   166.2   265.6   301.8   319.8   333.8   348.8   369.0   399.3   471.2   786.0  1986.2  20055.0    20199
read      324.0   404.3    74.4   131.1   147.1   251.1   308.9   342.9   370.3   402.6   450.0   555.8  2947.2  3973.1  7939.3 106065.0   106657
read      250.8   106.3    74.4   126.5   140.1   228.0   281.7   311.5   333.5   360.1   392.6   438.7   548.4   845.4  1424.3  93141.0    92457
read      249.8   111.7    74.4   125.7   139.5   227.7   280.4   310.1   331.4   357.2   389.7   434.8   541.1   882.2  3319.1  93025.0    92780
read      255.3   104.0    74.4   126.4   140.5   237.3   293.1   320.7   341.3   365.8   395.1   435.8   530.7   718.8  2264.0  68085.0    68203
read      250.4   105.5    74.4   125.4   139.3   229.2   284.0   313.2   334.0   359.1   390.7   435.0   538.6   821.3  1258.2  81983.0    81753
read      264.8   130.5    74.4   131.1   145.6   247.2   303.7   331.4   350.5   374.7   402.6   439.9   525.9  1620.9  2953.1  57906.0    57748
read      264.6    80.3    93.8   154.4   171.5   266.3   296.3   311.5   321.1   335.3   351.8   380.4   434.3   563.1   718.0  21144.0    21027
read      268.6    97.2    74.4   136.2   150.9   258.9   312.9   339.0   357.0   376.5   401.9   436.0   509.7   629.7   910.4  49449.0    49680
read      252.7   103.5    74.4   126.9   140.6   231.1   284.9   315.0   336.7   363.0   396.1   441.9   545.4   755.7  1047.7  82326.0    82042
read      252.3   108.4    80.4   127.7   141.3   230.2   282.7   312.2   334.1   360.2   393.1   442.3   547.4   834.1  1838.4  93799.0    93691
read      271.0   106.1    80.4   138.6   153.5   263.4   312.9   336.8   353.6   372.9   397.4   432.4   510.4   764.1  3188.5  45477.0    45291
read      265.3    81.2    80.4   144.7   160.6   265.1   303.6   322.1   335.4   349.8   370.6   401.1   462.9   565.1   776.9  30674.0    30437
read      257.1   106.5    74.4   127.6   141.3   236.7   293.3   323.0   344.4   370.9   399.9   445.3   546.9   730.7  1458.5  67393.0    67422
read      269.5   222.8    74.4   126.6   140.8   238.8   294.8   324.4   346.7   374.6   409.0   464.7   672.3  2744.1  8877.7  70051.0    69956
read      267.7    85.9    80.4   143.0   158.5   267.4   308.3   327.3   340.8   357.7   379.1   411.3   475.6   614.4   932.0  34903.0    35404
read      248.1   100.3    80.4   124.1   138.1   227.2   282.4   311.7   332.6   357.8   389.6   431.9   521.9   699.3  1100.6  79977.0    80225
read      249.8   103.2    80.4   127.2   140.9   227.7   278.9   307.5   328.5   354.2   388.0   437.1   571.7   806.4  1024.8 105696.0   105585
read      261.9    72.5   101.3   154.4   169.7   264.2   293.2   308.1   317.8   330.8   345.6   372.1   431.5   564.5  1883.1  20404.0    20088
read      248.9    65.1   101.3   157.1   172.0   247.1   273.6   287.6   296.5   309.3   323.5   346.4   413.8   645.8  1691.8  12637.0    12672
read      260.3    87.1    86.8   157.0   172.8   259.3   287.6   302.3   313.2   325.9   343.2   372.0   432.2   727.7  3915.5  15531.0    15696
read      276.3   103.6    86.8   150.1   165.8   276.2   314.3   333.8   346.6   364.3   384.9   414.2   479.2   633.5  4883.9  25807.0    25951
read      271.4   125.4    80.4   124.5   138.7   246.0   309.3   345.8   374.6   405.1   443.0   498.9   623.4   845.8  1587.7  64875.0    65007
read      240.1   110.5   109.4   154.8   167.8   233.6   261.1   274.6   285.0   295.7   311.6   335.4   398.5  1130.8  2769.5  10309.0    10189
read      276.8   142.4    74.4   124.9   139.0   240.8   306.1   346.7   378.8   415.4   462.6   540.3   735.9  1052.2  1950.7  77128.0    78008
read      248.0    83.7   101.3   154.2   169.0   244.3   271.1   285.6   295.4   308.0   321.4   346.9   417.6   861.6  2752.3  12737.0    12678
read      255.4    74.4    86.8   154.6   169.9   255.3   283.2   297.3   308.4   319.5   337.6   363.2   414.0   697.5  2817.0  15855.0    15922
read      278.7   103.3    80.4   138.8   153.9   269.1   322.1   350.1   370.3   392.1   419.0   459.2   539.3   743.5  1137.5  41568.0    41774
read      308.6   226.0    86.8   143.0   159.7   281.6   337.7   370.1   393.6   420.2   454.7   517.5   882.2  2443.0  8429.8  38754.0    38788
read      276.7   141.9    80.4   139.4   154.4   267.1   313.1   336.6   353.6   373.4   397.4   432.0   546.9  2001.1  3962.9  34419.0    34559
read      268.3   130.5    74.4   125.2   139.4   248.4   309.0   341.2   365.3   392.0   422.4   464.4   560.7  1300.7  2638.6  55159.0    54825
read      278.6   145.9    80.4   133.4   148.7   261.2   316.4   344.9   365.9   389.7   417.7   458.8   646.7  1668.7  3649.1  42988.0    42697
read      244.5   130.7    93.8   151.1   164.8   235.9   262.9   275.7   286.6   297.4   314.3   341.3   413.6  2398.7  4045.1  12637.0    12669
read      278.0   169.8    74.4   122.7   136.9   242.8   308.5   346.2   374.6   405.2   447.0   508.7   835.3  2072.2  2720.5  69700.0    70047
read      296.1   248.1    74.4   125.0   139.4   234.1   302.3   350.6   391.9   444.3   507.7   622.4  1009.7  3201.2  7301.7  96809.0    96137
read      293.5   228.2    74.4   123.5   137.8   234.4   301.9   347.3   386.5   436.4   502.0   619.4  1073.2  2795.8  4658.8  93102.0    92934
read      260.6    98.0    93.8   147.1   162.3   257.4   290.0   306.7   318.0   333.2   352.2   385.0   476.7  1405.2  2561.8  20631.0    20597
read      274.4   139.5    74.4   124.5   138.3   245.6   311.3   347.8   374.9   405.0   442.8   499.5   692.5  1355.9  2439.8  66307.0    66597
read      272.2   129.3    80.4   125.0   138.9   248.5   310.4   345.5   372.8   399.8   432.9   484.7   656.1  1162.6  1888.7  59816.0    59987
read      295.4   214.7    80.4   129.9   144.7   258.9   323.0   361.7   389.6   420.9   461.2   529.2   944.0  2468.8  3709.0  58743.0    58456
read      270.9   145.4    80.4   123.9   138.0   245.9   307.7   341.5   366.8   395.9   429.6   477.0   620.4  1982.9  2734.5  60286.0    59958
read      304.2   255.0    74.4   125.6   140.1   234.9   300.9   350.5   394.1   447.9   520.2   675.0  1304.0  2851.4  5165.0  98249.0    98221
read      276.9   181.7    80.4   126.5   140.3   248.7   310.4   344.5   369.8   398.7   431.9   483.5   657.3  2520.5  4692.3  56147.0    55912
read      271.2   104.8    86.8   135.6   150.6   262.8   313.0   338.8   357.8   379.2   404.4   440.6   516.7   837.7  1901.2  38990.0    39018
read      258.6    96.3    93.8   150.6   165.3   257.1   288.2   304.2   315.6   329.6   345.9   372.3   434.4  1108.7  3378.0  18719.0    18747
read      284.2   174.8    80.4   126.7   141.0   251.9   316.2   353.6   381.5   409.9   446.4   505.2   809.1  2333.2  3853.8  60561.0    60013
read      304.3   293.9    80.4   125.8   140.4   242.3   311.6   359.3   396.6   441.9   500.6   613.3  1095.0  4400.0  7405.3  85802.0    85584
read      291.5   225.5    80.4   123.3   137.5   237.4   305.4   350.9   388.0   432.5   492.2   601.9   981.2  3168.6  7038.4  84592.0    84809
read      307.1   223.2    80.4   128.5   143.0   247.9   320.3   372.2   413.4   462.0   527.5   653.1  1069.2  2527.2  4569.9  85095.0    85435
read      306.1   305.8    80.4   131.4   146.3   244.7   302.2   336.8   364.3   400.1   455.9   632.3  1488.4  4066.0  7729.1  95223.0    94907
read      260.4    69.1   101.3   159.8   175.5   262.8   289.3   303.0   312.7   323.1   339.0   362.9   410.3   520.7  1939.3  16462.0    16437
read      251.6   108.4    74.4   125.0   138.6   229.6   285.1   314.8   336.4   362.2   394.3   439.2   543.4   785.9  1180.4  78213.0    78505
read      251.4   105.6    74.4   125.2   139.0   230.4   286.1   315.5   336.6   362.0   393.4   437.2   531.0   773.2  2398.1  77650.0    77219
read      250.4   111.5    74.4   124.1   137.8   227.0   282.3   312.3   334.5   362.2   395.3   442.6   552.5   786.7  3516.5  86310.0    86414
read      254.7   119.4    80.4   126.1   139.7   232.4   288.3   318.2   339.9   366.0   397.3   445.7   550.1   936.7  2530.5  73712.0    73427
read      245.6   105.5    74.4   123.3   137.2   222.3   274.6   304.1   325.6   351.5   384.9   432.3   550.4   866.5  1454.9 100446.0   100497
read      248.2   106.1    74.4   124.9   139.1   226.0   278.4   307.9   328.9   353.8   385.6   433.5   547.8   850.6  1986.6  96641.0    96416
read      253.3   101.7    80.4   125.4   139.7   232.9   290.2   319.7   341.0   366.7   397.8   437.9   529.6   699.8   884.9  71879.0    71637
read      271.8   170.8    80.4   144.7   160.9   270.9   310.5   329.0   341.8   358.9   380.1   407.4   472.3   608.5 11465.8  33414.0    33216
read      259.9    99.1    74.4   130.2   144.5   245.1   300.2   327.5   346.3   371.4   397.8   435.7   521.5   648.3   944.7  59158.0    58699
read      261.8   102.9    80.4   132.4   147.0   249.6   304.9   330.7   347.9   369.8   395.5   428.5   496.4   629.8  2020.7  54261.0    53809
read      253.7   136.1    74.4   126.1   139.8   231.6   287.7   316.8   338.2   363.3   393.4   434.3   535.0   821.1  5109.0  73167.0    72797
read      250.4   121.9    74.4   126.1   139.9   226.2   278.1   307.1   328.7   355.7   389.4   440.0   581.1  1063.8  2650.3 107081.0   107267
read      262.5   105.8    80.4   131.9   146.7   249.5   303.9   330.9   350.0   371.5   397.0   433.1   505.0   694.6  3106.7  55718.0    55877
read      256.8   109.5    80.4   127.6   141.6   236.9   293.2   322.5   343.7   368.3   398.4   441.4   537.9   803.4  3050.4  70373.0    70507
read      267.3    93.5    80.4   137.5   152.4   260.8   311.7   335.3   351.2   369.4   391.6   425.8   495.4   681.1  1010.3  46848.0    46741
read      268.3    90.1    86.8   142.0   157.5   266.2   309.7   330.4   344.1   361.8   383.2   415.3   473.6   679.5  1075.4  36146.0    36507
read      265.1    84.1    86.8   143.0   158.3   264.8   303.8   322.2   336.4   352.1   371.5   402.5   470.3   622.7  1281.9  30174.0    30697
read      268.2   116.8    86.8   145.1   160.4   264.3   301.5   320.0   334.1   349.3   371.1   402.6   479.1  1303.4  2881.2  25034.0    25261
read      266.6   109.3    93.8   145.2   160.0   263.0   300.6   318.7   332.0   345.8   366.4   396.7   488.6  1322.6  2719.4  25100.0    25212
read      279.6   108.0    80.4   141.3   156.5   273.0   321.3   347.0   364.6   383.8   405.7   440.8   534.5  1087.5  1966.9  33906.0    33805
read      284.6   254.8    68.9   121.6   135.5   235.9   301.9   341.1   371.2   405.3   450.8   524.7  1044.0  3986.4  7228.9  76518.0    76345
read      359.3   438.4    74.4   129.0   144.6   253.3   320.9   370.2   415.5   483.2   601.2   892.7  2311.6  5648.6  8052.6  95893.0    95558
read      267.6    87.1    86.8   146.3   162.3   267.7   305.4   323.0   336.1   350.4   370.5   400.1   465.9   634.3  1635.0  28601.0    28428
read      262.8    79.9    80.4   150.7   166.5   263.6   295.6   312.3   323.4   337.4   354.9   383.3   448.8   607.5  2832.9  21633.0    21673
read      255.8   147.9    80.4   123.6   137.5   227.3   281.7   312.0   334.4   361.6   395.8   451.6   664.9  1857.4  3383.6  88728.0    89018
read      265.0    98.5    74.4   134.9   149.9   256.4   307.7   332.9   349.6   368.4   393.9   429.6   504.3   678.4  1931.9  46955.0    46753
read      264.9   101.2    80.4   142.4   158.2   262.7   304.1   322.9   337.1   353.3   374.0   404.4   469.5   631.1  2430.5  34237.0    34034
read      263.3    94.5    80.4   134.0   149.2   254.7   306.1   330.4   346.3   367.1   391.2   426.6   504.9   672.9   891.7  46994.0    47329
read      264.8   116.3    74.4   130.6   145.3   247.9   303.5   332.4   352.6   375.7   403.4   448.2   544.1   772.7  3287.9  57071.0    56893
read      270.9    94.2    86.8   140.5   155.7   266.4   313.8   336.6   352.6   371.4   394.1   426.9   495.3   672.2  1149.4  38872.0    38690
read      253.9   115.4    74.4   126.1   139.7   230.3   287.2   317.8   339.9   366.0   398.2   445.3   561.3   867.4  1937.2  79811.0    79988
read      256.1   119.5    74.4   128.2   142.1   230.7   283.3   313.4   336.0   363.2   397.7   454.2   624.7  1196.8  2167.8 107426.0   107429
read      268.3    94.1    80.4   138.1   153.6   262.8   310.8   333.9   350.1   369.1   393.3   427.5   497.8   617.2  1483.0  43820.0    43713
read      252.3   106.0    74.4   125.0   138.9   231.4   287.1   316.2   337.6   363.0   394.5   439.2   543.9   799.2  1729.7  76395.0    76624
read      258.0   116.3    80.4   128.1   141.7   236.8   293.9   322.8   344.3   370.7   401.4   445.6   544.5  1132.4  1689.2  71730.0    71700
read      273.3    93.5    80.4   142.2   158.4   270.6   315.9   338.7   354.8   372.5   395.3   426.5   487.5   606.9  1573.9  40770.0    40703
read      256.5   124.5    80.4   126.2   140.2   231.9   285.8   314.8   337.0   363.9   397.4   449.8   616.6  1319.2  3099.8  95527.0    95489
read      265.9    80.4    93.8   156.8   174.3   264.6   294.1   310.2   320.7   336.3   355.7   386.6   451.5   636.4  2799.4  18723.0    18531
read      252.6   111.0    80.4   127.0   140.8   229.4   282.2   311.6   333.6   360.4   393.4   442.9   573.6   998.0  2306.6  99264.0    99369
read      276.0    87.0    80.4   150.5   167.1   276.9   313.4   332.6   345.7   362.4   382.4   413.9   480.0   605.6  2569.6  29446.0    29286
read      273.0   105.2    86.8   140.7   156.4   266.8   314.6   338.0   354.8   374.0   398.0   432.3   503.9   678.9  2023.3  42687.0    42988
read      258.2   103.8    80.4   129.3   143.2   238.4   295.0   325.3   347.1   372.2   402.4   445.9   533.8   682.9  2050.6  69155.0    69249
read      238.9    81.3   101.3   159.4   172.6   232.1   256.0   270.0   279.9   291.8   308.6   336.2   393.3   693.6  3168.4   7994.0     7889
read      270.1   115.4    74.4   136.0   150.9   255.7   309.7   337.4   357.6   380.9   408.6   447.7   535.0   784.7  3812.8  51477.0    51783
read      276.8    97.9    80.4   143.3   159.2   271.2   319.1   341.9   359.3   379.2   402.7   436.2   523.0   710.9  1193.1  39031.0    38634
read      265.4   135.7    80.4   129.6   144.1   236.5   291.3   322.8   347.6   376.9   413.2   469.7   699.7  1691.0  2193.8  86240.0    86204
read      270.3   171.2    74.4   130.2   145.3   238.7   292.7   322.7   345.2   372.5   407.9   467.7   753.4  2207.1  3461.5 109246.0   109534
read      276.2   188.2    86.8   138.4   153.3   263.1   312.9   337.6   355.8   377.3   404.5   449.0   575.4   838.1  8372.1  44957.0    45136
read      269.3   146.0    74.4   131.2   146.1   247.8   303.8   332.4   353.2   377.9   408.2   456.7   616.7  1689.5  3489.3  60328.0    59949
read      260.8   117.5    74.4   129.3   143.8   243.2   299.5   327.6   346.7   372.1   399.6   438.3   522.6   728.1  3554.8  61645.0    61681
read      255.3   135.3    80.4   126.1   139.9   231.6   287.7   317.4   338.5   364.0   396.3   442.0   547.4  1319.0  3717.6  76271.0    76329
read      269.3   131.6    80.4   138.3   153.4   261.6   310.6   333.5   349.0   368.3   391.6   425.3   496.0  1040.5  3963.0  44409.0    44322
read      263.7    74.3    86.8   154.1   170.7   265.2   295.7   311.5   321.7   335.8   351.9   376.6   430.1   529.8   869.9  20572.0    20698
read      252.3   105.8    74.4   126.8   140.6   230.9   285.4   314.6   336.2   362.2   394.9   439.3   537.4   749.2  2310.2  84891.0    84853
read      255.1   105.0    80.4   127.7   141.5   233.5   290.2   320.6   342.1   367.3   397.9   443.0   540.7   759.1  1341.9  75914.0    75889
read      249.9   141.6    80.4   124.1   138.2   224.8   277.4   307.3   328.3   353.3   386.9   435.7   570.3  1301.2  4869.1  97899.0    98396
read      261.5    96.4    74.4   132.2   147.2   250.1   304.0   329.9   347.2   368.8   393.6   428.3   499.5   635.4   915.0  54065.0    53818
read      265.8    77.6    86.8   151.0   166.4   268.0   301.8   317.3   329.5   343.4   362.6   390.2   440.0   526.3   714.0  26291.0    26200
read      258.8    96.3    80.4   130.7   145.3   246.9   301.1   326.3   343.6   365.1   390.6   426.8   499.5   631.9  1086.4  55167.0    54761
read      250.4    64.1    93.8   158.3   174.4   248.9   274.9   288.8   297.7   310.5   325.0   346.8   400.7   604.1  1468.3  12598.0    12268
read      263.4   102.0    74.4   132.5   147.3   251.3   305.9   332.0   350.0   371.9   397.1   433.0   514.5   670.3  1720.6  51980.0    52324
read      252.2   106.0    74.4   128.0   142.0   229.9   282.3   311.8   333.0   358.5   391.2   439.8   552.0   873.2  1489.5 106223.0   106440
read      229.0   117.8    93.8   153.3   165.3   222.4   246.7   259.0   267.8   277.3   291.9   315.3   375.8   651.7  8970.5   7438.0     7154
read      247.4   104.8    80.4   124.2   137.9   225.7   279.3   308.5   329.3   353.9   386.4   432.2   535.5   763.2  1792.7  86703.0    87362
read      265.4    92.1    86.8   137.2   152.3   260.7   308.6   331.0   346.5   364.7   387.1   420.8   486.3   636.4  1421.7  44008.0    43716
read      270.0    78.3    86.8   150.2   166.8   273.2   306.8   323.1   335.6   348.8   369.6   397.9   453.2   586.5   966.7  26914.0    26737
read      279.5   113.4    80.4   137.0   152.4   268.4   320.6   349.5   369.6   393.3   422.0   462.5   552.8   879.0  2663.4  41457.0    41596
read      286.1   163.5    74.4   126.5   140.3   239.0   306.1   352.6   390.0   435.9   497.4   598.1   850.6  1234.6  1580.5  85210.0    85490
read      284.7   155.6    80.4   126.0   140.4   244.1   310.4   353.4   388.0   430.3   485.3   574.3   797.4  1243.3  1753.1  77550.0    77612
read      281.7   154.9    80.4   125.2   138.9   239.7   305.9   348.3   382.7   424.3   481.8   580.6   794.2  1150.4  1684.1  78416.0    78124
read      282.0   159.3    74.4   127.6   141.3   245.9   311.9   353.2   383.1   420.6   468.0   544.2   724.5  1498.4  4609.1  69895.0    69632
read      276.7   105.4    86.8   138.1   153.4   268.4   318.1   344.7   364.2   386.1   412.1   448.8   534.8   761.5  1486.2  38846.0    39180
read      261.6    80.1    93.8   156.6   173.2   260.7   289.4   304.6   315.1   327.9   344.2   371.4   437.0   673.4  2453.7  15897.0    15803
read      282.6   112.8    80.4   141.4   158.0   274.7   324.2   349.0   368.5   390.5   417.4   456.3   544.5  1038.5  2317.1  36667.0    36987
read      301.2   356.2    86.8   153.8   170.3   268.3   302.2   319.7   335.5   354.0   378.0   429.3  1246.5  7583.5  9518.7  19668.0    19833
read      276.6   158.5    80.4   130.8   145.9   256.8   312.3   342.8   366.1   391.3   420.9   463.9   588.8  1766.3  4523.1  46426.0    46567
read      279.3   145.8    80.4   127.7   141.4   253.0   313.8   350.6   376.9   406.2   443.3   498.2   721.2  1761.4  2337.9  57204.0    57368
read      280.6   114.1    80.4   140.4   156.2   271.0   320.1   348.2   366.8   387.3   411.7   451.9   554.6  1386.9  2537.6  35931.0    36003
read      294.4   242.3    80.4   128.3   142.8   251.6   316.5   358.5   390.0   427.2   474.4   544.4   822.2  3624.2  7792.2  69057.0    68916
read      297.6   297.0    74.4   128.1   142.7   240.8   296.8   330.3   357.0   389.5   434.3   546.5  1594.2  4329.0  6424.6  93729.0    93229
read      273.1   122.8    80.4   138.1   153.1   263.3   314.0   338.3   355.8   375.9   401.0   439.7   531.7  1254.3  3071.9  46769.0    46632
read      251.2   112.1    74.4   125.2   139.1   228.3   281.7   311.1   332.6   358.8   392.1   440.3   560.9   930.6  2658.3  93964.0    93663
read      257.2   130.4    80.4   127.9   141.7   232.9   285.1   314.6   336.8   364.0   398.2   453.4   600.2  1325.8  2783.5 106648.0   106418
read      259.9   105.1    80.4   129.4   143.4   243.9   299.6   327.7   347.2   370.8   398.8   438.0   528.5   766.0  1383.2  60585.0    60496
read      260.6   123.5    74.4   130.0   144.5   235.9   289.2   318.8   341.7   369.2   402.7   458.3   620.9  1197.1  2379.6 108990.0   109057
read      249.5   115.1    74.4   124.0   138.3   225.2   277.7   306.7   327.7   353.8   387.7   438.2   586.8  1113.8  2159.3  97261.0    96861
read      252.9   120.3    74.4   125.7   139.6   229.2   284.2   313.8   335.3   360.8   393.9   442.8   566.5  1176.2  2085.3  86200.0    86255
read      265.8    81.9    86.8   151.0   166.7   268.6   302.1   317.1   328.3   340.9   358.2   384.5   440.7   560.2  3093.7  25785.0    25686
read      262.2    78.7    93.8   157.4   174.0   263.2   291.4   305.7   315.4   327.3   342.9   370.3   426.3   617.7  2699.0  17564.0    17483
read      277.3   126.2    86.8   145.0   160.6   269.6   310.7   332.9   349.3   370.1   393.5   428.5   544.7  1806.8  2791.0  29100.0    29211
read      275.3   149.6    80.4   128.0   142.3   251.9   312.1   345.4   370.3   398.0   430.7   479.7   602.7  2010.2  3420.8  55409.0    55328
read      308.7   316.6    74.4   125.1   139.5   238.0   302.8   348.4   390.4   444.9   517.0   662.3  1280.7  4657.8  7562.9  87789.0    87592
read      267.0   106.9    93.8   148.2   163.3   264.6   299.6   317.7   331.5   346.3   368.1   397.8   464.4  1007.3  2713.9  23925.0    23882
read      288.8   136.5    86.8   137.9   153.2   270.1   328.2   361.1   384.6   410.4   439.7   488.2   636.4  1713.7  2671.8  44503.0    44790
read      239.9    75.7   101.3   152.1   165.3   234.0   260.5   274.0   284.6   295.7   312.5   339.6   416.9  1203.0  1428.0  12468.0    12236
read      277.0   128.1    80.4   135.7   150.3   262.9   316.1   345.0   365.9   388.7   415.7   454.5   548.8  1461.6  2636.5  42767.0    42928
read      344.7   492.3    80.4   130.7   146.6   250.3   306.9   341.0   368.8   403.8   463.6   669.3  2662.2  7177.4 11317.1 104215.0   103959
read      256.6   132.6    80.4   126.9   140.9   230.3   283.6   312.3   333.9   361.0   395.7   447.6   645.7  1661.8  2664.2  97668.0    97347
read      258.4   106.4    74.4   128.6   142.7   237.3   294.2   324.8   346.4   371.6   402.2   446.6   548.9   797.8  1500.1  68744.0    68379
read      252.2   128.3    74.4   125.4   139.3   226.5   280.1   309.6   331.1   356.9   389.5   437.2   590.5  1640.0  2757.7  92600.0    92596
read      250.3   201.9   109.4   161.2   174.8   242.1   267.5   280.8   290.1   300.5   315.0   339.1   406.4   798.8  9314.8  10168.0    10055
read      268.4    86.3    86.8   147.4   163.4   268.8   306.8   324.7   337.8   352.6   371.7   399.7   461.1   576.2  3236.4  29670.0    29634
read      237.1    67.3   109.4   154.0   167.3   231.5   257.5   271.2   281.3   292.8   308.3   333.0   397.3   780.3  2045.4   9476.0     9324
read      274.8   101.5    86.8   143.0   159.2   273.2   314.4   335.8   350.5   369.1   391.2   422.9   498.2   714.1  2706.0  29511.0    30076
read      266.4   176.6    80.4   127.4   141.2   229.6   283.0   313.7   337.2   366.1   405.1   475.1   926.7  2014.5  4373.3  99589.0   100150
read      270.6    80.8    80.4   150.9   166.5   272.7   307.9   324.7   337.4   351.8   371.9   399.8   456.7   546.7  1713.1  27679.0    27527
read      253.9   127.0    80.4   126.8   140.6   228.7   281.9   311.6   333.7   360.9   393.9   443.9   600.5  1109.6  5565.8  95226.0    95171
read      269.4    92.2    74.4   140.6   155.9   265.9   312.5   334.0   348.6   368.0   390.7   421.8   481.2   604.8  1440.5  40408.0    40523
read      248.0    62.6   109.4   160.5   175.1   246.5   271.0   284.8   294.2   305.9   318.7   342.0   395.4   606.3   863.8  11515.0    11422
read      232.2    77.4    93.8   152.2   164.5   226.2   251.6   265.2   274.2   286.5   300.5   323.8   393.5   674.1  3642.5   9133.0     9200
read      276.2   134.5    80.4   133.6   148.8   260.7   314.2   343.4   365.1   388.1   414.5   455.2   549.9  1819.1  3035.7  42826.0    42816
read      233.1    91.4    93.8   152.6   164.9   225.6   251.2   264.7   273.5   285.4   298.4   322.8   393.5  1243.4  2034.2  10688.0    10698
read      264.8   163.7    86.8   145.7   161.7   260.4   294.7   311.7   323.0   338.5   357.8   387.6   464.9  1714.4  7918.2  21985.0    22301
read      277.4   129.1    80.4   131.1   145.9   258.4   315.8   347.6   369.4   395.3   426.8   470.4   650.1  1382.8  2141.8  47799.0    48159
read      280.2   168.0    86.8   135.4   150.2   264.2   314.6   341.6   361.9   384.3   410.5   454.6   597.0  2690.9  4901.8  39907.0    39987
read      272.9   132.1    80.4   138.8   154.1   262.2   308.2   332.0   348.7   368.3   392.6   429.2   514.4  1919.7  3557.0  32881.0    33067
read      280.7   199.8    74.4   123.3   137.9   247.0   309.5   345.6   375.2   406.1   446.1   507.9   743.7  2553.5  7078.8  62781.0    62704
read      278.2   150.5    80.4   128.1   142.0   254.6   314.4   348.2   375.4   402.1   435.7   489.4   640.4  1949.6  3074.2  52986.0    52778
read      286.4   212.1    74.4   122.8   136.5   239.9   308.6   351.9   385.2   423.2   471.5   548.5   861.4  2758.7  3943.6  75460.0    75981
read      290.9   256.3    74.4   123.8   138.4   240.8   307.7   349.7   384.4   423.7   470.5   550.0  1020.0  2986.7  7928.2  74491.0    74522
read      250.8    94.3    93.8   153.4   167.4   246.4   274.2   288.7   298.1   310.5   324.5   351.3   427.7  1916.7  2159.7  14759.0    14533
read      221.3   168.6   109.4   150.3   160.3   208.1   230.7   244.3   253.4   266.3   282.4   310.5   399.7  1676.9 10613.2   5609.0     5566
read      301.5   248.8    74.4   125.9   140.2   243.3   310.5   357.1   395.4   442.2   502.7   624.4  1119.7  3128.9  6419.7  76920.0    78062
read      300.2   282.3    74.4   123.9   137.8   235.9   303.6   352.3   394.6   446.5   512.9   638.3  1019.1  4047.6  7897.1  82275.0    82399
read      316.7   358.7    74.4   129.6   145.0   245.6   302.2   337.1   365.8   400.5   454.6   604.3  1736.2  3900.9  7869.6 108356.0   108638
read      249.4   106.8    80.4   125.1   139.3   226.7   279.7   309.0   331.0   357.9   390.3   435.8   553.2   861.4  1673.2  93860.0    93541
read      264.1    96.8    74.4   134.1   149.3   256.3   306.6   330.8   347.4   368.3   393.1   427.7   499.3   627.1  1086.2  47006.0    47145
read      254.9   117.3    80.4   127.9   142.0   230.1   281.7   311.8   334.3   362.2   397.9   454.0   601.6  1058.5  2009.7 109738.0   109796
read      268.1    76.5    86.8   150.6   167.4   270.5   303.8   319.8   332.3   345.4   365.5   393.8   451.3   548.6  1116.8  26275.0    26597
read      231.2    84.5   101.3   155.7   168.2   225.3   248.5   260.7   269.4   279.6   293.1   316.1   382.3   675.9  3671.1   7084.0     7034
read      255.0   120.5    74.4   126.1   140.4   232.9   289.7   319.3   341.1   367.4   397.4   438.6   536.5   764.5  4445.4  71799.0    72616
read      253.7    66.1   101.3   160.4   175.4   253.1   279.1   292.0   301.2   312.9   327.5   353.1   412.9   601.4  1934.5  13564.0    13584
read      263.5    74.8    93.8   155.8   172.7   264.3   293.8   309.1   319.0   332.2   346.5   374.9   429.4   609.3  1682.7  19827.0    19750
read      255.5   119.8    80.4   128.7   142.8   232.2   284.2   313.0   334.8   361.3   395.8   449.7   579.9   959.6  3048.1 108448.0   109139
read      253.8    63.3   101.3   157.1   172.6   254.0   281.8   295.3   305.6   316.5   332.5   358.4   414.0   500.2  1121.1  15300.0    15150
read      256.6   111.2    74.4   127.6   141.2   233.8   290.1   320.0   342.7   369.5   400.8   448.4   564.2   933.0  1802.2  73983.0    74389
read      251.2   123.9    68.9   123.6   137.3   224.4   279.2   310.0   331.9   359.0   392.7   441.0   615.9  1400.8  2172.1  87114.0    87266
read      260.2   172.6    74.4   126.3   140.4   228.1   280.9   310.6   332.8   360.5   395.7   456.0   740.1  2561.2  4499.6 108367.0   108170
read      262.5   166.8    74.4   127.3   141.3   231.8   284.9   314.8   337.5   365.8   401.0   455.4   684.0  2484.5  3354.9 103555.0   103631
read      268.8   123.6    80.4   136.9   151.4   258.9   309.8   334.0   350.9   370.2   393.3   426.0   501.7  1892.7  3266.2  44730.0    44587
read      261.0   126.2    80.4   128.9   142.8   238.4   296.6   326.7   347.7   373.8   405.8   449.8   562.0  1097.1  3608.7  66203.0    66411
read      256.2   139.9    80.4   125.3   139.0   228.2   282.7   312.7   335.0   362.1   396.6   451.6   668.6  1693.7  3390.4  89404.0    89167
read      271.5   104.8    80.4   141.6   157.5   268.8   312.2   333.5   348.1   366.7   389.6   421.8   494.2   674.6  4164.3  35774.0    35723
read      255.6   120.9    74.4   125.7   139.6   229.7   284.6   314.9   337.6   365.3   400.1   454.8   636.6  1108.9  2623.7  85892.0    85827
read      260.1   141.4    80.4   127.7   141.4   233.9   290.2   319.7   342.7   370.5   402.4   453.4   608.1  1832.6  3076.8  78925.0    78806
read      250.6   114.6    80.4   125.0   138.7   226.9   281.0   311.2   332.8   359.2   391.9   438.5   565.3  1034.7  2474.0  89327.0    89641
read      255.7    68.9    93.8   159.8   175.1   255.7   282.2   294.8   304.7   315.7   331.5   357.3   419.1   621.7  1485.6  14143.0    14186
read      265.2   115.2    80.4   132.8   148.1   253.8   306.8   332.9   351.2   373.0   397.9   433.5   506.3   671.6  4521.6  52339.0    52308
read      263.0    99.3    74.4   131.2   146.0   248.7   305.3   333.3   353.3   375.8   400.7   436.3   512.8   662.9   985.4  56626.0    56743
read      272.4    92.5    80.4   142.8   158.8   269.0   314.3   336.4   351.6   369.5   393.0   427.0   497.8   620.0   755.4  38915.0    38302
read      254.8   102.8    80.4   126.2   140.4   234.9   290.8   319.8   340.8   366.5   398.3   442.0   534.5   712.7  1241.8  71925.0    71662
read      266.2    90.2    80.4   141.1   156.3   263.0   306.2   327.0   342.1   359.5   379.4   409.1   477.1   592.1  2007.9  35753.0    36015
read      259.8   134.9    80.4   128.2   142.6   240.7   296.6   325.1   345.1   370.2   400.5   440.7   532.7   968.4  2549.2  64379.0    65048
read      254.9   109.9    80.4   126.2   139.7   234.1   290.9   320.8   342.7   368.4   397.8   440.1   531.5   761.0  1881.6  72765.0    72989
read      255.1   107.4    80.4   126.6   140.7   233.7   288.5   318.4   341.0   368.1   399.9   446.2   546.9   798.1  1485.4  76318.0    76390
read      273.1   105.4    86.8   153.0   169.4   272.2   306.0   321.6   334.7   348.4   368.9   397.9   470.5  1640.9  2967.1  24628.0    24409
read      253.9   116.0    80.4   124.9   138.6   228.9   283.7   313.7   336.2   363.8   397.0   449.2   630.8  1107.8  1662.7  85233.0    85530
read      234.2    69.6    93.8   155.8   168.7   229.0   254.2   267.1   275.2   286.7   299.1   320.8   381.7   660.1  3821.4   8297.0     8346
read      257.1   105.1    74.4   128.1   142.1   236.4   293.2   323.0   344.4   370.8   401.3   443.9   539.0   769.2  1482.0  69534.0    69627
read      258.8   108.4    80.4   129.1   142.9   237.4   294.8   324.8   346.9   373.1   403.8   448.6   557.5   792.3  1283.5  69997.0    70266
read      265.0   146.6    80.4   129.6   143.8   236.6   291.1   320.8   343.0   370.8   405.4   462.9   726.4  1686.9  3330.2  89671.0    89525
read      256.6   110.0    74.4   127.6   141.4   235.3   292.1   321.1   342.8   368.9   399.5   444.5   546.0   821.9  2193.6  71135.0    70975
read      268.3   100.0    80.4   136.9   151.6   259.7   311.6   336.5   353.9   373.0   397.7   433.6   520.8   674.0  1176.8  46648.0    46633
read      262.1    79.1    93.8   158.7   175.1   262.2   291.0   305.6   315.3   327.6   344.1   369.5   427.6   663.6  2531.4  17233.0    16963
read      286.6   214.9    74.4   131.4   146.3   243.8   302.1   336.5   362.8   395.5   441.0   534.5   973.2  2887.2  7100.9 108998.0   109556
read      256.5   135.9    74.4   125.2   139.4   228.8   283.4   312.7   334.4   361.2   395.7   448.6   674.9  1675.0  2722.8  91180.0    91124
read      261.9   119.3    74.4   131.1   146.0   249.2   302.6   327.9   346.1   368.6   394.2   429.4   505.4   703.3  3998.3  51865.0    51505
read      248.7   109.5    74.4   124.8   138.9   225.9   278.9   308.0   329.3   355.9   388.3   434.1   546.1   927.1  1881.9  93432.0    93804
read      263.0   116.3    80.4   130.8   145.6   247.6   303.7   331.1   350.3   373.4   398.9   434.1   516.0   739.1  2777.8  58480.0    58474
read      270.1    96.0    80.4   138.9   154.1   265.3   313.2   336.3   352.6   371.7   395.1   428.8   500.1   639.0  1936.6  43279.0    43487
read      262.6   122.9    74.4   129.3   143.8   243.5   301.0   330.7   351.7   373.9   403.6   446.0   531.6   903.9  2915.8  62097.0    61792
read      260.9   106.5    80.4   130.3   144.7   244.5   301.0   329.4   349.3   372.8   400.4   437.1   516.0   661.9  2775.1  59454.0    59548
read      268.8    93.9    86.8   137.9   152.9   262.2   312.3   336.2   352.6   371.3   396.9   430.8   499.1   658.9   858.7  43820.0    43635
read      271.5    80.6    86.8   150.1   166.0   273.6   310.3   328.4   340.9   355.8   372.7   400.0   455.0   540.9  1919.4  27780.0    27536
read      269.8   125.5    80.4   139.4   154.2   263.1   311.7   334.5   349.8   368.0   391.8   426.4   497.4   668.1  5510.0  42860.0    42828
read      258.1   116.8    80.4   130.0   144.3   233.8   286.6   315.9   338.2   365.3   399.0   453.1   607.3  1132.7  1978.0 109002.0   109424
read      250.1   102.3    68.9   125.3   139.1   229.5   283.7   312.6   333.5   358.6   390.5   434.8   538.8   787.8  1054.5  78145.0    78273
read      260.9   101.1    80.4   130.8   145.2   244.9   300.7   329.7   349.3   372.7   399.7   437.3   517.7   673.0  1553.7  60559.0    60279
read      271.1    87.1    80.4   144.5   160.4   269.4   312.2   333.8   348.1   366.2   387.3   417.1   482.5   601.8   778.4  35077.0    35178
read      257.1   105.9    80.4   126.9   141.1   236.3   293.9   323.6   345.1   371.6   402.4   444.9   543.1   779.3  1240.4  67230.0    67279
read      253.4   108.9    74.4   125.3   139.1   229.7   285.4   316.2   338.3   365.2   399.2   446.8   577.2   928.6  1281.9  81031.0    80752
read      267.3   103.5    86.8   139.6   155.3   263.5   306.8   328.2   344.2   362.7   384.1   414.3   482.6   649.2  3629.7  35069.0    35012
read      232.9    58.6   101.3   154.7   167.8   226.7   250.6   264.3   273.8   285.7   298.8   324.4   402.3   650.4  1520.7   8034.0     7936
read      232.3   106.5   109.4   151.2   163.6   222.4   248.1   261.3   271.0   283.4   298.3   323.5   398.0  1477.3  5189.2   8535.0     8578
read      336.1   386.8    74.4   129.0   143.9   249.3   319.3   369.7   411.5   466.3   543.6   736.0  1803.9  4986.5  8104.4  89013.0    89696
read      208.7    52.1    74.4   146.5   155.6   201.9   222.2   233.9   242.6   251.9   265.3   287.1   361.7   646.6   837.0   5652.0     5569
read      268.7   101.7    86.8   140.8   155.3   260.4   302.9   325.3   342.6   364.2   393.0   433.2   527.3  1104.2  1794.8  26527.0    26905
read      283.9   158.7    80.4   136.1   151.3   263.4   317.3   347.0   370.3   396.4   427.3   471.6   620.1  2402.8  3120.1  42147.0    42389
read      319.9   307.0    74.4   130.4   145.0   248.9   323.3   378.5   422.1   473.3   536.9   659.2  1219.2  4171.9  7714.1  84612.0    84689
read      276.4   157.8    80.4   126.5   140.6   248.1   310.1   345.7   372.8   404.1   439.1   491.0   652.4  2066.0  3114.7  59443.0    59305
read      280.8   157.7    86.8   133.8   148.8   261.7   315.9   346.2   367.6   392.0   421.3   464.2   666.9  1947.0  3086.4  44358.0    44512
read      299.6   205.5    80.4   128.2   142.9   252.2   323.5   368.9   400.3   442.0   497.6   589.1   945.7  2683.7  4862.7  72068.0    72395
read      282.4   210.9    74.4   123.2   137.5   239.3   304.7   346.0   379.2   417.6   463.5   534.0   779.8  2879.8  5102.4  74209.0    74619
read      279.3   154.4    80.4   125.8   139.9   246.3   310.7   349.9   380.4   412.9   455.6   517.8   735.9  1752.4  3268.2  67210.0    67302
read      299.4   258.6    80.4   131.4   146.8   261.2   325.5   362.9   390.2   421.3   462.0   526.8   849.8  4205.3  7703.2  57845.0    57822
read      227.7   110.3   101.3   151.9   163.3   218.7   243.6   256.6   266.5   277.0   293.8   317.7   380.3   862.7  6070.2   8168.0     8117
read      348.2   451.4    80.4   133.5   150.2   259.9   320.3   358.7   390.1   430.3   490.1   645.2  3002.3  5044.2  8093.2 105044.0   106178
read      268.9    95.3    86.8   150.9   167.5   270.2   303.3   319.3   331.7   344.8   363.8   393.1   452.4   925.2  1811.8  25306.0    25089
read      257.0   102.2    80.4   128.1   142.4   236.7   293.9   324.1   346.1   370.9   401.0   443.4   531.6   715.5  1224.8  68519.0    68848
read      251.6   108.7    74.4   126.8   140.7   229.2   281.9   311.0   332.3   358.7   392.3   441.4   566.1   832.2  1633.2  98736.0    98941
read      255.7   113.8    74.4   127.8   141.5   233.1   288.8   318.6   340.8   367.0   398.6   444.4   544.9   969.3  2515.5  77602.0    78157
read      259.8   127.3    74.4   130.2   144.8   235.4   288.2   318.0   340.8   367.9   401.6   456.9   613.9  1016.8  4748.8 110021.0   109857
read      257.4   114.1    74.4   128.3   142.6   232.2   285.3   315.7   338.6   366.3   402.6   461.0   618.6  1004.0  1933.6 108931.0   108875
read      249.5   108.7    74.4   124.4   138.2   225.9   279.9   310.5   332.5   359.2   392.6   438.9   560.4   864.6  1651.6  86582.0    86646
read      250.5   103.9    74.4   124.8   138.8   227.7   282.5   312.9   335.0   362.1   396.3   444.7   542.2   756.7  1367.4  82844.0    83239
read      263.7    97.2    80.4   132.9   148.1   253.7   307.3   332.1   348.8   369.9   395.2   430.4   505.4   640.8  1138.0  51468.0    51061
read      252.3   107.5    74.4   126.3   140.1   229.2   283.3   312.9   334.7   361.4   394.4   442.3   579.0   911.1  1260.5  89360.0    89906
read      259.9    99.6    74.4   130.3   144.9   245.4   302.4   330.0   348.4   369.9   395.9   432.7   501.8   609.1  1848.0  56288.0    56601
read      254.5   102.6    74.4   126.5   140.1   233.8   291.4   321.3   343.1   369.7   399.1   438.5   531.2   738.8   907.0  71246.0    71203
read      252.0   137.4    74.4   126.0   139.9   227.7   280.4   310.0   332.2   359.7   394.7   444.9   551.7   968.1  7151.9  95078.0    95942
read      253.5   102.6    74.4   126.3   140.2   231.6   289.5   318.9   340.8   366.6   398.7   442.4   536.9   722.4  1015.8  72032.0    71622
read      248.6   122.6    74.4   124.8   138.7   224.3   277.2   306.1   327.2   353.6   387.0   435.4   560.0  1071.4  3854.3  97206.0    97182
read      268.1    86.3    80.4   147.9   163.4   269.8   306.0   323.3   336.1   350.1   370.2   399.8   459.3   586.8  1917.3  27922.0    27718
read      268.8   116.5    86.8   137.4   151.6   259.2   310.0   334.7   351.8   371.4   395.9   430.9   507.8   768.7  3655.9  46340.0    46519
read      255.5   122.8    80.4   126.3   140.2   229.5   285.0   315.6   338.8   366.1   400.5   452.3   593.6  1198.0  2271.7  83188.0    83197
read      257.4   109.9    74.4   128.4   142.1   234.4   289.7   319.7   343.7   370.1   401.4   449.7   582.7   986.0  1424.4  79343.0    79080
read      258.7   125.0    74.4   126.0   140.1   234.6   291.2   320.8   343.8   369.5   401.6   450.1   606.5  1375.8  2871.2  69342.0    69401
read      264.6    95.1    80.4   135.5   150.6   257.0   308.1   331.8   347.7   368.5   391.4   424.2   496.2   625.6  1329.8  45498.0    45684
read      259.6   104.3    86.8   153.9   169.3   257.3   287.8   302.7   313.0   325.0   342.8   372.3   431.4  1098.4  3037.1  18148.0    18120
read      266.3    74.6   101.3   155.0   171.1   267.1   298.4   314.4   325.5   339.3   358.0   387.9   444.2   585.5  1698.6  21046.0    21245
read      296.0   178.6    80.4   138.6   154.7   273.9   327.3   357.9   379.3   403.8   434.3   488.8   871.5  2315.8  3242.5  39202.0    39039
read      293.1   191.7    80.4   128.9   143.4   255.3   322.1   363.8   393.6   428.2   472.4   547.7   793.3  2680.1  4013.2  67431.0    67458
read      273.9   119.4    74.4   133.9   149.1   261.7   314.4   341.6   361.7   384.4   412.0   453.6   546.1  1419.8  2803.2  42756.0    42773
read      262.2   139.8    86.8   150.5   165.2   259.3   291.3   307.6   318.2   333.0   351.1   380.2   459.6  1173.1  2755.9  20740.0    20690
read      286.4   186.4    80.4   128.4   142.5   251.6   317.3   356.9   385.6   416.7   455.1   514.6   785.3  2399.8  4026.9  63353.0    63440
read      278.9   136.3    80.4   136.7   151.3   265.0   318.0   346.1   367.0   389.6   416.4   456.7   565.8  1900.9  2691.6  41609.0    41615
read      342.9   436.8    80.4   133.7   149.6   257.6   319.1   359.1   391.1   433.6   501.6   680.7  2420.1  5555.7  8283.4  97853.0    97229
read      254.6   135.5    80.4   127.6   141.4   230.3   285.5   315.4   337.0   363.0   396.4   444.4   558.0   831.0  5168.3  86171.0    86249
read      266.9    78.6    93.8   156.1   172.3   270.2   299.0   313.7   323.6   336.7   352.5   380.1   433.6   510.3   692.3  20880.0    20807
read      269.2    80.5    86.8   150.1   165.9   272.6   307.0   322.9   335.1   347.6   367.4   395.7   451.7   531.1  1944.2  26140.0    26130
read      282.0    95.4    80.4   148.3   163.9   279.6   321.5   343.3   360.0   378.6   401.9   437.5   521.0   746.3  1282.9  30388.0    30510
read      278.3   115.3    86.8   136.3   151.9   266.8   320.9   350.2   371.9   395.5   424.6   464.3   544.3   689.0  1722.2  43724.0    43868
read      280.7   141.3    74.4   129.8   144.9   256.9   319.3   354.3   379.5   409.7   442.7   495.9   640.1  1657.7  2747.0  55792.0    55324
read      268.9    78.6    86.8   152.1   168.8   269.8   302.6   318.6   331.1   344.4   364.0   393.2   454.7   675.2  1085.6  20913.0    20437
read      237.8    61.9   101.3   157.7   170.8   233.1   257.5   270.6   280.3   292.1   307.9   332.4   396.5   679.5  1366.4   9636.0     9548
read      251.5    99.0   101.3   156.5   170.8   246.4   272.9   288.2   298.4   311.2   326.2   353.1   429.0  1235.5  3657.9  12046.0    12101
read      301.6   195.7    80.4   130.7   145.0   254.0   323.5   371.0   404.1   446.1   502.2   598.6   975.7  2270.1  3109.1  71414.0    72073
read      259.8    75.5    93.8   150.3   164.6   259.0   292.3   309.1   320.1   335.1   353.3   384.1   445.8   666.7  1094.1  21562.0    21310
read      333.1   319.9    74.4   132.1   147.7   251.0   320.8   376.0   420.0   477.7   566.6   762.5  1569.7  4172.8  7686.2  90162.0    90755
read      286.1   151.7    80.4   132.9   148.5   262.7   324.0   360.3   385.2   411.2   445.8   497.4   631.3  2075.6  4118.9  51285.0    51252
read      275.2   127.8    80.4   129.7   144.2   256.1   314.9   347.5   372.6   397.6   427.7   471.6   590.8  1429.3  2453.5  53175.0    53070
read      277.9   141.6    80.4   130.3   145.0   259.8   317.0   347.8   370.6   397.0   427.0   470.9   594.8  1604.6  3839.1  48543.0    48181
read      334.6   409.7    74.4   131.0   146.4   251.0   312.0   349.8   381.6   421.9   482.0   675.0  2467.4  5260.6  8037.8  97138.0    97336
read      250.5   116.0    74.4   125.4   139.1   226.5   280.0   309.4   331.0   357.0   389.5   440.1   575.9   978.8  2507.3  92312.0    91976
read      257.6   135.8    74.4   126.7   140.3   229.0   283.6   314.7   338.2   366.7   400.3   457.1   680.3  1427.0  3507.5  94590.0    94742
read      260.2   112.3    80.4   128.7   142.5   239.6   297.0   328.1   350.1   375.5   404.2   447.3   542.3   800.5  2755.3  66156.0    66079
read      255.7   127.0    74.4   126.0   139.8   231.4   286.5   317.0   338.3   364.8   398.7   451.5   600.7  1079.5  3331.4  79315.0    79328
read      266.1    94.7    80.4   136.2   151.2   259.3   309.2   333.0   348.8   369.0   393.5   427.3   495.7   615.9   907.1  45194.0    45235
read      274.7   108.5    80.4   144.6   160.5   272.0   313.9   334.6   348.9   367.1   389.4   421.7   490.1  1507.9  3018.9  35639.0    35310
read      252.5   113.3    80.4   125.7   139.6   231.4   287.5   316.8   338.4   364.5   396.2   437.7   531.7   720.4   881.9  76422.0    76589
read      258.3   125.1    80.4   128.8   143.1   232.7   286.4   316.2   338.7   365.7   400.0   455.3   628.2  1102.0  4115.5 107307.0   107175
read      253.5   114.9    80.4   126.3   140.0   231.8   287.4   316.7   338.1   363.8   396.5   442.9   539.4   774.4  3652.8  78392.0    78127
read      253.2    65.1    93.8   158.2   174.3   254.1   278.7   292.1   301.7   313.4   328.5   353.8   412.9   628.6  1936.7  13275.0    13331
read      261.4   116.1    80.4   129.8   144.2   243.8   300.9   329.4   348.9   371.8   399.6   441.8   533.4   746.2  3213.7  59269.0    59382
read      254.5   113.4    80.4   128.3   141.6   231.1   284.9   314.8   336.6   363.0   396.1   447.4   560.6  1145.4  2147.8  87386.0    87477
read      249.5   105.3    80.4   125.8   139.6   227.5   280.6   309.5   331.2   358.1   390.4   437.4   541.5   788.4  1799.0  92203.0    92020
read      259.7   121.4    74.4   129.3   144.0   235.0   288.4   317.8   340.7   367.7   402.2   459.3   615.7  1055.8  2635.5 109235.0   109297
read      270.2    95.2    80.4   139.7   154.9   264.3   313.3   336.4   352.3   371.5   395.5   428.3   499.4   680.3  1276.1  42342.0    42293
read      262.5   104.6    74.4   132.8   147.1   249.4   303.6   329.6   347.7   368.6   393.9   430.9   523.1   806.9  1585.9  52958.0    52962
read      261.9    75.0    74.4   150.6   166.4   263.5   295.9   311.6   321.5   335.9   352.7   381.1   442.7   549.4  1984.9  23438.0    23492
read      249.5    61.7   101.3   158.0   172.3   247.4   274.3   288.5   297.6   310.6   325.5   351.3   415.8   613.5   856.7  12605.0    12594
read      254.2   116.7    80.4   126.1   139.7   233.3   289.7   317.9   338.9   364.2   394.6   435.9   545.5   814.2  3865.2  68436.0    69120
read      265.0   112.4    74.4   130.9   145.1   247.3   304.7   333.2   353.4   377.9   405.4   449.9   553.7   850.6  2842.5  57450.0    57144
read      261.1   108.8    80.4   130.1   144.5   244.4   300.5   329.4   348.7   372.2   400.3   440.0   529.9   701.2  2803.7  57052.0    57232
read      256.8   104.5    74.4   128.1   141.7   235.8   292.6   322.2   344.1   371.0   401.9   447.1   545.8   760.4  1186.6  71238.0    71593
read      265.0    92.4    80.4   137.2   151.7   259.1   306.2   329.3   345.1   365.9   389.5   422.1   492.5   636.2  1276.7  40722.0    40799
read      267.0    85.5    86.8   146.2   162.0   267.3   305.7   323.1   336.5   351.5   372.1   402.1   461.1   578.2  1102.0  29818.0    29614
read      256.2   140.1    80.4   127.3   141.0   228.6   281.2   311.0   333.0   360.5   396.4   451.6   637.9  1623.7  3368.6 106685.0   106611
read      264.4    97.2    80.4   134.2   149.2   253.4   306.5   332.7   350.6   372.0   397.1   433.6   510.6   630.4   748.6  50426.0    50009
read      263.1    99.3    80.4   133.9   149.3   255.2   305.7   330.0   346.7   366.7   390.0   423.4   495.0   619.3  1923.3  47521.0    47727
read      255.1    64.2    86.8   156.5   173.0   255.8   282.7   296.3   306.8   317.5   334.0   359.9   419.0   622.6   979.1  15278.0    15204
read      259.1   108.4    80.4   130.8   145.3   248.5   299.0   323.6   341.2   362.6   388.6   424.2   497.0   697.9  3295.6  50193.0    50703
read      258.4   100.4    74.4   128.9   143.4   242.6   298.0   325.7   345.3   369.2   398.8   436.6   513.6   661.7  1092.7  60949.0    60979
read      267.0    92.2    80.4   141.3   156.8   264.0   307.9   329.1   343.5   361.6   383.1   413.8   474.2   618.4  2399.7  37475.0    37662
read      258.7    67.9   101.3   154.9   171.6   259.5   287.9   301.9   312.3   323.7   341.5   368.1   425.2   570.7  1311.8  17249.0    16932
read      338.9   320.2    74.4   134.2   150.9   258.2   319.6   363.1   399.6   454.0   552.7   820.6  1776.1  3324.8  7423.4 100108.0   100183
read      253.5   106.4    80.4   125.6   139.5   233.6   289.7   317.5   338.8   363.9   393.8   437.9   533.2   821.2  1962.0  69747.0    69175
read      266.8    78.7    86.8   149.2   165.0   268.1   303.9   321.2   333.9   346.5   365.7   393.9   455.8   550.0   727.9  27591.0    27515
read      263.5   151.1    80.4   128.4   142.5   232.1   286.7   317.0   339.7   367.2   403.1   465.8   758.0  1941.1  2976.9 106539.0   106411
read      266.1   138.0    80.4   134.4   149.2   255.3   308.1   332.9   350.0   370.3   394.5   429.6   506.7   716.3  8250.8  49713.0    49629
read      262.0   107.4    80.4   128.7   142.9   242.6   300.8   330.5   352.5   379.1   407.6   452.6   550.2   797.0  1448.1  63274.0    63537
read      254.5   124.2    80.4   125.8   139.7   230.2   284.2   313.5   335.7   363.1   396.6   446.8   605.8  1090.9  2892.7  88055.0    88081
read      261.1   101.4    80.4   130.1   144.2   246.1   301.2   329.6   349.2   372.3   400.5   439.4   523.4   714.5   907.5  55719.0    55527
read      256.9   133.3    80.4   124.8   138.9   233.5   290.3   320.3   342.5   368.3   399.1   445.1   574.8  1619.1  2925.0  69746.0    69558
read      261.3   106.9    80.4   128.8   143.0   244.3   302.2   331.3   351.7   374.4   401.6   442.1   537.6   734.9  1741.2  60388.0    60702
read      249.7    68.4   101.3   158.3   173.2   248.1   274.6   288.9   298.2   310.5   324.2   348.2   403.1   562.0  2915.7  13476.0    13487
read      255.8   108.7    80.4   126.0   139.6   234.4   291.6   320.9   342.8   368.9   399.2   444.5   559.2   903.3  1688.9  66619.0    67037
read      232.3    77.8   101.3   155.9   168.7   225.7   249.3   262.1   271.0   281.9   294.6   318.1   382.7  1237.1  2684.2   8465.0     8281
read      273.9    96.8    80.4   147.2   162.6   272.1   314.8   335.2   348.8   367.2   389.7   421.7   487.5   640.5  1470.6  34780.0    34986
read      330.4   291.0    80.4   131.8   147.4   257.8   333.8   386.9   428.9   480.7   552.6   717.0  1407.0  3399.7  7764.8  82087.0    82336
read      336.5   413.9    80.4   132.3   148.7   254.0   312.2   347.0   376.4   410.0   464.3   648.8  2640.7  4098.4  8033.2 101534.0   101465
read      248.9   114.6    74.4   123.7   137.5   227.0   281.7   310.8   332.1   358.1   390.0   433.7   533.6   781.1  4057.4  82360.0    82733
read      268.2    92.5    80.4   138.1   153.7   261.8   311.0   333.6   349.0   368.2   393.6   429.6   501.3   623.7   767.4  44571.0    44752
read      255.3   131.6    80.4   128.4   142.6   230.0   282.3   311.6   333.4   360.3   394.9   448.0   589.5  1266.4  3794.8 104243.0   104681
read      264.4    99.2    80.4   133.6   148.5   252.2   307.0   333.0   351.2   372.7   397.6   433.3   509.2   733.4  1172.8  53568.0    53872
read      248.8   100.0    80.4   125.7   139.4   227.7   282.2   312.2   333.5   358.5   390.3   433.6   516.8   744.7  1045.0  87177.0    87376
read      255.6   101.9    80.4   128.0   141.9   235.6   292.0   320.3   341.8   367.4   396.9   438.4   540.3   743.9  1005.6  70568.0    70834
read      249.6   136.6    80.4   124.8   138.6   226.6   280.7   311.5   333.6   359.4   391.1   436.6   537.1   762.4  2259.6  86602.0    86701
read      263.2    99.4    80.4   131.9   147.0   250.5   307.1   334.2   352.8   373.0   397.5   432.3   513.7   637.1  1304.6  55890.0    56054
read      252.7   108.9    74.4   128.0   142.1   229.8   282.1   311.1   332.5   358.8   391.7   438.7   568.1   980.1  1452.2 106455.0   106733
read      227.6    82.2   101.3   154.4   165.9   220.6   243.3   255.2   264.7   274.2   289.9   312.6   393.7   835.3  3872.8   6591.0     6476
read      270.0   101.1    86.8   144.0   159.5   268.6   309.8   329.4   342.8   359.7   380.2   413.1   488.8   672.0  3719.9  33585.0    33857
read      251.2    72.8   101.3   151.8   166.8   249.2   279.1   293.7   304.3   315.9   332.3   358.5   425.5   719.8  1950.5  15720.0    15953
read      281.0   134.9    80.4   136.4   151.8   268.1   320.4   349.3   369.6   392.8   421.3   462.9   554.3  2233.4  2927.8  41045.0    41252
read      324.2   264.4    80.4   133.8   148.9   260.7   336.9   387.6   426.7   473.7   539.7   671.3  1286.3  3185.2  6146.6  76571.0    76853
read      278.6   121.2    80.4   142.5   158.6   272.3   317.4   342.3   360.4   380.2   402.5   435.0   522.6  1142.2  2513.0  32777.0    32962
read      332.9   393.5    74.4   128.1   142.7   249.8   321.5   369.3   408.5   456.1   527.8   691.0  1744.7  5898.3  7927.8  83602.0    83564
read      287.1   135.0    86.8   137.8   152.6   269.6   327.5   360.0   382.7   408.4   437.5   485.9   626.5  1390.9  3797.4  46370.0    46260
read      287.2   138.4    86.8   136.6   152.0   269.0   326.6   359.6   383.3   407.9   439.0   487.7   628.4  1760.9  2481.8  46534.0    46426
read      322.5   388.6    80.4   132.5   148.1   250.3   308.9   343.1   370.4   404.1   459.0   623.7  1902.5  5579.8  7977.8 100266.0   100015
read      256.4   112.3    74.4   126.8   140.6   232.5   289.4   319.6   341.7   367.9   400.5   451.0   579.0  1017.6  1692.7  78286.0    78102
read      269.6    82.8    93.8   154.0   170.4   270.3   302.6   318.5   330.8   344.1   363.5   393.1   459.8   675.1  1737.1  24222.0    24168
read      272.3    81.3    86.8   150.8   167.0   274.9   309.0   326.5   339.2   354.1   372.5   400.0   457.0   600.1  1432.4  25837.0    25529
read      266.5   112.5    93.8   155.8   171.5   264.4   294.7   310.3   320.2   334.7   351.9   382.5   452.9  1062.7  3960.2  17390.0    17342
read      273.8   127.4    74.4   127.0   141.0   243.5   308.4   346.8   376.9   410.6   452.4   516.4   659.8   867.9  1202.0  71452.0    71657
read      277.6   135.0    80.4   130.6   145.1   253.3   315.4   351.1   377.9   407.9   442.9   495.7   616.9  1023.0  2827.6  59800.0    59805
read      276.2   114.9    80.4   131.3   146.2   257.7   318.3   351.4   376.8   402.7   435.0   481.2   580.8   810.1  1402.7  55530.0    55558
read      284.9   152.1    74.4   128.1   142.4   244.3   311.9   353.7   387.4   427.9   483.5   580.4   775.9  1072.1  2448.3  79479.0    79251
read      229.4    58.6   101.3   151.7   163.6   224.1   250.0   262.9   271.4   282.4   295.7   319.3   374.1   685.7  1081.7   9214.0     9123
read      332.3   427.2    80.4   134.9   151.4   258.2   316.9   353.1   381.4   417.9   470.7   599.5  1904.9  6280.1  7996.9 109066.0   109516
read      269.3    98.4    80.4   139.4   154.9   265.5   313.2   335.0   349.3   367.8   390.9   423.6   488.5   624.8  1951.1  41363.0    41153
read      257.4   128.9    74.4   128.1   142.1   231.0   284.3   314.0   336.6   364.0   398.9   453.7   644.8  1289.1  3445.5  98756.0    98946
read      265.3   103.8    80.4   131.7   146.4   249.8   305.0   333.8   354.8   378.8   407.6   452.3   543.2   694.2   977.6  56433.0    56315
read      255.1   132.4    80.4   126.7   140.2   228.9   282.4   313.1   335.8   362.8   395.9   446.8   601.3  1326.8  2922.9  91894.0    92525
read      254.6   105.8    80.4   128.0   141.5   231.4   287.0   317.8   340.8   367.8   400.7   447.0   560.0   820.2  1018.6  80604.0    79997
read      265.4    99.2    80.4   133.9   148.8   254.8   308.4   334.5   352.8   373.5   398.3   433.7   510.8   660.7  1661.7  49213.0    48998
read      260.2   143.2    74.4   128.8   142.5   238.7   295.9   326.2   348.0   372.9   404.1   450.0   549.2   798.7  3668.5  67271.0    67260
read      250.4   115.0    74.4   123.3   137.5   225.5   280.3   310.7   333.4   361.1   394.8   440.7   571.0  1080.1  1726.1  87979.0    88431
read      265.5    97.8    74.4   133.8   148.8   254.1   309.1   335.6   354.5   375.3   399.9   435.5   511.9   633.5   906.1  51348.0    51359
read      263.5   102.8    80.4   130.8   145.7   246.0   303.7   333.7   354.3   377.5   405.4   447.3   544.7   719.7   848.9  60476.0    60398
read      267.7    96.2    80.4   138.1   153.1   263.0   311.6   333.8   348.2   366.9   390.1   424.2   494.6   612.2  1075.6  42182.0    41854
read      265.0    99.2    93.8   149.4   164.7   265.4   298.6   314.9   326.3   339.8   358.2   388.7   455.6   767.3  4040.8  24081.0    23797
read      254.0   104.9    80.4   127.4   140.9   231.5   286.6   316.2   338.4   364.8   397.5   446.8   561.1   824.8  1089.9  82894.0    83091
read      254.1   113.3    80.4   126.7   140.4   232.2   288.8   318.6   340.5   365.6   396.1   439.1   541.2   800.1  3080.6  77977.0    78319
read      255.4   108.2    74.4   129.0   143.0   231.9   284.6   314.5   336.7   363.8   396.9   449.3   591.2   906.3  1259.9 102191.0   101978
read      248.7   108.0    74.4   125.0   139.0   225.7   278.5   308.2   329.8   356.0   388.6   435.6   551.4   915.4  1376.8  98235.0    97985
read      251.4   117.6    74.4   124.0   137.9   227.5   282.5   312.1   333.8   360.6   393.3   440.7   560.8  1284.0  2429.9  82916.0    82850
read      266.7    78.4    86.8   151.6   167.1   268.9   302.6   318.4   330.0   342.3   360.2   387.7   449.4   591.5   985.9  24380.0    24622
read      254.2   110.0    80.4   128.2   142.0   230.3   283.5   313.4   335.5   362.0   395.1   446.9   592.5   971.8  1554.2 100461.0    99932
read      265.4    93.0    80.4   138.0   152.2   259.0   308.6   332.4   348.8   367.7   390.7   424.2   491.3   590.4   691.8  46211.0    46761
read      262.7   121.7    80.4   129.7   144.0   247.0   301.9   329.3   348.8   370.7   396.9   437.5   535.1  1137.8  3982.7  56517.0    56274
read      266.1    99.0    86.8   149.5   166.2   266.1   299.8   316.5   328.9   342.8   362.2   390.0   441.5   663.5  4529.2  25008.0    24750
read      267.7    94.8    80.4   136.7   151.6   260.4   311.0   335.6   352.7   372.6   396.7   430.9   502.9   601.6   858.3  47080.0    46988
read      248.2   107.3    74.4   124.2   138.6   225.2   277.8   307.3   328.5   354.2   388.3   436.7   551.2   929.5  1949.0  96578.0    96633
read      274.5    88.0    86.8   148.5   164.3   274.2   314.2   333.6   346.1   364.4   386.6   418.9   488.4   635.6  1083.6  32371.0    32524
read      255.7   120.4    74.4   126.7   140.7   231.3   286.2   316.7   340.3   368.3   401.5   450.6   574.0  1051.6  2174.1  82586.0    82709
read      262.1   108.1    80.4   129.8   144.2   241.4   297.1   327.9   350.0   376.5   407.8   453.8   581.5   833.9  1011.0  64200.0    64734
read      274.5   104.5    80.4   141.8   157.9   265.9   315.9   340.2   357.8   377.6   401.7   434.4   514.6   868.2  2667.0  45069.0    44841
read      272.7    79.3    93.8   157.9   174.8   275.3   306.6   321.5   334.1   346.7   365.9   393.0   449.1   569.9   865.8  23588.0    23220
read      269.1   109.1    80.4   135.9   151.0   257.0   310.6   337.1   356.1   378.1   402.9   438.7   527.9   702.9  2194.6  51596.0    52173
read      257.5   134.0    74.4   126.5   140.3   230.3   285.3   315.7   337.5   364.4   398.5   452.5   691.5  1353.3  3614.9  87763.0    87894
read      261.7   110.0    80.4   131.1   146.0   246.7   299.8   326.4   345.6   369.1   397.1   437.6   540.9   747.5  2960.0  55908.0    55637
read      276.5    84.5    86.8   151.8   168.3   275.7   314.0   334.0   347.4   365.6   387.6   420.8   491.4   583.8  1138.6  31318.0    31153
read      281.1   114.2    86.8   154.6   171.6   278.4   315.5   334.7   347.4   364.6   385.7   419.1   492.6  1616.7  2904.1  30004.0    30053
read      285.0   152.2   101.3   158.5   175.5   275.4   308.6   326.2   339.8   356.2   376.3   413.2   647.1  2573.6  3181.7  20544.0    20489
read      282.0   117.7    86.8   144.8   160.7   274.5   320.5   344.4   362.8   383.3   406.3   443.7   547.4  1292.0  3447.5  33341.0    33457
read      264.9   109.7    93.8   157.9   173.7   258.8   288.7   304.2   315.3   329.1   345.7   375.3   468.7  1706.2  3030.4  16856.0    16922
read      276.4   123.5    80.4   133.5   149.1   260.2   316.5   346.4   368.7   394.0   424.0   465.5   565.5  1305.5  2171.5  46929.0    47200
read      344.3   422.5    74.4   128.3   143.3   242.4   304.9   350.7   396.2   468.7   588.3   826.0  1969.1  5691.7  7975.1  96249.0    95934
read      282.6   165.3    80.4   138.3   154.0   266.2   318.2   345.9   367.2   389.8   416.7   459.0   560.8  2586.0  3898.7  42938.0    42596
read      415.6   568.1    74.4   135.9   152.8   269.6   339.6   393.2   443.8   527.9   703.1  1246.3  3301.1  6886.9  8131.5  94585.0    94660
read      263.4   118.5    74.4   130.0   144.6   246.0   302.1   329.9   349.1   372.5   401.4   443.1   545.0  1196.7  3298.8  59699.0    59804
read      270.5    93.4    80.4   141.7   157.6   268.5   312.4   333.8   348.3   366.1   387.7   419.6   483.3   613.4  3044.2  37850.0    37634
read      256.4   109.6    74.4   126.5   140.6   235.7   292.4   322.3   343.8   369.1   399.4   443.5   541.0   874.6  2578.2  68792.0    68516
read      252.0   113.1    74.4   125.5   139.3   227.9   282.3   312.3   334.2   361.4   395.7   445.5   572.7   931.3  1810.8  86909.0    86478
read      251.3   131.0    74.4   126.5   140.2   226.2   278.9   308.3   329.4   355.2   389.1   437.8   571.4  1301.9  3832.0 101783.0   101464
read      258.1   109.5    80.4   127.0   141.0   236.3   293.5   323.8   345.1   372.4   402.6   449.5   565.8   875.1  1570.8  70797.0    70660
read      251.5   116.3    74.4   124.7   138.8   227.2   279.3   309.1   331.1   358.0   391.1   443.2   607.3  1150.2  2174.8 104593.0   105480
read      267.7    93.9    80.4   137.7   152.7   262.6   311.0   333.6   348.8   367.9   393.0   427.3   497.6   596.6  1083.8  42045.0    41912
read      265.8   104.0    80.4   133.1   148.7   256.2   308.7   333.4   350.8   372.5   397.2   432.7   509.6   666.8  3104.9  50634.0    50818
read      256.1   119.5    80.4   128.0   141.9   231.7   284.9   314.7   337.1   364.5   398.3   450.7   591.8  1086.4  3153.6  99695.0    99610
read      251.8   129.3    74.4   126.7   140.5   227.3   280.0   309.9   330.9   356.6   390.1   437.5   575.9  1266.6  5545.0  98858.0    99247
read      255.0   104.6    80.4   127.4   141.0   234.3   291.1   320.6   341.7   367.2   398.1   442.8   536.6   736.8  1714.0  72479.0    72793
read      271.4   101.4    86.8   144.0   159.9   269.3   311.1   331.2   344.6   362.9   385.3   418.6   496.4   718.7  2669.7  34809.0    34890
read      267.1   103.2    74.4   134.3   149.4   255.2   309.0   334.8   353.1   375.3   400.0   436.8   533.7   815.1  1594.0  49559.0    49665
read      259.4    96.8    74.4   130.3   144.8   247.0   300.5   326.2   343.8   366.3   393.4   431.7   509.0   652.8   783.1  51464.0    51276
read      269.5    88.5    86.8   146.7   162.2   269.5   308.7   327.3   340.7   356.9   376.0   404.5   472.3   572.9  1275.7  30820.0    30810
read      265.4    97.3    80.4   137.5   152.2   259.4   307.1   329.7   345.3   364.9   388.6   424.0   499.4   628.6  1490.9  42823.0    42632
read      254.3   108.3    74.4   125.4   139.2   232.0   289.1   317.9   339.2   365.4   396.9   444.0   569.4   893.1  1277.5  71277.0    71502
read      255.1   151.3    74.4   125.3   138.7   227.9   282.5   312.9   334.7   361.5   395.6   445.6   626.0  1729.4  5717.9  87914.0    87471
read      251.0   129.8    74.4   123.2   137.2   224.4   276.7   306.0   327.2   354.3   390.1   439.4   649.1  1515.0  2911.1  95789.0    95450
read      263.4   156.4    80.4   129.6   143.8   234.5   288.6   318.2   340.6   368.4   402.9   458.4   664.3  2123.9  4592.8 101109.0   101882
read      257.3   130.2    74.4   127.8   141.5   239.4   295.8   323.7   343.4   367.1   395.1   433.3   521.6   751.4  7109.0  61232.0    61422
read      270.4   124.4    80.4   140.8   156.4   265.2   308.8   329.6   343.4   362.0   384.2   415.8   494.7  1847.7  3130.3  37014.0    36550
read      263.4    73.4    93.8   152.9   169.0   263.9   296.0   312.4   323.1   336.5   352.6   381.8   436.7   639.9   993.1  20278.0    20285
read      255.7   123.5    74.4   125.9   139.8   231.4   287.4   317.0   338.7   365.9   398.9   447.4   569.1  1250.8  3807.2  80132.0    80275
read      254.1   123.4    80.4   126.4   140.3   229.3   282.6   312.3   334.4   361.4   394.9   446.9   591.2  1266.7  3019.4  98885.0    99091
read      249.1   107.7    80.4   125.1   138.9   226.8   279.3   308.9   330.2   356.6   390.5   435.2   545.3   887.3  1280.1  90734.0    90849
read      263.5    98.2    80.4   132.3   147.0   250.9   306.8   333.4   351.9   372.7   398.0   434.2   508.4   666.7  1248.6  53672.0    53477
read      257.7   103.4    80.4   127.7   141.5   238.4   295.7   325.0   346.1   371.3   402.4   446.2   536.6   686.4  1215.0  67213.0    67190
read      264.5   114.1    80.4   131.5   146.5   250.1   304.6   331.9   351.0   373.0   399.6   437.5   518.0  1064.0  2541.3  55788.0    55837
read      265.7   116.8    74.4   135.2   150.4   257.3   306.0   329.2   344.9   365.1   390.1   425.3   506.6  1034.1  5214.3  43770.0    43938
read      253.9   111.9    80.4   126.8   140.5   233.6   290.6   319.3   340.4   364.3   394.3   436.9   527.3   728.2  1456.4  73671.0    73349
read      267.5   110.0    74.4   139.2   154.4   265.1   309.4   330.6   344.4   362.8   384.5   414.5   479.0   589.5  2527.0  38167.0    38158
read      256.1    99.9    80.4   127.8   141.6   238.2   294.6   323.0   344.1   369.2   398.2   436.6   520.9   678.8   868.5  63116.0    62627
read      261.8    74.6    93.8   152.0   167.2   264.1   295.2   310.7   320.4   334.0   348.5   372.8   428.7   558.3  2017.3  21292.0    21095
read      265.0    98.6    80.4   135.1   150.1   257.0   306.4   330.4   347.1   367.7   392.2   427.7   506.5   701.1  1673.0  43965.0    43996
read      234.4    81.2    93.8   154.5   166.6   228.3   254.4   268.0   276.9   288.3   301.8   326.0   388.2   670.6  3521.7   8891.0     8918
read      264.1    77.4    93.8   155.0   171.4   264.0   293.9   309.5   319.6   333.7   350.2   380.5   446.9   817.6  1820.8  19321.0    19346
read      276.4   133.8    80.4   130.5   145.0   257.3   314.3   345.5   369.2   394.3   424.9   470.6   617.8  1566.9  2534.4  48177.0    48373
read      297.6   222.2    80.4   126.8   141.2   248.0   315.6   359.2   393.5   434.1   488.1   585.8  1057.6  2900.4  4382.4  71836.0    72207
read      290.7   181.9    80.4   129.3   143.4   256.9   320.7   359.3   388.0   422.1   462.6   531.4   817.0  2412.4  4169.7  57948.0    57914
read      308.4   257.0    80.4   128.9   143.5   249.9   320.4   369.2   407.3   456.3   519.8   632.2  1041.2  3692.2  7620.3  78848.0    78645
read      220.4   140.5   101.3   147.6   158.4   208.0   230.3   242.8   251.6   263.1   276.7   304.0   401.1  2232.5  6298.1   6814.0     6581
read      267.7   109.4    86.8   144.7   160.0   262.6   301.3   319.9   334.1   349.6   371.0   403.3   486.9  1459.2  3326.4  25423.0    25723
read      262.9    79.9    93.8   149.3   164.0   262.6   296.5   314.1   326.3   340.5   359.5   388.0   448.0   840.5  1278.6  22068.0    21861
read      298.6   361.0    74.4   128.0   142.7   238.5   293.8   327.8   354.0   388.4   441.4   572.3  1320.6  6019.8 10400.3 102044.0   102729
read      253.0    66.3   101.3   155.9   172.7   253.3   278.8   293.2   303.6   315.3   331.0   354.9   415.8   646.9  1555.7  15339.0    15233
read      251.2    60.0    80.4   156.2   172.0   252.3   278.0   291.3   300.4   312.1   326.0   350.1   400.1   498.7   678.0  15033.0    14904
read      275.5   119.4    80.4   134.8   150.0   263.4   316.1   345.2   366.5   389.4   416.6   456.9   545.6  1017.2  3129.4  44293.0    44168
read      275.2   109.3    80.4   132.5   147.8   261.0   317.1   348.3   372.3   398.4   427.0   466.6   549.7   782.0  1221.5  49591.0    49750
read      296.4   277.7    74.4   129.1   143.7   240.6   297.6   331.8   358.7   393.3   444.2   567.4  1399.8  3453.2  7389.4 100524.0   100878
read      249.2   109.4    80.4   124.5   138.6   225.8   279.5   309.0   330.0   355.4   388.1   435.9   564.4  1005.0  1823.0  93508.0    93330
read      250.9   112.8    80.4   124.8   138.7   229.8   285.5   314.3   335.5   360.5   391.4   435.8   533.8   741.7  2907.5  75376.0    75527
read      227.4    69.4   109.4   155.6   167.1   221.0   244.4   257.1   266.0   274.9   289.7   311.3   375.3   728.5  3316.6   6736.0     6637
read      268.1    80.4    86.8   151.9   168.6   271.8   302.3   317.5   329.1   342.2   360.3   387.2   447.5   613.3  2643.6  22423.0    22677
read      254.6   101.1    80.4   127.0   141.1   234.8   291.4   321.0   342.5   367.1   397.1   437.3   530.3   683.1  1085.6  69088.0    69399
read      235.9    97.5   101.3   156.4   169.4   231.6   255.9   269.3   278.4   289.9   303.7   323.3   382.2   630.5  7008.2   9459.0     9465
read      249.5   106.2    74.4   124.1   138.1   226.9   281.4   310.8   332.6   358.8   390.6   434.2   564.0   886.6  1473.1  80835.0    81491
read      254.2   100.2    74.4   127.5   141.2   234.5   291.0   320.8   341.7   366.3   394.7   434.2   532.6   696.4   878.2  68660.0    68604
read      255.3   117.5    80.4   127.5   140.9   229.9   285.3   315.2   337.8   364.9   398.4   449.7   601.4  1177.1  2001.2  87074.0    86719
read      270.4   141.7    80.4   135.1   149.6   257.5   310.2   335.9   353.8   373.6   399.8   437.8   536.2  2072.5  4422.1  48590.0    48219
read      253.6   143.6    74.4   125.2   139.4   225.9   277.8   306.9   328.5   355.3   390.0   444.7   633.0  2028.4  3246.4 104505.0   105020
read      253.9   113.3    74.4   126.2   139.8   230.5   286.2   316.0   338.3   364.3   397.0   446.8   573.6   833.5  2053.2  78993.0    79027
read      270.2    96.9    86.8   145.0   160.7   268.0   309.8   329.1   342.4   359.3   379.7   410.9   488.3  1167.7  2154.1  33652.0    33669
read      233.5    61.1   101.3   155.1   167.7   228.8   253.5   266.8   275.2   287.0   300.0   321.2   380.3   653.9  1968.3   9081.0     9087
read      274.1   107.4    86.8   144.0   159.3   268.8   309.7   330.5   345.0   364.8   388.5   423.1   527.9  1409.2  2208.3  28549.0    28486
read      283.6   134.0    86.8   140.0   155.8   270.3   320.7   348.6   368.9   391.5   419.3   461.3   587.4  2080.0  2872.7  37087.0    36839
read      274.0   144.2    80.4   130.9   145.3   256.6   311.8   341.4   364.8   389.7   418.0   459.9   550.0  1988.1  4478.1  46226.0    46303
read      272.8   129.0    86.8   142.2   157.5   265.5   306.7   327.1   341.7   360.1   382.8   416.4   518.6  2210.4  2781.8  29515.0    29630
read      278.6   169.3    80.4   125.2   139.3   250.1   311.3   345.4   371.8   401.6   436.8   492.6   745.7  2158.1  2968.7  58664.0    58735
read      256.3    97.2    93.8   152.7   168.3   251.3   281.3   297.0   309.4   322.3   342.1   373.5   452.0   946.2  3833.1  15814.0    15717
read      279.1   160.9    80.4   127.2   141.4   252.5   314.7   349.5   376.3   404.4   439.1   496.5   669.5  2130.1  3364.5  54403.0    54660
read      309.1   338.6    74.4   129.1   144.1   245.1   302.4   336.3   362.5   395.3   442.4   560.5  1874.6  3846.3  7865.0 100952.0   100453
read      252.3   104.1    80.4   126.6   140.0   229.9   284.5   314.2   336.5   363.6   396.4   443.4   549.5   786.3  1170.9  83930.0    84114
read      270.9   100.9    80.4   137.0   152.3   262.6   314.0   339.4   357.8   378.4   401.7   436.7   512.1   675.6  2575.3  47693.0    47655
read      255.2   102.5    80.4   127.6   141.3   234.4   291.2   321.0   342.0   367.4   397.6   441.6   536.9   715.6  1155.6  71049.0    71572
read      249.9   108.5    74.4   126.0   139.6   227.1   280.3   309.6   331.1   356.9   389.1   436.1   556.8   893.2  1581.3  97551.0    97243
read      248.6   111.1    74.4   125.5   139.3   225.3   277.9   306.4   327.3   352.7   385.6   433.0   567.4  1000.7  2857.8 109550.0   109600
read      248.7   106.4    74.4   125.3   139.3   225.9   279.2   308.1   328.9   354.3   387.8   434.6   547.1   874.2  1847.2  97746.0    97814
read      268.5   101.3    80.4   136.0   151.0   260.0   309.6   334.4   352.0   372.2   398.7   437.2   520.5   686.8  2171.4  46960.0    46973
read      264.6   101.2    80.4   131.7   146.9   254.0   306.3   332.0   350.4   372.1   398.7   436.6   515.6   639.5  1908.4  52563.0    52430
read      236.8    57.4   101.3   159.1   172.4   232.0   255.5   268.4   276.9   289.0   303.7   329.0   397.9   636.2  1070.9   7233.0     7146
read      257.0   112.5    74.4   128.0   141.7   238.6   294.3   322.1   342.3   367.1   397.3   439.6   533.2   702.0  3336.6  63845.0    64613
read      229.4   104.0    93.8   152.3   164.6   219.7   244.4   257.2   267.5   278.8   293.3   317.0   389.1  1946.9  3541.2   8192.0     8185
read      250.1   114.0    80.4   124.2   138.2   225.7   279.0   308.9   330.7   357.7   391.5   439.4   586.1  1076.5  2197.2  90796.0    91736
read      265.5   110.2    80.4   133.1   147.5   253.4   308.0   333.9   351.6   372.1   397.9   435.7   530.3   740.4  2564.7  50357.0    50530
read      255.4   137.4    74.4   124.9   139.0   227.0   280.4   310.2   332.0   359.0   394.5   452.7   682.2  1561.3  2867.3  99613.0    99806
read      262.4    76.9    86.8   150.0   165.6   263.7   295.7   311.5   321.6   335.7   352.4   382.1   454.8   651.1  1149.6  23254.0    23088
read      266.6    90.3    80.4   139.8   154.8   262.7   309.0   330.6   344.9   363.8   386.2   418.6   485.5   644.5  1122.6  39904.0    39498
read      219.2    83.6   109.4   149.4   159.9   210.3   233.8   246.6   254.7   266.7   281.6   307.6   371.6   984.7  3053.7   7453.0     7321
read      294.3   237.5    80.4   127.0   141.2   251.3   320.3   363.6   394.7   431.7   477.1   545.4   808.5  2990.6  7786.0  69286.0    70463
read      281.0   182.4    74.4   127.3   141.4   253.1   313.4   349.3   375.0   402.3   437.1   493.0   690.4  2383.8  4057.4  55659.0    55826
read      277.5   189.3    74.4   122.1   135.9   241.0   305.8   343.9   373.3   408.8   450.5   513.2   741.7  2644.1  4546.5  68795.0    68597
read      301.8   267.0    74.4   124.9   139.2   241.5   309.1   355.1   390.8   434.8   493.5   607.4  1198.5  3403.6  6401.4  83741.0    83723
read      336.6   438.0    74.4   130.9   146.7   252.9   313.2   350.6   382.3   424.6   498.7   740.1  1811.1  7794.8 10093.2  94135.0    93939
read      238.1    69.0    93.8   154.0   168.1   234.7   260.2   272.6   282.5   293.5   309.2   333.3   393.1   613.7   867.2  10983.0    10956
read      269.7   130.1    86.8   138.7   153.6   262.5   310.7   333.4   348.7   367.1   389.6   422.6   496.3  1824.5  2969.0  42839.0    43150
read      257.1    99.5    80.4   129.1   143.3   241.7   297.0   324.1   343.8   366.5   393.1   431.4   512.3   690.7  1157.1  60702.0    61224
read      253.3   101.1    74.4   127.0   140.6   233.4   290.7   319.6   340.7   365.1   394.4   434.1   525.1   684.9   935.4  72291.0    72370
read      253.3   104.9    80.4   126.0   139.7   231.3   287.6   317.6   339.2   365.8   397.1   442.3   547.6   811.2  1090.4  74915.0    75062
read      257.3   113.2    74.4   128.1   142.0   238.8   295.2   324.4   344.3   368.0   396.8   438.1   527.7   753.9  3532.0  65573.0    66006
read      254.1   124.6    74.4   127.7   141.6   229.1   281.4   310.4   331.9   358.2   392.8   445.9   607.2  1258.9  2786.5 103751.0   103596
read      248.3   122.9    80.4   125.3   139.1   225.3   278.3   307.9   329.1   353.9   386.5   432.4   536.1   938.4  3996.0  92532.0    92033
read      240.6    68.0    93.8   156.8   169.8   237.1   261.8   274.4   284.6   295.1   310.3   333.8   396.9   656.1  2027.2  10636.0    10484
read      250.4   112.3    80.4   126.3   139.9   226.7   279.3   308.6   329.9   356.4   389.7   438.6   575.9   935.6  2329.0 101237.0   101797
read      252.7   113.1    74.4   126.2   140.1   229.3   283.1   312.0   333.5   358.9   391.0   440.1   578.9  1073.5  1821.0  93255.0    93004
read      263.7   103.7    80.4   131.7   146.7   250.0   305.3   333.0   352.7   374.7   401.1   437.4   521.0   662.7  1037.9  55348.0    55072
read      254.6   115.8    74.4   128.0   141.9   230.7   284.2   314.1   336.3   362.8   395.6   446.3   569.5  1258.4  1890.9  97706.0    97279
read      253.5   108.3    74.4   126.0   140.3   230.9   286.7   316.6   339.4   366.2   397.2   442.1   547.9   794.2  1345.7  81825.0    82336
read      248.0   103.3    74.4   124.7   138.6   225.4   279.5   308.8   329.6   355.4   388.7   435.2   542.9   808.3  1255.8  94582.0    94577
read      265.3    86.3    93.8   150.6   166.4   266.4   299.5   315.5   327.0   340.6   359.3   388.4   450.8   625.7  3367.7  24760.0    25009
read      268.0   168.4    80.4   127.8   141.8   233.1   287.6   318.7   343.0   373.0   411.2   477.2   855.5  2183.8  3617.8  99062.0    98952
read      261.5   129.3    74.4   128.5   142.3   240.6   296.1   325.1   345.7   371.7   401.0   445.4   559.1  1628.9  3460.7  62326.0    62113
read      261.0   148.6    74.4   127.1   141.0   231.7   286.9   317.0   339.7   366.6   401.4   457.0   706.1  1808.1  2816.1  89832.0    90099
read      261.4   105.2    80.4   131.8   146.0   248.0   302.4   329.1   347.1   368.7   394.8   431.8   511.1   670.6  2522.0  54604.0    54206
read      267.3    87.4    80.4   141.4   156.8   266.2   308.8   328.8   342.8   360.0   380.7   413.0   471.8   573.4  1628.6  36386.0    36396
read      259.9   103.7    80.4   129.6   143.7   243.1   299.5   328.3   348.2   371.1   399.1   439.6   524.8   737.1  1257.1  61113.0    61074
read      256.6   107.9    74.4   126.5   140.2   235.0   292.5   322.1   343.5   369.2   400.3   448.9   567.3   799.1  1440.2  70267.0    70494
read      268.0    96.1    80.4   138.0   152.5   262.2   310.8   334.4   351.0   369.2   392.3   426.1   506.3   671.0  1449.4  44301.0    44168
read      259.8   100.4    80.4   129.8   144.0   244.7   299.7   327.8   347.3   369.9   397.4   436.6   523.3   699.2  1422.4  57191.0    57463
read      264.6   160.9    80.4   130.8   145.4   244.4   300.9   329.0   348.8   372.2   400.6   440.8   540.0  1451.3  8019.1  59957.0    60314
read      263.3   156.1    80.4   128.2   142.5   232.9   287.2   318.0   341.1   369.2   405.2   466.7   698.3  2051.5  3594.6 105375.0   105044
read      255.9   105.0    74.4   128.1   141.8   238.9   295.2   323.0   342.8   366.9   394.8   433.1   509.1   637.1  2915.3  63978.0    63992
read      256.7   101.6    80.4   127.6   141.6   238.8   295.5   324.3   343.8   369.0   396.6   436.1   526.5   690.3  1145.2  64909.0    64734
read      267.0   100.4    80.4   138.9   154.5   261.2   306.8   328.7   344.1   364.3   388.0   422.4   497.5   652.1  3506.2  38343.0    38524
read      267.5   102.6    86.8   147.8   163.9   263.8   299.8   317.5   331.2   346.0   368.2   403.1   482.5  1096.0  2863.8  23274.0    23279
read      249.6   112.2    74.4   125.6   139.4   226.5   279.6   309.5   331.1   357.3   390.5   436.1   545.1   903.2  2094.0  95433.0    96010
read      258.2   143.3    80.4   128.3   141.9   235.6   293.2   321.2   341.8   365.9   395.2   436.0   536.8  1786.3  4776.5  68558.0    68478
read      253.9   102.9    74.4   126.8   140.7   233.8   290.4   319.5   341.2   366.4   396.1   436.4   530.6   737.4  1185.7  71542.0    71493
read      267.7   106.3    86.8   140.4   155.4   264.6   309.6   331.3   346.1   363.5   383.8   412.3   471.8   672.8  4023.1  39648.0    39521
read      251.6   115.5    80.4   124.9   138.9   230.2   285.6   314.6   336.1   361.8   393.3   435.2   536.2   826.3  3375.9  73323.0    73637
read      264.1    92.3    80.4   135.9   150.4   258.2   308.0   331.6   347.0   365.8   389.2   423.2   491.4   583.6   674.1  46427.0    46296
read      267.3    93.2    93.8   149.2   164.8   268.0   302.9   319.5   331.7   344.3   363.8   394.8   467.6   647.4  3810.6  25961.0    25879
read      248.8    76.9    93.8   157.8   172.2   244.4   270.1   283.9   293.3   305.8   320.9   349.4   430.3  1023.7  2171.0  11766.0    11714
read      334.6   295.1    80.4   132.7   148.6   253.7   325.0   379.0   428.7   497.8   601.6   787.5  1410.8  3276.5  7716.8  89033.0    89519
read      291.6   219.0    74.4   124.8   138.9   243.9   311.6   354.2   387.3   424.6   471.3   553.7  1028.5  2795.9  3749.9  71525.0    71339
read      277.0   160.0    74.4   124.3   138.9   247.1   310.1   346.3   376.9   410.2   449.3   505.1   724.7  1601.3  3310.3  63956.0    63633
read      261.6    92.1    93.8   151.4   166.8   257.9   290.9   307.9   319.0   333.9   351.8   382.2   459.1  1279.9  2052.5  19038.0    18929
read      281.8   213.8    80.4   123.0   136.8   241.6   306.6   345.9   377.2   410.1   451.2   513.3   824.5  2947.8  5489.7  69677.0    69661
read      225.6    72.7   109.4   151.0   162.3   216.9   242.6   256.1   265.7   275.3   290.9   314.2   397.6   914.7  3025.1   8647.0     8686
read      266.2   119.0    86.8   149.1   164.9   260.9   293.9   310.9   322.2   337.7   356.7   386.8   480.7  1923.1  2718.4  20522.0    20828
read      278.7   159.6    74.4   123.5   137.6   243.9   309.4   348.7   378.6   414.0   456.5   522.2   801.1  1535.7  2224.0  68625.0    68811
read      316.9   341.0    80.4   132.5   148.2   246.5   301.3   334.5   361.1   396.4   453.4   659.0  1840.6  3796.1  8453.3 108668.0   108532
read      250.7   103.6    74.4   127.2   140.8   227.9   280.9   310.1   331.6   358.1   392.3   440.5   553.3   803.3  1146.5  96790.0    96969
read      266.3    72.3    93.8   154.1   170.3   269.3   299.9   315.1   325.9   339.1   356.1   382.8   436.3   605.5   974.8  21702.0    21773
read      252.0   109.2    80.4   125.8   139.5   228.7   282.1   311.6   333.4   360.2   394.2   445.2   586.5  1013.7  1433.1  90420.0    90731
read      257.8   105.8    80.4   128.8   143.1   240.4   296.2   324.3   344.7   369.3   397.7   439.2   524.4   687.3  1453.3  63954.0    63998
read      257.9   102.0    74.4   129.1   142.9   240.3   297.1   325.8   345.1   369.3   398.1   438.0   525.6   682.2  1169.3  64343.0    64446
read      272.6    91.6    80.4   145.7   162.2   273.5   313.0   332.4   344.9   362.0   382.3   411.4   471.7   588.5  2724.3  32277.0    32180
read      255.9   124.1    80.4   126.3   140.1   232.6   289.3   318.7   340.7   366.3   397.3   444.6   553.4  1048.5  3019.4  75550.0    75461
read      260.8   100.2    80.4   131.6   146.3   249.9   302.7   328.1   345.6   367.7   392.7   428.9   501.9   625.4  1672.1  51468.0    51464
read      266.0    96.4    80.4   134.8   150.0   258.0   310.3   335.1   352.0   371.5   395.9   429.7   497.7   613.3  1298.1  47161.0    47445
read      253.9   121.9    93.8   158.9   174.0   249.9   276.9   291.5   301.3   312.4   326.0   350.1   402.6   907.9  5081.4  12508.0    12315
read      263.9   141.9    80.4   129.2   143.5   234.3   288.5   318.7   341.8   370.0   405.4   462.9   726.8  1827.9  2645.7  98871.0    98965
read      261.3   134.5    80.4   129.0   143.2   236.1   293.4   324.0   346.6   373.0   404.0   453.1   584.1  1683.9  2989.2  71785.0    71412
read      262.8    94.0    86.8   134.4   149.2   255.0   305.6   329.2   345.0   365.6   390.0   423.6   498.6   687.6  1110.6  44219.0    44818
read      258.1   101.9    80.4   128.5   142.7   239.2   296.8   326.3   346.9   371.1   400.3   440.9   531.3   713.0  1049.8  64831.0    65032
read      234.0    57.8    93.8   154.2   167.0   230.1   254.2   267.7   276.5   288.8   303.5   327.5   387.1   600.9   748.4  10201.0    10162
read      266.1    96.0    80.4   135.5   150.7   257.5   310.9   335.9   352.7   370.7   394.3   428.3   500.6   647.6  1426.9  46328.0    46718
read      259.0   131.5    80.4   127.3   141.1   232.4   289.3   319.6   342.9   370.4   403.7   454.3   627.7  1288.6  3223.5  81808.0    81555
read      257.1   130.0    80.4   127.7   141.6   231.0   284.9   315.0   337.4   364.7   398.7   452.9   632.7  1269.0  2758.3  93745.0    93247
read      265.6    91.8    80.4   137.4   152.3   260.2   309.4   332.8   348.3   367.0   390.0   422.2   487.2   620.3   766.1  44258.0    44331
read      254.5   108.0    74.4   126.2   139.7   234.2   292.0   320.7   341.5   366.7   397.1   436.1   527.6   826.2  2782.1  68513.0    68373
read      250.1   102.8    74.4   127.0   140.9   228.0   280.3   309.2   330.2   355.9   389.6   438.3   562.2   793.9  1144.9  99894.0    99824
read      246.8    61.1   109.4   157.3   172.3   245.6   271.6   285.5   294.8   306.0   318.1   340.8   397.9   600.5  1354.1  13127.0    13056
read      258.3   111.0    74.4   128.8   142.9   239.9   296.8   325.3   345.0   368.4   397.2   436.1   531.5   770.7  3295.3  65360.0    65920
read      268.8    87.6    86.8   148.2   163.6   269.7   306.3   323.5   336.7   351.4   371.5   399.2   461.9   596.5  1356.4  28715.0    28566
read      266.5    76.4    80.4   151.5   167.3   269.5   302.7   318.4   330.0   342.2   360.5   388.2   435.4   532.8   686.6  25347.0    25078
read      250.9   118.0    80.4   125.3   139.3   227.1   282.3   312.5   334.2   360.2   391.8   436.5   545.1   884.9  2960.0  88868.0    88903
read      256.1   113.3    74.4   129.0   142.9   231.4   285.3   315.6   338.0   365.2   398.1   451.7   592.7  1147.2  1670.3 108087.0   108661
read      257.3   139.5    80.4   128.3   142.7   238.4   294.5   322.7   342.9   366.9   394.6   432.9   514.0   712.5  7153.4  64862.0    64992
read      254.5   105.0    74.4   127.1   141.0   233.8   289.1   318.4   340.8   366.2   397.3   442.4   542.4   812.5  1448.9  77385.0    77433
read      257.4   106.7    93.8   154.8   171.1   257.8   284.1   297.5   308.4   319.2   336.4   364.1   428.3   635.4  2648.2  15985.0    15971
read      260.7   111.1    93.8   156.2   171.8   259.8   287.9   301.9   311.7   321.8   338.6   365.9   432.4   844.2  4172.3  16908.0    16899
read      253.5   113.5    74.4   126.1   139.9   229.6   284.0   314.4   337.9   365.9   398.8   448.1   577.9   917.4  1263.3  84905.0    84638
read      273.3    92.4    80.4   144.2   160.3   272.0   313.8   334.9   349.3   366.8   388.6   421.8   500.2   725.3  1333.5  35410.0    35480
read      253.5   123.8    74.4   126.1   140.1   227.6   281.3   311.0   333.1   360.4   395.0   447.7   586.8  1475.4  2627.5  96913.0    97273
read      253.0   109.9    74.4   125.8   139.6   228.7   284.6   315.6   338.0   364.8   396.7   443.7   582.8   958.9  1328.1  79650.0    79139
read      267.5    79.1    93.8   151.2   167.5   268.9   303.0   319.2   331.6   344.5   363.6   393.0   455.1   663.6  1778.4  25391.0    25297
read      265.7   148.1    80.4   128.8   143.2   236.0   290.5   320.6   343.7   371.4   408.7   467.0   722.7  1902.7  2392.6 101998.0   102339
read      263.9   158.8    74.4   127.8   141.7   236.2   294.1   325.3   347.9   375.5   407.7   458.6   642.6  1964.4  4530.3  72440.0    72458
read      258.1   126.2    74.4   129.1   142.8   231.8   286.2   316.4   339.1   366.7   400.0   452.2   623.6  1269.5  2633.2  90291.0    90171
read      265.9   163.8    80.4   128.8   143.1   232.9   286.6   316.5   339.6   368.0   404.0   467.7   806.7  1981.9  3160.1 109027.0   108648
read      265.7    96.7    74.4   134.7   150.0   255.7   308.8   334.6   352.3   372.0   397.3   432.9   502.4   633.2  1182.1  50719.0    50499
read      250.6   113.5    74.4   127.1   140.8   227.2   279.5   309.1   330.6   356.5   389.5   437.2   552.3   973.9  2251.7 102300.0   103049
read      269.7    94.8    80.4   140.8   156.4   266.6   312.2   334.6   349.9   368.2   390.5   423.1   487.0   591.6  1988.7  39576.0    39793
read      270.5   106.6    86.8   156.5   173.6   272.0   302.2   317.2   328.5   341.4   359.2   386.4   440.7   662.2  3099.5  21086.0    21064
read      278.6   103.0    80.4   139.3   154.8   271.2   322.0   349.5   368.9   390.7   417.1   456.9   532.5   693.0   925.5  40288.0    40595
read      280.7   134.1    74.4   128.6   143.3   251.9   317.0   354.6   382.7   416.1   457.8   523.0   683.3  1134.9  1679.6  66377.0    66094
read      266.6    82.5    80.4   154.6   170.2   267.5   298.4   314.3   325.6   339.8   358.4   386.4   442.5   659.4  3250.5  19292.0    19325
read      257.5    87.2   109.4   157.8   173.5   255.3   283.3   297.0   307.9   318.8   336.2   363.2   432.0   933.5  2177.3  14142.0    13925
read      284.4   139.4    80.4   128.8   143.3   250.9   318.0   360.6   391.8   429.9   475.2   541.4   714.6  1068.8  1743.0  71986.0    72470
read      288.9   172.2    80.4   128.2   142.4   247.0   314.0   357.5   391.6   430.8   482.1   563.1   824.0  1925.8  3184.7  73713.0    73495
read      375.5   469.4    74.4   134.1   150.3   263.1   338.5   395.2   442.7   507.5   615.9   885.7  2511.7  5701.6  8061.9  86847.0    86683
read      299.6   200.2    80.4   129.8   144.5   255.2   325.1   369.8   403.2   442.7   495.4   580.9   889.3  2589.6  4855.5  68801.0    68819
read      274.1   126.7    93.8   144.7   160.9   267.6   306.9   327.2   341.8   359.9   382.0   414.6   509.9  2281.3  2735.4  27364.0    27253
read      313.4   379.7    80.4   128.9   144.1   245.0   303.1   335.8   362.0   395.5   445.6   576.0  2049.6  4721.1  8052.6 104467.0   105279
read      267.4    76.1    86.8   152.5   168.6   269.3   302.1   318.5   330.7   343.5   362.9   392.6   451.2   548.3  1421.7  23594.0    23628
read      258.8   125.1    74.4   128.6   142.6   232.6   287.4   317.7   341.0   369.8   403.4   458.2   623.5  1224.0  2186.1  85890.0    86180
read      271.3   120.7    86.8   148.3   164.2   269.8   305.9   322.1   335.4   349.8   371.2   400.7   467.6  1880.7  3169.8  28227.0    28305
read      269.0   107.6    80.4   140.0   155.1   263.4   310.7   333.0   347.7   366.5   390.3   425.6   494.5   663.1  4137.6  39866.0    39975
read      281.6   128.9    80.4   136.5   152.5   267.8   318.6   346.8   369.1   393.6   422.6   466.2   590.2  1571.6  2636.5  39669.0    39392
read      230.1    58.3    93.8   152.2   163.8   224.7   250.4   263.9   273.0   284.5   296.8   319.5   375.8   714.9  1147.9   9226.0     9232
read      285.9   154.9    74.4   132.1   147.5   262.9   322.5   356.7   380.8   407.9   444.9   494.6   679.7  1976.5  3129.6  49998.0    50310
read      297.3   233.0    74.4   126.0   140.4   246.5   316.1   360.7   396.1   438.4   491.7   585.5   941.6  3081.1  7028.7  78185.0    78444
read      432.3   486.7    80.4   142.4   160.7   281.3   357.6   425.0   510.8   668.0   896.0  1310.9  2365.5  5433.7  7988.0  92723.0    92684
read      274.0    99.0    86.8   145.1   161.3   270.9   312.8   333.3   346.9   364.4   386.0   420.3   504.0   915.0  2068.2  34221.0    33919
read      238.6    55.3   101.3   157.3   171.4   235.0   260.5   273.1   283.1   294.1   309.0   331.2   388.7   620.7   686.3   9701.0     9652
read      248.9   110.5    68.9   123.8   138.0   226.8   281.0   310.8   332.4   359.0   392.1   435.2   537.2   793.0  1724.9  83305.0    84235
read      247.5   102.3    80.4   124.9   138.3   225.7   278.4   308.3   330.0   356.3   388.9   433.0   533.5   773.0  1214.3  89140.0    89236
read      269.1    96.0    74.4   142.2   158.7   268.4   309.3   328.8   342.1   359.1   379.9   412.4   475.9   629.0  3109.2  35414.0    35182
read      272.6   101.5    80.4   148.3   164.4   274.0   310.7   328.4   340.6   356.1   375.6   404.5   469.3   774.6  2565.3  30142.0    29868
read      256.3   103.8    80.4   128.3   141.9   237.3   293.6   321.7   342.8   366.7   397.6   438.2   524.0   740.7  1814.9  65083.0    65163
read      249.0    78.8   101.3   161.1   175.0   246.7   272.4   286.2   295.1   306.5   318.8   341.1   397.8   691.5  2942.6  12262.0    12137
read      261.5   102.4    80.4   131.2   145.8   244.6   300.9   329.3   350.0   374.0   402.3   441.5   526.8   682.8  1452.8  61985.0    61980
read      253.6    99.4    74.4   126.4   140.3   235.3   291.3   319.2   340.9   365.4   394.0   434.7   519.3   661.8   836.4  68713.0    68692
read      254.7   126.8    80.4   127.2   141.2   228.6   280.4   310.4   332.4   359.2   394.4   450.1   625.8  1414.7  2541.2 108129.0   107979
read      268.0    92.4    74.4   138.2   153.3   261.8   312.0   335.6   351.8   371.4   394.4   426.1   490.1   589.5   820.8  44454.0    44697
read      267.3    92.6    93.8   155.7   171.1   268.7   299.1   313.9   324.0   337.5   353.9   380.3   441.0   676.0  3614.9  21110.0    21036
read      254.0   136.6    74.4   123.8   137.8   225.9   281.4   311.2   333.0   360.1   394.0   444.4   648.0  1758.7  3323.4  89416.0    89648
read      271.9   106.6    86.8   142.9   158.0   267.2   312.6   335.1   350.4   368.1   390.3   422.3   495.6   824.3  3276.6  38283.0    38068
read      268.7    77.5    93.8   153.6   169.7   270.9   303.4   319.1   331.1   343.7   363.2   391.8   450.0   613.8  1011.8  23754.0    23853
read      257.2   118.7    80.4   128.6   143.0   232.2   286.0   315.4   337.7   365.5   399.6   451.6   619.4  1080.4  3013.9  93817.0    94618
read      255.1   111.9    74.4   125.8   139.6   232.3   288.6   318.8   341.2   367.8   399.1   447.7   581.0   857.4  1299.0  79436.0    79614
read      269.3    78.5    93.8   151.7   167.5   271.5   305.5   321.6   334.1   346.7   365.8   393.6   451.8   564.6  1587.5  24719.0    24378
read      250.3   107.7    74.4   124.8   138.7   226.9   282.1   312.4   334.0   359.8   391.4   436.9   560.1   978.3  1541.1  84311.0    84735
read      261.1   141.2    80.4   129.3   143.4   233.3   288.2   318.5   341.5   370.0   402.6   457.5   663.5  1461.2  2975.6  90856.0    90499
read      268.0    96.5    80.4   138.0   152.7   260.9   312.2   336.2   352.9   372.3   396.1   427.8   495.5   620.6  1356.0  45896.0    46515
read      259.7    78.0    86.8   154.2   170.2   259.4   288.5   303.6   314.1   326.8   343.8   371.4   435.5   728.9  2387.9  18723.0    18830
read      257.2   124.4    74.4   126.2   140.2   231.8   287.0   316.7   339.7   367.6   401.1   454.0   619.9  1152.8  2537.3  82996.0    83245
read      269.3   107.3    80.4   140.4   155.7   266.6   310.6   331.5   345.4   364.9   387.3   418.4   484.2   604.1  3824.9  38181.0    38103
read      253.1   108.2    80.4   126.5   140.4   232.0   287.4   316.8   338.3   364.1   395.5   439.3   541.0   773.7  1119.3  77862.0    78351
read      250.8    66.4   101.3   160.7   175.9   248.8   274.7   288.4   297.0   309.3   322.6   348.4   401.6   633.2  2453.5  11814.0    11883
read      251.8   112.8    80.4   125.8   139.8   229.7   285.2   314.3   335.9   362.1   394.0   436.1   543.7   877.0  1417.8  81457.0    82546
read      264.4   122.7    80.4   133.9   148.7   250.9   305.5   332.0   349.8   370.4   396.1   432.7   513.4   725.9  6135.5  53606.0    53356
read      266.3   116.1    80.4   153.5   169.8   266.5   297.0   312.2   322.0   336.3   353.1   379.4   437.3   684.3  4906.6  21710.0    21606
read      256.1    67.3   101.3   156.2   171.6   257.6   283.9   296.8   307.4   318.3   334.8   360.4   418.9   649.1  1517.5  16590.0    16566
read      282.1   119.8    80.4   133.5   149.2   262.9   323.1   357.1   381.6   409.6   442.2   491.4   613.3  1028.8  1443.5  53204.0    53192
read      275.0   199.6    74.4   131.3   145.9   238.6   291.4   322.2   345.5   374.4   416.0   494.6   908.0  2239.5  6991.4 109281.0   108883
read      226.9    53.9    93.8   155.3   167.1   220.9   244.6   256.6   265.7   274.9   290.5   313.8   371.8   665.9   893.0   7220.0     7366
read      260.3   175.2    74.4   126.8   140.7   229.4   284.2   314.9   337.4   364.9   398.7   453.1   684.9  2549.3  5490.7  93562.0    94850
read      255.7   127.0    74.4   126.8   140.6   228.9   282.9   313.0   335.3   362.7   397.1   451.3   652.9  1369.0  2103.7  93045.0    93630
read      253.0   111.0    74.4   125.3   139.0   230.3   287.2   317.2   338.7   364.4   396.8   439.9   561.8   833.7  2683.6  74261.0    74411
read      267.2    98.8    80.4   136.2   151.5   259.8   309.3   333.9   350.9   370.6   395.5   430.0   506.0   714.7  1341.7  44335.0    44291
read      261.7    73.4    93.8   155.9   172.1   262.9   292.2   307.1   316.8   329.4   344.5   371.1   428.2   524.0  1912.5  18242.0    18140
read      302.6   267.5    86.8   135.0   151.0   267.3   326.5   359.8   382.8   408.7   445.5   511.8  1121.2  3510.2  8840.3  46442.0    46406
read      281.1   139.5    80.4   128.2   142.3   244.9   311.2   352.4   385.4   424.1   471.9   547.4   731.5  1009.2  1415.7  76043.0    76568
read      279.0   137.8    74.4   128.1   142.5   247.6   313.6   352.9   383.6   417.9   462.5   529.4   675.8   965.5  2617.1  67500.0    67484
read      277.4   145.1    74.4   128.3   142.1   244.5   309.7   348.2   379.2   415.9   460.4   529.3   684.6   973.5  3231.3  70036.0    70037
read      277.0   108.3    93.8   148.5   164.0   275.5   315.2   335.5   349.5   367.7   389.2   419.4   491.0   966.1  3930.4  28098.0    28245
read      281.9   231.8    74.4   128.8   143.0   236.3   292.3   324.6   350.4   383.1   426.9   524.6  1064.1  3350.2  7222.7  95616.0    95855
read      251.6   109.0    74.4   126.4   140.4   228.8   282.7   312.5   333.9   359.4   392.5   437.4   555.6   853.0  1781.5  94870.0    94882
read      256.3    67.1    86.8   158.1   174.3   257.3   284.2   297.1   307.0   317.0   332.7   357.9   414.5   614.9  1480.5  16006.0    15781
read      251.7   113.2    74.4   125.1   138.9   229.6   286.1   315.6   337.2   362.8   394.1   440.1   540.3   804.2  1709.4  77101.0    77465
read      259.5    66.9    93.8   156.1   172.7   261.6   288.7   302.4   312.1   322.3   339.5   366.2   427.3   604.6   957.8  18103.0    18000
read      252.1   105.5    80.4   125.8   139.8   229.2   282.6   312.1   334.5   362.3   395.8   448.0   572.4   796.4  1018.9 100039.0    99573
read      251.7   115.8    74.4   126.9   140.7   227.5   279.6   308.9   330.5   356.7   390.5   439.4   584.7  1149.0  2812.5  99453.0    99265
read      252.9   101.1    74.4   126.8   140.6   232.5   288.3   317.6   339.0   364.4   395.2   436.0   533.5   705.3   937.2  75388.0    75628
read      263.8    74.8    93.8   152.6   169.1   265.7   296.2   311.7   321.5   335.1   350.4   377.0   434.5   609.2  1953.4  21057.0    21273
read      263.8   179.6    74.4   128.4   142.6   233.0   286.8   317.1   340.5   369.2   404.2   461.4   662.0  2734.8  6864.0  98824.0    99065
read      258.2   112.8    74.4   128.3   142.3   241.0   296.9   325.3   344.9   368.9   397.2   435.6   519.7   715.3  3871.7  63142.0    62986
read      255.7   102.4    74.4   127.1   141.2   235.8   292.5   321.6   342.6   368.2   398.6   443.3   535.1   718.6   917.7  71066.0    71174
read      271.8    80.7    86.8   151.2   167.8   273.7   308.7   325.9   338.8   353.6   371.8   399.8   455.3   559.5  1426.6  26360.0    26304
read      255.3    68.7   101.3   157.2   173.7   255.2   280.9   293.9   304.2   316.2   333.0   359.0   415.0   635.1  1489.4  13480.0    13354
read      279.1   102.1    86.8   140.9   156.7   274.6   320.5   344.9   363.3   383.8   407.3   444.6   521.8   776.1  1514.8  35567.0    35658
read      276.4   102.1    86.8   136.9   152.4   268.4   319.6   345.9   366.2   388.7   415.0   454.0   533.3   660.6  1018.9  39994.0    39892
read      256.1    70.8   101.3   155.4   171.2   255.2   283.4   298.2   309.7   321.1   339.1   367.0   421.3   648.7  1962.9  14705.0    14874
read      276.8   138.1    74.4   126.2   140.1   242.3   307.4   347.6   378.7   416.1   464.2   537.1   712.4  1010.0  1611.7  71739.0    71766
read      274.0   189.6    74.4   129.0   143.6   235.3   288.8   319.4   343.7   373.0   413.8   485.3  1106.0  2237.4  3297.6 107226.0   106924
read      255.3   105.2    80.4   126.7   140.7   235.3   292.0   320.3   341.7   366.9   397.2   442.2   535.1   691.3  1898.5  69165.0    69312
read      265.6    79.2    86.8   150.5   167.2   267.1   299.2   315.2   326.7   340.3   358.8   387.7   443.9   593.3  2013.2  23135.0    23069
read      270.1   103.2    74.4   144.6   160.5   270.0   308.6   327.6   340.4   356.8   377.4   405.2   471.6   607.9  4049.6  31462.0    31532
read      256.5   137.2    74.4   129.1   143.4   232.4   285.3   314.8   336.6   362.9   396.1   447.0   586.2  1005.0  4208.2 105807.0   105945
read      251.5   106.9    74.4   127.6   141.2   228.5   281.1   310.3   331.9   358.1   392.1   441.5   566.0   965.2  1484.0 100651.0   100442
read      229.0    98.7   101.3   153.1   165.0   221.4   246.2   258.7   268.1   278.6   293.1   315.0   383.5   805.0  4500.6   7065.0     7075
read      263.1    71.7    93.8   152.5   169.1   264.9   294.8   310.4   320.4   335.2   352.6   379.9   434.4   600.0   795.4  21199.0    21318
read      254.9   111.8    80.4   128.5   142.4   231.3   284.9   314.1   335.9   362.2   395.8   448.1   586.7   977.0  1820.1 103548.0   104020
read      249.9   115.5    74.4   124.9   138.9   228.7   283.4   312.6   334.2   359.8   390.7   434.3   529.5   733.1  2279.2  78403.0    78635
read      263.9    97.0    74.4   134.9   150.2   256.1   307.0   330.9   346.8   366.4   389.4   423.1   497.8   645.7  1910.6  46736.0    46764
read      242.5   155.2   101.3   156.5   170.4   236.8   262.3   274.9   285.2   295.7   311.7   335.5   390.2   669.1 10266.1   9840.0     9723
read      251.3    64.4   101.3   159.4   174.7   251.6   277.5   290.4   299.1   310.9   324.1   345.9   397.5   606.8  1464.5  12941.0    13017
read      281.4   121.1    80.4   138.7   154.5   270.4   322.9   351.0   371.1   393.6   421.2   461.6   548.6  1058.1  2951.7  41114.0    40662
read      278.5   103.6    86.8   142.7   158.6   275.1   320.7   343.5   360.7   379.9   402.9   437.2   507.5   709.5  2968.4  34390.0    34465
read      278.6   125.9    80.4   136.0   151.3   264.8   321.3   351.9   374.1   397.7   427.1   467.9   551.9   708.7  2091.6  46558.0    46730
read      276.9   151.1    80.4   126.2   140.6   242.1   306.8   345.7   377.4   414.3   461.3   533.3   707.4   967.9  3586.0  72937.0    73264
read      282.8   150.0    74.4   126.7   140.7   241.6   308.7   351.5   385.9   428.2   482.1   568.5   791.7  1150.0  1593.4  79600.0    79688
read      315.8   321.5    80.4   136.1   152.1   256.4   314.7   349.1   376.6   410.4   461.1   574.7  1626.7  3710.8  7773.5 109170.0   108967
read      264.4   109.4    80.4   133.3   148.0   251.0   305.6   331.9   350.1   371.1   397.1   433.9   515.0   786.5  2689.0  55967.0    56343
read      269.9    93.3    80.4   140.5   156.3   266.1   313.1   335.2   350.2   368.4   391.0   424.3   490.5   611.3   848.1  41779.0    41842
read      263.6    74.7    93.8   154.3   170.5   265.5   294.9   310.2   320.0   333.4   347.7   374.8   431.1   613.6  1889.0  19799.0    19881
read      229.1    93.0   109.4   153.5   165.2   219.2   243.1   254.8   265.3   276.1   292.0   316.1   399.8  1139.4  3596.1   6227.0     6107
read      281.3   103.2    80.4   140.6   156.4   273.6   324.0   351.4   371.4   392.8   419.4   459.6   540.3   771.3  1114.6  38390.0    38731
read      281.2    97.7    86.8   147.6   163.1   278.6   320.7   343.2   359.9   378.6   402.4   436.5   522.0   849.0  1729.3  31310.0    31156
read      286.7   153.9    80.4   128.8   142.9   244.6   310.5   354.0   388.1   431.4   488.6   583.4   811.4  1189.9  2146.3  79519.0    79889
read      281.0    97.6    86.8   147.1   163.1   276.3   320.1   343.2   360.6   380.3   403.6   440.8   525.6   713.0  1010.9  32127.0    31951
read      294.4   226.9    74.4   129.9   144.5   237.8   295.8   332.5   363.1   402.7   465.1   626.3  1323.1  2254.8  3112.8 104923.0   105358
read      255.0   123.8    80.4   127.6   141.5   230.2   283.0   312.2   334.4   361.8   396.8   451.2   599.7  1010.7  3867.8 104608.0   104834
read      256.3    65.1    80.4   163.2   178.8   255.3   281.0   294.0   304.0   315.4   331.1   356.1   415.3   674.5  1467.3  12691.0    12457
read      256.2   110.3    74.4   127.5   141.3   235.1   291.9   321.2   343.4   369.8   401.0   445.3   534.4   718.5  1728.7  72719.0    72818
read      269.8    95.0    80.4   139.4   154.3   263.2   312.1   336.0   352.8   372.2   395.8   430.5   506.7   647.4  1032.1  45144.0    44775
read      256.7   104.1    74.4   129.0   143.1   238.0   294.1   322.3   343.0   366.6   396.0   437.6   525.1   713.4  1865.0  69012.0    68489
read      270.7   121.2    80.4   136.1   151.7   257.6   310.6   337.2   355.7   376.0   402.2   438.8   523.1  1473.3  3053.2  52429.0    52510
read      251.7   105.5    74.4   127.4   141.1   229.8   284.6   313.9   335.1   360.7   393.1   440.2   538.1   778.4  1904.0  85225.0    84955
read      255.7    64.1   101.3   161.5   176.2   255.8   281.3   295.0   305.4   316.6   332.1   356.2   416.5   633.2  1447.3  14495.0    14282
read      251.0   104.9    80.4   125.5   139.6   228.7   282.5   311.4   332.7   359.1   393.3   443.3   554.5   827.9  1390.1  87175.0    87096
read      251.0   102.7    74.4   126.9   140.7   228.9   282.4   311.4   332.5   358.6   391.9   440.4   555.2   781.7   992.9  90327.0    90273
read      271.2    90.0    80.4   147.7   163.4   272.7   309.8   327.8   340.3   356.0   375.5   406.1   468.1   591.3  1980.9  31116.0    31352
read      265.5    70.0   101.3   157.1   174.4   267.8   295.8   310.9   320.6   333.9   348.1   373.3   433.0   645.9   864.8  19476.0    19469
read      224.7    60.3   109.4   150.9   163.1   217.3   242.0   254.7   264.7   274.7   290.3   314.6   372.0   679.6  1931.8   6960.0     7075
read      277.7   119.1    80.4   141.4   157.5   270.4   316.5   341.1   359.2   379.7   406.6   445.8   535.7  1007.4  1910.8  35064.0    35529
read      294.0   183.7    80.4   128.4   142.8   245.5   311.4   356.0   394.5   441.2   504.7   621.0   886.3  1537.5  4460.8  84587.0    84543
read      268.4    82.0    80.4   154.3   170.5   267.8   299.7   316.6   328.9   342.6   363.6   394.1   459.2   698.6  2119.0  19815.0    19670
read      280.5   120.0    86.8   141.5   158.1   273.0   320.5   346.0   365.0   386.1   411.5   450.8   535.7   866.5  3836.0  35622.0    35779
read      287.9   158.0    74.4   128.2   142.6   244.8   311.0   354.9   390.9   434.5   493.8   592.2   824.5  1091.3  1579.7  81090.0    80767
read      279.9   151.4    74.4   124.7   138.8   236.9   304.2   346.5   382.3   425.0   482.3   577.6   782.5  1093.3  1564.8  84350.0    84436
read      283.7   222.3    74.4   128.8   143.1   235.7   292.1   326.2   353.9   390.1   441.0   555.6  1069.4  2883.9  7219.2 102717.0   102570
read      259.7   104.8    80.4   129.6   144.1   241.1   298.8   328.0   347.8   373.1   401.0   442.1   530.1   692.6  1977.0  63965.0    64539
read      265.7    98.8   101.3   154.0   170.5   266.3   295.9   311.4   321.3   335.6   352.1   379.1   434.8   771.1  2733.3  21043.0    20695
read      268.2    81.6    93.8   149.0   164.4   270.2   305.7   322.6   335.5   349.3   369.0   397.7   455.2   599.7  1822.9  29023.0    29052
read      266.2   124.3    74.4   132.2   147.2   240.8   294.2   324.9   347.8   374.5   411.1   473.4   653.3  1180.2  2676.9 109621.0   109606
read      250.1   135.6    74.4   124.9   138.8   227.2   282.1   311.0   332.0   357.2   388.5   432.3   532.0   834.5  4592.7  86681.0    86574
read      268.8    80.0    93.8   149.7   166.4   271.5   305.6   321.1   333.7   346.3   365.4   394.8   453.5   584.5   686.5  26783.0    26386
read      269.4    86.0    86.8   147.4   162.6   272.2   309.3   326.9   339.0   353.2   371.5   399.1   458.5   583.7  1956.4  30657.0    30300
read      252.9   106.4    74.4   125.9   139.7   230.2   285.9   316.1   338.0   364.1   396.1   444.1   549.3   858.9  1245.5  80019.0    79261
read      253.8   161.0    74.4   125.6   139.7   232.4   288.8   317.7   338.9   364.0   394.4   436.1   529.9   724.4  1855.7  72973.0    72798
read      262.8    78.3    93.8   149.5   164.6   264.9   297.6   313.5   324.3   338.2   355.8   383.8   443.6   543.9   723.5  23760.0    23763
read      264.8    92.9    80.4   136.3   151.2   258.8   308.1   331.5   346.6   366.6   389.8   422.9   488.0   607.4  1404.9  44937.0    45061
read      260.8    99.4    80.4   131.5   145.9   246.4   302.1   329.0   347.9   369.7   395.0   432.0   516.6   726.3  1392.1  57871.0    57867
read      269.2    80.9    93.8   150.1   165.9   271.4   306.4   322.6   335.3   348.8   368.2   396.9   454.5   578.7   951.3  28965.0    28765
read      255.4   110.6    74.4   128.9   142.9   231.4   284.0   313.8   336.4   364.0   398.2   451.0   587.2   983.7  1919.9 105208.0   105615
read      258.1   127.4    80.4   129.9   144.5   233.9   286.5   316.2   337.9   363.7   397.1   451.7   605.7   990.4  4876.1 109975.0   109800
read      250.3   104.1    74.4   126.3   140.0   227.6   280.9   310.3   332.2   358.9   392.3   440.5   551.6   823.8  1211.1  92848.0    92474
read      255.3   109.6    74.4   127.8   141.2   235.1   291.5   321.1   342.3   367.0   396.1   435.6   528.0   764.4  2474.8  69577.0    69536
read      259.0   131.6    80.4   129.0   143.2   232.6   285.5   314.9   337.4   364.8   399.8   456.9   639.0  1493.9  3142.7 108573.0   108847
read      267.3    91.8    74.4   141.2   156.9   266.3   308.9   329.0   342.9   360.2   380.7   409.5   471.4   589.0  2237.4  37863.0    37648
read      251.9   104.8    74.4   127.7   141.2   229.7   282.7   311.9   333.1   358.8   392.2   440.7   561.0   877.7  1338.4  98647.0    98797
read      253.7   103.8    80.4   126.6   140.3   233.1   289.1   318.6   340.2   366.5   396.3   436.8   534.1   784.9  1590.4  72211.0    71781
read      265.8   115.0    80.4   136.8   151.8   258.9   307.9   331.1   346.6   366.7   389.5   420.7   489.8   709.9  2752.8  45330.0    45034
read      268.9    73.4    86.8   152.4   169.9   271.6   303.5   318.5   330.4   343.2   361.8   389.3   441.6   583.1   868.5  23117.0    23060
read      256.4   130.1    80.4   128.4   142.4   231.8   285.0   314.5   336.9   363.5   397.5   451.9   600.6  1069.8  2567.6  99652.0    99559
read      253.1   105.6    74.4   127.5   141.0   231.9   287.1   315.8   337.5   363.1   394.2   438.6   538.9   781.5  1988.6  79163.0    78907
read      259.4   117.5    74.4   130.9   145.6   234.5   287.1   316.3   338.7   365.9   400.2   457.7   620.9  1007.5  2423.1 110063.0   109987
read      250.7   108.0    74.4   126.3   139.9   227.4   281.2   311.0   332.6   358.4   391.9   439.1   555.4   879.1  1591.3  96399.0    96463
read      256.3    62.7    86.8   159.4   175.1   257.2   284.0   296.7   307.0   317.4   333.4   358.9   416.8   607.7   736.0  14677.0    14541
read      271.7    85.4    86.8   147.9   163.8   273.0   311.0   329.4   341.9   358.2   378.1   406.1   466.7   588.7  1701.8  30308.0    30227
read      252.0   111.4    74.4   126.8   140.8   228.4   280.7   310.0   331.2   357.1   391.7   444.4   586.1   903.6  2006.3 108345.0   109068
read      255.7   106.7    80.4   127.8   141.5   235.3   291.4   320.2   342.1   367.5   398.5   442.3   536.5   717.0  1474.9  74012.0    73889
read      251.8   102.8    74.4   127.4   140.9   229.7   285.0   314.6   336.1   362.1   394.1   439.3   537.6   747.2  1439.1  80459.0    80825
read      251.5   109.0    74.4   127.0   141.0   228.7   281.0   310.3   331.9   358.7   393.0   442.1   567.0   849.7  1377.6 101685.0   101968
read      272.6    93.6    93.8   150.8   166.5   275.3   310.2   327.1   339.1   353.3   371.4   399.0   457.5   886.0  2512.2  28465.0    28070
read      249.5   110.0    74.4   123.7   137.8   227.0   281.2   310.6   332.0   357.7   390.7   436.2   548.1   962.4  2068.1  88478.0    88127
read      247.4   106.2    74.4   124.3   138.2   224.8   277.4   306.9   328.2   353.9   387.5   435.8   545.3   772.4  2058.4  93385.0    93037
read      247.4   103.9    74.4   124.3   138.3   225.7   279.6   308.7   329.8   355.3   387.3   431.9   530.3   801.0  1594.2  85182.0    85313
read      264.6    91.4    80.4   136.2   151.6   259.6   307.0   329.7   345.1   364.0   386.9   420.5   485.7   593.9  1356.7  42872.0    42639
read      251.8   112.0    74.4   126.5   140.3   228.9   283.7   313.0   334.2   359.6   391.1   436.2   559.9   973.7  2119.6  89375.0    89688
read      250.2   100.8    74.4   125.2   138.9   229.6   285.0   313.9   334.7   359.5   390.8   435.3   533.7   744.5  1012.3  77901.0    77922
read      264.7   137.5    80.4   135.8   150.9   257.2   305.9   328.9   344.5   364.3   387.9   421.9   492.6   630.3  1456.4  43671.0    43434
read      250.2   115.0    80.4   126.0   139.9   226.3   278.3   308.0   329.6   356.0   389.5   439.3   570.5  1089.3  2610.2 104859.0   105109
read      259.2   127.2    80.4   130.3   144.7   235.5   288.7   318.1   339.9   365.9   398.5   452.4   596.5   988.0  4799.9 103960.0   104178
read      254.3   107.6    80.4   128.6   142.6   230.9   284.4   314.4   336.7   362.8   395.6   446.3   573.4   919.4  1695.1 103718.0   103636
read      270.5    84.8    86.8   145.4   160.9   270.9   311.5   331.4   344.7   361.4   380.8   409.4   470.4   589.0   988.6  34011.0    33841
read      258.6   111.2    74.4   128.7   142.2   240.4   297.7   326.5   346.5   370.8   400.1   440.9   523.6   683.6  3617.9  65447.0    65328
read      264.7   104.6    80.4   133.7   148.5   252.4   307.1   333.4   351.6   371.6   396.7   433.5   508.1   737.1  3118.3  53775.0    53849
read      252.7    71.1    93.8   158.2   174.2   253.4   279.2   292.2   301.3   312.5   325.8   346.9   397.6   640.3  2015.1  14309.0    14112
read      256.4   101.0    74.4   128.7   142.9   239.1   295.3   324.0   345.3   368.0   394.9   432.7   509.3   691.4  1182.7  64589.0    65229
read      250.9    99.1    74.4   125.6   139.7   231.3   286.8   315.5   336.2   360.9   391.4   432.9   524.0   683.3   805.6  74816.0    74794
read      252.6   105.7    74.4   126.3   140.3   231.4   287.0   316.1   337.7   363.1   394.4   438.9   538.0   934.4  1548.3  77170.0    76657
read      248.5   102.4    80.4   126.0   139.6   226.4   279.5   309.1   330.6   356.5   388.4   434.2   542.1   786.2  1260.7  92023.0    92562
read      251.8   104.4    80.4   126.5   140.1   230.6   286.0   315.3   336.7   362.1   393.2   435.6   531.4   778.6  1272.1  79663.0    79594
read      254.0   118.5    74.4   128.0   142.0   230.0   282.5   311.8   333.4   360.0   393.5   444.6   590.3  1057.5  2317.7 106503.0   106208
read      250.4   119.6    80.4   126.3   140.0   226.6   279.7   309.0   330.0   355.6   388.9   437.5   555.4  1064.7  3115.3  94883.0    94770
read      261.9   101.7    86.8   153.8   170.5   261.8   291.6   306.2   315.5   327.2   342.6   369.0   433.4   940.2  2724.4  19093.0    19122
read      260.8   107.7    74.4   130.0   144.6   244.3   301.9   330.3   349.3   372.2   398.4   434.6   514.9   673.9  3097.9  60474.0    60408
read      252.2   110.7    74.4   127.2   141.1   229.4   282.0   311.6   333.2   358.8   391.1   438.6   563.5  1008.7  1966.1  98124.0    98371
read      258.7   104.0    80.4   129.0   143.4   243.5   300.3   327.2   346.1   369.0   396.6   432.9   505.8   659.4  1328.5  61243.0    61350
read      251.5   101.3    80.4   126.1   139.8   230.6   286.7   315.8   336.9   361.5   392.3   435.8   535.5   722.6  1107.2  78472.0    78813
read      227.9    58.5   109.4   154.6   166.5   221.9   244.8   257.3   267.0   277.5   291.6   316.1   377.0   670.8  1671.7   5761.0     5604
read      251.3   103.4    80.4   125.6   139.3   230.3   284.6   313.9   335.3   361.4   394.2   440.3   537.3   743.1  1053.7  80091.0    81210
read      255.4   105.1    74.4   127.0   140.9   234.7   291.7   320.9   342.7   367.7   398.8   443.3   538.1   738.5  1203.0  73870.0    73960
read      267.5    95.7    80.4   149.0   164.4   267.5   304.1   321.1   333.9   346.8   368.2   397.6   459.3   571.8  3204.3  28153.0    28059
read      226.5    53.7   101.3   154.1   166.3   221.1   244.7   256.1   265.1   274.2   289.1   311.5   372.3   650.0  1225.7   6079.0     6090
read      275.4   130.2    80.4   127.9   142.2   249.3   311.2   346.5   374.7   406.0   447.7   507.2   651.8   935.7  2170.2  64537.0    65353
read      274.7   114.6    74.4   130.1   144.9   255.5   316.2   349.0   374.0   400.0   434.1   482.5   584.9   764.2  1084.6  55813.0    55646
read      278.4   140.7    74.4   125.6   140.0   242.9   308.2   347.9   381.3   420.6   468.3   542.1   726.8  1007.6  1556.1  75543.0    75470
read      281.3   200.7    74.4   129.6   144.1   237.9   294.3   326.2   351.8   384.4   430.3   525.9  1119.8  2186.2  3211.9 101177.0   101368
read      263.8    80.9    80.4   153.4   169.9   264.5   295.5   311.1   320.8   334.9   351.1   380.8   440.0   658.7  2114.9  20414.0    20305
read      252.4   115.2    80.4   127.7   141.7   229.0   281.5   310.9   331.7   356.8   391.0   442.8   561.3   894.7  2740.1 101088.0   101317
read      256.7   117.2    74.4   128.9   142.9   231.8   284.2   314.0   336.7   364.0   399.9   456.5   620.0  1040.6  2237.9 108336.0   108543
read      249.6   102.7    80.4   125.0   138.9   228.7   283.5   312.9   334.3   359.5   391.1   434.6   529.8   726.4  1493.2  80716.0    81018
read      258.0   110.9    80.4   129.7   144.0   233.9   287.2   317.2   339.5   366.3   400.8   456.7   599.4   946.3  1875.2 106943.0   106524
read      262.3    99.3    80.4   132.4   147.1   252.5   305.7   330.9   348.0   368.7   392.8   426.1   494.2   690.3  1097.7  50992.0    50658
read      270.3   141.1    80.4   138.3   153.5   262.7   311.8   335.4   351.6   369.6   392.8   426.0   495.4   743.0  6175.7  43858.0    43791
read      254.5    76.7    93.8   157.0   172.2   253.7   280.8   294.2   304.5   316.2   332.0   356.1   412.0   737.4  2290.0  14622.0    14504
read      278.3   110.3    80.4   135.1   150.4   264.4   320.5   351.4   373.3   397.4   426.7   469.8   568.5   835.3  1092.0  47232.0    47555
read      278.4   130.7    80.4   127.8   142.2   247.9   312.3   351.1   381.5   417.9   461.9   528.3   677.2   867.0  1262.5  67692.0    67848
read      268.2   167.0    74.4   128.5   142.6   233.9   289.0   319.6   343.4   372.4   412.0   479.4   809.1  2388.9  3344.5  93547.0    93337
read      251.7   103.5    80.4   126.7   140.4   230.1   285.4   314.6   335.6   360.9   392.9   437.2   538.3   785.4  1586.9  82500.0    82735
read      250.7   100.8    74.4   125.6   139.4   230.3   285.2   314.5   335.7   361.1   392.4   436.1   528.9   670.0   841.5  79790.0    79691
read      259.7   100.5    80.4   130.6   145.3   244.7   301.0   328.3   347.1   369.1   396.0   432.9   505.3   622.8  1489.1  61446.0    61855
read      257.8   106.9    74.4   128.7   143.1   242.3   297.7   324.6   343.5   366.2   393.7   431.9   507.1   727.5  3754.8  61088.0    61378
read      268.8    88.3    86.8   150.1   166.0   270.0   305.6   322.5   334.9   347.6   367.3   394.3   454.4   570.5  3523.8  27630.0    27280
read      270.7    95.5    86.8   143.9   159.5   269.1   311.8   332.6   346.5   363.8   383.9   412.5   476.3   728.4  3306.7  35590.0    35620
read      276.3    98.4    86.8   142.9   159.0   272.9   316.3   339.7   356.6   375.2   398.8   431.9   506.2   706.6  2809.3  33105.0    32911
read      284.7   147.9    74.4   128.1   142.4   245.6   312.1   355.4   389.6   430.7   482.7   569.4   762.1  1101.7  1505.2  76635.0    76628
read      275.7    92.8    80.4   145.1   161.4   273.2   316.0   338.0   353.9   372.6   395.3   427.9   501.2   618.1  1010.9  32122.0    32305
read      282.4   143.7    80.4   127.3   141.3   245.6   312.6   356.7   390.0   428.0   478.4   551.3   734.8  1033.7  1970.8  74374.0    74231
read      291.2   205.2    74.4   128.4   142.9   250.5   316.1   357.0   388.0   423.7   468.6   543.0   787.5  2848.5  4003.0  69578.0    69333
read      278.5   115.1    80.4   132.0   147.6   261.1   320.7   354.6   378.5   403.5   435.0   483.0   583.0   820.6  1277.5  53833.0    53526
read      318.5   280.4    80.4   141.4   158.1   279.7   339.7   376.0   402.1   433.5   476.5   555.5  1065.5  3585.0  9198.0  43614.0    43970
read      336.7   378.8    74.4   132.4   148.7   254.3   315.9   354.7   387.6   432.2   513.1   741.0  1965.6  4741.9  7639.0  92963.0    92984
read      263.7    97.7    86.8   153.2   168.6   265.0   296.2   311.8   321.8   335.5   351.2   379.6   437.2   599.6  3162.0  22931.0    22716
read      251.7   117.4    74.4   124.8   139.0   228.7   282.4   311.8   333.9   361.7   396.0   443.5   559.0   805.8  3623.9  86166.0    86539
read      255.3   111.0    74.4   127.3   141.2   234.3   289.0   318.9   341.1   367.3   398.3   442.2   540.9   748.0  3262.4  74162.0    73888
read      256.0   107.8    80.4   127.8   141.9   235.4   291.1   320.3   342.1   368.4   397.9   440.0   541.6   869.7  1937.4  73178.0    73554
read      271.0    79.6    86.8   152.3   168.9   273.3   307.3   323.9   336.8   351.2   370.6   397.5   456.8   543.3   710.5  26934.0    26912
read      268.6    97.6    86.8   139.6   154.9   262.8   312.7   336.3   352.1   370.1   392.4   424.5   492.1   588.7   743.4  44989.0    44840
read      260.3    72.5   101.3   156.8   173.3   260.6   288.4   303.0   313.6   325.9   342.0   368.1   425.0   595.2  2655.7  16868.0    16966
read      265.6   108.1    80.4   133.2   148.2   253.3   308.0   334.0   351.8   372.5   398.2   434.7   509.6  1031.2  1863.0  51496.0    51903
read      254.9   102.5    80.4   127.8   141.7   234.9   291.2   321.2   343.2   369.2   398.7   437.7   519.6   680.5   932.1  71346.0    71461
read      268.4   101.6    93.8   155.4   172.0   268.9   299.9   315.6   326.8   339.6   356.7   384.2   442.4   624.6  3664.8  21301.0    21248
read      258.8   127.4    74.4   129.1   142.9   232.6   285.8   314.9   337.1   363.5   396.9   452.7   677.4  1439.3  1954.8  98050.0    98493
read      263.2   145.9    80.4   129.0   143.2   232.9   287.5   317.4   339.8   367.8   403.5   466.2   732.5  1707.5  4128.7 105986.0   105716
read      261.3    71.6    93.8   154.2   170.1   262.6   292.4   307.6   317.5   330.4   344.8   372.3   442.6   613.4  1022.0  19621.0    19488
read      256.0    68.2    93.8   156.3   171.5   256.6   284.7   298.0   309.0   319.9   336.2   361.6   421.2   607.4  2066.4  16373.0    16605
read      270.0   124.3    80.4   130.0   144.3   242.1   299.0   332.7   359.7   392.1   432.4   501.9   653.2   989.3  1557.7  74565.0    75130
read      266.8    94.6    80.4   136.4   151.4   258.9   310.1   335.2   352.7   371.9   394.8   427.8   501.0   611.8   712.9  45994.0    45842
read      267.3    99.0    80.4   135.7   150.7   256.8   309.5   335.3   353.3   374.0   399.7   435.2   523.3   708.3  1341.8  48650.0    48598
read      257.7   103.9    80.4   128.1   141.8   237.8   294.6   324.8   345.6   371.8   402.0   441.7   540.5   773.8  1287.7  67952.0    67944
read      270.6   140.9    86.8   151.0   167.0   270.5   304.6   320.8   333.5   346.4   366.6   396.1   455.4   635.0  7241.0  26449.0    26800
read      267.0   105.0    80.4   135.2   149.9   255.6   309.6   335.6   354.0   374.7   400.2   435.4   509.4   818.4  2035.5  50084.0    49959
read      259.3   105.5    80.4   130.4   144.9   245.7   300.5   327.3   345.1   367.0   393.0   428.5   499.8   688.0  2472.5  54550.0    54114
read      258.3   106.9    74.4   128.8   142.8   238.3   295.3   324.5   344.8   368.7   398.9   443.4   552.3   800.8  1436.1  66513.0    66577
read      269.3    97.1    80.4   141.8   157.5   265.8   311.1   332.2   346.2   365.1   387.4   418.6   478.6   643.3  2883.5  39708.0    39563
read      271.8    93.5    80.4   140.4   156.7   268.1   314.9   337.6   353.6   372.0   394.5   426.7   491.8   613.2  1019.1  39978.0    40228
read      251.9   108.6    74.4   126.1   140.1   228.2   282.0   312.0   334.0   361.1   394.3   441.5   573.1   955.0  1425.8  92157.0    92385
read      271.2    91.6    80.4   142.3   158.6   270.6   311.4   331.5   344.9   363.5   386.3   420.1   491.3   624.4  2016.8  35305.0    35189
read      275.3   136.6    80.4   144.3   160.8   272.4   313.6   333.4   346.5   364.4   386.7   420.5   480.4  1857.6  2973.2  34418.0    34744
read      253.1    68.7   101.3   153.9   169.2   251.5   279.7   294.0   305.0   317.4   335.7   364.8   430.7   658.3  1005.9  15162.0    15082
read      306.0   201.2    80.4   130.6   145.4   247.4   316.6   366.1   405.5   459.7   537.2   679.7  1054.2  1733.7  2221.6  87516.0    87824
read      275.2    93.7    80.4   142.4   158.2   271.8   316.0   338.8   355.6   375.2   398.3   431.9   506.6   682.0  1157.7  33996.0    33965
read      278.7   102.8    86.8   139.6   155.5   271.6   319.5   346.2   366.7   388.7   413.9   451.5   533.1   780.6  1694.7  37963.0    38138
read      279.0   133.4    80.4   134.0   149.1   265.1   318.8   348.7   370.4   394.3   423.0   466.5   587.0  1172.1  2725.2  42235.0    42450
read      295.2   202.6    80.4   128.0   142.5   256.4   322.7   365.1   396.3   432.2   477.4   548.2   818.0  2816.3  4373.5  65125.0    65120
read      254.5   100.6   101.3   148.4   162.9   249.5   281.9   298.0   310.7   324.5   343.5   373.4   448.9   981.8  3143.1  17441.0    17329
read      283.2   165.2    80.4   126.3   140.6   254.5   315.8   354.2   381.4   412.5   450.8   508.5   728.8  2173.3  3256.3  56275.0    56524
read      277.7   151.4    86.8   140.0   154.6   267.4   314.4   338.6   356.6   377.4   402.1   436.3   538.8  2162.1  4024.0  36312.0    36287
read      253.7   131.2   101.3   153.9   168.1   248.5   276.9   291.7   302.4   315.2   332.4   360.2   424.5  1313.4  5915.4  14546.0    14642
read      281.9   179.4    80.4   129.7   144.3   256.9   316.1   349.0   373.1   400.1   433.8   485.8   676.8  3003.5  4387.1  52833.0    53127
read      303.9   212.8    80.4   132.4   147.4   260.0   330.7   374.7   407.4   446.7   495.8   575.7   864.9  2802.0  5082.2  67402.0    67385
read      289.6   220.9    80.4   124.6   138.5   240.1   308.3   352.1   386.7   427.6   479.7   567.2   865.3  3239.8  4910.7  80231.0    80362
read      307.1   329.7    80.4   131.3   146.4   245.0   301.0   334.4   360.7   394.2   444.6   584.1  1639.6  4292.6  8493.5 105715.0   105193
read      264.7   105.1    74.4   133.2   147.8   253.5   307.3   333.1   350.6   371.3   396.9   434.3   517.0   700.3  1809.8  50907.0    50992
read      251.9   121.9    74.4   123.8   137.8   226.6   281.5   311.9   333.4   359.2   393.4   447.2   593.8  1140.0  3170.1  85554.0    85438
read      266.1   117.9    74.4   133.4   148.1   255.0   307.7   332.7   349.9   370.8   396.9   433.7   509.3   972.4  2928.2  50398.0    50475
read      258.4    66.2    93.8   158.6   174.4   259.7   287.0   300.9   310.8   320.7   336.8   361.2   411.2   649.6  1806.5  15689.0    15668
read      254.7   101.3    80.4   126.7   140.2   236.7   292.6   321.2   342.1   366.2   396.1   436.5   528.4   706.2   904.7  66630.0    66984
read      262.2   102.0    80.4   131.3   145.9   247.9   303.9   331.0   350.1   373.1   400.4   438.2   514.0   634.6   846.4  56768.0    57056
read      267.1    94.3    80.4   137.4   152.6   259.4   311.1   335.1   351.7   371.3   394.5   427.2   498.2   617.2  1008.3  45612.0    45383
read      237.5    58.6   109.4   157.8   170.9   233.5   257.5   270.6   279.9   291.1   305.6   328.8   390.5   626.5  1760.7   8967.0     9044
read      270.1   105.9    74.4   140.3   156.1   265.7   311.7   333.4   347.7   365.9   388.3   421.4   489.2   692.2  3678.9  39364.0    39958
read      280.1   139.0    80.4   127.2   141.1   247.8   312.8   351.8   383.5   418.8   462.1   531.9   736.8  1051.4  1628.0  67423.0    67432
read      275.4   102.1    86.8   150.8   167.2   273.0   309.9   328.6   341.3   358.0   379.1   409.5   481.7  1167.4  3579.1  23671.0    23503
read      320.4   305.1    74.4   129.5   144.2   245.8   315.9   369.0   412.1   466.9   542.9   688.4  1402.4  3521.4  7549.5  89121.0    89906
read      288.6   155.3    80.4   128.6   143.0   256.6   323.5   364.6   393.8   426.4   468.1   536.6   757.6  1673.9  2734.4  60707.0    60865
read      241.4    76.3   109.4   156.9   170.1   235.1   262.1   274.8   285.4   296.3   312.8   337.9   413.2  1315.9  1961.0  10056.0    10097
read      325.5   376.1    74.4   131.4   147.4   253.3   312.2   348.7   376.5   411.0   463.6   597.4  2129.5  4039.4  7878.9 103603.0   104385
read      263.0    68.4    93.8   159.4   175.4   263.0   291.6   306.2   316.0   328.8   345.4   373.7   442.9   654.4   851.2  16896.0    16694
read      266.4   188.9    80.4   128.4   142.2   232.1   285.7   315.9   339.3   368.3   404.5   467.0   827.4  2534.1  5893.3  96168.0    96807
read      266.0    77.3    86.8   151.4   166.8   267.9   301.1   317.0   328.8   342.1   361.2   390.5   450.6   585.4  1218.4  23709.0    23545
read      263.2   101.8    80.4   131.6   146.1   249.1   304.8   332.7   352.0   373.5   400.2   438.0   525.9   696.6  1563.0  53488.0    53603
read      251.5   110.2    74.4   124.7   138.9   228.4   283.9   314.1   336.4   363.0   395.0   440.4   549.6   890.8  1117.2  78099.0    77963
read      255.7   124.9    74.4   126.5   140.2   229.5   282.7   312.3   334.4   361.2   396.0   451.4   660.6  1301.8  2298.3  98799.0    99004
read      258.6   121.8    74.4   128.3   142.0   232.3   287.5   317.4   339.8   367.2   402.1   458.4   649.8  1155.6  2569.8  89214.0    89009
read      259.9   123.3    80.4   130.4   144.7   235.0   287.6   317.2   340.1   367.6   401.2   457.0   617.3  1243.7  3117.9 109548.0   109606
read      253.4   113.4    80.4   127.3   141.1   229.3   283.7   313.1   335.2   361.9   394.6   444.8   581.8   921.5  3029.0  94880.0    94996
read      265.3    88.9    86.8   147.5   163.5   265.9   300.9   317.8   330.7   344.6   364.4   393.8   450.0   587.4  1637.7  26786.0    26308
read      254.2   104.9    74.4   126.9   140.8   232.7   288.2   318.3   340.3   365.9   397.8   442.9   544.9   818.1  1133.3  76424.0    76851
read      256.3   116.2    80.4   128.9   143.1   231.4   284.8   314.5   336.7   363.2   397.0   450.4   599.4  1225.5  2031.0 105433.0   105149
read      266.8   103.6    80.4   134.9   150.0   255.0   309.2   335.2   353.4   374.2   400.4   436.8   513.8   683.5  2536.1  51562.0    51656
read      251.7   102.6   101.3   157.8   174.0   247.5   273.6   287.6   296.6   309.1   322.5   344.9   406.7  1837.1  4259.5  12699.0    12606
read      262.7   141.5    80.4   131.0   145.8   247.3   301.6   328.3   346.3   368.5   396.4   434.4   522.8   737.4  5079.4  56540.0    56950
read      263.1   110.4    74.4   132.1   147.0   247.3   304.3   332.5   351.7   373.9   401.4   438.4   514.5   689.0  3330.0  58648.0    58457
read      255.0   121.2    80.4   127.6   141.2   234.1   290.4   320.2   342.0   367.5   396.9   437.9   527.3   754.1  3585.7  73197.0    73870
read      254.3   102.7    80.4   127.8   141.1   233.5   289.2   319.1   341.7   367.7   397.7   439.5   538.6   770.1   963.0  77067.0    77558
read      259.5    66.6   101.3   154.3   170.8   261.5   290.5   305.0   314.7   326.4   342.3   368.5   428.9   521.0   684.4  18784.0    18374
read      252.7   113.1    80.4   125.3   139.2   227.9   282.4   312.7   334.8   361.3   395.9   447.3   598.9  1055.1  1885.7  90110.0    90267
read      270.7    98.8    86.8   140.1   155.5   265.0   313.3   336.0   351.7   369.9   394.8   429.9   507.8   661.8  1139.3  41164.0    41486
read      273.1    91.9    80.4   145.6   161.3   271.7   313.9   334.8   348.9   367.0   389.9   423.7   492.7   613.4   791.3  34645.0    34820
read      268.7    86.7    93.8   151.2   166.8   268.3   302.7   318.7   331.1   344.3   364.8   396.5   474.8  1042.6  1913.5  24511.0    24506
read      273.0   139.6    86.8   140.3   155.2   264.7   308.5   330.8   346.2   366.7   391.1   425.6   517.1  2097.6  3216.1  32017.0    32392
read      282.5   186.8    74.4   124.9   139.5   247.0   312.4   351.8   381.8   415.5   457.3   521.7   737.6  2483.4  4918.8  65533.0    65364
read      277.2   132.2    86.8   139.9   155.2   268.6   314.2   338.4   356.4   377.1   401.1   437.1   537.7  1909.0  3203.9  33541.0    33590
read      278.3   173.0    80.4   130.9   145.5   257.1   314.6   345.6   369.7   394.8   424.1   468.2   616.7  1851.0  3164.3  48502.0    48637
read      336.2   409.5    80.4   131.5   147.1   253.5   312.2   347.1   375.9   412.8   469.7   655.5  2679.3  4470.1  7979.1  99623.0    99481
read      257.5    89.6   101.3   157.5   172.5   256.2   283.3   296.4   307.1   318.0   334.4   361.2   427.9  1058.9  2742.6  15548.0    15514
read      237.0    57.0   101.3   158.2   171.6   234.8   258.2   270.2   278.7   289.3   301.9   320.7   373.8   661.5   942.7  10108.0     9896
read      251.5   105.0    74.4   125.5   139.5   229.6   285.8   315.2   336.8   362.8   393.8   435.7   543.4   745.5   997.4  78570.0    78890
read      270.7    81.0    80.4   150.5   166.9   273.0   307.4   324.0   336.3   349.8   369.9   399.2   464.6   593.1  1640.0  26423.0    26427
read      251.8   102.7    74.4   126.8   140.5   230.2   284.4   313.8   335.8   362.0   393.8   440.9   546.1   750.3  1094.6  85001.0    84648
read      261.3   117.0    80.4   131.3   146.2   237.8   290.7   319.4   341.4   368.1   401.6   457.0   613.2  1088.2  1968.6 105195.0   105509
read      261.4    79.1    93.8   158.1   174.8   262.0   288.5   302.5   312.7   324.1   340.8   367.7   425.6  1130.9  2433.5  16960.0    16789
read      252.1    63.0   101.3   158.0   173.4   251.5   278.0   291.8   301.6   313.3   328.0   351.5   407.1   616.9   744.8  13764.0    13784
read      257.1    71.1    93.8   156.2   172.3   255.5   284.5   298.5   309.7   321.0   339.4   367.9   426.6   709.9  1271.4  13816.0    13915
read      230.9   108.2    93.8   152.7   164.7   222.8   247.0   259.3   268.4   278.7   293.3   319.0   397.8   846.1  6602.1   7273.0     7197
read      294.9   190.2    80.4   129.4   143.9   244.4   312.5   356.6   393.9   441.3   507.6   627.6   878.5  2232.7  4680.0  83565.0    84754
read      275.0   169.4    74.4   129.7   144.1   236.9   291.6   323.4   347.7   378.7   422.3   516.3   956.0  1801.8  2898.1  94076.0    93616
read      268.4    94.4    80.4   137.8   153.0   261.9   311.7   335.6   352.2   371.0   396.0   430.5   500.0   639.9  1197.3  45338.0    45232
read      251.0   107.0    74.4   125.3   138.9   228.3   283.3   313.1   335.0   361.4   394.4   440.1   548.7   859.8  1371.9  86792.0    86355
read      268.5    85.7    86.8   152.9   169.2   269.9   302.5   318.4   330.9   344.4   363.1   390.6   455.5   607.4  1870.1  23402.0    23239
read      267.0   137.2    80.4   132.2   147.3   252.1   305.3   331.2   349.3   371.7   397.5   436.2   530.7  1921.2  2759.9  50897.0    51079
read      255.2   111.9    74.4   126.4   140.2   232.9   288.2   317.2   339.2   365.2   397.5   444.6   572.5  1035.8  2403.0  72823.0    72839
read      257.2   121.9    74.4   127.6   141.1   235.0   291.1   321.0   343.3   370.0   399.9   445.6   560.6   875.4  2978.5  72574.0    73047
read      252.9    62.0    93.8   157.1   172.2   253.8   281.3   294.3   304.2   315.3   330.4   353.5   403.4   611.0   689.7  15183.0    15045
read      258.6   132.0    80.4   127.4   141.7   231.1   284.3   314.5   337.2   364.9   400.7   458.6   683.5  1329.4  2888.5 102331.0   102659
read      257.3   130.2    74.4   127.6   140.9   229.2   282.8   313.3   336.0   364.5   399.5   455.9   680.5  1446.3  2663.2 102541.0   102565
read      252.7   108.9    80.4   125.4   139.4   228.9   284.4   314.9   336.9   363.6   396.7   444.6   582.8   864.6  1171.1  83797.0    83738
read      269.4    91.7    86.8   142.9   158.3   268.6   311.1   331.1   344.1   362.2   384.3   416.2   479.9   596.7   743.2  35180.0    35346
read      264.1   101.4    80.4   131.9   146.7   249.6   306.0   333.5   352.7   375.1   401.0   441.0   530.5   726.9  1120.3  55483.0    55125
read      268.5    93.2    86.8   139.9   155.0   264.3   311.0   333.5   348.8   367.1   389.7   423.2   495.5   654.3  1079.7  40184.0    40276
read      260.2   108.7    80.4   129.4   143.6   241.0   298.0   327.6   348.2   371.0   401.6   443.9   548.7   774.5  2963.6  62627.0    62712
read      252.0   104.8    80.4   126.6   140.4   230.2   286.2   315.9   337.0   362.0   393.6   438.7   538.7   750.9  2390.1  76223.0    75879
read      270.0   102.4    80.4   141.7   157.3   265.9   310.7   332.4   346.9   365.8   388.5   422.8   491.1   644.4  3787.8  38232.0    37820
read      267.5    99.3    80.4   136.3   151.6   256.6   310.3   336.3   354.4   374.4   400.0   436.9   509.3   632.0  1373.2  51266.0    51426
read      271.8   127.1    86.8   143.2   159.4   270.9   313.4   334.1   348.0   365.5   386.0   415.1   479.9   598.8  1653.9  37135.0    37336
read      253.2   129.6    80.4   127.6   141.0   228.9   281.3   310.9   333.2   360.1   393.0   442.2   563.4  1211.8  3892.8  99297.0    98811
read      256.5   107.1    80.4   129.9   144.3   234.0   286.6   315.8   338.0   365.0   398.0   449.3   576.7   846.8  1553.7 102736.0   102611
read      269.4    88.3    86.8   146.4   162.5   268.7   307.8   326.7   340.1   356.1   375.2   404.5   467.0   571.7  2032.9  30260.0    30209
read      266.6    68.1    93.8   158.0   175.2   268.5   296.8   311.8   321.1   335.3   351.4   378.3   432.3   595.0   732.4  18922.0    19127
read      282.0   117.4    86.8   144.8   161.7   276.8   322.3   346.3   363.1   381.6   403.7   442.3   529.6   918.2  3188.7  34527.0    34838
read      249.3    66.7   101.3   155.8   170.3   246.7   274.0   289.3   299.5   312.0   327.1   352.6   416.1   690.7  1168.0  12323.0    12221
read      323.5   351.5    74.4   131.6   147.3   247.2   307.2   345.2   376.8   416.9   487.5   726.1  1728.0  5150.7  7862.1  91892.0    92770
read      262.1   142.0    74.4   129.0   143.4   233.1   286.0   316.2   338.5   365.6   400.9   458.0   768.1  1572.7  2365.9 100591.0   100281
read      274.3    92.4    93.8   152.0   168.2   273.9   311.1   329.3   341.8   358.3   378.8   406.1   478.3   631.1  3248.9  28062.0    28246
read      261.7   125.3    80.4   129.5   143.6   234.6   288.6   318.3   341.0   368.8   404.0   462.5   712.5  1261.6  1847.0  97407.0    97699
read      262.1   130.7    80.4   129.7   143.9   235.5   289.4   318.9   341.1   368.2   401.6   457.4   683.9  1451.2  2029.9  99661.0    99005
read      251.3   152.7    74.4   123.9   137.4   221.7   273.8   303.4   325.3   352.3   387.8   442.1   681.6  1847.2  5092.2 101652.0   102169
read      268.4   126.1    80.4   132.7   147.5   253.3   307.8   335.3   355.0   376.8   402.3   441.0   545.5  1758.6  2766.4  51587.0    51450
read      259.9    75.0    93.8   157.0   172.8   260.9   289.5   304.1   314.3   326.3   342.0   367.8   423.0   602.1  3051.2  17559.0    17676
read      231.0    54.4    86.8   156.5   168.6   226.2   250.4   263.2   271.7   282.4   294.9   317.9   373.2   662.8   990.3   7576.0     7745
read      297.8   165.5    80.4   136.6   151.4   271.5   333.6   370.4   396.3   426.9   465.0   527.8   790.3  1943.6  2979.0  48654.0    48978
read      290.3   147.1    80.4   138.4   153.4   270.6   328.2   361.4   385.8   412.9   446.9   499.8   651.5  1731.8  3393.0  43782.0    43452
read      363.2   419.8    80.4   135.9   152.1   262.8   327.9   372.8   410.4   467.8   585.2   903.3  2173.3  5114.6  7960.1  90481.0    90767
read      267.5   109.6    80.4   135.7   150.8   259.0   310.2   334.9   352.1   373.0   397.1   430.6   502.5   634.0  3615.2  48800.0    48262
read      250.5   106.1    74.4   124.4   138.6   227.7   282.4   312.3   334.2   360.9   394.4   442.2   557.9   819.0  1601.8  83768.0    83478
read      253.3   109.3    74.4   126.1   139.9   231.5   287.6   317.5   339.5   366.2   397.5   440.9   535.6   783.1  2591.1  76305.0    76521
read      242.6    78.6    86.8   157.7   171.1   239.6   264.2   275.8   286.2   296.6   311.9   334.7   391.7   682.7  3207.2  11043.0    11107
read      255.6   111.9    80.4   126.4   140.6   234.4   290.9   320.4   341.5   367.1   398.2   442.9   538.3   940.7  2192.1  70469.0    70605
read      269.9    77.5    86.8   151.7   167.7   272.5   306.7   323.5   335.6   348.1   368.0   396.4   451.1   546.7  1293.7  27035.0    26675
read      265.1    97.6    74.4   133.6   148.8   254.7   308.3   334.7   353.4   375.2   399.2   433.8   506.7   630.4  1222.4  52127.0    52233
read      262.1   102.2    80.4   131.9   147.0   248.4   303.4   330.6   349.2   371.5   396.9   433.0   509.3   666.0  1481.0  55824.0    55622
read      247.9   112.4    74.4   125.1   138.9   224.2   276.2   306.0   327.3   353.1   386.3   434.9   549.3  1012.6  1950.2 100170.0    99805
read      255.2   123.3    74.4   127.8   141.8   230.2   282.9   312.1   333.8   360.5   396.2   453.2   605.5  1074.8  3146.4 107164.0   107061
read      259.6   103.0    74.4   129.6   144.1   242.5   300.1   328.1   347.3   370.7   398.8   436.8   523.4   674.8  2104.9  61648.0    61661
read      260.7   122.0    80.4   128.8   142.8   240.6   298.1   327.6   348.2   371.8   401.4   443.1   540.8  1144.6  2780.3  67490.0    67279
read      253.2   113.9    80.4   125.3   139.2   231.8   287.3   316.1   337.8   364.1   396.9   443.8   549.4   786.9  1704.1  76300.0    76808
read      231.5    56.1   101.3   154.5   167.3   227.7   252.0   264.7   272.8   284.1   296.8   317.9   367.4   631.6  1513.2   8660.0     8778
read      263.2   155.5    80.4   128.3   142.4   232.4   285.9   315.9   338.2   365.4   400.0   457.9   815.5  1727.5  2702.0  97021.0    97193
read      262.4   155.9    80.4   128.7   142.7   232.2   285.1   314.6   337.3   365.4   401.5   459.4   697.0  1836.9  2937.9 106939.0   107071
read      240.5    58.8   101.3   156.6   170.3   238.1   263.4   275.6   285.7   295.8   310.5   331.9   383.5   642.5  1180.2  10939.0    10948
read      271.1    84.0    86.8   149.1   165.2   271.2   308.5   326.5   339.6   355.5   374.8   404.6   473.8   632.0  1507.6  28246.0    28130
read      305.4   241.2    74.4   135.2   150.4   268.7   331.8   369.5   396.1   427.0   466.6   535.4   927.3  3403.1  7824.7  51728.0    51359
read      291.3   163.2    80.4   131.2   145.8   263.4   327.6   364.5   391.9   422.6   460.9   522.6   757.1  1790.5  3960.1  55882.0    55853
read      299.9   317.4    80.4   129.7   144.3   241.3   298.3   331.7   357.3   390.4   439.3   576.5  1441.4  5032.4  7957.6  90324.0    90627
read      261.1   160.0    74.4   126.6   140.6   229.7   283.4   313.4   335.8   363.4   398.3   456.6   744.3  2044.9  3074.1 102632.0   102228
read      264.7   154.8    74.4   128.8   143.0   234.1   288.3   318.7   341.8   369.5   403.1   462.9   731.2  2036.2  2986.0 105184.0   104734
read      265.1   161.2    80.4   129.1   143.6   235.6   288.6   318.7   342.0   370.6   405.6   465.8   668.9  2430.4  3455.8 106515.0   106083
read      254.4   124.4    80.4   126.8   140.7   229.4   283.6   313.3   335.7   362.2   395.5   445.2   578.0  1160.7  2719.3  95206.0    95336
read      260.4   154.8    80.4   127.6   141.8   234.2   290.6   320.1   342.3   369.8   402.4   452.0   580.8  2016.2  4178.9  76818.0    76589
read      248.4   108.9    74.4   125.6   139.5   226.1   277.6   306.2   327.3   352.6   385.4   434.6   553.0   884.0  1482.7 103904.0   103772
read      256.7   111.8    80.4   128.1   142.6   232.8   284.8   314.6   337.3   364.6   400.3   459.5   604.9   897.4  1817.1 109444.0   109839
read      252.9    67.4   101.3   154.1   168.9   254.0   282.4   295.8   306.0   316.7   331.8   354.0   402.2   573.7  1905.0  17473.0    17359
read      269.1    89.2    86.8   148.4   164.0   270.1   308.0   325.8   338.5   353.3   372.2   400.1   459.1   574.6  3204.8  31144.0    31011
read      256.8   102.1    80.4   128.0   142.1   237.5   294.4   323.7   344.7   369.5   398.0   441.7   531.4   696.6  1166.3  67541.0    67619
read      256.0    64.9   101.3   154.5   170.5   257.8   285.2   298.1   308.5   319.0   336.3   364.0   418.9   597.4   962.2  17509.0    17471
read      266.5    81.3    93.8   152.1   168.1   268.3   301.4   316.8   328.4   341.7   360.4   388.2   442.9   549.9  2129.8  24291.0    24062
read      272.2   110.4    86.8   147.5   163.3   267.3   304.7   324.2   338.8   356.6   379.3   411.4   514.5  1257.9  3315.7  23540.0    23520
read      300.4   207.7    80.4   132.0   147.0   264.6   331.5   370.2   397.4   428.7   469.7   536.2   917.5  2728.0  4645.7  56454.0    56489
read      291.9   226.7    80.4   126.6   140.9   249.6   317.7   359.3   388.9   423.4   466.7   536.9   912.0  2727.8  7540.8  69475.0    69348
read      313.7   433.7    80.4   131.9   147.5   245.5   299.8   331.2   355.3   384.3   425.0   509.4  2468.9  6498.6  7964.0 108462.0   108974
read      252.3   106.7    74.4   124.9   138.7   229.5   285.2   315.6   338.0   365.0   397.2   442.6   551.6   869.7  1344.0  78763.0    79285
read      264.0   121.6    80.4   132.3   147.1   248.8   304.0   331.2   349.9   372.6   398.9   435.2   518.1   782.8  4119.7  54097.0    54257
read      273.5    99.6    80.4   141.9   157.5   268.9   316.5   339.0   355.2   373.8   397.4   431.0   502.5   686.1  2380.9  39727.0    40106
read      271.7    89.9    80.4   145.0   161.5   271.2   312.1   331.9   344.9   362.0   382.4   413.3   486.0   602.2  2015.2  31433.0    31207
read      259.2   129.6    74.4   128.2   142.0   230.5   285.0   316.1   338.8   366.2   401.5   459.8   686.5  1480.0  2109.3  94410.0    94507
read      226.2   202.0   109.4   151.5   162.6   212.5   233.9   246.7   255.1   266.2   279.1   304.0   387.5  1732.5  8028.0   5530.0     5506
read      249.1    60.6   101.3   156.5   171.0   248.8   275.2   288.9   297.5   310.4   324.7   346.6   402.2   591.7   766.1  14253.0    14400
read      339.1   328.3    80.4   132.7   148.7   262.4   340.3   393.2   434.3   487.7   560.1   722.8  1567.8  4638.2  7806.9  78577.0    78967
read      301.8   240.4    80.4   128.9   143.5   253.8   324.7   371.9   402.7   443.4   494.9   575.2   851.2  3962.4  5022.8  69142.0    69388
read      287.2   157.0    86.8   141.2   156.7   273.3   321.4   348.1   368.0   389.3   414.9   458.0   630.4  2098.6  4013.8  35344.0    35215
read      296.2   200.3    80.4   131.4   146.4   261.5   327.2   367.2   395.8   429.6   471.9   539.9   758.2  2896.2  4702.1  58709.0    58494
read      300.8   242.7    74.4   129.7   144.3   256.7   326.0   368.8   398.6   434.1   481.6   549.7   887.3  3545.9  5724.8  65815.0    65990
read      284.3   137.7    80.4   135.7   151.4   266.3   322.9   354.7   377.4   402.0   432.9   481.3   616.0  1466.9  3853.6  44455.0    44222
read      272.3    98.7    86.8   155.3   170.5   268.7   302.5   319.8   333.6   348.1   369.1   400.0   485.0  1278.0  2673.3  19528.0    19337
read      377.9   476.2    80.4   132.4   149.5   261.0   327.4   374.6   415.9   480.1   610.3  1036.9  2466.4  5677.6  8049.6  98321.0    98916
read      251.7   109.5    74.4   126.1   139.9   229.6   284.4   313.6   335.6   361.7   393.4   436.8   545.7   825.0  2591.3  87520.0    87381
read      269.6    89.7    80.4   141.0   156.8   267.1   311.7   333.4   348.2   366.4   388.4   421.1   489.1   594.4   943.2  40163.0    40281
read      268.9   106.1    80.4   141.8   157.3   266.2   310.0   330.7   344.7   363.0   384.1   412.4   475.7   662.5  5169.8  38014.0    37810
read      254.1   118.1    74.4   126.2   140.4   230.3   283.9   313.3   335.0   361.9   395.7   446.1   574.6  1160.3  2795.9  88798.0    88453
read      249.9   104.8    74.4   127.6   141.2   228.2   280.2   309.5   330.6   356.3   388.8   433.9   540.8   811.6  1227.8 101733.0   101489
read      261.4   103.6    74.4   129.9   144.3   245.1   300.8   330.0   350.0   373.4   402.5   442.1   533.6   717.0  1098.6  60459.0    60562
read      252.3   111.1    74.4   124.9   138.9   231.8   287.7   317.1   338.4   363.3   394.7   438.2   532.2   711.4  2058.3  74731.0    74653
read      248.5    69.7    93.8   159.8   175.5   246.7   271.5   284.9   293.8   305.5   318.9   342.7   399.4   636.8  1724.7  11668.0    11749
read      266.6   101.3    80.4   135.4   150.2   257.9   309.9   334.9   352.1   371.7   396.6   432.4   501.2   611.7  2779.5  48484.0    48618
read      252.5   135.0    80.4   126.7   140.6   228.4   281.1   310.2   331.9   358.8   392.0   439.6   549.5  1070.5  4849.8  95542.0    95605
read      252.5   109.5    74.4   127.4   141.4   230.2   283.5   312.4   333.9   360.0   392.6   439.9   559.1   845.6  2351.8  92722.0    92625
read      258.1   106.2    80.4   129.5   144.0   235.9   290.9   320.8   342.8   369.9   402.3   451.2   558.3   746.2  1374.8  82196.0    82221
read      273.4    96.8    80.4   141.4   157.4   264.1   314.4   340.0   358.1   378.1   403.1   442.0   518.1   662.1   851.3  46879.0    46975
read      251.7   109.0    74.4   126.3   140.6   229.0   281.4   310.4   331.5   358.0   392.3   443.4   566.2   919.8  2280.0  96158.0    96256
read      253.2   109.2    74.4   127.9   142.0   231.2   283.1   311.9   333.1   359.3   392.4   443.6   561.9   855.6  1583.0 102665.0   102722
read      261.2   120.0    74.4   130.2   145.1   236.1   289.0   318.6   340.7   367.9   402.8   462.2   649.0  1173.8  2001.0 109491.0   109956
read      253.6   104.5    80.4   128.7   142.8   232.2   284.9   313.7   335.0   361.1   393.7   440.5   546.4   890.9  1364.6  93114.0    93397
read      277.3   123.6    80.4   147.2   163.7   273.1   316.0   337.5   352.3   369.7   392.5   427.4   502.7   708.7  6595.8  36975.0    36796
read      267.7   182.5    80.4   131.7   146.9   247.9   303.9   333.1   353.9   378.8   409.0   452.5   547.1   942.2  7896.3  60142.0    60338
read      261.7   145.6    80.4   126.9   141.2   232.7   286.9   316.8   339.2   367.0   401.4   456.7   755.4  1806.8  2752.6  88089.0    88191
read      240.6    60.1   109.4   163.2   176.1   236.3   259.3   271.4   280.6   291.9   307.0   331.2   395.8   679.0  2069.9   7969.0     7900
read      273.7    94.2    86.8   151.8   168.5   275.0   309.7   327.5   340.6   356.3   374.6   405.6   464.1   588.6  2852.6  26324.0    26617
read      283.9   139.6    86.8   154.5   171.2   275.8   315.5   336.8   351.7   369.4   392.7   428.0   535.8  1315.3  3916.4  25147.0    25396
read      332.3   292.3    74.4   132.1   147.9   252.4   324.5   382.1   429.7   493.3   587.9   764.5  1369.8  3602.2  7390.7  87823.0    87872
read      335.8   435.4    80.4   132.1   148.4   255.3   315.2   351.9   381.0   416.4   467.2   593.6  3113.1  5204.5  8071.1 105151.0   105715
read      262.0   153.2    74.4   127.3   141.5   230.2   284.3   315.4   338.8   367.5   404.6   465.6   725.1  2010.6  3130.4 108259.0   108698
read      264.5   103.4    86.8   132.3   147.3   249.4   304.1   332.6   352.7   375.1   403.8   444.2   537.4   737.1   970.9  55451.0    55441
read      265.4   153.9    80.4   129.2   143.7   235.7   289.7   319.0   341.3   368.1   403.3   463.8   741.4  1856.9  3112.3 105019.0   105384
read      254.6   113.4    80.4   127.8   142.1   231.0   283.0   312.9   334.9   361.2   394.9   448.5   589.9   979.9  2820.0 106751.0   106644
read      250.6   102.2    74.4   125.3   139.2   229.3   283.8   313.5   335.6   361.4   392.6   436.6   539.3   741.4   940.2  85071.0    84799
read      253.7   112.4    93.8   159.5   174.8   252.4   278.8   292.5   302.1   313.1   326.6   347.6   403.6   661.9  3149.5  13455.0    13372
read      272.2    78.1    86.8   152.4   168.9   274.1   308.3   325.4   338.2   353.0   372.5   401.1   457.0   572.5   889.3  25508.0    25818
read      283.5   131.7    80.4   137.9   153.5   269.2   323.5   352.6   374.3   398.5   427.9   472.1   585.3  1283.3  3217.8  43004.0    43197
read      258.1    76.9   101.3   153.6   169.5   257.0   286.7   301.8   313.1   326.4   344.6   372.3   431.5   721.0  1938.6  16508.0    16342
read      277.3   133.9    74.4   127.9   142.7   252.1   313.4   349.2   377.2   408.8   448.3   504.6   637.9  1199.3  2688.8  60069.0    60414
read      286.1   253.4    74.4   130.3   145.4   240.4   295.2   327.7   352.9   384.0   426.6   508.7  1049.7  3469.1  7614.0 104519.0   105092
read      270.3    80.4    86.8   148.3   164.9   272.1   308.1   325.6   338.3   353.1   372.5   401.7   464.0   576.4   781.2  29238.0    29202
read      225.6   164.3   109.4   152.8   164.0   215.0   238.8   250.5   259.1   269.9   284.7   308.9   372.7  1088.7  7979.7   5288.0     5224
read      260.9   143.9    80.4   129.2   143.1   232.8   285.6   315.2   337.2   364.2   398.6   455.1   680.7  1859.4  3394.9 103708.0   104734
read      273.0   192.6    80.4   131.0   145.9   240.4   293.7   324.7   347.9   376.8   413.7   472.1   757.8  2565.2  5020.7 107035.0   106273
read      265.3   104.4    80.4   135.3   150.8   256.9   307.1   332.0   349.4   368.1   391.3   426.3   502.7   644.9  1724.4  45066.0    44596
read      254.2   136.8    74.4   125.6   139.7   226.4   277.8   307.0   328.9   355.9   390.4   446.1   670.7  1767.0  3039.7 108432.0   108135
read      269.2    98.4    80.4   138.4   153.3   262.7   311.5   335.0   351.3   370.6   394.8   430.5   504.9   638.5  1878.2  41665.0    41488
read      258.0   143.1    80.4   125.6   139.7   233.5   290.2   319.4   341.7   367.7   398.0   444.0   587.6  1676.0  4213.4  68228.0    68048
read      252.8   133.7    74.4   123.5   137.7   225.1   277.6   307.1   328.7   356.0   392.0   446.6   679.8  1740.6  2477.1 100649.0   101205
read      267.1    99.5    80.4   152.3   169.0   266.8   298.8   315.1   326.6   340.1   358.7   387.8   459.6   709.9  3975.3  22358.0    22018
read      253.2    98.6    93.8   156.1   172.4   252.6   279.6   293.1   303.0   314.4   329.8   354.7   409.3   595.9  2885.0  14860.0    14763
read      252.3   121.0    80.4   123.9   137.7   228.1   283.5   313.5   335.6   362.4   395.8   445.3   595.1   942.7  3105.8  80555.0    80132
read      234.4    60.7   101.3   157.4   170.1   230.8   254.6   267.0   274.7   286.5   299.5   320.7   377.5   543.3  2231.8   8177.0     8180
read      265.3    80.5    80.4   156.2   172.2   266.6   297.0   312.1   321.8   335.8   352.1   378.7   430.9   579.7  2034.1  20362.0    20631
read      424.5   573.6    74.4   141.7   161.5   283.0   346.6   389.9   426.7   484.5   606.5  1353.3  3349.7  5676.4  9506.7 108435.0   109472
read      266.9   115.5    80.4   134.6   149.7   257.6   308.7   333.5   349.8   369.8   394.2   428.2   503.0   933.1  2950.8  47034.0    46664
read      227.6    56.1   109.4   157.8   169.9   221.5   244.1   255.7   265.5   275.2   290.4   312.8   371.7   664.6  1942.5   6249.0     6150
read      256.4    64.1    93.8   157.9   173.6   257.6   284.6   297.8   308.0   318.3   334.8   360.2   418.5   624.9  1032.7  16612.0    16610
read      278.6   108.2    80.4   137.7   152.6   267.8   320.4   349.0   370.2   393.8   422.0   462.8   550.8   797.7  1075.0  42466.0    42753
read      239.1    60.9   109.4   155.5   169.1   235.3   261.2   274.1   284.1   294.5   310.4   337.0   399.5   604.9  2045.5   9467.0     9304
read      237.0    70.5    93.8   155.0   167.6   231.8   257.6   271.3   281.3   292.7   308.7   334.0   396.6   657.9  3804.6   8852.0     8734
read      359.8   377.9    74.4   133.9   150.6   262.4   334.7   388.2   435.7   505.1   626.7   867.3  1994.8  4033.2  8803.8  88843.0    89512
read      283.1   150.3    80.4   127.4   141.2   253.4   317.9   355.4   384.1   417.4   458.5   522.2   726.7  1613.9  3061.1  58575.0    58784
read      314.2   324.4    74.4   131.1   146.6   245.8   303.1   338.8   368.3   406.2   469.2   662.3  1712.8  3997.7  7569.5 103942.0   104359
read      236.4   127.2   101.3   157.0   170.1   229.9   253.9   266.9   275.2   286.4   298.0   321.2   384.7   688.2  8873.1   8823.0     8750
read      266.9    86.9    86.8   143.7   159.7   266.4   306.1   324.9   338.3   354.1   373.8   403.3   463.8   627.0  1246.3  31747.0    31858
read      274.8   140.8    86.8   154.1   170.5   268.9   304.5   322.6   337.1   353.7   374.7   403.6   488.3  1373.1  7726.9  20513.0    20648
read      337.6   376.5    80.4   131.2   146.6   251.7   319.9   369.6   410.1   466.9   561.2   760.4  1667.5  4990.0  8592.1  91293.0    91120
read      255.9   119.3    68.9   127.6   141.1   230.1   284.0   314.2   337.1   363.9   396.5   448.1   650.4  1234.5  1905.8  92122.0    91975
read      254.7   112.7    74.4   125.6   139.3   230.6   286.4   317.0   339.8   367.1   400.4   452.8   574.5  1007.5  2104.9  79881.0    79487
read      250.6   125.1    74.4   123.3   137.1   224.5   276.8   306.1   327.8   355.1   391.1   445.5   655.0  1164.1  1872.7  93800.0    93804
read      265.3   127.5    80.4   133.7   148.5   254.1   307.6   333.5   351.4   370.9   395.3   430.7   509.3   680.7  6670.0  47674.0    47660
read      263.5   103.0    80.4   131.1   145.7   250.5   305.7   333.0   352.0   373.3   400.4   438.3   521.5   719.6  2494.9  53733.0    53383
read      262.2   103.5    74.4   130.4   144.7   244.4   303.3   332.1   352.2   376.0   403.9   445.3   533.5   757.0  1164.2  61003.0    60697
read      264.7    76.8    80.4   155.7   172.1   265.9   296.3   311.7   321.5   336.3   353.6   380.1   433.5   611.8  2771.2  19996.0    19954
read      256.5   122.4    80.4   126.3   140.0   232.9   289.0   319.0   341.0   367.7   399.7   448.4   582.6  1043.4  3536.2  76982.0    76807
read      248.0   109.3    74.4   125.7   139.5   224.9   275.9   304.6   325.7   351.7   385.4   433.2   554.9  1036.3  1771.2 102855.0   102724
read      271.8    89.2    80.4   143.2   159.2   271.4   313.7   334.5   348.6   365.7   386.5   417.2   471.5   581.6  1074.5  36368.0    36517
read      249.8   104.5    74.4   125.7   139.2   227.4   281.5   311.0   332.3   357.9   391.8   439.8   541.6   787.7  1099.5  90712.0    90439
read      251.3   109.2    74.4   125.9   140.1   228.5   281.6   310.8   332.5   359.3   393.0   439.3   555.1   902.1  1636.0  92602.0    92826
read      250.8   106.3    74.4   127.2   140.9   228.5   281.3   310.6   332.1   358.6   391.6   436.9   549.4   826.2  1894.6  99423.0    99778
read      250.2   115.1    74.4   125.6   139.4   227.5   281.2   310.2   331.2   357.1   389.8   436.6   551.4   895.4  1787.2  87066.0    87276
read      257.8   108.8    74.4   128.6   142.4   238.7   296.0   324.5   345.6   370.3   399.8   439.3   525.2   718.2  3100.9  67421.0    67275
read      244.6    93.3   101.3   157.5   172.1   239.7   265.3   278.7   288.6   299.0   314.7   340.4   400.0  1482.8  2947.8  10129.0    10087
read      268.5   108.0    74.4   138.4   153.4   263.7   310.2   333.0   348.5   367.6   390.7   423.8   492.7   630.3  4225.2  41706.0    41900
read      259.7   100.0    80.4   129.5   144.2   244.1   300.4   328.3   347.3   371.1   399.2   435.4   519.5   708.4   873.9  59863.0    60263
read      254.1   114.4    74.4   125.9   139.9   232.0   287.2   317.0   338.6   364.4   397.1   444.5   559.7   896.4  1374.4  79196.0    79470
read      263.8    71.9    93.8   153.4   169.6   266.4   296.4   311.3   320.7   334.6   350.4   378.5   437.9   609.0   806.9  20960.0    20947
read      256.0   110.1    80.4   127.0   140.8   232.3   289.3   320.1   342.8   370.0   402.7   451.7   561.0   820.5  2775.3  79051.0    79025
read      254.4   120.9    74.4   126.2   140.2   228.0   281.4   311.2   333.6   361.4   396.4   449.8   658.8  1214.1  1985.7  93544.0    93419
read      254.0   115.2    74.4   126.3   139.9   229.5   284.2   314.3   336.2   362.6   395.7   445.2   590.7  1248.8  1762.0  86607.0    86804
read      243.9    66.1    93.8   157.0   171.6   241.2   267.6   281.0   290.6   301.7   316.6   340.6   397.6   628.4  2025.9  11441.0    11405
read      269.7    96.3    80.4   142.2   158.2   266.9   309.2   330.0   344.5   362.1   383.5   416.6   480.4   594.4  2888.8  34072.0    33882
read      231.5   101.2   101.3   152.8   165.4   223.0   248.6   262.3   271.6   283.3   296.7   321.1   411.6   690.6  5184.1   8658.0     8430
read      228.5    83.4   101.3   152.1   163.4   218.6   244.5   256.8   266.1   275.3   290.8   314.7   421.7  1389.1  1976.9   7948.0     7942
read      346.7   428.9    80.4   134.4   151.4   262.6   324.0   361.7   390.5   427.0   486.3   650.5  2782.6  4620.9  7960.2 104215.0   105057
read      260.5   127.0    80.4   126.8   140.7   233.8   289.5   320.1   343.3   371.5   407.6   461.6   670.9  1274.3  2372.0  82560.0    82445
read      267.2    91.8    80.4   139.4   154.2   263.2   309.6   331.5   346.1   365.7   388.9   422.5   494.5   606.8   872.6  40303.0    40392
read      257.0    70.8   101.3   158.3   175.1   257.5   284.1   297.7   308.3   319.0   336.1   362.1   417.1   630.2  2093.7  16510.0    16556
read      263.2   189.5    74.4   127.4   141.4   231.6   286.1   315.9   338.0   365.2   398.8   453.5   692.5  2725.5  5882.3  91313.0    91947
read      270.5    84.0    80.4   148.5   164.8   271.7   308.5   326.2   338.8   354.1   373.8   402.4   462.1   580.1  1908.0  28540.0    28551
read      252.1   113.1    68.9   125.4   139.3   231.2   286.2   315.1   336.3   361.4   393.7   437.2   534.9   755.2  3787.8  78232.0    78108
read      261.4    89.8    86.8   154.4   171.8   261.4   290.5   305.5   315.6   328.2   343.7   371.0   430.5   637.6  4245.4  18655.0    18719
read      252.2    63.3   101.3   157.3   173.3   252.6   278.5   291.3   300.2   312.5   327.3   350.2   403.7   579.3   740.5  13040.0    13168
read      283.6   119.9    80.4   135.7   151.5   266.1   324.5   357.5   381.2   407.7   441.6   492.6   612.7   853.3  2130.0  48561.0    48375
read      288.5   221.2    74.4   129.6   144.6   240.6   296.7   330.1   356.4   390.0   436.5   555.7  1165.7  2779.5  3474.6  98055.0    98215
read      259.4   102.4    74.4   128.5   143.0   242.1   299.0   327.7   347.3   371.6   402.1   440.6   525.2   690.9   939.8  62077.0    62057
read      249.4   106.9    74.4   124.7   138.9   227.0   279.7   308.8   330.6   356.7   388.9   435.0   552.2  1002.7  1341.7  95029.0    94693
read      248.7   108.6    74.4   124.8   138.8   226.3   279.5   308.7   330.2   356.3   388.8   434.8   544.0   876.9  1805.7  92983.0    92475
read      250.9   116.6    80.4   124.8   138.8   228.1   282.2   311.2   332.7   358.7   391.2   436.7   552.9   973.9  2887.5  83732.0    83505
read      253.1   109.1    80.4   127.5   141.3   229.8   281.5   310.9   332.5   358.8   392.7   448.6   595.3   911.8  1484.8 109968.0   109987
read      256.2   125.3    74.4   127.6   141.6   231.8   285.6   314.7   336.7   363.5   397.3   448.9   582.7  1244.5  4018.9  93493.0    93810
read      262.6   106.1    74.4   130.9   145.8   249.3   303.5   330.4   348.3   371.3   398.3   435.5   509.7   705.8  2705.4  55996.0    56123
read      267.2    73.8    93.8   155.6   172.1   269.1   299.3   314.5   325.3   339.4   357.3   385.2   450.6   542.4  1380.5  20555.0    20359
read      266.8   136.3    80.4   132.0   146.4   249.7   306.0   333.0   351.7   373.7   400.8   441.1   538.8  1793.2  4003.0  53642.0    54191
read      250.2   115.7    80.4   124.3   138.3   224.6   277.2   306.4   327.8   354.0   388.7   441.1   646.2  1159.4  1463.6  98152.0    97761
read      257.4   153.9    74.4   125.4   139.4   228.4   281.4   311.4   333.6   361.2   396.6   452.9   693.0  1845.5  3717.5 102553.0   101798
read      240.8    61.6   101.3   155.0   169.1   238.5   264.5   276.5   286.1   295.8   311.0   335.0   396.8   686.0  1275.3  11727.0    11665
read      260.0   126.7    74.4   129.4   143.4   235.1   288.5   318.5   341.6   369.8   403.2   457.1   623.2  1125.7  2311.0  93120.0    93664
read      231.2    74.1    93.8   157.9   169.9   226.0   249.2   261.8   270.8   281.5   294.1   314.7   363.3   637.5  3566.5   7287.0     7403
read      254.8   111.4    74.4   125.9   140.2   232.9   289.5   319.7   341.3   367.2   398.9   441.8   556.6   831.1  1073.7  72946.0    73227
read      261.7   169.1    74.4   127.4   141.1   232.0   286.9   317.1   339.7   367.0   401.7   457.4   663.0  2126.7  5637.2  91170.0    91119
read      257.5   117.1    80.4   126.8   140.7   233.5   289.8   320.8   343.9   370.9   403.3   451.6   586.0  1023.0  2676.2  76956.0    76654
read      263.8   103.7    80.4   131.6   146.6   249.2   305.0   332.1   350.7   372.0   400.1   438.4   531.2   773.4  1437.1  52454.0    52293
read      258.1    93.0    93.8   158.2   174.6   257.6   285.2   298.8   308.7   318.7   334.7   358.6   412.3   679.0  3734.4  15094.0    15050
read      261.0   161.6    74.4   127.0   140.5   230.5   285.9   315.9   338.3   366.0   400.9   454.7   691.0  2365.9  3747.8  87948.0    88148
read      249.3    77.2   101.3   156.7   171.8   247.6   273.2   287.2   296.2   308.4   321.1   344.7   402.1   765.6  2143.6  13445.0    13524
read      264.8   113.1    80.4   132.8   148.2   251.2   305.7   332.5   351.3   372.5   397.9   434.0   506.9   784.9  2906.0  54794.0    54805
read      254.0    82.8   101.3   159.4   175.0   254.2   280.4   293.4   302.8   313.4   326.7   348.0   400.8   622.2  3635.0  14507.0    14412
read      255.0   100.7    74.4   127.5   141.3   235.6   291.9   320.7   341.8   366.9   397.4   439.3   529.6   687.4   957.7  68656.0    68941
read      251.3   108.0    80.4   125.9   140.0   228.4   281.5   311.1   332.5   358.5   393.1   442.8   562.4   875.7  1972.3  89934.0    89820
read      251.9   123.5    80.4   125.4   139.3   227.8   281.2   310.6   331.8   357.6   391.5   441.6   582.7  1116.8  2364.4  90645.0    91153
read      267.5    75.5    93.8   152.7   169.0   270.2   302.9   318.2   329.9   342.4   360.0   386.5   444.2   547.4  1592.1  24133.0    24369
read      265.8    97.1    74.4   134.0   149.7   255.8   306.3   331.4   349.7   371.2   397.6   436.4   524.9   643.3   770.0  42408.0    42486
read      277.6   117.6    80.4   145.9   162.3   272.4   312.6   334.6   350.6   370.4   396.2   433.0   545.8   869.8  5379.2  27805.0    27648
read      281.5   124.6    93.8   143.7   160.1   273.8   320.2   344.5   362.2   381.9   405.3   442.1   557.0  1023.9  2709.8  31939.0    31851
read      353.6   439.8    74.4   135.1   151.7   263.4   325.0   365.6   396.8   435.3   503.4   757.9  2307.6  5248.6  9897.8 100794.0   100322
read      259.2   144.1    74.4   126.9   140.7   230.1   283.8   314.4   337.0   364.8   401.6   457.5   685.6  1956.6  2848.9  94359.0    94014
read      259.6   100.7    93.8   156.3   172.1   258.3   286.5   300.2   310.6   321.1   338.4   365.0   427.5   873.5  3815.2  17003.0    16913
read      223.6    62.0   109.4   152.9   164.3   217.1   240.0   251.9   260.7   270.5   284.1   306.6   383.0   692.4  2269.1   6060.0     5947
read      254.3   114.1    80.4   126.1   139.9   231.1   287.2   317.3   340.2   367.5   399.2   447.1   560.3   795.9  2688.3  76122.0    77583
read      223.3   109.6   101.3   153.4   165.1   216.2   239.4   251.5   260.6   270.9   284.6   305.1   364.2   629.3  7751.9   6423.0     6265
read      264.0   124.4    74.4   131.0   145.3   245.9   303.5   331.4   351.3   375.9   403.8   444.8   539.3   819.1  3347.9  58664.0    58967
read      270.3   112.3    86.8   140.5   155.9   264.3   311.3   333.2   347.5   366.0   388.8   423.1   509.8   879.4  2840.0  40668.0    40532
read      264.0   106.9    80.4   132.4   146.8   249.0   304.8   332.9   352.3   374.3   402.3   439.5   535.8   721.0  1794.8  56104.0    56191
read      263.0   175.2    80.4   127.2   141.1   231.3   284.9   315.3   337.7   365.3   400.6   461.6   718.2  2677.0  4125.5 103378.0   103011
read      264.1    77.7    80.4   151.2   166.5   265.6   298.3   314.4   325.6   339.1   357.2   385.5   436.5   627.7  1008.0  24327.0    24501
read      259.3    98.0    80.4   130.6   144.9   245.1   301.3   328.0   346.2   369.2   395.1   430.4   504.5   612.9  1111.6  57464.0    57444
read      260.5   104.4    74.4   129.6   144.1   243.9   300.3   328.4   347.5   371.7   399.1   437.3   526.4   716.7  1283.3  60059.0    60289
read      252.0   108.6    74.4   127.7   141.7   229.3   281.0   309.6   330.5   355.8   389.2   440.8   581.1   977.9  1351.4 103554.0   103880
read      267.7    82.6    86.8   144.4   160.7   268.9   308.6   327.0   339.7   354.7   372.8   401.3   460.0   555.9   692.1  32395.0    32464
read      240.0    67.0   101.3   156.5   171.0   236.4   262.1   274.4   284.3   294.4   310.1   334.2   385.9   620.2  3009.6   9298.0     9285
read      261.9   119.4    80.4   131.1   145.8   236.9   290.6   320.8   343.2   370.0   404.5   463.2   634.4  1045.1  3154.8 109697.0   109877
read      263.5    71.8    86.8   151.9   168.2   266.1   298.0   312.8   322.5   336.4   352.7   378.5   434.1   535.2   691.6  22875.0    22850
read      268.5    91.3    80.4   142.3   157.9   267.3   310.6   330.9   344.2   361.6   382.7   413.7   478.4   614.4  1265.2  37731.0    37879
read      251.8   124.4    74.4   125.8   139.6   228.7   281.8   311.1   332.3   358.5   392.2   439.1   549.7   924.8  3374.3  90534.0    90611
read      266.3    94.0    74.4   138.5   153.3   261.5   308.9   331.2   346.3   365.6   388.3   420.0   486.5   622.3  1133.9  42395.0    42389
read      248.6   107.9    74.4   124.2   138.1   225.7   278.9   308.6   329.9   356.3   389.6   435.3   549.8   994.9  1790.1  89223.0    89747
read      263.7    97.7    93.8   154.7   170.8   261.4   291.7   307.1   317.1   331.0   348.2   374.9   441.1  1675.0  2745.1  18857.0    18888
read      257.3    69.2    80.4   154.0   169.2   259.7   287.7   301.6   311.4   321.4   338.2   363.3   420.8   573.3   986.9  18483.0    18342
read      254.5   109.3    80.4   126.5   140.2   232.5   288.1   318.0   340.0   366.6   399.6   448.0   551.8   799.6  1918.6  71333.0    71509
read      254.8   120.2    74.4   127.0   140.8   229.5   282.8   312.5   334.6   361.8   396.2   448.3   637.5  1100.5  1485.2  93972.0    93765
read      270.8    90.2    86.8   143.9   159.7   268.9   312.1   332.5   345.8   364.2   386.9   420.9   490.3   622.3  1439.2  35225.0    35150
read      243.0    58.6    86.8   155.4   170.5   241.7   267.4   280.7   290.1   300.5   314.5   336.6   385.7   636.9  1086.9  11660.0    11581
read      265.0    98.5    74.4   133.4   148.3   252.7   307.8   334.8   353.5   374.9   399.7   433.9   508.3   638.7   866.3  51127.0    51412
read      227.0    56.1    93.8   151.0   164.3   221.7   246.3   259.0   268.1   278.1   292.6   315.4   369.1   645.4  1908.7   8489.0     8462
read      268.2    82.2    86.8   147.4   163.4   269.0   305.5   323.3   336.6   351.4   371.3   403.4   470.0   587.5   737.3  28365.0    28740
read      248.9   129.2   109.4   155.3   168.3   240.7   269.2   283.9   293.9   306.5   320.4   348.0   423.7  3009.6  4270.1  11719.0    11652
read      322.0   374.5    80.4   131.3   147.1   250.2   307.4   342.3   370.4   405.4   459.3   617.9  1875.0  5274.2  7990.4  99220.0    99757
read      272.0    87.6    80.4   144.4   160.4   271.4   313.4   333.7   347.2   364.5   385.4   417.0   483.1   656.6   937.0  35493.0    35286
read      253.3   109.3    80.4   126.5   140.5   230.3   284.7   314.2   335.8   361.9   395.6   448.0   572.1   856.4  2155.4  88162.0    87947
read      238.4    99.9    93.8   156.2   170.2   234.1   258.2   270.8   280.0   291.4   306.4   329.6   379.4   660.0  6985.9   9859.0     9792
read      252.5    65.4   101.3   159.5   175.7   252.3   277.8   290.8   299.7   312.0   326.8   351.1   413.7   569.9  2141.8  13560.0    13638
read      258.7   131.7    74.4   128.2   142.1   234.9   291.4   321.8   343.6   370.4   401.6   450.0   564.8  1313.2  3052.1  75132.0    75307
read      251.5   113.2    74.4   125.5   139.2   228.5   282.2   311.9   333.9   360.6   394.1   442.8   562.6   843.0  1877.8  91757.0    91207
read      252.1   103.9    74.4   125.4   139.6   230.2   286.2   315.7   337.4   362.9   394.3   441.2   543.6   788.2  1245.9  81861.0    81855
read      254.9   116.1    80.4   127.9   141.8   231.6   284.3   313.4   335.2   361.9   395.8   447.9   584.1  1020.3  3381.4  99614.0   100069
read      268.3    85.1    74.4   146.2   162.0   269.5   307.8   326.0   339.0   354.2   372.6   403.3   464.4   654.1  1014.0  31951.0    31951
read      255.7   131.0    80.4   128.1   142.0   230.2   282.4   312.2   334.5   361.5   396.0   448.5   625.5  1097.0  3185.3 105477.0   104976
read      250.3   104.5    80.4   125.3   139.4   227.9   282.5   311.9   333.4   359.4   392.6   437.9   550.7   851.7  1133.5  87478.0    87502
read      252.9   104.4    80.4   127.2   140.7   231.8   286.9   316.0   337.8   363.2   394.1   437.8   544.4   752.8  1380.3  80577.0    80028
read      265.7   103.6    80.4   135.7   150.8   259.3   308.3   332.3   348.1   367.3   390.8   423.9   491.6   617.0  4435.7  44544.0    44225
read      256.8   106.3    80.4   128.4   142.0   235.5   292.3   321.2   342.7   368.4   400.7   447.2   543.5   764.2  1151.8  72495.0    72415
read      249.7   122.0    74.4   123.9   137.9   225.6   279.6   309.3   330.7   356.2   389.4   434.8   561.2  1081.7  2840.3  88136.0    87807
read      257.3   107.8    80.4   128.4   142.2   238.7   295.8   325.0   345.7   369.4   399.3   438.2   514.7   679.6  3109.4  65641.0    65557
read      254.8    62.8   101.3   159.9   174.9   254.8   282.1   295.4   305.8   317.0   332.8   356.2   408.2   606.7  1124.8  14463.0    14385
read      269.7    88.3    86.8   149.7   165.5   270.9   307.7   324.8   337.2   350.9   369.9   398.7   459.8   569.1  3796.7  27343.0    27635
read      263.5    90.8    93.8   149.8   164.0   260.8   293.7   310.7   321.9   337.5   357.1   389.0   506.0  1036.1  2033.1  20732.0    20715
read      284.2   149.0    74.4   129.7   144.5   259.6   321.9   358.6   385.6   415.0   451.1   504.3   677.8  1555.5  2926.7  55745.0    55783
read      293.8   220.9    74.4   124.5   138.9   240.9   309.6   355.1   391.7   436.8   491.4   587.0  1031.5  2961.7  4131.0  80889.0    80848
read      386.3   460.4    74.4   135.0   151.4   266.1   343.1   402.5   454.5   528.3   649.5   998.0  2489.5  5543.5  7920.0  82700.0    82586
read      334.4   458.7    74.4   131.1   147.4   250.5   310.4   345.9   373.8   409.4   463.3   597.0  3181.9  6238.2  8084.3 104545.0   104093
read      262.5    96.4    74.4   133.2   147.9   251.8   305.2   330.6   347.5   369.0   393.4   427.9   505.6   656.6   968.4  50065.0    50265
read      263.2    99.4    80.4   131.8   146.7   250.9   306.0   332.3   351.0   373.3   397.8   433.2   509.4   693.4  1592.3  52056.0    51931
read      244.9   140.8   109.4   156.5   170.4   236.9   262.9   275.9   286.7   297.5   312.5   336.2   408.7  2101.6  5118.8  10808.0    10802
read      255.3   111.9    74.4   126.0   140.0   231.9   287.7   317.6   339.3   365.6   398.7   448.6   587.4   967.7  1570.3  79448.0    79916
read      263.3    95.6    80.4   134.0   148.5   253.0   307.1   332.5   349.8   370.0   393.9   427.7   498.8   632.5  1413.2  50287.0    50498
read      255.2   115.7    80.4   126.5   140.3   232.9   289.1   318.8   340.9   367.3   398.3   442.4   549.1   978.0  2640.7  75396.0    75863
read      252.3   114.8    80.4   126.8   140.6   229.2   283.6   313.3   334.9   360.9   393.9   439.7   557.8   808.5  3523.8  89347.0    88817
read      269.5   103.9    86.8   149.0   164.5   269.9   305.8   322.8   335.7   349.5   370.6   399.2   462.6   649.7  4308.1  28222.0    27861
read      269.6    85.8    86.8   145.9   161.9   269.1   309.7   328.3   341.2   358.3   380.0   410.2   470.9   620.0   786.9  33659.0    33910
read      257.2   110.0    74.4   128.0   142.0   239.1   294.8   322.6   343.7   368.5   397.1   438.3   527.8   759.9  1954.9  65432.0    65491
read      261.5   116.2    80.4   130.4   144.8   244.6   300.4   328.8   348.9   372.7   400.3   437.7   521.9   740.0  3231.1  60391.0    60507
read      252.3   103.3    74.4   127.0   140.6   230.8   285.3   314.9   336.6   362.2   394.2   439.6   537.9   850.6  1376.6  83749.0    84276
read      264.7   102.9    80.4   134.5   149.3   255.5   308.4   333.8   351.2   371.5   395.7   429.9   502.9   631.3  1125.7  51371.0    51201
read      267.8    80.0    86.8   154.3   170.3   268.7   300.9   316.5   328.1   341.6   360.4   389.7   452.3   623.0  2326.1  22820.0    22706
read      268.8    85.9    80.4   145.0   160.5   268.0   309.9   330.0   343.9   360.4   379.3   408.1   465.6   576.2  1564.7  33062.0    33092
read      256.5   103.9    80.4   127.3   141.1   236.9   294.0   323.3   344.7   368.9   398.8   439.6   542.4   767.3  1158.4  66825.0    67167
read      258.0   128.3    74.4   128.1   142.0   232.0   284.4   314.2   336.7   363.9   398.5   455.0   670.6  1313.4  1931.4  97944.0    97349
read      265.9   155.3    80.4   129.9   144.0   234.3   287.9   318.5   341.8   370.4   406.2   469.4   756.6  1959.3  2968.2 105438.0   105743
read      265.6   102.6    80.4   132.9   148.0   250.9   308.1   335.6   355.1   377.6   402.5   440.9   532.6   682.3  1869.4  53562.0    53600
read      267.6    86.3    93.8   152.6   169.0   267.6   299.7   315.7   327.6   341.6   360.9   390.4   454.6   915.5  1475.7  21600.0    21310
read      254.1   108.6    68.9   125.7   139.4   231.3   287.1   317.7   340.4   367.5   400.0   447.2   560.7   815.2  1772.5  76238.0    76417
read      264.2    95.0    80.4   135.6   151.0   257.4   306.5   330.2   346.1   365.3   388.9   423.3   499.4   639.3   966.0  44028.0    43763
read      254.5   111.4    80.4   124.6   138.8   231.4   288.3   319.0   341.1   367.5   399.1   444.6   568.9   883.1  1568.8  74019.0    73896
read      256.6   137.1    74.4   125.0   139.1   228.2   282.1   311.9   334.0   361.7   397.0   454.6   702.7  1603.1  2974.0  97615.0    97794
read      265.5    73.7    93.8   155.9   171.8   267.4   296.9   312.7   323.1   336.2   351.6   378.8   431.2   607.7  1955.3  21610.0    21446
read      269.1   119.5    80.4   134.9   149.8   257.1   310.2   335.9   354.3   375.3   402.2   436.6   518.1  1101.7  3275.4  49958.0    49988
read      233.4    57.2   109.4   158.0   172.4   229.7   251.1   263.4   272.1   283.4   296.2   317.7   375.6   633.4  2084.2   7095.0     7122
read      252.7   104.6    80.4   126.6   140.2   230.3   285.0   315.0   338.0   364.6   397.1   444.3   551.8   783.3  1052.9  83326.0    83763
read      268.4    94.2    80.4   140.4   156.1   264.5   310.0   331.8   346.3   365.0   387.7   421.3   489.9   617.3  1733.7  40967.0    41140
read      250.6   127.9    74.4   124.9   139.0   225.9   278.4   307.7   329.2   356.3   392.2   444.3   580.2   999.8  5196.9  95042.0    95462
read      253.7   115.1    74.4   128.4   142.3   229.1   281.5   311.0   332.9   360.1   394.7   445.3   588.6  1067.5  2132.3 104138.0   104165
read      255.5   120.0    74.4   128.5   142.2   230.9   283.7   313.2   335.2   361.9   397.2   450.5   604.3  1006.4  2943.5  99985.0   100019
read      270.3    88.3    80.4   145.2   161.0   269.4   311.4   331.7   345.1   362.5   382.9   412.5   469.1   581.0  1139.8  35527.0    35421
read      261.8    99.4    80.4   130.7   145.6   247.9   303.8   331.2   349.8   371.5   396.6   433.5   510.8   681.2   822.9  55658.0    55637
read      267.7    87.7    68.9   140.8   156.4   264.8   308.4   329.2   344.1   362.9   385.6   418.7   487.7   590.9   716.6  35011.0    34477
read      271.3   121.8    80.4   141.0   156.5   266.1   310.8   331.9   345.9   365.0   387.5   420.0   496.5  1727.3  3053.4  37465.0    37440
read      255.4   104.7    74.4   126.8   140.7   235.8   292.8   322.4   342.9   368.8   397.1   436.8   536.1   724.8   908.6  64924.0    64960
read      262.9   117.8    80.4   130.3   144.6   244.7   301.8   331.5   352.1   375.5   401.6   442.4   546.2   865.6  3987.7  58347.0    58635
read      263.7    71.6    86.8   154.0   169.8   266.2   295.9   311.0   320.6   334.8   351.1   377.3   435.6   614.1   932.7  21531.0    21487
read      256.3    83.9   101.3   157.5   173.1   255.9   283.4   296.4   307.2   318.2   334.4   358.9   421.7   629.3  3641.3  14610.0    14640
read      276.9   114.4   101.3   152.1   168.3   271.3   307.2   326.1   341.1   359.0   381.4   417.4   516.5  1350.5  2371.6  22128.0    21957
read      294.3   188.2    80.4   137.3   152.8   269.9   327.7   359.7   382.7   408.3   440.2   490.5   759.2  2966.2  6288.9  43599.0    43413
read      281.7   196.7    80.4   124.7   138.9   244.6   309.7   348.7   379.2   413.3   453.9   512.9   751.3  2562.0  5048.3  68504.0    68826
read      280.3   142.0    80.4   135.0   150.8   264.7   318.4   347.8   370.8   395.6   425.0   466.9   567.1  1639.1  4155.7  42251.0    42244
read      300.8   233.1    80.4   129.5   144.0   258.5   327.1   371.9   401.7   436.6   484.2   552.9   824.2  3315.0  7433.6  65515.0    65554
read      302.3   248.5    74.4   128.0   142.2   251.6   320.2   364.6   398.2   436.4   487.7   578.4  1063.1  3661.9  4688.5  72068.0    72635
read      225.0    95.2    93.8   150.2   161.0   215.5   240.1   253.1   262.6   272.6   287.3   310.7   387.2  1429.1  3823.5   8227.0     8234
read      298.8   244.4    74.4   125.6   140.1   240.7   309.8   357.2   395.3   441.1   502.4   616.6  1007.3  3475.7  5408.4  85102.0    85104
read      338.6   353.7    74.4   129.7   144.8   243.7   309.3   361.9   415.4   497.5   625.3   836.5  1608.8  3976.9  7794.5  97168.0    97153

Total QPS = 58249.9 (104849904 / 1800.0s)

Total connections = 64
Misses = 0 (0.0%)
Skipped TXs = 0 (0.0%)

RX 25897925300 bytes :   13.7 MB/s
TX          0 bytes :    0.0 MB/s
Warning! Detected max cpu usage > 95%
CPU Usage Stats (avg/min/max): 99.92%,28.35%,100.00%
