Random waveform, supplied seed
Total number of intervals = 900 (6927, 52892, 98921, 61129, 40613, 53226, 38560, 103465, 104758, 94759, 37799, 8296, 69443, 12517, 43591, 20430, 93758, 10485, 16518, 83230, 5484, 55611, 20774, 96726, 32442, 73039, 74055, 51197, 59442, 35654, 78747, 42212, 52488, 36950, 16762, 79473, 61431, 87172, 108181, 80515, 37149, 13444, 72057, 70041, 90162, 52082, 24258, 72013, 58012, 45398, 50177, 34504, 66010, 73937, 55020, 53235, 97743, 5419, 14764, 7451, 48208, 16149, 78989, 18886, 75954, 44409, 16431, 85707, 58253, 103867, 21604, 90401, 84467, 99700, 32052, 18173, 67789, 51929, 83850, 18614, 29315, 108090, 27024, 49907, 9150, 34328, 51881, 14569, 81517, 78694, 93409, 39093, 18729, 70818, 21942, 91810, 39588, 40957, 62645, 15539, 107672, 32954, 58866, 23739, 54701, 60706, 72350, 58661, 34912, 103268, 38703, 83358, 57408, 86837, 33517, 66204, 73758, 99742, 109462, 94453, 44096, 100467, 8576, 59359, 7614, 60329, 43762, 67038, 26095, 71173, 109276, 13150, 61250, 84472, 82226, 27671, 98736, 106314, 105027, 96867, 89493, 50538, 22083, 48618, 94298, 63579, 64573, 77178, 29824, 64495, 20917, 85651, 61935, 50216, 72251, 71798, 19701, 24952, 81838, 26648, 24837, 29420, 103882, 70314, 61679, 49557, 19325, 9128, 94933, 24327, 71896, 93771, 20452, 42338, 72627, 80603, 49049, 92305, 56889, 78036, 71583, 72609, 107382, 86530, 16550, 84534, 72631, 49291, 62175, 80213, 16566, 53985, 101949, 24076, 52574, 106271, 105451, 86087, 29108, 101115, 74326, 75832, 94901, 15809, 28874, 51882, 32653, 41676, 63019, 99164, 47055, 62394, 98519, 32122, 49464, 24034, 77363, 91698, 38997, 86028, 83012, 15024, 56640, 97362, 107412, 65030, 79278, 47544, 105368, 58181, 56960, 14849, 63672, 48289, 11797, 10781, 49362, 102119, 46213, 97025, 18351, 21426, 43013, 67376, 36043, 6255, 102499, 26263, 56974, 40869, 46514, 11431, 58600, 68058, 54502, 64022, 52142, 101375, 40606, 47485, 48977, 38615, 80279, 75843, 67095, 41325, 55752, 85561, 14194, 88002, 90515, 109283, 26699, 37400, 19307, 11527, 83787, 22209, 75169, 73833, 94641, 61338, 91825, 77235, 37257, 32057, 108618, 72930, 43714, 87369, 56640, 97360, 79788, 11352, 87962, 40663, 59386, 48302, 19398, 82197, 77387, 72753, 7720, 46279, 42102, 90892, 39976, 61084, 16735, 45909, 28976, 84704, 101822, 92571, 12106, 58568, 51319, 21556, 14191, 29072, 16350, 86891, 104441, 8906, 42175, 51797, 76678, 19630, 100132, 40498, 108559, 23964, 70760, 99567, 107548, 53742, 103931, 60359, 9725, 52014, 40053, 86436, 23983, 66595, 26056, 51764, 40202, 76665, 11133, 80405, 79106, 97258, 36307, 28636, 41620, 75736, 44979, 31478, 37586, 108330, 64301, 11203, 7291, 87477, 77485, 42055, 26865, 94592, 66869, 17835, 55977, 82437, 15775, 87559, 105401, 88752, 94531, 101303, 86640, 84818, 20221, 43599, 52779, 89855, 48532, 107423, 46535, 47535, 49633, 30334, 17207, 106074, 48912, 96483, 39228, 92350, 85084, 81993, 101617, 16730, 71079, 108942, 55406, 42279, 21876, 34140, 42897, 18462, 100375, 41347, 101594, 47486, 73393, 51134, 58201, 71020, 72071, 93446, 28724, 59269, 74624, 52368, 9687, 44165, 6895, 55457, 61164, 108384, 33319, 97895, 39720, 68554, 86849, 30264, 100754, 98098, 86028, 93054, 42348, 29490, 18187, 95113, 8570, 62285, 52582, 34260, 59493, 58208, 93458, 18056, 94134, 37808, 53481, 25666, 108853, 41576, 70282, 45769, 92383, 12100, 67747, 68933, 63242, 72993, 51022, 67069, 24895, 68588, 42706, 49479, 64792, 73879, 31893, 74262, 57246, 91617, 55173, 108633, 15720, 99961, 102613, 57169, 56950, 49938, 5383, 39719, 36653, 69482, 46749, 65109, 46501, 109480, 69433, 58157, 70737, 34617, 77563, 90036, 36689, 46832, 104903, 14153, 21674, 5689, 37781, 15507, 102064, 71340, 79815, 44352, 109562, 86219, 47335, 41962, 45802, 13389, 95780, 87844, 55903, 100902, 70988, 53831, 26948, 32347, 41050, 56197, 94617, 71839, 79082, 107630, 60164, 97878, 63680, 73888, 65499, 96906, 103287, 49664, 32535, 46477, 7459, 74137, 57061, 34213, 7432, 41605, 32998, 61636, 64695, 14063, 91302, 6064, 41354, 19863, 19488, 14040, 19538, 20199, 106657, 92457, 92780, 68203, 81753, 57748, 21027, 49680, 82042, 93691, 45291, 30437, 67422, 69956, 35404, 80225, 105585, 20088, 12672, 15696, 25951, 65007, 10189, 78008, 12678, 15922, 41774, 38788, 34559, 54825, 42697, 12669, 70047, 96137, 92934, 20597, 66597, 59987, 58456, 59958, 98221, 55912, 39018, 18747, 60013, 85584, 84809, 85435, 94907, 16437, 78505, 77219, 86414, 73427, 100497, 96416, 71637, 33216, 58699, 53809, 72797, 107267, 55877, 70507, 46741, 36507, 30697, 25261, 25212, 33805, 76345, 95558, 28428, 21673, 89018, 46753, 34034, 47329, 56893, 38690, 79988, 107429, 43713, 76624, 71700, 40703, 95489, 18531, 99369, 29286, 42988, 69249, 7889, 51783, 38634, 86204, 109534, 45136, 59949, 61681, 76329, 44322, 20698, 84853, 75889, 98396, 53818, 26200, 54761, 12268, 52324, 106440, 7154, 87362, 43716, 26737, 41596, 85490, 77612, 78124, 69632, 39180, 15803, 36987, 19833, 46567, 57368, 36003, 68916, 93229, 46632, 93663, 106418, 60496, 109057, 96861, 86255, 25686, 17483, 29211, 55328, 87592, 23882, 44790, 12236, 42928, 103959, 97347, 68379, 92596, 10055, 29634, 9324, 30076, 100150, 27527, 95171, 40523, 11422, 9200, 42816, 10698, 22301, 48159, 39987, 33067, 62704, 52778, 75981, 74522, 14533, 5566, 78062, 82399, 108638, 93541, 47145, 109796, 26597, 7034, 72616, 13584, 19750, 109139, 15150, 74389, 87266, 108170, 103631, 44587, 66411, 89167, 35723, 85827, 78806, 89641, 14186, 52308, 56743, 38302, 71662, 36015, 65048, 72989, 76390, 24409, 85530, 8346, 69627, 70266, 89525, 70975, 46633, 16963, 109556, 91124, 51505, 93804, 58474, 43487, 61792, 59548, 43635, 27536, 42828, 109424, 78273, 60279, 35178, 67279, 80752, 35012, 7936, 8578, 89696, 5569, 26905, 42389, 84689, 59305, 44512, 72395, 74619, 67302, 57822, 8117, 106178, 25089, 68848, 98941, 78157, 109857, 108875, 86646, 83239, 51061, 89906, 56601, 71203, 95942, 71622, 97182, 27718, 46519, 83197, 79080, 69401, 45684, 18120, 21245, 39039, 67458, 42773, 20690, 63440, 41615, 97229, 86249, 20807, 26130, 30510, 43868, 55324, 20437, 9548, 12101, 72073, 21310, 90755, 51252, 53070, 48181, 97336, 91976, 94742, 66079, 79328, 45235, 35310, 76589, 107175, 78127, 13331, 59382, 87477, 92020, 109297, 42293, 52962, 23492, 12594, 69120, 57144, 57232, 71593, 40799, 29614, 106611, 50009, 47727, 15204, 50703, 60979, 37662, 16932, 100183, 69175, 27515, 106411, 49629, 63537, 88081, 55527, 69558, 60702, 13487, 67037, 8281, 34986, 82336, 101465, 82733)
Average QPS expected = 57816
Timestamp start: 1778924263130
Timestamp end: 1778926063666

#type       avg     std     min      p5     p10     p50     p67     p75     p80     p85     p90     p95     p99    p999   p9999      QPS   target
read      232.4   111.7    93.8   156.5   168.5   223.8   247.5   261.3   270.4   281.5   295.0   319.9   392.4  1117.7  3189.0   6803.5     6927
read      271.7   111.0    74.4   129.2   144.3   256.0   314.1   344.5   368.0   394.1   425.7   469.1   558.2   746.2  1273.7  52580.0    52892
read      275.6   183.2    74.4   126.4   140.6   232.6   288.4   320.9   347.5   386.0   444.1   563.8   909.0  1824.0  4216.1  98912.5    98921
read      260.6   128.8    74.4   129.0   143.3   243.1   300.3   327.7   346.2   367.9   395.8   435.7   520.5   781.4  4048.8  61041.5    61129
read      270.0    96.6    74.4   138.3   153.9   267.2   315.2   336.6   350.8   367.8   390.2   424.0   490.7   620.2  1573.1  40478.5    40613
read      263.3    99.9    74.4   131.5   146.9   251.9   307.4   333.2   350.5   370.8   395.7   430.7   502.2   620.7  1861.5  53500.0    53226
read      266.3    88.5    80.4   138.8   154.2   263.7   309.2   330.4   344.4   362.6   384.4   415.4   476.1   584.2   794.9  38503.5    38560
read      316.4   309.7    80.4   133.0   149.4   251.5   305.2   336.6   361.9   394.7   445.4   618.1  1806.4  3088.3  7516.2 103230.0   103465
read      250.5   107.0    74.4   127.7   142.1   231.8   281.1   307.7   326.4   348.9   378.5   426.2   539.5   903.9  2773.0 104955.5   104758
read      247.7   115.4    68.9   124.9   139.2   228.3   279.8   307.1   326.2   348.6   379.3   426.4   524.8   780.5  4154.9  94773.5    94759
read      271.4    91.0    86.8   141.0   156.7   269.9   315.7   336.9   351.4   368.5   390.5   422.3   481.9   587.4  1407.8  38058.0    37799
read      235.1    68.6    86.8   155.7   168.1   228.4   255.0   268.7   277.9   289.4   303.9   328.4   397.1   645.8  3032.1   8355.5     8296
read      269.7   125.9    74.4   123.8   138.4   243.1   304.3   338.6   367.2   401.3   443.7   504.1   635.3   877.8  1373.0  68864.5    69443
read      249.8    69.4    93.8   157.8   172.8   246.2   275.0   289.9   299.8   311.8   325.9   346.7   409.9   628.1  1962.5  12384.5    12517
read      273.3   109.9    74.4   132.7   148.1   263.1   316.4   343.2   364.6   388.3   415.7   455.7   539.8   722.3  2579.8  43632.0    43591
read      286.8   230.8    86.8   153.7   169.9   268.0   304.4   322.1   336.2   352.3   374.6   416.3   783.2  3840.9  7787.0  20442.0    20430
read      289.7   304.5    74.4   127.6   142.3   238.9   293.1   322.1   343.9   372.9   413.3   488.7  1510.7  3914.0  7640.3  93600.5    93758
read      241.3    85.5    93.8   157.7   171.7   236.3   263.7   276.8   286.5   296.3   311.5   334.0   387.7   575.0  3211.2  10437.5    10485
read      266.6   173.8    93.8   156.7   173.3   260.8   291.8   307.4   317.8   331.5   346.9   375.7   447.4  2374.6  9035.5  16512.5    16518
read      288.5   173.0    74.4   127.6   141.6   243.7   307.9   348.6   385.9   433.8   498.1   595.9   840.7  1373.5  3078.6  83206.5    83230
read      223.3    79.2   101.3   151.3   162.9   215.2   235.8   250.0   259.7   270.3   284.9   308.1   381.5  1185.9  3206.2   5543.0     5484
read      294.4   250.4    74.4   130.7   146.1   260.7   322.3   357.8   385.0   416.0   454.7   513.1   745.0  3570.8  9106.4  55275.0    55611
read      279.4   184.1    93.8   153.2   169.3   268.5   303.4   320.1   333.3   346.9   367.9   400.1   559.2  2643.2  7661.5  20846.5    20774
read      355.3   401.9    74.4   131.2   146.7   251.2   314.7   363.4   412.0   492.6   625.2   898.9  2117.4  4696.5  7885.8  96162.5    96726
read      283.6   159.6    86.8   141.0   156.8   269.8   317.3   341.4   359.7   380.8   406.4   454.4   638.4  2311.5  4981.2  32507.0    32442
read      285.6   207.7    74.4   123.6   137.7   242.8   308.5   348.2   380.9   419.7   466.8   542.5   892.3  2869.5  4386.8  72902.0    73039
read      280.9   197.8    74.4   122.9   137.0   240.0   305.5   344.0   375.9   414.2   460.5   531.3   802.6  2704.2  4550.1  74142.0    74055
read      285.9   183.3    80.4   129.7   144.5   259.7   318.7   351.7   376.8   403.8   436.8   491.1   694.3  2622.3  3874.9  51301.5    51197
read      290.4   221.1    74.4   126.8   141.5   254.8   317.2   352.8   381.0   414.3   454.3   518.9   856.1  3297.2  5037.9  59594.0    59442
read      284.9   140.1    80.4   141.6   157.6   275.5   324.7   349.2   367.9   389.3   415.2   454.4   549.1  1836.6  2958.1  35471.0    35654
read      290.5   220.5    74.4   123.0   137.5   240.6   308.5   350.6   386.0   428.4   483.6   573.8   931.5  2970.8  4284.4  78670.0    78747
read      279.6   137.6    80.4   135.0   150.5   265.4   319.2   346.9   367.5   391.4   420.3   460.9   558.3  1828.3  2841.5  42300.0    42212
read      271.8   152.9    74.4   125.2   139.9   249.2   308.5   339.6   362.6   389.7   422.0   466.4   591.3  2160.0  3296.7  52505.0    52488
read      278.2   135.7    80.4   137.9   153.0   267.6   317.2   342.2   360.7   382.0   408.2   448.2   555.9  1444.5  4333.7  36952.5    36950
read      260.1    97.0    93.8   154.4   169.8   256.0   287.3   303.1   314.0   327.2   344.4   373.0   456.6  1325.0  3893.8  16790.0    16762
read      296.7   221.9    74.4   125.2   139.6   245.3   313.3   356.8   393.2   438.0   496.4   594.5   986.5  2791.4  4324.1  79718.0    79473
read      284.7   166.8    74.4   127.4   141.7   254.3   317.6   354.5   383.1   416.4   456.6   516.9   734.5  2190.5  3375.0  61321.5    61431
read      318.9   273.7    74.4   128.7   143.5   250.1   317.8   367.1   411.6   468.9   547.5   706.8  1323.9  3329.1  7491.4  87008.5    87172
read      311.3   320.8    80.4   135.2   151.5   257.0   310.9   342.2   368.1   399.7   447.7   548.8  1657.4  3880.0  7546.3 108169.0   108181
read      253.6   107.1    74.4   126.6   140.9   233.2   288.6   316.8   337.0   361.1   392.4   437.7   544.2   794.8  1742.9  80519.0    80515
read      269.0   113.9    74.4   140.7   156.4   266.8   312.2   332.8   345.9   363.1   383.8   415.1   476.1   574.8  2527.2  37029.0    37149
read      254.5    77.5    93.8   157.4   172.8   250.6   280.7   295.3   306.2   317.7   334.3   360.5   430.1   823.8  2000.1  13654.0    13444
read      275.6   140.0    74.4   124.8   139.4   244.8   308.2   345.0   375.8   412.4   458.6   526.1   681.1  1046.7  2828.7  71990.0    72057
read      276.5   155.9    74.4   122.1   136.4   242.2   307.3   345.1   376.0   410.4   454.1   521.8   757.1  1568.4  3151.1  70232.0    70041
read      310.2   280.1    74.4   123.5   138.2   240.4   307.1   352.7   395.9   451.0   525.3   681.9  1393.1  3343.1  7378.1  89918.5    90162
read      267.5   134.2    74.4   123.9   138.1   246.7   306.2   337.1   360.2   387.5   419.9   464.4   575.4  1478.6  2834.3  52172.5    52082
read      269.7    98.7    86.8   146.8   162.9   267.8   305.6   323.9   337.8   353.8   373.7   403.3   472.8   840.6  2695.1  24255.0    24258
read      287.3   216.7    74.4   124.2   138.6   245.8   311.8   351.7   385.2   422.8   468.5   539.1   795.5  3116.8  7184.7  72039.5    72013
read      272.3   136.3    74.4   125.7   140.0   248.7   310.1   342.4   367.6   396.3   432.2   484.4   617.3  1307.4  2799.9  58046.0    58012
read      277.1   153.4    80.4   130.5   145.7   259.4   314.9   343.6   366.6   392.0   422.3   465.5   595.9  1774.7  3479.4  45440.0    45398
read      272.3   136.1    80.4   128.1   142.6   252.7   311.5   341.3   364.2   390.7   422.9   468.0   587.7  1463.7  2908.8  50306.0    50177
read      272.2   115.3    80.4   138.3   153.5   266.4   313.2   336.3   352.4   371.2   394.9   429.1   506.9  1253.9  2480.4  34492.5    34504
read      271.7   161.9    74.4   122.1   136.1   240.9   304.6   339.4   367.2   398.2   435.6   493.3   657.9  2140.6  3228.3  65812.0    66010
read      299.3   225.7    80.4   126.7   141.0   250.7   318.4   362.4   398.3   443.6   501.7   593.0   894.1  2770.0  7128.6  74211.5    73937
read      287.4   161.2    74.4   130.4   145.2   262.0   323.5   359.4   386.3   417.2   455.0   513.8   687.2  1860.7  3647.4  54758.0    55020
read      285.0   165.0    80.4   128.9   143.6   259.5   320.3   354.4   380.5   410.6   448.7   504.7   687.3  2096.6  3198.3  53494.5    53235
read      324.8   317.9    74.4   127.1   141.8   240.3   304.7   352.5   401.0   473.6   576.2   775.7  1547.4  3745.1  7674.6  97463.5    97743
read      211.8   138.0   101.3   144.9   154.4   201.4   220.3   231.1   239.2   251.0   265.4   286.8   359.2  1981.6  6421.4   5415.0     5419
read      246.0    81.9    93.8   150.7   164.6   240.9   271.7   286.5   296.1   309.1   323.6   347.6   418.9  1078.0  2292.3  14739.5    14764
read      226.7    86.4   101.3   150.6   162.2   216.2   240.2   254.8   264.6   274.4   290.5   315.7   407.2  1594.7  2159.6   7464.0     7451
read      272.6   146.6    80.4   127.5   141.6   253.8   310.1   339.4   361.1   386.9   419.4   465.4   582.6  2048.2  3379.2  47943.0    48208
read      252.0   101.3    86.8   149.3   164.0   244.4   277.7   293.4   304.9   317.4   335.2   363.2   438.8  1534.7  2705.3  16216.5    16149
read      291.2   222.6    74.4   123.3   137.7   243.1   311.2   354.6   391.2   433.7   487.4   572.2   862.1  2864.2  6107.0  78700.0    78989
read      257.5    86.7    80.4   149.8   164.7   254.8   287.5   304.2   315.8   330.0   346.1   375.4   449.0   945.0  2516.3  18904.5    18886
read      307.9   320.8    74.4   124.2   139.0   249.1   315.7   358.8   393.7   435.7   490.3   582.5  1364.8  4614.0  8436.4  75762.5    75954
read      268.3   114.0    74.4   129.3   143.7   255.8   310.6   337.6   357.3   380.3   408.6   451.1   544.5   999.3  2041.4  44578.0    44409
read      252.6    89.8    93.8   150.6   165.2   247.5   280.2   295.9   307.4   319.2   336.4   363.6   434.5  1366.4  2478.5  16482.5    16431
read      318.9   270.3    74.4   129.1   143.7   249.7   317.4   370.7   418.3   478.2   559.7   700.9  1212.8  3415.0  6969.6  85326.5    85707
read      274.5   139.3    74.4   124.3   138.5   250.8   311.9   345.0   370.8   402.7   440.1   496.3   634.7  1346.0  2828.9  58269.5    58253
read      302.7   372.9    74.4   131.7   148.2   250.3   302.6   331.9   354.3   383.2   425.0   506.7  1515.0  5517.1 10412.6 103594.5   103867
read      265.3    74.9    86.8   152.0   169.2   265.9   299.3   315.5   327.0   340.2   358.0   386.7   449.0   543.3   922.0  21535.5    21604
read      251.9   116.0    80.4   126.9   141.1   230.3   283.7   312.0   332.0   355.8   387.5   434.1   547.2   891.8  2874.5  90009.5    90401
read      250.4   109.2    74.4   125.4   139.4   229.9   284.7   312.8   332.4   355.8   387.1   433.0   536.4   851.3  1818.7  84439.0    84467
read      248.9    99.7    74.4   126.9   141.1   230.1   280.9   307.7   326.6   349.1   379.5   427.3   534.9   808.3  1272.2  99771.0    99700
read      268.9   105.1    80.4   143.3   159.1   267.3   308.4   328.0   341.2   357.5   377.0   406.0   473.6   715.0  3658.0  32005.0    32052
read      266.6   116.7    86.8   152.4   168.5   260.9   294.8   312.3   324.3   339.8   361.0   394.0   488.6  1414.2  2956.8  18244.5    18173
read      280.2   167.5    74.4   122.4   136.5   244.5   308.6   346.2   377.2   414.7   461.0   533.9   797.4  1814.5  3381.5  67670.0    67789
read      277.9   162.7    80.4   127.4   141.9   255.1   313.2   344.8   369.4   397.7   432.7   486.3   647.5  2015.6  5037.4  52062.5    51929
read      335.5   461.7    74.4   126.1   141.2   248.0   313.9   360.4   401.4   455.1   527.6   681.9  1886.8  6553.8 11223.1  83924.5    83850
read      277.7   162.1    93.8   156.1   173.4   270.1   303.8   320.4   333.7   347.5   369.5   404.4   507.7  2592.6  7576.9  18652.0    18614
read      291.5   243.2    80.4   143.0   159.3   273.7   318.1   341.3   359.1   380.1   406.8   455.0   762.7  2775.0  9615.4  29383.5    29315
read      292.3   283.7    74.4   131.8   148.0   247.0   298.2   327.2   348.6   377.4   418.4   495.9  1488.5  3792.3  7576.5 107649.5   108090
read      271.3    87.1    86.8   150.0   166.7   273.0   308.8   325.6   337.5   350.9   369.8   398.3   465.8   725.3  2450.5  27134.0    27024
read      270.4    98.6    80.4   136.4   151.8   262.0   315.5   340.2   358.0   378.3   402.3   438.2   513.2   641.8  1046.6  49824.5    49907
read      245.6    75.9    93.8   161.8   176.0   238.9   266.4   280.3   290.3   301.7   316.9   342.2   407.6   584.5  3033.8   9143.5     9150
read      280.2   102.3    80.4   142.5   158.7   275.8   321.8   345.1   362.9   383.2   408.1   446.9   533.2   869.0  1965.4  34209.5    34328
read      284.8   192.6    80.4   130.0   144.8   260.6   319.4   353.3   379.2   408.1   444.7   501.4   677.7  1798.1  4158.0  52044.0    51881
read      258.2    88.2    93.8   157.9   173.0   254.0   284.8   300.2   311.4   323.5   340.9   367.8   434.0  1267.0  2536.7  14587.0    14569
read      337.1   350.6    74.4   131.3   146.8   257.8   327.5   380.3   426.7   489.2   572.1   728.8  1529.3  5025.9  7818.8  81734.5    81517
read      296.0   254.4    68.9   123.5   137.9   242.8   309.6   352.4   389.2   432.8   490.7   583.5  1017.7  3631.8  6938.0  78866.5    78694
read      312.9   289.6    74.4   126.5   141.0   239.2   303.9   351.4   399.1   465.6   551.4   710.7  1246.6  4040.9  7602.1  93444.0    93409
read      269.7   115.3    80.4   132.6   147.4   259.3   310.4   336.3   354.7   375.8   402.5   440.8   525.8  1255.9  2539.8  39098.5    39093
read      257.6   108.3    86.8   149.7   164.7   255.5   288.1   304.1   315.1   328.2   344.2   372.3   440.1   858.6  2247.0  18658.0    18729
read      281.8   196.9    74.4   122.9   137.1   241.0   306.5   345.1   377.0   413.8   458.8   527.6   832.0  2637.9  4051.8  70896.0    70818
read      272.6   127.9    86.8   151.3   167.3   266.8   302.9   319.9   333.2   347.0   368.9   399.8   503.1  1916.7  4245.8  21979.0    21942
read      339.2   378.5    74.4   130.7   146.2   251.9   315.7   360.1   398.8   455.2   545.1   770.9  1938.1  4297.9  8040.0  91934.0    91810
read      271.6    92.8    80.4   140.3   155.8   269.7   316.1   337.8   352.7   370.2   392.7   424.6   490.2   597.4  1253.8  39693.0    39588
read      278.5   104.6    80.4   137.4   153.3   270.0   321.7   348.1   368.8   392.1   419.8   459.2   541.9   748.6  1429.0  41142.5    40957
read      278.0   136.2    74.4   127.0   141.5   251.4   313.0   348.3   377.0   411.1   454.5   518.8   661.6  1007.5  2739.0  62807.5    62645
read      259.2    80.3    86.8   155.5   171.2   255.9   287.8   303.9   315.1   328.6   345.1   375.0   436.5   889.6  2031.4  15542.0    15539
read      283.0   278.6    74.4   130.6   146.2   241.6   292.5   320.2   341.4   368.1   404.2   466.9  1026.6  3581.4  7620.9 107359.5   107672
read      268.7    87.4    80.4   143.2   159.5   267.8   310.1   329.7   342.7   359.2   378.8   409.3   469.4   564.7  1254.4  33067.5    32954
read      262.0   129.6    80.4   129.2   143.5   244.3   301.3   328.3   346.5   369.5   398.6   438.3   542.3   999.3  3962.1  59076.5    58866
read      265.7    85.7    86.8   150.0   166.3   266.7   301.4   317.6   329.5   342.3   360.6   388.1   450.9   566.6  1982.6  23593.0    23739
read      282.7   189.9    74.4   125.7   139.8   254.3   313.3   345.1   370.7   401.2   439.9   500.4   781.8  2519.3  5147.5  54551.5    54701
read      277.4   175.0    74.4   124.0   138.1   247.8   309.9   343.9   371.0   402.6   441.4   499.2   699.1  2438.7  3899.3  60705.5    60706
read      285.3   199.4    74.4   122.0   136.0   242.3   307.9   347.5   382.0   424.2   474.7   552.9   853.6  2605.0  4354.1  72298.5    72350
read      278.4   196.0    74.4   123.8   137.9   249.0   308.8   342.1   369.2   400.5   439.0   497.4   684.7  2832.8  5752.3  58574.5    58661
read      269.5   116.9    80.4   135.3   150.0   261.0   308.0   331.2   347.6   368.0   393.3   429.7   530.1  1448.3  2728.0  35241.5    34912
read      322.2   446.0    74.4   132.4   148.9   255.4   310.6   342.2   367.5   400.1   451.3   570.7  1815.0  5296.4 14266.8 102986.5   103268
read      271.4    90.2    80.4   141.3   157.2   270.0   315.6   336.7   350.9   368.1   390.3   422.6   487.7   591.8   902.1  38874.5    38703
read      249.9   112.3    74.4   124.7   139.0   229.6   284.2   312.8   332.8   356.3   387.5   432.6   531.2   755.2  1483.8  83606.0    83358
read      261.5    99.5    74.4   130.9   145.5   248.4   303.8   330.1   347.9   369.1   396.4   434.7   510.4   639.9  1011.8  57347.0    57408
read      249.5   103.7    74.4   125.3   139.3   229.2   283.2   311.1   330.8   354.3   385.4   430.4   540.3   864.6  1576.4  86688.5    86837
read      261.8    92.1    80.4   139.0   154.0   260.3   300.1   319.4   333.6   349.0   371.4   402.6   471.3   598.2  1698.5  33689.0    33517
read      257.8   108.0    74.4   128.0   141.4   238.7   296.5   324.1   343.3   367.0   396.1   437.4   548.6   904.6  1481.4  66283.0    66204
read      256.4   119.2    74.4   126.3   140.1   234.0   290.7   319.1   339.8   364.9   396.8   444.9   577.0  1047.6  2696.0  73770.5    73758
read      260.6   152.2    74.4   128.5   142.8   233.3   284.9   312.9   333.9   359.8   394.3   450.9   689.3  1993.9  4004.3 100035.0    99742
read      274.0   182.4    74.4   132.2   148.0   244.8   294.7   322.0   343.3   370.1   405.9   466.0   793.2  2525.0  4367.0 109660.5   109462
read      261.8   147.0    74.4   128.3   142.5   235.2   288.4   316.4   337.2   362.9   396.8   451.5   698.6  1827.6  3593.3  94490.0    94453
read      269.6   114.9    80.4   137.7   152.9   263.7   313.8   337.0   352.9   370.9   394.3   428.0   499.2   620.6  2614.9  43804.0    44096
read      251.5   108.8    74.4   127.4   141.8   231.5   281.4   308.2   327.7   351.5   383.0   431.7   551.8  1077.5  1826.7 100425.0   100467
read      233.7    65.4    86.8   155.6   169.0   227.9   252.8   266.6   275.3   287.3   300.8   321.4   379.4   551.1  3029.6   8461.0     8576
read      277.2   132.6    74.4   128.9   143.3   253.3   314.5   347.9   373.7   404.1   444.2   499.5   633.7  1179.7  2790.3  59133.0    59359
read      234.4   107.1   109.4   155.5   168.1   223.5   248.3   262.5   271.7   283.3   296.5   321.2   422.9  1385.4  3425.3   7532.0     7614
read      291.2   171.5    74.4   129.0   144.0   258.3   322.7   361.5   391.1   426.3   469.8   539.7   796.4  1816.9  3959.9  60175.5    60329
read      280.9   125.6    80.4   135.1   150.5   265.7   321.0   350.1   371.9   397.1   428.2   471.3   578.3  1338.6  2836.7  43714.0    43762
read      279.5   183.2    74.4   123.0   137.2   243.8   308.5   344.3   374.2   410.0   452.2   516.1   823.6  2095.7  4364.6  66533.0    67038
read      272.9   113.1    86.8   145.3   161.2   268.3   308.7   328.7   342.7   360.1   381.4   415.3   500.3  1579.3  3178.2  26128.0    26095
read      312.2   262.6    80.4   129.3   144.2   257.2   325.8   372.3   408.6   454.1   511.6   613.4  1175.4  3583.5  7656.5  71036.5    71173
read      317.4   348.5    80.4   134.3   151.3   259.9   315.0   347.5   374.3   407.8   459.2   573.8  1764.7  4371.7  7896.4 109626.0   109276
read      254.2    73.5   101.3   161.0   176.0   251.9   280.0   294.2   304.5   315.5   330.4   352.9   410.9   579.5  2507.4  13075.0    13150
read      260.2   107.9    80.4   129.1   143.6   244.3   300.9   327.9   346.6   369.5   397.4   437.8   524.9   684.0  1362.2  61171.0    61250
read      252.5   107.3    74.4   126.0   140.3   231.3   285.3   314.0   334.6   359.6   392.3   440.4   550.2   859.3  1361.6  84583.0    84472
read      252.6   111.2    74.4   125.3   139.5   231.6   286.3   314.3   334.3   358.2   389.6   435.9   556.7   912.8  2620.7  82327.5    82226
read      270.7    91.7    86.8   147.7   163.7   272.1   310.2   328.3   340.3   355.0   373.0   400.5   465.5   600.4  2458.5  27823.5    27671
read      256.8   127.2    74.4   127.3   141.6   233.2   285.2   312.7   332.8   357.8   391.2   443.4   647.4  1431.6  2835.1  98448.0    98736
read      262.7   150.5    74.4   129.8   144.9   237.6   287.7   314.8   334.9   359.5   392.3   446.2   701.4  1888.0  3473.7 106644.0   106314
read      265.6   159.7    74.4   129.9   144.9   238.7   290.1   317.6   338.5   364.2   398.0   454.8   731.6  1948.6  3466.1 105245.5   105027
read      265.9   162.7    74.4   128.5   142.8   235.6   289.1   317.7   339.5   366.5   401.8   464.3   794.0  2116.2  3730.0  96457.5    96867
read      252.6   111.2    74.4   125.9   140.0   231.1   284.3   312.8   333.2   358.0   390.5   436.2   559.3  1039.1  2050.1  89184.5    89493
read      264.9    97.0    80.4   133.3   148.6   255.7   309.8   334.8   351.6   371.5   396.2   430.5   500.6   610.1  1312.9  50717.0    50538
read      268.1   114.3    86.8   153.9   170.5   268.9   301.7   317.4   329.1   341.9   359.9   388.1   446.4   605.6  2086.7  21936.5    22083
read      276.5   113.5    74.4   132.0   147.4   261.8   319.7   349.6   371.7   397.5   428.8   471.8   565.4   802.7  1597.1  48301.5    48618
read      270.5   189.3    74.4   128.2   142.4   234.9   289.4   318.2   340.0   367.8   404.6   473.1   927.8  2511.6  4217.3  94348.5    94298
read      261.5   125.8    80.4   129.5   143.8   243.5   301.0   329.2   348.6   372.5   400.8   442.9   532.0   725.8  4039.3  63748.0    63579
read      258.6   113.7    80.4   127.8   142.0   240.3   297.8   326.2   345.4   369.0   397.8   438.6   531.4   741.6  2920.7  64624.0    64573
read      253.3   101.7    80.4   125.9   140.3   232.8   289.3   318.1   338.8   363.7   395.0   439.6   534.4   734.1  1012.9  76997.5    77178
read      272.6    85.0    86.8   147.3   163.8   273.9   313.9   332.7   344.7   360.9   380.3   410.4   471.0   569.3  1755.9  29654.5    29824
read      259.3   120.7    74.4   128.1   142.0   239.7   297.7   326.3   346.1   370.8   399.2   442.0   541.4   790.8  3807.4  64421.0    64495
read      265.0    77.0    93.8   154.5   171.1   265.7   298.1   313.7   324.3   337.5   353.8   380.7   440.0   569.5  1489.5  21024.0    20917
read      253.6   111.7    74.4   125.8   140.0   230.4   285.3   314.2   335.2   360.7   394.2   443.5   584.1  1036.3  1867.6  85255.5    85651
read      259.5   102.9    74.4   128.7   142.6   242.1   300.8   328.9   347.6   370.3   399.7   438.6   530.2   728.9  1034.6  62106.5    61935
read      265.8   101.1    74.4   133.7   149.0   255.0   310.0   335.8   353.5   373.1   399.5   433.8   506.2   671.5  1800.6  50274.5    50216
read      256.4   117.1    74.4   126.4   140.4   235.2   291.9   320.3   341.1   366.5   397.4   441.6   546.9   907.5  2489.2  72091.5    72251
read      255.6   111.4    74.4   127.0   141.1   235.2   292.2   321.0   341.4   365.8   395.3   435.9   529.5   847.7  2811.0  71902.0    71798
read      266.5    72.5    86.8   157.2   174.2   268.5   299.4   314.0   324.0   337.3   353.6   380.6   433.2   534.2  1291.8  19599.0    19701
read      275.9    88.5    86.8   149.6   166.2   276.2   313.9   332.8   345.4   362.7   383.9   416.0   485.4   750.3  2038.4  24850.0    24952
read      277.5   156.8    74.4   123.8   137.9   236.6   300.2   339.4   373.0   415.9   469.6   558.4   800.8  1276.1  3509.9  81913.5    81838
read      277.8   138.2    86.8   147.0   163.2   271.2   312.0   332.5   346.4   365.5   389.1   423.9   507.6  1979.6  5087.9  26623.5    26648
read      269.2   104.1    86.8   145.8   162.0   266.9   304.6   322.8   336.8   352.7   373.0   404.8   487.5  1026.3  2904.9  24910.5    24837
read      280.3   103.5    86.8   145.1   160.9   276.4   319.7   342.0   359.0   378.0   400.4   434.4   518.7  1145.5  1963.1  29425.5    29420
read      291.3   282.9    80.4   130.8   146.1   244.2   296.6   326.2   348.8   377.7   418.6   494.5  1495.5  3661.0  7462.2 103937.5   103882
read      255.4   110.4    80.4   126.0   139.9   234.2   292.8   322.0   342.5   367.2   397.7   439.0   547.0   806.4  1648.8  70119.5    70314
read      258.8   123.6    80.4   127.3   141.0   240.1   298.4   325.6   344.4   367.4   395.6   435.3   541.6  1076.1  2816.5  61926.0    61679
read      265.3   102.7    80.4   132.6   147.4   255.2   309.8   335.1   352.5   372.7   397.3   432.8   508.9   657.1  2996.1  49309.5    49557
read      262.8    76.6    86.8   152.7   169.8   263.0   294.9   310.6   320.5   334.3   349.8   378.4   437.6   614.4  1907.6  19281.0    19325
read      235.9   136.1   101.3   154.1   166.4   226.3   253.3   267.7   277.3   289.6   304.8   329.7   395.3  1352.4  9557.4   9158.5     9128
read      303.7   375.1    74.4   128.6   143.6   242.7   298.5   329.4   352.4   382.4   424.3   511.9  1832.0  5804.3  8579.8  94655.0    94933
read      266.9    79.8    86.8   150.5   166.8   268.4   302.7   318.5   330.3   342.7   361.0   389.4   455.1   601.7  1709.2  24299.5    24327
read      259.3   124.9    74.4   128.1   142.2   238.2   296.0   324.8   345.0   369.5   399.7   444.6   546.0   865.3  4384.8  71725.0    71896
read      246.6   102.1    74.4   124.7   138.9   226.5   278.6   306.9   326.4   349.5   380.9   427.8   530.3   802.8  1084.0  94059.5    93771
read      268.5   102.2    86.8   154.3   171.6   270.0   301.8   316.5   327.2   339.5   355.8   381.7   444.7   591.1  5502.9  20445.0    20452
read      286.2   142.5    80.4   137.0   152.3   270.5   325.5   355.0   377.0   401.1   431.6   478.9   604.3  1774.0  3065.5  42408.5    42338
read      302.7   240.0    80.4   125.5   139.9   246.6   314.7   361.7   400.7   448.2   508.4   622.4  1102.1  2952.2  5290.5  73033.0    72627
read      315.3   288.4    74.4   128.4   142.8   250.8   318.1   366.8   407.8   462.6   534.4   664.8  1184.2  3977.3  7659.8  80539.0    80603
read      284.8   169.3    80.4   131.5   146.6   262.4   320.6   352.2   375.6   403.4   437.0   486.1   639.3  2132.5  4283.7  48952.5    49049
read      315.8   321.7    80.4   131.8   147.3   250.6   307.0   339.9   366.7   401.7   458.8   661.5  1667.6  3428.1  8875.7  92253.5    92305
read      263.7   104.7    74.4   131.0   145.7   248.2   305.5   333.3   352.6   375.0   401.7   440.2   530.3   753.7  1177.7  56841.5    56889
read      257.5   123.4    74.4   127.4   141.6   234.6   291.3   319.7   340.6   365.5   397.0   444.9   574.4  1119.3  3246.8  78024.5    78036
read      255.0   117.4    74.4   126.1   140.0   235.1   292.2   320.5   341.1   365.4   396.1   439.2   527.7   697.7  3958.1  71289.0    71583
read      254.8   101.9    74.4   126.5   140.7   235.4   291.9   320.2   340.4   364.8   395.0   438.0   536.3   732.5  1097.0  72552.0    72609
read      256.0   111.1    80.4   130.3   145.3   236.9   286.8   313.1   332.2   355.3   386.1   433.8   561.1  1044.5  2195.6 107447.0   107382
read      251.3   106.3    74.4   125.5   139.8   230.5   284.4   312.7   332.9   357.3   389.2   434.8   548.2   861.5  1825.7  86473.0    86530
read      261.4    83.3    80.4   156.8   173.9   260.3   290.7   305.8   315.6   327.8   343.5   370.2   430.6   785.9  2702.7  16651.5    16550
read      255.4   109.7    74.4   127.7   141.6   233.6   287.4   316.4   337.7   362.9   395.3   445.0   569.2   895.9  1875.0  84707.0    84534
read      260.0   347.5    80.4   127.6   141.5   235.2   292.9   322.0   342.6   367.6   398.8   443.8   556.2   868.0  3163.7  72865.5    72631
read      267.7    99.0    80.4   134.9   150.2   257.5   313.0   337.8   354.9   373.9   398.8   434.5   520.4   672.7  1323.7  49135.5    49291
read      263.0   109.5    74.4   130.4   144.8   245.0   303.6   332.3   352.0   374.4   403.2   444.3   537.7   772.9  2654.8  61997.5    62175
read      261.8   154.0    74.4   128.8   143.3   237.0   292.4   321.0   342.3   368.3   400.3   451.0   597.3  1445.6  5871.0  80218.5    80213
read      271.9    71.1    93.8   168.5   185.8   273.5   300.8   314.7   324.4   336.9   351.6   376.7   433.8   580.5  2419.5  16545.5    16566
read      270.1    99.3    74.4   136.8   152.5   259.8   313.6   339.2   357.4   378.2   402.7   438.9   515.7   663.4   974.4  53851.0    53985
read      258.8   128.8    74.4   129.9   144.9   236.9   288.1   315.1   334.9   359.2   390.9   439.5   583.7  1484.0  3022.2 102009.0   101949
read      276.9    74.5    93.8   160.5   177.7   279.7   312.7   329.0   339.9   353.0   370.0   397.9   457.7   564.0   822.2  23967.0    24076
read      283.5   144.3    74.4   131.9   147.4   261.5   319.1   351.4   375.6   404.1   439.0   495.5   696.9  1546.9  2915.5  52432.5    52574
read      295.9   293.0    74.4   132.5   148.7   247.2   298.7   328.1   350.0   378.7   419.8   498.6  1485.1  3593.7  7681.8 106039.5   106271
read      256.9   124.5    74.4   128.8   143.3   233.7   283.4   310.7   330.7   355.5   389.1   440.2   649.0  1367.3  2142.7 105486.0   105451
read      253.8   116.9    74.4   124.7   138.6   229.7   285.0   314.5   335.8   361.8   394.3   442.5   595.5  1219.7  1898.4  85460.0    86087
read      274.2   113.3    86.8   149.2   165.1   275.1   313.0   330.9   342.6   357.9   375.6   404.6   479.4   789.6  3821.8  29141.0    29108
read      260.4   142.4    74.4   129.1   143.9   234.9   286.6   314.1   334.4   359.5   393.0   446.3   666.7  1723.7  3427.0 101088.5   101115
read      255.5   104.8    74.4   127.2   141.3   235.2   292.4   320.7   340.7   364.5   394.4   436.9   542.8   825.4  1344.6  74179.5    74326
read      254.2   122.6    74.4   127.0   140.9   234.0   291.3   319.9   340.0   363.9   393.9   435.3   526.9   703.6  1177.5  75620.0    75832
read      253.4   112.4    74.4   127.8   142.0   231.9   284.3   312.4   332.7   357.1   388.9   435.9   551.1  1173.2  2585.4  95231.0    94901
read      257.8    69.4    93.8   158.6   174.7   258.4   287.0   301.0   311.2   321.4   337.6   362.0   417.2   574.0  1269.2  15756.5    15809
read      274.7   117.3    80.4   143.7   159.2   269.7   311.8   332.8   346.8   366.1   389.7   425.4   515.8  1355.0  3015.0  28608.5    28874
read      283.4   168.4    74.4   129.6   144.4   259.1   318.4   350.3   374.3   402.9   436.8   490.3   686.6  2201.6  4105.9  51845.5    51882
read      279.3   144.5    86.8   142.2   157.7   270.9   316.2   339.0   355.5   374.0   398.7   434.8   535.0  1945.2  6035.0  32806.0    32653
read      281.9   156.1    74.4   136.9   151.7   265.4   319.8   347.2   368.3   391.9   420.6   462.7   572.2  2496.6  3534.5  41868.0    41676
read      276.8   177.5    74.4   124.3   138.6   246.2   309.2   344.0   372.9   403.6   441.2   497.7   670.5  2278.4  5330.4  62913.0    63019
read      374.7   455.3    74.4   132.2   148.9   258.7   324.9   376.4   428.9   510.8   642.4   924.4  2814.8  4959.4  7997.7  98649.0    99164
read      266.1    95.6    80.4   135.6   150.8   259.6   311.6   335.0   350.6   368.9   392.2   425.2   491.1   596.1  1149.2  47229.0    47055
read      260.3   110.3    80.4   129.1   143.5   243.8   301.8   329.3   347.8   371.1   398.8   436.1   522.1   669.5  3082.0  62546.0    62394
read      252.4   113.5    74.4   127.0   141.2   231.2   282.2   309.7   329.6   353.8   386.5   435.5   555.8  1090.0  1999.7  98464.0    98519
read      270.5    86.8    86.8   146.1   162.0   272.3   311.8   330.4   342.7   358.4   376.5   404.4   466.0   575.6  1146.7  32114.5    32122
read      281.1   129.2    74.4   132.1   147.5   263.7   322.7   354.4   377.8   403.8   435.9   484.9   596.1  1022.0  3634.8  49526.5    49464
read      271.1   112.9    86.8   148.5   163.6   267.4   304.5   322.1   336.1   351.6   372.6   404.7   493.4  1401.9  3669.4  24010.5    24034
read      302.6   235.1    68.9   125.5   140.4   248.1   317.1   364.1   400.8   447.4   507.7   611.3  1064.5  3003.9  7027.6  77334.5    77363
read      347.2   362.3    74.4   130.3   145.9   252.2   319.2   371.6   421.8   494.9   616.4   853.3  1801.7  4586.9  7793.3  91713.0    91698
read      278.2   134.3    80.4   136.1   151.4   266.2   317.2   343.3   363.1   385.9   414.0   456.5   556.6  1718.9  3086.9  39270.0    38997
read      337.2   327.1    74.4   130.0   145.7   255.0   322.3   375.1   424.6   492.6   591.6   775.7  1561.6  3723.8  7803.9  85612.0    86028
read      329.5   309.7    74.4   130.7   146.0   255.5   324.0   376.3   424.1   486.5   570.6   724.7  1356.7  3881.4  7691.5  83116.0    83012
read      260.7   102.7    86.8   156.6   172.1   255.7   285.9   301.4   312.8   325.9   343.3   372.3   457.2  1509.2  2372.2  15198.5    15024
read      286.8   166.3    74.4   129.7   144.3   259.3   321.7   358.9   386.0   416.6   456.6   516.3   707.1  2062.9  4020.8  56800.5    56640
read      301.0   289.3    74.4   130.3   145.7   244.4   298.6   329.8   354.1   386.5   430.8   548.5  1606.3  3469.2  7733.2  97543.0    97362
read      261.5   142.9    80.4   131.0   146.1   239.6   290.3   316.5   336.0   359.7   391.4   442.4   603.0  1697.6  5182.7 107386.0   107412
read      259.8   103.0    74.4   129.2   143.8   242.6   300.8   329.1   347.5   370.4   397.2   437.6   525.8   708.9  1146.8  64737.5    65030
read      250.8   104.6    74.4   124.4   138.9   230.6   286.6   315.2   335.4   358.9   389.0   432.2   525.7   795.3  1971.7  79313.5    79278
read      264.2    93.4    80.4   134.0   149.1   257.6   309.5   333.0   348.4   367.4   390.4   423.8   492.6   604.6   907.3  47750.0    47544
read      255.8   108.1    80.4   129.8   144.7   236.9   286.6   312.9   332.3   356.3   388.6   435.3   558.7  1022.9  1886.7 104975.5   105368
read      262.8   104.6    74.4   130.8   145.8   248.7   304.6   331.6   349.8   371.6   398.4   434.5   521.1   771.3  1677.6  57956.5    58181
read      266.4   109.6    74.4   132.5   147.5   252.2   310.0   336.8   355.5   376.6   402.6   440.0   526.9   752.0  2791.1  56834.0    56960
read      259.5   187.6    86.8   158.3   174.1   253.3   282.1   295.9   306.6   317.7   334.3   361.8   431.5  1038.0  8804.4  14799.0    14849
read      260.1   109.6    80.4   130.0   144.5   243.2   301.6   329.7   348.7   371.7   399.5   436.1   509.5   630.5  1080.1  63740.0    63672
read      263.9    96.0    80.4   134.1   149.3   256.8   307.7   331.4   346.8   366.2   389.7   424.0   492.1   599.3   865.4  48150.5    48289
read      252.0   157.3    93.8   159.0   173.3   242.2   270.4   284.6   294.0   306.4   320.4   346.4   448.3  1696.3  7853.3  11851.5    11797
read      240.2    86.5   101.3   154.2   167.1   231.6   261.3   275.2   285.6   296.2   311.9   335.8   416.9  1123.6  2009.1  10918.5    10781
read      280.5   157.2    74.4   131.2   146.4   259.7   317.4   348.2   372.3   399.0   431.0   478.9   607.1  2013.5  3500.2  49321.0    49362
read      292.6   247.6    74.4   131.5   147.0   246.7   300.1   330.4   354.0   385.1   429.3   531.1  1362.0  3133.1  6445.4 102472.0   102119
read      269.0   102.4    74.4   137.2   152.5   261.3   313.7   337.2   352.9   370.7   394.9   429.8   502.3   692.0  2719.3  46339.0    46213
read      252.7   108.4    74.4   128.0   142.3   232.3   283.7   311.4   331.2   355.1   387.6   434.1   551.0   925.3  2194.5  96771.0    97025
read      259.0    73.1    93.8   156.0   172.3   260.1   289.7   304.3   314.2   325.6   340.9   365.9   421.1   561.6  2407.2  18345.0    18351
read      265.4    88.9    86.8   149.6   165.2   264.8   299.5   316.3   328.6   342.5   361.9   391.7   457.4   756.6  2516.0  21553.0    21426
read      278.0   145.5    80.4   132.1   147.6   261.7   316.7   344.7   366.3   391.4   421.7   464.9   573.9  1855.4  3752.0  42908.5    43013
read      280.3   185.6    74.4   123.0   137.4   244.5   309.3   346.7   377.2   412.9   455.9   522.9   765.5  2286.5  5421.4  67315.5    67376
read      285.6   141.9    80.4   140.2   155.9   273.8   324.2   349.3   368.2   390.3   417.9   459.6   585.2  1912.7  2768.9  35903.0    36043
read      218.1    94.3   109.4   148.4   158.0   208.3   229.5   241.6   251.4   262.8   275.0   297.3   380.6  1709.9  2724.2   6140.5     6255
read      304.4   304.3    74.4   129.8   144.8   241.6   295.0   325.7   349.5   383.5   432.9   597.9  1744.8  3242.0  7621.1 101627.0   102499
read      265.5    76.7    80.4   149.3   164.5   267.1   302.7   319.4   331.5   344.0   363.2   391.5   447.4   550.0  1047.0  26379.0    26263
read      262.3   105.2    80.4   130.4   145.1   247.9   304.6   331.4   349.8   372.0   398.3   436.1   526.2   684.7  2715.9  56718.0    56974
read      264.9   106.3    80.4   136.7   151.4   259.4   306.4   328.0   343.1   361.5   384.3   419.5   495.4   639.1  3566.7  40486.5    40869
read      261.8   100.2    80.4   133.7   148.3   253.2   303.6   326.7   342.9   362.8   387.7   424.5   498.3   640.4  2703.5  46587.0    46514
read      236.2    56.8   101.3   153.6   167.9   231.0   259.0   272.5   282.6   293.7   309.3   332.2   379.4   536.4   640.2  11382.0    11431
read      279.2   179.5    74.4   123.7   137.9   249.8   311.3   345.5   374.2   404.9   443.5   504.6   760.5  1970.2  4634.7  58253.5    58600
read      287.6   205.9    74.4   123.4   138.0   246.6   312.4   351.1   383.8   419.5   465.1   538.8   940.6  2793.3  4504.2  67847.5    68058
read      284.9   180.9    74.4   128.6   143.0   258.6   318.5   352.3   378.3   408.0   446.4   502.7   674.6  2609.3  4617.5  54352.5    54502
read      288.4   205.6    74.4   125.6   139.8   249.8   315.1   354.3   385.3   422.0   469.1   542.0   847.5  2532.5  5118.5  63613.5    64022
read      286.1   158.0    74.4   129.1   143.1   258.5   317.6   352.4   381.0   413.7   455.6   521.4   776.7  1871.4  2724.1  52142.5    52142
read      320.8   356.2    74.4   130.9   147.2   257.0   313.7   346.6   373.6   409.4   466.4   613.2  1774.6  4865.5  7894.1 101300.5   101375
read      263.8   101.0    80.4   136.4   151.5   259.6   306.8   328.3   342.6   360.6   382.5   414.3   481.0   589.4  4146.6  40794.5    40606
read      281.9   143.8    74.4   132.8   148.1   264.2   318.8   349.5   372.9   399.2   432.6   483.2   623.0  1560.3  3693.1  47391.5    47485
read      276.2   132.6    74.4   129.9   144.9   259.1   315.4   345.4   369.7   396.9   429.7   478.1   588.9  1062.0  2743.6  49017.5    48977
read      276.7   105.4    80.4   136.8   152.0   268.3   318.9   344.9   364.5   386.7   414.1   456.3   547.6   789.8  1564.9  38680.0    38615
read      337.7   427.5    80.4   131.8   147.9   260.0   321.3   360.0   389.7   426.3   482.5   621.9  3056.9  4474.6  7993.4  80288.0    80279
read      269.2   172.0    74.4   128.2   142.4   240.9   297.6   327.9   349.7   377.2   412.5   469.3   719.4  1992.8  7325.5  75663.5    75843
read      255.0   100.7    80.4   126.9   140.9   237.9   294.5   321.9   341.2   363.6   392.0   432.7   520.8   666.6  1520.4  67084.5    67095
read      268.1    95.9    80.4   138.0   153.3   263.9   311.6   333.9   348.4   366.3   388.7   422.0   491.0   635.9  1877.2  41258.5    41325
read      258.5    96.7    74.4   129.8   144.2   246.1   300.3   325.9   343.5   364.8   390.9   429.5   504.7   636.5  1078.1  55475.0    55752
read      247.9   101.3    74.4   124.2   138.5   228.3   281.7   309.4   328.9   352.0   383.6   430.0   530.7   752.5  1201.9  85772.0    85561
read      255.3    92.8    93.8   156.7   172.9   252.5   282.1   296.4   307.3   318.5   335.3   360.2   415.1   626.9  2889.7  14296.0    14194
read      247.5   106.3    74.4   125.2   139.3   227.9   280.6   308.9   328.4   351.2   381.9   427.7   524.7   735.4  1085.8  88072.5    88002
read      250.8   104.0    74.4   126.7   140.7   231.4   284.2   312.5   332.3   355.7   386.4   430.9   531.7   763.7  1814.1  90287.0    90515
read      258.7   105.8    74.4   131.5   147.1   240.6   289.6   315.8   335.5   359.9   391.7   438.7   561.3   922.3  1965.8 109412.5   109283
read      267.6    84.4    86.8   149.3   165.7   268.8   305.0   321.4   333.6   345.8   366.5   395.4   455.4   577.8  2440.0  26618.0    26699
read      277.0    99.1    74.4   139.7   154.8   272.4   321.0   345.0   363.6   384.5   408.8   446.3   518.7   638.1  1155.8  37422.0    37400
read      269.2    87.0    93.8   154.4   170.9   268.4   302.4   318.8   331.1   344.0   363.7   393.7   457.1   733.7  3020.3  19424.0    19307
read      251.0   108.2   101.3   157.8   172.9   246.2   275.0   289.6   299.3   312.3   328.0   353.3   413.4   747.3  7166.9  11616.5    11527
read      291.2   160.7    80.4   128.6   143.3   247.9   311.3   353.4   391.1   439.8   504.9   607.1   837.7  1246.8  1783.0  83424.5    83787
read      292.1   248.9    80.4   152.3   168.7   274.8   311.2   330.1   343.4   361.7   385.6   425.3   744.2  4156.9  8040.7  22345.0    22209
read      326.4   329.6    74.4   128.4   143.4   255.9   324.7   373.1   412.2   460.8   528.9   667.9  1658.7  4058.5  7850.5  75066.0    75169
read      300.5   224.6    80.4   126.4   140.6   248.7   316.1   360.5   397.2   442.2   500.2   594.2  1103.7  2818.5  4914.6  73864.0    73833
read      390.9   594.2    80.4   133.6   150.4   262.1   326.1   371.0   410.3   468.9   586.5  1027.2  2834.0  7693.0  9352.6  94099.5    94641
read      258.8    98.6    74.4   129.1   143.7   243.5   300.2   327.8   346.4   369.2   395.9   432.9   509.4   666.6   836.6  61391.0    61338
read      254.2   113.2    74.4   127.3   141.5   232.9   285.8   313.7   333.9   358.8   391.1   438.2   561.3  1082.5  2849.1  91843.5    91825
read      254.9   102.0    74.4   127.4   141.5   234.8   291.0   319.3   340.1   365.1   396.0   439.6   536.1   752.3  1032.0  77589.5    77235
read      265.9   107.1    80.4   138.8   154.1   262.5   307.0   327.8   341.7   358.5   378.4   410.6   479.9   705.1  2523.6  37222.5    37257
read      279.8   111.8    86.8   143.0   159.3   275.5   319.6   342.4   360.0   380.1   403.8   441.9   527.1   951.4  2853.9  31923.0    32057
read      321.4   365.4    74.4   136.4   153.6   264.1   319.1   352.2   378.9   412.9   464.2   585.6  1522.3  5528.0  9763.2 108694.5   108618
read      254.9   107.1    80.4   126.7   140.7   233.9   291.1   320.2   340.8   365.6   395.2   437.2   543.2   815.4  1487.7  72556.0    72930
read      272.0   112.2    80.4   139.5   154.7   265.8   316.2   339.8   356.1   373.9   396.7   429.6   505.5   664.6  4217.5  43805.0    43714
read      269.4   181.0    74.4   129.0   143.5   238.3   292.0   320.7   342.7   369.7   404.5   462.4   809.4  2462.9  5030.9  87746.5    87369
read      268.4   116.1    80.4   133.4   148.1   252.1   308.9   336.3   355.9   378.8   405.4   448.0   555.7   946.5  2194.6  56732.5    56640
read      250.5   109.5    74.4   126.6   140.6   230.1   281.0   308.4   327.9   351.1   383.1   431.2   555.0   992.7  1780.4  97784.0    97360
read      252.0   106.2    80.4   126.1   140.0   231.5   286.6   315.2   335.8   360.3   390.8   434.8   533.4   868.2  1906.1  79650.5    79788
read      246.3    61.9   101.3   158.8   173.5   242.4   270.8   284.9   294.2   305.9   318.8   342.5   397.8   582.9  1078.5  11346.0    11352
read      251.6   113.2    74.4   125.3   139.7   229.9   283.3   312.2   332.8   357.3   389.5   437.1   555.4  1005.8  2296.7  87647.5    87962
read      270.2    94.8    80.4   140.0   155.5   266.7   314.2   335.7   350.3   368.2   391.0   424.4   493.2   618.0  2171.7  40862.5    40663
read      259.5   115.3    74.4   128.6   143.0   244.1   299.9   326.1   344.0   366.5   393.9   431.0   508.4   961.5  3097.7  59323.5    59386
read      266.7    94.6    80.4   135.1   150.5   259.0   312.8   337.1   353.8   372.7   395.8   429.1   494.7   584.0  1024.5  48278.0    48302
read      264.0    76.7    86.8   156.7   172.8   264.2   295.6   311.1   320.8   334.7   350.3   376.5   439.2   573.2  1901.1  19497.5    19398
read      368.1   397.8    80.4   133.9   150.2   266.5   337.7   394.1   446.8   520.2   635.8   888.8  2206.8  4170.1  8073.9  81637.5    82197
read      295.3   234.7    74.4   124.8   139.1   243.3   310.9   353.9   390.1   433.6   490.2   579.7  1042.8  3114.7  6286.4  77302.5    77387
read      285.0   220.2    74.4   122.5   136.7   241.3   306.7   346.1   380.0   418.7   466.2   537.0   827.5  3183.4  4881.8  73013.0    72753
read      225.9    66.3    93.8   153.0   164.9   219.2   242.7   256.5   265.9   275.2   290.4   312.6   369.9   745.5  2154.0   7808.5     7720
read      281.6   138.9    80.4   132.3   147.8   263.9   321.6   351.8   374.7   400.4   432.2   481.6   624.4  1314.9  4384.5  45986.0    46279
read      295.7   189.8    80.4   138.6   154.1   274.4   330.2   361.5   384.6   410.0   443.2   494.8   658.0  2787.2  5052.9  42017.5    42102
read      306.3   360.3    74.4   129.1   144.3   245.6   302.0   333.5   357.9   389.3   434.8   547.8  1620.7  5896.0  8068.9  91222.5    90892
read      267.2    92.7    74.4   138.0   153.1   264.4   311.8   333.3   347.2   364.9   386.3   418.1   483.6   589.8   943.8  39950.5    39976
read      258.6   102.8    74.4   128.7   143.1   243.0   300.4   327.8   345.8   368.3   394.9   431.3   506.8   695.6  2165.8  61041.0    61084
read      258.5    69.3    93.8   157.1   173.8   259.2   288.1   302.2   312.4   323.3   339.4   364.5   418.3   537.3  1250.4  16744.0    16735
read      280.6   123.2    74.4   133.6   149.7   266.1   321.0   351.0   372.4   398.3   429.6   474.5   587.4  1041.7  2617.9  46124.0    45909
read      283.6   111.6    80.4   147.7   163.9   277.5   320.8   343.0   360.5   380.5   404.0   441.6   542.6  1476.4  2184.8  29119.0    28976
read      410.0   479.0    74.4   140.2   157.5   277.2   352.9   414.2   474.8   571.5   743.4  1105.0  2768.7  4968.5  7993.8  84755.5    84704
read      296.4   297.2    74.4   132.1   148.3   250.5   303.9   334.5   358.1   388.1   429.2   512.1  1255.6  3752.2  8343.0 101819.0   101822
read      257.2   121.3    74.4   127.8   141.6   232.7   285.8   314.7   336.1   362.7   396.5   447.0   641.6  1291.4  2002.1  92584.5    92571
read      248.1    85.9    93.8   159.9   174.7   243.7   271.4   285.6   295.0   307.3   320.5   342.9   401.1   605.2  3437.7  12051.5    12106
read      294.8   184.7    74.4   131.0   145.9   263.0   325.9   363.9   392.4   426.7   468.0   534.6   797.8  2453.1  3889.5  58206.0    58568
read      281.6   164.0    74.4   130.3   145.5   260.1   317.6   350.1   375.0   402.8   435.9   486.9   616.4  1993.7  4355.3  51290.5    51319
read      267.0    92.4    86.8   150.2   165.9   264.9   300.1   317.5   330.4   344.3   364.5   394.5   462.3  1170.4  2091.4  21629.0    21556
read      252.0    78.4    93.8   155.9   171.0   248.3   278.2   293.1   303.7   315.6   332.0   357.7   421.0   736.4  2580.3  14292.5    14191
read      277.7   134.8    86.8   143.5   159.7   269.5   312.6   333.7   348.0   368.0   392.6   430.4   541.9  1933.1  3951.8  28906.0    29072
read      258.3   111.8    86.8   153.7   169.0   253.3   284.8   300.2   311.6   324.0   341.2   369.4   436.8  1620.6  3989.8  16356.5    16350
read      316.3   287.6    74.4   127.6   142.1   242.7   310.3   360.0   406.8   468.7   550.5   712.0  1304.1  3836.5  7406.0  87000.0    86891
read      303.5   339.4    74.4   130.6   146.4   246.4   299.7   329.7   352.9   382.1   422.6   508.1  1765.0  4119.8  7979.2 104395.0   104441
read      237.3    63.6   101.3   155.9   169.0   231.4   257.8   271.5   281.5   292.8   308.3   333.5   396.4   550.9  1969.1   8970.5     8906
read      280.0   113.4    80.4   137.3   152.9   268.9   322.7   349.5   369.7   393.7   423.0   464.9   559.7  1007.0  1559.0  42079.0    42175
read      279.2   128.2    80.4   132.7   147.8   261.3   319.5   350.6   373.8   400.5   434.7   483.6   587.2   982.0  3689.2  51447.5    51797
read      282.9   149.9    74.4   125.8   140.2   245.5   309.4   348.5   382.9   424.8   477.3   560.7   784.6  1228.5  1931.1  76523.0    76678
read      262.6    90.1    86.8   151.2   166.8   260.7   294.6   311.1   321.7   336.3   353.8   383.7   449.0   931.3  2443.0  19693.5    19630
read      294.4   305.6    74.4   130.3   145.6   244.2   298.2   329.5   352.9   383.5   426.1   510.2  1321.0  4289.2  8045.8  99783.5   100132
read      271.3    93.2    80.4   141.4   157.2   268.4   315.3   336.8   351.4   368.6   390.6   422.9   493.0   653.4  1552.2  40404.0    40498
read      266.0   150.7    80.4   131.0   146.2   239.5   289.8   317.6   338.4   364.2   397.8   455.3   747.3  1914.5  3104.6 108324.0   108559
read      267.4    74.7    80.4   152.5   168.6   269.9   304.5   319.8   331.5   343.7   361.6   388.5   445.0   545.5  1108.4  24092.0    23964
read      258.2   111.7    74.4   127.8   141.8   238.3   296.4   325.7   345.8   369.9   399.9   444.8   541.1   770.4  1004.0  70886.0    70760
read      254.8   108.2    74.4   129.4   143.8   234.7   285.7   312.8   332.9   357.7   389.8   436.2   555.1   946.6  2670.9  99635.0    99567
read      260.4   128.7    80.4   131.5   146.8   239.0   289.4   316.2   336.0   359.9   392.1   443.1   587.1  1364.8  3717.9 107799.0   107548
read      263.0    99.8    74.4   130.9   146.0   251.0   307.1   333.2   350.8   371.5   397.1   434.1   505.9   640.1  1172.2  53700.0    53742
read      253.2   106.8    74.4   129.2   143.7   233.0   283.5   310.6   330.2   353.9   385.5   433.5   549.3  1050.7  1851.1 103698.5   103931
read      263.5   121.7    80.4   130.2   145.0   247.5   305.3   332.5   351.1   373.5   399.5   436.8   518.5   913.2  3262.0  59816.0    60359
read      234.9    64.9    93.8   155.5   169.4   229.2   255.0   269.1   278.6   290.1   304.1   324.7   384.3   585.0  1965.5   9725.5     9725
read      291.6   201.7    68.9   130.2   145.0   262.1   320.9   355.2   381.9   413.9   453.4   515.2   817.1  2780.0  7270.1  51454.0    52014
read      275.8   131.2    80.4   135.5   150.3   263.3   315.2   341.3   361.1   384.0   411.4   453.6   547.5  1733.1  3212.7  40407.5    40053
read      397.1   431.7    80.4   138.9   156.1   273.3   345.4   404.0   466.3   570.2   756.4  1113.6  2172.1  4577.3  8062.0  86475.0    86436
read      273.5   108.1    86.8   150.0   165.5   269.8   307.9   327.0   340.4   357.1   378.0   410.4   502.0  1321.2  2818.5  23929.5    23983
read      300.2   205.6    74.4   129.8   144.7   258.8   325.9   369.9   402.1   441.7   492.3   570.4   869.3  2855.4  4353.3  66492.0    66595
read      275.1   108.8    86.8   148.0   163.7   270.9   310.5   331.2   345.0   363.5   386.5   421.1   502.4  1228.2  2903.9  26038.0    26056
read      293.8   167.4    74.4   133.3   149.0   269.3   330.1   365.8   392.2   422.5   460.6   518.6   706.0  2004.1  4454.3  51759.5    51764
read      277.4   113.5    86.8   136.8   151.9   265.9   317.6   344.0   365.2   388.8   417.1   460.2   570.0  1012.5  2285.9  40311.5    40202
read      290.2   214.9    74.4   123.2   137.9   242.0   309.9   352.6   388.3   431.1   484.1   568.1   911.6  3060.3  4527.0  76574.5    76665
read      240.3   131.7   101.3   154.2   166.6   230.7   258.4   272.4   282.4   293.1   308.1   331.3   395.7  1875.9  6660.4  11144.0    11133
read      336.8   345.6    74.4   130.0   145.4   256.1   326.0   376.8   421.0   477.2   555.9   730.7  1832.8  4019.6  7892.3  80271.5    80405
read      312.0   242.7    74.4   128.5   143.0   250.2   318.4   368.5   412.1   465.3   537.6   675.7  1167.8  2821.7  6020.7  79202.0    79106
read      289.1   263.6    80.4   130.9   146.4   244.4   298.0   328.2   350.7   380.0   421.1   498.2  1350.7  3512.9  7487.2  97634.0    97258
read      270.4    88.3    80.4   142.3   158.1   270.8   314.4   334.2   346.9   363.5   383.5   415.0   471.0   580.4   801.4  36220.5    36307
read      278.8    95.7    86.8   147.0   163.1   278.3   319.2   339.3   353.9   371.2   394.3   427.9   499.4   792.7  2256.6  28687.0    28636
read      282.4   132.6    80.4   136.8   152.1   270.1   323.2   350.1   370.0   393.5   423.0   466.1   573.8  1801.1  2953.7  41752.5    41620
read      289.9   174.3    68.9   128.8   143.3   251.0   313.9   354.4   389.8   433.0   489.3   572.6   787.0  1736.6  4932.8  75832.0    75736
read      287.4   139.8    80.4   137.2   152.3   270.6   327.5   359.2   382.2   405.9   436.8   485.5   598.6  1759.1  3113.3  44852.5    44979
read      281.8   114.5    86.8   144.4   160.5   275.3   320.9   344.2   361.8   381.8   405.9   444.3   542.9  1159.5  2439.4  31627.0    31478
read      288.1   138.6    86.8   142.1   158.1   276.0   327.0   354.8   373.9   397.7   425.9   466.7   577.3  1739.5  3017.2  37443.0    37586
read      323.1   356.2    74.4   138.1   155.3   266.0   319.1   352.1   378.3   413.6   465.6   573.5  1721.9  4896.3  8213.7 107978.0   108330
read      263.5   112.4    80.4   130.9   145.5   245.3   304.2   333.3   353.4   376.7   404.2   444.9   539.6   761.1  2375.6  65003.5    64301
read      238.4    55.0    86.8   156.9   170.5   233.8   260.9   273.9   284.0   294.6   309.4   331.1   383.0   530.7   636.5  11180.0    11203
read      218.6    69.3   101.3   147.7   158.5   210.8   232.1   245.3   254.6   266.7   281.4   305.8   378.9   932.7  2002.0   7306.5     7291
read      365.1   399.4    74.4   133.2   149.4   258.3   326.5   379.3   430.5   511.9   649.0   933.6  2145.5  4360.2  8035.1  86925.0    87477
read      305.0   244.3    80.4   126.9   141.2   247.9   316.3   362.8   401.3   448.3   508.7   616.6  1169.6  2928.1  6548.6  77462.0    77485
read      281.9   131.6    80.4   136.5   152.0   268.9   322.6   351.0   372.4   395.8   423.4   464.3   554.3  1735.3  3016.9  41970.5    42055
read      273.9    93.8    86.8   146.9   162.4   270.5   311.9   332.5   346.5   365.9   388.8   422.5   501.6   794.6  1908.4  27019.5    26865
read      348.4   415.1    74.4   131.5   147.8   253.0   313.4   353.8   390.1   441.2   535.7   809.6  2592.2  4170.0  7951.9  94882.0    94592
read      258.3   102.2    74.4   128.4   142.5   240.1   298.2   326.9   346.1   369.7   397.9   437.6   525.2   747.6  1322.8  66633.5    66869
read      263.6    84.6    80.4   156.4   173.4   263.3   294.3   309.9   319.8   333.1   347.1   374.0   431.2   616.9  1944.5  18058.5    17835
read      282.2   152.0    74.4   130.1   144.8   258.5   318.4   351.6   376.9   406.8   444.0   499.4   658.9  1673.7  4249.5  55887.0    55977
read      294.4   176.6    80.4   128.8   143.8   249.3   313.6   356.1   392.8   439.9   502.6   603.5   868.6  1903.4  3033.1  82422.5    82437
read      257.7    99.6    86.8   153.7   169.0   253.5   284.7   300.0   312.0   325.1   342.2   370.7   448.1  1049.2  3745.3  15885.0    15775
read      380.1   451.4    74.4   134.4   151.1   266.8   338.0   392.2   441.0   515.3   645.3   952.1  2495.4  5483.3  8124.8  87282.5    87559
read      279.6   170.5    74.4   134.8   150.8   251.4   302.4   331.2   352.9   380.0   416.7   479.5   830.6  2192.9  4265.5 105233.5   105401
read      258.2   122.9    80.4   128.4   142.4   234.6   287.9   316.3   337.2   363.0   396.4   448.8   624.7  1267.3  2422.7  88764.0    88752
read      258.9   132.0    80.4   128.6   142.8   234.4   287.0   315.0   335.6   360.8   393.6   445.3   650.6  1513.3  3349.8  94536.0    94531
read      260.1   138.8    74.4   128.2   142.7   234.3   286.0   313.9   334.4   359.7   393.8   450.4   685.3  1773.2  2900.6 101587.0   101303
read      249.6   118.2    80.4   124.7   139.0   229.4   282.6   310.0   329.3   352.0   382.5   429.5   534.2   833.9  3196.2  86281.0    86640
read      249.9   107.4    74.4   124.3   138.5   228.9   283.2   311.1   331.0   354.8   386.1   434.1   553.4   927.3  1748.1  84735.0    84818
read      258.7    82.9    86.8   150.4   166.8   256.8   288.4   304.7   315.9   329.6   345.7   373.4   441.6   606.3  2700.8  20132.0    20221
read      277.2   124.6    80.4   132.8   148.2   265.0   317.7   345.6   367.5   392.4   423.4   467.6   571.0   899.6  1728.7  43397.5    43599
read      285.5   149.9    74.4   130.9   146.2   263.2   322.9   357.0   383.1   412.9   450.1   505.6   656.1  1503.5  3198.2  52840.5    52779
read      310.6   361.5    74.4   128.8   143.6   245.9   301.9   334.3   360.3   394.1   442.5   565.3  1805.8  5043.6  7884.3  89550.5    89855
read      265.9   107.2    80.4   133.1   148.1   256.5   308.4   333.2   350.2   370.7   396.7   434.6   521.9   718.0  2079.0  48705.5    48532
read      273.0   175.2    80.4   131.4   146.7   242.5   293.5   321.1   342.6   369.2   404.6   470.2   859.8  2252.2  3643.1 107271.0   107423
read      268.3    98.1    80.4   137.4   152.4   260.7   313.0   336.8   353.0   371.5   396.2   429.8   503.6   627.8  1139.4  46711.5    46535
read      269.5   103.3    74.4   136.9   152.0   261.6   314.2   338.3   354.9   373.2   396.7   430.4   509.0   738.2  2116.0  47571.5    47535
read      268.1   100.9    80.4   135.4   150.4   257.9   313.0   338.1   355.5   375.3   399.6   433.4   511.4   680.2  1390.5  49615.0    49633
read      268.8    81.5    80.4   147.3   162.9   270.0   309.8   328.1   340.2   354.8   372.7   401.3   461.5   548.5   734.0  30368.5    30334
read      266.9   111.0    93.8   155.5   171.1   261.1   293.7   310.9   322.3   337.4   355.9   386.5   486.3  1621.6  3824.3  17300.0    17207
read      293.7   300.4    74.4   133.0   149.1   248.5   299.7   328.7   350.4   378.8   417.5   488.6  1426.5  3638.3  8665.4 105754.5   106074
read      265.0    99.9    74.4   133.4   148.9   256.5   309.8   334.4   350.9   371.1   394.5   427.2   496.5   637.5  2245.7  48695.0    48912
read      254.4   128.5    74.4   128.1   142.4   233.0   284.8   312.1   331.9   356.2   388.4   434.8   558.2  1277.2  2872.0  96789.0    96483
read      268.0    90.6    74.4   139.8   155.1   265.7   311.9   332.9   346.2   363.6   384.5   416.3   479.7   634.6  1447.1  39508.5    39228
read      252.9   119.3    74.4   126.9   141.1   232.4   284.9   312.3   331.9   355.1   386.0   433.2   546.6  1021.5  3744.7  91800.5    92350
read      248.3   100.5    74.4   124.9   138.9   229.2   282.4   309.5   328.5   351.1   381.4   428.8   532.7   801.7  1300.7  84973.5    85084
read      250.7   109.2    74.4   125.4   139.6   229.7   284.8   313.6   333.8   357.9   388.6   432.5   531.0   867.0  3262.0  82116.0    81993
read      252.0   105.5    74.4   128.4   142.7   232.2   283.1   310.4   329.8   352.8   384.4   431.8   546.1  1007.1  1477.3 101628.0   101617
read      259.8    72.1    86.8   158.2   175.0   259.4   289.3   304.1   314.1   325.8   341.3   367.3   426.9   540.7  2608.9  16848.0    16730
read      260.0   140.4    74.4   128.2   142.3   237.4   295.5   324.7   346.0   371.5   402.5   449.0   557.4   838.5  4864.3  70902.5    71079
read      265.6   156.1    74.4   130.5   145.7   239.1   289.6   316.7   337.2   362.2   395.6   452.4   721.8  2232.6  3137.6 108693.5   108942
read      265.6   112.9    80.4   133.4   148.3   252.5   308.5   335.0   353.0   373.5   400.2   436.8   520.7   702.4  1736.3  55386.0    55406
read      269.8    97.1    74.4   138.6   153.9   265.1   314.6   337.1   352.5   370.4   393.6   426.6   501.3   629.3  1834.8  42315.5    42279
read      264.6    79.8    86.8   150.8   167.4   264.2   298.3   314.7   326.2   340.0   358.5   387.0   449.0   763.9  1459.0  21870.5    21876
read      284.0   128.0    80.4   143.2   158.9   276.1   323.5   347.3   365.8   386.7   412.4   453.3   542.1  1695.9  2816.6  33973.5    34140
read      286.4   165.0    80.4   135.7   150.7   268.2   323.4   353.9   376.0   401.5   432.1   478.5   589.2  2336.0  3976.0  42921.5    42897
read      269.5    93.1    93.8   156.3   172.3   265.4   298.5   316.1   328.8   342.9   363.7   395.8   475.0  1188.1  2437.3  18522.0    18462
read      297.9   356.0    80.4   128.4   143.7   239.5   293.3   322.6   344.9   373.3   414.9   491.9  1908.2  4424.6  7928.7 100283.5   100375
read      268.2    96.1    80.4   139.1   154.4   265.1   312.5   334.0   348.0   365.5   387.0   419.1   485.5   639.0  1922.7  41341.0    41347
read      251.7   107.5    74.4   127.9   141.8   231.6   282.5   310.0   329.7   353.1   384.6   432.4   546.5   942.8  1741.6 100903.5   101594
read      263.9    95.7    74.4   133.7   149.0   256.6   308.7   332.7   348.0   366.2   389.7   424.7   493.8   625.4  1313.9  47614.0    47486
read      254.2   107.6    74.4   125.6   139.8   233.9   291.0   319.9   340.5   364.8   395.0   435.9   529.6   820.2  2684.3  73456.0    73393
read      265.1   106.2    74.4   133.2   148.5   255.5   310.0   334.5   351.0   370.5   394.6   428.0   498.8   644.6  2520.0  51020.0    51134
read      260.4   102.1    74.4   129.6   144.3   246.5   303.0   329.7   347.5   370.2   395.8   431.6   509.2   662.9  1927.1  58179.5    58201
read      255.2   113.6    74.4   126.5   140.8   234.9   292.0   320.4   340.4   364.0   393.3   434.7   532.2   792.9  2937.4  71240.0    71020
read      255.5   102.4    74.4   127.0   141.1   236.0   292.8   321.3   341.5   365.6   395.3   440.4   537.9   754.2   997.8  71987.0    72071
read      251.9   107.7    74.4   127.1   141.1   231.5   284.3   311.8   331.3   354.7   386.8   433.1   548.0  1001.9  1549.6  93694.5    93446
read      268.6    79.7    86.8   148.5   163.9   270.8   308.6   325.9   337.7   351.2   370.2   398.6   459.7   552.1   653.6  28876.5    28724
read      265.1   112.6    80.4   131.2   145.6   248.1   306.3   334.2   353.7   376.8   403.5   443.3   539.6   939.3  2320.8  59058.5    59269
read      256.1   113.7    68.9   126.9   141.0   234.3   291.0   320.4   341.6   366.6   397.7   442.4   547.4   834.5  3561.5  74790.5    74624
read      265.2   118.5    80.4   132.2   147.4   252.2   307.0   332.9   350.5   371.0   397.2   434.7   524.0   795.0  2942.5  52462.0    52368
read      239.4    65.9    86.8   158.3   171.8   233.7   260.6   273.6   283.8   294.7   310.3   333.6   388.1   560.2  2390.1   9622.0     9687
read      289.5   179.8    80.4   135.3   150.8   269.2   324.2   354.8   377.7   403.3   434.1   484.5   633.9  2550.5  5147.7  44088.5    44165
read      224.3    98.8    86.8   150.8   162.4   214.6   235.3   249.9   260.0   271.0   285.9   309.2   401.7  1407.2  3140.9   6905.5     6895
read      282.1   156.5    80.4   128.3   142.6   257.6   318.1   353.1   380.0   408.6   444.2   500.7   681.4  1666.4  3111.2  55106.5    55457
read      279.5   168.3    74.4   124.9   139.2   249.5   311.6   346.5   375.1   406.2   445.0   504.0   705.0  2309.6  4239.9  61260.5    61164
read      298.6   289.4    80.4   131.6   147.6   250.3   303.6   334.0   357.7   388.6   432.7   536.6  1438.9  4098.5  7694.6 108224.0   108384
read      268.7    92.1    80.4   143.7   159.6   269.8   311.3   330.1   342.5   358.0   375.6   406.3   465.6   555.1   955.2  33440.5    33319
read      255.8   115.6    74.4   128.6   143.1   234.6   286.0   313.1   332.8   356.6   388.9   437.7   578.7  1214.3  2816.2  97793.0    97895
read      270.0   100.0    74.4   140.5   156.1   267.1   314.1   335.2   349.1   366.8   388.5   420.0   481.5   597.1  3878.9  39585.5    39720
read      257.3   112.5    74.4   127.4   141.7   238.6   295.2   323.5   343.1   367.7   396.5   436.7   525.0   775.0  2685.0  68388.0    68554
read      250.4   108.4    80.4   125.6   139.8   230.0   284.0   312.3   332.5   356.3   387.1   431.7   533.8   773.3  3169.1  86849.5    86849
read      273.6    95.9    86.8   148.7   165.0   274.9   313.7   332.3   344.4   360.7   379.6   406.8   470.0   584.1  3046.8  30483.0    30264
read      265.2   177.1    74.4   127.9   142.3   234.5   287.3   315.4   336.5   363.1   397.9   457.5   762.3  2579.9  3755.7 100766.5   100754
read      261.7   145.7    74.4   128.4   142.6   234.3   287.2   315.6   336.9   363.1   397.4   454.4   716.3  1763.4  2976.3  98172.0    98098
read      260.3   149.5    74.4   127.5   141.5   233.5   288.3   317.1   338.6   365.3   399.0   450.3   652.4  1598.2  4853.1  85841.5    86028
read      264.7   141.0    74.4   130.6   145.2   239.0   292.1   320.5   341.9   367.8   401.0   455.1   697.3  1769.7  2936.0  93139.5    93054
read      269.3    95.5    80.4   138.5   153.4   264.5   313.7   336.6   352.4   371.2   393.9   426.3   495.9   626.1  1440.3  42561.0    42348
read      273.5    89.1    86.8   147.9   164.0   272.5   311.9   331.0   344.1   361.1   381.6   413.9   501.6   786.6  1464.2  29457.5    29490
read      261.8   105.3    93.8   153.3   168.7   259.3   291.4   307.6   318.1   332.1   347.7   377.7   447.4   882.2  3436.8  18131.0    18187
read      377.3   501.9    74.4   132.1   148.4   255.8   318.9   366.7   412.0   490.7   654.3  1008.8  2625.0  7139.1 11116.4  95129.5    95113
read      239.9    90.8   101.3   157.5   171.1   232.6   259.2   272.3   282.1   293.0   307.9   330.6   399.5   969.6  4445.4   8633.5     8570
read      280.5   147.3    74.4   128.2   142.6   253.1   315.0   350.1   378.6   412.4   453.6   513.7   674.5  1574.4  3339.9  62084.5    62285
read      279.8   131.7    80.4   130.1   145.4   260.7   319.1   351.2   375.2   403.5   438.7   491.4   603.0  1208.6  2882.6  52357.0    52582
read      280.0   114.3    80.4   141.4   157.6   274.8   321.4   344.2   361.6   381.4   405.5   443.7   531.2  1145.7  3592.0  34127.0    34260
read      276.3   133.5    80.4   127.3   141.5   252.1   313.4   347.1   375.1   407.1   446.1   500.7   627.8  1166.6  2541.5  59477.0    59493
read      290.0   196.3    80.4   128.4   143.0   257.4   320.0   357.6   387.0   420.4   461.4   525.2   746.6  2474.1  5303.2  58634.5    58208
read      299.3   303.4    74.4   130.1   145.2   245.1   300.8   332.7   357.3   388.5   431.1   527.9  1591.8  4109.2  7583.2  93768.0    93458
read      259.0    84.0    93.8   156.3   172.4   258.8   289.1   303.9   313.8   325.3   341.1   366.4   427.5   576.9  1945.8  18015.0    18056
read      263.3   158.9    74.4   129.0   143.3   234.9   288.2   316.9   338.3   364.7   399.1   453.8   704.1  1951.2  4546.9  93868.5    94134
read      267.7    87.9    80.4   141.2   157.0   266.1   310.9   331.3   344.8   361.9   382.1   411.5   476.9   592.6   883.7  37830.0    37808
read      264.8    98.2    80.4   133.3   148.1   253.4   310.0   335.8   353.4   373.6   398.4   431.7   505.2   657.4  1140.9  53496.5    53481
read      270.4   122.4    80.4   151.9   168.0   273.7   307.9   323.4   335.0   346.6   365.4   392.6   449.3   552.4  1736.3  25767.0    25666
read      409.3   510.9    80.4   142.1   163.4   295.5   361.3   407.1   448.7   503.9   590.3   862.4  3290.6  5530.6  8012.3 108898.5   108853
read      270.0    96.5    80.4   140.1   155.7   266.8   315.0   336.2   350.3   367.3   389.1   421.5   487.7   601.5  2600.2  41644.0    41576
read      254.8   100.3    80.4   127.1   141.2   236.3   293.7   322.1   342.1   366.0   394.4   433.7   515.9   682.7   980.0  70159.5    70282
read      264.8   102.6    74.4   134.1   149.5   257.4   308.9   332.5   348.2   368.2   391.3   423.5   498.9   641.6  3075.8  45931.5    45769
read      251.8   107.1    74.4   126.4   140.6   231.3   284.2   312.3   332.3   356.3   388.2   433.9   546.4   910.6  1606.5  92374.0    92383
read      248.9    96.7    93.8   158.4   173.4   244.6   272.1   286.1   295.1   307.5   320.9   345.6   403.2   711.7  4856.0  12187.5    12100
read      258.2   144.6    80.4   128.0   141.7   238.4   296.0   324.8   344.5   368.8   398.5   441.0   547.8   805.1  1258.8  67815.0    67747
read      259.1   121.9    80.4   128.2   142.1   238.4   296.3   325.9   346.1   369.8   399.0   441.7   541.8   903.9  4322.3  68814.5    68933
read      260.3   102.0    74.4   129.6   143.8   243.3   301.5   330.2   349.6   372.4   399.6   437.1   519.4   722.9  1055.7  63237.5    63242
read      258.3   113.7    74.4   127.6   141.7   236.8   295.0   324.3   345.0   371.1   401.2   445.8   555.4   814.3  1376.6  72815.5    72993
read      268.6   127.9    74.4   133.6   148.6   255.8   310.3   336.0   353.7   373.8   398.4   434.5   536.3  1276.9  3686.7  50884.0    51022
read      259.0   113.3    80.4   128.4   142.4   240.2   298.0   326.5   346.0   370.0   399.0   439.9   532.1   779.2  3207.3  67075.5    67069
read      268.6    99.2    86.8   149.9   166.1   269.4   304.0   320.0   332.2   344.6   363.2   391.2   456.6   780.7  3871.7  24940.5    24895
read      256.8   101.6    80.4   127.4   141.5   238.6   295.2   324.1   344.3   368.4   398.7   438.2   527.5   679.9   867.5  68397.5    68588
read      269.5    96.7    80.4   139.4   155.0   265.7   314.7   336.8   351.6   368.7   390.8   422.9   481.9   590.5  1402.7  42773.0    42706
read      263.5   100.5    80.4   132.7   148.0   253.7   306.4   331.3   347.7   368.1   393.0   429.1   504.8   652.5  1570.6  49664.5    49479
read      258.5   105.0    80.4   128.3   142.4   241.1   299.1   327.4   346.6   369.5   397.6   435.3   521.4   693.0  2041.5  64429.0    64792
read      253.8   103.6    68.9   126.2   140.3   234.1   291.5   319.9   340.5   365.7   395.4   435.5   524.1   699.9  1502.4  73905.0    73879
read      270.8    87.0    86.8   145.9   161.9   271.9   313.0   331.7   343.7   359.5   378.0   407.0   465.5   574.6  1965.1  31883.0    31893
read      262.5   113.2    80.4   128.9   142.9   240.1   297.3   327.3   348.6   375.3   409.2   461.5   590.6   931.0  1841.5  74086.0    74262
read      265.9   136.2    80.4   131.8   146.4   249.3   306.4   333.6   352.0   373.0   399.4   438.8   536.7  1307.8  3266.5  57347.5    57246
read      261.1   157.6    74.4   128.5   142.7   234.0   287.7   316.3   337.4   363.5   397.5   451.7   661.2  1850.4  5587.4  91748.0    91617
read      264.7   110.0    80.4   132.1   146.8   250.8   307.3   333.9   351.8   371.8   397.5   433.2   520.0   917.8  2711.8  55114.0    55173
read      266.9   142.4    74.4   131.8   147.3   242.9   293.5   320.3   341.3   367.2   400.2   457.9   682.2  1781.0  2960.3 108397.0   108633
read      255.5    77.3    93.8   158.1   174.4   255.2   283.4   296.6   307.0   317.7   333.1   356.4   411.1   574.7  3098.1  15599.0    15720
read      252.9   114.3    68.9   126.1   140.8   231.1   282.2   309.8   329.6   353.4   385.9   434.8   586.3  1269.9  1699.6  99815.0    99961
read      253.0   126.7    74.4   128.1   142.5   232.2   282.1   308.8   327.7   350.5   381.6   432.0   562.4  1205.6  3834.8 102815.5   102613
read      260.0   102.9    74.4   129.3   143.8   245.7   301.5   327.7   345.3   367.8   395.4   434.8   521.3   710.5  2134.3  57009.0    57169
read      260.3   113.0    74.4   129.1   143.6   246.4   301.6   327.8   345.5   367.8   394.1   431.1   509.2   671.8  3070.9  57156.5    56950
read      264.8   126.3    80.4   132.2   147.5   255.4   307.9   332.0   348.2   369.4   394.5   429.5   503.2   637.1  3951.2  49979.5    49938
read      225.1    82.4   101.3   153.6   164.8   216.4   237.6   252.2   262.2   272.5   288.5   313.8   385.2  1018.5  3464.7   5503.0     5383
read      283.7   163.2    80.4   137.8   153.0   268.3   319.8   345.9   367.2   390.5   419.1   463.1   587.2  2041.8  3739.2  39408.5    39719
read      279.8   157.6    80.4   136.3   151.6   266.9   316.2   341.4   360.4   382.7   411.2   454.2   547.4  2182.0  3744.6  36818.5    36653
read      304.2   216.4    74.4   130.2   145.1   259.7   327.2   371.3   406.9   450.9   505.3   588.5   898.1  2840.7  5695.5  69433.0    69482
read      285.2   141.9    80.4   132.7   148.1   266.6   323.1   355.4   379.6   406.8   440.6   492.6   624.0  1726.8  2554.4  46803.0    46749
read      313.1   274.0    74.4   128.2   143.0   259.5   326.8   371.6   405.6   448.9   505.3   602.0  1284.0  3477.2  7702.3  65208.0    65109
read      283.8   155.0    80.4   130.7   146.0   264.3   320.0   350.6   374.0   400.5   434.5   487.5   646.7  1978.9  2931.3  46644.5    46501
read      310.7   330.3    74.4   135.0   151.9   258.3   310.2   340.4   364.8   396.2   442.4   542.1  1609.1  4374.2  7847.2 109601.5   109480
read      258.7   116.4    74.4   128.1   142.4   239.7   297.0   325.7   345.3   369.8   399.2   439.1   529.1   749.4  3775.5  69277.5    69433
read      264.3   103.1    80.4   131.9   147.0   250.3   306.7   333.6   352.0   373.3   400.1   440.3   522.8   682.4  1542.5  58107.5    58157
read      255.8   103.0    80.4   127.0   141.2   237.2   294.4   322.3   342.0   365.9   395.3   436.1   528.0   728.9  1278.4  71076.5    70737
read      270.9    96.5    80.4   143.0   158.9   271.2   313.4   332.9   345.5   362.6   382.6   411.2   470.5   590.2  3500.1  34499.5    34617
read      253.7   104.7    68.9   126.6   140.8   234.0   289.0   317.0   337.2   361.4   392.7   436.5   540.1   772.6  1761.8  77766.0    77563
read      253.1   104.2    74.4   126.9   141.2   233.1   286.0   313.6   333.5   357.6   389.9   437.9   551.9   830.7  1632.5  90173.0    90036
read      274.5   116.7    80.4   143.1   159.1   270.8   315.1   335.6   349.3   367.2   389.4   423.6   502.3  1005.4  3132.7  36627.0    36689
read      274.8   102.8    74.4   140.1   155.8   265.9   317.6   342.3   360.7   381.3   404.5   439.6   532.0   836.1  2024.9  46974.0    46832
read      278.6   186.5    74.4   135.0   150.9   249.2   299.7   328.4   349.7   376.8   414.8   475.6   804.5  2533.5  6307.9 104802.0   104903
read      257.8    79.1    93.8   166.5   182.0   256.5   282.7   295.6   305.9   316.7   332.2   355.8   413.5   582.4  2407.8  14155.5    14153
read      279.4   113.7    86.8   157.7   175.1   273.7   308.3   326.5   339.6   355.8   377.0   410.1   516.0  1739.2  2477.1  21663.5    21674
read      224.1    73.7   101.3   156.8   167.1   215.2   235.2   248.8   258.1   268.8   282.5   305.6   388.7  1096.3  2276.3   5650.5     5689
read      292.4   190.2    80.4   140.8   157.2   273.2   322.9   349.0   370.2   393.9   423.0   467.0   714.6  2625.4  7140.8  37711.0    37781
read      263.0   103.4    93.8   160.4   175.6   258.3   288.3   303.9   314.6   327.6   344.5   374.2   444.6  1463.1  2758.5  15613.0    15507
read      296.7   307.9    74.4   131.5   147.6   248.2   300.9   331.0   354.3   384.7   426.0   507.5  1431.1  4246.8  7859.6 101519.0   102064
read      257.3   101.2    74.4   128.5   142.8   238.2   295.8   324.2   343.8   367.9   397.6   439.9   531.9   696.5   863.2  71148.5    71340
read      253.7   102.2    80.4   127.1   141.1   233.5   289.7   318.2   338.4   363.0   394.1   436.8   533.3   741.1  1321.9  80064.5    79815
read      271.8   148.6    80.4   136.3   151.9   261.9   312.2   335.0   350.5   369.0   392.9   428.7   526.2  1754.4  7179.2  44593.0    44352
read      257.4   123.4    74.4   130.7   145.9   237.5   286.7   313.1   332.7   356.5   388.4   436.1   564.2  1174.4  3474.0 109525.0   109562
read      252.3   101.6    74.4   127.2   141.3   232.6   287.1   315.8   336.0   359.9   390.9   433.8   530.1   771.3  1048.0  85747.0    86219
read      264.4    93.6    74.4   133.3   149.2   257.4   309.1   332.9   348.9   368.4   391.8   424.7   491.1   597.9   798.4  47604.5    47335
read      272.0   102.0    80.4   139.5   155.1   269.5   317.5   339.2   354.3   371.2   393.9   426.6   493.6   620.0  3062.1  42103.5    41962
read      280.9   112.7    80.4   135.6   151.2   268.5   323.2   352.1   374.1   399.9   430.4   474.3   568.4   884.9  1689.8  45912.0    45802
read      256.1    83.9    86.8   157.7   173.1   253.9   282.8   297.4   308.4   319.4   336.5   362.5   425.1   706.8  3532.1  13520.5    13389
read      258.6   140.1    74.4   127.3   141.6   232.2   284.8   313.1   334.1   360.4   395.1   450.2   671.4  1756.7  2745.6  95526.5    95780
read      252.2   102.2    74.4   127.2   141.2   232.1   285.2   313.7   334.4   359.6   392.0   436.9   536.7   743.8  1547.3  87907.0    87844
read      263.3   141.0    80.4   130.9   145.9   249.2   306.2   332.4   349.8   370.3   396.2   432.2   507.3   669.0  3714.0  56024.5    55903
read      255.2   114.4    74.4   129.2   143.7   234.1   285.3   312.7   332.6   356.7   388.9   435.8   560.6  1186.5  2227.6 100787.5   100902
read      255.4   112.6    68.9   126.4   140.6   235.7   292.7   321.1   341.5   366.1   395.1   435.5   526.6   734.8  3156.6  71051.0    70988
read      260.4    98.1    80.4   130.7   145.5   249.0   305.1   330.8   347.5   367.7   392.2   426.2   493.9   587.5  1105.4  53875.5    53831
read      268.1    78.3    80.4   148.0   164.6   271.0   305.9   321.4   334.1   346.8   366.2   394.9   459.8   590.3   741.3  26924.0    26948
read      282.2   102.7    80.4   145.4   161.5   279.3   324.2   346.9   364.9   384.9   408.6   445.6   517.3   810.6  1336.6  32418.0    32347
read      278.4   106.0    74.4   136.9   152.7   269.9   321.9   348.1   368.3   391.0   418.7   459.1   540.1   747.2  1469.9  41064.5    41050
read      310.4   297.1    74.4   130.4   145.8   261.9   324.6   362.2   391.8   426.5   469.5   546.4  1400.0  3830.5  8675.1  56194.0    56197
read      293.7   308.7    74.4   129.2   144.3   242.5   296.8   327.1   349.3   379.0   420.1   502.2  1577.5  4008.9  7753.1  94635.5    94617
read      255.9   102.2    80.4   127.7   142.0   236.8   294.2   322.3   342.6   367.0   396.2   437.4   523.3   709.3  1376.8  71842.5    71839
read      255.1   108.8    74.4   127.7   141.6   234.4   290.8   319.4   339.9   364.7   395.4   438.7   542.7   792.6  1622.0  78820.0    79082
read      260.0   114.8    74.4   131.4   146.9   240.0   289.3   316.0   336.1   361.2   393.5   442.3   584.1  1168.5  2327.9 108011.5   107630
read      259.8   104.7    74.4   128.8   143.7   244.2   301.4   327.9   345.7   369.4   396.8   434.7   517.4   683.5  2670.8  59882.5    60164
read      253.5   102.3    74.4   129.0   143.3   234.3   285.5   312.4   332.0   355.9   387.6   433.6   548.3   866.2  1334.5  97682.0    97878
read      259.3   101.2    80.4   128.9   143.1   243.4   301.6   329.4   347.8   371.2   397.0   433.6   509.7   668.4  1402.0  63579.5    63680
read      254.0   104.0    74.4   126.9   140.8   234.0   291.1   319.5   339.8   364.7   394.3   434.7   528.9   738.4  1999.4  73718.5    73888
read      257.8   104.1    80.4   128.5   142.7   240.6   298.3   325.7   344.1   367.3   395.7   435.0   529.1   702.8  1340.8  65467.5    65499
read      257.5   140.9    80.4   130.0   144.6   235.5   287.7   315.3   335.5   359.9   391.8   440.3   562.6  1263.7  3153.1  96563.0    96906
read      257.4   113.1    74.4   130.3   145.2   237.7   287.9   314.5   334.2   358.3   390.0   437.1   564.2  1133.4  2796.9 103250.0   103287
read      264.5   103.1    80.4   133.6   149.2   256.8   309.8   333.5   349.2   368.2   391.6   424.3   491.3   589.4  1968.3  49541.0    49664
read      274.5    89.3    86.8   147.9   163.3   275.9   316.6   336.0   348.9   365.3   385.2   414.0   471.2   583.3   907.3  32585.0    32535
read      271.1    98.2    80.4   137.8   152.8   263.4   315.4   339.5   356.6   375.7   400.2   436.1   517.0   674.2  1181.8  46517.0    46477
read      232.3    64.6    93.8   158.2   169.6   225.7   249.0   262.2   271.1   282.5   296.3   319.2   385.4   943.7  1961.4   7498.0     7459
read      340.9   341.4    74.4   131.7   147.3   263.7   334.8   384.4   426.4   481.4   559.1   726.2  1750.1  4233.9  7894.7  73522.0    74137
read      297.4   213.6    80.4   131.2   146.0   264.2   326.5   365.2   394.8   428.9   470.0   534.0   747.3  2940.6  6746.7  57238.0    57061
read      278.0   123.3    80.4   138.0   153.5   269.3   316.5   341.0   359.7   381.3   406.7   446.8   541.8  1556.0  3038.3  34294.0    34213
read      229.8   109.1   101.3   153.0   164.5   218.9   243.2   258.2   268.0   279.0   293.7   318.6   409.0  1579.0  5652.4   7449.5     7432
read      279.1   150.5    74.4   134.0   149.3   263.2   316.3   344.3   365.9   390.1   420.0   464.7   588.3  1974.3  4638.4  41573.0    41605
read      279.3   135.2    86.8   140.0   155.6   269.7   316.5   340.5   358.3   378.4   403.1   441.2   540.8  2064.4  3177.4  33305.5    32998
read      286.6   182.7    80.4   126.9   141.0   256.2   320.2   356.6   384.5   417.9   459.2   523.8   736.4  2255.3  4698.0  61632.0    61636
read      287.0   185.4    74.4   126.5   140.9   252.3   316.8   355.4   386.2   421.8   464.6   530.8   779.6  2474.9  4408.5  64522.0    64695
read      251.3    95.5    86.8   153.4   167.6   244.4   275.2   291.1   302.0   314.8   331.6   358.3   436.4  1155.5  3513.5  14185.0    14063
read      307.7   357.9    74.4   129.9   145.5   248.0   303.6   334.5   358.7   389.9   431.7   521.5  1839.8  5007.7  7900.9  91127.0    91302
read      224.1    66.9   101.3   153.3   164.7   217.2   238.9   253.1   263.0   273.3   289.3   312.9   371.0   602.3  2006.3   6010.5     6064
read      278.6   140.5    80.4   137.0   152.4   269.2   321.1   347.4   367.5   389.6   416.1   456.9   543.5   925.6  2170.1  40911.5    41354
read      272.0    80.6    93.8   155.9   173.1   272.4   306.1   323.1   336.0   349.8   369.0   397.9   456.2   621.5  2040.9  19876.0    19863
read      267.6    90.0    86.8   153.5   169.9   267.4   301.1   317.5   329.5   342.7   362.1   391.0   447.1   593.2  2218.3  19472.5    19488
read      255.3   122.2    93.8   155.1   169.8   246.1   276.0   291.1   301.6   314.5   331.5   359.1   461.2  1949.4  3084.3  14266.0    14040
read      263.2    92.3    86.8   151.2   166.6   259.6   293.0   310.3   321.5   336.9   356.4   389.3   465.9  1232.7  2355.6  19570.0    19538
read      269.9   118.8    86.8   152.0   167.7   264.7   299.5   316.5   329.1   343.1   363.5   394.6   475.1  1812.8  2974.1  20047.5    20199
read      320.5   397.0    74.4   132.1   148.6   252.5   306.4   338.9   365.7   399.7   449.4   552.8  2316.4  5388.0  7806.2 106115.0   106657
read      266.0   167.2    80.4   128.9   143.1   235.4   289.0   317.8   339.3   365.8   402.2   461.7   784.8  2022.2  3083.9  92383.0    92457
read      262.8   147.6    74.4   128.9   143.6   236.0   289.2   317.7   338.9   365.1   399.1   453.9   690.2  1834.0  3860.5  93004.0    92780
read      257.1   105.8    68.9   127.9   142.0   238.4   295.2   323.2   343.0   367.2   397.8   441.1   531.7   709.1  1810.6  68491.0    68203
read      254.0   105.5    74.4   127.9   141.7   233.2   287.9   316.7   337.8   362.8   394.1   440.2   545.8   779.9  1449.7  82117.0    81753
read      261.1    98.9    74.4   130.7   145.3   247.4   304.2   331.3   349.2   370.2   396.4   433.1   504.6   670.3  1178.0  57968.0    57748
read      262.2    75.6    86.8   151.9   168.3   263.8   296.1   311.4   321.0   334.7   349.6   373.6   429.3   522.8  1373.3  21255.0    21027
read      297.0   184.7    80.4   133.5   149.1   269.8   328.9   364.0   390.0   421.0   460.6   522.3   816.9  2577.3  4039.2  49663.0    49680
read      316.4   290.7    74.4   126.7   141.1   245.2   312.6   361.9   405.8   463.4   543.6   695.5  1309.4  3708.0  7558.9  81993.5    82042
read      292.8   311.0    74.4   129.2   144.0   240.9   295.8   326.3   349.4   379.6   419.6   496.1  1523.7  4248.8  7750.1  93579.0    93691
read      270.0   104.2    80.4   137.9   152.8   262.8   313.6   337.3   353.4   371.5   395.2   428.8   505.1   869.8  2644.8  45374.0    45291
read      267.7    89.2    74.4   147.1   162.7   268.4   307.1   324.8   337.2   350.9   370.1   399.7   462.2   586.1  2362.2  30385.0    30437
read      260.1   125.3    80.4   128.4   142.5   238.9   297.1   326.2   345.6   369.0   398.6   440.3   543.3  1386.6  3607.4  67465.0    67422
read      255.3   102.4    74.4   127.4   141.2   236.0   294.0   322.4   342.4   366.2   396.0   435.1   516.2   709.3  1473.0  69802.5    69956
read      271.8   111.2    74.4   143.0   158.8   270.7   313.8   333.1   345.4   362.6   383.2   414.0   479.4   730.2  2879.1  35515.0    35404
read      251.4   104.1    80.4   125.8   139.7   231.4   286.3   315.0   335.1   359.5   391.1   433.7   529.5   758.6  1367.0  80623.0    80225
read      254.7   117.3    74.4   129.2   143.7   234.5   284.1   310.9   330.4   353.7   385.3   434.9   562.0  1139.1  3022.6 105653.5   105585
read      267.8    90.4    93.8   157.2   173.7   268.5   299.7   315.1   325.8   338.4   354.4   380.4   440.8   580.0  4054.5  20283.0    20088
read      254.6    82.3   101.3   159.6   174.2   248.5   278.7   293.5   304.4   316.5   333.8   362.6   446.0  1098.0  3030.3  12649.5    12672
read      260.8    93.6    93.8   155.9   171.9   255.8   287.4   303.3   314.5   327.8   344.1   374.2   459.4  1406.7  2497.3  15815.5    15696
read      279.9   125.3    80.4   149.6   165.0   275.6   315.1   335.3   349.2   368.2   392.3   426.8   515.8  1349.5  3682.8  25930.5    25951
read      303.5   264.1    74.4   128.9   143.4   257.3   323.6   365.2   397.3   436.1   487.1   568.7   997.0  3388.6  7954.3  65202.0    65007
read      238.3    83.0    93.8   154.7   168.1   230.1   257.8   271.1   281.2   293.1   308.9   333.8   410.7  1174.0  2564.3  10155.5    10189
read      299.9   250.6    74.4   124.6   139.4   244.0   311.7   358.7   398.8   447.4   507.8   602.7   998.8  3505.3  7298.6  77772.5    78008
read      252.4    93.7   101.3   157.3   172.0   244.7   274.8   290.1   300.4   313.0   329.1   355.7   436.2  1558.9  2136.7  12742.0    12678
read      262.1    95.1   101.3   157.9   173.8   258.3   289.6   305.6   316.4   330.0   345.8   373.9   451.4  1222.9  2370.5  15595.5    15922
read      290.4   155.6    80.4   137.0   152.2   273.2   327.3   357.4   380.6   405.4   436.3   487.0   648.9  1957.5  2963.8  41759.5    41774
read      293.0   163.0    80.4   140.8   157.0   278.4   331.6   361.2   382.5   405.5   434.5   478.0   594.1  2360.7  5588.3  38895.5    38788
read      286.1   152.7    80.4   140.4   156.1   273.5   321.9   347.2   367.8   390.6   418.2   459.5   573.4  2002.9  3727.3  34585.0    34559
read      297.2   245.6    74.4   130.4   145.2   262.6   323.7   359.9   387.1   419.0   457.8   517.8   783.1  3696.1  7540.1  54777.5    54825
read      288.5   176.1    74.4   136.7   152.1   270.9   325.2   355.0   377.1   400.5   430.5   474.6   593.7  2780.1  4058.1  42684.0    42697
read      246.9    77.4    93.8   156.4   170.2   240.0   270.7   285.2   294.5   307.2   321.6   350.1   422.1   883.3  2117.9  12512.5    12669
read      298.4   263.3    74.4   127.1   141.4   252.6   318.4   359.8   392.4   430.6   478.3   553.7   852.1  3859.6  7626.3  69545.0    70047
read      276.8   231.2    74.4   128.8   143.4   238.6   291.7   319.8   341.4   368.7   405.0   471.5  1064.8  3079.2  7039.1  96169.5    96137
read      252.8   105.2    74.4   127.4   141.7   232.9   284.9   312.6   332.9   357.5   389.8   435.9   546.8   905.7  1408.2  93124.5    92934
read      263.7    78.0    86.8   153.0   169.6   266.1   296.8   311.9   321.4   334.7   348.9   374.5   435.0   550.2  1952.3  20603.0    20597
read      253.3   107.2    74.4   125.7   139.9   235.1   291.4   318.3   337.3   359.8   389.0   431.6   527.7   745.5  2446.4  66412.5    66597
read      256.7   132.9    68.9   126.8   140.9   239.5   295.0   320.3   338.3   359.8   387.6   429.2   521.7   993.6  4436.4  60005.5    59987
read      256.5   100.5    74.4   127.8   142.1   243.0   297.7   323.3   340.9   362.0   388.8   427.9   507.5   666.2  1701.3  58686.5    58456
read      257.5   102.8    74.4   128.5   142.8   243.0   299.0   324.9   342.7   364.5   391.5   429.2   508.3   670.5  2098.5  59853.0    59958
read      255.1   111.4    74.4   128.8   143.2   234.4   286.0   313.6   333.6   357.8   390.0   436.7   569.0   963.8  2496.8  98146.0    98221
read      261.9   100.7    80.4   131.0   145.8   248.9   305.7   332.1   349.4   371.2   396.1   431.5   505.2   638.6  1013.7  56038.0    55912
read      273.2   143.1    80.4   142.0   157.5   269.8   315.9   337.2   351.8   369.0   391.2   424.6   499.8   638.1  4844.8  38740.5    39018
read      262.9   107.7    86.8   151.2   167.1   257.8   291.5   308.7   320.1   335.5   354.8   388.3   464.0  1291.4  2610.0  18923.0    18747
read      289.1   197.8    74.4   127.9   141.8   255.6   318.1   355.3   384.2   417.5   460.2   526.3   761.4  2726.8  4993.7  59598.5    60013
read      362.1   400.3    80.4   132.6   148.8   262.0   332.2   388.0   439.1   517.1   649.6   905.7  1831.4  5158.8  8979.7  85762.5    85584
read      436.6   577.3    80.4   135.6   153.3   278.2   359.3   424.4   486.3   580.3   776.3  1346.4  2999.7  7224.3 10225.4  85086.5    84809
read      261.8   142.3    74.4   128.2   142.5   235.2   290.2   319.2   340.5   366.7   400.1   453.2   661.6  1638.8  3852.3  85449.5    85435
read      252.2   111.2    80.4   126.5   140.7   231.1   282.9   310.2   329.9   354.2   387.1   433.9   570.0  1100.6  1952.1  94945.5    94907
read      259.2    72.8    86.8   156.4   173.3   259.6   288.5   302.9   313.0   324.2   340.1   365.7   424.2   551.1  2615.7  16351.0    16437
read      254.3   102.1    74.4   127.5   141.4   234.7   290.4   318.8   339.5   364.3   395.0   437.0   535.2   742.3  1052.0  77810.0    78505
read      251.5   103.0    74.4   124.6   139.0   232.8   287.6   314.8   334.3   357.4   388.0   434.3   539.3   769.0  1458.2  77281.0    77219
read      255.6   134.5    74.4   126.6   140.8   233.3   287.2   315.2   335.3   359.3   390.9   437.7   558.4  1342.4  4356.0  86343.5    86414
read      254.8   102.7    74.4   126.9   141.1   234.7   291.9   320.3   340.7   365.2   395.6   437.3   536.6   734.6  1013.4  73296.5    73427
read      256.7   114.3    80.4   129.6   144.3   235.9   286.9   314.1   333.8   357.7   389.6   437.5   580.4  1100.1  1815.6 100261.5   100497
read      251.9   102.7    74.4   128.2   142.2   232.0   283.5   311.2   331.2   355.1   386.9   434.3   541.5   875.7  1383.5  96583.0    96416
read      255.0   106.7    74.4   126.4   140.7   235.2   293.1   321.2   341.4   365.6   395.3   436.4   527.8   729.0  2062.5  71844.0    71637
read      275.2    93.7    80.4   147.1   163.2   275.6   317.3   336.7   349.7   366.8   387.5   417.3   477.5   667.0  1856.5  33418.0    33216
read      262.6   113.0    80.4   130.7   145.0   246.9   304.9   332.4   351.3   374.0   400.6   439.2   521.9   683.4  3053.3  58736.5    58699
read      267.5   147.6    74.4   132.5   147.3   252.8   307.1   334.0   352.7   374.1   400.1   435.9   524.7  1766.1  4247.6  53788.0    53809
read      260.3   115.3    80.4   129.1   143.0   237.8   296.1   325.8   346.6   373.2   404.5   451.9   568.9   883.4  2009.1  72755.5    72797
read      276.1   182.6    80.4   132.0   147.5   245.4   296.6   325.0   346.4   373.9   410.6   473.8   872.2  2610.9  3954.1 107345.0   107267
read      265.6   123.4    74.4   132.1   146.9   250.8   306.9   333.7   352.5   374.5   402.9   441.0   531.9   758.1  4782.4  56064.0    55877
read      257.2   113.3    74.4   127.1   141.2   236.4   293.3   322.0   342.6   368.5   398.9   444.3   548.6   831.7  2025.4  70754.0    70507
read      263.0    94.9    80.4   133.0   148.4   255.5   306.4   330.3   346.0   365.3   389.3   425.0   502.3   632.7  1148.7  46781.0    46741
read      267.5   103.1    74.4   137.4   152.4   262.4   307.9   329.8   344.9   364.6   389.1   426.4   508.9   649.8  2181.6  36674.5    36507
read      281.8    95.4    86.8   146.6   163.2   278.4   322.9   345.5   362.8   382.1   404.6   441.7   513.5   696.5  1241.7  31007.0    30697
read      279.7   113.8    86.8   150.4   167.4   277.0   315.2   335.1   348.8   367.4   390.1   424.2   498.3  1154.6  3630.4  24998.5    25261
read      274.9   111.2    86.8   149.9   165.3   270.8   309.0   328.1   341.6   358.6   379.3   412.8   501.3  1518.4  2770.2  25256.0    25212
read      285.1   130.2    86.8   143.1   159.0   275.8   322.6   347.5   366.9   388.8   416.0   458.1   568.5  1568.6  2905.5  33613.0    33805
read      341.1   355.8    74.4   131.9   147.4   261.7   334.3   390.0   435.3   495.8   573.8   721.1  1585.3  4831.4  7738.4  76468.0    76345
read      303.6   338.8    80.4   131.5   147.0   247.7   303.4   335.0   359.3   390.0   432.7   519.8  1689.9  4139.6  9134.6  95516.5    95558
read      274.2    85.7    86.8   151.9   167.9   276.9   313.2   330.7   342.4   357.6   375.3   402.5   469.3   582.2  2783.3  28343.0    28428
read      273.0    96.2    93.8   152.9   168.8   269.4   305.4   323.3   336.7   351.7   372.2   404.1   501.6  1107.4  2163.5  21681.0    21673
read      348.8   427.1    74.4   132.6   148.9   255.2   315.6   354.4   388.1   434.3   520.6   789.8  2395.5  5112.9  8062.4  88815.5    89018
read      269.1   111.5    80.4   137.8   152.8   261.4   312.6   335.8   351.2   369.0   391.5   424.1   498.1  1071.3  2983.9  46794.0    46753
read      272.6    89.4    86.8   145.3   161.1   272.7   314.2   333.2   345.3   362.0   382.3   415.2   492.3   731.8  1342.4  34184.0    34034
read      284.1   120.8    80.4   136.6   151.7   269.4   326.0   356.2   378.8   404.9   437.2   484.3   587.5  1106.0  2391.3  47549.0    47329
read      281.5   129.9    80.4   130.6   145.7   260.2   319.7   354.2   381.3   412.3   450.0   504.1   628.8  1002.0  1819.9  57087.0    56893
read      285.2   145.4    80.4   139.5   154.8   272.9   325.0   352.3   371.9   395.6   424.0   465.3   573.6  1557.9  3562.7  38711.0    38690
read      355.7   335.8    74.4   137.6   153.2   269.7   341.9   398.6   451.7   526.5   636.0   825.2  1579.6  4191.3  7771.1  79935.5    79988
read      329.5   356.1    80.4   138.4   155.7   266.6   322.8   358.5   386.6   421.9   472.1   595.6  1884.3  4061.6  7845.5 107416.5   107429
read      274.0   130.6    80.4   139.1   154.1   265.3   316.0   339.0   354.8   372.4   396.1   432.1   522.9  1541.3  4088.4  43709.0    43713
read      262.4   137.5    80.4   128.4   142.4   236.6   294.0   324.5   346.0   372.8   405.3   459.7   648.1  1113.9  3449.1  76435.5    76624
read      265.6   130.0    74.4   128.9   143.1   240.0   298.0   329.2   351.3   378.7   413.7   464.9   656.5  1365.2  2701.9  71789.0    71700
read      270.7    91.6    80.4   140.4   156.2   268.6   315.4   336.9   351.4   368.4   390.5   422.9   492.8   589.8   837.5  40572.0    40703
read      257.8   119.4    74.4   128.0   142.7   235.1   287.1   314.8   335.3   360.4   393.4   447.5   610.5  1254.3  2180.7  95272.5    95489
read      259.2    71.2    93.8   156.9   173.0   259.6   288.7   303.2   313.1   324.1   340.1   365.1   428.7   572.0  1907.1  18596.0    18531
read      253.4   124.2    74.4   127.9   142.1   232.0   283.3   310.4   329.9   354.2   387.1   433.7   563.3  1138.5  3377.6  99374.5    99369
read      271.5   104.8    86.8   149.0   164.9   272.3   309.2   326.2   338.1   351.7   369.9   398.1   462.5  1153.2  2976.2  29101.0    29286
read      290.1   195.6    80.4   136.6   151.5   268.5   323.2   352.9   374.4   400.8   432.4   480.7   649.0  2760.1  5091.8  42937.5    42988
read      325.6   287.8    74.4   133.2   148.7   264.2   334.9   385.0   424.5   471.6   534.2   645.1  1351.5  3671.7  7741.1  69421.5    69249
read      228.9    77.9    93.8   155.2   167.3   221.7   245.0   258.8   268.5   279.3   293.1   316.3   378.8   683.4  3341.1   7893.0     7889
read      288.2   160.3    80.4   132.7   148.0   263.7   324.2   358.8   384.5   413.0   449.8   503.9   683.4  2025.9  2988.4  51762.5    51783
read      280.9   137.3    80.4   138.6   153.5   270.0   320.9   346.3   366.4   388.2   413.7   453.3   546.6  1880.5  2928.2  38930.0    38634
read      313.0   281.1    74.4   127.7   142.2   244.6   311.8   361.5   406.6   466.8   542.6   680.2  1202.0  3754.7  7645.7  85937.5    86204
read      316.9   345.7    74.4   136.8   153.6   260.8   314.7   346.0   371.6   403.6   452.9   564.8  1684.3  4555.1  7849.1 109753.0   109534
read      271.9   123.9    80.4   138.7   154.2   264.8   314.6   337.5   353.3   371.2   395.1   429.1   504.4   961.9  3228.7  45145.0    45136
read      260.5    97.7    74.4   130.5   145.3   247.5   303.3   329.8   347.6   368.9   394.8   430.8   503.2   668.8   975.9  59941.5    59949
read      262.6   102.1    74.4   131.1   146.0   247.0   304.8   332.4   351.3   373.3   400.5   437.8   518.9   671.2  1648.4  61349.5    61681
read      257.2   108.2    74.4   128.3   142.3   236.3   293.5   322.2   343.1   368.4   400.1   445.8   547.0   741.4  1091.5  76544.5    76329
read      269.4    94.7    80.4   139.5   154.7   264.4   315.1   337.2   352.1   369.8   392.2   425.0   491.8   631.9  1107.1  44240.5    44322
read      269.8    88.2    93.8   157.2   173.3   270.8   302.2   317.0   328.1   340.9   358.8   387.2   449.4   890.4  3199.7  20678.0    20698
read      379.9   380.2    80.4   138.3   154.7   271.7   345.0   403.9   463.6   558.4   719.7  1022.3  1857.4  4174.4  7900.1  84478.0    84853
read      320.6   290.9    74.4   129.9   145.0   255.5   323.5   373.6   414.0   466.7   538.0   670.6  1235.5  3775.7  7719.6  76105.5    75889
read      302.8   324.0    74.4   131.3   146.6   247.7   303.1   335.4   360.9   392.2   434.8   523.4  1729.4  3981.2  7773.1  98038.0    98396
read      271.4   115.4    74.4   135.5   150.3   257.0   313.9   340.7   360.2   382.0   407.0   446.1   540.8  1120.5  2271.7  53657.5    53818
read      273.5    87.6    86.8   153.0   168.4   276.4   311.6   328.6   340.1   354.0   371.3   399.5   464.3   588.2  2543.8  26159.5    26200
read      267.4   105.6    80.4   133.8   149.1   254.0   310.7   337.7   356.9   378.5   403.7   440.8   529.3   790.5  1655.1  54658.0    54761
read      248.6    91.5    86.8   160.7   174.4   244.9   272.6   286.2   294.9   306.4   319.1   342.1   398.2   581.3  3668.7  12252.0    12268
read      297.8   182.1    80.4   134.2   149.8   269.0   331.1   367.4   394.3   426.0   465.4   529.2   796.1  2398.2  4559.0  52433.0    52324
read      323.2   441.0    74.4   132.5   149.5   255.2   308.7   339.8   365.2   398.0   446.5   550.0  1971.5  6223.9 11945.4 106465.5   106440
read      232.8    93.8   101.3   157.6   169.9   225.0   249.0   262.5   271.2   282.6   296.5   324.6   401.9   704.1  2684.1   7118.0     7154
read      252.2   105.1    74.4   126.6   140.6   231.6   284.9   313.1   333.6   358.0   390.1   437.2   550.9   855.4  1381.3  86690.0    87362
read      267.9   111.5    86.8   138.0   153.0   263.8   312.5   334.8   349.3   366.9   388.4   420.1   489.7   611.7  3504.2  43557.5    43716
read      268.1    81.2    86.8   148.7   164.8   268.2   305.0   323.0   335.9   349.7   369.0   401.3   467.8   603.0  1305.2  26837.0    26737
read      296.4   178.2    80.4   138.4   154.3   275.6   331.4   362.7   386.1   412.8   445.1   497.6   700.9  2349.9  5366.8  41308.5    41596
read      323.3   370.6    80.4   131.4   147.2   251.8   310.8   345.4   374.3   414.4   476.5   666.2  1782.0  5098.9  8316.9  85445.0    85490
read      260.9   119.6    74.4   128.1   142.1   237.5   293.1   322.3   343.4   370.3   402.9   455.4   626.0  1263.4  1808.2  77816.5    77612
read      261.5   119.8    74.4   128.9   143.0   238.2   293.5   322.3   343.5   370.5   402.8   455.3   627.2  1230.3  1755.1  78101.5    78124
read      265.9   133.1    80.4   129.8   144.2   243.1   301.0   331.3   353.0   379.2   410.8   459.5   600.3  1180.0  3079.7  69553.0    69632
read      275.4   121.6    86.8   141.5   157.1   270.2   317.2   339.2   354.9   372.8   396.2   431.1   508.3   986.7  3459.7  39207.5    39180
read      269.8   117.5    93.8   158.5   174.0   263.8   295.6   312.2   323.4   338.8   358.8   390.9   482.1  1339.2  2760.2  15791.0    15803
read      298.2   203.7    86.8   143.3   159.2   279.1   331.6   361.5   383.2   405.2   436.1   485.7   641.7  2639.8  7269.8  36935.0    36987
read      266.1    89.6    93.8   152.9   168.5   263.7   297.4   314.2   325.8   339.9   359.3   389.8   464.0  1119.2  2301.0  19860.0    19833
read      285.4   188.8    80.4   133.4   148.8   262.9   319.3   349.4   373.1   400.0   432.2   481.0   614.8  2673.9  7497.1  46404.0    46567
read      294.9   223.9    80.4   129.9   144.7   260.2   322.6   360.9   389.5   422.2   463.6   528.3   828.9  3002.6  5036.9  57426.0    57368
read      286.2   153.2    80.4   140.9   156.4   272.6   322.7   347.2   367.0   389.0   415.5   457.9   628.7  2016.6  3426.4  36244.5    36003
read      310.2   242.8    74.4   132.8   148.1   262.2   331.4   377.4   412.8   454.7   509.1   599.8   907.9  3448.2  7329.2  68709.0    68916
read      299.1   338.2    74.4   128.7   143.6   242.7   298.7   329.7   353.6   384.9   428.5   528.6  1620.0  4655.0  7966.2  93184.0    93229
read      263.6    93.0    74.4   134.1   149.5   257.5   308.0   331.3   346.5   366.3   389.7   422.7   492.6   614.4   788.7  46730.5    46632
read      249.9   107.3    74.4   125.6   139.8   229.6   282.4   309.5   328.5   351.2   382.8   431.9   554.9   870.0  1378.0  93607.5    93663
read      264.8   138.9    74.4   132.0   147.7   243.3   293.0   319.9   340.4   365.9   398.2   451.6   624.8  1628.5  3258.2 106472.0   106418
read      263.6   101.5    80.4   131.3   146.1   248.7   306.3   333.8   352.6   374.2   401.3   439.0   522.3   701.9  1292.8  60471.0    60496
read      263.4   134.4    74.4   131.4   146.8   241.7   291.6   318.4   338.6   363.4   396.1   449.5   625.9  1686.7  3937.9 108864.5   109057
read      257.1   122.1    74.4   129.0   143.8   235.1   287.1   314.4   334.3   358.3   390.1   440.7   580.6  1221.2  2959.8  96902.0    96861
read      253.1   110.7    74.4   126.1   140.2   231.8   285.0   313.0   333.2   357.9   390.8   439.1   567.7  1039.9  1598.8  86028.5    86255
read      273.5    94.9    86.8   152.5   168.8   274.0   309.8   327.2   339.3   353.9   372.7   400.8   467.9   671.3  2925.3  25654.0    25686
read      270.8    92.6    93.8   157.7   174.0   267.0   300.1   316.4   328.8   343.0   364.4   397.2   493.0   985.9  2954.4  17593.5    17483
read      283.9   127.2    80.4   148.0   164.1   276.9   319.3   341.6   358.4   377.5   402.1   440.3   543.4  1603.4  3503.7  29069.5    29211
read      293.6   166.9    80.4   132.4   147.8   265.6   328.3   365.4   392.4   424.3   464.0   527.4   738.4  2007.7  3275.2  55008.0    55328
read      308.7   337.5    80.4   130.0   145.5   248.9   304.9   336.5   361.5   392.7   434.9   532.2  1980.9  3670.8  7867.3  87155.0    87592
read      270.2   130.7    80.4   153.0   169.4   270.8   304.6   320.2   332.3   344.6   364.3   393.9   457.8   636.1  2934.5  23943.5    23882
read      292.8   207.2    80.4   134.2   149.9   266.6   323.0   354.3   377.2   403.8   436.3   491.7   817.4  2848.2  7319.8  44693.0    44790
read      248.4   112.4    93.8   155.7   169.5   238.8   269.2   284.8   295.5   308.9   324.2   350.7   430.1  1779.9  4133.3  12157.0    12236
read      284.5   139.2    80.4   136.7   151.7   268.6   323.6   353.1   375.1   400.6   431.8   476.8   591.6  1756.1  3368.9  42692.0    42928
read      287.7   270.8    74.4   129.1   144.3   241.2   293.2   321.3   343.7   372.0   411.5   492.9  1476.4  3277.0  6990.8 103970.0   103959
read      253.1   111.4    74.4   127.8   141.9   232.8   283.9   311.5   331.2   355.0   386.8   433.9   560.7  1053.7  2334.9  97400.0    97347
read      255.0   107.1    74.4   126.6   140.8   236.7   294.0   321.5   340.8   364.2   393.5   433.5   520.9   696.8  1530.5  68608.5    68379
read      251.2   104.1    74.4   125.9   140.1   231.0   283.2   310.7   330.6   355.3   388.5   434.4   555.4   869.5  1332.1  92425.0    92596
read      238.7    88.2   101.3   155.4   168.8   232.3   259.4   272.2   282.0   292.9   307.6   328.9   388.5   622.4  4062.3  10154.5    10055
read      284.7   129.9    86.8   146.9   162.8   276.4   319.9   343.1   361.1   381.3   404.2   444.5   579.3  1505.8  2865.1  29391.5    29634
read      239.4   111.2   101.3   156.1   168.6   229.1   256.2   270.2   280.1   291.7   306.6   329.8   411.5  1687.6  4122.0   9226.5     9324
read      290.9   139.3    86.8   149.3   164.7   280.3   325.6   350.2   369.0   390.1   416.0   458.2   579.9  2197.0  2741.4  30100.5    30076
read      310.6   361.0    74.4   131.7   147.6   250.5   305.7   337.3   362.8   394.8   438.9   544.7  1723.6  5002.0  8437.6 100196.5   100150
read      273.2    82.0    86.8   153.0   169.3   276.2   311.1   327.7   339.3   353.2   371.6   399.3   463.0   660.3  1361.5  27228.5    27527
read      261.0   156.5    68.9   128.0   142.4   234.9   287.8   316.0   336.8   362.1   395.6   447.9   631.4  2504.3  3637.3  95152.0    95171
read      266.8   101.3    74.4   137.0   152.6   263.0   309.8   331.1   344.9   363.1   385.4   419.0   485.6   665.8  2836.5  40572.0    40523
read      253.4    88.0    86.8   162.0   176.4   248.9   277.2   291.3   301.2   313.2   328.2   352.5   418.6   797.6  3979.1  11533.0    11422
read      238.9    83.5   101.3   157.6   170.4   232.2   259.5   272.6   282.5   293.4   308.6   332.2   393.1   579.6  3945.4   9186.0     9200
read      284.9   122.8    74.4   138.5   154.0   272.9   326.9   355.9   377.7   401.5   430.7   471.9   569.1  1380.1  2117.1  42679.0    42816
read      243.4    94.1    93.8   157.1   171.0   234.9   263.8   277.7   288.0   298.9   314.5   339.9   410.8  1468.8  2929.0  10755.0    10698
read      272.8   132.1    93.8   150.5   165.9   265.2   301.7   319.1   333.1   348.2   370.1   403.7   510.2  1969.2  4966.5  22139.0    22301
read      282.9   161.5    74.4   131.7   146.6   261.1   318.1   349.4   373.1   400.8   434.2   485.8   635.7  2277.0  3375.8  48341.5    48159
read      280.2   139.2    80.4   136.0   151.0   264.8   317.8   346.0   366.3   390.6   420.8   464.6   578.6  2035.0  3125.4  40124.5    39987
read      279.8   139.8    86.8   141.0   156.4   270.7   316.6   340.2   357.8   378.1   404.0   442.3   534.2  2175.6  3184.5  32944.5    33067
read      301.6   240.8    74.4   130.0   144.8   259.6   324.1   364.7   395.6   431.7   477.1   552.0   952.1  3567.3  7572.1  62621.0    62704
read      295.3   183.7    80.4   133.9   149.4   266.8   328.3   364.1   391.3   423.2   461.7   520.9   742.4  2573.7  4284.4  52727.0    52778
read      338.4   375.7    74.4   133.0   148.8   264.0   332.7   382.7   425.5   480.5   552.1   691.7  1739.3  4451.8 13080.2  76023.0    75981
read      300.1   186.1    80.4   131.0   146.2   255.4   321.0   366.3   403.7   452.5   513.6   608.2   840.6  2036.0  4058.3  74637.0    74522
read      260.9    70.7    86.8   160.1   175.7   260.5   290.1   305.0   315.2   327.4   342.6   367.9   426.2   626.4  1964.0  14652.5    14533
read      226.3    79.0   101.3   156.1   167.4   217.8   240.3   254.0   263.6   273.4   288.3   311.4   380.5   787.6  3206.7   5532.5     5566
read      298.3   169.8    74.4   130.5   145.6   251.5   316.2   361.5   401.2   454.5   522.8   632.5   872.2  1268.6  2514.3  77710.5    78062
read      298.7   172.0    74.4   129.9   145.0   250.2   314.2   359.6   399.4   452.9   524.6   644.8   903.2  1361.4  1850.6  82794.5    82399
read      300.3   304.9    74.4   133.8   150.1   253.2   306.1   336.5   360.4   391.0   434.4   525.8  1279.8  3766.4  8072.4 108813.0   108638
read      251.0   109.3    74.4   126.7   140.8   230.6   282.6   310.1   330.2   354.4   386.8   434.0   543.8   807.5  2338.4  93493.0    93541
read      265.6    97.0    80.4   134.7   150.0   258.9   310.0   333.6   349.3   368.5   391.6   424.9   497.2   636.4  1096.7  47053.5    47145
read      260.7   131.7    74.4   130.5   145.9   239.0   288.5   315.3   335.4   360.0   393.1   445.6   618.1  1491.2  3231.8 110094.5   109796
read      265.8    79.0    86.8   148.1   164.5   266.8   302.5   319.2   331.9   345.1   365.1   394.2   452.9   550.2  1348.7  26825.5    26597
read      230.4    77.2    93.8   155.0   166.9   223.0   247.4   261.5   270.6   281.9   295.8   319.2   389.4   615.3  3133.4   7063.0     7034
read      291.1   163.3    80.4   129.5   144.3   253.4   317.9   360.3   394.3   436.4   492.3   576.3   766.0  1356.2  2865.2  72266.0    72616
read      258.2    82.9    93.8   159.2   174.6   254.5   284.8   299.9   311.2   323.0   340.3   367.2   429.1   799.7  2912.7  13611.0    13584
read      273.2    88.4    86.8   155.7   172.5   272.7   307.0   323.6   336.2   350.0   369.5   399.2   458.6   744.9  2121.0  19833.5    19750
read      286.0   250.8    74.4   132.0   147.9   245.6   296.7   325.6   347.6   375.9   414.6   481.7  1291.4  3139.9  7825.8 109369.5   109139
read      254.4    67.2    93.8   158.0   173.5   253.4   282.2   296.4   307.0   317.9   333.8   357.7   415.7   552.3  1959.1  15154.0    15150
read      290.0   152.9    74.4   129.4   144.4   251.2   316.0   358.5   394.5   439.8   497.5   583.4   766.8  1017.1  3238.5  74262.5    74389
read      274.2   160.0    74.4   129.3   144.1   240.0   295.8   326.3   349.2   378.7   420.3   497.0   917.0  1773.7  2195.4  87253.5    87266
read      258.9   125.8    74.4   130.2   145.1   237.6   287.9   314.5   334.1   357.8   389.3   438.0   602.7  1499.9  2970.2 108147.5   108170
read      258.4   128.4    80.4   129.6   144.5   236.6   287.7   314.6   334.4   358.5   390.2   438.7   591.2  1352.4  2951.6 103602.0   103631
read      263.6    92.9    74.4   135.4   150.4   257.9   308.7   331.6   346.3   364.5   386.2   417.8   480.2   602.9  1022.4  44572.5    44587
read      255.8   101.4    74.4   127.0   141.1   237.2   295.2   323.0   342.6   366.4   395.7   435.1   521.9   703.9  1259.5  66373.5    66411
read      251.8   105.4    80.4   127.2   141.0   231.2   284.8   313.0   333.1   357.3   389.2   435.8   542.6   823.6  1429.0  89209.0    89167
read      273.3    94.0    80.4   143.9   160.0   272.0   315.8   335.8   349.1   366.7   388.7   420.3   493.1   745.8  1789.6  35684.5    35723
read      255.2   113.8    80.4   127.2   140.8   232.3   286.8   315.3   336.1   361.5   395.3   444.5   580.7  1094.8  1835.8  85759.5    85827
read      256.0   109.2    68.9   127.7   141.3   234.0   290.0   319.5   340.7   366.1   398.2   443.9   550.7   926.5  1802.7  78840.5    78806
read      256.0   114.2    74.4   127.8   141.7   233.1   286.5   315.3   336.8   363.2   396.6   445.3   587.5  1115.2  1920.7  89638.5    89641
read      257.0   114.5    86.8   160.7   175.7   255.0   282.2   295.6   305.7   316.3   331.9   357.0   418.8   853.3  7566.2  14255.0    14186
read      268.9   106.1    80.4   135.9   150.9   256.9   312.8   338.8   357.4   378.4   402.4   436.8   509.4   747.4  2471.8  52367.0    52308
read      261.3   104.7    74.4   130.7   145.3   247.0   304.1   330.4   347.7   369.7   395.2   431.3   509.8   693.5  2904.2  56978.5    56743
read      267.7    92.2    80.4   140.9   156.3   266.6   311.4   331.7   344.7   361.7   381.6   410.5   471.3   583.8   921.1  38200.0    38302
read      278.5   128.6    68.9   128.2   142.9   250.7   313.5   348.8   378.6   414.7   458.2   524.1   668.6   923.8  1179.8  71850.0    71662
read      273.9   108.2    74.4   139.1   155.0   270.9   317.4   339.7   356.0   374.5   398.5   431.3   500.0   623.7  3138.6  35861.5    36015
read      273.9   127.1    74.4   126.9   141.6   250.5   311.2   343.9   370.9   402.9   442.7   500.3   615.8   857.4  2036.8  65012.0    65048
read      290.7   150.7    74.4   130.4   145.3   253.5   317.7   360.0   395.0   436.2   491.7   577.6   783.8  1093.5  1763.1  73194.5    72989
read      300.2   164.8    74.4   132.1   147.1   254.5   320.9   366.9   406.2   457.1   524.3   632.0   859.5  1231.8  1813.5  76314.0    76390
read      279.0    89.6    86.8   151.8   168.3   279.9   316.9   336.1   349.2   366.6   388.7   421.3   484.2   592.6  1563.7  24440.5    24409
read      297.5   191.4    74.4   127.5   141.9   243.0   307.6   351.8   393.8   449.6   525.0   661.9   986.1  1577.1  3827.7  85439.5    85530
read      236.1    66.5    86.8   158.2   171.1   230.0   255.6   268.6   277.3   289.0   302.9   324.3   383.4   986.2  1989.3   8150.0     8346
read      287.1   142.2    74.4   129.6   144.0   252.9   316.4   358.1   392.4   434.0   487.4   564.3   733.9   949.7  1805.9  69332.0    69627
read      287.1   143.4    74.4   129.8   144.7   253.3   317.5   357.0   389.7   430.4   481.4   560.9   738.6  1019.5  1968.9  70758.0    70266
read      296.5   235.0    74.4   130.5   145.5   244.8   303.0   337.6   365.7   403.5   466.2   630.2  1177.9  2339.1  4774.5  89666.0    89525
read      257.3   107.1    74.4   128.0   142.0   237.3   295.5   324.6   344.6   368.5   397.5   438.7   533.8   812.4  1368.0  71197.0    70975
read      265.6   106.0    74.4   135.1   149.8   258.5   309.9   333.0   347.9   366.4   389.3   422.6   490.9   763.3  2910.7  46661.0    46633
read      255.9    75.8    93.8   156.1   171.8   256.4   285.2   299.1   309.1   319.1   334.6   357.8   413.5   534.2  2689.6  16985.0    16963
read      300.2   264.9    74.4   134.9   151.6   257.6   311.3   342.0   366.8   397.4   438.5   518.1  1330.4  3481.4  7065.1 108763.5   109556
read      252.1   107.8    74.4   127.0   141.1   231.1   284.0   312.1   332.3   356.9   389.5   435.1   548.6   975.1  1848.7  90991.0    91124
read      264.3   103.3    74.4   133.3   148.5   254.6   308.7   333.4   350.0   370.0   394.0   428.1   499.5   705.7  1445.5  51293.0    51505
read      254.0   122.8    74.4   128.2   142.2   232.7   285.0   312.7   332.6   356.5   388.4   434.5   548.1  1066.7  4082.2  93377.5    93804
read      263.0   113.4    80.4   131.1   146.1   247.5   304.9   332.3   350.6   371.9   398.1   433.5   507.4   809.0  2803.1  58491.5    58474
read      268.4    96.7    80.4   138.3   153.4   264.8   314.2   336.1   350.7   368.6   390.2   420.4   485.3   593.0  1252.9  43225.5    43487
read      259.4   100.6    80.4   129.5   143.7   244.2   302.4   329.6   348.2   370.4   396.9   432.9   504.1   619.5   870.4  61703.0    61792
read      256.7   101.5    74.4   128.2   142.4   241.7   299.0   325.8   343.5   365.4   391.2   427.2   499.1   634.7  1539.4  59409.0    59548
read      267.6   100.5    80.4   137.9   153.0   262.1   312.1   334.5   349.4   368.0   390.4   422.6   492.2   648.1  2874.5  43331.5    43635
read      268.6    84.1    86.8   149.0   164.2   269.6   306.5   323.8   336.5   350.3   369.2   398.6   462.6   618.7  2121.6  27399.5    27536
read      281.2   110.6    80.4   137.7   153.3   270.4   325.0   353.5   374.8   398.7   428.2   469.0   549.6   726.2  1030.9  42795.5    42828
read      299.9   291.4    74.4   135.3   151.8   256.8   308.8   338.9   362.8   392.2   433.0   513.9  1114.0  3755.1  7849.2 109533.5   109424
read      260.1   114.2    74.4   129.2   143.2   237.4   293.7   323.5   344.4   371.0   401.4   448.8   583.4  1085.9  1736.3  78051.0    78273
read      265.7   129.5    74.4   131.4   146.1   248.0   306.0   334.0   353.5   375.8   402.3   441.0   543.7   980.1  3534.2  60326.5    60279
read      268.7    91.2    80.4   142.6   158.7   269.5   311.2   330.5   343.1   358.8   376.9   406.7   468.0   582.2  1886.3  34986.5    35178
read      256.9   101.8    80.4   128.7   142.8   238.9   296.7   324.6   343.6   366.7   396.0   435.2   521.1   689.9  1133.1  67029.5    67279
read      252.1   100.9    74.4   126.0   140.4   232.4   287.7   316.1   336.4   361.1   392.0   433.3   530.5   774.7  1177.1  80794.5    80752
read      267.4    87.0    80.4   142.4   157.9   268.8   310.0   328.8   341.3   356.6   374.1   403.3   466.3   584.1  1890.2  34714.5    35012
read      234.7    62.6   101.3   156.8   169.3   228.3   253.9   267.1   275.4   287.8   302.4   327.1   395.7   681.7  1845.2   7918.5     7936
read      240.1    89.3    93.8   159.3   172.2   233.3   260.2   273.3   283.6   294.7   310.0   332.6   392.2   641.9  4502.0   8513.0     8578
read      270.7   171.8    74.4   128.6   142.8   236.2   291.4   321.5   344.2   372.7   412.7   483.8   876.1  1898.9  3461.2  89146.5    89696
read      222.0    66.9    86.8   154.3   166.2   215.2   235.7   248.4   257.0   268.3   282.2   304.1   363.0   587.9  2027.7   5602.0     5569
read      280.8   147.2    80.4   149.8   165.9   276.6   316.6   336.6   350.6   369.5   392.3   426.4   500.0  1428.9  6743.4  26807.5    26905
read      283.3   113.9    86.8   138.9   154.0   272.6   326.9   354.8   374.9   399.6   429.6   470.0   559.5   814.8  1819.1  42172.5    42389
read      311.2   197.7    74.4   132.5   148.1   253.7   318.2   365.4   407.9   471.0   561.0   715.2  1024.9  1497.4  2092.0  84921.5    84689
read      284.8   127.9    74.4   131.9   147.2   260.6   322.1   359.6   388.2   422.0   463.6   524.8   639.8   851.2  1323.7  59132.5    59305
read      284.4   112.5    74.4   137.8   153.0   271.0   327.3   358.1   381.3   406.5   438.1   485.7   576.9   741.2  1179.1  44767.5    44512
read      293.4   153.6    80.4   131.6   146.5   255.7   320.8   364.0   398.5   439.5   494.9   579.9   787.0  1290.3  2357.5  72244.5    72395
read      292.9   168.8    74.4   129.9   144.6   251.3   316.2   360.1   397.2   443.4   503.3   590.7   797.1  1271.6  4504.5  74768.5    74619
read      284.2   141.2    74.4   129.2   143.8   252.0   316.1   355.5   388.4   426.3   472.0   541.6   711.2  1159.9  2390.4  67303.0    67302
read      280.3   123.9    74.4   130.6   145.8   258.5   319.8   354.3   381.3   411.8   449.3   503.4   616.2   843.7  1856.9  58122.0    57822
read      237.6    78.9   101.3   159.5   172.4   230.4   256.9   270.4   280.0   291.1   305.7   328.7   389.2   753.0  3833.4   7898.0     8117
read      292.7   290.6    74.4   132.0   147.7   247.5   300.2   329.9   352.6   381.8   422.2   500.0  1267.9  3693.0  7751.1 105463.0   106178
read      267.9    78.0    86.8   151.5   167.4   270.5   304.7   319.9   331.7   343.8   362.6   391.4   454.3   555.6  1535.8  25156.5    25089
read      255.9   102.3    74.4   127.7   141.8   238.0   295.1   323.5   343.0   366.7   394.7   434.2   513.5   686.5  1641.1  69065.5    68848
read      251.3   126.3    74.4   126.4   140.7   229.7   280.8   308.6   328.3   352.5   384.5   432.3   549.0  1034.8  3898.9  98638.0    98941
read      254.1   103.4    80.4   127.4   141.4   233.6   289.7   318.6   339.4   364.3   396.0   439.6   533.9   741.2  1002.5  78055.5    78157
read      259.3   109.8    68.9   132.5   147.8   241.1   290.5   316.8   336.3   359.8   390.6   437.0   557.7  1031.3  2083.5 109929.0   109857
read      259.1   118.8    74.4   131.3   146.7   238.4   287.6   314.0   333.7   358.0   390.8   440.8   589.6  1239.1  2724.6 109057.0   108875
read      255.1   105.9    74.4   128.9   143.5   234.9   288.7   316.8   337.3   362.0   393.0   436.8   540.5   807.5  1604.3  86579.0    86646
read      255.4   103.2    80.4   128.2   142.8   235.0   289.0   317.5   338.5   364.4   396.6   441.3   542.7   789.3  1219.9  83486.0    83239
read      268.7   108.4    74.4   136.6   152.5   258.7   311.3   336.4   354.1   374.6   399.0   433.8   507.1   627.9  1719.4  51036.0    51061
read      254.3   107.5    74.4   128.4   142.8   234.1   286.6   314.5   334.7   359.3   391.1   436.6   546.8   897.2  2269.5  90178.5    89906
read      266.0   108.1    74.4   133.1   148.7   252.3   308.5   335.3   353.6   374.7   399.2   434.8   517.6   801.6  2888.7  56728.5    56601
read      259.5   104.8    74.4   129.0   143.7   240.3   297.5   326.0   345.4   370.4   400.4   444.0   538.1   742.4  1895.6  71141.5    71203
read      256.0   108.2    74.4   129.5   144.2   235.3   287.9   315.4   335.3   359.7   391.9   439.1   562.6   917.3  1947.8  95901.0    95942
read      255.9   107.1    74.4   127.3   141.5   236.0   294.4   323.3   342.7   366.9   395.8   435.5   530.0   733.7  1376.1  71484.5    71622
read      252.5   107.1    74.4   127.7   141.7   232.2   284.2   311.9   331.9   355.8   387.3   434.1   547.4   944.9  1985.8  97060.5    97182
read      269.9    88.5    86.8   149.3   165.2   270.8   308.1   325.5   338.0   352.6   371.9   399.8   459.7   601.1  1929.7  27747.5    27718
read      273.8   108.6    80.4   139.1   154.5   266.5   318.5   342.6   360.6   380.6   403.4   436.6   509.6   665.6  2891.3  46446.0    46519
read      258.0   115.6    74.4   128.0   142.1   235.0   290.7   319.7   341.3   368.3   401.7   449.9   579.3   992.1  1703.0  83386.5    83197
read      264.7   143.2    74.4   129.3   143.3   239.1   295.4   325.1   346.3   373.8   406.4   458.4   627.1  1867.6  3792.9  79313.5    79080
read      260.4   107.1    80.4   128.8   142.9   240.4   298.7   328.4   348.8   373.9   403.9   447.7   547.8   787.2  1109.9  69462.5    69401
read      271.7   116.1    74.4   138.7   153.8   264.0   316.0   339.6   355.8   373.4   396.7   431.0   503.2   729.0  3823.9  45530.5    45684
read      262.1    74.6    86.8   156.4   173.4   262.2   292.3   307.9   318.2   331.4   345.8   372.7   433.0   570.0  1541.9  18131.5    18120
read      275.8    81.4    86.8   153.9   171.4   275.3   310.1   329.0   342.5   359.9   381.3   413.4   482.8   591.9   935.4  21156.0    21245
read      286.0   116.2    80.4   140.8   157.1   278.0   329.4   357.1   377.7   400.8   429.0   467.4   547.8   790.0  3856.8  39244.0    39039
read      289.7   149.9    74.4   131.6   146.5   257.6   321.3   361.7   393.2   430.6   476.7   547.3   730.0  1332.8  3067.4  67200.5    67458
read      289.6   136.4    80.4   140.6   156.6   275.6   330.8   361.3   383.7   407.7   438.3   484.3   582.4  1234.4  3330.3  43103.0    42773
read      276.6    89.9    80.4   154.9   171.9   278.0   311.9   329.4   341.5   357.1   376.3   403.8   467.6   591.8  3214.1  20755.0    20690
read      285.9   140.5    74.4   130.5   145.2   258.2   320.7   359.1   389.3   423.7   467.3   534.3   689.4  1095.1  2446.3  63283.0    63440
read      288.9   179.9    80.4   139.0   154.6   275.5   328.8   357.2   377.8   401.6   431.0   471.6   564.8  2003.0  6688.8  41785.5    41615
read      275.6   248.3    74.4   128.4   143.1   238.3   291.8   319.8   341.6   368.5   402.8   461.7   856.4  3581.0  7692.1  97687.0    97229
read      254.1   109.1    80.4   127.3   141.2   232.8   286.7   315.2   335.9   361.2   393.8   439.0   550.3   969.8  1678.6  86142.5    86249
read      264.2    91.0    86.8   154.1   171.0   265.7   297.2   312.6   322.6   336.0   351.4   376.3   433.6   540.8  1380.3  20575.0    20807
read      276.7    85.9    74.4   149.1   165.3   279.5   316.9   335.8   348.3   364.6   384.4   414.0   476.2   588.1  1133.2  26276.5    26130
read      277.7    93.4    74.4   143.3   160.5   278.0   319.1   339.9   355.0   372.2   395.1   428.2   498.3   685.0  1547.4  30315.5    30510
read      286.5   117.0    74.4   137.5   153.4   273.5   329.6   360.2   382.6   407.9   439.4   485.3   583.8   868.8  1991.4  44038.5    43868
read      286.4   130.0    74.4   133.0   148.6   263.8   324.9   361.2   388.8   420.5   459.8   517.6   640.3   921.0  2766.5  55334.0    55324
read      276.7    98.5    86.8   156.5   174.0   276.0   310.0   327.2   339.5   354.4   373.2   404.2   466.7   874.9  3646.7  20452.0    20437
read      246.8    63.6    93.8   160.0   174.2   241.5   270.3   284.9   294.6   306.9   320.3   344.3   405.4   628.1   922.1   9586.5     9548
read      255.8    73.0    93.8   161.1   176.4   252.8   281.7   295.9   306.8   318.3   335.2   361.0   423.7   718.1  1983.6  12055.0    12101
read      290.5   168.6    74.4   128.3   142.7   251.2   315.7   357.2   391.9   435.0   490.4   573.8   802.9  1727.6  3404.6  71653.5    72073
read      273.5    93.0    86.8   150.8   167.7   272.0   308.0   326.2   339.2   355.2   376.2   405.3   469.9   899.0  2694.9  21136.5    21310
read      262.7   177.1    74.4   125.9   140.3   233.6   287.0   315.0   335.6   360.9   394.8   453.6   751.7  2613.7  4628.2  90618.5    90755
read      255.4    90.8    80.4   129.9   144.0   248.3   297.4   319.4   335.4   353.8   377.8   413.5   487.7   591.7   738.9  51340.5    51252
read      256.8    93.7    74.4   130.0   144.3   247.7   299.3   322.2   338.8   358.8   384.3   421.0   494.5   601.6   971.5  53141.0    53070
read      258.6    96.9    74.4   130.6   145.2   252.1   299.2   320.5   336.8   356.0   381.6   421.3   505.8   678.6  1206.9  48061.0    48181
read      253.6   111.6    74.4   126.9   140.8   233.1   284.7   311.2   330.3   353.9   385.9   436.8   582.7  1096.8  1771.6  97281.5    97336
read      249.0   109.6    74.4   125.6   139.7   229.3   280.9   307.9   326.9   349.8   381.9   429.6   539.7   868.2  2669.8  92336.0    91976
read      248.2   103.6    80.4   124.9   139.0   229.1   280.8   307.9   326.5   348.4   378.4   426.5   542.1   932.7  1443.5  94665.0    94742
read      252.7   114.7    74.4   125.8   139.9   235.7   291.0   316.4   334.5   356.0   384.5   426.5   509.1   772.4  2988.4  66076.0    66079
read      254.5   107.8    80.4   126.0   140.1   235.0   290.4   317.6   337.8   361.5   392.1   440.7   557.8   803.7  1860.5  79552.5    79328
read      265.6   116.8    80.4   134.2   149.6   258.4   306.5   329.3   344.9   364.6   389.4   427.2   504.3   635.1  4124.8  45101.0    45235
read      262.6    94.3    80.4   138.9   153.4   259.6   301.9   321.5   336.1   352.4   372.7   405.8   473.8   640.6  3228.4  35079.5    35310
read      285.0   156.2    74.4   125.5   139.7   242.8   307.3   349.4   387.4   433.3   495.0   589.4   803.7  1098.8  2012.9  76344.5    76589
read      302.7   310.3    80.4   133.6   150.2   255.8   308.0   338.6   362.7   392.9   433.5   518.2  1418.8  3966.7  7754.6 107479.0   107175
read      255.9   112.4    74.4   127.6   141.4   234.1   289.4   317.4   337.8   362.7   395.1   443.4   578.7   940.9  2463.3  78092.0    78127
read      252.1    76.9   101.3   158.6   173.6   248.6   276.9   292.0   302.5   314.7   330.6   355.2   418.6   584.8  3802.9  13361.5    13331
read      282.4   130.7    74.4   129.6   144.3   258.6   318.8   354.7   384.0   417.5   458.9   520.8   661.7   861.1  2055.1  59439.5    59382
read      264.8   152.3    74.4   127.0   141.4   235.3   289.4   317.5   338.9   365.7   400.7   463.0   836.1  1772.2  3092.2  87542.5    87477
read      249.3   108.7    74.4   125.2   139.4   229.0   281.3   309.2   328.8   352.2   384.0   431.4   537.7   858.0  2858.9  91405.5    92020
read      258.4   125.0    74.4   130.3   145.7   240.1   289.0   314.8   334.0   357.2   388.3   437.6   576.3  1005.4  2211.4 109340.0   109297
read      258.0    88.9    80.4   133.3   148.4   254.1   299.9   320.6   335.8   352.7   373.9   406.8   470.0   582.2  1083.5  42071.5    42293
read      256.4    99.3    80.4   129.2   143.5   244.8   297.5   321.9   339.4   360.3   386.3   423.0   502.3   647.4  1452.5  53051.0    52962
read      257.4    76.4    86.8   147.9   163.7   257.0   290.2   306.9   318.2   332.3   347.8   374.8   431.7   564.9  1794.9  23259.5    23492
read      251.6    70.8   101.3   156.8   172.4   248.3   277.5   292.7   303.5   315.7   332.3   358.7   414.3   545.2  1963.6  12425.5    12594
read      283.6   143.7    74.4   127.0   141.3   249.8   312.7   352.2   385.6   425.8   479.1   555.8   738.7  1030.9  2003.1  68940.0    69120
read      280.5   127.1    80.4   129.3   143.8   257.2   317.6   353.2   380.8   412.9   453.4   511.3   654.5   908.8  1664.3  57184.5    57144
read      282.0   132.1    74.4   129.6   144.3   257.9   319.3   355.9   384.2   416.4   456.2   515.6   656.3   916.8  2253.2  56965.0    57232
read      286.5   147.6    74.4   128.4   142.6   250.4   314.4   355.7   389.7   430.3   484.0   569.4   760.9  1102.1  1725.2  71499.0    71593
read      284.6   123.4    80.4   138.7   154.4   273.6   327.0   355.6   376.5   400.8   430.7   471.4   556.2   874.9  3486.1  40894.5    40799
read      282.6    99.0    80.4   147.0   163.7   279.1   322.2   345.7   363.9   384.1   407.8   442.5   510.8   724.2  2204.9  29565.5    29614
read      277.3   203.8    74.4   132.8   148.6   245.3   295.7   323.3   344.4   371.4   406.9   466.4   873.3  2885.3  5386.9 106857.5   106611
read      262.7   109.5    68.9   131.8   147.0   253.1   304.3   328.5   344.9   365.5   390.5   426.4   501.9   684.2  2830.4  49643.0    50009
read      263.7    96.8    74.4   133.9   149.2   257.0   308.0   331.7   346.8   366.1   389.2   423.5   495.8   609.8  1210.2  47712.5    47727
read      256.3    83.0    86.8   158.5   174.9   255.3   283.1   296.8   307.7   318.8   335.2   360.7   422.7   546.5  2035.8  15033.5    15204
read      276.2   119.3    74.4   131.5   147.1   263.2   318.1   347.1   370.1   395.3   426.1   470.1   563.4   730.3  1790.9  50407.0    50703
read      283.9   143.6    74.4   129.6   144.5   257.7   319.9   356.7   384.8   419.2   461.0   523.8   679.1  1064.7  2647.5  61071.5    60979
read      285.7   131.8    80.4   142.4   158.4   277.3   327.5   353.8   373.0   396.0   423.4   462.1   540.0   960.2  4477.4  37724.5    37662
read      267.2    76.0    86.8   158.5   174.9   267.6   298.9   314.8   325.9   339.0   356.3   383.7   436.5   548.9  1656.5  16938.0    16932
read      273.3   171.6    80.4   130.3   145.3   240.3   292.4   321.1   343.6   372.7   410.9   479.2   946.6  2062.7  3332.7  99738.5   100183
read      261.9   129.7    80.4   129.1   143.0   240.2   298.3   328.1   349.0   373.9   404.3   449.6   550.3  1087.7  4993.7  69249.5    69175
read      271.3    89.6    86.8   149.2   165.3   273.1   310.2   327.6   339.6   354.0   371.7   399.8   463.6   583.3  1713.8  27510.5    27515
read      261.1   142.3    74.4   129.5   144.4   237.3   287.8   314.9   335.1   359.9   393.2   447.5   632.0  1817.9  3684.5 106427.0   106411
read      264.3   105.4    80.4   133.4   148.8   256.2   307.6   331.3   346.7   366.1   390.1   425.5   495.2   648.8  2896.8  49481.5    49629
read      258.3   112.5    74.4   128.5   142.6   241.7   298.1   325.5   344.3   367.0   395.8   436.6   521.7   722.4  2820.7  63281.0    63537
read      249.9   107.4    74.4   124.7   138.9   229.3   282.8   310.4   329.9   353.9   386.2   434.1   550.8   831.0  1642.7  88007.5    88081
read      254.1    95.4    74.4   127.7   141.7   242.1   295.5   319.9   337.5   358.2   384.2   421.1   497.0   634.5   820.2  55622.0    55527
read      255.0   113.2    74.4   126.7   140.7   236.7   293.7   320.9   340.1   363.9   393.2   434.5   525.3   732.6  3083.6  69307.5    69558
read      256.9   115.0    74.4   127.8   141.3   241.4   296.5   322.5   340.8   363.2   391.2   431.4   518.6   797.6  2976.1  60649.0    60702
read      246.3    72.2    93.8   153.6   169.0   241.7   271.4   286.7   296.7   310.0   325.2   350.9   410.7   568.0  3028.1  13523.0    13487
read      258.0   109.6    80.4   127.6   141.1   238.2   295.6   323.8   343.9   368.1   398.2   441.9   546.3   957.0  2121.1  66887.0    67037
read      234.3    69.9   101.3   158.3   170.7   228.0   252.3   265.5   273.8   285.7   299.2   321.1   383.8   620.1  2728.4   8120.5     8281
read      282.2   110.6    74.4   142.0   158.5   276.2   324.0   348.4   367.6   389.1   415.0   453.4   530.9   745.6  3165.1  34799.5    34986
read      294.0   169.6    74.4   128.5   142.9   246.5   310.4   352.9   392.4   443.6   513.9   635.0   904.6  1312.8  1940.2  82024.0    82336
read      285.9   274.9    74.4   129.8   145.0   243.2   295.4   324.8   347.1   377.7   416.4   488.4  1037.6  3634.9  7723.5 101520.0   101465
read      254.2   120.5    74.4   126.4   140.6   233.0   288.2   316.7   337.1   362.1   392.9   435.7   539.6   920.9  4116.4  82431.5    82733

Total QPS = 57790.1 (104022256 / 1800.0s)

Total connections = 64
Misses = 0 (0.0%)
Skipped TXs = 0 (0.0%)

RX 25693497479 bytes :   13.6 MB/s
TX          0 bytes :    0.0 MB/s
Warning! Detected max cpu usage > 95%
CPU Usage Stats (avg/min/max): 99.89%,5.03%,100.00%
