Random waveform, supplied seed
Total number of intervals = 900 (6927, 52892, 98921, 61129, 40613, 53226, 38560, 103465, 104758, 94759, 37799, 8296, 69443, 12517, 43591, 20430, 93758, 10485, 16518, 83230, 5484, 55611, 20774, 96726, 32442, 73039, 74055, 51197, 59442, 35654, 78747, 42212, 52488, 36950, 16762, 79473, 61431, 87172, 108181, 80515, 37149, 13444, 72057, 70041, 90162, 52082, 24258, 72013, 58012, 45398, 50177, 34504, 66010, 73937, 55020, 53235, 97743, 5419, 14764, 7451, 48208, 16149, 78989, 18886, 75954, 44409, 16431, 85707, 58253, 103867, 21604, 90401, 84467, 99700, 32052, 18173, 67789, 51929, 83850, 18614, 29315, 108090, 27024, 49907, 9150, 34328, 51881, 14569, 81517, 78694, 93409, 39093, 18729, 70818, 21942, 91810, 39588, 40957, 62645, 15539, 107672, 32954, 58866, 23739, 54701, 60706, 72350, 58661, 34912, 103268, 38703, 83358, 57408, 86837, 33517, 66204, 73758, 99742, 109462, 94453, 44096, 100467, 8576, 59359, 7614, 60329, 43762, 67038, 26095, 71173, 109276, 13150, 61250, 84472, 82226, 27671, 98736, 106314, 105027, 96867, 89493, 50538, 22083, 48618, 94298, 63579, 64573, 77178, 29824, 64495, 20917, 85651, 61935, 50216, 72251, 71798, 19701, 24952, 81838, 26648, 24837, 29420, 103882, 70314, 61679, 49557, 19325, 9128, 94933, 24327, 71896, 93771, 20452, 42338, 72627, 80603, 49049, 92305, 56889, 78036, 71583, 72609, 107382, 86530, 16550, 84534, 72631, 49291, 62175, 80213, 16566, 53985, 101949, 24076, 52574, 106271, 105451, 86087, 29108, 101115, 74326, 75832, 94901, 15809, 28874, 51882, 32653, 41676, 63019, 99164, 47055, 62394, 98519, 32122, 49464, 24034, 77363, 91698, 38997, 86028, 83012, 15024, 56640, 97362, 107412, 65030, 79278, 47544, 105368, 58181, 56960, 14849, 63672, 48289, 11797, 10781, 49362, 102119, 46213, 97025, 18351, 21426, 43013, 67376, 36043, 6255, 102499, 26263, 56974, 40869, 46514, 11431, 58600, 68058, 54502, 64022, 52142, 101375, 40606, 47485, 48977, 38615, 80279, 75843, 67095, 41325, 55752, 85561, 14194, 88002, 90515, 109283, 26699, 37400, 19307, 11527, 83787, 22209, 75169, 73833, 94641, 61338, 91825, 77235, 37257, 32057, 108618, 72930, 43714, 87369, 56640, 97360, 79788, 11352, 87962, 40663, 59386, 48302, 19398, 82197, 77387, 72753, 7720, 46279, 42102, 90892, 39976, 61084, 16735, 45909, 28976, 84704, 101822, 92571, 12106, 58568, 51319, 21556, 14191, 29072, 16350, 86891, 104441, 8906, 42175, 51797, 76678, 19630, 100132, 40498, 108559, 23964, 70760, 99567, 107548, 53742, 103931, 60359, 9725, 52014, 40053, 86436, 23983, 66595, 26056, 51764, 40202, 76665, 11133, 80405, 79106, 97258, 36307, 28636, 41620, 75736, 44979, 31478, 37586, 108330, 64301, 11203, 7291, 87477, 77485, 42055, 26865, 94592, 66869, 17835, 55977, 82437, 15775, 87559, 105401, 88752, 94531, 101303, 86640, 84818, 20221, 43599, 52779, 89855, 48532, 107423, 46535, 47535, 49633, 30334, 17207, 106074, 48912, 96483, 39228, 92350, 85084, 81993, 101617, 16730, 71079, 108942, 55406, 42279, 21876, 34140, 42897, 18462, 100375, 41347, 101594, 47486, 73393, 51134, 58201, 71020, 72071, 93446, 28724, 59269, 74624, 52368, 9687, 44165, 6895, 55457, 61164, 108384, 33319, 97895, 39720, 68554, 86849, 30264, 100754, 98098, 86028, 93054, 42348, 29490, 18187, 95113, 8570, 62285, 52582, 34260, 59493, 58208, 93458, 18056, 94134, 37808, 53481, 25666, 108853, 41576, 70282, 45769, 92383, 12100, 67747, 68933, 63242, 72993, 51022, 67069, 24895, 68588, 42706, 49479, 64792, 73879, 31893, 74262, 57246, 91617, 55173, 108633, 15720, 99961, 102613, 57169, 56950, 49938, 5383, 39719, 36653, 69482, 46749, 65109, 46501, 109480, 69433, 58157, 70737, 34617, 77563, 90036, 36689, 46832, 104903, 14153, 21674, 5689, 37781, 15507, 102064, 71340, 79815, 44352, 109562, 86219, 47335, 41962, 45802, 13389, 95780, 87844, 55903, 100902, 70988, 53831, 26948, 32347, 41050, 56197, 94617, 71839, 79082, 107630, 60164, 97878, 63680, 73888, 65499, 96906, 103287, 49664, 32535, 46477, 7459, 74137, 57061, 34213, 7432, 41605, 32998, 61636, 64695, 14063, 91302, 6064, 41354, 19863, 19488, 14040, 19538, 20199, 106657, 92457, 92780, 68203, 81753, 57748, 21027, 49680, 82042, 93691, 45291, 30437, 67422, 69956, 35404, 80225, 105585, 20088, 12672, 15696, 25951, 65007, 10189, 78008, 12678, 15922, 41774, 38788, 34559, 54825, 42697, 12669, 70047, 96137, 92934, 20597, 66597, 59987, 58456, 59958, 98221, 55912, 39018, 18747, 60013, 85584, 84809, 85435, 94907, 16437, 78505, 77219, 86414, 73427, 100497, 96416, 71637, 33216, 58699, 53809, 72797, 107267, 55877, 70507, 46741, 36507, 30697, 25261, 25212, 33805, 76345, 95558, 28428, 21673, 89018, 46753, 34034, 47329, 56893, 38690, 79988, 107429, 43713, 76624, 71700, 40703, 95489, 18531, 99369, 29286, 42988, 69249, 7889, 51783, 38634, 86204, 109534, 45136, 59949, 61681, 76329, 44322, 20698, 84853, 75889, 98396, 53818, 26200, 54761, 12268, 52324, 106440, 7154, 87362, 43716, 26737, 41596, 85490, 77612, 78124, 69632, 39180, 15803, 36987, 19833, 46567, 57368, 36003, 68916, 93229, 46632, 93663, 106418, 60496, 109057, 96861, 86255, 25686, 17483, 29211, 55328, 87592, 23882, 44790, 12236, 42928, 103959, 97347, 68379, 92596, 10055, 29634, 9324, 30076, 100150, 27527, 95171, 40523, 11422, 9200, 42816, 10698, 22301, 48159, 39987, 33067, 62704, 52778, 75981, 74522, 14533, 5566, 78062, 82399, 108638, 93541, 47145, 109796, 26597, 7034, 72616, 13584, 19750, 109139, 15150, 74389, 87266, 108170, 103631, 44587, 66411, 89167, 35723, 85827, 78806, 89641, 14186, 52308, 56743, 38302, 71662, 36015, 65048, 72989, 76390, 24409, 85530, 8346, 69627, 70266, 89525, 70975, 46633, 16963, 109556, 91124, 51505, 93804, 58474, 43487, 61792, 59548, 43635, 27536, 42828, 109424, 78273, 60279, 35178, 67279, 80752, 35012, 7936, 8578, 89696, 5569, 26905, 42389, 84689, 59305, 44512, 72395, 74619, 67302, 57822, 8117, 106178, 25089, 68848, 98941, 78157, 109857, 108875, 86646, 83239, 51061, 89906, 56601, 71203, 95942, 71622, 97182, 27718, 46519, 83197, 79080, 69401, 45684, 18120, 21245, 39039, 67458, 42773, 20690, 63440, 41615, 97229, 86249, 20807, 26130, 30510, 43868, 55324, 20437, 9548, 12101, 72073, 21310, 90755, 51252, 53070, 48181, 97336, 91976, 94742, 66079, 79328, 45235, 35310, 76589, 107175, 78127, 13331, 59382, 87477, 92020, 109297, 42293, 52962, 23492, 12594, 69120, 57144, 57232, 71593, 40799, 29614, 106611, 50009, 47727, 15204, 50703, 60979, 37662, 16932, 100183, 69175, 27515, 106411, 49629, 63537, 88081, 55527, 69558, 60702, 13487, 67037, 8281, 34986, 82336, 101465, 82733)
Average QPS expected = 57816
Timestamp start: 1778511893088
Timestamp end: 1778513693627

#type       avg     std     min      p5     p10     p50     p67     p75     p80     p85     p90     p95     p99    p999   p9999      QPS   target
read      241.3    94.0   101.3   158.3   171.7   229.9   252.9   267.5   278.0   292.6   314.7   350.5   445.3  1237.7  2950.0   6929.0     6927
read      328.2   243.8    74.4   127.0   142.0   272.7   366.6   418.1   454.2   495.2   547.6   635.2  1066.5  2967.8  7436.5  52680.5    52892
read      354.4   410.0    80.4   130.5   146.4   253.5   320.2   366.0   404.0   463.1   570.4   823.6  2466.4  3624.5  7966.0  99035.0    98921
read      253.2   112.0    74.4   124.2   138.5   237.7   285.4   315.7   337.0   359.7   387.4   429.9   535.8   843.0  2550.6  61202.0    61129
read      258.1    89.9    80.4   134.3   150.4   251.3   289.0   312.5   329.8   348.5   371.8   409.5   502.8   759.1  1354.8  40719.0    40613
read      256.5   112.1    80.4   128.5   142.7   244.1   289.9   317.8   337.7   358.9   384.0   424.8   533.4   787.5  2400.7  53029.0    53226
read      257.0    96.2    80.4   133.6   149.4   251.6   288.5   311.6   328.5   346.1   368.6   403.8   492.0   653.2  3012.1  38381.5    38560
read      256.0   128.7    74.4   125.6   139.8   231.4   282.6   316.0   340.0   367.3   401.7   455.8   590.3  1108.4  3071.4 103502.5   103465
read      256.6   143.3    74.4   125.3   139.6   231.1   281.4   313.8   337.8   365.0   398.9   452.0   601.3  1527.0  5297.0 104766.0   104758
read      248.6   123.6    80.4   122.3   135.9   224.4   274.1   305.9   330.4   357.4   390.7   440.2   577.8  1120.3  2524.5  95215.0    94759
read      257.2   116.8    80.4   134.9   151.0   250.1   286.7   308.3   324.9   343.4   365.9   400.6   484.2  1056.0  3122.5  37907.0    37799
read      229.8   123.5    86.8   158.3   171.7   222.5   240.3   251.0   259.1   269.2   283.1   309.6   384.5  1009.2  6351.1   8449.5     8296
read      250.6   102.5    74.4   124.6   138.2   232.6   283.2   315.1   337.7   361.9   391.4   433.6   521.9   670.1  1389.9  69335.0    69443
read      233.5    75.4    93.8   153.3   169.9   227.7   247.8   259.3   267.9   277.3   293.2   323.0   398.6   988.9  2468.3  12694.0    12517
read      256.0    91.8    74.4   133.2   148.2   249.5   289.6   314.7   332.4   351.2   372.3   404.8   474.4   602.8  1001.3  43495.5    43591
read      246.6    76.4    86.8   150.6   167.5   243.3   267.5   280.7   291.2   304.9   323.9   353.3   417.0   649.6  3211.7  20426.5    20430
read      252.6   127.0    74.4   124.8   138.6   229.1   279.9   313.2   337.6   364.1   396.9   446.5   563.0  1023.2  3089.5  93733.5    93758
read      230.6    59.5    80.4   156.9   172.8   226.0   245.2   255.7   264.7   273.6   289.2   315.9   377.7   911.2  1957.3  10535.5    10485
read      241.9    62.7    86.8   153.3   170.9   238.6   261.1   272.8   282.6   293.7   312.0   341.3   403.4   657.2  1353.0  16617.5    16518
read      251.6   118.3    74.4   123.8   137.6   228.9   280.1   313.4   338.4   365.6   397.6   445.7   555.4   888.3  1872.0  82998.0    83230
read      225.3    92.6   101.3   158.2   169.6   217.5   235.5   247.1   254.6   265.7   278.4   303.5   388.4   996.4  3742.7   5489.0     5484
read      254.3    98.2    74.4   128.4   142.1   242.8   289.6   318.1   338.0   359.1   383.8   422.3   502.7   637.2  1877.0  55319.5    55611
read      249.4   105.8    86.8   150.7   168.7   244.5   269.6   284.0   294.4   309.8   329.6   359.4   428.2   879.9  6274.1  20860.5    20774
read      250.3   130.7    80.4   123.4   137.1   225.7   275.1   308.1   333.0   360.3   393.4   442.9   557.5  1391.2  3377.9  96462.5    96726
read      256.4   101.5    80.4   140.4   156.9   251.5   283.4   302.6   318.5   336.8   357.6   386.9   458.6   927.5  3881.6  32601.0    32442
read      251.4   109.9    80.4   124.0   138.1   231.9   282.9   314.7   338.3   363.7   393.7   436.3   532.0   723.6  3408.1  73195.5    73039
read      248.5   101.9    74.4   122.6   136.3   229.4   279.6   311.9   335.7   361.4   391.9   434.6   526.7   678.9  1104.0  74194.0    74055
read      258.3   186.7    80.4   130.2   144.4   246.0   291.3   318.9   338.2   358.9   383.1   420.1   496.2   639.9 12159.9  51355.0    51197
read      255.6   104.8    80.4   128.0   142.0   241.1   289.6   320.2   341.7   364.2   390.8   429.1   517.2   689.7  2383.3  59209.0    59442
read      258.0   110.3    86.8   139.0   154.6   252.8   287.3   308.3   324.4   342.6   364.8   397.5   468.2   691.2  3167.4  35828.0    35654
read      249.7   109.7    74.4   123.3   137.3   228.9   279.6   312.0   335.7   362.1   393.9   438.8   536.0   784.8  1560.2  78929.5    78747
read      257.3    94.3    80.4   134.7   150.3   250.8   289.9   313.4   330.4   348.9   371.8   408.2   485.9   623.3  2335.2  42305.5    42212
read      257.4   107.0    80.4   129.3   143.8   245.9   292.2   320.8   340.0   360.6   384.9   421.5   501.9   939.2  2505.0  52591.0    52488
read      255.4    90.3    80.4   137.6   152.7   251.3   286.3   307.0   322.7   340.5   362.2   394.7   464.1   662.5  1918.9  36722.0    36950
read      243.0    73.3    93.8   153.8   171.9   239.2   262.1   273.5   283.6   294.7   313.0   341.9   404.1   896.5  2144.3  16703.0    16762
read      249.6   118.9    80.4   123.0   136.7   229.2   279.8   312.5   336.5   362.3   392.6   435.3   533.3   731.0  3459.6  79215.0    79473
read      252.5   101.3    80.4   126.4   140.4   238.1   287.2   316.7   337.7   360.4   387.3   427.3   504.6   640.4  1085.1  61568.0    61431
read      252.3   111.1    80.4   124.6   138.5   229.9   281.1   314.8   339.8   366.2   398.8   446.7   549.4   863.7  1863.1  87452.5    87172
read      264.0   163.3    80.4   129.3   143.5   235.7   287.5   320.4   344.3   371.8   408.0   462.6   611.5  2269.2  5344.5 107988.0   108181
read      248.4   105.6    74.4   122.0   135.4   227.5   278.2   311.6   336.2   362.0   392.8   436.7   537.6   799.1  1708.9  80897.5    80515
read      256.5    94.5    80.4   138.0   153.2   251.6   287.3   308.9   325.2   342.9   364.6   395.9   465.5   619.6  2814.2  37078.0    37149
read      235.4    78.3    86.8   156.0   172.2   230.8   251.4   263.4   271.5   282.3   295.5   322.1   388.7   938.1  3097.2  13455.0    13444
read      251.0   108.0    74.4   124.7   138.5   232.1   282.6   314.5   337.5   362.6   392.8   436.0   525.7   727.2  1711.6  71695.5    72057
read      252.9   104.5    74.4   124.4   138.3   234.4   285.6   318.2   340.7   364.6   394.2   438.2   537.5   783.5  1379.5  69914.0    70041
read      248.0   106.5    74.4   122.7   136.5   225.7   275.2   308.5   333.2   359.9   393.0   442.2   546.8   842.7  1599.1  90578.5    90162
read      256.5   112.3    80.4   129.6   144.1   244.9   290.1   317.4   336.5   357.5   382.5   421.1   500.9   766.2  2954.3  52133.5    52082
read      248.9    73.5    86.8   147.3   164.3   245.5   271.4   286.6   297.0   314.2   334.3   363.6   432.6   876.4  1758.0  24155.5    24258
read      253.9   110.9    80.4   125.4   139.2   235.1   286.4   319.8   342.6   366.7   395.9   437.6   535.5   738.7  1095.3  71905.0    72013
read      257.0   117.6    80.4   128.4   142.3   242.7   289.9   319.7   339.9   362.3   389.9   429.8   525.1   910.3  3332.1  57609.0    58012
read      254.7   103.0    80.4   132.4   147.2   247.5   287.8   311.3   328.7   347.5   370.1   403.7   480.1   631.7  4808.9  45280.0    45398
read      256.9   105.2    80.4   130.7   145.4   247.4   291.3   317.8   336.4   356.6   380.3   417.9   503.7   660.6  1956.4  50332.5    50177
read      255.4    81.1    80.4   139.4   155.1   252.1   284.8   304.8   320.5   338.0   359.5   392.4   460.7   571.2  1109.7  34472.0    34504
read      252.1   108.7    80.4   124.9   139.0   235.6   285.4   316.7   338.3   361.1   388.6   429.7   520.7   682.8  3463.0  66072.0    66010
read      252.6   135.4    74.4   122.7   136.6   232.1   282.5   314.4   337.1   361.5   391.9   437.2   544.8  1054.7  4583.7  73806.5    73937
read      256.8    98.7    80.4   129.0   143.5   245.4   291.0   319.1   338.6   360.0   386.4   426.7   520.0   750.0  1423.9  54720.0    55020
read      257.4   103.8    80.4   130.3   144.8   246.2   291.1   319.6   338.9   359.9   385.3   424.4   508.9   698.0  2085.8  52978.0    53235
read      253.3   124.9    74.4   124.1   138.3   230.6   280.6   313.1   336.8   363.9   397.9   450.2   566.7  1032.5  3900.6  97834.5    97743
read      220.6    93.2    93.8   153.7   165.9   212.4   230.5   240.8   248.9   258.4   271.9   296.3   380.5  1509.6  4047.7   5396.0     5419
read      237.3    97.9    86.8   153.3   170.4   231.1   252.4   264.8   272.9   285.3   301.5   332.6   412.1   887.9  4667.0  14668.0    14764
read      231.5   109.2    93.8   159.9   172.7   223.5   241.8   252.2   260.9   271.3   287.5   317.1   399.6  1103.9  4235.8   7480.0     7451
read      259.5    99.6    74.4   131.7   146.9   250.9   293.5   321.1   339.5   359.5   383.5   421.7   504.7   658.9  2845.1  48318.5    48208
read      243.6    73.7    93.8   156.4   173.9   238.1   260.7   273.0   283.6   295.4   314.9   344.6   411.5   913.8  2323.2  15971.0    16149
read      251.6   106.7    68.9   123.3   137.2   231.9   282.9   315.8   339.0   364.3   395.1   440.6   540.9   746.9  1654.5  78994.0    78989
read      242.1    80.5    93.8   150.8   168.1   238.2   261.7   273.5   283.9   295.3   314.4   342.4   409.6   877.8  3134.6  19076.5    18886
read      253.3   107.3    74.4   124.5   138.4   232.7   284.6   318.0   341.8   367.0   397.7   443.8   546.4   815.2  1547.4  75800.5    75954
read      258.7   109.0    80.4   133.2   148.9   251.2   291.9   316.5   334.1   353.2   374.7   411.3   493.0   675.1  4414.4  44515.5    44409
read      240.8    68.3    80.4   153.6   170.4   236.3   258.8   271.0   280.6   292.8   311.6   340.1   402.2   917.3  1979.3  16434.5    16431
read      250.4   114.0    74.4   123.0   136.8   228.7   279.6   312.7   336.8   362.9   395.4   441.7   547.4   805.2  2016.3  85451.0    85707
read      255.6   111.9    74.4   127.8   141.5   240.6   288.0   318.1   338.9   361.4   388.8   429.2   518.3   954.1  3350.1  58160.5    58253
read      255.3   132.4    74.4   125.2   139.6   230.0   279.8   312.6   336.9   364.7   399.4   452.2   590.5  1516.9  3494.7 103929.5   103867
read      247.7    82.6    86.8   149.6   167.2   243.2   268.3   282.3   292.7   307.4   327.6   358.2   426.4   927.1  2754.3  21633.0    21604
read      248.0   106.0    74.4   122.8   136.7   226.6   276.3   308.7   333.1   359.9   392.1   439.6   540.4   784.8  1338.5  90574.5    90401
read      251.3   110.0    80.4   123.8   137.9   229.3   280.6   313.6   338.1   364.8   397.5   446.6   548.4   781.3  1398.4  84452.0    84467
read      255.5   169.4    74.4   123.8   138.0   228.6   278.9   311.7   336.0   363.3   397.9   450.4   590.5  1881.7  5668.7  99576.5    99700
read      252.8    80.1    86.8   140.1   156.3   250.3   281.3   299.4   315.4   332.4   351.6   380.6   437.6   552.5  1169.6  32140.5    32052
read      243.3    86.2    86.8   152.4   169.5   238.6   261.8   273.9   284.4   295.7   315.2   344.0   408.1   926.6  3080.2  18173.0    18173
read      251.5   101.3    80.4   124.3   138.4   234.7   285.8   317.5   338.9   362.4   390.5   431.3   513.0   653.4  1342.1  67888.0    67789
read      255.0    96.9    74.4   130.0   144.7   245.5   289.9   317.0   335.9   356.1   379.7   416.2   491.9   641.6  2184.4  51886.0    51929
read      253.1   127.4    74.4   124.2   138.1   230.3   281.5   314.9   339.1   365.7   398.4   447.6   557.8  1062.8  2463.3  83882.0    83850
read      242.2    79.4    93.8   151.4   168.0   238.5   261.8   273.7   284.2   295.5   315.5   344.2   405.9   652.6  1928.5  18591.0    18614
read      254.1    96.8    86.8   142.6   159.5   250.0   279.4   296.5   311.7   328.8   349.0   379.7   452.0   637.6  4125.9  29166.5    29315
read      250.1   117.7    80.4   125.1   138.9   227.1   275.7   307.6   331.5   358.1   391.4   441.9   560.6   960.7  3440.5 107914.0   108090
read      251.5    98.7    80.4   144.0   161.3   247.7   274.6   290.9   303.2   319.0   339.9   369.1   438.7  1011.6  3802.1  27339.0    27024
read      257.4   102.6    74.4   130.1   144.2   246.6   292.0   320.4   339.1   359.3   383.3   420.9   504.0   877.5  2068.7  50103.5    49907
read      232.7   107.7    93.8   160.1   174.4   226.0   244.5   254.6   263.6   272.8   288.5   316.6   401.1   939.8  7589.0   9125.5     9150
read      259.6   163.8    80.4   139.8   155.7   252.8   287.5   308.5   324.3   341.6   363.8   397.5   477.0  1015.6  3815.6  34243.5    34328
read      255.2    95.5    80.4   129.2   143.5   244.5   290.0   318.3   337.4   357.7   381.7   420.6   501.6   633.2  1375.9  52002.0    51881
read      234.8    63.7    86.8   153.6   169.8   231.0   252.0   264.0   272.0   283.1   296.5   323.9   387.3   738.3  1988.1  14692.5    14569
read      248.4   137.3    74.4   121.8   135.1   226.3   276.8   309.7   334.4   361.0   392.7   437.9   541.9   783.5  6699.5  80776.5    81517
read      248.1   128.4    80.4   121.3   134.8   226.5   275.8   307.1   330.7   355.9   386.4   432.8   542.1  1557.5  3411.9  78716.0    78694
read      247.3   109.3    80.4   122.0   135.8   225.2   274.3   305.9   330.3   358.0   392.1   443.0   548.8   827.8  1398.1  93930.5    93409
read      252.1    91.0    80.4   134.6   150.3   247.5   282.5   303.1   320.1   338.6   360.5   392.6   459.4   583.8  1928.3  39381.5    39093
read      243.7    79.5    93.8   151.7   168.8   240.0   263.8   275.6   286.4   297.2   316.4   344.1   404.5   735.4  3094.7  18610.0    18729
read      249.1   104.2    74.4   122.7   136.8   230.9   281.1   312.6   335.6   359.6   388.3   431.5   529.1   732.0  1280.6  70627.0    70818
read      250.0    74.8    93.8   149.9   167.3   246.9   271.7   286.6   296.9   313.6   333.8   363.1   420.6   583.2  1932.7  21904.0    21942
read      249.0   109.6    80.4   123.3   136.9   226.6   276.6   309.8   334.5   361.6   394.4   442.6   549.3   797.8  1591.4  91724.5    91810
read      254.1    85.7    80.4   134.6   150.2   249.3   285.3   307.4   324.5   343.3   365.6   398.4   468.1   607.0  1059.2  40126.0    39588
read      256.2   118.9    80.4   133.5   149.1   249.5   287.0   309.7   326.7   345.2   367.8   401.3   478.3   693.7  5053.6  40992.5    40957
read      253.9   130.3    74.4   124.6   138.6   236.1   286.3   317.5   339.1   362.3   390.2   430.0   524.1  1203.6  5254.9  62729.0    62645
read      240.0    95.5    86.8   153.5   170.4   235.4   257.4   269.5   277.9   289.6   305.8   335.1   401.9   892.7  3434.4  15450.5    15539
read      254.6   120.1    80.4   127.0   140.8   231.0   281.7   314.5   337.9   364.4   397.7   447.9   571.7  1126.1  2739.5 107321.5   107672
read      251.6    79.3    80.4   139.3   155.2   248.2   279.7   297.8   313.5   331.2   352.4   383.5   448.1   574.7  1004.1  32869.5    32954
read      252.7   113.5    74.4   124.8   138.9   238.1   286.4   316.2   337.1   359.3   385.1   424.6   509.4   766.6  3367.7  58793.0    58866
read      249.8   109.1    86.8   145.8   163.2   243.8   270.9   286.6   297.4   314.2   334.4   364.3   436.4  1091.9  4117.1  23604.5    23739
read      251.1    97.0    74.4   125.4   139.4   239.3   285.5   314.0   334.2   355.4   380.2   419.7   502.2   654.9  1020.9  54878.0    54701
read      254.3   135.6    74.4   125.5   139.5   238.3   287.5   318.0   339.4   362.2   389.3   429.2   515.3   702.8  6758.4  60621.0    60706
read      249.8   103.6    74.4   122.4   136.4   230.6   281.3   314.2   337.5   362.0   391.7   435.2   533.8   727.8  1276.0  72389.0    72350
read      253.3   100.2    74.4   125.9   140.0   239.7   288.3   318.6   339.1   360.8   386.8   426.5   508.4   654.2  1917.9  58650.0    58661
read      250.8    79.7    80.4   135.6   151.5   247.1   280.6   299.7   315.8   334.0   355.6   387.4   460.4   591.5  1046.4  34934.5    34912
read      248.2   110.5    74.4   123.6   137.6   225.8   274.6   305.7   329.2   356.1   390.1   439.8   557.2   931.3  1895.3 103134.0   103268
read      254.0    85.4    80.4   135.5   150.8   249.0   284.9   307.0   324.2   342.3   364.1   396.2   466.5   594.3  1476.6  38709.5    38703
read      251.4   136.5    80.4   122.8   136.6   228.9   279.6   313.4   337.3   363.1   395.2   443.0   548.8   841.2  3900.5  83510.5    83358
read      255.2   100.7    80.4   127.1   141.0   241.3   289.9   320.3   341.4   364.2   391.2   430.1   508.4   667.1  1586.1  57573.0    57408
read      249.3   127.0    74.4   122.4   136.1   226.1   276.3   308.6   332.9   359.8   393.2   442.2   546.7  1026.4  3968.9  86809.0    86837
read      256.0    84.8    80.4   141.3   157.5   252.6   285.2   304.7   319.5   337.1   358.0   388.7   458.6   592.5  2318.8  33236.5    33517
read      253.2   104.8    74.4   125.7   139.6   235.9   286.6   318.1   340.4   364.0   392.8   434.0   520.1   684.4  2657.9  66538.5    66204
read      253.2   105.8    80.4   125.1   138.9   233.3   285.6   318.3   342.1   367.7   397.7   440.2   534.3   740.9  1436.6  74107.5    73758
read      253.8   142.8    74.4   126.0   140.0   230.1   280.5   313.3   337.5   364.9   399.5   451.1   567.0   879.4  2571.5  99584.0    99742
read      258.2   150.2    74.4   125.3   139.7   230.9   281.6   314.5   338.0   365.6   400.5   457.7   626.6  2055.1  4182.7 109428.0   109462
read      253.6   123.0    80.4   125.1   139.2   230.5   280.9   313.5   337.6   365.1   399.1   448.0   557.8  1043.7  3572.7  94454.0    94453
read      261.3    94.3    80.4   137.3   152.4   254.2   295.1   321.5   338.7   357.7   379.7   413.8   488.1   626.8  2004.1  44338.0    44096
read      252.7   113.3    74.4   125.2   139.5   229.8   280.1   313.0   336.9   363.9   397.4   448.2   559.5   943.0  2461.5 100172.0   100467
read      226.1    68.6   101.3   157.0   170.3   220.3   237.7   248.9   256.3   266.9   279.7   305.9   390.2   930.2  3022.6   8755.0     8576
read      257.3   109.9    74.4   128.4   142.4   241.9   291.6   322.6   343.4   366.0   393.3   434.0   528.8   731.9  2353.8  59367.0    59359
read      222.1    93.3   101.3   154.4   167.4   216.6   234.3   245.2   252.5   262.7   274.7   296.8   364.9   904.7  4926.9   7660.0     7614
read      254.0   107.5    80.4   126.5   140.6   239.1   288.2   318.6   340.5   363.5   390.8   429.9   509.6   662.9  1486.1  60496.0    60329
read      256.5    90.0    80.4   133.7   148.6   249.0   289.4   314.9   333.2   353.2   376.5   410.7   481.8   593.9  1201.2  43665.0    43762
read      255.7   120.8    74.4   125.8   139.6   237.0   288.4   320.6   343.9   368.2   397.5   439.7   531.5   733.6  3857.7  67093.0    67038
read      253.0    99.6    80.4   143.4   161.5   247.9   276.1   293.1   307.1   323.9   344.6   373.9   440.6   779.3  4223.9  25978.0    26095
read      249.3   101.1    74.4   122.9   137.0   230.8   281.4   313.2   336.5   361.4   390.5   432.8   525.0   681.6  1147.6  71243.5    71173
read      259.6   128.1    74.4   128.1   142.3   234.9   286.6   318.9   343.0   370.7   405.8   461.2   588.7  1301.8  3404.0 108425.0   109276
read      237.1    76.4   101.3   157.1   173.0   231.6   252.2   264.1   271.9   283.0   296.5   328.9   402.4   946.0  2795.5  13347.5    13150
read      251.1    96.6    80.4   126.4   140.2   236.7   284.9   314.6   335.8   358.7   385.9   425.2   502.5   639.0   916.7  60741.0    61250
read      251.5   128.5    68.9   122.6   136.1   227.7   278.5   311.1   335.8   363.0   396.1   445.4   567.5  1342.8  2533.8  84553.5    84472
read      249.4   127.0    74.4   122.6   136.5   227.3   277.7   310.4   335.1   362.2   394.6   442.1   542.1   849.3  2802.2  82187.0    82226
read      253.7   105.1    80.4   144.6   161.3   249.7   278.4   294.7   308.2   323.5   344.0   375.5   440.7   660.6  4314.8  27599.5    27671
read      256.8   125.5    80.4   126.7   140.5   231.7   283.3   316.8   341.1   368.6   402.3   453.7   587.7  1314.9  2750.0  98595.5    98736
read      242.7   106.7    80.4   121.9   135.5   220.5   268.3   297.2   321.0   347.7   381.6   432.0   541.8   864.1  1713.4 106345.0   106314
read      259.8   152.1    74.4   125.8   140.0   231.6   282.4   314.9   339.2   367.3   403.3   460.0   631.6  1825.4  3703.1 104744.5   105027
read      249.6   116.4    80.4   123.0   136.8   225.7   275.2   307.8   332.5   360.3   394.6   446.6   574.3   993.2  2494.3  96935.5    96867
read      244.6   110.8    80.4   121.1   134.3   222.9   272.2   302.5   326.9   353.6   386.5   433.8   541.7   835.5  2505.9  89453.0    89493
read      254.7   117.4    74.4   129.0   143.2   243.9   287.8   315.0   333.7   353.5   376.4   414.0   495.7   870.2  2934.4  50526.0    50538
read      244.9    73.6    86.8   147.1   164.1   241.9   266.9   280.6   291.4   305.4   324.8   355.3   418.5   568.4  3269.1  22145.5    22083
read      257.7   117.8    74.4   131.2   146.0   247.7   290.5   317.1   336.0   355.9   377.9   415.0   497.1   985.0  4048.3  48474.0    48618
read      247.5   110.0    80.4   122.5   136.1   224.9   273.7   305.2   329.9   357.0   390.5   439.4   556.2  1040.9  1887.6  94331.0    94298
read      251.2   105.4    74.4   125.1   139.3   235.8   284.7   315.0   336.7   359.7   386.6   425.2   505.9   744.2  2250.0  63573.0    63579
read      252.4    98.8    74.4   125.2   139.3   236.1   286.7   318.3   340.7   363.5   390.9   430.8   514.0   673.5   947.6  64454.5    64573
read      251.9   119.1    74.4   124.1   138.0   230.9   281.5   314.3   338.3   363.6   394.3   440.1   539.3   879.3  3957.5  77567.0    77178
read      253.3   116.1    86.8   142.1   158.2   249.1   279.3   296.2   311.5   328.6   347.7   378.0   446.6   661.6  3871.4  29959.5    29824
read      254.9   118.2    74.4   126.1   139.6   237.2   287.6   320.0   342.3   365.2   393.2   433.4   525.6   910.9  3539.8  64730.0    64495
read      245.9   113.1    80.4   149.5   166.0   241.3   266.1   279.3   290.0   303.1   321.7   350.4   420.3   898.4  5099.7  21158.0    20917
read      246.4   104.2    74.4   121.8   135.2   225.3   275.3   307.7   332.0   358.4   390.1   434.9   534.8   745.7  1355.7  85416.0    85651
read      255.8   126.1    80.4   127.6   141.1   240.7   290.0   321.1   341.8   363.9   390.8   429.5   510.1   687.9  5301.5  61891.0    61935
read      255.2    95.7    74.4   129.7   143.7   246.5   290.3   317.1   335.9   356.2   380.0   417.4   498.7   638.4  2227.5  50270.0    50216
read      252.4   113.1    80.4   123.7   137.6   232.5   285.0   317.4   340.7   366.1   396.8   440.8   536.0   734.0  2020.7  72139.0    72251
read      251.0   126.0    80.4   123.1   136.9   232.0   283.0   315.0   338.0   362.9   392.9   434.5   523.7   708.1  6141.5  71693.5    71798
read      243.4    81.8    86.8   149.6   166.0   239.9   263.9   276.2   287.1   298.7   319.6   346.9   409.3   636.5  2385.9  19734.0    19701
read      249.4    87.0    80.4   144.9   161.6   245.9   272.4   287.9   298.7   314.9   334.7   363.5   430.2  1008.4  2470.8  24986.0    24952
read      253.9   125.0    74.4   123.0   136.8   229.7   281.2   315.2   340.2   367.0   399.9   449.8   590.6  1215.6  2749.6  81787.5    81838
read      248.6    76.8    86.8   144.2   161.6   245.8   272.4   288.0   299.0   315.7   336.7   366.9   432.5   610.1  1598.4  26541.5    26648
read      247.7    72.7    86.8   144.9   162.1   245.0   271.5   286.6   296.8   313.4   333.9   364.4   431.0   627.9  1442.9  24892.5    24837
read      251.4    76.1    86.8   141.7   159.0   249.5   278.6   295.0   309.0   324.9   344.0   372.4   432.0   548.8  1196.3  29178.0    29420
read      245.7   111.7    80.4   122.3   135.9   223.0   272.0   303.2   327.4   354.0   387.3   436.9   545.9   864.6  2409.4 104115.0   103882
read      250.0   105.2    74.4   123.0   136.7   231.1   282.1   313.7   336.9   361.9   391.9   434.1   529.1   715.9  2149.8  70317.0    70314
read      256.7   113.6    74.4   126.5   140.0   239.6   290.7   322.9   343.8   366.9   395.2   435.1   529.7   941.4  2509.6  61822.5    61679
read      254.0    90.8    80.4   130.1   144.7   245.6   289.1   314.9   333.6   353.6   376.5   413.1   487.6   588.4  1041.4  49488.0    49557
read      241.5    72.2    86.8   149.4   166.7   238.7   261.9   273.8   284.3   295.5   314.4   342.7   403.6   829.1  2399.5  19374.0    19325
read      229.0    81.1    93.8   157.9   172.1   223.4   241.7   252.1   260.5   270.4   284.4   308.7   374.6   960.9  4778.5   9227.0     9128
read      250.3   126.2    74.4   122.3   136.1   225.8   275.8   308.3   332.8   361.3   396.3   448.0   574.4  1127.7  2540.8  94613.0    94933
read      249.0    76.3    86.8   146.4   163.2   245.7   271.9   287.3   297.8   314.2   334.7   366.5   434.8   645.8  2579.0  24355.0    24327
read      252.3   124.3    74.4   123.6   137.4   232.3   284.8   317.3   340.8   365.6   395.5   436.4   533.1   780.4  2728.1  71508.0    71896
read      245.9   104.6    80.4   121.5   135.0   224.0   273.6   305.3   330.3   357.6   390.6   437.1   544.8   775.6  1622.1  93782.5    93771
read      245.0    83.1    86.8   149.7   166.6   240.7   264.9   278.0   289.1   302.3   321.5   350.0   418.6   939.0  2933.8  20320.5    20452
read      257.1    95.7    80.4   133.9   148.7   249.9   289.9   315.1   332.9   351.7   373.3   409.2   493.9   633.4  1863.8  42379.0    42338
read      251.2   105.5    74.4   123.9   137.7   232.1   283.0   316.0   339.4   364.3   394.2   436.5   531.1   770.9  1238.5  72366.5    72627
read      251.9   116.5    74.4   123.6   137.4   230.4   282.1   315.3   340.2   366.5   397.8   443.5   539.1   773.4  2661.2  80487.0    80603
read      256.6    96.1    74.4   130.7   145.4   247.4   291.1   318.5   337.4   357.9   382.1   418.6   491.7   671.0  2327.0  49158.0    49049
read      245.3   123.9    74.4   121.4   134.7   222.5   271.4   301.5   326.2   354.6   387.2   433.4   538.4  1008.9  3714.2  91999.5    92305
read      255.4   113.7    74.4   127.7   141.4   240.9   289.4   319.5   340.2   362.3   388.3   426.1   506.2   911.6  2402.0  57233.5    56889
read      248.1   113.8    80.4   121.3   134.8   227.3   278.2   310.1   334.2   359.9   390.6   434.4   533.3   818.0  2879.2  78296.5    78036
read      249.4   113.9    74.4   122.5   136.3   230.9   281.8   313.8   336.9   361.3   390.4   432.1   514.7   684.1  3210.6  71803.0    71583
read      248.1   101.5    80.4   122.6   136.3   230.1   280.9   312.4   335.2   359.3   388.0   430.0   518.8   664.9  1335.0  72476.5    72609
read      251.7   108.9    74.4   125.2   139.4   229.0   279.4   311.6   335.5   363.0   397.0   447.3   551.7   889.0  1655.2 107207.0   107382
read      247.7   109.2    74.4   121.5   134.8   225.5   276.5   309.4   334.2   360.6   392.4   438.8   547.7   830.8  1797.4  86335.0    86530
read      240.0    87.3    86.8   152.8   169.3   235.1   257.9   269.7   278.3   290.7   307.9   337.5   401.0   938.0  3402.8  16701.5    16550
read      249.5   109.5    80.4   122.9   136.6   228.2   278.8   311.4   335.9   362.6   394.6   439.7   541.6   762.5  1993.5  84305.5    84534
read      250.2   103.5    74.4   122.8   136.7   231.5   282.0   314.1   338.2   363.5   393.8   436.5   529.3   679.5  1170.4  73080.0    72631
read      256.1   119.0    74.4   128.0   142.2   245.3   289.7   316.8   335.4   356.1   381.6   422.3   506.0   690.3  3508.1  49380.0    49291
read      253.9   115.3    74.4   123.3   137.6   237.2   287.7   320.6   342.4   365.8   394.2   434.7   531.0   759.1  1997.2  62624.5    62175
read      253.6   118.6    80.4   122.7   136.9   230.9   283.6   317.9   342.1   369.3   402.3   452.8   564.9   880.2  1659.3  80083.0    80213
read      242.9    68.0    86.8   152.2   169.1   237.8   261.8   274.4   285.7   297.7   318.3   349.2   419.4   870.0  1920.3  16582.0    16566
read      255.7   106.1    80.4   128.3   142.4   243.8   290.4   319.3   339.3   360.7   386.2   424.7   508.3   668.0  1570.7  53855.5    53985
read      256.1   112.5    74.4   127.3   141.2   233.4   284.2   316.9   340.8   367.6   401.4   454.4   571.8   940.2  2174.2 102055.5   101949
read      248.8    70.1    86.8   147.7   164.6   245.7   271.5   286.9   297.4   314.6   335.0   364.5   428.9   615.5  1668.5  24019.0    24076
read      255.8   112.5    74.4   128.6   142.7   243.2   289.6   318.4   337.8   358.6   383.3   421.8   505.1   917.4  2895.8  52490.5    52574
read      261.0   118.3    80.4   129.4   143.8   237.9   289.8   323.0   346.6   373.9   407.8   460.1   580.5  1023.5  2866.3 106408.5   106271
read      252.4   108.5    80.4   125.7   139.8   229.5   279.5   312.1   336.4   363.8   397.4   448.1   559.6   902.4  1553.9 105772.0   105451
read      250.3   108.1    74.4   123.2   136.9   228.3   280.0   314.0   338.5   364.7   396.2   443.5   546.7   796.3  1185.3  85884.0    86087
read      255.1    85.7    80.4   143.4   159.6   251.7   282.2   299.2   313.8   330.6   350.6   381.3   450.9   740.3  2399.0  29387.0    29108
read      252.0   114.0    80.4   125.2   139.4   228.5   278.5   310.5   335.0   362.9   397.0   448.8   557.3  1022.9  2495.4 100931.5   101115
read      248.3   105.9    74.4   122.9   136.7   229.1   279.3   311.7   335.2   360.0   389.4   432.2   516.7   673.6  2179.7  74301.5    74326
read      249.8   116.0    74.4   122.9   136.6   228.9   280.5   313.7   337.4   362.5   392.8   436.7   531.3   763.7  2838.9  75826.5    75832
read      249.4   142.5    74.4   122.7   136.4   225.1   274.7   307.1   331.6   358.9   392.9   442.5   559.1  1156.2  4011.3  94996.5    94901
read      240.9   104.2    93.8   154.8   171.9   235.8   257.8   269.8   278.4   290.8   308.0   337.0   398.8   884.3  6116.2  15810.5    15809
read      252.7    80.3    80.4   143.2   160.4   249.4   278.4   294.8   309.2   325.7   344.7   374.6   445.9   669.1  1832.2  28846.0    28874
read      254.7   107.5    80.4   128.7   143.0   244.1   289.1   317.3   336.1   356.4   381.2   419.1   495.8   670.7  2738.7  52088.0    51882
read      254.6    84.7    80.4   140.5   156.6   251.1   283.2   301.9   317.3   335.4   356.9   388.1   455.7   575.9  2117.9  32539.0    32653
read      256.8   103.0    80.4   133.3   148.9   250.3   289.0   313.1   330.7   349.2   371.3   404.4   482.3   700.0  3149.5  41910.0    41676
read      251.2   104.0    80.4   123.9   138.0   235.3   285.0   315.3   336.7   359.8   387.6   428.8   518.9   702.4  2271.8  62952.5    63019
read      248.0   111.1    74.4   122.5   136.3   224.9   274.4   306.7   331.2   358.6   392.2   442.1   552.5   936.9  1889.7  99256.0    99164
read      256.9   119.6    74.4   130.6   145.3   247.1   289.8   316.4   334.9   354.5   376.6   412.2   491.9   976.0  2672.6  47192.0    47055
read      251.2   120.3    80.4   124.3   138.3   235.2   284.3   314.6   336.3   359.0   385.4   424.9   507.3   672.0  4301.2  62375.0    62394
read      243.2   107.9    74.4   120.9   134.1   221.0   270.0   300.5   325.1   352.3   385.7   433.2   537.9   799.0  1505.0  98345.0    98519
read      254.4    82.7    80.4   139.7   155.8   250.7   282.7   301.5   317.5   335.3   356.7   390.2   462.8   649.7  1442.2  32380.5    32122
read      256.3    97.9    80.4   130.6   145.0   246.2   290.1   317.7   337.3   358.2   382.8   421.4   501.2   643.6  2081.1  49563.5    49464
read      252.5    88.2    86.8   146.7   163.7   249.4   276.2   292.6   305.7   321.6   341.9   370.8   436.2   546.0  1912.3  24128.0    24034
read      251.1   106.0    80.4   123.6   137.3   230.8   282.0   314.6   339.0   365.4   396.3   441.4   536.0   717.6  1833.0  77041.5    77363
read      253.7   111.7    80.4   125.0   139.0   230.7   281.8   315.9   340.8   367.7   401.2   452.5   566.6   854.5  2057.5  91824.5    91698
read      260.4   131.1    80.4   135.3   150.9   252.6   289.7   312.9   330.3   349.2   370.4   403.8   489.8  1534.9  5414.8  39106.0    38997
read      252.2   117.7    74.4   123.1   136.9   228.7   279.6   313.2   338.9   366.4   399.3   449.1   567.9  1089.1  2189.7  85926.0    86028
read      250.7   117.3    74.4   123.1   136.7   229.0   280.6   313.4   337.8   364.4   396.4   442.1   545.9   768.0  2797.7  83194.5    83012
read      238.9    79.0    93.8   154.5   171.0   234.2   255.3   267.7   275.4   288.4   304.7   333.8   397.8   952.2  3149.9  15152.0    15024
read      255.9    99.8    74.4   128.3   142.1   242.5   290.7   321.0   342.3   364.6   391.3   429.7   508.1   652.9  1130.1  56631.5    56640
read      252.4   128.5    74.4   123.5   137.4   226.6   277.2   309.5   334.5   362.2   396.4   448.6   594.7  1425.9  2621.6  97337.0    97362
read      245.6   109.2    74.4   122.6   136.3   222.8   270.5   300.6   325.5   353.0   387.0   437.4   550.0  1002.2  2027.4 107471.5   107412
read      254.4   108.5    80.4   125.4   139.1   236.9   288.1   320.4   342.7   366.2   394.5   434.7   529.1   757.1  2689.1  64986.5    65030
read      250.4   123.8    80.4   122.5   136.1   228.6   279.9   312.5   336.6   362.7   394.3   439.1   540.6   837.7  3896.8  79255.0    79278
read      255.6    90.7    80.4   131.1   145.6   247.4   290.1   316.7   335.3   355.3   378.2   413.8   488.7   621.1  1037.3  47743.0    47544
read      268.7   153.8    80.4   130.0   144.7   240.5   294.6   329.5   353.9   382.7   419.4   473.9   636.6  1891.8  4455.8 105032.0   105368
read      255.4    99.0    80.4   128.2   142.1   242.1   290.4   319.8   340.2   362.4   389.1   429.0   509.6   700.9  1646.1  58223.5    58181
read      253.1    96.2    80.4   126.4   140.3   241.2   288.8   318.6   338.5   359.7   384.7   422.5   503.1   648.9  1155.1  56895.5    56960
read      240.5    79.4    86.8   152.5   169.7   234.4   257.3   270.5   280.5   293.3   313.4   344.4   421.0   905.1  3496.7  14893.5    14849
read      254.7   121.4    74.4   124.0   137.9   237.7   287.9   319.3   340.5   364.1   393.1   435.8   537.3   779.5  3853.9  63304.0    63672
read      259.5   124.7    80.4   129.2   143.8   247.2   291.6   320.1   339.5   360.5   385.7   425.0   525.1  1173.1  4459.8  48225.5    48289
read      235.5    96.4    93.8   154.3   170.0   229.0   250.0   262.2   270.9   282.2   296.4   325.6   396.8   994.0  4016.8  11818.5    11797
read      233.2    89.1    86.8   156.4   171.2   226.9   246.9   258.0   266.8   275.8   291.3   317.3   389.5  1061.3  3221.0  10699.5    10781
read      255.9   113.2    74.4   130.5   145.0   245.6   289.3   315.7   334.4   354.6   378.4   417.6   498.9   690.2  3141.4  49478.5    49362
read      257.5   141.1    74.4   127.0   140.9   232.7   283.5   316.2   340.4   367.7   401.9   456.0   579.8  1444.6  4258.4 102132.0   102119
read      257.4   101.5    74.4   132.0   146.3   248.4   290.8   317.8   336.1   355.9   378.9   414.3   497.4   711.1  3197.2  46459.0    46213
read      249.8   116.6    74.4   123.9   137.6   226.5   276.0   308.0   332.5   360.5   395.0   445.0   548.6  1038.3  3307.2  97097.5    97025
read      242.9    73.5    86.8   151.1   167.8   239.1   262.9   274.9   286.0   297.4   317.2   344.5   403.4   894.7  2802.5  18584.0    18351
read      246.1    95.0    86.8   149.1   165.7   241.5   266.4   280.0   291.0   305.3   325.8   356.3   426.3   892.5  2552.8  21371.0    21426
read      259.6   104.8    80.4   134.7   150.0   252.3   292.5   317.8   335.4   354.6   376.9   412.0   493.1   685.2  3191.2  42707.5    43013
read      253.9   116.2    80.4   124.9   138.6   235.4   287.2   319.6   342.5   366.1   394.1   434.2   530.1   746.8  3282.1  67101.5    67376
read      256.5    94.5    74.4   138.8   154.0   251.7   287.0   308.1   324.3   341.9   363.8   396.0   463.5   606.9  3100.5  36003.0    36043
read      224.6    98.7   101.3   156.6   168.2   215.9   233.8   245.3   253.1   264.4   278.2   307.3   399.5  1029.6  3423.4   6302.5     6255
read      252.4   122.9    74.4   125.3   139.3   228.6   278.2   311.3   335.9   363.5   397.4   447.7   556.4   989.3  3248.3 101876.5   102499
read      252.5    98.4    80.4   145.8   162.8   249.2   276.8   292.4   305.1   320.8   341.5   370.5   435.6   831.5  3332.3  26126.0    26263
read      255.7   109.9    80.4   127.9   142.0   241.9   290.2   320.4   340.7   362.8   389.2   428.2   511.6   718.1  2234.4  57048.5    56974
read      256.3    91.7    80.4   134.7   150.2   251.6   289.6   312.4   328.9   346.1   368.6   401.7   468.0   685.7  2186.3  40826.5    40869
read      257.0    93.0    80.4   131.6   146.4   249.6   291.7   317.1   334.7   353.9   376.4   414.0   496.5   670.2  1467.9  46586.0    46514
read      232.9   137.3    86.8   155.3   169.8   225.9   245.8   257.0   266.1   275.2   291.2   317.8   390.6   930.3  7455.9  11439.0    11431
read      276.7   243.7    80.4   129.5   144.0   246.2   295.9   328.9   350.2   373.5   404.3   462.0   879.4  2905.5 10625.6  58644.0    58600
read      252.3   106.2    80.4   124.6   138.7   234.0   284.8   317.6   339.9   364.0   392.7   433.5   530.8   742.3  1859.2  67873.5    68058
read      257.7   115.2    80.4   129.0   143.3   244.6   291.2   320.5   340.0   361.6   387.3   425.6   513.1   840.4  3493.6  54597.5    54502
read      254.5   126.5    74.4   125.8   139.6   236.8   287.8   319.1   340.7   363.9   391.4   431.0   518.2   885.9  3050.0  64027.0    64022
read      256.2   108.7    74.4   129.9   144.1   245.6   291.1   318.5   338.2   359.3   384.0   421.0   497.7   653.1  3569.1  52195.5    52142
read      254.1   118.8    80.4   127.2   140.7   230.8   281.3   314.3   339.0   366.6   399.0   448.5   560.8   928.7  3145.0 101391.5   101375
read      257.1    90.9    80.4   134.1   149.5   250.8   290.1   314.1   331.7   350.7   372.2   404.1   479.2   679.1  1906.7  40879.5    40606
read      255.5    96.5    80.4   131.3   146.0   247.6   289.7   316.0   334.6   354.2   375.7   410.1   484.3   624.4  2065.4  47368.5    47485
read      255.7   120.7    80.4   130.3   145.0   247.1   289.9   316.3   334.8   354.6   377.4   412.5   491.0   650.9  3799.1  49036.5    48977
read      254.0   100.9    86.8   135.6   150.8   249.6   285.5   306.6   322.6   341.4   363.5   395.4   460.0   593.3  2310.8  38692.0    38615
read      247.3   114.8    74.4   121.5   135.0   226.2   277.4   309.9   333.9   359.6   390.3   433.6   526.5   745.3  3988.2  80205.0    80279
read      251.3   137.2    74.4   122.7   136.4   228.9   280.7   312.9   337.1   362.7   393.0   436.8   536.6  1000.6  4654.2  76194.5    75843
read      251.9   138.8    80.4   123.4   137.3   234.1   284.5   316.0   337.7   361.2   389.8   432.2   525.1   770.3  2719.0  67535.0    67095
read      254.4    97.0    80.4   133.8   149.4   249.8   287.1   309.5   326.4   344.0   366.2   398.0   468.4   610.2  2158.8  41255.5    41325
read      254.2   112.3    74.4   127.5   141.6   242.4   289.2   317.8   337.3   358.3   383.1   420.9   495.9   636.0  3824.9  55449.0    55752
read      249.2   120.3    74.4   123.3   137.1   226.6   277.3   310.0   334.1   360.6   392.5   437.8   539.2   845.0  3901.5  85639.0    85561
read      234.3    95.8    93.8   152.3   168.1   229.2   249.7   261.4   269.9   280.5   295.2   325.5   394.4   948.0  5574.9  14198.5    14194
read      249.8   115.1    68.9   123.2   137.5   227.9   278.2   311.7   336.4   363.1   395.0   440.5   539.6   771.1  2188.6  87397.0    88002
read      242.6   103.0    80.4   120.6   134.1   221.0   270.8   301.2   325.9   353.2   385.6   431.3   523.0   700.6  1743.3  90573.0    90515
read      248.3   122.4    80.4   124.5   138.7   225.7   274.2   305.3   329.2   356.4   390.0   438.0   544.7   827.0  4082.7 108805.5   109283
read      255.1    86.6    86.8   149.6   166.4   251.9   278.9   294.4   307.7   323.2   343.1   372.4   436.9   875.2  2553.9  26885.5    26699
read      259.4   117.9    80.4   140.5   156.9   253.9   288.2   309.2   325.1   342.5   364.1   396.2   464.8   762.4  4940.5  37328.0    37400
read      243.0    75.8    86.8   150.4   166.8   239.3   263.2   275.2   286.1   297.0   317.2   344.9   404.3   903.6  2595.5  19276.0    19307
read      231.6    69.4    93.8   156.8   171.3   227.0   246.7   257.6   266.3   274.9   290.6   317.5   385.8   879.9  3322.6  11501.0    11527
read      245.2   125.0    74.4   120.5   133.9   223.7   273.8   304.7   329.1   355.3   385.9   431.6   532.2   778.4  3969.7  83649.5    83787
read      245.5    75.9    86.8   147.3   164.3   242.1   267.5   281.4   292.2   306.9   326.8   356.9   418.7   645.9  2548.5  22276.0    22209
read      247.2   126.3    74.4   121.2   134.6   227.1   277.9   309.0   332.6   358.2   388.2   430.7   520.6   740.0  4183.5  74847.5    75169
read      246.8   122.0    74.4   121.1   134.6   227.0   277.9   308.2   331.0   355.6   384.6   428.8   525.1   796.9  3372.9  74190.0    73833
read      244.2   116.1    74.4   121.0   134.3   221.5   271.2   302.3   327.5   354.7   387.3   434.8   537.7   785.9  3077.9  94666.0    94641
read      249.7   110.4    80.4   123.9   137.9   234.9   283.6   312.1   333.5   356.5   383.2   423.3   505.6   684.1  3164.7  61408.5    61338
read      242.2   102.6    74.4   120.3   133.3   221.0   270.7   300.8   325.8   353.1   385.2   430.2   526.3   709.3  1151.9  91621.5    91825
read      251.9   131.9    74.4   123.1   136.9   229.7   282.0   314.7   338.8   364.7   394.7   437.8   545.5  1136.5  2829.0  77155.0    77235
read      253.7    92.8    80.4   135.6   151.2   249.5   283.9   304.1   320.6   338.7   360.4   392.8   465.8   679.6  3177.1  37298.5    37257
read      253.4    77.9    86.8   140.1   156.2   251.0   282.5   300.5   316.4   334.3   354.8   383.0   440.7   537.7  1012.8  32037.5    32057
read      259.0   146.5    80.4   128.3   142.4   233.6   285.0   318.1   342.2   369.1   403.1   456.2   584.5  1320.0  3723.6 108323.0   108618
read      248.9   111.9    68.9   123.3   136.8   229.9   280.8   312.2   335.4   360.4   389.8   430.7   514.5   714.8  3981.8  72978.5    72930
read      253.0    98.9    80.4   131.3   146.2   247.3   286.9   310.1   327.5   345.5   368.2   399.7   466.9   590.8  2911.0  43688.5    43714
read      245.1   111.4    74.4   121.0   134.2   223.3   272.9   304.2   329.2   355.9   388.3   434.4   536.8   775.5  3174.0  87430.5    87369
read      252.5   113.2    80.4   127.3   141.1   240.3   287.4   314.9   335.1   356.8   381.5   419.7   496.4   639.9  3194.5  56574.5    56640
read      245.8   117.5    80.4   122.6   136.3   223.6   272.9   304.0   328.5   355.4   387.6   434.2   534.9   853.8  3014.9  97223.5    97360
read      246.3   108.1    74.4   121.3   134.7   226.1   277.5   309.1   332.7   358.5   389.2   432.4   522.5   729.4  1393.2  79686.5    79788
read      228.5    89.7   101.3   153.5   167.7   223.0   241.8   252.6   261.6   271.7   286.3   312.0   375.5   966.2  3996.4  11247.5    11352
read      251.0   136.0    80.4   122.7   136.5   227.1   278.3   311.2   336.2   363.2   395.1   441.5   550.2  1203.0  4834.9  87587.5    87962
read      254.4    96.6    80.4   133.3   148.6   249.6   287.3   309.3   325.9   344.1   366.3   397.8   464.1   634.8  2906.4  40840.5    40663
read      250.6   101.2    80.4   124.9   139.0   237.4   285.1   313.6   334.5   356.8   382.3   420.7   502.0   637.0  1903.6  58829.0    59386
read      254.4   101.5    74.4   130.5   145.1   245.8   288.3   314.0   332.6   352.6   374.6   410.1   476.3   697.5  3083.9  48096.5    48302
read      241.7    79.3    86.8   149.1   165.8   237.9   262.1   274.4   285.0   296.1   315.3   344.8   412.2   681.5  3157.6  19350.0    19398
read      250.5   124.2    74.4   123.6   137.3   229.0   279.9   312.3   336.7   363.4   395.0   439.2   532.8   749.2  4721.0  82401.5    82197
read      248.3   104.5    74.4   122.5   135.8   228.7   280.1   311.3   335.2   361.4   392.1   435.2   525.9   681.4  1560.7  77347.0    77387
read      246.9   101.3    74.4   122.4   136.0   228.8   279.4   310.2   333.3   358.0   386.7   427.7   507.7   671.4  1082.9  72511.0    72753
read      222.0    77.5    93.8   154.1   166.6   216.2   233.2   244.2   252.1   262.7   274.9   298.2   375.7   919.8  3167.5   7701.5     7720
read      257.8   144.5    74.4   130.7   145.6   246.3   288.3   313.6   332.0   351.7   374.8   410.6   499.3  1665.2  6291.5  46259.5    46279
read      252.9    88.9    80.4   131.7   147.0   247.7   286.0   308.5   325.5   343.7   366.4   399.9   466.8   582.9  1453.1  41985.0    42102
read      246.6   109.8    80.4   122.0   135.9   224.9   274.1   306.0   330.3   356.8   389.6   436.4   542.6   788.9  2952.3  90478.5    90892
read      252.9   105.5    74.4   133.9   149.7   248.2   284.3   304.6   320.3   338.7   361.1   394.3   465.2   590.7  5628.0  40002.5    39976
read      250.3    96.9    80.4   124.6   138.6   236.1   284.7   313.7   335.1   358.0   385.1   425.0   505.1   656.7  1151.7  61259.0    61084
read      237.7    68.8    86.8   151.7   167.7   233.7   256.1   268.5   276.7   288.8   304.7   335.2   399.9   886.5  1937.0  16614.0    16735
read      255.1    88.9    80.4   131.7   147.0   248.7   289.7   314.6   332.4   351.1   372.3   405.7   479.1   598.9  1052.7  45855.5    45909
read      251.7    99.5    86.8   141.7   157.6   247.5   276.1   293.1   307.0   323.7   344.6   373.6   447.7   928.4  3353.2  28939.0    28976
read      243.8   118.0    74.4   120.4   133.5   222.8   273.1   303.4   327.9   354.4   385.3   430.6   524.6   704.4  3000.6  84672.5    84704
read      243.0   109.6    74.4   120.8   134.2   220.6   269.7   299.6   324.7   352.3   385.7   433.8   536.6   785.5  1971.2 101994.0   101822
read      245.7   108.2    74.4   120.9   134.3   222.7   272.8   304.6   329.5   357.1   390.7   437.0   549.9   904.0  1704.6  92393.0    92571
read      228.7    93.1    93.8   152.9   167.9   223.8   243.2   253.8   262.6   271.9   286.1   311.5   381.6   948.0  2351.1  12103.0    12106
read      251.6   104.8    74.4   126.2   140.0   238.4   286.0   314.9   336.0   358.4   384.3   422.1   496.1   626.1  2307.4  58586.0    58568
read      252.6   108.1    80.4   128.5   142.8   242.7   286.1   311.3   330.1   350.6   374.3   412.6   491.5   712.1  4032.2  51306.0    51319
read      245.1    80.6    86.8   147.1   164.3   240.5   265.7   279.3   290.5   304.8   324.9   354.8   427.4   937.7  2455.8  21575.5    21556
read      234.3    77.8    93.8   152.8   168.6   229.7   250.6   262.7   271.0   282.2   296.5   326.0   394.8   906.5  2061.0  14256.5    14191
read      252.8    86.6    80.4   142.1   158.9   249.2   279.1   296.0   311.3   328.7   349.1   380.3   443.6   591.3  2578.3  29088.5    29072
read      240.6    79.3    86.8   152.7   169.4   235.5   258.8   271.0   280.5   292.4   310.8   341.7   403.5   923.3  2322.1  16524.5    16350
read      245.2   116.7    74.4   120.6   134.0   223.3   273.5   304.5   328.5   355.2   387.3   434.3   544.1   776.3  3122.1  86895.5    86891
read      257.3   136.7    74.4   123.7   138.2   232.0   283.9   317.1   341.5   370.2   407.9   466.4   613.4  1028.5  2290.9 104283.0   104441
read      229.4    68.0    93.8   153.1   167.6   223.3   243.5   255.0   264.7   274.4   290.8   319.0   398.9   939.4  1916.3   8993.0     8906
read      259.5   103.5    80.4   132.0   147.6   248.6   290.3   317.2   336.6   357.9   384.4   428.2   520.7   676.5  2307.8  41931.0    42175
read      258.3   120.5    80.4   129.1   143.5   246.1   291.3   319.5   339.4   360.7   386.4   425.7   508.0   852.7  3485.7  52048.5    51797
read      248.8   120.3    74.4   121.1   134.5   228.8   279.8   311.7   335.2   360.1   390.3   434.8   537.3   762.7  3909.7  76477.0    76678
read      244.7    85.0    86.8   149.4   166.9   239.6   263.2   274.9   286.3   298.5   320.3   354.4   443.6   872.9  2321.9  19593.0    19630
read      252.1   124.4    74.4   123.1   137.2   227.5   278.0   310.9   335.4   363.1   397.5   453.1   597.2   946.9  3361.9  99968.0   100132
read      255.4    89.1    80.4   133.9   149.7   250.1   287.4   309.7   326.8   345.3   368.1   400.3   474.3   657.1  1612.8  40341.0    40498
read      244.7   104.9    74.4   121.9   135.6   222.0   271.3   302.0   326.6   353.7   386.6   434.6   542.3   903.0  1522.8 108221.0   108559
read      251.8    78.5    86.8   147.0   164.9   247.1   274.3   290.5   302.5   318.4   340.2   370.9   435.9   880.1  1995.5  24104.5    23964
read      250.7   108.8    74.4   122.8   136.5   232.5   283.3   316.2   339.4   363.7   392.6   434.3   527.0   676.3  1554.8  70729.0    70760
read      253.3   133.9    74.4   123.7   137.8   228.4   279.2   311.9   336.4   363.7   397.7   450.2   584.8  1312.6  3117.8  99552.0    99567
read      258.6   126.8    80.4   128.0   142.1   234.6   285.9   319.1   343.2   370.4   404.3   458.7   587.0  1044.2  2364.7 107193.5   107548
read      253.4    98.8    80.4   127.0   141.4   242.7   288.4   316.1   335.7   356.7   381.4   420.1   499.7   631.7  1695.3  53937.5    53742
read      247.6   121.9    80.4   122.8   136.7   224.3   273.6   305.4   329.8   357.1   390.5   438.5   546.3   910.9  3967.7 103443.5   103931
read      253.6   143.2    80.4   125.2   139.5   238.6   287.0   316.9   337.4   359.3   385.8   426.1   509.1   663.1  4669.4  60662.0    60359
read      229.9    85.3    86.8   155.6   169.2   223.8   243.7   254.2   263.4   272.9   288.5   317.6   395.2   926.0  3785.5   9743.5     9725
read      257.1   120.3    74.4   129.0   143.4   245.9   291.7   320.7   339.6   360.0   384.5   422.1   500.2   703.0  4002.1  51918.0    52014
read      258.0    98.8    80.4   137.6   153.5   253.6   288.9   310.9   326.8   343.6   365.0   396.5   471.8   701.2  2814.1  40149.0    40053
read      245.8   106.9    74.4   120.9   134.2   224.3   274.5   306.6   331.5   358.5   390.6   435.5   538.4   773.2  2158.0  86281.0    86436
read      249.1    71.9    93.8   145.6   163.4   245.7   271.9   287.4   298.0   315.1   336.1   367.9   435.7   587.4  1068.5  23913.5    23983
read      255.4   114.4    80.4   124.6   138.7   236.7   288.4   320.8   343.0   366.5   395.6   439.1   544.7   905.9  3051.3  66558.0    66595
read      255.8    78.0    80.4   147.2   164.6   251.4   280.1   296.6   312.2   329.8   350.3   380.3   451.5   798.3  1545.8  25938.5    26056
read      253.5    96.3    80.4   128.6   143.0   243.6   288.2   314.5   333.6   354.2   378.1   416.3   499.0   650.3  1186.6  51551.0    51764
read      257.2   100.7    80.4   134.7   150.5   250.7   288.5   311.8   329.2   347.5   370.0   401.9   477.0   713.9  3562.0  39896.0    40202
read      248.0   112.2    74.4   121.2   134.9   228.0   278.1   310.1   333.8   358.8   389.3   433.7   530.2   857.9  2845.5  76508.5    76665
read      230.1    61.8   101.3   154.8   169.5   225.2   245.0   256.2   265.4   274.6   290.2   316.7   382.2   938.0  1473.0  11086.5    11133
read      248.9   105.1    74.4   122.0   135.6   228.0   279.2   312.5   337.0   363.2   394.3   438.4   544.8   755.7  1084.6  80682.5    80405
read      249.6   106.6    74.4   122.7   136.4   229.0   280.6   314.1   338.0   363.4   393.7   436.6   539.0   736.6  1337.0  79160.5    79106
read      251.8   117.6    80.4   125.0   138.9   228.8   279.2   312.3   336.6   363.2   395.6   445.0   556.3   924.2  3475.3  97093.5    97258
read      255.2    96.8    80.4   136.3   152.1   251.2   286.4   307.0   322.6   340.5   361.9   393.7   464.9   612.0  2278.7  36546.5    36307
read      250.3    99.8    80.4   141.3   157.9   247.1   275.3   292.0   305.1   321.0   342.2   371.7   436.5   711.8  6486.7  28515.0    28636
read      254.3   101.3    80.4   133.1   148.6   247.9   285.5   307.9   325.1   343.7   366.1   400.0   474.1   798.6  2292.7  41515.0    41620
read      251.3   103.3    74.4   123.9   137.6   231.9   284.0   316.6   339.8   365.0   395.5   438.6   530.4   695.3  1628.2  76070.0    75736
read      254.8    97.0    80.4   131.6   146.5   247.9   288.7   313.1   330.8   349.3   371.5   404.4   478.3   616.9  2951.3  45292.0    44979
read      254.4   146.2    80.4   140.2   156.2   249.1   280.5   297.6   313.3   330.7   351.2   382.8   453.8   692.8  9222.8  31548.5    31478
read      253.7    88.5    80.4   135.2   150.9   249.0   284.1   305.1   322.1   340.3   362.1   394.9   466.2   645.6  2423.1  37507.5    37586
read      251.6   117.6    74.4   124.6   138.9   228.1   277.8   309.7   333.2   360.3   394.9   449.0   580.9  1034.5  2338.4 108805.0   108330
read      251.8   116.2    74.4   124.0   138.3   235.9   285.6   316.2   337.9   360.6   387.6   429.1   518.2   700.1  2015.0  64335.0    64301
read      229.9    91.2    93.8   153.9   168.5   223.6   242.8   253.3   262.0   271.6   286.7   315.2   399.4   957.8  3706.0  11146.5    11203
read      224.9    64.0   101.3   156.6   169.7   219.2   237.1   248.5   255.9   266.9   280.3   306.1   381.7   932.5  2013.1   7358.0     7291
read      247.6   119.7    74.4   120.5   134.1   224.2   274.8   307.4   332.1   359.1   392.1   441.2   561.5   984.2  3275.5  87456.5    87477
read      245.8   103.8    74.4   120.6   134.0   227.1   277.3   309.2   332.8   357.2   386.7   429.5   521.9   701.6  1090.0  77047.5    77485
read      255.2   132.4    80.4   133.2   148.7   248.4   286.6   309.3   326.3   344.1   366.3   399.2   470.0   633.6  6668.5  41944.0    42055
read      249.3    77.9    80.4   141.9   158.7   245.9   274.3   291.1   304.0   320.1   341.1   370.3   434.4   571.9  2138.8  26871.5    26865
read      248.5   116.2    74.4   122.7   136.5   226.0   276.3   308.8   333.4   360.5   393.2   440.5   545.2   785.5  3608.8  94429.0    94592
read      252.7   110.2    74.4   123.8   137.9   235.0   285.8   317.2   339.6   364.0   393.7   435.7   528.2   716.1  3379.2  67156.5    66869
read      240.5    88.6    86.8   151.0   167.4   236.4   259.2   271.7   281.4   292.9   311.0   339.9   402.2   888.6  3903.8  17782.5    17835
read      256.9   123.0    74.4   127.0   141.3   242.9   290.5   319.7   339.8   361.1   386.6   426.1   512.4  1235.1  3709.5  55829.5    55977
read      245.5   107.2    74.4   120.9   134.2   224.9   274.9   307.6   332.1   357.9   388.5   432.9   529.2   700.8  1692.8  82397.5    82437
read      241.9   111.7    93.8   154.0   170.4   235.9   259.3   271.7   281.4   293.1   311.9   341.5   411.4   747.2  4059.7  15593.5    15775
read      256.7   122.3    80.4   124.7   138.6   231.1   284.0   319.0   343.9   371.1   405.6   458.2   598.8  1280.1  2211.5  87332.5    87559
read      252.7   113.2    74.4   124.9   139.1   229.3   279.8   312.7   336.8   363.9   397.5   448.2   574.0  1032.1  2100.8 105537.5   105401
read      246.8   111.0    80.4   121.3   135.0   224.8   275.6   308.1   332.7   359.5   391.9   438.8   543.3   752.2  1093.5  89249.0    88752
read      248.1   110.9    74.4   122.8   136.5   225.4   275.7   308.9   333.4   360.3   393.4   440.9   544.6   821.7  1912.8  94661.0    94531
read      252.6   121.3    74.4   124.2   138.2   228.3   278.5   311.5   336.1   363.8   398.3   450.2   579.7  1088.0  3116.1 101672.5   101303
read      250.9   133.9    74.4   122.1   135.7   226.8   278.8   311.6   336.4   363.5   395.3   442.7   555.2  1194.0  4547.4  86539.0    86640
read      250.2   106.8    74.4   121.8   135.9   228.3   280.4   312.6   337.0   364.3   397.4   447.5   558.0   767.9  1356.6  84433.0    84818
read      245.6    70.7    86.8   149.1   166.6   241.8   266.9   280.2   290.7   304.2   324.2   354.5   422.5   805.1  1975.0  20250.0    20221
read      259.0    99.3    80.4   132.8   148.6   252.3   292.3   317.5   335.1   354.1   376.3   412.5   496.6   660.7  3528.6  43645.0    43599
read      257.3   105.6    80.4   129.1   143.6   246.9   293.2   321.6   340.2   360.7   385.6   423.3   501.7   662.5  2497.4  52596.0    52779
read      249.2   128.5    80.4   121.5   135.2   226.0   276.3   309.5   334.4   360.8   393.2   440.9   554.5   964.8  3775.1  89660.5    89855
read      258.0    99.2    80.4   130.2   145.5   248.5   291.6   318.7   337.2   357.4   381.7   422.8   515.5   690.1  1537.2  48327.5    48532
read      254.1   131.6    74.4   123.9   138.3   229.2   279.9   312.6   336.1   362.7   396.3   449.9   594.9  1280.0  3744.0 107325.0   107423
read      255.9   105.4    74.4   130.4   145.3   247.6   289.6   315.8   333.9   353.4   376.2   412.4   500.9   650.9  1584.9  46671.5    46535
read      257.7   184.8    80.4   130.0   145.0   247.1   289.4   315.2   333.8   353.9   377.0   415.1   499.4   691.1 11532.4  47408.5    47535
read      256.2   107.1    80.4   129.2   144.3   246.5   290.3   318.2   336.9   356.9   380.6   419.9   500.0   658.0  3239.4  49582.0    49633
read      253.9    89.0    86.8   141.1   157.9   250.5   281.0   298.1   313.4   330.5   350.7   381.7   457.5   611.4  1082.8  30415.0    30334
read      241.8    81.5    93.8   152.0   168.8   237.7   261.2   273.0   283.2   294.6   313.4   342.5   406.7   897.9  2680.2  17213.0    17207
read      254.4   126.5    74.4   126.0   140.3   230.9   281.7   314.6   338.7   366.0   399.8   452.2   574.4   871.8  3010.3 105958.5   106074
read      255.3    91.0    80.4   130.7   145.2   247.8   290.3   316.6   334.5   353.7   376.0   412.3   491.2   650.5  1031.2  48968.0    48912
read      250.4   133.1    74.4   122.4   136.5   226.0   276.9   310.1   334.9   362.3   395.2   443.7   563.4   970.2  5170.6  96459.0    96483
read      260.3   105.2    80.4   135.4   151.2   254.4   292.1   315.5   332.3   350.4   372.8   408.5   499.3   832.0  1944.6  39164.0    39228
read      248.8   108.5    74.4   122.4   136.2   225.8   276.8   310.4   335.3   362.6   395.2   442.8   558.7   809.9  1567.9  92043.5    92350
read      251.4   138.6    74.4   122.0   135.8   228.0   280.0   313.9   338.2   364.1   395.7   445.0   562.5   866.6  4617.1  85010.5    85084
read      253.4   114.0    80.4   123.0   137.2   230.8   283.8   317.8   342.2   368.5   400.2   449.9   573.8   837.0  2139.8  81841.0    81993
read      257.0   150.1    74.4   125.1   139.4   231.3   283.3   316.9   341.1   368.4   402.2   455.6   592.0  1167.1  3737.0 101567.0   101617
read      241.1    66.7    93.8   151.1   168.4   236.4   259.8   272.3   282.4   294.2   313.8   343.7   415.3   874.8  1860.4  16825.0    16730
read      248.4   104.6    80.4   121.5   135.1   230.7   281.9   313.4   336.0   360.0   389.3   431.5   519.4   674.2  1138.3  70664.5    71079
read      257.7   136.2    74.4   127.0   141.0   232.2   283.2   316.7   340.8   368.0   402.1   455.8   591.8  1389.4  3337.3 108566.0   108942
read      254.1    96.5    74.4   127.8   141.7   242.0   289.1   318.3   339.0   360.5   385.6   423.1   499.4   632.7  1137.1  55837.5    55406
read      255.1   104.9    80.4   132.6   148.3   248.8   288.5   312.0   329.3   347.2   369.3   401.9   471.5   602.0  1874.8  42401.0    42279
read      246.8    75.4    86.8   147.3   164.9   242.6   268.5   283.0   293.8   309.8   331.1   362.1   435.2   718.5  2022.7  21872.5    21876
read      253.0    78.8    80.4   138.5   154.5   249.4   282.6   301.3   317.1   334.9   356.3   388.8   455.7   602.2  1066.1  34211.0    34140
read      257.2    89.3    80.4   134.2   149.7   251.4   290.8   315.2   332.9   352.0   373.1   404.2   476.8   637.9  1297.0  43032.0    42897
read      240.9    69.2    86.8   150.2   166.8   237.5   261.2   273.4   283.9   295.3   314.9   345.0   404.4   603.9  1402.8  18508.0    18462
read      251.3   133.7    74.4   123.0   137.0   225.8   276.2   309.6   334.7   362.1   395.4   446.0   577.3  1357.4  4492.3 100155.0   100375
read      253.4    95.4    80.4   133.1   148.5   248.2   285.6   308.1   325.5   343.5   365.4   397.2   464.9   592.4  2322.3  41519.5    41347
read      249.5   118.0    74.4   123.7   137.6   226.4   276.3   308.9   333.1   360.3   393.5   442.8   558.5   894.9  1982.7 101140.5   101594
read      256.2   114.6    74.4   130.6   145.4   247.6   290.4   316.7   334.7   354.1   376.7   413.5   493.6   637.2  2180.8  47913.0    47486
read      249.7   103.3    74.4   123.0   136.8   231.2   282.5   314.6   337.8   362.5   391.9   432.6   526.0   705.4  1129.9  73308.5    73393
read      256.7   109.4    80.4   130.0   144.5   246.5   291.7   319.5   338.5   358.9   382.9   419.6   499.6   658.7  2617.0  51258.0    51134
read      256.2   104.5    74.4   126.9   141.1   242.0   291.7   321.4   342.4   364.3   391.3   431.2   522.9   712.9  1987.3  58284.5    58201
read      252.7   112.7    80.4   123.8   137.8   234.1   285.6   317.6   341.0   365.3   394.0   435.1   536.5   794.7  2079.2  71099.5    71020
read      253.8   113.5    80.4   123.8   137.8   234.1   286.9   320.3   343.5   368.2   397.7   439.9   540.6   771.9  2308.0  71925.5    72071
read      245.3   115.5    74.4   121.8   135.4   223.3   272.8   304.0   328.4   355.0   387.4   434.1   533.7   805.4  3025.5  93634.0    93446
read      253.5   118.2    86.8   141.6   158.4   247.8   277.2   294.1   308.6   326.0   346.6   376.7   439.0  1550.1  5059.3  28672.5    28724
read      255.1   106.6    74.4   125.8   139.6   240.2   290.4   321.1   342.0   364.8   392.3   432.2   522.6   711.9  1970.9  59368.5    59269
read      249.4   102.1    74.4   122.5   136.3   230.4   282.1   314.2   338.2   363.6   393.4   434.5   518.4   681.1  1148.7  74520.0    74624
read      257.5   104.3    80.4   129.2   143.8   246.3   292.0   319.7   339.3   360.1   385.0   424.4   512.7   727.4  2811.9  52237.0    52368
read      228.8    68.7    93.8   155.9   169.9   223.5   242.0   252.9   261.8   271.8   286.9   314.6   388.9   927.2  3001.3   9822.5     9687
read      257.4   108.3    80.4   132.3   147.4   249.3   289.7   314.9   332.9   351.8   373.6   407.6   491.2   980.2  2516.9  44013.5    44165
read      229.1    97.0    93.8   158.6   171.0   220.6   239.1   250.3   258.7   269.9   285.3   312.6   404.5  1067.3  4335.2   6907.0     6895
read      254.4    94.7    80.4   128.7   142.9   243.4   289.4   318.1   337.7   358.4   382.7   420.8   502.0   637.0  1327.1  55139.0    55457
read      256.6   322.7    74.4   125.4   139.7   236.8   285.4   315.5   337.3   360.3   387.7   428.9   517.4   694.1 22813.6  61278.5    61164
read      248.2   109.5    80.4   123.9   138.1   225.5   274.0   305.2   329.3   356.9   391.1   441.1   553.4   902.3  2012.5 108217.5   108384
read      255.8    83.1    80.4   140.5   157.2   252.4   285.1   304.7   320.3   337.7   358.3   388.3   452.3   572.9  1270.1  33529.0    33319
read      251.8   133.8    80.4   121.8   135.6   224.5   274.9   307.6   332.7   360.7   395.1   449.9   632.4  1605.8  2730.5  97803.5    97895
read      261.1   104.6    80.4   138.6   154.6   254.6   291.7   314.2   330.9   349.1   371.0   403.2   480.0  1096.8  2731.4  39657.5    39720
read      253.1   111.8    80.4   125.0   139.2   235.5   286.8   318.8   341.6   365.6   394.3   433.7   520.6   689.9  1789.0  68468.5    68554
read      247.4   116.7    74.4   122.0   135.7   224.8   275.5   308.1   332.7   359.5   391.5   436.5   541.8   810.4  2251.0  87091.0    86849
read      253.3    88.0    80.4   141.1   157.5   249.2   280.7   297.5   314.2   332.2   353.0   384.2   453.3   575.3  1018.6  30193.0    30264
read      247.8   113.6    74.4   122.8   136.6   224.1   273.5   305.4   330.4   358.2   391.2   439.0   555.5  1064.4  2405.8 101050.5   100754
read      243.9   104.8    74.4   121.1   134.6   222.1   271.2   302.1   327.3   354.5   386.8   433.3   531.4   777.8  1424.1  98031.0    98098
read      242.4   104.2    74.4   119.6   132.5   221.5   271.9   302.3   326.4   353.6   386.1   430.3   519.2   678.9  2109.9  86028.0    86028
read      251.2   132.3    80.4   122.8   136.6   226.4   277.7   310.8   336.1   363.9   397.0   446.2   562.1  1094.5  4781.6  93169.0    93054
read      254.4    87.8    80.4   132.7   148.3   248.3   287.6   311.0   328.5   346.9   370.0   402.6   470.5   607.9  1557.3  42486.5    42348
read      251.6    74.9    80.4   141.8   158.2   248.5   277.9   295.1   310.2   327.5   347.2   378.4   447.5   576.7  1086.1  29403.5    29490
read      245.2   125.3    93.8   150.6   167.4   239.3   263.9   275.9   286.8   298.1   317.3   346.9   415.1  1652.6  4602.0  18362.0    18187
read      242.5   107.8    74.4   119.8   133.0   220.2   269.9   300.5   326.2   353.3   386.2   433.2   534.8   743.3  1764.1  94879.0    95113
read      225.4    85.4    93.8   153.0   166.2   218.6   237.6   249.1   257.0   267.9   281.9   309.0   389.9   964.3  4210.2   8616.5     8570
read      251.3   109.3    80.4   123.7   137.8   235.6   285.0   315.5   337.6   361.3   389.3   428.1   505.6   680.5  2122.6  62107.0    62285
read      253.9    97.8    80.4   128.2   142.3   242.7   288.2   316.1   336.0   357.6   383.0   421.3   497.7   634.8  1995.3  52754.5    52582
read      254.1    83.7    80.4   138.1   153.6   250.8   284.1   303.2   318.8   336.5   357.4   388.7   458.3   638.6  2075.8  34018.5    34260
read      254.2   111.0    74.4   125.9   140.1   239.7   288.7   319.3   340.6   362.7   388.9   427.1   507.4   692.1  2994.4  59720.5    59493
read      254.7   115.2    80.4   125.9   140.2   240.1   288.9   320.4   341.3   363.4   389.5   427.4   507.2   701.0  3841.8  58090.0    58208
read      248.3   111.2    80.4   123.0   136.5   225.3   275.3   307.9   333.3   360.9   394.2   442.8   546.0   865.6  1971.9  93609.0    93458
read      242.5   122.8    86.8   150.5   167.0   236.3   260.7   273.3   284.0   295.7   314.8   343.2   405.0   897.0  6116.8  17987.5    18056
read      244.0   102.8    74.4   121.3   134.7   222.3   272.1   303.0   328.3   356.0   388.2   434.2   530.5   730.7  1391.8  93993.0    94134
read      256.6   126.4    80.4   135.7   151.3   250.6   287.3   309.0   325.4   343.1   365.3   397.6   466.7   681.9  3161.9  37935.5    37808
read      251.8    95.8    80.4   127.1   141.2   241.6   287.1   314.5   334.4   355.5   379.3   415.6   487.6   593.9  1199.0  53331.0    53481
read      251.3   120.5    86.8   143.8   160.7   245.7   273.0   288.8   300.4   317.3   337.6   367.9   438.0  1274.6  5083.9  25594.5    25666
read      262.8   140.6    80.4   129.3   143.8   236.1   288.0   320.9   344.9   372.1   405.7   459.6   606.4  1897.7  2773.2 109173.5   108853
read      257.1    97.7    80.4   133.9   149.4   251.3   290.6   315.1   332.5   351.0   372.8   405.4   474.1   595.9   994.8  41395.5    41576
read      250.7   106.4    74.4   122.7   136.5   232.6   284.1   316.1   339.1   363.4   393.0   433.9   520.0   687.9  1100.3  70240.5    70282
read      255.6   147.0    80.4   129.4   144.5   246.0   288.3   314.0   332.6   352.2   374.0   409.5   482.0   638.4  7999.5  45789.5    45769
read      246.4   134.5    74.4   120.6   134.0   222.0   272.7   304.2   329.6   357.4   390.4   437.1   549.8  1074.8  5151.2  92028.5    92383
read      232.4    82.3    93.8   154.5   169.8   226.4   246.8   258.3   267.2   276.6   292.3   320.1   397.5   984.5  3063.4  12051.0    12100
read      251.5   103.4    80.4   124.2   138.4   234.0   284.2   315.4   338.4   363.0   392.0   433.4   520.7   696.1  1866.5  67780.5    67747
read      248.4   117.5    74.4   121.9   135.6   231.0   281.4   312.0   334.9   359.2   387.2   426.9   507.5   663.5  3834.2  68935.5    68933
read      249.4    98.5    80.4   123.6   137.7   234.4   284.0   313.2   334.8   357.9   385.4   426.2   501.7   613.2  1331.1  63048.0    63242
read      246.6   102.9    74.4   121.1   134.7   228.6   278.6   309.2   332.7   357.9   387.2   430.1   515.6   698.6  1510.0  73385.0    72993
read      253.3    97.2    74.4   128.2   142.6   243.2   287.2   314.6   334.1   355.1   379.4   416.8   497.7   649.0  1355.0  51087.5    51022
read      252.5   108.6    74.4   123.7   137.8   234.6   285.8   317.9   340.8   364.7   392.5   433.1   525.7   842.4  2010.7  66916.0    67069
read      249.7    83.2    80.4   146.2   163.3   245.9   273.1   288.5   299.3   316.1   336.0   365.3   428.2   652.4  2521.1  24700.0    24895
read      248.6   107.6    74.4   122.3   136.2   231.7   281.2   311.3   334.1   358.3   387.3   428.1   507.9   672.2  3825.8  68907.0    68588
read      254.6    88.2    74.4   132.2   148.0   248.9   288.5   312.5   329.8   347.7   369.3   401.5   470.3   593.8  1956.5  42660.5    42706
read      254.3    94.6    80.4   128.7   142.8   245.2   288.4   315.9   335.5   356.2   379.9   418.6   495.7   621.9  1106.2  49343.0    49479
read      250.7    99.5    74.4   123.4   137.6   234.9   285.4   316.7   339.0   362.4   390.3   430.0   509.6   634.1   786.6  64880.5    64792
read      246.8   100.7    74.4   121.0   134.7   228.3   279.1   310.6   333.9   358.9   388.9   431.1   516.8   667.1  1111.5  73742.0    73879
read      252.9    77.6    80.4   138.4   154.8   250.2   282.3   300.0   315.3   332.8   353.6   384.2   452.1   555.9  1086.6  31781.0    31893
read      250.9   135.9    80.4   121.4   135.0   230.2   281.3   313.5   337.7   363.2   393.4   436.8   533.7   828.0  3859.2  74087.5    74262
read      252.8   102.5    80.4   124.8   138.8   239.3   287.0   316.9   337.7   360.0   386.8   427.2   509.4   714.7  2168.9  57570.5    57246
read      246.1   108.8    74.4   120.5   133.9   224.0   273.6   305.8   330.9   358.3   391.3   438.1   543.9   861.4  1978.4  91755.5    91617
read      253.3   106.2    74.4   125.0   139.3   240.8   288.7   318.0   338.7   360.8   387.0   425.1   499.7   639.7  2842.8  55146.5    55173
read      247.6   112.4    74.4   122.3   136.2   224.9   274.1   306.0   329.8   356.6   390.0   439.4   554.3   943.1  2125.9 108133.5   108633
read      238.2    67.2    93.8   151.9   169.5   233.8   255.7   268.6   277.2   289.2   304.9   333.6   399.8   907.2  1950.8  15698.0    15720
read      249.8   133.4    74.4   122.1   136.0   225.0   274.3   306.8   331.4   359.1   393.3   444.6   583.5  1260.1  3921.1  99967.5    99961
read      249.1   107.1    74.4   123.6   137.6   226.8   276.2   308.4   332.5   359.8   393.9   443.7   554.0   817.1  1301.8 102881.0   102613
read      251.8   108.4    74.4   125.1   139.2   239.0   286.4   315.1   335.5   357.2   382.3   420.0   499.7   662.9  4025.5  57292.0    57169
read      252.0   115.3    80.4   125.5   139.6   239.8   286.0   313.3   333.3   354.6   379.3   418.5   497.8   686.8  3133.5  57060.0    56950
read      253.2    98.4    74.4   127.1   141.4   245.1   288.9   315.6   334.1   354.0   377.6   413.9   486.0   617.6  1087.1  49921.0    49938
read      225.0    84.3    93.8   155.8   167.4   217.0   234.8   246.7   254.5   265.9   279.7   307.0   390.4  1260.4  3214.7   5365.5     5383
read      254.2    86.6    80.4   134.5   150.1   250.1   286.3   308.0   324.5   342.9   365.4   397.8   466.2   591.1  1403.2  39232.5    39719
read      253.5    92.1    80.4   135.0   150.9   250.0   284.8   304.9   320.4   339.3   361.1   392.2   461.1   568.7  3148.2  36754.0    36653
read      250.5   117.4    74.4   121.6   135.3   232.0   283.7   316.0   339.4   364.0   393.1   433.7   522.7   668.5  3647.4  69148.0    69482
read      256.4   119.8    74.4   129.0   144.2   247.2   290.0   316.0   334.8   355.3   379.0   415.9   491.7   672.4  4243.3  46820.0    46749
read      250.9   101.9    74.4   123.5   137.6   233.6   284.2   315.3   338.5   363.2   391.9   432.9   521.0   711.7  1327.2  65118.0    65109
read      253.1   108.3    74.4   127.2   141.8   245.1   287.5   312.2   330.7   350.8   373.5   408.2   482.2   841.0  2562.0  46515.0    46501
read      247.5   110.6    74.4   123.4   137.7   225.4   273.8   304.8   328.3   355.6   389.1   438.9   548.9   831.4  1908.3 109257.5   109480
read      247.0   110.2    74.4   120.4   133.8   229.3   279.9   310.6   333.4   358.0   387.0   429.2   514.8   681.1  3270.0  69268.0    69433
read      251.9   107.4    80.4   122.9   137.4   237.8   285.6   315.6   337.5   360.4   386.9   426.3   508.7   841.6  2469.2  57947.0    58157
read      246.6   102.5    74.4   120.4   133.8   228.4   278.9   309.7   333.1   357.9   387.5   431.0   522.3   720.5  1329.1  70562.0    70737
read      252.5    82.3    80.4   134.5   150.6   249.0   284.2   304.4   320.2   338.2   359.6   390.6   453.1   548.4  1310.0  34840.0    34617
read      249.5   136.4    80.4   120.6   133.9   227.3   278.4   310.8   335.2   361.5   393.2   438.1   540.7  1134.4  4375.5  77682.5    77563
read      245.2   104.1    74.4   120.8   134.1   223.5   273.6   305.8   331.0   358.6   391.9   438.5   534.5   730.1  1284.9  89796.0    90036
read      254.6   111.2    74.4   133.0   149.1   250.0   286.7   308.0   324.5   343.0   364.9   396.3   462.4   558.6  6293.5  36751.5    36689
read      253.0    89.4    74.4   129.2   143.6   246.0   288.0   312.8   331.0   350.4   372.7   407.6   480.7   616.4  1181.5  46577.5    46832
read      250.5   111.5    74.4   124.6   138.5   227.1   276.7   309.3   333.8   361.4   395.4   445.8   567.9   937.2  1556.6 105104.5   104903
read      236.3    84.1    93.8   153.9   169.6   231.5   253.1   265.4   273.3   285.3   299.6   329.8   395.8   916.4  5166.3  14093.0    14153
read      246.8    95.0    86.8   149.3   165.8   243.1   268.9   283.1   293.3   308.1   327.7   356.7   413.9   538.2  3980.8  21506.0    21674
read      224.4   118.5   101.3   155.7   167.0   215.8   233.5   245.1   253.2   263.6   274.6   298.2   383.1  1048.1  5925.7   5641.5     5689
read      255.3   103.3    80.4   135.5   151.2   249.1   284.7   305.2   321.5   341.6   365.1   398.7   469.5   906.1  2710.2  37407.0    37781
read      237.6    69.1    93.8   152.6   169.6   233.2   255.1   267.9   276.2   288.6   304.1   333.2   396.3   881.9  2751.1  15487.5    15507
read      245.8   110.7    80.4   122.8   136.5   223.7   272.4   302.8   326.4   353.6   387.3   436.6   542.1   831.0  2023.8 101724.0   102064
read      251.3   104.9    74.4   124.1   138.3   232.4   283.4   315.2   338.4   364.3   394.8   436.5   519.0   697.3  2091.1  71671.0    71340
read      246.7   104.6    74.4   122.0   135.5   226.5   276.9   309.0   333.4   359.6   390.5   433.2   522.6   712.8  2107.7  79770.5    79815
read      255.4    91.2    80.4   131.5   146.5   248.6   289.7   314.3   332.3   352.0   374.2   409.4   481.0   616.5  1362.9  44543.5    44352
read      246.6   130.3    74.4   122.9   136.6   222.8   271.7   302.3   326.6   353.8   388.0   438.6   553.3   917.3  4625.4 109344.0   109562
read      248.4   116.6    74.4   122.6   136.3   226.8   276.7   309.0   333.6   360.8   393.0   438.5   536.7   773.6  3161.4  85910.0    86219
read      258.3   108.6    80.4   130.9   145.9   248.9   292.2   318.9   337.4   357.5   381.0   417.9   498.4   793.5  3382.5  47560.0    47335
read      254.1    95.2    80.4   132.9   147.9   248.3   287.0   309.6   326.5   345.2   367.3   399.2   466.2   641.8  2523.9  42135.5    41962
read      270.3   198.0    80.4   131.5   146.9   251.7   295.0   324.0   344.6   366.9   394.6   439.6   649.8  1727.2  8135.2  45592.0    45802
read      239.2    79.0   101.3   157.5   173.5   235.2   256.1   268.4   276.4   287.9   301.5   329.9   390.2   903.8  3069.0  13407.0    13389
read      251.3   115.7    80.4   124.8   138.6   228.0   277.7   310.9   335.9   363.2   396.9   447.3   553.2   929.8  2680.0  95521.0    95780
read      247.3   121.8    74.4   122.1   135.7   225.0   274.3   306.2   331.1   358.5   391.9   440.0   541.9   772.0  4769.8  87822.0    87844
read      256.4   129.7    74.4   128.1   142.3   242.8   290.4   319.3   339.6   361.5   387.7   426.2   502.9   687.6  6420.7  55845.0    55903
read      247.1   141.0    74.4   121.7   135.0   221.7   270.9   300.8   325.5   353.4   387.0   435.6   568.3  1534.6  3629.1 100355.5   100902
read      254.0   124.9    74.4   124.5   138.2   233.2   284.4   317.7   341.3   366.6   397.0   441.6   545.5   846.2  4194.9  71071.5    70988
read      257.7   104.7    74.4   129.2   143.7   245.3   291.9   321.3   341.5   363.2   389.4   428.5   509.5   714.9  3005.6  53926.0    53831
read      254.6    76.1    80.4   145.7   163.0   251.2   279.8   295.8   310.5   327.5   347.9   378.4   446.1   549.3  1934.6  26930.5    26948
read      255.9    83.4    80.4   141.1   157.9   251.8   284.0   302.2   317.1   335.3   357.4   389.2   460.8   657.7  1801.8  32116.0    32347
read      256.0    99.4    80.4   134.3   149.7   250.0   288.5   311.3   328.5   347.1   370.0   404.1   477.4   628.7  1081.1  40932.5    41050
read      253.4   100.5    74.4   127.2   141.2   242.0   288.6   316.8   336.8   358.3   383.1   420.8   499.0   657.1  3054.8  56110.0    56197
read      250.6   139.1    74.4   123.1   136.9   225.4   274.7   307.0   332.1   359.8   394.4   444.9   557.5  1749.5  4250.9  94216.5    94617
read      251.0   115.2    74.4   123.5   137.2   232.3   283.3   315.3   339.5   364.4   393.6   434.5   522.5   672.9  3568.2  71681.0    71839
read      250.2   105.6    74.4   123.8   137.6   229.2   280.0   312.5   336.6   362.5   394.3   441.5   543.8   793.5  1365.0  79143.0    79082
read      261.6   124.0    74.4   128.9   143.4   237.2   288.3   321.6   345.5   373.1   408.2   461.8   602.7  1357.4  2536.9 107508.0   107630
read      253.8    99.6    74.4   126.7   140.6   239.0   288.4   318.7   339.6   362.2   389.5   429.9   515.4   663.0  1495.8  60287.5    60164
read      246.4   118.5    74.4   123.4   137.1   223.9   272.8   303.4   328.1   355.2   387.8   434.8   536.6   839.9  3918.0  97736.0    97878
read      252.4   107.6    80.4   125.7   139.6   237.0   286.1   316.9   338.4   361.1   388.2   428.0   510.2   662.7  3503.6  63623.0    63680
read      249.0   104.3    74.4   123.5   137.1   229.9   280.1   311.8   334.8   359.6   389.8   433.4   529.0   727.3  2044.9  74253.5    73888
read      255.5   124.1    80.4   125.0   139.0   237.5   287.2   318.9   341.8   365.4   394.1   436.1   536.4   905.2  4137.6  65881.5    65499
read      249.5   109.8    80.4   123.4   137.4   227.8   276.9   309.0   333.2   360.1   393.4   442.4   552.1   848.2  1985.6  96795.5    96906
read      251.4   117.2    74.4   125.6   139.8   228.9   277.4   309.5   333.6   361.4   395.4   445.4   547.9   870.6  2533.0 103449.5   103287
read      254.3    98.1    80.4   130.3   144.8   245.3   288.2   314.4   333.0   353.0   376.7   413.3   486.2   620.1  2732.1  49745.0    49664
read      251.7    76.7    86.8   139.7   155.9   248.8   279.9   297.2   313.0   330.8   351.7   379.6   448.6   546.1  1212.4  32446.5    32535
read      254.7    92.4    80.4   131.0   146.1   247.3   287.7   313.0   331.8   351.7   373.7   408.6   484.7   634.7  2025.9  46445.0    46477
read      224.4    79.8   101.3   155.3   167.4   216.9   234.7   246.1   253.6   264.9   278.3   305.0   386.1  1052.4  2520.5   7384.0     7459
read      248.0   118.8    74.4   122.9   136.5   228.9   278.9   309.8   333.1   358.0   387.4   430.2   523.7   704.0  4149.0  73812.5    74137
read      256.1   111.6    74.4   128.2   142.1   243.1   290.5   320.1   340.0   361.2   386.8   426.2   509.5   753.2  2562.0  57075.5    57061
read      255.1    79.8    80.4   137.9   153.8   251.6   285.1   305.4   321.8   339.7   361.2   392.7   463.8   590.5   986.5  34338.5    34213
read      231.5    68.8    93.8   157.3   170.3   223.5   244.1   256.2   266.2   277.0   294.3   329.8   416.3   963.4  2000.0   7443.0     7432
read      258.1    98.7    80.4   132.6   147.9   250.9   290.6   315.4   333.5   353.1   374.8   411.9   496.7   638.4  2602.8  41393.5    41605
read      256.4    98.4    80.4   138.4   154.9   251.5   285.5   305.7   322.1   340.4   362.3   393.5   461.8   612.0  3471.8  32933.0    32998
read      253.6   124.5    74.4   124.8   138.8   238.4   287.7   318.7   340.5   363.0   390.1   431.1   510.6   687.0  2155.0  61374.0    61636
read      251.1   107.3    80.4   124.9   138.7   234.4   283.7   314.5   337.1   360.5   388.4   429.2   512.1   672.7  3193.5  64845.0    64695
read      236.2   156.4    93.8   152.9   168.5   228.9   249.1   260.5   268.7   278.1   292.4   319.4   384.8  1454.5  7862.1  14192.0    14063
read      248.7   112.6    74.4   122.6   136.2   225.4   274.9   307.4   332.1   359.8   393.4   443.1   564.6   974.9  2158.5  91383.0    91302
read      222.4    93.5    93.8   154.1   165.7   214.5   233.1   244.2   251.8   261.8   273.3   295.9   380.7  1500.6  3951.3   5985.5     6064
read      257.7   111.8    80.4   135.1   150.4   250.8   290.0   314.3   332.2   351.3   372.2   403.6   470.2   606.6  4244.5  41422.5    41354
read      246.6    70.8    80.4   150.6   167.9   242.8   267.9   281.6   291.8   305.6   325.3   354.4   419.9   780.0  2119.2  19944.5    19863
read      248.2    74.0    86.8   152.8   170.7   243.9   268.7   282.9   293.3   308.6   329.0   357.8   417.2   659.0  2854.6  19349.0    19488
read      241.6    72.0    93.8   156.6   173.5   236.3   259.3   271.3   280.6   292.1   310.2   341.3   402.3   926.0  3006.7  14126.0    14040
read      249.5    75.6    80.4   152.0   170.5   245.5   270.4   284.8   295.0   310.5   330.2   360.0   429.0   589.6  3002.0  19613.5    19538
read      251.1    77.7    86.8   151.1   169.0   246.4   272.8   288.1   298.5   314.5   335.0   364.8   427.3   897.1  2522.9  20157.0    20199
read      258.3   112.6    80.4   128.2   142.6   235.2   286.3   318.8   342.6   369.9   403.9   459.1   581.1   992.8  1853.3 106352.5   106657
read      256.2   127.4    80.4   124.8   138.6   230.5   282.2   315.9   340.8   368.5   402.6   456.1   615.4  1325.1  2710.0  92319.0    92457
read      249.5   112.5    74.4   122.5   136.1   227.3   277.8   310.9   335.9   362.8   394.9   443.1   550.9   854.0  1491.8  92882.5    92780
read      254.8   128.5    74.4   124.8   138.9   235.4   287.7   321.0   344.4   368.6   397.9   441.3   529.2   690.4  2017.1  68266.0    68203
read      246.6   118.3    74.4   120.9   134.2   225.3   275.8   308.9   333.8   360.1   391.0   434.8   528.6   711.2  2749.0  81615.0    81753
read      255.4   111.4    74.4   126.1   140.2   241.1   290.0   321.9   342.8   364.9   391.2   429.5   507.2   658.4  3547.6  57880.5    57748
read      250.0    74.1    86.8   150.6   168.2   246.4   271.7   286.6   296.7   313.2   333.8   363.4   425.6   582.8  2001.6  21168.5    21027
read      258.5   137.8    80.4   130.0   144.4   246.8   291.7   320.0   339.3   360.1   384.7   422.2   497.4  1133.3  4025.0  49631.5    49680
read      247.0   119.8    74.4   121.1   134.3   225.6   276.1   308.0   332.5   359.4   391.2   436.3   539.8   804.0  3302.8  82269.5    82042
read      245.1   130.3    74.4   120.8   134.1   222.0   271.3   301.6   326.0   353.5   387.1   434.7   541.7   857.9  4628.9  93672.0    93691
read      257.1    98.5    80.4   130.6   145.9   249.7   291.1   317.3   335.8   355.7   378.8   414.8   489.3   611.3  2501.8  45143.0    45291
read      255.3    80.6    86.8   139.8   156.9   252.0   283.9   302.5   317.9   335.7   357.0   388.1   456.4   581.9  1833.8  30595.5    30437
read      251.0   102.4    74.4   122.7   136.5   233.5   285.0   317.3   339.9   363.9   393.3   435.1   524.3   676.2  1212.4  67478.0    67422
read      250.8   126.1    74.4   122.2   135.8   230.8   281.7   312.8   336.0   361.3   392.2   435.3   529.3   805.2  4182.1  69732.0    69956
read      256.9    89.2    74.4   136.0   152.1   252.5   288.2   309.8   326.1   343.5   365.8   398.7   469.0   611.7  2460.7  35528.5    35404
read      248.4   110.9    74.4   121.5   134.9   226.9   278.0   310.5   335.2   361.7   393.8   439.4   543.1   889.3  2025.7  80369.5    80225
read      259.4   133.8    74.4   127.2   141.3   233.9   285.2   317.8   342.6   370.9   405.7   462.2   603.8  1380.4  3356.0 106046.0   105585
read      248.7   104.3    86.8   150.4   168.3   243.7   269.0   283.1   293.4   308.2   328.3   359.3   426.6   802.4  4392.1  20161.5    20088
read      236.8    61.2    93.8   156.5   172.9   232.0   252.9   265.0   272.9   284.6   298.7   332.6   395.9   916.9  1908.8  12731.5    12672
read      243.3   112.7    93.8   155.4   173.4   237.9   260.4   272.4   282.4   294.2   312.5   341.0   403.9   891.6  7761.6  15657.5    15696
read      252.3    97.6    80.4   145.6   163.0   248.6   275.6   291.6   304.0   320.0   341.2   370.8   432.8   633.3  4060.5  25737.5    25951
read      251.8   104.8    74.4   123.7   137.8   234.8   285.0   315.4   338.5   363.0   392.2   433.6   520.9   706.9  1815.7  65058.5    65007
read      240.3    86.9   101.3   163.7   177.7   232.7   253.5   265.4   273.1   284.6   298.2   332.3   416.0   983.5  2760.8  10249.0    10189
read      248.9   119.2    74.4   122.9   136.7   228.1   278.5   310.3   334.8   361.2   392.1   435.4   535.5   720.6  3619.0  77704.0    78008
read      246.2    64.3   101.3   166.0   181.7   241.2   262.9   273.9   283.7   294.4   312.7   341.3   402.3   889.6  1950.8  12851.5    12678
read      249.7    63.2    86.8   163.4   180.0   245.2   267.8   280.4   290.3   302.6   320.8   349.5   415.3   886.3  1177.4  15630.0    15922
read      261.3    92.6    86.8   137.0   152.7   254.4   294.4   319.9   337.5   356.5   378.3   412.3   486.6   641.7  2172.3  41687.5    41774
read      260.7    90.3    80.4   137.0   153.0   255.2   293.4   318.9   335.9   354.1   374.5   408.1   471.3   592.1  1783.0  38684.0    38788
read      256.8    86.8    80.4   139.1   155.4   252.9   287.3   308.4   324.4   342.1   363.0   393.9   459.1   582.5  1939.4  34686.5    34559
read      259.3   117.4    74.4   128.8   142.7   245.0   292.6   323.1   343.9   366.5   394.7   433.8   516.4   816.5  3583.3  55088.0    54825
read      259.5   114.8    74.4   132.6   148.2   251.0   291.9   317.4   335.9   355.7   378.1   413.3   487.2   815.1  3476.7  42708.0    42697
read      238.6    75.5    93.8   157.8   174.2   233.6   254.7   267.0   274.8   286.8   301.2   332.4   400.2   914.5  1957.3  12635.0    12669
read      252.7   103.9    80.4   124.0   138.0   233.8   285.2   318.2   342.3   367.9   398.7   443.0   531.0   679.7  1068.4  69837.5    70047
read      246.6   118.8    74.4   121.9   135.5   224.1   273.5   304.4   329.0   356.4   389.5   437.9   545.5   887.8  2739.9  96519.5    96137
read      250.0   114.7    74.4   122.4   136.2   227.2   277.7   310.7   335.3   362.5   395.7   445.2   553.1   916.1  2227.4  92645.0    92934
read      250.2    68.7    86.8   150.5   168.2   246.9   272.3   287.3   297.3   313.5   333.3   362.4   430.0   655.2  1784.8  20860.5    20597
read      255.2   125.9    74.4   123.8   138.1   235.8   286.8   319.1   342.1   366.8   396.7   439.8   544.6   906.8  3992.6  66549.5    66597
read      257.7   143.4    74.4   127.3   141.2   241.8   291.4   323.6   345.4   369.0   397.6   437.0   524.8   677.5  1857.7  60053.5    59987
read      252.1   102.9    74.4   124.7   138.7   238.4   287.2   316.7   337.5   359.5   385.8   425.8   507.6   644.0  2386.5  58582.5    58456
read      252.2   121.8    80.4   124.8   138.6   236.8   285.8   315.6   336.9   359.5   386.1   426.4   506.3   690.8  3976.0  59753.0    59958
read      246.1   110.0    74.4   121.9   135.3   223.6   273.1   304.3   329.0   356.7   390.0   438.6   546.5   860.0  1473.9  98621.5    98221
read      254.1    98.5    80.4   126.2   140.4   241.3   289.1   318.3   339.0   361.3   388.2   428.9   507.9   639.7  1149.5  56059.5    55912
read      253.1    88.5    80.4   133.1   148.9   248.3   285.2   306.6   323.5   343.1   365.6   397.2   461.4   563.8  1753.8  39192.5    39018
read      246.2   102.1    80.4   152.4   169.9   241.8   265.9   278.7   289.2   301.5   319.7   348.2   413.6   925.0  2825.9  18763.5    18747
read      253.3   107.3    80.4   125.4   139.5   239.2   286.9   317.1   338.6   361.7   389.1   428.4   511.4   678.3  3232.8  59977.0    60013
read      246.1   109.5    74.4   120.8   134.0   223.6   274.0   306.4   331.5   358.5   391.7   438.5   543.2   830.7  2015.7  85700.5    85584
read      249.8   110.1    80.4   122.0   135.5   227.6   278.5   311.8   337.3   365.2   398.2   447.0   549.2   799.3  1618.0  84958.0    84809
read      248.7   105.4    74.4   121.9   135.4   227.3   278.2   311.3   336.0   363.0   395.7   443.4   543.5   730.4  1120.2  85498.0    85435
read      247.3   123.3    80.4   121.6   135.0   224.2   273.3   305.1   330.0   357.7   391.5   440.6   549.7  1001.2  3196.9  94425.5    94907
read      245.4    82.3    86.8   154.3   172.1   240.4   264.0   276.4   287.3   298.6   318.5   348.2   411.7   891.0  4041.4  16500.0    16437
read      250.6   126.8    74.4   122.3   135.6   228.6   280.1   312.8   337.6   364.8   397.5   443.9   541.3   768.1  3847.3  78209.0    78505
read      251.7   125.5    74.4   121.7   135.3   229.7   280.0   313.5   338.3   364.8   396.4   443.3   551.5  1193.7  2980.0  77172.5    77219
read      244.8   106.0    74.4   119.9   133.0   223.6   273.3   304.9   330.1   357.2   390.4   436.0   538.6   799.3  1979.7  86358.5    86414
read      252.4   127.6    80.4   122.8   136.5   231.1   283.1   316.7   341.2   367.3   398.9   444.4   539.6   800.2  5328.0  73335.5    73427
read      249.6   111.9    80.4   123.1   136.9   226.7   275.8   308.7   334.0   361.8   395.2   444.0   554.6   942.8  1697.2 100867.5   100497
read      251.2   109.4    80.4   123.9   138.0   228.0   277.9   310.7   335.9   363.9   397.9   449.0   566.5   988.3  1393.2  96531.5    96416
read      250.7   138.2    74.4   121.9   135.4   230.5   281.8   314.8   339.0   363.9   393.6   436.4   536.7   788.4  7092.2  71818.0    71637
read      258.5    81.1    80.4   139.4   156.3   255.3   289.1   309.7   325.3   343.1   364.8   396.3   466.0   578.1  1231.6  33201.5    33216
read      253.4   123.2    80.4   124.8   138.9   238.5   286.5   316.7   337.9   360.0   386.0   425.2   509.5  1103.5  4441.1  58756.5    58699
read      250.9    96.7    74.4   125.3   139.4   240.6   286.0   313.4   333.1   354.0   378.2   415.7   494.9   642.0  1641.2  54062.0    53809
read      248.6   105.4    74.4   121.6   135.0   229.6   280.2   312.4   336.7   362.4   392.6   435.5   527.2   680.4  1958.8  72758.5    72797
read      251.1   118.3    74.4   124.9   138.9   226.8   275.3   307.4   331.9   359.3   393.8   446.2   578.2  1178.9  2166.8 107174.5   107267
read      253.3    99.3    80.4   126.2   140.4   241.1   288.0   317.0   337.5   359.6   386.1   424.8   498.2   612.4  1967.0  56190.5    55877
read      248.8   112.2    74.4   121.7   135.2   230.0   280.5   312.7   336.1   361.2   390.9   431.8   516.4   713.6  3217.9  70595.5    70507
read      257.0    94.6    80.4   130.9   145.9   248.9   291.4   317.4   336.2   356.5   379.5   416.3   498.1   675.8  1002.7  46431.0    46741
read      257.7   107.1    74.4   137.0   152.8   252.4   287.2   308.2   324.5   342.9   365.0   397.6   470.0   933.1  3568.3  36664.0    36507
read      259.3    99.4    80.4   143.1   160.2   253.6   285.8   305.3   321.0   339.7   361.6   393.6   464.7   900.0  3964.3  30675.0    30697
read      255.7    92.0    86.8   148.3   165.6   252.3   280.2   295.7   309.5   325.3   345.5   373.7   436.5   627.1  3841.5  25258.5    25261
read      252.8    72.6    86.8   147.6   165.0   250.0   277.2   292.9   305.9   321.8   341.7   370.2   435.2   572.9  1439.9  25160.0    25212
read      256.9    96.4    74.4   139.1   155.4   251.2   284.7   304.1   319.9   338.8   361.7   395.7   471.1  1043.3  2821.8  33856.5    33805
read      250.9   111.1    74.4   123.9   137.8   230.5   281.8   313.4   337.5   363.8   395.1   437.8   532.4   745.3  3793.4  76514.5    76345
read      246.0   112.2    74.4   121.7   134.9   221.7   271.1   302.0   327.4   354.8   389.2   439.9   576.9  1032.6  1651.5  95631.5    95558
read      250.7    95.7    80.4   142.6   159.5   247.7   276.2   292.2   305.2   321.7   342.1   371.2   433.4   575.8  4786.4  28528.0    28428
read      246.7    68.0    86.8   150.0   166.9   243.4   268.7   282.8   293.0   307.4   327.0   356.8   423.4   589.0  1605.9  21382.0    21673
read      247.9   149.9    74.4   121.5   135.0   224.2   273.9   305.3   330.0   356.4   388.2   434.8   543.2  1010.1  6081.8  88779.0    89018
read      258.6   100.1    80.4   132.8   147.6   250.2   291.9   318.4   337.4   357.6   380.7   417.0   500.4   676.7  2905.7  46784.5    46753
read      255.9    83.8    86.8   139.2   154.8   252.0   285.2   305.0   321.3   339.9   362.0   393.1   462.6   615.4  2135.1  33971.0    34034
read      256.0    93.2    74.4   131.5   146.2   247.9   290.3   316.8   335.6   355.6   377.8   412.4   485.0   628.9  2055.1  47198.5    47329
read      254.5    97.3    80.4   127.9   141.8   242.0   289.5   318.2   339.4   362.2   389.1   427.0   501.4   630.3  1171.1  56969.5    56893
read      257.7   112.6    80.4   136.7   152.7   251.9   288.4   310.7   327.5   345.9   368.1   400.2   469.4   604.6  5001.3  38405.5    38690
read      250.4   142.7    74.4   123.2   136.8   228.4   279.5   312.3   337.0   363.0   394.0   437.8   534.6   775.7  6784.7  79957.0    79988
read      253.2   139.7    74.4   123.7   137.8   226.5   275.8   307.9   332.6   360.6   395.7   451.4   614.2  1815.4  3436.1 107296.0   107429
read      259.0    92.1    74.4   134.1   149.4   252.4   292.7   318.1   336.2   356.0   378.6   413.5   486.4   665.5  1396.2  43655.5    43713
read      250.3   135.3    74.4   122.7   136.7   229.4   280.2   312.0   336.3   362.8   394.2   436.8   533.2   740.9  7659.2  76842.0    76624
read      250.9   106.8    80.4   124.2   137.7   231.6   282.5   315.2   338.7   363.7   393.9   435.3   522.8   697.2  2622.4  71726.5    71700
read      257.4    97.8    80.4   135.6   150.9   250.9   288.8   312.3   329.7   347.9   370.1   402.6   480.9   849.9  2129.5  40779.0    40703
read      253.0   120.5    74.4   125.2   139.3   228.5   278.8   312.1   336.9   364.3   398.2   448.8   579.4  1136.5  2312.8  95365.0    95489
read      242.1    65.3    93.8   152.0   168.3   238.7   262.2   274.6   285.2   296.1   314.5   342.5   403.6   891.9  1781.4  18741.0    18531
read      250.4   123.5    80.4   124.4   138.3   226.2   275.8   308.0   332.9   360.7   394.3   442.9   549.0  1353.8  3261.0  99396.5    99369
read      257.3   149.1    80.4   143.3   159.9   250.9   281.0   297.4   313.3   330.9   351.6   384.0   468.2  1029.1  7634.3  29186.5    29286
read      268.2   168.3    74.4   135.5   150.7   253.1   293.9   321.7   340.2   360.7   386.0   427.0   572.2  2224.7  7823.8  43078.5    42988
read      257.1   128.4    80.4   126.5   139.8   236.7   288.5   322.2   345.8   370.7   400.5   443.6   541.0   942.2  4454.7  69288.0    69249
read      224.1    59.2   101.3   155.1   168.2   219.5   236.7   247.9   254.9   265.6   277.2   300.9   373.8   925.1  1918.3   7858.0     7889
read      255.3   104.0    74.4   129.6   144.1   244.7   289.2   317.0   336.7   357.6   382.0   419.6   500.6   652.9  2155.4  51360.0    51783
read      255.9    93.9    80.4   136.6   151.8   250.8   287.4   309.6   326.9   344.9   367.3   398.3   462.9   578.3  2403.7  38529.0    38634
read      248.1   120.2    74.4   122.0   135.4   225.0   275.4   308.5   333.9   361.0   393.4   438.3   541.2   913.5  2974.6  86150.5    86204
read      263.6   156.9    74.4   126.2   140.5   231.7   283.2   316.8   341.6   369.7   407.0   469.2   797.2  1934.5  2979.1 109634.5   109534
read      257.0    92.7    80.4   132.7   147.9   249.9   290.8   316.1   334.4   354.1   376.6   412.4   491.8   640.8  1402.1  44999.5    45136
read      256.4   102.1    74.4   127.4   140.9   240.8   290.9   323.8   345.2   368.1   396.0   435.1   524.4   699.7  1476.3  59704.0    59949
read      255.2   123.4    74.4   125.7   139.7   237.6   288.5   320.4   342.7   365.8   393.6   434.4   522.4   832.7  4314.8  61399.0    61681
read      248.0   103.8    74.4   122.0   135.3   227.6   278.6   310.7   334.7   360.8   391.8   436.1   540.7   752.0  1185.1  76333.5    76329
read      256.3    95.9    80.4   132.4   147.5   248.7   289.9   316.1   334.3   353.5   374.8   409.6   484.3   607.4  1866.2  44249.0    44322
read      246.1    86.4    86.8   149.2   166.1   241.9   266.6   280.1   290.8   304.5   323.6   355.1   420.1   916.8  3200.2  20668.5    20698
read      246.7   119.4    74.4   121.3   134.8   224.5   274.1   305.7   330.9   357.7   389.9   435.8   535.3   915.4  3484.7  85117.0    84853
read      248.1   111.1    74.4   122.5   136.2   228.3   278.9   310.4   334.3   359.8   390.3   432.8   518.8   686.1  3824.8  75924.0    75889
read      244.3   105.6    74.4   121.2   134.8   221.9   270.9   301.6   326.5   354.3   388.4   436.4   538.4   784.2  1861.3  98534.5    98396
read      255.1   105.0    80.4   128.3   142.2   243.8   290.3   319.0   339.2   360.7   385.7   422.3   495.7   631.8  3805.5  53824.0    53818
read      252.6   103.7    86.8   145.5   162.5   248.8   276.7   293.2   306.6   322.7   342.7   371.0   434.8   664.7  3199.7  26358.0    26200
read      255.0    98.9    74.4   128.9   143.1   243.0   289.7   319.4   339.7   360.9   385.8   423.2   496.8   622.4  1562.4  54553.5    54761
read      233.5    68.7    93.8   155.5   171.1   228.7   248.7   260.1   268.5   278.1   293.3   319.8   388.5   937.9  2173.2  12446.0    12268
read      257.2   124.6    80.4   129.3   143.7   244.8   290.4   319.3   338.4   359.1   384.0   421.8   504.3   990.5  3226.2  52004.0    52324
read      260.7   143.1    74.4   126.9   140.9   231.7   282.9   316.6   341.4   369.5   404.8   463.1   668.1  1927.5  2856.4 106135.0   106440
read      224.2    93.7   101.3   155.7   167.9   217.0   235.5   246.8   253.9   265.2   278.4   303.9   384.0   967.1  5786.0   7217.5     7154
read      243.9   105.0    74.4   120.6   133.8   222.0   272.6   302.9   327.6   355.8   388.6   435.1   534.2   755.4  1611.2  86888.5    87362
read      253.6    96.8    80.4   132.5   147.7   247.5   286.1   309.6   327.4   345.7   368.1   400.8   468.0   600.1  3294.3  43799.5    43716
read      248.9    76.8    80.4   143.5   160.4   245.9   273.7   289.4   300.8   316.9   337.9   368.2   433.1   691.8  1158.7  26690.5    26737
read      254.1    88.1    80.4   133.3   148.8   248.6   286.5   309.8   327.2   345.5   367.8   400.8   469.8   591.3  1836.6  41764.5    41596
read      245.5   107.2    74.4   121.0   134.5   223.2   273.4   304.8   329.9   357.7   390.3   435.5   538.8   811.2  2020.3  85358.0    85490
read      247.8   104.0    74.4   122.6   136.0   227.1   278.0   310.2   335.3   361.8   392.9   436.1   524.4   677.8  1923.5  77513.0    77612
read      249.1   112.9    80.4   122.9   136.6   228.6   279.9   312.6   337.3   363.8   394.6   436.7   524.3   670.5  2315.8  78408.5    78124
read      249.2   101.9    74.4   122.7   136.3   231.9   282.8   314.0   336.2   360.3   389.7   431.6   511.3   693.1  1580.4  69793.0    69632
read      257.1   124.4    80.4   135.1   151.1   250.8   287.1   309.3   326.3   344.2   366.7   400.0   476.0   744.3  4642.5  39088.5    39180
read      238.8    66.4    86.8   152.4   168.9   235.0   257.4   269.7   278.5   290.4   306.9   336.8   399.0   906.7  1737.9  15964.5    15803
read      255.5    82.7    86.8   137.6   152.6   251.5   288.4   310.6   326.9   343.4   364.8   395.3   457.1   564.6  1008.3  37005.5    36987
read      243.8   142.9    86.8   149.2   165.7   237.3   261.8   273.9   284.5   295.8   315.0   344.1   414.7  1068.9  6731.2  19774.5    19833
read      258.3   102.2    80.4   132.2   147.3   249.3   291.9   319.1   338.8   359.1   381.9   416.8   489.9   807.3  2438.7  46724.5    46567
read      255.8    98.4    80.4   127.6   141.7   242.4   290.8   322.2   342.8   364.7   390.8   428.8   509.2   693.1  1160.7  57335.0    57368
read      255.0    84.7    80.4   138.0   153.5   250.6   285.7   307.0   323.6   341.5   363.3   395.2   463.4   613.4  1670.0  35896.5    36003
read      250.8   103.7    74.4   124.4   138.0   232.3   284.4   316.9   340.1   364.5   392.9   432.5   509.5   654.1  1153.7  68943.5    68916
read      248.2   130.4    80.4   121.6   135.1   222.6   272.6   304.9   331.1   359.6   393.2   442.9   590.2  1124.1  4516.3  93166.0    93229
read      257.0    95.1    80.4   132.2   147.0   249.0   291.8   319.1   337.5   357.4   380.5   414.9   481.3   604.2  2053.5  46933.5    46632
read      246.8   109.0    74.4   121.9   135.5   224.2   273.5   305.0   330.7   358.8   392.4   441.1   547.2   827.9  1260.4  93239.5    93663
read      241.0   104.0    74.4   121.2   134.5   218.4   266.6   295.2   319.4   347.4   381.2   431.6   534.5   788.0  1572.6 106095.5   106418
read      255.0   135.6    74.4   126.1   139.8   237.7   287.2   317.6   339.5   362.4   389.0   427.2   511.8  1562.5  4122.0  60361.5    60496
read      252.1   119.1    74.4   125.8   139.9   229.0   278.3   310.1   334.4   362.3   396.7   447.3   557.2   906.2  3536.7 109237.5   109057
read      251.0   128.5    74.4   124.6   138.5   227.7   278.1   311.2   336.3   364.0   397.1   445.3   548.9   820.6  2310.9  96841.5    96861
read      252.1   116.0    74.4   124.3   137.9   229.0   280.9   314.7   340.3   367.7   399.7   447.3   548.0   799.2  3085.5  86124.5    86255
read      249.4    70.2    86.8   144.9   161.3   247.1   274.2   290.2   302.1   318.1   338.5   366.9   426.2   508.8  1086.0  25883.5    25686
read      238.5    63.6    86.8   151.0   167.0   235.3   258.6   270.7   279.8   291.5   308.3   335.9   394.7   895.3  1258.8  17604.5    17483
read      257.7   162.4    86.8   142.2   158.5   249.8   280.7   297.8   314.0   331.8   352.6   384.9   468.8  1040.0  8316.7  29096.0    29211
read      257.4   171.8    80.4   126.5   140.4   240.2   288.3   317.3   338.6   361.6   389.9   431.9   532.4  1471.8  6460.7  55028.0    55328
read      269.5   186.0    80.4   126.9   140.7   235.5   288.4   324.1   350.6   380.0   420.0   485.8   816.7  1962.9  7631.5  87631.5    87592
read      247.3   114.1    80.4   146.0   162.4   244.1   269.8   284.2   294.3   309.5   329.9   361.1   424.9   770.6  2238.0  23913.0    23882
read      255.4    90.6    86.8   132.1   147.0   248.5   289.4   315.4   333.7   352.9   374.0   405.9   475.8   587.7  1816.3  44984.0    44790
read      231.3    97.8    93.8   153.8   168.9   226.1   245.7   256.7   265.6   274.4   289.2   314.4   383.3   936.5  5341.5  12232.5    12236
read      256.4   102.2    80.4   133.9   148.9   250.0   289.4   312.9   330.4   349.2   371.5   403.8   471.3   655.7  3525.1  42537.0    42928
read      261.4   137.5    80.4   128.6   142.5   234.9   286.5   319.9   344.1   371.8   407.6   461.8   611.3  1711.6  3354.7 104202.0   103959
read      260.1   155.8    74.4   125.3   139.1   230.7   282.2   316.4   342.7   371.7   409.4   468.0   669.9  1674.5  5795.5  97661.5    97347
read      254.4   119.9    74.4   123.8   138.0   233.5   285.4   319.8   343.2   367.9   397.9   443.0   546.1   869.2  3577.2  68331.0    68379
read      257.3   137.4    74.4   126.9   140.5   232.0   283.4   317.3   342.6   371.0   405.4   458.3   596.1  1062.0  3162.0  92325.5    92596
read      228.4    79.4    93.8   154.9   168.6   223.2   242.6   253.3   262.1   271.6   286.0   310.8   381.0   926.4  3231.2  10060.5    10055
read      250.6    75.3    86.8   140.5   156.9   247.9   277.5   294.7   309.5   326.6   346.2   374.6   435.4   572.2  1161.6  29575.5    29634
read      221.8    72.3    93.8   152.7   166.2   216.9   234.9   246.1   253.4   263.8   275.0   297.1   363.6   902.8  2057.6   9362.0     9324
read      251.3    76.0    80.4   141.1   157.5   248.7   279.2   295.9   310.6   327.2   346.7   373.9   436.3   586.8  1616.3  30026.5    30076
read      242.0   112.8    74.4   120.8   134.2   219.7   268.0   296.7   322.1   350.1   383.0   430.4   529.1   811.3  3794.7 100088.5   100150
read      251.1   112.1    86.8   142.3   158.8   245.8   274.8   291.5   304.9   322.3   343.1   372.1   433.7  1018.4  3918.9  27532.0    27527
read      246.0   127.0    74.4   120.6   134.0   222.2   271.9   302.6   327.3   355.3   389.9   438.1   555.7  1037.9  3386.5  95161.5    95171
read      253.7    92.7    80.4   132.7   148.1   248.5   286.2   308.5   325.6   344.2   367.0   399.9   468.0   599.6  3198.6  40700.5    40523
read      228.3    71.1    93.8   153.4   168.3   223.9   243.1   253.5   262.4   271.9   286.0   310.5   378.5   926.0  3079.7  11367.0    11422
read      224.1    75.3    93.8   153.7   167.5   219.0   236.7   248.0   255.0   266.0   278.2   298.2   364.0   966.6  3029.5   9231.5     9200
read      253.2    87.9    80.4   132.4   147.4   247.2   286.6   309.9   327.4   345.7   368.4   400.1   467.5   613.8  1440.8  42704.5    42816
read      223.7    91.3    93.8   151.3   164.8   218.4   237.0   248.1   255.2   265.7   277.3   301.2   370.9   938.3  4270.3  10848.0    10698
read      242.4    72.9    86.8   145.7   162.6   239.5   264.7   277.6   288.4   300.6   320.5   346.2   402.8   936.8  1914.7  22143.5    22301
read      254.0    90.2    80.4   130.3   144.7   247.0   288.8   314.8   333.6   353.5   375.0   408.4   474.9   584.3  1233.1  47961.0    48159
read      252.3    87.0    80.4   133.1   148.3   248.5   285.0   306.4   323.2   341.8   363.3   393.9   458.3   549.7  1351.5  40147.0    39987
read      250.8    82.7    80.4   137.8   152.9   248.4   280.8   297.7   313.8   331.3   351.2   379.8   436.5   556.2  2706.6  33142.0    33067
read      253.1   104.2    74.4   125.1   139.0   237.1   288.0   319.5   341.1   364.1   391.3   429.9   506.6   774.0  2416.3  62526.0    62704
read      255.4   104.0    74.4   129.0   143.1   244.6   290.7   318.7   338.1   359.0   383.7   420.6   491.3   647.0  3259.9  52857.5    52778
read      249.8   102.8    74.4   122.8   136.4   229.7   282.1   315.2   339.6   365.1   395.2   437.6   529.2   664.0  1056.4  75794.0    75981
read      249.0   123.3    74.4   122.1   135.8   228.3   279.2   311.3   335.4   360.9   390.9   433.3   525.8   790.6  3774.3  74647.0    74522
read      231.6    74.9    86.8   151.1   166.6   226.9   248.0   259.9   268.9   279.3   292.8   319.1   389.0   925.2  3789.2  14364.5    14533
read      218.1    81.0   101.3   151.1   162.3   210.9   229.1   239.1   247.3   255.6   269.7   292.9   377.5  1015.1  2868.6   5602.0     5566
read      247.8   107.2    80.4   121.6   135.2   227.6   277.9   309.6   334.6   361.0   391.9   435.1   529.0   751.3  1490.6  77365.5    78062
read      244.0   101.6    80.4   120.6   133.8   223.7   274.0   304.9   330.0   356.7   387.7   431.0   518.5   675.5  1211.9  82540.0    82399
read      248.3   114.4    74.4   123.9   138.1   225.8   273.9   304.8   328.7   356.3   390.0   438.2   548.1   939.7  3186.4 108821.5   108638
read      248.2   160.2    74.4   121.9   135.5   223.6   272.7   304.2   330.3   358.9   392.5   439.1   548.3  1060.8  4993.5  93918.0    93541
read      253.8    96.8    80.4   130.0   144.4   245.8   287.5   312.5   331.1   351.6   373.7   409.6   483.0   629.1  2496.4  46826.5    47145
read      249.1   113.7    80.4   124.0   138.2   225.9   274.4   305.5   329.8   358.1   392.2   442.3   557.6  1105.4  2333.9 109508.5   109796
read      246.0    73.3    80.4   143.3   159.8   243.4   270.0   284.8   295.2   311.1   331.6   363.0   426.2   571.1  2145.5  26663.5    26597
read      217.4    54.7    93.8   152.9   164.4   213.0   230.3   239.7   247.3   254.9   268.9   290.6   361.3   934.3  1071.4   7112.5     7034
read      248.2   101.5    74.4   123.0   136.6   230.4   280.9   311.9   335.0   359.2   387.6   428.9   518.1   664.6  1163.0  72229.5    72616
read      232.4    81.8    93.8   153.9   169.7   228.4   248.2   259.2   267.7   276.8   291.9   319.3   390.4   907.5  1784.3  13639.5    13584
read      245.7    94.2    86.8   151.6   169.2   242.1   265.3   277.3   288.0   299.8   318.8   346.7   417.1   899.5  5996.3  19713.0    19750
read      242.3   104.6    80.4   122.3   136.1   220.8   268.4   297.2   321.0   347.8   380.4   428.2   530.2   790.8  1849.7 109080.5   109139
read      238.5    68.6    93.8   156.9   173.7   234.8   255.1   267.1   274.6   286.6   301.1   331.3   392.6   882.4  2196.9  15174.0    15150
read      250.3   128.6    80.4   122.9   136.7   230.1   280.7   312.2   335.7   360.7   390.2   433.0   533.5   910.9  2571.4  74594.0    74389
read      249.5   109.6    74.4   123.1   136.8   226.7   277.5   309.7   334.7   361.7   394.0   441.8   558.3   952.5  1339.2  87466.5    87266
read      251.6   112.8    80.4   125.7   139.5   228.1   277.3   309.0   333.3   361.3   395.9   447.4   566.5  1051.2  1945.3 108199.0   108170
read      248.0   106.2    74.4   124.4   138.3   226.3   274.9   306.2   330.4   357.2   390.6   437.7   544.9   823.8  1995.7 103612.5   103631
read      261.1   156.0    80.4   132.9   148.4   250.0   289.7   314.1   332.3   352.2   374.5   413.5   523.6  1386.2  7473.4  44506.5    44587
read      269.8   215.3    74.4   126.5   140.7   240.5   291.3   326.0   349.0   373.2   404.1   460.2   696.3  2966.1  8881.4  66580.5    66411
read      247.3   110.4    80.4   122.1   135.7   224.8   274.1   305.7   330.4   357.4   390.3   437.2   554.4   959.5  2320.0  89250.0    89167
read      255.3   114.0    80.4   138.9   154.0   250.8   284.2   304.0   319.5   337.7   359.4   391.3   462.7   650.2  2465.8  35785.5    35723
read      245.1   106.9    80.4   121.8   135.3   224.0   274.0   305.2   329.4   355.4   386.2   431.3   529.4   742.6  1995.3  86015.5    85827
read      245.8   107.7    74.4   121.0   134.3   226.0   276.3   307.5   331.6   357.3   387.2   431.0   526.9   729.8  1830.8  78806.0    78806
read      247.6   117.0    74.4   121.7   135.3   225.3   275.1   307.2   331.7   358.5   391.1   438.1   550.4   829.1  3500.9  89818.0    89641
read      237.3    91.2    86.8   154.0   170.8   232.4   253.0   265.1   273.0   284.6   298.3   330.2   399.1   941.1  6005.8  14270.0    14186
read      254.8    98.4    74.4   129.1   143.4   245.8   289.9   316.9   335.8   356.3   380.5   416.7   493.6   632.1  1818.5  52414.5    52308
read      254.3   136.0    80.4   127.7   141.7   241.9   288.7   316.8   336.2   357.2   382.6   422.4   506.4   648.4  8560.8  56762.5    56743
read      256.8   108.7    80.4   135.7   151.2   251.2   286.3   306.9   323.0   341.2   363.8   397.0   481.9   974.8  3836.1  38424.0    38302
read      251.0   118.6    68.9   123.5   137.4   231.6   282.2   313.4   336.3   361.2   391.3   434.7   534.4   855.8  4096.8  71512.5    71662
read      254.3    97.4    80.4   137.7   153.2   249.7   283.1   302.2   317.9   336.2   358.2   391.6   467.9   672.4  3056.1  36028.0    36015
read      251.3   108.6    74.4   123.8   138.1   235.6   284.9   315.0   336.4   359.2   386.7   428.5   519.2   708.2  3672.5  65235.0    65048
read      245.9    99.8    74.4   121.8   135.4   228.4   278.1   308.5   331.6   355.8   383.9   425.6   509.4   680.7  1131.2  73010.5    72989
read      249.1   110.1    80.4   122.7   136.5   229.4   280.0   311.9   335.7   360.9   391.0   434.8   530.7   730.0  2897.7  76430.0    76390
read      245.7    82.3    86.8   144.9   161.6   242.6   268.6   282.8   293.3   308.5   329.1   359.6   425.0   625.4  2397.4  24430.0    24409
read      247.3   136.6    74.4   120.8   134.1   223.6   273.6   304.9   329.2   356.0   387.8   433.6   547.9  1371.6  4065.7  85493.5    85530
read      220.1    63.9    93.8   153.5   166.0   214.8   232.0   242.3   250.1   259.7   272.4   294.0   375.4   928.3  2632.5   8376.5     8346
read      248.0    96.5    74.4   123.1   137.0   232.5   281.4   311.4   333.5   357.1   384.8   425.7   505.7   632.3   877.9  69382.5    69627
read      248.6   107.2    74.4   122.2   136.1   231.1   280.8   311.4   334.0   358.0   386.8   429.6   521.2   684.8  2559.5  70499.0    70266
read      243.2   104.7    80.4   120.6   134.1   222.2   271.7   302.0   325.7   352.3   384.2   429.8   528.3   740.7  1783.0  89471.5    89525
read      252.4   104.2    80.4   124.1   138.0   233.6   285.0   317.3   340.7   365.7   395.7   437.7   536.2   727.7  1488.3  71187.5    70975
read      256.2    96.8    80.4   132.1   147.1   249.6   290.8   316.0   333.9   353.0   374.4   408.0   483.1   630.2  1996.3  47092.5    46633
read      238.9    66.1    93.8   152.3   169.4   235.4   257.1   269.0   277.2   289.3   305.7   335.6   397.8   897.8  2084.9  17047.5    16963
read      265.2   151.2    80.4   130.2   145.0   239.6   291.5   324.7   348.2   375.2   410.4   464.7   611.5  1520.3  5543.8 109647.0   109556
read      245.2   107.1    74.4   121.1   134.8   223.2   273.2   303.8   328.5   355.8   388.9   434.8   539.5   815.3  2296.7  90715.5    91124
read      255.1    99.6    74.4   129.5   143.8   245.6   289.1   315.9   334.9   355.6   380.3   417.8   504.0   668.3  1854.2  51135.5    51505
read      246.6   112.4    74.4   121.7   135.3   224.7   273.9   305.5   330.2   356.7   389.2   436.6   546.3   824.2  2732.4  93467.0    93804
read      252.7    96.6    80.4   126.1   140.2   240.4   287.7   316.2   337.0   359.2   385.4   424.6   504.3   631.5  1024.2  58372.0    58474
read      257.8   102.4    80.4   133.2   149.0   251.7   290.7   315.2   332.8   351.5   372.9   407.1   480.5   633.4  3809.8  43400.5    43487
read      252.4   102.3    74.4   125.5   139.4   238.2   287.0   316.7   338.1   360.7   387.4   427.2   505.8   705.4  1295.1  61611.0    61792
read      251.8    98.1    80.4   125.0   139.0   238.5   287.1   316.5   337.4   359.4   385.3   424.1   503.4   679.2  1240.1  59566.0    59548
read      255.6   104.2    80.4   132.8   148.0   249.6   288.3   310.8   327.5   345.8   368.0   400.8   471.7   831.2  3351.3  43483.0    43635
read      250.9    75.7    80.4   142.9   159.8   248.5   276.8   292.9   306.3   322.6   342.9   371.9   433.8   564.8  1013.3  27584.0    27536
read      256.1   109.7    74.4   133.0   148.5   249.2   287.8   311.9   329.6   347.8   370.2   403.1   477.1   688.7  3914.2  42826.0    42828
read      262.6   113.8    80.4   130.7   145.7   239.7   291.2   324.7   348.0   374.8   409.1   460.7   587.9  1009.1  1893.3 109264.0   109424
read      254.0   109.5    80.4   123.8   137.6   232.8   285.0   318.4   342.4   368.6   401.2   449.5   563.1   795.8  1324.1  78159.0    78273
read      249.7    95.1    80.4   124.8   138.8   237.2   284.8   312.7   333.1   355.1   381.5   420.4   496.8   634.5   942.5  60459.5    60279
read      254.1    90.3    80.4   137.7   152.9   249.8   283.7   303.4   319.1   337.2   359.0   392.6   464.6   612.6  2034.8  35271.0    35178
read      252.7   145.1    74.4   123.3   137.6   234.5   284.4   315.3   337.5   361.6   390.7   432.9   529.0   754.4  7486.9  67212.5    67279
read      247.6   136.1    74.4   121.0   134.5   225.3   274.4   305.2   329.2   354.7   385.0   431.0   538.5  1790.6  4008.8  80823.0    80752
read      253.7    84.1    80.4   137.8   153.4   249.8   282.8   301.7   317.6   335.9   357.5   389.8   465.3   644.6  1999.0  35017.0    35012
read      226.7    77.4   101.3   156.4   169.0   219.9   238.5   249.8   258.0   269.0   283.9   311.0   388.3   935.9  3105.0   7970.5     7936
read      225.6    64.9   101.3   156.2   169.5   220.5   237.8   248.5   255.3   266.1   278.6   306.1   387.3   925.2  2497.2   8610.0     8578
read      249.0   113.7    74.4   123.2   137.0   227.0   276.9   309.4   334.4   361.5   394.1   440.9   546.1   776.2  1594.4  89406.5    89696
read      221.4   106.3   101.3   155.1   166.7   213.0   230.8   240.9   248.5   257.1   270.6   294.0   395.8   993.2  5383.7   5691.5     5569
read      252.4    95.8    86.8   144.5   161.4   247.4   275.5   291.6   304.0   319.6   341.1   371.9   441.7  1055.7  2965.8  26824.0    26905
read      256.6    99.0    80.4   134.1   149.3   250.7   288.7   312.2   329.4   347.4   369.4   402.0   484.1   723.3  3116.1  42269.0    42389
read      249.8   105.8    74.4   123.5   137.5   228.8   279.4   312.3   336.3   362.3   393.6   437.2   543.9   795.8  1355.1  84540.0    84689
read      254.0   120.5    80.4   127.1   141.0   240.7   288.5   317.6   337.6   358.9   383.8   421.4   502.4   686.0  4545.4  59477.5    59305
read      253.5    89.8    80.4   132.7   147.8   247.9   286.8   309.8   327.0   345.8   368.3   400.3   469.8   626.4  1362.7  44577.5    44512
read      252.1   106.1    80.4   124.0   138.0   233.0   284.8   317.3   340.4   365.1   394.8   436.2   533.6   779.6  1592.0  72268.5    72395
read      249.0   102.0    74.4   123.1   136.9   230.2   281.1   312.7   335.8   360.7   390.1   433.3   529.2   697.2  1005.4  74486.0    74619
read      250.4    98.4    80.4   124.1   138.0   234.5   284.7   315.4   337.3   360.9   389.1   429.1   508.2   642.9  1075.9  67061.0    67302
read      255.6   137.3    74.4   126.8   140.8   241.1   288.9   318.9   339.3   361.0   386.9   425.9   506.2   803.6  6842.0  57895.0    57822
read      221.1    77.9   101.3   153.4   166.0   215.8   233.4   244.2   251.6   261.3   272.8   295.8   370.9   919.0  3328.2   8143.0     8117
read      261.5   135.0    80.4   128.2   142.5   235.4   286.7   319.9   344.1   372.0   408.0   464.9   632.5  1278.1  3314.2 105976.0   106178
read      246.5    69.8    86.8   144.4   161.4   243.7   270.0   285.0   295.5   311.7   332.5   363.3   427.1   570.6  1012.9  25217.0    25089
read      250.6   100.8    80.4   124.7   138.3   233.1   283.5   314.7   337.8   362.3   391.1   431.3   515.6   689.0  1291.3  68872.5    68848
read      244.7   115.6    74.4   122.1   135.7   222.6   270.6   300.0   324.4   351.4   384.1   432.3   539.9   901.6  3864.2  99380.0    98941
read      249.0   104.3    74.4   123.0   136.7   229.8   279.6   311.5   335.4   361.5   392.5   434.9   525.2   711.8  1583.1  78465.5    78157
read      252.8   140.2    74.4   125.1   139.2   227.1   275.6   307.3   331.5   358.9   393.3   444.6   579.9  1666.2  3901.0 109803.5   109857
read      246.9   109.6    74.4   123.1   137.3   224.7   273.1   303.9   327.8   355.0   388.6   436.0   545.5   853.8  2234.1 108170.5   108875
read      246.9   129.5    74.4   121.4   135.0   224.5   274.7   305.9   330.5   357.4   389.6   434.9   544.7   823.3  3898.1  86505.0    86646
read      246.5   110.3    74.4   121.6   135.1   225.9   275.8   306.8   331.0   357.5   389.2   433.7   529.5   759.8  2308.2  83424.0    83239
read      258.8   102.2    80.4   131.3   146.1   249.3   293.7   321.6   340.9   361.6   386.2   423.1   499.9   653.6  3190.1  50879.5    51061
read      253.2   134.8    80.4   123.8   137.6   228.7   279.1   312.5   336.9   364.3   398.7   449.9   577.1  1112.6  4472.8  89268.5    89906
read      255.6   100.6    74.4   128.4   142.7   243.5   290.6   319.6   339.5   360.3   384.9   423.9   507.5   675.9  1971.7  56469.0    56601
read      251.7   104.4    80.4   124.7   138.5   233.8   284.9   316.7   339.4   363.4   392.2   433.3   522.0   702.7  1649.1  71276.5    71203
read      245.9   135.8    80.4   121.1   134.6   222.5   271.8   301.9   326.5   353.6   386.5   434.2   547.5   977.8  4966.1  95720.5    95942
read      250.0   107.7    74.4   123.7   137.4   232.0   282.7   313.7   336.5   360.8   389.2   430.1   519.5   747.4  2415.2  71697.5    71622
read      257.4   138.8    80.4   126.1   140.0   231.5   282.4   315.7   339.9   367.7   401.4   455.1   615.6  1574.3  3709.7  97158.0    97182
read      248.6    79.0    86.8   142.1   158.5   245.8   273.7   289.9   302.0   318.6   339.2   368.8   433.0   619.2  1804.7  27909.0    27718
read      253.4    96.7    74.4   130.8   145.5   246.7   287.1   311.1   329.1   348.3   371.3   405.7   481.3   598.4  1253.4  46587.0    46519
read      247.1   111.6    80.4   121.0   134.4   226.0   276.0   308.2   332.3   358.7   390.8   437.5   539.9   743.6  2793.2  83000.5    83197
read      249.0   117.1    74.4   121.1   134.8   227.4   278.1   309.8   333.8   360.1   392.1   437.9   548.1  1002.6  2189.7  79245.5    79080
read      249.3   104.0    74.4   122.5   136.5   231.7   281.9   311.7   333.8   357.7   386.3   429.0   534.6   848.5  1578.5  69438.0    69401
read      252.1    92.5    80.4   129.1   143.4   245.7   286.0   310.3   328.4   347.6   370.3   403.4   475.5   619.4  1171.7  45952.5    45684
read      238.2    91.2    86.8   149.9   166.9   234.4   256.6   268.7   276.9   289.1   305.4   335.3   397.8   903.6  3595.2  18130.0    18120
read      246.4    72.1    86.8   149.5   167.1   243.3   267.3   280.4   290.8   304.4   324.3   353.6   416.3   700.6  1362.0  21179.0    21245
read      256.4   106.1    80.4   135.1   150.5   250.3   286.4   308.2   324.7   343.2   366.2   400.7   476.2   818.6  2808.0  39168.0    39039
read      252.5   103.5    80.4   124.9   138.6   235.9   286.3   317.2   339.6   363.2   391.9   433.4   525.5   702.2   864.8  67240.0    67458
read      258.1    91.1    80.4   134.1   149.4   251.9   290.2   314.2   331.8   350.9   373.5   410.5   499.8   721.3  1899.7  42726.0    42773
read      245.6    96.3    86.8   148.5   166.0   241.0   264.9   277.2   288.3   300.9   320.2   350.6   421.3  1056.8  3378.3  20873.0    20690
read      252.5   121.7    74.4   124.6   138.7   237.3   285.9   315.8   337.1   359.8   387.2   427.4   512.5   697.3  4127.1  63184.0    63440
read      254.2    91.2    74.4   134.6   149.6   249.2   286.3   308.9   326.0   344.3   366.7   398.6   466.5   594.6  2420.2  41490.5    41615
read      269.0   218.5    74.4   123.8   137.9   231.1   283.2   317.7   343.4   372.9   412.3   477.9   908.1  2954.6  8013.5  97292.0    97229
read      260.0   211.5    80.4   122.2   136.0   228.9   279.8   313.6   339.0   367.0   401.9   458.4   670.4  2319.7  8733.6  86092.0    86249
read      241.4    64.3    86.8   147.5   164.7   238.1   262.9   275.3   286.4   297.6   318.1   345.9   411.9   610.9  1175.0  20767.0    20807
read      250.3   101.2    80.4   144.1   161.0   246.2   274.0   289.9   301.7   318.4   339.5   369.8   436.3   651.1  4711.8  26059.5    26130
read      252.6    75.7    74.4   141.4   157.9   249.8   280.1   296.6   312.3   329.9   350.1   379.6   446.7   572.8  1097.6  30353.0    30510
read      257.8   114.9    80.4   132.7   148.0   249.0   288.5   313.3   331.6   351.1   374.5   412.2   492.8  1128.1  3905.1  43802.5    43868
read      254.2   101.8    80.4   127.3   141.3   242.0   289.4   317.9   337.8   359.3   385.3   424.0   501.6   657.2  2838.6  55428.0    55324
read      242.6    64.7    86.8   149.1   165.9   239.8   264.4   277.0   287.4   298.3   318.0   346.5   410.5   515.5  1017.6  20503.0    20437
read      225.7    70.6   101.3   154.7   167.8   220.5   239.4   250.6   258.7   268.9   282.4   307.1   380.5   914.6  4089.6   9446.0     9548
read      231.1    81.4    93.8   153.6   168.5   225.9   245.8   256.6   265.9   275.2   290.8   317.5   383.0   942.7  3119.1  12082.5    12101
read      251.5   110.9    74.4   122.9   136.7   231.8   282.6   314.6   338.1   363.2   393.1   436.8   542.0   904.0  2304.9  72148.0    72073
read      245.0    93.2    86.8   148.4   164.9   241.8   266.5   279.8   290.4   303.8   323.8   354.0   421.9   607.5  1483.0  21272.5    21310
read      247.0   137.0    74.4   121.4   134.9   223.4   273.2   304.3   329.2   356.4   389.2   436.2   542.8  1030.9  4619.7  90235.5    90755
read      252.8   102.6    74.4   128.5   142.7   242.1   285.7   311.6   331.0   352.1   376.8   414.8   502.5   700.6  2164.6  51469.0    51252
read      253.6   118.6    74.4   128.0   142.2   241.7   286.7   313.3   332.9   354.6   380.6   419.8   499.9   678.1  5583.2  53020.0    53070
read      254.6    95.1    80.4   130.6   145.5   246.8   289.1   313.8   331.9   351.7   374.9   412.3   486.6   636.9  1264.5  47998.0    48181
read      241.7   102.3    74.4   120.5   133.7   219.9   269.1   298.0   322.3   349.6   381.8   431.1   536.1   787.4  1459.7  96912.5    97336
read      249.0   109.0    74.4   122.7   136.3   226.1   275.6   307.9   333.0   361.0   395.7   448.8   571.3   800.8  1132.5  92235.0    91976
read      249.6   119.0    80.4   123.1   137.2   226.8   275.4   307.6   332.2   359.7   394.4   446.5   561.2   850.5  2478.1  94613.5    94742
read      257.5   145.1    74.4   126.3   139.8   236.6   286.8   319.6   342.6   367.8   399.1   444.4   547.1  1202.7  6666.0  66126.0    66079
read      262.8   120.4    80.4   127.5   141.6   238.6   292.2   328.3   352.4   379.7   416.3   469.9   608.5  1025.6  2040.4  79240.0    79328
read      262.5   100.6    80.4   134.8   150.1   253.1   295.6   323.5   342.3   362.8   387.5   425.8   508.1   673.7  1890.7  44843.0    45235
read      265.1   171.5    80.4   138.2   154.4   255.1   290.4   313.2   330.2   348.4   371.9   413.4   542.7  1088.7  8340.1  35370.0    35310
read      252.3   108.6    74.4   124.5   138.2   232.4   284.1   316.6   340.5   366.0   396.8   440.0   534.5   689.8  2094.0  76491.5    76589
read      254.6   105.7    80.4   127.7   141.7   232.9   283.3   315.5   339.7   367.0   401.1   451.1   547.8   730.0  1473.5 107128.5   107175
read      251.0   103.3    80.4   123.9   138.2   231.7   282.9   316.1   340.0   365.0   394.9   436.7   525.1   666.8  1075.2  78089.5    78127
read      236.0    97.2    93.8   155.3   171.1   230.6   251.5   263.3   271.3   282.0   295.7   322.3   393.2   938.0  6033.5  13402.5    13331
read      254.4   118.4    74.4   127.6   141.5   240.5   288.0   315.6   336.1   358.4   384.5   423.8   505.7   735.6  3441.8  59198.0    59382
read      246.3   130.3    74.4   121.7   135.2   224.9   274.1   304.7   328.6   355.3   387.2   433.3   528.2   708.6  4826.4  87879.5    87477
read      249.6   148.5    74.4   123.4   137.6   227.6   276.8   308.7   333.2   360.5   393.7   440.4   534.9   710.1  4728.3  92369.0    92020
read      249.4   104.7    74.4   124.7   139.0   228.6   277.0   307.9   331.3   358.2   392.0   441.9   542.6   734.2  1747.3 109736.5   109297
read      258.2    87.2    80.4   134.7   150.4   253.7   291.7   315.3   332.7   351.5   373.5   406.6   471.8   600.6  1162.6  42332.5    42293
read      255.5    93.7    74.4   129.1   143.8   245.9   290.3   317.6   337.6   359.2   384.5   421.6   495.1   613.7  1370.7  53026.5    52962
read      253.1   128.0    86.8   148.5   166.0   246.6   272.5   287.5   297.5   314.1   334.7   365.2   434.2  1397.4  6138.2  23494.5    23492
read      234.6    70.3    93.8   155.3   172.0   230.5   250.6   262.2   270.4   280.8   294.6   320.9   382.6   910.1  2879.7  12550.5    12594
read      251.7   112.5    74.4   124.0   138.1   234.2   283.8   314.4   336.8   360.9   390.2   432.0   518.3   695.6  2942.6  69248.0    69120
read      253.4   105.3    80.4   127.3   141.6   242.2   288.9   317.1   337.4   358.8   383.5   420.4   493.5   600.1  1683.7  57256.0    57144
read      252.8    93.4    80.4   126.6   141.1   242.0   288.0   315.4   335.6   357.8   384.1   422.4   495.1   582.6   746.6  56880.5    57232
read      248.8   108.8    74.4   122.2   136.3   231.4   280.8   311.0   334.7   360.0   389.2   430.3   509.7   642.5  2174.1  71290.0    71593
read      255.7    87.3    80.4   134.2   150.1   250.3   288.0   310.4   327.7   347.3   370.2   402.9   473.6   605.9  1596.3  40858.5    40799
read      255.7    81.9    80.4   139.9   156.6   250.1   282.6   301.8   318.3   337.4   360.6   396.0   478.2   626.1  1508.3  29534.5    29614
read      266.8   134.5    74.4   128.7   144.0   242.6   296.1   330.2   354.8   384.6   423.9   483.0   604.4   780.2  4193.4 106298.0   106611
read      257.8   107.8    74.4   130.2   145.3   248.5   290.8   317.5   336.7   357.7   382.8   421.4   502.3   699.6  2424.2  49901.0    50009
read      254.3    98.6    80.4   128.7   144.0   247.1   288.0   312.8   331.3   351.2   374.0   410.1   479.7   596.2  3357.8  47857.0    47727
read      236.3   115.0    93.8   151.8   168.5   231.4   253.1   265.6   273.6   285.8   300.9   332.8   395.4   876.3  2191.9  15242.5    15204
read      256.7   110.9    80.4   129.8   144.4   247.1   290.8   317.4   336.9   358.0   382.8   419.6   492.3   620.1  4374.9  50690.0    50703
read      253.2   100.4    74.4   125.5   139.7   239.9   288.0   317.7   339.3   362.3   389.5   428.3   501.2   600.3  1787.5  61144.5    60979
read      255.6    82.5    80.4   136.6   152.5   252.1   287.2   307.8   324.1   342.3   364.8   397.4   465.4   585.5  1077.7  37793.0    37662
read      242.0    95.1    93.8   151.6   168.7   237.6   260.6   272.4   282.1   293.3   311.4   340.7   403.1   915.5  3704.9  16995.5    16932
read      247.8   109.2    74.4   123.1   137.3   226.1   274.0   305.0   329.2   356.7   390.8   441.1   544.1   886.8  2410.0 100085.5   100183
read      250.8   103.1    74.4   124.1   138.3   233.3   283.2   314.4   337.3   361.6   390.1   431.7   518.8   692.7  1501.8  69210.5    69175
read      256.1    88.0    80.4   145.6   162.9   252.8   281.5   297.2   312.1   329.0   349.5   382.0   449.9   622.4  3820.0  27512.5    27515
read      247.0   102.0    74.4   123.9   138.1   225.9   274.3   305.5   329.8   357.4   391.0   437.9   529.7   669.9  1583.8 106039.0   106411
read      258.3   165.5    74.4   129.5   144.8   247.5   290.0   316.7   335.8   356.2   379.8   417.2   495.8   714.9  9083.7  49570.5    49629
read      253.4    99.8    74.4   125.3   139.8   238.3   287.5   318.2   340.3   363.5   391.3   431.5   513.1   669.7  1464.4  63842.5    63537
read      247.0   105.8    74.4   122.1   136.0   227.1   276.3   307.1   330.7   356.8   388.5   433.9   530.9   724.3  2536.6  88078.0    88081
read      257.1   107.6    74.4   129.4   143.9   246.2   290.7   318.8   338.9   360.0   384.6   422.9   505.7   718.1  2898.1  55675.5    55527
read      256.9   104.3    74.4   126.9   141.8   240.3   289.7   321.7   343.4   366.6   395.3   438.8   540.4   734.2  1620.7  69559.5    69558
read      261.4   147.5    80.4   131.1   146.3   247.5   294.2   324.8   344.5   365.9   392.0   430.3   517.9   750.7  7671.1  60527.5    60702
read      247.3    92.8    93.8   164.3   180.9   240.9   262.0   273.1   283.2   295.0   314.0   342.4   416.7   925.8  4278.7  13641.5    13487
read      262.6   112.3    80.4   129.5   144.5   244.6   294.1   327.2   349.0   372.3   402.7   450.4   569.0   913.5  2345.2  66935.0    67037
read      233.1    90.4   101.3   160.8   174.3   225.5   245.0   255.7   264.7   273.8   289.8   318.8   411.5   983.8  3074.5   8293.0     8281
read      257.8    83.8    80.4   143.2   160.2   254.4   285.7   304.6   320.1   338.1   359.4   390.8   465.8   685.3  1165.0  34685.0    34986
read      252.0   133.4    68.9   124.4   138.8   231.3   280.6   313.3   337.5   362.8   393.4   437.3   536.8   775.4  3810.8  82295.0    82336
read      248.9   106.5    74.4   123.8   138.2   227.7   275.6   306.9   331.0   357.4   390.7   439.8   548.7   802.0  1610.5 101595.5   101465
read      248.7   108.7    74.4   122.1   136.3   229.0   278.8   310.0   333.7   359.9   391.3   435.9   535.0   744.3  1905.3  83078.5    82733

Total QPS = 57801.3 (104042304 / 1800.0s)

Total connections = 64
Misses = 0 (0.0%)
Skipped TXs = 0 (0.0%)

RX 25698448100 bytes :   13.6 MB/s
TX          0 bytes :    0.0 MB/s
Warning! Detected max cpu usage > 95%
CPU Usage Stats (avg/min/max): 99.90%,5.58%,100.00%
