timestamp,core0,core1,core2,core3
2026-05-13T11:25:27.471120,6.80,11.20,100.00,100.00
2026-05-13T11:25:27.571762,0.00,9.10,100.00,100.00
2026-05-13T11:25:27.672454,0.00,0.00,100.00,100.00
2026-05-13T11:25:27.775788,9.10,0.00,100.00,100.00
2026-05-13T11:25:27.876525,9.10,9.10,100.00,100.00
2026-05-13T11:25:27.979925,0.00,0.00,100.00,100.00
2026-05-13T11:25:28.080646,18.20,16.70,100.00,100.00
2026-05-13T11:25:28.181450,0.00,0.00,100.00,100.00
2026-05-13T11:25:28.284705,0.00,0.00,100.00,100.00
2026-05-13T11:25:28.385375,0.00,9.10,100.00,100.00
2026-05-13T11:25:28.488608,9.10,10.00,100.00,100.00
2026-05-13T11:25:28.589338,9.10,0.00,100.00,100.00
2026-05-13T11:25:28.690084,0.00,0.00,100.00,100.00
2026-05-13T11:25:28.793452,0.00,0.00,100.00,100.00
2026-05-13T11:25:28.894230,0.00,9.10,100.00,100.00
2026-05-13T11:25:28.997478,9.10,10.00,100.00,100.00
2026-05-13T11:25:29.098215,0.00,0.00,100.00,100.00
2026-05-13T11:25:29.198871,0.00,0.00,100.00,100.00
2026-05-13T11:25:29.301953,9.10,0.00,100.00,100.00
2026-05-13T11:25:29.402701,9.10,0.00,100.00,100.00
2026-05-13T11:25:29.505859,9.10,0.00,100.00,100.00
2026-05-13T11:25:29.606562,0.00,0.00,100.00,100.00
2026-05-13T11:25:29.707291,9.10,9.10,100.00,100.00
2026-05-13T11:25:29.810383,0.00,0.00,100.00,100.00
2026-05-13T11:25:29.911051,9.10,0.00,100.00,100.00
2026-05-13T11:25:30.014275,0.00,0.00,100.00,100.00
2026-05-13T11:25:30.114933,0.00,0.00,100.00,100.00
2026-05-13T11:25:30.215611,0.00,10.00,100.00,100.00
2026-05-13T11:25:30.318943,9.10,0.00,100.00,100.00
2026-05-13T11:25:30.419626,0.00,0.00,100.00,100.00
2026-05-13T11:25:30.522640,0.00,9.10,100.00,100.00
2026-05-13T11:25:30.623335,9.10,0.00,100.00,100.00
2026-05-13T11:25:30.723974,9.10,0.00,100.00,100.00
2026-05-13T11:25:30.827132,0.00,0.00,100.00,100.00
2026-05-13T11:25:30.927832,0.00,0.00,100.00,100.00
2026-05-13T11:25:31.030890,9.10,18.20,100.00,100.00
2026-05-13T11:25:31.131604,0.00,0.00,100.00,100.00
2026-05-13T11:25:31.232300,0.00,0.00,100.00,100.00
2026-05-13T11:25:31.335445,9.10,0.00,100.00,100.00
2026-05-13T11:25:31.436129,0.00,0.00,100.00,100.00
2026-05-13T11:25:31.539187,0.00,0.00,100.00,100.00
2026-05-13T11:25:31.639843,18.20,0.00,100.00,100.00
2026-05-13T11:25:31.740532,0.00,9.10,100.00,100.00
2026-05-13T11:25:31.844155,0.00,0.00,100.00,100.00
2026-05-13T11:25:31.944806,0.00,0.00,100.00,100.00
2026-05-13T11:25:32.048424,9.10,9.10,100.00,100.00
2026-05-13T11:25:32.149190,0.00,0.00,100.00,100.00
2026-05-13T11:25:32.250031,0.00,0.00,100.00,100.00
2026-05-13T11:25:32.353683,10.00,0.00,100.00,100.00
2026-05-13T11:25:32.454483,0.00,0.00,100.00,100.00
2026-05-13T11:25:32.558019,0.00,9.10,100.00,100.00
2026-05-13T11:25:32.658897,0.00,0.00,100.00,100.00
2026-05-13T11:25:32.759801,9.10,0.00,100.00,100.00
2026-05-13T11:25:32.863630,0.00,0.00,100.00,100.00
2026-05-13T11:25:32.964390,0.00,0.00,100.00,100.00
2026-05-13T11:25:33.068298,9.10,9.10,100.00,100.00
2026-05-13T11:25:33.169079,0.00,0.00,100.00,100.00
2026-05-13T11:25:33.269830,10.00,10.00,100.00,100.00
2026-05-13T11:25:33.374569,10.00,0.00,100.00,100.00
2026-05-13T11:25:33.475283,10.00,9.10,100.00,100.00
2026-05-13T11:25:33.578981,0.00,0.00,100.00,100.00
2026-05-13T11:25:33.679825,10.00,11.10,100.00,100.00
2026-05-13T11:25:33.780795,27.30,0.00,100.00,100.00
2026-05-13T11:25:33.885592,11.10,10.00,100.00,100.00
2026-05-13T11:25:33.986423,18.20,20.00,100.00,100.00
2026-05-13T11:25:34.090680,18.20,0.00,100.00,100.00
2026-05-13T11:25:34.191430,18.20,0.00,100.00,100.00
2026-05-13T11:25:34.292103,11.10,12.50,100.00,100.00
2026-05-13T11:25:34.397528,27.30,18.20,100.00,100.00
2026-05-13T11:25:34.498393,25.00,0.00,100.00,100.00
2026-05-13T11:25:34.602628,18.20,0.00,100.00,100.00
2026-05-13T11:25:34.703360,20.00,0.00,100.00,100.00
2026-05-13T11:25:34.804173,18.20,10.00,100.00,100.00
2026-05-13T11:25:34.908890,27.30,0.00,100.00,100.00
2026-05-13T11:25:35.009656,10.00,10.00,100.00,100.00
2026-05-13T11:25:35.113809,20.00,0.00,100.00,100.00
2026-05-13T11:25:35.214631,10.00,10.00,100.00,100.00
2026-05-13T11:25:35.315443,20.00,0.00,100.00,100.00
2026-05-13T11:25:35.421185,10.00,0.00,100.00,100.00
2026-05-13T11:25:35.522024,10.00,0.00,100.00,100.00
2026-05-13T11:25:35.625430,27.30,10.00,100.00,100.00
2026-05-13T11:25:35.726125,18.20,0.00,100.00,100.00
2026-05-13T11:25:35.826735,20.00,0.00,100.00,100.00
2026-05-13T11:25:35.931246,18.20,0.00,100.00,100.00
2026-05-13T11:25:36.031903,11.10,0.00,100.00,100.00
2026-05-13T11:25:36.136544,18.20,18.20,100.00,100.00
2026-05-13T11:25:36.237668,20.00,11.10,100.00,100.00
2026-05-13T11:25:36.338614,18.20,0.00,100.00,100.00
2026-05-13T11:25:36.443129,20.00,11.10,100.00,100.00
2026-05-13T11:25:36.544008,25.00,0.00,100.00,100.00
2026-05-13T11:25:36.648645,11.10,0.00,100.00,100.00
2026-05-13T11:25:36.749350,30.80,0.00,100.00,100.00
2026-05-13T11:25:36.849981,10.00,0.00,100.00,100.00
2026-05-13T11:25:36.953696,27.30,11.10,100.00,100.00
2026-05-13T11:25:37.054511,18.20,0.00,100.00,100.00
2026-05-13T11:25:37.158429,27.30,0.00,100.00,100.00
2026-05-13T11:25:37.259245,10.00,0.00,100.00,100.00
2026-05-13T11:25:37.360125,18.20,10.00,100.00,100.00
2026-05-13T11:25:37.465570,27.30,10.00,100.00,100.00
2026-05-13T11:25:37.566289,18.20,0.00,100.00,100.00
2026-05-13T11:25:37.670022,27.30,10.00,100.00,100.00
2026-05-13T11:25:37.770852,25.00,0.00,100.00,100.00
2026-05-13T11:25:37.871665,20.00,0.00,100.00,100.00
2026-05-13T11:25:37.976217,10.00,11.10,100.00,100.00
2026-05-13T11:25:38.076903,18.20,0.00,100.00,100.00
2026-05-13T11:25:38.181026,20.00,11.10,100.00,100.00
2026-05-13T11:25:38.281709,10.00,10.00,100.00,100.00
2026-05-13T11:25:38.382676,20.00,0.00,100.00,100.00
2026-05-13T11:25:38.487031,20.00,0.00,100.00,100.00
2026-05-13T11:25:38.587873,20.00,10.00,100.00,100.00
2026-05-13T11:25:38.693989,44.40,42.90,100.00,100.00
2026-05-13T11:25:38.795053,28.60,33.30,100.00,100.00
2026-05-13T11:25:38.896047,33.30,20.00,100.00,100.00
2026-05-13T11:25:39.001690,50.00,62.50,100.00,100.00
2026-05-13T11:25:39.102569,37.50,44.40,100.00,100.00
2026-05-13T11:25:39.207109,42.90,50.00,100.00,100.00
2026-05-13T11:25:39.308184,42.90,57.10,100.00,100.00
2026-05-13T11:25:39.409105,42.90,42.90,100.00,100.00
2026-05-13T11:25:39.516673,70.00,62.50,100.00,100.00
2026-05-13T11:25:39.617559,50.00,50.00,100.00,100.00
2026-05-13T11:25:39.724468,33.30,50.00,100.00,100.00
2026-05-13T11:25:39.825448,37.50,50.00,100.00,100.00
2026-05-13T11:25:39.926507,44.40,33.30,100.00,100.00
2026-05-13T11:25:40.031999,33.30,55.60,100.00,100.00
2026-05-13T11:25:40.134672,50.00,50.00,100.00,100.00
2026-05-13T11:25:40.241438,28.60,44.40,100.00,100.00
2026-05-13T11:25:40.344884,50.00,57.10,100.00,100.00
2026-05-13T11:25:40.445937,28.60,50.00,100.00,100.00
2026-05-13T11:25:40.554377,66.70,55.60,100.00,100.00
2026-05-13T11:25:40.655473,33.30,42.90,100.00,100.00
2026-05-13T11:25:40.762526,44.40,57.10,100.00,100.00
2026-05-13T11:25:40.863250,42.90,33.30,100.00,100.00
2026-05-13T11:25:40.964017,42.90,33.30,100.00,100.00
2026-05-13T11:25:41.070236,37.50,50.00,100.00,100.00
2026-05-13T11:25:41.171177,42.90,42.90,100.00,100.00
2026-05-13T11:25:41.276977,37.50,50.00,100.00,100.00
2026-05-13T11:25:41.377778,33.30,40.00,100.00,100.00
2026-05-13T11:25:41.478625,37.50,37.50,100.00,100.00
2026-05-13T11:25:41.584670,42.90,50.00,100.00,100.00
2026-05-13T11:25:41.685511,42.90,33.30,100.00,100.00
2026-05-13T11:25:41.791951,37.50,50.00,100.00,100.00
2026-05-13T11:25:41.892880,42.90,37.50,100.00,100.00
2026-05-13T11:25:41.993859,50.00,33.30,100.00,100.00
2026-05-13T11:25:42.099878,16.70,20.00,100.00,100.00
2026-05-13T11:25:42.200742,50.00,42.90,100.00,100.00
2026-05-13T11:25:42.308399,37.50,42.90,100.00,100.00
2026-05-13T11:25:42.409231,20.00,37.50,100.00,100.00
2026-05-13T11:25:42.510177,50.00,33.30,100.00,100.00
2026-05-13T11:25:42.616376,28.60,42.90,100.00,100.00
2026-05-13T11:25:42.717307,50.00,62.50,100.00,100.00
2026-05-13T11:25:42.826231,28.60,50.00,100.00,100.00
2026-05-13T11:25:42.927032,33.30,20.00,100.00,100.00
2026-05-13T11:25:43.027968,42.90,42.90,100.00,100.00
2026-05-13T11:25:43.133512,42.90,42.90,100.00,100.00
2026-05-13T11:25:43.234508,42.90,50.00,100.00,100.00
2026-05-13T11:25:43.341935,50.00,66.70,100.00,100.00
2026-05-13T11:25:43.442959,50.00,50.00,100.00,100.00
2026-05-13T11:25:43.544142,42.90,42.90,100.00,100.00
2026-05-13T11:25:43.733531,81.30,94.40,100.00,100.00
2026-05-13T11:25:43.784186,83.30,100.00,100.00,100.00
2026-05-13T11:25:43.891930,87.50,100.00,100.00,100.00
2026-05-13T11:25:43.992824,100.00,88.90,100.00,100.00
2026-05-13T11:25:44.093705,100.00,77.80,100.00,100.00
2026-05-13T11:25:44.199287,100.00,75.00,100.00,100.00
2026-05-13T11:25:44.300738,100.00,77.80,100.00,100.00
2026-05-13T11:25:44.407292,100.00,85.70,100.00,100.00
2026-05-13T11:25:44.508432,100.00,75.00,100.00,100.00
2026-05-13T11:25:44.609525,100.00,75.00,100.00,100.00
2026-05-13T11:25:44.718828,100.00,75.00,100.00,100.00
2026-05-13T11:25:44.819926,100.00,71.40,100.00,100.00
2026-05-13T11:25:44.925272,100.00,80.00,100.00,100.00
2026-05-13T11:25:45.026481,100.00,71.40,100.00,100.00
2026-05-13T11:25:45.127527,100.00,71.40,100.00,100.00
2026-05-13T11:25:45.232739,100.00,75.00,100.00,100.00
2026-05-13T11:25:45.333977,100.00,75.00,100.00,100.00
2026-05-13T11:25:45.440718,100.00,88.90,100.00,100.00
2026-05-13T11:25:45.541769,100.00,100.00,100.00,100.00
2026-05-13T11:25:45.642707,100.00,100.00,100.00,100.00
2026-05-13T11:25:45.749965,100.00,100.00,100.00,100.00
2026-05-13T11:25:45.850978,100.00,100.00,100.00,100.00
2026-05-13T11:25:45.960870,100.00,83.30,100.00,100.00
2026-05-13T11:25:46.061971,100.00,87.50,100.00,100.00
2026-05-13T11:25:46.163107,100.00,90.00,100.00,100.00
2026-05-13T11:25:46.270535,100.00,87.50,100.00,100.00
2026-05-13T11:25:46.371674,100.00,77.80,100.00,100.00
2026-05-13T11:25:46.477496,91.70,90.00,100.00,100.00
2026-05-13T11:25:46.578540,100.00,100.00,100.00,100.00
2026-05-13T11:25:46.679631,100.00,88.90,100.00,100.00
2026-05-13T11:25:46.785855,100.00,77.80,100.00,100.00
2026-05-13T11:25:46.886942,100.00,71.40,100.00,100.00
2026-05-13T11:25:46.993006,100.00,77.80,100.00,100.00
2026-05-13T11:25:47.094139,100.00,71.40,100.00,100.00
2026-05-13T11:25:47.197625,100.00,77.80,100.00,100.00
2026-05-13T11:25:47.304320,100.00,100.00,100.00,100.00
2026-05-13T11:25:47.405408,100.00,100.00,100.00,100.00
2026-05-13T11:25:47.511598,100.00,90.90,100.00,100.00
2026-05-13T11:25:47.613119,100.00,88.90,100.00,100.00
2026-05-13T11:25:47.714073,100.00,62.50,100.00,100.00
2026-05-13T11:25:47.821252,100.00,90.00,100.00,100.00
2026-05-13T11:25:47.922277,100.00,75.00,100.00,100.00
2026-05-13T11:25:48.028456,100.00,77.80,100.00,100.00
2026-05-13T11:25:48.129580,100.00,77.80,100.00,100.00
2026-05-13T11:25:48.230580,100.00,71.40,100.00,100.00
2026-05-13T11:25:48.337060,100.00,77.80,100.00,100.00
2026-05-13T11:25:48.438045,100.00,75.00,100.00,100.00
2026-05-13T11:25:48.543931,100.00,77.80,100.00,100.00
2026-05-13T11:25:48.644990,100.00,62.50,100.00,100.00
2026-05-13T11:25:48.746158,100.00,62.50,100.00,100.00
2026-05-13T11:25:48.852274,90.00,50.00,100.00,100.00
2026-05-13T11:25:48.953542,87.50,66.70,100.00,100.00
2026-05-13T11:25:49.059014,50.00,57.10,100.00,100.00
2026-05-13T11:25:49.160117,50.00,37.50,100.00,100.00
2026-05-13T11:25:49.261605,57.10,50.00,100.00,100.00
2026-05-13T11:25:49.367899,50.00,57.10,100.00,100.00
2026-05-13T11:25:49.468928,57.10,33.30,100.00,100.00
2026-05-13T11:25:49.574062,42.90,57.10,100.00,100.00
2026-05-13T11:25:49.675218,62.50,55.60,100.00,100.00
2026-05-13T11:25:49.776151,57.10,42.90,100.00,100.00
2026-05-13T11:25:49.880768,62.50,55.60,100.00,100.00
2026-05-13T11:25:49.981971,42.90,42.90,100.00,100.00
2026-05-13T11:25:50.087959,57.10,57.10,100.00,100.00
2026-05-13T11:25:50.189057,57.10,50.00,100.00,100.00
2026-05-13T11:25:50.290181,57.10,50.00,100.00,100.00
2026-05-13T11:25:50.398133,77.80,66.70,100.00,100.00
2026-05-13T11:25:50.499035,62.50,57.10,100.00,100.00
2026-05-13T11:25:50.604628,42.90,50.00,100.00,100.00
2026-05-13T11:25:50.705543,50.00,42.90,100.00,100.00
2026-05-13T11:25:50.806535,42.90,42.90,100.00,100.00
2026-05-13T11:25:50.912264,50.00,62.50,100.00,100.00
2026-05-13T11:25:51.013269,62.50,42.90,100.00,100.00
2026-05-13T11:25:51.118546,33.30,42.90,100.00,100.00
2026-05-13T11:25:51.219519,57.10,57.10,100.00,100.00
2026-05-13T11:25:51.320637,42.90,33.30,100.00,100.00
2026-05-13T11:25:51.426569,57.10,55.60,100.00,100.00
2026-05-13T11:25:51.527447,42.90,40.00,100.00,100.00
2026-05-13T11:25:51.632034,50.00,50.00,100.00,100.00
2026-05-13T11:25:51.732919,50.00,62.50,100.00,100.00
2026-05-13T11:25:51.833969,50.00,42.90,100.00,100.00
2026-05-13T11:25:51.940850,55.60,57.10,100.00,100.00
2026-05-13T11:25:52.041841,42.90,50.00,100.00,100.00
2026-05-13T11:25:52.147624,50.00,57.10,100.00,100.00
2026-05-13T11:25:52.248672,42.90,42.90,100.00,100.00
2026-05-13T11:25:52.349596,50.00,33.30,100.00,100.00
2026-05-13T11:25:52.454800,42.90,62.50,100.00,100.00
2026-05-13T11:25:52.555814,57.10,42.90,100.00,100.00
2026-05-13T11:25:52.660391,50.00,57.10,100.00,100.00
2026-05-13T11:25:52.761254,42.90,42.90,100.00,100.00
2026-05-13T11:25:52.862474,50.00,42.90,100.00,100.00
2026-05-13T11:25:52.967109,50.00,57.10,100.00,100.00
2026-05-13T11:25:53.068207,40.00,42.90,100.00,100.00
2026-05-13T11:25:53.173881,55.60,50.00,100.00,100.00
2026-05-13T11:25:53.275006,57.10,57.10,100.00,100.00
2026-05-13T11:25:53.375855,42.90,33.30,100.00,100.00
2026-05-13T11:25:53.480890,62.50,55.60,100.00,100.00
2026-05-13T11:25:53.581793,50.00,42.90,100.00,100.00
2026-05-13T11:25:53.758193,53.80,36.40,100.00,100.00
2026-05-13T11:25:53.859121,28.60,16.70,100.00,100.00
2026-05-13T11:25:53.960063,16.70,37.50,100.00,100.00
2026-05-13T11:25:54.064454,25.00,14.30,100.00,100.00
2026-05-13T11:25:54.165361,16.70,28.60,100.00,100.00
2026-05-13T11:25:54.270459,28.60,16.70,100.00,100.00
2026-05-13T11:25:54.371281,37.50,25.00,100.00,100.00
2026-05-13T11:25:54.472185,25.00,16.70,100.00,100.00
2026-05-13T11:25:54.577943,16.70,28.60,100.00,100.00
2026-05-13T11:25:54.678918,28.60,25.00,100.00,100.00
2026-05-13T11:25:54.783454,0.00,16.70,100.00,100.00
2026-05-13T11:25:54.884343,28.60,28.60,100.00,100.00
2026-05-13T11:25:54.985228,16.70,16.70,100.00,100.00
2026-05-13T11:25:55.089398,33.30,25.00,100.00,100.00
2026-05-13T11:25:55.190391,16.70,14.30,100.00,100.00
2026-05-13T11:25:55.295056,28.60,28.60,100.00,100.00
2026-05-13T11:25:55.396057,16.70,28.60,100.00,100.00
2026-05-13T11:25:55.496988,25.00,14.30,100.00,100.00
2026-05-13T11:25:55.602280,28.60,16.70,100.00,100.00
2026-05-13T11:25:55.703194,14.30,25.00,100.00,100.00
2026-05-13T11:25:55.808639,16.70,28.60,100.00,100.00
2026-05-13T11:25:55.909583,16.70,16.70,100.00,100.00
2026-05-13T11:25:56.010490,28.60,33.30,100.00,100.00
2026-05-13T11:25:56.114971,28.60,16.70,100.00,100.00
2026-05-13T11:25:56.216033,14.30,14.30,100.00,100.00
2026-05-13T11:25:56.320159,16.70,28.60,100.00,100.00
2026-05-13T11:25:56.421150,37.50,16.70,100.00,100.00
2026-05-13T11:25:56.522311,14.30,25.00,100.00,100.00
2026-05-13T11:25:56.627054,16.70,28.60,100.00,100.00
2026-05-13T11:25:56.728052,37.50,16.70,100.00,100.00
2026-05-13T11:25:56.833108,0.00,25.00,100.00,100.00
2026-05-13T11:25:56.934120,37.50,0.00,100.00,100.00
2026-05-13T11:25:57.035041,28.60,37.50,100.00,100.00
2026-05-13T11:25:57.139143,16.70,14.30,100.00,100.00
2026-05-13T11:25:57.240195,25.00,28.60,100.00,100.00
2026-05-13T11:25:57.344809,37.50,25.00,100.00,100.00
2026-05-13T11:25:57.445912,16.70,16.70,100.00,100.00
2026-05-13T11:25:57.546884,25.00,28.60,100.00,100.00
2026-05-13T11:25:57.651988,16.70,0.00,100.00,100.00
2026-05-13T11:25:57.753040,28.60,28.60,100.00,100.00
2026-05-13T11:25:57.858807,37.50,37.50,100.00,100.00
2026-05-13T11:25:57.959560,16.70,14.30,100.00,100.00
2026-05-13T11:25:58.060915,25.00,28.60,100.00,100.00
2026-05-13T11:25:58.165079,16.70,25.00,100.00,100.00
2026-05-13T11:25:58.266936,14.30,16.70,100.00,100.00
2026-05-13T11:25:58.372068,37.50,37.50,100.00,100.00
2026-05-13T11:25:58.472867,16.70,16.70,100.00,100.00
2026-05-13T11:25:58.574232,0.00,25.00,100.00,100.00
2026-05-13T11:25:58.679500,37.50,33.30,100.00,100.00
2026-05-13T11:25:58.780902,33.30,28.60,100.00,100.00
2026-05-13T11:25:58.885503,33.30,33.30,100.00,100.00
2026-05-13T11:25:58.986478,42.90,33.30,100.00,100.00
2026-05-13T11:25:59.087705,42.90,37.50,100.00,100.00
2026-05-13T11:25:59.193064,33.30,33.30,100.00,100.00
2026-05-13T11:25:59.293981,50.00,28.60,100.00,100.00
2026-05-13T11:25:59.400112,20.00,42.90,100.00,100.00
2026-05-13T11:25:59.500911,33.30,16.70,100.00,100.00
2026-05-13T11:25:59.602055,28.60,42.90,100.00,100.00
2026-05-13T11:25:59.706869,50.00,44.40,100.00,100.00
2026-05-13T11:25:59.807783,42.90,33.30,100.00,100.00
2026-05-13T11:25:59.913855,33.30,42.90,100.00,100.00
2026-05-13T11:26:00.015716,50.00,28.60,100.00,100.00
2026-05-13T11:26:00.116652,50.00,62.50,100.00,100.00
2026-05-13T11:26:00.220885,33.30,28.60,100.00,100.00
2026-05-13T11:26:00.321834,50.00,33.30,100.00,100.00
2026-05-13T11:26:00.426911,33.30,37.50,100.00,100.00
2026-05-13T11:26:00.527772,50.00,37.50,100.00,100.00
2026-05-13T11:26:00.628763,20.00,33.30,100.00,100.00
2026-05-13T11:26:00.732976,20.00,42.90,100.00,100.00
2026-05-13T11:26:00.833963,42.90,28.60,100.00,100.00
2026-05-13T11:26:00.938488,60.00,42.90,100.00,100.00
2026-05-13T11:26:01.039532,50.00,42.90,100.00,100.00
2026-05-13T11:26:01.140565,50.00,42.90,100.00,100.00
2026-05-13T11:26:01.244951,42.90,28.60,100.00,100.00
2026-05-13T11:26:01.346198,28.60,50.00,100.00,100.00
2026-05-13T11:26:01.450911,42.90,42.90,100.00,100.00
2026-05-13T11:26:01.551781,20.00,16.70,100.00,100.00
2026-05-13T11:26:01.652885,33.30,42.90,100.00,100.00
2026-05-13T11:26:01.757309,44.40,44.40,100.00,100.00
2026-05-13T11:26:01.858236,50.00,42.90,100.00,100.00
2026-05-13T11:26:01.963490,44.40,33.30,100.00,100.00
2026-05-13T11:26:02.064394,40.00,28.60,100.00,100.00
2026-05-13T11:26:02.165214,28.60,44.40,100.00,100.00
2026-05-13T11:26:02.270107,57.10,50.00,100.00,100.00
2026-05-13T11:26:02.371200,42.90,20.00,100.00,100.00
2026-05-13T11:26:02.476677,40.00,50.00,100.00,100.00
2026-05-13T11:26:02.577544,42.90,28.60,100.00,100.00
2026-05-13T11:26:02.678739,33.30,42.90,100.00,100.00
2026-05-13T11:26:02.783991,55.60,33.30,100.00,100.00
2026-05-13T11:26:02.885085,50.00,50.00,100.00,100.00
2026-05-13T11:26:02.989846,33.30,50.00,100.00,100.00
2026-05-13T11:26:03.090932,57.10,20.00,100.00,100.00
2026-05-13T11:26:03.191969,50.00,50.00,100.00,100.00
2026-05-13T11:26:03.297143,42.90,50.00,100.00,100.00
2026-05-13T11:26:03.398019,33.30,16.70,100.00,100.00
2026-05-13T11:26:03.503416,28.60,42.90,100.00,100.00
2026-05-13T11:26:03.604371,42.90,28.60,100.00,100.00
2026-05-13T11:26:03.705222,14.30,16.70,100.00,100.00
2026-05-13T11:26:03.809950,37.50,28.60,100.00,100.00
2026-05-13T11:26:03.910880,0.00,25.00,100.00,100.00
2026-05-13T11:26:04.017145,25.00,28.60,100.00,100.00
2026-05-13T11:26:04.118056,16.70,16.70,100.00,100.00
2026-05-13T11:26:04.218943,25.00,16.70,100.00,100.00
2026-05-13T11:26:04.324114,28.60,28.60,100.00,100.00
2026-05-13T11:26:04.424956,37.50,0.00,100.00,100.00
2026-05-13T11:26:04.529878,16.70,33.30,100.00,100.00
2026-05-13T11:26:04.631029,25.00,0.00,100.00,100.00
2026-05-13T11:26:04.731889,37.50,16.70,100.00,100.00
2026-05-13T11:26:04.836827,0.00,14.30,100.00,100.00
2026-05-13T11:26:04.938740,25.00,37.50,100.00,100.00
2026-05-13T11:26:05.043927,0.00,14.30,100.00,100.00
2026-05-13T11:26:05.144751,25.00,16.70,100.00,100.00
2026-05-13T11:26:05.245578,16.70,0.00,100.00,100.00
2026-05-13T11:26:05.350921,14.30,37.50,100.00,100.00
2026-05-13T11:26:05.452204,28.60,0.00,100.00,100.00
2026-05-13T11:26:05.556540,25.00,28.60,100.00,100.00
2026-05-13T11:26:05.657498,14.30,14.30,100.00,100.00
2026-05-13T11:26:05.758399,28.60,16.70,100.00,100.00
2026-05-13T11:26:05.863593,0.00,37.50,100.00,100.00
2026-05-13T11:26:05.964402,33.30,14.30,100.00,100.00
2026-05-13T11:26:06.070029,25.00,28.60,100.00,100.00
2026-05-13T11:26:06.171192,28.60,0.00,100.00,100.00
2026-05-13T11:26:06.272044,16.70,37.50,100.00,100.00
2026-05-13T11:26:06.376957,25.00,28.60,100.00,100.00
2026-05-13T11:26:06.478410,16.70,14.30,100.00,100.00
2026-05-13T11:26:06.583118,25.00,28.60,100.00,100.00
2026-05-13T11:26:06.683866,28.60,25.00,100.00,100.00
2026-05-13T11:26:06.784710,25.00,16.70,100.00,100.00
2026-05-13T11:26:06.889046,16.70,33.30,100.00,100.00
2026-05-13T11:26:06.990506,25.00,16.70,100.00,100.00
2026-05-13T11:26:07.095831,16.70,16.70,100.00,100.00
2026-05-13T11:26:07.196580,37.50,16.70,100.00,100.00
2026-05-13T11:26:07.297417,25.00,33.30,100.00,100.00
2026-05-13T11:26:07.402018,28.60,0.00,100.00,100.00
2026-05-13T11:26:07.502829,33.30,14.30,100.00,100.00
2026-05-13T11:26:07.607606,16.70,14.30,100.00,100.00
2026-05-13T11:26:07.708485,14.30,28.60,100.00,100.00
2026-05-13T11:26:07.809257,28.60,16.70,100.00,100.00
2026-05-13T11:26:07.914141,25.00,25.00,100.00,100.00
2026-05-13T11:26:08.014984,14.30,0.00,100.00,100.00
2026-05-13T11:26:08.120346,28.60,33.30,100.00,100.00
2026-05-13T11:26:08.221072,16.70,16.70,100.00,100.00
2026-05-13T11:26:08.321977,25.00,14.30,100.00,100.00
2026-05-13T11:26:08.426068,28.60,28.60,100.00,100.00
2026-05-13T11:26:08.526899,14.30,16.70,100.00,100.00
2026-05-13T11:26:08.709152,75.00,82.40,100.00,100.00
2026-05-13T11:26:08.760186,100.00,100.00,100.00,100.00
2026-05-13T11:26:08.861427,100.00,88.90,100.00,100.00
2026-05-13T11:26:08.968668,88.90,100.00,100.00,100.00
2026-05-13T11:26:09.069715,77.80,100.00,100.00,100.00
2026-05-13T11:26:09.178188,77.80,100.00,100.00,100.00
2026-05-13T11:26:09.279334,100.00,91.70,100.00,100.00
2026-05-13T11:26:09.380478,100.00,88.90,100.00,100.00
2026-05-13T11:26:09.487544,100.00,100.00,100.00,100.00
2026-05-13T11:26:09.588573,90.90,100.00,100.00,100.00
2026-05-13T11:26:09.693540,100.00,100.00,100.00,100.00
2026-05-13T11:26:09.795736,90.90,90.00,100.00,100.00
2026-05-13T11:26:09.896848,100.00,100.00,100.00,100.00
2026-05-13T11:26:10.001713,100.00,100.00,100.00,100.00
2026-05-13T11:26:10.102725,80.00,100.00,100.00,100.00
2026-05-13T11:26:10.207873,100.00,88.90,100.00,100.00
2026-05-13T11:26:10.308863,100.00,90.00,100.00,100.00
2026-05-13T11:26:10.409957,100.00,100.00,100.00,100.00
2026-05-13T11:26:10.520962,100.00,88.90,100.00,100.00
2026-05-13T11:26:10.621982,100.00,90.00,100.00,100.00
2026-05-13T11:26:10.728895,77.80,100.00,100.00,100.00
2026-05-13T11:26:10.829919,100.00,88.90,100.00,100.00
2026-05-13T11:26:10.930956,100.00,100.00,100.00,100.00
2026-05-13T11:26:11.037549,90.00,100.00,100.00,100.00
2026-05-13T11:26:11.138664,90.00,90.00,100.00,100.00
2026-05-13T11:26:11.245489,100.00,100.00,100.00,100.00
2026-05-13T11:26:11.346625,100.00,90.00,100.00,100.00
2026-05-13T11:26:11.447590,90.00,90.00,100.00,100.00
2026-05-13T11:26:11.554082,88.90,100.00,100.00,100.00
2026-05-13T11:26:11.655108,77.80,100.00,100.00,100.00
2026-05-13T11:26:11.759821,87.50,100.00,100.00,100.00
2026-05-13T11:26:11.861597,100.00,100.00,100.00,100.00
2026-05-13T11:26:11.962867,90.00,100.00,100.00,100.00
2026-05-13T11:26:12.070213,80.00,100.00,100.00,100.00
2026-05-13T11:26:12.171172,88.90,100.00,100.00,100.00
2026-05-13T11:26:12.276323,77.80,100.00,100.00,100.00
2026-05-13T11:26:12.377454,66.70,100.00,100.00,100.00
2026-05-13T11:26:12.478654,100.00,100.00,100.00,100.00
2026-05-13T11:26:12.584606,88.90,100.00,100.00,100.00
2026-05-13T11:26:12.685614,100.00,87.50,100.00,100.00
2026-05-13T11:26:12.792439,100.00,90.90,100.00,100.00
2026-05-13T11:26:12.893459,88.90,100.00,100.00,100.00
2026-05-13T11:26:12.996404,100.00,100.00,100.00,100.00
2026-05-13T11:26:13.101302,100.00,90.00,100.00,100.00
2026-05-13T11:26:13.204536,100.00,75.00,100.00,100.00
2026-05-13T11:26:13.310367,100.00,90.00,100.00,100.00
2026-05-13T11:26:13.411374,90.00,100.00,100.00,100.00
2026-05-13T11:26:13.512436,100.00,75.00,100.00,100.00
2026-05-13T11:26:13.616936,88.90,100.00,100.00,100.00
2026-05-13T11:26:13.718543,100.00,90.00,100.00,100.00
2026-05-13T11:26:13.823679,100.00,72.70,100.00,100.00
2026-05-13T11:26:13.924632,100.00,100.00,100.00,100.00
2026-05-13T11:26:14.025625,88.90,100.00,100.00,100.00
2026-05-13T11:26:14.132275,90.90,100.00,100.00,100.00
2026-05-13T11:26:14.233704,100.00,80.00,100.00,100.00
2026-05-13T11:26:14.339857,100.00,75.00,100.00,100.00
2026-05-13T11:26:14.440853,100.00,88.90,100.00,100.00
2026-05-13T11:26:14.541795,100.00,77.80,100.00,100.00
2026-05-13T11:26:14.647190,100.00,77.80,100.00,100.00
2026-05-13T11:26:14.748536,100.00,75.00,100.00,100.00
2026-05-13T11:26:14.854556,100.00,77.80,100.00,100.00
2026-05-13T11:26:14.955558,100.00,66.70,100.00,100.00
2026-05-13T11:26:15.056829,100.00,80.00,100.00,100.00
2026-05-13T11:26:15.163290,100.00,100.00,100.00,100.00
2026-05-13T11:26:15.264461,100.00,75.00,100.00,100.00
2026-05-13T11:26:15.370538,100.00,90.90,100.00,100.00
2026-05-13T11:26:15.471759,100.00,100.00,100.00,100.00
2026-05-13T11:26:15.572852,100.00,100.00,100.00,100.00
2026-05-13T11:26:15.678519,75.00,100.00,100.00,100.00
2026-05-13T11:26:15.781027,100.00,100.00,100.00,100.00
2026-05-13T11:26:15.887712,100.00,100.00,100.00,100.00
2026-05-13T11:26:15.988771,100.00,100.00,100.00,100.00
2026-05-13T11:26:16.089895,100.00,100.00,100.00,100.00
2026-05-13T11:26:16.195600,90.90,100.00,100.00,100.00
2026-05-13T11:26:16.296629,88.90,100.00,100.00,100.00
2026-05-13T11:26:16.404715,80.00,100.00,100.00,100.00
2026-05-13T11:26:16.505869,87.50,100.00,100.00,100.00
2026-05-13T11:26:16.606959,71.40,100.00,100.00,100.00
2026-05-13T11:26:16.713548,90.00,100.00,100.00,100.00
2026-05-13T11:26:16.814689,75.00,100.00,100.00,100.00
2026-05-13T11:26:16.920041,88.90,100.00,100.00,100.00
2026-05-13T11:26:17.021082,100.00,100.00,100.00,100.00
2026-05-13T11:26:17.123006,100.00,100.00,100.00,100.00
2026-05-13T11:26:17.228565,100.00,90.90,100.00,100.00
2026-05-13T11:26:17.329685,100.00,100.00,100.00,100.00
2026-05-13T11:26:17.435718,100.00,100.00,100.00,100.00
2026-05-13T11:26:17.536837,100.00,100.00,100.00,100.00
2026-05-13T11:26:17.639966,100.00,100.00,100.00,100.00
2026-05-13T11:26:17.746753,100.00,90.00,100.00,100.00
2026-05-13T11:26:17.847781,100.00,92.30,100.00,100.00
2026-05-13T11:26:17.953447,100.00,100.00,100.00,100.00
2026-05-13T11:26:18.055644,100.00,100.00,100.00,100.00
2026-05-13T11:26:18.156771,100.00,100.00,100.00,100.00
2026-05-13T11:26:18.262779,100.00,90.00,100.00,100.00
2026-05-13T11:26:18.363921,100.00,100.00,100.00,100.00
2026-05-13T11:26:18.468798,100.00,90.90,100.00,100.00
2026-05-13T11:26:18.570551,100.00,100.00,100.00,100.00
2026-05-13T11:26:18.671670,100.00,90.00,100.00,100.00
2026-05-13T11:26:18.779345,100.00,100.00,100.00,100.00
2026-05-13T11:26:18.880612,100.00,90.00,100.00,100.00
2026-05-13T11:26:18.987226,88.90,100.00,100.00,100.00
2026-05-13T11:26:19.088863,100.00,100.00,100.00,100.00
2026-05-13T11:26:19.190041,100.00,100.00,100.00,100.00
2026-05-13T11:26:19.298751,100.00,90.00,100.00,100.00
2026-05-13T11:26:19.400395,100.00,100.00,100.00,100.00
2026-05-13T11:26:19.506971,100.00,75.00,100.00,100.00
2026-05-13T11:26:19.608577,100.00,77.80,100.00,100.00
2026-05-13T11:26:19.710181,100.00,100.00,100.00,100.00
2026-05-13T11:26:19.815193,88.90,90.00,100.00,100.00
2026-05-13T11:26:19.916273,90.00,90.90,100.00,100.00
2026-05-13T11:26:20.021133,100.00,71.40,100.00,100.00
2026-05-13T11:26:20.122268,100.00,75.00,100.00,100.00
2026-05-13T11:26:20.223362,90.00,90.00,100.00,100.00
2026-05-13T11:26:20.328117,100.00,88.90,100.00,100.00
2026-05-13T11:26:20.429211,100.00,71.40,100.00,100.00
2026-05-13T11:26:20.537002,90.90,88.90,100.00,100.00
2026-05-13T11:26:20.637966,88.90,90.90,100.00,100.00
2026-05-13T11:26:20.740006,87.50,100.00,100.00,100.00
2026-05-13T11:26:20.844676,81.80,100.00,100.00,100.00
2026-05-13T11:26:20.946860,100.00,100.00,100.00,100.00
2026-05-13T11:26:21.053181,66.70,100.00,100.00,100.00
2026-05-13T11:26:21.154202,100.00,100.00,100.00,100.00
2026-05-13T11:26:21.255959,100.00,100.00,100.00,100.00
2026-05-13T11:26:21.362427,100.00,77.80,100.00,100.00
2026-05-13T11:26:21.463868,100.00,77.80,100.00,100.00
2026-05-13T11:26:21.570128,100.00,77.80,100.00,100.00
2026-05-13T11:26:21.671020,100.00,85.70,100.00,100.00
2026-05-13T11:26:21.772833,100.00,80.00,100.00,100.00
2026-05-13T11:26:21.878338,100.00,100.00,100.00,100.00
2026-05-13T11:26:21.979788,100.00,77.80,100.00,100.00
2026-05-13T11:26:22.085159,100.00,85.70,100.00,100.00
2026-05-13T11:26:22.186220,100.00,77.80,100.00,100.00
2026-05-13T11:26:22.287156,100.00,87.50,100.00,100.00
2026-05-13T11:26:22.394765,100.00,81.80,100.00,100.00
2026-05-13T11:26:22.495591,100.00,85.70,100.00,100.00
2026-05-13T11:26:22.601751,100.00,75.00,100.00,100.00
2026-05-13T11:26:22.703184,100.00,88.90,100.00,100.00
2026-05-13T11:26:22.804029,100.00,100.00,100.00,100.00
2026-05-13T11:26:22.909307,100.00,90.90,100.00,100.00
2026-05-13T11:26:23.010294,100.00,100.00,100.00,100.00
2026-05-13T11:26:23.115157,100.00,90.00,100.00,100.00
2026-05-13T11:26:23.216315,100.00,77.80,100.00,100.00
2026-05-13T11:26:23.317232,100.00,77.80,100.00,100.00
2026-05-13T11:26:23.423826,100.00,75.00,100.00,100.00
2026-05-13T11:26:23.524712,100.00,88.90,100.00,100.00
2026-05-13T11:26:23.630062,75.00,88.90,100.00,100.00
2026-05-13T11:26:23.730908,50.00,77.80,100.00,100.00
2026-05-13T11:26:23.831652,20.00,50.00,100.00,100.00
2026-05-13T11:26:24.000530,50.00,53.80,100.00,100.00
2026-05-13T11:26:24.101420,16.70,25.00,100.00,100.00
2026-05-13T11:26:24.205965,16.70,16.70,100.00,100.00
2026-05-13T11:26:24.306862,28.60,37.50,100.00,100.00
2026-05-13T11:26:24.411575,25.00,0.00,100.00,100.00
2026-05-13T11:26:24.512648,16.70,25.00,100.00,100.00
2026-05-13T11:26:24.613523,28.60,28.60,100.00,100.00
2026-05-13T11:26:24.717985,25.00,14.30,100.00,100.00
2026-05-13T11:26:24.818829,16.70,16.70,100.00,100.00
2026-05-13T11:26:24.923541,14.30,28.60,100.00,100.00
2026-05-13T11:26:25.024578,14.30,14.30,100.00,100.00
2026-05-13T11:26:25.125466,28.60,16.70,100.00,100.00
2026-05-13T11:26:25.229744,16.70,25.00,100.00,100.00
2026-05-13T11:26:25.330531,25.00,16.70,100.00,100.00
2026-05-13T11:26:25.434810,0.00,25.00,100.00,100.00
2026-05-13T11:26:25.535753,25.00,0.00,100.00,100.00
2026-05-13T11:26:25.636690,28.60,33.30,100.00,100.00
2026-05-13T11:26:25.740994,14.30,0.00,100.00,100.00
2026-05-13T11:26:25.841897,28.60,37.50,100.00,100.00
2026-05-13T11:26:25.946243,14.30,14.30,100.00,100.00
2026-05-13T11:26:26.047157,28.60,16.70,100.00,100.00
2026-05-13T11:26:26.148284,0.00,28.60,100.00,100.00
2026-05-13T11:26:26.253345,28.60,14.30,100.00,100.00
2026-05-13T11:26:26.354189,0.00,16.70,100.00,100.00
2026-05-13T11:26:26.458909,25.00,28.60,100.00,100.00
2026-05-13T11:26:26.559816,16.70,0.00,100.00,100.00
2026-05-13T11:26:26.660723,16.70,14.30,100.00,100.00
2026-05-13T11:26:26.764972,14.30,16.70,100.00,100.00
2026-05-13T11:26:26.865915,16.70,28.60,100.00,100.00
2026-05-13T11:26:26.970168,40.00,25.00,100.00,100.00
2026-05-13T11:26:27.071155,0.00,25.00,100.00,100.00
2026-05-13T11:26:27.172126,28.60,16.70,100.00,100.00
2026-05-13T11:26:27.277252,25.00,0.00,100.00,100.00
2026-05-13T11:26:27.378148,16.70,25.00,100.00,100.00
2026-05-13T11:26:27.482580,14.30,16.70,100.00,100.00
2026-05-13T11:26:27.583525,33.30,14.30,100.00,100.00
2026-05-13T11:26:27.684426,16.70,28.60,100.00,100.00
2026-05-13T11:26:27.789246,25.00,16.70,100.00,100.00
2026-05-13T11:26:27.890004,16.70,16.70,100.00,100.00
2026-05-13T11:26:27.993973,14.30,14.30,100.00,100.00
2026-05-13T11:26:28.094848,28.60,25.00,100.00,100.00
2026-05-13T11:26:28.195723,14.30,16.70,100.00,100.00
2026-05-13T11:26:28.299879,16.70,16.70,100.00,100.00
2026-05-13T11:26:28.400721,25.00,28.60,100.00,100.00
2026-05-13T11:26:28.504729,28.60,14.30,100.00,100.00
2026-05-13T11:26:28.605516,0.00,0.00,100.00,100.00
2026-05-13T11:26:28.706246,11.10,10.00,100.00,100.00
2026-05-13T11:26:28.809986,10.00,20.00,100.00,100.00
2026-05-13T11:26:28.910735,11.10,0.00,100.00,100.00
2026-05-13T11:26:29.014474,18.20,0.00,100.00,100.00
2026-05-13T11:26:29.115246,22.20,11.10,100.00,100.00
2026-05-13T11:26:29.216053,10.00,0.00,100.00,100.00
2026-05-13T11:26:29.320138,27.30,0.00,100.00,100.00
2026-05-13T11:26:29.420945,20.00,0.00,100.00,100.00
2026-05-13T11:26:29.524781,10.00,10.00,100.00,100.00
2026-05-13T11:26:29.625648,20.00,0.00,100.00,100.00
2026-05-13T11:26:29.726543,20.00,11.10,100.00,100.00
2026-05-13T11:26:29.830619,18.20,0.00,100.00,100.00
2026-05-13T11:26:29.931447,0.00,0.00,100.00,100.00
2026-05-13T11:26:30.035332,30.80,10.00,100.00,100.00
2026-05-13T11:26:30.136073,20.00,0.00,100.00,100.00
2026-05-13T11:26:30.236889,0.00,11.10,100.00,100.00
2026-05-13T11:26:30.340721,11.10,0.00,100.00,100.00
2026-05-13T11:26:30.441485,25.00,11.10,100.00,100.00
2026-05-13T11:26:30.545008,11.10,10.00,100.00,100.00
2026-05-13T11:26:30.645751,11.10,0.00,100.00,100.00
2026-05-13T11:26:30.746470,10.00,0.00,100.00,100.00
2026-05-13T11:26:30.850515,11.10,10.00,100.00,100.00
2026-05-13T11:26:30.951259,0.00,0.00,100.00,100.00
2026-05-13T11:26:31.055130,18.20,10.00,100.00,100.00
2026-05-13T11:26:31.155926,20.00,0.00,100.00,100.00
2026-05-13T11:26:31.256722,18.20,0.00,100.00,100.00
2026-05-13T11:26:31.360570,0.00,11.10,100.00,100.00
2026-05-13T11:26:31.461402,18.20,10.00,100.00,100.00
2026-05-13T11:26:31.564907,20.00,0.00,100.00,100.00
2026-05-13T11:26:31.665822,11.10,0.00,100.00,100.00
2026-05-13T11:26:31.766735,10.00,0.00,100.00,100.00
2026-05-13T11:26:31.871428,11.10,18.20,100.00,100.00
2026-05-13T11:26:31.972211,11.10,0.00,100.00,100.00
2026-05-13T11:26:32.076177,10.00,10.00,100.00,100.00
2026-05-13T11:26:32.176943,20.00,0.00,100.00,100.00
2026-05-13T11:26:32.277836,11.10,0.00,100.00,100.00
2026-05-13T11:26:32.381510,10.00,10.00,100.00,100.00
2026-05-13T11:26:32.482271,20.00,11.10,100.00,100.00
2026-05-13T11:26:32.586227,27.30,0.00,100.00,100.00
2026-05-13T11:26:32.687047,11.10,0.00,100.00,100.00
2026-05-13T11:26:32.787864,18.20,0.00,100.00,100.00
2026-05-13T11:26:32.891600,27.30,11.10,100.00,100.00
2026-05-13T11:26:32.992542,0.00,0.00,100.00,100.00
2026-05-13T11:26:33.096297,18.20,11.10,100.00,100.00
2026-05-13T11:26:33.197088,11.10,10.00,100.00,100.00
2026-05-13T11:26:33.297971,25.00,0.00,100.00,100.00
2026-05-13T11:26:33.401732,11.10,11.10,100.00,100.00
2026-05-13T11:26:33.502575,20.00,0.00,100.00,100.00
2026-05-13T11:26:33.608154,12.50,0.00,100.00,100.00
2026-05-13T11:26:33.709187,62.50,66.70,100.00,100.00
2026-05-13T11:26:33.810435,57.10,57.10,100.00,100.00
2026-05-13T11:26:33.916120,62.50,62.50,100.00,100.00
2026-05-13T11:26:34.017192,50.00,57.10,100.00,100.00
2026-05-13T11:26:34.122820,57.10,62.50,100.00,100.00
2026-05-13T11:26:34.223835,60.00,40.00,100.00,100.00
2026-05-13T11:26:34.324961,57.10,75.00,100.00,100.00
2026-05-13T11:26:34.430136,62.50,62.50,100.00,100.00
2026-05-13T11:26:34.531361,62.50,62.50,100.00,100.00
2026-05-13T11:26:34.636816,57.10,50.00,100.00,100.00
2026-05-13T11:26:34.737783,62.50,57.10,100.00,100.00
2026-05-13T11:26:34.838800,57.10,62.50,100.00,100.00
2026-05-13T11:26:34.944596,66.70,62.50,100.00,100.00
2026-05-13T11:26:35.045982,62.50,62.50,100.00,100.00
2026-05-13T11:26:35.152470,57.10,57.10,100.00,100.00
2026-05-13T11:26:35.253473,75.00,62.50,100.00,100.00
2026-05-13T11:26:35.354433,77.80,75.00,100.00,100.00
2026-05-13T11:26:35.523875,76.90,85.70,100.00,100.00
2026-05-13T11:26:35.574483,75.00,83.30,100.00,100.00
2026-05-13T11:26:35.678991,62.50,66.70,100.00,100.00
2026-05-13T11:26:35.780049,85.70,75.00,100.00,100.00
2026-05-13T11:26:35.881134,77.80,75.00,100.00,100.00
2026-05-13T11:26:35.987403,66.70,75.00,100.00,100.00
2026-05-13T11:26:36.088972,66.70,88.90,100.00,100.00
2026-05-13T11:26:36.195561,62.50,75.00,100.00,100.00
2026-05-13T11:26:36.296515,87.50,88.90,100.00,100.00
2026-05-13T11:26:36.397624,62.50,75.00,100.00,100.00
2026-05-13T11:26:36.503190,75.00,75.00,100.00,100.00
2026-05-13T11:26:36.604227,62.50,57.10,100.00,100.00
2026-05-13T11:26:36.711720,57.10,80.00,100.00,100.00
2026-05-13T11:26:36.812656,71.40,71.40,100.00,100.00
2026-05-13T11:26:36.913722,71.40,87.50,100.00,100.00
2026-05-13T11:26:37.020847,75.00,77.80,100.00,100.00
2026-05-13T11:26:37.122480,66.70,75.00,100.00,100.00
2026-05-13T11:26:37.227517,71.40,75.00,100.00,100.00
2026-05-13T11:26:37.328407,62.50,62.50,100.00,100.00
2026-05-13T11:26:37.429450,75.00,50.00,100.00,100.00
2026-05-13T11:26:37.534576,57.10,62.50,100.00,100.00
2026-05-13T11:26:37.635570,75.00,62.50,100.00,100.00
2026-05-13T11:26:37.741065,57.10,50.00,100.00,100.00
2026-05-13T11:26:37.842048,75.00,75.00,100.00,100.00
2026-05-13T11:26:37.942999,75.00,75.00,100.00,100.00
2026-05-13T11:26:38.048906,75.00,77.80,100.00,100.00
2026-05-13T11:26:38.150065,75.00,77.80,100.00,100.00
2026-05-13T11:26:38.257179,66.70,77.80,100.00,100.00
2026-05-13T11:26:38.358010,71.40,66.70,100.00,100.00
2026-05-13T11:26:38.458909,75.00,80.00,100.00,100.00
2026-05-13T11:26:38.563643,66.70,62.50,100.00,100.00
2026-05-13T11:26:38.718878,10.00,35.70,100.00,100.00
2026-05-13T11:26:38.772509,0.00,16.70,100.00,100.00
2026-05-13T11:26:38.873299,11.10,0.00,100.00,100.00
2026-05-13T11:26:38.974176,20.00,11.10,100.00,100.00
2026-05-13T11:26:39.078007,22.20,0.00,100.00,100.00
2026-05-13T11:26:39.178830,11.10,0.00,100.00,100.00
2026-05-13T11:26:39.282763,27.30,11.10,100.00,100.00
2026-05-13T11:26:39.383576,11.10,0.00,100.00,100.00
2026-05-13T11:26:39.484361,22.20,22.20,100.00,100.00
2026-05-13T11:26:39.588116,10.00,0.00,100.00,100.00
2026-05-13T11:26:39.688999,20.00,11.10,100.00,100.00
2026-05-13T11:26:39.792631,11.10,11.10,100.00,100.00
2026-05-13T11:26:39.893448,11.10,0.00,100.00,100.00
2026-05-13T11:26:39.994221,20.00,0.00,100.00,100.00
2026-05-13T11:26:40.097988,11.10,11.10,100.00,100.00
2026-05-13T11:26:40.198833,27.30,22.20,100.00,100.00
2026-05-13T11:26:40.302714,11.10,0.00,100.00,100.00
2026-05-13T11:26:40.403528,12.50,0.00,100.00,100.00
2026-05-13T11:26:40.504417,20.00,0.00,100.00,100.00
2026-05-13T11:26:40.608479,10.00,11.10,100.00,100.00
2026-05-13T11:26:40.709261,22.20,11.10,100.00,100.00
2026-05-13T11:26:40.813379,20.00,0.00,100.00,100.00
2026-05-13T11:26:40.914198,20.00,0.00,100.00,100.00
2026-05-13T11:26:41.015041,11.10,12.50,100.00,100.00
2026-05-13T11:26:41.118838,11.10,10.00,100.00,100.00
2026-05-13T11:26:41.219698,20.00,0.00,100.00,100.00
2026-05-13T11:26:41.323770,11.10,0.00,100.00,100.00
2026-05-13T11:26:41.424627,11.10,0.00,100.00,100.00
2026-05-13T11:26:41.525488,20.00,0.00,100.00,100.00
2026-05-13T11:26:41.629292,11.10,20.00,100.00,100.00
2026-05-13T11:26:41.730107,20.00,0.00,100.00,100.00
2026-05-13T11:26:41.834184,11.10,0.00,100.00,100.00
2026-05-13T11:26:41.934998,20.00,0.00,100.00,100.00
2026-05-13T11:26:42.035738,11.10,11.10,100.00,100.00
2026-05-13T11:26:42.139751,18.20,11.10,100.00,100.00
2026-05-13T11:26:42.240571,0.00,12.50,100.00,100.00
2026-05-13T11:26:42.346413,10.00,0.00,100.00,100.00
2026-05-13T11:26:42.447252,27.30,12.50,100.00,100.00
2026-05-13T11:26:42.548081,11.10,0.00,100.00,100.00
2026-05-13T11:26:42.651793,20.00,0.00,100.00,100.00
2026-05-13T11:26:42.752588,11.10,11.10,100.00,100.00
2026-05-13T11:26:42.856413,0.00,0.00,100.00,100.00
2026-05-13T11:26:42.957232,11.10,11.10,100.00,100.00
2026-05-13T11:26:43.058106,22.20,0.00,100.00,100.00
2026-05-13T11:26:43.162375,27.30,11.10,100.00,100.00
2026-05-13T11:26:43.263159,11.10,0.00,100.00,100.00
2026-05-13T11:26:43.367022,20.00,10.00,100.00,100.00
2026-05-13T11:26:43.467794,10.00,11.10,100.00,100.00
2026-05-13T11:26:43.568679,11.10,0.00,100.00,100.00
2026-05-13T11:26:43.673174,16.70,0.00,100.00,100.00
2026-05-13T11:26:43.774145,28.60,33.30,100.00,100.00
2026-05-13T11:26:43.878814,28.60,16.70,100.00,100.00
2026-05-13T11:26:43.979793,28.60,37.50,100.00,100.00
2026-05-13T11:26:44.080692,42.90,20.00,100.00,100.00
2026-05-13T11:26:44.186022,37.50,28.60,100.00,100.00
2026-05-13T11:26:44.286967,28.60,16.70,100.00,100.00
2026-05-13T11:26:44.391736,37.50,37.50,100.00,100.00
2026-05-13T11:26:44.492759,28.60,16.70,100.00,100.00
2026-05-13T11:26:44.593723,28.60,28.60,100.00,100.00
2026-05-13T11:26:44.698525,28.60,33.30,100.00,100.00
2026-05-13T11:26:44.799604,28.60,16.70,100.00,100.00
2026-05-13T11:26:44.904278,28.60,28.60,100.00,100.00
2026-05-13T11:26:45.005252,0.00,28.60,100.00,100.00
2026-05-13T11:26:45.106452,28.60,28.60,100.00,100.00
2026-05-13T11:26:45.211204,28.60,16.70,100.00,100.00
2026-05-13T11:26:45.312402,16.70,37.50,100.00,100.00
2026-05-13T11:26:45.416799,37.50,16.70,100.00,100.00
2026-05-13T11:26:45.517937,16.70,20.00,100.00,100.00
2026-05-13T11:26:45.618814,33.30,37.50,100.00,100.00
2026-05-13T11:26:45.723124,16.70,28.60,100.00,100.00
2026-05-13T11:26:45.824010,44.40,28.60,100.00,100.00
2026-05-13T11:26:45.928980,28.60,37.50,100.00,100.00
2026-05-13T11:26:46.029898,20.00,33.30,100.00,100.00
2026-05-13T11:26:46.130930,28.60,0.00,100.00,100.00
2026-05-13T11:26:46.235732,16.70,37.50,100.00,100.00
2026-05-13T11:26:46.336596,37.50,0.00,100.00,100.00
2026-05-13T11:26:46.441231,28.60,33.30,100.00,100.00
2026-05-13T11:26:46.542279,28.60,28.60,100.00,100.00
2026-05-13T11:26:46.643225,16.70,28.60,100.00,100.00
2026-05-13T11:26:46.747877,37.50,37.50,100.00,100.00
2026-05-13T11:26:46.848745,33.30,33.30,100.00,100.00
2026-05-13T11:26:46.953523,16.70,37.50,100.00,100.00
2026-05-13T11:26:47.054452,37.50,33.30,100.00,100.00
2026-05-13T11:26:47.155265,28.60,0.00,100.00,100.00
2026-05-13T11:26:47.260019,28.60,37.50,100.00,100.00
2026-05-13T11:26:47.360998,28.60,33.30,100.00,100.00
2026-05-13T11:26:47.465069,28.60,0.00,100.00,100.00
2026-05-13T11:26:47.566031,37.50,28.60,100.00,100.00
2026-05-13T11:26:47.666893,28.60,28.60,100.00,100.00
2026-05-13T11:26:47.771408,33.30,28.60,100.00,100.00
2026-05-13T11:26:47.872220,37.50,33.30,100.00,100.00
2026-05-13T11:26:47.978642,20.00,37.50,100.00,100.00
2026-05-13T11:26:48.079767,28.60,33.30,100.00,100.00
2026-05-13T11:26:48.180716,42.90,33.30,100.00,100.00
2026-05-13T11:26:48.285223,28.60,37.50,100.00,100.00
2026-05-13T11:26:48.386256,33.30,42.90,100.00,100.00
2026-05-13T11:26:48.490651,33.30,16.70,100.00,100.00
2026-05-13T11:26:48.591659,37.50,42.90,100.00,100.00
2026-05-13T11:26:48.692603,12.50,0.00,100.00,100.00
2026-05-13T11:26:48.796670,22.20,11.10,100.00,100.00
2026-05-13T11:26:48.897543,12.50,14.30,100.00,100.00
2026-05-13T11:26:49.001652,22.20,12.50,100.00,100.00
2026-05-13T11:26:49.102514,12.50,14.30,100.00,100.00
2026-05-13T11:26:49.203328,22.20,0.00,100.00,100.00
2026-05-13T11:26:49.308160,12.50,22.20,100.00,100.00
2026-05-13T11:26:49.409011,22.20,0.00,100.00,100.00
2026-05-13T11:26:49.513702,22.20,12.50,100.00,100.00
2026-05-13T11:26:49.614551,22.20,12.50,100.00,100.00
2026-05-13T11:26:49.715571,0.00,0.00,100.00,100.00
2026-05-13T11:26:49.820124,12.50,14.30,100.00,100.00
2026-05-13T11:26:49.921056,30.00,0.00,100.00,100.00
2026-05-13T11:26:50.025246,12.50,12.50,100.00,100.00
2026-05-13T11:26:50.126200,12.50,12.50,100.00,100.00
2026-05-13T11:26:50.227038,22.20,0.00,100.00,100.00
2026-05-13T11:26:50.331366,20.00,0.00,100.00,100.00
2026-05-13T11:26:50.432188,12.50,30.00,100.00,100.00
2026-05-13T11:26:50.536376,12.50,0.00,100.00,100.00
2026-05-13T11:26:50.637131,12.50,0.00,100.00,100.00
2026-05-13T11:26:50.738063,12.50,0.00,100.00,100.00
2026-05-13T11:26:50.843443,12.50,12.50,100.00,100.00
2026-05-13T11:26:50.944260,22.20,22.20,100.00,100.00
2026-05-13T11:26:51.048701,12.50,0.00,100.00,100.00
2026-05-13T11:26:51.149683,11.10,0.00,100.00,100.00
2026-05-13T11:26:51.250514,12.50,12.50,100.00,100.00
2026-05-13T11:26:51.354831,11.10,12.50,100.00,100.00
2026-05-13T11:26:51.455696,22.20,0.00,100.00,100.00
2026-05-13T11:26:51.560138,12.50,0.00,100.00,100.00
2026-05-13T11:26:51.660992,11.10,12.50,100.00,100.00
2026-05-13T11:26:51.761800,12.50,0.00,100.00,100.00
2026-05-13T11:26:51.865934,11.10,22.20,100.00,100.00
2026-05-13T11:26:51.966799,22.20,0.00,100.00,100.00
2026-05-13T11:26:52.070970,12.50,0.00,100.00,100.00
2026-05-13T11:26:52.171985,20.00,12.50,100.00,100.00
2026-05-13T11:26:52.272935,12.50,0.00,100.00,100.00
2026-05-13T11:26:52.377257,22.20,22.20,100.00,100.00
2026-05-13T11:26:52.478169,22.20,0.00,100.00,100.00
2026-05-13T11:26:52.582581,22.20,12.50,100.00,100.00
2026-05-13T11:26:52.683530,22.20,0.00,100.00,100.00
2026-05-13T11:26:52.784349,12.50,12.50,100.00,100.00
2026-05-13T11:26:52.889156,22.20,12.50,100.00,100.00
2026-05-13T11:26:52.989959,22.20,0.00,100.00,100.00
2026-05-13T11:26:53.094058,22.20,12.50,100.00,100.00
2026-05-13T11:26:53.194964,0.00,0.00,100.00,100.00
2026-05-13T11:26:53.295854,12.50,0.00,100.00,100.00
2026-05-13T11:26:53.401060,22.20,30.00,100.00,100.00
2026-05-13T11:26:53.501959,22.20,0.00,100.00,100.00
2026-05-13T11:26:53.607502,33.30,16.70,100.00,100.00
2026-05-13T11:26:53.765341,100.00,80.00,100.00,100.00
2026-05-13T11:26:53.873248,100.00,75.00,100.00,100.00
2026-05-13T11:26:53.974227,100.00,75.00,100.00,100.00
2026-05-13T11:26:54.075276,100.00,62.50,100.00,100.00
2026-05-13T11:26:54.181645,100.00,75.00,100.00,100.00
2026-05-13T11:26:54.282706,100.00,75.00,100.00,100.00
2026-05-13T11:26:54.388991,100.00,62.50,100.00,100.00
2026-05-13T11:26:54.490781,88.90,100.00,100.00,100.00
2026-05-13T11:26:54.591802,88.90,100.00,100.00,100.00
2026-05-13T11:26:54.698795,87.50,90.90,100.00,100.00
2026-05-13T11:26:54.799725,88.90,100.00,100.00,100.00
2026-05-13T11:26:54.906559,90.00,90.90,100.00,100.00
2026-05-13T11:26:55.007540,77.80,88.90,100.00,100.00
2026-05-13T11:26:55.108501,100.00,66.70,100.00,100.00
2026-05-13T11:26:55.215503,100.00,90.00,100.00,100.00
2026-05-13T11:26:55.316562,90.90,77.80,100.00,100.00
2026-05-13T11:26:55.425013,87.50,90.90,100.00,100.00
2026-05-13T11:26:55.526233,90.90,85.70,100.00,100.00
2026-05-13T11:26:55.627384,88.90,90.00,100.00,100.00
2026-05-13T11:26:55.732122,100.00,75.00,100.00,100.00
2026-05-13T11:26:55.833146,87.50,90.00,100.00,100.00
2026-05-13T11:26:55.938758,90.90,88.90,100.00,100.00
2026-05-13T11:26:56.039788,100.00,62.50,100.00,100.00
2026-05-13T11:26:56.140774,87.50,100.00,100.00,100.00
2026-05-13T11:26:56.247239,90.00,81.80,100.00,100.00
2026-05-13T11:26:56.348376,100.00,87.50,100.00,100.00
2026-05-13T11:26:56.456102,90.00,88.90,100.00,100.00
2026-05-13T11:26:56.557087,100.00,77.80,100.00,100.00
2026-05-13T11:26:56.658184,90.00,87.50,100.00,100.00
2026-05-13T11:26:56.766107,77.80,90.90,100.00,100.00
2026-05-13T11:26:56.867169,88.90,87.50,100.00,100.00
2026-05-13T11:26:56.971840,88.90,90.90,100.00,100.00
2026-05-13T11:26:57.072983,90.00,100.00,100.00,100.00
2026-05-13T11:26:57.173936,100.00,80.00,100.00,100.00
2026-05-13T11:26:57.283547,88.90,88.90,100.00,100.00
2026-05-13T11:26:57.384640,100.00,88.90,100.00,100.00
2026-05-13T11:26:57.491665,90.90,81.80,100.00,100.00
2026-05-13T11:26:57.592674,88.90,88.90,100.00,100.00
2026-05-13T11:26:57.693592,88.90,88.90,100.00,100.00
2026-05-13T11:26:57.799580,90.00,90.00,100.00,100.00
2026-05-13T11:26:57.901210,88.90,88.90,100.00,100.00
2026-05-13T11:26:58.008042,88.90,90.00,100.00,100.00
2026-05-13T11:26:58.109128,100.00,75.00,100.00,100.00
2026-05-13T11:26:58.210483,100.00,87.50,100.00,100.00
2026-05-13T11:26:58.318987,90.90,77.80,100.00,100.00
2026-05-13T11:26:58.420171,100.00,77.80,100.00,100.00
2026-05-13T11:26:58.525179,100.00,71.40,100.00,100.00
2026-05-13T11:26:58.625977,88.90,70.00,100.00,100.00
2026-05-13T11:26:58.787321,26.70,21.40,100.00,100.00
2026-05-13T11:26:58.887998,11.10,0.00,100.00,100.00
2026-05-13T11:26:58.988685,11.10,11.10,100.00,100.00
2026-05-13T11:26:59.092202,27.30,0.00,100.00,100.00
2026-05-13T11:26:59.193037,11.10,20.00,100.00,100.00
2026-05-13T11:26:59.297020,20.00,0.00,100.00,100.00
2026-05-13T11:26:59.397717,20.00,0.00,100.00,100.00
2026-05-13T11:26:59.498489,20.00,0.00,100.00,100.00
2026-05-13T11:26:59.602485,10.00,0.00,100.00,100.00
2026-05-13T11:26:59.703169,11.10,11.10,100.00,100.00
2026-05-13T11:26:59.807670,11.10,0.00,100.00,100.00
2026-05-13T11:26:59.908494,20.00,20.00,100.00,100.00
2026-05-13T11:27:00.009135,10.00,0.00,100.00,100.00
2026-05-13T11:27:00.113141,11.10,11.10,100.00,100.00
2026-05-13T11:27:00.213820,20.00,0.00,100.00,100.00
2026-05-13T11:27:00.317594,20.00,0.00,100.00,100.00
2026-05-13T11:27:00.418278,20.00,11.10,100.00,100.00
2026-05-13T11:27:00.518952,11.10,0.00,100.00,100.00
2026-05-13T11:27:00.622449,18.20,0.00,100.00,100.00
2026-05-13T11:27:00.723157,27.30,10.00,100.00,100.00
2026-05-13T11:27:00.827036,27.30,0.00,100.00,100.00
2026-05-13T11:27:00.927837,0.00,11.10,100.00,100.00
2026-05-13T11:27:01.028695,11.10,11.10,100.00,100.00
2026-05-13T11:27:01.132744,20.00,0.00,100.00,100.00
2026-05-13T11:27:01.233474,11.10,0.00,100.00,100.00
2026-05-13T11:27:01.337535,18.20,20.00,100.00,100.00
2026-05-13T11:27:01.438364,20.00,0.00,100.00,100.00
2026-05-13T11:27:01.539127,20.00,11.10,100.00,100.00
2026-05-13T11:27:01.643290,20.00,0.00,100.00,100.00
2026-05-13T11:27:01.744135,11.10,0.00,100.00,100.00
2026-05-13T11:27:01.848141,10.00,0.00,100.00,100.00
2026-05-13T11:27:01.949018,20.00,11.10,100.00,100.00
2026-05-13T11:27:02.049865,11.10,11.10,100.00,100.00
2026-05-13T11:27:02.153829,11.10,11.10,100.00,100.00
2026-05-13T11:27:02.254680,11.10,11.10,100.00,100.00
2026-05-13T11:27:02.358406,11.10,10.00,100.00,100.00
2026-05-13T11:27:02.459179,18.20,0.00,100.00,100.00
2026-05-13T11:27:02.559933,11.10,0.00,100.00,100.00
2026-05-13T11:27:02.663873,20.00,0.00,100.00,100.00
2026-05-13T11:27:02.764688,11.10,0.00,100.00,100.00
2026-05-13T11:27:02.868595,20.00,20.00,100.00,100.00
2026-05-13T11:27:02.969456,25.00,0.00,100.00,100.00
2026-05-13T11:27:03.070254,11.10,0.00,100.00,100.00
2026-05-13T11:27:03.174153,11.10,10.00,100.00,100.00
2026-05-13T11:27:03.275006,27.30,11.10,100.00,100.00
2026-05-13T11:27:03.378886,10.00,0.00,100.00,100.00
2026-05-13T11:27:03.479711,11.10,11.10,100.00,100.00
2026-05-13T11:27:03.580588,11.10,0.00,100.00,100.00
2026-05-13T11:27:03.684736,20.00,0.00,100.00,100.00
2026-05-13T11:27:03.785665,12.50,12.50,100.00,100.00
2026-05-13T11:27:03.890031,20.00,11.10,100.00,100.00
2026-05-13T11:27:03.990907,22.20,0.00,100.00,100.00
2026-05-13T11:27:04.091729,0.00,11.10,100.00,100.00
2026-05-13T11:27:04.196718,12.50,12.50,100.00,100.00
2026-05-13T11:27:04.297688,22.20,22.20,100.00,100.00
2026-05-13T11:27:04.401954,22.20,12.50,100.00,100.00
2026-05-13T11:27:04.503038,11.10,12.50,100.00,100.00
2026-05-13T11:27:04.603975,22.20,0.00,100.00,100.00
2026-05-13T11:27:04.709052,11.10,0.00,100.00,100.00
2026-05-13T11:27:04.809975,22.20,0.00,100.00,100.00
2026-05-13T11:27:04.915671,20.00,22.20,100.00,100.00
2026-05-13T11:27:05.016564,0.00,11.10,100.00,100.00
2026-05-13T11:27:05.117515,22.20,0.00,100.00,100.00
2026-05-13T11:27:05.222116,20.00,0.00,100.00,100.00
2026-05-13T11:27:05.322944,12.50,12.50,100.00,100.00
2026-05-13T11:27:05.426707,20.00,12.50,100.00,100.00
2026-05-13T11:27:05.527442,22.20,0.00,100.00,100.00
2026-05-13T11:27:05.628277,27.30,0.00,100.00,100.00
2026-05-13T11:27:05.732593,11.10,11.10,100.00,100.00
2026-05-13T11:27:05.833360,0.00,12.50,100.00,100.00
2026-05-13T11:27:05.937367,27.30,11.10,100.00,100.00
2026-05-13T11:27:06.038081,12.50,22.20,100.00,100.00
2026-05-13T11:27:06.138911,27.30,0.00,100.00,100.00
2026-05-13T11:27:06.243325,30.00,0.00,100.00,100.00
2026-05-13T11:27:06.344047,20.00,22.20,100.00,100.00
2026-05-13T11:27:06.447952,30.00,0.00,100.00,100.00
2026-05-13T11:27:06.548608,11.10,0.00,100.00,100.00
2026-05-13T11:27:06.649537,20.00,0.00,100.00,100.00
2026-05-13T11:27:06.753560,22.20,0.00,100.00,100.00
2026-05-13T11:27:06.854390,11.10,20.00,100.00,100.00
2026-05-13T11:27:06.958846,22.20,0.00,100.00,100.00
2026-05-13T11:27:07.059643,20.00,11.10,100.00,100.00
2026-05-13T11:27:07.160447,22.20,12.50,100.00,100.00
2026-05-13T11:27:07.265005,20.00,0.00,100.00,100.00
2026-05-13T11:27:07.366374,20.00,0.00,100.00,100.00
2026-05-13T11:27:07.470246,12.50,12.50,100.00,100.00
2026-05-13T11:27:07.571133,20.00,11.10,100.00,100.00
2026-05-13T11:27:07.671955,22.20,12.50,100.00,100.00
2026-05-13T11:27:07.776017,11.10,0.00,100.00,100.00
2026-05-13T11:27:07.876741,22.20,0.00,100.00,100.00
2026-05-13T11:27:07.980780,20.00,12.50,100.00,100.00
2026-05-13T11:27:08.081692,12.50,11.10,100.00,100.00
2026-05-13T11:27:08.182624,11.10,0.00,100.00,100.00
2026-05-13T11:27:08.286258,0.00,0.00,100.00,100.00
2026-05-13T11:27:08.387170,30.00,22.20,100.00,100.00
2026-05-13T11:27:08.491114,20.00,11.10,100.00,100.00
2026-05-13T11:27:08.592533,14.30,0.00,100.00,100.00
2026-05-13T11:27:08.753482,93.80,60.00,100.00,100.00
2026-05-13T11:27:08.854646,100.00,50.00,100.00,100.00
2026-05-13T11:27:08.956293,100.00,75.00,100.00,100.00
2026-05-13T11:27:09.062444,100.00,90.90,100.00,100.00
2026-05-13T11:27:09.164774,100.00,88.90,100.00,100.00
2026-05-13T11:27:09.270153,80.00,88.90,100.00,100.00
2026-05-13T11:27:09.370999,71.40,88.90,100.00,100.00
2026-05-13T11:27:09.472414,71.40,90.00,100.00,100.00
2026-05-13T11:27:09.577611,77.80,87.50,100.00,100.00
2026-05-13T11:27:09.678593,71.40,77.80,100.00,100.00
2026-05-13T11:27:09.786783,77.80,88.90,100.00,100.00
2026-05-13T11:27:09.887626,71.40,88.90,100.00,100.00
2026-05-13T11:27:09.988624,75.00,75.00,100.00,100.00
2026-05-13T11:27:10.095764,80.00,87.50,100.00,100.00
2026-05-13T11:27:10.196687,75.00,90.00,100.00,100.00
2026-05-13T11:27:10.302110,77.80,87.50,100.00,100.00
2026-05-13T11:27:10.403044,85.70,81.80,100.00,100.00
2026-05-13T11:27:10.504081,77.80,85.70,100.00,100.00
2026-05-13T11:27:10.610272,77.80,77.80,100.00,100.00
2026-05-13T11:27:10.712133,87.50,87.50,100.00,100.00
2026-05-13T11:27:10.816785,71.40,77.80,100.00,100.00
2026-05-13T11:27:10.918296,77.80,75.00,100.00,100.00
2026-05-13T11:27:11.019846,87.50,80.00,100.00,100.00
2026-05-13T11:27:11.125344,75.00,87.50,100.00,100.00
2026-05-13T11:27:11.226304,77.80,87.50,100.00,100.00
2026-05-13T11:27:11.331708,87.50,80.00,100.00,100.00
2026-05-13T11:27:11.432536,75.00,77.80,100.00,100.00
2026-05-13T11:27:11.534141,87.50,85.70,100.00,100.00
2026-05-13T11:27:11.640498,77.80,75.00,100.00,100.00
2026-05-13T11:27:11.741683,77.80,75.00,100.00,100.00
2026-05-13T11:27:11.848505,87.50,75.00,100.00,100.00
2026-05-13T11:27:11.949312,75.00,90.00,100.00,100.00
2026-05-13T11:27:12.050271,75.00,85.70,100.00,100.00
2026-05-13T11:27:12.156959,87.50,77.80,100.00,100.00
2026-05-13T11:27:12.258182,75.00,71.40,100.00,100.00
2026-05-13T11:27:12.362923,75.00,90.00,100.00,100.00
2026-05-13T11:27:12.463976,87.50,71.40,100.00,100.00
2026-05-13T11:27:12.565063,80.00,77.80,100.00,100.00
2026-05-13T11:27:12.670313,75.00,77.80,100.00,100.00
2026-05-13T11:27:12.771266,75.00,88.90,100.00,100.00
2026-05-13T11:27:12.878507,77.80,83.30,100.00,100.00
2026-05-13T11:27:12.979797,71.40,81.80,100.00,100.00
2026-05-13T11:27:13.080698,80.00,88.90,100.00,100.00
2026-05-13T11:27:13.185670,75.00,77.80,100.00,100.00
2026-05-13T11:27:13.286767,77.80,88.90,100.00,100.00
2026-05-13T11:27:13.394130,77.80,87.50,100.00,100.00
2026-05-13T11:27:13.495263,71.40,75.00,100.00,100.00
2026-05-13T11:27:13.596200,66.70,66.70,100.00,100.00
2026-05-13T11:27:13.751660,23.10,16.70,100.00,100.00
2026-05-13T11:27:13.852533,18.20,0.00,100.00,100.00
2026-05-13T11:27:13.956206,10.00,18.20,100.00,100.00
2026-05-13T11:27:14.057059,11.10,0.00,100.00,100.00
2026-05-13T11:27:14.161365,18.20,0.00,100.00,100.00
2026-05-13T11:27:14.262021,18.20,0.00,100.00,100.00
2026-05-13T11:27:14.362869,11.10,0.00,100.00,100.00
2026-05-13T11:27:14.466554,25.00,18.20,100.00,100.00
2026-05-13T11:27:14.567291,18.20,0.00,100.00,100.00
2026-05-13T11:27:14.670972,11.10,0.00,100.00,100.00
2026-05-13T11:27:14.771686,10.00,0.00,100.00,100.00
2026-05-13T11:27:14.872498,18.20,11.10,100.00,100.00
2026-05-13T11:27:14.976259,10.00,0.00,100.00,100.00
2026-05-13T11:27:15.077107,20.00,0.00,100.00,100.00
2026-05-13T11:27:15.180912,10.00,10.00,100.00,100.00
2026-05-13T11:27:15.281704,18.20,0.00,100.00,100.00
2026-05-13T11:27:15.382516,0.00,0.00,100.00,100.00
2026-05-13T11:27:15.486332,11.10,10.00,100.00,100.00
2026-05-13T11:27:15.587147,10.00,0.00,100.00,100.00
2026-05-13T11:27:15.690765,25.00,0.00,100.00,100.00
2026-05-13T11:27:15.791464,10.00,18.20,100.00,100.00
2026-05-13T11:27:15.892334,20.00,0.00,100.00,100.00
2026-05-13T11:27:15.996223,10.00,0.00,100.00,100.00
2026-05-13T11:27:16.097013,27.30,18.20,100.00,100.00
2026-05-13T11:27:16.200823,10.00,0.00,100.00,100.00
2026-05-13T11:27:16.301987,18.20,0.00,100.00,100.00
2026-05-13T11:27:16.402743,11.10,0.00,100.00,100.00
2026-05-13T11:27:16.506293,10.00,10.00,100.00,100.00
2026-05-13T11:27:16.607064,10.00,0.00,100.00,100.00
2026-05-13T11:27:16.710888,11.10,11.10,100.00,100.00
2026-05-13T11:27:16.811556,25.00,0.00,100.00,100.00
2026-05-13T11:27:16.912331,10.00,0.00,100.00,100.00
2026-05-13T11:27:17.015977,25.00,10.00,100.00,100.00
2026-05-13T11:27:17.116708,11.10,11.10,100.00,100.00
2026-05-13T11:27:17.220237,10.00,0.00,100.00,100.00
2026-05-13T11:27:17.320981,18.20,0.00,100.00,100.00
2026-05-13T11:27:17.421816,11.10,10.00,100.00,100.00
2026-05-13T11:27:17.525389,10.00,0.00,100.00,100.00
2026-05-13T11:27:17.626125,18.20,0.00,100.00,100.00
2026-05-13T11:27:17.729630,10.00,0.00,100.00,100.00
2026-05-13T11:27:17.830452,25.00,25.00,100.00,100.00
2026-05-13T11:27:17.931276,20.00,0.00,100.00,100.00
2026-05-13T11:27:18.034950,10.00,0.00,100.00,100.00
2026-05-13T11:27:18.135711,18.20,0.00,100.00,100.00
2026-05-13T11:27:18.239296,20.00,11.10,100.00,100.00
2026-05-13T11:27:18.340003,20.00,0.00,100.00,100.00
2026-05-13T11:27:18.440783,10.00,10.00,100.00,100.00
2026-05-13T11:27:18.544331,10.00,0.00,100.00,100.00
2026-05-13T11:27:18.645267,33.30,14.30,100.00,100.00
2026-05-13T11:27:18.750392,33.30,50.00,100.00,100.00
2026-05-13T11:27:18.851382,42.90,20.00,100.00,100.00
2026-05-13T11:27:18.952309,40.00,33.30,100.00,100.00
2026-05-13T11:27:19.057742,50.00,57.10,100.00,100.00
2026-05-13T11:27:19.159257,42.90,50.00,100.00,100.00
2026-05-13T11:27:19.265343,40.00,20.00,100.00,100.00
2026-05-13T11:27:19.366457,55.60,50.00,100.00,100.00
2026-05-13T11:27:19.467441,20.00,42.90,100.00,100.00
2026-05-13T11:27:19.571903,55.60,42.90,100.00,100.00
2026-05-13T11:27:19.673586,33.30,42.90,100.00,100.00
2026-05-13T11:27:19.778897,42.90,42.90,100.00,100.00
2026-05-13T11:27:19.879843,42.90,40.00,100.00,100.00
2026-05-13T11:27:19.980787,42.90,42.90,100.00,100.00
2026-05-13T11:27:20.085496,42.90,50.00,100.00,100.00
2026-05-13T11:27:20.186557,62.50,50.00,100.00,100.00
2026-05-13T11:27:20.291703,42.90,33.30,100.00,100.00
2026-05-13T11:27:20.392513,42.90,50.00,100.00,100.00
2026-05-13T11:27:20.493564,20.00,20.00,100.00,100.00
2026-05-13T11:27:20.598431,42.90,50.00,100.00,100.00
2026-05-13T11:27:20.700118,50.00,42.90,100.00,100.00
2026-05-13T11:27:20.804658,50.00,42.90,100.00,100.00
2026-05-13T11:27:20.905830,33.30,50.00,100.00,100.00
2026-05-13T11:27:21.006763,57.10,33.30,100.00,100.00
2026-05-13T11:27:21.112083,33.30,42.90,100.00,100.00
2026-05-13T11:27:21.213017,33.30,42.90,100.00,100.00
2026-05-13T11:27:21.318020,33.30,50.00,100.00,100.00
2026-05-13T11:27:21.418725,55.60,20.00,100.00,100.00
2026-05-13T11:27:21.519809,33.30,42.90,100.00,100.00
2026-05-13T11:27:21.624498,33.30,50.00,100.00,100.00
2026-05-13T11:27:21.725608,50.00,50.00,100.00,100.00
2026-05-13T11:27:21.831445,40.00,50.00,100.00,100.00
2026-05-13T11:27:21.932191,33.30,42.90,100.00,100.00
2026-05-13T11:27:22.033276,33.30,33.30,100.00,100.00
2026-05-13T11:27:22.139211,42.90,42.90,100.00,100.00
2026-05-13T11:27:22.240070,50.00,50.00,100.00,100.00
2026-05-13T11:27:22.346955,33.30,50.00,100.00,100.00
2026-05-13T11:27:22.447767,33.30,50.00,100.00,100.00
2026-05-13T11:27:22.548480,42.90,33.30,100.00,100.00
2026-05-13T11:27:22.654736,50.00,42.90,100.00,100.00
2026-05-13T11:27:22.755536,20.00,42.90,100.00,100.00
2026-05-13T11:27:22.860046,50.00,40.00,100.00,100.00
2026-05-13T11:27:22.960916,33.30,33.30,100.00,100.00
2026-05-13T11:27:23.061946,33.30,42.90,100.00,100.00
2026-05-13T11:27:23.166820,62.50,33.30,100.00,100.00
2026-05-13T11:27:23.267767,20.00,50.00,100.00,100.00
2026-05-13T11:27:23.372275,37.50,33.30,100.00,100.00
2026-05-13T11:27:23.473209,42.90,57.10,100.00,100.00
2026-05-13T11:27:23.574424,33.30,33.30,100.00,100.00
2026-05-13T11:27:23.678461,20.00,0.00,100.00,100.00
2026-05-13T11:27:23.779132,22.20,0.00,100.00,100.00
2026-05-13T11:27:23.883483,12.50,22.20,100.00,100.00
2026-05-13T11:27:23.984142,12.50,12.50,100.00,100.00
2026-05-13T11:27:24.085022,12.50,0.00,100.00,100.00
2026-05-13T11:27:24.190038,12.50,12.50,100.00,100.00
2026-05-13T11:27:24.290808,22.20,0.00,100.00,100.00
2026-05-13T11:27:24.395216,22.20,12.50,100.00,100.00
2026-05-13T11:27:24.496071,22.20,28.60,100.00,100.00
2026-05-13T11:27:24.596865,12.50,0.00,100.00,100.00
2026-05-13T11:27:24.700914,12.50,11.10,100.00,100.00
2026-05-13T11:27:24.801676,12.50,12.50,100.00,100.00
2026-05-13T11:27:24.905375,20.00,0.00,100.00,100.00
2026-05-13T11:27:25.006157,22.20,0.00,100.00,100.00
2026-05-13T11:27:25.107008,0.00,22.20,100.00,100.00
2026-05-13T11:27:25.210506,11.10,0.00,100.00,100.00
2026-05-13T11:27:25.311255,30.00,12.50,100.00,100.00
2026-05-13T11:27:25.415552,0.00,12.50,100.00,100.00
2026-05-13T11:27:25.516308,11.10,0.00,100.00,100.00
2026-05-13T11:27:25.617277,22.20,0.00,100.00,100.00
2026-05-13T11:27:25.721248,22.20,22.20,100.00,100.00
2026-05-13T11:27:25.822290,12.50,0.00,100.00,100.00
2026-05-13T11:27:25.926125,11.10,0.00,100.00,100.00
2026-05-13T11:27:26.026963,25.00,22.20,100.00,100.00
2026-05-13T11:27:26.127812,0.00,0.00,100.00,100.00
2026-05-13T11:27:26.231859,22.20,22.20,100.00,100.00
2026-05-13T11:27:26.332708,12.50,12.50,100.00,100.00
2026-05-13T11:27:26.437125,22.20,0.00,100.00,100.00
2026-05-13T11:27:26.538018,11.10,12.50,100.00,100.00
2026-05-13T11:27:26.638900,12.50,12.50,100.00,100.00
2026-05-13T11:27:26.743124,0.00,12.50,100.00,100.00
2026-05-13T11:27:26.843960,30.00,14.30,100.00,100.00
2026-05-13T11:27:26.948992,12.50,12.50,100.00,100.00
2026-05-13T11:27:27.049990,25.00,0.00,100.00,100.00
2026-05-13T11:27:27.151059,12.50,22.20,100.00,100.00
2026-05-13T11:27:27.255080,11.10,0.00,100.00,100.00
2026-05-13T11:27:27.355830,33.30,12.50,100.00,100.00
2026-05-13T11:27:27.459564,11.10,0.00,100.00,100.00
2026-05-13T11:27:27.560299,12.50,22.20,100.00,100.00
2026-05-13T11:27:27.661130,0.00,0.00,100.00,100.00
2026-05-13T11:27:27.765271,11.10,12.50,100.00,100.00
2026-05-13T11:27:27.866074,12.50,12.50,100.00,100.00
2026-05-13T11:27:27.970590,30.00,0.00,100.00,100.00
2026-05-13T11:27:28.071291,22.20,12.50,100.00,100.00
2026-05-13T11:27:28.172229,12.50,0.00,100.00,100.00
2026-05-13T11:27:28.276335,20.00,12.50,100.00,100.00
2026-05-13T11:27:28.377533,12.50,12.50,100.00,100.00
2026-05-13T11:27:28.481526,22.20,12.50,100.00,100.00
2026-05-13T11:27:28.582393,12.50,0.00,100.00,100.00
2026-05-13T11:27:28.752434,93.30,93.80,100.00,100.00
2026-05-13T11:27:28.853670,88.90,100.00,100.00,100.00
2026-05-13T11:27:28.956539,100.00,80.00,100.00,100.00
2026-05-13T11:27:29.061436,100.00,71.40,100.00,100.00
2026-05-13T11:27:29.162414,100.00,87.50,100.00,100.00
2026-05-13T11:27:29.267856,100.00,75.00,100.00,100.00
2026-05-13T11:27:29.369020,100.00,75.00,100.00,100.00
2026-05-13T11:27:29.469983,100.00,75.00,100.00,100.00
2026-05-13T11:27:29.576165,100.00,85.70,100.00,100.00
2026-05-13T11:27:29.677359,100.00,77.80,100.00,100.00
2026-05-13T11:27:29.783358,100.00,75.00,100.00,100.00
2026-05-13T11:27:29.884328,100.00,87.50,100.00,100.00
2026-05-13T11:27:29.985194,100.00,75.00,100.00,100.00
2026-05-13T11:27:30.091054,100.00,75.00,100.00,100.00
2026-05-13T11:27:30.192032,100.00,88.90,100.00,100.00
2026-05-13T11:27:30.297864,100.00,77.80,100.00,100.00
2026-05-13T11:27:30.398967,100.00,71.40,100.00,100.00
2026-05-13T11:27:30.500270,100.00,71.40,100.00,100.00
2026-05-13T11:27:30.605928,100.00,71.40,100.00,100.00
2026-05-13T11:27:30.707644,100.00,80.00,100.00,100.00
2026-05-13T11:27:30.815276,100.00,83.30,100.00,100.00
2026-05-13T11:27:30.916533,100.00,77.80,100.00,100.00
2026-05-13T11:27:31.017414,100.00,71.40,100.00,100.00
2026-05-13T11:27:31.122824,100.00,90.90,100.00,100.00
2026-05-13T11:27:31.224817,100.00,100.00,100.00,100.00
2026-05-13T11:27:31.333040,100.00,90.00,100.00,100.00
2026-05-13T11:27:31.434072,100.00,83.30,100.00,100.00
2026-05-13T11:27:31.535113,100.00,75.00,100.00,100.00
2026-05-13T11:27:31.641993,100.00,66.70,100.00,100.00
2026-05-13T11:27:31.743347,100.00,71.40,100.00,100.00
2026-05-13T11:27:31.848773,100.00,75.00,100.00,100.00
2026-05-13T11:27:31.950393,100.00,62.50,100.00,100.00
2026-05-13T11:27:32.051727,100.00,75.00,100.00,100.00
2026-05-13T11:27:32.159083,100.00,75.00,100.00,100.00
2026-05-13T11:27:32.260145,100.00,75.00,100.00,100.00
2026-05-13T11:27:32.365254,100.00,75.00,100.00,100.00
2026-05-13T11:27:32.466409,100.00,77.80,100.00,100.00
2026-05-13T11:27:32.567467,100.00,60.00,100.00,100.00
2026-05-13T11:27:32.673055,100.00,77.80,100.00,100.00
2026-05-13T11:27:32.773923,100.00,75.00,100.00,100.00
2026-05-13T11:27:32.881117,100.00,77.80,100.00,100.00
2026-05-13T11:27:32.982535,100.00,90.90,100.00,100.00
2026-05-13T11:27:33.083627,100.00,100.00,100.00,100.00
2026-05-13T11:27:33.192933,100.00,90.00,100.00,100.00
2026-05-13T11:27:33.294023,100.00,88.90,100.00,100.00
2026-05-13T11:27:33.401145,100.00,90.00,100.00,100.00
2026-05-13T11:27:33.502147,100.00,75.00,100.00,100.00
2026-05-13T11:27:33.603174,100.00,66.70,100.00,100.00
2026-05-13T11:27:33.708545,66.70,80.00,100.00,100.00
2026-05-13T11:27:33.809392,42.90,42.90,100.00,100.00
2026-05-13T11:27:33.977437,46.20,46.20,100.00,100.00
2026-05-13T11:27:34.078260,0.00,0.00,100.00,100.00
2026-05-13T11:27:34.179224,25.00,14.30,100.00,100.00
2026-05-13T11:27:34.283833,25.00,14.30,100.00,100.00
2026-05-13T11:27:34.384738,14.30,37.50,100.00,100.00
2026-05-13T11:27:34.488869,14.30,14.30,100.00,100.00
2026-05-13T11:27:34.589737,0.00,0.00,100.00,100.00
2026-05-13T11:27:34.690726,25.00,0.00,100.00,100.00
2026-05-13T11:27:34.794789,33.30,25.00,100.00,100.00
2026-05-13T11:27:34.895587,14.30,14.30,100.00,100.00
2026-05-13T11:27:34.999855,0.00,14.30,100.00,100.00
2026-05-13T11:27:35.100736,25.00,14.30,100.00,100.00
2026-05-13T11:27:35.201546,14.30,14.30,100.00,100.00
2026-05-13T11:27:35.305394,14.30,25.00,100.00,100.00
2026-05-13T11:27:35.406332,25.00,0.00,100.00,100.00
2026-05-13T11:27:35.510721,22.20,14.30,100.00,100.00
2026-05-13T11:27:35.611533,14.30,14.30,100.00,100.00
2026-05-13T11:27:35.712422,14.30,0.00,100.00,100.00
2026-05-13T11:27:35.816795,25.00,28.60,100.00,100.00
2026-05-13T11:27:35.917578,25.00,25.00,100.00,100.00
2026-05-13T11:27:36.021816,14.30,25.00,100.00,100.00
2026-05-13T11:27:36.122713,14.30,0.00,100.00,100.00
2026-05-13T11:27:36.223548,14.30,0.00,100.00,100.00
2026-05-13T11:27:36.327687,0.00,25.00,100.00,100.00
2026-05-13T11:27:36.428518,14.30,14.30,100.00,100.00
2026-05-13T11:27:36.532488,36.40,25.00,100.00,100.00
2026-05-13T11:27:36.633420,16.70,0.00,100.00,100.00
2026-05-13T11:27:36.734254,0.00,25.00,100.00,100.00
2026-05-13T11:27:36.838405,28.60,25.00,100.00,100.00
2026-05-13T11:27:36.939141,30.00,0.00,100.00,100.00
2026-05-13T11:27:37.049227,25.00,44.40,100.00,100.00
2026-05-13T11:27:37.150174,0.00,0.00,100.00,100.00
2026-05-13T11:27:37.251020,25.00,14.30,100.00,100.00
2026-05-13T11:27:37.355554,25.00,25.00,100.00,100.00
2026-05-13T11:27:37.456566,14.30,0.00,100.00,100.00
2026-05-13T11:27:37.561279,25.00,25.00,100.00,100.00
2026-05-13T11:27:37.662327,33.30,0.00,100.00,100.00
2026-05-13T11:27:37.763266,0.00,16.70,100.00,100.00
2026-05-13T11:27:37.867965,37.50,25.00,100.00,100.00
2026-05-13T11:27:37.968918,14.30,0.00,100.00,100.00
2026-05-13T11:27:38.073941,14.30,28.60,100.00,100.00
2026-05-13T11:27:38.174866,14.30,14.30,100.00,100.00
2026-05-13T11:27:38.275729,14.30,14.30,100.00,100.00
2026-05-13T11:27:38.379936,37.50,16.70,100.00,100.00
2026-05-13T11:27:38.480977,14.30,14.30,100.00,100.00
2026-05-13T11:27:38.586366,25.00,28.60,100.00,100.00
2026-05-13T11:27:38.687501,66.70,75.00,100.00,100.00
2026-05-13T11:27:38.788428,66.70,71.40,100.00,100.00
2026-05-13T11:27:38.949924,78.60,86.70,100.00,100.00
2026-05-13T11:27:39.000599,80.00,80.00,100.00,100.00
2026-05-13T11:27:39.105802,71.40,85.70,100.00,100.00
2026-05-13T11:27:39.207270,77.80,77.80,100.00,100.00
2026-05-13T11:27:39.308520,66.70,88.90,100.00,100.00
2026-05-13T11:27:39.416004,66.70,88.90,100.00,100.00
2026-05-13T11:27:39.517215,62.50,87.50,100.00,100.00
2026-05-13T11:27:39.622155,62.50,71.40,100.00,100.00
2026-05-13T11:27:39.723384,66.70,71.40,100.00,100.00
2026-05-13T11:27:39.824445,71.40,57.10,100.00,100.00
2026-05-13T11:27:39.929175,62.50,71.40,100.00,100.00
2026-05-13T11:27:40.030161,66.70,71.40,100.00,100.00
2026-05-13T11:27:40.135955,75.00,75.00,100.00,100.00
2026-05-13T11:27:40.237116,62.50,66.70,100.00,100.00
2026-05-13T11:27:40.338927,66.70,71.40,100.00,100.00
2026-05-13T11:27:40.444943,88.90,77.80,100.00,100.00
2026-05-13T11:27:40.546214,57.10,66.70,100.00,100.00
2026-05-13T11:27:40.652181,71.40,57.10,100.00,100.00
2026-05-13T11:27:40.753140,50.00,77.80,100.00,100.00
2026-05-13T11:27:40.854277,71.40,66.70,100.00,100.00
2026-05-13T11:27:40.960178,75.00,62.50,100.00,100.00
2026-05-13T11:27:41.061147,75.00,66.70,100.00,100.00
2026-05-13T11:27:41.166639,75.00,75.00,100.00,100.00
2026-05-13T11:27:41.267716,62.50,62.50,100.00,100.00
2026-05-13T11:27:41.368593,85.70,75.00,100.00,100.00
2026-05-13T11:27:41.475510,80.00,77.80,100.00,100.00
2026-05-13T11:27:41.576411,75.00,88.90,100.00,100.00
2026-05-13T11:27:41.681656,62.50,75.00,100.00,100.00
2026-05-13T11:27:41.782828,75.00,75.00,100.00,100.00
2026-05-13T11:27:41.883836,75.00,71.40,100.00,100.00
2026-05-13T11:27:41.989173,71.40,66.70,100.00,100.00
2026-05-13T11:27:42.090251,71.40,71.40,100.00,100.00
2026-05-13T11:27:42.195828,62.50,77.80,100.00,100.00
2026-05-13T11:27:42.296939,75.00,66.70,100.00,100.00
2026-05-13T11:27:42.398210,75.00,87.50,100.00,100.00
2026-05-13T11:27:42.505519,75.00,77.80,100.00,100.00
2026-05-13T11:27:42.607105,75.00,85.70,100.00,100.00
2026-05-13T11:27:42.712713,66.70,77.80,100.00,100.00
2026-05-13T11:27:42.813663,62.50,60.00,100.00,100.00
2026-05-13T11:27:42.914897,66.70,66.70,100.00,100.00
2026-05-13T11:27:43.021397,80.00,77.80,100.00,100.00
2026-05-13T11:27:43.122519,66.70,57.10,100.00,100.00
2026-05-13T11:27:43.227791,62.50,71.40,100.00,100.00
2026-05-13T11:27:43.328972,75.00,75.00,100.00,100.00
2026-05-13T11:27:43.429986,71.40,50.00,100.00,100.00
2026-05-13T11:27:43.535949,66.70,66.70,100.00,100.00
2026-05-13T11:27:43.637031,62.50,66.70,100.00,100.00
2026-05-13T11:27:43.743051,71.40,71.40,100.00,100.00
2026-05-13T11:27:43.844485,62.50,77.80,100.00,100.00
2026-05-13T11:27:43.945452,71.40,71.40,100.00,100.00
2026-05-13T11:27:44.052405,70.00,75.00,100.00,100.00
2026-05-13T11:27:44.153574,66.70,77.80,100.00,100.00
2026-05-13T11:27:44.259596,66.70,75.00,100.00,100.00
2026-05-13T11:27:44.360859,83.30,66.70,100.00,100.00
2026-05-13T11:27:44.461959,62.50,75.00,100.00,100.00
2026-05-13T11:27:44.568361,71.40,75.00,100.00,100.00
2026-05-13T11:27:44.669611,57.10,75.00,100.00,100.00
2026-05-13T11:27:44.775353,71.40,85.70,100.00,100.00
2026-05-13T11:27:44.876501,70.00,62.50,100.00,100.00
2026-05-13T11:27:44.977595,71.40,75.00,100.00,100.00
2026-05-13T11:27:45.085732,75.00,75.00,100.00,100.00
2026-05-13T11:27:45.186756,62.50,71.40,100.00,100.00
2026-05-13T11:27:45.295856,71.40,75.00,100.00,100.00
2026-05-13T11:27:45.396843,77.80,75.00,100.00,100.00
2026-05-13T11:27:45.497900,62.50,71.40,100.00,100.00
2026-05-13T11:27:45.604618,66.70,71.40,100.00,100.00
2026-05-13T11:27:45.705634,75.00,75.00,100.00,100.00
2026-05-13T11:27:45.812472,75.00,66.70,100.00,100.00
2026-05-13T11:27:45.913330,50.00,75.00,100.00,100.00
2026-05-13T11:27:46.014178,75.00,60.00,100.00,100.00
2026-05-13T11:27:46.118651,57.10,88.90,100.00,100.00
2026-05-13T11:27:46.219722,66.70,75.00,100.00,100.00
2026-05-13T11:27:46.327544,75.00,62.50,100.00,100.00
2026-05-13T11:27:46.428820,71.40,77.80,100.00,100.00
2026-05-13T11:27:46.530015,66.70,71.40,100.00,100.00
2026-05-13T11:27:46.641767,75.00,62.50,100.00,100.00
2026-05-13T11:27:46.742778,75.00,75.00,100.00,100.00
2026-05-13T11:27:46.852085,75.00,66.70,100.00,100.00
2026-05-13T11:27:46.952918,66.70,66.70,100.00,100.00
2026-05-13T11:27:47.053926,60.00,62.50,100.00,100.00
2026-05-13T11:27:47.160486,77.80,75.00,100.00,100.00
2026-05-13T11:27:47.261378,75.00,66.70,100.00,100.00
2026-05-13T11:27:47.369497,62.50,77.80,100.00,100.00
2026-05-13T11:27:47.470431,75.00,71.40,100.00,100.00
2026-05-13T11:27:47.571518,57.10,62.50,100.00,100.00
2026-05-13T11:27:47.678254,75.00,75.00,100.00,100.00
2026-05-13T11:27:47.779449,57.10,62.50,100.00,100.00
2026-05-13T11:27:47.885245,62.50,66.70,100.00,100.00
2026-05-13T11:27:47.986494,71.40,62.50,100.00,100.00
2026-05-13T11:27:48.087450,75.00,75.00,100.00,100.00
2026-05-13T11:27:48.194256,62.50,66.70,100.00,100.00
2026-05-13T11:27:48.295206,71.40,66.70,100.00,100.00
2026-05-13T11:27:48.401508,75.00,75.00,100.00,100.00
2026-05-13T11:27:48.502280,66.70,57.10,100.00,100.00
2026-05-13T11:27:48.603121,50.00,62.50,100.00,100.00
2026-05-13T11:27:48.790006,64.30,53.30,100.00,100.00
2026-05-13T11:27:48.891033,16.70,42.90,100.00,100.00
2026-05-13T11:27:48.996210,42.90,28.60,100.00,100.00
2026-05-13T11:27:49.097038,33.30,20.00,100.00,100.00
2026-05-13T11:27:49.205559,28.60,50.00,100.00,100.00
2026-05-13T11:27:49.306479,42.90,42.90,100.00,100.00
2026-05-13T11:27:49.407565,33.30,28.60,100.00,100.00
2026-05-13T11:27:49.513144,16.70,33.30,100.00,100.00
2026-05-13T11:27:49.614103,33.30,20.00,100.00,100.00
2026-05-13T11:27:49.718618,37.50,42.90,100.00,100.00
2026-05-13T11:27:49.819559,28.60,37.50,100.00,100.00
2026-05-13T11:27:49.920442,28.60,33.30,100.00,100.00
2026-05-13T11:27:50.025077,33.30,42.90,100.00,100.00
2026-05-13T11:27:50.126087,37.50,37.50,100.00,100.00
2026-05-13T11:27:50.230931,42.90,33.30,100.00,100.00
2026-05-13T11:27:50.331928,20.00,20.00,100.00,100.00
2026-05-13T11:27:50.432837,16.70,50.00,100.00,100.00
2026-05-13T11:27:50.538141,42.90,42.90,100.00,100.00
2026-05-13T11:27:50.639020,37.50,33.30,100.00,100.00
2026-05-13T11:27:50.744237,33.30,33.30,100.00,100.00
2026-05-13T11:27:50.845247,33.30,37.50,100.00,100.00
2026-05-13T11:27:50.946171,28.60,20.00,100.00,100.00
2026-05-13T11:27:51.051039,42.90,50.00,100.00,100.00
2026-05-13T11:27:51.151947,33.30,28.60,100.00,100.00
2026-05-13T11:27:51.257392,37.50,50.00,100.00,100.00
2026-05-13T11:27:51.358388,33.30,0.00,100.00,100.00
2026-05-13T11:27:51.459231,20.00,42.90,100.00,100.00
2026-05-13T11:27:51.564012,28.60,33.30,100.00,100.00
2026-05-13T11:27:51.664988,28.60,42.90,100.00,100.00
2026-05-13T11:27:51.769671,28.60,28.60,100.00,100.00
2026-05-13T11:27:51.870534,42.90,33.30,100.00,100.00
2026-05-13T11:27:51.971818,33.30,33.30,100.00,100.00
2026-05-13T11:27:52.077285,28.60,50.00,100.00,100.00
2026-05-13T11:27:52.178196,42.90,20.00,100.00,100.00
2026-05-13T11:27:52.283346,33.30,33.30,100.00,100.00
2026-05-13T11:27:52.384187,57.10,57.10,100.00,100.00
2026-05-13T11:27:52.485036,42.90,50.00,100.00,100.00
2026-05-13T11:27:52.590914,33.30,50.00,100.00,100.00
2026-05-13T11:27:52.691874,50.00,33.30,100.00,100.00
2026-05-13T11:27:52.796507,50.00,50.00,100.00,100.00
2026-05-13T11:27:52.897742,33.30,57.10,100.00,100.00
2026-05-13T11:27:52.998701,33.30,33.30,100.00,100.00
2026-05-13T11:27:53.103681,50.00,42.90,100.00,100.00
2026-05-13T11:27:53.204564,33.30,50.00,100.00,100.00
2026-05-13T11:27:53.309159,33.30,33.30,100.00,100.00
2026-05-13T11:27:53.410165,44.40,33.30,100.00,100.00
2026-05-13T11:27:53.511055,33.30,37.50,100.00,100.00
2026-05-13T11:27:53.615864,42.90,40.00,100.00,100.00
2026-05-13T11:27:53.716724,42.90,57.10,100.00,100.00
2026-05-13T11:27:53.822085,57.10,62.50,100.00,100.00
2026-05-13T11:27:53.923527,42.90,42.90,100.00,100.00
2026-05-13T11:27:54.024527,50.00,50.00,100.00,100.00
2026-05-13T11:27:54.129229,57.10,66.70,100.00,100.00
2026-05-13T11:27:54.230874,57.10,42.90,100.00,100.00
2026-05-13T11:27:54.337108,42.90,50.00,100.00,100.00
2026-05-13T11:27:54.438006,50.00,42.90,100.00,100.00
2026-05-13T11:27:54.539147,50.00,50.00,100.00,100.00
2026-05-13T11:27:54.644717,57.10,57.10,100.00,100.00
2026-05-13T11:27:54.745575,33.30,62.50,100.00,100.00
2026-05-13T11:27:54.851722,50.00,57.10,100.00,100.00
2026-05-13T11:27:54.953048,57.10,55.60,100.00,100.00
2026-05-13T11:27:55.054286,57.10,50.00,100.00,100.00
2026-05-13T11:27:55.159104,42.90,42.90,100.00,100.00
2026-05-13T11:27:55.260185,42.90,57.10,100.00,100.00
2026-05-13T11:27:55.365984,42.90,42.90,100.00,100.00
2026-05-13T11:27:55.466982,57.10,50.00,100.00,100.00
2026-05-13T11:27:55.567971,42.90,42.90,100.00,100.00
2026-05-13T11:27:55.672920,42.90,42.90,100.00,100.00
2026-05-13T11:27:55.773904,42.90,42.90,100.00,100.00
2026-05-13T11:27:55.878884,42.90,50.00,100.00,100.00
2026-05-13T11:27:55.979897,50.00,50.00,100.00,100.00
2026-05-13T11:27:56.080871,42.90,40.00,100.00,100.00
2026-05-13T11:27:56.185986,42.90,42.90,100.00,100.00
2026-05-13T11:27:56.287045,40.00,50.00,100.00,100.00
2026-05-13T11:27:56.391741,55.60,57.10,100.00,100.00
2026-05-13T11:27:56.492702,33.30,33.30,100.00,100.00
2026-05-13T11:27:56.593600,33.30,57.10,100.00,100.00
2026-05-13T11:27:56.698060,42.90,40.00,100.00,100.00
2026-05-13T11:27:56.799164,42.90,50.00,100.00,100.00
2026-05-13T11:27:56.904497,62.50,50.00,100.00,100.00
2026-05-13T11:27:57.005550,50.00,33.30,100.00,100.00
2026-05-13T11:27:57.106862,42.90,40.00,100.00,100.00
2026-05-13T11:27:57.212007,50.00,55.60,100.00,100.00
2026-05-13T11:27:57.313155,50.00,25.00,100.00,100.00
2026-05-13T11:27:57.418995,50.00,66.70,100.00,100.00
2026-05-13T11:27:57.520242,57.10,62.50,100.00,100.00
2026-05-13T11:27:57.621152,50.00,40.00,100.00,100.00
2026-05-13T11:27:57.725651,57.10,50.00,100.00,100.00
2026-05-13T11:27:57.826609,57.10,62.50,100.00,100.00
2026-05-13T11:27:57.931351,50.00,71.40,100.00,100.00
2026-05-13T11:27:58.032539,42.90,42.90,100.00,100.00
2026-05-13T11:27:58.133462,42.90,50.00,100.00,100.00
2026-05-13T11:27:58.238019,50.00,42.90,100.00,100.00
2026-05-13T11:27:58.339133,42.90,40.00,100.00,100.00
2026-05-13T11:27:58.444652,50.00,60.00,100.00,100.00
2026-05-13T11:27:58.545636,33.30,25.00,100.00,100.00
2026-05-13T11:27:58.646661,28.60,28.60,100.00,100.00
2026-05-13T11:27:58.750925,28.60,28.60,100.00,100.00
2026-05-13T11:27:58.851829,16.70,28.60,100.00,100.00
2026-05-13T11:27:58.957551,25.00,28.60,100.00,100.00
2026-05-13T11:27:59.058644,28.60,14.30,100.00,100.00
2026-05-13T11:27:59.159512,28.60,0.00,100.00,100.00
2026-05-13T11:27:59.267715,37.50,50.00,100.00,100.00
2026-05-13T11:27:59.368556,25.00,0.00,100.00,100.00
2026-05-13T11:27:59.473730,16.70,37.50,100.00,100.00
2026-05-13T11:27:59.574660,28.60,16.70,100.00,100.00
2026-05-13T11:27:59.675598,14.30,16.70,100.00,100.00
2026-05-13T11:27:59.779946,28.60,25.00,100.00,100.00
2026-05-13T11:27:59.880986,16.70,16.70,100.00,100.00
2026-05-13T11:27:59.985402,33.30,14.30,100.00,100.00
2026-05-13T11:28:00.086253,14.30,16.70,100.00,100.00
2026-05-13T11:28:00.187169,28.60,25.00,100.00,100.00
2026-05-13T11:28:00.291399,25.00,28.60,100.00,100.00
2026-05-13T11:28:00.392299,16.70,0.00,100.00,100.00
2026-05-13T11:28:00.496488,25.00,25.00,100.00,100.00
2026-05-13T11:28:00.597295,25.00,16.70,100.00,100.00
2026-05-13T11:28:00.698128,37.50,14.30,100.00,100.00
2026-05-13T11:28:00.802244,14.30,37.50,100.00,100.00
2026-05-13T11:28:00.903188,16.70,0.00,100.00,100.00
2026-05-13T11:28:01.007848,25.00,37.50,100.00,100.00
2026-05-13T11:28:01.108667,28.60,0.00,100.00,100.00
2026-05-13T11:28:01.209539,0.00,0.00,100.00,100.00
2026-05-13T11:28:01.314003,28.60,33.30,100.00,100.00
2026-05-13T11:28:01.414899,14.30,0.00,100.00,100.00
2026-05-13T11:28:01.519105,25.00,16.70,100.00,100.00
2026-05-13T11:28:01.620155,14.30,14.30,100.00,100.00
2026-05-13T11:28:01.721075,37.50,14.30,100.00,100.00
2026-05-13T11:28:01.825821,0.00,28.60,100.00,100.00
2026-05-13T11:28:01.926872,25.00,14.30,100.00,100.00
2026-05-13T11:28:02.031737,25.00,14.30,100.00,100.00
2026-05-13T11:28:02.132812,16.70,28.60,100.00,100.00
2026-05-13T11:28:02.233636,14.30,0.00,100.00,100.00
2026-05-13T11:28:02.338125,33.30,14.30,100.00,100.00
2026-05-13T11:28:02.439013,14.30,16.70,100.00,100.00
2026-05-13T11:28:02.543389,28.60,33.30,100.00,100.00
2026-05-13T11:28:02.644258,14.30,0.00,100.00,100.00
2026-05-13T11:28:02.745131,25.00,14.30,100.00,100.00
2026-05-13T11:28:02.849646,14.30,16.70,100.00,100.00
2026-05-13T11:28:02.950577,25.00,25.00,100.00,100.00
2026-05-13T11:28:03.054837,14.30,16.70,100.00,100.00
2026-05-13T11:28:03.155699,25.00,0.00,100.00,100.00
2026-05-13T11:28:03.256551,16.70,16.70,100.00,100.00
2026-05-13T11:28:03.361182,14.30,14.30,100.00,100.00
2026-05-13T11:28:03.462037,14.30,37.50,100.00,100.00
2026-05-13T11:28:03.566112,28.60,14.30,100.00,100.00
2026-05-13T11:28:03.667267,57.10,57.10,100.00,100.00
2026-05-13T11:28:03.830746,93.30,78.60,100.00,100.00
2026-05-13T11:28:03.931779,88.90,62.50,100.00,100.00
2026-05-13T11:28:04.033048,71.40,66.70,100.00,100.00
2026-05-13T11:28:04.138388,80.00,71.40,100.00,100.00
2026-05-13T11:28:04.239397,80.00,71.40,100.00,100.00
2026-05-13T11:28:04.346170,75.00,81.80,100.00,100.00
2026-05-13T11:28:04.447124,71.40,75.00,100.00,100.00
2026-05-13T11:28:04.548383,50.00,100.00,100.00,100.00
2026-05-13T11:28:04.653214,75.00,81.80,100.00,100.00
2026-05-13T11:28:04.754383,70.00,77.80,100.00,100.00
2026-05-13T11:28:04.860186,71.40,87.50,100.00,100.00
2026-05-13T11:28:04.961126,75.00,77.80,100.00,100.00
2026-05-13T11:28:05.062430,71.40,77.80,100.00,100.00
2026-05-13T11:28:05.167899,77.80,87.50,100.00,100.00
2026-05-13T11:28:05.269592,77.80,77.80,100.00,100.00
2026-05-13T11:28:05.374316,88.90,81.80,100.00,100.00
2026-05-13T11:28:05.475499,75.00,87.50,100.00,100.00
2026-05-13T11:28:05.576693,90.00,77.80,100.00,100.00
2026-05-13T11:28:05.686237,77.80,90.00,100.00,100.00
2026-05-13T11:28:05.787638,75.00,100.00,100.00,100.00
2026-05-13T11:28:05.893661,77.80,88.90,100.00,100.00
2026-05-13T11:28:05.994833,75.00,90.00,100.00,100.00
2026-05-13T11:28:06.095912,77.80,88.90,100.00,100.00
2026-05-13T11:28:06.201663,77.80,88.90,100.00,100.00
2026-05-13T11:28:06.302649,85.70,100.00,100.00,100.00
2026-05-13T11:28:06.407944,90.00,80.00,100.00,100.00
2026-05-13T11:28:06.509178,75.00,88.90,100.00,100.00
2026-05-13T11:28:06.610161,66.70,90.00,100.00,100.00
2026-05-13T11:28:06.716942,77.80,87.50,100.00,100.00
2026-05-13T11:28:06.818899,75.00,80.00,100.00,100.00
2026-05-13T11:28:06.926749,62.50,90.00,100.00,100.00
2026-05-13T11:28:07.027679,66.70,85.70,100.00,100.00
2026-05-13T11:28:07.129388,71.40,77.80,100.00,100.00
2026-05-13T11:28:07.234497,75.00,87.50,100.00,100.00
2026-05-13T11:28:07.336102,66.70,80.00,100.00,100.00
2026-05-13T11:28:07.445369,77.80,90.00,100.00,100.00
2026-05-13T11:28:07.546619,75.00,87.50,100.00,100.00
2026-05-13T11:28:07.647716,66.70,90.00,100.00,100.00
2026-05-13T11:28:07.752138,80.00,77.80,100.00,100.00
2026-05-13T11:28:07.853213,66.70,75.00,100.00,100.00
2026-05-13T11:28:07.958841,66.70,87.50,100.00,100.00
2026-05-13T11:28:08.059957,77.80,75.00,100.00,100.00
2026-05-13T11:28:08.161035,71.40,80.00,100.00,100.00
2026-05-13T11:28:08.267053,75.00,77.80,100.00,100.00
2026-05-13T11:28:08.368126,75.00,75.00,100.00,100.00
2026-05-13T11:28:08.474985,70.00,85.70,100.00,100.00
2026-05-13T11:28:08.575892,83.30,62.50,100.00,100.00
2026-05-13T11:28:08.756837,53.80,36.40,100.00,100.00
2026-05-13T11:28:08.857835,16.70,28.60,100.00,100.00
2026-05-13T11:28:08.958698,25.00,28.60,100.00,100.00
2026-05-13T11:28:09.063220,28.60,33.30,100.00,100.00
2026-05-13T11:28:09.164076,37.50,28.60,100.00,100.00
2026-05-13T11:28:09.269200,33.30,50.00,100.00,100.00
2026-05-13T11:28:09.370051,37.50,28.60,100.00,100.00
2026-05-13T11:28:09.470856,42.90,33.30,100.00,100.00
2026-05-13T11:28:09.576265,37.50,28.60,100.00,100.00
2026-05-13T11:28:09.677202,28.60,28.60,100.00,100.00
2026-05-13T11:28:09.782213,28.60,16.70,100.00,100.00
2026-05-13T11:28:09.883114,0.00,37.50,100.00,100.00
2026-05-13T11:28:09.984010,37.50,20.00,100.00,100.00
2026-05-13T11:28:10.088645,28.60,16.70,100.00,100.00
2026-05-13T11:28:10.189578,28.60,16.70,100.00,100.00
2026-05-13T11:28:10.293590,25.00,37.50,100.00,100.00
2026-05-13T11:28:10.394533,16.70,16.70,100.00,100.00
2026-05-13T11:28:10.495525,28.60,16.70,100.00,100.00
2026-05-13T11:28:10.599564,16.70,28.60,100.00,100.00
2026-05-13T11:28:10.700435,37.50,37.50,100.00,100.00
2026-05-13T11:28:10.804454,16.70,0.00,100.00,100.00
2026-05-13T11:28:10.905262,28.60,37.50,100.00,100.00
2026-05-13T11:28:11.006470,28.60,42.90,100.00,100.00
2026-05-13T11:28:11.111239,42.90,16.70,100.00,100.00
2026-05-13T11:28:11.212169,16.70,16.70,100.00,100.00
2026-05-13T11:28:11.316814,37.50,28.60,100.00,100.00
2026-05-13T11:28:11.417736,33.30,37.50,100.00,100.00
2026-05-13T11:28:11.518772,28.60,20.00,100.00,100.00
2026-05-13T11:28:11.623168,28.60,37.50,100.00,100.00
2026-05-13T11:28:11.724265,28.60,16.70,100.00,100.00
2026-05-13T11:28:11.828766,28.60,44.40,100.00,100.00
2026-05-13T11:28:11.929669,28.60,0.00,100.00,100.00
2026-05-13T11:28:12.030483,28.60,28.60,100.00,100.00
2026-05-13T11:28:12.135336,28.60,28.60,100.00,100.00
2026-05-13T11:28:12.236241,16.70,16.70,100.00,100.00
2026-05-13T11:28:12.340488,28.60,37.50,100.00,100.00
2026-05-13T11:28:12.441174,44.40,16.70,100.00,100.00
2026-05-13T11:28:12.542019,28.60,37.50,100.00,100.00
2026-05-13T11:28:12.646206,28.60,28.60,100.00,100.00
2026-05-13T11:28:12.747177,28.60,28.60,100.00,100.00
2026-05-13T11:28:12.851163,14.30,16.70,100.00,100.00
2026-05-13T11:28:12.952032,16.70,0.00,100.00,100.00
2026-05-13T11:28:13.052976,37.50,50.00,100.00,100.00
2026-05-13T11:28:13.157679,28.60,16.70,100.00,100.00
2026-05-13T11:28:13.258620,16.70,28.60,100.00,100.00
2026-05-13T11:28:13.363653,28.60,28.60,100.00,100.00
2026-05-13T11:28:13.464628,16.70,16.70,100.00,100.00
2026-05-13T11:28:13.565426,28.60,37.50,100.00,100.00
2026-05-13T11:28:13.670435,42.90,37.50,100.00,100.00
2026-05-13T11:28:13.771374,20.00,20.00,100.00,100.00
2026-05-13T11:28:13.876910,28.60,42.90,100.00,100.00
2026-05-13T11:28:13.977813,33.30,33.30,100.00,100.00
2026-05-13T11:28:14.078650,88.90,90.00,100.00,100.00
2026-05-13T11:28:14.185017,88.90,88.90,100.00,100.00
2026-05-13T11:28:14.285938,33.30,42.90,100.00,100.00
2026-05-13T11:28:14.390865,33.30,55.60,100.00,100.00
2026-05-13T11:28:14.492177,37.50,50.00,100.00,100.00
2026-05-13T11:28:14.593344,28.60,33.30,100.00,100.00
2026-05-13T11:28:14.699806,40.00,42.90,100.00,100.00
2026-05-13T11:28:14.800963,42.90,62.50,100.00,100.00
2026-05-13T11:28:14.909416,42.90,50.00,100.00,100.00
2026-05-13T11:28:15.010307,50.00,50.00,100.00,100.00
2026-05-13T11:28:15.111421,57.10,62.50,100.00,100.00
2026-05-13T11:28:15.217900,50.00,55.60,100.00,100.00
2026-05-13T11:28:15.318961,37.50,40.00,100.00,100.00
2026-05-13T11:28:15.423692,20.00,42.90,100.00,100.00
2026-05-13T11:28:15.524769,42.90,42.90,100.00,100.00
2026-05-13T11:28:15.625667,28.60,57.10,100.00,100.00
2026-05-13T11:28:15.731007,37.50,33.30,100.00,100.00
2026-05-13T11:28:15.831849,33.30,42.90,100.00,100.00
2026-05-13T11:28:15.946532,88.90,90.00,100.00,100.00
2026-05-13T11:28:16.047510,87.50,100.00,100.00,100.00
2026-05-13T11:28:16.151846,87.50,100.00,100.00,100.00
2026-05-13T11:28:16.259538,90.00,90.90,100.00,100.00
2026-05-13T11:28:16.360352,75.00,75.00,100.00,100.00
2026-05-13T11:28:16.466929,75.00,66.70,100.00,100.00
2026-05-13T11:28:16.568758,90.00,100.00,100.00,100.00
2026-05-13T11:28:16.669810,42.90,50.00,100.00,100.00
2026-05-13T11:28:16.776426,57.10,55.60,100.00,100.00
2026-05-13T11:28:16.877307,33.30,40.00,100.00,100.00
2026-05-13T11:28:16.982640,50.00,50.00,100.00,100.00
2026-05-13T11:28:17.084124,33.30,57.10,100.00,100.00
2026-05-13T11:28:17.185199,50.00,50.00,100.00,100.00
2026-05-13T11:28:17.289859,50.00,57.10,100.00,100.00
2026-05-13T11:28:17.390869,20.00,33.30,100.00,100.00
2026-05-13T11:28:17.495451,37.50,50.00,100.00,100.00
2026-05-13T11:28:17.596311,33.30,33.30,100.00,100.00
2026-05-13T11:28:17.697255,42.90,42.90,100.00,100.00
2026-05-13T11:28:17.802025,20.00,33.30,100.00,100.00
2026-05-13T11:28:17.902939,42.90,50.00,100.00,100.00
2026-05-13T11:28:18.008029,42.90,33.30,100.00,100.00
2026-05-13T11:28:18.109059,33.30,42.90,100.00,100.00
2026-05-13T11:28:18.210111,50.00,50.00,100.00,100.00
2026-05-13T11:28:18.314334,42.90,40.00,100.00,100.00
2026-05-13T11:28:18.415110,50.00,57.10,100.00,100.00
2026-05-13T11:28:18.521282,42.90,50.00,100.00,100.00
2026-05-13T11:28:18.622015,20.00,42.90,100.00,100.00
2026-05-13T11:28:18.722850,28.60,16.70,100.00,100.00
2026-05-13T11:28:18.826999,16.70,25.00,100.00,100.00
2026-05-13T11:28:18.927879,28.60,0.00,100.00,100.00
2026-05-13T11:28:19.031678,25.00,28.60,100.00,100.00
2026-05-13T11:28:19.132414,16.70,28.60,100.00,100.00
2026-05-13T11:28:19.233149,37.50,16.70,100.00,100.00
2026-05-13T11:28:19.338717,16.70,44.40,100.00,100.00
2026-05-13T11:28:19.439499,37.50,16.70,100.00,100.00
2026-05-13T11:28:19.543302,14.30,14.30,100.00,100.00
2026-05-13T11:28:19.644202,28.60,28.60,100.00,100.00
2026-05-13T11:28:19.745116,28.60,28.60,100.00,100.00
2026-05-13T11:28:19.850206,14.30,16.70,100.00,100.00
2026-05-13T11:28:19.951146,37.50,28.60,100.00,100.00
2026-05-13T11:28:20.056169,28.60,16.70,100.00,100.00
2026-05-13T11:28:20.157018,42.90,50.00,100.00,100.00
2026-05-13T11:28:20.257830,14.30,25.00,100.00,100.00
2026-05-13T11:28:20.361919,28.60,16.70,100.00,100.00
2026-05-13T11:28:20.462889,14.30,28.60,100.00,100.00
2026-05-13T11:28:20.566803,0.00,25.00,100.00,100.00
2026-05-13T11:28:20.667586,16.70,0.00,100.00,100.00
2026-05-13T11:28:20.768453,25.00,37.50,100.00,100.00
2026-05-13T11:28:20.873044,14.30,0.00,100.00,100.00
2026-05-13T11:28:20.973870,28.60,16.70,100.00,100.00
2026-05-13T11:28:21.078188,14.30,25.00,100.00,100.00
2026-05-13T11:28:21.179224,37.50,0.00,100.00,100.00
2026-05-13T11:28:21.280199,14.30,37.50,100.00,100.00
2026-05-13T11:28:21.383925,25.00,14.30,100.00,100.00
2026-05-13T11:28:21.484818,0.00,16.70,100.00,100.00
2026-05-13T11:28:21.588671,25.00,14.30,100.00,100.00
2026-05-13T11:28:21.689587,14.30,28.60,100.00,100.00
2026-05-13T11:28:21.790457,28.60,0.00,100.00,100.00
2026-05-13T11:28:21.894769,16.70,16.70,100.00,100.00
2026-05-13T11:28:21.995686,37.50,28.60,100.00,100.00
2026-05-13T11:28:22.099502,14.30,16.70,100.00,100.00
2026-05-13T11:28:22.200449,28.60,25.00,100.00,100.00
2026-05-13T11:28:22.301140,0.00,28.60,100.00,100.00
2026-05-13T11:28:22.405182,33.30,0.00,100.00,100.00
2026-05-13T11:28:22.505986,16.70,28.60,100.00,100.00
2026-05-13T11:28:22.609752,25.00,28.60,100.00,100.00
2026-05-13T11:28:22.710521,0.00,0.00,100.00,100.00
2026-05-13T11:28:22.811345,25.00,37.50,100.00,100.00
2026-05-13T11:28:22.915891,28.60,14.30,100.00,100.00
2026-05-13T11:28:23.016644,25.00,16.70,100.00,100.00
2026-05-13T11:28:23.120963,14.30,14.30,100.00,100.00
2026-05-13T11:28:23.221730,28.60,28.60,100.00,100.00
2026-05-13T11:28:23.322578,25.00,28.60,100.00,100.00
2026-05-13T11:28:23.428002,28.60,0.00,100.00,100.00
2026-05-13T11:28:23.528744,0.00,37.50,100.00,100.00
2026-05-13T11:28:23.633242,22.20,0.00,100.00,100.00
2026-05-13T11:28:23.734058,22.20,12.50,100.00,100.00
2026-05-13T11:28:23.834796,12.50,12.50,100.00,100.00
2026-05-13T11:28:23.939076,0.00,0.00,100.00,100.00
2026-05-13T11:28:24.040026,12.50,12.50,100.00,100.00
2026-05-13T11:28:24.144607,20.00,11.10,100.00,100.00
2026-05-13T11:28:24.245334,12.50,12.50,100.00,100.00
2026-05-13T11:28:24.346079,22.20,0.00,100.00,100.00
2026-05-13T11:28:24.450820,20.00,12.50,100.00,100.00
2026-05-13T11:28:24.551606,0.00,0.00,100.00,100.00
2026-05-13T11:28:24.655706,11.10,0.00,100.00,100.00
2026-05-13T11:28:24.756666,12.50,0.00,100.00,100.00
2026-05-13T11:28:24.857415,11.10,22.20,100.00,100.00
2026-05-13T11:28:24.961741,22.20,0.00,100.00,100.00
2026-05-13T11:28:25.062445,11.10,0.00,100.00,100.00
2026-05-13T11:28:25.165970,20.00,12.50,100.00,100.00
2026-05-13T11:28:25.266659,12.50,20.00,100.00,100.00
2026-05-13T11:28:25.367445,11.10,0.00,100.00,100.00
2026-05-13T11:28:25.470945,20.00,0.00,100.00,100.00
2026-05-13T11:28:25.571764,12.50,0.00,100.00,100.00
2026-05-13T11:28:25.675758,11.10,22.20,100.00,100.00
2026-05-13T11:28:25.776550,11.10,0.00,100.00,100.00
2026-05-13T11:28:25.877217,22.20,0.00,100.00,100.00
2026-05-13T11:28:25.981123,11.10,0.00,100.00,100.00
2026-05-13T11:28:26.081786,0.00,12.50,100.00,100.00
2026-05-13T11:28:26.185511,22.20,11.10,100.00,100.00
2026-05-13T11:28:26.286239,11.10,0.00,100.00,100.00
2026-05-13T11:28:26.386944,11.10,12.50,100.00,100.00
2026-05-13T11:28:26.490387,22.20,11.10,100.00,100.00
2026-05-13T11:28:26.591074,11.10,12.50,100.00,100.00
2026-05-13T11:28:26.695196,11.10,0.00,100.00,100.00
2026-05-13T11:28:26.795908,20.00,0.00,100.00,100.00
2026-05-13T11:28:26.896625,12.50,0.00,100.00,100.00
2026-05-13T11:28:27.000566,20.00,12.50,100.00,100.00
2026-05-13T11:28:27.101279,12.50,0.00,100.00,100.00
2026-05-13T11:28:27.205436,20.00,12.50,100.00,100.00
2026-05-13T11:28:27.306134,11.10,0.00,100.00,100.00
2026-05-13T11:28:27.406847,12.50,12.50,100.00,100.00
2026-05-13T11:28:27.510772,11.10,0.00,100.00,100.00
2026-05-13T11:28:27.611498,12.50,0.00,100.00,100.00
2026-05-13T11:28:27.715171,11.10,0.00,100.00,100.00
2026-05-13T11:28:27.815860,11.10,12.50,100.00,100.00
2026-05-13T11:28:27.916565,12.50,0.00,100.00,100.00
2026-05-13T11:28:28.020508,11.10,22.20,100.00,100.00
2026-05-13T11:28:28.121253,0.00,0.00,100.00,100.00
2026-05-13T11:28:28.225155,30.00,0.00,100.00,100.00
2026-05-13T11:28:28.325905,11.10,12.50,100.00,100.00
2026-05-13T11:28:28.426697,0.00,12.50,100.00,100.00
2026-05-13T11:28:28.530490,11.10,0.00,100.00,100.00
2026-05-13T11:28:28.631486,37.50,44.40,100.00,100.00
2026-05-13T11:28:28.789943,84.60,84.60,100.00,100.00
2026-05-13T11:28:28.890903,75.00,87.50,100.00,100.00
2026-05-13T11:28:28.991852,50.00,88.90,100.00,100.00
2026-05-13T11:28:29.099622,80.00,66.70,100.00,100.00
2026-05-13T11:28:29.201205,75.00,85.70,100.00,100.00
2026-05-13T11:28:29.309598,80.00,90.90,100.00,100.00
2026-05-13T11:28:29.410475,85.70,71.40,100.00,100.00
2026-05-13T11:28:29.511266,66.70,77.80,100.00,100.00
2026-05-13T11:28:29.619017,62.50,87.50,100.00,100.00
2026-05-13T11:28:29.719902,57.10,88.90,100.00,100.00
2026-05-13T11:28:29.824767,66.70,87.50,100.00,100.00
2026-05-13T11:28:29.925775,66.70,71.40,100.00,100.00
2026-05-13T11:28:30.026702,77.80,88.90,100.00,100.00
2026-05-13T11:28:30.133811,77.80,81.80,100.00,100.00
2026-05-13T11:28:30.234694,88.90,85.70,100.00,100.00
2026-05-13T11:28:30.341270,71.40,80.00,100.00,100.00
2026-05-13T11:28:30.442260,62.50,87.50,100.00,100.00
2026-05-13T11:28:30.543234,71.40,75.00,100.00,100.00
2026-05-13T11:28:30.649130,75.00,75.00,100.00,100.00
2026-05-13T11:28:30.750311,71.40,77.80,100.00,100.00
2026-05-13T11:28:30.854865,62.50,83.30,100.00,100.00
2026-05-13T11:28:30.955751,85.70,77.80,100.00,100.00
2026-05-13T11:28:31.056943,57.10,75.00,100.00,100.00
2026-05-13T11:28:31.162712,75.00,88.90,100.00,100.00
2026-05-13T11:28:31.263635,62.50,77.80,100.00,100.00
2026-05-13T11:28:31.368572,75.00,87.50,100.00,100.00
2026-05-13T11:28:31.470341,62.50,75.00,100.00,100.00
2026-05-13T11:28:31.571165,75.00,75.00,100.00,100.00
2026-05-13T11:28:31.677542,77.80,75.00,100.00,100.00
2026-05-13T11:28:31.778549,71.40,87.50,100.00,100.00
2026-05-13T11:28:31.884599,75.00,75.00,100.00,100.00
2026-05-13T11:28:31.985553,77.80,77.80,100.00,100.00
2026-05-13T11:28:32.086801,71.40,71.40,100.00,100.00
2026-05-13T11:28:32.194775,62.50,90.00,100.00,100.00
2026-05-13T11:28:32.295648,75.00,75.00,100.00,100.00
2026-05-13T11:28:32.401396,75.00,77.80,100.00,100.00
2026-05-13T11:28:32.502410,62.50,88.90,100.00,100.00
2026-05-13T11:28:32.603545,71.40,71.40,100.00,100.00
2026-05-13T11:28:32.711125,75.00,88.90,100.00,100.00
2026-05-13T11:28:32.811973,62.50,71.40,100.00,100.00
2026-05-13T11:28:32.917976,71.40,87.50,100.00,100.00
2026-05-13T11:28:33.018925,75.00,77.80,100.00,100.00
2026-05-13T11:28:33.119992,70.00,77.80,100.00,100.00
2026-05-13T11:28:33.224757,75.00,75.00,100.00,100.00
2026-05-13T11:28:33.325620,87.50,75.00,100.00,100.00
2026-05-13T11:28:33.432758,88.90,90.00,100.00,100.00
2026-05-13T11:28:33.534573,77.80,87.50,100.00,100.00
2026-05-13T11:28:33.635562,71.40,75.00,100.00,100.00
2026-05-13T11:28:33.740469,57.10,50.00,100.00,100.00
2026-05-13T11:28:33.842078,57.10,57.10,100.00,100.00
2026-05-13T11:28:33.947524,57.10,33.30,100.00,100.00
2026-05-13T11:28:34.048787,57.10,57.10,100.00,100.00
2026-05-13T11:28:34.149567,33.30,42.90,100.00,100.00
2026-05-13T11:28:34.254592,57.10,50.00,100.00,100.00
2026-05-13T11:28:34.355669,71.40,57.10,100.00,100.00
2026-05-13T11:28:34.461789,50.00,50.00,100.00,100.00
2026-05-13T11:28:34.562602,66.70,50.00,100.00,100.00
2026-05-13T11:28:34.663658,50.00,42.90,100.00,100.00
2026-05-13T11:28:34.768057,57.10,57.10,100.00,100.00
2026-05-13T11:28:34.868866,57.10,42.90,100.00,100.00
2026-05-13T11:28:34.973645,57.10,50.00,100.00,100.00
2026-05-13T11:28:35.075348,50.00,42.90,100.00,100.00
2026-05-13T11:28:35.176501,57.10,57.10,100.00,100.00
2026-05-13T11:28:35.282547,50.00,50.00,100.00,100.00
2026-05-13T11:28:35.383280,57.10,42.90,100.00,100.00
2026-05-13T11:28:35.488941,57.10,50.00,100.00,100.00
2026-05-13T11:28:35.589830,50.00,50.00,100.00,100.00
2026-05-13T11:28:35.690646,40.00,50.00,100.00,100.00
2026-05-13T11:28:35.795353,57.10,62.50,100.00,100.00
2026-05-13T11:28:35.896167,50.00,40.00,100.00,100.00
2026-05-13T11:28:36.001676,62.50,42.90,100.00,100.00
2026-05-13T11:28:36.102779,40.00,40.00,100.00,100.00
2026-05-13T11:28:36.203899,62.50,42.90,100.00,100.00
2026-05-13T11:28:36.308249,50.00,57.10,100.00,100.00
2026-05-13T11:28:36.409257,50.00,57.10,100.00,100.00
2026-05-13T11:28:36.514316,40.00,50.00,100.00,100.00
2026-05-13T11:28:36.615874,62.50,50.00,100.00,100.00
2026-05-13T11:28:36.716980,40.00,33.30,100.00,100.00
2026-05-13T11:28:36.823234,62.50,57.10,100.00,100.00
2026-05-13T11:28:36.924189,50.00,50.00,100.00,100.00
2026-05-13T11:28:37.030214,57.10,62.50,100.00,100.00
2026-05-13T11:28:37.130971,57.10,40.00,100.00,100.00
2026-05-13T11:28:37.231967,33.30,42.90,100.00,100.00
2026-05-13T11:28:37.336447,57.10,57.10,100.00,100.00
2026-05-13T11:28:37.437419,71.40,33.30,100.00,100.00
2026-05-13T11:28:37.541770,55.60,55.60,100.00,100.00
2026-05-13T11:28:37.642650,50.00,40.00,100.00,100.00
2026-05-13T11:28:37.743777,40.00,40.00,100.00,100.00
2026-05-13T11:28:37.848847,50.00,33.30,100.00,100.00
2026-05-13T11:28:37.950137,57.10,50.00,100.00,100.00
2026-05-13T11:28:38.056286,42.90,57.10,100.00,100.00
2026-05-13T11:28:38.157086,50.00,40.00,100.00,100.00
2026-05-13T11:28:38.258652,62.50,50.00,100.00,100.00
2026-05-13T11:28:38.365239,50.00,62.50,100.00,100.00
2026-05-13T11:28:38.466169,62.50,50.00,100.00,100.00
2026-05-13T11:28:38.571409,50.00,50.00,100.00,100.00
2026-05-13T11:28:38.672478,75.00,88.90,100.00,100.00
2026-05-13T11:28:38.773604,77.80,90.00,100.00,100.00
2026-05-13T11:28:38.880227,87.50,100.00,100.00,100.00
2026-05-13T11:28:38.981880,77.80,90.90,100.00,100.00
2026-05-13T11:28:39.088500,87.50,80.00,100.00,100.00
2026-05-13T11:28:39.189468,80.00,87.50,100.00,100.00
2026-05-13T11:28:39.290559,77.80,88.90,100.00,100.00
2026-05-13T11:28:39.396693,87.50,100.00,100.00,100.00
2026-05-13T11:28:39.497553,87.50,88.90,100.00,100.00
2026-05-13T11:28:39.603836,77.80,90.00,100.00,100.00
2026-05-13T11:28:39.705422,77.80,90.00,100.00,100.00
2026-05-13T11:28:39.806359,75.00,88.90,100.00,100.00
2026-05-13T11:28:39.912825,80.00,88.90,100.00,100.00
2026-05-13T11:28:40.013734,75.00,90.00,100.00,100.00
2026-05-13T11:28:40.120069,87.50,88.90,100.00,100.00
2026-05-13T11:28:40.220967,90.00,87.50,100.00,100.00
2026-05-13T11:28:40.321877,75.00,81.80,100.00,100.00
2026-05-13T11:28:40.437789,90.90,90.00,100.00,100.00
2026-05-13T11:28:40.538875,75.00,88.90,100.00,100.00
2026-05-13T11:28:40.645330,80.00,100.00,100.00,100.00
2026-05-13T11:28:40.746479,71.40,77.80,100.00,100.00
2026-05-13T11:28:40.847351,88.90,88.90,100.00,100.00
2026-05-13T11:28:40.954813,77.80,88.90,100.00,100.00
2026-05-13T11:28:41.055886,77.80,87.50,100.00,100.00
2026-05-13T11:28:41.162087,87.50,88.90,100.00,100.00
2026-05-13T11:28:41.263434,75.00,87.50,100.00,100.00
2026-05-13T11:28:41.364318,88.90,88.90,100.00,100.00
2026-05-13T11:28:41.469998,80.00,77.80,100.00,100.00
2026-05-13T11:28:41.571365,87.50,88.90,100.00,100.00
2026-05-13T11:28:41.677711,75.00,88.90,100.00,100.00
2026-05-13T11:28:41.778663,87.50,85.70,100.00,100.00
2026-05-13T11:28:41.879871,80.00,80.00,100.00,100.00
2026-05-13T11:28:41.985532,77.80,90.00,100.00,100.00
2026-05-13T11:28:42.086508,85.70,85.70,100.00,100.00
2026-05-13T11:28:42.191672,77.80,80.00,100.00,100.00
2026-05-13T11:28:42.292842,87.50,88.90,100.00,100.00
2026-05-13T11:28:42.394117,77.80,85.70,100.00,100.00
2026-05-13T11:28:42.500732,77.80,80.00,100.00,100.00
2026-05-13T11:28:42.601675,71.40,100.00,100.00,100.00
2026-05-13T11:28:42.709039,80.00,81.80,100.00,100.00
2026-05-13T11:28:42.810071,87.50,87.50,100.00,100.00
2026-05-13T11:28:42.911230,71.40,100.00,100.00,100.00
2026-05-13T11:28:43.016909,77.80,90.00,100.00,100.00
2026-05-13T11:28:43.118026,71.40,88.90,100.00,100.00
2026-05-13T11:28:43.224082,70.00,88.90,100.00,100.00
2026-05-13T11:28:43.325218,71.40,88.90,100.00,100.00
2026-05-13T11:28:43.426132,87.50,90.00,100.00,100.00
2026-05-13T11:28:43.530917,75.00,87.50,100.00,100.00
2026-05-13T11:28:43.632024,88.90,88.90,100.00,100.00
2026-05-13T11:28:43.740874,100.00,88.90,100.00,100.00
2026-05-13T11:28:43.844282,100.00,80.00,100.00,100.00
2026-05-13T11:28:43.945255,100.00,100.00,100.00,100.00
2026-05-13T11:28:44.051298,90.00,100.00,100.00,100.00
2026-05-13T11:28:44.152467,100.00,87.50,100.00,100.00
2026-05-13T11:28:44.257736,100.00,75.00,100.00,100.00
2026-05-13T11:28:44.359969,100.00,77.80,100.00,100.00
2026-05-13T11:28:44.461347,100.00,75.00,100.00,100.00
2026-05-13T11:28:44.566883,100.00,77.80,100.00,100.00
2026-05-13T11:28:44.667938,100.00,87.50,100.00,100.00
2026-05-13T11:28:44.773337,100.00,87.50,100.00,100.00
2026-05-13T11:28:44.876064,100.00,77.80,100.00,100.00
2026-05-13T11:28:44.977822,100.00,77.80,100.00,100.00
2026-05-13T11:28:45.082588,100.00,75.00,100.00,100.00
2026-05-13T11:28:45.183618,100.00,85.70,100.00,100.00
2026-05-13T11:28:45.288872,100.00,90.00,100.00,100.00
2026-05-13T11:28:45.389759,100.00,100.00,100.00,100.00
2026-05-13T11:28:45.490749,100.00,100.00,100.00,100.00
2026-05-13T11:28:45.595632,100.00,100.00,100.00,100.00
2026-05-13T11:28:45.696545,100.00,100.00,100.00,100.00
2026-05-13T11:28:45.802310,100.00,100.00,100.00,100.00
2026-05-13T11:28:45.903324,100.00,90.90,100.00,100.00
2026-05-13T11:28:46.004256,100.00,100.00,100.00,100.00
2026-05-13T11:28:46.111151,100.00,88.90,100.00,100.00
2026-05-13T11:28:46.213498,100.00,83.30,100.00,100.00
2026-05-13T11:28:46.319343,100.00,100.00,100.00,100.00
2026-05-13T11:28:46.421252,100.00,100.00,100.00,100.00
2026-05-13T11:28:46.522136,100.00,87.50,100.00,100.00
2026-05-13T11:28:46.626820,100.00,87.50,100.00,100.00
2026-05-13T11:28:46.727857,100.00,90.90,100.00,100.00
2026-05-13T11:28:46.832409,100.00,100.00,100.00,100.00
2026-05-13T11:28:46.933456,100.00,100.00,100.00,100.00
2026-05-13T11:28:47.034389,100.00,100.00,100.00,100.00
2026-05-13T11:28:47.139251,100.00,100.00,100.00,100.00
2026-05-13T11:28:47.240592,100.00,100.00,100.00,100.00
2026-05-13T11:28:47.346123,100.00,100.00,100.00,100.00
2026-05-13T11:28:47.447671,100.00,27.30,100.00,100.00
2026-05-13T11:28:47.548622,100.00,54.50,100.00,100.00
2026-05-13T11:28:47.656176,100.00,100.00,100.00,100.00
2026-05-13T11:28:47.757663,100.00,100.00,100.00,100.00
2026-05-13T11:28:47.863296,100.00,100.00,100.00,100.00
2026-05-13T11:28:47.964578,100.00,90.00,100.00,100.00
2026-05-13T11:28:48.065588,100.00,88.90,100.00,100.00
2026-05-13T11:28:48.172224,100.00,80.00,100.00,100.00
2026-05-13T11:28:48.274267,100.00,87.50,100.00,100.00
2026-05-13T11:28:48.380967,100.00,100.00,100.00,100.00
2026-05-13T11:28:48.482545,100.00,87.50,100.00,100.00
2026-05-13T11:28:48.584233,100.00,80.00,100.00,100.00
2026-05-13T11:28:48.691710,100.00,57.10,100.00,100.00
2026-05-13T11:28:48.792495,100.00,66.70,100.00,100.00
2026-05-13T11:28:48.899397,100.00,62.50,100.00,100.00
2026-05-13T11:28:49.000612,100.00,66.70,100.00,100.00
2026-05-13T11:28:49.101536,100.00,57.10,100.00,100.00
2026-05-13T11:28:49.208466,100.00,100.00,100.00,100.00
2026-05-13T11:28:49.309453,100.00,100.00,100.00,100.00
2026-05-13T11:28:49.415212,100.00,87.50,100.00,100.00
2026-05-13T11:28:49.516169,100.00,75.00,100.00,100.00
2026-05-13T11:28:49.618056,100.00,77.80,100.00,100.00
2026-05-13T11:28:49.724124,100.00,100.00,100.00,100.00
2026-05-13T11:28:49.825022,90.00,90.00,100.00,100.00
2026-05-13T11:28:49.931085,88.90,88.90,100.00,100.00
2026-05-13T11:28:50.031992,90.00,87.50,100.00,100.00
2026-05-13T11:28:50.132836,88.90,88.90,100.00,100.00
2026-05-13T11:28:50.237934,87.50,88.90,100.00,100.00
2026-05-13T11:28:50.339049,80.00,88.90,100.00,100.00
2026-05-13T11:28:50.444854,87.50,87.50,100.00,100.00
2026-05-13T11:28:50.546625,71.40,77.80,100.00,100.00
2026-05-13T11:28:50.647455,75.00,75.00,100.00,100.00
2026-05-13T11:28:50.752234,90.00,87.50,100.00,100.00
2026-05-13T11:28:50.853378,71.40,75.00,100.00,100.00
2026-05-13T11:28:50.958955,71.40,90.00,100.00,100.00
2026-05-13T11:28:51.059862,66.70,77.80,100.00,100.00
2026-05-13T11:28:51.160691,71.40,85.70,100.00,100.00
2026-05-13T11:28:51.266484,85.70,77.80,100.00,100.00
2026-05-13T11:28:51.367424,77.80,85.70,100.00,100.00
2026-05-13T11:28:51.472539,75.00,66.70,100.00,100.00
2026-05-13T11:28:51.573429,75.00,87.50,100.00,100.00
2026-05-13T11:28:51.674626,70.00,88.90,100.00,100.00
2026-05-13T11:28:51.780479,85.70,77.80,100.00,100.00
2026-05-13T11:28:51.881831,75.00,85.70,100.00,100.00
2026-05-13T11:28:51.989056,62.50,77.80,100.00,100.00
2026-05-13T11:28:52.090029,75.00,87.50,100.00,100.00
2026-05-13T11:28:52.191067,77.80,87.50,100.00,100.00
2026-05-13T11:28:52.298780,75.00,77.80,100.00,100.00
2026-05-13T11:28:52.399976,77.80,87.50,100.00,100.00
2026-05-13T11:28:52.506938,75.00,88.90,100.00,100.00
2026-05-13T11:28:52.607681,71.40,75.00,100.00,100.00
2026-05-13T11:28:52.708745,88.90,85.70,100.00,100.00
2026-05-13T11:28:52.813473,77.80,90.00,100.00,100.00
2026-05-13T11:28:52.914652,87.50,88.90,100.00,100.00
2026-05-13T11:28:53.021029,88.90,88.90,100.00,100.00
2026-05-13T11:28:53.122248,77.80,87.50,100.00,100.00
2026-05-13T11:28:53.223260,87.50,87.50,100.00,100.00
2026-05-13T11:28:53.328135,90.90,77.80,100.00,100.00
2026-05-13T11:28:53.429399,87.50,87.50,100.00,100.00
2026-05-13T11:28:53.537408,77.80,88.90,100.00,100.00
2026-05-13T11:28:53.704390,78.60,66.70,100.00,100.00
2026-05-13T11:28:53.754922,33.30,0.00,100.00,100.00
2026-05-13T11:28:53.859742,16.70,37.50,100.00,100.00
2026-05-13T11:28:53.960511,16.70,16.70,100.00,100.00
2026-05-13T11:28:54.064184,14.30,25.00,100.00,100.00
2026-05-13T11:28:54.165111,33.30,0.00,100.00,100.00
2026-05-13T11:28:54.265919,14.30,16.70,100.00,100.00
2026-05-13T11:28:54.370740,16.70,25.00,100.00,100.00
2026-05-13T11:28:54.471537,33.30,16.70,100.00,100.00
2026-05-13T11:28:54.575709,14.30,25.00,100.00,100.00
2026-05-13T11:28:54.676654,25.00,0.00,100.00,100.00
2026-05-13T11:28:54.777508,16.70,25.00,100.00,100.00
2026-05-13T11:28:54.882149,14.30,0.00,100.00,100.00
2026-05-13T11:28:54.983040,37.50,25.00,100.00,100.00
2026-05-13T11:28:55.087635,14.30,16.70,100.00,100.00
2026-05-13T11:28:55.188545,25.00,25.00,100.00,100.00
2026-05-13T11:28:55.289467,16.70,16.70,100.00,100.00
2026-05-13T11:28:55.393918,37.50,28.60,100.00,100.00
2026-05-13T11:28:55.494668,25.00,0.00,100.00,100.00
2026-05-13T11:28:55.599372,16.70,28.60,100.00,100.00
2026-05-13T11:28:55.700171,37.50,25.00,100.00,100.00
2026-05-13T11:28:55.800942,0.00,0.00,100.00,100.00
2026-05-13T11:28:55.905058,16.70,25.00,100.00,100.00
2026-05-13T11:28:56.005899,25.00,28.60,100.00,100.00
2026-05-13T11:28:56.110015,14.30,14.30,100.00,100.00
2026-05-13T11:28:56.210960,28.60,16.70,100.00,100.00
2026-05-13T11:28:56.311840,0.00,25.00,100.00,100.00
2026-05-13T11:28:56.416326,25.00,0.00,100.00,100.00
2026-05-13T11:28:56.517200,28.60,33.30,100.00,100.00
2026-05-13T11:28:56.621306,14.30,0.00,100.00,100.00
2026-05-13T11:28:56.722188,28.60,25.00,100.00,100.00
2026-05-13T11:28:56.823058,25.00,16.70,100.00,100.00
2026-05-13T11:28:56.927184,14.30,0.00,100.00,100.00
2026-05-13T11:28:57.027939,37.50,28.60,100.00,100.00
2026-05-13T11:28:57.132045,14.30,0.00,100.00,100.00
2026-05-13T11:28:57.232741,14.30,37.50,100.00,100.00
2026-05-13T11:28:57.333565,28.60,14.30,100.00,100.00
2026-05-13T11:28:57.437367,25.00,14.30,100.00,100.00
2026-05-13T11:28:57.538340,0.00,28.60,100.00,100.00
2026-05-13T11:28:57.642705,25.00,0.00,100.00,100.00
2026-05-13T11:28:57.743644,25.00,16.70,100.00,100.00
2026-05-13T11:28:57.844669,14.30,33.30,100.00,100.00
2026-05-13T11:28:57.949396,16.70,16.70,100.00,100.00
2026-05-13T11:28:58.050192,28.60,28.60,100.00,100.00
2026-05-13T11:28:58.154824,28.60,16.70,100.00,100.00
2026-05-13T11:28:58.255682,14.30,25.00,100.00,100.00
2026-05-13T11:28:58.356478,16.70,16.70,100.00,100.00
2026-05-13T11:28:58.460545,14.30,16.70,100.00,100.00
2026-05-13T11:28:58.561338,25.00,14.30,100.00,100.00
2026-05-13T11:28:58.665000,11.10,0.00,100.00,100.00
2026-05-13T11:28:58.765825,11.10,20.00,100.00,100.00
2026-05-13T11:28:58.866601,11.10,0.00,100.00,100.00
2026-05-13T11:28:58.970777,20.00,0.00,100.00,100.00
2026-05-13T11:28:59.071490,12.50,0.00,100.00,100.00
2026-05-13T11:28:59.174937,10.00,0.00,100.00,100.00
2026-05-13T11:28:59.275719,12.50,20.00,100.00,100.00
2026-05-13T11:28:59.376479,11.10,12.50,100.00,100.00
2026-05-13T11:28:59.480434,20.00,0.00,100.00,100.00
2026-05-13T11:28:59.581129,11.10,11.10,100.00,100.00
2026-05-13T11:28:59.684981,11.10,0.00,100.00,100.00
2026-05-13T11:28:59.785787,11.10,22.20,100.00,100.00
2026-05-13T11:28:59.886472,11.10,0.00,100.00,100.00
2026-05-13T11:28:59.990584,11.10,11.10,100.00,100.00
2026-05-13T11:29:00.091258,11.10,0.00,100.00,100.00
2026-05-13T11:29:00.194923,20.00,11.10,100.00,100.00
2026-05-13T11:29:00.295806,11.10,0.00,100.00,100.00
2026-05-13T11:29:00.396521,12.50,0.00,100.00,100.00
2026-05-13T11:29:00.500405,11.10,11.10,100.00,100.00
2026-05-13T11:29:00.601143,11.10,0.00,100.00,100.00
2026-05-13T11:29:00.705542,20.00,11.10,100.00,100.00
2026-05-13T11:29:00.806277,0.00,0.00,100.00,100.00
2026-05-13T11:29:00.907130,11.10,11.10,100.00,100.00
2026-05-13T11:29:01.011059,12.50,0.00,100.00,100.00
2026-05-13T11:29:01.111916,20.00,12.50,100.00,100.00
2026-05-13T11:29:01.215800,11.10,11.10,100.00,100.00
2026-05-13T11:29:01.316623,22.20,0.00,100.00,100.00
2026-05-13T11:29:01.417360,0.00,0.00,100.00,100.00
2026-05-13T11:29:01.521467,20.00,0.00,100.00,100.00
2026-05-13T11:29:01.622178,11.10,11.10,100.00,100.00
2026-05-13T11:29:01.726390,20.00,0.00,100.00,100.00
2026-05-13T11:29:01.827118,11.10,12.50,100.00,100.00
2026-05-13T11:29:01.927838,12.50,0.00,100.00,100.00
2026-05-13T11:29:02.032067,0.00,12.50,100.00,100.00
2026-05-13T11:29:02.132825,20.00,0.00,100.00,100.00
2026-05-13T11:29:02.237180,11.10,0.00,100.00,100.00
2026-05-13T11:29:02.337885,11.10,0.00,100.00,100.00
2026-05-13T11:29:02.438634,11.10,0.00,100.00,100.00
2026-05-13T11:29:02.542546,20.00,0.00,100.00,100.00
2026-05-13T11:29:02.643261,11.10,20.00,100.00,100.00
2026-05-13T11:29:02.747752,0.00,0.00,100.00,100.00
2026-05-13T11:29:02.848514,22.20,0.00,100.00,100.00
2026-05-13T11:29:02.949249,20.00,0.00,100.00,100.00
2026-05-13T11:29:03.053087,0.00,0.00,100.00,100.00
2026-05-13T11:29:03.153815,11.10,11.10,100.00,100.00
2026-05-13T11:29:03.257670,20.00,11.10,100.00,100.00
2026-05-13T11:29:03.358423,0.00,11.10,100.00,100.00
2026-05-13T11:29:03.459125,11.10,0.00,100.00,100.00
2026-05-13T11:29:03.563196,11.10,0.00,100.00,100.00
2026-05-13T11:29:03.664131,57.10,66.70,100.00,100.00
2026-05-13T11:29:03.769525,57.10,66.70,100.00,100.00
2026-05-13T11:29:03.870487,71.40,62.50,100.00,100.00
2026-05-13T11:29:03.971467,62.50,71.40,100.00,100.00
2026-05-13T11:29:04.078224,71.40,71.40,100.00,100.00
2026-05-13T11:29:04.179081,62.50,57.10,100.00,100.00
2026-05-13T11:29:04.284582,71.40,75.00,100.00,100.00
2026-05-13T11:29:04.385559,71.40,71.40,100.00,100.00
2026-05-13T11:29:04.547599,76.90,75.00,100.00,100.00
2026-05-13T11:29:04.602783,60.00,100.00,100.00,100.00
2026-05-13T11:29:04.704046,87.50,71.40,100.00,100.00
2026-05-13T11:29:04.806863,66.70,77.80,100.00,100.00
2026-05-13T11:29:04.913798,80.00,87.50,100.00,100.00
2026-05-13T11:29:05.014932,71.40,75.00,100.00,100.00
2026-05-13T11:29:05.120885,66.70,88.90,100.00,100.00
2026-05-13T11:29:05.222000,75.00,75.00,100.00,100.00
2026-05-13T11:29:05.323504,71.40,88.90,100.00,100.00
2026-05-13T11:29:05.430824,77.80,77.80,100.00,100.00
2026-05-13T11:29:05.532027,62.50,87.50,100.00,100.00
2026-05-13T11:29:05.637858,71.40,71.40,100.00,100.00
2026-05-13T11:29:05.738992,66.70,75.00,100.00,100.00
2026-05-13T11:29:05.840537,66.70,62.50,100.00,100.00
2026-05-13T11:29:05.947050,62.50,71.40,100.00,100.00
2026-05-13T11:29:06.048284,66.70,71.40,100.00,100.00
2026-05-13T11:29:06.154234,71.40,66.70,100.00,100.00
2026-05-13T11:29:06.255655,80.00,75.00,100.00,100.00
2026-05-13T11:29:06.357454,83.30,87.50,100.00,100.00
2026-05-13T11:29:06.462588,71.40,85.70,100.00,100.00
2026-05-13T11:29:06.563706,66.70,81.80,100.00,100.00
2026-05-13T11:29:06.669860,66.70,87.50,100.00,100.00
2026-05-13T11:29:06.770874,71.40,57.10,100.00,100.00
2026-05-13T11:29:06.872152,57.10,75.00,100.00,100.00
2026-05-13T11:29:06.977645,75.00,71.40,100.00,100.00
2026-05-13T11:29:07.078981,60.00,57.10,100.00,100.00
2026-05-13T11:29:07.185087,62.50,71.40,100.00,100.00
2026-05-13T11:29:07.286300,75.00,77.80,100.00,100.00
2026-05-13T11:29:07.387194,62.50,57.10,100.00,100.00
2026-05-13T11:29:07.491790,71.40,75.00,100.00,100.00
2026-05-13T11:29:07.592685,57.10,71.40,100.00,100.00
2026-05-13T11:29:07.697329,62.50,66.70,100.00,100.00
2026-05-13T11:29:07.798219,71.40,66.70,100.00,100.00
2026-05-13T11:29:07.899213,66.70,75.00,100.00,100.00
2026-05-13T11:29:08.003823,71.40,60.00,100.00,100.00
2026-05-13T11:29:08.105060,71.40,66.70,100.00,100.00
2026-05-13T11:29:08.210082,62.50,66.70,100.00,100.00
2026-05-13T11:29:08.311157,66.70,75.00,100.00,100.00
2026-05-13T11:29:08.412128,75.00,62.50,100.00,100.00
2026-05-13T11:29:08.517443,71.40,71.40,100.00,100.00
2026-05-13T11:29:08.618633,62.50,75.00,100.00,100.00
2026-05-13T11:29:08.725747,71.40,57.10,100.00,100.00
2026-05-13T11:29:08.826735,50.00,71.40,100.00,100.00
2026-05-13T11:29:08.927655,71.40,62.50,100.00,100.00
2026-05-13T11:29:09.033501,62.50,71.40,100.00,100.00
2026-05-13T11:29:09.134537,75.00,57.10,100.00,100.00
2026-05-13T11:29:09.239357,57.10,71.40,100.00,100.00
2026-05-13T11:29:09.340518,71.40,66.70,100.00,100.00
2026-05-13T11:29:09.441496,75.00,83.30,100.00,100.00
2026-05-13T11:29:09.545833,50.00,75.00,100.00,100.00
2026-05-13T11:29:09.646779,57.10,66.70,100.00,100.00
2026-05-13T11:29:09.752021,57.10,75.00,100.00,100.00
2026-05-13T11:29:09.853024,71.40,75.00,100.00,100.00
2026-05-13T11:29:09.954044,57.10,50.00,100.00,100.00
2026-05-13T11:29:10.060145,75.00,62.50,100.00,100.00
2026-05-13T11:29:10.161214,75.00,71.40,100.00,100.00
2026-05-13T11:29:10.266651,75.00,75.00,100.00,100.00
2026-05-13T11:29:10.367515,62.50,50.00,100.00,100.00
2026-05-13T11:29:10.468840,57.10,75.00,100.00,100.00
2026-05-13T11:29:10.575605,66.70,71.40,100.00,100.00
2026-05-13T11:29:10.676825,71.40,66.70,100.00,100.00
2026-05-13T11:29:10.782165,62.50,81.80,100.00,100.00
2026-05-13T11:29:10.883725,75.00,77.80,100.00,100.00
2026-05-13T11:29:10.984613,71.40,85.70,100.00,100.00
2026-05-13T11:29:11.089212,77.80,77.80,100.00,100.00
2026-05-13T11:29:11.190659,71.40,77.80,100.00,100.00
2026-05-13T11:29:11.296449,77.80,87.50,100.00,100.00
2026-05-13T11:29:11.397580,62.50,87.50,100.00,100.00
2026-05-13T11:29:11.498572,75.00,77.80,100.00,100.00
2026-05-13T11:29:11.603786,57.10,85.70,100.00,100.00
2026-05-13T11:29:11.705008,62.50,57.10,100.00,100.00
2026-05-13T11:29:11.810414,66.70,50.00,100.00,100.00
2026-05-13T11:29:11.911180,57.10,75.00,100.00,100.00
2026-05-13T11:29:12.012212,66.70,57.10,100.00,100.00
2026-05-13T11:29:12.117514,71.40,66.70,100.00,100.00
2026-05-13T11:29:12.218481,57.10,57.10,100.00,100.00
2026-05-13T11:29:12.323439,75.00,75.00,100.00,100.00
2026-05-13T11:29:12.424287,66.70,71.40,100.00,100.00
2026-05-13T11:29:12.525459,60.00,66.70,100.00,100.00
2026-05-13T11:29:12.630229,66.70,62.50,100.00,100.00
2026-05-13T11:29:12.731420,71.40,71.40,100.00,100.00
2026-05-13T11:29:12.837506,62.50,57.10,100.00,100.00
2026-05-13T11:29:12.938258,62.50,71.40,100.00,100.00
2026-05-13T11:29:13.039400,66.70,66.70,100.00,100.00
2026-05-13T11:29:13.144474,77.80,66.70,100.00,100.00
2026-05-13T11:29:13.245609,57.10,62.50,100.00,100.00
2026-05-13T11:29:13.350791,66.70,62.50,100.00,100.00
2026-05-13T11:29:13.451693,62.50,71.40,100.00,100.00
2026-05-13T11:29:13.552687,57.10,75.00,100.00,100.00
2026-05-13T11:29:13.659236,87.50,77.80,100.00,100.00
2026-05-13T11:29:13.760431,77.80,100.00,100.00,100.00
2026-05-13T11:29:13.867398,88.90,88.90,100.00,100.00
2026-05-13T11:29:13.969844,88.90,77.80,100.00,100.00
2026-05-13T11:29:14.070856,88.90,87.50,100.00,100.00
2026-05-13T11:29:14.177191,88.90,88.90,100.00,100.00
2026-05-13T11:29:14.278885,90.00,88.90,100.00,100.00
2026-05-13T11:29:14.383583,88.90,80.00,100.00,100.00
2026-05-13T11:29:14.486013,100.00,77.80,100.00,100.00
2026-05-13T11:29:14.587076,85.70,87.50,100.00,100.00
2026-05-13T11:29:14.693065,100.00,77.80,100.00,100.00
2026-05-13T11:29:14.793966,88.90,77.80,100.00,100.00
2026-05-13T11:29:14.899156,77.80,88.90,100.00,100.00
2026-05-13T11:29:15.000688,88.90,90.00,100.00,100.00
2026-05-13T11:29:15.102430,87.50,90.00,100.00,100.00
2026-05-13T11:29:15.208962,87.50,100.00,100.00,100.00
2026-05-13T11:29:15.309908,88.90,77.80,100.00,100.00
2026-05-13T11:29:15.415890,77.80,88.90,100.00,100.00
2026-05-13T11:29:15.516906,87.50,88.90,100.00,100.00
2026-05-13T11:29:15.617802,77.80,87.50,100.00,100.00
2026-05-13T11:29:15.724722,88.90,90.00,100.00,100.00
2026-05-13T11:29:15.826422,100.00,88.90,100.00,100.00
2026-05-13T11:29:15.934072,100.00,88.90,100.00,100.00
2026-05-13T11:29:16.035242,90.00,75.00,100.00,100.00
2026-05-13T11:29:16.136166,100.00,75.00,100.00,100.00
2026-05-13T11:29:16.241240,100.00,75.00,100.00,100.00
2026-05-13T11:29:16.342600,77.80,88.90,100.00,100.00
2026-05-13T11:29:16.449988,87.50,90.00,100.00,100.00
2026-05-13T11:29:16.551005,90.00,88.90,100.00,100.00
2026-05-13T11:29:16.652171,75.00,85.70,100.00,100.00
2026-05-13T11:29:16.756361,88.90,90.90,100.00,100.00
2026-05-13T11:29:16.857499,77.80,90.00,100.00,100.00
2026-05-13T11:29:16.964157,87.50,88.90,100.00,100.00
2026-05-13T11:29:17.065126,75.00,100.00,100.00,100.00
2026-05-13T11:29:17.166425,77.80,88.90,100.00,100.00
2026-05-13T11:29:17.275074,80.00,90.00,100.00,100.00
2026-05-13T11:29:17.375906,88.90,88.90,100.00,100.00
2026-05-13T11:29:17.483012,88.90,87.50,100.00,100.00
2026-05-13T11:29:17.583856,88.90,90.90,100.00,100.00
2026-05-13T11:29:17.684921,75.00,90.00,100.00,100.00
2026-05-13T11:29:17.791801,100.00,88.90,100.00,100.00
2026-05-13T11:29:17.893386,90.00,71.40,100.00,100.00
2026-05-13T11:29:18.000158,88.90,90.00,100.00,100.00
2026-05-13T11:29:18.101257,87.50,90.00,100.00,100.00
2026-05-13T11:29:18.202575,80.00,87.50,100.00,100.00
2026-05-13T11:29:18.310053,87.50,100.00,100.00,100.00
2026-05-13T11:29:18.411103,88.90,90.00,100.00,100.00
2026-05-13T11:29:18.528522,83.30,90.90,100.00,100.00
2026-05-13T11:29:18.629512,75.00,57.10,100.00,100.00
2026-05-13T11:29:18.730520,50.00,33.30,100.00,100.00
2026-05-13T11:29:18.835482,42.90,50.00,100.00,100.00
2026-05-13T11:29:18.936540,50.00,16.70,100.00,100.00
2026-05-13T11:29:19.041118,37.50,33.30,100.00,100.00
2026-05-13T11:29:19.142015,40.00,20.00,100.00,100.00
2026-05-13T11:29:19.242858,37.50,42.90,100.00,100.00
2026-05-13T11:29:19.413782,69.20,66.70,100.00,100.00
2026-05-13T11:29:19.514728,42.90,33.30,100.00,100.00
2026-05-13T11:29:19.620075,33.30,50.00,100.00,100.00
2026-05-13T11:29:19.721168,42.90,33.30,100.00,100.00
2026-05-13T11:29:19.826149,16.70,20.00,100.00,100.00
2026-05-13T11:29:19.927058,42.90,33.30,100.00,100.00
2026-05-13T11:29:20.028072,37.50,50.00,100.00,100.00
2026-05-13T11:29:20.132787,42.90,42.90,100.00,100.00
2026-05-13T11:29:20.233938,33.30,37.50,100.00,100.00
2026-05-13T11:29:20.338979,42.90,33.30,100.00,100.00
2026-05-13T11:29:20.439910,42.90,33.30,100.00,100.00
2026-05-13T11:29:20.540989,20.00,33.30,100.00,100.00
2026-05-13T11:29:20.645515,50.00,33.30,100.00,100.00
2026-05-13T11:29:20.746508,28.60,33.30,100.00,100.00
2026-05-13T11:29:20.851629,20.00,37.50,100.00,100.00
2026-05-13T11:29:20.952526,33.30,42.90,100.00,100.00
2026-05-13T11:29:21.053667,28.60,20.00,100.00,100.00
2026-05-13T11:29:21.158968,42.90,42.90,100.00,100.00
2026-05-13T11:29:21.259975,37.50,33.30,100.00,100.00
2026-05-13T11:29:21.365123,33.30,28.60,100.00,100.00
2026-05-13T11:29:21.466047,50.00,33.30,100.00,100.00
2026-05-13T11:29:21.567087,20.00,42.90,100.00,100.00
2026-05-13T11:29:21.672444,28.60,33.30,100.00,100.00
2026-05-13T11:29:21.773406,42.90,42.90,100.00,100.00
2026-05-13T11:29:21.878424,33.30,42.90,100.00,100.00
2026-05-13T11:29:21.979312,42.90,33.30,100.00,100.00
2026-05-13T11:29:22.080217,33.30,42.90,100.00,100.00
2026-05-13T11:29:22.185303,28.60,33.30,100.00,100.00
2026-05-13T11:29:22.286526,33.30,37.50,100.00,100.00
2026-05-13T11:29:22.391086,33.30,33.30,100.00,100.00
2026-05-13T11:29:22.492014,50.00,42.90,100.00,100.00
2026-05-13T11:29:22.592948,33.30,33.30,100.00,100.00
2026-05-13T11:29:22.698141,42.90,42.90,100.00,100.00
2026-05-13T11:29:22.799118,16.70,20.00,100.00,100.00
2026-05-13T11:29:22.903714,50.00,42.90,100.00,100.00
2026-05-13T11:29:23.004621,37.50,42.90,100.00,100.00
2026-05-13T11:29:23.105676,20.00,33.30,100.00,100.00
2026-05-13T11:29:23.211424,33.30,33.30,100.00,100.00
2026-05-13T11:29:23.312501,37.50,33.30,100.00,100.00
2026-05-13T11:29:23.417460,42.90,33.30,100.00,100.00
2026-05-13T11:29:23.518329,28.60,37.50,100.00,100.00
2026-05-13T11:29:23.619140,16.70,16.70,100.00,100.00
2026-05-13T11:29:23.723313,22.20,12.50,100.00,100.00
2026-05-13T11:29:23.824195,0.00,14.30,100.00,100.00
2026-05-13T11:29:23.928534,22.20,0.00,100.00,100.00
2026-05-13T11:29:24.029347,12.50,22.20,100.00,100.00
2026-05-13T11:29:24.130121,12.50,0.00,100.00,100.00
2026-05-13T11:29:24.234135,0.00,14.30,100.00,100.00
2026-05-13T11:29:24.334988,12.50,0.00,100.00,100.00
2026-05-13T11:29:24.439079,22.20,22.20,100.00,100.00
2026-05-13T11:29:24.539928,25.00,14.30,100.00,100.00
2026-05-13T11:29:24.640768,12.50,12.50,100.00,100.00
2026-05-13T11:29:24.744939,0.00,0.00,100.00,100.00
2026-05-13T11:29:24.845766,22.20,14.30,100.00,100.00
2026-05-13T11:29:24.949615,0.00,0.00,100.00,100.00
2026-05-13T11:29:25.050461,14.30,0.00,100.00,100.00
2026-05-13T11:29:25.151252,11.10,0.00,100.00,100.00
2026-05-13T11:29:25.255335,12.50,0.00,100.00,100.00
2026-05-13T11:29:25.356179,12.50,22.20,100.00,100.00
2026-05-13T11:29:25.460486,0.00,12.50,100.00,100.00
2026-05-13T11:29:25.561272,30.00,14.30,100.00,100.00
2026-05-13T11:29:25.662208,0.00,0.00,100.00,100.00
2026-05-13T11:29:25.766535,12.50,25.00,100.00,100.00
2026-05-13T11:29:25.867442,22.20,12.50,100.00,100.00
2026-05-13T11:29:25.971442,0.00,0.00,100.00,100.00
2026-05-13T11:29:26.072280,12.50,14.30,100.00,100.00
2026-05-13T11:29:26.173071,12.50,12.50,100.00,100.00
2026-05-13T11:29:26.277012,22.20,12.50,100.00,100.00
2026-05-13T11:29:26.377867,12.50,14.30,100.00,100.00
2026-05-13T11:29:26.482391,12.50,0.00,100.00,100.00
2026-05-13T11:29:26.583221,30.00,0.00,100.00,100.00
2026-05-13T11:29:26.684254,12.50,22.20,100.00,100.00
2026-05-13T11:29:26.789025,12.50,0.00,100.00,100.00
2026-05-13T11:29:26.889799,12.50,14.30,100.00,100.00
2026-05-13T11:29:26.993818,12.50,0.00,100.00,100.00
2026-05-13T11:29:27.094625,25.00,22.20,100.00,100.00
2026-05-13T11:29:27.195460,12.50,0.00,100.00,100.00
2026-05-13T11:29:27.299514,30.00,0.00,100.00,100.00
2026-05-13T11:29:27.400266,12.50,12.50,100.00,100.00
2026-05-13T11:29:27.503976,12.50,12.50,100.00,100.00
2026-05-13T11:29:27.604920,14.30,14.30,100.00,100.00
2026-05-13T11:29:27.705721,22.20,12.50,100.00,100.00
2026-05-13T11:29:27.809884,22.20,0.00,100.00,100.00
2026-05-13T11:29:27.910740,12.50,0.00,100.00,100.00
2026-05-13T11:29:28.014950,22.20,0.00,100.00,100.00
2026-05-13T11:29:28.115862,22.20,30.00,100.00,100.00
2026-05-13T11:29:28.216730,14.30,0.00,100.00,100.00
2026-05-13T11:29:28.320809,22.20,0.00,100.00,100.00
2026-05-13T11:29:28.421745,12.50,12.50,100.00,100.00
2026-05-13T11:29:28.525987,22.20,12.50,100.00,100.00
2026-05-13T11:29:28.626849,28.60,20.00,100.00,100.00
2026-05-13T11:29:28.727985,71.40,62.50,100.00,100.00
2026-05-13T11:29:28.833462,62.50,66.70,100.00,100.00
2026-05-13T11:29:28.934447,57.10,62.50,100.00,100.00
2026-05-13T11:29:29.039851,62.50,71.40,100.00,100.00
2026-05-13T11:29:29.140887,57.10,71.40,100.00,100.00
2026-05-13T11:29:29.241938,77.80,57.10,100.00,100.00
2026-05-13T11:29:29.348105,71.40,66.70,100.00,100.00
2026-05-13T11:29:29.448971,71.40,75.00,100.00,100.00
2026-05-13T11:29:29.554922,66.70,66.70,100.00,100.00
2026-05-13T11:29:29.715500,78.60,75.00,100.00,100.00
2026-05-13T11:29:29.766016,100.00,80.00,100.00,100.00
2026-05-13T11:29:29.871170,90.00,77.80,100.00,100.00
2026-05-13T11:29:29.972557,75.00,75.00,100.00,100.00
2026-05-13T11:29:30.080840,88.90,77.80,100.00,100.00
2026-05-13T11:29:30.181903,87.50,85.70,100.00,100.00
2026-05-13T11:29:30.282866,77.80,71.40,100.00,100.00
2026-05-13T11:29:30.388170,90.00,88.90,100.00,100.00
2026-05-13T11:29:30.489153,57.10,75.00,100.00,100.00
2026-05-13T11:29:30.595866,62.50,71.40,100.00,100.00
2026-05-13T11:29:30.697191,62.50,87.50,100.00,100.00
2026-05-13T11:29:30.798389,57.10,77.80,100.00,100.00
2026-05-13T11:29:30.904118,75.00,75.00,100.00,100.00
2026-05-13T11:29:31.005172,62.50,75.00,100.00,100.00
2026-05-13T11:29:31.110817,71.40,71.40,100.00,100.00
2026-05-13T11:29:31.211891,75.00,66.70,100.00,100.00
2026-05-13T11:29:31.313022,62.50,71.40,100.00,100.00
2026-05-13T11:29:31.418975,75.00,87.50,100.00,100.00
2026-05-13T11:29:31.520010,57.10,75.00,100.00,100.00
2026-05-13T11:29:31.625811,62.50,71.40,100.00,100.00
2026-05-13T11:29:31.726802,71.40,75.00,100.00,100.00
2026-05-13T11:29:31.827890,71.40,62.50,100.00,100.00
2026-05-13T11:29:31.933190,57.10,71.40,100.00,100.00
2026-05-13T11:29:32.034505,75.00,75.00,100.00,100.00
2026-05-13T11:29:32.140031,62.50,75.00,100.00,100.00
2026-05-13T11:29:32.240914,75.00,75.00,100.00,100.00
2026-05-13T11:29:32.344562,57.10,71.40,100.00,100.00
2026-05-13T11:29:32.449672,66.70,87.50,100.00,100.00
2026-05-13T11:29:32.550724,71.40,50.00,100.00,100.00
2026-05-13T11:29:32.659915,71.40,80.00,100.00,100.00
2026-05-13T11:29:32.761047,62.50,71.40,100.00,100.00
2026-05-13T11:29:32.862215,77.80,66.70,100.00,100.00
2026-05-13T11:29:32.972980,57.10,83.30,100.00,100.00
2026-05-13T11:29:33.074061,75.00,62.50,100.00,100.00
2026-05-13T11:29:33.183264,57.10,77.80,100.00,100.00
2026-05-13T11:29:33.285006,70.00,71.40,100.00,100.00
2026-05-13T11:29:33.385912,71.40,77.80,100.00,100.00
2026-05-13T11:29:33.497033,75.00,77.80,100.00,100.00
2026-05-13T11:29:33.598158,50.00,66.70,100.00,100.00
2026-05-13T11:29:33.705103,50.00,55.60,100.00,100.00
2026-05-13T11:29:33.805911,50.00,57.10,100.00,100.00
2026-05-13T11:29:33.906909,40.00,25.00,100.00,100.00
2026-05-13T11:29:34.013510,50.00,66.70,100.00,100.00
2026-05-13T11:29:34.114339,50.00,33.30,100.00,100.00
2026-05-13T11:29:34.220775,55.60,57.10,100.00,100.00
2026-05-13T11:29:34.321793,66.70,57.10,100.00,100.00
2026-05-13T11:29:34.422656,33.30,40.00,100.00,100.00
2026-05-13T11:29:34.527729,62.50,55.60,100.00,100.00
2026-05-13T11:29:34.628752,33.30,40.00,100.00,100.00
2026-05-13T11:29:34.734112,50.00,50.00,100.00,100.00
2026-05-13T11:29:34.835001,50.00,50.00,100.00,100.00
2026-05-13T11:29:34.935688,40.00,57.10,100.00,100.00
2026-05-13T11:29:35.040941,50.00,50.00,100.00,100.00
2026-05-13T11:29:35.141949,50.00,40.00,100.00,100.00
2026-05-13T11:29:35.248387,50.00,50.00,100.00,100.00
2026-05-13T11:29:35.349131,57.10,50.00,100.00,100.00
2026-05-13T11:29:35.449882,50.00,50.00,100.00,100.00
2026-05-13T11:29:35.554514,50.00,42.90,100.00,100.00
2026-05-13T11:29:35.655524,40.00,50.00,100.00,100.00
2026-05-13T11:29:35.764249,55.60,60.00,100.00,100.00
2026-05-13T11:29:35.865460,62.50,50.00,100.00,100.00
2026-05-13T11:29:35.966257,33.30,57.10,100.00,100.00
2026-05-13T11:29:36.072071,57.10,42.90,100.00,100.00
2026-05-13T11:29:36.172861,50.00,57.10,100.00,100.00
2026-05-13T11:29:36.280388,50.00,50.00,100.00,100.00
2026-05-13T11:29:36.381069,57.10,50.00,100.00,100.00
2026-05-13T11:29:36.482010,57.10,40.00,100.00,100.00
2026-05-13T11:29:36.587693,42.90,50.00,100.00,100.00
2026-05-13T11:29:36.688511,62.50,33.30,100.00,100.00
2026-05-13T11:29:36.794774,50.00,57.10,100.00,100.00
2026-05-13T11:29:36.895645,33.30,42.90,100.00,100.00
2026-05-13T11:29:36.996513,50.00,50.00,100.00,100.00
2026-05-13T11:29:37.103162,50.00,57.10,100.00,100.00
2026-05-13T11:29:37.204050,33.30,42.90,100.00,100.00
2026-05-13T11:29:37.309513,57.10,62.50,100.00,100.00
2026-05-13T11:29:37.410750,50.00,50.00,100.00,100.00
2026-05-13T11:29:37.511729,42.90,62.50,100.00,100.00
2026-05-13T11:29:37.618543,50.00,40.00,100.00,100.00
2026-05-13T11:29:37.719705,50.00,50.00,100.00,100.00
2026-05-13T11:29:37.829240,55.60,50.00,100.00,100.00
2026-05-13T11:29:37.930458,57.10,50.00,100.00,100.00
2026-05-13T11:29:38.031419,33.30,50.00,100.00,100.00
2026-05-13T11:29:38.139333,62.50,50.00,100.00,100.00
2026-05-13T11:29:38.240425,50.00,66.70,100.00,100.00
2026-05-13T11:29:38.351322,62.50,62.50,100.00,100.00
2026-05-13T11:29:38.452266,57.10,57.10,100.00,100.00
2026-05-13T11:29:38.553425,66.70,57.10,100.00,100.00
2026-05-13T11:29:38.658960,33.30,33.30,100.00,100.00
2026-05-13T11:29:38.759880,16.70,28.60,100.00,100.00
2026-05-13T11:29:38.866404,42.90,16.70,100.00,100.00
2026-05-13T11:29:38.967333,20.00,33.30,100.00,100.00
2026-05-13T11:29:39.068251,16.70,16.70,100.00,100.00
2026-05-13T11:29:39.246258,53.80,50.00,100.00,100.00
2026-05-13T11:29:39.347545,33.30,33.30,100.00,100.00
2026-05-13T11:29:39.452409,42.90,50.00,100.00,100.00
2026-05-13T11:29:39.553367,28.60,42.90,100.00,100.00
2026-05-13T11:29:39.659210,42.90,37.50,100.00,100.00
2026-05-13T11:29:39.760280,16.70,20.00,100.00,100.00
2026-05-13T11:29:39.861410,28.60,28.60,100.00,100.00
2026-05-13T11:29:39.965918,33.30,33.30,100.00,100.00
2026-05-13T11:29:40.066839,42.90,33.30,100.00,100.00
2026-05-13T11:29:40.172070,33.30,57.10,100.00,100.00
2026-05-13T11:29:40.273879,42.90,33.30,100.00,100.00
2026-05-13T11:29:40.375228,33.30,50.00,100.00,100.00
2026-05-13T11:29:40.481638,42.90,57.10,100.00,100.00
2026-05-13T11:29:40.582588,28.60,28.60,100.00,100.00
2026-05-13T11:29:40.687474,42.90,50.00,100.00,100.00
2026-05-13T11:29:40.788749,16.70,20.00,100.00,100.00
2026-05-13T11:29:40.889681,42.90,33.30,100.00,100.00
2026-05-13T11:29:40.993973,16.70,28.60,100.00,100.00
2026-05-13T11:29:41.095082,33.30,33.30,100.00,100.00
2026-05-13T11:29:41.199685,37.50,42.90,100.00,100.00
2026-05-13T11:29:41.300544,16.70,28.60,100.00,100.00
2026-05-13T11:29:41.401546,42.90,33.30,100.00,100.00
2026-05-13T11:29:41.506282,28.60,42.90,100.00,100.00
2026-05-13T11:29:41.607429,20.00,42.90,100.00,100.00
2026-05-13T11:29:41.712470,37.50,42.90,100.00,100.00
2026-05-13T11:29:41.813515,33.30,33.30,100.00,100.00
2026-05-13T11:29:41.914507,28.60,16.70,100.00,100.00
2026-05-13T11:29:42.019190,42.90,42.90,100.00,100.00
2026-05-13T11:29:42.120494,28.60,33.30,100.00,100.00
2026-05-13T11:29:42.225508,42.90,42.90,100.00,100.00
2026-05-13T11:29:42.326501,16.70,16.70,100.00,100.00
2026-05-13T11:29:42.427512,33.30,42.90,100.00,100.00
2026-05-13T11:29:42.532375,28.60,42.90,100.00,100.00
2026-05-13T11:29:42.633505,16.70,33.30,100.00,100.00
2026-05-13T11:29:42.738265,42.90,37.50,100.00,100.00
2026-05-13T11:29:42.839412,28.60,20.00,100.00,100.00
2026-05-13T11:29:42.940429,28.60,16.70,100.00,100.00
2026-05-13T11:29:43.045541,33.30,33.30,100.00,100.00
2026-05-13T11:29:43.146546,28.60,37.50,100.00,100.00
2026-05-13T11:29:43.252370,28.60,20.00,100.00,100.00
2026-05-13T11:29:43.353374,16.70,50.00,100.00,100.00
2026-05-13T11:29:43.454468,20.00,20.00,100.00,100.00
2026-05-13T11:29:43.559077,28.60,42.90,100.00,100.00
2026-05-13T11:29:43.660127,28.60,37.50,100.00,100.00
2026-05-13T11:29:43.764873,33.30,40.00,100.00,100.00
2026-05-13T11:29:43.865788,42.90,33.30,100.00,100.00
2026-05-13T11:29:43.966764,28.60,42.90,100.00,100.00
2026-05-13T11:29:44.072430,33.30,50.00,100.00,100.00
2026-05-13T11:29:44.173484,20.00,33.30,100.00,100.00
2026-05-13T11:29:44.278362,37.50,50.00,100.00,100.00
2026-05-13T11:29:44.379452,33.30,42.90,100.00,100.00
2026-05-13T11:29:44.480478,42.90,42.90,100.00,100.00
2026-05-13T11:29:44.585708,33.30,50.00,100.00,100.00
2026-05-13T11:29:44.686561,42.90,42.90,100.00,100.00
2026-05-13T11:29:44.792495,50.00,50.00,100.00,100.00
2026-05-13T11:29:44.893702,42.90,57.10,100.00,100.00
2026-05-13T11:29:44.994849,50.00,50.00,100.00,100.00
2026-05-13T11:29:45.099673,50.00,55.60,100.00,100.00
2026-05-13T11:29:45.200768,42.90,57.10,100.00,100.00
2026-05-13T11:29:45.306783,62.50,50.00,100.00,100.00
2026-05-13T11:29:45.407694,42.90,42.90,100.00,100.00
2026-05-13T11:29:45.508587,50.00,40.00,100.00,100.00
2026-05-13T11:29:45.614657,42.90,50.00,100.00,100.00
2026-05-13T11:29:45.715641,50.00,40.00,100.00,100.00
2026-05-13T11:29:45.820717,50.00,42.90,100.00,100.00
2026-05-13T11:29:45.922022,42.90,33.30,100.00,100.00
2026-05-13T11:29:46.022947,42.90,50.00,100.00,100.00
2026-05-13T11:29:46.128193,50.00,50.00,100.00,100.00
2026-05-13T11:29:46.229159,42.90,33.30,100.00,100.00
2026-05-13T11:29:46.333967,42.90,50.00,100.00,100.00
2026-05-13T11:29:46.435116,42.90,40.00,100.00,100.00
2026-05-13T11:29:46.536230,28.60,28.60,100.00,100.00
2026-05-13T11:29:46.641215,33.30,42.90,100.00,100.00
2026-05-13T11:29:46.742176,42.90,42.90,100.00,100.00
2026-05-13T11:29:46.847347,28.60,33.30,100.00,100.00
2026-05-13T11:29:46.948285,42.90,42.90,100.00,100.00
2026-05-13T11:29:47.049238,33.30,33.30,100.00,100.00
2026-05-13T11:29:47.155213,28.60,37.50,100.00,100.00
2026-05-13T11:29:47.256220,42.90,20.00,100.00,100.00
2026-05-13T11:29:47.361156,20.00,42.90,100.00,100.00
2026-05-13T11:29:47.462026,42.90,42.90,100.00,100.00
2026-05-13T11:29:47.562859,37.50,33.30,100.00,100.00
2026-05-13T11:29:47.667679,42.90,42.90,100.00,100.00
2026-05-13T11:29:47.768606,37.50,16.70,100.00,100.00
2026-05-13T11:29:47.873226,33.30,42.90,100.00,100.00
2026-05-13T11:29:47.974164,37.50,33.30,100.00,100.00
2026-05-13T11:29:48.075454,42.90,28.60,100.00,100.00
2026-05-13T11:29:48.179889,33.30,57.10,100.00,100.00
2026-05-13T11:29:48.281042,33.30,42.90,100.00,100.00
2026-05-13T11:29:48.386120,42.90,42.90,100.00,100.00
2026-05-13T11:29:48.487036,37.50,33.30,100.00,100.00
2026-05-13T11:29:48.587858,33.30,37.50,100.00,100.00
2026-05-13T11:29:48.692855,25.00,0.00,100.00,100.00
2026-05-13T11:29:48.793804,25.00,14.30,100.00,100.00
2026-05-13T11:29:48.898012,28.60,28.60,100.00,100.00
2026-05-13T11:29:48.999068,16.70,0.00,100.00,100.00
2026-05-13T11:29:49.099923,75.00,90.00,100.00,100.00
2026-05-13T11:29:49.204608,75.00,80.00,100.00,100.00
2026-05-13T11:29:49.305588,75.00,100.00,100.00,100.00
2026-05-13T11:29:49.410685,28.60,25.00,100.00,100.00
2026-05-13T11:29:49.512244,90.00,80.00,100.00,100.00
2026-05-13T11:29:49.613286,16.70,28.60,100.00,100.00
2026-05-13T11:29:49.717911,16.70,37.50,100.00,100.00
2026-05-13T11:29:49.818740,14.30,14.30,100.00,100.00
2026-05-13T11:29:49.923108,16.70,0.00,100.00,100.00
2026-05-13T11:29:50.024008,14.30,33.30,100.00,100.00
2026-05-13T11:29:50.124964,28.60,0.00,100.00,100.00
2026-05-13T11:29:50.229286,0.00,16.70,100.00,100.00
2026-05-13T11:29:50.330232,25.00,25.00,100.00,100.00
2026-05-13T11:29:50.435529,28.60,16.70,100.00,100.00
2026-05-13T11:29:50.536466,25.00,14.30,100.00,100.00
2026-05-13T11:29:50.637394,0.00,16.70,100.00,100.00
2026-05-13T11:29:50.741975,14.30,0.00,100.00,100.00
2026-05-13T11:29:50.842989,37.50,33.30,100.00,100.00
2026-05-13T11:29:50.948028,0.00,16.70,100.00,100.00
2026-05-13T11:29:51.048981,25.00,25.00,100.00,100.00
2026-05-13T11:29:51.149939,14.30,16.70,100.00,100.00
2026-05-13T11:29:51.254254,25.00,14.30,100.00,100.00
2026-05-13T11:29:51.355214,16.70,16.70,100.00,100.00
2026-05-13T11:29:51.460443,33.30,37.50,100.00,100.00
2026-05-13T11:29:51.561421,28.60,37.50,100.00,100.00
2026-05-13T11:29:51.662565,0.00,0.00,100.00,100.00
2026-05-13T11:29:51.766769,25.00,16.70,100.00,100.00
2026-05-13T11:29:51.867664,0.00,14.30,100.00,100.00
2026-05-13T11:29:51.971978,25.00,16.70,100.00,100.00
2026-05-13T11:29:52.072916,25.00,25.00,100.00,100.00
2026-05-13T11:29:52.173804,25.00,0.00,100.00,100.00
2026-05-13T11:29:52.277914,14.30,14.30,100.00,100.00
2026-05-13T11:29:52.378883,16.70,16.70,100.00,100.00
2026-05-13T11:29:52.483170,25.00,37.50,100.00,100.00
2026-05-13T11:29:52.584186,14.30,14.30,100.00,100.00
2026-05-13T11:29:52.685140,14.30,16.70,100.00,100.00
2026-05-13T11:29:52.790184,28.60,28.60,100.00,100.00
2026-05-13T11:29:52.891082,14.30,16.70,100.00,100.00
2026-05-13T11:29:52.996160,16.70,28.60,100.00,100.00
2026-05-13T11:29:53.097079,33.30,14.30,100.00,100.00
2026-05-13T11:29:53.198158,16.70,16.70,100.00,100.00
2026-05-13T11:29:53.303599,33.30,28.60,100.00,100.00
2026-05-13T11:29:53.404550,0.00,33.30,100.00,100.00
2026-05-13T11:29:53.509138,25.00,0.00,100.00,100.00
2026-05-13T11:29:53.610277,28.60,16.70,100.00,100.00
2026-05-13T11:29:53.711520,50.00,71.40,100.00,100.00
2026-05-13T11:29:53.817717,57.10,57.10,100.00,100.00
2026-05-13T11:29:53.918688,62.50,62.50,100.00,100.00
2026-05-13T11:29:54.024987,57.10,66.70,100.00,100.00
2026-05-13T11:29:54.125879,57.10,62.50,100.00,100.00
2026-05-13T11:29:54.226850,57.10,66.70,100.00,100.00
2026-05-13T11:29:54.332376,57.10,62.50,100.00,100.00
2026-05-13T11:29:54.433517,57.10,57.10,100.00,100.00
2026-05-13T11:29:54.539512,50.00,66.70,100.00,100.00
2026-05-13T11:29:54.640856,57.10,57.10,100.00,100.00
2026-05-13T11:29:54.741761,75.00,71.40,100.00,100.00
2026-05-13T11:29:54.847238,57.10,77.80,100.00,100.00
2026-05-13T11:29:54.948235,66.70,66.70,100.00,100.00
2026-05-13T11:29:55.053202,71.40,77.80,100.00,100.00
2026-05-13T11:29:55.154174,50.00,40.00,100.00,100.00
2026-05-13T11:29:55.255485,62.50,57.10,100.00,100.00
2026-05-13T11:29:55.360199,57.10,57.10,100.00,100.00
2026-05-13T11:29:55.461477,57.10,57.10,100.00,100.00
2026-05-13T11:29:55.566123,57.10,57.10,100.00,100.00
2026-05-13T11:29:55.667443,57.10,62.50,100.00,100.00
2026-05-13T11:29:55.768509,50.00,60.00,100.00,100.00
2026-05-13T11:29:55.873959,50.00,57.10,100.00,100.00
2026-05-13T11:29:55.975356,57.10,62.50,100.00,100.00
2026-05-13T11:29:56.083621,62.50,87.50,100.00,100.00
2026-05-13T11:29:56.184809,57.10,66.70,100.00,100.00
2026-05-13T11:29:56.285823,57.10,71.40,100.00,100.00
2026-05-13T11:29:56.392189,70.00,66.70,100.00,100.00
2026-05-13T11:29:56.493497,50.00,50.00,100.00,100.00
2026-05-13T11:29:56.599629,62.50,62.50,100.00,100.00
2026-05-13T11:29:56.700839,50.00,57.10,100.00,100.00
2026-05-13T11:29:56.801873,62.50,50.00,100.00,100.00
2026-05-13T11:29:56.906741,57.10,62.50,100.00,100.00
2026-05-13T11:29:57.007776,50.00,57.10,100.00,100.00
2026-05-13T11:29:57.112704,75.00,75.00,100.00,100.00
2026-05-13T11:29:57.214127,50.00,50.00,100.00,100.00
2026-05-13T11:29:57.315060,62.50,71.40,100.00,100.00
2026-05-13T11:29:57.421466,57.10,57.10,100.00,100.00
2026-05-13T11:29:57.522577,57.10,57.10,100.00,100.00
2026-05-13T11:29:57.628410,66.70,71.40,100.00,100.00
2026-05-13T11:29:57.729435,57.10,57.10,100.00,100.00
2026-05-13T11:29:57.830437,57.10,66.70,100.00,100.00
2026-05-13T11:29:57.936823,50.00,42.90,100.00,100.00
2026-05-13T11:29:58.037814,62.50,60.00,100.00,100.00
2026-05-13T11:29:58.144603,62.50,62.50,100.00,100.00
2026-05-13T11:29:58.245543,57.10,71.40,100.00,100.00
2026-05-13T11:29:58.346477,57.10,50.00,100.00,100.00
2026-05-13T11:29:58.451872,57.10,62.50,100.00,100.00
2026-05-13T11:29:58.552837,50.00,57.10,100.00,100.00
2026-05-13T11:29:58.659001,77.80,75.00,100.00,100.00
2026-05-13T11:29:58.814477,92.90,64.30,100.00,100.00
2026-05-13T11:29:58.919336,100.00,27.30,100.00,100.00
2026-05-13T11:29:59.020903,100.00,22.20,100.00,100.00
2026-05-13T11:29:59.121924,100.00,70.00,100.00,100.00
2026-05-13T11:29:59.229287,100.00,80.00,100.00,100.00
2026-05-13T11:29:59.330509,62.50,87.50,100.00,100.00
2026-05-13T11:29:59.436404,62.50,77.80,100.00,100.00
2026-05-13T11:29:59.538109,88.90,75.00,100.00,100.00
2026-05-13T11:29:59.639443,66.70,75.00,100.00,100.00
2026-05-13T11:29:59.744413,66.70,75.00,100.00,100.00
2026-05-13T11:29:59.845641,66.70,71.40,100.00,100.00
2026-05-13T11:29:59.951844,71.40,85.70,100.00,100.00
2026-05-13T11:30:00.052846,62.50,75.00,100.00,100.00
2026-05-13T11:30:00.153758,77.80,75.00,100.00,100.00
2026-05-13T11:30:00.260103,75.00,62.50,100.00,100.00
2026-05-13T11:30:00.361044,75.00,77.80,100.00,100.00
2026-05-13T11:30:00.466911,66.70,85.70,100.00,100.00
2026-05-13T11:30:00.567997,71.40,71.40,100.00,100.00
2026-05-13T11:30:00.669548,57.10,75.00,100.00,100.00
2026-05-13T11:30:00.776176,75.00,75.00,100.00,100.00
2026-05-13T11:30:00.877421,66.70,71.40,100.00,100.00
2026-05-13T11:30:00.981847,80.00,77.80,100.00,100.00
2026-05-13T11:30:01.083007,60.00,71.40,100.00,100.00
2026-05-13T11:30:01.184256,66.70,71.40,100.00,100.00
2026-05-13T11:30:01.289959,66.70,77.80,100.00,100.00
2026-05-13T11:30:01.391085,62.50,66.70,100.00,100.00
2026-05-13T11:30:01.497933,71.40,77.80,100.00,100.00
2026-05-13T11:30:01.598878,75.00,75.00,100.00,100.00
2026-05-13T11:30:01.700222,75.00,90.00,100.00,100.00
2026-05-13T11:30:01.808885,66.70,90.00,100.00,100.00
2026-05-13T11:30:01.910435,75.00,100.00,100.00,100.00
2026-05-13T11:30:02.015683,77.80,87.50,100.00,100.00
2026-05-13T11:30:02.117001,62.50,77.80,100.00,100.00
2026-05-13T11:30:02.217925,71.40,87.50,100.00,100.00
2026-05-13T11:30:02.323006,77.80,75.00,100.00,100.00
2026-05-13T11:30:02.423862,75.00,87.50,100.00,100.00
2026-05-13T11:30:02.529908,75.00,77.80,100.00,100.00
2026-05-13T11:30:02.630914,50.00,75.00,100.00,100.00
2026-05-13T11:30:02.731818,75.00,85.70,100.00,100.00
2026-05-13T11:30:02.836887,62.50,80.00,100.00,100.00
2026-05-13T11:30:02.937976,62.50,85.70,100.00,100.00
2026-05-13T11:30:03.043683,75.00,75.00,100.00,100.00
2026-05-13T11:30:03.144754,57.10,85.70,100.00,100.00
2026-05-13T11:30:03.245915,75.00,77.80,100.00,100.00
2026-05-13T11:30:03.355392,66.70,85.70,100.00,100.00
2026-05-13T11:30:03.456438,71.40,77.80,100.00,100.00
2026-05-13T11:30:03.560889,57.10,85.70,100.00,100.00
2026-05-13T11:30:03.661868,62.50,50.00,100.00,100.00
2026-05-13T11:30:03.762785,40.00,42.90,100.00,100.00
2026-05-13T11:30:03.867212,55.60,40.00,100.00,100.00
2026-05-13T11:30:03.968135,40.00,42.90,100.00,100.00
2026-05-13T11:30:05.511798,53.20,57.10,100.00,100.00
2026-05-13T11:30:05.568504,0.00,50.00,100.00,100.00
2026-05-13T11:30:05.669560,50.00,42.90,100.00,100.00
2026-05-13T11:30:05.770325,42.90,42.90,100.00,100.00
2026-05-13T11:30:05.875527,50.00,50.00,100.00,100.00
2026-05-13T11:30:05.976548,42.90,50.00,100.00,100.00
2026-05-13T11:30:06.082239,57.10,33.30,100.00,100.00
2026-05-13T11:30:06.183211,33.30,50.00,100.00,100.00
2026-05-13T11:30:06.284290,50.00,50.00,100.00,100.00
2026-05-13T11:30:06.388602,57.10,40.00,100.00,100.00
2026-05-13T11:30:06.489481,42.90,50.00,100.00,100.00
2026-05-13T11:30:06.594230,57.10,50.00,100.00,100.00
2026-05-13T11:30:06.695307,42.90,33.30,100.00,100.00
2026-05-13T11:30:06.796510,20.00,33.30,100.00,100.00
2026-05-13T11:30:06.902637,62.50,50.00,100.00,100.00
2026-05-13T11:30:07.003651,50.00,50.00,100.00,100.00
2026-05-13T11:30:07.109518,50.00,42.90,100.00,100.00
2026-05-13T11:30:07.210395,42.90,42.90,100.00,100.00
2026-05-13T11:30:07.311237,50.00,66.70,100.00,100.00
2026-05-13T11:30:07.416525,40.00,42.90,100.00,100.00
2026-05-13T11:30:07.517403,50.00,37.50,100.00,100.00
2026-05-13T11:30:07.621871,40.00,50.00,100.00,100.00
2026-05-13T11:30:07.723020,42.90,33.30,100.00,100.00
2026-05-13T11:30:07.823959,50.00,55.60,100.00,100.00
2026-05-13T11:30:07.931010,33.30,33.30,100.00,100.00
2026-05-13T11:30:08.031818,57.10,33.30,100.00,100.00
2026-05-13T11:30:08.137473,42.90,50.00,100.00,100.00
2026-05-13T11:30:08.238241,40.00,57.10,100.00,100.00
2026-05-13T11:30:08.339167,33.30,33.30,100.00,100.00
2026-05-13T11:30:08.443944,55.60,57.10,100.00,100.00
2026-05-13T11:30:08.544975,33.30,33.30,100.00,100.00
2026-05-13T11:30:08.650835,50.00,42.90,100.00,100.00
2026-05-13T11:30:08.751688,42.90,40.00,100.00,100.00
2026-05-13T11:30:08.852563,42.90,57.10,100.00,100.00
2026-05-13T11:30:08.957523,50.00,50.00,100.00,100.00
2026-05-13T11:30:09.058406,42.90,42.90,100.00,100.00
2026-05-13T11:30:09.164840,42.90,57.10,100.00,100.00
2026-05-13T11:30:09.265829,28.60,42.90,100.00,100.00
2026-05-13T11:30:09.366759,57.10,50.00,100.00,100.00
2026-05-13T11:30:09.471983,42.90,42.90,100.00,100.00
2026-05-13T11:30:09.572876,57.10,57.10,100.00,100.00
2026-05-13T11:30:09.678483,50.00,55.60,100.00,100.00
2026-05-13T11:30:09.779452,42.90,42.90,100.00,100.00
2026-05-13T11:30:09.880399,40.00,50.00,100.00,100.00
2026-05-13T11:30:09.985006,42.90,42.90,100.00,100.00
2026-05-13T11:30:10.086078,44.40,33.30,100.00,100.00
2026-05-13T11:30:10.190719,42.90,62.50,100.00,100.00
2026-05-13T11:30:10.291595,57.10,44.40,100.00,100.00
2026-05-13T11:30:10.393024,33.30,40.00,100.00,100.00
2026-05-13T11:30:10.498196,50.00,50.00,100.00,100.00
2026-05-13T11:30:10.600165,42.90,50.00,100.00,100.00
2026-05-13T11:30:10.706223,33.30,42.90,100.00,100.00
2026-05-13T11:30:10.806972,50.00,50.00,100.00,100.00
2026-05-13T11:30:10.908490,50.00,16.70,100.00,100.00
2026-05-13T11:30:11.013170,33.30,62.50,100.00,100.00
2026-05-13T11:30:11.114005,57.10,16.70,100.00,100.00
2026-05-13T11:30:11.218706,57.10,57.10,100.00,100.00
2026-05-13T11:30:11.319520,37.50,42.90,100.00,100.00
2026-05-13T11:30:11.420552,50.00,50.00,100.00,100.00
2026-05-13T11:30:11.525035,50.00,55.60,100.00,100.00
2026-05-13T11:30:11.625990,33.30,50.00,100.00,100.00
2026-05-13T11:30:11.730598,37.50,40.00,100.00,100.00
2026-05-13T11:30:11.831853,50.00,50.00,100.00,100.00
2026-05-13T11:30:11.932782,33.30,50.00,100.00,100.00
2026-05-13T11:30:12.038461,42.90,42.90,100.00,100.00
2026-05-13T11:30:12.139552,42.90,33.30,100.00,100.00
2026-05-13T11:30:12.243951,50.00,42.90,100.00,100.00
2026-05-13T11:30:12.344952,42.90,37.50,100.00,100.00
2026-05-13T11:30:12.446003,62.50,57.10,100.00,100.00
2026-05-13T11:30:12.551676,28.60,42.90,100.00,100.00
2026-05-13T11:30:12.653049,57.10,33.30,100.00,100.00
2026-05-13T11:30:12.757660,33.30,33.30,100.00,100.00
2026-05-13T11:30:12.859173,57.10,33.30,100.00,100.00
2026-05-13T11:30:12.960696,42.90,50.00,100.00,100.00
2026-05-13T11:30:13.065019,42.90,42.90,100.00,100.00
2026-05-13T11:30:13.166059,20.00,20.00,100.00,100.00
2026-05-13T11:30:13.271052,55.60,50.00,100.00,100.00
2026-05-13T11:30:13.372049,33.30,16.70,100.00,100.00
2026-05-13T11:30:13.473024,20.00,42.90,100.00,100.00
2026-05-13T11:30:13.577840,42.90,50.00,100.00,100.00
2026-05-13T11:30:13.741436,88.20,100.00,100.00,100.00
2026-05-13T11:30:13.795908,80.00,100.00,100.00,100.00
2026-05-13T11:30:13.897003,87.50,100.00,100.00,100.00
2026-05-13T11:30:13.998192,100.00,100.00,100.00,100.00
2026-05-13T11:30:14.106333,87.50,88.90,100.00,100.00
2026-05-13T11:30:14.207249,90.90,80.00,100.00,100.00
2026-05-13T11:30:14.312320,100.00,100.00,100.00,100.00
2026-05-13T11:30:14.413626,100.00,75.00,100.00,100.00
2026-05-13T11:30:14.514633,100.00,71.40,100.00,100.00
2026-05-13T11:30:14.620237,100.00,77.80,100.00,100.00
2026-05-13T11:30:14.721924,100.00,87.50,100.00,100.00
2026-05-13T11:30:14.827073,100.00,77.80,100.00,100.00
2026-05-13T11:30:14.928663,100.00,77.80,100.00,100.00
2026-05-13T11:30:15.031003,100.00,87.50,100.00,100.00
2026-05-13T11:30:15.138578,100.00,77.80,100.00,100.00
2026-05-13T11:30:15.239793,100.00,77.80,100.00,100.00
2026-05-13T11:30:15.347003,100.00,100.00,100.00,100.00
2026-05-13T11:30:15.448030,100.00,100.00,100.00,100.00
2026-05-13T11:30:15.548959,100.00,100.00,100.00,100.00
2026-05-13T11:30:15.654677,100.00,90.90,100.00,100.00
2026-05-13T11:30:15.756577,100.00,100.00,100.00,100.00
2026-05-13T11:30:15.864350,90.90,100.00,100.00,100.00
2026-05-13T11:30:15.965334,100.00,75.00,100.00,100.00
2026-05-13T11:30:16.066249,100.00,88.90,100.00,100.00
2026-05-13T11:30:16.172069,100.00,91.70,100.00,100.00
2026-05-13T11:30:16.273698,100.00,83.30,100.00,100.00
2026-05-13T11:30:16.381502,100.00,90.00,100.00,100.00
2026-05-13T11:30:16.483253,71.40,100.00,100.00,100.00
2026-05-13T11:30:16.584681,100.00,87.50,100.00,100.00
2026-05-13T11:30:16.691344,100.00,72.70,100.00,100.00
2026-05-13T11:30:16.792494,100.00,71.40,100.00,100.00
2026-05-13T11:30:16.898690,100.00,80.00,100.00,100.00
2026-05-13T11:30:16.999680,100.00,87.50,100.00,100.00
2026-05-13T11:30:17.100701,100.00,75.00,100.00,100.00
2026-05-13T11:30:17.206718,100.00,100.00,100.00,100.00
2026-05-13T11:30:17.309558,100.00,87.50,100.00,100.00
2026-05-13T11:30:17.414500,100.00,80.00,100.00,100.00
2026-05-13T11:30:17.515656,100.00,90.00,100.00,100.00
2026-05-13T11:30:17.616572,100.00,88.90,100.00,100.00
2026-05-13T11:30:17.723529,100.00,77.80,100.00,100.00
2026-05-13T11:30:17.824794,100.00,75.00,100.00,100.00
2026-05-13T11:30:17.930485,100.00,75.00,100.00,100.00
2026-05-13T11:30:18.031331,100.00,77.80,100.00,100.00
2026-05-13T11:30:18.132546,100.00,77.80,100.00,100.00
2026-05-13T11:30:18.238423,100.00,87.50,100.00,100.00
2026-05-13T11:30:18.340841,100.00,62.50,100.00,100.00
2026-05-13T11:30:18.447405,100.00,90.00,100.00,100.00
2026-05-13T11:30:18.548309,100.00,71.40,100.00,100.00
2026-05-13T11:30:18.649597,100.00,70.00,100.00,100.00
2026-05-13T11:30:18.808775,46.70,57.10,100.00,100.00
2026-05-13T11:30:18.859235,0.00,0.00,100.00,100.00
2026-05-13T11:30:18.962884,10.00,10.00,100.00,100.00
2026-05-13T11:30:19.063596,10.00,0.00,100.00,100.00
2026-05-13T11:30:19.164250,10.00,0.00,100.00,100.00
2026-05-13T11:30:19.267772,10.00,10.00,100.00,100.00
2026-05-13T11:30:19.368457,11.10,20.00,100.00,100.00
2026-05-13T11:30:19.472121,18.20,0.00,100.00,100.00
2026-05-13T11:30:19.572891,11.10,11.10,100.00,100.00
2026-05-13T11:30:19.673565,0.00,10.00,100.00,100.00
2026-05-13T11:30:19.777464,25.00,0.00,100.00,100.00
2026-05-13T11:30:19.878128,11.10,0.00,100.00,100.00
2026-05-13T11:30:19.981809,10.00,10.00,100.00,100.00
2026-05-13T11:30:20.082563,10.00,0.00,100.00,100.00
2026-05-13T11:30:20.183233,20.00,0.00,100.00,100.00
2026-05-13T11:30:20.286623,10.00,0.00,100.00,100.00
2026-05-13T11:30:20.387338,0.00,18.20,100.00,100.00
2026-05-13T11:30:20.493148,18.20,11.10,100.00,100.00
2026-05-13T11:30:20.593963,11.10,0.00,100.00,100.00
2026-05-13T11:30:20.694672,0.00,0.00,100.00,100.00
2026-05-13T11:30:20.798121,18.20,9.10,100.00,100.00
2026-05-13T11:30:20.898776,11.10,11.10,100.00,100.00
2026-05-13T11:30:21.002395,10.00,0.00,100.00,100.00
2026-05-13T11:30:21.103104,10.00,0.00,100.00,100.00
2026-05-13T11:30:21.203746,20.00,0.00,100.00,100.00
2026-05-13T11:30:21.307432,0.00,0.00,100.00,100.00
2026-05-13T11:30:21.408132,10.00,0.00,100.00,100.00
2026-05-13T11:30:21.511974,18.20,10.00,100.00,100.00
2026-05-13T11:30:21.612677,0.00,0.00,100.00,100.00
2026-05-13T11:30:21.713389,10.00,0.00,100.00,100.00
2026-05-13T11:30:21.817381,10.00,25.00,100.00,100.00
2026-05-13T11:30:21.918069,20.00,0.00,100.00,100.00
2026-05-13T11:30:22.021714,10.00,0.00,100.00,100.00
2026-05-13T11:30:22.122428,0.00,0.00,100.00,100.00
2026-05-13T11:30:22.223070,18.20,0.00,100.00,100.00
2026-05-13T11:30:22.326428,11.10,0.00,100.00,100.00
2026-05-13T11:30:22.427083,10.00,11.10,100.00,100.00
2026-05-13T11:30:22.530624,10.00,10.00,100.00,100.00
2026-05-13T11:30:22.631312,18.20,0.00,100.00,100.00
2026-05-13T11:30:22.732133,11.10,0.00,100.00,100.00
2026-05-13T11:30:22.836044,10.00,0.00,100.00,100.00
2026-05-13T11:30:22.936687,10.00,0.00,100.00,100.00
2026-05-13T11:30:23.040603,10.00,10.00,100.00,100.00
2026-05-13T11:30:23.141384,10.00,0.00,100.00,100.00
2026-05-13T11:30:23.242025,10.00,11.10,100.00,100.00
2026-05-13T11:30:23.345473,11.10,0.00,100.00,100.00
2026-05-13T11:30:23.446171,0.00,10.00,100.00,100.00
2026-05-13T11:30:23.549769,18.20,10.00,100.00,100.00
2026-05-13T11:30:23.650488,11.10,0.00,100.00,100.00
2026-05-13T11:30:23.751295,11.10,0.00,100.00,100.00
2026-05-13T11:30:23.855490,0.00,0.00,100.00,100.00
2026-05-13T11:30:23.956215,11.10,0.00,100.00,100.00
2026-05-13T11:30:24.060555,0.00,11.10,100.00,100.00
2026-05-13T11:30:24.161524,12.50,0.00,100.00,100.00
2026-05-13T11:30:24.262505,20.00,0.00,100.00,100.00
2026-05-13T11:30:24.366642,27.30,11.10,100.00,100.00
2026-05-13T11:30:24.467653,12.50,0.00,100.00,100.00
2026-05-13T11:30:24.572352,20.00,0.00,100.00,100.00
2026-05-13T11:30:24.673050,12.50,11.10,100.00,100.00
2026-05-13T11:30:24.774794,0.00,22.20,100.00,100.00
2026-05-13T11:30:24.879340,20.00,0.00,100.00,100.00
2026-05-13T11:30:24.980051,11.10,0.00,100.00,100.00
2026-05-13T11:30:25.083819,11.10,11.10,100.00,100.00
2026-05-13T11:30:25.184640,0.00,0.00,100.00,100.00
2026-05-13T11:30:25.285601,11.10,0.00,100.00,100.00
2026-05-13T11:30:25.389335,27.30,11.10,100.00,100.00
2026-05-13T11:30:25.490142,11.10,12.50,100.00,100.00
2026-05-13T11:30:25.594828,11.10,11.10,100.00,100.00
2026-05-13T11:30:25.695577,0.00,0.00,100.00,100.00
2026-05-13T11:30:25.796314,11.10,0.00,100.00,100.00
2026-05-13T11:30:25.899996,0.00,0.00,100.00,100.00
2026-05-13T11:30:26.000771,20.00,0.00,100.00,100.00
2026-05-13T11:30:26.104773,0.00,11.10,100.00,100.00
2026-05-13T11:30:26.205489,11.10,22.20,100.00,100.00
2026-05-13T11:30:26.306286,22.20,0.00,100.00,100.00
2026-05-13T11:30:26.410185,11.10,0.00,100.00,100.00
2026-05-13T11:30:26.511020,0.00,0.00,100.00,100.00
2026-05-13T11:30:26.615057,0.00,20.00,100.00,100.00
2026-05-13T11:30:26.715939,11.10,0.00,100.00,100.00
2026-05-13T11:30:26.816785,0.00,0.00,100.00,100.00
2026-05-13T11:30:26.920727,27.30,11.10,100.00,100.00
2026-05-13T11:30:27.021529,11.10,0.00,100.00,100.00
2026-05-13T11:30:27.125509,11.10,12.50,100.00,100.00
2026-05-13T11:30:27.226466,22.20,11.10,100.00,100.00
2026-05-13T11:30:27.327257,11.10,12.50,100.00,100.00
2026-05-13T11:30:27.431264,11.10,0.00,100.00,100.00
2026-05-13T11:30:27.532064,11.10,0.00,100.00,100.00
2026-05-13T11:30:27.636571,11.10,11.10,100.00,100.00
2026-05-13T11:30:27.737249,11.10,11.10,100.00,100.00
2026-05-13T11:30:27.838028,11.10,12.50,100.00,100.00
2026-05-13T11:30:27.942007,12.50,0.00,100.00,100.00
2026-05-13T11:30:28.042822,20.00,0.00,100.00,100.00
2026-05-13T11:30:28.146567,20.00,0.00,100.00,100.00
2026-05-13T11:30:28.247403,0.00,27.30,100.00,100.00
2026-05-13T11:30:28.348249,12.50,0.00,100.00,100.00
2026-05-13T11:30:28.452175,11.10,0.00,100.00,100.00
2026-05-13T11:30:28.553043,20.00,11.10,100.00,100.00
2026-05-13T11:30:28.656562,11.10,11.10,100.00,100.00
2026-05-13T11:30:28.757332,11.10,11.10,100.00,100.00
2026-05-13T11:30:28.858134,10.00,10.00,100.00,100.00
2026-05-13T11:30:28.961797,10.00,0.00,100.00,100.00
2026-05-13T11:30:29.062599,11.10,0.00,100.00,100.00
2026-05-13T11:30:29.166241,18.20,10.00,100.00,100.00
2026-05-13T11:30:29.267013,11.10,0.00,100.00,100.00
2026-05-13T11:30:29.367786,20.00,0.00,100.00,100.00
2026-05-13T11:30:29.471543,10.00,0.00,100.00,100.00
2026-05-13T11:30:29.572305,11.10,27.30,100.00,100.00
2026-05-13T11:30:29.676453,11.10,11.10,100.00,100.00
2026-05-13T11:30:29.777350,10.00,0.00,100.00,100.00
2026-05-13T11:30:29.878157,18.20,0.00,100.00,100.00
2026-05-13T11:30:29.982020,20.00,0.00,100.00,100.00
2026-05-13T11:30:30.082758,10.00,10.00,100.00,100.00
2026-05-13T11:30:30.186412,11.10,11.10,100.00,100.00
2026-05-13T11:30:30.287222,10.00,0.00,100.00,100.00
2026-05-13T11:30:30.388975,0.00,11.10,100.00,100.00
2026-05-13T11:30:30.492647,10.00,0.00,100.00,100.00
2026-05-13T11:30:30.593722,10.00,18.20,100.00,100.00
2026-05-13T11:30:30.697845,11.10,0.00,100.00,100.00
2026-05-13T11:30:30.798934,11.10,0.00,100.00,100.00
2026-05-13T11:30:30.900585,10.00,0.00,100.00,100.00
2026-05-13T11:30:31.004219,10.00,0.00,100.00,100.00
2026-05-13T11:30:31.105331,0.00,10.00,100.00,100.00
2026-05-13T11:30:31.209110,18.20,11.10,100.00,100.00
2026-05-13T11:30:31.309808,10.00,0.00,100.00,100.00
2026-05-13T11:30:31.410652,11.10,10.00,100.00,100.00
2026-05-13T11:30:31.514788,0.00,0.00,100.00,100.00
2026-05-13T11:30:31.615617,11.10,10.00,100.00,100.00
2026-05-13T11:30:31.719764,18.20,0.00,100.00,100.00
2026-05-13T11:30:31.820518,11.10,0.00,100.00,100.00
2026-05-13T11:30:31.921293,10.00,0.00,100.00,100.00
2026-05-13T11:30:32.025046,0.00,10.00,100.00,100.00
2026-05-13T11:30:32.125721,10.00,11.10,100.00,100.00
2026-05-13T11:30:32.229741,10.00,10.00,100.00,100.00
2026-05-13T11:30:32.330388,20.00,0.00,100.00,100.00
2026-05-13T11:30:32.431173,20.00,20.00,100.00,100.00
2026-05-13T11:30:32.534735,0.00,0.00,100.00,100.00
2026-05-13T11:30:32.635542,10.00,0.00,100.00,100.00
2026-05-13T11:30:32.739219,10.00,11.10,100.00,100.00
2026-05-13T11:30:32.840041,11.10,0.00,100.00,100.00
2026-05-13T11:30:32.940852,18.20,0.00,100.00,100.00
2026-05-13T11:30:33.044636,10.00,0.00,100.00,100.00
2026-05-13T11:30:33.145432,0.00,0.00,100.00,100.00
2026-05-13T11:30:33.248908,10.00,10.00,100.00,100.00
2026-05-13T11:30:33.349691,11.10,11.10,100.00,100.00
2026-05-13T11:30:33.450527,20.00,20.00,100.00,100.00
2026-05-13T11:30:33.554304,20.00,0.00,100.00,100.00
2026-05-13T11:30:33.655033,9.10,10.00,100.00,100.00
2026-05-13T11:30:33.758670,10.00,0.00,100.00,100.00
2026-05-13T11:30:33.859364,0.00,0.00,100.00,100.00
2026-05-13T11:30:33.960148,0.00,9.10,100.00,100.00
2026-05-13T11:30:34.063573,18.20,9.10,100.00,100.00
2026-05-13T11:30:34.164312,0.00,0.00,100.00,100.00
2026-05-13T11:30:34.267890,10.00,10.00,100.00,100.00
2026-05-13T11:30:34.368598,0.00,10.00,100.00,100.00
2026-05-13T11:30:34.469422,23.10,0.00,100.00,100.00
2026-05-13T11:30:34.573035,0.00,9.10,100.00,100.00
2026-05-13T11:30:34.673890,0.00,11.10,100.00,100.00
2026-05-13T11:30:34.777340,0.00,0.00,100.00,100.00
2026-05-13T11:30:34.878170,0.00,0.00,100.00,100.00
2026-05-13T11:30:34.979043,0.00,0.00,100.00,100.00
2026-05-13T11:30:35.082574,9.10,9.10,100.00,100.00
2026-05-13T11:30:35.183316,0.00,0.00,100.00,100.00
2026-05-13T11:30:35.286862,9.10,0.00,100.00,100.00
2026-05-13T11:30:35.387535,9.10,0.00,100.00,100.00
2026-05-13T11:30:35.488310,0.00,0.00,100.00,100.00
2026-05-13T11:30:35.592068,9.10,0.00,100.00,100.00
2026-05-13T11:30:35.692796,0.00,0.00,100.00,100.00
2026-05-13T11:30:35.796580,0.00,9.10,100.00,100.00
2026-05-13T11:30:35.897260,0.00,0.00,100.00,100.00
2026-05-13T11:30:35.998031,9.10,0.00,100.00,100.00
2026-05-13T11:30:36.101359,0.00,0.00,100.00,100.00
2026-05-13T11:30:36.202047,0.00,0.00,100.00,100.00
2026-05-13T11:30:36.305422,10.00,16.70,100.00,100.00
2026-05-13T11:30:36.406193,0.00,9.10,100.00,100.00
2026-05-13T11:30:36.507031,0.00,0.00,100.00,100.00
2026-05-13T11:30:36.610773,16.70,0.00,100.00,100.00
2026-05-13T11:30:36.711515,0.00,0.00,100.00,100.00
2026-05-13T11:30:36.815039,0.00,10.00,100.00,100.00
2026-05-13T11:30:36.915825,0.00,0.00,100.00,100.00
2026-05-13T11:30:37.016681,0.00,0.00,100.00,100.00
2026-05-13T11:30:37.120526,9.10,0.00,100.00,100.00
2026-05-13T11:30:37.221341,0.00,0.00,100.00,100.00
2026-05-13T11:30:37.324953,0.00,9.10,100.00,100.00
2026-05-13T11:30:37.425805,0.00,0.00,100.00,100.00
2026-05-13T11:30:37.526633,0.00,0.00,100.00,100.00
2026-05-13T11:30:37.630642,9.10,0.00,100.00,100.00
2026-05-13T11:30:37.731376,0.00,0.00,100.00,100.00
2026-05-13T11:30:37.835403,0.00,18.20,100.00,100.00
2026-05-13T11:30:37.936255,9.10,0.00,100.00,100.00
2026-05-13T11:30:38.037052,0.00,0.00,100.00,100.00
2026-05-13T11:30:38.140756,18.20,10.00,100.00,100.00
2026-05-13T11:30:38.241824,50.00,70.00,100.00,100.00
2026-05-13T11:30:38.347614,10.00,18.20,100.00,100.00
2026-05-13T11:30:38.448422,9.10,18.20,100.00,100.00
2026-05-13T11:30:38.549183,0.00,0.00,100.00,100.00
2026-05-13T11:30:38.652857,20.00,10.00,100.00,100.00
2026-05-13T11:30:38.754268,30.00,36.40,100.00,100.00
2026-05-13T11:30:38.857695,18.20,0.00,100.00,100.00
2026-05-13T11:30:38.958398,0.00,0.00,100.00,100.00
2026-05-13T11:30:39.059064,10.00,10.00,100.00,100.00
2026-05-13T11:30:39.162337,0.00,0.00,100.00,100.00
2026-05-13T11:30:39.263067,0.00,0.00,100.00,100.00
2026-05-13T11:30:39.366478,9.10,9.10,100.00,100.00
2026-05-13T11:30:39.467123,0.00,10.00,100.00,100.00
2026-05-13T11:30:39.567855,20.00,0.00,100.00,100.00
2026-05-13T11:30:39.671389,0.00,18.20,100.00,100.00
2026-05-13T11:30:39.772202,0.00,0.00,100.00,100.00
2026-05-13T11:30:39.875875,0.00,0.00,100.00,100.00
2026-05-13T11:30:39.976755,0.00,0.00,100.00,100.00
2026-05-13T11:30:40.077633,0.00,9.10,100.00,100.00
2026-05-13T11:30:40.181194,9.10,0.00,100.00,100.00
2026-05-13T11:30:40.281907,0.00,0.00,100.00,100.00
2026-05-13T11:30:40.385242,9.10,9.10,100.00,100.00
2026-05-13T11:30:40.485913,0.00,9.10,100.00,100.00
2026-05-13T11:30:40.586642,0.00,0.00,100.00,100.00
2026-05-13T11:30:40.690327,9.10,0.00,100.00,100.00
2026-05-13T11:30:40.790999,0.00,10.00,100.00,100.00
2026-05-13T11:30:40.895010,20.00,50.00,100.00,100.00
2026-05-13T11:30:40.995665,0.00,0.00,100.00,100.00
2026-05-13T11:30:41.096450,18.20,10.00,100.00,100.00
2026-05-13T11:30:41.200302,9.10,9.10,100.00,100.00
2026-05-13T11:30:41.301000,0.00,0.00,100.00,100.00
2026-05-13T11:30:41.404588,20.00,60.00,100.00,100.00
2026-05-13T11:30:41.505382,10.00,10.00,100.00,100.00
2026-05-13T11:30:41.606508,0.00,0.00,100.00,100.00
2026-05-13T11:30:41.710215,10.00,0.00,100.00,100.00
2026-05-13T11:30:41.811035,11.10,36.40,100.00,100.00
2026-05-13T11:30:41.914540,27.30,20.00,100.00,100.00
2026-05-13T11:30:42.015354,0.00,0.00,100.00,100.00
2026-05-13T11:30:42.116179,10.00,10.00,100.00,100.00
2026-05-13T11:30:42.219828,9.10,0.00,100.00,100.00
2026-05-13T11:30:42.320607,0.00,9.10,100.00,100.00
2026-05-13T11:30:42.424509,22.20,63.60,100.00,100.00
2026-05-13T11:30:42.525310,10.00,10.00,100.00,100.00
2026-05-13T11:30:42.626190,10.00,0.00,100.00,100.00
2026-05-13T11:30:42.729849,16.70,10.00,100.00,100.00
2026-05-13T11:30:42.830671,11.10,11.10,100.00,100.00
2026-05-13T11:30:42.934285,27.30,27.30,100.00,100.00
2026-05-13T11:30:43.035073,0.00,0.00,100.00,100.00
2026-05-13T11:30:43.135917,0.00,0.00,100.00,100.00
2026-05-13T11:30:43.239839,9.10,0.00,100.00,100.00
2026-05-13T11:30:43.340656,0.00,0.00,100.00,100.00
2026-05-13T11:30:43.444290,0.00,0.00,100.00,100.00
2026-05-13T11:30:43.545074,0.00,0.00,100.00,100.00
2026-05-13T11:30:43.645902,10.00,8.30,100.00,100.00
2026-05-13T11:30:43.749403,9.10,9.10,100.00,100.00
2026-05-13T11:30:43.850173,0.00,0.00,100.00,100.00
2026-05-13T11:30:43.953508,0.00,0.00,100.00,100.00
2026-05-13T11:30:44.054249,0.00,0.00,100.00,100.00
2026-05-13T11:30:44.155058,9.10,0.00,100.00,100.00
2026-05-13T11:30:44.258519,0.00,8.30,100.00,100.00
2026-05-13T11:30:44.359261,10.00,11.10,100.00,100.00
2026-05-13T11:30:44.462636,0.00,0.00,100.00,100.00
2026-05-13T11:30:44.563306,0.00,0.00,100.00,100.00
2026-05-13T11:30:44.664121,0.00,0.00,100.00,100.00
2026-05-13T11:30:44.768029,9.10,9.10,100.00,100.00
2026-05-13T11:30:44.868870,9.10,0.00,100.00,100.00
2026-05-13T11:30:44.972727,0.00,0.00,100.00,100.00
2026-05-13T11:30:45.073546,0.00,0.00,100.00,100.00
2026-05-13T11:30:45.174425,0.00,10.00,100.00,100.00
2026-05-13T11:30:45.278047,0.00,0.00,100.00,100.00
2026-05-13T11:30:45.378770,0.00,0.00,100.00,100.00
