timestamp,core0,core1,core2,core3
2026-05-15T21:08:13.246493,66.70,66.70,0.00,33.30
2026-05-15T21:08:13.347022,0.00,0.00,0.00,0.00
2026-05-15T21:08:13.447527,0.00,0.00,0.00,0.00
2026-05-15T21:08:13.548026,0.00,0.00,0.00,0.00
2026-05-15T21:08:13.648526,0.00,0.00,0.00,0.00
2026-05-15T21:08:13.749036,0.00,0.00,0.00,0.00
2026-05-15T21:08:13.849535,0.00,0.00,0.00,0.00
2026-05-15T21:08:13.950045,0.00,0.00,0.00,0.00
2026-05-15T21:08:14.050527,0.00,0.00,0.00,10.00
2026-05-15T21:08:14.151035,0.00,0.00,0.00,0.00
2026-05-15T21:08:14.251541,0.00,0.00,9.10,0.00
2026-05-15T21:08:14.352072,0.00,0.00,0.00,0.00
2026-05-15T21:08:14.452543,0.00,0.00,0.00,0.00
2026-05-15T21:08:14.553012,0.00,0.00,0.00,0.00
2026-05-15T21:08:14.653484,0.00,9.10,0.00,0.00
2026-05-15T21:08:14.753969,0.00,0.00,0.00,0.00
2026-05-15T21:08:14.854446,0.00,0.00,0.00,0.00
2026-05-15T21:08:14.955024,0.00,0.00,0.00,10.00
2026-05-15T21:08:15.055481,0.00,0.00,0.00,0.00
2026-05-15T21:08:15.156039,0.00,0.00,0.00,0.00
2026-05-15T21:08:15.256557,0.00,0.00,0.00,0.00
2026-05-15T21:08:15.357090,0.00,0.00,0.00,9.10
2026-05-15T21:08:15.457622,0.00,0.00,0.00,0.00
2026-05-15T21:08:15.558115,0.00,0.00,0.00,0.00
2026-05-15T21:08:15.658639,0.00,0.00,0.00,0.00
2026-05-15T21:08:15.759105,0.00,0.00,0.00,0.00
2026-05-15T21:08:15.859581,0.00,0.00,0.00,0.00
2026-05-15T21:08:15.960100,0.00,0.00,0.00,0.00
2026-05-15T21:08:16.060636,0.00,9.10,0.00,9.10
2026-05-15T21:08:16.161128,0.00,0.00,0.00,0.00
2026-05-15T21:08:16.261614,0.00,0.00,0.00,0.00
2026-05-15T21:08:16.362102,0.00,0.00,0.00,0.00
2026-05-15T21:08:16.462619,0.00,0.00,0.00,0.00
2026-05-15T21:08:16.563110,0.00,0.00,0.00,0.00
2026-05-15T21:08:16.663585,0.00,0.00,0.00,0.00
2026-05-15T21:08:16.764083,0.00,0.00,0.00,0.00
2026-05-15T21:08:16.864546,0.00,0.00,0.00,0.00
2026-05-15T21:08:16.965040,0.00,0.00,0.00,0.00
2026-05-15T21:08:17.065519,0.00,0.00,0.00,0.00
2026-05-15T21:08:17.165980,0.00,0.00,0.00,0.00
2026-05-15T21:08:17.266442,0.00,9.10,0.00,0.00
2026-05-15T21:08:17.366946,0.00,0.00,0.00,0.00
2026-05-15T21:08:17.467427,0.00,0.00,0.00,0.00
2026-05-15T21:08:17.567940,0.00,0.00,0.00,9.10
2026-05-15T21:08:17.668426,0.00,0.00,0.00,0.00
2026-05-15T21:08:17.768944,0.00,0.00,0.00,0.00
2026-05-15T21:08:17.869402,0.00,0.00,0.00,0.00
2026-05-15T21:08:17.969882,0.00,0.00,0.00,0.00
2026-05-15T21:08:18.070413,0.00,0.00,9.10,0.00
2026-05-15T21:08:18.170900,0.00,0.00,0.00,0.00
2026-05-15T21:08:18.271374,0.00,0.00,0.00,0.00
2026-05-15T21:08:18.371910,0.00,0.00,0.00,0.00
2026-05-15T21:08:18.472355,0.00,0.00,0.00,9.10
2026-05-15T21:08:18.572836,0.00,0.00,0.00,0.00
2026-05-15T21:08:18.673321,0.00,0.00,0.00,0.00
2026-05-15T21:08:18.773790,0.00,0.00,0.00,0.00
2026-05-15T21:08:18.874223,0.00,0.00,0.00,0.00
2026-05-15T21:08:18.974738,0.00,0.00,0.00,0.00
2026-05-15T21:08:19.075255,0.00,0.00,0.00,0.00
2026-05-15T21:08:19.175710,0.00,0.00,0.00,0.00
2026-05-15T21:08:19.276115,9.10,0.00,0.00,0.00
2026-05-15T21:08:19.376545,0.00,0.00,0.00,0.00
2026-05-15T21:08:19.476989,0.00,0.00,0.00,0.00
2026-05-15T21:08:19.577441,0.00,0.00,0.00,9.10
2026-05-15T21:08:19.677934,0.00,0.00,0.00,0.00
2026-05-15T21:08:19.778433,0.00,0.00,0.00,0.00
2026-05-15T21:08:19.878934,0.00,0.00,0.00,0.00
2026-05-15T21:08:19.979471,0.00,0.00,0.00,0.00
2026-05-15T21:08:20.079957,0.00,0.00,0.00,0.00
2026-05-15T21:08:20.180501,9.10,0.00,0.00,0.00
2026-05-15T21:08:20.281065,0.00,0.00,0.00,0.00
2026-05-15T21:08:20.381556,0.00,0.00,0.00,0.00
2026-05-15T21:08:20.482075,0.00,0.00,0.00,0.00
2026-05-15T21:08:20.582557,0.00,0.00,0.00,0.00
2026-05-15T21:08:20.683081,0.00,18.20,9.10,0.00
2026-05-15T21:08:20.783560,0.00,0.00,0.00,0.00
2026-05-15T21:08:20.884075,0.00,0.00,0.00,0.00
2026-05-15T21:08:20.984568,0.00,0.00,0.00,0.00
2026-05-15T21:08:21.085081,0.00,0.00,0.00,0.00
2026-05-15T21:08:21.185609,0.00,9.10,0.00,0.00
2026-05-15T21:08:21.286101,0.00,0.00,0.00,0.00
2026-05-15T21:08:21.386614,0.00,0.00,0.00,0.00
2026-05-15T21:08:21.487095,0.00,0.00,0.00,0.00
2026-05-15T21:08:21.587610,0.00,0.00,0.00,0.00
2026-05-15T21:08:21.688086,0.00,0.00,0.00,0.00
2026-05-15T21:08:21.788565,0.00,0.00,10.00,0.00
2026-05-15T21:08:21.889054,0.00,0.00,0.00,0.00
2026-05-15T21:08:21.989538,0.00,0.00,0.00,0.00
2026-05-15T21:08:22.090094,0.00,0.00,0.00,0.00
2026-05-15T21:08:22.190583,0.00,0.00,0.00,0.00
2026-05-15T21:08:22.291092,0.00,0.00,0.00,0.00
2026-05-15T21:08:22.391596,0.00,0.00,0.00,0.00
2026-05-15T21:08:22.492153,0.00,0.00,0.00,0.00
2026-05-15T21:08:22.592635,0.00,0.00,0.00,0.00
2026-05-15T21:08:22.693110,0.00,0.00,0.00,0.00
2026-05-15T21:08:22.793605,0.00,0.00,0.00,0.00
2026-05-15T21:08:22.894106,0.00,9.10,0.00,0.00
2026-05-15T21:08:22.994664,0.00,0.00,0.00,0.00
2026-05-15T21:08:23.095156,0.00,0.00,0.00,0.00
2026-05-15T21:08:23.195637,0.00,0.00,0.00,0.00
2026-05-15T21:08:23.296080,0.00,0.00,0.00,0.00
2026-05-15T21:08:23.396617,0.00,0.00,0.00,9.10
2026-05-15T21:08:23.497091,0.00,0.00,0.00,0.00
2026-05-15T21:08:23.597582,0.00,0.00,0.00,0.00
2026-05-15T21:08:23.698038,0.00,0.00,0.00,0.00
2026-05-15T21:08:23.798577,0.00,0.00,0.00,0.00
2026-05-15T21:08:23.899117,0.00,0.00,0.00,0.00
2026-05-15T21:08:23.999619,0.00,0.00,0.00,0.00
2026-05-15T21:08:24.100149,0.00,0.00,0.00,0.00
2026-05-15T21:08:24.200631,0.00,0.00,0.00,0.00
2026-05-15T21:08:24.301089,0.00,0.00,0.00,0.00
2026-05-15T21:08:24.401571,0.00,0.00,0.00,9.10
2026-05-15T21:08:24.502078,0.00,9.10,0.00,0.00
2026-05-15T21:08:24.602573,0.00,0.00,0.00,0.00
2026-05-15T21:08:24.703032,0.00,0.00,0.00,0.00
2026-05-15T21:08:24.803572,0.00,0.00,0.00,0.00
2026-05-15T21:08:24.904091,9.10,0.00,0.00,0.00
2026-05-15T21:08:25.004534,0.00,9.10,0.00,0.00
2026-05-15T21:08:25.104997,18.20,0.00,0.00,0.00
2026-05-15T21:08:25.205454,0.00,10.00,25.00,0.00
2026-05-15T21:08:25.305889,10.00,0.00,0.00,0.00
2026-05-15T21:08:25.406352,10.00,10.00,10.00,0.00
2026-05-15T21:08:25.506820,10.00,0.00,0.00,0.00
2026-05-15T21:08:25.607283,10.00,18.20,10.00,0.00
2026-05-15T21:08:25.707698,0.00,0.00,10.00,0.00
2026-05-15T21:08:25.808123,10.00,18.20,10.00,0.00
2026-05-15T21:08:25.908554,10.00,0.00,10.00,0.00
2026-05-15T21:08:26.009014,10.00,10.00,0.00,0.00
2026-05-15T21:08:26.109603,18.20,10.00,10.00,0.00
2026-05-15T21:08:26.210078,10.00,0.00,20.00,0.00
2026-05-15T21:08:26.310539,11.10,20.00,10.00,0.00
2026-05-15T21:08:26.410998,10.00,0.00,10.00,9.10
2026-05-15T21:08:26.511444,18.20,18.20,0.00,0.00
2026-05-15T21:08:26.611899,10.00,0.00,10.00,0.00
2026-05-15T21:08:26.712391,0.00,0.00,0.00,0.00
2026-05-15T21:08:26.812871,18.20,18.20,0.00,0.00
2026-05-15T21:08:26.913367,0.00,0.00,18.20,0.00
2026-05-15T21:08:27.013850,20.00,10.00,10.00,0.00
2026-05-15T21:08:27.114383,10.00,0.00,10.00,0.00
2026-05-15T21:08:27.214834,10.00,0.00,0.00,0.00
2026-05-15T21:08:27.315379,10.00,0.00,10.00,10.00
2026-05-15T21:08:27.415842,0.00,18.20,0.00,0.00
2026-05-15T21:08:27.516347,10.00,10.00,10.00,0.00
2026-05-15T21:08:27.616897,10.00,10.00,10.00,0.00
2026-05-15T21:08:27.717368,10.00,0.00,0.00,0.00
2026-05-15T21:08:27.817952,10.00,11.10,10.00,0.00
2026-05-15T21:08:27.918441,0.00,0.00,0.00,0.00
2026-05-15T21:08:28.018915,20.00,9.10,10.00,0.00
2026-05-15T21:08:28.119538,10.00,0.00,10.00,0.00
2026-05-15T21:08:28.220078,10.00,10.00,10.00,0.00
2026-05-15T21:08:28.320548,18.20,0.00,0.00,0.00
2026-05-15T21:08:28.421012,0.00,0.00,0.00,0.00
2026-05-15T21:08:28.521550,0.00,25.00,10.00,0.00
2026-05-15T21:08:28.622031,18.20,0.00,11.10,9.10
2026-05-15T21:08:28.722516,10.00,10.00,18.20,0.00
2026-05-15T21:08:28.822971,10.00,10.00,0.00,0.00
2026-05-15T21:08:28.923407,0.00,10.00,0.00,0.00
2026-05-15T21:08:29.023872,20.00,0.00,18.20,0.00
2026-05-15T21:08:29.124370,10.00,10.00,0.00,0.00
2026-05-15T21:08:29.224791,10.00,0.00,0.00,10.00
2026-05-15T21:08:29.325293,10.00,18.20,25.00,0.00
2026-05-15T21:08:29.425717,0.00,0.00,10.00,0.00
2026-05-15T21:08:29.526295,18.20,18.20,0.00,9.10
2026-05-15T21:08:29.626729,10.00,0.00,18.20,0.00
2026-05-15T21:08:29.727194,0.00,18.20,0.00,0.00
2026-05-15T21:08:29.827634,27.30,0.00,0.00,0.00
2026-05-15T21:08:29.928082,0.00,0.00,18.20,0.00
2026-05-15T21:08:30.028562,10.00,18.20,0.00,0.00
2026-05-15T21:08:30.129015,10.00,10.00,0.00,0.00
2026-05-15T21:08:30.229602,10.00,0.00,27.30,0.00
2026-05-15T21:08:30.330084,18.20,0.00,10.00,0.00
2026-05-15T21:08:30.430510,0.00,10.00,0.00,0.00
2026-05-15T21:08:30.531002,0.00,18.20,0.00,10.00
2026-05-15T21:08:30.631469,18.20,0.00,10.00,0.00
2026-05-15T21:08:30.731949,11.10,10.00,0.00,0.00
2026-05-15T21:08:30.832481,10.00,10.00,18.20,0.00
2026-05-15T21:08:30.932982,10.00,10.00,0.00,0.00
2026-05-15T21:08:31.033510,18.20,0.00,10.00,0.00
2026-05-15T21:08:31.133995,0.00,25.00,0.00,0.00
2026-05-15T21:08:31.234438,20.00,0.00,20.00,9.10
2026-05-15T21:08:31.334948,0.00,10.00,10.00,0.00
2026-05-15T21:08:31.435503,10.00,0.00,0.00,0.00
2026-05-15T21:08:31.535981,25.00,0.00,10.00,0.00
2026-05-15T21:08:31.636434,10.00,10.00,0.00,0.00
2026-05-15T21:08:31.736902,10.00,10.00,10.00,0.00
2026-05-15T21:08:31.837400,10.00,10.00,0.00,0.00
2026-05-15T21:08:31.937956,11.10,10.00,10.00,0.00
2026-05-15T21:08:32.038460,10.00,10.00,0.00,0.00
2026-05-15T21:08:32.138958,10.00,0.00,10.00,0.00
2026-05-15T21:08:32.239523,0.00,0.00,18.20,0.00
2026-05-15T21:08:32.339992,18.20,18.20,0.00,0.00
2026-05-15T21:08:32.440504,0.00,0.00,0.00,0.00
2026-05-15T21:08:32.540979,18.20,10.00,10.00,0.00
2026-05-15T21:08:32.641450,0.00,0.00,10.00,0.00
2026-05-15T21:08:32.741909,0.00,18.20,10.00,0.00
2026-05-15T21:08:32.842475,18.20,0.00,10.00,0.00
2026-05-15T21:08:32.943007,10.00,0.00,0.00,10.00
2026-05-15T21:08:33.043502,10.00,0.00,10.00,0.00
2026-05-15T21:08:33.143954,0.00,0.00,0.00,0.00
2026-05-15T21:08:33.244409,11.10,10.00,18.20,9.10
2026-05-15T21:08:33.344906,10.00,0.00,0.00,0.00
2026-05-15T21:08:33.445459,10.00,10.00,10.00,0.00
2026-05-15T21:08:33.545978,18.20,18.20,0.00,0.00
2026-05-15T21:08:33.646477,0.00,10.00,18.20,0.00
2026-05-15T21:08:33.746970,18.20,0.00,0.00,0.00
2026-05-15T21:08:33.847462,10.00,0.00,0.00,0.00
2026-05-15T21:08:33.947924,0.00,10.00,18.20,0.00
2026-05-15T21:08:34.048462,10.00,0.00,11.10,0.00
2026-05-15T21:08:34.148956,11.10,10.00,0.00,0.00
2026-05-15T21:08:34.249488,0.00,10.00,10.00,0.00
2026-05-15T21:08:34.349939,18.20,10.00,10.00,0.00
2026-05-15T21:08:34.450466,10.00,10.00,0.00,0.00
2026-05-15T21:08:34.551025,10.00,0.00,0.00,0.00
2026-05-15T21:08:34.651578,0.00,10.00,18.20,0.00
2026-05-15T21:08:34.752058,10.00,18.20,0.00,0.00
2026-05-15T21:08:34.852568,10.00,0.00,0.00,0.00
2026-05-15T21:08:34.953055,0.00,0.00,18.20,0.00
2026-05-15T21:08:35.053521,10.00,10.00,0.00,0.00
2026-05-15T21:08:35.154023,10.00,10.00,10.00,9.10
2026-05-15T21:08:35.254471,18.20,11.10,11.10,0.00
2026-05-15T21:08:35.354931,0.00,0.00,10.00,10.00
2026-05-15T21:08:35.455395,10.00,10.00,10.00,0.00
2026-05-15T21:08:35.555851,18.20,18.20,10.00,0.00
2026-05-15T21:08:35.656346,0.00,0.00,0.00,0.00
2026-05-15T21:08:35.756798,10.00,20.00,25.00,0.00
2026-05-15T21:08:35.857270,11.10,0.00,0.00,10.00
2026-05-15T21:08:35.957727,0.00,10.00,10.00,0.00
2026-05-15T21:08:36.058267,18.20,0.00,0.00,0.00
2026-05-15T21:08:36.158744,10.00,18.20,20.00,0.00
2026-05-15T21:08:36.259326,10.00,0.00,10.00,0.00
2026-05-15T21:08:36.359828,10.00,9.10,0.00,0.00
2026-05-15T21:08:36.460357,0.00,0.00,0.00,0.00
2026-05-15T21:08:36.560858,0.00,0.00,0.00,0.00
2026-05-15T21:08:36.661359,18.20,18.20,10.00,0.00
2026-05-15T21:08:36.761888,0.00,0.00,10.00,0.00
2026-05-15T21:08:36.862379,10.00,0.00,10.00,0.00
2026-05-15T21:08:36.962836,18.20,10.00,10.00,0.00
2026-05-15T21:08:37.063312,0.00,10.00,10.00,10.00
2026-05-15T21:08:37.163797,10.00,0.00,10.00,0.00
2026-05-15T21:08:37.264297,18.20,18.20,0.00,10.00
2026-05-15T21:08:37.364808,0.00,0.00,10.00,0.00
2026-05-15T21:08:37.465491,18.20,0.00,0.00,0.00
2026-05-15T21:08:37.566011,0.00,16.70,0.00,0.00
2026-05-15T21:08:37.666524,0.00,0.00,18.20,0.00
2026-05-15T21:08:37.767038,18.20,0.00,0.00,0.00
2026-05-15T21:08:37.867545,0.00,18.20,0.00,0.00
2026-05-15T21:08:37.967999,10.00,0.00,10.00,0.00
2026-05-15T21:08:38.068522,10.00,0.00,0.00,0.00
2026-05-15T21:08:38.169020,0.00,10.00,0.00,9.10
2026-05-15T21:08:38.269454,10.00,10.00,0.00,0.00
2026-05-15T21:08:38.369937,0.00,0.00,18.20,0.00
2026-05-15T21:08:38.470477,25.00,10.00,10.00,0.00
2026-05-15T21:08:38.570954,0.00,0.00,10.00,10.00
2026-05-15T21:08:38.671381,18.20,10.00,18.20,0.00
2026-05-15T21:08:38.771830,10.00,18.20,0.00,0.00
2026-05-15T21:08:38.872352,10.00,10.00,10.00,0.00
2026-05-15T21:08:38.972810,0.00,0.00,0.00,0.00
2026-05-15T21:08:39.073336,10.00,0.00,10.00,0.00
2026-05-15T21:08:39.173815,10.00,10.00,0.00,0.00
2026-05-15T21:08:39.274329,0.00,10.00,10.00,0.00
2026-05-15T21:08:39.374879,10.00,0.00,10.00,0.00
2026-05-15T21:08:39.475382,10.00,0.00,10.00,0.00
2026-05-15T21:08:39.575901,18.20,16.70,0.00,0.00
2026-05-15T21:08:39.676425,10.00,10.00,10.00,0.00
2026-05-15T21:08:39.776915,0.00,0.00,18.20,0.00
2026-05-15T21:08:39.877372,10.00,18.20,10.00,0.00
2026-05-15T21:08:39.977909,11.10,0.00,0.00,0.00
2026-05-15T21:08:40.078628,25.00,25.00,14.30,0.00
2026-05-15T21:08:40.179252,28.60,25.00,16.70,11.10
2026-05-15T21:08:40.279898,25.00,14.30,25.00,0.00
2026-05-15T21:08:40.380567,28.60,25.00,33.30,11.10
2026-05-15T21:08:40.481210,28.60,25.00,28.60,0.00
2026-05-15T21:08:40.581901,25.00,25.00,14.30,0.00
2026-05-15T21:08:40.682523,50.00,37.50,37.50,22.20
2026-05-15T21:08:40.783178,25.00,14.30,25.00,10.00
2026-05-15T21:08:40.883728,14.30,25.00,16.70,0.00
2026-05-15T21:08:40.984289,28.60,22.20,25.00,0.00
2026-05-15T21:08:41.084931,16.70,25.00,25.00,0.00
2026-05-15T21:08:41.185726,25.00,16.70,16.70,0.00
2026-05-15T21:08:41.286471,28.60,33.30,40.00,0.00
2026-05-15T21:08:41.387174,28.60,25.00,14.30,0.00
2026-05-15T21:08:41.487892,25.00,0.00,28.60,0.00
2026-05-15T21:08:41.588472,28.60,25.00,33.30,0.00
2026-05-15T21:08:41.688963,25.00,14.30,25.00,0.00
2026-05-15T21:08:41.789681,37.50,25.00,28.60,0.00
2026-05-15T21:08:41.890173,25.00,25.00,25.00,0.00
2026-05-15T21:08:41.990851,37.50,33.30,25.00,11.10
2026-05-15T21:08:42.091454,28.60,14.30,37.50,0.00
2026-05-15T21:08:42.192266,33.30,28.60,14.30,10.00
2026-05-15T21:08:42.292791,28.60,25.00,16.70,11.10
2026-05-15T21:08:42.393417,50.00,14.30,33.30,0.00
2026-05-15T21:08:42.493941,14.30,25.00,25.00,0.00
2026-05-15T21:08:42.594727,37.50,33.30,25.00,0.00
2026-05-15T21:08:42.695340,28.60,25.00,28.60,11.10
2026-05-15T21:08:42.795892,33.30,25.00,25.00,0.00
2026-05-15T21:08:42.896539,37.50,14.30,25.00,0.00
2026-05-15T21:08:42.997177,14.30,16.70,14.30,0.00
2026-05-15T21:08:43.097849,44.40,33.30,37.50,0.00
2026-05-15T21:08:43.198464,37.50,25.00,14.30,0.00
2026-05-15T21:08:43.299174,28.60,25.00,25.00,0.00
2026-05-15T21:08:43.399800,37.50,14.30,28.60,11.10
2026-05-15T21:08:43.500322,25.00,25.00,14.30,11.10
2026-05-15T21:08:43.600848,16.70,0.00,33.30,0.00
2026-05-15T21:08:43.701476,28.60,30.00,16.70,0.00
2026-05-15T21:08:43.802123,40.00,14.30,14.30,11.10
2026-05-15T21:08:43.902830,16.70,25.00,25.00,0.00
2026-05-15T21:08:44.003399,14.30,25.00,25.00,0.00
2026-05-15T21:08:44.103940,37.50,0.00,33.30,0.00
2026-05-15T21:08:44.204516,16.70,25.00,14.30,0.00
2026-05-15T21:08:44.305185,40.00,25.00,16.70,10.00
2026-05-15T21:08:44.405733,16.70,0.00,14.30,0.00
2026-05-15T21:08:44.506290,33.30,33.30,25.00,0.00
2026-05-15T21:08:44.606986,37.50,28.60,25.00,0.00
2026-05-15T21:08:44.707720,25.00,14.30,16.70,0.00
2026-05-15T21:08:44.808292,28.60,25.00,14.30,0.00
2026-05-15T21:08:44.908976,28.60,25.00,14.30,11.10
2026-05-15T21:08:45.009716,33.30,14.30,25.00,0.00
2026-05-15T21:08:45.110315,28.60,25.00,28.60,0.00
2026-05-15T21:08:45.210862,28.60,25.00,0.00,11.10
2026-05-15T21:08:45.311578,25.00,37.50,33.30,0.00
2026-05-15T21:08:45.412241,28.60,0.00,25.00,0.00
2026-05-15T21:08:45.512953,28.60,14.30,16.70,0.00
2026-05-15T21:08:45.613686,25.00,16.70,25.00,0.00
2026-05-15T21:08:45.714313,37.50,25.00,14.30,10.00
2026-05-15T21:08:45.814904,14.30,25.00,37.50,0.00
2026-05-15T21:08:45.915622,37.50,25.00,25.00,11.10
2026-05-15T21:08:46.016198,16.70,14.30,14.30,0.00
2026-05-15T21:08:46.116825,37.50,14.30,16.70,0.00
2026-05-15T21:08:46.217525,14.30,33.30,25.00,0.00
2026-05-15T21:08:46.318151,28.60,14.30,25.00,0.00
2026-05-15T21:08:46.418860,28.60,25.00,16.70,0.00
2026-05-15T21:08:46.519567,25.00,25.00,25.00,0.00
2026-05-15T21:08:46.620130,44.40,14.30,25.00,11.10
2026-05-15T21:08:46.720835,37.50,28.60,16.70,0.00
2026-05-15T21:08:46.821532,14.30,25.00,25.00,11.10
2026-05-15T21:08:46.922027,28.60,33.30,28.60,10.00
2026-05-15T21:08:47.022701,28.60,0.00,33.30,0.00
2026-05-15T21:08:47.123215,25.00,25.00,14.30,0.00
2026-05-15T21:08:47.223790,37.50,25.00,28.60,0.00
2026-05-15T21:08:47.324295,16.70,25.00,14.30,0.00
2026-05-15T21:08:47.424943,25.00,14.30,25.00,10.00
2026-05-15T21:08:47.525691,28.60,14.30,25.00,0.00
2026-05-15T21:08:47.626454,25.00,25.00,16.70,0.00
2026-05-15T21:08:47.727033,37.50,28.60,33.30,0.00
2026-05-15T21:08:47.827624,14.30,14.30,25.00,10.00
2026-05-15T21:08:47.928298,37.50,25.00,0.00,0.00
2026-05-15T21:08:48.028875,16.70,14.30,25.00,0.00
2026-05-15T21:08:48.129531,25.00,25.00,14.30,11.10
2026-05-15T21:08:48.229971,37.50,37.50,37.50,0.00
2026-05-15T21:08:48.330617,37.50,14.30,25.00,0.00
2026-05-15T21:08:48.431231,25.00,25.00,14.30,0.00
2026-05-15T21:08:48.531945,16.70,14.30,28.60,0.00
2026-05-15T21:08:48.632532,14.30,25.00,14.30,0.00
2026-05-15T21:08:48.733034,44.40,28.60,28.60,11.10
2026-05-15T21:08:48.833755,16.70,14.30,14.30,0.00
2026-05-15T21:08:48.934373,28.60,25.00,33.30,0.00
2026-05-15T21:08:49.034969,25.00,33.30,25.00,0.00
2026-05-15T21:08:49.135663,28.60,25.00,28.60,11.10
2026-05-15T21:08:49.236365,33.30,25.00,14.30,0.00
2026-05-15T21:08:49.337052,28.60,25.00,14.30,11.10
2026-05-15T21:08:49.437732,25.00,25.00,28.60,0.00
2026-05-15T21:08:49.538351,28.60,16.70,25.00,0.00
2026-05-15T21:08:49.638910,37.50,33.30,25.00,10.00
2026-05-15T21:08:49.739570,28.60,14.30,28.60,0.00
2026-05-15T21:08:49.840258,14.30,25.00,14.30,0.00
2026-05-15T21:08:49.940826,28.60,14.30,25.00,0.00
2026-05-15T21:08:50.041499,14.30,14.30,16.70,0.00
2026-05-15T21:08:50.142045,28.60,37.50,33.30,0.00
2026-05-15T21:08:50.242641,40.00,14.30,25.00,0.00
2026-05-15T21:08:50.343264,16.70,25.00,14.30,10.00
2026-05-15T21:08:50.443824,28.60,25.00,28.60,0.00
2026-05-15T21:08:50.544402,25.00,0.00,25.00,0.00
2026-05-15T21:08:50.644938,37.50,33.30,25.00,0.00
2026-05-15T21:08:50.745616,37.50,37.50,16.70,20.00
2026-05-15T21:08:50.846361,28.60,14.30,40.00,0.00
2026-05-15T21:08:50.946908,25.00,25.00,0.00,0.00
2026-05-15T21:08:51.047518,37.50,14.30,25.00,0.00
2026-05-15T21:08:51.148039,28.60,40.00,33.30,11.10
2026-05-15T21:08:51.248641,25.00,25.00,16.70,11.10
2026-05-15T21:08:51.349192,37.50,25.00,33.30,0.00
2026-05-15T21:08:51.449714,37.50,16.70,25.00,0.00
2026-05-15T21:08:51.550266,14.30,12.50,28.60,0.00
2026-05-15T21:08:51.650819,37.50,16.70,25.00,0.00
2026-05-15T21:08:51.751453,14.30,14.30,14.30,0.00
2026-05-15T21:08:51.852042,37.50,25.00,33.30,0.00
2026-05-15T21:08:51.952857,28.60,25.00,0.00,10.00
2026-05-15T21:08:52.053674,33.30,14.30,33.30,0.00
2026-05-15T21:08:52.154278,28.60,14.30,25.00,0.00
2026-05-15T21:08:52.254902,16.70,37.50,16.70,0.00
2026-05-15T21:08:52.355475,37.50,14.30,25.00,0.00
2026-05-15T21:08:52.456035,25.00,14.30,25.00,11.10
2026-05-15T21:08:52.556581,37.50,14.30,28.60,0.00
2026-05-15T21:08:52.657270,33.30,14.30,25.00,11.10
2026-05-15T21:08:52.757832,28.60,25.00,14.30,0.00
2026-05-15T21:08:52.858513,28.60,14.30,16.70,0.00
2026-05-15T21:08:52.959305,14.30,25.00,14.30,11.10
2026-05-15T21:08:53.059966,37.50,14.30,14.30,0.00
2026-05-15T21:08:53.160623,25.00,14.30,28.60,11.10
2026-05-15T21:08:53.261242,16.70,16.70,14.30,0.00
2026-05-15T21:08:53.361852,37.50,14.30,25.00,0.00
2026-05-15T21:08:53.462537,37.50,33.30,28.60,0.00
2026-05-15T21:08:53.563009,25.00,14.30,14.30,0.00
2026-05-15T21:08:53.663554,28.60,25.00,28.60,10.00
2026-05-15T21:08:53.764174,14.30,14.30,25.00,11.10
2026-05-15T21:08:53.864806,16.70,28.60,0.00,0.00
2026-05-15T21:08:53.965463,37.50,25.00,28.60,0.00
2026-05-15T21:08:54.065969,25.00,0.00,25.00,0.00
2026-05-15T21:08:54.166594,16.70,25.00,14.30,0.00
2026-05-15T21:08:54.267176,25.00,25.00,16.70,0.00
2026-05-15T21:08:54.367793,28.60,25.00,25.00,0.00
2026-05-15T21:08:54.468410,28.60,14.30,33.30,0.00
2026-05-15T21:08:54.568991,33.30,14.30,0.00,0.00
2026-05-15T21:08:54.669710,16.70,28.60,25.00,0.00
2026-05-15T21:08:54.770312,25.00,14.30,14.30,10.00
2026-05-15T21:08:54.870878,28.60,25.00,14.30,0.00
2026-05-15T21:08:54.971731,37.50,25.00,37.50,11.10
2026-05-15T21:08:55.072540,62.50,70.00,62.50,11.10
2026-05-15T21:08:55.173301,80.00,62.50,80.00,12.50
2026-05-15T21:08:55.274017,88.90,77.80,66.70,14.30
2026-05-15T21:08:55.374647,70.00,62.50,77.80,0.00
2026-05-15T21:08:55.475502,75.00,66.70,62.50,12.50
2026-05-15T21:08:55.576216,77.80,62.50,66.70,0.00
2026-05-15T21:08:55.677201,81.80,66.70,70.00,12.50
2026-05-15T21:08:55.777842,70.00,62.50,57.10,11.10
2026-05-15T21:08:55.878483,77.80,66.70,75.00,25.00
2026-05-15T21:08:55.979381,80.00,71.40,66.70,11.10
2026-05-15T21:08:56.080498,80.00,70.00,75.00,0.00
2026-05-15T21:08:56.181388,77.80,62.50,62.50,12.50
2026-05-15T21:08:56.282044,77.80,55.60,62.50,0.00
2026-05-15T21:08:56.382958,80.00,71.40,62.50,0.00
2026-05-15T21:08:56.483884,66.70,55.60,66.70,12.50
2026-05-15T21:08:56.584621,80.00,66.70,66.70,0.00
2026-05-15T21:08:56.685438,80.00,57.10,66.70,11.10
2026-05-15T21:08:56.786174,77.80,75.00,77.80,12.50
2026-05-15T21:08:56.887184,71.40,60.00,62.50,0.00
2026-05-15T21:08:56.987921,83.30,75.00,62.50,12.50
2026-05-15T21:08:57.088705,77.80,62.50,75.00,12.50
2026-05-15T21:08:57.189360,77.80,66.70,70.00,20.00
2026-05-15T21:08:57.290176,75.00,62.50,62.50,14.30
2026-05-15T21:08:57.390972,80.00,77.80,62.50,0.00
2026-05-15T21:08:57.491728,75.00,66.70,77.80,0.00
2026-05-15T21:08:57.592518,81.80,66.70,62.50,11.10
2026-05-15T21:08:57.693374,77.80,62.50,66.70,0.00
2026-05-15T21:08:57.794277,80.00,66.70,77.80,22.20
2026-05-15T21:08:57.895092,80.00,71.40,70.00,0.00
2026-05-15T21:08:57.995823,80.00,66.70,66.70,0.00
2026-05-15T21:08:58.096592,70.00,72.70,71.40,12.50
2026-05-15T21:08:58.197375,75.00,50.00,55.60,0.00
2026-05-15T21:08:58.298078,72.70,57.10,66.70,12.50
2026-05-15T21:08:58.398936,75.00,70.00,66.70,0.00
2026-05-15T21:08:58.499836,72.70,60.00,71.40,12.50
2026-05-15T21:08:58.600863,75.00,71.40,62.50,0.00
2026-05-15T21:08:58.701746,77.80,66.70,70.00,12.50
2026-05-15T21:08:58.802534,80.00,57.10,77.80,0.00
2026-05-15T21:08:58.903263,77.80,72.70,62.50,0.00
2026-05-15T21:08:59.003996,77.80,62.50,66.70,22.20
2026-05-15T21:08:59.104840,80.00,77.80,66.70,12.50
2026-05-15T21:08:59.205697,72.70,57.10,71.40,0.00
2026-05-15T21:08:59.306517,77.80,72.70,70.00,22.20
2026-05-15T21:08:59.407377,77.80,57.10,62.50,0.00
2026-05-15T21:08:59.508175,77.80,66.70,66.70,12.50
2026-05-15T21:08:59.609180,80.00,66.70,71.40,12.50
2026-05-15T21:08:59.710024,77.80,66.70,66.70,0.00
2026-05-15T21:08:59.810853,70.00,62.50,57.10,0.00
2026-05-15T21:08:59.911515,80.00,62.50,66.70,20.00
2026-05-15T21:09:00.012225,75.00,62.50,62.50,12.50
2026-05-15T21:09:00.113209,75.00,62.50,66.70,0.00
2026-05-15T21:09:00.213923,81.80,66.70,70.00,22.20
2026-05-15T21:09:00.314912,70.00,70.00,70.00,0.00
2026-05-15T21:09:00.415717,77.80,62.50,77.80,12.50
2026-05-15T21:09:00.516576,77.80,66.70,62.50,12.50
2026-05-15T21:09:00.617296,77.80,71.40,62.50,0.00
2026-05-15T21:09:00.717977,80.00,62.50,66.70,30.00
2026-05-15T21:09:00.818882,75.00,62.50,71.40,0.00
2026-05-15T21:09:00.919717,80.00,70.00,70.00,0.00
2026-05-15T21:09:01.020523,77.80,66.70,70.00,12.50
2026-05-15T21:09:01.121458,81.80,75.00,71.40,0.00
2026-05-15T21:09:01.222553,75.00,70.00,66.70,22.20
2026-05-15T21:09:01.323163,80.00,62.50,75.00,0.00
2026-05-15T21:09:01.423870,75.00,62.50,66.70,12.50
2026-05-15T21:09:01.524639,72.70,66.70,50.00,0.00
2026-05-15T21:09:01.625661,77.80,62.50,66.70,12.50
2026-05-15T21:09:01.726360,77.80,55.60,66.70,0.00
2026-05-15T21:09:01.827401,77.80,66.70,70.00,0.00
2026-05-15T21:09:01.928371,72.70,71.40,71.40,12.50
2026-05-15T21:09:02.029208,77.80,60.00,66.70,12.50
2026-05-15T21:09:02.129999,77.80,62.50,66.70,0.00
2026-05-15T21:09:02.230842,77.80,66.70,62.50,0.00
2026-05-15T21:09:02.331647,66.70,62.50,66.70,12.50
2026-05-15T21:09:02.432374,80.00,66.70,57.10,0.00
2026-05-15T21:09:02.533304,75.00,62.50,70.00,12.50
2026-05-15T21:09:02.634046,77.80,62.50,62.50,12.50
2026-05-15T21:09:02.735020,77.80,66.70,66.70,0.00
2026-05-15T21:09:02.836285,77.80,66.70,71.40,12.50
2026-05-15T21:09:02.936894,77.80,66.70,62.50,0.00
2026-05-15T21:09:03.037649,72.70,71.40,62.50,22.20
2026-05-15T21:09:03.138308,77.80,60.00,62.50,0.00
2026-05-15T21:09:03.238969,75.00,71.40,72.70,12.50
2026-05-15T21:09:03.339844,80.00,62.50,71.40,20.00
2026-05-15T21:09:03.440640,77.80,55.60,66.70,0.00
2026-05-15T21:09:03.541278,70.00,77.80,62.50,14.30
2026-05-15T21:09:03.642001,80.00,66.70,70.00,0.00
2026-05-15T21:09:03.742870,77.80,57.10,57.10,12.50
2026-05-15T21:09:03.843844,75.00,62.50,66.70,0.00
2026-05-15T21:09:03.944577,80.00,70.00,75.00,12.50
2026-05-15T21:09:04.045274,77.80,62.50,62.50,0.00
2026-05-15T21:09:04.146220,80.00,66.70,66.70,0.00
2026-05-15T21:09:04.247019,70.00,62.50,62.50,22.20
2026-05-15T21:09:04.347838,77.80,66.70,77.80,12.50
2026-05-15T21:09:04.448589,75.00,66.70,66.70,12.50
2026-05-15T21:09:04.549359,81.80,66.70,75.00,0.00
2026-05-15T21:09:04.650238,77.80,66.70,70.00,11.10
2026-05-15T21:09:04.750899,66.70,57.10,62.50,0.00
2026-05-15T21:09:04.851664,88.90,66.70,66.70,12.50
2026-05-15T21:09:04.952463,72.70,66.70,77.80,12.50
2026-05-15T21:09:05.053334,77.80,75.00,57.10,22.20
2026-05-15T21:09:05.154214,77.80,70.00,72.70,12.50
2026-05-15T21:09:05.255058,77.80,66.70,66.70,22.20
2026-05-15T21:09:05.355875,81.80,62.50,66.70,0.00
2026-05-15T21:09:05.456750,71.40,66.70,66.70,12.50
2026-05-15T21:09:05.557562,77.80,57.10,62.50,0.00
2026-05-15T21:09:05.658285,80.00,66.70,66.70,12.50
2026-05-15T21:09:05.759207,80.00,62.50,62.50,12.50
2026-05-15T21:09:05.860044,75.00,75.00,77.80,12.50
2026-05-15T21:09:05.960843,72.70,66.70,66.70,12.50
2026-05-15T21:09:06.061674,77.80,66.70,75.00,0.00
2026-05-15T21:09:06.162393,88.90,66.70,66.70,12.50
2026-05-15T21:09:06.263037,80.00,75.00,75.00,12.50
2026-05-15T21:09:06.363888,77.80,66.70,66.70,12.50
2026-05-15T21:09:06.464897,80.00,62.50,62.50,0.00
2026-05-15T21:09:06.565719,75.00,66.70,75.00,0.00
2026-05-15T21:09:06.666482,80.00,66.70,66.70,12.50
2026-05-15T21:09:06.767263,75.00,66.70,66.70,20.00
2026-05-15T21:09:06.868175,70.00,57.10,77.80,12.50
2026-05-15T21:09:06.968770,77.80,70.00,62.50,0.00
2026-05-15T21:09:07.069447,77.80,75.00,70.00,0.00
2026-05-15T21:09:07.170163,80.00,62.50,75.00,22.20
2026-05-15T21:09:07.270724,77.80,62.50,70.00,0.00
2026-05-15T21:09:07.371473,75.00,66.70,71.40,11.10
2026-05-15T21:09:07.472449,80.00,62.50,66.70,12.50
2026-05-15T21:09:07.573190,66.70,70.00,66.70,0.00
2026-05-15T21:09:07.674137,80.00,62.50,57.10,12.50
2026-05-15T21:09:07.774833,77.80,75.00,66.70,12.50
2026-05-15T21:09:07.875568,75.00,50.00,75.00,0.00
2026-05-15T21:09:07.976276,77.80,66.70,60.00,12.50
2026-05-15T21:09:08.077033,66.70,62.50,75.00,0.00
2026-05-15T21:09:08.177844,77.80,62.50,66.70,0.00
2026-05-15T21:09:08.278683,80.00,66.70,62.50,12.50
2026-05-15T21:09:08.379580,75.00,77.80,62.50,12.50
2026-05-15T21:09:08.480334,80.00,62.50,70.00,22.20
2026-05-15T21:09:08.581152,80.00,70.00,71.40,0.00
2026-05-15T21:09:08.681980,75.00,62.50,62.50,12.50
2026-05-15T21:09:08.782683,80.00,70.00,72.70,0.00
2026-05-15T21:09:08.883441,75.00,62.50,66.70,12.50
2026-05-15T21:09:08.984257,80.00,62.50,70.00,11.10
2026-05-15T21:09:09.085046,70.00,72.70,66.70,0.00
2026-05-15T21:09:09.185891,77.80,66.70,66.70,0.00
2026-05-15T21:09:09.286670,80.00,75.00,75.00,22.20
2026-05-15T21:09:09.387375,77.80,66.70,77.80,0.00
2026-05-15T21:09:09.488360,77.80,62.50,60.00,0.00
2026-05-15T21:09:09.588946,70.00,71.40,71.40,0.00
2026-05-15T21:09:09.689609,80.00,66.70,66.70,12.50
2026-05-15T21:09:09.790270,75.00,70.00,62.50,0.00
2026-05-15T21:09:09.891036,80.00,50.00,72.70,22.20
2026-05-15T21:09:09.991756,66.70,62.50,50.00,0.00
2026-05-15T21:09:10.092389,37.50,25.00,28.60,11.10
2026-05-15T21:09:10.193253,44.40,37.50,37.50,0.00
2026-05-15T21:09:10.293886,28.60,28.60,25.00,0.00
2026-05-15T21:09:10.394489,28.60,25.00,37.50,0.00
2026-05-15T21:09:10.494986,37.50,28.60,28.60,20.00
2026-05-15T21:09:10.595713,37.50,25.00,37.50,0.00
2026-05-15T21:09:10.696310,33.30,28.60,28.60,0.00
2026-05-15T21:09:10.796923,44.40,28.60,28.60,22.20
2026-05-15T21:09:10.897651,28.60,37.50,28.60,0.00
2026-05-15T21:09:10.998224,37.50,33.30,28.60,0.00
2026-05-15T21:09:11.098861,37.50,28.60,25.00,0.00
2026-05-15T21:09:11.199518,42.90,28.60,28.60,11.10
2026-05-15T21:09:11.300291,44.40,25.00,28.60,0.00
2026-05-15T21:09:11.400796,37.50,37.50,37.50,10.00
2026-05-15T21:09:11.501440,28.60,28.60,28.60,0.00
2026-05-15T21:09:11.602026,44.40,37.50,28.60,0.00
2026-05-15T21:09:11.702656,42.90,33.30,28.60,22.20
2026-05-15T21:09:11.803227,28.60,28.60,44.40,0.00
2026-05-15T21:09:11.903809,37.50,0.00,25.00,0.00
2026-05-15T21:09:12.004442,37.50,28.60,28.60,0.00
2026-05-15T21:09:12.105001,28.60,40.00,28.60,0.00
2026-05-15T21:09:12.205783,37.50,16.70,28.60,11.10
2026-05-15T21:09:12.306407,33.30,28.60,28.60,0.00
2026-05-15T21:09:12.407142,44.40,33.30,25.00,0.00
2026-05-15T21:09:12.507711,28.60,25.00,28.60,0.00
2026-05-15T21:09:12.608156,28.60,0.00,28.60,11.10
2026-05-15T21:09:12.708795,44.40,37.50,37.50,10.00
2026-05-15T21:09:12.809574,50.00,28.60,28.60,0.00
2026-05-15T21:09:12.910196,28.60,25.00,37.50,0.00
2026-05-15T21:09:13.010803,37.50,28.60,25.00,0.00
2026-05-15T21:09:13.111436,55.60,28.60,20.00,0.00
2026-05-15T21:09:13.211947,28.60,0.00,37.50,0.00
2026-05-15T21:09:13.312615,37.50,40.00,28.60,11.10
2026-05-15T21:09:13.413287,37.50,28.60,28.60,0.00
2026-05-15T21:09:13.513940,42.90,28.60,44.40,11.10
2026-05-15T21:09:13.614667,28.60,16.70,37.50,0.00
2026-05-15T21:09:13.715220,37.50,33.30,28.60,0.00
2026-05-15T21:09:13.815744,37.50,28.60,28.60,10.00
2026-05-15T21:09:13.916426,50.00,28.60,40.00,0.00
2026-05-15T21:09:14.016988,28.60,25.00,28.60,11.10
2026-05-15T21:09:14.117820,44.40,28.60,28.60,0.00
2026-05-15T21:09:14.218442,28.60,37.50,28.60,11.10
2026-05-15T21:09:14.318980,44.40,33.30,37.50,0.00
2026-05-15T21:09:14.419572,33.30,28.60,37.50,0.00
2026-05-15T21:09:14.520183,44.40,44.40,28.60,0.00
2026-05-15T21:09:14.620843,37.50,14.30,25.00,0.00
2026-05-15T21:09:14.721572,37.50,28.60,28.60,11.10
2026-05-15T21:09:14.822149,37.50,37.50,28.60,0.00
2026-05-15T21:09:14.922815,42.90,14.30,37.50,0.00
2026-05-15T21:09:15.023457,37.50,37.50,28.60,0.00
2026-05-15T21:09:15.123962,44.40,28.60,28.60,20.00
2026-05-15T21:09:15.224516,16.70,33.30,33.30,11.10
2026-05-15T21:09:15.325032,42.90,28.60,42.90,0.00
2026-05-15T21:09:15.425641,28.60,37.50,33.30,11.10
2026-05-15T21:09:15.526302,28.60,28.60,16.70,0.00
2026-05-15T21:09:15.627188,37.50,25.00,44.40,10.00
2026-05-15T21:09:15.727721,50.00,28.60,16.70,0.00
2026-05-15T21:09:15.828328,37.50,37.50,37.50,0.00
2026-05-15T21:09:15.928882,37.50,28.60,37.50,0.00
2026-05-15T21:09:16.029677,28.60,33.30,37.50,0.00
2026-05-15T21:09:16.130122,28.60,16.70,33.30,0.00
2026-05-15T21:09:16.231007,42.90,25.00,16.70,10.00
2026-05-15T21:09:16.331682,37.50,28.60,37.50,0.00
2026-05-15T21:09:16.432405,44.40,28.60,28.60,0.00
2026-05-15T21:09:16.533027,37.50,37.50,37.50,0.00
2026-05-15T21:09:16.633725,28.60,25.00,16.70,0.00
2026-05-15T21:09:16.734440,42.90,28.60,28.60,11.10
2026-05-15T21:09:16.834998,37.50,14.30,44.40,11.10
2026-05-15T21:09:16.935611,44.40,44.40,16.70,0.00
2026-05-15T21:09:17.036145,28.60,37.50,40.00,0.00
2026-05-15T21:09:17.136809,42.90,0.00,16.70,0.00
2026-05-15T21:09:17.237470,37.50,37.50,28.60,11.10
2026-05-15T21:09:17.338000,44.40,28.60,37.50,0.00
2026-05-15T21:09:17.438753,37.50,40.00,28.60,0.00
2026-05-15T21:09:17.539423,28.60,16.70,37.50,0.00
2026-05-15T21:09:17.640008,33.30,16.70,25.00,11.10
2026-05-15T21:09:17.740705,28.60,33.30,37.50,0.00
2026-05-15T21:09:17.841288,37.50,28.60,16.70,0.00
2026-05-15T21:09:17.941820,37.50,16.70,16.70,0.00
2026-05-15T21:09:18.042415,28.60,25.00,28.60,0.00
2026-05-15T21:09:18.143021,37.50,37.50,33.30,0.00
2026-05-15T21:09:18.243795,28.60,28.60,28.60,20.00
2026-05-15T21:09:18.344445,50.00,14.30,44.40,0.00
2026-05-15T21:09:18.444940,28.60,37.50,37.50,11.10
2026-05-15T21:09:18.545607,37.50,37.50,28.60,0.00
2026-05-15T21:09:18.646270,42.90,33.30,28.60,0.00
2026-05-15T21:09:18.746959,37.50,28.60,28.60,0.00
2026-05-15T21:09:18.847703,37.50,16.70,44.40,0.00
2026-05-15T21:09:18.948274,50.00,25.00,37.50,0.00
2026-05-15T21:09:19.048877,28.60,28.60,28.60,0.00
2026-05-15T21:09:19.149601,37.50,37.50,37.50,0.00
2026-05-15T21:09:19.250116,44.40,25.00,28.60,11.10
2026-05-15T21:09:19.350670,28.60,16.70,37.50,0.00
2026-05-15T21:09:19.451232,42.90,25.00,28.60,11.10
2026-05-15T21:09:19.551829,37.50,28.60,25.00,0.00
2026-05-15T21:09:19.652601,28.60,28.60,37.50,11.10
2026-05-15T21:09:19.753239,37.50,33.30,37.50,0.00
2026-05-15T21:09:19.853839,42.90,28.60,28.60,0.00
2026-05-15T21:09:19.954523,37.50,25.00,28.60,0.00
2026-05-15T21:09:20.054979,37.50,37.50,37.50,0.00
2026-05-15T21:09:20.155720,37.50,25.00,37.50,11.10
2026-05-15T21:09:20.256318,37.50,16.70,14.30,0.00
2026-05-15T21:09:20.356949,33.30,37.50,37.50,0.00
2026-05-15T21:09:20.457690,37.50,25.00,37.50,0.00
2026-05-15T21:09:20.558302,44.40,28.60,28.60,0.00
2026-05-15T21:09:20.658919,37.50,37.50,37.50,11.10
2026-05-15T21:09:20.759589,20.00,28.60,37.50,30.00
2026-05-15T21:09:20.860075,50.00,37.50,16.70,0.00
2026-05-15T21:09:20.960704,37.50,37.50,28.60,0.00
2026-05-15T21:09:21.061331,37.50,25.00,25.00,0.00
2026-05-15T21:09:21.162068,42.90,37.50,28.60,0.00
2026-05-15T21:09:21.262724,28.60,37.50,44.40,0.00
2026-05-15T21:09:21.363343,50.00,14.30,16.70,0.00
2026-05-15T21:09:21.464023,33.30,44.40,37.50,0.00
2026-05-15T21:09:21.564801,37.50,28.60,37.50,0.00
2026-05-15T21:09:21.665421,44.40,25.00,28.60,11.10
2026-05-15T21:09:21.765972,50.00,16.70,37.50,11.10
2026-05-15T21:09:21.866634,28.60,44.40,44.40,0.00
2026-05-15T21:09:21.967159,44.40,16.70,28.60,10.00
2026-05-15T21:09:22.067893,33.30,25.00,25.00,0.00
2026-05-15T21:09:22.168534,37.50,16.70,28.60,0.00
2026-05-15T21:09:22.269182,16.70,37.50,28.60,0.00
2026-05-15T21:09:22.369869,28.60,14.30,37.50,0.00
2026-05-15T21:09:22.470497,44.40,37.50,28.60,10.00
2026-05-15T21:09:22.571013,28.60,25.00,16.70,0.00
2026-05-15T21:09:22.671837,37.50,28.60,37.50,0.00
2026-05-15T21:09:22.772543,44.40,28.60,25.00,0.00
2026-05-15T21:09:22.873143,33.30,33.30,28.60,0.00
2026-05-15T21:09:22.973876,28.60,16.70,28.60,10.00
2026-05-15T21:09:23.074496,37.50,40.00,37.50,0.00
2026-05-15T21:09:23.175011,44.40,28.60,37.50,11.10
2026-05-15T21:09:23.275667,37.50,44.40,28.60,11.10
2026-05-15T21:09:23.376212,37.50,0.00,16.70,0.00
2026-05-15T21:09:23.477001,42.90,28.60,28.60,11.10
2026-05-15T21:09:23.577687,28.60,33.30,25.00,0.00
2026-05-15T21:09:23.678234,37.50,16.70,37.50,0.00
2026-05-15T21:09:23.778889,37.50,14.30,28.60,11.10
2026-05-15T21:09:23.879582,37.50,44.40,28.60,11.10
2026-05-15T21:09:23.980192,28.60,14.30,16.70,11.10
2026-05-15T21:09:24.080827,37.50,37.50,28.60,0.00
2026-05-15T21:09:24.181380,28.60,28.60,37.50,11.10
2026-05-15T21:09:24.282012,42.90,40.00,28.60,0.00
2026-05-15T21:09:24.382729,37.50,16.70,28.60,0.00
2026-05-15T21:09:24.483391,44.40,44.40,28.60,0.00
2026-05-15T21:09:24.584025,28.60,37.50,37.50,11.10
2026-05-15T21:09:24.684864,50.00,25.00,37.50,0.00
2026-05-15T21:09:24.785534,28.60,37.50,44.40,0.00
2026-05-15T21:09:24.886124,28.60,28.60,37.50,10.00
2026-05-15T21:09:24.986698,28.60,14.30,25.00,0.00
2026-05-15T21:09:25.087199,25.00,30.00,0.00,0.00
2026-05-15T21:09:25.187720,0.00,14.30,25.00,0.00
2026-05-15T21:09:25.288310,33.30,14.30,14.30,18.20
2026-05-15T21:09:25.388811,14.30,12.50,22.20,0.00
2026-05-15T21:09:25.489384,0.00,12.50,0.00,0.00
2026-05-15T21:09:25.589936,22.20,12.50,12.50,0.00
2026-05-15T21:09:25.690482,0.00,14.30,14.30,0.00
2026-05-15T21:09:25.791147,25.00,0.00,12.50,0.00
2026-05-15T21:09:25.891723,25.00,33.30,0.00,0.00
2026-05-15T21:09:25.992362,12.50,0.00,12.50,0.00
2026-05-15T21:09:26.092865,14.30,12.50,25.00,0.00
2026-05-15T21:09:26.193580,25.00,25.00,14.30,0.00
2026-05-15T21:09:26.294055,25.00,0.00,22.20,10.00
2026-05-15T21:09:26.394655,14.30,25.00,0.00,0.00
2026-05-15T21:09:26.495133,12.50,0.00,12.50,0.00
2026-05-15T21:09:26.595798,25.00,22.20,25.00,0.00
2026-05-15T21:09:26.696383,14.30,14.30,22.20,0.00
2026-05-15T21:09:26.796878,25.00,12.50,0.00,0.00
2026-05-15T21:09:26.897548,0.00,12.50,14.30,0.00
2026-05-15T21:09:26.998017,30.00,0.00,12.50,10.00
2026-05-15T21:09:27.098672,0.00,22.20,14.30,0.00
2026-05-15T21:09:27.199232,14.30,12.50,0.00,0.00
2026-05-15T21:09:27.299800,25.00,25.00,14.30,11.10
2026-05-15T21:09:27.400443,14.30,0.00,14.30,0.00
2026-05-15T21:09:27.500923,12.50,22.20,22.20,0.00
2026-05-15T21:09:27.601500,14.30,0.00,14.30,0.00
2026-05-15T21:09:27.702012,25.00,0.00,0.00,0.00
2026-05-15T21:09:27.802538,0.00,33.30,25.00,0.00
2026-05-15T21:09:27.903042,33.30,0.00,12.50,0.00
2026-05-15T21:09:28.003617,14.30,12.50,0.00,0.00
2026-05-15T21:09:28.104143,14.30,14.30,22.20,0.00
2026-05-15T21:09:28.204667,25.00,12.50,14.30,0.00
2026-05-15T21:09:28.305271,12.50,0.00,25.00,0.00
2026-05-15T21:09:28.405907,25.00,22.20,12.50,0.00
2026-05-15T21:09:28.506534,14.30,22.20,0.00,10.00
2026-05-15T21:09:28.607016,25.00,0.00,22.20,0.00
2026-05-15T21:09:28.707700,14.30,12.50,14.30,0.00
2026-05-15T21:09:28.808243,14.30,14.30,12.50,0.00
2026-05-15T21:09:28.908738,0.00,12.50,0.00,0.00
2026-05-15T21:09:29.009374,25.00,0.00,12.50,11.10
2026-05-15T21:09:29.109922,33.30,14.30,14.30,0.00
2026-05-15T21:09:29.210607,0.00,12.50,12.50,0.00
2026-05-15T21:09:29.311046,25.00,22.20,25.00,0.00
2026-05-15T21:09:29.411578,25.00,0.00,0.00,0.00
2026-05-15T21:09:29.512039,14.30,22.20,12.50,0.00
2026-05-15T21:09:29.612798,14.30,14.30,14.30,0.00
2026-05-15T21:09:29.713361,12.50,12.50,0.00,11.10
2026-05-15T21:09:29.813828,14.30,0.00,25.00,0.00
2026-05-15T21:09:29.914329,14.30,22.20,0.00,0.00
2026-05-15T21:09:30.014874,22.20,0.00,25.00,0.00
2026-05-15T21:09:30.115466,14.30,0.00,12.50,0.00
2026-05-15T21:09:30.215997,25.00,22.20,14.30,0.00
2026-05-15T21:09:30.316565,0.00,14.30,22.20,10.00
2026-05-15T21:09:30.417045,14.30,12.50,0.00,11.10
2026-05-15T21:09:30.517692,14.30,22.20,12.50,0.00
2026-05-15T21:09:30.618256,12.50,14.30,25.00,0.00
2026-05-15T21:09:30.718727,25.00,12.50,0.00,0.00
2026-05-15T21:09:30.819344,14.30,33.30,25.00,12.50
2026-05-15T21:09:30.919854,25.00,0.00,0.00,0.00
2026-05-15T21:09:31.020451,25.00,0.00,12.50,0.00
2026-05-15T21:09:31.120996,12.50,22.20,0.00,0.00
2026-05-15T21:09:31.221572,14.30,0.00,12.50,20.00
2026-05-15T21:09:31.322174,14.30,22.20,14.30,0.00
2026-05-15T21:09:31.422672,12.50,14.30,25.00,0.00
2026-05-15T21:09:31.523184,14.30,12.50,22.20,0.00
2026-05-15T21:09:31.623715,14.30,12.50,14.30,0.00
2026-05-15T21:09:31.724268,14.30,12.50,12.50,0.00
2026-05-15T21:09:31.824887,22.20,14.30,22.20,0.00
2026-05-15T21:09:31.925680,0.00,12.50,14.30,0.00
2026-05-15T21:09:32.026335,14.30,12.50,0.00,0.00
2026-05-15T21:09:32.127134,22.20,0.00,14.30,0.00
2026-05-15T21:09:32.227754,14.30,0.00,0.00,0.00
2026-05-15T21:09:32.328365,14.30,30.00,14.30,0.00
2026-05-15T21:09:32.428900,14.30,12.50,12.50,0.00
2026-05-15T21:09:32.529528,22.20,0.00,14.30,0.00
2026-05-15T21:09:32.630007,14.30,12.50,22.20,10.00
2026-05-15T21:09:32.730723,25.00,25.00,14.30,0.00
2026-05-15T21:09:32.831332,12.50,0.00,12.50,10.00
2026-05-15T21:09:32.931860,14.30,12.50,0.00,0.00
2026-05-15T21:09:33.032514,14.30,25.00,22.20,0.00
2026-05-15T21:09:33.133132,12.50,12.50,0.00,0.00
2026-05-15T21:09:33.233648,0.00,12.50,12.50,0.00
2026-05-15T21:09:33.334156,25.00,14.30,0.00,0.00
2026-05-15T21:09:33.434749,12.50,0.00,22.20,10.00
2026-05-15T21:09:33.535342,14.30,12.50,0.00,0.00
2026-05-15T21:09:33.635928,22.20,14.30,0.00,0.00
2026-05-15T21:09:33.736509,14.30,22.20,12.50,0.00
2026-05-15T21:09:33.836960,14.30,0.00,14.30,0.00
2026-05-15T21:09:33.937553,12.50,0.00,12.50,0.00
2026-05-15T21:09:34.038043,25.00,0.00,25.00,0.00
2026-05-15T21:09:34.138719,0.00,22.20,12.50,0.00
2026-05-15T21:09:34.239337,14.30,0.00,14.30,0.00
2026-05-15T21:09:34.339911,25.00,22.20,25.00,10.00
2026-05-15T21:09:34.440618,12.50,0.00,0.00,0.00
2026-05-15T21:09:34.541117,33.30,25.00,14.30,10.00
2026-05-15T21:09:34.641747,14.30,12.50,12.50,0.00
2026-05-15T21:09:34.742338,0.00,12.50,14.30,0.00
2026-05-15T21:09:34.842849,25.00,0.00,0.00,0.00
2026-05-15T21:09:34.943430,0.00,14.30,12.50,0.00
2026-05-15T21:09:35.043957,22.20,12.50,14.30,0.00
2026-05-15T21:09:35.144642,0.00,12.50,22.20,0.00
2026-05-15T21:09:35.245254,22.20,14.30,14.30,11.10
2026-05-15T21:09:35.345827,14.30,22.20,0.00,11.10
2026-05-15T21:09:35.446384,14.30,0.00,12.50,0.00
2026-05-15T21:09:35.546908,14.30,25.00,12.50,0.00
2026-05-15T21:09:35.647734,25.00,0.00,25.00,10.00
2026-05-15T21:09:35.748407,22.20,12.50,25.00,0.00
2026-05-15T21:09:35.849187,0.00,14.30,0.00,0.00
2026-05-15T21:09:35.949820,25.00,22.20,25.00,0.00
2026-05-15T21:09:36.050508,14.30,0.00,0.00,11.10
2026-05-15T21:09:36.151021,25.00,22.20,14.30,0.00
2026-05-15T21:09:36.251728,22.20,12.50,22.20,10.00
2026-05-15T21:09:36.352369,14.30,0.00,0.00,0.00
2026-05-15T21:09:36.452901,14.30,22.20,12.50,0.00
2026-05-15T21:09:36.553541,25.00,0.00,25.00,0.00
2026-05-15T21:09:36.654035,12.50,22.20,0.00,0.00
2026-05-15T21:09:36.754667,14.30,12.50,25.00,0.00
2026-05-15T21:09:36.855208,25.00,14.30,0.00,0.00
2026-05-15T21:09:36.955898,25.00,22.20,22.20,0.00
2026-05-15T21:09:37.056525,14.30,0.00,14.30,10.00
2026-05-15T21:09:37.156980,0.00,0.00,12.50,0.00
2026-05-15T21:09:37.257712,33.30,25.00,33.30,0.00
2026-05-15T21:09:37.358256,14.30,12.50,0.00,0.00
2026-05-15T21:09:37.458832,25.00,0.00,14.30,0.00
2026-05-15T21:09:37.559635,12.50,14.30,12.50,0.00
2026-05-15T21:09:37.660251,0.00,0.00,14.30,10.00
2026-05-15T21:09:37.760814,22.20,22.20,22.20,0.00
2026-05-15T21:09:37.861338,0.00,0.00,0.00,0.00
2026-05-15T21:09:37.961884,25.00,14.30,0.00,0.00
2026-05-15T21:09:38.062500,12.50,12.50,14.30,0.00
2026-05-15T21:09:38.162996,25.00,12.50,12.50,11.10
2026-05-15T21:09:38.263566,0.00,12.50,0.00,0.00
2026-05-15T21:09:38.364025,14.30,0.00,12.50,0.00
2026-05-15T21:09:38.464617,12.50,22.20,0.00,0.00
2026-05-15T21:09:38.565129,25.00,12.50,22.20,10.00
2026-05-15T21:09:38.665624,14.30,0.00,0.00,0.00
2026-05-15T21:09:38.766159,0.00,12.50,12.50,10.00
2026-05-15T21:09:38.866698,25.00,12.50,14.30,0.00
2026-05-15T21:09:38.967316,12.50,12.50,0.00,0.00
2026-05-15T21:09:39.067906,14.30,25.00,33.30,0.00
2026-05-15T21:09:39.168536,25.00,0.00,12.50,0.00
2026-05-15T21:09:39.269002,14.30,22.20,14.30,0.00
2026-05-15T21:09:39.369674,0.00,0.00,12.50,0.00
2026-05-15T21:09:39.470300,25.00,12.50,14.30,0.00
2026-05-15T21:09:39.570816,25.00,12.50,0.00,0.00
2026-05-15T21:09:39.671578,12.50,25.00,14.30,10.00
2026-05-15T21:09:39.772219,14.30,12.50,12.50,0.00
2026-05-15T21:09:39.872818,14.30,0.00,0.00,0.00
2026-05-15T21:09:39.973399,12.50,25.00,22.20,0.00
2026-05-15T21:09:40.073997,37.50,25.00,37.50,0.00
2026-05-15T21:09:40.174692,28.60,14.30,14.30,0.00
2026-05-15T21:09:40.275301,25.00,25.00,25.00,0.00
2026-05-15T21:09:40.375860,28.60,25.00,37.50,11.10
2026-05-15T21:09:40.476482,37.50,16.70,25.00,0.00
2026-05-15T21:09:40.577020,37.50,33.30,14.30,0.00
2026-05-15T21:09:40.677689,16.70,25.00,28.60,0.00
2026-05-15T21:09:40.778303,28.60,28.60,44.40,20.00
2026-05-15T21:09:40.878898,14.30,14.30,14.30,0.00
2026-05-15T21:09:40.979602,37.50,25.00,14.30,0.00
2026-05-15T21:09:41.080236,25.00,14.30,14.30,11.10
2026-05-15T21:09:41.180744,16.70,33.30,28.60,0.00
2026-05-15T21:09:41.281463,37.50,14.30,33.30,0.00
2026-05-15T21:09:41.382033,37.50,16.70,28.60,0.00
2026-05-15T21:09:41.482711,14.30,14.30,25.00,0.00
2026-05-15T21:09:41.583342,37.50,25.00,14.30,10.00
2026-05-15T21:09:41.683864,28.60,25.00,16.70,0.00
2026-05-15T21:09:41.784424,28.60,25.00,25.00,0.00
2026-05-15T21:09:41.885131,33.30,28.60,28.60,0.00
2026-05-15T21:09:41.985846,16.70,14.30,0.00,0.00
2026-05-15T21:09:42.086523,28.60,25.00,25.00,18.20
2026-05-15T21:09:42.187179,25.00,33.30,16.70,0.00
2026-05-15T21:09:42.287785,37.50,0.00,25.00,0.00
2026-05-15T21:09:42.388373,28.60,25.00,33.30,0.00
2026-05-15T21:09:42.489069,25.00,14.30,25.00,11.10
2026-05-15T21:09:42.589661,28.60,25.00,28.60,0.00
2026-05-15T21:09:42.690342,40.00,33.30,25.00,0.00
2026-05-15T21:09:42.790964,28.60,28.60,16.70,0.00
2026-05-15T21:09:42.891733,28.60,25.00,14.30,10.00
2026-05-15T21:09:42.992573,33.30,14.30,37.50,0.00
2026-05-15T21:09:43.093243,37.50,25.00,33.30,0.00
2026-05-15T21:09:43.193832,28.60,14.30,25.00,0.00
2026-05-15T21:09:43.294561,28.60,28.60,16.70,0.00
2026-05-15T21:09:43.395401,25.00,25.00,14.30,10.00
2026-05-15T21:09:43.495928,37.50,14.30,25.00,0.00
2026-05-15T21:09:43.596523,28.60,33.30,37.50,0.00
2026-05-15T21:09:43.697304,33.30,14.30,25.00,10.00
2026-05-15T21:09:43.797928,28.60,33.30,14.30,0.00
2026-05-15T21:09:43.898588,37.50,25.00,33.30,0.00
2026-05-15T21:09:43.999210,33.30,25.00,37.50,0.00
2026-05-15T21:09:44.099995,37.50,33.30,25.00,0.00
2026-05-15T21:09:44.200673,33.30,33.30,25.00,11.10
2026-05-15T21:09:44.301237,37.50,44.40,37.50,0.00
2026-05-15T21:09:44.401928,25.00,14.30,14.30,0.00
2026-05-15T21:09:44.502738,28.60,14.30,25.00,0.00
2026-05-15T21:09:44.603486,25.00,33.30,28.60,10.00
2026-05-15T21:09:44.704188,37.50,14.30,25.00,0.00
2026-05-15T21:09:44.804894,16.70,25.00,14.30,0.00
2026-05-15T21:09:44.905537,25.00,0.00,25.00,0.00
2026-05-15T21:09:45.006229,14.30,28.60,0.00,0.00
2026-05-15T21:09:45.106719,28.60,25.00,33.30,11.10
2026-05-15T21:09:45.207256,28.60,14.30,33.30,0.00
2026-05-15T21:09:45.307843,37.50,33.30,28.60,27.30
2026-05-15T21:09:45.408529,25.00,16.70,14.30,0.00
2026-05-15T21:09:45.509096,37.50,25.00,28.60,0.00
2026-05-15T21:09:45.609698,28.60,14.30,0.00,0.00
2026-05-15T21:09:45.710172,25.00,25.00,25.00,0.00
2026-05-15T21:09:45.810865,28.60,33.30,28.60,0.00
2026-05-15T21:09:45.911574,37.50,16.70,37.50,11.10
2026-05-15T21:09:46.012021,28.60,33.30,25.00,0.00
2026-05-15T21:09:46.112837,25.00,25.00,25.00,10.00
2026-05-15T21:09:46.213492,28.60,14.30,16.70,0.00
2026-05-15T21:09:46.314039,16.70,25.00,25.00,0.00
2026-05-15T21:09:46.414597,25.00,33.30,33.30,0.00
2026-05-15T21:09:46.515144,44.40,14.30,28.60,0.00
2026-05-15T21:09:46.615817,28.60,25.00,25.00,10.00
2026-05-15T21:09:46.716450,25.00,28.60,14.30,11.10
2026-05-15T21:09:46.816983,28.60,25.00,28.60,0.00
2026-05-15T21:09:46.917612,25.00,25.00,25.00,0.00
2026-05-15T21:09:47.018199,28.60,25.00,25.00,0.00
2026-05-15T21:09:47.118927,44.40,14.30,28.60,0.00
2026-05-15T21:09:47.219750,25.00,25.00,25.00,11.10
2026-05-15T21:09:47.320415,28.60,37.50,25.00,0.00
2026-05-15T21:09:47.420938,37.50,25.00,16.70,0.00
2026-05-15T21:09:47.521650,28.60,25.00,33.30,0.00
2026-05-15T21:09:47.622201,25.00,14.30,14.30,11.10
2026-05-15T21:09:47.722733,28.60,37.50,33.30,0.00
2026-05-15T21:09:47.823342,37.50,14.30,28.60,0.00
2026-05-15T21:09:47.923945,25.00,33.30,14.30,0.00
2026-05-15T21:09:48.024594,28.60,25.00,14.30,0.00
2026-05-15T21:09:48.125145,16.70,14.30,37.50,10.00
2026-05-15T21:09:48.225781,25.00,28.60,25.00,0.00
2026-05-15T21:09:48.326414,28.60,25.00,28.60,0.00
2026-05-15T21:09:48.426976,37.50,25.00,25.00,0.00
2026-05-15T21:09:48.527710,28.60,0.00,0.00,0.00
2026-05-15T21:09:48.628329,40.00,37.50,37.50,11.10
2026-05-15T21:09:48.728944,28.60,25.00,25.00,11.10
2026-05-15T21:09:48.829689,28.60,14.30,28.60,0.00
2026-05-15T21:09:48.930278,25.00,40.00,33.30,0.00
2026-05-15T21:09:49.030821,16.70,0.00,25.00,0.00
2026-05-15T21:09:49.131559,33.30,28.60,28.60,0.00
2026-05-15T21:09:49.232246,28.60,33.30,14.30,11.10
2026-05-15T21:09:49.332862,37.50,14.30,25.00,0.00
2026-05-15T21:09:49.433602,25.00,25.00,16.70,0.00
2026-05-15T21:09:49.534236,37.50,16.70,25.00,11.10
2026-05-15T21:09:49.634918,28.60,25.00,28.60,10.00
2026-05-15T21:09:49.735472,37.50,14.30,25.00,0.00
2026-05-15T21:09:49.836179,25.00,14.30,16.70,0.00
2026-05-15T21:09:49.936902,28.60,33.30,25.00,0.00
2026-05-15T21:09:50.037756,28.60,28.60,25.00,0.00
2026-05-15T21:09:50.138374,33.30,14.30,16.70,10.00
2026-05-15T21:09:50.238976,28.60,25.00,25.00,0.00
2026-05-15T21:09:50.339622,25.00,16.70,14.30,0.00
2026-05-15T21:09:50.440223,28.60,33.30,28.60,10.00
2026-05-15T21:09:50.540863,28.60,25.00,25.00,0.00
2026-05-15T21:09:50.641750,25.00,25.00,28.60,11.10
2026-05-15T21:09:50.742532,44.40,25.00,25.00,0.00
2026-05-15T21:09:50.843141,37.50,16.70,16.70,12.50
2026-05-15T21:09:50.943754,25.00,14.30,25.00,0.00
2026-05-15T21:09:51.044466,37.50,33.30,33.30,0.00
2026-05-15T21:09:51.145172,37.50,14.30,16.70,0.00
2026-05-15T21:09:51.245809,25.00,14.30,33.30,11.10
2026-05-15T21:09:51.346483,37.50,14.30,14.30,10.00
2026-05-15T21:09:51.446999,16.70,28.60,16.70,0.00
2026-05-15T21:09:51.547743,37.50,33.30,33.30,0.00
2026-05-15T21:09:51.648377,33.30,25.00,16.70,0.00
2026-05-15T21:09:51.748917,37.50,0.00,25.00,0.00
2026-05-15T21:09:51.849600,37.50,44.40,28.60,10.00
2026-05-15T21:09:51.950181,16.70,25.00,25.00,0.00
2026-05-15T21:09:52.050856,25.00,14.30,25.00,0.00
2026-05-15T21:09:52.151457,28.60,33.30,28.60,0.00
2026-05-15T21:09:52.252060,37.50,14.30,14.30,11.10
2026-05-15T21:09:52.352781,25.00,37.50,33.30,0.00
2026-05-15T21:09:52.453447,37.50,25.00,28.60,11.10
2026-05-15T21:09:52.553962,37.50,14.30,14.30,0.00
2026-05-15T21:09:52.654855,14.30,28.60,37.50,0.00
2026-05-15T21:09:52.755403,28.60,33.30,25.00,0.00
2026-05-15T21:09:52.856047,33.30,0.00,14.30,0.00
2026-05-15T21:09:52.956784,16.70,33.30,28.60,0.00
2026-05-15T21:09:53.057464,44.40,0.00,0.00,0.00
2026-05-15T21:09:53.157977,14.30,25.00,33.30,10.00
2026-05-15T21:09:53.258609,37.50,37.50,16.70,11.10
2026-05-15T21:09:53.359072,28.60,14.30,37.50,0.00
2026-05-15T21:09:53.459745,37.50,25.00,25.00,0.00
2026-05-15T21:09:53.560438,28.60,25.00,14.30,11.10
2026-05-15T21:09:53.660970,33.30,37.50,16.70,0.00
2026-05-15T21:09:53.761670,37.50,14.30,25.00,10.00
2026-05-15T21:09:53.862306,33.30,25.00,25.00,0.00
2026-05-15T21:09:53.963023,28.60,14.30,28.60,0.00
2026-05-15T21:09:54.063744,28.60,33.30,33.30,0.00
2026-05-15T21:09:54.164408,50.00,25.00,28.60,0.00
2026-05-15T21:09:54.265046,25.00,28.60,14.30,0.00
2026-05-15T21:09:54.365704,16.70,14.30,28.60,0.00
2026-05-15T21:09:54.466237,44.40,33.30,25.00,0.00
2026-05-15T21:09:54.566810,28.60,25.00,28.60,11.10
2026-05-15T21:09:54.667395,25.00,16.70,33.30,0.00
2026-05-15T21:09:54.767898,28.60,25.00,14.30,0.00
2026-05-15T21:09:54.868878,16.70,14.30,37.50,11.10
2026-05-15T21:09:54.969592,33.30,33.30,33.30,0.00
2026-05-15T21:09:55.070063,14.30,0.00,0.00,10.00
2026-05-15T21:09:55.170613,12.50,22.20,14.30,0.00
2026-05-15T21:09:55.271046,0.00,0.00,12.50,0.00
2026-05-15T21:09:55.371661,40.00,22.20,14.30,10.00
2026-05-15T21:09:55.472217,12.50,0.00,0.00,0.00
2026-05-15T21:09:55.572749,14.30,22.20,22.20,0.00
2026-05-15T21:09:55.673410,22.20,25.00,0.00,0.00
2026-05-15T21:09:55.773906,25.00,12.50,12.50,0.00
2026-05-15T21:09:55.874538,14.30,12.50,14.30,11.10
2026-05-15T21:09:55.974984,12.50,0.00,0.00,0.00
2026-05-15T21:09:56.075625,25.00,25.00,25.00,0.00
2026-05-15T21:09:56.176333,14.30,22.20,22.20,0.00
2026-05-15T21:09:56.276864,12.50,12.50,14.30,0.00
2026-05-15T21:09:56.377421,14.30,25.00,12.50,0.00
2026-05-15T21:09:56.477909,22.20,0.00,14.30,10.00
2026-05-15T21:09:56.578529,0.00,12.50,0.00,0.00
2026-05-15T21:09:56.679024,12.50,12.50,12.50,0.00
2026-05-15T21:09:56.779576,14.30,12.50,12.50,0.00
2026-05-15T21:09:56.880083,22.20,0.00,0.00,10.00
2026-05-15T21:09:56.980625,14.30,12.50,22.20,0.00
2026-05-15T21:09:57.081169,25.00,12.50,12.50,0.00
2026-05-15T21:09:57.181709,0.00,0.00,0.00,0.00
2026-05-15T21:09:57.282122,14.30,0.00,22.20,0.00
2026-05-15T21:09:57.382680,14.30,22.20,0.00,0.00
2026-05-15T21:09:57.483194,22.20,12.50,25.00,0.00
2026-05-15T21:09:57.583817,14.30,0.00,12.50,0.00
2026-05-15T21:09:57.684472,12.50,12.50,0.00,10.00
2026-05-15T21:09:57.784973,33.30,12.50,25.00,0.00
2026-05-15T21:09:57.885621,0.00,12.50,0.00,0.00
2026-05-15T21:09:57.986150,22.20,12.50,14.30,0.00
2026-05-15T21:09:58.086677,0.00,25.00,12.50,0.00
2026-05-15T21:09:58.187321,22.20,22.20,0.00,0.00
2026-05-15T21:09:58.287839,14.30,0.00,25.00,0.00
2026-05-15T21:09:58.388371,14.30,0.00,12.50,0.00
2026-05-15T21:09:58.488976,22.20,12.50,14.30,0.00
2026-05-15T21:09:58.589606,25.00,14.30,22.20,0.00
2026-05-15T21:09:58.690122,0.00,12.50,0.00,0.00
2026-05-15T21:09:58.790600,12.50,12.50,0.00,10.00
2026-05-15T21:09:58.891103,25.00,14.30,12.50,0.00
2026-05-15T21:09:58.991699,0.00,0.00,25.00,0.00
2026-05-15T21:09:59.092189,25.00,22.20,0.00,0.00
2026-05-15T21:09:59.192721,25.00,0.00,0.00,0.00
2026-05-15T21:09:59.293301,0.00,0.00,25.00,10.00
2026-05-15T21:09:59.393877,25.00,22.20,12.50,0.00
2026-05-15T21:09:59.494578,12.50,0.00,0.00,0.00
2026-05-15T21:09:59.595039,14.30,12.50,0.00,10.00
2026-05-15T21:09:59.695653,25.00,30.00,30.00,0.00
2026-05-15T21:09:59.796153,22.20,0.00,0.00,0.00
2026-05-15T21:09:59.896841,0.00,14.30,12.50,0.00
2026-05-15T21:09:59.997500,12.50,12.50,14.30,0.00
2026-05-15T21:10:00.098121,14.30,0.00,0.00,0.00
2026-05-15T21:10:00.198680,12.50,12.50,0.00,0.00
2026-05-15T21:10:00.299299,14.30,22.20,14.30,0.00
2026-05-15T21:10:00.399995,12.50,14.30,12.50,0.00
2026-05-15T21:10:00.500548,33.30,12.50,25.00,0.00
2026-05-15T21:10:00.601009,14.30,0.00,12.50,0.00
2026-05-15T21:10:00.701583,14.30,14.30,12.50,0.00
2026-05-15T21:10:00.802077,25.00,12.50,25.00,27.30
2026-05-15T21:10:00.902740,12.50,22.20,0.00,0.00
2026-05-15T21:10:01.003299,14.30,12.50,30.00,0.00
2026-05-15T21:10:01.103944,14.30,0.00,12.50,0.00
2026-05-15T21:10:01.204540,12.50,22.20,0.00,0.00
2026-05-15T21:10:01.305034,14.30,0.00,12.50,0.00
2026-05-15T21:10:01.405650,25.00,14.30,14.30,0.00
2026-05-15T21:10:01.506111,12.50,12.50,0.00,0.00
2026-05-15T21:10:01.606606,14.30,12.50,22.20,0.00
2026-05-15T21:10:01.707121,0.00,12.50,25.00,0.00
2026-05-15T21:10:01.807741,25.00,0.00,12.50,0.00
2026-05-15T21:10:01.908348,0.00,14.30,14.30,0.00
2026-05-15T21:10:02.008929,25.00,12.50,0.00,10.00
2026-05-15T21:10:02.109579,14.30,22.20,22.20,0.00
2026-05-15T21:10:02.210048,0.00,0.00,12.50,0.00
2026-05-15T21:10:02.310689,25.00,30.00,0.00,0.00
2026-05-15T21:10:02.411279,12.50,14.30,22.20,0.00
2026-05-15T21:10:02.511929,14.30,0.00,14.30,0.00
2026-05-15T21:10:02.612688,14.30,22.20,0.00,0.00
2026-05-15T21:10:02.713278,22.20,0.00,25.00,10.00
2026-05-15T21:10:02.813862,14.30,22.20,0.00,0.00
2026-05-15T21:10:02.914397,0.00,14.30,12.50,0.00
2026-05-15T21:10:03.014966,25.00,12.50,33.30,0.00
2026-05-15T21:10:03.115595,14.30,12.50,12.50,10.00
2026-05-15T21:10:03.216194,12.50,0.00,14.30,0.00
2026-05-15T21:10:03.316859,25.00,33.30,22.20,0.00
2026-05-15T21:10:03.417452,33.30,0.00,14.30,0.00
2026-05-15T21:10:03.517956,22.20,14.30,12.50,0.00
2026-05-15T21:10:03.618599,14.30,30.00,14.30,0.00
2026-05-15T21:10:03.719218,0.00,0.00,12.50,11.10
2026-05-15T21:10:03.819866,25.00,25.00,25.00,0.00
2026-05-15T21:10:03.920459,14.30,0.00,0.00,10.00
2026-05-15T21:10:04.021005,12.50,22.20,12.50,0.00
2026-05-15T21:10:04.121577,25.00,12.50,0.00,0.00
2026-05-15T21:10:04.222168,14.30,0.00,22.20,0.00
2026-05-15T21:10:04.322635,12.50,25.00,25.00,0.00
2026-05-15T21:10:04.423190,25.00,12.50,12.50,0.00
2026-05-15T21:10:04.523691,0.00,0.00,12.50,0.00
2026-05-15T21:10:04.624232,12.50,25.00,14.30,0.00
2026-05-15T21:10:04.724898,14.30,12.50,12.50,0.00
2026-05-15T21:10:04.825521,22.20,0.00,14.30,0.00
2026-05-15T21:10:04.926052,14.30,22.20,0.00,0.00
2026-05-15T21:10:05.026598,14.30,0.00,22.20,0.00
2026-05-15T21:10:05.127137,12.50,22.20,0.00,0.00
2026-05-15T21:10:05.227821,14.30,0.00,22.20,0.00
2026-05-15T21:10:05.328430,14.30,22.20,12.50,10.00
2026-05-15T21:10:05.428969,22.20,0.00,14.30,11.10
2026-05-15T21:10:05.529659,0.00,0.00,0.00,0.00
2026-05-15T21:10:05.630201,14.30,25.00,12.50,0.00
2026-05-15T21:10:05.730800,12.50,0.00,14.30,0.00
2026-05-15T21:10:05.831331,25.00,0.00,0.00,0.00
2026-05-15T21:10:05.931905,0.00,33.30,14.30,0.00
2026-05-15T21:10:06.032442,30.00,12.50,22.20,0.00
2026-05-15T21:10:06.133025,25.00,12.50,0.00,10.00
2026-05-15T21:10:06.233574,0.00,0.00,12.50,0.00
2026-05-15T21:10:06.334146,0.00,25.00,12.50,0.00
2026-05-15T21:10:06.434864,25.00,0.00,25.00,0.00
2026-05-15T21:10:06.535581,12.50,0.00,12.50,0.00
2026-05-15T21:10:06.636055,25.00,22.20,14.30,11.10
2026-05-15T21:10:06.736739,0.00,12.50,0.00,0.00
2026-05-15T21:10:06.837353,25.00,14.30,25.00,0.00
2026-05-15T21:10:06.937902,0.00,12.50,0.00,10.00
2026-05-15T21:10:07.038466,12.50,12.50,22.20,0.00
2026-05-15T21:10:07.139043,14.30,0.00,0.00,0.00
2026-05-15T21:10:07.239663,22.20,0.00,22.20,0.00
2026-05-15T21:10:07.340179,0.00,22.20,14.30,0.00
2026-05-15T21:10:07.440686,22.20,12.50,12.50,0.00
2026-05-15T21:10:07.541237,0.00,12.50,0.00,0.00
2026-05-15T21:10:07.641865,25.00,12.50,22.20,0.00
2026-05-15T21:10:07.742409,0.00,12.50,12.50,0.00
2026-05-15T21:10:07.842944,12.50,0.00,12.50,0.00
2026-05-15T21:10:07.943434,28.60,25.00,14.30,11.10
2026-05-15T21:10:08.043916,12.50,0.00,0.00,0.00
2026-05-15T21:10:08.144632,14.30,25.00,14.30,10.00
2026-05-15T21:10:08.245288,25.00,12.50,0.00,0.00
2026-05-15T21:10:08.345857,25.00,0.00,25.00,0.00
2026-05-15T21:10:08.446463,12.50,0.00,0.00,11.10
2026-05-15T21:10:08.546947,14.30,22.20,12.50,0.00
2026-05-15T21:10:08.647601,12.50,0.00,14.30,0.00
2026-05-15T21:10:08.748063,14.30,22.20,0.00,0.00
2026-05-15T21:10:08.848708,0.00,12.50,22.20,0.00
2026-05-15T21:10:08.949208,22.20,0.00,14.30,0.00
2026-05-15T21:10:09.049797,0.00,12.50,12.50,0.00
2026-05-15T21:10:09.150384,30.00,22.20,22.20,0.00
2026-05-15T21:10:09.250907,0.00,12.50,25.00,0.00
2026-05-15T21:10:09.351586,14.30,14.30,0.00,11.10
2026-05-15T21:10:09.452151,22.20,0.00,0.00,0.00
2026-05-15T21:10:09.552724,14.30,22.20,22.20,0.00
2026-05-15T21:10:09.653249,14.30,0.00,0.00,10.00
2026-05-15T21:10:09.753990,12.50,12.50,12.50,0.00
2026-05-15T21:10:09.854576,14.30,14.30,30.00,0.00
2026-05-15T21:10:09.955067,12.50,12.50,0.00,0.00
2026-05-15T21:10:10.055925,77.80,62.50,62.50,0.00
2026-05-15T21:10:10.156882,81.80,66.70,70.00,12.50
2026-05-15T21:10:10.257736,77.80,66.70,66.70,0.00
2026-05-15T21:10:10.358592,90.00,75.00,77.80,12.50
2026-05-15T21:10:10.459392,77.80,70.00,77.80,12.50
2026-05-15T21:10:10.560185,84.60,62.50,80.00,0.00
2026-05-15T21:10:10.660933,75.00,62.50,62.50,22.20
2026-05-15T21:10:10.761664,81.80,75.00,75.00,22.20
2026-05-15T21:10:10.862381,90.00,66.70,77.80,25.00
2026-05-15T21:10:10.963036,77.80,77.80,70.00,0.00
2026-05-15T21:10:11.063894,80.00,66.70,77.80,12.50
2026-05-15T21:10:11.164605,88.90,77.80,70.00,0.00
2026-05-15T21:10:11.265376,80.00,62.50,75.00,12.50
2026-05-15T21:10:11.366020,77.80,80.00,62.50,22.20
2026-05-15T21:10:11.466990,80.00,66.70,77.80,12.50
2026-05-15T21:10:11.567688,90.00,77.80,75.00,0.00
2026-05-15T21:10:11.668331,70.00,66.70,66.70,12.50
2026-05-15T21:10:11.769008,77.80,66.70,62.50,0.00
2026-05-15T21:10:11.869936,80.00,62.50,66.70,12.50
2026-05-15T21:10:11.970803,90.00,80.00,75.00,0.00
2026-05-15T21:10:12.071588,70.00,57.10,70.00,12.50
2026-05-15T21:10:12.172377,80.00,66.70,57.10,0.00
2026-05-15T21:10:12.273002,77.80,62.50,80.00,11.10
2026-05-15T21:10:12.373679,88.90,72.70,75.00,0.00
2026-05-15T21:10:12.474329,81.80,77.80,70.00,12.50
2026-05-15T21:10:12.574998,77.80,57.10,75.00,12.50
2026-05-15T21:10:12.675885,90.00,77.80,77.80,0.00
2026-05-15T21:10:12.776858,77.80,70.00,70.00,12.50
2026-05-15T21:10:12.877598,80.00,62.50,75.00,0.00
2026-05-15T21:10:12.978394,75.00,77.80,66.70,12.50
2026-05-15T21:10:13.079243,90.90,70.00,75.00,0.00
2026-05-15T21:10:13.179835,80.00,71.40,66.70,28.60
2026-05-15T21:10:13.280639,80.00,70.00,77.80,12.50
2026-05-15T21:10:13.381309,88.90,62.50,77.80,12.50
2026-05-15T21:10:13.482229,80.00,77.80,70.00,12.50
2026-05-15T21:10:13.582918,77.80,66.70,71.40,0.00
2026-05-15T21:10:13.683652,80.00,75.00,80.00,12.50
2026-05-15T21:10:13.784455,77.80,70.00,75.00,12.50
2026-05-15T21:10:13.885200,88.90,62.50,70.00,0.00
2026-05-15T21:10:13.985922,70.00,57.10,62.50,0.00
2026-05-15T21:10:14.086812,90.00,77.80,77.80,12.50
2026-05-15T21:10:14.187524,80.00,62.50,70.00,12.50
2026-05-15T21:10:14.288275,77.80,66.70,71.40,12.50
2026-05-15T21:10:14.389487,90.00,77.80,75.00,12.50
2026-05-15T21:10:14.490322,80.00,66.70,66.70,0.00
2026-05-15T21:10:14.590992,77.80,57.10,70.00,0.00
2026-05-15T21:10:14.691778,66.70,66.70,71.40,12.50
2026-05-15T21:10:14.792570,81.80,62.50,66.70,11.10
2026-05-15T21:10:14.893629,77.80,77.80,66.70,0.00
2026-05-15T21:10:14.994277,80.00,62.50,66.70,12.50
2026-05-15T21:10:15.094966,80.00,66.70,80.00,0.00
2026-05-15T21:10:15.198859,88.90,75.00,77.80,12.50
2026-05-15T21:10:15.299598,81.80,66.70,77.80,33.30
2026-05-15T21:10:15.400493,87.50,71.40,62.50,12.50
2026-05-15T21:10:15.501218,80.00,80.00,77.80,0.00
2026-05-15T21:10:15.601879,80.00,66.70,77.80,22.20
2026-05-15T21:10:15.702696,80.00,75.00,70.00,12.50
2026-05-15T21:10:15.803500,75.00,70.00,75.00,12.50
2026-05-15T21:10:15.904285,80.00,62.50,66.70,22.20
2026-05-15T21:10:16.005208,90.00,75.00,77.80,0.00
2026-05-15T21:10:16.106221,75.00,70.00,66.70,12.50
2026-05-15T21:10:16.206864,80.00,66.70,80.00,12.50
2026-05-15T21:10:16.307593,80.00,71.40,77.80,0.00
2026-05-15T21:10:16.408156,87.50,70.00,70.00,12.50
2026-05-15T21:10:16.508992,80.00,62.50,75.00,22.20
2026-05-15T21:10:16.609815,81.80,66.70,66.70,0.00
2026-05-15T21:10:16.710548,77.80,75.00,80.00,12.50
2026-05-15T21:10:16.811263,81.80,70.00,75.00,12.50
2026-05-15T21:10:16.912172,90.00,75.00,66.70,0.00
2026-05-15T21:10:17.012865,75.00,70.00,75.00,11.10
2026-05-15T21:10:17.113844,83.30,62.50,70.00,12.50
2026-05-15T21:10:17.214616,75.00,66.70,66.70,12.50
2026-05-15T21:10:17.315300,80.00,75.00,75.00,12.50
2026-05-15T21:10:17.416061,88.90,62.50,80.00,12.50
2026-05-15T21:10:17.516883,80.00,70.00,70.00,12.50
2026-05-15T21:10:17.617633,90.00,75.00,77.80,0.00
2026-05-15T21:10:17.718646,81.80,77.80,77.80,12.50
2026-05-15T21:10:17.819536,77.80,72.70,66.70,0.00
2026-05-15T21:10:17.920062,77.80,50.00,57.10,0.00
2026-05-15T21:10:18.020894,72.70,60.00,70.00,12.50
2026-05-15T21:10:18.121740,88.90,75.00,75.00,11.10
2026-05-15T21:10:18.222518,66.70,62.50,66.70,12.50
2026-05-15T21:10:18.323174,80.00,66.70,70.00,0.00
2026-05-15T21:10:18.423996,75.00,57.10,71.40,20.00
2026-05-15T21:10:18.524976,90.00,70.00,62.50,0.00
2026-05-15T21:10:18.625829,80.00,71.40,77.80,0.00
2026-05-15T21:10:18.726643,80.00,66.70,77.80,12.50
2026-05-15T21:10:18.827457,88.90,77.80,66.70,0.00
2026-05-15T21:10:18.928385,72.70,55.60,75.00,22.20
2026-05-15T21:10:19.029047,77.80,71.40,66.70,0.00
2026-05-15T21:10:19.129865,88.90,72.70,80.00,0.00
2026-05-15T21:10:19.230578,80.00,62.50,62.50,22.20
2026-05-15T21:10:19.331285,87.50,75.00,80.00,0.00
2026-05-15T21:10:19.432160,81.80,70.00,71.40,12.50
2026-05-15T21:10:19.532938,77.80,57.10,70.00,0.00
2026-05-15T21:10:19.633746,90.00,66.70,66.70,12.50
2026-05-15T21:10:19.734406,70.00,75.00,77.80,0.00
2026-05-15T21:10:19.835271,90.00,66.70,66.70,0.00
2026-05-15T21:10:19.936244,77.80,77.80,75.00,12.50
2026-05-15T21:10:20.036984,80.00,57.10,66.70,12.50
2026-05-15T21:10:20.137849,80.00,70.00,66.70,11.10
2026-05-15T21:10:20.238619,75.00,62.50,62.50,0.00
2026-05-15T21:10:20.339610,81.80,77.80,80.00,22.20
2026-05-15T21:10:20.440557,77.80,70.00,75.00,12.50
2026-05-15T21:10:20.541284,77.80,66.70,66.70,0.00
2026-05-15T21:10:20.642220,81.80,75.00,75.00,12.50
2026-05-15T21:10:20.742899,77.80,77.80,80.00,12.50
2026-05-15T21:10:20.843740,90.00,66.70,77.80,25.00
2026-05-15T21:10:20.944588,80.00,75.00,77.80,12.50
2026-05-15T21:10:21.045412,88.90,72.70,66.70,0.00
2026-05-15T21:10:21.145963,80.00,62.50,71.40,12.50
2026-05-15T21:10:21.246954,77.80,71.40,66.70,30.00
2026-05-15T21:10:21.347714,83.30,66.70,80.00,12.50
2026-05-15T21:10:21.448487,77.80,75.00,75.00,0.00
2026-05-15T21:10:21.549303,88.90,70.00,70.00,12.50
2026-05-15T21:10:21.650007,80.00,66.70,77.80,0.00
2026-05-15T21:10:21.750915,80.00,66.70,62.50,12.50
2026-05-15T21:10:21.851870,77.80,70.00,77.80,0.00
2026-05-15T21:10:21.952640,88.90,62.50,57.10,12.50
2026-05-15T21:10:22.053596,70.00,75.00,75.00,11.10
2026-05-15T21:10:22.154208,90.00,70.00,70.00,12.50
2026-05-15T21:10:22.254924,66.70,70.00,77.80,0.00
2026-05-15T21:10:22.355660,90.00,71.40,70.00,12.50
2026-05-15T21:10:22.456421,80.00,70.00,77.80,0.00
2026-05-15T21:10:22.557183,81.80,62.50,62.50,11.10
2026-05-15T21:10:22.657969,75.00,57.10,62.50,12.50
2026-05-15T21:10:22.758719,88.90,72.70,80.00,12.50
2026-05-15T21:10:22.859455,80.00,66.70,75.00,22.20
2026-05-15T21:10:22.960035,80.00,71.40,70.00,0.00
2026-05-15T21:10:23.060681,77.80,66.70,66.70,12.50
2026-05-15T21:10:23.161426,80.00,66.70,75.00,12.50
2026-05-15T21:10:23.262252,80.00,75.00,70.00,12.50
2026-05-15T21:10:23.362975,81.80,70.00,75.00,14.30
2026-05-15T21:10:23.463853,75.00,71.40,80.00,0.00
2026-05-15T21:10:23.564619,80.00,66.70,66.70,12.50
2026-05-15T21:10:23.665314,87.50,66.70,62.50,22.20
2026-05-15T21:10:23.766002,81.80,80.00,77.80,0.00
2026-05-15T21:10:23.866790,77.80,66.70,66.70,12.50
2026-05-15T21:10:23.967725,80.00,75.00,71.40,0.00
2026-05-15T21:10:24.068750,90.00,70.00,80.00,22.20
2026-05-15T21:10:24.169537,77.80,75.00,66.70,0.00
2026-05-15T21:10:24.270212,81.80,66.70,71.40,12.50
2026-05-15T21:10:24.371065,87.50,71.40,72.70,12.50
2026-05-15T21:10:24.471969,80.00,77.80,71.40,0.00
2026-05-15T21:10:24.572900,88.90,70.00,80.00,22.20
2026-05-15T21:10:24.673787,81.80,77.80,75.00,12.50
2026-05-15T21:10:24.774553,77.80,66.70,62.50,12.50
2026-05-15T21:10:24.875485,90.00,77.80,81.80,12.50
2026-05-15T21:10:24.976313,88.90,62.50,71.40,0.00
2026-05-15T21:10:25.077126,80.00,77.80,75.00,22.20
2026-05-15T21:10:25.178100,88.90,77.80,80.00,0.00
2026-05-15T21:10:25.278864,80.00,72.70,70.00,22.20
2026-05-15T21:10:25.379596,81.80,71.40,80.00,12.50
2026-05-15T21:10:25.480498,77.80,66.70,75.00,12.50
2026-05-15T21:10:25.581191,80.00,77.80,77.80,0.00
2026-05-15T21:10:25.681928,90.00,70.00,77.80,33.30
2026-05-15T21:10:25.782674,88.90,75.00,66.70,12.50
2026-05-15T21:10:25.884190,80.00,75.00,75.00,12.50
2026-05-15T21:10:25.985066,80.00,72.70,70.00,0.00
2026-05-15T21:10:26.085896,81.80,80.00,75.00,12.50
2026-05-15T21:10:26.186641,88.90,66.70,77.80,0.00
2026-05-15T21:10:26.287511,81.80,77.80,71.40,22.20
2026-05-15T21:10:26.388230,81.80,66.70,80.00,12.50
2026-05-15T21:10:26.489015,87.50,77.80,72.70,12.50
2026-05-15T21:10:26.589781,80.00,71.40,85.70,0.00
2026-05-15T21:10:26.690540,90.00,70.00,72.70,12.50
2026-05-15T21:10:26.791334,77.80,71.40,71.40,22.20
2026-05-15T21:10:26.892309,80.00,70.00,77.80,12.50
2026-05-15T21:10:26.993064,77.80,77.80,66.70,0.00
2026-05-15T21:10:27.093831,80.00,62.50,75.00,12.50
2026-05-15T21:10:27.194628,88.90,70.00,66.70,11.10
2026-05-15T21:10:27.295475,80.00,77.80,77.80,0.00
2026-05-15T21:10:27.396176,81.80,66.70,62.50,20.00
2026-05-15T21:10:27.496860,77.80,66.70,75.00,12.50
2026-05-15T21:10:27.597591,88.90,70.00,66.70,0.00
2026-05-15T21:10:27.698237,80.00,75.00,75.00,12.50
2026-05-15T21:10:27.799257,80.00,62.50,66.70,0.00
2026-05-15T21:10:27.900271,77.80,66.70,80.00,12.50
2026-05-15T21:10:28.001042,80.00,62.50,66.70,0.00
2026-05-15T21:10:28.101824,88.90,80.00,75.00,12.50
2026-05-15T21:10:28.202596,77.80,70.00,66.70,0.00
2026-05-15T21:10:28.303356,75.00,75.00,75.00,12.50
2026-05-15T21:10:28.403972,81.80,62.50,77.80,12.50
2026-05-15T21:10:28.504821,77.80,75.00,75.00,0.00
2026-05-15T21:10:28.605588,80.00,66.70,70.00,12.50
2026-05-15T21:10:28.706303,88.90,77.80,77.80,12.50
2026-05-15T21:10:28.806971,77.80,66.70,77.80,12.50
2026-05-15T21:10:28.907717,90.00,88.90,75.00,0.00
2026-05-15T21:10:29.008455,77.80,80.00,66.70,22.20
2026-05-15T21:10:29.109338,77.80,77.80,66.70,11.10
2026-05-15T21:10:29.210035,80.00,66.70,75.00,12.50
2026-05-15T21:10:29.310910,80.00,75.00,77.80,14.30
2026-05-15T21:10:29.411681,77.80,62.50,77.80,12.50
2026-05-15T21:10:29.512213,80.00,66.70,66.70,0.00
2026-05-15T21:10:29.612900,77.80,66.70,66.70,11.10
2026-05-15T21:10:29.713856,80.00,66.70,80.00,0.00
2026-05-15T21:10:29.814694,80.00,66.70,57.10,11.10
2026-05-15T21:10:29.915427,77.80,75.00,77.80,12.50
2026-05-15T21:10:30.016203,87.50,70.00,75.00,0.00
2026-05-15T21:10:30.117212,80.00,77.80,72.70,12.50
2026-05-15T21:10:30.217949,90.00,75.00,75.00,0.00
2026-05-15T21:10:30.318840,81.80,66.70,71.40,12.50
2026-05-15T21:10:30.419643,88.90,70.00,80.00,12.50
2026-05-15T21:10:30.520500,80.00,71.40,70.00,0.00
2026-05-15T21:10:30.621228,80.00,70.00,77.80,12.50
2026-05-15T21:10:30.721924,88.90,77.80,71.40,12.50
2026-05-15T21:10:30.823573,80.00,66.70,66.70,0.00
2026-05-15T21:10:30.924382,90.00,80.00,90.00,44.40
2026-05-15T21:10:31.025266,81.80,75.00,66.70,0.00
2026-05-15T21:10:31.126168,77.80,66.70,75.00,12.50
2026-05-15T21:10:31.226919,77.80,71.40,70.00,0.00
2026-05-15T21:10:31.327622,80.00,70.00,71.40,0.00
2026-05-15T21:10:31.428398,77.80,66.70,66.70,12.50
2026-05-15T21:10:31.529193,90.00,77.80,75.00,12.50
2026-05-15T21:10:31.629875,77.80,57.10,66.70,22.20
2026-05-15T21:10:31.730703,80.00,77.80,77.80,12.50
2026-05-15T21:10:31.831570,80.00,62.50,80.00,12.50
2026-05-15T21:10:31.932426,90.00,77.80,62.50,12.50
2026-05-15T21:10:32.033262,80.00,66.70,77.80,0.00
2026-05-15T21:10:32.134209,80.00,77.80,77.80,22.20
2026-05-15T21:10:32.235040,80.00,62.50,66.70,0.00
2026-05-15T21:10:32.335878,88.90,77.80,77.80,12.50
2026-05-15T21:10:32.436670,81.80,62.50,70.00,0.00
2026-05-15T21:10:32.537518,80.00,62.50,77.80,12.50
2026-05-15T21:10:32.638353,90.00,77.80,66.70,12.50
2026-05-15T21:10:32.739227,77.80,66.70,75.00,0.00
2026-05-15T21:10:32.839927,80.00,62.50,66.70,22.20
2026-05-15T21:10:32.940713,77.80,66.70,66.70,0.00
2026-05-15T21:10:33.041344,77.80,75.00,77.80,12.50
2026-05-15T21:10:33.142187,77.80,62.50,77.80,0.00
2026-05-15T21:10:33.242908,80.00,70.00,66.70,14.30
2026-05-15T21:10:33.343632,77.80,66.70,57.10,11.10
2026-05-15T21:10:33.444410,81.80,75.00,80.00,0.00
2026-05-15T21:10:33.545317,80.00,75.00,77.80,0.00
2026-05-15T21:10:33.646210,88.90,70.00,62.50,12.50
2026-05-15T21:10:33.746917,80.00,75.00,81.80,22.20
2026-05-15T21:10:33.847897,80.00,75.00,75.00,0.00
2026-05-15T21:10:33.948876,88.90,70.00,75.00,12.50
2026-05-15T21:10:34.049828,77.80,80.00,70.00,0.00
2026-05-15T21:10:34.150725,90.00,66.70,75.00,12.50
2026-05-15T21:10:34.251735,77.80,75.00,80.00,12.50
2026-05-15T21:10:34.352659,90.00,77.80,80.00,12.50
2026-05-15T21:10:34.453483,80.00,62.50,71.40,22.20
2026-05-15T21:10:34.554387,77.80,80.00,80.00,0.00
2026-05-15T21:10:34.655248,80.00,77.80,70.00,12.50
2026-05-15T21:10:34.755858,81.80,62.50,71.40,0.00
2026-05-15T21:10:34.856638,77.80,62.50,66.70,12.50
2026-05-15T21:10:34.957311,77.80,70.00,72.70,0.00
2026-05-15T21:10:35.058089,81.80,57.10,57.10,12.50
2026-05-15T21:10:35.158849,75.00,66.70,71.40,0.00
2026-05-15T21:10:35.259534,80.00,62.50,66.70,30.00
2026-05-15T21:10:35.360428,87.50,70.00,77.80,12.50
2026-05-15T21:10:35.461351,81.80,71.40,66.70,14.30
2026-05-15T21:10:35.562346,81.80,77.80,71.40,12.50
2026-05-15T21:10:35.663175,88.90,75.00,87.50,55.60
2026-05-15T21:10:35.764185,75.00,72.70,66.70,22.20
2026-05-15T21:10:35.864979,90.00,75.00,80.00,12.50
2026-05-15T21:10:35.965931,77.80,75.00,71.40,12.50
2026-05-15T21:10:36.066894,77.80,66.70,70.00,12.50
2026-05-15T21:10:36.167929,81.80,75.00,80.00,0.00
2026-05-15T21:10:36.268716,88.90,70.00,75.00,22.20
2026-05-15T21:10:36.369976,77.80,70.00,66.70,0.00
2026-05-15T21:10:36.470841,81.80,71.40,77.80,12.50
2026-05-15T21:10:36.571720,80.00,75.00,66.70,0.00
2026-05-15T21:10:36.672642,88.90,66.70,75.00,22.20
2026-05-15T21:10:36.773419,81.80,77.80,75.00,0.00
2026-05-15T21:10:36.874016,90.00,77.80,80.00,22.20
2026-05-15T21:10:36.974794,88.90,66.70,66.70,0.00
2026-05-15T21:10:37.075652,80.00,71.40,77.80,12.50
2026-05-15T21:10:37.176278,90.00,70.00,75.00,0.00
2026-05-15T21:10:37.277187,70.00,66.70,62.50,12.50
2026-05-15T21:10:37.377946,90.00,75.00,80.00,12.50
2026-05-15T21:10:37.478992,80.00,77.80,75.00,12.50
2026-05-15T21:10:37.580005,80.00,77.80,77.80,12.50
2026-05-15T21:10:37.680927,88.90,70.00,66.70,14.30
2026-05-15T21:10:37.781818,80.00,77.80,75.00,0.00
2026-05-15T21:10:37.882621,77.80,62.50,71.40,11.10
2026-05-15T21:10:37.983392,90.00,75.00,70.00,12.50
2026-05-15T21:10:38.084258,75.00,62.50,77.80,12.50
2026-05-15T21:10:38.184889,81.80,77.80,70.00,0.00
2026-05-15T21:10:38.285605,81.80,66.70,71.40,12.50
2026-05-15T21:10:38.386298,77.80,66.70,70.00,12.50
2026-05-15T21:10:38.487035,80.00,66.70,75.00,0.00
2026-05-15T21:10:38.587856,88.90,75.00,66.70,12.50
2026-05-15T21:10:38.688573,77.80,75.00,77.80,22.20
2026-05-15T21:10:38.789322,80.00,72.70,77.80,0.00
2026-05-15T21:10:38.890019,90.00,75.00,77.80,12.50
2026-05-15T21:10:38.990861,81.80,70.00,70.00,0.00
2026-05-15T21:10:39.091942,75.00,75.00,66.70,0.00
2026-05-15T21:10:39.192667,80.00,66.70,77.80,12.50
2026-05-15T21:10:39.293350,77.80,77.80,66.70,12.50
2026-05-15T21:10:39.394221,90.90,66.70,77.80,12.50
2026-05-15T21:10:39.494935,80.00,71.40,77.80,22.20
2026-05-15T21:10:39.595750,77.80,72.70,62.50,0.00
2026-05-15T21:10:39.696483,77.80,66.70,75.00,12.50
2026-05-15T21:10:39.797474,90.00,77.80,66.70,22.20
2026-05-15T21:10:39.898168,80.00,77.80,77.80,0.00
2026-05-15T21:10:39.998949,77.80,62.50,66.70,0.00
2026-05-15T21:10:40.099875,70.00,66.70,66.70,12.50
2026-05-15T21:10:40.200741,75.00,66.70,66.70,0.00
2026-05-15T21:10:40.301473,80.00,62.50,71.40,12.50
2026-05-15T21:10:40.402324,80.00,62.50,66.70,0.00
2026-05-15T21:10:40.502963,70.00,66.70,66.70,12.50
2026-05-15T21:10:40.604041,77.80,66.70,66.70,12.50
2026-05-15T21:10:40.704837,80.00,62.50,57.10,0.00
2026-05-15T21:10:40.805673,77.80,66.70,66.70,12.50
2026-05-15T21:10:40.906642,75.00,66.70,77.80,22.20
2026-05-15T21:10:41.007417,75.00,57.10,62.50,0.00
2026-05-15T21:10:41.108288,77.80,66.70,70.00,11.10
2026-05-15T21:10:41.209206,77.80,62.50,66.70,0.00
2026-05-15T21:10:41.309969,66.70,62.50,57.10,12.50
2026-05-15T21:10:41.410728,77.80,70.00,75.00,0.00
2026-05-15T21:10:41.511452,77.80,57.10,62.50,12.50
2026-05-15T21:10:41.612007,70.00,50.00,70.00,11.10
2026-05-15T21:10:41.712809,75.00,62.50,50.00,12.50
2026-05-15T21:10:41.813504,70.00,55.60,66.70,0.00
2026-05-15T21:10:41.914407,77.80,62.50,66.70,11.10
2026-05-15T21:10:42.015257,72.70,66.70,62.50,12.50
2026-05-15T21:10:42.115984,80.00,57.10,62.50,11.10
2026-05-15T21:10:42.217004,75.00,70.00,62.50,0.00
2026-05-15T21:10:42.317788,70.00,62.50,70.00,0.00
2026-05-15T21:10:42.418491,77.80,66.70,62.50,12.50
2026-05-15T21:10:42.519229,70.00,50.00,66.70,0.00
2026-05-15T21:10:42.619975,75.00,57.10,62.50,12.50
2026-05-15T21:10:42.720894,70.00,66.70,57.10,11.10
2026-05-15T21:10:42.821725,77.80,62.50,60.00,0.00
2026-05-15T21:10:42.922618,66.70,55.60,57.10,12.50
2026-05-15T21:10:43.023276,70.00,62.50,62.50,0.00
2026-05-15T21:10:43.123949,75.00,62.50,66.70,0.00
2026-05-15T21:10:43.224745,66.70,60.00,57.10,20.00
2026-05-15T21:10:43.325726,77.80,70.00,66.70,12.50
2026-05-15T21:10:43.426483,80.00,66.70,70.00,12.50
2026-05-15T21:10:43.527223,72.70,62.50,62.50,0.00
2026-05-15T21:10:43.628040,62.50,57.10,70.00,12.50
2026-05-15T21:10:43.728966,80.00,57.10,62.50,12.50
2026-05-15T21:10:43.829683,70.00,55.60,55.60,0.00
2026-05-15T21:10:43.930371,75.00,42.90,66.70,12.50
2026-05-15T21:10:44.031033,70.00,70.00,62.50,0.00
2026-05-15T21:10:44.131881,75.00,62.50,66.70,0.00
2026-05-15T21:10:44.232732,80.00,70.00,62.50,12.50
2026-05-15T21:10:44.333481,70.00,57.10,66.70,20.00
2026-05-15T21:10:44.434005,75.00,66.70,62.50,12.50
2026-05-15T21:10:44.534731,66.70,62.50,66.70,0.00
2026-05-15T21:10:44.635614,77.80,70.00,70.00,12.50
2026-05-15T21:10:44.736456,80.00,62.50,66.70,12.50
2026-05-15T21:10:44.837045,66.70,66.70,57.10,0.00
2026-05-15T21:10:44.937832,75.00,50.00,66.70,12.50
2026-05-15T21:10:45.038641,72.70,62.50,70.00,22.20
2026-05-15T21:10:45.139540,80.00,62.50,57.10,0.00
2026-05-15T21:10:45.240175,66.70,66.70,66.70,12.50
2026-05-15T21:10:45.340923,71.40,62.50,66.70,11.10
2026-05-15T21:10:45.441707,77.80,57.10,66.70,0.00
2026-05-15T21:10:45.542381,70.00,55.60,57.10,11.10
2026-05-15T21:10:45.643167,75.00,62.50,70.00,0.00
2026-05-15T21:10:45.743897,66.70,62.50,66.70,22.20
2026-05-15T21:10:45.844686,70.00,62.50,57.10,11.10
2026-05-15T21:10:45.945558,80.00,66.70,66.70,22.20
2026-05-15T21:10:46.046266,71.40,66.70,66.70,0.00
2026-05-15T21:10:46.147033,72.70,50.00,66.70,12.50
2026-05-15T21:10:46.247791,66.70,62.50,66.70,11.10
2026-05-15T21:10:46.348616,75.00,57.10,60.00,12.50
2026-05-15T21:10:46.449338,70.00,55.60,57.10,0.00
2026-05-15T21:10:46.550039,80.00,75.00,80.00,12.50
2026-05-15T21:10:46.650933,77.80,66.70,62.50,0.00
2026-05-15T21:10:46.751657,72.70,62.50,66.70,20.00
2026-05-15T21:10:46.852289,75.00,70.00,57.10,0.00
2026-05-15T21:10:46.952906,72.70,57.10,70.00,12.50
2026-05-15T21:10:47.054010,77.80,57.10,66.70,0.00
2026-05-15T21:10:47.154727,70.00,60.00,57.10,0.00
2026-05-15T21:10:47.255352,75.00,70.00,70.00,12.50
2026-05-15T21:10:47.356197,72.70,62.50,66.70,0.00
2026-05-15T21:10:47.456888,77.80,62.50,57.10,11.10
2026-05-15T21:10:47.557672,66.70,60.00,66.70,12.50
2026-05-15T21:10:47.658423,75.00,66.70,57.10,0.00
2026-05-15T21:10:47.758992,80.00,75.00,72.70,22.20
2026-05-15T21:10:47.859743,77.80,66.70,62.50,11.10
2026-05-15T21:10:47.960468,70.00,55.60,70.00,0.00
2026-05-15T21:10:48.061317,77.80,66.70,66.70,22.20
2026-05-15T21:10:48.161930,75.00,75.00,70.00,11.10
2026-05-15T21:10:48.262706,70.00,50.00,62.50,0.00
2026-05-15T21:10:48.363650,62.50,62.50,62.50,11.10
2026-05-15T21:10:48.464552,77.80,66.70,66.70,0.00
2026-05-15T21:10:48.565486,77.80,62.50,62.50,0.00
2026-05-15T21:10:48.666206,70.00,55.60,70.00,11.10
2026-05-15T21:10:48.766874,80.00,75.00,66.70,12.50
2026-05-15T21:10:48.867813,77.80,62.50,66.70,0.00
2026-05-15T21:10:48.968692,80.00,60.00,57.10,0.00
2026-05-15T21:10:49.069605,66.70,50.00,55.60,0.00
2026-05-15T21:10:49.170315,70.00,66.70,70.00,20.00
2026-05-15T21:10:49.270898,75.00,55.60,62.50,0.00
2026-05-15T21:10:49.371654,70.00,62.50,62.50,12.50
2026-05-15T21:10:49.472530,75.00,66.70,62.50,0.00
2026-05-15T21:10:49.573238,77.80,66.70,66.70,12.50
2026-05-15T21:10:49.674173,72.70,62.50,62.50,0.00
2026-05-15T21:10:49.774845,71.40,62.50,62.50,11.10
2026-05-15T21:10:49.875598,70.00,50.00,62.50,0.00
2026-05-15T21:10:49.976261,66.70,57.10,66.70,20.00
2026-05-15T21:10:50.077209,75.00,66.70,62.50,0.00
2026-05-15T21:10:50.178024,70.00,62.50,50.00,11.10
2026-05-15T21:10:50.278870,75.00,60.00,75.00,0.00
2026-05-15T21:10:50.379832,80.00,75.00,66.70,12.50
2026-05-15T21:10:50.480700,70.00,66.70,55.60,11.10
2026-05-15T21:10:50.581284,77.80,70.00,70.00,0.00
2026-05-15T21:10:50.682274,81.80,66.70,75.00,12.50
2026-05-15T21:10:50.783006,66.70,66.70,70.00,11.10
2026-05-15T21:10:50.884292,77.80,66.70,62.50,14.30
2026-05-15T21:10:50.985037,70.00,66.70,66.70,22.20
2026-05-15T21:10:51.085815,71.40,50.00,62.50,0.00
2026-05-15T21:10:51.186616,66.70,62.50,66.70,0.00
2026-05-15T21:10:51.287520,80.00,66.70,62.50,12.50
2026-05-15T21:10:51.388291,70.00,62.50,66.70,22.20
2026-05-15T21:10:51.489058,80.00,62.50,66.70,20.00
2026-05-15T21:10:51.589806,75.00,62.50,66.70,12.50
2026-05-15T21:10:51.690580,70.00,63.60,57.10,0.00
2026-05-15T21:10:51.791361,77.80,75.00,70.00,12.50
2026-05-15T21:10:51.892116,70.00,55.60,66.70,22.20
2026-05-15T21:10:51.992936,77.80,62.50,66.70,11.10
2026-05-15T21:10:52.093826,70.00,62.50,62.50,12.50
2026-05-15T21:10:52.194756,77.80,66.70,62.50,0.00
2026-05-15T21:10:52.295474,77.80,66.70,66.70,11.10
2026-05-15T21:10:52.396244,75.00,57.10,62.50,0.00
2026-05-15T21:10:52.496936,72.70,63.60,66.70,12.50
2026-05-15T21:10:52.597619,62.50,50.00,66.70,0.00
2026-05-15T21:10:52.698296,80.00,42.90,57.10,12.50
2026-05-15T21:10:52.798926,66.70,70.00,60.00,11.10
2026-05-15T21:10:52.899587,66.70,50.00,57.10,0.00
2026-05-15T21:10:53.000269,66.70,55.60,66.70,11.10
2026-05-15T21:10:53.100882,75.00,57.10,62.50,0.00
2026-05-15T21:10:53.201603,70.00,62.50,62.50,20.00
2026-05-15T21:10:53.302432,77.80,62.50,70.00,12.50
2026-05-15T21:10:53.403230,80.00,66.70,66.70,12.50
2026-05-15T21:10:53.503967,70.00,57.10,62.50,12.50
2026-05-15T21:10:53.604695,77.80,66.70,62.50,0.00
2026-05-15T21:10:53.705351,75.00,66.70,62.50,0.00
2026-05-15T21:10:53.806296,77.80,66.70,75.00,12.50
2026-05-15T21:10:53.907005,70.00,66.70,66.70,12.50
2026-05-15T21:10:54.007694,75.00,66.70,55.60,12.50
2026-05-15T21:10:54.108380,77.80,57.10,71.40,22.20
2026-05-15T21:10:54.209001,70.00,60.00,60.00,11.10
2026-05-15T21:10:54.309823,80.00,57.10,71.40,0.00
2026-05-15T21:10:54.410648,75.00,66.70,66.70,11.10
2026-05-15T21:10:54.511293,70.00,62.50,50.00,0.00
2026-05-15T21:10:54.611978,80.00,66.70,75.00,12.50
2026-05-15T21:10:54.712621,75.00,55.60,60.00,12.50
2026-05-15T21:10:54.813577,80.00,62.50,75.00,11.10
2026-05-15T21:10:54.914332,77.80,62.50,62.50,12.50
2026-05-15T21:10:55.014963,44.40,28.60,44.40,0.00
2026-05-15T21:10:55.115534,14.30,25.00,12.50,10.00
2026-05-15T21:10:55.215978,22.20,0.00,0.00,0.00
2026-05-15T21:10:55.316493,0.00,12.50,22.20,0.00
2026-05-15T21:10:55.416982,30.00,22.20,12.50,10.00
2026-05-15T21:10:55.517649,14.30,0.00,25.00,0.00
2026-05-15T21:10:55.618163,12.50,22.20,0.00,0.00
2026-05-15T21:10:55.718660,25.00,0.00,12.50,0.00
2026-05-15T21:10:55.819174,0.00,0.00,14.30,0.00
2026-05-15T21:10:55.919718,14.30,30.00,12.50,10.00
2026-05-15T21:10:56.020284,0.00,0.00,0.00,0.00
2026-05-15T21:10:56.120724,33.30,12.50,0.00,0.00
2026-05-15T21:10:56.221293,0.00,12.50,22.20,0.00
2026-05-15T21:10:56.321824,14.30,0.00,12.50,10.00
2026-05-15T21:10:56.422501,12.50,14.30,22.20,0.00
2026-05-15T21:10:56.523027,14.30,22.20,14.30,0.00
2026-05-15T21:10:56.623690,25.00,12.50,12.50,0.00
2026-05-15T21:10:56.724201,12.50,0.00,0.00,0.00
2026-05-15T21:10:56.824733,14.30,12.50,12.50,0.00
2026-05-15T21:10:56.925240,14.30,12.50,14.30,0.00
2026-05-15T21:10:57.025800,12.50,12.50,12.50,0.00
2026-05-15T21:10:57.126407,14.30,14.30,12.50,0.00
2026-05-15T21:10:57.226915,12.50,22.20,12.50,10.00
2026-05-15T21:10:57.327596,14.30,0.00,14.30,10.00
2026-05-15T21:10:57.428165,22.20,12.50,22.20,0.00
2026-05-15T21:10:57.528780,0.00,12.50,0.00,0.00
2026-05-15T21:10:57.629425,25.00,14.30,12.50,10.00
2026-05-15T21:10:57.729957,0.00,0.00,12.50,0.00
2026-05-15T21:10:57.830579,25.00,22.20,0.00,0.00
2026-05-15T21:10:57.931164,0.00,12.50,22.20,0.00
2026-05-15T21:10:58.031789,33.30,0.00,0.00,0.00
2026-05-15T21:10:58.132392,14.30,22.20,14.30,0.00
2026-05-15T21:10:58.232930,12.50,0.00,12.50,0.00
2026-05-15T21:10:58.333568,14.30,22.20,14.30,0.00
2026-05-15T21:10:58.434045,22.20,0.00,22.20,0.00
2026-05-15T21:10:58.534695,0.00,14.30,0.00,0.00
2026-05-15T21:10:58.635220,25.00,0.00,14.30,0.00
2026-05-15T21:10:58.735718,0.00,30.00,12.50,0.00
2026-05-15T21:10:58.836267,25.00,0.00,0.00,11.10
2026-05-15T21:10:58.936996,12.50,12.50,14.30,0.00
2026-05-15T21:10:59.037632,14.30,12.50,0.00,0.00
2026-05-15T21:10:59.138179,12.50,12.50,22.20,0.00
2026-05-15T21:10:59.238827,14.30,0.00,0.00,0.00
2026-05-15T21:10:59.339484,12.50,30.00,22.20,0.00
2026-05-15T21:10:59.440032,25.00,0.00,12.50,0.00
2026-05-15T21:10:59.540709,0.00,14.30,14.30,10.00
2026-05-15T21:10:59.641290,25.00,22.20,0.00,0.00
2026-05-15T21:10:59.741909,22.20,0.00,25.00,0.00
2026-05-15T21:10:59.842450,0.00,0.00,0.00,0.00
2026-05-15T21:10:59.942988,0.00,12.50,12.50,0.00
2026-05-15T21:11:00.043565,14.30,14.30,14.30,0.00
2026-05-15T21:11:00.143991,12.50,12.50,12.50,10.00
2026-05-15T21:11:00.244561,0.00,0.00,12.50,0.00
2026-05-15T21:11:00.345133,12.50,22.20,14.30,0.00
2026-05-15T21:11:00.445680,14.30,12.50,12.50,0.00
2026-05-15T21:11:00.546322,22.20,12.50,12.50,0.00
2026-05-15T21:11:00.646939,14.30,0.00,14.30,0.00
2026-05-15T21:11:00.747719,14.30,22.20,0.00,11.10
2026-05-15T21:11:00.848301,22.20,0.00,12.50,0.00
2026-05-15T21:11:00.948922,0.00,25.00,14.30,11.10
2026-05-15T21:11:01.049621,14.30,12.50,12.50,0.00
2026-05-15T21:11:01.150177,12.50,12.50,22.20,0.00
2026-05-15T21:11:01.250632,25.00,25.00,14.30,0.00
2026-05-15T21:11:01.351171,14.30,12.50,12.50,0.00
2026-05-15T21:11:01.451672,0.00,12.50,0.00,0.00
2026-05-15T21:11:01.552273,25.00,12.50,12.50,0.00
2026-05-15T21:11:01.652890,0.00,0.00,14.30,0.00
2026-05-15T21:11:01.753438,22.20,25.00,12.50,0.00
2026-05-15T21:11:01.853925,14.30,12.50,14.30,0.00
2026-05-15T21:11:01.954523,22.20,12.50,12.50,10.00
2026-05-15T21:11:02.055021,14.30,12.50,12.50,0.00
2026-05-15T21:11:02.155609,14.30,22.20,12.50,0.00
2026-05-15T21:11:02.256118,30.00,12.50,25.00,10.00
2026-05-15T21:11:02.356655,0.00,0.00,0.00,0.00
2026-05-15T21:11:02.457236,14.30,25.00,0.00,0.00
2026-05-15T21:11:02.557889,22.20,12.50,33.30,0.00
2026-05-15T21:11:02.658503,14.30,22.20,22.20,0.00
2026-05-15T21:11:02.759135,25.00,0.00,0.00,0.00
2026-05-15T21:11:02.859728,0.00,12.50,0.00,0.00
2026-05-15T21:11:02.960291,25.00,30.00,22.20,0.00
2026-05-15T21:11:03.060850,0.00,0.00,0.00,0.00
2026-05-15T21:11:03.161482,25.00,14.30,14.30,0.00
2026-05-15T21:11:03.262035,22.20,12.50,12.50,11.10
2026-05-15T21:11:03.362623,0.00,0.00,0.00,0.00
2026-05-15T21:11:03.463243,33.30,22.20,0.00,0.00
2026-05-15T21:11:03.563838,12.50,12.50,22.20,0.00
2026-05-15T21:11:03.664399,14.30,12.50,12.50,0.00
2026-05-15T21:11:03.764926,14.30,14.30,25.00,0.00
2026-05-15T21:11:03.865472,12.50,0.00,12.50,18.20
2026-05-15T21:11:03.966002,0.00,12.50,12.50,0.00
2026-05-15T21:11:04.066607,22.20,12.50,0.00,0.00
2026-05-15T21:11:04.167138,14.30,0.00,22.20,0.00
2026-05-15T21:11:04.267712,25.00,12.50,25.00,0.00
2026-05-15T21:11:04.368306,22.20,25.00,0.00,0.00
2026-05-15T21:11:04.468859,0.00,12.50,22.20,0.00
2026-05-15T21:11:04.569483,12.50,12.50,0.00,0.00
2026-05-15T21:11:04.670025,14.30,22.20,12.50,0.00
2026-05-15T21:11:04.770638,25.00,12.50,14.30,0.00
2026-05-15T21:11:04.871311,0.00,0.00,22.20,0.00
2026-05-15T21:11:04.971894,25.00,12.50,0.00,0.00
2026-05-15T21:11:05.072490,14.30,12.50,22.20,0.00
2026-05-15T21:11:05.173000,22.20,0.00,14.30,0.00
2026-05-15T21:11:05.273609,0.00,12.50,0.00,11.10
2026-05-15T21:11:05.374256,25.00,12.50,14.30,0.00
2026-05-15T21:11:05.474861,12.50,22.20,12.50,0.00
2026-05-15T21:11:05.575496,14.30,12.50,14.30,0.00
2026-05-15T21:11:05.675988,12.50,0.00,12.50,0.00
2026-05-15T21:11:05.776646,14.30,25.00,12.50,0.00
2026-05-15T21:11:05.877294,25.00,12.50,14.30,10.00
2026-05-15T21:11:05.977861,12.50,12.50,12.50,0.00
2026-05-15T21:11:06.078589,14.30,0.00,14.30,10.00
2026-05-15T21:11:06.179230,0.00,12.50,12.50,0.00
2026-05-15T21:11:06.279787,30.00,12.50,22.20,0.00
2026-05-15T21:11:06.380393,0.00,14.30,14.30,0.00
2026-05-15T21:11:06.480880,25.00,12.50,0.00,10.00
2026-05-15T21:11:06.581548,30.00,22.20,22.20,0.00
2026-05-15T21:11:06.682060,14.30,12.50,14.30,11.10
2026-05-15T21:11:06.782731,14.30,0.00,0.00,0.00
2026-05-15T21:11:06.883386,0.00,0.00,22.20,0.00
2026-05-15T21:11:06.983931,33.30,14.30,0.00,0.00
2026-05-15T21:11:07.084604,0.00,22.20,14.30,0.00
2026-05-15T21:11:07.185209,25.00,0.00,0.00,0.00
2026-05-15T21:11:07.285846,12.50,12.50,25.00,0.00
2026-05-15T21:11:07.386472,14.30,12.50,22.20,0.00
2026-05-15T21:11:07.486940,25.00,14.30,0.00,10.00
2026-05-15T21:11:07.587486,0.00,12.50,22.20,0.00
2026-05-15T21:11:07.688038,25.00,0.00,12.50,0.00
2026-05-15T21:11:07.788659,25.00,22.20,0.00,0.00
2026-05-15T21:11:07.889283,12.50,0.00,12.50,0.00
2026-05-15T21:11:07.989919,14.30,0.00,12.50,10.00
2026-05-15T21:11:08.090575,12.50,12.50,14.30,0.00
2026-05-15T21:11:08.191171,14.30,12.50,22.20,0.00
2026-05-15T21:11:08.291640,12.50,22.20,0.00,0.00
2026-05-15T21:11:08.392328,25.00,14.30,25.00,0.00
2026-05-15T21:11:08.492952,0.00,0.00,0.00,0.00
2026-05-15T21:11:08.593594,25.00,22.20,25.00,0.00
2026-05-15T21:11:08.694304,30.00,12.50,0.00,0.00
2026-05-15T21:11:08.794853,14.30,22.20,22.20,0.00
2026-05-15T21:11:08.895536,14.30,0.00,0.00,0.00
2026-05-15T21:11:08.996222,12.50,22.20,12.50,10.00
2026-05-15T21:11:09.096848,14.30,0.00,25.00,0.00
2026-05-15T21:11:09.197519,0.00,12.50,12.50,0.00
2026-05-15T21:11:09.298020,33.30,14.30,14.30,11.10
2026-05-15T21:11:09.398592,0.00,0.00,12.50,0.00
2026-05-15T21:11:09.499068,25.00,12.50,12.50,10.00
2026-05-15T21:11:09.599755,30.00,0.00,12.50,0.00
2026-05-15T21:11:09.700393,14.30,22.20,14.30,0.00
2026-05-15T21:11:09.801003,25.00,0.00,22.20,0.00
2026-05-15T21:11:09.901602,12.50,22.20,14.30,0.00
2026-05-15T21:11:10.002114,22.20,12.50,0.00,0.00
2026-05-15T21:11:10.102570,0.00,10.00,10.00,0.00
2026-05-15T21:11:10.203039,10.00,10.00,0.00,0.00
2026-05-15T21:11:10.303469,11.10,0.00,25.00,0.00
2026-05-15T21:11:10.403939,10.00,10.00,0.00,0.00
2026-05-15T21:11:10.504415,0.00,0.00,10.00,0.00
2026-05-15T21:11:10.604924,27.30,10.00,0.00,0.00
2026-05-15T21:11:10.705425,10.00,18.20,18.20,0.00
2026-05-15T21:11:10.805956,0.00,11.10,0.00,0.00
2026-05-15T21:11:10.906430,10.00,0.00,10.00,0.00
2026-05-15T21:11:11.006912,11.10,10.00,20.00,18.20
2026-05-15T21:11:11.107424,10.00,10.00,10.00,0.00
2026-05-15T21:11:11.207926,10.00,11.10,0.00,0.00
2026-05-15T21:11:11.308488,11.10,18.20,11.10,0.00
2026-05-15T21:11:11.408997,0.00,10.00,0.00,0.00
2026-05-15T21:11:11.509476,18.20,0.00,18.20,0.00
2026-05-15T21:11:11.609944,10.00,18.20,0.00,0.00
2026-05-15T21:11:11.710485,20.00,0.00,11.10,0.00
2026-05-15T21:11:11.810990,10.00,20.00,18.20,0.00
2026-05-15T21:11:11.911507,10.00,0.00,0.00,0.00
2026-05-15T21:11:12.011971,0.00,10.00,18.20,9.10
2026-05-15T21:11:12.112550,20.00,18.20,0.00,0.00
2026-05-15T21:11:12.213062,0.00,10.00,10.00,0.00
2026-05-15T21:11:12.313541,18.20,10.00,0.00,0.00
2026-05-15T21:11:12.414016,10.00,0.00,10.00,0.00
2026-05-15T21:11:12.514520,0.00,18.20,10.00,0.00
2026-05-15T21:11:12.615023,27.30,0.00,18.20,0.00
2026-05-15T21:11:12.715557,10.00,11.10,0.00,0.00
2026-05-15T21:11:12.816020,10.00,18.20,10.00,0.00
2026-05-15T21:11:12.916516,0.00,0.00,20.00,0.00
2026-05-15T21:11:13.017007,20.00,10.00,10.00,9.10
2026-05-15T21:11:13.117508,10.00,10.00,0.00,0.00
2026-05-15T21:11:13.218008,10.00,10.00,18.20,0.00
2026-05-15T21:11:13.318460,0.00,11.10,0.00,0.00
2026-05-15T21:11:13.418985,10.00,18.20,0.00,0.00
2026-05-15T21:11:13.519501,25.00,10.00,20.00,0.00
2026-05-15T21:11:13.620017,0.00,11.10,0.00,10.00
2026-05-15T21:11:13.720456,10.00,0.00,10.00,0.00
2026-05-15T21:11:13.820969,10.00,10.00,10.00,0.00
2026-05-15T21:11:13.921442,18.20,10.00,11.10,0.00
2026-05-15T21:11:14.021901,10.00,10.00,10.00,0.00
2026-05-15T21:11:14.122356,0.00,0.00,0.00,0.00
2026-05-15T21:11:14.222839,11.10,18.20,0.00,0.00
2026-05-15T21:11:14.323388,0.00,0.00,10.00,0.00
2026-05-15T21:11:14.423859,10.00,0.00,10.00,0.00
2026-05-15T21:11:14.524375,10.00,18.20,10.00,10.00
2026-05-15T21:11:14.624900,10.00,11.10,11.10,0.00
2026-05-15T21:11:14.725548,11.10,10.00,0.00,0.00
2026-05-15T21:11:14.825998,0.00,10.00,10.00,9.10
2026-05-15T21:11:14.926476,18.20,0.00,10.00,0.00
2026-05-15T21:11:15.026957,0.00,0.00,10.00,0.00
2026-05-15T21:11:15.127401,20.00,18.20,0.00,0.00
2026-05-15T21:11:15.227869,0.00,0.00,11.10,0.00
2026-05-15T21:11:15.328355,10.00,10.00,0.00,0.00
2026-05-15T21:11:15.428891,0.00,10.00,10.00,0.00
2026-05-15T21:11:15.529385,18.20,10.00,10.00,0.00
2026-05-15T21:11:15.629932,18.20,10.00,10.00,0.00
2026-05-15T21:11:15.730433,0.00,18.20,11.10,0.00
2026-05-15T21:11:15.830939,10.00,0.00,0.00,0.00
2026-05-15T21:11:15.931475,11.10,0.00,10.00,0.00
2026-05-15T21:11:16.031957,10.00,10.00,0.00,0.00
2026-05-15T21:11:16.132413,10.00,10.00,20.00,0.00
2026-05-15T21:11:16.232877,0.00,18.20,10.00,0.00
2026-05-15T21:11:16.333374,11.10,0.00,0.00,0.00
2026-05-15T21:11:16.433882,10.00,18.20,10.00,0.00
2026-05-15T21:11:16.534439,10.00,0.00,10.00,0.00
2026-05-15T21:11:16.634912,10.00,0.00,0.00,0.00
2026-05-15T21:11:16.752370,18.20,8.30,9.10,15.40
2026-05-15T21:11:17.071957,30.00,35.50,36.70,25.80
2026-05-15T21:11:17.174320,10.00,18.20,100.00,10.00
2026-05-15T21:11:17.276632,20.00,20.00,100.00,0.00
2026-05-15T21:11:17.378934,20.00,0.00,100.00,0.00
2026-05-15T21:11:17.481283,25.00,11.10,100.00,0.00
2026-05-15T21:11:17.583631,11.10,18.20,100.00,0.00
2026-05-15T21:11:17.687973,27.30,27.30,100.00,10.00
2026-05-15T21:11:17.790177,0.00,0.00,100.00,0.00
2026-05-15T21:11:17.892640,10.00,18.20,100.00,0.00
2026-05-15T21:11:17.994646,18.20,11.10,100.00,0.00
2026-05-15T21:11:18.096796,0.00,18.20,100.00,0.00
2026-05-15T21:11:18.198806,10.00,10.00,100.00,10.00
2026-05-15T21:11:18.300895,11.10,11.10,100.00,9.10
2026-05-15T21:11:18.402996,10.00,18.20,100.00,0.00
2026-05-15T21:11:18.504969,10.00,11.10,100.00,0.00
2026-05-15T21:11:18.607272,11.10,10.00,100.00,0.00
2026-05-15T21:11:18.709452,18.20,11.10,100.00,0.00
2026-05-15T21:11:18.811788,20.00,18.20,100.00,9.10
2026-05-15T21:11:18.913710,10.00,20.00,100.00,0.00
2026-05-15T21:11:19.016009,10.00,0.00,100.00,0.00
2026-05-15T21:11:19.118051,11.10,20.00,100.00,0.00
2026-05-15T21:11:19.219982,10.00,10.00,100.00,0.00
2026-05-15T21:11:19.322175,27.30,20.00,100.00,0.00
2026-05-15T21:11:19.424257,18.20,27.30,100.00,0.00
2026-05-15T21:11:19.526254,20.00,11.10,100.00,10.00
2026-05-15T21:11:19.628736,18.20,18.20,100.00,0.00
2026-05-15T21:11:19.731350,11.10,0.00,100.00,18.20
2026-05-15T21:11:19.833634,10.00,25.00,100.00,0.00
2026-05-15T21:11:19.935695,20.00,11.10,100.00,0.00
2026-05-15T21:11:20.037691,18.20,0.00,100.00,0.00
2026-05-15T21:11:20.139841,20.00,27.30,100.00,0.00
2026-05-15T21:11:20.242040,10.00,18.20,100.00,0.00
2026-05-15T21:11:20.344098,11.10,0.00,100.00,0.00
2026-05-15T21:11:20.446284,20.00,20.00,100.00,0.00
2026-05-15T21:11:20.548884,18.20,20.00,100.00,9.10
2026-05-15T21:11:20.651121,11.10,18.20,100.00,0.00
2026-05-15T21:11:20.753384,18.20,0.00,100.00,0.00
2026-05-15T21:11:20.855569,20.00,18.20,100.00,0.00
2026-05-15T21:11:20.957731,0.00,11.10,100.00,10.00
2026-05-15T21:11:21.060044,10.00,18.20,100.00,0.00
2026-05-15T21:11:21.162124,20.00,20.00,100.00,0.00
2026-05-15T21:11:21.264195,10.00,11.10,100.00,0.00
2026-05-15T21:11:21.366089,20.00,10.00,100.00,10.00
2026-05-15T21:11:21.468205,10.00,11.10,100.00,9.10
2026-05-15T21:11:21.570463,11.10,18.20,100.00,0.00
2026-05-15T21:11:21.672736,18.20,20.00,100.00,0.00
2026-05-15T21:11:21.774951,11.10,0.00,100.00,0.00
2026-05-15T21:11:21.876934,0.00,20.00,100.00,0.00
2026-05-15T21:11:21.979001,11.10,0.00,100.00,0.00
2026-05-15T21:11:22.081289,18.20,20.00,100.00,9.10
2026-05-15T21:11:22.183217,0.00,10.00,100.00,0.00
2026-05-15T21:11:22.285371,20.00,11.10,100.00,0.00
2026-05-15T21:11:22.387595,10.00,10.00,100.00,0.00
2026-05-15T21:11:22.489960,20.00,0.00,100.00,0.00
2026-05-15T21:11:22.592481,10.00,18.20,100.00,0.00
2026-05-15T21:11:22.694819,20.00,20.00,100.00,0.00
2026-05-15T21:11:22.797034,11.10,20.00,100.00,0.00
2026-05-15T21:11:22.899085,18.20,20.00,100.00,0.00
2026-05-15T21:11:23.001219,20.00,20.00,100.00,9.10
2026-05-15T21:11:23.103467,0.00,10.00,100.00,10.00
2026-05-15T21:11:23.205872,20.00,0.00,100.00,0.00
2026-05-15T21:11:23.308471,18.20,25.00,100.00,0.00
2026-05-15T21:11:23.410679,20.00,11.10,100.00,0.00
2026-05-15T21:11:23.513012,18.20,10.00,100.00,0.00
2026-05-15T21:11:23.615151,20.00,20.00,100.00,0.00
2026-05-15T21:11:23.717090,0.00,11.10,100.00,9.10
2026-05-15T21:11:23.818953,27.30,10.00,100.00,0.00
2026-05-15T21:11:23.920960,18.20,27.30,100.00,0.00
2026-05-15T21:11:24.022942,11.10,10.00,100.00,0.00
2026-05-15T21:11:24.125034,10.00,11.10,100.00,10.00
2026-05-15T21:11:24.227084,10.00,10.00,100.00,9.10
2026-05-15T21:11:24.329249,0.00,20.00,100.00,0.00
2026-05-15T21:11:24.431343,18.20,0.00,100.00,0.00
2026-05-15T21:11:24.533319,20.00,27.30,100.00,0.00
2026-05-15T21:11:24.635296,18.20,20.00,100.00,0.00
2026-05-15T21:11:24.737384,20.00,10.00,100.00,0.00
2026-05-15T21:11:24.839423,18.20,20.00,100.00,0.00
2026-05-15T21:11:24.941372,10.00,0.00,100.00,0.00
2026-05-15T21:11:25.084929,57.10,61.50,100.00,25.00
2026-05-15T21:11:25.187942,50.00,16.70,37.50,0.00
2026-05-15T21:11:25.290785,44.40,44.40,37.50,20.00
2026-05-15T21:11:25.393656,55.60,37.50,42.90,11.10
2026-05-15T21:11:25.496649,50.00,44.40,50.00,0.00
2026-05-15T21:11:25.599559,50.00,42.90,28.60,0.00
2026-05-15T21:11:25.701947,44.40,28.60,50.00,10.00
2026-05-15T21:11:25.805013,42.90,37.50,28.60,11.10
2026-05-15T21:11:25.907802,44.40,44.40,42.90,0.00
2026-05-15T21:11:26.010850,50.00,44.40,44.40,11.10
2026-05-15T21:11:26.113707,50.00,37.50,28.60,11.10
2026-05-15T21:11:26.217268,60.00,42.90,50.00,0.00
2026-05-15T21:11:26.320530,50.00,44.40,44.40,12.50
2026-05-15T21:11:26.423561,37.50,37.50,33.30,11.10
2026-05-15T21:11:26.526787,55.60,28.60,44.40,11.10
2026-05-15T21:11:26.629738,50.00,50.00,44.40,0.00
2026-05-15T21:11:26.732533,55.60,37.50,42.90,11.10
2026-05-15T21:11:26.835405,50.00,37.50,37.50,11.10
2026-05-15T21:11:26.938755,55.60,44.40,50.00,0.00
2026-05-15T21:11:27.041875,55.60,28.60,37.50,0.00
2026-05-15T21:11:27.145113,50.00,50.00,44.40,20.00
2026-05-15T21:11:27.248019,60.00,44.40,50.00,12.50
2026-05-15T21:11:27.350871,42.90,44.40,37.50,0.00
2026-05-15T21:11:27.453507,60.00,33.30,42.90,0.00
2026-05-15T21:11:27.556360,50.00,28.60,37.50,20.00
2026-05-15T21:11:27.659340,37.50,50.00,42.90,11.10
2026-05-15T21:11:27.762355,60.00,37.50,37.50,0.00
2026-05-15T21:11:27.865037,50.00,37.50,50.00,0.00
2026-05-15T21:11:27.967900,55.60,60.00,37.50,11.10
2026-05-15T21:11:28.071406,50.00,28.60,44.40,0.00
2026-05-15T21:11:28.174346,55.60,44.40,42.90,11.10
2026-05-15T21:11:28.277600,50.00,28.60,28.60,11.10
2026-05-15T21:11:28.380646,50.00,37.50,55.60,0.00
2026-05-15T21:11:28.483731,50.00,44.40,50.00,22.20
2026-05-15T21:11:28.586937,55.60,44.40,28.60,30.00
2026-05-15T21:11:28.689735,55.60,37.50,44.40,11.10
2026-05-15T21:11:28.793236,37.50,50.00,42.90,22.20
2026-05-15T21:11:28.896164,60.00,28.60,44.40,0.00
2026-05-15T21:11:28.999209,33.30,44.40,42.90,0.00
2026-05-15T21:11:29.102254,55.60,28.60,28.60,22.20
2026-05-15T21:11:29.205464,60.00,55.60,50.00,11.10
2026-05-15T21:11:29.307927,55.60,37.50,42.90,25.00
2026-05-15T21:11:29.411199,44.40,44.40,37.50,11.10
2026-05-15T21:11:29.514500,42.90,42.90,44.40,11.10
2026-05-15T21:11:29.617622,55.60,44.40,42.90,0.00
2026-05-15T21:11:29.720438,44.40,44.40,37.50,20.00
2026-05-15T21:11:29.823290,55.60,28.60,44.40,10.00
2026-05-15T21:11:29.926388,50.00,37.50,50.00,0.00
2026-05-15T21:11:30.029593,50.00,50.00,28.60,11.10
2026-05-15T21:11:30.132449,42.90,33.30,44.40,12.50
2026-05-15T21:11:30.235188,60.00,50.00,37.50,0.00
2026-05-15T21:11:30.337890,37.50,37.50,50.00,10.00
2026-05-15T21:11:30.440905,55.60,44.40,37.50,12.50
2026-05-15T21:11:30.543662,50.00,37.50,33.30,11.10
2026-05-15T21:11:30.646412,55.60,28.60,50.00,11.10
2026-05-15T21:11:30.749241,50.00,37.50,28.60,0.00
2026-05-15T21:11:30.852723,55.60,42.90,33.30,10.00
2026-05-15T21:11:30.956505,60.00,54.50,50.00,12.50
2026-05-15T21:11:31.059390,50.00,37.50,55.60,11.10
2026-05-15T21:11:31.162184,55.60,50.00,42.90,0.00
2026-05-15T21:11:31.265613,50.00,44.40,37.50,20.00
2026-05-15T21:11:31.369054,55.60,37.50,60.00,0.00
2026-05-15T21:11:31.472024,42.90,44.40,37.50,11.10
2026-05-15T21:11:31.574956,50.00,50.00,50.00,11.10
2026-05-15T21:11:31.677878,50.00,16.70,42.90,0.00
2026-05-15T21:11:31.780754,44.40,37.50,44.40,0.00
2026-05-15T21:11:31.884354,55.60,44.40,37.50,11.10
2026-05-15T21:11:31.986909,50.00,28.60,50.00,0.00
2026-05-15T21:11:32.089796,50.00,37.50,44.40,11.10
2026-05-15T21:11:32.193198,50.00,50.00,42.90,0.00
2026-05-15T21:11:32.296262,50.00,37.50,44.40,11.10
2026-05-15T21:11:32.398927,60.00,42.90,42.90,12.50
2026-05-15T21:11:32.501807,50.00,44.40,44.40,0.00
2026-05-15T21:11:32.604882,37.50,37.50,44.40,0.00
2026-05-15T21:11:32.707321,60.00,44.40,42.90,0.00
2026-05-15T21:11:32.810955,50.00,28.60,50.00,0.00
2026-05-15T21:11:32.913878,37.50,50.00,28.60,20.00
2026-05-15T21:11:33.016603,55.60,44.40,42.90,0.00
2026-05-15T21:11:33.120067,42.90,28.60,44.40,11.10
2026-05-15T21:11:33.223387,60.00,37.50,42.90,0.00
2026-05-15T21:11:33.326005,50.00,37.50,37.50,20.00
2026-05-15T21:11:33.428984,44.40,37.50,50.00,0.00
2026-05-15T21:11:33.531837,42.90,50.00,50.00,0.00
2026-05-15T21:11:33.634609,50.00,37.50,37.50,20.00
2026-05-15T21:11:33.737428,44.40,37.50,42.90,0.00
2026-05-15T21:11:33.840385,55.60,37.50,37.50,0.00
2026-05-15T21:11:33.943050,50.00,50.00,42.90,0.00
2026-05-15T21:11:34.045876,50.00,37.50,37.50,0.00
2026-05-15T21:11:34.148630,50.00,44.40,50.00,11.10
2026-05-15T21:11:34.251441,42.90,42.90,42.90,12.50
2026-05-15T21:11:34.354587,50.00,44.40,37.50,10.00
2026-05-15T21:11:34.457164,50.00,28.60,42.90,0.00
2026-05-15T21:11:34.559967,50.00,44.40,37.50,0.00
2026-05-15T21:11:34.662740,42.90,44.40,37.50,11.10
2026-05-15T21:11:34.765538,44.40,50.00,42.90,0.00
2026-05-15T21:11:34.868676,50.00,28.60,44.40,0.00
2026-05-15T21:11:34.971818,50.00,44.40,44.40,11.10
2026-05-15T21:11:35.074917,50.00,44.40,50.00,0.00
2026-05-15T21:11:35.177617,55.60,33.30,16.70,11.10
2026-05-15T21:11:35.280602,50.00,44.40,55.60,11.10
2026-05-15T21:11:35.383347,55.60,37.50,28.60,20.00
2026-05-15T21:11:35.486376,44.40,42.90,55.60,0.00
2026-05-15T21:11:35.589041,50.00,37.50,28.60,22.20
2026-05-15T21:11:35.691962,55.60,37.50,28.60,0.00
2026-05-15T21:11:35.794808,37.50,37.50,37.50,11.10
2026-05-15T21:11:35.897889,42.90,42.90,50.00,0.00
2026-05-15T21:11:36.000939,50.00,44.40,37.50,20.00
2026-05-15T21:11:36.103904,50.00,37.50,37.50,0.00
2026-05-15T21:11:36.206579,50.00,44.40,50.00,0.00
2026-05-15T21:11:36.309262,50.00,42.90,28.60,0.00
2026-05-15T21:11:36.411938,50.00,28.60,55.60,11.10
2026-05-15T21:11:36.514577,50.00,44.40,37.50,0.00
2026-05-15T21:11:36.617437,42.90,37.50,37.50,20.00
2026-05-15T21:11:36.720264,55.60,37.50,42.90,0.00
2026-05-15T21:11:36.823518,50.00,44.40,37.50,0.00
2026-05-15T21:11:36.926281,50.00,37.50,44.40,10.00
2026-05-15T21:11:37.028998,50.00,37.50,50.00,11.10
2026-05-15T21:11:37.132028,42.90,28.60,37.50,11.10
2026-05-15T21:11:37.235570,28.60,44.40,37.50,0.00
2026-05-15T21:11:37.338578,60.00,37.50,28.60,20.00
2026-05-15T21:11:37.441182,42.90,33.30,60.00,0.00
2026-05-15T21:11:37.544515,50.00,37.50,28.60,0.00
2026-05-15T21:11:37.647400,44.40,37.50,44.40,0.00
2026-05-15T21:11:37.750313,55.60,37.50,37.50,11.10
2026-05-15T21:11:37.853866,42.90,44.40,50.00,11.10
2026-05-15T21:11:37.956541,44.40,28.60,37.50,0.00
2026-05-15T21:11:38.059292,50.00,50.00,37.50,11.10
2026-05-15T21:11:38.162409,42.90,44.40,55.60,0.00
2026-05-15T21:11:38.265398,50.00,28.60,44.40,11.10
2026-05-15T21:11:38.368534,55.60,50.00,37.50,0.00
2026-05-15T21:11:38.471679,50.00,37.50,37.50,10.00
2026-05-15T21:11:38.574582,50.00,28.60,50.00,0.00
2026-05-15T21:11:38.677512,44.40,50.00,28.60,11.10
2026-05-15T21:11:38.780244,50.00,28.60,44.40,10.00
2026-05-15T21:11:38.883418,42.90,37.50,44.40,11.10
2026-05-15T21:11:38.986601,44.40,37.50,42.90,11.10
2026-05-15T21:11:39.089473,50.00,28.60,44.40,0.00
2026-05-15T21:11:39.192554,50.00,37.50,44.40,11.10
2026-05-15T21:11:39.295523,60.00,50.00,50.00,0.00
2026-05-15T21:11:39.398575,44.40,50.00,37.50,20.00
2026-05-15T21:11:39.501962,55.60,37.50,44.40,0.00
2026-05-15T21:11:39.605041,50.00,37.50,33.30,0.00
2026-05-15T21:11:39.707952,37.50,44.40,44.40,11.10
2026-05-15T21:11:39.810963,60.00,28.60,28.60,0.00
2026-05-15T21:11:39.913922,55.60,42.90,55.60,11.10
2026-05-15T21:11:40.016118,40.00,22.20,12.50,0.00
2026-05-15T21:11:40.118237,0.00,18.20,11.10,10.00
2026-05-15T21:11:40.220394,11.10,0.00,10.00,0.00
2026-05-15T21:11:40.322484,10.00,10.00,0.00,0.00
2026-05-15T21:11:40.424830,11.10,10.00,11.10,0.00
2026-05-15T21:11:40.526814,18.20,0.00,10.00,0.00
2026-05-15T21:11:40.628907,0.00,10.00,11.10,0.00
2026-05-15T21:11:40.731253,18.20,10.00,10.00,0.00
2026-05-15T21:11:40.833325,11.10,20.00,11.10,0.00
2026-05-15T21:11:40.935395,0.00,10.00,10.00,10.00
2026-05-15T21:11:41.037518,20.00,0.00,0.00,10.00
2026-05-15T21:11:41.139492,11.10,10.00,0.00,0.00
2026-05-15T21:11:41.241580,0.00,10.00,20.00,9.10
2026-05-15T21:11:41.343605,11.10,11.10,10.00,0.00
2026-05-15T21:11:41.445743,10.00,0.00,10.00,0.00
2026-05-15T21:11:41.547988,0.00,25.00,11.10,0.00
2026-05-15T21:11:41.650366,11.10,0.00,10.00,0.00
2026-05-15T21:11:41.752515,0.00,0.00,11.10,0.00
2026-05-15T21:11:41.854684,20.00,11.10,10.00,0.00
2026-05-15T21:11:41.956721,10.00,0.00,10.00,0.00
2026-05-15T21:11:42.058781,0.00,0.00,0.00,0.00
2026-05-15T21:11:42.160780,10.00,20.00,10.00,10.00
2026-05-15T21:11:42.262889,20.00,10.00,0.00,0.00
2026-05-15T21:11:42.365002,10.00,10.00,10.00,0.00
2026-05-15T21:11:42.466987,11.10,0.00,10.00,0.00
2026-05-15T21:11:42.569009,10.00,18.20,11.10,0.00
2026-05-15T21:11:42.670952,0.00,11.10,0.00,0.00
2026-05-15T21:11:42.773028,10.00,0.00,10.00,10.00
2026-05-15T21:11:42.875355,11.10,10.00,10.00,0.00
2026-05-15T21:11:42.977517,10.00,0.00,0.00,0.00
2026-05-15T21:11:43.079730,11.10,18.20,0.00,0.00
2026-05-15T21:11:43.181930,18.20,0.00,0.00,0.00
2026-05-15T21:11:43.283968,11.10,11.10,11.10,25.00
2026-05-15T21:11:43.386200,10.00,0.00,10.00,0.00
2026-05-15T21:11:43.488251,11.10,27.30,10.00,0.00
2026-05-15T21:11:43.590463,0.00,0.00,11.10,0.00
2026-05-15T21:11:43.692563,11.10,10.00,10.00,0.00
2026-05-15T21:11:43.794970,10.00,11.10,0.00,0.00
2026-05-15T21:11:43.897240,0.00,10.00,10.00,0.00
2026-05-15T21:11:43.999365,10.00,0.00,11.10,10.00
2026-05-15T21:11:44.101718,18.20,27.30,18.20,0.00
2026-05-15T21:11:44.203898,20.00,0.00,0.00,0.00
2026-05-15T21:11:44.305929,0.00,0.00,27.30,0.00
2026-05-15T21:11:44.408116,11.10,18.20,0.00,0.00
2026-05-15T21:11:44.510094,18.20,10.00,11.10,9.10
2026-05-15T21:11:44.612034,0.00,11.10,10.00,0.00
2026-05-15T21:11:44.714304,10.00,18.20,10.00,0.00
2026-05-15T21:11:44.816247,11.10,0.00,11.10,0.00
2026-05-15T21:11:44.918214,0.00,0.00,0.00,0.00
2026-05-15T21:11:45.020266,11.10,10.00,10.00,10.00
2026-05-15T21:11:45.122339,10.00,20.00,11.10,0.00
2026-05-15T21:11:45.224721,11.10,0.00,18.20,0.00
2026-05-15T21:11:45.326946,10.00,18.20,0.00,0.00
2026-05-15T21:11:45.429042,0.00,0.00,0.00,0.00
2026-05-15T21:11:45.530985,18.20,0.00,20.00,0.00
2026-05-15T21:11:45.633032,11.10,10.00,10.00,0.00
2026-05-15T21:11:45.735020,10.00,20.00,20.00,0.00
2026-05-15T21:11:45.836967,11.10,0.00,0.00,0.00
2026-05-15T21:11:45.938970,0.00,11.10,11.10,0.00
2026-05-15T21:11:46.041041,11.10,18.20,10.00,9.10
2026-05-15T21:11:46.143211,10.00,11.10,10.00,10.00
2026-05-15T21:11:46.245200,11.10,10.00,0.00,0.00
2026-05-15T21:11:46.347190,10.00,0.00,18.20,0.00
2026-05-15T21:11:46.449314,0.00,18.20,0.00,0.00
2026-05-15T21:11:46.551405,18.20,11.10,10.00,0.00
2026-05-15T21:11:46.653546,27.30,0.00,0.00,0.00
2026-05-15T21:11:46.755476,0.00,20.00,25.00,0.00
2026-05-15T21:11:46.857460,0.00,10.00,0.00,0.00
2026-05-15T21:11:46.959365,18.20,0.00,0.00,0.00
2026-05-15T21:11:47.061389,11.10,10.00,18.20,0.00
2026-05-15T21:11:47.163490,10.00,27.30,0.00,10.00
2026-05-15T21:11:47.265653,0.00,10.00,18.20,0.00
2026-05-15T21:11:47.367649,10.00,20.00,0.00,0.00
2026-05-15T21:11:47.469932,11.10,0.00,11.10,0.00
2026-05-15T21:11:47.572265,18.20,11.10,0.00,9.10
2026-05-15T21:11:47.674461,18.20,10.00,10.00,0.00
2026-05-15T21:11:47.776547,0.00,10.00,11.10,0.00
2026-05-15T21:11:47.878898,0.00,11.10,0.00,0.00
2026-05-15T21:11:47.981012,20.00,10.00,10.00,9.10
2026-05-15T21:11:48.083037,0.00,10.00,0.00,0.00
2026-05-15T21:11:48.185157,18.20,11.10,25.00,0.00
2026-05-15T21:11:48.287375,11.10,10.00,11.10,0.00
2026-05-15T21:11:48.389505,0.00,0.00,0.00,0.00
2026-05-15T21:11:48.491627,20.00,0.00,10.00,10.00
2026-05-15T21:11:48.593878,0.00,20.00,0.00,0.00
2026-05-15T21:11:48.695984,11.10,10.00,18.20,0.00
2026-05-15T21:11:48.798099,18.20,11.10,0.00,0.00
2026-05-15T21:11:48.900330,0.00,10.00,0.00,0.00
2026-05-15T21:11:49.002521,18.20,0.00,11.10,0.00
2026-05-15T21:11:49.104894,0.00,11.10,0.00,0.00
2026-05-15T21:11:49.206932,0.00,18.20,10.00,10.00
2026-05-15T21:11:49.309039,20.00,0.00,0.00,9.10
2026-05-15T21:11:49.411154,10.00,10.00,18.20,0.00
2026-05-15T21:11:49.513268,11.10,11.10,11.10,0.00
2026-05-15T21:11:49.615585,10.00,18.20,10.00,0.00
2026-05-15T21:11:49.717664,20.00,0.00,20.00,0.00
2026-05-15T21:11:49.819913,10.00,18.20,10.00,0.00
2026-05-15T21:11:49.921983,11.10,0.00,0.00,0.00
2026-05-15T21:11:50.024147,10.00,0.00,11.10,10.00
2026-05-15T21:11:50.126243,10.00,0.00,10.00,0.00
2026-05-15T21:11:50.228536,11.10,18.20,10.00,0.00
2026-05-15T21:11:50.330501,0.00,10.00,0.00,0.00
2026-05-15T21:11:50.432900,20.00,0.00,10.00,0.00
2026-05-15T21:11:50.535011,0.00,18.20,10.00,0.00
2026-05-15T21:11:50.637018,11.10,0.00,11.10,10.00
2026-05-15T21:11:50.739000,10.00,10.00,0.00,0.00
2026-05-15T21:11:50.841283,10.00,10.00,11.10,0.00
2026-05-15T21:11:50.943392,11.10,11.10,10.00,0.00
2026-05-15T21:11:51.045388,10.00,11.10,0.00,11.10
2026-05-15T21:11:51.147611,11.10,10.00,20.00,0.00
2026-05-15T21:11:51.249711,11.10,11.10,0.00,0.00
2026-05-15T21:11:51.351747,0.00,0.00,0.00,0.00
2026-05-15T21:11:51.453823,27.30,10.00,10.00,0.00
2026-05-15T21:11:51.555937,0.00,11.10,11.10,9.10
2026-05-15T21:11:51.657937,11.10,10.00,0.00,10.00
2026-05-15T21:11:51.759911,0.00,11.10,10.00,0.00
2026-05-15T21:11:51.862077,11.10,18.20,0.00,0.00
2026-05-15T21:11:51.964365,10.00,11.10,25.00,0.00
2026-05-15T21:11:52.066359,20.00,0.00,0.00,0.00
2026-05-15T21:11:52.168390,10.00,18.20,0.00,10.00
2026-05-15T21:11:52.270424,11.10,0.00,10.00,0.00
2026-05-15T21:11:52.372473,0.00,18.20,11.10,0.00
2026-05-15T21:11:52.474534,20.00,0.00,10.00,0.00
2026-05-15T21:11:52.576740,0.00,20.00,0.00,0.00
2026-05-15T21:11:52.678878,11.10,0.00,10.00,0.00
2026-05-15T21:11:52.781200,0.00,11.10,10.00,9.10
2026-05-15T21:11:52.883373,20.00,10.00,11.10,0.00
2026-05-15T21:11:52.985397,0.00,18.20,0.00,0.00
2026-05-15T21:11:53.087448,18.20,0.00,18.20,0.00
2026-05-15T21:11:53.189527,0.00,0.00,0.00,0.00
2026-05-15T21:11:53.291740,0.00,10.00,10.00,0.00
2026-05-15T21:11:53.393979,20.00,11.10,20.00,9.10
2026-05-15T21:11:53.495975,10.00,10.00,10.00,0.00
2026-05-15T21:11:53.597968,20.00,11.10,0.00,0.00
2026-05-15T21:11:53.700028,10.00,18.20,20.00,18.20
2026-05-15T21:11:53.802325,0.00,0.00,0.00,0.00
2026-05-15T21:11:53.904577,10.00,20.00,0.00,10.00
2026-05-15T21:11:54.006605,0.00,0.00,11.10,0.00
2026-05-15T21:11:54.108833,18.20,20.00,18.20,0.00
2026-05-15T21:11:54.210808,0.00,10.00,11.10,0.00
2026-05-15T21:11:54.312821,25.00,0.00,10.00,0.00
2026-05-15T21:11:54.414828,11.10,18.20,10.00,0.00
2026-05-15T21:11:54.517004,10.00,11.10,0.00,0.00
2026-05-15T21:11:54.619101,11.10,10.00,18.20,0.00
2026-05-15T21:11:54.721231,10.00,10.00,11.10,0.00
2026-05-15T21:11:54.823361,0.00,20.00,10.00,10.00
2026-05-15T21:11:54.925389,18.20,0.00,0.00,0.00
2026-05-15T21:11:55.027804,12.50,12.50,12.50,0.00
2026-05-15T21:11:55.130272,14.30,22.20,14.30,0.00
2026-05-15T21:11:55.232839,25.00,14.30,14.30,10.00
2026-05-15T21:11:55.335025,25.00,22.20,22.20,11.10
2026-05-15T21:11:55.437572,25.00,25.00,25.00,0.00
2026-05-15T21:11:55.539808,12.50,12.50,14.30,0.00
2026-05-15T21:11:55.642454,14.30,25.00,25.00,0.00
2026-05-15T21:11:55.744981,25.00,30.00,22.20,10.00
2026-05-15T21:11:55.847429,33.30,0.00,0.00,0.00
2026-05-15T21:11:55.949801,25.00,22.20,22.20,11.10
2026-05-15T21:11:56.052555,14.30,0.00,25.00,0.00
2026-05-15T21:11:56.155009,33.30,33.30,25.00,0.00
2026-05-15T21:11:56.257476,25.00,12.50,0.00,10.00
2026-05-15T21:11:56.360238,25.00,25.00,25.00,0.00
2026-05-15T21:11:56.462876,12.50,12.50,14.30,0.00
2026-05-15T21:11:56.567808,25.00,22.20,22.20,0.00
2026-05-15T21:11:56.670700,25.00,25.00,0.00,18.20
2026-05-15T21:11:56.773203,25.00,14.30,22.20,0.00
2026-05-15T21:11:56.875627,14.30,0.00,25.00,0.00
2026-05-15T21:11:56.978329,22.20,25.00,14.30,10.00
2026-05-15T21:11:57.080857,14.30,22.20,12.50,0.00
2026-05-15T21:11:57.183512,25.00,22.20,14.30,10.00
2026-05-15T21:11:57.285702,14.30,14.30,14.30,0.00
2026-05-15T21:11:57.388059,0.00,0.00,12.50,0.00
2026-05-15T21:11:57.490569,22.20,14.30,14.30,0.00
2026-05-15T21:11:57.593030,37.50,22.20,33.30,10.00
2026-05-15T21:11:57.695571,22.20,14.30,0.00,11.10
2026-05-15T21:11:57.797967,14.30,0.00,14.30,0.00
2026-05-15T21:11:57.900635,14.30,33.30,22.20,0.00
2026-05-15T21:11:58.002939,25.00,12.50,14.30,0.00
2026-05-15T21:11:58.105614,25.00,25.00,25.00,0.00
2026-05-15T21:11:58.207943,25.00,12.50,12.50,0.00
2026-05-15T21:11:58.310798,22.20,25.00,12.50,20.00
2026-05-15T21:11:58.413591,14.30,12.50,14.30,0.00
2026-05-15T21:11:58.516208,14.30,14.30,0.00,0.00
2026-05-15T21:11:58.618801,33.30,12.50,22.20,0.00
2026-05-15T21:11:58.721620,14.30,14.30,14.30,10.00
2026-05-15T21:11:58.824072,14.30,30.00,25.00,0.00
2026-05-15T21:11:58.926572,25.00,14.30,0.00,0.00
2026-05-15T21:11:59.029668,25.00,12.50,25.00,10.00
2026-05-15T21:11:59.131885,14.30,25.00,25.00,0.00
2026-05-15T21:11:59.234178,25.00,25.00,12.50,11.10
2026-05-15T21:11:59.336781,14.30,12.50,14.30,10.00
2026-05-15T21:11:59.439470,22.20,25.00,14.30,0.00
2026-05-15T21:11:59.542553,0.00,22.20,22.20,0.00
2026-05-15T21:11:59.645245,40.00,14.30,14.30,0.00
2026-05-15T21:11:59.747498,14.30,0.00,14.30,0.00
2026-05-15T21:11:59.850026,14.30,30.00,12.50,20.00
2026-05-15T21:11:59.952484,25.00,0.00,14.30,0.00
2026-05-15T21:12:00.054884,14.30,12.50,25.00,0.00
2026-05-15T21:12:00.157540,14.30,25.00,22.20,0.00
2026-05-15T21:12:00.259880,30.00,12.50,14.30,10.00
2026-05-15T21:12:00.362521,25.00,14.30,25.00,0.00
2026-05-15T21:12:00.464891,14.30,22.20,12.50,0.00
2026-05-15T21:12:00.567313,25.00,0.00,14.30,0.00
2026-05-15T21:12:00.670016,25.00,14.30,33.30,10.00
2026-05-15T21:12:00.772498,25.00,25.00,12.50,11.10
2026-05-15T21:12:00.875294,22.20,22.20,14.30,0.00
2026-05-15T21:12:00.977742,25.00,14.30,14.30,0.00
2026-05-15T21:12:01.080035,25.00,25.00,25.00,0.00
2026-05-15T21:12:01.182457,25.00,22.20,22.20,11.10
2026-05-15T21:12:01.285036,25.00,25.00,14.30,10.00
2026-05-15T21:12:01.387751,25.00,12.50,14.30,0.00
2026-05-15T21:12:01.490295,14.30,25.00,22.20,18.20
2026-05-15T21:12:01.592871,14.30,25.00,14.30,0.00
2026-05-15T21:12:01.695296,33.30,12.50,14.30,0.00
2026-05-15T21:12:01.797488,12.50,14.30,22.20,0.00
2026-05-15T21:12:01.900028,25.00,12.50,0.00,0.00
2026-05-15T21:12:02.002558,14.30,25.00,12.50,0.00
2026-05-15T21:12:02.105247,14.30,0.00,25.00,11.10
2026-05-15T21:12:02.207503,25.00,14.30,14.30,10.00
2026-05-15T21:12:02.310034,12.50,22.20,12.50,0.00
2026-05-15T21:12:02.412633,25.00,14.30,14.30,0.00
2026-05-15T21:12:02.515283,25.00,0.00,25.00,0.00
2026-05-15T21:12:02.617650,14.30,25.00,12.50,0.00
2026-05-15T21:12:02.720218,14.30,22.20,33.30,11.10
2026-05-15T21:12:02.822849,33.30,14.30,14.30,0.00
2026-05-15T21:12:02.925346,0.00,12.50,12.50,0.00
2026-05-15T21:12:03.028004,33.30,14.30,14.30,0.00
2026-05-15T21:12:03.130304,14.30,30.00,25.00,11.10
2026-05-15T21:12:03.232986,14.30,0.00,0.00,10.00
2026-05-15T21:12:03.335492,30.00,12.50,25.00,0.00
2026-05-15T21:12:03.438019,14.30,25.00,14.30,0.00
2026-05-15T21:12:03.540653,25.00,0.00,22.20,0.00
2026-05-15T21:12:03.643023,25.00,25.00,33.30,11.10
2026-05-15T21:12:03.745642,25.00,25.00,14.30,0.00
2026-05-15T21:12:03.848004,25.00,22.20,25.00,0.00
2026-05-15T21:12:03.950335,0.00,14.30,0.00,0.00
2026-05-15T21:12:04.052910,25.00,22.20,14.30,10.00
2026-05-15T21:12:04.155678,14.30,0.00,22.20,0.00
2026-05-15T21:12:04.258217,25.00,22.20,25.00,10.00
2026-05-15T21:12:04.361045,14.30,0.00,0.00,0.00
2026-05-15T21:12:04.463734,14.30,12.50,22.20,0.00
2026-05-15T21:12:04.566523,25.00,14.30,25.00,0.00
2026-05-15T21:12:04.669438,25.00,22.20,14.30,0.00
2026-05-15T21:12:04.772229,25.00,14.30,14.30,11.10
2026-05-15T21:12:04.874832,14.30,30.00,22.20,0.00
2026-05-15T21:12:04.977531,25.00,0.00,0.00,0.00
2026-05-15T21:12:05.080405,12.50,14.30,22.20,0.00
2026-05-15T21:12:05.182949,25.00,22.20,25.00,0.00
2026-05-15T21:12:05.285359,14.30,14.30,14.30,11.10
2026-05-15T21:12:05.387860,0.00,22.20,14.30,0.00
2026-05-15T21:12:05.490304,33.30,14.30,22.20,10.00
2026-05-15T21:12:05.592863,14.30,12.50,25.00,0.00
2026-05-15T21:12:05.695611,25.00,25.00,14.30,0.00
2026-05-15T21:12:05.798365,25.00,12.50,12.50,0.00
2026-05-15T21:12:05.901302,33.30,14.30,25.00,11.10
2026-05-15T21:12:06.003704,0.00,22.20,14.30,0.00
2026-05-15T21:12:06.106481,33.30,14.30,12.50,10.00
2026-05-15T21:12:06.209391,14.30,12.50,14.30,0.00
2026-05-15T21:12:06.311747,14.30,25.00,22.20,0.00
2026-05-15T21:12:06.414189,14.30,22.20,14.30,0.00
2026-05-15T21:12:06.516591,25.00,25.00,14.30,11.10
2026-05-15T21:12:06.619295,22.20,12.50,12.50,0.00
2026-05-15T21:12:06.721825,25.00,14.30,25.00,0.00
2026-05-15T21:12:06.824520,14.30,22.20,0.00,0.00
2026-05-15T21:12:06.927161,14.30,14.30,33.30,11.10
2026-05-15T21:12:07.029490,25.00,22.20,14.30,0.00
2026-05-15T21:12:07.132019,14.30,14.30,22.20,0.00
2026-05-15T21:12:07.234644,25.00,22.20,14.30,11.10
2026-05-15T21:12:07.337280,25.00,14.30,14.30,11.10
2026-05-15T21:12:07.439698,25.00,12.50,12.50,10.00
2026-05-15T21:12:07.542360,33.30,14.30,25.00,0.00
2026-05-15T21:12:07.644948,0.00,12.50,0.00,0.00
2026-05-15T21:12:07.747513,14.30,25.00,12.50,0.00
2026-05-15T21:12:07.849971,22.20,12.50,33.30,0.00
2026-05-15T21:12:07.952573,14.30,12.50,0.00,0.00
2026-05-15T21:12:08.055020,14.30,14.30,25.00,18.20
2026-05-15T21:12:08.157805,25.00,22.20,14.30,0.00
2026-05-15T21:12:08.260318,22.20,0.00,12.50,0.00
2026-05-15T21:12:08.362787,14.30,22.20,25.00,0.00
2026-05-15T21:12:08.465366,14.30,12.50,14.30,0.00
2026-05-15T21:12:08.567808,14.30,25.00,12.50,0.00
2026-05-15T21:12:08.670358,33.30,14.30,14.30,0.00
2026-05-15T21:12:08.772968,14.30,12.50,12.50,0.00
2026-05-15T21:12:08.875804,25.00,22.20,25.00,10.00
2026-05-15T21:12:08.978571,14.30,14.30,14.30,0.00
2026-05-15T21:12:09.080936,12.50,12.50,0.00,11.10
2026-05-15T21:12:09.183459,25.00,14.30,25.00,0.00
2026-05-15T21:12:09.285959,25.00,22.20,25.00,0.00
2026-05-15T21:12:09.388733,14.30,14.30,12.50,10.00
2026-05-15T21:12:09.490885,25.00,12.50,25.00,0.00
2026-05-15T21:12:09.593045,14.30,22.20,12.50,0.00
2026-05-15T21:12:09.695448,25.00,14.30,14.30,0.00
2026-05-15T21:12:09.797879,12.50,14.30,25.00,10.00
2026-05-15T21:12:09.900391,33.30,22.20,14.30,0.00
2026-05-15T21:12:10.002698,14.30,22.20,30.00,10.00
2026-05-15T21:12:10.105256,11.10,0.00,0.00,0.00
2026-05-15T21:12:10.207724,11.10,11.10,11.10,0.00
2026-05-15T21:12:10.310605,11.10,0.00,11.10,0.00
2026-05-15T21:12:10.412924,0.00,11.10,0.00,0.00
2026-05-15T21:12:10.515426,20.00,20.00,0.00,0.00
2026-05-15T21:12:10.617481,0.00,0.00,27.30,0.00
2026-05-15T21:12:10.719786,20.00,11.10,0.00,0.00
2026-05-15T21:12:10.821743,0.00,11.10,11.10,0.00
2026-05-15T21:12:10.924487,20.00,0.00,0.00,0.00
2026-05-15T21:12:11.026801,12.50,22.20,11.10,0.00
2026-05-15T21:12:11.128887,11.10,0.00,20.00,0.00
2026-05-15T21:12:11.231110,11.10,10.00,0.00,10.00
2026-05-15T21:12:11.333428,12.50,0.00,0.00,0.00
2026-05-15T21:12:11.435597,11.10,11.10,11.10,0.00
2026-05-15T21:12:11.537980,20.00,20.00,11.10,0.00
2026-05-15T21:12:11.640265,0.00,11.10,11.10,10.00
2026-05-15T21:12:11.742634,0.00,0.00,0.00,0.00
2026-05-15T21:12:11.844881,20.00,0.00,11.10,0.00
2026-05-15T21:12:11.946915,0.00,20.00,11.10,0.00
2026-05-15T21:12:12.048981,22.20,11.10,0.00,0.00
2026-05-15T21:12:12.151271,11.10,11.10,11.10,0.00
2026-05-15T21:12:12.253339,11.10,0.00,11.10,0.00
2026-05-15T21:12:12.355827,11.10,11.10,11.10,0.00
2026-05-15T21:12:12.458211,11.10,11.10,0.00,9.10
2026-05-15T21:12:12.560627,0.00,11.10,11.10,0.00
2026-05-15T21:12:12.662842,11.10,11.10,11.10,0.00
2026-05-15T21:12:12.764850,0.00,11.10,0.00,18.20
2026-05-15T21:12:12.866911,11.10,0.00,11.10,0.00
2026-05-15T21:12:12.969003,11.10,20.00,11.10,0.00
2026-05-15T21:12:13.071337,11.10,0.00,0.00,0.00
2026-05-15T21:12:13.173595,0.00,11.10,11.10,0.00
2026-05-15T21:12:13.275711,11.10,11.10,11.10,10.00
2026-05-15T21:12:13.378042,20.00,0.00,11.10,0.00
2026-05-15T21:12:13.480236,12.50,11.10,11.10,0.00
2026-05-15T21:12:13.582732,11.10,11.10,0.00,9.10
2026-05-15T21:12:13.684754,11.10,11.10,20.00,0.00
2026-05-15T21:12:13.786988,0.00,11.10,0.00,0.00
2026-05-15T21:12:13.889329,11.10,11.10,20.00,0.00
2026-05-15T21:12:13.991326,11.10,0.00,11.10,0.00
2026-05-15T21:12:14.093430,12.50,10.00,0.00,0.00
2026-05-15T21:12:14.195566,0.00,11.10,11.10,10.00
2026-05-15T21:12:14.297718,20.00,0.00,0.00,0.00
2026-05-15T21:12:14.400030,11.10,20.00,11.10,0.00
2026-05-15T21:12:14.502155,11.10,0.00,11.10,0.00
2026-05-15T21:12:14.604338,11.10,11.10,11.10,0.00
2026-05-15T21:12:14.706868,20.00,20.00,20.00,0.00
2026-05-15T21:12:14.809196,0.00,0.00,11.10,0.00
2026-05-15T21:12:14.911496,30.00,11.10,11.10,0.00
2026-05-15T21:12:15.013968,0.00,11.10,0.00,0.00
2026-05-15T21:12:15.116066,11.10,0.00,11.10,0.00
2026-05-15T21:12:15.218173,12.50,0.00,11.10,9.10
2026-05-15T21:12:15.320509,20.00,11.10,0.00,0.00
2026-05-15T21:12:15.423025,11.10,11.10,20.00,0.00
2026-05-15T21:12:15.525271,0.00,11.10,0.00,10.00
2026-05-15T21:12:15.627526,20.00,11.10,0.00,0.00
2026-05-15T21:12:15.729859,0.00,0.00,11.10,0.00
2026-05-15T21:12:15.831842,11.10,20.00,11.10,0.00
2026-05-15T21:12:15.934005,20.00,11.10,0.00,10.00
2026-05-15T21:12:16.036079,11.10,11.10,11.10,0.00
2026-05-15T21:12:16.138197,0.00,0.00,0.00,0.00
2026-05-15T21:12:16.240603,11.10,11.10,22.20,0.00
2026-05-15T21:12:16.342825,11.10,10.00,10.00,0.00
2026-05-15T21:12:16.444843,0.00,0.00,0.00,0.00
2026-05-15T21:12:16.547050,11.10,11.10,11.10,0.00
2026-05-15T21:12:16.649222,22.20,11.10,0.00,10.00
2026-05-15T21:12:16.751538,11.10,0.00,11.10,0.00
2026-05-15T21:12:16.854054,11.10,11.10,10.00,0.00
2026-05-15T21:12:16.956384,0.00,0.00,11.10,10.00
2026-05-15T21:12:17.058628,20.00,18.20,0.00,0.00
2026-05-15T21:12:17.160805,11.10,0.00,0.00,0.00
2026-05-15T21:12:17.263004,11.10,11.10,20.00,18.20
2026-05-15T21:12:17.365228,0.00,11.10,0.00,0.00
2026-05-15T21:12:17.467347,11.10,11.10,11.10,0.00
2026-05-15T21:12:17.569423,20.00,0.00,11.10,0.00
2026-05-15T21:12:17.671778,11.10,27.30,0.00,0.00
2026-05-15T21:12:17.773984,12.50,11.10,12.50,0.00
2026-05-15T21:12:17.876356,11.10,0.00,20.00,0.00
2026-05-15T21:12:17.978484,20.00,20.00,0.00,10.00
2026-05-15T21:12:18.080547,11.10,0.00,11.10,0.00
2026-05-15T21:12:18.182653,0.00,10.00,0.00,0.00
2026-05-15T21:12:18.285032,20.00,0.00,11.10,0.00
2026-05-15T21:12:18.387450,0.00,20.00,11.10,0.00
2026-05-15T21:12:18.489698,12.50,0.00,0.00,0.00
2026-05-15T21:12:18.591975,11.10,20.00,11.10,0.00
2026-05-15T21:12:18.694229,27.30,0.00,20.00,10.00
2026-05-15T21:12:18.796420,0.00,0.00,11.10,0.00
2026-05-15T21:12:18.898527,11.10,20.00,0.00,0.00
2026-05-15T21:12:19.000698,20.00,0.00,0.00,0.00
2026-05-15T21:12:19.102930,0.00,10.00,11.10,0.00
2026-05-15T21:12:19.205093,0.00,11.10,11.10,0.00
2026-05-15T21:12:19.307274,0.00,20.00,11.10,10.00
2026-05-15T21:12:19.409451,20.00,11.10,20.00,0.00
2026-05-15T21:12:19.511835,11.10,0.00,0.00,0.00
2026-05-15T21:12:19.614441,22.20,20.00,0.00,0.00
2026-05-15T21:12:19.716858,0.00,11.10,12.50,10.00
2026-05-15T21:12:19.819240,0.00,0.00,0.00,0.00
2026-05-15T21:12:19.921311,20.00,20.00,20.00,0.00
2026-05-15T21:12:20.023507,0.00,0.00,0.00,10.00
2026-05-15T21:12:20.125794,12.50,0.00,11.10,0.00
2026-05-15T21:12:20.227988,11.10,18.20,11.10,0.00
2026-05-15T21:12:20.330165,11.10,11.10,11.10,0.00
2026-05-15T21:12:20.432563,11.10,11.10,11.10,0.00
2026-05-15T21:12:20.534815,0.00,0.00,11.10,0.00
2026-05-15T21:12:20.636928,11.10,11.10,0.00,0.00
2026-05-15T21:12:20.738947,12.50,0.00,20.00,0.00
2026-05-15T21:12:20.841050,20.00,0.00,11.10,10.00
2026-05-15T21:12:20.943666,11.10,20.00,11.10,0.00
2026-05-15T21:12:21.045742,0.00,0.00,0.00,0.00
2026-05-15T21:12:21.147967,11.10,0.00,20.00,10.00
2026-05-15T21:12:21.250050,12.50,20.00,0.00,0.00
2026-05-15T21:12:21.352554,0.00,12.50,0.00,0.00
2026-05-15T21:12:21.454560,20.00,0.00,11.10,0.00
2026-05-15T21:12:21.556577,11.10,11.10,11.10,9.10
2026-05-15T21:12:21.658569,12.50,0.00,0.00,10.00
2026-05-15T21:12:21.760629,11.10,11.10,12.50,0.00
2026-05-15T21:12:21.862671,0.00,20.00,0.00,0.00
2026-05-15T21:12:21.964854,11.10,11.10,11.10,0.00
2026-05-15T21:12:22.066968,12.50,0.00,11.10,0.00
2026-05-15T21:12:22.169329,11.10,20.00,11.10,0.00
2026-05-15T21:12:22.271819,11.10,0.00,0.00,0.00
2026-05-15T21:12:22.374219,20.00,0.00,11.10,0.00
2026-05-15T21:12:22.476408,0.00,10.00,11.10,0.00
2026-05-15T21:12:22.578663,0.00,11.10,0.00,0.00
2026-05-15T21:12:22.680979,11.10,11.10,11.10,10.00
2026-05-15T21:12:22.783044,12.50,0.00,0.00,0.00
2026-05-15T21:12:22.885319,0.00,11.10,0.00,0.00
2026-05-15T21:12:22.987534,20.00,11.10,20.00,0.00
2026-05-15T21:12:23.089695,11.10,11.10,0.00,0.00
2026-05-15T21:12:23.191717,0.00,0.00,11.10,0.00
2026-05-15T21:12:23.294254,22.20,0.00,0.00,10.00
2026-05-15T21:12:23.396367,11.10,20.00,22.20,0.00
2026-05-15T21:12:23.498636,11.10,11.10,11.10,0.00
2026-05-15T21:12:23.601004,11.10,0.00,11.10,10.00
2026-05-15T21:12:23.703379,0.00,27.30,11.10,0.00
2026-05-15T21:12:23.805829,0.00,10.00,11.10,10.00
2026-05-15T21:12:23.908182,12.50,0.00,0.00,9.10
2026-05-15T21:12:24.010304,0.00,20.00,20.00,0.00
2026-05-15T21:12:24.112722,20.00,0.00,0.00,0.00
2026-05-15T21:12:24.214841,0.00,0.00,0.00,0.00
2026-05-15T21:12:24.316897,11.10,11.10,11.10,0.00
2026-05-15T21:12:24.419006,12.50,11.10,11.10,0.00
2026-05-15T21:12:24.521287,11.10,11.10,0.00,10.00
2026-05-15T21:12:24.623350,11.10,0.00,11.10,0.00
2026-05-15T21:12:24.725430,0.00,11.10,11.10,0.00
2026-05-15T21:12:24.827700,11.10,20.00,11.10,0.00
2026-05-15T21:12:24.929870,20.00,0.00,0.00,0.00
2026-05-15T21:12:25.033298,50.00,37.50,44.40,11.10
2026-05-15T21:12:25.136599,80.00,66.70,66.70,12.50
2026-05-15T21:12:25.239870,72.70,62.50,66.70,22.20
2026-05-15T21:12:25.344024,77.80,70.00,66.70,0.00
2026-05-15T21:12:25.447337,77.80,57.10,66.70,0.00
2026-05-15T21:12:25.550651,70.00,63.60,62.50,11.10
2026-05-15T21:12:25.653577,80.00,66.70,70.00,22.20
2026-05-15T21:12:25.756925,77.80,57.10,57.10,12.50
2026-05-15T21:12:25.860009,70.00,66.70,70.00,0.00
2026-05-15T21:12:25.963562,80.00,66.70,57.10,22.20
2026-05-15T21:12:26.067029,70.00,62.50,60.00,22.20
2026-05-15T21:12:26.170697,77.80,66.70,62.50,12.50
2026-05-15T21:12:26.273662,70.00,60.00,66.70,11.10
2026-05-15T21:12:26.376951,77.80,70.00,70.00,0.00
2026-05-15T21:12:26.479725,80.00,62.50,66.70,22.20
2026-05-15T21:12:26.582713,66.70,70.00,66.70,11.10
2026-05-15T21:12:26.686031,80.00,55.60,66.70,12.50
2026-05-15T21:12:26.789387,77.80,66.70,66.70,12.50
2026-05-15T21:12:26.892734,62.50,62.50,70.00,11.10
2026-05-15T21:12:26.996186,81.80,66.70,62.50,12.50
2026-05-15T21:12:27.099672,70.00,55.60,66.70,0.00
2026-05-15T21:12:27.203009,77.80,66.70,60.00,11.10
2026-05-15T21:12:27.306510,70.00,66.70,62.50,12.50
2026-05-15T21:12:27.409500,80.00,70.00,66.70,12.50
2026-05-15T21:12:27.512723,70.00,55.60,62.50,0.00
2026-05-15T21:12:27.615590,77.80,66.70,66.70,11.10
2026-05-15T21:12:27.718620,77.80,60.00,62.50,22.20
2026-05-15T21:12:27.822052,70.00,62.50,70.00,0.00
2026-05-15T21:12:27.924883,72.70,62.50,62.50,0.00
2026-05-15T21:12:28.028286,75.00,66.70,62.50,22.20
2026-05-15T21:12:28.131853,80.00,66.70,66.70,0.00
2026-05-15T21:12:28.235056,66.70,63.60,66.70,22.20
2026-05-15T21:12:28.338391,80.00,62.50,66.70,12.50
2026-05-15T21:12:28.441815,80.00,66.70,66.70,11.10
2026-05-15T21:12:28.545028,66.70,57.10,57.10,0.00
2026-05-15T21:12:28.647959,66.70,63.60,60.00,20.00
2026-05-15T21:12:28.751165,72.70,42.90,62.50,12.50
2026-05-15T21:12:28.853984,80.00,66.70,62.50,0.00
2026-05-15T21:12:28.957207,70.00,66.70,66.70,12.50
2026-05-15T21:12:29.060534,80.00,62.50,62.50,11.10
2026-05-15T21:12:29.163902,77.80,66.70,70.00,12.50
2026-05-15T21:12:29.267260,75.00,88.90,70.00,12.50
2026-05-15T21:12:29.370528,77.80,62.50,66.70,12.50
2026-05-15T21:12:29.474466,75.00,62.50,62.50,11.10
2026-05-15T21:12:29.578328,70.00,63.60,60.00,0.00
2026-05-15T21:12:29.681501,72.70,62.50,66.70,11.10
2026-05-15T21:12:29.784560,77.80,66.70,62.50,12.50
2026-05-15T21:12:29.888028,70.00,60.00,66.70,12.50
2026-05-15T21:12:29.991856,77.80,62.50,72.70,0.00
2026-05-15T21:12:30.094838,75.00,66.70,57.10,12.50
2026-05-15T21:12:30.198407,75.00,50.00,66.70,0.00
2026-05-15T21:12:30.301450,72.70,66.70,62.50,12.50
2026-05-15T21:12:30.404554,77.80,62.50,70.00,11.10
2026-05-15T21:12:30.507637,77.80,62.50,62.50,0.00
2026-05-15T21:12:30.611529,70.00,55.60,66.70,22.20
2026-05-15T21:12:30.714607,72.70,62.50,60.00,11.10
2026-05-15T21:12:30.818054,75.00,60.00,62.50,0.00
2026-05-15T21:12:30.921403,72.70,62.50,66.70,12.50
2026-05-15T21:12:31.024539,77.80,66.70,66.70,22.20
2026-05-15T21:12:31.127511,77.80,57.10,66.70,12.50
2026-05-15T21:12:31.230426,72.70,66.70,62.50,22.20
2026-05-15T21:12:31.333958,75.00,55.60,66.70,0.00
2026-05-15T21:12:31.437410,70.00,66.70,60.00,11.10
2026-05-15T21:12:31.540518,80.00,66.70,62.50,0.00
2026-05-15T21:12:31.643801,70.00,62.50,66.70,22.20
2026-05-15T21:12:31.747506,80.00,63.60,70.00,12.50
2026-05-15T21:12:31.851554,77.80,66.70,62.50,0.00
2026-05-15T21:12:31.955262,72.70,62.50,62.50,12.50
2026-05-15T21:12:32.058704,62.50,60.00,66.70,11.10
2026-05-15T21:12:32.161887,80.00,57.10,57.10,22.20
2026-05-15T21:12:32.264783,70.00,70.00,70.00,0.00
2026-05-15T21:12:32.367884,77.80,70.00,55.60,11.10
2026-05-15T21:12:32.471053,66.70,55.60,77.80,0.00
2026-05-15T21:12:32.574012,81.80,66.70,50.00,11.10
2026-05-15T21:12:32.677424,66.70,66.70,66.70,22.20
2026-05-15T21:12:32.780805,77.80,62.50,66.70,12.50
2026-05-15T21:12:32.883922,70.00,55.60,66.70,11.10
2026-05-15T21:12:32.987411,77.80,62.50,66.70,12.50
2026-05-15T21:12:33.090995,72.70,70.00,70.00,20.00
2026-05-15T21:12:33.194707,75.00,55.60,62.50,0.00
2026-05-15T21:12:33.298020,80.00,66.70,72.70,22.20
2026-05-15T21:12:33.401707,77.80,66.70,57.10,0.00
2026-05-15T21:12:33.505750,66.70,62.50,70.00,22.20
2026-05-15T21:12:33.609125,80.00,66.70,62.50,0.00
2026-05-15T21:12:33.713000,72.70,57.10,66.70,12.50
2026-05-15T21:12:33.816900,70.00,75.00,70.00,0.00
2026-05-15T21:12:33.920002,77.80,62.50,62.50,22.20
2026-05-15T21:12:34.023402,80.00,66.70,70.00,12.50
2026-05-15T21:12:34.126625,70.00,66.70,62.50,12.50
2026-05-15T21:12:34.229887,80.00,55.60,66.70,11.10
2026-05-15T21:12:34.333942,75.00,70.00,62.50,12.50
2026-05-15T21:12:34.437804,72.70,62.50,70.00,11.10
2026-05-15T21:12:34.541342,77.80,66.70,66.70,0.00
2026-05-15T21:12:34.644860,72.70,66.70,66.70,12.50
2026-05-15T21:12:34.747741,77.80,55.60,62.50,20.00
2026-05-15T21:12:34.851999,66.70,57.10,66.70,0.00
2026-05-15T21:12:34.955604,80.00,66.70,60.00,12.50
2026-05-15T21:12:35.058624,72.70,55.60,62.50,11.10
2026-05-15T21:12:35.161917,75.00,66.70,66.70,0.00
2026-05-15T21:12:35.265100,72.70,62.50,57.10,22.20
2026-05-15T21:12:35.368708,77.80,62.50,66.70,11.10
2026-05-15T21:12:35.472349,75.00,70.00,66.70,0.00
2026-05-15T21:12:35.575925,72.70,55.60,66.70,22.20
2026-05-15T21:12:35.679979,80.00,62.50,66.70,22.20
2026-05-15T21:12:35.783192,77.80,66.70,75.00,12.50
2026-05-15T21:12:35.886979,72.70,62.50,66.70,12.50
2026-05-15T21:12:35.990004,77.80,50.00,60.00,0.00
2026-05-15T21:12:36.093509,70.00,66.70,62.50,12.50
2026-05-15T21:12:36.196798,77.80,70.00,70.00,0.00
2026-05-15T21:12:36.299823,72.70,62.50,62.50,12.50
2026-05-15T21:12:36.402974,77.80,60.00,70.00,22.20
2026-05-15T21:12:36.506305,80.00,75.00,62.50,0.00
2026-05-15T21:12:36.609611,77.80,55.60,62.50,0.00
2026-05-15T21:12:36.713482,72.70,66.70,70.00,30.00
2026-05-15T21:12:36.816866,75.00,66.70,62.50,0.00
2026-05-15T21:12:36.920372,72.70,70.00,70.00,12.50
2026-05-15T21:12:37.023470,77.80,57.10,62.50,12.50
2026-05-15T21:12:37.126444,66.70,50.00,60.00,12.50
2026-05-15T21:12:37.229601,77.80,62.50,66.70,22.20
2026-05-15T21:12:37.332931,70.00,63.60,62.50,0.00
2026-05-15T21:12:37.436375,77.80,66.70,70.00,0.00
2026-05-15T21:12:37.539941,70.00,70.00,62.50,20.00
2026-05-15T21:12:37.643138,77.80,55.60,66.70,12.50
2026-05-15T21:12:37.746946,70.00,62.50,62.50,11.10
2026-05-15T21:12:37.850491,77.80,62.50,62.50,0.00
2026-05-15T21:12:37.953617,70.00,66.70,70.00,12.50
2026-05-15T21:12:38.056755,77.80,55.60,55.60,20.00
2026-05-15T21:12:38.160020,66.70,62.50,66.70,0.00
2026-05-15T21:12:38.263056,70.00,55.60,62.50,11.10
2026-05-15T21:12:38.365959,77.80,62.50,62.50,0.00
2026-05-15T21:12:38.468994,70.00,50.00,60.00,0.00
2026-05-15T21:12:38.572833,80.00,66.70,62.50,12.50
2026-05-15T21:12:38.676441,70.00,66.70,66.70,11.10
2026-05-15T21:12:38.779878,80.00,66.70,71.40,12.50
2026-05-15T21:12:38.883358,75.00,70.00,70.00,0.00
2026-05-15T21:12:38.987199,80.00,57.10,62.50,22.20
2026-05-15T21:12:39.090211,75.00,63.60,62.50,0.00
2026-05-15T21:12:39.193639,77.80,70.00,70.00,12.50
2026-05-15T21:12:39.296992,81.80,62.50,66.70,22.20
2026-05-15T21:12:39.399916,72.70,66.70,66.70,12.50
2026-05-15T21:12:39.502967,77.80,66.70,50.00,11.10
2026-05-15T21:12:39.606327,70.00,42.90,66.70,11.10
2026-05-15T21:12:39.709323,77.80,62.50,66.70,0.00
2026-05-15T21:12:39.812922,66.70,70.00,77.80,12.50
2026-05-15T21:12:39.916026,77.80,62.50,66.70,0.00
2026-05-15T21:12:40.017963,45.50,40.00,33.30,11.10
2026-05-15T21:12:40.120197,20.00,10.00,0.00,0.00
2026-05-15T21:12:40.222232,0.00,10.00,18.20,0.00
2026-05-15T21:12:40.324316,10.00,0.00,10.00,0.00
2026-05-15T21:12:40.426279,11.10,10.00,11.10,0.00
2026-05-15T21:12:40.528130,0.00,10.00,0.00,9.10
2026-05-15T21:12:40.630193,18.20,10.00,0.00,0.00
2026-05-15T21:12:40.732096,20.00,20.00,10.00,0.00
2026-05-15T21:12:40.834183,10.00,0.00,11.10,0.00
2026-05-15T21:12:40.936434,11.10,18.20,18.20,0.00
2026-05-15T21:12:41.038628,10.00,11.10,0.00,0.00
2026-05-15T21:12:41.140785,20.00,20.00,11.10,25.00
2026-05-15T21:12:41.242887,10.00,0.00,0.00,0.00
2026-05-15T21:12:41.344985,11.10,10.00,10.00,0.00
2026-05-15T21:12:41.447021,18.20,20.00,10.00,0.00
2026-05-15T21:12:41.549176,10.00,0.00,10.00,9.10
2026-05-15T21:12:41.651256,11.10,18.20,10.00,0.00
2026-05-15T21:12:41.753283,10.00,10.00,0.00,0.00
2026-05-15T21:12:41.855419,18.20,0.00,10.00,0.00
2026-05-15T21:12:41.957569,11.10,18.20,10.00,0.00
2026-05-15T21:12:42.059544,10.00,0.00,0.00,10.00
2026-05-15T21:12:42.161724,18.20,18.20,25.00,0.00
2026-05-15T21:12:42.263801,0.00,18.20,0.00,0.00
2026-05-15T21:12:42.365861,10.00,0.00,10.00,0.00
2026-05-15T21:12:42.467836,18.20,18.20,18.20,9.10
2026-05-15T21:12:42.569820,11.10,10.00,0.00,0.00
2026-05-15T21:12:42.671959,10.00,10.00,18.20,0.00
2026-05-15T21:12:42.774218,0.00,11.10,0.00,0.00
2026-05-15T21:12:42.876397,20.00,0.00,10.00,9.10
2026-05-15T21:12:42.978642,0.00,10.00,10.00,0.00
2026-05-15T21:12:43.080740,11.10,0.00,0.00,0.00
2026-05-15T21:12:43.182711,10.00,10.00,10.00,0.00
2026-05-15T21:12:43.284705,10.00,11.10,18.20,0.00
2026-05-15T21:12:43.386826,11.10,10.00,11.10,0.00
2026-05-15T21:12:43.488814,10.00,18.20,0.00,0.00
2026-05-15T21:12:43.591176,18.20,0.00,18.20,0.00
2026-05-15T21:12:43.693262,11.10,20.00,0.00,9.10
2026-05-15T21:12:43.795201,18.20,10.00,11.10,0.00
2026-05-15T21:12:43.897085,0.00,11.10,18.20,0.00
2026-05-15T21:12:43.998939,18.20,0.00,0.00,0.00
2026-05-15T21:12:44.100966,0.00,18.20,11.10,0.00
2026-05-15T21:12:44.203334,27.30,0.00,10.00,0.00
2026-05-15T21:12:44.305362,0.00,18.20,10.00,0.00
2026-05-15T21:12:44.407515,20.00,0.00,0.00,0.00
2026-05-15T21:12:44.509509,0.00,10.00,0.00,0.00
2026-05-15T21:12:44.611848,27.30,18.20,25.00,0.00
2026-05-15T21:12:44.714144,10.00,11.10,10.00,0.00
2026-05-15T21:12:44.816156,11.10,0.00,11.10,0.00
2026-05-15T21:12:44.918224,10.00,0.00,10.00,0.00
2026-05-15T21:12:45.020517,18.20,18.20,10.00,0.00
2026-05-15T21:12:45.122693,11.10,18.20,10.00,0.00
2026-05-15T21:12:45.225024,10.00,0.00,20.00,10.00
2026-05-15T21:12:45.327250,18.20,18.20,0.00,0.00
2026-05-15T21:12:45.429217,0.00,10.00,25.00,10.00
2026-05-15T21:12:45.531198,18.20,10.00,0.00,0.00
2026-05-15T21:12:45.633323,11.10,10.00,18.20,0.00
2026-05-15T21:12:45.735340,10.00,0.00,10.00,0.00
2026-05-15T21:12:45.837690,11.10,10.00,10.00,9.10
2026-05-15T21:12:45.939751,10.00,0.00,11.10,0.00
2026-05-15T21:12:46.041996,20.00,25.00,10.00,0.00
2026-05-15T21:12:46.144300,10.00,0.00,10.00,9.10
2026-05-15T21:12:46.246315,0.00,10.00,20.00,0.00
2026-05-15T21:12:46.348312,10.00,10.00,0.00,0.00
2026-05-15T21:12:46.450931,11.10,10.00,10.00,0.00
2026-05-15T21:12:46.553041,18.20,11.10,10.00,0.00
2026-05-15T21:12:46.655199,0.00,18.20,11.10,0.00
2026-05-15T21:12:46.757311,11.10,0.00,18.20,0.00
2026-05-15T21:12:46.859332,10.00,20.00,10.00,0.00
2026-05-15T21:12:46.961403,27.30,10.00,11.10,0.00
2026-05-15T21:12:47.063355,0.00,11.10,10.00,0.00
2026-05-15T21:12:47.165285,10.00,18.20,0.00,0.00
2026-05-15T21:12:47.267382,11.10,0.00,11.10,0.00
2026-05-15T21:12:47.369456,0.00,18.20,10.00,0.00
2026-05-15T21:12:47.471753,18.20,11.10,10.00,0.00
2026-05-15T21:12:47.573868,11.10,18.20,11.10,0.00
2026-05-15T21:12:47.675849,18.20,10.00,10.00,0.00
2026-05-15T21:12:47.777968,0.00,11.10,10.00,0.00
2026-05-15T21:12:47.879862,0.00,10.00,10.00,0.00
2026-05-15T21:12:47.981785,25.00,10.00,11.10,0.00
2026-05-15T21:12:48.083678,11.10,10.00,0.00,0.00
2026-05-15T21:12:48.185810,10.00,0.00,25.00,10.00
2026-05-15T21:12:48.287957,10.00,18.20,10.00,0.00
2026-05-15T21:12:48.389983,0.00,0.00,0.00,0.00
2026-05-15T21:12:48.492142,18.20,18.20,10.00,0.00
2026-05-15T21:12:48.594296,0.00,11.10,10.00,0.00
2026-05-15T21:12:48.696352,20.00,10.00,10.00,0.00
2026-05-15T21:12:48.798351,10.00,10.00,10.00,0.00
2026-05-15T21:12:48.900380,10.00,0.00,11.10,10.00
2026-05-15T21:12:49.002478,11.10,10.00,0.00,0.00
2026-05-15T21:12:49.104723,10.00,11.10,25.00,0.00
2026-05-15T21:12:49.206693,18.20,0.00,0.00,0.00
2026-05-15T21:12:49.308862,11.10,10.00,11.10,0.00
2026-05-15T21:12:49.411358,18.20,18.20,10.00,0.00
2026-05-15T21:12:49.513536,11.10,0.00,20.00,9.10
2026-05-15T21:12:49.615729,10.00,11.10,0.00,0.00
2026-05-15T21:12:49.717706,11.10,0.00,20.00,0.00
2026-05-15T21:12:49.819712,0.00,25.00,0.00,9.10
2026-05-15T21:12:50.150396,34.40,30.00,32.30,40.00
2026-05-15T21:12:50.253929,18.20,18.20,0.00,100.00
2026-05-15T21:12:50.357729,18.20,20.00,18.20,100.00
2026-05-15T21:12:50.461840,20.00,10.00,0.00,100.00
2026-05-15T21:12:50.565675,10.00,20.00,18.20,100.00
2026-05-15T21:12:50.669515,18.20,10.00,10.00,100.00
2026-05-15T21:12:50.773056,11.10,10.00,0.00,100.00
2026-05-15T21:12:50.876718,18.20,20.00,10.00,100.00
2026-05-15T21:12:50.980054,11.10,10.00,27.30,100.00
2026-05-15T21:12:51.083637,27.30,11.10,10.00,100.00
2026-05-15T21:12:51.186820,18.20,10.00,0.00,100.00
2026-05-15T21:12:51.290248,11.10,11.10,18.20,100.00
2026-05-15T21:12:51.393802,18.20,25.00,0.00,100.00
2026-05-15T21:12:51.497190,20.00,10.00,11.10,100.00
2026-05-15T21:12:51.600600,18.20,11.10,25.00,100.00
2026-05-15T21:12:51.704111,18.20,10.00,10.00,100.00
2026-05-15T21:12:51.808025,11.10,10.00,11.10,100.00
2026-05-15T21:12:51.912055,30.80,11.10,18.20,100.00
2026-05-15T21:12:52.015428,20.00,0.00,0.00,100.00
2026-05-15T21:12:52.118583,10.00,25.00,18.20,100.00
2026-05-15T21:12:52.222158,20.00,0.00,0.00,100.00
2026-05-15T21:12:52.325726,10.00,10.00,10.00,100.00
2026-05-15T21:12:52.428991,18.20,11.10,18.20,100.00
2026-05-15T21:12:52.532362,20.00,10.00,0.00,100.00
2026-05-15T21:12:52.635591,18.20,10.00,11.10,100.00
2026-05-15T21:12:52.739109,10.00,11.10,18.20,100.00
2026-05-15T21:12:52.842756,18.20,18.20,0.00,100.00
2026-05-15T21:12:52.946562,20.00,10.00,18.20,100.00
2026-05-15T21:12:53.050325,18.20,0.00,0.00,100.00
2026-05-15T21:12:53.153802,18.20,27.30,11.10,100.00
2026-05-15T21:12:53.257318,11.10,0.00,18.20,100.00
2026-05-15T21:12:53.360813,18.20,18.20,0.00,100.00
2026-05-15T21:12:53.464303,20.00,0.00,18.20,100.00
2026-05-15T21:12:53.567789,18.20,25.00,10.00,100.00
2026-05-15T21:12:53.671328,25.00,0.00,0.00,100.00
2026-05-15T21:12:53.774697,11.10,11.10,18.20,100.00
2026-05-15T21:12:53.878317,18.20,18.20,10.00,100.00
2026-05-15T21:12:53.982096,10.00,0.00,10.00,100.00
2026-05-15T21:12:54.086038,20.00,11.10,20.00,100.00
2026-05-15T21:12:54.189360,25.00,25.00,18.20,100.00
2026-05-15T21:12:54.292537,20.00,0.00,0.00,100.00
2026-05-15T21:12:54.395881,18.20,18.20,11.10,100.00
2026-05-15T21:12:54.499130,18.20,10.00,18.20,100.00
2026-05-15T21:12:54.602395,11.10,10.00,10.00,100.00
2026-05-15T21:12:54.705781,30.80,20.00,10.00,100.00
2026-05-15T21:12:54.809701,11.10,10.00,0.00,100.00
2026-05-15T21:12:54.913566,18.20,0.00,25.00,100.00
2026-05-15T21:12:55.017549,18.20,20.00,0.00,100.00
2026-05-15T21:12:55.121472,11.10,10.00,11.10,100.00
2026-05-15T21:12:55.225227,11.10,11.10,0.00,100.00
2026-05-15T21:12:55.329469,20.00,0.00,11.10,100.00
2026-05-15T21:12:55.432826,11.10,18.20,18.20,100.00
2026-05-15T21:12:55.536463,20.00,0.00,0.00,100.00
2026-05-15T21:12:55.640227,10.00,20.00,11.10,100.00
2026-05-15T21:12:55.744184,22.20,20.00,11.10,100.00
2026-05-15T21:12:55.847626,10.00,0.00,10.00,100.00
2026-05-15T21:12:55.950879,22.20,22.20,0.00,100.00
2026-05-15T21:12:56.054388,20.00,11.10,20.00,100.00
2026-05-15T21:12:56.157904,27.30,27.30,11.10,100.00
2026-05-15T21:12:56.261572,20.00,0.00,20.00,100.00
2026-05-15T21:12:56.365409,30.00,27.30,11.10,100.00
2026-05-15T21:12:56.469484,11.10,0.00,11.10,100.00
2026-05-15T21:12:56.572643,11.10,0.00,0.00,100.00
2026-05-15T21:12:56.675755,18.20,10.00,0.00,100.00
2026-05-15T21:12:56.779017,11.10,11.10,27.30,100.00
2026-05-15T21:12:56.883048,20.00,11.10,0.00,100.00
2026-05-15T21:12:56.986504,20.00,18.20,10.00,100.00
2026-05-15T21:12:57.090328,11.10,10.00,11.10,100.00
2026-05-15T21:12:57.194279,20.00,0.00,0.00,100.00
2026-05-15T21:12:57.298379,20.00,20.00,10.00,100.00
2026-05-15T21:12:57.401754,20.00,0.00,11.10,100.00
2026-05-15T21:12:57.505753,11.10,20.00,11.10,100.00
2026-05-15T21:12:57.609387,20.00,0.00,11.10,100.00
2026-05-15T21:12:57.713351,18.20,0.00,0.00,100.00
2026-05-15T21:12:57.816721,11.10,0.00,27.30,100.00
2026-05-15T21:12:57.920051,11.10,0.00,0.00,100.00
2026-05-15T21:12:58.024382,20.00,27.30,11.10,100.00
2026-05-15T21:12:58.127640,20.00,0.00,11.10,100.00
2026-05-15T21:12:58.231321,20.00,11.10,20.00,100.00
2026-05-15T21:12:58.334708,20.00,11.10,0.00,100.00
2026-05-15T21:12:58.438705,11.10,10.00,11.10,100.00
2026-05-15T21:12:58.542534,27.30,20.00,20.00,100.00
2026-05-15T21:12:58.645855,20.00,0.00,0.00,100.00
2026-05-15T21:12:58.749865,27.30,18.20,11.10,100.00
2026-05-15T21:12:58.854024,11.10,11.10,18.20,100.00
2026-05-15T21:12:58.957625,11.10,10.00,0.00,100.00
2026-05-15T21:12:59.061491,20.00,20.00,11.10,100.00
2026-05-15T21:12:59.164940,20.00,0.00,11.10,100.00
2026-05-15T21:12:59.268890,20.00,10.00,11.10,100.00
2026-05-15T21:12:59.372525,27.30,0.00,27.30,100.00
2026-05-15T21:12:59.476245,11.10,20.00,0.00,100.00
2026-05-15T21:12:59.580421,18.20,10.00,11.10,100.00
2026-05-15T21:12:59.684037,20.00,0.00,20.00,100.00
2026-05-15T21:12:59.787373,20.00,10.00,10.00,100.00
2026-05-15T21:12:59.891277,27.30,11.10,11.10,100.00
2026-05-15T21:12:59.994853,0.00,11.10,0.00,100.00
2026-05-15T21:13:00.098634,20.00,10.00,27.30,100.00
2026-05-15T21:13:00.202667,20.00,11.10,0.00,100.00
2026-05-15T21:13:00.305879,20.00,10.00,11.10,100.00
2026-05-15T21:13:00.409033,11.10,20.00,0.00,100.00
2026-05-15T21:13:00.512714,11.10,11.10,0.00,100.00
2026-05-15T21:13:00.616039,20.00,10.00,18.20,100.00
2026-05-15T21:13:00.720582,20.00,11.10,11.10,100.00
2026-05-15T21:13:00.824250,18.20,0.00,11.10,100.00
2026-05-15T21:13:00.927389,11.10,10.00,11.10,100.00
2026-05-15T21:13:01.030547,27.30,11.10,10.00,100.00
2026-05-15T21:13:01.133987,22.20,11.10,12.50,100.00
2026-05-15T21:13:01.238441,27.30,20.00,11.10,100.00
2026-05-15T21:13:01.342370,0.00,0.00,18.20,100.00
2026-05-15T21:13:01.445941,20.00,10.00,11.10,100.00
2026-05-15T21:13:01.549613,20.00,11.10,10.00,100.00
2026-05-15T21:13:01.653227,20.00,11.10,12.50,100.00
2026-05-15T21:13:01.756972,30.00,27.30,27.30,100.00
2026-05-15T21:13:01.860549,11.10,0.00,11.10,100.00
2026-05-15T21:13:01.964363,27.30,18.20,0.00,100.00
2026-05-15T21:13:02.067848,27.30,0.00,27.30,100.00
2026-05-15T21:13:02.171407,11.10,0.00,11.10,100.00
2026-05-15T21:13:02.275289,20.00,20.00,0.00,100.00
2026-05-15T21:13:02.378700,27.30,0.00,11.10,100.00
2026-05-15T21:13:02.482289,30.00,20.00,20.00,100.00
2026-05-15T21:13:02.585812,20.00,11.10,11.10,100.00
2026-05-15T21:13:02.689460,20.00,11.10,18.20,100.00
2026-05-15T21:13:02.793496,11.10,10.00,11.10,100.00
2026-05-15T21:13:02.897309,22.20,0.00,11.10,100.00
2026-05-15T21:13:03.000699,10.00,0.00,11.10,100.00
2026-05-15T21:13:03.104513,20.00,20.00,0.00,100.00
2026-05-15T21:13:03.207846,30.00,20.00,27.30,100.00
2026-05-15T21:13:03.311754,20.00,0.00,11.10,100.00
2026-05-15T21:13:03.415494,27.30,27.30,11.10,100.00
2026-05-15T21:13:03.518855,10.00,0.00,10.00,100.00
2026-05-15T21:13:03.622577,20.00,20.00,11.10,100.00
2026-05-15T21:13:03.726431,20.00,11.10,11.10,100.00
2026-05-15T21:13:03.830023,27.30,20.00,20.00,100.00
2026-05-15T21:13:03.933381,11.10,0.00,0.00,100.00
2026-05-15T21:13:04.036540,20.00,20.00,11.10,100.00
2026-05-15T21:13:04.140344,27.30,0.00,11.10,100.00
2026-05-15T21:13:04.243819,11.10,11.10,11.10,100.00
2026-05-15T21:13:04.347603,20.00,11.10,22.20,100.00
2026-05-15T21:13:04.451880,20.00,10.00,20.00,100.00
2026-05-15T21:13:04.555851,27.30,11.10,11.10,100.00
2026-05-15T21:13:04.659440,20.00,11.10,20.00,100.00
2026-05-15T21:13:04.763670,11.10,20.00,22.20,100.00
2026-05-15T21:13:04.866977,18.20,0.00,0.00,100.00
2026-05-15T21:13:04.970738,20.00,11.10,27.30,100.00
2026-05-15T21:13:05.074242,27.30,10.00,11.10,100.00
2026-05-15T21:13:05.178618,11.10,11.10,22.20,100.00
2026-05-15T21:13:05.282612,20.00,10.00,18.20,100.00
2026-05-15T21:13:05.386494,27.30,0.00,0.00,100.00
2026-05-15T21:13:05.490355,11.10,20.00,12.50,100.00
2026-05-15T21:13:05.593736,27.30,10.00,18.20,100.00
2026-05-15T21:13:05.697472,20.00,0.00,22.20,100.00
2026-05-15T21:13:05.800690,30.00,11.10,10.00,100.00
2026-05-15T21:13:05.904746,27.30,27.30,12.50,100.00
2026-05-15T21:13:06.008316,11.10,20.00,20.00,100.00
2026-05-15T21:13:06.111475,20.00,0.00,10.00,100.00
2026-05-15T21:13:06.214897,25.00,11.10,11.10,100.00
2026-05-15T21:13:06.318515,22.20,18.20,0.00,100.00
2026-05-15T21:13:06.421900,20.00,0.00,20.00,100.00
2026-05-15T21:13:06.525871,18.20,0.00,11.10,100.00
2026-05-15T21:13:06.629422,20.00,20.00,0.00,100.00
2026-05-15T21:13:06.733740,20.00,11.10,27.30,100.00
2026-05-15T21:13:06.837247,20.00,20.00,11.10,100.00
2026-05-15T21:13:06.941039,11.10,10.00,11.10,100.00
2026-05-15T21:13:07.044335,27.30,20.00,0.00,100.00
2026-05-15T21:13:07.147917,20.00,0.00,10.00,100.00
2026-05-15T21:13:07.251446,11.10,27.30,20.00,100.00
2026-05-15T21:13:07.355305,27.30,0.00,0.00,100.00
2026-05-15T21:13:07.459028,11.10,10.00,20.00,100.00
2026-05-15T21:13:07.562653,20.00,11.10,0.00,100.00
2026-05-15T21:13:07.665989,11.10,10.00,18.20,100.00
2026-05-15T21:13:07.769397,27.30,11.10,11.10,100.00
2026-05-15T21:13:07.872753,20.00,20.00,11.10,100.00
2026-05-15T21:13:07.976277,20.00,10.00,0.00,100.00
2026-05-15T21:13:08.080234,11.10,11.10,0.00,100.00
2026-05-15T21:13:08.184014,27.30,0.00,27.30,100.00
2026-05-15T21:13:08.287223,10.00,10.00,11.10,100.00
2026-05-15T21:13:08.390517,11.10,0.00,0.00,100.00
2026-05-15T21:13:08.494426,27.30,25.00,20.00,100.00
2026-05-15T21:13:08.598190,20.00,11.10,0.00,100.00
2026-05-15T21:13:08.701545,11.10,11.10,10.00,100.00
2026-05-15T21:13:08.805268,20.00,10.00,20.00,100.00
2026-05-15T21:13:08.908884,11.10,0.00,0.00,100.00
2026-05-15T21:13:09.012934,27.30,18.20,11.10,100.00
2026-05-15T21:13:09.116335,10.00,11.10,0.00,100.00
2026-05-15T21:13:09.219960,20.00,0.00,11.10,100.00
2026-05-15T21:13:09.324363,30.00,20.00,27.30,100.00
2026-05-15T21:13:09.428055,10.00,20.00,0.00,100.00
2026-05-15T21:13:09.532133,20.00,0.00,0.00,100.00
2026-05-15T21:13:09.636416,20.00,10.00,27.30,100.00
2026-05-15T21:13:09.740329,20.00,20.00,11.10,100.00
2026-05-15T21:13:09.844490,20.00,11.10,10.00,100.00
2026-05-15T21:13:09.947942,20.00,10.00,11.10,100.00
2026-05-15T21:13:10.087389,71.40,50.00,61.50,100.00
2026-05-15T21:13:10.192978,62.50,55.60,66.70,22.20
2026-05-15T21:13:10.297920,55.60,60.00,55.60,22.20
2026-05-15T21:13:10.403016,70.00,60.00,50.00,22.20
2026-05-15T21:13:10.508243,57.10,42.90,55.60,22.20
2026-05-15T21:13:10.612777,66.70,55.60,55.60,22.20
2026-05-15T21:13:10.718065,55.60,50.00,55.60,22.20
2026-05-15T21:13:10.823053,70.00,63.60,57.10,12.50
2026-05-15T21:13:10.928631,66.70,42.90,50.00,22.20
2026-05-15T21:13:11.034015,55.60,55.60,63.60,12.50
2026-05-15T21:13:11.139560,66.70,60.00,50.00,40.00
2026-05-15T21:13:11.243992,66.70,66.70,66.70,22.20
2026-05-15T21:13:11.348649,70.00,55.60,55.60,33.30
2026-05-15T21:13:11.454633,70.00,60.00,62.50,22.20
2026-05-15T21:13:11.559826,66.70,50.00,50.00,22.20
2026-05-15T21:13:11.665885,66.70,60.00,55.60,22.20
2026-05-15T21:13:11.770899,63.60,50.00,66.70,30.00
2026-05-15T21:13:11.876194,66.70,55.60,50.00,12.50
2026-05-15T21:13:11.981994,62.50,50.00,55.60,22.20
2026-05-15T21:13:12.086877,70.00,50.00,55.60,22.20
2026-05-15T21:13:12.194334,60.00,60.00,62.50,22.20
2026-05-15T21:13:12.300590,70.00,62.50,60.00,22.20
2026-05-15T21:13:12.405340,66.70,60.00,55.60,22.20
2026-05-15T21:13:12.510774,70.00,50.00,62.50,22.20
2026-05-15T21:13:12.616028,66.70,60.00,50.00,25.00
2026-05-15T21:13:12.720268,66.70,50.00,55.60,12.50
2026-05-15T21:13:12.824925,70.00,66.70,50.00,22.20
2026-05-15T21:13:12.929782,70.00,50.00,62.50,22.20
2026-05-15T21:13:13.035231,63.60,55.60,55.60,12.50
2026-05-15T21:13:13.140344,62.50,55.60,55.60,22.20
2026-05-15T21:13:13.245418,66.70,62.50,60.00,33.30
2026-05-15T21:13:13.351052,66.70,60.00,62.50,30.00
2026-05-15T21:13:13.456826,63.60,50.00,55.60,22.20
2026-05-15T21:13:13.561849,66.70,60.00,66.70,12.50
2026-05-15T21:13:13.666489,70.00,55.60,50.00,22.20
2026-05-15T21:13:13.771590,62.50,66.70,60.00,22.20
2026-05-15T21:13:13.876621,63.60,60.00,66.70,33.30
2026-05-15T21:13:13.981442,62.50,62.50,60.00,22.20
2026-05-15T21:13:14.086671,70.00,63.60,55.60,22.20
2026-05-15T21:13:14.192566,62.50,50.00,62.50,22.20
2026-05-15T21:13:14.297220,70.00,55.60,60.00,22.20
2026-05-15T21:13:14.402492,70.00,50.00,55.60,22.20
2026-05-15T21:13:14.507867,63.60,57.10,66.70,22.20
2026-05-15T21:13:14.612785,66.70,54.50,55.60,22.20
2026-05-15T21:13:14.717890,66.70,57.10,50.00,22.20
2026-05-15T21:13:14.822946,66.70,55.60,55.60,14.30
2026-05-15T21:13:14.929212,66.70,50.00,70.00,27.30
2026-05-15T21:13:15.033942,70.00,50.00,42.90,25.00
2026-05-15T21:13:15.140026,62.50,55.60,50.00,30.00
2026-05-15T21:13:15.244911,60.00,55.60,55.60,22.20
2026-05-15T21:13:15.349553,70.00,50.00,50.00,22.20
2026-05-15T21:13:15.455373,66.70,42.90,66.70,22.20
2026-05-15T21:13:15.560309,70.00,60.00,55.60,12.50
2026-05-15T21:13:15.667066,66.70,57.10,60.00,22.20
2026-05-15T21:13:15.772479,70.00,60.00,62.50,25.00
2026-05-15T21:13:15.877359,55.60,57.10,60.00,22.20
2026-05-15T21:13:15.981983,70.00,50.00,57.10,22.20
2026-05-15T21:13:16.087886,66.70,60.00,55.60,22.20
2026-05-15T21:13:16.192945,70.00,42.90,60.00,22.20
2026-05-15T21:13:16.297909,66.70,63.60,55.60,30.00
2026-05-15T21:13:16.404544,72.70,55.60,62.50,22.20
2026-05-15T21:13:16.509933,66.70,66.70,55.60,30.00
2026-05-15T21:13:16.614543,55.60,50.00,60.00,12.50
2026-05-15T21:13:16.719656,70.00,70.00,60.00,22.20
2026-05-15T21:13:16.825817,66.70,50.00,57.10,33.30
2026-05-15T21:13:16.932048,70.00,50.00,55.60,20.00
2026-05-15T21:13:17.037188,70.00,55.60,55.60,12.50
2026-05-15T21:13:17.141948,62.50,60.00,60.00,22.20
2026-05-15T21:13:17.246996,66.70,50.00,62.50,33.30
2026-05-15T21:13:17.352198,63.60,50.00,50.00,30.00
2026-05-15T21:13:17.458143,70.00,60.00,60.00,12.50
2026-05-15T21:13:17.563533,72.70,62.50,55.60,33.30
2026-05-15T21:13:17.668843,62.50,50.00,55.60,12.50
2026-05-15T21:13:17.774729,66.70,55.60,57.10,30.00
2026-05-15T21:13:17.879644,70.00,55.60,63.60,22.20
2026-05-15T21:13:17.984261,60.00,55.60,62.50,12.50
2026-05-15T21:13:18.089155,70.00,55.60,60.00,22.20
2026-05-15T21:13:18.193420,62.50,50.00,42.90,22.20
2026-05-15T21:13:18.298840,63.60,55.60,63.60,36.40
2026-05-15T21:13:18.403782,66.70,50.00,55.60,22.20
2026-05-15T21:13:18.508294,60.00,55.60,50.00,30.00
2026-05-15T21:13:18.614359,70.00,50.00,55.60,22.20
2026-05-15T21:13:18.719900,62.50,55.60,55.60,25.00
2026-05-15T21:13:18.824696,66.70,55.60,50.00,30.00
2026-05-15T21:13:18.929535,66.70,60.00,60.00,12.50
2026-05-15T21:13:19.034160,66.70,50.00,66.70,22.20
2026-05-15T21:13:19.139036,66.70,50.00,55.60,22.20
2026-05-15T21:13:19.244061,70.00,60.00,57.10,25.00
2026-05-15T21:13:19.348975,66.70,42.90,55.60,22.20
2026-05-15T21:13:19.456036,70.00,60.00,55.60,22.20
2026-05-15T21:13:19.561219,60.00,66.70,55.60,30.00
2026-05-15T21:13:19.666974,70.00,50.00,60.00,12.50
2026-05-15T21:13:19.772888,66.70,60.00,57.10,30.00
2026-05-15T21:13:19.878349,70.00,42.90,60.00,12.50
2026-05-15T21:13:19.983371,63.60,55.60,50.00,22.20
2026-05-15T21:13:20.088611,62.50,55.60,55.60,22.20
2026-05-15T21:13:20.194246,72.70,55.60,50.00,22.20
2026-05-15T21:13:20.298942,62.50,50.00,66.70,22.20
2026-05-15T21:13:20.404303,70.00,60.00,55.60,22.20
2026-05-15T21:13:20.509244,70.00,42.90,55.60,33.30
2026-05-15T21:13:20.613928,60.00,55.60,50.00,30.00
2026-05-15T21:13:20.719243,66.70,60.00,62.50,22.20
2026-05-15T21:13:20.825864,62.50,50.00,55.60,30.00
2026-05-15T21:13:20.931329,70.00,60.00,55.60,22.20
2026-05-15T21:13:21.037474,72.70,66.70,62.50,20.00
2026-05-15T21:13:21.143002,66.70,66.70,60.00,33.30
2026-05-15T21:13:21.248601,70.00,55.60,60.00,33.30
2026-05-15T21:13:21.354286,60.00,60.00,66.70,12.50
2026-05-15T21:13:21.459851,62.50,55.60,55.60,22.20
2026-05-15T21:13:21.565116,75.00,60.00,55.60,30.00
2026-05-15T21:13:21.670745,62.50,55.60,70.00,22.20
2026-05-15T21:13:21.775819,70.00,57.10,60.00,25.00
2026-05-15T21:13:21.880364,70.00,60.00,62.50,30.00
2026-05-15T21:13:21.985632,70.00,50.00,50.00,12.50
2026-05-15T21:13:22.090241,63.60,50.00,60.00,22.20
2026-05-15T21:13:22.194877,57.10,60.00,60.00,22.20
2026-05-15T21:13:22.299265,70.00,55.60,50.00,22.20
2026-05-15T21:13:22.404801,70.00,55.60,60.00,22.20
2026-05-15T21:13:22.511281,62.50,55.60,60.00,12.50
2026-05-15T21:13:22.616031,70.00,55.60,57.10,22.20
2026-05-15T21:13:22.721738,66.70,50.00,55.60,30.00
2026-05-15T21:13:22.827622,63.60,60.00,55.60,22.20
2026-05-15T21:13:22.933265,62.50,55.60,70.00,12.50
2026-05-15T21:13:23.038019,62.50,50.00,42.90,22.20
2026-05-15T21:13:23.143443,60.00,55.60,60.00,22.20
2026-05-15T21:13:23.247976,70.00,60.00,55.60,40.00
2026-05-15T21:13:23.353813,66.70,57.10,66.70,12.50
2026-05-15T21:13:23.458988,70.00,55.60,60.00,25.00
2026-05-15T21:13:23.564892,72.70,60.00,60.00,22.20
2026-05-15T21:13:23.669998,66.70,55.60,62.50,30.00
2026-05-15T21:13:23.774644,55.60,55.60,55.60,22.20
2026-05-15T21:13:23.880048,62.50,42.90,50.00,22.20
2026-05-15T21:13:23.985340,70.00,63.60,55.60,30.00
2026-05-15T21:13:24.090747,62.50,62.50,62.50,12.50
2026-05-15T21:13:24.196318,66.70,50.00,42.90,30.00
2026-05-15T21:13:24.301274,66.70,50.00,60.00,22.20
2026-05-15T21:13:24.406584,66.70,62.50,63.60,22.20
2026-05-15T21:13:24.511489,72.70,55.60,62.50,12.50
2026-05-15T21:13:24.616859,70.00,55.60,55.60,30.00
2026-05-15T21:13:24.721712,62.50,50.00,60.00,25.00
2026-05-15T21:13:24.827279,55.60,55.60,62.50,12.50
2026-05-15T21:13:24.932731,66.70,55.60,50.00,30.00
2026-05-15T21:13:25.054791,25.00,23.10,25.00,10.00
2026-05-15T21:13:25.158189,0.00,0.00,0.00,100.00
2026-05-15T21:13:25.261501,0.00,0.00,0.00,100.00
2026-05-15T21:13:25.364681,0.00,9.10,0.00,100.00
2026-05-15T21:13:25.468038,0.00,0.00,0.00,100.00
2026-05-15T21:13:25.571289,0.00,0.00,0.00,100.00
2026-05-15T21:13:25.674353,0.00,0.00,0.00,100.00
2026-05-15T21:13:25.777447,0.00,9.10,9.10,100.00
2026-05-15T21:13:25.881040,9.10,0.00,9.10,100.00
2026-05-15T21:13:25.984509,0.00,0.00,0.00,100.00
2026-05-15T21:13:26.087459,0.00,0.00,0.00,100.00
2026-05-15T21:13:26.190299,16.70,0.00,0.00,100.00
2026-05-15T21:13:26.293484,0.00,0.00,0.00,100.00
2026-05-15T21:13:26.396273,9.10,0.00,0.00,100.00
2026-05-15T21:13:26.499370,0.00,0.00,9.10,100.00
2026-05-15T21:13:26.602618,0.00,0.00,0.00,100.00
2026-05-15T21:13:26.706127,18.20,0.00,10.00,100.00
2026-05-15T21:13:26.809385,0.00,9.10,100.00,100.00
2026-05-15T21:13:26.913336,0.00,9.10,100.00,100.00
2026-05-15T21:13:27.016662,10.00,0.00,90.90,100.00
2026-05-15T21:13:27.120181,10.00,0.00,10.00,100.00
2026-05-15T21:13:27.223525,18.20,18.20,0.00,100.00
2026-05-15T21:13:27.326730,9.10,0.00,18.20,100.00
2026-05-15T21:13:27.430146,33.30,10.00,33.30,100.00
2026-05-15T21:13:27.533384,9.10,0.00,0.00,100.00
2026-05-15T21:13:27.636503,0.00,9.10,0.00,100.00
2026-05-15T21:13:27.739334,0.00,0.00,0.00,100.00
2026-05-15T21:13:27.842654,0.00,0.00,16.70,100.00
2026-05-15T21:13:27.945723,9.10,0.00,0.00,100.00
2026-05-15T21:13:28.048646,0.00,0.00,9.10,100.00
2026-05-15T21:13:28.151428,30.00,10.00,12.50,100.00
2026-05-15T21:13:28.254328,0.00,0.00,16.70,100.00
2026-05-15T21:13:28.357181,16.70,0.00,0.00,100.00
2026-05-15T21:13:28.459937,0.00,0.00,9.10,100.00
2026-05-15T21:13:28.563179,20.00,18.20,36.40,100.00
2026-05-15T21:13:28.666110,0.00,10.00,0.00,100.00
2026-05-15T21:13:28.769254,10.00,9.10,9.10,100.00
2026-05-15T21:13:28.872202,30.00,0.00,41.70,100.00
2026-05-15T21:13:28.976107,0.00,16.70,0.00,100.00
2026-05-15T21:13:29.079710,0.00,0.00,0.00,100.00
2026-05-15T21:13:29.182965,25.00,0.00,11.10,100.00
2026-05-15T21:13:29.286487,22.20,18.20,27.30,100.00
2026-05-15T21:13:29.389406,0.00,0.00,0.00,100.00
2026-05-15T21:13:29.492616,30.00,10.00,30.00,100.00
2026-05-15T21:13:29.596005,9.10,0.00,0.00,100.00
