timestamp,core0,core1,core2,core3
2026-05-09T16:32:13.183859,0.00,0.00,4.50,0.00
2026-05-09T16:32:15.065321,8.90,21.40,30.50,11.80
2026-05-09T16:32:15.767574,2.90,98.60,68.10,95.80
2026-05-09T16:32:16.469880,4.20,100.00,72.90,100.00
2026-05-09T16:32:17.172536,2.90,98.60,71.40,100.00
2026-05-09T16:32:17.874877,4.20,100.00,72.90,100.00
2026-05-09T16:32:18.577418,1.40,100.00,72.90,100.00
2026-05-09T16:32:19.280004,4.20,98.60,73.20,100.00
2026-05-09T16:32:19.982755,2.90,100.00,71.40,100.00
2026-05-09T16:32:20.685425,2.90,100.00,72.90,100.00
2026-05-09T16:32:21.387974,7.00,100.00,73.60,100.00
2026-05-09T16:32:22.090636,4.20,98.60,72.50,100.00
2026-05-09T16:32:22.792897,2.90,100.00,72.90,100.00
2026-05-09T16:32:23.495186,2.90,98.60,73.60,100.00
2026-05-09T16:32:24.197832,4.30,98.60,75.00,100.00
2026-05-09T16:32:24.900470,19.00,100.00,72.90,100.00
2026-05-09T16:32:25.603284,49.50,100.00,75.70,100.00
2026-05-09T16:32:26.306334,49.10,98.60,75.70,100.00
2026-05-09T16:32:27.009178,51.40,100.00,75.70,98.60
2026-05-09T16:32:27.711579,48.10,100.00,75.70,100.00
2026-05-09T16:32:28.415332,49.50,98.60,77.10,100.00
2026-05-09T16:32:29.118635,49.10,100.00,77.10,100.00
2026-05-09T16:32:29.822196,52.40,100.00,77.10,98.60
2026-05-09T16:32:30.526209,94.50,98.60,85.70,100.00
2026-05-09T16:32:31.289578,95.00,100.00,85.30,97.40
2026-05-09T16:32:31.993195,71.60,93.00,94.40,73.40
2026-05-09T16:32:32.696728,71.90,82.90,95.70,74.50
2026-05-09T16:32:33.400959,71.60,91.20,92.90,72.40
2026-05-09T16:32:34.104797,71.10,91.40,92.90,73.70
2026-05-09T16:32:34.808419,71.40,87.30,94.30,75.80
2026-05-09T16:32:35.513729,98.60,83.80,94.20,98.60
2026-05-09T16:32:36.281499,98.70,96.10,75.70,100.00
2026-05-09T16:32:36.985421,89.90,100.00,89.70,89.70
2026-05-09T16:32:37.690473,87.20,100.00,82.10,85.40
2026-05-09T16:32:38.394430,85.20,100.00,81.40,82.10
2026-05-09T16:32:39.098373,85.50,100.00,80.20,82.40
2026-05-09T16:32:39.801917,85.00,100.00,79.80,82.10
2026-05-09T16:32:40.505793,69.40,100.00,67.30,69.00
2026-05-09T16:32:41.209446,69.00,100.00,67.30,68.60
2026-05-09T16:32:41.912786,69.80,100.00,67.60,69.70
2026-05-09T16:32:42.616515,70.40,100.00,68.30,69.70
2026-05-09T16:32:43.320311,69.00,100.00,67.00,67.60
2026-05-09T16:32:44.023423,68.70,100.00,67.30,68.30
2026-05-09T16:32:44.726410,69.00,100.00,67.30,68.30
2026-05-09T16:32:45.429402,61.80,100.00,61.40,62.20
2026-05-09T16:32:46.132427,60.90,100.00,60.20,61.10
2026-05-09T16:32:46.836021,61.60,100.00,60.90,61.30
2026-05-09T16:32:47.539283,61.30,100.00,60.20,61.30
2026-05-09T16:32:48.242322,60.90,100.00,61.60,61.90
2026-05-09T16:32:48.945322,61.50,100.00,60.70,61.80
2026-05-09T16:32:49.648353,61.60,100.00,60.50,60.70
2026-05-09T16:32:50.351690,65.70,100.00,64.20,65.40
2026-05-09T16:32:51.054802,65.00,100.00,64.80,65.70
2026-05-09T16:32:51.758572,67.30,100.00,64.80,66.30
2026-05-09T16:32:52.461937,66.00,100.00,66.00,66.70
2026-05-09T16:32:53.167922,66.70,100.00,64.20,65.10
2026-05-09T16:32:53.871571,66.00,100.00,64.20,65.70
2026-05-09T16:32:54.576779,67.00,100.00,66.00,66.00
2026-05-09T16:32:55.279865,63.00,100.00,62.20,62.00
2026-05-09T16:32:55.983235,60.60,100.00,60.50,61.10
2026-05-09T16:32:56.686207,61.60,100.00,60.90,60.70
2026-05-09T16:32:57.389253,61.10,100.00,59.80,60.40
2026-05-09T16:32:58.092255,60.40,100.00,60.00,60.90
2026-05-09T16:32:58.795114,61.10,100.00,59.60,60.20
2026-05-09T16:32:59.498200,60.70,100.00,60.00,60.50
2026-05-09T16:33:00.204092,77.50,100.00,73.70,75.80
2026-05-09T16:33:00.908220,88.60,100.00,83.30,85.50
2026-05-09T16:33:01.612921,87.20,100.00,82.10,84.00
2026-05-09T16:33:02.317546,86.40,100.00,82.40,84.30
2026-05-09T16:33:03.023708,87.50,100.00,82.10,83.50
2026-05-09T16:33:03.727816,87.20,100.00,82.40,84.30
2026-05-09T16:33:04.431561,89.70,100.00,84.10,85.20
2026-05-09T16:33:05.135751,87.50,100.00,83.30,84.50
2026-05-09T16:33:05.841707,88.50,100.00,82.40,84.10
2026-05-09T16:33:06.546601,88.50,100.00,82.90,85.40
2026-05-09T16:33:07.252270,88.60,100.00,83.50,85.50
2026-05-09T16:33:07.957539,88.60,100.00,83.30,85.20
2026-05-09T16:33:08.662289,90.90,100.00,84.30,87.50
2026-05-09T16:33:09.366235,87.30,100.00,82.40,84.30
2026-05-09T16:33:10.070286,86.40,100.00,81.40,83.30
2026-05-09T16:33:10.774581,85.40,100.00,80.20,82.10
2026-05-09T16:33:11.478290,82.90,100.00,79.50,80.50
2026-05-09T16:33:12.182345,83.50,100.00,78.70,82.40
2026-05-09T16:33:12.885925,84.10,100.00,79.30,80.50
2026-05-09T16:33:13.589856,81.90,100.00,78.70,80.20
2026-05-09T16:33:14.294169,83.50,100.00,80.20,80.20
2026-05-09T16:33:14.997297,73.60,100.00,71.40,72.60
2026-05-09T16:33:15.700179,61.10,100.00,60.20,60.90
2026-05-09T16:33:16.403213,60.70,100.00,60.00,59.80
2026-05-09T16:33:17.106504,60.40,100.00,60.00,60.50
2026-05-09T16:33:17.809701,60.20,100.00,59.60,60.50
2026-05-09T16:33:18.512740,60.40,100.00,59.60,59.80
2026-05-09T16:33:19.215617,60.70,100.00,60.00,60.50
2026-05-09T16:33:19.918845,55.60,100.00,54.20,54.60
2026-05-09T16:33:20.621424,30.70,100.00,29.90,32.20
2026-05-09T16:33:21.323778,35.10,100.00,31.10,31.50
2026-05-09T16:33:22.026389,33.00,100.00,32.20,33.00
2026-05-09T16:33:22.729254,36.80,100.00,33.70,37.10
2026-05-09T16:33:23.431957,33.70,100.00,29.50,34.40
2026-05-09T16:33:24.134311,33.00,100.00,31.10,34.40
2026-05-09T16:33:24.836930,37.40,100.00,34.80,38.90
2026-05-09T16:33:25.540267,73.40,100.00,70.70,71.60
2026-05-09T16:33:26.243794,72.30,100.00,70.00,71.10
2026-05-09T16:33:26.947777,72.60,100.00,69.70,71.40
2026-05-09T16:33:27.651597,71.60,100.00,70.00,70.40
2026-05-09T16:33:28.355614,73.70,100.00,71.10,72.20
2026-05-09T16:33:29.059274,73.70,100.00,70.00,71.60
2026-05-09T16:33:29.762779,71.70,100.00,70.10,71.70
2026-05-09T16:33:30.465425,43.30,100.00,43.30,45.80
2026-05-09T16:33:31.167803,46.30,100.00,43.90,45.80
2026-05-09T16:33:31.870431,45.80,100.00,44.80,45.90
2026-05-09T16:33:32.572965,45.80,100.00,43.70,46.80
2026-05-09T16:33:33.275759,48.20,100.00,47.30,46.80
2026-05-09T16:33:33.978390,45.40,100.00,43.80,45.80
2026-05-09T16:33:34.680722,47.20,100.00,45.70,45.70
2026-05-09T16:33:35.383920,61.10,100.00,60.00,60.70
2026-05-09T16:33:36.087294,62.60,100.00,63.10,63.00
2026-05-09T16:33:36.790384,61.90,100.00,61.80,63.60
2026-05-09T16:33:37.493947,63.30,100.00,62.20,62.60
2026-05-09T16:33:38.197682,63.00,100.00,62.20,63.00
2026-05-09T16:33:38.900857,62.30,100.00,61.80,62.70
2026-05-09T16:33:39.604116,63.20,100.00,62.40,63.60
2026-05-09T16:33:40.306822,56.10,100.00,55.20,55.70
2026-05-09T16:33:41.009614,54.70,100.00,54.30,54.70
2026-05-09T16:33:41.712401,54.30,100.00,53.80,54.20
2026-05-09T16:33:42.414891,53.50,100.00,53.40,53.90
2026-05-09T16:33:43.117613,53.80,100.00,53.00,54.20
2026-05-09T16:33:43.820520,54.30,100.00,54.20,54.20
2026-05-09T16:33:44.523064,54.40,100.00,54.30,54.80
2026-05-09T16:33:45.228500,71.90,100.00,68.70,69.80
2026-05-09T16:33:45.932676,85.00,100.00,81.40,83.30
2026-05-09T16:33:46.637408,87.30,100.00,81.20,82.90
2026-05-09T16:33:47.342130,86.20,100.00,82.40,83.30
2026-05-09T16:33:48.045795,86.10,100.00,82.10,83.10
2026-05-09T16:33:48.751145,84.10,100.00,80.70,82.40
2026-05-09T16:33:49.456206,83.30,100.00,79.10,82.40
2026-05-09T16:33:50.158939,56.50,100.00,55.30,56.20
2026-05-09T16:33:50.861383,38.10,100.00,38.10,40.60
2026-05-09T16:33:51.563911,42.20,100.00,41.20,42.70
2026-05-09T16:33:52.266406,41.60,100.00,40.00,41.70
2026-05-09T16:33:52.969143,41.60,100.00,41.60,41.00
2026-05-09T16:33:53.671603,42.20,100.00,39.40,42.30
2026-05-09T16:33:54.374279,42.20,100.00,41.60,42.60
2026-05-09T16:33:55.077319,44.80,100.00,43.10,46.20
2026-05-09T16:33:55.779690,49.50,100.00,49.10,50.90
2026-05-09T16:33:56.482659,50.40,100.00,49.50,50.40
2026-05-09T16:33:57.185282,51.30,100.00,49.10,50.40
2026-05-09T16:33:57.887743,50.40,100.00,50.00,51.70
2026-05-09T16:33:58.590221,50.40,100.00,48.70,51.80
2026-05-09T16:33:59.292758,50.90,100.00,49.60,50.40
2026-05-09T16:33:59.996262,58.10,100.00,56.70,58.50
2026-05-09T16:34:00.699706,79.10,100.00,75.80,76.90
2026-05-09T16:34:01.403598,80.20,100.00,76.10,78.20
2026-05-09T16:34:02.107450,80.20,100.00,76.10,78.70
2026-05-09T16:34:02.811917,80.00,100.00,76.90,77.50
2026-05-09T16:34:03.516853,79.30,100.00,75.80,78.40
2026-05-09T16:34:04.222275,79.50,100.00,76.40,76.90
2026-05-09T16:34:04.925845,66.30,100.00,64.80,65.10
2026-05-09T16:34:05.628159,24.40,100.00,25.30,27.10
2026-05-09T16:34:06.330556,25.00,100.00,25.00,25.90
2026-05-09T16:34:07.032823,25.00,100.00,22.20,24.40
2026-05-09T16:34:07.735316,24.10,100.00,21.30,26.70
2026-05-09T16:34:08.437761,23.20,100.00,21.20,21.30
2026-05-09T16:34:09.140151,24.40,100.00,22.90,23.20
2026-05-09T16:34:09.842763,30.20,100.00,30.20,30.20
2026-05-09T16:34:10.546376,67.00,100.00,66.30,68.30
2026-05-09T16:34:11.250346,68.30,100.00,66.30,67.00
2026-05-09T16:34:11.954072,68.00,100.00,65.10,67.60
2026-05-09T16:34:12.657217,67.00,100.00,66.70,67.60
2026-05-09T16:34:13.360895,67.60,100.00,65.70,66.70
2026-05-09T16:34:14.064577,67.70,100.00,66.70,68.00
2026-05-09T16:34:14.767765,68.30,100.00,66.30,67.60
2026-05-09T16:34:15.470509,54.20,100.00,52.60,54.30
2026-05-09T16:34:16.173383,53.50,100.00,52.20,53.40
2026-05-09T16:34:16.876537,53.80,100.00,54.60,53.40
2026-05-09T16:34:17.579274,53.90,100.00,52.60,54.70
2026-05-09T16:34:18.281850,53.80,100.00,52.60,53.80
2026-05-09T16:34:18.984664,53.40,100.00,53.40,54.20
2026-05-09T16:34:19.687646,54.30,100.00,53.40,54.20
2026-05-09T16:34:20.391265,80.20,100.00,76.70,79.10
2026-05-09T16:34:21.096785,86.30,100.00,81.20,82.40
2026-05-09T16:34:21.800694,85.20,100.00,80.50,82.40
2026-05-09T16:34:22.505191,88.50,100.00,83.30,86.30
2026-05-09T16:34:23.208853,87.30,100.00,82.40,85.20
2026-05-09T16:34:23.913122,85.00,100.00,81.40,83.50
2026-05-09T16:34:24.618302,86.60,100.00,82.10,84.00
2026-05-09T16:34:25.321461,63.90,100.00,61.80,62.50
2026-05-09T16:34:26.024439,58.80,100.00,58.10,59.50
2026-05-09T16:34:26.727531,59.60,100.00,58.60,58.40
2026-05-09T16:34:27.430731,58.80,100.00,58.60,59.00
2026-05-09T16:34:28.133683,58.40,100.00,58.50,59.10
2026-05-09T16:34:28.836782,59.60,100.00,58.30,59.10
2026-05-09T16:34:29.539935,58.80,100.00,57.80,58.80
2026-05-09T16:34:30.243377,69.00,100.00,67.60,68.00
2026-05-09T16:34:30.946763,73.90,100.00,71.10,74.00
2026-05-09T16:34:31.650617,74.70,100.00,72.20,74.20
2026-05-09T16:34:32.354779,74.20,100.00,71.10,73.70
2026-05-09T16:34:33.058765,75.60,100.00,72.60,73.90
2026-05-09T16:34:33.762475,74.20,100.00,71.90,73.40
2026-05-09T16:34:34.465937,76.70,100.00,73.70,75.80
2026-05-09T16:34:35.169329,73.10,100.00,71.40,72.60
2026-05-09T16:34:35.873147,74.20,100.00,71.10,73.70
2026-05-09T16:34:36.576300,74.20,100.00,71.40,71.90
2026-05-09T16:34:37.280217,76.70,100.00,72.60,75.00
2026-05-09T16:34:37.984455,75.80,100.00,72.90,75.00
2026-05-09T16:34:38.687796,73.90,100.00,71.90,73.70
2026-05-09T16:34:39.391094,74.50,100.00,71.70,72.30
2026-05-09T16:34:40.094700,69.00,100.00,67.30,68.60
2026-05-09T16:34:40.797845,66.00,100.00,63.60,65.10
2026-05-09T16:34:41.501332,65.10,100.00,64.20,64.20
2026-05-09T16:34:42.204729,65.10,100.00,63.30,64.80
2026-05-09T16:34:42.908537,65.40,100.00,64.50,66.00
2026-05-09T16:34:43.611618,65.00,100.00,64.20,64.40
2026-05-09T16:34:44.314392,65.00,100.00,63.60,64.80
2026-05-09T16:34:45.017703,66.30,100.00,66.00,66.30
2026-05-09T16:34:45.721611,69.00,100.00,66.70,68.00
2026-05-09T16:34:46.425395,68.00,100.00,67.00,68.00
2026-05-09T16:34:47.128449,68.70,100.00,67.30,68.30
2026-05-09T16:34:47.831728,69.00,100.00,67.00,68.70
2026-05-09T16:34:48.535428,69.40,100.00,68.00,68.60
2026-05-09T16:34:49.239057,68.70,100.00,67.00,68.00
2026-05-09T16:34:49.942372,65.70,100.00,64.20,65.10
2026-05-09T16:34:50.645666,59.80,100.00,59.60,60.20
2026-05-09T16:34:51.348763,60.20,100.00,59.10,60.20
2026-05-09T16:34:52.051605,59.80,100.00,59.00,60.00
2026-05-09T16:34:52.754659,60.50,100.00,60.00,60.90
2026-05-09T16:34:53.458227,59.80,100.00,59.50,59.60
2026-05-09T16:34:54.161456,61.10,100.00,60.20,61.10
2026-05-09T16:34:54.864875,62.00,100.00,62.20,61.50
2026-05-09T16:34:55.568767,76.90,100.00,73.40,75.00
2026-05-09T16:34:56.272766,76.10,100.00,72.60,73.40
2026-05-09T16:34:56.976454,76.70,100.00,73.70,74.50
2026-05-09T16:34:57.679880,76.70,100.00,73.70,75.00
2026-05-09T16:34:58.383613,76.10,100.00,73.70,74.70
2026-05-09T16:34:59.087870,76.70,100.00,73.40,73.90
2026-05-09T16:34:59.791779,75.80,100.00,72.60,74.20
2026-05-09T16:35:00.495437,61.70,100.00,61.30,63.10
2026-05-09T16:35:01.198302,62.20,100.00,61.10,61.30
2026-05-09T16:35:01.901188,61.90,100.00,61.80,62.40
2026-05-09T16:35:02.604571,63.30,100.00,62.20,62.70
2026-05-09T16:35:03.307770,62.00,100.00,61.90,62.40
2026-05-09T16:35:04.010698,63.00,100.00,61.30,62.40
2026-05-09T16:35:04.713612,63.20,100.00,62.20,62.40
2026-05-09T16:35:05.416672,66.00,100.00,65.10,67.00
2026-05-09T16:35:06.120118,66.00,100.00,64.80,65.40
2026-05-09T16:35:06.823932,65.70,100.00,64.50,65.40
2026-05-09T16:35:07.527291,65.00,100.00,64.50,66.00
2026-05-09T16:35:08.230215,66.00,100.00,64.20,65.40
2026-05-09T16:35:08.933427,65.70,100.00,65.40,65.70
2026-05-09T16:35:09.637197,66.30,100.00,64.50,65.70
2026-05-09T16:35:10.340619,61.50,100.00,60.70,61.80
2026-05-09T16:35:11.043746,60.70,100.00,60.50,60.50
2026-05-09T16:35:11.746734,60.20,100.00,60.00,60.40
2026-05-09T16:35:12.450317,60.70,100.00,60.50,61.10
2026-05-09T16:35:13.153178,60.70,100.00,60.00,60.40
2026-05-09T16:35:13.856152,60.90,100.00,60.90,60.20
2026-05-09T16:35:14.559063,60.70,100.00,60.20,61.60
2026-05-09T16:35:15.261724,54.00,100.00,52.70,53.50
2026-05-09T16:35:15.964473,49.10,100.00,49.10,50.00
2026-05-09T16:35:16.667230,51.30,100.00,48.60,51.30
2026-05-09T16:35:17.369791,50.40,100.00,50.40,51.70
2026-05-09T16:35:18.072551,51.30,100.00,50.00,50.40
2026-05-09T16:35:18.774947,50.90,100.00,49.60,50.90
2026-05-09T16:35:19.477438,50.00,100.00,50.90,50.40
2026-05-09T16:35:20.180885,65.00,100.00,62.70,65.00
2026-05-09T16:35:20.884500,78.40,100.00,75.00,77.50
2026-05-09T16:35:21.588283,77.30,100.00,74.20,75.80
2026-05-09T16:35:22.291762,77.50,100.00,74.50,75.80
2026-05-09T16:35:22.995404,76.70,100.00,73.70,75.00
2026-05-09T16:35:23.699181,77.80,100.00,75.30,75.80
2026-05-09T16:35:24.402641,78.20,100.00,74.50,77.50
2026-05-09T16:35:25.106322,72.60,100.00,71.10,71.40
2026-05-09T16:35:25.809767,70.40,100.00,67.60,69.40
2026-05-09T16:35:26.513888,70.40,100.00,67.60,69.30
2026-05-09T16:35:27.217671,68.70,100.00,67.00,68.70
2026-05-09T16:35:27.922276,70.10,100.00,68.00,69.40
2026-05-09T16:35:28.625946,70.10,100.00,68.60,68.70
2026-05-09T16:35:29.329419,69.80,100.00,68.00,70.70
2026-05-09T16:35:30.033839,74.20,100.00,71.90,73.40
2026-05-09T16:35:30.737527,81.20,100.00,76.90,76.40
2026-05-09T16:35:31.442370,80.00,100.00,77.50,78.90
2026-05-09T16:35:32.147130,81.40,100.00,77.80,79.50
2026-05-09T16:35:32.851564,82.10,100.00,78.00,79.10
2026-05-09T16:35:33.557550,80.20,100.00,77.50,78.70
2026-05-09T16:35:34.261733,80.20,100.00,76.10,77.80
2026-05-09T16:35:34.966012,86.40,100.00,81.40,83.10
2026-05-09T16:35:35.671235,94.60,100.00,85.20,87.50
2026-05-09T16:35:36.376248,93.20,100.00,86.40,88.60
2026-05-09T16:35:37.081599,93.30,100.00,86.40,89.90
2026-05-09T16:35:37.786334,94.60,100.00,86.40,90.80
2026-05-09T16:35:38.490426,92.10,100.00,86.60,87.50
2026-05-09T16:35:39.193756,90.70,100.00,83.10,86.40
2026-05-09T16:35:39.898109,87.30,100.00,82.10,82.10
2026-05-09T16:35:40.602600,78.70,100.00,74.70,75.80
2026-05-09T16:35:41.306220,78.40,100.00,74.20,75.80
2026-05-09T16:35:42.009731,76.10,100.00,72.90,74.50
2026-05-09T16:35:42.713779,77.80,100.00,74.50,76.10
2026-05-09T16:35:43.417403,76.70,100.00,74.50,75.80
2026-05-09T16:35:44.123859,79.30,100.00,75.30,76.90
2026-05-09T16:35:44.827337,76.70,100.00,73.40,76.10
2026-05-09T16:35:45.530396,60.40,100.00,59.60,60.70
2026-05-09T16:35:46.233524,60.40,100.00,60.00,60.20
2026-05-09T16:35:46.936515,60.70,100.00,60.20,61.10
2026-05-09T16:35:47.639662,60.70,100.00,59.60,60.70
2026-05-09T16:35:48.343064,60.70,100.00,59.60,60.70
2026-05-09T16:35:49.046138,60.70,100.00,60.00,60.50
2026-05-09T16:35:49.748953,60.70,100.00,60.00,60.70
2026-05-09T16:35:50.451570,47.30,100.00,45.80,47.70
2026-05-09T16:35:51.154142,44.90,100.00,43.80,45.80
2026-05-09T16:35:51.856470,45.80,100.00,45.90,45.90
2026-05-09T16:35:52.558912,45.30,100.00,45.80,48.20
2026-05-09T16:35:53.261310,46.30,100.00,45.30,47.70
2026-05-09T16:35:53.963721,45.80,100.00,44.90,47.70
2026-05-09T16:35:54.666487,46.70,100.00,47.20,48.20
2026-05-09T16:35:55.370108,70.20,100.00,67.70,70.50
2026-05-09T16:35:56.074147,75.30,100.00,72.20,73.40
2026-05-09T16:35:56.777857,73.90,100.00,71.40,72.90
2026-05-09T16:35:57.481622,75.00,100.00,71.10,74.50
2026-05-09T16:35:58.184955,75.80,100.00,72.60,73.90
2026-05-09T16:35:58.889067,74.20,100.00,71.40,74.20
2026-05-09T16:35:59.592301,75.60,100.00,73.70,74.20
2026-05-09T16:36:00.295711,73.40,100.00,70.10,72.20
2026-05-09T16:36:00.999181,72.60,100.00,70.70,71.90
2026-05-09T16:36:01.703253,73.40,100.00,71.10,73.40
2026-05-09T16:36:02.406876,75.00,100.00,71.40,73.10
2026-05-09T16:36:03.110753,72.30,100.00,71.10,72.90
2026-05-09T16:36:03.815150,75.00,100.00,71.10,74.20
2026-05-09T16:36:04.518493,73.40,100.00,71.40,72.30
2026-05-09T16:36:05.223233,78.40,100.00,74.50,76.90
2026-05-09T16:36:05.928436,84.30,100.00,79.30,80.50
2026-05-09T16:36:06.632877,80.50,100.00,78.00,80.20
2026-05-09T16:36:07.336843,82.10,100.00,78.70,79.30
2026-05-09T16:36:08.041537,81.20,100.00,77.50,78.70
2026-05-09T16:36:08.745666,84.00,100.00,79.30,81.40
2026-05-09T16:36:09.451242,81.90,100.00,78.40,80.20
2026-05-09T16:36:10.154413,72.30,100.00,69.30,71.10
2026-05-09T16:36:10.858128,66.00,100.00,65.10,64.80
2026-05-09T16:36:11.561636,65.40,100.00,65.70,65.40
2026-05-09T16:36:12.267302,66.00,100.00,64.20,66.30
2026-05-09T16:36:12.970596,65.70,100.00,64.80,65.40
2026-05-09T16:36:13.673918,65.40,100.00,64.50,65.70
2026-05-09T16:36:14.377504,66.70,100.00,65.10,65.70
2026-05-09T16:36:15.080045,61.80,100.00,60.60,62.00
2026-05-09T16:36:15.782797,55.70,100.00,56.70,56.40
2026-05-09T16:36:16.485931,55.60,100.00,55.10,55.10
2026-05-09T16:36:17.188609,55.90,100.00,55.80,56.40
2026-05-09T16:36:17.891243,55.90,100.00,54.70,55.90
2026-05-09T16:36:18.593838,55.90,100.00,55.50,55.60
2026-05-09T16:36:19.296644,56.40,100.00,54.30,56.30
2026-05-09T16:36:20.000861,60.60,100.00,60.00,61.30
2026-05-09T16:36:20.705131,72.30,100.00,70.00,70.50
2026-05-09T16:36:21.408483,73.70,100.00,70.10,72.60
2026-05-09T16:36:22.111864,73.40,100.00,71.70,70.80
2026-05-09T16:36:22.815193,72.50,100.00,69.40,72.60
2026-05-09T16:36:23.519067,71.90,100.00,70.40,70.70
2026-05-09T16:36:24.222683,73.70,100.00,70.70,71.90
2026-05-09T16:36:24.926223,72.30,100.00,70.70,71.10
2026-05-09T16:36:25.629944,68.00,100.00,66.00,66.70
2026-05-09T16:36:26.333549,67.60,100.00,66.00,67.00
2026-05-09T16:36:27.037740,68.00,100.00,66.00,66.30
2026-05-09T16:36:27.741405,67.60,100.00,66.30,68.00
2026-05-09T16:36:28.445139,68.70,100.00,67.00,68.00
2026-05-09T16:36:29.149071,68.40,100.00,67.30,68.60
2026-05-09T16:36:29.852763,67.00,100.00,65.40,67.00
2026-05-09T16:36:30.556187,64.20,100.00,63.30,63.60
2026-05-09T16:36:31.259422,63.60,100.00,63.10,63.00
2026-05-09T16:36:31.962743,63.90,100.00,62.70,63.90
2026-05-09T16:36:32.666540,63.80,100.00,63.00,63.60
2026-05-09T16:36:33.369823,63.50,100.00,63.10,64.50
2026-05-09T16:36:34.073694,63.20,100.00,62.70,63.60
2026-05-09T16:36:34.777828,65.40,100.00,63.60,64.80
2026-05-09T16:36:35.481538,65.40,100.00,64.50,64.40
2026-05-09T16:36:36.185152,64.80,100.00,63.60,64.20
2026-05-09T16:36:36.888616,65.30,100.00,64.20,66.70
2026-05-09T16:36:37.592014,65.70,100.00,64.50,64.40
2026-05-09T16:36:38.295422,64.10,100.00,63.90,64.40
2026-05-09T16:36:38.998681,66.00,100.00,64.20,65.40
2026-05-09T16:36:39.701813,65.00,100.00,63.90,64.80
2026-05-09T16:36:40.405360,59.30,100.00,59.50,59.30
2026-05-09T16:36:41.108121,59.80,100.00,59.10,60.30
2026-05-09T16:36:41.811339,59.60,100.00,59.00,59.30
2026-05-09T16:36:42.514411,59.60,100.00,58.80,60.00
2026-05-09T16:36:43.217057,59.60,100.00,59.00,59.10
2026-05-09T16:36:43.920354,59.80,100.00,59.30,60.20
2026-05-09T16:36:44.623372,59.80,100.00,59.50,59.60
2026-05-09T16:36:45.326730,68.70,100.00,68.30,68.70
2026-05-09T16:36:46.030260,70.40,100.00,68.00,70.40
2026-05-09T16:36:46.733582,72.30,100.00,70.30,71.10
2026-05-09T16:36:47.437129,70.40,100.00,69.00,70.70
2026-05-09T16:36:48.140339,71.10,100.00,69.00,69.00
2026-05-09T16:36:48.844188,72.00,100.00,70.70,71.90
2026-05-09T16:36:49.547753,71.30,100.00,70.00,69.40
2026-05-09T16:36:50.252268,73.10,100.00,71.10,73.70
2026-05-09T16:36:50.956588,73.70,100.00,71.40,72.30
2026-05-09T16:36:51.660329,73.40,100.00,71.10,72.90
2026-05-09T16:36:52.364172,75.30,100.00,72.90,73.90
2026-05-09T16:36:53.069179,74.40,100.00,72.20,74.00
2026-05-09T16:36:53.773361,74.20,100.00,73.70,75.00
2026-05-09T16:36:54.477474,75.30,100.00,72.90,74.20
2026-05-09T16:36:55.180508,70.10,100.00,69.00,70.00
2026-05-09T16:36:55.883851,66.00,100.00,65.40,66.30
2026-05-09T16:36:56.586955,66.00,100.00,64.80,65.70
2026-05-09T16:36:57.290134,66.70,100.00,65.10,65.40
2026-05-09T16:36:57.993587,67.00,100.00,65.70,67.30
2026-05-09T16:36:58.696686,67.00,100.00,65.40,66.70
2026-05-09T16:36:59.399865,66.00,100.00,65.40,66.30
2026-05-09T16:37:00.103448,66.70,100.00,64.80,66.00
2026-05-09T16:37:00.807256,66.70,100.00,65.40,67.30
2026-05-09T16:37:01.510196,65.30,100.00,65.10,65.10
2026-05-09T16:37:02.213477,66.30,100.00,64.50,65.40
2026-05-09T16:37:02.916803,65.70,100.00,65.10,66.00
2026-05-09T16:37:03.620388,66.70,100.00,65.40,66.00
2026-05-09T16:37:04.323398,66.30,100.00,65.40,66.30
2026-05-09T16:37:05.028341,72.90,100.00,71.10,72.60
2026-05-09T16:37:05.734963,86.10,100.00,82.40,82.60
2026-05-09T16:37:06.440352,84.30,100.00,81.40,82.10
2026-05-09T16:37:07.145165,85.20,100.00,82.40,84.30
2026-05-09T16:37:07.850088,87.30,100.00,83.30,86.10
2026-05-09T16:37:08.554297,88.30,100.00,84.10,86.40
2026-05-09T16:37:09.258885,88.50,100.00,84.70,85.20
2026-05-09T16:37:09.962468,66.70,100.00,64.60,66.20
2026-05-09T16:37:10.664749,25.30,100.00,23.20,22.50
2026-05-09T16:37:11.367557,25.00,100.00,20.00,24.10
2026-05-09T16:37:12.070171,21.30,100.00,22.20,23.20
2026-05-09T16:37:12.772387,26.20,100.00,22.20,22.20
2026-05-09T16:37:13.474717,22.20,100.00,19.20,20.30
2026-05-09T16:37:14.177042,20.30,100.00,20.30,21.20
2026-05-09T16:37:14.879363,28.20,100.00,27.10,29.90
2026-05-09T16:37:15.581710,48.20,100.00,45.80,47.70
2026-05-09T16:37:16.284316,48.20,100.00,47.30,47.70
2026-05-09T16:37:16.986632,48.20,100.00,46.30,49.10
2026-05-09T16:37:17.689306,49.10,100.00,47.70,47.30
2026-05-09T16:37:18.391524,48.20,100.00,46.30,48.20
2026-05-09T16:37:19.094067,46.30,100.00,45.80,46.80
2026-05-09T16:37:19.796359,46.30,100.00,43.80,48.60
2026-05-09T16:37:20.498661,29.10,100.00,26.20,29.50
2026-05-09T16:37:21.200953,29.50,100.00,26.70,27.90
2026-05-09T16:37:21.903375,27.90,100.00,28.70,26.20
2026-05-09T16:37:22.605624,30.30,100.00,26.50,31.10
2026-05-09T16:37:23.308285,28.70,100.00,26.70,31.10
2026-05-09T16:37:24.010400,29.50,100.00,27.90,27.60
2026-05-09T16:37:24.712676,29.10,100.00,29.50,29.90
2026-05-09T16:37:25.415950,63.20,100.00,62.00,62.30
2026-05-09T16:37:26.119341,64.20,100.00,63.60,63.60
2026-05-09T16:37:26.822577,63.80,100.00,62.70,63.60
2026-05-09T16:37:27.526264,63.90,100.00,63.30,63.90
2026-05-09T16:37:28.229852,64.20,100.00,63.30,63.90
2026-05-09T16:37:28.933121,64.50,100.00,62.70,63.60
2026-05-09T16:37:29.636395,63.60,100.00,63.10,63.90
2026-05-09T16:37:30.338967,51.80,100.00,50.00,51.40
2026-05-09T16:37:31.041403,50.40,100.00,48.20,49.60
2026-05-09T16:37:31.743861,49.50,100.00,48.20,50.00
2026-05-09T16:37:32.446515,50.40,100.00,49.10,49.50
2026-05-09T16:37:33.149200,49.10,100.00,49.10,48.20
2026-05-09T16:37:33.851582,49.60,100.00,47.70,49.60
2026-05-09T16:37:34.554257,48.20,100.00,48.20,49.60
2026-05-09T16:37:35.257474,67.70,100.00,65.00,66.70
2026-05-09T16:37:35.961115,75.80,100.00,72.90,74.50
2026-05-09T16:37:36.664472,76.90,100.00,73.40,75.00
2026-05-09T16:37:37.368101,75.80,100.00,73.70,75.00
2026-05-09T16:37:38.071920,75.80,100.00,72.90,73.40
2026-05-09T16:37:38.775889,76.10,100.00,72.90,73.40
2026-05-09T16:37:39.480065,75.80,100.00,73.70,74.20
2026-05-09T16:37:40.183357,59.80,100.00,58.50,59.80
2026-05-09T16:37:40.885638,53.00,100.00,51.80,52.20
2026-05-09T16:37:41.588343,51.30,100.00,50.90,51.30
2026-05-09T16:37:42.290932,51.30,100.00,50.00,51.30
2026-05-09T16:37:42.993607,52.20,100.00,50.90,52.20
2026-05-09T16:37:43.696157,52.60,100.00,51.30,51.30
2026-05-09T16:37:44.398534,52.60,100.00,50.40,52.20
2026-05-09T16:37:45.102583,62.50,100.00,61.00,61.70
2026-05-09T16:37:45.806213,75.30,100.00,72.20,73.40
2026-05-09T16:37:46.509784,74.40,100.00,72.90,74.50
2026-05-09T16:37:47.213993,74.50,100.00,71.70,72.60
2026-05-09T16:37:47.917606,75.30,100.00,71.60,74.00
2026-05-09T16:37:48.621335,74.70,100.00,72.20,73.10
2026-05-09T16:37:49.325425,75.00,100.00,72.40,73.70
2026-05-09T16:37:50.028934,70.00,100.00,67.60,68.30
2026-05-09T16:37:50.732182,62.60,100.00,62.20,62.70
2026-05-09T16:37:51.435141,62.60,100.00,62.50,62.70
2026-05-09T16:37:52.138787,62.50,100.00,61.60,62.20
2026-05-09T16:37:52.841635,63.00,100.00,61.80,63.10
2026-05-09T16:37:53.545183,62.40,100.00,61.10,62.20
2026-05-09T16:37:54.248352,62.70,100.00,62.50,62.20
2026-05-09T16:37:54.951260,60.20,100.00,59.60,60.60
2026-05-09T16:37:55.653915,50.00,100.00,48.60,50.00
2026-05-09T16:37:56.356557,48.60,100.00,47.70,50.00
2026-05-09T16:37:57.059271,51.30,100.00,49.10,50.40
2026-05-09T16:37:57.761891,50.40,100.00,48.60,49.50
2026-05-09T16:37:58.464825,49.50,100.00,49.10,49.50
2026-05-09T16:37:59.167498,49.60,100.00,47.20,50.40
2026-05-09T16:37:59.870318,53.30,100.00,52.30,53.70
2026-05-09T16:38:00.573785,80.00,100.00,76.90,77.50
2026-05-09T16:38:01.277188,78.70,100.00,76.10,76.90
2026-05-09T16:38:01.980448,78.40,100.00,74.50,76.90
2026-05-09T16:38:02.683948,79.10,100.00,75.00,77.30
2026-05-09T16:38:03.387523,78.70,100.00,75.00,76.10
2026-05-09T16:38:04.091176,79.50,100.00,76.10,77.80
2026-05-09T16:38:04.795123,79.10,100.00,75.50,78.00
2026-05-09T16:38:05.498256,67.60,100.00,66.30,67.00
2026-05-09T16:38:06.201661,67.30,100.00,66.30,67.60
2026-05-09T16:38:06.905228,68.00,100.00,66.00,66.70
2026-05-09T16:38:07.608824,68.00,100.00,66.30,68.30
2026-05-09T16:38:08.311864,68.00,100.00,66.00,66.70
2026-05-09T16:38:09.015508,68.00,100.00,66.70,68.30
2026-05-09T16:38:09.719142,67.30,100.00,66.30,67.30
2026-05-09T16:38:10.423275,88.50,100.00,82.60,85.20
2026-05-09T16:38:11.128758,87.30,100.00,83.10,85.40
2026-05-09T16:38:11.836124,92.10,100.00,84.30,87.50
2026-05-09T16:38:12.542184,87.30,100.00,83.50,84.30
2026-05-09T16:38:13.247165,88.50,100.00,81.90,84.30
2026-05-09T16:38:13.951522,86.40,100.00,82.60,85.20
2026-05-09T16:38:14.655889,87.30,100.00,83.10,84.30
2026-05-09T16:38:15.358541,58.60,100.00,57.80,58.20
2026-05-09T16:38:16.060931,53.80,100.00,52.60,53.40
2026-05-09T16:38:16.763635,53.80,100.00,53.00,53.90
2026-05-09T16:38:17.466356,54.30,100.00,53.40,53.40
2026-05-09T16:38:18.168922,55.10,100.00,53.80,52.60
2026-05-09T16:38:18.871433,53.40,100.00,52.60,53.80
2026-05-09T16:38:19.574133,55.10,100.00,53.80,54.30
2026-05-09T16:38:20.279177,73.60,100.00,70.80,73.10
2026-05-09T16:38:20.982838,84.50,100.00,80.50,81.90
2026-05-09T16:38:21.686578,82.70,100.00,78.40,81.60
2026-05-09T16:38:22.390649,85.40,100.00,80.50,82.10
2026-05-09T16:38:23.094837,80.00,100.00,77.80,78.70
2026-05-09T16:38:23.798924,81.40,100.00,76.90,79.30
2026-05-09T16:38:24.503338,83.30,100.00,79.50,80.70
2026-05-09T16:38:25.206817,80.00,100.00,76.40,77.80
2026-05-09T16:38:25.910506,78.70,100.00,75.50,76.70
2026-05-09T16:38:26.614825,77.50,100.00,75.30,76.10
2026-05-09T16:38:27.318710,77.80,100.00,73.70,76.10
2026-05-09T16:38:28.022848,78.70,100.00,75.00,76.70
2026-05-09T16:38:28.727148,79.10,100.00,75.30,76.90
2026-05-09T16:38:29.431229,81.20,100.00,77.50,78.20
2026-05-09T16:38:30.137005,85.20,100.00,79.30,82.60
2026-05-09T16:38:30.842503,88.60,100.00,84.30,86.40
2026-05-09T16:38:31.546582,87.20,100.00,83.30,86.20
2026-05-09T16:38:32.250331,86.40,100.00,81.00,83.30
2026-05-09T16:38:32.954842,87.30,100.00,83.50,85.20
2026-05-09T16:38:33.658861,87.20,100.00,82.40,85.20
2026-05-09T16:38:34.365964,86.40,100.00,82.40,82.60
2026-05-09T16:38:35.068885,73.10,100.00,69.70,70.40
2026-05-09T16:38:35.771875,59.10,100.00,58.30,59.60
2026-05-09T16:38:36.474845,58.30,100.00,58.10,58.60
2026-05-09T16:38:37.177864,59.60,100.00,58.60,59.10
2026-05-09T16:38:37.880655,58.40,100.00,58.60,58.80
2026-05-09T16:38:38.583689,58.80,100.00,58.60,58.40
2026-05-09T16:38:39.286593,58.60,100.00,58.50,59.60
2026-05-09T16:38:39.989391,56.60,100.00,56.50,56.50
2026-05-09T16:38:40.692327,53.40,100.00,50.40,52.60
2026-05-09T16:38:41.394963,53.00,100.00,52.50,51.70
2026-05-09T16:38:42.097358,52.20,100.00,51.30,53.00
2026-05-09T16:38:42.799738,52.20,100.00,50.40,52.60
2026-05-09T16:38:43.502533,52.60,100.00,51.70,52.10
2026-05-09T16:38:44.205144,53.00,100.00,51.30,52.60
2026-05-09T16:38:44.907883,56.30,100.00,55.50,56.40
2026-05-09T16:38:45.611353,74.20,100.00,70.10,72.60
2026-05-09T16:38:46.314757,71.30,100.00,70.00,70.10
2026-05-09T16:38:47.017869,71.60,100.00,69.70,72.20
2026-05-09T16:38:47.721415,72.60,100.00,70.30,70.80
2026-05-09T16:38:48.424790,72.30,100.00,70.40,72.60
2026-05-09T16:38:49.129428,72.60,100.00,71.10,71.90
2026-05-09T16:38:49.833351,72.30,100.00,69.30,70.40
2026-05-09T16:38:50.537504,65.70,100.00,65.10,65.40
2026-05-09T16:38:51.240923,66.00,100.00,64.50,66.30
2026-05-09T16:38:51.943904,66.00,100.00,65.10,65.40
2026-05-09T16:38:52.647177,65.00,100.00,64.20,64.80
2026-05-09T16:38:53.351353,66.00,100.00,64.50,65.70
2026-05-09T16:38:54.054697,64.70,100.00,64.50,65.70
2026-05-09T16:38:54.758068,67.60,100.00,66.00,66.70
2026-05-09T16:38:55.462009,80.00,100.00,77.30,79.50
2026-05-09T16:38:56.167324,80.70,100.00,76.10,78.40
2026-05-09T16:38:56.871774,79.30,100.00,76.10,77.30
2026-05-09T16:38:57.575812,79.30,100.00,76.90,77.80
2026-05-09T16:38:58.279226,79.80,100.00,76.90,78.40
2026-05-09T16:38:58.982766,78.40,100.00,75.30,75.80
2026-05-09T16:38:59.686681,79.50,100.00,75.00,76.90
2026-05-09T16:39:00.389293,54.50,100.00,54.10,54.90
2026-05-09T16:39:01.091742,52.20,100.00,50.90,53.00
2026-05-09T16:39:01.794328,53.40,100.00,50.90,52.60
2026-05-09T16:39:02.496935,52.20,100.00,52.60,53.80
2026-05-09T16:39:03.199411,53.40,100.00,51.80,53.00
2026-05-09T16:39:03.901947,52.60,100.00,51.30,53.80
2026-05-09T16:39:04.604620,53.00,100.00,51.80,52.60
2026-05-09T16:39:05.307643,57.40,100.00,56.50,57.40
2026-05-09T16:39:06.010322,57.40,100.00,56.90,57.80
2026-05-09T16:39:06.713374,57.40,100.00,58.10,57.80
2026-05-09T16:39:07.416580,57.40,100.00,57.60,57.40
2026-05-09T16:39:08.119338,58.10,100.00,56.90,58.10
2026-05-09T16:39:08.822210,57.40,100.00,56.90,57.80
2026-05-09T16:39:09.525332,57.40,100.00,57.30,57.60
2026-05-09T16:39:10.229788,79.10,100.00,74.70,77.50
2026-05-09T16:39:10.934111,92.20,100.00,86.30,86.40
2026-05-09T16:39:11.638940,89.60,100.00,83.70,86.40
2026-05-09T16:39:12.348843,89.70,100.00,85.20,86.40
2026-05-09T16:39:13.052565,90.80,100.00,84.30,85.70
2026-05-09T16:39:13.756175,92.10,100.00,85.40,86.10
2026-05-09T16:39:14.460437,93.20,100.00,87.50,89.70
2026-05-09T16:39:15.163217,68.00,100.00,66.00,67.00
2026-05-09T16:39:15.866473,57.60,100.00,56.40,57.30
2026-05-09T16:39:16.569274,56.50,100.00,57.30,57.00
2026-05-09T16:39:17.272149,56.90,100.00,56.30,57.30
2026-05-09T16:39:17.975168,56.90,100.00,57.30,56.90
2026-05-09T16:39:18.677890,57.00,100.00,56.40,57.80
2026-05-09T16:39:19.381178,56.40,100.00,56.40,56.80
2026-05-09T16:39:20.084524,61.60,100.00,60.20,61.30
2026-05-09T16:39:20.787853,65.30,100.00,64.20,65.40
2026-05-09T16:39:21.490787,65.00,100.00,64.50,65.70
2026-05-09T16:39:22.194330,65.00,100.00,64.80,64.80
2026-05-09T16:39:22.897713,64.80,100.00,64.20,65.40
2026-05-09T16:39:23.600613,64.80,100.00,63.30,64.20
2026-05-09T16:39:24.304097,65.40,100.00,64.50,66.00
2026-05-09T16:39:25.006677,56.00,100.00,55.40,56.40
2026-05-09T16:39:25.709312,41.00,100.00,36.80,40.60
2026-05-09T16:39:26.411641,37.50,100.00,35.80,37.10
2026-05-09T16:39:27.114049,37.10,100.00,37.10,39.40
2026-05-09T16:39:27.816448,37.50,100.00,37.50,38.40
2026-05-09T16:39:28.518840,34.10,100.00,34.40,38.10
2026-05-09T16:39:29.221396,36.20,100.00,35.10,36.50
2026-05-09T16:39:29.924108,43.00,100.00,41.40,43.60
2026-05-09T16:39:30.627530,59.30,100.00,59.30,59.60
2026-05-09T16:39:31.330748,60.20,100.00,59.10,59.60
2026-05-09T16:39:32.034253,59.30,100.00,59.30,60.50
2026-05-09T16:39:32.737259,59.60,100.00,59.50,59.30
2026-05-09T16:39:33.440477,59.50,100.00,58.80,59.60
2026-05-09T16:39:34.143442,59.80,100.00,59.10,59.30
2026-05-09T16:39:34.846225,60.20,100.00,60.00,59.80
2026-05-09T16:39:35.549882,66.70,100.00,66.00,67.30
2026-05-09T16:39:36.253253,65.70,100.00,64.80,65.00
2026-05-09T16:39:36.956295,66.00,100.00,64.50,65.40
2026-05-09T16:39:37.660146,66.30,100.00,65.40,65.70
2026-05-09T16:39:38.363589,66.30,100.00,64.50,66.30
2026-05-09T16:39:39.066944,65.30,100.00,64.80,66.00
2026-05-09T16:39:39.770647,66.30,100.00,65.40,65.70
2026-05-09T16:39:40.473332,48.20,100.00,47.70,47.30
2026-05-09T16:39:41.176281,49.10,100.00,46.30,47.70
2026-05-09T16:39:41.878889,48.20,100.00,46.30,47.20
2026-05-09T16:39:42.581559,49.60,100.00,48.20,49.10
2026-05-09T16:39:43.284360,47.70,100.00,46.30,47.70
2026-05-09T16:39:43.986726,47.70,100.00,46.70,48.20
2026-05-09T16:39:44.689471,48.20,100.00,46.80,48.60
2026-05-09T16:39:45.395177,74.70,100.00,72.30,73.90
2026-05-09T16:39:46.098435,79.30,100.00,75.30,78.20
2026-05-09T16:39:46.803268,79.10,100.00,75.80,78.70
2026-05-09T16:39:47.508718,79.30,100.00,76.10,78.20
2026-05-09T16:39:48.212278,78.90,100.00,76.10,77.80
2026-05-09T16:39:48.916544,77.50,100.00,73.70,76.10
2026-05-09T16:39:49.620445,77.00,100.00,73.90,75.80
2026-05-09T16:39:50.324915,76.90,100.00,73.40,74.50
2026-05-09T16:39:51.029863,76.70,100.00,74.00,74.70
2026-05-09T16:39:51.734211,76.40,100.00,74.20,76.90
2026-05-09T16:39:52.437937,75.60,100.00,73.70,73.90
2026-05-09T16:39:53.141952,76.40,100.00,73.70,76.70
2026-05-09T16:39:53.845769,76.10,100.00,72.60,74.50
2026-05-09T16:39:54.553948,77.80,100.00,74.70,78.00
2026-05-09T16:39:55.258374,82.90,100.00,79.30,82.10
2026-05-09T16:39:55.962866,83.10,100.00,80.00,83.30
2026-05-09T16:39:56.666507,84.10,100.00,79.80,81.20
2026-05-09T16:39:57.370224,81.40,100.00,78.70,80.20
2026-05-09T16:39:58.074408,81.20,100.00,77.80,79.80
2026-05-09T16:39:58.778096,83.30,100.00,78.20,80.20
2026-05-09T16:39:59.482456,81.90,100.00,78.90,80.20
2026-05-09T16:40:00.185654,69.10,100.00,66.70,69.00
2026-05-09T16:40:00.888906,61.80,100.00,60.70,60.90
2026-05-09T16:40:01.591948,62.40,100.00,61.30,62.20
2026-05-09T16:40:02.295216,60.40,100.00,59.60,60.40
2026-05-09T16:40:02.998402,61.60,100.00,61.10,61.90
2026-05-09T16:40:03.701285,60.60,100.00,59.80,61.10
2026-05-09T16:40:04.404259,60.90,100.00,61.40,61.30
2026-05-09T16:40:05.107191,58.40,100.00,57.40,57.40
2026-05-09T16:40:05.809671,51.80,100.00,51.80,53.00
2026-05-09T16:40:06.512386,52.20,100.00,51.80,52.60
2026-05-09T16:40:07.215120,52.60,100.00,51.70,53.00
2026-05-09T16:40:07.917933,53.00,100.00,52.20,52.60
2026-05-09T16:40:08.620580,52.60,100.00,52.10,52.60
2026-05-09T16:40:09.323815,52.60,100.00,52.60,53.40
2026-05-09T16:40:10.027822,59.40,100.00,58.30,59.80
2026-05-09T16:40:10.733412,73.90,100.00,71.90,73.40
2026-05-09T16:40:11.437457,74.20,100.00,70.80,73.70
2026-05-09T16:40:12.141230,74.20,100.00,71.00,72.60
2026-05-09T16:40:12.844913,72.00,100.00,70.40,71.90
2026-05-09T16:40:13.550151,73.40,100.00,70.00,72.20
2026-05-09T16:40:14.254167,73.40,100.00,71.10,71.90
2026-05-09T16:40:14.956912,67.00,100.00,65.40,65.70
2026-05-09T16:40:15.659778,54.80,100.00,54.40,55.30
2026-05-09T16:40:16.362826,55.10,100.00,53.80,55.10
2026-05-09T16:40:17.065752,54.20,100.00,53.80,55.10
2026-05-09T16:40:17.768477,55.50,100.00,54.20,53.80
2026-05-09T16:40:18.471229,54.20,100.00,53.40,53.40
2026-05-09T16:40:19.173925,53.90,100.00,53.40,53.40
2026-05-09T16:40:19.876802,58.90,100.00,57.10,58.20
2026-05-09T16:40:20.581217,86.40,100.00,80.20,82.90
2026-05-09T16:40:21.285381,82.90,100.00,78.70,81.40
2026-05-09T16:40:21.989535,83.10,100.00,78.40,83.10
2026-05-09T16:40:22.694291,84.10,100.00,78.70,79.50
2026-05-09T16:40:23.398427,81.40,100.00,77.80,80.50
2026-05-09T16:40:24.103162,82.40,100.00,77.50,78.40
2026-05-09T16:40:24.806948,82.10,100.00,76.90,79.30
2026-05-09T16:40:25.509733,61.10,100.00,61.60,62.20
2026-05-09T16:40:26.212857,61.80,100.00,61.60,61.60
2026-05-09T16:40:26.915852,61.50,100.00,60.70,61.60
2026-05-09T16:40:27.619100,61.30,100.00,60.50,61.40
2026-05-09T16:40:28.322425,60.40,100.00,60.00,61.60
2026-05-09T16:40:29.025521,60.70,100.00,61.10,61.60
2026-05-09T16:40:29.728851,61.80,100.00,61.30,61.80
2026-05-09T16:40:30.431947,61.00,100.00,61.60,62.00
2026-05-09T16:40:31.135428,61.50,100.00,61.60,61.80
2026-05-09T16:40:31.838752,61.70,100.00,60.70,61.80
2026-05-09T16:40:32.542449,61.80,100.00,61.10,61.80
2026-05-09T16:40:33.245477,61.80,100.00,61.60,61.80
2026-05-09T16:40:33.948869,61.80,100.00,61.60,61.60
2026-05-09T16:40:34.651881,62.00,100.00,60.70,61.50
2026-05-09T16:40:35.355151,69.40,100.00,67.60,68.60
2026-05-09T16:40:36.058757,69.40,100.00,68.30,67.00
2026-05-09T16:40:36.787515,72.70,36.20,70.30,70.30
2026-05-09T16:40:37.776391,74.60,92.20,72.80,74.00
2026-05-09T16:40:38.480449,70.10,100.00,67.60,70.40
2026-05-09T16:40:39.183988,70.10,100.00,68.00,69.00
2026-05-09T16:40:39.888019,65.30,100.00,63.10,63.40
2026-05-09T16:40:40.590621,47.70,100.00,49.10,47.20
2026-05-09T16:40:41.293424,49.60,100.00,48.60,49.50
2026-05-09T16:40:41.995857,48.60,100.00,46.80,47.70
2026-05-09T16:40:42.698440,48.60,100.00,47.30,47.70
2026-05-09T16:40:43.401342,48.20,100.00,49.50,49.50
2026-05-09T16:40:44.104097,49.10,100.00,47.70,48.20
2026-05-09T16:40:44.806564,51.90,100.00,51.40,51.40
2026-05-09T16:40:45.510968,92.10,100.00,86.20,86.10
2026-05-09T16:40:46.215267,89.50,100.00,83.30,85.70
2026-05-09T16:40:46.919706,89.70,100.00,84.10,83.10
2026-05-09T16:40:47.624189,94.50,100.00,86.40,88.60
2026-05-09T16:40:48.327902,93.30,100.00,87.30,87.50
2026-05-09T16:40:49.032410,91.90,100.00,87.50,84.10
2026-05-09T16:40:49.737444,93.30,100.00,86.40,86.30
2026-05-09T16:40:50.440224,59.30,100.00,58.80,59.30
2026-05-09T16:40:51.143546,58.80,100.00,58.60,59.00
2026-05-09T16:40:51.846413,58.80,100.00,57.90,58.30
2026-05-09T16:40:52.549321,58.90,100.00,59.00,57.90
2026-05-09T16:40:53.251906,58.80,100.00,58.10,58.80
2026-05-09T16:40:53.954620,59.30,100.00,58.60,59.00
2026-05-09T16:40:54.657935,60.20,100.00,59.60,59.60
2026-05-09T16:40:55.361827,67.30,100.00,65.70,65.70
2026-05-09T16:40:56.064685,67.30,100.00,66.00,66.00
2026-05-09T16:40:56.768110,68.70,100.00,67.00,68.00
2026-05-09T16:40:57.471246,68.00,100.00,66.70,67.30
2026-05-09T16:40:58.174646,67.60,100.00,66.30,65.40
2026-05-09T16:40:58.878071,67.60,100.00,65.70,66.30
2026-05-09T16:40:59.581480,67.30,100.00,66.00,65.70
2026-05-09T16:41:00.284222,58.00,100.00,56.60,57.00
2026-05-09T16:41:00.986676,55.90,100.00,54.70,53.90
2026-05-09T16:41:01.689327,55.50,100.00,55.10,54.70
2026-05-09T16:41:02.392507,54.70,100.00,54.20,53.40
2026-05-09T16:41:03.095225,54.70,100.00,54.60,54.30
2026-05-09T16:41:03.797874,55.20,100.00,55.50,55.10
2026-05-09T16:41:04.500441,56.00,100.00,54.70,54.80
2026-05-09T16:41:05.203714,62.70,100.00,61.10,61.50
2026-05-09T16:41:05.906728,67.00,100.00,65.70,66.70
2026-05-09T16:41:06.609970,66.00,100.00,64.80,65.10
2026-05-09T16:41:07.313467,67.30,100.00,66.00,66.30
2026-05-09T16:41:08.017175,66.70,100.00,64.80,65.40
2026-05-09T16:41:08.720538,66.70,100.00,65.40,65.40
2026-05-09T16:41:09.424292,66.30,100.00,65.40,66.30
2026-05-09T16:41:10.129217,69.00,100.00,67.00,67.00
2026-05-09T16:41:10.832754,69.00,100.00,67.00,68.00
2026-05-09T16:41:11.537166,70.10,100.00,68.00,68.30
2026-05-09T16:41:12.240813,68.40,100.00,67.30,67.00
2026-05-09T16:41:12.944457,70.00,100.00,67.60,68.00
2026-05-09T16:41:13.647793,68.40,100.00,67.60,66.30
2026-05-09T16:41:14.351594,70.70,100.00,67.30,68.30
2026-05-09T16:41:15.055395,70.50,100.00,69.30,70.00
2026-05-09T16:41:15.759523,74.20,100.00,71.90,70.50
2026-05-09T16:41:16.463351,74.70,100.00,71.10,71.90
2026-05-09T16:41:17.167315,73.10,100.00,71.10,71.90
2026-05-09T16:41:17.870890,73.40,100.00,70.40,71.40
2026-05-09T16:41:18.575200,73.90,100.00,71.40,71.90
2026-05-09T16:41:19.278646,73.60,100.00,71.10,71.70
2026-05-09T16:41:19.982332,71.40,100.00,69.30,68.00
2026-05-09T16:41:20.686378,68.40,100.00,67.00,67.00
2026-05-09T16:41:21.389867,66.70,100.00,65.70,66.00
2026-05-09T16:41:22.093374,67.00,100.00,65.70,65.10
2026-05-09T16:41:22.797131,68.40,100.00,65.70,66.30
2026-05-09T16:41:23.500578,68.00,100.00,67.00,67.30
2026-05-09T16:41:24.204348,68.70,100.00,67.00,68.00
2026-05-09T16:41:24.907684,66.00,100.00,66.00,65.70
2026-05-09T16:41:25.611310,60.00,100.00,59.60,60.70
2026-05-09T16:41:26.314734,59.50,100.00,58.80,58.40
2026-05-09T16:41:27.017580,59.10,100.00,60.00,59.60
2026-05-09T16:41:27.720733,59.50,100.00,58.80,59.50
2026-05-09T16:41:28.423676,58.90,100.00,59.60,59.30
2026-05-09T16:41:29.126796,59.30,100.00,59.00,57.90
2026-05-09T16:41:29.830840,60.40,100.00,60.90,60.90
2026-05-09T16:41:30.535604,89.60,100.00,81.90,82.10
2026-05-09T16:41:31.240298,93.20,100.00,82.90,85.40
2026-05-09T16:41:31.946135,88.60,100.00,81.20,81.90
2026-05-09T16:41:32.650189,89.50,100.00,82.50,83.70
2026-05-09T16:41:33.354412,85.90,100.00,80.00,80.00
2026-05-09T16:41:34.059153,86.70,100.00,77.20,78.20
2026-05-09T16:41:34.763562,85.70,100.00,80.00,79.50
2026-05-09T16:41:35.466602,60.70,100.00,59.50,59.60
2026-05-09T16:41:36.169634,59.60,100.00,60.70,60.20
2026-05-09T16:41:36.872666,60.40,100.00,60.50,61.10
2026-05-09T16:41:37.576058,60.70,100.00,60.00,59.60
2026-05-09T16:41:38.279047,60.70,100.00,60.00,60.90
2026-05-09T16:41:38.982234,60.40,100.00,59.60,60.50
2026-05-09T16:41:39.685400,60.70,100.00,60.50,60.20
2026-05-09T16:41:40.389471,75.60,100.00,72.90,74.00
2026-05-09T16:41:41.092677,78.40,100.00,73.90,73.90
2026-05-09T16:41:41.795956,78.70,100.00,74.50,75.00
2026-05-09T16:41:42.499938,77.30,100.00,73.70,74.50
2026-05-09T16:41:43.204211,78.70,100.00,74.50,74.20
2026-05-09T16:41:43.907575,77.50,100.00,73.40,74.50
2026-05-09T16:41:44.610752,78.20,100.00,75.30,74.50
2026-05-09T16:41:45.314651,70.80,100.00,69.30,69.30
2026-05-09T16:41:46.018378,68.00,100.00,65.10,65.40
2026-05-09T16:41:46.721559,67.30,100.00,66.70,66.70
2026-05-09T16:41:47.424654,67.70,100.00,66.30,66.70
2026-05-09T16:41:48.127990,68.00,100.00,65.70,66.30
2026-05-09T16:41:48.831389,67.30,100.00,67.30,66.70
2026-05-09T16:41:49.535203,68.00,100.00,66.30,66.30
2026-05-09T16:41:50.238878,76.90,100.00,72.60,73.40
2026-05-09T16:41:50.942669,82.70,100.00,77.80,78.40
2026-05-09T16:41:51.646311,81.40,100.00,77.80,79.30
2026-05-09T16:41:52.350347,79.30,100.00,75.80,75.80
2026-05-09T16:41:53.053837,79.30,100.00,75.80,75.30
2026-05-09T16:41:53.757585,79.50,100.00,75.30,75.80
2026-05-09T16:41:54.462197,80.20,100.00,76.90,76.70
2026-05-09T16:41:55.164932,66.70,100.00,64.20,66.00
2026-05-09T16:41:55.867951,59.30,100.00,59.80,59.10
2026-05-09T16:41:56.571113,59.30,100.00,59.10,59.10
2026-05-09T16:41:57.274384,58.90,100.00,58.60,59.10
2026-05-09T16:41:57.977337,59.30,100.00,58.60,59.50
2026-05-09T16:41:58.680409,58.80,100.00,58.80,59.10
2026-05-09T16:41:59.383305,59.30,100.00,59.00,59.30
2026-05-09T16:42:00.086670,63.80,100.00,63.00,62.40
2026-05-09T16:42:00.789951,71.60,100.00,69.30,70.40
2026-05-09T16:42:01.493830,70.80,100.00,69.30,69.60
2026-05-09T16:42:02.197145,70.70,100.00,67.60,68.60
2026-05-09T16:42:02.900781,71.10,100.00,69.00,68.00
2026-05-09T16:42:03.604323,70.80,100.00,68.60,68.70
2026-05-09T16:42:04.309487,72.60,100.00,70.00,70.80
2026-05-09T16:42:05.013134,72.30,100.00,69.70,70.00
2026-05-09T16:42:05.717121,75.30,100.00,72.20,72.20
2026-05-09T16:42:06.420749,73.10,100.00,70.40,71.10
2026-05-09T16:42:07.124505,74.20,100.00,70.70,71.10
2026-05-09T16:42:07.828238,75.00,100.00,72.60,72.60
2026-05-09T16:42:08.532166,75.80,100.00,72.90,73.70
2026-05-09T16:42:09.236147,75.00,100.00,71.90,72.20
2026-05-09T16:42:09.940368,77.50,100.00,74.50,75.00
2026-05-09T16:42:10.644428,90.70,100.00,83.10,84.10
2026-05-09T16:42:11.347850,87.50,100.00,80.70,81.90
2026-05-09T16:42:12.051997,85.40,100.00,79.30,81.60
2026-05-09T16:42:12.756895,86.20,100.00,80.70,80.20
2026-05-09T16:42:13.460771,87.20,100.00,82.10,83.30
2026-05-09T16:42:14.166383,90.90,100.00,82.10,85.40
2026-05-09T16:42:14.870224,89.70,100.00,82.40,82.40
2026-05-09T16:42:15.574015,93.30,100.00,84.30,86.40
2026-05-09T16:42:16.279169,92.00,100.00,84.30,85.20
2026-05-09T16:42:16.982634,89.70,100.00,83.30,85.50
2026-05-09T16:42:17.687043,94.50,100.00,85.20,87.50
2026-05-09T16:42:18.390503,90.80,100.00,84.30,85.20
2026-05-09T16:42:19.096149,89.70,100.00,83.30,84.10
2026-05-09T16:42:19.800112,92.00,100.00,84.10,85.20
2026-05-09T16:42:20.503460,83.10,100.00,77.80,79.50
2026-05-09T16:42:21.207056,82.10,100.00,79.50,79.30
2026-05-09T16:42:21.911209,84.30,100.00,78.70,80.70
2026-05-09T16:42:22.616334,85.00,100.00,79.50,80.00
2026-05-09T16:42:23.320403,86.10,100.00,81.20,82.60
2026-05-09T16:42:24.023872,86.20,100.00,80.20,81.90
2026-05-09T16:42:24.727373,87.30,100.00,81.40,81.60
2026-05-09T16:42:25.430478,63.60,100.00,63.10,63.30
2026-05-09T16:42:26.133491,62.60,100.00,62.40,61.80
2026-05-09T16:42:26.836429,62.60,100.00,61.80,62.20
2026-05-09T16:42:27.539619,62.60,100.00,62.50,63.10
2026-05-09T16:42:28.242802,62.30,100.00,61.80,62.20
2026-05-09T16:42:28.946267,64.50,100.00,62.40,62.40
2026-05-09T16:42:29.649554,61.50,100.00,61.80,63.30
2026-05-09T16:42:30.354563,84.10,100.00,79.50,80.20
2026-05-09T16:42:31.059175,86.10,100.00,82.40,82.60
2026-05-09T16:42:31.764491,89.90,100.00,83.50,84.10
2026-05-09T16:42:32.469549,86.10,100.00,80.00,80.50
2026-05-09T16:42:33.174960,86.40,100.00,80.70,81.40
2026-05-09T16:42:33.880604,86.40,100.00,81.20,80.00
2026-05-09T16:42:34.585493,87.30,100.00,81.40,83.30
2026-05-09T16:42:35.287921,45.50,100.00,45.10,43.20
2026-05-09T16:42:35.990332,35.50,100.00,32.60,30.20
2026-05-09T16:42:36.693209,37.10,100.00,34.40,29.90
2026-05-09T16:42:37.395828,36.20,100.00,33.30,32.20
2026-05-09T16:42:38.098553,35.10,100.00,34.40,31.90
2026-05-09T16:42:38.801185,34.40,100.00,34.40,31.80
2026-05-09T16:42:39.503748,36.20,100.00,35.10,31.10
2026-05-09T16:42:40.206842,57.00,100.00,55.00,55.40
2026-05-09T16:42:40.910415,68.70,100.00,67.30,68.00
2026-05-09T16:42:41.614253,69.00,100.00,66.30,67.30
2026-05-09T16:42:42.317626,68.00,100.00,66.30,66.70
2026-05-09T16:42:43.020908,68.00,100.00,67.00,66.70
2026-05-09T16:42:43.724742,68.70,100.00,66.70,67.60
2026-05-09T16:42:44.428756,69.10,100.00,68.60,68.30
2026-05-09T16:42:45.131206,50.50,100.00,49.50,48.40
2026-05-09T16:42:45.833632,32.60,100.00,32.20,29.40
2026-05-09T16:42:46.537670,34.40,100.00,32.60,28.70
2026-05-09T16:42:47.240459,33.70,100.00,34.00,33.30
2026-05-09T16:42:47.942627,30.70,100.00,28.70,28.20
2026-05-09T16:42:48.645009,30.30,100.00,30.70,28.70
2026-05-09T16:42:49.347332,29.90,100.00,28.40,27.10
2026-05-09T16:42:50.050966,45.10,100.00,46.20,44.60
2026-05-09T16:42:50.754667,67.70,100.00,66.00,66.30
2026-05-09T16:42:51.457789,69.30,100.00,67.00,68.00
2026-05-09T16:42:52.161249,69.40,100.00,66.70,67.60
2026-05-09T16:42:52.864859,68.40,100.00,67.30,67.00
2026-05-09T16:42:53.568348,68.70,100.00,66.30,67.00
2026-05-09T16:42:54.271914,69.00,100.00,68.00,68.00
2026-05-09T16:42:54.974960,67.60,100.00,65.10,66.30
2026-05-09T16:42:55.678440,62.60,100.00,62.70,63.00
2026-05-09T16:42:56.381863,62.90,100.00,61.50,62.50
2026-05-09T16:42:57.084850,62.70,100.00,61.60,62.20
2026-05-09T16:42:57.787893,63.00,100.00,61.90,62.20
2026-05-09T16:42:58.490856,62.00,100.00,61.30,61.80
2026-05-09T16:42:59.193808,62.40,100.00,62.30,61.60
2026-05-09T16:42:59.896700,64.20,100.00,62.70,63.30
2026-05-09T16:43:00.599893,71.40,100.00,68.70,69.30
2026-05-09T16:43:01.303638,70.80,100.00,69.30,69.00
2026-05-09T16:43:02.007312,70.80,100.00,68.70,70.70
2026-05-09T16:43:02.711206,72.20,100.00,69.30,68.70
2026-05-09T16:43:03.415105,70.50,100.00,69.70,70.70
2026-05-09T16:43:04.118506,71.90,100.00,70.00,69.00
2026-05-09T16:43:04.821856,70.40,100.00,68.00,69.10
2026-05-09T16:43:05.524645,57.90,100.00,56.90,56.40
2026-05-09T16:43:06.227438,56.70,100.00,56.30,55.20
2026-05-09T16:43:06.930455,56.50,100.00,56.00,56.50
2026-05-09T16:43:07.633151,56.40,100.00,56.30,55.90
2026-05-09T16:43:08.336119,57.30,100.00,56.80,56.50
2026-05-09T16:43:09.039064,55.30,100.00,56.00,57.10
2026-05-09T16:43:09.741701,57.60,100.00,55.60,55.90
2026-05-09T16:43:10.445188,72.60,100.00,70.00,70.40
2026-05-09T16:43:11.148538,73.10,100.00,71.40,71.10
2026-05-09T16:43:11.851896,73.10,100.00,70.40,70.40
2026-05-09T16:43:12.556165,72.60,100.00,70.40,71.40
2026-05-09T16:43:13.259294,72.30,100.00,70.00,70.40
2026-05-09T16:43:13.962837,73.10,100.00,71.10,71.10
2026-05-09T16:43:14.666615,73.40,100.00,70.40,71.40
2026-05-09T16:43:15.371196,88.60,100.00,82.10,82.40
2026-05-09T16:43:16.075637,92.10,100.00,85.50,86.40
2026-05-09T16:43:16.780662,94.50,100.00,86.40,86.20
2026-05-09T16:43:17.485296,94.60,100.00,87.50,89.70
2026-05-09T16:43:18.189909,97.20,100.00,88.50,89.70
2026-05-09T16:43:18.894122,95.80,100.00,87.70,89.70
2026-05-09T16:43:19.598304,94.50,100.00,87.30,88.50
2026-05-09T16:43:20.300797,53.10,100.00,51.50,51.50
2026-05-09T16:43:21.003381,47.30,100.00,44.30,44.20
2026-05-09T16:43:21.705871,44.30,100.00,44.90,44.20
2026-05-09T16:43:22.408376,46.30,100.00,44.30,45.40
2026-05-09T16:43:23.110919,45.90,100.00,45.40,44.80
2026-05-09T16:43:23.813474,46.30,100.00,44.20,42.20
2026-05-09T16:43:24.516150,45.30,100.00,45.40,43.80
2026-05-09T16:43:25.219121,60.60,100.00,59.60,59.20
2026-05-09T16:43:25.922840,69.40,100.00,67.60,68.30
2026-05-09T16:43:26.626568,69.00,100.00,67.00,67.60
2026-05-09T16:43:27.329729,68.40,100.00,67.30,67.60
2026-05-09T16:43:28.033730,69.00,100.00,68.00,67.00
2026-05-09T16:43:28.737315,69.40,100.00,66.70,67.60
2026-05-09T16:43:29.440521,68.70,100.00,68.00,67.00
2026-05-09T16:43:30.144680,75.00,100.00,72.20,72.60
2026-05-09T16:43:30.848179,78.70,100.00,74.70,75.30
2026-05-09T16:43:31.551847,78.70,100.00,75.50,74.50
2026-05-09T16:43:32.255233,78.40,100.00,73.90,75.60
2026-05-09T16:43:32.959641,80.00,100.00,75.50,76.10
2026-05-09T16:43:33.663532,79.30,100.00,75.60,75.80
2026-05-09T16:43:34.367370,79.30,100.00,77.20,76.70
2026-05-09T16:43:35.070653,79.30,100.00,74.70,75.00
2026-05-09T16:43:35.774345,78.40,100.00,75.50,76.10
2026-05-09T16:43:36.478132,77.80,100.00,74.50,74.20
2026-05-09T16:43:37.182202,78.20,100.00,73.90,75.50
2026-05-09T16:43:37.886599,79.30,100.00,76.10,76.70
2026-05-09T16:43:38.590385,79.30,100.00,76.10,76.70
2026-05-09T16:43:39.294433,79.50,100.00,75.00,75.00
2026-05-09T16:43:39.997179,69.40,100.00,67.60,69.00
2026-05-09T16:43:40.700298,57.50,100.00,56.40,56.90
2026-05-09T16:43:41.403239,56.90,100.00,57.30,57.30
2026-05-09T16:43:42.106328,57.80,100.00,57.10,57.30
2026-05-09T16:43:42.809206,56.90,100.00,57.10,56.90
2026-05-09T16:43:43.511863,57.40,100.00,56.90,57.30
2026-05-09T16:43:44.214558,57.50,100.00,56.90,56.90
2026-05-09T16:43:44.917327,63.00,100.00,61.50,62.00
2026-05-09T16:43:45.621559,89.50,100.00,85.40,85.40
2026-05-09T16:43:46.326644,88.50,100.00,82.10,82.10
2026-05-09T16:43:47.031101,87.20,100.00,83.10,84.30
2026-05-09T16:43:47.736111,85.40,100.00,81.40,82.10
2026-05-09T16:43:48.440805,85.40,100.00,80.50,80.70
2026-05-09T16:43:49.145205,87.30,100.00,82.10,83.30
2026-05-09T16:43:49.850284,90.70,100.00,83.50,84.30
2026-05-09T16:43:50.554538,94.60,100.00,87.30,87.20
2026-05-09T16:43:51.258532,92.10,100.00,84.30,84.50
2026-05-09T16:43:51.963429,93.20,100.00,85.40,87.50
2026-05-09T16:43:52.667266,92.00,100.00,84.30,85.20
2026-05-09T16:43:53.372165,89.70,100.00,83.10,84.10
2026-05-09T16:43:54.076204,91.80,100.00,86.30,87.50
2026-05-09T16:43:54.779767,92.20,100.00,84.30,86.40
2026-05-09T16:43:55.483826,87.20,100.00,82.40,83.30
2026-05-09T16:43:56.187935,89.70,100.00,82.10,83.30
2026-05-09T16:43:56.895166,93.20,100.00,84.30,87.50
2026-05-09T16:43:57.601303,90.80,100.00,84.30,87.70
2026-05-09T16:43:58.305858,88.60,100.00,82.10,81.90
2026-05-09T16:43:59.009937,92.00,100.00,84.50,87.70
2026-05-09T16:43:59.714435,90.90,100.00,83.10,85.40
2026-05-09T16:44:00.417898,87.50,100.00,81.40,85.00
2026-05-09T16:44:01.121832,85.00,100.00,79.30,80.00
2026-05-09T16:44:01.827668,86.30,100.00,81.20,83.10
2026-05-09T16:44:02.532875,87.20,100.00,79.50,83.30
2026-05-09T16:44:03.236948,87.30,100.00,80.50,82.40
2026-05-09T16:44:03.941329,86.30,100.00,80.20,83.30
2026-05-09T16:44:04.645888,88.50,100.00,81.20,83.30
2026-05-09T16:44:05.351063,84.30,100.00,78.70,80.20
2026-05-09T16:44:06.054855,83.10,100.00,79.10,81.20
2026-05-09T16:44:06.760611,84.10,100.00,78.90,79.10
2026-05-09T16:44:07.465187,82.40,100.00,77.50,77.80
2026-05-09T16:44:08.168696,82.40,100.00,77.50,78.70
2026-05-09T16:44:08.872244,80.20,100.00,76.10,76.70
2026-05-09T16:44:09.576215,82.10,100.00,77.50,79.30
2026-05-09T16:44:10.279891,69.10,100.00,67.30,67.00
2026-05-09T16:44:10.982954,65.40,100.00,64.50,64.80
2026-05-09T16:44:11.686558,65.70,100.00,65.10,64.90
2026-05-09T16:44:12.389629,64.40,100.00,63.60,63.90
2026-05-09T16:44:13.093354,65.00,100.00,63.60,64.50
2026-05-09T16:44:13.796187,63.70,100.00,63.30,64.50
2026-05-09T16:44:14.499486,65.10,100.00,63.90,63.00
2026-05-09T16:44:15.201907,58.60,100.00,57.50,58.80
2026-05-09T16:44:15.904679,54.30,100.00,55.60,54.40
2026-05-09T16:44:16.607464,54.70,100.00,54.20,53.80
2026-05-09T16:44:17.310129,55.60,100.00,55.80,54.30
2026-05-09T16:44:18.012764,54.80,100.00,54.60,55.10
2026-05-09T16:44:18.715353,54.20,100.00,53.80,53.00
2026-05-09T16:44:19.418025,54.30,100.00,53.40,53.50
2026-05-09T16:44:20.121186,59.80,100.00,59.10,58.90
2026-05-09T16:44:20.824263,63.80,100.00,63.60,63.30
2026-05-09T16:44:21.527441,64.80,100.00,64.20,64.20
2026-05-09T16:44:22.230640,65.40,100.00,63.00,63.60
2026-05-09T16:44:22.933751,64.40,100.00,63.90,64.20
2026-05-09T16:44:23.636823,64.40,100.00,63.30,63.90
2026-05-09T16:44:24.339891,64.80,100.00,63.90,64.20
2026-05-09T16:44:25.044312,72.30,100.00,69.70,70.10
2026-05-09T16:44:25.748933,88.60,100.00,82.60,83.30
2026-05-09T16:44:26.454365,86.10,100.00,80.00,81.40
2026-05-09T16:44:27.158349,86.30,100.00,80.50,82.10
2026-05-09T16:44:27.861910,84.10,100.00,79.30,80.20
2026-05-09T16:44:28.565791,84.10,100.00,77.80,79.30
2026-05-09T16:44:29.270120,83.10,100.00,78.40,78.90
2026-05-09T16:44:29.973840,79.10,100.00,75.30,75.80
2026-05-09T16:44:30.677840,70.40,100.00,68.30,69.30
2026-05-09T16:44:31.381133,70.40,100.00,68.00,67.30
2026-05-09T16:44:32.084494,70.10,100.00,67.60,68.30
2026-05-09T16:44:32.788128,70.40,100.00,67.60,68.60
2026-05-09T16:44:33.491416,69.80,100.00,67.60,68.30
2026-05-09T16:44:34.196609,70.10,100.00,68.60,68.70
2026-05-09T16:44:34.900583,70.70,100.00,67.60,68.30
2026-05-09T16:44:35.604684,70.40,100.00,68.60,68.60
2026-05-09T16:44:36.308759,70.50,100.00,68.60,68.30
2026-05-09T16:44:37.012370,71.40,100.00,69.00,69.70
2026-05-09T16:44:37.715937,70.50,100.00,68.30,68.70
2026-05-09T16:44:38.420476,70.50,100.00,69.00,70.30
2026-05-09T16:44:39.124197,72.30,100.00,69.30,69.00
2026-05-09T16:44:39.827567,69.70,100.00,69.00,69.00
2026-05-09T16:44:40.530954,76.40,100.00,72.90,73.40
2026-05-09T16:44:41.235022,75.80,100.00,72.90,72.60
2026-05-09T16:44:41.939386,75.60,100.00,72.60,73.40
2026-05-09T16:44:42.642963,75.00,100.00,71.90,72.90
2026-05-09T16:44:43.346251,74.50,100.00,72.20,72.60
2026-05-09T16:44:44.049866,74.70,100.00,71.10,72.20
2026-05-09T16:44:44.754389,75.50,100.00,72.60,71.90
2026-05-09T16:44:45.457404,57.40,100.00,56.90,57.40
2026-05-09T16:44:46.160218,58.30,100.00,58.00,57.80
2026-05-09T16:44:46.862952,57.90,100.00,57.30,56.90
2026-05-09T16:44:47.565776,57.40,100.00,57.60,57.30
2026-05-09T16:44:48.268698,58.40,100.00,57.30,58.50
2026-05-09T16:44:48.971631,57.80,100.00,57.80,57.80
2026-05-09T16:44:49.675183,58.30,100.00,57.60,57.30
2026-05-09T16:44:50.378711,68.70,100.00,67.00,68.00
2026-05-09T16:44:51.082789,70.80,100.00,69.00,69.30
2026-05-09T16:44:51.786495,70.40,100.00,68.60,68.30
2026-05-09T16:44:52.490350,70.10,100.00,67.60,68.60
2026-05-09T16:44:53.193365,70.00,100.00,68.00,67.00
2026-05-09T16:44:53.896954,70.10,100.00,68.00,68.30
2026-05-09T16:44:54.600925,72.20,100.00,69.30,68.70
2026-05-09T16:44:55.303687,57.30,100.00,56.30,56.60
2026-05-09T16:44:56.006369,54.70,100.00,53.00,53.50
2026-05-09T16:44:56.709182,54.60,100.00,53.80,53.00
2026-05-09T16:44:57.411721,54.20,100.00,53.40,53.40
2026-05-09T16:44:58.114327,53.40,100.00,53.00,52.60
2026-05-09T16:44:58.817043,53.40,100.00,51.70,53.00
2026-05-09T16:44:59.519737,53.40,100.00,52.20,52.60
2026-05-09T16:45:00.223215,69.10,100.00,66.70,66.70
2026-05-09T16:45:00.927973,82.10,100.00,77.50,79.10
2026-05-09T16:45:01.632701,81.40,100.00,77.80,77.80
2026-05-09T16:45:02.339320,79.30,100.00,75.00,76.10
2026-05-09T16:45:03.042751,78.20,100.00,73.70,73.90
2026-05-09T16:45:03.746047,77.50,100.00,75.00,75.30
2026-05-09T16:45:04.449798,79.30,100.00,75.00,75.80
2026-05-09T16:45:05.153260,71.90,100.00,70.70,70.40
2026-05-09T16:45:05.856601,69.40,100.00,67.30,67.60
2026-05-09T16:45:06.560097,69.80,100.00,67.60,69.00
2026-05-09T16:45:07.263592,69.00,100.00,67.60,67.30
2026-05-09T16:45:07.966851,70.10,100.00,67.60,68.40
2026-05-09T16:45:08.671145,70.10,100.00,68.30,69.00
2026-05-09T16:45:09.374559,70.50,100.00,68.30,69.30
2026-05-09T16:45:10.077737,68.00,100.00,65.70,66.00
2026-05-09T16:45:10.780898,64.80,100.00,64.20,63.90
2026-05-09T16:45:11.484711,65.40,100.00,63.60,64.50
2026-05-09T16:45:12.187870,65.40,100.00,63.90,64.20
2026-05-09T16:45:12.891343,64.10,100.00,63.90,63.60
2026-05-09T16:45:13.594688,64.80,100.00,63.30,63.30
2026-05-09T16:45:14.297661,64.50,100.00,63.30,63.60
2026-05-09T16:45:15.001289,67.00,100.00,66.00,65.70
2026-05-09T16:45:15.705062,72.60,100.00,70.00,70.30
2026-05-09T16:45:16.408927,73.70,100.00,70.40,71.10
2026-05-09T16:45:17.112623,73.10,100.00,70.70,70.40
2026-05-09T16:45:17.816240,73.40,100.00,71.40,71.40
2026-05-09T16:45:18.519618,73.40,100.00,70.10,70.40
2026-05-09T16:45:19.223320,73.90,100.00,72.20,72.60
2026-05-09T16:45:19.927351,73.90,100.00,71.40,72.20
2026-05-09T16:45:20.631140,72.30,100.00,69.70,70.00
2026-05-09T16:45:21.334399,73.70,100.00,70.70,70.40
2026-05-09T16:45:22.037622,73.10,100.00,70.00,70.40
2026-05-09T16:45:22.741795,73.70,100.00,70.70,70.70
2026-05-09T16:45:23.445789,73.10,100.00,70.70,71.40
2026-05-09T16:45:24.149003,73.10,100.00,70.40,70.70
2026-05-09T16:45:24.852376,69.40,100.00,67.30,67.00
2026-05-09T16:45:25.554972,53.40,100.00,52.50,52.60
2026-05-09T16:45:26.258370,54.20,100.00,53.40,52.60
2026-05-09T16:45:26.960870,54.20,100.00,53.40,53.80
2026-05-09T16:45:27.663734,53.00,100.00,53.00,51.30
2026-05-09T16:45:28.366411,53.40,100.00,53.00,52.60
2026-05-09T16:45:29.068849,53.00,100.00,52.20,51.70
2026-05-09T16:45:29.771417,52.60,100.00,52.60,52.60
2026-05-09T16:45:30.474062,56.90,100.00,55.20,55.60
2026-05-09T16:45:31.177129,55.60,100.00,55.90,56.00
2026-05-09T16:45:31.879806,56.10,100.00,56.30,56.40
2026-05-09T16:45:32.582575,56.30,100.00,55.10,54.70
2026-05-09T16:45:33.285035,55.90,100.00,54.70,55.20
2026-05-09T16:45:33.987618,55.90,100.00,54.70,54.70
2026-05-09T16:45:34.690541,55.20,100.00,56.30,54.70
2026-05-09T16:45:35.394547,75.30,100.00,71.90,72.60
2026-05-09T16:45:36.097947,79.10,100.00,75.80,76.10
2026-05-09T16:45:36.801836,77.90,100.00,74.50,74.70
2026-05-09T16:45:37.505806,77.50,100.00,75.30,75.30
2026-05-09T16:45:38.209610,77.50,100.00,73.70,73.40
2026-05-09T16:45:38.912849,77.80,100.00,74.20,74.20
2026-05-09T16:45:39.616324,77.50,100.00,74.50,75.80
2026-05-09T16:45:40.318766,59.80,100.00,58.40,58.40
2026-05-09T16:45:41.021367,56.00,100.00,55.60,54.80
2026-05-09T16:45:41.724280,56.90,100.00,56.70,56.80
2026-05-09T16:45:42.426688,56.40,100.00,55.20,55.90
2026-05-09T16:45:43.129285,55.60,100.00,55.60,55.20
2026-05-09T16:45:43.831868,56.90,100.00,56.80,56.00
2026-05-09T16:45:44.534884,56.00,100.00,56.30,56.40
2026-05-09T16:45:45.237684,56.80,100.00,55.60,55.20
2026-05-09T16:45:45.940403,56.40,100.00,56.30,56.00
2026-05-09T16:45:46.643176,55.60,100.00,55.50,54.70
2026-05-09T16:45:47.345735,56.30,100.00,55.10,54.80
2026-05-09T16:45:48.048870,55.60,100.00,54.70,55.20
2026-05-09T16:45:48.751754,56.40,100.00,55.90,56.30
2026-05-09T16:45:49.454577,55.10,100.00,55.10,55.50
2026-05-09T16:45:50.157568,57.30,100.00,56.80,56.40
2026-05-09T16:45:50.860112,57.80,100.00,57.60,57.30
2026-05-09T16:45:51.562681,57.40,100.00,56.90,57.30
2026-05-09T16:45:52.265463,57.60,100.00,57.10,56.90
2026-05-09T16:45:52.968526,57.30,100.00,57.60,56.80
2026-05-09T16:45:53.671435,57.40,100.00,56.80,57.30
2026-05-09T16:45:54.374179,58.10,100.00,56.90,56.50
2026-05-09T16:45:55.081814,70.80,100.00,67.00,69.30
2026-05-09T16:45:55.785905,89.70,100.00,83.30,84.00
2026-05-09T16:45:56.489490,92.00,100.00,84.30,87.50
2026-05-09T16:45:57.195294,87.30,100.00,80.50,83.30
2026-05-09T16:45:57.899829,90.90,100.00,82.40,84.10
2026-05-09T16:45:58.603203,88.50,100.00,81.20,83.10
2026-05-09T16:45:59.307849,87.50,100.00,81.40,81.20
2026-05-09T16:46:00.011251,82.40,100.00,77.50,79.80
2026-05-09T16:46:00.714910,72.60,100.00,70.00,70.80
2026-05-09T16:46:01.418807,71.60,100.00,70.00,69.70
2026-05-09T16:46:02.121917,72.30,100.00,69.40,70.70
2026-05-09T16:46:02.825650,72.30,100.00,69.70,69.70
2026-05-09T16:46:03.529812,72.60,100.00,70.00,69.70
2026-05-09T16:46:04.233391,72.30,100.00,70.70,70.00
2026-05-09T16:46:04.936774,70.70,100.00,68.30,69.00
2026-05-09T16:46:05.639927,69.40,100.00,67.60,68.30
2026-05-09T16:46:06.343688,70.80,100.00,69.30,69.00
2026-05-09T16:46:07.047574,70.40,100.00,67.60,68.70
2026-05-09T16:46:07.750771,68.70,100.00,67.30,68.00
2026-05-09T16:46:08.454668,69.40,100.00,66.70,68.00
2026-05-09T16:46:09.157767,68.30,100.00,67.60,66.70
2026-05-09T16:46:09.861471,68.70,100.00,66.30,67.30
2026-05-09T16:46:10.564767,65.00,100.00,64.80,63.80
2026-05-09T16:46:11.268495,63.80,100.00,63.30,63.60
2026-05-09T16:46:11.971646,64.20,100.00,63.30,63.90
2026-05-09T16:46:12.674912,65.70,100.00,63.90,64.50
2026-05-09T16:46:13.378447,64.80,100.00,63.60,63.30
2026-05-09T16:46:14.081503,63.60,100.00,63.30,63.60
2026-05-09T16:46:14.784677,65.00,100.00,63.00,63.60
2026-05-09T16:46:15.487231,53.00,100.00,52.20,52.20
2026-05-09T16:46:16.189732,53.00,100.00,52.20,51.30
2026-05-09T16:46:16.892473,53.40,100.00,52.20,52.20
2026-05-09T16:46:17.595329,53.40,100.00,53.00,52.50
2026-05-09T16:46:18.297728,53.80,100.00,52.10,51.30
2026-05-09T16:46:19.000055,52.60,100.00,50.90,50.40
2026-05-09T16:46:19.703176,53.40,100.00,52.60,51.80
2026-05-09T16:46:20.405434,39.40,100.00,38.10,37.50
2026-05-09T16:46:21.107775,33.30,100.00,33.00,33.70
2026-05-09T16:46:21.810225,33.00,100.00,33.70,32.20
2026-05-09T16:46:22.512382,33.00,100.00,32.60,34.40
2026-05-09T16:46:23.214847,36.20,100.00,34.40,32.60
2026-05-09T16:46:23.917126,33.70,100.00,31.50,35.50
2026-05-09T16:46:24.619610,35.50,100.00,34.40,31.50
2026-05-09T16:46:25.324221,72.40,100.00,68.50,70.80
2026-05-09T16:46:26.027770,84.10,100.00,79.10,80.50
2026-05-09T16:46:26.732185,85.20,100.00,80.50,81.20
2026-05-09T16:46:27.436808,84.00,100.00,79.30,81.40
2026-05-09T16:46:28.140609,82.40,100.00,78.70,79.50
2026-05-09T16:46:28.844818,84.30,100.00,79.30,79.10
2026-05-09T16:46:29.548701,82.90,100.00,78.40,79.80
2026-05-09T16:46:30.251345,61.70,100.00,60.20,60.70
2026-05-09T16:46:30.954159,56.40,100.00,56.30,54.30
2026-05-09T16:46:31.656883,55.70,100.00,55.50,55.90
2026-05-09T16:46:32.359913,56.30,100.00,55.90,55.20
2026-05-09T16:46:33.062685,56.00,100.00,55.50,55.90
2026-05-09T16:46:33.765400,54.70,100.00,55.10,54.30
2026-05-09T16:46:34.468235,55.90,100.00,55.60,55.70
2026-05-09T16:46:35.172237,66.00,100.00,63.80,64.50
2026-05-09T16:46:35.876099,73.40,100.00,70.70,71.40
2026-05-09T16:46:36.580107,74.70,100.00,72.60,72.60
2026-05-09T16:46:37.283634,72.30,100.00,70.00,71.10
2026-05-09T16:46:37.987500,74.20,100.00,71.10,71.10
2026-05-09T16:46:38.690705,73.40,100.00,70.00,69.40
2026-05-09T16:46:39.394764,75.60,100.00,71.10,72.60
2026-05-09T16:46:40.098321,79.10,100.00,75.80,76.90
2026-05-09T16:46:40.801889,87.20,100.00,82.10,82.10
2026-05-09T16:46:41.506499,82.40,100.00,77.80,78.70
2026-05-09T16:46:42.210581,81.90,100.00,78.40,78.20
2026-05-09T16:46:42.914596,82.40,100.00,77.80,77.80
2026-05-09T16:46:43.619933,81.70,100.00,78.40,78.70
2026-05-09T16:46:44.325934,84.50,100.00,79.80,80.20
2026-05-09T16:46:45.028659,69.80,100.00,66.70,67.00
2026-05-09T16:46:45.731586,53.90,100.00,53.80,52.20
2026-05-09T16:46:46.434401,54.70,100.00,53.80,54.70
2026-05-09T16:46:47.136775,53.80,100.00,53.80,51.80
2026-05-09T16:46:47.839390,54.70,100.00,53.80,53.00
2026-05-09T16:46:48.542039,54.20,100.00,53.40,53.80
2026-05-09T16:46:49.244807,54.60,100.00,53.40,53.40
2026-05-09T16:46:49.947643,56.50,100.00,55.60,55.70
2026-05-09T16:46:50.650709,61.70,100.00,61.80,61.60
2026-05-09T16:46:51.353909,62.40,100.00,61.60,62.70
2026-05-09T16:46:52.057120,62.00,100.00,61.60,61.60
2026-05-09T16:46:52.759788,61.80,100.00,61.90,62.20
2026-05-09T16:46:53.462686,62.40,100.00,60.70,61.60
2026-05-09T16:46:54.166185,61.50,100.00,61.60,61.30
2026-05-09T16:46:54.869517,64.80,100.00,63.30,64.20
2026-05-09T16:46:55.573782,75.00,100.00,72.90,72.60
2026-05-09T16:46:56.277487,73.60,100.00,71.90,72.90
2026-05-09T16:46:56.980855,74.20,100.00,71.40,72.60
2026-05-09T16:46:57.684860,74.70,100.00,72.60,72.60
2026-05-09T16:46:58.388721,75.00,100.00,71.10,72.20
2026-05-09T16:46:59.092231,73.90,100.00,71.40,71.90
2026-05-09T16:46:59.795670,73.70,100.00,71.40,70.70
2026-05-09T16:47:00.499636,77.50,100.00,74.50,75.00
2026-05-09T16:47:01.204329,76.70,100.00,73.40,74.00
2026-05-09T16:47:01.908266,76.10,100.00,73.70,73.40
2026-05-09T16:47:02.612179,77.30,100.00,73.40,74.50
2026-05-09T16:47:03.315778,76.90,100.00,74.00,73.40
2026-05-09T16:47:04.019558,76.70,100.00,73.70,73.40
2026-05-09T16:47:04.722738,76.70,100.00,73.40,74.00
2026-05-09T16:47:05.425617,65.40,100.00,64.20,64.50
2026-05-09T16:47:06.128697,64.10,100.00,64.20,63.90
2026-05-09T16:47:06.831540,64.80,100.00,63.90,63.90
2026-05-09T16:47:07.534837,64.20,100.00,62.40,63.90
2026-05-09T16:47:08.238762,64.10,100.00,63.90,63.60
2026-05-09T16:47:08.942666,65.40,100.00,63.90,64.20
2026-05-09T16:47:09.646184,63.70,100.00,63.60,64.50
2026-05-09T16:47:10.351351,83.10,100.00,78.90,79.30
2026-05-09T16:47:11.056143,85.20,100.00,81.20,81.20
2026-05-09T16:47:11.759968,85.00,100.00,81.20,81.40
2026-05-09T16:47:12.463708,86.10,100.00,80.20,82.10
2026-05-09T16:47:13.167258,84.80,100.00,80.20,81.40
2026-05-09T16:47:13.871150,84.10,100.00,81.40,81.20
2026-05-09T16:47:14.574643,83.30,100.00,79.50,80.50
2026-05-09T16:47:15.278422,70.10,100.00,67.60,68.30
2026-05-09T16:47:15.982333,67.60,100.00,65.70,65.70
2026-05-09T16:47:16.685912,68.00,100.00,66.00,65.70
2026-05-09T16:47:17.389422,68.00,100.00,66.30,67.30
2026-05-09T16:47:18.092643,68.40,100.00,67.00,67.30
2026-05-09T16:47:18.795687,67.60,100.00,66.30,66.30
2026-05-09T16:47:19.499108,67.60,100.00,66.00,66.00
2026-05-09T16:47:20.202717,72.30,100.00,69.40,70.40
2026-05-09T16:47:20.907071,75.80,100.00,74.00,72.90
2026-05-09T16:47:21.610359,75.80,100.00,72.60,72.60
2026-05-09T16:47:22.314714,75.80,100.00,72.60,73.40
2026-05-09T16:47:23.019058,77.30,100.00,74.50,74.70
2026-05-09T16:47:23.722507,75.80,100.00,74.50,73.70
2026-05-09T16:47:24.426411,75.30,100.00,73.70,73.40
2026-05-09T16:47:25.130639,75.30,100.00,72.60,73.10
2026-05-09T16:47:25.833953,73.10,100.00,71.10,72.20
2026-05-09T16:47:26.538842,73.90,100.00,71.90,71.90
2026-05-09T16:47:27.243270,74.20,100.00,71.10,71.10
2026-05-09T16:47:27.947307,73.60,100.00,71.90,72.30
2026-05-09T16:47:28.650571,72.80,100.00,71.40,71.40
2026-05-09T16:47:29.353940,73.40,100.00,70.40,71.70
2026-05-09T16:47:30.057741,73.90,100.00,71.40,71.90
2026-05-09T16:47:30.761118,74.20,100.00,70.80,71.30
2026-05-09T16:47:31.464467,73.90,100.00,71.70,71.70
2026-05-09T16:47:32.168127,75.00,100.00,71.90,72.60
2026-05-09T16:47:32.871480,74.20,100.00,70.70,71.60
2026-05-09T16:47:33.575232,72.60,100.00,70.70,71.70
2026-05-09T16:47:34.278821,75.00,100.00,71.60,71.90
2026-05-09T16:47:34.983852,79.30,100.00,75.00,75.60
2026-05-09T16:47:35.690185,94.60,100.00,89.70,88.50
2026-05-09T16:47:36.395802,92.10,100.00,88.80,86.60
2026-05-09T16:47:37.101448,90.70,100.00,85.20,85.40
2026-05-09T16:47:37.806672,91.90,100.00,86.40,86.30
2026-05-09T16:47:38.511009,90.90,100.00,86.40,85.40
2026-05-09T16:47:39.214715,89.70,100.00,84.30,83.30
2026-05-09T16:47:39.918569,88.30,100.00,83.30,84.30
2026-05-09T16:47:40.622902,82.10,100.00,77.30,77.30
2026-05-09T16:47:41.327238,78.40,100.00,75.80,75.80
2026-05-09T16:47:42.030911,79.10,100.00,75.80,76.10
2026-05-09T16:47:42.734836,79.30,100.00,76.10,76.90
2026-05-09T16:47:43.439134,78.40,100.00,76.90,76.10
2026-05-09T16:47:44.142586,80.50,100.00,75.80,75.80
2026-05-09T16:47:44.846802,74.40,100.00,71.60,72.00
2026-05-09T16:47:45.549459,50.00,100.00,49.60,49.50
2026-05-09T16:47:46.252913,51.80,100.00,50.00,49.50
2026-05-09T16:47:46.955731,49.60,100.00,49.10,48.20
2026-05-09T16:47:47.658420,51.30,100.00,51.30,50.00
2026-05-09T16:47:48.360945,51.30,100.00,51.30,50.50
2026-05-09T16:47:49.063652,50.00,100.00,49.10,48.60
2026-05-09T16:47:49.766491,50.00,100.00,47.20,47.70
2026-05-09T16:47:50.469973,78.40,100.00,75.50,75.80
2026-05-09T16:47:51.174150,77.50,100.00,74.50,74.70
2026-05-09T16:47:51.878166,78.40,100.00,74.20,74.70
2026-05-09T16:47:52.581740,80.20,100.00,75.80,76.10
2026-05-09T16:47:53.286287,78.70,100.00,74.70,75.80
2026-05-09T16:47:53.990101,77.50,100.00,75.00,75.30
2026-05-09T16:47:54.693729,80.20,100.00,76.90,76.10
2026-05-09T16:47:55.397277,75.00,100.00,72.20,72.60
2026-05-09T16:47:56.100578,75.00,100.00,72.90,72.60
2026-05-09T16:47:56.803918,73.10,100.00,70.40,70.40
2026-05-09T16:47:57.507929,74.70,100.00,71.90,72.90
2026-05-09T16:47:58.211543,75.80,100.00,72.20,72.90
2026-05-09T16:47:58.915163,72.80,100.00,70.70,70.80
2026-05-09T16:47:59.618899,74.50,100.00,70.70,70.70
2026-05-09T16:48:00.322565,65.70,100.00,64.80,65.70
2026-05-09T16:48:01.025737,65.10,100.00,63.30,63.30
2026-05-09T16:48:01.728680,63.80,100.00,63.30,63.90
2026-05-09T16:48:02.431561,64.20,100.00,63.30,63.90
2026-05-09T16:48:03.134746,65.10,100.00,63.60,63.30
2026-05-09T16:48:03.837856,63.80,100.00,61.80,63.30
2026-05-09T16:48:04.541402,64.20,100.00,64.00,64.50
2026-05-09T16:48:05.245148,68.00,100.00,65.40,66.30
2026-05-09T16:48:05.948558,69.10,100.00,68.60,68.30
2026-05-09T16:48:06.651784,70.80,100.00,69.30,69.00
2026-05-09T16:48:07.354931,70.50,100.00,68.00,69.00
2026-05-09T16:48:08.058289,70.10,100.00,67.60,68.00
2026-05-09T16:48:08.761533,69.40,100.00,68.60,69.30
2026-05-09T16:48:09.465673,70.10,100.00,68.30,69.00
2026-05-09T16:48:10.169121,74.40,100.00,71.10,71.90
2026-05-09T16:48:10.873551,76.10,100.00,73.70,73.40
2026-05-09T16:48:11.577257,77.50,100.00,74.50,73.70
2026-05-09T16:48:12.280929,77.50,100.00,73.40,73.90
2026-05-09T16:48:12.984924,77.50,100.00,75.30,75.30
2026-05-09T16:48:13.688234,78.40,100.00,74.20,75.80
2026-05-09T16:48:14.392143,76.70,100.00,72.30,73.10
2026-05-09T16:48:15.094494,62.40,100.00,61.00,59.40
2026-05-09T16:48:15.796852,49.10,100.00,48.60,47.20
2026-05-09T16:48:16.499444,49.50,100.00,49.10,47.70
2026-05-09T16:48:17.202212,50.40,100.00,48.70,48.60
2026-05-09T16:48:17.904772,49.10,100.00,48.60,46.20
2026-05-09T16:48:18.607320,50.00,100.00,48.20,48.20
2026-05-09T16:48:19.309732,50.00,100.00,48.60,48.60
2026-05-09T16:48:20.012743,55.00,100.00,55.00,54.10
2026-05-09T16:48:20.716244,66.00,100.00,64.50,65.40
2026-05-09T16:48:21.419580,66.00,100.00,64.50,64.50
2026-05-09T16:48:22.123650,65.40,100.00,64.20,64.80
2026-05-09T16:48:22.826813,66.70,100.00,65.40,65.70
2026-05-09T16:48:23.530122,65.40,100.00,65.10,65.40
2026-05-09T16:48:24.233483,66.70,100.00,64.50,64.80
2026-05-09T16:48:24.936853,71.10,100.00,68.60,68.00
2026-05-09T16:48:25.640548,87.20,100.00,81.40,82.40
2026-05-09T16:48:26.345608,86.40,100.00,82.40,83.10
2026-05-09T16:48:27.049709,89.60,100.00,82.40,84.30
2026-05-09T16:48:27.754493,87.50,100.00,81.00,82.10
2026-05-09T16:48:28.457824,85.20,100.00,81.40,81.40
2026-05-09T16:48:29.162565,88.60,100.00,84.50,85.20
2026-05-09T16:48:29.866344,81.00,100.00,76.40,77.30
2026-05-09T16:48:30.569141,56.30,100.00,54.70,54.30
2026-05-09T16:48:31.271835,55.70,100.00,55.80,55.90
2026-05-09T16:48:31.974871,55.90,100.00,55.60,55.20
2026-05-09T16:48:32.677542,55.30,100.00,55.10,55.20
2026-05-09T16:48:33.380108,55.60,100.00,55.60,54.80
2026-05-09T16:48:34.083214,56.40,100.00,55.10,55.60
2026-05-09T16:48:34.786267,56.40,100.00,55.70,56.50
2026-05-09T16:48:35.489257,66.00,100.00,65.40,65.10
2026-05-09T16:48:36.192569,66.00,100.00,65.10,65.40
2026-05-09T16:48:36.896116,65.70,100.00,64.50,65.40
2026-05-09T16:48:37.599311,65.00,100.00,64.50,64.20
2026-05-09T16:48:38.302435,66.00,100.00,64.50,65.40
2026-05-09T16:48:39.005869,66.30,100.00,65.10,64.80
2026-05-09T16:48:39.709302,66.00,100.00,65.10,65.10
2026-05-09T16:48:40.413095,89.70,100.00,82.40,85.40
2026-05-09T16:48:41.118296,92.10,100.00,84.30,85.40
2026-05-09T16:48:41.822519,89.50,100.00,83.30,86.40
2026-05-09T16:48:42.527551,87.50,100.00,83.30,83.10
2026-05-09T16:48:43.231547,90.80,100.00,83.30,86.60
2026-05-09T16:48:43.935220,93.20,100.00,86.40,88.50
2026-05-09T16:48:44.639909,89.60,100.00,84.30,86.30
2026-05-09T16:48:45.343519,89.70,100.00,83.10,85.50
2026-05-09T16:48:46.048916,92.00,100.00,84.10,86.30
2026-05-09T16:48:46.752845,90.90,100.00,86.30,88.60
2026-05-09T16:48:47.456722,90.70,100.00,83.30,85.40
2026-05-09T16:48:48.161141,93.30,100.00,86.40,87.50
2026-05-09T16:48:48.864930,92.00,100.00,85.40,86.40
2026-05-09T16:48:49.570186,92.00,100.00,86.40,88.50
2026-05-09T16:48:50.273945,84.00,100.00,79.30,81.20
2026-05-09T16:48:50.977896,80.00,100.00,77.50,78.40
2026-05-09T16:48:51.682254,81.20,100.00,76.90,77.50
2026-05-09T16:48:52.386328,81.00,100.00,76.90,77.50
2026-05-09T16:48:53.090570,81.20,100.00,76.70,78.40
2026-05-09T16:48:53.795222,80.00,100.00,77.20,77.30
2026-05-09T16:48:54.499656,81.20,100.00,78.20,78.70
2026-05-09T16:48:55.202944,65.00,100.00,64.80,63.80
2026-05-09T16:48:55.905800,57.80,100.00,57.10,58.10
2026-05-09T16:48:56.608871,58.30,100.00,58.10,58.10
2026-05-09T16:48:57.311818,57.40,100.00,56.90,56.90
2026-05-09T16:48:58.014429,57.80,100.00,57.60,58.10
2026-05-09T16:48:58.717107,57.40,100.00,57.30,57.60
2026-05-09T16:48:59.419909,57.80,100.00,57.10,57.30
2026-05-09T16:49:00.123963,70.50,100.00,68.40,69.40
2026-05-09T16:49:00.829202,90.80,100.00,84.30,86.30
2026-05-09T16:49:01.533649,89.60,100.00,84.30,85.40
2026-05-09T16:49:02.237515,90.90,100.00,83.30,86.10
2026-05-09T16:49:02.941456,89.60,100.00,84.10,85.50
2026-05-09T16:49:03.645236,89.50,100.00,83.30,84.10
2026-05-09T16:49:04.349333,86.40,100.00,81.20,82.10
2026-05-09T16:49:05.052762,80.00,100.00,76.10,76.90
2026-05-09T16:49:05.756406,75.50,100.00,72.60,72.30
2026-05-09T16:49:06.460147,76.10,100.00,73.40,74.20
2026-05-09T16:49:07.163429,74.50,100.00,71.70,72.20
2026-05-09T16:49:07.866740,74.70,100.00,71.90,72.20
2026-05-09T16:49:08.570759,75.80,100.00,71.90,73.10
2026-05-09T16:49:09.275296,75.80,100.00,72.20,72.40
2026-05-09T16:49:09.978637,75.80,100.00,72.60,73.10
2026-05-09T16:49:10.682198,76.90,100.00,72.90,74.20
2026-05-09T16:49:11.385774,75.60,100.00,72.30,72.90
2026-05-09T16:49:12.089287,76.10,100.00,72.90,73.40
2026-05-09T16:49:12.792975,76.70,100.00,72.60,73.90
2026-05-09T16:49:13.496747,74.20,100.00,71.70,72.20
2026-05-09T16:49:14.200849,75.30,100.00,71.90,71.40
2026-05-09T16:49:14.904565,78.20,100.00,73.90,75.80
2026-05-09T16:49:15.607678,87.50,100.00,80.70,81.20
2026-05-09T16:49:16.311338,84.10,100.00,78.40,80.50
2026-05-09T16:49:17.015451,87.70,100.00,80.50,82.10
2026-05-09T16:49:17.719518,87.20,100.00,79.80,80.20
2026-05-09T16:49:18.423430,87.30,100.00,81.00,82.10
2026-05-09T16:49:19.129433,84.30,100.00,78.90,79.50
2026-05-09T16:49:19.833550,80.00,100.00,75.60,77.30
2026-05-09T16:49:20.536383,50.00,100.00,48.20,48.20
2026-05-09T16:49:21.238938,50.40,100.00,48.20,47.30
2026-05-09T16:49:21.941401,49.50,100.00,49.10,49.10
2026-05-09T16:49:22.643937,49.10,100.00,48.60,48.60
2026-05-09T16:49:23.346622,50.00,100.00,47.70,48.20
2026-05-09T16:49:24.049242,49.50,100.00,49.10,48.60
2026-05-09T16:49:24.751814,50.90,100.00,49.60,50.00
2026-05-09T16:49:25.454734,57.90,100.00,57.80,57.40
2026-05-09T16:49:26.157482,57.00,100.00,56.80,57.60
2026-05-09T16:49:26.860282,58.10,100.00,56.50,57.40
2026-05-09T16:49:27.563217,57.40,100.00,56.80,57.80
2026-05-09T16:49:28.265872,57.00,100.00,57.60,57.80
2026-05-09T16:49:28.968791,57.80,100.00,56.90,58.10
2026-05-09T16:49:29.671524,57.80,100.00,57.60,57.40
2026-05-09T16:49:30.374592,65.40,100.00,64.20,64.80
2026-05-09T16:49:31.077910,65.00,100.00,64.50,64.20
2026-05-09T16:49:31.780874,65.40,100.00,64.80,65.70
2026-05-09T16:49:32.483889,66.30,100.00,64.20,64.50
2026-05-09T16:49:33.187236,65.70,100.00,64.20,65.10
2026-05-09T16:49:33.890418,65.70,100.00,64.80,64.20
2026-05-09T16:49:34.593792,65.70,100.00,64.80,64.50
2026-05-09T16:49:35.296725,60.20,100.00,59.60,59.10
2026-05-09T16:49:35.999631,58.80,100.00,58.30,58.60
2026-05-09T16:49:36.702675,59.30,100.00,59.10,59.50
2026-05-09T16:49:37.405643,58.60,100.00,58.10,58.60
2026-05-09T16:49:38.108574,58.90,100.00,57.80,57.90
2026-05-09T16:49:38.811501,58.30,100.00,59.00,59.00
2026-05-09T16:49:39.514213,58.30,100.00,57.80,57.90
2026-05-09T16:49:40.217156,60.00,100.00,59.60,59.30
2026-05-09T16:49:40.920213,61.80,100.00,61.60,61.30
2026-05-09T16:49:41.623219,61.70,100.00,60.40,61.60
2026-05-09T16:49:42.326329,61.30,100.00,61.10,61.30
2026-05-09T16:49:43.029513,62.00,100.00,61.60,61.60
2026-05-09T16:49:43.732362,62.70,100.00,61.90,61.30
2026-05-09T16:49:44.435376,62.40,100.00,61.10,61.60
2026-05-09T16:49:45.138721,66.00,100.00,64.80,64.80
2026-05-09T16:49:45.841953,70.40,100.00,67.60,68.00
2026-05-09T16:49:46.545539,71.30,100.00,69.70,71.10
2026-05-09T16:49:47.248888,69.40,100.00,67.60,68.00
2026-05-09T16:49:47.952557,69.70,100.00,67.60,67.30
2026-05-09T16:49:48.655926,69.50,100.00,68.30,69.00
2026-05-09T16:49:49.359534,71.10,100.00,68.30,70.00
2026-05-09T16:49:50.173548,79.80,64.60,76.40,76.90
2026-05-09T16:49:51.263315,90.80,95.40,87.00,92.30
2026-05-09T16:49:51.967448,86.30,100.00,79.50,85.40
2026-05-09T16:49:52.671949,87.50,100.00,81.20,84.10
2026-05-09T16:49:53.376402,88.50,100.00,83.30,87.50
2026-05-09T16:49:54.082198,85.40,100.00,79.50,84.50
2026-05-09T16:49:54.785955,85.20,100.00,80.20,82.10
2026-05-09T16:49:55.489338,63.90,100.00,63.00,64.80
2026-05-09T16:49:56.192243,63.20,100.00,62.70,63.60
2026-05-09T16:49:56.895646,63.80,100.00,64.20,64.20
2026-05-09T16:49:57.598677,63.80,100.00,63.00,64.20
2026-05-09T16:49:58.301702,63.30,100.00,62.50,63.90
2026-05-09T16:49:59.004787,63.60,100.00,61.80,63.90
2026-05-09T16:49:59.707832,63.30,100.00,62.50,64.20
2026-05-09T16:50:00.411206,70.10,100.00,68.60,69.10
2026-05-09T16:50:01.114436,70.10,100.00,67.30,69.70
2026-05-09T16:50:01.817780,69.00,100.00,68.00,70.00
2026-05-09T16:50:02.521594,69.70,100.00,67.30,69.00
2026-05-09T16:50:03.224905,68.70,100.00,67.00,69.00
2026-05-09T16:50:03.928594,68.70,100.00,67.00,69.30
2026-05-09T16:50:04.631905,69.40,100.00,68.00,69.70
2026-05-09T16:50:05.335919,81.40,100.00,77.50,79.30
2026-05-09T16:50:06.039788,85.20,100.00,81.40,85.00
2026-05-09T16:50:06.744063,85.40,100.00,79.50,83.50
2026-05-09T16:50:07.447714,85.40,100.00,80.20,83.30
2026-05-09T16:50:08.151528,84.10,100.00,79.80,82.90
2026-05-09T16:50:08.855948,85.40,100.00,79.30,83.30
2026-05-09T16:50:09.560533,84.10,100.00,80.20,84.30
2026-05-09T16:50:10.263360,64.10,100.00,63.00,63.90
2026-05-09T16:50:10.966206,58.60,100.00,58.50,59.60
2026-05-09T16:50:11.669158,58.60,100.00,59.00,58.60
2026-05-09T16:50:12.371825,58.80,100.00,56.90,59.50
2026-05-09T16:50:13.074537,58.60,100.00,58.10,58.80
2026-05-09T16:50:13.777422,58.60,100.00,58.50,59.00
2026-05-09T16:50:14.480064,58.30,100.00,58.30,59.10
2026-05-09T16:50:15.182945,61.50,100.00,61.10,62.20
2026-05-09T16:50:15.886416,64.80,100.00,64.20,64.80
2026-05-09T16:50:16.589857,65.70,100.00,63.80,65.70
2026-05-09T16:50:17.293059,64.10,100.00,63.60,64.80
2026-05-09T16:50:17.996732,64.80,100.00,63.90,65.10
2026-05-09T16:50:18.699957,64.20,100.00,63.60,65.10
2026-05-09T16:50:19.403218,64.40,100.00,63.30,64.50
2026-05-09T16:50:20.105916,59.80,100.00,59.80,60.70
2026-05-09T16:50:20.808618,56.40,100.00,55.50,56.80
2026-05-09T16:50:21.511480,55.60,100.00,54.80,56.90
2026-05-09T16:50:22.214350,56.70,100.00,55.10,56.90
2026-05-09T16:50:22.916889,55.90,100.00,55.90,56.80
2026-05-09T16:50:23.619482,55.90,100.00,55.10,55.90
2026-05-09T16:50:24.322056,55.60,100.00,54.70,56.40
2026-05-09T16:50:25.025539,61.70,100.00,60.90,62.90
2026-05-09T16:50:25.730139,76.10,100.00,72.20,74.50
2026-05-09T16:50:26.433494,77.00,100.00,73.40,76.10
2026-05-09T16:50:27.137187,75.60,100.00,72.60,75.80
2026-05-09T16:50:27.840931,75.30,100.00,72.60,75.30
2026-05-09T16:50:28.545382,77.50,100.00,73.70,76.70
2026-05-09T16:50:29.249394,77.30,100.00,75.30,77.80
2026-05-09T16:50:29.953210,78.40,100.00,74.20,77.50
2026-05-09T16:50:30.657512,84.10,100.00,79.50,83.10
2026-05-09T16:50:31.361455,85.20,100.00,79.30,83.30
2026-05-09T16:50:32.067321,84.10,100.00,79.50,83.10
2026-05-09T16:50:32.772185,84.10,100.00,80.20,84.30
2026-05-09T16:50:33.475724,83.10,100.00,77.80,81.20
2026-05-09T16:50:34.179637,81.20,100.00,77.50,79.50
2026-05-09T16:50:34.883680,77.50,100.00,74.20,76.40
2026-05-09T16:50:35.587134,61.30,100.00,60.50,61.80
2026-05-09T16:50:36.290393,60.90,100.00,61.10,61.60
2026-05-09T16:50:36.994457,62.00,100.00,61.60,63.00
2026-05-09T16:50:37.697779,60.90,100.00,60.70,61.80
2026-05-09T16:50:38.400936,61.10,100.00,61.10,62.20
2026-05-09T16:50:39.103818,60.70,100.00,60.20,61.10
2026-05-09T16:50:39.806938,61.80,100.00,61.10,61.80
2026-05-09T16:50:40.510817,79.30,100.00,75.80,77.50
2026-05-09T16:50:41.214616,79.30,100.00,76.10,77.80
2026-05-09T16:50:41.918560,78.40,100.00,74.50,76.90
2026-05-09T16:50:42.622225,79.50,100.00,75.00,76.70
2026-05-09T16:50:43.326242,78.40,100.00,75.80,76.90
2026-05-09T16:50:44.030072,79.50,100.00,75.30,76.70
2026-05-09T16:50:44.733918,79.10,100.00,75.50,76.90
2026-05-09T16:50:45.438393,80.50,100.00,75.80,78.40
2026-05-09T16:50:46.142269,79.30,100.00,76.70,78.70
2026-05-09T16:50:46.845801,81.20,100.00,77.50,79.10
2026-05-09T16:50:47.550648,78.40,100.00,75.30,76.90
2026-05-09T16:50:48.254397,78.20,100.00,75.30,76.40
2026-05-09T16:50:48.958928,79.30,100.00,74.70,77.50
2026-05-09T16:50:49.663349,78.40,100.00,75.30,76.10
2026-05-09T16:50:50.365922,52.70,100.00,52.30,53.60
2026-05-09T16:50:51.068451,49.60,100.00,49.10,48.60
2026-05-09T16:50:51.771257,50.40,100.00,46.80,47.70
2026-05-09T16:50:52.473686,48.60,100.00,47.30,45.80
2026-05-09T16:50:53.176290,47.70,100.00,46.30,47.70
2026-05-09T16:50:53.878752,48.60,100.00,47.30,48.20
2026-05-09T16:50:54.584902,48.20,100.00,47.20,47.70
2026-05-09T16:50:55.288202,62.30,100.00,61.10,62.30
2026-05-09T16:50:55.991331,67.60,100.00,65.40,66.30
2026-05-09T16:50:56.694919,68.00,100.00,66.70,67.60
2026-05-09T16:50:57.398721,66.70,100.00,65.10,65.70
2026-05-09T16:50:58.101917,67.00,100.00,65.40,65.70
2026-05-09T16:50:58.805221,67.60,100.00,66.00,67.30
2026-05-09T16:50:59.508854,65.70,100.00,65.10,66.30
2026-05-09T16:51:00.214234,78.40,100.00,75.30,76.30
2026-05-09T16:51:00.917867,88.50,100.00,82.90,85.00
2026-05-09T16:51:01.621129,88.50,100.00,83.30,85.20
2026-05-09T16:51:02.324804,87.20,100.00,82.40,84.30
2026-05-09T16:51:03.028891,86.30,100.00,82.10,82.10
2026-05-09T16:51:03.732954,87.50,100.00,82.10,85.40
2026-05-09T16:51:04.438348,86.40,100.00,81.40,82.40
2026-05-09T16:51:05.143492,86.20,100.00,81.40,83.30
2026-05-09T16:51:05.849294,92.00,100.00,86.40,87.50
2026-05-09T16:51:06.554376,92.00,100.00,86.30,86.60
2026-05-09T16:51:07.259477,90.90,100.00,85.50,85.40
2026-05-09T16:51:07.963824,92.10,100.00,86.30,87.30
2026-05-09T16:51:08.669912,94.50,100.00,87.50,88.70
2026-05-09T16:51:09.374133,90.80,100.00,84.30,86.20
2026-05-09T16:51:10.077715,80.50,100.00,76.70,77.50
2026-05-09T16:51:10.781065,71.10,100.00,68.70,70.80
2026-05-09T16:51:11.484790,70.50,100.00,69.30,70.00
2026-05-09T16:51:12.187879,71.10,100.00,69.00,70.10
2026-05-09T16:51:12.891365,69.80,100.00,68.00,69.70
2026-05-09T16:51:13.594402,71.40,100.00,68.60,70.00
2026-05-09T16:51:14.297839,70.40,100.00,69.00,70.00
2026-05-09T16:51:15.001221,71.60,100.00,70.00,71.10
2026-05-09T16:51:15.704812,75.80,100.00,73.40,74.50
2026-05-09T16:51:16.408263,76.90,100.00,73.10,74.50
2026-05-09T16:51:17.111828,77.30,100.00,74.50,76.10
2026-05-09T16:51:17.815486,75.80,100.00,72.60,74.70
2026-05-09T16:51:18.518751,76.90,100.00,74.00,74.20
2026-05-09T16:51:19.222304,75.60,100.00,72.60,73.70
2026-05-09T16:51:19.926201,72.30,100.00,70.10,71.40
2026-05-09T16:51:20.629415,63.20,100.00,63.10,63.60
2026-05-09T16:51:21.332340,63.90,100.00,62.40,63.30
2026-05-09T16:51:22.035591,64.40,100.00,63.60,64.40
2026-05-09T16:51:22.738828,64.80,100.00,61.80,63.30
2026-05-09T16:51:23.442553,63.20,100.00,63.40,63.90
2026-05-09T16:51:24.145896,63.20,100.00,63.60,64.50
2026-05-09T16:51:24.849321,67.00,100.00,65.10,65.40
2026-05-09T16:51:25.553310,89.60,100.00,83.30,85.40
2026-05-09T16:51:26.258062,88.50,100.00,84.10,85.20
2026-05-09T16:51:26.962831,88.60,100.00,84.30,84.50
2026-05-09T16:51:27.669292,93.20,100.00,86.40,87.50
2026-05-09T16:51:28.373730,91.10,100.00,84.10,86.40
2026-05-09T16:51:29.077665,88.30,100.00,84.30,86.20
2026-05-09T16:51:29.781814,87.30,100.00,82.40,83.30
2026-05-09T16:51:30.485813,68.00,100.00,66.30,68.00
2026-05-09T16:51:31.188956,68.30,100.00,66.00,67.30
2026-05-09T16:51:31.893412,67.00,100.00,66.70,66.70
2026-05-09T16:51:32.596735,67.60,100.00,66.00,67.00
2026-05-09T16:51:33.300208,66.30,100.00,65.70,66.70
2026-05-09T16:51:34.003289,67.60,100.00,65.70,66.70
2026-05-09T16:51:34.706426,67.30,100.00,65.40,67.60
2026-05-09T16:51:35.409493,67.00,100.00,65.40,67.00
2026-05-09T16:51:36.112709,67.30,100.00,66.00,67.00
2026-05-09T16:51:36.815933,67.30,100.00,66.00,66.70
2026-05-09T16:51:37.519234,67.30,100.00,65.70,66.30
2026-05-09T16:51:38.222268,66.00,100.00,65.70,66.30
2026-05-09T16:51:38.925819,66.70,100.00,64.80,66.70
2026-05-09T16:51:39.629056,67.00,100.00,65.40,66.00
2026-05-09T16:51:40.331780,51.80,100.00,49.50,52.30
2026-05-09T16:51:41.034667,47.70,100.00,47.20,46.70
2026-05-09T16:51:41.737380,47.70,100.00,46.30,47.70
2026-05-09T16:51:42.439785,49.60,100.00,48.20,48.20
2026-05-09T16:51:43.142295,49.60,100.00,49.60,49.60
2026-05-09T16:51:43.844801,48.60,100.00,46.80,48.70
2026-05-09T16:51:44.547271,50.00,100.00,48.70,49.60
2026-05-09T16:51:45.250738,63.50,100.00,61.90,62.40
2026-05-09T16:51:45.954554,69.40,100.00,67.60,69.00
2026-05-09T16:51:46.658254,71.10,100.00,68.40,70.40
2026-05-09T16:51:47.361740,68.40,100.00,68.30,68.00
2026-05-09T16:51:48.065916,69.40,100.00,66.70,69.00
2026-05-09T16:51:48.769611,69.40,100.00,68.00,68.00
2026-05-09T16:51:49.472990,69.70,100.00,67.30,69.00
2026-05-09T16:51:50.175820,66.30,100.00,64.50,66.00
2026-05-09T16:51:50.879275,64.80,100.00,63.90,64.40
2026-05-09T16:51:51.582700,63.10,100.00,63.30,63.80
2026-05-09T16:51:52.286513,65.10,100.00,63.30,63.90
2026-05-09T16:51:52.989524,63.50,100.00,63.30,64.50
2026-05-09T16:51:53.692779,63.20,100.00,62.40,62.60
2026-05-09T16:51:54.396161,64.50,100.00,63.60,63.90
2026-05-09T16:51:55.098417,53.80,100.00,54.10,53.80
2026-05-09T16:51:55.800760,44.30,100.00,43.10,43.10
2026-05-09T16:51:56.503417,45.40,100.00,43.40,45.00
2026-05-09T16:51:57.205827,45.80,100.00,44.30,44.80
2026-05-09T16:51:57.908502,44.30,100.00,42.90,43.30
2026-05-09T16:51:58.610875,42.70,100.00,40.00,41.60
2026-05-09T16:51:59.313333,41.00,100.00,38.10,40.60
2026-05-09T16:52:00.015813,42.20,100.00,39.40,41.00
2026-05-09T16:52:00.718268,41.20,100.00,40.40,40.60
2026-05-09T16:52:01.420618,38.50,100.00,36.80,39.20
2026-05-09T16:52:02.123020,39.00,100.00,38.60,39.40
2026-05-09T16:52:02.825341,41.60,100.00,38.80,41.20
2026-05-09T16:52:03.527786,41.20,100.00,38.10,38.10
2026-05-09T16:52:04.230456,39.20,100.00,36.20,37.50
2026-05-09T16:52:04.932901,47.10,100.00,44.40,47.10
2026-05-09T16:52:05.636227,64.40,100.00,63.30,63.90
2026-05-09T16:52:06.339207,64.20,100.00,63.30,64.50
2026-05-09T16:52:07.042440,64.50,100.00,63.60,63.20
2026-05-09T16:52:07.745691,64.20,100.00,63.30,64.50
2026-05-09T16:52:08.448804,63.80,100.00,63.30,64.20
2026-05-09T16:52:09.152270,64.40,100.00,63.60,64.80
2026-05-09T16:52:09.855863,67.00,100.00,66.00,67.30
2026-05-09T16:52:10.560559,89.70,100.00,82.60,84.10
2026-05-09T16:52:11.264164,87.50,100.00,81.20,83.30
2026-05-09T16:52:11.967774,88.60,100.00,81.40,83.30
2026-05-09T16:52:12.672321,87.50,100.00,81.20,81.90
2026-05-09T16:52:13.375862,86.40,100.00,80.70,82.60
2026-05-09T16:52:14.079970,87.30,100.00,80.20,83.30
2026-05-09T16:52:14.785402,89.70,100.00,83.30,85.40
2026-05-09T16:52:15.488779,63.20,100.00,63.10,63.60
2026-05-09T16:52:16.191877,64.40,100.00,63.30,64.20
2026-05-09T16:52:16.894955,64.20,100.00,63.00,64.20
2026-05-09T16:52:17.598253,63.00,100.00,62.50,62.70
2026-05-09T16:52:18.301194,63.00,100.00,62.20,63.30
2026-05-09T16:52:19.003942,63.30,100.00,62.20,62.70
2026-05-09T16:52:19.706747,62.60,100.00,62.20,63.10
2026-05-09T16:52:20.410411,83.30,100.00,78.20,80.20
2026-05-09T16:52:21.114142,84.10,100.00,79.80,81.40
2026-05-09T16:52:21.817411,84.10,100.00,79.30,80.50
2026-05-09T16:52:22.521156,84.30,100.00,79.30,80.50
2026-05-09T16:52:23.225419,84.30,100.00,80.20,81.20
2026-05-09T16:52:23.929207,85.20,100.00,79.50,81.20
2026-05-09T16:52:24.633179,86.30,100.00,80.50,81.40
2026-05-09T16:52:25.335904,56.80,100.00,54.10,56.00
2026-05-09T16:52:26.038600,52.20,100.00,51.80,50.90
2026-05-09T16:52:26.741156,53.00,100.00,51.80,51.30
2026-05-09T16:52:27.443647,53.00,100.00,51.70,51.30
2026-05-09T16:52:28.146522,51.30,100.00,50.90,52.20
2026-05-09T16:52:28.849110,52.20,100.00,50.40,51.80
2026-05-09T16:52:29.551664,51.30,100.00,52.10,51.70
2026-05-09T16:52:30.254433,53.40,100.00,52.60,53.80
2026-05-09T16:52:30.957204,55.50,100.00,53.40,55.10
2026-05-09T16:52:31.659995,52.20,100.00,53.00,53.40
2026-05-09T16:52:32.363069,54.60,100.00,53.40,54.30
2026-05-09T16:52:33.065523,54.20,100.00,53.40,53.80
2026-05-09T16:52:33.768233,55.10,100.00,53.40,54.20
2026-05-09T16:52:34.470777,53.80,100.00,54.20,54.30
2026-05-09T16:52:35.174201,58.70,100.00,57.50,58.00
2026-05-09T16:52:35.877438,63.00,100.00,62.70,63.60
2026-05-09T16:52:36.580440,62.40,100.00,61.60,62.20
2026-05-09T16:52:37.284395,62.40,100.00,61.90,63.00
2026-05-09T16:52:37.987317,61.80,100.00,61.60,61.60
2026-05-09T16:52:38.690250,61.80,100.00,61.60,62.20
2026-05-09T16:52:39.392909,61.80,100.00,61.10,62.50
2026-05-09T16:52:40.096113,65.70,100.00,64.50,65.40
2026-05-09T16:52:40.799556,70.80,100.00,69.00,69.70
2026-05-09T16:52:41.503108,70.80,100.00,68.60,70.00
2026-05-09T16:52:42.206192,71.40,100.00,69.30,70.40
2026-05-09T16:52:42.909182,70.10,100.00,68.30,69.70
2026-05-09T16:52:43.612910,71.30,100.00,70.70,71.90
2026-05-09T16:52:44.316639,71.10,100.00,69.00,70.10
2026-05-09T16:52:45.019445,67.00,100.00,64.50,65.70
2026-05-09T16:52:45.722607,59.50,100.00,59.60,61.10
2026-05-09T16:52:46.425575,59.80,100.00,60.00,60.70
2026-05-09T16:52:47.128589,60.40,100.00,59.50,60.20
2026-05-09T16:52:47.831640,59.30,100.00,58.80,60.30
2026-05-09T16:52:48.534871,59.50,100.00,59.60,59.80
2026-05-09T16:52:49.237844,59.80,100.00,60.00,60.00
2026-05-09T16:52:49.941188,52.90,100.00,53.20,52.90
2026-05-09T16:52:50.643601,23.20,100.00,24.10,25.30
2026-05-09T16:52:51.346004,29.90,100.00,27.90,27.10
2026-05-09T16:52:52.048552,25.30,100.00,26.70,25.30
2026-05-09T16:52:52.751092,24.10,100.00,24.40,25.90
2026-05-09T16:52:53.453358,22.20,100.00,19.00,27.10
2026-05-09T16:52:54.155662,25.60,100.00,23.50,23.20
2026-05-09T16:52:54.858329,32.10,100.00,32.90,34.50
2026-05-09T16:52:55.563243,85.40,100.00,82.40,84.50
2026-05-09T16:52:56.268597,85.20,100.00,81.20,82.40
2026-05-09T16:52:56.972923,86.40,100.00,83.30,83.10
2026-05-09T16:52:57.681242,85.00,100.00,81.60,83.50
2026-05-09T16:52:58.384799,85.40,100.00,82.10,84.10
2026-05-09T16:52:59.087959,85.20,100.00,82.60,83.30
2026-05-09T16:52:59.791951,84.00,100.00,80.50,81.40
2026-05-09T16:53:00.494913,56.90,100.00,55.60,57.30
2026-05-09T16:53:01.197433,56.30,100.00,55.90,56.40
2026-05-09T16:53:01.900299,56.00,100.00,55.10,56.30
2026-05-09T16:53:02.602716,56.30,100.00,55.90,56.40
2026-05-09T16:53:03.305521,56.80,100.00,54.70,55.60
2026-05-09T16:53:04.008416,56.80,100.00,56.30,55.90
2026-05-09T16:53:04.711109,56.40,100.00,54.70,56.00
2026-05-09T16:53:05.414652,66.70,100.00,66.00,67.00
2026-05-09T16:53:06.117686,67.70,100.00,66.00,67.60
2026-05-09T16:53:06.820694,67.60,100.00,65.70,67.00
2026-05-09T16:53:07.524235,66.30,100.00,66.40,66.70
2026-05-09T16:53:08.227697,66.70,100.00,65.00,66.30
2026-05-09T16:53:08.930959,67.70,100.00,65.70,67.00
2026-05-09T16:53:09.634095,67.30,100.00,66.70,67.60
2026-05-09T16:53:10.337162,62.60,100.00,61.30,63.00
2026-05-09T16:53:11.040410,62.20,100.00,61.40,61.90
2026-05-09T16:53:11.743443,61.50,100.00,60.70,60.90
2026-05-09T16:53:12.446518,61.30,100.00,60.70,62.50
2026-05-09T16:53:13.149451,60.90,100.00,60.50,61.10
2026-05-09T16:53:13.852534,61.30,100.00,60.50,60.70
2026-05-09T16:53:14.555337,62.20,100.00,60.70,62.20
2026-05-09T16:53:15.258157,62.50,100.00,62.70,63.00
2026-05-09T16:53:15.961151,63.80,100.00,62.70,64.80
2026-05-09T16:53:16.664381,63.20,100.00,63.10,63.00
2026-05-09T16:53:17.367194,63.90,100.00,62.70,63.90
2026-05-09T16:53:18.070770,63.60,100.00,62.40,63.60
2026-05-09T16:53:18.773896,63.60,100.00,63.10,64.20
2026-05-09T16:53:19.477142,63.90,100.00,62.20,63.00
2026-05-09T16:53:20.179592,50.50,100.00,49.00,49.50
2026-05-09T16:53:20.882053,41.60,100.00,40.00,40.40
2026-05-09T16:53:21.584612,42.90,100.00,40.00,41.20
2026-05-09T16:53:22.287231,41.00,100.00,40.00,41.20
2026-05-09T16:53:22.989607,41.20,100.00,37.90,41.60
2026-05-09T16:53:23.692366,39.80,100.00,37.80,39.40
2026-05-09T16:53:24.394829,40.00,100.00,38.50,39.80
2026-05-09T16:53:25.098476,54.90,100.00,53.30,52.50
2026-05-09T16:53:25.801747,67.00,100.00,66.70,67.60
2026-05-09T16:53:26.505639,68.30,100.00,66.30,67.30
2026-05-09T16:53:27.209192,68.00,100.00,66.30,68.30
2026-05-09T16:53:27.912350,69.00,100.00,67.00,67.60
2026-05-09T16:53:28.615692,67.70,100.00,66.00,68.30
2026-05-09T16:53:29.318659,67.70,100.00,67.00,67.30
2026-05-09T16:53:30.022627,68.70,100.00,66.70,68.30
2026-05-09T16:53:30.726321,70.80,100.00,69.40,70.40
2026-05-09T16:53:31.430107,72.60,100.00,70.70,72.20
2026-05-09T16:53:32.134090,71.60,100.00,69.70,71.10
2026-05-09T16:53:32.837173,72.30,100.00,70.00,71.10
2026-05-09T16:53:33.540597,72.60,100.00,70.70,71.90
2026-05-09T16:53:34.244829,71.30,100.00,70.10,72.30
2026-05-09T16:53:34.948886,70.10,100.00,68.30,69.00
2026-05-09T16:53:35.652669,68.30,100.00,65.70,67.60
2026-05-09T16:53:36.355802,66.70,100.00,65.30,66.00
2026-05-09T16:53:37.059424,63.80,100.00,63.00,63.20
2026-05-09T16:53:37.762797,60.90,100.00,59.80,60.90
2026-05-09T16:53:38.465709,62.60,100.00,60.60,62.40
2026-05-09T16:53:39.168732,66.00,100.00,63.70,65.00
2026-05-09T16:53:39.872622,67.30,100.00,66.00,67.30
2026-05-09T16:53:40.576639,71.60,100.00,69.40,71.10
2026-05-09T16:53:41.280169,70.80,100.00,69.70,71.10
2026-05-09T16:53:41.983895,71.30,100.00,69.00,70.50
2026-05-09T16:53:42.687361,70.80,100.00,70.30,71.70
2026-05-09T16:53:43.391424,70.80,100.00,68.70,70.40
2026-05-09T16:53:44.095452,71.40,100.00,68.60,70.50
2026-05-09T16:53:44.799455,70.50,100.00,69.00,70.70
2026-05-09T16:53:45.503502,66.30,100.00,65.10,67.00
2026-05-09T16:53:46.206681,65.30,100.00,64.80,65.30
2026-05-09T16:53:46.910279,66.30,100.00,65.10,67.00
2026-05-09T16:53:47.613195,65.70,100.00,65.40,65.70
2026-05-09T16:53:48.316181,65.70,100.00,64.50,66.70
2026-05-09T16:53:49.019589,66.00,100.00,64.80,65.70
2026-05-09T16:53:49.722910,66.30,100.00,65.40,67.00
2026-05-09T16:53:50.427631,85.40,100.00,80.50,83.30
2026-05-09T16:53:51.132383,88.50,100.00,85.40,87.50
2026-05-09T16:53:51.839944,91.90,100.00,84.10,87.50
2026-05-09T16:53:52.544613,89.60,100.00,86.60,87.50
2026-05-09T16:53:53.248926,86.10,100.00,81.40,82.10
2026-05-09T16:53:53.953860,86.40,100.00,81.20,82.40
2026-05-09T16:53:54.658263,90.70,100.00,86.40,89.60
2026-05-09T16:53:55.361170,64.20,100.00,63.90,63.90
2026-05-09T16:53:56.063935,61.10,100.00,61.10,62.20
2026-05-09T16:53:56.767190,62.20,100.00,61.10,61.60
2026-05-09T16:53:57.470371,62.40,100.00,61.30,62.60
2026-05-09T16:53:58.173328,60.90,100.00,61.10,61.60
2026-05-09T16:53:58.876241,61.80,100.00,61.10,62.20
2026-05-09T16:53:59.579514,61.80,100.00,60.50,61.60
2026-05-09T16:54:00.282873,62.90,100.00,62.70,63.60
2026-05-09T16:54:00.986220,63.80,100.00,63.90,64.80
2026-05-09T16:54:01.689212,64.40,100.00,63.60,64.20
2026-05-09T16:54:02.391910,63.20,100.00,62.70,63.90
2026-05-09T16:54:03.094803,64.20,100.00,63.30,64.50
2026-05-09T16:54:03.797882,64.20,100.00,63.00,63.60
2026-05-09T16:54:04.500893,65.00,100.00,64.80,65.40
2026-05-09T16:54:05.204343,64.80,100.00,63.30,64.50
2026-05-09T16:54:05.907148,64.40,100.00,64.50,65.40
2026-05-09T16:54:06.610529,64.80,100.00,63.90,64.50
2026-05-09T16:54:07.313721,64.20,100.00,63.60,65.10
2026-05-09T16:54:08.016867,65.00,100.00,64.20,65.10
2026-05-09T16:54:08.720319,65.70,100.00,63.90,65.10
2026-05-09T16:54:09.424422,65.10,100.00,64.50,65.00
2026-05-09T16:54:10.127579,62.60,100.00,62.50,63.10
2026-05-09T16:54:10.831121,60.90,100.00,60.40,62.20
2026-05-09T16:54:11.534768,61.30,100.00,60.30,61.10
2026-05-09T16:54:12.237898,60.60,100.00,61.10,61.60
2026-05-09T16:54:12.941189,60.90,100.00,60.20,60.90
2026-05-09T16:54:13.644567,60.20,100.00,60.40,61.10
2026-05-09T16:54:14.347557,61.30,100.00,61.40,63.10
2026-05-09T16:54:15.052193,67.30,100.00,65.70,66.30
2026-05-09T16:54:15.756277,75.80,100.00,73.70,74.70
2026-05-09T16:54:16.459877,78.20,100.00,75.00,76.70
2026-05-09T16:54:17.163741,79.10,100.00,75.30,78.00
2026-05-09T16:54:17.867542,78.70,100.00,75.00,76.70
2026-05-09T16:54:18.571919,79.50,100.00,75.80,77.30
2026-05-09T16:54:19.275533,78.20,100.00,75.00,77.80
2026-05-09T16:54:19.979279,76.70,100.00,74.20,75.80
2026-05-09T16:54:20.682906,76.40,100.00,73.70,74.70
2026-05-09T16:54:21.386586,75.00,100.00,72.20,73.70
2026-05-09T16:54:22.089866,75.80,100.00,73.40,74.70
2026-05-09T16:54:22.793901,75.00,100.00,72.20,74.50
2026-05-09T16:54:23.497596,75.00,100.00,72.20,73.70
2026-05-09T16:54:24.203248,76.90,100.00,72.60,76.10
2026-05-09T16:54:24.906872,74.40,100.00,72.60,75.00
2026-05-09T16:54:25.610764,72.20,100.00,70.30,70.80
2026-05-09T16:54:26.314791,71.60,100.00,69.00,69.70
2026-05-09T16:54:27.019099,72.50,100.00,70.70,73.10
2026-05-09T16:54:27.722483,72.60,100.00,69.40,72.20
2026-05-09T16:54:28.426202,70.80,100.00,69.60,70.40
2026-05-09T16:54:29.193742,75.80,68.40,73.80,74.00
2026-05-09T16:54:30.182721,70.80,95.00,70.10,71.80
2026-05-09T16:54:30.885818,61.50,100.00,61.60,63.30
2026-05-09T16:54:31.588716,62.70,100.00,61.40,63.30
2026-05-09T16:54:32.292208,61.10,100.00,61.60,62.40
2026-05-09T16:54:32.995434,62.20,100.00,61.40,62.20
2026-05-09T16:54:33.699353,62.40,100.00,61.30,61.80
2026-05-09T16:54:34.402821,62.00,100.00,61.90,62.20
2026-05-09T16:54:35.105755,64.50,100.00,63.30,63.90
2026-05-09T16:54:35.809275,67.70,100.00,66.70,67.60
2026-05-09T16:54:36.512399,66.70,100.00,66.40,66.70
2026-05-09T16:54:37.215438,66.70,100.00,66.00,66.70
2026-05-09T16:54:37.918974,67.60,100.00,65.70,66.00
2026-05-09T16:54:38.622558,67.00,100.00,66.30,67.00
2026-05-09T16:54:39.325686,67.00,100.00,66.40,66.70
2026-05-09T16:54:40.029246,70.10,100.00,68.00,69.00
2026-05-09T16:54:40.733851,79.50,100.00,76.10,77.50
2026-05-09T16:54:41.437727,81.00,100.00,79.50,79.30
2026-05-09T16:54:42.141483,79.30,100.00,78.00,77.50
2026-05-09T16:54:42.844777,80.00,100.00,77.50,78.00
2026-05-09T16:54:43.549309,78.40,100.00,76.90,77.50
2026-05-09T16:54:44.253309,81.00,100.00,79.30,80.20
2026-05-09T16:54:44.955948,68.10,100.00,67.40,67.40
2026-05-09T16:54:45.658368,48.60,100.00,49.10,48.20
2026-05-09T16:54:46.360985,48.20,100.00,47.70,48.10
2026-05-09T16:54:47.063672,50.50,100.00,48.60,48.60
2026-05-09T16:54:47.766464,50.00,100.00,48.20,48.60
2026-05-09T16:54:48.469219,51.40,100.00,50.00,49.50
2026-05-09T16:54:49.171900,49.10,100.00,46.20,48.60
2026-05-09T16:54:49.875127,54.10,100.00,52.30,55.20
2026-05-09T16:54:50.578857,80.00,100.00,78.90,79.30
2026-05-09T16:54:51.284220,81.00,100.00,78.40,80.20
2026-05-09T16:54:51.988454,82.60,100.00,78.70,80.50
2026-05-09T16:54:52.693103,81.00,100.00,78.00,81.40
2026-05-09T16:54:53.397115,80.20,100.00,77.50,78.40
2026-05-09T16:54:54.101925,79.10,100.00,75.80,76.70
2026-05-09T16:54:54.805880,80.50,100.00,77.80,78.90
2026-05-09T16:54:55.509943,81.20,100.00,76.70,80.20
2026-05-09T16:54:56.214382,80.50,100.00,77.80,79.30
2026-05-09T16:54:56.918174,81.20,100.00,78.70,79.30
2026-05-09T16:54:57.621785,80.70,100.00,77.50,78.40
2026-05-09T16:54:58.325509,80.20,100.00,76.90,78.70
2026-05-09T16:54:59.029822,80.70,100.00,76.90,77.80
2026-05-09T16:54:59.733963,81.00,100.00,77.50,78.20
2026-05-09T16:55:00.438153,88.50,100.00,84.10,86.40
2026-05-09T16:55:01.142392,90.80,100.00,84.50,86.40
2026-05-09T16:55:01.847860,89.70,100.00,84.30,87.50
2026-05-09T16:55:02.552174,90.80,100.00,84.10,86.20
2026-05-09T16:55:03.258657,91.00,100.00,83.50,85.00
2026-05-09T16:55:03.962344,89.50,100.00,85.00,86.60
2026-05-09T16:55:04.667162,89.60,100.00,85.40,85.20
2026-05-09T16:55:05.370103,59.80,100.00,59.30,58.90
2026-05-09T16:55:06.073045,56.00,100.00,55.60,56.80
2026-05-09T16:55:06.775892,56.90,100.00,56.40,56.90
2026-05-09T16:55:07.478615,57.30,100.00,56.80,57.30
2026-05-09T16:55:08.181364,56.90,100.00,56.30,56.40
2026-05-09T16:55:08.883941,56.40,100.00,56.40,56.40
2026-05-09T16:55:09.586655,57.30,100.00,56.40,56.80
2026-05-09T16:55:10.289549,60.40,100.00,59.50,60.20
2026-05-09T16:55:10.992924,60.60,100.00,60.70,61.60
2026-05-09T16:55:11.695951,60.00,100.00,60.00,60.70
2026-05-09T16:55:12.398898,60.90,100.00,61.10,61.30
2026-05-09T16:55:13.101903,60.40,100.00,60.00,59.50
2026-05-09T16:55:13.804828,60.90,100.00,60.70,63.10
2026-05-09T16:55:14.508742,61.50,100.00,61.10,61.30
2026-05-09T16:55:15.211591,55.70,100.00,57.00,56.10
2026-05-09T16:55:15.914329,54.80,100.00,53.00,53.90
2026-05-09T16:55:16.616816,53.80,100.00,51.80,53.40
2026-05-09T16:55:17.319931,53.40,100.00,53.40,53.50
2026-05-09T16:55:18.022393,53.00,100.00,53.40,52.60
2026-05-09T16:55:18.725213,53.80,100.00,52.60,53.40
2026-05-09T16:55:19.427935,53.50,100.00,53.00,52.20
2026-05-09T16:55:20.130386,48.60,100.00,46.30,46.20
2026-05-09T16:55:20.833381,45.80,100.00,44.20,44.20
2026-05-09T16:55:21.535963,43.30,100.00,41.70,43.30
2026-05-09T16:55:22.238583,43.10,100.00,42.70,42.70
2026-05-09T16:55:22.941059,42.20,100.00,41.20,42.70
2026-05-09T16:55:23.643486,44.20,100.00,42.70,41.60
2026-05-09T16:55:24.345978,43.30,100.00,41.00,42.00
2026-05-09T16:55:25.049470,56.10,100.00,54.10,55.00
2026-05-09T16:55:25.753266,81.90,100.00,77.80,79.80
2026-05-09T16:55:26.457151,81.20,100.00,77.50,77.50
2026-05-09T16:55:27.160488,79.30,100.00,75.80,76.40
2026-05-09T16:55:27.865145,78.20,100.00,75.80,78.00
2026-05-09T16:55:28.568987,78.80,100.00,76.10,76.70
2026-05-09T16:55:29.273109,78.70,100.00,74.70,75.80
2026-05-09T16:55:29.975579,70.10,100.00,68.30,69.40
2026-05-09T16:55:30.678450,53.10,100.00,54.30,54.70
2026-05-09T16:55:31.381156,55.90,100.00,53.80,54.70
2026-05-09T16:55:32.083633,54.70,100.00,54.70,55.10
2026-05-09T16:55:32.786340,54.70,100.00,54.20,55.10
2026-05-09T16:55:33.488956,55.10,100.00,54.70,54.30
2026-05-09T16:55:34.191699,55.60,100.00,55.10,55.20
2026-05-09T16:55:34.894634,58.20,100.00,56.90,58.90
2026-05-09T16:55:35.598408,76.10,100.00,72.20,73.40
2026-05-09T16:55:36.302748,76.10,100.00,73.70,75.00
2026-05-09T16:55:37.006784,76.70,100.00,73.40,75.00
2026-05-09T16:55:37.709865,75.60,100.00,72.90,74.00
2026-05-09T16:55:38.413505,75.80,100.00,72.60,74.20
2026-05-09T16:55:39.116801,75.80,100.00,72.90,73.90
2026-05-09T16:55:39.820501,75.60,100.00,72.60,73.70
2026-05-09T16:55:40.524218,75.00,100.00,73.70,73.40
2026-05-09T16:55:41.227717,76.40,100.00,72.60,73.90
2026-05-09T16:55:41.931347,75.60,100.00,72.20,74.50
2026-05-09T16:55:42.635125,75.00,100.00,71.60,73.70
2026-05-09T16:55:43.338613,74.20,100.00,71.70,71.90
2026-05-09T16:55:44.042563,74.70,100.00,71.10,73.40
2026-05-09T16:55:44.747168,75.30,100.00,71.90,71.90
2026-05-09T16:55:45.453093,85.40,100.00,80.50,82.10
2026-05-09T16:55:46.157212,86.30,100.00,79.30,80.50
2026-05-09T16:55:46.860947,84.30,100.00,78.70,80.20
2026-05-09T16:55:47.565228,86.30,100.00,81.40,81.40
2026-05-09T16:55:48.269820,86.40,100.00,80.20,81.40
2026-05-09T16:55:48.974109,86.40,100.00,79.30,81.20
2026-05-09T16:55:49.678627,85.00,100.00,80.50,81.00
2026-05-09T16:55:50.382516,72.20,100.00,69.00,70.00
2026-05-09T16:55:51.085914,69.70,100.00,68.00,68.00
2026-05-09T16:55:51.789521,69.80,100.00,67.60,70.00
2026-05-09T16:55:52.493843,71.10,100.00,68.00,68.70
2026-05-09T16:55:53.197422,70.10,100.00,68.90,69.70
2026-05-09T16:55:53.900875,69.40,100.00,67.00,67.60
2026-05-09T16:55:54.604712,70.10,100.00,68.60,69.70
2026-05-09T16:55:55.308366,81.20,100.00,75.80,77.30
2026-05-09T16:55:56.012521,83.10,100.00,78.70,80.20
2026-05-09T16:55:56.716807,84.10,100.00,78.70,81.40
2026-05-09T16:55:57.420812,85.40,100.00,80.20,82.10
2026-05-09T16:55:58.124672,86.20,100.00,80.50,82.40
2026-05-09T16:55:58.829686,84.00,100.00,79.50,82.40
2026-05-09T16:55:59.534101,85.50,100.00,79.50,82.10
2026-05-09T16:56:00.237799,79.30,100.00,74.70,76.10
2026-05-09T16:56:00.941820,77.30,100.00,74.20,75.00
2026-05-09T16:56:01.644983,77.50,100.00,74.00,75.00
2026-05-09T16:56:02.348837,75.80,100.00,73.40,75.00
2026-05-09T16:56:03.052301,77.50,100.00,73.40,75.80
2026-05-09T16:56:03.756833,76.10,100.00,72.90,74.50
2026-05-09T16:56:04.460655,77.30,100.00,75.50,76.40
2026-05-09T16:56:05.164049,66.30,100.00,63.90,65.10
2026-05-09T16:56:05.867159,60.40,100.00,59.80,60.90
2026-05-09T16:56:06.570292,60.90,100.00,60.90,61.10
2026-05-09T16:56:07.273330,60.70,100.00,60.20,61.10
2026-05-09T16:56:07.976908,60.00,100.00,60.50,61.10
2026-05-09T16:56:08.679894,61.10,100.00,60.00,60.20
2026-05-09T16:56:09.382748,59.50,100.00,60.00,60.50
2026-05-09T16:56:10.086220,60.20,100.00,58.80,60.00
2026-05-09T16:56:10.789136,58.90,100.00,59.50,59.30
2026-05-09T16:56:11.492218,58.90,100.00,58.50,59.60
2026-05-09T16:56:12.194884,58.80,100.00,58.80,59.10
2026-05-09T16:56:12.897793,60.70,97.20,59.60,60.50
2026-05-09T16:56:15.852763,69.70,42.60,67.40,68.00
2026-05-09T16:56:16.986326,95.80,94.70,88.90,93.30
2026-05-09T16:56:17.691716,94.70,100.00,86.60,92.20
2026-05-09T16:56:18.395813,91.90,100.00,85.00,90.90
2026-05-09T16:56:19.099677,92.00,100.00,83.30,86.40
2026-05-09T16:56:19.803824,88.70,100.00,83.10,85.20
2026-05-09T16:56:20.507436,73.10,100.00,71.40,71.90
2026-05-09T16:56:21.210531,72.90,100.00,70.40,71.90
2026-05-09T16:56:21.913768,73.90,100.00,71.40,70.80
2026-05-09T16:56:22.617302,75.00,100.00,73.40,75.00
2026-05-09T16:56:23.321340,75.60,100.00,72.60,72.90
2026-05-09T16:56:24.025496,74.20,100.00,70.40,72.60
2026-05-09T16:56:24.728888,73.40,100.00,71.10,71.40
2026-05-09T16:56:25.432644,62.60,100.00,61.80,62.40
2026-05-09T16:56:26.136462,63.00,100.00,61.60,62.20
2026-05-09T16:56:26.839609,62.40,100.00,62.20,62.20
2026-05-09T16:56:27.542803,63.30,100.00,62.50,63.30
2026-05-09T16:56:28.246508,62.30,100.00,62.40,63.00
2026-05-09T16:56:28.950172,63.60,100.00,62.70,63.90
2026-05-09T16:56:29.653562,64.40,100.00,62.70,63.30
2026-05-09T16:56:30.358734,80.20,100.00,76.40,78.40
2026-05-09T16:56:31.063312,84.00,100.00,77.80,81.20
2026-05-09T16:56:31.767246,81.20,100.00,78.70,79.30
2026-05-09T16:56:32.470890,83.10,100.00,79.30,80.50
2026-05-09T16:56:33.174713,81.20,100.00,77.50,79.50
2026-05-09T16:56:33.879143,80.50,100.00,75.80,77.50
2026-05-09T16:56:34.583211,81.00,100.00,77.80,79.30
2026-05-09T16:56:35.286648,71.40,100.00,68.60,68.70
2026-05-09T16:56:35.990105,67.30,100.00,66.00,66.30
2026-05-09T16:56:36.693561,67.00,100.00,66.00,67.30
2026-05-09T16:56:37.397204,68.30,100.00,65.70,66.30
2026-05-09T16:56:38.100750,66.70,100.00,66.40,65.40
2026-05-09T16:56:38.804142,67.00,100.00,65.40,66.30
2026-05-09T16:56:39.507821,67.00,100.00,65.10,65.70
2026-05-09T16:56:40.211795,77.50,100.00,73.40,74.50
2026-05-09T16:56:40.916044,88.30,100.00,84.30,83.10
2026-05-09T16:56:41.619651,85.20,100.00,81.40,82.40
2026-05-09T16:56:42.323501,84.10,100.00,82.40,81.20
2026-05-09T16:56:43.027364,84.10,100.00,79.50,79.30
2026-05-09T16:56:43.732861,84.10,100.00,81.40,81.60
2026-05-09T16:56:44.437535,86.30,100.00,82.10,81.20
2026-05-09T16:56:45.141474,81.70,100.00,77.80,78.40
2026-05-09T16:56:45.845127,77.30,100.00,74.20,75.30
2026-05-09T16:56:46.548700,77.80,100.00,74.50,73.90
2026-05-09T16:56:47.255437,75.80,100.00,73.70,74.50
2026-05-09T16:56:47.958862,77.50,100.00,73.90,74.50
2026-05-09T16:56:48.663273,76.10,100.00,74.20,74.20
2026-05-09T16:56:49.367322,78.40,100.00,75.30,76.10
2026-05-09T16:56:50.069706,60.00,100.00,59.40,58.10
2026-05-09T16:56:50.772454,45.30,100.00,44.30,41.60
2026-05-09T16:56:51.475029,43.30,100.00,42.30,39.40
2026-05-09T16:56:52.177798,42.20,100.00,41.70,42.20
2026-05-09T16:56:52.880496,44.90,100.00,43.80,41.00
2026-05-09T16:56:53.583196,45.80,100.00,43.80,41.00
2026-05-09T16:56:54.285672,45.90,100.00,44.30,42.20
2026-05-09T16:56:54.990536,56.10,100.00,54.50,53.60
2026-05-09T16:56:55.694535,84.00,100.00,78.40,79.50
2026-05-09T16:56:56.399317,82.90,100.00,79.80,80.20
2026-05-09T16:56:57.103303,80.00,100.00,76.90,76.60
2026-05-09T16:56:57.808158,81.90,100.00,78.40,80.00
2026-05-09T16:56:58.512151,82.10,100.00,78.90,78.70
2026-05-09T16:56:59.216854,81.70,100.00,77.50,78.20
2026-05-09T16:56:59.920711,73.90,100.00,71.60,72.60
2026-05-09T16:57:00.623799,62.00,100.00,61.60,61.30
2026-05-09T16:57:01.326865,60.60,100.00,60.20,61.10
2026-05-09T16:57:02.029897,62.70,100.00,61.30,61.60
2026-05-09T16:57:02.733258,61.70,100.00,60.70,61.60
2026-05-09T16:57:03.436476,60.90,100.00,60.90,60.50
2026-05-09T16:57:04.139544,61.00,100.00,61.30,60.90
2026-05-09T16:57:04.842369,63.10,100.00,61.60,61.30
2026-05-09T16:57:05.545679,67.30,100.00,65.40,66.70
2026-05-09T16:57:06.248842,68.00,100.00,66.30,66.00
2026-05-09T16:57:06.952119,67.70,100.00,66.70,67.00
2026-05-09T16:57:07.655237,69.40,100.00,68.00,67.30
2026-05-09T16:57:08.358877,68.40,100.00,67.00,67.60
2026-05-09T16:57:09.062280,68.70,100.00,66.70,66.70
2026-05-09T16:57:09.765647,67.70,100.00,66.00,67.00
2026-05-09T16:57:10.468924,64.80,100.00,63.90,63.60
2026-05-09T16:57:11.172196,64.80,100.00,63.30,63.60
2026-05-09T16:57:11.875646,64.80,100.00,64.20,63.90
2026-05-09T16:57:12.578734,64.20,100.00,62.70,63.30
2026-05-09T16:57:13.282196,63.80,100.00,63.60,63.00
2026-05-09T16:57:13.985588,64.20,100.00,63.00,63.60
2026-05-09T16:57:14.688844,64.40,100.00,63.30,63.60
2026-05-09T16:57:15.391405,53.50,100.00,53.00,52.70
2026-05-09T16:57:16.094116,53.00,100.00,52.60,52.60
2026-05-09T16:57:16.796866,53.00,100.00,52.60,52.60
2026-05-09T16:57:17.499592,53.40,100.00,51.80,50.90
2026-05-09T16:57:18.202392,53.40,100.00,51.70,51.80
2026-05-09T16:57:18.904885,52.60,100.00,52.20,51.70
2026-05-09T16:57:19.607535,53.00,100.00,51.30,51.30
2026-05-09T16:57:20.311757,71.60,100.00,69.70,70.10
2026-05-09T16:57:21.015843,78.40,100.00,74.50,74.20
2026-05-09T16:57:21.720283,78.40,100.00,74.50,75.80
2026-05-09T16:57:22.423929,77.50,100.00,74.20,74.20
2026-05-09T16:57:23.128232,79.30,100.00,75.00,76.10
2026-05-09T16:57:23.833621,79.30,100.00,75.50,74.50
2026-05-09T16:57:24.537602,77.00,100.00,74.50,74.20
2026-05-09T16:57:25.241378,77.50,100.00,73.40,74.50
2026-05-09T16:57:25.944503,76.70,100.00,73.70,74.20
2026-05-09T16:57:26.648914,75.80,100.00,73.70,73.40
2026-05-09T16:57:27.352671,77.30,100.00,72.60,74.50
2026-05-09T16:57:28.056878,76.90,100.00,73.70,73.40
2026-05-09T16:57:28.760821,77.30,100.00,74.20,75.30
2026-05-09T16:57:29.464641,76.10,100.00,73.70,74.50
2026-05-09T16:57:30.168368,76.10,100.00,71.60,73.10
2026-05-09T16:57:30.872457,74.20,100.00,72.20,71.90
2026-05-09T16:57:31.575668,74.40,100.00,71.40,71.90
2026-05-09T16:57:32.280202,74.50,100.00,71.10,71.70
2026-05-09T16:57:32.983718,73.40,100.00,70.70,70.40
2026-05-09T16:57:33.687694,73.70,100.00,70.40,70.70
2026-05-09T16:57:34.391758,73.40,100.00,71.70,71.60
2026-05-09T16:57:35.094193,54.30,100.00,53.20,52.60
2026-05-09T16:57:35.796596,30.30,100.00,29.50,25.60
2026-05-09T16:57:36.499088,32.20,100.00,32.60,26.20
2026-05-09T16:57:37.201423,34.40,100.00,31.10,29.50
2026-05-09T16:57:37.903957,34.80,100.00,33.00,29.10
2026-05-09T16:57:38.606296,31.90,100.00,30.30,27.40
2026-05-09T16:57:39.308867,30.30,100.00,28.70,25.30
2026-05-09T16:57:40.011752,43.20,100.00,42.70,41.50
2026-05-09T16:57:40.715103,63.60,100.00,63.10,63.10
2026-05-09T16:57:41.418365,63.20,100.00,62.20,62.70
2026-05-09T16:57:42.121244,63.60,100.00,62.70,62.70
2026-05-09T16:57:42.824183,63.00,100.00,62.50,62.50
2026-05-09T16:57:43.527217,63.00,100.00,61.30,61.30
2026-05-09T16:57:44.230240,62.40,100.00,62.70,62.70
2026-05-09T16:57:44.933044,63.60,100.00,62.50,62.20
2026-05-09T16:57:45.636340,62.40,100.00,61.60,61.90
2026-05-09T16:57:46.340298,61.50,100.00,61.30,61.10
2026-05-09T16:57:47.043228,62.20,100.00,61.40,60.40
2026-05-09T16:57:47.746188,62.00,100.00,61.10,62.30
2026-05-09T16:57:48.449448,61.50,100.00,61.60,62.20
2026-05-09T16:57:49.152702,62.00,100.00,61.10,61.30
2026-05-09T16:57:49.856206,64.50,100.00,63.30,62.70
2026-05-09T16:57:50.560135,81.20,100.00,76.10,78.00
2026-05-09T16:57:51.264710,81.70,100.00,78.20,79.10
2026-05-09T16:57:51.968197,83.30,100.00,79.80,80.20
2026-05-09T16:57:52.672364,83.10,100.00,77.50,78.70
2026-05-09T16:57:53.375965,81.00,100.00,76.70,76.70
2026-05-09T16:57:54.079812,82.40,100.00,78.70,79.30
2026-05-09T16:57:54.783748,80.00,100.00,76.70,77.80
2026-05-09T16:57:55.486663,62.50,100.00,62.20,60.70
2026-05-09T16:57:56.189620,60.90,100.00,60.30,61.10
2026-05-09T16:57:56.892416,60.90,100.00,60.20,60.20
2026-05-09T16:57:57.595332,62.20,100.00,61.40,61.30
2026-05-09T16:57:58.298197,60.60,100.00,60.20,61.10
2026-05-09T16:57:59.001099,61.10,100.00,61.10,61.60
2026-05-09T16:57:59.704509,61.30,100.00,60.30,60.50
2026-05-09T16:58:00.408531,67.70,100.00,67.00,67.60
2026-05-09T16:58:01.112486,70.40,97.20,67.60,69.30
2026-05-09T16:58:03.398555,69.50,27.90,68.50,69.50
2026-05-09T16:58:04.364174,71.00,94.80,71.10,73.10
2026-05-09T16:58:05.066907,59.40,100.00,58.90,58.90
2026-05-09T16:58:05.769689,51.30,100.00,50.00,51.30
2026-05-09T16:58:06.472418,50.40,100.00,50.00,51.30
2026-05-09T16:58:07.175119,50.90,100.00,49.60,51.30
2026-05-09T16:58:07.877899,51.80,100.00,52.20,53.00
2026-05-09T16:58:08.580736,51.30,100.00,50.40,50.90
2026-05-09T16:58:09.283421,50.90,100.00,49.10,50.40
2026-05-09T16:58:09.986477,55.40,100.00,54.50,54.90
2026-05-09T16:58:10.689648,63.20,100.00,63.10,63.10
2026-05-09T16:58:11.393301,63.30,100.00,62.20,62.40
2026-05-09T16:58:12.096784,62.30,100.00,62.20,63.30
2026-05-09T16:58:12.799519,63.00,100.00,62.70,62.40
2026-05-09T16:58:13.502869,63.30,100.00,61.60,62.20
2026-05-09T16:58:14.205889,63.60,100.00,62.20,63.10
2026-05-09T16:58:14.909287,61.30,100.00,61.60,62.20
2026-05-09T16:58:15.612009,57.80,100.00,57.10,57.30
2026-05-09T16:58:16.314889,57.30,100.00,56.40,56.90
2026-05-09T16:58:17.017452,57.30,100.00,56.90,56.80
2026-05-09T16:58:17.719905,58.10,100.00,57.60,57.80
2026-05-09T16:58:18.422552,57.40,100.00,56.80,58.10
2026-05-09T16:58:19.125478,57.30,100.00,56.80,56.80
2026-05-09T16:58:19.828437,58.80,100.00,58.60,59.10
2026-05-09T16:58:20.531512,77.90,100.00,75.30,76.70
2026-05-09T16:58:21.234746,77.50,100.00,75.00,76.70
2026-05-09T16:58:21.938129,78.40,100.00,75.30,75.80
2026-05-09T16:58:22.641876,78.40,100.00,75.00,76.90
2026-05-09T16:58:23.345337,78.40,100.00,75.30,76.70
2026-05-09T16:58:24.049158,77.50,100.00,75.60,75.80
2026-05-09T16:58:24.755007,79.10,100.00,76.30,77.80
2026-05-09T16:58:25.459896,88.30,100.00,84.10,86.40
2026-05-09T16:58:26.163484,85.20,100.00,81.60,81.90
2026-05-09T16:58:26.867369,84.10,100.00,81.40,83.30
2026-05-09T16:58:27.571236,86.40,100.00,82.10,84.30
2026-05-09T16:58:28.275466,85.20,100.00,81.20,82.40
2026-05-09T16:58:28.979566,86.20,100.00,81.40,83.10
2026-05-09T16:58:29.684215,85.20,100.00,82.10,83.30
2026-05-09T16:58:30.387889,81.90,100.00,79.30,81.20
2026-05-09T16:58:31.091570,82.40,100.00,78.70,79.50
2026-05-09T16:58:31.794880,81.70,100.00,80.20,82.10
2026-05-09T16:58:32.499156,81.90,100.00,78.70,81.20
2026-05-09T16:58:33.203937,81.20,100.00,77.80,78.70
2026-05-09T16:58:33.907339,83.10,100.00,80.20,82.40
2026-05-09T16:58:34.610937,81.90,100.00,79.30,81.20
2026-05-09T16:58:35.313611,51.00,100.00,50.00,51.50
2026-05-09T16:58:36.016040,45.30,100.00,45.30,43.70
2026-05-09T16:58:36.718466,45.30,100.00,42.30,43.30
2026-05-09T16:58:37.421153,42.90,100.00,43.30,42.20
2026-05-09T16:58:38.123773,45.80,100.00,44.30,44.80
2026-05-09T16:58:38.826317,42.60,100.00,43.30,42.00
2026-05-09T16:58:39.528919,45.40,100.00,42.90,43.80
2026-05-09T16:58:40.232468,59.80,100.00,58.80,60.60
2026-05-09T16:58:40.935791,69.40,100.00,67.30,67.60
2026-05-09T16:58:41.639117,68.30,100.00,67.30,68.30
2026-05-09T16:58:42.342457,69.10,100.00,68.00,69.00
2026-05-09T16:58:43.045738,68.00,100.00,66.30,68.30
2026-05-09T16:58:43.749178,67.70,100.00,67.30,68.00
2026-05-09T16:58:44.452574,69.60,100.00,66.70,68.30
2026-05-09T16:58:45.155949,66.30,100.00,64.80,66.00
2026-05-09T16:58:45.859682,66.70,100.00,65.10,65.40
2026-05-09T16:58:46.563215,65.70,100.00,64.50,65.70
2026-05-09T16:58:47.266805,65.30,100.00,64.50,65.10
2026-05-09T16:58:47.970642,66.00,100.00,65.10,66.00
2026-05-09T16:58:48.673834,65.70,100.00,64.50,65.40
2026-05-09T16:58:49.377248,65.00,100.00,64.80,65.40
2026-05-09T16:58:50.079821,60.60,100.00,59.50,60.90
2026-05-09T16:58:50.782396,54.20,100.00,53.80,55.50
2026-05-09T16:58:51.485222,54.70,100.00,54.20,53.90
2026-05-09T16:58:52.188108,54.30,100.00,54.20,54.20
2026-05-09T16:58:52.890716,55.10,100.00,54.20,54.30
2026-05-09T16:58:53.593626,54.70,100.00,54.20,54.70
2026-05-09T16:58:54.296445,55.10,100.00,53.80,55.10
2026-05-09T16:58:54.998854,52.70,100.00,54.30,53.10
2026-05-09T16:58:55.701555,48.60,100.00,47.70,47.20
2026-05-09T16:58:56.404155,48.20,100.00,47.70,47.70
2026-05-09T16:58:57.106604,46.30,100.00,45.90,45.90
2026-05-09T16:58:57.809124,48.20,100.00,47.30,46.80
2026-05-09T16:58:58.511437,47.70,100.00,47.30,48.20
2026-05-09T16:58:59.213866,46.30,100.00,46.30,46.80
2026-05-09T16:58:59.916567,50.00,100.00,50.00,49.50
2026-05-09T16:59:00.619212,57.80,100.00,57.10,57.80
2026-05-09T16:59:01.321871,58.10,100.00,58.50,57.80
2026-05-09T16:59:02.024726,57.80,100.00,56.90,58.30
2026-05-09T16:59:02.727459,57.90,100.00,58.10,57.80
2026-05-09T16:59:03.430188,57.80,100.00,56.90,57.80
2026-05-09T16:59:04.133160,57.90,100.00,58.10,58.50
2026-05-09T16:59:04.836060,57.40,100.00,56.90,57.40
2026-05-09T16:59:05.538553,51.70,100.00,50.90,50.40
2026-05-09T16:59:06.241149,51.30,100.00,50.00,51.30
2026-05-09T16:59:06.943484,50.90,100.00,50.40,50.40
2026-05-09T16:59:07.646414,50.40,100.00,49.60,50.90
2026-05-09T16:59:08.349186,52.20,100.00,50.90,50.50
2026-05-09T16:59:09.051886,51.70,100.00,49.60,50.40
2026-05-09T16:59:09.754674,50.00,100.00,48.60,50.00
2026-05-09T16:59:10.458233,82.90,100.00,79.50,80.20
2026-05-09T16:59:11.162519,80.20,100.00,76.90,78.70
2026-05-09T16:59:11.865986,81.00,100.00,77.80,80.20
2026-05-09T16:59:12.569862,79.50,100.00,75.60,76.70
2026-05-09T16:59:13.273811,80.50,100.00,76.90,76.70
2026-05-09T16:59:13.977270,81.00,100.00,77.20,79.30
2026-05-09T16:59:14.681426,81.00,100.00,78.40,78.70
2026-05-09T16:59:15.384954,87.50,100.00,83.10,85.40
2026-05-09T16:59:16.089269,87.50,100.00,84.10,83.10
2026-05-09T16:59:16.795954,87.30,100.00,82.40,84.30
2026-05-09T16:59:17.500502,89.60,100.00,85.40,84.30
2026-05-09T16:59:18.204578,89.70,100.00,84.30,84.30
2026-05-09T16:59:18.908557,88.30,100.00,85.40,85.20
2026-05-09T16:59:19.612212,90.70,100.00,87.50,87.30
2026-05-09T16:59:20.314664,47.90,100.00,44.60,45.70
2026-05-09T16:59:21.017115,38.10,100.00,34.40,37.80
2026-05-09T16:59:21.719485,39.40,100.00,36.80,35.50
2026-05-09T16:59:22.421846,38.10,100.00,37.10,37.50
2026-05-09T16:59:23.124284,40.00,100.00,38.80,38.40
2026-05-09T16:59:23.826658,36.50,100.00,36.50,37.50
2026-05-09T16:59:24.529222,37.50,100.00,37.50,37.50
2026-05-09T16:59:25.232279,54.40,100.00,54.30,53.80
2026-05-09T16:59:25.935288,61.70,100.00,61.30,62.40
2026-05-09T16:59:26.638720,62.00,100.00,61.30,62.20
2026-05-09T16:59:27.342355,61.50,100.00,61.90,62.40
2026-05-09T16:59:28.045395,62.60,100.00,62.70,63.30
2026-05-09T16:59:28.748781,63.00,100.00,61.60,62.20
2026-05-09T16:59:29.451737,62.00,100.00,62.20,62.70
2026-05-09T16:59:30.155395,64.80,100.00,63.60,64.80
2026-05-09T16:59:30.858933,65.70,100.00,64.40,65.40
2026-05-09T16:59:31.562481,65.70,100.00,65.10,65.70
2026-05-09T16:59:32.265796,65.70,100.00,65.10,64.80
2026-05-09T16:59:32.969212,64.70,100.00,64.20,65.10
2026-05-09T16:59:33.672809,65.10,100.00,64.20,64.50
2026-05-09T16:59:34.376300,66.00,100.00,65.10,65.40
2026-05-09T16:59:35.079549,69.40,100.00,67.60,68.90
2026-05-09T16:59:35.782969,75.80,100.00,72.20,73.40
2026-05-09T16:59:36.486871,77.50,100.00,74.50,75.60
2026-05-09T16:59:37.191479,77.90,100.00,74.50,75.00
2026-05-09T16:59:37.894907,76.70,100.00,74.20,75.80
2026-05-09T16:59:38.600228,77.30,100.00,74.70,75.80
2026-05-09T16:59:39.303403,75.00,100.00,72.60,74.50
2026-05-09T16:59:40.005999,67.30,100.00,65.40,65.70
2026-05-09T16:59:40.708723,53.80,100.00,53.40,54.70
2026-05-09T16:59:41.411436,53.80,100.00,54.20,53.40
2026-05-09T16:59:42.114112,53.90,100.00,52.60,53.40
2026-05-09T16:59:42.816774,53.40,100.00,53.00,53.80
2026-05-09T16:59:43.519488,53.80,100.00,53.40,52.60
2026-05-09T16:59:44.222400,53.80,100.00,52.60,53.40
2026-05-09T16:59:44.925295,59.60,100.00,59.50,59.10
2026-05-09T16:59:45.629923,85.20,100.00,80.20,82.40
2026-05-09T16:59:46.335685,87.50,100.00,82.40,82.40
2026-05-09T16:59:47.039998,88.50,100.00,83.50,84.00
2026-05-09T16:59:47.744505,89.60,100.00,84.10,87.50
2026-05-09T16:59:48.448217,89.60,100.00,85.20,86.30
2026-05-09T16:59:49.151802,87.50,100.00,82.40,82.90
2026-05-09T16:59:49.855674,83.10,100.00,78.40,79.50
2026-05-09T16:59:50.558720,60.90,100.00,61.40,62.20
2026-05-09T16:59:51.262071,60.90,100.00,61.10,60.90
2026-05-09T16:59:51.965211,61.80,100.00,60.70,61.60
2026-05-09T16:59:52.668530,61.10,100.00,61.60,61.80
2026-05-09T16:59:53.371587,61.60,100.00,61.10,61.30
2026-05-09T16:59:54.074787,60.60,100.00,60.40,61.10
2026-05-09T16:59:54.777761,63.20,100.00,62.50,62.70
2026-05-09T16:59:55.481531,93.30,100.00,86.40,89.60
2026-05-09T16:59:56.185510,90.90,100.00,84.10,86.20
2026-05-09T16:59:56.891860,89.60,100.00,85.50,84.50
2026-05-09T16:59:57.596695,93.30,100.00,85.20,87.50
2026-05-09T16:59:58.301255,94.50,100.00,86.40,89.60
2026-05-09T16:59:59.005151,89.60,100.00,84.30,85.40
2026-05-09T16:59:59.709429,90.90,100.00,84.30,86.60
2026-05-09T17:00:00.412378,56.50,100.00,56.00,56.50
2026-05-09T17:00:01.115173,56.50,100.00,55.60,55.70
2026-05-09T17:00:01.817856,55.60,100.00,55.10,55.50
2026-05-09T17:00:02.520724,55.90,100.00,54.70,55.60
2026-05-09T17:00:03.223382,55.90,100.00,55.10,55.90
2026-05-09T17:00:03.926274,55.60,100.00,55.50,54.70
2026-05-09T17:00:04.629140,55.60,100.00,54.20,55.20
2026-05-09T17:00:05.333038,69.40,100.00,67.60,68.60
2026-05-09T17:00:06.036727,74.20,100.00,71.10,71.10
2026-05-09T17:00:06.740121,72.30,100.00,70.00,71.60
2026-05-09T17:00:07.443690,73.10,100.00,71.10,72.90
2026-05-09T17:00:08.147282,74.20,100.00,71.10,72.60
2026-05-09T17:00:08.851160,72.60,100.00,69.70,70.40
2026-05-09T17:00:09.554492,74.20,100.00,71.90,72.90
2026-05-09T17:00:10.258104,84.30,100.00,79.30,81.20
2026-05-09T17:00:10.963719,88.50,100.00,83.50,83.10
2026-05-09T17:00:11.668188,88.50,100.00,83.10,85.40
2026-05-09T17:00:12.372309,86.30,100.00,82.40,82.40
2026-05-09T17:00:13.078947,90.90,100.00,81.60,86.40
2026-05-09T17:00:13.783635,88.50,100.00,81.40,83.10
2026-05-09T17:00:14.488521,93.40,100.00,82.90,85.40
2026-05-09T17:00:15.193309,93.20,100.00,84.30,87.50
2026-05-09T17:00:15.896760,94.70,100.00,84.30,86.30
2026-05-09T17:00:16.600502,93.20,100.00,84.10,85.40
2026-05-09T17:00:17.309293,98.60,100.00,86.60,89.70
2026-05-09T17:00:18.012928,95.90,100.00,85.40,87.20
2026-05-09T17:00:18.717305,93.40,100.00,84.10,85.70
2026-05-09T17:00:19.421875,92.00,100.00,83.30,86.20
2026-05-09T17:00:20.125279,77.30,100.00,73.70,74.20
2026-05-09T17:00:20.828751,66.70,100.00,65.10,66.00
2026-05-09T17:00:21.531633,66.70,100.00,64.40,66.00
2026-05-09T17:00:22.234674,67.00,100.00,65.40,66.00
2026-05-09T17:00:22.938749,66.70,100.00,66.00,66.00
2026-05-09T17:00:23.642343,66.30,100.00,65.00,66.00
2026-05-09T17:00:24.345727,67.30,100.00,65.70,67.00
2026-05-09T17:00:25.050130,74.70,100.00,71.90,73.40
2026-05-09T17:00:25.754605,94.50,100.00,85.20,87.50
2026-05-09T17:00:26.459871,94.70,100.00,85.50,88.70
2026-05-09T17:00:27.164121,90.90,100.00,83.10,85.20
2026-05-09T17:00:27.869876,94.60,100.00,85.40,88.50
2026-05-09T17:00:28.574118,93.30,100.00,85.00,87.70
2026-05-09T17:00:29.278414,94.60,100.00,85.40,87.50
2026-05-09T17:00:29.982117,83.10,100.00,77.50,79.30
2026-05-09T17:00:30.685344,68.70,100.00,67.60,68.00
2026-05-09T17:00:31.388666,69.40,100.00,68.60,69.30
2026-05-09T17:00:32.092201,69.40,100.00,67.60,68.00
2026-05-09T17:00:32.795319,69.80,100.00,68.60,69.00
2026-05-09T17:00:33.498864,69.40,100.00,67.60,69.30
2026-05-09T17:00:34.202476,69.10,100.00,67.30,68.00
2026-05-09T17:00:34.906041,62.50,100.00,61.00,63.60
2026-05-09T17:00:35.608326,40.40,100.00,39.40,38.10
2026-05-09T17:00:36.310781,41.60,100.00,39.40,39.40
2026-05-09T17:00:37.013149,38.80,100.00,36.20,38.10
2026-05-09T17:00:37.715460,41.70,100.00,40.20,38.10
2026-05-09T17:00:38.417925,38.50,100.00,38.50,38.30
2026-05-09T17:00:39.120336,39.40,100.00,38.10,37.80
2026-05-09T17:00:39.822925,40.80,100.00,38.50,39.60
2026-05-09T17:00:40.526235,66.00,100.00,65.40,65.70
2026-05-09T17:00:41.229748,66.70,100.00,65.10,66.30
2026-05-09T17:00:41.933034,66.00,100.00,64.50,66.00
2026-05-09T17:00:42.636151,65.40,100.00,64.50,64.80
2026-05-09T17:00:43.339391,66.30,100.00,65.40,66.70
2026-05-09T17:00:44.042877,65.30,100.00,64.80,65.40
2026-05-09T17:00:44.746491,66.30,100.00,66.00,67.00
2026-05-09T17:00:45.449514,62.00,100.00,61.10,61.80
2026-05-09T17:00:46.152582,61.50,100.00,60.70,61.30
2026-05-09T17:00:46.855520,61.50,100.00,61.10,61.80
2026-05-09T17:00:47.558686,60.20,100.00,61.10,61.80
2026-05-09T17:00:48.261688,62.40,100.00,62.20,61.50
2026-05-09T17:00:48.964812,61.10,100.00,60.20,61.10
2026-05-09T17:00:49.668106,62.40,100.00,61.90,62.20
2026-05-09T17:00:50.371463,77.50,100.00,75.30,76.10
2026-05-09T17:00:51.074863,79.30,100.00,75.00,75.80
2026-05-09T17:00:51.779133,81.90,100.00,77.50,80.00
2026-05-09T17:00:52.484012,81.20,100.00,77.80,78.70
2026-05-09T17:00:53.188212,82.40,100.00,76.70,78.40
2026-05-09T17:00:53.892686,80.20,100.00,77.50,80.20
2026-05-09T17:00:54.596215,83.10,100.00,78.70,80.20
2026-05-09T17:00:55.299385,60.70,100.00,59.60,60.90
2026-05-09T17:00:56.002104,56.40,100.00,55.60,55.60
2026-05-09T17:00:56.841172,57.80,68.70,57.40,57.70
2026-05-09T17:00:57.775820,59.50,92.60,58.70,59.50
2026-05-09T17:00:58.478445,56.10,100.00,56.00,56.40
2026-05-09T17:00:59.181281,55.60,100.00,55.60,55.60
2026-05-09T17:00:59.884118,58.40,100.00,57.90,58.80
2026-05-09T17:01:00.587417,72.30,100.00,70.00,70.40
2026-05-09T17:01:01.291285,72.00,100.00,70.00,70.40
2026-05-09T17:01:01.994865,72.30,100.00,69.40,70.10
2026-05-09T17:01:02.699152,71.60,100.00,70.00,71.10
2026-05-09T17:01:03.402516,71.90,100.00,69.00,70.00
2026-05-09T17:01:04.106909,72.30,100.00,70.40,71.90
2026-05-09T17:01:04.810487,70.40,100.00,68.00,68.60
2026-05-09T17:01:05.513127,56.10,100.00,57.30,56.00
2026-05-09T17:01:06.215907,56.50,100.00,56.30,57.30
2026-05-09T17:01:06.918857,56.00,100.00,57.10,56.80
2026-05-09T17:01:07.621722,57.40,100.00,56.00,56.40
2026-05-09T17:01:08.324700,57.30,100.00,56.90,57.30
2026-05-09T17:01:09.027579,56.10,100.00,56.70,57.30
2026-05-09T17:01:09.730199,57.30,100.00,56.90,56.80
2026-05-09T17:01:10.433494,65.00,100.00,64.80,65.40
2026-05-09T17:01:11.136784,66.00,100.00,65.70,66.00
2026-05-09T17:01:11.839771,66.30,100.00,64.80,65.40
2026-05-09T17:01:12.543142,65.70,100.00,65.10,65.70
2026-05-09T17:01:13.246563,66.70,100.00,65.10,65.40
2026-05-09T17:01:13.949634,64.70,100.00,64.80,65.40
2026-05-09T17:01:14.652733,66.30,100.00,64.50,64.80
2026-05-09T17:01:15.355946,62.40,100.00,61.90,62.20
2026-05-09T17:01:16.058790,60.90,100.00,60.20,61.10
2026-05-09T17:01:16.761879,61.30,100.00,61.10,61.30
2026-05-09T17:01:17.464925,60.60,100.00,60.20,60.50
2026-05-09T17:01:18.167895,62.00,100.00,61.90,61.30
2026-05-09T17:01:18.871043,60.90,100.00,60.70,61.60
2026-05-09T17:01:19.574107,62.20,100.00,61.40,61.60
2026-05-09T17:01:20.278006,70.50,100.00,68.60,69.00
2026-05-09T17:01:20.981915,75.00,100.00,72.60,72.20
2026-05-09T17:01:21.685460,74.70,100.00,71.10,72.60
2026-05-09T17:01:22.389831,75.00,100.00,72.90,72.90
2026-05-09T17:01:23.093850,75.00,100.00,72.60,73.70
2026-05-09T17:01:23.796859,73.90,100.00,72.20,72.20
2026-05-09T17:01:24.500948,76.70,100.00,72.90,74.50
2026-05-09T17:01:25.203388,52.10,100.00,51.00,50.50
2026-05-09T17:01:25.905754,42.70,100.00,40.00,38.50
2026-05-09T17:01:26.608153,42.30,100.00,40.00,38.80
2026-05-09T17:01:27.310532,42.20,100.00,40.40,39.40
2026-05-09T17:01:28.013147,41.60,100.00,39.80,38.50
2026-05-09T17:01:28.715484,43.10,100.00,42.30,41.00
2026-05-09T17:01:29.417907,43.30,100.00,40.40,39.20
2026-05-09T17:01:30.121522,59.60,100.00,57.70,57.90
2026-05-09T17:01:30.825200,77.80,100.00,75.50,75.80
2026-05-09T17:01:31.528798,77.80,100.00,73.40,78.40
2026-05-09T17:01:32.232701,76.40,100.00,75.00,79.50
2026-05-09T17:01:32.936823,79.10,100.00,75.80,81.20
2026-05-09T17:01:33.640439,76.90,100.00,73.70,78.90
2026-05-09T17:01:34.344851,77.30,100.00,75.00,79.10
2026-05-09T17:01:35.048919,76.70,100.00,73.40,78.70
2026-05-09T17:01:35.753382,76.40,100.00,73.40,78.20
2026-05-09T17:01:36.457331,76.90,100.00,74.00,79.50
2026-05-09T17:01:37.161195,76.10,100.00,73.10,81.90
2026-05-09T17:01:37.865185,76.70,100.00,73.70,82.10
2026-05-09T17:01:38.568802,77.30,100.00,74.20,82.40
2026-05-09T17:01:39.272879,77.20,100.00,72.20,80.50
2026-05-09T17:01:39.978476,80.20,100.00,76.90,80.20
2026-05-09T17:01:40.683274,84.10,100.00,80.20,81.40
2026-05-09T17:01:41.455261,88.50,75.00,83.50,83.70
