timestamp,core0,core1,core2,core3
2026-05-11T18:46:42.553167,4.30,9.10,4.50,4.30
2026-05-11T18:46:44.460809,6.30,14.30,28.00,18.10
2026-05-11T18:46:45.163439,2.80,98.60,67.10,95.70
2026-05-11T18:46:45.866003,1.40,100.00,74.60,100.00
2026-05-11T18:46:46.568213,2.80,98.60,74.30,100.00
2026-05-11T18:46:47.270652,2.90,100.00,75.40,100.00
2026-05-11T18:46:47.973016,4.20,100.00,76.10,100.00
2026-05-11T18:46:48.675781,1.40,95.60,72.90,100.00
2026-05-11T18:46:49.378541,1.40,100.00,74.60,100.00
2026-05-11T18:46:50.080769,2.80,98.60,71.40,98.60
2026-05-11T18:46:50.783954,5.60,100.00,77.10,100.00
2026-05-11T18:46:51.486027,1.40,98.60,75.70,100.00
2026-05-11T18:46:52.188667,4.20,100.00,76.10,100.00
2026-05-11T18:46:52.891409,2.90,98.60,75.70,100.00
2026-05-11T18:46:53.593938,1.40,98.60,74.30,100.00
2026-05-11T18:46:54.296465,4.20,98.60,74.30,100.00
2026-05-11T18:46:54.999632,14.50,98.60,78.60,100.00
2026-05-11T18:46:55.702757,40.80,98.60,81.40,100.00
2026-05-11T18:46:56.468274,92.80,100.00,92.00,97.40
2026-05-11T18:46:57.173477,93.30,80.60,95.70,93.20
2026-05-11T18:46:57.878057,81.90,74.60,95.70,80.50
2026-05-11T18:46:58.581317,73.00,89.90,95.70,70.80
2026-05-11T18:46:59.284932,60.40,92.90,95.70,62.50
2026-05-11T18:46:59.988779,68.10,92.80,98.60,67.80
2026-05-11T18:47:00.692200,66.30,85.50,98.60,65.90
2026-05-11T18:47:01.396271,60.60,94.20,95.80,60.40
2026-05-11T18:47:02.101308,90.70,88.20,89.70,84.80
2026-05-11T18:47:02.877837,98.70,85.30,93.40,95.10
2026-05-11T18:47:03.582014,81.90,100.00,80.20,77.60
2026-05-11T18:47:04.286156,77.00,100.00,76.70,72.70
2026-05-11T18:47:04.989047,57.50,100.00,58.00,54.10
2026-05-11T18:47:05.691885,39.00,100.00,39.80,36.20
2026-05-11T18:47:06.394246,14.10,100.00,7.50,4.60
2026-05-11T18:47:07.097759,60.90,100.00,60.20,58.00
2026-05-11T18:47:07.800140,48.10,100.00,47.50,44.30
2026-05-11T18:47:08.502714,17.10,100.00,10.60,7.70
2026-05-11T18:47:09.206022,54.30,100.00,55.30,53.30
2026-05-11T18:47:09.908681,40.20,100.00,38.00,32.00
2026-05-11T18:47:10.611301,31.90,100.00,34.70,27.50
2026-05-11T18:47:11.315148,77.90,100.00,76.70,75.00
2026-05-11T18:47:12.017599,32.40,100.00,30.60,26.80
2026-05-11T18:47:12.720305,14.50,100.00,10.60,6.30
2026-05-11T18:47:13.422920,17.60,100.00,16.20,12.10
2026-05-11T18:47:14.126723,70.10,100.00,69.00,67.00
2026-05-11T18:47:14.828993,45.60,100.00,44.20,41.60
2026-05-11T18:47:15.531353,12.50,100.00,7.40,4.50
2026-05-11T18:47:16.234319,60.60,100.00,61.50,57.60
2026-05-11T18:47:16.937320,37.20,100.00,38.50,32.40
2026-05-11T18:47:17.640719,38.20,100.00,35.10,31.00
2026-05-11T18:47:18.344629,78.80,100.00,78.20,74.70
2026-05-11T18:47:19.047597,50.00,100.00,49.40,47.60
2026-05-11T18:47:19.751303,51.80,100.00,52.40,51.20
2026-05-11T18:47:20.454974,70.70,100.00,70.70,68.80
2026-05-11T18:47:21.158887,70.80,100.00,70.30,69.90
2026-05-11T18:47:21.862109,64.10,100.00,64.50,60.90
2026-05-11T18:47:22.565266,58.70,100.00,58.90,57.10
2026-05-11T18:47:23.268326,63.20,100.00,64.60,63.90
2026-05-11T18:47:23.971229,52.80,100.00,52.70,52.20
2026-05-11T18:47:24.674600,52.90,100.00,54.40,53.30
2026-05-11T18:47:25.378100,72.50,100.00,72.50,70.50
2026-05-11T18:47:26.081045,56.50,100.00,56.80,54.30
2026-05-11T18:47:26.784089,55.40,100.00,56.00,53.30
2026-05-11T18:47:27.487118,59.60,100.00,60.40,58.10
2026-05-11T18:47:28.190051,45.20,100.00,46.00,41.50
2026-05-11T18:47:28.892670,31.20,100.00,27.80,28.40
2026-05-11T18:47:29.595625,29.70,100.00,27.40,23.20
2026-05-11T18:47:30.298804,72.20,100.00,71.90,70.70
2026-05-11T18:47:31.001991,67.80,100.00,67.40,65.20
2026-05-11T18:47:31.706216,67.40,100.00,67.70,65.20
2026-05-11T18:47:32.410258,77.30,100.00,76.10,73.00
2026-05-11T18:47:33.113453,83.80,100.00,84.00,80.70
2026-05-11T18:47:33.816820,78.20,100.00,75.90,73.00
2026-05-11T18:47:34.520035,71.90,100.00,71.40,68.50
2026-05-11T18:47:35.222985,46.00,100.00,45.90,40.50
2026-05-11T18:47:35.925297,26.40,100.00,27.00,25.70
2026-05-11T18:47:36.628057,28.40,100.00,26.40,21.70
2026-05-11T18:47:37.331386,68.90,100.00,69.20,67.40
2026-05-11T18:47:38.034725,68.80,100.00,68.10,66.70
2026-05-11T18:47:38.738652,71.70,100.00,70.30,68.50
2026-05-11T18:47:39.442635,77.00,100.00,77.30,75.30
2026-05-11T18:47:40.145753,60.90,100.00,60.20,58.70
2026-05-11T18:47:40.848365,47.00,100.00,46.40,43.20
2026-05-11T18:47:41.551256,32.00,100.00,31.10,28.80
2026-05-11T18:47:42.254855,69.90,100.00,69.20,67.40
2026-05-11T18:47:42.958204,64.50,100.00,66.70,62.60
2026-05-11T18:47:43.661115,60.40,100.00,61.10,60.20
2026-05-11T18:47:44.364370,55.30,100.00,56.40,52.70
2026-05-11T18:47:45.067450,58.10,100.00,57.90,54.50
2026-05-11T18:47:45.770273,52.80,100.00,54.30,49.40
2026-05-11T18:47:46.473167,40.70,100.00,44.80,41.50
2026-05-11T18:47:47.176489,65.60,100.00,66.30,64.10
2026-05-11T18:47:47.880122,68.50,100.00,69.10,67.00
2026-05-11T18:47:48.583408,68.90,100.00,69.90,67.00
2026-05-11T18:47:49.286951,60.60,100.00,60.60,59.80
2026-05-11T18:47:49.989960,60.20,100.00,61.10,57.10
2026-05-11T18:47:50.693256,64.10,100.00,65.60,62.60
2026-05-11T18:47:51.397440,79.50,100.00,79.10,75.90
2026-05-11T18:47:52.099831,19.70,100.00,16.20,15.90
2026-05-11T18:47:52.802312,10.30,100.00,6.10,4.70
2026-05-11T18:47:53.504784,14.70,100.00,10.60,7.70
2026-05-11T18:47:54.206941,11.40,100.00,3.10,3.10
2026-05-11T18:47:54.910109,42.20,100.00,41.00,36.70
2026-05-11T18:47:55.613282,52.20,100.00,52.70,49.40
2026-05-11T18:47:56.316251,12.10,100.00,12.30,9.40
2026-05-11T18:47:57.019951,61.90,100.00,60.90,58.80
2026-05-11T18:47:57.722442,57.60,100.00,56.80,55.40
2026-05-11T18:47:58.425016,21.40,100.00,20.00,17.60
2026-05-11T18:47:59.133857,68.20,100.00,67.80,65.20
2026-05-11T18:47:59.836668,62.00,100.00,62.60,58.60
2026-05-11T18:48:00.539580,51.70,100.00,52.20,51.10
2026-05-11T18:48:01.242328,16.40,100.00,13.60,13.60
2026-05-11T18:48:01.946010,56.20,100.00,56.20,53.70
2026-05-11T18:48:02.649449,71.60,100.00,71.40,68.20
2026-05-11T18:48:03.353078,63.50,100.00,63.50,58.90
2026-05-11T18:48:04.057374,77.60,100.00,77.00,74.20
2026-05-11T18:48:04.761473,63.30,100.00,62.30,59.00
2026-05-11T18:48:05.464948,23.90,100.00,23.60,20.30
2026-05-11T18:48:06.168844,75.60,100.00,74.70,72.40
2026-05-11T18:48:06.872232,77.00,100.00,76.10,73.60
2026-05-11T18:48:07.575405,74.20,100.00,73.30,71.10
2026-05-11T18:48:08.279148,79.50,100.00,79.30,76.10
2026-05-11T18:48:08.981888,51.90,100.00,53.60,48.10
2026-05-11T18:48:09.684487,36.20,100.00,36.30,30.70
2026-05-11T18:48:10.386853,17.60,100.00,17.40,16.20
2026-05-11T18:48:11.089888,61.60,100.00,61.40,60.20
2026-05-11T18:48:11.793024,64.20,100.00,63.00,62.00
2026-05-11T18:48:12.496072,58.20,100.00,59.40,58.20
2026-05-11T18:48:13.199842,74.20,100.00,73.30,70.50
2026-05-11T18:48:13.902190,44.90,100.00,44.00,41.30
2026-05-11T18:48:14.604593,21.70,100.00,23.90,20.30
2026-05-11T18:48:15.307971,35.90,100.00,36.70,32.00
2026-05-11T18:48:16.011898,74.70,100.00,73.40,71.30
2026-05-11T18:48:16.714316,68.70,100.00,67.90,65.00
2026-05-11T18:48:17.417314,31.20,100.00,34.20,31.10
2026-05-11T18:48:18.120221,55.10,100.00,53.90,51.70
2026-05-11T18:48:18.822882,38.30,100.00,39.00,35.90
2026-05-11T18:48:19.525408,11.80,100.00,7.70,6.20
2026-05-11T18:48:20.228390,45.50,100.00,46.60,41.70
2026-05-11T18:48:20.932277,56.00,100.00,55.40,51.20
2026-05-11T18:48:21.635454,52.20,100.00,52.30,48.80
2026-05-11T18:48:22.338078,14.70,100.00,13.20,7.80
2026-05-11T18:48:23.041829,62.70,100.00,63.10,60.20
2026-05-11T18:48:23.745440,72.80,100.00,73.30,70.80
2026-05-11T18:48:24.449455,73.60,100.00,74.40,71.40
2026-05-11T18:48:25.153287,77.60,100.00,76.70,72.70
2026-05-11T18:48:25.856271,62.10,100.00,63.30,60.20
2026-05-11T18:48:26.559272,45.90,100.00,47.70,42.70
2026-05-11T18:48:27.261611,17.60,100.00,16.40,10.90
2026-05-11T18:48:27.965217,55.80,100.00,56.50,52.40
2026-05-11T18:48:28.668685,60.50,100.00,59.30,57.00
2026-05-11T18:48:29.371226,26.00,100.00,26.00,19.10
2026-05-11T18:48:30.075113,70.70,100.00,71.40,67.90
2026-05-11T18:48:30.777980,66.70,100.00,66.70,64.80
2026-05-11T18:48:31.480652,48.30,100.00,48.30,46.50
2026-05-11T18:48:32.183447,50.00,100.00,51.10,48.90
2026-05-11T18:48:32.886758,57.30,100.00,60.20,54.00
2026-05-11T18:48:33.589735,57.30,100.00,59.30,56.80
2026-05-11T18:48:34.291993,18.60,100.00,16.20,10.80
2026-05-11T18:48:34.995934,67.50,100.00,67.50,65.80
2026-05-11T18:48:35.698953,69.50,100.00,71.40,67.90
2026-05-11T18:48:36.401473,38.00,100.00,40.70,39.00
2026-05-11T18:48:37.104863,60.60,100.00,60.20,58.20
2026-05-11T18:48:37.807410,47.00,100.00,48.20,45.00
2026-05-11T18:48:38.510020,31.60,100.00,33.30,25.00
2026-05-11T18:48:39.213379,60.40,100.00,60.60,57.60
2026-05-11T18:48:39.916663,63.20,100.00,63.90,59.80
2026-05-11T18:48:40.620486,65.60,100.00,65.60,63.00
2026-05-11T18:48:41.323846,70.50,100.00,70.30,68.90
2026-05-11T18:48:42.027571,64.50,100.00,65.30,62.00
2026-05-11T18:48:42.730117,57.30,100.00,58.70,56.20
2026-05-11T18:48:43.432895,44.70,100.00,44.00,43.50
2026-05-11T18:48:44.139340,81.70,100.00,81.90,77.40
2026-05-11T18:48:44.842278,63.50,100.00,64.30,61.20
2026-05-11T18:48:45.545127,51.10,100.00,51.60,48.20
2026-05-11T18:48:46.248410,73.90,100.00,73.30,70.80
2026-05-11T18:48:46.951720,65.60,100.00,65.90,63.30
2026-05-11T18:48:47.654786,64.50,100.00,64.50,63.40
2026-05-11T18:48:48.358527,77.00,100.00,77.00,74.20
2026-05-11T18:48:49.061192,48.20,100.00,50.60,48.80
2026-05-11T18:48:49.764457,53.40,100.00,53.90,51.70
2026-05-11T18:48:50.467544,65.90,100.00,65.60,63.70
2026-05-11T18:48:51.170903,70.70,100.00,70.70,67.70
2026-05-11T18:48:51.875019,76.10,100.00,75.60,73.00
2026-05-11T18:48:52.580016,81.70,100.00,81.90,79.10
2026-05-11T18:48:53.284009,87.50,100.00,87.70,83.10
2026-05-11T18:48:53.989839,83.10,100.00,81.90,80.20
2026-05-11T18:48:54.693269,70.10,100.00,70.80,68.50
2026-05-11T18:48:55.396245,52.80,100.00,54.30,52.70
2026-05-11T18:48:56.100422,77.40,100.00,77.60,73.60
2026-05-11T18:48:56.803197,53.30,100.00,52.70,51.40
2026-05-11T18:48:57.505662,9.00,100.00,7.60,4.60
2026-05-11T18:48:58.209028,63.20,100.00,62.00,59.80
2026-05-11T18:48:58.911259,33.80,100.00,34.20,33.30
2026-05-11T18:48:59.613670,20.80,100.00,18.60,14.70
2026-05-11T18:49:00.316780,64.20,100.00,63.40,62.40
2026-05-11T18:49:01.019795,57.60,100.00,56.50,55.60
2026-05-11T18:49:01.723458,58.70,100.00,58.20,58.10
2026-05-11T18:49:02.427344,66.30,100.00,66.70,63.40
2026-05-11T18:49:03.130111,35.10,100.00,33.80,31.50
2026-05-11T18:49:03.833426,50.60,100.00,51.20,51.80
2026-05-11T18:49:04.537795,71.00,100.00,70.30,67.80
2026-05-11T18:49:05.242713,88.50,100.00,87.30,84.30
2026-05-11T18:49:05.945100,41.40,100.00,41.40,37.70
2026-05-11T18:49:06.647576,28.40,100.00,26.00,21.70
2026-05-11T18:49:07.350737,64.90,100.00,63.80,64.20
2026-05-11T18:49:08.054832,72.20,100.00,73.30,70.00
2026-05-11T18:49:08.758473,74.70,100.00,74.40,72.20
2026-05-11T18:49:09.462678,73.60,100.00,73.00,71.90
2026-05-11T18:49:10.165241,37.20,100.00,36.70,32.90
2026-05-11T18:49:10.869298,61.00,100.00,60.80,58.50
2026-05-11T18:49:11.574366,82.10,100.00,80.00,77.90
2026-05-11T18:49:12.278685,81.70,100.00,81.90,78.80
2026-05-11T18:49:12.983370,84.10,100.00,84.10,81.00
2026-05-11T18:49:13.687421,81.00,100.00,79.80,75.90
2026-05-11T18:49:14.390980,81.90,100.00,81.20,77.40
2026-05-11T18:49:15.095450,75.90,100.00,76.10,73.00
2026-05-11T18:49:15.798662,67.80,100.00,68.10,65.90
2026-05-11T18:49:16.501629,57.60,100.00,58.10,56.00
2026-05-11T18:49:17.204190,26.00,100.00,25.00,17.90
2026-05-11T18:49:17.907622,47.10,100.00,47.10,44.00
2026-05-11T18:49:18.610985,60.90,100.00,60.40,61.30
2026-05-11T18:49:19.315200,78.80,100.00,78.80,75.30
2026-05-11T18:49:20.018836,68.50,100.00,69.60,67.40
2026-05-11T18:49:20.721838,66.30,100.00,66.70,62.60
2026-05-11T18:49:21.425392,66.70,100.00,66.70,64.90
2026-05-11T18:49:22.129387,71.40,100.00,71.70,69.70
2026-05-11T18:49:22.832436,57.10,100.00,58.60,53.00
2026-05-11T18:49:23.535348,41.00,100.00,40.20,35.10
2026-05-11T18:49:24.239024,66.70,100.00,66.30,63.30
2026-05-11T18:49:24.941394,40.50,100.00,40.30,37.70
2026-05-11T18:49:25.644255,35.60,100.00,35.60,33.30
2026-05-11T18:49:26.347802,73.90,100.00,74.40,69.30
2026-05-11T18:49:27.050870,65.60,100.00,65.90,63.00
2026-05-11T18:49:27.753984,61.10,100.00,62.10,59.30
2026-05-11T18:49:28.456896,57.10,100.00,58.10,56.50
2026-05-11T18:49:29.160325,69.60,100.00,68.80,66.30
2026-05-11T18:49:29.864109,68.80,100.00,68.90,66.70
2026-05-11T18:49:30.567961,66.30,100.00,65.60,64.00
2026-05-11T18:49:31.270499,21.40,100.00,23.60,16.40
2026-05-11T18:49:31.973242,26.00,100.00,25.40,25.00
2026-05-11T18:49:32.676394,42.30,100.00,42.30,39.50
2026-05-11T18:49:33.380573,74.20,100.00,73.90,72.20
2026-05-11T18:49:34.083011,37.30,100.00,39.00,36.00
2026-05-11T18:49:34.785963,32.00,100.00,27.80,27.80
2026-05-11T18:49:35.488391,27.40,100.00,28.40,25.00
2026-05-11T18:49:36.191307,36.70,100.00,37.50,29.20
2026-05-11T18:49:36.895998,63.40,100.00,61.70,61.00
2026-05-11T18:49:37.601220,79.80,100.00,79.10,75.60
2026-05-11T18:49:38.305041,67.70,100.00,67.70,65.20
2026-05-11T18:49:39.008457,65.30,100.00,67.00,63.70
2026-05-11T18:49:39.711669,63.00,100.00,62.80,60.90
2026-05-11T18:49:40.414932,58.10,100.00,59.40,57.00
2026-05-11T18:49:41.117463,25.40,100.00,24.30,22.90
2026-05-11T18:49:41.819950,15.90,100.00,14.50,11.90
2026-05-11T18:49:42.522448,16.70,100.00,10.60,7.70
2026-05-11T18:49:43.226472,79.10,100.00,78.20,73.60
2026-05-11T18:49:43.929225,50.00,100.00,48.70,46.80
2026-05-11T18:49:44.632338,40.00,100.00,39.00,34.70
2026-05-11T18:49:45.336300,69.20,100.00,70.20,68.10
2026-05-11T18:49:46.040140,76.70,100.00,75.60,72.70
2026-05-11T18:49:46.742645,61.00,100.00,60.00,57.50
2026-05-11T18:49:47.445293,21.40,100.00,20.00,13.80
2026-05-11T18:49:48.148096,48.80,100.00,50.00,45.80
2026-05-11T18:49:48.851687,62.60,100.00,62.40,59.60
2026-05-11T18:49:49.555296,70.00,100.00,70.70,68.50
2026-05-11T18:49:50.258936,74.40,100.00,73.30,71.40
2026-05-11T18:49:50.961940,63.00,100.00,63.40,59.60
2026-05-11T18:49:51.665027,61.10,100.00,62.00,58.40
2026-05-11T18:49:52.368740,80.20,100.00,77.90,76.10
2026-05-11T18:49:53.071925,65.20,100.00,64.10,62.20
2026-05-11T18:49:53.775645,64.80,100.00,65.20,62.60
2026-05-11T18:49:54.479427,73.30,100.00,73.00,70.80
2026-05-11T18:49:55.183213,69.20,100.00,69.20,68.10
2026-05-11T18:49:55.886683,69.20,100.00,69.20,68.50
2026-05-11T18:49:56.590317,71.10,100.00,70.30,67.80
2026-05-11T18:49:57.294027,85.40,100.00,85.20,81.40
2026-05-11T18:49:57.998263,78.80,100.00,77.00,75.90
2026-05-11T18:49:58.700866,62.20,100.00,61.70,59.80
2026-05-11T18:49:59.403818,18.60,100.00,15.90,9.50
2026-05-11T18:50:00.107799,69.80,100.00,69.80,67.00
2026-05-11T18:50:00.812091,72.70,100.00,72.70,70.50
2026-05-11T18:50:01.516366,69.20,100.00,68.50,68.50
2026-05-11T18:50:02.219370,57.00,100.00,58.90,56.50
2026-05-11T18:50:02.922633,62.40,100.00,60.90,59.10
2026-05-11T18:50:03.626130,66.70,100.00,66.00,64.80
2026-05-11T18:50:04.329196,71.90,100.00,72.20,69.90
2026-05-11T18:50:05.031797,31.90,100.00,30.60,27.50
2026-05-11T18:50:05.734822,34.20,100.00,36.70,28.80
2026-05-11T18:50:06.437821,60.20,100.00,60.00,58.20
2026-05-11T18:50:07.141844,81.00,100.00,81.00,77.90
2026-05-11T18:50:07.844650,57.70,100.00,55.40,53.90
2026-05-11T18:50:08.547197,30.70,100.00,30.70,25.40
2026-05-11T18:50:09.250244,59.10,100.00,60.00,58.50
2026-05-11T18:50:09.956332,76.50,100.00,76.10,73.30
2026-05-11T18:50:10.660983,86.60,100.00,85.00,81.00
2026-05-11T18:50:11.365070,84.00,100.00,84.10,81.00
2026-05-11T18:50:12.069334,77.30,100.00,77.30,74.70
2026-05-11T18:50:12.772117,61.90,100.00,62.40,59.00
2026-05-11T18:50:13.474875,33.80,100.00,35.10,31.50
2026-05-11T18:50:14.178444,81.70,100.00,80.70,77.90
2026-05-11T18:50:14.882371,74.70,100.00,75.00,71.90
2026-05-11T18:50:15.585817,68.90,100.00,69.20,65.90
2026-05-11T18:50:16.289259,71.10,100.00,71.70,69.20
2026-05-11T18:50:16.993268,77.00,100.00,78.20,75.00
2026-05-11T18:50:17.695953,65.00,100.00,64.20,61.70
2026-05-11T18:50:18.398434,16.20,100.00,12.10,9.40
2026-05-11T18:50:19.101151,34.20,100.00,35.40,29.30
2026-05-11T18:50:19.804227,47.00,100.00,49.40,45.90
2026-05-11T18:50:20.507319,58.70,100.00,58.70,57.10
2026-05-11T18:50:21.210362,41.50,100.00,42.90,40.70
2026-05-11T18:50:21.913627,47.10,100.00,47.70,44.00
2026-05-11T18:50:22.616825,53.30,100.00,53.80,50.00
2026-05-11T18:50:23.320508,64.10,100.00,64.10,62.00
2026-05-11T18:50:24.024987,77.60,100.00,76.70,74.40
2026-05-11T18:50:24.728361,73.30,100.00,71.60,68.60
2026-05-11T18:50:25.431635,56.50,100.00,58.30,54.90
2026-05-11T18:50:26.134638,63.80,100.00,63.40,60.90
2026-05-11T18:50:26.838089,73.60,100.00,73.30,71.30
2026-05-11T18:50:27.541933,80.00,100.00,78.60,76.10
2026-05-11T18:50:28.244783,39.50,100.00,41.70,37.50
2026-05-11T18:50:28.947984,52.80,100.00,52.80,50.60
2026-05-11T18:50:29.651033,53.80,100.00,52.20,49.40
2026-05-11T18:50:30.353478,26.40,100.00,27.40,22.90
2026-05-11T18:50:31.056934,64.70,100.00,64.40,62.40
2026-05-11T18:50:31.760768,74.20,100.00,73.90,71.10
2026-05-11T18:50:32.464470,79.10,100.00,77.30,75.30
2026-05-11T18:50:33.167260,50.00,100.00,50.60,47.10
2026-05-11T18:50:33.871174,64.00,100.00,62.80,60.50
2026-05-11T18:50:34.574859,75.90,100.00,76.10,74.20
2026-05-11T18:50:35.278301,75.60,100.00,74.40,73.00
2026-05-11T18:50:35.981024,36.50,100.00,36.50,33.30
2026-05-11T18:50:36.683786,28.80,100.00,28.80,26.40
2026-05-11T18:50:37.387342,62.10,100.00,62.10,59.10
2026-05-11T18:50:38.091633,78.60,100.00,78.20,75.60
2026-05-11T18:50:38.795677,84.10,100.00,84.00,81.90
2026-05-11T18:50:39.500488,87.30,100.00,85.50,82.10
2026-05-11T18:50:40.204004,65.60,100.00,64.80,62.60
2026-05-11T18:50:40.907381,69.30,100.00,69.20,65.60
2026-05-11T18:50:41.611060,70.30,100.00,68.90,68.10
2026-05-11T18:50:42.314112,55.60,100.00,55.40,53.90
2026-05-11T18:50:43.017861,78.60,100.00,78.60,76.20
2026-05-11T18:50:43.721311,77.90,100.00,76.50,75.90
2026-05-11T18:50:44.424667,63.40,100.00,63.00,62.80
2026-05-11T18:50:45.127794,61.30,100.00,62.10,58.40
2026-05-11T18:50:45.830202,43.90,100.00,43.20,40.70
2026-05-11T18:50:46.532730,17.60,100.00,14.90,10.90
2026-05-11T18:50:47.236306,63.70,100.00,64.90,62.20
2026-05-11T18:50:47.939833,59.10,100.00,59.30,56.20
2026-05-11T18:50:48.643311,50.00,100.00,48.90,47.10
2026-05-11T18:50:49.345883,13.00,100.00,9.10,7.60
2026-05-11T18:50:50.048418,11.90,100.00,9.10,3.20
2026-05-11T18:50:50.751482,30.30,100.00,29.30,26.00
2026-05-11T18:50:51.454451,58.50,100.00,58.90,53.40
2026-05-11T18:50:52.158590,81.90,100.00,82.10,78.80
2026-05-11T18:50:52.861904,69.00,100.00,69.30,66.30
2026-05-11T18:50:53.564914,57.30,100.00,57.60,55.20
2026-05-11T18:50:54.269037,77.90,100.00,79.10,74.20
2026-05-11T18:50:54.971830,44.00,100.00,41.10,36.60
2026-05-11T18:50:55.674310,22.20,100.00,20.30,12.50
2026-05-11T18:50:56.376886,22.90,100.00,23.30,17.60
2026-05-11T18:50:57.080101,48.90,100.00,50.60,45.90
2026-05-11T18:50:57.783243,58.20,100.00,57.80,55.60
2026-05-11T18:50:58.486298,67.40,100.00,68.10,64.50
2026-05-11T18:50:59.189272,46.50,100.00,46.00,40.70
2026-05-11T18:50:59.891782,25.30,100.00,24.30,20.80
2026-05-11T18:51:00.594608,21.10,100.00,18.60,16.20
2026-05-11T18:51:01.298911,80.70,100.00,81.00,75.60
2026-05-11T18:51:02.001463,46.20,100.00,46.80,43.40
2026-05-11T18:51:02.705156,42.00,100.00,42.00,36.80
2026-05-11T18:51:03.408458,61.70,100.00,62.10,57.80
2026-05-11T18:51:04.111371,51.10,100.00,51.70,48.30
2026-05-11T18:51:04.814321,51.10,100.00,52.70,48.20
2026-05-11T18:51:05.517417,54.90,100.00,53.80,49.40
2026-05-11T18:51:06.219738,14.50,100.00,9.10,4.70
2026-05-11T18:51:06.923226,44.40,100.00,44.40,42.50
2026-05-11T18:51:07.626428,63.40,100.00,62.40,60.00
2026-05-11T18:51:08.330087,66.30,100.00,66.70,64.10
2026-05-11T18:51:09.033148,61.50,100.00,60.90,58.40
2026-05-11T18:51:09.736647,60.90,100.00,60.90,57.30
2026-05-11T18:51:10.439989,64.80,100.00,65.60,63.30
2026-05-11T18:51:11.143079,59.80,100.00,59.10,54.00
2026-05-11T18:51:11.847712,69.30,100.00,69.70,65.50
2026-05-11T18:51:12.552936,80.70,100.00,81.70,77.40
2026-05-11T18:51:13.255658,50.00,100.00,50.00,46.40
2026-05-11T18:51:13.958735,52.80,100.00,54.30,49.40
2026-05-11T18:51:14.661599,55.60,100.00,56.50,53.40
2026-05-11T18:51:15.364469,57.60,100.00,57.60,54.00
2026-05-11T18:51:16.067351,50.00,100.00,51.10,45.90
2026-05-11T18:51:16.770912,57.50,100.00,59.10,54.10
2026-05-11T18:51:17.474162,70.50,100.00,71.40,68.20
2026-05-11T18:51:18.178309,69.70,100.00,71.40,67.40
2026-05-11T18:51:18.881763,67.80,100.00,68.10,66.70
2026-05-11T18:51:19.586169,63.30,100.00,63.80,61.10
2026-05-11T18:51:20.289277,48.90,100.00,51.10,46.40
2026-05-11T18:51:20.992387,58.70,100.00,58.70,55.10
2026-05-11T18:51:21.696457,65.90,100.00,65.90,63.70
2026-05-11T18:51:22.400328,71.90,100.00,72.40,69.30
2026-05-11T18:51:23.102786,24.60,100.00,25.70,19.40
2026-05-11T18:51:23.806453,46.20,100.00,43.40,41.30
2026-05-11T18:51:24.510865,75.30,100.00,75.90,72.70
2026-05-11T18:51:25.214233,75.60,100.00,75.60,72.70
2026-05-11T18:51:25.918739,82.90,100.00,82.90,79.80
2026-05-11T18:51:26.622789,76.80,100.00,76.80,74.40
2026-05-11T18:51:27.325491,32.90,100.00,33.80,23.20
2026-05-11T18:51:28.028371,45.30,100.00,44.80,40.70
2026-05-11T18:51:28.730963,43.70,100.00,42.90,39.00
2026-05-11T18:51:29.433346,29.50,100.00,27.60,13.60
2026-05-11T18:51:30.135751,27.20,100.00,14.50,9.10
2026-05-11T18:51:30.839610,50.00,100.00,46.20,40.80
2026-05-11T18:51:31.543136,70.00,100.00,71.60,66.70
2026-05-11T18:51:32.245952,29.90,100.00,28.00,20.00
2026-05-11T18:51:32.949334,58.00,100.00,58.60,55.40
2026-05-11T18:51:33.653398,70.00,100.00,69.20,66.70
2026-05-11T18:51:34.356913,69.90,100.00,71.40,66.70
2026-05-11T18:51:35.060435,75.90,100.00,75.90,72.10
2026-05-11T18:51:35.764018,71.60,100.00,72.40,68.20
2026-05-11T18:51:36.467257,64.20,100.00,63.80,59.80
2026-05-11T18:51:37.170926,78.60,100.00,79.10,75.90
2026-05-11T18:51:37.874879,74.20,100.00,75.00,72.70
2026-05-11T18:51:38.579150,66.70,100.00,67.40,63.60
2026-05-11T18:51:39.282016,48.90,100.00,50.50,46.00
2026-05-11T18:51:39.984676,43.50,100.00,46.10,38.30
2026-05-11T18:51:40.688366,54.20,100.00,55.20,51.20
2026-05-11T18:51:41.393506,84.10,100.00,85.00,82.90
2026-05-11T18:51:42.096938,71.60,100.00,70.30,68.90
2026-05-11T18:51:42.800004,62.00,100.00,64.10,60.00
2026-05-11T18:51:43.503418,53.30,100.00,53.30,48.80
2026-05-11T18:51:44.207482,74.40,100.00,74.70,73.00
2026-05-11T18:51:44.911462,65.90,100.00,66.30,63.60
2026-05-11T18:51:45.615271,63.70,100.00,63.80,61.10
2026-05-11T18:51:46.319297,77.40,100.00,78.20,75.30
2026-05-11T18:51:47.023296,73.90,100.00,74.20,71.60
2026-05-11T18:51:47.725885,55.40,100.00,54.90,53.00
2026-05-11T18:51:48.428382,13.00,100.00,9.00,4.70
2026-05-11T18:51:49.131731,69.80,100.00,70.60,68.60
2026-05-11T18:51:49.834608,65.20,100.00,63.30,60.90
2026-05-11T18:51:50.537477,51.70,100.00,53.30,48.20
2026-05-11T18:51:51.241167,62.40,100.00,62.40,59.30
2026-05-11T18:51:51.944306,57.80,100.00,58.70,57.10
2026-05-11T18:51:52.647115,49.40,100.00,51.10,46.40
2026-05-11T18:51:53.349631,21.10,100.00,17.60,12.30
2026-05-11T18:51:54.053500,65.50,100.00,65.50,64.00
2026-05-11T18:51:54.757185,71.60,100.00,73.60,69.70
2026-05-11T18:51:55.460812,71.90,100.00,72.20,68.50
2026-05-11T18:51:56.163609,68.10,100.00,68.50,64.40
2026-05-11T18:51:56.866727,41.00,100.00,40.50,38.20
2026-05-11T18:51:57.569371,15.50,100.00,13.00,9.00
2026-05-11T18:51:58.272319,54.40,100.00,55.90,50.60
2026-05-11T18:51:58.975205,52.80,100.00,55.30,50.00
2026-05-11T18:51:59.678919,58.40,100.00,58.40,54.70
2026-05-11T18:52:00.382766,78.20,100.00,78.80,77.00
2026-05-11T18:52:01.085402,51.80,100.00,50.60,48.10
2026-05-11T18:52:01.788986,55.70,100.00,56.20,52.90
2026-05-11T18:52:02.492304,64.10,100.00,64.50,62.00
2026-05-11T18:52:03.194976,16.20,100.00,12.10,13.60
2026-05-11T18:52:03.898138,42.00,100.00,42.20,38.00
2026-05-11T18:52:04.600946,52.20,100.00,52.20,50.00
2026-05-11T18:52:05.303466,35.90,100.00,35.90,27.80
2026-05-11T18:52:06.007515,64.70,100.00,64.70,63.20
2026-05-11T18:52:06.711114,76.70,100.00,78.20,73.60
2026-05-11T18:52:07.415995,81.20,100.00,81.00,78.80
2026-05-11T18:52:08.120408,77.60,100.00,77.00,74.70
2026-05-11T18:52:08.822849,49.30,100.00,50.70,49.30
2026-05-11T18:52:09.525297,13.20,100.00,9.20,6.30
2026-05-11T18:52:10.228387,62.80,100.00,64.60,61.70
2026-05-11T18:52:10.931374,59.80,100.00,60.20,57.10
2026-05-11T18:52:11.634617,52.90,100.00,54.40,48.80
2026-05-11T18:52:12.337076,25.00,100.00,24.70,15.40
2026-05-11T18:52:13.039454,17.40,100.00,14.90,12.10
2026-05-11T18:52:13.741927,25.70,100.00,21.10,16.40
2026-05-11T18:52:14.444474,38.30,100.00,39.80,32.90
2026-05-11T18:52:15.146967,21.10,100.00,17.40,9.40
2026-05-11T18:52:15.851088,50.60,100.00,51.30,49.40
2026-05-11T18:52:16.554812,77.40,100.00,78.40,77.00
2026-05-11T18:52:17.259395,83.10,100.00,84.10,80.70
2026-05-11T18:52:17.961842,39.20,100.00,36.60,34.70
2026-05-11T18:52:18.664177,20.00,100.00,18.60,14.70
2026-05-11T18:52:19.367168,50.00,100.00,53.30,47.70
2026-05-11T18:52:20.070231,56.70,100.00,56.50,52.80
2026-05-11T18:52:20.773259,63.70,100.00,63.70,61.80
2026-05-11T18:52:21.476375,70.30,100.00,71.10,69.20
2026-05-11T18:52:22.179046,23.90,100.00,21.40,17.60
2026-05-11T18:52:22.883066,57.10,100.00,58.70,54.50
2026-05-11T18:52:23.586827,76.50,100.00,78.00,76.20
2026-05-11T18:52:24.289456,50.60,100.00,52.70,48.30
2026-05-11T18:52:24.993862,75.60,100.00,75.60,72.80
2026-05-11T18:52:25.696479,66.70,100.00,68.70,65.80
2026-05-11T18:52:26.398963,31.20,100.00,29.30,22.90
2026-05-11T18:52:27.102244,62.90,100.00,62.90,61.10
2026-05-11T18:52:27.806333,71.90,100.00,73.00,69.70
2026-05-11T18:52:28.509631,78.20,100.00,80.00,75.60
2026-05-11T18:52:29.213035,81.50,100.00,82.90,78.80
2026-05-11T18:52:29.916282,68.50,100.00,68.50,65.10
2026-05-11T18:52:30.619420,63.40,100.00,64.10,61.50
2026-05-11T18:52:31.322784,84.00,100.00,85.00,81.00
2026-05-11T18:52:32.026165,66.70,100.00,68.10,64.50
2026-05-11T18:52:32.728356,48.20,100.00,48.80,44.40
2026-05-11T18:52:33.430817,10.40,100.00,7.60,4.70
2026-05-11T18:52:34.134075,55.90,100.00,57.00,50.00
2026-05-11T18:52:34.836880,54.30,100.00,54.90,50.00
2026-05-11T18:52:35.540301,51.10,100.00,51.60,45.80
2026-05-11T18:52:36.244418,73.00,100.00,75.00,71.90
2026-05-11T18:52:36.947108,46.20,100.00,46.20,44.20
2026-05-11T18:52:37.649950,38.80,100.00,40.00,35.50
2026-05-11T18:52:38.353214,64.10,100.00,66.00,63.80
2026-05-11T18:52:39.055886,40.70,100.00,39.70,34.70
2026-05-11T18:52:39.759213,43.40,100.00,43.40,40.20
2026-05-11T18:52:40.462234,56.50,100.00,58.50,55.60
2026-05-11T18:52:41.165410,48.90,100.00,48.90,45.90
2026-05-11T18:52:41.868442,59.60,100.00,61.10,56.30
2026-05-11T18:52:42.572186,64.00,100.00,63.60,62.50
2026-05-11T18:52:43.274580,14.50,100.00,6.30,7.60
2026-05-11T18:52:43.978482,57.10,100.00,57.80,53.70
2026-05-11T18:52:44.682155,70.80,100.00,72.50,70.00
2026-05-11T18:52:45.386075,71.10,100.00,71.90,68.90
2026-05-11T18:52:46.089579,76.70,100.00,77.90,73.60
2026-05-11T18:52:46.792560,64.00,100.00,64.70,62.40
2026-05-11T18:52:47.495347,44.00,100.00,45.90,42.20
2026-05-11T18:52:48.198228,39.00,100.00,36.20,32.90
2026-05-11T18:52:48.901031,45.30,100.00,46.00,41.50
2026-05-11T18:52:49.604255,53.30,100.00,53.80,48.80
2026-05-11T18:52:50.308465,70.70,100.00,70.00,68.10
2026-05-11T18:52:51.011350,57.10,100.00,57.80,54.50
2026-05-11T18:52:51.714189,49.40,100.00,51.70,44.60
2026-05-11T18:52:52.417112,39.50,100.00,41.20,34.20
2026-05-11T18:52:53.120145,47.70,100.00,47.70,42.20
2026-05-11T18:52:53.825801,64.70,100.00,65.10,64.00
2026-05-11T18:52:54.532443,84.30,100.00,86.30,81.90
2026-05-11T18:52:55.236086,65.60,100.00,66.30,62.60
2026-05-11T18:52:55.938364,33.30,100.00,33.30,32.90
2026-05-11T18:52:56.640924,14.30,100.00,9.00,7.50
2026-05-11T18:52:57.343151,10.10,100.00,4.60,1.60
2026-05-11T18:52:58.046800,62.80,100.00,62.70,60.70
2026-05-11T18:52:58.749940,71.90,100.00,73.00,69.70
2026-05-11T18:52:59.454201,71.70,100.00,71.40,68.50
2026-05-11T18:53:00.157149,52.20,100.00,53.80,46.40
2026-05-11T18:53:00.859795,42.20,100.00,44.00,36.40
2026-05-11T18:53:01.562664,38.50,100.00,41.50,33.80
2026-05-11T18:53:02.266877,77.60,100.00,78.60,74.10
2026-05-11T18:53:02.970393,69.20,100.00,70.00,65.60
2026-05-11T18:53:03.673200,56.30,100.00,56.80,53.50
2026-05-11T18:53:04.375961,21.10,100.00,18.60,14.70
2026-05-11T18:53:05.079131,53.90,100.00,54.90,50.60
2026-05-11T18:53:05.782566,65.20,100.00,66.30,63.00
2026-05-11T18:53:06.486142,71.60,100.00,73.00,67.80
2026-05-11T18:53:07.189086,20.80,100.00,17.40,12.10
2026-05-11T18:53:07.893117,54.30,100.00,53.20,49.40
2026-05-11T18:53:08.597067,74.70,100.00,77.30,72.70
2026-05-11T18:53:09.301445,81.00,100.00,81.90,78.30
2026-05-11T18:53:10.005943,77.60,100.00,79.10,74.70
2026-05-11T18:53:10.709835,75.00,100.00,75.30,73.60
2026-05-11T18:53:11.413893,77.60,100.00,78.60,74.70
2026-05-11T18:53:12.117307,80.00,100.00,82.10,77.90
2026-05-11T18:53:12.820640,78.80,100.00,78.60,75.60
2026-05-11T18:53:13.525503,75.00,100.00,75.30,73.00
2026-05-11T18:53:14.228860,74.20,100.00,74.40,72.20
2026-05-11T18:53:14.931486,42.90,100.00,43.60,37.80
2026-05-11T18:53:15.634191,31.20,100.00,28.40,20.60
2026-05-11T18:53:16.337046,52.20,100.00,52.20,50.60
2026-05-11T18:53:17.040118,58.10,100.00,57.60,55.60
2026-05-11T18:53:17.744008,62.90,100.00,64.10,61.50
2026-05-11T18:53:18.447654,74.70,100.00,75.00,71.90
2026-05-11T18:53:19.150786,56.50,100.00,57.00,54.40
2026-05-11T18:53:19.855559,70.90,100.00,72.40,70.90
2026-05-11T18:53:20.561455,81.90,100.00,83.10,78.30
2026-05-11T18:53:21.264939,55.40,100.00,54.30,52.20
2026-05-11T18:53:21.967978,56.00,100.00,55.60,52.30
2026-05-11T18:53:22.670716,54.40,100.00,53.80,51.70
2026-05-11T18:53:23.373838,55.10,100.00,56.50,55.40
2026-05-11T18:53:24.076470,41.70,100.00,42.40,36.40
2026-05-11T18:53:24.779063,31.60,100.00,32.50,25.40
2026-05-11T18:53:25.481682,17.40,100.00,17.40,12.10
2026-05-11T18:53:26.185945,84.10,100.00,84.10,82.10
2026-05-11T18:53:26.888892,69.30,100.00,69.00,66.30
2026-05-11T18:53:27.591904,58.70,100.00,59.80,55.20
2026-05-11T18:53:28.295840,79.80,100.00,80.00,79.10
2026-05-11T18:53:28.999237,58.60,100.00,57.50,55.80
2026-05-11T18:53:29.703045,57.80,100.00,58.20,54.00
2026-05-11T18:53:30.407013,78.80,100.00,78.80,76.50
2026-05-11T18:53:31.110418,75.30,100.00,75.90,71.60
2026-05-11T18:53:31.813741,71.60,100.00,73.00,70.30
2026-05-11T18:53:32.517354,73.90,100.00,71.90,69.70
2026-05-11T18:53:33.221192,80.70,100.00,82.10,77.60
2026-05-11T18:53:33.923623,45.30,100.00,43.80,41.10
2026-05-11T18:53:34.626278,31.10,100.00,27.80,26.40
2026-05-11T18:53:35.330376,66.70,100.00,67.00,65.60
2026-05-11T18:53:36.034432,80.70,100.00,80.20,77.40
2026-05-11T18:53:36.738117,76.50,100.00,76.20,74.10
2026-05-11T18:53:37.441015,60.20,100.00,60.20,57.10
2026-05-11T18:53:38.144017,50.60,100.00,52.20,47.10
2026-05-11T18:53:38.846550,40.70,100.00,40.20,35.10
2026-05-11T18:53:39.548915,30.80,100.00,28.40,23.60
2026-05-11T18:53:40.251634,44.70,100.00,42.90,35.10
2026-05-11T18:53:40.954643,48.30,100.00,50.00,45.20
2026-05-11T18:53:41.657311,47.70,100.00,47.70,42.20
2026-05-11T18:53:42.360318,24.30,100.00,21.10,10.90
2026-05-11T18:53:43.064756,72.00,100.00,73.40,69.10
2026-05-11T18:53:43.767455,68.60,100.00,70.50,66.70
2026-05-11T18:53:44.470294,52.20,100.00,52.70,46.50
2026-05-11T18:53:45.174119,79.80,100.00,80.70,76.20
2026-05-11T18:53:45.877211,67.80,100.00,67.80,67.00
2026-05-11T18:53:46.580436,56.50,100.00,57.40,52.90
2026-05-11T18:53:47.284419,68.50,100.00,69.90,66.70
2026-05-11T18:53:47.987342,61.50,100.00,62.40,58.90
2026-05-11T18:53:48.690480,58.10,100.00,59.60,55.40
2026-05-11T18:53:49.393955,61.70,100.00,62.10,58.40
2026-05-11T18:53:50.097065,67.00,100.00,67.70,64.50
2026-05-11T18:53:50.800346,67.00,100.00,66.70,64.00
2026-05-11T18:53:51.504166,67.70,100.00,70.30,65.60
2026-05-11T18:53:52.207868,77.90,100.00,77.60,75.90
2026-05-11T18:53:52.910497,53.10,100.00,55.30,50.00
2026-05-11T18:53:53.613250,42.90,100.00,40.70,33.30
2026-05-11T18:53:54.316873,62.80,100.00,62.80,59.80
2026-05-11T18:53:55.020090,66.70,100.00,68.50,66.30
2026-05-11T18:53:55.723767,66.70,100.00,65.20,64.80
2026-05-11T18:53:56.426656,58.10,100.00,59.60,55.10
2026-05-11T18:53:57.128932,18.30,100.00,15.70,11.80
2026-05-11T18:53:57.831799,35.80,100.00,32.50,29.30
2026-05-11T18:53:58.534615,51.60,100.00,52.20,50.00
2026-05-11T18:53:59.237065,12.70,100.00,7.40,3.10
2026-05-11T18:53:59.941220,43.40,100.00,43.20,41.50
2026-05-11T18:54:00.644999,61.30,100.00,61.30,59.30
2026-05-11T18:54:01.348642,62.40,100.00,63.80,60.90
2026-05-11T18:54:02.052819,82.50,100.00,82.70,81.00
2026-05-11T18:54:02.755714,69.50,100.00,69.10,64.60
2026-05-11T18:54:03.458472,41.50,100.00,43.50,38.00
2026-05-11T18:54:04.161477,76.70,100.00,77.60,73.60
2026-05-11T18:54:04.864764,64.00,100.00,65.10,61.60
2026-05-11T18:54:05.567594,49.40,100.00,49.40,46.40
2026-05-11T18:54:06.270625,67.00,100.00,68.10,65.20
2026-05-11T18:54:06.973912,70.80,100.00,72.20,68.90
2026-05-11T18:54:07.677135,66.70,100.00,66.30,63.50
2026-05-11T18:54:08.379660,36.70,100.00,38.30,33.80
2026-05-11T18:54:09.083556,74.40,100.00,74.70,72.00
2026-05-11T18:54:09.787218,77.60,100.00,78.60,76.10
2026-05-11T18:54:10.491250,78.80,100.00,78.60,75.60
2026-05-11T18:54:11.195165,74.20,100.00,74.20,70.50
2026-05-11T18:54:11.898757,76.50,100.00,77.30,74.20
2026-05-11T18:54:12.602014,74.70,100.00,73.60,71.60
2026-05-11T18:54:13.304677,51.60,100.00,52.70,47.10
2026-05-11T18:54:14.007464,40.00,100.00,42.20,37.20
2026-05-11T18:54:14.710062,33.30,100.00,35.00,27.40
2026-05-11T18:54:15.412739,21.10,100.00,18.80,13.60
2026-05-11T18:54:16.116210,73.80,100.00,73.80,70.60
2026-05-11T18:54:16.818675,50.60,100.00,48.70,48.10
2026-05-11T18:54:17.521110,15.30,100.00,7.70,6.20
2026-05-11T18:54:18.224384,64.10,100.00,64.20,59.80
2026-05-11T18:54:18.927933,60.20,100.00,60.20,57.60
2026-05-11T18:54:19.630856,55.60,100.00,54.90,52.90
2026-05-11T18:54:20.333447,44.70,100.00,45.30,38.00
2026-05-11T18:54:21.036321,59.30,100.00,60.20,55.20
2026-05-11T18:54:21.739629,63.00,100.00,63.40,62.00
2026-05-11T18:54:22.442901,61.30,100.00,62.50,58.70
2026-05-11T18:54:23.147056,77.90,100.00,78.80,76.10
2026-05-11T18:54:23.849588,52.50,100.00,50.60,51.30
2026-05-11T18:54:24.552657,24.30,100.00,20.90,20.60
2026-05-11T18:54:25.257832,77.90,100.00,78.40,75.00
2026-05-11T18:54:25.960717,58.60,100.00,57.60,57.00
2026-05-11T18:54:26.663468,48.80,100.00,53.30,48.30
2026-05-11T18:54:27.366977,60.00,100.00,59.60,56.00
2026-05-11T18:54:28.069463,35.10,100.00,38.70,34.20
2026-05-11T18:54:28.773915,55.00,100.00,55.00,51.30
2026-05-11T18:54:29.477490,84.10,100.00,86.40,82.90
2026-05-11T18:54:30.180356,52.70,100.00,54.30,48.80
2026-05-11T18:54:30.884444,62.00,100.00,60.90,57.30
2026-05-11T18:54:31.587499,67.00,100.00,68.50,64.00
2026-05-11T18:54:32.290656,54.40,100.00,56.40,53.30
2026-05-11T18:54:32.994688,70.10,100.00,70.80,66.70
2026-05-11T18:54:33.697051,60.20,100.00,61.00,58.00
2026-05-11T18:54:34.399425,13.20,100.00,10.40,7.70
2026-05-11T18:54:35.102348,61.10,100.00,62.20,57.50
2026-05-11T18:54:35.805715,65.60,100.00,66.70,64.10
2026-05-11T18:54:36.509221,67.70,100.00,68.10,65.20
2026-05-11T18:54:37.212714,63.70,100.00,65.30,62.00
2026-05-11T18:54:37.915619,64.40,100.00,67.00,63.30
2026-05-11T18:54:38.618731,65.60,100.00,65.20,64.00
2026-05-11T18:54:39.321677,55.40,100.00,56.50,52.90
2026-05-11T18:54:40.024834,63.30,100.00,65.60,61.10
2026-05-11T18:54:40.727438,57.10,100.00,56.80,52.90
2026-05-11T18:54:41.430374,32.50,100.00,33.30,26.00
2026-05-11T18:54:42.134026,64.80,100.00,65.60,62.20
2026-05-11T18:54:42.837221,59.30,100.00,61.70,58.00
2026-05-11T18:54:43.540316,52.70,100.00,52.70,48.90
2026-05-11T18:54:44.243674,56.70,100.00,57.60,55.10
2026-05-11T18:54:44.947159,62.80,100.00,61.50,60.20
2026-05-11T18:54:45.650364,65.60,100.00,65.20,64.50
2026-05-11T18:54:46.353828,69.60,100.00,70.30,65.90
2026-05-11T18:54:47.056429,47.60,100.00,49.40,44.60
2026-05-11T18:54:47.760144,52.30,100.00,52.90,50.00
2026-05-11T18:54:48.463213,69.90,100.00,71.00,67.80
2026-05-11T18:54:49.166380,62.00,100.00,62.10,60.20
2026-05-11T18:54:49.870349,68.90,100.00,70.00,67.40
2026-05-11T18:54:50.574061,77.00,100.00,77.30,75.30
2026-05-11T18:54:51.277236,60.90,100.00,62.10,57.80
2026-05-11T18:54:51.981304,77.60,100.00,78.30,76.50
2026-05-11T18:54:52.685895,68.80,100.00,68.40,65.40
2026-05-11T18:54:53.388485,21.90,100.00,18.30,9.40
2026-05-11T18:54:54.119256,75.90,56.20,75.60,69.90
2026-05-11T18:54:55.135269,87.60,95.00,86.10,87.70
2026-05-11T18:54:55.838428,72.20,100.00,71.90,69.00
2026-05-11T18:54:56.541600,61.30,100.00,61.70,55.70
2026-05-11T18:54:57.244799,60.20,100.00,60.60,56.80
2026-05-11T18:54:57.947684,58.10,100.00,58.30,51.20
2026-05-11T18:54:58.650447,49.40,100.00,48.30,45.90
2026-05-11T18:54:59.352687,6.00,100.00,7.40,4.50
2026-05-11T18:55:00.055355,41.00,100.00,39.80,33.30
2026-05-11T18:55:00.758211,49.40,100.00,50.60,45.90
2026-05-11T18:55:01.461318,45.90,100.00,47.70,42.20
2026-05-11T18:55:02.165201,67.40,100.00,66.70,62.90
2026-05-11T18:55:02.868513,60.20,100.00,62.10,55.20
2026-05-11T18:55:03.571427,54.40,100.00,53.90,48.80
2026-05-11T18:55:04.275243,65.20,100.00,64.90,60.00
2026-05-11T18:55:04.978364,58.10,100.00,57.60,51.80
2026-05-11T18:55:05.681986,61.80,100.00,60.70,54.20
2026-05-11T18:55:06.385324,82.90,100.00,82.10,76.20
2026-05-11T18:55:07.089296,71.40,100.00,68.90,65.50
2026-05-11T18:55:07.792750,65.20,100.00,66.30,62.20
2026-05-11T18:55:08.495453,62.50,100.00,62.00,56.20
2026-05-11T18:55:09.199069,67.40,100.00,66.70,60.50
2026-05-11T18:55:09.902158,55.20,100.00,54.00,47.60
2026-05-11T18:55:10.604942,48.90,100.00,48.90,39.70
2026-05-11T18:55:11.308640,69.80,100.00,70.80,64.80
2026-05-11T18:55:12.012648,75.00,100.00,75.00,70.50
2026-05-11T18:55:12.715385,67.10,100.00,66.30,59.00
2026-05-11T18:55:13.418310,46.00,100.00,47.80,38.80
2026-05-11T18:55:14.121261,54.80,100.00,55.30,44.40
2026-05-11T18:55:14.825402,66.70,100.00,67.00,59.80
2026-05-11T18:55:15.529198,81.70,100.00,81.30,75.00
2026-05-11T18:55:16.231629,14.70,100.00,13.20,6.30
2026-05-11T18:55:16.934074,21.10,100.00,22.20,14.90
2026-05-11T18:55:17.637065,22.20,100.00,22.20,10.80
2026-05-11T18:55:18.339493,4.50,100.00,4.50,3.00
2026-05-11T18:55:19.042447,39.30,100.00,37.80,28.80
2026-05-11T18:55:19.744898,38.30,100.00,38.30,28.40
2026-05-11T18:55:20.447124,20.80,100.00,18.60,11.90
2026-05-11T18:55:21.152017,77.80,100.00,77.10,72.30
2026-05-11T18:55:21.855421,75.60,100.00,75.90,70.50
2026-05-11T18:55:22.559152,70.70,100.00,69.90,64.00
2026-05-11T18:55:23.262679,71.10,100.00,71.40,65.60
2026-05-11T18:55:23.965364,59.60,100.00,57.80,51.20
2026-05-11T18:55:24.668296,59.80,100.00,61.50,53.10
2026-05-11T18:55:25.371835,85.20,100.00,82.90,75.60
2026-05-11T18:55:26.075209,75.90,100.00,76.70,69.00
2026-05-11T18:55:26.778072,66.30,100.00,65.60,57.60
2026-05-11T18:55:27.481030,54.80,100.00,54.80,46.30
2026-05-11T18:55:28.183753,50.60,100.00,51.10,41.30
2026-05-11T18:55:28.886397,53.80,100.00,55.30,43.20
2026-05-11T18:55:29.589285,49.40,100.00,48.90,39.70
2026-05-11T18:55:30.291858,13.40,100.00,13.40,4.80
2026-05-11T18:55:30.996394,62.50,100.00,62.20,57.50
2026-05-11T18:55:31.699659,80.00,100.00,79.80,74.70
2026-05-11T18:55:32.403161,75.60,100.00,75.60,68.60
2026-05-11T18:55:33.106336,63.80,100.00,64.20,56.80
2026-05-11T18:55:33.810868,68.60,100.00,68.60,59.80
2026-05-11T18:55:34.514055,78.30,100.00,77.90,72.40
2026-05-11T18:55:35.217588,67.40,100.00,67.80,60.90
2026-05-11T18:55:35.920457,61.10,100.00,62.40,55.20
2026-05-11T18:55:36.623109,55.10,100.00,56.20,47.60
2026-05-11T18:55:37.325461,35.40,100.00,33.30,22.90
2026-05-11T18:55:38.028662,37.50,100.00,39.00,27.80
2026-05-11T18:55:38.731267,42.70,100.00,44.00,36.70
2026-05-11T18:55:39.434256,48.20,100.00,48.30,39.20
2026-05-11T18:55:40.137437,58.20,100.00,58.70,48.10
2026-05-11T18:55:40.840965,68.90,100.00,70.00,63.20
2026-05-11T18:55:41.544054,77.60,100.00,77.00,70.10
2026-05-11T18:55:42.247674,69.90,100.00,69.90,63.60
2026-05-11T18:55:42.951346,71.10,100.00,70.80,64.40
2026-05-11T18:55:43.655426,74.70,100.00,75.00,70.00
2026-05-11T18:55:44.359650,87.30,100.00,86.40,80.00
2026-05-11T18:55:45.062757,67.00,100.00,66.30,57.80
2026-05-11T18:55:45.767140,68.60,100.00,67.80,62.90
2026-05-11T18:55:46.471346,80.20,100.00,79.80,73.30
2026-05-11T18:55:47.174968,64.50,100.00,64.90,59.10
2026-05-11T18:55:47.878608,67.70,100.00,66.70,61.80
2026-05-11T18:55:48.582343,68.50,100.00,67.70,62.50
2026-05-11T18:55:49.285637,65.60,100.00,65.60,58.60
2026-05-11T18:55:49.990177,77.30,100.00,77.00,69.70
2026-05-11T18:55:50.694331,80.70,100.00,81.00,75.00
2026-05-11T18:55:51.398408,83.10,100.00,82.10,76.70
2026-05-11T18:55:52.101313,58.40,100.00,58.00,50.60
2026-05-11T18:55:52.804184,49.40,100.00,50.00,41.80
2026-05-11T18:55:53.507051,42.20,100.00,44.80,31.10
2026-05-11T18:55:54.210068,55.40,100.00,54.80,47.00
2026-05-11T18:55:54.912289,30.30,100.00,31.60,22.20
2026-05-11T18:55:55.614743,24.00,100.00,17.60,13.40
2026-05-11T18:55:56.318004,69.20,100.00,69.60,61.80
2026-05-11T18:55:57.021219,62.00,100.00,63.20,54.10
2026-05-11T18:55:57.724162,55.10,100.00,54.90,46.30
2026-05-11T18:55:58.426832,42.90,100.00,42.90,33.30
2026-05-11T18:55:59.129222,11.60,100.00,13.00,8.80
2026-05-11T18:55:59.832463,30.30,100.00,28.90,26.00
2026-05-11T18:56:00.535433,51.70,100.00,52.70,42.00
2026-05-11T18:56:01.238279,43.50,100.00,42.90,32.40
2026-05-11T18:56:01.941738,57.30,100.00,57.30,49.40
2026-05-11T18:56:02.645480,63.40,100.00,63.40,56.30
2026-05-11T18:56:03.348788,66.30,100.00,67.70,60.20
2026-05-11T18:56:04.051297,28.40,100.00,26.00,22.50
2026-05-11T18:56:04.754608,41.90,100.00,41.10,37.00
2026-05-11T18:56:05.457978,77.60,100.00,77.00,71.60
2026-05-11T18:56:06.160478,12.90,100.00,10.30,7.50
2026-05-11T18:56:06.863723,32.10,100.00,32.10,23.30
2026-05-11T18:56:07.566540,48.30,100.00,48.90,38.20
2026-05-11T18:56:08.269062,22.50,100.00,21.40,12.30
2026-05-11T18:56:08.971989,22.50,100.00,21.10,9.40
2026-05-11T18:56:09.674464,21.10,100.00,17.60,10.80
2026-05-11T18:56:10.376892,14.50,100.00,11.90,6.30
2026-05-11T18:56:11.079371,22.20,100.00,17.60,13.60
2026-05-11T18:56:11.781946,19.40,100.00,22.50,13.60
2026-05-11T18:56:12.484333,22.90,100.00,22.50,12.50
2026-05-11T18:56:13.187285,83.10,100.00,83.70,77.40
2026-05-11T18:56:13.891643,78.80,100.00,78.20,72.10
2026-05-11T18:56:14.595133,77.90,100.00,77.60,70.90
2026-05-11T18:56:15.298673,80.00,100.00,77.90,70.90
2026-05-11T18:56:16.002296,68.10,100.00,69.60,63.20
2026-05-11T18:56:16.705340,69.20,100.00,68.90,61.60
2026-05-11T18:56:17.409267,73.00,100.00,73.30,67.40
2026-05-11T18:56:18.112908,63.80,100.00,63.80,58.00
2026-05-11T18:56:18.815447,47.00,100.00,48.20,41.30
2026-05-11T18:56:19.518282,22.50,100.00,22.50,16.40
2026-05-11T18:56:20.221577,57.00,100.00,56.00,50.00
2026-05-11T18:56:20.924340,66.30,100.00,67.70,61.20
2026-05-11T18:56:21.627201,74.20,100.00,74.70,70.00
2026-05-11T18:56:22.331478,79.30,100.00,78.40,72.70
2026-05-11T18:56:23.034743,58.40,100.00,59.30,50.60
2026-05-11T18:56:23.737168,48.30,100.00,49.40,37.70
2026-05-11T18:56:24.440074,39.50,100.00,38.00,26.10
2026-05-11T18:56:25.143999,63.30,100.00,64.90,56.30
2026-05-11T18:56:25.847733,65.60,100.00,66.70,60.50
2026-05-11T18:56:26.551277,65.60,100.00,65.20,58.60
2026-05-11T18:56:27.253967,43.40,100.00,44.20,31.50
2026-05-11T18:56:27.957887,62.50,100.00,61.20,54.90
2026-05-11T18:56:28.661387,72.40,100.00,73.60,67.80
2026-05-11T18:56:29.365134,81.00,100.00,80.70,72.90
2026-05-11T18:56:30.067936,36.50,100.00,33.30,26.50
2026-05-11T18:56:30.770277,18.80,100.00,19.70,10.80
2026-05-11T18:56:31.472552,15.70,100.00,11.90,7.70
2026-05-11T18:56:32.174934,17.40,100.00,14.90,9.20
2026-05-11T18:56:32.877415,27.00,100.00,27.00,13.80
2026-05-11T18:56:33.580106,38.30,100.00,38.30,28.20
2026-05-11T18:56:34.283467,66.30,100.00,66.30,58.60
2026-05-11T18:56:34.985951,32.50,100.00,27.80,23.60
2026-05-11T18:56:35.688268,32.00,100.00,30.10,25.70
2026-05-11T18:56:36.391757,71.90,100.00,71.10,65.20
2026-05-11T18:56:37.094293,21.70,100.00,19.10,17.60
2026-05-11T18:56:37.796884,15.70,100.00,10.60,6.30
2026-05-11T18:56:38.499199,18.60,100.00,13.60,7.80
2026-05-11T18:56:39.202126,50.60,100.00,52.20,43.20
2026-05-11T18:56:39.905157,48.30,100.00,49.40,42.20
2026-05-11T18:56:40.607822,48.90,100.00,48.90,38.50
2026-05-11T18:56:41.310633,43.40,100.00,45.30,35.50
2026-05-11T18:56:42.014070,58.20,100.00,58.50,51.20
2026-05-11T18:56:42.717282,58.10,100.00,60.00,52.90
2026-05-11T18:56:43.420416,53.30,100.00,53.80,47.00
2026-05-11T18:56:44.122895,20.80,100.00,15.90,11.90
2026-05-11T18:56:44.826261,43.80,100.00,40.80,36.80
2026-05-11T18:56:45.530010,69.60,100.00,70.20,65.90
2026-05-11T18:56:46.234421,81.00,100.00,81.00,76.10
2026-05-11T18:56:46.938418,80.20,100.00,79.10,75.60
2026-05-11T18:56:47.641890,68.30,100.00,68.70,64.60
2026-05-11T18:56:48.344333,25.70,100.00,23.90,13.80
2026-05-11T18:56:49.047319,58.00,100.00,58.00,51.80
2026-05-11T18:56:49.750624,64.50,100.00,65.60,58.40
2026-05-11T18:56:50.453799,63.80,100.00,63.80,57.30
2026-05-11T18:56:51.157280,62.80,100.00,63.50,57.30
2026-05-11T18:56:51.861010,63.40,100.00,64.60,57.80
2026-05-11T18:56:52.564799,64.10,100.00,65.60,59.10
2026-05-11T18:56:53.269217,82.10,100.00,82.10,76.70
2026-05-11T18:56:53.972888,68.50,100.00,67.70,62.50
2026-05-11T18:56:54.675938,57.30,100.00,59.30,52.30
2026-05-11T18:56:55.378668,48.30,100.00,50.00,39.70
2026-05-11T18:56:56.081273,22.90,100.00,21.40,15.40
2026-05-11T18:56:56.785018,39.70,100.00,40.50,33.30
2026-05-11T18:56:57.488278,62.00,100.00,63.40,56.30
2026-05-11T18:56:58.192365,76.10,100.00,75.60,70.80
2026-05-11T18:56:58.896302,76.10,100.00,76.10,70.10
2026-05-11T18:56:59.600167,75.00,100.00,74.20,68.50
2026-05-11T18:57:00.303950,75.00,100.00,75.30,70.10
2026-05-11T18:57:01.008053,78.80,100.00,78.80,71.60
2026-05-11T18:57:01.710409,63.30,100.00,63.30,59.50
2026-05-11T18:57:02.412955,14.90,100.00,13.40,7.80
2026-05-11T18:57:03.116929,66.70,100.00,66.70,60.70
2026-05-11T18:57:03.820399,72.50,100.00,72.50,66.30
2026-05-11T18:57:04.524319,72.70,100.00,71.90,67.80
2026-05-11T18:57:05.227629,75.00,100.00,75.60,69.70
2026-05-11T18:57:05.931201,73.30,100.00,73.30,66.70
2026-05-11T18:57:06.634280,71.90,100.00,71.90,67.80
2026-05-11T18:57:07.337756,82.10,100.00,83.10,76.70
2026-05-11T18:57:08.041655,81.00,100.00,81.00,73.50
2026-05-11T18:57:08.745603,74.40,100.00,75.00,68.90
2026-05-11T18:57:09.449030,67.00,100.00,66.70,59.50
2026-05-11T18:57:10.152014,41.50,100.00,40.70,32.40
2026-05-11T18:57:10.855113,52.30,100.00,53.40,41.30
2026-05-11T18:57:11.558213,62.00,100.00,62.40,56.80
2026-05-11T18:57:12.261319,60.20,100.00,60.20,55.10
2026-05-11T18:57:12.965397,68.10,100.00,68.50,61.80
2026-05-11T18:57:13.669060,73.60,100.00,73.00,68.50
2026-05-11T18:57:14.372852,86.20,100.00,87.50,79.80
2026-05-11T18:57:15.076261,66.30,100.00,65.20,60.20
2026-05-11T18:57:15.779187,64.10,100.00,64.50,59.60
2026-05-11T18:57:16.482919,70.30,100.00,69.60,64.00
2026-05-11T18:57:17.186072,54.90,100.00,55.90,47.00
2026-05-11T18:57:17.889014,49.40,100.00,50.60,40.50
2026-05-11T18:57:18.591452,44.00,100.00,45.30,35.50
2026-05-11T18:57:19.294184,35.90,100.00,36.70,26.80
2026-05-11T18:57:19.996667,31.60,100.00,31.60,22.10
2026-05-11T18:57:20.699224,29.20,100.00,28.80,23.20
2026-05-11T18:57:21.402034,27.40,100.00,29.30,18.50
2026-05-11T18:57:22.104676,38.50,100.00,40.00,29.60
2026-05-11T18:57:22.808658,56.00,100.00,55.30,48.70
2026-05-11T18:57:23.511979,73.30,100.00,72.50,67.80
2026-05-11T18:57:24.216110,79.80,100.00,80.00,73.30
2026-05-11T18:57:24.920189,53.10,100.00,52.50,45.30
2026-05-11T18:57:25.623258,31.10,100.00,32.90,22.10
2026-05-11T18:57:26.325969,24.70,100.00,21.40,15.20
2026-05-11T18:57:27.029608,64.70,100.00,65.10,57.80
2026-05-11T18:57:27.732483,67.40,100.00,67.00,59.80
2026-05-11T18:57:28.435156,55.60,100.00,55.90,45.70
2026-05-11T18:57:29.137678,42.90,100.00,43.50,32.40
2026-05-11T18:57:29.841012,48.80,100.00,49.40,38.20
2026-05-11T18:57:30.544094,57.40,100.00,57.40,48.20
2026-05-11T18:57:31.247346,60.90,100.00,61.10,52.90
2026-05-11T18:57:31.950011,53.40,100.00,54.40,45.00
2026-05-11T18:57:32.652842,54.50,100.00,55.10,46.30
2026-05-11T18:57:33.356058,72.20,100.00,72.50,66.70
2026-05-11T18:57:34.059331,81.90,100.00,81.70,75.30
2026-05-11T18:57:34.762294,69.90,100.00,70.60,62.20
2026-05-11T18:57:35.465214,51.70,100.00,53.30,41.80
2026-05-11T18:57:36.168421,70.00,100.00,70.70,64.40
2026-05-11T18:57:36.871724,69.20,100.00,69.20,63.30
2026-05-11T18:57:37.575109,67.80,100.00,67.70,63.70
2026-05-11T18:57:38.278062,51.10,100.00,52.20,40.50
2026-05-11T18:57:38.981650,70.90,100.00,71.80,65.50
2026-05-11T18:57:39.685012,66.70,100.00,67.10,60.50
2026-05-11T18:57:40.387409,21.10,100.00,21.10,13.40
2026-05-11T18:57:41.092125,74.10,100.00,73.20,67.50
2026-05-11T18:57:41.794886,62.50,100.00,62.20,54.50
2026-05-11T18:57:42.497301,38.30,100.00,39.50,26.80
2026-05-11T18:57:43.200165,52.30,100.00,53.30,40.30
2026-05-11T18:57:43.903498,62.00,100.00,61.50,54.10
2026-05-11T18:57:44.606782,59.30,100.00,59.80,55.30
2026-05-11T18:57:45.309183,10.30,100.00,7.50,3.10
2026-05-11T18:57:46.012278,48.90,100.00,48.30,40.70
2026-05-11T18:57:46.715093,54.40,100.00,54.40,46.30
2026-05-11T18:57:47.417856,47.70,100.00,48.30,33.30
2026-05-11T18:57:48.121467,69.80,100.00,70.70,64.80
2026-05-11T18:57:48.825854,81.90,100.00,80.20,75.60
2026-05-11T18:57:49.531219,86.40,100.00,85.00,77.40
2026-05-11T18:57:50.234201,54.40,100.00,55.90,45.10
2026-05-11T18:57:50.937407,58.90,100.00,58.70,50.60
2026-05-11T18:57:51.640646,63.40,100.00,64.60,59.30
2026-05-11T18:57:52.343945,65.20,100.00,65.20,59.60
2026-05-11T18:57:53.046954,70.00,100.00,69.60,65.90
2026-05-11T18:57:53.749647,62.90,100.00,63.30,54.80
2026-05-11T18:57:54.452301,52.30,100.00,54.30,45.80
2026-05-11T18:57:55.154917,27.00,100.00,26.00,16.70
2026-05-11T18:57:55.858378,53.70,100.00,53.10,46.80
2026-05-11T18:57:56.561316,74.20,100.00,74.20,67.80
2026-05-11T18:57:57.264637,71.40,100.00,71.40,66.70
2026-05-11T18:57:57.968729,76.70,100.00,76.70,70.10
2026-05-11T18:57:58.674449,75.90,100.00,75.30,68.60
2026-05-11T18:57:59.377813,59.80,100.00,61.50,54.00
2026-05-11T18:58:00.080675,36.40,100.00,38.00,27.80
2026-05-11T18:58:00.783664,43.70,100.00,45.20,35.10
2026-05-11T18:58:01.486673,58.70,100.00,60.80,53.40
2026-05-11T18:58:02.189029,14.70,100.00,9.40,7.70
2026-05-11T18:58:02.891780,42.70,100.00,41.50,34.70
2026-05-11T18:58:03.595465,61.80,100.00,63.00,57.80
2026-05-11T18:58:04.299716,83.10,100.00,84.00,77.60
2026-05-11T18:58:05.001855,32.90,100.00,30.60,25.70
2026-05-11T18:58:05.705353,31.10,100.00,32.90,27.40
2026-05-11T18:58:06.409114,75.60,100.00,75.30,69.00
2026-05-11T18:58:07.111883,54.90,100.00,55.60,46.30
2026-05-11T18:58:07.814409,41.80,100.00,45.30,35.50
2026-05-11T18:58:08.517378,32.50,100.00,35.40,24.30
2026-05-11T18:58:09.220058,50.60,100.00,52.70,43.20
2026-05-11T18:58:09.923893,62.80,100.00,64.00,56.10
2026-05-11T18:58:10.628032,72.70,100.00,72.20,65.50
2026-05-11T18:58:11.331363,71.10,100.00,70.00,63.20
2026-05-11T18:58:12.034145,70.80,100.00,70.30,63.60
2026-05-11T18:58:12.736935,70.70,100.00,72.00,65.20
2026-05-11T18:58:13.439706,67.40,100.00,68.10,62.50
2026-05-11T18:58:14.142476,49.40,100.00,50.60,39.00
2026-05-11T18:58:14.845092,34.60,100.00,34.60,24.60
2026-05-11T18:58:15.547853,23.30,100.00,21.10,12.10
2026-05-11T18:58:16.250606,43.90,100.00,45.30,36.00
2026-05-11T18:58:16.953243,31.60,100.00,31.60,20.30
2026-05-11T18:58:17.656260,32.50,100.00,33.30,20.60
2026-05-11T18:58:18.359418,54.40,100.00,54.30,45.80
2026-05-11T18:58:19.062801,60.20,100.00,61.70,52.40
2026-05-11T18:58:19.765612,54.50,100.00,53.40,43.60
2026-05-11T18:58:20.468394,45.90,100.00,47.70,33.80
2026-05-11T18:58:21.171975,65.90,100.00,66.70,58.60
2026-05-11T18:58:21.876479,73.90,100.00,73.90,67.80
2026-05-11T18:58:22.580613,75.90,100.00,74.70,69.80
2026-05-11T18:58:23.283368,55.40,100.00,56.80,47.00
2026-05-11T18:58:23.987062,69.00,100.00,69.30,61.90
2026-05-11T18:58:24.690855,78.80,100.00,78.20,71.30
2026-05-11T18:58:25.394756,81.90,100.00,81.50,74.10
2026-05-11T18:58:26.098039,66.30,100.00,67.00,59.10
2026-05-11T18:58:26.802709,73.00,100.00,73.00,65.90
2026-05-11T18:58:27.506106,86.30,100.00,85.20,78.80
2026-05-11T18:58:28.209345,78.80,100.00,78.80,70.90
2026-05-11T18:58:28.912613,76.10,100.00,75.00,70.10
2026-05-11T18:58:29.616307,68.60,100.00,68.60,61.90
2026-05-11T18:58:30.318900,31.10,100.00,31.60,20.60
2026-05-11T18:58:31.021185,22.50,100.00,24.30,12.50
2026-05-11T18:58:31.723854,26.00,100.00,26.00,15.20
2026-05-11T18:58:32.426429,36.70,100.00,39.00,25.70
2026-05-11T18:58:33.129364,59.10,100.00,58.70,51.20
2026-05-11T18:58:33.833415,67.80,100.00,68.80,60.70
2026-05-11T18:58:34.537415,71.80,100.00,72.10,66.70
2026-05-11T18:58:35.240002,28.40,100.00,28.40,16.70
2026-05-11T18:58:35.942808,45.20,100.00,44.70,34.70
2026-05-11T18:58:36.645304,46.50,100.00,47.10,38.50
2026-05-11T18:58:37.347832,10.60,100.00,9.20,4.70
2026-05-11T18:58:38.050415,47.70,100.00,48.90,37.20
2026-05-11T18:58:38.753821,62.40,100.00,63.60,55.60
2026-05-11T18:58:39.457904,84.10,100.00,84.10,77.60
2026-05-11T18:58:40.161185,76.50,100.00,77.60,70.90
2026-05-11T18:58:40.864424,73.60,100.00,73.60,67.80
2026-05-11T18:58:41.567663,67.00,100.00,68.50,61.40
2026-05-11T18:58:42.270466,78.60,100.00,78.20,71.80
2026-05-11T18:58:42.972817,36.50,100.00,36.50,31.90
2026-05-11T18:58:43.675216,19.70,100.00,17.10,10.60
2026-05-11T18:58:44.378030,39.00,100.00,37.50,23.50
2026-05-11T18:58:45.080394,15.90,100.00,14.50,7.60
2026-05-11T18:58:45.783423,23.30,100.00,24.30,15.90
2026-05-11T18:58:46.486337,36.70,100.00,37.50,23.50
2026-05-11T18:58:47.189564,81.00,100.00,81.00,76.50
2026-05-11T18:58:47.892372,53.80,100.00,56.10,49.30
2026-05-11T18:58:48.595741,41.80,100.00,41.00,33.30
2026-05-11T18:58:49.299639,78.80,100.00,79.30,73.60
2026-05-11T18:58:50.002704,56.80,100.00,58.40,46.80
2026-05-11T18:58:50.704940,40.00,100.00,39.50,31.50
2026-05-11T18:58:51.407350,11.80,100.00,10.40,9.00
2026-05-11T18:58:52.109781,15.50,100.00,10.40,3.10
2026-05-11T18:58:52.812294,32.10,100.00,32.90,27.00
2026-05-11T18:58:53.515067,50.00,100.00,52.70,41.30
2026-05-11T18:58:54.217360,13.00,100.00,10.30,6.20
2026-05-11T18:58:54.920093,18.80,100.00,18.80,10.80
2026-05-11T18:58:55.622737,35.40,100.00,37.00,24.30
2026-05-11T18:58:56.325658,57.00,100.00,57.40,47.00
2026-05-11T18:58:57.028555,50.00,100.00,52.70,42.50
2026-05-11T18:58:57.731400,47.10,100.00,47.10,37.70
2026-05-11T18:58:58.434270,41.00,100.00,43.50,31.10
2026-05-11T18:58:59.137544,61.10,100.00,62.80,55.80
2026-05-11T18:58:59.840384,62.00,100.00,61.70,55.20
2026-05-11T18:59:00.543715,58.20,100.00,59.30,50.00
2026-05-11T18:59:01.246462,71.10,100.00,70.70,65.90
2026-05-11T18:59:01.949794,69.30,100.00,70.70,62.80
2026-05-11T18:59:02.653206,59.80,100.00,59.00,54.20
2026-05-11T18:59:03.355756,16.20,100.00,14.70,10.60
2026-05-11T18:59:04.058186,12.50,100.00,4.50,3.10
2026-05-11T18:59:04.762272,36.00,100.00,37.20,32.00
2026-05-11T18:59:05.465339,70.30,100.00,71.40,64.00
2026-05-11T18:59:06.168386,73.00,100.00,74.70,66.70
2026-05-11T18:59:06.872454,79.80,100.00,79.80,73.60
2026-05-11T18:59:07.575855,81.90,100.00,83.30,76.20
2026-05-11T18:59:08.279403,77.00,100.00,79.10,72.40
2026-05-11T18:59:08.982211,61.40,100.00,61.10,53.60
2026-05-11T18:59:09.685226,64.40,100.00,66.30,57.10
2026-05-11T18:59:10.389402,87.50,100.00,86.20,81.70
2026-05-11T18:59:11.092216,39.20,100.00,40.30,30.40
2026-05-11T18:59:11.794609,24.30,100.00,22.20,14.90
2026-05-11T18:59:12.497074,11.60,100.00,8.80,6.10
2026-05-11T18:59:13.200658,68.90,100.00,69.90,63.20
2026-05-11T18:59:13.903025,41.80,100.00,40.30,37.70
2026-05-11T18:59:14.605548,13.60,100.00,13.40,6.30
2026-05-11T18:59:15.307989,21.40,100.00,20.30,13.60
2026-05-11T18:59:16.011898,69.60,100.00,70.00,65.00
2026-05-11T18:59:16.714605,65.40,100.00,65.80,59.00
2026-05-11T18:59:17.417065,16.20,100.00,12.10,10.60
2026-05-11T18:59:18.120825,65.20,100.00,64.80,60.00
2026-05-11T18:59:18.824473,73.60,100.00,73.00,67.00
2026-05-11T18:59:19.527457,75.90,100.00,76.10,69.30
2026-05-11T18:59:20.231668,84.10,100.00,83.10,77.60
2026-05-11T18:59:20.936183,81.70,100.00,81.00,76.50
2026-05-11T18:59:21.639776,75.30,100.00,75.60,68.70
2026-05-11T18:59:22.342346,53.30,100.00,53.80,43.70
2026-05-11T18:59:23.045760,63.40,100.00,63.40,56.80
2026-05-11T18:59:23.749030,70.00,100.00,69.90,64.00
2026-05-11T18:59:24.452674,77.00,100.00,76.10,71.30
2026-05-11T18:59:25.155345,45.80,100.00,47.10,36.80
2026-05-11T18:59:25.858841,58.80,100.00,60.20,51.90
2026-05-11T18:59:26.562609,73.90,100.00,75.30,69.70
2026-05-11T18:59:27.265616,72.20,100.00,71.90,66.30
2026-05-11T18:59:27.968893,76.70,100.00,76.40,71.30
2026-05-11T18:59:28.672446,64.30,100.00,63.00,57.80
2026-05-11T18:59:29.374763,13.40,100.00,11.90,4.80
2026-05-11T18:59:30.077770,53.30,100.00,53.40,45.80
2026-05-11T18:59:30.781157,60.40,100.00,61.90,54.00
2026-05-11T18:59:31.484766,62.50,100.00,62.10,55.60
2026-05-11T18:59:32.187741,48.90,100.00,51.10,39.00
2026-05-11T18:59:32.891483,60.00,100.00,60.40,53.00
2026-05-11T18:59:33.594675,64.80,100.00,65.60,58.60
2026-05-11T18:59:34.297287,45.30,100.00,47.70,36.00
2026-05-11T18:59:35.000312,60.00,100.00,62.00,55.70
2026-05-11T18:59:35.703938,67.70,100.00,67.00,61.40
2026-05-11T18:59:36.407407,70.00,100.00,69.60,63.60
2026-05-11T18:59:37.110933,69.20,100.00,69.70,63.60
2026-05-11T18:59:37.813350,52.50,100.00,54.10,46.20
2026-05-11T18:59:38.516142,31.60,100.00,28.80,19.40
2026-05-11T18:59:39.219894,74.70,100.00,75.00,69.00
2026-05-11T18:59:39.922258,37.30,100.00,37.30,32.90
2026-05-11T18:59:40.625169,23.60,100.00,22.50,17.40
2026-05-11T18:59:41.328822,68.10,100.00,67.70,61.80
2026-05-11T18:59:42.031791,67.00,100.00,68.40,60.50
2026-05-11T18:59:42.735142,73.00,100.00,72.20,66.70
2026-05-11T18:59:43.438894,77.00,100.00,77.30,72.70
2026-05-11T18:59:44.142334,69.20,100.00,69.60,64.40
2026-05-11T18:59:44.845197,60.70,100.00,61.50,54.10
2026-05-11T18:59:45.548488,54.90,100.00,53.80,45.70
2026-05-11T18:59:46.250894,13.60,100.00,13.40,7.90
2026-05-11T18:59:46.954664,63.60,100.00,63.60,59.50
2026-05-11T18:59:47.658278,81.90,100.00,80.70,75.60
2026-05-11T18:59:48.361849,75.90,100.00,75.90,70.50
2026-05-11T18:59:49.065023,61.10,100.00,62.40,54.20
2026-05-11T18:59:49.768855,65.90,100.00,64.80,60.00
2026-05-11T18:59:50.472759,77.90,100.00,77.90,71.30
2026-05-11T18:59:51.176188,62.80,100.00,63.20,56.80
2026-05-11T18:59:51.879215,56.20,100.00,57.10,47.60
2026-05-11T18:59:52.582282,53.90,100.00,55.30,46.90
2026-05-11T18:59:53.285314,64.50,100.00,64.90,59.10
2026-05-11T18:59:53.988366,61.70,100.00,63.80,56.20
2026-05-11T18:59:54.691326,60.00,100.00,60.20,55.20
2026-05-11T18:59:55.394364,50.60,100.00,52.20,41.80
2026-05-11T18:59:56.097207,39.50,100.00,37.50,25.70
2026-05-11T18:59:56.800120,42.90,100.00,44.70,33.30
2026-05-11T18:59:57.502914,52.70,100.00,53.80,44.40
2026-05-11T18:59:58.208337,87.70,100.00,86.20,81.90
2026-05-11T18:59:58.911449,77.60,100.00,77.30,71.60
2026-05-11T18:59:59.614467,70.30,100.00,70.30,64.00
2026-05-11T19:00:00.317769,62.60,100.00,63.40,55.40
2026-05-11T19:00:01.020439,48.20,100.00,49.40,41.80
2026-05-11T19:00:01.723671,51.70,100.00,52.80,43.00
2026-05-11T19:00:02.426985,67.00,100.00,66.70,59.30
2026-05-11T19:00:03.130384,71.90,100.00,73.30,66.30
2026-05-11T19:00:03.833228,57.60,100.00,57.50,50.60
2026-05-11T19:00:04.536245,44.00,100.00,43.40,33.30
2026-05-11T19:00:05.238936,11.40,100.00,7.50,4.50
2026-05-11T19:00:05.941110,10.30,100.00,7.50,4.60
2026-05-11T19:00:06.643736,25.40,100.00,25.70,20.30
2026-05-11T19:00:07.347887,77.50,100.00,76.40,71.60
2026-05-11T19:00:08.050042,24.30,100.00,25.40,20.30
2026-05-11T19:00:08.752680,14.50,100.00,15.70,10.40
2026-05-11T19:00:09.455254,34.20,100.00,31.60,21.70
2026-05-11T19:00:10.158382,50.60,100.00,51.60,41.80
2026-05-11T19:00:10.861648,63.70,100.00,62.90,55.40
2026-05-11T19:00:11.564901,71.30,100.00,71.90,66.70
2026-05-11T19:00:12.268004,63.40,100.00,63.20,56.30
2026-05-11T19:00:12.970872,56.00,100.00,56.50,46.90
2026-05-11T19:00:13.673979,55.70,100.00,57.10,50.00
2026-05-11T19:00:14.377554,70.00,100.00,71.30,65.60
2026-05-11T19:00:15.081146,71.00,100.00,70.30,64.80
2026-05-11T19:00:15.783987,68.80,100.00,70.30,62.90
2026-05-11T19:00:16.486749,64.80,100.00,66.30,61.80
2026-05-11T19:00:17.189986,62.50,100.00,62.40,55.20
2026-05-11T19:00:17.892592,36.70,100.00,35.10,29.70
2026-05-11T19:00:18.595303,21.40,100.00,20.00,17.40
2026-05-11T19:00:19.298461,84.10,100.00,83.10,77.40
2026-05-11T19:00:20.001388,46.80,100.00,48.10,38.00
2026-05-11T19:00:20.704212,43.00,100.00,42.50,37.20
2026-05-11T19:00:21.407989,67.70,100.00,67.70,61.80
2026-05-11T19:00:22.112357,80.70,100.00,81.20,75.60
2026-05-11T19:00:22.815793,78.20,100.00,77.00,72.40
2026-05-11T19:00:23.518896,73.30,100.00,72.50,67.40
2026-05-11T19:00:24.223447,85.20,100.00,85.40,78.60
2026-05-11T19:00:24.927425,88.30,100.00,91.00,82.70
2026-05-11T19:00:25.631319,84.10,100.00,81.90,76.50
2026-05-11T19:00:26.334842,74.20,100.00,74.70,67.90
2026-05-11T19:00:27.037762,74.40,100.00,73.90,67.40
2026-05-11T19:00:27.741004,67.80,100.00,68.50,60.50
2026-05-11T19:00:28.443900,58.10,100.00,58.10,51.70
2026-05-11T19:00:29.147340,76.10,100.00,76.10,69.80
2026-05-11T19:00:29.850947,68.20,100.00,67.80,62.40
2026-05-11T19:00:30.554030,62.40,100.00,63.80,55.30
2026-05-11T19:00:31.257348,68.10,100.00,69.10,62.50
2026-05-11T19:00:31.961175,75.90,100.00,75.00,67.80
2026-05-11T19:00:32.664825,78.80,100.00,77.90,72.40
2026-05-11T19:00:33.367810,68.50,100.00,68.80,61.60
2026-05-11T19:00:34.070819,77.00,100.00,77.00,71.60
2026-05-11T19:00:34.773458,62.20,100.00,62.50,56.20
2026-05-11T19:00:35.476110,33.80,100.00,33.30,23.20
2026-05-11T19:00:36.179298,54.90,100.00,56.40,48.20
2026-05-11T19:00:36.882224,65.90,100.00,66.30,59.80
2026-05-11T19:00:37.586463,74.20,100.00,74.20,68.50
2026-05-11T19:00:38.291038,71.10,100.00,71.40,67.00
2026-05-11T19:00:38.994410,69.20,100.00,68.90,63.20
2026-05-11T19:00:39.697442,63.30,100.00,64.10,56.80
2026-05-11T19:00:40.400213,54.80,100.00,55.30,46.30
2026-05-11T19:00:41.103068,27.00,100.00,27.00,16.40
2026-05-11T19:00:41.805838,26.70,100.00,23.60,13.60
2026-05-11T19:00:42.508365,26.40,100.00,26.00,14.30
2026-05-11T19:00:43.211444,50.60,100.00,51.10,42.00
2026-05-11T19:00:43.914634,59.30,100.00,61.70,52.40
2026-05-11T19:00:44.617401,63.40,100.00,64.10,57.00
2026-05-11T19:00:45.320324,52.70,100.00,52.70,43.00
2026-05-11T19:00:46.023064,33.30,100.00,34.20,24.30
2026-05-11T19:00:46.726277,41.50,100.00,41.20,32.40
2026-05-11T19:00:47.429662,64.50,100.00,64.20,55.30
2026-05-11T19:00:48.132657,52.70,100.00,54.30,43.20
2026-05-11T19:00:48.836144,64.30,100.00,65.50,58.50
2026-05-11T19:00:49.539685,79.10,100.00,77.60,72.40
2026-05-11T19:00:50.243287,75.30,100.00,77.50,71.30
2026-05-11T19:00:50.945855,46.20,100.00,44.90,40.00
2026-05-11T19:00:51.648340,26.00,100.00,25.00,15.20
2026-05-11T19:00:52.351093,36.20,100.00,34.60,23.20
2026-05-11T19:00:53.053676,37.50,100.00,38.30,28.20
2026-05-11T19:00:53.756834,44.70,100.00,44.70,36.40
2026-05-11T19:00:54.459453,53.90,100.00,55.30,45.80
2026-05-11T19:00:55.162713,62.10,100.00,62.10,54.00
2026-05-11T19:00:55.865204,42.70,100.00,45.20,34.70
2026-05-11T19:00:56.567707,26.00,100.00,24.70,16.40
2026-05-11T19:00:57.269909,10.30,100.00,6.20,3.10
2026-05-11T19:00:57.972252,11.80,100.00,10.40,6.20
2026-05-11T19:00:58.675247,32.40,100.00,32.50,26.40
2026-05-11T19:00:59.378829,68.50,100.00,69.20,63.30
2026-05-11T19:01:00.081521,35.90,100.00,36.70,31.10
2026-05-11T19:01:00.785324,50.00,100.00,50.00,41.30
2026-05-11T19:01:01.489634,75.90,100.00,75.90,68.20
2026-05-11T19:01:02.192423,59.10,100.00,61.10,52.90
2026-05-11T19:01:02.895455,60.00,100.00,60.00,53.40
2026-05-11T19:01:03.598622,60.00,100.00,61.90,52.90
2026-05-11T19:01:04.301822,56.50,100.00,57.90,48.80
2026-05-11T19:01:05.005110,72.50,100.00,72.20,65.90
2026-05-11T19:01:05.708318,77.60,100.00,78.60,71.40
2026-05-11T19:01:06.411871,77.40,100.00,77.90,70.90
2026-05-11T19:01:07.116485,81.00,100.00,80.50,72.40
2026-05-11T19:01:07.820252,72.50,100.00,72.70,65.90
2026-05-11T19:01:08.523738,66.30,100.00,67.00,61.50
2026-05-11T19:01:09.227228,71.40,100.00,71.90,65.90
2026-05-11T19:01:09.930343,61.10,100.00,63.20,54.80
2026-05-11T19:01:10.633342,54.30,100.00,54.90,47.70
2026-05-11T19:01:11.336139,45.20,100.00,46.60,36.80
2026-05-11T19:01:12.039849,65.90,100.00,65.90,58.30
2026-05-11T19:01:12.744195,75.60,100.00,76.50,70.50
2026-05-11T19:01:13.449009,87.30,100.00,86.20,80.00
2026-05-11T19:01:14.152451,71.30,100.00,71.60,65.10
2026-05-11T19:01:14.854939,47.50,100.00,46.20,42.30
2026-05-11T19:01:15.557346,20.80,100.00,19.70,12.10
2026-05-11T19:01:16.260667,63.40,100.00,63.40,53.60
2026-05-11T19:01:16.964349,71.30,100.00,71.90,65.90
2026-05-11T19:01:17.668972,76.10,100.00,75.00,70.10
2026-05-11T19:01:18.372763,78.20,100.00,78.20,72.70
2026-05-11T19:01:19.076496,84.80,100.00,84.00,77.60
2026-05-11T19:01:19.779370,70.20,100.00,71.40,63.90
2026-05-11T19:01:20.482623,52.70,100.00,53.30,45.10
2026-05-11T19:01:21.185683,56.70,100.00,60.00,51.20
2026-05-11T19:01:21.888404,46.50,100.00,45.90,36.40
2026-05-11T19:01:22.591300,27.40,100.00,28.00,17.90
2026-05-11T19:01:23.294062,13.20,100.00,14.50,9.10
2026-05-11T19:01:23.997208,54.70,100.00,54.80,47.50
2026-05-11T19:01:24.700293,65.20,100.00,67.00,60.20
2026-05-11T19:01:25.403483,61.30,100.00,62.10,53.50
2026-05-11T19:01:26.106828,62.10,100.00,63.20,55.20
2026-05-11T19:01:26.810604,63.30,100.00,65.60,58.60
2026-05-11T19:01:27.513859,68.50,100.00,68.50,62.90
2026-05-11T19:01:28.216613,50.60,100.00,52.20,42.00
2026-05-11T19:01:28.919290,43.50,100.00,42.90,30.60
2026-05-11T19:01:29.622264,45.00,100.00,46.90,38.70
2026-05-11T19:01:30.326090,86.40,100.00,86.10,78.30
2026-05-11T19:01:31.028822,63.30,100.00,63.30,57.50
2026-05-11T19:01:31.731800,56.00,100.00,57.90,48.80
2026-05-11T19:01:32.434789,56.70,100.00,57.40,48.20
2026-05-11T19:01:33.137036,23.30,100.00,17.60,12.10
2026-05-11T19:01:33.840171,40.00,100.00,40.70,33.30
2026-05-11T19:01:34.543378,60.40,100.00,60.40,52.90
2026-05-11T19:01:35.246426,63.00,100.00,64.90,58.00
2026-05-11T19:01:35.949903,53.40,100.00,53.90,45.10
2026-05-11T19:01:36.652870,43.00,100.00,43.70,31.50
2026-05-11T19:01:37.355249,18.80,100.00,17.60,10.90
2026-05-11T19:01:38.059791,69.50,100.00,69.50,63.90
2026-05-11T19:01:38.763672,76.70,100.00,77.30,69.30
2026-05-11T19:01:39.467768,68.10,100.00,68.50,62.20
2026-05-11T19:01:40.170401,36.70,100.00,36.30,23.50
2026-05-11T19:01:40.874304,62.50,100.00,62.50,57.00
2026-05-11T19:01:41.577681,79.80,100.00,79.80,72.60
2026-05-11T19:01:42.280624,58.50,100.00,59.10,47.50
2026-05-11T19:01:42.984421,62.20,100.00,63.20,57.30
2026-05-11T19:01:43.687850,68.50,100.00,69.20,62.50
2026-05-11T19:01:44.390760,78.20,100.00,78.20,73.00
2026-05-11T19:01:45.093474,63.00,100.00,63.40,58.00
2026-05-11T19:01:45.796770,63.00,100.00,63.00,58.40
2026-05-11T19:01:46.499672,66.70,100.00,68.10,62.90
2026-05-11T19:01:47.202808,63.30,100.00,63.40,55.30
2026-05-11T19:01:47.905064,39.50,100.00,37.70,33.30
2026-05-11T19:01:48.607399,23.90,100.00,23.60,18.80
2026-05-11T19:01:49.311288,66.70,100.00,68.10,61.40
2026-05-11T19:01:50.013917,32.10,100.00,29.90,22.20
2026-05-11T19:01:50.716852,26.00,100.00,23.30,17.10
2026-05-11T19:01:51.419770,45.30,100.00,47.30,35.10
2026-05-11T19:01:52.123345,71.40,100.00,71.10,64.40
2026-05-11T19:01:52.827866,79.10,100.00,78.80,73.00
2026-05-11T19:01:53.531459,81.90,100.00,81.90,75.60
2026-05-11T19:01:54.235958,75.00,100.00,74.70,69.70
2026-05-11T19:01:54.939258,60.70,100.00,61.50,52.40
2026-05-11T19:01:55.643023,60.90,100.00,60.90,52.90
2026-05-11T19:01:56.347080,81.70,100.00,83.10,74.10
2026-05-11T19:01:57.050611,64.40,100.00,65.20,60.70
2026-05-11T19:01:57.754063,66.30,100.00,66.30,59.80
2026-05-11T19:01:58.457207,76.70,100.00,76.10,70.50
2026-05-11T19:01:59.160319,67.00,100.00,67.00,62.10
2026-05-11T19:01:59.863750,72.80,100.00,71.60,65.50
2026-05-11T19:02:00.568069,73.60,100.00,73.30,66.30
2026-05-11T19:02:01.271537,60.90,100.00,62.10,54.00
2026-05-11T19:02:01.975483,74.40,100.00,75.60,68.20
2026-05-11T19:02:02.679423,67.10,100.00,65.40,60.00
2026-05-11T19:02:03.381883,14.90,100.00,12.50,6.00
2026-05-11T19:02:04.085212,41.70,100.00,41.00,31.60
2026-05-11T19:02:04.787845,39.30,100.00,37.30,27.40
2026-05-11T19:02:05.490198,19.70,100.00,18.60,12.10
2026-05-11T19:02:06.193233,50.60,100.00,50.60,43.90
2026-05-11T19:02:06.896815,61.50,100.00,62.20,54.20
2026-05-11T19:02:07.600150,68.50,100.00,68.50,62.90
2026-05-11T19:02:08.302865,40.00,100.00,41.70,32.40
2026-05-11T19:02:09.006453,66.30,100.00,65.50,58.00
2026-05-11T19:02:09.709216,66.70,100.00,67.00,60.00
2026-05-11T19:02:10.412297,55.90,100.00,55.90,47.60
2026-05-11T19:02:11.115231,55.90,100.00,56.80,47.60
2026-05-11T19:02:11.818905,67.80,100.00,67.80,61.60
2026-05-11T19:02:12.522374,83.10,100.00,82.90,77.50
2026-05-11T19:02:13.226071,71.60,100.00,71.10,65.50
2026-05-11T19:02:13.928682,47.50,100.00,46.80,39.50
2026-05-11T19:02:14.631094,30.30,100.00,30.70,20.60
2026-05-11T19:02:15.333655,27.80,100.00,31.20,18.20
2026-05-11T19:02:16.036112,19.10,100.00,22.20,12.30
2026-05-11T19:02:16.739350,39.70,100.00,37.30,30.60
2026-05-11T19:02:17.443226,69.90,100.00,68.50,63.60
2026-05-11T19:02:18.146306,63.00,100.00,64.90,55.80
2026-05-11T19:02:18.849426,61.30,100.00,60.90,52.90
2026-05-11T19:02:19.552331,62.00,100.00,61.70,54.00
2026-05-11T19:02:20.255258,73.00,100.00,72.50,68.90
2026-05-11T19:02:20.958000,35.60,100.00,33.30,31.90
2026-05-11T19:02:21.660671,30.00,100.00,29.00,24.60
2026-05-11T19:02:22.364629,86.40,100.00,85.20,78.00
2026-05-11T19:02:23.067478,57.00,100.00,58.00,51.20
2026-05-11T19:02:23.772396,62.50,100.00,62.90,54.90
2026-05-11T19:02:24.476531,82.10,100.00,81.40,75.60
2026-05-11T19:02:25.179891,62.00,100.00,61.30,55.20
2026-05-11T19:02:25.883906,70.80,100.00,71.40,64.30
2026-05-11T19:02:26.587766,77.90,100.00,76.50,70.90
2026-05-11T19:02:27.291739,72.50,100.00,72.20,67.40
2026-05-11T19:02:27.994513,61.10,100.00,62.00,55.70
2026-05-11T19:02:28.698312,59.80,100.00,60.20,54.00
2026-05-11T19:02:29.401425,66.70,100.00,66.70,60.70
2026-05-11T19:02:30.105022,74.70,100.00,75.60,69.00
2026-05-11T19:02:30.808099,67.00,100.00,66.70,60.20
2026-05-11T19:02:31.511282,59.10,100.00,59.60,50.00
2026-05-11T19:02:32.214318,63.00,100.00,62.80,57.80
2026-05-11T19:02:32.917436,58.10,100.00,57.10,48.80
2026-05-11T19:02:33.620933,47.10,100.00,46.50,41.30
2026-05-11T19:02:34.323469,28.40,100.00,29.30,19.10
2026-05-11T19:02:35.026798,63.90,100.00,64.70,58.50
2026-05-11T19:02:35.729857,74.20,100.00,73.00,68.20
2026-05-11T19:02:36.433358,71.10,100.00,71.40,64.80
2026-05-11T19:02:37.136942,80.70,100.00,80.00,72.90
2026-05-11T19:02:37.840803,81.00,100.00,80.00,73.60
2026-05-11T19:02:38.544892,81.20,100.00,81.00,74.70
2026-05-11T19:02:39.248173,73.90,100.00,73.00,68.20
2026-05-11T19:02:39.950554,44.90,100.00,46.30,38.70
2026-05-11T19:02:40.652938,42.30,100.00,39.20,32.90
2026-05-11T19:02:41.356140,80.70,100.00,80.00,74.10
2026-05-11T19:02:42.059234,59.60,100.00,58.90,51.20
2026-05-11T19:02:42.762345,57.10,100.00,58.70,50.60
2026-05-11T19:02:43.465863,62.00,100.00,61.70,54.00
2026-05-11T19:02:44.168508,32.50,100.00,29.70,20.90
2026-05-11T19:02:44.871494,45.20,100.00,45.90,34.70
2026-05-11T19:02:45.574593,58.70,100.00,59.30,50.00
2026-05-11T19:02:46.278793,79.80,100.00,78.40,72.90
2026-05-11T19:02:46.981351,54.80,100.00,53.70,46.10
2026-05-11T19:02:47.684111,50.60,100.00,50.60,40.80
2026-05-11T19:02:48.387179,73.00,100.00,72.70,67.40
2026-05-11T19:02:49.090673,66.70,100.00,67.00,61.80
2026-05-11T19:02:49.793652,61.30,100.00,61.30,56.30
2026-05-11T19:02:50.496369,54.40,100.00,55.40,45.00
2026-05-11T19:02:51.199128,28.80,100.00,27.40,17.90
2026-05-11T19:02:51.902003,47.10,100.00,48.30,39.70
2026-05-11T19:02:52.605019,63.40,100.00,62.00,55.80
2026-05-11T19:02:53.308412,75.90,100.00,75.30,70.50
2026-05-11T19:02:54.012092,64.50,100.00,65.20,59.60
2026-05-11T19:02:54.714990,54.50,100.00,55.60,46.90
2026-05-11T19:02:55.417345,37.20,100.00,39.50,27.10
2026-05-11T19:02:56.120334,38.70,100.00,39.00,26.80
2026-05-11T19:02:56.823192,28.40,100.00,31.60,19.40
2026-05-11T19:02:57.525683,25.00,100.00,21.10,12.30
2026-05-11T19:02:58.228216,39.50,100.00,41.50,30.60
2026-05-11T19:02:58.930629,28.40,100.00,26.00,16.40
2026-05-11T19:02:59.633170,29.90,100.00,26.40,19.10
2026-05-11T19:03:00.336178,54.40,100.00,55.40,45.00
2026-05-11T19:03:01.041014,73.60,100.00,73.30,67.80
2026-05-11T19:03:01.743754,70.10,100.00,69.70,63.50
2026-05-11T19:03:02.446605,52.30,100.00,51.70,41.60
2026-05-11T19:03:03.149758,77.60,100.00,78.20,70.90
2026-05-11T19:03:03.853199,68.50,100.00,68.90,62.80
2026-05-11T19:03:04.556111,61.70,100.00,62.00,54.10
2026-05-11T19:03:05.258859,47.70,100.00,47.10,36.00
2026-05-11T19:03:05.962672,60.20,100.00,60.40,52.40
2026-05-11T19:03:06.666603,69.20,100.00,71.00,62.80
2026-05-11T19:03:07.370303,76.40,100.00,75.30,70.50
2026-05-11T19:03:08.074464,81.90,100.00,82.10,75.60
2026-05-11T19:03:08.778253,73.90,100.00,74.70,68.60
2026-05-11T19:03:09.481409,67.80,100.00,68.50,61.40
2026-05-11T19:03:10.185488,81.90,100.00,81.70,75.30
2026-05-11T19:03:10.965277,66.30,47.30,66.00,58.30
2026-05-11T19:03:11.897715,58.80,93.40,60.20,60.00
2026-05-11T19:03:12.601326,61.80,100.00,63.00,60.70
2026-05-11T19:03:13.305366,80.00,100.00,81.00,76.50
2026-05-11T19:03:14.008712,77.90,100.00,78.80,76.50
2026-05-11T19:03:14.712400,76.50,100.00,79.10,75.60
2026-05-11T19:03:15.415889,68.10,100.00,68.90,66.30
2026-05-11T19:03:16.118677,47.10,100.00,48.90,43.00
2026-05-11T19:03:16.821898,50.60,100.00,50.00,48.80
2026-05-11T19:03:17.524848,55.60,100.00,58.50,53.40
2026-05-11T19:03:18.228046,59.60,100.00,59.30,57.60
2026-05-11T19:03:18.930704,43.90,100.00,47.70,42.50
2026-05-11T19:03:19.634091,40.50,100.00,41.70,36.40
2026-05-11T19:03:20.336806,51.10,100.00,51.70,49.40
2026-05-11T19:03:21.039737,65.60,100.00,67.70,63.60
2026-05-11T19:03:21.742599,70.80,100.00,70.30,68.90
2026-05-11T19:03:22.446889,76.50,100.00,76.70,74.40
2026-05-11T19:03:23.151386,79.10,100.00,80.00,77.40
2026-05-11T19:03:23.854900,80.00,100.00,81.00,76.70
2026-05-11T19:03:24.558454,80.70,100.00,80.70,78.00
2026-05-11T19:03:25.261919,64.10,100.00,64.50,61.50
2026-05-11T19:03:25.964869,51.70,100.00,52.80,50.00
2026-05-11T19:03:26.667886,40.00,100.00,42.90,35.50
2026-05-11T19:03:27.370759,22.50,100.00,18.80,20.00
2026-05-11T19:03:28.074028,64.40,100.00,64.80,61.20
2026-05-11T19:03:28.777387,74.20,100.00,74.70,72.70
2026-05-11T19:03:29.481670,80.70,100.00,81.20,78.60
2026-05-11T19:03:30.185756,77.00,100.00,76.50,73.60
2026-05-11T19:03:30.889000,66.30,100.00,67.80,65.20
2026-05-11T19:03:31.592163,59.30,100.00,59.80,56.80
2026-05-11T19:03:32.295662,66.30,100.00,67.70,64.80
2026-05-11T19:03:32.998867,62.40,100.00,62.40,60.00
2026-05-11T19:03:33.701824,58.70,100.00,59.10,56.20
2026-05-11T19:03:34.405291,52.80,100.00,55.40,51.10
2026-05-11T19:03:35.108424,66.30,100.00,67.40,65.60
2026-05-11T19:03:35.811308,59.10,100.00,61.10,56.80
2026-05-11T19:03:36.514654,48.30,100.00,48.90,44.60
2026-05-11T19:03:37.218112,63.40,100.00,65.30,62.00
2026-05-11T19:03:37.920672,42.50,100.00,41.80,38.20
2026-05-11T19:03:38.623039,30.70,100.00,27.80,24.30
2026-05-11T19:03:39.325981,52.70,100.00,53.80,49.40
2026-05-11T19:03:40.028326,21.10,100.00,21.10,14.70
2026-05-11T19:03:40.731054,17.10,100.00,11.90,10.60
2026-05-11T19:03:41.433444,18.80,100.00,22.50,15.20
2026-05-11T19:03:42.136489,54.90,100.00,54.40,52.30
2026-05-11T19:03:42.839784,62.20,100.00,62.20,60.70
2026-05-11T19:03:43.542883,67.80,100.00,68.10,65.20
2026-05-11T19:03:44.246152,62.00,100.00,62.80,60.90
2026-05-11T19:03:44.949305,68.10,100.00,68.10,65.90
2026-05-11T19:03:45.652896,60.50,100.00,59.50,58.80
2026-05-11T19:03:46.355061,7.50,100.00,7.50,3.10
2026-05-11T19:03:47.057761,28.90,100.00,26.70,22.50
2026-05-11T19:03:47.760235,28.80,100.00,27.40,22.10
2026-05-11T19:03:48.462896,26.00,100.00,26.40,20.60
2026-05-11T19:03:49.167391,80.20,100.00,80.50,77.40
2026-05-11T19:03:49.869977,50.00,100.00,50.00,47.90
2026-05-11T19:03:50.572415,16.20,100.00,13.40,9.40
2026-05-11T19:03:51.275040,16.20,100.00,13.60,9.40
2026-05-11T19:03:51.977763,44.70,100.00,44.00,39.20
2026-05-11T19:03:52.680483,54.40,100.00,52.90,50.60
2026-05-11T19:03:53.383623,57.10,100.00,57.40,53.40
2026-05-11T19:03:54.087647,77.40,100.00,77.00,74.40
2026-05-11T19:03:54.791312,78.80,100.00,79.80,75.90
2026-05-11T19:03:55.495198,78.80,100.00,78.20,74.10
2026-05-11T19:03:56.198440,70.30,100.00,70.00,68.10
2026-05-11T19:03:56.900997,39.00,100.00,36.50,35.50
2026-05-11T19:03:57.603313,9.00,100.00,11.40,6.00
2026-05-11T19:03:58.305960,28.90,100.00,24.30,18.20
2026-05-11T19:03:59.009260,58.80,100.00,60.00,55.30
2026-05-11T19:03:59.711677,53.00,100.00,53.00,49.40
2026-05-11T19:04:00.414367,9.10,100.00,7.60,4.60
2026-05-11T19:04:01.117828,66.30,100.00,66.70,64.40
2026-05-11T19:04:01.821648,70.30,100.00,69.20,65.90
2026-05-11T19:04:02.525061,67.40,100.00,67.00,62.90
2026-05-11T19:04:03.228442,75.00,100.00,76.40,72.70
2026-05-11T19:04:03.931240,62.20,100.00,62.60,59.60
2026-05-11T19:04:04.634803,59.60,100.00,60.40,54.80
2026-05-11T19:04:05.338919,81.00,100.00,82.10,77.90
2026-05-11T19:04:06.042030,72.70,100.00,73.90,70.10
2026-05-11T19:04:06.744759,59.80,100.00,60.70,56.00
2026-05-11T19:04:07.447477,42.20,100.00,46.00,41.50
2026-05-11T19:04:08.149881,10.40,100.00,10.30,7.60
2026-05-11T19:04:08.852262,25.70,100.00,22.50,18.60
2026-05-11T19:04:09.555154,35.40,100.00,36.20,31.10
2026-05-11T19:04:10.257930,45.90,100.00,47.10,41.20
2026-05-11T19:04:10.961259,51.10,100.00,53.30,46.40
2026-05-11T19:04:11.664027,50.60,100.00,50.60,45.80
2026-05-11T19:04:12.366786,35.90,100.00,35.90,30.10
2026-05-11T19:04:13.070342,60.40,100.00,62.40,58.40
2026-05-11T19:04:13.772731,46.30,100.00,47.00,45.10
2026-05-11T19:04:14.475167,17.40,100.00,16.20,12.10
2026-05-11T19:04:15.178237,59.80,100.00,59.30,55.20
2026-05-11T19:04:15.882233,70.80,100.00,70.80,68.10
2026-05-11T19:04:16.586267,78.80,100.00,78.30,75.60
2026-05-11T19:04:17.289708,73.90,100.00,74.40,70.50
2026-05-11T19:04:17.992309,61.10,100.00,60.70,58.60
2026-05-11T19:04:18.695434,58.70,100.00,59.80,56.20
2026-05-11T19:04:19.399211,67.80,100.00,67.00,64.80
2026-05-11T19:04:20.103805,78.80,100.00,78.80,76.20
2026-05-11T19:04:20.807663,83.10,100.00,84.10,81.20
2026-05-11T19:04:21.511262,86.30,100.00,86.40,83.10
2026-05-11T19:04:22.215128,82.10,100.00,80.70,77.60
2026-05-11T19:04:22.918262,64.70,100.00,65.20,61.40
2026-05-11T19:04:23.621315,56.00,100.00,57.40,51.20
2026-05-11T19:04:24.324719,58.90,100.00,61.10,56.70
2026-05-11T19:04:25.026949,24.30,100.00,23.00,19.70
2026-05-11T19:04:25.729941,30.70,100.00,29.70,26.00
2026-05-11T19:04:26.432951,64.10,100.00,64.10,60.70
2026-05-11T19:04:27.135321,14.50,100.00,11.90,10.40
2026-05-11T19:04:27.839200,44.70,100.00,46.80,43.60
2026-05-11T19:04:28.543076,78.20,100.00,77.00,74.70
2026-05-11T19:04:29.245769,56.20,100.00,57.10,52.90
2026-05-11T19:04:29.948891,72.40,100.00,70.90,68.20
2026-05-11T19:04:30.652888,70.90,100.00,70.70,67.50
2026-05-11T19:04:31.355757,27.00,100.00,25.40,22.90
2026-05-11T19:04:32.058835,45.20,100.00,46.00,38.00
2026-05-11T19:04:32.761035,36.30,100.00,36.70,30.10
2026-05-11T19:04:33.463410,7.60,100.00,6.10,1.60
2026-05-11T19:04:34.166906,64.40,100.00,65.20,61.80
2026-05-11T19:04:34.870646,64.80,100.00,65.60,61.10
2026-05-11T19:04:35.573900,59.80,100.00,60.20,57.60
2026-05-11T19:04:36.277370,67.80,100.00,67.00,64.10
2026-05-11T19:04:36.981110,70.80,100.00,70.30,67.40
2026-05-11T19:04:37.685333,78.20,100.00,76.40,73.30
2026-05-11T19:04:38.388334,77.90,100.00,78.80,74.70
2026-05-11T19:04:39.090829,22.10,100.00,21.70,21.40
2026-05-11T19:04:39.793724,30.30,100.00,32.10,26.00
2026-05-11T19:04:40.497015,52.70,100.00,52.20,47.70
2026-05-11T19:04:41.200193,61.50,100.00,62.40,59.30
2026-05-11T19:04:41.903785,66.30,100.00,66.30,63.30
2026-05-11T19:04:42.607635,68.90,100.00,70.30,67.00
2026-05-11T19:04:43.311211,70.80,100.00,70.30,68.10
2026-05-11T19:04:44.014804,66.00,100.00,66.70,63.30
2026-05-11T19:04:44.718403,71.90,100.00,71.90,68.20
2026-05-11T19:04:45.421927,82.70,100.00,83.30,79.80
2026-05-11T19:04:46.125496,76.50,100.00,76.10,72.70
2026-05-11T19:04:46.827868,52.50,100.00,50.00,48.10
2026-05-11T19:04:47.530216,13.40,100.00,12.10,12.10
2026-05-11T19:04:48.233955,80.70,100.00,81.20,76.50
2026-05-11T19:04:48.937053,77.90,100.00,77.90,75.30
2026-05-11T19:04:49.640859,74.40,100.00,74.70,72.40
2026-05-11T19:04:50.343711,59.30,100.00,60.20,56.70
2026-05-11T19:04:51.047415,75.60,100.00,77.00,74.40
2026-05-11T19:04:51.750605,79.10,100.00,79.10,75.60
2026-05-11T19:04:52.454617,71.90,100.00,72.20,70.80
2026-05-11T19:04:53.157537,77.90,100.00,77.90,74.20
2026-05-11T19:04:53.860218,54.30,100.00,54.30,50.00
2026-05-11T19:04:54.563168,36.40,100.00,37.70,32.40
2026-05-11T19:04:55.266202,81.90,100.00,81.20,78.80
2026-05-11T19:04:55.969241,68.10,100.00,68.20,66.70
2026-05-11T19:04:56.672375,67.80,100.00,67.00,65.20
2026-05-11T19:04:57.376418,75.00,100.00,75.90,72.70
2026-05-11T19:04:58.079417,61.30,100.00,62.40,56.80
2026-05-11T19:04:58.782352,53.40,100.00,55.40,50.00
2026-05-11T19:04:59.485020,44.00,100.00,46.00,41.50
2026-05-11T19:05:00.188482,62.60,100.00,62.40,60.00
2026-05-11T19:05:00.891515,65.60,100.00,66.30,62.60
2026-05-11T19:05:01.595354,65.60,100.00,66.30,62.60
2026-05-11T19:05:02.298254,52.80,100.00,52.30,47.60
2026-05-11T19:05:03.001661,60.90,100.00,62.50,59.30
2026-05-11T19:05:03.704478,61.30,100.00,62.80,59.30
2026-05-11T19:05:04.407996,62.20,100.00,62.60,58.40
2026-05-11T19:05:05.112394,80.70,100.00,79.50,76.50
2026-05-11T19:05:05.815627,75.30,100.00,75.30,71.30
2026-05-11T19:05:06.519095,63.70,100.00,64.50,63.00
2026-05-11T19:05:07.222349,65.20,100.00,65.60,61.50
2026-05-11T19:05:07.925151,54.50,100.00,56.00,51.20
2026-05-11T19:05:08.628283,43.40,100.00,43.50,36.80
2026-05-11T19:05:09.331054,28.00,100.00,27.40,17.90
2026-05-11T19:05:10.035078,69.10,100.00,67.50,65.10
2026-05-11T19:05:10.738640,75.00,100.00,76.10,70.80
2026-05-11T19:05:11.442071,66.70,100.00,67.00,63.70
2026-05-11T19:05:12.145241,68.10,100.00,68.50,65.60
2026-05-11T19:05:12.848436,59.10,100.00,61.50,56.50
2026-05-11T19:05:13.551640,51.70,100.00,52.20,46.30
2026-05-11T19:05:14.255221,70.30,100.00,70.30,67.70
2026-05-11T19:05:14.958244,60.40,100.00,62.40,60.00
2026-05-11T19:05:15.661291,52.20,100.00,52.20,50.00
2026-05-11T19:05:16.364135,29.70,100.00,31.60,25.40
2026-05-11T19:05:17.066568,17.10,100.00,15.90,10.60
2026-05-11T19:05:17.770419,41.30,100.00,40.00,38.70
2026-05-11T19:05:18.473796,76.10,100.00,77.00,72.70
2026-05-11T19:05:19.177216,69.20,100.00,68.90,65.90
2026-05-11T19:05:19.880332,65.90,100.00,67.00,62.60
2026-05-11T19:05:20.583250,60.00,100.00,60.00,56.50
2026-05-11T19:05:21.285836,21.40,100.00,23.60,14.90
2026-05-11T19:05:21.988628,55.70,100.00,55.30,52.40
2026-05-11T19:05:22.691450,53.00,100.00,54.10,50.60
2026-05-11T19:05:23.393833,10.30,100.00,9.00,6.10
2026-05-11T19:05:24.096466,20.00,100.00,18.80,16.20
2026-05-11T19:05:24.800059,44.30,100.00,45.70,40.80
2026-05-11T19:05:25.504048,67.80,100.00,68.50,64.00
2026-05-11T19:05:26.207871,82.90,100.00,84.10,79.10
2026-05-11T19:05:26.911285,81.00,100.00,79.80,77.00
2026-05-11T19:05:27.614273,70.70,100.00,72.30,66.70
2026-05-11T19:05:28.317068,25.00,100.00,22.50,16.70
2026-05-11T19:05:29.021038,65.40,100.00,65.90,62.70
2026-05-11T19:05:29.724348,72.70,100.00,72.70,68.20
2026-05-11T19:05:30.427674,64.50,100.00,64.50,60.70
2026-05-11T19:05:31.130836,63.30,100.00,66.30,61.50
2026-05-11T19:05:31.833906,54.00,100.00,54.50,50.60
2026-05-11T19:05:32.536656,43.40,100.00,43.50,37.20
2026-05-11T19:05:33.239622,70.30,100.00,71.90,68.90
2026-05-11T19:05:33.942877,60.40,100.00,62.00,57.50
2026-05-11T19:05:34.646024,58.10,100.00,59.60,54.40
2026-05-11T19:05:35.349158,55.40,100.00,56.00,50.60
2026-05-11T19:05:36.051749,21.40,100.00,21.10,17.40
2026-05-11T19:05:36.755960,42.50,100.00,41.70,39.70
2026-05-11T19:05:37.459778,79.80,100.00,80.00,75.60
2026-05-11T19:05:38.163487,68.90,100.00,68.90,65.90
2026-05-11T19:05:38.866446,58.90,100.00,60.40,56.30
2026-05-11T19:05:39.569147,54.90,100.00,54.90,50.00
2026-05-11T19:05:40.272272,64.80,100.00,66.30,63.30
2026-05-11T19:05:40.974526,31.10,100.00,30.10,28.80
2026-05-11T19:05:41.677073,24.30,100.00,23.30,19.70
2026-05-11T19:05:42.379867,56.00,100.00,55.40,51.70
2026-05-11T19:05:43.083602,70.90,100.00,72.70,70.50
2026-05-11T19:05:43.786830,75.60,100.00,75.00,72.40
2026-05-11T19:05:44.491002,79.10,100.00,78.80,74.40
2026-05-11T19:05:45.194054,52.20,100.00,51.70,47.60
2026-05-11T19:05:45.897476,60.70,100.00,63.40,58.00
2026-05-11T19:05:46.600615,69.30,100.00,70.30,67.40
2026-05-11T19:05:47.304048,81.20,100.00,81.00,76.50
2026-05-11T19:05:48.006487,34.70,100.00,32.90,30.00
2026-05-11T19:05:48.709899,31.50,100.00,30.10,28.80
2026-05-11T19:05:49.413005,65.20,100.00,65.90,63.30
2026-05-11T19:05:50.115563,38.00,100.00,38.70,32.40
2026-05-11T19:05:50.817962,31.10,100.00,32.00,26.80
2026-05-11T19:05:51.520651,33.30,100.00,33.80,24.30
2026-05-11T19:05:52.224044,75.60,100.00,78.20,73.30
2026-05-11T19:05:52.927176,84.30,100.00,83.10,81.00
2026-05-11T19:05:53.630777,82.90,100.00,82.70,79.80
2026-05-11T19:05:54.333749,65.60,100.00,65.60,63.00
2026-05-11T19:05:55.036972,70.30,100.00,70.30,66.70
2026-05-11T19:05:55.739811,54.20,100.00,53.70,50.60
2026-05-11T19:05:56.442171,18.60,100.00,16.20,7.90
2026-05-11T19:05:57.144661,17.60,100.00,14.90,10.80
2026-05-11T19:05:57.848416,50.60,100.00,51.30,46.10
2026-05-11T19:05:58.552044,70.50,100.00,70.80,66.30
2026-05-11T19:05:59.255018,44.00,100.00,45.30,37.20
2026-05-11T19:05:59.958688,69.40,100.00,69.40,67.10
2026-05-11T19:06:00.662625,77.60,100.00,78.60,74.10
2026-05-11T19:06:01.366407,71.90,100.00,71.40,69.70
2026-05-11T19:06:02.069162,39.00,100.00,38.50,31.90
2026-05-11T19:06:02.773282,51.90,100.00,52.60,46.70
2026-05-11T19:06:03.477253,82.90,100.00,81.50,77.40
2026-05-11T19:06:04.180780,67.80,100.00,69.90,65.60
2026-05-11T19:06:04.884353,73.90,100.00,73.30,69.70
2026-05-11T19:06:05.588513,77.60,100.00,77.90,73.60
2026-05-11T19:06:06.292480,83.10,100.00,83.30,78.60
2026-05-11T19:06:06.995279,63.60,100.00,64.00,60.90
2026-05-11T19:06:07.698562,64.80,100.00,64.40,60.00
2026-05-11T19:06:08.401616,81.90,100.00,82.90,77.90
2026-05-11T19:06:09.104675,53.50,100.00,53.90,48.80
2026-05-11T19:06:09.807184,36.40,100.00,36.70,31.50
2026-05-11T19:06:10.509717,22.90,100.00,22.90,16.70
2026-05-11T19:06:11.212704,50.00,100.00,52.20,43.90
2026-05-11T19:06:11.916232,58.40,100.00,59.80,56.30
2026-05-11T19:06:12.619194,59.80,100.00,58.60,55.30
2026-05-11T19:06:13.321682,20.60,100.00,20.60,13.80
2026-05-11T19:06:14.024333,13.40,100.00,14.50,7.90
2026-05-11T19:06:14.727822,36.50,100.00,33.30,31.50
2026-05-11T19:06:15.431139,68.50,100.00,69.90,67.00
2026-05-11T19:06:16.134387,70.00,100.00,69.20,66.70
2026-05-11T19:06:16.838336,72.20,100.00,71.90,69.30
2026-05-11T19:06:17.542094,74.40,100.00,73.90,70.10
2026-05-11T19:06:18.245851,66.70,100.00,67.40,64.80
2026-05-11T19:06:18.948402,47.60,100.00,48.80,41.80
2026-05-11T19:06:19.651399,44.00,100.00,42.70,40.50
2026-05-11T19:06:20.354943,84.10,100.00,84.30,79.50
2026-05-11T19:06:21.057589,39.70,100.00,39.20,35.20
2026-05-11T19:06:21.761308,47.50,100.00,46.20,42.70
2026-05-11T19:06:22.465216,75.60,100.00,75.60,73.00
2026-05-11T19:06:23.167993,36.40,100.00,38.70,30.60
2026-05-11T19:06:23.870866,44.70,100.00,44.00,39.20
2026-05-11T19:06:24.573765,50.60,100.00,50.60,47.70
2026-05-11T19:06:25.276258,48.30,100.00,50.00,41.30
2026-05-11T19:06:25.979036,24.30,100.00,22.20,19.70
2026-05-11T19:06:26.681398,22.50,100.00,22.20,21.40
2026-05-11T19:06:27.384232,58.10,100.00,59.60,55.60
2026-05-11T19:06:28.087465,70.50,100.00,71.00,67.00
2026-05-11T19:06:28.791463,73.90,100.00,72.70,70.10
2026-05-11T19:06:29.495134,77.60,100.00,77.00,72.90
2026-05-11T19:06:30.198088,42.00,100.00,44.00,36.40
2026-05-11T19:06:30.900334,22.20,100.00,22.50,17.60
2026-05-11T19:06:31.603330,19.10,100.00,18.80,18.80
2026-05-11T19:06:32.307905,75.00,100.00,75.00,70.80
2026-05-11T19:06:33.011721,76.70,100.00,76.70,73.30
2026-05-11T19:06:33.714671,65.50,100.00,67.00,62.80
2026-05-11T19:06:34.417254,42.70,100.00,44.00,36.00
2026-05-11T19:06:35.119795,37.20,100.00,37.20,30.10
2026-05-11T19:06:35.823111,51.80,100.00,52.90,46.90
2026-05-11T19:06:36.525990,64.10,100.00,64.10,60.70
2026-05-11T19:06:37.228280,6.30,100.00,4.80,3.20
2026-05-11T19:06:37.932096,47.60,100.00,47.60,43.00
2026-05-11T19:06:38.635951,65.60,100.00,66.00,62.60
2026-05-11T19:06:39.339442,67.00,100.00,66.30,61.40
2026-05-11T19:06:40.043308,80.70,100.00,81.00,77.00
2026-05-11T19:06:40.746082,72.30,100.00,72.30,69.10
2026-05-11T19:06:41.449050,52.30,100.00,53.80,49.40
2026-05-11T19:06:42.151576,23.90,100.00,21.70,15.40
2026-05-11T19:06:42.855015,54.50,100.00,54.40,51.30
2026-05-11T19:06:43.558294,74.40,100.00,74.20,70.10
2026-05-11T19:06:44.261060,45.20,100.00,44.60,41.30
2026-05-11T19:06:44.963528,34.20,100.00,33.30,26.10
2026-05-11T19:06:45.666803,41.10,100.00,41.30,34.30
2026-05-11T19:06:46.370915,79.10,100.00,78.60,75.90
2026-05-11T19:06:47.074275,75.00,100.00,74.20,71.10
2026-05-11T19:06:47.776931,56.10,100.00,56.60,53.10
2026-05-11T19:06:48.479534,25.40,100.00,23.20,20.60
2026-05-11T19:06:49.182327,73.60,100.00,73.00,70.10
2026-05-11T19:06:49.885451,75.30,100.00,75.30,72.70
2026-05-11T19:06:50.589196,75.60,100.00,75.00,71.90
2026-05-11T19:06:51.292284,53.90,100.00,54.40,50.00
2026-05-11T19:06:51.994680,31.10,100.00,30.70,25.70
2026-05-11T19:06:52.697811,39.00,100.00,37.80,31.90
2026-05-11T19:06:53.400836,73.60,100.00,73.30,69.80
2026-05-11T19:06:54.103371,50.60,100.00,51.10,47.60
2026-05-11T19:06:54.807311,58.60,100.00,60.70,55.80
2026-05-11T19:06:55.511483,70.80,100.00,69.70,66.30
2026-05-11T19:06:56.214006,10.60,100.00,9.10,6.30
2026-05-11T19:06:56.917420,53.20,100.00,53.20,51.30
2026-05-11T19:06:57.621309,72.20,100.00,71.10,67.00
2026-05-11T19:06:58.324265,60.20,100.00,60.00,56.70
2026-05-11T19:06:59.026946,32.00,100.00,32.40,26.80
2026-05-11T19:06:59.729471,21.40,100.00,22.20,16.70
2026-05-11T19:07:00.431912,20.00,100.00,17.60,9.20
2026-05-11T19:07:01.134586,56.20,100.00,57.60,52.30
2026-05-11T19:07:01.838889,70.10,100.00,69.30,65.90
2026-05-11T19:07:02.542728,81.00,100.00,79.70,76.20
2026-05-11T19:07:03.244916,12.70,100.00,10.30,3.10
2026-05-11T19:07:03.948183,57.00,100.00,56.30,53.20
2026-05-11T19:07:04.651482,77.60,100.00,77.90,74.40
2026-05-11T19:07:05.355326,79.10,100.00,77.60,74.40
2026-05-11T19:07:06.058738,71.60,100.00,72.20,68.50
2026-05-11T19:07:06.761465,64.10,100.00,64.10,60.70
2026-05-11T19:07:07.464687,53.30,100.00,54.80,50.60
2026-05-11T19:07:08.167288,24.30,100.00,20.00,15.20
2026-05-11T19:07:08.870386,42.70,100.00,42.00,39.20
2026-05-11T19:07:09.573474,56.00,100.00,58.30,52.30
2026-05-11T19:07:10.277098,70.80,100.00,71.40,66.30
2026-05-11T19:07:10.980332,67.40,100.00,67.80,64.40
2026-05-11T19:07:11.683649,66.30,100.00,66.70,62.90
2026-05-11T19:07:12.387254,67.80,100.00,68.50,64.40
2026-05-11T19:07:13.089969,41.30,100.00,40.50,33.30
2026-05-11T19:07:13.794942,55.00,100.00,54.90,51.30
2026-05-11T19:07:14.498972,81.00,100.00,81.00,77.00
2026-05-11T19:07:15.203757,80.00,100.00,80.00,76.70
2026-05-11T19:07:15.906264,47.30,100.00,46.70,43.20
2026-05-11T19:07:16.608912,28.80,100.00,28.80,20.90
2026-05-11T19:07:17.312073,71.10,98.60,71.90,66.70
2026-05-11T19:07:18.056933,34.70,16.90,35.50,28.20
2026-05-11T19:07:18.959051,60.20,93.30,59.40,57.10
2026-05-11T19:07:19.662931,79.80,100.00,78.80,77.40
2026-05-11T19:07:20.367389,81.70,100.00,80.70,78.80
2026-05-11T19:07:21.071255,72.70,100.00,74.20,71.30
2026-05-11T19:07:21.773823,54.20,100.00,54.20,50.60
2026-05-11T19:07:22.476729,20.60,100.00,20.60,17.60
2026-05-11T19:07:23.180512,80.70,100.00,81.00,75.90
2026-05-11T19:07:23.883982,71.90,100.00,70.80,65.10
2026-05-11T19:07:24.587240,65.60,100.00,66.30,63.30
2026-05-11T19:07:25.290361,70.00,100.00,69.60,67.00
2026-05-11T19:07:25.993050,42.30,100.00,42.30,34.70
2026-05-11T19:07:26.695614,23.90,100.00,22.90,16.70
2026-05-11T19:07:27.398013,13.20,100.00,10.60,4.80
2026-05-11T19:07:28.100739,40.70,100.00,41.00,32.90
2026-05-11T19:07:28.803127,45.90,100.00,45.90,39.70
2026-05-11T19:07:29.505853,48.80,100.00,48.30,41.20
2026-05-11T19:07:30.208178,16.40,100.00,10.90,9.50
2026-05-11T19:07:30.911462,54.80,100.00,51.80,50.60
2026-05-11T19:07:31.614730,71.90,100.00,73.00,68.50
2026-05-11T19:07:32.318842,88.30,100.00,88.50,82.10
2026-05-11T19:07:33.022672,75.90,100.00,74.20,71.30
2026-05-11T19:07:33.725030,57.10,100.00,58.80,53.00
2026-05-11T19:07:34.427601,26.80,100.00,26.40,20.90
2026-05-11T19:07:35.130255,41.20,100.00,42.00,34.70
2026-05-11T19:07:35.834870,61.50,100.00,61.30,55.70
2026-05-11T19:07:36.539332,85.00,100.00,86.20,81.20
2026-05-11T19:07:37.243400,85.20,100.00,84.10,79.80
2026-05-11T19:07:37.945932,39.70,100.00,37.10,37.50
2026-05-11T19:07:38.648608,10.40,100.00,11.60,10.80
2026-05-11T19:07:39.351113,22.90,100.00,20.60,18.50
2026-05-11T19:07:40.054910,75.60,100.00,73.40,68.70
2026-05-11T19:07:40.758438,81.50,100.00,82.10,76.50
2026-05-11T19:07:41.462013,74.20,100.00,73.00,69.30
2026-05-11T19:07:42.164755,57.10,100.00,57.60,52.30
2026-05-11T19:07:42.867136,34.20,100.00,33.30,27.40
2026-05-11T19:07:43.569957,12.90,100.00,9.00,4.70
2026-05-11T19:07:44.272341,13.40,100.00,9.20,7.70
2026-05-11T19:07:44.975127,41.50,100.00,42.90,37.20
2026-05-11T19:07:45.678096,48.90,100.00,50.00,43.20
2026-05-11T19:07:46.381135,42.00,100.00,43.50,37.20
2026-05-11T19:07:47.083949,51.70,100.00,55.40,49.40
2026-05-11T19:07:47.787729,62.00,100.00,62.00,58.00
2026-05-11T19:07:48.491287,69.70,100.00,71.40,67.40
2026-05-11T19:07:49.196197,72.50,100.00,73.00,68.20
2026-05-11T19:07:49.900783,81.90,100.00,81.20,77.60
2026-05-11T19:07:50.604747,80.70,100.00,80.50,75.00
2026-05-11T19:07:51.308179,61.70,100.00,62.80,57.80
2026-05-11T19:07:52.010991,52.90,100.00,54.30,45.00
2026-05-11T19:07:52.713421,42.70,100.00,44.60,36.80
2026-05-11T19:07:53.415889,20.30,100.00,21.40,13.80
2026-05-11T19:07:54.118240,8.80,100.00,4.60,3.10
2026-05-11T19:07:54.821307,30.80,100.00,28.60,22.50
2026-05-11T19:07:55.524043,49.40,100.00,49.40,42.00
2026-05-11T19:07:56.226788,38.00,100.00,40.20,33.30
2026-05-11T19:07:56.929925,59.50,100.00,59.50,56.10
2026-05-11T19:07:57.633328,66.30,100.00,65.10,62.10
2026-05-11T19:07:58.335979,38.80,100.00,42.90,35.90
2026-05-11T19:07:59.040167,75.30,100.00,74.40,71.10
2026-05-11T19:07:59.743479,85.00,100.00,85.40,81.00
2026-05-11T19:08:00.446678,84.10,100.00,85.20,78.80
2026-05-11T19:08:01.149234,18.80,100.00,14.90,12.30
2026-05-11T19:08:01.853197,45.00,100.00,45.60,41.80
2026-05-11T19:08:02.556445,70.30,100.00,70.30,66.70
2026-05-11T19:08:03.259382,56.20,100.00,56.00,51.80
2026-05-11T19:08:03.962766,63.20,100.00,63.30,59.30
2026-05-11T19:08:04.666305,65.60,100.00,67.80,60.90
2026-05-11T19:08:05.369326,59.10,100.00,59.60,56.20
2026-05-11T19:08:06.072996,72.20,100.00,72.70,68.50
2026-05-11T19:08:06.775348,53.80,100.00,54.40,51.90
2026-05-11T19:08:07.477877,15.90,100.00,11.90,4.80
2026-05-11T19:08:08.181569,74.20,100.00,75.00,70.50
2026-05-11T19:08:08.884633,77.30,100.00,77.90,73.60
2026-05-11T19:08:09.587995,72.90,100.00,72.90,69.80
2026-05-11T19:08:10.290910,39.20,100.00,40.20,36.70
2026-05-11T19:08:10.993277,26.40,100.00,25.40,19.40
2026-05-11T19:08:11.695782,16.20,100.00,15.90,10.80
2026-05-11T19:08:12.397991,10.10,100.00,4.60,4.60
2026-05-11T19:08:13.100767,40.70,100.00,41.50,37.20
2026-05-11T19:08:13.804818,59.80,100.00,59.30,54.80
2026-05-11T19:08:14.508096,73.90,100.00,75.30,71.90
2026-05-11T19:08:15.210666,19.10,100.00,18.80,15.20
2026-05-11T19:08:15.913419,38.30,100.00,38.00,30.10
2026-05-11T19:08:16.616355,50.00,100.00,52.80,46.30
2026-05-11T19:08:17.320065,73.90,100.00,74.40,69.80
2026-05-11T19:08:18.023253,75.00,100.00,75.00,71.60
2026-05-11T19:08:18.727352,77.90,100.00,77.60,73.30
2026-05-11T19:08:19.430374,81.90,100.00,81.20,76.20
2026-05-11T19:08:20.133642,66.70,100.00,68.10,63.30
2026-05-11T19:08:20.835984,49.40,100.00,48.10,43.60
2026-05-11T19:08:21.538802,25.00,100.00,24.70,16.70
2026-05-11T19:08:22.241321,35.90,100.00,38.00,31.10
2026-05-11T19:08:22.944388,72.20,100.00,69.60,66.70
2026-05-11T19:08:23.648368,82.90,100.00,84.00,79.30
2026-05-11T19:08:24.352578,78.20,100.00,77.50,73.30
2026-05-11T19:08:25.055093,39.50,100.00,39.20,34.70
2026-05-11T19:08:25.757743,35.10,100.00,33.80,24.60
2026-05-11T19:08:26.460396,35.10,100.00,38.00,31.10
2026-05-11T19:08:27.163758,70.10,100.00,70.80,67.00
2026-05-11T19:08:27.867073,72.50,100.00,71.90,70.30
2026-05-11T19:08:28.570471,65.60,100.00,65.60,62.10
2026-05-11T19:08:29.273526,26.80,100.00,27.40,20.60
2026-05-11T19:08:29.976477,47.70,100.00,47.70,41.30
2026-05-11T19:08:30.679277,55.10,100.00,58.10,52.30
2026-05-11T19:08:31.382172,62.00,100.00,62.40,58.20
2026-05-11T19:08:32.085031,40.70,100.00,40.00,32.90
2026-05-11T19:08:32.788515,57.70,100.00,57.50,53.90
2026-05-11T19:08:33.492678,86.20,100.00,85.20,80.50
2026-05-11T19:08:34.198417,87.50,100.00,85.20,80.70
2026-05-11T19:08:34.902390,82.90,100.00,82.40,78.00
2026-05-11T19:08:35.605687,76.10,100.00,75.90,71.30
2026-05-11T19:08:36.309313,68.90,100.00,69.20,65.50
2026-05-11T19:08:37.012819,81.90,100.00,81.00,78.00
2026-05-11T19:08:37.715686,75.30,100.00,74.70,70.40
2026-05-11T19:08:38.418634,45.90,100.00,47.70,44.40
2026-05-11T19:08:39.121892,77.40,100.00,75.30,72.90
2026-05-11T19:08:39.825428,73.60,100.00,73.60,67.40
2026-05-11T19:08:40.528415,69.60,100.00,68.50,65.60
2026-05-11T19:08:41.231656,51.10,100.00,53.30,45.70
2026-05-11T19:08:41.934337,35.50,100.00,38.70,30.60
2026-05-11T19:08:42.637201,40.00,100.00,39.20,33.30
2026-05-11T19:08:43.340792,84.00,100.00,82.10,80.50
2026-05-11T19:08:44.044056,73.60,100.00,73.30,70.50
2026-05-11T19:08:44.748648,77.00,100.00,77.00,73.60
2026-05-11T19:08:45.452449,88.50,100.00,85.20,82.70
2026-05-11T19:08:46.155914,79.10,100.00,78.60,73.30
2026-05-11T19:08:46.858252,48.00,100.00,46.70,44.60
2026-05-11T19:08:47.560896,16.20,100.00,16.20,10.80
2026-05-11T19:08:48.263528,35.90,100.00,37.50,31.50
2026-05-11T19:08:48.968059,69.10,100.00,68.70,64.20
2026-05-11T19:08:49.672463,80.00,100.00,80.00,74.70
2026-05-11T19:08:50.376193,71.10,100.00,71.10,68.10
2026-05-11T19:08:51.080044,72.70,100.00,72.50,69.70
2026-05-11T19:08:51.783298,75.60,100.00,75.90,71.30
2026-05-11T19:08:52.487813,81.00,100.00,81.20,76.20
2026-05-11T19:08:53.190503,35.90,100.00,33.80,29.20
2026-05-11T19:08:55.644375,76.30,36.70,75.20,73.70
2026-05-11T19:08:56.643164,75.60,92.80,74.60,73.70
2026-05-11T19:08:57.346113,50.60,100.00,52.20,52.30
2026-05-11T19:08:58.049901,72.40,100.00,72.70,69.00
2026-05-11T19:08:58.753652,75.00,100.00,75.00,70.10
2026-05-11T19:08:59.457711,72.70,100.00,71.90,68.20
2026-05-11T19:09:00.160932,54.40,100.00,54.90,48.80
2026-05-11T19:09:00.865049,70.90,100.00,69.80,66.30
2026-05-11T19:09:01.568912,86.10,100.00,83.70,79.80
2026-05-11T19:09:02.273371,87.30,100.00,85.40,82.70
2026-05-11T19:09:02.977268,86.20,100.00,85.40,79.80
2026-05-11T19:09:03.681084,74.40,100.00,73.20,68.40
2026-05-11T19:09:04.383846,40.00,100.00,42.20,34.70
2026-05-11T19:09:05.087445,63.70,100.00,63.70,58.10
2026-05-11T19:09:05.790954,63.00,100.00,64.10,58.40
2026-05-11T19:09:06.493828,60.00,100.00,60.00,56.20
2026-05-11T19:09:07.196036,13.20,100.00,10.80,6.30
2026-05-11T19:09:07.899294,49.40,100.00,48.10,45.00
2026-05-11T19:09:08.602768,67.80,100.00,67.40,63.60
2026-05-11T19:09:09.306146,72.70,100.00,73.30,68.20
2026-05-11T19:09:10.010048,72.50,100.00,72.20,68.20
2026-05-11T19:09:10.714039,75.30,100.00,74.20,71.90
2026-05-11T19:09:11.418434,77.60,100.00,75.90,73.80
2026-05-11T19:09:12.122128,74.20,100.00,74.20,70.10
2026-05-11T19:09:12.825982,77.40,100.00,77.00,70.90
2026-05-11T19:09:13.529882,87.50,100.00,85.00,82.90
2026-05-11T19:09:14.233455,79.80,100.00,79.10,74.40
2026-05-11T19:09:14.935981,47.40,100.00,43.80,40.30
2026-05-11T19:09:15.638427,31.10,100.00,32.00,22.10
2026-05-11T19:09:16.341634,63.00,100.00,64.10,58.40
2026-05-11T19:09:17.044923,77.60,100.00,76.50,71.30
2026-05-11T19:09:17.748284,77.00,100.00,75.00,70.10
2026-05-11T19:09:18.451322,64.10,100.00,64.10,58.00
2026-05-11T19:09:19.154965,71.90,100.00,71.40,66.70
2026-05-11T19:09:19.857210,42.30,100.00,41.60,38.20
2026-05-11T19:09:20.559919,15.50,100.00,14.50,10.30
2026-05-11T19:09:21.263277,73.90,100.00,74.20,67.80
2026-05-11T19:09:21.966821,71.10,100.00,69.60,63.60
2026-05-11T19:09:22.670261,62.10,100.00,62.90,57.10
2026-05-11T19:09:23.373245,37.50,100.00,35.90,27.80
2026-05-11T19:09:24.075744,14.10,100.00,9.00,7.50
2026-05-11T19:09:24.778601,33.80,100.00,32.90,28.40
2026-05-11T19:09:25.482032,66.30,100.00,67.40,60.70
2026-05-11T19:09:26.184824,60.90,100.00,61.70,55.70
2026-05-11T19:09:26.888934,67.00,100.00,67.00,60.90
2026-05-11T19:09:27.593062,71.90,100.00,71.90,66.70
2026-05-11T19:09:28.297081,84.30,100.00,84.30,78.00
2026-05-11T19:09:28.999891,42.70,100.00,40.50,33.80
2026-05-11T19:09:29.703888,41.30,100.00,40.50,35.60
2026-05-11T19:09:30.408390,82.90,100.00,81.00,76.20
2026-05-11T19:09:31.112008,87.70,100.00,85.20,80.50
2026-05-11T19:09:31.815913,81.90,100.00,81.00,75.00
2026-05-11T19:09:32.520247,74.40,100.00,74.20,69.30
2026-05-11T19:09:33.224017,86.20,100.00,85.00,80.00
2026-05-11T19:09:33.927559,65.90,100.00,66.30,58.50
2026-05-11T19:09:34.630256,55.70,100.00,57.40,50.00
2026-05-11T19:09:35.333279,51.70,100.00,53.30,42.30
2026-05-11T19:09:36.036061,28.00,100.00,25.70,18.60
2026-05-11T19:09:36.738667,33.30,100.00,31.60,22.90
2026-05-11T19:09:37.442132,54.90,100.00,55.90,50.00
2026-05-11T19:09:38.145335,66.70,100.00,66.30,60.20
2026-05-11T19:09:38.849263,74.20,100.00,72.50,67.00
2026-05-11T19:09:39.553472,78.60,100.00,78.80,74.70
2026-05-11T19:09:40.257555,76.10,100.00,74.20,69.30
2026-05-11T19:09:40.960577,71.60,100.00,72.70,66.70
2026-05-11T19:09:41.663865,70.70,100.00,70.70,65.20
2026-05-11T19:09:42.366600,64.80,100.00,64.50,58.10
2026-05-11T19:09:43.069909,64.90,100.00,66.00,59.60
2026-05-11T19:09:43.772941,54.10,100.00,54.10,48.80
2026-05-11T19:09:44.475640,35.90,100.00,35.90,25.70
2026-05-11T19:09:45.178300,43.40,100.00,42.70,32.40
2026-05-11T19:09:45.881182,44.70,100.00,46.10,35.50
2026-05-11T19:09:46.584314,43.70,100.00,45.10,37.30
2026-05-11T19:09:47.288153,72.80,100.00,71.70,66.30
2026-05-11T19:09:47.991110,50.00,100.00,50.00,44.30
2026-05-11T19:09:48.693962,48.80,100.00,50.60,42.30
2026-05-11T19:09:49.397284,70.00,100.00,69.90,64.40
2026-05-11T19:09:50.100997,68.80,100.00,68.50,63.30
2026-05-11T19:09:50.804255,65.60,100.00,64.50,60.70
2026-05-11T19:09:51.507709,58.20,100.00,61.10,52.40
2026-05-11T19:09:52.210469,53.90,100.00,52.70,45.10
2026-05-11T19:09:52.914373,68.20,100.00,70.10,61.20
2026-05-11T19:09:53.617342,70.60,100.00,69.10,63.40
2026-05-11T19:09:54.319863,20.30,100.00,20.30,15.20
2026-05-11T19:09:55.023741,65.10,100.00,63.40,58.00
2026-05-11T19:09:55.727234,73.90,100.00,73.00,68.20
2026-05-11T19:09:56.430166,70.80,100.00,69.70,64.40
2026-05-11T19:09:57.133674,70.30,100.00,70.00,65.60
2026-05-11T19:09:57.836288,53.60,100.00,52.40,47.40
2026-05-11T19:09:58.539407,32.90,100.00,33.80,24.30
2026-05-11T19:09:59.242428,53.40,100.00,54.90,46.30
2026-05-11T19:09:59.944952,32.90,100.00,32.90,26.40
2026-05-11T19:10:00.647546,31.60,100.00,28.40,21.70
2026-05-11T19:10:01.350666,57.80,100.00,59.60,51.20
2026-05-11T19:10:02.054039,66.30,100.00,66.30,59.80
2026-05-11T19:10:02.756579,53.10,100.00,51.90,48.10
2026-05-11T19:10:03.459300,27.00,100.00,23.90,16.40
2026-05-11T19:10:04.162461,78.30,100.00,77.10,72.60
2026-05-11T19:10:04.867143,84.00,100.00,83.10,76.20
2026-05-11T19:10:05.570556,78.70,100.00,78.80,73.50
2026-05-11T19:10:06.273230,17.90,100.00,16.40,12.50
2026-05-11T19:10:06.975996,20.30,100.00,17.90,10.90
2026-05-11T19:10:07.678736,32.90,100.00,31.50,28.20
2026-05-11T19:10:08.382196,71.70,100.00,72.50,66.30
2026-05-11T19:10:09.085135,57.80,100.00,58.10,52.30
2026-05-11T19:10:09.788489,56.40,100.00,55.40,46.30
2026-05-11T19:10:10.491596,55.70,100.00,58.10,49.40
2026-05-11T19:10:11.194669,66.70,100.00,68.10,62.20
2026-05-11T19:10:11.897572,49.40,100.00,47.60,41.60
2026-05-11T19:10:12.600292,37.20,100.00,37.50,30.60
2026-05-11T19:10:13.303504,59.30,100.00,60.00,52.30
2026-05-11T19:10:14.006789,58.20,100.00,58.70,51.20
2026-05-11T19:10:14.710200,62.20,100.00,62.80,58.40
2026-05-11T19:10:15.413421,67.00,100.00,67.40,60.50
2026-05-11T19:10:16.116186,51.70,100.00,51.70,42.30
2026-05-11T19:10:16.819260,49.40,100.00,49.40,43.40
2026-05-11T19:10:17.522440,50.60,100.00,51.70,41.80
2026-05-11T19:10:18.227383,79.80,100.00,80.00,73.30
2026-05-11T19:10:18.931246,56.60,100.00,57.60,51.90
2026-05-11T19:10:19.634595,44.00,100.00,43.40,34.70
2026-05-11T19:10:20.337285,41.30,100.00,43.40,31.90
2026-05-11T19:10:21.039865,23.60,100.00,20.30,13.60
2026-05-11T19:10:21.743714,40.50,100.00,40.80,36.50
2026-05-11T19:10:22.447292,77.90,100.00,78.20,73.00
2026-05-11T19:10:23.150021,44.60,100.00,43.90,36.80
2026-05-11T19:10:23.853048,45.90,100.00,46.50,34.20
2026-05-11T19:10:24.555713,47.60,100.00,47.70,39.20
2026-05-11T19:10:25.258351,52.20,100.00,51.70,43.00
2026-05-11T19:10:25.961378,60.20,100.00,62.00,55.80
2026-05-11T19:10:26.664160,57.00,100.00,57.00,51.80
2026-05-11T19:10:27.366687,17.60,100.00,14.90,10.80
2026-05-11T19:10:28.070064,55.60,100.00,55.60,49.40
2026-05-11T19:10:28.772791,54.50,100.00,55.10,48.80
2026-05-11T19:10:29.475285,43.90,100.00,45.20,36.80
2026-05-11T19:10:30.177873,16.20,100.00,13.60,7.90
2026-05-11T19:10:30.880769,42.50,100.00,41.20,37.70
2026-05-11T19:10:31.583585,60.20,100.00,62.10,56.30
2026-05-11T19:10:32.286471,66.30,100.00,67.00,62.90
2026-05-11T19:10:34.815159,76.00,30.40,75.80,71.50
2026-05-11T19:10:35.760643,67.50,94.70,67.80,66.90
2026-05-11T19:10:36.463614,74.70,100.00,74.70,71.30
2026-05-11T19:10:37.166506,56.30,100.00,57.30,56.70
2026-05-11T19:10:37.869103,37.20,100.00,38.70,35.90
2026-05-11T19:10:38.571971,21.40,100.00,19.40,20.60
2026-05-11T19:10:39.274998,66.70,100.00,67.40,63.30
2026-05-11T19:10:39.978080,61.10,100.00,62.00,61.50
2026-05-11T19:10:40.680880,60.90,100.00,61.30,55.70
2026-05-11T19:10:41.383685,51.70,100.00,54.30,48.80
2026-05-11T19:10:42.085904,19.40,100.00,17.10,13.20
2026-05-11T19:10:42.788618,30.80,100.00,28.90,23.60
2026-05-11T19:10:43.491648,50.00,100.00,51.10,45.70
2026-05-11T19:10:44.195184,67.00,100.00,67.70,62.90
2026-05-11T19:10:44.897821,46.90,100.00,45.60,41.60
2026-05-11T19:10:45.600826,35.10,100.00,35.10,27.90
2026-05-11T19:10:46.305364,77.00,100.00,77.00,73.00
2026-05-11T19:10:47.008825,66.70,100.00,67.40,64.00
2026-05-11T19:10:47.711246,50.60,100.00,50.00,48.20
2026-05-11T19:10:48.413582,7.70,100.00,10.30,4.60
2026-05-11T19:10:49.117586,78.50,100.00,76.90,74.10
2026-05-11T19:10:49.820047,56.00,100.00,54.80,50.70
2026-05-11T19:10:50.522897,16.70,100.00,13.80,15.20
2026-05-11T19:10:51.226862,80.20,100.00,79.30,75.90
2026-05-11T19:10:51.929296,50.00,100.00,45.90,43.20
2026-05-11T19:10:52.631927,32.40,100.00,35.90,28.60
2026-05-11T19:10:53.335042,60.20,100.00,59.30,56.20
2026-05-11T19:10:54.038687,69.20,100.00,68.80,65.60
2026-05-11T19:10:54.742932,75.60,100.00,75.30,71.60
2026-05-11T19:10:55.447205,82.10,100.00,82.10,78.20
2026-05-11T19:10:56.151091,77.90,100.00,77.00,73.60
2026-05-11T19:10:56.854921,80.70,100.00,79.50,75.90
2026-05-11T19:10:57.558818,84.00,100.00,84.10,79.80
2026-05-11T19:10:58.261973,80.00,100.00,80.20,74.40
2026-05-11T19:10:58.964502,48.70,100.00,47.40,44.00
2026-05-11T19:10:59.667832,41.80,100.00,42.50,38.20
2026-05-11T19:11:00.371469,70.80,100.00,71.40,66.30
2026-05-11T19:11:01.074610,82.90,100.00,81.90,77.40
2026-05-11T19:11:01.777859,73.50,100.00,73.80,70.10
2026-05-11T19:11:02.480725,58.70,100.00,59.10,53.50
2026-05-11T19:11:03.183137,14.50,100.00,10.60,6.30
2026-05-11T19:11:03.886275,44.40,100.00,43.20,39.70
2026-05-11T19:11:04.589435,62.00,100.00,62.80,58.70
2026-05-11T19:11:05.292616,63.20,100.00,63.20,58.40
2026-05-11T19:11:05.995657,69.20,100.00,68.80,64.00
2026-05-11T19:11:06.699098,71.40,100.00,71.10,67.40
2026-05-11T19:11:07.403055,72.20,100.00,71.70,67.40
2026-05-11T19:11:08.105627,28.80,100.00,25.70,22.90
2026-05-11T19:11:08.809517,48.70,100.00,48.10,43.80
2026-05-11T19:11:09.513165,77.40,100.00,76.50,73.60
2026-05-11T19:11:10.216184,48.20,100.00,48.80,42.50
2026-05-11T19:11:10.919209,45.20,100.00,45.30,39.00
2026-05-11T19:11:11.621788,40.00,100.00,42.20,34.20
2026-05-11T19:11:12.324455,27.40,100.00,25.40,21.70
2026-05-11T19:11:13.027124,36.40,100.00,35.10,30.10
2026-05-11T19:11:13.730215,49.40,100.00,50.60,45.00
2026-05-11T19:11:14.433288,66.70,100.00,66.70,62.90
2026-05-11T19:11:15.136130,44.60,100.00,43.40,38.50
2026-05-11T19:11:15.839190,48.20,100.00,51.70,42.50
2026-05-11T19:11:16.542444,58.20,100.00,58.70,54.50
2026-05-11T19:11:17.247147,82.90,100.00,81.90,77.90
2026-05-11T19:11:17.949756,42.70,100.00,43.20,38.90
2026-05-11T19:11:18.652089,18.60,100.00,14.70,7.80
2026-05-11T19:11:19.354391,10.30,100.00,9.10,6.20
2026-05-11T19:11:20.057918,62.70,100.00,61.90,57.80
2026-05-11T19:11:20.760300,58.30,100.00,59.30,53.70
2026-05-11T19:11:21.462898,33.30,100.00,33.80,23.20
2026-05-11T19:11:22.166450,73.60,100.00,73.60,69.80
2026-05-11T19:11:22.870277,78.80,100.00,79.10,74.70
2026-05-11T19:11:23.573793,76.50,100.00,75.30,69.10
2026-05-11T19:11:24.276333,18.60,100.00,16.20,13.40
2026-05-11T19:11:24.978979,17.40,100.00,13.40,6.30
2026-05-11T19:11:25.681266,18.30,100.00,13.20,9.10
2026-05-11T19:11:26.383616,11.90,100.00,11.90,6.30
2026-05-11T19:11:27.085889,10.30,100.00,7.60,4.60
2026-05-11T19:11:27.789125,37.80,100.00,38.20,33.80
2026-05-11T19:11:28.492996,72.70,100.00,73.60,69.70
2026-05-11T19:11:29.197133,78.20,100.00,77.00,72.10
2026-05-11T19:11:29.900719,62.10,100.00,62.50,57.10
2026-05-11T19:11:30.603589,55.20,100.00,55.20,48.70
2026-05-11T19:11:31.307340,73.30,100.00,72.10,68.50
2026-05-11T19:11:32.010091,43.00,100.00,42.30,35.60
2026-05-11T19:11:32.712954,38.50,100.00,38.70,31.50
2026-05-11T19:11:33.416300,57.80,100.00,59.60,51.20
2026-05-11T19:11:34.119674,68.50,100.00,67.00,63.30
2026-05-11T19:11:34.823126,70.00,100.00,69.20,65.20
2026-05-11T19:11:35.526205,67.40,100.00,67.00,64.80
2026-05-11T19:11:36.228633,13.40,100.00,13.40,9.20
2026-05-11T19:11:36.932629,61.00,100.00,59.20,59.20
2026-05-11T19:11:37.635939,84.10,100.00,82.90,79.80
2026-05-11T19:11:38.340196,84.10,100.00,84.10,80.00
2026-05-11T19:11:39.044046,77.60,100.00,75.90,71.60
2026-05-11T19:11:39.746898,62.10,100.00,60.70,57.60
2026-05-11T19:11:40.449279,42.50,100.00,44.00,34.20
2026-05-11T19:11:41.152593,58.20,100.00,60.60,52.90
2026-05-11T19:11:41.855361,54.40,100.00,53.90,46.30
2026-05-11T19:11:42.558375,50.60,100.00,53.30,45.20
2026-05-11T19:11:43.262012,64.90,100.00,65.60,60.20
2026-05-11T19:11:43.965633,67.80,100.00,68.10,63.30
2026-05-11T19:11:44.669274,62.80,100.00,63.60,57.60
2026-05-11T19:11:45.372040,46.50,100.00,46.50,36.80
2026-05-11T19:11:46.074998,55.10,100.00,56.50,51.20
2026-05-11T19:11:46.777725,53.40,100.00,54.90,48.80
2026-05-11T19:11:47.480589,46.50,100.00,48.30,42.00
2026-05-11T19:11:48.185126,80.00,100.00,78.30,73.30
2026-05-11T19:11:48.889729,80.50,100.00,82.10,75.30
2026-05-11T19:11:49.594717,74.70,100.00,74.40,70.60
2026-05-11T19:11:50.297247,38.00,100.00,38.30,29.20
2026-05-11T19:11:50.999440,25.00,100.00,25.00,15.40
2026-05-11T19:11:51.702260,26.40,100.00,29.30,21.70
2026-05-11T19:11:52.405204,44.00,100.00,43.40,33.80
2026-05-11T19:11:53.107570,18.30,100.00,19.40,11.90
2026-05-11T19:11:53.811873,45.90,100.00,45.30,41.90
2026-05-11T19:11:54.515297,77.90,100.00,77.60,72.10
2026-05-11T19:11:55.218685,79.80,100.00,79.50,74.70
2026-05-11T19:11:55.921153,52.60,100.00,55.00,48.00
2026-05-11T19:11:56.624180,43.60,100.00,45.10,39.50
2026-05-11T19:11:57.328298,79.50,100.00,79.80,76.50
2026-05-11T19:11:58.033468,79.80,100.00,80.00,77.00
2026-05-11T19:11:58.738339,82.90,100.00,83.10,80.00
2026-05-11T19:11:59.442434,84.10,100.00,84.00,78.60
2026-05-11T19:12:00.145867,58.90,100.00,58.90,54.10
2026-05-11T19:12:00.848330,42.00,100.00,41.20,33.80
2026-05-11T19:12:01.550622,19.70,100.00,14.90,7.90
2026-05-11T19:12:02.252781,10.30,100.00,6.10,6.00
2026-05-11T19:12:02.956129,41.50,100.00,42.20,37.20
2026-05-11T19:12:03.659355,56.70,100.00,57.10,49.40
2026-05-11T19:12:04.362577,51.70,100.00,51.10,43.00
2026-05-11T19:12:05.065847,72.10,100.00,71.60,67.40
2026-05-11T19:12:05.769012,67.80,100.00,67.00,61.20
2026-05-11T19:12:06.472141,55.60,100.00,53.90,51.70
2026-05-11T19:12:07.175112,73.90,100.00,73.60,68.50
2026-05-11T19:12:07.878396,70.80,100.00,70.50,65.50
2026-05-11T19:12:08.581346,62.80,100.00,63.20,58.80
2026-05-11T19:12:09.283945,13.00,100.00,9.10,6.20
2026-05-11T19:12:09.987383,51.80,100.00,52.40,48.10
2026-05-11T19:12:10.690194,58.10,100.00,57.60,52.40
2026-05-11T19:12:11.392978,35.00,100.00,33.30,24.30
2026-05-11T19:12:12.096233,55.60,100.00,54.50,51.10
2026-05-11T19:12:12.799638,60.20,100.00,59.80,52.90
2026-05-11T19:12:13.502859,60.00,100.00,60.60,55.20
2026-05-11T19:12:14.206427,81.00,100.00,81.00,76.50
2026-05-11T19:12:14.910894,82.90,100.00,82.90,77.40
2026-05-11T19:12:15.614351,81.70,100.00,81.70,76.50
2026-05-11T19:12:16.317884,63.00,100.00,63.40,57.80
2026-05-11T19:12:17.020723,64.50,100.00,64.90,60.20
2026-05-11T19:12:17.723406,68.10,100.00,67.80,63.70
2026-05-11T19:12:18.427443,70.80,100.00,70.70,65.60
2026-05-11T19:12:19.129961,22.70,100.00,19.40,14.50
2026-05-11T19:12:19.833119,50.00,100.00,48.70,43.40
2026-05-11T19:12:20.538726,79.50,100.00,78.80,74.70
2026-05-11T19:12:21.242048,84.00,100.00,84.00,78.60
2026-05-11T19:12:21.944732,44.90,100.00,42.70,36.60
2026-05-11T19:12:22.647418,25.60,100.00,18.30,13.20
2026-05-11T19:12:23.350246,39.80,100.00,39.00,30.70
2026-05-11T19:12:24.053530,55.40,100.00,54.30,50.00
2026-05-11T19:12:24.756399,59.10,100.00,61.10,55.60
2026-05-11T19:12:25.459396,62.00,100.00,62.50,58.70
2026-05-11T19:12:26.163433,76.70,100.00,75.60,72.70
2026-05-11T19:12:26.867507,79.50,100.00,80.00,74.10
2026-05-11T19:12:27.571277,83.30,100.00,80.70,76.50
2026-05-11T19:12:28.275333,83.70,100.00,84.10,78.30
2026-05-11T19:12:28.979254,84.10,100.00,82.70,78.80
2026-05-11T19:12:29.682977,84.10,100.00,83.10,78.30
2026-05-11T19:12:30.385840,81.00,100.00,81.00,77.00
2026-05-11T19:12:31.089156,72.70,100.00,72.50,67.00
2026-05-11T19:12:31.793955,77.90,100.00,77.60,72.70
2026-05-11T19:12:32.498059,86.20,100.00,84.10,78.60
2026-05-11T19:12:33.205221,89.50,100.00,88.50,82.10
2026-05-11T19:12:33.907839,51.40,100.00,50.00,45.80
2026-05-11T19:12:34.610269,22.20,100.00,18.80,15.20
2026-05-11T19:12:35.312907,39.50,100.00,39.50,31.10
2026-05-11T19:12:36.016390,59.80,100.00,59.80,55.30
2026-05-11T19:12:36.718815,55.30,100.00,54.70,51.20
2026-05-11T19:12:37.421305,14.90,100.00,16.40,13.60
2026-05-11T19:12:38.124259,28.40,100.00,25.00,21.40
2026-05-11T19:12:38.826914,28.80,100.00,28.40,23.20
2026-05-11T19:12:39.529382,27.80,100.00,29.30,21.70
2026-05-11T19:12:40.232321,60.60,100.00,61.30,55.70
2026-05-11T19:12:40.936036,64.40,100.00,63.70,59.10
2026-05-11T19:12:41.639920,71.10,100.00,71.10,65.90
2026-05-11T19:12:42.345545,85.90,100.00,86.10,80.00
2026-05-11T19:12:43.049003,75.00,100.00,75.00,70.80
2026-05-11T19:12:43.752147,68.90,100.00,68.90,63.20
2026-05-11T19:12:44.455369,60.20,100.00,60.60,56.20
2026-05-11T19:12:45.158329,48.20,100.00,50.60,44.60
2026-05-11T19:12:45.861257,44.60,100.00,45.90,41.30
2026-05-11T19:12:46.564228,43.90,100.00,43.20,38.20
2026-05-11T19:12:47.268070,78.20,100.00,77.60,71.30
2026-05-11T19:12:47.970537,31.90,100.00,32.40,29.20
2026-05-11T19:12:48.672881,10.10,100.00,6.10,6.00
2026-05-11T19:12:49.375317,16.20,100.00,15.90,6.30
2026-05-11T19:12:50.078472,64.40,100.00,63.50,60.70
2026-05-11T19:12:50.782337,71.40,100.00,71.40,67.00
2026-05-11T19:12:51.485583,67.40,100.00,67.40,63.20
2026-05-11T19:12:52.188420,43.50,100.00,45.30,37.20
2026-05-11T19:12:52.891386,54.00,100.00,55.10,50.60
2026-05-11T19:12:53.594387,63.40,100.00,62.80,59.60
2026-05-11T19:12:54.297371,64.80,100.00,66.70,60.20
2026-05-11T19:12:55.000530,57.60,100.00,56.70,52.30
2026-05-11T19:12:55.702968,44.60,100.00,46.50,41.20
2026-05-11T19:12:56.405379,16.70,100.00,18.80,10.90
2026-05-11T19:12:57.109008,73.50,100.00,73.20,66.30
2026-05-11T19:12:57.818505,75.30,100.00,77.30,72.10
2026-05-11T19:12:58.522116,73.60,100.00,74.40,69.00
2026-05-11T19:12:59.224888,49.40,100.00,50.60,43.90
2026-05-11T19:12:59.927673,48.90,100.00,48.30,44.00
2026-05-11T19:13:00.631144,54.00,100.00,53.50,47.50
2026-05-11T19:13:01.334281,77.00,100.00,77.00,73.60
2026-05-11T19:13:02.037953,81.90,100.00,81.90,75.60
2026-05-11T19:13:02.741194,76.50,100.00,76.70,72.10
2026-05-11T19:13:03.444732,63.00,100.00,63.40,59.60
2026-05-11T19:13:04.148309,70.80,100.00,71.00,65.20
2026-05-11T19:13:04.850925,45.60,100.00,44.70,42.30
2026-05-11T19:13:05.553306,15.70,100.00,14.50,9.20
2026-05-11T19:13:06.256380,56.00,100.00,56.50,50.60
2026-05-11T19:13:06.959678,73.30,100.00,71.80,68.20
2026-05-11T19:13:07.663611,80.00,100.00,80.50,74.70
2026-05-11T19:13:08.366986,80.00,100.00,79.80,75.00
2026-05-11T19:13:09.070427,75.00,100.00,76.10,71.90
2026-05-11T19:13:09.773221,67.00,100.00,65.90,62.50
2026-05-11T19:13:10.476226,53.90,100.00,57.00,51.20
2026-05-11T19:13:11.179644,81.70,100.00,80.70,76.50
2026-05-11T19:13:11.884089,84.10,100.00,84.30,77.90
2026-05-11T19:13:12.588072,85.00,100.00,85.20,81.00
2026-05-11T19:13:13.291789,89.70,100.00,88.60,82.10
2026-05-11T19:13:13.996139,82.90,100.00,84.00,79.50
2026-05-11T19:13:14.699106,70.20,100.00,69.40,66.70
2026-05-11T19:13:15.401975,45.20,100.00,44.70,40.00
2026-05-11T19:13:16.105138,61.50,100.00,61.10,56.80
2026-05-11T19:13:16.808872,69.30,100.00,70.00,65.20
2026-05-11T19:13:17.512757,75.60,100.00,74.40,70.60
2026-05-11T19:13:18.235283,15.70,11.30,9.00,10.40
2026-05-11T19:13:19.132066,33.00,90.90,33.30,28.40
2026-05-11T19:13:19.834999,34.20,100.00,28.80,22.90
2026-05-11T19:13:20.537716,33.80,100.00,34.70,25.00
2026-05-11T19:13:21.241401,75.90,100.00,77.00,71.90
2026-05-11T19:13:21.944792,81.90,100.00,80.70,75.00
2026-05-11T19:13:22.649472,84.00,100.00,84.10,77.40
2026-05-11T19:13:23.353452,86.20,100.00,85.00,79.50
2026-05-11T19:13:24.056742,66.70,100.00,65.90,58.30
2026-05-11T19:13:24.759619,67.80,100.00,69.30,64.40
2026-05-11T19:13:25.464003,83.30,100.00,84.30,78.80
2026-05-11T19:13:26.169014,85.20,100.00,85.90,79.80
2026-05-11T19:13:26.872882,80.00,100.00,81.00,75.60
2026-05-11T19:13:27.576154,68.70,100.00,68.60,64.00
2026-05-11T19:13:28.278731,14.50,100.00,9.20,6.30
2026-05-11T19:13:28.981136,25.40,100.00,26.00,21.10
2026-05-11T19:13:29.683872,37.50,100.00,36.70,27.10
2026-05-11T19:13:30.386746,52.30,100.00,53.80,47.00
2026-05-11T19:13:31.089123,20.30,100.00,20.30,17.60
2026-05-11T19:13:31.792345,39.00,100.00,39.70,35.50
2026-05-11T19:13:32.495944,63.70,100.00,63.40,59.10
2026-05-11T19:13:33.199734,82.70,100.00,82.90,75.90
2026-05-11T19:13:33.902418,57.00,100.00,57.50,53.20
2026-05-11T19:13:34.605348,33.30,100.00,30.70,22.90
2026-05-11T19:13:35.307735,7.40,100.00,4.50,3.00
2026-05-11T19:13:36.010665,65.40,100.00,66.70,63.30
2026-05-11T19:13:36.715008,83.10,100.00,83.70,80.00
2026-05-11T19:13:37.418813,85.50,100.00,86.40,80.50
2026-05-11T19:13:38.121292,55.70,100.00,56.20,51.20
2026-05-11T19:13:38.824636,68.20,100.00,68.60,63.50
2026-05-11T19:13:39.527569,82.70,100.00,81.70,76.20
2026-05-11T19:13:40.230356,50.60,100.00,51.10,42.50
2026-05-11T19:13:40.933551,61.40,100.00,61.10,57.50
2026-05-11T19:13:41.637160,70.00,100.00,70.00,64.80
2026-05-11T19:13:42.340864,81.90,100.00,81.90,77.60
2026-05-11T19:13:43.043619,39.20,100.00,37.50,32.90
2026-05-11T19:13:43.745901,21.70,100.00,19.40,13.80
2026-05-11T19:13:44.448306,15.90,100.00,10.80,9.20
2026-05-11T19:13:45.152065,69.00,100.00,69.70,65.90
2026-05-11T19:13:45.854413,44.90,100.00,44.20,39.50
2026-05-11T19:13:46.556910,11.60,100.00,7.50,4.60
2026-05-11T19:13:47.259259,19.40,100.00,20.30,13.80
2026-05-11T19:13:47.962485,66.20,100.00,67.60,62.30
2026-05-11T19:13:48.666244,79.00,100.00,79.00,75.30
2026-05-11T19:13:49.369443,54.90,100.00,55.40,47.60
2026-05-11T19:13:50.071728,18.10,100.00,16.70,11.80
2026-05-11T19:13:50.774180,12.90,100.00,7.70,6.20
2026-05-11T19:13:51.476737,18.60,100.00,14.70,9.20
2026-05-11T19:13:52.179987,50.60,100.00,52.20,50.60
2026-05-11T19:13:52.882807,30.30,100.00,30.30,33.30
2026-05-11T19:13:53.585375,9.10,100.00,6.20,7.60
2026-05-11T19:13:54.288263,6.20,100.00,7.50,4.70
2026-05-11T19:13:54.992107,60.80,100.00,61.00,62.80
2026-05-11T19:13:55.695389,73.30,100.00,72.40,76.10
2026-05-11T19:13:56.398890,61.50,100.00,62.40,68.10
2026-05-11T19:13:57.104622,83.10,100.00,83.50,89.60
2026-05-11T19:13:57.807227,51.40,100.00,51.40,54.90
2026-05-11T19:13:58.509851,10.40,100.00,7.60,4.70
2026-05-11T19:13:59.305293,43.30,68.80,42.90,37.30
