Random waveform, supplied seed
Total number of intervals = 1800 (6927, 52892, 98921, 61129, 40613, 53226, 38560, 103465, 104758, 94759, 37799, 8296, 69443, 12517, 43591, 20430, 93758, 10485, 16518, 83230, 5484, 55611, 20774, 96726, 32442, 73039, 74055, 51197, 59442, 35654, 78747, 42212, 52488, 36950, 16762, 79473, 61431, 87172, 108181, 80515, 37149, 13444, 72057, 70041, 90162, 52082, 24258, 72013, 58012, 45398, 50177, 34504, 66010, 73937, 55020, 53235, 97743, 5419, 14764, 7451, 48208, 16149, 78989, 18886, 75954, 44409, 16431, 85707, 58253, 103867, 21604, 90401, 84467, 99700, 32052, 18173, 67789, 51929, 83850, 18614, 29315, 108090, 27024, 49907, 9150, 34328, 51881, 14569, 81517, 78694, 93409, 39093, 18729, 70818, 21942, 91810, 39588, 40957, 62645, 15539, 107672, 32954, 58866, 23739, 54701, 60706, 72350, 58661, 34912, 103268, 38703, 83358, 57408, 86837, 33517, 66204, 73758, 99742, 109462, 94453, 44096, 100467, 8576, 59359, 7614, 60329, 43762, 67038, 26095, 71173, 109276, 13150, 61250, 84472, 82226, 27671, 98736, 106314, 105027, 96867, 89493, 50538, 22083, 48618, 94298, 63579, 64573, 77178, 29824, 64495, 20917, 85651, 61935, 50216, 72251, 71798, 19701, 24952, 81838, 26648, 24837, 29420, 103882, 70314, 61679, 49557, 19325, 9128, 94933, 24327, 71896, 93771, 20452, 42338, 72627, 80603, 49049, 92305, 56889, 78036, 71583, 72609, 107382, 86530, 16550, 84534, 72631, 49291, 62175, 80213, 16566, 53985, 101949, 24076, 52574, 106271, 105451, 86087, 29108, 101115, 74326, 75832, 94901, 15809, 28874, 51882, 32653, 41676, 63019, 99164, 47055, 62394, 98519, 32122, 49464, 24034, 77363, 91698, 38997, 86028, 83012, 15024, 56640, 97362, 107412, 65030, 79278, 47544, 105368, 58181, 56960, 14849, 63672, 48289, 11797, 10781, 49362, 102119, 46213, 97025, 18351, 21426, 43013, 67376, 36043, 6255, 102499, 26263, 56974, 40869, 46514, 11431, 58600, 68058, 54502, 64022, 52142, 101375, 40606, 47485, 48977, 38615, 80279, 75843, 67095, 41325, 55752, 85561, 14194, 88002, 90515, 109283, 26699, 37400, 19307, 11527, 83787, 22209, 75169, 73833, 94641, 61338, 91825, 77235, 37257, 32057, 108618, 72930, 43714, 87369, 56640, 97360, 79788, 11352, 87962, 40663, 59386, 48302, 19398, 82197, 77387, 72753, 7720, 46279, 42102, 90892, 39976, 61084, 16735, 45909, 28976, 84704, 101822, 92571, 12106, 58568, 51319, 21556, 14191, 29072, 16350, 86891, 104441, 8906, 42175, 51797, 76678, 19630, 100132, 40498, 108559, 23964, 70760, 99567, 107548, 53742, 103931, 60359, 9725, 52014, 40053, 86436, 23983, 66595, 26056, 51764, 40202, 76665, 11133, 80405, 79106, 97258, 36307, 28636, 41620, 75736, 44979, 31478, 37586, 108330, 64301, 11203, 7291, 87477, 77485, 42055, 26865, 94592, 66869, 17835, 55977, 82437, 15775, 87559, 105401, 88752, 94531, 101303, 86640, 84818, 20221, 43599, 52779, 89855, 48532, 107423, 46535, 47535, 49633, 30334, 17207, 106074, 48912, 96483, 39228, 92350, 85084, 81993, 101617, 16730, 71079, 108942, 55406, 42279, 21876, 34140, 42897, 18462, 100375, 41347, 101594, 47486, 73393, 51134, 58201, 71020, 72071, 93446, 28724, 59269, 74624, 52368, 9687, 44165, 6895, 55457, 61164, 108384, 33319, 97895, 39720, 68554, 86849, 30264, 100754, 98098, 86028, 93054, 42348, 29490, 18187, 95113, 8570, 62285, 52582, 34260, 59493, 58208, 93458, 18056, 94134, 37808, 53481, 25666, 108853, 41576, 70282, 45769, 92383, 12100, 67747, 68933, 63242, 72993, 51022, 67069, 24895, 68588, 42706, 49479, 64792, 73879, 31893, 74262, 57246, 91617, 55173, 108633, 15720, 99961, 102613, 57169, 56950, 49938, 5383, 39719, 36653, 69482, 46749, 65109, 46501, 109480, 69433, 58157, 70737, 34617, 77563, 90036, 36689, 46832, 104903, 14153, 21674, 5689, 37781, 15507, 102064, 71340, 79815, 44352, 109562, 86219, 47335, 41962, 45802, 13389, 95780, 87844, 55903, 100902, 70988, 53831, 26948, 32347, 41050, 56197, 94617, 71839, 79082, 107630, 60164, 97878, 63680, 73888, 65499, 96906, 103287, 49664, 32535, 46477, 7459, 74137, 57061, 34213, 7432, 41605, 32998, 61636, 64695, 14063, 91302, 6064, 41354, 19863, 19488, 14040, 19538, 20199, 106657, 92457, 92780, 68203, 81753, 57748, 21027, 49680, 82042, 93691, 45291, 30437, 67422, 69956, 35404, 80225, 105585, 20088, 12672, 15696, 25951, 65007, 10189, 78008, 12678, 15922, 41774, 38788, 34559, 54825, 42697, 12669, 70047, 96137, 92934, 20597, 66597, 59987, 58456, 59958, 98221, 55912, 39018, 18747, 60013, 85584, 84809, 85435, 94907, 16437, 78505, 77219, 86414, 73427, 100497, 96416, 71637, 33216, 58699, 53809, 72797, 107267, 55877, 70507, 46741, 36507, 30697, 25261, 25212, 33805, 76345, 95558, 28428, 21673, 89018, 46753, 34034, 47329, 56893, 38690, 79988, 107429, 43713, 76624, 71700, 40703, 95489, 18531, 99369, 29286, 42988, 69249, 7889, 51783, 38634, 86204, 109534, 45136, 59949, 61681, 76329, 44322, 20698, 84853, 75889, 98396, 53818, 26200, 54761, 12268, 52324, 106440, 7154, 87362, 43716, 26737, 41596, 85490, 77612, 78124, 69632, 39180, 15803, 36987, 19833, 46567, 57368, 36003, 68916, 93229, 46632, 93663, 106418, 60496, 109057, 96861, 86255, 25686, 17483, 29211, 55328, 87592, 23882, 44790, 12236, 42928, 103959, 97347, 68379, 92596, 10055, 29634, 9324, 30076, 100150, 27527, 95171, 40523, 11422, 9200, 42816, 10698, 22301, 48159, 39987, 33067, 62704, 52778, 75981, 74522, 14533, 5566, 78062, 82399, 108638, 93541, 47145, 109796, 26597, 7034, 72616, 13584, 19750, 109139, 15150, 74389, 87266, 108170, 103631, 44587, 66411, 89167, 35723, 85827, 78806, 89641, 14186, 52308, 56743, 38302, 71662, 36015, 65048, 72989, 76390, 24409, 85530, 8346, 69627, 70266, 89525, 70975, 46633, 16963, 109556, 91124, 51505, 93804, 58474, 43487, 61792, 59548, 43635, 27536, 42828, 109424, 78273, 60279, 35178, 67279, 80752, 35012, 7936, 8578, 89696, 5569, 26905, 42389, 84689, 59305, 44512, 72395, 74619, 67302, 57822, 8117, 106178, 25089, 68848, 98941, 78157, 109857, 108875, 86646, 83239, 51061, 89906, 56601, 71203, 95942, 71622, 97182, 27718, 46519, 83197, 79080, 69401, 45684, 18120, 21245, 39039, 67458, 42773, 20690, 63440, 41615, 97229, 86249, 20807, 26130, 30510, 43868, 55324, 20437, 9548, 12101, 72073, 21310, 90755, 51252, 53070, 48181, 97336, 91976, 94742, 66079, 79328, 45235, 35310, 76589, 107175, 78127, 13331, 59382, 87477, 92020, 109297, 42293, 52962, 23492, 12594, 69120, 57144, 57232, 71593, 40799, 29614, 106611, 50009, 47727, 15204, 50703, 60979, 37662, 16932, 100183, 69175, 27515, 106411, 49629, 63537, 88081, 55527, 69558, 60702, 13487, 67037, 8281, 34986, 82336, 101465, 82733, 44752, 104681, 53872, 87376, 70834, 86701, 56054, 106733, 6476, 33857, 15953, 41252, 76853, 32962, 83564, 46260, 46426, 100015, 78102, 24168, 25529, 17342, 71657, 59805, 55558, 79251, 9123, 109516, 41153, 98946, 56315, 92525, 79997, 48998, 67260, 88431, 51359, 60398, 41854, 23797, 83091, 78319, 101978, 97985, 82850, 24622, 99932, 46761, 56274, 24750, 46988, 96633, 32524, 82709, 64734, 44841, 23220, 52173, 87894, 55637, 31153, 30053, 20489, 33457, 16922, 47200, 95934, 42596, 94660, 59804, 37634, 68516, 86478, 101464, 70660, 105480, 41912, 50818, 99610, 99247, 72793, 34890, 49665, 51276, 30810, 42632, 71502, 87471, 95450, 101882, 61422, 36550, 20285, 80275, 99091, 90849, 53477, 67190, 55837, 43938, 73349, 38158, 62627, 21095, 43996, 8918, 19346, 48373, 72207, 57914, 78645, 6581, 25723, 21861, 102729, 15233, 14904, 44168, 49750, 100878, 93330, 75527, 6637, 22677, 69399, 9465, 81491, 68604, 86719, 48219, 105020, 79027, 33669, 9087, 28486, 36839, 46303, 29630, 58735, 15717, 54660, 100453, 84114, 47655, 71572, 97243, 109600, 97814, 46973, 52430, 7146, 64613, 8185, 91736, 50530, 99806, 23088, 39498, 7321, 70463, 55826, 68597, 83723, 93939, 10956, 43150, 61224, 72370, 75062, 66006, 103596, 92033, 10484, 101797, 93004, 55072, 97279, 82336, 94577, 25009, 98952, 62113, 90099, 54206, 36396, 61074, 70494, 44168, 57463, 60314, 105044, 63992, 64734, 38524, 23279, 96010, 68478, 71493, 39521, 73637, 46296, 25879, 11714, 89519, 71339, 63633, 18929, 69661, 8686, 20828, 68811, 108532, 96969, 21773, 90731, 63998, 64446, 32180, 75461, 51464, 47445, 12315, 98965, 71412, 44818, 65032, 10162, 46718, 81555, 93247, 44331, 68373, 99824, 13056, 65920, 28566, 25078, 88903, 108661, 64992, 77433, 15971, 16899, 84638, 35480, 97273, 79139, 25297, 102339, 72458, 90171, 108648, 50499, 103049, 39793, 21064, 40595, 66094, 19325, 13925, 72470, 73495, 86683, 68819, 27253, 105279, 23628, 86180, 28305, 39975, 39392, 9232, 50310, 78444, 92684, 33919, 9652, 84235, 89236, 35182, 29868, 65163, 12137, 61980, 68692, 107979, 44697, 21036, 89648, 38068, 23853, 94618, 79614, 24378, 84735, 90499, 46515, 18830, 83245, 38103, 78351, 11883, 82546, 53356, 21606, 16566, 53192, 108883, 7366, 94850, 93630, 74411, 44291, 18140, 46406, 76568, 67484, 70037, 28245, 95855, 94882, 15781, 77465, 18000, 99573, 99265, 75628, 21273, 99065, 62986, 71174, 26304, 13354, 35658, 39892, 14874, 71766, 106924, 69312, 23069, 31532, 105945, 100442, 7075, 21318, 104020, 78635, 46764, 9723, 13017, 40662, 34465, 46730, 73264, 79688, 108967, 56343, 41842, 19881, 6107, 38731, 31156, 79889, 31951, 105358, 104834, 12457, 72818, 44775, 68489, 52510, 84955, 14282, 87096, 90273, 31352, 19469, 7075, 35529, 84543, 19670, 35779, 80767, 84436, 102570, 64539, 20695, 29052, 109606, 86574, 26386, 30300, 79261, 72798, 23763, 45061, 57867, 28765, 105615, 109800, 92474, 69536, 108847, 37648, 98797, 71781, 45034, 23060, 99559, 78907, 109987, 96463, 14541, 30227, 109068, 73889, 80825, 101968, 28070, 88127, 93037, 85313, 42639, 89688, 77922, 43434, 105109, 104178, 103636, 33841, 65328, 53849, 14112, 65229, 74794, 76657, 92562, 79594, 106208, 94770, 19122, 60408, 98371, 61350, 78813, 5604, 81210, 73960, 28059, 6090, 65353, 55646, 75470, 101368, 20305, 101317, 108543, 81018, 106524, 50658, 43791, 14504, 47555, 67848, 93337, 82735, 79691, 61855, 61378, 27280, 35620, 32911, 76628, 32305, 74231, 69333, 53526, 43970, 92984, 22716, 86539, 73888, 73554, 26912, 44840, 16966, 51903, 71461, 21248, 98493, 105716, 19488, 16605, 75130, 45842, 48598, 67944, 26800, 49959, 54114, 66577, 39563, 40228, 92385, 35189, 34744, 15082, 87824, 33965, 38138, 42450, 65120, 17329, 56524, 36287, 14642, 53127, 67385, 80362, 105193, 50992, 85438, 50475, 15668, 66984, 57056, 45383, 9044, 39958, 67432, 23503, 89906, 60865, 10097, 104385, 16694, 96807, 23545, 53603, 77963, 99004, 89009, 109606, 94996, 26308, 76851, 105149, 51656, 12606, 56950, 58457, 73870, 77558, 18374, 90267, 41486, 34820, 24506, 32392, 65364, 33590, 48637, 99481, 15514, 9896, 78890, 26427, 84648, 105509, 16789, 13784, 13915, 7197, 84754, 93616, 45232, 86355, 23239, 51079, 72839, 73047, 15045, 102659, 102565, 83738, 35346, 55125, 40276, 62712, 75879, 37820, 51426, 37336, 98811, 102611, 30209, 19127, 34838, 12221, 92770, 100281, 28246, 97699, 99005, 102169, 51450, 17676, 7745, 48978, 43452, 90767, 48262, 83478, 76521, 11107, 70605, 26675, 52233, 55622, 99805, 107061, 61661, 67279, 76808, 8778, 97193, 107071, 10948, 28130, 51359, 55853, 90627, 102228, 104734, 106083, 95336, 76589, 103772, 109839, 17359, 31011, 67619, 17471, 24062, 23520, 56489, 69348, 108974, 79285, 54257, 40106, 31207, 94507, 5506, 14400, 78967, 69388, 35215, 58494, 65990, 44222, 19337, 98916, 87381, 40281, 37810, 88453, 101489, 60562, 74653, 11749, 48618, 95605, 92625, 82221, 46975, 96256, 102722, 109956, 93397, 36796, 60338, 88191, 7900, 26617, 25396, 87872, 105715, 108698, 55441, 105384, 106644, 84799, 13372, 25818, 43197, 16342, 60414, 105092, 29202, 5224, 104734, 106273, 44596, 108135, 41488, 68048, 101205, 22018, 14763, 80132, 8180, 20631, 109472, 46664, 6150, 16610, 42753, 9304, 8734, 89512, 58784, 104359, 8750, 31858, 20648, 91120, 91975, 79487, 93804, 47660, 53383, 60697, 19954, 76807, 102724, 36517, 90439, 92826, 99778, 87276, 67275, 10087, 41900, 60263, 79470, 20947, 79025, 93419, 86804, 11405, 33882, 8430, 7942, 105057, 82445, 40392, 16556, 91947, 28551, 78108, 18719, 13168, 48375, 98215, 62057, 94693, 92475, 83505, 109987, 93810, 56123, 20359, 54191, 97761, 101798, 11665, 93664, 7403, 73227, 91119, 76654, 52293, 15050, 88148, 13524, 54805, 14412, 68941, 89820, 91153, 24369, 42486, 27648, 31851, 100322, 94014, 16913, 5947, 77583, 6265, 58967, 40532, 56191, 103011, 24501, 57444, 60289, 103880, 32464, 9285, 109877, 22850, 37879, 90611, 42389, 89747, 18888, 18342, 71509, 93765, 35150, 11581, 51412, 8462, 28740, 11652, 99757, 35286, 87947, 9792, 13638, 75307, 91207, 81855, 100069, 31951, 104976, 87502, 80028, 44225, 72415, 87807, 65557, 14385, 27635, 20715, 55783, 80848, 82586, 104093, 50265, 51931, 10802, 79916, 50498, 75863, 88817, 27861, 33910, 65491, 60507, 84276, 51201, 22706, 33092, 67167, 97349, 105743, 53600, 21310, 76417, 43763, 73896, 97794, 21446, 49988, 7122, 83763, 41140, 95462, 104165, 100019, 35421, 55637, 34477, 37440, 64960, 58635, 21487, 14640, 21957, 43413, 68826, 42244, 65554, 72635, 8234, 85104, 97153)
Average QPS expected = 58283
Timestamp start: 1778930394016
Timestamp end: 1778932194867

#type       avg     std     min      p5     p10     p50     p67     p75     p80     p85     p90     p95     p99    p999   p9999      QPS   target
read      225.9    63.6   109.4   153.2   165.6   218.0   243.0   256.2   266.0   275.8   291.1   312.7   367.6   626.2  2634.1   6674.0     6927
read      278.1   118.0    80.4   131.3   146.8   259.9   319.6   351.9   377.7   404.0   437.8   487.4   592.5   790.9   940.2  52779.0    52892
read      285.4   207.6    74.4   126.7   141.4   238.2   297.1   331.7   359.1   394.5   447.2   563.0  1070.8  2574.8  3438.2  98289.0    98921
read      260.8   101.0    74.4   129.7   144.4   245.9   303.2   330.9   349.6   372.5   398.3   434.6   508.3   730.9  1155.2  61335.0    61129
read      268.5    91.4    80.4   138.3   153.5   267.0   313.1   334.0   347.7   366.0   388.1   420.9   490.9   591.8   870.4  40483.0    40613
read      264.5   125.4    74.4   131.1   146.2   251.9   306.3   332.5   350.0   370.4   394.6   431.5   514.6   847.8  4037.6  53385.0    53226
read      269.8    95.1    80.4   139.8   155.9   268.0   314.3   335.0   348.4   365.5   386.3   416.9   484.2   595.0  1564.2  38800.0    38560
read      255.9   119.4    74.4   127.6   142.0   232.9   287.4   316.2   337.3   363.3   397.2   448.3   571.0   940.4  2744.0 103206.0   103465
read      261.7   112.0    74.4   129.4   144.1   238.7   293.7   322.9   344.7   372.3   406.9   462.6   621.0   924.8  1323.6 104392.0   104758
read      257.0   111.2    74.4   127.6   141.7   234.9   290.2   319.2   340.5   366.5   399.1   449.9   572.1   875.8  2174.7  93819.0    94759
read      272.9    91.3    86.8   140.4   156.7   273.6   317.0   337.8   352.4   370.1   391.6   423.0   492.5   594.0  1149.8  37570.0    37799
read      240.0    90.1    93.8   157.5   173.0   233.3   260.0   273.1   282.8   293.3   308.5   332.9   393.3   639.2  4261.0   8370.0     8296
read      292.6   198.0    80.4   127.7   142.0   251.1   318.0   358.8   390.9   428.9   474.8   549.6   913.4  2190.1  3957.3  68950.0    69443
read      248.7    72.7    93.8   155.4   170.2   247.0   274.7   288.4   296.9   309.7   323.8   345.3   402.7   703.7  1601.1  12632.0    12517
read      283.1   134.8    80.4   137.0   152.3   268.1   324.5   354.2   376.5   399.6   429.4   474.2   582.7  1685.4  2863.3  43351.0    43591
read      270.6   114.4    86.8   152.4   168.0   269.9   304.4   320.8   333.8   346.9   368.1   400.3   468.7   624.8  3761.2  20633.0    20430
read      328.0   344.9    74.4   131.2   147.0   256.4   323.0   367.8   402.5   449.2   519.9   684.4  1471.2  3714.0  7937.4  93639.0    93758
read      243.1   172.5    93.8   154.5   168.8   234.4   260.4   273.4   283.3   293.8   309.9   335.7   407.7  1257.1  7820.9  10557.0    10485
read      259.3    65.9    93.8   156.7   173.3   260.1   289.5   304.1   313.8   324.7   339.9   366.3   432.0   569.3   714.0  16290.0    16518
read      299.5   178.9    80.4   129.9   145.3   252.5   319.7   365.0   403.2   452.6   514.1   627.4   885.0  1560.3  2332.0  82285.0    83230
read      222.6    73.9    93.8   153.6   164.6   213.7   236.0   250.4   260.6   272.0   287.0   310.4   381.8   716.9  3346.5   5577.0     5484
read      277.8   121.5    80.4   130.7   146.1   257.9   318.5   351.4   376.6   407.2   439.8   491.5   587.9   907.2  1276.9  54862.0    55611
read      269.9    80.8    93.8   151.9   167.8   269.2   304.5   321.4   334.7   348.8   370.0   401.6   467.0   675.1   942.4  20933.0    20774
read      324.6   287.6    74.4   129.8   145.3   251.9   319.6   367.6   406.7   461.4   542.3   732.2  1481.2  3317.8  7614.0  97108.0    96726
read      273.5    85.8    80.4   144.8   161.9   274.8   315.3   335.0   347.7   365.4   386.5   416.8   472.2   587.9   680.5  32671.0    32442
read      255.3   104.4    74.4   126.9   140.9   235.5   292.3   321.3   342.3   366.6   396.7   439.4   539.9   716.1   837.9  73104.0    73039
read      254.6   102.8    74.4   125.8   140.2   234.9   291.9   321.2   341.6   366.6   395.6   435.6   533.2   790.6  1113.6  73999.0    74055
read      264.5    98.8    80.4   132.4   147.6   254.9   308.6   333.6   350.6   372.1   396.6   431.3   507.8   664.7  1436.1  50997.0    51197
read      261.6   104.7    80.4   129.3   144.0   246.2   304.1   331.1   349.8   373.0   399.6   437.2   518.3   736.6  2384.2  59554.0    59442
read      270.1    96.5    86.8   140.5   156.5   270.4   313.6   333.9   347.0   364.5   385.3   416.3   477.0   563.7  1952.2  35606.0    35654
read      255.8   122.1    80.4   125.1   139.3   233.9   289.8   318.3   339.4   364.4   396.3   441.7   548.0  1255.8  2890.9  78922.0    78747
read      267.1    89.6    80.4   138.7   154.0   263.7   312.2   334.0   348.0   365.9   386.7   416.5   483.5   583.4   797.8  41842.0    42212
read      263.6    97.2    74.4   132.0   147.2   253.2   309.4   334.8   351.2   369.9   393.9   428.1   498.6   665.7  1435.1  52357.0    52488
read      272.4   106.3    74.4   142.6   158.9   271.7   314.7   334.2   346.4   364.2   385.7   416.9   481.2   647.3  3446.9  36787.0    36950
read      259.2    75.0    93.8   156.9   173.1   260.5   288.0   301.1   310.9   320.7   336.8   362.6   429.0   590.5  2144.2  16814.0    16762
read      291.7   174.0    74.4   127.9   142.4   248.2   314.8   358.3   393.2   435.9   493.9   586.6   853.0  1796.7  2724.3  79605.0    79473
read      276.1   126.1    80.4   128.0   142.3   252.0   315.5   349.8   376.3   407.2   445.9   500.4   625.1   961.0  2252.3  61037.0    61431
read      290.0   194.6    74.4   124.8   139.3   240.2   307.2   349.2   386.4   430.9   490.3   596.2   916.2  2056.3  4015.5  87446.0    87172
read      320.6   301.3    80.4   135.3   151.4   262.1   324.2   361.7   390.7   428.0   486.2   626.2  1472.8  3834.5  7746.5 108152.0   108181
read      252.4   101.8    74.4   125.8   139.6   231.8   288.8   318.1   338.6   363.6   394.6   436.2   533.1   751.1   980.6  80496.0    80515
read      267.1    85.9    80.4   140.9   157.0   267.3   310.3   330.7   344.2   360.3   378.5   408.6   467.9   576.6   684.1  37258.0    37149
read      254.8    80.7   109.4   158.6   174.4   253.7   280.5   294.0   304.2   315.6   331.6   358.4   415.7   585.9  3207.0  13151.0    13444
read      250.7    97.5    80.4   125.0   139.2   232.3   289.6   318.2   337.9   361.5   390.4   429.4   505.2   625.1   845.5  71672.0    72057
read      254.5   114.7    80.4   125.5   139.9   234.8   292.3   320.8   341.1   365.6   394.2   434.3   525.8   751.8  3604.6  69613.0    70041
read      255.0   106.9    80.4   127.5   141.4   233.1   288.9   318.1   339.2   365.2   398.5   445.4   549.0   808.6  1083.8  90185.0    90162
read      266.8   111.5    80.4   133.4   148.9   255.5   310.2   335.7   352.8   371.8   396.7   432.7   506.3   890.3  2507.2  52323.0    52082
read      265.6    78.5    80.4   149.1   164.9   269.2   302.9   318.0   329.4   341.7   359.2   385.9   440.7   556.6  1971.1  24356.0    24258
read      255.7   113.1    74.4   126.3   140.5   235.1   292.8   321.2   341.7   365.9   395.7   437.2   534.6   803.0  2154.4  71126.0    72013
read      262.6    98.9    80.4   130.4   145.5   249.5   306.3   332.8   351.2   373.1   397.8   434.7   508.4   676.5  1105.0  57922.0    58012
read      268.1    96.7    74.4   136.0   151.3   262.7   314.1   337.3   353.3   371.3   394.2   426.5   493.8   631.5  1866.9  45465.0    45398
read      263.8    95.3    80.4   132.8   148.3   255.9   310.0   333.7   349.4   367.8   391.2   424.8   494.1   608.7   873.0  50167.0    50177
read      268.2   117.4    80.4   142.4   158.3   268.0   308.4   326.8   339.3   354.7   374.4   404.4   469.8   644.5  4368.2  34474.0    34504
read      253.7   106.4    74.4   124.4   138.8   235.2   293.2   321.0   340.3   362.5   391.7   432.6   519.5   741.7  2664.5  66334.0    66010
read      250.6   103.1    74.4   123.1   137.1   231.2   288.3   317.4   338.4   362.9   392.6   433.1   519.9   704.7  1146.7  73726.0    73937
read      259.2   105.0    74.4   128.8   142.9   245.5   301.2   328.1   346.0   367.8   395.6   432.5   514.2   668.3  1169.4  55121.0    55020
read      264.3   116.1    80.4   130.9   146.2   250.1   304.9   331.4   349.5   370.6   397.4   434.5   538.6  1027.0  2832.4  53404.0    53235
read      339.4   433.7    80.4   133.0   149.6   263.9   325.6   364.1   394.4   432.2   496.4   675.2  1918.2  6992.1  9388.8  97443.0    97743
read      226.3    61.8   101.3   155.0   167.2   219.0   241.6   253.7   263.1   272.9   287.8   313.7   384.6   684.9  2464.4   5335.0     5419
read      255.2    64.3    86.8   157.3   172.7   255.8   283.7   296.7   307.3   318.2   334.9   360.5   416.2   576.9  1147.9  14602.0    14764
read      233.6    91.4   109.4   155.4   168.0   226.6   251.6   264.9   273.7   285.6   299.0   320.9   379.4   737.4  3959.8   7414.0     7451
read      281.8   145.1    80.4   133.3   148.4   262.6   320.3   352.0   374.9   402.5   433.5   480.8   619.3  1785.9  3346.5  47886.0    48208
read      262.1    87.2    93.8   155.9   171.8   259.8   291.3   307.4   318.3   332.3   347.8   378.6   435.7   909.8  3830.9  15962.0    16149
read      289.5   163.7    80.4   127.3   141.9   246.7   313.5   357.2   393.0   435.6   490.6   578.2   865.4  1514.5  2025.8  78800.0    78989
read      269.2   113.7    93.8   154.1   170.0   267.9   299.5   315.8   327.7   341.3   361.2   392.5   463.0  1104.1  3433.1  18917.0    18886
read      291.4   156.2    74.4   129.4   143.9   251.3   319.7   362.9   395.8   435.8   489.9   579.8   830.1  1346.2  1836.1  75708.0    75954
read      287.5   159.1    74.4   137.8   153.4   269.3   327.8   357.9   379.8   406.2   436.1   486.9   620.4  1979.6  4339.6  44170.0    44409
read      259.5   104.2    93.8   153.1   168.0   254.4   285.7   300.6   312.0   324.7   342.9   371.9   464.1  1337.8  3541.6  16360.0    16431
read      325.8   327.5    80.4   126.5   141.6   250.8   324.4   376.9   418.8   469.4   546.3   710.4  1398.4  4627.2  7891.2  85811.0    85707
read      302.4   191.4    86.8   130.6   145.4   264.3   331.7   373.6   403.9   440.1   489.8   575.0   923.7  2053.5  3949.4  58366.0    58253
read      363.7   429.3    80.4   135.3   152.6   273.2   339.6   381.5   414.8   461.0   542.5   782.4  2530.6  4809.4  7949.9 104191.0   103867
read      264.6    71.8    93.8   153.5   169.5   266.6   298.0   313.5   324.1   337.8   355.3   383.5   438.5   592.1   798.2  21777.0    21604
read      265.4   155.4    80.4   127.6   141.5   235.3   291.1   321.8   344.8   373.6   409.5   468.2   747.7  1786.9  3438.1  90344.0    90401
read      269.5   148.9    80.4   128.2   142.8   240.3   296.7   327.8   350.8   379.5   417.1   477.1   760.8  1740.2  2519.2  84324.0    84467
read      281.9   182.1    80.4   130.8   146.1   245.8   303.1   335.7   360.3   390.7   431.3   506.7   923.3  2271.0  2763.6  99838.0    99700
read      272.5   117.1    86.8   144.3   160.6   269.8   309.8   329.5   343.0   361.1   384.1   419.9   504.8   691.4  2333.5  32015.0    32052
read      264.4    85.4    86.8   157.2   174.3   264.2   293.7   308.5   318.1   331.3   346.3   373.7   439.9   625.9  2729.7  18068.0    18173
read      261.2   113.2    74.4   127.3   141.4   241.4   299.3   328.4   349.4   375.2   405.4   455.0   566.0   852.6  2007.4  67542.0    67789
read      263.0   139.6    80.4   129.9   144.6   249.0   302.9   327.8   344.1   364.4   389.7   426.6   508.0  1930.4  3850.6  51985.0    51929
read      254.8   111.5    74.4   125.6   139.6   233.4   288.8   317.9   339.0   365.5   397.7   444.3   556.5   916.5  2815.6  83972.0    83850
read      264.2    78.0    93.8   155.4   172.3   265.0   294.6   309.9   319.6   333.5   349.3   378.3   436.5   554.2  2806.2  18416.0    18614
read      271.0    81.0    80.4   147.9   163.8   273.9   310.4   327.8   339.8   354.2   371.9   400.0   466.3   642.0   945.9  29041.0    29315
read      263.3   120.9    74.4   130.3   145.4   240.2   294.7   324.1   345.5   372.7   405.6   459.2   616.6  1090.9  1585.7 107802.0   108090
read      261.1    77.3    86.8   144.4   160.4   262.2   298.3   314.5   326.0   340.1   359.1   388.7   456.9   593.7   707.9  27400.0    27024
read      264.5    97.0    80.4   132.0   147.4   256.0   309.7   334.3   351.4   372.5   395.8   430.2   504.6   609.4   946.5  49596.0    49907
read      239.2    63.9   101.3   157.6   171.1   235.5   260.5   273.3   283.4   294.1   309.5   334.1   398.7   592.9  3011.5   9217.0     9150
read      272.4    88.9    86.8   143.6   160.0   272.8   315.2   334.9   347.7   364.9   386.1   418.0   484.5   628.0  1243.4  34219.0    34328
read      295.2   180.6    80.4   133.3   148.9   267.3   330.5   367.3   392.2   421.1   459.4   522.7   765.3  2482.1  3988.8  51965.0    51881
read      261.9   105.4    93.8   157.0   172.2   254.3   285.1   300.5   312.3   325.5   343.7   379.1   542.3  1466.8  3056.9  14641.0    14569
read      313.0   272.7    80.4   128.1   143.0   254.0   324.4   373.3   409.9   453.9   511.4   625.5  1215.8  3749.0  6439.8  81337.0    81517
read      307.3   262.6    80.4   127.7   142.0   251.4   321.3   369.2   405.5   452.8   511.6   626.3   969.8  3943.6  7129.4  79154.0    78694
read      413.4   565.7    80.4   133.3   149.8   270.4   343.1   397.6   446.0   516.6   656.5  1149.7  3170.7  7234.3  8084.0  93094.0    93409
read      275.4    95.0    80.4   142.3   157.8   271.7   319.2   341.9   358.7   377.2   399.5   431.1   506.2   689.2   996.0  39113.0    39093
read      261.2    71.4    80.4   156.4   172.7   262.7   291.9   306.6   316.4   328.6   343.3   369.2   425.7   552.9  1904.4  18777.0    18729
read      263.3   145.3    80.4   127.3   141.6   240.2   297.9   328.4   350.6   377.2   410.1   454.7   564.6  1181.2  4233.7  70233.0    70818
read      267.6   120.4    86.8   152.9   169.6   269.1   300.7   315.4   325.8   338.3   354.2   379.7   436.8   614.8  5876.0  22020.0    21942
read      260.9   128.1    74.4   127.7   141.8   236.3   291.1   320.3   342.6   369.2   403.3   457.8   630.7  1313.7  2525.2  92138.0    91810
read      270.0    93.8    80.4   139.5   155.3   266.9   313.6   335.7   350.8   368.6   390.2   421.3   482.4   626.7  1924.7  39719.0    39588
read      269.1   107.0    80.4   137.6   153.1   264.1   312.2   334.9   350.4   368.9   391.2   423.4   498.8   828.9  2019.6  41144.0    40957
read      258.9   126.4    74.4   127.2   141.3   239.6   297.2   325.8   345.6   369.2   398.5   444.4   543.5   814.9  2925.1  63052.0    62645
read      259.3    76.4    93.8   158.1   175.1   258.8   287.6   301.4   311.9   323.0   339.8   366.0   428.0   583.9  3044.0  15723.0    15539
read      267.0   129.5    74.4   130.4   145.3   241.6   296.9   327.4   350.3   376.9   413.9   471.8   659.6  1206.9  3072.4 106699.0   107672
read      270.1    85.1    80.4   142.9   159.7   271.3   311.5   330.9   344.0   360.7   380.3   407.7   466.2   549.1  1161.9  33021.0    32954
read      261.8   128.9    74.4   129.0   143.1   245.0   300.6   327.8   346.4   369.0   395.8   434.4   531.1  1821.1  3814.6  59644.0    58866
read      265.5    77.6    80.4   149.7   166.1   267.8   301.6   317.5   328.9   341.1   358.7   386.2   442.6   602.2  1274.0  24028.0    23739
read      262.0    98.2    80.4   130.3   145.2   250.6   304.9   331.2   349.0   370.9   396.7   432.0   505.0   641.0  1041.3  54496.0    54701
read      259.5    98.9    74.4   129.0   143.7   243.9   300.9   329.0   348.0   370.6   398.5   436.2   509.2   642.9   746.7  60518.0    60706
read      257.5   104.5    74.4   126.5   140.8   237.9   294.7   324.3   345.1   370.3   401.9   447.0   546.9   761.7  1064.2  72238.0    72350
read      259.7   132.8    74.4   127.3   141.5   243.9   298.2   325.4   343.9   366.6   393.4   431.4   517.9  1515.8  4896.3  58377.0    58661
read      272.9    93.3    86.8   142.2   158.7   272.6   315.6   336.1   349.9   366.7   388.2   420.4   493.7   608.5  1554.9  35176.0    34912
read      265.5   141.7    74.4   127.4   141.9   236.9   292.4   322.8   345.2   373.9   410.1   470.5   711.9  1736.9  2672.1 103735.0   103268
read      273.5    91.2    86.8   142.3   158.1   271.5   318.7   340.3   355.6   372.6   394.4   427.1   497.0   608.2   695.4  38960.0    38703
read      256.9   113.3    74.4   125.9   140.1   233.3   290.3   320.4   342.5   369.1   401.4   452.6   584.0   935.4  1737.3  83469.0    83358
read      258.9   100.8    80.4   128.8   142.8   244.8   300.5   327.3   346.0   368.4   395.3   433.0   524.3   712.2  1039.2  57516.0    57408
read      249.7   115.2    80.4   122.0   136.0   226.7   281.5   311.0   332.5   358.0   391.3   440.9   576.2   979.2  1330.8  86999.0    86837
read      271.9    85.7    86.8   144.5   160.6   272.5   313.7   334.1   347.7   364.8   385.4   415.6   471.0   584.9   722.9  33432.0    33517
read      255.6   125.7    74.4   125.8   139.6   236.1   294.6   322.6   342.8   367.1   396.8   435.8   523.0   741.6  4369.9  65894.0    66204
read      255.5   110.8    80.4   125.8   139.7   233.7   291.5   320.1   340.3   365.6   397.4   443.5   565.5   990.3  1722.3  73709.0    73758
read      270.0   194.9    74.4   126.8   141.0   234.4   290.2   320.1   342.8   371.6   410.4   476.3   873.0  2658.1  5443.4  99358.0    99742
read      303.7   236.8    74.4   135.0   151.4   260.7   319.9   354.6   381.2   413.8   460.5   557.2  1077.3  3136.5  7127.4 108589.0   109462
read      254.2   111.8    74.4   125.1   139.7   232.2   287.1   315.7   336.5   361.5   394.0   446.2   578.7   938.5  2164.4  94341.0    94453
read      260.8    91.3    80.4   133.4   148.3   255.9   303.2   325.7   341.4   360.9   384.5   417.2   483.0   593.4   767.4  43838.0    44096
read      255.7   117.3    74.4   126.3   140.6   232.8   287.0   315.4   336.5   362.1   394.9   448.8   592.6  1076.5  2484.2 100117.0   100467
read      234.8    59.3    86.8   154.4   167.7   229.1   254.5   269.0   279.1   291.7   308.0   333.2   390.7   595.9  1904.5   8768.0     8576
read      252.7    99.5    74.4   126.1   140.3   238.5   293.0   318.4   336.5   357.6   385.0   425.4   504.0   682.1   985.5  58866.0    59359
read      234.2   147.8    93.8   152.9   165.7   222.3   247.5   261.9   271.7   284.2   298.7   326.4   403.5  1774.9  7681.6   7589.0     7614
read      258.9   101.6    74.4   128.5   142.8   244.3   300.9   328.0   345.9   367.7   395.4   435.1   521.0   713.2   944.3  59782.0    60329
read      267.7    91.4    80.4   136.8   152.0   264.5   313.3   335.6   350.4   368.0   389.9   422.1   489.6   591.7   819.1  43634.0    43762
read      260.4   116.6    74.4   127.8   142.4   240.9   299.1   328.1   347.9   373.2   402.9   448.3   539.7   745.6  3814.6  67041.0    67038
read      270.0    93.3    80.4   149.6   166.2   271.8   306.3   322.8   334.8   346.9   367.0   396.4   459.4   637.0  3547.0  25970.0    26095
read      258.8   122.8    74.4   127.0   141.1   237.4   294.4   324.2   344.9   369.6   400.9   447.9   548.2  1035.2  3967.1  70793.0    71173
read      272.2   160.2    80.4   130.9   145.9   242.9   297.3   328.0   350.9   379.5   416.8   478.3   745.2  1972.6  2998.8 108996.0   109276
read      252.6   147.8    86.8   157.1   173.2   246.4   274.5   287.9   296.3   308.2   320.5   344.8   422.4  2024.1  6896.1  13169.0    13150
read      261.6   102.3    74.4   129.4   143.9   245.1   301.8   330.7   351.0   375.0   402.5   445.7   527.7   699.6   917.0  61353.0    61250
read      259.2   116.4    74.4   127.3   141.3   235.3   293.0   323.1   345.1   371.3   404.1   453.4   583.0  1082.3  2027.2  84447.0    84472
read      257.3   114.9    74.4   125.4   139.6   232.7   291.1   320.5   342.3   368.9   402.1   455.9   605.9  1009.2  1419.9  81777.0    82226
read      269.8    99.5    86.8   148.0   163.4   272.1   308.2   325.3   337.5   351.1   369.9   397.9   457.8   615.7  2690.2  27882.0    27671
read      259.0   131.1    74.4   125.8   140.0   231.2   286.9   317.3   340.0   367.7   402.4   459.0   682.8  1441.3  2334.8  98626.0    98736
read      272.6   172.9    74.4   129.8   144.5   239.8   294.6   324.9   347.6   377.1   414.2   476.6   852.3  2160.4  3788.3 106365.0   106314
read      280.6   167.6    74.4   131.4   146.8   247.2   304.2   335.9   359.7   390.2   431.7   504.4   888.4  2036.3  2857.9 105184.0   105027
read      266.5   159.5    80.4   127.9   142.6   237.1   292.3   322.6   344.6   372.3   408.8   466.2   684.1  2190.8  3125.8  96663.0    96867
read      253.8   119.1    80.4   126.3   140.5   231.2   286.4   315.3   336.5   362.8   395.7   443.9   561.5   833.5  4447.3  90049.0    89493
read      261.4   102.2    80.4   130.8   145.6   253.1   304.9   329.2   345.3   365.7   389.9   424.9   500.4   638.8  1877.3  50622.0    50538
read      267.7    76.0    93.8   151.1   168.4   268.9   303.0   318.6   330.7   343.6   363.4   393.3   456.7   581.7   677.7  22254.0    22083
read      269.2    97.8    80.4   134.8   150.3   260.6   312.9   338.2   356.1   375.9   401.3   438.1   518.7   625.2   997.6  48463.0    48618
read      256.2   108.9    74.4   127.0   141.1   233.4   288.4   317.8   339.9   367.1   399.3   450.1   589.9   832.6  1370.4  94628.0    94298
read      258.3   103.7    74.4   128.0   141.9   241.0   297.3   324.5   343.9   369.2   398.5   441.7   539.4   743.4  1444.2  63873.0    63579
read      257.9   137.2    74.4   126.4   140.9   239.6   296.6   324.8   344.4   368.7   397.2   436.6   527.1   704.1  6422.2  64876.0    64573
read      257.8   127.1    74.4   125.9   140.1   235.0   291.2   320.6   342.1   368.0   400.9   449.9   574.4  1009.1  4559.5  76944.0    77178
read      277.4    87.2    86.8   147.0   164.6   277.8   316.0   336.1   350.0   367.8   389.8   423.3   501.5   629.2  1019.5  29794.0    29824
read      260.8   126.0    74.4   127.6   141.8   243.5   298.6   325.2   344.3   369.0   399.5   449.4   564.1   786.4  3567.7  64492.0    64495
read      257.8    69.7    93.8   152.2   168.0   257.2   287.6   303.4   314.5   327.9   344.9   372.8   435.0   603.0   692.4  20981.0    20917
read      257.6   111.9    80.4   127.7   141.7   234.9   290.9   319.7   341.0   367.2   399.8   449.7   587.5   931.5  1973.9  85859.0    85651
read      262.4   103.5    80.4   129.2   144.3   247.1   302.7   331.0   350.7   373.9   403.2   445.1   530.7   739.9  1611.7  62173.0    61935
read      270.4   103.4    80.4   135.8   151.5   260.5   313.2   339.4   358.1   379.3   403.4   438.5   521.1   688.6  1936.5  49941.0    50216
read      266.4   146.9    74.4   129.1   143.8   242.6   299.0   329.4   352.0   380.6   412.0   458.5   597.3  1649.9  4266.2  72213.0    72251
read      259.9   115.2    80.4   127.8   142.0   239.0   295.1   324.8   346.1   372.7   404.4   453.3   557.8   917.7  2553.5  71949.0    71798
read      264.0   135.9    74.4   154.3   171.6   259.5   291.0   307.0   317.4   330.7   345.8   372.3   444.3  1937.6  7547.4  19630.0    19701
read      264.7    94.6    86.8   150.8   167.3   264.3   297.1   314.4   326.6   340.9   360.9   390.2   444.9   547.8  2720.7  24905.0    24952
read      258.5   115.4    80.4   126.7   141.0   235.0   290.9   319.9   342.0   369.0   402.3   454.6   611.3  1137.6  1774.6  81702.0    81838
read      275.0   110.8    86.8   151.3   168.5   273.7   310.3   328.3   341.0   357.3   377.6   404.1   469.8   860.5  3099.7  26605.0    26648
read      264.5    77.4    86.8   148.4   164.0   265.6   299.7   315.7   327.4   341.5   361.0   391.2   464.5   618.8   691.2  24733.0    24837
read      281.1   122.2    86.8   144.2   160.2   273.3   316.6   339.3   356.0   374.9   398.8   437.1   565.9  1781.5  2526.1  29227.0    29420
read      337.0   385.5    80.4   134.0   150.6   262.9   322.3   359.4   388.8   427.1   491.8   674.4  1958.1  4236.9 11017.7 104059.0   103882
read      256.8   106.9    80.4   126.6   141.2   237.0   294.8   323.2   343.4   368.3   397.6   441.7   540.7   736.6  1495.9  70542.0    70314
read      257.4   100.5    74.4   128.1   142.3   242.0   297.8   324.5   343.3   366.8   394.7   433.5   515.8   682.9  1366.4  61932.0    61679
read      259.3    97.4    80.4   130.7   145.4   251.6   301.6   324.8   341.5   362.1   387.0   422.1   491.8   621.6  1505.0  49339.0    49557
read      252.4    73.3    93.8   146.9   162.6   251.0   282.2   297.6   309.6   321.8   340.1   367.2   426.8   586.2  1939.9  19275.0    19325
read      231.2   129.9    93.8   151.1   164.0   222.8   248.1   262.3   271.9   284.7   300.4   330.4   401.3   674.7 11153.2   9097.0     9128
read      323.4   324.5    74.4   129.1   144.5   251.6   314.9   357.3   392.9   442.3   522.5   707.3  1660.8  4524.8  7708.5  94291.0    94933
read      262.3    84.7    86.8   146.2   162.4   262.8   296.0   313.5   325.6   340.2   359.1   387.8   455.7   627.6  2429.3  24359.0    24327
read      251.3   102.0    74.4   123.7   138.2   231.8   288.9   317.1   337.2   361.0   390.4   432.5   533.1   755.4  1277.4  71947.0    71896
read      249.8   105.0    74.4   124.9   139.1   228.7   282.7   310.9   331.0   355.2   386.9   433.0   548.5   874.4  1546.1  93633.0    93771
read      256.4    71.2    86.8   148.9   165.0   257.8   288.5   303.9   314.3   326.8   343.2   369.4   426.2   508.9   692.6  20507.0    20452
read      262.6    90.8    80.4   136.1   150.9   257.9   305.8   327.7   342.3   361.1   383.9   415.7   484.1   599.2  1066.9  42335.0    42338
read      261.3   109.1    80.4   128.0   142.0   239.6   298.5   328.9   350.9   377.6   410.0   456.2   563.6   870.7  1280.6  72476.0    72627
read      258.2   116.7    80.4   126.7   140.6   234.6   291.0   320.9   343.3   370.7   402.0   453.8   583.8  1104.2  2285.0  80627.0    80603
read      267.4   119.5    80.4   133.2   148.2   257.7   312.2   338.0   355.7   375.2   399.4   432.8   508.2   653.5  3635.6  49245.0    49049
read      270.4   177.1    80.4   127.6   141.9   237.4   294.4   325.4   348.8   378.2   414.7   472.8   841.1  2469.8  3640.2  92536.0    92305
read      263.1   116.0    80.4   128.7   143.3   247.1   304.3   332.1   350.9   373.8   401.3   443.0   535.6   809.7  3611.1  56907.0    56889
read      259.6   117.3    74.4   126.3   140.6   235.4   293.6   324.7   346.7   375.0   409.6   460.1   588.6   930.6  1947.8  77693.0    78036
read      256.1   106.0    74.4   126.0   139.8   234.7   293.4   322.6   343.4   368.2   400.9   448.6   544.2   828.9  1342.0  71549.0    71583
read      255.8   113.1    80.4   125.5   139.5   234.5   292.7   322.2   342.8   368.1   398.7   442.7   545.6   894.4  2332.6  72250.0    72609
read      274.4   174.1    74.4   129.1   144.0   241.4   297.1   328.4   351.9   381.8   422.6   493.3   821.4  2264.9  3580.9 107409.0   107382
read      251.2   158.1    74.4   124.1   138.3   228.4   283.7   312.6   333.2   358.1   391.0   439.6   558.6   808.4  1794.5  86549.0    86530
read      256.7    79.5    93.8   153.8   169.9   257.1   286.2   300.4   310.9   321.6   338.2   365.0   424.1   582.2  3870.3  16674.0    16550
read      256.3   118.7    74.4   126.5   140.6   233.5   289.9   319.2   340.8   367.0   398.5   447.0   567.7   991.9  2450.0  84365.0    84534
read      254.4   108.9    74.4   125.4   139.8   234.1   291.2   320.1   339.8   364.1   394.8   439.6   533.3  1058.2  2146.6  72841.0    72631
read      262.2   105.7    74.4   131.0   146.0   253.1   304.6   329.0   345.3   365.6   390.5   427.9   508.3   737.3  1665.0  48839.0    49291
read      253.3   113.4    74.4   124.3   138.7   237.3   292.5   318.9   338.0   360.6   389.2   431.4   519.4   693.4  1611.9  62080.0    62175
read      248.9   115.9    74.4   122.0   135.8   227.2   283.3   312.1   332.3   356.2   387.9   434.0   547.7   771.1  3630.7  79922.0    80213
read      251.8    72.7    93.8   150.9   166.8   251.0   281.5   295.4   305.9   316.8   332.9   359.4   427.4   590.4  1425.4  16470.0    16566
read      258.9    99.9    80.4   129.3   143.6   247.3   302.3   328.2   345.6   367.3   392.3   428.1   502.9   647.0  1643.3  53865.0    53985
read      261.4   116.7    80.4   129.6   144.1   237.6   293.2   323.6   345.7   372.7   406.6   458.2   592.2  1028.6  1599.1 101898.0   101949
read      266.2    77.7    93.8   151.0   167.3   268.7   301.3   317.0   328.4   341.0   358.6   386.6   451.8   619.8  1975.2  24086.0    24076
read      266.7   120.5    80.4   130.1   145.2   252.5   308.4   335.5   354.4   376.0   404.0   443.2   535.5  1340.6  2673.8  52667.0    52574
read      269.3   158.2    74.4   128.0   142.9   239.5   294.8   325.0   347.5   374.7   412.6   472.7   741.8  2126.6  2734.5 106013.0   106271
read      262.3   149.2    80.4   125.1   139.8   234.0   288.6   318.5   340.2   367.2   401.6   459.9   742.3  1810.1  2736.7 105087.0   105451
read      261.3   123.5    74.4   126.6   140.7   235.2   292.6   322.1   344.2   372.0   408.4   464.1   673.9  1180.3  2155.2  85517.0    86087
read      270.2    99.6    80.4   145.2   161.7   271.0   309.3   327.6   340.5   356.2   374.7   403.8   463.4   630.6  4495.1  28889.0    29108
read      266.8   145.2    74.4   128.7   143.2   237.5   293.6   323.7   345.8   373.8   408.8   466.5   741.5  1810.4  2910.3 101157.0   101115
read      261.6   161.3    80.4   125.2   139.2   235.3   293.4   324.1   346.5   375.2   407.8   457.2   582.0  1649.6  5961.6  74242.0    74326
read      253.6   129.3    74.4   123.9   137.9   230.8   287.8   316.6   337.7   363.2   396.0   445.7   552.3   928.4  3644.0  76101.0    75832
read      283.2   149.6    80.4   130.1   145.6   253.2   311.9   346.0   373.8   406.3   452.9   525.9   740.6  1713.3  2914.3  95376.0    94901
read      259.1    69.7    93.8   158.3   174.5   259.2   288.5   303.0   313.3   324.7   339.6   363.3   423.8   552.2  1949.2  15805.0    15809
read      264.1    83.9    86.8   143.7   160.1   264.7   300.7   318.5   331.9   345.9   367.1   397.3   461.7   579.4  2130.3  28523.0    28874
read      263.4   103.4    74.4   130.1   144.5   252.4   306.6   333.0   351.3   372.5   399.8   436.0   509.0   660.7  2025.8  51466.0    51882
read      273.9   102.3    80.4   145.3   161.8   275.4   316.6   335.7   348.1   364.6   384.3   412.8   466.7   596.4  1942.9  32456.0    32653
read      274.9    99.5    80.4   140.0   156.0   271.1   319.6   342.0   358.7   377.2   399.8   431.8   508.5   688.6  2007.5  41645.0    41676
read      264.9   124.8    80.4   128.9   143.1   246.8   304.3   332.7   353.3   377.7   405.8   449.9   556.1  1079.8  3464.6  63034.0    63019
read      260.8   152.4    80.4   128.1   142.5   236.7   291.9   321.0   342.8   369.6   402.9   457.1   595.6   957.7  5989.5  99420.0    99164
read      267.7    95.7    74.4   135.2   150.4   260.5   313.5   338.1   355.6   375.7   398.7   430.9   497.3   622.1   745.1  46911.0    47055
read      260.8   103.3    74.4   128.0   142.5   244.8   302.6   331.0   350.4   372.4   401.0   441.8   527.1   683.6  1725.2  61625.0    62394
read      253.9   106.0    80.4   125.9   140.1   231.9   287.3   316.4   338.0   364.3   396.7   446.1   568.2   796.2  1332.2  98407.0    98519
read      271.2    87.8    80.4   143.3   160.4   271.8   313.1   332.7   345.5   363.1   383.9   412.9   468.5   577.2   735.1  32446.0    32122
read      265.5    96.8    80.4   132.4   148.0   257.6   309.9   335.3   352.6   372.0   397.2   432.7   503.1   611.9   842.4  49239.0    49464
read      269.3   101.4    86.8   152.3   169.4   272.1   304.6   319.5   331.2   343.5   361.2   387.5   445.9   687.9  2689.5  23976.0    24034
read      255.7   142.0    74.4   125.2   139.6   231.6   289.1   318.5   339.7   364.3   394.0   437.3   550.9  1887.7  4029.0  76966.0    77363
read      256.1   112.8    74.4   127.6   141.2   233.0   288.6   318.3   339.8   365.7   398.7   450.0   575.6  1052.2  2078.7  92290.0    91698
read      270.6    99.1    86.8   139.5   155.0   266.6   313.6   335.9   350.8   368.5   390.9   424.9   501.9   664.0  2530.3  39328.0    38997
read      262.0   139.6    80.4   128.0   141.8   236.1   291.9   321.6   344.1   371.8   406.0   460.9   633.6  1381.5  4417.6  85974.0    86028
read      259.4   130.5    80.4   125.7   140.3   234.2   290.8   321.2   343.7   370.3   404.4   458.1   620.2  1100.0  2856.1  83159.0    83012
read      258.7    68.7    93.8   159.4   174.1   258.9   287.1   301.1   311.3   321.6   337.7   362.4   419.6   631.0  1059.4  15034.0    15024
read      264.2   102.2    80.4   130.2   145.1   249.9   307.1   335.1   354.8   377.6   404.1   444.0   524.6   681.1  1245.1  56151.0    56640
read      261.3   138.6    80.4   127.3   141.4   234.6   289.8   319.4   341.2   367.6   401.9   457.3   631.9  1743.4  2494.4  97550.0    97362
read      261.8   149.3    74.4   126.9   141.4   234.3   288.1   317.3   339.7   366.7   400.6   455.1   658.7  2002.7  2928.2 106930.0   107412
read      265.2   114.8    80.4   130.5   144.9   245.6   304.3   334.5   356.2   381.7   411.6   455.9   556.0   797.7  2283.6  65238.0    65030
read      257.0   123.0    74.4   125.0   139.2   233.1   290.9   320.6   343.8   372.3   406.8   455.2   563.6   857.7  2220.9  78800.0    79278
read      270.9   111.9    80.4   135.7   151.4   261.8   314.8   339.7   357.8   378.3   402.7   435.7   506.1   724.0  4414.9  47500.0    47544
read      278.9   173.8    80.4   130.5   145.9   246.3   301.9   333.4   357.6   387.5   428.0   502.2   841.9  2068.0  3627.4 105108.0   105368
read      262.8   106.9    74.4   128.6   143.5   247.8   305.8   332.7   351.0   373.9   400.6   436.9   531.0   864.4  1710.7  58254.0    58181
read      261.8   101.3    74.4   129.0   143.9   248.3   304.8   331.7   350.0   371.7   399.2   436.0   522.6   698.3   896.3  56745.0    56960
read      254.9    81.3    86.8   157.0   174.0   255.2   282.3   295.5   306.0   317.1   332.1   353.4   409.7   606.3  2000.9  14758.0    14849
read      259.9   103.5    74.4   128.6   142.9   243.5   300.5   328.5   348.2   372.6   400.7   442.7   525.6   657.1   931.3  63466.0    63672
read      266.0   104.1    80.4   133.6   149.4   258.3   310.4   334.5   350.7   369.9   393.7   427.1   499.5   663.7  3815.2  48502.0    48289
read      251.3    72.7   101.3   160.7   175.0   249.2   275.1   288.7   297.2   310.1   324.5   348.4   413.7   602.6  3090.7  11818.0    11797
read      248.3    91.0    93.8   159.9   174.3   244.2   270.7   284.1   293.0   304.4   318.4   345.5   419.0   666.5  3752.5  10627.0    10781
read      284.0   132.7    80.4   134.5   150.3   265.6   325.7   357.6   381.5   408.4   441.4   494.6   611.1   876.1  4402.8  49229.0    49362
read      285.7   218.4    74.4   128.8   143.8   239.5   297.0   330.2   357.1   391.4   437.5   539.4  1148.9  2565.5  4040.1 102091.0   102119
read      271.2   121.6    80.4   136.3   151.8   261.9   314.2   338.0   354.6   373.6   398.7   434.7   520.2   952.8  4180.4  46639.0    46213
read      257.3   115.3    74.4   127.9   142.2   234.9   290.2   319.2   340.9   366.8   399.2   447.7   575.5   931.5  2968.2  96649.0    97025
read      266.1    69.8    80.4   158.6   175.0   268.1   297.5   312.0   321.1   334.5   348.9   376.2   432.3   588.4  1518.2  18242.0    18351
read      270.8    86.3    80.4   157.0   173.5   272.6   303.7   318.6   329.9   341.9   359.5   387.8   455.2   686.9  3305.1  21535.0    21426
read      298.8   160.1    80.4   139.0   154.9   276.0   334.5   367.2   390.7   418.5   454.1   513.3   804.5  1875.5  3121.5  43121.0    43013
read      341.8   434.1    80.4   131.3   146.5   264.1   332.4   376.1   409.1   448.9   503.5   617.8  2186.8  5734.8  9968.1  67502.0    67376
read      280.1   105.7    80.4   139.3   155.2   274.2   323.1   348.2   367.4   389.3   415.7   454.8   539.5   735.3  2021.3  36176.0    36043
read      226.6   140.1   101.3   151.7   163.4   216.8   240.8   253.1   262.5   272.4   287.2   310.1   373.5  1661.3  7758.5   6314.0     6255
read      263.1   133.8    74.4   127.0   141.4   233.6   290.1   320.4   344.6   373.5   412.7   477.8   693.3  1417.6  2496.7 100906.0   102499
read      272.3    90.1    86.8   150.0   167.0   275.3   309.9   327.2   339.2   353.2   371.3   400.4   461.7   567.0  1050.6  26111.0    26263
read      264.2   123.2    74.4   129.6   144.4   248.7   304.2   332.0   351.7   374.3   403.8   447.7   539.7   753.1  5682.4  57408.0    56974
read      269.5   100.4    74.4   137.9   153.3   266.3   312.9   334.8   349.5   367.7   391.0   425.1   497.1   624.9  2021.4  41023.0    40869
read      263.7    93.6    80.4   133.2   148.3   257.4   307.6   331.1   346.9   367.5   391.2   424.9   494.8   638.1   801.4  46204.0    46514
read      253.0   125.0   101.3   160.4   175.0   247.7   274.5   288.9   298.2   311.1   325.9   346.9   404.1  1564.8  3483.3  11435.0    11431
read      261.8    99.5    74.4   129.1   143.9   247.6   305.0   332.6   351.7   375.0   400.5   435.7   516.1   630.1  1193.5  58416.0    58600
read      255.7   108.2    74.4   125.2   139.7   237.3   293.9   322.9   343.1   368.5   397.4   436.7   522.7   730.1  1965.0  68568.0    68058
read      264.1    97.8    80.4   131.1   146.2   253.4   308.3   334.5   352.4   373.7   398.8   434.7   507.7   633.7   806.0  54229.0    54502
read      261.9   118.3    74.4   129.0   143.5   243.9   301.0   329.6   350.3   374.8   403.6   446.1   534.0   703.9  4134.6  64198.0    64022
read      265.0    98.8    74.4   131.2   146.4   255.1   308.4   334.7   353.4   375.4   400.2   434.3   507.2   636.4  1716.1  52332.0    52142
read      247.2   109.3    74.4   122.9   137.0   224.4   277.9   307.4   327.9   352.9   386.9   432.3   546.8   904.7  1732.8 101473.0   101375
read      270.7    97.0    86.8   140.1   155.5   267.3   315.0   337.2   352.3   369.8   391.7   423.4   488.7   619.1  1711.7  40695.0    40606
read      266.1   103.8    74.4   134.1   149.0   258.6   310.5   334.8   351.4   371.0   394.5   428.2   496.2   646.0  2935.9  47694.0    47485
read      268.8   112.3    74.4   133.8   149.4   259.0   313.6   338.4   355.7   375.3   399.1   434.8   504.4  1059.0  2530.5  49048.0    48977
read      270.6    91.1    80.4   141.4   157.2   269.5   315.1   335.7   349.5   367.2   388.6   419.0   477.4   588.7  1893.3  38535.0    38615
read      250.6   105.3    74.4   122.8   137.3   230.0   285.5   313.9   334.4   359.5   391.9   436.7   544.5   855.1  1523.4  80271.0    80279
read      253.5   111.5    80.4   124.4   139.0   232.3   289.0   318.8   340.5   365.8   396.2   438.2   532.8   796.0  3512.6  75301.0    75843
read      260.1   104.6    80.4   127.9   142.3   241.2   298.9   328.8   349.7   374.8   403.7   447.5   541.8   772.7   929.8  67342.0    67095
read      273.1    93.6    80.4   140.0   155.9   271.4   319.2   340.9   356.2   373.0   395.0   425.6   492.4   594.2  1653.2  41583.0    41325
read      262.3   110.6    74.4   130.2   145.2   249.1   305.1   331.1   348.7   370.9   396.7   431.6   507.2   717.3  3830.9  55959.0    55752
read      254.4   106.3    80.4   127.4   141.4   233.2   288.4   317.3   337.9   363.1   395.6   440.7   553.0   832.8  1846.2  85633.0    85561
read      260.2    80.9    86.8   159.9   175.8   258.8   287.1   301.3   311.5   322.2   339.3   366.7   431.4   707.3  3130.3  14253.0    14194
read      250.7   115.4    74.4   124.8   139.1   229.1   284.1   313.4   334.3   359.4   391.6   436.4   538.5   789.4  1453.5  87870.0    88002
read      253.2   102.4    80.4   127.5   141.2   232.2   287.2   316.0   337.2   362.7   394.8   439.9   542.6   794.9  1018.7  90112.0    90515
read      268.1   137.7    80.4   130.6   145.7   242.4   297.8   328.4   351.1   379.5   415.6   475.1   654.8  1073.6  4345.3 109166.0   109283
read      264.2    77.7    86.8   147.2   163.4   266.6   301.6   317.4   329.2   342.3   360.7   388.3   447.1   548.5  1548.4  27145.0    26699
read      268.7    95.5    80.4   139.7   155.8   267.4   311.7   332.0   344.9   362.3   383.4   414.9   485.4   612.6  1921.7  37629.0    37400
read      265.3    85.2    86.8   150.7   167.3   264.6   297.3   313.8   325.2   339.3   357.8   387.0   456.5   899.3  2209.9  19423.0    19307
read      254.2    85.1   101.3   158.8   173.3   250.7   279.5   294.0   304.5   315.8   331.2   355.0   420.0   963.6  2976.5  11465.0    11527
read      300.3   182.5    80.4   130.3   145.1   248.3   316.5   362.8   401.2   450.8   518.3   643.8   954.3  1728.0  2370.8  83959.0    83787
read      272.0    93.1    80.4   151.3   167.5   272.5   307.2   324.6   337.7   352.6   371.7   399.1   467.5   795.6  2555.8  22107.0    22209
read      284.0   170.4    80.4   127.0   141.3   246.2   311.9   351.2   382.7   422.8   471.8   547.3   775.3  1618.0  3896.6  74820.0    75169
read      289.0   151.9    68.9   128.3   143.0   251.6   319.1   361.5   394.7   435.2   485.6   563.5   783.1  1178.0  2599.4  73449.0    73833
read      314.5   209.9    68.9   130.8   146.5   255.0   326.9   376.8   418.4   468.2   539.2   692.7  1150.8  1981.6  2296.2  94214.0    94641
read      255.2   107.1    74.4   125.5   140.1   240.0   295.9   321.8   339.8   361.5   388.6   427.6   518.7   794.3  3608.7  61552.0    61338
read      249.2   104.1    74.4   123.9   138.2   228.0   283.3   311.6   331.3   355.1   386.6   431.6   547.0   941.3  1210.1  91799.0    91825
read      252.0   106.0    74.4   124.7   138.8   231.5   288.2   317.0   338.0   363.8   394.0   434.3   529.8   758.3  2404.0  77028.0    77235
read      272.3   101.1    80.4   142.3   158.6   274.0   316.7   336.2   349.0   365.5   385.6   414.4   467.2   577.6  1349.9  37069.0    37257
read      276.3    90.7    86.8   147.6   163.9   278.2   318.5   337.3   349.9   365.8   385.8   416.8   482.1   602.3   772.2  32224.0    32057
read      262.0   155.9    80.4   129.1   143.4   237.7   292.7   321.5   343.3   370.6   404.4   460.5   624.8   943.1  2210.0 108263.0   108618
read      256.6   106.3    74.4   128.0   142.1   237.1   294.3   323.0   343.8   368.0   398.1   438.7   521.6   722.3  1825.3  73033.0    72930
read      268.8   100.9    74.4   135.8   151.7   263.2   312.1   335.0   351.0   370.4   393.8   427.6   506.8   851.3  2257.0  43751.0    43714
read      252.4   109.8    74.4   124.4   138.5   231.5   287.0   315.1   335.9   361.5   393.7   440.0   547.4   844.1  1834.3  87395.0    87369
read      263.0   126.7    74.4   130.7   145.6   248.1   304.0   330.3   348.3   369.7   395.0   430.5   508.1  1276.0  3401.2  57316.0    56640
read      259.5   121.1    74.4   129.8   144.4   237.2   291.2   319.9   341.7   367.6   400.4   452.6   574.6   857.6  3965.0  97665.0    97360
read      251.2   102.0    74.4   124.7   138.6   230.5   286.7   315.8   336.5   361.6   393.2   435.6   535.6   773.5   962.5  79906.0    79788
read      246.0    61.2   101.3   156.3   171.2   243.4   270.4   284.3   293.5   305.0   318.2   342.8   415.1   567.1  1182.5  11360.0    11352
read      253.1   110.1    80.4   126.1   140.1   231.4   286.6   315.5   336.5   361.6   394.1   443.9   550.1   795.4  1107.5  87604.0    87962
read      273.1    92.7    80.4   140.9   156.9   271.9   317.7   338.7   353.2   369.8   392.9   427.0   498.6   621.8  1384.4  40178.0    40663
read      259.8   110.2    74.4   127.8   142.8   245.2   301.1   328.2   346.6   369.3   396.6   434.1   509.6   676.9  4094.6  59295.0    59386
read      263.5    96.1    74.4   133.0   148.6   256.7   308.2   331.6   346.9   365.8   389.0   423.0   496.9   639.9  1364.4  48508.0    48302
read      261.0    81.9    86.8   151.5   168.1   261.2   292.1   307.8   318.2   331.9   347.3   374.6   438.3   686.8  3788.4  19390.0    19398
read      254.9   110.7    74.4   126.7   141.2   234.2   290.0   318.5   339.2   364.9   397.7   440.5   532.5   803.3  2691.0  81697.0    82197
read      255.5   102.4    74.4   126.6   140.6   235.0   292.9   323.0   344.4   370.9   400.4   443.0   530.9   702.7   851.3  77173.0    77387
read      257.6   102.2    68.9   127.7   141.8   238.4   295.9   324.5   345.6   371.0   400.4   442.8   531.1   711.6   987.3  72579.0    72753
read      235.5    58.4    93.8   155.5   169.1   230.8   256.5   270.5   280.1   290.8   304.9   327.5   389.5   581.8  1918.1   7870.0     7720
read      270.9   100.0    74.4   136.4   151.7   262.8   315.2   339.8   357.3   377.0   403.1   440.7   511.6   640.0  1302.1  46378.0    46279
read      270.7    93.6    80.4   139.4   154.7   267.7   316.2   339.0   354.6   371.1   393.5   426.0   494.7   599.7   689.6  42154.0    42102
read      255.0   120.1    74.4   127.3   141.1   231.8   287.6   316.9   338.3   364.5   397.5   446.7   567.1   824.9  3419.1  91081.0    90892
read      272.6   117.3    80.4   139.6   155.1   269.0   315.0   336.6   351.1   367.8   389.3   420.9   494.9  1574.4  2703.3  39907.0    39976
read      262.9   105.3    74.4   129.9   144.6   247.3   305.1   333.9   353.9   376.9   403.7   441.2   519.2   669.9  1983.1  60680.0    61084
read      255.7    79.8    93.8   152.9   169.7   255.3   284.2   298.5   309.6   320.8   338.4   364.8   423.0   680.4  3070.3  16761.0    16735
read      266.3    98.2    80.4   133.9   149.4   258.9   308.9   332.6   348.8   369.5   394.9   431.7   508.5   646.5  1140.7  45429.0    45909
read      269.1    81.7    86.8   146.6   163.1   272.8   308.9   326.3   338.3   352.0   370.4   397.4   454.3   572.1  1663.6  29173.0    28976
read      252.5   105.9    74.4   125.5   139.7   230.7   287.1   316.6   337.9   363.5   394.4   436.5   544.2   808.5  1928.7  84332.0    84704
read      253.0   114.0    74.4   126.8   140.7   230.2   283.7   313.7   335.1   360.8   393.8   440.1   572.8   852.2  2905.5 101811.0   101822
read      251.8   105.7    74.4   125.9   140.2   229.6   284.5   314.0   335.3   360.5   393.1   440.9   548.0   802.2  1244.9  92516.0    92571
read      247.6    84.3    86.8   157.1   172.2   244.0   270.7   284.3   293.5   305.2   318.7   340.6   400.4  1091.9  2748.4  12209.0    12106
read      265.3   103.3    80.4   131.8   146.9   251.1   308.4   336.6   356.6   378.9   402.7   441.3   522.9   641.1   801.4  58654.0    58568
read      260.8    94.9    74.4   131.4   146.4   251.9   304.1   329.4   346.0   367.0   391.1   425.0   497.5   623.0   777.0  51234.0    51319
read      261.5    79.5    86.8   151.8   167.9   264.1   294.6   309.8   319.4   332.6   346.6   372.2   428.5   542.0  2959.8  21485.0    21556
read      257.0    78.8    93.8   159.9   175.2   256.9   283.8   297.3   307.7   318.1   335.2   361.9   424.3   604.9  3571.0  14253.0    14191
read      278.6    97.1    80.4   147.0   163.1   277.5   318.2   339.1   354.5   373.1   397.2   430.3   505.7   725.1  2397.1  28874.0    29072
read      258.7   104.4    93.8   154.6   170.6   257.8   287.6   302.6   313.0   324.6   340.4   367.0   427.6   639.5  2853.6  16277.0    16350
read      296.2   175.4    74.4   128.6   142.8   246.0   312.8   358.7   397.3   447.0   518.6   648.1   902.9  1373.9  2495.2  85989.0    86891
read      284.4   191.7    80.4   129.4   144.4   243.6   301.6   335.7   361.8   394.6   441.3   541.8   980.6  2153.3  3609.2 104557.0   104441
read      238.4   111.5   101.3   155.7   169.0   230.8   256.2   269.5   278.7   290.2   305.0   329.2   384.0  1269.8  3733.5   9145.0     8906
read      271.9    98.5    80.4   139.4   155.4   268.4   316.1   338.3   353.7   371.2   394.1   427.7   496.9   589.5  2547.9  41888.0    42175
read      284.9   128.5    80.4   133.8   149.7   264.8   325.7   360.0   385.1   413.4   449.1   503.3   624.4   836.7  3624.9  51972.0    51797
read      282.1   145.1    74.4   125.8   140.2   244.8   313.1   354.0   386.9   426.3   474.3   550.0   752.8  1082.2  1717.5  76663.0    76678
read      271.9    84.5    86.8   155.3   172.2   272.2   304.5   321.1   334.1   347.2   367.3   398.8   464.8   670.9  3238.6  19506.0    19630
read      293.9   235.5    80.4   130.1   145.0   245.8   304.6   338.7   365.7   399.4   447.9   562.3  1173.0  3127.4  4379.2  99439.0   100132
read      271.3   108.1    74.4   139.8   155.8   269.0   314.8   336.4   351.2   368.6   390.6   422.3   486.8   633.8  3487.7  40469.0    40498
read      259.5   122.5    74.4   129.3   143.9   235.9   289.4   318.2   340.1   366.9   401.6   456.8   619.1   973.0  1655.2 108166.0   108559
read      269.3    90.3    86.8   152.2   169.3   273.1   305.2   319.5   330.8   342.6   360.1   386.3   436.1   577.1  3671.2  24158.0    23964
read      257.4   105.3    80.4   127.6   141.8   238.5   295.4   323.9   344.3   369.4   399.4   441.2   534.6   731.8  1097.5  70727.0    70760
read      259.6   110.2    74.4   129.5   143.8   238.2   292.2   321.5   343.0   368.8   400.5   450.6   583.8   982.1  1965.4  99466.0    99567
read      258.7   110.6    68.9   128.0   142.9   236.2   290.4   319.0   341.3   368.1   400.7   453.2   601.4   922.9  1489.4 106923.0   107548
read      266.8   106.2    80.4   132.4   147.4   254.8   310.3   336.7   355.7   377.3   402.6   439.1   523.7   714.7  1819.0  54369.0    53742
read      254.5   106.1    74.4   127.2   141.3   233.3   287.1   316.3   337.4   362.6   394.3   442.7   559.8   863.9  1640.7 103463.0   103931
read      263.1   124.5    74.4   129.2   144.0   245.4   303.8   331.7   351.1   373.4   400.1   436.6   524.2  1280.8  3355.8  60434.0    60359
read      241.6   102.8   101.3   155.2   169.6   235.8   262.4   276.0   286.3   296.6   312.4   336.8   401.4  1034.2  4942.6   9813.0     9725
read      263.1    98.5    80.4   131.0   146.4   252.9   306.1   332.2   349.7   371.8   396.1   430.6   502.0   605.3  1605.5  51909.0    52014
read      270.5    99.6    80.4   139.8   155.2   267.4   315.6   336.5   350.2   367.1   388.3   419.2   479.1   889.6  2145.3  40084.0    40053
read      253.0   133.5    74.4   125.9   140.0   231.7   286.8   316.0   336.8   361.9   393.7   439.0   541.5   761.8  1323.1  86150.0    86436
read      269.2    73.9    86.8   153.5   170.0   273.1   305.0   320.1   331.7   343.7   361.7   388.5   444.6   545.3   679.0  24030.0    23983
read      256.3   100.8    80.4   126.7   141.1   239.1   297.0   325.2   344.3   367.5   395.4   435.1   513.1   665.0  1228.9  65748.0    66595
read      268.6    75.5    93.8   151.9   168.1   272.4   306.1   321.7   333.2   344.7   362.6   389.4   445.2   545.8   683.1  26046.0    26056
read      264.4    94.8    80.4   134.3   149.9   256.1   309.2   333.1   348.9   368.1   391.9   425.0   494.3   618.0   806.4  51212.0    51764
read      268.2    91.4    80.4   139.2   154.6   265.8   312.8   334.3   348.4   365.8   386.7   416.7   483.4   596.1   721.1  40085.0    40202
read      254.0   106.0    74.4   125.9   140.3   233.9   290.1   319.3   340.6   366.2   396.4   436.7   530.0   711.5  1230.6  76719.0    76665
read      248.7    97.1    86.8   156.8   171.0   243.4   270.6   284.5   293.7   305.7   319.6   344.7   417.1  1709.8  3097.1  11282.0    11133
read      251.9   102.1    74.4   125.1   139.2   232.1   287.8   316.9   338.0   362.8   393.6   434.9   527.9   761.8  1072.4  80606.0    80405
read      254.6   116.0    74.4   126.2   140.4   233.3   289.6   318.6   339.5   364.5   395.7   439.6   533.4   822.4  2953.8  79320.0    79106
read      251.9   105.3    80.4   126.2   140.3   229.9   284.3   313.0   333.8   359.0   391.8   439.2   554.5   843.3  1227.5  97697.0    97258
read      268.7    85.3    80.4   142.2   157.9   269.7   311.7   331.4   344.3   360.5   379.4   409.1   468.0   568.4  1028.8  36363.0    36307
read      263.7    78.6    86.8   143.8   160.0   265.7   303.3   319.9   332.6   345.7   365.1   392.4   443.8   546.8   671.5  28548.0    28636
read      275.6   105.0    80.4   136.1   151.6   266.6   318.1   343.9   363.8   387.3   415.8   456.3   545.2   799.9  1271.7  41248.0    41620
read      286.6   150.0    80.4   128.1   142.6   249.2   315.7   358.8   391.7   430.5   480.1   561.0   793.1  1197.6  1762.6  75307.0    75736
read      281.1   112.3    80.4   135.3   150.8   266.4   324.1   354.9   377.9   403.5   435.7   481.1   582.6   774.9  1227.6  45277.0    44979
read      279.7   112.1    80.4   142.8   159.9   274.6   319.4   342.7   360.7   380.9   403.5   444.0   538.1   827.1  4163.9  31499.0    31478
read      277.8   116.7    80.4   137.4   153.5   269.5   319.7   344.9   363.9   385.8   413.5   454.4   541.6   846.1  4100.5  37340.0    37586
read      322.9   353.8    74.4   132.3   148.7   256.0   316.0   351.0   378.9   414.9   467.2   602.6  1867.8  3937.7  7985.5 108629.0   108330
read      260.3    99.6    80.4   129.4   143.9   244.3   301.9   329.9   349.2   371.6   399.8   438.8   517.1   633.7   911.5  64567.0    64301
read      242.4    57.0    93.8   157.1   171.4   240.0   266.1   278.8   288.4   298.4   313.4   336.3   397.6   567.1   691.6  11110.0    11203
read      233.7    67.2   101.3   158.8   171.1   227.8   251.5   264.7   273.5   285.6   299.2   321.1   374.2   669.4  2080.1   7343.0     7291
read      290.8   175.8    74.4   126.1   140.9   242.4   309.6   352.2   388.2   432.7   494.2   604.5   955.7  1561.6  2010.2  86481.0    87477
read      288.6   153.5    80.4   127.8   142.2   247.2   315.1   359.1   394.2   436.7   492.9   580.0   818.0  1167.7  1469.3  77629.0    77485
read      282.9   111.8    80.4   138.9   154.3   271.5   326.2   354.7   376.1   401.1   431.2   471.8   562.3   738.6  1855.2  42200.0    42055
read      279.1    89.0    86.8   148.9   165.1   277.8   318.6   339.9   355.4   372.9   395.7   428.4   497.2   661.2  1043.0  27044.0    26865
read      290.8   212.9    74.4   126.4   141.0   239.7   300.7   338.8   370.1   411.8   470.5   611.7  1055.5  2438.2  4117.2  94399.0    94592
read      259.9   115.5    74.4   128.2   142.7   241.6   298.4   326.8   346.5   371.7   401.7   444.5   535.1   728.5  3850.5  66648.0    66869
read      263.1   107.6    93.8   155.9   172.9   262.6   291.5   306.6   317.0   329.8   344.1   370.4   432.0   582.3  4433.4  17949.0    17835
read      260.9    97.0    74.4   129.7   144.9   247.3   304.4   331.5   349.5   370.8   397.6   433.4   503.9   599.5   688.4  55833.0    55977
read      250.2   106.5    74.4   123.4   137.7   229.1   285.9   314.7   335.2   360.6   392.6   436.0   535.6   710.0  1223.3  82670.0    82437
read      257.1    64.3   101.3   159.1   175.1   258.3   285.5   297.9   308.1   318.2   334.4   360.8   423.0   589.4   834.4  16050.0    15775
read      251.1   104.9    74.4   124.5   139.0   229.7   284.1   313.3   334.3   360.4   393.2   438.2   544.5   791.6  1156.6  87228.0    87559
read      264.3   144.1    74.4   129.6   144.5   238.9   294.3   324.4   345.8   373.1   408.1   463.6   625.5  1184.2  5432.6 105203.0   105401
read      254.8   153.4    74.4   127.9   141.8   233.2   287.5   316.3   337.1   362.1   394.6   441.4   546.2   776.4  1393.2  88739.0    88752
read      254.0   103.8    74.4   126.9   141.3   232.3   287.9   317.0   338.3   364.3   396.1   443.0   549.9   801.6   998.9  93814.0    94531
read      257.7   116.6    80.4   128.1   142.5   234.8   289.7   318.6   339.9   366.1   399.2   450.5   593.2   928.2  3467.1 101832.0   101303
read      254.3   108.3    80.4   126.8   140.6   232.8   288.3   316.9   337.7   362.7   395.4   443.7   551.5   916.0  1461.0  86522.0    86640
read      254.7   104.9    74.4   126.5   140.8   233.2   289.6   318.9   340.6   367.4   398.9   444.3   544.3   771.6   940.4  84833.0    84818
read      265.7    78.1    93.8   153.4   171.0   267.5   298.1   313.2   323.3   336.7   353.1   381.6   436.9   607.5  2193.8  20365.0    20221
read      270.2   112.7    80.4   136.5   152.0   263.8   314.2   337.8   354.4   373.2   395.7   428.3   502.9   694.4  2899.3  43725.0    43599
read      260.9   101.7    80.4   129.9   144.6   250.3   304.6   330.1   346.4   367.3   392.8   429.1   498.5   608.2  1736.7  52960.0    52779
read      253.8   105.6    74.4   126.3   140.7   232.1   287.1   316.1   337.4   363.5   397.3   445.5   554.7   767.7  1073.1  90081.0    89855
read      266.4    95.8    74.4   135.6   150.8   258.8   310.8   335.3   352.3   372.2   396.0   429.0   499.0   594.1   689.9  48280.0    48532
read      258.5   108.5    74.4   130.1   144.8   236.7   289.9   318.7   340.3   366.9   399.4   450.6   581.1   858.2  1270.9 107319.0   107423
read      266.6   120.3    80.4   134.2   149.9   258.2   309.4   333.3   349.2   369.1   392.7   425.1   497.4   657.0  4161.4  46209.0    46535
read      266.5   102.5    80.4   134.4   150.0   257.8   310.3   335.1   351.8   371.3   395.5   429.5   504.8   675.4  1998.3  47659.0    47535
read      267.0   113.3    80.4   132.9   148.4   256.3   310.7   336.4   354.2   374.8   399.5   433.4   505.2   662.0  3870.5  50016.0    49633
read      270.8    82.3    86.8   145.7   162.3   273.6   311.5   329.7   341.8   356.8   373.8   403.0   463.7   565.5  1186.7  30196.0    30334
read      262.9    76.7   101.3   157.6   174.3   263.6   292.1   306.6   316.3   328.3   343.0   370.9   437.9   652.8  1594.9  17328.0    17207
read      265.4   111.6    80.4   131.6   146.6   243.9   298.9   329.1   351.5   378.4   412.4   465.0   593.7   857.9  1643.8 105846.0   106074
read      264.3   100.2    80.4   133.4   148.8   256.3   308.5   332.7   349.3   368.9   392.6   426.2   494.3   638.0  1293.0  49076.0    48912
read      256.4   110.7    74.4   126.6   141.1   234.1   288.7   317.0   338.7   365.1   397.4   449.0   587.5   936.1  1504.1  95894.0    96483
read      273.4   102.4    86.8   141.0   157.4   271.4   315.6   336.5   350.6   368.3   390.9   425.1   505.8   796.4  2386.2  39449.0    39228
read      253.4   107.8    80.4   125.6   139.9   231.3   286.9   316.0   337.3   362.8   395.0   444.0   559.4   858.6  1402.8  92537.0    92350
read      255.1   109.5    74.4   126.2   140.4   233.1   289.1   318.5   339.8   365.6   397.5   446.3   560.7   839.3  1490.6  84712.0    85084
read      253.7   106.5    74.4   125.8   140.2   232.3   288.6   318.5   339.8   365.7   396.7   441.2   539.2   782.1  1271.5  81262.0    81993
read      265.0   172.4    74.4   127.5   141.8   235.6   291.1   320.4   342.8   370.1   403.3   461.6   678.5  2890.7  3753.5 101823.0   101617
read      262.5    70.9    80.4   156.9   174.3   263.3   291.4   306.3   316.5   329.5   344.8   371.9   435.0   642.7  1217.9  16901.0    16730
read      254.3   105.5    74.4   124.9   139.3   235.3   292.7   321.3   342.1   366.7   395.5   436.7   522.3   745.6  1428.7  70829.0    71079
read      267.9   125.5    74.4   131.0   146.1   243.2   298.5   329.1   351.9   380.1   416.6   474.3   645.4  1154.4  2140.3 109186.0   108942
read      257.7    96.4    74.4   128.3   143.3   244.8   300.3   326.3   343.9   366.3   391.8   426.1   501.8   635.8   782.1  55687.0    55406
read      267.4   107.4    80.4   136.2   151.6   262.6   310.0   332.2   346.9   366.0   388.4   420.0   489.3   954.1  4185.1  42576.0    42279
read      267.6    75.4    93.8   151.5   168.8   269.8   301.5   316.6   328.1   341.3   360.2   389.9   456.8   606.7  1004.6  21898.0    21876
read      280.8   104.5    80.4   142.0   158.9   275.9   322.4   346.8   366.1   387.2   411.8   449.1   535.7   764.2  2015.8  34175.0    34140
read      275.2   108.1    80.4   134.3   149.6   263.8   317.7   346.1   368.5   393.3   422.7   465.4   547.4   718.1   995.0  42697.0    42897
read      264.9    77.2    93.8   152.6   169.8   265.0   297.0   313.5   324.8   338.8   356.8   386.0   442.7   622.9  1973.3  18423.0    18462
read      329.2   340.6    80.4   131.6   147.7   254.9   318.8   361.5   396.1   443.1   518.0   692.3  1739.6  3536.9  7904.4 100091.0   100375
read      268.7    90.9    80.4   138.8   154.0   266.8   313.0   334.0   347.7   365.7   387.5   420.0   494.4   618.2  1014.8  41091.0    41347
read      266.2   143.9    80.4   130.9   145.7   240.9   297.1   326.7   347.2   373.7   407.0   460.1   634.5  1747.9  4137.5 101797.0   101594
read      266.4    94.1    80.4   135.0   150.5   259.2   312.7   336.1   351.8   370.0   394.0   427.4   500.4   604.0   729.2  47802.0    47486
read      254.4   104.3    74.4   125.7   139.6   234.3   292.2   321.5   341.7   366.3   396.1   437.9   530.7   741.2  1820.3  72906.0    73393
read      262.7    96.9    74.4   131.7   147.6   253.3   307.4   332.2   348.8   368.6   393.2   426.6   490.0   594.5  1710.5  51040.0    51134
read      264.7   133.0    68.9   129.7   144.8   248.1   304.9   332.6   351.9   374.7   401.3   440.3   516.6  1281.4  2944.7  58159.0    58201
read      258.6   102.7    80.4   128.5   142.8   239.1   296.2   325.4   346.9   373.0   402.5   443.4   533.3   723.0  1184.8  71243.0    71020
read      253.0   108.6    74.4   125.3   139.2   233.2   289.6   318.4   339.4   364.5   394.4   435.3   524.8   689.1  3597.2  72374.0    72071
read      254.9   115.5    80.4   127.2   141.2   231.9   286.2   314.8   336.1   363.5   397.3   448.8   571.9   915.3  2345.1  93484.0    93446
read      271.4    88.7    86.8   148.2   164.1   273.7   310.8   328.1   339.9   354.3   372.2   400.6   465.5   618.8  3006.5  28850.0    28724
read      262.3   111.5    80.4   129.8   144.4   247.6   304.5   332.1   351.1   372.4   400.0   435.9   517.0   721.5  4077.6  58890.0    59269
read      253.7   101.6    74.4   126.0   140.2   233.5   290.5   319.3   340.4   366.4   396.4   438.1   531.7   740.2   927.4  74484.0    74624
read      265.6   101.6    74.4   132.1   146.9   255.1   311.1   336.6   354.2   374.4   398.8   432.5   501.9   668.2  2068.1  52313.0    52368
read      241.9    72.9   109.4   158.8   172.8   237.7   264.2   277.5   287.5   297.8   313.0   335.3   391.0   636.2  3777.9   9737.0     9687
read      265.7    93.4    80.4   136.4   151.9   261.2   310.2   332.7   347.3   365.4   387.8   421.0   494.2   612.3  1342.0  44307.0    44165
read      226.4    58.1   101.3   153.5   165.4   220.8   244.2   256.6   265.9   275.2   291.1   313.6   373.5   594.6  2252.6   6996.0     6895
read      280.4   151.6    80.4   130.9   145.6   256.5   318.3   353.9   380.7   409.7   446.1   500.3   626.8   960.7  7025.7  54880.0    55457
read      286.5   163.9    74.4   130.2   145.3   257.6   322.0   361.8   390.3   423.2   465.0   529.6   702.2  1106.1  3703.5  60977.0    61164
read      368.8   450.9    74.4   138.5   155.8   278.6   346.3   390.7   425.5   470.6   544.1   724.7  3261.3  5083.6  8023.3 108359.0   108384
read      268.5    92.4    86.8   143.6   159.8   268.8   308.4   326.9   339.8   355.0   373.2   402.5   468.4   692.0  1160.8  33138.0    33319
read      255.3   114.8    80.4   126.3   140.5   231.6   287.3   316.4   338.0   363.5   396.4   448.5   575.7  1083.9  1694.8  97745.0    97895
read      267.9    89.5    80.4   139.4   155.3   265.6   311.3   332.2   345.8   363.6   384.7   414.6   482.6   626.5  1285.5  39811.0    39720
read      258.8   104.7    74.4   127.9   142.5   239.8   296.5   325.9   346.7   372.2   401.6   446.5   538.3   740.0  1503.4  68419.0    68554
read      253.1   106.5    74.4   124.7   138.9   231.8   287.0   316.0   337.7   364.4   396.5   443.9   548.6   826.1  1338.2  86755.0    86849
read      268.3    84.6    80.4   146.1   162.3   270.4   307.8   324.8   336.9   350.3   369.1   398.7   462.7   605.9  1997.5  30424.0    30264
read      257.6   107.7    80.4   128.3   142.5   235.5   290.9   319.9   341.4   368.7   400.8   452.0   574.8   843.6  1280.2 101056.0   100754
read      258.4   122.5    80.4   128.8   142.9   235.1   290.2   319.3   340.8   367.1   400.2   452.7   584.6   901.9  3863.4  98322.0    98098
read      251.6   104.7    74.4   124.6   138.9   230.3   286.0   315.2   336.4   362.3   394.3   438.7   537.8   798.9  1201.3  85955.0    86028
read      253.5   108.7    74.4   125.1   139.3   231.6   287.0   315.5   336.7   362.4   395.2   444.6   568.5   902.5  1929.1  92848.0    93054
read      269.6    95.5    80.4   138.5   154.2   264.4   313.3   336.2   351.5   369.5   392.4   425.6   498.2   718.6  1853.9  42294.0    42348
read      269.0    81.6    86.8   145.2   161.8   273.4   309.3   326.4   338.2   351.8   370.3   398.4   463.6   575.7  1103.2  29682.0    29490
read      262.4    72.6    93.8   153.6   169.4   263.4   294.6   310.2   320.2   334.0   349.5   379.9   442.4   568.5  1245.1  18088.0    18187
read      271.5   152.5    74.4   126.5   141.2   235.7   294.1   326.9   352.7   386.7   430.2   511.6   833.1  1688.3  2215.3  94686.0    95113
read      233.6   129.3    86.8   154.9   167.6   225.2   249.8   263.2   272.2   284.7   300.0   320.5   385.4   799.0  7627.1   8493.0     8570
read      257.5    99.1    74.4   128.5   143.1   242.5   298.6   325.9   344.4   367.7   394.6   431.7   507.1   669.2   975.0  61625.0    62285
read      261.1    97.1    80.4   130.5   145.0   249.6   304.1   330.0   346.4   369.0   395.0   430.2   509.5   649.5   854.4  52960.0    52582
read      267.9    92.0    80.4   143.7   160.0   269.6   308.7   326.9   339.7   354.5   371.9   400.8   467.4   582.2  2482.1  34403.0    34260
read      258.1   110.3    74.4   128.3   143.0   243.5   298.9   325.2   343.6   365.3   391.6   428.7   507.0   691.2  3775.8  59036.0    59493
read      260.4   105.3    74.4   129.0   143.6   245.9   302.3   329.3   347.3   369.8   397.1   436.0   520.0   658.3  2891.0  58368.0    58208
read      257.1   123.7    74.4   125.7   139.9   232.6   288.5   317.3   338.8   364.9   397.9   450.7   607.3  1334.1  2436.3  93627.0    93458
read      261.1    83.4    93.8   156.2   173.1   262.2   290.9   305.4   315.0   326.6   342.3   369.3   428.5   575.8  3041.0  17983.0    18056
read      253.7   106.0    80.4   126.2   140.3   231.8   286.1   315.6   337.4   364.1   396.9   444.0   565.6   817.4  1198.8  94570.0    94134
read      270.7    88.6    74.4   141.1   157.1   270.5   315.1   335.7   349.3   366.9   387.8   416.7   471.3   624.4   733.6  37710.0    37808
read      259.3    97.1    80.4   130.3   144.8   247.4   303.2   328.6   345.6   366.9   391.8   425.3   493.7   660.4  1379.8  53738.0    53481
read      269.2    82.6    93.8   151.1   166.8   271.9   306.8   322.7   334.7   346.7   366.1   394.1   452.0   572.8  2662.2  25913.0    25666
read      265.5   122.4    74.4   130.1   145.1   240.3   295.3   326.1   348.4   375.8   412.5   471.6   657.3  1020.7  2168.8 108975.0   108853
read      267.5    92.9    80.4   138.3   153.5   262.8   310.6   333.7   349.0   368.1   390.8   421.7   485.7   618.4  1727.4  41459.0    41576
read      255.2   104.2    74.4   126.7   140.9   235.7   293.8   322.5   342.5   367.5   397.6   436.3   514.6   720.8  1536.2  70212.0    70282
read      265.3   100.5    80.4   135.5   150.9   260.2   311.2   333.6   348.2   366.6   388.2   418.6   476.0   589.5  3164.9  45617.0    45769
read      258.0   128.2    74.4   127.0   141.2   233.8   288.8   318.0   339.3   365.1   397.9   451.9   594.3  1343.3  3107.0  92263.0    92383
read      253.7   108.2   101.3   158.6   174.1   250.0   276.9   290.3   299.4   311.7   326.0   347.3   411.8   865.5  3998.5  12124.0    12100
read      256.6    99.8    74.4   127.5   141.8   238.0   296.0   325.0   345.4   370.9   398.6   436.9   517.0   671.6   844.5  66910.0    67747
read      260.0   104.4    74.4   128.4   142.7   241.1   298.7   328.1   349.1   375.3   404.3   446.6   539.9   712.5  1356.6  68889.0    68933
read      258.6   100.5    74.4   129.0   143.8   241.0   298.8   327.8   347.4   371.5   397.6   435.1   518.5   673.2  1172.7  63592.0    63242
read      256.2   108.1    74.4   127.7   141.7   235.8   293.2   321.3   342.0   367.5   398.6   438.8   534.3   774.5  1689.3  73197.0    72993
read      267.0    97.4    80.4   134.0   149.5   257.5   310.9   336.6   354.4   374.5   401.4   436.4   507.6   649.1   741.7  50966.0    51022
read      260.4   102.4    74.4   128.0   142.5   242.2   301.1   331.0   351.9   377.1   403.3   443.1   527.9   714.0   877.1  66949.0    67069
read      273.8    79.8    86.8   153.1   170.7   277.0   311.1   327.4   338.7   351.7   369.7   396.0   459.0   584.8  1942.7  24962.0    24895
read      257.4   102.2    74.4   127.3   141.7   238.4   296.2   325.3   345.9   371.5   399.3   441.4   526.0   723.4  1062.4  68662.0    68588
read      272.0   109.1    86.8   139.9   156.1   267.6   315.0   336.8   352.1   370.8   392.8   425.5   501.5   660.7  5228.1  42760.0    42706
read      294.9   239.9    74.4   139.4   155.4   268.4   324.3   353.8   375.8   399.2   430.3   483.7   810.0  2924.7  9216.6  49376.0    49479
read      262.1   107.4    80.4   127.8   142.4   242.7   300.3   330.2   351.4   376.9   406.4   452.6   568.5   805.7  1195.4  64863.0    64792
read      258.2   106.0    74.4   128.4   142.8   237.6   294.6   324.6   345.1   370.3   401.2   446.3   541.6   775.9  1417.7  74321.0    73879
read      276.3   105.4    86.8   150.6   167.0   276.4   314.9   333.5   345.4   361.1   379.4   409.3   475.0   929.0  2736.9  31656.0    31893
read      259.8   104.4    80.4   128.5   143.3   240.0   296.8   326.4   347.9   373.1   405.3   449.5   547.1   742.6  1071.8  74072.0    74262
read      269.6   107.8    80.4   134.6   149.9   255.0   311.3   339.3   359.3   381.5   406.9   447.3   533.7   804.9  2349.9  57332.0    57246
read      255.7   109.1    74.4   126.9   141.1   233.9   289.1   318.1   339.7   366.0   398.4   446.8   564.8   824.2  1597.1  91565.0    91617
read      263.9   102.7    74.4   131.7   146.6   249.7   307.2   334.1   352.8   376.1   400.6   435.8   517.0   722.8  1572.7  54750.0    55173
read      275.9   135.1    80.4   132.8   148.4   248.0   303.9   336.4   360.9   390.7   431.0   501.7   731.1  1147.4  2524.4 108721.0   108633
read      256.0    79.1    86.8   156.0   172.6   255.4   283.5   297.1   308.3   319.6   336.5   363.3   428.1   587.2  3549.0  15829.0    15720
read      260.5   116.4    74.4   129.1   143.4   237.0   292.1   321.9   344.1   371.2   405.4   461.2   593.6   850.4  3233.7  99713.0    99961
read      266.3   118.2    68.9   130.5   145.4   241.7   298.6   329.3   351.8   379.1   414.5   470.1   635.5  1075.8  1667.7 102883.0   102613
read      263.0   105.8    74.4   130.6   145.3   249.1   305.9   333.0   350.9   371.4   396.9   433.4   521.8   840.5  1869.4  57101.0    57169
read      261.8    99.8    80.4   131.0   145.7   248.6   305.0   331.8   350.2   371.3   397.6   433.1   507.3   667.7  1086.0  57059.0    56950
read      263.9    98.7    74.4   132.2   147.7   254.3   308.2   333.0   349.4   370.1   394.8   430.5   509.5   641.3  1386.5  49978.0    49938
read      222.5    58.2   101.3   157.3   167.7   215.7   237.0   248.9   256.9   267.4   280.4   305.7   368.3   651.4  1809.7   5459.0     5383
read      277.9    95.3    80.4   144.4   160.3   273.6   321.8   345.0   362.3   381.7   404.8   435.3   505.0   615.9  1240.8  38997.0    39719
read      277.2    91.4    86.8   146.7   162.8   275.0   320.8   342.1   357.4   373.9   395.7   428.5   495.2   632.2  1316.9  36750.0    36653
read      259.2   106.0    80.4   127.7   141.5   239.1   297.0   327.1   348.0   374.7   404.8   450.5   547.1   727.6  1168.5  69083.0    69482
read      272.3   162.7    80.4   134.1   149.7   259.1   311.5   336.9   355.0   375.4   400.4   436.5   521.5  2351.4  4718.5  46968.0    46749
read      262.8   110.7    74.4   128.9   142.9   243.4   301.0   330.8   352.2   377.6   408.6   454.2   555.8   803.4  2114.1  65259.0    65109
read      271.8   123.5    86.8   138.0   153.2   262.8   315.7   340.5   358.3   378.3   402.1   435.2   505.5   636.7  2443.3  46443.0    46501
read      290.4   167.2    80.4   134.2   150.0   256.4   316.2   350.8   377.7   410.8   457.9   547.4   796.8  1975.6  3940.5 109572.0   109480
read      258.6   107.2    80.4   127.1   140.9   237.6   295.9   325.3   346.2   373.5   403.6   450.1   564.3   801.9  1190.7  69049.0    69433
read      260.3   102.3    74.4   128.7   143.0   244.8   301.8   329.6   349.6   374.1   400.9   437.3   522.1   675.1   868.0  57734.0    58157
read      259.2   111.9    74.4   126.1   140.7   237.3   294.1   324.0   345.6   373.8   404.4   452.6   573.0  1040.9  1576.3  70521.0    70737
read      272.9   100.3    86.8   144.7   160.5   274.4   315.0   334.4   346.8   363.2   382.0   408.1   468.6   733.7  3332.0  34550.0    34617
read      253.8   120.4    74.4   124.4   138.9   233.3   289.1   318.3   339.4   364.4   395.6   439.9   535.1   783.6  3672.3  77499.0    77563
read      253.8   110.2    74.4   125.0   139.4   231.8   287.5   316.5   337.8   364.0   396.6   446.5   566.3   849.7  1460.4  89769.0    90036
read      270.5    95.1    80.4   141.6   157.8   268.4   312.7   333.5   346.8   364.9   386.7   418.7   489.5   625.7  2407.8  36630.0    36689
read      265.5    95.9    74.4   133.7   149.2   258.3   310.3   334.3   350.4   369.6   393.2   427.6   502.0   629.0  1657.4  46871.0    46832
read      264.3   116.1    74.4   129.4   144.1   240.3   295.6   325.8   348.3   376.5   410.9   467.1   647.9  1001.2  1299.7 104221.0   104903
read      253.9    91.9    93.8   155.7   170.9   252.0   280.6   294.7   305.3   316.9   334.0   361.4   426.9   566.9  3946.9  14135.0    14153
read      264.0    93.9    93.8   149.5   165.0   262.7   296.0   312.7   323.9   338.0   355.9   385.2   455.1  1303.7  2279.7  21823.0    21674
read      228.1   155.7   109.4   152.0   163.3   215.5   237.2   250.3   259.8   271.2   287.6   312.8   416.3  2587.0  7789.9   5793.0     5689
read      284.6   136.2    80.4   139.5   155.0   271.7   324.8   352.7   373.3   395.8   424.3   468.1   594.7  1166.3  3379.2  37258.0    37781
read      255.5    87.0    93.8   153.4   168.4   251.4   282.8   297.4   308.9   320.4   338.7   367.0   431.8  1290.3  2459.3  15604.0    15507
read      395.0   520.8    80.4   139.5   157.7   281.9   353.6   399.7   437.6   491.9   589.2   849.7  3355.7  6726.2  9006.3 101566.0   102064
read      263.3   137.4    74.4   126.9   141.4   239.3   297.1   327.3   348.9   375.7   408.4   455.8   584.5  1723.0  2942.9  71492.0    71340
read      266.2   144.3    68.9   127.5   141.6   238.1   294.8   325.8   348.8   377.9   411.7   466.9   738.0  1661.9  3034.2  79615.0    79815
read      277.2   555.5    86.8   138.1   153.1   260.9   311.7   336.4   353.7   373.7   399.0   436.6   514.2   663.1 39285.9  44424.0    44352
read      316.4   217.6    80.4   138.1   154.2   268.2   336.1   377.8   410.9   452.9   515.0   651.2   975.6  2731.9  5825.9 109486.0   109562
read      259.9   122.6    80.4   127.3   141.2   234.7   290.9   321.3   344.0   371.3   404.1   455.5   623.4  1213.7  1993.3  86160.0    86219
read      268.7    96.8    86.8   135.7   150.4   260.3   315.0   340.6   358.8   378.8   401.4   432.8   500.3   616.5   793.2  47810.0    47335
read      270.7   102.7    80.4   138.4   153.3   265.8   315.5   339.2   355.9   374.4   397.4   428.8   495.6   640.1  2166.0  42070.0    41962
read      266.3    97.4    80.4   134.7   150.2   258.4   310.1   334.5   351.3   372.3   396.3   428.2   496.0   652.7  1003.7  46061.0    45802
read      252.7    61.8   101.3   160.1   175.5   252.8   279.0   292.2   301.7   313.1   327.0   347.2   403.3   584.3   993.3  13397.0    13389
read      266.0   155.0    80.4   128.3   142.7   234.3   291.0   321.7   344.2   373.6   409.1   469.9   737.5  1956.3  3075.9  95271.0    95780
read      253.3   108.6    74.4   125.2   139.4   231.3   286.0   315.7   337.3   363.2   397.0   445.5   550.3   844.3  1371.0  87743.0    87844
read      266.9   128.1    80.4   130.2   145.3   250.5   306.4   334.0   353.2   374.8   403.1   445.8   541.4  1428.3  3917.7  55723.0    55903
read      259.2   113.3    80.4   129.3   143.6   235.9   290.7   320.3   342.1   369.3   403.6   455.8   590.9   927.4  2824.0 100442.0   100902
read      253.7   102.7    74.4   124.5   139.2   234.2   290.8   319.5   340.5   365.1   396.8   440.8   534.6   702.7   987.2  71038.0    70988
read      264.7   104.2    74.4   131.0   146.9   253.4   309.2   335.6   353.7   373.8   398.9   434.1   505.9   619.8  1605.7  53726.0    53831
read      271.2    78.3    86.8   151.1   167.4   274.9   309.8   326.3   337.5   350.1   368.9   398.0   458.6   566.8   963.6  27335.0    26948
read      273.2    88.4    80.4   146.4   162.7   274.8   315.5   334.6   346.8   363.5   382.9   410.4   469.4   568.4   691.9  31871.0    32347
read      278.4   104.8    80.4   137.8   153.2   269.1   321.8   348.4   369.3   392.0   419.7   461.8   546.4   741.7  1165.6  40793.0    41050
read      284.5   137.5    80.4   130.9   146.1   258.7   321.3   359.1   387.4   419.6   459.2   519.1   678.1  1070.6  1670.7  55839.0    56197
read      340.7   382.8    68.9   130.9   147.0   258.5   322.0   364.0   397.9   444.8   527.1   743.1  2202.5  3956.8  7839.1  94602.0    94617
read      260.6   108.8    80.4   128.5   142.6   239.1   296.8   327.5   349.2   375.0   406.9   456.0   556.4   898.1  1264.6  71930.0    71839
read      268.4   146.7    80.4   129.3   143.7   239.8   298.1   329.5   353.4   382.5   418.4   471.0   685.3  1764.2  2891.1  79175.0    79082
read      290.1   213.6    80.4   131.8   147.1   249.2   308.9   343.5   370.9   403.9   452.1   542.7   951.6  2179.7  7100.0 107814.0   107630
read      269.3   141.3    74.4   130.2   145.2   249.9   307.9   337.1   357.7   381.1   410.1   454.1   555.5  1877.4  3429.0  60183.0    60164
read      252.9   118.5    80.4   124.3   138.5   227.9   282.1   311.6   333.2   359.1   392.7   443.4   637.8  1113.4  1702.0  97344.0    97878
read      261.4   104.2    74.4   128.9   143.1   243.8   300.7   329.9   350.5   374.6   403.3   446.1   541.6   797.3  1096.6  63772.0    63680
read      258.6   107.4    74.4   126.7   141.1   237.2   294.6   324.9   346.2   373.1   404.1   451.3   560.8   824.8  1418.7  73621.0    73888
read      264.1   108.0    80.4   129.6   144.1   244.6   303.1   333.3   354.5   379.6   410.3   454.6   560.6   796.8  1556.5  65044.0    65499
read      268.0   143.4    80.4   128.6   142.8   238.4   295.7   326.6   349.5   378.6   415.2   473.2   736.4  1788.9  2274.1  96606.0    96906
read      263.4   151.7    74.4   126.7   141.0   234.0   289.6   318.8   340.7   367.8   403.7   463.1   730.7  1839.2  3175.6 103059.0   103287
read      265.0   104.6    74.4   132.8   148.0   255.2   308.5   333.5   350.5   370.8   395.4   430.0   507.7   699.6  2997.4  49222.0    49664
read      271.9   112.5    80.4   144.3   160.9   272.3   311.5   330.1   342.3   358.6   378.6   406.4   471.1   638.7  3883.1  32503.0    32535
read      270.2    99.6    80.4   135.6   151.2   263.7   314.9   339.1   356.0   374.4   399.0   434.2   505.8   631.3  2247.8  46362.0    46477
read      232.1    52.0   101.3   157.0   170.2   226.9   251.0   264.0   272.6   284.2   297.4   321.1   370.0   598.8   680.5   7554.0     7459
read      256.0   103.7    80.4   126.1   140.8   235.7   293.4   322.6   343.8   368.5   398.4   442.9   538.6   723.5  1275.7  73315.0    74137
read      261.6    98.0    80.4   130.4   144.8   249.3   304.9   331.2   349.2   370.7   396.2   432.6   505.6   674.1   862.2  57047.0    57061
read      270.4    90.2    80.4   143.3   159.4   272.0   312.4   331.5   344.1   360.8   380.6   409.9   470.6   588.8  2120.9  34518.0    34213
read      231.4    90.3   101.3   154.3   167.3   224.0   248.8   261.7   270.1   280.4   294.1   319.8   394.8   639.3  5230.4   7529.0     7432
read      284.4   112.4    86.8   139.5   155.4   272.2   327.2   356.3   377.8   401.9   431.8   475.8   570.7   800.5  1585.2  41152.0    41605
read      281.3   123.4    86.8   140.2   156.6   271.7   319.1   343.7   363.1   385.0   410.8   451.0   560.9  1551.8  2732.4  33173.0    32998
read      281.9   159.9    74.4   124.0   138.1   250.4   314.2   351.0   379.6   412.9   455.8   525.9   816.7  1516.0  2197.4  61585.0    61636
read      293.9   196.2    74.4   127.2   141.8   254.3   321.7   361.9   392.0   426.6   470.5   549.2   925.4  2452.2  4908.9  64773.0    64695
read      257.8    90.8   101.3   156.9   171.5   253.5   283.2   298.3   309.4   320.4   338.5   366.7   455.3  1357.8  2431.7  14109.0    14063
read      300.6   306.9    74.4   129.3   144.2   248.0   308.3   344.1   373.1   406.9   455.9   556.7  1102.4  4835.7  8137.4  90389.0    91302
read      222.7    53.2   101.3   152.7   165.0   217.3   238.9   250.6   259.0   269.1   282.4   304.2   362.5   622.9  1135.5   6021.0     6064
read      269.8    93.6    80.4   139.1   153.9   264.8   312.9   336.1   352.4   371.8   395.1   428.7   497.1   610.9  1231.2  41016.0    41354
read      264.7    78.9    86.8   155.0   170.6   266.6   296.6   311.7   321.2   335.0   350.7   378.9   433.6   616.7  3232.8  19952.0    19863
read      270.8   112.4    80.4   155.1   170.7   268.5   300.4   316.0   327.6   341.3   361.4   394.6   482.0  1227.1  4577.1  19782.0    19488
read      265.0   108.5   101.3   158.7   173.9   260.3   290.4   306.6   317.7   331.8   347.9   379.1   471.4  1322.1  1874.4  14124.0    14040
read      279.2   139.7    93.8   152.7   168.4   269.7   306.6   325.6   340.5   358.8   382.6   421.8   559.4  2070.4  3155.7  19588.0    19538
read      272.3   111.5    93.8   150.7   166.6   265.7   301.3   319.9   334.4   350.6   373.7   410.7   507.9  1412.3  2702.2  20060.0    20199
read      371.3   438.3    80.4   138.0   155.5   279.3   351.3   399.1   439.1   495.5   590.5   803.9  1991.1  6356.0  8225.8 106690.0   106657
read      256.4   110.0    74.4   128.2   142.0   234.1   290.1   319.2   340.4   365.9   398.0   446.0   560.3   889.6  3031.7  92106.0    92457
read      255.3   127.6    74.4   125.4   139.5   230.7   286.5   316.3   338.3   365.4   398.5   447.2   580.4  1084.2  3052.5  92537.0    92780
read      256.9   101.7    74.4   126.6   141.0   238.3   296.4   325.6   345.7   370.6   399.2   438.0   529.8   695.8   879.5  68290.0    68203
read      253.9   106.6    80.4   124.8   139.1   232.5   289.1   318.2   339.6   365.8   397.5   442.9   549.3   853.1  1571.3  81425.0    81753
read      261.3   125.4    74.4   128.7   143.2   246.3   302.3   329.8   348.7   371.1   398.7   436.6   510.4   666.0  5214.5  57508.0    57748
read      272.0    76.4    86.8   154.0   171.7   273.8   305.5   321.5   334.2   347.0   368.3   397.5   462.2   634.1   871.9  21008.0    21027
read      266.0   103.0    80.4   132.6   148.4   257.1   310.6   335.4   352.3   372.0   397.4   431.5   501.8   639.5  1499.6  49367.0    49680
read      252.6   122.5    74.4   124.6   138.9   231.1   286.8   315.8   336.7   361.6   393.6   439.6   537.6   809.4  3728.8  81805.0    82042
read      258.2   120.2    80.4   128.0   142.3   234.6   289.7   318.4   339.8   366.0   398.7   451.2   590.7  1249.2  2161.8  93312.0    93691
read      265.7   100.2    80.4   135.4   150.6   259.4   309.4   332.1   347.1   366.0   388.8   422.2   492.1   881.8  2056.0  45293.0    45291
read      269.5    87.4    93.8   145.5   161.7   271.4   309.5   327.5   340.2   355.2   373.0   399.6   461.6   641.3  1724.2  30244.0    30437
read      261.1   110.8    80.4   128.5   142.6   241.2   299.7   329.7   350.4   376.4   404.8   447.7   541.5   871.0  2478.8  67472.0    67422
read      258.8   153.3    80.4   126.3   140.3   238.3   295.6   325.6   346.6   374.7   403.5   447.1   543.9   779.6  1160.8  69436.0    69956
read      273.5    94.4    80.4   144.5   160.9   272.7   315.4   335.8   350.0   368.6   389.3   417.6   483.2   656.1  1595.1  35450.0    35404
read      259.3   113.8    80.4   126.5   140.4   235.9   293.1   322.7   345.1   373.2   407.1   457.4   590.4   991.1  1575.8  80287.0    80225
read      283.0   168.6    80.4   132.6   148.6   252.0   309.2   341.8   367.2   397.3   435.5   503.4   762.9  2332.1  3406.3 105701.0   105585
read      266.8    71.3    86.8   156.0   172.6   269.7   300.6   314.9   324.9   337.6   353.4   379.5   434.5   538.9  1143.2  20276.0    20088
read      250.5    63.6    93.8   160.4   174.1   249.1   275.7   289.3   297.9   309.8   322.3   345.3   418.8   639.5  1372.6  12660.0    12672
read      261.6    92.5   101.3   156.1   170.8   257.1   287.5   303.3   314.6   328.8   347.3   379.1   460.9  1116.2  3164.6  15642.0    15696
read      273.6   120.3    86.8   144.4   160.2   266.2   306.0   326.2   340.7   359.4   384.2   423.6   556.4  1731.3  2878.3  25808.0    25951
read      280.4   220.2    80.4   124.2   138.7   243.4   307.4   344.1   372.9   404.4   445.1   505.4   710.5  3547.7  7995.8  64756.0    65007
read      234.0   136.7    86.8   151.3   163.6   225.5   252.2   265.8   274.5   286.1   298.5   323.6   395.2  1717.7  7831.0  10221.0    10189
read      291.3   223.8    80.4   124.3   138.4   240.5   309.2   350.4   383.2   423.1   474.3   569.2  1022.9  2694.4  5056.9  77594.0    78008
read      243.4    90.9   101.3   153.7   167.5   237.4   266.3   280.5   290.3   301.6   316.6   339.2   401.9  1440.9  2642.7  12507.0    12678
read      260.8   115.9    93.8   154.3   170.2   255.9   285.8   301.2   312.4   325.0   342.7   372.0   447.7  1629.3  3607.8  15808.0    15922
read      283.4   155.7    80.4   136.3   151.3   266.5   321.3   349.8   371.7   393.9   421.3   463.8   602.7  1848.2  2767.0  41781.0    41774
read      284.3   163.3    80.4   138.1   153.7   268.8   321.2   349.1   370.7   392.8   419.7   460.5   562.9  2658.4  3596.4  38647.0    38788
read      274.8   122.1    80.4   138.3   153.1   268.1   314.4   337.5   354.2   373.7   398.1   432.9   524.2  1902.8  2802.5  34331.0    34559
read      288.2   173.8    74.4   129.3   144.2   259.5   321.4   358.1   384.3   414.5   452.6   510.4   741.2  2457.4  3123.3  54549.0    54825
read      288.9   187.9    80.4   135.4   150.9   266.9   323.2   352.2   373.5   398.0   427.0   471.8   688.7  2855.2  4064.5  42584.0    42697
read      252.4   114.5   101.3   157.5   173.5   246.7   275.3   289.0   297.5   310.4   325.0   347.6   407.3  1983.6  2548.3  12762.0    12669
read      315.7   251.2    80.4   129.9   144.9   258.9   329.6   375.3   413.4   458.7   521.5   645.8  1226.7  2852.6  7609.0  70347.0    70047
read      349.2   414.8    80.4   133.6   150.4   262.1   326.3   367.7   401.4   449.1   537.6   798.1  1957.1  5820.4  9725.3  96436.0    96137
read      253.3   105.4    74.4   126.3   140.4   231.0   286.8   316.4   337.3   362.3   394.7   442.6   556.3   857.1  1141.6  93182.0    92934
read      264.9    73.5    86.8   152.6   169.6   267.4   299.0   313.9   324.0   337.3   353.3   378.7   435.6   576.4   746.3  20933.0    20597
read      261.1   104.3    74.4   128.3   142.9   242.2   301.1   330.7   350.9   374.7   404.8   448.5   540.6   749.5  1119.9  66754.0    66597
read      263.6   102.2    74.4   129.9   145.0   247.9   306.2   334.6   354.7   378.2   404.4   443.3   526.0   671.0   857.5  59935.0    59987
read      261.8    99.0    80.4   130.6   145.0   248.6   305.8   332.7   351.0   372.8   399.1   433.1   507.0   641.1   799.3  57980.0    58456
read      261.0   102.7    74.4   129.0   143.3   245.2   302.1   330.1   349.6   373.2   402.8   441.9   523.3   716.8  1100.9  59943.0    59958
read      263.8   142.0    74.4   127.6   142.0   236.4   292.1   322.2   344.7   371.8   409.0   466.7   693.0  1233.8  4020.3  98726.0    98221
read      260.7   104.2    80.4   129.4   144.0   248.2   304.1   330.3   347.7   368.5   394.8   431.4   509.6   661.6  2237.1  55753.0    55912
read      270.1    91.0    80.4   139.0   154.5   269.3   314.9   335.6   349.5   367.4   389.1   420.2   487.7   602.4  1506.7  39199.0    39018
read      264.2    72.6    93.8   155.0   170.6   266.0   295.6   311.0   320.8   334.9   351.0   378.4   432.9   615.1  1540.6  19114.0    18747
read      265.7   104.6    74.4   130.7   145.3   249.2   306.8   336.1   357.4   382.5   410.2   451.5   543.1   737.2  1159.7  59806.0    60013
read      257.4   120.2    74.4   126.4   140.2   232.1   289.5   320.0   342.4   368.4   402.4   453.7   591.9  1172.8  2094.9  85745.0    85584
read      258.4   126.8    74.4   126.5   140.3   234.1   291.0   320.4   342.4   369.5   401.7   452.4   605.6  1129.8  1737.2  84670.0    84809
read      263.4   131.1    68.9   127.9   142.0   237.6   294.7   325.3   347.7   376.6   409.1   462.4   641.3  1302.1  2344.0  85403.0    85435
read      260.5   128.3    80.4   126.8   140.8   235.0   289.7   320.0   342.6   371.0   406.5   459.9   638.4  1449.0  2239.9  94884.0    94907
read      261.0   116.1   101.3   157.3   173.3   259.4   287.9   302.2   312.2   322.7   339.8   365.8   426.1   938.0  6198.5  16465.0    16437
read      264.9   140.2    74.4   126.9   141.5   239.6   296.8   328.0   350.2   378.2   412.6   467.1   665.2  1091.5  4956.9  78120.0    78505
read      260.7   119.7    74.4   126.4   140.4   238.6   294.8   324.5   346.2   372.6   405.7   458.7   588.6  1079.2  3051.7  77823.0    77219
read      257.3   114.2    74.4   125.7   139.9   233.0   289.6   319.3   341.7   369.0   403.1   455.5   602.8  1054.0  1374.7  86812.0    86414
read      271.0   149.5    80.4   128.9   143.4   243.5   301.7   332.5   355.9   384.0   419.5   470.9   717.7  1897.1  3603.2  73895.0    73427
read      262.8   126.1    74.4   129.7   144.2   237.7   293.8   323.6   344.8   371.3   404.1   460.6   627.3  1254.1  3088.9  99746.0   100497
read      257.8   116.2    80.4   128.2   142.5   234.4   289.5   318.6   340.5   367.1   400.3   450.0   585.8  1085.5  1934.4  97145.0    96416
read      253.7   101.6    74.4   125.4   139.8   234.9   292.0   319.8   340.4   365.6   395.0   434.4   520.0   686.5  1160.9  71939.0    71637
read      272.5    89.9    80.4   144.4   161.5   274.2   313.6   333.0   345.4   361.8   381.1   410.5   486.4   658.0  1985.1  33431.0    33216
read      260.8   101.8    74.4   128.7   143.2   247.5   304.9   332.1   349.8   371.0   397.5   433.9   507.3   636.8  1474.9  58022.0    58699
read      260.0   100.2    80.4   129.8   144.9   248.3   302.9   328.0   344.9   366.3   392.5   428.1   501.8   631.3  1825.7  54311.0    53809
read      253.8   106.7    74.4   125.8   139.8   233.0   290.4   319.9   340.6   365.3   395.6   436.3   528.8   804.4  1478.9  73280.0    72797
read      272.2   134.0    80.4   132.9   148.2   247.1   303.2   334.6   357.9   385.7   421.8   482.2   669.3  1207.7  4415.3 106938.0   107267
read      263.2   111.2    74.4   130.7   145.5   249.2   305.7   332.1   350.0   372.1   397.9   433.8   507.2  1003.0  2816.4  55682.0    55877
read      258.3   105.5    74.4   127.8   141.8   237.9   296.8   325.6   346.5   373.4   402.9   447.4   538.6   733.9  1129.2  70196.0    70507
read      262.2    95.5    74.4   131.7   146.9   255.6   306.6   329.5   344.7   366.1   389.7   423.0   495.5   620.0   914.1  46790.0    46741
read      272.1    92.1    74.4   141.0   156.9   271.4   315.2   336.7   351.4   368.5   390.2   422.6   485.6   605.7   898.1  36486.0    36507
read      276.6    95.6    86.8   147.0   162.9   276.8   316.5   335.9   349.0   366.8   387.9   418.5   496.2   934.7  2002.2  30628.0    30697
read      285.2   135.8    86.8   150.6   166.5   278.6   320.4   342.2   358.5   376.9   400.1   438.4   533.8  1756.2  4220.4  25432.0    25261
read      284.1   124.1    93.8   151.9   167.5   277.0   317.3   338.6   354.1   372.7   397.1   434.7   554.5  1619.8  4194.5  24911.0    25212
read      280.6   118.3    80.4   139.9   155.5   269.5   319.0   345.2   365.5   387.5   413.3   455.9   565.1  1346.8  2475.2  33841.0    33805
read      306.1   251.7    74.4   126.2   141.4   251.1   322.0   367.7   401.6   440.9   493.0   598.6  1228.5  3358.9  7023.5  75929.0    76345
read      405.0   502.9    80.4   133.1   151.0   271.9   345.9   400.3   447.5   518.1   676.9  1172.2  2828.6  5463.1  7977.7  95672.0    95558
read      271.8    81.8    86.8   149.4   165.7   273.7   310.6   328.5   340.5   355.1   372.7   402.0   464.6   605.6  1403.5  28439.0    28428
read      268.4    92.5    93.8   154.7   171.0   269.9   301.0   316.3   327.4   340.2   357.0   382.7   435.9   691.4  3910.3  21399.0    21673
read      254.7   117.0    80.4   124.6   138.4   230.3   285.7   315.1   337.1   365.0   400.1   452.3   614.5  1119.0  1573.6  88885.0    89018
read      271.4   105.6    80.4   136.3   151.5   262.6   314.5   340.0   358.2   378.8   404.7   439.6   508.6   665.0  3789.0  46856.0    46753
read      272.1    87.0    86.8   143.4   159.9   273.2   314.7   334.6   347.6   364.6   385.3   416.9   480.3   599.2   733.2  34145.0    34034
read      270.2    97.2    80.4   136.4   151.3   262.7   314.7   339.7   357.8   378.3   402.3   436.0   508.0   664.7   865.7  47248.0    47329
read      271.1   155.2    80.4   132.1   147.0   252.9   310.9   340.2   360.9   383.9   410.3   447.8   535.5  1961.0  4980.2  57014.0    56893
read      271.1    93.5    86.8   140.5   156.3   268.9   315.1   336.5   351.0   369.2   390.9   422.3   480.7   573.8  2009.5  39051.0    38690
read      257.8   128.1    74.4   126.2   140.2   234.6   291.6   321.1   342.8   369.1   402.0   452.6   584.7   835.0  5004.5  79833.0    79988
read      270.7   121.4    74.4   132.7   148.7   247.8   302.9   333.3   356.0   383.3   418.7   477.3   647.9  1061.7  1999.3 107393.0   107429
read      269.2    96.9    80.4   138.9   154.0   264.8   313.6   335.9   350.8   368.3   389.7   420.7   496.9   912.9  1274.2  43933.0    43713
read      255.9   104.2    80.4   127.0   141.1   235.5   292.5   322.0   343.1   369.0   399.5   442.4   534.6   747.0  1523.3  76877.0    76624
read      257.5   104.0    74.4   126.4   140.8   237.5   295.6   324.9   346.0   372.2   401.6   445.7   542.7   734.3  1037.0  71136.0    71700
read      267.5    89.3    80.4   139.0   154.3   265.9   312.2   333.3   346.8   364.8   385.7   414.9   479.1   621.7   767.5  40693.0    40703
read      256.8   116.8    74.4   127.3   141.4   233.3   288.8   318.5   340.5   367.2   399.7   449.0   581.1  1007.4  2057.6  94896.0    95489
read      260.7    68.9    93.8   154.5   170.9   262.8   292.0   306.6   316.0   327.9   342.7   368.7   427.7   612.3   952.8  18758.0    18531
read      260.2   122.3    74.4   128.2   142.4   235.0   290.6   320.2   342.6   369.7   405.1   459.2   612.5  1221.3  2221.7  98778.0    99369
read      267.5    82.8    80.4   146.6   163.0   270.5   306.7   323.7   335.6   347.9   368.2   397.7   456.5   572.6  1963.4  29473.0    29286
read      271.3   118.4    80.4   138.5   153.7   266.8   315.3   337.1   352.0   369.6   391.8   423.9   491.1   764.6  4446.9  42955.0    42988
read      258.1   106.3    74.4   127.3   141.5   238.4   296.8   326.9   347.1   371.5   402.1   443.3   534.7   784.6  1707.1  69081.0    69249
read      226.7   135.9   101.3   151.9   163.7   219.6   243.5   255.3   264.8   274.3   290.0   314.2   373.2   624.0 10424.8   7906.0     7889
read      268.0   103.2    80.4   133.5   149.0   256.1   311.9   338.4   356.9   377.7   404.2   437.4   516.3   709.7  2031.0  51157.0    51783
read      268.0    89.4    86.8   139.8   155.0   265.7   310.4   332.7   347.6   365.8   387.4   418.0   474.7   575.5   952.3  38827.0    38634
read      261.3   124.0    80.4   127.5   141.4   235.6   292.4   323.1   345.5   373.9   408.4   461.7   633.7  1286.8  1832.6  86717.0    86204
read      286.0   166.6    80.4   134.8   150.7   254.3   310.1   342.3   367.8   398.4   439.3   516.5   861.2  1792.4  2720.7 109447.0   109534
read      271.8    98.8    80.4   139.0   153.8   265.8   317.4   340.6   357.2   375.9   400.0   432.0   502.9   629.1  2110.5  45481.0    45136
read      263.8   103.0    80.4   130.0   144.5   247.0   306.8   335.5   355.6   379.1   406.2   449.1   531.7   682.7   943.2  60033.0    59949
read      262.3   108.4    74.4   128.9   143.1   244.9   302.2   331.2   351.9   377.1   407.4   448.8   540.0   762.0  1067.9  61966.0    61681
read      267.5   130.9    74.4   128.7   143.3   241.9   300.0   331.1   354.0   382.3   417.8   470.2   662.9  1237.3  2727.2  76417.0    76329
read      272.2   129.0    80.4   138.4   153.3   264.2   314.4   339.7   358.1   378.6   401.0   433.5   499.9   693.3  3212.8  44041.0    44322
read      269.0    76.5   101.3   155.7   172.0   272.2   303.4   318.3   329.7   342.1   360.1   386.1   431.4   612.0  1179.2  21055.0    20698
read      256.1   109.5    74.4   126.7   140.9   233.3   289.3   318.5   340.0   366.4   398.9   449.4   586.6   927.6  1271.3  85138.0    84853
read      255.0   104.4    74.4   125.8   140.2   234.3   292.2   321.4   342.5   367.4   397.8   442.5   537.6   720.4  1661.9  75661.0    75889
read      263.6   114.6    74.4   131.0   145.9   240.2   295.4   325.7   347.1   373.9   407.6   461.8   616.3  1001.1  1379.7  98885.0    98396
read      267.7   135.9    80.4   133.0   148.1   253.2   309.1   335.3   353.3   373.7   398.7   435.7   518.5  1267.3  3757.0  54194.0    53818
read      272.4    83.6    86.8   150.4   166.6   274.9   309.8   326.6   338.4   352.4   371.7   402.2   469.7   631.8  1083.1  26386.0    26200
read      260.4   104.2    74.4   129.8   144.5   248.6   303.5   328.7   345.7   367.0   392.3   427.8   502.8   745.4  1608.4  54271.0    54761
read      246.2    78.0    93.8   155.7   170.6   243.2   269.6   283.5   293.0   305.0   319.1   343.3   409.3   589.9  3174.1  12424.0    12268
read      263.7   107.3    74.4   130.8   146.3   252.4   306.6   332.0   349.5   371.5   396.6   432.9   509.7   667.1  2343.1  51856.0    52324
read      269.2   133.3    74.4   131.0   146.4   244.4   299.4   330.0   352.5   380.7   416.5   473.2   660.4  1278.2  2984.0 105946.0   106440
read      226.9    62.2   101.3   152.3   165.1   220.9   244.1   256.3   266.9   278.3   293.0   317.5   373.1   605.4  3062.5   7085.0     7154
read      253.3   115.8    74.4   125.4   139.4   230.5   286.2   314.8   335.7   361.0   394.6   441.7   559.3  1010.1  2274.4  87281.0    87362
read      264.4    91.4    74.4   135.0   150.5   259.7   310.1   332.4   347.0   364.9   386.5   418.2   482.8   587.3   715.8  43869.0    43716
read      265.9    80.3    86.8   147.8   163.5   267.7   303.7   320.1   332.3   344.8   364.7   393.1   453.7   585.6  1010.3  26828.0    26737
read      293.5   163.4    86.8   140.0   155.0   272.5   328.1   359.0   382.3   408.3   443.3   500.0   687.4  2293.8  3341.8  41518.0    41596
read      352.3   355.4    80.4   133.8   149.9   264.9   338.0   391.0   433.4   490.2   580.7   814.7  1901.3  4189.4  7772.2  85215.0    85490
read      357.6   392.3    74.4   132.0   147.7   265.1   338.1   389.9   430.7   486.6   581.4   826.8  2187.1  4981.3  7917.4  77224.0    77612
read      331.7   324.4    74.4   128.0   142.2   254.2   326.0   376.0   414.5   462.6   537.2   723.5  1813.1  3403.0  7745.9  78270.0    78124
read      292.2   237.5    74.4   122.9   137.1   243.7   311.6   352.7   386.6   425.2   474.1   560.0   958.7  3119.4  7540.1  69548.0    69632
read      272.4   147.4    80.4   132.5   147.5   259.1   310.4   335.9   353.9   374.9   402.1   438.1   542.0  2018.4  3706.5  39096.0    39180
read      251.4   131.2    93.8   149.5   163.1   247.3   277.9   293.1   303.8   315.3   330.7   353.9   410.9  1454.9  5377.7  15762.0    15803
read      277.5   135.6    74.4   135.7   150.4   265.0   314.7   340.8   361.2   384.1   410.3   453.4   610.1  1904.0  3704.8  37010.0    36987
read      261.1    80.8    93.8   149.0   163.5   257.7   292.4   310.4   322.4   338.8   360.2   393.2   466.0   732.3  1887.5  19797.0    19833
read      280.7   126.2    80.4   131.8   147.1   264.3   321.4   353.4   377.7   401.6   432.8   481.9   612.6  1270.1  2166.9  46119.0    46567
read      296.7   192.8    80.4   131.3   146.6   263.6   328.7   367.8   395.1   426.7   468.1   540.8   836.1  2807.7  4778.4  57689.0    57368
read      288.7   128.7    80.4   143.0   159.3   278.2   329.9   357.6   377.7   398.6   425.6   467.7   583.3  1378.0  2896.0  36198.0    36003
read      284.7   181.6    74.4   124.4   138.4   245.9   313.1   353.4   384.2   418.0   461.1   532.2   856.2  1980.3  3681.2  68617.0    68916
read      372.0   450.4    80.4   130.3   146.6   260.4   330.0   379.7   424.1   487.9   608.6   932.2  2454.7  5521.2  8028.7  93107.0    93229
read      265.7   102.7    80.4   135.3   151.0   258.1   309.2   333.0   348.9   368.1   391.5   424.8   501.6   650.6  2258.4  46678.0    46632
read      255.1   104.8    80.4   127.6   141.7   234.1   288.2   316.4   337.4   363.4   395.6   444.6   566.7   846.2  1040.6  93403.0    93663
read      266.2   126.5    80.4   129.4   143.9   240.0   296.1   326.9   349.8   378.6   414.7   472.3   661.4  1309.1  2166.8 106304.0   106418
read      257.9   100.2    74.4   128.3   142.5   243.4   300.1   327.7   346.2   369.2   394.8   430.5   505.9   642.7  1186.8  60582.0    60496
read      282.6   159.6    80.4   133.8   149.8   252.5   310.6   344.5   370.5   400.7   441.7   517.1   746.2  1501.3  7121.2 109477.0   109057
read      258.0   116.1    80.4   128.7   143.0   235.5   290.2   318.9   340.5   367.1   400.5   451.8   576.4   851.5  3436.0  96346.0    96861
read      252.7   106.1    74.4   124.8   139.2   231.0   286.7   316.0   337.0   362.9   395.5   442.0   555.2   844.0  1068.0  85766.0    86255
read      269.3    78.8    86.8   150.1   166.4   272.1   306.5   322.4   334.7   347.2   367.1   396.1   458.9   578.7   717.5  25673.0    25686
read      259.2    68.5    93.8   155.3   171.6   260.5   288.7   303.2   313.8   325.8   341.3   368.3   429.0   535.2  1415.4  17371.0    17483
read      284.0   127.7    86.8   146.0   161.6   277.0   320.2   342.6   359.9   379.4   401.7   441.8   566.8  1786.9  3000.1  29382.0    29211
read      292.0   213.4    80.4   128.4   142.5   255.7   318.5   356.0   384.1   415.7   457.0   529.0   904.1  2564.3  7584.3  55220.0    55328
read      417.8   545.1    80.4   132.9   149.5   272.3   350.5   405.5   452.9   518.4   663.0  1334.2  3037.5  5080.8  8110.7  87934.0    87592
read      276.3   114.0    86.8   149.6   165.1   270.7   309.5   329.0   342.6   360.7   383.7   419.3   534.6  1594.4  2975.3  23939.0    23882
read      279.3   139.4    80.4   132.2   147.5   262.9   317.7   348.2   371.2   396.5   428.4   471.8   610.6  1540.4  3279.1  44553.0    44790
read      246.0   104.5   101.3   153.2   167.1   240.7   269.4   284.1   293.8   305.7   319.0   341.7   402.6  1488.1  2543.7  12327.0    12236
read      293.8   172.5    86.8   137.2   152.1   271.5   329.5   362.3   385.9   412.3   447.1   500.4   716.4  2482.4  3442.9  42950.0    42928
read      366.0   393.2    80.4   137.2   154.7   278.6   348.7   395.3   432.2   483.9   577.9   805.7  2032.9  4136.2  7944.9 103428.0   103959
read      267.0   147.0    80.4   129.1   143.5   238.5   292.9   324.0   347.2   376.8   414.7   471.8   694.3  1731.1  2795.3  97811.0    97347
read      261.6   106.9    80.4   129.1   143.5   241.2   298.9   328.9   350.2   376.7   408.4   454.4   556.6   792.0  1365.2  68194.0    68379
read      272.5   163.1    80.4   129.5   143.8   240.6   297.1   328.9   353.1   382.0   420.1   482.3   811.7  1977.0  3588.8  92452.0    92596
read      242.0    78.4   101.3   159.0   172.5   238.7   263.6   276.1   286.0   295.9   310.8   333.7   397.7   593.4  3231.0  10100.0    10055
read      270.6    82.2    80.4   147.4   162.6   275.0   311.2   328.6   340.4   354.7   372.4   400.9   464.4   614.7   982.0  29549.0    29634
read      241.5    84.5   101.3   156.8   169.8   234.4   261.8   275.2   286.0   296.8   312.7   337.8   414.7  1074.8  3782.9   9574.0     9324
read      281.7    94.5    93.8   147.5   163.1   280.0   323.7   345.3   362.6   381.4   402.1   434.9   518.9   712.8  1102.9  29724.0    30076
read      298.5   252.6    74.4   131.0   146.4   248.4   307.4   340.6   366.5   398.8   446.8   549.8  1367.7  2810.5  7540.1  99358.0   100150
read      266.2    84.5    86.8   147.0   162.7   268.3   303.4   319.9   333.0   346.5   366.0   393.4   451.4   557.0  2244.2  27473.0    27527
read      254.3   107.9    74.4   125.3   139.6   232.2   286.5   315.5   336.7   363.5   397.1   450.6   581.5   846.7  1250.3  94967.0    95171
read      265.1    90.4    80.4   138.0   152.8   262.7   308.8   330.2   344.4   362.2   383.0   412.3   471.4   610.8  1099.8  40883.0    40523
read      246.5    64.3   101.3   159.3   174.3   244.2   270.0   283.4   292.3   303.1   316.6   339.1   406.3   625.9  1951.0  11380.0    11422
read      240.1    74.3    93.8   154.5   167.8   234.5   259.8   273.0   283.3   294.4   311.4   338.7   455.8   785.6  3012.8   9162.0     9200
read      295.0   160.0    80.4   138.6   154.2   274.0   331.0   364.0   388.4   415.6   448.7   504.1   719.1  2079.2  3874.9  42616.0    42816
read      244.0    87.1   109.4   156.6   169.4   237.9   265.9   280.6   290.8   302.9   318.4   343.3   412.9   878.4  2028.0  10582.0    10698
read      272.9    92.6    80.4   150.5   166.7   270.3   306.4   324.3   338.3   355.5   379.0   412.3   492.7  1070.9  1610.4  22172.0    22301
read      285.9   194.5    80.4   132.6   147.2   260.4   319.5   350.4   374.5   401.5   434.5   486.8   633.8  2732.5  7099.7  47820.0    48159
read      281.0   147.5    80.4   136.5   151.8   265.5   318.2   344.8   366.0   389.6   418.7   463.9   584.0  2211.9  2992.6  40032.0    39987
read      273.1   138.3    80.4   138.1   152.6   264.9   311.0   334.5   351.6   373.8   398.0   431.2   517.4  1706.0  4291.2  32800.0    33067
read      313.0   251.4    80.4   129.9   144.9   262.8   332.2   377.8   411.0   452.1   506.8   613.6  1077.0  3586.9  5383.4  62803.0    62704
read      288.4   153.1    80.4   131.3   146.7   264.1   326.8   363.1   389.1   418.8   456.1   512.3   699.4  1339.3  4183.3  52854.0    52778
read      309.9   278.9    80.4   127.3   141.4   249.8   318.8   364.6   401.7   446.1   504.0   622.3  1230.7  3489.7  7375.4  76111.0    75981
read      325.8   259.3    80.4   131.8   147.2   258.3   330.2   380.5   423.6   477.7   558.6   745.1  1261.7  2813.6  5102.5  74891.0    74522
read      253.8   122.7    86.8   152.6   167.0   248.1   277.6   292.8   303.9   316.7   333.5   360.7   438.4  1652.1  6239.1  14640.0    14533
read      216.9    92.4   109.4   149.2   160.2   207.3   229.2   242.7   252.4   264.0   276.9   298.8   352.0   718.1  3442.9   5555.0     5566
read      292.3   224.9    74.4   123.2   137.5   240.6   306.8   349.4   385.3   428.7   488.3   600.1   990.1  3117.0  5074.2  77314.0    78062
read      310.3   273.3    74.4   123.7   138.2   242.2   311.1   358.9   398.5   451.2   527.0   689.5  1288.6  3395.3  6820.0  82227.0    82399
read      342.8   413.2    80.4   136.7   153.4   264.2   322.0   358.4   386.9   424.6   483.9   645.3  2481.6  5001.2  8002.9 108774.0   108638
read      254.2   122.7    80.4   125.7   139.9   231.2   286.3   315.6   336.6   362.0   394.2   441.3   562.3  1088.8  3637.2  93290.0    93541
read      266.4    95.5    80.4   135.5   150.7   259.1   311.3   335.0   351.0   369.7   393.2   426.2   500.2   666.9  1167.0  47100.0    47145
read      273.1   140.2    80.4   133.2   148.5   247.2   302.5   334.2   357.9   387.1   425.1   488.5   681.6  1133.0  3772.4 109519.0   109796
read      266.4    90.4    86.8   148.2   164.3   267.9   302.6   318.1   329.8   342.6   361.0   388.6   447.2  1312.9  2346.6  26572.0    26597
read      231.2    78.7   101.3   155.7   167.9   224.4   248.2   261.3   270.3   281.4   295.0   316.8   391.5   801.1  3856.6   7129.0     7034
read      292.6   168.1    80.4   129.5   144.0   252.0   319.0   362.1   395.5   436.3   487.4   572.8   839.0  1724.0  3138.4  71755.0    72616
read      255.5    81.0    93.8   156.5   171.0   252.2   281.4   295.3   306.8   319.1   337.6   366.7   432.7   906.0  2530.9  13677.0    13584
read      270.4    96.4    86.8   154.5   170.4   269.5   302.3   318.0   330.5   344.4   365.8   396.6   465.6   904.3  2775.4  19803.0    19750
read      308.7   303.0    74.4   133.0   149.0   252.9   309.9   343.3   369.2   402.0   449.9   549.2  1681.8  3598.8  7714.4 108633.0   109139
read      250.6   112.8    86.8   154.3   170.0   247.5   275.0   289.8   299.5   311.1   323.9   345.8   402.1   665.3  3627.7  15096.0    15150
read      259.1   110.1    80.4   127.4   141.4   236.9   294.6   324.2   345.8   372.0   403.5   453.3   561.0  1007.6  1639.9  74658.0    74389
read      261.6   124.3    80.4   128.2   142.3   236.6   292.4   322.1   345.0   373.6   409.1   462.8   631.3  1134.0  1819.9  86715.0    87266
read      288.5   172.6    80.4   133.6   149.2   253.6   313.0   347.9   374.3   407.4   454.4   537.7   804.2  2021.7  3276.1 108101.0   108170
read      279.6   174.2    80.4   130.4   145.7   246.5   303.6   336.3   361.2   390.9   430.0   501.3   803.7  2188.1  4311.8 103638.0   103631
read      274.0   108.3    86.8   138.9   154.1   267.2   318.5   343.3   361.5   381.2   402.5   436.0   505.2   688.5  4789.7  44656.0    44587
read      264.2   127.1    80.4   128.7   143.2   243.9   301.7   330.9   351.9   377.2   407.3   453.1   573.2  1017.2  4692.3  66462.0    66411
read      272.9   162.6    80.4   130.8   145.6   244.5   300.8   331.7   354.6   383.0   418.9   476.6   761.3  1608.4  5364.2  88419.0    89167
read      274.6    86.9    86.8   146.4   162.0   274.1   317.7   338.8   353.5   370.2   391.4   420.9   472.9   564.8   666.3  35888.0    35723
read      260.9   119.2    74.4   127.8   141.8   237.2   293.8   323.3   344.9   371.6   404.6   458.0   618.4  1088.1  2238.9  85555.0    85827
read      264.2   152.2    74.4   127.7   141.9   239.2   295.3   326.0   348.0   375.5   410.3   461.2   599.0  1648.6  4403.3  78816.0    78806
read      255.4   117.3    74.4   125.8   139.7   232.2   288.9   317.9   339.0   364.2   397.3   447.2   576.8  1129.8  2691.7  89327.0    89641
read      253.2   117.7    80.4   156.1   171.9   250.9   278.5   291.8   301.4   313.4   328.2   349.5   402.7   632.1  5343.7  14305.0    14186
read      264.8    97.5    80.4   132.3   147.4   254.1   310.1   335.6   353.0   373.2   398.3   434.0   510.1   637.7   739.5  52217.0    52308
read      260.5    96.8    74.4   130.3   144.9   247.9   304.4   331.5   349.6   371.6   395.4   429.1   501.2   607.1   795.0  56930.0    56743
read      272.4   122.7    80.4   140.4   156.2   269.8   315.2   335.5   348.7   366.1   387.4   419.0   490.5  1227.5  3274.6  38358.0    38302
read      257.0   120.4    80.4   126.5   140.6   237.9   293.3   320.9   342.4   367.6   398.5   441.0   539.8   799.3  3470.5  71564.0    71662
read      271.7    96.9    86.8   141.1   157.3   271.0   314.0   334.5   347.8   365.6   387.2   418.4   479.4   621.3  3264.1  36301.0    36015
read      260.1   101.9    74.4   129.0   143.1   242.3   300.6   330.0   349.8   372.9   402.4   444.2   530.9   702.7  1025.0  64811.0    65048
read      255.3   107.6    80.4   126.1   140.3   234.9   291.9   320.7   341.4   366.9   396.8   439.7   536.6   789.4  2674.6  72903.0    72989
read      255.2   102.7    80.4   126.0   140.2   234.6   291.5   320.9   342.1   367.2   400.4   446.7   539.7   712.5   964.1  76316.0    76390
read      270.0    82.3    86.8   152.3   169.0   272.7   306.2   321.4   333.6   345.7   364.8   393.8   455.0   588.0  2005.2  24194.0    24409
read      262.0   121.7    80.4   128.7   142.6   236.7   293.3   323.4   346.1   374.3   410.4   463.5   634.2  1139.4  2349.1  85144.0    85530
read      233.6    90.0   109.4   155.0   168.2   228.6   252.3   265.3   273.7   284.8   296.5   318.5   385.9   620.0  4123.9   8393.0     8346
read      259.6   104.9    74.4   128.2   142.3   240.1   297.5   326.8   346.9   373.7   404.3   449.0   541.1   806.4  1077.0  68685.0    69627
read      261.5   138.9    74.4   128.7   142.5   240.0   297.6   327.7   348.9   375.4   405.4   450.7   547.5   844.4  5374.6  70075.0    70266
read      291.3   247.0    80.4   130.6   145.9   248.0   305.5   337.9   364.0   395.4   437.2   531.8  1091.7  3067.5  9213.9  89881.0    89525
read      258.4   125.0    80.4   126.9   141.5   238.2   294.4   322.4   342.7   367.5   397.9   443.3   536.2   916.3  3056.6  71326.0    70975
read      263.8    92.1    80.4   134.1   149.4   258.4   309.4   331.9   346.2   366.0   388.9   421.3   483.1   614.3   849.0  46528.0    46633
read      264.6    69.3   101.3   160.9   177.5   265.0   293.7   308.8   318.6   331.6   345.8   372.4   432.6   692.2  1042.4  17122.0    16963
read      269.6   111.9    80.4   133.9   149.5   247.3   301.9   332.9   355.7   383.2   418.6   474.3   632.8   820.7  1033.7 109121.0   109556
read      256.1   105.9    74.4   129.0   143.4   234.8   288.6   317.5   338.6   364.6   397.9   447.6   548.1   799.0  1907.9  91254.0    91124
read      270.0    96.6    80.4   137.9   153.3   260.3   312.8   338.2   356.0   376.2   402.2   438.8   515.6   646.3   781.4  51289.0    51505
read      257.5   106.6    74.4   130.0   144.7   236.0   290.1   318.9   340.3   366.0   398.2   447.3   559.5   800.0  1230.9  94310.0    93804
read      261.3   100.3    74.4   131.7   147.1   247.3   302.8   329.3   346.9   368.1   394.1   431.1   504.6   738.8  2095.0  58585.0    58474
read      272.5    96.2    80.4   140.6   157.1   268.0   315.9   339.1   355.3   373.2   395.1   427.2   501.1   697.0  1316.8  43520.0    43487
read      261.7   109.3    80.4   129.8   144.9   246.0   301.7   329.1   348.1   372.1   399.8   440.0   519.6   759.1  3206.9  62113.0    61792
read      264.2   109.3    80.4   131.6   146.8   248.9   304.9   331.5   349.7   371.8   399.1   440.8   532.0   744.1  2720.7  59635.0    59548
read      271.1    99.2    80.4   140.1   156.3   266.2   314.5   337.5   353.6   372.2   393.5   425.0   490.5   627.0  1090.3  43728.0    43635
read      266.1    78.8    74.4   146.2   162.8   268.3   304.0   320.5   333.1   345.8   367.0   397.3   460.8   562.5   700.0  27633.0    27536
read      278.6   125.2    74.4   138.2   153.5   268.8   319.3   343.7   362.8   384.8   411.4   454.0   556.7  1290.2  3171.3  42543.0    42828
read      323.8   327.6    74.4   133.8   150.1   258.7   318.5   355.6   385.0   422.0   478.6   637.5  1692.9  3620.9  7767.5 108644.0   109424
read      250.9   101.5    74.4   123.9   138.0   230.9   287.1   316.5   337.3   362.9   393.1   433.5   524.8   734.5  1033.4  78224.0    78273
read      260.5   102.2    74.4   128.2   143.2   244.8   302.1   330.0   349.4   373.0   400.1   438.4   527.2   677.9  1079.7  60166.0    60279
read      274.8   129.0    80.4   143.4   159.6   272.2   314.2   333.2   345.4   362.4   382.1   409.0   480.4  2320.1  3397.8  35161.0    35178
read      259.7   110.5    74.4   127.9   142.3   240.5   298.3   327.4   347.5   373.3   402.0   442.2   536.4   747.5  2296.3  67102.0    67279
read      253.6   105.0    74.4   124.9   139.2   232.1   288.4   317.5   339.0   364.9   397.4   445.2   547.7   777.9  1089.5  80763.0    80752
read      272.3    93.1    80.4   142.1   158.3   272.2   314.4   334.8   348.2   365.1   385.9   419.0   491.8   609.2  2285.5  35129.0    35012
read      226.7    67.1    86.8   152.4   165.0   220.4   244.3   256.5   266.1   276.0   290.0   311.3   373.4   749.4  2069.7   7983.0     7936
read      234.5    66.0   101.3   154.6   167.6   228.3   255.2   268.7   277.9   290.5   305.9   327.9   376.1   784.5  2401.8   8627.0     8578
read      298.5   185.5    74.4   127.8   142.5   245.2   312.9   358.2   397.4   450.0   520.8   653.9   974.3  1751.1  2498.6  88893.0    89696
read      215.2    66.0   109.4   147.2   159.0   207.4   229.3   241.2   249.6   259.9   273.4   297.7   364.9   921.8  2108.2   5620.0     5569
read      277.7    91.5    86.8   148.5   164.7   277.4   316.4   336.4   350.4   369.0   391.5   423.8   497.8   715.5  1578.5  26408.0    26905
read      279.2   107.3    80.4   135.2   151.2   267.5   323.6   352.8   375.0   399.7   428.6   467.9   550.9   689.5  1082.7  42175.0    42389
read      282.9   155.5    74.4   124.8   139.0   239.5   306.5   348.6   384.8   427.6   483.3   579.7   820.8  1265.7  1831.9  84196.0    84689
read      274.7   141.5    74.4   125.6   139.9   248.7   311.0   346.8   375.2   408.1   446.1   503.8   645.3   998.5  3784.4  59522.0    59305
read      282.5   112.7    80.4   136.0   151.6   268.0   326.9   357.1   379.8   406.3   436.5   481.6   578.8   799.3  1172.7  44359.0    44512
read      281.9   153.3    74.4   126.7   141.2   246.5   313.4   352.7   384.5   421.7   467.3   538.0   740.0  1419.8  3425.8  72511.0    72395
read      289.2   177.8    74.4   126.0   140.3   244.9   311.9   353.6   390.3   430.5   483.1   571.1   896.5  1942.4  2759.6  75041.0    74619
read      294.5   185.3    74.4   127.6   142.3   249.2   317.3   360.9   396.2   437.3   489.1   585.7   948.8  1601.2  4318.4  67266.0    67302
read      274.2   122.2    80.4   127.8   142.0   250.5   311.9   346.8   374.8   404.6   442.3   497.3   629.4   892.8  1539.6  58061.0    57822
read      269.3   367.6   101.3   154.8   166.7   228.4   255.3   270.4   281.8   295.3   315.8   362.4  1347.4  7176.5  9623.5   8289.0     8117
read      353.9   442.8    80.4   138.2   154.7   268.6   330.8   369.0   399.2   439.3   505.8   690.4  2708.2  6183.3  8021.3 104727.0   106178
read      265.0    75.1    93.8   149.9   165.9   267.6   300.8   316.3   327.3   339.9   356.9   384.5   451.8   583.8   840.1  25166.0    25089
read      258.9   141.0    80.4   126.1   140.4   238.1   294.7   323.8   344.2   370.0   399.3   442.5   536.2   862.8  5676.6  68327.0    68848
read      259.4   124.5    74.4   127.8   141.9   233.8   289.0   318.6   340.7   368.3   402.4   458.7   635.9  1099.8  3010.2  99272.0    98941
read      259.2   118.2    74.4   126.9   141.1   236.9   293.6   323.1   344.3   371.9   403.2   449.6   576.8   954.9  2717.0  77903.0    78157
read      273.7   150.2    80.4   131.7   147.0   245.6   301.3   332.5   356.3   385.9   424.6   490.7   712.7  1633.1  4011.3 109990.0   109857
read      277.9   133.7    80.4   134.9   150.6   250.3   307.8   339.8   364.0   393.2   431.2   497.2   709.3  1439.3  2463.3 108560.0   108875
read      255.7   110.0    74.4   127.1   141.0   233.0   288.6   318.0   340.2   366.3   398.8   449.6   567.9   869.2  2115.4  86973.0    86646
read      253.9   106.5    80.4   125.5   139.7   232.5   288.5   317.4   338.9   365.1   396.5   443.1   549.9   853.0  1245.0  84053.0    83239
read      265.9   101.8    74.4   133.6   148.8   255.3   309.8   335.5   353.2   373.5   398.9   432.7   507.6   664.8  2495.7  51063.0    51061
read      257.0   149.2    74.4   128.1   142.3   234.1   288.9   318.3   339.7   365.8   398.9   449.6   569.9   925.4  1283.1  90354.0    89906
read      263.3   104.2    80.4   130.9   146.0   249.4   306.2   333.6   352.5   374.3   401.2   440.3   512.0   662.8  1770.4  56546.0    56601
read      257.0   113.6    74.4   126.0   140.3   235.9   294.6   324.1   344.5   370.6   400.2   440.4   535.3   946.7  2974.9  71608.0    71203
read      258.6   119.0    74.4   128.8   142.9   234.4   289.1   318.6   340.0   366.0   399.1   451.7   600.7  1129.9  2309.6  96309.0    95942
read      259.6   132.2    74.4   126.7   141.3   237.4   294.8   324.5   344.9   371.5   402.6   448.1   546.6  1142.3  3576.1  71670.0    71622
read      266.2   163.4    80.4   129.8   144.6   238.6   293.2   322.7   345.0   372.6   408.1   465.5   682.6  1759.8  6556.0  97150.0    97182
read      270.2    80.4    80.4   150.1   165.7   272.2   307.8   325.2   337.4   351.1   369.6   399.0   467.9   634.4  1157.2  27779.0    27718
read      273.4   102.1    80.4   138.0   153.3   265.6   317.9   343.3   361.8   382.0   404.5   438.8   508.2   690.6  2791.1  46380.0    46519
read      256.6   119.9    80.4   125.5   139.9   233.6   289.2   318.7   340.3   367.4   400.3   450.1   562.8  1159.8  3116.4  83196.0    83197
read      261.3   121.5    80.4   128.0   141.8   237.6   294.7   324.7   346.5   375.1   407.1   457.7   604.6  1077.2  1727.5  78689.0    79080
read      264.7   111.8    80.4   129.8   144.3   244.0   302.0   332.7   354.5   380.6   410.6   456.8   570.0   913.4  1953.6  69623.0    69401
read      273.7    97.5    80.4   139.4   154.5   267.3   319.9   344.0   361.8   381.1   402.8   436.3   503.8   675.7  1403.0  45471.0    45684
read      261.2    67.9   101.3   156.1   172.6   262.7   291.7   306.4   316.4   328.6   342.9   368.5   425.9   620.1  1051.3  18083.0    18120
read      267.9    88.9    93.8   154.3   170.5   269.8   301.1   316.6   327.8   340.4   357.8   384.8   446.3   859.6  1375.2  21076.0    21245
read      294.4   171.1    80.4   140.1   156.1   275.6   329.0   357.2   377.9   402.1   434.0   483.9   759.7  2172.5  3742.6  38836.0    39039
read      283.9   203.4    74.4   123.9   138.4   243.4   308.2   345.5   374.5   408.8   451.5   520.5   940.7  2792.1  4590.8  67005.0    67458
read      270.8   133.3    80.4   133.4   148.0   258.7   312.2   338.0   356.5   378.2   402.0   436.3   520.3  1487.6  2750.7  42975.0    42773
read      257.5    77.6    93.8   149.7   163.9   257.1   289.9   306.4   317.1   330.7   346.2   373.5   432.3   796.1  1712.3  20491.0    20690
read      282.5   160.9    74.4   126.1   140.3   250.4   315.3   353.6   383.3   415.9   457.1   521.3   736.1  2000.2  3074.3  63185.0    63440
read      283.4   158.0    80.4   137.3   152.7   266.5   322.3   351.2   371.6   394.8   423.2   463.1   587.2  1707.6  4158.8  41972.0    41615
read      358.2   422.6    80.4   130.7   146.5   254.7   324.1   377.3   422.7   487.7   586.1   825.4  2520.4  4774.8  8009.8  97240.0    97229
read      322.6   293.8    74.4   127.5   141.9   246.2   313.4   361.2   404.5   466.2   554.1   750.9  1515.3  3367.2  7242.3  85798.0    86249
read      264.7    88.9    86.8   150.5   164.8   262.6   296.5   313.9   326.4   342.0   363.3   393.3   465.1  1063.5  1877.8  21169.0    20807
read      266.3   116.1    86.8   143.2   158.4   262.4   301.5   320.2   334.7   350.5   372.1   403.7   481.3  1205.5  4559.1  26207.0    26130
read      270.6   130.3    80.4   140.5   155.5   265.0   309.1   330.1   344.7   363.3   385.7   419.1   503.8  1206.7  2749.7  31041.0    30510
read      277.0   138.7    80.4   132.0   146.6   260.1   314.9   343.6   366.5   390.7   419.0   461.7   640.2  1555.9  3132.8  44150.0    43868
read      282.9   149.8    80.4   129.6   144.3   257.2   319.1   353.8   380.5   410.0   446.5   502.7   686.5  1589.9  3215.8  55483.0    55324
read      270.5   127.7    93.8   154.4   170.5   267.3   301.3   317.8   330.2   343.8   362.3   389.4   462.2  1537.7  4386.8  20322.0    20437
read      237.0    67.7    93.8   154.1   167.1   231.5   257.8   271.1   280.7   291.8   306.8   331.0   402.2   956.5  1353.2   9653.0     9548
read      248.0    72.0    93.8   155.9   169.8   244.4   272.9   287.2   296.4   308.9   322.4   349.4   417.9   734.8  1589.6  12276.0    12101
read      296.5   226.1    74.4   127.5   141.8   252.1   319.9   363.0   395.4   433.2   480.2   559.8   866.3  2920.4  7318.8  71688.0    72073
read      265.8    91.5    93.8   150.5   165.5   263.8   299.3   316.3   328.6   342.4   363.3   395.2   462.7   932.9  2347.6  21601.0    21310
read      365.1   414.4    74.4   129.5   145.3   259.1   331.4   388.0   435.5   499.1   605.6   916.9  2312.6  4310.4  8066.0  90346.0    90755
read      273.4   139.1    80.4   128.4   143.1   254.1   311.8   343.1   367.1   394.1   426.1   469.8   604.0  1156.5  4065.0  51541.0    51252
read      274.8   150.4    80.4   126.8   141.1   252.6   312.3   344.6   368.4   395.3   428.9   478.2   624.7  1744.7  2717.4  53081.0    53070
read      290.0   194.6    80.4   130.3   145.5   262.0   321.5   354.2   379.3   407.6   445.1   501.3   777.9  2843.3  4344.8  48069.0    48181
read      335.4   391.9    80.4   132.9   149.1   257.7   316.9   352.2   380.5   417.1   474.7   648.7  2301.6  4148.2  7935.2  97649.0    97336
read      254.0   112.3    74.4   126.1   140.0   231.1   286.5   315.7   337.0   362.4   394.5   443.7   568.9  1122.2  1924.7  92297.0    91976
read      261.6   123.0    80.4   128.4   142.6   236.5   292.7   322.1   344.1   371.4   407.3   464.5   641.6  1029.2  1857.5  94466.0    94742
read      258.1   121.2    74.4   127.2   141.7   239.2   296.6   324.9   344.1   368.1   398.0   437.3   533.0   726.2  3727.2  66137.0    66079
read      257.7   122.9    74.4   126.0   140.1   235.2   292.0   322.0   343.8   370.3   402.3   450.9   570.4   868.7  3517.9  79029.0    79328
read      272.4   118.9    80.4   138.2   153.6   264.5   315.7   339.8   357.0   376.0   399.4   432.8   506.0   700.1  3919.2  45160.0    45235
read      273.8   111.3    80.4   142.6   158.6   271.7   315.1   336.1   350.1   366.7   387.3   417.6   483.5  1519.1  2929.4  35713.0    35310
read      251.8   107.4    80.4   123.8   138.1   231.0   287.8   317.1   338.2   363.3   393.0   434.9   531.5   789.6  1911.2  76655.0    76589
read      271.2   134.3    74.4   130.7   146.0   241.4   297.9   330.0   354.3   383.9   424.0   493.7   746.2  1314.2  2284.3 106758.0   107175
read      257.2   117.3    80.4   126.6   140.4   234.2   292.1   321.9   343.6   369.7   401.7   448.3   567.6   869.6  3281.4  78095.0    78127
read      258.6    66.8    93.8   162.0   176.9   258.0   285.4   299.2   309.8   320.4   337.5   364.1   422.5   620.6  1835.4  13620.0    13331
read      275.2   118.6    86.8   136.2   151.0   256.6   315.4   346.0   369.0   393.9   424.0   469.3   579.1   803.9  2778.2  58713.0    59382
read      279.7   146.3    74.4   130.3   144.8   248.1   308.2   342.6   369.2   400.4   443.0   518.6   785.9  1494.1  2173.4  87492.0    87477
read      276.7   143.0    80.4   129.7   144.4   243.7   303.0   337.4   364.9   398.1   441.2   523.4   763.8  1347.6  2164.0  91919.0    92020
read      413.9   344.6    80.4   138.1   153.8   287.8   440.5   543.0   614.4   703.3   831.2  1051.5  1521.9  3120.9  7343.2 109545.0   109297
read      282.2   147.9    74.4   141.1   156.8   265.6   316.8   344.1   365.0   387.8   416.1   469.4   657.0  1011.3  4606.6  42411.0    42293
read      274.9   111.2    80.4   137.1   151.8   259.7   315.1   343.4   364.8   388.5   417.3   462.9   573.6   841.3  2230.7  52961.0    52962
read      274.9    83.7    86.8   154.8   171.1   274.9   309.0   326.1   338.5   353.2   372.7   402.4   498.2   767.9  1454.7  23826.0    23492
read      256.3   179.3    93.8   158.2   174.5   249.2   275.7   289.7   299.0   311.5   326.5   354.2   435.4  1237.4  8519.3  12485.0    12594
read      259.1   116.4    80.4   127.0   141.4   239.2   297.1   325.5   345.8   371.1   401.5   442.8   541.2  1000.7  2643.2  68691.0    69120
read      261.0   100.2    74.4   129.7   144.2   246.9   304.1   331.4   349.9   371.9   397.3   434.1   508.6   670.1  1197.4  57170.0    57144
read      263.5   111.2    80.4   130.9   146.0   250.3   306.7   333.6   352.0   372.8   398.3   434.6   510.2   682.7  3866.7  57177.0    57232
read      257.4   102.8    80.4   127.7   141.9   238.0   295.6   324.5   345.2   370.1   400.5   443.8   531.7   724.3  1186.4  71616.0    71593
read      268.7    92.4    86.8   139.2   154.3   265.2   312.5   334.6   349.6   368.8   391.0   422.3   489.7   591.9   692.6  40801.0    40799
read      268.4    79.9    86.8   146.1   162.1   271.7   309.1   326.5   338.3   352.0   370.6   397.3   456.3   570.7   810.0  29825.0    29614
read      355.4   417.8    74.4   138.2   155.4   276.8   344.0   386.3   418.7   462.0   529.4   690.8  2176.2  5393.2  9692.0 106481.0   106611
read      265.2    96.6    80.4   134.8   150.1   255.8   309.8   334.5   351.1   370.4   393.6   427.1   505.3   682.6  1495.3  50164.0    50009
read      268.5   127.9    80.4   135.0   150.3   257.8   309.9   334.0   350.2   369.7   394.0   428.1   511.6  1615.3  3205.2  48054.0    47727
read      250.6    63.0    93.8   155.0   170.0   250.4   278.4   292.6   302.6   314.1   329.1   352.7   402.8   616.6   739.2  15286.0    15204
read      267.4   104.4    80.4   134.2   149.2   256.7   310.3   336.2   354.3   374.4   400.3   436.8   520.5   679.2  2911.9  50940.0    50703
read      261.9   103.0    74.4   129.7   144.4   245.7   304.2   333.0   352.6   375.7   401.7   440.7   522.5   738.3  1697.6  61275.0    60979
read      268.6    90.7    80.4   140.1   155.3   268.5   312.4   333.0   346.6   363.8   384.2   414.6   479.0   617.7  1325.2  37815.0    37662
read      260.3    65.1   101.3   156.7   173.7   262.7   290.3   304.5   314.6   326.3   340.7   365.2   415.7   623.3   783.4  16976.0    16932
read      264.6   117.7    74.4   130.8   145.6   240.6   297.0   327.1   348.9   375.5   410.3   464.3   632.4  1021.9  1915.7 100148.0   100183
read      259.7   103.0    80.4   128.7   143.2   240.8   298.4   327.7   347.9   372.7   401.2   445.0   541.0   744.0  1102.3  68735.0    69175
read      269.8    81.4    86.8   151.5   166.7   272.6   307.4   323.8   336.2   349.5   369.0   397.8   457.6   573.4  1919.7  27762.0    27515
read      317.2   251.5    80.4   134.8   150.9   265.0   331.5   373.3   404.5   445.1   506.3   636.7  1100.7  3236.5  7414.0 106569.0   106411
read      270.5   106.2    80.4   137.1   152.1   260.9   314.7   340.3   357.8   376.7   400.8   434.7   508.7   737.8  3042.4  49632.0    49629
read      268.9   117.8    80.4   130.9   145.6   248.1   305.9   337.0   360.0   386.4   418.3   463.9   589.4  1064.7  2022.2  63526.0    63537
read      274.8   160.7    74.4   131.6   146.1   245.2   301.6   332.7   355.8   384.0   421.1   482.7   758.8  1929.7  3782.6  87911.0    88081
read      276.0   138.5    80.4   136.0   151.0   258.4   316.2   344.5   364.8   387.5   414.7   455.9   548.7  2103.1  3096.4  55373.0    55527
read      268.2   112.9    74.4   131.5   146.4   247.4   306.0   337.9   360.8   386.0   416.1   462.4   585.0   892.6  1817.7  69550.0    69558
read      269.0   105.6    80.4   133.5   148.8   252.2   311.0   339.9   361.0   384.7   411.9   452.1   548.6   795.7  1234.7  60794.0    60702
read      250.7    68.0   101.3   158.5   174.0   249.6   275.4   289.8   299.2   311.3   325.3   347.1   409.8   623.5   935.2  13520.0    13487
read      266.0   146.2    80.4   130.9   145.4   244.4   303.4   333.8   356.3   382.8   413.5   458.7   569.4   862.9  1371.9  66762.0    67037
read      233.2    78.0   101.3   156.3   169.3   227.4   251.6   264.8   273.4   285.1   297.7   318.7   383.3   683.9  4806.3   8495.0     8281
read      277.2   124.5    80.4   147.8   163.3   276.3   318.0   338.9   353.7   370.6   391.3   421.2   482.0   630.8  7047.4  35025.0    34986
read      274.0   174.7    74.4   129.9   144.6   242.8   299.0   330.5   353.7   383.1   418.3   470.5   748.9  2386.9  3228.5  81998.0    82336
read      259.0   124.3    74.4   127.0   141.3   233.3   289.4   319.1   341.3   368.7   402.3   458.7   618.0  1275.3  2730.2 101809.0   101465
read      259.4   125.7    74.4   126.9   141.1   235.1   291.2   320.3   342.5   369.5   403.0   455.5   592.1  1299.4  3084.3  83229.0    82733
read      268.7    93.4    80.4   136.5   152.2   264.0   314.1   337.4   353.4   371.8   395.6   428.5   493.9   595.0   737.2  44751.0    44752
read      267.3   122.2    80.4   130.7   145.5   242.0   297.9   329.1   351.8   380.4   416.9   474.4   664.6  1035.9  1851.2 104979.0   104681
read      265.3    97.6    80.4   132.3   147.8   254.6   309.9   336.1   354.4   375.8   400.7   434.5   505.6   614.2   741.9  53876.0    53872
read      258.8   115.2    74.4   127.4   141.5   235.2   291.7   321.8   343.8   372.7   403.9   453.4   585.7   932.6  1371.4  87219.0    87376
read      257.6   102.5    74.4   127.7   141.8   237.8   296.0   325.4   346.2   371.1   401.7   445.2   535.7   722.3   919.3  71122.0    70834
read      258.4   126.6    74.4   127.3   141.4   234.2   290.4   319.6   341.2   367.5   400.6   452.2   590.0  1121.6  4177.6  86982.0    86701
read      266.0   119.6    74.4   131.0   146.2   251.1   307.0   334.2   353.5   376.3   402.4   441.9   525.5  1227.8  2933.9  55929.0    56054
read      270.4   128.4    74.4   131.9   147.3   245.5   300.4   331.7   354.9   383.0   419.9   480.9   663.9  1152.1  2310.8 106908.0   106733
read      226.1    72.3   109.4   156.1   166.8   219.6   242.4   254.0   263.5   273.2   288.2   311.7   373.1   632.2  3871.8   6624.0     6476
read      275.9    95.4    86.8   147.3   163.0   275.8   316.5   336.9   351.1   368.6   390.2   422.2   489.1   625.3  3403.0  33395.0    33857
read      265.9   103.3   101.3   158.3   173.9   262.7   292.9   309.3   319.8   334.3   351.5   382.1   457.2  1017.5  2527.5  16038.0    15953
read      282.3   141.8    80.4   137.1   151.6   266.5   320.7   349.5   369.9   394.3   424.7   470.0   625.1  1689.8  3229.9  41054.0    41252
read      323.8   300.2    74.4   130.5   145.6   260.4   331.9   378.3   414.2   458.9   518.9   647.8  1550.9  3753.2  7737.9  76560.0    76853
read      273.2   100.1    80.4   139.4   154.9   265.5   311.9   336.3   354.1   374.3   402.2   439.6   543.1   884.3  1120.8  33069.0    32962
read      461.6   633.4    80.4   135.8   153.0   286.8   373.5   435.9   489.0   566.3   733.3  1604.7  3433.2  7153.6  8659.3  84023.0    83564
read      280.0   139.8    80.4   133.5   148.5   260.8   317.5   348.1   370.2   395.6   427.4   474.5   631.2  1707.9  2546.3  46441.0    46260
read      285.0   154.7    80.4   134.7   150.2   265.9   323.8   354.0   376.2   400.6   431.9   479.1   616.6  1933.7  3133.3  46518.0    46426
read      348.1   381.9    80.4   137.1   153.7   268.6   333.3   373.6   405.5   448.4   518.9   746.0  1770.3  5217.8  7876.4 100243.0   100015
read      258.7   117.9    74.4   126.1   140.9   235.0   292.6   322.5   343.9   369.9   403.0   453.2   587.1  1137.3  1923.6  77521.0    78102
read      269.0    88.1    86.8   151.5   167.8   271.1   304.1   319.0   330.7   343.1   362.1   390.6   456.5   631.5  2743.6  24008.0    24168
read      269.5    77.8    86.8   150.8   166.3   273.8   307.8   323.4   334.9   346.5   365.1   392.8   453.6   578.9   717.2  25729.0    25529
read      265.9    87.3   101.3   155.9   172.3   265.7   296.4   312.1   322.4   336.6   354.0   383.7   446.5   632.2  3342.1  17245.0    17342
read      283.0   172.3    74.4   124.8   139.0   243.8   309.0   348.1   382.3   420.9   469.0   545.1   808.0  1935.8  2928.8  71733.0    71657
read      278.8   132.4    74.4   127.2   141.9   250.5   314.3   351.9   381.8   414.3   453.8   516.1   692.7  1011.3  1460.0  60119.0    59805
read      282.3   122.9    80.4   132.2   148.3   261.3   322.5   357.8   384.4   413.2   449.5   501.5   621.5   870.9  1258.6  55243.0    55558
read      295.2   188.4    74.4   127.4   141.9   248.3   315.2   358.1   393.4   440.1   501.7   601.3   919.3  1843.8  4295.5  78758.0    79251
read      235.1    68.8   101.3   154.3   166.4   227.8   255.7   269.9   280.0   291.7   307.6   333.2   408.0   685.2  2125.5   9120.0     9123
read      315.7   370.5    74.4   133.4   149.9   256.8   314.8   348.8   375.3   407.6   455.6   555.8  1477.1  6239.3  7906.3 108159.0   109516
read      274.6    96.3    86.8   141.4   157.6   270.7   318.8   340.9   357.0   374.9   396.7   429.0   500.7   797.8  1524.0  41021.0    41153
read      281.3   184.3    80.4   130.3   144.9   245.0   303.7   337.5   364.3   396.4   438.8   520.1   810.3  2520.8  4404.8  99156.0    98946
read      269.3   104.8    80.4   132.8   148.1   255.7   311.1   339.1   359.2   382.3   411.0   451.4   539.9   739.1  1321.4  56317.0    56315
read      268.6   165.2    74.4   127.5   141.9   238.9   293.7   323.8   346.8   376.4   415.1   475.0   715.7  2176.8  3964.0  92807.0    92525
read      262.0   113.7    74.4   128.3   142.6   239.9   295.2   324.3   346.1   373.0   405.5   459.8   623.1   992.5  1447.3  79437.0    79997
read      271.1    98.5    80.4   138.5   153.6   262.1   315.6   341.1   359.4   379.4   401.6   435.0   506.9   664.1  1501.1  48991.0    48998
read      264.9   133.9    80.4   129.8   144.2   245.0   302.2   331.1   352.3   377.5   406.0   452.3   585.6  1066.0  2248.0  67260.0    67260
read      264.4   143.3    80.4   127.4   141.6   236.9   293.5   323.5   346.6   374.4   410.2   466.2   664.7  1921.4  3037.3  88826.0    88431
read      274.0   102.5    80.4   137.3   152.5   262.6   318.6   346.0   365.6   387.7   414.1   451.3   529.0   691.9  1421.1  51149.0    51359
read      266.4   124.5    80.4   130.7   145.9   249.5   306.3   335.2   355.9   379.6   408.4   452.3   542.9   743.9  4823.8  60172.0    60398
read      280.6   156.7    86.8   142.6   158.7   271.5   321.1   343.7   359.7   376.8   398.8   433.8   523.2  2935.3  4454.4  41884.0    41854
read      276.3   109.0    86.8   154.8   171.0   275.8   310.1   326.9   339.5   354.4   372.8   402.9   470.1  1396.8  3827.9  24240.0    23797
read      262.9   142.9    74.4   127.0   141.2   236.2   293.1   323.1   344.4   370.7   403.0   457.6   670.4  1727.1  4058.8  82115.0    83091
read      256.6   111.1    74.4   126.4   140.8   234.1   291.1   320.6   342.6   368.7   401.6   448.3   550.0   920.0  1954.1  78398.0    78319
read      257.1   112.4    74.4   127.2   141.6   233.1   288.7   318.3   340.2   366.6   401.2   453.5   602.3   917.4  1375.0 102024.0   101978
read      257.4   124.0    74.4   126.0   140.4   231.9   287.4   316.5   338.4   365.7   399.3   453.4   630.3  1327.6  2346.5  98264.0    97985
read      257.8   110.6    74.4   127.2   141.2   235.2   291.3   320.7   342.4   368.7   401.7   453.7   575.0   931.4  1656.2  82623.0    82850
read      272.9    83.8    93.8   152.1   168.4   276.6   309.9   326.4   337.9   350.9   369.0   397.7   461.5   624.5  2602.1  24699.0    24622
read      259.2   119.4    74.4   128.0   142.2   234.4   289.0   318.4   340.2   367.7   401.7   454.5   629.6  1269.6  1885.9 100033.0    99932
read      266.4   102.1    74.4   134.8   150.2   259.4   310.5   334.4   350.5   370.0   393.0   427.2   502.3   637.8  1935.0  46987.0    46761
read      265.8   100.7    80.4   132.1   147.1   253.1   309.4   336.0   354.5   375.9   402.1   441.0   522.9   721.8  1087.9  56140.0    56274
read      269.4    82.9    86.8   150.5   167.0   272.7   304.4   319.9   331.9   344.2   363.7   393.3   460.6   606.7  1965.5  24724.0    24750
read      265.8    94.2    80.4   134.8   150.1   259.7   310.4   333.8   349.1   369.1   392.4   425.4   493.9   613.8  1128.6  46802.0    46988
read      260.5   132.3    80.4   127.2   141.6   234.4   290.2   320.7   343.2   370.9   405.2   459.2   616.1  1465.5  3670.3  96412.0    96633
read      273.9    93.0    86.8   147.2   163.1   273.7   314.7   334.2   346.9   364.7   385.6   415.8   478.9   593.5  1873.5  32663.0    32524
read      264.2   124.9    80.4   129.3   143.5   238.3   295.1   326.3   348.6   378.0   412.1   464.1   642.1  1362.7  1861.0  82480.0    82709
read      265.1   109.2    80.4   130.6   145.3   246.2   303.9   332.6   353.7   379.6   411.1   458.5   561.9   845.9  1557.1  64963.0    64734
read      272.8   106.4    80.4   138.3   153.3   264.2   315.5   339.3   356.7   376.7   401.0   437.4   526.6  1019.5  2262.8  44943.0    44841
read      272.7   187.3    86.8   153.3   169.1   271.1   304.3   320.4   332.5   344.8   364.0   391.3   451.0  1338.5 10689.4  23395.0    23220
read      269.4   112.8    80.4   134.1   149.3   257.4   311.8   339.2   359.1   381.2   404.4   440.6   526.3   838.0  3467.7  51780.0    52173
read      265.0   147.3    74.4   126.7   140.7   236.0   292.9   324.0   346.9   375.1   411.6   466.9   726.4  1773.5  2347.6  87148.0    87894
read      268.2   126.8    80.4   132.1   146.9   252.9   308.3   336.2   355.8   378.2   405.6   449.5   542.3   889.6  3717.7  55623.0    55637
read      279.4    88.4    86.8   150.7   167.5   281.0   320.9   340.5   354.2   369.5   388.9   416.5   478.3   625.6  1738.4  31211.0    31153
read      276.8    96.5    93.8   149.1   165.3   278.0   317.0   336.0   348.6   364.9   384.5   414.4   488.0   650.9  2772.1  29907.0    30053
read      280.4   100.3    93.8   156.0   172.7   276.3   311.7   330.9   344.5   363.7   387.0   420.9   525.9  1293.8  2256.7  20302.0    20489
read      289.2   111.4    86.8   146.4   163.2   280.6   330.5   357.6   377.1   397.8   425.1   466.8   572.9   939.4  2415.3  33755.0    33457
read      268.6    82.5    93.8   158.6   174.7   265.8   298.3   314.1   325.6   341.1   361.5   391.9   466.0  1021.7  1909.3  16898.0    16922
read      292.6   135.3    80.4   136.9   152.6   270.9   332.2   368.1   392.6   421.1   456.8   511.7   696.7  1256.5  2053.2  46988.0    47200
read      306.4   310.6    74.4   129.0   144.2   246.1   306.9   342.6   371.0   408.5   464.1   591.3  1485.1  4220.4  7819.1  95556.0    95934
read      271.0   101.2    80.4   138.4   154.1   265.7   313.9   336.6   352.5   371.5   395.6   430.2   504.0   641.2  2240.5  43052.0    42596
read      256.1   107.5    74.4   127.2   141.0   233.7   289.3   318.4   339.9   366.4   400.8   452.8   573.3   800.5  1523.3  94709.0    94660
read      264.8   125.8    80.4   130.2   144.9   248.4   304.5   332.9   352.9   376.2   405.2   446.0   531.3   763.7  4124.2  60311.0    59804
read      272.5    89.6    86.8   141.6   157.6   271.7   316.3   337.5   352.1   369.7   391.6   423.2   485.8   584.6   879.1  37602.0    37634
read      256.6   103.7    80.4   126.6   140.8   237.2   294.6   323.1   343.5   367.6   397.9   445.1   537.9   718.0  1391.0  68719.0    68516
read      254.3   106.3    80.4   125.3   140.0   233.0   288.0   317.1   338.6   364.8   397.6   446.0   556.9   784.6  1588.0  86221.0    86478
read      255.5   108.2    80.4   127.9   142.0   232.0   286.8   317.2   339.1   365.6   398.5   450.0   577.3   859.3  1371.6 101364.0   101464
read      260.0   104.4    80.4   128.2   142.5   240.2   298.6   328.1   348.8   375.1   406.5   450.9   543.8   713.7  1278.3  70551.0    70660
read      261.2   126.4    74.4   128.6   143.2   237.4   290.9   320.0   342.7   369.5   404.0   459.9   617.0  1066.2  3620.3 105774.0   105480
read      269.2    96.6    80.4   137.2   153.0   264.8   312.8   335.7   351.4   369.4   392.5   426.8   499.2   614.4  1807.1  42564.0    41912
read      260.8   100.9    80.4   130.3   145.3   250.6   302.3   327.2   344.5   365.9   392.8   430.5   504.0   651.5  1607.5  50780.0    50818
read      283.5   162.1    80.4   133.1   148.6   251.1   310.4   343.8   369.7   399.8   441.2   511.9   809.4  1982.7  2996.6  99039.0    99610
read      284.3   202.4    74.4   131.6   147.1   248.7   306.8   339.5   364.6   395.6   436.5   510.3   837.3  3289.9  4085.2  99165.0    99247
read      266.6   152.5    80.4   128.3   142.4   239.7   298.8   329.9   352.0   379.8   413.2   462.5   618.3  1920.4  4516.7  72859.0    72793
read      266.3    86.8    80.4   140.2   156.2   266.2   308.2   328.1   341.3   357.2   375.8   406.9   468.6   583.2  1309.7  34914.0    34890
read      259.1   100.2    80.4   129.4   143.8   248.9   301.0   325.6   342.7   362.9   389.0   427.6   507.6   716.3  1816.7  49819.0    49665
read      263.5   106.6    80.4   131.7   146.7   251.9   304.9   330.7   348.5   370.5   396.4   433.4   508.6   746.5  1950.6  51433.0    51276
read      268.1    83.0    86.8   143.4   159.4   269.4   308.7   327.6   340.6   356.5   375.5   404.5   465.1   565.1   692.7  30695.0    30810
read      269.8    93.4    80.4   138.7   153.3   266.5   315.0   337.5   353.1   371.4   394.1   426.2   489.0   631.4  1160.9  42507.0    42632
read      263.3   132.6    80.4   128.3   142.4   239.1   297.6   328.3   350.2   376.4   410.4   459.7   598.4  1048.0  4243.6  71355.0    71502
read      254.4   111.2    80.4   125.8   140.1   231.8   287.4   316.1   337.6   364.0   397.6   447.6   569.9   888.0  1770.9  87662.0    87471
read      260.4   125.4    80.4   127.9   142.3   235.1   290.5   320.8   342.2   370.0   404.2   458.6   615.0  1303.8  2901.2  95409.0    95450
read      263.6   138.3    80.4   128.9   143.2   237.7   292.4   322.3   344.6   371.3   406.8   466.6   644.4  1318.5  3468.2 102194.0   101882
read      260.9   104.2    80.4   128.9   142.9   244.9   301.7   329.7   349.5   373.0   400.6   442.0   539.3   704.3  1521.7  61798.0    61422
read      265.0    96.4    80.4   137.6   152.7   263.4   306.2   326.6   340.7   358.3   380.2   412.5   487.6   594.9  3131.6  36799.0    36550
read      256.9    71.2    86.8   149.1   164.2   257.4   288.5   304.8   315.9   329.2   344.5   374.4   433.6   571.1  1128.9  20314.0    20285
read      304.3   231.0    74.4   128.3   143.2   251.7   319.7   366.0   401.7   446.1   507.3   619.3  1000.6  3159.7  5723.7  80081.0    80275
read      293.6   223.4    80.4   131.3   146.3   247.9   305.5   339.4   366.4   399.6   451.2   572.5  1162.4  3023.7  4782.5  99121.0    99091
read      256.0   111.1    74.4   127.1   141.3   233.7   288.3   317.8   339.7   366.0   398.9   450.2   567.9   902.2  1732.5  90596.0    90849
read      260.2    97.1    80.4   130.3   144.6   249.2   303.6   328.7   345.8   367.9   393.5   428.5   505.6   639.8   790.2  53680.0    53477
read      259.0   109.0    74.4   127.5   141.6   240.7   297.6   326.1   346.1   371.5   401.8   446.7   542.5   712.4  1573.1  67310.0    67190
read      264.3   118.0    74.4   129.4   144.2   249.5   304.2   330.5   348.2   370.7   397.7   437.7   536.0  1573.5  2607.2  55881.0    55837
read      270.9   103.0    80.4   136.5   152.0   264.9   313.9   337.3   353.7   372.6   396.8   431.6   516.4   820.5  2606.7  44020.0    43938
read      255.2   111.1    80.4   125.4   139.5   234.1   291.2   320.0   340.7   366.0   397.2   442.9   549.5   861.5  2894.1  73356.0    73349
read      272.6    94.3    86.8   140.5   156.2   270.0   315.6   337.9   353.2   370.8   394.0   426.8   497.6   646.2  1943.8  38498.0    38158
read      263.5   105.3    74.4   129.6   144.1   245.6   301.9   330.9   351.9   377.8   409.3   455.5   551.2   752.0  1109.6  62709.0    62627
read      268.7    72.7    93.8   155.1   172.9   271.1   302.6   317.5   328.8   341.5   359.2   386.4   437.6   613.1   742.5  21154.0    21095
read      274.1    95.2    80.4   139.7   155.1   269.0   319.1   343.2   361.3   381.2   403.1   434.9   502.3   631.6   761.2  43858.0    43996
read      243.3    64.8   101.3   159.1   173.8   238.7   265.0   278.8   289.4   301.0   315.8   339.3   396.7   636.4  2218.2   8952.0     8918
read      265.2    78.1    93.8   155.1   170.8   264.6   295.4   311.9   322.9   337.6   355.8   385.2   447.0   898.5  1501.8  19214.0    19346
read      292.7   177.9    80.4   134.3   149.7   267.7   328.4   362.1   386.8   414.9   450.6   505.3   734.2  2324.8  4532.5  48472.0    48373
read      295.5   228.3    74.4   122.8   137.1   245.4   312.7   354.7   388.0   426.9   478.2   580.7  1081.7  2706.1  4743.4  71960.0    72207
read      299.2   203.3    74.4   130.4   145.6   264.5   329.8   369.0   396.5   430.6   474.8   549.4   837.3  2783.2  5151.8  57781.0    57914
read      343.2   380.8    80.4   129.0   144.1   259.1   330.7   377.8   416.7   465.5   538.1   737.8  2157.0  4623.0  7960.7  78472.0    78645
read      228.8    66.7   109.4   154.1   165.7   220.3   245.3   257.9   267.4   277.8   292.5   317.6   423.1   787.9  1472.4   6700.0     6581
read      287.8   136.1    93.8   150.5   166.7   278.4   319.5   341.6   358.5   377.9   400.7   440.7   637.1  1815.6  3215.6  25533.0    25723
read      279.3   116.6   101.3   153.1   169.1   273.2   311.0   330.8   344.2   362.6   384.5   415.4   508.0  1623.6  2739.6  21535.0    21861
read      372.0   449.5    74.4   137.2   153.8   274.7   341.4   384.2   418.2   464.4   549.3   881.4  2429.4  5003.8  9203.1 102593.0   102729
read      259.2    66.5    93.8   159.8   175.8   259.3   287.2   300.9   311.4   322.3   339.2   365.4   430.9   593.4  1142.4  15235.0    15233
read      253.9    94.6    93.8   157.3   173.4   253.2   280.0   293.4   303.2   314.4   329.4   354.3   414.4   592.9  5645.4  15216.0    14904
read      285.3   118.9    74.4   136.2   152.0   271.1   327.1   357.4   379.4   403.3   436.4   487.4   609.1  1089.9  1559.0  43808.0    44168
read      279.5   119.1    74.4   132.7   147.9   260.9   321.1   353.3   377.6   405.4   437.4   489.0   593.6   860.5  1159.5  49856.0    49750
read      314.0   271.5    74.4   132.0   147.9   252.2   314.6   353.2   385.2   427.9   493.8   670.8  1513.8  3075.2  7238.2 101357.0   100878
read      253.5   109.5    74.4   126.5   140.3   230.2   285.0   314.5   336.0   362.2   395.4   445.3   576.2   994.1  1569.9  93527.0    93330
read      257.9   109.6    80.4   127.2   141.1   235.7   293.3   323.3   344.6   371.0   403.6   451.6   554.9   884.2  1436.4  75475.0    75527
read      231.6    80.7   101.3   154.5   167.0   223.7   248.7   261.9   270.7   281.9   295.6   318.2   402.9   729.8  3072.0   6691.0     6637
read      268.6    76.2    93.8   154.4   170.5   271.2   304.1   319.2   330.4   342.1   359.9   387.8   449.9   553.6   687.0  22508.0    22677
read      259.6   104.9    68.9   127.0   141.7   240.3   298.5   328.7   349.4   375.3   404.4   448.8   541.8   728.0   927.2  69305.0    69399
read      241.3    74.0    93.8   160.7   173.8   236.7   262.6   275.0   284.9   295.0   310.5   334.5   392.4   637.8  4089.4   9454.0     9465
read      262.0   118.8    74.4   128.5   142.5   237.2   294.0   324.4   346.5   374.4   409.0   464.8   620.9  1141.0  1952.3  81622.0    81491
read      261.3   114.2    74.4   128.0   142.3   241.2   297.8   327.4   348.6   376.1   407.0   453.2   561.6   836.3  3264.6  68744.0    68604
read      267.3   149.4    74.4   127.7   141.8   238.1   295.1   325.8   348.7   378.0   415.7   474.5   737.4  1687.3  3085.5  86767.0    86719
read      270.8   106.2    74.4   135.2   150.7   260.1   313.6   339.6   358.4   380.3   406.5   444.3   532.2   763.7  2780.5  48301.0    48219
read      281.3   168.3    80.4   130.6   145.7   246.5   304.6   338.4   364.4   396.3   438.8   519.3   804.7  2102.2  2871.4 104750.0   105020
read      260.5   117.4    80.4   126.6   140.7   235.6   292.6   323.1   345.6   374.3   407.6   460.7   627.6  1089.7  1619.3  79084.0    79027
read      277.6    88.1    86.8   148.9   165.0   278.3   318.9   339.2   353.5   369.8   390.9   421.4   485.1   627.5  1535.4  33616.0    33669
read      236.6    56.0   101.3   157.9   171.8   232.7   258.3   271.0   279.9   290.0   302.8   325.9   383.1   640.9  1196.3   9175.0     9087
read      280.3   111.9    86.8   146.1   161.9   273.1   315.4   337.6   353.8   373.1   399.8   441.0   570.9  1182.1  2946.8  28298.0    28486
read      286.0   136.8    80.4   140.3   155.8   273.0   324.6   352.1   373.1   396.4   425.1   467.8   587.4  1555.4  2698.1  37105.0    36839
read      287.9   191.8    80.4   132.9   148.1   263.0   320.5   353.5   378.4   403.5   436.7   494.3   679.7  2853.8  7584.1  46029.0    46303
read      267.5   113.9    80.4   139.1   154.4   261.3   304.2   325.2   341.0   360.6   384.9   419.1   501.2  1106.1  3679.9  29677.0    29630
read      299.2   232.3    80.4   130.0   144.6   260.0   325.3   364.3   392.3   425.0   466.4   539.8   872.4  3070.2  7551.1  58765.0    58735
read      264.1   120.2   101.3   154.7   170.4   258.5   288.8   304.7   315.6   329.5   346.5   379.1   498.9  1623.3  2949.9  15801.0    15717
read      277.3   159.3    80.4   126.9   140.9   251.3   312.3   345.6   371.6   399.9   433.2   485.6   676.4  2100.7  2864.7  54647.0    54660
read      325.2   397.7    80.4   131.3   147.3   254.8   316.0   352.7   381.3   419.0   474.8   616.9  1837.3  6501.1  8564.4 100603.0   100453
read      252.1   104.3    80.4   123.9   138.5   231.2   286.5   315.8   336.9   362.6   394.4   440.0   549.6   795.6   938.2  84209.0    84114
read      265.1   113.0    80.4   132.1   147.5   256.6   308.2   332.0   347.9   368.8   392.7   427.2   502.2   960.3  2738.3  47990.0    47655
read      260.5   121.3    74.4   126.8   141.4   239.0   296.2   325.8   346.8   372.8   403.9   451.4   566.1   908.0  2516.8  71615.0    71572
read      256.6   119.0    74.4   127.5   141.4   232.3   287.9   317.1   338.2   364.3   397.8   451.0   588.4  1130.1  2944.1  97289.0    97243
read      268.7   131.3    68.9   130.4   145.3   240.8   296.5   328.1   351.6   381.5   419.1   482.9   693.9  1412.3  2040.2 109173.0   109600
read      262.1   119.1    80.4   129.7   144.2   238.3   293.2   322.4   344.1   371.0   405.4   460.1   637.9  1035.6  1787.8  98103.0    97814
read      267.1   100.2    74.4   135.0   150.9   259.9   311.0   334.1   349.6   368.8   392.5   428.1   507.8   736.6  2267.2  47006.0    46973
read      264.8   119.5    74.4   131.7   146.9   251.6   305.7   332.1   350.3   371.5   397.1   434.0   520.5   699.6  3563.1  52229.0    52430
read      230.1    78.9   101.3   153.1   165.7   223.2   246.3   258.9   268.7   280.1   294.7   320.2   392.1   690.4  3851.6   7293.0     7146
read      259.0   100.7    74.4   128.5   142.7   241.0   299.8   328.7   348.9   371.8   400.1   442.3   520.4   679.1   826.3  63823.0    64613
read      234.2    57.1   101.3   158.1   170.5   230.0   253.0   266.2   274.7   286.3   298.9   321.4   390.3   609.5  1914.4   8112.0     8185
read      264.7   129.1    74.4   128.6   142.8   238.3   294.2   324.9   347.2   376.5   411.7   466.3   665.4  1384.9  2197.9  90683.0    91736
read      272.1   100.4    86.8   136.3   151.7   261.2   316.5   344.0   364.1   385.4   408.9   445.2   523.6   696.6   978.3  50756.0    50530
read      280.9   165.5    74.4   131.0   146.1   248.0   306.1   339.1   365.3   395.9   435.5   508.8   801.0  2159.2  3236.7  99475.0    99806
read      270.2    76.2    93.8   154.1   170.8   272.8   304.5   320.1   332.5   345.3   364.3   392.4   455.3   610.9  1423.5  23276.0    23088
read      274.4    93.7    80.4   142.5   158.9   270.9   318.7   340.8   356.8   374.5   396.8   428.8   497.0   689.6  1238.3  39516.0    39498
read      227.5    58.4   101.3   151.7   164.0   219.9   245.3   258.3   267.9   278.9   294.6   319.1   400.2   637.4   849.4   7472.0     7321
read      323.7   327.5    80.4   128.2   143.2   256.6   326.1   372.9   406.8   449.2   508.9   651.0  1589.5  4556.2  7908.5  69740.0    70463
read      283.1   184.3    80.4   128.0   142.2   253.2   315.4   349.6   376.2   404.0   438.9   494.7   708.8  2532.7  3424.9  55660.0    55826
read      305.9   238.5    80.4   131.4   146.4   261.7   330.7   373.4   404.1   442.0   488.7   571.7   921.4  3588.9  5598.1  68674.0    68597
read      333.9   316.6    74.4   130.6   146.6   262.0   336.7   387.1   425.5   472.4   543.8   726.7  1472.8  4150.8  7979.5  83840.0    83723
read      326.1   353.0    80.4   132.4   148.4   255.1   317.5   356.3   387.2   425.9   488.8   693.1  1650.1  5325.1  7926.4  94099.0    93939
read      244.9    68.5   101.3   158.1   172.4   241.9   268.0   281.3   290.8   301.9   316.5   341.5   400.9   613.9  2548.1  10932.0    10956
read      273.6    96.4    80.4   138.4   154.2   268.8   320.3   343.3   360.2   378.6   400.0   432.6   503.4   627.4   838.1  42861.0    43150
read      257.0   100.9    68.9   127.3   141.5   241.9   298.3   325.4   343.7   365.5   392.6   432.7   512.1   681.7  1789.3  61504.0    61224
read      254.9   114.8    74.4   125.5   139.3   234.3   290.9   320.1   340.1   365.1   396.1   439.8   542.6   993.1  1955.9  72194.0    72370
read      255.1   104.3    74.4   125.7   140.0   234.6   292.1   320.8   342.3   367.4   396.9   439.5   540.6   793.8  1310.8  74095.0    75062
read      259.8   109.8    74.4   128.7   143.2   241.5   298.8   328.0   348.5   373.1   400.9   442.5   529.1   732.3  1324.0  66063.0    66006
read      262.2   117.2    74.4   129.2   144.0   238.7   292.8   322.0   344.6   371.4   404.7   461.8   629.8  1090.4  1561.8 103632.0   103596
read      257.5   109.8    80.4   128.7   142.7   235.8   290.4   319.7   341.2   367.7   400.3   449.5   562.1   838.8  1946.6  91958.0    92033
read      243.4    67.1    93.8   157.0   170.9   239.6   264.9   277.7   287.8   298.1   314.6   340.0   416.0   660.4  1836.7  10572.0    10484
read      265.0   141.1    74.4   129.8   144.1   238.7   294.1   324.3   347.3   376.0   411.0   468.1   653.6  1117.6  4352.4 101378.0   101797
read      257.3   115.3    74.4   127.8   142.1   234.7   289.1   317.8   339.0   364.4   396.9   448.5   592.3  1030.1  1997.5  92609.0    93004
read      265.4    98.2    74.4   133.6   149.2   252.8   309.3   335.3   352.7   373.2   399.3   436.5   508.6   634.2   825.1  54963.0    55072
read      261.4   126.0    80.4   129.3   143.6   236.0   291.6   321.7   343.3   370.3   404.4   457.7   618.5  1456.2  2153.6  96847.0    97279
read      256.6   108.4    74.4   128.1   142.0   235.0   291.8   320.6   342.0   368.3   398.8   441.5   556.3   870.6  1527.7  82134.0    82336
read      267.9   169.1    74.4   129.4   143.8   238.8   295.3   326.0   347.3   374.9   411.0   466.4   671.0  2684.3  3521.1  94564.0    94577
read      270.6    84.4    93.8   151.9   167.8   272.9   306.8   323.3   335.6   348.4   367.4   396.0   452.6   642.7  2669.8  24932.0    25009
read      273.2   148.8    74.4   131.4   146.5   242.9   299.7   332.1   356.2   385.6   423.5   485.8   745.4  1877.3  2934.2  99043.0    98952
read      266.6   105.0    80.4   132.6   147.3   249.8   306.9   336.1   357.2   382.0   409.4   451.4   547.9   796.5  1011.2  62260.0    62113
read      266.1   134.5    74.4   130.1   144.5   239.2   295.6   325.2   346.6   374.2   409.1   464.3   683.8  1576.4  2645.0  89812.0    90099
read      268.8   100.1    80.4   135.5   150.8   256.9   312.7   339.7   358.9   380.6   406.2   439.3   508.9   627.6  1690.5  54307.0    54206
read      273.5    90.4    80.4   144.2   160.4   272.5   315.1   336.3   351.0   369.5   391.7   423.9   497.0   635.8   796.3  36284.0    36396
read      268.1   103.1    80.4   133.2   148.5   252.4   309.0   337.9   359.2   383.5   411.2   452.5   546.3   690.2   808.6  60660.0    61074
read      263.9   109.0    80.4   130.8   145.1   243.1   300.6   331.2   353.2   379.0   409.9   456.0   570.1   842.2  1496.3  70595.0    70494
read      276.9    97.4    86.8   142.1   158.8   271.8   322.4   346.3   363.9   382.4   402.1   434.2   500.7   618.0  1152.3  44110.0    44168
read      269.2   106.8    80.4   133.6   148.9   254.6   311.1   339.7   360.3   383.3   409.9   448.3   534.4   735.8  1845.9  57217.0    57463
read      270.8   146.4    74.4   132.1   147.0   252.0   308.1   336.1   356.0   379.0   408.1   452.6   565.7  2228.2  3890.5  60029.0    60314
read      268.1   120.5    80.4   131.6   146.6   242.8   297.9   328.8   351.7   380.6   417.0   479.5   680.1  1067.9  1564.0 105296.0   105044
read      263.2   138.1    80.4   130.5   145.1   244.1   301.2   329.9   349.9   375.2   403.8   445.1   532.4   779.5  5075.8  64208.0    63992
read      260.9   101.3    80.4   129.2   143.8   244.7   301.6   330.4   350.4   373.3   400.7   441.7   531.9   686.2   858.1  64303.0    64734
read      273.2    93.3    86.8   143.7   160.7   271.4   315.9   336.5   350.6   368.4   390.7   421.9   484.9   621.8  1972.4  38534.0    38524
read      271.9    80.4    93.8   156.4   173.6   274.9   306.6   321.9   333.8   345.6   364.9   392.7   449.9   599.9  2145.6  23324.0    23279
read      263.4   126.0    80.4   130.4   145.0   238.5   294.2   323.7   345.5   372.6   404.9   458.9   623.7  1406.8  2354.6  95617.0    96010
read      262.4   111.0    74.4   129.5   144.3   241.8   298.6   328.7   350.1   375.7   404.9   452.5   559.4   953.7  1920.2  68639.0    68478
read      258.6   139.6    74.4   126.2   140.2   237.2   292.9   321.2   340.9   365.3   396.2   443.6   550.0  1681.7  5697.3  71491.0    71493
read      269.0    91.2    80.4   139.8   155.2   267.1   313.6   334.2   347.5   365.0   385.7   415.9   482.3   618.6  2047.6  39337.0    39521
read      260.8   116.6    80.4   126.9   141.2   238.0   295.0   325.5   347.5   375.0   407.2   456.1   590.0  1021.2  1877.7  73530.0    73637
read      269.3   105.0    80.4   132.6   148.0   255.9   309.8   336.4   355.8   379.1   409.7   458.7   552.7   756.6  1033.4  46442.0    46296
read      266.0    80.3    86.8   149.1   165.2   269.6   303.3   319.1   331.0   343.4   361.0   386.6   441.3   557.6   685.7  26063.0    25879
read      244.6    62.0   101.3   157.3   171.9   242.1   269.1   282.8   292.0   302.9   316.5   340.5   394.8   644.4  1012.2  11774.0    11714
read      453.8   675.7    80.4   138.8   156.7   289.5   363.1   410.7   454.1   524.0   662.6  1374.7  3530.2  7758.4  8676.7  88840.0    89519
read      265.6   115.7    80.4   129.9   144.3   243.9   301.0   332.0   354.3   381.4   413.4   462.0   603.4  1001.3  1784.8  70658.0    71339
read      269.8   134.7    80.4   131.6   146.4   249.9   307.5   337.4   359.5   385.1   415.0   457.2   568.2  1605.2  2982.5  63683.0    63633
read      266.3    72.5    93.8   157.7   174.4   268.7   297.8   312.4   321.8   335.1   349.8   377.5   433.7   592.1  1755.6  19331.0    18929
read      264.6   117.2    74.4   128.8   143.1   243.6   300.9   331.6   354.0   380.8   410.8   456.9   584.6  1165.1  1587.6  69386.0    69661
read      238.8   100.9   101.3   157.2   170.7   230.9   255.6   268.8   277.8   289.7   304.1   325.9   403.4  1684.2  4433.9   8960.0     8686
read      271.7    91.2    93.8   158.3   174.5   273.4   304.9   319.7   331.0   342.7   360.7   388.9   446.3   695.6  4371.0  20809.0    20828
read      264.6   111.4    74.4   130.7   145.2   243.6   302.4   332.8   354.9   380.3   410.2   455.2   562.1   945.8  1590.6  68781.0    68811
read      295.8   226.1    80.4   135.0   151.1   255.9   314.2   347.1   373.1   405.0   452.3   540.0   901.8  3319.5  6991.0 108833.0   108532
read      260.8   122.6    80.4   128.6   143.0   235.6   290.5   319.9   342.0   369.3   404.5   460.0   632.9  1271.8  2335.2  96849.0    96969
read      266.0    72.7    86.8   153.1   169.0   268.6   300.4   315.4   326.3   339.7   357.1   383.6   440.6   556.4   738.2  21933.0    21773
read      259.8   149.2    74.4   127.6   141.5   233.9   289.5   319.1   340.6   366.9   400.3   450.0   588.1  1859.8  4965.6  90247.0    90731
read      257.0   103.6    74.4   127.4   141.2   239.2   297.0   324.7   344.6   368.7   397.4   436.6   527.0   741.7  1151.0  64069.0    63998
read      256.2   102.2    74.4   127.2   141.3   238.7   297.1   325.6   345.0   368.5   395.4   431.3   507.4   716.6  1650.1  64574.0    64446
read      267.3    83.5    86.8   142.8   158.9   269.4   308.9   327.2   340.0   355.2   373.5   400.8   463.1   591.1  1362.0  32361.0    32180
read      251.5   106.1    80.4   124.3   138.5   231.2   287.8   316.2   336.4   360.7   390.9   433.2   531.4   908.6  1663.8  75483.0    75461
read      267.1   126.7    80.4   132.9   147.9   255.2   309.8   335.6   353.2   373.0   398.3   434.8   509.4   742.5  4883.4  51732.0    51464
read      266.2   114.4    74.4   134.4   150.0   257.1   309.2   333.4   349.5   368.7   391.4   423.9   500.9   936.5  2785.6  47386.0    47445
read      249.2    68.2    93.8   158.8   174.0   247.1   272.3   286.0   295.2   307.3   320.5   345.7   408.5   716.0  1607.4  12374.0    12315
read      271.2   163.9    80.4   130.0   144.8   241.4   298.0   328.8   351.2   379.2   416.5   476.4   720.3  2105.7  4308.9  98013.0    98965
read      258.9   119.3    80.4   128.0   141.8   236.8   294.9   324.8   346.4   372.6   403.0   448.4   555.7   847.8  3983.3  71714.0    71412
read      271.2    94.1    80.4   139.2   154.3   265.7   316.2   339.5   355.9   373.8   396.8   429.4   500.5   661.6   956.5  44828.0    44818
read      267.5   128.6    80.4   130.4   145.3   246.5   303.9   333.6   354.6   379.4   410.9   458.5   591.8  1223.3  3670.5  64935.0    65032
read      243.9    74.7    93.8   159.9   174.3   239.9   266.4   279.6   288.8   298.4   313.2   336.4   389.0   805.6  1745.3  10220.0    10162
read      270.6    99.4    86.8   137.8   152.5   263.5   315.0   339.7   356.9   375.7   399.5   431.9   500.6   676.0  2066.1  46408.0    46718
read      268.4   148.3    74.4   129.5   143.9   240.9   297.5   328.6   351.4   379.2   413.9   467.4   713.2  1613.4  3623.0  81591.0    81555
read      276.4   194.0    80.4   129.9   144.8   243.3   298.9   330.9   354.7   384.3   422.8   487.4   792.5  2976.9  5419.1  92932.0    93247
read      272.2    94.2    80.4   139.9   155.5   265.7   317.1   341.2   358.6   377.9   401.1   432.9   496.9   592.8   846.6  44164.0    44331
read      259.7   111.7    74.4   128.0   142.0   238.7   296.7   326.6   347.1   372.2   402.7   448.7   550.1   901.8  1976.3  68090.0    68373
read      265.2   144.1    74.4   130.0   144.9   239.1   294.2   323.7   346.0   373.2   408.6   465.4   650.0  1586.2  3768.3 100119.0    99824
read      250.5    62.6   101.3   157.1   173.5   249.3   275.7   290.2   299.7   311.5   325.2   349.9   414.2   583.9  1076.5  12936.0    13056
read      264.2   127.4    74.4   129.6   144.3   244.9   302.2   331.0   351.3   376.3   405.3   449.6   550.2   956.1  2848.7  65495.0    65920
read      271.1    84.4    93.8   147.8   164.6   274.5   310.8   327.7   339.2   352.9   371.0   398.9   457.0   549.8  2403.9  28521.0    28566
read      266.9    79.9    80.4   150.0   167.0   270.1   303.2   317.9   329.4   342.0   360.5   388.3   441.6   602.5  1482.8  25157.0    25078
read      257.7   114.3    74.4   127.8   141.8   234.6   290.5   319.6   341.6   368.1   400.5   450.9   580.4  1015.3  1730.9  88953.0    88903
read      272.1   134.0    74.4   130.9   146.3   245.5   301.0   332.7   356.5   385.7   423.4   490.7   695.7  1300.0  2916.1 108397.0   108661
read      264.4   115.0    80.4   129.8   144.8   245.9   304.1   333.5   354.5   378.7   406.8   450.3   542.9   833.7  3382.6  65099.0    64992
read      257.0   108.6    74.4   127.6   141.5   235.4   292.9   322.6   343.6   368.2   399.6   444.0   551.6   865.6  1581.6  77683.0    77433
read      256.9    72.0   101.3   156.6   172.0   258.4   285.1   298.1   308.8   319.5   335.9   360.8   417.3   620.5  2448.3  16181.0    15971
read      262.7    85.1   101.3   159.1   174.3   264.0   292.0   305.8   315.0   326.0   340.9   365.4   419.5   948.8  2143.9  16858.0    16899
read      266.4   134.3    80.4   128.9   143.0   238.4   295.2   326.0   348.7   378.0   413.3   467.8   730.0  1545.3  2106.1  84506.0    84638
read      271.8    89.0    86.8   143.8   160.2   271.9   314.9   335.1   348.4   365.9   386.3   414.4   471.1   582.9   923.3  35754.0    35480
read      263.7   125.3    80.4   129.0   143.1   236.8   292.5   323.5   346.1   374.4   411.0   466.9   679.6  1268.2  2263.8  97247.0    97273
read      262.5   113.5    74.4   129.2   143.7   239.5   296.3   326.6   349.2   376.9   409.2   459.3   592.7  1056.5  1475.8  79238.0    79139
read      266.8    75.7    86.8   151.3   167.0   269.2   303.3   319.1   331.1   343.6   362.4   390.5   446.9   579.6   690.4  25417.0    25297
read      284.3   176.1    80.4   132.3   147.9   249.3   307.9   341.1   367.3   398.8   443.7   523.9   825.4  2180.3  4170.3 102740.0   102339
read      271.4   171.1    80.4   130.0   144.8   244.0   301.8   332.7   355.2   381.9   415.3   466.5   665.8  2503.3  4661.6  72329.0    72458
read      269.6   138.9    80.4   130.0   144.2   241.0   297.2   328.1   351.9   382.0   419.1   478.1   740.7  1475.6  2021.8  89956.0    90171
read      286.0   189.0    74.4   131.8   147.3   248.4   306.6   340.8   367.3   399.4   444.7   530.2   864.7  2132.3  3747.1 108696.0   108648
read      266.6   118.6    74.4   133.0   148.4   256.2   309.0   333.6   350.3   370.2   395.1   431.3   505.6  1644.5  2964.2  50573.0    50499
read      259.1   120.6    74.4   128.1   142.7   234.8   289.7   319.6   341.7   369.1   402.2   455.9   596.2  1026.1  2291.9 102881.0   103049
read      273.7   123.9    86.8   141.0   156.7   269.6   316.0   337.2   351.8   370.0   391.8   423.6   497.3   792.7  3116.1  39698.0    39793
read      266.1    76.6    80.4   154.0   170.3   268.0   299.0   314.4   325.1   338.1   354.7   381.7   433.4   546.5   744.1  20878.0    21064
read      276.7   105.5    80.4   135.6   150.8   268.5   321.1   346.5   366.2   388.2   414.8   455.9   548.5   835.0  1307.9  40498.0    40595
read      282.6   139.8    80.4   127.6   141.9   252.0   317.2   357.2   387.4   422.2   465.0   532.3   722.4  1113.1  1845.1  65849.0    66094
read      268.9    77.9    93.8   153.8   169.7   270.0   302.4   318.4   331.1   344.7   365.8   396.1   455.2   586.7  1580.0  19250.0    19325
read      256.9    95.2   101.3   155.7   170.5   252.8   282.5   297.7   309.1   320.5   339.1   368.3   435.9  1208.3  4172.7  13791.0    13925
read      284.9   144.4    80.4   128.0   142.3   250.7   317.1   358.2   390.2   427.3   474.0   548.9   766.2  1046.2  1402.6  72623.0    72470
read      301.8   214.0    80.4   128.7   143.3   252.6   320.9   365.6   400.7   442.3   499.5   604.0  1001.2  2453.7  4013.6  73846.0    73495
read      354.6   383.5    74.4   127.5   142.3   252.3   322.6   375.5   422.5   488.6   603.4   902.9  2225.7  3690.8  7851.5  86797.0    86683
read      322.2   256.0    80.4   131.5   146.8   261.6   333.1   381.1   419.1   466.3   536.2   689.4  1255.2  3077.3  5784.5  68937.0    68819
read      281.2   104.4    80.4   149.2   165.3   277.2   318.0   338.9   354.1   372.1   395.4   429.6   514.9  1250.1  2175.4  27462.0    27253
read      368.9   404.2    74.4   139.6   157.2   281.7   350.3   394.9   431.9   485.6   581.9   807.0  1866.0  5173.4  7997.6 105761.0   105279
read      272.6   113.4    93.8   153.2   170.2   272.7   305.4   321.3   333.5   345.8   364.3   391.2   453.6  1790.7  2840.6  23727.0    23628
read      266.0   131.2    80.4   129.3   143.7   240.3   295.8   326.3   348.3   376.5   411.3   464.7   699.5  1320.1  1987.5  85980.0    86180
read      270.4   106.8    80.4   149.1   165.0   271.7   307.5   324.4   336.9   350.8   370.3   398.7   461.7   731.2  4258.7  28515.0    28305
read      277.0   123.2    86.8   142.8   158.3   272.6   319.3   341.5   357.6   375.4   397.4   429.9   507.3   915.8  5214.6  39581.0    39975
read      297.1   193.7    86.8   143.4   160.2   278.8   332.9   362.3   383.4   406.9   436.4   487.2   651.4  2449.2  7887.4  39227.0    39392
read      240.8   117.2   101.3   155.8   168.0   231.8   259.2   273.8   284.7   296.0   311.6   335.5   402.9  1737.7  7588.6   9132.0     9232
read      284.7   185.9    80.4   130.6   145.1   260.1   320.0   353.0   378.7   404.7   440.4   497.4   693.6  2108.0  3494.1  49881.0    50310
read      304.1   228.9    74.4   128.2   143.3   254.3   322.8   368.7   403.6   446.2   500.0   594.6   982.3  2949.6  4953.6  78477.0    78444
read      315.0   300.6    80.4   130.7   146.4   252.3   313.8   353.2   386.3   426.4   491.0   650.9  1504.5  3748.2  7585.0  92730.0    92684
read      270.7    91.6    86.8   143.0   159.5   272.0   312.6   331.9   344.7   360.8   379.5   409.1   469.1   654.4  2632.3  33797.0    33919
read      237.6    61.3   101.3   154.7   168.5   233.3   259.9   272.7   282.5   293.3   308.2   331.4   387.9   659.0  1890.7   9687.0     9652
read      252.1   105.6    80.4   124.8   139.0   230.8   286.6   315.9   337.0   363.3   395.8   441.9   542.8   791.1  1224.8  83274.0    84235
read      250.7   107.1    68.9   124.1   138.3   229.0   283.4   312.5   333.6   359.3   391.7   439.9   548.7   848.5  1907.0  88605.0    89236
read      273.4   110.8    80.4   142.9   159.1   272.2   315.9   335.7   348.6   365.7   386.6   419.0   493.4   725.9  3921.0  34979.0    35182
read      270.1    96.8    86.8   145.1   162.0   271.2   309.0   327.1   339.1   353.7   373.1   400.9   466.4   776.6  2120.2  29767.0    29868
read      259.2   102.9    74.4   128.4   142.4   241.5   299.7   328.7   348.0   372.4   399.8   442.2   525.6   717.6  1151.6  65098.0    65163
read      250.6    64.5    86.8   157.8   173.3   248.6   275.5   289.5   298.8   311.7   326.8   349.4   415.5   665.9  1273.0  12222.0    12137
read      259.6   103.7    74.4   128.8   143.1   243.4   300.6   329.0   349.1   373.4   400.5   436.5   518.9   652.7  1569.2  61944.0    61980
read      262.1   157.9    74.4   128.3   142.6   238.6   297.0   327.2   348.0   372.7   402.5   447.6   544.0  1689.0  5411.8  68654.0    68692
read      268.6   122.7    74.4   132.7   148.3   244.0   298.1   328.7   351.0   378.5   415.5   474.6   668.0  1022.7  2322.7 108077.0   107979
read      267.8    92.4    74.4   136.8   152.4   263.3   313.3   336.4   352.3   370.5   392.7   423.8   490.6   599.7   895.1  44590.0    44697
read      266.8    78.0    93.8   156.1   172.8   268.2   298.9   314.1   324.7   338.3   355.2   380.5   434.4   677.3  2004.1  20833.0    21036
read      268.8   153.0    80.4   128.6   142.6   239.3   295.7   326.0   348.7   377.3   413.2   471.5   765.8  1802.7  3477.8  89499.0    89648
read      271.5   103.9    80.4   141.9   157.5   269.5   313.2   334.5   349.0   367.6   389.3   420.1   484.1   633.0  3841.8  38104.0    38068
read      265.3    79.6    93.8   151.0   166.3   267.4   300.3   316.2   327.8   341.1   360.5   390.3   444.2   577.6  1372.6  23991.0    23853
read      267.0   133.9    80.4   130.6   145.2   240.2   296.4   328.1   350.9   378.4   413.9   468.9   652.5  1414.4  2908.6  94177.0    94618
read      261.4   113.4    80.4   128.3   142.1   238.5   295.5   326.3   348.3   374.8   408.3   458.4   599.6  1008.5  1518.2  79449.0    79614
read      270.3    92.9    86.8   153.6   169.6   271.7   306.6   323.3   335.4   347.9   367.5   394.2   447.1   613.6   911.5  24571.0    24378
read      259.7   113.5    74.4   126.9   141.2   235.7   292.8   323.4   345.8   373.7   406.9   457.9   597.2   968.2  1647.3  84112.0    84735
read      261.0   124.3    80.4   127.2   141.3   235.2   290.2   319.7   342.2   370.1   404.0   462.7   675.5  1290.0  1939.7  90800.0    90499
read      272.4   147.1    80.4   136.1   151.4   261.5   313.3   338.8   356.7   376.3   400.0   433.0   504.9  1436.3  4354.7  46548.0    46515
read      266.0    79.8    93.8   159.7   175.6   267.3   296.1   310.7   319.8   332.2   345.1   370.3   434.0   966.6  2399.0  18774.0    18830
read      259.9   119.2    74.4   127.6   141.3   235.7   292.6   322.7   343.9   369.7   401.7   453.7   633.5  1212.2  1716.4  82254.0    83245
read      271.9    98.2    80.4   141.1   157.1   270.0   314.4   335.7   350.1   367.1   389.5   422.6   497.7   654.6  2411.6  38111.0    38103
read      254.9   103.5    74.4   125.7   139.8   234.4   291.2   320.7   342.1   367.2   398.8   443.1   539.2   762.3  1086.7  78535.0    78351
read      248.0    85.6   101.3   157.8   172.7   246.0   271.5   284.8   293.6   305.1   318.8   343.1   411.2   633.6  4898.6  12132.0    11883
read      256.2   106.7    74.4   126.7   140.7   234.0   291.1   320.3   341.8   368.2   400.9   450.2   568.3   803.2  1098.3  82114.0    82546
read      265.1    97.7    80.4   133.1   148.5   254.7   309.7   335.7   353.5   373.7   397.3   431.4   502.4   627.6   796.0  52902.0    53356
read      266.8    74.9    93.8   153.8   170.7   268.6   299.9   315.3   326.2   339.1   356.2   384.4   456.2   635.3  1530.8  21571.0    21606
read      263.3    82.5    93.8   157.0   174.3   264.3   292.7   307.5   317.2   329.4   343.1   368.2   435.4   613.6  3538.3  16594.0    16566
read      288.0   137.6    80.4   134.2   149.7   264.3   326.5   361.8   387.5   417.0   454.1   511.3   689.3  1251.4  2060.5  52739.0    53192
read      300.5   243.8    80.4   134.3   149.9   253.0   312.0   346.5   374.5   408.1   458.0   563.5  1151.6  3266.5  4950.3 108233.0   108883
read      235.0    75.4   109.4   157.4   169.5   229.1   253.7   266.6   274.8   286.9   300.7   321.6   383.9   689.2  3056.6   7333.0     7366
read      269.9   153.1    80.4   129.8   144.0   240.7   296.4   326.7   349.1   376.8   413.4   471.7   774.9  1708.7  4030.7  94068.0    94850
read      278.0   200.7    80.4   131.2   146.0   244.6   301.4   331.6   354.2   382.8   420.0   483.2   835.1  2834.6  6297.3  93690.0    93630
read      262.1   116.9    80.4   129.0   143.1   240.4   296.8   327.7   349.8   377.4   410.9   458.1   570.2   889.7  1515.6  73832.0    74411
read      273.6    97.6    80.4   140.5   155.9   267.4   317.9   341.6   358.8   378.1   401.5   435.6   508.6   675.8  1514.3  44252.0    44291
read      262.7    79.4    93.8   157.4   174.3   263.3   292.3   307.4   317.3   330.0   344.5   372.0   430.8   651.5  3281.7  18086.0    18140
read      277.4   112.3    80.4   139.5   154.9   269.7   322.9   347.8   367.2   387.2   409.3   443.2   527.0   775.3  3409.7  46269.0    46406
read      262.5   112.5    74.4   129.0   143.1   240.3   297.3   328.8   351.3   377.9   409.0   458.1   584.3   923.3  1405.6  76512.0    76568
read      265.4   112.5    80.4   130.6   145.0   246.0   303.6   334.5   356.6   381.9   410.8   454.4   564.5   888.9  1527.9  67147.0    67484
read      255.0   103.5    74.4   125.9   139.6   235.4   292.9   321.3   342.2   367.6   398.2   439.9   538.8   747.7  1143.5  70449.0    70037
read      273.7    83.3    86.8   150.3   166.7   276.0   312.2   329.9   341.9   357.3   375.8   406.2   472.1   641.0  1757.7  28357.0    28245
read      269.9   155.5    80.4   129.1   143.9   240.0   297.6   329.1   352.0   379.9   416.8   474.3   723.9  1811.5  3738.1  95713.0    95855
read      256.2   112.4    74.4   126.0   140.2   232.7   287.2   316.3   338.1   366.1   399.4   451.0   606.1  1012.2  1379.2  94952.0    94882
read      253.4    64.7   101.3   155.3   171.0   254.0   282.1   295.4   305.7   316.8   332.4   356.3   412.2   552.5  1137.3  15816.0    15781
read      253.3   102.9    74.4   125.2   139.6   232.4   289.5   319.1   340.4   365.9   395.8   437.2   540.4   760.5   924.8  77270.0    77465
read      260.8    73.7    86.8   155.6   171.2   263.0   292.3   306.4   315.5   326.8   341.5   367.6   425.8   575.8  1691.9  18408.0    18000
read      265.0   137.1    80.4   129.0   143.7   238.9   293.8   323.6   346.2   374.1   408.9   466.0   657.2  1682.2  2652.3  99414.0    99573
read      260.1   119.7    74.4   128.1   142.4   236.2   291.4   320.0   341.5   368.5   401.3   456.4   623.2  1167.0  2121.1  98976.0    99265
read      254.6   104.4    74.4   125.3   139.4   233.8   290.9   320.1   341.3   367.6   399.0   442.5   542.3   792.0  1090.9  75820.0    75628
read      264.1   120.7    86.8   153.0   169.2   263.3   294.1   308.9   318.2   331.5   346.7   377.9   443.3  1623.4  2986.5  20848.0    21273
read      256.2   113.2    74.4   127.5   141.5   232.4   286.9   316.2   338.2   365.1   399.0   451.2   594.9  1045.5  2009.3  98219.0    99065
read      261.3   132.3    80.4   129.0   143.6   244.4   300.5   328.9   348.8   373.6   400.1   438.0   521.9   714.6  6821.3  63031.0    62986
read      256.5   107.1    74.4   125.5   140.0   237.8   294.2   322.9   343.5   368.3   397.5   438.7   535.5   944.5  1575.1  70918.0    71174
read      270.9    83.7    86.8   151.3   167.0   272.3   307.9   325.0   337.3   351.3   370.9   398.8   461.2   656.2  2095.0  26431.0    26304
read      251.6    63.6   101.3   160.6   175.2   250.0   276.8   290.4   299.4   311.4   325.5   351.4   410.0   672.9  1129.5  13398.0    13354
read      283.5   124.9    93.8   141.5   157.2   273.7   323.0   347.7   367.2   389.2   416.3   459.7   585.7  1625.3  2356.5  35480.0    35658
read      295.5   168.1    80.4   141.7   157.4   276.0   331.7   362.8   385.3   410.3   441.5   493.7   669.5  2280.1  3678.1  39873.0    39892
read      261.9    80.5   101.3   158.3   174.1   259.6   289.2   305.0   315.8   329.1   345.0   374.2   436.8  1000.8  2079.8  14722.0    14874
read      285.6   233.2    74.4   124.7   139.3   244.2   309.6   347.4   376.9   408.5   450.0   514.8   828.5  3470.5  7068.7  71876.0    71766
read      342.3   418.8    80.4   134.8   151.6   266.6   330.7   371.7   403.3   447.2   522.1   689.1  1713.2  7086.5  8157.4 106920.0   106924
read      265.5   114.8    80.4   129.8   144.1   244.9   302.3   333.1   355.3   381.2   412.5   459.0   580.2   978.5  1854.7  69112.0    69312
read      272.9    92.8    93.8   156.3   172.3   273.8   307.0   322.3   334.4   346.5   365.9   394.0   459.4   673.0  3341.0  23169.0    23069
read      275.6    94.1    80.4   149.7   165.2   276.7   314.7   333.3   345.6   361.8   380.4   406.5   471.4  1246.7  1735.2  31101.0    31532
read      266.8   160.6    74.4   128.6   143.4   237.4   292.1   321.8   344.3   372.5   408.3   468.7   689.8  2198.9  3789.2 106190.0   105945
read      259.5   111.1    80.4   129.3   143.6   236.9   291.2   321.0   342.4   369.2   401.7   455.3   602.1   933.2  1694.3 100169.0   100442
read      228.7    80.7   101.3   154.4   166.7   222.2   245.5   257.3   266.5   275.9   291.6   313.3   360.4   734.0  3145.2   7269.0     7075
read      267.6    71.8    93.8   153.9   170.8   271.3   302.7   317.6   328.4   340.3   356.6   382.9   438.7   587.5   692.8  20951.0    21318
read      262.1   115.9    74.4   129.7   144.4   238.4   293.5   323.3   345.6   372.4   406.4   461.6   631.9   907.5  1643.1 103913.0   104020
read      253.9   108.1    74.4   125.5   139.5   233.5   289.7   318.5   339.5   364.9   395.7   441.7   541.8   799.4  2625.0  78463.0    78635
read      264.0    98.5    80.4   134.2   149.9   257.5   307.5   331.1   347.2   366.2   389.1   421.9   491.9   661.4  1784.0  46473.0    46764
read      236.0    56.0   101.3   156.7   169.5   231.5   256.9   269.6   278.8   291.0   306.7   331.5   388.0   605.5   946.3   9615.0     9723
read      257.3   110.3   101.3   159.1   174.7   254.2   281.6   295.4   306.5   318.2   335.3   362.5   424.7   793.9  3981.1  13001.0    13017
read      285.6   113.0    86.8   139.2   155.5   274.2   328.5   357.3   378.4   401.0   430.5   472.7   575.1  1038.3  1385.4  40627.0    40662
read      279.2   112.9    86.8   141.6   157.0   270.6   318.8   343.7   363.2   384.3   407.0   447.2   551.5  1155.5  2628.9  34618.0    34465
read      276.4   116.6    86.8   132.0   146.9   258.8   317.3   348.8   372.1   396.6   428.3   475.9   602.6  1001.1  1529.1  46651.0    46730
read      298.0   220.1    80.4   126.8   141.3   249.4   316.4   359.5   393.0   433.3   488.3   591.0  1043.0  2400.8  5087.4  73153.0    73264
read      312.1   298.2    74.4   128.6   143.2   253.5   323.9   371.9   406.9   447.9   502.2   603.7  1101.8  4695.8  7780.0  79578.0    79688
read      411.6   428.2    80.4   142.3   160.5   306.4   412.8   479.4   531.9   605.5   737.2   967.7  1742.7  6641.9  8109.9 109161.0   108967
read      272.0   149.5    74.4   132.9   147.7   252.7   309.2   338.4   359.7   384.1   412.9   456.4   559.9  1873.2  4883.4  56466.0    56343
read      270.0   103.0    86.8   138.4   153.7   263.6   311.6   334.5   350.4   370.7   396.1   431.1   505.9   737.3  1948.8  41661.0    41842
read      263.7    91.9    86.8   153.8   170.3   264.7   295.3   310.3   319.8   333.2   347.7   375.3   436.5   723.4  2033.5  20221.0    19881
read      228.6   142.6   109.4   153.7   165.7   219.1   242.8   254.8   264.3   273.8   288.7   311.7   374.1  1205.7  7361.2   6273.0     6107
read      286.6   133.8    80.4   140.2   155.6   272.5   325.8   353.7   375.3   397.9   426.3   471.5   600.1  1482.7  2783.6  38297.0    38731
read      278.2   139.0    86.8   142.4   158.1   271.4   314.7   337.3   354.5   376.3   399.1   434.1   528.0  1384.6  5385.4  31260.0    31156
read      283.8   222.5    74.4   123.3   137.5   239.9   305.3   345.4   377.3   413.8   458.6   530.2   820.5  2944.4  7660.3  79419.0    79889
read      277.4   128.6    80.4   142.4   158.0   270.5   315.6   338.2   354.3   372.9   396.5   430.3   521.2  1388.8  3667.9  31930.0    31951
read      371.4   469.4    80.4   141.5   159.4   281.6   345.2   384.4   415.0   456.5   526.4   720.3  3214.9  5795.2  8064.7 105603.0   105358
read      269.6   130.1    80.4   132.3   147.2   243.1   298.9   330.6   353.6   381.3   418.0   476.3   688.6  1265.4  2459.2 104859.0   104834
read      246.5    63.5    93.8   156.1   171.5   245.1   271.0   284.8   293.8   305.4   318.5   342.9   401.3   559.6   734.7  12558.0    12457
read      258.6   116.0    74.4   126.6   141.5   236.9   294.2   323.4   344.9   369.9   400.7   449.4   552.4   882.2  2747.4  72660.0    72818
read      263.8    92.4    86.8   134.0   149.5   258.5   308.4   331.0   345.5   364.1   386.5   420.5   496.8   620.8   856.9  45140.0    44775
read      258.6   152.6    74.4   126.5   140.7   238.4   295.0   323.9   344.4   368.7   398.4   443.1   533.3   777.0  8155.1  68285.0    68489
read      261.7    97.1    74.4   130.8   146.0   251.0   306.4   331.7   348.0   368.7   393.4   427.1   499.7   642.3  1008.0  52891.0    52510
read      256.4   130.7    74.4   124.8   139.3   232.1   288.7   318.7   340.2   366.4   399.0   448.1   570.0  1326.1  3338.2  84890.0    84955
read      249.4    62.6    86.8   155.7   171.7   249.3   276.1   289.4   297.9   310.6   324.8   346.3   401.9   568.1  1243.6  14200.0    14282
read      252.7   111.7    74.4   124.7   139.0   230.9   286.0   314.5   335.4   361.3   394.1   440.3   563.3   883.7  1902.8  86648.0    87096
read      259.0   112.1    80.4   128.1   142.5   235.5   290.9   320.3   342.7   369.9   402.7   456.4   592.4   996.5  1449.8  89873.0    90273
read      271.1    87.3    86.8   147.1   163.2   272.6   311.0   329.5   341.7   357.6   377.1   405.1   472.7   614.1   746.6  31653.0    31352
read      262.5    70.5   101.3   154.8   171.0   265.0   294.4   309.3   318.9   331.8   345.8   372.5   426.6   607.5  1755.1  19368.0    19469
read      224.0    77.6   101.3   150.7   161.8   215.6   238.9   252.2   262.2   273.1   287.6   310.3   373.9  1098.1  2499.0   7029.0     7075
read      280.9   149.1    80.4   138.7   153.4   267.3   316.4   342.5   363.6   386.5   412.3   456.0   577.5  2270.2  3170.7  35397.0    35529
read      291.9   264.9    74.4   124.0   138.5   242.4   308.1   349.3   382.1   419.4   465.2   543.1  1009.3  3706.6  7966.6  84313.0    84543
read      264.5   108.3    86.8   150.5   165.9   260.6   294.2   311.2   322.4   337.6   356.9   388.3   464.6  1370.8  2504.0  19753.0    19670
read      279.1   123.0    74.4   140.2   155.3   268.6   318.8   344.1   362.8   383.5   407.3   445.0   539.0  1713.2  2662.9  35812.0    35779
read      283.6   217.0    74.4   123.3   137.6   241.6   307.2   346.9   379.9   415.3   459.7   531.1   770.5  3407.4  5050.9  80868.0    80767
read      369.6   415.2    80.4   133.5   149.7   268.9   343.4   395.4   437.5   497.7   591.3   864.2  2350.5  4327.8  8052.5  84481.0    84436
read      389.7   493.2    80.4   138.8   157.0   287.6   360.6   406.4   444.4   496.9   579.8   793.6  3352.5  5650.4  8327.0 102499.0   102570
read      262.3   109.5    74.4   128.9   143.3   243.5   301.4   330.1   350.9   376.9   403.7   448.6   558.7   795.7  1348.2  64802.0    64539
read      261.2   103.1    86.8   151.3   167.3   260.3   291.1   306.5   316.6   329.7   345.2   372.0   440.0  1551.6  3222.4  20815.0    20695
read      268.4    81.7    93.8   147.3   163.3   270.7   307.7   325.0   337.0   350.3   369.2   397.7   459.8   583.7  1241.2  28915.0    29052
read      281.8   147.9    80.4   134.9   150.6   253.5   309.5   341.3   365.9   395.3   434.6   507.0   746.7  1853.7  2967.6 109079.0   109606
read      256.1   114.5    74.4   126.1   140.6   233.9   289.3   318.5   340.2   366.8   399.8   448.6   563.0   900.8  2633.2  86869.0    86574
read      268.8   106.1    86.8   149.0   164.5   268.3   303.6   319.6   332.1   345.1   365.1   393.6   463.9  1609.8  3355.1  26237.0    26386
read      267.8    81.3    93.8   145.8   161.9   270.4   307.8   325.2   337.1   350.5   370.5   397.1   460.5   571.7   748.4  30393.0    30300
read      255.9   104.2    80.4   125.9   140.4   235.0   291.4   321.4   342.9   371.0   401.1   446.2   544.4   772.8   977.0  78890.0    79261
read      256.6   107.8    74.4   126.5   140.8   236.4   293.1   322.5   343.7   369.1   400.1   445.7   542.3   764.8  2297.5  73339.0    72798
read      266.3    74.9    80.4   151.0   167.7   268.4   300.3   316.4   328.2   341.4   359.8   388.4   453.2   574.1   850.5  23556.0    23763
read      265.0   101.2    80.4   134.0   149.5   258.8   307.9   331.8   347.2   367.1   391.1   424.4   495.8   623.2  2669.9  44927.0    45061
read      271.1   143.7    80.4   133.8   148.9   251.9   309.2   338.8   360.0   383.4   410.1   450.0   544.9  1763.7  4150.6  57876.0    57867
read      271.4    85.6    80.4   149.7   165.0   274.4   311.1   328.9   340.6   355.1   373.0   399.7   457.9   619.7  2003.1  28948.0    28765
read      278.2   168.5    80.4   130.1   145.3   244.1   300.6   333.3   358.6   389.3   429.2   506.3   836.8  1918.7  2965.5 105991.0   105615
read      301.9   190.2    80.4   133.9   149.9   259.6   322.1   361.1   390.9   427.8   483.5   610.1   949.9  2006.4  4483.0 110256.0   109800
read      277.0   215.6    80.4   130.2   144.8   241.8   297.6   328.8   351.0   379.3   416.6   476.4   856.4  3258.5  7686.0  92676.0    92474
read      265.2   117.6    80.4   129.9   144.1   245.4   303.7   334.1   356.6   382.9   411.3   454.9   558.6   930.5  1893.7  69483.0    69536
read      277.0   158.5    74.4   129.8   144.5   243.2   300.5   333.4   359.0   390.6   432.1   512.0   815.1  1867.8  2896.9 109197.0   108847
read      274.5    92.2    80.4   144.4   160.4   273.1   318.3   339.9   355.2   372.2   394.2   424.2   486.7   611.5  1348.0  37436.0    37648
read      273.4   160.6    80.4   129.2   143.5   239.8   296.6   328.8   353.1   383.2   423.6   496.5   838.2  2003.1  3105.9  99131.0    98797
read      261.1   112.0    74.4   127.8   142.2   240.1   298.1   327.9   349.8   377.0   408.0   453.7   571.2   853.3  2249.2  71580.0    71781
read      267.9    95.4    74.4   137.0   151.7   263.2   313.6   336.5   352.4   371.5   393.7   424.6   496.6   598.4   703.4  44613.0    45034
read      266.7   119.0    93.8   150.4   167.6   267.6   299.5   315.0   325.8   338.6   354.7   378.9   442.2   694.9  4635.9  22870.0    23060
read      261.0   116.8    74.4   128.9   143.4   238.0   294.2   322.9   344.2   370.3   403.7   459.0   605.3  1054.9  1818.9  99185.0    99559
read      253.5   116.0    80.4   125.0   139.0   231.8   288.1   318.1   339.5   365.5   396.4   439.3   532.7   810.7  3773.2  79362.0    78907
read      273.9   142.9    74.4   132.7   148.6   246.7   301.9   333.1   356.5   385.0   422.6   490.0   711.3  1475.2  3583.9 109968.0   109987
read      258.6   112.4    74.4   128.8   143.0   234.9   291.5   321.2   343.0   370.1   403.1   454.5   590.6   859.4  1267.9  96438.0    96463
read      248.6    64.1    93.8   155.7   170.1   247.7   275.6   289.5   298.4   310.2   322.6   345.6   401.3   538.5  1927.3  14524.0    14541
read      270.0    84.1    80.4   146.8   163.3   272.5   310.4   328.4   340.3   354.7   372.2   399.6   458.3   588.2  1283.3  30022.0    30227
read      280.9   139.1    80.4   134.7   150.7   252.8   309.1   341.9   367.0   397.0   436.2   507.1   736.0  1629.3  2266.1 109659.0   109068
read      257.8   122.1    74.4   127.9   141.9   236.2   294.1   323.8   345.1   371.4   402.4   446.0   536.7   737.3  5251.2  74044.0    73889
read      257.7   121.9    74.4   127.9   141.9   235.3   291.9   322.0   344.0   370.4   401.1   446.3   547.6   978.3  2155.6  80846.0    80825
read      267.3   139.2    80.4   130.0   145.1   240.7   296.3   327.3   350.2   377.0   412.7   469.7   668.5  1748.0  2945.8 101784.0   101968
read      274.7    96.7    80.4   151.5   167.7   276.9   313.2   331.0   343.0   358.2   375.3   403.2   465.2   738.0  1913.3  28186.0    28070
read      265.5   134.1    80.4   129.4   143.8   239.2   295.8   326.8   349.0   376.8   411.7   464.2   647.0  1440.3  2934.9  87826.0    88127
read      271.7   147.3    80.4   130.1   144.6   241.4   298.7   330.0   353.3   382.3   418.9   478.3   814.0  1690.9  2475.5  93248.0    93037
read      260.5   117.2    80.4   128.4   142.7   236.1   292.6   322.4   344.2   371.0   404.5   457.6   618.7  1093.3  2060.6  85623.0    85313
read      269.8    93.3    74.4   139.2   154.3   265.2   314.3   337.0   352.6   370.7   393.8   426.8   497.3   647.5  1009.5  42482.0    42639
read      262.0   127.5    80.4   128.3   142.6   236.4   291.4   321.9   345.3   373.0   407.8   462.9   635.1  1252.3  2453.3  89600.0    89688
read      265.8   151.2    80.4   128.7   143.3   239.5   296.2   326.8   348.9   376.4   410.3   461.7   643.0  1507.7  5310.7  78027.0    77922
read      276.3   108.0    86.8   141.3   157.0   269.3   318.9   342.7   360.0   379.0   401.3   433.4   506.0  1279.7  2081.8  43441.0    43434
read      292.9   190.8    80.4   134.6   150.7   257.1   315.8   350.2   376.3   408.2   452.5   536.5   867.1  2580.6  3982.8 105339.0   105109
read      278.4   172.5    74.4   130.4   145.4   245.4   302.2   334.6   360.1   391.2   433.3   509.4   796.7  1808.3  3308.3 104109.0   104178
read      275.0   197.8    74.4   129.8   144.5   240.9   297.2   328.4   351.2   379.6   418.1   484.2   741.4  3005.3  3718.8 103858.0   103636
read      273.1    99.0    80.4   142.9   159.0   271.5   313.6   334.1   347.8   366.1   388.1   420.5   483.5   624.2  2904.0  34005.0    33841
read      262.7   105.9    74.4   128.9   143.7   244.5   302.2   332.2   353.4   378.4   406.3   450.2   544.5   779.1  1167.0  64886.0    65328
read      264.6   112.9    80.4   132.2   147.1   252.0   307.2   333.4   351.6   372.9   397.6   432.7   507.8   683.9  3656.3  54073.0    53849
read      261.9   141.1    93.8   160.9   176.7   257.2   285.1   298.9   309.4   319.9   336.2   360.7   427.7  1880.6  7712.5  14153.0    14112
read      258.5   102.6    80.4   127.6   142.0   240.9   298.2   327.2   346.9   371.1   400.1   440.7   529.5   685.5   849.6  64816.0    65229
read      260.0   114.3    74.4   127.8   141.9   238.1   295.7   325.2   346.4   372.6   403.1   451.8   570.3  1179.6  1686.8  74308.0    74794
read      257.0   105.4    74.4   127.9   142.0   237.3   293.7   322.8   343.5   368.7   399.5   442.4   539.7   755.6  1552.8  76751.0    76657
read      256.3   114.1    80.4   127.0   141.1   233.7   288.4   317.4   339.4   366.5   398.8   450.0   588.4   904.9  1737.1  92812.0    92562
read      251.9   111.0    74.4   125.1   139.2   230.9   287.0   316.1   337.3   362.4   392.6   434.3   535.8   760.7  2259.8  79764.0    79594
read      261.6   128.9    80.4   128.4   142.7   235.4   290.0   320.0   342.3   369.9   406.3   464.5   645.4  1312.6  2167.3 105923.0   106208
read      256.9   120.3    74.4   127.8   141.4   233.0   288.3   317.7   339.8   366.6   398.5   448.2   577.2  1303.8  2943.2  94474.0    94770
read      259.5    72.0    80.4   153.9   170.0   260.6   289.5   304.0   313.9   325.5   341.4   369.2   438.7   639.2  1762.3  18848.0    19122
read      262.3   106.3    80.4   129.8   144.2   246.0   304.4   332.8   352.6   374.5   400.9   438.9   531.2   771.6  1385.9  60176.0    60408
read      275.5   162.4    74.4   129.5   144.2   244.5   301.4   333.6   358.6   388.9   427.3   494.4   760.5  1994.3  3322.6  98531.0    98371
read      264.7   107.4    80.4   130.9   145.4   246.5   305.2   335.2   356.3   380.7   409.7   447.7   537.5   784.4  1879.0  61994.0    61350
read      259.6   118.9    74.4   126.2   140.2   235.4   292.2   322.2   344.3   371.5   403.5   454.2   632.9  1224.8  1724.7  78350.0    78813
read      224.1    71.7   109.4   153.4   164.6   216.3   239.2   251.4   260.5   270.8   285.8   310.8   372.3   649.1  2511.4   5727.0     5604
read      262.2   144.2    74.4   127.7   141.8   236.1   293.6   324.1   346.1   374.5   407.2   458.8   620.7  1262.8  5231.2  80038.0    81210
read      264.7   153.7    80.4   128.1   142.6   239.2   296.7   327.7   350.5   378.3   411.9   462.4   590.6  1395.1  3718.6  73680.0    73960
read      275.4    92.1    93.8   148.8   165.9   276.4   313.9   332.3   344.5   361.0   380.7   410.7   476.4   646.2  2901.8  28202.0    28059
read      235.5   119.7   109.4   157.8   170.1   225.6   249.6   262.8   271.9   283.9   297.9   324.2   385.7  1941.6  4329.3   6262.0     6090
read      313.9   219.0    86.8   133.2   149.1   268.1   338.6   381.6   412.9   449.6   499.4   599.9  1127.7  2724.9  3719.4  64494.0    65353
read      283.1   172.1    74.4   129.4   144.2   257.2   318.8   353.6   379.3   406.6   440.2   497.8   641.7  2225.4  4015.9  55545.0    55646
read      302.3   228.1    80.4   126.7   141.2   249.0   316.4   361.6   398.7   443.5   501.9   622.9  1058.1  2808.0  4446.1  75837.0    75470
read      378.8   508.2    74.4   136.1   152.8   273.1   340.6   384.4   419.8   469.0   560.2   773.6  3347.3  5839.7  8041.4 101055.0   101368
read      265.6    73.3    93.8   154.8   172.0   268.3   298.1   312.4   321.4   334.9   349.9   376.0   436.9   584.2   808.0  20292.0    20305
read      268.5   132.4    80.4   130.6   145.7   241.5   296.6   327.7   350.4   378.1   414.8   474.9   692.5  1473.4  2116.1 101327.0   101317
read      263.2   122.6    80.4   129.4   144.3   238.3   292.8   323.4   345.7   372.1   406.2   464.9   646.3  1152.7  2149.5 108507.0   108543
read      256.8   111.6    74.4   126.8   140.8   234.8   291.0   319.9   341.9   367.9   399.8   448.7   571.9   859.0  2190.8  81657.0    81018
read      265.6   144.8    74.4   129.4   144.4   238.8   293.3   323.4   346.3   374.2   410.8   470.1   674.0  1209.3  5224.3 106780.0   106524
read      269.7   111.3    80.4   134.1   149.4   259.1   313.9   339.6   358.0   379.0   404.0   438.1   519.3   792.0  3623.6  50968.0    50658
read      271.8   137.6    80.4   136.2   151.3   265.0   313.7   336.3   352.0   371.1   393.7   426.1   507.8  1548.6  3311.7  43852.0    43791
read      256.1    84.5   101.3   157.8   173.7   254.9   282.5   295.7   306.3   317.6   334.5   361.8   428.2   604.0  2014.7  14400.0    14504
read      269.3    98.1    80.4   135.5   151.0   261.1   313.2   337.5   354.7   374.8   400.7   435.2   513.6   675.3   893.3  47170.0    47555
read      254.7   102.0    74.4   125.9   140.1   236.3   292.4   320.2   340.5   365.2   395.2   436.2   528.9   728.7  1410.0  67860.0    67848
read      258.6   111.7    74.4   128.0   142.3   234.8   290.5   320.0   341.7   368.1   402.4   455.7   610.3  1019.8  1182.6  93305.0    93337
read      257.8   111.6    80.4   127.9   141.9   235.2   291.7   321.5   343.0   369.1   401.3   449.8   573.2   868.4  2105.0  83250.0    82735
read      252.3   104.4    74.4   123.6   138.0   231.2   288.4   317.7   338.8   364.5   396.3   440.6   544.1   772.6  1353.6  79545.0    79691
read      260.0   108.3    74.4   128.5   142.9   244.1   301.4   329.2   347.6   371.1   398.4   439.0   521.8   678.0  1366.0  61839.0    61855
read      261.8   103.1    74.4   129.2   144.0   246.4   302.5   331.0   350.5   373.6   401.6   443.6   528.6   683.6  1775.7  61573.0    61378
read      276.7   106.2    80.4   152.6   168.9   278.2   314.2   332.0   343.6   359.3   377.7   404.5   469.3   652.8  3968.3  27130.0    27280
read      275.3    89.6    80.4   144.0   159.8   274.2   317.8   339.5   354.8   372.1   395.3   427.9   493.7   590.4   736.8  35358.0    35620
read      282.8   112.1    86.8   145.3   162.0   275.8   321.4   344.8   363.2   384.4   410.2   450.6   562.3  1390.2  2488.0  32751.0    32911
read      337.5   301.5    80.4   131.6   147.4   264.6   339.2   391.0   429.9   476.2   545.9   728.7  1638.5  3380.3  7299.5  76963.0    76628
read      286.9   150.1    86.8   146.5   162.8   278.0   325.6   349.7   368.7   388.5   410.9   446.0   531.0  2337.8  3712.0  32077.0    32305
read      284.5   223.3    80.4   123.6   137.7   241.2   306.8   346.1   377.2   411.5   455.4   527.0   856.9  3285.8  7140.0  74195.0    74231
read      299.1   218.0    74.4   128.7   142.8   254.7   320.1   362.0   393.4   431.0   478.8   568.9  1023.4  2881.2  4007.8  69026.0    69333
read      312.0   281.4    74.4   133.1   148.6   268.9   333.4   373.0   401.6   437.2   485.7   574.1   975.1  4278.6  7442.3  53458.0    53526
read      293.6   159.5    86.8   138.5   154.3   272.3   330.0   362.5   385.9   412.0   443.2   493.6   685.6  1917.2  3446.6  44170.0    43970
read      371.9   486.3    80.4   136.8   153.5   275.2   343.9   389.7   428.0   477.9   563.0   792.1  2343.9  6925.0  9543.2  93462.0    92984
read      267.5    93.4    93.8   153.2   169.1   268.1   301.3   316.6   327.8   340.5   358.2   386.2   449.2   622.6  4152.9  22517.0    22716
read      264.8   135.8    80.4   128.5   142.8   238.1   294.0   323.7   346.0   374.5   411.6   467.4   680.8  1664.3  2897.2  86037.0    86539
read      258.2   109.1    80.4   126.6   140.9   237.1   294.4   324.4   345.8   373.3   403.7   448.4   548.0   858.8  1825.0  74365.0    73888
read      253.9   108.4    74.4   124.0   138.3   233.5   290.1   319.3   340.5   366.9   398.2   442.6   541.6   750.0  2142.9  73490.0    73554
read      270.9    90.9    80.4   148.1   164.8   271.3   307.0   324.0   337.1   352.0   372.2   402.4   470.7   684.1  2501.4  27094.0    26912
read      268.4    94.6    80.4   135.8   151.3   263.2   312.9   336.4   352.8   372.4   396.2   430.0   500.2   633.2   782.6  44992.0    44840
read      260.4    75.2    93.8   155.6   171.8   261.3   289.6   304.3   314.8   327.2   342.6   368.9   432.7   630.1  2804.1  17020.0    16966
read      264.3    96.9    80.4   133.2   148.2   255.1   308.5   334.0   351.7   372.1   396.3   429.8   500.3   650.2  1181.7  51525.0    51903
read      257.7   105.3    80.4   127.7   141.9   237.8   294.9   323.6   344.4   369.5   400.9   446.1   540.9   742.4  1881.1  70699.0    71461
read      264.9    75.6    93.8   151.1   167.8   265.9   297.6   313.1   323.3   337.1   354.5   384.9   457.2   678.1  1184.7  21293.0    21248
read      261.1   120.5    80.4   127.8   142.2   236.1   292.3   321.7   344.6   372.1   406.1   461.0   630.3  1098.2  2042.5  98605.0    98493
read      264.8   142.3    80.4   128.8   143.5   237.7   293.1   322.8   345.8   373.8   409.7   469.8   665.1  1455.3  3099.9 105526.0   105716
read      258.2    72.5    86.8   151.6   168.1   258.7   288.6   303.5   314.1   326.6   343.3   372.3   431.3   620.7  1579.0  19502.0    19488
read      262.6    78.3    86.8   159.8   176.4   261.6   290.0   304.7   315.0   327.2   342.4   368.8   428.1   769.2  2064.0  16662.0    16605
read      262.6   116.0    74.4   128.0   142.7   240.0   295.8   326.8   349.2   378.1   411.9   463.2   601.9   874.8  1271.3  75170.0    75130
read      275.9    96.5    80.4   140.8   157.3   269.6   318.9   343.1   361.5   382.3   406.2   439.3   515.5   671.8   827.4  45660.0    45842
read      273.4    98.5    80.4   139.7   155.3   265.6   316.4   341.5   360.6   381.9   404.2   436.5   507.7   638.5  1403.7  48423.0    48598
read      280.4   207.7    80.4   130.2   145.2   247.9   305.0   335.4   358.4   387.5   424.8   489.7   904.8  1932.0  8955.5  68251.0    67944
read      269.1    84.5    80.4   151.2   168.0   268.9   303.0   319.8   333.2   347.2   368.4   398.1   467.5   581.1   710.9  26852.0    26800
read      267.1    96.4    80.4   135.1   151.3   258.0   308.8   333.4   350.3   371.8   397.8   433.1   512.3   679.2   810.3  49555.0    49959
read      272.7   113.7    74.4   133.8   149.5   254.0   309.7   339.2   362.3   390.0   424.3   473.4   579.7   781.1  2184.2  53814.0    54114
read      264.4   119.1    74.4   130.0   144.8   245.7   301.5   331.0   352.3   377.0   406.6   452.8   552.9   878.3  4770.2  66119.0    66577
read      278.2   104.5    80.4   146.4   163.1   276.3   320.6   341.5   356.4   372.5   395.1   427.4   495.0   655.4  4404.3  39403.0    39563
read      263.7    90.9    74.4   136.4   152.0   259.7   304.9   325.9   340.9   359.1   381.7   415.7   485.2   619.9  1359.5  40391.0    40228
read      255.0   114.9    74.4   126.2   140.2   232.3   287.9   317.1   338.3   364.1   396.1   445.8   586.9   883.0  1768.2  92130.0    92385
read      271.0    87.6    86.8   142.9   158.9   270.4   311.7   331.8   345.1   363.8   386.4   419.0   490.9   619.1   777.7  35585.0    35189
read      275.5    88.5    80.4   145.5   162.1   275.8   317.0   337.3   351.8   370.5   391.8   421.9   490.1   617.8   963.5  34695.0    34744
read      269.6   150.8    93.8   158.5   174.1   265.2   295.4   311.2   321.4   336.3   354.4   385.2   465.7  1636.3  6209.9  15250.0    15082
read      308.9   192.1    80.4   131.7   147.1   252.9   324.5   375.2   418.7   471.1   542.1   673.5   979.5  1672.9  3144.2  87347.0    87824
read      285.4   105.8    86.8   143.1   160.1   279.9   327.8   352.3   371.1   392.2   418.2   458.4   547.6   781.1  2188.4  34198.0    33965
read      278.2   101.9    74.4   139.0   154.8   271.1   321.8   346.2   365.5   387.9   416.0   456.1   542.8   714.9  1118.4  37959.0    38138
read      285.9   136.5    80.4   137.4   153.2   271.1   326.7   356.7   379.1   403.4   434.3   476.8   584.6  1351.1  3884.3  42419.0    42450
read      280.1   130.1    80.4   127.4   142.3   252.8   317.6   356.1   385.1   418.0   457.8   516.6   671.5   982.5  1418.8  65307.0    65120
read      266.3    74.3    93.8   154.5   170.7   267.5   298.5   313.9   324.6   339.0   357.7   385.9   444.6   656.4  1213.8  17330.0    17329
read      283.4   130.8    80.4   130.3   145.4   260.5   323.0   360.0   387.0   416.5   454.6   507.9   649.4  1138.0  2024.1  55884.0    56524
read      284.1   104.7    74.4   141.5   157.5   276.7   326.3   353.1   374.4   396.4   424.5   465.9   543.4   795.7  1175.3  36405.0    36287
read      261.8   112.2    93.8   158.3   174.1   259.7   288.7   303.8   314.6   327.3   342.9   372.2   437.7   879.5  7124.7  14745.0    14642
read      281.2   132.1    74.4   131.4   146.4   260.3   321.7   355.3   380.4   407.7   442.2   495.4   619.7  1055.2  2673.4  53319.0    53127
read      413.0   631.5    80.4   135.4   151.8   278.3   353.2   402.3   442.8   497.9   592.7   917.0  3381.0  7743.9 11008.0  67160.0    67385
read      339.1   322.4    74.4   131.0   146.6   262.9   341.5   395.8   438.6   493.0   576.6   748.2  1382.4  4280.2  7714.6  80426.0    80362
read      378.3   426.3    74.4   141.0   160.0   284.7   355.2   402.1   440.2   492.5   580.9   811.1  2587.2  4985.3  7893.7 105130.0   105193
read      266.3   121.1    80.4   132.3   147.5   255.4   308.8   333.7   350.7   370.1   394.5   429.1   508.0  1505.1  3278.0  51129.0    50992
read      255.9   113.4    74.4   126.1   140.3   233.0   288.8   317.9   339.8   366.2   398.2   446.8   576.5  1050.6  2250.8  85177.0    85438
read      267.0    96.1    80.4   134.8   149.9   258.3   311.5   336.1   353.2   373.4   398.6   431.9   504.8   646.6  1018.6  50127.0    50475
read      259.4    70.3    93.8   158.1   174.4   260.5   287.8   301.9   312.0   322.7   338.8   364.3   430.7   601.1  2272.0  15894.0    15668
read      259.8   103.9    80.4   127.9   142.6   241.2   298.9   328.6   349.1   374.4   402.5   444.3   536.2   728.6  1199.5  66528.0    66984
read      264.2   100.3    80.4   131.4   146.6   251.4   308.4   335.5   354.0   374.8   400.7   435.7   510.0   685.9   937.1  57291.0    57056
read      266.7    94.0    80.4   135.1   150.3   261.8   312.3   335.6   351.2   369.8   393.7   426.5   491.3   592.2   904.8  45530.0    45383
read      238.2    92.3   101.3   156.2   169.4   231.3   257.4   271.5   281.5   292.4   307.7   332.4   392.1   769.9  4251.6   8949.0     9044
read      278.1   107.1    80.4   138.7   154.7   271.3   319.8   344.7   362.5   383.1   410.0   451.1   543.8   906.9  1888.5  39664.0    39958
read      297.6   213.3    80.4   128.7   143.3   255.0   321.1   362.1   394.5   431.8   479.3   565.6   901.2  2981.4  4797.4  67460.0    67432
read      278.1   127.9    93.8   151.0   167.4   272.6   309.9   328.8   342.1   358.7   378.7   410.1   538.2  1596.2  3643.5  23593.0    23503
read      298.5   258.1    80.4   129.1   144.1   247.2   309.9   346.8   377.0   411.7   462.2   576.8  1112.6  3826.5  6981.4  89819.0    89906
read      268.1   142.7    80.4   131.2   145.8   250.4   307.8   337.1   359.2   384.8   414.1   456.5   555.1   740.5  8879.6  61114.0    60865
read      247.6    71.3   101.3   163.0   176.9   244.5   269.6   283.1   292.7   304.1   317.2   339.9   399.0   650.2  2372.1  10206.0    10097
read      302.6   214.2    74.4   135.2   151.2   258.6   319.9   358.4   388.5   425.9   478.7   583.8   966.6  2758.5  4389.5 103359.0   104385
read      267.3    98.7    93.8   161.5   177.1   268.3   296.6   310.7   319.6   332.5   346.2   373.0   427.2   633.5  3967.5  16903.0    16694
read      279.3   162.9    86.8   133.3   148.6   248.8   305.9   338.0   363.0   392.9   431.4   501.0   749.9  1822.2  4635.8  96444.0    96807
read      273.2   107.9    93.8   155.9   172.1   273.6   306.7   322.2   333.9   345.6   365.7   394.4   456.8   779.1  4287.5  23490.0    23545
read      270.7   105.7    80.4   134.2   149.5   257.4   313.0   340.7   361.3   384.6   411.1   450.5   541.7   768.0  1917.9  53638.0    53603
read      259.2   114.8    80.4   127.7   141.9   236.7   293.5   323.1   344.9   371.3   402.7   451.7   577.8   912.7  2392.0  77426.0    77963
read      259.5   117.7    74.4   129.4   143.7   236.2   290.8   319.6   342.0   369.0   401.7   453.7   587.7  1208.7  2129.5  98618.0    99004
read      257.8   126.8    80.4   125.5   139.8   233.1   288.9   317.8   339.6   367.2   399.5   451.0   620.0  1486.9  2282.2  89103.0    89009
read      280.5   138.4    80.4   134.2   150.1   251.4   308.9   341.2   366.2   396.2   437.6   512.4   742.9  1309.2  2800.2 109499.0   109606
read      257.7   110.0    80.4   128.2   142.3   235.9   290.4   319.4   341.3   367.8   400.0   450.2   575.0   988.1  1778.6  94535.0    94996
read      270.8    79.6    86.8   148.9   165.8   272.3   308.0   325.8   338.7   354.0   373.1   401.5   465.4   569.4   687.0  26266.0    26308
read      255.7   103.7    80.4   126.2   140.4   236.8   292.5   320.8   342.3   367.6   397.7   443.2   540.8   713.2   869.3  76558.0    76851
read      265.3   111.4    80.4   131.2   146.0   243.1   298.7   328.9   351.3   377.8   411.3   465.1   616.0   889.8  1144.0 105245.0   105149
read      263.7    95.1    74.4   133.1   148.6   255.3   307.7   333.1   349.9   370.0   394.2   426.8   496.6   631.8  1301.1  51441.0    51656
read      247.2    64.9   101.3   155.4   171.1   245.0   273.4   287.8   297.0   309.3   322.4   345.3   407.6   617.2  1995.9  12712.0    12606
read      266.0   132.1    80.4   130.8   145.7   249.4   305.7   333.5   353.1   375.5   402.0   441.5   529.5  1772.7  3302.1  56485.0    56950
read      263.3   109.4    74.4   129.3   144.0   247.4   305.6   333.4   352.6   375.2   401.4   438.1   535.6   967.9  1718.9  58442.0    58457
read      255.0   103.3    80.4   125.7   139.8   235.8   292.2   320.5   341.8   367.6   398.1   440.5   534.5   731.7  1091.5  73278.0    73870
read      257.8   105.3    74.4   127.7   141.9   236.9   294.1   323.7   344.5   370.4   401.6   450.4   548.1   762.8  1316.7  77689.0    77558
read      269.1    73.7    93.8   158.2   175.2   271.4   301.0   315.5   326.0   338.9   355.8   382.1   434.0   615.6  2049.4  18453.0    18374
read      269.8   134.4    80.4   129.7   144.6   243.5   300.1   331.2   354.7   383.3   419.9   476.0   711.0  1381.2  2148.5  89430.0    90267
read      275.8    99.1    80.4   141.5   157.2   271.5   320.1   343.0   360.1   379.1   401.7   434.7   503.9   629.1  2082.3  41631.0    41486
read      276.0    92.7    80.4   145.6   162.1   275.3   316.8   337.4   351.9   369.6   391.8   424.4   496.8   632.1   964.5  34428.0    34820
read      274.9    86.2    93.8   153.2   170.4   276.0   310.1   327.4   339.4   353.9   372.2   400.5   471.9   799.3  2014.5  24437.0    24506
read      280.5   118.1    86.8   142.7   158.5   272.7   319.3   343.6   362.1   382.8   406.8   445.4   542.3  1308.4  2295.4  32817.0    32392
read      295.8   216.5    74.4   126.8   141.1   253.6   320.1   361.6   393.2   430.1   477.4   561.2   906.4  2743.0  5787.9  65141.0    65364
read      282.8   161.7    86.8   140.5   156.3   269.9   317.5   341.5   359.1   379.2   404.3   442.3   573.2  2450.0  3719.0  33655.0    33590
read      291.6   164.1    80.4   134.7   149.7   266.9   327.1   361.0   385.7   413.8   447.6   505.5   740.5  2082.2  3523.7  48821.0    48637
read      363.0   410.5    74.4   137.2   154.2   274.4   341.6   387.2   424.9   477.0   575.5   819.9  2003.8  5407.2  9279.3  99609.0    99481
read      260.5    70.6    80.4   159.8   175.9   261.2   290.0   304.2   313.6   324.2   339.4   363.4   419.1   629.3  2008.2  15693.0    15514
read      249.8    75.5   101.3   163.4   177.2   245.0   270.9   284.3   293.3   305.0   318.8   343.2   417.2  1500.2  1605.2   9747.0     9896
read      260.1   112.7    74.4   128.2   142.3   236.9   294.6   325.1   346.5   373.3   405.3   455.0   579.6  1060.5  1889.9  78177.0    78890
read      266.8    83.7    86.8   148.2   164.6   268.8   304.0   320.2   332.7   345.3   364.6   392.4   452.4   578.0  1940.3  26397.0    26427
read      254.3   111.1    74.4   125.9   140.2   232.0   287.8   317.0   338.0   363.6   395.3   441.9   562.4   899.0  1709.0  84520.0    84648
read      268.6   125.0    80.4   132.1   147.6   242.7   298.5   329.6   352.3   380.0   417.0   476.8   662.1  1081.6  2405.0 106143.0   105509
read      260.2    79.4    93.8   156.0   172.4   261.2   289.8   304.1   313.8   325.0   340.9   367.2   430.3   521.7  3817.9  16822.0    16789
read      253.3    85.0   101.3   157.2   172.3   252.0   279.1   292.6   302.3   313.7   328.5   353.0   419.7   673.5  3933.6  13723.0    13784
read      264.3   175.2   101.3   157.1   173.4   256.4   286.3   301.6   312.3   324.2   341.4   372.0   462.6  2714.0  7930.6  13834.0    13915
read      234.0    75.6   109.4   155.4   168.2   227.6   253.1   266.3   274.6   286.3   299.2   322.8   376.4  1230.1  3061.6   7124.0     7197
read      309.6   198.4    80.4   130.9   146.1   255.3   324.3   372.8   411.9   462.2   532.5   677.6  1026.3  1904.2  3047.1  84096.0    84754
read      281.2   160.6    80.4   130.6   145.7   245.2   303.4   336.4   362.3   394.2   437.7   534.7   922.7  1561.7  3014.6  93598.0    93616
read      266.5   106.2    80.4   136.6   151.3   260.9   311.0   333.9   349.0   367.7   390.8   423.8   498.1   646.0   795.8  45244.0    45232
read      252.9   107.4    74.4   125.5   139.8   231.4   286.9   315.1   335.4   360.1   392.1   439.8   552.7   989.8  1535.8  87095.0    86355
read      267.4    84.3    93.8   151.3   167.7   270.0   302.9   318.4   329.8   341.9   359.6   387.3   447.4   579.2  3075.0  23133.0    23239
read      273.6   102.5    74.4   136.7   151.7   262.3   318.0   345.3   364.8   386.4   412.3   451.8   535.1   679.3  1349.3  50780.0    51079
read      265.0   146.9    74.4   128.4   142.7   239.9   297.4   328.9   351.3   378.2   411.0   460.5   593.3  1271.7  3839.3  73110.0    72839
read      272.9   169.5    86.8   130.5   144.9   245.4   303.9   335.2   358.6   386.1   420.1   472.1   679.0  2192.6  5032.9  73044.0    73047
read      260.7    63.6    93.8   160.8   176.4   262.2   289.7   303.7   313.6   324.7   340.6   365.5   418.1   540.9   674.1  15107.0    15045
read      272.6   152.1    74.4   129.7   144.5   241.4   297.3   328.8   353.0   382.9   421.6   490.1   771.7  1831.4  2841.6 101794.0   102659
read      271.3   157.7    74.4   127.7   142.1   238.3   295.5   327.5   351.3   381.0   420.4   493.5   775.2  1983.0  2679.7 102262.0   102565
read      263.7   130.2    74.4   128.4   142.3   237.8   294.6   324.5   346.5   373.7   408.8   463.4   643.7  1478.2  2281.5  83578.0    83738
read      277.3    92.4    86.8   146.5   162.7   276.6   320.4   341.2   356.1   372.6   393.9   424.1   493.9   663.6  1374.6  35643.0    35346
read      267.9   103.4    80.4   133.6   148.3   253.6   310.3   338.6   359.0   382.7   411.0   449.2   533.8   710.6  1037.9  55334.0    55125
read      270.5   103.7    86.8   138.5   153.7   267.1   313.6   336.7   353.1   372.1   393.9   424.5   495.7   589.2   693.3  40291.0    40276
read      263.7   105.7    80.4   129.9   144.2   245.8   303.3   332.6   353.9   379.1   407.8   452.9   549.4   735.4  1467.1  62708.0    62712
read      260.6   113.2    80.4   127.7   142.1   238.5   296.4   326.4   347.7   373.8   406.5   455.9   564.5   862.3  2275.3  75710.0    75879
read      273.5    98.4    80.4   142.5   158.7   272.7   317.2   337.9   352.3   369.9   391.5   422.3   490.7   632.0  3049.7  37622.0    37820
read      267.5   100.6    80.4   133.7   149.1   257.4   313.5   339.4   357.7   378.0   400.4   434.2   505.9   642.8   863.6  51536.0    51426
read      269.2   108.8    80.4   139.5   155.0   266.3   310.4   331.0   344.7   362.9   384.8   417.0   493.3   731.7  3793.6  37653.0    37336
read      259.9   113.4    80.4   129.0   143.5   236.5   291.2   320.3   342.7   369.8   403.4   458.5   596.6   972.9  2063.6  98476.0    98811
read      267.6   138.0    74.4   130.3   145.2   240.2   296.1   327.2   350.0   377.5   413.4   470.6   674.1  1680.6  2954.2 102601.0   102611
read      273.7    84.2    86.8   148.8   164.7   277.3   314.7   332.4   344.0   359.4   376.8   403.5   461.1   567.1   693.4  30087.0    30209
read      264.7    73.9   101.3   153.9   171.0   265.7   296.3   312.2   322.7   336.2   352.7   382.9   448.1   576.0  1939.5  19359.0    19127
read      280.6   105.5    86.8   142.3   158.1   274.8   322.7   346.9   366.3   387.6   412.6   450.9   539.2   765.6  1924.9  34832.0    34838
read      254.2    73.0    80.4   157.8   173.1   250.8   279.2   293.8   304.4   315.8   332.2   360.1   445.8   829.3  1261.0  12369.0    12221
read      318.9   366.4    74.4   130.5   145.9   251.5   310.4   345.6   373.8   408.8   459.8   587.8  1957.0  4332.9  7687.3  92440.0    92770
read      294.5   198.1    80.4   134.9   150.4   255.8   316.3   352.1   379.6   413.0   460.0   548.6   892.4  2521.1  6068.7 100997.0   100281
read      273.3    83.3    86.8   151.0   167.1   275.0   312.2   330.2   342.2   357.4   374.7   403.7   463.8   697.7  1944.7  28309.0    28246
read      285.6   174.9    80.4   133.0   148.6   252.5   310.6   344.2   369.3   399.9   443.3   519.5   823.2  2252.6  3026.4  97192.0    97699
read      286.9   163.4    80.4   133.1   148.9   253.0   312.9   347.7   374.6   405.4   449.5   529.7   833.4  1839.8  2969.0  98588.0    99005
read      286.4   195.8    80.4   132.6   147.8   250.3   309.1   343.4   370.8   403.7   448.8   532.7   853.2  2170.5  4306.9 102214.0   102169
read      271.5   102.2    86.8   135.6   150.4   259.7   315.3   342.5   362.8   385.4   411.3   447.9   531.1   692.0  1185.1  51132.0    51450
read      270.1   125.3    93.8   160.0   176.3   268.6   298.0   313.0   322.9   336.7   353.2   379.8   442.2  1750.3  7099.4  17825.0    17676
read      238.6    84.3   109.4   160.5   173.8   232.4   258.1   270.3   279.2   290.6   304.6   325.0   386.9   682.0  4471.4   7895.0     7745
read      289.2   161.1    80.4   131.9   147.0   261.7   322.7   358.8   385.5   416.5   453.9   519.8   769.9  1734.3  3082.6  48740.0    48978
read      294.4   198.5    80.4   137.4   152.7   270.2   327.7   360.3   383.6   408.1   441.0   494.1   704.7  3146.6  4997.4  43858.0    43452
read      326.1   417.4    80.4   130.9   146.9   255.8   318.7   357.9   389.2   427.9   489.5   640.1  1533.6  6947.5 10176.2  91118.0    90767
read      266.5    97.8    80.4   134.0   149.5   259.0   311.1   335.3   351.9   372.0   395.3   429.4   505.7   678.7  1115.2  48322.0    48262
read      256.4   108.2    74.4   126.5   141.1   234.4   291.4   320.8   341.9   367.6   399.6   448.1   551.9   818.5  1637.5  83615.0    83478
read      258.0   108.5    80.4   127.6   141.4   235.9   293.4   323.9   346.1   372.5   403.1   449.2   558.2   836.3  1294.5  76801.0    76521
read      246.6    64.8    93.8   156.0   171.3   243.4   270.1   284.1   293.6   305.8   319.8   347.1   415.2   623.3  1372.5  11338.0    11107
read      258.2   104.8    74.4   127.7   142.1   238.4   296.8   326.3   347.4   372.8   401.6   445.7   535.8   688.6   941.6  70259.0    70605
read      268.1    79.0    86.8   148.6   164.6   271.1   305.9   322.1   334.1   346.2   365.1   393.8   463.5   580.2   767.8  26850.0    26675
read      261.9   100.9    80.4   129.8   145.5   251.2   304.9   330.3   347.3   368.6   394.2   431.1   512.5   653.6  1975.6  52178.0    52233
read      262.8    99.6    80.4   131.1   146.3   249.0   305.0   331.8   350.2   372.3   399.8   435.8   514.7   671.8   998.7  55365.0    55622
read      263.0   121.1    80.4   130.0   144.5   239.2   294.2   323.9   345.7   372.6   406.7   462.3   626.9  1155.9  1803.2  99623.0    99805
read      275.1   153.8    80.4   132.2   148.0   247.2   303.2   333.9   357.0   385.7   422.9   486.7   713.2  1822.6  4998.1 106895.0   107061
read      261.7   102.4    80.4   129.1   143.8   245.8   303.1   331.4   351.0   375.2   401.9   442.5   529.1   695.9  1085.6  61820.0    61661
read      255.6   103.7    80.4   126.6   140.8   237.0   295.0   322.7   342.3   365.7   394.9   435.8   529.9   694.9  1215.9  67113.0    67279
read      255.2   108.2    74.4   125.9   140.1   234.6   291.5   320.8   342.1   367.3   398.8   442.1   542.3   772.0  2088.3  76842.0    76808
read      240.1    58.8   101.3   160.9   173.9   237.5   262.0   274.5   283.7   293.1   306.9   327.9   384.2   633.6  1448.4   8795.0     8778
read      275.3   224.2    80.4   129.8   144.1   239.5   296.4   327.7   351.8   381.5   420.3   484.4   809.2  2660.8  8113.1  96910.0    97193
read      327.4   255.0    74.4   136.6   152.6   266.8   337.4   384.7   423.9   474.0   550.5   721.6  1098.9  2656.4  7136.3 107315.0   107071
read      242.7    61.3    93.8   157.4   172.2   241.0   266.5   278.9   288.9   299.7   314.0   334.9   381.9   644.9   872.1  10892.0    10948
read      272.0    82.1    93.8   148.3   164.6   273.0   310.6   329.6   342.7   359.6   379.6   406.2   470.9   600.6   709.8  28224.0    28130
read      271.2   109.4    80.4   135.0   150.7   259.9   313.7   340.7   359.8   381.7   409.6   447.1   532.5   738.7  2022.0  50983.0    51359
read      269.7   119.6    74.4   133.0   148.5   254.3   310.8   339.5   360.7   384.0   409.4   450.5   549.3   859.8  2341.1  55912.0    55853
read      269.0   133.7    80.4   130.8   145.3   242.1   298.5   330.0   353.4   381.7   417.9   476.1   695.8  1344.6  3523.1  90727.0    90627
read      285.1   158.7    80.4   134.0   149.9   253.4   312.4   345.2   370.4   400.2   441.9   515.4   803.1  1799.0  3021.4 101636.0   102228
read      295.6   174.8    80.4   136.9   153.0   260.6   320.2   355.7   382.9   416.0   461.6   545.8   845.8  2151.1  2989.8 104473.0   104734
read      288.6   200.9    80.4   132.6   148.9   254.0   311.5   344.4   370.4   401.1   444.4   524.9   794.6  3330.6  4183.9 105875.0   106083
read      257.7   115.8    80.4   127.7   142.2   233.6   288.7   318.1   339.8   366.5   400.6   456.0   604.9   941.4  1590.9  95196.0    95336
read      254.0   100.1    80.4   127.3   141.1   234.2   290.9   319.6   340.9   366.0   396.5   436.9   522.6   706.9   858.3  76515.0    76589
read      260.0   123.3    80.4   128.1   142.3   235.5   290.8   320.5   342.3   368.9   401.4   457.1   627.3  1151.4  2262.3 102894.0   103772
read      273.6   128.8    68.9   133.0   148.9   247.8   304.0   335.5   359.4   388.2   425.6   490.2   680.0  1157.8  2668.4 110000.0   109839
read      266.2    99.8    93.8   156.2   172.9   265.6   294.8   310.0   319.7   332.7   346.5   374.8   444.8   998.2  4800.9  17274.0    17359
read      273.9   118.2    80.4   146.6   163.4   273.7   312.0   330.3   342.2   357.8   376.3   405.1   478.4  1223.3  4259.4  31170.0    31011
read      262.7   115.6    74.4   129.5   144.4   243.8   301.3   331.2   353.0   377.3   404.6   446.7   538.2   790.4  3867.7  67332.0    67619
read      260.1    67.0    93.8   156.9   173.3   261.8   289.9   304.3   314.5   326.3   341.2   366.6   426.6   585.7  1348.2  17406.0    17471
read      266.4    83.9    80.4   151.2   167.6   269.5   302.3   317.3   328.4   340.7   357.5   383.8   440.4   590.4  2489.0  24039.0    24062
read      282.6   116.2    93.8   151.4   167.9   276.2   314.3   334.8   349.1   369.6   393.0   429.6   582.4  1445.6  2718.2  23183.0    23520
read      281.1   193.3    80.4   126.1   140.8   251.8   313.6   347.0   372.6   399.6   433.1   487.8   643.7  2970.5  3949.9  56318.0    56489
read      291.1   298.2    80.4   124.7   139.1   248.3   312.1   349.8   379.4   410.8   449.9   508.6   747.6  4461.6  8496.0  69713.0    69348
read      365.6   392.5    74.4   137.2   154.5   278.2   349.3   398.6   437.3   494.8   593.7   805.1  1949.8  4784.6  8077.3 109252.0   108974
read      265.2   120.1    80.4   128.7   143.0   241.4   297.7   328.2   350.6   377.9   415.3   468.6   648.3  1135.3  1692.0  79353.0    79285
read      268.6   106.9    80.4   133.0   147.8   255.0   312.0   339.7   359.1   381.3   408.6   446.9   531.3   748.3  2594.7  54371.0    54257
read      271.1    95.7    80.4   139.7   155.2   267.8   315.0   337.5   352.8   369.8   392.4   424.9   493.3   686.5  1693.7  40316.0    40106
read      276.3    88.2    86.8   149.9   165.6   277.7   317.4   336.7   349.7   366.5   386.8   416.2   478.2   619.1  1070.0  31202.0    31207
read      266.5   133.1    80.4   128.4   142.7   238.9   295.1   325.7   348.6   376.9   413.0   468.1   742.2  1380.8  1710.2  94582.0    94507
read      221.5    70.8   101.3   153.0   164.5   215.3   236.8   248.8   256.8   267.2   279.6   300.3   369.1   648.9  3098.0   5605.0     5506
read      256.7    76.8    86.8   158.6   174.8   255.8   283.3   296.6   307.6   319.0   335.8   361.4   421.2   734.0  1865.7  14348.0    14400
read      470.3   628.6    80.4   139.4   157.4   296.0   384.4   448.5   502.6   593.2   784.4  1616.2  3382.5  7325.2  8092.9  79098.0    78967
read      349.3   318.6    74.4   134.3   150.2   269.2   341.6   394.5   440.5   503.8   599.8   809.0  1711.6  3110.2  7838.7  69811.0    69388
read      288.4   115.5    86.8   144.2   160.0   277.2   328.3   356.0   377.3   399.8   428.8   472.7   598.3  1085.5  1707.4  35015.0    35215
read      299.1   248.9    74.4   129.4   144.3   260.4   326.6   366.4   394.2   426.7   468.1   544.1   855.7  2924.8  7966.5  58676.0    58494
read      297.3   250.0    80.4   128.3   142.6   254.8   320.4   360.5   390.8   425.2   468.2   548.2   863.3  3558.9  7503.7  65828.0    65990
read      280.0   132.2    80.4   132.7   148.1   263.4   319.4   349.9   373.1   399.0   430.2   477.6   605.9  1272.4  3636.3  43935.0    44222
read      264.3    78.6    93.8   150.9   166.4   263.3   296.5   313.3   324.8   339.6   359.4   391.6   465.7   814.0  1160.1  19360.0    19337
read      337.9   422.9    74.4   130.6   146.4   253.7   312.9   351.0   382.0   424.3   496.2   701.0  2583.4  4359.2  9955.5  98351.0    98916
read      254.2   108.3    80.4   125.7   139.9   232.2   288.7   317.6   339.4   365.5   396.7   442.1   550.0   917.2  1876.0  87136.0    87381
read      267.7    94.0    80.4   137.4   152.7   265.0   311.5   332.9   346.7   365.6   388.0   420.3   493.4   637.9  2033.1  40486.0    40281
read      269.5    90.4    80.4   140.9   156.7   268.0   312.7   333.3   346.8   365.1   386.5   417.2   482.0   669.5  1893.2  38074.0    37810
read      255.5   106.0    68.9   127.2   141.1   234.1   289.0   317.8   339.4   366.2   398.1   447.1   561.8   847.5  1126.4  88197.0    88453
read      260.1   119.6    74.4   128.3   142.7   236.2   291.0   320.1   341.4   367.5   400.5   456.4   625.5  1216.8  2129.3 101636.0   101489
read      257.3   102.4    74.4   127.0   141.2   242.2   298.3   324.9   343.3   366.7   394.9   433.2   508.3   686.6  1058.6  60512.0    60562
read      260.3   131.8    74.4   127.1   141.4   237.3   295.0   324.3   344.8   371.2   402.2   449.9   565.6  1649.9  2988.8  74490.0    74653
read      243.0    65.5    86.8   154.9   170.2   240.2   267.3   280.5   290.3   301.4   315.7   339.1   397.0   609.3  2009.2  11832.0    11749
read      264.7    98.6    80.4   132.9   148.4   256.4   308.2   332.8   349.2   370.1   395.4   430.2   501.1   608.6  1641.2  48119.0    48618
read      257.4   110.7    74.4   127.9   142.1   235.2   289.5   318.6   340.0   366.4   400.1   453.6   583.7   917.1  1449.7  95557.0    95605
read      257.1   108.9    74.4   127.9   142.1   234.5   290.3   319.2   340.6   366.7   398.9   449.3   581.8   903.4  1363.6  93191.0    92625
read      255.0   107.3    68.9   125.1   139.4   233.4   289.5   318.9   340.8   368.6   399.3   446.3   565.4   813.0  1123.6  82112.0    82221
read      264.5    98.8    80.4   133.9   149.0   256.3   306.9   331.0   347.1   369.1   393.8   427.7   501.9   633.0  2836.4  47055.0    46975
read      257.5   136.9    74.4   127.5   141.3   234.0   289.3   318.7   340.8   367.3   399.0   451.5   591.2   880.6  1945.3  96064.0    96256
read      263.9   120.9    80.4   130.3   144.7   239.0   295.1   325.2   347.5   374.5   409.2   466.3   633.1  1038.0  1998.9 102510.0   102722
read      268.4   132.1    74.4   129.9   145.2   241.6   296.9   328.7   352.4   381.6   419.7   484.7   674.5  1207.3  2734.8 110064.0   109956
read      255.9   119.6    74.4   126.2   140.2   232.2   287.8   316.8   338.0   363.2   395.8   445.8   601.4  1144.5  2894.0  93480.0    93397
read      268.4    97.3    80.4   140.9   156.6   267.2   310.9   331.1   344.7   361.6   381.5   411.1   472.2   632.6  3794.3  36774.0    36796
read      264.4   106.0    80.4   130.1   144.9   248.0   304.9   333.5   353.9   378.4   408.2   450.5   541.6   745.7  1816.1  60008.0    60338
read      263.8   142.7    74.4   126.0   140.3   235.7   292.1   321.7   343.8   372.0   407.0   465.3   716.7  1866.6  2885.6  88330.0    88191
read      230.6    60.9   101.3   154.4   167.7   225.3   249.7   262.9   271.8   282.9   295.6   318.0   387.3   637.5  2607.4   7973.0     7900
read      275.6    96.6    86.8   151.4   167.8   277.4   313.3   331.0   342.9   358.1   375.2   404.6   467.1   690.2  2733.6  26443.0    26617
read      288.3   146.3    86.8   150.1   166.9   278.8   320.0   342.5   359.4   378.6   404.0   443.6   578.8  2128.7  3216.3  25308.0    25396
read      321.4   341.0    74.4   130.3   145.9   254.2   315.8   353.4   383.0   423.5   481.3   638.3  1914.8  3883.3  7658.3  87733.0    87872
read      260.8   159.1    68.9   123.7   138.4   229.4   283.6   313.1   335.2   362.5   398.9   461.1   792.2  1985.4  3017.9 105797.0   105715
read      296.9   192.7    80.4   133.0   149.1   257.4   317.7   354.2   383.1   418.9   469.2   575.0   906.6  2370.7  3637.0 109054.0   108698
read      269.6   111.7    74.4   133.4   148.1   254.9   310.9   338.6   359.5   383.9   412.6   455.6   544.4   772.0  1917.4  55829.0    55441
read      278.5   210.6    74.4   130.0   145.1   243.4   299.1   330.4   354.5   384.6   423.4   493.7   810.3  2755.5  7481.4 104909.0   105384
read      264.9   121.5    74.4   130.5   145.7   241.2   295.5   325.7   347.6   375.0   410.2   465.5   627.7  1010.7  1925.6 106841.0   106644
read      254.2   106.9    80.4   126.3   140.4   232.2   287.8   316.9   338.1   364.3   397.7   443.9   549.6   870.2  1557.8  84548.0    84799
read      250.4    62.8    93.8   156.0   172.2   248.9   276.6   290.6   300.0   311.8   325.9   350.0   423.4   605.4   919.1  13476.0    13372
read      266.6    75.3    80.4   150.1   165.8   270.6   303.8   319.1   330.6   342.8   360.2   386.9   455.6   565.4   904.4  25584.0    25818
read      281.4   121.6    80.4   135.2   151.1   267.9   322.0   350.3   372.8   397.4   427.6   473.9   596.2  1081.9  2369.3  42949.0    43197
read      263.2    76.0    86.8   155.3   171.6   262.3   292.7   308.7   319.2   333.8   351.3   381.2   450.5   691.4  1048.3  16396.0    16342
read      280.7   141.8    74.4   127.3   141.6   253.7   316.1   352.6   382.2   413.6   454.4   515.9   681.6  1477.8  2469.2  60486.0    60414
read      308.9   327.4    74.4   130.2   146.2   249.3   306.1   339.3   366.0   398.5   447.1   550.4  1782.3  3627.7  7854.7 104918.0   105092
read      267.3    87.1    80.4   144.3   160.9   268.5   306.7   324.4   337.3   351.8   370.6   398.3   456.5   570.8  2673.1  29085.0    29202
read      221.6    81.1   101.3   151.2   162.5   213.2   236.1   248.7   257.1   268.0   281.8   306.3   369.9  1160.6  3353.3   5317.0     5224
read      283.4   176.7    80.4   130.8   146.1   248.8   307.9   341.4   367.1   398.4   442.4   529.9   805.4  2053.3  4578.4 103674.0   104734
read      304.2   219.2    80.4   133.6   150.3   261.0   323.0   361.7   392.0   430.0   486.7   601.6   922.4  3000.7  7562.3 106106.0   106273
read      267.9    98.1    80.4   135.8   150.7   260.7   311.5   336.1   353.0   372.0   397.2   431.4   506.1   692.1  1062.2  44686.0    44596
read      314.7   205.6    74.4   138.4   155.1   271.3   338.3   379.4   410.2   450.2   507.2   623.7   914.4  2784.5  4992.3 108793.0   108135
read      276.3   111.1    74.4   142.4   158.2   271.1   320.0   343.1   360.2   379.2   402.1   433.8   504.5   679.5  4207.9  41631.0    41488
read      266.1   115.1    80.4   129.5   143.9   244.5   301.7   332.7   355.8   383.4   416.1   462.9   593.9  1047.7  1468.7  67914.0    68048
read      279.4   181.8    74.4   129.5   144.8   245.5   303.3   336.9   363.9   395.4   435.7   509.0   767.5  2029.5  6603.4 100733.0   101205
read      268.5    75.8    93.8   154.8   171.2   270.2   302.1   318.0   329.8   342.5   361.7   389.8   442.2   649.6  1082.2  22239.0    22018
read      262.9    85.0   101.3   162.8   179.2   263.0   290.2   304.1   313.8   325.0   341.6   368.2   419.8   653.5  2123.7  14666.0    14763
read      267.1   155.4    80.4   127.4   141.7   238.2   295.5   326.1   348.5   377.0   411.9   466.4   714.1  2069.2  3950.8  80024.0    80132
read      232.7    85.3   101.3   155.2   167.6   226.1   250.0   262.9   271.9   283.7   297.4   322.2   395.5   641.0  3948.1   8191.0     8180
read      261.2    72.8    93.8   151.7   167.7   262.8   293.5   308.7   318.6   331.8   346.1   373.5   434.1   609.4  1099.3  20571.0    20631
read      276.8   137.0    80.4   132.7   148.8   249.2   305.6   337.7   362.5   391.9   431.4   501.6   706.7  1620.5  2176.9 109521.0   109472
read      271.1   107.4    80.4   137.1   152.4   264.4   315.1   339.0   355.8   374.4   398.7   433.0   508.0   666.1  4092.7  46768.0    46664
read      232.3    78.2   101.3   158.2   171.1   225.3   249.7   262.6   271.3   282.5   295.9   319.9   375.9   669.4  3592.8   6346.0     6150
read      262.4   104.7    80.4   156.2   173.2   260.5   289.8   304.5   314.5   326.3   341.6   368.0   428.7  1631.3  3615.9  16554.0    16610
read      285.4   122.6    80.4   137.4   153.1   269.6   325.1   356.2   379.0   405.9   437.7   487.8   616.3  1058.3  1847.0  42788.0    42753
read      241.5    80.3    93.8   155.1   169.0   234.0   261.7   275.9   287.2   299.0   314.9   341.1   417.8  1302.4  2013.1   9449.0     9304
read      237.7   102.9   101.3   155.6   168.1   230.2   256.3   270.5   280.8   292.8   308.7   332.9   400.8   900.4  6532.7   8616.0     8734
read      274.2   165.4    74.4   129.0   143.5   239.6   296.8   330.9   356.8   388.8   430.2   506.4   837.1  1386.0  6068.6  89204.0    89512
read      258.7    98.3    80.4   128.4   142.7   244.8   300.9   327.9   346.5   369.8   396.4   432.2   506.2   642.4   927.9  58889.0    58784
read      259.8   123.5    74.4   127.7   142.3   235.3   290.4   319.3   341.2   367.6   401.0   456.2   632.2  1222.9  2478.0 103923.0   104359
read      236.4    59.5   101.3   157.8   170.6   232.2   257.3   270.0   279.1   290.6   304.8   325.2   374.8   634.7  2399.0   8775.0     8750
read      275.1    87.4    86.8   146.9   163.8   275.9   315.5   335.0   347.9   365.0   386.1   417.7   481.4   587.0  1784.6  31759.0    31858
read      277.1    95.1    93.8   153.6   170.1   273.0   309.5   329.1   343.4   362.4   386.2   423.6   511.7   969.0  2464.8  20625.0    20648
read      341.9   376.0    80.4   132.8   149.4   262.0   327.3   370.6   404.3   449.9   524.3   742.1  1883.4  4949.4  7881.5  91188.0    91120
read      264.5   147.4    80.4   127.2   141.7   237.9   293.6   324.0   346.3   374.4   409.2   463.1   668.6  1574.1  4521.7  91721.0    91975
read      263.9   123.7    74.4   127.9   141.9   239.7   296.8   327.6   349.7   376.3   410.7   463.6   634.0  1251.2  1753.7  79464.0    79487
read      268.4   144.8    74.4   128.0   142.2   239.1   295.2   326.9   349.6   378.4   416.3   476.7   749.2  1665.4  3259.6  93624.0    93804
read      270.3   118.4    80.4   134.8   150.4   258.3   310.5   336.7   355.2   376.3   403.8   443.3   538.7   870.2  2730.5  47789.0    47660
read      266.3   101.7    80.4   132.0   146.9   253.9   309.2   336.3   355.6   378.3   404.4   442.9   519.5   688.2   916.2  53398.0    53383
read      265.2   108.3    80.4   130.1   144.4   247.1   304.6   334.0   355.5   380.7   411.1   458.2   558.8   797.4  1216.6  61131.0    60697
read      262.8    71.0    93.8   152.4   168.7   263.8   294.8   310.8   321.0   335.1   351.5   381.3   440.3   550.7   680.6  19973.0    19954
read      258.1   110.9    74.4   125.4   140.0   235.1   292.9   322.6   344.1   371.8   404.6   454.6   588.1   917.2  1472.6  76644.0    76807
read      260.8   121.9    74.4   126.6   141.2   234.8   290.3   320.7   344.5   372.9   408.1   467.2   651.8  1058.3  1703.6 102812.0   102724
read      265.8    88.5    80.4   138.5   154.3   264.5   307.4   327.2   340.8   358.0   379.1   407.3   483.5   636.8   758.6  36775.0    36517
read      254.3   115.4    74.4   125.0   139.4   231.7   287.2   316.5   338.0   364.0   396.6   448.5   579.2   857.1  1280.0  90376.0    90439
read      257.3   111.2    74.4   127.4   141.5   234.4   289.6   319.2   341.4   368.5   401.4   454.3   578.8   898.1  1576.4  93527.0    92826
read      271.0   146.0    80.4   129.4   144.7   242.7   297.4   328.4   351.9   380.9   419.3   483.1   733.1  1697.1  3217.8  99597.0    99778
read      257.9   118.0    74.4   125.8   140.1   234.6   290.1   319.5   340.7   367.1   399.4   452.4   609.6  1135.4  1845.5  87664.0    87276
read      264.3   114.7    80.4   129.2   143.6   244.4   302.8   333.0   354.7   380.5   412.2   456.2   546.8   838.1  2782.5  67421.0    67275
read      239.1    62.4   101.3   154.5   168.6   234.5   260.6   273.7   283.9   294.7   310.8   336.3   401.9   628.2  1384.1  10205.0    10087
read      268.6    94.1    86.8   137.6   153.5   264.3   311.1   333.7   348.9   368.1   392.4   428.2   500.2   628.5   805.5  41690.0    41900
read      264.0   103.8    74.4   129.7   144.5   250.0   306.6   334.2   354.0   377.4   404.1   443.5   528.9   735.4  1440.9  60269.0    60263
read      255.2   104.8    74.4   125.8   140.2   235.0   290.9   319.7   341.3   367.6   399.0   443.7   539.8   753.1  1009.9  79543.0    79470
read      269.5    85.3    80.4   153.9   171.5   270.9   303.4   318.5   330.4   343.2   361.9   389.5   447.1   617.8  3204.9  21137.0    20947
read      260.2   115.6    80.4   126.9   141.1   236.9   293.8   323.9   345.4   372.5   404.8   458.4   620.2   994.3  1286.5  78856.0    79025
read      260.7   137.4    74.4   125.5   139.7   233.9   289.8   319.9   342.7   370.5   404.2   459.1   667.8  1462.7  2746.0  93204.0    93419
read      265.8   129.9    80.4   128.8   142.9   239.1   295.9   327.2   350.0   379.4   416.2   472.6   700.8  1141.7  1956.3  86670.0    86804
read      249.0    71.5   101.3   160.8   175.5   246.9   272.3   286.2   295.4   307.0   319.3   341.1   392.5   669.4  2553.1  11341.0    11405
read      277.8   103.9    86.8   146.9   163.2   277.8   320.0   340.6   355.3   371.8   393.6   425.6   485.6   595.4  3141.9  33769.0    33882
read      237.8    71.0   101.3   155.6   168.6   230.3   256.5   270.0   279.8   291.9   308.7   336.6   426.2   758.8  1971.4   8671.0     8430
read      231.5    80.1   109.4   152.2   164.5   224.0   249.7   263.1   271.9   283.5   296.8   322.6   388.4  1386.6  3041.0   7986.0     7942
read      339.9   363.5    80.4   135.6   152.2   265.8   331.4   372.9   405.3   449.9   523.7   710.6  1667.7  5438.7  7770.5 103963.0   105057
read      264.2   125.9    80.4   128.2   142.4   239.1   296.6   327.5   349.5   376.6   410.2   463.9   651.0  1304.4  1806.7  82702.0    82445
read      269.5    91.3    86.8   139.3   154.8   266.7   313.6   336.0   351.2   369.2   391.5   423.1   490.1   591.8  1017.7  40330.0    40392
read      258.1    94.6    86.8   156.1   172.6   258.0   286.1   299.5   309.7   319.9   337.0   363.4   421.3   761.1  2703.4  16594.0    16556
read      267.2   157.6    74.4   128.2   142.7   239.4   294.7   324.5   345.9   373.0   406.8   465.2   699.1  2122.4  3108.4  91711.0    91947
read      271.4    94.5    80.4   145.8   162.5   272.0   309.1   327.5   340.9   357.8   378.5   408.5   470.5   617.3  3782.7  28737.0    28551
read      260.0   140.4    80.4   126.9   141.2   238.1   294.6   323.9   345.4   370.8   402.4   449.0   563.6   979.8  5171.0  77955.0    78108
read      261.0    79.2    93.8   153.8   170.5   262.9   291.8   306.5   316.4   329.0   344.3   371.6   428.5   600.0  2482.9  18727.0    18719
read      251.9    78.1    86.8   157.4   172.9   250.3   278.2   292.0   302.0   314.0   329.0   350.4   402.6   633.7  3154.7  13234.0    13168
read      285.6   134.7    80.4   134.2   149.7   267.0   326.0   359.2   383.5   410.7   444.4   497.1   630.4  1090.2  5146.4  47891.0    48375
read      302.8   207.6    74.4   131.4   146.8   251.6   314.6   355.1   388.2   429.3   491.3   636.5  1124.2  2317.9  3347.8  98472.0    98215
read      263.2   107.4    80.4   129.4   144.2   246.6   304.0   333.2   353.8   378.3   406.4   450.2   531.2   671.4  1359.3  62621.0    62057
read      260.2   118.2    74.4   127.5   141.6   235.6   291.4   321.4   344.2   372.0   404.5   458.4   623.8  1137.7  1811.9  94841.0    94693
read      257.8   123.9    74.4   127.2   141.0   233.0   289.3   319.3   342.0   369.1   400.8   449.4   582.9  1321.9  3277.4  92507.0    92475
read      258.0   110.9    80.4   127.4   141.2   235.5   292.3   321.4   343.1   370.2   402.5   451.1   579.4   870.6  1658.8  83527.0    83505
read      256.3   111.4    74.4   128.2   142.4   232.7   287.2   316.7   339.0   366.1   399.2   451.3   588.7   859.7  1986.6 109993.0   109987
read      265.1   163.3    80.4   127.9   142.2   236.2   292.0   322.2   344.5   371.9   407.8   463.9   656.2  2347.2  4322.5  93787.0    93810
read      261.5   103.8    80.4   130.6   145.6   248.8   305.2   331.5   349.0   370.3   395.7   430.7   498.3   608.5  1540.0  56424.0    56123
read      268.8    77.0    93.8   155.2   172.2   271.2   302.3   317.5   329.0   341.7   360.0   388.3   441.0   540.0   692.9  20397.0    20359
read      267.7   107.5    74.4   132.7   147.3   254.6   309.1   337.5   358.6   382.5   409.1   448.9   534.0   681.5  2005.6  54143.0    54191
read      272.2   147.6    74.4   129.3   144.1   242.7   298.9   331.3   355.5   384.6   423.1   488.1   736.0  1836.9  2937.5  97428.0    97761
read      287.1   159.8    80.4   132.9   148.9   254.2   314.2   348.3   374.5   404.7   449.4   533.6   812.0  1829.5  2747.4 101544.0   101798
read      244.7    93.7    93.8   155.1   169.6   241.2   267.4   280.8   290.2   300.7   315.1   337.8   394.3   957.5  3899.1  11440.0    11665
read      269.5   145.4    80.4   129.4   144.4   240.1   296.7   328.3   352.4   381.0   417.2   476.8   728.9  1725.0  3135.1  92950.0    93664
read      232.6    99.7   101.3   155.1   168.0   225.2   249.5   262.8   271.6   282.7   295.3   317.9   387.3   962.7  6102.7   7490.0     7403
read      264.6   132.4    80.4   128.8   143.3   241.2   298.5   329.1   351.8   379.9   413.3   463.7   593.4  1063.1  3419.6  72751.0    73227
read      269.9   177.2    74.4   127.9   142.1   238.5   294.4   325.4   348.7   378.3   415.9   474.2   731.8  2673.4  4049.4  91039.0    91119
read      261.0   115.4    80.4   126.9   140.9   237.7   294.2   325.3   348.2   377.2   411.3   461.1   595.9   959.8  1597.1  76597.0    76654
read      268.8   103.7    80.4   133.5   148.9   256.6   313.3   340.0   359.5   381.7   406.9   442.9   516.9   689.2  1310.9  52017.0    52293
read      261.1    70.2    86.8   160.8   176.3   261.3   289.2   303.3   313.4   324.9   340.6   367.8   425.1   615.8  2116.9  15085.0    15050
read      257.8   116.7    74.4   126.0   140.2   233.8   289.3   318.8   340.6   367.3   402.2   457.0   623.6  1052.5  1850.3  87868.0    88148
read      251.5    69.1    80.4   155.9   173.4   250.7   277.7   291.7   301.4   312.7   326.6   349.6   404.9   532.8  1985.0  13433.0    13524
read      265.4   115.6    80.4   130.9   145.7   251.5   306.6   333.0   351.3   372.2   400.3   437.6   530.6   968.9  2829.0  54314.0    54805
read      253.3    75.5    80.4   155.1   171.4   252.5   280.9   294.9   304.9   315.4   330.0   353.8   420.4   623.0  3115.6  14603.0    14412
read      257.3   104.0    80.4   126.0   140.6   238.7   295.1   324.1   345.5   370.7   400.7   446.0   539.1   722.9  1132.5  69064.0    68941
read      257.4   117.6    80.4   125.8   140.5   233.5   288.9   318.4   340.6   368.6   402.1   455.7   593.8   978.4  1661.1  89748.0    89820
read      257.2   139.4    74.4   125.7   140.0   232.4   287.5   316.8   338.9   366.4   399.2   450.5   613.3  1283.0  5524.5  91085.0    91153
read      266.5    89.1    93.8   149.0   165.1   267.7   302.6   318.9   330.5   342.5   361.1   389.9   453.5   612.8  3656.0  24083.0    24369
read      267.2    92.4    74.4   136.9   151.9   262.8   311.5   334.3   349.4   368.4   391.3   423.8   488.4   584.4   737.8  42079.0    42486
read      284.0    94.7    86.8   148.7   165.5   280.8   321.7   343.4   361.5   382.2   405.6   444.8   537.8   760.5   916.0  27493.0    27648
read      280.2   136.0    86.8   141.1   156.9   269.9   317.2   341.3   360.0   381.5   404.7   446.0   558.4  1716.4  3188.0  31843.0    31851
read      366.7   444.1    80.4   137.2   154.4   276.5   345.5   389.8   423.9   469.6   555.0   778.6  2345.1  5015.8 11511.9 100577.0   100322
read      268.5   151.7    80.4   128.5   142.7   239.1   295.3   326.3   349.2   378.9   417.2   476.5   724.5  1819.6  3375.2  93630.0    94014
read      258.0    87.0    86.8   154.0   169.6   256.7   286.3   301.3   312.7   325.4   342.0   370.3   430.4   748.4  3900.2  17045.0    16913
read      226.2    84.1   109.4   153.7   165.4   218.3   241.8   254.3   263.9   273.6   288.1   310.4   372.9   690.1  3888.7   6066.0     5947
read      275.0   137.4    80.4   131.1   145.8   246.4   304.8   337.8   363.6   394.3   433.8   499.3   702.0  1366.4  2304.3  76246.0    77583
read      234.8   210.1   109.4   156.1   167.7   222.3   246.1   258.3   267.3   276.8   290.7   312.6   388.1  2301.8 10009.2   6420.0     6265
read      267.0   106.3    80.4   131.9   146.8   250.0   307.6   336.5   357.3   381.5   411.6   454.8   543.8   758.2  1503.0  58523.0    58967
read      273.7    95.6    74.4   139.6   155.5   268.6   316.7   340.2   357.5   377.4   401.4   436.3   508.3   641.5  1099.3  40424.0    40532
read      267.3   108.6    74.4   132.1   146.7   252.1   308.6   337.2   358.2   382.6   411.6   451.6   540.5   779.7  1914.8  56174.0    56191
read      274.4   149.6    74.4   131.3   146.6   245.9   301.6   332.5   356.0   385.0   422.1   485.8   738.5  1796.7  2662.3 102971.0   103011
read      272.2    79.9    86.8   152.9   169.9   274.7   308.5   324.7   336.6   349.5   369.0   397.1   456.5   586.4  1972.1  24292.0    24501
read      265.5   127.0    80.4   131.0   146.1   251.0   307.0   334.7   354.6   377.6   403.0   439.0   519.5   719.3  3996.2  57498.0    57444
read      262.5   105.6    80.4   130.0   145.1   247.7   303.3   330.9   349.4   373.1   400.1   437.6   529.4   758.3  1143.8  60298.0    60289
read      262.9   118.9    74.4   128.4   143.3   238.9   294.3   324.1   346.4   373.5   408.7   464.6   630.5  1052.7  2155.4 103605.0   103880
read      271.2    92.0    80.4   143.7   160.7   270.2   310.7   330.5   344.1   361.5   382.5   414.2   479.3   643.5  2518.2  32534.0    32464
read      246.3   114.0   101.3   162.8   175.5   240.6   266.8   280.4   289.9   300.5   315.5   340.8   408.2   640.5  7578.4   9301.0     9285
read      271.3   149.9    74.4   131.0   146.0   243.8   299.5   331.0   354.6   383.9   422.5   486.0   690.0  1152.7  5443.1 108762.0   109877
read      270.5    74.0    86.8   155.0   171.4   273.7   305.8   320.5   332.6   344.9   363.5   390.7   442.2   585.8  1008.4  22784.0    22850
read      274.8    92.9    80.4   141.9   158.2   271.9   317.4   338.9   354.4   372.8   396.7   430.1   502.2   609.1  1448.5  37555.0    37879
read      260.4   113.2    80.4   128.9   143.3   237.5   293.5   323.4   345.3   374.0   405.9   456.3   586.9   918.4  1555.0  90330.0    90611
read      272.5   108.0    74.4   140.1   156.5   268.2   315.5   337.9   353.7   372.5   394.2   427.4   500.1   628.6  4167.2  42384.0    42389
read      258.1   123.1    74.4   127.9   142.1   234.7   289.8   319.3   340.7   367.5   399.3   449.6   574.6  1096.0  3067.1  89649.0    89747
read      270.8    74.6    93.8   162.2   178.2   272.6   302.1   316.3   327.0   339.8   356.8   383.7   444.7   634.4  1149.0  18976.0    18888
read      274.6    78.9    93.8   163.6   181.3   276.2   306.5   320.7   332.3   344.0   362.2   388.9   436.6   616.4  2808.4  18315.0    18342
read      264.1   112.8    74.4   129.0   143.1   242.6   300.3   331.2   354.7   382.6   415.8   464.1   573.3   835.5  1744.2  71242.0    71509
read      280.6   220.1    74.4   129.1   143.8   243.4   299.7   331.5   355.7   386.1   424.7   496.0   944.6  2949.6  7678.5  94039.0    93765
read      274.0    90.6    86.8   143.6   160.1   274.2   317.1   337.8   352.2   369.5   390.7   420.9   484.1   606.6  1163.4  35696.0    35150
read      251.8    64.4   101.3   162.6   177.8   250.1   275.8   289.4   298.2   310.6   324.1   345.3   396.4   645.2  1723.5  11761.0    11581
read      271.5   107.0    80.4   135.1   150.2   259.7   315.7   343.2   363.3   385.1   409.7   448.4   531.1   690.9  1015.9  51199.0    51412
read      234.5    62.6   101.3   157.9   170.5   228.3   253.6   267.0   275.5   287.3   300.3   320.0   390.5   691.9  1910.5   8374.0     8462
read      280.8   122.2    80.4   151.1   167.9   278.9   317.5   336.8   350.1   366.8   387.9   419.7   491.7  1360.8  4121.0  28484.0    28740
read      256.8   108.1   101.3   160.2   174.6   248.3   276.7   292.0   302.9   315.6   333.7   364.3   483.7  1702.9  3139.0  11670.0    11652
read      358.5   420.5    74.4   133.1   149.8   265.7   329.3   369.7   402.7   449.8   532.3   833.8  2188.3  4673.4  7975.8  99598.0    99757
read      273.9   107.7    80.4   142.5   159.2   271.1   313.5   333.8   347.2   365.0   387.0   420.8   503.3  1383.0  2875.6  35284.0    35286
read      251.8   105.6    80.4   124.7   139.0   230.5   285.3   314.4   335.8   361.6   394.0   439.4   543.8   826.1  1371.9  88139.0    87947
read      238.8    95.4    86.8   155.8   169.6   233.6   259.4   272.0   281.5   292.3   307.0   329.8   388.8   844.6  5553.2   9689.0     9792
read      252.0    67.1    93.8   156.7   172.2   252.0   280.1   293.5   303.2   314.1   327.7   346.5   408.3   508.4  2141.6  13569.0    13638
read      258.1   109.1    74.4   127.0   141.0   236.2   293.3   323.0   344.3   371.3   403.3   451.0   563.0   913.8  1675.0  75040.0    75307
read      259.2   121.8    80.4   127.6   141.8   234.5   289.8   318.9   340.7   368.1   400.9   455.8   629.9  1236.0  2590.7  91493.0    91207
read      260.0   110.5    74.4   128.2   142.3   237.7   294.4   324.6   346.4   373.8   406.5   455.0   578.6   971.9  1384.0  82191.0    81855
read      257.7   114.2    74.4   126.9   141.4   233.1   289.2   318.7   341.3   368.9   401.7   455.2   618.0   952.2  1456.8  99994.0   100069
read      270.9    84.9    86.8   145.4   161.9   272.5   312.7   331.8   344.3   360.3   378.7   404.6   467.6   585.1  1091.1  32286.0    31951
read      259.9   120.0    74.4   128.0   142.1   235.4   289.7   319.3   341.6   369.5   403.8   461.1   643.3   962.3  3111.7 105031.0   104976
read      256.5   111.3    74.4   126.4   140.7   233.9   289.6   319.2   340.8   367.1   399.3   449.4   581.2   939.8  1532.8  87021.0    87502
read      257.4   114.2    74.4   126.3   141.1   235.2   291.3   320.8   342.4   369.0   401.0   451.1   557.5   877.7  2656.9  80046.0    80028
read      269.1    99.7    80.4   137.4   152.4   263.9   314.2   337.1   352.6   370.0   392.6   425.4   490.7   687.6  2006.6  44020.0    44225
read      260.2   115.6    80.4   127.0   141.7   239.3   297.0   326.6   347.3   373.4   404.1   449.8   549.8   889.7  2660.0  72471.0    72415
read      256.3   112.4    74.4   125.5   140.0   233.1   289.4   318.7   340.2   366.9   399.0   448.7   584.4  1070.1  1671.0  88155.0    87807
read      262.6   110.8    80.4   129.3   143.3   244.2   301.7   331.5   352.7   377.6   405.4   448.0   540.4  1076.9  1761.6  65600.0    65557
read      258.2    68.6    93.8   159.6   175.0   258.5   286.8   300.8   310.6   320.4   336.6   360.9   417.6   677.7  1969.7  14451.0    14385
read      276.3   108.3    80.4   150.8   167.4   276.5   314.1   332.6   344.5   360.7   379.5   405.3   464.9   727.9  3895.5  27520.0    27635
read      273.6    91.9    86.8   151.3   167.2   269.0   306.6   326.2   340.3   357.8   380.1   416.4   507.0  1023.3  1375.1  20837.0    20715
read      296.8   172.3    86.8   131.5   146.7   261.7   326.2   366.3   395.3   429.7   473.0   556.3   853.0  2060.4  2817.4  55822.0    55783
read      429.0   548.1    80.4   133.4   150.7   282.9   365.4   424.4   472.2   548.5   719.3  1306.1  2950.1  5979.2  8107.4  81090.0    80848
read      463.5   631.1    80.4   136.7   153.9   291.8   379.8   441.8   497.1   580.6   748.0  1520.6  3418.6  7180.9  8659.7  82006.0    82586
read      382.9   471.3    74.4   134.5   152.4   281.1   354.0   400.8   440.5   497.0   591.7   841.6  2562.7  5480.2  8086.0 104053.0   104093
read      269.9   123.6    80.4   133.0   147.9   256.7   309.8   336.1   355.5   378.6   404.3   444.1   542.6  1361.3  3086.5  50425.0    50265
read      266.2   102.7    80.4   131.2   146.0   254.5   307.7   334.9   354.6   377.9   404.5   446.4   534.8   712.3  1320.1  52192.0    51931
read      242.7    61.0    93.8   156.6   171.6   238.9   265.3   278.7   288.9   300.2   316.1   342.4   403.6   622.9   746.6  10830.0    10802
read      262.3   129.0    74.4   125.1   139.5   236.9   293.4   322.1   344.6   372.0   407.4   462.3   688.7  1370.5  1919.0  79034.0    79916
read      262.3    98.5    80.4   130.4   145.2   253.0   306.1   331.1   348.4   370.1   395.3   431.2   506.2   662.8   867.8  50891.0    50498
read      254.3   108.2    74.4   124.5   138.6   233.6   290.4   319.1   339.9   365.0   397.2   443.6   552.6   799.1  1960.1  75967.0    75863
read      254.8   114.7    74.4   125.1   139.3   231.6   286.9   316.0   337.1   363.1   396.4   449.1   590.2  1026.6  1980.0  88821.0    88817
read      270.0    86.4    86.8   147.2   162.7   273.0   308.8   326.0   338.3   352.3   370.4   400.1   463.2   602.4  1695.5  27850.0    27861
read      273.6   108.2    86.8   141.9   158.6   271.7   313.7   334.2   347.7   365.4   387.5   420.5   490.5  1167.7  2945.0  33709.0    33910
read      257.7   114.4    80.4   126.1   140.3   238.8   294.5   321.3   341.7   367.1   398.1   445.2   562.7   898.4  3355.3  65240.0    65491
read      258.2   105.8    74.4   127.5   141.6   243.2   299.6   326.4   345.4   368.3   396.2   433.5   513.7   673.6  2560.7  60271.0    60507
read      251.3   118.7    74.4   123.5   137.7   229.5   285.6   314.2   334.6   359.2   391.1   436.9   552.3   971.5  1734.2  84658.0    84276
read      263.5   104.4    80.4   131.1   146.0   253.9   306.9   332.0   348.8   370.9   395.4   429.7   504.4   667.0  3036.8  50804.0    51201
read      267.5   129.9    86.8   148.6   164.8   267.3   300.6   316.6   328.5   342.0   360.9   390.7   456.3   721.3  7677.0  22998.0    22706
read      274.4    88.8    86.8   144.3   161.0   274.6   316.5   337.0   351.3   369.6   391.3   421.9   483.5   601.5  1075.5  33056.0    33092
read      265.4   140.2    80.4   128.4   142.6   242.1   299.9   330.6   353.1   380.3   412.7   462.2   591.5  1249.5  6058.1  67375.0    67167
read      267.5   169.7    74.4   125.8   140.2   235.4   291.6   321.9   344.5   373.1   409.5   469.5   767.8  2181.6  3741.6  97116.0    97349
read      310.3   216.4    74.4   136.4   153.0   267.2   329.7   368.0   396.9   433.4   490.2   607.3   993.1  2636.6  4905.0 105896.0   105743
read      268.5   107.6    80.4   132.5   147.6   255.7   310.6   338.3   358.1   380.2   405.7   449.4   538.1   760.2  2608.6  53748.0    53600
read      267.5    77.6    86.8   152.5   169.2   268.9   301.6   316.8   328.1   341.1   359.6   388.6   451.5   644.4  1088.1  21507.0    21310
read      260.0   159.9    74.4   125.8   139.7   235.8   291.7   320.3   342.3   369.9   402.6   455.3   595.5  1377.0  7715.8  76171.0    76417
read      271.1   120.4    74.4   137.4   152.2   263.5   313.8   338.3   355.7   375.2   397.5   430.7   508.5   789.7  3950.3  44022.0    43763
read      265.2   132.8    74.4   128.5   142.4   241.6   299.3   330.0   352.5   379.0   411.5   459.7   601.1  1320.6  3042.6  73756.0    73896
read      279.4   230.7    80.4   128.0   142.7   240.1   297.5   328.4   352.1   383.0   422.3   493.6   905.1  2969.9  6333.2  98018.0    97794
read      270.8   103.3    93.8   153.5   170.5   270.8   303.6   318.6   330.5   343.3   361.4   389.5   462.9  1067.2  3983.9  21629.0    21446
read      265.5    96.5    80.4   133.7   149.4   256.6   310.2   335.8   353.3   373.3   397.1   429.9   497.4   633.9  1073.7  49673.0    49988
read      229.5    62.0    86.8   153.6   165.6   223.4   248.4   261.2   270.2   281.3   295.5   318.8   372.1   689.0  1652.3   7260.0     7122
read      255.9   121.6    74.4   125.9   140.2   234.3   289.4   318.1   339.5   365.6   398.8   445.8   565.4   872.0  3405.3  83303.0    83763
read      270.3   119.6    80.4   138.0   153.0   265.0   312.6   335.0   350.2   368.2   390.6   423.2   508.2   954.0  4040.9  41017.0    41140
read      260.1   165.6    74.4   127.1   141.1   233.0   288.1   317.6   339.6   366.7   399.9   453.9   649.3  1649.7  5175.9  95432.0    95462
read      271.3   140.9    74.4   130.4   145.3   244.1   299.5   330.3   353.5   381.8   419.5   487.1   712.6  1523.8  3401.7 104103.0   104165
read      260.2   129.0    74.4   127.8   142.2   236.4   291.3   319.9   341.8   368.8   401.5   454.0   594.6  1292.0  3466.6 100260.0   100019
read      268.5   115.8    80.4   142.0   158.0   268.1   310.1   329.9   342.6   359.3   379.3   406.7   468.0   571.5  2667.1  35063.0    35421
read      262.9   104.1    80.4   130.1   145.1   249.5   304.6   331.7   350.6   374.0   400.7   436.6   515.9   677.5  2587.1  55840.0    55637
read      273.0    89.7    80.4   144.2   160.3   272.1   316.0   336.2   349.7   366.7   388.1   419.1   479.3   660.5  1559.6  34349.0    34477
read      272.8    99.4    86.8   141.0   156.9   269.2   314.7   337.0   352.8   371.5   395.2   428.2   497.9   641.6  2622.4  37243.0    37440
read      302.1   257.8    80.4   128.3   142.8   256.2   320.8   362.1   392.7   427.6   472.1   554.0   973.9  3590.5  7191.4  64712.0    64960
read      315.2   267.5    74.4   131.7   147.6   266.5   334.3   376.9   408.7   446.2   497.8   600.4  1074.4  3517.6  7547.3  58904.0    58635
read      276.8    98.0    80.4   152.7   168.9   273.2   309.3   327.9   341.6   359.7   382.4   414.6   507.5  1263.4  1493.4  21691.0    21487
read      263.1   129.6    93.8   157.2   172.5   258.9   289.9   306.1   316.6   329.7   344.8   372.7   445.3  1110.0  5770.6  14782.0    14640
read      276.4   125.0    93.8   152.1   168.1   272.8   309.3   328.2   341.9   358.6   378.8   411.7   485.2  1199.5  4014.8  21884.0    21957
read      289.3   177.3    80.4   134.2   149.5   268.0   325.3   355.7   377.6   402.9   435.0   488.6   665.8  2658.8  4970.6  43374.0    43413
read      286.9   258.8    80.4   123.8   138.3   246.0   311.5   351.5   382.7   414.6   454.5   515.2   730.8  4441.9  7743.2  69101.0    68826
read      283.2   180.3    86.8   134.0   149.7   264.2   319.0   347.0   369.6   393.1   420.9   462.8   611.6  2474.2  6363.3  42264.0    42244
read      307.1   210.4    74.4   128.2   143.3   258.6   328.6   373.9   407.0   449.5   507.5   624.3  1062.1  2298.9  3898.8  65729.0    65554
read      327.3   309.4    80.4   130.6   146.0   262.3   334.4   381.4   418.2   463.2   528.0   673.6  1428.3  3959.1  7868.5  72849.0    72635
read      239.7   139.1   109.4   155.1   167.5   229.5   255.0   268.5   277.6   289.6   304.3   328.1   416.8  1601.4  7641.2   8259.0     8234
read      463.5   652.9    74.4   134.2   151.8   286.8   373.9   437.9   494.9   591.7   778.9  1501.2  3550.4  7335.3  9204.7  84640.0    85104
read      265.3   174.0    74.4   127.9   142.3   235.7   291.2   320.7   343.0   370.3   404.1   462.6   717.1  1941.3  6702.4  96660.0    97153

Total QPS = 58237.7 (104827912 / 1800.0s)

Total connections = 64
Misses = 0 (0.0%)
Skipped TXs = 0 (0.0%)

RX 25892494264 bytes :   13.7 MB/s
TX          0 bytes :    0.0 MB/s
Warning! Detected max cpu usage > 95%
CPU Usage Stats (avg/min/max): 99.92%,32.31%,100.00%
