Random waveform, supplied seed
Total number of intervals = 900 (6927, 52892, 98921, 61129, 40613, 53226, 38560, 103465, 104758, 94759, 37799, 8296, 69443, 12517, 43591, 20430, 93758, 10485, 16518, 83230, 5484, 55611, 20774, 96726, 32442, 73039, 74055, 51197, 59442, 35654, 78747, 42212, 52488, 36950, 16762, 79473, 61431, 87172, 108181, 80515, 37149, 13444, 72057, 70041, 90162, 52082, 24258, 72013, 58012, 45398, 50177, 34504, 66010, 73937, 55020, 53235, 97743, 5419, 14764, 7451, 48208, 16149, 78989, 18886, 75954, 44409, 16431, 85707, 58253, 103867, 21604, 90401, 84467, 99700, 32052, 18173, 67789, 51929, 83850, 18614, 29315, 108090, 27024, 49907, 9150, 34328, 51881, 14569, 81517, 78694, 93409, 39093, 18729, 70818, 21942, 91810, 39588, 40957, 62645, 15539, 107672, 32954, 58866, 23739, 54701, 60706, 72350, 58661, 34912, 103268, 38703, 83358, 57408, 86837, 33517, 66204, 73758, 99742, 109462, 94453, 44096, 100467, 8576, 59359, 7614, 60329, 43762, 67038, 26095, 71173, 109276, 13150, 61250, 84472, 82226, 27671, 98736, 106314, 105027, 96867, 89493, 50538, 22083, 48618, 94298, 63579, 64573, 77178, 29824, 64495, 20917, 85651, 61935, 50216, 72251, 71798, 19701, 24952, 81838, 26648, 24837, 29420, 103882, 70314, 61679, 49557, 19325, 9128, 94933, 24327, 71896, 93771, 20452, 42338, 72627, 80603, 49049, 92305, 56889, 78036, 71583, 72609, 107382, 86530, 16550, 84534, 72631, 49291, 62175, 80213, 16566, 53985, 101949, 24076, 52574, 106271, 105451, 86087, 29108, 101115, 74326, 75832, 94901, 15809, 28874, 51882, 32653, 41676, 63019, 99164, 47055, 62394, 98519, 32122, 49464, 24034, 77363, 91698, 38997, 86028, 83012, 15024, 56640, 97362, 107412, 65030, 79278, 47544, 105368, 58181, 56960, 14849, 63672, 48289, 11797, 10781, 49362, 102119, 46213, 97025, 18351, 21426, 43013, 67376, 36043, 6255, 102499, 26263, 56974, 40869, 46514, 11431, 58600, 68058, 54502, 64022, 52142, 101375, 40606, 47485, 48977, 38615, 80279, 75843, 67095, 41325, 55752, 85561, 14194, 88002, 90515, 109283, 26699, 37400, 19307, 11527, 83787, 22209, 75169, 73833, 94641, 61338, 91825, 77235, 37257, 32057, 108618, 72930, 43714, 87369, 56640, 97360, 79788, 11352, 87962, 40663, 59386, 48302, 19398, 82197, 77387, 72753, 7720, 46279, 42102, 90892, 39976, 61084, 16735, 45909, 28976, 84704, 101822, 92571, 12106, 58568, 51319, 21556, 14191, 29072, 16350, 86891, 104441, 8906, 42175, 51797, 76678, 19630, 100132, 40498, 108559, 23964, 70760, 99567, 107548, 53742, 103931, 60359, 9725, 52014, 40053, 86436, 23983, 66595, 26056, 51764, 40202, 76665, 11133, 80405, 79106, 97258, 36307, 28636, 41620, 75736, 44979, 31478, 37586, 108330, 64301, 11203, 7291, 87477, 77485, 42055, 26865, 94592, 66869, 17835, 55977, 82437, 15775, 87559, 105401, 88752, 94531, 101303, 86640, 84818, 20221, 43599, 52779, 89855, 48532, 107423, 46535, 47535, 49633, 30334, 17207, 106074, 48912, 96483, 39228, 92350, 85084, 81993, 101617, 16730, 71079, 108942, 55406, 42279, 21876, 34140, 42897, 18462, 100375, 41347, 101594, 47486, 73393, 51134, 58201, 71020, 72071, 93446, 28724, 59269, 74624, 52368, 9687, 44165, 6895, 55457, 61164, 108384, 33319, 97895, 39720, 68554, 86849, 30264, 100754, 98098, 86028, 93054, 42348, 29490, 18187, 95113, 8570, 62285, 52582, 34260, 59493, 58208, 93458, 18056, 94134, 37808, 53481, 25666, 108853, 41576, 70282, 45769, 92383, 12100, 67747, 68933, 63242, 72993, 51022, 67069, 24895, 68588, 42706, 49479, 64792, 73879, 31893, 74262, 57246, 91617, 55173, 108633, 15720, 99961, 102613, 57169, 56950, 49938, 5383, 39719, 36653, 69482, 46749, 65109, 46501, 109480, 69433, 58157, 70737, 34617, 77563, 90036, 36689, 46832, 104903, 14153, 21674, 5689, 37781, 15507, 102064, 71340, 79815, 44352, 109562, 86219, 47335, 41962, 45802, 13389, 95780, 87844, 55903, 100902, 70988, 53831, 26948, 32347, 41050, 56197, 94617, 71839, 79082, 107630, 60164, 97878, 63680, 73888, 65499, 96906, 103287, 49664, 32535, 46477, 7459, 74137, 57061, 34213, 7432, 41605, 32998, 61636, 64695, 14063, 91302, 6064, 41354, 19863, 19488, 14040, 19538, 20199, 106657, 92457, 92780, 68203, 81753, 57748, 21027, 49680, 82042, 93691, 45291, 30437, 67422, 69956, 35404, 80225, 105585, 20088, 12672, 15696, 25951, 65007, 10189, 78008, 12678, 15922, 41774, 38788, 34559, 54825, 42697, 12669, 70047, 96137, 92934, 20597, 66597, 59987, 58456, 59958, 98221, 55912, 39018, 18747, 60013, 85584, 84809, 85435, 94907, 16437, 78505, 77219, 86414, 73427, 100497, 96416, 71637, 33216, 58699, 53809, 72797, 107267, 55877, 70507, 46741, 36507, 30697, 25261, 25212, 33805, 76345, 95558, 28428, 21673, 89018, 46753, 34034, 47329, 56893, 38690, 79988, 107429, 43713, 76624, 71700, 40703, 95489, 18531, 99369, 29286, 42988, 69249, 7889, 51783, 38634, 86204, 109534, 45136, 59949, 61681, 76329, 44322, 20698, 84853, 75889, 98396, 53818, 26200, 54761, 12268, 52324, 106440, 7154, 87362, 43716, 26737, 41596, 85490, 77612, 78124, 69632, 39180, 15803, 36987, 19833, 46567, 57368, 36003, 68916, 93229, 46632, 93663, 106418, 60496, 109057, 96861, 86255, 25686, 17483, 29211, 55328, 87592, 23882, 44790, 12236, 42928, 103959, 97347, 68379, 92596, 10055, 29634, 9324, 30076, 100150, 27527, 95171, 40523, 11422, 9200, 42816, 10698, 22301, 48159, 39987, 33067, 62704, 52778, 75981, 74522, 14533, 5566, 78062, 82399, 108638, 93541, 47145, 109796, 26597, 7034, 72616, 13584, 19750, 109139, 15150, 74389, 87266, 108170, 103631, 44587, 66411, 89167, 35723, 85827, 78806, 89641, 14186, 52308, 56743, 38302, 71662, 36015, 65048, 72989, 76390, 24409, 85530, 8346, 69627, 70266, 89525, 70975, 46633, 16963, 109556, 91124, 51505, 93804, 58474, 43487, 61792, 59548, 43635, 27536, 42828, 109424, 78273, 60279, 35178, 67279, 80752, 35012, 7936, 8578, 89696, 5569, 26905, 42389, 84689, 59305, 44512, 72395, 74619, 67302, 57822, 8117, 106178, 25089, 68848, 98941, 78157, 109857, 108875, 86646, 83239, 51061, 89906, 56601, 71203, 95942, 71622, 97182, 27718, 46519, 83197, 79080, 69401, 45684, 18120, 21245, 39039, 67458, 42773, 20690, 63440, 41615, 97229, 86249, 20807, 26130, 30510, 43868, 55324, 20437, 9548, 12101, 72073, 21310, 90755, 51252, 53070, 48181, 97336, 91976, 94742, 66079, 79328, 45235, 35310, 76589, 107175, 78127, 13331, 59382, 87477, 92020, 109297, 42293, 52962, 23492, 12594, 69120, 57144, 57232, 71593, 40799, 29614, 106611, 50009, 47727, 15204, 50703, 60979, 37662, 16932, 100183, 69175, 27515, 106411, 49629, 63537, 88081, 55527, 69558, 60702, 13487, 67037, 8281, 34986, 82336, 101465, 82733)
Average QPS expected = 57816
Timestamp start: 1778949685857
Timestamp end: 1778952386394

#type       avg     std     min      p5     p10     p50     p67     p75     p80     p85     p90     p95     p99    p999   p9999      QPS   target
read      236.8   126.9   109.4   159.1   172.0   229.5   253.8   266.9   275.2   287.0   300.2   324.2   390.6   651.3  7823.8   6820.0     6927
read      267.5   102.7    74.4   135.2   150.6   258.7   311.9   336.9   354.1   373.6   397.5   430.8   497.5   635.0  2895.5  52515.7    52892
read      248.2    96.9    74.4   127.9   141.8   230.1   280.2   307.0   325.9   348.4   378.3   424.3   517.4   739.2  1176.7  99139.3    98921
read      259.5   100.8    80.4   129.9   144.4   245.6   300.8   328.0   346.5   369.0   395.3   432.1   505.7   622.4  1456.9  61208.3    61129
read      280.5   147.2    68.9   140.8   156.5   271.9   318.7   342.1   360.2   380.9   404.2   443.1   554.5  1525.6  6773.7  40620.3    40613
read      281.3   128.9    74.4   132.5   148.2   263.6   321.2   354.4   379.1   406.3   439.2   487.3   588.4   937.7  3530.0  52865.0    53226
read      282.3   106.3    74.4   141.0   157.2   275.4   324.6   350.7   370.2   393.3   420.7   458.5   539.9   736.5  1960.4  38443.0    38560
read      268.4   164.7    74.4   131.8   146.9   239.6   289.6   316.7   337.7   363.9   398.5   459.4   808.8  2035.8  3820.5 103842.0   103465
read      255.3   106.2    74.4   131.5   146.4   237.0   286.5   312.9   332.1   355.3   386.3   431.4   541.7   894.5  2004.0 104637.7   104758
read      252.8   107.8    74.4   128.4   142.5   233.3   284.7   312.0   331.9   355.8   387.0   432.7   537.2   917.8  2453.8  95117.3    94759
read      276.1   100.0    80.4   142.3   158.7   273.1   318.3   340.2   356.3   374.5   398.6   432.9   507.8   685.6  1915.6  38033.3    37799
read      240.9    74.6   101.3   158.1   171.7   235.8   261.8   275.1   285.7   296.3   312.7   336.8   396.9   671.3  3111.1   8390.0     8296
read      276.4   129.8    74.4   126.2   140.8   249.4   311.0   347.2   377.6   412.1   454.3   515.7   667.3   941.7  1430.7  69298.7    69443
read      261.2   169.5    93.8   157.6   172.6   249.3   277.8   292.4   303.1   315.9   334.0   367.1   539.0  2496.5  7051.3  12457.7    12517
read      278.7   147.9    80.4   134.1   149.5   263.5   316.8   344.5   365.4   389.2   417.7   459.2   574.1  2018.4  2991.9  43644.3    43591
read      269.6   155.5    86.8   150.2   165.8   263.8   297.1   314.0   325.9   340.5   360.5   391.7   470.9  2299.7  5976.0  20296.3    20430
read      329.2   333.9    74.4   128.1   142.8   245.6   311.6   362.8   409.3   475.0   568.8   765.7  1600.2  3565.0  9475.0  93684.7    93758
read      244.6   128.3    93.8   154.7   167.8   234.1   260.6   273.7   284.3   295.4   311.2   336.4   460.3  1956.9  3213.8  10512.0    10485
read      271.5   169.4   101.3   155.3   171.0   260.2   291.3   307.9   319.0   334.1   352.6   387.3   588.5  2448.6  7427.0  16594.3    16518
read      321.1   264.7    74.4   132.0   147.5   257.7   326.3   375.3   418.8   471.1   541.9   683.4  1231.0  3126.8  7537.9  83124.3    83230
read      212.0   102.3   109.4   144.4   154.1   202.4   222.9   235.1   244.8   254.8   269.6   292.7   380.0  1137.1  3873.1   5527.7     5484
read      281.6   147.9    74.4   130.2   144.9   259.0   318.8   352.4   377.2   404.7   439.7   491.8   647.5  1752.9  2875.7  55469.0    55611
read      263.3    97.5    86.8   150.6   165.7   260.8   293.4   310.6   321.9   336.7   354.8   384.9   459.7  1204.0  2872.6  20837.0    20774
read      276.1   220.9    74.4   130.4   145.2   239.4   291.7   319.9   341.8   368.6   404.6   469.9  1002.1  3063.7  5610.5  96789.0    96726
read      277.6   109.4    80.4   145.2   161.8   274.8   317.1   338.0   353.0   371.3   394.5   429.3   508.4   726.6  2838.2  32628.3    32442
read      281.7   156.0    74.4   127.3   141.6   247.6   310.4   347.9   380.1   417.7   464.1   537.5   739.9  1568.7  2946.2  73122.7    73039
read      293.4   200.9    74.4   127.6   142.2   250.5   315.8   358.0   392.3   432.1   483.7   566.2   861.6  2609.2  4311.1  74126.0    74055
read      282.8   155.7    74.4   131.7   146.9   263.0   320.6   353.0   377.8   403.5   435.8   486.7   615.5  1785.7  4125.6  51124.0    51197
read      273.8   149.0    80.4   125.3   139.7   249.3   310.0   343.1   368.7   397.5   431.9   482.0   624.0  1806.9  3602.2  59354.3    59442
read      280.3   135.1    86.8   139.3   154.5   271.4   318.9   342.7   360.7   381.2   405.9   444.7   549.1  1736.3  3107.8  35714.0    35654
read      319.0   313.1    80.4   129.9   144.8   255.4   323.5   371.2   410.9   459.1   521.9   641.3  1307.0  4467.8  8003.8  78926.7    78747
read      273.2   131.2    80.4   132.5   147.7   260.6   312.1   339.2   359.0   382.4   411.3   452.0   544.2  1647.4  2930.0  42269.0    42212
read      275.2   155.0    74.4   127.3   141.6   253.2   310.9   342.6   366.3   393.7   426.8   471.5   618.2  1999.7  3649.1  52544.0    52488
read      274.5   134.3    80.4   136.2   151.4   263.8   311.7   336.6   354.9   376.3   402.4   439.4   537.9  1797.4  2911.8  37039.3    36950
read      257.7   100.6    86.8   151.8   167.4   254.3   285.4   300.6   311.7   323.7   341.2   369.8   445.3  1145.2  2718.7  16798.0    16762
read      308.1   278.9    74.4   127.0   141.4   249.5   316.8   364.2   401.4   449.1   511.8   627.0  1130.0  3781.7  7542.1  79545.0    79473
read      273.4   145.5    74.4   123.1   137.5   247.4   308.6   343.5   371.4   401.4   437.7   492.2   635.8  1713.6  2928.1  61112.3    61431
read      314.1   281.7    74.4   127.8   142.2   247.4   313.9   362.5   403.2   458.9   533.2   682.1  1275.8  3589.5  7593.2  87532.0    87172
read      283.9   241.0    74.4   132.1   147.9   244.8   295.7   324.3   346.0   373.9   411.3   484.7  1242.3  3256.5  7869.4 108334.0   108181
read      255.8   116.0    74.4   127.8   141.9   234.8   289.9   318.4   339.6   364.5   395.1   437.6   544.1   960.9  2027.3  80433.0    80515
read      276.9   110.2    74.4   143.5   159.9   273.6   317.9   339.3   354.9   373.4   396.5   430.8   508.8   794.8  2695.8  37111.3    37149
read      252.2    84.9   101.3   156.1   170.9   249.2   277.6   291.7   301.6   313.7   329.5   355.7   419.5   857.8  3229.8  13398.3    13444
read      285.2   200.7    74.4   124.6   138.8   246.0   311.3   350.3   381.7   417.3   460.0   528.6   840.7  2735.4  5349.8  71809.3    72057
read      283.4   205.8    74.4   123.8   138.4   245.9   310.0   347.9   379.0   413.0   455.5   521.5   802.9  2958.1  5045.8  69905.7    70041
read      351.2   394.8    74.4   130.9   146.8   256.5   323.2   373.3   419.9   488.1   603.9   860.9  1836.7  4873.8  9704.9  90550.0    90162
read      283.0   148.0    74.4   131.5   146.7   261.8   321.3   354.6   380.1   407.8   440.1   491.5   619.8  1638.9  2932.2  52137.3    52082
read      266.7    96.0    86.8   147.2   162.6   265.4   300.8   317.9   330.8   344.6   366.6   397.1   465.9  1069.4  2351.8  24241.7    24258
read      298.4   240.5    74.4   127.5   141.9   251.5   318.4   360.5   392.7   430.5   478.9   558.2  1023.7  3289.6  7252.7  71852.3    72013
read      286.8   169.4    74.4   129.7   144.6   259.6   321.7   357.1   383.6   413.1   449.7   505.8   722.5  2045.7  3209.4  58095.0    58012
read      275.7   136.7    80.4   132.4   147.7   260.5   315.3   343.3   364.4   388.4   417.4   459.4   570.2  1752.4  2951.4  45155.7    45398
read      282.2   153.6    74.4   132.1   147.6   261.8   319.8   350.9   374.4   400.5   432.2   480.8   627.8  1969.8  3880.2  50257.0    50177
read      276.8   109.3    80.4   141.3   156.9   270.8   317.0   340.1   357.3   377.1   400.8   436.2   523.7  1175.5  2578.0  34490.0    34504
read      321.3   339.7    74.4   130.6   146.4   263.4   328.8   371.5   403.3   443.7   496.8   600.0  1352.5  4456.3  9988.9  65938.3    66010
read      299.4   266.2    80.4   126.4   140.7   247.9   313.8   355.8   389.5   428.8   479.4   566.8  1104.1  3731.4  7674.7  74202.3    73937
read      289.5   164.0    80.4   131.8   147.1   263.2   323.6   359.3   385.9   416.1   453.5   511.0   721.9  1999.4  3355.7  55221.7    55020
read      287.7   186.4    80.4   130.9   146.0   261.8   321.3   355.9   381.3   409.7   445.8   499.7   683.1  2662.9  4720.2  53287.7    53235
read      281.0   270.3    80.4   130.9   145.9   242.4   294.3   322.5   343.8   370.6   405.0   464.4   875.0  3522.8  7701.8  97970.3    97743
read      226.3   104.8    86.8   152.5   164.2   217.8   240.9   253.1   262.6   272.8   289.0   313.6   379.9  1071.4  6150.2   5499.0     5419
read      261.2   106.5    93.8   156.5   172.4   258.7   287.5   302.2   312.9   325.0   342.0   369.9   433.7  1267.9  4856.8  14776.7    14764
read      228.8    70.3    93.8   153.1   164.6   221.0   246.9   260.6   269.8   281.0   295.4   319.4   391.8   744.7  1731.8   7410.3     7451
read      284.7   173.3    80.4   133.0   148.2   263.1   319.8   351.1   375.2   401.1   432.3   482.5   660.2  2373.0  5686.0  47865.7    48208
read      259.1    92.8    93.8   154.0   169.5   256.9   287.0   302.4   313.5   326.2   342.8   371.4   442.2   994.7  2902.3  16054.3    16149
read      320.3   280.9    74.4   130.8   145.6   256.7   326.5   375.3   416.1   465.8   534.0   665.2  1288.1  3677.1  7611.5  78772.7    78989
read      263.0   114.4    93.8   152.6   167.4   258.6   290.6   307.1   318.0   332.1   348.0   378.2   460.4  1672.7  3302.5  18798.0    18886
read      302.0   231.0    74.4   127.7   142.1   251.8   319.7   365.1   400.3   442.4   497.9   599.0  1050.7  2855.4  7106.6  75656.3    75954
read      290.5   155.1    80.4   137.9   153.3   271.8   328.0   359.7   383.1   408.0   438.4   488.9   641.8  1920.6  3476.6  44244.0    44409
read      251.8    82.3    86.8   151.5   165.9   250.0   279.8   294.1   304.7   316.4   332.7   359.1   423.5  1055.3  2041.1  16401.3    16431
read      310.0   267.4    74.4   127.4   141.8   247.4   313.3   361.1   402.5   456.7   528.7   665.0  1145.5  3605.4  7387.7  85756.0    85707
read      279.7   171.3    80.4   126.6   141.0   252.0   313.5   346.9   374.0   403.2   437.8   493.8   690.0  2238.5  4685.2  58175.0    58253
read      270.1   205.0    74.4   130.3   145.2   237.7   289.0   316.6   337.4   363.2   396.7   453.4   868.3  3090.6  6398.0 103887.3   103867
read      270.3    95.1    93.8   153.4   169.8   269.7   302.1   318.0   330.3   343.6   363.7   394.3   465.0   998.7  2446.7  21690.0    21604
read      303.6   200.4    74.4   129.8   144.9   247.6   310.2   355.1   396.2   453.2   535.4   684.9  1036.6  1719.0  3677.4  89968.3    90401
read      331.3   295.0    80.4   132.7   148.7   259.5   326.4   377.3   423.6   485.8   578.2   743.5  1315.1  3511.4  7832.5  84533.7    84467
read      281.4   255.9    74.4   130.4   145.4   241.4   293.8   322.6   344.6   372.0   409.6   476.5  1017.4  3543.7  7392.6  99722.7    99700
read      275.8   111.6    86.8   146.1   161.9   273.0   313.1   332.8   345.7   363.5   385.3   419.3   506.0  1491.6  2836.7  32099.3    32052
read      263.8   106.2    93.8   152.0   167.4   260.8   293.4   309.9   320.6   335.8   354.6   386.3   460.5  1105.4  2476.2  18238.3    18173
read      294.9   203.9    80.4   129.2   143.8   255.5   320.8   361.5   392.5   428.8   473.4   545.8   857.6  2770.2  4841.2  67783.0    67789
read      288.4   173.3    80.4   132.0   147.2   263.8   322.7   357.0   382.0   410.0   445.8   499.3   687.6  2483.2  3874.2  51940.3    51929
read      331.2   309.3    74.4   131.1   146.7   257.8   325.5   376.5   421.5   480.3   567.6   739.3  1380.8  3607.8  7910.5  83910.7    83850
read      268.4   102.8    93.8   154.3   169.9   265.2   298.6   315.5   327.6   341.6   361.6   392.8   471.6  1114.7  3087.9  18674.7    18614
read      278.5   120.9    80.4   145.5   161.7   272.9   314.5   335.9   350.9   369.3   392.5   426.9   541.4  1400.8  2718.2  29343.3    29315
read      281.6   248.5    74.4   133.5   149.4   245.7   295.6   323.6   344.5   371.4   405.9   466.4   904.3  3481.2  7604.5 107989.0   108090
read      275.9    93.6    86.8   150.3   167.1   276.5   312.8   331.0   343.2   360.1   381.0   411.4   483.5   731.8  2464.9  27079.7    27024
read      283.0   121.9    74.4   134.9   150.7   266.9   324.6   356.2   379.4   406.3   438.6   487.0   587.5   870.7  3492.1  49850.3    49907
read      233.8    79.2   101.3   153.0   165.2   226.8   253.6   267.6   276.9   288.9   303.4   327.3   393.4   871.9  3144.7   9103.0     9150
read      279.5   153.5    74.4   140.8   156.3   270.6   316.9   340.3   357.7   377.7   402.2   439.2   546.6  1658.2  2974.1  34176.0    34328
read      292.2   183.0    80.4   133.5   149.3   268.0   327.3   361.5   387.0   415.8   450.1   502.6   667.8  2583.6  5371.3  51685.0    51881
read      258.1   109.6    93.8   154.5   169.6   253.3   283.6   298.2   309.5   320.8   339.2   367.5   436.1  1606.8  2944.7  14779.0    14569
read      324.8   305.0    80.4   130.0   145.1   254.9   322.9   373.4   417.5   472.1   548.8   698.4  1338.1  3933.0  7734.5  81540.0    81517
read      301.5   257.6    80.4   126.4   140.7   248.1   314.9   360.4   397.8   442.5   499.2   594.4   989.1  3673.8  7388.7  78809.3    78694
read      300.2   288.6    80.4   131.3   146.7   245.9   300.3   332.7   358.1   390.9   436.7   552.4  1492.5  3675.2  7576.4  93343.0    93409
read      272.8   103.3    74.4   139.7   155.9   268.6   313.8   336.1   351.9   371.2   396.1   431.2   505.5   683.8  2804.3  39001.0    39093
read      269.3    77.5    86.8   154.6   171.4   270.2   302.0   317.7   330.0   343.5   363.4   393.0   456.9   665.6  1537.4  18823.3    18729
read      289.1   175.7    80.4   128.2   142.6   252.0   316.5   356.9   389.2   426.6   472.8   545.6   793.9  2228.2  3509.4  70665.0    70818
read      269.8   103.9    93.8   150.7   166.9   267.2   301.7   319.1   332.4   346.2   367.7   398.6   470.9  1189.4  2877.9  21968.0    21942
read      345.0   403.5    80.4   133.5   149.8   256.9   315.7   353.9   386.3   430.0   509.2   788.5  2246.1  4552.7  8054.9  91680.7    91810
read      279.1   152.3    86.8   141.6   157.2   271.8   319.7   342.4   359.3   378.4   402.3   439.8   538.0  1289.6  2964.1  39685.7    39588
read      282.3   157.0    80.4   136.6   151.6   267.2   319.4   346.5   367.0   389.9   417.5   459.1   570.2  2295.5  3102.5  40834.7    40957
read      300.1   206.6    74.4   130.4   145.4   261.7   326.5   367.6   398.2   433.9   480.4   550.5   937.1  2495.6  5639.9  62577.3    62645
read      258.4    77.4    86.8   154.5   169.9   256.4   286.6   301.8   312.7   325.0   342.4   371.4   442.8   770.0  1936.2  15561.3    15539
read      289.6   301.2    74.4   133.4   148.9   244.7   295.5   323.9   344.9   371.9   406.8   468.2  1420.3  3657.7  7885.6 107105.3   107672
read      275.0    95.6    86.8   145.9   162.5   275.2   315.4   335.1   348.2   365.8   387.4   419.7   490.3   661.4  2222.6  32900.0    32954
read      280.3   136.9    74.4   129.8   144.9   258.0   318.4   352.4   378.7   409.1   445.6   500.5   630.3  1138.6  3021.1  58816.7    58866
read      272.6   107.3    80.4   149.0   164.9   270.7   307.6   325.6   338.8   354.6   374.6   404.9   484.7  1051.5  2627.3  23670.0    23739
read      286.7   164.9    74.4   130.8   146.0   261.7   321.5   356.4   382.4   411.9   447.7   503.4   719.6  1774.0  4433.4  54615.7    54701
read      280.9   152.9    80.4   126.8   141.1   252.6   314.9   351.1   379.4   410.7   449.8   507.7   713.9  1748.4  3035.0  60590.7    60706
read      288.1   204.4    74.4   125.6   139.8   247.0   312.7   353.7   387.1   425.2   471.4   545.3   808.4  2746.4  5746.0  72230.0    72350
read      278.8   173.0    74.4   127.4   141.8   252.9   314.0   347.3   373.4   403.2   437.2   491.7   634.0  2300.6  4700.7  58503.3    58661
read      281.5   132.8    86.8   141.5   157.4   272.9   320.2   344.3   363.2   384.1   408.1   447.8   543.1  1559.4  3734.1  34720.7    34912
read      283.8   306.7    74.4   132.2   147.7   243.2   294.4   322.6   343.5   370.3   404.7   465.6   906.7  5609.1  8049.8 103583.7   103268
read      275.8    99.2    80.4   142.3   158.7   272.7   317.8   339.1   354.8   373.4   396.9   431.5   508.5   802.9  2162.8  38620.3    38703
read      292.7   174.1    74.4   128.4   143.0   246.7   311.2   355.0   393.4   440.4   504.3   610.9   877.7  1456.4  2587.3  83176.7    83358
read      288.6   166.3    80.4   130.8   145.9   262.5   323.8   360.4   387.5   418.2   457.1   516.4   693.9  1845.9  3834.9  57593.0    57408
read      341.5   354.5    80.4   130.6   145.9   255.6   322.7   373.0   420.1   484.0   580.0   789.6  1810.5  4488.6  7880.9  87106.0    86837
read      276.4   117.6    80.4   140.4   155.9   269.6   315.1   338.0   354.8   374.4   399.2   433.8   523.9  1494.0  2746.8  33552.3    33517
read      303.1   263.6    74.4   128.3   142.9   256.3   321.2   361.8   393.2   428.8   474.5   551.6  1129.1  3317.0  7823.6  66298.0    66204
read      289.3   204.8    80.4   125.5   139.9   246.8   313.1   354.5   388.3   427.0   475.2   549.4   826.8  2826.8  4351.9  73554.7    73758
read      309.2   330.4    74.4   130.1   145.4   244.6   298.2   330.7   356.9   391.8   446.1   637.3  1678.0  3762.1  7838.4  99777.0    99742
read      257.2   129.1    74.4   130.4   145.3   235.7   284.9   311.4   330.8   354.8   387.7   435.9   583.2  1464.3  3743.9 109471.7   109462
read      253.5   112.7    74.4   128.1   142.3   233.2   284.3   311.4   331.2   355.3   387.4   433.9   548.8  1112.4  2075.3  94675.0    94453
read      272.6   109.4    80.4   140.3   155.9   267.3   316.3   338.8   354.6   372.5   395.7   428.6   499.8   689.1  2716.9  43897.3    44096
read      252.7   113.8    74.4   128.7   143.1   232.2   282.6   310.0   329.6   352.9   384.4   430.4   545.6  1149.8  2718.6 100292.7   100467
read      232.7    91.2    93.8   153.8   166.0   225.4   250.5   263.8   272.6   284.2   297.0   320.0   393.5  1107.0  3092.1   8617.0     8576
read      289.6   200.4    80.4   129.0   143.5   256.9   319.4   356.1   384.2   415.6   453.8   512.3   804.6  2619.9  6283.9  59010.3    59359
read      227.9   134.6   101.3   150.7   161.9   216.8   241.3   254.7   265.2   275.8   291.2   314.2   395.1  1985.4  5014.2   7674.3     7614
read      285.2   180.8    74.4   128.5   143.2   255.3   317.0   353.2   380.6   411.1   450.7   508.3   730.8  2253.4  4058.4  60169.7    60329
read      287.4   159.0    80.4   138.2   153.7   270.9   325.0   354.4   376.2   400.1   430.4   474.9   585.8  2349.2  3852.5  43621.3    43762
read      286.7   208.6    74.4   125.9   140.4   250.0   314.1   352.0   381.9   415.9   457.7   521.6   825.4  2467.2  7959.9  66845.0    67038
read      273.9    99.9    80.4   148.0   163.6   271.4   309.9   329.3   343.1   361.1   383.1   415.7   497.0  1245.7  2344.8  26260.7    26095
read      320.2   246.0    74.4   132.2   148.2   264.8   335.0   383.4   421.2   466.4   527.9   647.1  1188.7  3061.9  5686.5  71131.7    71173
read      320.1   310.1    80.4   141.8   160.1   273.9   328.5   362.4   388.5   421.3   469.2   580.9  1081.0  4785.9  8273.9 109310.3   109276
read      258.1   115.1   101.3   161.8   176.9   256.2   282.7   295.5   305.7   316.6   332.8   359.5   423.4   778.7  4767.4  13173.3    13150
read      279.6   144.6    74.4   129.4   144.2   254.0   315.9   351.2   379.8   412.7   452.0   507.8   643.5   972.2  2944.8  61263.7    61250
read      318.3   261.4    74.4   130.9   146.4   253.8   319.8   368.9   411.8   468.9   548.3   703.7  1155.2  3322.5  7045.3  84257.3    84472
read      327.8   273.3    74.4   134.2   149.7   259.3   328.4   380.6   427.1   486.7   568.4   721.1  1242.6  3428.8  6742.0  82177.7    82226
read      279.6   104.7    86.8   149.0   164.8   276.5   316.7   337.7   352.9   371.5   394.2   427.8   509.5  1033.5  2794.1  27572.0    27671
read      371.3   516.2    74.4   134.9   151.8   265.4   323.5   361.8   392.9   434.9   510.5   759.9  3092.5  6274.5  9923.8  98678.3    98736
read      257.5   120.2    74.4   131.3   146.2   236.7   286.5   313.4   333.4   357.8   389.7   436.3   565.7  1310.5  2690.7 106240.7   106314
read      257.3   123.3    74.4   131.3   146.1   235.7   285.6   312.8   332.9   357.2   389.1   436.2   584.3  1247.3  2961.7 105201.7   105027
read      252.5   107.0    74.4   129.0   143.1   231.6   283.3   311.1   331.3   355.8   388.1   433.6   543.8   967.5  2027.4  97082.0    96867
read      252.1   106.6    74.4   127.3   141.2   231.0   284.1   312.6   333.3   358.4   391.0   436.0   541.7   997.9  1712.4  89429.3    89493
read      267.8   104.2    80.4   136.1   151.2   258.3   312.2   336.7   353.2   372.2   397.1   431.6   503.2   645.1  2684.5  50560.0    50538
read      267.2    85.5    86.8   152.6   168.9   267.2   300.3   316.2   327.9   341.2   360.2   390.1   459.6   811.6  2461.6  22150.3    22083
read      280.5   148.2    80.4   132.2   147.6   260.3   317.1   347.8   372.0   398.0   429.9   474.9   625.5  1969.6  3332.3  48385.7    48618
read      303.7   304.4    74.4   131.3   146.8   246.0   301.5   334.4   360.4   393.4   439.4   566.1  1535.0  3706.3  7789.4  94218.7    94298
read      269.3   120.7    74.4   133.7   149.2   251.4   307.3   336.0   356.7   381.1   409.2   453.0   563.4   940.1  3151.6  63458.3    63579
read      265.5   102.8    74.4   133.5   149.0   249.7   305.1   333.4   353.7   377.4   404.6   445.0   532.0   698.3  1459.5  64707.0    64573
read      258.4   111.7    74.4   129.6   144.2   238.8   293.3   321.7   342.7   368.5   399.8   441.9   536.8   775.0  2187.7  77650.7    77178
read      282.1    91.7    80.4   152.5   170.2   281.5   320.0   339.3   353.4   370.8   392.5   424.3   500.4   783.6  1871.4  29787.0    29824
read      289.2   192.0    80.4   128.3   143.0   254.9   318.1   356.5   386.0   420.8   463.0   529.7   777.7  2446.8  4699.9  64518.7    64495
read      268.1   111.6    93.8   151.4   167.2   263.8   297.7   314.7   327.1   342.0   363.1   395.7   476.9  1479.0  2741.8  20939.3    20917
read      351.7   381.6    74.4   134.0   150.0   261.0   330.0   382.4   428.9   495.8   599.3   808.4  1727.5  5179.6  7891.2  85615.3    85651
read      285.9   175.9    80.4   128.1   142.6   255.0   317.9   355.4   384.1   416.5   456.7   517.1   735.2  2269.8  4526.8  61949.7    61935
read      281.2   148.9    80.4   130.8   145.7   260.9   318.8   350.2   374.2   401.4   434.2   483.6   622.3  1858.7  4109.4  50243.0    50216
read      300.7   237.6    74.4   127.7   141.9   252.3   319.6   364.0   398.5   439.2   491.7   577.0  1032.3  2993.7  7680.7  72294.7    72251
read      295.7   229.2    80.4   126.7   140.9   249.8   315.6   357.7   391.4   430.9   481.0   561.2   934.3  3210.1  6140.6  72261.7    71798
read      273.5   109.9    86.8   154.7   170.4   268.1   302.7   320.1   333.8   348.3   370.3   402.8   507.7  1495.7  2891.3  19719.0    19701
read      286.2   147.0    93.8   152.7   169.1   277.7   317.7   339.5   355.4   373.6   397.4   432.2   543.8  2064.1  7035.8  24941.3    24952
read      421.5   536.5    74.4   138.0   155.3   282.1   360.2   417.7   469.4   545.1   697.9  1190.7  3089.3  5894.5  9346.4  81850.7    81838
read      276.6    91.4    80.4   148.8   164.8   275.8   313.7   333.5   346.6   365.4   388.0   421.3   493.7   796.3  1898.9  26379.3    26648
read      277.9   105.3    86.8   150.6   167.1   277.8   314.2   333.1   345.7   364.3   386.2   417.0   488.7   801.9  2737.3  24938.0    24837
read      287.7   177.0    80.4   148.8   164.9   280.8   322.2   343.2   359.5   378.0   400.6   436.1   546.2  2020.2  8681.9  29441.7    29420
read      294.1   287.6    74.4   133.5   149.5   249.4   301.6   331.6   354.8   384.6   426.4   509.0  1251.0  3871.7  7658.4 103753.7   103882
read      259.6   106.6    74.4   129.8   144.5   241.1   297.0   325.6   345.3   370.0   399.3   439.7   534.1   783.1  2414.6  69928.0    70314
read      263.6   102.6    74.4   131.8   147.0   248.4   304.9   332.7   352.1   375.1   402.2   439.9   523.5   668.0  1051.7  61301.0    61679
read      271.5   110.3    80.4   138.2   153.6   262.6   315.5   339.8   357.2   376.7   401.1   433.8   504.7   692.3  3617.7  49394.0    49557
read      270.6    85.4    93.8   160.2   175.7   270.3   301.0   316.1   327.3   340.4   358.7   388.3   452.8   902.6  2581.1  19502.7    19325
read      240.7    73.9    93.8   158.1   170.4   234.0   260.9   274.1   284.5   295.2   311.3   336.9   406.8  1009.7  1997.9   9244.7     9128
read      298.8   296.2    80.4   132.5   148.0   245.9   299.4   330.4   354.0   384.7   426.7   515.9  1594.7  3637.7  7550.5  94619.7    94933
read      276.1    87.5    86.8   154.5   171.1   276.7   311.5   328.8   341.0   356.2   374.4   404.1   476.0   788.4  1987.0  24376.7    24327
read      309.1   245.4    74.4   129.7   144.3   256.3   324.8   371.1   407.2   449.9   505.3   607.6  1127.2  2967.6  7045.5  71831.7    71896
read      382.8   513.6    80.4   135.6   152.0   261.2   323.9   369.3   409.3   469.4   576.6   932.3  3208.2  5989.7  8068.9  93805.7    93771
read      270.4    81.9    86.8   155.6   172.4   270.9   303.4   319.0   330.9   343.5   362.8   392.8   461.9   674.0  2022.9  20307.7    20452
read      282.9   113.1    80.4   138.0   153.6   272.3   325.3   353.9   374.9   398.8   428.0   468.4   566.0   986.1  2080.6  42191.0    42338
read      282.1   143.2    74.4   127.8   142.0   248.7   312.0   351.5   384.1   422.2   470.3   543.7   730.2  1120.8  2063.7  72818.0    72627
read      312.9   266.0    74.4   128.6   143.4   250.4   318.2   365.8   406.8   457.6   526.1   659.0  1227.4  3292.4  5975.2  80550.7    80603
read      282.5   144.2    80.4   131.6   146.9   263.4   320.6   353.2   377.8   404.5   436.5   487.8   602.2  1663.5  3163.7  49067.0    49049
read      303.0   307.3    80.4   132.3   147.8   248.3   303.3   334.7   359.5   391.1   432.9   527.9  1603.6  3764.2  7828.2  92206.3    92305
read      268.0   113.9    80.4   133.9   148.8   254.0   309.5   336.6   355.8   377.7   403.7   441.9   527.7   872.9  3106.4  56836.7    56889
read      258.5   113.9    74.4   128.3   142.5   236.6   292.9   322.2   343.2   369.4   401.0   446.9   555.6   917.7  2848.6  78013.0    78036
read      257.2   102.6    80.4   128.2   142.4   238.5   294.5   323.2   343.4   368.5   398.3   440.5   535.7   751.3  1155.1  71716.0    71583
read      259.9   121.9    80.4   130.0   144.4   239.7   296.0   325.1   345.2   370.5   400.4   440.7   531.3   865.3  3782.1  72533.0    72609
read      260.2   113.1    74.4   133.5   149.0   241.5   290.0   316.3   336.0   360.2   391.6   437.6   571.3  1109.7  2459.5 107571.3   107382
read      254.1   106.4    74.4   127.9   141.9   233.3   286.8   315.1   335.8   361.4   393.4   436.8   551.2   886.5  1610.6  86292.7    86530
read      262.1    74.5    93.8   159.5   175.1   261.9   290.3   305.0   315.2   327.9   343.9   371.4   435.5   684.6  2040.5  16591.3    16550
read      363.8   356.0    80.4   136.6   152.8   266.8   336.1   390.4   443.1   525.7   665.8   909.4  1798.1  3879.4  7637.3  84361.7    84534
read      314.9   250.6    74.4   132.7   148.0   260.6   329.4   375.6   413.1   459.9   521.4   631.4  1088.0  3238.1  7544.7  72347.3    72631
read      287.7   172.3    74.4   133.0   148.3   265.3   323.1   356.6   381.9   409.3   441.5   492.4   623.4  2278.1  4649.2  49471.0    49291
read      292.4   217.7    80.4   129.3   143.9   257.1   319.9   358.8   388.7   422.5   465.2   534.6   836.5  2735.1  4592.0  62263.3    62175
read      325.9   288.7    80.4   131.9   147.4   257.8   325.9   375.4   418.5   473.7   547.9   703.6  1322.3  3752.4  7472.1  80114.3    80213
read      254.6    87.8    93.8   151.8   166.4   252.0   282.8   297.4   308.7   320.0   337.4   364.5   431.8  1174.4  2471.2  16653.0    16566
read      287.6   164.1    74.4   130.6   145.4   261.7   321.2   357.2   384.9   415.8   453.3   511.5   708.5  2151.1  3905.1  53817.7    53985
read      289.4   288.3    74.4   130.7   146.2   244.8   297.2   327.0   349.5   378.4   418.8   489.6  1208.6  3728.3  7722.1 101975.7   101949
read      270.2    80.4    86.8   151.3   168.2   271.6   305.2   321.2   334.1   346.9   368.2   397.3   461.5   658.1  1318.6  24306.7    24076
read      279.1   124.2    74.4   131.0   146.2   260.3   318.6   351.6   378.0   404.2   437.9   490.9   591.4   917.9  2584.0  52538.0    52574
read      275.3   205.3    74.4   132.6   148.3   244.3   294.2   321.1   341.9   368.2   401.6   459.5   837.4  2990.5  5393.8 105913.3   106271
read      255.4   110.2    74.4   130.6   145.4   235.8   285.5   312.0   331.3   354.6   386.2   433.4   557.2  1123.9  1964.0 105607.7   105451
read      253.7   103.0    80.4   128.1   142.3   234.0   287.2   315.3   335.8   360.3   391.8   436.7   539.7   797.2  1533.5  85948.0    86087
read      274.5   101.1    86.8   149.7   165.3   274.2   312.0   330.6   343.2   359.7   380.0   412.7   486.5   787.7  3410.3  29104.3    29108
read      286.1   241.6    74.4   132.3   147.6   244.8   296.8   326.4   348.9   377.5   417.4   493.2  1254.9  3314.4  7405.0 101173.0   101115
read      262.1   130.5    74.4   129.8   144.1   239.6   295.2   324.9   345.9   371.7   403.5   450.2   575.8  1180.5  4138.7  74316.7    74326
read      258.9   118.8    80.4   128.7   143.1   238.0   293.5   322.2   342.8   369.0   399.2   442.1   549.3  1069.3  3004.4  76016.3    75832
read      253.6   110.4    74.4   128.9   143.2   233.5   284.7   312.3   332.3   356.6   388.9   434.7   544.4   914.1  2183.0  95131.0    94901
read      256.4    71.5    93.8   156.0   172.2   256.9   285.1   298.9   309.9   320.8   338.0   363.4   419.1   604.3  1547.3  15811.7    15809
read      279.0   104.6    80.4   147.4   163.2   276.4   317.1   338.1   353.3   371.2   394.5   429.0   507.1  1092.0  3048.8  28863.7    28874
read      284.3   139.0    80.4   131.3   146.6   263.0   322.2   355.7   381.5   409.6   445.1   500.3   675.3  1303.3  2549.2  51750.0    51882
read      282.8   137.1    80.4   144.3   160.7   274.9   319.6   342.9   360.6   380.8   405.2   440.8   538.1  1612.8  4694.8  32572.7    32653
read      286.8   169.5    80.4   138.5   153.8   270.8   324.1   353.0   373.7   397.8   427.3   469.6   580.9  2272.7  7601.9  41520.0    41676
read      287.5   203.6    80.4   128.2   142.5   253.3   315.7   352.5   382.0   414.6   455.0   515.2   754.3  2934.5  5068.3  63067.0    63019
read      281.4   253.3    74.4   131.3   146.5   241.9   294.6   323.1   344.7   372.2   409.1   470.9  1047.0  3586.5  7447.6  99156.7    99164
read      270.3    97.0    74.4   137.8   152.9   263.9   314.4   338.3   355.0   373.8   398.4   431.9   502.2   626.1  1552.9  46897.3    47055
read      261.1   107.0    80.4   130.5   145.1   245.5   302.3   329.9   348.4   371.0   397.5   435.6   510.0   694.8  2176.6  62365.3    62394
read      254.2   106.7    74.4   129.4   144.0   234.2   285.6   313.0   332.7   356.4   388.1   434.6   547.2   943.1  2029.4  98479.7    98519
read      274.2    97.6    86.8   145.1   161.4   272.2   313.5   333.3   346.2   364.0   386.2   421.0   507.0   921.6  2144.1  32436.0    32122
read      289.0   159.9    80.4   133.9   149.6   266.9   325.6   359.3   384.1   411.1   445.6   499.4   666.7  2075.7  3902.5  49346.7    49464
read      269.7    97.6    86.8   147.7   163.6   267.1   304.2   321.9   335.9   351.3   372.4   402.7   479.7  1079.7  2281.6  24028.0    24034
read      329.9   298.4    68.9   132.6   148.2   260.8   331.6   383.2   426.2   480.5   555.9   709.3  1325.8  3687.2  7707.1  77388.0    77363
read      309.3   367.4    74.4   131.3   146.8   246.7   301.9   333.6   358.2   390.1   435.4   545.9  1831.3  4292.2  9033.7  91796.3    91698
read      275.4   139.5    80.4   140.8   156.7   270.0   316.7   339.2   355.9   375.4   398.7   433.4   511.1   685.8  4853.8  39081.3    38997
read      290.0   177.3    74.4   127.4   141.7   242.5   305.3   347.4   387.3   436.1   502.4   608.0   879.4  1707.2  3195.4  86146.7    86028
read      315.0   249.3    74.4   129.7   145.0   252.6   318.7   366.3   407.7   460.6   535.8   685.5  1186.0  2933.4  4372.2  83104.3    83012
read      251.1    74.7    86.8   154.3   169.1   248.2   277.5   292.3   302.9   315.3   331.8   357.9   423.1   733.1  2333.1  14949.7    15024
read      286.4   206.4    74.4   127.8   142.3   254.8   314.8   349.3   376.4   407.4   444.7   502.4   757.8  2811.1  6001.0  56408.7    56640
read      301.0   290.2    80.4   131.5   147.3   248.2   301.9   333.1   357.8   390.1   435.4   547.6  1473.4  3379.3  7789.0  97124.7    97362
read      262.3   125.5    74.4   131.1   146.7   241.3   291.2   318.2   339.1   364.9   398.6   453.7   610.0  1066.6  2940.5 107297.3   107412
read      260.3   106.9    74.4   130.3   144.9   243.7   299.4   327.1   346.1   370.1   398.2   437.5   521.8   690.8  2894.5  64768.3    65030
read      255.7   104.9    74.4   128.1   142.3   235.0   291.0   320.0   340.8   365.9   396.6   439.6   539.3   801.8  1812.0  79215.3    79278
read      269.9   111.2    80.4   138.3   153.3   261.7   313.2   337.1   353.8   373.2   396.8   429.4   499.9   687.6  2986.7  47577.0    47544
read      257.4   122.3    74.4   131.1   145.8   236.1   286.0   312.8   332.6   356.7   388.9   436.3   577.0  1297.4  3132.0 105337.3   105368
read      264.4   119.1    74.4   132.7   147.7   250.2   306.2   333.2   351.7   373.3   400.1   436.2   513.3   728.6  3114.9  58160.3    58181
read      264.2   101.1    74.4   132.5   147.5   251.5   307.2   333.9   352.2   373.1   400.5   436.4   509.5   680.2  1493.3  57125.7    56960
read      260.7    95.0    93.8   160.2   175.5   259.3   287.3   301.2   311.4   321.8   339.0   365.8   430.4   981.2  2945.2  15000.7    14849
read      290.4   170.5    80.4   129.8   144.4   257.5   321.8   361.8   391.0   425.1   467.3   534.5   784.3  1970.3  3150.7  63610.0    63672
read      286.9   161.7    80.4   133.6   149.3   266.9   324.0   356.0   379.7   405.5   438.6   488.2   644.1  1946.4  3742.2  48324.7    48289
read      245.6    99.0    93.8   155.1   168.6   239.1   267.2   281.1   290.7   301.9   316.6   341.4   423.4  1379.3  3046.2  11846.3    11797
read      243.1    94.3   101.3   156.6   169.4   235.8   263.6   276.9   287.3   297.9   313.7   338.1   403.3  1296.3  3178.2  10752.0    10781
read      278.5   133.6    74.4   131.9   146.8   259.5   317.0   347.4   371.6   398.1   430.0   475.8   607.0  1594.9  2665.7  49257.3    49362
read      278.1   224.7    74.4   131.5   146.6   242.0   294.3   323.1   344.2   371.6   407.6   469.3   907.3  3225.7  5421.9 101934.3   102119
read      270.4   105.9    74.4   139.0   154.4   263.2   313.3   337.1   353.6   372.8   396.4   429.5   502.6   703.2  2334.5  46251.0    46213
read      257.2   119.3    80.4   131.1   145.5   236.2   288.2   315.6   336.0   361.0   393.0   440.1   554.2   988.4  2806.2  96791.3    97025
read      268.6    77.6    93.8   159.7   175.8   269.1   299.7   314.5   324.8   338.1   354.8   382.5   450.6   773.5  1334.2  18357.0    18351
read      270.1   105.3    93.8   152.6   168.3   268.8   303.7   320.4   333.3   346.4   367.4   396.0   462.0   892.6  3600.5  21424.3    21426
read      292.9   168.2    74.4   139.6   155.0   272.0   328.1   359.4   382.0   406.2   438.9   487.6   647.8  2453.8  3856.7  42791.0    43013
read      293.5   196.9    80.4   129.3   143.8   254.6   319.5   360.5   392.1   428.2   472.9   546.7   861.0  2419.7  4357.6  67403.3    67376
read      283.2   129.0    86.8   142.1   157.5   273.5   322.4   347.1   366.8   388.2   413.2   451.5   549.2  1714.7  2541.5  35951.7    36043
read      225.1    70.4   109.4   153.4   164.7   217.7   241.2   253.4   262.9   272.8   287.7   310.7   376.3  1043.5  2398.7   6264.7     6255
read      275.2   207.2    74.4   132.2   147.1   240.3   291.4   319.2   340.5   367.1   401.8   463.2   997.9  2819.8  4988.9 101937.7   102499
read      278.0   113.0    86.8   152.9   169.5   279.0   314.2   331.8   343.6   359.6   378.7   406.8   471.8   825.4  4806.8  26457.7    26263
read      281.0   131.2    74.4   131.4   146.9   259.1   319.4   353.8   380.1   409.7   445.8   498.7   625.4  1007.7  3334.8  56825.7    56974
read      279.0   119.2    80.4   137.0   152.4   267.9   319.1   346.7   368.2   391.3   418.7   459.3   550.3  1270.4  2855.2  40690.0    40869
read      278.9   148.0    80.4   131.5   146.8   261.0   315.4   344.8   367.2   392.7   423.8   468.2   605.3  2033.3  3459.6  46548.7    46514
read      247.6   107.0    93.8   156.7   171.2   239.0   267.3   281.6   291.6   303.9   319.3   344.2   422.8  1638.5  3670.0  11443.3    11431
read      292.0   192.9    74.4   130.7   145.7   261.0   322.5   359.5   387.1   419.1   460.1   521.7   761.7  2475.6  5761.5  58329.0    58600
read      291.6   240.3    74.4   127.5   141.1   251.6   315.1   353.9   384.2   419.2   463.1   533.3   810.0  3604.4  7753.3  67869.0    68058
read      288.5   162.9    80.4   131.7   146.9   261.6   323.4   358.7   384.7   413.6   450.6   505.8   748.4  1936.6  3546.9  54624.3    54502
read      286.7   195.9    74.4   126.9   141.3   251.9   315.9   353.6   382.9   416.1   458.4   521.9   763.5  2649.2  5073.0  64044.0    64022
read      284.0   158.0    80.4   130.8   145.9   261.3   319.3   352.2   377.6   406.1   441.3   495.4   660.9  1979.2  3689.1  52026.7    52142
read      338.3   397.7    74.4   134.5   150.8   257.0   311.8   344.4   371.6   408.6   470.2   727.5  2093.9  4701.8  7931.6 101362.0   101375
read      268.5   109.6    80.4   138.0   152.7   262.3   308.7   331.4   346.7   367.3   392.4   429.1   508.9   740.6  3518.1  40720.3    40606
read      280.0   116.2    80.4   134.7   150.2   266.1   322.0   351.7   374.7   399.7   430.3   473.7   574.1  1040.7  1909.3  47663.7    47485
read      282.2   137.5    80.4   132.0   147.5   264.4   321.2   352.9   377.0   403.9   435.2   486.5   617.6  1527.4  2917.6  48984.0    48977
read      281.1   129.5    80.4   138.2   153.7   269.7   320.6   346.8   368.2   391.2   418.5   459.2   549.4  1708.7  3626.5  38567.3    38615
read      312.6   263.6    80.4   129.8   144.5   251.6   318.9   367.0   406.6   457.2   523.9   653.0  1160.6  3357.0  7619.7  80412.3    80279
read      316.3   279.6    80.4   129.9   144.9   255.6   323.0   370.2   408.1   456.1   519.3   638.4  1300.7  3604.0  7292.0  76041.0    75843
read      304.3   232.5    80.4   130.0   145.1   258.8   325.7   369.5   401.1   438.9   488.2   571.4  1021.7  3215.6  5822.5  66945.0    67095
read      284.9   131.8    80.4   139.4   155.0   272.3   325.2   353.8   374.6   397.6   425.9   466.9   580.2  1419.2  2623.3  41064.7    41325
read      283.2   149.2    74.4   129.7   144.5   258.4   318.5   353.0   379.9   409.9   446.9   502.9   706.1  1615.7  2732.9  55739.7    55752
read      384.4   467.0    74.4   133.4   149.5   266.4   340.3   400.5   457.0   532.9   664.7   970.5  2404.4  5966.6  9672.5  85479.3    85561
read      255.3   142.3    93.8   154.9   169.6   248.4   278.7   293.9   304.8   316.5   333.2   359.9   431.4  1576.9  7710.4  14222.3    14194
read      315.4   312.0    74.4   131.1   146.3   248.0   307.5   343.7   374.0   415.7   485.8   672.7  1649.8  3447.9  7839.2  87978.7    88002
read      252.3   109.8    74.4   127.9   141.8   231.5   284.7   312.4   332.1   355.5   386.4   432.9   545.6   968.7  2386.4  90533.0    90515
read      259.2   117.5    80.4   132.9   148.0   239.7   288.7   315.1   334.5   358.1   389.2   435.5   572.3  1246.6  3320.8 109429.3   109283
read      278.8    89.7    86.8   151.7   168.4   278.5   316.3   335.3   347.9   365.5   387.6   421.0   494.2   737.0  2090.3  26720.0    26699
read      292.0   152.6    80.4   142.2   158.3   277.0   329.3   358.5   379.9   402.4   430.9   474.2   620.4  1882.3  3754.2  37232.0    37400
read      274.6   117.2    86.8   156.2   172.2   270.8   305.1   321.0   334.2   347.9   369.7   401.2   482.3  1675.9  3064.2  19355.0    19307
read      247.3    78.5   101.3   157.4   171.7   242.0   271.1   286.2   296.2   308.8   322.3   346.1   406.8   824.6  1731.6  11512.3    11527
read      293.6   251.8    74.4   130.0   144.6   244.7   302.3   334.0   358.8   390.7   436.4   568.2  1209.3  3381.8  7094.0  83764.3    83787
read      269.5    79.7    93.8   152.7   169.5   270.4   304.2   320.0   332.7   345.7   366.1   394.9   459.6   622.0  1510.9  22183.0    22209
read      291.7   159.3    80.4   130.0   144.7   251.7   315.7   359.0   394.6   438.0   496.6   588.6   804.8  1359.7  2807.9  75010.0    75169
read      305.8   231.2    80.4   130.6   145.5   256.7   321.9   366.6   402.2   448.0   507.2   615.0   951.9  3104.7  5876.0  74134.7    73833
read      296.1   313.8    74.4   130.6   145.4   243.6   298.0   327.9   350.3   379.5   419.6   503.1  1608.6  3927.3  7855.3  94739.3    94641
read      260.2   113.9    74.4   129.9   143.9   243.4   299.3   326.8   345.4   368.4   397.1   436.1   534.4   846.2  3037.1  61480.7    61338
read      253.8   125.9    74.4   126.3   140.2   228.6   281.7   310.1   330.3   354.8   388.1   437.3   658.9  1404.5  2139.1  91818.3    91825
read      255.4   109.8    80.4   128.5   142.4   234.8   290.3   319.2   339.9   364.8   396.2   438.3   531.1   769.1  2783.2  77629.0    77235
read      279.0   101.2    80.4   143.6   159.5   276.2   321.1   342.8   359.4   378.2   401.4   436.9   526.8   817.4  1481.5  37092.3    37257
read      287.6   118.9    80.4   149.1   165.2   283.8   328.8   351.4   368.6   388.0   410.8   445.9   524.1  1061.9  3147.3  32030.7    32057
read      272.2   206.2    80.4   133.7   149.2   243.4   293.6   320.7   341.6   367.5   401.0   456.9   684.9  3431.9  6389.8 108594.7   108618
read      258.2   114.4    68.9   128.8   143.1   238.4   294.6   323.5   344.1   369.2   399.2   441.5   536.5   795.5  1824.6  72925.0    72930
read      272.0   120.3    80.4   139.0   154.6   266.0   314.9   338.0   354.3   373.1   396.9   430.8   501.0   634.6  4231.5  43698.3    43714
read      252.8   106.6    74.4   127.9   141.7   232.1   285.8   313.9   334.1   358.8   390.9   435.2   541.1   863.6  1970.2  87654.3    87369
read      265.3   110.1    74.4   132.8   147.9   251.1   306.9   333.8   352.6   375.3   400.9   435.9   516.2   801.5  2833.1  56556.3    56640
read      253.9   113.9    74.4   129.4   143.7   233.4   284.7   312.2   331.9   355.4   387.0   433.4   552.4   970.0  2368.9  97312.0    97360
read      254.4   109.1    74.4   128.1   142.1   234.1   289.4   317.7   338.1   363.1   394.5   437.0   536.9   764.1  1594.5  79781.3    79788
read      253.0   100.9    93.8   161.7   175.9   249.0   276.1   290.2   299.6   312.0   326.7   350.3   414.8   817.6  2685.2  11395.0    11352
read      357.1   465.9    74.4   134.7   150.9   260.5   320.1   357.9   387.9   426.5   494.6   799.7  2714.4  5886.5  9456.7  87864.7    87962
read      278.3   110.5    80.4   141.0   157.0   270.0   318.3   342.3   360.7   381.7   406.4   449.7   549.6  1020.9  2415.8  40523.0    40663
read      300.6   200.4    80.4   132.1   147.3   264.1   330.7   372.4   402.5   436.6   481.4   549.2   844.0  2595.8  5074.6  59067.3    59386
read      289.9   142.0    74.4   135.6   151.1   269.3   328.3   362.1   387.2   415.7   449.5   501.1   652.7  1707.4  2801.5  48171.0    48302
read      275.2   102.4    93.8   157.2   174.1   273.2   307.1   324.1   336.9   351.1   370.6   400.2   474.1  1000.8  2742.4  19455.3    19398
read      343.4   323.5    80.4   135.6   151.5   263.0   334.4   388.0   435.6   497.5   593.4   772.6  1489.9  4084.9  7708.3  82413.3    82197
read      341.6   335.9    80.4   134.4   150.4   264.1   335.9   389.4   434.4   494.7   576.7   731.8  1604.9  4101.5  8063.1  77202.0    77387
read      344.2   322.0    80.4   137.8   153.3   270.3   343.3   396.0   440.0   497.8   577.5   724.2  1591.5  3909.2  7670.1  72974.0    72753
read      232.3    82.1    93.8   156.5   168.3   224.0   248.7   262.2   271.1   282.3   295.4   318.2   388.7  1238.5  3073.4   7754.7     7720
read      289.8   138.8    80.4   137.6   152.4   271.1   329.0   362.5   386.9   414.0   447.2   497.2   646.5  1575.9  2958.8  46393.3    46279
read      288.6   158.4    80.4   138.7   154.0   270.9   326.0   356.1   378.5   402.1   431.2   476.4   620.5  2148.0  3542.5  42097.3    42102
read      279.8   250.0    74.4   130.1   144.9   239.6   294.6   324.2   346.2   373.9   412.3   472.9   968.7  3481.9  7229.7  90789.3    90892
read      278.3   123.2    74.4   141.9   158.2   273.5   320.5   343.3   360.2   379.3   403.1   439.2   524.4   865.1  1792.4  40032.0    39976
read      289.8   145.3    80.4   133.1   148.4   261.3   324.4   362.9   392.0   425.7   467.4   536.3   716.8  1213.8  3051.4  61024.7    61084
read      273.3   123.7    86.8   160.2   177.1   269.4   301.0   317.2   329.3   342.6   362.4   392.2   463.3  1259.1  6447.5  16761.7    16735
read      292.3   167.9    80.4   138.4   153.9   271.4   328.7   360.1   382.9   409.2   441.6   491.7   644.0  2310.8  4012.8  45851.3    45909
read      281.2   118.8    86.8   149.3   165.2   276.4   317.7   339.2   354.8   372.6   395.9   430.3   516.7  1566.8  3318.2  28901.0    28976
read      346.2   335.9    80.4   134.8   150.8   260.3   329.3   381.8   431.3   502.1   612.8   817.9  1560.8  4178.9  7862.7  84747.7    84704
read      275.5   272.1    80.4   130.8   145.7   239.8   291.8   319.7   341.1   367.6   403.1   464.2   754.9  3721.3 12076.3 101700.0   101822
read      251.0   109.7    74.4   127.3   141.2   229.7   282.1   310.1   329.9   354.0   386.8   433.3   547.0   950.6  1741.5  92674.7    92571
read      255.9    95.3    86.8   160.9   176.5   252.8   279.4   293.1   303.1   314.7   330.3   356.7   428.8   914.6  3824.7  12123.3    12106
read      290.2   170.6    80.4   131.3   146.1   260.4   322.3   359.6   387.4   419.9   460.1   524.1   748.0  2153.5  4192.3  58509.7    58568
read      291.0   167.0    80.4   134.1   149.7   266.4   326.9   361.5   386.7   415.4   451.1   505.8   694.5  2285.8  3200.6  51251.0    51319
read      274.5   110.9    86.8   152.7   168.7   270.3   306.0   323.9   337.3   352.6   373.1   404.6   498.2  1564.8  2746.5  21594.0    21556
read      258.4    87.6   101.3   159.3   174.1   254.4   284.4   299.0   310.3   321.7   339.0   365.6   430.8  1115.1  3180.4  14054.0    14191
read      279.8   115.1    86.8   148.2   164.1   275.6   317.6   338.7   353.7   371.1   394.3   428.4   508.3  1251.8  2404.2  29002.0    29072
read      288.3   232.6   101.3   162.5   178.7   271.4   303.5   320.3   333.8   347.9   370.5   406.5   802.3  2720.1  8809.1  16399.7    16350
read      353.0   360.5    74.4   135.3   151.6   264.8   335.2   386.8   429.9   490.6   589.5   822.0  1838.4  4125.1  7885.4  86987.7    86891
read      252.8   113.0    74.4   129.2   143.5   232.1   282.4   309.7   329.3   353.0   384.4   431.6   553.8  1099.2  2310.6 104444.7   104441
read      239.8    71.2    93.8   158.7   172.0   235.3   261.4   273.5   283.2   293.4   307.6   328.6   389.8   653.8  3805.2   8834.0     8906
read      294.9   144.9    86.8   141.7   158.0   277.6   334.3   366.3   389.1   414.6   446.8   497.7   640.9  1830.4  3319.2  42055.3    42175
read      302.2   250.2    80.4   136.0   151.2   268.8   329.8   366.0   391.8   421.8   459.4   517.6   802.0  3407.4  7873.9  51728.7    51797
read      361.6   445.5    80.4   134.8   150.5   266.9   339.4   392.1   434.4   488.3   567.8   765.8  2107.1  6051.6  9265.4  76755.3    76678
read      277.2   137.7    93.8   155.2   171.1   270.6   304.9   321.4   334.7   348.7   369.7   400.8   509.6  2016.4  3407.6  19765.7    19630
read      280.1   234.0    74.4   130.8   145.8   241.2   293.8   323.3   345.6   374.7   413.1   480.0  1032.1  3403.7  7104.4  99875.3   100132
read      278.1   103.8    80.4   142.3   158.3   273.2   320.9   343.8   361.1   380.8   404.6   441.8   523.8   701.0  2641.8  40494.7    40498
read      273.9   223.5    74.4   132.1   147.6   240.4   290.9   318.2   339.3   365.2   399.5   457.3   794.9  3308.2  7545.5 108471.3   108559
read      271.4    86.7    86.8   151.9   168.4   272.7   307.0   323.2   336.1   350.3   370.4   400.3   465.9   638.6  1376.5  23966.0    23964
read      301.1   236.2    80.4   128.8   143.3   253.7   320.5   364.7   399.8   442.8   498.5   589.3   897.2  3300.1  6165.6  70782.7    70760
read      284.2   294.8    80.4   129.3   143.7   238.8   292.0   320.6   342.5   370.4   408.0   478.0  1197.9  4187.5  7778.5  99768.0    99567
read      281.9   225.2    80.4   132.3   147.7   244.0   295.4   324.0   345.6   373.3   411.1   479.5  1088.9  3056.4  5746.1 107559.0   107548
read      266.5   114.5    74.4   133.5   148.3   253.0   308.2   334.8   353.3   374.2   401.3   437.1   524.7   830.0  2923.4  53754.0    53742
read      254.4   118.4    74.4   129.5   143.8   232.2   282.9   310.2   329.8   353.6   385.9   433.2   584.2  1290.4  2339.6 103513.3   103931
read      262.1   105.9    74.4   130.7   145.5   246.6   303.6   330.9   349.3   371.7   399.0   436.0   517.3   754.5  2403.4  60424.3    60359
read      248.3    66.6   101.3   161.7   175.6   244.7   271.0   284.6   293.7   305.5   319.2   343.6   409.1   726.0  1899.1   9708.3     9725
read      287.7   158.8    80.4   133.6   149.2   265.5   325.4   359.7   385.1   413.2   448.4   500.5   634.3  1880.4  4246.7  52086.3    52014
read      292.3   159.4    80.4   141.5   157.5   276.7   330.6   360.1   381.4   404.1   434.2   480.7   620.0  2243.7  5312.5  39918.7    40053
read      344.3   367.2    74.4   131.5   147.0   254.3   321.9   375.0   422.0   487.2   583.8   793.5  1724.3  4835.5  7891.9  86390.3    86436
read      275.8   115.9    80.4   150.6   166.5   273.1   309.5   328.0   341.1   357.3   376.8   405.9   492.0  1579.6  3647.3  23992.3    23983
read      305.5   259.3    74.4   131.2   146.1   258.6   325.4   368.3   400.7   439.5   490.0   571.5   932.8  3680.5  7837.0  66714.3    66595
read      285.5   125.0    86.8   151.7   168.2   280.2   320.0   340.7   356.2   374.0   397.0   431.0   543.3  1495.0  3656.8  26127.7    26056
read      300.0   230.1    80.4   133.8   149.3   266.7   327.1   361.7   387.7   417.7   454.9   514.1   941.5  2899.4  7415.4  51718.0    51764
read      286.5   151.4    80.4   139.9   155.3   271.4   324.1   351.8   371.8   395.1   423.4   465.7   592.4  2074.2  3917.5  40145.3    40202
read      324.6   303.3    80.4   131.5   146.8   258.4   328.3   379.3   421.6   474.3   543.7   677.1  1236.3  4178.2  7993.0  76762.0    76665
read      246.0    84.8   101.3   158.1   172.3   240.0   267.6   281.3   290.7   301.5   315.7   339.5   407.0  1180.1  2509.4  11253.3    11133
read      338.5   316.9    74.4   133.6   149.5   262.7   333.2   386.0   429.8   489.3   575.3   742.9  1502.5  3939.2  7674.0  79914.0    80405
read      332.9   347.9    74.4   131.5   146.9   257.7   326.3   377.2   421.1   477.7   556.3   707.6  1495.9  4562.3  9736.7  79196.7    79106
read      279.9   249.9    74.4   131.4   146.5   241.1   293.6   322.3   343.7   371.3   407.3   469.9  1009.2  3739.3  7494.3  97011.3    97258
read      282.2    95.1    86.8   148.4   165.3   279.4   323.6   344.9   361.7   380.3   402.6   436.8   514.9   692.0  1604.3  36491.0    36307
read      288.7   102.8    86.8   156.0   173.1   286.1   327.3   348.2   364.7   383.2   405.1   437.5   510.7   807.5  3251.6  28499.0    28636
read      292.0   148.8    74.4   141.9   158.3   276.6   330.5   359.6   381.0   404.6   434.8   480.1   613.7  1951.3  3305.4  41445.3    41620
read      338.9   316.0    80.4   135.4   151.1   266.0   337.9   390.6   434.7   491.4   569.5   722.5  1441.2  4340.7  7418.8  75781.0    75736
read      300.4   209.9    74.4   137.6   153.4   272.6   330.9   363.0   386.8   414.8   449.3   503.7   841.8  2940.5  5872.8  44886.3    44979
read      292.3   144.3    80.4   148.8   164.9   282.3   328.6   353.2   371.5   392.0   417.0   456.0   577.5  2224.4  3417.2  31369.7    31478
read      288.7   169.3    80.4   141.3   157.2   272.9   324.6   352.6   373.3   396.9   424.0   463.5   582.3  2409.4  5084.5  37448.3    37586
read      281.8   265.2    74.4   132.7   148.3   243.3   293.8   321.2   342.4   369.1   403.7   466.9   975.8  3530.9  7993.8 108254.0   108330
read      260.3   105.0    80.4   130.3   144.8   243.0   300.9   328.5   347.4   371.5   398.9   435.3   517.2   737.5  2110.1  64342.7    64301
read      252.4    78.9    93.8   160.9   174.6   249.4   277.0   290.8   300.2   312.3   327.0   351.0   414.2   698.7  3124.2  11174.7    11203
read      238.1    92.2   101.3   158.9   170.9   229.3   255.4   268.9   278.1   290.1   305.1   328.7   399.9  1338.3  3852.5   7266.0     7291
read      301.3   289.4    80.4   130.3   145.1   244.7   303.7   338.9   368.0   403.6   459.7   593.2  1263.7  3783.2  7768.0  87214.7    87477
read      258.2   116.2    74.4   127.7   141.6   234.6   291.4   320.9   342.6   369.7   401.1   448.3   586.8  1113.9  1998.9  77547.7    77485
read      272.3   101.2    86.8   139.8   155.3   266.8   315.9   338.9   355.4   374.2   397.6   430.8   503.0   668.2  2101.4  42011.3    42055
read      279.0   107.1    86.8   151.1   167.1   277.4   315.8   335.1   348.0   365.8   387.3   418.8   499.1  1178.1  2880.9  26841.0    26865
read      289.4   260.1    74.4   131.3   146.4   243.2   297.6   327.9   350.9   380.4   418.6   495.3  1399.8  3404.6  7334.7  94441.7    94592
read      258.9   112.1    74.4   129.4   143.7   240.6   297.5   325.5   344.9   368.9   398.2   437.5   526.5   739.3  3520.5  67154.0    66869
read      267.7    89.1    86.8   157.7   174.5   268.5   298.6   314.0   324.3   337.1   352.8   379.9   444.2   658.7  2957.4  17729.0    17835
read      291.1   164.3    74.4   133.3   149.0   264.3   325.8   362.4   389.9   420.7   458.5   514.9   693.3  2272.5  4243.1  55786.0    55977
read      334.8   354.7    74.4   131.1   146.5   255.7   320.2   365.5   404.1   460.6   549.5   741.6  1731.4  4536.9  7924.5  82176.3    82437
read      257.8    86.1    86.8   154.2   170.2   254.9   285.2   300.4   312.1   325.0   342.0   370.3   437.3   793.2  2824.0  15870.7    15775
read      297.4   268.9    74.4   129.0   144.1   243.9   301.5   335.6   363.5   400.7   458.1   595.1  1229.4  3714.8  7874.9  87346.7    87559
read      255.3   112.2    74.4   130.1   144.8   235.7   285.8   312.3   331.4   354.2   384.9   432.2   566.5  1096.6  2469.0 105218.3   105401
read      250.9   118.5    74.4   126.5   140.5   230.1   283.6   311.3   331.1   354.9   386.5   432.1   536.4   891.4  2904.2  88620.3    88752
read      251.5   107.6    74.4   127.8   141.6   231.5   283.8   311.4   331.0   354.3   384.8   430.1   540.4   916.8  2231.5  94321.3    94531
read      253.8   105.2    74.4   129.7   144.2   234.4   285.0   312.0   331.6   355.4   387.1   432.8   543.5   904.8  2120.4 101279.0   101303
read      251.4   109.3    68.9   127.4   141.3   231.1   284.7   312.6   332.5   356.4   388.3   432.8   531.4   783.3  2374.7  86744.0    86640
read      252.3   113.4    74.4   127.3   141.3   232.1   286.3   314.6   334.9   359.0   390.2   434.2   532.4   770.7  1487.4  85077.7    84818
read      268.5    80.9    86.8   153.9   171.4   269.5   301.2   317.1   328.9   342.0   360.6   389.5   452.7   641.1  1957.7  20160.3    20221
read      285.0   114.4    80.4   137.9   153.9   273.1   327.6   358.4   380.9   405.1   434.9   478.5   571.3   764.2  2132.9  43501.7    43599
read      285.1   121.3    80.4   134.0   149.8   266.5   325.5   359.9   385.8   414.7   450.2   502.6   617.3   851.2  1365.7  52658.3    52779
read      259.4   140.4    74.4   127.3   141.5   232.5   286.3   314.9   336.1   362.2   396.6   450.9   692.5  1684.7  2994.6  89663.7    89855
read      271.0   107.2    80.4   137.2   152.5   262.6   315.1   339.2   356.6   376.5   401.1   434.7   508.5   704.5  2911.6  48539.0    48532
read      255.8   131.3    80.4   130.6   145.7   236.4   285.9   312.3   331.6   354.7   385.9   433.6   555.7   940.2  2641.2 107209.3   107423
read      270.7    95.3    74.4   138.1   153.6   264.5   315.5   338.9   355.5   374.2   398.7   433.5   504.0   615.9   825.1  46644.0    46535
read      269.2   109.4    74.4   136.0   151.3   261.6   312.6   336.5   353.1   372.2   396.5   431.3   504.1   678.6  2929.9  47507.0    47535
read      266.6   109.9    74.4   134.5   149.8   257.6   309.7   334.5   351.5   371.7   396.9   432.0   503.5   664.1  1663.1  49758.3    49633
read      278.2   113.9    80.4   147.0   163.6   277.6   317.8   338.0   352.0   369.0   391.7   425.9   495.7   679.1  2908.3  30474.3    30334
read      270.5    79.4    93.8   157.7   175.1   270.4   302.1   318.0   330.0   343.0   362.6   392.3   457.3   664.6  1977.4  17272.3    17207
read      278.4   226.9    74.4   131.7   147.0   242.1   293.8   321.8   343.4   371.0   407.2   470.5  1000.7  3286.5  6669.8 105962.3   106074
read      267.4    96.3    74.4   135.1   150.7   260.0   311.5   335.7   352.2   371.4   396.0   432.5   503.6   625.5   869.1  48978.0    48912
read      249.8   104.4    74.4   127.0   141.1   230.4   281.6   309.0   328.4   351.6   382.6   428.8   534.3   851.4  2160.0  96512.3    96483
read      275.8    98.2    80.4   141.0   157.0   272.3   319.4   342.1   358.8   377.2   400.4   435.1   505.8   689.4  1514.1  39082.7    39228
read      276.7   190.5    74.4   127.7   142.1   236.2   291.5   321.7   345.5   376.6   422.2   515.4  1029.1  2249.4  3742.4  92269.7    92350
read      249.6   102.1    68.9   125.5   139.6   229.6   283.7   311.8   331.7   355.6   387.3   431.5   528.4   751.9  1644.9  84951.3    85084
read      251.2   104.4    74.4   125.9   140.0   230.8   285.9   314.4   334.7   359.2   390.8   434.0   528.7   758.9  1371.3  81995.3    81993
read      253.6   117.1    74.4   129.2   143.7   233.2   283.9   311.0   330.5   354.3   386.3   433.5   549.8   950.3  3171.6 101761.0   101617
read      267.8   100.0    80.4   158.4   175.5   267.1   297.2   312.5   322.4   336.2   352.7   382.4   445.6   747.7  3675.9  16704.3    16730
read      281.1   138.0    74.4   128.4   143.0   248.9   312.7   351.4   382.9   420.0   465.5   536.7   711.5  1036.2  1612.6  70838.0    71079
read      263.7   194.1    74.4   129.8   144.6   234.5   284.5   311.6   331.3   355.2   388.1   439.9   674.7  3260.3  5097.0 108915.0   108942
read      262.4   101.2    74.4   130.9   145.8   250.7   305.7   331.6   349.0   370.9   396.8   433.2   505.0   631.2  1056.7  55363.0    55406
read      271.3    99.2    80.4   137.4   152.3   265.1   314.3   338.0   354.9   374.2   400.2   436.9   521.9   681.7  1374.5  42290.0    42279
read      277.4    85.7    86.8   152.9   170.6   278.4   313.3   331.5   343.8   360.4   380.4   410.4   472.5   663.6  1663.6  21851.3    21876
read      285.5   108.6    74.4   144.0   160.8   280.5   328.2   352.9   371.3   392.4   417.6   455.1   536.7   851.4  2191.8  34150.7    34140
read      289.6   157.7    74.4   138.2   154.1   275.0   330.1   361.2   383.9   408.0   437.5   484.9   583.6  1506.2  5370.7  42924.3    42897
read      272.3    81.1    86.8   156.3   173.5   272.4   305.1   320.9   333.5   346.2   367.0   397.7   462.6   826.0  1432.6  18604.7    18462
read      265.4   195.2    74.4   128.6   143.1   234.1   285.4   313.6   334.7   360.5   394.6   450.2   738.3  2914.1  6014.5 100219.3   100375
read      274.8    99.8    80.4   139.7   155.4   269.8   319.0   341.8   358.4   376.8   400.8   437.0   516.3   664.6  1829.5  41410.0    41347
read      265.9   197.9    74.4   129.8   144.7   236.4   288.3   316.1   336.9   362.5   395.6   447.1   637.7  3293.7  5643.8 101363.3   101594
read      269.2   111.8    74.4   136.4   151.8   261.3   312.7   336.5   353.0   372.1   396.7   430.5   500.2   662.4  3377.2  47726.3    47486
read      255.5   101.7    74.4   127.6   141.6   236.3   293.3   321.6   341.7   366.3   396.1   437.6   530.7   682.7   937.0  73366.0    73393
read      266.4   113.6    74.4   133.0   148.6   255.9   309.6   335.0   352.3   372.3   397.6   432.6   504.0   739.8  2921.9  50926.7    51134
read      262.3   100.1    74.4   130.9   145.9   248.6   304.7   331.9   350.1   372.0   398.6   435.6   515.1   639.8   929.4  58029.3    58201
read      258.5   106.5    74.4   128.4   142.8   239.4   296.8   325.7   345.6   369.8   399.0   441.9   537.4   726.0  2441.9  71011.7    71020
read      254.7   107.3    74.4   126.6   140.7   235.6   292.3   320.5   340.7   364.3   394.1   435.6   524.0   703.0  2971.4  72244.7    72071
read      250.5   105.9    74.4   126.9   140.8   229.7   281.8   309.5   329.4   353.4   386.0   432.6   543.4   926.8  1703.2  93308.0    93446
read      275.2    91.7    80.4   148.9   165.4   275.8   314.2   333.0   345.2   361.8   381.8   414.1   480.2   676.6  2612.9  28469.7    28724
read      281.7   133.6    80.4   130.3   145.6   259.5   319.4   353.8   380.2   411.1   450.2   508.2   651.6   922.4  2435.6  59136.3    59269
read      294.5   157.6    74.4   130.7   145.9   256.0   319.8   362.3   396.7   438.8   497.5   593.3   817.0  1188.2  1874.2  74757.7    74624
read      283.2   126.1    68.9   133.4   149.2   265.0   324.0   357.1   381.2   408.6   442.0   492.8   606.0  1005.9  2757.7  52388.0    52368
read      250.1    69.0    93.8   161.6   176.3   245.9   272.7   287.0   296.3   308.9   322.7   345.8   410.9   706.8  1968.3   9692.7     9687
read      282.4   115.2    80.4   136.9   152.7   270.2   325.3   354.7   376.6   400.6   430.1   470.9   572.1   816.7  1603.9  44056.7    44165
read      236.9    63.2   101.3   159.7   172.0   230.7   255.5   268.8   277.9   290.0   305.0   328.7   397.2   712.3  1931.4   6989.0     6895
read      285.1   137.2    80.4   132.5   148.2   263.4   323.6   358.1   385.0   416.3   454.5   508.7   642.7   879.4  2861.3  55310.0    55457
read      282.0   135.8    74.4   129.3   144.1   256.7   317.2   353.2   381.2   414.1   456.3   519.9   679.9  1143.4  2689.8  61248.7    61164
read      269.4   215.2    74.4   130.7   145.9   238.8   288.4   315.0   335.1   360.2   393.6   446.9   689.6  3316.5  6375.8 108449.0   108384
read      277.0    96.4    80.4   145.5   162.0   275.8   318.1   338.6   353.3   371.2   394.3   428.4   502.0   683.2  1746.2  33336.3    33319
read      270.3   218.7    74.4   128.7   143.3   236.7   288.9   316.3   337.1   363.1   397.8   454.6   764.5  3194.5  7013.3  97893.3    97895
read      276.5   107.8    74.4   141.2   157.6   272.4   319.1   341.7   358.5   377.3   400.2   435.5   511.6   731.0  3081.4  39629.3    39720
read      286.3   142.4    74.4   129.5   144.5   254.2   317.8   357.5   389.3   426.7   473.4   548.6   739.2  1026.2  1905.6  68555.0    68554
read      317.3   225.2    74.4   131.9   147.7   254.8   319.6   367.0   409.4   468.5   558.9   731.2  1156.8  1974.5  4068.8  87069.0    86849
read      282.2    94.9    80.4   146.9   163.3   280.9   324.2   345.8   362.5   381.2   403.7   436.0   504.6   660.8  1333.6  30171.3    30264
read      276.0   253.9    74.4   128.7   143.4   236.6   289.3   317.3   338.6   365.4   401.7   461.7   854.8  3497.8  7274.2 100750.7   100754
read      250.2   109.6    74.4   127.0   141.1   230.2   281.5   308.7   327.8   350.9   383.0   429.2   544.2   907.4  1992.2  98110.0    98098
read      249.5   109.6    74.4   125.9   140.0   229.0   282.4   310.6   330.4   354.3   386.2   430.5   522.3   773.7  3280.0  85932.3    86028
read      252.3   105.3    74.4   128.4   142.3   232.1   285.0   313.0   333.2   357.3   388.7   433.0   533.4   815.8  2587.9  93075.3    93054
read      273.0   102.8    74.4   138.3   153.7   266.6   316.4   339.9   357.2   377.1   400.4   435.9   516.1   740.7  2012.9  42472.7    42348
read      280.8    93.2    80.4   147.9   164.9   279.7   322.3   343.3   359.3   377.0   398.8   431.5   500.1   641.6  1826.0  29529.0    29490
read      275.1    78.5    86.8   158.4   175.8   275.6   308.4   324.7   336.9   350.4   369.9   398.2   462.6   682.3  1241.4  18142.3    18187
read      260.9   146.7    74.4   128.2   142.4   233.5   286.9   315.0   335.6   360.8   394.2   449.5   738.1  1752.7  3219.0  94933.0    95113
read      240.0    78.6    93.8   157.5   171.8   233.5   259.8   272.8   282.8   293.6   309.3   333.8   391.0   789.7  3270.4   8520.0     8570
read      282.2   132.4    74.4   130.5   145.4   257.3   319.1   355.7   383.4   416.0   455.7   514.6   660.2   982.1  1846.7  62281.7    62285
read      281.4   117.5    74.4   132.7   148.5   264.4   324.1   356.3   380.5   408.8   440.7   488.8   589.5   797.3  1366.1  52545.3    52582
read      283.7   102.4    74.4   143.0   159.5   279.6   326.8   351.2   369.6   389.9   414.1   450.7   531.2   743.4  1598.8  34022.3    34260
read      284.0   135.8    74.4   131.5   146.8   259.6   321.1   358.1   385.9   417.7   456.8   514.1   647.8   971.3  3363.6  59450.3    59493
read      283.7   130.1    80.4   130.7   146.0   260.6   321.8   358.1   385.6   417.3   456.0   512.9   653.4   996.1  1980.5  58253.0    58208
read      265.9   175.7    74.4   128.7   143.1   235.1   288.7   317.0   338.2   364.7   399.6   459.0   781.0  2513.1  4361.0  93343.7    93458
read      269.2    97.7    86.8   156.9   174.1   268.4   299.2   315.1   326.3   339.5   358.1   389.1   454.7   784.1  2682.8  18100.0    18056
read      258.3   126.7    74.4   129.2   143.7   234.0   286.5   314.6   335.2   360.4   394.2   447.7   638.9  1303.4  3345.2  93971.0    94134
read      276.9   110.7    80.4   142.2   158.2   274.0   319.7   340.9   356.7   374.6   397.3   430.8   504.4   865.1  3149.1  37823.7    37808
read      284.1   125.0    74.4   133.7   149.6   265.4   324.5   358.7   383.8   412.3   448.1   499.5   608.7   835.8  3072.3  53345.7    53481
read      278.4    88.9    80.4   150.1   166.6   278.3   317.0   336.5   349.9   368.1   389.8   420.2   486.0   700.1  1470.1  25678.7    25666
read      282.1   233.4    74.4   133.5   149.4   246.8   297.8   325.9   346.7   373.7   410.3   471.9   856.7  3392.9  7184.4 108907.7   108853
read      277.0   106.0    80.4   140.9   156.8   270.8   318.9   342.7   360.6   381.0   405.1   444.3   530.7   770.0  3419.7  41832.3    41576
read      290.1   146.8    74.4   131.7   147.3   257.6   320.6   362.0   394.1   433.1   481.1   554.6   728.0  1075.3  2438.5  70063.0    70282
read      284.3   113.4    80.4   137.5   153.4   271.6   326.9   357.5   380.1   404.3   435.1   478.8   573.5   831.6  1891.6  45786.7    45769
read      273.2   170.8    74.4   128.9   143.5   238.1   292.0   321.6   344.8   374.6   416.6   498.6   898.1  2144.8  3386.8  92709.3    92383
read      258.4   123.6    93.8   162.9   178.4   253.8   281.2   295.0   305.6   317.0   333.6   360.8   427.0   904.1  8202.2  12042.3    12100
read      281.2   134.8    74.4   127.9   142.4   250.8   314.3   352.8   384.7   421.6   465.9   534.9   693.4   961.8  1559.4  67733.0    67747
read      289.8   154.2    74.4   130.4   145.2   253.8   318.3   359.7   393.1   432.5   483.6   565.0   757.6  1313.7  2889.5  68629.3    68933
read      285.5   136.9    80.4   130.2   145.3   257.6   320.2   358.4   388.4   423.1   466.0   534.4   699.3  1036.9  1752.4  63039.7    63242
read      287.5   150.6    74.4   128.7   143.3   249.7   313.7   355.7   390.6   430.8   483.6   573.1   779.7  1213.8  1944.8  73086.7    72993
read      283.5   118.2    80.4   134.8   150.4   265.9   325.4   359.1   384.0   411.6   443.5   492.5   593.8   802.7  1300.2  51168.7    51022
read      278.8   138.0    74.4   127.0   141.6   249.5   312.2   349.0   378.9   414.6   459.7   526.4   691.6   942.0  2367.2  67150.0    67069
read      279.8    95.8    86.8   151.0   167.9   279.6   317.5   337.0   350.4   367.5   389.1   420.9   483.1   826.3  2758.9  24918.7    24895
read      289.9   149.6    74.4   130.3   145.5   256.0   319.7   361.5   393.4   430.8   480.1   559.2   754.7  1227.3  2800.7  68427.3    68588
read      284.2   114.7    74.4   138.1   154.2   272.9   327.6   357.7   379.7   402.0   430.9   471.5   561.5   844.3  2292.3  42637.7    42706
read      282.7   117.7    74.4   134.8   150.6   267.0   325.6   356.9   380.1   406.4   438.4   485.9   584.0   855.2  1980.5  49155.3    49479
read      284.4   146.7    74.4   129.8   144.6   256.2   318.9   357.3   387.4   421.6   463.8   529.1   688.1   971.0  3825.2  64791.0    64792
read      289.4   171.3    74.4   128.5   143.1   250.0   315.0   357.4   391.9   433.3   486.8   574.1   792.5  1457.9  3433.3  74074.0    73879
read      282.6   103.9    80.4   143.8   160.8   279.4   324.0   347.4   365.5   385.4   408.8   446.6   522.4   790.0  2299.7  31976.0    31893
read      283.0   146.6    74.4   127.2   141.3   246.8   310.2   349.5   383.7   425.1   477.6   561.3   760.7  1064.8  1737.9  74194.7    74262
read      281.9   126.8    74.4   130.9   146.1   259.7   320.1   356.0   383.3   413.3   450.8   506.0   635.7   972.8  2319.8  57418.3    57246
read      253.2   119.7    74.4   126.2   140.3   229.8   283.3   311.3   331.4   355.5   388.3   436.5   606.4  1178.9  2670.1  91640.0    91617
read      260.9   103.2    74.4   130.9   145.9   248.5   303.3   328.9   346.0   367.0   392.6   428.5   502.7   679.1  2629.4  55301.3    55173
read      256.9   125.5    74.4   131.3   146.4   237.0   286.4   312.8   331.9   354.8   385.4   431.9   559.2  1100.9  3627.6 108561.7   108633
read      259.7    96.4    86.8   156.8   173.1   258.9   288.1   302.7   312.8   324.0   340.3   366.4   425.1   649.2  3892.9  15926.0    15720
read      271.4   225.6    74.4   129.3   144.1   237.4   289.5   317.0   337.8   364.0   399.3   456.6   727.1  3371.4  6295.5  99615.7    99961
read      250.6   103.6    74.4   128.0   142.3   231.0   281.0   308.2   327.5   350.5   382.0   429.3   543.3   900.9  1594.2 102657.7   102613
read      263.9   110.0    74.4   131.2   146.1   250.5   306.0   332.6   350.9   372.4   398.4   433.7   507.7   803.6  2782.5  57254.7    57169
read      262.1   101.6    74.4   131.1   146.1   249.1   304.5   330.9   348.5   369.8   396.1   433.5   504.8   634.6  1968.1  57004.7    56950
read      265.5   106.9    80.4   134.0   149.3   256.9   309.8   334.2   350.4   369.8   394.2   428.2   495.1   624.4  3042.6  49866.7    49938
read      226.8    67.6   109.4   155.2   166.6   219.7   242.3   255.5   265.3   275.1   290.4   314.1   374.0   691.6  3037.2   5428.0     5383
read      283.3   109.9    80.4   139.9   156.0   274.4   326.1   353.8   374.0   397.0   424.5   464.0   549.8   780.9  1980.8  39525.0    39719
read      285.4   108.8    80.4   142.5   159.1   279.8   328.6   353.7   372.1   394.5   421.6   460.2   539.5   793.6  2693.2  36788.7    36653
read      283.5   143.1    74.4   127.9   142.3   250.0   313.4   353.2   386.3   425.4   473.5   548.5   734.8  1086.2  1769.4  69464.0    69482
read      281.7   115.8    80.4   135.0   150.8   267.6   323.8   355.3   378.3   403.6   434.9   480.8   576.1   749.3  1440.6  46868.7    46749
read      288.5   151.4    74.4   131.5   146.8   258.3   320.7   360.6   390.8   426.4   470.2   541.7   725.8  1052.0  3043.6  65049.0    65109
read      280.9   112.1    80.4   134.9   150.9   267.7   322.8   353.1   375.7   401.6   432.9   476.2   573.1   773.1  1139.2  46403.3    46501
read      273.3   193.1    74.4   131.6   147.2   241.7   291.7   318.8   339.3   365.0   399.7   461.1   844.0  2710.6  3498.6 109347.7   109480
read      255.3   108.4    74.4   127.1   141.2   237.6   293.8   320.3   339.5   362.5   392.1   434.6   528.8   734.4  2255.4  69283.0    69433
read      258.4   106.3    74.4   129.0   143.5   244.7   299.6   324.9   342.9   364.8   392.1   429.4   508.6   663.1  3460.8  58210.0    58157
read      252.3   103.8    74.4   125.5   139.6   233.5   289.7   317.1   337.0   360.5   390.3   432.5   526.3   736.5  1774.9  70601.3    70737
read      266.2    97.3    80.4   138.2   153.9   263.0   305.0   325.7   340.5   359.0   382.8   418.4   491.9   640.7  2943.4  34448.3    34617
read      291.5   163.4    74.4   127.8   142.3   249.1   313.0   355.5   392.3   437.6   498.6   604.3   850.5  1280.3  2078.2  77292.3    77563
read      276.9   186.3    74.4   128.1   142.6   238.1   293.3   323.7   346.4   376.9   420.9   515.3   987.1  2007.8  3946.9  89867.3    90036
read      269.7    98.7    80.4   139.1   154.8   265.9   310.1   331.9   346.5   365.9   389.9   426.1   501.1   684.3  1986.9  36639.3    36689
read      280.1   130.0    80.4   133.7   149.5   265.2   320.2   350.7   373.9   400.2   432.2   477.7   578.0   821.5  3400.2  46835.0    46832
read      267.5   176.8    80.4   129.5   144.3   236.4   287.8   315.5   336.2   362.0   397.8   460.4   838.9  2316.6  4591.4 104710.0   104903
read      256.8    68.1   101.3   158.6   175.0   255.9   284.3   298.5   308.9   319.3   336.2   362.1   420.9   620.9  1914.4  14148.3    14153
read      278.7    99.3    86.8   152.7   170.1   276.5   313.0   332.2   345.1   362.8   384.6   418.5   490.7   990.7  2667.9  21742.7    21674
read      230.9    96.1    93.8   157.0   169.0   223.2   246.9   260.6   269.6   280.4   294.1   316.9   378.5   688.3  6049.6   5733.0     5689
read      281.4   103.8    80.4   139.8   155.9   275.4   325.1   350.9   370.2   392.2   418.7   457.2   538.1   718.0  1412.1  37670.0    37781
read      265.8   105.0    86.8   158.2   174.6   264.6   295.2   310.9   320.9   335.1   351.4   379.5   434.9   685.8  3820.7  15546.3    15507
read      271.5   222.2    74.4   129.7   144.7   238.0   290.6   318.8   339.6   365.7   400.2   458.3   738.4  3386.8  6202.9 101845.7   102064
read      255.3   113.0    74.4   127.2   141.4   236.0   293.5   321.1   341.2   364.9   394.7   435.8   522.6   707.9  1574.9  71338.0    71340
read      251.8   109.4    74.4   126.4   140.4   231.9   287.1   315.0   335.1   359.1   390.0   433.0   524.9   751.1  2289.1  79845.7    79815
read      264.0    93.6    80.4   135.2   150.3   259.3   307.4   329.9   344.7   363.1   385.3   418.8   488.5   594.4  1670.3  44498.3    44352
read      253.7   106.8    80.4   129.8   144.7   235.6   284.7   310.6   329.1   351.1   381.1   429.5   547.9   909.3  1953.0 109613.0   109562
read      249.6   105.4    74.4   125.4   139.6   229.6   283.6   311.7   331.6   355.3   386.3   430.5   524.8   781.7  2040.7  86425.3    86219
read      267.7   108.7    74.4   134.8   150.1   260.3   310.3   333.7   349.4   369.1   393.9   429.6   504.2   827.0  2796.3  47344.0    47335
read      266.9   102.2    74.4   134.0   149.5   259.9   307.1   330.5   346.8   368.2   395.3   433.7   519.5   699.5  2466.8  41737.0    41962
read      285.6   117.1    80.4   136.9   152.6   271.8   328.0   360.3   384.1   409.9   440.4   488.0   583.9   772.0  1347.8  45831.0    45802
read      258.2    98.5    93.8   158.3   174.8   255.3   284.6   299.2   310.2   321.2   338.5   365.5   430.6   831.4  3968.5  13419.3    13389
read      257.0   152.0    74.4   126.5   140.9   231.5   283.2   310.9   330.9   355.4   388.9   441.1   644.5  1906.9  3512.9  95606.7    95780
read      249.5   105.2    68.9   124.8   139.1   230.1   283.2   310.8   330.4   353.8   384.6   430.5   535.1   778.4  2146.8  87669.3    87844
read      263.6   121.9    74.4   131.7   146.5   250.9   305.8   331.6   348.7   369.3   396.0   432.3   507.3   714.5  4818.0  55771.0    55903
read      251.8   104.4    74.4   128.3   142.7   232.1   283.1   310.2   329.5   352.9   384.5   432.6   545.7   844.7  1967.9 100665.7   100902
read      254.5   102.0    74.4   127.0   140.9   235.7   292.3   320.2   340.3   364.3   394.2   434.7   523.2   689.8  1052.8  71117.3    70988
read      263.6   104.3    80.4   132.3   147.2   252.2   306.2   331.6   348.7   369.4   395.0   431.2   505.7   685.7  2641.3  53873.3    53831
read      278.0    99.3    86.8   149.8   166.7   277.4   315.7   334.8   347.3   365.2   386.9   419.3   486.5   823.2  2811.4  26966.7    26948
read      283.6   101.4    80.4   144.8   161.7   279.1   325.6   350.0   367.9   388.6   413.4   450.1   533.0   715.1  1723.6  32336.7    32347
read      284.9   116.1    74.4   139.2   155.0   274.0   327.9   356.5   377.5   401.2   430.3   472.0   571.2   817.2  2616.4  40960.7    41050
read      283.0   127.4    74.4   131.4   146.8   261.1   321.1   356.1   383.0   415.0   453.8   509.3   640.7   908.0  1997.3  55952.0    56197
read      282.7   224.2    74.4   128.7   143.3   239.1   294.2   325.0   348.5   380.1   425.5   523.0  1065.2  2921.0  7067.5  94382.7    94617
read      254.0   100.8    68.9   126.5   140.7   234.8   292.3   320.3   339.9   363.4   393.1   435.9   527.5   719.0  1030.1  71966.7    71839
read      252.5   116.3    74.4   126.0   139.9   232.1   287.0   315.0   335.0   358.7   389.5   435.9   536.2   785.1  3667.4  78915.0    79082
read      251.2   107.3    74.4   128.4   142.8   232.0   281.3   308.0   327.0   349.6   381.0   429.6   544.8   915.9  1860.7 107555.0   107630
read      260.0    99.2    74.4   130.0   144.5   245.6   302.1   328.7   346.5   368.7   395.8   433.9   508.2   648.1  1315.4  60230.0    60164
read      252.9   137.1    74.4   127.7   141.8   231.8   283.7   310.9   330.5   354.2   386.3   432.8   544.0   979.5  5429.8  98234.0    97878
read      259.4   107.5    68.9   128.7   143.2   242.0   298.1   325.5   344.4   368.3   398.2   440.9   533.1   732.8  2252.8  63650.3    63680
read      255.1   110.7    74.4   127.1   141.4   235.0   291.7   319.7   339.7   363.8   394.8   437.1   534.6   727.1  2826.8  74130.7    73888
read      256.0   103.7    74.4   127.3   141.5   239.1   296.1   322.4   341.7   364.5   393.7   434.4   518.3   665.9  2813.5  65674.3    65499
read      248.1   107.7    74.4   125.2   139.5   228.8   280.4   307.4   326.3   348.5   380.1   426.3   532.6   813.4  2460.6  97022.3    96906
read      252.6   110.0    74.4   128.0   142.3   232.7   283.6   310.5   329.9   353.0   384.2   431.5   555.5  1056.9  1674.4 103338.7   103287
read      262.8   112.9    80.4   132.3   147.3   254.2   304.9   328.4   344.3   364.3   388.8   424.9   499.8   731.7  2748.2  49659.0    49664
read      270.4    99.8    80.4   141.6   157.7   269.1   310.3   330.4   344.3   362.1   383.7   416.4   487.4   692.0  3618.5  32658.0    32535
read      281.8   119.3    80.4   134.9   150.6   267.9   322.6   353.3   375.6   401.6   433.3   478.7   577.8   908.2  2690.7  46376.0    46477
read      237.9    90.7    93.8   159.0   171.3   230.5   256.4   270.3   280.0   291.1   305.7   329.1   393.1   817.5  4325.8   7398.7     7459
read      284.4   149.3    68.9   127.2   141.7   247.8   311.4   351.7   386.1   427.9   481.3   563.9   748.6  1057.2  2716.4  73980.3    74137
read      280.5   127.7    74.4   129.6   144.5   258.8   318.6   353.3   380.3   412.5   450.9   506.8   633.3   894.2  2359.2  56980.3    57061
read      281.4    97.9    80.4   143.5   159.8   277.8   324.1   347.6   365.9   386.3   410.3   444.9   518.6   745.9  1175.3  33975.7    34213
read      239.5    65.0    93.8   159.9   172.7   233.5   260.0   273.2   283.4   294.3   309.8   333.1   395.0   691.7  1990.1   7460.3     7432
read      285.1   118.9    80.4   139.9   156.4   275.2   328.5   356.7   377.3   400.5   428.7   468.7   555.1   746.9  3140.9  41271.0    41605
read      285.0   104.8    80.4   145.0   161.8   281.7   327.8   351.4   369.1   389.5   413.5   448.5   523.6   817.8  1974.4  32981.7    32998
read      283.6   132.6    74.4   129.7   144.8   258.2   319.5   357.4   387.0   419.5   460.3   523.0   675.6   982.0  1923.4  61678.0    61636
read      283.1   146.3    74.4   128.2   142.7   252.4   315.4   353.1   383.7   419.0   464.5   536.2   723.4  1093.7  2939.5  64807.3    64695
read      264.4    89.1    93.8   159.1   175.7   262.1   292.4   307.9   318.0   331.3   346.1   375.1   446.2   832.4  3693.9  14242.0    14063
read      268.3   157.6    74.4   127.6   141.8   235.7   290.4   319.6   341.9   370.7   410.9   487.9   841.7  1846.9  3180.8  91198.0    91302
read      231.8   103.6    93.8   156.8   169.3   224.5   247.3   260.5   269.3   279.8   293.8   316.0   373.1  1262.7  5608.5   6146.3     6064
read      281.3   112.8    80.4   137.9   153.6   271.5   324.0   352.1   372.8   397.0   425.7   465.7   554.1   750.1  2585.9  41376.3    41354
read      271.8    86.1    93.8   155.0   171.8   272.3   306.0   322.3   334.9   347.9   367.9   397.2   459.0   666.8  2271.7  19850.0    19863
read      273.8    88.1    86.8   155.0   171.9   274.4   308.0   324.5   336.5   349.3   368.5   398.4   463.4   829.5  3019.0  19635.0    19488
read      261.4    79.0   101.3   159.4   175.1   260.6   290.2   305.0   315.1   327.2   342.5   368.7   426.0   658.9  2727.8  14036.3    14040
read      274.0   100.6    86.8   155.3   172.3   273.8   307.0   323.3   335.6   348.5   368.2   397.6   463.1  1078.5  3415.2  19587.0    19538
read      273.9    80.5    80.4   154.9   171.8   275.4   308.8   325.5   337.8   351.8   370.9   399.9   466.4   617.9  1078.3  20287.3    20199
read      282.8   246.9    74.4   134.3   150.4   248.0   297.9   325.8   346.6   374.1   411.3   476.4   866.2  3428.7  7536.5 106646.0   106657
read      253.0   105.4    74.4   128.0   142.6   233.1   285.2   312.2   331.8   355.7   387.7   433.9   545.7   873.8  1925.8  92575.3    92457
read      252.7   102.6    74.4   128.6   143.1   232.8   285.0   312.5   332.3   356.5   388.8   434.3   541.3   806.5  1148.5  93016.3    92780
read      258.1   105.2    74.4   129.4   144.0   240.7   296.1   323.5   342.8   366.5   394.9   434.7   519.1   741.4  2314.2  68153.7    68203
read      255.2   114.5    74.4   128.2   142.5   234.5   289.3   317.4   337.8   362.0   392.7   436.6   538.0   852.3  3566.8  81528.0    81753
read      260.8   104.0    74.4   130.8   145.9   247.5   302.3   328.7   346.5   368.5   394.9   431.8   505.9   636.8  1346.9  57943.7    57748
read      270.7    78.2    86.8   154.9   171.9   273.1   305.1   320.0   332.1   344.6   364.1   392.1   449.1   612.2  1578.1  21080.0    21027
read      282.2   122.0    80.4   135.2   150.7   266.7   324.5   356.1   379.6   405.7   437.3   484.8   582.1   770.5  2791.1  49698.7    49680
read      304.9   181.1    74.4   132.4   148.0   255.1   319.1   365.9   405.8   460.4   534.8   665.3   918.4  1423.5  2808.4  82132.3    82042
read      256.4   136.6    74.4   126.7   141.0   230.9   283.3   311.4   331.8   357.0   390.9   442.9   663.4  1486.4  3881.9  93538.0    93691
read      266.8   122.9    80.4   135.9   151.4   259.8   310.5   333.9   349.5   368.6   392.0   424.6   487.5   613.3  3586.5  45428.0    45291
read      276.6    97.4    74.4   144.5   161.6   274.6   316.9   337.9   352.7   370.7   394.6   429.8   503.6   658.8  2651.0  30564.7    30437
read      286.8   135.7    74.4   130.8   145.8   257.7   320.4   359.9   390.8   427.7   472.7   542.3   701.2   919.0  1569.7  67271.0    67422
read      290.1   169.2    74.4   130.1   145.2   256.1   319.2   359.4   391.4   429.9   478.6   551.7   735.0  1570.4  4593.0  69960.3    69956
read      281.0   106.2    80.4   141.2   157.4   275.9   323.9   347.8   366.2   387.4   413.7   452.5   527.8   700.7  2013.5  35394.3    35404
read      300.8   175.3    74.4   131.8   147.2   255.3   319.5   365.4   404.0   455.0   521.6   636.0   859.6  1365.2  3390.6  80115.0    80225
read      272.5   203.8    74.4   131.8   147.4   241.9   292.8   320.1   340.9   366.9   400.7   458.5   732.8  3235.5  4726.5 105575.3   105585
read      269.4    88.7    80.4   155.2   172.3   269.8   302.0   317.3   328.9   341.8   360.4   388.9   453.3   688.4  2934.7  20159.3    20088
read      261.6   107.6    93.8   161.7   176.8   258.3   287.6   302.3   312.8   324.6   341.1   368.3   433.5   926.2  4090.8  12744.7    12672
read      265.9    72.9    93.8   160.2   176.2   266.5   296.1   311.5   321.1   334.8   349.9   375.7   434.2   622.5  1044.9  15604.3    15696
read      279.8   107.5    86.8   149.4   165.9   279.3   318.6   338.2   352.1   369.4   391.9   424.0   492.8   721.0  3699.8  25867.7    25951
read      285.3   142.0    80.4   130.0   145.0   257.4   319.5   357.6   387.2   422.2   465.7   533.4   694.8   967.3  3741.7  65022.3    65007
read      249.4    84.3    86.8   161.0   174.4   243.5   270.7   285.1   294.8   307.2   320.5   345.1   417.4  1400.5  2644.9  10247.7    10189
read      301.7   183.1    74.4   131.5   146.6   254.7   319.6   365.1   402.4   449.3   511.9   634.4   926.7  1736.2  2844.8  77805.0    78008
read      261.0    95.2    93.8   160.2   175.4   256.9   286.3   301.4   312.2   324.0   341.1   369.5   440.9  1016.4  3515.4  12744.7    12678
read      269.5    92.9    86.8   158.4   175.1   266.4   298.4   315.0   326.9   340.8   359.9   389.9   463.4  1132.8  2584.7  16053.0    15922
read      288.0   113.0    80.4   140.0   156.1   276.7   330.8   360.5   381.7   405.5   435.6   481.9   586.4   836.4  1325.6  41638.7    41774
read      289.0   137.8    74.4   141.5   158.3   278.8   330.7   359.8   380.5   403.6   433.0   475.5   578.3   891.4  3156.7  38588.7    38788
read      286.1   107.2    80.4   143.6   160.4   280.0   328.0   353.0   371.0   393.3   419.8   458.4   547.5   934.7  2081.3  34539.3    34559
read      289.1   139.4    80.4   132.5   148.0   265.6   325.9   362.2   389.7   420.6   459.5   521.8   692.3  1286.3  2826.8  54951.3    54825
read      285.2   144.8    74.4   136.3   152.3   272.3   326.1   355.8   377.8   402.3   432.8   478.9   587.4   989.6  4270.6  42593.3    42697
read      261.3    78.4    93.8   160.1   175.9   257.3   287.4   302.8   313.8   326.9   344.3   373.3   455.1   855.3  2101.4  12702.0    12669
read      295.9   188.5    74.4   128.4   143.2   253.9   318.2   361.8   396.3   437.6   493.1   584.0   855.6  2244.6  3754.9  70266.7    70047
read      271.4   188.3    74.4   127.6   142.1   236.1   289.5   318.3   340.7   369.6   408.2   477.2   925.7  2368.0  3749.7  96489.7    96137
read      259.3   131.6    74.4   127.5   142.1   234.0   286.9   315.0   335.5   360.9   395.8   454.1   696.5  1311.2  2896.1  92822.3    92934
read      269.5    82.7    80.4   153.7   170.7   269.3   302.5   318.3   330.4   343.3   362.9   393.5   462.6   829.2  1879.7  20739.0    20597
read      292.3   170.0    74.4   129.9   145.1   257.4   321.2   361.6   393.0   431.2   479.2   555.8   785.6  1804.2  4024.2  66478.7    66597
read      282.5   141.9    68.9   128.7   143.5   255.7   317.9   354.9   383.8   417.2   457.8   520.0   678.1  1215.5  3202.9  59925.3    59987
read      286.4   141.9    80.4   130.7   146.2   260.5   321.8   358.9   387.5   421.1   461.2   522.2   685.8  1315.1  2868.0  58552.7    58456
read      289.6   184.8    74.4   129.6   145.0   258.5   320.6   358.3   387.3   420.6   462.8   530.1   732.4  2192.6  5036.5  59745.0    59958
read      282.1   237.3    68.9   129.7   144.8   240.6   293.9   322.5   344.8   373.5   414.9   498.4  1088.3  3265.1  6855.2  98084.3    98221
read      262.6   113.8    74.4   130.9   145.6   249.5   305.0   331.1   348.8   370.4   397.3   435.6   513.9   660.0  1761.1  55957.0    55912
read      277.8   103.0    80.4   141.1   156.9   272.3   320.2   343.5   361.4   381.6   405.5   443.8   534.6   763.7  1894.7  39035.7    39018
read      274.3    91.4    93.8   155.7   172.7   273.9   306.7   322.6   335.0   347.8   368.4   398.4   470.2   884.0  2696.8  18733.3    18747
read      289.5   153.6    74.4   130.4   145.5   259.4   322.3   361.2   390.9   425.9   468.4   539.7   742.0  1415.7  3869.0  60251.7    60013
read      313.2   252.5    74.4   130.1   145.5   251.0   313.0   354.8   392.6   446.4   530.6   717.7  1189.6  2967.1  7052.8  85745.3    85584
read      248.2   102.9    80.4   124.8   139.1   228.5   281.9   310.0   329.9   353.6   385.2   429.6   520.6   740.5  1600.3  84719.7    84809
read      250.1   104.8    74.4   126.0   140.0   230.1   284.2   312.8   333.0   357.0   388.0   432.5   519.8   707.5  2044.9  85504.3    85435
read      247.8   101.5    74.4   126.0   140.1   228.2   279.8   307.3   326.9   349.9   381.2   427.3   519.9   799.3  1984.1  94805.7    94907
read      262.1    73.7    93.8   159.8   176.2   262.8   291.2   305.5   315.1   326.7   341.5   366.9   421.7   629.1  2691.9  16424.7    16437
read      251.8   118.5    74.4   126.6   140.4   231.0   286.7   315.4   335.6   359.5   390.7   433.2   521.5   747.4  3923.9  78299.3    78505
read      253.0   103.2    74.4   126.8   140.8   233.2   289.1   318.1   338.2   362.3   393.0   434.9   521.5   682.8  2096.5  77223.7    77219
read      248.9    99.4    74.4   125.3   139.5   229.0   282.9   311.4   331.7   356.0   387.3   431.5   515.8   703.8  1126.6  86406.3    86414
read      253.9   105.9    68.9   126.9   140.8   234.2   291.7   320.3   340.7   365.1   395.1   435.5   517.3   662.6   915.2  73404.3    73427
read      249.2   113.6    74.4   127.1   140.9   229.3   280.0   307.5   326.8   349.7   381.3   427.7   526.4   800.2  3381.3 100657.7   100497
read      248.7   108.6    74.4   126.6   140.7   229.1   280.4   308.0   327.4   350.4   381.2   426.9   524.9   785.3  2885.6  96110.0    96416
read      253.8    99.7    74.4   126.6   140.8   235.2   291.7   319.8   339.7   363.7   393.5   434.2   516.8   674.9   985.1  71597.3    71637
read      269.5    94.1    80.4   144.3   160.8   270.4   310.9   329.4   341.6   356.8   374.4   403.0   465.2   585.0  1936.9  33287.7    33216
read      259.2   113.3    74.4   130.2   144.6   245.0   300.7   326.7   344.4   366.1   392.7   429.9   502.0   633.4  3798.8  58727.0    58699
read      262.9   107.7    80.4   131.8   146.7   251.1   305.4   331.1   348.4   369.0   394.7   431.0   502.5   661.8  2904.4  53938.0    53809
read      253.2   109.9    74.4   126.0   140.0   234.0   290.5   318.2   337.8   360.9   390.7   432.9   519.3   768.3  2999.1  72889.3    72797
read      254.2   115.2    74.4   129.8   144.5   236.0   285.6   312.0   331.1   354.2   385.1   432.3   538.1   808.0  3050.5 107587.7   107267
read      256.6   105.9    74.4   129.3   143.5   243.5   297.8   322.5   339.9   360.6   386.3   422.8   494.4   640.8  2794.8  56072.3    55877
read      252.9    97.5    74.4   126.8   140.8   235.1   291.8   319.5   338.8   361.8   390.6   431.3   505.2   626.7   792.9  70417.0    70507
read      262.1    98.5    74.4   133.6   148.9   255.3   304.0   327.0   342.6   361.6   385.5   422.3   493.3   625.8  2725.4  46679.3    46741
read      269.4    90.6    80.4   141.3   157.0   266.9   311.8   332.5   346.0   363.7   385.6   420.1   489.3   595.2  1460.9  36383.0    36507
read      271.6    84.8    74.4   147.4   163.8   272.7   311.9   330.6   342.8   358.5   376.8   406.4   465.9   568.9   939.4  30762.0    30697
read      265.3    90.9    80.4   148.6   164.9   264.4   299.1   316.7   329.5   343.4   363.3   393.2   456.7   583.2  3159.0  25093.7    25261
read      262.3    80.8    74.4   146.3   163.6   262.2   296.5   313.6   325.2   339.1   357.2   386.6   453.3   585.1  1465.8  25217.7    25212
read      268.7    89.5    80.4   143.4   159.8   269.1   309.6   328.4   341.1   357.0   376.0   404.7   464.3   600.0  2601.7  33596.0    33805
read      249.2   117.9    74.4   125.2   139.0   230.6   285.8   313.4   332.5   354.5   383.4   427.0   505.8   673.7  2596.0  76079.7    76345
read      248.2   100.4    74.4   126.7   140.8   229.3   281.0   308.1   326.9   349.2   379.7   427.1   523.9   731.0  1953.3  95479.0    95558
read      274.2    82.5    86.8   150.7   167.3   276.9   313.6   331.5   343.3   358.8   376.5   403.9   463.6   571.3   908.7  28326.0    28428
read      266.9    74.1    86.8   153.9   170.5   268.8   300.9   316.1   327.3   340.3   358.0   386.4   439.9   604.8  1526.6  21745.7    21673
read      249.3   116.6    74.4   126.0   140.0   229.1   282.3   309.9   329.5   352.8   383.9   428.0   512.7   759.1  3399.9  88736.0    89018
read      263.1    93.9    74.4   135.5   150.6   257.2   307.1   329.8   344.6   363.3   386.1   419.3   479.4   588.5  1692.9  46868.7    46753
read      264.3    85.0    80.4   141.0   156.8   265.1   305.8   324.3   337.3   352.0   371.2   400.3   459.7   552.8   887.4  34027.7    34034
read      265.3    94.5    74.4   136.1   151.2   258.9   310.8   334.1   349.3   368.0   390.4   422.0   486.0   578.2   903.8  47561.3    47329
read      259.0   105.6    68.9   130.1   144.7   245.1   301.8   328.3   345.6   365.7   391.1   426.9   495.9   608.0  2892.8  57191.0    56893
read      268.8    97.8    74.4   140.2   155.6   267.5   312.1   332.4   345.4   362.3   382.4   412.4   471.7   636.8  2357.7  38716.7    38690
read      250.3    98.7    74.4   126.2   140.0   231.1   286.3   314.9   334.9   358.3   388.4   430.8   509.4   673.8  1080.7  79784.7    79988
read      247.2   102.4    74.4   128.1   142.1   229.7   278.7   305.2   323.5   345.4   374.9   420.0   505.1   701.7  2063.0 107321.3   107429
read      268.1    95.3    80.4   138.3   153.7   264.0   313.1   335.3   350.0   367.5   390.0   423.0   488.4   585.3  1672.2  43814.3    43713
read      251.3   100.3    74.4   126.6   140.6   232.6   288.2   316.3   336.3   359.7   389.1   430.6   507.4   656.3  1076.3  76548.0    76624
read      255.3   124.5    74.4   127.5   141.4   235.3   292.5   320.5   340.4   363.8   392.5   433.2   513.0   713.1  3875.1  71713.0    71700
read      270.8    92.9    80.4   140.9   156.3   269.4   315.9   336.8   350.9   368.0   389.8   420.9   476.6   592.5  1742.0  40653.7    40703
read      245.5    98.5    74.4   124.9   139.1   226.8   278.5   305.9   324.7   346.7   377.2   422.5   506.6   673.9  1805.2  95420.3    95489
read      264.7    69.8    86.8   157.1   173.9   266.4   296.4   311.3   320.7   334.1   348.3   373.6   429.9   539.6  1550.2  18523.3    18531
read      245.6    96.7    74.4   125.9   140.0   227.0   277.7   305.4   324.5   346.6   376.5   422.1   507.0   677.4  1026.3  99396.7    99369
read      270.8    90.1    86.8   148.5   164.8   272.7   309.7   327.2   339.2   353.6   372.0   400.6   461.0   586.6  2628.8  29241.3    29286
read      268.7    95.9    80.4   138.6   153.7   264.9   312.9   335.0   349.8   368.2   390.6   422.6   487.8   631.4  1354.9  43049.0    42988
read      254.3   105.1    74.4   127.3   141.3   235.9   292.5   320.3   340.0   363.2   391.8   432.1   511.7   655.4  2388.7  69320.3    69249
read      240.1    72.5   101.3   160.7   173.9   234.7   260.6   273.2   282.7   292.8   307.1   329.9   393.1   641.1  3191.3   7805.0     7889
read      263.6    95.3    74.4   133.8   149.0   254.9   308.4   333.1   349.5   369.2   392.9   426.0   490.4   607.9  1049.0  51745.3    51783
read      272.5    98.5    80.4   142.9   159.2   270.9   315.5   336.3   350.2   366.9   388.0   419.4   478.8   612.8  2431.9  38785.0    38634
read      248.4    98.7    74.4   125.4   139.4   228.8   283.0   311.6   331.6   355.2   385.9   428.9   510.5   658.2   937.0  86096.3    86204
read      249.2   108.6    74.4   129.0   143.4   231.4   280.1   306.4   324.8   347.1   377.3   422.3   515.3   739.5  2165.5 109637.3   109534
read      269.3   104.1    80.4   138.7   153.9   263.7   314.5   337.3   352.7   370.1   392.4   424.5   489.4   613.2  3042.7  45276.3    45136
read      259.3   100.4    74.4   129.7   144.4   245.0   301.8   328.5   346.5   368.8   395.3   430.4   501.5   611.5   872.5  60053.3    59949
read      260.3   117.8    74.4   129.7   144.4   244.1   301.6   328.7   346.7   368.6   394.9   432.1   504.9   654.9  3802.3  61672.7    61681
read      252.0   101.8    74.4   126.5   140.5   233.1   288.8   316.7   336.5   359.7   390.0   432.3   512.5   645.2  1622.6  76225.0    76329
read      267.8    92.9    80.4   138.5   153.7   263.1   312.3   334.8   349.6   367.9   390.6   423.4   485.6   588.9  1607.4  44129.7    44322
read      269.5    92.4    86.8   157.4   174.6   272.0   302.7   317.2   327.9   339.9   356.0   381.4   436.4   602.8  2365.9  20374.7    20698
read      247.9   102.8    74.4   125.1   139.3   228.0   282.0   310.6   330.4   353.9   385.1   428.0   507.5   658.8  2032.1  84988.7    84853
read      253.3   104.5    74.4   127.4   141.3   234.0   290.4   318.8   338.7   362.3   392.0   432.8   511.6   681.6  1792.3  75637.7    75889
read      247.1   100.4    74.4   127.1   141.2   228.9   279.2   306.1   324.9   347.1   377.8   423.1   505.7   685.1  1875.4  98430.0    98396
read      263.4    95.0    74.4   133.9   149.0   252.8   307.0   332.2   348.9   369.5   394.2   429.0   498.1   615.5   797.4  53693.3    53818
read      271.6    88.6    80.4   151.1   167.9   272.9   309.0   326.0   338.1   352.0   370.4   399.2   460.9   583.1  2674.1  26299.7    26200
read      262.0   101.0    74.4   132.5   147.6   251.0   305.2   330.3   346.8   367.4   392.7   428.3   496.9   613.9  1699.0  54549.7    54761
read      258.2  1062.9    93.8   160.3   175.7   248.7   276.1   290.1   299.4   311.4   325.1   346.5   403.0  1398.9  3613.9  12257.3    12268
read      261.8    96.5    80.4   132.5   147.6   251.9   305.1   329.6   345.6   365.7   390.7   426.1   496.9   651.3  1094.4  52453.0    52324
read      249.3   103.0    74.4   128.6   142.8   231.7   281.2   307.8   326.5   348.7   378.3   423.6   508.7   707.2  2320.9 106448.7   106440
read      233.8    69.5   101.3   157.8   171.2   227.9   252.5   266.0   274.7   286.4   299.2   319.7   373.0   612.6  2739.2   7183.3     7154
read      249.8   110.1    74.4   126.4   140.4   229.2   283.3   311.7   331.5   354.7   385.6   430.6   519.2   707.2  2769.3  87158.3    87362
read      268.6    97.8    80.4   138.1   153.4   263.5   313.0   335.4   350.6   368.8   391.7   424.9   492.5   615.9  2396.6  43734.0    43716
read      269.0    82.5    80.4   149.8   165.9   272.7   307.4   323.2   335.0   346.9   366.0   393.5   447.4   542.2  1984.5  26803.0    26737
read      267.2    92.0    74.4   138.6   153.7   264.6   311.9   333.4   347.1   364.9   386.0   417.0   477.2   585.4   759.4  41589.7    41596
read      249.4   104.6    74.4   126.0   140.1   230.1   284.1   312.5   332.4   355.7   385.8   429.1   512.5   664.9  1988.4  85347.3    85490
read      250.0   101.2    74.4   125.3   139.4   231.3   286.5   314.7   334.5   358.1   388.0   429.0   507.7   640.7  1369.1  77778.7    77612
read      253.5   119.8    74.4   125.9   140.1   233.8   289.1   316.8   337.3   361.6   391.9   434.5   522.1   714.8  3433.2  78161.0    78124
read      253.9   105.7    74.4   126.8   141.1   235.2   293.0   320.8   340.3   363.4   392.3   432.3   506.5   644.5  1541.8  69605.7    69632
read      270.5   102.7    80.4   140.9   156.9   268.1   314.6   335.5   349.2   366.2   387.8   419.7   476.1   582.7  2542.7  39094.0    39180
read      260.9    68.2    86.8   160.3   176.2   262.0   290.2   304.4   314.3   325.6   340.5   364.3   417.0   589.9  1410.8  15927.0    15803
read      272.3    93.8    74.4   143.7   160.1   272.0   315.8   335.7   348.6   364.9   385.4   417.2   474.0   599.8  1884.8  36720.0    36987
read      268.8    93.5    74.4   157.7   174.5   269.9   300.6   315.6   326.2   338.8   355.2   381.7   435.9   646.6  2882.6  19979.7    19833
read      265.9   105.5    80.4   136.7   151.5   259.1   310.6   333.4   348.3   366.7   389.1   421.3   482.7   587.4  3775.7  46540.7    46567
read      261.5   106.3    74.4   131.3   146.5   248.2   304.7   330.7   347.8   368.5   394.2   428.9   499.7   645.6  2193.4  57183.3    57368
read      270.5    89.4    80.4   142.7   158.9   270.5   313.6   333.6   346.5   363.5   383.5   412.8   471.4   592.6  1350.0  36278.7    36003
read      256.0    97.8    74.4   128.5   142.6   238.0   295.9   324.1   343.2   366.2   394.6   433.6   508.5   621.7   843.8  69191.0    68916
read      244.7    95.2    74.4   124.7   139.0   226.4   277.8   305.3   324.2   346.5   376.6   421.4   503.6   650.5   861.7  93357.3    93229
read      266.0   104.1    80.4   135.6   150.9   258.0   309.0   332.5   347.9   367.8   392.2   427.3   498.3   678.7  2714.6  46758.7    46632
read      247.1   109.4    74.4   125.2   139.3   227.4   279.7   307.7   327.0   349.5   380.6   426.0   510.3   724.8  3098.5  93721.0    93663
read      246.5    99.3    74.4   127.5   141.5   229.5   278.3   304.7   322.6   344.8   373.6   420.0   504.5   651.0  1414.6 106500.0   106418
read      258.5    99.1    74.4   129.3   143.9   244.2   300.7   327.1   344.9   366.7   393.4   430.9   500.3   615.3  1517.1  60548.3    60496
read      249.6   104.1    74.4   127.9   142.3   231.6   281.3   307.8   326.4   348.5   378.2   425.2   523.1   749.3  2514.1 109071.7   109057
read      245.0    97.1    74.4   124.8   138.9   226.4   277.4   304.9   323.7   346.2   376.4   422.5   509.6   687.3  1351.1  96849.3    96861
read      248.2    99.7    68.9   124.5   138.6   228.8   283.1   311.2   331.0   354.7   385.8   429.8   520.0   687.1  1206.4  86224.3    86255
read      268.8    85.2    86.8   149.6   165.6   272.7   307.4   323.3   334.7   346.1   364.2   390.5   439.9   578.2  1698.9  25773.0    25686
read      264.4    72.5    86.8   158.3   175.4   266.2   295.4   309.9   319.1   331.8   345.4   371.3   430.7   588.7  1048.9  17550.0    17483
read      276.0    88.2    86.8   151.4   168.0   279.5   316.2   333.7   344.9   359.7   375.6   403.1   461.9   590.1  1935.6  28994.3    29211
read      263.7   112.2    68.9   132.4   147.5   250.7   306.6   332.4   349.5   370.1   395.1   429.7   502.9   742.6  2969.1  55108.7    55328
read      248.6   103.6    74.4   126.1   140.1   228.1   282.0   310.8   331.1   355.1   386.7   430.3   513.7   701.5  2172.3  87790.0    87592
read      273.2    98.0    86.8   154.3   171.5   277.5   309.7   325.3   336.5   348.0   365.5   391.2   442.5   570.4  3567.0  23934.7    23882
read      271.3    95.1    74.4   139.4   154.6   267.4   318.1   340.5   355.9   372.5   395.2   427.8   494.3   592.5  1123.5  44918.7    44790
read      253.3    89.1    93.8   161.7   176.9   250.1   277.2   291.1   300.7   312.6   327.0   349.8   401.7   636.2  4422.0  12398.0    12236
read      268.9    99.1    74.4   139.1   154.4   265.1   313.2   334.9   349.2   366.9   388.9   420.4   478.7   603.4  2443.6  42858.0    42928
read      245.0    94.9    74.4   126.6   140.7   227.1   276.7   303.7   322.1   344.5   374.0   418.1   504.8   671.8  1272.9 103366.0   103959
read      244.5   105.0    74.4   125.1   139.2   225.3   276.1   303.8   322.5   345.1   374.6   420.8   504.8   668.8  3218.6  97613.0    97347
read      254.3    99.4    74.4   127.7   141.7   236.0   293.9   321.8   341.6   365.1   392.9   431.1   505.4   621.9   977.3  68505.0    68379
read      246.0    96.4    74.4   126.0   139.8   227.0   279.2   307.7   327.1   349.6   379.5   423.3   503.1   635.8  1195.1  92637.7    92596
read      248.3   101.1    93.8   162.0   176.1   243.5   269.8   283.1   292.2   303.3   317.0   339.6   397.5   675.4  5328.5  10093.0    10055
read      273.1    93.0    86.8   149.7   165.9   275.6   313.0   330.7   342.4   357.1   373.9   402.1   461.8   589.2  2741.7  29524.0    29634
read      244.7    90.1   101.3   161.9   175.7   238.9   265.8   278.7   288.2   298.0   313.3   336.3   394.7   661.3  3950.8   9337.7     9324
read      275.1   107.4    80.4   150.0   166.2   278.1   314.8   332.3   343.6   358.5   374.8   402.1   459.6   607.2  2992.6  30048.0    30076
read      247.4   103.9    74.4   127.2   141.2   228.6   279.2   306.6   325.3   347.5   377.7   424.0   511.6   732.5  1972.3 100461.3   100150
read      270.2    97.7    80.4   149.3   165.3   272.4   308.2   324.9   336.6   349.2   367.7   394.5   451.5   654.0  2874.7  27535.3    27527
read      247.6    98.9    74.4   126.5   140.6   228.6   280.7   308.7   328.2   351.0   381.9   425.5   508.1   699.7  1175.3  94975.7    95171
read      268.8    94.7    80.4   139.8   155.5   266.8   312.8   333.8   347.4   365.0   386.1   417.2   477.2   584.0  2490.3  40638.7    40523
read      250.7    74.5    93.8   161.2   175.9   248.0   275.0   289.1   298.1   309.9   322.3   344.5   401.7   632.9  3115.0  11560.7    11422
read      243.4    68.3   101.3   161.8   175.9   238.7   265.6   278.3   287.7   297.1   312.0   334.4   390.2   619.5  1923.5   9169.7     9200
read      271.6   114.6    74.4   140.6   156.3   267.9   315.2   336.5   350.9   368.5   390.6   423.0   486.5   632.5  3714.0  42686.0    42816
read      246.2    72.4    86.8   160.1   174.8   242.0   269.0   282.4   291.6   302.6   316.8   339.8   396.4   612.9  3041.7  10605.0    10698
read      269.2    76.0    86.8   156.0   172.9   273.1   304.3   318.9   329.8   341.3   357.7   383.0   436.5   549.4   782.6  22084.3    22301
read      268.0    98.9    80.4   137.3   152.4   261.5   314.0   337.3   353.0   371.0   394.1   426.6   490.7   585.5  3068.4  47894.0    48159
read      272.4   100.5    80.4   141.6   157.3   270.8   317.2   338.1   352.2   368.6   389.8   420.6   482.7   604.9  2568.6  39863.3    39987
read      273.4   100.3    74.4   144.5   160.7   272.5   315.1   335.1   348.3   365.4   386.5   419.4   488.9   620.4  2328.7  33139.3    33067
read      258.4   101.7    74.4   129.3   143.7   242.0   300.1   327.5   345.7   368.3   394.7   431.5   504.9   674.7  1873.7  63076.3    62704
read      265.5   104.8    74.4   134.0   149.2   255.1   310.2   335.8   353.1   372.5   397.4   431.1   498.7   592.4  3655.7  52729.0    52778
read      250.9    99.8    68.9   125.8   139.7   231.4   287.8   316.7   336.8   360.4   390.4   431.8   508.2   645.4  1241.6  75874.7    75981
read      252.7   105.4    74.4   126.9   140.6   233.5   289.9   318.7   338.8   362.8   392.4   432.1   510.4   652.3  1863.5  74404.3    74522
read      260.5    95.9    93.8   161.3   177.0   259.9   287.4   300.9   310.6   320.3   336.5   361.0   422.0   711.9  3395.7  14559.0    14533
read      229.4    75.6   101.3   156.6   168.1   223.4   245.6   258.7   267.4   276.6   291.4   314.9   373.4   657.0  3579.0   5613.0     5566
read      250.8    97.4    74.4   126.9   140.9   231.7   287.3   315.6   335.7   359.2   388.6   430.6   506.3   636.4   858.0  77988.3    78062
read      250.6    98.6    74.4   127.3   141.0   231.1   286.4   315.3   335.4   358.9   389.1   430.3   507.1   633.0   894.3  82100.3    82399
read      249.0   109.6    74.4   129.1   143.4   231.0   280.1   306.3   324.8   346.8   376.9   422.8   517.0   732.4  1902.2 108559.3   108638
read      246.6   107.8    74.4   125.2   139.5   227.1   278.6   306.6   326.3   349.1   379.5   424.7   507.9   690.5  3150.8  93650.7    93541
read      267.6    99.6    80.4   138.0   153.0   261.1   313.5   336.8   352.6   370.9   393.0   424.0   481.8   571.7   803.8  47229.0    47145
read      247.4   106.5    74.4   127.6   141.9   230.2   279.0   305.2   323.3   345.1   373.9   419.5   507.2   692.1  2848.7 109831.7   109796
read      271.1    98.7    86.8   151.2   167.4   274.0   308.8   325.2   336.7   349.1   367.3   394.1   444.3   621.3  2517.8  26700.0    26597
read      234.2    69.5   101.3   158.1   170.8   228.6   253.3   266.3   274.4   285.9   298.2   319.6   380.0   624.1  1605.8   6975.7     7034
read      253.2   127.4    74.4   126.8   140.6   233.2   290.0   318.4   338.0   360.6   389.1   429.5   505.8   694.7  5556.3  72313.0    72616
read      256.8    90.9    93.8   161.1   176.0   255.6   282.7   295.4   305.5   316.4   331.4   353.9   410.0   658.5  3697.5  13588.3    13584
read      267.3    72.3    86.8   157.5   174.4   270.4   301.0   315.4   325.5   337.6   352.2   374.9   431.2   572.5  1927.5  19659.0    19750
read      251.6    94.4    80.4   131.6   146.5   234.4   283.7   310.2   328.9   351.0   380.8   424.9   508.9   680.3  1095.6 109037.7   109139
read      262.6    78.8    86.8   162.7   179.1   263.4   290.7   304.4   313.8   324.3   339.6   364.2   416.6   598.2  3358.9  15097.0    15150
read      253.1   111.7    68.9   127.0   141.1   233.6   290.4   318.9   338.6   361.9   390.8   430.0   503.9   686.3  2929.3  74294.0    74389
read      249.3   108.0    74.4   126.7   140.6   229.6   283.7   312.0   331.9   355.4   386.0   428.6   508.7   674.9  1379.4  87112.3    87266
read      249.7   101.3    74.4   129.6   144.0   231.7   281.0   307.6   326.4   348.3   378.3   422.7   509.7   768.4  2103.2 108258.0   108170
read      245.8    93.9    74.4   128.0   141.9   227.6   277.4   305.0   323.7   345.9   375.6   419.7   502.0   658.3   943.4 103353.0   103631
read      269.4    97.4    80.4   139.1   154.5   264.2   314.3   337.0   352.3   369.4   392.5   425.2   488.7   621.5  2577.7  44539.0    44587
read      258.1   110.0    74.4   129.3   143.6   240.0   297.7   325.8   344.6   368.9   397.1   434.1   507.9   672.4  2887.5  66328.3    66411
read      247.8   114.2    74.4   125.6   139.7   227.6   280.7   309.2   328.9   352.3   383.0   426.1   510.3   680.6  3440.6  89148.0    89167
read      271.6    86.3    80.4   144.3   160.9   272.4   315.2   334.8   347.2   364.6   384.6   411.6   466.8   562.7  1163.3  35722.3    35723
read      249.4    99.2    74.4   127.2   141.0   230.2   283.9   312.2   331.9   355.1   385.3   428.6   510.3   656.1   879.5  85819.0    85827
read      252.0   101.7    74.4   126.7   140.8   232.3   288.3   316.6   336.5   360.3   390.7   432.9   518.2   668.1  1754.9  79171.0    78806
read      249.1   106.2    74.4   126.3   140.1   229.0   282.1   310.5   330.6   354.8   386.5   430.7   513.3   683.0  2926.4  89599.0    89641
read      257.9    64.2    93.8   161.5   177.3   259.1   285.9   298.7   308.5   318.3   333.5   356.4   407.7   563.7   899.4  14199.3    14186
read      264.5   102.9    74.4   133.9   149.2   254.4   308.4   333.1   349.5   369.4   393.8   428.3   500.3   620.6  2845.9  52125.7    52308
read      262.4    97.8    80.4   132.0   147.1   249.9   306.0   332.1   349.6   370.7   396.5   432.6   501.4   592.6  1100.3  56676.3    56743
read      273.1    90.4    80.4   142.6   158.9   273.3   318.5   338.9   352.9   369.1   389.8   419.4   470.8   556.0   720.7  38364.3    38302
read      254.9   131.7    74.4   127.4   141.4   234.7   292.4   320.5   340.1   363.4   392.5   432.1   509.1   744.4  2880.9  71806.3    71662
read      275.9   107.1    86.8   146.6   163.1   276.8   319.2   338.2   351.2   367.1   386.8   415.2   472.0   591.4  3824.0  35824.7    36015
read      258.5    99.1    74.4   129.9   144.4   241.9   299.8   327.5   346.1   368.4   395.6   433.6   506.2   620.2   972.1  64930.0    65048
read      255.0   111.7    74.4   128.2   142.2   235.0   293.1   321.9   341.7   364.4   392.5   432.0   506.8   689.8  2920.0  73132.3    72989
read      254.6   111.2    74.4   127.7   141.8   233.9   291.1   319.7   339.9   363.6   393.4   434.3   515.4   741.6  2908.0  76278.7    76390
read      272.6    83.9    86.8   153.9   170.6   276.7   310.0   325.8   336.9   348.8   366.4   392.9   446.5   576.5  2505.4  24392.0    24409
read      248.8    96.2    74.4   127.0   140.7   229.4   284.3   313.2   333.3   356.4   385.7   427.0   503.0   620.6   796.8  85432.3    85530
read      244.0    77.2   109.4   164.7   177.9   238.8   264.6   276.8   286.4   296.1   310.9   333.1   386.4   625.8  3170.8   8376.0     8346
read      257.9   100.0    74.4   130.8   145.8   240.4   296.9   325.2   344.3   367.3   395.3   432.5   505.9   637.9  1289.8  69593.0    69627
read      258.0    98.1    74.4   130.7   145.6   240.7   296.8   324.8   344.0   367.1   395.3   433.6   506.2   627.3  1094.2  70509.3    70266
read      250.1   104.2    74.4   127.5   141.5   230.1   283.0   311.2   331.3   355.2   386.6   429.9   518.1   719.9  2746.2  89495.3    89525
read      258.7   109.8    74.4   130.4   145.2   239.6   296.6   325.4   344.7   368.3   397.3   436.4   515.1   686.2  3197.1  70975.7    70975
read      268.6    95.6    74.4   139.0   154.6   262.2   313.7   336.9   352.6   370.7   393.1   424.4   485.1   581.4  1659.3  46774.0    46633
read      264.4   110.9    93.8   158.5   175.0   264.1   293.6   308.3   317.7   330.2   344.5   370.5   429.8   656.9  6124.6  17030.7    16963
read      252.8   112.3    74.4   129.8   144.5   235.0   283.8   310.2   328.9   350.9   381.0   427.5   526.9   806.6  3303.8 109477.3   109556
read      248.9   107.8    74.4   126.8   140.9   229.4   282.3   310.3   329.9   352.9   383.2   428.2   512.6   671.2  1950.9  91387.7    91124
read      265.2   103.9    74.4   133.4   148.9   254.5   309.1   334.4   351.4   370.5   395.8   430.6   497.0   633.7  2752.8  51413.0    51505
read      246.9   108.5    74.4   125.7   139.8   227.5   279.6   307.3   326.5   349.0   378.7   424.6   506.3   709.4  3327.1  93539.3    93804
read      262.8   110.6    74.4   131.6   146.5   248.9   305.9   332.5   350.4   371.8   397.9   433.9   503.6   609.6  2185.1  58462.3    58474
read      269.2    91.7    80.4   138.9   154.3   265.2   315.1   337.5   352.6   370.3   392.4   423.7   482.9   576.9   871.6  43531.0    43487
read      260.2   118.9    68.9   129.6   144.4   243.7   301.4   329.0   347.4   369.6   396.1   432.8   507.4   706.8  3104.4  62003.7    61792
read      261.0   109.1    74.4   130.7   145.5   246.7   304.1   330.8   348.0   368.7   394.3   431.2   502.5   639.7  3809.3  59427.0    59548
read      273.8   115.5    74.4   139.8   155.5   269.2   319.1   340.9   356.6   373.8   396.2   428.2   494.9   665.6  3799.6  43723.7    43635
read      274.4    82.4    86.8   153.0   169.4   278.4   313.4   330.1   341.1   355.0   372.0   399.3   457.0   577.9  1974.6  27457.0    27536
read      272.2    97.8    74.4   140.3   156.0   268.6   317.6   339.2   354.3   371.2   393.7   426.7   493.3   667.5  1713.0  42758.7    42828
read      247.9    97.0    74.4   128.9   143.2   230.5   279.3   305.5   323.7   345.6   374.9   420.6   506.5   686.3  1805.5 109190.3   109424
read      251.7    99.7    74.4   127.1   140.9   232.2   288.8   317.7   337.5   360.7   390.0   430.8   507.7   638.6   866.0  78379.7    78273
read      260.2   102.6    68.9   130.7   145.4   245.3   303.3   330.2   348.0   369.0   394.8   430.6   501.2   615.5  1722.7  60312.3    60279
read      274.0    87.1    80.4   146.5   162.8   275.9   317.6   336.6   349.0   364.6   384.0   414.1   469.5   574.0  1368.3  35074.0    35178
read      256.0   110.0    74.4   128.5   142.6   237.3   295.4   323.7   342.7   364.8   392.0   429.9   505.0   680.6  2732.6  67079.0    67279
read      249.6   103.3    74.4   125.4   139.8   230.0   284.4   312.9   333.1   356.7   386.5   428.8   506.9   700.5  2404.2  80513.3    80752
read      272.8    93.2    80.4   145.3   161.6   273.7   316.1   335.1   347.1   363.0   381.6   410.3   468.3   626.4  2649.6  35172.0    35012
read      234.0    58.9    93.8   158.1   171.3   228.1   253.4   266.4   274.6   286.5   299.9   321.7   383.3   622.9  1967.1   7955.3     7936
read      235.8    62.7    86.8   156.7   170.5   230.4   256.6   269.8   278.9   289.9   303.6   325.0   378.2   610.6  1947.3   8645.3     8578
read      250.1   100.0    74.4   127.3   141.2   230.9   283.9   311.8   331.7   355.2   386.0   430.0   516.0   698.5  1753.3  89495.7    89696
read      226.4   129.0   101.3   154.2   166.0   217.8   238.9   252.3   262.0   272.2   286.9   309.6   366.9  1621.0  7634.4   5581.7     5569
read      270.1    78.7    86.8   151.7   168.3   274.3   308.5   324.4   336.0   348.0   365.9   392.3   444.6   574.6  1459.3  26816.7    26905
read      271.1   109.5    74.4   139.7   155.2   268.0   316.0   337.5   352.1   369.1   391.5   423.5   485.3   593.8  4011.3  42666.7    42389
read      248.9   103.3    74.4   126.1   140.2   229.4   283.1   311.6   331.6   355.4   386.6   429.1   508.3   658.0  1575.8  84573.3    84689
read      261.4    98.3    74.4   131.4   146.4   247.1   304.5   331.5   349.4   371.2   397.1   432.9   502.7   607.6   988.0  59396.3    59305
read      270.4   105.3    74.4   139.0   154.3   265.8   315.8   337.8   352.8   370.4   392.8   424.4   486.1   619.6  2750.2  44415.3    44512
read      254.8   102.2    74.4   128.1   142.1   235.5   293.3   321.8   341.7   364.9   393.6   433.2   508.3   635.3  1924.1  72418.3    72395
read      252.8   100.6    80.4   127.2   141.0   233.4   290.9   319.4   339.2   362.9   392.8   432.0   505.7   635.2  1669.5  74580.3    74619
read      256.0   102.6    68.9   128.1   142.2   238.1   296.4   324.5   343.4   365.9   393.7   431.8   506.0   632.9  2638.6  67210.7    67302
read      260.8    98.2    74.4   130.8   145.5   248.0   305.0   331.1   348.5   368.7   393.9   430.3   499.9   612.1  1060.9  57988.3    57822
read      239.6   107.2   101.3   159.7   173.4   233.1   258.6   271.6   281.0   291.6   305.3   325.6   384.9   691.4  5787.8   8131.7     8117
read      246.6    99.3    74.4   128.0   142.1   229.2   277.8   304.4   322.5   344.9   375.1   419.9   504.7   671.4  1407.4 106030.0   106178
read      267.7    79.7    86.8   151.7   168.2   270.8   304.5   319.5   331.0   343.0   360.7   387.4   444.7   572.1  1964.2  24937.3    25089
read      256.2    98.0    74.4   128.7   142.7   238.4   296.9   325.1   343.9   366.3   394.9   432.8   504.8   628.9   866.3  68582.3    68848
read      246.6    96.5    74.4   127.3   141.3   228.2   278.7   306.6   325.7   347.9   378.4   422.9   504.3   663.7   941.4  98844.3    98941
read      252.1   115.0    74.4   126.7   140.6   231.5   287.5   316.3   336.6   360.6   390.8   431.5   509.2   768.6  2759.7  77962.7    78157
read      252.1   104.7    74.4   131.1   145.9   235.0   283.5   309.6   328.3   350.5   380.6   425.7   512.8   699.8  2848.4 109845.3   109857
read      248.8    94.2    74.4   129.6   144.2   232.0   281.2   307.3   325.6   347.1   376.0   420.8   505.3   661.3  1136.5 109067.3   108875
read      247.3   113.7    74.4   126.0   139.9   227.4   281.0   309.8   329.9   353.3   382.9   425.5   502.1   638.7  1602.8  86865.3    86646
read      250.4   104.6    74.4   127.1   140.8   230.6   285.4   313.8   334.0   357.7   388.3   431.3   508.9   657.2  2164.6  83147.0    83239
read      264.2   119.2    80.4   133.5   149.0   253.9   308.1   332.7   348.8   367.9   391.2   424.7   492.0   637.6  3412.0  51015.7    51061
read      247.8    98.6    74.4   126.5   140.5   228.4   281.3   309.9   329.8   352.8   382.6   427.1   507.6   641.4  1267.3  90074.7    89906
read      260.7   107.1    74.4   131.0   146.0   247.6   303.8   330.0   347.2   367.6   392.4   428.6   498.8   632.3  2887.9  56306.0    56601
read      253.8    99.9    74.4   127.1   141.3   234.8   292.6   321.3   341.1   364.6   393.1   432.0   508.6   648.4  1683.5  71419.0    71203
read      248.2   101.8    74.4   127.0   141.1   229.0   280.2   308.2   328.0   351.1   381.9   426.6   509.2   718.6  1968.2  95758.7    95942
read      253.1   101.3    74.4   127.7   141.4   234.4   291.8   319.8   339.3   362.2   390.6   430.1   505.9   642.0  1582.4  71465.0    71622
read      247.2   110.0    74.4   127.2   141.0   227.7   278.8   306.9   326.2   348.4   379.2   423.9   505.5   676.5  3479.7  97663.0    97182
read      273.3    89.8    86.8   152.3   168.8   276.9   312.1   328.8   340.0   353.6   371.3   398.0   451.9   555.0  1597.1  27770.0    27718
read      268.5    98.4    80.4   138.8   153.9   262.5   314.1   336.8   352.1   370.4   392.8   424.4   486.8   586.0  2787.9  46414.0    46519
read      251.3   106.6    74.4   127.0   141.0   231.8   286.3   314.5   334.6   358.4   388.6   429.9   509.1   681.5  2859.5  83402.7    83197
read      256.0   105.7    74.4   127.2   141.2   235.6   290.9   319.3   340.4   365.9   398.1   446.2   550.9   705.9  1850.5  79205.0    79080
read      256.3   104.8    80.4   128.5   142.8   237.3   295.8   324.3   343.9   367.0   395.8   433.9   506.6   636.8  2681.4  69341.7    69401
read      268.7   109.7    80.4   138.4   153.9   261.9   313.1   336.1   351.4   369.0   392.1   425.5   490.0   600.7  3205.8  45899.3    45684
read      266.5    85.0    86.8   161.1   177.3   267.9   297.0   311.2   320.2   332.9   346.1   371.8   425.5   658.9  2539.7  18041.3    18120
read      268.8    76.0    80.4   155.5   172.6   271.7   303.4   318.1   329.1   341.0   357.6   383.1   435.8   549.7  1562.4  21220.3    21245
read      268.2    92.5    74.4   140.1   155.6   266.4   312.1   332.8   345.9   363.7   384.6   414.7   475.8   594.3  1893.2  39194.3    39039
read      257.2   112.8    74.4   128.7   143.0   239.2   296.5   324.8   344.0   367.9   395.8   433.7   506.3   635.0  2615.5  67577.3    67458
read      268.6    97.8    74.4   139.8   155.1   265.0   313.5   335.2   349.3   366.6   387.8   418.2   471.6   582.3  2732.3  42518.3    42773
read      264.4    70.7    80.4   154.9   171.7   267.7   298.6   312.9   322.1   334.9   348.3   372.4   424.8   527.9  1520.8  20695.0    20690
read      258.0   107.0    74.4   129.4   143.8   242.2   299.4   326.5   344.6   365.9   392.1   428.6   499.4   635.8  2542.4  63277.7    63440
read      270.3    96.8    74.4   141.1   156.8   267.8   315.9   336.8   350.6   367.1   388.2   419.3   474.7   579.0  2942.9  41497.7    41615
read      246.2    95.1    74.4   126.3   140.3   227.2   278.8   307.0   326.2   348.7   379.4   423.8   506.2   674.1   878.6  97350.3    97229
read      248.1   101.8    74.4   125.7   139.6   228.2   281.8   310.6   330.8   354.7   386.6   430.3   508.3   644.9  1105.1  86311.7    86249
read      265.4    91.6    80.4   155.4   171.9   268.0   298.5   313.1   322.5   335.3   349.0   372.9   429.4   596.5  3135.7  20697.0    20807
read      271.0    88.4    86.8   151.4   167.6   274.2   308.7   324.9   336.4   348.5   366.6   393.9   447.5   639.7  2718.5  26052.3    26130
read      271.3    83.1    86.8   148.2   164.1   274.4   312.1   329.8   341.5   356.2   373.5   400.8   460.7   579.1  1224.8  30291.7    30510
read      269.4    98.3    80.4   139.5   154.8   265.8   314.9   336.9   351.6   368.7   390.2   421.3   479.0   587.2  1911.4  43850.0    43868
read      260.7    94.8    74.4   132.2   146.9   249.8   304.4   329.2   345.8   366.5   390.9   425.9   496.3   597.8  1062.3  54893.7    55324
read      267.9    82.4    86.8   156.5   173.4   270.8   301.8   316.0   326.1   338.2   353.2   377.2   430.2   598.7  3530.2  20505.0    20437
read      246.9    67.9   101.3   162.8   177.5   242.9   269.6   283.0   291.9   302.7   316.1   338.0   389.2   643.3  1906.1   9555.7     9548
read      250.5    66.3    93.8   161.4   176.3   248.6   276.0   289.5   298.0   309.3   320.6   343.1   395.5   615.4  1988.5  12136.7    12101
read      251.1    96.7    74.4   126.7   140.6   232.6   289.8   317.6   336.8   358.8   386.9   427.8   502.2   631.4   948.7  71719.7    72073
read      266.0    81.4    80.4   153.0   170.0   268.3   300.6   315.9   326.6   339.1   354.7   376.8   430.5   589.0  2624.8  21415.7    21310
read      249.9   107.1    74.4   127.8   141.7   230.3   283.3   311.5   331.2   354.1   383.7   427.8   508.2   688.9  2916.7  90889.0    90755
read      266.0    94.4    74.4   135.9   150.9   257.1   312.2   336.7   353.1   371.1   394.9   427.5   489.2   594.0  1061.3  51193.3    51252
read      264.1   115.0    80.4   133.5   148.9   251.6   308.3   334.0   350.8   370.1   394.7   428.6   497.8   633.9  3939.3  53157.3    53070
read      268.6    98.8    80.4   137.8   152.6   261.3   313.8   337.4   353.8   372.6   395.5   427.7   494.4   614.3  1964.8  47950.7    48181
read      247.0   100.3    74.4   126.7   140.6   228.0   279.4   307.2   326.4   349.2   379.7   424.0   506.2   708.3  2655.0  97403.3    97336
read      247.4   104.0    74.4   125.1   139.2   227.0   279.6   308.3   328.2   351.7   383.5   428.1   514.5   750.3  2470.0  91866.0    91976
read      245.9    98.6    74.4   125.8   140.0   227.2   278.6   306.4   325.5   348.1   377.9   422.1   503.9   652.2  1443.8  94555.3    94742
read      257.4   105.4    74.4   128.8   143.1   240.2   298.4   326.5   345.3   367.0   394.1   432.2   505.7   626.3  1672.7  66148.3    66079
read      251.3    98.2    74.4   127.2   141.1   231.6   287.7   316.9   337.2   360.9   390.4   430.8   505.8   633.3   801.3  79331.3    79328
read      268.5   102.1    80.4   138.0   153.3   263.4   314.1   336.6   351.7   369.3   392.0   424.3   484.5   593.9  2155.5  45143.7    45235
read      274.6    95.9    80.4   145.7   162.2   275.9   318.2   338.0   351.5   367.3   387.5   416.8   471.2   570.6  1539.3  35301.3    35310
read      254.1   101.6    74.4   128.1   142.1   234.3   291.5   320.0   339.7   363.1   392.5   433.0   512.4   701.9  1600.2  76582.7    76589
read      249.4   100.1    74.4   129.4   143.9   231.4   281.0   307.9   326.8   348.8   378.5   422.9   507.4   742.2  1912.4 107078.3   107175
read      252.7   105.6    74.4   128.1   141.9   232.9   289.2   317.8   337.8   361.1   390.0   431.5   509.5   681.4  3094.0  78206.7    78127
read      257.6    83.5   101.3   162.0   177.8   257.4   284.5   297.3   307.6   317.9   333.2   356.2   406.7   619.5  2373.8  13408.7    13331
read      261.8   108.8    80.4   131.8   146.7   246.7   303.9   330.8   348.7   369.7   395.7   431.9   502.2   640.4  3049.6  59374.0    59382
read      247.9   107.8    74.4   125.1   139.2   227.4   280.8   309.7   329.7   353.2   384.6   428.6   513.6   711.8  2888.8  87402.0    87477
read      246.5    96.7    74.4   125.9   139.8   227.5   279.8   307.9   327.2   349.9   380.8   424.0   506.5   666.6  1216.2  92212.7    92020
read      248.0    94.7    74.4   129.3   143.7   231.1   280.1   306.3   324.5   346.2   375.2   419.4   503.7   653.4   992.6 109146.3   109297
read      264.9   100.1    80.4   137.5   152.3   260.9   308.2   329.7   344.1   362.6   384.8   416.3   474.5   576.5  1734.8  42069.7    42293
read      262.1   108.2    74.4   132.3   147.0   251.3   305.6   330.4   346.5   366.7   390.6   424.8   493.0   649.7  2960.5  52910.3    52962
read      272.3    73.9    74.4   155.1   172.2   277.1   309.2   324.4   335.6   346.7   364.8   390.4   441.9   561.3   942.0  23472.3    23492
read      253.9    64.2   101.3   160.8   176.4   252.2   280.2   293.8   303.9   314.9   329.7   352.6   407.4   642.1  1304.2  12661.7    12594
read      253.8   105.6    74.4   127.9   141.8   235.6   293.1   319.8   338.3   360.3   388.6   429.9   507.4   657.8  3021.6  68793.3    69120
read      258.9    97.9    74.4   131.7   146.4   247.0   301.8   326.5   343.3   363.2   387.7   423.7   496.7   620.6  1437.7  57148.7    57144
read      260.0   110.9    80.4   131.2   145.8   247.5   302.8   327.3   343.7   363.6   388.5   424.6   498.1   653.0  2985.1  57354.7    57232
read      256.2   103.2    74.4   128.6   142.9   237.8   295.0   323.2   342.4   365.5   394.0   434.6   513.9   658.3  1817.2  71382.3    71593
read      273.4   102.7    80.4   142.7   158.7   271.7   318.2   338.9   353.1   369.5   391.0   422.1   482.1   591.7  2898.0  40914.3    40799
read      271.9    83.6    80.4   150.4   166.1   275.8   312.7   329.8   340.9   354.4   370.9   398.5   454.9   571.0  1169.9  29479.3    29614
read      245.7    95.5    74.4   127.1   141.1   228.3   277.6   304.0   322.2   344.3   373.1   419.2   503.8   666.1  1387.1 106424.0   106611
read      262.8   104.8    74.4   134.0   149.3   254.3   307.0   330.8   346.2   365.1   388.2   423.4   491.4   588.7  1456.6  50316.3    50009
read      264.9   102.5    80.4   134.8   150.1   257.5   309.8   333.2   348.4   366.5   389.1   421.7   483.7   606.1  2685.7  48025.0    47727
read      261.0    81.8    93.8   161.7   178.0   261.2   289.2   302.9   312.7   323.3   338.9   362.9   416.9   605.0  3096.0  15229.0    15204
read      268.1   100.3    80.4   136.1   151.4   259.3   314.1   338.7   355.3   373.3   397.1   431.0   496.0   606.7  1924.6  50769.0    50703
read      260.3    98.1    74.4   130.9   145.9   245.3   302.9   330.2   348.1   369.7   396.0   433.2   502.0   594.2  1002.8  60930.0    60979
read      274.4    91.0    80.4   144.4   160.6   273.3   319.1   340.1   354.7   370.8   391.7   421.9   478.6   581.2  1182.4  37584.7    37662
read      267.4   104.4    93.8   159.6   176.5   266.3   295.7   310.7   320.3   334.0   349.2   374.6   434.8   970.3  3450.4  16977.7    16932
read      248.6   101.2    74.4   128.6   142.5   230.4   281.4   308.8   327.9   349.9   378.8   423.1   505.4   660.8  2844.3 100028.7   100183
read      256.4   101.9    74.4   128.8   143.1   237.9   296.0   324.2   343.4   366.3   394.2   433.0   506.8   635.3  1947.9  69226.7    69175
read      275.9    82.7    86.8   152.5   169.1   279.1   315.9   333.3   344.5   359.8   377.3   405.2   464.9   549.6  1065.6  27609.3    27515
read      251.0    98.3    74.4   129.9   144.5   233.4   283.6   309.9   328.5   350.3   379.7   424.9   515.0   734.8  1874.9 105957.3   106411
read      264.7   107.5    74.4   134.1   149.2   255.6   307.8   331.9   347.6   367.1   391.7   427.4   497.0   612.2  2750.8  49629.0    49629
read      258.0   110.5    74.4   129.5   144.0   241.7   298.5   325.4   343.6   365.8   393.7   432.0   507.7   658.2  1734.5  63635.7    63537
read      246.4   112.4    80.4   124.7   139.0   227.0   280.0   307.7   326.4   347.7   377.1   422.0   507.2   693.1  3806.1  88006.7    88081
read      260.6    95.9    74.4   131.5   146.5   249.1   303.6   328.6   345.2   365.9   391.6   428.2   499.2   616.5  1150.6  55729.3    55527
read      255.6   108.2    74.4   128.6   142.6   237.2   294.5   321.8   341.0   363.8   392.1   431.4   506.8   656.0  2997.5  69603.7    69558
read      258.8   101.8    74.4   130.3   144.7   245.2   300.4   325.7   343.1   364.5   391.3   430.2   507.1   650.3  1492.1  61051.0    60702
read      259.4    74.7    93.8   162.2   178.1   258.6   286.6   300.6   310.7   320.9   337.1   360.9   410.2   627.2  2113.7  13521.3    13487
read      254.2    96.1    74.4   128.4   142.4   237.6   294.6   321.2   340.1   362.2   389.3   427.8   502.0   614.4   755.3  66835.0    67037
read      238.0    62.6    86.8   158.5   172.1   231.9   258.1   271.1   280.5   291.5   306.2   329.3   392.5   638.1  1966.4   8221.7     8281
read      273.7   125.1    80.4   143.8   160.0   272.1   314.7   334.4   347.0   364.0   384.3   414.9   478.0   721.9  3429.3  34918.7    34986
read      251.4   104.2    74.4   127.4   141.3   231.5   286.7   315.0   335.1   358.5   388.1   430.6   509.2   691.1  2437.6  82324.0    82336
read      247.6    96.1    74.4   127.8   141.8   229.7   279.9   307.1   326.0   347.8   377.2   423.1   508.8   688.8  1091.7 101429.0   101465
read      253.3   124.3    74.4   127.6   141.4   232.2   287.4   315.9   336.0   359.4   389.4   432.8   522.0   886.0  3436.7  82540.7    82733

Total QPS = 57799.6 (156058880 / 2700.0s)

Total connections = 64
Misses = 0 (0.0%)
Skipped TXs = 0 (0.0%)

RX 38546544595 bytes :   13.6 MB/s
TX          0 bytes :    0.0 MB/s
Warning! Detected max cpu usage > 95%
CPU Usage Stats (avg/min/max): 100.00%,49.50%,100.00%
