timestamp,core0,core1,core2,core3
2026-05-15T00:18:50.204570,0.00,33.30,0.00,0.00
2026-05-15T00:18:50.305013,0.00,0.00,0.00,0.00
2026-05-15T00:18:50.405551,0.00,0.00,0.00,0.00
2026-05-15T00:18:50.505979,0.00,0.00,0.00,0.00
2026-05-15T00:18:50.606433,0.00,0.00,0.00,0.00
2026-05-15T00:18:50.706959,0.00,0.00,0.00,0.00
2026-05-15T00:18:50.807414,0.00,0.00,9.10,0.00
2026-05-15T00:18:50.907874,0.00,0.00,0.00,0.00
2026-05-15T00:18:51.008264,0.00,10.00,0.00,0.00
2026-05-15T00:18:51.108777,0.00,10.00,0.00,0.00
2026-05-15T00:18:51.209224,0.00,0.00,0.00,0.00
2026-05-15T00:18:51.309700,0.00,0.00,0.00,0.00
2026-05-15T00:18:51.410114,0.00,0.00,0.00,0.00
2026-05-15T00:18:51.510584,0.00,0.00,0.00,0.00
2026-05-15T00:18:51.610959,0.00,0.00,0.00,0.00
2026-05-15T00:18:51.711396,0.00,0.00,0.00,0.00
2026-05-15T00:18:51.811933,0.00,0.00,0.00,0.00
2026-05-15T00:18:51.912407,0.00,0.00,0.00,0.00
2026-05-15T00:18:52.012888,10.00,0.00,9.10,0.00
2026-05-15T00:18:52.113362,0.00,0.00,0.00,0.00
2026-05-15T00:18:52.213862,0.00,0.00,0.00,0.00
2026-05-15T00:18:52.314297,0.00,0.00,0.00,9.10
2026-05-15T00:18:52.414787,0.00,0.00,0.00,0.00
2026-05-15T00:18:52.515243,0.00,0.00,0.00,9.10
2026-05-15T00:18:52.615790,9.10,0.00,9.10,0.00
2026-05-15T00:18:52.716285,0.00,0.00,0.00,0.00
2026-05-15T00:18:52.816736,0.00,9.10,0.00,0.00
2026-05-15T00:18:52.917189,0.00,0.00,0.00,0.00
2026-05-15T00:18:53.017709,0.00,0.00,0.00,0.00
2026-05-15T00:18:53.118178,0.00,0.00,0.00,0.00
2026-05-15T00:18:53.218694,0.00,0.00,0.00,0.00
2026-05-15T00:18:53.319158,0.00,0.00,0.00,0.00
2026-05-15T00:18:53.419717,0.00,0.00,0.00,0.00
2026-05-15T00:18:53.520140,0.00,0.00,0.00,0.00
2026-05-15T00:18:53.620606,0.00,0.00,0.00,0.00
2026-05-15T00:18:53.721120,0.00,0.00,0.00,0.00
2026-05-15T00:18:53.821591,0.00,0.00,0.00,0.00
2026-05-15T00:18:53.922046,0.00,9.10,0.00,0.00
2026-05-15T00:18:54.022491,0.00,0.00,0.00,0.00
2026-05-15T00:18:54.122944,0.00,0.00,0.00,0.00
2026-05-15T00:18:54.223374,0.00,0.00,0.00,0.00
2026-05-15T00:18:54.323812,0.00,0.00,0.00,0.00
2026-05-15T00:18:54.424238,0.00,0.00,0.00,0.00
2026-05-15T00:18:54.524677,0.00,0.00,0.00,0.00
2026-05-15T00:18:54.625097,0.00,10.00,0.00,0.00
2026-05-15T00:18:54.725584,0.00,0.00,0.00,0.00
2026-05-15T00:18:54.826052,9.10,0.00,0.00,0.00
2026-05-15T00:18:54.926578,0.00,0.00,0.00,0.00
2026-05-15T00:18:55.027047,0.00,0.00,0.00,0.00
2026-05-15T00:18:55.127496,0.00,0.00,0.00,0.00
2026-05-15T00:18:55.227939,0.00,0.00,0.00,0.00
2026-05-15T00:18:55.328445,9.10,0.00,0.00,0.00
2026-05-15T00:18:55.428921,0.00,0.00,0.00,0.00
2026-05-15T00:18:55.529398,0.00,0.00,0.00,0.00
2026-05-15T00:18:55.629851,0.00,0.00,0.00,9.10
2026-05-15T00:18:55.730322,0.00,0.00,0.00,0.00
2026-05-15T00:18:55.830837,0.00,0.00,0.00,0.00
2026-05-15T00:18:55.931331,0.00,0.00,0.00,0.00
2026-05-15T00:18:56.031796,0.00,0.00,0.00,0.00
2026-05-15T00:18:56.145762,0.00,8.30,8.30,0.00
2026-05-15T00:18:56.460122,20.00,16.70,26.70,23.30
2026-05-15T00:18:56.562041,0.00,0.00,100.00,0.00
2026-05-15T00:18:56.664043,9.10,0.00,100.00,0.00
2026-05-15T00:18:56.766178,0.00,9.10,100.00,0.00
2026-05-15T00:18:56.868394,0.00,0.00,100.00,0.00
2026-05-15T00:18:56.970645,9.10,0.00,100.00,0.00
2026-05-15T00:18:57.072606,0.00,0.00,100.00,9.10
2026-05-15T00:18:57.174684,0.00,0.00,100.00,0.00
2026-05-15T00:18:57.276820,9.10,0.00,100.00,0.00
2026-05-15T00:18:57.378839,0.00,9.10,100.00,0.00
2026-05-15T00:18:57.480689,0.00,0.00,100.00,0.00
2026-05-15T00:18:57.582597,9.10,0.00,100.00,0.00
2026-05-15T00:18:57.684514,0.00,9.10,100.00,0.00
2026-05-15T00:18:57.786425,0.00,0.00,100.00,0.00
2026-05-15T00:18:57.888253,0.00,0.00,100.00,0.00
2026-05-15T00:18:57.990132,0.00,0.00,100.00,0.00
2026-05-15T00:18:58.092473,0.00,0.00,100.00,0.00
2026-05-15T00:18:58.194726,0.00,0.00,100.00,9.10
2026-05-15T00:18:58.296841,0.00,0.00,100.00,0.00
2026-05-15T00:18:58.398947,0.00,0.00,100.00,0.00
2026-05-15T00:18:58.501036,16.70,0.00,100.00,0.00
2026-05-15T00:18:58.603190,0.00,0.00,100.00,0.00
2026-05-15T00:18:58.705389,18.20,18.20,100.00,10.00
2026-05-15T00:18:58.807604,0.00,0.00,100.00,0.00
2026-05-15T00:18:58.909854,9.10,0.00,100.00,0.00
2026-05-15T00:18:59.012073,9.10,0.00,100.00,0.00
2026-05-15T00:18:59.114306,0.00,0.00,100.00,0.00
2026-05-15T00:18:59.216569,0.00,0.00,100.00,0.00
2026-05-15T00:18:59.318983,0.00,0.00,100.00,0.00
2026-05-15T00:18:59.420839,0.00,0.00,100.00,0.00
2026-05-15T00:18:59.522601,0.00,0.00,100.00,0.00
2026-05-15T00:18:59.624397,9.10,0.00,100.00,0.00
2026-05-15T00:18:59.726264,0.00,9.10,100.00,0.00
2026-05-15T00:18:59.828142,0.00,0.00,100.00,0.00
2026-05-15T00:18:59.930169,0.00,0.00,100.00,0.00
2026-05-15T00:19:00.032053,0.00,0.00,100.00,0.00
2026-05-15T00:19:00.134037,8.30,0.00,100.00,0.00
2026-05-15T00:19:00.236094,0.00,16.70,100.00,0.00
2026-05-15T00:19:00.338059,0.00,0.00,100.00,0.00
2026-05-15T00:19:00.440120,0.00,0.00,100.00,0.00
2026-05-15T00:19:00.542009,0.00,0.00,100.00,0.00
2026-05-15T00:19:00.644306,9.10,0.00,100.00,0.00
2026-05-15T00:19:00.746670,9.10,0.00,100.00,0.00
2026-05-15T00:19:00.848689,0.00,9.10,100.00,0.00
2026-05-15T00:19:00.950637,0.00,0.00,100.00,9.10
2026-05-15T00:19:01.052715,9.10,0.00,100.00,0.00
2026-05-15T00:19:01.154857,0.00,0.00,100.00,0.00
2026-05-15T00:19:01.256894,9.10,0.00,100.00,0.00
2026-05-15T00:19:01.359003,0.00,0.00,100.00,0.00
2026-05-15T00:19:01.463433,9.10,9.10,100.00,0.00
2026-05-15T00:19:01.565493,0.00,9.10,100.00,0.00
2026-05-15T00:19:01.667448,9.10,0.00,100.00,0.00
2026-05-15T00:19:01.769369,9.10,0.00,100.00,9.10
2026-05-15T00:19:01.871341,9.10,0.00,100.00,0.00
2026-05-15T00:19:01.973363,25.00,0.00,100.00,0.00
2026-05-15T00:19:02.075404,25.00,11.10,100.00,0.00
2026-05-15T00:19:02.177311,18.20,10.00,100.00,10.00
2026-05-15T00:19:02.279440,30.80,25.00,100.00,0.00
2026-05-15T00:19:02.381740,25.00,11.10,100.00,0.00
2026-05-15T00:19:02.483724,20.00,18.20,100.00,10.00
2026-05-15T00:19:02.586001,30.80,10.00,100.00,9.10
2026-05-15T00:19:02.688083,30.80,11.10,100.00,0.00
2026-05-15T00:19:02.790215,25.00,18.20,100.00,0.00
2026-05-15T00:19:02.892291,25.00,10.00,100.00,0.00
2026-05-15T00:19:02.994267,33.30,11.10,100.00,0.00
2026-05-15T00:19:03.096391,25.00,25.00,100.00,0.00
2026-05-15T00:19:03.198798,25.00,0.00,100.00,9.10
2026-05-15T00:19:03.300871,18.20,20.00,100.00,0.00
2026-05-15T00:19:03.402957,30.80,0.00,100.00,0.00
2026-05-15T00:19:03.504961,18.20,18.20,100.00,0.00
2026-05-15T00:19:03.606980,40.00,20.00,100.00,10.00
2026-05-15T00:19:03.709071,18.20,0.00,100.00,0.00
2026-05-15T00:19:03.811151,25.00,18.20,100.00,0.00
2026-05-15T00:19:03.913203,33.30,11.10,100.00,0.00
2026-05-15T00:19:04.015294,18.20,10.00,100.00,10.00
2026-05-15T00:19:04.117447,25.00,0.00,100.00,0.00
2026-05-15T00:19:04.219521,25.00,25.00,100.00,0.00
2026-05-15T00:19:04.321571,35.70,0.00,100.00,0.00
2026-05-15T00:19:04.423449,20.00,18.20,100.00,0.00
2026-05-15T00:19:04.525773,25.00,10.00,100.00,0.00
2026-05-15T00:19:04.627939,25.00,11.10,100.00,9.10
2026-05-15T00:19:04.730089,25.00,18.20,100.00,0.00
2026-05-15T00:19:04.832265,33.30,0.00,100.00,0.00
2026-05-15T00:19:04.934267,25.00,20.00,100.00,0.00
2026-05-15T00:19:05.036518,33.30,20.00,100.00,18.20
2026-05-15T00:19:05.138716,25.00,0.00,100.00,10.00
2026-05-15T00:19:05.241193,25.00,18.20,100.00,0.00
2026-05-15T00:19:05.343486,27.30,20.00,100.00,0.00
2026-05-15T00:19:05.446063,25.00,18.20,100.00,9.10
2026-05-15T00:19:05.548198,20.00,10.00,100.00,0.00
2026-05-15T00:19:05.650656,18.20,0.00,100.00,0.00
2026-05-15T00:19:05.752686,18.20,11.10,100.00,0.00
2026-05-15T00:19:05.854748,18.20,18.20,100.00,0.00
2026-05-15T00:19:05.956780,11.10,10.00,100.00,10.00
2026-05-15T00:19:06.058898,10.00,10.00,100.00,0.00
2026-05-15T00:19:06.161072,18.20,10.00,100.00,0.00
2026-05-15T00:19:06.263115,10.00,0.00,100.00,0.00
2026-05-15T00:19:06.365304,10.00,10.00,100.00,0.00
2026-05-15T00:19:06.467260,18.20,10.00,100.00,18.20
2026-05-15T00:19:06.569233,20.00,11.10,100.00,0.00
2026-05-15T00:19:06.671358,0.00,18.20,100.00,0.00
2026-05-15T00:19:06.773598,18.20,0.00,100.00,0.00
2026-05-15T00:19:06.875730,0.00,10.00,100.00,0.00
2026-05-15T00:19:06.978351,27.30,30.00,100.00,18.20
2026-05-15T00:19:07.120256,73.70,72.20,100.00,20.00
2026-05-15T00:19:07.223028,57.10,60.00,64.30,10.00
2026-05-15T00:19:07.326060,53.30,60.00,57.10,0.00
2026-05-15T00:19:07.428534,61.50,53.80,64.30,11.10
2026-05-15T00:19:07.531600,50.00,60.00,62.50,11.10
2026-05-15T00:19:07.634167,60.00,61.50,66.70,11.10
2026-05-15T00:19:07.736936,57.10,53.80,57.10,0.00
2026-05-15T00:19:07.839838,53.80,57.10,66.70,11.10
2026-05-15T00:19:07.942792,62.50,57.10,60.00,22.20
2026-05-15T00:19:08.045414,60.00,64.30,64.30,12.50
2026-05-15T00:19:08.148131,57.10,57.10,64.30,11.10
2026-05-15T00:19:08.250809,60.00,66.70,62.50,22.20
2026-05-15T00:19:08.353375,60.00,57.10,64.30,11.10
2026-05-15T00:19:08.456000,60.00,57.10,60.00,12.50
2026-05-15T00:19:08.558776,57.10,57.10,64.30,20.00
2026-05-15T00:19:08.661263,53.80,66.70,60.00,11.10
2026-05-15T00:19:08.763834,60.00,57.10,66.70,12.50
2026-05-15T00:19:08.866616,57.10,64.30,60.00,11.10
2026-05-15T00:19:08.969142,57.10,57.10,66.70,22.20
2026-05-15T00:19:09.072106,60.00,57.10,57.10,20.00
2026-05-15T00:19:09.175040,56.30,57.10,68.80,0.00
2026-05-15T00:19:09.277963,53.80,58.30,60.00,0.00
2026-05-15T00:19:09.380733,62.50,60.00,64.30,0.00
2026-05-15T00:19:09.483255,57.10,57.10,57.10,20.00
2026-05-15T00:19:09.585933,57.10,60.00,60.00,0.00
2026-05-15T00:19:09.688351,57.10,57.10,66.70,11.10
2026-05-15T00:19:09.791585,53.80,57.10,60.00,0.00
2026-05-15T00:19:09.894191,57.10,60.00,60.00,10.00
2026-05-15T00:19:09.997030,56.20,60.00,64.30,11.10
2026-05-15T00:19:10.099706,53.80,53.80,60.00,0.00
2026-05-15T00:19:10.202257,60.00,58.30,57.10,11.10
2026-05-15T00:19:10.304883,57.10,60.00,60.00,10.00
2026-05-15T00:19:10.407582,50.00,46.20,57.10,0.00
2026-05-15T00:19:10.510089,57.10,66.70,66.70,20.00
2026-05-15T00:19:10.612370,57.10,53.80,64.30,0.00
2026-05-15T00:19:10.715342,57.10,53.80,60.00,11.10
2026-05-15T00:19:10.817983,53.80,60.00,64.30,11.10
2026-05-15T00:19:10.920340,60.00,50.00,60.00,10.00
2026-05-15T00:19:11.023057,53.30,53.80,60.00,0.00
2026-05-15T00:19:11.125816,57.10,57.10,60.00,0.00
2026-05-15T00:19:11.228846,57.10,50.00,61.50,10.00
2026-05-15T00:19:11.331660,53.80,53.80,60.00,0.00
2026-05-15T00:19:11.434581,56.30,57.10,62.50,10.00
2026-05-15T00:19:11.537117,57.10,57.10,61.50,0.00
2026-05-15T00:19:11.639602,53.80,53.80,60.00,11.10
2026-05-15T00:19:11.742331,57.10,53.80,60.00,18.20
2026-05-15T00:19:11.844817,57.10,60.00,61.50,0.00
2026-05-15T00:19:11.947434,60.00,57.10,62.50,11.10
2026-05-15T00:19:12.050606,71.40,84.60,81.80,0.00
2026-05-15T00:19:12.154287,81.80,83.30,92.30,14.30
2026-05-15T00:19:12.257964,73.30,76.90,76.90,12.50
2026-05-15T00:19:12.361306,76.90,83.30,90.90,0.00
2026-05-15T00:19:12.464757,73.30,78.60,81.80,0.00
2026-05-15T00:19:12.568148,75.00,83.30,84.60,22.20
2026-05-15T00:19:12.671410,78.60,75.00,83.30,14.30
2026-05-15T00:19:12.775691,75.00,84.60,78.60,12.50
2026-05-15T00:19:12.879406,71.40,75.00,83.30,12.50
2026-05-15T00:19:12.982713,84.60,84.60,91.70,14.30
2026-05-15T00:19:13.086088,78.60,83.30,83.30,0.00
2026-05-15T00:19:13.190769,75.00,83.30,83.30,12.50
2026-05-15T00:19:13.293884,76.90,84.60,90.90,0.00
2026-05-15T00:19:13.397737,76.90,83.30,84.60,12.50
2026-05-15T00:19:13.501164,71.40,76.90,76.90,0.00
2026-05-15T00:19:13.604577,76.90,83.30,81.80,14.30
2026-05-15T00:19:13.708706,78.60,75.00,91.70,12.50
2026-05-15T00:19:13.811904,75.00,84.60,83.30,14.30
2026-05-15T00:19:13.915324,78.60,83.30,83.30,12.50
2026-05-15T00:19:14.019688,76.90,83.30,84.60,14.30
2026-05-15T00:19:14.124105,76.90,84.60,90.90,12.50
2026-05-15T00:19:14.228713,78.60,81.80,84.60,14.30
2026-05-15T00:19:14.332437,76.90,84.60,83.30,0.00
2026-05-15T00:19:14.436101,76.90,84.60,90.90,12.50
2026-05-15T00:19:14.540045,76.90,84.60,84.60,14.30
2026-05-15T00:19:14.644846,83.30,81.80,83.30,0.00
2026-05-15T00:19:14.749710,76.90,83.30,91.70,14.30
2026-05-15T00:19:14.853291,78.60,83.30,83.30,12.50
2026-05-15T00:19:14.957340,76.90,78.60,83.30,14.30
2026-05-15T00:19:15.060865,76.90,83.30,83.30,12.50
2026-05-15T00:19:15.164041,71.40,84.60,84.60,12.50
2026-05-15T00:19:15.268091,76.90,76.90,83.30,12.50
2026-05-15T00:19:15.371868,76.90,81.80,84.60,16.70
2026-05-15T00:19:15.475866,78.60,78.60,83.30,12.50
2026-05-15T00:19:15.579220,75.00,90.90,90.90,14.30
2026-05-15T00:19:15.682956,78.60,76.90,81.80,0.00
2026-05-15T00:19:15.786821,75.00,83.30,84.60,12.50
2026-05-15T00:19:15.890220,78.60,83.30,83.30,0.00
2026-05-15T00:19:15.994024,76.90,84.60,91.70,14.30
2026-05-15T00:19:16.099382,83.30,83.30,84.60,25.00
2026-05-15T00:19:16.203075,76.90,84.60,83.30,0.00
2026-05-15T00:19:16.307016,76.90,83.30,91.70,25.00
2026-05-15T00:19:16.410590,78.60,83.30,81.80,0.00
2026-05-15T00:19:16.513841,73.30,76.90,83.30,12.50
2026-05-15T00:19:16.617919,81.80,91.70,91.70,14.30
2026-05-15T00:19:16.722332,78.60,81.80,83.30,12.50
2026-05-15T00:19:16.826104,76.90,83.30,84.60,0.00
2026-05-15T00:19:16.929255,76.90,84.60,90.90,12.50
2026-05-15T00:19:17.032108,64.30,61.50,66.70,0.00
2026-05-15T00:19:17.134910,60.00,68.80,66.70,0.00
2026-05-15T00:19:17.237897,61.50,61.50,64.30,11.10
2026-05-15T00:19:17.341020,62.50,64.30,71.40,0.00
2026-05-15T00:19:17.443428,58.30,64.30,64.30,22.20
2026-05-15T00:19:17.546158,66.70,61.50,66.70,11.10
2026-05-15T00:19:17.649372,62.50,62.50,64.30,0.00
2026-05-15T00:19:17.752636,61.50,61.50,64.30,0.00
2026-05-15T00:19:17.855340,66.70,61.50,71.40,0.00
2026-05-15T00:19:17.958416,57.10,64.30,64.30,20.00
2026-05-15T00:19:18.061389,66.70,61.50,66.70,11.10
2026-05-15T00:19:18.164025,60.00,64.30,66.70,0.00
2026-05-15T00:19:18.266895,57.10,61.50,61.50,0.00
2026-05-15T00:19:18.369583,64.30,53.80,64.30,0.00
2026-05-15T00:19:18.472192,57.10,66.70,64.30,11.10
2026-05-15T00:19:18.574933,64.30,64.30,66.70,0.00
2026-05-15T00:19:18.677617,60.00,61.50,64.30,20.00
2026-05-15T00:19:18.780450,64.30,66.70,71.40,22.20
2026-05-15T00:19:18.882814,60.00,61.50,66.70,0.00
2026-05-15T00:19:18.985243,64.30,61.50,64.30,20.00
2026-05-15T00:19:19.087977,64.30,66.70,64.30,11.10
2026-05-15T00:19:19.191198,60.00,57.10,64.30,0.00
2026-05-15T00:19:19.294178,64.30,58.30,64.30,0.00
2026-05-15T00:19:19.396687,57.10,60.00,64.30,11.10
2026-05-15T00:19:19.499263,68.80,61.50,71.40,0.00
2026-05-15T00:19:19.601996,57.10,61.50,68.70,0.00
2026-05-15T00:19:19.704916,66.70,64.30,64.30,11.10
2026-05-15T00:19:19.807428,53.80,66.70,64.30,11.10
2026-05-15T00:19:19.910202,64.30,57.10,64.30,0.00
2026-05-15T00:19:20.013659,57.10,64.30,66.70,11.10
2026-05-15T00:19:20.116916,64.30,61.50,69.20,11.10
2026-05-15T00:19:20.219752,57.10,64.30,62.50,0.00
2026-05-15T00:19:20.322844,66.70,60.00,61.50,0.00
2026-05-15T00:19:20.425810,57.10,61.50,71.40,11.10
2026-05-15T00:19:20.528405,60.00,57.10,66.70,11.10
2026-05-15T00:19:20.630995,64.30,64.30,68.70,11.10
2026-05-15T00:19:20.733934,57.10,58.30,61.50,0.00
2026-05-15T00:19:20.836334,64.30,66.70,66.70,11.10
2026-05-15T00:19:20.939414,57.10,57.10,64.30,11.10
2026-05-15T00:19:21.042228,53.80,61.50,64.30,11.10
2026-05-15T00:19:21.145348,64.30,57.10,66.70,11.10
2026-05-15T00:19:21.248117,60.00,61.50,66.70,0.00
2026-05-15T00:19:21.350604,57.10,64.30,66.70,0.00
2026-05-15T00:19:21.453253,61.50,61.50,64.30,11.10
2026-05-15T00:19:21.556542,62.50,62.50,64.30,11.10
2026-05-15T00:19:21.659641,64.30,66.70,66.70,0.00
2026-05-15T00:19:21.762161,60.00,60.00,64.30,11.10
2026-05-15T00:19:21.864926,61.50,64.30,66.70,0.00
2026-05-15T00:19:21.967405,60.00,53.80,61.50,20.00
2026-05-15T00:19:22.069780,46.20,50.00,56.20,0.00
2026-05-15T00:19:22.172094,53.30,53.80,57.10,10.00
2026-05-15T00:19:22.274583,50.00,46.20,50.00,0.00
2026-05-15T00:19:22.376984,46.20,46.20,62.50,11.10
2026-05-15T00:19:22.479245,53.30,53.80,53.30,10.00
2026-05-15T00:19:22.581574,53.80,46.20,53.80,0.00
2026-05-15T00:19:22.683973,46.20,41.70,50.00,10.00
2026-05-15T00:19:22.786200,50.00,57.10,57.10,0.00
2026-05-15T00:19:22.888670,46.20,41.70,50.00,0.00
2026-05-15T00:19:22.991021,46.20,53.80,60.00,20.00
2026-05-15T00:19:23.093442,46.20,41.70,50.00,0.00
2026-05-15T00:19:23.195884,50.00,50.00,56.30,10.00
2026-05-15T00:19:23.298899,50.00,41.70,50.00,11.10
2026-05-15T00:19:23.401150,50.00,46.20,57.10,0.00
2026-05-15T00:19:23.503722,41.70,53.80,53.30,0.00
2026-05-15T00:19:23.605992,53.30,41.70,57.10,11.10
2026-05-15T00:19:23.708593,41.70,46.20,53.30,10.00
2026-05-15T00:19:23.810857,46.20,50.00,57.10,0.00
2026-05-15T00:19:23.913341,53.80,45.50,57.10,18.20
2026-05-15T00:19:24.015949,50.00,46.20,53.30,0.00
2026-05-15T00:19:24.118120,50.00,41.70,53.80,0.00
2026-05-15T00:19:24.220406,46.20,50.00,53.30,0.00
2026-05-15T00:19:24.323104,46.20,40.00,53.80,10.00
2026-05-15T00:19:24.425503,46.20,50.00,53.30,0.00
2026-05-15T00:19:24.528009,57.10,50.00,60.00,10.00
2026-05-15T00:19:24.630315,46.20,45.50,56.30,0.00
2026-05-15T00:19:24.732907,46.20,46.20,57.10,0.00
2026-05-15T00:19:24.835175,50.00,46.20,50.00,10.00
2026-05-15T00:19:24.937492,41.70,41.70,53.80,11.10
2026-05-15T00:19:25.039866,53.30,46.20,53.30,0.00
2026-05-15T00:19:25.142022,50.00,53.80,57.10,0.00
2026-05-15T00:19:25.244195,36.40,41.70,50.00,10.00
2026-05-15T00:19:25.346385,53.30,46.20,57.10,0.00
2026-05-15T00:19:25.448919,53.80,53.80,56.30,0.00
2026-05-15T00:19:25.551165,50.00,50.00,53.80,11.10
2026-05-15T00:19:25.653719,46.20,36.40,60.00,18.20
2026-05-15T00:19:25.755969,41.70,50.00,50.00,0.00
2026-05-15T00:19:25.858331,46.20,41.70,53.80,18.20
2026-05-15T00:19:25.961085,50.00,46.20,56.30,0.00
2026-05-15T00:19:26.063403,46.20,50.00,53.80,0.00
2026-05-15T00:19:26.165815,50.00,50.00,62.50,10.00
2026-05-15T00:19:26.268370,41.70,50.00,50.00,0.00
2026-05-15T00:19:26.370718,50.00,36.40,53.30,10.00
2026-05-15T00:19:26.472883,53.80,46.20,53.80,18.20
2026-05-15T00:19:26.575328,50.00,45.50,53.80,0.00
2026-05-15T00:19:26.677948,46.20,41.70,56.30,10.00
2026-05-15T00:19:26.780250,46.20,46.20,50.00,0.00
2026-05-15T00:19:26.882697,46.20,46.20,50.00,0.00
2026-05-15T00:19:26.984883,50.00,50.00,60.00,18.20
2026-05-15T00:19:27.087411,57.10,53.80,64.30,11.10
2026-05-15T00:19:27.189957,53.80,57.10,57.10,0.00
2026-05-15T00:19:27.292670,57.10,53.80,61.50,0.00
2026-05-15T00:19:27.395335,60.00,57.10,62.50,10.00
2026-05-15T00:19:27.498117,57.10,61.50,64.30,11.10
2026-05-15T00:19:27.600608,53.80,57.10,57.10,11.10
2026-05-15T00:19:27.703218,57.10,60.00,66.70,0.00
2026-05-15T00:19:27.805941,57.10,61.50,64.30,0.00
2026-05-15T00:19:27.908440,57.10,53.80,60.00,20.00
2026-05-15T00:19:28.011413,57.10,62.50,62.50,0.00
2026-05-15T00:19:28.114002,53.30,53.80,61.50,11.10
2026-05-15T00:19:28.217141,57.10,61.50,60.00,11.10
2026-05-15T00:19:28.320245,60.00,60.00,64.30,0.00
2026-05-15T00:19:28.422979,57.10,53.80,60.00,10.00
2026-05-15T00:19:28.525727,57.10,66.70,66.70,0.00
2026-05-15T00:19:28.628018,61.50,57.10,64.30,11.10
2026-05-15T00:19:28.730769,62.50,64.30,64.30,12.50
2026-05-15T00:19:28.833498,57.10,53.80,66.70,0.00
2026-05-15T00:19:28.935937,57.10,60.00,60.00,11.10
2026-05-15T00:19:29.038532,64.30,64.30,61.50,0.00
2026-05-15T00:19:29.141026,56.30,57.10,66.70,11.10
2026-05-15T00:19:29.243666,53.80,57.10,62.50,11.10
2026-05-15T00:19:29.346589,57.10,64.30,66.70,0.00
2026-05-15T00:19:29.449204,62.50,57.10,60.00,11.10
2026-05-15T00:19:29.551951,53.80,53.80,64.30,11.10
2026-05-15T00:19:29.655012,57.10,57.10,60.00,0.00
2026-05-15T00:19:29.757671,57.10,58.30,64.30,11.10
2026-05-15T00:19:29.860211,53.80,53.30,60.00,0.00
2026-05-15T00:19:29.962868,60.00,61.50,64.30,27.30
2026-05-15T00:19:30.065371,57.10,60.00,60.00,0.00
2026-05-15T00:19:30.167751,57.10,50.00,64.30,0.00
2026-05-15T00:19:30.270142,53.80,53.80,62.50,0.00
2026-05-15T00:19:30.372760,60.00,57.10,64.30,0.00
2026-05-15T00:19:30.475687,57.10,66.70,62.50,10.00
2026-05-15T00:19:30.578217,53.80,53.80,61.50,11.10
2026-05-15T00:19:30.680890,60.00,57.10,60.00,11.10
2026-05-15T00:19:30.783375,53.80,60.00,64.30,11.10
2026-05-15T00:19:30.886113,57.10,57.10,60.00,11.10
2026-05-15T00:19:30.988775,53.80,53.80,57.10,20.00
2026-05-15T00:19:31.091219,57.10,57.10,64.30,0.00
2026-05-15T00:19:31.193689,60.00,57.10,60.00,0.00
2026-05-15T00:19:31.296048,57.10,53.80,57.10,0.00
2026-05-15T00:19:31.398412,50.00,53.80,66.70,0.00
2026-05-15T00:19:31.501132,60.00,61.50,64.30,11.10
2026-05-15T00:19:31.604143,57.10,57.10,62.50,11.10
2026-05-15T00:19:31.707001,53.80,57.10,61.50,11.10
2026-05-15T00:19:31.809769,60.00,61.50,60.00,11.10
2026-05-15T00:19:31.912096,53.80,53.80,64.30,0.00
2026-05-15T00:19:32.014383,53.80,50.00,57.10,0.00
2026-05-15T00:19:32.117138,50.00,45.50,53.30,10.00
2026-05-15T00:19:32.219481,46.20,38.50,50.00,0.00
2026-05-15T00:19:32.321955,41.70,50.00,53.80,10.00
2026-05-15T00:19:32.424215,50.00,46.20,50.00,11.10
2026-05-15T00:19:32.527153,38.50,41.70,57.10,0.00
2026-05-15T00:19:32.629415,46.20,50.00,53.30,0.00
2026-05-15T00:19:32.732014,41.70,41.70,50.00,0.00
2026-05-15T00:19:32.834244,41.70,50.00,53.80,10.00
2026-05-15T00:19:32.936669,41.70,41.70,53.30,10.00
2026-05-15T00:19:33.039486,46.20,50.00,50.00,0.00
2026-05-15T00:19:33.141880,41.70,50.00,57.10,0.00
2026-05-15T00:19:33.244187,41.70,46.20,50.00,0.00
2026-05-15T00:19:33.346794,50.00,41.70,53.80,10.00
2026-05-15T00:19:33.449143,46.20,41.70,53.30,0.00
2026-05-15T00:19:33.551908,46.20,41.70,50.00,10.00
2026-05-15T00:19:33.654319,46.20,46.20,53.80,0.00
2026-05-15T00:19:33.756725,46.70,46.20,56.30,18.20
2026-05-15T00:19:33.859367,41.70,41.70,53.80,0.00
2026-05-15T00:19:33.961874,41.70,46.20,46.20,0.00
2026-05-15T00:19:34.064189,50.00,50.00,50.00,0.00
2026-05-15T00:19:34.166938,53.80,50.00,62.50,10.00
2026-05-15T00:19:34.269218,50.00,46.20,50.00,10.00
2026-05-15T00:19:34.372286,50.00,41.70,60.00,0.00
2026-05-15T00:19:34.474715,46.20,41.70,50.00,0.00
2026-05-15T00:19:34.577309,27.30,46.20,46.20,0.00
2026-05-15T00:19:34.679999,57.10,53.80,60.00,11.10
2026-05-15T00:19:34.782267,46.20,50.00,57.10,0.00
2026-05-15T00:19:34.884752,46.20,41.70,50.00,0.00
2026-05-15T00:19:34.987182,41.70,41.70,53.30,18.20
2026-05-15T00:19:35.089822,46.20,50.00,53.80,0.00
2026-05-15T00:19:35.192092,46.20,46.20,56.30,0.00
2026-05-15T00:19:35.294424,41.70,46.20,50.00,10.00
2026-05-15T00:19:35.397042,50.00,41.70,53.80,10.00
2026-05-15T00:19:35.499539,46.20,50.00,53.30,11.10
2026-05-15T00:19:35.603079,46.20,46.20,53.80,0.00
2026-05-15T00:19:35.705868,41.70,36.40,53.30,10.00
2026-05-15T00:19:35.808183,50.00,50.00,60.00,0.00
2026-05-15T00:19:35.910398,46.20,46.20,50.00,0.00
2026-05-15T00:19:36.013140,46.20,46.20,53.80,10.00
2026-05-15T00:19:36.115578,50.00,50.00,56.30,0.00
2026-05-15T00:19:36.217819,46.20,36.40,50.00,10.00
2026-05-15T00:19:36.320159,42.90,46.20,57.10,10.00
2026-05-15T00:19:36.422824,46.20,41.70,50.00,0.00
2026-05-15T00:19:36.525154,41.70,53.80,53.30,11.10
2026-05-15T00:19:36.627387,46.20,41.70,57.10,10.00
2026-05-15T00:19:36.729841,50.00,50.00,56.30,10.00
2026-05-15T00:19:36.832334,50.00,41.70,46.20,11.10
2026-05-15T00:19:36.934665,36.40,41.70,57.10,10.00
2026-05-15T00:19:37.038443,73.30,76.90,76.90,0.00
2026-05-15T00:19:37.142586,76.90,84.60,84.60,22.20
2026-05-15T00:19:37.246173,76.90,81.80,90.90,0.00
2026-05-15T00:19:37.350145,76.90,78.60,76.90,0.00
2026-05-15T00:19:37.453677,78.60,83.30,90.90,14.30
2026-05-15T00:19:37.557953,83.30,91.70,91.70,12.50
2026-05-15T00:19:37.662320,76.90,83.30,90.90,0.00
2026-05-15T00:19:37.766066,83.30,83.30,84.60,14.30
2026-05-15T00:19:37.869245,76.90,83.30,90.00,22.20
2026-05-15T00:19:37.973399,75.00,83.30,90.90,0.00
2026-05-15T00:19:38.076889,78.60,84.60,91.70,0.00
2026-05-15T00:19:38.181540,75.00,83.30,81.80,14.30
2026-05-15T00:19:38.285163,76.90,84.60,84.60,12.50
2026-05-15T00:19:38.389323,83.30,90.90,90.90,0.00
2026-05-15T00:19:38.492812,76.90,84.60,91.70,14.30
2026-05-15T00:19:38.596799,78.60,81.80,83.30,12.50
2026-05-15T00:19:38.701046,83.30,91.70,90.90,0.00
2026-05-15T00:19:38.805088,84.60,81.80,91.70,44.40
2026-05-15T00:19:38.909297,76.90,91.70,90.00,14.30
2026-05-15T00:19:39.013631,76.90,83.30,84.60,25.00
2026-05-15T00:19:39.117256,76.90,78.60,83.30,12.50
2026-05-15T00:19:39.220657,76.90,83.30,83.30,0.00
2026-05-15T00:19:39.324273,71.40,78.60,90.90,12.50
2026-05-15T00:19:39.428818,76.90,81.80,85.70,14.30
2026-05-15T00:19:39.533056,78.60,84.60,90.90,12.50
2026-05-15T00:19:39.637346,81.80,81.80,83.30,14.30
2026-05-15T00:19:39.741065,78.60,84.60,90.90,0.00
2026-05-15T00:19:39.844592,75.00,90.90,90.90,22.20
2026-05-15T00:19:39.948994,84.60,83.30,91.70,14.30
2026-05-15T00:19:40.052954,78.60,83.30,91.70,14.30
2026-05-15T00:19:40.156884,75.00,84.60,81.80,0.00
2026-05-15T00:19:40.260956,83.30,83.30,90.90,14.30
2026-05-15T00:19:40.365338,76.90,83.30,90.90,12.50
2026-05-15T00:19:40.469113,76.90,84.60,85.70,14.30
2026-05-15T00:19:40.572414,76.90,81.80,81.80,0.00
2026-05-15T00:19:40.676778,78.60,84.60,91.70,25.00
2026-05-15T00:19:40.780097,81.80,83.30,90.90,0.00
2026-05-15T00:19:40.883350,76.90,84.60,84.60,12.50
2026-05-15T00:19:40.986994,76.90,83.30,90.90,25.00
2026-05-15T00:19:41.091160,76.90,84.60,83.30,12.50
2026-05-15T00:19:41.194797,76.90,75.00,83.30,0.00
2026-05-15T00:19:41.298539,76.90,84.60,91.70,12.50
2026-05-15T00:19:41.402376,76.90,83.30,83.30,12.50
2026-05-15T00:19:41.506387,78.60,83.30,90.90,0.00
2026-05-15T00:19:41.609784,75.00,84.60,84.60,12.50
2026-05-15T00:19:41.713161,76.90,83.30,90.90,0.00
2026-05-15T00:19:41.817250,76.90,90.90,83.30,25.00
2026-05-15T00:19:41.921138,84.60,83.30,90.90,0.00
2026-05-15T00:19:42.024741,71.40,76.90,84.60,0.00
2026-05-15T00:19:42.128314,75.00,76.90,91.70,14.30
2026-05-15T00:19:42.232881,84.60,91.70,90.90,12.50
2026-05-15T00:19:42.336774,78.60,83.30,81.80,0.00
2026-05-15T00:19:42.440283,75.00,84.60,91.70,0.00
2026-05-15T00:19:42.544392,78.60,76.90,84.60,22.20
2026-05-15T00:19:42.648085,83.30,90.00,90.90,0.00
2026-05-15T00:19:42.752385,76.90,83.30,83.30,14.30
2026-05-15T00:19:42.856515,76.90,84.60,90.90,14.30
2026-05-15T00:19:42.962458,81.80,84.60,84.60,0.00
2026-05-15T00:19:43.065730,80.00,90.90,91.70,14.30
2026-05-15T00:19:43.169281,75.00,83.30,90.00,0.00
2026-05-15T00:19:43.273125,83.30,81.80,90.90,12.50
2026-05-15T00:19:43.376899,78.60,91.70,91.70,14.30
2026-05-15T00:19:43.481821,81.80,83.30,90.90,0.00
2026-05-15T00:19:43.586037,78.60,84.60,84.60,0.00
2026-05-15T00:19:43.689395,71.40,76.90,90.90,25.00
2026-05-15T00:19:43.792799,76.90,83.30,84.60,0.00
2026-05-15T00:19:43.896116,83.30,83.30,90.90,14.30
2026-05-15T00:19:44.000146,76.90,90.90,83.30,14.30
2026-05-15T00:19:44.104930,76.90,84.60,90.90,12.50
2026-05-15T00:19:44.208299,83.30,83.30,90.90,0.00
2026-05-15T00:19:44.312123,73.30,83.30,84.60,12.50
2026-05-15T00:19:44.415345,81.80,84.60,90.90,14.30
2026-05-15T00:19:44.518351,78.60,81.80,91.70,0.00
2026-05-15T00:19:44.622351,76.90,83.30,83.30,30.00
2026-05-15T00:19:44.725932,76.90,83.30,83.30,0.00
2026-05-15T00:19:44.829233,75.00,90.90,90.90,25.00
2026-05-15T00:19:44.933144,76.90,80.00,83.30,12.50
2026-05-15T00:19:45.037383,78.60,81.80,90.90,14.30
2026-05-15T00:19:45.141316,81.80,90.90,92.30,12.50
2026-05-15T00:19:45.245701,78.60,83.30,81.80,0.00
2026-05-15T00:19:45.349303,83.30,84.60,91.70,14.30
2026-05-15T00:19:45.453036,76.90,83.30,90.90,14.30
2026-05-15T00:19:45.556753,76.90,83.30,83.30,25.00
2026-05-15T00:19:45.660800,76.90,83.30,84.60,0.00
2026-05-15T00:19:45.764357,76.90,84.60,90.90,0.00
2026-05-15T00:19:45.869101,76.90,83.30,84.60,22.20
2026-05-15T00:19:45.972786,83.30,84.60,90.00,0.00
2026-05-15T00:19:46.076392,78.60,81.80,91.70,14.30
2026-05-15T00:19:46.180415,75.00,90.90,91.70,0.00
2026-05-15T00:19:46.284043,84.60,83.30,90.90,0.00
2026-05-15T00:19:46.387134,76.90,83.30,83.30,14.30
2026-05-15T00:19:46.491171,76.90,84.60,90.90,22.20
2026-05-15T00:19:46.595217,76.90,81.80,90.90,14.30
2026-05-15T00:19:46.699392,83.30,91.70,84.60,12.50
2026-05-15T00:19:46.803024,78.60,83.30,90.00,14.30
2026-05-15T00:19:46.907069,75.00,83.30,90.90,14.30
2026-05-15T00:19:47.010990,83.30,83.30,84.60,12.50
2026-05-15T00:19:47.115192,76.90,84.60,84.60,0.00
2026-05-15T00:19:47.219161,69.20,76.90,83.30,12.50
2026-05-15T00:19:47.322368,71.40,83.30,84.60,12.50
2026-05-15T00:19:47.426299,76.90,76.90,81.80,14.30
2026-05-15T00:19:47.529802,75.00,76.90,84.60,0.00
2026-05-15T00:19:47.633186,73.30,83.30,83.30,12.50
2026-05-15T00:19:47.736151,76.90,76.90,84.60,12.50
2026-05-15T00:19:47.839750,75.00,78.60,76.90,12.50
2026-05-15T00:19:47.943645,73.30,75.00,83.30,0.00
2026-05-15T00:19:48.047220,76.90,83.30,83.30,12.50
2026-05-15T00:19:48.150825,75.00,83.30,83.30,12.50
2026-05-15T00:19:48.254134,76.90,76.90,83.30,0.00
2026-05-15T00:19:48.357639,73.30,84.60,84.60,0.00
2026-05-15T00:19:48.460831,75.00,76.90,83.30,12.50
2026-05-15T00:19:48.564730,76.90,83.30,81.80,0.00
2026-05-15T00:19:48.668869,78.60,83.30,84.60,12.50
2026-05-15T00:19:48.775176,76.90,83.30,83.30,37.50
2026-05-15T00:19:48.879652,76.90,83.30,90.90,25.00
2026-05-15T00:19:48.983422,76.90,78.60,78.60,22.20
2026-05-15T00:19:49.086840,73.30,83.30,83.30,14.30
2026-05-15T00:19:49.190258,75.00,76.90,83.30,0.00
2026-05-15T00:19:49.293348,71.40,83.30,84.60,12.50
2026-05-15T00:19:49.397159,75.00,76.90,81.80,12.50
2026-05-15T00:19:49.500582,80.00,78.60,78.60,0.00
2026-05-15T00:19:49.604256,71.40,83.30,83.30,14.30
2026-05-15T00:19:49.708083,75.00,76.90,83.30,12.50
2026-05-15T00:19:49.811663,78.60,83.30,84.60,12.50
2026-05-15T00:19:49.915203,69.20,76.90,83.30,0.00
2026-05-15T00:19:50.019694,76.90,83.30,83.30,12.50
2026-05-15T00:19:50.123687,78.60,76.90,84.60,12.50
2026-05-15T00:19:50.227574,71.40,76.90,75.00,12.50
2026-05-15T00:19:50.330829,78.60,83.30,83.30,0.00
2026-05-15T00:19:50.434634,69.20,76.90,84.60,12.50
2026-05-15T00:19:50.538291,75.00,78.60,84.60,14.30
2026-05-15T00:19:50.642603,76.90,83.30,83.30,12.50
2026-05-15T00:19:50.746062,78.60,83.30,84.60,0.00
2026-05-15T00:19:50.850327,75.00,84.60,81.80,12.50
2026-05-15T00:19:50.954820,73.30,76.90,84.60,0.00
2026-05-15T00:19:51.058308,76.90,83.30,83.30,14.30
2026-05-15T00:19:51.161955,78.60,84.60,83.30,0.00
2026-05-15T00:19:51.265168,75.00,75.00,84.60,12.50
2026-05-15T00:19:51.368732,71.40,83.30,83.30,25.00
2026-05-15T00:19:51.473213,78.60,76.90,83.30,0.00
2026-05-15T00:19:51.576766,76.90,84.60,83.30,12.50
2026-05-15T00:19:51.681013,76.90,83.30,83.30,25.00
2026-05-15T00:19:51.784653,71.40,76.90,76.90,0.00
2026-05-15T00:19:51.888321,76.90,75.00,83.30,0.00
2026-05-15T00:19:51.991213,60.00,61.50,69.20,20.00
2026-05-15T00:19:52.093675,41.70,50.00,53.30,0.00
2026-05-15T00:19:52.196048,50.00,36.40,53.30,0.00
2026-05-15T00:19:52.298557,50.00,50.00,53.30,10.00
2026-05-15T00:19:52.400846,46.20,46.20,53.80,0.00
2026-05-15T00:19:52.503327,53.80,50.00,50.00,11.10
2026-05-15T00:19:52.605665,41.70,36.40,57.10,0.00
2026-05-15T00:19:52.708194,46.70,46.20,50.00,18.20
2026-05-15T00:19:52.810730,46.20,41.70,57.10,0.00
2026-05-15T00:19:52.913126,50.00,46.20,53.30,0.00
2026-05-15T00:19:53.015309,46.70,53.30,50.00,10.00
2026-05-15T00:19:53.117996,50.00,45.50,57.10,0.00
2026-05-15T00:19:53.220563,46.70,46.20,46.20,0.00
2026-05-15T00:19:53.322776,41.70,46.20,56.30,11.10
2026-05-15T00:19:53.425254,57.10,41.70,50.00,10.00
2026-05-15T00:19:53.528340,46.20,50.00,56.30,10.00
2026-05-15T00:19:53.630958,50.00,50.00,57.10,10.00
2026-05-15T00:19:53.733224,46.20,53.30,53.30,0.00
2026-05-15T00:19:53.835689,50.00,50.00,53.80,10.00
2026-05-15T00:19:53.937896,46.20,53.80,53.30,11.10
2026-05-15T00:19:54.040369,46.20,36.40,60.00,10.00
2026-05-15T00:19:54.142896,50.00,50.00,53.30,0.00
2026-05-15T00:19:54.245555,50.00,50.00,53.80,10.00
2026-05-15T00:19:54.347985,50.00,50.00,56.30,0.00
2026-05-15T00:19:54.450420,41.70,46.20,57.10,10.00
2026-05-15T00:19:54.552922,46.20,46.20,53.30,0.00
2026-05-15T00:19:54.655229,53.30,45.50,50.00,0.00
2026-05-15T00:19:54.758192,41.70,50.00,57.10,10.00
2026-05-15T00:19:54.860569,50.00,46.20,50.00,11.10
2026-05-15T00:19:54.962983,50.00,57.10,60.00,10.00
2026-05-15T00:19:55.065408,46.20,38.50,50.00,0.00
2026-05-15T00:19:55.167938,46.20,45.50,57.10,10.00
2026-05-15T00:19:55.270836,46.20,46.20,53.30,0.00
2026-05-15T00:19:55.373383,53.80,50.00,56.20,10.00
2026-05-15T00:19:55.475730,38.50,41.70,53.80,20.00
2026-05-15T00:19:55.578161,46.20,50.00,53.30,0.00
2026-05-15T00:19:55.681125,46.20,36.40,46.20,10.00
2026-05-15T00:19:55.783319,46.20,46.20,57.10,0.00
2026-05-15T00:19:55.886143,53.80,50.00,53.30,10.00
2026-05-15T00:19:55.988722,46.20,41.70,57.10,0.00
2026-05-15T00:19:56.090952,42.90,46.20,53.30,10.00
2026-05-15T00:19:56.193413,41.70,57.10,53.30,10.00
2026-05-15T00:19:56.296020,50.00,41.70,53.80,0.00
2026-05-15T00:19:56.398466,46.20,46.20,53.30,0.00
2026-05-15T00:19:56.500825,50.00,46.20,53.30,0.00
2026-05-15T00:19:56.603247,46.20,41.70,57.10,10.00
2026-05-15T00:19:56.705678,46.20,50.00,50.00,0.00
2026-05-15T00:19:56.808123,50.00,46.20,57.10,18.20
2026-05-15T00:19:56.910997,46.20,53.80,53.30,0.00
2026-05-15T00:19:57.013031,27.30,18.20,38.50,0.00
2026-05-15T00:19:57.115023,10.00,11.10,0.00,0.00
2026-05-15T00:19:57.217052,18.20,9.10,11.10,0.00
2026-05-15T00:19:57.319339,0.00,0.00,10.00,10.00
2026-05-15T00:19:57.421345,18.20,10.00,0.00,0.00
2026-05-15T00:19:57.523375,0.00,0.00,10.00,10.00
2026-05-15T00:19:57.625442,18.20,20.00,25.00,0.00
2026-05-15T00:19:57.727409,0.00,10.00,11.10,0.00
2026-05-15T00:19:57.829700,18.20,10.00,18.20,0.00
2026-05-15T00:19:57.931777,0.00,10.00,0.00,0.00
2026-05-15T00:19:58.033789,18.20,10.00,25.00,0.00
2026-05-15T00:19:58.135874,10.00,18.20,0.00,0.00
2026-05-15T00:19:58.237826,10.00,0.00,11.10,16.70
2026-05-15T00:19:58.339925,10.00,0.00,0.00,0.00
2026-05-15T00:19:58.442208,0.00,10.00,10.00,0.00
2026-05-15T00:19:58.544225,10.00,10.00,0.00,0.00
2026-05-15T00:19:58.646160,10.00,10.00,18.20,0.00
2026-05-15T00:19:58.748159,10.00,18.20,0.00,0.00
2026-05-15T00:19:58.850160,18.20,11.10,20.00,10.00
2026-05-15T00:19:58.952001,0.00,10.00,0.00,0.00
2026-05-15T00:19:59.053982,20.00,10.00,18.20,10.00
2026-05-15T00:19:59.156067,0.00,10.00,18.20,0.00
2026-05-15T00:19:59.258175,10.00,10.00,0.00,0.00
2026-05-15T00:19:59.360201,10.00,10.00,10.00,0.00
2026-05-15T00:19:59.462259,10.00,10.00,10.00,0.00
2026-05-15T00:19:59.564405,10.00,0.00,10.00,0.00
2026-05-15T00:19:59.666314,10.00,18.20,10.00,0.00
2026-05-15T00:19:59.768341,18.20,0.00,10.00,0.00
2026-05-15T00:19:59.870324,0.00,10.00,10.00,0.00
2026-05-15T00:19:59.972260,0.00,18.20,11.10,0.00
2026-05-15T00:20:00.074220,10.00,0.00,10.00,0.00
2026-05-15T00:20:00.176242,18.20,10.00,25.00,9.10
2026-05-15T00:20:00.279971,18.20,18.20,0.00,0.00
2026-05-15T00:20:00.382163,10.00,0.00,20.00,0.00
2026-05-15T00:20:00.484147,10.00,18.20,18.20,0.00
2026-05-15T00:20:00.586719,0.00,10.00,0.00,0.00
2026-05-15T00:20:00.688677,18.20,0.00,20.00,0.00
2026-05-15T00:20:00.790801,0.00,18.20,10.00,0.00
2026-05-15T00:20:00.892772,10.00,10.00,10.00,0.00
2026-05-15T00:20:00.994954,18.20,0.00,0.00,0.00
2026-05-15T00:20:01.096998,11.10,10.00,18.20,0.00
2026-05-15T00:20:01.199017,10.00,20.00,0.00,0.00
2026-05-15T00:20:01.301014,18.20,0.00,18.20,0.00
2026-05-15T00:20:01.403069,10.00,0.00,18.20,9.10
2026-05-15T00:20:01.505142,10.00,18.20,0.00,0.00
2026-05-15T00:20:01.607151,10.00,0.00,10.00,0.00
2026-05-15T00:20:01.709234,10.00,18.20,11.10,0.00
2026-05-15T00:20:01.811405,18.20,0.00,25.00,9.10
2026-05-15T00:20:01.913409,10.00,10.00,0.00,0.00
2026-05-15T00:20:02.016562,46.20,41.70,45.50,10.00
2026-05-15T00:20:02.119656,69.20,71.40,66.70,0.00
2026-05-15T00:20:02.222692,66.70,64.30,73.30,0.00
2026-05-15T00:20:02.325541,64.30,69.20,71.40,20.00
2026-05-15T00:20:02.428372,66.70,66.70,71.40,0.00
2026-05-15T00:20:02.530959,66.70,69.20,69.20,0.00
2026-05-15T00:20:02.634362,64.30,64.30,64.30,0.00
2026-05-15T00:20:02.737731,64.30,64.30,71.40,11.10
2026-05-15T00:20:02.841122,66.70,69.20,73.30,0.00
2026-05-15T00:20:02.944324,61.50,66.70,69.20,20.00
2026-05-15T00:20:03.047106,66.70,61.50,66.70,12.50
2026-05-15T00:20:03.150005,64.30,66.70,69.20,0.00
2026-05-15T00:20:03.253224,66.70,69.20,71.40,11.10
2026-05-15T00:20:03.356170,64.30,64.30,71.40,12.50
2026-05-15T00:20:03.459361,64.30,69.20,71.40,0.00
2026-05-15T00:20:03.562060,64.30,64.30,64.30,11.10
2026-05-15T00:20:03.664936,64.30,69.20,71.40,11.10
2026-05-15T00:20:03.768051,66.70,71.40,71.40,0.00
2026-05-15T00:20:03.871103,64.30,66.70,69.20,11.10
2026-05-15T00:20:03.974242,61.50,64.30,66.70,11.10
2026-05-15T00:20:04.077076,66.70,64.30,69.20,11.10
2026-05-15T00:20:04.179831,64.30,66.70,68.70,0.00
2026-05-15T00:20:04.283007,64.30,64.30,69.20,11.10
2026-05-15T00:20:04.385821,64.30,64.30,66.70,11.10
2026-05-15T00:20:04.488932,66.70,69.20,71.40,0.00
2026-05-15T00:20:04.591784,64.30,64.30,71.40,12.50
2026-05-15T00:20:04.695007,66.70,69.20,69.20,0.00
2026-05-15T00:20:04.798162,61.50,64.30,71.40,12.50
2026-05-15T00:20:04.901152,73.30,71.40,66.70,11.10
2026-05-15T00:20:05.003785,58.30,66.70,69.20,22.20
2026-05-15T00:20:05.106909,66.70,66.70,78.60,12.50
2026-05-15T00:20:05.209592,64.30,64.30,66.70,0.00
2026-05-15T00:20:05.312618,71.40,69.20,71.40,22.20
2026-05-15T00:20:05.415092,64.30,71.40,71.40,12.50
2026-05-15T00:20:05.518051,64.30,64.30,66.70,11.10
2026-05-15T00:20:05.620956,64.30,71.40,71.40,0.00
2026-05-15T00:20:05.724140,64.30,61.50,66.70,11.10
2026-05-15T00:20:05.827006,64.30,64.30,71.40,11.10
2026-05-15T00:20:05.929663,66.70,69.20,71.40,0.00
2026-05-15T00:20:06.032720,66.70,64.30,71.40,0.00
2026-05-15T00:20:06.136125,61.50,69.20,64.30,0.00
2026-05-15T00:20:06.239094,66.70,68.70,69.20,12.50
2026-05-15T00:20:06.343021,71.40,66.70,71.40,11.10
2026-05-15T00:20:06.445913,61.50,64.30,71.40,11.10
2026-05-15T00:20:06.548972,66.70,71.40,73.30,0.00
2026-05-15T00:20:06.652098,64.30,64.30,61.50,11.10
2026-05-15T00:20:06.755245,64.30,64.30,69.20,20.00
2026-05-15T00:20:06.857947,66.70,69.20,69.20,0.00
2026-05-15T00:20:06.959979,54.50,53.80,66.70,0.00
2026-05-15T00:20:07.062010,18.20,20.00,11.10,10.00
2026-05-15T00:20:07.164115,0.00,10.00,0.00,0.00
2026-05-15T00:20:07.266104,10.00,10.00,18.20,0.00
2026-05-15T00:20:07.368109,10.00,10.00,20.00,0.00
2026-05-15T00:20:07.470268,20.00,0.00,0.00,10.00
2026-05-15T00:20:07.572396,10.00,25.00,20.00,10.00
2026-05-15T00:20:07.674380,10.00,11.10,10.00,0.00
2026-05-15T00:20:07.776413,25.00,0.00,27.30,0.00
2026-05-15T00:20:07.878458,11.10,18.20,10.00,0.00
2026-05-15T00:20:07.980297,10.00,0.00,11.10,0.00
2026-05-15T00:20:08.082297,10.00,18.20,25.00,9.10
2026-05-15T00:20:08.184363,18.20,10.00,10.00,0.00
2026-05-15T00:20:08.286944,11.10,11.10,11.10,0.00
2026-05-15T00:20:08.389154,18.20,18.20,18.20,0.00
2026-05-15T00:20:08.491311,18.20,18.20,20.00,0.00
2026-05-15T00:20:08.593303,11.10,11.10,10.00,0.00
2026-05-15T00:20:08.695409,10.00,10.00,33.30,0.00
2026-05-15T00:20:08.797388,10.00,0.00,0.00,9.10
2026-05-15T00:20:08.899713,11.10,20.00,27.30,10.00
2026-05-15T00:20:09.002029,25.00,0.00,11.10,0.00
2026-05-15T00:20:09.104073,11.10,10.00,10.00,0.00
2026-05-15T00:20:09.206229,18.20,10.00,27.30,0.00
2026-05-15T00:20:09.308231,10.00,18.20,18.20,16.70
2026-05-15T00:20:09.410074,18.20,11.10,11.10,0.00
2026-05-15T00:20:09.512095,11.10,18.20,10.00,0.00
2026-05-15T00:20:09.614110,10.00,0.00,20.00,0.00
2026-05-15T00:20:09.716179,18.20,11.10,10.00,9.10
2026-05-15T00:20:09.818263,10.00,18.20,27.30,0.00
2026-05-15T00:20:09.920236,27.30,18.20,18.20,0.00
2026-05-15T00:20:10.022251,10.00,11.10,20.00,0.00
2026-05-15T00:20:10.124437,18.20,18.20,10.00,0.00
2026-05-15T00:20:10.226560,20.00,18.20,27.30,0.00
2026-05-15T00:20:10.328426,18.20,20.00,10.00,10.00
2026-05-15T00:20:10.430466,10.00,10.00,20.00,9.10
2026-05-15T00:20:10.532711,18.20,0.00,10.00,0.00
2026-05-15T00:20:10.634854,11.10,18.20,27.30,0.00
2026-05-15T00:20:10.737517,18.20,0.00,0.00,0.00
2026-05-15T00:20:10.839435,18.20,11.10,27.30,0.00
2026-05-15T00:20:10.941404,18.20,10.00,10.00,0.00
2026-05-15T00:20:11.043403,20.00,18.20,27.30,0.00
2026-05-15T00:20:11.145448,0.00,0.00,0.00,10.00
2026-05-15T00:20:11.247552,18.20,20.00,11.10,0.00
2026-05-15T00:20:11.349434,10.00,0.00,18.20,0.00
2026-05-15T00:20:11.451339,10.00,10.00,18.20,0.00
2026-05-15T00:20:11.553344,0.00,11.10,0.00,0.00
2026-05-15T00:20:11.655414,18.20,10.00,18.20,0.00
2026-05-15T00:20:11.757406,18.20,18.20,20.00,0.00
2026-05-15T00:20:11.859413,10.00,11.10,18.20,0.00
2026-05-15T00:20:11.961938,27.30,10.00,20.00,10.00
2026-05-15T00:20:12.064592,46.20,50.00,53.80,0.00
2026-05-15T00:20:12.167089,41.70,50.00,53.30,10.00
2026-05-15T00:20:12.269319,53.80,46.20,57.10,0.00
2026-05-15T00:20:12.371782,50.00,57.10,56.30,11.10
2026-05-15T00:20:12.474250,50.00,50.00,57.10,0.00
2026-05-15T00:20:12.577100,50.00,50.00,57.10,20.00
2026-05-15T00:20:12.679345,50.00,46.20,57.10,10.00
2026-05-15T00:20:12.781672,41.70,41.70,56.30,11.10
2026-05-15T00:20:12.883948,53.30,53.80,50.00,0.00
2026-05-15T00:20:12.986320,50.00,53.30,60.00,10.00
2026-05-15T00:20:13.088939,53.30,53.80,60.00,11.10
2026-05-15T00:20:13.191260,53.30,46.20,57.10,0.00
2026-05-15T00:20:13.293773,50.00,53.80,56.30,0.00
2026-05-15T00:20:13.396298,53.30,50.00,53.80,20.00
2026-05-15T00:20:13.499042,46.20,53.80,57.10,0.00
2026-05-15T00:20:13.601924,50.00,50.00,60.00,0.00
2026-05-15T00:20:13.704204,53.30,53.30,57.10,0.00
2026-05-15T00:20:13.806729,53.30,50.00,60.00,11.10
2026-05-15T00:20:13.909092,53.80,53.30,50.00,10.00
2026-05-15T00:20:14.011412,53.30,53.80,60.00,11.10
2026-05-15T00:20:14.114019,53.30,50.00,60.00,0.00
2026-05-15T00:20:14.216335,50.00,50.00,57.10,0.00
2026-05-15T00:20:14.318878,50.00,46.20,53.30,0.00
2026-05-15T00:20:14.421305,46.20,41.70,53.80,10.00
2026-05-15T00:20:14.523708,50.00,57.10,57.10,0.00
2026-05-15T00:20:14.626091,57.10,50.00,53.30,0.00
2026-05-15T00:20:14.728377,50.00,45.50,62.50,18.20
2026-05-15T00:20:14.830673,50.00,53.80,57.10,0.00
2026-05-15T00:20:14.933237,46.20,46.20,53.80,10.00
2026-05-15T00:20:15.035659,57.10,53.80,57.10,27.30
2026-05-15T00:20:15.138387,53.80,46.20,60.00,0.00
2026-05-15T00:20:15.241353,53.30,53.80,56.30,0.00
2026-05-15T00:20:15.344001,50.00,46.20,60.00,11.10
2026-05-15T00:20:15.446291,50.00,53.80,60.00,10.00
2026-05-15T00:20:15.548703,50.00,57.10,57.10,0.00
2026-05-15T00:20:15.651095,57.10,50.00,60.00,10.00
2026-05-15T00:20:15.753661,50.00,50.00,60.00,0.00
2026-05-15T00:20:15.856096,57.10,57.10,60.00,0.00
2026-05-15T00:20:15.958402,46.20,50.00,56.20,20.00
2026-05-15T00:20:16.060836,50.00,57.10,57.10,0.00
2026-05-15T00:20:16.163184,50.00,41.70,60.00,0.00
2026-05-15T00:20:16.266081,53.30,60.00,57.10,0.00
2026-05-15T00:20:16.368679,46.20,46.20,57.10,0.00
2026-05-15T00:20:16.471077,57.10,53.80,62.50,10.00
2026-05-15T00:20:16.573443,50.00,46.20,50.00,11.10
2026-05-15T00:20:16.676041,50.00,53.80,60.00,10.00
2026-05-15T00:20:16.778961,50.00,53.80,57.10,11.10
2026-05-15T00:20:16.881371,53.80,50.00,57.10,0.00
2026-05-15T00:20:16.983417,38.50,41.70,50.00,11.10
2026-05-15T00:20:17.085578,27.30,20.00,27.30,0.00
2026-05-15T00:20:17.187533,20.00,27.30,33.30,0.00
2026-05-15T00:20:17.289709,20.00,11.10,27.30,0.00
2026-05-15T00:20:17.391861,27.30,25.00,33.30,0.00
2026-05-15T00:20:17.494145,25.00,27.30,27.30,9.10
2026-05-15T00:20:17.596304,27.30,27.30,27.30,0.00
2026-05-15T00:20:17.698332,27.30,20.00,27.30,0.00
2026-05-15T00:20:17.800535,33.30,27.30,41.70,9.10
2026-05-15T00:20:17.902601,20.00,20.00,27.30,10.00
2026-05-15T00:20:18.004817,33.30,27.30,33.30,0.00
2026-05-15T00:20:18.107058,27.30,20.00,42.90,0.00
2026-05-15T00:20:18.209261,18.20,27.30,20.00,10.00
2026-05-15T00:20:18.311541,27.30,11.10,33.30,0.00
2026-05-15T00:20:18.413552,27.30,27.30,27.30,0.00
2026-05-15T00:20:18.515803,20.00,11.10,20.00,0.00
2026-05-15T00:20:18.618167,27.30,27.30,38.50,0.00
2026-05-15T00:20:18.720253,27.30,33.30,41.70,0.00
2026-05-15T00:20:18.822771,20.00,20.00,20.00,11.10
2026-05-15T00:20:18.925046,33.30,20.00,27.30,9.10
2026-05-15T00:20:19.027119,20.00,27.30,38.50,0.00
2026-05-15T00:20:19.129292,25.00,20.00,30.00,10.00
2026-05-15T00:20:19.231296,27.30,27.30,27.30,0.00
2026-05-15T00:20:19.333692,27.30,27.30,33.30,0.00
2026-05-15T00:20:19.435896,27.30,27.30,38.50,0.00
2026-05-15T00:20:19.538113,27.30,20.00,33.30,0.00
2026-05-15T00:20:19.640267,18.20,27.30,27.30,0.00
2026-05-15T00:20:19.742295,38.50,27.30,38.50,16.70
2026-05-15T00:20:19.844394,20.00,33.30,33.30,10.00
2026-05-15T00:20:19.946391,20.00,11.10,27.30,10.00
2026-05-15T00:20:20.048585,27.30,25.00,20.00,0.00
2026-05-15T00:20:20.150682,25.00,20.00,33.30,0.00
2026-05-15T00:20:20.252973,20.00,20.00,20.00,0.00
2026-05-15T00:20:20.355382,11.10,27.30,27.30,0.00
2026-05-15T00:20:20.457341,33.30,11.10,33.30,0.00
2026-05-15T00:20:20.559375,25.00,27.30,27.30,10.00
2026-05-15T00:20:20.661613,20.00,20.00,27.30,0.00
2026-05-15T00:20:20.763719,27.30,27.30,36.40,0.00
2026-05-15T00:20:20.866025,27.30,25.00,27.30,10.00
2026-05-15T00:20:20.968112,20.00,27.30,33.30,0.00
2026-05-15T00:20:21.070711,18.20,20.00,27.30,0.00
2026-05-15T00:20:21.172965,27.30,20.00,38.50,0.00
2026-05-15T00:20:21.275208,11.10,33.30,33.30,0.00
2026-05-15T00:20:21.377250,33.30,11.10,33.30,9.10
2026-05-15T00:20:21.479344,27.30,27.30,27.30,0.00
2026-05-15T00:20:21.581406,10.00,11.10,12.50,10.00
2026-05-15T00:20:21.683824,20.00,30.80,38.50,0.00
2026-05-15T00:20:21.785902,27.30,20.00,33.30,10.00
2026-05-15T00:20:21.888025,20.00,20.00,20.00,0.00
2026-05-15T00:20:21.991379,46.20,45.50,53.80,11.10
2026-05-15T00:20:22.094920,78.60,84.60,83.30,0.00
2026-05-15T00:20:22.198838,69.20,76.90,83.30,12.50
2026-05-15T00:20:22.302034,80.00,83.30,84.60,0.00
2026-05-15T00:20:22.405905,75.00,78.60,76.90,22.20
2026-05-15T00:20:22.509227,76.90,75.00,83.30,0.00
2026-05-15T00:20:22.613174,71.40,76.90,76.90,0.00
2026-05-15T00:20:22.717027,71.40,83.30,84.60,12.50
2026-05-15T00:20:22.820383,76.90,76.90,83.30,14.30
2026-05-15T00:20:22.923955,78.60,76.90,76.90,12.50
2026-05-15T00:20:23.027329,69.20,83.30,83.30,14.30
2026-05-15T00:20:23.130732,78.60,75.00,83.30,12.50
2026-05-15T00:20:23.234928,69.20,76.90,84.60,0.00
2026-05-15T00:20:23.338167,75.00,84.60,84.60,12.50
2026-05-15T00:20:23.441148,78.60,76.90,81.80,12.50
2026-05-15T00:20:23.544109,71.40,76.90,83.30,0.00
2026-05-15T00:20:23.648185,76.90,81.80,83.30,0.00
2026-05-15T00:20:23.751652,76.90,78.60,83.30,30.00
2026-05-15T00:20:23.854843,78.60,83.30,84.60,0.00
2026-05-15T00:20:23.958951,76.90,83.30,83.30,14.30
2026-05-15T00:20:24.062807,76.90,76.90,84.60,0.00
2026-05-15T00:20:24.166655,71.40,76.90,75.00,0.00
2026-05-15T00:20:24.270259,76.90,84.60,85.70,12.50
2026-05-15T00:20:24.373210,76.90,76.90,81.80,0.00
2026-05-15T00:20:24.476291,76.90,84.60,83.30,14.30
2026-05-15T00:20:24.579128,69.20,80.00,83.30,0.00
2026-05-15T00:20:24.682065,78.60,73.30,84.60,20.00
2026-05-15T00:20:24.785032,71.40,72.70,75.00,0.00
2026-05-15T00:20:24.887948,76.90,84.60,84.60,0.00
2026-05-15T00:20:24.991767,76.90,76.90,83.30,22.20
2026-05-15T00:20:25.096333,76.90,84.60,83.30,0.00
2026-05-15T00:20:25.199802,71.40,75.00,84.60,0.00
2026-05-15T00:20:25.303101,76.90,83.30,75.00,12.50
2026-05-15T00:20:25.406283,69.20,78.60,84.60,12.50
2026-05-15T00:20:25.510654,78.60,69.20,76.90,22.20
2026-05-15T00:20:25.614137,76.90,83.30,84.60,12.50
2026-05-15T00:20:25.717947,69.20,76.90,83.30,14.30
2026-05-15T00:20:25.821109,76.90,83.30,83.30,0.00
2026-05-15T00:20:25.924948,76.90,84.60,83.30,0.00
2026-05-15T00:20:26.028033,71.40,76.90,84.60,14.30
2026-05-15T00:20:26.130982,76.90,75.00,83.30,12.50
2026-05-15T00:20:26.234027,71.40,76.90,76.90,0.00
2026-05-15T00:20:26.337382,75.00,84.60,83.30,12.50
2026-05-15T00:20:26.440637,73.30,71.40,83.30,0.00
2026-05-15T00:20:26.543957,78.60,81.80,78.60,22.20
2026-05-15T00:20:26.647126,69.20,76.90,81.80,0.00
2026-05-15T00:20:26.750711,76.90,78.60,78.60,12.50
2026-05-15T00:20:26.854240,71.40,75.00,75.00,22.20
2026-05-15T00:20:26.956297,69.20,73.30,76.90,0.00
2026-05-15T00:20:27.058145,0.00,0.00,0.00,0.00
2026-05-15T00:20:27.160007,10.00,0.00,0.00,0.00
2026-05-15T00:20:27.261961,0.00,27.30,18.20,0.00
2026-05-15T00:20:27.363890,18.20,0.00,10.00,0.00
2026-05-15T00:20:27.465772,0.00,10.00,10.00,10.00
2026-05-15T00:20:27.567827,20.00,20.00,11.10,0.00
2026-05-15T00:20:27.669889,18.20,10.00,18.20,0.00
2026-05-15T00:20:27.771787,18.20,10.00,20.00,0.00
2026-05-15T00:20:27.874042,0.00,18.20,25.00,0.00
2026-05-15T00:20:27.976178,25.00,10.00,11.10,0.00
2026-05-15T00:20:28.078189,10.00,10.00,10.00,0.00
2026-05-15T00:20:28.180154,0.00,0.00,0.00,0.00
2026-05-15T00:20:28.282169,20.00,11.10,18.20,0.00
2026-05-15T00:20:28.384118,0.00,0.00,10.00,0.00
2026-05-15T00:20:28.486072,0.00,0.00,11.10,0.00
2026-05-15T00:20:28.588138,10.00,18.20,18.20,0.00
2026-05-15T00:20:28.690295,10.00,0.00,11.10,0.00
2026-05-15T00:20:28.792414,10.00,0.00,10.00,0.00
2026-05-15T00:20:28.894328,20.00,11.10,11.10,18.20
2026-05-15T00:20:28.996311,18.20,18.20,18.20,9.10
2026-05-15T00:20:29.098419,0.00,11.10,11.10,0.00
2026-05-15T00:20:29.200265,18.20,0.00,18.20,0.00
2026-05-15T00:20:29.302251,0.00,10.00,10.00,0.00
2026-05-15T00:20:29.404238,10.00,10.00,18.20,0.00
2026-05-15T00:20:29.506315,11.10,10.00,0.00,9.10
2026-05-15T00:20:29.608347,10.00,0.00,11.10,0.00
2026-05-15T00:20:29.710321,0.00,0.00,0.00,0.00
2026-05-15T00:20:29.812488,18.20,10.00,20.00,0.00
2026-05-15T00:20:29.914438,18.20,10.00,0.00,0.00
2026-05-15T00:20:30.016331,0.00,18.20,25.00,0.00
2026-05-15T00:20:30.118394,10.00,0.00,10.00,0.00
2026-05-15T00:20:30.437551,32.30,30.00,32.30,35.50
2026-05-15T00:20:30.541338,18.20,18.20,10.00,100.00
2026-05-15T00:20:30.644958,18.20,20.00,11.10,100.00
2026-05-15T00:20:30.748863,11.10,27.30,18.20,100.00
2026-05-15T00:20:30.852168,18.20,18.20,11.10,100.00
2026-05-15T00:20:30.955855,18.20,0.00,18.20,100.00
2026-05-15T00:20:31.059051,0.00,25.00,0.00,100.00
2026-05-15T00:20:31.162390,18.20,0.00,27.30,100.00
2026-05-15T00:20:31.266320,10.00,27.30,0.00,100.00
2026-05-15T00:20:31.370027,18.20,10.00,10.00,100.00
2026-05-15T00:20:31.474022,0.00,20.00,27.30,100.00
2026-05-15T00:20:31.577770,18.20,10.00,10.00,100.00
2026-05-15T00:20:31.681303,25.00,11.10,10.00,100.00
2026-05-15T00:20:31.784598,0.00,18.20,11.10,100.00
2026-05-15T00:20:31.888589,20.00,10.00,18.20,100.00
2026-05-15T00:20:31.992151,18.20,11.10,0.00,100.00
2026-05-15T00:20:32.096203,10.00,25.00,25.00,100.00
2026-05-15T00:20:32.199920,27.30,20.00,27.30,100.00
2026-05-15T00:20:32.303229,11.10,20.00,27.30,100.00
2026-05-15T00:20:32.407543,25.00,20.00,20.00,100.00
2026-05-15T00:20:32.511196,20.00,30.80,11.10,100.00
2026-05-15T00:20:32.614528,25.00,11.10,33.30,100.00
2026-05-15T00:20:32.717787,20.00,20.00,11.10,100.00
2026-05-15T00:20:32.821148,25.00,33.30,27.30,100.00
2026-05-15T00:20:32.924203,27.30,11.10,33.30,100.00
2026-05-15T00:20:33.027383,11.10,25.00,20.00,100.00
2026-05-15T00:20:33.130729,25.00,11.10,18.20,100.00
2026-05-15T00:20:33.234870,20.00,27.30,27.30,100.00
2026-05-15T00:20:33.338778,18.20,27.30,20.00,100.00
2026-05-15T00:20:33.442260,27.30,20.00,20.00,100.00
2026-05-15T00:20:33.545739,27.30,30.80,27.30,100.00
2026-05-15T00:20:33.649276,18.20,20.00,25.00,100.00
2026-05-15T00:20:33.753305,11.10,20.00,20.00,100.00
2026-05-15T00:20:33.856911,25.00,33.30,20.00,100.00
2026-05-15T00:20:33.960527,20.00,20.00,33.30,100.00
2026-05-15T00:20:34.064187,20.00,27.30,20.00,100.00
2026-05-15T00:20:34.168068,18.20,27.30,30.80,100.00
2026-05-15T00:20:34.271330,20.00,20.00,20.00,100.00
2026-05-15T00:20:34.375303,25.00,18.20,27.30,100.00
2026-05-15T00:20:34.479093,20.00,33.30,20.00,100.00
2026-05-15T00:20:34.582405,33.30,20.00,27.30,100.00
2026-05-15T00:20:34.686053,10.00,20.00,27.30,100.00
2026-05-15T00:20:34.789545,27.30,18.20,27.30,100.00
2026-05-15T00:20:34.893020,27.30,27.30,33.30,100.00
2026-05-15T00:20:34.996467,18.20,33.30,20.00,100.00
2026-05-15T00:20:35.100145,20.00,20.00,33.30,100.00
2026-05-15T00:20:35.207181,27.30,27.30,27.30,100.00
2026-05-15T00:20:35.311259,18.20,33.30,18.20,100.00
2026-05-15T00:20:35.414969,33.30,27.30,30.00,100.00
2026-05-15T00:20:35.518712,20.00,33.30,25.00,100.00
2026-05-15T00:20:35.622262,18.20,27.30,27.30,100.00
2026-05-15T00:20:35.726122,33.30,11.10,27.30,100.00
2026-05-15T00:20:35.829801,20.00,25.00,20.00,100.00
2026-05-15T00:20:35.933822,18.20,22.20,27.30,100.00
2026-05-15T00:20:36.037528,38.50,38.50,35.70,100.00
2026-05-15T00:20:36.141247,27.30,20.00,20.00,100.00
2026-05-15T00:20:36.244677,20.00,20.00,27.30,100.00
2026-05-15T00:20:36.347982,25.00,20.00,27.30,100.00
2026-05-15T00:20:36.451884,20.00,27.30,27.30,100.00
2026-05-15T00:20:36.555678,27.30,25.00,20.00,100.00
2026-05-15T00:20:36.659196,20.00,27.30,27.30,100.00
2026-05-15T00:20:36.762795,18.20,27.30,38.50,100.00
2026-05-15T00:20:36.866332,33.30,20.00,20.00,100.00
2026-05-15T00:20:36.970977,36.40,30.00,33.30,100.00
2026-05-15T00:20:37.076634,69.20,76.90,76.90,100.00
2026-05-15T00:20:37.181435,71.40,73.30,84.60,100.00
2026-05-15T00:20:37.287834,73.30,78.60,71.40,100.00
2026-05-15T00:20:37.392766,71.40,75.00,83.30,100.00
2026-05-15T00:20:37.498112,71.40,78.60,78.60,100.00
2026-05-15T00:20:37.603294,71.40,71.40,76.90,100.00
2026-05-15T00:20:37.707690,75.00,75.00,75.00,100.00
2026-05-15T00:20:37.813144,71.40,78.60,85.70,100.00
2026-05-15T00:20:37.919134,71.40,78.60,78.60,100.00
2026-05-15T00:20:38.024494,78.60,76.90,75.00,100.00
2026-05-15T00:20:38.129034,71.40,76.90,78.60,100.00
2026-05-15T00:20:38.233316,71.40,78.60,76.90,100.00
2026-05-15T00:20:38.338190,69.20,69.20,78.60,100.00
2026-05-15T00:20:38.442650,71.40,78.60,75.00,100.00
2026-05-15T00:20:38.547385,71.40,71.40,78.60,100.00
2026-05-15T00:20:38.652672,71.40,76.90,76.90,100.00
2026-05-15T00:20:38.757881,69.20,76.90,76.90,100.00
2026-05-15T00:20:38.865195,76.90,76.90,85.70,100.00
2026-05-15T00:20:38.970809,78.60,76.90,83.30,100.00
2026-05-15T00:20:39.075822,73.30,76.90,76.90,100.00
2026-05-15T00:20:39.180338,66.70,78.60,76.90,100.00
2026-05-15T00:20:39.284954,73.30,76.90,78.60,100.00
2026-05-15T00:20:39.391854,76.90,76.90,78.60,100.00
2026-05-15T00:20:39.497127,73.30,76.90,83.30,100.00
2026-05-15T00:20:39.601776,69.20,76.90,76.90,100.00
2026-05-15T00:20:39.708247,71.40,73.30,78.60,100.00
2026-05-15T00:20:39.814653,73.30,78.60,76.90,100.00
2026-05-15T00:20:39.919704,76.90,76.90,78.60,100.00
2026-05-15T00:20:40.024378,69.20,69.20,76.90,100.00
2026-05-15T00:20:40.128874,73.30,78.60,76.90,100.00
2026-05-15T00:20:40.233485,71.40,71.40,78.60,100.00
2026-05-15T00:20:40.337844,66.70,76.90,76.90,100.00
2026-05-15T00:20:40.442233,75.00,76.90,76.90,100.00
2026-05-15T00:20:40.547840,69.20,76.90,78.60,100.00
2026-05-15T00:20:40.653043,73.30,78.60,76.90,100.00
2026-05-15T00:20:40.757993,69.20,76.90,75.00,100.00
2026-05-15T00:20:40.863097,73.30,69.20,78.60,100.00
2026-05-15T00:20:40.969326,76.90,78.60,78.60,100.00
2026-05-15T00:20:41.075286,71.40,78.60,76.90,100.00
2026-05-15T00:20:41.179726,71.40,76.90,76.90,100.00
2026-05-15T00:20:41.285191,69.20,78.60,76.90,100.00
2026-05-15T00:20:41.391142,73.30,71.40,76.90,100.00
2026-05-15T00:20:41.496050,71.40,84.60,76.90,100.00
2026-05-15T00:20:41.601044,75.00,75.00,83.30,100.00
2026-05-15T00:20:41.707179,73.30,71.40,78.60,100.00
2026-05-15T00:20:41.813051,71.40,76.90,76.90,100.00
2026-05-15T00:20:41.917698,71.40,76.90,78.60,100.00
2026-05-15T00:20:42.020800,30.00,30.00,22.20,100.00
2026-05-15T00:20:42.124385,9.10,10.00,18.20,100.00
2026-05-15T00:20:42.227502,0.00,18.20,0.00,100.00
2026-05-15T00:20:42.331006,18.20,0.00,10.00,100.00
2026-05-15T00:20:42.434415,10.00,10.00,10.00,100.00
2026-05-15T00:20:42.537726,10.00,10.00,18.20,100.00
2026-05-15T00:20:42.641002,0.00,0.00,10.00,100.00
2026-05-15T00:20:42.744411,0.00,20.00,0.00,100.00
2026-05-15T00:20:42.847676,10.00,0.00,10.00,100.00
2026-05-15T00:20:42.951180,9.10,18.20,10.00,100.00
2026-05-15T00:20:43.054984,0.00,10.00,10.00,100.00
2026-05-15T00:20:43.158029,18.20,20.00,0.00,100.00
2026-05-15T00:20:43.261083,10.00,10.00,10.00,100.00
2026-05-15T00:20:43.364298,0.00,0.00,10.00,100.00
2026-05-15T00:20:43.468070,16.70,18.20,0.00,100.00
2026-05-15T00:20:43.571793,10.00,18.20,10.00,100.00
2026-05-15T00:20:43.675369,10.00,20.00,18.20,100.00
2026-05-15T00:20:43.778820,10.00,11.10,10.00,100.00
2026-05-15T00:20:43.882168,18.20,18.20,0.00,100.00
2026-05-15T00:20:43.985512,18.20,0.00,0.00,100.00
2026-05-15T00:20:44.088814,0.00,20.00,18.20,100.00
2026-05-15T00:20:44.191997,9.10,10.00,0.00,100.00
2026-05-15T00:20:44.296023,0.00,10.00,27.30,100.00
2026-05-15T00:20:44.399576,25.00,11.10,0.00,100.00
2026-05-15T00:20:44.502913,0.00,10.00,10.00,100.00
2026-05-15T00:20:44.606740,0.00,16.70,11.10,100.00
2026-05-15T00:20:44.710144,18.20,0.00,10.00,100.00
2026-05-15T00:20:44.813452,10.00,10.00,18.20,100.00
2026-05-15T00:20:44.916835,9.10,10.00,10.00,100.00
2026-05-15T00:20:45.020097,0.00,18.20,11.10,100.00
2026-05-15T00:20:45.123406,10.00,18.20,0.00,100.00
2026-05-15T00:20:45.226260,9.10,0.00,25.00,100.00
2026-05-15T00:20:45.329573,10.00,0.00,0.00,100.00
2026-05-15T00:20:45.432657,10.00,10.00,11.10,100.00
2026-05-15T00:20:45.536029,9.10,18.20,0.00,100.00
2026-05-15T00:20:45.639368,0.00,10.00,10.00,100.00
2026-05-15T00:20:45.743258,25.00,18.20,10.00,100.00
2026-05-15T00:20:45.846710,0.00,0.00,10.00,100.00
2026-05-15T00:20:45.949956,10.00,11.10,10.00,100.00
2026-05-15T00:20:46.053548,0.00,9.10,10.00,100.00
2026-05-15T00:20:46.156925,9.10,11.10,0.00,100.00
2026-05-15T00:20:46.260510,0.00,0.00,18.20,100.00
2026-05-15T00:20:46.363810,16.70,10.00,10.00,100.00
2026-05-15T00:20:46.466898,0.00,10.00,0.00,100.00
2026-05-15T00:20:46.570576,18.20,0.00,0.00,100.00
2026-05-15T00:20:46.674171,9.10,18.20,10.00,100.00
2026-05-15T00:20:46.777732,10.00,9.10,18.20,100.00
2026-05-15T00:20:46.881198,0.00,0.00,0.00,100.00
2026-05-15T00:20:46.986248,20.00,27.30,33.30,100.00
2026-05-15T00:20:47.090331,60.00,62.50,64.30,100.00
2026-05-15T00:20:47.194939,57.10,66.70,64.30,100.00
2026-05-15T00:20:47.299873,62.50,64.30,66.70,100.00
2026-05-15T00:20:47.404274,64.30,66.70,68.80,100.00
2026-05-15T00:20:47.508709,60.00,60.00,64.30,100.00
2026-05-15T00:20:47.613075,57.10,64.30,62.50,100.00
2026-05-15T00:20:47.717991,57.10,66.70,61.50,100.00
2026-05-15T00:20:47.822314,64.30,60.00,66.70,100.00
2026-05-15T00:20:47.926588,57.10,64.30,64.30,100.00
2026-05-15T00:20:48.030683,68.70,64.30,68.80,100.00
2026-05-15T00:20:48.136617,57.10,60.00,66.70,100.00
2026-05-15T00:20:48.241676,60.00,68.70,66.70,100.00
2026-05-15T00:20:48.345674,57.10,64.30,66.70,100.00
2026-05-15T00:20:48.450317,66.70,60.00,66.70,100.00
2026-05-15T00:20:48.555054,60.00,64.30,64.30,100.00
2026-05-15T00:20:48.660664,60.00,66.70,66.70,100.00
2026-05-15T00:20:48.765101,64.30,66.70,68.80,100.00
2026-05-15T00:20:48.872061,62.50,64.30,66.70,100.00
2026-05-15T00:20:48.977132,64.30,66.70,71.40,100.00
2026-05-15T00:20:49.081753,60.00,64.30,64.30,100.00
2026-05-15T00:20:49.186558,66.70,66.70,64.30,100.00
2026-05-15T00:20:49.292122,60.00,66.70,64.70,100.00
2026-05-15T00:20:49.396350,64.30,62.50,66.70,100.00
2026-05-15T00:20:49.501242,57.10,64.30,66.70,100.00
2026-05-15T00:20:49.606232,60.00,66.70,64.30,100.00
2026-05-15T00:20:49.711269,66.70,64.30,68.80,100.00
2026-05-15T00:20:49.815691,60.00,66.70,64.30,100.00
2026-05-15T00:20:49.920149,60.00,60.00,64.30,100.00
2026-05-15T00:20:50.024313,60.00,66.70,68.80,100.00
2026-05-15T00:20:50.129353,64.30,64.30,64.30,100.00
2026-05-15T00:20:50.233320,60.00,60.00,66.70,100.00
2026-05-15T00:20:50.338399,57.10,68.70,60.00,100.00
2026-05-15T00:20:50.442672,64.30,61.50,66.70,100.00
2026-05-15T00:20:50.546659,60.00,64.30,64.30,100.00
2026-05-15T00:20:50.650793,53.80,60.00,64.30,100.00
2026-05-15T00:20:50.755351,62.50,66.70,64.30,100.00
2026-05-15T00:20:50.860172,62.50,64.30,66.70,100.00
2026-05-15T00:20:50.965514,64.30,60.00,66.70,100.00
2026-05-15T00:20:51.070183,57.10,64.30,64.30,100.00
2026-05-15T00:20:51.174597,64.30,66.70,68.80,100.00
2026-05-15T00:20:51.278793,60.00,61.50,64.30,100.00
2026-05-15T00:20:51.382992,62.50,68.70,66.70,100.00
2026-05-15T00:20:51.488139,57.10,60.00,64.30,100.00
2026-05-15T00:20:51.592794,60.00,66.70,62.50,100.00
2026-05-15T00:20:51.697697,61.50,64.30,66.70,100.00
2026-05-15T00:20:51.802371,62.50,61.50,64.30,100.00
2026-05-15T00:20:51.907485,60.00,64.70,66.70,100.00
2026-05-15T00:20:52.011225,41.70,41.70,41.70,100.00
2026-05-15T00:20:52.114924,33.30,33.30,46.20,100.00
2026-05-15T00:20:52.218470,27.30,33.30,27.30,100.00
2026-05-15T00:20:52.322063,27.30,36.40,38.50,100.00
2026-05-15T00:20:52.425834,27.30,27.30,36.40,100.00
2026-05-15T00:20:52.529372,27.30,20.00,33.30,100.00
2026-05-15T00:20:52.633608,38.50,33.30,38.50,100.00
2026-05-15T00:20:52.737143,20.00,33.30,33.30,100.00
2026-05-15T00:20:52.841060,33.30,27.30,38.50,100.00
2026-05-15T00:20:52.945186,27.30,27.30,36.40,100.00
2026-05-15T00:20:53.048693,33.30,30.00,38.50,100.00
2026-05-15T00:20:53.152182,20.00,33.30,27.30,100.00
2026-05-15T00:20:53.256080,27.30,33.30,33.30,100.00
2026-05-15T00:20:53.359848,33.30,27.30,38.50,100.00
2026-05-15T00:20:53.463973,27.30,33.30,36.40,100.00
2026-05-15T00:20:53.567515,33.30,27.30,27.30,100.00
2026-05-15T00:20:53.670867,27.30,33.30,38.50,100.00
2026-05-15T00:20:53.774304,27.30,20.00,33.30,100.00
2026-05-15T00:20:53.877820,20.00,27.30,36.40,100.00
2026-05-15T00:20:53.981238,33.30,33.30,27.30,100.00
2026-05-15T00:20:54.084927,20.00,27.30,20.00,100.00
2026-05-15T00:20:54.188554,33.30,20.00,33.30,100.00
2026-05-15T00:20:54.292128,20.00,38.50,33.30,100.00
2026-05-15T00:20:54.395663,33.30,33.30,36.40,100.00
2026-05-15T00:20:54.498973,27.30,33.30,42.90,100.00
2026-05-15T00:20:54.602459,18.20,20.00,20.00,100.00
2026-05-15T00:20:54.705738,33.30,38.50,42.90,100.00
2026-05-15T00:20:54.809185,33.30,22.20,41.70,100.00
2026-05-15T00:20:54.913086,20.00,33.30,20.00,100.00
2026-05-15T00:20:55.016601,27.30,30.00,33.30,100.00
2026-05-15T00:20:55.120221,27.30,27.30,33.30,100.00
2026-05-15T00:20:55.224071,27.30,27.30,41.70,100.00
2026-05-15T00:20:55.327389,20.00,27.30,27.30,100.00
2026-05-15T00:20:55.430934,33.30,27.30,33.30,100.00
2026-05-15T00:20:55.534261,33.30,38.50,30.00,100.00
2026-05-15T00:20:55.637903,38.50,33.30,38.50,100.00
2026-05-15T00:20:55.741564,27.30,22.20,33.30,100.00
2026-05-15T00:20:55.845013,38.50,33.30,27.30,100.00
2026-05-15T00:20:55.948851,20.00,33.30,33.30,100.00
2026-05-15T00:20:56.052917,20.00,27.30,36.40,100.00
2026-05-15T00:20:56.156183,27.30,20.00,27.30,100.00
2026-05-15T00:20:56.259911,20.00,27.30,33.30,100.00
2026-05-15T00:20:56.363340,33.30,27.30,33.30,100.00
2026-05-15T00:20:56.466946,25.00,27.30,30.00,100.00
2026-05-15T00:20:56.570709,27.30,33.30,27.30,100.00
2026-05-15T00:20:56.674091,33.30,27.30,38.50,100.00
2026-05-15T00:20:56.777745,33.30,33.30,36.40,100.00
2026-05-15T00:20:56.881534,20.00,20.00,33.30,100.00
2026-05-15T00:20:56.986225,50.00,58.30,50.00,100.00
2026-05-15T00:20:57.091156,78.60,76.90,84.60,100.00
2026-05-15T00:20:57.195609,76.90,84.60,83.30,100.00
2026-05-15T00:20:57.303583,78.60,84.60,90.90,100.00
2026-05-15T00:20:57.409599,76.90,83.30,84.60,100.00
2026-05-15T00:20:57.514212,76.90,83.30,91.70,100.00
2026-05-15T00:20:57.622219,73.30,76.90,84.60,100.00
2026-05-15T00:20:57.728043,75.00,84.60,83.30,100.00
2026-05-15T00:20:57.834054,78.60,76.90,83.30,100.00
2026-05-15T00:20:57.939338,76.90,83.30,84.60,100.00
2026-05-15T00:20:58.044689,76.90,78.60,81.80,100.00
2026-05-15T00:20:58.149606,76.90,84.60,91.70,100.00
2026-05-15T00:20:58.254393,78.60,76.90,83.30,100.00
2026-05-15T00:20:58.359726,69.20,75.00,78.60,100.00
2026-05-15T00:20:58.464606,76.90,80.00,84.60,100.00
2026-05-15T00:20:58.569269,78.60,81.80,83.30,100.00
2026-05-15T00:20:58.674942,71.40,78.60,83.30,100.00
2026-05-15T00:20:58.782768,76.90,81.80,90.90,100.00
2026-05-15T00:20:58.888648,78.60,78.60,84.60,100.00
2026-05-15T00:20:58.993647,83.30,91.70,83.30,100.00
2026-05-15T00:20:59.099305,71.40,75.00,85.70,100.00
2026-05-15T00:20:59.205137,78.60,76.90,81.80,100.00
2026-05-15T00:20:59.309493,71.40,78.60,84.60,100.00
2026-05-15T00:20:59.414829,75.00,83.30,83.30,100.00
2026-05-15T00:20:59.519659,76.90,78.60,83.30,100.00
2026-05-15T00:20:59.624197,78.60,83.30,84.60,100.00
2026-05-15T00:20:59.731888,78.60,84.60,84.60,100.00
2026-05-15T00:20:59.838358,75.00,83.30,90.90,100.00
2026-05-15T00:20:59.944919,80.00,83.30,84.60,100.00
2026-05-15T00:21:00.051117,76.90,78.60,90.90,100.00
2026-05-15T00:21:00.157663,76.90,84.60,84.60,100.00
2026-05-15T00:21:00.263944,76.90,83.30,83.30,100.00
2026-05-15T00:21:00.369705,76.90,84.60,91.70,100.00
2026-05-15T00:21:00.476661,78.60,76.90,83.30,100.00
2026-05-15T00:21:00.582381,76.90,84.60,85.70,100.00
2026-05-15T00:21:00.687688,73.30,76.90,83.30,100.00
2026-05-15T00:21:00.792401,75.00,76.90,83.30,100.00
2026-05-15T00:21:00.897713,78.60,83.30,83.30,100.00
2026-05-15T00:21:01.003011,76.90,78.60,84.60,100.00
2026-05-15T00:21:01.107663,71.40,83.30,83.30,100.00
2026-05-15T00:21:01.212117,78.60,78.60,83.30,100.00
2026-05-15T00:21:01.317457,75.00,83.30,84.60,100.00
2026-05-15T00:21:01.423000,76.90,84.60,90.90,100.00
2026-05-15T00:21:01.527996,78.60,83.30,84.60,100.00
2026-05-15T00:21:01.634218,76.90,84.60,91.70,100.00
2026-05-15T00:21:01.741359,76.90,76.90,83.30,100.00
2026-05-15T00:21:01.846935,78.60,83.30,84.60,100.00
2026-05-15T00:21:01.951131,76.90,76.90,83.30,100.00
2026-05-15T00:21:02.055320,42.90,50.00,53.30,100.00
2026-05-15T00:21:02.159381,41.70,46.20,53.30,100.00
2026-05-15T00:21:02.263738,46.20,46.20,50.00,100.00
2026-05-15T00:21:02.367786,38.50,50.00,46.20,100.00
2026-05-15T00:21:02.471779,46.20,46.20,53.30,100.00
2026-05-15T00:21:02.576242,46.20,46.20,53.30,100.00
2026-05-15T00:21:02.680157,46.20,46.20,57.10,100.00
2026-05-15T00:21:02.784384,38.50,50.00,53.30,100.00
2026-05-15T00:21:02.888412,50.00,46.20,50.00,100.00
2026-05-15T00:21:02.993004,46.20,53.30,57.10,100.00
2026-05-15T00:21:03.096863,46.20,45.50,53.30,100.00
2026-05-15T00:21:03.201127,42.90,46.20,53.30,100.00
2026-05-15T00:21:03.305448,50.00,38.50,46.20,100.00
2026-05-15T00:21:03.409331,41.70,50.00,56.30,100.00
2026-05-15T00:21:03.513938,46.20,50.00,41.70,100.00
2026-05-15T00:21:03.618114,38.50,50.00,50.00,100.00
2026-05-15T00:21:03.722077,46.20,50.00,53.30,100.00
2026-05-15T00:21:03.825857,46.20,50.00,50.00,100.00
2026-05-15T00:21:03.929919,46.20,41.70,57.10,100.00
2026-05-15T00:21:04.034376,50.00,53.30,50.00,100.00
2026-05-15T00:21:04.138786,38.50,50.00,53.30,100.00
2026-05-15T00:21:04.242280,46.20,46.20,50.00,100.00
2026-05-15T00:21:04.346244,41.70,41.70,50.00,100.00
2026-05-15T00:21:04.450354,42.90,46.20,41.70,100.00
2026-05-15T00:21:04.554460,41.70,46.70,50.00,100.00
2026-05-15T00:21:04.659129,50.00,41.70,56.30,100.00
2026-05-15T00:21:04.763001,50.00,50.00,46.20,100.00
2026-05-15T00:21:04.867340,46.20,50.00,53.30,100.00
2026-05-15T00:21:04.971754,50.00,53.80,57.10,100.00
2026-05-15T00:21:05.076000,46.20,50.00,50.00,100.00
2026-05-15T00:21:05.182105,50.00,46.20,57.10,100.00
2026-05-15T00:21:05.286229,41.70,50.00,53.30,100.00
2026-05-15T00:21:05.390123,50.00,50.00,53.80,100.00
2026-05-15T00:21:05.494185,41.70,46.20,53.30,100.00
2026-05-15T00:21:05.598267,42.90,50.00,50.00,100.00
2026-05-15T00:21:05.702959,50.00,56.30,50.00,100.00
2026-05-15T00:21:05.807089,46.20,46.20,56.30,100.00
2026-05-15T00:21:05.911104,50.00,46.20,50.00,100.00
2026-05-15T00:21:06.015019,41.70,46.20,50.00,100.00
2026-05-15T00:21:06.118840,50.00,46.20,53.30,100.00
2026-05-15T00:21:06.222563,38.50,50.00,53.80,100.00
2026-05-15T00:21:06.326685,50.00,50.00,50.00,100.00
2026-05-15T00:21:06.431009,46.20,41.70,53.30,100.00
2026-05-15T00:21:06.534676,38.50,46.70,50.00,100.00
2026-05-15T00:21:06.638565,36.40,36.40,50.00,100.00
2026-05-15T00:21:06.742372,42.90,46.20,46.20,100.00
2026-05-15T00:21:06.846066,46.20,36.40,46.20,100.00
2026-05-15T00:21:06.950966,36.40,50.00,50.00,100.00
2026-05-15T00:21:07.056307,64.30,69.20,69.20,100.00
2026-05-15T00:21:07.161462,68.70,71.40,71.40,100.00
2026-05-15T00:21:07.267763,71.40,73.30,78.60,100.00
2026-05-15T00:21:07.373589,68.70,71.40,71.40,100.00
2026-05-15T00:21:07.479433,69.20,71.40,71.40,100.00
2026-05-15T00:21:07.584122,66.70,71.40,71.40,100.00
2026-05-15T00:21:07.688736,64.30,68.70,69.20,100.00
2026-05-15T00:21:07.793575,69.20,69.20,73.30,100.00
2026-05-15T00:21:07.899361,66.70,71.40,73.30,100.00
2026-05-15T00:21:08.004368,71.40,71.40,69.20,100.00
2026-05-15T00:21:08.109363,66.70,71.40,76.90,100.00
2026-05-15T00:21:08.215553,69.20,69.20,71.40,100.00
2026-05-15T00:21:08.322602,66.70,71.40,73.30,100.00
2026-05-15T00:21:08.427681,66.70,73.30,71.40,100.00
2026-05-15T00:21:08.532566,71.40,64.30,71.40,100.00
2026-05-15T00:21:08.637738,64.30,71.40,69.20,100.00
2026-05-15T00:21:08.742134,71.40,69.20,76.90,100.00
2026-05-15T00:21:08.846110,66.70,73.30,71.40,100.00
2026-05-15T00:21:08.952240,76.90,76.90,84.60,100.00
2026-05-15T00:21:09.057441,61.50,71.40,73.30,100.00
2026-05-15T00:21:09.162148,71.40,69.20,69.20,100.00
2026-05-15T00:21:09.267028,64.30,71.40,69.20,100.00
2026-05-15T00:21:09.372344,66.70,71.40,71.40,100.00
2026-05-15T00:21:09.477021,69.20,73.30,76.90,100.00
2026-05-15T00:21:09.581584,66.70,69.20,73.30,100.00
2026-05-15T00:21:09.685794,69.20,71.40,73.30,100.00
2026-05-15T00:21:09.790560,69.20,71.40,75.00,100.00
2026-05-15T00:21:09.895235,64.30,71.40,71.40,100.00
2026-05-15T00:21:09.999556,71.40,71.40,73.30,100.00
2026-05-15T00:21:10.104373,66.70,71.40,75.00,100.00
2026-05-15T00:21:10.209692,69.20,66.70,73.30,100.00
2026-05-15T00:21:10.314688,64.30,71.40,71.40,100.00
2026-05-15T00:21:10.420854,71.40,71.40,73.30,100.00
2026-05-15T00:21:10.525809,68.70,69.20,71.40,100.00
2026-05-15T00:21:10.630177,69.20,66.70,76.90,100.00
2026-05-15T00:21:10.734646,64.30,76.90,69.20,100.00
2026-05-15T00:21:10.838787,71.40,71.40,71.40,100.00
2026-05-15T00:21:10.943156,69.20,73.30,80.00,100.00
2026-05-15T00:21:11.048964,69.20,75.00,76.90,100.00
2026-05-15T00:21:11.154538,68.80,71.40,71.40,100.00
2026-05-15T00:21:11.258956,66.70,71.40,69.20,100.00
2026-05-15T00:21:11.363118,66.70,69.20,76.90,100.00
2026-05-15T00:21:11.468146,66.70,75.00,71.40,100.00
2026-05-15T00:21:11.573347,71.40,66.70,71.40,100.00
2026-05-15T00:21:11.678552,66.70,71.40,71.40,100.00
2026-05-15T00:21:11.782714,69.20,71.40,76.90,100.00
2026-05-15T00:21:11.887074,66.70,71.40,73.30,100.00
2026-05-15T00:21:11.991640,71.40,71.40,69.20,100.00
2026-05-15T00:21:12.096829,66.70,71.40,76.90,100.00
2026-05-15T00:21:12.201674,69.20,76.90,69.20,100.00
2026-05-15T00:21:12.306300,66.70,66.70,78.60,100.00
2026-05-15T00:21:12.411198,69.20,76.90,69.20,100.00
2026-05-15T00:21:12.517228,66.70,71.40,75.00,100.00
2026-05-15T00:21:12.622293,71.40,73.30,75.00,100.00
2026-05-15T00:21:12.727422,69.20,69.20,71.40,100.00
2026-05-15T00:21:12.832537,64.30,69.20,73.30,100.00
2026-05-15T00:21:12.938347,73.30,73.30,73.30,100.00
2026-05-15T00:21:13.043499,69.20,71.40,75.00,100.00
2026-05-15T00:21:13.148734,68.70,69.20,73.30,100.00
2026-05-15T00:21:13.253928,69.20,71.40,71.40,100.00
2026-05-15T00:21:13.359144,66.70,71.40,69.20,100.00
2026-05-15T00:21:13.463789,69.20,76.90,78.60,100.00
2026-05-15T00:21:13.568795,71.40,73.30,76.90,100.00
2026-05-15T00:21:13.674253,66.70,69.20,71.40,100.00
2026-05-15T00:21:13.779156,73.30,71.40,71.40,100.00
2026-05-15T00:21:13.884326,64.30,71.40,76.90,100.00
2026-05-15T00:21:13.989436,73.30,71.40,71.40,100.00
2026-05-15T00:21:14.093709,66.70,76.90,76.90,100.00
2026-05-15T00:21:14.197886,68.70,71.40,73.30,100.00
2026-05-15T00:21:14.303151,73.30,71.40,76.90,100.00
2026-05-15T00:21:14.409285,64.30,69.20,71.40,100.00
2026-05-15T00:21:14.514284,71.40,73.30,71.40,100.00
2026-05-15T00:21:14.618962,73.30,76.90,78.60,100.00
2026-05-15T00:21:14.723310,64.30,71.40,69.20,100.00
2026-05-15T00:21:14.827772,71.40,71.40,78.60,100.00
2026-05-15T00:21:14.932313,69.20,78.60,71.40,100.00
2026-05-15T00:21:15.038181,66.70,69.20,78.60,100.00
2026-05-15T00:21:15.143165,66.70,69.20,69.20,100.00
2026-05-15T00:21:15.248257,68.80,73.30,73.30,100.00
2026-05-15T00:21:15.352860,69.20,71.40,76.90,100.00
2026-05-15T00:21:15.457616,69.20,73.30,69.20,100.00
2026-05-15T00:21:15.562393,64.30,75.00,75.00,100.00
2026-05-15T00:21:15.667724,73.30,71.40,71.40,100.00
2026-05-15T00:21:15.772841,64.30,73.30,73.30,100.00
2026-05-15T00:21:15.877442,73.30,69.20,73.30,100.00
2026-05-15T00:21:15.981717,66.70,71.40,75.00,100.00
2026-05-15T00:21:16.086542,66.70,71.40,69.20,100.00
2026-05-15T00:21:16.191751,69.20,73.30,75.00,100.00
2026-05-15T00:21:16.297087,66.70,71.40,71.40,100.00
2026-05-15T00:21:16.402028,66.70,71.40,75.00,100.00
2026-05-15T00:21:16.507107,71.40,69.20,71.40,100.00
2026-05-15T00:21:16.612359,66.70,71.40,73.30,100.00
2026-05-15T00:21:16.717229,69.20,69.20,75.00,100.00
2026-05-15T00:21:16.822663,73.30,75.00,73.30,100.00
2026-05-15T00:21:16.927828,66.70,69.20,71.40,100.00
2026-05-15T00:21:17.032186,53.80,64.30,64.30,100.00
2026-05-15T00:21:17.136358,64.30,60.00,66.70,100.00
2026-05-15T00:21:17.241154,56.20,64.30,62.50,100.00
2026-05-15T00:21:17.346823,60.00,62.50,66.70,100.00
2026-05-15T00:21:17.450934,58.30,57.10,57.10,100.00
2026-05-15T00:21:17.555264,60.00,64.30,68.80,100.00
2026-05-15T00:21:17.659904,57.10,60.00,61.50,100.00
2026-05-15T00:21:17.763935,60.00,64.30,62.50,100.00
2026-05-15T00:21:17.868015,57.10,60.00,64.30,100.00
2026-05-15T00:21:17.972112,60.00,57.10,64.30,100.00
2026-05-15T00:21:18.076266,53.80,57.10,60.00,100.00
2026-05-15T00:21:18.180398,53.80,57.10,57.10,100.00
2026-05-15T00:21:18.285260,57.10,64.30,66.70,100.00
2026-05-15T00:21:18.389665,60.00,60.00,64.30,100.00
2026-05-15T00:21:18.493435,60.00,57.10,62.50,100.00
2026-05-15T00:21:18.597939,62.50,66.70,66.70,100.00
2026-05-15T00:21:18.702290,57.10,60.00,60.00,100.00
2026-05-15T00:21:18.806761,60.00,61.50,64.30,100.00
2026-05-15T00:21:18.911176,61.50,60.00,66.70,100.00
2026-05-15T00:21:19.015647,66.70,66.70,64.30,100.00
2026-05-15T00:21:19.120159,57.10,64.30,64.30,100.00
2026-05-15T00:21:19.225008,60.00,57.10,60.00,100.00
2026-05-15T00:21:19.330132,57.10,60.00,64.30,100.00
2026-05-15T00:21:19.435041,60.00,64.30,62.50,100.00
2026-05-15T00:21:19.539690,53.30,62.50,64.30,100.00
2026-05-15T00:21:19.644720,64.30,64.30,62.50,100.00
2026-05-15T00:21:19.749377,60.00,60.00,66.70,100.00
2026-05-15T00:21:19.853949,60.00,66.70,64.30,100.00
2026-05-15T00:21:19.958821,57.10,57.10,68.80,100.00
2026-05-15T00:21:20.063323,60.00,60.00,62.50,100.00
2026-05-15T00:21:20.167542,60.00,57.10,64.30,100.00
2026-05-15T00:21:20.271607,60.00,61.50,57.10,100.00
2026-05-15T00:21:20.375975,57.10,62.50,66.70,100.00
2026-05-15T00:21:20.480306,56.30,57.10,60.00,100.00
2026-05-15T00:21:20.584995,64.30,61.50,66.70,100.00
2026-05-15T00:21:20.689334,60.00,60.00,64.30,100.00
2026-05-15T00:21:20.794758,57.10,60.00,62.50,100.00
2026-05-15T00:21:20.899239,60.00,64.30,66.70,100.00
2026-05-15T00:21:21.003694,60.00,64.30,64.30,100.00
2026-05-15T00:21:21.108141,57.10,62.50,62.50,100.00
2026-05-15T00:21:21.212979,62.50,61.50,64.30,100.00
2026-05-15T00:21:21.317296,57.10,60.00,62.50,100.00
2026-05-15T00:21:21.422115,62.50,62.50,66.70,100.00
2026-05-15T00:21:21.526236,60.00,64.30,60.00,100.00
2026-05-15T00:21:21.631790,60.00,60.00,68.80,100.00
2026-05-15T00:21:21.736160,61.50,57.10,66.70,100.00
2026-05-15T00:21:21.841254,60.00,66.70,60.00,100.00
2026-05-15T00:21:21.945386,60.00,62.50,66.70,100.00
2026-05-15T00:21:22.050373,57.10,61.50,64.30,100.00
2026-05-15T00:21:22.154606,62.50,66.70,66.70,100.00
2026-05-15T00:21:22.260372,57.10,64.30,62.50,100.00
2026-05-15T00:21:22.365208,64.30,60.00,69.20,100.00
2026-05-15T00:21:22.469182,61.50,66.70,66.70,100.00
2026-05-15T00:21:22.574175,60.00,73.30,66.70,100.00
2026-05-15T00:21:22.679813,61.50,57.10,64.30,100.00
2026-05-15T00:21:22.783977,60.00,71.40,64.30,100.00
2026-05-15T00:21:22.889259,61.50,66.70,73.30,100.00
2026-05-15T00:21:22.994489,64.30,64.30,66.70,100.00
2026-05-15T00:21:23.100137,60.00,66.70,64.30,100.00
2026-05-15T00:21:23.205356,62.50,61.50,66.70,100.00
2026-05-15T00:21:23.309779,61.50,68.80,64.30,100.00
2026-05-15T00:21:23.414373,64.30,64.30,73.30,100.00
2026-05-15T00:21:23.519594,66.70,64.30,64.30,100.00
2026-05-15T00:21:23.624540,62.50,66.70,66.70,100.00
2026-05-15T00:21:23.729245,64.30,66.70,73.30,100.00
2026-05-15T00:21:23.834158,64.30,64.30,64.30,100.00
2026-05-15T00:21:23.939390,64.30,66.70,71.40,100.00
2026-05-15T00:21:24.044897,60.00,69.20,66.70,100.00
2026-05-15T00:21:24.149709,66.70,66.70,64.30,100.00
2026-05-15T00:21:24.254423,64.30,64.30,71.40,100.00
2026-05-15T00:21:24.359112,57.10,66.70,68.80,100.00
2026-05-15T00:21:24.464228,68.70,66.70,64.30,100.00
2026-05-15T00:21:24.568855,61.50,64.30,66.70,100.00
2026-05-15T00:21:24.673127,60.00,64.30,71.40,100.00
2026-05-15T00:21:24.777416,64.30,66.70,61.50,100.00
2026-05-15T00:21:24.881950,61.50,61.50,68.80,100.00
2026-05-15T00:21:24.987063,64.30,71.40,66.70,100.00
2026-05-15T00:21:25.091617,60.00,64.30,68.80,100.00
2026-05-15T00:21:25.196331,66.70,66.70,64.30,100.00
2026-05-15T00:21:25.302256,61.50,66.70,66.70,100.00
2026-05-15T00:21:25.406662,68.70,64.30,69.20,100.00
2026-05-15T00:21:25.511194,62.50,66.70,66.70,100.00
2026-05-15T00:21:25.616135,64.30,61.50,68.80,100.00
2026-05-15T00:21:25.721016,64.30,66.70,69.20,100.00
2026-05-15T00:21:25.825708,60.00,66.70,66.70,100.00
2026-05-15T00:21:25.931069,64.30,66.70,66.70,100.00
2026-05-15T00:21:26.035393,61.50,64.30,66.70,100.00
2026-05-15T00:21:26.140020,64.70,66.70,64.30,100.00
2026-05-15T00:21:26.244748,61.50,66.70,66.70,100.00
2026-05-15T00:21:26.349554,60.00,64.30,71.40,100.00
2026-05-15T00:21:26.454406,61.50,66.70,66.70,100.00
2026-05-15T00:21:26.559407,66.70,64.30,66.70,100.00
2026-05-15T00:21:26.663919,64.30,66.70,61.50,100.00
2026-05-15T00:21:26.768892,62.50,66.70,68.80,100.00
2026-05-15T00:21:26.873996,61.50,61.50,69.20,100.00
2026-05-15T00:21:26.977873,62.50,62.50,62.50,100.00
2026-05-15T00:21:27.081615,46.20,53.80,57.10,100.00
2026-05-15T00:21:27.185311,50.00,53.30,53.30,100.00
2026-05-15T00:21:27.289311,41.70,41.70,53.30,100.00
2026-05-15T00:21:27.393386,50.00,53.30,60.00,100.00
2026-05-15T00:21:27.497764,50.00,50.00,50.00,100.00
2026-05-15T00:21:27.602109,46.20,53.80,56.30,100.00
2026-05-15T00:21:27.706020,50.00,46.20,53.80,100.00
2026-05-15T00:21:27.810244,41.70,53.30,50.00,100.00
2026-05-15T00:21:27.914649,56.20,46.20,57.10,100.00
2026-05-15T00:21:28.018365,50.00,60.00,53.30,100.00
2026-05-15T00:21:28.122290,50.00,46.20,53.30,100.00
2026-05-15T00:21:28.226921,46.20,53.30,60.00,100.00
2026-05-15T00:21:28.330823,50.00,50.00,50.00,100.00
2026-05-15T00:21:28.434617,46.20,50.00,53.80,100.00
2026-05-15T00:21:28.538415,46.20,50.00,56.20,100.00
2026-05-15T00:21:28.642584,53.30,50.00,57.10,100.00
2026-05-15T00:21:28.746700,50.00,50.00,53.30,100.00
2026-05-15T00:21:28.850681,41.70,53.30,53.30,100.00
2026-05-15T00:21:28.954743,41.70,53.80,53.80,100.00
2026-05-15T00:21:29.059051,57.10,57.10,57.10,100.00
2026-05-15T00:21:29.162688,46.20,53.30,57.10,100.00
2026-05-15T00:21:29.266659,50.00,41.70,50.00,100.00
2026-05-15T00:21:29.370887,41.70,56.30,56.20,100.00
2026-05-15T00:21:29.474609,50.00,50.00,50.00,100.00
2026-05-15T00:21:29.578959,46.20,46.20,53.30,100.00
2026-05-15T00:21:29.683336,46.20,56.20,50.00,100.00
2026-05-15T00:21:29.787235,46.20,46.20,57.10,100.00
2026-05-15T00:21:29.891859,53.30,57.10,56.30,100.00
2026-05-15T00:21:29.995640,46.20,41.70,50.00,100.00
2026-05-15T00:21:30.099813,50.00,53.30,57.10,100.00
2026-05-15T00:21:30.204207,53.30,50.00,50.00,100.00
2026-05-15T00:21:30.308680,42.90,46.20,50.00,100.00
2026-05-15T00:21:30.412903,53.80,53.80,60.00,100.00
2026-05-15T00:21:30.516653,50.00,46.20,50.00,100.00
2026-05-15T00:21:30.621970,41.70,46.20,50.00,100.00
2026-05-15T00:21:30.725850,46.20,46.20,53.30,100.00
2026-05-15T00:21:30.829490,41.70,38.50,46.20,100.00
2026-05-15T00:21:30.933135,50.00,46.20,53.80,100.00
2026-05-15T00:21:31.036982,41.70,41.70,50.00,100.00
2026-05-15T00:21:31.140679,41.70,50.00,46.20,100.00
2026-05-15T00:21:31.244302,46.20,41.70,53.30,100.00
2026-05-15T00:21:31.348001,42.90,53.80,50.00,100.00
2026-05-15T00:21:31.451554,50.00,50.00,50.00,100.00
2026-05-15T00:21:31.555407,36.40,41.70,50.00,100.00
2026-05-15T00:21:31.659213,46.20,50.00,50.00,100.00
2026-05-15T00:21:31.763371,46.20,41.70,50.00,100.00
2026-05-15T00:21:31.867387,46.20,50.00,60.00,100.00
2026-05-15T00:21:31.972715,53.30,53.80,57.10,100.00
2026-05-15T00:21:32.077659,69.20,69.20,76.90,100.00
2026-05-15T00:21:32.183674,71.40,76.90,69.20,100.00
2026-05-15T00:21:32.289105,69.20,71.40,78.60,100.00
2026-05-15T00:21:32.394099,73.30,71.40,76.90,100.00
2026-05-15T00:21:32.498674,69.20,76.90,69.20,100.00
2026-05-15T00:21:32.602993,71.40,71.40,78.60,100.00
2026-05-15T00:21:32.709696,71.40,78.60,78.60,100.00
2026-05-15T00:21:32.815572,71.40,71.40,78.60,100.00
2026-05-15T00:21:32.920949,71.40,75.00,76.90,100.00
2026-05-15T00:21:33.026386,73.30,73.30,76.90,100.00
2026-05-15T00:21:33.131197,64.30,76.90,76.90,100.00
2026-05-15T00:21:33.235667,71.40,71.40,71.40,100.00
2026-05-15T00:21:33.340303,69.20,71.40,76.90,100.00
2026-05-15T00:21:33.444580,66.70,71.40,71.40,100.00
2026-05-15T00:21:33.549513,71.40,76.90,78.60,100.00
2026-05-15T00:21:33.654009,71.40,73.30,76.90,100.00
2026-05-15T00:21:33.758851,73.30,69.20,69.20,100.00
2026-05-15T00:21:33.863419,69.20,75.00,76.90,100.00
2026-05-15T00:21:33.969161,66.70,76.90,73.30,100.00
2026-05-15T00:21:34.073882,71.40,69.20,78.60,100.00
2026-05-15T00:21:34.179420,71.40,71.40,71.40,100.00
2026-05-15T00:21:34.284396,64.30,73.30,75.00,100.00
2026-05-15T00:21:34.390239,69.20,76.90,73.30,100.00
2026-05-15T00:21:34.495959,71.40,71.40,75.00,100.00
2026-05-15T00:21:34.600371,68.70,69.20,78.60,100.00
2026-05-15T00:21:34.705196,71.40,76.90,76.90,100.00
2026-05-15T00:21:34.814070,73.30,73.30,76.90,100.00
2026-05-15T00:21:34.919885,75.00,75.00,76.90,100.00
2026-05-15T00:21:35.026176,73.30,78.60,78.60,100.00
2026-05-15T00:21:35.131135,71.40,71.40,71.40,100.00
2026-05-15T00:21:35.236662,66.70,69.20,76.90,100.00
2026-05-15T00:21:35.343185,71.40,73.30,71.40,100.00
2026-05-15T00:21:35.448765,71.40,71.40,76.90,100.00
2026-05-15T00:21:35.554030,71.40,76.90,80.00,100.00
2026-05-15T00:21:35.658512,71.40,69.20,69.20,100.00
2026-05-15T00:21:35.763189,69.20,71.40,76.90,100.00
2026-05-15T00:21:35.869269,66.70,73.30,73.30,100.00
2026-05-15T00:21:35.973784,69.20,71.40,76.90,100.00
2026-05-15T00:21:36.079044,73.30,69.20,76.90,100.00
2026-05-15T00:21:36.185102,71.40,80.00,71.40,100.00
2026-05-15T00:21:36.291061,71.40,69.20,76.90,100.00
2026-05-15T00:21:36.396289,71.40,76.90,78.60,100.00
2026-05-15T00:21:36.501926,71.40,73.30,71.40,100.00
2026-05-15T00:21:36.606541,71.40,73.30,76.90,100.00
2026-05-15T00:21:36.711796,66.70,72.70,76.90,100.00
2026-05-15T00:21:36.817301,71.40,71.40,71.40,100.00
2026-05-15T00:21:36.923141,69.20,71.40,78.60,100.00
2026-05-15T00:21:37.027274,60.00,64.30,61.50,100.00
2026-05-15T00:21:37.131415,53.30,53.30,60.00,100.00
2026-05-15T00:21:37.235932,53.80,57.10,60.00,100.00
2026-05-15T00:21:37.340587,53.30,60.00,56.20,100.00
2026-05-15T00:21:37.444600,50.00,57.10,57.10,100.00
2026-05-15T00:21:37.549017,60.00,57.10,62.50,100.00
2026-05-15T00:21:37.652883,50.00,53.30,60.00,100.00
2026-05-15T00:21:37.757996,57.10,57.10,60.00,100.00
2026-05-15T00:21:37.862155,46.20,57.10,53.80,100.00
2026-05-15T00:21:37.966200,57.10,53.30,62.50,100.00
2026-05-15T00:21:38.070190,56.30,60.00,60.00,100.00
2026-05-15T00:21:38.175092,53.80,53.80,62.50,100.00
2026-05-15T00:21:38.280113,53.30,53.30,57.10,100.00
2026-05-15T00:21:38.384196,50.00,60.00,62.50,100.00
2026-05-15T00:21:38.489322,57.10,57.10,53.30,100.00
2026-05-15T00:21:38.595229,56.30,57.10,57.10,100.00
2026-05-15T00:21:38.700121,50.00,58.80,62.50,100.00
2026-05-15T00:21:38.804219,56.30,57.10,57.10,100.00
2026-05-15T00:21:38.909138,53.80,60.00,60.00,100.00
2026-05-15T00:21:39.014074,57.10,61.50,61.50,100.00
2026-05-15T00:21:39.119284,60.00,58.80,60.00,100.00
2026-05-15T00:21:39.223571,46.20,53.80,57.10,100.00
2026-05-15T00:21:39.327822,53.80,57.10,60.00,100.00
2026-05-15T00:21:39.431876,53.30,60.00,62.50,100.00
2026-05-15T00:21:39.535920,53.30,53.30,57.10,100.00
2026-05-15T00:21:39.641330,53.80,57.10,60.00,100.00
2026-05-15T00:21:39.745816,53.30,60.00,60.00,100.00
2026-05-15T00:21:39.849560,57.10,60.00,56.30,100.00
2026-05-15T00:21:39.953731,50.00,53.80,57.10,100.00
2026-05-15T00:21:40.058041,50.00,53.30,60.00,100.00
2026-05-15T00:21:40.162709,53.30,60.00,60.00,100.00
2026-05-15T00:21:40.267200,53.30,57.10,60.00,100.00
2026-05-15T00:21:40.372002,53.80,53.30,56.20,100.00
2026-05-15T00:21:40.476518,56.30,57.10,57.10,100.00
2026-05-15T00:21:40.580750,53.80,60.00,60.00,100.00
2026-05-15T00:21:40.684741,50.00,46.20,57.10,100.00
2026-05-15T00:21:40.788525,46.20,53.80,53.30,100.00
2026-05-15T00:21:40.892655,50.00,50.00,57.10,100.00
2026-05-15T00:21:40.996840,53.30,50.00,60.00,100.00
2026-05-15T00:21:41.101682,57.10,53.30,60.00,100.00
2026-05-15T00:21:41.205850,53.30,62.50,60.00,100.00
2026-05-15T00:21:41.310601,53.80,57.10,56.30,100.00
2026-05-15T00:21:41.415366,53.30,57.10,60.00,100.00
2026-05-15T00:21:41.519921,57.10,53.30,60.00,100.00
2026-05-15T00:21:41.624386,53.30,57.10,57.10,100.00
2026-05-15T00:21:41.728803,53.30,62.50,57.10,100.00
2026-05-15T00:21:41.833831,53.80,57.10,64.70,100.00
2026-05-15T00:21:41.938982,56.20,60.00,60.00,100.00
2026-05-15T00:21:42.043736,57.10,60.00,64.30,100.00
2026-05-15T00:21:42.148158,60.00,64.30,64.30,100.00
2026-05-15T00:21:42.252964,57.10,60.00,62.50,100.00
2026-05-15T00:21:42.356889,60.00,60.00,66.70,100.00
2026-05-15T00:21:42.461294,57.10,60.00,57.10,100.00
2026-05-15T00:21:42.565337,57.10,57.10,66.70,100.00
2026-05-15T00:21:42.669303,58.30,64.30,60.00,100.00
2026-05-15T00:21:42.773966,60.00,57.10,64.30,100.00
2026-05-15T00:21:42.879317,60.00,66.70,64.70,100.00
2026-05-15T00:21:42.984147,57.10,60.00,69.20,100.00
2026-05-15T00:21:43.088444,62.50,64.30,62.50,100.00
2026-05-15T00:21:43.192700,57.10,60.00,64.30,100.00
2026-05-15T00:21:43.297385,64.30,66.70,60.00,100.00
2026-05-15T00:21:43.401803,60.00,60.00,66.70,100.00
2026-05-15T00:21:43.507337,60.00,66.70,64.30,100.00
2026-05-15T00:21:43.612211,57.10,60.00,64.30,100.00
2026-05-15T00:21:43.716432,62.50,64.30,62.50,100.00
2026-05-15T00:21:43.821345,61.50,60.00,64.30,100.00
2026-05-15T00:21:43.926185,57.10,66.70,66.70,100.00
2026-05-15T00:21:44.031059,60.00,66.70,60.00,100.00
2026-05-15T00:21:44.135579,57.10,60.00,64.30,100.00
2026-05-15T00:21:44.239602,66.70,57.10,64.30,100.00
2026-05-15T00:21:44.344969,57.10,64.30,62.50,100.00
2026-05-15T00:21:44.450191,53.30,62.50,64.30,100.00
2026-05-15T00:21:44.554426,60.00,62.50,62.50,100.00
2026-05-15T00:21:44.658971,57.10,58.30,64.30,100.00
2026-05-15T00:21:44.763165,64.30,60.00,64.30,100.00
2026-05-15T00:21:44.867364,60.00,64.30,60.00,100.00
2026-05-15T00:21:44.972055,57.10,64.30,66.70,100.00
2026-05-15T00:21:45.076677,64.30,64.70,66.70,100.00
2026-05-15T00:21:45.181562,62.50,61.50,68.80,100.00
2026-05-15T00:21:45.286231,57.10,62.50,62.50,100.00
2026-05-15T00:21:45.391165,62.50,66.70,64.30,100.00
2026-05-15T00:21:45.495738,64.30,64.30,66.70,100.00
2026-05-15T00:21:45.600228,53.80,60.00,64.30,100.00
2026-05-15T00:21:45.705111,62.50,61.50,62.50,100.00
2026-05-15T00:21:45.809230,57.10,62.50,64.30,100.00
2026-05-15T00:21:45.913847,60.00,64.30,66.70,100.00
2026-05-15T00:21:46.018210,62.50,57.10,60.00,100.00
2026-05-15T00:21:46.122833,53.80,68.80,66.70,100.00
2026-05-15T00:21:46.227175,60.00,57.10,66.70,100.00
2026-05-15T00:21:46.331685,57.10,60.00,57.10,100.00
2026-05-15T00:21:46.436348,62.50,64.30,64.30,100.00
2026-05-15T00:21:46.541686,57.10,57.10,66.70,100.00
2026-05-15T00:21:46.646903,64.30,66.70,62.50,100.00
2026-05-15T00:21:46.752839,62.50,60.00,64.30,100.00
2026-05-15T00:21:46.857368,57.10,61.50,66.70,100.00
2026-05-15T00:21:46.962261,57.10,60.00,64.30,100.00
2026-05-15T00:21:47.066367,53.30,57.10,53.30,100.00
2026-05-15T00:21:47.170444,41.70,53.30,57.10,100.00
2026-05-15T00:21:47.274300,50.00,50.00,57.10,100.00
2026-05-15T00:21:47.378006,46.20,53.30,53.30,100.00
2026-05-15T00:21:47.482313,45.50,50.00,60.00,100.00
2026-05-15T00:21:47.586408,50.00,50.00,53.30,100.00
2026-05-15T00:21:47.690351,50.00,57.10,53.80,100.00
2026-05-15T00:21:47.794432,53.30,50.00,53.30,100.00
2026-05-15T00:21:47.898885,46.20,50.00,60.00,100.00
2026-05-15T00:21:48.002492,46.20,50.00,50.00,100.00
2026-05-15T00:21:48.106219,46.20,50.00,60.00,100.00
2026-05-15T00:21:48.210837,50.00,53.30,53.30,100.00
2026-05-15T00:21:48.314917,57.10,57.10,57.10,100.00
2026-05-15T00:21:48.418779,50.00,50.00,57.10,100.00
2026-05-15T00:21:48.522889,46.20,46.20,53.30,100.00
2026-05-15T00:21:48.626737,53.30,53.30,57.10,100.00
2026-05-15T00:21:48.730875,50.00,57.10,53.30,100.00
2026-05-15T00:21:48.835055,50.00,50.00,57.10,100.00
2026-05-15T00:21:48.939290,50.00,50.00,56.30,100.00
2026-05-15T00:21:49.043570,57.10,61.50,57.10,100.00
2026-05-15T00:21:49.147520,41.70,50.00,53.80,100.00
2026-05-15T00:21:49.252060,46.70,53.80,53.30,100.00
2026-05-15T00:21:49.356365,46.20,53.30,60.00,100.00
2026-05-15T00:21:49.460315,46.20,46.20,56.20,100.00
2026-05-15T00:21:49.564907,53.30,50.00,57.10,100.00
2026-05-15T00:21:49.668932,41.70,57.10,60.00,100.00
2026-05-15T00:21:49.773757,50.00,50.00,50.00,100.00
2026-05-15T00:21:49.877731,46.20,53.80,56.30,100.00
2026-05-15T00:21:49.981345,53.30,53.30,60.00,100.00
2026-05-15T00:21:50.085384,50.00,57.10,53.30,100.00
2026-05-15T00:21:50.189820,41.70,53.30,57.10,100.00
2026-05-15T00:21:50.294060,50.00,50.00,53.30,100.00
2026-05-15T00:21:50.398018,53.80,53.30,57.10,100.00
2026-05-15T00:21:50.501804,53.30,53.80,53.30,100.00
2026-05-15T00:21:50.605815,50.00,50.00,60.00,100.00
2026-05-15T00:21:50.709943,50.00,57.10,50.00,100.00
2026-05-15T00:21:50.814093,53.30,50.00,57.10,100.00
2026-05-15T00:21:50.918417,46.20,50.00,57.10,100.00
2026-05-15T00:21:51.022294,50.00,60.00,56.20,100.00
2026-05-15T00:21:51.125907,50.00,46.20,57.10,100.00
2026-05-15T00:21:51.230142,50.00,53.30,53.80,100.00
2026-05-15T00:21:51.334317,46.20,57.10,50.00,100.00
2026-05-15T00:21:51.438211,50.00,46.20,53.30,100.00
2026-05-15T00:21:51.542294,41.70,50.00,57.10,100.00
2026-05-15T00:21:51.646583,57.10,50.00,53.80,100.00
2026-05-15T00:21:51.750566,50.00,53.80,53.30,100.00
2026-05-15T00:21:51.855056,50.00,53.30,57.10,100.00
2026-05-15T00:21:51.958558,41.70,46.20,53.30,100.00
2026-05-15T00:21:52.061820,18.20,20.00,20.00,100.00
2026-05-15T00:21:52.165480,33.30,20.00,33.30,100.00
2026-05-15T00:21:52.269336,11.10,18.20,27.30,100.00
2026-05-15T00:21:52.373132,30.80,33.30,38.50,100.00
2026-05-15T00:21:52.476584,20.00,20.00,20.00,100.00
2026-05-15T00:21:52.580281,20.00,25.00,33.30,100.00
2026-05-15T00:21:52.683428,18.20,11.10,11.10,100.00
2026-05-15T00:21:52.787108,20.00,10.00,10.00,100.00
2026-05-15T00:21:52.890715,25.00,27.30,33.30,100.00
2026-05-15T00:21:52.994087,30.00,30.00,30.00,100.00
2026-05-15T00:21:53.097311,25.00,18.20,20.00,100.00
2026-05-15T00:21:53.200974,20.00,27.30,27.30,100.00
2026-05-15T00:21:53.304164,20.00,11.10,20.00,100.00
2026-05-15T00:21:53.407707,18.20,18.20,25.00,100.00
2026-05-15T00:21:53.511608,33.30,27.30,30.00,100.00
2026-05-15T00:21:53.614809,20.00,33.30,20.00,100.00
2026-05-15T00:21:53.719025,18.20,20.00,25.00,100.00
2026-05-15T00:21:53.822655,33.30,11.10,27.30,100.00
2026-05-15T00:21:53.926010,20.00,33.30,30.00,100.00
2026-05-15T00:21:54.029452,20.00,18.20,33.30,100.00
2026-05-15T00:21:54.132972,30.80,11.10,18.20,100.00
2026-05-15T00:21:54.236566,20.00,33.30,27.30,100.00
2026-05-15T00:21:54.340130,27.30,11.10,33.30,100.00
2026-05-15T00:21:54.443932,18.20,25.00,27.30,100.00
2026-05-15T00:21:54.547375,27.30,27.30,20.00,100.00
2026-05-15T00:21:54.650744,27.30,20.00,33.30,100.00
2026-05-15T00:21:54.754419,11.10,27.30,20.00,100.00
2026-05-15T00:21:54.858340,18.20,18.20,20.00,100.00
2026-05-15T00:21:54.961913,33.30,20.00,27.30,100.00
2026-05-15T00:21:55.065381,20.00,20.00,33.30,100.00
2026-05-15T00:21:55.169426,10.00,33.30,11.10,100.00
2026-05-15T00:21:55.273347,33.30,11.10,27.30,100.00
2026-05-15T00:21:55.376773,27.30,20.00,27.30,100.00
2026-05-15T00:21:55.480553,27.30,25.00,20.00,100.00
2026-05-15T00:21:55.583971,25.00,11.10,20.00,100.00
2026-05-15T00:21:55.687582,11.10,11.10,20.00,100.00
2026-05-15T00:21:55.791282,27.30,27.30,33.30,100.00
2026-05-15T00:21:55.895229,18.20,18.20,20.00,100.00
2026-05-15T00:21:55.998873,20.00,27.30,20.00,100.00
2026-05-15T00:21:56.102333,25.00,27.30,33.30,100.00
2026-05-15T00:21:56.205675,20.00,20.00,25.00,100.00
2026-05-15T00:21:56.310014,25.00,27.30,20.00,100.00
2026-05-15T00:21:56.413710,20.00,11.10,27.30,100.00
2026-05-15T00:21:56.517722,27.30,27.30,20.00,100.00
2026-05-15T00:21:56.621344,18.20,20.00,27.30,100.00
2026-05-15T00:21:56.724753,20.00,20.00,20.00,100.00
2026-05-15T00:21:56.828394,27.30,25.00,20.00,100.00
2026-05-15T00:21:56.931781,11.10,20.00,27.30,100.00
2026-05-15T00:21:57.038284,66.70,71.40,71.40,100.00
2026-05-15T00:21:57.144602,66.70,76.90,69.20,100.00
2026-05-15T00:21:57.249172,71.40,71.40,80.00,100.00
2026-05-15T00:21:57.354712,71.40,76.90,75.00,100.00
2026-05-15T00:21:57.459353,66.70,69.20,71.40,100.00
2026-05-15T00:21:57.564169,69.20,73.30,78.60,100.00
2026-05-15T00:21:57.668234,69.20,69.20,71.40,100.00
2026-05-15T00:21:57.774066,73.30,78.60,76.90,100.00
2026-05-15T00:21:57.878917,69.20,76.90,78.60,100.00
2026-05-15T00:21:57.984799,69.20,73.30,76.90,100.00
2026-05-15T00:21:58.091940,73.30,76.90,76.90,100.00
2026-05-15T00:21:58.197118,71.40,69.20,76.90,100.00
2026-05-15T00:21:58.303059,71.40,78.60,76.90,100.00
2026-05-15T00:21:58.408476,71.40,75.00,78.60,100.00
2026-05-15T00:21:58.514838,71.40,73.30,76.90,100.00
2026-05-15T00:21:58.619190,69.20,71.40,73.30,100.00
2026-05-15T00:21:58.724655,71.40,71.40,76.90,100.00
2026-05-15T00:21:58.830948,71.40,76.90,78.60,100.00
2026-05-15T00:21:58.935520,73.30,71.40,76.90,100.00
2026-05-15T00:21:59.042340,75.00,78.60,83.30,100.00
2026-05-15T00:21:59.148070,66.70,75.00,71.40,100.00
2026-05-15T00:21:59.253792,71.40,73.30,78.60,100.00
2026-05-15T00:21:59.358439,73.30,76.90,76.90,100.00
2026-05-15T00:21:59.463379,75.00,76.90,76.90,100.00
2026-05-15T00:21:59.567916,68.80,71.40,76.90,100.00
2026-05-15T00:21:59.672582,69.20,71.40,71.40,100.00
2026-05-15T00:21:59.778270,71.40,71.40,76.90,100.00
2026-05-15T00:21:59.883747,71.40,78.60,76.90,100.00
2026-05-15T00:21:59.990012,71.40,71.40,78.60,100.00
2026-05-15T00:22:00.095101,64.30,71.40,73.30,100.00
2026-05-15T00:22:00.200234,73.30,76.90,75.00,100.00
2026-05-15T00:22:00.305914,69.20,73.30,78.60,100.00
2026-05-15T00:22:00.410200,71.40,76.90,75.00,100.00
2026-05-15T00:22:00.514465,71.40,71.40,78.60,100.00
2026-05-15T00:22:00.620866,73.30,76.90,69.20,100.00
2026-05-15T00:22:00.725399,69.20,71.40,78.60,100.00
2026-05-15T00:22:00.831597,73.30,76.90,78.60,100.00
2026-05-15T00:22:00.936296,69.20,69.20,76.90,100.00
2026-05-15T00:22:01.041443,71.40,78.60,76.90,100.00
2026-05-15T00:22:01.147562,71.40,73.30,76.90,100.00
2026-05-15T00:22:01.253650,71.40,75.00,71.40,100.00
2026-05-15T00:22:01.357975,69.20,73.30,76.90,100.00
2026-05-15T00:22:01.462816,66.70,71.40,76.90,100.00
2026-05-15T00:22:01.568696,73.30,73.30,73.30,100.00
2026-05-15T00:22:01.675294,71.40,76.90,78.60,100.00
2026-05-15T00:22:01.781321,69.20,76.90,78.60,100.00
2026-05-15T00:22:01.886945,71.40,71.40,75.00,100.00
2026-05-15T00:22:01.992145,69.20,69.20,71.40,100.00
2026-05-15T00:22:02.097282,62.50,66.70,73.30,100.00
2026-05-15T00:22:02.202094,66.70,66.70,66.70,100.00
2026-05-15T00:22:02.307721,61.50,66.70,71.40,100.00
2026-05-15T00:22:02.413103,66.70,66.70,61.50,100.00
2026-05-15T00:22:02.519674,60.00,64.30,70.60,100.00
2026-05-15T00:22:02.624598,64.30,73.30,69.20,100.00
2026-05-15T00:22:02.729268,64.30,57.10,64.30,100.00
2026-05-15T00:22:02.834768,62.50,66.70,73.30,100.00
2026-05-15T00:22:02.939592,66.70,71.40,64.30,100.00
2026-05-15T00:22:03.044141,61.50,66.70,69.20,100.00
2026-05-15T00:22:03.149141,66.70,64.30,68.70,100.00
2026-05-15T00:22:03.254023,61.50,66.70,71.40,100.00
2026-05-15T00:22:03.358399,66.70,66.70,64.30,100.00
2026-05-15T00:22:03.464471,64.30,66.70,73.30,100.00
2026-05-15T00:22:03.569482,60.00,68.70,66.70,100.00
2026-05-15T00:22:03.674150,66.70,64.30,66.70,100.00
2026-05-15T00:22:03.778687,61.50,66.70,71.40,100.00
2026-05-15T00:22:03.884875,64.70,64.30,66.70,100.00
2026-05-15T00:22:03.990231,66.70,69.20,71.40,100.00
2026-05-15T00:22:04.095345,66.70,68.70,66.70,100.00
2026-05-15T00:22:04.200143,60.00,71.40,69.20,100.00
2026-05-15T00:22:04.305109,64.30,64.30,68.70,100.00
2026-05-15T00:22:04.409693,60.00,64.30,69.20,100.00
2026-05-15T00:22:04.514698,66.70,66.70,68.80,100.00
2026-05-15T00:22:04.620271,64.30,64.30,69.20,100.00
2026-05-15T00:22:04.725226,60.00,64.30,64.30,100.00
2026-05-15T00:22:04.829911,64.30,68.70,68.70,100.00
2026-05-15T00:22:04.935264,61.50,64.30,64.30,100.00
2026-05-15T00:22:05.040154,69.20,75.00,71.40,100.00
2026-05-15T00:22:05.146638,60.00,66.70,69.20,100.00
2026-05-15T00:22:05.252748,64.30,66.70,68.80,100.00
2026-05-15T00:22:05.358609,66.70,71.40,71.40,100.00
2026-05-15T00:22:05.463614,64.30,61.50,64.30,100.00
2026-05-15T00:22:05.567828,64.30,68.80,71.40,100.00
2026-05-15T00:22:05.672853,60.00,69.20,68.80,100.00
2026-05-15T00:22:05.778226,66.70,66.70,71.40,100.00
2026-05-15T00:22:05.883292,64.30,73.30,66.70,100.00
2026-05-15T00:22:05.989088,62.50,64.30,66.70,100.00
2026-05-15T00:22:06.094577,61.50,64.30,69.20,100.00
2026-05-15T00:22:06.200090,64.30,71.40,66.70,100.00
2026-05-15T00:22:06.305312,64.30,64.30,66.70,100.00
2026-05-15T00:22:06.409768,60.00,68.70,64.30,100.00
2026-05-15T00:22:06.514374,64.30,61.50,71.40,100.00
2026-05-15T00:22:06.618827,57.10,66.70,66.70,100.00
2026-05-15T00:22:06.723397,64.30,66.70,64.30,100.00
2026-05-15T00:22:06.828817,64.30,64.30,64.30,100.00
2026-05-15T00:22:06.933813,61.50,69.20,71.40,100.00
2026-05-15T00:22:07.038615,75.00,76.90,78.60,100.00
2026-05-15T00:22:07.143805,76.90,76.90,84.60,100.00
2026-05-15T00:22:07.250143,69.20,78.60,76.90,100.00
2026-05-15T00:22:07.356254,73.30,78.60,84.60,100.00
2026-05-15T00:22:07.460835,75.00,84.60,83.30,100.00
2026-05-15T00:22:07.566618,73.30,76.90,76.90,100.00
2026-05-15T00:22:07.672564,76.90,69.20,76.90,100.00
2026-05-15T00:22:07.777081,71.40,76.90,78.60,100.00
2026-05-15T00:22:07.881423,69.20,78.60,83.30,100.00
2026-05-15T00:22:07.986412,78.60,76.90,76.90,100.00
2026-05-15T00:22:08.092430,71.40,76.90,78.60,100.00
2026-05-15T00:22:08.197568,76.90,83.30,75.00,100.00
2026-05-15T00:22:08.304406,71.40,71.40,84.60,100.00
2026-05-15T00:22:08.409611,71.40,83.30,84.60,100.00
2026-05-15T00:22:08.515181,76.90,78.60,78.60,100.00
2026-05-15T00:22:08.622192,71.40,76.90,76.90,100.00
2026-05-15T00:22:08.727132,71.40,76.90,81.80,100.00
2026-05-15T00:22:08.831519,76.90,78.60,78.60,100.00
2026-05-15T00:22:08.937642,71.40,76.90,78.60,100.00
2026-05-15T00:22:09.043931,71.40,75.00,83.30,100.00
2026-05-15T00:22:09.148834,83.30,84.60,84.60,100.00
2026-05-15T00:22:09.253334,71.40,78.60,75.00,100.00
2026-05-15T00:22:09.358096,71.40,83.30,83.30,100.00
2026-05-15T00:22:09.463753,75.00,78.60,84.60,100.00
2026-05-15T00:22:09.568387,71.40,75.00,84.60,100.00
2026-05-15T00:22:09.674010,75.00,78.60,76.90,100.00
2026-05-15T00:22:09.779131,71.40,76.90,76.90,100.00
2026-05-15T00:22:09.885553,71.40,76.90,78.60,100.00
2026-05-15T00:22:09.990081,76.90,75.00,83.30,100.00
2026-05-15T00:22:10.095715,71.40,84.60,76.90,100.00
2026-05-15T00:22:10.200589,71.40,78.60,76.90,100.00
2026-05-15T00:22:10.304955,75.00,75.00,83.30,100.00
2026-05-15T00:22:10.409901,73.30,78.60,78.60,100.00
2026-05-15T00:22:10.514641,69.20,71.40,75.00,100.00
2026-05-15T00:22:10.621681,71.40,76.90,84.60,100.00
2026-05-15T00:22:10.727368,78.60,84.60,76.90,100.00
2026-05-15T00:22:10.832000,71.40,75.00,84.60,100.00
2026-05-15T00:22:10.936393,75.00,78.60,76.90,100.00
2026-05-15T00:22:11.041104,78.60,78.60,76.90,100.00
2026-05-15T00:22:11.145927,66.70,78.60,83.30,100.00
2026-05-15T00:22:11.252176,71.40,81.80,78.60,100.00
2026-05-15T00:22:13.895754,81.60,86.00,89.10,42.30
2026-05-15T00:22:14.003089,92.30,100.00,100.00,100.00
2026-05-15T00:22:14.108272,83.30,91.70,100.00,100.00
2026-05-15T00:22:14.213612,83.30,91.70,91.70,100.00
2026-05-15T00:22:14.318801,78.60,91.70,90.00,100.00
2026-05-15T00:22:14.423360,81.80,90.00,91.70,100.00
2026-05-15T00:22:14.529243,78.60,91.70,90.90,100.00
2026-05-15T00:22:14.636185,83.30,100.00,91.70,100.00
2026-05-15T00:22:14.741148,91.70,91.70,100.00,100.00
2026-05-15T00:22:14.846773,83.30,91.70,100.00,100.00
2026-05-15T00:22:14.953208,83.30,90.90,90.90,100.00
2026-05-15T00:22:15.058713,76.90,83.30,90.90,100.00
2026-05-15T00:22:15.163771,84.60,91.70,91.70,100.00
2026-05-15T00:22:15.268341,76.90,84.60,90.90,100.00
2026-05-15T00:22:15.377512,83.30,90.90,91.70,100.00
2026-05-15T00:22:15.486333,84.60,91.70,91.70,100.00
2026-05-15T00:22:15.592355,78.60,90.90,90.90,100.00
2026-05-15T00:22:15.698247,76.90,84.60,92.30,100.00
2026-05-15T00:22:15.806235,84.60,83.30,90.00,100.00
2026-05-15T00:22:15.912917,75.00,90.90,91.70,100.00
2026-05-15T00:22:16.019305,84.60,91.70,91.70,100.00
2026-05-15T00:22:16.127036,84.60,100.00,100.00,100.00
2026-05-15T00:22:16.231341,83.30,90.90,91.70,100.00
2026-05-15T00:22:16.337016,76.90,91.70,100.00,100.00
2026-05-15T00:22:16.441848,83.30,90.90,90.90,100.00
2026-05-15T00:22:16.546674,76.90,90.90,90.90,100.00
2026-05-15T00:22:16.653251,84.60,92.30,91.70,100.00
2026-05-15T00:22:16.759604,75.00,90.90,100.00,100.00
2026-05-15T00:22:16.865979,84.60,100.00,91.70,100.00
2026-05-15T00:22:16.971037,78.60,84.60,90.90,100.00
2026-05-15T00:22:17.075806,75.00,75.00,78.60,100.00
2026-05-15T00:22:17.180700,71.40,78.60,75.00,100.00
2026-05-15T00:22:17.285086,66.70,76.90,75.00,100.00
2026-05-15T00:22:17.389188,71.40,76.90,75.00,100.00
2026-05-15T00:22:17.494913,69.20,71.40,76.90,100.00
2026-05-15T00:22:17.600018,76.90,78.60,78.60,100.00
2026-05-15T00:22:17.705989,73.30,76.90,76.90,100.00
2026-05-15T00:22:17.810848,64.30,78.60,78.60,100.00
2026-05-15T00:22:17.917552,71.40,75.00,76.90,100.00
2026-05-15T00:22:18.025157,71.40,78.60,78.60,100.00
2026-05-15T00:22:18.130689,71.40,78.60,76.90,100.00
2026-05-15T00:22:18.236748,73.30,76.90,76.90,100.00
2026-05-15T00:22:18.342942,69.20,76.90,76.90,100.00
2026-05-15T00:22:18.448156,68.70,76.90,75.00,100.00
2026-05-15T00:22:18.554110,76.90,80.00,76.90,100.00
2026-05-15T00:22:18.658639,71.40,69.20,76.90,100.00
2026-05-15T00:22:18.765273,71.40,78.60,78.60,100.00
2026-05-15T00:22:18.871147,66.70,76.90,78.60,100.00
2026-05-15T00:22:18.977235,76.90,78.60,75.00,100.00
2026-05-15T00:22:19.088081,73.30,76.90,78.60,100.00
2026-05-15T00:22:19.192596,76.90,76.90,83.30,100.00
2026-05-15T00:22:19.298220,66.70,76.90,78.60,100.00
2026-05-15T00:22:19.404734,69.20,78.60,73.30,100.00
2026-05-15T00:22:19.510396,78.60,76.90,75.00,100.00
2026-05-15T00:22:19.616701,66.70,78.60,76.90,100.00
2026-05-15T00:22:19.722242,71.40,71.40,78.60,100.00
2026-05-15T00:22:19.828375,71.40,76.90,76.90,100.00
2026-05-15T00:22:19.933134,71.40,78.60,73.30,100.00
2026-05-15T00:22:20.038562,71.40,76.90,81.80,100.00
2026-05-15T00:22:20.145030,73.30,78.60,78.60,100.00
2026-05-15T00:22:20.250975,69.20,76.90,73.30,100.00
2026-05-15T00:22:20.357154,71.40,76.90,76.90,100.00
2026-05-15T00:22:20.461702,69.20,76.90,76.90,100.00
2026-05-15T00:22:20.568195,73.30,78.60,76.90,100.00
2026-05-15T00:22:20.673423,71.40,76.90,80.00,100.00
2026-05-15T00:22:20.777942,71.40,76.90,76.90,100.00
2026-05-15T00:22:20.884336,71.40,78.60,76.90,100.00
2026-05-15T00:22:20.989108,71.40,78.60,78.60,100.00
2026-05-15T00:22:21.093719,71.40,69.20,76.90,100.00
2026-05-15T00:22:21.199140,69.20,76.90,71.40,100.00
2026-05-15T00:22:21.304377,73.30,78.60,76.90,100.00
2026-05-15T00:22:21.409540,66.70,76.90,76.90,100.00
2026-05-15T00:22:21.515345,73.30,76.90,78.60,100.00
2026-05-15T00:22:21.621485,71.40,78.60,83.30,100.00
2026-05-15T00:22:21.727044,73.30,71.40,73.30,100.00
2026-05-15T00:22:21.832365,71.40,78.60,84.60,100.00
2026-05-15T00:22:21.937680,69.20,76.90,76.90,100.00
2026-05-15T00:22:22.042094,53.80,53.80,57.10,100.00
2026-05-15T00:22:22.146121,46.20,56.30,53.30,100.00
2026-05-15T00:22:22.250246,50.00,46.20,60.00,100.00
2026-05-15T00:22:22.355148,46.20,57.10,53.30,100.00
2026-05-15T00:22:22.459090,50.00,50.00,57.10,100.00
2026-05-15T00:22:22.563399,53.80,57.10,56.30,100.00
2026-05-15T00:22:22.668203,50.00,57.10,53.80,100.00
2026-05-15T00:22:22.772116,46.20,46.20,53.30,100.00
2026-05-15T00:22:22.876303,46.20,60.00,57.10,100.00
2026-05-15T00:22:22.980659,53.30,53.30,53.30,100.00
2026-05-15T00:22:23.085383,50.00,57.10,57.10,100.00
2026-05-15T00:22:23.189112,46.20,53.30,50.00,100.00
2026-05-15T00:22:23.293238,53.30,53.80,53.80,100.00
2026-05-15T00:22:23.397992,45.50,56.20,56.30,100.00
2026-05-15T00:22:23.502853,50.00,57.10,53.80,100.00
2026-05-15T00:22:23.607397,50.00,53.30,57.10,100.00
2026-05-15T00:22:23.711349,46.20,53.80,53.30,100.00
2026-05-15T00:22:23.816053,50.00,50.00,60.00,100.00
2026-05-15T00:22:23.920157,50.00,53.80,50.00,100.00
2026-05-15T00:22:24.024614,36.40,53.80,53.80,100.00
2026-05-15T00:22:24.129078,50.00,46.20,50.00,100.00
2026-05-15T00:22:24.233502,50.00,50.00,50.00,100.00
2026-05-15T00:22:24.337850,50.00,57.10,57.10,100.00
2026-05-15T00:22:24.442065,46.20,50.00,53.30,100.00
2026-05-15T00:22:24.546350,50.00,60.00,60.00,100.00
2026-05-15T00:22:24.650610,53.30,60.00,50.00,100.00
2026-05-15T00:22:24.755386,50.00,50.00,62.50,100.00
2026-05-15T00:22:24.859393,50.00,57.10,57.10,100.00
2026-05-15T00:22:24.966199,56.20,56.30,53.30,100.00
2026-05-15T00:22:25.071244,46.20,57.10,57.10,100.00
2026-05-15T00:22:25.175658,53.30,53.80,50.00,100.00
2026-05-15T00:22:25.279353,50.00,53.30,57.10,100.00
2026-05-15T00:22:25.384398,41.70,57.10,60.00,100.00
2026-05-15T00:22:25.488967,50.00,60.00,53.30,100.00
2026-05-15T00:22:25.593358,53.30,46.20,53.80,100.00
2026-05-15T00:22:25.697854,46.20,60.00,56.20,100.00
2026-05-15T00:22:25.801592,53.80,53.30,57.10,100.00
2026-05-15T00:22:25.905657,46.20,46.20,53.30,100.00
2026-05-15T00:22:26.009398,46.20,57.10,57.10,100.00
2026-05-15T00:22:26.114321,50.00,53.30,50.00,100.00
2026-05-15T00:22:26.219191,50.00,57.10,57.10,100.00
2026-05-15T00:22:26.323356,46.20,57.10,53.30,100.00
2026-05-15T00:22:26.427357,50.00,53.30,57.10,100.00
2026-05-15T00:22:26.531312,53.30,50.00,50.00,100.00
2026-05-15T00:22:26.635251,36.40,50.00,57.10,100.00
2026-05-15T00:22:26.739367,46.20,53.30,46.20,100.00
2026-05-15T00:22:26.843413,41.70,36.40,53.30,100.00
2026-05-15T00:22:26.947402,50.00,50.00,53.80,100.00
2026-05-15T00:22:27.051117,11.10,27.30,10.00,100.00
2026-05-15T00:22:27.154970,18.20,20.00,27.30,100.00
2026-05-15T00:22:27.259180,18.20,18.20,0.00,100.00
2026-05-15T00:22:27.362576,11.10,11.10,20.00,100.00
2026-05-15T00:22:27.466121,0.00,11.10,20.00,100.00
2026-05-15T00:22:27.569503,11.10,25.00,25.00,100.00
2026-05-15T00:22:27.673735,18.20,27.30,11.10,100.00
2026-05-15T00:22:27.777820,18.20,18.20,10.00,100.00
2026-05-15T00:22:27.882159,27.30,27.30,27.30,100.00
2026-05-15T00:22:27.986038,10.00,27.30,20.00,100.00
2026-05-15T00:22:28.089615,25.00,10.00,25.00,100.00
2026-05-15T00:22:28.193390,0.00,20.00,20.00,100.00
2026-05-15T00:22:28.297198,20.00,10.00,11.10,100.00
2026-05-15T00:22:28.400926,18.20,18.20,20.00,100.00
2026-05-15T00:22:28.504648,18.20,0.00,18.20,100.00
2026-05-15T00:22:28.608210,27.30,25.00,20.00,100.00
2026-05-15T00:22:28.712029,18.20,11.10,27.30,100.00
2026-05-15T00:22:28.815902,20.00,20.00,10.00,100.00
2026-05-15T00:22:28.919321,25.00,10.00,20.00,100.00
2026-05-15T00:22:29.023045,20.00,20.00,20.00,100.00
2026-05-15T00:22:29.126488,20.00,33.30,20.00,100.00
2026-05-15T00:22:29.229988,10.00,11.10,27.30,100.00
2026-05-15T00:22:29.333338,18.20,11.10,10.00,100.00
2026-05-15T00:22:29.436753,20.00,18.20,27.30,100.00
2026-05-15T00:22:29.540168,10.00,11.10,20.00,100.00
2026-05-15T00:22:29.643532,18.20,18.20,0.00,100.00
2026-05-15T00:22:29.746647,27.30,11.10,11.10,100.00
2026-05-15T00:22:29.849996,18.20,10.00,18.20,100.00
2026-05-15T00:22:29.953583,0.00,27.30,20.00,100.00
2026-05-15T00:22:30.056837,20.00,10.00,18.20,100.00
2026-05-15T00:22:30.159959,25.00,10.00,0.00,100.00
2026-05-15T00:22:30.263374,18.20,11.10,10.00,100.00
2026-05-15T00:22:30.367054,10.00,10.00,20.00,100.00
2026-05-15T00:22:30.470553,11.10,10.00,10.00,100.00
2026-05-15T00:22:30.574121,25.00,27.30,20.00,100.00
2026-05-15T00:22:30.678028,18.20,11.10,18.20,100.00
2026-05-15T00:22:30.782023,27.30,20.00,27.30,100.00
2026-05-15T00:22:30.885540,18.20,10.00,10.00,100.00
2026-05-15T00:22:30.989825,20.00,11.10,20.00,100.00
2026-05-15T00:22:31.093255,18.20,33.30,20.00,100.00
2026-05-15T00:22:31.196812,10.00,10.00,18.20,100.00
2026-05-15T00:22:31.300245,20.00,18.20,20.00,100.00
2026-05-15T00:22:31.403711,18.20,0.00,0.00,100.00
2026-05-15T00:22:31.507090,18.20,25.00,27.30,100.00
2026-05-15T00:22:31.610525,10.00,11.10,18.20,100.00
2026-05-15T00:22:31.714205,20.00,10.00,11.10,100.00
2026-05-15T00:22:31.817359,10.00,11.10,18.20,100.00
2026-05-15T00:22:31.920955,25.00,10.00,11.10,100.00
2026-05-15T00:22:32.026730,50.00,61.50,61.50,100.00
2026-05-15T00:22:32.131706,69.20,76.90,69.20,100.00
2026-05-15T00:22:32.237280,68.80,73.30,71.40,100.00
2026-05-15T00:22:32.342593,71.40,69.20,78.60,100.00
2026-05-15T00:22:32.447216,64.30,73.30,71.40,100.00
2026-05-15T00:22:32.552207,66.70,71.40,71.40,100.00
2026-05-15T00:22:32.657229,69.20,71.40,71.40,100.00
2026-05-15T00:22:32.762912,68.80,73.30,71.40,100.00
2026-05-15T00:22:32.868539,71.40,71.40,73.30,100.00
2026-05-15T00:22:32.973232,71.40,76.90,76.90,100.00
2026-05-15T00:22:33.078218,64.30,71.40,71.40,100.00
2026-05-15T00:22:33.184552,66.70,76.90,71.40,100.00
2026-05-15T00:22:33.290605,71.40,75.00,71.40,100.00
2026-05-15T00:22:33.395262,64.30,69.20,78.60,100.00
2026-05-15T00:22:33.499423,66.70,69.20,69.20,100.00
2026-05-15T00:22:33.604284,69.20,71.40,71.40,100.00
2026-05-15T00:22:33.709104,68.70,73.30,73.30,100.00
2026-05-15T00:22:33.814947,64.30,69.20,76.90,100.00
2026-05-15T00:22:33.919858,71.40,76.90,71.40,100.00
2026-05-15T00:22:34.025879,64.30,75.00,73.30,100.00
2026-05-15T00:22:34.129921,71.40,69.20,69.20,100.00
2026-05-15T00:22:34.234133,64.30,71.40,71.40,100.00
2026-05-15T00:22:34.338292,64.30,69.20,71.40,100.00
2026-05-15T00:22:34.443330,66.70,68.80,69.20,100.00
2026-05-15T00:22:34.548708,64.30,71.40,71.40,100.00
2026-05-15T00:22:34.653307,73.30,76.90,73.30,100.00
2026-05-15T00:22:34.758124,64.30,71.40,71.40,100.00
2026-05-15T00:22:34.863578,71.40,71.40,76.90,100.00
2026-05-15T00:22:34.968612,66.70,71.40,71.40,100.00
2026-05-15T00:22:35.073805,69.20,73.30,73.30,100.00
2026-05-15T00:22:35.178676,66.70,71.40,75.00,100.00
2026-05-15T00:22:35.283786,71.40,76.90,75.00,100.00
2026-05-15T00:22:35.388084,71.40,71.40,69.20,100.00
2026-05-15T00:22:35.492295,64.30,69.20,71.40,100.00
2026-05-15T00:22:35.597047,64.30,71.40,76.90,100.00
2026-05-15T00:22:35.701279,71.40,73.30,73.30,100.00
2026-05-15T00:22:35.805516,69.20,71.40,71.40,100.00
2026-05-15T00:22:35.911171,66.70,73.30,71.40,100.00
2026-05-15T00:22:36.016734,71.40,71.40,73.30,100.00
2026-05-15T00:22:36.121816,66.70,76.90,75.00,100.00
2026-05-15T00:22:36.227570,61.50,71.40,71.40,100.00
2026-05-15T00:22:36.333120,71.40,71.40,71.40,100.00
2026-05-15T00:22:36.438090,66.70,71.40,71.40,100.00
2026-05-15T00:22:36.542847,71.40,73.30,76.90,100.00
2026-05-15T00:22:36.647509,64.30,76.90,71.40,100.00
2026-05-15T00:22:36.753155,73.30,71.40,73.30,100.00
2026-05-15T00:22:36.858643,64.30,73.30,69.20,100.00
2026-05-15T00:22:36.964941,71.40,69.20,71.40,100.00
2026-05-15T00:22:37.072360,68.70,73.30,73.30,100.00
2026-05-15T00:22:37.178256,69.20,73.30,76.90,100.00
2026-05-15T00:22:37.283160,61.50,71.40,69.20,100.00
2026-05-15T00:22:37.388156,68.70,69.20,73.30,100.00
2026-05-15T00:22:37.492778,69.20,71.40,71.40,100.00
2026-05-15T00:22:37.597335,66.70,64.30,71.40,100.00
2026-05-15T00:22:37.702264,64.30,73.30,71.40,100.00
2026-05-15T00:22:37.806929,64.30,69.20,71.40,100.00
2026-05-15T00:22:37.912024,71.40,71.40,71.40,100.00
2026-05-15T00:22:38.018731,64.30,66.70,69.20,100.00
2026-05-15T00:22:38.123318,64.30,69.20,73.30,100.00
2026-05-15T00:22:38.227644,64.30,71.40,71.40,100.00
2026-05-15T00:22:38.332743,66.70,69.20,71.40,100.00
2026-05-15T00:22:38.437075,66.70,71.40,71.40,100.00
2026-05-15T00:22:38.541966,64.30,66.70,69.20,100.00
2026-05-15T00:22:38.646378,64.30,71.40,69.20,100.00
2026-05-15T00:22:38.752972,68.80,71.40,73.30,100.00
2026-05-15T00:22:38.857512,69.20,73.30,69.20,100.00
2026-05-15T00:22:38.963233,68.70,69.20,73.30,100.00
2026-05-15T00:22:39.067929,69.20,71.40,71.40,100.00
2026-05-15T00:22:39.172853,66.70,75.00,76.90,100.00
2026-05-15T00:22:39.278270,66.70,66.70,73.30,100.00
2026-05-15T00:22:39.383895,71.40,73.30,69.20,100.00
2026-05-15T00:22:39.489056,64.30,71.40,73.30,100.00
2026-05-15T00:22:39.594035,64.30,71.40,73.30,100.00
2026-05-15T00:22:39.699014,68.80,71.40,75.00,100.00
2026-05-15T00:22:39.804517,69.20,71.40,73.30,100.00
2026-05-15T00:22:39.910037,68.80,69.20,71.40,100.00
2026-05-15T00:22:40.014946,66.70,71.40,71.40,100.00
2026-05-15T00:22:40.119970,68.70,71.40,71.40,100.00
2026-05-15T00:22:40.224581,61.50,71.40,69.20,100.00
2026-05-15T00:22:40.329947,66.70,66.70,71.40,100.00
2026-05-15T00:22:40.434285,66.70,71.40,73.30,100.00
2026-05-15T00:22:40.538651,69.20,71.40,76.90,100.00
2026-05-15T00:22:40.643131,64.30,71.40,71.40,100.00
2026-05-15T00:22:40.749289,66.70,69.20,66.70,100.00
2026-05-15T00:22:40.853789,71.40,66.70,73.30,100.00
2026-05-15T00:22:40.959195,61.50,73.30,71.40,100.00
2026-05-15T00:22:41.064697,71.40,75.00,73.30,100.00
2026-05-15T00:22:41.170031,66.70,66.70,75.00,100.00
2026-05-15T00:22:41.276196,64.30,71.40,71.40,100.00
2026-05-15T00:22:41.380823,70.60,71.40,73.30,100.00
2026-05-15T00:22:41.486993,64.30,71.40,71.40,100.00
2026-05-15T00:22:41.591958,69.20,68.70,64.30,100.00
2026-05-15T00:22:41.696323,66.70,69.20,76.90,100.00
2026-05-15T00:22:41.800661,69.20,71.40,75.00,100.00
2026-05-15T00:22:41.905008,66.70,71.40,71.40,100.00
2026-05-15T00:22:42.014124,73.30,78.60,76.90,100.00
2026-05-15T00:22:42.119999,75.00,83.30,84.60,100.00
2026-05-15T00:22:42.225193,73.30,76.90,76.90,100.00
2026-05-15T00:22:42.330638,71.40,78.60,83.30,100.00
2026-05-15T00:22:42.436214,78.60,76.90,78.60,100.00
2026-05-15T00:22:42.541744,69.20,78.60,83.30,100.00
2026-05-15T00:22:42.646422,73.30,71.40,78.60,100.00
2026-05-15T00:22:42.752238,71.40,75.00,76.90,100.00
2026-05-15T00:22:42.858882,76.90,78.60,83.30,100.00
2026-05-15T00:22:42.963653,76.90,83.30,78.60,100.00
2026-05-15T00:22:43.068205,78.60,78.60,83.30,100.00
2026-05-15T00:22:43.173168,71.40,81.80,83.30,100.00
2026-05-15T00:22:43.277575,75.00,76.90,83.30,100.00
2026-05-15T00:22:43.383049,76.90,78.60,84.60,100.00
2026-05-15T00:22:43.488733,73.30,78.60,76.90,100.00
2026-05-15T00:22:43.594134,75.00,83.30,83.30,100.00
2026-05-15T00:22:43.698926,76.90,75.00,84.60,100.00
2026-05-15T00:22:43.803756,73.30,78.60,83.30,100.00
2026-05-15T00:22:43.908334,75.00,76.90,76.90,100.00
2026-05-15T00:22:44.015363,73.30,78.60,84.60,100.00
2026-05-15T00:22:44.122686,76.90,84.60,83.30,100.00
2026-05-15T00:22:44.228438,71.40,71.40,78.60,100.00
2026-05-15T00:22:44.332894,69.20,76.90,78.60,100.00
2026-05-15T00:22:44.437683,78.60,75.00,83.30,100.00
2026-05-15T00:22:44.542415,76.90,78.60,83.30,100.00
2026-05-15T00:22:44.647605,71.40,84.60,84.60,100.00
2026-05-15T00:22:44.754071,76.90,83.30,81.80,100.00
2026-05-15T00:22:44.860784,76.90,78.60,83.30,100.00
2026-05-15T00:22:44.967057,76.90,81.80,84.60,100.00
2026-05-15T00:22:45.074181,76.90,76.90,84.60,100.00
2026-05-15T00:22:45.180778,75.00,78.60,76.90,100.00
2026-05-15T00:22:45.286226,69.20,78.60,76.90,100.00
2026-05-15T00:22:45.395049,83.30,83.30,85.70,100.00
2026-05-15T00:22:45.501184,71.40,80.00,83.30,100.00
2026-05-15T00:22:45.606361,78.60,76.90,76.90,100.00
2026-05-15T00:22:45.713024,75.00,76.90,83.30,100.00
2026-05-15T00:22:45.819693,73.30,83.30,78.60,100.00
2026-05-15T00:22:45.925324,75.00,71.40,83.30,100.00
2026-05-15T00:22:46.031404,80.00,84.60,83.30,100.00
2026-05-15T00:22:46.137849,71.40,76.90,84.60,100.00
2026-05-15T00:22:46.243185,69.20,76.90,75.00,100.00
2026-05-15T00:22:46.348754,76.90,76.90,83.30,100.00
2026-05-15T00:22:46.455740,78.60,78.60,78.60,100.00
2026-05-15T00:22:46.561970,71.40,76.90,83.30,100.00
2026-05-15T00:22:46.669638,78.60,84.60,84.60,100.00
2026-05-15T00:22:46.777146,78.60,76.90,83.30,100.00
2026-05-15T00:22:46.883823,69.20,78.60,84.60,100.00
2026-05-15T00:22:46.988219,71.40,75.00,78.60,100.00
2026-05-15T00:22:47.093567,57.10,57.10,60.00,100.00
2026-05-15T00:22:47.197787,57.10,62.50,60.00,100.00
2026-05-15T00:22:47.302051,57.10,64.30,61.50,100.00
2026-05-15T00:22:47.406494,57.10,57.10,64.30,100.00
2026-05-15T00:22:47.511540,60.00,57.10,60.00,100.00
2026-05-15T00:22:47.616067,60.00,68.70,64.30,100.00
2026-05-15T00:22:47.721064,53.80,64.30,61.50,100.00
2026-05-15T00:22:47.826318,66.70,60.00,66.70,100.00
2026-05-15T00:22:47.931355,57.10,64.30,62.50,100.00
2026-05-15T00:22:48.036092,62.50,66.70,66.70,100.00
2026-05-15T00:22:48.141314,60.00,64.30,64.30,100.00
2026-05-15T00:22:48.245086,60.00,60.00,64.30,100.00
2026-05-15T00:22:48.350255,57.10,68.80,62.50,100.00
2026-05-15T00:22:48.455190,60.00,61.50,66.70,100.00
2026-05-15T00:22:48.559687,57.10,60.00,66.70,100.00
2026-05-15T00:22:48.664515,57.10,66.70,60.00,100.00
2026-05-15T00:22:48.770087,64.30,61.50,66.70,100.00
2026-05-15T00:22:48.875092,60.00,62.50,60.00,100.00
2026-05-15T00:22:48.979394,57.10,66.70,66.70,100.00
2026-05-15T00:22:49.084730,60.00,64.30,66.70,100.00
2026-05-15T00:22:49.188931,61.50,64.30,66.70,100.00
2026-05-15T00:22:49.293649,57.10,60.00,64.30,100.00
2026-05-15T00:22:49.398432,64.30,64.30,60.00,100.00
2026-05-15T00:22:49.502990,53.80,60.00,66.70,100.00
2026-05-15T00:22:49.607324,60.00,66.70,64.30,100.00
2026-05-15T00:22:49.712598,60.00,60.00,62.50,100.00
2026-05-15T00:22:49.816911,53.80,61.50,64.30,100.00
2026-05-15T00:22:49.921382,57.10,66.70,64.30,100.00
2026-05-15T00:22:50.025846,62.50,60.00,60.00,100.00
2026-05-15T00:22:50.130658,61.50,64.30,66.70,100.00
2026-05-15T00:22:50.235936,60.00,60.00,60.00,100.00
2026-05-15T00:22:50.340037,60.00,66.70,64.30,100.00
2026-05-15T00:22:50.445128,57.10,62.50,64.30,100.00
2026-05-15T00:22:50.549854,57.10,61.50,64.70,100.00
2026-05-15T00:22:50.655291,62.50,64.30,66.70,100.00
2026-05-15T00:22:50.760378,60.00,64.70,61.50,100.00
2026-05-15T00:22:50.865043,57.10,64.30,66.70,100.00
2026-05-15T00:22:50.969741,61.50,64.30,66.70,100.00
2026-05-15T00:22:51.074286,60.00,60.00,64.30,100.00
2026-05-15T00:22:51.179444,57.10,64.30,64.70,100.00
2026-05-15T00:22:51.284845,60.00,60.00,64.30,100.00
2026-05-15T00:22:51.389473,53.80,68.80,60.00,100.00
2026-05-15T00:22:51.494169,66.70,66.70,66.70,100.00
2026-05-15T00:22:51.599825,57.10,60.00,60.00,100.00
2026-05-15T00:22:51.703798,57.10,66.70,66.70,100.00
2026-05-15T00:22:51.808873,57.10,66.70,61.50,100.00
2026-05-15T00:22:51.913012,60.00,57.10,60.00,100.00
2026-05-15T00:22:52.016673,41.70,41.70,50.00,100.00
2026-05-15T00:22:52.120428,38.50,50.00,38.50,100.00
2026-05-15T00:22:52.224880,27.30,33.30,46.20,100.00
2026-05-15T00:22:52.328949,46.20,41.70,42.90,100.00
2026-05-15T00:22:52.432850,33.30,38.50,46.20,100.00
2026-05-15T00:22:52.536234,33.30,30.00,33.30,100.00
2026-05-15T00:22:52.639947,27.30,38.50,41.70,100.00
2026-05-15T00:22:52.744111,27.30,27.30,27.30,100.00
2026-05-15T00:22:52.847686,33.30,33.30,38.50,100.00
2026-05-15T00:22:52.951275,27.30,30.00,30.00,100.00
2026-05-15T00:22:53.054856,27.30,27.30,38.50,100.00
2026-05-15T00:22:53.158258,27.30,20.00,27.30,100.00
2026-05-15T00:22:53.263022,36.40,38.50,36.40,100.00
2026-05-15T00:22:53.366364,27.30,30.00,33.30,100.00
2026-05-15T00:22:53.470403,38.50,38.50,41.70,100.00
2026-05-15T00:22:53.574317,33.30,46.20,38.50,100.00
2026-05-15T00:22:53.678204,22.20,33.30,50.00,100.00
2026-05-15T00:22:53.782071,38.50,41.70,33.30,100.00
2026-05-15T00:22:53.885416,27.30,27.30,41.70,100.00
2026-05-15T00:22:53.990145,33.30,41.70,36.40,100.00
2026-05-15T00:22:54.094194,27.30,46.20,33.30,100.00
2026-05-15T00:22:54.198040,27.30,27.30,38.50,100.00
2026-05-15T00:22:54.302103,36.40,41.70,41.70,100.00
2026-05-15T00:22:54.406052,33.30,33.30,38.50,100.00
2026-05-15T00:22:54.509948,42.90,38.50,36.40,100.00
2026-05-15T00:22:54.614009,27.30,36.40,42.90,100.00
2026-05-15T00:22:54.718123,33.30,42.90,50.00,100.00
2026-05-15T00:22:54.822561,41.70,36.40,46.20,100.00
2026-05-15T00:22:54.926305,33.30,38.50,42.90,100.00
2026-05-15T00:22:55.029952,41.70,38.50,41.70,100.00
2026-05-15T00:22:55.133729,27.30,36.40,38.50,100.00
2026-05-15T00:22:55.240140,38.50,42.90,30.00,100.00
2026-05-15T00:22:55.344065,38.50,36.40,38.50,100.00
2026-05-15T00:22:55.447729,36.40,36.40,41.70,100.00
2026-05-15T00:22:55.552033,38.50,46.20,41.70,100.00
2026-05-15T00:22:55.655831,27.30,38.50,33.30,100.00
2026-05-15T00:22:55.760344,27.30,33.30,33.30,100.00
2026-05-15T00:22:55.864197,33.30,36.40,36.40,100.00
2026-05-15T00:22:55.968358,33.30,33.30,38.50,100.00
2026-05-15T00:22:56.072120,36.40,41.70,41.70,100.00
2026-05-15T00:22:56.176120,33.30,33.30,42.90,100.00
2026-05-15T00:22:56.279574,33.30,38.50,36.40,100.00
2026-05-15T00:22:56.383064,33.30,41.70,38.50,100.00
2026-05-15T00:22:56.486676,36.40,33.30,46.20,100.00
2026-05-15T00:22:56.590125,33.30,36.40,27.30,100.00
2026-05-15T00:22:56.693883,33.30,33.30,41.70,100.00
2026-05-15T00:22:56.797591,27.30,33.30,38.50,100.00
2026-05-15T00:22:56.902096,36.40,46.20,41.70,100.00
2026-05-15T00:22:57.007399,53.80,53.80,57.10,100.00
2026-05-15T00:22:57.112392,66.70,76.90,78.60,100.00
2026-05-15T00:22:57.217178,68.80,68.70,69.20,100.00
2026-05-15T00:22:57.322296,66.70,72.70,71.40,100.00
2026-05-15T00:22:57.428219,71.40,73.30,71.40,100.00
2026-05-15T00:22:57.533531,68.80,71.40,76.90,100.00
2026-05-15T00:22:57.637737,69.20,73.30,73.30,100.00
2026-05-15T00:22:57.742945,71.40,71.40,76.90,100.00
2026-05-15T00:22:57.847826,68.70,71.40,71.40,100.00
2026-05-15T00:22:57.952809,66.70,71.40,73.30,100.00
2026-05-15T00:22:58.057887,66.70,71.40,71.40,100.00
2026-05-15T00:22:58.162532,64.30,71.40,71.40,100.00
2026-05-15T00:22:58.268208,68.70,76.90,72.70,100.00
2026-05-15T00:22:58.373726,71.40,71.40,73.30,100.00
2026-05-15T00:22:58.479200,64.30,73.30,73.30,100.00
2026-05-15T00:22:58.584196,71.40,69.20,69.20,100.00
2026-05-15T00:22:58.689154,61.50,73.30,71.40,100.00
2026-05-15T00:22:58.794588,70.60,71.40,73.30,100.00
2026-05-15T00:22:58.899926,69.20,71.40,69.20,100.00
2026-05-15T00:22:59.005358,71.40,71.40,71.40,100.00
2026-05-15T00:22:59.110891,71.40,76.90,78.60,100.00
2026-05-15T00:22:59.215108,71.40,69.20,76.90,100.00
2026-05-15T00:22:59.320585,66.70,71.40,71.40,100.00
2026-05-15T00:22:59.425319,69.20,73.30,71.40,100.00
2026-05-15T00:22:59.530994,64.30,71.40,69.20,100.00
2026-05-15T00:22:59.635007,69.20,71.40,73.30,100.00
2026-05-15T00:22:59.739558,64.30,69.20,75.00,100.00
2026-05-15T00:22:59.845911,73.30,73.30,71.40,100.00
2026-05-15T00:22:59.951177,64.30,69.20,71.40,100.00
2026-05-15T00:23:00.056796,64.30,69.20,73.30,100.00
2026-05-15T00:23:00.162202,71.40,73.30,76.90,100.00
2026-05-15T00:23:00.267745,68.70,71.40,71.40,100.00
2026-05-15T00:23:00.373380,66.70,71.40,71.40,100.00
2026-05-15T00:23:00.478398,66.70,71.40,71.40,100.00
2026-05-15T00:23:00.583927,73.30,69.20,76.90,100.00
2026-05-15T00:23:00.689386,66.70,73.30,71.40,100.00
2026-05-15T00:23:00.794232,69.20,76.90,71.40,100.00
2026-05-15T00:23:00.899275,64.30,71.40,73.30,100.00
2026-05-15T00:23:01.004554,69.20,69.20,69.20,100.00
2026-05-15T00:23:01.109934,68.70,73.30,78.60,100.00
2026-05-15T00:23:01.215905,64.30,71.40,73.30,100.00
2026-05-15T00:23:01.321881,71.40,69.20,75.00,100.00
2026-05-15T00:23:01.427235,64.30,75.00,73.30,100.00
2026-05-15T00:23:01.533184,73.30,69.20,69.20,100.00
2026-05-15T00:23:01.638347,66.70,73.30,71.40,100.00
2026-05-15T00:23:01.743249,69.20,75.00,76.90,100.00
2026-05-15T00:23:01.849377,73.30,73.30,71.40,100.00
2026-05-15T00:23:01.953605,61.50,71.40,71.40,100.00
2026-05-15T00:23:02.058225,60.00,64.30,64.30,100.00
2026-05-15T00:23:02.163051,53.80,60.00,60.00,100.00
2026-05-15T00:23:02.267602,57.10,64.30,66.70,100.00
2026-05-15T00:23:02.372185,66.70,64.30,66.70,100.00
2026-05-15T00:23:02.476682,53.80,57.10,64.30,100.00
2026-05-15T00:23:02.581556,57.10,68.80,64.30,100.00
2026-05-15T00:23:02.686051,61.50,61.50,64.30,100.00
2026-05-15T00:23:02.790829,53.80,60.00,64.30,100.00
2026-05-15T00:23:02.895793,62.50,61.50,64.30,100.00
2026-05-15T00:23:03.000616,58.30,66.70,64.30,100.00
2026-05-15T00:23:03.104779,60.00,66.70,62.50,100.00
2026-05-15T00:23:03.208228,50.00,57.10,64.30,100.00
2026-05-15T00:23:03.312742,60.00,64.30,61.50,100.00
2026-05-15T00:23:03.417105,53.80,64.30,66.70,100.00
2026-05-15T00:23:03.522135,57.10,60.00,60.00,100.00
2026-05-15T00:23:03.626307,61.50,66.70,66.70,100.00
2026-05-15T00:23:03.730590,60.00,64.30,64.30,100.00
2026-05-15T00:23:03.835283,53.80,64.30,64.30,100.00
2026-05-15T00:23:03.940252,64.30,64.30,68.80,100.00
2026-05-15T00:23:04.045354,60.00,71.40,64.30,100.00
2026-05-15T00:23:04.150772,66.70,66.70,64.30,100.00
2026-05-15T00:23:04.255684,60.00,64.30,71.40,100.00
2026-05-15T00:23:04.360105,64.30,68.70,64.30,100.00
2026-05-15T00:23:04.465023,62.50,71.40,66.70,100.00
2026-05-15T00:23:04.569903,64.30,64.30,66.70,100.00
2026-05-15T00:23:04.674161,61.50,66.70,71.40,100.00
2026-05-15T00:23:04.778760,64.30,64.30,64.30,100.00
2026-05-15T00:23:04.883157,62.50,64.30,64.30,100.00
2026-05-15T00:23:04.988188,58.30,66.70,61.50,100.00
2026-05-15T00:23:05.093090,66.70,73.30,71.40,100.00
2026-05-15T00:23:05.197963,57.10,64.30,66.70,100.00
2026-05-15T00:23:05.303919,66.70,66.70,66.70,100.00
2026-05-15T00:23:05.408815,61.50,69.20,69.20,100.00
2026-05-15T00:23:05.513538,64.30,68.70,66.70,100.00
2026-05-15T00:23:05.618043,60.00,71.40,64.30,100.00
2026-05-15T00:23:05.722614,64.30,64.30,64.30,100.00
2026-05-15T00:23:05.826773,62.50,66.70,64.30,100.00
2026-05-15T00:23:05.931674,64.30,64.30,68.80,100.00
2026-05-15T00:23:06.036380,57.10,66.70,64.30,100.00
2026-05-15T00:23:06.141613,64.30,64.30,66.70,100.00
2026-05-15T00:23:06.246765,60.00,64.30,64.30,100.00
2026-05-15T00:23:06.351120,66.70,66.70,66.70,100.00
2026-05-15T00:23:06.455322,57.10,64.30,66.70,100.00
2026-05-15T00:23:06.560119,64.30,66.70,61.50,100.00
2026-05-15T00:23:06.665229,62.50,64.30,68.80,100.00
2026-05-15T00:23:06.770810,61.50,66.70,66.70,100.00
2026-05-15T00:23:06.875674,62.50,64.30,66.70,100.00
2026-05-15T00:23:06.980131,64.30,64.30,66.70,100.00
2026-05-15T00:23:07.084522,53.30,60.00,57.10,100.00
2026-05-15T00:23:07.189158,57.10,60.00,60.00,100.00
2026-05-15T00:23:07.293918,53.80,60.00,53.80,100.00
2026-05-15T00:23:07.398353,60.00,57.10,62.50,100.00
2026-05-15T00:23:07.503011,50.00,57.10,61.50,100.00
2026-05-15T00:23:07.607235,57.10,60.00,60.00,100.00
2026-05-15T00:23:07.712297,53.80,57.10,57.10,100.00
2026-05-15T00:23:07.817502,56.30,60.00,62.50,100.00
2026-05-15T00:23:07.921582,53.80,60.00,57.10,100.00
2026-05-15T00:23:08.025787,57.10,60.00,60.00,100.00
2026-05-15T00:23:08.130286,57.10,64.30,61.50,100.00
2026-05-15T00:23:08.235149,53.30,60.00,60.00,100.00
2026-05-15T00:23:08.339969,60.00,57.10,62.50,100.00
2026-05-15T00:23:08.444823,53.80,60.00,57.10,100.00
2026-05-15T00:23:08.549228,60.00,62.50,60.00,100.00
2026-05-15T00:23:08.654306,53.30,57.10,66.70,100.00
2026-05-15T00:23:08.758898,53.80,62.50,57.10,100.00
2026-05-15T00:23:08.862887,57.10,61.50,60.00,100.00
2026-05-15T00:23:08.967593,57.10,60.00,60.00,100.00
2026-05-15T00:23:09.071885,53.30,57.10,60.00,100.00
2026-05-15T00:23:09.176671,57.10,57.10,64.30,100.00
2026-05-15T00:23:09.281149,57.10,66.70,64.30,100.00
2026-05-15T00:23:09.385319,50.00,57.10,60.00,100.00
2026-05-15T00:23:09.489335,53.30,60.00,60.00,100.00
2026-05-15T00:23:09.594082,53.80,53.80,60.00,100.00
2026-05-15T00:23:09.698399,60.00,57.10,57.10,100.00
2026-05-15T00:23:09.803047,53.30,60.00,62.50,100.00
2026-05-15T00:23:09.907259,53.80,60.00,57.10,100.00
2026-05-15T00:23:10.011487,60.00,57.10,57.10,100.00
2026-05-15T00:23:10.116301,50.00,64.30,60.00,100.00
2026-05-15T00:23:10.220924,60.00,57.10,64.30,100.00
2026-05-15T00:23:10.325224,57.10,60.00,60.00,100.00
2026-05-15T00:23:10.430124,46.20,53.80,62.50,100.00
2026-05-15T00:23:10.534390,53.80,62.50,57.10,100.00
2026-05-15T00:23:10.640242,57.10,57.10,60.00,100.00
2026-05-15T00:23:10.744925,53.80,66.70,64.30,100.00
2026-05-15T00:23:10.849324,53.30,57.10,60.00,100.00
2026-05-15T00:23:10.953319,53.80,57.10,57.10,100.00
2026-05-15T00:23:11.057995,57.10,60.00,60.00,100.00
2026-05-15T00:23:11.162160,50.00,62.50,57.10,100.00
2026-05-15T00:23:11.266092,50.00,57.10,60.00,100.00
2026-05-15T00:23:11.371330,53.30,50.00,57.10,100.00
2026-05-15T00:23:11.475359,50.00,53.80,53.80,100.00
2026-05-15T00:23:11.580278,53.30,57.10,60.00,100.00
2026-05-15T00:23:11.685242,50.00,62.50,57.10,100.00
2026-05-15T00:23:11.790128,60.00,62.50,62.50,100.00
2026-05-15T00:23:11.894755,53.30,57.10,60.00,100.00
2026-05-15T00:23:11.999250,60.00,60.00,57.10,100.00
2026-05-15T00:23:12.103731,57.10,61.50,66.70,100.00
2026-05-15T00:23:12.208166,57.10,62.50,66.70,100.00
2026-05-15T00:23:12.312579,60.00,60.00,60.00,100.00
2026-05-15T00:23:12.416876,53.80,64.30,64.30,100.00
2026-05-15T00:23:12.521778,60.00,60.00,60.00,100.00
2026-05-15T00:23:12.625995,53.80,61.50,60.00,100.00
2026-05-15T00:23:12.731245,57.10,62.50,66.70,100.00
2026-05-15T00:23:12.835711,60.00,61.50,60.00,100.00
2026-05-15T00:23:12.940073,57.10,66.70,61.50,100.00
2026-05-15T00:23:13.044917,57.10,60.00,60.00,100.00
2026-05-15T00:23:13.149755,57.10,64.30,66.70,100.00
2026-05-15T00:23:13.254327,57.10,60.00,60.00,100.00
2026-05-15T00:23:13.359280,53.80,66.70,66.70,100.00
2026-05-15T00:23:13.464331,60.00,60.00,60.00,100.00
2026-05-15T00:23:13.569254,60.00,57.10,64.30,100.00
2026-05-15T00:23:13.673902,57.10,66.70,62.50,100.00
2026-05-15T00:23:13.777983,57.10,62.50,61.50,100.00
2026-05-15T00:23:13.882283,62.50,61.50,62.50,100.00
2026-05-15T00:23:13.987158,57.10,60.00,64.30,100.00
2026-05-15T00:23:14.092084,53.80,64.30,60.00,100.00
2026-05-15T00:23:14.197723,57.10,60.00,66.70,100.00
2026-05-15T00:23:14.302134,57.10,64.30,53.80,100.00
2026-05-15T00:23:14.406785,60.00,60.00,66.70,100.00
2026-05-15T00:23:14.511329,57.10,62.50,60.00,100.00
2026-05-15T00:23:14.616596,57.10,64.30,64.30,100.00
2026-05-15T00:23:14.720633,62.50,61.50,64.30,100.00
2026-05-15T00:23:14.825581,61.50,64.30,57.10,100.00
2026-05-15T00:23:14.930971,57.10,62.50,64.30,100.00
2026-05-15T00:23:15.036294,57.10,64.30,64.30,100.00
2026-05-15T00:23:15.141312,62.50,62.50,62.50,100.00
2026-05-15T00:23:15.245720,53.80,61.50,64.30,100.00
2026-05-15T00:23:15.350581,60.00,66.70,62.50,100.00
2026-05-15T00:23:15.455166,61.50,66.70,66.70,100.00
2026-05-15T00:23:15.559191,60.00,60.00,64.30,100.00
2026-05-15T00:23:15.663640,60.00,60.00,62.50,100.00
2026-05-15T00:23:15.768256,57.10,64.30,64.30,100.00
2026-05-15T00:23:15.872760,60.00,60.00,62.50,100.00
2026-05-15T00:23:15.976993,57.10,64.30,61.50,100.00
2026-05-15T00:23:16.081735,60.00,60.00,60.00,100.00
2026-05-15T00:23:16.185881,53.80,64.30,64.30,100.00
2026-05-15T00:23:16.290247,53.80,60.00,62.50,100.00
2026-05-15T00:23:16.394028,57.10,60.00,60.00,100.00
2026-05-15T00:23:16.498336,53.30,57.10,61.50,100.00
2026-05-15T00:23:16.602811,57.10,57.10,60.00,100.00
2026-05-15T00:23:16.707209,50.00,61.50,64.30,100.00
2026-05-15T00:23:16.811616,62.50,60.00,60.00,100.00
2026-05-15T00:23:16.916214,53.80,60.00,68.80,100.00
2026-05-15T00:23:17.020351,53.80,57.10,60.00,100.00
2026-05-15T00:23:17.124782,50.00,60.00,53.30,100.00
2026-05-15T00:23:17.228367,50.00,53.30,50.00,100.00
2026-05-15T00:23:17.332814,42.90,50.00,57.10,100.00
2026-05-15T00:23:17.436403,46.20,50.00,50.00,100.00
2026-05-15T00:23:17.539951,46.20,50.00,50.00,100.00
2026-05-15T00:23:17.644082,36.40,50.00,53.80,100.00
2026-05-15T00:23:17.748226,53.30,50.00,50.00,100.00
2026-05-15T00:23:17.852404,41.70,46.20,53.30,100.00
2026-05-15T00:23:17.957255,50.00,57.10,50.00,100.00
2026-05-15T00:23:18.061737,46.20,50.00,53.80,100.00
2026-05-15T00:23:18.165755,46.20,53.30,53.30,100.00
2026-05-15T00:23:18.269922,46.70,46.20,53.30,100.00
2026-05-15T00:23:18.374114,36.40,53.80,50.00,100.00
2026-05-15T00:23:18.478640,50.00,50.00,50.00,100.00
2026-05-15T00:23:18.583785,46.20,50.00,53.30,100.00
2026-05-15T00:23:18.688141,41.70,50.00,57.10,100.00
2026-05-15T00:23:18.792279,50.00,50.00,50.00,100.00
2026-05-15T00:23:18.896379,46.20,53.30,56.30,100.00
2026-05-15T00:23:19.001043,41.70,41.70,53.80,100.00
2026-05-15T00:23:19.105148,41.70,50.00,53.30,100.00
2026-05-15T00:23:19.209294,46.20,60.00,53.80,100.00
2026-05-15T00:23:19.313217,53.30,53.80,53.30,100.00
2026-05-15T00:23:19.417979,36.40,53.30,53.80,100.00
2026-05-15T00:23:19.521999,46.20,57.10,46.20,100.00
2026-05-15T00:23:19.626392,50.00,53.30,56.30,100.00
2026-05-15T00:23:19.730875,46.20,50.00,53.80,100.00
2026-05-15T00:23:19.835156,50.00,53.80,53.30,100.00
2026-05-15T00:23:19.940040,41.70,56.30,56.20,100.00
2026-05-15T00:23:20.044239,46.20,50.00,53.80,100.00
2026-05-15T00:23:20.148400,46.20,45.50,50.00,100.00
2026-05-15T00:23:20.252492,46.20,53.30,50.00,100.00
2026-05-15T00:23:20.357389,36.40,50.00,57.10,100.00
2026-05-15T00:23:20.461997,42.90,50.00,53.30,100.00
2026-05-15T00:23:20.566246,50.00,36.40,50.00,100.00
2026-05-15T00:23:20.670946,41.70,57.10,57.10,100.00
2026-05-15T00:23:20.774829,50.00,50.00,50.00,100.00
2026-05-15T00:23:20.878414,46.20,53.30,53.80,100.00
2026-05-15T00:23:20.982261,30.00,41.70,41.70,100.00
2026-05-15T00:23:21.086358,41.70,53.30,50.00,100.00
2026-05-15T00:23:21.191257,50.00,53.80,53.30,100.00
2026-05-15T00:23:21.295616,38.50,50.00,50.00,100.00
2026-05-15T00:23:21.400168,46.20,53.80,56.30,100.00
2026-05-15T00:23:21.504194,50.00,50.00,50.00,100.00
2026-05-15T00:23:21.608951,46.20,46.20,53.30,100.00
2026-05-15T00:23:21.713047,41.70,57.10,50.00,100.00
2026-05-15T00:23:21.817136,50.00,53.30,53.30,100.00
2026-05-15T00:23:21.921566,46.20,46.20,50.00,100.00
2026-05-15T00:23:22.027782,57.10,66.70,66.70,100.00
2026-05-15T00:23:22.132705,66.70,69.20,71.40,100.00
2026-05-15T00:23:22.238137,64.30,66.70,66.70,100.00
2026-05-15T00:23:22.343476,71.40,71.40,71.40,100.00
2026-05-15T00:23:22.448396,64.30,71.40,71.40,100.00
2026-05-15T00:23:22.552678,61.50,66.70,73.30,100.00
2026-05-15T00:23:22.657978,70.60,70.60,71.40,100.00
2026-05-15T00:23:22.762364,64.30,58.30,64.30,100.00
2026-05-15T00:23:22.868075,57.10,69.20,73.30,100.00
2026-05-15T00:23:22.972421,64.30,66.70,66.70,100.00
2026-05-15T00:23:23.076920,66.70,64.30,69.20,100.00
2026-05-15T00:23:23.182580,66.70,66.70,64.30,100.00
2026-05-15T00:23:23.288037,61.50,69.20,73.30,100.00
2026-05-15T00:23:23.393721,64.30,71.40,69.20,100.00
2026-05-15T00:23:23.498674,66.70,64.30,66.70,100.00
2026-05-15T00:23:23.603214,64.30,75.00,73.30,100.00
2026-05-15T00:23:23.709107,64.30,66.70,71.40,100.00
2026-05-15T00:23:23.814324,64.30,66.70,73.30,100.00
2026-05-15T00:23:23.920202,64.30,69.20,64.30,100.00
2026-05-15T00:23:24.026019,64.30,66.70,69.20,100.00
2026-05-15T00:23:24.130897,66.70,64.30,71.40,100.00
2026-05-15T00:23:24.235720,64.30,69.20,71.40,100.00
2026-05-15T00:23:24.340404,64.30,66.70,66.70,100.00
2026-05-15T00:23:24.445001,66.70,73.30,71.40,100.00
2026-05-15T00:23:24.549669,61.50,61.50,69.20,100.00
2026-05-15T00:23:24.655037,66.70,71.40,71.40,100.00
2026-05-15T00:23:24.760248,61.50,73.30,71.40,100.00
2026-05-15T00:23:24.865370,66.70,66.70,68.70,100.00
2026-05-15T00:23:24.973059,69.20,69.20,71.40,100.00
2026-05-15T00:23:25.077913,66.70,64.30,69.20,100.00
2026-05-15T00:23:25.182724,64.30,71.40,71.40,100.00
2026-05-15T00:23:25.287282,64.30,64.30,66.70,100.00
2026-05-15T00:23:25.391685,61.50,71.40,69.20,100.00
2026-05-15T00:23:25.496096,64.30,64.30,64.30,100.00
2026-05-15T00:23:25.600938,60.00,61.50,71.40,100.00
2026-05-15T00:23:25.705985,58.30,68.70,68.80,100.00
2026-05-15T00:23:25.810876,66.70,61.50,61.50,100.00
2026-05-15T00:23:25.914967,61.50,64.30,69.20,100.00
2026-05-15T00:23:26.019952,57.10,66.70,68.80,100.00
2026-05-15T00:23:26.125540,66.70,71.40,66.70,100.00
2026-05-15T00:23:26.230022,64.30,69.20,73.30,100.00
2026-05-15T00:23:26.334144,66.70,68.80,64.30,100.00
2026-05-15T00:23:26.437967,61.50,71.40,73.30,100.00
2026-05-15T00:23:26.544052,64.30,66.70,71.40,100.00
2026-05-15T00:23:26.649969,64.30,68.70,71.40,100.00
2026-05-15T00:23:26.754816,66.70,69.20,66.70,100.00
2026-05-15T00:23:26.859337,64.30,71.40,71.40,100.00
2026-05-15T00:23:26.965548,69.20,68.70,73.30,100.00
2026-05-15T00:23:27.071878,64.30,75.00,75.00,100.00
2026-05-15T00:23:27.177743,73.30,73.30,71.40,100.00
2026-05-15T00:23:27.283347,69.20,71.40,76.90,100.00
2026-05-15T00:23:27.389101,68.80,69.20,71.40,100.00
2026-05-15T00:23:27.493918,69.20,71.40,71.40,100.00
2026-05-15T00:23:27.600003,71.40,76.90,78.60,100.00
2026-05-15T00:23:27.704606,64.30,71.40,71.40,100.00
2026-05-15T00:23:27.808878,73.30,69.20,76.90,100.00
2026-05-15T00:23:27.913135,71.40,71.40,69.20,100.00
2026-05-15T00:23:28.019505,66.70,73.30,78.60,100.00
2026-05-15T00:23:28.124400,69.20,71.40,71.40,100.00
2026-05-15T00:23:28.228918,66.70,76.90,76.90,100.00
2026-05-15T00:23:28.333751,71.40,71.40,71.40,100.00
2026-05-15T00:23:28.438977,64.30,69.20,71.40,100.00
2026-05-15T00:23:28.544561,73.30,71.40,76.90,100.00
2026-05-15T00:23:28.650398,64.30,76.90,71.40,100.00
2026-05-15T00:23:28.755653,73.30,71.40,73.30,100.00
2026-05-15T00:23:28.860684,61.50,73.30,75.00,100.00
2026-05-15T00:23:28.966298,71.40,71.40,73.30,100.00
2026-05-15T00:23:29.071339,71.40,71.40,75.00,100.00
2026-05-15T00:23:29.178017,73.30,76.90,71.40,100.00
2026-05-15T00:23:29.284074,61.50,76.90,76.90,100.00
2026-05-15T00:23:29.388846,75.00,73.30,73.30,100.00
2026-05-15T00:23:29.493692,66.70,69.20,76.90,100.00
2026-05-15T00:23:29.599007,73.30,78.60,71.40,100.00
2026-05-15T00:23:29.704202,64.30,75.00,76.90,100.00
2026-05-15T00:23:29.809244,71.40,73.30,76.90,100.00
2026-05-15T00:23:29.914654,69.20,71.40,71.40,100.00
2026-05-15T00:23:30.019599,66.70,71.40,71.40,100.00
2026-05-15T00:23:30.124818,71.40,71.40,71.40,100.00
2026-05-15T00:23:30.230183,64.30,71.40,78.60,100.00
2026-05-15T00:23:30.335011,73.30,71.40,69.20,100.00
2026-05-15T00:23:30.439859,66.70,71.40,80.00,100.00
2026-05-15T00:23:30.544819,66.70,76.90,71.40,100.00
2026-05-15T00:23:30.648906,69.20,64.30,75.00,100.00
2026-05-15T00:23:30.753975,66.70,76.90,73.30,100.00
2026-05-15T00:23:30.858659,71.40,69.20,71.40,100.00
2026-05-15T00:23:30.963160,66.70,73.30,75.00,100.00
2026-05-15T00:23:31.068648,69.20,71.40,78.60,100.00
2026-05-15T00:23:31.174052,71.40,75.00,69.20,100.00
2026-05-15T00:23:31.279856,61.50,71.40,78.60,100.00
2026-05-15T00:23:31.385674,73.30,73.30,69.20,100.00
2026-05-15T00:23:31.490774,69.20,71.40,73.30,100.00
2026-05-15T00:23:31.594977,69.20,76.90,76.90,100.00
2026-05-15T00:23:31.700420,68.70,71.40,71.40,100.00
2026-05-15T00:23:31.805922,71.40,71.40,71.40,100.00
2026-05-15T00:23:31.911885,64.30,75.00,76.90,100.00
2026-05-15T00:23:32.016149,66.70,68.70,66.70,100.00
2026-05-15T00:23:32.120525,54.50,64.30,64.30,100.00
2026-05-15T00:23:32.225679,62.50,66.70,68.80,100.00
2026-05-15T00:23:32.330308,60.00,60.00,64.30,100.00
2026-05-15T00:23:32.435005,57.10,64.30,60.00,100.00
2026-05-15T00:23:32.539171,64.30,66.70,66.70,100.00
2026-05-15T00:23:32.644135,57.10,64.30,66.70,100.00
2026-05-15T00:23:32.748873,64.30,64.30,66.70,100.00
2026-05-15T00:23:32.853245,57.10,57.10,61.50,100.00
2026-05-15T00:23:32.958288,57.10,64.30,66.70,100.00
2026-05-15T00:23:33.063240,60.00,64.30,64.30,100.00
2026-05-15T00:23:33.168039,61.50,66.70,66.70,100.00
2026-05-15T00:23:33.272412,60.00,60.00,62.50,100.00
2026-05-15T00:23:33.377174,57.10,64.30,64.30,100.00
2026-05-15T00:23:33.482495,64.30,66.70,64.30,100.00
2026-05-15T00:23:33.587741,60.00,64.30,68.80,100.00
2026-05-15T00:23:33.693663,57.10,62.50,64.30,100.00
2026-05-15T00:23:33.797695,64.30,64.30,64.30,100.00
2026-05-15T00:23:33.901853,60.00,64.30,66.70,100.00
2026-05-15T00:23:34.007584,61.50,64.30,66.70,100.00
2026-05-15T00:23:34.112292,57.10,66.70,61.50,100.00
2026-05-15T00:23:34.217167,62.50,60.00,66.70,100.00
2026-05-15T00:23:34.322315,57.10,66.70,60.00,100.00
2026-05-15T00:23:34.427089,64.30,66.70,66.70,100.00
2026-05-15T00:23:34.531637,60.00,66.70,61.50,100.00
2026-05-15T00:23:34.636394,57.10,64.30,68.80,100.00
2026-05-15T00:23:34.741769,64.30,64.30,66.70,100.00
2026-05-15T00:23:34.846228,60.00,64.30,64.30,100.00
2026-05-15T00:23:34.951164,60.00,64.30,66.70,100.00
2026-05-15T00:23:35.057012,64.30,64.30,64.30,100.00
2026-05-15T00:23:35.161079,57.10,62.50,66.70,100.00
2026-05-15T00:23:35.266266,60.00,64.30,60.00,100.00
2026-05-15T00:23:35.372846,64.30,64.30,66.70,100.00
2026-05-15T00:23:35.477278,60.00,66.70,66.70,100.00
2026-05-15T00:23:35.582305,57.10,64.30,61.50,100.00
2026-05-15T00:23:35.687013,64.30,66.70,68.80,100.00
2026-05-15T00:23:35.792433,60.00,64.30,64.30,100.00
2026-05-15T00:23:35.896646,64.30,64.30,66.70,100.00
2026-05-15T00:23:36.001190,53.80,62.50,64.30,100.00
2026-05-15T00:23:36.105396,60.00,64.30,64.30,100.00
2026-05-15T00:23:36.209914,64.30,68.70,68.80,100.00
2026-05-15T00:23:36.313906,57.10,53.80,61.50,100.00
2026-05-15T00:23:36.419237,60.00,64.30,66.70,100.00
2026-05-15T00:23:36.523601,64.30,66.70,62.50,100.00
2026-05-15T00:23:36.629314,57.10,64.30,64.30,100.00
2026-05-15T00:23:36.734276,62.50,64.30,64.30,100.00
2026-05-15T00:23:36.838988,61.50,68.70,66.70,100.00
2026-05-15T00:23:36.943744,57.10,60.00,66.70,100.00
2026-05-15T00:23:37.047652,62.50,61.50,64.30,100.00
2026-05-15T00:23:37.151953,57.10,66.70,60.00,100.00
2026-05-15T00:23:37.256697,61.50,66.70,64.30,100.00
2026-05-15T00:23:37.361413,60.00,61.50,66.70,100.00
2026-05-15T00:23:37.466917,57.10,68.70,64.30,100.00
2026-05-15T00:23:37.571973,57.10,66.70,62.50,100.00
2026-05-15T00:23:37.675954,62.50,64.30,64.30,100.00
2026-05-15T00:23:37.780781,61.50,64.30,66.70,100.00
2026-05-15T00:23:37.885013,57.10,60.00,61.50,100.00
2026-05-15T00:23:37.989987,60.00,61.50,62.50,100.00
2026-05-15T00:23:38.094852,57.10,64.30,64.30,100.00
2026-05-15T00:23:38.199051,61.50,62.50,60.00,100.00
2026-05-15T00:23:38.304126,60.00,64.30,66.70,100.00
2026-05-15T00:23:38.409432,60.00,64.30,61.50,100.00
2026-05-15T00:23:38.513704,60.00,62.50,68.70,100.00
2026-05-15T00:23:38.618982,61.50,64.30,62.50,100.00
2026-05-15T00:23:38.724103,60.00,64.30,61.50,100.00
2026-05-15T00:23:38.828212,57.10,64.30,68.80,100.00
2026-05-15T00:23:38.933007,60.00,66.70,61.50,100.00
2026-05-15T00:23:39.037943,60.00,64.30,68.70,100.00
2026-05-15T00:23:39.143025,64.30,64.70,57.10,100.00
2026-05-15T00:23:39.248218,57.10,64.30,66.70,100.00
2026-05-15T00:23:39.353212,64.30,69.20,71.40,100.00
2026-05-15T00:23:39.457678,57.10,66.70,62.50,100.00
2026-05-15T00:23:39.563213,60.00,62.50,64.30,100.00
2026-05-15T00:23:39.667799,57.10,61.50,64.30,100.00
2026-05-15T00:23:39.772364,60.00,60.00,62.50,100.00
2026-05-15T00:23:39.876954,53.80,64.30,66.70,100.00
2026-05-15T00:23:39.982244,60.00,61.50,64.30,100.00
2026-05-15T00:23:40.087391,57.10,62.50,62.50,100.00
2026-05-15T00:23:40.192814,64.30,64.30,64.30,100.00
2026-05-15T00:23:40.297029,57.10,66.70,66.70,100.00
2026-05-15T00:23:40.401114,60.00,61.50,64.30,100.00
2026-05-15T00:23:40.505368,50.00,60.00,60.00,100.00
2026-05-15T00:23:40.610130,60.00,66.70,64.30,100.00
2026-05-15T00:23:40.715363,60.00,61.50,66.70,100.00
2026-05-15T00:23:40.820198,64.30,66.70,61.50,100.00
2026-05-15T00:23:40.925152,57.10,60.00,66.70,100.00
2026-05-15T00:23:41.030612,53.80,66.70,64.30,100.00
2026-05-15T00:23:41.135185,62.50,64.30,62.50,100.00
2026-05-15T00:23:41.240177,64.30,66.70,64.30,100.00
2026-05-15T00:23:41.345206,57.10,64.30,66.70,100.00
2026-05-15T00:23:41.450044,53.80,60.00,64.30,100.00
2026-05-15T00:23:41.555019,60.00,66.70,64.30,100.00
2026-05-15T00:23:41.659874,53.80,64.30,68.80,100.00
2026-05-15T00:23:41.764190,57.10,64.30,61.50,100.00
2026-05-15T00:23:41.868598,62.50,64.30,62.50,100.00
2026-05-15T00:23:41.976161,58.30,66.70,69.20,100.00
2026-05-15T00:23:42.081561,78.60,84.60,84.60,100.00
2026-05-15T00:23:42.186138,76.90,75.00,83.30,100.00
2026-05-15T00:23:42.294362,76.90,84.60,84.60,100.00
2026-05-15T00:23:42.400789,78.60,83.30,90.90,100.00
2026-05-15T00:23:42.505831,75.00,83.30,84.60,100.00
2026-05-15T00:23:42.611728,78.60,84.60,83.30,100.00
2026-05-15T00:23:42.717236,76.90,83.30,84.60,100.00
2026-05-15T00:23:42.824254,75.00,83.30,91.70,100.00
2026-05-15T00:23:42.928735,80.00,84.60,81.80,100.00
2026-05-15T00:23:43.035761,75.00,83.30,84.60,100.00
2026-05-15T00:23:43.140266,78.60,84.60,84.60,100.00
2026-05-15T00:23:43.245991,75.00,76.90,83.30,100.00
2026-05-15T00:23:43.352056,76.90,84.60,83.30,100.00
2026-05-15T00:23:43.456959,73.30,76.90,83.30,100.00
2026-05-15T00:23:43.562388,75.00,84.60,84.60,100.00
2026-05-15T00:23:43.669059,76.90,75.00,83.30,100.00
2026-05-15T00:23:43.775105,80.00,84.60,91.70,100.00
2026-05-15T00:23:43.881759,76.90,83.30,83.30,100.00
2026-05-15T00:23:43.986187,76.90,84.60,83.30,100.00
2026-05-15T00:23:44.094078,76.90,84.60,85.70,100.00
2026-05-15T00:23:44.198540,76.90,83.30,81.80,100.00
2026-05-15T00:23:44.303304,78.60,83.30,91.70,100.00
2026-05-15T00:23:44.409303,76.90,84.60,83.30,100.00
2026-05-15T00:23:44.515665,75.00,84.60,83.30,100.00
2026-05-15T00:23:44.621029,78.60,75.00,84.60,100.00
2026-05-15T00:23:44.726566,76.90,84.60,91.70,100.00
2026-05-15T00:23:44.831467,76.90,90.90,83.30,100.00
2026-05-15T00:23:44.936137,76.90,83.30,83.30,100.00
2026-05-15T00:23:45.042638,84.60,85.70,91.70,100.00
2026-05-15T00:23:45.148273,76.90,83.30,83.30,100.00
2026-05-15T00:23:45.254092,76.90,84.60,83.30,100.00
2026-05-15T00:23:45.359379,76.90,83.30,84.60,100.00
2026-05-15T00:23:45.465204,78.60,76.90,84.60,100.00
2026-05-15T00:23:45.571148,71.40,84.60,76.90,100.00
2026-05-15T00:23:45.676561,76.90,76.90,90.90,100.00
2026-05-15T00:23:45.781390,76.90,83.30,84.60,100.00
2026-05-15T00:23:45.885960,78.60,83.30,83.30,100.00
2026-05-15T00:23:45.993391,76.90,76.90,84.60,100.00
2026-05-15T00:23:46.098854,76.90,83.30,83.30,100.00
2026-05-15T00:23:46.203360,83.30,84.60,84.60,100.00
2026-05-15T00:23:46.309342,69.20,76.90,83.30,100.00
2026-05-15T00:23:46.416295,84.60,84.60,91.70,100.00
2026-05-15T00:23:46.520846,71.40,84.60,83.30,100.00
2026-05-15T00:23:46.626158,75.00,76.90,84.60,100.00
2026-05-15T00:23:46.732185,84.60,83.30,83.30,100.00
2026-05-15T00:23:46.837951,73.30,84.60,91.70,100.00
2026-05-15T00:23:46.944937,81.80,83.30,84.60,100.00
2026-05-15T00:23:47.048317,23.10,10.00,0.00,100.00
2026-05-15T00:23:47.151335,0.00,0.00,10.00,100.00
2026-05-15T00:23:47.255009,10.00,10.00,10.00,100.00
2026-05-15T00:23:47.358755,0.00,10.00,0.00,100.00
2026-05-15T00:23:47.461938,0.00,0.00,10.00,100.00
2026-05-15T00:23:47.565166,10.00,0.00,0.00,100.00
2026-05-15T00:23:47.668553,18.20,0.00,0.00,100.00
2026-05-15T00:23:47.771709,9.10,0.00,10.00,100.00
2026-05-15T00:23:47.874823,10.00,16.70,10.00,100.00
2026-05-15T00:23:47.978455,10.00,0.00,0.00,100.00
2026-05-15T00:23:48.081748,0.00,0.00,0.00,100.00
2026-05-15T00:23:48.185038,16.70,10.00,10.00,100.00
2026-05-15T00:23:48.288175,0.00,0.00,0.00,100.00
2026-05-15T00:23:48.391403,0.00,9.10,10.00,100.00
2026-05-15T00:23:48.494936,16.70,0.00,10.00,100.00
2026-05-15T00:23:48.598751,10.00,0.00,10.00,100.00
2026-05-15T00:23:48.702356,10.00,25.00,0.00,100.00
2026-05-15T00:23:48.805979,0.00,0.00,10.00,100.00
2026-05-15T00:23:48.909409,18.20,0.00,0.00,100.00
2026-05-15T00:23:49.012688,0.00,10.00,10.00,100.00
2026-05-15T00:23:49.116043,10.00,0.00,10.00,100.00
2026-05-15T00:23:49.219532,0.00,10.00,10.00,100.00
2026-05-15T00:23:49.322596,20.00,10.00,10.00,100.00
2026-05-15T00:23:49.425774,10.00,10.00,10.00,100.00
2026-05-15T00:23:49.529002,0.00,9.10,0.00,100.00
2026-05-15T00:23:49.632668,16.70,0.00,0.00,100.00
2026-05-15T00:23:49.736580,10.00,10.00,0.00,100.00
2026-05-15T00:23:49.839870,0.00,0.00,18.20,100.00
2026-05-15T00:23:49.943032,10.00,0.00,0.00,100.00
2026-05-15T00:23:50.046224,9.10,16.70,10.00,100.00
2026-05-15T00:23:50.149475,10.00,0.00,10.00,100.00
2026-05-15T00:23:50.252701,10.00,0.00,0.00,100.00
2026-05-15T00:23:50.355725,10.00,0.00,0.00,100.00
2026-05-15T00:23:50.458746,0.00,16.70,0.00,100.00
2026-05-15T00:23:50.562114,10.00,0.00,9.10,100.00
2026-05-15T00:23:50.665025,10.00,0.00,10.00,100.00
2026-05-15T00:23:50.768311,10.00,10.00,10.00,100.00
2026-05-15T00:23:50.872034,10.00,18.20,10.00,100.00
2026-05-15T00:23:50.975598,18.20,10.00,0.00,100.00
2026-05-15T00:23:51.078969,0.00,0.00,0.00,100.00
2026-05-15T00:23:51.182371,0.00,10.00,0.00,100.00
2026-05-15T00:23:51.285815,0.00,10.00,0.00,100.00
2026-05-15T00:23:51.389324,10.00,10.00,10.00,100.00
2026-05-15T00:23:51.492849,10.00,0.00,9.10,100.00
2026-05-15T00:23:51.596299,9.10,9.10,0.00,100.00
2026-05-15T00:23:51.699950,0.00,0.00,10.00,100.00
2026-05-15T00:23:51.803197,10.00,10.00,18.20,100.00
2026-05-15T00:23:51.906364,16.70,10.00,0.00,100.00
2026-05-15T00:23:52.009359,10.00,18.20,0.00,100.00
2026-05-15T00:23:52.113472,11.10,0.00,25.00,100.00
2026-05-15T00:23:52.217239,10.00,20.00,11.10,100.00
2026-05-15T00:23:52.320858,11.10,20.00,20.00,100.00
2026-05-15T00:23:52.424218,25.00,10.00,27.30,100.00
2026-05-15T00:23:52.527761,18.20,20.00,11.10,100.00
2026-05-15T00:23:52.631043,20.00,18.20,18.20,100.00
2026-05-15T00:23:52.734669,10.00,27.30,20.00,100.00
2026-05-15T00:23:52.838803,18.20,10.00,20.00,100.00
2026-05-15T00:23:52.942591,20.00,11.10,20.00,100.00
2026-05-15T00:23:53.045995,10.00,11.10,27.30,100.00
2026-05-15T00:23:53.149267,20.00,18.20,20.00,100.00
2026-05-15T00:23:53.252729,18.20,11.10,10.00,100.00
2026-05-15T00:23:53.356233,20.00,27.30,27.30,100.00
2026-05-15T00:23:53.459495,10.00,10.00,11.10,100.00
2026-05-15T00:23:53.562987,20.00,27.30,25.00,100.00
2026-05-15T00:23:53.666397,27.30,11.10,11.10,100.00
2026-05-15T00:23:53.770175,25.00,18.20,11.10,100.00
2026-05-15T00:23:53.873938,10.00,20.00,25.00,100.00
2026-05-15T00:23:53.977092,20.00,20.00,11.10,100.00
2026-05-15T00:23:54.082299,27.30,18.20,20.00,100.00
2026-05-15T00:23:54.186125,10.00,20.00,10.00,100.00
2026-05-15T00:23:54.289585,27.30,11.10,33.30,100.00
2026-05-15T00:23:54.393273,10.00,27.30,11.10,100.00
2026-05-15T00:23:54.497084,20.00,10.00,18.20,100.00
2026-05-15T00:23:54.600710,10.00,20.00,0.00,100.00
2026-05-15T00:23:54.704136,27.30,18.20,33.30,100.00
2026-05-15T00:23:54.807697,18.20,11.10,20.00,100.00
2026-05-15T00:23:54.911115,27.30,27.30,20.00,100.00
2026-05-15T00:23:55.014289,10.00,11.10,18.20,100.00
2026-05-15T00:23:55.117927,27.30,25.00,20.00,100.00
2026-05-15T00:23:55.221761,18.20,0.00,20.00,100.00
2026-05-15T00:23:55.325822,20.00,18.20,10.00,100.00
2026-05-15T00:23:55.429272,18.20,20.00,33.30,100.00
2026-05-15T00:23:55.533321,20.00,20.00,0.00,100.00
2026-05-15T00:23:55.636660,18.20,11.10,27.30,100.00
2026-05-15T00:23:55.740795,20.00,27.30,18.20,100.00
2026-05-15T00:23:55.844698,10.00,10.00,11.10,100.00
2026-05-15T00:23:55.948709,20.00,27.30,20.00,100.00
2026-05-15T00:23:56.052344,10.00,11.10,18.20,100.00
2026-05-15T00:23:56.156079,18.20,20.00,20.00,100.00
2026-05-15T00:23:56.260048,27.30,25.00,20.00,100.00
2026-05-15T00:23:56.363658,18.20,11.10,27.30,100.00
2026-05-15T00:23:56.467362,20.00,27.30,18.20,100.00
2026-05-15T00:23:56.570670,18.20,10.00,20.00,100.00
2026-05-15T00:23:56.674122,20.00,27.30,27.30,100.00
2026-05-15T00:23:56.777922,18.20,20.00,20.00,100.00
2026-05-15T00:23:56.881341,11.10,20.00,25.00,100.00
2026-05-15T00:23:56.984573,25.00,10.00,11.10,100.00
2026-05-15T00:23:57.087665,10.00,10.00,10.00,100.00
2026-05-15T00:23:57.191019,18.20,10.00,0.00,100.00
2026-05-15T00:23:57.294043,10.00,0.00,10.00,100.00
2026-05-15T00:23:57.397124,10.00,0.00,0.00,100.00
2026-05-15T00:23:57.500248,18.20,18.20,0.00,100.00
2026-05-15T00:23:57.603618,0.00,0.00,10.00,100.00
2026-05-15T00:23:57.706813,10.00,18.20,10.00,100.00
2026-05-15T00:23:57.809914,0.00,0.00,0.00,100.00
2026-05-15T00:23:57.913072,18.20,10.00,0.00,100.00
2026-05-15T00:23:58.016341,18.20,0.00,18.20,100.00
2026-05-15T00:23:58.119697,10.00,0.00,10.00,100.00
2026-05-15T00:23:58.223745,10.00,18.20,0.00,100.00
2026-05-15T00:23:58.327331,10.00,0.00,18.20,100.00
2026-05-15T00:23:58.430911,0.00,0.00,9.10,100.00
2026-05-15T00:23:58.534384,10.00,18.20,0.00,100.00
2026-05-15T00:23:58.637841,18.20,0.00,10.00,100.00
2026-05-15T00:23:58.741255,0.00,18.20,0.00,100.00
2026-05-15T00:23:58.844817,10.00,10.00,10.00,100.00
2026-05-15T00:23:58.948240,10.00,0.00,0.00,100.00
2026-05-15T00:23:59.052043,18.20,0.00,10.00,100.00
2026-05-15T00:23:59.155279,0.00,18.20,18.20,100.00
2026-05-15T00:23:59.258967,10.00,10.00,11.10,100.00
2026-05-15T00:23:59.362407,27.30,11.10,10.00,100.00
2026-05-15T00:23:59.465997,16.70,10.00,0.00,100.00
2026-05-15T00:23:59.569159,0.00,0.00,0.00,100.00
2026-05-15T00:23:59.672535,10.00,18.20,10.00,100.00
2026-05-15T00:23:59.775739,0.00,0.00,18.20,100.00
2026-05-15T00:23:59.878953,10.00,0.00,0.00,100.00
2026-05-15T00:23:59.982654,10.00,11.10,0.00,100.00
2026-05-15T00:24:00.086115,10.00,10.00,0.00,100.00
2026-05-15T00:24:00.189905,0.00,18.20,10.00,100.00
2026-05-15T00:24:00.293296,18.20,0.00,10.00,100.00
2026-05-15T00:24:00.397364,10.00,18.20,0.00,100.00
2026-05-15T00:24:00.500743,10.00,0.00,10.00,100.00
2026-05-15T00:24:00.603777,10.00,0.00,10.00,100.00
2026-05-15T00:24:00.707118,18.20,18.20,18.20,100.00
2026-05-15T00:24:00.810367,18.20,10.00,11.10,100.00
2026-05-15T00:24:00.913749,9.10,0.00,10.00,100.00
2026-05-15T00:24:01.017043,25.00,25.00,10.00,100.00
2026-05-15T00:24:01.120541,11.10,0.00,10.00,100.00
2026-05-15T00:24:01.223836,18.20,18.20,10.00,100.00
2026-05-15T00:24:01.326943,25.00,0.00,0.00,100.00
2026-05-15T00:24:01.430380,10.00,9.10,10.00,100.00
2026-05-15T00:24:01.534031,25.00,10.00,10.00,100.00
2026-05-15T00:24:01.637392,18.20,27.30,10.00,100.00
2026-05-15T00:24:01.740925,18.20,0.00,18.20,100.00
2026-05-15T00:24:01.844063,10.00,10.00,0.00,100.00
2026-05-15T00:24:01.947098,18.20,18.20,10.00,100.00
2026-05-15T00:24:02.050055,0.00,0.00,9.10,100.00
2026-05-15T00:24:02.152910,0.00,9.10,0.00,100.00
2026-05-15T00:24:02.255896,16.70,0.00,9.10,100.00
2026-05-15T00:24:02.358937,0.00,0.00,0.00,100.00
2026-05-15T00:24:02.462474,0.00,0.00,0.00,100.00
2026-05-15T00:24:02.566023,0.00,0.00,0.00,100.00
2026-05-15T00:24:02.669432,8.30,0.00,0.00,100.00
2026-05-15T00:24:02.772683,0.00,9.10,0.00,100.00
2026-05-15T00:24:02.875873,9.10,0.00,0.00,100.00
2026-05-15T00:24:02.979172,0.00,0.00,0.00,100.00
2026-05-15T00:24:03.082467,0.00,0.00,0.00,100.00
2026-05-15T00:24:03.238772,12.50,12.50,31.20,100.00
2026-05-15T00:24:03.342212,0.00,0.00,100.00,100.00
2026-05-15T00:24:03.445777,9.10,0.00,100.00,100.00
2026-05-15T00:24:03.549264,0.00,0.00,100.00,100.00
2026-05-15T00:24:03.652806,0.00,10.00,100.00,100.00
2026-05-15T00:24:03.756121,0.00,0.00,100.00,100.00
2026-05-15T00:24:03.860008,16.70,18.20,100.00,100.00
2026-05-15T00:24:03.963329,10.00,100.00,100.00,100.00
2026-05-15T00:24:04.066648,0.00,100.00,100.00,100.00
2026-05-15T00:24:04.169857,9.10,100.00,100.00,100.00
2026-05-15T00:24:04.273286,20.00,80.00,100.00,100.00
2026-05-15T00:24:04.376759,18.20,11.10,100.00,100.00
2026-05-15T00:24:04.479972,9.10,9.10,100.00,100.00
2026-05-15T00:24:04.583293,0.00,0.00,100.00,100.00
2026-05-15T00:24:04.687177,10.00,30.00,100.00,100.00
2026-05-15T00:24:04.790544,18.20,45.50,100.00,100.00
2026-05-15T00:24:04.894054,0.00,10.00,100.00,100.00
2026-05-15T00:24:04.997203,10.00,0.00,100.00,100.00
2026-05-15T00:24:05.101080,10.00,10.00,100.00,100.00
2026-05-15T00:24:05.204910,0.00,9.10,100.00,100.00
2026-05-15T00:24:05.308443,11.10,30.00,100.00,100.00
2026-05-15T00:24:05.412060,16.70,9.10,100.00,100.00
2026-05-15T00:24:05.515671,0.00,0.00,100.00,100.00
2026-05-15T00:24:05.618813,9.10,9.10,100.00,100.00
2026-05-15T00:24:05.722316,0.00,9.10,100.00,100.00
2026-05-15T00:24:05.825663,25.00,55.60,100.00,100.00
2026-05-15T00:24:05.928746,0.00,0.00,100.00,100.00
2026-05-15T00:24:06.032941,0.00,16.70,100.00,100.00
2026-05-15T00:24:06.136251,10.00,10.00,100.00,100.00
2026-05-15T00:24:06.239314,0.00,0.00,100.00,100.00
2026-05-15T00:24:06.343269,18.20,9.10,100.00,100.00
2026-05-15T00:24:06.446543,10.00,44.40,100.00,100.00
2026-05-15T00:24:06.550096,18.20,18.20,100.00,100.00
2026-05-15T00:24:06.653157,0.00,0.00,100.00,100.00
2026-05-15T00:24:06.756766,18.20,10.00,100.00,100.00
2026-05-15T00:24:06.860032,18.20,54.50,100.00,100.00
2026-05-15T00:24:06.963199,9.10,18.20,100.00,100.00
2026-05-15T00:24:07.066857,0.00,0.00,100.00,100.00
2026-05-15T00:24:07.170163,0.00,10.00,100.00,100.00
2026-05-15T00:24:07.273750,18.20,10.00,100.00,100.00
2026-05-15T00:24:07.377995,10.00,27.30,100.00,100.00
2026-05-15T00:24:07.481225,0.00,45.50,100.00,100.00
2026-05-15T00:24:07.584713,9.10,0.00,100.00,100.00
2026-05-15T00:24:07.688037,0.00,0.00,100.00,100.00
2026-05-15T00:24:07.792943,0.00,16.70,100.00,100.00
2026-05-15T00:24:07.896316,20.00,50.00,100.00,100.00
2026-05-15T00:24:07.999803,0.00,16.70,100.00,100.00
2026-05-15T00:24:08.103373,0.00,0.00,100.00,100.00
