timestamp,core0,core1,core2,core3
2026-05-13T11:19:02.296625,12.60,13.90,11.80,22.40
2026-05-13T11:19:02.397472,16.70,0.00,100.00,100.00
2026-05-13T11:19:02.498350,23.10,0.00,100.00,100.00
2026-05-13T11:19:02.602400,16.70,0.00,100.00,100.00
2026-05-13T11:19:02.703249,0.00,0.00,100.00,100.00
2026-05-13T11:19:02.806895,0.00,16.70,100.00,100.00
2026-05-13T11:19:02.907708,0.00,0.00,100.00,100.00
2026-05-13T11:19:03.008493,9.10,0.00,100.00,100.00
2026-05-13T11:19:03.112120,0.00,0.00,100.00,100.00
2026-05-13T11:19:03.212926,0.00,9.10,100.00,100.00
2026-05-13T11:19:03.316532,9.10,0.00,100.00,100.00
2026-05-13T11:19:03.417404,0.00,0.00,100.00,100.00
2026-05-13T11:19:03.518263,0.00,0.00,100.00,100.00
2026-05-13T11:19:03.621851,0.00,10.00,100.00,100.00
2026-05-13T11:19:03.722745,0.00,0.00,100.00,100.00
2026-05-13T11:19:03.826495,9.10,0.00,100.00,100.00
2026-05-13T11:19:03.927363,0.00,9.10,100.00,100.00
2026-05-13T11:19:04.028226,0.00,0.00,100.00,100.00
2026-05-13T11:19:04.131949,9.10,16.70,100.00,100.00
2026-05-13T11:19:04.232790,10.00,0.00,100.00,100.00
2026-05-13T11:19:04.336549,0.00,9.10,100.00,100.00
2026-05-13T11:19:04.437454,0.00,0.00,100.00,100.00
2026-05-13T11:19:04.538372,0.00,0.00,100.00,100.00
2026-05-13T11:19:04.642049,9.10,0.00,100.00,100.00
2026-05-13T11:19:04.742972,0.00,0.00,100.00,100.00
2026-05-13T11:19:04.846722,0.00,9.10,100.00,100.00
2026-05-13T11:19:04.947609,0.00,0.00,100.00,100.00
2026-05-13T11:19:05.048519,0.00,0.00,100.00,100.00
2026-05-13T11:19:05.152343,0.00,0.00,100.00,100.00
2026-05-13T11:19:05.253240,0.00,0.00,100.00,100.00
2026-05-13T11:19:05.357120,0.00,16.70,100.00,100.00
2026-05-13T11:19:05.457967,0.00,0.00,100.00,100.00
2026-05-13T11:19:05.558827,0.00,0.00,100.00,100.00
2026-05-13T11:19:05.662446,0.00,0.00,100.00,100.00
2026-05-13T11:19:05.763276,0.00,0.00,100.00,100.00
2026-05-13T11:19:05.866875,0.00,0.00,100.00,100.00
2026-05-13T11:19:05.967656,9.10,9.10,100.00,100.00
2026-05-13T11:19:06.068458,0.00,0.00,100.00,100.00
2026-05-13T11:19:06.172071,9.10,0.00,100.00,100.00
2026-05-13T11:19:06.272882,9.10,10.00,100.00,100.00
2026-05-13T11:19:06.376402,0.00,9.10,100.00,100.00
2026-05-13T11:19:06.477245,0.00,9.10,100.00,100.00
2026-05-13T11:19:06.578056,0.00,0.00,100.00,100.00
2026-05-13T11:19:06.681945,0.00,0.00,100.00,100.00
2026-05-13T11:19:06.782773,0.00,0.00,100.00,100.00
2026-05-13T11:19:06.886490,0.00,0.00,100.00,100.00
2026-05-13T11:19:06.987345,0.00,0.00,100.00,100.00
2026-05-13T11:19:07.088192,0.00,0.00,100.00,100.00
2026-05-13T11:19:07.191892,0.00,9.10,100.00,100.00
2026-05-13T11:19:07.292772,0.00,0.00,100.00,100.00
2026-05-13T11:19:07.396291,9.10,0.00,100.00,100.00
2026-05-13T11:19:07.497164,0.00,0.00,100.00,100.00
2026-05-13T11:19:07.597997,0.00,0.00,100.00,100.00
2026-05-13T11:19:07.701619,0.00,9.10,100.00,100.00
2026-05-13T11:19:07.802452,10.00,0.00,100.00,100.00
2026-05-13T11:19:07.906166,10.00,10.00,100.00,100.00
2026-05-13T11:19:08.007020,9.10,18.20,100.00,100.00
2026-05-13T11:19:08.107867,0.00,0.00,100.00,100.00
2026-05-13T11:19:08.211466,0.00,0.00,100.00,100.00
2026-05-13T11:19:08.312321,10.00,10.00,100.00,100.00
2026-05-13T11:19:08.415828,9.10,9.10,100.00,100.00
2026-05-13T11:19:08.516668,9.10,0.00,100.00,100.00
2026-05-13T11:19:08.617488,9.10,0.00,100.00,100.00
2026-05-13T11:19:08.721223,0.00,0.00,100.00,100.00
2026-05-13T11:19:08.822048,0.00,0.00,100.00,100.00
2026-05-13T11:19:08.925493,0.00,0.00,100.00,100.00
2026-05-13T11:19:09.026317,0.00,0.00,100.00,100.00
2026-05-13T11:19:09.127145,9.10,0.00,100.00,100.00
2026-05-13T11:19:09.230646,0.00,0.00,100.00,100.00
2026-05-13T11:19:09.331462,0.00,0.00,100.00,100.00
2026-05-13T11:19:09.434877,0.00,9.10,100.00,100.00
2026-05-13T11:19:09.535659,0.00,0.00,100.00,100.00
2026-05-13T11:19:09.636470,0.00,0.00,100.00,100.00
2026-05-13T11:19:09.740174,9.10,9.10,100.00,100.00
2026-05-13T11:19:09.840956,0.00,0.00,100.00,100.00
2026-05-13T11:19:09.944445,0.00,0.00,100.00,100.00
2026-05-13T11:19:10.045253,0.00,0.00,100.00,100.00
2026-05-13T11:19:10.146131,0.00,0.00,100.00,100.00
2026-05-13T11:19:10.249950,0.00,9.10,100.00,100.00
2026-05-13T11:19:10.350699,0.00,0.00,100.00,100.00
2026-05-13T11:19:10.454229,16.70,0.00,100.00,100.00
2026-05-13T11:19:10.555013,0.00,0.00,100.00,100.00
2026-05-13T11:19:10.655783,9.10,0.00,100.00,100.00
2026-05-13T11:19:10.759482,0.00,0.00,100.00,100.00
2026-05-13T11:19:10.860306,0.00,0.00,100.00,100.00
2026-05-13T11:19:10.963960,0.00,0.00,100.00,100.00
2026-05-13T11:19:11.064781,0.00,0.00,100.00,100.00
2026-05-13T11:19:11.165587,0.00,9.10,100.00,100.00
2026-05-13T11:19:11.269156,0.00,0.00,100.00,100.00
2026-05-13T11:19:11.369973,9.10,0.00,100.00,100.00
2026-05-13T11:19:11.473521,0.00,0.00,100.00,100.00
2026-05-13T11:19:11.574319,0.00,0.00,100.00,100.00
2026-05-13T11:19:11.675126,0.00,0.00,100.00,100.00
2026-05-13T11:19:11.778674,0.00,8.30,100.00,100.00
2026-05-13T11:19:11.879456,0.00,0.00,100.00,100.00
2026-05-13T11:19:11.982849,9.10,8.30,100.00,100.00
2026-05-13T11:19:12.083707,0.00,0.00,100.00,100.00
2026-05-13T11:19:12.184545,0.00,0.00,100.00,100.00
2026-05-13T11:19:12.288173,0.00,0.00,100.00,100.00
2026-05-13T11:19:12.389025,0.00,10.00,100.00,100.00
2026-05-13T11:19:12.492517,0.00,0.00,100.00,100.00
2026-05-13T11:19:12.593325,9.10,0.00,100.00,100.00
2026-05-13T11:19:12.694137,0.00,0.00,100.00,100.00
2026-05-13T11:19:12.797862,10.00,0.00,100.00,100.00
2026-05-13T11:19:12.898750,18.20,0.00,100.00,100.00
2026-05-13T11:19:13.002618,18.20,0.00,100.00,100.00
2026-05-13T11:19:13.103414,10.00,0.00,100.00,100.00
2026-05-13T11:19:13.204195,10.00,11.10,100.00,100.00
2026-05-13T11:19:13.308142,25.00,10.00,100.00,100.00
2026-05-13T11:19:13.408958,18.20,12.50,100.00,100.00
2026-05-13T11:19:13.512699,10.00,11.10,100.00,100.00
2026-05-13T11:19:13.613519,11.10,0.00,100.00,100.00
2026-05-13T11:19:13.714387,18.20,0.00,100.00,100.00
2026-05-13T11:19:13.818064,18.20,20.00,100.00,100.00
2026-05-13T11:19:13.918888,20.00,0.00,100.00,100.00
2026-05-13T11:19:14.024989,18.20,10.00,100.00,100.00
2026-05-13T11:19:14.125751,10.00,0.00,100.00,100.00
2026-05-13T11:19:14.226566,10.00,0.00,100.00,100.00
2026-05-13T11:19:14.330522,20.00,20.00,100.00,100.00
2026-05-13T11:19:14.431372,18.20,0.00,100.00,100.00
2026-05-13T11:19:14.535444,27.30,11.10,100.00,100.00
2026-05-13T11:19:14.636227,10.00,0.00,100.00,100.00
2026-05-13T11:19:14.736984,11.10,11.10,100.00,100.00
2026-05-13T11:19:14.840684,18.20,10.00,100.00,100.00
2026-05-13T11:19:14.941515,18.20,11.10,100.00,100.00
2026-05-13T11:19:15.045274,10.00,0.00,100.00,100.00
2026-05-13T11:19:15.146078,11.10,0.00,100.00,100.00
2026-05-13T11:19:15.246913,10.00,0.00,100.00,100.00
2026-05-13T11:19:15.350510,10.00,0.00,100.00,100.00
2026-05-13T11:19:15.451309,18.20,0.00,100.00,100.00
2026-05-13T11:19:15.555013,10.00,0.00,100.00,100.00
2026-05-13T11:19:15.655833,10.00,0.00,100.00,100.00
2026-05-13T11:19:15.756727,20.00,0.00,100.00,100.00
2026-05-13T11:19:15.860319,18.20,0.00,100.00,100.00
2026-05-13T11:19:15.961087,10.00,0.00,100.00,100.00
2026-05-13T11:19:16.064842,18.20,10.00,100.00,100.00
2026-05-13T11:19:16.165625,20.00,0.00,100.00,100.00
2026-05-13T11:19:16.266451,10.00,11.10,100.00,100.00
2026-05-13T11:19:16.370392,10.00,0.00,100.00,100.00
2026-05-13T11:19:16.471230,20.00,0.00,100.00,100.00
2026-05-13T11:19:16.575081,9.10,0.00,100.00,100.00
2026-05-13T11:19:16.675929,11.10,10.00,100.00,100.00
2026-05-13T11:19:16.776837,18.20,0.00,100.00,100.00
2026-05-13T11:19:16.880868,10.00,0.00,100.00,100.00
2026-05-13T11:19:16.981665,25.00,0.00,100.00,100.00
2026-05-13T11:19:17.085397,18.20,0.00,100.00,100.00
2026-05-13T11:19:17.186213,11.10,0.00,100.00,100.00
2026-05-13T11:19:17.287217,18.20,11.10,100.00,100.00
2026-05-13T11:19:17.390723,18.20,0.00,100.00,100.00
2026-05-13T11:19:17.491534,10.00,0.00,100.00,100.00
2026-05-13T11:19:17.595415,11.10,10.00,100.00,100.00
2026-05-13T11:19:17.696209,18.20,0.00,100.00,100.00
2026-05-13T11:19:17.797067,25.00,0.00,100.00,100.00
2026-05-13T11:19:17.901024,10.00,10.00,100.00,100.00
2026-05-13T11:19:18.001808,11.10,0.00,100.00,100.00
2026-05-13T11:19:18.105566,18.20,0.00,100.00,100.00
2026-05-13T11:19:18.206375,10.00,0.00,100.00,100.00
2026-05-13T11:19:18.307167,11.10,11.10,100.00,100.00
2026-05-13T11:19:18.410661,20.00,11.10,100.00,100.00
2026-05-13T11:19:18.511488,10.00,10.00,100.00,100.00
2026-05-13T11:19:18.614943,18.20,0.00,100.00,100.00
2026-05-13T11:19:18.715837,10.00,0.00,100.00,100.00
2026-05-13T11:19:18.816662,10.00,0.00,100.00,100.00
2026-05-13T11:19:18.920516,11.10,0.00,100.00,100.00
2026-05-13T11:19:19.021423,10.00,0.00,100.00,100.00
2026-05-13T11:19:19.125039,10.00,10.00,100.00,100.00
2026-05-13T11:19:19.225822,10.00,11.10,100.00,100.00
2026-05-13T11:19:19.326690,11.10,0.00,100.00,100.00
2026-05-13T11:19:19.430377,18.20,0.00,100.00,100.00
2026-05-13T11:19:19.531192,18.20,0.00,100.00,100.00
2026-05-13T11:19:19.634863,18.20,0.00,100.00,100.00
2026-05-13T11:19:19.735721,0.00,0.00,100.00,100.00
2026-05-13T11:19:19.836497,10.00,0.00,100.00,100.00
2026-05-13T11:19:19.940511,10.00,11.10,100.00,100.00
2026-05-13T11:19:20.041332,11.10,10.00,100.00,100.00
2026-05-13T11:19:20.145438,10.00,0.00,100.00,100.00
2026-05-13T11:19:20.246219,10.00,0.00,100.00,100.00
2026-05-13T11:19:20.347013,20.00,0.00,100.00,100.00
2026-05-13T11:19:20.450695,18.20,10.00,100.00,100.00
2026-05-13T11:19:20.551520,10.00,0.00,100.00,100.00
2026-05-13T11:19:20.655536,10.00,0.00,100.00,100.00
2026-05-13T11:19:20.756395,18.20,0.00,100.00,100.00
2026-05-13T11:19:20.857232,10.00,10.00,100.00,100.00
2026-05-13T11:19:20.961167,10.00,0.00,100.00,100.00
2026-05-13T11:19:21.061974,11.10,0.00,100.00,100.00
2026-05-13T11:19:21.166003,10.00,0.00,100.00,100.00
2026-05-13T11:19:21.266813,10.00,0.00,100.00,100.00
2026-05-13T11:19:21.367689,10.00,10.00,100.00,100.00
2026-05-13T11:19:21.471542,10.00,11.10,100.00,100.00
2026-05-13T11:19:21.572445,20.00,0.00,100.00,100.00
2026-05-13T11:19:21.676854,10.00,0.00,100.00,100.00
2026-05-13T11:19:21.777704,10.00,0.00,100.00,100.00
2026-05-13T11:19:21.878574,20.00,0.00,100.00,100.00
2026-05-13T11:19:21.983082,10.00,0.00,100.00,100.00
2026-05-13T11:19:22.083884,10.00,10.00,100.00,100.00
2026-05-13T11:19:22.187821,18.20,0.00,100.00,100.00
2026-05-13T11:19:22.288682,10.00,0.00,100.00,100.00
2026-05-13T11:19:22.389496,11.10,0.00,100.00,100.00
2026-05-13T11:19:22.493559,10.00,10.00,100.00,100.00
2026-05-13T11:19:22.594506,10.00,11.10,100.00,100.00
2026-05-13T11:19:22.698185,27.30,0.00,100.00,100.00
2026-05-13T11:19:22.798963,10.00,0.00,100.00,100.00
2026-05-13T11:19:22.899914,18.20,0.00,100.00,100.00
2026-05-13T11:19:23.003569,11.10,0.00,100.00,100.00
2026-05-13T11:19:23.104399,18.20,0.00,100.00,100.00
2026-05-13T11:19:23.208288,18.20,11.10,100.00,100.00
2026-05-13T11:19:23.309120,10.00,0.00,100.00,100.00
2026-05-13T11:19:23.409996,27.30,0.00,100.00,100.00
2026-05-13T11:19:23.514307,10.00,0.00,100.00,100.00
2026-05-13T11:19:23.615104,10.00,0.00,100.00,100.00
2026-05-13T11:19:23.718747,20.00,0.00,100.00,100.00
2026-05-13T11:19:23.819559,18.20,0.00,100.00,100.00
2026-05-13T11:19:23.920479,10.00,10.00,100.00,100.00
2026-05-13T11:19:24.024267,18.20,0.00,100.00,100.00
2026-05-13T11:19:24.125048,0.00,0.00,100.00,100.00
2026-05-13T11:19:24.228938,18.20,0.00,100.00,100.00
2026-05-13T11:19:24.329776,11.10,0.00,100.00,100.00
2026-05-13T11:19:24.430684,18.20,11.10,100.00,100.00
2026-05-13T11:19:24.534657,18.20,0.00,100.00,100.00
2026-05-13T11:19:24.635493,10.00,0.00,100.00,100.00
2026-05-13T11:19:24.739274,11.10,0.00,100.00,100.00
2026-05-13T11:19:24.840056,10.00,0.00,100.00,100.00
2026-05-13T11:19:24.940843,10.00,0.00,100.00,100.00
2026-05-13T11:19:25.045132,27.30,11.10,100.00,100.00
2026-05-13T11:19:25.145979,0.00,0.00,100.00,100.00
2026-05-13T11:19:25.250026,10.00,0.00,100.00,100.00
2026-05-13T11:19:25.350815,11.10,0.00,100.00,100.00
2026-05-13T11:19:25.451681,10.00,10.00,100.00,100.00
2026-05-13T11:19:25.555508,18.20,0.00,100.00,100.00
2026-05-13T11:19:25.656339,18.20,0.00,100.00,100.00
2026-05-13T11:19:25.760896,20.00,10.00,100.00,100.00
2026-05-13T11:19:25.861715,10.00,10.00,100.00,100.00
2026-05-13T11:19:25.962514,18.20,0.00,100.00,100.00
2026-05-13T11:19:26.066470,0.00,0.00,100.00,100.00
2026-05-13T11:19:26.167273,11.10,0.00,100.00,100.00
2026-05-13T11:19:26.271260,18.20,10.00,100.00,100.00
2026-05-13T11:19:26.372044,10.00,0.00,100.00,100.00
2026-05-13T11:19:26.472826,20.00,0.00,100.00,100.00
2026-05-13T11:19:26.577259,10.00,0.00,100.00,100.00
2026-05-13T11:19:26.678068,10.00,0.00,100.00,100.00
2026-05-13T11:19:26.782618,10.00,11.10,100.00,100.00
2026-05-13T11:19:26.883468,10.00,0.00,100.00,100.00
2026-05-13T11:19:26.984239,20.00,11.10,100.00,100.00
2026-05-13T11:19:27.088230,10.00,0.00,100.00,100.00
2026-05-13T11:19:27.189074,18.20,0.00,100.00,100.00
2026-05-13T11:19:27.293441,10.00,20.00,100.00,100.00
2026-05-13T11:19:27.394337,10.00,0.00,100.00,100.00
2026-05-13T11:19:27.495183,20.00,0.00,100.00,100.00
2026-05-13T11:19:27.599337,10.00,0.00,100.00,100.00
2026-05-13T11:19:27.700177,20.00,12.50,100.00,100.00
2026-05-13T11:19:27.806592,42.90,50.00,100.00,100.00
2026-05-13T11:19:27.907700,42.90,40.00,100.00,100.00
2026-05-13T11:19:28.009041,33.30,50.00,100.00,100.00
2026-05-13T11:19:28.115156,44.40,50.00,100.00,100.00
2026-05-13T11:19:28.216247,33.30,57.10,100.00,100.00
2026-05-13T11:19:28.322615,50.00,50.00,100.00,100.00
2026-05-13T11:19:28.423686,42.90,42.90,100.00,100.00
2026-05-13T11:19:28.524590,33.30,57.10,100.00,100.00
2026-05-13T11:19:28.629063,28.60,42.90,100.00,100.00
2026-05-13T11:19:28.730173,37.50,42.90,100.00,100.00
2026-05-13T11:19:28.834972,37.50,33.30,100.00,100.00
2026-05-13T11:19:28.936054,28.60,42.90,100.00,100.00
2026-05-13T11:19:29.037158,33.30,28.60,100.00,100.00
2026-05-13T11:19:29.142488,37.50,42.90,100.00,100.00
2026-05-13T11:19:29.243598,37.50,16.70,100.00,100.00
2026-05-13T11:19:29.348773,42.90,50.00,100.00,100.00
2026-05-13T11:19:29.449954,37.50,33.30,100.00,100.00
2026-05-13T11:19:29.550931,37.50,37.50,100.00,100.00
2026-05-13T11:19:29.655791,50.00,33.30,100.00,100.00
2026-05-13T11:19:29.756722,28.60,33.30,100.00,100.00
2026-05-13T11:19:29.863616,28.60,50.00,100.00,100.00
2026-05-13T11:19:29.964556,33.30,16.70,100.00,100.00
2026-05-13T11:19:30.065508,28.60,42.90,100.00,100.00
2026-05-13T11:19:30.171122,37.50,42.90,100.00,100.00
2026-05-13T11:19:30.272043,33.30,33.30,100.00,100.00
2026-05-13T11:19:30.376896,37.50,33.30,100.00,100.00
2026-05-13T11:19:30.477763,28.60,28.60,100.00,100.00
2026-05-13T11:19:30.578685,28.60,33.30,100.00,100.00
2026-05-13T11:19:30.684371,42.90,50.00,100.00,100.00
2026-05-13T11:19:30.785452,42.90,42.90,100.00,100.00
2026-05-13T11:19:30.890269,50.00,40.00,100.00,100.00
2026-05-13T11:19:30.991249,33.30,42.90,100.00,100.00
2026-05-13T11:19:31.092466,42.90,42.90,100.00,100.00
2026-05-13T11:19:31.196981,28.60,57.10,100.00,100.00
2026-05-13T11:19:31.297911,50.00,42.90,100.00,100.00
2026-05-13T11:19:31.403277,42.90,33.30,100.00,100.00
2026-05-13T11:19:31.504150,37.50,57.10,100.00,100.00
2026-05-13T11:19:31.605065,28.60,33.30,100.00,100.00
2026-05-13T11:19:31.710049,42.90,20.00,100.00,100.00
2026-05-13T11:19:31.811065,28.60,50.00,100.00,100.00
2026-05-13T11:19:31.916442,44.40,28.60,100.00,100.00
2026-05-13T11:19:32.017374,37.50,40.00,100.00,100.00
2026-05-13T11:19:32.118448,28.60,33.30,100.00,100.00
2026-05-13T11:19:32.224077,50.00,62.50,100.00,100.00
2026-05-13T11:19:32.325087,42.90,50.00,100.00,100.00
2026-05-13T11:19:32.430154,37.50,50.00,100.00,100.00
2026-05-13T11:19:32.531248,42.90,33.30,100.00,100.00
2026-05-13T11:19:32.632130,33.30,50.00,100.00,100.00
2026-05-13T11:19:32.737013,28.60,42.90,100.00,100.00
2026-05-13T11:19:32.838077,50.00,33.30,100.00,100.00
2026-05-13T11:19:32.944107,37.50,33.30,100.00,100.00
2026-05-13T11:19:33.045114,28.60,42.90,100.00,100.00
2026-05-13T11:19:33.146180,33.30,28.60,100.00,100.00
2026-05-13T11:19:33.251542,37.50,42.90,100.00,100.00
2026-05-13T11:19:33.352452,0.00,20.00,100.00,100.00
2026-05-13T11:19:33.457365,37.50,50.00,100.00,100.00
2026-05-13T11:19:33.558310,28.60,33.30,100.00,100.00
2026-05-13T11:19:33.659335,33.30,42.90,100.00,100.00
2026-05-13T11:19:33.764978,37.50,42.90,100.00,100.00
2026-05-13T11:19:33.866056,50.00,57.10,100.00,100.00
2026-05-13T11:19:33.971790,33.30,50.00,100.00,100.00
2026-05-13T11:19:34.072725,42.90,42.90,100.00,100.00
2026-05-13T11:19:34.173749,42.90,42.90,100.00,100.00
2026-05-13T11:19:34.280826,55.60,57.10,100.00,100.00
2026-05-13T11:19:34.381636,42.90,40.00,100.00,100.00
2026-05-13T11:19:34.486633,42.90,50.00,100.00,100.00
2026-05-13T11:19:34.587775,42.90,40.00,100.00,100.00
2026-05-13T11:19:34.688675,37.50,33.30,100.00,100.00
2026-05-13T11:19:34.793289,33.30,37.50,100.00,100.00
2026-05-13T11:19:34.894410,28.60,20.00,100.00,100.00
2026-05-13T11:19:34.998890,37.50,42.90,100.00,100.00
2026-05-13T11:19:35.099985,20.00,33.30,100.00,100.00
2026-05-13T11:19:35.201187,28.60,50.00,100.00,100.00
2026-05-13T11:19:35.306118,37.50,33.30,100.00,100.00
2026-05-13T11:19:35.407172,42.90,42.90,100.00,100.00
2026-05-13T11:19:35.512557,37.50,37.50,100.00,100.00
2026-05-13T11:19:35.613573,28.60,33.30,100.00,100.00
2026-05-13T11:19:35.714480,33.30,20.00,100.00,100.00
2026-05-13T11:19:35.819442,37.50,42.90,100.00,100.00
2026-05-13T11:19:35.920366,28.60,33.30,100.00,100.00
2026-05-13T11:19:36.024774,42.90,42.90,100.00,100.00
2026-05-13T11:19:36.125845,28.60,42.90,100.00,100.00
2026-05-13T11:19:36.226963,33.30,42.90,100.00,100.00
2026-05-13T11:19:36.331649,62.50,50.00,100.00,100.00
2026-05-13T11:19:36.432524,0.00,42.90,100.00,100.00
2026-05-13T11:19:36.537568,28.60,28.60,100.00,100.00
2026-05-13T11:19:36.638437,37.50,42.90,100.00,100.00
2026-05-13T11:19:36.739306,33.30,33.30,100.00,100.00
2026-05-13T11:19:36.845294,28.60,42.90,100.00,100.00
2026-05-13T11:19:36.946167,28.60,20.00,100.00,100.00
2026-05-13T11:19:37.050663,42.90,42.90,100.00,100.00
2026-05-13T11:19:37.151637,28.60,28.60,100.00,100.00
2026-05-13T11:19:37.252756,33.30,33.30,100.00,100.00
2026-05-13T11:19:37.358547,16.70,42.90,100.00,100.00
2026-05-13T11:19:37.459444,37.50,28.60,100.00,100.00
2026-05-13T11:19:37.564574,44.40,33.30,100.00,100.00
2026-05-13T11:19:37.665524,16.70,42.90,100.00,100.00
2026-05-13T11:19:37.766488,33.30,33.30,100.00,100.00
2026-05-13T11:19:37.871153,28.60,20.00,100.00,100.00
2026-05-13T11:19:37.972081,28.60,42.90,100.00,100.00
2026-05-13T11:19:38.076960,33.30,42.90,100.00,100.00
2026-05-13T11:19:38.178132,28.60,42.90,100.00,100.00
2026-05-13T11:19:38.279202,50.00,62.50,100.00,100.00
2026-05-13T11:19:38.384767,57.10,57.10,100.00,100.00
2026-05-13T11:19:38.486014,42.90,50.00,100.00,100.00
2026-05-13T11:19:38.591439,42.90,42.90,100.00,100.00
2026-05-13T11:19:38.692409,42.90,33.30,100.00,100.00
2026-05-13T11:19:38.793573,50.00,42.90,100.00,100.00
2026-05-13T11:19:38.899443,28.60,50.00,100.00,100.00
2026-05-13T11:19:39.000449,20.00,33.30,100.00,100.00
2026-05-13T11:19:39.105465,37.50,42.90,100.00,100.00
2026-05-13T11:19:39.206558,42.90,28.60,100.00,100.00
2026-05-13T11:19:39.307508,28.60,33.30,100.00,100.00
2026-05-13T11:19:39.413134,20.00,33.30,100.00,100.00
2026-05-13T11:19:39.514136,42.90,50.00,100.00,100.00
2026-05-13T11:19:39.619172,33.30,33.30,100.00,100.00
2026-05-13T11:19:39.720171,28.60,42.90,100.00,100.00
2026-05-13T11:19:39.821021,42.90,33.30,100.00,100.00
2026-05-13T11:19:39.925787,50.00,42.90,100.00,100.00
2026-05-13T11:19:40.026812,0.00,42.90,100.00,100.00
2026-05-13T11:19:40.131861,44.40,42.90,100.00,100.00
2026-05-13T11:19:40.232765,28.60,20.00,100.00,100.00
2026-05-13T11:19:40.333900,33.30,42.90,100.00,100.00
2026-05-13T11:19:40.439540,33.30,42.90,100.00,100.00
2026-05-13T11:19:40.540623,37.50,28.60,100.00,100.00
2026-05-13T11:19:40.646059,42.90,28.60,100.00,100.00
2026-05-13T11:19:40.747223,28.60,20.00,100.00,100.00
2026-05-13T11:19:40.848358,33.30,16.70,100.00,100.00
2026-05-13T11:19:40.953429,28.60,50.00,100.00,100.00
2026-05-13T11:19:41.054373,37.50,20.00,100.00,100.00
2026-05-13T11:19:41.160236,42.90,55.60,100.00,100.00
2026-05-13T11:19:41.261457,42.90,50.00,100.00,100.00
2026-05-13T11:19:41.362729,55.60,55.60,100.00,100.00
2026-05-13T11:19:41.467186,50.00,42.90,100.00,100.00
2026-05-13T11:19:41.568224,42.90,57.10,100.00,100.00
2026-05-13T11:19:41.672585,33.30,50.00,100.00,100.00
2026-05-13T11:19:41.773587,33.30,42.90,100.00,100.00
2026-05-13T11:19:41.874551,42.90,42.90,100.00,100.00
2026-05-13T11:19:41.979434,42.90,33.30,100.00,100.00
2026-05-13T11:19:42.080400,28.60,42.90,100.00,100.00
2026-05-13T11:19:42.184999,37.50,16.70,100.00,100.00
2026-05-13T11:19:42.285928,33.30,42.90,100.00,100.00
2026-05-13T11:19:42.386903,33.30,44.40,100.00,100.00
2026-05-13T11:19:42.491233,28.60,20.00,100.00,100.00
2026-05-13T11:19:42.592418,42.90,44.40,100.00,100.00
2026-05-13T11:19:42.698444,50.00,42.90,100.00,100.00
2026-05-13T11:19:42.870573,93.30,85.70,88.20,100.00
2026-05-13T11:19:42.976170,72.70,62.50,62.50,100.00
2026-05-13T11:19:43.077385,71.40,62.50,75.00,100.00
2026-05-13T11:19:43.178443,66.70,62.50,66.70,100.00
2026-05-13T11:19:43.285561,75.00,66.70,62.50,100.00
2026-05-13T11:19:43.386931,66.70,57.10,66.70,100.00
2026-05-13T11:19:43.491931,71.40,62.50,62.50,100.00
2026-05-13T11:19:43.593527,66.70,57.10,71.40,100.00
2026-05-13T11:19:43.694602,77.80,75.00,66.70,100.00
2026-05-13T11:19:43.799550,77.80,66.70,77.80,100.00
2026-05-13T11:19:43.900675,77.80,66.70,75.00,100.00
2026-05-13T11:19:44.006961,70.00,66.70,70.00,100.00
2026-05-13T11:19:44.108076,71.40,62.50,57.10,100.00
2026-05-13T11:19:44.209179,70.00,57.10,75.00,100.00
2026-05-13T11:19:44.314980,77.80,70.00,70.00,100.00
2026-05-13T11:19:44.416223,72.70,62.50,75.00,100.00
2026-05-13T11:19:44.522158,77.80,62.50,66.70,100.00
2026-05-13T11:19:44.623666,80.00,62.50,77.80,100.00
2026-05-13T11:19:44.724769,80.00,77.80,75.00,100.00
2026-05-13T11:19:44.831179,87.50,77.80,72.70,100.00
2026-05-13T11:19:44.932458,72.70,62.50,75.00,100.00
2026-05-13T11:19:45.038520,80.00,57.10,62.50,100.00
2026-05-13T11:19:45.139735,75.00,62.50,77.80,100.00
2026-05-13T11:19:45.240973,66.70,57.10,57.10,100.00
2026-05-13T11:19:45.346211,71.40,57.10,66.70,100.00
2026-05-13T11:19:45.447432,70.00,62.50,62.50,100.00
2026-05-13T11:19:45.553565,70.00,60.00,70.00,100.00
2026-05-13T11:19:45.655104,75.00,57.10,71.40,100.00
2026-05-13T11:19:45.756416,77.80,57.10,62.50,100.00
2026-05-13T11:19:45.860969,70.00,62.50,66.70,100.00
2026-05-13T11:19:45.962243,75.00,66.70,77.80,100.00
2026-05-13T11:19:46.069636,77.80,62.50,62.50,100.00
2026-05-13T11:19:46.170813,70.00,77.80,80.00,100.00
2026-05-13T11:19:46.272498,88.90,70.00,77.80,100.00
2026-05-13T11:19:46.379186,77.80,77.80,80.00,100.00
2026-05-13T11:19:46.480379,77.80,57.10,62.50,100.00
2026-05-13T11:19:46.585292,66.70,62.50,75.00,100.00
2026-05-13T11:19:46.686377,80.00,62.50,62.50,100.00
2026-05-13T11:19:46.787454,66.70,57.10,62.50,100.00
2026-05-13T11:19:46.893834,77.80,72.70,77.80,100.00
2026-05-13T11:19:46.995040,77.80,62.50,62.50,100.00
2026-05-13T11:19:47.100216,66.70,62.50,66.70,100.00
2026-05-13T11:19:47.201468,62.50,66.70,75.00,100.00
2026-05-13T11:19:47.302739,77.80,71.40,77.80,100.00
2026-05-13T11:19:47.407566,88.90,70.00,70.00,100.00
2026-05-13T11:19:47.508984,66.70,66.70,71.40,100.00
2026-05-13T11:19:47.616280,77.80,57.10,72.70,100.00
2026-05-13T11:19:47.717480,72.70,62.50,71.40,100.00
2026-05-13T11:19:47.818634,75.00,66.70,62.50,100.00
2026-05-13T11:19:47.924856,80.00,75.00,77.80,100.00
2026-05-13T11:19:48.025840,66.70,66.70,66.70,100.00
2026-05-13T11:19:48.130998,75.00,62.50,66.70,100.00
2026-05-13T11:19:48.232117,75.00,71.40,71.40,100.00
2026-05-13T11:19:48.333755,66.70,66.70,70.00,100.00
2026-05-13T11:19:48.440443,75.00,66.70,77.80,100.00
2026-05-13T11:19:48.541874,80.00,75.00,75.00,100.00
2026-05-13T11:19:48.648680,77.80,66.70,75.00,100.00
2026-05-13T11:19:48.750060,71.40,75.00,66.70,100.00
2026-05-13T11:19:48.851461,81.80,77.80,75.00,100.00
2026-05-13T11:19:48.957487,77.80,70.00,77.80,100.00
2026-05-13T11:19:49.058561,75.00,75.00,70.00,100.00
2026-05-13T11:19:49.162921,81.80,66.70,75.00,100.00
2026-05-13T11:19:49.264397,75.00,71.40,70.00,100.00
2026-05-13T11:19:49.365450,70.00,57.10,71.40,100.00
2026-05-13T11:19:49.470246,75.00,62.50,62.50,100.00
2026-05-13T11:19:49.571237,77.80,66.70,66.70,100.00
2026-05-13T11:19:49.677666,66.70,57.10,66.70,100.00
2026-05-13T11:19:49.778792,80.00,62.50,71.40,100.00
2026-05-13T11:19:49.879823,62.50,62.50,66.70,100.00
2026-05-13T11:19:49.985699,77.80,66.70,66.70,100.00
2026-05-13T11:19:50.086922,70.00,62.50,71.40,100.00
2026-05-13T11:19:50.192491,75.00,66.70,70.00,100.00
2026-05-13T11:19:50.293768,70.00,62.50,66.70,100.00
2026-05-13T11:19:50.394891,75.00,57.10,62.50,100.00
2026-05-13T11:19:50.500246,72.70,70.00,77.80,100.00
2026-05-13T11:19:50.601466,66.70,62.50,62.50,100.00
2026-05-13T11:19:50.707758,80.00,75.00,66.70,100.00
2026-05-13T11:19:50.808891,80.00,66.70,75.00,100.00
2026-05-13T11:19:50.910155,75.00,62.50,66.70,100.00
2026-05-13T11:19:51.017042,77.80,75.00,77.80,100.00
2026-05-13T11:19:51.118326,72.70,62.50,66.70,100.00
2026-05-13T11:19:51.223172,71.40,62.50,71.40,100.00
2026-05-13T11:19:51.324217,70.00,66.70,66.70,100.00
2026-05-13T11:19:51.425150,62.50,62.50,57.10,100.00
2026-05-13T11:19:51.530381,80.00,62.50,75.00,100.00
2026-05-13T11:19:51.631733,88.90,75.00,70.00,100.00
2026-05-13T11:19:51.737944,66.70,70.00,77.80,100.00
2026-05-13T11:19:51.838994,77.80,62.50,66.70,100.00
2026-05-13T11:19:51.940031,75.00,62.50,71.40,100.00
2026-05-13T11:19:52.045072,62.50,62.50,70.00,100.00
2026-05-13T11:19:52.146456,77.80,62.50,66.70,100.00
2026-05-13T11:19:52.251152,70.00,62.50,75.00,100.00
2026-05-13T11:19:52.352543,75.00,70.00,70.00,100.00
2026-05-13T11:19:52.453662,62.50,50.00,62.50,100.00
2026-05-13T11:19:52.559946,77.80,62.50,66.70,100.00
2026-05-13T11:19:52.661354,66.70,62.50,66.70,100.00
2026-05-13T11:19:52.766860,80.00,66.70,66.70,100.00
2026-05-13T11:19:52.868004,66.70,62.50,66.70,100.00
2026-05-13T11:19:52.968972,75.00,57.10,62.50,100.00
2026-05-13T11:19:53.074074,66.70,66.70,71.40,100.00
2026-05-13T11:19:53.175501,77.80,55.60,57.10,100.00
2026-05-13T11:19:53.281449,80.00,71.40,70.00,100.00
2026-05-13T11:19:53.382603,66.70,57.10,75.00,100.00
2026-05-13T11:19:53.483781,80.00,70.00,70.00,100.00
2026-05-13T11:19:53.588272,75.00,66.70,66.70,100.00
2026-05-13T11:19:53.689494,80.00,57.10,71.40,100.00
2026-05-13T11:19:53.795968,77.80,66.70,77.80,100.00
2026-05-13T11:19:53.896989,81.80,75.00,75.00,100.00
2026-05-13T11:19:53.998138,77.80,66.70,70.00,100.00
2026-05-13T11:19:54.105137,77.80,75.00,77.80,100.00
2026-05-13T11:19:54.206052,77.80,66.70,66.70,100.00
2026-05-13T11:19:54.311498,66.70,66.70,75.00,100.00
2026-05-13T11:19:54.412856,71.40,57.10,57.10,100.00
2026-05-13T11:19:54.513930,80.00,66.70,70.00,100.00
2026-05-13T11:19:54.620769,77.80,62.50,75.00,100.00
2026-05-13T11:19:54.722075,75.00,66.70,66.70,100.00
2026-05-13T11:19:54.827910,66.70,62.50,66.70,100.00
2026-05-13T11:19:54.929066,75.00,62.50,66.70,100.00
2026-05-13T11:19:55.030226,70.00,62.50,71.40,100.00
2026-05-13T11:19:55.136194,71.40,62.50,70.00,100.00
2026-05-13T11:19:55.237400,80.00,71.40,75.00,100.00
2026-05-13T11:19:55.344698,80.00,66.70,62.50,100.00
2026-05-13T11:19:55.446493,77.80,66.70,77.80,100.00
2026-05-13T11:19:55.548017,88.90,75.00,75.00,100.00
2026-05-13T11:19:55.655173,80.00,70.00,70.00,100.00
2026-05-13T11:19:55.756271,66.70,62.50,62.50,100.00
2026-05-13T11:19:55.861586,77.80,66.70,75.00,100.00
2026-05-13T11:19:55.962793,75.00,62.50,66.70,100.00
2026-05-13T11:19:56.064067,66.70,57.10,70.00,100.00
2026-05-13T11:19:56.172050,80.00,66.70,71.40,100.00
2026-05-13T11:19:56.273582,77.80,66.70,66.70,100.00
2026-05-13T11:19:56.378970,75.00,75.00,80.00,100.00
2026-05-13T11:19:56.480338,81.80,70.00,75.00,100.00
2026-05-13T11:19:56.581399,77.80,71.40,70.00,100.00
2026-05-13T11:19:56.687457,72.70,62.50,77.80,100.00
2026-05-13T11:19:56.788583,75.00,66.70,66.70,100.00
2026-05-13T11:19:56.894836,66.70,50.00,66.70,100.00
2026-05-13T11:19:56.996147,75.00,62.50,66.70,100.00
2026-05-13T11:19:57.097228,66.70,62.50,75.00,100.00
2026-05-13T11:19:57.203257,75.00,62.50,62.50,100.00
2026-05-13T11:19:57.304395,70.00,57.10,66.70,100.00
2026-05-13T11:19:57.409958,77.80,62.50,66.70,100.00
2026-05-13T11:19:57.511140,62.50,57.10,75.00,100.00
2026-05-13T11:19:57.612525,66.70,60.00,70.00,100.00
2026-05-13T11:19:57.717227,50.00,33.30,42.90,100.00
2026-05-13T11:19:57.818337,28.60,28.60,28.60,100.00
2026-05-13T11:19:57.923107,28.60,14.30,25.00,100.00
2026-05-13T11:19:58.024133,28.60,37.50,28.60,100.00
2026-05-13T11:19:58.125154,28.60,28.60,16.70,100.00
2026-05-13T11:19:58.230474,33.30,28.60,37.50,100.00
2026-05-13T11:19:58.331467,44.40,42.90,42.90,100.00
2026-05-13T11:19:58.436461,37.50,37.50,37.50,100.00
2026-05-13T11:19:58.537425,16.70,28.60,28.60,100.00
2026-05-13T11:19:58.638324,37.50,16.70,37.50,100.00
2026-05-13T11:19:58.743149,37.50,33.30,28.60,100.00
2026-05-13T11:19:58.844034,37.50,28.60,28.60,100.00
2026-05-13T11:19:58.949448,37.50,28.60,16.70,100.00
2026-05-13T11:19:59.050398,28.60,28.60,37.50,100.00
2026-05-13T11:19:59.151345,37.50,25.00,25.00,100.00
2026-05-13T11:19:59.255883,28.60,28.60,28.60,100.00
2026-05-13T11:19:59.356971,37.50,16.70,16.70,100.00
2026-05-13T11:19:59.462056,42.90,28.60,37.50,100.00
2026-05-13T11:19:59.563140,28.60,37.50,28.60,100.00
2026-05-13T11:19:59.664101,44.40,28.60,28.60,100.00
2026-05-13T11:19:59.768567,28.60,25.00,28.60,100.00
2026-05-13T11:19:59.869595,0.00,37.50,16.70,100.00
2026-05-13T11:19:59.974261,28.60,28.60,28.60,100.00
2026-05-13T11:20:00.075253,42.90,16.70,37.50,100.00
2026-05-13T11:20:00.176123,37.50,37.50,16.70,100.00
2026-05-13T11:20:00.280547,37.50,37.50,28.60,100.00
2026-05-13T11:20:00.381581,28.60,28.60,37.50,100.00
2026-05-13T11:20:00.486294,28.60,25.00,28.60,100.00
2026-05-13T11:20:00.587311,37.50,37.50,25.00,100.00
2026-05-13T11:20:00.688501,28.60,28.60,16.70,100.00
2026-05-13T11:20:00.793426,28.60,25.00,37.50,100.00
2026-05-13T11:20:00.894508,16.70,37.50,16.70,100.00
2026-05-13T11:20:00.998753,44.40,37.50,28.60,100.00
2026-05-13T11:20:01.099863,16.70,25.00,28.60,100.00
2026-05-13T11:20:01.200847,33.30,28.60,28.60,100.00
2026-05-13T11:20:01.306453,37.50,37.50,28.60,100.00
2026-05-13T11:20:01.407277,37.50,16.70,28.60,100.00
2026-05-13T11:20:01.512206,28.60,28.60,37.50,100.00
2026-05-13T11:20:01.613210,37.50,14.30,0.00,100.00
2026-05-13T11:20:01.714390,28.60,28.60,37.50,100.00
2026-05-13T11:20:01.819545,50.00,37.50,37.50,100.00
2026-05-13T11:20:01.920512,16.70,16.70,28.60,100.00
2026-05-13T11:20:02.025489,37.50,28.60,28.60,100.00
2026-05-13T11:20:02.126674,37.50,25.00,0.00,100.00
2026-05-13T11:20:02.227580,28.60,28.60,37.50,100.00
2026-05-13T11:20:02.332076,42.90,28.60,44.40,100.00
2026-05-13T11:20:02.433064,28.60,16.70,16.70,100.00
2026-05-13T11:20:02.538747,16.70,44.40,37.50,100.00
2026-05-13T11:20:02.639780,16.70,28.60,28.60,100.00
2026-05-13T11:20:02.740833,50.00,28.60,28.60,100.00
2026-05-13T11:20:02.845266,28.60,28.60,44.40,100.00
2026-05-13T11:20:02.946399,28.60,25.00,16.70,100.00
2026-05-13T11:20:03.050652,28.60,37.50,28.60,100.00
2026-05-13T11:20:03.151758,37.50,16.70,37.50,100.00
2026-05-13T11:20:03.252798,28.60,37.50,14.30,100.00
2026-05-13T11:20:03.357920,37.50,14.30,0.00,100.00
2026-05-13T11:20:03.459002,16.70,28.60,37.50,100.00
2026-05-13T11:20:03.565003,37.50,44.40,28.60,100.00
2026-05-13T11:20:03.666021,37.50,16.70,28.60,100.00
2026-05-13T11:20:03.767169,28.60,40.00,28.60,100.00
2026-05-13T11:20:03.872067,28.60,28.60,28.60,100.00
2026-05-13T11:20:03.973241,37.50,16.70,0.00,100.00
2026-05-13T11:20:04.079222,28.60,25.00,28.60,100.00
2026-05-13T11:20:04.180656,37.50,37.50,37.50,100.00
2026-05-13T11:20:04.281672,33.30,28.60,28.60,100.00
2026-05-13T11:20:04.386584,25.00,37.50,28.60,100.00
2026-05-13T11:20:04.487605,37.50,25.00,28.60,100.00
2026-05-13T11:20:04.592455,28.60,37.50,28.60,100.00
2026-05-13T11:20:04.693499,33.30,16.70,37.50,100.00
2026-05-13T11:20:04.794410,37.50,28.60,16.70,100.00
2026-05-13T11:20:04.899139,37.50,37.50,28.60,100.00
2026-05-13T11:20:05.000160,28.60,37.50,44.40,100.00
2026-05-13T11:20:05.106838,44.40,25.00,37.50,100.00
2026-05-13T11:20:05.208216,50.00,37.50,28.60,100.00
2026-05-13T11:20:05.309204,28.60,33.30,28.60,100.00
2026-05-13T11:20:05.413199,28.60,25.00,28.60,100.00
2026-05-13T11:20:05.514439,42.90,37.50,37.50,100.00
2026-05-13T11:20:05.619693,25.00,28.60,28.60,100.00
2026-05-13T11:20:05.720741,42.90,28.60,16.70,100.00
2026-05-13T11:20:05.821774,37.50,37.50,28.60,100.00
2026-05-13T11:20:05.926686,37.50,33.30,44.40,100.00
2026-05-13T11:20:06.027676,28.60,28.60,28.60,100.00
2026-05-13T11:20:06.132219,37.50,16.70,33.30,100.00
2026-05-13T11:20:06.233218,33.30,37.50,20.00,100.00
2026-05-13T11:20:06.334257,14.30,14.30,28.60,100.00
2026-05-13T11:20:06.439040,42.90,28.60,28.60,100.00
2026-05-13T11:20:06.540123,33.30,16.70,25.00,100.00
2026-05-13T11:20:06.644647,28.60,33.30,16.70,100.00
2026-05-13T11:20:06.745715,28.60,37.50,16.70,100.00
2026-05-13T11:20:06.846634,37.50,16.70,28.60,100.00
2026-05-13T11:20:06.952192,28.60,40.00,37.50,100.00
2026-05-13T11:20:07.053394,28.60,16.70,14.30,100.00
2026-05-13T11:20:07.159242,28.60,33.30,28.60,100.00
2026-05-13T11:20:07.260207,33.30,28.60,28.60,100.00
2026-05-13T11:20:07.361304,42.90,37.50,37.50,100.00
2026-05-13T11:20:07.466016,28.60,28.60,25.00,100.00
2026-05-13T11:20:07.566901,16.70,33.30,16.70,100.00
2026-05-13T11:20:07.671869,25.00,16.70,28.60,100.00
2026-05-13T11:20:07.772867,28.60,33.30,37.50,100.00
2026-05-13T11:20:07.873873,16.70,16.70,28.60,100.00
2026-05-13T11:20:07.979184,50.00,28.60,28.60,100.00
2026-05-13T11:20:08.080087,37.50,28.60,28.60,100.00
2026-05-13T11:20:08.184930,28.60,44.40,33.30,100.00
2026-05-13T11:20:08.285757,28.60,14.30,28.60,100.00
2026-05-13T11:20:08.386680,28.60,33.30,28.60,100.00
2026-05-13T11:20:08.491261,55.60,44.40,42.90,100.00
2026-05-13T11:20:08.592279,0.00,28.60,44.40,100.00
2026-05-13T11:20:08.697888,37.50,28.60,28.60,100.00
2026-05-13T11:20:08.799125,37.50,28.60,28.60,100.00
2026-05-13T11:20:08.900111,20.00,28.60,28.60,100.00
2026-05-13T11:20:09.004790,45.50,25.00,28.60,100.00
2026-05-13T11:20:09.105826,16.70,28.60,37.50,100.00
2026-05-13T11:20:09.210080,28.60,28.60,14.30,100.00
2026-05-13T11:20:09.310952,28.60,25.00,37.50,100.00
2026-05-13T11:20:09.412186,42.90,28.60,33.30,100.00
2026-05-13T11:20:09.516457,28.60,37.50,25.00,100.00
2026-05-13T11:20:09.617543,44.40,28.60,28.60,100.00
2026-05-13T11:20:09.721907,28.60,28.60,16.70,100.00
2026-05-13T11:20:09.823060,28.60,28.60,37.50,100.00
2026-05-13T11:20:09.924012,28.60,25.00,28.60,100.00
2026-05-13T11:20:10.028193,28.60,37.50,28.60,100.00
2026-05-13T11:20:10.129544,37.50,16.70,37.50,100.00
2026-05-13T11:20:10.234894,33.30,28.60,28.60,100.00
2026-05-13T11:20:10.335909,25.00,33.30,16.70,100.00
2026-05-13T11:20:10.436941,37.50,28.60,33.30,100.00
2026-05-13T11:20:10.542479,42.90,16.70,44.40,100.00
2026-05-13T11:20:10.643423,28.60,33.30,28.60,100.00
2026-05-13T11:20:10.749049,44.40,28.60,16.70,100.00
2026-05-13T11:20:10.850007,16.70,28.60,28.60,100.00
2026-05-13T11:20:10.951010,37.50,28.60,16.70,100.00
2026-05-13T11:20:11.055927,28.60,37.50,28.60,100.00
2026-05-13T11:20:11.157050,28.60,25.00,28.60,100.00
2026-05-13T11:20:11.262162,37.50,16.70,28.60,100.00
2026-05-13T11:20:11.363265,44.40,16.70,28.60,100.00
2026-05-13T11:20:11.464286,28.60,28.60,33.30,100.00
2026-05-13T11:20:11.569050,37.50,37.50,28.60,100.00
2026-05-13T11:20:11.669926,28.60,25.00,28.60,100.00
2026-05-13T11:20:11.774231,16.70,37.50,37.50,100.00
2026-05-13T11:20:11.875086,37.50,16.70,16.70,100.00
2026-05-13T11:20:11.976112,33.30,37.50,37.50,100.00
2026-05-13T11:20:12.081022,25.00,28.60,16.70,100.00
2026-05-13T11:20:12.182004,37.50,33.30,37.50,100.00
2026-05-13T11:20:12.286955,42.90,16.70,28.60,100.00
2026-05-13T11:20:12.388171,37.50,28.60,44.40,100.00
2026-05-13T11:20:12.489389,28.60,28.60,16.70,100.00
2026-05-13T11:20:12.594654,37.50,37.50,37.50,100.00
2026-05-13T11:20:12.695669,28.60,14.30,28.60,100.00
2026-05-13T11:20:12.872948,35.70,28.60,38.50,100.00
2026-05-13T11:20:12.923456,0.00,33.30,100.00,100.00
2026-05-13T11:20:13.024426,33.30,28.60,100.00,100.00
2026-05-13T11:20:13.128458,14.30,14.30,100.00,100.00
2026-05-13T11:20:13.229235,25.00,28.60,100.00,100.00
2026-05-13T11:20:13.333625,14.30,14.30,100.00,100.00
2026-05-13T11:20:13.434829,28.60,16.70,100.00,100.00
2026-05-13T11:20:13.535729,25.00,14.30,100.00,100.00
2026-05-13T11:20:13.639930,14.30,28.60,100.00,100.00
2026-05-13T11:20:13.740830,25.00,16.70,100.00,100.00
2026-05-13T11:20:13.845606,16.70,16.70,100.00,100.00
2026-05-13T11:20:13.946400,25.00,25.00,100.00,100.00
2026-05-13T11:20:14.047309,16.70,16.70,100.00,100.00
2026-05-13T11:20:14.151991,25.00,14.30,100.00,100.00
2026-05-13T11:20:14.252888,25.00,28.60,100.00,100.00
2026-05-13T11:20:14.357582,25.00,16.70,100.00,100.00
2026-05-13T11:20:14.458454,14.30,25.00,100.00,100.00
2026-05-13T11:20:14.559413,16.70,0.00,100.00,100.00
2026-05-13T11:20:14.663535,25.00,25.00,100.00,100.00
2026-05-13T11:20:14.764450,14.30,16.70,100.00,100.00
2026-05-13T11:20:14.869016,25.00,14.30,100.00,100.00
2026-05-13T11:20:14.969821,25.00,16.70,100.00,100.00
2026-05-13T11:20:15.070849,0.00,14.30,100.00,100.00
2026-05-13T11:20:15.175436,25.00,28.60,100.00,100.00
2026-05-13T11:20:15.276421,16.70,25.00,100.00,100.00
2026-05-13T11:20:15.380526,14.30,0.00,100.00,100.00
2026-05-13T11:20:15.481345,25.00,37.50,100.00,100.00
2026-05-13T11:20:15.582321,14.30,14.30,100.00,100.00
2026-05-13T11:20:15.686808,14.30,16.70,100.00,100.00
2026-05-13T11:20:15.787738,37.50,33.30,100.00,100.00
2026-05-13T11:20:15.891886,14.30,16.70,100.00,100.00
2026-05-13T11:20:15.992737,16.70,16.70,100.00,100.00
2026-05-13T11:20:16.093692,25.00,14.30,100.00,100.00
2026-05-13T11:20:16.198017,33.30,37.50,100.00,100.00
2026-05-13T11:20:16.298831,14.30,14.30,100.00,100.00
2026-05-13T11:20:16.403023,25.00,28.60,100.00,100.00
2026-05-13T11:20:16.503939,16.70,16.70,100.00,100.00
2026-05-13T11:20:16.604736,14.30,14.30,100.00,100.00
2026-05-13T11:20:16.709266,25.00,37.50,100.00,100.00
2026-05-13T11:20:16.810023,25.00,0.00,100.00,100.00
2026-05-13T11:20:16.914311,33.30,37.50,100.00,100.00
2026-05-13T11:20:17.015193,16.70,14.30,100.00,100.00
2026-05-13T11:20:17.116074,14.30,16.70,100.00,100.00
2026-05-13T11:20:17.220660,25.00,37.50,100.00,100.00
2026-05-13T11:20:17.321516,14.30,0.00,100.00,100.00
2026-05-13T11:20:17.425862,25.00,37.50,100.00,100.00
2026-05-13T11:20:17.526883,14.30,0.00,100.00,100.00
2026-05-13T11:20:17.627738,28.60,16.70,100.00,100.00
2026-05-13T11:20:17.732152,14.30,28.60,100.00,100.00
2026-05-13T11:20:17.833065,37.50,28.60,100.00,100.00
2026-05-13T11:20:17.937779,16.70,28.60,100.00,100.00
2026-05-13T11:20:18.038637,25.00,16.70,100.00,100.00
2026-05-13T11:20:18.139506,16.70,16.70,100.00,100.00
2026-05-13T11:20:18.244397,25.00,28.60,100.00,100.00
2026-05-13T11:20:18.345510,28.60,33.30,100.00,100.00
2026-05-13T11:20:18.449968,14.30,25.00,100.00,100.00
2026-05-13T11:20:18.550900,28.60,16.70,100.00,100.00
2026-05-13T11:20:18.651864,14.30,14.30,100.00,100.00
2026-05-13T11:20:18.756820,14.30,37.50,100.00,100.00
2026-05-13T11:20:18.857748,16.70,0.00,100.00,100.00
2026-05-13T11:20:18.962573,33.30,44.40,100.00,100.00
2026-05-13T11:20:19.063479,28.60,16.70,100.00,100.00
2026-05-13T11:20:19.164568,16.70,28.60,100.00,100.00
2026-05-13T11:20:19.269904,28.60,44.40,100.00,100.00
2026-05-13T11:20:19.370948,33.30,16.70,100.00,100.00
2026-05-13T11:20:19.476402,28.60,28.60,100.00,100.00
2026-05-13T11:20:19.577225,14.30,28.60,100.00,100.00
2026-05-13T11:20:19.678254,14.30,16.70,100.00,100.00
2026-05-13T11:20:19.782479,16.70,28.60,100.00,100.00
2026-05-13T11:20:19.883434,14.30,16.70,100.00,100.00
2026-05-13T11:20:19.988142,33.30,14.30,100.00,100.00
2026-05-13T11:20:20.089018,25.00,37.50,100.00,100.00
2026-05-13T11:20:20.189921,28.60,28.60,100.00,100.00
2026-05-13T11:20:20.294469,25.00,25.00,100.00,100.00
2026-05-13T11:20:20.395482,25.00,28.60,100.00,100.00
2026-05-13T11:20:20.499866,14.30,14.30,100.00,100.00
2026-05-13T11:20:20.600777,25.00,16.70,100.00,100.00
2026-05-13T11:20:20.701605,14.30,25.00,100.00,100.00
2026-05-13T11:20:20.806067,28.60,28.60,100.00,100.00
2026-05-13T11:20:20.906991,33.30,16.70,100.00,100.00
2026-05-13T11:20:21.011199,25.00,25.00,100.00,100.00
2026-05-13T11:20:21.112193,14.30,28.60,100.00,100.00
2026-05-13T11:20:21.213207,14.30,0.00,100.00,100.00
2026-05-13T11:20:21.317819,14.30,28.60,100.00,100.00
2026-05-13T11:20:21.418715,28.60,16.70,100.00,100.00
2026-05-13T11:20:21.522771,25.00,25.00,100.00,100.00
2026-05-13T11:20:21.623689,14.30,16.70,100.00,100.00
2026-05-13T11:20:21.724608,37.50,28.60,100.00,100.00
2026-05-13T11:20:21.828727,37.50,28.60,100.00,100.00
2026-05-13T11:20:21.929539,14.30,28.60,100.00,100.00
2026-05-13T11:20:22.034281,25.00,28.60,100.00,100.00
2026-05-13T11:20:22.135079,16.70,14.30,100.00,100.00
2026-05-13T11:20:22.236149,25.00,28.60,100.00,100.00
2026-05-13T11:20:22.340898,14.30,25.00,100.00,100.00
2026-05-13T11:20:22.441917,40.00,28.60,100.00,100.00
2026-05-13T11:20:22.546164,25.00,28.60,100.00,100.00
2026-05-13T11:20:22.647055,28.60,14.30,100.00,100.00
2026-05-13T11:20:22.748057,28.60,16.70,100.00,100.00
2026-05-13T11:20:22.853401,14.30,28.60,100.00,100.00
2026-05-13T11:20:22.954539,28.60,28.60,100.00,100.00
2026-05-13T11:20:23.059641,37.50,42.90,100.00,100.00
2026-05-13T11:20:23.160699,16.70,37.50,100.00,100.00
2026-05-13T11:20:23.261585,14.30,0.00,100.00,100.00
2026-05-13T11:20:23.367272,33.30,37.50,100.00,100.00
2026-05-13T11:20:23.468308,28.60,16.70,100.00,100.00
2026-05-13T11:20:23.572898,25.00,25.00,100.00,100.00
2026-05-13T11:20:23.673967,14.30,28.60,100.00,100.00
2026-05-13T11:20:23.774861,25.00,14.30,100.00,100.00
2026-05-13T11:20:23.879434,25.00,16.70,100.00,100.00
2026-05-13T11:20:23.980264,37.50,28.60,100.00,100.00
2026-05-13T11:20:24.084827,25.00,25.00,100.00,100.00
2026-05-13T11:20:24.185704,14.30,0.00,100.00,100.00
2026-05-13T11:20:24.286574,16.70,37.50,100.00,100.00
2026-05-13T11:20:24.391497,33.30,25.00,100.00,100.00
2026-05-13T11:20:24.492530,0.00,28.60,100.00,100.00
2026-05-13T11:20:24.597148,33.30,28.60,100.00,100.00
2026-05-13T11:20:24.698057,28.60,0.00,100.00,100.00
2026-05-13T11:20:24.799232,37.50,16.70,100.00,100.00
2026-05-13T11:20:24.904015,0.00,28.60,100.00,100.00
2026-05-13T11:20:25.005041,25.00,14.30,100.00,100.00
2026-05-13T11:20:25.110220,33.30,28.60,100.00,100.00
2026-05-13T11:20:25.211165,33.30,25.00,100.00,100.00
2026-05-13T11:20:25.312026,16.70,16.70,100.00,100.00
2026-05-13T11:20:25.416893,25.00,25.00,100.00,100.00
2026-05-13T11:20:25.518010,14.30,16.70,100.00,100.00
2026-05-13T11:20:25.622415,25.00,37.50,100.00,100.00
2026-05-13T11:20:25.723285,14.30,0.00,100.00,100.00
2026-05-13T11:20:25.824174,37.50,16.70,100.00,100.00
2026-05-13T11:20:25.929538,14.30,37.50,100.00,100.00
2026-05-13T11:20:26.030449,25.00,25.00,100.00,100.00
2026-05-13T11:20:26.135241,25.00,0.00,100.00,100.00
2026-05-13T11:20:26.236143,14.30,28.60,100.00,100.00
2026-05-13T11:20:26.337043,25.00,14.30,100.00,100.00
2026-05-13T11:20:26.441658,25.00,28.60,100.00,100.00
2026-05-13T11:20:26.542556,37.50,14.30,100.00,100.00
2026-05-13T11:20:26.647778,25.00,16.70,100.00,100.00
2026-05-13T11:20:26.748613,14.30,16.70,100.00,100.00
2026-05-13T11:20:26.849594,25.00,25.00,100.00,100.00
2026-05-13T11:20:26.954475,40.00,28.60,100.00,100.00
2026-05-13T11:20:27.055400,0.00,14.30,100.00,100.00
2026-05-13T11:20:27.159516,25.00,28.60,100.00,100.00
2026-05-13T11:20:27.260399,14.30,14.30,100.00,100.00
2026-05-13T11:20:27.361422,28.60,28.60,100.00,100.00
2026-05-13T11:20:27.466644,14.30,28.60,100.00,100.00
2026-05-13T11:20:27.567529,33.30,0.00,100.00,100.00
2026-05-13T11:20:27.672028,14.30,28.60,100.00,100.00
2026-05-13T11:20:27.772921,33.30,28.60,100.00,100.00
2026-05-13T11:20:27.873921,37.50,33.30,100.00,100.00
2026-05-13T11:20:27.979503,42.90,33.30,100.00,100.00
2026-05-13T11:20:28.080441,28.60,37.50,100.00,100.00
2026-05-13T11:20:28.185932,28.60,50.00,100.00,100.00
2026-05-13T11:20:28.287141,20.00,28.60,100.00,100.00
2026-05-13T11:20:28.388180,42.90,57.10,100.00,100.00
2026-05-13T11:20:28.494633,28.60,28.60,100.00,100.00
2026-05-13T11:20:28.595506,33.30,33.30,100.00,100.00
2026-05-13T11:20:28.700821,28.60,28.60,100.00,100.00
2026-05-13T11:20:28.801682,37.50,42.90,100.00,100.00
2026-05-13T11:20:28.902766,37.50,50.00,100.00,100.00
2026-05-13T11:20:29.007050,50.00,16.70,100.00,100.00
2026-05-13T11:20:29.108000,28.60,42.90,100.00,100.00
2026-05-13T11:20:29.213483,28.60,20.00,100.00,100.00
2026-05-13T11:20:29.314411,33.30,44.40,100.00,100.00
2026-05-13T11:20:29.415380,37.50,33.30,100.00,100.00
2026-05-13T11:20:29.520227,42.90,42.90,100.00,100.00
2026-05-13T11:20:29.621117,28.60,33.30,100.00,100.00
2026-05-13T11:20:29.725963,37.50,37.50,100.00,100.00
2026-05-13T11:20:29.827121,28.60,33.30,100.00,100.00
2026-05-13T11:20:29.928040,33.30,42.90,100.00,100.00
2026-05-13T11:20:30.033231,37.50,33.30,100.00,100.00
2026-05-13T11:20:30.134649,44.40,50.00,100.00,100.00
2026-05-13T11:20:30.239747,33.30,28.60,100.00,100.00
2026-05-13T11:20:30.340745,33.30,42.90,100.00,100.00
2026-05-13T11:20:30.441647,37.50,40.00,100.00,100.00
2026-05-13T11:20:30.546030,42.90,28.60,100.00,100.00
2026-05-13T11:20:30.647028,28.60,50.00,100.00,100.00
2026-05-13T11:20:30.752014,33.30,33.30,100.00,100.00
2026-05-13T11:20:30.853033,44.40,37.50,100.00,100.00
2026-05-13T11:20:30.954118,20.00,42.90,100.00,100.00
2026-05-13T11:20:31.060435,50.00,40.00,100.00,100.00
2026-05-13T11:20:31.161398,42.90,50.00,100.00,100.00
2026-05-13T11:20:31.267064,28.60,33.30,100.00,100.00
2026-05-13T11:20:31.368073,28.60,16.70,100.00,100.00
2026-05-13T11:20:31.469007,20.00,50.00,100.00,100.00
2026-05-13T11:20:31.575037,50.00,33.30,100.00,100.00
2026-05-13T11:20:31.676004,20.00,42.90,100.00,100.00
2026-05-13T11:20:31.781251,57.10,57.10,100.00,100.00
2026-05-13T11:20:31.882421,33.30,50.00,100.00,100.00
2026-05-13T11:20:31.983245,42.90,42.90,100.00,100.00
2026-05-13T11:20:32.089012,37.50,42.90,100.00,100.00
2026-05-13T11:20:32.190070,42.90,42.90,100.00,100.00
2026-05-13T11:20:32.295465,42.90,50.00,100.00,100.00
2026-05-13T11:20:32.396262,42.90,42.90,100.00,100.00
2026-05-13T11:20:32.497137,50.00,33.30,100.00,100.00
2026-05-13T11:20:32.601930,42.90,50.00,100.00,100.00
2026-05-13T11:20:32.702845,33.30,40.00,100.00,100.00
2026-05-13T11:20:32.807918,42.90,55.60,100.00,100.00
2026-05-13T11:20:32.909056,33.30,50.00,100.00,100.00
2026-05-13T11:20:33.010072,55.60,50.00,100.00,100.00
2026-05-13T11:20:33.116795,50.00,57.10,100.00,100.00
2026-05-13T11:20:33.217651,42.90,42.90,100.00,100.00
2026-05-13T11:20:33.322454,42.90,42.90,100.00,100.00
2026-05-13T11:20:33.423825,33.30,57.10,100.00,100.00
2026-05-13T11:20:33.524925,50.00,42.90,100.00,100.00
2026-05-13T11:20:33.630008,33.30,50.00,100.00,100.00
2026-05-13T11:20:33.731139,42.90,28.60,100.00,100.00
2026-05-13T11:20:33.836238,37.50,50.00,100.00,100.00
2026-05-13T11:20:33.937194,28.60,42.90,100.00,100.00
2026-05-13T11:20:34.038003,50.00,33.30,100.00,100.00
2026-05-13T11:20:34.142890,28.60,28.60,100.00,100.00
2026-05-13T11:20:34.243996,33.30,42.90,100.00,100.00
2026-05-13T11:20:34.349116,50.00,42.90,100.00,100.00
2026-05-13T11:20:34.450055,16.70,28.60,100.00,100.00
2026-05-13T11:20:34.550964,33.30,42.90,100.00,100.00
2026-05-13T11:20:34.655946,50.00,28.60,100.00,100.00
2026-05-13T11:20:34.756871,28.60,42.90,100.00,100.00
2026-05-13T11:20:34.862533,42.90,33.30,100.00,100.00
2026-05-13T11:20:34.963934,42.90,42.90,100.00,100.00
2026-05-13T11:20:35.064935,33.30,28.60,100.00,100.00
2026-05-13T11:20:35.169683,16.70,50.00,100.00,100.00
2026-05-13T11:20:35.270823,50.00,16.70,100.00,100.00
2026-05-13T11:20:35.375994,37.50,50.00,100.00,100.00
2026-05-13T11:20:35.476967,33.30,20.00,100.00,100.00
2026-05-13T11:20:35.577999,44.40,50.00,100.00,100.00
2026-05-13T11:20:35.683067,33.30,42.90,100.00,100.00
2026-05-13T11:20:35.784043,33.30,16.70,100.00,100.00
2026-05-13T11:20:35.889635,37.50,50.00,100.00,100.00
2026-05-13T11:20:35.990553,44.40,20.00,100.00,100.00
2026-05-13T11:20:36.091610,20.00,33.30,100.00,100.00
2026-05-13T11:20:36.196955,37.50,33.30,100.00,100.00
2026-05-13T11:20:36.298126,28.60,42.90,100.00,100.00
2026-05-13T11:20:36.402761,42.90,37.50,100.00,100.00
2026-05-13T11:20:36.503733,0.00,33.30,100.00,100.00
2026-05-13T11:20:36.604557,28.60,28.60,100.00,100.00
2026-05-13T11:20:36.709289,42.90,33.30,100.00,100.00
2026-05-13T11:20:36.810444,28.60,20.00,100.00,100.00
2026-05-13T11:20:36.915104,37.50,28.60,100.00,100.00
2026-05-13T11:20:37.016117,28.60,33.30,100.00,100.00
2026-05-13T11:20:37.116990,33.30,28.60,100.00,100.00
2026-05-13T11:20:37.221417,28.60,33.30,100.00,100.00
2026-05-13T11:20:37.322429,28.60,42.90,100.00,100.00
2026-05-13T11:20:37.427836,33.30,33.30,100.00,100.00
2026-05-13T11:20:37.528674,37.50,28.60,100.00,100.00
2026-05-13T11:20:37.629617,42.90,42.90,100.00,100.00
2026-05-13T11:20:37.734685,33.30,42.90,100.00,100.00
2026-05-13T11:20:37.835536,42.90,57.10,100.00,100.00
2026-05-13T11:20:37.940003,37.50,33.30,100.00,100.00
2026-05-13T11:20:38.040934,40.00,50.00,100.00,100.00
2026-05-13T11:20:38.141970,37.50,16.70,100.00,100.00
2026-05-13T11:20:38.247008,28.60,20.00,100.00,100.00
2026-05-13T11:20:38.348012,33.30,42.90,100.00,100.00
2026-05-13T11:20:38.453388,50.00,50.00,100.00,100.00
2026-05-13T11:20:38.554245,33.30,33.30,100.00,100.00
2026-05-13T11:20:38.655557,28.60,33.30,100.00,100.00
2026-05-13T11:20:38.760044,42.90,42.90,100.00,100.00
2026-05-13T11:20:38.861006,37.50,42.90,100.00,100.00
2026-05-13T11:20:38.966104,20.00,16.70,100.00,100.00
2026-05-13T11:20:39.067037,37.50,40.00,100.00,100.00
2026-05-13T11:20:39.167965,28.60,42.90,100.00,100.00
2026-05-13T11:20:39.272940,37.50,28.60,100.00,100.00
2026-05-13T11:20:39.374142,20.00,40.00,100.00,100.00
2026-05-13T11:20:39.479227,62.50,66.70,100.00,100.00
2026-05-13T11:20:39.580254,33.30,50.00,100.00,100.00
2026-05-13T11:20:39.681444,37.50,50.00,100.00,100.00
2026-05-13T11:20:39.785532,42.90,33.30,100.00,100.00
2026-05-13T11:20:39.886544,28.60,42.90,100.00,100.00
2026-05-13T11:20:39.991075,16.70,33.30,100.00,100.00
2026-05-13T11:20:40.092167,42.90,28.60,100.00,100.00
2026-05-13T11:20:40.193169,28.60,33.30,100.00,100.00
2026-05-13T11:20:40.298648,42.90,33.30,100.00,100.00
2026-05-13T11:20:40.399564,0.00,42.90,100.00,100.00
2026-05-13T11:20:40.504161,37.50,42.90,100.00,100.00
2026-05-13T11:20:40.605111,28.60,28.60,100.00,100.00
2026-05-13T11:20:40.706784,33.30,42.90,100.00,100.00
2026-05-13T11:20:40.811965,44.40,42.90,100.00,100.00
2026-05-13T11:20:40.912892,42.90,28.60,100.00,100.00
2026-05-13T11:20:41.017369,37.50,50.00,100.00,100.00
2026-05-13T11:20:41.118365,33.30,28.60,100.00,100.00
2026-05-13T11:20:41.219415,37.50,33.30,100.00,100.00
2026-05-13T11:20:41.324812,37.50,33.30,100.00,100.00
2026-05-13T11:20:41.425770,33.30,42.90,100.00,100.00
2026-05-13T11:20:41.530458,16.70,33.30,100.00,100.00
2026-05-13T11:20:41.631523,50.00,44.40,100.00,100.00
2026-05-13T11:20:41.732464,16.70,20.00,100.00,100.00
2026-05-13T11:20:41.837137,44.40,42.90,100.00,100.00
2026-05-13T11:20:41.938012,20.00,28.60,100.00,100.00
2026-05-13T11:20:42.042477,28.60,33.30,100.00,100.00
2026-05-13T11:20:42.143692,37.50,33.30,100.00,100.00
2026-05-13T11:20:42.244635,16.70,42.90,100.00,100.00
2026-05-13T11:20:42.349256,42.90,33.30,100.00,100.00
2026-05-13T11:20:42.450232,16.70,33.30,100.00,100.00
2026-05-13T11:20:42.554993,42.90,42.90,100.00,100.00
2026-05-13T11:20:42.656022,37.50,20.00,100.00,100.00
2026-05-13T11:20:42.756851,14.30,25.00,100.00,100.00
2026-05-13T11:20:42.861246,25.00,14.30,100.00,100.00
2026-05-13T11:20:42.962155,28.60,16.70,100.00,100.00
2026-05-13T11:20:43.066616,14.30,14.30,100.00,100.00
2026-05-13T11:20:43.167511,14.30,25.00,100.00,100.00
2026-05-13T11:20:43.268369,28.60,16.70,100.00,100.00
2026-05-13T11:20:43.373569,25.00,14.30,100.00,100.00
2026-05-13T11:20:43.474661,28.60,16.70,100.00,100.00
2026-05-13T11:20:43.578951,33.30,28.60,100.00,100.00
2026-05-13T11:20:43.679849,28.60,14.30,100.00,100.00
2026-05-13T11:20:43.780717,14.30,14.30,100.00,100.00
2026-05-13T11:20:43.885245,14.30,28.60,100.00,100.00
2026-05-13T11:20:43.986262,14.30,0.00,100.00,100.00
2026-05-13T11:20:44.090784,14.30,33.30,100.00,100.00
2026-05-13T11:20:44.191742,25.00,0.00,100.00,100.00
2026-05-13T11:20:44.292610,14.30,28.60,100.00,100.00
2026-05-13T11:20:44.398738,14.30,14.30,100.00,100.00
2026-05-13T11:20:44.499613,25.00,0.00,100.00,100.00
2026-05-13T11:20:44.604057,14.30,37.50,100.00,100.00
2026-05-13T11:20:44.704865,14.30,14.30,100.00,100.00
2026-05-13T11:20:44.805701,14.30,14.30,100.00,100.00
2026-05-13T11:20:44.909783,33.30,14.30,100.00,100.00
2026-05-13T11:20:45.010770,0.00,28.60,100.00,100.00
2026-05-13T11:20:45.115022,14.30,25.00,100.00,100.00
2026-05-13T11:20:45.215885,25.00,14.30,100.00,100.00
2026-05-13T11:20:45.316775,14.30,28.60,100.00,100.00
2026-05-13T11:20:45.421246,33.30,0.00,100.00,100.00
2026-05-13T11:20:45.522071,14.30,25.00,100.00,100.00
2026-05-13T11:20:45.626408,14.30,14.30,100.00,100.00
2026-05-13T11:20:45.727264,25.00,0.00,100.00,100.00
2026-05-13T11:20:45.828242,16.70,33.30,100.00,100.00
2026-05-13T11:20:45.933115,25.00,0.00,100.00,100.00
2026-05-13T11:20:46.034001,25.00,25.00,100.00,100.00
2026-05-13T11:20:46.138990,0.00,16.70,100.00,100.00
2026-05-13T11:20:46.239982,14.30,25.00,100.00,100.00
2026-05-13T11:20:46.340960,25.00,0.00,100.00,100.00
2026-05-13T11:20:46.445836,33.30,25.00,100.00,100.00
2026-05-13T11:20:46.546834,25.00,25.00,100.00,100.00
2026-05-13T11:20:46.651474,14.30,0.00,100.00,100.00
2026-05-13T11:20:46.752344,25.00,33.30,100.00,100.00
2026-05-13T11:20:46.853400,16.70,14.30,100.00,100.00
2026-05-13T11:20:46.957810,14.30,16.70,100.00,100.00
2026-05-13T11:20:47.058777,25.00,14.30,100.00,100.00
2026-05-13T11:20:47.163235,40.00,14.30,100.00,100.00
2026-05-13T11:20:47.264228,0.00,16.70,100.00,100.00
2026-05-13T11:20:47.365050,28.60,25.00,100.00,100.00
2026-05-13T11:20:47.470082,14.30,0.00,100.00,100.00
2026-05-13T11:20:47.571203,33.30,14.30,100.00,100.00
2026-05-13T11:20:47.675709,0.00,25.00,100.00,100.00
2026-05-13T11:20:47.776560,25.00,16.70,100.00,100.00
2026-05-13T11:20:47.877602,0.00,0.00,100.00,100.00
2026-05-13T11:20:47.981990,33.30,25.00,100.00,100.00
2026-05-13T11:20:48.082808,0.00,16.70,100.00,100.00
2026-05-13T11:20:48.186839,14.30,25.00,100.00,100.00
2026-05-13T11:20:48.287927,25.00,0.00,100.00,100.00
2026-05-13T11:20:48.388879,28.60,16.70,100.00,100.00
2026-05-13T11:20:48.493141,28.60,50.00,100.00,100.00
2026-05-13T11:20:48.594065,14.30,14.30,100.00,100.00
2026-05-13T11:20:48.698576,33.30,25.00,100.00,100.00
2026-05-13T11:20:48.799401,25.00,14.30,100.00,100.00
2026-05-13T11:20:48.900240,25.00,28.60,100.00,100.00
2026-05-13T11:20:49.005247,14.30,14.30,100.00,100.00
2026-05-13T11:20:49.106184,25.00,25.00,100.00,100.00
2026-05-13T11:20:49.210272,14.30,16.70,100.00,100.00
2026-05-13T11:20:49.311193,16.70,25.00,100.00,100.00
2026-05-13T11:20:49.412170,25.00,0.00,100.00,100.00
2026-05-13T11:20:49.516849,33.30,25.00,100.00,100.00
2026-05-13T11:20:49.617728,14.30,14.30,100.00,100.00
2026-05-13T11:20:49.722836,25.00,28.60,100.00,100.00
2026-05-13T11:20:49.823710,14.30,0.00,100.00,100.00
2026-05-13T11:20:49.924744,25.00,0.00,100.00,100.00
2026-05-13T11:20:50.029479,25.00,14.30,100.00,100.00
2026-05-13T11:20:50.130298,16.70,37.50,100.00,100.00
2026-05-13T11:20:50.234778,14.30,28.60,100.00,100.00
2026-05-13T11:20:50.335614,25.00,0.00,100.00,100.00
2026-05-13T11:20:50.436463,16.70,25.00,100.00,100.00
2026-05-13T11:20:50.541038,14.30,16.70,100.00,100.00
2026-05-13T11:20:50.641931,14.30,14.30,100.00,100.00
2026-05-13T11:20:50.746452,40.00,0.00,100.00,100.00
2026-05-13T11:20:50.847292,14.30,25.00,100.00,100.00
2026-05-13T11:20:50.948277,0.00,0.00,100.00,100.00
2026-05-13T11:20:51.052580,33.30,14.30,100.00,100.00
2026-05-13T11:20:51.153435,16.70,25.00,100.00,100.00
2026-05-13T11:20:51.258376,14.30,14.30,100.00,100.00
2026-05-13T11:20:51.359341,33.30,28.60,100.00,100.00
2026-05-13T11:20:51.460232,0.00,14.30,100.00,100.00
2026-05-13T11:20:51.564308,28.60,28.60,100.00,100.00
2026-05-13T11:20:51.665279,14.30,14.30,100.00,100.00
2026-05-13T11:20:51.769960,25.00,14.30,100.00,100.00
2026-05-13T11:20:51.870961,14.30,28.60,100.00,100.00
2026-05-13T11:20:51.971811,28.60,14.30,100.00,100.00
2026-05-13T11:20:52.076591,14.30,16.70,100.00,100.00
2026-05-13T11:20:52.177560,14.30,14.30,100.00,100.00
2026-05-13T11:20:52.281454,40.00,25.00,100.00,100.00
2026-05-13T11:20:52.382244,14.30,25.00,100.00,100.00
2026-05-13T11:20:52.483258,14.30,0.00,100.00,100.00
2026-05-13T11:20:52.587726,25.00,14.30,100.00,100.00
2026-05-13T11:20:52.688569,25.00,25.00,100.00,100.00
2026-05-13T11:20:52.792942,14.30,16.70,100.00,100.00
2026-05-13T11:20:52.893804,14.30,25.00,100.00,100.00
2026-05-13T11:20:52.994667,16.70,0.00,100.00,100.00
2026-05-13T11:20:53.099010,14.30,28.60,100.00,100.00
2026-05-13T11:20:53.199897,25.00,25.00,100.00,100.00
2026-05-13T11:20:53.305013,25.00,0.00,100.00,100.00
2026-05-13T11:20:53.405880,25.00,28.60,100.00,100.00
2026-05-13T11:20:53.506892,0.00,14.30,100.00,100.00
2026-05-13T11:20:53.612019,25.00,14.30,100.00,100.00
2026-05-13T11:20:53.712997,37.50,0.00,100.00,100.00
2026-05-13T11:20:53.817781,0.00,14.30,100.00,100.00
2026-05-13T11:20:53.918816,14.30,14.30,100.00,100.00
2026-05-13T11:20:54.019845,25.00,16.70,100.00,100.00
2026-05-13T11:20:54.124752,25.00,25.00,100.00,100.00
2026-05-13T11:20:54.225624,14.30,14.30,100.00,100.00
2026-05-13T11:20:54.329666,14.30,0.00,100.00,100.00
2026-05-13T11:20:54.430689,16.70,37.50,100.00,100.00
2026-05-13T11:20:54.531510,0.00,0.00,100.00,100.00
2026-05-13T11:20:54.635643,25.00,28.60,100.00,100.00
2026-05-13T11:20:54.736602,25.00,14.30,100.00,100.00
2026-05-13T11:20:54.841545,25.00,33.30,100.00,100.00
2026-05-13T11:20:54.942557,28.60,0.00,100.00,100.00
2026-05-13T11:20:55.043445,0.00,33.30,100.00,100.00
2026-05-13T11:20:55.147649,25.00,14.30,100.00,100.00
2026-05-13T11:20:55.248526,14.30,14.30,100.00,100.00
2026-05-13T11:20:55.353518,25.00,16.70,100.00,100.00
2026-05-13T11:20:55.454408,16.70,28.60,100.00,100.00
2026-05-13T11:20:55.555329,37.50,14.30,100.00,100.00
2026-05-13T11:20:55.659825,0.00,14.30,100.00,100.00
2026-05-13T11:20:55.760873,14.30,16.70,100.00,100.00
2026-05-13T11:20:55.865423,14.30,14.30,100.00,100.00
2026-05-13T11:20:55.966297,0.00,0.00,100.00,100.00
2026-05-13T11:20:56.067470,25.00,37.50,100.00,100.00
2026-05-13T11:20:56.171973,25.00,14.30,100.00,100.00
2026-05-13T11:20:56.272748,14.30,0.00,100.00,100.00
2026-05-13T11:20:56.377386,14.30,28.60,100.00,100.00
2026-05-13T11:20:56.478257,16.70,14.30,100.00,100.00
2026-05-13T11:20:56.579154,14.30,14.30,100.00,100.00
2026-05-13T11:20:56.683572,14.30,14.30,100.00,100.00
2026-05-13T11:20:56.784452,33.30,28.60,100.00,100.00
2026-05-13T11:20:56.889701,14.30,14.30,100.00,100.00
2026-05-13T11:20:56.990513,25.00,25.00,100.00,100.00
2026-05-13T11:20:57.091306,0.00,28.60,100.00,100.00
2026-05-13T11:20:57.196024,28.60,14.30,100.00,100.00
2026-05-13T11:20:57.296909,14.30,14.30,100.00,100.00
2026-05-13T11:20:57.401645,14.30,16.70,100.00,100.00
2026-05-13T11:20:57.502498,25.00,14.30,100.00,100.00
2026-05-13T11:20:57.603463,14.30,14.30,100.00,100.00
2026-05-13T11:20:57.707694,55.60,50.00,100.00,100.00
2026-05-13T11:20:57.877814,88.20,87.50,93.80,100.00
2026-05-13T11:20:57.982431,75.00,62.50,66.70,100.00
2026-05-13T11:20:58.083811,77.80,66.70,75.00,100.00
2026-05-13T11:20:58.189754,80.00,71.40,77.80,100.00
2026-05-13T11:20:58.291120,80.00,66.70,75.00,100.00
2026-05-13T11:20:58.393535,80.00,75.00,72.70,100.00
2026-05-13T11:20:58.500184,88.90,70.00,80.00,100.00
2026-05-13T11:20:58.601346,77.80,62.50,75.00,100.00
2026-05-13T11:20:58.707166,77.80,75.00,70.00,100.00
2026-05-13T11:20:58.808869,77.80,66.70,71.40,100.00
2026-05-13T11:20:58.910352,77.80,66.70,70.00,100.00
2026-05-13T11:20:59.016062,72.70,62.50,75.00,100.00
2026-05-13T11:20:59.117188,77.80,75.00,66.70,100.00
2026-05-13T11:20:59.223294,75.00,55.60,66.70,100.00
2026-05-13T11:20:59.324781,80.00,75.00,75.00,100.00
2026-05-13T11:20:59.425918,75.00,62.50,75.00,100.00
2026-05-13T11:20:59.532452,75.00,66.70,62.50,100.00
2026-05-13T11:20:59.633724,81.80,70.00,77.80,100.00
2026-05-13T11:20:59.738545,77.80,75.00,70.00,100.00
2026-05-13T11:20:59.839516,80.00,57.10,75.00,100.00
2026-05-13T11:20:59.940742,75.00,66.70,75.00,100.00
2026-05-13T11:21:00.045711,88.90,77.80,72.70,100.00
2026-05-13T11:21:00.146960,80.00,75.00,90.00,100.00
2026-05-13T11:21:00.253833,80.00,70.00,77.80,100.00
2026-05-13T11:21:00.354947,77.80,66.70,75.00,100.00
2026-05-13T11:21:00.456257,77.80,70.00,66.70,100.00
2026-05-13T11:21:00.562980,77.80,62.50,66.70,100.00
2026-05-13T11:21:00.664494,81.80,66.70,77.80,100.00
2026-05-13T11:21:00.770170,77.80,71.40,77.80,100.00
2026-05-13T11:21:00.871179,71.40,70.00,66.70,100.00
2026-05-13T11:21:00.972617,81.80,62.50,75.00,100.00
2026-05-13T11:21:01.078529,77.80,62.50,77.80,100.00
2026-05-13T11:21:01.179868,77.80,66.70,70.00,100.00
2026-05-13T11:21:01.286320,66.70,62.50,71.40,100.00
2026-05-13T11:21:01.387558,87.50,77.80,70.00,100.00
2026-05-13T11:21:01.488809,66.70,57.10,77.80,100.00
2026-05-13T11:21:01.594531,80.00,62.50,66.70,100.00
2026-05-13T11:21:01.695824,87.50,80.00,88.90,100.00
2026-05-13T11:21:01.803995,90.00,70.00,80.00,100.00
2026-05-13T11:21:01.905171,77.80,71.40,77.80,100.00
2026-05-13T11:21:02.006539,77.80,70.00,77.80,100.00
2026-05-13T11:21:02.112773,90.90,75.00,80.00,100.00
2026-05-13T11:21:02.214165,80.00,77.80,77.80,100.00
2026-05-13T11:21:02.319649,90.00,70.00,87.50,100.00
2026-05-13T11:21:02.420719,88.90,87.50,80.00,100.00
2026-05-13T11:21:02.521813,81.80,66.70,77.80,100.00
2026-05-13T11:21:02.626805,88.90,75.00,87.50,100.00
2026-05-13T11:21:02.727970,80.00,75.00,80.00,100.00
2026-05-13T11:21:02.833310,77.80,66.70,66.70,100.00
2026-05-13T11:21:02.934303,77.80,62.50,71.40,100.00
2026-05-13T11:21:03.035574,77.80,75.00,66.70,100.00
2026-05-13T11:21:03.142531,81.80,62.50,77.80,100.00
2026-05-13T11:21:03.244204,80.00,66.70,77.80,100.00
2026-05-13T11:21:03.351577,77.80,77.80,81.80,100.00
2026-05-13T11:21:03.452842,88.90,80.00,75.00,100.00
2026-05-13T11:21:03.554253,80.00,71.40,77.80,100.00
2026-05-13T11:21:03.660597,75.00,70.00,80.00,100.00
2026-05-13T11:21:03.761779,80.00,77.80,75.00,100.00
2026-05-13T11:21:03.869014,90.00,77.80,90.00,100.00
2026-05-13T11:21:03.970404,77.80,80.00,62.50,100.00
2026-05-13T11:21:04.071718,90.00,71.40,80.00,100.00
2026-05-13T11:21:04.178908,80.00,77.80,90.00,100.00
2026-05-13T11:21:04.281143,88.90,80.00,80.00,100.00
2026-05-13T11:21:04.386632,80.00,75.00,77.80,100.00
2026-05-13T11:21:04.488251,80.00,80.00,88.90,100.00
2026-05-13T11:21:04.589708,87.50,77.80,75.00,100.00
2026-05-13T11:21:04.695803,81.80,70.00,80.00,100.00
2026-05-13T11:21:04.797520,77.80,75.00,77.80,100.00
2026-05-13T11:21:04.903490,80.00,80.00,66.70,100.00
2026-05-13T11:21:05.004721,88.90,75.00,80.00,100.00
2026-05-13T11:21:05.106037,81.80,80.00,88.90,100.00
2026-05-13T11:21:05.213286,88.90,77.80,71.40,100.00
2026-05-13T11:21:05.314687,77.80,50.00,70.00,100.00
2026-05-13T11:21:05.421201,77.80,66.70,75.00,100.00
2026-05-13T11:21:05.522694,77.80,66.70,75.00,100.00
2026-05-13T11:21:05.624678,80.00,77.80,72.70,100.00
2026-05-13T11:21:05.731426,80.00,62.50,71.40,100.00
2026-05-13T11:21:05.833111,75.00,66.70,75.00,100.00
2026-05-13T11:21:05.939422,81.80,62.50,66.70,100.00
2026-05-13T11:21:06.040712,75.00,62.50,77.80,100.00
2026-05-13T11:21:06.141950,80.00,66.70,77.80,100.00
2026-05-13T11:21:06.248135,80.00,77.80,80.00,100.00
2026-05-13T11:21:06.349500,80.00,62.50,77.80,100.00
2026-05-13T11:21:06.455717,75.00,66.70,66.70,100.00
2026-05-13T11:21:06.557208,75.00,62.50,71.40,100.00
2026-05-13T11:21:06.658507,77.80,57.10,66.70,100.00
2026-05-13T11:21:06.764778,80.00,70.00,80.00,100.00
2026-05-13T11:21:06.866240,70.00,57.10,62.50,100.00
2026-05-13T11:21:06.972706,77.80,77.80,75.00,100.00
2026-05-13T11:21:07.073846,87.50,62.50,77.80,100.00
2026-05-13T11:21:07.174930,81.80,70.00,75.00,100.00
2026-05-13T11:21:07.281573,77.80,62.50,77.80,100.00
2026-05-13T11:21:07.383211,75.00,62.50,66.70,100.00
2026-05-13T11:21:07.490427,70.00,71.40,75.00,100.00
2026-05-13T11:21:07.591796,71.40,62.50,66.70,100.00
2026-05-13T11:21:07.693274,80.00,77.80,75.00,100.00
2026-05-13T11:21:07.800445,87.50,70.00,80.00,100.00
2026-05-13T11:21:07.902589,77.80,75.00,77.80,100.00
2026-05-13T11:21:08.009075,80.00,77.80,80.00,100.00
2026-05-13T11:21:08.110569,80.00,71.40,75.00,100.00
2026-05-13T11:21:08.212493,87.50,66.70,77.80,100.00
2026-05-13T11:21:08.318604,77.80,75.00,80.00,100.00
2026-05-13T11:21:08.419780,80.00,62.50,77.80,100.00
2026-05-13T11:21:08.525570,80.00,80.00,75.00,100.00
2026-05-13T11:21:08.626723,77.80,62.50,75.00,100.00
2026-05-13T11:21:08.728007,80.00,66.70,80.00,100.00
2026-05-13T11:21:08.834908,77.80,57.10,57.10,100.00
2026-05-13T11:21:08.936219,70.00,66.70,66.70,100.00
2026-05-13T11:21:09.044558,77.80,66.70,80.00,100.00
2026-05-13T11:21:09.145794,88.90,77.80,77.80,100.00
2026-05-13T11:21:09.247153,70.00,66.70,75.00,100.00
2026-05-13T11:21:09.354114,81.80,62.50,66.70,100.00
2026-05-13T11:21:09.455191,77.80,71.40,75.00,100.00
2026-05-13T11:21:09.561103,80.00,66.70,77.80,100.00
2026-05-13T11:21:09.662591,77.80,62.50,62.50,100.00
2026-05-13T11:21:09.763837,77.80,66.70,75.00,100.00
2026-05-13T11:21:09.869566,80.00,62.50,77.80,100.00
2026-05-13T11:21:09.970772,80.00,62.50,62.50,100.00
2026-05-13T11:21:10.076322,77.80,62.50,80.00,100.00
2026-05-13T11:21:10.177860,77.80,71.40,75.00,100.00
2026-05-13T11:21:10.279153,77.80,62.50,71.40,100.00
2026-05-13T11:21:10.385026,80.00,62.50,81.80,100.00
2026-05-13T11:21:10.486709,80.00,62.50,66.70,100.00
2026-05-13T11:21:10.594753,81.80,77.80,90.00,100.00
2026-05-13T11:21:10.696320,75.00,66.70,80.00,100.00
2026-05-13T11:21:10.797483,77.80,77.80,77.80,100.00
2026-05-13T11:21:10.904658,80.00,57.10,66.70,100.00
2026-05-13T11:21:11.006029,75.00,62.50,75.00,100.00
2026-05-13T11:21:11.112575,66.70,70.00,70.00,100.00
2026-05-13T11:21:11.214036,87.50,66.70,77.80,100.00
2026-05-13T11:21:11.315444,81.80,75.00,87.50,100.00
2026-05-13T11:21:11.421803,87.50,70.00,80.00,100.00
2026-05-13T11:21:11.523024,77.80,75.00,70.00,100.00
2026-05-13T11:21:11.630397,75.00,66.70,80.00,100.00
2026-05-13T11:21:11.731788,80.00,66.70,77.80,100.00
2026-05-13T11:21:11.833532,90.00,75.00,80.00,100.00
2026-05-13T11:21:11.940215,81.80,77.80,90.00,100.00
2026-05-13T11:21:12.041813,88.90,75.00,75.00,100.00
2026-05-13T11:21:12.151491,90.00,75.00,80.00,100.00
2026-05-13T11:21:12.252890,81.80,71.40,77.80,100.00
2026-05-13T11:21:12.354325,88.90,71.40,88.90,100.00
2026-05-13T11:21:12.461247,80.00,66.70,80.00,100.00
2026-05-13T11:21:12.562727,87.50,71.40,77.80,100.00
2026-05-13T11:21:12.669858,80.00,62.50,77.80,100.00
2026-05-13T11:21:12.771166,71.40,71.40,70.00,100.00
2026-05-13T11:21:12.872428,80.00,66.70,80.00,100.00
2026-05-13T11:21:12.979795,90.00,70.00,87.50,100.00
2026-05-13T11:21:13.080932,71.40,62.50,77.80,100.00
2026-05-13T11:21:13.187246,81.80,77.80,75.00,100.00
2026-05-13T11:21:13.288504,75.00,66.70,70.00,100.00
2026-05-13T11:21:13.390459,81.80,66.70,77.80,100.00
2026-05-13T11:21:13.498714,90.00,80.00,88.90,100.00
2026-05-13T11:21:13.599858,77.80,71.40,80.00,100.00
2026-05-13T11:21:13.705796,90.00,77.80,80.00,100.00
2026-05-13T11:21:13.806913,88.90,80.00,88.90,100.00
2026-05-13T11:21:13.908915,90.00,70.00,75.00,100.00
2026-05-13T11:21:14.016179,81.80,75.00,90.00,100.00
2026-05-13T11:21:14.117770,80.00,80.00,77.80,100.00
2026-05-13T11:21:14.224079,90.00,77.80,80.00,100.00
2026-05-13T11:21:14.325557,90.90,75.00,80.00,100.00
2026-05-13T11:21:14.426980,87.50,75.00,85.70,100.00
2026-05-13T11:21:14.533965,83.30,80.00,81.80,100.00
2026-05-13T11:21:14.635447,80.00,62.50,77.80,100.00
2026-05-13T11:21:14.741246,75.00,66.70,77.80,100.00
2026-05-13T11:21:14.842680,77.80,62.50,77.80,100.00
2026-05-13T11:21:14.944687,77.80,70.00,70.00,100.00
2026-05-13T11:21:15.050167,80.00,57.10,75.00,100.00
2026-05-13T11:21:15.151457,80.00,77.80,75.00,100.00
2026-05-13T11:21:15.258258,77.80,62.50,70.00,100.00
2026-05-13T11:21:15.359558,77.80,66.70,75.00,100.00
2026-05-13T11:21:15.461036,80.00,62.50,80.00,100.00
2026-05-13T11:21:15.567689,75.00,66.70,75.00,100.00
2026-05-13T11:21:15.668816,80.00,62.50,66.70,100.00
2026-05-13T11:21:15.779182,77.80,62.50,75.00,100.00
2026-05-13T11:21:15.880207,88.90,75.00,80.00,100.00
2026-05-13T11:21:15.981471,90.00,71.40,90.00,100.00
2026-05-13T11:21:16.087433,80.00,66.70,77.80,100.00
2026-05-13T11:21:16.188895,80.00,70.00,72.70,100.00
2026-05-13T11:21:16.295189,77.80,57.10,77.80,100.00
2026-05-13T11:21:16.396616,75.00,75.00,75.00,100.00
2026-05-13T11:21:16.497589,81.80,70.00,77.80,100.00
2026-05-13T11:21:16.602458,88.90,75.00,81.80,100.00
2026-05-13T11:21:16.703490,75.00,66.70,75.00,100.00
2026-05-13T11:21:16.808779,80.00,77.80,70.00,100.00
2026-05-13T11:21:16.909663,80.00,62.50,77.80,100.00
2026-05-13T11:21:17.010726,77.80,62.50,71.40,100.00
2026-05-13T11:21:17.116290,81.80,66.70,80.00,100.00
2026-05-13T11:21:17.217491,75.00,75.00,66.70,100.00
2026-05-13T11:21:17.322657,81.80,70.00,77.80,100.00
2026-05-13T11:21:17.423827,71.40,62.50,77.80,100.00
2026-05-13T11:21:17.525224,77.80,62.50,77.80,100.00
2026-05-13T11:21:17.631502,80.00,71.40,75.00,100.00
2026-05-13T11:21:17.732679,80.00,66.70,70.00,100.00
2026-05-13T11:21:17.839035,75.00,57.10,77.80,100.00
2026-05-13T11:21:17.941570,77.80,62.50,71.40,100.00
2026-05-13T11:21:18.042793,71.40,66.70,75.00,100.00
2026-05-13T11:21:18.150031,81.80,66.70,77.80,100.00
2026-05-13T11:21:18.251304,77.80,57.10,80.00,100.00
2026-05-13T11:21:18.362316,80.00,66.70,70.00,100.00
2026-05-13T11:21:18.463651,77.80,62.50,75.00,100.00
2026-05-13T11:21:18.566077,88.90,75.00,88.90,100.00
2026-05-13T11:21:18.670964,80.00,66.70,77.80,100.00
2026-05-13T11:21:18.772178,77.80,66.70,71.40,100.00
2026-05-13T11:21:18.879101,77.80,62.50,70.00,100.00
2026-05-13T11:21:18.980113,75.00,62.50,71.40,100.00
2026-05-13T11:21:19.081745,81.80,66.70,81.80,100.00
2026-05-13T11:21:19.187908,80.00,66.70,77.80,100.00
2026-05-13T11:21:19.289206,77.80,62.50,77.80,100.00
2026-05-13T11:21:19.395251,80.00,75.00,70.00,100.00
2026-05-13T11:21:19.496583,87.50,66.70,77.80,100.00
2026-05-13T11:21:19.597934,90.90,75.00,87.50,100.00
2026-05-13T11:21:19.704729,77.80,77.80,77.80,100.00
2026-05-13T11:21:19.805995,80.00,71.40,80.00,100.00
2026-05-13T11:21:19.912874,90.90,75.00,80.00,100.00
2026-05-13T11:21:20.014455,85.70,80.00,87.50,100.00
2026-05-13T11:21:20.115721,80.00,80.00,77.80,100.00
2026-05-13T11:21:20.222297,90.00,77.80,80.00,100.00
2026-05-13T11:21:20.323843,80.00,72.70,80.00,100.00
2026-05-13T11:21:20.430253,75.00,71.40,75.00,100.00
2026-05-13T11:21:20.531811,80.00,70.00,75.00,100.00
2026-05-13T11:21:20.633481,77.80,57.10,75.00,100.00
2026-05-13T11:21:20.740196,77.80,77.80,77.80,100.00
2026-05-13T11:21:20.841490,77.80,66.70,70.00,100.00
2026-05-13T11:21:20.948260,80.00,62.50,77.80,100.00
2026-05-13T11:21:21.049709,80.00,66.70,77.80,100.00
2026-05-13T11:21:21.151495,75.00,71.40,77.80,100.00
2026-05-13T11:21:21.257420,80.00,66.70,70.00,100.00
2026-05-13T11:21:21.358927,87.50,66.70,85.70,100.00
2026-05-13T11:21:21.466999,83.30,77.80,66.70,100.00
2026-05-13T11:21:21.568110,71.40,62.50,77.80,100.00
2026-05-13T11:21:21.669221,77.80,66.70,75.00,100.00
2026-05-13T11:21:21.776732,80.00,62.50,77.80,100.00
2026-05-13T11:21:21.878405,88.90,77.80,77.80,100.00
2026-05-13T11:21:21.984515,80.00,50.00,70.00,100.00
2026-05-13T11:21:22.086077,75.00,66.70,75.00,100.00
2026-05-13T11:21:22.187832,72.70,70.00,71.40,100.00
2026-05-13T11:21:22.294276,87.50,66.70,72.70,100.00
2026-05-13T11:21:22.395650,80.00,75.00,77.80,100.00
2026-05-13T11:21:22.502380,81.80,66.70,77.80,100.00
2026-05-13T11:21:22.603542,71.40,62.50,77.80,100.00
2026-05-13T11:21:22.705498,80.00,66.70,66.70,100.00
2026-05-13T11:21:22.812432,81.80,77.80,77.80,100.00
2026-05-13T11:21:22.913650,90.00,75.00,85.70,100.00
2026-05-13T11:21:23.019806,90.00,75.00,81.80,100.00
2026-05-13T11:21:23.121326,77.80,66.70,75.00,100.00
2026-05-13T11:21:23.222523,90.90,75.00,90.00,100.00
2026-05-13T11:21:23.331571,90.00,77.80,80.00,100.00
2026-05-13T11:21:23.432833,75.00,62.50,75.00,100.00
2026-05-13T11:21:23.539324,77.80,66.70,70.00,100.00
2026-05-13T11:21:23.640822,77.80,57.10,77.80,100.00
2026-05-13T11:21:23.742592,77.80,66.70,71.40,100.00
2026-05-13T11:21:23.849534,66.70,62.50,70.00,100.00
2026-05-13T11:21:23.951148,80.00,57.10,77.80,100.00
2026-05-13T11:21:24.057595,87.50,75.00,77.80,100.00
2026-05-13T11:21:24.158846,80.00,66.70,75.00,100.00
2026-05-13T11:21:24.260152,77.80,66.70,72.70,100.00
2026-05-13T11:21:24.366122,80.00,66.70,77.80,100.00
2026-05-13T11:21:24.467423,71.40,50.00,77.80,100.00
2026-05-13T11:21:24.574295,81.80,66.70,80.00,100.00
2026-05-13T11:21:24.675706,88.90,77.80,71.40,100.00
2026-05-13T11:21:24.777032,75.00,66.70,81.80,100.00
2026-05-13T11:21:24.883307,80.00,62.50,75.00,100.00
2026-05-13T11:21:24.984843,80.00,75.00,70.00,100.00
2026-05-13T11:21:25.091134,75.00,60.00,75.00,100.00
2026-05-13T11:21:25.192134,81.80,62.50,80.00,100.00
2026-05-13T11:21:25.293431,77.80,75.00,75.00,100.00
2026-05-13T11:21:25.399435,80.00,55.60,70.00,100.00
2026-05-13T11:21:25.500556,77.80,71.40,77.80,100.00
2026-05-13T11:21:25.608634,72.70,62.50,80.00,100.00
2026-05-13T11:21:25.710133,87.50,66.70,66.70,100.00
2026-05-13T11:21:25.811639,77.80,62.50,75.00,100.00
2026-05-13T11:21:25.917305,77.80,66.70,66.70,100.00
2026-05-13T11:21:26.018639,80.00,66.70,62.50,100.00
2026-05-13T11:21:26.125054,80.00,66.70,75.00,100.00
2026-05-13T11:21:26.226276,71.40,62.50,77.80,100.00
2026-05-13T11:21:26.327753,81.80,62.50,77.80,100.00
2026-05-13T11:21:26.433786,75.00,75.00,70.00,100.00
2026-05-13T11:21:26.535175,77.80,62.50,75.00,100.00
2026-05-13T11:21:26.641706,81.80,66.70,77.80,100.00
2026-05-13T11:21:26.743000,80.00,62.50,75.00,100.00
2026-05-13T11:21:26.844041,75.00,66.70,66.70,100.00
2026-05-13T11:21:26.949853,77.80,66.70,75.00,100.00
2026-05-13T11:21:27.051465,81.80,57.10,77.80,100.00
2026-05-13T11:21:27.157717,80.00,77.80,75.00,100.00
2026-05-13T11:21:27.259172,75.00,62.50,77.80,100.00
2026-05-13T11:21:27.360527,80.00,62.50,80.00,100.00
2026-05-13T11:21:27.467806,80.00,62.50,66.70,100.00
2026-05-13T11:21:27.569007,77.80,57.10,75.00,100.00
2026-05-13T11:21:27.675476,80.00,62.50,66.70,100.00
2026-05-13T11:21:27.776804,75.00,55.60,50.00,100.00
2026-05-13T11:21:27.878067,70.00,62.50,77.80,100.00
2026-05-13T11:21:27.983895,62.50,57.10,60.00,100.00
2026-05-13T11:21:28.085067,77.80,62.50,57.10,100.00
2026-05-13T11:21:28.191516,66.70,50.00,77.80,100.00
2026-05-13T11:21:28.292665,77.80,62.50,62.50,100.00
2026-05-13T11:21:28.394121,62.50,70.00,70.00,100.00
2026-05-13T11:21:28.500794,75.00,55.60,71.40,100.00
2026-05-13T11:21:28.602031,90.00,62.50,77.80,100.00
2026-05-13T11:21:28.708225,62.50,50.00,66.70,100.00
2026-05-13T11:21:28.809459,81.80,77.80,75.00,100.00
2026-05-13T11:21:28.910807,75.00,57.10,66.70,100.00
2026-05-13T11:21:29.017483,77.80,66.70,77.80,100.00
2026-05-13T11:21:29.118745,80.00,66.70,66.70,100.00
2026-05-13T11:21:29.224959,70.00,62.50,77.80,100.00
2026-05-13T11:21:29.326128,75.00,55.60,62.50,100.00
2026-05-13T11:21:29.427235,70.00,75.00,70.00,100.00
2026-05-13T11:21:29.533087,62.50,55.60,62.50,100.00
2026-05-13T11:21:29.634456,71.40,50.00,71.40,100.00
2026-05-13T11:21:29.743258,81.80,66.70,70.00,100.00
2026-05-13T11:21:29.844481,80.00,66.70,75.00,100.00
2026-05-13T11:21:29.945532,66.70,50.00,62.50,100.00
2026-05-13T11:21:30.051192,75.00,60.00,66.70,100.00
2026-05-13T11:21:30.152523,70.00,57.10,75.00,100.00
2026-05-13T11:21:30.257757,66.70,62.50,62.50,100.00
2026-05-13T11:21:30.358983,66.70,62.50,70.00,100.00
2026-05-13T11:21:30.460058,66.70,42.90,57.10,100.00
2026-05-13T11:21:30.566221,75.00,66.70,66.70,100.00
2026-05-13T11:21:30.667584,62.50,42.90,62.50,100.00
2026-05-13T11:21:30.772642,70.00,62.50,57.10,100.00
2026-05-13T11:21:30.873805,77.80,57.10,71.40,100.00
2026-05-13T11:21:30.974780,57.10,50.00,62.50,100.00
2026-05-13T11:21:31.080828,62.50,62.50,62.50,100.00
2026-05-13T11:21:31.181795,75.00,66.70,66.70,100.00
2026-05-13T11:21:31.288140,70.00,66.70,70.00,100.00
2026-05-13T11:21:31.389446,62.50,50.00,62.50,100.00
2026-05-13T11:21:31.490702,75.00,62.50,70.00,100.00
2026-05-13T11:21:31.596740,62.50,57.10,57.10,100.00
2026-05-13T11:21:31.697864,70.00,42.90,66.70,100.00
2026-05-13T11:21:31.804533,80.00,70.00,75.00,100.00
2026-05-13T11:21:31.905987,77.80,66.70,77.80,100.00
2026-05-13T11:21:32.006925,71.40,62.50,66.70,100.00
2026-05-13T11:21:32.111609,70.00,62.50,62.50,100.00
2026-05-13T11:21:32.213017,77.80,62.50,66.70,100.00
2026-05-13T11:21:32.317814,70.00,66.70,70.00,100.00
2026-05-13T11:21:32.418818,75.00,66.70,75.00,100.00
2026-05-13T11:21:32.520283,77.80,62.50,70.00,100.00
2026-05-13T11:21:32.625827,77.80,66.70,75.00,100.00
2026-05-13T11:21:32.727129,62.50,66.70,62.50,100.00
2026-05-13T11:21:32.832695,75.00,62.50,66.70,100.00
2026-05-13T11:21:32.933879,70.00,55.60,62.50,100.00
2026-05-13T11:21:33.035016,75.00,57.10,66.70,100.00
2026-05-13T11:21:33.141245,66.70,66.70,66.70,100.00
2026-05-13T11:21:33.242584,62.50,42.90,57.10,100.00
2026-05-13T11:21:33.348523,66.70,66.70,66.70,100.00
2026-05-13T11:21:33.449740,71.40,42.90,66.70,100.00
2026-05-13T11:21:33.550686,70.00,62.50,57.10,100.00
2026-05-13T11:21:33.656454,62.50,66.70,66.70,100.00
2026-05-13T11:21:33.758085,75.00,62.50,75.00,100.00
2026-05-13T11:21:33.864261,80.00,66.70,70.00,100.00
2026-05-13T11:21:33.965506,81.80,62.50,71.40,100.00
2026-05-13T11:21:34.066828,71.40,75.00,66.70,100.00
2026-05-13T11:21:34.173296,81.80,63.60,75.00,100.00
2026-05-13T11:21:34.274523,62.50,71.40,70.00,100.00
2026-05-13T11:21:34.382181,75.00,55.60,62.50,100.00
2026-05-13T11:21:34.483690,70.00,57.10,66.70,100.00
2026-05-13T11:21:34.584849,66.70,57.10,62.50,100.00
2026-05-13T11:21:34.689555,77.80,55.60,75.00,100.00
2026-05-13T11:21:34.790551,62.50,75.00,62.50,100.00
2026-05-13T11:21:34.898087,77.80,50.00,66.70,100.00
2026-05-13T11:21:34.999501,75.00,75.00,66.70,100.00
2026-05-13T11:21:35.100626,70.00,55.60,75.00,100.00
2026-05-13T11:21:35.206830,77.80,71.40,77.80,100.00
2026-05-13T11:21:35.308331,75.00,60.00,62.50,100.00
2026-05-13T11:21:35.415474,75.00,62.50,66.70,100.00
2026-05-13T11:21:35.516638,66.70,50.00,66.70,100.00
2026-05-13T11:21:35.617915,66.70,62.50,66.70,100.00
2026-05-13T11:21:35.723955,80.00,62.50,75.00,100.00
2026-05-13T11:21:35.825152,77.80,66.70,77.80,100.00
2026-05-13T11:21:35.931076,77.80,62.50,70.00,100.00
2026-05-13T11:21:36.032475,77.80,75.00,70.00,100.00
2026-05-13T11:21:36.133850,62.50,42.90,50.00,100.00
2026-05-13T11:21:36.241900,75.00,57.10,77.80,100.00
2026-05-13T11:21:36.343044,66.70,66.70,62.50,100.00
2026-05-13T11:21:36.448921,75.00,57.10,66.70,100.00
2026-05-13T11:21:36.549746,66.70,66.70,66.70,100.00
2026-05-13T11:21:36.650724,75.00,50.00,57.10,100.00
2026-05-13T11:21:36.755717,70.00,75.00,77.80,100.00
2026-05-13T11:21:36.856904,71.40,50.00,62.50,100.00
2026-05-13T11:21:36.963351,70.00,62.50,70.00,100.00
2026-05-13T11:21:37.064655,77.80,57.10,66.70,100.00
2026-05-13T11:21:37.165766,62.50,55.60,50.00,100.00
2026-05-13T11:21:37.272587,75.00,62.50,66.70,100.00
2026-05-13T11:21:37.373589,66.70,50.00,66.70,100.00
2026-05-13T11:21:37.480596,62.50,55.60,66.70,100.00
2026-05-13T11:21:37.581865,57.10,57.10,57.10,100.00
2026-05-13T11:21:37.683353,66.70,55.60,57.10,100.00
2026-05-13T11:21:37.789713,80.00,57.10,66.70,100.00
2026-05-13T11:21:37.891262,75.00,70.00,75.00,100.00
2026-05-13T11:21:37.997899,80.00,71.40,77.80,100.00
2026-05-13T11:21:38.099399,77.80,70.00,70.00,100.00
2026-05-13T11:21:38.200704,77.80,62.50,71.40,100.00
2026-05-13T11:21:38.306846,75.00,66.70,66.70,100.00
2026-05-13T11:21:38.408082,80.00,71.40,77.80,100.00
2026-05-13T11:21:38.512902,75.00,66.70,77.80,100.00
2026-05-13T11:21:38.613765,70.00,62.50,70.00,100.00
2026-05-13T11:21:38.714834,80.00,62.50,71.40,100.00
2026-05-13T11:21:38.819448,57.10,66.70,70.00,100.00
2026-05-13T11:21:38.920649,75.00,50.00,57.10,100.00
2026-05-13T11:21:39.027462,70.00,66.70,66.70,100.00
2026-05-13T11:21:39.128576,75.00,57.10,71.40,100.00
2026-05-13T11:21:39.229796,66.70,66.70,66.70,100.00
2026-05-13T11:21:39.335916,80.00,62.50,62.50,100.00
2026-05-13T11:21:39.437146,75.00,57.10,62.50,100.00
2026-05-13T11:21:39.543671,66.70,62.50,70.00,100.00
2026-05-13T11:21:39.644657,62.50,60.00,57.10,100.00
2026-05-13T11:21:39.745878,77.80,71.40,77.80,100.00
2026-05-13T11:21:39.851062,77.80,55.60,66.70,100.00
2026-05-13T11:21:39.952135,66.70,66.70,62.50,100.00
2026-05-13T11:21:40.057117,50.00,62.50,57.10,100.00
2026-05-13T11:21:40.158238,80.00,62.50,75.00,100.00
2026-05-13T11:21:40.259143,62.50,70.00,66.70,100.00
2026-05-13T11:21:40.364710,80.00,62.50,62.50,100.00
2026-05-13T11:21:40.466170,66.70,57.10,62.50,100.00
2026-05-13T11:21:40.572338,71.40,50.00,70.00,100.00
2026-05-13T11:21:40.673708,66.70,62.50,57.10,100.00
2026-05-13T11:21:40.774961,75.00,62.50,71.40,100.00
2026-05-13T11:21:40.880766,66.70,62.50,70.00,100.00
2026-05-13T11:21:40.981801,66.70,62.50,57.10,100.00
2026-05-13T11:21:41.086621,70.00,50.00,62.50,100.00
2026-05-13T11:21:41.187616,66.70,66.70,70.00,100.00
2026-05-13T11:21:41.288656,77.80,62.50,57.10,100.00
2026-05-13T11:21:41.393541,66.70,57.10,62.50,100.00
2026-05-13T11:21:41.494584,57.10,57.10,71.40,100.00
2026-05-13T11:21:41.602063,77.80,60.00,70.00,100.00
2026-05-13T11:21:41.703046,66.70,62.50,62.50,100.00
2026-05-13T11:21:41.804143,71.40,57.10,57.10,100.00
2026-05-13T11:21:41.908772,72.70,55.60,70.00,100.00
2026-05-13T11:21:42.009715,57.10,57.10,66.70,100.00
2026-05-13T11:21:42.115879,75.00,62.50,66.70,100.00
2026-05-13T11:21:42.217105,70.00,55.60,71.40,100.00
2026-05-13T11:21:42.318268,66.70,57.10,66.70,100.00
2026-05-13T11:21:42.424277,75.00,57.10,62.50,100.00
2026-05-13T11:21:42.525716,62.50,62.50,57.10,100.00
2026-05-13T11:21:42.632167,70.00,55.60,66.70,100.00
2026-05-13T11:21:42.733162,16.70,28.60,16.70,100.00
2026-05-13T11:21:42.898689,38.50,25.00,66.70,100.00
2026-05-13T11:21:42.999525,14.30,14.30,100.00,100.00
2026-05-13T11:21:43.100399,25.00,14.30,100.00,100.00
2026-05-13T11:21:43.204752,25.00,0.00,100.00,100.00
2026-05-13T11:21:43.305534,25.00,25.00,100.00,100.00
2026-05-13T11:21:43.409710,14.30,25.00,100.00,100.00
2026-05-13T11:21:43.510705,25.00,14.30,100.00,100.00
2026-05-13T11:21:43.611554,14.30,16.70,100.00,100.00
2026-05-13T11:21:43.716179,14.30,14.30,100.00,100.00
2026-05-13T11:21:43.817254,25.00,14.30,100.00,100.00
2026-05-13T11:21:43.921308,14.30,28.60,100.00,100.00
2026-05-13T11:21:44.022425,14.30,14.30,100.00,100.00
2026-05-13T11:21:44.123368,25.00,14.30,100.00,100.00
2026-05-13T11:21:44.227609,33.30,25.00,100.00,100.00
2026-05-13T11:21:44.328645,25.00,16.70,100.00,100.00
2026-05-13T11:21:44.432475,14.30,14.30,100.00,100.00
2026-05-13T11:21:44.533453,14.30,16.70,100.00,100.00
2026-05-13T11:21:44.634425,14.30,0.00,100.00,100.00
2026-05-13T11:21:44.738917,25.00,14.30,100.00,100.00
2026-05-13T11:21:44.839889,25.00,25.00,100.00,100.00
2026-05-13T11:21:44.944496,0.00,25.00,100.00,100.00
2026-05-13T11:21:45.045461,25.00,28.60,100.00,100.00
2026-05-13T11:21:45.146259,14.30,0.00,100.00,100.00
2026-05-13T11:21:45.250236,14.30,33.30,100.00,100.00
2026-05-13T11:21:45.351044,14.30,16.70,100.00,100.00
2026-05-13T11:21:45.455172,33.30,14.30,100.00,100.00
2026-05-13T11:21:45.556109,14.30,28.60,100.00,100.00
2026-05-13T11:21:45.657125,14.30,14.30,100.00,100.00
2026-05-13T11:21:45.761586,25.00,14.30,100.00,100.00
2026-05-13T11:21:45.862621,14.30,16.70,100.00,100.00
2026-05-13T11:21:45.967488,14.30,33.30,100.00,100.00
2026-05-13T11:21:46.068299,25.00,0.00,100.00,100.00
2026-05-13T11:21:46.169173,14.30,16.70,100.00,100.00
2026-05-13T11:21:46.273270,14.30,25.00,100.00,100.00
2026-05-13T11:21:46.374250,25.00,28.60,100.00,100.00
2026-05-13T11:21:46.478188,25.00,0.00,100.00,100.00
2026-05-13T11:21:46.579027,14.30,25.00,100.00,100.00
2026-05-13T11:21:46.679962,14.30,0.00,100.00,100.00
2026-05-13T11:21:46.784302,14.30,14.30,100.00,100.00
2026-05-13T11:21:46.885171,25.00,14.30,100.00,100.00
2026-05-13T11:21:46.989561,25.00,14.30,100.00,100.00
2026-05-13T11:21:47.090513,12.50,0.00,100.00,100.00
2026-05-13T11:21:47.191420,25.00,14.30,100.00,100.00
2026-05-13T11:21:47.295635,14.30,28.60,100.00,100.00
2026-05-13T11:21:47.396480,25.00,14.30,100.00,100.00
2026-05-13T11:21:47.500961,25.00,14.30,100.00,100.00
2026-05-13T11:21:47.601893,25.00,14.30,100.00,100.00
2026-05-13T11:21:47.702827,14.30,0.00,100.00,100.00
2026-05-13T11:21:47.806853,25.00,16.70,100.00,100.00
2026-05-13T11:21:47.907825,12.50,14.30,100.00,100.00
2026-05-13T11:21:48.012861,37.50,25.00,100.00,100.00
2026-05-13T11:21:48.113765,14.30,14.30,100.00,100.00
2026-05-13T11:21:48.214619,14.30,16.70,100.00,100.00
2026-05-13T11:21:48.319706,12.50,25.00,100.00,100.00
2026-05-13T11:21:48.420507,28.60,16.70,100.00,100.00
2026-05-13T11:21:48.525278,14.30,14.30,100.00,100.00
2026-05-13T11:21:48.626408,25.00,50.00,100.00,100.00
2026-05-13T11:21:48.727436,14.30,14.30,100.00,100.00
2026-05-13T11:21:48.832131,14.30,28.60,100.00,100.00
2026-05-13T11:21:48.933056,14.30,25.00,100.00,100.00
2026-05-13T11:21:49.037473,33.30,14.30,100.00,100.00
2026-05-13T11:21:49.138249,14.30,0.00,100.00,100.00
2026-05-13T11:21:49.239430,14.30,14.30,100.00,100.00
2026-05-13T11:21:49.343887,25.00,14.30,100.00,100.00
2026-05-13T11:21:49.444862,0.00,14.30,100.00,100.00
2026-05-13T11:21:49.549017,33.30,37.50,100.00,100.00
2026-05-13T11:21:49.649938,14.30,0.00,100.00,100.00
2026-05-13T11:21:49.750920,25.00,16.70,100.00,100.00
2026-05-13T11:21:49.855428,25.00,14.30,100.00,100.00
2026-05-13T11:21:49.956249,25.00,14.30,100.00,100.00
2026-05-13T11:21:50.060675,14.30,16.70,100.00,100.00
2026-05-13T11:21:50.161593,25.00,14.30,100.00,100.00
2026-05-13T11:21:50.262471,14.30,28.60,100.00,100.00
2026-05-13T11:21:50.367101,16.70,25.00,100.00,100.00
2026-05-13T11:21:50.467946,25.00,16.70,100.00,100.00
2026-05-13T11:21:50.572563,25.00,14.30,100.00,100.00
2026-05-13T11:21:50.673523,25.00,16.70,100.00,100.00
2026-05-13T11:21:50.774503,14.30,0.00,100.00,100.00
2026-05-13T11:21:50.879012,25.00,14.30,100.00,100.00
2026-05-13T11:21:50.979813,14.30,14.30,100.00,100.00
2026-05-13T11:21:51.084220,25.00,33.30,100.00,100.00
2026-05-13T11:21:51.185076,25.00,0.00,100.00,100.00
2026-05-13T11:21:51.286023,14.30,25.00,100.00,100.00
2026-05-13T11:21:51.390239,14.30,14.30,100.00,100.00
2026-05-13T11:21:51.491185,25.00,0.00,100.00,100.00
2026-05-13T11:21:51.595779,14.30,25.00,100.00,100.00
2026-05-13T11:21:51.696661,14.30,14.30,100.00,100.00
2026-05-13T11:21:51.797569,14.30,16.70,100.00,100.00
2026-05-13T11:21:51.901946,25.00,14.30,100.00,100.00
2026-05-13T11:21:52.002861,25.00,25.00,100.00,100.00
2026-05-13T11:21:52.107516,14.30,14.30,100.00,100.00
2026-05-13T11:21:52.208289,25.00,33.30,100.00,100.00
2026-05-13T11:21:52.309428,25.00,28.60,100.00,100.00
2026-05-13T11:21:52.413707,14.30,16.70,100.00,100.00
2026-05-13T11:21:52.514544,14.30,14.30,100.00,100.00
2026-05-13T11:21:52.619008,14.30,14.30,100.00,100.00
2026-05-13T11:21:52.720162,25.00,28.60,100.00,100.00
2026-05-13T11:21:52.821054,14.30,0.00,100.00,100.00
2026-05-13T11:21:52.925627,14.30,33.30,100.00,100.00
2026-05-13T11:21:53.026988,14.30,16.70,100.00,100.00
2026-05-13T11:21:53.131282,25.00,25.00,100.00,100.00
2026-05-13T11:21:53.232232,14.30,0.00,100.00,100.00
2026-05-13T11:21:53.333248,25.00,25.00,100.00,100.00
2026-05-13T11:21:53.437476,25.00,14.30,100.00,100.00
2026-05-13T11:21:53.538285,14.30,16.70,100.00,100.00
2026-05-13T11:21:53.642544,22.20,14.30,100.00,100.00
2026-05-13T11:21:53.743428,14.30,14.30,100.00,100.00
2026-05-13T11:21:53.844345,14.30,16.70,100.00,100.00
2026-05-13T11:21:53.949003,14.30,14.30,100.00,100.00
2026-05-13T11:21:54.049978,25.00,14.30,100.00,100.00
2026-05-13T11:21:54.154868,14.30,16.70,100.00,100.00
2026-05-13T11:21:54.255713,25.00,14.30,100.00,100.00
2026-05-13T11:21:54.356659,14.30,28.60,100.00,100.00
2026-05-13T11:21:54.461052,25.00,14.30,100.00,100.00
2026-05-13T11:21:54.562009,16.70,16.70,100.00,100.00
2026-05-13T11:21:54.666855,25.00,25.00,100.00,100.00
2026-05-13T11:21:54.767693,25.00,16.70,100.00,100.00
2026-05-13T11:21:54.868584,25.00,14.30,100.00,100.00
2026-05-13T11:21:54.973399,16.70,28.60,100.00,100.00
2026-05-13T11:21:55.074272,25.00,0.00,100.00,100.00
2026-05-13T11:21:55.178893,14.30,33.30,100.00,100.00
2026-05-13T11:21:55.279769,0.00,28.60,100.00,100.00
2026-05-13T11:21:55.380736,22.20,14.30,100.00,100.00
2026-05-13T11:21:55.484560,14.30,16.70,100.00,100.00
2026-05-13T11:21:55.585489,33.30,0.00,100.00,100.00
2026-05-13T11:21:55.689823,14.30,25.00,100.00,100.00
2026-05-13T11:21:55.790702,25.00,28.60,100.00,100.00
2026-05-13T11:21:55.891514,14.30,14.30,100.00,100.00
2026-05-13T11:21:55.996250,14.30,33.30,100.00,100.00
2026-05-13T11:21:56.097294,16.70,0.00,100.00,100.00
2026-05-13T11:21:56.201428,14.30,28.60,100.00,100.00
2026-05-13T11:21:56.302388,14.30,16.70,100.00,100.00
2026-05-13T11:21:56.403209,28.60,28.60,100.00,100.00
2026-05-13T11:21:56.507868,25.00,14.30,100.00,100.00
2026-05-13T11:21:56.608857,25.00,28.60,100.00,100.00
2026-05-13T11:21:56.713616,25.00,14.30,100.00,100.00
2026-05-13T11:21:56.814509,25.00,14.30,100.00,100.00
2026-05-13T11:21:56.915407,25.00,14.30,100.00,100.00
2026-05-13T11:21:57.019460,14.30,28.60,100.00,100.00
2026-05-13T11:21:57.120386,25.00,14.30,100.00,100.00
2026-05-13T11:21:57.224802,28.60,37.50,100.00,100.00
2026-05-13T11:21:57.325639,14.30,0.00,100.00,100.00
2026-05-13T11:21:57.426481,14.30,28.60,100.00,100.00
2026-05-13T11:21:57.530776,25.00,14.30,100.00,100.00
2026-05-13T11:21:57.631636,0.00,14.30,100.00,100.00
2026-05-13T11:21:57.735105,20.00,20.00,100.00,100.00
2026-05-13T11:21:57.835906,11.10,0.00,100.00,100.00
2026-05-13T11:21:57.936725,18.20,0.00,100.00,100.00
2026-05-13T11:21:58.040127,0.00,0.00,100.00,100.00
2026-05-13T11:21:58.140970,11.10,10.00,100.00,100.00
2026-05-13T11:21:58.244674,18.20,0.00,100.00,100.00
2026-05-13T11:21:58.345466,18.20,0.00,100.00,100.00
2026-05-13T11:21:58.446269,11.10,10.00,100.00,100.00
2026-05-13T11:21:58.550113,18.20,0.00,100.00,100.00
2026-05-13T11:21:58.650885,11.10,11.10,100.00,100.00
2026-05-13T11:21:58.754774,18.20,0.00,100.00,100.00
2026-05-13T11:21:58.855645,10.00,11.10,100.00,100.00
2026-05-13T11:21:58.956588,11.10,0.00,100.00,100.00
2026-05-13T11:21:59.060173,10.00,11.10,100.00,100.00
2026-05-13T11:21:59.161025,20.00,0.00,100.00,100.00
2026-05-13T11:21:59.264551,10.00,10.00,100.00,100.00
2026-05-13T11:21:59.365266,18.20,11.10,100.00,100.00
2026-05-13T11:21:59.466032,11.10,0.00,100.00,100.00
2026-05-13T11:21:59.569659,18.20,0.00,100.00,100.00
2026-05-13T11:21:59.670428,18.20,0.00,100.00,100.00
2026-05-13T11:21:59.774325,10.00,0.00,100.00,100.00
2026-05-13T11:21:59.875084,20.00,0.00,100.00,100.00
2026-05-13T11:21:59.975960,10.00,0.00,100.00,100.00
2026-05-13T11:22:00.079525,20.00,10.00,100.00,100.00
2026-05-13T11:22:00.180351,10.00,11.10,100.00,100.00
2026-05-13T11:22:00.284036,10.00,0.00,100.00,100.00
2026-05-13T11:22:00.384906,11.10,0.00,100.00,100.00
2026-05-13T11:22:00.485742,10.00,10.00,100.00,100.00
2026-05-13T11:22:00.589246,0.00,0.00,100.00,100.00
2026-05-13T11:22:00.690073,18.20,0.00,100.00,100.00
2026-05-13T11:22:00.793750,18.20,0.00,100.00,100.00
2026-05-13T11:22:00.894620,20.00,10.00,100.00,100.00
2026-05-13T11:22:00.995442,10.00,11.10,100.00,100.00
2026-05-13T11:22:01.099131,10.00,10.00,100.00,100.00
2026-05-13T11:22:01.199960,11.10,0.00,100.00,100.00
2026-05-13T11:22:01.303598,25.00,0.00,100.00,100.00
2026-05-13T11:22:01.404438,10.00,0.00,100.00,100.00
2026-05-13T11:22:01.505218,11.10,0.00,100.00,100.00
2026-05-13T11:22:01.608842,18.20,0.00,100.00,100.00
2026-05-13T11:22:01.709648,18.20,0.00,100.00,100.00
2026-05-13T11:22:01.813255,20.00,0.00,100.00,100.00
2026-05-13T11:22:01.914130,18.20,0.00,100.00,100.00
2026-05-13T11:22:02.014983,10.00,20.00,100.00,100.00
2026-05-13T11:22:02.118710,11.10,0.00,100.00,100.00
2026-05-13T11:22:02.219542,0.00,10.00,100.00,100.00
2026-05-13T11:22:02.323132,20.00,0.00,100.00,100.00
2026-05-13T11:22:02.423976,10.00,0.00,100.00,100.00
2026-05-13T11:22:02.524757,10.00,0.00,100.00,100.00
2026-05-13T11:22:02.628216,11.10,0.00,100.00,100.00
2026-05-13T11:22:02.728966,18.20,10.00,100.00,100.00
2026-05-13T11:22:02.832643,10.00,11.10,100.00,100.00
2026-05-13T11:22:02.933417,10.00,0.00,100.00,100.00
2026-05-13T11:22:03.034183,20.00,0.00,100.00,100.00
2026-05-13T11:22:03.137868,10.00,0.00,100.00,100.00
2026-05-13T11:22:03.238651,25.00,10.00,100.00,100.00
2026-05-13T11:22:03.342773,11.10,0.00,100.00,100.00
2026-05-13T11:22:03.443581,11.10,0.00,100.00,100.00
2026-05-13T11:22:03.544477,10.00,10.00,100.00,100.00
2026-05-13T11:22:03.648286,10.00,0.00,100.00,100.00
2026-05-13T11:22:03.749112,11.10,10.00,100.00,100.00
2026-05-13T11:22:03.852991,18.20,0.00,100.00,100.00
2026-05-13T11:22:03.953780,18.20,11.10,100.00,100.00
2026-05-13T11:22:04.054592,20.00,0.00,100.00,100.00
2026-05-13T11:22:04.158517,10.00,0.00,100.00,100.00
2026-05-13T11:22:04.259302,11.10,11.10,100.00,100.00
2026-05-13T11:22:04.362690,10.00,27.30,100.00,100.00
2026-05-13T11:22:04.463459,20.00,0.00,100.00,100.00
2026-05-13T11:22:04.564242,0.00,0.00,100.00,100.00
2026-05-13T11:22:04.668204,10.00,0.00,100.00,100.00
2026-05-13T11:22:04.769024,10.00,11.10,100.00,100.00
2026-05-13T11:22:04.872783,11.10,0.00,100.00,100.00
2026-05-13T11:22:04.973697,0.00,10.00,100.00,100.00
2026-05-13T11:22:05.074461,10.00,11.10,100.00,100.00
2026-05-13T11:22:05.178051,11.10,0.00,100.00,100.00
2026-05-13T11:22:05.278823,10.00,11.10,100.00,100.00
2026-05-13T11:22:05.382830,25.00,10.00,100.00,100.00
2026-05-13T11:22:05.483696,11.10,0.00,100.00,100.00
2026-05-13T11:22:05.584528,0.00,0.00,100.00,100.00
2026-05-13T11:22:05.687949,18.20,0.00,100.00,100.00
2026-05-13T11:22:05.788732,20.00,11.10,100.00,100.00
2026-05-13T11:22:05.892376,10.00,0.00,100.00,100.00
2026-05-13T11:22:05.993226,10.00,0.00,100.00,100.00
2026-05-13T11:22:06.094002,11.10,0.00,100.00,100.00
2026-05-13T11:22:06.197662,18.20,10.00,100.00,100.00
2026-05-13T11:22:06.298468,11.10,11.10,100.00,100.00
2026-05-13T11:22:06.402129,0.00,10.00,100.00,100.00
2026-05-13T11:22:06.502930,11.10,0.00,100.00,100.00
2026-05-13T11:22:06.603729,10.00,0.00,100.00,100.00
2026-05-13T11:22:06.707264,18.20,11.10,100.00,100.00
2026-05-13T11:22:06.808086,10.00,0.00,100.00,100.00
2026-05-13T11:22:06.911555,11.10,0.00,100.00,100.00
2026-05-13T11:22:07.012368,10.00,0.00,100.00,100.00
2026-05-13T11:22:07.113203,10.00,0.00,100.00,100.00
2026-05-13T11:22:07.216751,27.30,0.00,100.00,100.00
2026-05-13T11:22:07.317563,10.00,0.00,100.00,100.00
2026-05-13T11:22:07.421053,0.00,10.00,100.00,100.00
2026-05-13T11:22:07.521864,11.10,0.00,100.00,100.00
2026-05-13T11:22:07.622687,10.00,0.00,100.00,100.00
2026-05-13T11:22:07.726461,10.00,10.00,100.00,100.00
2026-05-13T11:22:07.827252,0.00,0.00,100.00,100.00
2026-05-13T11:22:07.930716,10.00,0.00,100.00,100.00
2026-05-13T11:22:08.031472,11.10,0.00,100.00,100.00
2026-05-13T11:22:08.132264,10.00,0.00,100.00,100.00
2026-05-13T11:22:08.235975,11.10,20.00,100.00,100.00
2026-05-13T11:22:08.336837,0.00,0.00,100.00,100.00
2026-05-13T11:22:08.440483,20.00,0.00,100.00,100.00
2026-05-13T11:22:08.541312,10.00,0.00,100.00,100.00
2026-05-13T11:22:08.642118,11.10,20.00,100.00,100.00
2026-05-13T11:22:08.745970,20.00,0.00,100.00,100.00
2026-05-13T11:22:08.846796,10.00,11.10,100.00,100.00
2026-05-13T11:22:08.950679,0.00,0.00,100.00,100.00
2026-05-13T11:22:09.051495,20.00,0.00,100.00,100.00
2026-05-13T11:22:09.152319,10.00,10.00,100.00,100.00
2026-05-13T11:22:09.256081,20.00,0.00,100.00,100.00
2026-05-13T11:22:09.356936,10.00,11.10,100.00,100.00
2026-05-13T11:22:09.460721,0.00,0.00,100.00,100.00
2026-05-13T11:22:09.561581,20.00,0.00,100.00,100.00
2026-05-13T11:22:09.662418,18.20,0.00,100.00,100.00
2026-05-13T11:22:09.766139,10.00,0.00,100.00,100.00
2026-05-13T11:22:09.866975,20.00,0.00,100.00,100.00
2026-05-13T11:22:09.970670,10.00,0.00,100.00,100.00
2026-05-13T11:22:10.071474,20.00,11.10,100.00,100.00
2026-05-13T11:22:10.172277,10.00,11.10,100.00,100.00
2026-05-13T11:22:10.276167,10.00,10.00,100.00,100.00
2026-05-13T11:22:10.376961,27.30,0.00,100.00,100.00
2026-05-13T11:22:10.480628,10.00,0.00,100.00,100.00
2026-05-13T11:22:10.581484,11.10,0.00,100.00,100.00
2026-05-13T11:22:10.682257,18.20,11.10,100.00,100.00
2026-05-13T11:22:10.786108,10.00,0.00,100.00,100.00
2026-05-13T11:22:10.886928,10.00,10.00,100.00,100.00
2026-05-13T11:22:10.990658,20.00,0.00,100.00,100.00
2026-05-13T11:22:11.091454,18.20,0.00,100.00,100.00
2026-05-13T11:22:11.192237,10.00,11.10,100.00,100.00
2026-05-13T11:22:11.296087,20.00,10.00,100.00,100.00
2026-05-13T11:22:11.396919,18.20,0.00,100.00,100.00
2026-05-13T11:22:11.500568,18.20,0.00,100.00,100.00
2026-05-13T11:22:11.601426,18.20,10.00,100.00,100.00
2026-05-13T11:22:11.702248,20.00,10.00,100.00,100.00
2026-05-13T11:22:11.805796,25.00,0.00,100.00,100.00
2026-05-13T11:22:11.906597,10.00,10.00,100.00,100.00
2026-05-13T11:22:12.010022,11.10,0.00,100.00,100.00
2026-05-13T11:22:12.110754,18.20,0.00,100.00,100.00
2026-05-13T11:22:12.211507,18.20,0.00,100.00,100.00
2026-05-13T11:22:12.315752,20.00,11.10,100.00,100.00
2026-05-13T11:22:12.416538,18.20,18.20,100.00,100.00
2026-05-13T11:22:12.520236,18.20,0.00,100.00,100.00
2026-05-13T11:22:12.620989,20.00,0.00,100.00,100.00
2026-05-13T11:22:12.721960,25.00,14.30,100.00,100.00
2026-05-13T11:22:12.827056,62.50,57.10,100.00,100.00
2026-05-13T11:22:12.927990,50.00,57.10,100.00,100.00
2026-05-13T11:22:13.033866,66.70,57.10,100.00,100.00
2026-05-13T11:22:13.134939,40.00,62.50,100.00,100.00
2026-05-13T11:22:13.235825,55.60,50.00,100.00,100.00
2026-05-13T11:22:13.341144,50.00,62.50,100.00,100.00
2026-05-13T11:22:13.442079,62.50,57.10,100.00,100.00
2026-05-13T11:22:13.547377,57.10,66.70,100.00,100.00
2026-05-13T11:22:13.648482,57.10,42.90,100.00,100.00
2026-05-13T11:22:13.749549,42.90,60.00,100.00,100.00
2026-05-13T11:22:13.855244,66.70,57.10,100.00,100.00
2026-05-13T11:22:13.956366,50.00,62.50,100.00,100.00
2026-05-13T11:22:14.062111,55.60,66.70,100.00,100.00
2026-05-13T11:22:14.163040,50.00,62.50,100.00,100.00
2026-05-13T11:22:14.263867,50.00,60.00,100.00,100.00
2026-05-13T11:22:14.368951,50.00,62.50,100.00,100.00
2026-05-13T11:22:14.470008,62.50,57.10,100.00,100.00
2026-05-13T11:22:14.575538,50.00,71.40,100.00,100.00
2026-05-13T11:22:14.676601,50.00,50.00,100.00,100.00
2026-05-13T11:22:14.777619,57.10,66.70,100.00,100.00
2026-05-13T11:22:14.883008,57.10,50.00,100.00,100.00
2026-05-13T11:22:14.983889,50.00,62.50,100.00,100.00
2026-05-13T11:22:15.089481,57.10,57.10,100.00,100.00
2026-05-13T11:22:15.190467,50.00,50.00,100.00,100.00
2026-05-13T11:22:15.291563,62.50,50.00,100.00,100.00
2026-05-13T11:22:15.396014,57.10,50.00,100.00,100.00
2026-05-13T11:22:15.497046,33.30,62.50,100.00,100.00
2026-05-13T11:22:15.603354,62.50,57.10,100.00,100.00
2026-05-13T11:22:15.704399,57.10,57.10,100.00,100.00
2026-05-13T11:22:15.805490,57.10,57.10,100.00,100.00
2026-05-13T11:22:15.911176,50.00,62.50,100.00,100.00
2026-05-13T11:22:16.012255,62.50,62.50,100.00,100.00
2026-05-13T11:22:16.116731,50.00,57.10,100.00,100.00
2026-05-13T11:22:16.217685,66.70,42.90,100.00,100.00
2026-05-13T11:22:16.318574,66.70,57.10,100.00,100.00
2026-05-13T11:22:16.423693,57.10,75.00,100.00,100.00
2026-05-13T11:22:16.524732,57.10,50.00,100.00,100.00
2026-05-13T11:22:16.629720,57.10,57.10,100.00,100.00
2026-05-13T11:22:16.730692,55.60,50.00,100.00,100.00
2026-05-13T11:22:16.831829,50.00,62.50,100.00,100.00
2026-05-13T11:22:16.939259,75.00,62.50,100.00,100.00
2026-05-13T11:22:17.040480,62.50,57.10,100.00,100.00
2026-05-13T11:22:17.145991,50.00,50.00,100.00,100.00
2026-05-13T11:22:17.247183,66.70,50.00,100.00,100.00
2026-05-13T11:22:17.348247,57.10,62.50,100.00,100.00
2026-05-13T11:22:17.453579,57.10,50.00,100.00,100.00
2026-05-13T11:22:17.554693,57.10,50.00,100.00,100.00
2026-05-13T11:22:17.659431,55.60,57.10,100.00,100.00
2026-05-13T11:22:17.760592,66.70,57.10,100.00,100.00
2026-05-13T11:22:17.861664,57.10,57.10,100.00,100.00
2026-05-13T11:22:17.966269,62.50,50.00,100.00,100.00
2026-05-13T11:22:18.067407,57.10,50.00,100.00,100.00
2026-05-13T11:22:18.174802,62.50,62.50,100.00,100.00
2026-05-13T11:22:18.335973,58.30,66.70,85.70,100.00
2026-05-13T11:22:18.441108,42.90,28.60,37.50,100.00
2026-05-13T11:22:18.542145,44.40,37.50,42.90,100.00
2026-05-13T11:22:18.643424,55.60,42.90,50.00,100.00
2026-05-13T11:22:18.748416,33.30,37.50,37.50,100.00
2026-05-13T11:22:18.849231,37.50,28.60,28.60,100.00
2026-05-13T11:22:18.955138,42.90,44.40,50.00,100.00
2026-05-13T11:22:19.056107,42.90,37.50,37.50,100.00
2026-05-13T11:22:19.156976,37.50,16.70,28.60,100.00
2026-05-13T11:22:19.261565,55.60,50.00,42.90,100.00
2026-05-13T11:22:19.362729,33.30,37.50,55.60,100.00
2026-05-13T11:22:19.468196,55.60,50.00,16.70,100.00
2026-05-13T11:22:19.569147,42.90,50.00,50.00,100.00
2026-05-13T11:22:19.670130,37.50,28.60,28.60,100.00
2026-05-13T11:22:19.774716,33.30,50.00,42.90,100.00
2026-05-13T11:22:19.875828,44.40,28.60,28.60,100.00
2026-05-13T11:22:19.981626,42.90,50.00,42.90,100.00
2026-05-13T11:22:20.082581,42.90,16.70,42.90,100.00
2026-05-13T11:22:20.183531,50.00,42.90,33.30,100.00
2026-05-13T11:22:20.288920,50.00,50.00,50.00,100.00
2026-05-13T11:22:20.389927,42.90,42.90,62.50,100.00
2026-05-13T11:22:20.494980,44.40,37.50,28.60,100.00
2026-05-13T11:22:20.596076,33.30,28.60,16.70,100.00
2026-05-13T11:22:20.697152,28.60,28.60,50.00,100.00
2026-05-13T11:22:20.802655,50.00,37.50,42.90,100.00
2026-05-13T11:22:20.903607,42.90,42.90,42.90,100.00
2026-05-13T11:22:21.009527,42.90,33.30,37.50,100.00
2026-05-13T11:22:21.110636,50.00,37.50,50.00,100.00
2026-05-13T11:22:21.211664,33.30,42.90,33.30,100.00
2026-05-13T11:22:21.317490,50.00,37.50,37.50,100.00
2026-05-13T11:22:21.418412,37.50,33.30,33.30,100.00
2026-05-13T11:22:21.522935,33.30,50.00,33.30,100.00
2026-05-13T11:22:21.623905,42.90,20.00,37.50,100.00
2026-05-13T11:22:21.725034,44.40,37.50,28.60,100.00
2026-05-13T11:22:21.831007,50.00,28.60,42.90,100.00
2026-05-13T11:22:21.932115,33.30,55.60,42.90,100.00
2026-05-13T11:22:22.037214,37.50,16.70,37.50,100.00
2026-05-13T11:22:22.138358,50.00,37.50,33.30,100.00
2026-05-13T11:22:22.239495,37.50,28.60,37.50,100.00
2026-05-13T11:22:22.344686,42.90,37.50,42.90,100.00
2026-05-13T11:22:22.445819,33.30,50.00,37.50,100.00
2026-05-13T11:22:22.550970,50.00,37.50,42.90,100.00
2026-05-13T11:22:22.651937,50.00,37.50,37.50,100.00
2026-05-13T11:22:22.752928,33.30,16.70,33.30,100.00
2026-05-13T11:22:22.857912,55.60,42.90,37.50,100.00
2026-05-13T11:22:22.958896,44.40,37.50,50.00,100.00
2026-05-13T11:22:23.064208,42.90,42.90,37.50,100.00
2026-05-13T11:22:23.165221,42.90,37.50,16.70,100.00
2026-05-13T11:22:23.266451,28.60,37.50,50.00,100.00
2026-05-13T11:22:23.371266,44.40,42.90,28.60,100.00
2026-05-13T11:22:23.472519,33.30,33.30,50.00,100.00
2026-05-13T11:22:23.577457,37.50,44.40,28.60,100.00
2026-05-13T11:22:23.678380,55.60,42.90,42.90,100.00
2026-05-13T11:22:23.779272,33.30,44.40,42.90,100.00
2026-05-13T11:22:23.884034,28.60,28.60,37.50,100.00
2026-05-13T11:22:23.985032,42.90,44.40,28.60,100.00
2026-05-13T11:22:24.089796,50.00,33.30,37.50,100.00
2026-05-13T11:22:24.190819,33.30,37.50,42.90,100.00
2026-05-13T11:22:24.291876,37.50,37.50,37.50,100.00
2026-05-13T11:22:24.397825,42.90,50.00,42.90,100.00
2026-05-13T11:22:24.498954,42.90,28.60,37.50,100.00
2026-05-13T11:22:24.604016,44.40,37.50,50.00,100.00
2026-05-13T11:22:24.704983,42.90,28.60,28.60,100.00
2026-05-13T11:22:24.806133,42.90,42.90,42.90,100.00
2026-05-13T11:22:24.910797,28.60,28.60,37.50,100.00
2026-05-13T11:22:25.011946,50.00,33.30,33.30,100.00
2026-05-13T11:22:25.117072,42.90,44.40,37.50,100.00
2026-05-13T11:22:25.217999,37.50,16.70,37.50,100.00
2026-05-13T11:22:25.319000,33.30,33.30,42.90,100.00
2026-05-13T11:22:25.423916,42.90,28.60,50.00,100.00
2026-05-13T11:22:25.524840,55.60,42.90,37.50,100.00
2026-05-13T11:22:25.630456,37.50,42.90,28.60,100.00
2026-05-13T11:22:25.731501,33.30,28.60,50.00,100.00
2026-05-13T11:22:25.832560,50.00,42.90,20.00,100.00
2026-05-13T11:22:25.937558,42.90,50.00,55.60,100.00
2026-05-13T11:22:26.038823,33.30,33.30,42.90,100.00
2026-05-13T11:22:26.143800,50.00,37.50,37.50,100.00
2026-05-13T11:22:26.244956,44.40,37.50,42.90,100.00
2026-05-13T11:22:26.346160,42.90,33.30,33.30,100.00
2026-05-13T11:22:26.451257,33.30,28.60,44.40,100.00
2026-05-13T11:22:26.552436,16.70,37.50,28.60,100.00
2026-05-13T11:22:26.657790,37.50,37.50,33.30,100.00
2026-05-13T11:22:26.758830,50.00,33.30,44.40,100.00
2026-05-13T11:22:26.859775,42.90,16.70,37.50,100.00
2026-05-13T11:22:26.964147,50.00,28.60,42.90,100.00
2026-05-13T11:22:27.065233,33.30,42.90,28.60,100.00
2026-05-13T11:22:27.169775,44.40,28.60,42.90,100.00
2026-05-13T11:22:27.270784,42.90,28.60,37.50,100.00
2026-05-13T11:22:27.371810,33.30,28.60,28.60,100.00
2026-05-13T11:22:27.477279,42.90,33.30,33.30,100.00
2026-05-13T11:22:27.578574,44.40,37.50,42.90,100.00
2026-05-13T11:22:27.682165,28.60,28.60,33.30,100.00
2026-05-13T11:22:27.834653,23.10,15.40,64.30,100.00
2026-05-13T11:22:27.938311,18.20,0.00,100.00,100.00
2026-05-13T11:22:28.039175,20.00,0.00,100.00,100.00
2026-05-13T11:22:28.139922,20.00,0.00,100.00,100.00
2026-05-13T11:22:28.243870,0.00,20.00,100.00,100.00
2026-05-13T11:22:28.344650,20.00,12.50,100.00,100.00
2026-05-13T11:22:28.448325,20.00,0.00,100.00,100.00
2026-05-13T11:22:28.549073,11.10,11.10,100.00,100.00
2026-05-13T11:22:28.649881,20.00,12.50,100.00,100.00
2026-05-13T11:22:28.753613,0.00,10.00,100.00,100.00
2026-05-13T11:22:28.854387,20.00,0.00,100.00,100.00
2026-05-13T11:22:28.958275,10.00,0.00,100.00,100.00
2026-05-13T11:22:29.059046,20.00,0.00,100.00,100.00
2026-05-13T11:22:29.159849,11.10,11.10,100.00,100.00
2026-05-13T11:22:29.263803,10.00,27.30,100.00,100.00
2026-05-13T11:22:29.364618,20.00,0.00,100.00,100.00
2026-05-13T11:22:29.468476,11.10,0.00,100.00,100.00
2026-05-13T11:22:29.569265,11.10,0.00,100.00,100.00
2026-05-13T11:22:29.670135,18.20,0.00,100.00,100.00
2026-05-13T11:22:29.774003,20.00,11.10,100.00,100.00
2026-05-13T11:22:29.874816,11.10,0.00,100.00,100.00
2026-05-13T11:22:29.978873,10.00,11.10,100.00,100.00
2026-05-13T11:22:30.079714,20.00,0.00,100.00,100.00
2026-05-13T11:22:30.180570,0.00,0.00,100.00,100.00
2026-05-13T11:22:30.284295,11.10,0.00,100.00,100.00
2026-05-13T11:22:30.385163,0.00,20.00,100.00,100.00
2026-05-13T11:22:30.489109,20.00,20.00,100.00,100.00
2026-05-13T11:22:30.589899,10.00,10.00,100.00,100.00
2026-05-13T11:22:30.690912,20.00,0.00,100.00,100.00
2026-05-13T11:22:30.794752,27.30,0.00,100.00,100.00
2026-05-13T11:22:30.895500,10.00,0.00,100.00,100.00
2026-05-13T11:22:30.998952,11.10,0.00,100.00,100.00
2026-05-13T11:22:31.099815,0.00,0.00,100.00,100.00
2026-05-13T11:22:31.200661,11.10,0.00,100.00,100.00
2026-05-13T11:22:31.304470,18.20,11.10,100.00,100.00
2026-05-13T11:22:31.405236,11.10,20.00,100.00,100.00
2026-05-13T11:22:31.508831,10.00,0.00,100.00,100.00
2026-05-13T11:22:31.609618,27.30,0.00,100.00,100.00
2026-05-13T11:22:31.710449,11.10,0.00,100.00,100.00
2026-05-13T11:22:31.814593,11.10,0.00,100.00,100.00
2026-05-13T11:22:31.915366,0.00,10.00,100.00,100.00
2026-05-13T11:22:32.019165,11.10,11.10,100.00,100.00
2026-05-13T11:22:32.119947,0.00,0.00,100.00,100.00
2026-05-13T11:22:32.220949,11.10,0.00,100.00,100.00
2026-05-13T11:22:32.324805,18.20,0.00,100.00,100.00
2026-05-13T11:22:32.425593,0.00,11.10,100.00,100.00
2026-05-13T11:22:32.529440,11.10,11.10,100.00,100.00
2026-05-13T11:22:32.630214,11.10,0.00,100.00,100.00
2026-05-13T11:22:32.731083,18.20,11.10,100.00,100.00
2026-05-13T11:22:32.834717,11.10,0.00,100.00,100.00
2026-05-13T11:22:32.935618,0.00,0.00,100.00,100.00
2026-05-13T11:22:33.039401,10.00,11.10,100.00,100.00
2026-05-13T11:22:33.140177,20.00,0.00,100.00,100.00
2026-05-13T11:22:33.240943,0.00,0.00,100.00,100.00
2026-05-13T11:22:33.344686,20.00,11.10,100.00,100.00
2026-05-13T11:22:33.445592,11.10,11.10,100.00,100.00
2026-05-13T11:22:33.549606,0.00,11.10,100.00,100.00
2026-05-13T11:22:33.650473,20.00,0.00,100.00,100.00
2026-05-13T11:22:33.751488,11.10,0.00,100.00,100.00
2026-05-13T11:22:33.855148,10.00,0.00,100.00,100.00
2026-05-13T11:22:33.956054,20.00,0.00,100.00,100.00
2026-05-13T11:22:34.059917,20.00,10.00,100.00,100.00
2026-05-13T11:22:34.160777,10.00,0.00,100.00,100.00
2026-05-13T11:22:34.261551,0.00,11.10,100.00,100.00
2026-05-13T11:22:34.365511,11.10,11.10,100.00,100.00
2026-05-13T11:22:34.466331,20.00,0.00,100.00,100.00
2026-05-13T11:22:34.570169,20.00,20.00,100.00,100.00
2026-05-13T11:22:34.671018,11.10,0.00,100.00,100.00
2026-05-13T11:22:34.771815,18.20,0.00,100.00,100.00
2026-05-13T11:22:34.875529,0.00,0.00,100.00,100.00
2026-05-13T11:22:34.976363,20.00,0.00,100.00,100.00
2026-05-13T11:22:35.080496,18.20,11.10,100.00,100.00
2026-05-13T11:22:35.181364,20.00,0.00,100.00,100.00
2026-05-13T11:22:35.282198,11.10,0.00,100.00,100.00
2026-05-13T11:22:35.386432,11.10,10.00,100.00,100.00
2026-05-13T11:22:35.487246,10.00,0.00,100.00,100.00
2026-05-13T11:22:35.591200,11.10,0.00,100.00,100.00
2026-05-13T11:22:35.692022,11.10,0.00,100.00,100.00
2026-05-13T11:22:35.792838,0.00,11.10,100.00,100.00
2026-05-13T11:22:35.896917,20.00,0.00,100.00,100.00
2026-05-13T11:22:35.997782,11.10,11.10,100.00,100.00
2026-05-13T11:22:36.101794,11.10,0.00,100.00,100.00
2026-05-13T11:22:36.202711,18.20,0.00,100.00,100.00
2026-05-13T11:22:36.303533,0.00,11.10,100.00,100.00
2026-05-13T11:22:36.407140,27.30,11.10,100.00,100.00
2026-05-13T11:22:36.507981,11.10,0.00,100.00,100.00
2026-05-13T11:22:36.611643,0.00,0.00,100.00,100.00
2026-05-13T11:22:36.712428,10.00,0.00,100.00,100.00
2026-05-13T11:22:36.813287,11.10,11.10,100.00,100.00
2026-05-13T11:22:36.916998,0.00,10.00,100.00,100.00
2026-05-13T11:22:37.017854,10.00,0.00,100.00,100.00
2026-05-13T11:22:37.121588,11.10,11.10,100.00,100.00
2026-05-13T11:22:37.222481,11.10,0.00,100.00,100.00
2026-05-13T11:22:37.323298,10.00,0.00,100.00,100.00
2026-05-13T11:22:37.427192,20.00,0.00,100.00,100.00
2026-05-13T11:22:37.528028,11.10,0.00,100.00,100.00
2026-05-13T11:22:37.631693,10.00,18.20,100.00,100.00
2026-05-13T11:22:37.732485,11.10,12.50,100.00,100.00
2026-05-13T11:22:37.833268,11.10,0.00,100.00,100.00
2026-05-13T11:22:37.937070,10.00,10.00,100.00,100.00
2026-05-13T11:22:38.037915,0.00,0.00,100.00,100.00
2026-05-13T11:22:38.141646,11.10,0.00,100.00,100.00
2026-05-13T11:22:38.242465,11.10,0.00,100.00,100.00
2026-05-13T11:22:38.343485,20.00,11.10,100.00,100.00
2026-05-13T11:22:38.447024,11.10,11.10,100.00,100.00
2026-05-13T11:22:38.547811,11.10,0.00,100.00,100.00
2026-05-13T11:22:38.651741,20.00,22.20,100.00,100.00
2026-05-13T11:22:38.752523,11.10,0.00,100.00,100.00
2026-05-13T11:22:38.853318,0.00,0.00,100.00,100.00
2026-05-13T11:22:38.957010,11.10,11.10,100.00,100.00
2026-05-13T11:22:39.057914,0.00,0.00,100.00,100.00
2026-05-13T11:22:39.162055,11.10,18.20,100.00,100.00
2026-05-13T11:22:39.262896,11.10,0.00,100.00,100.00
2026-05-13T11:22:39.363660,20.00,0.00,100.00,100.00
2026-05-13T11:22:39.467219,11.10,0.00,100.00,100.00
2026-05-13T11:22:39.568050,10.00,0.00,100.00,100.00
2026-05-13T11:22:39.671860,0.00,11.10,100.00,100.00
2026-05-13T11:22:39.772668,27.30,0.00,100.00,100.00
2026-05-13T11:22:39.873586,10.00,10.00,100.00,100.00
2026-05-13T11:22:39.977264,11.10,11.10,100.00,100.00
2026-05-13T11:22:40.078061,11.10,0.00,100.00,100.00
2026-05-13T11:22:40.181844,11.10,0.00,100.00,100.00
2026-05-13T11:22:40.282653,10.00,0.00,100.00,100.00
2026-05-13T11:22:40.383479,20.00,0.00,100.00,100.00
2026-05-13T11:22:40.487532,11.10,0.00,100.00,100.00
2026-05-13T11:22:40.588451,10.00,0.00,100.00,100.00
2026-05-13T11:22:40.692269,0.00,20.00,100.00,100.00
2026-05-13T11:22:40.793143,11.10,0.00,100.00,100.00
2026-05-13T11:22:40.893962,11.10,11.10,100.00,100.00
2026-05-13T11:22:40.997718,10.00,0.00,100.00,100.00
2026-05-13T11:22:41.098721,11.10,11.10,100.00,100.00
2026-05-13T11:22:41.202633,27.30,0.00,100.00,100.00
2026-05-13T11:22:41.303446,10.00,0.00,100.00,100.00
2026-05-13T11:22:41.404246,11.10,0.00,100.00,100.00
2026-05-13T11:22:41.507985,0.00,20.00,100.00,100.00
2026-05-13T11:22:41.608905,18.20,0.00,100.00,100.00
2026-05-13T11:22:41.712881,0.00,0.00,100.00,100.00
2026-05-13T11:22:41.813716,20.00,0.00,100.00,100.00
2026-05-13T11:22:41.914530,0.00,11.10,100.00,100.00
2026-05-13T11:22:42.018172,10.00,0.00,100.00,100.00
2026-05-13T11:22:42.118912,11.10,11.10,100.00,100.00
2026-05-13T11:22:42.222836,11.10,11.10,100.00,100.00
2026-05-13T11:22:42.323614,10.00,11.10,100.00,100.00
2026-05-13T11:22:42.424480,20.00,0.00,100.00,100.00
2026-05-13T11:22:42.527978,11.10,11.10,100.00,100.00
2026-05-13T11:22:42.628819,18.20,0.00,100.00,100.00
2026-05-13T11:22:42.733849,0.00,12.50,100.00,100.00
2026-05-13T11:22:42.834804,25.00,16.70,100.00,100.00
2026-05-13T11:22:42.935849,28.60,16.70,100.00,100.00
2026-05-13T11:22:43.040828,28.60,28.60,100.00,100.00
2026-05-13T11:22:43.141717,16.70,16.70,100.00,100.00
2026-05-13T11:22:43.246629,14.30,37.50,100.00,100.00
2026-05-13T11:22:43.347523,28.60,16.70,100.00,100.00
2026-05-13T11:22:43.448566,25.00,28.60,100.00,100.00
2026-05-13T11:22:43.553653,16.70,16.70,100.00,100.00
2026-05-13T11:22:43.654542,25.00,28.60,100.00,100.00
2026-05-13T11:22:43.759549,16.70,28.60,100.00,100.00
2026-05-13T11:22:43.860697,33.30,14.30,100.00,100.00
2026-05-13T11:22:43.961664,25.00,16.70,100.00,100.00
2026-05-13T11:22:44.066339,16.70,16.70,100.00,100.00
2026-05-13T11:22:44.167245,25.00,28.60,100.00,100.00
2026-05-13T11:22:44.271251,0.00,0.00,100.00,100.00
2026-05-13T11:22:44.372224,25.00,42.90,100.00,100.00
2026-05-13T11:22:44.473082,16.70,0.00,100.00,100.00
2026-05-13T11:22:44.577765,25.00,28.60,100.00,100.00
2026-05-13T11:22:44.678653,16.70,44.40,100.00,100.00
2026-05-13T11:22:44.783074,37.50,20.00,100.00,100.00
2026-05-13T11:22:44.884171,28.60,28.60,100.00,100.00
2026-05-13T11:22:44.985032,28.60,28.60,100.00,100.00
2026-05-13T11:22:45.089255,28.60,28.60,100.00,100.00
2026-05-13T11:22:45.190216,25.00,0.00,100.00,100.00
2026-05-13T11:22:45.295139,28.60,37.50,100.00,100.00
2026-05-13T11:22:45.395981,25.00,28.60,100.00,100.00
2026-05-13T11:22:45.496804,28.60,28.60,100.00,100.00
2026-05-13T11:22:45.600880,25.00,28.60,100.00,100.00
2026-05-13T11:22:45.701802,28.60,16.70,100.00,100.00
2026-05-13T11:22:45.805992,28.60,25.00,100.00,100.00
2026-05-13T11:22:45.906924,14.30,16.70,100.00,100.00
2026-05-13T11:22:46.007776,28.60,16.70,100.00,100.00
2026-05-13T11:22:46.112129,14.30,37.50,100.00,100.00
2026-05-13T11:22:46.213029,25.00,0.00,100.00,100.00
2026-05-13T11:22:46.317329,37.50,33.30,100.00,100.00
2026-05-13T11:22:46.418256,14.30,33.30,100.00,100.00
2026-05-13T11:22:46.519233,16.70,0.00,100.00,100.00
2026-05-13T11:22:46.624056,28.60,25.00,100.00,100.00
2026-05-13T11:22:46.725016,14.30,28.60,100.00,100.00
2026-05-13T11:22:46.829275,25.00,28.60,100.00,100.00
2026-05-13T11:22:46.930121,16.70,28.60,100.00,100.00
2026-05-13T11:22:47.030930,25.00,0.00,100.00,100.00
2026-05-13T11:22:47.135492,0.00,37.50,100.00,100.00
2026-05-13T11:22:47.236534,33.30,16.70,100.00,100.00
2026-05-13T11:22:47.341241,16.70,28.60,100.00,100.00
2026-05-13T11:22:47.442196,28.60,14.30,100.00,100.00
2026-05-13T11:22:47.543123,25.00,16.70,100.00,100.00
2026-05-13T11:22:47.648283,14.30,16.70,100.00,100.00
2026-05-13T11:22:47.749162,16.70,28.60,100.00,100.00
2026-05-13T11:22:47.854082,40.00,28.60,100.00,100.00
2026-05-13T11:22:47.955353,0.00,14.30,100.00,100.00
2026-05-13T11:22:48.056252,25.00,16.70,100.00,100.00
2026-05-13T11:22:48.160902,28.60,50.00,100.00,100.00
2026-05-13T11:22:48.261954,28.60,16.70,100.00,100.00
2026-05-13T11:22:48.366416,16.70,37.50,100.00,100.00
2026-05-13T11:22:48.467251,25.00,28.60,100.00,100.00
2026-05-13T11:22:48.568258,28.60,14.30,100.00,100.00
2026-05-13T11:22:48.673257,28.60,42.90,100.00,100.00
2026-05-13T11:22:48.774231,25.00,14.30,100.00,100.00
2026-05-13T11:22:48.878990,28.60,16.70,100.00,100.00
2026-05-13T11:22:48.979871,25.00,28.60,100.00,100.00
2026-05-13T11:22:49.080746,16.70,28.60,100.00,100.00
2026-05-13T11:22:49.186076,25.00,28.60,100.00,100.00
2026-05-13T11:22:49.286945,16.70,0.00,100.00,100.00
2026-05-13T11:22:49.391505,14.30,37.50,100.00,100.00
2026-05-13T11:22:49.492489,37.50,14.30,100.00,100.00
2026-05-13T11:22:49.593438,25.00,28.60,100.00,100.00
2026-05-13T11:22:49.698596,14.30,16.70,100.00,100.00
2026-05-13T11:22:49.799751,16.70,16.70,100.00,100.00
2026-05-13T11:22:49.903888,28.60,28.60,100.00,100.00
2026-05-13T11:22:50.005047,14.30,16.70,100.00,100.00
2026-05-13T11:22:50.105895,37.50,16.70,100.00,100.00
2026-05-13T11:22:50.210995,28.60,28.60,100.00,100.00
2026-05-13T11:22:50.311961,0.00,28.60,100.00,100.00
2026-05-13T11:22:50.416850,28.60,37.50,100.00,100.00
2026-05-13T11:22:50.517700,16.70,28.60,100.00,100.00
2026-05-13T11:22:50.618737,25.00,16.70,100.00,100.00
2026-05-13T11:22:50.723149,28.60,28.60,100.00,100.00
2026-05-13T11:22:50.824174,25.00,16.70,100.00,100.00
2026-05-13T11:22:50.929104,25.00,28.60,100.00,100.00
2026-05-13T11:22:51.030024,16.70,28.60,100.00,100.00
2026-05-13T11:22:51.131007,16.70,0.00,100.00,100.00
2026-05-13T11:22:51.236015,14.30,37.50,100.00,100.00
2026-05-13T11:22:51.336874,28.60,0.00,100.00,100.00
2026-05-13T11:22:51.441208,25.00,44.40,100.00,100.00
2026-05-13T11:22:51.542133,28.60,16.70,100.00,100.00
2026-05-13T11:22:51.643042,14.30,28.60,100.00,100.00
2026-05-13T11:22:51.747549,25.00,28.60,100.00,100.00
2026-05-13T11:22:51.848463,37.50,28.60,100.00,100.00
2026-05-13T11:22:51.953488,14.30,14.30,100.00,100.00
2026-05-13T11:22:52.054410,16.70,28.60,100.00,100.00
2026-05-13T11:22:52.155338,25.00,28.60,100.00,100.00
2026-05-13T11:22:52.260232,28.60,16.70,100.00,100.00
2026-05-13T11:22:52.361361,0.00,28.60,100.00,100.00
2026-05-13T11:22:52.465154,28.60,28.60,100.00,100.00
2026-05-13T11:22:52.566128,14.30,16.70,100.00,100.00
2026-05-13T11:22:52.667069,16.70,28.60,100.00,100.00
2026-05-13T11:22:52.771962,25.00,25.00,100.00,100.00
2026-05-13T11:22:52.872971,28.60,16.70,100.00,100.00
2026-05-13T11:22:52.979229,33.30,37.50,100.00,100.00
2026-05-13T11:22:53.080244,16.70,28.60,100.00,100.00
2026-05-13T11:22:53.181141,25.00,16.70,100.00,100.00
2026-05-13T11:22:53.286017,16.70,28.60,100.00,100.00
2026-05-13T11:22:53.386913,25.00,16.70,100.00,100.00
2026-05-13T11:22:53.491823,28.60,28.60,100.00,100.00
2026-05-13T11:22:53.592733,14.30,14.30,100.00,100.00
2026-05-13T11:22:53.693633,25.00,44.40,100.00,100.00
2026-05-13T11:22:53.799245,28.60,16.70,100.00,100.00
2026-05-13T11:22:53.900050,14.30,16.70,100.00,100.00
2026-05-13T11:22:54.004595,28.60,44.40,100.00,100.00
2026-05-13T11:22:54.105653,25.00,16.70,100.00,100.00
2026-05-13T11:22:54.206512,28.60,16.70,100.00,100.00
2026-05-13T11:22:54.311719,25.00,25.00,100.00,100.00
2026-05-13T11:22:54.412737,28.60,33.30,100.00,100.00
2026-05-13T11:22:54.517128,14.30,28.60,100.00,100.00
2026-05-13T11:22:54.618141,16.70,25.00,100.00,100.00
2026-05-13T11:22:54.719026,14.30,28.60,100.00,100.00
2026-05-13T11:22:54.823755,25.00,16.70,100.00,100.00
2026-05-13T11:22:54.924611,28.60,16.70,100.00,100.00
2026-05-13T11:22:55.030118,0.00,33.30,100.00,100.00
2026-05-13T11:22:55.130941,28.60,0.00,100.00,100.00
2026-05-13T11:22:55.231910,28.60,28.60,100.00,100.00
2026-05-13T11:22:55.337213,25.00,33.30,100.00,100.00
2026-05-13T11:22:55.438178,16.70,28.60,100.00,100.00
2026-05-13T11:22:55.542436,37.50,28.60,100.00,100.00
2026-05-13T11:22:55.643429,28.60,20.00,100.00,100.00
2026-05-13T11:22:55.744472,28.60,28.60,100.00,100.00
2026-05-13T11:22:55.849995,16.70,16.70,100.00,100.00
2026-05-13T11:22:55.950844,28.60,28.60,100.00,100.00
2026-05-13T11:22:56.056207,25.00,37.50,100.00,100.00
2026-05-13T11:22:56.157152,16.70,0.00,100.00,100.00
2026-05-13T11:22:56.258019,25.00,33.30,100.00,100.00
2026-05-13T11:22:56.362966,16.70,28.60,100.00,100.00
2026-05-13T11:22:56.463836,16.70,28.60,100.00,100.00
2026-05-13T11:22:56.568520,33.30,25.00,100.00,100.00
2026-05-13T11:22:56.669419,14.30,33.30,100.00,100.00
2026-05-13T11:22:56.770292,28.60,28.60,100.00,100.00
2026-05-13T11:22:56.875163,14.30,14.30,100.00,100.00
2026-05-13T11:22:56.976231,28.60,0.00,100.00,100.00
2026-05-13T11:22:57.080965,14.30,37.50,100.00,100.00
2026-05-13T11:22:57.182034,28.60,0.00,100.00,100.00
2026-05-13T11:22:57.282906,14.30,37.50,100.00,100.00
2026-05-13T11:22:57.387551,28.60,14.30,100.00,100.00
2026-05-13T11:22:57.488466,25.00,0.00,100.00,100.00
2026-05-13T11:22:57.592799,16.70,37.50,100.00,100.00
2026-05-13T11:22:57.693654,25.00,0.00,100.00,100.00
2026-05-13T11:22:57.794512,11.10,22.20,100.00,100.00
2026-05-13T11:22:57.898602,11.10,0.00,100.00,100.00
2026-05-13T11:22:57.999461,22.20,0.00,100.00,100.00
2026-05-13T11:22:58.103300,11.10,12.50,100.00,100.00
2026-05-13T11:22:58.204070,22.20,14.30,100.00,100.00
2026-05-13T11:22:58.304891,12.50,12.50,100.00,100.00
2026-05-13T11:22:58.409451,12.50,0.00,100.00,100.00
2026-05-13T11:22:58.510198,11.10,12.50,100.00,100.00
2026-05-13T11:22:58.614513,22.20,0.00,100.00,100.00
2026-05-13T11:22:58.715355,22.20,25.00,100.00,100.00
2026-05-13T11:22:58.816225,0.00,0.00,100.00,100.00
2026-05-13T11:22:58.920067,11.10,11.10,100.00,100.00
2026-05-13T11:22:59.021012,22.20,12.50,100.00,100.00
2026-05-13T11:22:59.124892,27.30,0.00,100.00,100.00
2026-05-13T11:22:59.225762,0.00,12.50,100.00,100.00
2026-05-13T11:22:59.326521,20.00,12.50,100.00,100.00
2026-05-13T11:22:59.430361,22.20,11.10,100.00,100.00
2026-05-13T11:22:59.531233,11.10,12.50,100.00,100.00
2026-05-13T11:22:59.635554,12.50,22.20,100.00,100.00
2026-05-13T11:22:59.736375,20.00,0.00,100.00,100.00
2026-05-13T11:22:59.837344,11.10,0.00,100.00,100.00
2026-05-13T11:22:59.941405,22.20,11.10,100.00,100.00
2026-05-13T11:23:00.042220,0.00,0.00,100.00,100.00
2026-05-13T11:23:00.146232,22.20,12.50,100.00,100.00
2026-05-13T11:23:00.247173,11.10,12.50,100.00,100.00
2026-05-13T11:23:00.348027,0.00,12.50,100.00,100.00
2026-05-13T11:23:00.451676,20.00,0.00,100.00,100.00
2026-05-13T11:23:00.552510,12.50,0.00,100.00,100.00
2026-05-13T11:23:00.656455,20.00,12.50,100.00,100.00
2026-05-13T11:23:00.757255,11.10,12.50,100.00,100.00
2026-05-13T11:23:00.858135,12.50,11.10,100.00,100.00
2026-05-13T11:23:00.962049,11.10,0.00,100.00,100.00
2026-05-13T11:23:01.062972,11.10,0.00,100.00,100.00
2026-05-13T11:23:01.166914,11.10,11.10,100.00,100.00
2026-05-13T11:23:01.267782,22.20,12.50,100.00,100.00
2026-05-13T11:23:01.368624,12.50,12.50,100.00,100.00
2026-05-13T11:23:01.472286,11.10,0.00,100.00,100.00
2026-05-13T11:23:01.573128,0.00,11.10,100.00,100.00
2026-05-13T11:23:01.677034,22.20,12.50,100.00,100.00
2026-05-13T11:23:01.777848,11.10,0.00,100.00,100.00
2026-05-13T11:23:01.878662,12.50,0.00,100.00,100.00
2026-05-13T11:23:01.983086,12.50,0.00,100.00,100.00
2026-05-13T11:23:02.084018,20.00,12.50,100.00,100.00
2026-05-13T11:23:02.188021,12.50,12.50,100.00,100.00
2026-05-13T11:23:02.288925,22.20,0.00,100.00,100.00
2026-05-13T11:23:02.389703,12.50,12.50,100.00,100.00
2026-05-13T11:23:02.493888,20.00,12.50,100.00,100.00
2026-05-13T11:23:02.594712,22.20,0.00,100.00,100.00
2026-05-13T11:23:02.698581,27.30,22.20,100.00,100.00
2026-05-13T11:23:02.799396,12.50,0.00,100.00,100.00
2026-05-13T11:23:02.900181,22.20,0.00,100.00,100.00
2026-05-13T11:23:03.004057,11.10,12.50,100.00,100.00
2026-05-13T11:23:03.104936,12.50,11.10,100.00,100.00
2026-05-13T11:23:03.208984,11.10,0.00,100.00,100.00
2026-05-13T11:23:03.309761,22.20,12.50,100.00,100.00
2026-05-13T11:23:03.410675,20.00,0.00,100.00,100.00
2026-05-13T11:23:03.514555,11.10,30.00,100.00,100.00
2026-05-13T11:23:03.615327,22.20,0.00,100.00,100.00
2026-05-13T11:23:03.718901,27.30,0.00,100.00,100.00
2026-05-13T11:23:03.819784,20.00,0.00,100.00,100.00
2026-05-13T11:23:03.920616,0.00,0.00,100.00,100.00
2026-05-13T11:23:04.024496,20.00,12.50,100.00,100.00
2026-05-13T11:23:04.125228,22.20,0.00,100.00,100.00
2026-05-13T11:23:04.231938,0.00,12.50,100.00,100.00
2026-05-13T11:23:04.332834,20.00,12.50,100.00,100.00
2026-05-13T11:23:04.433652,12.50,12.50,100.00,100.00
2026-05-13T11:23:04.537462,20.00,12.50,100.00,100.00
2026-05-13T11:23:04.638500,30.00,0.00,100.00,100.00
2026-05-13T11:23:04.742658,11.10,0.00,100.00,100.00
2026-05-13T11:23:04.843631,12.50,12.50,100.00,100.00
2026-05-13T11:23:04.944517,12.50,0.00,100.00,100.00
2026-05-13T11:23:05.048758,33.30,12.50,100.00,100.00
2026-05-13T11:23:05.149764,12.50,0.00,100.00,100.00
2026-05-13T11:23:05.254251,11.10,12.50,100.00,100.00
2026-05-13T11:23:05.355006,12.50,0.00,100.00,100.00
2026-05-13T11:23:05.455779,20.00,0.00,100.00,100.00
2026-05-13T11:23:05.560468,12.50,20.00,100.00,100.00
2026-05-13T11:23:05.661354,0.00,0.00,100.00,100.00
2026-05-13T11:23:05.765664,36.40,0.00,100.00,100.00
2026-05-13T11:23:05.866553,22.20,12.50,100.00,100.00
2026-05-13T11:23:05.967370,11.10,0.00,100.00,100.00
2026-05-13T11:23:06.071288,20.00,0.00,100.00,100.00
2026-05-13T11:23:06.172164,12.50,0.00,100.00,100.00
2026-05-13T11:23:06.276426,11.10,12.50,100.00,100.00
2026-05-13T11:23:06.377377,22.20,14.30,100.00,100.00
2026-05-13T11:23:06.478135,12.50,12.50,100.00,100.00
2026-05-13T11:23:06.582293,12.50,0.00,100.00,100.00
2026-05-13T11:23:06.683219,20.00,22.20,100.00,100.00
2026-05-13T11:23:06.787622,22.20,0.00,100.00,100.00
2026-05-13T11:23:06.888422,11.10,0.00,100.00,100.00
2026-05-13T11:23:06.989239,30.00,12.50,100.00,100.00
2026-05-13T11:23:07.094238,20.00,0.00,100.00,100.00
2026-05-13T11:23:07.195034,12.50,12.50,100.00,100.00
2026-05-13T11:23:07.299048,12.50,0.00,100.00,100.00
2026-05-13T11:23:07.399809,11.10,22.20,100.00,100.00
2026-05-13T11:23:07.500670,12.50,0.00,100.00,100.00
2026-05-13T11:23:07.605498,20.00,0.00,100.00,100.00
2026-05-13T11:23:07.706441,12.50,0.00,100.00,100.00
2026-05-13T11:23:07.810490,11.10,0.00,100.00,100.00
2026-05-13T11:23:07.911459,22.20,12.50,100.00,100.00
2026-05-13T11:23:08.012257,20.00,0.00,100.00,100.00
2026-05-13T11:23:08.116049,0.00,12.50,100.00,100.00
2026-05-13T11:23:08.217039,27.30,0.00,100.00,100.00
2026-05-13T11:23:08.320967,11.10,11.10,100.00,100.00
2026-05-13T11:23:08.421859,0.00,12.50,100.00,100.00
2026-05-13T11:23:08.522660,20.00,0.00,100.00,100.00
2026-05-13T11:23:08.626459,0.00,11.10,100.00,100.00
2026-05-13T11:23:08.727279,30.00,33.30,100.00,100.00
2026-05-13T11:23:08.831461,11.10,0.00,100.00,100.00
2026-05-13T11:23:08.932248,11.10,0.00,100.00,100.00
2026-05-13T11:23:09.033061,30.00,12.50,100.00,100.00
2026-05-13T11:23:09.137925,11.10,0.00,100.00,100.00
2026-05-13T11:23:09.238883,12.50,0.00,100.00,100.00
2026-05-13T11:23:09.344005,22.20,33.30,100.00,100.00
2026-05-13T11:23:09.445013,12.50,0.00,100.00,100.00
2026-05-13T11:23:09.545991,11.10,0.00,100.00,100.00
2026-05-13T11:23:09.650249,22.20,0.00,100.00,100.00
2026-05-13T11:23:09.751084,11.10,0.00,100.00,100.00
2026-05-13T11:23:09.854984,12.50,11.10,100.00,100.00
2026-05-13T11:23:09.955795,11.10,0.00,100.00,100.00
2026-05-13T11:23:10.056801,12.50,0.00,100.00,100.00
2026-05-13T11:23:10.160929,20.00,22.20,100.00,100.00
2026-05-13T11:23:10.261808,12.50,0.00,100.00,100.00
2026-05-13T11:23:10.365749,0.00,0.00,100.00,100.00
2026-05-13T11:23:10.466601,22.20,12.50,100.00,100.00
2026-05-13T11:23:10.567453,11.10,0.00,100.00,100.00
2026-05-13T11:23:10.671470,20.00,11.10,100.00,100.00
2026-05-13T11:23:10.772380,12.50,0.00,100.00,100.00
2026-05-13T11:23:10.876443,11.10,0.00,100.00,100.00
2026-05-13T11:23:10.977287,22.20,0.00,100.00,100.00
2026-05-13T11:23:11.078225,0.00,22.20,100.00,100.00
2026-05-13T11:23:11.182447,22.20,0.00,100.00,100.00
2026-05-13T11:23:11.283265,20.00,0.00,100.00,100.00
2026-05-13T11:23:11.387806,0.00,0.00,100.00,100.00
2026-05-13T11:23:11.488670,11.10,20.00,100.00,100.00
2026-05-13T11:23:11.589498,11.10,0.00,100.00,100.00
2026-05-13T11:23:11.693487,22.20,0.00,100.00,100.00
2026-05-13T11:23:11.794260,11.10,0.00,100.00,100.00
2026-05-13T11:23:11.898460,22.20,12.50,100.00,100.00
2026-05-13T11:23:11.999338,20.00,0.00,100.00,100.00
2026-05-13T11:23:12.100204,0.00,0.00,100.00,100.00
2026-05-13T11:23:12.204277,11.10,11.10,100.00,100.00
2026-05-13T11:23:12.305287,11.10,12.50,100.00,100.00
2026-05-13T11:23:12.408981,12.50,12.50,100.00,100.00
2026-05-13T11:23:12.509871,0.00,0.00,100.00,100.00
2026-05-13T11:23:12.610850,11.10,11.10,100.00,100.00
2026-05-13T11:23:12.715131,44.40,50.00,100.00,100.00
2026-05-13T11:23:12.873281,78.60,86.70,87.50,100.00
2026-05-13T11:23:12.978529,75.00,55.60,62.50,100.00
2026-05-13T11:23:13.079530,66.70,50.00,70.00,100.00
2026-05-13T11:23:13.185868,66.70,66.70,75.00,100.00
2026-05-13T11:23:13.287866,70.00,57.10,66.70,100.00
2026-05-13T11:23:13.388957,66.70,66.70,57.10,100.00
2026-05-13T11:23:13.494805,66.70,57.10,66.70,100.00
2026-05-13T11:23:13.595841,66.70,57.10,57.10,100.00
2026-05-13T11:23:13.701630,66.70,62.50,62.50,100.00
2026-05-13T11:23:13.802874,75.00,62.50,66.70,100.00
2026-05-13T11:23:13.903918,72.70,70.00,75.00,100.00
2026-05-13T11:23:14.008945,71.40,75.00,72.70,100.00
2026-05-13T11:23:14.109942,70.00,66.70,66.70,100.00
2026-05-13T11:23:14.216789,77.80,66.70,77.80,100.00
2026-05-13T11:23:14.317854,66.70,62.50,62.50,100.00
2026-05-13T11:23:14.418817,77.80,66.70,75.00,100.00
2026-05-13T11:23:14.524205,62.50,55.60,66.70,100.00
2026-05-13T11:23:14.625614,70.00,62.50,66.70,100.00
2026-05-13T11:23:14.731352,77.80,66.70,66.70,100.00
2026-05-13T11:23:14.832620,66.70,62.50,71.40,100.00
2026-05-13T11:23:14.933755,77.80,66.70,66.70,100.00
2026-05-13T11:23:15.038523,66.70,62.50,70.00,100.00
2026-05-13T11:23:15.139433,77.80,75.00,71.40,100.00
2026-05-13T11:23:15.246671,70.00,66.70,62.50,100.00
2026-05-13T11:23:15.348132,62.50,66.70,62.50,100.00
2026-05-13T11:23:15.449562,77.80,62.50,70.00,100.00
2026-05-13T11:23:15.554054,57.10,57.10,57.10,100.00
2026-05-13T11:23:15.655174,70.00,66.70,66.70,100.00
2026-05-13T11:23:15.760228,71.40,71.40,75.00,100.00
2026-05-13T11:23:15.861418,70.00,70.00,57.10,100.00
2026-05-13T11:23:15.962525,75.00,62.50,70.00,100.00
2026-05-13T11:23:16.069122,72.70,71.40,75.00,100.00
2026-05-13T11:23:16.170622,71.40,70.00,66.70,100.00
2026-05-13T11:23:16.278044,70.00,62.50,70.00,100.00
2026-05-13T11:23:16.379558,80.00,71.40,77.80,100.00
2026-05-13T11:23:16.480734,62.50,62.50,66.70,100.00
2026-05-13T11:23:16.586934,81.80,62.50,71.40,100.00
2026-05-13T11:23:16.688231,71.40,77.80,66.70,100.00
2026-05-13T11:23:16.793385,70.00,57.10,66.70,100.00
2026-05-13T11:23:16.894433,62.50,62.50,66.70,100.00
2026-05-13T11:23:16.995589,70.00,55.60,66.70,100.00
2026-05-13T11:23:17.100638,75.00,66.70,75.00,100.00
2026-05-13T11:23:17.201693,66.70,66.70,62.50,100.00
2026-05-13T11:23:17.307515,66.70,71.40,66.70,100.00
2026-05-13T11:23:17.408805,75.00,62.50,71.40,100.00
2026-05-13T11:23:17.510034,77.80,70.00,66.70,100.00
2026-05-13T11:23:17.615247,72.70,71.40,62.50,100.00
2026-05-13T11:23:17.716469,62.50,42.90,66.70,100.00
2026-05-13T11:23:17.822468,62.50,57.10,62.50,100.00
2026-05-13T11:23:17.923603,75.00,66.70,66.70,100.00
2026-05-13T11:23:18.024658,57.10,50.00,50.00,100.00
2026-05-13T11:23:18.130277,70.00,62.50,75.00,100.00
2026-05-13T11:23:18.231462,57.10,55.60,57.10,100.00
2026-05-13T11:23:18.336704,66.70,62.50,66.70,100.00
2026-05-13T11:23:18.437595,71.40,57.10,66.70,100.00
2026-05-13T11:23:18.538553,70.00,62.50,66.70,100.00
2026-05-13T11:23:18.643741,75.00,55.60,62.50,100.00
2026-05-13T11:23:18.744923,62.50,66.70,77.80,100.00
2026-05-13T11:23:18.850702,70.00,55.60,57.10,100.00
2026-05-13T11:23:18.952114,77.80,77.80,66.70,100.00
2026-05-13T11:23:19.053128,62.50,62.50,77.80,100.00
2026-05-13T11:23:19.160247,80.00,66.70,70.00,100.00
2026-05-13T11:23:19.261186,62.50,57.10,57.10,100.00
2026-05-13T11:23:19.367504,66.70,55.60,62.50,100.00
2026-05-13T11:23:19.468586,57.10,62.50,75.00,100.00
2026-05-13T11:23:19.569772,62.50,50.00,66.70,100.00
2026-05-13T11:23:19.674757,70.00,60.00,66.70,100.00
2026-05-13T11:23:19.775804,77.80,62.50,66.70,100.00
2026-05-13T11:23:19.880441,57.10,57.10,62.50,100.00
2026-05-13T11:23:19.981468,66.70,66.70,66.70,100.00
2026-05-13T11:23:20.082412,66.70,62.50,62.50,100.00
2026-05-13T11:23:20.186814,57.10,50.00,57.10,100.00
2026-05-13T11:23:20.288215,66.70,57.10,62.50,100.00
2026-05-13T11:23:20.394874,77.80,66.70,70.00,100.00
2026-05-13T11:23:20.496048,62.50,57.10,62.50,100.00
2026-05-13T11:23:20.597219,66.70,57.10,40.00,100.00
2026-05-13T11:23:20.702696,57.10,50.00,62.50,100.00
2026-05-13T11:23:20.803999,75.00,57.10,66.70,100.00
2026-05-13T11:23:20.914572,70.00,62.50,66.70,100.00
2026-05-13T11:23:21.015518,70.00,66.70,75.00,100.00
2026-05-13T11:23:21.116667,71.40,57.10,70.00,100.00
2026-05-13T11:23:21.223015,66.70,60.00,62.50,100.00
2026-05-13T11:23:21.324129,77.80,57.10,77.80,100.00
2026-05-13T11:23:21.429777,72.70,75.00,66.70,100.00
2026-05-13T11:23:21.530765,75.00,62.50,66.70,100.00
2026-05-13T11:23:21.631989,66.70,55.60,62.50,100.00
2026-05-13T11:23:21.738621,66.70,57.10,62.50,100.00
2026-05-13T11:23:21.840200,57.10,57.10,62.50,100.00
2026-05-13T11:23:21.945934,72.70,57.10,66.70,100.00
2026-05-13T11:23:22.047009,60.00,55.60,57.10,100.00
2026-05-13T11:23:22.148266,66.70,57.10,62.50,100.00
2026-05-13T11:23:22.254037,66.70,62.50,62.50,100.00
2026-05-13T11:23:22.355036,62.50,50.00,66.70,100.00
2026-05-13T11:23:22.460224,66.70,62.50,66.70,100.00
2026-05-13T11:23:22.561553,71.40,62.50,62.50,100.00
2026-05-13T11:23:22.662748,62.50,57.10,62.50,100.00
2026-05-13T11:23:22.768555,62.50,57.10,62.50,100.00
2026-05-13T11:23:22.869653,66.70,55.60,62.50,100.00
2026-05-13T11:23:22.975353,66.70,62.50,62.50,100.00
2026-05-13T11:23:23.076491,62.50,57.10,57.10,100.00
2026-05-13T11:23:23.177632,57.10,62.50,57.10,100.00
2026-05-13T11:23:23.283427,70.00,57.10,62.50,100.00
2026-05-13T11:23:23.384670,62.50,57.10,62.50,100.00
2026-05-13T11:23:23.490134,75.00,60.00,70.00,100.00
2026-05-13T11:23:23.591136,66.70,50.00,62.50,100.00
2026-05-13T11:23:23.692107,66.70,62.50,60.00,100.00
2026-05-13T11:23:23.798080,77.80,75.00,77.80,100.00
2026-05-13T11:23:23.898982,57.10,62.50,57.10,100.00
2026-05-13T11:23:24.003671,70.00,42.90,66.70,100.00
2026-05-13T11:23:24.104743,75.00,66.70,62.50,100.00
2026-05-13T11:23:24.205999,70.00,66.70,66.70,100.00
2026-05-13T11:23:24.312059,66.70,57.10,75.00,100.00
2026-05-13T11:23:24.413171,77.80,71.40,70.00,100.00
2026-05-13T11:23:24.519617,66.70,55.60,62.50,100.00
2026-05-13T11:23:24.620672,77.80,62.50,66.70,100.00
2026-05-13T11:23:24.721971,62.50,57.10,62.50,100.00
2026-05-13T11:23:24.826644,66.70,62.50,66.70,100.00
2026-05-13T11:23:24.927507,66.70,50.00,62.50,100.00
2026-05-13T11:23:25.032691,62.50,62.50,66.70,100.00
2026-05-13T11:23:25.133941,80.00,50.00,66.70,100.00
2026-05-13T11:23:25.234989,66.70,57.10,62.50,100.00
2026-05-13T11:23:25.339400,66.70,62.50,66.70,100.00
2026-05-13T11:23:25.440341,62.50,60.00,66.70,100.00
2026-05-13T11:23:25.545610,70.00,57.10,57.10,100.00
2026-05-13T11:23:25.646696,62.50,57.10,62.50,100.00
2026-05-13T11:23:25.747785,71.40,57.10,57.10,100.00
2026-05-13T11:23:25.853124,70.00,50.00,66.70,100.00
2026-05-13T11:23:25.954529,66.70,50.00,62.50,100.00
2026-05-13T11:23:26.060178,71.40,57.10,62.50,100.00
2026-05-13T11:23:26.161262,70.00,57.10,62.50,100.00
2026-05-13T11:23:26.262154,62.50,55.60,57.10,100.00
2026-05-13T11:23:26.367758,75.00,62.50,62.50,100.00
2026-05-13T11:23:26.469246,62.50,62.50,66.70,100.00
2026-05-13T11:23:26.577960,75.00,57.10,66.70,100.00
2026-05-13T11:23:26.678908,66.70,66.70,72.70,100.00
2026-05-13T11:23:26.779931,70.00,62.50,57.10,100.00
2026-05-13T11:23:26.884827,62.50,42.90,66.70,100.00
2026-05-13T11:23:26.986127,66.70,62.50,57.10,100.00
2026-05-13T11:23:27.092028,66.70,55.60,62.50,100.00
2026-05-13T11:23:27.193589,77.80,75.00,70.00,100.00
2026-05-13T11:23:27.295212,70.00,62.50,75.00,100.00
2026-05-13T11:23:27.400773,62.50,62.50,50.00,100.00
2026-05-13T11:23:27.501803,75.00,66.70,75.00,100.00
2026-05-13T11:23:27.607760,77.80,66.70,70.00,100.00
2026-05-13T11:23:27.781146,28.60,30.80,53.30,100.00
2026-05-13T11:23:27.831615,0.00,0.00,100.00,100.00
2026-05-13T11:23:27.935834,33.30,11.10,100.00,100.00
2026-05-13T11:23:28.036726,10.00,11.10,100.00,100.00
2026-05-13T11:23:28.140622,11.10,0.00,100.00,100.00
2026-05-13T11:23:28.241449,20.00,12.50,100.00,100.00
2026-05-13T11:23:28.342239,0.00,20.00,100.00,100.00
2026-05-13T11:23:28.446698,10.00,11.10,100.00,100.00
2026-05-13T11:23:28.547489,20.00,0.00,100.00,100.00
2026-05-13T11:23:28.651165,18.20,0.00,100.00,100.00
2026-05-13T11:23:28.751957,22.20,20.00,100.00,100.00
2026-05-13T11:23:28.852825,10.00,11.10,100.00,100.00
2026-05-13T11:23:28.956620,11.10,0.00,100.00,100.00
2026-05-13T11:23:29.057464,18.20,0.00,100.00,100.00
2026-05-13T11:23:29.160979,20.00,0.00,100.00,100.00
2026-05-13T11:23:29.261718,10.00,0.00,100.00,100.00
2026-05-13T11:23:29.362489,27.30,11.10,100.00,100.00
2026-05-13T11:23:29.466758,10.00,11.10,100.00,100.00
2026-05-13T11:23:29.567487,11.10,0.00,100.00,100.00
2026-05-13T11:23:29.671724,18.20,11.10,100.00,100.00
2026-05-13T11:23:29.772528,18.20,0.00,100.00,100.00
2026-05-13T11:23:29.873428,11.10,0.00,100.00,100.00
2026-05-13T11:23:29.977150,10.00,20.00,100.00,100.00
2026-05-13T11:23:30.077915,10.00,11.10,100.00,100.00
2026-05-13T11:23:30.181663,11.10,11.10,100.00,100.00
2026-05-13T11:23:30.282475,18.20,0.00,100.00,100.00
2026-05-13T11:23:30.383251,20.00,11.10,100.00,100.00
2026-05-13T11:23:30.486823,10.00,11.10,100.00,100.00
2026-05-13T11:23:30.587595,20.00,0.00,100.00,100.00
2026-05-13T11:23:30.690990,18.20,0.00,100.00,100.00
2026-05-13T11:23:30.791768,20.00,0.00,100.00,100.00
2026-05-13T11:23:30.892708,18.20,0.00,100.00,100.00
2026-05-13T11:23:30.996704,33.30,0.00,100.00,100.00
2026-05-13T11:23:31.097513,18.20,0.00,100.00,100.00
2026-05-13T11:23:31.201175,20.00,0.00,100.00,100.00
2026-05-13T11:23:31.301993,10.00,10.00,100.00,100.00
2026-05-13T11:23:31.402804,11.10,11.10,100.00,100.00
2026-05-13T11:23:31.506492,0.00,11.10,100.00,100.00
2026-05-13T11:23:31.607298,10.00,0.00,100.00,100.00
2026-05-13T11:23:31.710790,11.10,0.00,100.00,100.00
2026-05-13T11:23:31.811622,0.00,11.10,100.00,100.00
2026-05-13T11:23:31.912389,10.00,0.00,100.00,100.00
2026-05-13T11:23:32.016199,20.00,11.10,100.00,100.00
2026-05-13T11:23:32.116981,0.00,0.00,100.00,100.00
2026-05-13T11:23:32.220789,20.00,0.00,100.00,100.00
2026-05-13T11:23:32.321581,33.30,22.20,100.00,80.00
2026-05-13T11:23:32.422271,44.40,40.00,100.00,33.30
2026-05-13T11:23:32.785562,25.00,33.30,100.00,60.00
2026-05-13T11:23:32.886433,0.00,11.10,100.00,100.00
2026-05-13T11:23:32.987273,10.00,11.10,100.00,100.00
2026-05-13T11:23:33.090997,11.10,0.00,100.00,100.00
2026-05-13T11:23:33.191811,0.00,11.10,100.00,100.00
2026-05-13T11:23:33.295311,20.00,10.00,100.00,100.00
2026-05-13T11:23:33.396233,20.00,0.00,100.00,100.00
2026-05-13T11:23:33.497082,0.00,11.10,100.00,100.00
2026-05-13T11:23:33.600950,20.00,0.00,100.00,100.00
2026-05-13T11:23:33.701760,18.20,0.00,100.00,100.00
2026-05-13T11:23:33.805524,20.00,11.10,100.00,100.00
2026-05-13T11:23:33.906422,10.00,0.00,100.00,100.00
2026-05-13T11:23:34.007191,11.10,0.00,100.00,100.00
2026-05-13T11:23:34.111253,11.10,18.20,100.00,100.00
2026-05-13T11:23:34.212147,10.00,0.00,100.00,100.00
2026-05-13T11:23:34.315998,0.00,11.10,100.00,100.00
2026-05-13T11:23:34.416852,20.00,11.10,100.00,100.00
2026-05-13T11:23:34.517738,18.20,0.00,100.00,100.00
2026-05-13T11:23:34.621468,11.10,0.00,100.00,100.00
2026-05-13T11:23:34.722244,0.00,11.10,100.00,100.00
2026-05-13T11:23:34.826145,20.00,0.00,100.00,100.00
2026-05-13T11:23:34.926925,0.00,11.10,100.00,100.00
2026-05-13T11:23:35.027693,20.00,10.00,100.00,100.00
2026-05-13T11:23:35.131552,10.00,0.00,100.00,100.00
2026-05-13T11:23:35.232419,20.00,0.00,100.00,100.00
2026-05-13T11:23:35.336716,10.00,18.20,100.00,100.00
2026-05-13T11:23:35.437531,0.00,0.00,100.00,100.00
2026-05-13T11:23:35.538326,18.20,0.00,100.00,100.00
2026-05-13T11:23:35.642145,20.00,11.10,100.00,100.00
2026-05-13T11:23:35.742976,10.00,0.00,100.00,100.00
2026-05-13T11:23:35.846858,11.10,20.00,100.00,100.00
2026-05-13T11:23:35.947643,10.00,0.00,100.00,100.00
2026-05-13T11:23:36.048459,0.00,11.10,100.00,100.00
2026-05-13T11:23:36.152155,10.00,0.00,100.00,100.00
2026-05-13T11:23:36.252948,11.10,12.50,100.00,100.00
2026-05-13T11:23:36.356940,11.10,11.10,100.00,100.00
2026-05-13T11:23:36.457784,11.10,11.10,100.00,100.00
2026-05-13T11:23:36.558626,10.00,10.00,100.00,100.00
2026-05-13T11:23:36.662306,11.10,0.00,100.00,100.00
2026-05-13T11:23:36.763118,10.00,0.00,100.00,100.00
2026-05-13T11:23:36.866884,11.10,10.00,100.00,100.00
2026-05-13T11:23:36.967667,10.00,0.00,100.00,100.00
2026-05-13T11:23:37.068597,11.10,10.00,100.00,100.00
2026-05-13T11:23:37.172277,10.00,0.00,100.00,100.00
2026-05-13T11:23:37.273084,0.00,0.00,100.00,100.00
2026-05-13T11:23:37.376719,11.10,0.00,100.00,100.00
2026-05-13T11:23:37.477470,18.20,0.00,100.00,100.00
2026-05-13T11:23:37.578229,11.10,0.00,100.00,100.00
2026-05-13T11:23:37.682640,10.00,11.10,100.00,100.00
2026-05-13T11:23:37.783500,0.00,10.00,100.00,100.00
2026-05-13T11:23:37.887289,18.20,0.00,100.00,100.00
2026-05-13T11:23:37.988018,0.00,0.00,100.00,100.00
2026-05-13T11:23:38.088796,10.00,0.00,100.00,100.00
2026-05-13T11:23:38.192668,11.10,0.00,100.00,100.00
2026-05-13T11:23:38.293531,11.10,10.00,100.00,100.00
2026-05-13T11:23:38.397161,20.00,22.20,100.00,100.00
2026-05-13T11:23:38.497973,18.20,0.00,100.00,100.00
2026-05-13T11:23:38.598786,11.10,0.00,100.00,100.00
2026-05-13T11:23:38.702500,10.00,0.00,100.00,100.00
2026-05-13T11:23:38.803243,20.00,11.10,100.00,100.00
2026-05-13T11:23:38.906973,11.10,0.00,100.00,100.00
2026-05-13T11:23:39.007773,18.20,0.00,100.00,100.00
2026-05-13T11:23:39.108639,11.10,0.00,100.00,100.00
2026-05-13T11:23:39.212217,18.20,20.00,100.00,100.00
2026-05-13T11:23:39.313032,10.00,11.10,100.00,100.00
2026-05-13T11:23:39.416819,11.10,0.00,100.00,100.00
2026-05-13T11:23:39.517682,18.20,0.00,100.00,100.00
2026-05-13T11:23:39.618488,20.00,11.10,100.00,100.00
2026-05-13T11:23:39.721939,10.00,11.10,100.00,100.00
2026-05-13T11:23:39.822725,18.20,11.10,100.00,100.00
2026-05-13T11:23:39.926301,33.30,0.00,100.00,100.00
2026-05-13T11:23:40.027081,10.00,0.00,100.00,100.00
2026-05-13T11:23:40.127857,11.10,0.00,100.00,100.00
2026-05-13T11:23:40.231811,10.00,20.00,100.00,100.00
2026-05-13T11:23:40.332586,0.00,0.00,100.00,100.00
2026-05-13T11:23:40.436239,10.00,20.00,100.00,100.00
2026-05-13T11:23:40.537005,18.20,0.00,100.00,100.00
2026-05-13T11:23:40.637915,11.10,0.00,100.00,100.00
2026-05-13T11:23:40.741567,18.20,0.00,100.00,100.00
2026-05-13T11:23:40.842381,11.10,11.10,100.00,100.00
2026-05-13T11:23:40.946799,18.20,11.10,100.00,100.00
2026-05-13T11:23:41.047625,11.10,0.00,100.00,100.00
2026-05-13T11:23:41.148483,25.00,10.00,100.00,100.00
2026-05-13T11:23:41.252224,11.10,0.00,100.00,100.00
2026-05-13T11:23:41.353039,10.00,0.00,100.00,100.00
2026-05-13T11:23:41.457255,11.10,10.00,100.00,100.00
2026-05-13T11:23:41.558176,10.00,0.00,100.00,100.00
2026-05-13T11:23:41.658992,18.20,10.00,100.00,100.00
2026-05-13T11:23:41.762803,11.10,11.10,100.00,100.00
2026-05-13T11:23:41.863643,11.10,0.00,100.00,100.00
2026-05-13T11:23:41.967477,10.00,0.00,100.00,100.00
2026-05-13T11:23:42.068244,20.00,11.10,100.00,100.00
2026-05-13T11:23:42.168984,10.00,0.00,100.00,100.00
2026-05-13T11:23:42.272512,25.00,11.10,100.00,100.00
2026-05-13T11:23:42.373341,20.00,0.00,100.00,100.00
2026-05-13T11:23:42.477148,20.00,0.00,100.00,100.00
2026-05-13T11:23:42.577951,10.00,0.00,100.00,100.00
2026-05-13T11:23:42.678766,20.00,10.00,100.00,100.00
2026-05-13T11:23:42.782740,20.00,0.00,100.00,100.00
2026-05-13T11:23:42.883565,11.10,0.00,100.00,100.00
2026-05-13T11:23:42.987214,20.00,0.00,100.00,100.00
2026-05-13T11:23:43.087979,0.00,11.10,100.00,100.00
2026-05-13T11:23:43.188735,11.10,12.50,100.00,100.00
2026-05-13T11:23:43.292599,11.10,0.00,100.00,100.00
2026-05-13T11:23:43.393401,0.00,0.00,100.00,100.00
2026-05-13T11:23:43.497767,27.30,11.10,100.00,100.00
2026-05-13T11:23:43.598681,18.20,22.20,100.00,100.00
2026-05-13T11:23:43.699638,20.00,0.00,100.00,100.00
2026-05-13T11:23:43.803553,0.00,0.00,100.00,100.00
2026-05-13T11:23:43.904328,11.10,0.00,100.00,100.00
2026-05-13T11:23:44.008736,11.10,20.00,100.00,100.00
2026-05-13T11:23:44.109530,12.50,0.00,100.00,100.00
2026-05-13T11:23:44.210402,11.10,0.00,100.00,100.00
2026-05-13T11:23:44.314588,0.00,0.00,100.00,100.00
2026-05-13T11:23:44.415419,11.10,0.00,100.00,100.00
2026-05-13T11:23:44.519613,11.10,0.00,100.00,100.00
2026-05-13T11:23:44.620421,11.10,11.10,100.00,100.00
2026-05-13T11:23:44.721282,0.00,12.50,100.00,100.00
2026-05-13T11:23:44.825163,10.00,0.00,100.00,100.00
2026-05-13T11:23:44.925972,20.00,0.00,100.00,100.00
2026-05-13T11:23:45.030123,20.00,11.10,100.00,100.00
2026-05-13T11:23:45.130919,11.10,0.00,100.00,100.00
2026-05-13T11:23:45.231670,11.10,11.10,100.00,100.00
2026-05-13T11:23:45.336258,11.10,0.00,100.00,100.00
2026-05-13T11:23:45.437083,11.10,0.00,100.00,100.00
2026-05-13T11:23:45.541005,11.10,11.10,100.00,100.00
2026-05-13T11:23:45.641866,11.10,0.00,100.00,100.00
2026-05-13T11:23:45.742788,11.10,0.00,100.00,100.00
2026-05-13T11:23:45.846845,12.50,0.00,100.00,100.00
2026-05-13T11:23:45.947770,11.10,0.00,100.00,100.00
2026-05-13T11:23:46.051852,20.00,0.00,100.00,100.00
2026-05-13T11:23:46.152706,11.10,20.00,100.00,100.00
2026-05-13T11:23:46.253460,0.00,0.00,100.00,100.00
2026-05-13T11:23:46.357120,20.00,0.00,100.00,100.00
2026-05-13T11:23:46.457989,11.10,0.00,100.00,100.00
2026-05-13T11:23:46.562065,11.10,12.50,100.00,100.00
2026-05-13T11:23:46.662906,11.10,0.00,100.00,100.00
2026-05-13T11:23:46.763672,11.10,0.00,100.00,100.00
2026-05-13T11:23:46.867861,11.10,0.00,100.00,100.00
2026-05-13T11:23:46.968656,11.10,0.00,100.00,100.00
2026-05-13T11:23:47.072784,11.10,12.50,100.00,100.00
2026-05-13T11:23:47.173576,11.10,11.10,100.00,100.00
2026-05-13T11:23:47.274487,0.00,0.00,100.00,100.00
2026-05-13T11:23:47.378664,11.10,0.00,100.00,100.00
2026-05-13T11:23:47.479539,0.00,12.50,100.00,100.00
2026-05-13T11:23:47.583425,11.10,11.10,100.00,100.00
2026-05-13T11:23:47.684210,11.10,0.00,100.00,100.00
2026-05-13T11:23:47.785000,0.00,0.00,100.00,100.00
2026-05-13T11:23:47.888978,10.00,0.00,100.00,100.00
2026-05-13T11:23:47.989823,11.10,0.00,100.00,100.00
2026-05-13T11:23:48.094708,20.00,22.20,100.00,100.00
2026-05-13T11:23:48.195546,22.20,0.00,100.00,100.00
2026-05-13T11:23:48.296361,0.00,0.00,100.00,100.00
2026-05-13T11:23:48.400502,27.30,11.10,100.00,100.00
2026-05-13T11:23:48.501419,0.00,0.00,100.00,100.00
2026-05-13T11:23:48.605174,11.10,0.00,100.00,100.00
2026-05-13T11:23:48.706014,11.10,0.00,100.00,100.00
2026-05-13T11:23:48.806872,22.20,12.50,100.00,100.00
2026-05-13T11:23:48.910931,0.00,12.50,100.00,100.00
2026-05-13T11:23:49.011740,20.00,0.00,100.00,100.00
2026-05-13T11:23:49.115687,11.10,11.10,100.00,100.00
2026-05-13T11:23:49.216467,11.10,11.10,100.00,100.00
2026-05-13T11:23:49.317313,11.10,0.00,100.00,100.00
2026-05-13T11:23:49.421375,20.00,0.00,100.00,100.00
2026-05-13T11:23:49.522174,11.10,12.50,100.00,100.00
2026-05-13T11:23:49.626328,18.20,0.00,100.00,100.00
2026-05-13T11:23:49.727116,11.10,0.00,100.00,100.00
2026-05-13T11:23:49.827907,0.00,22.20,100.00,100.00
2026-05-13T11:23:49.933087,11.10,0.00,100.00,100.00
2026-05-13T11:23:50.033887,0.00,0.00,100.00,100.00
2026-05-13T11:23:50.138591,20.00,0.00,100.00,100.00
2026-05-13T11:23:50.239446,11.10,0.00,100.00,100.00
2026-05-13T11:23:50.340243,0.00,0.00,100.00,100.00
2026-05-13T11:23:50.444500,12.50,33.30,100.00,100.00
2026-05-13T11:23:50.545355,0.00,11.10,100.00,100.00
2026-05-13T11:23:50.648906,20.00,11.10,100.00,100.00
2026-05-13T11:23:50.749788,11.10,0.00,100.00,100.00
2026-05-13T11:23:50.850698,27.30,0.00,100.00,100.00
2026-05-13T11:23:50.954463,20.00,0.00,100.00,100.00
2026-05-13T11:23:51.055276,11.10,0.00,100.00,100.00
2026-05-13T11:23:51.159035,20.00,0.00,100.00,100.00
2026-05-13T11:23:51.259821,11.10,12.50,100.00,100.00
2026-05-13T11:23:51.360612,20.00,11.10,100.00,100.00
2026-05-13T11:23:51.464397,11.10,0.00,100.00,100.00
2026-05-13T11:23:51.565238,20.00,0.00,100.00,100.00
2026-05-13T11:23:51.669069,11.10,0.00,100.00,100.00
2026-05-13T11:23:51.769906,20.00,0.00,100.00,100.00
2026-05-13T11:23:51.870794,20.00,20.00,100.00,100.00
2026-05-13T11:23:51.974771,20.00,0.00,100.00,100.00
2026-05-13T11:23:52.075705,20.00,0.00,100.00,100.00
2026-05-13T11:23:52.179549,11.10,11.10,100.00,100.00
2026-05-13T11:23:52.280335,20.00,0.00,100.00,100.00
2026-05-13T11:23:52.381114,11.10,0.00,100.00,100.00
2026-05-13T11:23:52.485058,20.00,0.00,100.00,100.00
2026-05-13T11:23:52.585905,11.10,0.00,100.00,100.00
2026-05-13T11:23:52.689763,27.30,20.00,100.00,100.00
2026-05-13T11:23:52.790561,11.10,0.00,100.00,100.00
2026-05-13T11:23:52.891514,11.10,12.50,100.00,100.00
2026-05-13T11:23:52.995050,11.10,0.00,100.00,100.00
2026-05-13T11:23:53.095998,20.00,0.00,100.00,100.00
2026-05-13T11:23:53.200051,11.10,0.00,100.00,100.00
2026-05-13T11:23:53.300873,20.00,0.00,100.00,100.00
2026-05-13T11:23:53.401674,11.10,0.00,100.00,100.00
2026-05-13T11:23:53.505827,20.00,11.10,100.00,100.00
2026-05-13T11:23:53.606673,11.10,20.00,100.00,100.00
2026-05-13T11:23:53.710122,10.00,0.00,100.00,100.00
2026-05-13T11:23:53.810958,0.00,11.10,100.00,100.00
2026-05-13T11:23:53.911774,20.00,0.00,100.00,100.00
2026-05-13T11:23:54.015598,0.00,0.00,100.00,100.00
2026-05-13T11:23:54.116372,11.10,11.10,100.00,100.00
2026-05-13T11:23:54.220120,11.10,11.10,100.00,100.00
2026-05-13T11:23:54.321004,20.00,0.00,100.00,100.00
2026-05-13T11:23:54.421779,0.00,12.50,100.00,100.00
2026-05-13T11:23:54.525650,11.10,11.10,100.00,100.00
2026-05-13T11:23:54.626442,11.10,0.00,100.00,100.00
2026-05-13T11:23:54.730212,20.00,20.00,100.00,100.00
2026-05-13T11:23:54.831055,11.10,0.00,100.00,100.00
2026-05-13T11:23:54.931960,11.10,0.00,100.00,100.00
2026-05-13T11:23:55.035977,11.10,0.00,100.00,100.00
2026-05-13T11:23:55.136818,11.10,0.00,100.00,100.00
2026-05-13T11:23:55.240846,0.00,0.00,100.00,100.00
2026-05-13T11:23:55.341738,0.00,0.00,100.00,100.00
2026-05-13T11:23:55.442598,11.10,0.00,100.00,100.00
2026-05-13T11:23:55.546377,11.10,27.30,100.00,100.00
2026-05-13T11:23:55.647158,20.00,0.00,100.00,100.00
2026-05-13T11:23:55.751244,11.10,0.00,100.00,100.00
2026-05-13T11:23:55.852034,11.10,0.00,100.00,100.00
2026-05-13T11:23:55.952828,11.10,0.00,100.00,100.00
2026-05-13T11:23:56.056897,11.10,22.20,100.00,100.00
2026-05-13T11:23:56.157686,11.10,0.00,100.00,100.00
2026-05-13T11:23:56.261572,11.10,0.00,100.00,100.00
2026-05-13T11:23:56.362500,27.30,11.10,100.00,100.00
2026-05-13T11:23:56.463375,0.00,0.00,100.00,100.00
2026-05-13T11:23:56.567079,20.00,0.00,100.00,100.00
2026-05-13T11:23:56.667863,0.00,22.20,100.00,100.00
2026-05-13T11:23:56.771820,22.20,11.10,100.00,100.00
2026-05-13T11:23:56.872992,20.00,0.00,100.00,100.00
2026-05-13T11:23:56.973783,11.10,11.10,100.00,100.00
2026-05-13T11:23:57.077907,20.00,0.00,100.00,100.00
2026-05-13T11:23:57.178979,20.00,0.00,100.00,100.00
2026-05-13T11:23:57.283153,22.20,22.20,100.00,100.00
2026-05-13T11:23:57.384012,11.10,0.00,100.00,100.00
2026-05-13T11:23:57.484806,0.00,0.00,100.00,100.00
2026-05-13T11:23:57.589030,20.00,0.00,100.00,100.00
2026-05-13T11:23:57.690072,25.00,14.30,100.00,100.00
2026-05-13T11:23:57.855627,76.90,82.40,92.90,100.00
2026-05-13T11:23:57.956858,50.00,50.00,55.60,100.00
2026-05-13T11:23:58.057812,66.70,50.00,55.60,100.00
2026-05-13T11:23:58.162674,62.50,62.50,62.50,100.00
2026-05-13T11:23:58.263868,55.60,57.10,42.90,100.00
2026-05-13T11:23:58.370189,57.10,50.00,62.50,100.00
2026-05-13T11:23:58.471194,57.10,62.50,62.50,100.00
2026-05-13T11:23:58.572319,55.60,50.00,50.00,100.00
2026-05-13T11:23:58.678410,57.10,42.90,42.90,100.00
2026-05-13T11:23:58.779675,66.70,50.00,57.10,100.00
2026-05-13T11:23:58.884618,55.60,50.00,55.60,100.00
2026-05-13T11:23:58.985871,57.10,57.10,50.00,100.00
2026-05-13T11:23:59.086831,57.10,42.90,55.60,100.00
2026-05-13T11:23:59.192384,66.70,62.50,62.50,100.00
2026-05-13T11:23:59.293593,50.00,55.60,33.30,100.00
2026-05-13T11:23:59.398170,57.10,33.30,70.00,100.00
2026-05-13T11:23:59.499579,55.60,50.00,50.00,100.00
2026-05-13T11:23:59.600703,57.10,42.90,50.00,100.00
2026-05-13T11:23:59.706671,50.00,50.00,55.60,100.00
2026-05-13T11:23:59.807688,66.70,57.10,62.50,100.00
2026-05-13T11:23:59.913156,55.60,37.50,50.00,100.00
2026-05-13T11:24:00.014194,57.10,50.00,50.00,100.00
2026-05-13T11:24:00.115240,50.00,50.00,62.50,100.00
2026-05-13T11:24:00.220883,50.00,42.90,62.50,100.00
2026-05-13T11:24:00.321953,50.00,42.90,50.00,100.00
2026-05-13T11:24:00.428421,66.70,50.00,66.70,100.00
2026-05-13T11:24:00.529670,57.10,42.90,50.00,100.00
2026-05-13T11:24:00.631129,55.60,50.00,57.10,100.00
2026-05-13T11:24:00.736612,62.50,57.10,50.00,100.00
2026-05-13T11:24:00.837641,55.60,44.40,62.50,100.00
2026-05-13T11:24:00.942219,50.00,50.00,50.00,100.00
2026-05-13T11:24:01.043177,70.00,57.10,57.10,100.00
2026-05-13T11:24:01.144087,50.00,50.00,55.60,100.00
2026-05-13T11:24:01.249032,62.50,42.90,50.00,100.00
2026-05-13T11:24:01.350202,62.50,62.50,60.00,100.00
2026-05-13T11:24:01.455217,60.00,50.00,50.00,100.00
2026-05-13T11:24:01.556380,57.10,50.00,50.00,100.00
2026-05-13T11:24:01.657900,57.10,50.00,62.50,100.00
2026-05-13T11:24:01.763200,70.00,50.00,62.50,100.00
2026-05-13T11:24:01.864130,50.00,50.00,55.60,100.00
2026-05-13T11:24:01.969471,70.00,50.00,57.10,100.00
2026-05-13T11:24:02.070693,50.00,50.00,66.70,100.00
2026-05-13T11:24:02.172023,62.50,57.10,50.00,100.00
2026-05-13T11:24:02.278209,66.70,55.60,66.70,100.00
2026-05-13T11:24:02.379239,50.00,42.90,40.00,100.00
2026-05-13T11:24:02.484648,57.10,42.90,55.60,100.00
2026-05-13T11:24:02.585779,66.70,33.30,57.10,100.00
2026-05-13T11:24:02.686793,55.60,50.00,50.00,100.00
2026-05-13T11:24:02.791957,50.00,50.00,62.50,100.00
2026-05-13T11:24:02.893225,55.60,55.60,50.00,100.00
2026-05-13T11:24:02.997793,57.10,50.00,62.50,100.00
2026-05-13T11:24:03.098852,50.00,44.40,55.60,100.00
2026-05-13T11:24:03.200056,66.70,33.30,57.10,100.00
2026-05-13T11:24:03.304741,62.50,62.50,50.00,100.00
2026-05-13T11:24:03.405604,62.50,42.90,57.10,100.00
2026-05-13T11:24:03.511021,55.60,42.90,55.60,100.00
2026-05-13T11:24:03.612208,42.90,42.90,42.90,100.00
2026-05-13T11:24:03.713206,42.90,37.50,42.90,100.00
2026-05-13T11:24:03.818134,57.10,55.60,42.90,100.00
2026-05-13T11:24:03.919134,50.00,42.90,62.50,100.00
2026-05-13T11:24:04.023318,57.10,50.00,42.90,100.00
2026-05-13T11:24:04.124215,50.00,33.30,42.90,100.00
2026-05-13T11:24:04.225512,42.90,42.90,42.90,100.00
2026-05-13T11:24:04.330551,62.50,60.00,62.50,100.00
2026-05-13T11:24:04.431597,55.60,40.00,55.60,100.00
2026-05-13T11:24:04.537998,57.10,42.90,62.50,100.00
2026-05-13T11:24:04.639154,55.60,50.00,62.50,100.00
2026-05-13T11:24:04.740272,57.10,50.00,50.00,100.00
2026-05-13T11:24:04.845021,57.10,50.00,42.90,100.00
2026-05-13T11:24:04.946087,62.50,50.00,57.10,100.00
2026-05-13T11:24:05.054647,66.70,50.00,62.50,100.00
2026-05-13T11:24:05.155604,62.50,57.10,62.50,100.00
2026-05-13T11:24:05.256519,66.70,42.90,57.10,100.00
2026-05-13T11:24:05.361517,42.90,42.90,60.00,100.00
2026-05-13T11:24:05.462471,62.50,42.90,62.50,100.00
2026-05-13T11:24:05.567208,55.60,55.60,57.10,100.00
2026-05-13T11:24:05.668209,62.50,33.30,42.90,100.00
2026-05-13T11:24:05.769207,42.90,42.90,50.00,100.00
2026-05-13T11:24:05.874650,57.10,50.00,50.00,100.00
2026-05-13T11:24:05.975697,55.60,42.90,40.00,100.00
2026-05-13T11:24:06.081667,57.10,42.90,60.00,100.00
2026-05-13T11:24:06.182653,62.50,57.10,57.10,100.00
2026-05-13T11:24:06.283625,62.50,42.90,57.10,100.00
2026-05-13T11:24:06.389042,62.50,55.60,66.70,100.00
2026-05-13T11:24:06.490419,55.60,42.90,42.90,100.00
2026-05-13T11:24:06.594857,50.00,42.90,50.00,100.00
2026-05-13T11:24:06.695967,62.50,55.60,50.00,100.00
2026-05-13T11:24:06.796932,55.60,42.90,55.60,100.00
2026-05-13T11:24:06.901557,62.50,50.00,62.50,100.00
2026-05-13T11:24:07.002515,42.90,44.40,50.00,100.00
2026-05-13T11:24:07.109031,62.50,62.50,62.50,100.00
2026-05-13T11:24:07.209998,62.50,33.30,57.10,100.00
2026-05-13T11:24:07.311077,57.10,50.00,60.00,100.00
2026-05-13T11:24:07.416019,66.70,50.00,50.00,100.00
2026-05-13T11:24:07.517223,42.90,42.90,55.60,100.00
2026-05-13T11:24:07.621680,50.00,42.90,42.90,100.00
2026-05-13T11:24:07.722727,40.00,50.00,40.00,100.00
2026-05-13T11:24:07.824080,62.50,50.00,60.00,100.00
2026-05-13T11:24:07.930178,62.50,55.60,57.10,100.00
2026-05-13T11:24:08.031196,70.00,50.00,62.50,100.00
2026-05-13T11:24:08.136353,50.00,50.00,62.50,100.00
2026-05-13T11:24:08.237471,57.10,57.10,55.60,100.00
2026-05-13T11:24:08.339056,62.50,55.60,62.50,100.00
2026-05-13T11:24:08.444058,66.70,50.00,57.10,100.00
2026-05-13T11:24:08.545172,57.10,50.00,66.70,100.00
2026-05-13T11:24:08.650796,66.70,50.00,57.10,100.00
2026-05-13T11:24:08.751769,50.00,28.60,50.00,100.00
2026-05-13T11:24:08.853129,77.80,57.10,70.00,100.00
2026-05-13T11:24:08.958997,66.70,62.50,57.10,100.00
2026-05-13T11:24:09.060041,62.50,42.90,57.10,100.00
2026-05-13T11:24:09.165627,50.00,50.00,50.00,100.00
2026-05-13T11:24:09.267177,50.00,33.30,50.00,100.00
2026-05-13T11:24:09.368566,63.60,57.10,62.50,100.00
2026-05-13T11:24:09.474498,62.50,55.60,62.50,100.00
2026-05-13T11:24:09.575535,57.10,42.90,55.60,100.00
2026-05-13T11:24:09.681050,55.60,50.00,50.00,100.00
2026-05-13T11:24:09.782070,62.50,33.30,57.10,100.00
2026-05-13T11:24:09.883049,42.90,44.40,42.90,100.00
2026-05-13T11:24:09.987474,57.10,50.00,50.00,100.00
2026-05-13T11:24:10.088512,55.60,33.30,57.10,100.00
2026-05-13T11:24:10.193792,57.10,50.00,50.00,100.00
2026-05-13T11:24:10.294932,50.00,42.90,50.00,100.00
2026-05-13T11:24:10.396063,66.70,50.00,57.10,100.00
2026-05-13T11:24:10.501125,55.60,50.00,50.00,100.00
2026-05-13T11:24:10.602076,50.00,33.30,57.10,100.00
2026-05-13T11:24:10.706446,62.50,50.00,55.60,100.00
2026-05-13T11:24:10.807722,66.70,57.10,62.50,100.00
2026-05-13T11:24:10.908696,50.00,44.40,33.30,100.00
2026-05-13T11:24:11.014046,50.00,42.90,62.50,100.00
2026-05-13T11:24:11.115169,50.00,33.30,33.30,100.00
2026-05-13T11:24:11.220499,55.60,42.90,50.00,100.00
2026-05-13T11:24:11.321666,50.00,50.00,55.60,100.00
2026-05-13T11:24:11.422700,62.50,42.90,50.00,100.00
2026-05-13T11:24:11.527644,50.00,42.90,50.00,100.00
2026-05-13T11:24:11.628545,50.00,50.00,42.90,100.00
2026-05-13T11:24:11.734254,60.00,55.60,57.10,100.00
2026-05-13T11:24:11.835633,62.50,42.90,60.00,100.00
2026-05-13T11:24:11.937158,62.50,50.00,57.10,100.00
2026-05-13T11:24:12.041542,55.60,50.00,50.00,100.00
2026-05-13T11:24:12.142578,57.10,42.90,57.10,100.00
2026-05-13T11:24:12.246794,50.00,33.30,42.90,100.00
2026-05-13T11:24:12.347812,57.10,55.60,50.00,100.00
2026-05-13T11:24:12.448696,50.00,44.40,55.60,100.00
2026-05-13T11:24:12.553435,62.50,42.90,50.00,100.00
2026-05-13T11:24:12.654590,42.90,50.00,42.90,100.00
2026-05-13T11:24:12.807486,20.00,14.30,66.70,100.00
2026-05-13T11:24:12.908268,9.10,0.00,100.00,100.00
2026-05-13T11:24:13.008969,0.00,0.00,100.00,100.00
2026-05-13T11:24:13.112617,0.00,9.10,100.00,100.00
2026-05-13T11:24:13.213405,0.00,0.00,100.00,100.00
2026-05-13T11:24:13.317060,0.00,9.10,100.00,100.00
2026-05-13T11:24:13.417866,0.00,0.00,100.00,100.00
2026-05-13T11:24:13.518668,0.00,0.00,100.00,100.00
2026-05-13T11:24:13.622248,0.00,0.00,100.00,100.00
2026-05-13T11:24:13.723043,0.00,0.00,100.00,100.00
2026-05-13T11:24:13.826460,9.10,0.00,100.00,100.00
2026-05-13T11:24:13.927254,0.00,0.00,100.00,100.00
2026-05-13T11:24:14.028030,0.00,0.00,100.00,100.00
2026-05-13T11:24:14.131749,0.00,9.10,100.00,100.00
2026-05-13T11:24:14.232500,0.00,0.00,100.00,100.00
2026-05-13T11:24:14.336003,0.00,0.00,100.00,100.00
2026-05-13T11:24:14.436725,9.10,11.10,100.00,100.00
2026-05-13T11:24:14.537450,10.00,90.90,100.00,100.00
2026-05-13T11:24:14.641872,9.10,100.00,100.00,100.00
2026-05-13T11:24:14.742577,0.00,100.00,100.00,100.00
2026-05-13T11:24:14.846284,30.00,90.00,100.00,100.00
2026-05-13T11:24:14.947052,9.10,20.00,100.00,100.00
2026-05-13T11:24:15.047798,0.00,0.00,100.00,100.00
2026-05-13T11:24:15.151194,16.70,0.00,100.00,100.00
2026-05-13T11:24:15.251933,0.00,40.00,100.00,100.00
2026-05-13T11:24:15.355426,18.20,36.40,100.00,100.00
2026-05-13T11:24:15.456205,0.00,0.00,100.00,100.00
2026-05-13T11:24:15.556988,9.10,0.00,100.00,100.00
2026-05-13T11:24:15.660321,0.00,0.00,100.00,100.00
2026-05-13T11:24:15.761073,0.00,0.00,100.00,100.00
2026-05-13T11:24:15.864572,0.00,0.00,100.00,100.00
2026-05-13T11:24:15.965352,0.00,0.00,100.00,100.00
2026-05-13T11:24:16.066130,0.00,0.00,100.00,100.00
2026-05-13T11:24:16.169985,9.10,9.10,100.00,100.00
2026-05-13T11:24:16.270731,0.00,9.10,100.00,100.00
2026-05-13T11:24:16.374159,18.20,55.60,100.00,100.00
2026-05-13T11:24:16.474895,9.10,9.10,100.00,100.00
2026-05-13T11:24:16.575663,0.00,0.00,100.00,100.00
2026-05-13T11:24:16.679285,0.00,18.20,100.00,100.00
2026-05-13T11:24:16.779991,0.00,0.00,100.00,100.00
2026-05-13T11:24:16.883387,0.00,0.00,100.00,100.00
2026-05-13T11:24:16.984895,20.00,50.00,100.00,100.00
2026-05-13T11:24:17.085646,9.10,20.00,100.00,100.00
2026-05-13T11:24:17.189186,0.00,0.00,100.00,100.00
2026-05-13T11:24:17.289917,0.00,0.00,100.00,100.00
2026-05-13T11:24:17.393147,10.00,54.50,100.00,100.00
2026-05-13T11:24:17.493878,9.10,0.00,100.00,100.00
2026-05-13T11:24:17.594681,0.00,0.00,100.00,100.00
2026-05-13T11:24:17.700163,9.10,18.20,100.00,100.00
2026-05-13T11:24:17.800908,0.00,0.00,100.00,100.00
2026-05-13T11:24:17.904541,10.00,0.00,100.00,100.00
2026-05-13T11:24:18.005741,10.00,60.00,100.00,100.00
2026-05-13T11:24:18.106492,10.00,0.00,100.00,100.00
2026-05-13T11:24:18.210067,8.30,9.10,100.00,100.00
2026-05-13T11:24:18.310825,0.00,10.00,100.00,100.00
2026-05-13T11:24:18.415346,11.10,50.00,100.00,100.00
2026-05-13T11:24:18.516125,0.00,0.00,100.00,100.00
2026-05-13T11:24:18.616856,18.20,10.00,100.00,100.00
2026-05-13T11:24:18.720782,0.00,0.00,100.00,100.00
2026-05-13T11:24:18.821530,0.00,9.10,100.00,100.00
2026-05-13T11:24:18.925125,0.00,9.10,100.00,100.00
2026-05-13T11:24:19.026032,0.00,0.00,100.00,100.00
2026-05-13T11:24:19.126812,0.00,0.00,100.00,100.00
2026-05-13T11:24:19.230317,15.40,0.00,100.00,100.00
2026-05-13T11:24:19.331023,0.00,0.00,100.00,100.00
2026-05-13T11:24:19.434621,0.00,0.00,100.00,100.00
2026-05-13T11:24:19.535404,0.00,0.00,100.00,100.00
2026-05-13T11:24:19.636218,0.00,0.00,100.00,100.00
2026-05-13T11:24:19.740108,0.00,16.70,100.00,100.00
2026-05-13T11:24:19.840930,0.00,0.00,100.00,100.00
2026-05-13T11:24:19.944680,0.00,0.00,100.00,100.00
2026-05-13T11:24:20.045513,0.00,0.00,100.00,100.00
2026-05-13T11:24:20.146392,9.10,10.00,100.00,100.00
2026-05-13T11:24:20.250305,0.00,0.00,100.00,100.00
2026-05-13T11:24:20.351081,9.10,0.00,100.00,100.00
2026-05-13T11:24:20.454774,0.00,9.10,100.00,100.00
2026-05-13T11:24:20.555590,0.00,0.00,100.00,100.00
