timestamp,core0,core1,core2,core3
2026-05-15T22:10:32.316084,0.00,0.00,33.30,33.30
2026-05-15T22:10:32.416575,0.00,0.00,0.00,0.00
2026-05-15T22:10:32.517096,0.00,0.00,0.00,0.00
2026-05-15T22:10:32.617623,9.10,9.10,0.00,0.00
2026-05-15T22:10:32.718108,0.00,0.00,0.00,0.00
2026-05-15T22:10:32.818623,0.00,0.00,0.00,0.00
2026-05-15T22:10:32.919099,0.00,0.00,0.00,0.00
2026-05-15T22:10:33.019545,0.00,0.00,0.00,0.00
2026-05-15T22:10:33.120000,0.00,9.10,0.00,9.10
2026-05-15T22:10:33.220489,10.00,0.00,10.00,9.10
2026-05-15T22:10:33.321012,0.00,0.00,0.00,0.00
2026-05-15T22:10:33.421464,0.00,0.00,0.00,0.00
2026-05-15T22:10:33.522040,0.00,0.00,0.00,0.00
2026-05-15T22:10:33.622641,0.00,0.00,0.00,0.00
2026-05-15T22:10:33.723109,0.00,0.00,0.00,0.00
2026-05-15T22:10:33.823650,0.00,0.00,0.00,0.00
2026-05-15T22:10:33.924129,0.00,0.00,0.00,0.00
2026-05-15T22:10:34.024624,0.00,0.00,0.00,0.00
2026-05-15T22:10:34.125108,0.00,0.00,0.00,0.00
2026-05-15T22:10:34.225585,0.00,0.00,0.00,0.00
2026-05-15T22:10:34.326116,0.00,0.00,0.00,9.10
2026-05-15T22:10:34.426637,0.00,0.00,0.00,0.00
2026-05-15T22:10:34.527112,0.00,0.00,0.00,0.00
2026-05-15T22:10:34.627582,0.00,0.00,0.00,0.00
2026-05-15T22:10:34.728104,0.00,0.00,0.00,0.00
2026-05-15T22:10:34.828582,0.00,0.00,0.00,0.00
2026-05-15T22:10:34.929079,0.00,0.00,0.00,0.00
2026-05-15T22:10:35.029537,0.00,0.00,9.10,0.00
2026-05-15T22:10:35.130069,0.00,0.00,0.00,0.00
2026-05-15T22:10:35.244936,8.30,0.00,0.00,0.00
2026-05-15T22:10:36.548501,5.50,8.50,10.80,7.80
2026-05-15T22:10:36.650598,10.00,10.00,100.00,0.00
2026-05-15T22:10:36.752466,0.00,9.10,100.00,0.00
2026-05-15T22:10:36.854324,9.10,0.00,100.00,0.00
2026-05-15T22:10:36.958349,0.00,9.10,100.00,9.10
2026-05-15T22:10:37.060491,9.10,0.00,100.00,0.00
2026-05-15T22:10:37.162356,0.00,0.00,100.00,0.00
2026-05-15T22:10:37.264308,0.00,0.00,100.00,0.00
2026-05-15T22:10:37.366460,0.00,10.00,100.00,0.00
2026-05-15T22:10:37.468356,0.00,0.00,100.00,0.00
2026-05-15T22:10:37.570268,0.00,0.00,100.00,0.00
2026-05-15T22:10:37.672124,0.00,9.10,100.00,0.00
2026-05-15T22:10:37.774018,0.00,0.00,100.00,0.00
2026-05-15T22:10:37.875912,0.00,0.00,100.00,0.00
2026-05-15T22:10:37.977778,9.10,0.00,100.00,0.00
2026-05-15T22:10:38.079706,0.00,0.00,100.00,0.00
2026-05-15T22:10:38.181576,0.00,0.00,100.00,0.00
2026-05-15T22:10:38.283583,0.00,0.00,100.00,0.00
2026-05-15T22:10:38.386013,0.00,9.10,100.00,0.00
2026-05-15T22:10:38.488254,0.00,0.00,100.00,0.00
2026-05-15T22:10:38.590468,0.00,0.00,100.00,0.00
2026-05-15T22:10:38.692628,9.10,9.10,100.00,9.10
2026-05-15T22:10:38.794826,0.00,0.00,100.00,0.00
2026-05-15T22:10:38.897211,0.00,0.00,100.00,0.00
2026-05-15T22:10:38.999441,0.00,0.00,100.00,0.00
2026-05-15T22:10:39.101712,0.00,0.00,100.00,0.00
2026-05-15T22:10:39.204003,0.00,0.00,100.00,0.00
2026-05-15T22:10:39.306227,9.10,0.00,100.00,0.00
2026-05-15T22:10:39.408332,0.00,0.00,100.00,0.00
2026-05-15T22:10:39.510616,0.00,0.00,100.00,0.00
2026-05-15T22:10:39.612880,0.00,0.00,100.00,0.00
2026-05-15T22:10:39.714934,10.00,0.00,100.00,0.00
2026-05-15T22:10:39.817152,0.00,0.00,100.00,0.00
2026-05-15T22:10:39.919376,0.00,0.00,100.00,0.00
2026-05-15T22:10:40.021446,0.00,0.00,100.00,0.00
2026-05-15T22:10:40.123882,16.70,0.00,100.00,0.00
2026-05-15T22:10:40.226097,0.00,0.00,100.00,9.10
2026-05-15T22:10:40.328294,9.10,0.00,100.00,0.00
2026-05-15T22:10:40.430426,0.00,0.00,100.00,0.00
2026-05-15T22:10:40.532660,0.00,0.00,100.00,0.00
2026-05-15T22:10:40.634876,0.00,0.00,100.00,9.10
2026-05-15T22:10:40.737121,0.00,0.00,100.00,0.00
2026-05-15T22:10:40.839444,0.00,0.00,100.00,0.00
2026-05-15T22:10:40.941499,0.00,9.10,100.00,0.00
2026-05-15T22:10:41.043720,9.10,0.00,100.00,0.00
2026-05-15T22:10:41.146030,0.00,0.00,100.00,0.00
2026-05-15T22:10:41.247940,0.00,9.10,100.00,0.00
2026-05-15T22:10:41.349875,0.00,0.00,100.00,0.00
2026-05-15T22:10:41.451724,0.00,0.00,100.00,8.30
2026-05-15T22:10:41.553835,9.10,0.00,100.00,0.00
2026-05-15T22:10:41.655790,0.00,0.00,100.00,0.00
2026-05-15T22:10:41.757993,0.00,0.00,100.00,0.00
2026-05-15T22:10:41.860118,0.00,9.10,100.00,0.00
2026-05-15T22:10:41.962135,9.10,0.00,100.00,0.00
2026-05-15T22:10:42.064223,0.00,0.00,100.00,9.10
2026-05-15T22:10:42.166445,0.00,0.00,100.00,0.00
2026-05-15T22:10:42.268492,10.00,10.00,100.00,0.00
2026-05-15T22:10:42.370339,0.00,0.00,100.00,0.00
2026-05-15T22:10:42.472468,16.70,0.00,100.00,0.00
2026-05-15T22:10:42.574338,0.00,9.10,100.00,0.00
2026-05-15T22:10:42.676209,0.00,0.00,100.00,0.00
2026-05-15T22:10:42.778072,0.00,0.00,100.00,0.00
2026-05-15T22:10:42.880007,0.00,0.00,100.00,0.00
2026-05-15T22:10:42.981989,0.00,9.10,100.00,0.00
2026-05-15T22:10:43.083973,0.00,0.00,100.00,0.00
2026-05-15T22:10:43.186188,0.00,0.00,100.00,0.00
2026-05-15T22:10:43.288145,0.00,10.00,100.00,0.00
2026-05-15T22:10:43.390092,0.00,0.00,100.00,0.00
2026-05-15T22:10:43.491978,0.00,0.00,100.00,0.00
2026-05-15T22:10:43.594003,0.00,0.00,100.00,0.00
2026-05-15T22:10:43.695892,9.10,0.00,100.00,0.00
2026-05-15T22:10:43.797891,0.00,0.00,100.00,0.00
2026-05-15T22:10:43.900135,9.10,9.10,100.00,0.00
2026-05-15T22:10:44.002495,0.00,9.10,100.00,0.00
2026-05-15T22:10:44.104630,0.00,0.00,100.00,0.00
2026-05-15T22:10:44.206627,0.00,0.00,100.00,0.00
2026-05-15T22:10:44.308906,0.00,9.10,100.00,0.00
2026-05-15T22:10:44.411199,0.00,0.00,100.00,9.10
2026-05-15T22:10:44.513498,0.00,0.00,100.00,0.00
2026-05-15T22:10:44.615666,16.70,0.00,100.00,0.00
2026-05-15T22:10:44.717616,0.00,0.00,100.00,0.00
2026-05-15T22:10:44.819896,0.00,0.00,100.00,0.00
2026-05-15T22:10:44.922056,0.00,0.00,100.00,0.00
2026-05-15T22:10:45.023991,0.00,0.00,100.00,0.00
2026-05-15T22:10:45.125889,0.00,0.00,100.00,9.10
2026-05-15T22:10:45.227717,0.00,9.10,100.00,0.00
2026-05-15T22:10:45.329648,9.10,0.00,100.00,0.00
2026-05-15T22:10:45.431803,10.00,0.00,100.00,0.00
2026-05-15T22:10:45.533837,10.00,20.00,100.00,0.00
2026-05-15T22:10:45.636043,18.20,25.00,100.00,10.00
2026-05-15T22:10:45.737928,18.20,18.20,100.00,0.00
2026-05-15T22:10:45.839886,25.00,10.00,100.00,9.10
2026-05-15T22:10:45.941921,18.20,25.00,100.00,0.00
2026-05-15T22:10:46.044116,18.20,11.10,100.00,0.00
2026-05-15T22:10:46.146284,20.00,25.00,100.00,0.00
2026-05-15T22:10:46.248317,18.20,18.20,100.00,0.00
2026-05-15T22:10:46.350412,18.20,27.30,100.00,0.00
2026-05-15T22:10:46.452690,30.80,25.00,100.00,0.00
2026-05-15T22:10:46.555003,10.00,25.00,100.00,9.10
2026-05-15T22:10:46.657266,27.30,27.30,100.00,0.00
2026-05-15T22:10:46.759570,11.10,18.20,100.00,0.00
2026-05-15T22:10:46.861883,30.80,25.00,100.00,0.00
2026-05-15T22:10:46.964236,18.20,11.10,100.00,0.00
2026-05-15T22:10:47.066733,10.00,25.00,100.00,0.00
2026-05-15T22:10:47.169215,18.20,18.20,100.00,0.00
2026-05-15T22:10:47.271688,27.30,20.00,100.00,10.00
2026-05-15T22:10:47.373841,10.00,25.00,100.00,0.00
2026-05-15T22:10:47.476163,30.80,10.00,100.00,0.00
2026-05-15T22:10:47.578492,18.20,25.00,100.00,9.10
2026-05-15T22:10:47.680901,20.00,10.00,100.00,0.00
2026-05-15T22:10:47.783046,18.20,20.00,100.00,0.00
2026-05-15T22:10:47.885345,33.30,27.30,100.00,0.00
2026-05-15T22:10:47.987687,18.20,18.20,100.00,18.20
2026-05-15T22:10:48.089875,18.20,18.20,100.00,0.00
2026-05-15T22:10:48.192142,25.00,25.00,100.00,10.00
2026-05-15T22:10:48.294439,10.00,18.20,100.00,0.00
2026-05-15T22:10:48.396880,33.30,27.30,100.00,10.00
2026-05-15T22:10:48.498928,18.20,25.00,100.00,10.00
2026-05-15T22:10:48.601165,25.00,18.20,100.00,0.00
2026-05-15T22:10:48.703470,18.20,27.30,100.00,10.00
2026-05-15T22:10:48.805519,18.20,10.00,100.00,0.00
2026-05-15T22:10:48.907724,10.00,25.00,100.00,10.00
2026-05-15T22:10:49.009855,18.20,18.20,100.00,0.00
2026-05-15T22:10:49.111870,25.00,10.00,100.00,10.00
2026-05-15T22:10:49.213956,18.20,33.30,100.00,0.00
2026-05-15T22:10:49.316042,20.00,18.20,100.00,10.00
2026-05-15T22:10:49.418190,18.20,10.00,100.00,0.00
2026-05-15T22:10:49.520247,18.20,27.30,100.00,0.00
2026-05-15T22:10:49.622386,25.00,18.20,100.00,0.00
2026-05-15T22:10:49.724566,25.00,10.00,100.00,10.00
2026-05-15T22:10:49.826593,10.00,18.20,100.00,9.10
2026-05-15T22:10:49.928861,20.00,27.30,100.00,10.00
2026-05-15T22:10:50.030850,25.00,25.00,100.00,0.00
2026-05-15T22:10:50.132805,10.00,20.00,100.00,0.00
2026-05-15T22:10:50.234683,18.20,25.00,100.00,0.00
2026-05-15T22:10:50.336810,25.00,18.20,100.00,0.00
2026-05-15T22:10:50.439661,33.30,37.50,100.00,11.10
2026-05-15T22:10:50.593272,50.00,46.20,93.30,16.70
2026-05-15T22:10:50.695661,25.00,16.70,37.50,0.00
2026-05-15T22:10:50.798384,33.30,40.00,25.00,10.00
2026-05-15T22:10:50.900924,37.50,25.00,33.30,20.00
2026-05-15T22:10:51.003401,25.00,25.00,25.00,0.00
2026-05-15T22:10:51.105911,37.50,14.30,33.30,0.00
2026-05-15T22:10:51.208726,33.30,33.30,28.60,0.00
2026-05-15T22:10:51.311730,25.00,25.00,33.30,11.10
2026-05-15T22:10:51.414248,16.70,40.00,14.30,0.00
2026-05-15T22:10:51.516963,25.00,14.30,40.00,11.10
2026-05-15T22:10:51.619977,44.40,25.00,16.70,0.00
2026-05-15T22:10:51.723096,25.00,25.00,25.00,0.00
2026-05-15T22:10:51.825713,28.60,25.00,25.00,11.10
2026-05-15T22:10:51.928168,33.30,33.30,37.50,11.10
2026-05-15T22:10:52.030872,14.30,14.30,25.00,0.00
2026-05-15T22:10:52.133494,33.30,33.30,25.00,0.00
2026-05-15T22:10:52.236311,28.60,25.00,25.00,11.10
2026-05-15T22:10:52.339459,25.00,25.00,25.00,0.00
2026-05-15T22:10:52.442387,33.30,25.00,33.30,11.10
2026-05-15T22:10:52.545396,37.50,33.30,28.60,11.10
2026-05-15T22:10:52.648449,25.00,33.30,40.00,0.00
2026-05-15T22:10:52.751328,33.30,14.30,14.30,0.00
2026-05-15T22:10:52.854215,37.50,40.00,28.60,0.00
2026-05-15T22:10:52.957502,40.00,25.00,33.30,20.00
2026-05-15T22:10:53.060110,28.60,33.30,33.30,0.00
2026-05-15T22:10:53.162814,25.00,25.00,16.70,0.00
2026-05-15T22:10:53.265663,28.60,25.00,25.00,0.00
2026-05-15T22:10:53.368093,33.30,33.30,25.00,20.00
2026-05-15T22:10:53.470734,25.00,14.30,33.30,0.00
2026-05-15T22:10:53.573677,37.50,22.20,25.00,0.00
2026-05-15T22:10:53.676436,25.00,37.50,28.60,11.10
2026-05-15T22:10:53.778818,33.30,33.30,25.00,0.00
2026-05-15T22:10:53.881536,37.50,14.30,33.30,10.00
2026-05-15T22:10:53.984182,25.00,40.00,33.30,0.00
2026-05-15T22:10:54.087258,25.00,12.50,14.30,11.10
2026-05-15T22:10:54.189901,28.60,25.00,37.50,0.00
2026-05-15T22:10:54.292585,33.30,40.00,25.00,0.00
2026-05-15T22:10:54.395365,14.30,14.30,25.00,0.00
2026-05-15T22:10:54.498186,44.40,25.00,14.30,20.00
2026-05-15T22:10:54.601653,33.30,25.00,33.30,0.00
2026-05-15T22:10:54.704438,33.30,33.30,33.30,0.00
2026-05-15T22:10:54.807139,16.70,14.30,14.30,11.10
2026-05-15T22:10:54.909915,40.00,33.30,37.50,11.10
2026-05-15T22:10:55.012948,14.30,12.50,25.00,10.00
2026-05-15T22:10:55.115747,37.50,37.50,33.30,0.00
2026-05-15T22:10:55.218474,33.30,33.30,37.50,11.10
2026-05-15T22:10:55.320830,25.00,14.30,25.00,0.00
2026-05-15T22:10:55.424755,60.00,54.50,50.00,12.50
2026-05-15T22:10:55.528638,75.00,62.50,66.70,12.50
2026-05-15T22:10:55.632170,70.00,66.70,62.50,12.50
2026-05-15T22:10:55.735905,77.80,66.70,70.00,14.30
2026-05-15T22:10:55.840134,70.00,75.00,75.00,12.50
2026-05-15T22:10:55.943508,77.80,62.50,70.00,12.50
2026-05-15T22:10:56.046644,71.40,62.50,71.40,0.00
2026-05-15T22:10:56.149974,70.00,66.70,70.00,22.20
2026-05-15T22:10:56.254189,77.80,66.70,62.50,12.50
2026-05-15T22:10:56.357857,66.70,62.50,77.80,0.00
2026-05-15T22:10:56.461911,80.00,66.70,70.00,25.00
2026-05-15T22:10:56.565165,62.50,62.50,62.50,12.50
2026-05-15T22:10:56.669157,81.80,77.80,77.80,33.30
2026-05-15T22:10:56.773518,75.00,66.70,66.70,14.30
2026-05-15T22:10:56.876978,72.70,55.60,62.50,22.20
2026-05-15T22:10:56.980435,75.00,66.70,75.00,12.50
2026-05-15T22:10:57.083928,66.70,66.70,66.70,12.50
2026-05-15T22:10:57.188235,75.00,66.70,66.70,25.00
2026-05-15T22:10:57.292354,70.00,62.50,62.50,0.00
2026-05-15T22:10:57.395869,75.00,70.00,66.70,25.00
2026-05-15T22:10:57.499433,66.70,62.50,71.40,12.50
2026-05-15T22:10:57.603351,77.80,66.70,70.00,0.00
2026-05-15T22:10:57.706963,77.80,62.50,66.70,22.20
2026-05-15T22:10:57.810602,70.00,62.50,77.80,14.30
2026-05-15T22:10:57.914214,77.80,62.50,62.50,0.00
2026-05-15T22:10:58.017789,75.00,57.10,71.40,22.20
2026-05-15T22:10:58.121619,70.00,66.70,70.00,0.00
2026-05-15T22:10:58.224803,70.00,57.10,62.50,14.30
2026-05-15T22:10:58.327945,71.40,70.00,70.00,12.50
2026-05-15T22:10:58.431603,77.80,50.00,70.00,0.00
2026-05-15T22:10:58.535656,70.00,77.80,71.40,12.50
2026-05-15T22:10:58.639267,75.00,57.10,70.00,22.20
2026-05-15T22:10:58.743126,70.00,60.00,66.70,0.00
2026-05-15T22:10:58.847470,77.80,66.70,62.50,12.50
2026-05-15T22:10:58.951245,72.70,62.50,66.70,14.30
2026-05-15T22:10:59.055134,71.40,66.70,62.50,12.50
2026-05-15T22:10:59.159223,70.00,62.50,75.00,12.50
2026-05-15T22:10:59.262831,70.00,66.70,70.00,22.20
2026-05-15T22:10:59.366737,77.80,62.50,66.70,14.30
2026-05-15T22:10:59.470647,77.80,66.70,66.70,12.50
2026-05-15T22:10:59.574300,70.00,62.50,77.80,12.50
2026-05-15T22:10:59.677681,80.00,66.70,62.50,12.50
2026-05-15T22:10:59.781779,77.80,63.60,66.70,22.20
2026-05-15T22:10:59.885945,62.50,57.10,66.70,0.00
2026-05-15T22:10:59.989570,80.00,66.70,75.00,0.00
2026-05-15T22:11:00.092930,66.70,62.50,66.70,12.50
2026-05-15T22:11:00.197348,77.80,66.70,66.70,22.20
2026-05-15T22:11:00.300938,62.50,62.50,71.40,22.20
2026-05-15T22:11:00.403606,70.00,42.90,60.00,0.00
2026-05-15T22:11:00.506820,37.50,33.30,37.50,0.00
2026-05-15T22:11:00.609549,44.40,37.50,25.00,11.10
2026-05-15T22:11:00.712205,28.60,25.00,37.50,11.10
2026-05-15T22:11:00.815160,28.60,44.40,44.40,0.00
2026-05-15T22:11:00.918292,40.00,25.00,28.60,0.00
2026-05-15T22:11:01.021207,37.50,37.50,28.60,0.00
2026-05-15T22:11:01.124241,28.60,33.30,40.00,11.10
2026-05-15T22:11:01.227560,50.00,37.50,42.90,11.10
2026-05-15T22:11:01.330348,40.00,37.50,44.40,11.10
2026-05-15T22:11:01.433318,50.00,25.00,25.00,0.00
2026-05-15T22:11:01.536230,28.60,37.50,44.40,0.00
2026-05-15T22:11:01.639304,28.60,25.00,28.60,20.00
2026-05-15T22:11:01.741959,44.40,37.50,37.50,0.00
2026-05-15T22:11:01.845129,25.00,33.30,28.60,20.00
2026-05-15T22:11:01.947830,42.90,28.60,37.50,0.00
2026-05-15T22:11:02.050674,50.00,37.50,28.60,0.00
2026-05-15T22:11:02.153569,28.60,33.30,25.00,0.00
2026-05-15T22:11:02.256452,37.50,37.50,44.40,11.10
2026-05-15T22:11:02.358888,37.50,28.60,28.60,11.10
2026-05-15T22:11:02.461754,28.60,25.00,44.40,0.00
2026-05-15T22:11:02.564342,44.40,37.50,33.30,0.00
2026-05-15T22:11:02.667144,25.00,25.00,16.70,0.00
2026-05-15T22:11:02.769963,37.50,44.40,44.40,11.10
2026-05-15T22:11:02.873213,37.50,25.00,28.60,0.00
2026-05-15T22:11:02.976123,28.60,37.50,37.50,11.10
2026-05-15T22:11:03.078924,44.40,14.30,25.00,0.00
2026-05-15T22:11:03.181917,37.50,37.50,44.40,0.00
2026-05-15T22:11:03.284780,37.50,37.50,37.50,12.50
2026-05-15T22:11:03.387317,44.40,25.00,37.50,0.00
2026-05-15T22:11:03.490378,44.40,44.40,28.60,11.10
2026-05-15T22:11:03.593609,37.50,33.30,37.50,11.10
2026-05-15T22:11:03.696742,28.60,37.50,37.50,11.10
2026-05-15T22:11:03.800103,37.50,37.50,50.00,11.10
2026-05-15T22:11:03.903179,28.60,25.00,28.60,0.00
2026-05-15T22:11:04.006572,44.40,28.60,37.50,0.00
2026-05-15T22:11:04.109445,42.90,40.00,28.60,0.00
2026-05-15T22:11:04.212122,25.00,28.60,37.50,20.00
2026-05-15T22:11:04.315181,50.00,25.00,33.30,0.00
2026-05-15T22:11:04.417834,44.40,44.40,28.60,0.00
2026-05-15T22:11:04.521462,37.50,44.40,37.50,11.10
2026-05-15T22:11:04.624417,44.40,14.30,44.40,0.00
2026-05-15T22:11:04.727551,44.40,37.50,28.60,0.00
2026-05-15T22:11:04.830644,28.60,33.30,37.50,20.00
2026-05-15T22:11:04.933528,37.50,37.50,37.50,11.10
2026-05-15T22:11:05.036364,44.40,28.60,44.40,0.00
2026-05-15T22:11:05.139205,37.50,33.30,16.70,20.00
2026-05-15T22:11:05.242182,42.90,44.40,37.50,0.00
2026-05-15T22:11:05.344833,40.00,16.70,25.00,0.00
2026-05-15T22:11:05.447424,14.30,22.20,25.00,0.00
2026-05-15T22:11:05.549863,25.00,30.00,22.20,10.00
2026-05-15T22:11:05.652528,30.00,12.50,33.30,11.10
2026-05-15T22:11:05.755003,14.30,25.00,22.20,0.00
2026-05-15T22:11:05.857371,22.20,30.00,14.30,10.00
2026-05-15T22:11:05.960408,25.00,12.50,22.20,0.00
2026-05-15T22:11:06.062829,22.20,12.50,25.00,0.00
2026-05-15T22:11:06.165535,25.00,22.20,12.50,20.00
2026-05-15T22:11:06.267972,25.00,25.00,14.30,0.00
2026-05-15T22:11:06.370247,12.50,22.20,30.00,0.00
2026-05-15T22:11:06.472828,40.00,30.00,25.00,0.00
2026-05-15T22:11:06.575601,12.50,12.50,30.00,0.00
2026-05-15T22:11:06.678497,25.00,25.00,25.00,12.50
2026-05-15T22:11:06.780756,25.00,22.20,14.30,0.00
2026-05-15T22:11:06.882997,22.20,22.20,12.50,0.00
2026-05-15T22:11:06.985436,25.00,25.00,25.00,0.00
2026-05-15T22:11:07.088171,22.20,30.00,22.20,10.00
2026-05-15T22:11:07.190712,22.20,0.00,22.20,0.00
2026-05-15T22:11:07.293318,14.30,30.00,25.00,10.00
2026-05-15T22:11:07.395708,30.00,25.00,22.20,0.00
2026-05-15T22:11:07.498127,14.30,22.20,14.30,0.00
2026-05-15T22:11:07.600797,22.20,22.20,22.20,0.00
2026-05-15T22:11:07.703707,33.30,30.00,33.30,0.00
2026-05-15T22:11:07.806310,14.30,0.00,14.30,0.00
2026-05-15T22:11:07.908665,30.00,25.00,22.20,0.00
2026-05-15T22:11:08.010977,14.30,22.20,12.50,11.10
2026-05-15T22:11:08.113846,12.50,22.20,33.30,0.00
2026-05-15T22:11:08.216645,25.00,36.40,14.30,0.00
2026-05-15T22:11:08.319119,22.20,14.30,30.00,20.00
2026-05-15T22:11:08.421521,25.00,12.50,22.20,0.00
2026-05-15T22:11:08.524161,22.20,30.00,14.30,0.00
2026-05-15T22:11:08.626892,14.30,25.00,22.20,0.00
2026-05-15T22:11:08.729651,22.20,0.00,25.00,0.00
2026-05-15T22:11:08.832236,14.30,22.20,22.20,0.00
2026-05-15T22:11:08.934753,25.00,33.30,25.00,10.00
2026-05-15T22:11:09.037413,22.20,22.20,12.50,0.00
2026-05-15T22:11:09.139859,25.00,22.20,30.00,11.10
2026-05-15T22:11:09.242398,12.50,30.00,14.30,0.00
2026-05-15T22:11:09.344898,22.20,12.50,22.20,0.00
2026-05-15T22:11:09.447807,25.00,25.00,0.00,10.00
2026-05-15T22:11:09.550639,30.00,22.20,22.20,0.00
2026-05-15T22:11:09.653698,14.30,22.20,30.00,0.00
2026-05-15T22:11:09.756665,14.30,12.50,14.30,0.00
2026-05-15T22:11:09.859733,30.00,33.30,22.20,0.00
2026-05-15T22:11:09.962320,33.30,22.20,25.00,18.20
2026-05-15T22:11:10.064994,12.50,30.00,25.00,0.00
2026-05-15T22:11:10.167301,25.00,14.30,22.20,10.00
2026-05-15T22:11:10.269607,25.00,12.50,14.30,0.00
2026-05-15T22:11:10.372408,22.20,36.40,36.40,10.00
2026-05-15T22:11:10.475320,37.50,28.60,25.00,0.00
2026-05-15T22:11:10.578139,33.30,12.50,16.70,11.10
2026-05-15T22:11:10.681103,25.00,33.30,33.30,0.00
2026-05-15T22:11:10.784155,37.50,25.00,25.00,0.00
2026-05-15T22:11:10.886848,25.00,25.00,16.70,0.00
2026-05-15T22:11:10.989579,33.30,33.30,33.30,10.00
2026-05-15T22:11:11.092404,44.40,33.30,28.60,11.10
2026-05-15T22:11:11.195210,33.30,14.30,25.00,0.00
2026-05-15T22:11:11.297695,16.70,25.00,33.30,11.10
2026-05-15T22:11:11.400494,25.00,25.00,16.70,0.00
2026-05-15T22:11:11.503357,44.40,28.60,40.00,0.00
2026-05-15T22:11:11.606134,14.30,33.30,25.00,0.00
2026-05-15T22:11:11.708778,37.50,22.20,28.60,11.10
2026-05-15T22:11:11.811642,40.00,25.00,33.30,0.00
2026-05-15T22:11:11.914676,25.00,28.60,14.30,0.00
2026-05-15T22:11:12.017181,28.60,33.30,16.70,11.10
2026-05-15T22:11:12.119745,33.30,25.00,40.00,0.00
2026-05-15T22:11:12.222373,28.60,25.00,25.00,0.00
2026-05-15T22:11:12.324819,25.00,25.00,28.60,11.10
2026-05-15T22:11:12.427429,28.60,14.30,33.30,11.10
2026-05-15T22:11:12.530282,25.00,25.00,33.30,0.00
2026-05-15T22:11:12.633214,25.00,33.30,37.50,11.10
2026-05-15T22:11:12.735819,25.00,25.00,14.30,0.00
2026-05-15T22:11:12.838638,37.50,14.30,25.00,0.00
2026-05-15T22:11:12.941874,25.00,33.30,16.70,0.00
2026-05-15T22:11:13.044780,37.50,28.60,33.30,11.10
2026-05-15T22:11:13.147853,33.30,25.00,28.60,11.10
2026-05-15T22:11:13.250893,44.40,25.00,33.30,0.00
2026-05-15T22:11:13.353468,14.30,25.00,28.60,0.00
2026-05-15T22:11:13.456539,33.30,25.00,33.30,11.10
2026-05-15T22:11:13.559435,28.60,25.00,14.30,0.00
2026-05-15T22:11:13.662174,33.30,14.30,25.00,0.00
2026-05-15T22:11:13.764650,37.50,25.00,37.50,11.10
2026-05-15T22:11:13.867249,33.30,33.30,33.30,11.10
2026-05-15T22:11:13.969944,25.00,25.00,25.00,11.10
2026-05-15T22:11:14.073309,28.60,25.00,28.60,11.10
2026-05-15T22:11:14.176859,33.30,33.30,33.30,0.00
2026-05-15T22:11:14.279404,37.50,28.60,14.30,11.10
2026-05-15T22:11:14.382185,25.00,33.30,37.50,0.00
2026-05-15T22:11:14.485218,25.00,14.30,25.00,0.00
2026-05-15T22:11:14.587971,44.40,25.00,33.30,11.10
2026-05-15T22:11:14.690669,25.00,33.30,33.30,11.10
2026-05-15T22:11:14.793424,25.00,40.00,28.60,0.00
2026-05-15T22:11:14.896111,44.40,14.30,25.00,0.00
2026-05-15T22:11:14.998931,33.30,33.30,33.30,0.00
2026-05-15T22:11:15.101753,16.70,33.30,25.00,11.10
2026-05-15T22:11:15.204520,25.00,25.00,37.50,20.00
2026-05-15T22:11:15.307290,37.50,37.50,33.30,0.00
2026-05-15T22:11:15.409703,30.00,12.50,33.30,0.00
2026-05-15T22:11:15.512376,25.00,25.00,25.00,0.00
2026-05-15T22:11:15.614925,22.20,22.20,12.50,11.10
2026-05-15T22:11:15.717407,22.20,30.00,36.40,10.00
2026-05-15T22:11:15.820356,33.30,0.00,12.50,0.00
2026-05-15T22:11:15.922749,12.50,22.20,14.30,0.00
2026-05-15T22:11:16.025235,14.30,22.20,22.20,10.00
2026-05-15T22:11:16.127985,30.00,22.20,30.00,0.00
2026-05-15T22:11:16.230443,22.20,22.20,12.50,0.00
2026-05-15T22:11:16.332888,12.50,12.50,25.00,10.00
2026-05-15T22:11:16.435666,33.30,30.00,22.20,11.10
2026-05-15T22:11:16.538161,12.50,14.30,22.20,10.00
2026-05-15T22:11:16.640614,33.30,30.00,25.00,0.00
2026-05-15T22:11:16.742943,22.20,22.20,22.20,0.00
2026-05-15T22:11:16.845384,14.30,25.00,14.30,0.00
2026-05-15T22:11:16.947941,22.20,12.50,22.20,0.00
2026-05-15T22:11:17.050339,14.30,22.20,25.00,0.00
2026-05-15T22:11:17.153170,30.00,22.20,12.50,10.00
2026-05-15T22:11:17.255479,12.50,22.20,30.00,20.00
2026-05-15T22:11:17.357984,25.00,22.20,22.20,0.00
2026-05-15T22:11:17.460742,30.00,22.20,25.00,10.00
2026-05-15T22:11:17.563377,14.30,25.00,22.20,0.00
2026-05-15T22:11:17.665947,22.20,22.20,12.50,0.00
2026-05-15T22:11:17.768710,22.20,22.20,33.30,10.00
2026-05-15T22:11:17.871239,25.00,22.20,22.20,0.00
2026-05-15T22:11:17.974221,22.20,12.50,12.50,11.10
2026-05-15T22:11:18.076838,12.50,30.00,22.20,0.00
2026-05-15T22:11:18.179795,25.00,12.50,14.30,0.00
2026-05-15T22:11:18.282543,22.20,12.50,36.40,0.00
2026-05-15T22:11:18.385182,22.20,22.20,14.30,0.00
2026-05-15T22:11:18.487750,14.30,25.00,12.50,0.00
2026-05-15T22:11:18.590919,22.20,30.00,30.00,0.00
2026-05-15T22:11:18.693714,25.00,22.20,14.30,0.00
2026-05-15T22:11:18.795940,22.20,12.50,30.00,11.10
2026-05-15T22:11:18.898335,22.20,22.20,12.50,0.00
2026-05-15T22:11:19.000555,25.00,33.30,25.00,0.00
2026-05-15T22:11:19.103008,22.20,30.00,36.40,0.00
2026-05-15T22:11:19.205532,33.30,22.20,25.00,10.00
2026-05-15T22:11:19.307925,22.20,25.00,30.00,0.00
2026-05-15T22:11:19.410440,33.30,12.50,0.00,0.00
2026-05-15T22:11:19.512701,22.20,22.20,22.20,0.00
2026-05-15T22:11:19.615427,22.20,30.00,30.00,0.00
2026-05-15T22:11:19.717866,14.30,12.50,12.50,0.00
2026-05-15T22:11:19.820288,22.20,12.50,25.00,20.00
2026-05-15T22:11:19.922754,22.20,12.50,12.50,0.00
2026-05-15T22:11:20.025301,22.20,36.40,12.50,0.00
2026-05-15T22:11:20.127715,25.00,22.20,22.20,0.00
2026-05-15T22:11:20.230213,12.50,0.00,25.00,10.00
2026-05-15T22:11:20.333369,25.00,25.00,12.50,10.00
2026-05-15T22:11:20.436975,63.60,60.00,60.00,0.00
2026-05-15T22:11:20.541180,77.80,66.70,75.00,14.30
2026-05-15T22:11:20.644793,80.00,75.00,66.70,12.50
2026-05-15T22:11:20.748429,70.00,66.70,77.80,12.50
2026-05-15T22:11:20.852163,75.00,66.70,62.50,0.00
2026-05-15T22:11:20.955785,66.70,57.10,66.70,22.20
2026-05-15T22:11:21.060223,80.00,70.00,77.80,0.00
2026-05-15T22:11:21.164143,77.80,62.50,72.70,12.50
2026-05-15T22:11:21.267719,77.80,70.00,66.70,25.00
2026-05-15T22:11:21.371771,77.80,75.00,80.00,0.00
2026-05-15T22:11:21.475698,70.00,60.00,66.70,12.50
2026-05-15T22:11:21.578958,80.00,75.00,66.70,12.50
2026-05-15T22:11:21.682611,71.40,57.10,77.80,14.30
2026-05-15T22:11:21.785947,80.00,66.70,77.80,22.20
2026-05-15T22:11:21.889703,75.00,66.70,66.70,14.30
2026-05-15T22:11:21.993224,70.00,71.40,66.70,12.50
2026-05-15T22:11:22.097160,77.80,66.70,75.00,12.50
2026-05-15T22:11:22.200671,70.00,70.00,66.70,12.50
2026-05-15T22:11:22.304622,77.80,66.70,80.00,14.30
2026-05-15T22:11:22.407656,77.80,62.50,75.00,12.50
2026-05-15T22:11:22.511166,77.80,66.70,66.70,0.00
2026-05-15T22:11:22.614443,70.00,70.00,66.70,12.50
2026-05-15T22:11:22.717661,75.00,66.70,62.50,12.50
2026-05-15T22:11:22.820871,75.00,66.70,75.00,12.50
2026-05-15T22:11:22.924621,66.70,62.50,66.70,12.50
2026-05-15T22:11:23.029275,80.00,75.00,81.80,25.00
2026-05-15T22:11:23.132960,75.00,66.70,62.50,12.50
2026-05-15T22:11:23.236513,66.70,66.70,70.00,12.50
2026-05-15T22:11:23.339665,77.80,66.70,75.00,25.00
2026-05-15T22:11:23.442996,80.00,75.00,70.00,0.00
2026-05-15T22:11:23.546142,77.80,70.00,77.80,14.30
2026-05-15T22:11:23.648977,77.80,75.00,80.00,12.50
2026-05-15T22:11:23.752737,80.00,62.50,71.40,14.30
2026-05-15T22:11:23.856488,66.70,62.50,62.50,22.20
2026-05-15T22:11:23.960209,88.90,72.70,75.00,12.50
2026-05-15T22:11:24.064847,72.70,75.00,70.00,14.30
2026-05-15T22:11:24.169259,80.00,62.50,77.80,22.20
2026-05-15T22:11:24.273469,77.80,80.00,77.80,25.00
2026-05-15T22:11:24.376472,75.00,62.50,75.00,12.50
2026-05-15T22:11:24.480291,77.80,66.70,66.70,14.30
2026-05-15T22:11:24.584230,70.00,62.50,66.70,0.00
2026-05-15T22:11:24.688318,77.80,66.70,77.80,33.30
2026-05-15T22:11:24.791662,81.80,62.50,70.00,12.50
2026-05-15T22:11:24.895324,77.80,66.70,75.00,12.50
2026-05-15T22:11:24.998931,62.50,66.70,62.50,14.30
2026-05-15T22:11:25.102402,77.80,62.50,66.70,12.50
2026-05-15T22:11:25.205881,77.80,66.70,75.00,22.20
2026-05-15T22:11:25.309625,80.00,77.80,70.00,14.30
2026-05-15T22:11:25.413269,75.00,66.70,77.80,22.20
2026-05-15T22:11:25.516945,81.80,75.00,77.80,0.00
2026-05-15T22:11:25.620707,77.80,70.00,75.00,12.50
2026-05-15T22:11:25.724645,77.80,72.70,70.00,25.00
2026-05-15T22:11:25.829081,81.80,71.40,77.80,22.20
2026-05-15T22:11:25.932936,77.80,72.70,70.00,22.20
2026-05-15T22:11:26.037694,81.80,75.00,80.00,0.00
2026-05-15T22:11:26.141691,75.00,77.80,75.00,12.50
2026-05-15T22:11:26.245125,77.80,66.70,80.00,25.00
2026-05-15T22:11:26.349238,77.80,75.00,66.70,12.50
2026-05-15T22:11:26.453851,81.80,70.00,77.80,14.30
2026-05-15T22:11:26.557718,75.00,66.70,70.00,25.00
2026-05-15T22:11:26.660802,70.00,71.40,71.40,12.50
2026-05-15T22:11:26.764813,88.90,66.70,70.00,37.50
2026-05-15T22:11:26.868261,77.80,71.40,71.40,12.50
2026-05-15T22:11:26.971382,77.80,66.70,77.80,0.00
2026-05-15T22:11:27.074695,70.00,62.50,66.70,14.30
2026-05-15T22:11:27.178389,75.00,66.70,70.00,22.20
2026-05-15T22:11:27.282244,77.80,70.00,77.80,25.00
2026-05-15T22:11:27.385969,80.00,75.00,71.40,22.20
2026-05-15T22:11:27.489302,75.00,62.50,80.00,0.00
2026-05-15T22:11:27.592805,80.00,77.80,66.70,12.50
2026-05-15T22:11:27.696927,80.00,77.80,80.00,25.00
2026-05-15T22:11:27.801219,77.80,70.00,80.00,22.20
2026-05-15T22:11:27.905200,80.00,77.80,75.00,14.30
2026-05-15T22:11:28.008965,75.00,66.70,70.00,14.30
2026-05-15T22:11:28.112400,80.00,77.80,75.00,22.20
2026-05-15T22:11:28.216021,77.80,66.70,80.00,12.50
2026-05-15T22:11:28.320384,80.00,66.70,72.70,25.00
2026-05-15T22:11:28.424123,80.00,75.00,77.80,0.00
2026-05-15T22:11:28.528340,80.00,66.70,75.00,14.30
2026-05-15T22:11:28.631873,77.80,75.00,75.00,12.50
2026-05-15T22:11:28.735392,77.80,70.00,80.00,22.20
2026-05-15T22:11:28.838830,77.80,62.50,57.10,12.50
2026-05-15T22:11:28.942650,80.00,70.00,77.80,14.30
2026-05-15T22:11:29.046724,77.80,75.00,77.80,22.20
2026-05-15T22:11:29.150322,80.00,66.70,75.00,0.00
2026-05-15T22:11:29.253675,75.00,62.50,66.70,22.20
2026-05-15T22:11:29.356436,66.70,75.00,77.80,25.00
2026-05-15T22:11:29.459715,77.80,70.00,66.70,0.00
2026-05-15T22:11:29.563601,80.00,62.50,77.80,14.30
2026-05-15T22:11:29.667901,77.80,77.80,77.80,12.50
2026-05-15T22:11:29.772296,75.00,55.60,70.00,12.50
2026-05-15T22:11:29.875965,66.70,75.00,62.50,12.50
2026-05-15T22:11:29.980135,77.80,70.00,77.80,14.30
2026-05-15T22:11:30.084240,80.00,75.00,77.80,12.50
2026-05-15T22:11:30.188689,77.80,70.00,77.80,25.00
2026-05-15T22:11:30.292411,77.80,75.00,77.80,14.30
2026-05-15T22:11:30.395878,66.70,66.70,70.00,12.50
2026-05-15T22:11:30.499713,71.40,62.50,62.50,12.50
2026-05-15T22:11:30.603456,70.00,62.50,66.70,12.50
2026-05-15T22:11:30.707572,70.00,63.60,62.50,12.50
2026-05-15T22:11:30.810680,71.40,50.00,62.50,0.00
2026-05-15T22:11:30.913936,66.70,55.60,62.50,0.00
2026-05-15T22:11:31.017569,66.70,57.10,70.00,0.00
2026-05-15T22:11:31.121299,66.70,66.70,60.00,22.20
2026-05-15T22:11:31.225937,66.70,50.00,62.50,12.50
2026-05-15T22:11:31.328750,75.00,66.70,66.70,14.30
2026-05-15T22:11:31.432443,66.70,55.60,62.50,12.50
2026-05-15T22:11:31.535490,62.50,66.70,62.50,12.50
2026-05-15T22:11:31.639224,70.00,66.70,57.10,12.50
2026-05-15T22:11:31.743173,62.50,50.00,62.50,0.00
2026-05-15T22:11:31.846617,72.70,70.00,66.70,12.50
2026-05-15T22:11:31.949839,62.50,66.70,66.70,22.20
2026-05-15T22:11:32.052716,71.40,62.50,66.70,14.30
2026-05-15T22:11:32.156434,70.00,62.50,57.10,0.00
2026-05-15T22:11:32.259971,66.70,55.60,70.00,12.50
2026-05-15T22:11:32.363215,62.50,66.70,62.50,22.20
2026-05-15T22:11:32.467348,70.00,55.60,57.10,12.50
2026-05-15T22:11:32.570979,75.00,66.70,70.00,22.20
2026-05-15T22:11:32.675191,72.70,62.50,57.10,0.00
2026-05-15T22:11:32.778702,62.50,57.10,70.00,12.50
2026-05-15T22:11:32.881877,66.70,63.60,62.50,12.50
2026-05-15T22:11:32.985513,66.70,66.70,62.50,12.50
2026-05-15T22:11:33.088616,70.00,57.10,66.70,12.50
2026-05-15T22:11:33.191738,71.40,60.00,70.00,12.50
2026-05-15T22:11:33.295147,66.70,62.50,57.10,14.30
2026-05-15T22:11:33.398621,66.70,66.70,60.00,12.50
2026-05-15T22:11:33.501971,62.50,50.00,57.10,0.00
2026-05-15T22:11:33.606162,70.00,70.00,66.70,12.50
2026-05-15T22:11:33.709916,75.00,62.50,62.50,0.00
2026-05-15T22:11:33.814738,66.70,66.70,71.40,33.30
2026-05-15T22:11:33.918680,66.70,57.10,70.00,12.50
2026-05-15T22:11:34.022136,66.70,62.50,50.00,0.00
2026-05-15T22:11:34.126356,66.70,63.60,72.70,12.50
2026-05-15T22:11:34.229322,62.50,62.50,71.40,12.50
2026-05-15T22:11:34.333335,77.80,66.70,66.70,12.50
2026-05-15T22:11:34.437118,62.50,62.50,66.70,12.50
2026-05-15T22:11:34.540593,66.70,62.50,62.50,14.30
2026-05-15T22:11:34.644523,75.00,55.60,57.10,12.50
2026-05-15T22:11:34.748437,70.00,66.70,66.70,0.00
2026-05-15T22:11:34.851739,77.80,62.50,66.70,12.50
2026-05-15T22:11:34.955597,62.50,66.70,62.50,12.50
2026-05-15T22:11:35.059370,72.70,62.50,77.80,33.30
2026-05-15T22:11:35.162716,75.00,50.00,55.60,0.00
2026-05-15T22:11:35.265987,70.00,66.70,71.40,40.00
2026-05-15T22:11:35.368480,71.40,62.50,62.50,0.00
2026-05-15T22:11:35.470945,22.20,22.20,30.00,11.10
2026-05-15T22:11:35.573301,30.00,25.00,22.20,10.00
2026-05-15T22:11:35.675972,12.50,22.20,14.30,0.00
2026-05-15T22:11:35.778448,25.00,22.20,22.20,10.00
2026-05-15T22:11:35.880647,22.20,22.20,22.20,0.00
2026-05-15T22:11:35.983372,22.20,12.50,12.50,0.00
2026-05-15T22:11:36.086149,12.50,22.20,33.30,0.00
2026-05-15T22:11:36.188695,25.00,22.20,12.50,0.00
2026-05-15T22:11:36.291130,22.20,22.20,22.20,10.00
2026-05-15T22:11:36.393629,30.00,12.50,22.20,0.00
2026-05-15T22:11:36.496291,14.30,22.20,25.00,11.10
2026-05-15T22:11:36.599684,12.50,40.00,22.20,11.10
2026-05-15T22:11:36.702829,22.20,0.00,14.30,0.00
2026-05-15T22:11:36.805455,25.00,12.50,22.20,11.10
2026-05-15T22:11:36.907934,22.20,30.00,30.00,0.00
2026-05-15T22:11:37.010259,30.00,22.20,0.00,11.10
2026-05-15T22:11:37.112935,14.30,12.50,33.30,10.00
2026-05-15T22:11:37.215612,30.00,22.20,22.20,0.00
2026-05-15T22:11:37.318687,25.00,12.50,12.50,0.00
2026-05-15T22:11:37.421334,22.20,22.20,22.20,10.00
2026-05-15T22:11:37.524206,12.50,22.20,22.20,11.10
2026-05-15T22:11:37.626918,30.00,25.00,33.30,0.00
2026-05-15T22:11:37.729915,0.00,22.20,0.00,10.00
2026-05-15T22:11:37.832368,12.50,0.00,22.20,0.00
2026-05-15T22:11:37.934706,22.20,22.20,12.50,10.00
2026-05-15T22:11:38.037237,22.20,12.50,12.50,0.00
2026-05-15T22:11:38.139553,25.00,0.00,25.00,0.00
2026-05-15T22:11:38.242070,22.20,22.20,22.20,0.00
2026-05-15T22:11:38.344522,22.20,22.20,22.20,0.00
2026-05-15T22:11:38.447042,22.20,14.30,12.50,0.00
2026-05-15T22:11:38.549509,25.00,12.50,12.50,11.10
2026-05-15T22:11:38.651888,12.50,30.00,25.00,10.00
2026-05-15T22:11:38.754270,22.20,22.20,12.50,0.00
2026-05-15T22:11:38.856869,12.50,12.50,12.50,0.00
2026-05-15T22:11:38.959653,40.00,22.20,30.00,0.00
2026-05-15T22:11:39.062097,12.50,22.20,14.30,11.10
2026-05-15T22:11:39.164577,22.20,30.00,22.20,10.00
2026-05-15T22:11:39.267248,14.30,0.00,12.50,0.00
2026-05-15T22:11:39.369734,30.00,33.30,25.00,0.00
2026-05-15T22:11:39.472274,12.50,12.50,12.50,0.00
2026-05-15T22:11:39.574607,25.00,30.00,30.00,0.00
2026-05-15T22:11:39.676918,30.00,30.00,12.50,0.00
2026-05-15T22:11:39.779336,22.20,0.00,33.30,10.00
2026-05-15T22:11:39.881845,22.20,22.20,22.20,0.00
2026-05-15T22:11:39.984643,33.30,30.00,22.20,11.10
2026-05-15T22:11:40.087147,22.20,12.50,12.50,0.00
2026-05-15T22:11:40.189962,22.20,12.50,14.30,0.00
2026-05-15T22:11:40.292428,0.00,30.00,12.50,10.00
2026-05-15T22:11:40.394417,27.30,12.50,20.00,0.00
2026-05-15T22:11:40.496446,10.00,18.20,25.00,0.00
2026-05-15T22:11:40.598488,18.20,10.00,0.00,0.00
2026-05-15T22:11:40.700538,20.00,18.20,18.20,9.10
2026-05-15T22:11:40.802464,10.00,10.00,10.00,0.00
2026-05-15T22:11:40.904418,25.00,25.00,10.00,0.00
2026-05-15T22:11:41.006382,10.00,20.00,10.00,0.00
2026-05-15T22:11:41.108410,10.00,18.20,25.00,0.00
2026-05-15T22:11:41.210454,18.20,18.20,10.00,10.00
2026-05-15T22:11:41.312825,18.20,10.00,10.00,0.00
2026-05-15T22:11:41.414820,25.00,10.00,10.00,0.00
2026-05-15T22:11:41.516986,10.00,18.20,0.00,0.00
2026-05-15T22:11:41.618925,18.20,18.20,25.00,9.10
2026-05-15T22:11:41.721251,11.10,18.20,18.20,0.00
2026-05-15T22:11:41.823311,10.00,18.20,18.20,0.00
2026-05-15T22:11:41.925808,16.70,18.20,18.20,9.10
2026-05-15T22:11:42.027836,27.30,18.20,20.00,0.00
2026-05-15T22:11:42.129870,18.20,10.00,10.00,0.00
2026-05-15T22:11:42.231933,10.00,18.20,18.20,0.00
2026-05-15T22:11:42.333965,18.20,20.00,10.00,0.00
2026-05-15T22:11:42.436215,18.20,18.20,18.20,0.00
2026-05-15T22:11:42.538227,10.00,18.20,10.00,10.00
2026-05-15T22:11:42.640368,27.30,10.00,10.00,0.00
2026-05-15T22:11:42.742390,0.00,10.00,18.20,0.00
2026-05-15T22:11:42.844590,0.00,18.20,25.00,0.00
2026-05-15T22:11:42.946609,18.20,10.00,10.00,0.00
2026-05-15T22:11:43.048597,25.00,10.00,11.10,0.00
2026-05-15T22:11:43.150662,20.00,25.00,18.20,0.00
2026-05-15T22:11:43.252651,10.00,11.10,10.00,10.00
2026-05-15T22:11:43.354746,18.20,18.20,18.20,0.00
2026-05-15T22:11:43.512162,26.70,29.40,26.70,13.30
2026-05-15T22:11:43.614133,25.00,27.30,100.00,16.70
2026-05-15T22:11:43.716163,18.20,18.20,100.00,0.00
2026-05-15T22:11:43.818343,20.00,20.00,100.00,10.00
2026-05-15T22:11:43.920370,10.00,18.20,100.00,0.00
2026-05-15T22:11:44.022716,18.20,27.30,100.00,0.00
2026-05-15T22:11:44.124950,30.80,18.20,100.00,0.00
2026-05-15T22:11:44.226982,20.00,27.30,100.00,10.00
2026-05-15T22:11:44.329200,10.00,30.80,100.00,0.00
2026-05-15T22:11:44.431601,30.80,27.30,100.00,0.00
2026-05-15T22:11:44.533698,11.10,18.20,100.00,9.10
2026-05-15T22:11:44.635869,25.00,27.30,100.00,0.00
2026-05-15T22:11:44.737972,18.20,30.80,100.00,0.00
2026-05-15T22:11:44.840007,11.10,20.00,100.00,0.00
2026-05-15T22:11:44.942347,25.00,20.00,100.00,9.10
2026-05-15T22:11:45.044623,27.30,18.20,100.00,0.00
2026-05-15T22:11:45.146789,18.20,30.80,100.00,0.00
2026-05-15T22:11:45.249020,18.20,27.30,100.00,0.00
2026-05-15T22:11:45.351241,18.20,11.10,100.00,0.00
2026-05-15T22:11:45.877476,80.00,83.70,100.00,65.30
2026-05-15T22:11:46.015558,63.60,58.30,58.30,100.00
2026-05-15T22:11:46.120424,44.40,28.60,50.00,22.20
2026-05-15T22:11:46.225184,55.60,44.40,37.50,25.00
2026-05-15T22:11:46.329880,37.50,50.00,50.00,20.00
2026-05-15T22:11:46.434755,42.90,44.40,42.90,25.00
2026-05-15T22:11:46.539684,55.60,50.00,37.50,12.50
2026-05-15T22:11:46.644521,44.40,44.40,50.00,30.00
2026-05-15T22:11:46.748603,50.00,50.00,42.90,25.00
2026-05-15T22:11:46.853619,44.40,37.50,44.40,30.00
2026-05-15T22:11:46.959492,55.60,50.00,50.00,12.50
2026-05-15T22:11:47.064624,37.50,37.50,37.50,30.00
2026-05-15T22:11:47.169860,42.90,37.50,42.90,22.20
2026-05-15T22:11:47.275223,50.00,44.40,54.50,33.30
2026-05-15T22:11:47.379573,44.40,37.50,42.90,12.50
2026-05-15T22:11:47.483829,50.00,37.50,44.40,22.20
2026-05-15T22:11:47.588628,44.40,44.40,37.50,12.50
2026-05-15T22:11:47.692968,55.60,44.40,42.90,30.00
2026-05-15T22:11:47.797666,37.50,37.50,37.50,12.50
2026-05-15T22:11:47.902900,42.90,37.50,33.30,22.20
2026-05-15T22:11:48.007872,37.50,44.40,44.40,12.50
2026-05-15T22:11:48.113574,55.60,44.40,37.50,22.20
2026-05-15T22:11:48.218197,50.00,37.50,37.50,30.00
2026-05-15T22:11:48.322699,42.90,33.30,50.00,22.20
2026-05-15T22:11:48.427281,37.50,44.40,44.40,22.20
2026-05-15T22:11:48.532822,50.00,44.40,50.00,12.50
2026-05-15T22:11:48.638172,55.60,37.50,50.00,33.30
2026-05-15T22:11:48.743662,37.50,28.60,50.00,22.20
2026-05-15T22:11:48.847918,50.00,44.40,37.50,22.20
2026-05-15T22:11:48.952524,37.50,16.70,44.40,12.50
2026-05-15T22:11:49.057397,37.50,44.40,37.50,22.20
2026-05-15T22:11:49.162180,33.30,42.90,37.50,22.20
2026-05-15T22:11:49.267786,60.00,37.50,50.00,30.00
2026-05-15T22:11:49.372871,44.40,50.00,50.00,22.20
2026-05-15T22:11:49.478853,50.00,44.40,37.50,30.00
2026-05-15T22:11:49.583551,50.00,33.30,37.50,22.20
2026-05-15T22:11:49.687616,42.90,50.00,55.60,12.50
2026-05-15T22:11:49.793552,37.50,44.40,37.50,22.20
2026-05-15T22:11:49.898140,42.90,28.60,37.50,22.20
2026-05-15T22:11:50.002667,42.90,37.50,44.40,22.20
2026-05-15T22:11:50.107924,50.00,44.40,50.00,12.50
2026-05-15T22:11:50.212666,37.50,42.90,37.50,30.00
2026-05-15T22:11:50.318181,42.90,44.40,37.50,22.20
2026-05-15T22:11:50.421466,22.20,22.20,22.20,11.10
2026-05-15T22:11:50.524549,30.80,18.20,27.30,10.00
2026-05-15T22:11:50.627958,0.00,20.00,10.00,11.10
2026-05-15T22:11:50.731483,18.20,18.20,27.30,18.20
2026-05-15T22:11:50.834445,20.00,20.00,18.20,10.00
2026-05-15T22:11:50.937871,18.20,10.00,11.10,11.10
2026-05-15T22:11:51.041380,18.20,18.20,10.00,25.00
2026-05-15T22:11:51.144436,20.00,20.00,20.00,11.10
2026-05-15T22:11:51.247946,10.00,25.00,25.00,20.00
2026-05-15T22:11:51.351170,27.30,0.00,11.10,18.20
2026-05-15T22:11:51.455272,18.20,20.00,18.20,11.10
2026-05-15T22:11:51.558996,11.10,18.20,11.10,18.20
2026-05-15T22:11:51.662335,18.20,27.30,10.00,11.10
2026-05-15T22:11:51.765623,25.00,18.20,18.20,18.20
2026-05-15T22:11:51.868807,20.00,27.30,20.00,18.20
2026-05-15T22:11:51.971946,10.00,0.00,10.00,11.10
2026-05-15T22:11:52.075389,18.20,18.20,10.00,10.00
2026-05-15T22:11:52.178583,20.00,18.20,20.00,11.10
2026-05-15T22:11:52.282452,10.00,20.00,10.00,10.00
2026-05-15T22:11:52.385863,20.00,18.20,25.00,18.20
2026-05-15T22:11:52.489283,18.20,18.20,20.00,10.00
2026-05-15T22:11:52.592941,10.00,11.10,0.00,27.30
2026-05-15T22:11:52.696402,27.30,18.20,11.10,10.00
2026-05-15T22:11:52.800034,20.00,18.20,18.20,11.10
2026-05-15T22:11:52.903414,10.00,10.00,25.00,10.00
2026-05-15T22:11:53.006581,10.00,18.20,11.10,10.00
2026-05-15T22:11:53.110012,18.20,20.00,10.00,11.10
2026-05-15T22:11:53.212898,11.10,10.00,18.20,18.20
2026-05-15T22:11:53.316662,27.30,18.20,27.30,27.30
2026-05-15T22:11:53.420416,18.20,20.00,10.00,10.00
2026-05-15T22:11:53.523918,20.00,18.20,20.00,11.10
2026-05-15T22:11:53.627539,18.20,20.00,10.00,10.00
2026-05-15T22:11:53.730993,20.00,25.00,18.20,10.00
2026-05-15T22:11:53.834581,0.00,0.00,27.30,27.30
2026-05-15T22:11:53.937839,20.00,20.00,10.00,10.00
2026-05-15T22:11:54.041222,18.20,18.20,20.00,11.10
2026-05-15T22:11:54.144613,25.00,18.20,18.20,10.00
2026-05-15T22:11:54.248188,11.10,20.00,10.00,11.10
2026-05-15T22:11:54.351796,18.20,18.20,27.30,10.00
2026-05-15T22:11:54.455424,10.00,18.20,18.20,20.00
2026-05-15T22:11:54.559368,27.30,27.30,20.00,18.20
2026-05-15T22:11:54.663196,10.00,18.20,10.00,11.10
2026-05-15T22:11:54.766732,10.00,11.10,10.00,10.00
2026-05-15T22:11:54.870210,27.30,25.00,20.00,18.20
2026-05-15T22:11:54.973935,10.00,10.00,18.20,10.00
2026-05-15T22:11:55.077325,27.30,11.10,20.00,20.00
2026-05-15T22:11:55.180850,18.20,18.20,10.00,10.00
2026-05-15T22:11:55.284642,20.00,20.00,20.00,11.10
2026-05-15T22:11:55.388635,20.00,18.20,18.20,18.20
2026-05-15T22:11:55.492713,22.20,14.30,25.00,12.50
2026-05-15T22:11:55.596864,25.00,22.20,0.00,20.00
2026-05-15T22:11:55.700815,25.00,30.00,33.30,11.10
2026-05-15T22:11:55.804450,22.20,25.00,22.20,22.20
2026-05-15T22:11:55.908144,28.60,22.20,25.00,11.10
2026-05-15T22:11:56.012259,33.30,33.30,33.30,30.00
2026-05-15T22:11:56.116754,25.00,25.00,25.00,11.10
2026-05-15T22:11:56.220728,33.30,25.00,25.00,22.20
2026-05-15T22:11:56.324624,25.00,30.00,22.20,20.00
2026-05-15T22:11:56.428325,25.00,33.30,25.00,12.50
2026-05-15T22:11:56.532815,33.30,12.50,14.30,11.10
2026-05-15T22:11:56.636968,12.50,22.20,30.00,27.30
2026-05-15T22:11:56.741342,33.30,25.00,33.30,12.50
2026-05-15T22:11:56.875344,30.00,30.00,30.00,33.30
2026-05-15T22:11:56.979828,14.30,40.00,33.30,100.00
2026-05-15T22:11:57.084150,33.30,22.20,14.30,100.00
2026-05-15T22:11:57.188752,40.00,40.00,30.00,100.00
2026-05-15T22:11:57.292984,25.00,14.30,25.00,100.00
2026-05-15T22:11:57.397423,33.30,33.30,25.00,100.00
2026-05-15T22:11:57.501508,33.30,22.20,33.30,100.00
2026-05-15T22:11:57.606347,30.00,33.30,30.00,100.00
2026-05-15T22:11:57.710935,40.00,30.00,14.30,100.00
2026-05-15T22:11:57.815433,25.00,33.30,25.00,100.00
2026-05-15T22:11:57.920514,25.00,22.20,14.30,100.00
2026-05-15T22:11:58.025289,25.00,25.00,33.30,100.00
2026-05-15T22:11:58.129614,40.00,22.20,33.30,100.00
2026-05-15T22:11:58.233840,25.00,25.00,33.30,100.00
2026-05-15T22:11:58.338600,40.00,30.00,22.20,100.00
2026-05-15T22:11:58.443212,33.30,25.00,33.30,100.00
2026-05-15T22:11:58.547219,22.20,12.50,25.00,100.00
2026-05-15T22:11:58.651858,33.30,45.50,14.30,100.00
2026-05-15T22:11:58.755825,33.30,0.00,30.00,100.00
2026-05-15T22:11:58.860184,22.20,36.40,25.00,100.00
2026-05-15T22:11:58.963921,25.00,25.00,33.30,100.00
2026-05-15T22:11:59.068780,40.00,22.20,22.20,100.00
2026-05-15T22:11:59.173548,14.30,25.00,25.00,100.00
2026-05-15T22:11:59.277741,40.00,22.20,33.30,100.00
2026-05-15T22:11:59.381836,33.30,33.30,12.50,100.00
2026-05-15T22:11:59.486024,14.30,30.00,33.30,100.00
2026-05-15T22:11:59.590937,36.40,14.30,25.00,100.00
2026-05-15T22:11:59.694999,25.00,30.00,33.30,100.00
2026-05-15T22:11:59.799187,25.00,33.30,12.50,100.00
2026-05-15T22:11:59.905072,40.00,22.20,14.30,100.00
2026-05-15T22:12:00.009093,33.30,40.00,40.00,100.00
2026-05-15T22:12:00.113249,33.30,25.00,14.30,100.00
2026-05-15T22:12:00.217029,25.00,30.00,30.00,100.00
2026-05-15T22:12:00.321847,25.00,0.00,25.00,100.00
2026-05-15T22:12:00.425689,33.30,33.30,30.00,100.00
2026-05-15T22:12:00.529636,12.50,11.10,20.00,100.00
2026-05-15T22:12:00.633207,20.00,20.00,11.10,100.00
2026-05-15T22:12:00.737331,20.00,20.00,27.30,100.00
2026-05-15T22:12:00.840841,33.30,20.00,11.10,100.00
2026-05-15T22:12:00.944546,20.00,11.10,12.50,100.00
2026-05-15T22:12:01.048328,30.00,27.30,11.10,100.00
2026-05-15T22:12:01.152413,27.30,20.00,27.30,100.00
2026-05-15T22:12:01.256712,20.00,11.10,11.10,100.00
2026-05-15T22:12:01.360922,27.30,27.30,27.30,100.00
2026-05-15T22:12:01.464855,20.00,18.20,0.00,100.00
2026-05-15T22:12:01.568698,30.00,22.20,22.20,100.00
2026-05-15T22:12:01.672534,30.00,20.00,27.30,100.00
2026-05-15T22:12:01.776514,25.00,18.20,20.00,100.00
2026-05-15T22:12:01.880226,30.00,36.40,22.20,100.00
2026-05-15T22:12:01.983890,27.30,20.00,20.00,100.00
2026-05-15T22:12:02.087597,20.00,11.10,20.00,100.00
2026-05-15T22:12:02.192281,33.30,33.30,11.10,100.00
2026-05-15T22:12:02.296293,20.00,11.10,27.30,100.00
2026-05-15T22:12:02.399704,30.00,22.20,11.10,100.00
2026-05-15T22:12:02.503852,27.30,27.30,22.20,100.00
2026-05-15T22:12:02.607520,27.30,11.10,20.00,100.00
2026-05-15T22:12:02.711604,27.30,27.30,20.00,100.00
2026-05-15T22:12:02.815693,20.00,20.00,11.10,100.00
2026-05-15T22:12:02.920048,20.00,36.40,27.30,100.00
2026-05-15T22:12:03.024520,20.00,11.10,11.10,100.00
2026-05-15T22:12:03.128213,30.00,27.30,30.00,100.00
2026-05-15T22:12:03.232393,27.30,22.20,11.10,100.00
2026-05-15T22:12:03.336473,20.00,11.10,36.40,100.00
2026-05-15T22:12:03.440064,27.30,27.30,11.10,100.00
2026-05-15T22:12:03.543928,27.30,11.10,30.00,100.00
2026-05-15T22:12:03.647825,27.30,27.30,11.10,100.00
2026-05-15T22:12:03.752136,20.00,20.00,27.30,100.00
2026-05-15T22:12:03.856215,27.30,11.10,22.20,100.00
2026-05-15T22:12:03.960206,0.00,27.30,27.30,100.00
2026-05-15T22:12:04.064382,36.40,20.00,11.10,100.00
2026-05-15T22:12:04.167900,20.00,20.00,20.00,100.00
2026-05-15T22:12:04.271670,27.30,33.30,22.20,100.00
2026-05-15T22:12:04.375657,27.30,0.00,20.00,100.00
2026-05-15T22:12:04.479794,27.30,20.00,20.00,100.00
2026-05-15T22:12:04.584305,20.00,27.30,22.20,100.00
2026-05-15T22:12:04.688419,22.20,20.00,20.00,100.00
2026-05-15T22:12:04.792504,27.30,20.00,20.00,100.00
2026-05-15T22:12:04.896597,11.10,30.00,11.10,100.00
2026-05-15T22:12:05.000376,20.00,20.00,22.20,100.00
2026-05-15T22:12:05.104601,38.50,27.30,20.00,100.00
2026-05-15T22:12:05.208571,20.00,20.00,20.00,100.00
2026-05-15T22:12:05.312383,20.00,20.00,30.00,100.00
2026-05-15T22:12:05.417995,54.50,44.40,44.40,100.00
2026-05-15T22:12:05.523106,80.00,62.50,70.00,100.00
2026-05-15T22:12:05.628383,62.50,66.70,75.00,100.00
2026-05-15T22:12:05.734361,77.80,60.00,66.70,100.00
2026-05-15T22:12:05.840313,77.80,66.70,66.70,100.00
2026-05-15T22:12:05.947267,70.00,62.50,66.70,100.00
2026-05-15T22:12:06.053806,77.80,70.00,66.70,100.00
2026-05-15T22:12:06.163892,80.00,66.70,66.70,100.00
2026-05-15T22:12:06.269335,66.70,66.70,62.50,100.00
2026-05-15T22:12:06.374263,70.00,60.00,55.60,100.00
2026-05-15T22:12:06.480954,77.80,62.50,66.70,100.00
2026-05-15T22:12:06.586232,66.70,62.50,66.70,100.00
2026-05-15T22:12:06.691342,70.00,62.50,62.50,100.00
2026-05-15T22:12:06.798613,80.00,70.00,72.70,100.00
2026-05-15T22:12:06.937884,80.00,66.70,72.70,100.00
2026-05-15T22:12:07.043072,70.00,57.10,70.00,22.20
2026-05-15T22:12:07.148309,70.00,55.60,57.10,40.00
2026-05-15T22:12:07.255298,75.00,66.70,70.00,44.40
2026-05-15T22:12:07.359941,66.70,66.70,62.50,14.30
2026-05-15T22:12:07.467002,70.00,60.00,70.00,30.00
2026-05-15T22:12:07.572144,70.00,66.70,62.50,25.00
2026-05-15T22:12:07.678613,66.70,66.70,60.00,33.30
2026-05-15T22:12:07.785113,77.80,50.00,66.70,25.00
2026-05-15T22:12:07.891856,62.50,62.50,66.70,22.20
2026-05-15T22:12:07.997540,70.00,60.00,66.70,25.00
2026-05-15T22:12:08.103118,62.50,62.50,62.50,25.00
2026-05-15T22:12:08.209261,70.00,66.70,66.70,25.00
2026-05-15T22:12:08.315924,70.00,62.50,55.60,22.20
2026-05-15T22:12:08.421267,75.00,50.00,62.50,33.30
2026-05-15T22:12:08.526982,60.00,66.70,70.00,25.00
2026-05-15T22:12:08.632797,75.00,50.00,66.70,33.30
2026-05-15T22:12:08.738326,66.70,66.70,66.70,12.50
2026-05-15T22:12:08.844739,70.00,70.00,62.50,25.00
2026-05-15T22:12:08.951382,70.00,55.60,70.00,25.00
2026-05-15T22:12:09.058128,77.80,66.70,66.70,33.30
2026-05-15T22:12:09.163158,70.00,57.10,66.70,25.00
2026-05-15T22:12:09.268954,62.50,57.10,62.50,22.20
2026-05-15T22:12:09.374969,66.70,63.60,70.00,33.30
2026-05-15T22:12:09.480570,66.70,50.00,66.70,25.00
2026-05-15T22:12:09.586241,62.50,60.00,70.00,22.20
2026-05-15T22:12:09.690823,66.70,57.10,62.50,25.00
2026-05-15T22:12:09.797607,75.00,60.00,70.00,33.30
2026-05-15T22:12:09.903153,70.00,66.70,60.00,22.20
2026-05-15T22:12:10.008328,62.50,66.70,62.50,33.30
2026-05-15T22:12:10.114675,77.80,57.10,62.50,25.00
2026-05-15T22:12:10.220260,70.00,63.60,66.70,25.00
2026-05-15T22:12:10.326208,80.00,57.10,62.50,30.00
2026-05-15T22:12:10.429491,22.20,40.00,22.20,11.10
2026-05-15T22:12:10.532547,10.00,18.20,25.00,11.10
2026-05-15T22:12:10.636237,18.20,10.00,10.00,10.00
2026-05-15T22:12:10.739271,20.00,18.20,18.20,10.00
2026-05-15T22:12:10.842520,0.00,27.30,10.00,18.20
2026-05-15T22:12:10.945726,25.00,18.20,11.10,11.10
2026-05-15T22:12:11.048975,10.00,10.00,18.20,18.20
2026-05-15T22:12:11.152990,10.00,18.20,18.20,10.00
2026-05-15T22:12:11.256431,10.00,20.00,10.00,20.00
2026-05-15T22:12:11.359992,27.30,25.00,20.00,10.00
2026-05-15T22:12:11.463213,18.20,10.00,10.00,11.10
2026-05-15T22:12:11.566456,10.00,10.00,25.00,10.00
2026-05-15T22:12:11.669930,25.00,25.00,27.30,10.00
2026-05-15T22:12:11.773035,10.00,18.20,10.00,18.20
2026-05-15T22:12:11.876303,10.00,18.20,18.20,20.00
2026-05-15T22:12:11.979402,18.20,10.00,10.00,10.00
2026-05-15T22:12:12.082569,20.00,11.10,11.10,10.00
2026-05-15T22:12:12.186256,18.20,18.20,18.20,11.10
2026-05-15T22:12:12.289744,18.20,10.00,10.00,10.00
2026-05-15T22:12:12.392859,20.00,10.00,20.00,10.00
2026-05-15T22:12:12.496476,0.00,25.00,18.20,11.10
2026-05-15T22:12:12.599812,18.20,18.20,10.00,18.20
2026-05-15T22:12:12.703334,18.20,18.20,18.20,27.30
2026-05-15T22:12:12.806641,18.20,10.00,10.00,10.00
2026-05-15T22:12:12.909934,27.30,20.00,20.00,18.20
2026-05-15T22:12:13.012850,10.00,18.20,18.20,11.10
2026-05-15T22:12:13.116030,25.00,18.20,18.20,10.00
2026-05-15T22:12:13.219682,10.00,10.00,0.00,11.10
2026-05-15T22:12:13.322860,20.00,18.20,25.00,18.20
2026-05-15T22:12:13.426032,18.20,18.20,10.00,11.10
2026-05-15T22:12:13.529519,10.00,25.00,18.20,18.20
2026-05-15T22:12:13.632867,18.20,10.00,11.10,10.00
2026-05-15T22:12:13.735952,18.20,20.00,10.00,20.00
2026-05-15T22:12:13.839245,20.00,0.00,25.00,10.00
2026-05-15T22:12:13.942727,18.20,18.20,10.00,20.00
2026-05-15T22:12:14.046235,10.00,10.00,10.00,10.00
2026-05-15T22:12:14.149460,18.20,18.20,11.10,20.00
2026-05-15T22:12:14.252696,18.20,18.20,18.20,10.00
2026-05-15T22:12:14.356202,27.30,18.20,27.30,20.00
2026-05-15T22:12:14.459958,10.00,18.20,0.00,10.00
2026-05-15T22:12:14.563287,18.20,0.00,18.20,10.00
2026-05-15T22:12:14.666622,20.00,18.20,27.30,20.00
2026-05-15T22:12:14.770275,18.20,18.20,10.00,10.00
2026-05-15T22:12:14.873543,10.00,11.10,20.00,10.00
2026-05-15T22:12:14.976649,18.20,18.20,10.00,11.10
2026-05-15T22:12:15.079740,27.30,10.00,27.30,18.20
2026-05-15T22:12:15.183175,10.00,25.00,10.00,18.20
2026-05-15T22:12:15.287138,11.10,10.00,25.00,20.00
2026-05-15T22:12:15.390942,18.20,18.20,20.00,10.00
2026-05-15T22:12:15.494589,20.00,27.30,0.00,11.10
2026-05-15T22:12:15.598339,20.00,11.10,25.00,18.20
2026-05-15T22:12:15.701969,27.30,25.00,20.00,11.10
2026-05-15T22:12:15.805789,10.00,0.00,20.00,20.00
2026-05-15T22:12:15.908795,20.00,25.00,18.20,18.20
2026-05-15T22:12:16.011986,11.10,20.00,0.00,11.10
2026-05-15T22:12:16.115152,18.20,20.00,27.30,10.00
2026-05-15T22:12:16.218219,20.00,18.20,18.20,11.10
2026-05-15T22:12:16.321380,11.10,27.30,11.10,10.00
2026-05-15T22:12:16.424963,25.00,0.00,20.00,20.00
2026-05-15T22:12:16.527988,20.00,27.30,11.10,10.00
2026-05-15T22:12:16.631529,0.00,18.20,10.00,20.00
2026-05-15T22:12:16.734841,18.20,20.00,11.10,11.10
2026-05-15T22:12:16.838451,20.00,20.00,33.30,27.30
2026-05-15T22:12:16.965806,30.80,25.00,16.70,18.20
2026-05-15T22:12:17.069613,20.00,11.10,20.00,100.00
2026-05-15T22:12:17.172806,33.30,18.20,20.00,100.00
2026-05-15T22:12:17.276449,27.30,27.30,11.10,100.00
2026-05-15T22:12:17.380461,18.20,20.00,18.20,100.00
2026-05-15T22:12:17.484357,20.00,27.30,27.30,100.00
2026-05-15T22:12:17.587913,27.30,0.00,20.00,100.00
2026-05-15T22:12:17.691638,18.20,25.00,18.20,100.00
2026-05-15T22:12:17.795469,27.30,11.10,11.10,100.00
2026-05-15T22:12:17.898994,27.30,27.30,11.10,100.00
2026-05-15T22:12:18.002552,20.00,10.00,27.30,100.00
2026-05-15T22:12:18.106651,18.20,20.00,25.00,100.00
2026-05-15T22:12:18.210606,27.30,20.00,11.10,100.00
2026-05-15T22:12:18.314231,20.00,10.00,20.00,100.00
2026-05-15T22:12:18.417676,20.00,20.00,18.20,100.00
2026-05-15T22:12:18.521154,27.30,25.00,20.00,100.00
2026-05-15T22:12:18.624698,20.00,20.00,20.00,100.00
2026-05-15T22:12:18.727833,20.00,11.10,11.10,100.00
2026-05-15T22:12:18.831590,27.30,18.20,11.10,100.00
2026-05-15T22:12:18.934694,18.20,11.10,20.00,100.00
2026-05-15T22:12:19.037865,27.30,30.80,27.30,100.00
2026-05-15T22:12:19.141536,33.30,20.00,20.00,100.00
2026-05-15T22:12:19.245400,27.30,27.30,10.00,100.00
2026-05-15T22:12:19.349085,27.30,20.00,27.30,100.00
2026-05-15T22:12:19.452332,33.30,10.00,20.00,100.00
2026-05-15T22:12:19.555701,20.00,33.30,11.10,100.00
2026-05-15T22:12:19.658823,20.00,10.00,18.20,100.00
2026-05-15T22:12:19.762444,30.80,20.00,20.00,100.00
2026-05-15T22:12:19.866613,20.00,0.00,20.00,100.00
2026-05-15T22:12:19.970358,20.00,18.20,11.10,100.00
2026-05-15T22:12:20.074407,33.30,27.30,33.30,100.00
2026-05-15T22:12:20.178458,20.00,18.20,10.00,100.00
2026-05-15T22:12:20.281792,27.30,18.20,20.00,100.00
2026-05-15T22:12:20.386395,30.00,22.20,22.20,100.00
2026-05-15T22:12:20.491511,60.00,50.00,55.60,100.00
2026-05-15T22:12:20.596473,50.00,44.40,55.60,100.00
2026-05-15T22:12:20.702793,66.70,55.60,62.50,100.00
2026-05-15T22:12:20.807938,70.00,50.00,55.60,100.00
2026-05-15T22:12:20.914454,55.60,55.60,60.00,100.00
2026-05-15T22:12:21.018744,57.10,55.60,33.30,100.00
2026-05-15T22:12:21.122696,50.00,50.00,66.70,100.00
2026-05-15T22:12:21.227146,66.70,42.90,50.00,100.00
2026-05-15T22:12:21.334016,62.50,55.60,55.60,100.00
2026-05-15T22:12:21.439428,60.00,37.50,42.90,100.00
2026-05-15T22:12:21.544316,62.50,50.00,66.70,100.00
2026-05-15T22:12:21.648355,60.00,60.00,50.00,100.00
2026-05-15T22:12:21.752496,57.10,42.90,55.60,100.00
2026-05-15T22:12:21.856557,57.10,55.60,57.10,100.00
2026-05-15T22:12:21.962441,55.60,55.60,60.00,100.00
2026-05-15T22:12:22.067918,66.70,50.00,55.60,100.00
2026-05-15T22:12:22.172619,62.50,50.00,60.00,100.00
2026-05-15T22:12:22.277920,60.00,55.60,57.10,100.00
2026-05-15T22:12:22.383070,62.50,42.90,55.60,100.00
2026-05-15T22:12:22.488017,55.60,60.00,55.60,100.00
2026-05-15T22:12:22.594020,70.00,50.00,60.00,100.00
2026-05-15T22:12:22.698644,42.90,44.40,55.60,100.00
2026-05-15T22:12:22.803267,60.00,55.60,50.00,100.00
2026-05-15T22:12:22.907700,57.10,42.90,57.10,100.00
2026-05-15T22:12:23.012204,66.70,55.60,60.00,100.00
2026-05-15T22:12:23.116744,57.10,55.60,50.00,100.00
2026-05-15T22:12:23.222153,60.00,42.90,60.00,100.00
2026-05-15T22:12:23.327288,62.50,60.00,66.70,100.00
2026-05-15T22:12:23.432471,66.70,60.00,55.60,100.00
2026-05-15T22:12:23.537743,62.50,50.00,50.00,100.00
2026-05-15T22:12:23.642148,50.00,42.90,50.00,100.00
2026-05-15T22:12:23.747661,70.00,55.60,62.50,100.00
2026-05-15T22:12:23.852176,50.00,44.40,50.00,100.00
2026-05-15T22:12:23.956242,62.50,42.90,60.00,100.00
2026-05-15T22:12:24.061195,55.60,50.00,50.00,100.00
2026-05-15T22:12:24.166170,60.00,50.00,55.60,100.00
2026-05-15T22:12:24.271595,62.50,55.60,60.00,100.00
2026-05-15T22:12:24.377429,66.70,50.00,62.50,100.00
2026-05-15T22:12:24.482499,60.00,50.00,50.00,100.00
2026-05-15T22:12:24.587632,57.10,50.00,50.00,100.00
2026-05-15T22:12:24.692167,66.70,50.00,57.10,100.00
2026-05-15T22:12:24.796385,50.00,37.50,55.60,100.00
2026-05-15T22:12:24.900446,66.70,50.00,50.00,100.00
2026-05-15T22:12:25.006470,50.00,50.00,55.60,100.00
2026-05-15T22:12:25.111429,70.00,50.00,62.50,100.00
2026-05-15T22:12:25.216941,62.50,55.60,60.00,100.00
2026-05-15T22:12:25.321777,66.70,50.00,62.50,100.00
2026-05-15T22:12:25.425498,30.00,30.00,30.00,100.00
2026-05-15T22:12:25.528693,18.20,25.00,10.00,100.00
2026-05-15T22:12:25.631845,18.20,16.70,9.10,100.00
2026-05-15T22:12:25.735006,18.20,10.00,25.00,100.00
2026-05-15T22:12:25.838000,25.00,18.20,10.00,100.00
2026-05-15T22:12:25.941311,25.00,16.70,18.20,100.00
2026-05-15T22:12:26.044329,18.20,10.00,10.00,100.00
2026-05-15T22:12:26.147592,25.00,10.00,18.20,100.00
2026-05-15T22:12:26.250640,25.00,16.70,10.00,100.00
2026-05-15T22:12:26.354232,18.20,10.00,16.70,100.00
2026-05-15T22:12:26.457604,30.80,35.70,18.20,100.00
2026-05-15T22:12:26.561225,18.20,10.00,10.00,100.00
2026-05-15T22:12:26.664276,16.70,18.20,25.00,100.00
2026-05-15T22:12:26.767578,25.00,9.10,0.00,100.00
2026-05-15T22:12:26.870860,33.30,18.20,18.20,100.00
2026-05-15T22:12:26.974159,18.20,18.20,25.00,100.00
2026-05-15T22:12:27.077732,10.00,16.70,10.00,100.00
2026-05-15T22:12:27.181358,25.00,18.20,10.00,100.00
2026-05-15T22:12:27.284422,25.00,10.00,25.00,100.00
2026-05-15T22:12:27.387870,23.10,25.00,10.00,100.00
2026-05-15T22:12:27.491131,18.20,9.10,25.00,100.00
2026-05-15T22:12:27.594891,18.20,25.00,9.10,100.00
2026-05-15T22:12:27.698376,18.20,10.00,10.00,100.00
2026-05-15T22:12:27.801804,25.00,9.10,25.00,100.00
2026-05-15T22:12:27.905580,25.00,18.20,16.70,100.00
2026-05-15T22:12:28.009328,16.70,9.10,10.00,100.00
2026-05-15T22:12:28.112960,18.20,18.20,25.00,100.00
2026-05-15T22:12:28.216338,25.00,25.00,0.00,100.00
2026-05-15T22:12:28.319484,10.00,0.00,10.00,100.00
2026-05-15T22:12:28.422708,25.00,16.70,16.70,100.00
2026-05-15T22:12:28.580262,29.40,29.40,37.50,100.00
2026-05-15T22:12:28.683590,30.80,25.00,100.00,100.00
2026-05-15T22:12:28.789386,18.20,10.00,100.00,100.00
2026-05-15T22:12:28.892820,25.00,33.30,100.00,100.00
2026-05-15T22:12:28.996572,25.00,25.00,100.00,100.00
2026-05-15T22:12:29.099884,25.00,18.20,100.00,100.00
2026-05-15T22:12:29.203133,18.20,25.00,100.00,100.00
2026-05-15T22:12:29.306381,38.50,27.30,100.00,100.00
2026-05-15T22:12:29.410020,25.00,16.70,100.00,100.00
2026-05-15T22:12:29.513175,27.30,18.20,100.00,100.00
2026-05-15T22:12:29.616353,18.20,20.00,100.00,100.00
2026-05-15T22:12:29.719743,25.00,18.20,100.00,100.00
2026-05-15T22:12:29.823155,25.00,30.80,100.00,100.00
2026-05-15T22:12:29.926809,18.20,18.20,100.00,100.00
2026-05-15T22:12:30.029991,25.00,18.20,100.00,100.00
2026-05-15T22:12:30.133350,18.20,25.00,100.00,100.00
2026-05-15T22:12:30.236624,10.00,30.80,100.00,100.00
2026-05-15T22:12:30.339940,35.70,10.00,100.00,100.00
2026-05-15T22:12:30.445114,44.40,25.00,100.00,100.00
2026-05-15T22:12:30.601590,50.00,64.30,93.80,100.00
2026-05-15T22:12:30.706169,37.50,33.30,37.50,100.00
2026-05-15T22:12:30.810593,33.30,28.60,33.30,100.00
2026-05-15T22:12:30.915076,44.40,40.00,37.50,100.00
2026-05-15T22:12:31.019429,37.50,14.30,33.30,100.00
2026-05-15T22:12:31.123341,25.00,25.00,28.60,100.00
2026-05-15T22:12:31.228886,44.40,44.40,33.30,100.00
2026-05-15T22:12:31.332975,37.50,25.00,28.60,100.00
2026-05-15T22:12:31.437024,33.30,25.00,25.00,100.00
2026-05-15T22:12:31.542092,37.50,25.00,44.40,100.00
2026-05-15T22:12:31.647419,37.50,33.30,0.00,100.00
2026-05-15T22:12:31.751659,33.30,33.30,44.40,100.00
2026-05-15T22:12:31.855928,50.00,25.00,33.30,100.00
2026-05-15T22:12:31.960446,37.50,33.30,28.60,100.00
2026-05-15T22:12:32.064958,40.00,37.50,25.00,100.00
2026-05-15T22:12:32.169659,37.50,25.00,28.60,100.00
2026-05-15T22:12:32.273835,37.50,25.00,37.50,100.00
2026-05-15T22:12:32.378885,25.00,40.00,40.00,100.00
2026-05-15T22:12:32.483611,44.40,33.30,16.70,100.00
2026-05-15T22:12:32.587540,37.50,0.00,25.00,100.00
2026-05-15T22:12:32.692813,44.40,33.30,37.50,100.00
2026-05-15T22:12:32.797354,33.30,28.60,44.40,100.00
2026-05-15T22:12:32.901985,37.50,33.30,33.30,100.00
2026-05-15T22:12:33.007160,44.40,25.00,16.70,100.00
2026-05-15T22:12:33.111467,37.50,44.40,25.00,100.00
2026-05-15T22:12:33.215791,25.00,14.30,28.60,100.00
2026-05-15T22:12:33.320755,50.00,33.30,33.30,100.00
2026-05-15T22:12:33.425447,33.30,33.30,37.50,100.00
2026-05-15T22:12:33.530876,44.40,25.00,40.00,100.00
2026-05-15T22:12:33.635612,37.50,25.00,28.60,100.00
2026-05-15T22:12:33.740292,44.40,37.50,33.30,100.00
2026-05-15T22:12:33.845206,33.30,14.30,25.00,100.00
2026-05-15T22:12:33.949913,37.50,40.00,37.50,100.00
2026-05-15T22:12:34.055405,33.30,25.00,25.00,100.00
2026-05-15T22:12:34.159917,37.50,33.30,37.50,100.00
2026-05-15T22:12:34.264753,50.00,25.00,40.00,100.00
2026-05-15T22:12:34.368978,28.60,50.00,28.60,100.00
2026-05-15T22:12:34.473637,33.30,14.30,25.00,100.00
2026-05-15T22:12:34.577928,44.40,25.00,37.50,100.00
2026-05-15T22:12:34.682524,28.60,40.00,28.60,100.00
2026-05-15T22:12:34.786923,44.40,37.50,33.30,100.00
2026-05-15T22:12:34.891651,25.00,25.00,28.60,100.00
2026-05-15T22:12:34.995967,44.40,33.30,37.50,100.00
2026-05-15T22:12:35.100324,44.40,37.50,25.00,100.00
2026-05-15T22:12:35.204455,25.00,0.00,37.50,100.00
2026-05-15T22:12:35.308514,50.00,37.50,28.60,100.00
2026-05-15T22:12:35.412334,22.20,22.20,22.20,100.00
2026-05-15T22:12:35.516487,20.00,20.00,20.00,100.00
2026-05-15T22:12:35.620386,33.30,20.00,20.00,100.00
2026-05-15T22:12:35.724236,20.00,20.00,20.00,100.00
2026-05-15T22:12:35.827697,20.00,10.00,11.10,100.00
2026-05-15T22:12:35.931224,36.40,11.10,11.10,100.00
2026-05-15T22:12:36.034613,20.00,33.30,33.30,100.00
2026-05-15T22:12:36.138030,33.30,11.10,12.50,100.00
2026-05-15T22:12:36.241724,20.00,20.00,20.00,100.00
2026-05-15T22:12:36.346352,20.00,20.00,20.00,100.00
2026-05-15T22:12:36.450383,22.20,20.00,27.30,100.00
2026-05-15T22:12:36.553937,20.00,20.00,0.00,100.00
2026-05-15T22:12:36.657506,27.30,20.00,27.30,100.00
2026-05-15T22:12:36.761397,27.30,20.00,22.20,100.00
2026-05-15T22:12:36.865412,30.00,20.00,27.30,100.00
2026-05-15T22:12:36.969166,20.00,20.00,20.00,100.00
2026-05-15T22:12:37.073491,27.30,20.00,22.20,100.00
2026-05-15T22:12:37.177420,30.00,20.00,11.10,100.00
2026-05-15T22:12:37.281067,20.00,11.10,27.30,100.00
2026-05-15T22:12:37.384849,33.30,18.20,20.00,100.00
2026-05-15T22:12:37.488567,11.10,20.00,20.00,100.00
2026-05-15T22:12:37.592096,20.00,11.10,11.10,100.00
2026-05-15T22:12:37.695956,33.30,27.30,30.00,100.00
2026-05-15T22:12:37.799732,22.20,11.10,20.00,100.00
2026-05-15T22:12:37.903436,20.00,11.10,20.00,100.00
2026-05-15T22:12:38.007265,20.00,20.00,20.00,100.00
2026-05-15T22:12:38.111300,27.30,20.00,20.00,100.00
2026-05-15T22:12:38.215348,20.00,10.00,11.10,100.00
2026-05-15T22:12:38.319537,20.00,11.10,20.00,100.00
2026-05-15T22:12:38.423268,27.30,27.30,20.00,100.00
2026-05-15T22:12:38.527258,20.00,20.00,20.00,100.00
2026-05-15T22:12:38.630664,20.00,11.10,0.00,100.00
2026-05-15T22:12:38.734695,22.20,20.00,27.30,100.00
2026-05-15T22:12:38.838397,27.30,27.30,11.10,100.00
2026-05-15T22:12:38.942319,20.00,0.00,20.00,100.00
2026-05-15T22:12:39.045979,27.30,27.30,20.00,100.00
2026-05-15T22:12:39.149437,20.00,11.10,22.20,100.00
2026-05-15T22:12:39.252945,36.40,11.10,27.30,100.00
2026-05-15T22:12:39.356399,27.30,11.10,11.10,100.00
2026-05-15T22:12:39.460187,20.00,20.00,20.00,100.00
2026-05-15T22:12:39.564142,33.30,20.00,20.00,100.00
2026-05-15T22:12:39.667743,27.30,18.20,22.20,100.00
2026-05-15T22:12:39.771613,27.30,20.00,11.10,100.00
2026-05-15T22:12:39.875638,20.00,27.30,11.10,100.00
2026-05-15T22:12:39.979250,20.00,20.00,20.00,100.00
2026-05-15T22:12:40.083200,20.00,10.00,11.10,100.00
2026-05-15T22:12:40.187020,27.30,20.00,20.00,100.00
2026-05-15T22:12:40.291558,27.30,20.00,11.10,100.00
2026-05-15T22:12:40.397937,33.30,22.20,33.30,100.00
2026-05-15T22:12:40.544091,84.60,76.90,76.90,100.00
2026-05-15T22:12:40.648953,70.00,70.00,66.70,22.20
2026-05-15T22:12:40.754495,70.00,62.50,60.00,25.00
2026-05-15T22:12:40.860330,75.00,70.00,77.80,25.00
2026-05-15T22:12:40.965188,72.70,60.00,66.70,33.30
2026-05-15T22:12:41.071885,75.00,66.70,62.50,25.00
2026-05-15T22:12:41.176909,70.00,75.00,70.00,40.00
2026-05-15T22:12:41.284233,66.70,66.70,75.00,25.00
2026-05-15T22:12:41.390454,77.80,66.70,66.70,14.30
2026-05-15T22:12:41.497193,70.00,70.00,70.00,40.00
2026-05-15T22:12:41.602784,75.00,66.70,62.50,22.20
2026-05-15T22:12:41.709170,70.00,66.70,62.50,25.00
2026-05-15T22:12:41.814690,77.80,62.50,62.50,25.00
2026-05-15T22:12:41.919862,70.00,55.60,55.60,33.30
2026-05-15T22:12:42.026193,66.70,70.00,66.70,30.00
2026-05-15T22:12:42.132882,62.50,66.70,66.70,25.00
2026-05-15T22:12:42.238463,77.80,62.50,57.10,25.00
2026-05-15T22:12:42.344376,57.10,62.50,70.00,25.00
2026-05-15T22:12:42.450840,70.00,60.00,71.40,12.50
2026-05-15T22:12:42.556485,66.70,62.50,60.00,33.30
2026-05-15T22:12:42.660874,77.80,66.70,75.00,25.00
2026-05-15T22:12:42.766419,66.70,62.50,66.70,25.00
2026-05-15T22:12:42.872551,66.70,70.00,57.10,22.20
2026-05-15T22:12:42.979105,77.80,66.70,70.00,14.30
2026-05-15T22:12:43.085381,80.00,62.50,70.00,25.00
2026-05-15T22:12:43.190937,66.70,62.50,62.50,36.40
2026-05-15T22:12:43.296857,77.80,62.50,70.00,28.60
2026-05-15T22:12:43.403425,62.50,62.50,62.50,22.20
2026-05-15T22:12:43.509950,77.80,63.60,66.70,25.00
2026-05-15T22:12:43.616549,70.00,57.10,70.00,22.20
2026-05-15T22:12:43.724708,72.70,66.70,70.00,33.30
2026-05-15T22:12:43.830243,70.00,66.70,66.70,25.00
2026-05-15T22:12:43.935628,75.00,62.50,71.40,25.00
2026-05-15T22:12:44.041931,66.70,66.70,60.00,25.00
2026-05-15T22:12:44.148126,77.80,66.70,66.70,22.20
2026-05-15T22:12:44.252724,66.70,66.70,62.50,33.30
2026-05-15T22:12:44.357983,70.00,55.60,72.70,14.30
2026-05-15T22:12:44.463440,77.80,66.70,57.10,33.30
2026-05-15T22:12:44.570460,70.00,66.70,70.00,22.20
2026-05-15T22:12:44.677791,80.00,66.70,66.70,33.30
2026-05-15T22:12:44.783464,70.00,62.50,71.40,25.00
2026-05-15T22:12:44.890064,75.00,70.00,70.00,25.00
2026-05-15T22:12:44.995371,66.70,60.00,70.00,30.00
2026-05-15T22:12:45.102325,70.00,62.50,66.70,33.30
2026-05-15T22:12:45.207965,75.00,66.70,66.70,25.00
2026-05-15T22:12:45.313879,70.00,66.70,66.70,14.30
2026-05-15T22:12:45.418102,37.50,37.50,50.00,22.20
2026-05-15T22:12:45.521773,22.20,20.00,0.00,11.10
2026-05-15T22:12:45.625500,30.00,22.20,22.20,20.00
2026-05-15T22:12:45.728887,22.20,22.20,22.20,20.00
2026-05-15T22:12:45.832776,12.50,30.00,30.00,11.10
2026-05-15T22:12:45.936884,30.00,11.10,0.00,11.10
2026-05-15T22:12:46.040620,22.20,12.50,22.20,11.10
2026-05-15T22:12:46.144739,12.50,12.50,27.30,20.00
2026-05-15T22:12:46.248729,22.20,20.00,12.50,11.10
2026-05-15T22:12:46.352972,27.30,30.00,12.50,11.10
2026-05-15T22:12:46.457392,22.20,12.50,22.20,30.00
2026-05-15T22:12:46.561334,12.50,11.10,22.20,20.00
2026-05-15T22:12:46.665099,30.00,30.00,12.50,18.20
2026-05-15T22:12:46.768679,12.50,22.20,30.00,20.00
2026-05-15T22:12:46.872978,22.20,12.50,12.50,12.50
2026-05-15T22:12:46.976797,22.20,27.30,22.20,11.10
2026-05-15T22:12:47.080897,30.00,22.20,20.00,20.00
2026-05-15T22:12:47.184656,12.50,0.00,22.20,11.10
2026-05-15T22:12:47.288934,30.00,20.00,12.50,11.10
2026-05-15T22:12:47.392544,22.20,12.50,30.00,20.00
2026-05-15T22:12:47.496330,12.50,22.20,22.20,10.00
2026-05-15T22:12:47.600291,22.20,20.00,0.00,20.00
2026-05-15T22:12:47.704382,30.00,22.20,22.20,22.20
2026-05-15T22:12:47.807929,20.00,12.50,30.00,10.00
2026-05-15T22:12:47.911834,22.20,27.30,12.50,11.10
2026-05-15T22:12:48.015968,30.00,22.20,22.20,11.10
2026-05-15T22:12:48.119836,22.20,11.10,20.00,11.10
2026-05-15T22:12:48.223714,0.00,22.20,12.50,27.30
2026-05-15T22:12:48.328041,22.20,11.10,22.20,11.10
2026-05-15T22:12:48.432652,22.20,22.20,22.20,11.10
2026-05-15T22:12:48.537384,27.30,30.00,22.20,11.10
2026-05-15T22:12:48.642601,22.20,20.00,12.50,20.00
2026-05-15T22:12:48.745924,22.20,22.20,12.50,11.10
2026-05-15T22:12:48.849823,22.20,22.20,20.00,11.10
2026-05-15T22:12:48.953911,12.50,11.10,12.50,20.00
2026-05-15T22:12:49.058000,30.00,22.20,27.30,11.10
2026-05-15T22:12:49.162161,12.50,30.00,22.20,20.00
2026-05-15T22:12:49.266462,36.40,12.50,12.50,20.00
2026-05-15T22:12:49.370645,22.20,27.30,30.00,11.10
2026-05-15T22:12:49.474827,22.20,12.50,12.50,11.10
2026-05-15T22:12:49.579341,12.50,22.20,12.50,20.00
2026-05-15T22:12:49.683253,22.20,27.30,22.20,20.00
2026-05-15T22:12:49.787270,22.20,12.50,22.20,11.10
2026-05-15T22:12:49.890808,12.50,11.10,11.10,11.10
2026-05-15T22:12:49.994647,27.30,22.20,22.20,27.30
2026-05-15T22:12:50.098295,22.20,20.00,22.20,11.10
2026-05-15T22:12:50.202317,22.20,22.20,12.50,11.10
2026-05-15T22:12:50.305927,12.50,12.50,22.20,20.00
2026-05-15T22:12:50.410131,33.30,40.00,33.30,20.00
2026-05-15T22:12:50.515566,50.00,37.50,44.40,12.50
2026-05-15T22:12:50.621299,55.60,44.40,50.00,12.50
2026-05-15T22:12:50.726638,50.00,50.00,50.00,22.20
2026-05-15T22:12:50.832425,54.50,44.40,44.40,22.20
2026-05-15T22:12:50.938250,50.00,37.50,60.00,25.00
2026-05-15T22:12:51.043119,50.00,44.40,42.90,12.50
2026-05-15T22:12:51.148606,55.60,42.90,50.00,22.20
2026-05-15T22:12:51.254017,33.30,44.40,42.90,33.30
2026-05-15T22:12:51.359457,50.00,50.00,55.60,22.20
2026-05-15T22:12:51.464927,60.00,50.00,42.90,12.50
2026-05-15T22:12:51.569487,37.50,28.60,50.00,22.20
2026-05-15T22:12:51.674108,50.00,44.40,42.90,22.20
2026-05-15T22:12:51.779517,42.90,50.00,44.40,22.20
2026-05-15T22:12:51.884826,54.50,50.00,50.00,30.00
2026-05-15T22:12:51.989795,50.00,42.90,50.00,12.50
2026-05-15T22:12:52.095342,50.00,50.00,33.30,30.00
2026-05-15T22:12:52.200126,55.60,44.40,44.40,30.00
2026-05-15T22:12:52.305435,50.00,50.00,55.60,25.00
2026-05-15T22:12:52.410228,44.40,37.50,33.30,12.50
2026-05-15T22:12:52.514742,57.10,50.00,44.40,22.20
2026-05-15T22:12:52.619214,50.00,37.50,55.60,12.50
2026-05-15T22:12:52.724241,42.90,44.40,50.00,30.00
2026-05-15T22:12:52.828993,50.00,44.40,37.50,12.50
2026-05-15T22:12:52.933880,50.00,42.90,42.90,12.50
2026-05-15T22:12:53.038471,42.90,37.50,44.40,30.00
2026-05-15T22:12:53.144439,42.90,44.40,42.90,12.50
2026-05-15T22:12:53.249697,44.40,37.50,50.00,22.20
2026-05-15T22:12:53.353997,50.00,55.60,33.30,25.00
2026-05-15T22:12:53.460213,50.00,37.50,50.00,30.00
2026-05-15T22:12:53.564512,42.90,42.90,42.90,12.50
2026-05-15T22:12:53.669617,50.00,44.40,50.00,22.20
2026-05-15T22:12:53.775319,55.60,42.90,44.40,22.20
2026-05-15T22:12:53.880328,42.90,50.00,42.90,12.50
2026-05-15T22:12:53.984274,55.60,50.00,55.60,22.20
2026-05-15T22:12:54.090214,42.90,44.40,44.40,33.30
2026-05-15T22:12:54.195543,50.00,50.00,50.00,12.50
2026-05-15T22:12:54.300665,44.40,37.50,33.30,22.20
2026-05-15T22:12:54.405624,50.00,37.50,44.40,22.20
2026-05-15T22:12:54.510782,42.90,37.50,55.60,22.20
2026-05-15T22:12:54.615213,55.60,55.60,44.40,22.20
2026-05-15T22:12:54.720086,44.40,28.60,50.00,22.20
2026-05-15T22:12:54.824821,55.60,54.50,44.40,12.50
2026-05-15T22:12:54.930196,50.00,50.00,50.00,30.00
2026-05-15T22:12:55.035850,55.60,44.40,50.00,22.20
2026-05-15T22:12:55.141631,50.00,44.40,60.00,22.20
2026-05-15T22:12:55.246896,55.60,42.90,28.60,33.30
2026-05-15T22:12:55.352598,55.60,44.40,50.00,25.00
2026-05-15T22:12:55.457653,37.50,50.00,37.50,30.00
2026-05-15T22:12:55.563155,42.90,37.50,42.90,22.20
2026-05-15T22:12:55.667826,55.60,50.00,55.60,30.00
2026-05-15T22:12:55.773479,50.00,50.00,42.90,12.50
2026-05-15T22:12:55.878629,50.00,37.50,44.40,30.00
2026-05-15T22:12:55.983387,55.60,55.60,42.90,14.30
2026-05-15T22:12:56.088434,44.40,37.50,44.40,22.20
2026-05-15T22:12:56.194260,50.00,37.50,50.00,22.20
2026-05-15T22:12:56.299507,50.00,50.00,44.40,22.20
2026-05-15T22:12:56.405173,55.60,33.30,50.00,22.20
2026-05-15T22:12:56.510665,50.00,54.50,50.00,25.00
2026-05-15T22:12:56.616524,55.60,42.90,42.90,30.00
2026-05-15T22:12:56.721422,50.00,50.00,44.40,22.20
2026-05-15T22:12:56.826256,50.00,33.30,50.00,14.30
2026-05-15T22:12:56.931738,50.00,50.00,50.00,30.00
2026-05-15T22:12:57.036863,55.60,37.50,44.40,12.50
2026-05-15T22:12:57.142176,44.40,42.90,42.90,33.30
2026-05-15T22:12:57.246965,62.50,55.60,60.00,22.20
2026-05-15T22:12:57.351560,55.60,44.40,42.90,22.20
2026-05-15T22:12:57.456496,55.60,44.40,44.40,33.30
2026-05-15T22:12:57.561563,50.00,55.60,50.00,12.50
2026-05-15T22:12:57.667627,55.60,37.50,55.60,22.20
2026-05-15T22:12:57.772814,55.60,50.00,33.30,22.20
2026-05-15T22:12:57.877580,28.60,28.60,50.00,12.50
2026-05-15T22:12:57.982343,60.00,50.00,50.00,33.30
2026-05-15T22:12:58.087736,50.00,44.40,50.00,12.50
2026-05-15T22:12:58.192435,50.00,42.90,44.40,22.20
2026-05-15T22:12:58.297588,50.00,44.40,42.90,22.20
2026-05-15T22:12:58.402550,50.00,37.50,50.00,22.20
2026-05-15T22:12:58.507296,42.90,55.60,44.40,25.00
2026-05-15T22:12:58.612530,50.00,44.40,50.00,12.50
2026-05-15T22:12:58.716540,55.60,50.00,44.40,22.20
2026-05-15T22:12:58.821239,44.40,37.50,42.90,22.20
2026-05-15T22:12:58.926380,55.60,44.40,50.00,12.50
2026-05-15T22:12:59.030399,42.90,50.00,44.40,12.50
2026-05-15T22:12:59.135592,50.00,37.50,50.00,33.30
2026-05-15T22:12:59.240570,55.60,42.90,55.60,30.00
2026-05-15T22:12:59.345550,37.50,44.40,55.60,12.50
2026-05-15T22:12:59.451321,50.00,37.50,37.50,22.20
2026-05-15T22:12:59.556228,50.00,37.50,50.00,12.50
2026-05-15T22:12:59.660975,50.00,55.60,28.60,22.20
2026-05-15T22:12:59.766482,50.00,37.50,55.60,22.20
2026-05-15T22:12:59.871314,55.60,37.50,44.40,22.20
2026-05-15T22:12:59.975866,55.60,50.00,42.90,12.50
2026-05-15T22:13:00.081234,37.50,44.40,37.50,22.20
2026-05-15T22:13:00.185908,50.00,37.50,50.00,22.20
2026-05-15T22:13:00.290350,50.00,37.50,60.00,25.00
2026-05-15T22:13:00.394578,42.90,50.00,37.50,11.10
2026-05-15T22:13:00.499341,33.30,25.00,25.00,12.50
2026-05-15T22:13:00.603739,25.00,30.00,25.00,27.30
2026-05-15T22:13:00.707700,28.60,25.00,37.50,12.50
2026-05-15T22:13:00.811848,14.30,14.30,25.00,20.00
2026-05-15T22:13:00.916193,33.30,33.30,33.30,22.20
2026-05-15T22:13:01.021602,25.00,25.00,33.30,11.10
2026-05-15T22:13:01.126571,37.50,25.00,14.30,20.00
2026-05-15T22:13:01.231734,33.30,33.30,37.50,12.50
2026-05-15T22:13:01.336141,33.30,36.40,33.30,22.20
2026-05-15T22:13:01.440824,14.30,14.30,14.30,11.10
2026-05-15T22:13:01.545389,37.50,33.30,33.30,22.20
2026-05-15T22:13:01.649316,33.30,33.30,33.30,20.00
2026-05-15T22:13:01.753519,25.00,14.30,25.00,12.50
2026-05-15T22:13:01.857446,40.00,40.00,37.50,11.10
2026-05-15T22:13:01.961949,40.00,25.00,25.00,22.20
2026-05-15T22:13:02.066463,16.70,25.00,25.00,20.00
2026-05-15T22:13:02.170549,25.00,25.00,25.00,22.20
2026-05-15T22:13:02.275156,40.00,33.30,33.30,22.20
2026-05-15T22:13:02.379578,25.00,25.00,25.00,11.10
2026-05-15T22:13:02.484264,37.50,25.00,25.00,22.20
2026-05-15T22:13:02.588702,33.30,30.00,37.50,20.00
2026-05-15T22:13:02.693373,14.30,25.00,33.30,22.20
2026-05-15T22:13:02.797160,33.30,33.30,25.00,22.20
2026-05-15T22:13:02.901311,37.50,14.30,14.30,11.10
2026-05-15T22:13:03.005436,25.00,33.30,25.00,12.50
2026-05-15T22:13:03.110386,14.30,25.00,33.30,20.00
2026-05-15T22:13:03.214904,40.00,14.30,14.30,22.20
2026-05-15T22:13:03.319207,16.70,33.30,33.30,22.20
2026-05-15T22:13:03.423443,33.30,33.30,33.30,11.10
2026-05-15T22:13:03.528476,44.40,12.50,33.30,22.20
2026-05-15T22:13:03.633291,25.00,33.30,28.60,11.10
2026-05-15T22:13:03.738444,25.00,25.00,25.00,30.00
2026-05-15T22:13:03.842757,40.00,25.00,33.30,11.10
2026-05-15T22:13:03.946651,28.60,14.30,14.30,12.50
2026-05-15T22:13:04.050155,33.30,25.00,33.30,11.10
2026-05-15T22:13:04.154426,33.30,22.20,25.00,30.00
2026-05-15T22:13:04.258755,25.00,33.30,37.50,22.20
2026-05-15T22:13:04.363625,28.60,14.30,25.00,11.10
2026-05-15T22:13:04.467667,33.30,33.30,33.30,20.00
2026-05-15T22:13:04.572440,25.00,25.00,33.30,12.50
2026-05-15T22:13:04.677328,25.00,25.00,16.70,20.00
2026-05-15T22:13:04.781630,37.50,36.40,33.30,22.20
2026-05-15T22:13:04.885784,25.00,14.30,25.00,20.00
2026-05-15T22:13:04.990158,33.30,33.30,33.30,12.50
2026-05-15T22:13:05.094112,25.00,25.00,14.30,11.10
2026-05-15T22:13:05.198176,25.00,22.20,33.30,22.20
2026-05-15T22:13:05.302234,37.50,25.00,33.30,30.00
2026-05-15T22:13:05.406484,25.00,33.30,25.00,11.10
2026-05-15T22:13:05.510842,44.40,37.50,37.50,12.50
2026-05-15T22:13:05.616513,37.50,33.30,28.60,22.20
2026-05-15T22:13:05.721627,37.50,37.50,44.40,20.00
2026-05-15T22:13:05.825920,37.50,33.30,33.30,12.50
2026-05-15T22:13:05.931139,33.30,33.30,37.50,22.20
2026-05-15T22:13:06.035425,44.40,37.50,28.60,11.10
2026-05-15T22:13:06.139753,28.60,14.30,40.00,30.00
2026-05-15T22:13:06.244831,50.00,33.30,37.50,30.00
2026-05-15T22:13:06.350355,37.50,28.60,37.50,12.50
2026-05-15T22:13:06.454487,16.70,33.30,37.50,30.00
2026-05-15T22:13:06.558419,33.30,28.60,25.00,22.20
2026-05-15T22:13:06.662624,44.40,33.30,44.40,12.50
2026-05-15T22:13:06.766756,28.60,37.50,28.60,11.10
2026-05-15T22:13:06.871482,44.40,16.70,44.40,22.20
2026-05-15T22:13:06.976328,37.50,25.00,33.30,12.50
2026-05-15T22:13:07.080584,37.50,44.40,37.50,22.20
2026-05-15T22:13:07.185330,37.50,33.30,37.50,22.20
2026-05-15T22:13:07.289281,44.40,28.60,37.50,12.50
2026-05-15T22:13:07.393890,37.50,33.30,25.00,30.00
2026-05-15T22:13:07.498472,37.50,33.30,44.40,11.10
2026-05-15T22:13:07.603713,44.40,28.60,37.50,22.20
2026-05-15T22:13:07.708896,25.00,40.00,33.30,20.00
2026-05-15T22:13:07.813339,44.40,28.60,28.60,12.50
2026-05-15T22:13:07.917830,16.70,40.00,44.40,11.10
2026-05-15T22:13:08.022705,44.40,25.00,14.30,22.20
2026-05-15T22:13:08.126838,37.50,25.00,37.50,22.20
2026-05-15T22:13:08.231977,37.50,28.60,28.60,11.10
2026-05-15T22:13:08.336892,28.60,33.30,33.30,22.20
2026-05-15T22:13:08.442022,33.30,25.00,37.50,12.50
2026-05-15T22:13:08.547084,44.40,37.50,37.50,27.30
2026-05-15T22:13:08.651919,37.50,44.40,37.50,12.50
2026-05-15T22:13:08.756745,37.50,25.00,40.00,22.20
2026-05-15T22:13:08.861893,37.50,37.50,28.60,22.20
2026-05-15T22:13:08.967560,45.50,40.00,37.50,12.50
2026-05-15T22:13:09.073440,28.60,44.40,37.50,30.00
2026-05-15T22:13:09.178731,37.50,25.00,33.30,11.10
2026-05-15T22:13:09.284194,16.70,16.70,28.60,22.20
2026-05-15T22:13:09.389407,40.00,33.30,44.40,22.20
2026-05-15T22:13:09.494269,37.50,25.00,37.50,11.10
2026-05-15T22:13:09.598700,44.40,44.40,37.50,22.20
2026-05-15T22:13:09.702566,44.40,25.00,33.30,22.20
2026-05-15T22:13:09.806825,28.60,28.60,44.40,11.10
2026-05-15T22:13:09.913072,44.40,33.30,16.70,12.50
2026-05-15T22:13:10.017988,28.60,44.40,40.00,30.00
2026-05-15T22:13:10.122692,37.50,14.30,37.50,11.10
2026-05-15T22:13:10.227734,50.00,44.40,28.60,30.00
2026-05-15T22:13:10.333215,28.60,33.30,44.40,22.20
2026-05-15T22:13:10.437442,22.20,12.50,30.00,11.10
2026-05-15T22:13:10.568107,27.30,27.30,30.00,30.80
2026-05-15T22:13:10.671964,33.30,12.50,22.20,100.00
2026-05-15T22:13:10.776914,30.00,22.20,22.20,100.00
2026-05-15T22:13:10.880818,30.00,20.00,22.20,100.00
2026-05-15T22:13:10.984660,25.00,22.20,30.00,100.00
2026-05-15T22:13:11.088907,30.00,12.50,12.50,100.00
2026-05-15T22:13:11.192933,22.20,22.20,25.00,100.00
2026-05-15T22:13:11.297136,30.00,22.20,22.20,100.00
2026-05-15T22:13:11.401892,33.30,30.00,25.00,100.00
2026-05-15T22:13:11.505985,36.40,12.50,30.00,100.00
2026-05-15T22:13:11.610597,22.20,22.20,22.20,100.00
2026-05-15T22:13:11.714629,33.30,12.50,22.20,100.00
2026-05-15T22:13:11.819469,30.00,20.00,12.50,100.00
2026-05-15T22:13:11.923386,22.20,22.20,33.30,100.00
2026-05-15T22:13:12.027780,22.20,22.20,30.00,100.00
2026-05-15T22:13:12.132455,40.00,30.00,22.20,100.00
2026-05-15T22:13:12.236041,22.20,22.20,22.20,100.00
2026-05-15T22:13:12.339661,22.20,22.20,12.50,100.00
2026-05-15T22:13:12.443251,30.00,11.10,33.30,100.00
2026-05-15T22:13:12.547290,40.00,22.20,30.00,100.00
2026-05-15T22:13:12.651910,22.20,22.20,0.00,100.00
2026-05-15T22:13:12.756380,30.00,22.20,30.00,100.00
2026-05-15T22:13:12.860122,22.20,22.20,12.50,100.00
2026-05-15T22:13:12.963839,25.00,22.20,22.20,100.00
2026-05-15T22:13:13.067976,30.00,27.30,33.30,100.00
2026-05-15T22:13:13.172938,30.00,0.00,22.20,100.00
2026-05-15T22:13:13.276800,22.20,30.00,22.20,100.00
2026-05-15T22:13:13.380541,33.30,12.50,22.20,100.00
2026-05-15T22:13:13.484502,30.00,22.20,14.30,100.00
2026-05-15T22:13:13.588206,30.00,12.50,22.20,100.00
2026-05-15T22:13:13.692406,22.20,30.00,22.20,100.00
2026-05-15T22:13:13.795985,30.00,30.00,30.00,100.00
2026-05-15T22:13:13.899995,40.00,11.10,22.20,100.00
2026-05-15T22:13:14.004203,12.50,22.20,12.50,100.00
2026-05-15T22:13:14.108660,30.00,12.50,33.30,100.00
2026-05-15T22:13:14.212505,36.40,30.00,22.20,100.00
2026-05-15T22:13:14.316700,30.00,22.20,22.20,100.00
2026-05-15T22:13:14.420393,25.00,12.50,22.20,100.00
2026-05-15T22:13:14.524312,30.00,22.20,22.20,100.00
2026-05-15T22:13:14.628339,22.20,12.50,22.20,100.00
2026-05-15T22:13:14.732317,22.20,22.20,22.20,100.00
2026-05-15T22:13:14.836125,30.00,11.10,14.30,100.00
2026-05-15T22:13:14.940508,33.30,30.00,12.50,100.00
2026-05-15T22:13:15.044597,22.20,22.20,22.20,100.00
2026-05-15T22:13:15.149409,30.00,20.00,30.00,100.00
2026-05-15T22:13:15.253487,40.00,25.00,25.00,100.00
2026-05-15T22:13:15.357437,30.00,20.00,12.50,100.00
2026-05-15T22:13:15.462184,55.60,50.00,55.60,100.00
2026-05-15T22:13:15.566817,55.60,50.00,42.90,100.00
2026-05-15T22:13:15.672082,50.00,42.90,55.60,100.00
2026-05-15T22:13:15.778809,62.50,44.40,55.60,100.00
2026-05-15T22:13:15.883239,50.00,55.60,50.00,100.00
2026-05-15T22:13:15.988380,50.00,37.50,55.60,100.00
2026-05-15T22:13:16.093481,50.00,42.90,44.40,100.00
2026-05-15T22:13:16.198145,55.60,44.40,57.10,100.00
2026-05-15T22:13:16.303120,55.60,50.00,60.00,100.00
2026-05-15T22:13:16.408898,62.50,37.50,60.00,100.00
2026-05-15T22:13:16.514397,66.70,57.10,55.60,100.00
2026-05-15T22:13:16.618888,42.90,50.00,57.10,100.00
2026-05-15T22:13:16.724263,63.60,37.50,50.00,100.00
2026-05-15T22:13:16.830483,57.10,55.60,55.60,100.00
2026-05-15T22:13:16.934395,60.00,55.60,50.00,100.00
2026-05-15T22:13:17.039222,55.60,42.90,50.00,100.00
2026-05-15T22:13:17.144873,57.10,44.40,50.00,100.00
2026-05-15T22:13:17.251723,63.60,50.00,62.50,100.00
2026-05-15T22:13:17.357420,50.00,50.00,55.60,100.00
2026-05-15T22:13:17.462846,66.70,42.90,55.60,100.00
2026-05-15T22:13:17.568606,50.00,50.00,60.00,100.00
2026-05-15T22:13:17.673698,62.50,55.60,50.00,100.00
2026-05-15T22:13:17.778980,50.00,28.60,55.60,100.00
2026-05-15T22:13:17.883356,60.00,55.60,42.90,100.00
2026-05-15T22:13:17.988290,50.00,33.30,62.50,100.00
2026-05-15T22:13:18.094321,66.70,54.50,55.60,100.00
2026-05-15T22:13:18.199629,55.60,50.00,55.60,100.00
2026-05-15T22:13:18.305395,42.90,50.00,55.60,100.00
2026-05-15T22:13:18.410135,50.00,44.40,50.00,100.00
2026-05-15T22:13:18.516141,55.60,42.90,55.60,100.00
2026-05-15T22:13:18.621458,66.70,55.60,66.70,100.00
2026-05-15T22:13:18.726472,60.00,55.60,60.00,100.00
2026-05-15T22:13:18.831684,57.10,44.40,50.00,100.00
2026-05-15T22:13:18.936492,63.60,50.00,57.10,100.00
2026-05-15T22:13:19.040788,50.00,50.00,50.00,100.00
2026-05-15T22:13:19.146948,66.70,50.00,62.50,100.00
2026-05-15T22:13:19.252394,66.70,55.60,55.60,100.00
2026-05-15T22:13:19.357037,50.00,44.40,55.60,100.00
2026-05-15T22:13:19.461828,60.00,55.60,50.00,100.00
2026-05-15T22:13:19.566449,62.50,42.90,62.50,100.00
2026-05-15T22:13:19.671497,55.60,55.60,60.00,100.00
2026-05-15T22:13:19.775796,57.10,50.00,42.90,100.00
2026-05-15T22:13:19.880672,50.00,44.40,55.60,100.00
2026-05-15T22:13:19.985284,55.60,42.90,57.10,100.00
2026-05-15T22:13:20.090485,55.60,50.00,60.00,100.00
2026-05-15T22:13:20.195977,62.50,50.00,55.60,100.00
2026-05-15T22:13:20.301804,60.00,42.90,50.00,100.00
2026-05-15T22:13:20.406821,28.60,37.50,44.40,100.00
2026-05-15T22:13:20.510664,40.00,22.20,14.30,100.00
2026-05-15T22:13:20.614473,33.30,30.00,22.20,100.00
2026-05-15T22:13:20.718431,22.20,14.30,25.00,100.00
2026-05-15T22:13:20.822187,33.30,30.00,25.00,100.00
2026-05-15T22:13:20.926201,33.30,22.20,25.00,100.00
2026-05-15T22:13:21.030545,22.20,14.30,22.20,100.00
2026-05-15T22:13:21.134946,33.30,36.40,25.00,100.00
2026-05-15T22:13:21.239676,25.00,14.30,25.00,100.00
2026-05-15T22:13:21.344433,33.30,30.00,33.30,100.00
2026-05-15T22:13:21.449114,40.00,25.00,25.00,100.00
2026-05-15T22:13:21.553256,25.00,22.20,22.20,100.00
2026-05-15T22:13:21.657139,30.00,25.00,33.30,100.00
2026-05-15T22:13:21.762411,25.00,22.20,0.00,100.00
2026-05-15T22:13:21.866817,40.00,33.30,33.30,100.00
2026-05-15T22:13:21.971420,25.00,22.20,30.00,100.00
2026-05-15T22:13:22.075356,30.00,25.00,14.30,100.00
2026-05-15T22:13:22.178923,25.00,22.20,33.30,100.00
2026-05-15T22:13:22.282748,40.00,33.30,36.40,100.00
2026-05-15T22:13:22.386585,22.20,30.00,33.30,100.00
2026-05-15T22:13:22.490754,25.00,22.20,14.30,100.00
2026-05-15T22:13:22.594788,25.00,33.30,22.20,100.00
2026-05-15T22:13:22.699723,36.40,12.50,25.00,100.00
2026-05-15T22:13:22.804838,25.00,30.00,33.30,100.00
2026-05-15T22:13:22.908729,25.00,25.00,12.50,100.00
2026-05-15T22:13:23.013548,30.00,22.20,33.30,100.00
2026-05-15T22:13:23.117890,33.30,36.40,22.20,100.00
2026-05-15T22:13:23.222818,25.00,14.30,14.30,100.00
2026-05-15T22:13:23.327448,33.30,30.00,40.00,100.00
2026-05-15T22:13:23.431207,25.00,14.30,25.00,100.00
2026-05-15T22:13:23.535564,30.00,30.00,40.00,100.00
2026-05-15T22:13:23.639724,40.00,22.20,25.00,100.00
2026-05-15T22:13:23.743590,25.00,25.00,30.00,100.00
2026-05-15T22:13:23.847839,40.00,22.20,25.00,100.00
2026-05-15T22:13:23.951714,33.30,22.20,30.00,100.00
2026-05-15T22:13:24.055353,22.20,33.30,14.30,100.00
2026-05-15T22:13:24.159261,25.00,22.20,14.30,100.00
2026-05-15T22:13:24.264146,40.00,33.30,36.40,100.00
2026-05-15T22:13:24.368514,25.00,22.20,33.30,100.00
2026-05-15T22:13:24.472919,45.50,25.00,14.30,100.00
2026-05-15T22:13:24.577470,22.20,22.20,22.20,100.00
2026-05-15T22:13:24.682336,25.00,22.20,33.30,100.00
2026-05-15T22:13:24.786340,33.30,25.00,14.30,100.00
2026-05-15T22:13:24.891317,33.30,30.00,30.00,100.00
2026-05-15T22:13:24.995321,25.00,25.00,33.30,100.00
2026-05-15T22:13:25.099461,22.20,12.50,25.00,100.00
2026-05-15T22:13:25.204727,40.00,12.50,33.30,100.00
2026-05-15T22:13:25.308917,25.00,25.00,12.50,100.00
2026-05-15T22:13:25.413150,40.00,30.00,33.30,100.00
2026-05-15T22:13:25.517502,33.30,25.00,28.60,100.00
2026-05-15T22:13:25.621634,44.40,40.00,33.30,100.00
2026-05-15T22:13:25.725791,33.30,25.00,33.30,100.00
2026-05-15T22:13:25.830234,37.50,33.30,37.50,100.00
2026-05-15T22:13:25.934593,25.00,33.30,25.00,100.00
2026-05-15T22:13:26.039373,44.40,14.30,40.00,100.00
2026-05-15T22:13:26.144102,37.50,33.30,37.50,100.00
2026-05-15T22:13:26.248673,33.30,25.00,14.30,100.00
2026-05-15T22:13:26.353300,37.50,33.30,37.50,100.00
2026-05-15T22:13:26.458821,33.30,33.30,25.00,100.00
2026-05-15T22:13:26.564322,28.60,25.00,28.60,100.00
2026-05-15T22:13:26.668823,45.50,33.30,33.30,100.00
2026-05-15T22:13:26.773317,37.50,33.30,25.00,100.00
2026-05-15T22:13:26.878733,25.00,25.00,44.40,100.00
2026-05-15T22:13:26.983935,44.40,44.40,25.00,100.00
2026-05-15T22:13:27.088329,25.00,12.50,28.60,100.00
2026-05-15T22:13:27.193595,44.40,40.00,45.50,100.00
2026-05-15T22:13:27.297414,44.40,28.60,44.40,100.00
2026-05-15T22:13:27.401928,33.30,33.30,25.00,100.00
2026-05-15T22:13:27.506927,44.40,25.00,28.60,100.00
2026-05-15T22:13:27.611435,25.00,40.00,40.00,100.00
2026-05-15T22:13:27.715191,44.40,33.30,28.60,100.00
2026-05-15T22:13:27.819647,33.30,14.30,25.00,100.00
2026-05-15T22:13:27.924529,44.40,33.30,33.30,100.00
2026-05-15T22:13:28.028777,25.00,14.30,44.40,100.00
2026-05-15T22:13:28.133361,37.50,40.00,33.30,100.00
2026-05-15T22:13:28.237662,33.30,25.00,28.60,100.00
2026-05-15T22:13:28.342460,37.50,33.30,33.30,100.00
2026-05-15T22:13:28.446710,40.00,14.30,33.30,100.00
2026-05-15T22:13:28.550742,25.00,40.00,25.00,100.00
2026-05-15T22:13:28.655393,50.00,14.30,44.40,100.00
2026-05-15T22:13:28.760520,28.60,33.30,14.30,100.00
2026-05-15T22:13:28.864223,40.00,25.00,33.30,100.00
2026-05-15T22:13:28.968639,28.60,33.30,28.60,100.00
2026-05-15T22:13:29.073160,33.30,12.50,33.30,100.00
2026-05-15T22:13:29.176642,25.00,33.30,25.00,100.00
2026-05-15T22:13:29.281243,44.40,37.50,40.00,100.00
2026-05-15T22:13:29.385580,33.30,33.30,16.70,100.00
2026-05-15T22:13:29.490212,40.00,25.00,40.00,100.00
2026-05-15T22:13:29.594423,44.40,25.00,33.30,100.00
2026-05-15T22:13:29.698679,25.00,33.30,28.60,100.00
2026-05-15T22:13:29.803191,28.60,14.30,25.00,100.00
2026-05-15T22:13:29.908273,40.00,36.40,28.60,100.00
2026-05-15T22:13:30.012578,28.60,25.00,25.00,100.00
2026-05-15T22:13:30.116614,33.30,33.30,25.00,100.00
2026-05-15T22:13:30.221491,33.30,14.30,33.30,100.00
2026-05-15T22:13:30.325963,37.50,25.00,28.60,100.00
2026-05-15T22:13:30.430466,25.00,33.30,22.20,100.00
2026-05-15T22:13:30.534446,22.20,12.50,25.00,100.00
2026-05-15T22:13:30.638144,33.30,20.00,22.20,100.00
2026-05-15T22:13:30.741723,36.40,22.20,12.50,100.00
2026-05-15T22:13:30.845373,12.50,30.00,30.00,100.00
2026-05-15T22:13:30.948953,30.00,12.50,0.00,100.00
2026-05-15T22:13:31.053551,33.30,30.00,22.20,100.00
2026-05-15T22:13:31.157466,30.00,12.50,25.00,100.00
2026-05-15T22:13:31.261200,25.00,33.30,22.20,100.00
2026-05-15T22:13:31.364865,30.00,12.50,25.00,100.00
2026-05-15T22:13:31.468775,22.20,11.10,22.20,100.00
2026-05-15T22:13:31.572513,33.30,33.30,0.00,100.00
2026-05-15T22:13:31.677472,22.20,22.20,30.00,100.00
2026-05-15T22:13:31.781510,22.20,30.00,14.30,100.00
2026-05-15T22:13:31.885585,33.30,30.00,22.20,100.00
2026-05-15T22:13:31.989594,22.20,22.20,22.20,100.00
2026-05-15T22:13:32.093467,30.00,30.00,30.00,100.00
2026-05-15T22:13:32.197384,33.30,30.00,22.20,100.00
2026-05-15T22:13:32.301359,30.00,12.50,25.00,100.00
2026-05-15T22:13:32.405431,22.20,22.20,22.20,100.00
2026-05-15T22:13:32.509329,25.00,22.20,12.50,100.00
2026-05-15T22:13:32.613593,30.00,22.20,33.30,100.00
2026-05-15T22:13:32.718629,33.30,12.50,12.50,100.00
2026-05-15T22:13:32.822380,30.00,30.00,22.20,100.00
2026-05-15T22:13:32.926411,22.20,12.50,30.00,100.00
2026-05-15T22:13:33.029951,22.20,30.00,22.20,100.00
2026-05-15T22:13:33.134110,33.30,20.00,0.00,100.00
2026-05-15T22:13:33.238327,30.00,25.00,30.00,100.00
2026-05-15T22:13:33.342867,22.20,12.50,22.20,100.00
2026-05-15T22:13:33.447936,30.00,20.00,22.20,100.00
2026-05-15T22:13:33.551492,33.30,12.50,25.00,100.00
2026-05-15T22:13:33.655989,22.20,22.20,22.20,100.00
2026-05-15T22:13:33.760284,30.00,22.20,22.20,100.00
2026-05-15T22:13:33.864247,33.30,22.20,40.00,100.00
2026-05-15T22:13:33.968632,36.40,22.20,22.20,100.00
2026-05-15T22:13:34.072697,22.20,30.00,22.20,100.00
2026-05-15T22:13:34.177427,22.20,12.50,22.20,100.00
2026-05-15T22:13:34.281798,33.30,22.20,25.00,100.00
2026-05-15T22:13:34.386478,36.40,22.20,12.50,100.00
2026-05-15T22:13:34.490493,14.30,30.00,12.50,100.00
2026-05-15T22:13:34.594621,30.00,12.50,25.00,100.00
2026-05-15T22:13:34.698956,33.30,22.20,30.00,100.00
2026-05-15T22:13:34.802698,36.40,22.20,22.20,100.00
2026-05-15T22:13:34.906514,30.00,11.10,12.50,100.00
2026-05-15T22:13:35.010228,12.50,30.00,22.20,100.00
2026-05-15T22:13:35.115235,36.40,22.20,25.00,100.00
2026-05-15T22:13:35.219741,25.00,12.50,30.00,100.00
2026-05-15T22:13:35.324372,45.50,33.30,33.30,100.00
2026-05-15T22:13:35.427574,20.00,27.30,11.10,100.00
2026-05-15T22:13:35.531363,27.30,10.00,20.00,100.00
2026-05-15T22:13:35.634692,20.00,20.00,27.30,100.00
2026-05-15T22:13:35.738364,27.30,18.20,0.00,100.00
2026-05-15T22:13:35.842011,20.00,10.00,27.30,100.00
2026-05-15T22:13:35.945442,33.30,20.00,27.30,100.00
2026-05-15T22:13:36.049011,20.00,25.00,20.00,100.00
2026-05-15T22:13:36.152571,20.00,20.00,11.10,100.00
2026-05-15T22:13:36.256163,27.30,20.00,27.30,100.00
2026-05-15T22:13:36.359798,27.30,27.30,10.00,100.00
2026-05-15T22:13:36.463440,27.30,11.10,30.00,100.00
2026-05-15T22:13:36.566864,20.00,18.20,18.20,100.00
2026-05-15T22:13:36.670150,18.20,20.00,20.00,100.00
2026-05-15T22:13:36.773588,20.00,10.00,20.00,100.00
2026-05-15T22:13:36.876963,33.30,20.00,11.10,100.00
2026-05-15T22:13:36.980834,20.00,36.40,27.30,100.00
2026-05-15T22:13:37.084430,20.00,18.20,0.00,100.00
2026-05-15T22:13:37.187821,20.00,0.00,27.30,100.00
2026-05-15T22:13:37.291197,27.30,20.00,0.00,100.00
2026-05-15T22:13:37.394581,27.30,25.00,20.00,100.00
2026-05-15T22:13:37.497983,20.00,11.10,20.00,100.00
2026-05-15T22:13:37.601273,30.80,18.20,18.20,100.00
2026-05-15T22:13:37.704844,20.00,20.00,27.30,100.00
2026-05-15T22:13:37.808200,20.00,10.00,11.10,100.00
2026-05-15T22:13:37.912343,27.30,20.00,27.30,100.00
2026-05-15T22:13:38.015652,20.00,25.00,0.00,100.00
2026-05-15T22:13:38.118989,18.20,11.10,27.30,100.00
2026-05-15T22:13:38.222304,20.00,18.20,20.00,100.00
2026-05-15T22:13:38.325611,27.30,11.10,18.20,100.00
2026-05-15T22:13:38.429166,20.00,20.00,11.10,100.00
2026-05-15T22:13:38.532932,27.30,18.20,27.30,100.00
2026-05-15T22:13:38.637037,18.20,27.30,11.10,100.00
2026-05-15T22:13:38.740912,33.30,11.10,27.30,100.00
2026-05-15T22:13:38.844126,20.00,25.00,10.00,100.00
2026-05-15T22:13:38.947548,20.00,10.00,20.00,100.00
2026-05-15T22:13:39.051540,30.80,20.00,11.10,100.00
2026-05-15T22:13:39.155191,11.10,20.00,20.00,100.00
2026-05-15T22:13:39.258303,33.30,20.00,27.30,100.00
2026-05-15T22:13:39.361657,27.30,18.20,10.00,100.00
2026-05-15T22:13:39.465513,20.00,20.00,20.00,100.00
2026-05-15T22:13:39.568967,27.30,25.00,20.00,100.00
2026-05-15T22:13:39.672729,11.10,11.10,27.30,100.00
2026-05-15T22:13:39.775997,27.30,25.00,10.00,100.00
2026-05-15T22:13:39.879676,18.20,11.10,11.10,100.00
2026-05-15T22:13:39.984210,20.00,27.30,27.30,100.00
2026-05-15T22:13:40.087896,20.00,10.00,20.00,100.00
2026-05-15T22:13:40.191823,25.00,20.00,20.00,100.00
2026-05-15T22:13:40.295657,20.00,10.00,0.00,100.00
2026-05-15T22:13:40.401649,40.00,22.20,45.50,100.00
2026-05-15T22:13:40.548152,53.80,61.50,50.00,100.00
2026-05-15T22:13:40.653675,50.00,62.50,62.50,30.00
2026-05-15T22:13:40.758390,57.10,44.40,50.00,12.50
2026-05-15T22:13:40.863252,60.00,55.60,50.00,14.30
2026-05-15T22:13:40.969414,55.60,42.90,60.00,30.00
2026-05-15T22:13:41.074705,42.90,50.00,50.00,14.30
2026-05-15T22:13:41.179593,66.70,50.00,50.00,22.20
2026-05-15T22:13:41.284717,55.60,50.00,55.60,30.00
2026-05-15T22:13:41.391354,50.00,50.00,55.60,25.00
2026-05-15T22:13:41.495884,55.60,42.90,60.00,22.20
2026-05-15T22:13:41.601440,66.70,50.00,50.00,22.20
2026-05-15T22:13:41.706830,50.00,44.40,50.00,14.30
2026-05-15T22:13:41.812220,60.00,55.60,55.60,22.20
2026-05-15T22:13:41.917386,50.00,50.00,50.00,22.20
2026-05-15T22:13:42.022672,55.60,44.40,55.60,22.20
2026-05-15T22:13:42.127681,55.60,42.90,50.00,12.50
2026-05-15T22:13:42.233651,60.00,55.60,55.60,33.30
2026-05-15T22:13:42.338941,57.10,55.60,55.60,30.00
2026-05-15T22:13:42.444836,55.60,37.50,50.00,22.20
2026-05-15T22:13:42.551713,55.60,55.60,55.60,25.00
2026-05-15T22:13:42.656468,55.60,50.00,50.00,22.20
2026-05-15T22:13:42.761449,55.60,50.00,50.00,22.20
2026-05-15T22:13:42.867202,55.60,42.90,50.00,22.20
2026-05-15T22:13:42.972400,62.50,50.00,60.00,25.00
2026-05-15T22:13:43.078946,50.00,55.60,50.00,22.20
2026-05-15T22:13:43.183940,50.00,50.00,57.10,22.20
2026-05-15T22:13:43.289435,55.60,50.00,55.60,33.30
2026-05-15T22:13:43.393820,57.10,42.90,60.00,12.50
2026-05-15T22:13:43.498715,55.60,55.60,42.90,22.20
2026-05-15T22:13:43.605438,60.00,50.00,50.00,22.20
2026-05-15T22:13:43.710876,66.70,50.00,55.60,25.00
2026-05-15T22:13:43.815805,50.00,50.00,50.00,12.50
2026-05-15T22:13:43.920528,60.00,50.00,55.60,22.20
2026-05-15T22:13:44.026418,42.90,44.40,55.60,22.20
2026-05-15T22:13:44.132424,55.60,50.00,50.00,25.00
2026-05-15T22:13:44.237862,60.00,50.00,55.60,22.20
2026-05-15T22:13:44.344207,62.50,55.60,50.00,22.20
2026-05-15T22:13:44.449587,55.60,44.40,63.60,25.00
2026-05-15T22:13:44.555636,55.60,50.00,50.00,30.00
2026-05-15T22:13:44.661801,50.00,42.90,50.00,33.30
2026-05-15T22:13:44.767885,66.70,55.60,50.00,22.20
2026-05-15T22:13:44.872566,55.60,50.00,55.60,22.20
2026-05-15T22:13:44.977925,55.60,50.00,55.60,12.50
2026-05-15T22:13:45.083050,62.50,50.00,50.00,25.00
2026-05-15T22:13:45.187451,50.00,44.40,42.90,30.00
2026-05-15T22:13:45.293349,55.60,55.60,55.60,33.30
2026-05-15T22:13:45.397934,50.00,37.50,42.90,12.50
2026-05-15T22:13:45.502585,37.50,28.60,37.50,20.00
2026-05-15T22:13:45.607411,50.00,37.50,44.40,22.20
2026-05-15T22:13:45.711678,44.40,25.00,28.60,22.20
2026-05-15T22:13:45.815960,28.60,37.50,33.30,12.50
2026-05-15T22:13:45.921346,44.40,33.30,44.40,11.10
2026-05-15T22:13:46.025233,37.50,28.60,16.70,22.20
2026-05-15T22:13:46.129644,25.00,40.00,37.50,22.20
2026-05-15T22:13:46.234512,37.50,37.50,33.30,22.20
2026-05-15T22:13:46.339356,50.00,37.50,44.40,12.50
2026-05-15T22:13:46.444978,28.60,33.30,37.50,22.20
2026-05-15T22:13:46.550547,44.40,37.50,28.60,12.50
2026-05-15T22:13:46.655908,44.40,33.30,37.50,27.30
2026-05-15T22:13:46.759803,28.60,28.60,44.40,12.50
2026-05-15T22:13:46.864475,44.40,33.30,14.30,12.50
2026-05-15T22:13:46.968966,42.90,37.50,55.60,40.00
2026-05-15T22:13:47.074252,44.40,37.50,37.50,22.20
2026-05-15T22:13:47.179172,44.40,25.00,37.50,11.10
2026-05-15T22:13:47.283739,44.40,44.40,44.40,33.30
2026-05-15T22:13:47.389262,37.50,37.50,37.50,20.00
2026-05-15T22:13:47.493593,37.50,14.30,44.40,22.20
2026-05-15T22:13:47.597726,37.50,44.40,37.50,12.50
2026-05-15T22:13:47.702219,28.60,16.70,14.30,22.20
2026-05-15T22:13:47.806784,44.40,33.30,44.40,20.00
2026-05-15T22:13:47.911567,44.40,28.60,37.50,12.50
2026-05-15T22:13:48.016229,37.50,33.30,44.40,22.20
2026-05-15T22:13:48.121174,37.50,44.40,37.50,22.20
2026-05-15T22:13:48.226525,28.60,33.30,37.50,22.20
2026-05-15T22:13:48.331840,44.40,37.50,33.30,11.10
2026-05-15T22:13:48.436647,44.40,25.00,37.50,12.50
2026-05-15T22:13:48.541679,44.40,28.60,44.40,22.20
2026-05-15T22:13:48.647450,42.90,44.40,55.60,12.50
2026-05-15T22:13:48.751540,37.50,33.30,25.00,33.30
2026-05-15T22:13:48.856804,44.40,28.60,37.50,12.50
2026-05-15T22:13:48.961554,44.40,44.40,44.40,22.20
2026-05-15T22:13:49.066657,37.50,28.60,37.50,22.20
2026-05-15T22:13:49.171572,44.40,33.30,44.40,22.20
2026-05-15T22:13:49.276772,44.40,44.40,28.60,12.50
2026-05-15T22:13:49.381345,16.70,25.00,44.40,20.00
2026-05-15T22:13:49.487849,44.40,44.40,37.50,12.50
2026-05-15T22:13:49.592297,37.50,44.40,37.50,11.10
2026-05-15T22:13:49.697024,44.40,33.30,37.50,22.20
2026-05-15T22:13:49.802106,37.50,16.70,37.50,22.20
2026-05-15T22:13:49.907492,44.40,44.40,40.00,12.50
2026-05-15T22:13:50.012013,37.50,33.30,37.50,22.20
2026-05-15T22:13:50.117595,37.50,28.60,37.50,20.00
2026-05-15T22:13:50.221675,37.50,25.00,37.50,12.50
2026-05-15T22:13:50.326687,44.40,50.00,28.60,22.20
2026-05-15T22:13:50.432499,55.60,42.90,55.60,22.20
2026-05-15T22:13:50.538499,66.70,60.00,55.60,33.30
2026-05-15T22:13:50.643847,66.70,55.60,62.50,12.50
2026-05-15T22:13:50.748637,55.60,57.10,62.50,25.00
2026-05-15T22:13:50.853180,62.50,60.00,60.00,22.20
2026-05-15T22:13:50.958717,66.70,42.90,57.10,25.00
2026-05-15T22:13:51.063840,66.70,63.60,60.00,22.20
2026-05-15T22:13:51.170462,55.60,62.50,62.50,25.00
2026-05-15T22:13:51.275632,66.70,50.00,66.70,33.30
2026-05-15T22:13:51.381551,62.50,60.00,42.90,22.20
2026-05-15T22:13:51.486865,62.50,62.50,62.50,14.30
2026-05-15T22:13:51.592533,55.60,50.00,60.00,22.20
2026-05-15T22:13:51.698668,66.70,55.60,50.00,33.30
2026-05-15T22:13:51.803709,62.50,50.00,66.70,30.00
2026-05-15T22:13:51.908169,66.70,60.00,55.60,14.30
2026-05-15T22:13:52.013384,50.00,50.00,57.10,22.20
2026-05-15T22:13:52.118156,72.70,62.50,55.60,25.00
2026-05-15T22:13:52.224179,57.10,44.40,60.00,33.30
2026-05-15T22:13:52.329128,66.70,66.70,62.50,12.50
2026-05-15T22:13:52.434642,63.60,50.00,50.00,25.00
2026-05-15T22:13:52.540274,57.10,55.60,62.50,22.20
2026-05-15T22:13:52.645781,60.00,50.00,55.60,33.30
2026-05-15T22:13:52.751002,66.70,55.60,62.50,30.00
2026-05-15T22:13:52.857545,62.50,66.70,55.60,25.00
2026-05-15T22:13:52.962200,66.70,42.90,57.10,25.00
2026-05-15T22:13:53.067554,66.70,62.50,55.60,22.20
2026-05-15T22:13:53.172421,55.60,50.00,62.50,14.30
2026-05-15T22:13:53.277291,66.70,60.00,63.60,22.20
2026-05-15T22:13:53.383659,57.10,55.60,66.70,33.30
2026-05-15T22:13:53.489549,50.00,66.70,55.60,25.00
2026-05-15T22:13:53.594573,66.70,33.30,62.50,22.20
2026-05-15T22:13:53.700632,50.00,60.00,60.00,25.00
2026-05-15T22:13:53.805908,66.70,60.00,62.50,22.20
2026-05-15T22:13:53.910893,66.70,50.00,50.00,25.00
2026-05-15T22:13:54.017689,60.00,50.00,57.10,30.00
2026-05-15T22:13:54.122647,62.50,50.00,55.60,12.50
2026-05-15T22:13:54.228261,62.50,55.60,66.70,40.00
2026-05-15T22:13:54.333684,62.50,60.00,55.60,33.30
2026-05-15T22:13:54.438492,62.50,57.10,62.50,12.50
2026-05-15T22:13:54.543876,50.00,50.00,55.60,25.00
2026-05-15T22:13:54.648844,66.70,55.60,55.60,12.50
2026-05-15T22:13:54.755473,66.70,55.60,70.00,40.00
2026-05-15T22:13:54.863939,55.60,55.60,57.10,22.20
2026-05-15T22:13:54.969826,70.00,62.50,60.00,25.00
2026-05-15T22:13:55.074894,62.50,50.00,62.50,33.30
2026-05-15T22:13:55.180297,66.70,55.60,62.50,12.50
2026-05-15T22:13:55.285848,55.60,50.00,50.00,33.30
2026-05-15T22:13:55.390593,66.70,62.50,62.50,25.00
2026-05-15T22:13:55.496156,80.00,66.70,77.80,25.00
2026-05-15T22:13:55.602402,75.00,66.70,70.00,30.00
2026-05-15T22:13:55.708794,77.80,70.00,77.80,25.00
2026-05-15T22:13:55.814705,80.00,75.00,77.80,25.00
2026-05-15T22:13:55.920867,77.80,75.00,77.80,25.00
2026-05-15T22:13:56.026593,80.00,70.00,80.00,28.60
2026-05-15T22:13:56.132533,80.00,66.70,77.80,33.30
2026-05-15T22:13:56.239490,90.00,77.80,80.00,25.00
2026-05-15T22:13:56.346285,80.00,80.00,70.00,44.40
2026-05-15T22:13:56.451860,80.00,75.00,87.50,28.60
2026-05-15T22:13:56.557012,87.50,75.00,77.80,33.30
2026-05-15T22:13:56.663264,81.80,75.00,80.00,33.30
2026-05-15T22:13:56.770070,88.90,75.00,80.00,25.00
2026-05-15T22:13:56.876271,77.80,66.70,77.80,33.30
2026-05-15T22:13:56.982592,81.80,80.00,80.00,50.00
2026-05-15T22:13:57.088433,77.80,66.70,71.40,25.00
2026-05-15T22:13:57.194648,80.00,77.80,70.00,40.00
2026-05-15T22:13:57.299659,80.00,70.00,77.80,28.60
2026-05-15T22:13:57.406791,81.80,71.40,80.00,25.00
2026-05-15T22:13:57.512918,87.50,70.00,80.00,33.30
2026-05-15T22:13:57.619821,72.70,72.70,66.70,33.30
2026-05-15T22:13:57.726825,90.00,75.00,77.80,25.00
2026-05-15T22:13:57.833273,77.80,70.00,77.80,33.30
2026-05-15T22:13:57.939945,77.80,75.00,80.00,25.00
2026-05-15T22:13:58.045418,80.00,77.80,66.70,37.50
2026-05-15T22:13:58.151160,80.00,66.70,77.80,14.30
2026-05-15T22:13:58.255687,66.70,66.70,75.00,30.00
2026-05-15T22:13:58.360395,88.90,70.00,70.00,33.30
2026-05-15T22:13:58.467609,80.00,77.80,77.80,25.00
2026-05-15T22:13:58.574208,77.80,62.50,80.00,33.30
2026-05-15T22:13:58.681377,80.00,80.00,75.00,37.50
2026-05-15T22:13:58.787183,77.80,77.80,77.80,25.00
2026-05-15T22:13:58.892418,77.80,70.00,77.80,33.30
2026-05-15T22:13:58.998640,83.30,75.00,66.70,25.00
2026-05-15T22:13:59.104683,75.00,70.00,80.00,25.00
2026-05-15T22:13:59.209805,80.00,71.40,75.00,33.30
2026-05-15T22:13:59.314975,80.00,70.00,77.80,25.00
2026-05-15T22:13:59.420637,77.80,70.00,70.00,25.00
2026-05-15T22:13:59.526424,80.00,70.00,75.00,25.00
2026-05-15T22:13:59.633389,77.80,77.80,72.70,40.00
2026-05-15T22:13:59.739748,90.90,70.00,80.00,44.40
2026-05-15T22:13:59.846451,77.80,77.80,75.00,33.30
2026-05-15T22:13:59.956212,80.00,62.50,81.80,33.30
2026-05-15T22:14:00.061109,88.90,77.80,81.80,14.30
2026-05-15T22:14:00.167515,81.80,72.70,75.00,25.00
2026-05-15T22:14:00.274937,80.00,62.50,66.70,40.00
2026-05-15T22:14:00.381191,77.80,80.00,75.00,33.30
2026-05-15T22:14:00.486873,63.60,50.00,60.00,25.00
2026-05-15T22:14:00.592827,50.00,55.60,42.90,12.50
2026-05-15T22:14:00.697706,66.70,44.40,55.60,40.00
2026-05-15T22:14:00.802904,42.90,50.00,50.00,12.50
2026-05-15T22:14:00.908560,66.70,55.60,60.00,33.30
2026-05-15T22:14:01.014099,60.00,55.60,62.50,12.50
2026-05-15T22:14:01.119801,50.00,28.60,55.60,22.20
2026-05-15T22:14:01.225095,62.50,50.00,55.60,25.00
2026-05-15T22:14:01.331671,55.60,62.50,60.00,22.20
2026-05-15T22:14:01.436577,66.70,44.40,62.50,22.20
2026-05-15T22:14:01.541661,50.00,50.00,50.00,25.00
2026-05-15T22:14:01.647200,55.60,50.00,55.60,30.00
2026-05-15T22:14:01.752994,55.60,42.90,50.00,22.20
2026-05-15T22:14:01.858107,62.50,50.00,60.00,33.30
2026-05-15T22:14:01.962931,50.00,42.90,42.90,12.50
2026-05-15T22:14:02.068177,50.00,44.40,55.60,30.00
2026-05-15T22:14:02.173198,55.60,55.60,55.60,14.30
2026-05-15T22:14:02.277955,62.50,50.00,55.60,22.20
2026-05-15T22:14:02.383845,42.90,50.00,42.90,25.00
2026-05-15T22:14:02.489462,66.70,55.60,60.00,22.20
2026-05-15T22:14:02.594432,55.60,50.00,57.10,25.00
2026-05-15T22:14:02.699589,55.60,50.00,50.00,12.50
2026-05-15T22:14:02.805318,60.00,42.90,55.60,22.20
2026-05-15T22:14:02.909774,50.00,55.60,55.60,14.30
2026-05-15T22:14:03.015640,60.00,50.00,55.60,30.00
2026-05-15T22:14:03.120242,50.00,55.60,55.60,0.00
2026-05-15T22:14:03.225995,66.70,55.60,66.70,33.30
2026-05-15T22:14:03.331225,55.60,42.90,42.90,30.00
2026-05-15T22:14:03.435912,50.00,50.00,50.00,12.50
2026-05-15T22:14:03.541285,50.00,42.90,50.00,25.00
2026-05-15T22:14:03.646556,62.50,55.60,50.00,30.00
2026-05-15T22:14:03.753292,55.60,44.40,63.60,25.00
2026-05-15T22:14:03.859109,66.70,55.60,62.50,30.00
2026-05-15T22:14:03.964398,55.60,50.00,44.40,14.30
2026-05-15T22:14:04.069428,60.00,42.90,66.70,30.00
2026-05-15T22:14:04.175326,70.00,55.60,42.90,12.50
2026-05-15T22:14:04.280095,55.60,44.40,60.00,22.20
2026-05-15T22:14:04.385230,62.50,55.60,55.60,14.30
2026-05-15T22:14:04.490237,55.60,42.90,50.00,36.40
2026-05-15T22:14:04.595688,62.50,50.00,62.50,25.00
2026-05-15T22:14:04.700911,60.00,55.60,50.00,22.20
2026-05-15T22:14:04.806209,57.10,44.40,55.60,25.00
2026-05-15T22:14:04.911161,50.00,55.60,55.60,12.50
2026-05-15T22:14:05.016634,60.00,50.00,42.90,30.00
2026-05-15T22:14:05.121687,57.10,50.00,55.60,14.30
2026-05-15T22:14:05.226676,50.00,55.60,50.00,22.20
2026-05-15T22:14:05.332944,70.00,50.00,55.60,22.20
2026-05-15T22:14:05.436676,33.30,30.00,33.30,22.20
2026-05-15T22:14:05.567204,27.30,30.00,20.00,25.00
2026-05-15T22:14:05.670808,25.00,22.20,14.30,100.00
2026-05-15T22:14:05.774870,33.30,27.30,30.00,100.00
2026-05-15T22:14:05.878991,30.00,12.50,22.20,100.00
2026-05-15T22:14:05.983429,30.00,22.20,22.20,100.00
2026-05-15T22:14:06.087367,25.00,30.00,0.00,100.00
2026-05-15T22:14:06.191669,22.20,30.00,33.30,100.00
2026-05-15T22:14:06.296291,30.00,22.20,12.50,100.00
2026-05-15T22:14:06.399914,33.30,30.00,30.00,100.00
2026-05-15T22:14:06.503904,25.00,30.00,25.00,100.00
2026-05-15T22:14:06.607747,36.40,0.00,22.20,100.00
2026-05-15T22:14:06.711814,14.30,36.40,33.30,100.00
2026-05-15T22:14:06.815605,36.40,22.20,12.50,100.00
2026-05-15T22:14:06.919605,30.00,22.20,30.00,100.00
2026-05-15T22:14:07.023691,33.30,14.30,14.30,100.00
2026-05-15T22:14:07.128192,33.30,30.00,22.20,100.00
2026-05-15T22:14:07.232873,22.20,12.50,33.30,100.00
2026-05-15T22:14:07.336580,25.00,30.00,22.20,100.00
2026-05-15T22:14:07.440144,36.40,30.00,22.20,100.00
2026-05-15T22:14:07.544554,25.00,12.50,25.00,100.00
2026-05-15T22:14:07.648507,30.00,30.00,30.00,100.00
2026-05-15T22:14:07.752502,33.30,22.20,22.20,100.00
2026-05-15T22:14:07.856467,22.20,30.00,12.50,100.00
2026-05-15T22:14:07.960818,12.50,12.50,30.00,100.00
2026-05-15T22:14:08.065415,30.00,30.00,14.30,100.00
2026-05-15T22:14:08.169186,25.00,12.50,30.00,100.00
2026-05-15T22:14:08.273590,22.20,22.20,22.20,100.00
2026-05-15T22:14:08.377367,30.00,22.20,25.00,100.00
2026-05-15T22:14:08.482155,30.00,22.20,12.50,100.00
2026-05-15T22:14:08.585955,25.00,22.20,22.20,100.00
2026-05-15T22:14:08.690617,22.20,30.00,30.00,100.00
2026-05-15T22:14:08.794340,33.30,12.50,22.20,100.00
2026-05-15T22:14:08.898380,30.00,30.00,14.30,100.00
2026-05-15T22:14:09.003138,22.20,20.00,12.50,100.00
2026-05-15T22:14:09.106655,33.30,14.30,12.50,100.00
2026-05-15T22:14:09.211428,30.00,20.00,40.00,100.00
2026-05-15T22:14:09.315474,25.00,33.30,22.20,100.00
2026-05-15T22:14:09.419485,36.40,22.20,0.00,100.00
2026-05-15T22:14:09.523346,30.00,12.50,30.00,100.00
2026-05-15T22:14:09.627176,22.20,22.20,25.00,100.00
2026-05-15T22:14:09.731186,40.00,22.20,30.00,100.00
2026-05-15T22:14:09.836695,30.00,22.20,12.50,100.00
2026-05-15T22:14:09.941412,22.20,30.00,25.00,100.00
2026-05-15T22:14:10.045468,40.00,12.50,22.20,100.00
2026-05-15T22:14:10.149188,30.00,30.00,14.30,100.00
2026-05-15T22:14:10.253893,25.00,33.30,22.20,100.00
2026-05-15T22:14:10.358914,30.00,22.20,22.20,100.00
2026-05-15T22:14:10.462331,20.00,0.00,20.00,100.00
2026-05-15T22:14:10.565688,18.20,10.00,25.00,100.00
2026-05-15T22:14:10.669436,27.30,25.00,11.10,100.00
2026-05-15T22:14:10.773187,30.80,20.00,10.00,100.00
2026-05-15T22:14:10.877189,20.00,25.00,20.00,100.00
2026-05-15T22:14:10.980619,18.20,11.10,25.00,100.00
2026-05-15T22:14:11.083946,27.30,25.00,20.00,100.00
2026-05-15T22:14:11.187942,20.00,10.00,25.00,100.00
2026-05-15T22:14:11.292140,18.20,20.00,11.10,100.00
2026-05-15T22:14:11.395272,27.30,10.00,0.00,100.00
2026-05-15T22:14:11.498642,27.30,20.00,25.00,100.00
2026-05-15T22:14:11.602214,18.20,18.20,11.10,100.00
2026-05-15T22:14:11.705720,20.00,18.20,25.00,100.00
2026-05-15T22:14:11.809136,27.30,11.10,20.00,100.00
2026-05-15T22:14:11.912853,18.20,18.20,0.00,100.00
2026-05-15T22:14:12.016254,20.00,18.20,27.30,100.00
2026-05-15T22:14:12.119495,30.80,18.20,20.00,100.00
2026-05-15T22:14:12.223230,20.00,18.20,25.00,100.00
2026-05-15T22:14:12.326613,27.30,20.00,20.00,100.00
2026-05-15T22:14:12.429964,0.00,18.20,0.00,100.00
2026-05-15T22:14:12.533939,33.30,10.00,20.00,100.00
2026-05-15T22:14:12.637372,18.20,20.00,20.00,100.00
2026-05-15T22:14:12.741228,20.00,18.20,10.00,100.00
2026-05-15T22:14:12.844752,25.00,18.20,18.20,100.00
2026-05-15T22:14:12.948934,18.20,11.10,11.10,100.00
2026-05-15T22:14:13.052961,20.00,18.20,18.20,100.00
2026-05-15T22:14:13.156655,33.30,18.20,27.30,100.00
2026-05-15T22:14:13.260186,11.10,11.10,20.00,100.00
2026-05-15T22:14:13.363737,30.80,18.20,20.00,100.00
2026-05-15T22:14:13.467212,11.10,10.00,18.20,100.00
2026-05-15T22:14:13.570626,18.20,25.00,18.20,100.00
2026-05-15T22:14:13.674593,27.30,11.10,11.10,100.00
2026-05-15T22:14:13.778335,27.30,30.80,18.20,100.00
2026-05-15T22:14:13.881612,10.00,18.20,11.10,100.00
2026-05-15T22:14:13.984939,20.00,10.00,18.20,100.00
2026-05-15T22:14:14.088476,25.00,20.00,18.20,100.00
2026-05-15T22:14:14.191863,20.00,10.00,11.10,100.00
2026-05-15T22:14:14.295296,30.80,20.00,10.00,100.00
2026-05-15T22:14:14.399191,20.00,25.00,20.00,100.00
2026-05-15T22:14:14.503110,25.00,20.00,25.00,100.00
2026-05-15T22:14:14.606379,20.00,0.00,11.10,100.00
2026-05-15T22:14:14.709725,18.20,30.80,25.00,100.00
2026-05-15T22:14:14.813397,20.00,20.00,10.00,100.00
2026-05-15T22:14:14.916602,18.20,10.00,20.00,100.00
2026-05-15T22:14:15.020403,33.30,10.00,27.30,100.00
2026-05-15T22:14:15.123706,25.00,27.30,10.00,100.00
2026-05-15T22:14:15.227215,11.10,18.20,20.00,100.00
2026-05-15T22:14:15.330503,27.30,18.20,25.00,100.00
2026-05-15T22:14:15.434974,33.30,25.00,37.50,100.00
2026-05-15T22:14:15.570116,63.60,58.30,54.50,100.00
2026-05-15T22:14:15.674366,55.60,44.40,55.60,33.30
2026-05-15T22:14:15.778970,37.50,50.00,50.00,30.00
2026-05-15T22:14:15.884435,60.00,37.50,50.00,14.30
2026-05-15T22:14:15.989254,50.00,37.50,50.00,22.20
2026-05-15T22:14:16.093933,44.40,37.50,44.40,22.20
2026-05-15T22:14:16.198962,42.90,42.90,50.00,12.50
2026-05-15T22:14:16.303700,55.60,44.40,50.00,22.20
2026-05-15T22:14:16.410207,42.90,44.40,37.50,22.20
2026-05-15T22:14:16.515607,37.50,44.40,42.90,25.00
2026-05-15T22:14:16.620685,55.60,42.90,44.40,22.20
2026-05-15T22:14:16.725259,50.00,44.40,42.90,22.20
2026-05-15T22:14:16.831125,50.00,44.40,44.40,12.50
2026-05-15T22:14:16.935362,44.40,44.40,20.00,12.50
2026-05-15T22:14:17.039567,55.60,50.00,50.00,40.00
2026-05-15T22:14:17.144440,42.90,44.40,44.40,12.50
2026-05-15T22:14:17.249587,50.00,50.00,50.00,30.00
2026-05-15T22:14:17.355015,50.00,37.50,28.60,12.50
2026-05-15T22:14:17.459942,33.30,37.50,55.60,30.00
2026-05-15T22:14:17.564702,50.00,44.40,44.40,25.00
2026-05-15T22:14:17.669641,55.60,55.60,42.90,22.20
2026-05-15T22:14:17.774639,50.00,37.50,37.50,12.50
2026-05-15T22:14:17.878856,37.50,37.50,50.00,22.20
2026-05-15T22:14:17.983506,55.60,37.50,37.50,12.50
2026-05-15T22:14:18.088434,50.00,37.50,50.00,30.00
2026-05-15T22:14:18.193235,37.50,37.50,50.00,30.00
2026-05-15T22:14:18.298575,50.00,55.60,50.00,12.50
2026-05-15T22:14:18.402967,55.60,37.50,37.50,22.20
2026-05-15T22:14:18.509612,44.40,44.40,42.90,22.20
2026-05-15T22:14:18.614853,42.90,37.50,37.50,22.20
2026-05-15T22:14:18.720528,55.60,55.60,55.60,25.00
2026-05-15T22:14:18.825779,44.40,37.50,28.60,12.50
2026-05-15T22:14:18.930591,50.00,37.50,55.60,30.00
2026-05-15T22:14:19.036236,44.40,55.60,37.50,12.50
2026-05-15T22:14:19.141737,60.00,28.60,50.00,22.20
2026-05-15T22:14:19.246521,50.00,50.00,50.00,33.30
2026-05-15T22:14:19.353141,37.50,50.00,42.90,22.20
2026-05-15T22:14:19.458387,55.60,37.50,50.00,22.20
2026-05-15T22:14:19.563846,42.90,44.40,44.40,22.20
2026-05-15T22:14:19.670111,44.40,37.50,37.50,12.50
2026-05-15T22:14:19.775824,50.00,50.00,33.30,22.20
2026-05-15T22:14:19.881658,60.00,37.50,55.60,30.00
2026-05-15T22:14:19.986910,44.40,37.50,37.50,12.50
2026-05-15T22:14:20.091882,42.90,28.60,50.00,12.50
2026-05-15T22:14:20.197090,44.40,44.40,44.40,30.00
2026-05-15T22:14:20.302174,50.00,44.40,37.50,12.50
2026-05-15T22:14:20.407171,50.00,55.60,55.60,22.20
2026-05-15T22:14:20.511492,44.40,33.30,37.50,22.20
2026-05-15T22:14:20.615654,42.90,28.60,37.50,22.20
2026-05-15T22:14:20.720251,37.50,44.40,42.90,12.50
2026-05-15T22:14:20.824333,50.00,42.90,37.50,22.20
2026-05-15T22:14:20.929327,44.40,44.40,55.60,22.20
2026-05-15T22:14:21.034138,50.00,37.50,37.50,22.20
2026-05-15T22:14:21.139670,37.50,37.50,50.00,12.50
2026-05-15T22:14:21.244893,50.00,44.40,50.00,33.30
2026-05-15T22:14:21.350849,44.40,28.60,50.00,22.20
2026-05-15T22:14:21.456392,50.00,60.00,37.50,22.20
2026-05-15T22:14:21.560236,55.60,44.40,50.00,22.20
2026-05-15T22:14:21.664886,44.40,28.60,44.40,12.50
2026-05-15T22:14:21.769955,42.90,37.50,50.00,12.50
2026-05-15T22:14:21.874370,50.00,37.50,42.90,36.40
2026-05-15T22:14:21.979441,44.40,37.50,44.40,12.50
2026-05-15T22:14:22.084496,50.00,28.60,50.00,22.20
2026-05-15T22:14:22.188646,50.00,50.00,44.40,22.20
2026-05-15T22:14:22.293878,50.00,37.50,55.60,22.20
2026-05-15T22:14:22.398459,42.90,42.90,37.50,12.50
2026-05-15T22:14:22.503816,50.00,44.40,37.50,22.20
2026-05-15T22:14:22.608798,37.50,37.50,42.90,12.50
2026-05-15T22:14:22.714240,50.00,37.50,50.00,22.20
2026-05-15T22:14:22.818700,44.40,28.60,42.90,30.00
2026-05-15T22:14:22.924197,44.40,50.00,50.00,12.50
2026-05-15T22:14:23.029283,55.60,28.60,44.40,22.20
2026-05-15T22:14:23.134909,28.60,37.50,50.00,22.20
2026-05-15T22:14:23.239963,50.00,44.40,44.40,14.30
2026-05-15T22:14:23.344802,60.00,42.90,50.00,36.40
2026-05-15T22:14:23.449507,44.40,37.50,37.50,22.20
2026-05-15T22:14:23.554716,50.00,50.00,44.40,12.50
2026-05-15T22:14:23.659739,55.60,44.40,50.00,30.00
2026-05-15T22:14:23.764526,28.60,37.50,44.40,12.50
2026-05-15T22:14:23.870537,55.60,28.60,50.00,22.20
2026-05-15T22:14:23.974588,42.90,50.00,28.60,12.50
2026-05-15T22:14:24.082083,50.00,44.40,50.00,30.00
2026-05-15T22:14:24.187565,50.00,44.40,37.50,22.20
2026-05-15T22:14:24.292669,50.00,28.60,37.50,12.50
2026-05-15T22:14:24.397112,33.30,37.50,50.00,25.00
2026-05-15T22:14:24.502365,50.00,37.50,37.50,27.30
2026-05-15T22:14:24.608829,50.00,37.50,44.40,12.50
2026-05-15T22:14:24.713570,50.00,37.50,50.00,22.20
2026-05-15T22:14:24.818903,42.90,44.40,44.40,12.50
2026-05-15T22:14:24.924559,44.40,44.40,50.00,33.30
2026-05-15T22:14:25.028834,50.00,42.90,37.50,30.00
2026-05-15T22:14:25.133446,50.00,37.50,42.90,0.00
2026-05-15T22:14:25.238187,37.50,37.50,44.40,36.40
2026-05-15T22:14:25.343892,50.00,37.50,50.00,12.50
2026-05-15T22:14:25.449940,70.00,66.70,60.00,25.00
2026-05-15T22:14:25.555590,66.70,55.60,66.70,22.20
2026-05-15T22:14:25.660167,57.10,42.90,66.70,25.00
2026-05-15T22:14:25.764613,62.50,66.70,57.10,33.30
2026-05-15T22:14:25.870473,60.00,55.60,55.60,22.20
2026-05-15T22:14:25.976192,77.80,62.50,70.00,25.00
2026-05-15T22:14:26.081729,60.00,55.60,57.10,25.00
2026-05-15T22:14:26.188145,62.50,55.60,70.00,30.00
2026-05-15T22:14:26.293840,70.00,62.50,55.60,25.00
2026-05-15T22:14:26.399412,66.70,55.60,62.50,25.00
2026-05-15T22:14:26.504355,66.70,66.70,57.10,33.30
2026-05-15T22:14:26.609967,66.70,55.60,55.60,22.20
2026-05-15T22:14:26.715421,62.50,62.50,66.70,25.00
2026-05-15T22:14:26.821820,70.00,42.90,60.00,25.00
2026-05-15T22:14:26.926847,62.50,60.00,70.00,30.00
2026-05-15T22:14:27.032521,70.00,62.50,66.70,44.40
2026-05-15T22:14:27.137818,66.70,57.10,57.10,22.20
2026-05-15T22:14:27.244366,62.50,66.70,66.70,25.00
2026-05-15T22:14:27.349561,66.70,60.00,66.70,25.00
2026-05-15T22:14:27.453685,62.50,62.50,62.50,12.50
2026-05-15T22:14:27.559603,55.60,50.00,60.00,33.30
2026-05-15T22:14:27.664857,57.10,60.00,57.10,25.00
2026-05-15T22:14:27.770812,62.50,66.70,70.00,12.50
2026-05-15T22:14:27.875836,70.00,50.00,62.50,33.30
2026-05-15T22:14:27.981401,62.50,55.60,55.60,30.00
2026-05-15T22:14:28.087660,70.00,66.70,62.50,14.30
2026-05-15T22:14:28.192481,57.10,60.00,62.50,22.20
2026-05-15T22:14:28.298455,60.00,42.90,55.60,25.00
2026-05-15T22:14:28.404331,66.70,66.70,66.70,25.00
2026-05-15T22:14:28.509802,66.70,60.00,70.00,22.20
2026-05-15T22:14:28.615447,66.70,55.60,66.70,25.00
2026-05-15T22:14:28.721145,57.10,62.50,60.00,30.00
2026-05-15T22:14:28.827291,70.00,55.60,62.50,25.00
2026-05-15T22:14:28.932614,62.50,50.00,57.10,30.00
2026-05-15T22:14:29.038852,62.50,60.00,55.60,12.50
2026-05-15T22:14:29.143942,66.70,50.00,57.10,33.30
2026-05-15T22:14:29.249626,66.70,66.70,60.00,25.00
2026-05-15T22:14:29.355826,62.50,66.70,62.50,33.30
2026-05-15T22:14:29.460738,72.70,55.60,66.70,12.50
2026-05-15T22:14:29.565962,62.50,57.10,62.50,25.00
2026-05-15T22:14:29.671826,66.70,60.00,66.70,25.00
2026-05-15T22:14:29.778605,66.70,50.00,63.60,22.20
2026-05-15T22:14:29.884916,66.70,55.60,62.50,14.30
2026-05-15T22:14:29.990401,66.70,62.50,57.10,30.00
2026-05-15T22:14:30.095401,55.60,50.00,50.00,25.00
2026-05-15T22:14:30.200569,66.70,55.60,66.70,22.20
2026-05-15T22:14:30.305876,66.70,55.60,60.00,25.00
2026-05-15T22:14:30.410141,50.00,50.00,50.00,12.50
2026-05-15T22:14:30.515362,25.00,25.00,25.00,20.00
2026-05-15T22:14:30.619937,44.40,40.00,37.50,22.20
2026-05-15T22:14:30.724195,25.00,25.00,25.00,11.10
2026-05-15T22:14:30.828739,33.30,25.00,25.00,22.20
2026-05-15T22:14:30.933676,28.60,25.00,25.00,20.00
2026-05-15T22:14:31.037860,33.30,25.00,37.50,22.20
2026-05-15T22:14:31.141391,37.50,40.00,25.00,20.00
2026-05-15T22:14:31.244940,33.30,14.30,33.30,12.50
2026-05-15T22:14:31.349212,25.00,33.30,40.00,20.00
2026-05-15T22:14:31.453665,28.60,40.00,16.70,22.20
2026-05-15T22:14:31.557984,25.00,14.30,33.30,12.50
2026-05-15T22:14:31.662874,40.00,33.30,25.00,27.30
2026-05-15T22:14:31.766957,37.50,33.30,33.30,11.10
2026-05-15T22:14:31.871432,25.00,14.30,16.70,12.50
2026-05-15T22:14:31.975756,25.00,33.30,40.00,11.10
2026-05-15T22:14:32.080384,28.60,25.00,25.00,12.50
2026-05-15T22:14:32.185166,25.00,22.20,33.30,20.00
2026-05-15T22:14:32.289210,33.30,28.60,28.60,20.00
2026-05-15T22:14:32.393233,33.30,33.30,33.30,12.50
2026-05-15T22:14:32.498143,44.40,30.00,33.30,20.00
2026-05-15T22:14:32.602876,33.30,37.50,44.40,12.50
2026-05-15T22:14:32.707168,25.00,22.20,25.00,20.00
2026-05-15T22:14:32.811719,25.00,25.00,14.30,11.10
2026-05-15T22:14:32.916104,40.00,14.30,33.30,22.20
2026-05-15T22:14:33.020883,14.30,33.30,25.00,20.00
2026-05-15T22:14:33.125913,44.40,30.00,25.00,12.50
2026-05-15T22:14:33.230552,33.30,28.60,37.50,11.10
2026-05-15T22:14:33.335631,33.30,25.00,25.00,27.30
2026-05-15T22:14:33.440375,37.50,22.20,33.30,12.50
2026-05-15T22:14:33.544730,33.30,33.30,25.00,22.20
2026-05-15T22:14:33.649854,33.30,40.00,33.30,20.00
2026-05-15T22:14:33.753747,37.50,25.00,28.60,12.50
2026-05-15T22:14:33.858953,33.30,25.00,33.30,22.20
2026-05-15T22:14:33.962940,25.00,25.00,33.30,20.00
2026-05-15T22:14:34.066795,37.50,33.30,28.60,11.10
2026-05-15T22:14:34.171779,25.00,14.30,33.30,12.50
2026-05-15T22:14:34.276406,37.50,33.30,33.30,20.00
2026-05-15T22:14:34.380575,40.00,33.30,14.30,20.00
2026-05-15T22:14:34.484667,25.00,25.00,33.30,22.20
2026-05-15T22:14:34.588864,28.60,25.00,28.60,12.50
2026-05-15T22:14:34.693523,33.30,25.00,33.30,11.10
2026-05-15T22:14:34.797729,40.00,40.00,25.00,20.00
2026-05-15T22:14:34.901876,28.60,14.30,28.60,20.00
2026-05-15T22:14:35.006685,33.30,33.30,40.00,12.50
2026-05-15T22:14:35.111120,33.30,22.20,33.30,20.00
2026-05-15T22:14:35.215727,44.40,37.50,28.60,22.20
2026-05-15T22:14:35.321281,37.50,25.00,40.00,12.50
2026-05-15T22:14:35.447948,25.00,33.30,20.00,25.00
2026-05-15T22:14:35.551412,22.20,20.00,20.00,100.00
2026-05-15T22:14:35.654942,20.00,0.00,22.20,100.00
2026-05-15T22:14:35.759479,12.50,27.30,20.00,100.00
2026-05-15T22:14:35.863963,33.30,22.20,30.00,100.00
2026-05-15T22:14:35.967551,22.20,27.30,20.00,100.00
2026-05-15T22:14:36.071478,27.30,20.00,27.30,100.00
2026-05-15T22:14:36.175264,33.30,30.00,0.00,100.00
2026-05-15T22:14:36.279002,22.20,20.00,33.30,100.00
2026-05-15T22:14:36.382501,20.00,20.00,12.50,100.00
2026-05-15T22:14:36.486151,36.40,11.10,30.00,100.00
2026-05-15T22:14:36.590350,11.10,11.10,0.00,100.00
2026-05-15T22:14:36.694575,27.30,27.30,22.20,100.00
2026-05-15T22:14:36.798223,22.20,30.00,20.00,100.00
2026-05-15T22:14:36.901672,27.30,20.00,20.00,100.00
2026-05-15T22:14:37.005956,27.30,20.00,20.00,100.00
2026-05-15T22:14:37.109626,36.40,30.00,30.00,100.00
2026-05-15T22:14:37.213345,11.10,20.00,11.10,100.00
2026-05-15T22:14:37.316847,22.20,20.00,20.00,100.00
2026-05-15T22:14:37.421177,33.30,30.00,22.20,100.00
2026-05-15T22:14:37.525611,20.00,11.10,20.00,100.00
2026-05-15T22:14:37.629679,12.50,20.00,30.00,100.00
2026-05-15T22:14:37.733427,33.30,11.10,11.10,100.00
2026-05-15T22:14:37.837345,20.00,20.00,27.30,100.00
2026-05-15T22:14:37.940980,30.00,20.00,12.50,100.00
2026-05-15T22:14:38.045163,20.00,11.10,20.00,100.00
2026-05-15T22:14:38.149262,30.00,27.30,11.10,100.00
2026-05-15T22:14:38.252716,33.30,20.00,20.00,100.00
2026-05-15T22:14:38.356315,20.00,12.50,22.20,100.00
2026-05-15T22:14:38.460154,30.00,27.30,27.30,100.00
2026-05-15T22:14:38.563558,20.00,11.10,20.00,100.00
2026-05-15T22:14:38.666918,22.20,11.10,12.50,100.00
2026-05-15T22:14:38.770656,20.00,20.00,20.00,100.00
2026-05-15T22:14:38.874669,20.00,20.00,20.00,100.00
2026-05-15T22:14:38.978439,30.00,20.00,20.00,100.00
2026-05-15T22:14:39.082720,20.00,20.00,12.50,100.00
2026-05-15T22:14:39.187144,36.40,20.00,27.30,100.00
2026-05-15T22:14:39.290584,22.20,30.00,12.50,100.00
2026-05-15T22:14:39.394439,20.00,20.00,20.00,100.00
2026-05-15T22:14:39.497947,27.30,11.10,20.00,100.00
2026-05-15T22:14:39.601526,22.20,20.00,12.50,100.00
2026-05-15T22:14:39.704847,20.00,27.30,20.00,100.00
2026-05-15T22:14:39.808776,27.30,11.10,20.00,100.00
2026-05-15T22:14:39.912422,20.00,11.10,20.00,100.00
2026-05-15T22:14:40.015911,22.20,22.20,12.50,100.00
2026-05-15T22:14:40.120334,27.30,11.10,20.00,100.00
2026-05-15T22:14:40.223904,20.00,20.00,27.30,100.00
2026-05-15T22:14:40.327632,12.50,27.30,12.50,100.00
2026-05-15T22:14:40.433277,45.50,33.30,45.50,100.00
2026-05-15T22:14:40.537614,42.90,37.50,42.90,100.00
2026-05-15T22:14:40.642453,44.40,50.00,37.50,100.00
2026-05-15T22:14:40.746950,50.00,44.40,42.90,100.00
2026-05-15T22:14:40.852904,60.00,55.60,60.00,100.00
2026-05-15T22:14:40.958379,50.00,37.50,44.40,100.00
2026-05-15T22:14:41.064505,55.60,55.60,42.90,100.00
2026-05-15T22:14:41.169982,55.60,44.40,50.00,100.00
2026-05-15T22:14:41.275715,50.00,33.30,55.60,100.00
2026-05-15T22:14:41.382525,50.00,54.50,37.50,100.00
2026-05-15T22:14:41.488604,50.00,50.00,55.60,100.00
2026-05-15T22:14:41.593179,50.00,37.50,42.90,100.00
2026-05-15T22:14:41.697353,44.40,50.00,50.00,100.00
2026-05-15T22:14:41.802099,50.00,37.50,42.90,100.00
2026-05-15T22:14:41.907159,50.00,42.90,50.00,100.00
2026-05-15T22:14:42.012601,50.00,50.00,44.40,100.00
2026-05-15T22:14:42.118171,55.60,37.50,55.60,100.00
2026-05-15T22:14:42.222579,55.60,55.60,42.90,100.00
2026-05-15T22:14:42.327308,44.40,37.50,37.50,100.00
2026-05-15T22:14:42.432772,50.00,37.50,55.60,100.00
2026-05-15T22:14:42.538154,50.00,42.90,37.50,100.00
2026-05-15T22:14:42.644140,50.00,50.00,55.60,100.00
2026-05-15T22:14:42.749051,54.50,37.50,42.90,100.00
2026-05-15T22:14:42.853572,42.90,50.00,50.00,100.00
2026-05-15T22:14:42.957939,55.60,37.50,37.50,100.00
2026-05-15T22:14:43.062898,55.60,55.60,55.60,100.00
2026-05-15T22:14:43.167971,55.60,42.90,50.00,100.00
2026-05-15T22:14:43.272643,50.00,37.50,50.00,100.00
2026-05-15T22:14:43.377746,50.00,55.60,50.00,100.00
2026-05-15T22:14:43.482906,60.00,50.00,44.40,100.00
2026-05-15T22:14:43.587728,37.50,44.40,50.00,100.00
2026-05-15T22:14:43.692821,50.00,50.00,50.00,100.00
2026-05-15T22:14:43.797343,50.00,44.40,44.40,100.00
2026-05-15T22:14:43.901937,60.00,50.00,55.60,100.00
2026-05-15T22:14:44.006867,37.50,37.50,37.50,100.00
2026-05-15T22:14:44.111285,50.00,44.40,55.60,100.00
2026-05-15T22:14:44.216311,55.60,37.50,28.60,100.00
2026-05-15T22:14:44.320910,37.50,37.50,55.60,100.00
2026-05-15T22:14:44.425980,55.60,50.00,44.40,100.00
2026-05-15T22:14:44.530339,50.00,44.40,42.90,100.00
2026-05-15T22:14:44.634655,44.40,42.90,28.60,100.00
2026-05-15T22:14:44.739454,50.00,44.40,55.60,100.00
2026-05-15T22:14:44.843785,55.60,44.40,50.00,100.00
2026-05-15T22:14:44.948605,50.00,50.00,44.40,100.00
2026-05-15T22:14:45.053378,37.50,44.40,55.60,100.00
2026-05-15T22:14:45.157896,60.00,50.00,42.90,100.00
2026-05-15T22:14:45.263179,50.00,44.40,50.00,100.00
2026-05-15T22:14:45.367286,44.40,28.60,42.90,100.00
2026-05-15T22:14:45.471916,37.50,44.40,33.30,100.00
2026-05-15T22:14:45.576899,37.50,33.30,37.50,100.00
2026-05-15T22:14:45.681509,44.40,37.50,44.40,100.00
2026-05-15T22:14:45.786283,37.50,44.40,37.50,100.00
2026-05-15T22:14:45.890954,44.40,37.50,28.60,100.00
2026-05-15T22:14:45.995277,28.60,25.00,40.00,100.00
2026-05-15T22:14:46.099878,40.00,44.40,16.70,100.00
2026-05-15T22:14:46.205266,28.60,33.30,45.50,100.00
2026-05-15T22:14:46.309221,40.00,37.50,28.60,100.00
2026-05-15T22:14:46.414449,28.60,40.00,28.60,100.00
2026-05-15T22:14:46.519117,50.00,37.50,50.00,100.00
2026-05-15T22:14:46.623242,25.00,16.70,28.60,100.00
2026-05-15T22:14:46.727688,44.40,33.30,25.00,100.00
2026-05-15T22:14:46.832123,28.60,40.00,37.50,100.00
2026-05-15T22:14:46.936339,44.40,28.60,40.00,100.00
2026-05-15T22:14:47.040535,37.50,44.40,28.60,100.00
2026-05-15T22:14:49.224163,41.30,41.30,39.00,19.90
2026-05-15T22:14:49.326901,37.50,37.50,25.00,11.10
2026-05-15T22:14:49.429854,33.30,25.00,37.50,0.00
2026-05-15T22:14:49.532691,44.40,33.30,28.60,0.00
2026-05-15T22:14:49.635202,28.60,37.50,25.00,0.00
2026-05-15T22:14:49.737384,37.50,25.00,37.50,11.10
2026-05-15T22:14:49.840408,44.40,25.00,37.50,0.00
2026-05-15T22:14:49.943329,25.00,37.50,33.30,11.10
2026-05-15T22:14:50.046120,37.50,33.30,37.50,10.00
2026-05-15T22:14:50.148923,37.50,44.40,37.50,0.00
2026-05-15T22:14:50.252160,44.40,14.30,44.40,0.00
2026-05-15T22:14:50.355001,33.30,37.50,25.00,11.10
2026-05-15T22:14:50.457973,28.60,22.20,33.30,0.00
2026-05-15T22:14:50.560638,22.20,25.00,25.00,11.10
2026-05-15T22:14:50.663448,14.30,22.20,14.30,0.00
2026-05-15T22:14:50.766120,33.30,25.00,22.20,18.20
2026-05-15T22:14:50.868786,14.30,12.50,33.30,0.00
2026-05-15T22:14:50.971518,14.30,25.00,14.30,0.00
2026-05-15T22:14:51.074155,33.30,12.50,25.00,11.10
2026-05-15T22:14:51.176647,22.20,33.30,22.20,10.00
2026-05-15T22:14:51.279367,33.30,22.20,25.00,0.00
2026-05-15T22:14:51.638911,53.30,51.60,54.80,48.40
2026-05-15T22:14:51.743266,33.30,33.30,25.00,100.00
2026-05-15T22:14:51.847218,28.60,40.00,28.60,100.00
2026-05-15T22:14:51.951330,22.20,25.00,30.00,100.00
2026-05-15T22:14:52.055385,28.60,28.60,25.00,100.00
2026-05-15T22:14:52.159731,30.00,30.00,14.30,100.00
2026-05-15T22:14:52.263899,16.70,25.00,33.30,100.00
2026-05-15T22:14:52.368660,33.30,33.30,14.30,100.00
2026-05-15T22:14:52.473303,25.00,14.30,33.30,100.00
2026-05-15T22:14:52.578248,45.50,33.30,25.00,100.00
2026-05-15T22:14:52.682990,33.30,36.40,25.00,100.00
2026-05-15T22:14:52.787312,25.00,14.30,25.00,100.00
2026-05-15T22:14:52.891691,33.30,25.00,30.00,100.00
2026-05-15T22:14:52.995889,14.30,25.00,33.30,100.00
2026-05-15T22:14:53.100027,25.00,33.30,14.30,100.00
2026-05-15T22:14:53.204603,33.30,22.20,14.30,100.00
2026-05-15T22:14:53.309049,25.00,33.30,33.30,100.00
2026-05-15T22:14:53.413012,40.00,37.50,33.30,100.00
2026-05-15T22:14:53.517253,14.30,22.20,25.00,100.00
2026-05-15T22:14:53.621012,33.30,25.00,40.00,100.00
2026-05-15T22:14:53.725855,33.30,33.30,14.30,100.00
2026-05-15T22:14:53.830111,25.00,40.00,25.00,100.00
2026-05-15T22:14:53.933693,25.00,12.50,22.20,100.00
2026-05-15T22:14:54.038419,33.30,33.30,25.00,100.00
2026-05-15T22:14:54.142862,25.00,25.00,25.00,100.00
2026-05-15T22:14:54.247144,25.00,33.30,25.00,100.00
2026-05-15T22:14:54.351221,40.00,22.20,33.30,100.00
2026-05-15T22:14:54.455824,33.30,25.00,33.30,100.00
2026-05-15T22:14:54.560715,33.30,33.30,30.00,100.00
2026-05-15T22:14:54.665007,33.30,40.00,33.30,100.00
2026-05-15T22:14:54.770334,33.30,33.30,33.30,100.00
2026-05-15T22:14:54.874531,33.30,12.50,14.30,100.00
2026-05-15T22:14:54.978524,25.00,33.30,33.30,100.00
2026-05-15T22:14:55.083351,40.00,25.00,28.60,100.00
2026-05-15T22:14:55.187876,25.00,30.00,36.40,100.00
2026-05-15T22:14:55.292111,37.50,28.60,28.60,100.00
2026-05-15T22:14:55.396651,25.00,33.30,25.00,100.00
2026-05-15T22:14:55.501156,50.00,33.30,37.50,100.00
2026-05-15T22:14:55.606482,33.30,25.00,25.00,100.00
2026-05-15T22:14:55.710657,40.00,25.00,40.00,100.00
2026-05-15T22:14:55.815780,25.00,40.00,25.00,100.00
2026-05-15T22:14:55.920194,44.40,25.00,28.60,100.00
2026-05-15T22:14:56.024327,25.00,40.00,33.30,100.00
2026-05-15T22:14:56.129263,33.30,14.30,33.30,100.00
2026-05-15T22:14:56.234148,37.50,50.00,40.00,100.00
2026-05-15T22:14:56.339512,25.00,25.00,25.00,100.00
2026-05-15T22:14:56.444162,40.00,40.00,37.50,100.00
2026-05-15T22:14:56.548640,28.60,25.00,33.30,100.00
2026-05-15T22:14:56.652797,33.30,25.00,14.30,100.00
2026-05-15T22:14:56.757656,33.30,44.40,25.00,100.00
2026-05-15T22:14:56.862170,37.50,33.30,37.50,100.00
2026-05-15T22:14:56.966239,33.30,12.50,30.00,100.00
2026-05-15T22:14:57.071325,37.50,37.50,37.50,100.00
2026-05-15T22:14:57.175295,40.00,33.30,37.50,100.00
2026-05-15T22:14:57.279191,28.60,25.00,14.30,100.00
2026-05-15T22:14:57.383191,25.00,33.30,40.00,100.00
2026-05-15T22:14:57.487376,40.00,25.00,33.30,100.00
2026-05-15T22:14:57.591230,33.30,33.30,16.70,100.00
2026-05-15T22:14:57.695948,28.60,22.20,25.00,100.00
2026-05-15T22:14:57.800619,40.00,33.30,33.30,100.00
2026-05-15T22:14:57.904717,25.00,25.00,33.30,100.00
2026-05-15T22:14:58.009350,37.50,40.00,25.00,100.00
2026-05-15T22:14:58.114061,33.30,25.00,44.40,100.00
2026-05-15T22:14:58.218287,33.30,25.00,14.30,100.00
2026-05-15T22:14:58.323937,44.40,40.00,33.30,100.00
2026-05-15T22:14:58.428498,33.30,33.30,40.00,100.00
2026-05-15T22:14:58.532957,37.50,25.00,14.30,100.00
2026-05-15T22:14:58.637420,25.00,33.30,44.40,100.00
2026-05-15T22:14:58.741635,40.00,14.30,14.30,100.00
2026-05-15T22:14:58.846160,33.30,33.30,25.00,100.00
2026-05-15T22:14:58.950214,33.30,14.30,33.30,100.00
2026-05-15T22:14:59.054354,28.60,30.00,14.30,100.00
2026-05-15T22:14:59.158385,33.30,25.00,40.00,100.00
2026-05-15T22:14:59.263609,40.00,33.30,14.30,100.00
2026-05-15T22:14:59.367725,28.60,33.30,33.30,100.00
2026-05-15T22:14:59.472802,40.00,25.00,16.70,100.00
2026-05-15T22:14:59.577878,14.30,33.30,40.00,100.00
2026-05-15T22:14:59.681962,37.50,25.00,33.30,100.00
2026-05-15T22:14:59.786202,40.00,33.30,25.00,100.00
2026-05-15T22:14:59.890333,33.30,25.00,28.60,100.00
2026-05-15T22:14:59.994407,16.70,40.00,33.30,100.00
2026-05-15T22:15:00.098895,40.00,14.30,25.00,100.00
2026-05-15T22:15:00.203652,33.30,40.00,40.00,100.00
2026-05-15T22:15:00.308570,25.00,14.30,25.00,100.00
2026-05-15T22:15:00.412709,25.00,22.20,33.30,100.00
2026-05-15T22:15:00.516947,30.00,22.20,12.50,100.00
2026-05-15T22:15:00.621166,30.00,22.20,30.00,100.00
2026-05-15T22:15:00.725401,25.00,22.20,22.20,100.00
2026-05-15T22:15:00.829666,30.00,30.00,12.50,100.00
2026-05-15T22:15:00.933392,22.20,27.30,22.20,100.00
2026-05-15T22:15:01.037160,36.40,25.00,12.50,100.00
2026-05-15T22:15:01.140917,12.50,20.00,22.20,100.00
2026-05-15T22:15:01.244692,25.00,25.00,33.30,100.00
2026-05-15T22:15:01.349143,36.40,20.00,33.30,100.00
2026-05-15T22:15:01.453227,22.20,12.50,12.50,100.00
2026-05-15T22:15:01.556811,45.50,30.00,22.20,100.00
2026-05-15T22:15:01.660925,22.20,22.20,25.00,100.00
2026-05-15T22:15:01.764692,30.00,22.20,22.20,100.00
2026-05-15T22:15:01.868930,36.40,0.00,22.20,100.00
2026-05-15T22:15:01.973599,25.00,30.00,22.20,100.00
2026-05-15T22:15:02.077306,36.40,22.20,30.00,100.00
2026-05-15T22:15:02.181510,22.20,22.20,12.50,100.00
2026-05-15T22:15:02.286469,30.00,22.20,14.30,100.00
2026-05-15T22:15:02.390536,40.00,11.10,22.20,100.00
2026-05-15T22:15:02.494437,22.20,30.00,30.00,100.00
2026-05-15T22:15:02.598957,22.20,22.20,22.20,100.00
2026-05-15T22:15:02.703715,33.30,12.50,30.00,100.00
2026-05-15T22:15:02.809175,22.20,30.00,12.50,100.00
2026-05-15T22:15:02.913206,30.00,22.20,22.20,100.00
2026-05-15T22:15:03.017249,22.20,11.10,25.00,100.00
2026-05-15T22:15:03.121404,22.20,22.20,11.10,100.00
2026-05-15T22:15:03.225966,22.20,36.40,25.00,100.00
2026-05-15T22:15:03.329918,30.00,12.50,22.20,100.00
2026-05-15T22:15:03.434786,22.20,22.20,22.20,100.00
2026-05-15T22:15:03.539914,33.30,22.20,22.20,100.00
2026-05-15T22:15:03.643862,22.20,22.20,22.20,100.00
2026-05-15T22:15:03.747817,22.20,12.50,22.20,100.00
2026-05-15T22:15:03.852311,30.00,30.00,12.50,100.00
2026-05-15T22:15:03.955906,25.00,22.20,30.00,100.00
2026-05-15T22:15:04.060222,22.20,22.20,22.20,100.00
2026-05-15T22:15:04.164150,36.40,11.10,22.20,100.00
2026-05-15T22:15:04.268145,22.20,22.20,25.00,100.00
2026-05-15T22:15:04.372445,30.00,22.20,22.20,100.00
2026-05-15T22:15:04.476715,25.00,30.00,30.00,100.00
2026-05-15T22:15:04.580874,30.00,12.50,12.50,100.00
2026-05-15T22:15:04.684513,30.00,36.40,25.00,100.00
2026-05-15T22:15:04.788183,30.00,22.20,30.00,100.00
2026-05-15T22:15:04.892454,22.20,12.50,22.20,100.00
2026-05-15T22:15:04.996503,25.00,22.20,30.00,100.00
2026-05-15T22:15:05.100596,36.40,30.00,12.50,100.00
2026-05-15T22:15:05.204925,22.20,22.20,22.20,100.00
2026-05-15T22:15:05.309586,30.00,30.00,30.00,100.00
2026-05-15T22:15:05.414815,28.60,25.00,25.00,100.00
2026-05-15T22:15:05.556255,50.00,61.50,54.50,100.00
2026-05-15T22:15:05.661882,50.00,44.40,37.50,30.00
2026-05-15T22:15:05.766542,37.50,25.00,37.50,12.50
2026-05-15T22:15:05.871166,42.90,44.40,50.00,22.20
2026-05-15T22:15:05.975408,44.40,37.50,37.50,30.00
2026-05-15T22:15:06.079926,44.40,37.50,37.50,12.50
2026-05-15T22:15:06.184901,50.00,50.00,37.50,22.20
2026-05-15T22:15:06.288915,44.40,28.60,42.90,25.00
2026-05-15T22:15:06.393734,37.50,44.40,37.50,11.10
2026-05-15T22:15:06.498350,50.00,28.60,37.50,33.30
2026-05-15T22:15:06.603607,50.00,44.40,44.40,22.20
2026-05-15T22:15:06.708807,44.40,50.00,50.00,12.50
2026-05-15T22:15:06.813418,44.40,33.30,37.50,20.00
2026-05-15T22:15:06.917466,33.30,37.50,37.50,12.50
2026-05-15T22:15:07.021915,37.50,44.40,37.50,22.20
2026-05-15T22:15:07.126872,44.40,50.00,55.60,22.20
2026-05-15T22:15:07.231605,42.90,28.60,37.50,33.30
2026-05-15T22:15:07.336228,37.50,44.40,37.50,20.00
2026-05-15T22:15:07.441209,37.50,16.70,44.40,22.20
2026-05-15T22:15:07.545698,50.00,50.00,50.00,12.50
2026-05-15T22:15:07.651000,37.50,28.60,37.50,25.00
2026-05-15T22:15:07.755971,50.00,33.30,37.50,22.20
2026-05-15T22:15:07.860875,50.00,28.60,44.40,12.50
2026-05-15T22:15:07.966564,37.50,37.50,37.50,27.30
2026-05-15T22:15:08.071641,37.50,37.50,37.50,12.50
2026-05-15T22:15:08.175840,37.50,28.60,37.50,22.20
2026-05-15T22:15:08.280734,44.40,44.40,55.60,22.20
2026-05-15T22:15:08.385721,33.30,33.30,14.30,22.20
2026-05-15T22:15:08.490310,37.50,37.50,50.00,22.20
2026-05-15T22:15:08.595575,44.40,50.00,28.60,12.50
2026-05-15T22:15:08.700504,28.60,28.60,37.50,22.20
2026-05-15T22:15:08.805326,44.40,37.50,44.40,22.20
2026-05-15T22:15:08.910882,50.00,33.30,37.50,22.20
2026-05-15T22:15:09.015316,37.50,37.50,44.40,27.30
2026-05-15T22:15:09.120512,28.60,28.60,28.60,22.20
2026-05-15T22:15:09.225074,55.60,44.40,37.50,12.50
2026-05-15T22:15:09.329598,37.50,33.30,44.40,12.50
2026-05-15T22:15:09.434497,50.00,37.50,37.50,22.20
2026-05-15T22:15:09.539482,37.50,50.00,37.50,11.10
2026-05-15T22:15:09.644803,44.40,44.40,37.50,22.20
2026-05-15T22:15:09.749208,44.40,28.60,28.60,22.20
2026-05-15T22:15:09.854698,50.00,44.40,55.60,12.50
2026-05-15T22:15:09.960212,28.60,37.50,37.50,30.00
2026-05-15T22:15:10.065717,50.00,28.60,37.50,12.50
2026-05-15T22:15:10.170302,42.90,44.40,37.50,12.50
2026-05-15T22:15:10.275268,44.40,44.40,28.60,20.00
2026-05-15T22:15:10.380504,55.60,50.00,60.00,22.20
2026-05-15T22:15:10.486001,42.90,28.60,37.50,25.00
2026-05-15T22:15:10.590757,50.00,50.00,55.60,22.20
2026-05-15T22:15:10.695346,55.60,44.40,44.40,12.50
2026-05-15T22:15:10.800247,33.30,44.40,42.90,22.20
2026-05-15T22:15:10.905649,63.60,55.60,60.00,12.50
2026-05-15T22:15:11.009880,50.00,37.50,37.50,22.20
2026-05-15T22:15:11.115585,55.60,37.50,55.60,30.00
2026-05-15T22:15:11.220521,50.00,50.00,50.00,25.00
2026-05-15T22:15:11.324424,62.50,55.60,66.70,25.00
2026-05-15T22:15:11.429375,54.50,55.60,50.00,30.00
2026-05-15T22:15:11.533332,42.90,37.50,55.60,12.50
2026-05-15T22:15:11.638488,60.00,50.00,42.90,30.00
2026-05-15T22:15:11.742809,33.30,50.00,44.40,22.20
2026-05-15T22:15:11.847684,54.50,37.50,55.60,14.30
2026-05-15T22:15:11.953104,42.90,37.50,42.90,22.20
2026-05-15T22:15:12.058864,42.90,55.60,37.50,30.00
2026-05-15T22:15:12.164294,50.00,42.90,50.00,22.20
2026-05-15T22:15:12.270128,50.00,50.00,44.40,25.00
2026-05-15T22:15:12.375797,50.00,28.60,42.90,12.50
2026-05-15T22:15:12.480718,50.00,37.50,50.00,22.20
2026-05-15T22:15:12.585819,50.00,55.60,55.60,22.20
2026-05-15T22:15:12.690715,50.00,33.30,44.40,22.20
2026-05-15T22:15:12.794951,42.90,44.40,42.90,22.20
2026-05-15T22:15:12.900614,60.00,44.40,50.00,12.50
2026-05-15T22:15:13.005810,44.40,42.90,28.60,12.50
2026-05-15T22:15:13.110968,50.00,50.00,50.00,30.00
2026-05-15T22:15:13.216775,55.60,55.60,50.00,14.30
2026-05-15T22:15:13.321720,50.00,28.60,50.00,36.40
2026-05-15T22:15:13.427618,55.60,55.60,50.00,12.50
2026-05-15T22:15:13.533885,50.00,37.50,50.00,22.20
2026-05-15T22:15:13.638287,42.90,37.50,42.90,25.00
2026-05-15T22:15:13.742711,55.60,42.90,55.60,22.20
2026-05-15T22:15:13.848152,37.50,37.50,37.50,12.50
2026-05-15T22:15:13.953872,60.00,50.00,42.90,30.00
2026-05-15T22:15:14.058830,50.00,44.40,50.00,12.50
2026-05-15T22:15:14.163999,55.60,50.00,54.50,12.50
2026-05-15T22:15:14.269148,42.90,44.40,50.00,22.20
2026-05-15T22:15:14.374821,55.60,37.50,50.00,22.20
2026-05-15T22:15:14.480007,42.90,55.60,50.00,30.00
2026-05-15T22:15:14.585362,44.40,37.50,50.00,12.50
2026-05-15T22:15:14.690225,55.60,55.60,50.00,25.00
2026-05-15T22:15:14.795424,50.00,37.50,50.00,22.20
2026-05-15T22:15:14.901930,42.90,44.40,50.00,22.20
2026-05-15T22:15:15.007171,50.00,42.90,44.40,12.50
2026-05-15T22:15:15.112878,50.00,44.40,42.90,30.00
2026-05-15T22:15:15.217804,50.00,37.50,42.90,22.20
2026-05-15T22:15:15.322284,42.90,50.00,42.90,14.30
2026-05-15T22:15:15.427519,37.50,44.40,44.40,11.10
2026-05-15T22:15:15.531906,37.50,25.00,33.30,30.00
2026-05-15T22:15:15.636859,37.50,40.00,33.30,11.10
2026-05-15T22:15:15.741574,25.00,28.60,44.40,12.50
2026-05-15T22:15:15.846366,44.40,25.00,25.00,12.50
2026-05-15T22:15:15.951797,25.00,33.30,25.00,27.30
2026-05-15T22:15:16.056490,28.60,40.00,44.40,12.50
2026-05-15T22:15:16.160935,33.30,14.30,14.30,22.20
2026-05-15T22:15:16.266305,28.60,40.00,44.40,20.00
2026-05-15T22:15:16.371416,40.00,16.70,33.30,12.50
2026-05-15T22:15:16.476367,28.60,40.00,44.40,30.00
2026-05-15T22:15:16.580808,33.30,33.30,25.00,20.00
2026-05-15T22:15:16.685172,37.50,25.00,37.50,22.20
2026-05-15T22:15:16.790637,33.30,33.30,33.30,11.10
2026-05-15T22:15:16.895153,37.50,28.60,25.00,12.50
2026-05-15T22:15:16.999181,25.00,40.00,25.00,11.10
2026-05-15T22:15:17.103015,37.50,25.00,37.50,40.00
2026-05-15T22:15:17.207410,33.30,33.30,28.60,22.20
2026-05-15T22:15:17.312490,14.30,25.00,40.00,30.00
2026-05-15T22:15:17.416826,44.40,25.00,25.00,12.50
2026-05-15T22:15:17.520593,25.00,33.30,28.60,11.10
2026-05-15T22:15:17.624278,37.50,28.60,33.30,12.50
2026-05-15T22:15:17.728503,37.50,33.30,37.50,11.10
2026-05-15T22:15:17.833109,40.00,12.50,14.30,30.00
2026-05-15T22:15:17.937275,25.00,14.30,33.30,11.10
2026-05-15T22:15:18.042138,14.30,37.50,28.60,12.50
2026-05-15T22:15:18.146299,44.40,40.00,33.30,22.20
2026-05-15T22:15:18.250958,25.00,25.00,33.30,20.00
2026-05-15T22:15:18.355372,37.50,33.30,28.60,30.00
2026-05-15T22:15:18.460487,33.30,25.00,25.00,12.50
2026-05-15T22:15:18.565016,37.50,37.50,37.50,11.10
2026-05-15T22:15:18.670242,25.00,33.30,33.30,22.20
2026-05-15T22:15:18.774318,44.40,33.30,28.60,12.50
2026-05-15T22:15:18.879400,33.30,25.00,40.00,20.00
2026-05-15T22:15:18.983858,37.50,28.60,25.00,22.20
2026-05-15T22:15:19.088152,37.50,25.00,33.30,20.00
2026-05-15T22:15:19.193397,33.30,33.30,28.60,22.20
2026-05-15T22:15:19.297677,16.70,25.00,25.00,22.20
2026-05-15T22:15:19.402145,33.30,33.30,33.30,12.50
2026-05-15T22:15:19.507467,44.40,25.00,37.50,20.00
2026-05-15T22:15:19.612481,33.30,40.00,44.40,22.20
2026-05-15T22:15:19.717115,37.50,28.60,25.00,22.20
2026-05-15T22:15:19.821267,33.30,33.30,25.00,11.10
2026-05-15T22:15:19.925845,37.50,25.00,44.40,22.20
2026-05-15T22:15:20.030919,40.00,33.30,33.30,22.20
2026-05-15T22:15:20.134914,28.60,33.30,33.30,11.10
2026-05-15T22:15:20.238816,25.00,33.30,28.60,22.20
2026-05-15T22:15:20.343433,44.40,14.30,33.30,22.20
2026-05-15T22:15:20.447849,33.30,40.00,33.30,20.00
2026-05-15T22:15:20.551652,28.60,28.60,37.50,22.20
2026-05-15T22:15:20.656530,33.30,33.30,14.30,22.20
2026-05-15T22:15:20.761690,28.60,25.00,40.00,20.00
2026-05-15T22:15:20.866465,45.50,40.00,28.60,22.20
2026-05-15T22:15:20.970646,25.00,14.30,25.00,11.10
2026-05-15T22:15:21.075917,37.50,25.00,40.00,12.50
2026-05-15T22:15:21.180145,33.30,33.30,14.30,30.00
2026-05-15T22:15:21.284479,25.00,33.30,37.50,11.10
2026-05-15T22:15:21.389666,44.40,33.30,33.30,22.20
2026-05-15T22:15:21.493969,33.30,33.30,25.00,11.10
2026-05-15T22:15:21.599723,37.50,14.30,33.30,22.20
2026-05-15T22:15:21.704196,25.00,33.30,25.00,11.10
2026-05-15T22:15:21.809442,44.40,40.00,44.40,22.20
2026-05-15T22:15:21.913810,33.30,33.30,25.00,12.50
2026-05-15T22:15:22.018206,40.00,14.30,33.30,20.00
2026-05-15T22:15:22.122630,28.60,40.00,40.00,22.20
2026-05-15T22:15:22.226824,25.00,14.30,25.00,11.10
2026-05-15T22:15:22.331379,37.50,37.50,25.00,22.20
2026-05-15T22:15:22.435650,33.30,33.30,40.00,22.20
2026-05-15T22:15:22.539837,28.60,14.30,16.70,11.10
2026-05-15T22:15:22.644019,37.50,40.00,25.00,30.00
2026-05-15T22:15:22.747958,33.30,25.00,45.50,12.50
2026-05-15T22:15:22.852644,25.00,33.30,25.00,11.10
2026-05-15T22:15:22.957311,44.40,25.00,28.60,36.40
2026-05-15T22:15:23.061203,37.50,33.30,45.50,11.10
2026-05-15T22:15:23.164954,33.30,14.30,14.30,22.20
2026-05-15T22:15:23.268928,33.30,25.00,33.30,22.20
2026-05-15T22:15:23.373821,37.50,40.00,44.40,22.20
2026-05-15T22:15:23.478633,40.00,33.30,25.00,20.00
2026-05-15T22:15:23.583161,28.60,33.30,25.00,22.20
2026-05-15T22:15:23.687208,40.00,37.50,37.50,12.50
2026-05-15T22:15:23.790604,28.60,25.00,25.00,11.10
2026-05-15T22:15:23.894603,25.00,33.30,33.30,12.50
2026-05-15T22:15:23.998905,28.60,25.00,28.60,11.10
2026-05-15T22:15:24.103085,40.00,33.30,33.30,20.00
2026-05-15T22:15:24.207362,37.50,25.00,33.30,12.50
2026-05-15T22:15:24.312459,40.00,25.00,28.60,20.00
2026-05-15T22:15:24.418213,28.60,33.30,33.30,30.00
2026-05-15T22:15:24.522198,25.00,33.30,33.30,11.10
2026-05-15T22:15:24.626866,28.60,25.00,25.00,12.50
2026-05-15T22:15:24.731677,33.30,40.00,44.40,20.00
2026-05-15T22:15:24.836637,44.40,25.00,25.00,22.20
2026-05-15T22:15:24.941251,33.30,33.30,37.50,20.00
2026-05-15T22:15:25.044983,37.50,37.50,33.30,12.50
2026-05-15T22:15:25.150088,33.30,33.30,33.30,11.10
2026-05-15T22:15:25.255339,37.50,25.00,28.60,33.30
2026-05-15T22:15:25.359955,40.00,33.30,33.30,11.10
2026-05-15T22:15:25.465452,75.00,66.70,70.00,33.30
2026-05-15T22:15:25.570816,70.00,62.50,70.00,25.00
2026-05-15T22:15:25.676199,75.00,66.70,77.80,33.30
2026-05-15T22:15:25.782171,66.70,70.00,62.50,33.30
2026-05-15T22:15:25.888290,77.80,62.50,70.00,25.00
2026-05-15T22:15:25.994373,66.70,66.70,66.70,22.20
2026-05-15T22:15:26.100461,80.00,70.00,66.70,25.00
2026-05-15T22:15:26.205845,66.70,66.70,75.00,33.30
2026-05-15T22:15:26.312433,80.00,66.70,66.70,25.00
2026-05-15T22:15:26.418526,75.00,66.70,66.70,25.00
2026-05-15T22:15:26.524960,72.70,66.70,71.40,28.60
2026-05-15T22:15:26.630825,75.00,66.70,66.70,22.20
2026-05-15T22:15:26.735807,66.70,62.50,62.50,33.30
2026-05-15T22:15:26.841540,77.80,66.70,66.70,25.00
2026-05-15T22:15:26.948128,70.00,66.70,66.70,33.30
2026-05-15T22:15:27.054216,66.70,66.70,70.00,25.00
2026-05-15T22:15:27.159144,90.00,72.70,75.00,50.00
2026-05-15T22:15:27.265610,66.70,70.00,66.70,40.00
2026-05-15T22:15:27.371697,80.00,66.70,72.70,25.00
2026-05-15T22:15:27.477636,70.00,57.10,77.80,33.30
2026-05-15T22:15:27.582816,77.80,70.00,66.70,22.20
2026-05-15T22:15:27.689161,70.00,70.00,70.00,33.30
2026-05-15T22:15:27.795134,66.70,66.70,66.70,33.30
2026-05-15T22:15:27.901466,77.80,57.10,66.70,25.00
2026-05-15T22:15:28.008238,72.70,66.70,66.70,12.50
2026-05-15T22:15:28.115656,77.80,66.70,70.00,33.30
2026-05-15T22:15:28.221258,66.70,62.50,62.50,25.00
2026-05-15T22:15:28.327624,77.80,62.50,77.80,14.30
2026-05-15T22:15:28.434705,70.00,62.50,55.60,22.20
2026-05-15T22:15:28.539867,77.80,70.00,77.80,25.00
2026-05-15T22:15:28.645636,66.70,62.50,66.70,33.30
2026-05-15T22:15:28.751636,72.70,66.70,70.00,25.00
2026-05-15T22:15:28.856962,71.40,62.50,62.50,25.00
2026-05-15T22:15:28.963972,70.00,62.50,66.70,22.20
2026-05-15T22:15:29.069967,75.00,62.50,62.50,33.30
2026-05-15T22:15:29.176728,66.70,66.70,66.70,25.00
2026-05-15T22:15:29.282259,80.00,66.70,70.00,33.30
2026-05-15T22:15:29.388660,62.50,60.00,66.70,25.00
2026-05-15T22:15:29.494693,72.70,57.10,77.80,40.00
2026-05-15T22:15:29.600924,75.00,66.70,62.50,22.20
2026-05-15T22:15:29.707424,75.00,62.50,66.70,25.00
2026-05-15T22:15:29.812649,62.50,66.70,62.50,33.30
2026-05-15T22:15:29.918124,70.00,55.60,66.70,25.00
2026-05-15T22:15:30.023823,75.00,62.50,70.00,22.20
2026-05-15T22:15:30.129550,66.70,70.00,66.70,25.00
2026-05-15T22:15:30.235321,70.00,70.00,62.50,25.00
2026-05-15T22:15:30.340882,75.00,66.70,70.00,22.20
2026-05-15T22:15:30.467535,23.10,23.10,25.00,25.00
2026-05-15T22:15:30.570672,18.20,18.20,25.00,100.00
2026-05-15T22:15:30.674196,23.10,10.00,0.00,100.00
2026-05-15T22:15:30.777589,10.00,18.20,18.20,100.00
2026-05-15T22:15:30.881425,25.00,18.20,18.20,100.00
2026-05-15T22:15:30.985138,25.00,23.10,18.20,100.00
2026-05-15T22:15:31.088696,9.10,25.00,9.10,100.00
2026-05-15T22:15:31.192203,30.80,18.20,18.20,100.00
2026-05-15T22:15:31.295406,0.00,18.20,10.00,100.00
2026-05-15T22:15:31.398829,25.00,30.80,30.80,100.00
2026-05-15T22:15:31.502412,18.20,25.00,10.00,100.00
2026-05-15T22:15:31.605648,18.20,25.00,10.00,100.00
2026-05-15T22:15:31.708795,23.10,9.10,25.00,100.00
2026-05-15T22:15:31.811986,30.80,25.00,10.00,100.00
2026-05-15T22:15:31.915531,10.00,10.00,10.00,100.00
2026-05-15T22:15:32.019002,25.00,16.70,25.00,100.00
2026-05-15T22:15:32.122249,25.00,18.20,18.20,100.00
2026-05-15T22:15:32.225391,9.10,18.20,16.70,100.00
2026-05-15T22:15:32.329169,18.20,23.10,18.20,100.00
2026-05-15T22:15:32.432609,30.80,18.20,10.00,100.00
2026-05-15T22:15:32.536137,18.20,25.00,18.20,100.00
2026-05-15T22:15:32.639509,25.00,10.00,18.20,100.00
2026-05-15T22:15:32.742915,16.70,25.00,18.20,100.00
2026-05-15T22:15:32.846463,25.00,25.00,10.00,100.00
2026-05-15T22:15:32.949813,25.00,16.70,16.70,100.00
2026-05-15T22:15:33.053087,18.20,18.20,18.20,100.00
2026-05-15T22:15:33.156260,25.00,9.10,10.00,100.00
2026-05-15T22:15:33.259503,18.20,30.80,18.20,100.00
2026-05-15T22:15:33.363173,23.10,0.00,18.20,100.00
2026-05-15T22:15:33.466481,25.00,16.70,25.00,100.00
2026-05-15T22:15:33.627261,29.40,35.30,37.50,100.00
2026-05-15T22:15:33.731172,18.20,11.10,100.00,100.00
2026-05-15T22:15:33.834885,30.80,30.80,100.00,100.00
2026-05-15T22:15:33.938508,10.00,25.00,100.00,100.00
2026-05-15T22:15:34.042357,25.00,25.00,100.00,100.00
2026-05-15T22:15:34.145699,30.80,25.00,100.00,100.00
2026-05-15T22:15:34.249021,10.00,27.30,100.00,100.00
2026-05-15T22:15:34.352824,30.80,18.20,100.00,100.00
2026-05-15T22:15:34.456626,18.20,25.00,100.00,100.00
2026-05-15T22:15:34.560470,18.20,30.80,100.00,100.00
2026-05-15T22:15:34.664625,28.60,30.80,100.00,100.00
2026-05-15T22:15:34.767780,25.00,10.00,100.00,100.00
2026-05-15T22:15:34.871571,10.00,18.20,100.00,100.00
2026-05-15T22:15:34.975040,30.80,18.20,100.00,100.00
2026-05-15T22:15:35.078327,18.20,33.30,100.00,100.00
2026-05-15T22:15:35.181692,30.80,18.20,100.00,100.00
2026-05-15T22:15:35.285412,20.00,27.30,100.00,100.00
2026-05-15T22:15:35.388705,30.80,25.00,100.00,100.00
2026-05-15T22:15:35.492596,20.00,33.30,100.00,100.00
2026-05-15T22:15:35.596564,33.30,20.00,100.00,100.00
2026-05-15T22:15:35.701161,33.30,27.30,100.00,100.00
2026-05-15T22:15:35.805103,25.00,33.30,100.00,100.00
2026-05-15T22:15:35.908603,20.00,20.00,100.00,100.00
2026-05-15T22:15:36.012302,38.50,27.30,100.00,100.00
2026-05-15T22:15:36.115828,20.00,27.30,100.00,100.00
2026-05-15T22:15:36.219570,27.30,27.30,100.00,100.00
2026-05-15T22:15:36.323387,20.00,22.20,100.00,100.00
2026-05-15T22:15:36.426913,27.30,20.00,100.00,100.00
2026-05-15T22:15:36.530954,27.30,33.30,100.00,100.00
2026-05-15T22:15:36.635199,30.00,22.20,100.00,100.00
2026-05-15T22:15:36.739246,27.30,33.30,100.00,100.00
2026-05-15T22:15:36.843038,18.20,20.00,100.00,100.00
2026-05-15T22:15:36.946604,27.30,33.30,100.00,100.00
2026-05-15T22:15:37.050302,20.00,11.10,100.00,100.00
2026-05-15T22:15:37.153789,27.30,36.40,100.00,100.00
2026-05-15T22:15:37.257595,27.30,30.00,100.00,100.00
2026-05-15T22:15:37.361582,27.30,33.30,100.00,100.00
2026-05-15T22:15:37.465248,27.30,20.00,100.00,100.00
2026-05-15T22:15:37.569302,27.30,27.30,100.00,100.00
2026-05-15T22:15:37.673541,20.00,33.30,100.00,100.00
2026-05-15T22:15:37.777115,33.30,27.30,100.00,100.00
2026-05-15T22:15:37.880366,11.10,11.10,100.00,100.00
2026-05-15T22:15:37.983793,33.30,33.30,100.00,100.00
2026-05-15T22:15:38.087599,25.00,20.00,100.00,100.00
2026-05-15T22:15:38.191095,20.00,33.30,100.00,100.00
2026-05-15T22:15:38.294620,11.10,11.10,100.00,100.00
2026-05-15T22:15:38.397964,25.00,27.30,100.00,100.00
2026-05-15T22:15:38.502263,20.00,27.30,100.00,100.00
2026-05-15T22:15:38.605943,20.00,27.30,100.00,100.00
2026-05-15T22:15:38.709780,27.30,30.00,100.00,100.00
2026-05-15T22:15:38.813526,25.00,27.30,100.00,100.00
2026-05-15T22:15:38.917179,11.10,20.00,100.00,100.00
2026-05-15T22:15:39.020500,20.00,27.30,100.00,100.00
2026-05-15T22:15:39.124059,33.30,20.00,100.00,100.00
2026-05-15T22:15:39.227467,20.00,27.30,100.00,100.00
2026-05-15T22:15:39.330921,20.00,27.30,100.00,100.00
2026-05-15T22:15:39.434727,18.20,20.00,100.00,100.00
2026-05-15T22:15:39.538339,33.30,27.30,100.00,100.00
2026-05-15T22:15:39.642048,20.00,27.30,100.00,100.00
2026-05-15T22:15:39.745413,27.30,30.00,100.00,100.00
2026-05-15T22:15:39.849085,11.10,27.30,100.00,100.00
2026-05-15T22:15:39.952632,27.30,27.30,100.00,100.00
2026-05-15T22:15:40.056437,20.00,27.30,100.00,100.00
2026-05-15T22:15:40.160204,30.80,20.00,100.00,100.00
2026-05-15T22:15:40.264102,27.30,27.30,100.00,100.00
2026-05-15T22:15:40.367436,20.00,25.00,100.00,100.00
2026-05-15T22:15:40.470827,18.20,27.30,100.00,100.00
2026-05-15T22:15:40.574431,25.00,25.00,100.00,100.00
2026-05-15T22:15:40.677652,27.30,25.00,100.00,100.00
2026-05-15T22:15:40.781318,18.20,33.30,100.00,100.00
2026-05-15T22:15:40.884603,25.00,18.20,100.00,100.00
2026-05-15T22:15:40.988262,20.00,18.20,100.00,100.00
2026-05-15T22:15:41.091961,25.00,25.00,100.00,100.00
2026-05-15T22:15:41.195571,30.80,27.30,100.00,100.00
2026-05-15T22:15:41.299288,27.30,20.00,100.00,100.00
2026-05-15T22:15:41.402676,20.00,30.80,100.00,100.00
2026-05-15T22:15:41.506809,18.20,20.00,100.00,100.00
2026-05-15T22:15:41.610221,25.00,25.00,100.00,100.00
2026-05-15T22:15:41.713436,18.20,18.20,100.00,100.00
2026-05-15T22:15:41.816839,18.20,18.20,100.00,100.00
2026-05-15T22:15:41.920198,20.00,27.30,100.00,100.00
2026-05-15T22:15:42.023394,30.80,10.00,100.00,100.00
2026-05-15T22:15:42.126607,10.00,30.80,100.00,100.00
2026-05-15T22:15:42.230281,18.20,18.20,100.00,100.00
2026-05-15T22:15:42.333708,18.20,25.00,100.00,100.00
2026-05-15T22:15:42.437697,18.20,18.20,100.00,100.00
2026-05-15T22:15:42.541531,25.00,25.00,100.00,100.00
2026-05-15T22:15:42.644783,20.00,20.00,100.00,100.00
2026-05-15T22:15:42.748260,25.00,25.00,100.00,100.00
2026-05-15T22:15:42.851804,18.20,10.00,100.00,100.00
2026-05-15T22:15:42.955271,25.00,25.00,100.00,100.00
2026-05-15T22:15:43.058720,25.00,20.00,100.00,100.00
2026-05-15T22:15:43.162811,10.00,18.20,100.00,100.00
2026-05-15T22:15:43.266844,25.00,33.30,100.00,100.00
2026-05-15T22:15:43.371163,18.20,18.20,100.00,100.00
2026-05-15T22:15:43.474630,27.30,27.30,100.00,100.00
2026-05-15T22:15:43.578157,30.80,30.80,100.00,100.00
2026-05-15T22:15:43.681799,30.80,18.20,100.00,100.00
2026-05-15T22:15:43.785423,18.20,38.50,100.00,100.00
2026-05-15T22:15:43.888935,27.30,18.20,100.00,100.00
2026-05-15T22:15:43.995502,30.80,10.00,100.00,100.00
2026-05-15T22:15:44.099157,18.20,33.30,100.00,100.00
2026-05-15T22:15:44.202711,27.30,27.30,100.00,100.00
2026-05-15T22:15:44.306414,18.20,18.20,100.00,100.00
2026-05-15T22:15:44.410095,18.20,25.00,100.00,100.00
2026-05-15T22:15:44.513725,27.30,27.30,100.00,100.00
2026-05-15T22:15:44.617014,25.00,30.80,100.00,100.00
2026-05-15T22:15:44.720484,10.00,20.00,100.00,100.00
2026-05-15T22:15:44.823703,25.00,18.20,100.00,100.00
2026-05-15T22:15:44.927107,11.10,25.00,100.00,100.00
2026-05-15T22:15:45.030405,30.80,20.00,100.00,100.00
2026-05-15T22:15:45.133958,20.00,25.00,100.00,100.00
2026-05-15T22:15:45.237485,18.20,25.00,100.00,100.00
2026-05-15T22:15:45.341195,25.00,20.00,100.00,100.00
2026-05-15T22:15:45.444306,16.70,9.10,100.00,100.00
2026-05-15T22:15:45.547511,0.00,0.00,100.00,100.00
2026-05-15T22:15:45.650572,9.10,9.10,100.00,100.00
2026-05-15T22:15:45.753841,9.10,0.00,100.00,100.00
2026-05-15T22:15:45.856928,0.00,0.00,100.00,100.00
2026-05-15T22:15:45.960017,0.00,0.00,100.00,100.00
2026-05-15T22:15:46.063260,0.00,0.00,100.00,100.00
2026-05-15T22:15:46.166671,0.00,0.00,100.00,100.00
2026-05-15T22:15:46.269816,9.10,0.00,100.00,100.00
2026-05-15T22:15:46.373089,0.00,0.00,100.00,100.00
2026-05-15T22:15:46.476484,0.00,9.10,100.00,100.00
2026-05-15T22:15:46.579705,9.10,0.00,100.00,100.00
2026-05-15T22:15:46.683157,0.00,0.00,100.00,100.00
2026-05-15T22:15:46.786820,9.10,0.00,100.00,100.00
2026-05-15T22:15:46.890277,0.00,9.10,100.00,100.00
2026-05-15T22:15:46.993527,9.10,10.00,100.00,100.00
2026-05-15T22:15:47.097142,18.20,45.50,100.00,100.00
2026-05-15T22:15:47.200857,10.00,100.00,100.00,100.00
2026-05-15T22:15:47.304349,10.00,100.00,100.00,100.00
2026-05-15T22:15:47.407927,9.10,100.00,100.00,100.00
2026-05-15T22:15:47.511179,10.00,66.70,100.00,100.00
2026-05-15T22:15:47.614363,10.00,27.30,100.00,100.00
2026-05-15T22:15:47.718181,0.00,0.00,100.00,100.00
2026-05-15T22:15:47.822359,9.10,9.10,100.00,100.00
2026-05-15T22:15:47.925999,9.10,0.00,100.00,100.00
2026-05-15T22:15:48.029285,0.00,0.00,100.00,100.00
2026-05-15T22:15:48.132458,0.00,0.00,100.00,100.00
2026-05-15T22:15:48.235859,0.00,0.00,100.00,100.00
2026-05-15T22:15:48.339093,9.10,0.00,100.00,100.00
2026-05-15T22:15:48.442361,0.00,0.00,100.00,100.00
2026-05-15T22:15:48.545832,0.00,9.10,100.00,100.00
2026-05-15T22:15:48.649135,9.10,9.10,100.00,100.00
2026-05-15T22:15:48.752230,9.10,0.00,100.00,100.00
2026-05-15T22:15:48.855592,0.00,0.00,100.00,100.00
2026-05-15T22:15:48.958886,0.00,0.00,100.00,100.00
2026-05-15T22:15:49.062239,9.10,0.00,100.00,100.00
2026-05-15T22:15:49.165321,0.00,0.00,100.00,100.00
2026-05-15T22:15:49.268912,0.00,0.00,100.00,100.00
2026-05-15T22:15:49.372339,9.10,0.00,100.00,100.00
2026-05-15T22:15:49.475731,0.00,0.00,100.00,100.00
2026-05-15T22:15:49.579250,0.00,9.10,100.00,100.00
2026-05-15T22:15:49.682706,0.00,0.00,100.00,100.00
2026-05-15T22:15:49.786173,0.00,0.00,100.00,100.00
2026-05-15T22:15:49.889639,16.70,0.00,100.00,100.00
2026-05-15T22:15:49.992700,0.00,0.00,100.00,100.00
2026-05-15T22:15:50.096220,0.00,0.00,100.00,100.00
2026-05-15T22:15:50.199402,9.10,0.00,100.00,100.00
2026-05-15T22:15:50.302611,9.10,0.00,100.00,100.00
2026-05-15T22:15:50.406148,0.00,9.10,100.00,100.00
2026-05-15T22:15:50.509368,0.00,0.00,100.00,100.00
2026-05-15T22:15:50.612701,9.10,10.00,100.00,100.00
2026-05-15T22:15:50.715782,0.00,9.10,100.00,100.00
2026-05-15T22:15:50.819008,10.00,0.00,100.00,100.00
2026-05-15T22:15:50.922345,0.00,0.00,100.00,100.00
2026-05-15T22:15:51.025553,9.10,0.00,100.00,100.00
2026-05-15T22:15:51.129013,0.00,0.00,100.00,100.00
2026-05-15T22:15:51.232404,0.00,0.00,100.00,100.00
2026-05-15T22:15:51.335741,0.00,0.00,100.00,100.00
2026-05-15T22:15:51.439247,9.10,0.00,100.00,100.00
2026-05-15T22:15:51.542561,9.10,9.10,100.00,100.00
2026-05-15T22:15:51.646118,0.00,0.00,100.00,100.00
2026-05-15T22:15:51.749468,0.00,0.00,100.00,100.00
2026-05-15T22:15:51.852942,9.10,10.00,100.00,100.00
2026-05-15T22:15:51.956366,0.00,0.00,100.00,100.00
2026-05-15T22:15:52.059779,9.10,0.00,100.00,100.00
2026-05-15T22:15:52.163168,0.00,0.00,100.00,100.00
2026-05-15T22:15:52.266448,0.00,0.00,100.00,100.00
2026-05-15T22:15:52.369845,0.00,9.10,100.00,100.00
2026-05-15T22:15:52.473258,9.10,0.00,100.00,100.00
2026-05-15T22:15:52.577135,9.10,0.00,100.00,100.00
2026-05-15T22:15:52.680496,0.00,0.00,100.00,100.00
2026-05-15T22:15:52.783733,0.00,0.00,100.00,100.00
2026-05-15T22:15:52.887092,9.10,0.00,100.00,100.00
2026-05-15T22:15:52.990237,0.00,0.00,100.00,100.00
2026-05-15T22:15:53.093550,0.00,0.00,100.00,100.00
2026-05-15T22:15:53.196802,0.00,0.00,100.00,100.00
2026-05-15T22:15:53.301080,9.10,16.70,100.00,100.00
2026-05-15T22:15:53.405110,9.10,0.00,100.00,100.00
2026-05-15T22:15:53.508651,0.00,0.00,100.00,100.00
2026-05-15T22:15:53.611850,0.00,18.20,100.00,100.00
2026-05-15T22:15:53.715257,9.10,0.00,100.00,100.00
2026-05-15T22:15:53.818655,0.00,9.10,100.00,100.00
2026-05-15T22:15:53.922017,0.00,0.00,100.00,100.00
2026-05-15T22:15:54.025396,0.00,0.00,100.00,100.00
2026-05-15T22:15:54.128841,0.00,9.10,100.00,100.00
2026-05-15T22:15:54.232224,0.00,0.00,100.00,100.00
2026-05-15T22:15:54.335670,8.30,0.00,100.00,100.00
2026-05-15T22:15:54.439050,0.00,9.10,100.00,100.00
2026-05-15T22:15:54.542645,0.00,0.00,100.00,100.00
2026-05-15T22:15:54.646439,9.10,9.10,100.00,100.00
2026-05-15T22:15:54.749755,0.00,0.00,100.00,100.00
2026-05-15T22:15:54.853305,0.00,0.00,100.00,100.00
2026-05-15T22:15:54.956822,0.00,9.10,100.00,100.00
2026-05-15T22:15:55.060385,9.10,0.00,100.00,100.00
2026-05-15T22:15:55.163920,0.00,9.10,100.00,100.00
2026-05-15T22:15:55.267358,0.00,0.00,100.00,100.00
2026-05-15T22:15:55.370625,9.10,0.00,100.00,100.00
2026-05-15T22:15:55.474103,0.00,9.10,100.00,100.00
2026-05-15T22:15:55.577571,0.00,9.10,100.00,100.00
2026-05-15T22:15:55.681081,0.00,0.00,100.00,100.00
2026-05-15T22:15:55.784618,0.00,0.00,100.00,100.00
2026-05-15T22:15:55.888025,0.00,0.00,100.00,100.00
2026-05-15T22:15:55.991383,0.00,9.10,100.00,100.00
2026-05-15T22:15:56.094956,0.00,0.00,100.00,100.00
2026-05-15T22:15:56.198277,0.00,0.00,100.00,100.00
2026-05-15T22:15:56.301588,0.00,9.10,100.00,100.00
2026-05-15T22:15:56.405025,0.00,0.00,100.00,100.00
2026-05-15T22:15:56.508568,9.10,0.00,100.00,100.00
2026-05-15T22:15:56.611674,0.00,20.00,100.00,100.00
2026-05-15T22:15:56.714895,0.00,0.00,100.00,100.00
2026-05-15T22:15:56.818108,9.10,0.00,100.00,100.00
2026-05-15T22:15:56.921476,0.00,0.00,100.00,100.00
2026-05-15T22:15:57.025145,8.30,9.10,100.00,100.00
2026-05-15T22:15:57.128690,0.00,0.00,100.00,100.00
2026-05-15T22:15:57.231931,0.00,22.20,100.00,100.00
2026-05-15T22:15:57.335934,0.00,0.00,100.00,100.00
2026-05-15T22:15:57.439948,9.10,0.00,100.00,100.00
2026-05-15T22:15:57.543519,0.00,9.10,100.00,100.00
2026-05-15T22:15:57.647227,9.10,9.10,100.00,100.00
2026-05-15T22:15:57.750597,0.00,0.00,100.00,100.00
2026-05-15T22:15:57.853971,0.00,0.00,100.00,100.00
2026-05-15T22:15:57.957155,9.10,0.00,100.00,100.00
2026-05-15T22:15:58.060304,0.00,0.00,100.00,100.00
2026-05-15T22:15:58.163638,0.00,0.00,100.00,100.00
2026-05-15T22:15:58.267043,0.00,9.10,100.00,100.00
2026-05-15T22:15:58.370375,9.10,0.00,100.00,100.00
2026-05-15T22:15:58.473535,0.00,0.00,100.00,100.00
2026-05-15T22:15:58.576885,0.00,0.00,100.00,100.00
2026-05-15T22:15:58.680352,16.70,0.00,100.00,100.00
2026-05-15T22:15:58.783821,9.10,0.00,100.00,100.00
2026-05-15T22:15:58.886998,0.00,0.00,100.00,100.00
2026-05-15T22:15:58.990269,0.00,0.00,100.00,100.00
2026-05-15T22:15:59.093614,0.00,9.10,100.00,100.00
2026-05-15T22:15:59.196896,9.10,0.00,100.00,100.00
2026-05-15T22:15:59.300132,0.00,0.00,100.00,100.00
2026-05-15T22:15:59.403294,0.00,0.00,100.00,100.00
2026-05-15T22:15:59.506670,9.10,0.00,100.00,100.00
2026-05-15T22:15:59.609948,0.00,9.10,100.00,100.00
2026-05-15T22:15:59.713270,9.10,0.00,100.00,100.00
2026-05-15T22:15:59.816643,0.00,9.10,100.00,100.00
2026-05-15T22:15:59.920020,0.00,0.00,100.00,100.00
2026-05-15T22:16:00.023442,8.30,0.00,100.00,100.00
2026-05-15T22:16:00.126870,0.00,0.00,100.00,100.00
2026-05-15T22:16:00.230369,0.00,9.10,100.00,100.00
2026-05-15T22:16:00.334310,0.00,9.10,100.00,100.00
2026-05-15T22:16:00.437965,8.30,0.00,100.00,100.00
2026-05-15T22:16:00.542330,0.00,0.00,100.00,100.00
2026-05-15T22:16:00.645561,0.00,9.10,100.00,100.00
2026-05-15T22:16:00.748955,0.00,0.00,100.00,100.00
2026-05-15T22:16:00.852138,16.70,0.00,100.00,100.00
2026-05-15T22:16:00.955301,0.00,0.00,100.00,100.00
2026-05-15T22:16:01.058636,0.00,0.00,100.00,100.00
2026-05-15T22:16:01.161974,0.00,0.00,100.00,100.00
2026-05-15T22:16:01.265203,9.10,0.00,100.00,100.00
2026-05-15T22:16:01.368624,0.00,0.00,100.00,100.00
2026-05-15T22:16:01.472084,0.00,0.00,100.00,100.00
2026-05-15T22:16:01.575442,0.00,9.10,100.00,100.00
2026-05-15T22:16:01.678756,9.10,0.00,100.00,100.00
2026-05-15T22:16:01.781892,0.00,0.00,100.00,100.00
2026-05-15T22:16:01.885089,0.00,0.00,100.00,100.00
2026-05-15T22:16:01.988243,0.00,0.00,100.00,100.00
2026-05-15T22:16:02.091591,9.10,0.00,100.00,100.00
2026-05-15T22:16:02.195029,0.00,0.00,100.00,100.00
2026-05-15T22:16:02.298233,0.00,0.00,100.00,100.00
2026-05-15T22:16:02.401353,0.00,0.00,100.00,100.00
2026-05-15T22:16:02.504623,9.10,16.70,100.00,100.00
2026-05-15T22:16:02.607824,0.00,9.10,100.00,100.00
2026-05-15T22:16:02.711034,9.10,10.00,100.00,100.00
2026-05-15T22:16:02.814326,9.10,0.00,100.00,100.00
2026-05-15T22:16:02.917653,0.00,9.10,100.00,100.00
2026-05-15T22:16:03.020990,0.00,0.00,100.00,100.00
2026-05-15T22:16:03.124123,9.10,0.00,100.00,100.00
2026-05-15T22:16:03.227370,0.00,0.00,100.00,100.00
2026-05-15T22:16:03.330691,9.10,0.00,100.00,100.00
2026-05-15T22:16:03.433795,0.00,0.00,100.00,100.00
2026-05-15T22:16:03.537166,0.00,0.00,100.00,100.00
2026-05-15T22:16:03.640559,0.00,9.10,100.00,100.00
2026-05-15T22:16:03.743916,9.10,0.00,100.00,100.00
2026-05-15T22:16:03.847129,0.00,0.00,100.00,100.00
2026-05-15T22:16:03.950213,0.00,0.00,100.00,100.00
2026-05-15T22:16:04.053397,16.70,0.00,100.00,100.00
2026-05-15T22:16:04.156914,0.00,0.00,100.00,100.00
2026-05-15T22:16:04.260236,0.00,0.00,100.00,100.00
2026-05-15T22:16:04.363542,0.00,9.10,100.00,100.00
2026-05-15T22:16:04.466857,9.10,0.00,100.00,100.00
2026-05-15T22:16:04.569984,9.10,0.00,100.00,100.00
2026-05-15T22:16:04.673350,0.00,0.00,100.00,100.00
2026-05-15T22:16:04.776701,0.00,0.00,100.00,100.00
2026-05-15T22:16:04.879965,9.10,0.00,100.00,100.00
2026-05-15T22:16:04.983719,0.00,0.00,100.00,100.00
2026-05-15T22:16:05.087569,9.10,9.10,100.00,100.00
2026-05-15T22:16:05.191260,0.00,0.00,100.00,100.00
2026-05-15T22:16:05.294623,9.10,0.00,100.00,100.00
2026-05-15T22:16:05.398781,0.00,0.00,100.00,100.00
2026-05-15T22:16:05.502158,0.00,8.30,100.00,100.00
2026-05-15T22:16:05.605788,0.00,0.00,100.00,100.00
2026-05-15T22:16:05.709045,9.10,10.00,100.00,100.00
2026-05-15T22:16:05.812234,9.10,0.00,100.00,100.00
2026-05-15T22:16:05.915384,0.00,0.00,100.00,100.00
2026-05-15T22:16:06.019368,0.00,9.10,100.00,100.00
2026-05-15T22:16:06.123177,9.10,0.00,100.00,100.00
2026-05-15T22:16:06.226525,0.00,0.00,100.00,100.00
2026-05-15T22:16:06.329991,0.00,0.00,100.00,100.00
2026-05-15T22:16:06.433485,0.00,9.10,100.00,100.00
2026-05-15T22:16:06.536746,10.00,9.10,100.00,100.00
2026-05-15T22:16:06.640117,9.10,0.00,100.00,100.00
2026-05-15T22:16:06.743577,0.00,0.00,100.00,100.00
2026-05-15T22:16:06.846880,0.00,0.00,100.00,100.00
2026-05-15T22:16:06.950145,0.00,0.00,100.00,100.00
2026-05-15T22:16:07.053438,9.10,0.00,100.00,100.00
2026-05-15T22:16:07.156838,0.00,9.10,100.00,100.00
2026-05-15T22:16:07.260184,18.20,0.00,100.00,100.00
2026-05-15T22:16:07.363495,0.00,0.00,100.00,100.00
2026-05-15T22:16:07.466804,0.00,0.00,100.00,100.00
2026-05-15T22:16:07.570291,9.10,9.10,100.00,100.00
2026-05-15T22:16:07.673691,0.00,9.10,100.00,100.00
2026-05-15T22:16:07.777103,0.00,0.00,100.00,100.00
2026-05-15T22:16:07.880576,9.10,0.00,100.00,100.00
2026-05-15T22:16:07.984026,9.10,0.00,100.00,100.00
2026-05-15T22:16:08.087330,0.00,0.00,100.00,100.00
2026-05-15T22:16:08.190522,0.00,0.00,100.00,100.00
2026-05-15T22:16:08.293666,0.00,0.00,100.00,100.00
2026-05-15T22:16:08.396926,0.00,0.00,100.00,100.00
2026-05-15T22:16:08.500206,9.10,0.00,100.00,100.00
2026-05-15T22:16:08.603591,0.00,9.10,100.00,100.00
2026-05-15T22:16:08.707283,0.00,10.00,100.00,100.00
2026-05-15T22:16:08.810617,0.00,0.00,100.00,100.00
2026-05-15T22:16:08.913729,9.10,0.00,100.00,100.00
2026-05-15T22:16:09.017371,0.00,0.00,100.00,100.00
2026-05-15T22:16:09.120679,0.00,0.00,100.00,100.00
2026-05-15T22:16:09.225537,9.10,9.10,100.00,100.00
2026-05-15T22:16:09.328802,0.00,0.00,100.00,100.00
2026-05-15T22:16:09.432183,9.10,0.00,100.00,100.00
2026-05-15T22:16:09.535387,0.00,0.00,100.00,100.00
2026-05-15T22:16:09.638912,0.00,9.10,100.00,100.00
2026-05-15T22:16:09.742247,0.00,0.00,100.00,100.00
2026-05-15T22:16:09.845674,9.10,0.00,100.00,100.00
2026-05-15T22:16:09.949130,0.00,9.10,100.00,100.00
2026-05-15T22:16:10.052650,0.00,0.00,100.00,100.00
2026-05-15T22:16:10.156125,0.00,0.00,100.00,100.00
2026-05-15T22:16:10.259536,0.00,0.00,100.00,100.00
2026-05-15T22:16:10.362751,9.10,0.00,100.00,100.00
2026-05-15T22:16:10.465938,0.00,0.00,100.00,100.00
2026-05-15T22:16:10.569274,0.00,0.00,100.00,100.00
2026-05-15T22:16:10.672883,9.10,0.00,100.00,100.00
2026-05-15T22:16:10.776168,9.10,0.00,100.00,100.00
2026-05-15T22:16:10.879636,0.00,0.00,100.00,100.00
2026-05-15T22:16:10.982883,0.00,0.00,100.00,100.00
2026-05-15T22:16:11.086293,0.00,9.10,100.00,100.00
2026-05-15T22:16:11.189750,9.10,0.00,100.00,100.00
2026-05-15T22:16:11.293259,0.00,0.00,100.00,100.00
2026-05-15T22:16:11.396740,0.00,0.00,100.00,100.00
2026-05-15T22:16:11.500043,0.00,0.00,100.00,100.00
2026-05-15T22:16:11.604238,9.10,0.00,100.00,100.00
2026-05-15T22:16:11.707495,0.00,18.20,100.00,100.00
2026-05-15T22:16:11.810651,0.00,0.00,100.00,100.00
2026-05-15T22:16:11.913874,9.10,0.00,100.00,100.00
2026-05-15T22:16:12.017588,0.00,0.00,100.00,100.00
2026-05-15T22:16:12.121239,0.00,9.10,100.00,100.00
2026-05-15T22:16:12.224869,0.00,0.00,100.00,100.00
2026-05-15T22:16:12.331214,9.10,9.10,100.00,100.00
2026-05-15T22:16:12.434465,0.00,0.00,100.00,100.00
2026-05-15T22:16:12.538047,0.00,0.00,100.00,100.00
2026-05-15T22:16:12.642309,16.70,0.00,100.00,100.00
2026-05-15T22:16:12.745455,9.10,0.00,100.00,100.00
2026-05-15T22:16:12.848611,0.00,9.10,100.00,100.00
2026-05-15T22:16:12.951894,0.00,0.00,100.00,100.00
2026-05-15T22:16:13.055150,0.00,0.00,100.00,100.00
2026-05-15T22:16:13.158387,9.10,0.00,100.00,100.00
2026-05-15T22:16:13.261671,0.00,18.20,100.00,100.00
2026-05-15T22:16:13.365036,0.00,0.00,100.00,100.00
2026-05-15T22:16:13.468374,9.10,0.00,100.00,100.00
2026-05-15T22:16:13.571433,0.00,9.10,100.00,100.00
2026-05-15T22:16:13.675119,0.00,0.00,100.00,100.00
2026-05-15T22:16:13.778434,0.00,0.00,100.00,100.00
2026-05-15T22:16:13.881630,0.00,0.00,100.00,100.00
2026-05-15T22:16:13.985085,15.40,0.00,100.00,100.00
2026-05-15T22:16:14.088353,0.00,0.00,100.00,100.00
2026-05-15T22:16:14.191729,0.00,0.00,100.00,100.00
2026-05-15T22:16:14.295328,0.00,9.10,100.00,100.00
2026-05-15T22:16:14.398615,9.10,0.00,100.00,100.00
2026-05-15T22:16:14.501995,0.00,0.00,100.00,100.00
2026-05-15T22:16:14.605729,9.10,0.00,100.00,100.00
2026-05-15T22:16:14.709119,0.00,18.20,100.00,100.00
2026-05-15T22:16:14.812319,0.00,0.00,100.00,100.00
2026-05-15T22:16:14.915547,9.10,0.00,100.00,100.00
2026-05-15T22:16:15.018920,0.00,0.00,100.00,100.00
2026-05-15T22:16:15.122359,0.00,9.10,100.00,100.00
2026-05-15T22:16:15.225749,0.00,0.00,100.00,100.00
2026-05-15T22:16:15.329038,0.00,0.00,100.00,100.00
2026-05-15T22:16:15.432613,0.00,0.00,100.00,100.00
2026-05-15T22:16:15.535925,16.70,9.10,100.00,100.00
2026-05-15T22:16:15.639118,0.00,0.00,100.00,100.00
2026-05-15T22:16:15.742371,0.00,0.00,100.00,100.00
2026-05-15T22:16:15.845804,0.00,0.00,100.00,100.00
2026-05-15T22:16:15.949094,0.00,0.00,100.00,100.00
2026-05-15T22:16:16.052173,9.10,0.00,100.00,100.00
2026-05-15T22:16:16.155418,0.00,0.00,100.00,100.00
2026-05-15T22:16:16.258903,0.00,9.10,100.00,100.00
2026-05-15T22:16:16.362295,9.10,9.10,100.00,100.00
2026-05-15T22:16:16.466004,9.10,9.10,100.00,100.00
2026-05-15T22:16:16.569751,0.00,0.00,100.00,100.00
2026-05-15T22:16:16.672989,0.00,0.00,100.00,100.00
2026-05-15T22:16:16.776216,9.10,0.00,100.00,100.00
2026-05-15T22:16:16.879959,0.00,0.00,100.00,100.00
2026-05-15T22:16:16.983786,0.00,8.30,100.00,100.00
2026-05-15T22:16:17.087122,0.00,0.00,100.00,100.00
2026-05-15T22:16:17.190737,16.70,10.00,100.00,100.00
2026-05-15T22:16:17.293997,0.00,9.10,100.00,100.00
2026-05-15T22:16:17.397310,0.00,0.00,100.00,100.00
2026-05-15T22:16:17.500576,0.00,0.00,100.00,100.00
2026-05-15T22:16:17.603932,18.20,0.00,100.00,100.00
2026-05-15T22:16:17.707679,0.00,9.10,100.00,100.00
2026-05-15T22:16:17.811038,16.70,10.00,100.00,100.00
2026-05-15T22:16:17.914384,0.00,0.00,100.00,100.00
2026-05-15T22:16:18.017775,0.00,0.00,100.00,100.00
2026-05-15T22:16:18.121215,0.00,0.00,100.00,100.00
2026-05-15T22:16:18.224393,9.10,0.00,100.00,100.00
2026-05-15T22:16:18.328141,0.00,0.00,100.00,100.00
2026-05-15T22:16:18.431594,0.00,0.00,100.00,100.00
2026-05-15T22:16:18.535195,0.00,9.10,100.00,100.00
2026-05-15T22:16:18.638612,9.10,0.00,100.00,100.00
2026-05-15T22:16:18.742157,9.10,0.00,100.00,100.00
2026-05-15T22:16:18.845472,0.00,0.00,100.00,100.00
2026-05-15T22:16:18.948929,9.10,9.10,100.00,100.00
2026-05-15T22:16:19.052370,0.00,0.00,100.00,100.00
2026-05-15T22:16:19.155808,0.00,0.00,100.00,100.00
2026-05-15T22:16:19.258984,0.00,9.10,100.00,100.00
2026-05-15T22:16:19.362350,9.10,0.00,100.00,100.00
2026-05-15T22:16:19.465959,0.00,0.00,100.00,100.00
2026-05-15T22:16:19.569440,0.00,0.00,100.00,100.00
2026-05-15T22:16:19.673015,0.00,9.10,100.00,100.00
2026-05-15T22:16:19.776276,9.10,0.00,100.00,100.00
2026-05-15T22:16:19.879724,0.00,0.00,100.00,100.00
2026-05-15T22:16:19.982950,0.00,0.00,100.00,100.00
2026-05-15T22:16:20.086311,0.00,0.00,100.00,100.00
2026-05-15T22:16:20.189555,9.10,0.00,100.00,100.00
2026-05-15T22:16:20.292981,0.00,0.00,100.00,100.00
2026-05-15T22:16:20.396184,9.10,0.00,100.00,100.00
2026-05-15T22:16:20.499422,9.10,0.00,100.00,100.00
2026-05-15T22:16:20.602890,9.10,0.00,100.00,100.00
2026-05-15T22:16:20.706031,0.00,0.00,100.00,100.00
2026-05-15T22:16:20.809740,0.00,18.20,100.00,100.00
2026-05-15T22:16:20.913022,0.00,0.00,100.00,100.00
2026-05-15T22:16:21.016431,0.00,0.00,100.00,100.00
2026-05-15T22:16:21.119667,9.10,0.00,100.00,100.00
2026-05-15T22:16:21.225024,9.10,0.00,100.00,100.00
2026-05-15T22:16:21.328250,0.00,0.00,100.00,100.00
2026-05-15T22:16:21.431595,0.00,9.10,100.00,100.00
2026-05-15T22:16:21.534876,9.10,9.10,100.00,100.00
2026-05-15T22:16:21.638081,0.00,0.00,100.00,100.00
2026-05-15T22:16:21.741529,0.00,0.00,100.00,100.00
2026-05-15T22:16:21.845120,9.10,18.20,100.00,100.00
2026-05-15T22:16:21.948698,0.00,0.00,100.00,100.00
2026-05-15T22:16:22.052527,0.00,0.00,100.00,100.00
2026-05-15T22:16:22.156635,0.00,0.00,100.00,100.00
2026-05-15T22:16:22.260791,9.10,0.00,100.00,100.00
2026-05-15T22:16:22.364866,9.10,0.00,100.00,100.00
2026-05-15T22:16:22.468705,0.00,0.00,100.00,100.00
2026-05-15T22:16:22.572014,0.00,9.10,100.00,100.00
2026-05-15T22:16:22.675470,0.00,0.00,100.00,100.00
2026-05-15T22:16:22.778778,0.00,0.00,100.00,100.00
2026-05-15T22:16:22.882674,16.70,0.00,100.00,100.00
2026-05-15T22:16:22.986884,0.00,0.00,100.00,100.00
2026-05-15T22:16:23.090973,0.00,9.10,100.00,100.00
2026-05-15T22:16:23.194868,0.00,0.00,100.00,100.00
2026-05-15T22:16:23.298492,9.10,0.00,100.00,100.00
2026-05-15T22:16:23.401978,0.00,10.00,100.00,100.00
2026-05-15T22:16:23.505690,0.00,0.00,100.00,100.00
2026-05-15T22:16:23.609403,0.00,0.00,100.00,100.00
2026-05-15T22:16:23.713320,16.70,0.00,100.00,100.00
2026-05-15T22:16:23.816819,0.00,10.00,100.00,100.00
2026-05-15T22:16:23.920914,0.00,9.10,100.00,100.00
2026-05-15T22:16:24.024992,0.00,0.00,100.00,100.00
2026-05-15T22:16:24.128742,9.10,0.00,100.00,100.00
2026-05-15T22:16:24.232043,0.00,0.00,100.00,100.00
2026-05-15T22:16:24.335387,0.00,0.00,100.00,100.00
2026-05-15T22:16:24.438867,0.00,0.00,100.00,100.00
2026-05-15T22:16:24.542418,9.10,0.00,100.00,100.00
2026-05-15T22:16:24.645927,9.10,16.70,100.00,100.00
2026-05-15T22:16:24.749376,0.00,8.30,100.00,100.00
2026-05-15T22:16:24.852897,0.00,0.00,100.00,100.00
2026-05-15T22:16:24.956340,9.10,0.00,100.00,100.00
2026-05-15T22:16:25.060201,0.00,0.00,100.00,100.00
2026-05-15T22:16:25.164331,0.00,0.00,100.00,100.00
2026-05-15T22:16:25.268074,9.10,9.10,100.00,100.00
2026-05-15T22:16:25.371894,9.10,0.00,100.00,100.00
2026-05-15T22:16:25.475558,0.00,0.00,100.00,100.00
2026-05-15T22:16:25.579015,0.00,0.00,100.00,100.00
2026-05-15T22:16:25.682982,9.10,9.10,100.00,100.00
2026-05-15T22:16:25.786340,0.00,0.00,100.00,100.00
2026-05-15T22:16:25.889650,0.00,0.00,100.00,100.00
2026-05-15T22:16:25.993076,8.30,0.00,100.00,100.00
2026-05-15T22:16:26.096431,0.00,0.00,100.00,100.00
2026-05-15T22:16:26.199596,0.00,9.10,100.00,100.00
2026-05-15T22:16:26.302743,0.00,9.10,100.00,100.00
2026-05-15T22:16:26.405993,9.10,0.00,100.00,100.00
2026-05-15T22:16:26.509549,0.00,0.00,100.00,100.00
2026-05-15T22:16:26.612689,0.00,0.00,100.00,100.00
2026-05-15T22:16:26.716211,9.10,9.10,100.00,100.00
2026-05-15T22:16:26.819622,10.00,10.00,100.00,100.00
2026-05-15T22:16:26.922849,0.00,0.00,100.00,100.00
2026-05-15T22:16:27.026001,0.00,9.10,100.00,100.00
2026-05-15T22:16:27.129276,0.00,0.00,100.00,100.00
2026-05-15T22:16:27.232964,18.20,18.20,100.00,100.00
2026-05-15T22:16:27.336200,0.00,0.00,100.00,100.00
2026-05-15T22:16:27.439494,9.10,0.00,100.00,100.00
2026-05-15T22:16:27.542901,0.00,0.00,100.00,100.00
2026-05-15T22:16:27.646301,0.00,0.00,100.00,100.00
2026-05-15T22:16:27.749620,0.00,0.00,100.00,100.00
2026-05-15T22:16:27.853030,9.10,9.10,100.00,100.00
2026-05-15T22:16:27.956396,9.10,0.00,100.00,100.00
2026-05-15T22:16:28.059749,0.00,0.00,100.00,100.00
2026-05-15T22:16:28.162992,0.00,0.00,100.00,100.00
2026-05-15T22:16:28.266369,0.00,0.00,100.00,100.00
2026-05-15T22:16:28.369746,9.10,0.00,100.00,100.00
2026-05-15T22:16:28.473233,0.00,0.00,100.00,100.00
2026-05-15T22:16:28.576461,0.00,9.10,100.00,100.00
2026-05-15T22:16:28.679872,9.10,0.00,100.00,100.00
2026-05-15T22:16:28.783255,9.10,0.00,100.00,100.00
2026-05-15T22:16:28.886601,0.00,9.10,100.00,100.00
2026-05-15T22:16:28.989731,0.00,0.00,100.00,100.00
2026-05-15T22:16:29.093150,0.00,0.00,100.00,100.00
2026-05-15T22:16:29.196443,9.10,0.00,100.00,100.00
2026-05-15T22:16:29.299697,0.00,0.00,100.00,100.00
2026-05-15T22:16:29.403013,0.00,0.00,100.00,100.00
2026-05-15T22:16:29.506281,0.00,0.00,100.00,100.00
2026-05-15T22:16:29.609625,9.10,9.10,100.00,100.00
2026-05-15T22:16:29.712966,9.10,0.00,100.00,100.00
2026-05-15T22:16:29.816424,0.00,9.10,100.00,100.00
2026-05-15T22:16:29.919634,0.00,0.00,100.00,100.00
2026-05-15T22:16:30.022836,0.00,0.00,100.00,100.00
2026-05-15T22:16:30.126787,9.10,0.00,100.00,100.00
2026-05-15T22:16:30.230812,0.00,0.00,100.00,100.00
2026-05-15T22:16:30.334662,0.00,9.10,100.00,100.00
2026-05-15T22:16:30.438853,0.00,0.00,100.00,100.00
2026-05-15T22:16:30.542555,9.10,0.00,100.00,100.00
2026-05-15T22:16:30.645713,0.00,9.10,100.00,100.00
2026-05-15T22:16:30.748913,9.10,0.00,100.00,100.00
2026-05-15T22:16:30.852174,9.10,0.00,100.00,100.00
2026-05-15T22:16:30.955474,9.10,0.00,100.00,100.00
2026-05-15T22:16:31.058819,0.00,0.00,100.00,100.00
2026-05-15T22:16:31.162039,0.00,0.00,100.00,100.00
2026-05-15T22:16:31.265216,0.00,9.10,100.00,100.00
2026-05-15T22:16:31.368358,9.10,0.00,100.00,100.00
2026-05-15T22:16:31.471676,0.00,9.10,100.00,100.00
2026-05-15T22:16:31.574887,0.00,0.00,100.00,100.00
2026-05-15T22:16:31.678009,0.00,0.00,100.00,100.00
2026-05-15T22:16:31.781158,0.00,0.00,100.00,100.00
2026-05-15T22:16:31.884471,9.10,0.00,100.00,100.00
2026-05-15T22:16:31.987627,0.00,0.00,100.00,100.00
2026-05-15T22:16:32.090906,0.00,9.10,100.00,100.00
2026-05-15T22:16:32.194240,0.00,0.00,100.00,100.00
2026-05-15T22:16:32.297384,0.00,0.00,100.00,100.00
2026-05-15T22:16:32.400684,9.10,0.00,100.00,100.00
2026-05-15T22:16:32.503858,0.00,0.00,100.00,100.00
2026-05-15T22:16:32.607058,0.00,0.00,100.00,100.00
2026-05-15T22:16:32.710209,0.00,0.00,100.00,100.00
2026-05-15T22:16:32.813540,10.00,10.00,100.00,100.00
2026-05-15T22:16:32.916705,9.10,0.00,100.00,100.00
2026-05-15T22:16:33.019816,0.00,0.00,100.00,100.00
2026-05-15T22:16:33.123256,16.70,0.00,100.00,100.00
2026-05-15T22:16:33.226811,0.00,9.10,100.00,100.00
2026-05-15T22:16:33.330010,0.00,0.00,100.00,100.00
2026-05-15T22:16:33.433243,0.00,0.00,100.00,100.00
2026-05-15T22:16:33.536617,9.10,9.10,100.00,100.00
2026-05-15T22:16:33.640044,0.00,0.00,100.00,100.00
2026-05-15T22:16:33.743154,0.00,0.00,100.00,100.00
2026-05-15T22:16:33.846488,0.00,0.00,100.00,100.00
2026-05-15T22:16:33.949751,0.00,0.00,100.00,100.00
2026-05-15T22:16:34.053269,9.10,0.00,100.00,100.00
2026-05-15T22:16:34.156538,0.00,0.00,100.00,100.00
2026-05-15T22:16:34.259793,0.00,0.00,100.00,100.00
2026-05-15T22:16:34.363058,0.00,9.10,100.00,100.00
2026-05-15T22:16:34.466674,9.10,0.00,100.00,100.00
2026-05-15T22:16:34.570361,0.00,0.00,100.00,100.00
2026-05-15T22:16:34.673755,9.10,0.00,100.00,100.00
2026-05-15T22:16:34.777186,0.00,0.00,100.00,100.00
2026-05-15T22:16:34.880483,0.00,0.00,100.00,100.00
2026-05-15T22:16:34.983805,9.10,0.00,100.00,100.00
2026-05-15T22:16:35.087105,0.00,0.00,100.00,100.00
2026-05-15T22:16:35.190613,16.70,9.10,100.00,100.00
2026-05-15T22:16:35.294147,0.00,10.00,100.00,100.00
2026-05-15T22:16:35.397400,0.00,0.00,100.00,100.00
2026-05-15T22:16:35.500800,9.10,0.00,100.00,100.00
2026-05-15T22:16:35.604504,0.00,16.70,100.00,100.00
2026-05-15T22:16:35.707915,0.00,0.00,100.00,100.00
2026-05-15T22:16:35.811286,9.10,9.10,100.00,100.00
2026-05-15T22:16:35.914543,0.00,10.00,100.00,100.00
2026-05-15T22:16:36.017954,0.00,0.00,100.00,100.00
2026-05-15T22:16:36.121544,0.00,0.00,100.00,100.00
2026-05-15T22:16:36.225144,0.00,0.00,100.00,100.00
2026-05-15T22:16:36.329229,0.00,9.10,100.00,100.00
2026-05-15T22:16:36.432443,9.10,0.00,100.00,100.00
2026-05-15T22:16:36.535689,0.00,0.00,100.00,100.00
2026-05-15T22:16:36.638982,9.10,9.10,100.00,100.00
2026-05-15T22:16:36.742481,9.10,0.00,100.00,100.00
2026-05-15T22:16:36.845980,9.10,0.00,100.00,100.00
2026-05-15T22:16:36.949263,0.00,0.00,100.00,100.00
2026-05-15T22:16:37.052464,0.00,9.10,100.00,100.00
2026-05-15T22:16:37.155571,0.00,0.00,100.00,100.00
2026-05-15T22:16:37.258673,9.10,0.00,100.00,100.00
2026-05-15T22:16:37.362065,0.00,9.10,100.00,100.00
2026-05-15T22:16:37.465401,0.00,0.00,100.00,100.00
2026-05-15T22:16:37.568871,0.00,0.00,100.00,100.00
2026-05-15T22:16:37.672295,0.00,9.10,100.00,100.00
2026-05-15T22:16:37.775716,0.00,9.10,100.00,100.00
2026-05-15T22:16:37.879089,0.00,0.00,100.00,100.00
2026-05-15T22:16:37.982785,0.00,0.00,100.00,100.00
2026-05-15T22:16:38.086197,8.30,9.10,100.00,100.00
2026-05-15T22:16:38.189621,0.00,0.00,100.00,100.00
2026-05-15T22:16:38.293074,0.00,0.00,100.00,100.00
2026-05-15T22:16:38.396584,0.00,0.00,100.00,100.00
2026-05-15T22:16:38.500117,0.00,0.00,100.00,100.00
2026-05-15T22:16:38.603418,9.10,0.00,100.00,100.00
2026-05-15T22:16:38.706738,16.70,9.10,100.00,100.00
2026-05-15T22:16:38.810007,0.00,0.00,100.00,100.00
2026-05-15T22:16:38.913218,9.10,11.10,100.00,100.00
2026-05-15T22:16:39.016683,0.00,0.00,100.00,100.00
2026-05-15T22:16:39.119859,0.00,9.10,100.00,100.00
2026-05-15T22:16:39.223111,0.00,0.00,100.00,100.00
2026-05-15T22:16:39.326364,9.10,9.10,100.00,100.00
2026-05-15T22:16:39.429625,0.00,0.00,100.00,100.00
2026-05-15T22:16:39.532681,0.00,0.00,100.00,100.00
2026-05-15T22:16:39.635885,10.00,9.10,100.00,100.00
2026-05-15T22:16:39.739230,0.00,0.00,100.00,100.00
2026-05-15T22:16:39.842610,9.10,0.00,100.00,100.00
2026-05-15T22:16:39.945939,0.00,0.00,100.00,100.00
2026-05-15T22:16:40.049333,0.00,0.00,100.00,100.00
2026-05-15T22:16:40.152682,0.00,0.00,100.00,100.00
2026-05-15T22:16:40.256069,9.10,0.00,100.00,100.00
2026-05-15T22:16:40.359590,0.00,0.00,100.00,100.00
2026-05-15T22:16:40.462879,0.00,0.00,100.00,100.00
2026-05-15T22:16:40.566289,0.00,0.00,100.00,100.00
2026-05-15T22:16:40.669721,9.10,0.00,100.00,100.00
2026-05-15T22:16:40.773159,9.10,9.10,100.00,100.00
2026-05-15T22:16:40.876492,0.00,0.00,100.00,100.00
2026-05-15T22:16:40.979738,0.00,0.00,100.00,100.00
2026-05-15T22:16:41.083078,0.00,0.00,100.00,100.00
2026-05-15T22:16:41.186310,9.10,0.00,100.00,100.00
2026-05-15T22:16:41.289611,0.00,0.00,100.00,100.00
2026-05-15T22:16:41.393003,0.00,0.00,100.00,100.00
2026-05-15T22:16:41.496268,9.10,0.00,100.00,100.00
2026-05-15T22:16:41.599670,0.00,9.10,100.00,100.00
2026-05-15T22:16:41.703046,9.10,0.00,100.00,100.00
2026-05-15T22:16:41.809496,9.10,0.00,100.00,100.00
2026-05-15T22:16:41.912963,9.10,18.20,100.00,100.00
2026-05-15T22:16:42.016212,10.00,10.00,100.00,100.00
2026-05-15T22:16:42.119706,0.00,0.00,100.00,100.00
2026-05-15T22:16:42.222957,0.00,0.00,100.00,100.00
2026-05-15T22:16:42.326385,0.00,0.00,100.00,100.00
2026-05-15T22:16:42.429660,0.00,9.10,100.00,100.00
2026-05-15T22:16:42.533000,8.30,0.00,100.00,100.00
2026-05-15T22:16:42.636247,0.00,0.00,100.00,100.00
2026-05-15T22:16:42.739626,0.00,9.10,100.00,100.00
2026-05-15T22:16:42.842948,9.10,0.00,100.00,100.00
2026-05-15T22:16:42.946483,0.00,0.00,100.00,100.00
2026-05-15T22:16:43.049816,9.10,0.00,100.00,100.00
2026-05-15T22:16:43.153052,0.00,0.00,100.00,100.00
2026-05-15T22:16:43.256510,0.00,9.10,100.00,100.00
2026-05-15T22:16:43.360089,9.10,0.00,100.00,100.00
2026-05-15T22:16:43.463660,0.00,0.00,100.00,100.00
2026-05-15T22:16:43.566983,0.00,0.00,100.00,100.00
2026-05-15T22:16:43.670525,0.00,0.00,100.00,100.00
2026-05-15T22:16:43.773829,0.00,0.00,100.00,100.00
2026-05-15T22:16:43.877294,9.10,9.10,100.00,100.00
2026-05-15T22:16:43.980567,0.00,0.00,100.00,100.00
2026-05-15T22:16:44.083931,0.00,0.00,100.00,100.00
2026-05-15T22:16:44.187340,0.00,0.00,100.00,100.00
2026-05-15T22:16:44.290639,8.30,0.00,100.00,100.00
2026-05-15T22:16:44.393918,0.00,0.00,100.00,100.00
2026-05-15T22:16:44.497424,0.00,0.00,100.00,100.00
2026-05-15T22:16:44.600877,0.00,9.10,100.00,100.00
2026-05-15T22:16:44.703965,9.10,0.00,100.00,100.00
2026-05-15T22:16:44.807536,9.10,0.00,100.00,100.00
2026-05-15T22:16:44.910934,0.00,10.00,100.00,100.00
2026-05-15T22:16:45.014141,0.00,0.00,100.00,100.00
2026-05-15T22:16:45.117332,16.70,9.10,100.00,100.00
2026-05-15T22:16:45.220694,0.00,0.00,100.00,100.00
2026-05-15T22:16:45.323981,0.00,0.00,100.00,100.00
2026-05-15T22:16:45.427386,0.00,0.00,100.00,100.00
2026-05-15T22:16:45.530701,0.00,0.00,100.00,100.00
2026-05-15T22:16:45.633975,9.10,0.00,100.00,100.00
2026-05-15T22:16:45.737505,0.00,0.00,100.00,100.00
2026-05-15T22:16:45.840731,0.00,16.70,100.00,100.00
2026-05-15T22:16:45.944020,0.00,9.10,100.00,100.00
2026-05-15T22:16:46.047455,0.00,0.00,100.00,100.00
2026-05-15T22:16:46.150809,0.00,0.00,100.00,100.00
2026-05-15T22:16:46.254097,9.10,0.00,100.00,100.00
2026-05-15T22:16:46.357314,0.00,0.00,100.00,100.00
2026-05-15T22:16:46.460940,9.10,0.00,100.00,100.00
2026-05-15T22:16:46.564196,9.10,0.00,100.00,100.00
2026-05-15T22:16:46.667272,0.00,0.00,100.00,100.00
2026-05-15T22:16:46.770587,0.00,0.00,100.00,100.00
2026-05-15T22:16:46.874006,9.10,8.30,100.00,100.00
2026-05-15T22:16:46.977313,0.00,0.00,100.00,100.00
2026-05-15T22:16:47.080613,0.00,0.00,100.00,100.00
2026-05-15T22:16:47.183864,9.10,9.10,100.00,100.00
2026-05-15T22:16:47.287174,9.10,0.00,100.00,100.00
2026-05-15T22:16:47.390371,0.00,0.00,100.00,100.00
2026-05-15T22:16:47.493596,0.00,0.00,100.00,100.00
2026-05-15T22:16:47.596879,9.10,9.10,100.00,100.00
2026-05-15T22:16:47.700348,0.00,0.00,100.00,100.00
2026-05-15T22:16:47.803733,0.00,0.00,100.00,100.00
2026-05-15T22:16:47.906960,0.00,18.20,100.00,100.00
2026-05-15T22:16:48.010177,9.10,0.00,100.00,100.00
2026-05-15T22:16:48.113408,0.00,0.00,100.00,100.00
2026-05-15T22:16:48.216891,9.10,0.00,100.00,100.00
2026-05-15T22:16:48.320302,9.10,0.00,100.00,100.00
2026-05-15T22:16:48.423602,0.00,0.00,100.00,100.00
2026-05-15T22:16:48.527113,9.10,0.00,100.00,100.00
2026-05-15T22:16:48.631811,0.00,9.10,100.00,100.00
2026-05-15T22:16:48.735235,0.00,0.00,100.00,100.00
2026-05-15T22:16:48.838612,0.00,9.10,100.00,100.00
2026-05-15T22:16:48.941857,9.10,0.00,100.00,100.00
2026-05-15T22:16:49.045139,0.00,0.00,100.00,100.00
2026-05-15T22:16:49.148387,0.00,0.00,100.00,100.00
2026-05-15T22:16:49.251750,9.10,0.00,100.00,100.00
2026-05-15T22:16:49.355065,0.00,0.00,100.00,100.00
2026-05-15T22:16:49.458713,0.00,9.10,100.00,100.00
2026-05-15T22:16:49.562463,0.00,0.00,100.00,100.00
2026-05-15T22:16:49.665896,16.70,0.00,100.00,100.00
2026-05-15T22:16:49.769402,0.00,0.00,100.00,100.00
2026-05-15T22:16:49.872528,0.00,0.00,100.00,100.00
2026-05-15T22:16:49.975602,0.00,0.00,100.00,100.00
2026-05-15T22:16:50.078878,0.00,9.10,100.00,100.00
2026-05-15T22:16:50.182123,9.10,0.00,100.00,100.00
2026-05-15T22:16:50.285377,9.10,0.00,100.00,100.00
2026-05-15T22:16:50.388849,0.00,0.00,100.00,100.00
2026-05-15T22:16:50.492698,0.00,0.00,100.00,100.00
2026-05-15T22:16:50.596591,9.10,0.00,100.00,100.00
2026-05-15T22:16:50.699808,9.10,0.00,100.00,100.00
2026-05-15T22:16:50.803246,0.00,0.00,100.00,100.00
2026-05-15T22:16:50.907961,0.00,18.20,100.00,100.00
2026-05-15T22:16:51.011241,9.10,0.00,100.00,100.00
2026-05-15T22:16:51.114749,0.00,0.00,100.00,100.00
2026-05-15T22:16:51.218173,0.00,0.00,100.00,100.00
2026-05-15T22:16:51.321633,0.00,9.10,100.00,100.00
2026-05-15T22:16:51.425070,9.10,0.00,100.00,100.00
2026-05-15T22:16:51.528587,0.00,0.00,100.00,100.00
2026-05-15T22:16:51.632008,0.00,0.00,100.00,100.00
2026-05-15T22:16:51.735390,16.70,9.10,100.00,100.00
2026-05-15T22:16:51.838655,20.00,10.00,100.00,100.00
2026-05-15T22:16:51.941813,0.00,0.00,100.00,100.00
2026-05-15T22:16:52.045148,0.00,9.10,100.00,100.00
2026-05-15T22:16:52.148488,0.00,0.00,100.00,100.00
2026-05-15T22:16:52.251708,9.10,0.00,100.00,100.00
2026-05-15T22:16:52.354929,0.00,0.00,100.00,100.00
2026-05-15T22:16:52.458197,0.00,0.00,100.00,100.00
2026-05-15T22:16:52.561449,0.00,0.00,100.00,100.00
2026-05-15T22:16:52.665074,16.70,9.10,100.00,100.00
2026-05-15T22:16:52.768201,0.00,0.00,100.00,100.00
2026-05-15T22:16:52.871591,0.00,0.00,100.00,100.00
2026-05-15T22:16:52.974804,0.00,9.10,100.00,100.00
2026-05-15T22:16:53.078126,9.10,0.00,100.00,100.00
2026-05-15T22:16:53.181304,0.00,0.00,100.00,100.00
2026-05-15T22:16:53.284819,0.00,0.00,100.00,100.00
2026-05-15T22:16:53.388151,9.10,0.00,100.00,100.00
2026-05-15T22:16:53.491437,0.00,0.00,100.00,100.00
2026-05-15T22:16:53.594665,0.00,0.00,100.00,100.00
2026-05-15T22:16:53.698083,0.00,9.10,100.00,100.00
2026-05-15T22:16:53.801221,9.10,0.00,100.00,100.00
2026-05-15T22:16:53.904566,0.00,0.00,100.00,100.00
2026-05-15T22:16:54.007919,16.70,10.00,100.00,100.00
2026-05-15T22:16:54.111043,0.00,0.00,100.00,100.00
2026-05-15T22:16:54.214428,0.00,0.00,100.00,100.00
2026-05-15T22:16:54.317743,9.10,8.30,100.00,100.00
2026-05-15T22:16:54.420956,0.00,0.00,100.00,100.00
2026-05-15T22:16:54.524186,0.00,0.00,100.00,100.00
2026-05-15T22:16:54.627421,0.00,0.00,100.00,100.00
2026-05-15T22:16:54.730634,10.00,10.00,100.00,100.00
2026-05-15T22:16:54.834215,0.00,0.00,100.00,100.00
2026-05-15T22:16:54.937745,0.00,0.00,100.00,100.00
2026-05-15T22:16:55.041071,10.00,0.00,100.00,100.00
2026-05-15T22:16:55.144512,0.00,9.10,100.00,100.00
2026-05-15T22:16:55.248201,0.00,0.00,100.00,100.00
2026-05-15T22:16:55.351512,0.00,9.10,100.00,100.00
2026-05-15T22:16:55.454863,9.10,0.00,100.00,100.00
2026-05-15T22:16:55.558340,0.00,0.00,100.00,100.00
2026-05-15T22:16:55.661541,0.00,9.10,100.00,100.00
2026-05-15T22:16:55.765007,9.10,9.10,100.00,100.00
2026-05-15T22:16:55.868207,0.00,0.00,100.00,100.00
2026-05-15T22:16:55.971366,0.00,0.00,100.00,100.00
2026-05-15T22:16:56.074540,9.10,0.00,100.00,100.00
2026-05-15T22:16:56.177610,0.00,0.00,100.00,100.00
2026-05-15T22:16:56.280917,0.00,0.00,100.00,100.00
2026-05-15T22:16:56.384138,0.00,0.00,100.00,100.00
2026-05-15T22:16:56.487399,9.10,0.00,100.00,100.00
2026-05-15T22:16:56.590655,0.00,8.30,100.00,100.00
2026-05-15T22:16:56.694100,9.10,0.00,100.00,100.00
2026-05-15T22:16:56.797260,0.00,0.00,100.00,100.00
2026-05-15T22:16:56.900562,0.00,0.00,100.00,100.00
2026-05-15T22:16:57.003747,9.10,18.20,100.00,100.00
2026-05-15T22:16:57.106919,9.10,0.00,100.00,100.00
2026-05-15T22:16:57.210029,0.00,0.00,100.00,100.00
2026-05-15T22:16:57.313363,10.00,20.00,100.00,100.00
2026-05-15T22:16:57.416610,0.00,0.00,100.00,100.00
2026-05-15T22:16:57.519860,0.00,0.00,100.00,100.00
2026-05-15T22:16:57.623186,0.00,9.10,100.00,100.00
2026-05-15T22:16:57.726362,16.70,0.00,100.00,100.00
2026-05-15T22:16:57.829598,0.00,9.10,100.00,100.00
2026-05-15T22:16:57.932782,0.00,0.00,100.00,100.00
2026-05-15T22:16:58.036143,0.00,0.00,100.00,100.00
2026-05-15T22:16:58.139450,0.00,0.00,100.00,100.00
2026-05-15T22:16:58.242596,9.10,0.00,100.00,100.00
2026-05-15T22:16:58.345961,0.00,8.30,100.00,100.00
2026-05-15T22:16:58.449229,0.00,0.00,100.00,100.00
2026-05-15T22:16:58.552558,0.00,0.00,100.00,100.00
2026-05-15T22:16:58.655922,9.10,0.00,100.00,100.00
2026-05-15T22:16:58.759070,0.00,0.00,100.00,100.00
2026-05-15T22:16:58.862300,0.00,0.00,100.00,100.00
2026-05-15T22:16:58.965550,0.00,0.00,100.00,100.00
2026-05-15T22:16:59.068921,9.10,0.00,100.00,100.00
2026-05-15T22:16:59.172153,0.00,0.00,100.00,100.00
2026-05-15T22:16:59.275549,16.70,0.00,100.00,100.00
2026-05-15T22:16:59.378620,0.00,9.10,100.00,100.00
2026-05-15T22:16:59.481727,0.00,0.00,100.00,100.00
2026-05-15T22:16:59.584884,9.10,0.00,100.00,100.00
2026-05-15T22:16:59.688175,0.00,9.10,100.00,100.00
2026-05-15T22:16:59.791387,0.00,0.00,100.00,100.00
2026-05-15T22:16:59.894574,0.00,0.00,100.00,100.00
2026-05-15T22:16:59.997733,0.00,10.00,100.00,100.00
2026-05-15T22:17:00.101061,16.70,0.00,100.00,100.00
2026-05-15T22:17:00.204098,9.10,0.00,100.00,100.00
2026-05-15T22:17:00.307355,0.00,0.00,100.00,100.00
2026-05-15T22:17:00.410527,0.00,0.00,100.00,100.00
2026-05-15T22:17:00.513841,0.00,0.00,100.00,100.00
2026-05-15T22:17:00.617105,9.10,0.00,100.00,100.00
2026-05-15T22:17:00.720377,0.00,9.10,100.00,100.00
2026-05-15T22:17:00.823695,0.00,0.00,100.00,100.00
2026-05-15T22:17:00.926970,0.00,0.00,100.00,100.00
2026-05-15T22:17:01.030386,8.30,9.10,100.00,100.00
2026-05-15T22:17:01.133903,0.00,0.00,100.00,100.00
2026-05-15T22:17:01.237161,0.00,0.00,100.00,100.00
2026-05-15T22:17:01.340376,9.10,9.10,100.00,100.00
2026-05-15T22:17:01.443563,0.00,0.00,100.00,100.00
2026-05-15T22:17:01.546924,0.00,0.00,100.00,100.00
2026-05-15T22:17:01.650182,9.10,0.00,100.00,100.00
2026-05-15T22:17:01.753399,16.70,0.00,100.00,100.00
2026-05-15T22:17:01.856633,0.00,0.00,100.00,100.00
2026-05-15T22:17:01.960056,0.00,0.00,100.00,100.00
2026-05-15T22:17:02.063280,0.00,9.10,100.00,100.00
2026-05-15T22:17:02.166569,0.00,0.00,100.00,100.00
2026-05-15T22:17:02.270008,9.10,0.00,100.00,100.00
2026-05-15T22:17:02.373134,0.00,0.00,100.00,100.00
2026-05-15T22:17:02.476541,0.00,0.00,100.00,100.00
2026-05-15T22:17:02.579727,0.00,9.10,100.00,100.00
2026-05-15T22:17:02.683065,9.10,0.00,100.00,100.00
2026-05-15T22:17:02.786596,0.00,0.00,100.00,100.00
2026-05-15T22:17:02.889873,0.00,0.00,100.00,100.00
2026-05-15T22:17:02.993271,9.10,10.00,100.00,100.00
2026-05-15T22:17:03.096492,0.00,0.00,100.00,100.00
2026-05-15T22:17:03.199612,9.10,0.00,100.00,100.00
2026-05-15T22:17:03.303246,0.00,10.00,100.00,100.00
2026-05-15T22:17:03.406545,16.70,0.00,100.00,100.00
2026-05-15T22:17:03.510374,0.00,0.00,100.00,100.00
2026-05-15T22:17:03.614056,0.00,9.10,100.00,100.00
2026-05-15T22:17:03.717476,9.10,9.10,100.00,100.00
2026-05-15T22:17:03.820799,0.00,0.00,100.00,100.00
2026-05-15T22:17:03.924490,9.10,0.00,100.00,100.00
2026-05-15T22:17:04.027738,0.00,0.00,100.00,100.00
2026-05-15T22:17:04.131147,0.00,0.00,100.00,100.00
2026-05-15T22:17:04.234410,0.00,0.00,100.00,100.00
2026-05-15T22:17:04.337728,9.10,8.30,100.00,100.00
2026-05-15T22:17:04.440928,0.00,0.00,100.00,100.00
2026-05-15T22:17:04.544238,0.00,0.00,100.00,100.00
2026-05-15T22:17:04.647610,0.00,9.10,100.00,100.00
2026-05-15T22:17:04.751218,9.10,0.00,100.00,100.00
2026-05-15T22:17:04.854363,0.00,0.00,100.00,100.00
2026-05-15T22:17:04.957660,0.00,0.00,100.00,100.00
2026-05-15T22:17:05.060886,10.00,0.00,100.00,100.00
2026-05-15T22:17:05.164315,16.70,0.00,100.00,100.00
2026-05-15T22:17:05.267580,0.00,9.10,100.00,100.00
2026-05-15T22:17:05.371028,0.00,0.00,100.00,100.00
2026-05-15T22:17:05.474365,0.00,0.00,100.00,100.00
2026-05-15T22:17:05.577694,9.10,0.00,100.00,100.00
2026-05-15T22:17:05.681085,0.00,9.10,100.00,100.00
2026-05-15T22:17:05.784350,0.00,0.00,100.00,100.00
2026-05-15T22:17:05.887626,0.00,0.00,100.00,100.00
2026-05-15T22:17:05.991174,9.10,10.00,100.00,100.00
2026-05-15T22:17:06.094482,0.00,0.00,100.00,100.00
2026-05-15T22:17:06.197810,0.00,0.00,100.00,100.00
2026-05-15T22:17:06.301160,0.00,0.00,100.00,100.00
2026-05-15T22:17:06.404597,9.10,0.00,100.00,100.00
2026-05-15T22:17:06.508071,0.00,9.10,100.00,100.00
2026-05-15T22:17:06.611331,0.00,9.10,100.00,100.00
2026-05-15T22:17:06.714817,23.10,0.00,100.00,100.00
2026-05-15T22:17:06.818156,0.00,0.00,100.00,100.00
2026-05-15T22:17:06.921605,0.00,0.00,100.00,100.00
2026-05-15T22:17:07.024701,0.00,0.00,100.00,100.00
2026-05-15T22:17:07.128006,0.00,0.00,100.00,100.00
2026-05-15T22:17:07.231305,0.00,9.10,100.00,100.00
2026-05-15T22:17:07.334788,9.10,10.00,100.00,100.00
2026-05-15T22:17:07.438312,0.00,0.00,100.00,100.00
2026-05-15T22:17:07.541797,0.00,0.00,100.00,100.00
2026-05-15T22:17:07.645255,0.00,9.10,100.00,100.00
2026-05-15T22:17:07.748775,9.10,0.00,100.00,100.00
2026-05-15T22:17:07.852141,0.00,0.00,100.00,100.00
2026-05-15T22:17:07.955551,0.00,0.00,100.00,100.00
2026-05-15T22:17:08.059038,0.00,0.00,100.00,100.00
2026-05-15T22:17:08.162246,9.10,0.00,100.00,100.00
2026-05-15T22:17:08.265749,0.00,0.00,100.00,100.00
2026-05-15T22:17:08.369195,0.00,9.10,100.00,100.00
2026-05-15T22:17:08.472417,0.00,0.00,100.00,100.00
2026-05-15T22:17:08.575854,0.00,0.00,100.00,100.00
2026-05-15T22:17:08.679350,16.70,9.10,100.00,100.00
2026-05-15T22:17:08.782748,0.00,0.00,100.00,100.00
2026-05-15T22:17:08.886211,0.00,0.00,100.00,100.00
2026-05-15T22:17:08.989684,0.00,0.00,100.00,100.00
2026-05-15T22:17:09.093015,9.10,18.20,100.00,100.00
2026-05-15T22:17:09.196489,0.00,0.00,100.00,100.00
2026-05-15T22:17:09.299854,0.00,0.00,100.00,100.00
2026-05-15T22:17:09.403892,9.10,0.00,100.00,100.00
2026-05-15T22:17:09.507427,9.10,0.00,100.00,100.00
2026-05-15T22:17:09.901368,33.30,37.80,100.00,59.00
2026-05-15T22:17:10.005329,0.00,9.10,100.00,100.00
2026-05-15T22:17:10.109487,0.00,0.00,100.00,100.00
2026-05-15T22:17:10.213164,0.00,0.00,100.00,100.00
2026-05-15T22:17:10.316965,16.70,0.00,100.00,100.00
2026-05-15T22:17:10.420577,0.00,0.00,100.00,100.00
2026-05-15T22:17:10.524027,0.00,0.00,100.00,100.00
2026-05-15T22:17:10.627474,0.00,0.00,100.00,100.00
2026-05-15T22:17:10.731417,9.10,9.10,100.00,100.00
2026-05-15T22:17:10.834783,0.00,9.10,100.00,100.00
2026-05-15T22:17:10.937974,0.00,0.00,100.00,100.00
2026-05-15T22:17:11.041277,9.10,0.00,100.00,100.00
2026-05-15T22:17:11.144705,0.00,0.00,100.00,100.00
2026-05-15T22:17:11.248011,0.00,0.00,100.00,100.00
2026-05-15T22:17:11.351341,0.00,0.00,100.00,100.00
2026-05-15T22:17:11.454710,0.00,9.10,100.00,100.00
2026-05-15T22:17:11.557875,9.10,0.00,100.00,100.00
2026-05-15T22:17:11.661288,0.00,0.00,100.00,100.00
2026-05-15T22:17:11.764581,9.10,0.00,100.00,100.00
2026-05-15T22:17:11.867690,0.00,9.10,100.00,100.00
2026-05-15T22:17:11.970979,0.00,9.10,100.00,100.00
2026-05-15T22:17:12.074627,9.10,0.00,100.00,100.00
2026-05-15T22:17:12.178140,0.00,0.00,100.00,100.00
2026-05-15T22:17:12.281344,9.10,0.00,100.00,100.00
2026-05-15T22:17:12.384780,0.00,9.10,100.00,100.00
2026-05-15T22:17:12.488417,9.10,0.00,100.00,100.00
2026-05-15T22:17:12.591753,0.00,0.00,100.00,100.00
2026-05-15T22:17:12.695323,0.00,9.10,100.00,100.00
2026-05-15T22:17:12.798572,0.00,9.10,100.00,100.00
2026-05-15T22:17:12.902048,16.70,0.00,100.00,100.00
2026-05-15T22:17:13.005778,0.00,0.00,100.00,100.00
2026-05-15T22:17:13.109252,0.00,0.00,100.00,100.00
2026-05-15T22:17:13.212648,9.10,0.00,100.00,100.00
2026-05-15T22:17:13.316454,0.00,0.00,100.00,100.00
2026-05-15T22:17:13.419969,0.00,9.10,100.00,100.00
2026-05-15T22:17:13.523341,0.00,0.00,100.00,100.00
2026-05-15T22:17:13.626703,0.00,0.00,100.00,100.00
2026-05-15T22:17:13.729942,9.10,0.00,100.00,100.00
2026-05-15T22:17:13.833332,0.00,0.00,100.00,100.00
2026-05-15T22:17:13.936483,0.00,0.00,100.00,100.00
2026-05-15T22:17:14.039874,0.00,0.00,100.00,100.00
2026-05-15T22:17:14.143241,9.10,0.00,100.00,100.00
2026-05-15T22:17:14.246343,9.10,0.00,100.00,100.00
2026-05-15T22:17:14.350330,0.00,0.00,100.00,100.00
2026-05-15T22:17:14.453738,0.00,16.70,100.00,100.00
2026-05-15T22:17:14.557257,9.10,0.00,100.00,100.00
2026-05-15T22:17:14.660750,0.00,0.00,100.00,100.00
2026-05-15T22:17:14.764077,0.00,0.00,100.00,100.00
2026-05-15T22:17:14.867245,0.00,0.00,100.00,100.00
2026-05-15T22:17:14.970377,9.10,0.00,100.00,100.00
2026-05-15T22:17:15.073579,10.00,10.00,100.00,100.00
2026-05-15T22:17:15.176791,0.00,9.10,100.00,100.00
2026-05-15T22:17:15.280449,9.10,9.10,100.00,100.00
2026-05-15T22:17:15.383707,0.00,0.00,100.00,100.00
2026-05-15T22:17:15.486949,9.10,0.00,100.00,100.00
2026-05-15T22:17:15.590109,0.00,0.00,100.00,100.00
2026-05-15T22:17:15.693644,0.00,9.10,100.00,100.00
2026-05-15T22:17:15.796794,9.10,0.00,100.00,100.00
2026-05-15T22:17:15.900002,0.00,0.00,100.00,100.00
2026-05-15T22:17:16.003253,0.00,0.00,100.00,100.00
2026-05-15T22:17:16.106432,0.00,0.00,100.00,100.00
2026-05-15T22:17:16.209686,16.70,0.00,100.00,100.00
2026-05-15T22:17:16.313059,0.00,0.00,100.00,100.00
2026-05-15T22:17:16.416229,0.00,0.00,100.00,100.00
2026-05-15T22:17:16.519550,9.10,9.10,100.00,100.00
2026-05-15T22:17:16.622811,0.00,0.00,100.00,100.00
2026-05-15T22:17:16.726223,0.00,0.00,100.00,100.00
2026-05-15T22:17:16.829477,0.00,0.00,100.00,100.00
2026-05-15T22:17:16.932729,9.10,0.00,100.00,100.00
2026-05-15T22:17:17.036190,0.00,0.00,100.00,100.00
2026-05-15T22:17:17.140010,0.00,9.10,100.00,100.00
2026-05-15T22:17:17.243297,0.00,0.00,100.00,100.00
2026-05-15T22:17:17.346608,16.70,10.00,100.00,100.00
2026-05-15T22:17:17.449893,0.00,0.00,100.00,100.00
2026-05-15T22:17:17.553123,0.00,0.00,100.00,100.00
2026-05-15T22:17:17.656493,0.00,9.10,100.00,100.00
2026-05-15T22:17:17.759618,0.00,0.00,100.00,100.00
2026-05-15T22:17:17.862824,0.00,0.00,100.00,100.00
2026-05-15T22:17:17.966038,0.00,0.00,100.00,100.00
2026-05-15T22:17:18.069898,18.20,10.00,100.00,100.00
