timestamp,core0,core1,core2,core3
2026-05-13T15:09:21.862469,12.30,8.10,11.00,16.70
2026-05-13T15:09:22.149133,27.60,18.50,42.90,100.00
2026-05-13T15:09:22.252505,9.10,9.10,100.00,100.00
2026-05-13T15:09:22.355904,9.10,9.10,100.00,100.00
2026-05-13T15:09:22.459227,10.00,0.00,100.00,100.00
2026-05-13T15:09:22.562539,0.00,0.00,100.00,100.00
2026-05-13T15:09:22.665981,16.70,0.00,100.00,100.00
2026-05-13T15:09:22.769568,8.30,10.00,100.00,100.00
2026-05-13T15:09:22.873012,0.00,0.00,100.00,100.00
2026-05-13T15:09:22.976498,9.10,0.00,100.00,100.00
2026-05-13T15:09:23.079599,0.00,9.10,100.00,100.00
2026-05-13T15:09:23.182809,0.00,0.00,100.00,100.00
2026-05-13T15:09:23.285865,0.00,0.00,100.00,100.00
2026-05-13T15:09:23.388897,0.00,0.00,100.00,100.00
2026-05-13T15:09:23.492127,0.00,9.10,100.00,100.00
2026-05-13T15:09:23.595249,16.70,0.00,100.00,100.00
2026-05-13T15:09:23.698369,0.00,0.00,100.00,100.00
2026-05-13T15:09:23.801376,0.00,0.00,100.00,100.00
2026-05-13T15:09:23.904507,0.00,0.00,100.00,100.00
2026-05-13T15:09:24.007652,0.00,0.00,100.00,100.00
2026-05-13T15:09:24.110684,9.10,0.00,100.00,100.00
2026-05-13T15:09:24.213882,9.10,0.00,100.00,100.00
2026-05-13T15:09:24.317549,0.00,0.00,100.00,100.00
2026-05-13T15:09:24.420952,9.10,16.70,100.00,100.00
2026-05-13T15:09:24.524295,9.10,0.00,100.00,100.00
2026-05-13T15:09:24.627670,0.00,0.00,100.00,100.00
2026-05-13T15:09:24.730991,0.00,0.00,100.00,100.00
2026-05-13T15:09:24.834273,9.10,0.00,100.00,100.00
2026-05-13T15:09:24.937536,0.00,0.00,100.00,100.00
2026-05-13T15:09:25.040830,0.00,9.10,100.00,100.00
2026-05-13T15:09:25.143975,0.00,0.00,100.00,100.00
2026-05-13T15:09:25.247278,0.00,0.00,100.00,100.00
2026-05-13T15:09:25.350485,0.00,0.00,100.00,100.00
2026-05-13T15:09:25.453762,9.10,0.00,100.00,100.00
2026-05-13T15:09:25.557142,0.00,0.00,100.00,100.00
2026-05-13T15:09:25.660537,0.00,0.00,100.00,100.00
2026-05-13T15:09:25.763915,0.00,0.00,100.00,100.00
2026-05-13T15:09:25.867296,16.70,0.00,100.00,100.00
2026-05-13T15:09:25.970702,9.10,10.00,100.00,100.00
2026-05-13T15:09:26.073996,9.10,16.70,100.00,100.00
2026-05-13T15:09:26.177340,0.00,9.10,100.00,100.00
2026-05-13T15:09:26.280727,0.00,0.00,100.00,100.00
2026-05-13T15:09:26.383804,0.00,0.00,100.00,100.00
2026-05-13T15:09:26.487540,9.10,0.00,100.00,100.00
2026-05-13T15:09:26.590803,0.00,0.00,100.00,100.00
2026-05-13T15:09:26.694019,0.00,9.10,100.00,100.00
2026-05-13T15:09:26.797338,0.00,0.00,100.00,100.00
2026-05-13T15:09:26.900553,0.00,0.00,100.00,100.00
2026-05-13T15:09:27.003652,0.00,0.00,100.00,100.00
2026-05-13T15:09:27.107142,9.10,0.00,100.00,100.00
2026-05-13T15:09:27.210363,0.00,0.00,100.00,100.00
2026-05-13T15:09:27.313692,0.00,0.00,100.00,100.00
2026-05-13T15:09:27.416943,0.00,9.10,100.00,100.00
2026-05-13T15:09:27.520068,9.10,0.00,100.00,100.00
2026-05-13T15:09:27.623544,0.00,10.00,100.00,100.00
2026-05-13T15:09:27.727568,20.00,10.00,100.00,100.00
2026-05-13T15:09:27.830823,0.00,0.00,100.00,100.00
2026-05-13T15:09:27.936544,0.00,9.10,100.00,100.00
2026-05-13T15:09:28.040922,0.00,10.00,100.00,100.00
2026-05-13T15:09:28.143955,9.10,0.00,100.00,100.00
2026-05-13T15:09:28.247180,0.00,10.00,100.00,100.00
2026-05-13T15:09:28.350233,18.20,0.00,100.00,100.00
2026-05-13T15:09:28.453547,0.00,0.00,100.00,100.00
2026-05-13T15:09:28.556823,9.10,0.00,100.00,100.00
2026-05-13T15:09:28.659953,9.10,0.00,100.00,100.00
2026-05-13T15:09:28.763266,0.00,9.10,100.00,100.00
2026-05-13T15:09:28.866422,0.00,0.00,100.00,100.00
2026-05-13T15:09:28.969559,9.10,0.00,100.00,100.00
2026-05-13T15:09:29.072541,0.00,0.00,100.00,100.00
2026-05-13T15:09:29.175760,0.00,0.00,100.00,100.00
2026-05-13T15:09:29.278781,0.00,0.00,100.00,100.00
2026-05-13T15:09:29.381923,9.10,9.10,100.00,100.00
2026-05-13T15:09:29.484987,9.10,0.00,100.00,100.00
2026-05-13T15:09:29.588173,0.00,0.00,100.00,100.00
2026-05-13T15:09:29.691342,0.00,0.00,100.00,100.00
2026-05-13T15:09:29.794498,0.00,0.00,100.00,100.00
2026-05-13T15:09:29.897720,0.00,0.00,100.00,100.00
2026-05-13T15:09:30.001140,9.10,0.00,100.00,100.00
2026-05-13T15:09:30.104711,0.00,0.00,100.00,100.00
2026-05-13T15:09:30.207850,0.00,8.30,100.00,100.00
2026-05-13T15:09:30.311142,0.00,0.00,100.00,100.00
2026-05-13T15:09:30.414523,10.00,0.00,100.00,100.00
2026-05-13T15:09:30.517792,0.00,9.10,100.00,100.00
2026-05-13T15:09:30.620906,9.10,0.00,100.00,100.00
2026-05-13T15:09:30.724307,0.00,0.00,100.00,100.00
2026-05-13T15:09:30.827563,9.10,9.10,100.00,100.00
2026-05-13T15:09:30.930664,0.00,0.00,100.00,100.00
2026-05-13T15:09:31.033692,0.00,0.00,100.00,100.00
2026-05-13T15:09:31.136766,0.00,0.00,100.00,100.00
2026-05-13T15:09:31.240045,16.70,0.00,100.00,100.00
2026-05-13T15:09:31.343203,9.10,0.00,100.00,100.00
2026-05-13T15:09:31.446292,0.00,9.10,100.00,100.00
2026-05-13T15:09:31.549543,0.00,0.00,100.00,100.00
2026-05-13T15:09:31.652817,0.00,0.00,100.00,100.00
2026-05-13T15:09:31.755788,0.00,0.00,100.00,100.00
2026-05-13T15:09:31.858837,9.10,9.10,100.00,100.00
2026-05-13T15:09:31.961869,9.10,0.00,100.00,100.00
2026-05-13T15:09:32.065016,0.00,0.00,100.00,100.00
2026-05-13T15:09:32.168131,0.00,0.00,100.00,100.00
2026-05-13T15:09:32.271552,0.00,9.10,100.00,100.00
2026-05-13T15:09:32.374840,9.10,0.00,100.00,100.00
2026-05-13T15:09:32.478159,0.00,9.10,100.00,100.00
2026-05-13T15:09:32.581768,0.00,0.00,100.00,100.00
2026-05-13T15:09:32.685125,0.00,9.10,100.00,100.00
2026-05-13T15:09:32.788453,0.00,9.10,100.00,100.00
2026-05-13T15:09:32.891596,9.10,0.00,100.00,100.00
2026-05-13T15:09:32.994783,10.00,0.00,100.00,100.00
2026-05-13T15:09:33.098202,25.00,0.00,100.00,100.00
2026-05-13T15:09:33.201452,18.20,0.00,100.00,100.00
2026-05-13T15:09:33.305141,27.30,25.00,100.00,100.00
2026-05-13T15:09:33.408424,20.00,0.00,100.00,100.00
2026-05-13T15:09:33.511682,30.80,0.00,100.00,100.00
2026-05-13T15:09:33.614906,27.30,10.00,100.00,100.00
2026-05-13T15:09:33.718049,18.20,0.00,100.00,100.00
2026-05-13T15:09:33.821277,20.00,0.00,100.00,100.00
2026-05-13T15:09:33.924831,18.20,10.00,100.00,100.00
2026-05-13T15:09:34.028244,0.00,0.00,100.00,100.00
2026-05-13T15:09:34.131462,25.00,0.00,100.00,100.00
2026-05-13T15:09:34.235577,11.10,11.10,100.00,100.00
2026-05-13T15:09:34.338902,25.00,20.00,100.00,100.00
2026-05-13T15:09:34.442027,20.00,18.20,100.00,100.00
2026-05-13T15:09:34.545603,18.20,0.00,100.00,100.00
2026-05-13T15:09:34.649951,10.00,0.00,100.00,100.00
2026-05-13T15:09:34.754019,11.10,11.10,100.00,100.00
2026-05-13T15:09:34.857709,25.00,0.00,100.00,100.00
2026-05-13T15:09:34.962439,20.00,0.00,100.00,100.00
2026-05-13T15:09:35.066646,11.10,20.00,100.00,100.00
2026-05-13T15:09:35.170534,18.20,10.00,100.00,100.00
2026-05-13T15:09:35.273825,10.00,0.00,100.00,100.00
2026-05-13T15:09:35.377236,27.30,0.00,100.00,100.00
2026-05-13T15:09:35.480848,10.00,20.00,100.00,100.00
2026-05-13T15:09:35.585556,18.20,0.00,100.00,100.00
2026-05-13T15:09:35.689590,10.00,10.00,100.00,100.00
2026-05-13T15:09:35.793184,27.30,11.10,100.00,100.00
2026-05-13T15:09:35.896907,20.00,11.10,100.00,100.00
2026-05-13T15:09:36.000198,10.00,10.00,100.00,100.00
2026-05-13T15:09:36.104331,18.20,11.10,100.00,100.00
2026-05-13T15:09:36.207763,18.20,11.10,100.00,100.00
2026-05-13T15:09:36.311413,27.30,0.00,100.00,100.00
2026-05-13T15:09:36.415613,10.00,20.00,100.00,100.00
2026-05-13T15:09:36.518776,10.00,10.00,100.00,100.00
2026-05-13T15:09:36.622144,18.20,0.00,100.00,100.00
2026-05-13T15:09:36.725454,27.30,11.10,100.00,100.00
2026-05-13T15:09:36.829637,25.00,11.10,100.00,100.00
2026-05-13T15:09:36.933511,10.00,0.00,100.00,100.00
2026-05-13T15:09:37.036727,10.00,11.10,100.00,100.00
2026-05-13T15:09:37.140130,20.00,0.00,100.00,100.00
2026-05-13T15:09:37.244077,25.00,10.00,100.00,100.00
2026-05-13T15:09:37.347213,18.20,20.00,100.00,100.00
2026-05-13T15:09:37.450556,27.30,0.00,100.00,100.00
2026-05-13T15:09:37.553671,10.00,0.00,100.00,100.00
2026-05-13T15:09:37.656831,27.30,20.00,100.00,100.00
2026-05-13T15:09:37.759976,10.00,0.00,100.00,100.00
2026-05-13T15:09:37.863343,18.20,10.00,100.00,100.00
2026-05-13T15:09:37.966641,20.00,11.10,100.00,100.00
2026-05-13T15:09:38.070924,18.20,10.00,100.00,100.00
2026-05-13T15:09:38.174361,10.00,11.10,100.00,100.00
2026-05-13T15:09:38.277895,18.20,0.00,100.00,100.00
2026-05-13T15:09:38.381423,30.00,11.10,100.00,100.00
2026-05-13T15:09:38.485108,33.30,20.00,100.00,100.00
2026-05-13T15:09:38.589749,20.00,11.10,100.00,100.00
2026-05-13T15:09:38.693118,10.00,10.00,100.00,100.00
2026-05-13T15:09:38.796420,10.00,0.00,100.00,100.00
2026-05-13T15:09:38.899668,20.00,10.00,100.00,100.00
2026-05-13T15:09:39.002895,18.20,0.00,100.00,100.00
2026-05-13T15:09:39.106328,25.00,10.00,100.00,100.00
2026-05-13T15:09:39.210356,11.10,11.10,100.00,100.00
2026-05-13T15:09:39.313596,25.00,0.00,100.00,100.00
2026-05-13T15:09:39.417181,20.00,0.00,100.00,100.00
2026-05-13T15:09:39.520475,10.00,11.10,100.00,100.00
2026-05-13T15:09:39.624444,10.00,0.00,100.00,100.00
2026-05-13T15:09:39.728686,20.00,10.00,100.00,100.00
2026-05-13T15:09:39.831990,10.00,0.00,100.00,100.00
2026-05-13T15:09:39.935383,18.20,0.00,100.00,100.00
2026-05-13T15:09:40.038743,0.00,0.00,100.00,100.00
2026-05-13T15:09:40.142297,25.00,0.00,100.00,100.00
2026-05-13T15:09:40.246130,10.00,10.00,100.00,100.00
2026-05-13T15:09:40.349990,11.10,10.00,100.00,100.00
2026-05-13T15:09:40.453567,10.00,0.00,100.00,100.00
2026-05-13T15:09:40.556913,10.00,0.00,100.00,100.00
2026-05-13T15:09:40.660118,18.20,10.00,100.00,100.00
2026-05-13T15:09:40.763672,20.00,11.10,100.00,100.00
2026-05-13T15:09:40.867149,10.00,0.00,100.00,100.00
2026-05-13T15:09:40.971068,10.00,0.00,100.00,100.00
2026-05-13T15:09:41.074511,25.00,0.00,100.00,100.00
2026-05-13T15:09:41.177905,10.00,0.00,100.00,100.00
2026-05-13T15:09:41.281162,0.00,0.00,100.00,100.00
2026-05-13T15:09:41.384392,18.20,0.00,100.00,100.00
2026-05-13T15:09:41.487808,10.00,10.00,100.00,100.00
2026-05-13T15:09:41.591179,10.00,0.00,100.00,100.00
2026-05-13T15:09:41.694488,18.20,0.00,100.00,100.00
2026-05-13T15:09:41.798116,10.00,10.00,100.00,100.00
2026-05-13T15:09:41.902110,10.00,0.00,100.00,100.00
2026-05-13T15:09:42.005567,11.10,0.00,100.00,100.00
2026-05-13T15:09:42.109449,10.00,10.00,100.00,100.00
2026-05-13T15:09:42.212712,18.20,0.00,100.00,100.00
2026-05-13T15:09:42.315888,10.00,10.00,100.00,100.00
2026-05-13T15:09:42.419639,18.20,10.00,100.00,100.00
2026-05-13T15:09:42.523371,10.00,0.00,100.00,100.00
2026-05-13T15:09:42.627069,10.00,0.00,100.00,100.00
2026-05-13T15:09:42.730449,10.00,10.00,100.00,100.00
2026-05-13T15:09:42.833697,18.20,0.00,100.00,100.00
2026-05-13T15:09:42.937010,18.20,0.00,100.00,100.00
2026-05-13T15:09:43.040274,10.00,10.00,100.00,100.00
2026-05-13T15:09:43.143880,10.00,11.10,100.00,100.00
2026-05-13T15:09:43.247142,10.00,0.00,100.00,100.00
2026-05-13T15:09:43.350478,18.20,0.00,100.00,100.00
2026-05-13T15:09:43.453566,18.20,0.00,100.00,100.00
2026-05-13T15:09:43.556971,10.00,0.00,100.00,100.00
2026-05-13T15:09:43.660238,10.00,10.00,100.00,100.00
2026-05-13T15:09:43.763498,10.00,0.00,100.00,100.00
2026-05-13T15:09:43.866662,10.00,0.00,100.00,100.00
2026-05-13T15:09:43.970111,18.20,0.00,100.00,100.00
2026-05-13T15:09:44.073713,10.00,0.00,100.00,100.00
2026-05-13T15:09:44.176939,18.20,0.00,100.00,100.00
2026-05-13T15:09:44.280385,10.00,10.00,100.00,100.00
2026-05-13T15:09:44.383664,18.20,10.00,100.00,100.00
2026-05-13T15:09:44.487107,25.00,0.00,100.00,100.00
2026-05-13T15:09:44.590543,10.00,0.00,100.00,100.00
2026-05-13T15:09:44.693818,10.00,0.00,100.00,100.00
2026-05-13T15:09:44.797460,27.30,10.00,100.00,100.00
2026-05-13T15:09:44.900910,10.00,0.00,100.00,100.00
2026-05-13T15:09:45.004485,18.20,0.00,100.00,100.00
2026-05-13T15:09:45.107908,10.00,0.00,100.00,100.00
2026-05-13T15:09:45.211347,20.00,0.00,100.00,100.00
2026-05-13T15:09:45.315002,18.20,0.00,100.00,100.00
2026-05-13T15:09:45.418603,18.20,0.00,100.00,100.00
2026-05-13T15:09:45.521836,11.10,18.20,100.00,100.00
2026-05-13T15:09:45.624970,30.80,11.10,100.00,100.00
2026-05-13T15:09:45.728409,18.20,0.00,100.00,100.00
2026-05-13T15:09:45.831794,18.20,0.00,100.00,100.00
2026-05-13T15:09:45.935174,10.00,0.00,100.00,100.00
2026-05-13T15:09:46.038780,10.00,0.00,100.00,100.00
2026-05-13T15:09:46.142014,18.20,0.00,100.00,100.00
2026-05-13T15:09:46.245322,18.20,10.00,100.00,100.00
2026-05-13T15:09:46.348655,10.00,0.00,100.00,100.00
2026-05-13T15:09:46.451851,10.00,10.00,100.00,100.00
2026-05-13T15:09:46.555525,18.20,10.00,100.00,100.00
2026-05-13T15:09:46.658857,10.00,0.00,100.00,100.00
2026-05-13T15:09:46.762435,25.00,0.00,100.00,100.00
2026-05-13T15:09:46.865547,18.20,0.00,100.00,100.00
2026-05-13T15:09:46.968613,11.10,0.00,100.00,100.00
2026-05-13T15:09:47.071882,18.20,0.00,100.00,100.00
2026-05-13T15:09:47.175683,18.20,0.00,100.00,100.00
2026-05-13T15:09:47.278901,10.00,10.00,100.00,100.00
2026-05-13T15:09:47.382270,10.00,10.00,100.00,100.00
2026-05-13T15:09:47.485862,10.00,0.00,100.00,100.00
2026-05-13T15:09:47.589020,10.00,0.00,100.00,100.00
2026-05-13T15:09:47.692400,27.30,0.00,100.00,100.00
2026-05-13T15:09:47.795612,10.00,0.00,100.00,100.00
2026-05-13T15:09:47.898722,10.00,0.00,100.00,100.00
2026-05-13T15:09:48.003028,33.30,14.30,100.00,100.00
2026-05-13T15:09:48.107570,37.50,42.90,100.00,100.00
2026-05-13T15:09:48.211520,28.60,42.90,100.00,100.00
2026-05-13T15:09:48.316031,42.90,28.60,100.00,100.00
2026-05-13T15:09:48.420533,37.50,50.00,100.00,100.00
2026-05-13T15:09:48.524685,37.50,33.30,100.00,100.00
2026-05-13T15:09:48.629120,28.60,20.00,100.00,100.00
2026-05-13T15:09:48.733480,28.60,44.40,100.00,100.00
2026-05-13T15:09:48.837492,44.40,33.30,100.00,100.00
2026-05-13T15:09:48.942533,28.60,33.30,100.00,100.00
2026-05-13T15:09:49.047414,50.00,28.60,100.00,100.00
2026-05-13T15:09:49.152054,16.70,42.90,100.00,100.00
2026-05-13T15:09:49.256583,37.50,42.90,100.00,100.00
2026-05-13T15:09:49.361684,28.60,33.30,100.00,100.00
2026-05-13T15:09:49.466611,33.30,37.50,100.00,100.00
2026-05-13T15:09:49.572000,37.50,42.90,100.00,100.00
2026-05-13T15:09:49.677438,55.60,42.90,100.00,100.00
2026-05-13T15:09:49.782947,20.00,42.90,100.00,100.00
2026-05-13T15:09:49.888474,50.00,50.00,100.00,100.00
2026-05-13T15:09:49.993885,37.50,50.00,100.00,100.00
2026-05-13T15:09:50.098881,33.30,42.90,100.00,100.00
2026-05-13T15:09:50.204386,37.50,62.50,100.00,100.00
2026-05-13T15:09:50.308997,42.90,37.50,100.00,100.00
2026-05-13T15:09:50.420042,50.00,50.00,100.00,100.00
2026-05-13T15:09:50.524829,55.60,50.00,100.00,100.00
2026-05-13T15:09:50.630413,33.30,62.50,100.00,100.00
2026-05-13T15:09:50.735473,37.50,20.00,100.00,100.00
2026-05-13T15:09:50.839675,37.50,62.50,100.00,100.00
2026-05-13T15:09:50.943611,50.00,50.00,100.00,100.00
2026-05-13T15:09:51.049607,28.60,20.00,100.00,100.00
2026-05-13T15:09:51.154186,42.90,50.00,100.00,100.00
2026-05-13T15:09:51.258677,42.90,33.30,100.00,100.00
2026-05-13T15:09:51.362913,28.60,42.90,100.00,100.00
2026-05-13T15:09:51.467592,33.30,28.60,100.00,100.00
2026-05-13T15:09:51.572266,28.60,33.30,100.00,100.00
2026-05-13T15:09:51.677930,28.60,37.50,100.00,100.00
2026-05-13T15:09:51.782410,33.30,50.00,100.00,100.00
2026-05-13T15:09:51.888063,37.50,16.70,100.00,100.00
2026-05-13T15:09:51.992897,33.30,50.00,100.00,100.00
2026-05-13T15:09:52.096928,37.50,20.00,100.00,100.00
2026-05-13T15:09:52.201649,28.60,37.50,100.00,100.00
2026-05-13T15:09:52.306716,28.60,33.30,100.00,100.00
2026-05-13T15:09:52.413461,42.90,50.00,100.00,100.00
2026-05-13T15:09:52.517699,42.90,50.00,100.00,100.00
2026-05-13T15:09:52.622839,50.00,28.60,100.00,100.00
2026-05-13T15:09:52.727786,33.30,33.30,100.00,100.00
2026-05-13T15:09:52.834022,37.50,50.00,100.00,100.00
2026-05-13T15:09:52.939781,33.30,50.00,100.00,100.00
2026-05-13T15:09:53.045493,37.50,33.30,100.00,100.00
2026-05-13T15:09:53.149871,42.90,50.00,100.00,100.00
2026-05-13T15:09:53.255036,50.00,42.90,100.00,100.00
2026-05-13T15:09:53.359940,16.70,37.50,100.00,100.00
2026-05-13T15:09:53.464601,33.30,42.90,100.00,100.00
2026-05-13T15:09:53.569565,37.50,16.70,100.00,100.00
2026-05-13T15:09:53.675747,50.00,50.00,100.00,100.00
2026-05-13T15:09:53.780970,20.00,28.60,100.00,100.00
2026-05-13T15:09:53.885259,37.50,33.30,100.00,100.00
2026-05-13T15:09:53.990024,16.70,33.30,100.00,100.00
2026-05-13T15:09:54.095103,20.00,37.50,100.00,100.00
2026-05-13T15:09:54.200057,37.50,42.90,100.00,100.00
2026-05-13T15:09:54.305682,28.60,42.90,100.00,100.00
2026-05-13T15:09:54.410122,42.90,33.30,100.00,100.00
2026-05-13T15:09:54.516223,20.00,44.40,100.00,100.00
2026-05-13T15:09:54.621266,37.50,33.30,100.00,100.00
2026-05-13T15:09:54.726780,28.60,28.60,100.00,100.00
2026-05-13T15:09:54.832035,28.60,42.90,100.00,100.00
2026-05-13T15:09:54.936981,50.00,28.60,100.00,100.00
2026-05-13T15:09:55.042853,16.70,33.30,100.00,100.00
2026-05-13T15:09:55.147400,44.40,44.40,100.00,100.00
2026-05-13T15:09:55.251644,20.00,20.00,100.00,100.00
2026-05-13T15:09:55.356477,37.50,44.40,100.00,100.00
2026-05-13T15:09:55.460537,42.90,33.30,100.00,100.00
2026-05-13T15:09:55.564651,33.30,16.70,100.00,100.00
2026-05-13T15:09:55.673674,44.40,50.00,100.00,100.00
2026-05-13T15:09:55.778258,42.90,50.00,100.00,100.00
2026-05-13T15:09:55.883481,42.90,42.90,100.00,100.00
2026-05-13T15:09:55.987901,42.90,42.90,100.00,100.00
2026-05-13T15:09:56.091732,50.00,50.00,100.00,100.00
2026-05-13T15:09:56.196023,28.60,50.00,100.00,100.00
2026-05-13T15:09:56.300940,28.60,28.60,100.00,100.00
2026-05-13T15:09:56.404942,42.90,33.30,100.00,100.00
2026-05-13T15:09:56.509442,28.60,50.00,100.00,100.00
2026-05-13T15:09:56.613476,42.90,16.70,100.00,100.00
2026-05-13T15:09:56.718608,37.50,33.30,100.00,100.00
2026-05-13T15:09:56.823068,28.60,42.90,100.00,100.00
2026-05-13T15:09:56.928343,20.00,28.60,100.00,100.00
2026-05-13T15:09:57.033622,28.60,33.30,100.00,100.00
2026-05-13T15:09:57.139048,44.40,37.50,100.00,100.00
2026-05-13T15:09:57.243470,28.60,42.90,100.00,100.00
2026-05-13T15:09:57.348653,33.30,42.90,100.00,100.00
2026-05-13T15:09:57.453962,37.50,28.60,100.00,100.00
2026-05-13T15:09:57.558645,28.60,42.90,100.00,100.00
2026-05-13T15:09:57.664934,40.00,42.90,100.00,100.00
2026-05-13T15:09:57.769659,37.50,28.60,100.00,100.00
2026-05-13T15:09:57.874688,37.50,42.90,100.00,100.00
2026-05-13T15:09:57.980544,37.50,28.60,100.00,100.00
2026-05-13T15:09:58.086327,33.30,44.40,100.00,100.00
2026-05-13T15:09:58.191588,37.50,33.30,100.00,100.00
2026-05-13T15:09:58.296060,33.30,28.60,100.00,100.00
2026-05-13T15:09:58.400428,33.30,50.00,100.00,100.00
2026-05-13T15:09:58.505123,37.50,42.90,100.00,100.00
2026-05-13T15:09:58.609504,42.90,28.60,100.00,100.00
2026-05-13T15:09:58.713598,28.60,33.30,100.00,100.00
2026-05-13T15:09:58.818741,28.60,28.60,100.00,100.00
2026-05-13T15:09:58.923626,50.00,33.30,100.00,100.00
2026-05-13T15:09:59.028920,16.70,42.90,100.00,100.00
2026-05-13T15:09:59.133508,33.30,37.50,100.00,100.00
2026-05-13T15:09:59.238951,28.60,33.30,100.00,100.00
2026-05-13T15:09:59.344170,42.90,37.50,100.00,100.00
2026-05-13T15:09:59.448829,28.60,42.90,100.00,100.00
2026-05-13T15:09:59.553724,28.60,44.40,100.00,100.00
2026-05-13T15:09:59.658104,42.90,20.00,100.00,100.00
2026-05-13T15:09:59.763327,20.00,44.40,100.00,100.00
2026-05-13T15:09:59.868537,28.60,42.90,100.00,100.00
2026-05-13T15:09:59.973488,42.90,33.30,100.00,100.00
2026-05-13T15:10:00.079135,37.50,42.90,100.00,100.00
2026-05-13T15:10:00.185452,33.30,37.50,100.00,100.00
2026-05-13T15:10:00.291127,16.70,33.30,100.00,100.00
2026-05-13T15:10:00.396041,33.30,37.50,100.00,100.00
2026-05-13T15:10:00.501129,44.40,33.30,100.00,100.00
2026-05-13T15:10:00.605785,33.30,33.30,100.00,100.00
2026-05-13T15:10:00.711371,28.60,37.50,100.00,100.00
2026-05-13T15:10:00.816720,20.00,42.90,100.00,100.00
2026-05-13T15:10:00.922706,37.50,28.60,100.00,100.00
2026-05-13T15:10:01.027587,28.60,33.30,100.00,100.00
2026-05-13T15:10:01.132383,50.00,37.50,100.00,100.00
2026-05-13T15:10:01.237748,28.60,50.00,100.00,100.00
2026-05-13T15:10:01.343050,42.90,33.30,100.00,100.00
2026-05-13T15:10:01.447863,37.50,44.40,100.00,100.00
2026-05-13T15:10:01.553006,42.90,16.70,100.00,100.00
2026-05-13T15:10:01.658121,33.30,42.90,100.00,100.00
2026-05-13T15:10:01.763452,16.70,28.60,100.00,100.00
2026-05-13T15:10:01.868749,50.00,33.30,100.00,100.00
2026-05-13T15:10:01.973837,28.60,42.90,100.00,100.00
2026-05-13T15:10:02.078506,42.90,37.50,100.00,100.00
2026-05-13T15:10:02.183852,28.60,33.30,100.00,100.00
2026-05-13T15:10:02.287693,37.50,33.30,100.00,100.00
2026-05-13T15:10:02.391884,42.90,50.00,100.00,100.00
2026-05-13T15:10:02.496154,16.70,28.60,100.00,100.00
2026-05-13T15:10:02.600570,42.90,33.30,100.00,100.00
2026-05-13T15:10:02.705241,37.50,37.50,100.00,100.00
2026-05-13T15:10:02.809447,33.30,42.90,100.00,100.00
2026-05-13T15:10:02.913966,28.60,42.90,100.00,100.00
2026-05-13T15:10:03.114312,89.50,95.50,100.00,100.00
2026-05-13T15:10:03.219176,90.00,100.00,80.00,100.00
2026-05-13T15:10:03.324651,70.00,75.00,70.00,100.00
2026-05-13T15:10:03.429489,77.80,70.00,77.80,100.00
2026-05-13T15:10:03.534705,70.00,70.00,57.10,100.00
2026-05-13T15:10:03.640807,75.00,75.00,66.70,100.00
2026-05-13T15:10:03.746027,70.00,70.00,62.50,100.00
2026-05-13T15:10:03.850524,66.70,71.40,62.50,100.00
2026-05-13T15:10:03.955143,80.00,66.70,66.70,100.00
2026-05-13T15:10:04.060418,66.70,62.50,66.70,100.00
2026-05-13T15:10:04.165563,75.00,77.80,62.50,100.00
2026-05-13T15:10:04.270882,80.00,88.90,87.50,100.00
2026-05-13T15:10:04.376188,80.00,81.80,72.70,100.00
2026-05-13T15:10:04.481249,80.00,85.70,75.00,100.00
2026-05-13T15:10:04.586873,62.50,70.00,70.00,100.00
2026-05-13T15:10:04.692079,75.00,77.80,62.50,100.00
2026-05-13T15:10:04.797865,66.70,66.70,62.50,100.00
2026-05-13T15:10:04.902300,77.80,75.00,70.00,100.00
2026-05-13T15:10:05.007762,66.70,72.70,57.10,100.00
2026-05-13T15:10:05.112494,75.00,57.10,62.50,100.00
2026-05-13T15:10:05.216945,66.70,77.80,62.50,100.00
2026-05-13T15:10:05.321463,66.70,66.70,66.70,100.00
2026-05-13T15:10:05.426634,71.40,75.00,57.10,100.00
2026-05-13T15:10:05.531581,62.50,66.70,66.70,100.00
2026-05-13T15:10:05.636353,70.00,62.50,70.00,100.00
2026-05-13T15:10:05.741262,71.40,70.00,75.00,100.00
2026-05-13T15:10:05.846126,70.00,77.80,62.50,100.00
2026-05-13T15:10:05.950990,71.40,62.50,62.50,100.00
2026-05-13T15:10:06.055686,66.70,66.70,62.50,100.00
2026-05-13T15:10:06.160995,62.50,77.80,66.70,100.00
2026-05-13T15:10:06.266025,66.70,62.50,62.50,100.00
2026-05-13T15:10:06.371485,77.80,90.00,80.00,100.00
2026-05-13T15:10:06.476547,70.00,62.50,62.50,100.00
2026-05-13T15:10:06.581693,71.40,66.70,70.00,100.00
2026-05-13T15:10:06.687454,66.70,77.80,70.00,100.00
2026-05-13T15:10:06.792169,70.00,66.70,57.10,100.00
2026-05-13T15:10:06.896732,75.00,66.70,66.70,100.00
2026-05-13T15:10:07.001463,70.00,66.70,66.70,100.00
2026-05-13T15:10:07.106053,66.70,72.70,70.00,100.00
2026-05-13T15:10:07.211616,71.40,75.00,62.50,100.00
2026-05-13T15:10:07.316450,75.00,77.80,77.80,100.00
2026-05-13T15:10:07.421269,75.00,66.70,55.60,100.00
2026-05-13T15:10:07.527170,66.70,66.70,71.40,100.00
2026-05-13T15:10:07.632744,75.00,72.70,66.70,100.00
2026-05-13T15:10:07.739866,81.80,88.90,77.80,100.00
2026-05-13T15:10:07.845004,80.00,77.80,62.50,100.00
2026-05-13T15:10:07.950637,77.80,80.00,75.00,100.00
2026-05-13T15:10:08.056343,66.70,77.80,70.00,100.00
2026-05-13T15:10:08.161965,77.80,80.00,75.00,100.00
2026-05-13T15:10:08.267393,66.70,66.70,66.70,100.00
2026-05-13T15:10:08.372275,77.80,77.80,66.70,100.00
2026-05-13T15:10:08.477940,66.70,66.70,62.50,100.00
2026-05-13T15:10:08.583749,77.80,72.70,80.00,100.00
2026-05-13T15:10:08.688986,75.00,87.50,62.50,100.00
2026-05-13T15:10:08.793882,77.80,77.80,77.80,100.00
2026-05-13T15:10:08.898770,75.00,77.80,66.70,100.00
2026-05-13T15:10:09.006061,80.00,77.80,71.40,100.00
2026-05-13T15:10:09.112982,80.00,80.00,62.50,100.00
2026-05-13T15:10:09.220039,70.00,80.00,80.00,100.00
2026-05-13T15:10:09.327463,75.00,80.00,75.00,100.00
2026-05-13T15:10:09.432973,77.80,75.00,60.00,100.00
2026-05-13T15:10:09.537762,80.00,66.70,75.00,100.00
2026-05-13T15:10:09.643019,62.50,77.80,62.50,100.00
2026-05-13T15:10:09.747910,77.80,70.00,70.00,100.00
2026-05-13T15:10:09.853254,77.80,77.80,62.50,100.00
2026-05-13T15:10:09.958131,70.00,77.80,75.00,100.00
2026-05-13T15:10:10.063715,77.80,77.80,62.50,100.00
2026-05-13T15:10:10.169802,80.00,80.00,77.80,100.00
2026-05-13T15:10:10.276115,77.80,75.00,70.00,100.00
2026-05-13T15:10:10.382514,81.80,81.80,75.00,100.00
2026-05-13T15:10:10.488312,77.80,75.00,80.00,100.00
2026-05-13T15:10:10.593850,77.80,88.90,66.70,100.00
2026-05-13T15:10:10.699746,77.80,80.00,77.80,100.00
2026-05-13T15:10:10.804949,66.70,66.70,66.70,100.00
2026-05-13T15:10:10.911140,77.80,77.80,62.50,100.00
2026-05-13T15:10:11.016077,66.70,80.00,62.50,100.00
2026-05-13T15:10:11.121664,80.00,70.00,70.00,100.00
2026-05-13T15:10:11.226514,62.50,62.50,62.50,100.00
2026-05-13T15:10:11.331415,70.00,70.00,66.70,100.00
2026-05-13T15:10:11.436017,71.40,75.00,71.40,100.00
2026-05-13T15:10:11.541719,70.00,66.70,66.70,100.00
2026-05-13T15:10:11.647605,71.40,75.00,62.50,100.00
2026-05-13T15:10:11.752573,70.00,72.70,62.50,100.00
2026-05-13T15:10:11.858199,75.00,87.50,77.80,100.00
2026-05-13T15:10:11.964432,80.00,81.80,77.80,100.00
2026-05-13T15:10:12.069554,75.00,77.80,62.50,100.00
2026-05-13T15:10:12.174863,70.00,66.70,66.70,100.00
2026-05-13T15:10:12.280006,71.40,75.00,62.50,100.00
2026-05-13T15:10:12.385472,80.00,80.00,75.00,100.00
2026-05-13T15:10:12.491033,70.00,71.40,62.50,100.00
2026-05-13T15:10:12.596130,75.00,66.70,77.80,100.00
2026-05-13T15:10:12.701891,70.00,80.00,62.50,100.00
2026-05-13T15:10:12.807200,77.80,75.00,66.70,100.00
2026-05-13T15:10:12.912633,77.80,80.00,77.80,100.00
2026-05-13T15:10:13.017454,77.80,77.80,70.00,100.00
2026-05-13T15:10:13.123726,66.70,70.00,62.50,100.00
2026-05-13T15:10:13.228877,80.00,88.90,81.80,100.00
2026-05-13T15:10:13.333965,75.00,77.80,77.80,100.00
2026-05-13T15:10:13.439139,88.90,77.80,62.50,100.00
2026-05-13T15:10:13.544810,80.00,77.80,80.00,100.00
2026-05-13T15:10:13.649892,66.70,70.00,57.10,100.00
2026-05-13T15:10:13.754941,66.70,75.00,70.00,100.00
2026-05-13T15:10:13.860058,75.00,70.00,66.70,100.00
2026-05-13T15:10:13.964530,75.00,75.00,66.70,100.00
2026-05-13T15:10:14.069838,77.80,72.70,70.00,100.00
2026-05-13T15:10:14.174701,75.00,77.80,71.40,100.00
2026-05-13T15:10:14.280703,75.00,57.10,62.50,100.00
2026-05-13T15:10:14.387422,70.00,72.70,70.00,100.00
2026-05-13T15:10:14.493362,66.70,75.00,66.70,100.00
2026-05-13T15:10:14.598926,75.00,72.70,66.70,100.00
2026-05-13T15:10:14.704453,70.00,66.70,62.50,100.00
2026-05-13T15:10:14.809718,77.80,66.70,57.10,100.00
2026-05-13T15:10:14.915138,66.70,70.00,66.70,100.00
2026-05-13T15:10:15.021994,77.80,75.00,70.00,100.00
2026-05-13T15:10:15.126841,70.00,66.70,57.10,100.00
2026-05-13T15:10:15.231755,66.70,77.80,60.00,100.00
2026-05-13T15:10:15.336587,66.70,62.50,62.50,100.00
2026-05-13T15:10:15.441514,75.00,70.00,75.00,100.00
2026-05-13T15:10:15.545956,66.70,62.50,62.50,100.00
2026-05-13T15:10:15.651882,80.00,77.80,55.60,100.00
2026-05-13T15:10:15.757220,62.50,66.70,77.80,100.00
2026-05-13T15:10:15.862450,80.00,77.80,62.50,100.00
2026-05-13T15:10:15.968564,75.00,72.70,72.70,100.00
2026-05-13T15:10:16.073409,66.70,62.50,62.50,100.00
2026-05-13T15:10:16.179022,80.00,80.00,62.50,100.00
2026-05-13T15:10:16.285013,66.70,70.00,77.80,100.00
2026-05-13T15:10:16.390374,80.00,77.80,80.00,100.00
2026-05-13T15:10:16.496030,77.80,75.00,57.10,100.00
2026-05-13T15:10:16.601214,77.80,80.00,77.80,100.00
2026-05-13T15:10:16.706198,75.00,75.00,75.00,100.00
2026-05-13T15:10:16.813622,75.00,80.00,70.00,100.00
2026-05-13T15:10:16.918396,77.80,80.00,71.40,100.00
2026-05-13T15:10:17.023859,70.00,62.50,66.70,100.00
2026-05-13T15:10:17.129264,75.00,66.70,62.50,100.00
2026-05-13T15:10:17.234335,62.50,75.00,66.70,100.00
2026-05-13T15:10:17.339336,66.70,66.70,57.10,100.00
2026-05-13T15:10:17.444646,77.80,72.70,66.70,100.00
2026-05-13T15:10:17.550055,75.00,62.50,62.50,100.00
2026-05-13T15:10:17.654928,66.70,75.00,57.10,100.00
2026-05-13T15:10:17.760429,77.80,80.00,77.80,100.00
2026-05-13T15:10:17.865432,62.50,66.70,62.50,100.00
2026-05-13T15:10:18.041902,62.50,64.30,66.70,100.00
2026-05-13T15:10:18.146055,57.10,62.50,100.00,100.00
2026-05-13T15:10:18.250518,50.00,62.50,100.00,100.00
2026-05-13T15:10:18.355212,62.50,62.50,100.00,100.00
2026-05-13T15:10:18.459438,55.60,62.50,100.00,100.00
2026-05-13T15:10:18.563697,42.90,42.90,100.00,100.00
2026-05-13T15:10:18.668197,42.90,57.10,100.00,100.00
2026-05-13T15:10:18.773939,57.10,50.00,100.00,100.00
2026-05-13T15:10:18.878521,50.00,50.00,100.00,100.00
2026-05-13T15:10:18.982801,42.90,55.60,100.00,100.00
2026-05-13T15:10:19.087232,62.50,62.50,100.00,100.00
2026-05-13T15:10:19.192497,50.00,57.10,100.00,100.00
2026-05-13T15:10:19.300050,33.30,50.00,100.00,100.00
2026-05-13T15:10:19.405118,55.60,57.10,100.00,100.00
2026-05-13T15:10:19.510489,57.10,50.00,100.00,100.00
2026-05-13T15:10:19.616420,33.30,50.00,100.00,100.00
2026-05-13T15:10:19.721120,50.00,50.00,100.00,100.00
2026-05-13T15:10:19.825993,42.90,42.90,100.00,100.00
2026-05-13T15:10:19.931028,50.00,33.30,100.00,100.00
2026-05-13T15:10:20.034981,50.00,62.50,100.00,100.00
2026-05-13T15:10:20.140377,42.90,50.00,100.00,100.00
2026-05-13T15:10:20.244986,42.90,33.30,100.00,100.00
2026-05-13T15:10:20.351741,62.50,57.10,100.00,100.00
2026-05-13T15:10:20.456605,33.30,42.90,100.00,100.00
2026-05-13T15:10:20.561345,50.00,42.90,100.00,100.00
2026-05-13T15:10:20.666966,33.30,50.00,100.00,100.00
2026-05-13T15:10:20.770812,50.00,42.90,100.00,100.00
2026-05-13T15:10:20.875948,42.90,50.00,100.00,100.00
2026-05-13T15:10:20.981245,50.00,40.00,100.00,100.00
2026-05-13T15:10:21.085468,42.90,55.60,100.00,100.00
2026-05-13T15:10:21.190524,33.30,40.00,100.00,100.00
2026-05-13T15:10:21.295077,50.00,33.30,100.00,100.00
2026-05-13T15:10:21.399823,33.30,57.10,100.00,100.00
2026-05-13T15:10:21.505366,57.10,50.00,100.00,100.00
2026-05-13T15:10:21.611913,57.10,50.00,100.00,100.00
2026-05-13T15:10:21.716252,62.50,62.50,100.00,100.00
2026-05-13T15:10:21.821489,66.70,50.00,100.00,100.00
2026-05-13T15:10:21.926837,42.90,50.00,100.00,100.00
2026-05-13T15:10:22.031384,55.60,50.00,100.00,100.00
2026-05-13T15:10:22.136478,50.00,57.10,100.00,100.00
2026-05-13T15:10:22.240891,50.00,42.90,100.00,100.00
2026-05-13T15:10:22.347144,42.90,50.00,100.00,100.00
2026-05-13T15:10:22.452633,57.10,55.60,100.00,100.00
2026-05-13T15:10:22.558220,50.00,20.00,100.00,100.00
2026-05-13T15:10:22.663231,62.50,62.50,100.00,100.00
2026-05-13T15:10:22.767874,50.00,50.00,100.00,100.00
2026-05-13T15:10:22.873054,40.00,42.90,100.00,100.00
2026-05-13T15:10:22.977846,42.90,50.00,100.00,100.00
2026-05-13T15:10:23.082250,42.90,55.60,100.00,100.00
2026-05-13T15:10:23.187855,50.00,57.10,100.00,100.00
2026-05-13T15:10:23.292939,50.00,42.90,100.00,100.00
2026-05-13T15:10:23.397027,50.00,33.30,100.00,100.00
2026-05-13T15:10:23.501655,50.00,55.60,100.00,100.00
2026-05-13T15:10:23.606984,57.10,42.90,100.00,100.00
2026-05-13T15:10:23.711988,42.90,50.00,100.00,100.00
2026-05-13T15:10:23.816502,50.00,40.00,100.00,100.00
2026-05-13T15:10:23.922790,33.30,42.90,100.00,100.00
2026-05-13T15:10:24.027914,55.60,50.00,100.00,100.00
2026-05-13T15:10:24.132899,42.90,40.00,100.00,100.00
2026-05-13T15:10:24.238152,40.00,55.60,100.00,100.00
2026-05-13T15:10:24.343735,50.00,42.90,100.00,100.00
2026-05-13T15:10:24.449477,62.50,42.90,100.00,100.00
2026-05-13T15:10:24.554800,50.00,42.90,100.00,100.00
2026-05-13T15:10:24.659217,50.00,50.00,100.00,100.00
2026-05-13T15:10:24.764652,50.00,20.00,100.00,100.00
2026-05-13T15:10:24.868950,50.00,55.60,100.00,100.00
2026-05-13T15:10:24.973811,20.00,42.90,100.00,100.00
2026-05-13T15:10:25.078267,57.10,57.10,100.00,100.00
2026-05-13T15:10:25.183517,50.00,42.90,100.00,100.00
2026-05-13T15:10:25.288905,50.00,66.70,100.00,100.00
2026-05-13T15:10:25.394187,57.10,62.50,100.00,100.00
2026-05-13T15:10:25.498654,50.00,62.50,100.00,100.00
2026-05-13T15:10:25.603907,50.00,50.00,100.00,100.00
2026-05-13T15:10:25.708152,50.00,50.00,100.00,100.00
2026-05-13T15:10:25.813339,50.00,50.00,100.00,100.00
2026-05-13T15:10:25.918204,55.60,42.90,100.00,100.00
2026-05-13T15:10:26.023672,40.00,42.90,100.00,100.00
2026-05-13T15:10:26.128205,33.30,57.10,100.00,100.00
2026-05-13T15:10:26.232855,55.60,50.00,100.00,100.00
2026-05-13T15:10:26.337897,42.90,42.90,100.00,100.00
2026-05-13T15:10:26.442561,40.00,62.50,100.00,100.00
2026-05-13T15:10:26.548208,57.10,50.00,100.00,100.00
2026-05-13T15:10:26.653780,50.00,37.50,100.00,100.00
2026-05-13T15:10:26.758977,57.10,62.50,100.00,100.00
2026-05-13T15:10:26.863859,42.90,42.90,100.00,100.00
2026-05-13T15:10:26.968036,50.00,50.00,100.00,100.00
2026-05-13T15:10:27.072565,50.00,55.60,100.00,100.00
2026-05-13T15:10:27.176789,42.90,40.00,100.00,100.00
2026-05-13T15:10:27.281805,57.10,57.10,100.00,100.00
2026-05-13T15:10:27.387152,50.00,42.90,100.00,100.00
2026-05-13T15:10:27.490852,42.90,50.00,100.00,100.00
2026-05-13T15:10:27.595151,42.90,42.90,100.00,100.00
2026-05-13T15:10:27.700553,57.10,33.30,100.00,100.00
2026-05-13T15:10:27.806251,62.50,50.00,100.00,100.00
2026-05-13T15:10:27.911638,42.90,42.90,100.00,100.00
2026-05-13T15:10:28.016331,42.90,50.00,100.00,100.00
2026-05-13T15:10:28.121044,50.00,42.90,100.00,100.00
2026-05-13T15:10:28.227537,62.50,57.10,100.00,100.00
2026-05-13T15:10:28.332783,42.90,42.90,100.00,100.00
2026-05-13T15:10:28.438601,50.00,42.90,100.00,100.00
2026-05-13T15:10:28.543978,50.00,57.10,100.00,100.00
2026-05-13T15:10:28.648338,57.10,42.90,100.00,100.00
2026-05-13T15:10:28.753844,57.10,55.60,100.00,100.00
2026-05-13T15:10:28.860674,62.50,57.10,100.00,100.00
2026-05-13T15:10:28.965693,55.60,62.50,100.00,100.00
2026-05-13T15:10:29.070457,57.10,57.10,100.00,100.00
2026-05-13T15:10:29.175744,62.50,62.50,100.00,100.00
2026-05-13T15:10:29.281015,57.10,50.00,100.00,100.00
2026-05-13T15:10:29.386035,50.00,57.10,100.00,100.00
2026-05-13T15:10:29.491021,57.10,55.60,100.00,100.00
2026-05-13T15:10:29.596536,50.00,50.00,100.00,100.00
2026-05-13T15:10:29.701495,42.90,33.30,100.00,100.00
2026-05-13T15:10:29.806733,50.00,50.00,100.00,100.00
2026-05-13T15:10:29.911393,40.00,33.30,100.00,100.00
2026-05-13T15:10:30.015715,50.00,42.90,100.00,100.00
2026-05-13T15:10:30.120767,42.90,50.00,100.00,100.00
2026-05-13T15:10:30.225882,50.00,50.00,100.00,100.00
2026-05-13T15:10:30.330912,50.00,42.90,100.00,100.00
2026-05-13T15:10:30.435616,60.00,42.90,100.00,100.00
2026-05-13T15:10:30.540687,50.00,50.00,100.00,100.00
2026-05-13T15:10:30.646055,62.50,57.10,100.00,100.00
2026-05-13T15:10:30.751102,57.10,62.50,100.00,100.00
2026-05-13T15:10:30.856204,55.60,55.60,100.00,100.00
2026-05-13T15:10:30.961769,42.90,25.00,100.00,100.00
2026-05-13T15:10:31.067120,33.30,50.00,100.00,100.00
2026-05-13T15:10:31.171728,50.00,42.90,100.00,100.00
2026-05-13T15:10:31.276336,50.00,57.10,100.00,100.00
2026-05-13T15:10:31.381232,57.10,50.00,100.00,100.00
2026-05-13T15:10:31.486459,33.30,33.30,100.00,100.00
2026-05-13T15:10:31.591314,50.00,42.90,100.00,100.00
2026-05-13T15:10:31.696237,50.00,50.00,100.00,100.00
2026-05-13T15:10:31.800678,50.00,20.00,100.00,100.00
2026-05-13T15:10:31.905187,42.90,50.00,100.00,100.00
2026-05-13T15:10:32.010781,62.50,57.10,100.00,100.00
2026-05-13T15:10:32.115670,42.90,50.00,100.00,100.00
2026-05-13T15:10:32.220539,42.90,50.00,100.00,100.00
2026-05-13T15:10:32.325164,33.30,42.90,100.00,100.00
2026-05-13T15:10:32.429910,57.10,55.60,100.00,100.00
2026-05-13T15:10:32.535164,33.30,42.90,100.00,100.00
2026-05-13T15:10:32.640594,50.00,50.00,100.00,100.00
2026-05-13T15:10:32.744992,50.00,42.90,100.00,100.00
2026-05-13T15:10:32.850375,42.90,42.90,100.00,100.00
2026-05-13T15:10:32.954409,33.30,42.90,100.00,100.00
2026-05-13T15:10:33.058674,37.50,14.30,100.00,100.00
2026-05-13T15:10:33.162787,14.30,0.00,100.00,100.00
2026-05-13T15:10:33.267531,14.30,33.30,100.00,100.00
2026-05-13T15:10:33.372272,25.00,25.00,100.00,100.00
2026-05-13T15:10:33.476533,25.00,16.70,100.00,100.00
2026-05-13T15:10:33.580247,28.60,25.00,100.00,100.00
2026-05-13T15:10:33.685129,28.60,16.70,100.00,100.00
2026-05-13T15:10:33.789914,28.60,37.50,100.00,100.00
2026-05-13T15:10:33.894597,14.30,28.60,100.00,100.00
2026-05-13T15:10:33.998453,44.40,0.00,100.00,100.00
2026-05-13T15:10:34.102875,0.00,28.60,100.00,100.00
2026-05-13T15:10:34.206671,25.00,14.30,100.00,100.00
2026-05-13T15:10:34.310581,37.50,28.60,100.00,100.00
2026-05-13T15:10:34.414526,0.00,33.30,100.00,100.00
2026-05-13T15:10:34.518803,40.00,28.60,100.00,100.00
2026-05-13T15:10:34.624160,28.60,28.60,100.00,100.00
2026-05-13T15:10:34.728693,14.30,16.70,100.00,100.00
2026-05-13T15:10:34.833029,37.50,25.00,100.00,100.00
2026-05-13T15:10:34.937005,14.30,0.00,100.00,100.00
2026-05-13T15:10:35.041590,33.30,14.30,100.00,100.00
2026-05-13T15:10:35.145983,16.70,37.50,100.00,100.00
2026-05-13T15:10:35.250401,25.00,14.30,100.00,100.00
2026-05-13T15:10:35.354467,25.00,14.30,100.00,100.00
2026-05-13T15:10:35.459020,33.30,16.70,100.00,100.00
2026-05-13T15:10:35.563632,25.00,25.00,100.00,100.00
2026-05-13T15:10:35.667635,16.70,16.70,100.00,100.00
2026-05-13T15:10:35.771915,14.30,28.60,100.00,100.00
2026-05-13T15:10:35.875980,14.30,25.00,100.00,100.00
2026-05-13T15:10:35.980496,37.50,16.70,100.00,100.00
2026-05-13T15:10:36.084356,25.00,25.00,100.00,100.00
2026-05-13T15:10:36.188704,14.30,25.00,100.00,100.00
2026-05-13T15:10:36.292621,37.50,16.70,100.00,100.00
2026-05-13T15:10:36.397729,33.30,28.60,100.00,100.00
2026-05-13T15:10:36.502605,0.00,25.00,100.00,100.00
2026-05-13T15:10:36.607406,33.30,28.60,100.00,100.00
2026-05-13T15:10:36.711722,16.70,16.70,100.00,100.00
2026-05-13T15:10:36.816332,25.00,25.00,100.00,100.00
2026-05-13T15:10:36.920050,28.60,16.70,100.00,100.00
2026-05-13T15:10:37.023932,25.00,25.00,100.00,100.00
2026-05-13T15:10:37.128063,25.00,16.70,100.00,100.00
2026-05-13T15:10:37.233404,0.00,25.00,100.00,100.00
2026-05-13T15:10:37.338066,25.00,28.60,100.00,100.00
2026-05-13T15:10:37.442747,25.00,25.00,100.00,100.00
2026-05-13T15:10:37.546637,28.60,14.30,100.00,100.00
2026-05-13T15:10:37.650873,40.00,16.70,100.00,100.00
2026-05-13T15:10:37.755686,16.70,28.60,100.00,100.00
2026-05-13T15:10:37.859673,14.30,28.60,100.00,100.00
2026-05-13T15:10:37.963741,44.40,14.30,100.00,100.00
2026-05-13T15:10:38.067646,14.30,16.70,100.00,100.00
2026-05-13T15:10:38.171475,25.00,28.60,100.00,100.00
2026-05-13T15:10:38.275371,33.30,14.30,100.00,100.00
2026-05-13T15:10:38.379749,28.60,37.50,100.00,100.00
2026-05-13T15:10:38.484122,37.50,28.60,100.00,100.00
2026-05-13T15:10:38.589877,33.30,16.70,100.00,100.00
2026-05-13T15:10:38.693768,16.70,28.60,100.00,100.00
2026-05-13T15:10:38.798502,25.00,14.30,100.00,100.00
2026-05-13T15:10:38.902468,14.30,14.30,100.00,100.00
2026-05-13T15:10:39.007085,25.00,16.70,100.00,100.00
2026-05-13T15:10:39.110734,28.60,25.00,100.00,100.00
2026-05-13T15:10:39.214763,40.00,28.60,100.00,100.00
2026-05-13T15:10:39.318751,14.30,14.30,100.00,100.00
2026-05-13T15:10:39.423172,33.30,16.70,100.00,100.00
2026-05-13T15:10:39.527667,16.70,25.00,100.00,100.00
2026-05-13T15:10:39.631919,25.00,16.70,100.00,100.00
2026-05-13T15:10:39.735629,14.30,25.00,100.00,100.00
2026-05-13T15:10:39.839547,25.00,16.70,100.00,100.00
2026-05-13T15:10:39.943963,28.60,25.00,100.00,100.00
2026-05-13T15:10:40.048435,14.30,28.60,100.00,100.00
2026-05-13T15:10:40.152657,33.30,0.00,100.00,100.00
2026-05-13T15:10:40.256845,33.30,37.50,100.00,100.00
2026-05-13T15:10:40.360906,0.00,14.30,100.00,100.00
2026-05-13T15:10:40.465007,40.00,28.60,100.00,100.00
2026-05-13T15:10:40.571772,16.70,42.90,100.00,100.00
2026-05-13T15:10:40.675800,37.50,37.50,100.00,100.00
2026-05-13T15:10:40.779716,37.50,16.70,100.00,100.00
2026-05-13T15:10:40.883408,14.30,14.30,100.00,100.00
2026-05-13T15:10:40.987419,0.00,16.70,100.00,100.00
2026-05-13T15:10:41.091465,40.00,25.00,100.00,100.00
2026-05-13T15:10:41.195510,0.00,16.70,100.00,100.00
2026-05-13T15:10:41.300044,28.60,25.00,100.00,100.00
2026-05-13T15:10:41.404363,25.00,16.70,100.00,100.00
2026-05-13T15:10:41.508602,14.30,14.30,100.00,100.00
2026-05-13T15:10:41.613239,14.30,33.30,100.00,100.00
2026-05-13T15:10:41.717739,28.60,16.70,100.00,100.00
2026-05-13T15:10:41.821703,25.00,14.30,100.00,100.00
2026-05-13T15:10:41.926058,33.30,37.50,100.00,100.00
2026-05-13T15:10:42.030278,28.60,28.60,100.00,100.00
2026-05-13T15:10:42.134850,14.30,25.00,100.00,100.00
2026-05-13T15:10:42.238926,33.30,14.30,100.00,100.00
2026-05-13T15:10:42.343964,28.60,28.60,100.00,100.00
2026-05-13T15:10:42.448128,14.30,16.70,100.00,100.00
2026-05-13T15:10:42.553556,37.50,14.30,100.00,100.00
2026-05-13T15:10:42.658580,28.60,37.50,100.00,100.00
2026-05-13T15:10:42.763156,25.00,28.60,100.00,100.00
2026-05-13T15:10:42.867197,33.30,14.30,100.00,100.00
2026-05-13T15:10:42.971525,14.30,28.60,100.00,100.00
2026-05-13T15:10:43.075413,28.60,0.00,100.00,100.00
2026-05-13T15:10:43.179230,33.30,28.60,100.00,100.00
2026-05-13T15:10:43.283807,25.00,0.00,100.00,100.00
2026-05-13T15:10:43.389179,14.30,37.50,100.00,100.00
2026-05-13T15:10:43.493644,28.60,14.30,100.00,100.00
2026-05-13T15:10:43.597563,33.30,25.00,100.00,100.00
2026-05-13T15:10:43.702882,25.00,16.70,100.00,100.00
2026-05-13T15:10:43.807563,33.30,33.30,100.00,100.00
2026-05-13T15:10:43.911477,16.70,16.70,100.00,100.00
2026-05-13T15:10:44.015567,33.30,28.60,100.00,100.00
2026-05-13T15:10:44.120239,25.00,14.30,100.00,100.00
2026-05-13T15:10:44.224947,14.30,0.00,100.00,100.00
2026-05-13T15:10:44.329773,25.00,25.00,100.00,100.00
2026-05-13T15:10:44.434142,16.70,25.00,100.00,100.00
2026-05-13T15:10:44.538684,33.30,16.70,100.00,100.00
2026-05-13T15:10:44.642920,25.00,25.00,100.00,100.00
2026-05-13T15:10:44.747072,25.00,14.30,100.00,100.00
2026-05-13T15:10:44.851791,16.70,37.50,100.00,100.00
2026-05-13T15:10:44.955850,33.30,25.00,100.00,100.00
2026-05-13T15:10:45.059721,25.00,0.00,100.00,100.00
2026-05-13T15:10:45.164212,28.60,25.00,100.00,100.00
2026-05-13T15:10:45.268799,14.30,28.60,100.00,100.00
2026-05-13T15:10:45.372675,25.00,14.30,100.00,100.00
2026-05-13T15:10:45.476986,14.30,37.50,100.00,100.00
2026-05-13T15:10:45.582593,28.60,25.00,100.00,100.00
2026-05-13T15:10:45.687813,25.00,16.70,100.00,100.00
2026-05-13T15:10:45.792553,25.00,14.30,100.00,100.00
2026-05-13T15:10:45.897394,25.00,33.30,100.00,100.00
2026-05-13T15:10:46.001769,16.70,0.00,100.00,100.00
2026-05-13T15:10:46.105871,14.30,25.00,100.00,100.00
2026-05-13T15:10:46.210013,28.60,28.60,100.00,100.00
2026-05-13T15:10:46.315022,33.30,14.30,100.00,100.00
2026-05-13T15:10:46.418860,14.30,25.00,100.00,100.00
2026-05-13T15:10:46.523535,16.70,16.70,100.00,100.00
2026-05-13T15:10:46.627609,40.00,33.30,100.00,100.00
2026-05-13T15:10:46.731857,14.30,0.00,100.00,100.00
2026-05-13T15:10:46.836082,16.70,33.30,100.00,100.00
2026-05-13T15:10:46.941059,40.00,16.70,100.00,100.00
2026-05-13T15:10:47.045203,14.30,37.50,100.00,100.00
2026-05-13T15:10:47.149401,25.00,25.00,100.00,100.00
2026-05-13T15:10:47.253695,14.30,14.30,100.00,100.00
2026-05-13T15:10:47.357828,37.50,16.70,100.00,100.00
2026-05-13T15:10:47.462763,14.30,28.60,100.00,100.00
2026-05-13T15:10:47.566599,40.00,14.30,100.00,100.00
2026-05-13T15:10:47.671060,16.70,16.70,100.00,100.00
2026-05-13T15:10:47.775058,28.60,44.40,100.00,100.00
2026-05-13T15:10:47.879392,14.30,37.50,100.00,100.00
2026-05-13T15:10:47.983965,28.60,16.70,100.00,100.00
2026-05-13T15:10:48.088792,44.40,37.50,100.00,100.00
2026-05-13T15:10:48.193640,28.60,42.90,100.00,100.00
2026-05-13T15:10:48.298239,33.30,42.90,100.00,100.00
2026-05-13T15:10:48.403493,57.10,57.10,100.00,100.00
2026-05-13T15:10:48.508207,42.90,42.90,100.00,100.00
2026-05-13T15:10:48.612797,33.30,50.00,100.00,100.00
2026-05-13T15:10:48.717166,42.90,50.00,100.00,100.00
2026-05-13T15:10:48.822242,50.00,50.00,100.00,100.00
2026-05-13T15:10:48.929513,42.90,33.30,100.00,100.00
2026-05-13T15:10:49.034822,28.60,42.90,100.00,100.00
2026-05-13T15:10:49.139860,33.30,28.60,100.00,100.00
2026-05-13T15:10:49.244166,16.70,50.00,100.00,100.00
2026-05-13T15:10:49.357235,50.00,42.90,100.00,100.00
2026-05-13T15:10:49.461299,20.00,42.90,100.00,100.00
2026-05-13T15:10:49.566808,37.50,37.50,100.00,100.00
2026-05-13T15:10:49.671762,33.30,50.00,100.00,100.00
2026-05-13T15:10:49.776049,50.00,50.00,100.00,100.00
2026-05-13T15:10:49.880538,28.60,50.00,100.00,100.00
2026-05-13T15:10:49.985724,44.40,62.50,100.00,100.00
2026-05-13T15:10:50.090192,20.00,33.30,100.00,100.00
2026-05-13T15:10:50.194502,44.40,57.10,100.00,100.00
2026-05-13T15:10:50.298487,42.90,50.00,100.00,100.00
2026-05-13T15:10:50.405119,33.30,42.90,100.00,100.00
2026-05-13T15:10:50.510396,50.00,42.90,100.00,100.00
2026-05-13T15:10:50.615549,40.00,42.90,100.00,100.00
2026-05-13T15:10:50.720252,44.40,50.00,100.00,100.00
2026-05-13T15:10:50.824700,33.30,20.00,100.00,100.00
2026-05-13T15:10:50.928683,42.90,50.00,100.00,100.00
2026-05-13T15:10:51.033009,16.70,28.60,100.00,100.00
2026-05-13T15:10:51.137998,37.50,33.30,100.00,100.00
2026-05-13T15:10:51.242204,33.30,42.90,100.00,100.00
2026-05-13T15:10:51.347712,42.90,50.00,100.00,100.00
2026-05-13T15:10:51.451904,37.50,50.00,100.00,100.00
2026-05-13T15:10:51.557442,33.30,28.60,100.00,100.00
2026-05-13T15:10:51.661552,28.60,42.90,100.00,100.00
2026-05-13T15:10:51.766384,42.90,50.00,100.00,100.00
2026-05-13T15:10:51.870736,42.90,42.90,100.00,100.00
2026-05-13T15:10:51.976416,28.60,42.90,100.00,100.00
2026-05-13T15:10:52.081607,50.00,50.00,100.00,100.00
2026-05-13T15:10:52.186236,33.30,50.00,100.00,100.00
2026-05-13T15:10:52.291532,28.60,16.70,100.00,100.00
2026-05-13T15:10:52.396878,42.90,57.10,100.00,100.00
2026-05-13T15:10:52.501480,37.50,37.50,100.00,100.00
2026-05-13T15:10:52.606305,42.90,33.30,100.00,100.00
2026-05-13T15:10:52.710805,28.60,33.30,100.00,100.00
2026-05-13T15:10:52.815476,42.90,42.90,100.00,100.00
2026-05-13T15:10:52.920696,37.50,55.60,100.00,100.00
2026-05-13T15:10:53.024711,33.30,33.30,100.00,100.00
2026-05-13T15:10:53.128970,37.50,20.00,100.00,100.00
2026-05-13T15:10:53.233636,28.60,55.60,100.00,100.00
2026-05-13T15:10:53.338495,42.90,33.30,100.00,100.00
2026-05-13T15:10:53.443043,14.30,42.90,100.00,100.00
2026-05-13T15:10:53.547546,42.90,42.90,100.00,100.00
2026-05-13T15:10:53.652272,28.60,42.90,100.00,100.00
2026-05-13T15:10:53.757587,50.00,33.30,100.00,100.00
2026-05-13T15:10:53.861831,50.00,42.90,100.00,100.00
2026-05-13T15:10:53.967891,28.60,57.10,100.00,100.00
2026-05-13T15:10:54.072693,42.90,40.00,100.00,100.00
2026-05-13T15:10:54.176771,42.90,55.60,100.00,100.00
2026-05-13T15:10:54.282891,42.90,50.00,100.00,100.00
2026-05-13T15:10:54.387503,42.90,50.00,100.00,100.00
2026-05-13T15:10:54.492666,50.00,57.10,100.00,100.00
2026-05-13T15:10:54.596892,50.00,50.00,100.00,100.00
2026-05-13T15:10:54.701968,50.00,57.10,100.00,100.00
2026-05-13T15:10:54.807679,33.30,50.00,100.00,100.00
2026-05-13T15:10:54.912038,50.00,42.90,100.00,100.00
2026-05-13T15:10:55.016531,50.00,40.00,100.00,100.00
2026-05-13T15:10:55.121520,37.50,50.00,100.00,100.00
2026-05-13T15:10:55.225427,33.30,50.00,100.00,100.00
2026-05-13T15:10:55.330514,42.90,42.90,100.00,100.00
2026-05-13T15:10:55.435047,37.50,16.70,100.00,100.00
2026-05-13T15:10:55.538870,42.90,50.00,100.00,100.00
2026-05-13T15:10:55.643204,33.30,33.30,100.00,100.00
2026-05-13T15:10:55.747867,42.90,42.90,100.00,100.00
2026-05-13T15:10:55.851928,37.50,42.90,100.00,100.00
2026-05-13T15:10:55.956537,50.00,50.00,100.00,100.00
2026-05-13T15:10:56.060603,40.00,50.00,100.00,100.00
2026-05-13T15:10:56.164913,44.40,42.90,100.00,100.00
2026-05-13T15:10:56.269291,33.30,50.00,100.00,100.00
2026-05-13T15:10:56.373676,50.00,57.10,100.00,100.00
2026-05-13T15:10:56.477811,42.90,50.00,100.00,100.00
2026-05-13T15:10:56.582229,42.90,33.30,100.00,100.00
2026-05-13T15:10:56.686066,33.30,42.90,100.00,100.00
2026-05-13T15:10:56.790005,50.00,50.00,100.00,100.00
2026-05-13T15:10:56.894002,33.30,50.00,100.00,100.00
2026-05-13T15:10:56.998279,28.60,20.00,100.00,100.00
2026-05-13T15:10:57.102359,44.40,42.90,100.00,100.00
2026-05-13T15:10:57.206450,37.50,42.90,100.00,100.00
2026-05-13T15:10:57.311040,50.00,33.30,100.00,100.00
2026-05-13T15:10:57.415832,50.00,57.10,100.00,100.00
2026-05-13T15:10:57.520120,28.60,42.90,100.00,100.00
2026-05-13T15:10:57.625055,42.90,42.90,100.00,100.00
2026-05-13T15:10:57.730207,42.90,42.90,100.00,100.00
2026-05-13T15:10:57.836504,57.10,62.50,100.00,100.00
2026-05-13T15:10:57.942054,50.00,42.90,100.00,100.00
2026-05-13T15:10:58.046698,42.90,33.30,100.00,100.00
2026-05-13T15:10:58.154650,50.00,57.10,100.00,100.00
2026-05-13T15:10:58.260449,20.00,44.40,100.00,100.00
2026-05-13T15:10:58.365856,60.00,57.10,100.00,100.00
2026-05-13T15:10:58.471657,33.30,42.90,100.00,100.00
2026-05-13T15:11:00.422950,48.90,52.90,100.00,32.40
2026-05-13T15:11:00.528039,55.60,42.90,100.00,100.00
2026-05-13T15:11:00.632501,33.30,50.00,100.00,100.00
2026-05-13T15:11:00.736438,42.90,50.00,100.00,100.00
2026-05-13T15:11:00.841108,28.60,42.90,100.00,100.00
2026-05-13T15:11:00.947618,33.30,33.30,100.00,100.00
2026-05-13T15:11:01.052717,50.00,50.00,100.00,100.00
2026-05-13T15:11:01.157290,16.70,44.40,100.00,100.00
2026-05-13T15:11:01.262597,33.30,50.00,100.00,100.00
2026-05-13T15:11:01.367185,42.90,42.90,100.00,100.00
2026-05-13T15:11:01.471741,37.50,28.60,100.00,100.00
2026-05-13T15:11:01.575773,33.30,50.00,100.00,100.00
2026-05-13T15:11:01.680889,50.00,42.90,100.00,100.00
2026-05-13T15:11:01.786667,50.00,50.00,100.00,100.00
2026-05-13T15:11:01.891472,50.00,57.10,100.00,100.00
2026-05-13T15:11:01.995822,57.10,57.10,100.00,100.00
2026-05-13T15:11:02.099949,50.00,57.10,100.00,100.00
2026-05-13T15:11:02.205664,33.30,62.50,100.00,100.00
2026-05-13T15:11:02.311691,42.90,57.10,100.00,100.00
2026-05-13T15:11:02.417408,50.00,50.00,100.00,100.00
2026-05-13T15:11:02.522155,33.30,42.90,100.00,100.00
2026-05-13T15:11:02.627761,40.00,57.10,100.00,100.00
2026-05-13T15:11:02.732534,28.60,16.70,100.00,100.00
2026-05-13T15:11:02.837497,33.30,50.00,100.00,100.00
2026-05-13T15:11:02.941869,33.30,28.60,100.00,100.00
2026-05-13T15:11:03.045806,14.30,16.70,100.00,100.00
2026-05-13T15:11:03.150272,25.00,25.00,100.00,100.00
2026-05-13T15:11:03.254916,14.30,28.60,100.00,100.00
2026-05-13T15:11:03.359760,28.60,25.00,100.00,100.00
2026-05-13T15:11:03.464485,25.00,16.70,100.00,100.00
2026-05-13T15:11:03.569124,28.60,28.60,100.00,100.00
2026-05-13T15:11:03.673404,0.00,37.50,100.00,100.00
2026-05-13T15:11:03.778102,28.60,16.70,100.00,100.00
2026-05-13T15:11:03.883897,25.00,28.60,100.00,100.00
2026-05-13T15:11:03.988872,16.70,28.60,100.00,100.00
2026-05-13T15:11:04.094631,16.70,20.00,100.00,100.00
2026-05-13T15:11:04.199294,25.00,28.60,100.00,100.00
2026-05-13T15:11:04.303673,37.50,28.60,100.00,100.00
2026-05-13T15:11:04.409683,16.70,28.60,100.00,100.00
2026-05-13T15:11:04.515077,25.00,28.60,100.00,100.00
2026-05-13T15:11:04.619269,28.60,37.50,100.00,100.00
2026-05-13T15:11:04.723512,25.00,0.00,100.00,100.00
2026-05-13T15:11:04.827548,14.30,25.00,100.00,100.00
2026-05-13T15:11:04.932233,14.30,28.60,100.00,100.00
2026-05-13T15:11:05.037185,25.00,0.00,100.00,100.00
2026-05-13T15:11:05.141441,14.30,33.30,100.00,100.00
2026-05-13T15:11:05.246360,25.00,0.00,100.00,100.00
2026-05-13T15:11:05.352813,25.00,28.60,100.00,100.00
2026-05-13T15:11:05.457594,14.30,33.30,100.00,100.00
2026-05-13T15:11:05.562046,16.70,28.60,100.00,100.00
2026-05-13T15:11:05.666971,25.00,0.00,100.00,100.00
2026-05-13T15:11:05.771607,14.30,33.30,100.00,100.00
2026-05-13T15:11:05.875716,14.30,0.00,100.00,100.00
2026-05-13T15:11:05.980525,14.30,25.00,100.00,100.00
2026-05-13T15:11:06.085068,33.30,16.70,100.00,100.00
2026-05-13T15:11:06.189464,14.30,25.00,100.00,100.00
2026-05-13T15:11:06.293876,16.70,28.60,100.00,100.00
2026-05-13T15:11:06.398195,25.00,14.30,100.00,100.00
2026-05-13T15:11:06.501763,14.30,33.30,100.00,100.00
2026-05-13T15:11:06.606176,33.30,0.00,100.00,100.00
2026-05-13T15:11:06.710986,14.30,25.00,100.00,100.00
2026-05-13T15:11:06.814821,25.00,0.00,100.00,100.00
2026-05-13T15:11:06.919061,25.00,25.00,100.00,100.00
2026-05-13T15:11:07.023688,0.00,14.30,100.00,100.00
2026-05-13T15:11:07.127076,14.30,28.60,100.00,100.00
2026-05-13T15:11:07.230939,33.30,0.00,100.00,100.00
2026-05-13T15:11:07.335679,14.30,28.60,100.00,100.00
2026-05-13T15:11:07.440030,25.00,0.00,100.00,100.00
2026-05-13T15:11:07.544406,16.70,25.00,100.00,100.00
2026-05-13T15:11:07.648813,14.30,16.70,100.00,100.00
2026-05-13T15:11:07.753041,25.00,14.30,100.00,100.00
2026-05-13T15:11:07.857529,28.60,50.00,100.00,100.00
2026-05-13T15:11:07.961199,25.00,0.00,100.00,100.00
2026-05-13T15:11:08.064918,28.60,33.30,100.00,100.00
2026-05-13T15:11:08.168998,25.00,16.70,100.00,100.00
2026-05-13T15:11:08.273129,14.30,0.00,100.00,100.00
2026-05-13T15:11:08.377467,33.30,33.30,100.00,100.00
2026-05-13T15:11:08.482390,14.30,14.30,100.00,100.00
2026-05-13T15:11:08.587542,28.60,28.60,100.00,100.00
2026-05-13T15:11:08.691770,14.30,16.70,100.00,100.00
2026-05-13T15:11:08.795785,25.00,37.50,100.00,100.00
2026-05-13T15:11:08.900007,14.30,14.30,100.00,100.00
2026-05-13T15:11:09.004948,28.60,37.50,100.00,100.00
2026-05-13T15:11:09.109872,40.00,25.00,100.00,100.00
2026-05-13T15:11:09.215549,28.60,16.70,100.00,100.00
2026-05-13T15:11:09.319554,25.00,0.00,100.00,100.00
2026-05-13T15:11:09.424018,0.00,33.30,100.00,100.00
2026-05-13T15:11:09.529466,33.30,16.70,100.00,100.00
2026-05-13T15:11:09.633889,14.30,14.30,100.00,100.00
2026-05-13T15:11:09.743188,40.00,25.00,100.00,100.00
2026-05-13T15:11:09.847486,37.50,28.60,100.00,100.00
2026-05-13T15:11:09.951608,28.60,0.00,100.00,100.00
2026-05-13T15:11:10.056206,14.30,37.50,100.00,100.00
2026-05-13T15:11:10.161193,16.70,28.60,100.00,100.00
2026-05-13T15:11:10.265942,33.30,14.30,100.00,100.00
2026-05-13T15:11:10.370087,25.00,16.70,100.00,100.00
2026-05-13T15:11:10.474893,14.30,25.00,100.00,100.00
2026-05-13T15:11:10.578779,16.70,14.30,100.00,100.00
2026-05-13T15:11:10.683131,33.30,16.70,100.00,100.00
2026-05-13T15:11:10.787695,25.00,25.00,100.00,100.00
2026-05-13T15:11:10.892521,14.30,16.70,100.00,100.00
2026-05-13T15:11:10.997913,37.50,28.60,100.00,100.00
2026-05-13T15:11:11.102705,14.30,25.00,100.00,100.00
2026-05-13T15:11:11.207401,28.60,37.50,100.00,100.00
2026-05-13T15:11:11.311731,14.30,16.70,100.00,100.00
2026-05-13T15:11:11.416404,28.60,16.70,100.00,100.00
2026-05-13T15:11:11.521204,14.30,25.00,100.00,100.00
2026-05-13T15:11:11.626512,28.60,28.60,100.00,100.00
2026-05-13T15:11:11.730964,25.00,0.00,100.00,100.00
2026-05-13T15:11:11.836295,25.00,33.30,100.00,100.00
2026-05-13T15:11:11.940767,14.30,37.50,100.00,100.00
2026-05-13T15:11:12.045222,28.60,0.00,100.00,100.00
2026-05-13T15:11:12.149842,14.30,37.50,100.00,100.00
2026-05-13T15:11:12.254485,16.70,0.00,100.00,100.00
2026-05-13T15:11:12.359720,25.00,37.50,100.00,100.00
2026-05-13T15:11:12.463713,28.60,25.00,100.00,100.00
2026-05-13T15:11:12.568033,14.30,0.00,100.00,100.00
2026-05-13T15:11:12.672511,25.00,25.00,100.00,100.00
2026-05-13T15:11:12.776568,33.30,0.00,100.00,100.00
2026-05-13T15:11:12.880695,14.30,33.30,100.00,100.00
2026-05-13T15:11:12.984537,28.60,0.00,100.00,100.00
2026-05-13T15:11:13.088355,25.00,25.00,100.00,100.00
2026-05-13T15:11:13.192206,14.30,16.70,100.00,100.00
2026-05-13T15:11:13.296534,25.00,14.30,100.00,100.00
2026-05-13T15:11:13.400227,25.00,37.50,100.00,100.00
2026-05-13T15:11:13.504633,14.30,14.30,100.00,100.00
2026-05-13T15:11:13.609188,25.00,14.30,100.00,100.00
2026-05-13T15:11:13.714400,16.70,16.70,100.00,100.00
2026-05-13T15:11:13.818826,14.30,37.50,100.00,100.00
2026-05-13T15:11:13.923673,16.70,16.70,100.00,100.00
2026-05-13T15:11:14.028070,25.00,28.60,100.00,100.00
2026-05-13T15:11:14.132281,28.60,16.70,100.00,100.00
2026-05-13T15:11:14.236927,33.30,28.60,100.00,100.00
2026-05-13T15:11:14.341785,28.60,25.00,100.00,100.00
2026-05-13T15:11:14.445765,25.00,28.60,100.00,100.00
2026-05-13T15:11:14.550030,25.00,28.60,100.00,100.00
2026-05-13T15:11:14.654675,16.70,14.30,100.00,100.00
2026-05-13T15:11:14.759128,14.30,16.70,100.00,100.00
2026-05-13T15:11:14.863659,14.30,14.30,100.00,100.00
2026-05-13T15:11:14.967780,14.30,25.00,100.00,100.00
2026-05-13T15:11:15.071945,25.00,28.60,100.00,100.00
2026-05-13T15:11:15.176780,25.00,14.30,100.00,100.00
2026-05-13T15:11:15.281153,14.30,28.60,100.00,100.00
2026-05-13T15:11:15.384983,25.00,0.00,100.00,100.00
2026-05-13T15:11:15.489723,37.50,28.60,100.00,100.00
2026-05-13T15:11:15.594177,16.70,28.60,100.00,100.00
2026-05-13T15:11:15.698202,25.00,28.60,100.00,100.00
2026-05-13T15:11:15.803464,28.60,28.60,100.00,100.00
2026-05-13T15:11:15.909771,25.00,16.70,100.00,100.00
2026-05-13T15:11:16.013144,14.30,28.60,100.00,100.00
2026-05-13T15:11:16.117511,25.00,14.30,100.00,100.00
2026-05-13T15:11:16.221545,16.70,28.60,100.00,100.00
2026-05-13T15:11:16.325342,33.30,14.30,100.00,100.00
2026-05-13T15:11:16.429861,28.60,28.60,100.00,100.00
2026-05-13T15:11:16.534510,25.00,28.60,100.00,100.00
2026-05-13T15:11:16.638377,25.00,0.00,100.00,100.00
2026-05-13T15:11:16.742203,14.30,25.00,100.00,100.00
2026-05-13T15:11:16.845816,25.00,16.70,100.00,100.00
2026-05-13T15:11:16.950351,25.00,25.00,100.00,100.00
2026-05-13T15:11:17.055568,16.70,16.70,100.00,100.00
2026-05-13T15:11:17.160296,14.30,25.00,100.00,100.00
2026-05-13T15:11:17.264640,25.00,16.70,100.00,100.00
2026-05-13T15:11:17.368824,14.30,14.30,100.00,100.00
2026-05-13T15:11:17.472631,25.00,25.00,100.00,100.00
2026-05-13T15:11:17.577199,25.00,0.00,100.00,100.00
2026-05-13T15:11:17.681625,14.30,25.00,100.00,100.00
2026-05-13T15:11:17.785721,40.00,28.60,100.00,100.00
2026-05-13T15:11:17.890510,28.60,37.50,100.00,100.00
2026-05-13T15:11:17.999063,77.80,80.00,100.00,100.00
2026-05-13T15:11:18.199604,100.00,94.70,100.00,100.00
2026-05-13T15:11:18.304890,80.00,88.90,80.00,100.00
2026-05-13T15:11:18.410577,72.70,80.00,80.00,100.00
2026-05-13T15:11:18.515663,80.00,77.80,62.50,100.00
2026-05-13T15:11:18.620841,77.80,70.00,66.70,100.00
2026-05-13T15:11:18.726229,80.00,77.80,77.80,100.00
2026-05-13T15:11:18.831853,77.80,77.80,66.70,100.00
2026-05-13T15:11:18.936605,66.70,80.00,77.80,100.00
2026-05-13T15:11:19.042575,80.00,75.00,62.50,100.00
2026-05-13T15:11:19.148428,77.80,77.80,71.40,100.00
2026-05-13T15:11:19.253501,75.00,77.80,81.80,100.00
2026-05-13T15:11:19.358449,77.80,90.90,75.00,100.00
2026-05-13T15:11:19.463236,88.90,80.00,80.00,100.00
2026-05-13T15:11:19.569216,72.70,77.80,70.00,100.00
2026-05-13T15:11:19.674801,87.50,81.80,77.80,100.00
2026-05-13T15:11:19.779995,77.80,88.90,77.80,100.00
2026-05-13T15:11:19.885315,80.00,72.70,66.70,100.00
2026-05-13T15:11:19.990698,70.00,77.80,70.00,100.00
2026-05-13T15:11:20.097323,90.90,88.90,71.40,100.00
2026-05-13T15:11:20.203769,75.00,81.80,77.80,100.00
2026-05-13T15:11:20.312624,80.00,87.50,80.00,100.00
2026-05-13T15:11:20.418456,80.00,80.00,71.40,100.00
2026-05-13T15:11:20.524127,71.40,77.80,66.70,100.00
2026-05-13T15:11:20.630994,81.80,66.70,70.00,100.00
2026-05-13T15:11:20.736931,77.80,81.80,75.00,100.00
2026-05-13T15:11:20.841946,70.00,71.40,75.00,100.00
2026-05-13T15:11:20.946659,77.80,80.00,66.70,100.00
2026-05-13T15:11:21.051713,80.00,75.00,70.00,100.00
2026-05-13T15:11:21.156543,77.80,81.80,66.70,100.00
2026-05-13T15:11:21.261267,77.80,77.80,66.70,100.00
2026-05-13T15:11:21.366940,72.70,70.00,71.40,100.00
2026-05-13T15:11:21.471657,77.80,77.80,70.00,100.00
2026-05-13T15:11:21.576262,77.80,77.80,66.70,100.00
2026-05-13T15:11:21.680962,77.80,80.00,77.80,100.00
2026-05-13T15:11:21.789617,81.80,90.00,77.80,100.00
2026-05-13T15:11:21.895351,88.90,80.00,80.00,100.00
2026-05-13T15:11:22.002560,77.80,88.90,75.00,100.00
2026-05-13T15:11:22.108745,90.00,83.30,80.00,100.00
2026-05-13T15:11:22.215376,80.00,77.80,80.00,100.00
2026-05-13T15:11:22.324192,66.70,77.80,62.50,100.00
2026-05-13T15:11:22.429300,88.90,81.80,66.70,100.00
2026-05-13T15:11:22.535679,72.70,77.80,66.70,100.00
2026-05-13T15:11:22.640402,75.00,70.00,62.50,100.00
2026-05-13T15:11:22.746513,77.80,75.00,66.70,100.00
2026-05-13T15:11:22.854808,88.90,88.90,80.00,100.00
2026-05-13T15:11:22.960296,83.30,77.80,66.70,100.00
2026-05-13T15:11:23.067524,77.80,80.00,75.00,100.00
2026-05-13T15:11:23.172558,77.80,75.00,70.00,100.00
2026-05-13T15:11:23.277484,77.80,81.80,62.50,100.00
2026-05-13T15:11:23.382476,70.00,75.00,66.70,100.00
2026-05-13T15:11:23.488366,80.00,80.00,70.00,100.00
2026-05-13T15:11:23.593819,77.80,80.00,77.80,100.00
2026-05-13T15:11:23.698879,80.00,80.00,66.70,100.00
2026-05-13T15:11:23.803568,72.70,75.00,66.70,100.00
2026-05-13T15:11:23.911004,87.50,80.00,77.80,100.00
2026-05-13T15:11:24.019216,72.70,77.80,66.70,100.00
2026-05-13T15:11:24.124024,77.80,80.00,70.00,100.00
2026-05-13T15:11:24.229681,80.00,77.80,70.00,100.00
2026-05-13T15:11:24.336780,77.80,77.80,66.70,100.00
2026-05-13T15:11:24.442118,77.80,81.80,71.40,100.00
2026-05-13T15:11:24.548422,81.80,75.00,66.70,100.00
2026-05-13T15:11:24.653492,77.80,80.00,75.00,100.00
2026-05-13T15:11:24.758308,80.00,77.80,66.70,100.00
2026-05-13T15:11:24.863506,75.00,77.80,70.00,100.00
2026-05-13T15:11:24.969006,72.70,80.00,70.00,100.00
2026-05-13T15:11:25.074718,75.00,66.70,71.40,100.00
2026-05-13T15:11:25.180490,80.00,80.00,70.00,100.00
2026-05-13T15:11:25.285149,75.00,75.00,66.70,100.00
2026-05-13T15:11:25.390901,80.00,77.80,70.00,100.00
2026-05-13T15:11:25.496980,77.80,75.00,80.00,100.00
2026-05-13T15:11:25.603984,80.00,80.00,80.00,100.00
2026-05-13T15:11:25.711142,80.00,75.00,66.70,100.00
2026-05-13T15:11:25.816175,90.00,80.00,75.00,100.00
2026-05-13T15:11:25.921900,77.80,77.80,66.70,100.00
2026-05-13T15:11:26.027345,70.00,80.00,66.70,100.00
2026-05-13T15:11:26.132601,80.00,77.80,66.70,100.00
2026-05-13T15:11:26.237194,80.00,77.80,75.00,100.00
2026-05-13T15:11:26.342528,80.00,80.00,66.70,100.00
2026-05-13T15:11:26.447704,80.00,80.00,66.70,100.00
2026-05-13T15:11:26.553214,62.50,75.00,77.80,100.00
2026-05-13T15:11:26.658769,77.80,80.00,62.50,100.00
2026-05-13T15:11:26.763168,77.80,75.00,70.00,100.00
2026-05-13T15:11:26.868948,80.00,80.00,75.00,100.00
2026-05-13T15:11:26.973925,70.00,77.80,70.00,100.00
2026-05-13T15:11:27.080617,80.00,81.80,77.80,100.00
2026-05-13T15:11:27.185849,80.00,77.80,66.70,100.00
2026-05-13T15:11:27.290728,77.80,75.00,66.70,100.00
2026-05-13T15:11:27.395420,77.80,80.00,71.40,100.00
2026-05-13T15:11:27.500275,77.80,75.00,62.50,100.00
2026-05-13T15:11:27.606073,81.80,80.00,66.70,100.00
2026-05-13T15:11:27.711204,75.00,81.80,66.70,100.00
2026-05-13T15:11:27.817554,80.00,87.50,77.80,100.00
2026-05-13T15:11:27.924039,88.90,90.90,87.50,100.00
2026-05-13T15:11:28.029791,88.90,77.80,72.70,100.00
2026-05-13T15:11:28.136357,81.80,80.00,75.00,100.00
2026-05-13T15:11:28.242139,77.80,88.90,70.00,100.00
2026-05-13T15:11:28.347119,77.80,72.70,75.00,100.00
2026-05-13T15:11:28.452040,77.80,75.00,62.50,100.00
2026-05-13T15:11:28.556709,80.00,77.80,66.70,100.00
2026-05-13T15:11:28.661775,75.00,77.80,66.70,100.00
2026-05-13T15:11:28.766636,80.00,77.80,71.40,100.00
2026-05-13T15:11:28.871835,77.80,80.00,66.70,100.00
2026-05-13T15:11:28.977769,72.70,77.80,62.50,100.00
2026-05-13T15:11:29.084002,77.80,75.00,66.70,100.00
2026-05-13T15:11:29.189510,77.80,77.80,70.00,100.00
2026-05-13T15:11:29.295812,80.00,80.00,66.70,100.00
2026-05-13T15:11:29.403577,90.00,77.80,77.80,100.00
2026-05-13T15:11:29.509297,81.80,90.00,75.00,100.00
2026-05-13T15:11:29.616692,87.50,80.00,70.00,100.00
2026-05-13T15:11:29.722712,83.30,90.00,75.00,100.00
2026-05-13T15:11:29.829134,77.80,87.50,62.50,100.00
2026-05-13T15:11:29.937834,90.00,83.30,77.80,100.00
2026-05-13T15:11:30.043886,80.00,88.90,77.80,100.00
2026-05-13T15:11:30.150397,90.00,81.80,72.70,100.00
2026-05-13T15:11:30.255991,81.80,77.80,77.80,100.00
2026-05-13T15:11:30.361467,75.00,88.90,66.70,100.00
2026-05-13T15:11:30.466923,77.80,72.70,75.00,100.00
2026-05-13T15:11:30.572136,72.70,77.80,72.70,100.00
2026-05-13T15:11:30.681806,80.00,80.00,57.10,100.00
2026-05-13T15:11:30.789977,71.40,80.00,72.70,100.00
2026-05-13T15:11:30.895922,90.00,90.00,80.00,100.00
2026-05-13T15:11:31.002068,81.80,77.80,66.70,100.00
2026-05-13T15:11:31.107372,81.80,88.90,71.40,100.00
2026-05-13T15:11:31.211952,75.00,80.00,66.70,100.00
2026-05-13T15:11:31.317677,80.00,80.00,75.00,100.00
2026-05-13T15:11:31.424009,80.00,62.50,72.70,100.00
2026-05-13T15:11:31.531158,77.80,77.80,62.50,100.00
2026-05-13T15:11:31.636785,81.80,77.80,70.00,100.00
2026-05-13T15:11:31.742149,77.80,80.00,62.50,100.00
2026-05-13T15:11:31.849575,72.70,77.80,66.70,100.00
2026-05-13T15:11:31.955399,80.00,66.70,75.00,100.00
2026-05-13T15:11:32.061117,77.80,80.00,70.00,100.00
2026-05-13T15:11:32.166011,77.80,80.00,66.70,100.00
2026-05-13T15:11:32.270683,77.80,80.00,57.10,100.00
2026-05-13T15:11:32.376055,81.80,77.80,77.80,100.00
2026-05-13T15:11:32.481404,77.80,77.80,66.70,100.00
2026-05-13T15:11:32.586581,77.80,66.70,70.00,100.00
2026-05-13T15:11:32.692078,80.00,80.00,62.50,100.00
2026-05-13T15:11:32.798364,77.80,80.00,70.00,100.00
2026-05-13T15:11:32.905103,70.00,71.40,70.00,100.00
2026-05-13T15:11:33.010689,80.00,80.00,62.50,100.00
2026-05-13T15:11:33.119167,88.90,80.00,80.00,100.00
2026-05-13T15:11:33.226358,80.00,90.00,72.70,100.00
2026-05-13T15:11:33.334302,88.90,80.00,87.50,100.00
2026-05-13T15:11:33.440595,90.90,88.90,62.50,100.00
2026-05-13T15:11:33.546525,75.00,66.70,66.70,100.00
2026-05-13T15:11:33.654080,80.00,80.00,75.00,100.00
2026-05-13T15:11:33.759624,80.00,80.00,72.70,100.00
2026-05-13T15:11:33.866163,80.00,80.00,57.10,100.00
2026-05-13T15:11:33.971978,81.80,75.00,66.70,100.00
2026-05-13T15:11:34.079577,77.80,80.00,72.70,100.00
2026-05-13T15:11:34.185605,81.80,77.80,70.00,100.00
2026-05-13T15:11:34.291522,80.00,80.00,71.40,100.00
2026-05-13T15:11:34.399682,77.80,77.80,72.70,100.00
2026-05-13T15:11:34.506125,90.00,80.00,77.80,100.00
2026-05-13T15:11:34.612363,80.00,88.90,77.80,100.00
2026-05-13T15:11:34.719144,88.90,90.00,80.00,100.00
2026-05-13T15:11:34.826722,90.00,88.90,77.80,100.00
2026-05-13T15:11:34.932558,81.80,80.00,71.40,100.00
2026-05-13T15:11:35.039219,87.50,88.90,72.70,100.00
2026-05-13T15:11:35.145184,81.80,90.90,77.80,100.00
2026-05-13T15:11:35.252109,88.90,81.80,75.00,100.00
2026-05-13T15:11:35.357275,80.00,100.00,80.00,100.00
2026-05-13T15:11:35.463045,88.90,83.30,75.00,100.00
2026-05-13T15:11:35.567818,77.80,87.50,66.70,100.00
2026-05-13T15:11:35.674508,77.80,77.80,77.80,100.00
2026-05-13T15:11:35.780419,81.80,81.80,66.70,100.00
2026-05-13T15:11:35.886887,87.50,77.80,62.50,100.00
2026-05-13T15:11:35.994884,72.70,80.00,70.00,100.00
2026-05-13T15:11:36.100263,77.80,70.00,75.00,100.00
2026-05-13T15:11:36.210568,81.80,88.90,72.70,100.00
2026-05-13T15:11:36.317120,88.90,81.80,75.00,100.00
2026-05-13T15:11:36.422711,80.00,77.80,66.70,100.00
2026-05-13T15:11:36.529233,81.80,77.80,62.50,100.00
2026-05-13T15:11:36.634714,77.80,80.00,66.70,100.00
2026-05-13T15:11:36.740064,77.80,75.00,66.70,100.00
2026-05-13T15:11:36.845994,81.80,90.90,77.80,100.00
2026-05-13T15:11:36.952215,88.90,90.00,80.00,100.00
2026-05-13T15:11:37.058034,80.00,77.80,71.40,100.00
2026-05-13T15:11:37.163388,80.00,80.00,70.00,100.00
2026-05-13T15:11:37.268511,75.00,87.50,66.70,100.00
2026-05-13T15:11:37.376477,90.00,81.80,62.50,100.00
2026-05-13T15:11:37.482443,80.00,90.00,75.00,100.00
2026-05-13T15:11:37.588000,80.00,77.80,66.70,100.00
2026-05-13T15:11:37.693602,77.80,77.80,75.00,100.00
2026-05-13T15:11:37.800445,80.00,81.80,70.00,100.00
2026-05-13T15:11:37.907401,75.00,85.70,66.70,100.00
2026-05-13T15:11:38.013437,80.00,80.00,75.00,100.00
2026-05-13T15:11:38.118584,80.00,90.00,75.00,100.00
2026-05-13T15:11:38.224018,77.80,80.00,70.00,100.00
2026-05-13T15:11:38.329003,77.80,87.50,77.80,100.00
2026-05-13T15:11:38.434679,88.90,90.90,77.80,100.00
2026-05-13T15:11:38.541246,80.00,77.80,62.50,100.00
2026-05-13T15:11:38.647463,75.00,80.00,62.50,100.00
2026-05-13T15:11:38.753715,77.80,80.00,62.50,100.00
2026-05-13T15:11:38.859940,72.70,77.80,66.70,100.00
2026-05-13T15:11:38.965594,75.00,77.80,70.00,100.00
2026-05-13T15:11:39.071178,77.80,80.00,75.00,100.00
2026-05-13T15:11:39.177081,80.00,81.80,70.00,100.00
2026-05-13T15:11:39.282842,77.80,75.00,66.70,100.00
2026-05-13T15:11:39.388111,70.00,81.80,66.70,100.00
2026-05-13T15:11:39.493980,80.00,77.80,75.00,100.00
2026-05-13T15:11:39.599126,80.00,80.00,62.50,100.00
2026-05-13T15:11:39.705314,77.80,81.80,70.00,100.00
2026-05-13T15:11:39.812670,80.00,77.80,72.70,100.00
2026-05-13T15:11:39.918516,70.00,77.80,62.50,100.00
2026-05-13T15:11:40.024004,88.90,88.90,77.80,100.00
2026-05-13T15:11:40.131662,77.80,81.80,77.80,100.00
2026-05-13T15:11:40.237832,81.80,90.00,66.70,100.00
2026-05-13T15:11:40.343473,88.90,80.00,66.70,100.00
2026-05-13T15:11:40.449535,80.00,88.90,77.80,100.00
2026-05-13T15:11:40.556547,77.80,77.80,70.00,100.00
2026-05-13T15:11:40.664635,81.80,81.80,75.00,100.00
2026-05-13T15:11:40.772052,77.80,80.00,66.70,100.00
2026-05-13T15:11:40.878173,70.00,77.80,62.50,100.00
2026-05-13T15:11:40.984724,77.80,77.80,80.00,100.00
2026-05-13T15:11:41.090547,80.00,81.80,62.50,100.00
2026-05-13T15:11:41.197107,80.00,77.80,66.70,100.00
2026-05-13T15:11:41.305186,80.00,87.50,70.00,100.00
2026-05-13T15:11:41.410852,71.40,80.00,70.00,100.00
2026-05-13T15:11:41.516767,80.00,81.80,75.00,100.00
2026-05-13T15:11:41.622002,80.00,85.70,77.80,100.00
2026-05-13T15:11:41.728332,88.90,83.30,77.80,100.00
2026-05-13T15:11:41.836325,80.00,87.50,66.70,100.00
2026-05-13T15:11:41.943680,80.00,83.30,80.00,100.00
2026-05-13T15:11:42.048552,80.00,77.80,70.00,100.00
2026-05-13T15:11:42.155130,80.00,81.80,66.70,100.00
2026-05-13T15:11:42.261306,75.00,88.90,75.00,100.00
2026-05-13T15:11:42.367630,88.90,90.00,81.80,100.00
2026-05-13T15:11:42.475068,80.00,90.00,75.00,100.00
2026-05-13T15:11:42.582825,80.00,88.90,66.70,100.00
2026-05-13T15:11:42.687822,77.80,80.00,77.80,100.00
2026-05-13T15:11:42.792965,77.80,88.90,75.00,100.00
2026-05-13T15:11:42.897922,88.90,88.90,77.80,100.00
2026-05-13T15:11:43.004476,77.80,80.00,70.00,100.00
2026-05-13T15:11:43.111117,80.00,88.90,77.80,100.00
2026-05-13T15:11:43.216077,75.00,88.90,75.00,100.00
2026-05-13T15:11:43.322373,83.30,81.80,72.70,100.00
2026-05-13T15:11:43.427456,75.00,77.80,77.80,100.00
2026-05-13T15:11:43.532261,90.00,88.90,77.80,100.00
2026-05-13T15:11:43.637541,88.90,80.00,62.50,100.00
2026-05-13T15:11:43.743120,77.80,90.00,77.80,100.00
2026-05-13T15:11:43.848169,83.30,90.00,77.80,100.00
2026-05-13T15:11:43.957026,80.00,90.90,80.00,100.00
2026-05-13T15:11:44.062562,88.90,87.50,75.00,100.00
2026-05-13T15:11:44.168196,72.70,80.00,66.70,100.00
2026-05-13T15:11:44.273914,77.80,80.00,62.50,100.00
2026-05-13T15:11:44.380703,80.00,80.00,72.70,100.00
2026-05-13T15:11:44.486919,81.80,77.80,66.70,100.00
2026-05-13T15:11:44.592554,77.80,81.80,77.80,100.00
2026-05-13T15:11:44.699031,72.70,77.80,62.50,100.00
2026-05-13T15:11:44.804919,80.00,77.80,70.00,100.00
2026-05-13T15:11:44.912231,77.80,77.80,57.10,100.00
2026-05-13T15:11:45.017625,70.00,83.30,66.70,100.00
2026-05-13T15:11:45.123022,77.80,66.70,75.00,100.00
2026-05-13T15:11:45.229015,77.80,90.00,66.70,100.00
2026-05-13T15:11:45.334697,90.00,88.90,77.80,100.00
2026-05-13T15:11:45.440765,80.00,90.00,77.80,100.00
2026-05-13T15:11:45.546503,88.90,90.90,66.70,100.00
2026-05-13T15:11:45.652444,80.00,90.00,77.80,100.00
2026-05-13T15:11:45.759935,81.80,88.90,77.80,100.00
2026-05-13T15:11:45.869300,87.50,90.90,70.00,100.00
2026-05-13T15:11:45.975847,81.80,90.90,75.00,100.00
2026-05-13T15:11:46.082069,88.90,88.90,75.00,100.00
2026-05-13T15:11:46.188757,81.80,83.30,72.70,100.00
2026-05-13T15:11:46.294773,77.80,88.90,75.00,100.00
2026-05-13T15:11:46.400011,87.50,90.00,77.80,100.00
2026-05-13T15:11:46.509145,81.80,90.00,75.00,100.00
2026-05-13T15:11:46.614606,77.80,80.00,66.70,100.00
2026-05-13T15:11:46.723428,80.00,75.00,75.00,100.00
2026-05-13T15:11:46.828486,75.00,80.00,66.70,100.00
2026-05-13T15:11:46.934698,77.80,75.00,66.70,100.00
2026-05-13T15:11:47.040016,70.00,81.80,66.70,100.00
2026-05-13T15:11:47.146509,77.80,77.80,66.70,100.00
2026-05-13T15:11:47.251441,80.00,80.00,71.40,100.00
2026-05-13T15:11:47.357613,75.00,80.00,62.50,100.00
2026-05-13T15:11:47.464153,72.70,88.90,70.00,100.00
2026-05-13T15:11:47.570111,75.00,77.80,66.70,100.00
2026-05-13T15:11:47.674921,80.00,77.80,70.00,100.00
2026-05-13T15:11:47.779929,75.00,77.80,66.70,100.00
2026-05-13T15:11:47.886439,81.80,80.00,66.70,100.00
2026-05-13T15:11:47.991971,75.00,80.00,71.40,100.00
2026-05-13T15:11:48.097368,70.00,66.70,62.50,100.00
2026-05-13T15:11:48.204494,77.80,75.00,60.00,100.00
2026-05-13T15:11:48.310670,70.00,80.00,62.50,100.00
2026-05-13T15:11:48.416237,75.00,70.00,62.50,100.00
2026-05-13T15:11:48.521643,70.00,71.40,57.10,100.00
2026-05-13T15:11:48.629138,75.00,77.80,66.70,100.00
2026-05-13T15:11:48.735049,77.80,77.80,66.70,100.00
2026-05-13T15:11:48.840938,70.00,80.00,66.70,100.00
2026-05-13T15:11:48.946307,77.80,75.00,66.70,100.00
2026-05-13T15:11:49.051680,75.00,80.00,75.00,100.00
2026-05-13T15:11:49.156453,66.70,75.00,55.60,100.00
2026-05-13T15:11:49.261641,66.70,66.70,62.50,100.00
2026-05-13T15:11:49.367609,70.00,80.00,66.70,100.00
2026-05-13T15:11:49.473074,75.00,66.70,50.00,100.00
2026-05-13T15:11:49.578511,70.00,66.70,66.70,100.00
2026-05-13T15:11:49.683689,62.50,71.40,62.50,100.00
2026-05-13T15:11:49.789077,72.70,70.00,66.70,100.00
2026-05-13T15:11:49.893777,66.70,75.00,62.50,100.00
2026-05-13T15:11:49.998612,75.00,72.70,66.70,100.00
2026-05-13T15:11:50.103460,62.50,66.70,50.00,100.00
2026-05-13T15:11:50.211572,66.70,80.00,62.50,100.00
2026-05-13T15:11:50.317795,70.00,77.80,66.70,100.00
2026-05-13T15:11:50.423496,75.00,77.80,62.50,100.00
2026-05-13T15:11:50.533862,80.00,80.00,70.00,100.00
2026-05-13T15:11:50.638849,75.00,80.00,71.40,100.00
2026-05-13T15:11:50.743879,66.70,66.70,60.00,100.00
2026-05-13T15:11:50.848742,57.10,75.00,62.50,100.00
2026-05-13T15:11:50.953523,66.70,70.00,66.70,100.00
2026-05-13T15:11:51.058580,62.50,75.00,55.60,100.00
2026-05-13T15:11:51.163012,80.00,66.70,66.70,100.00
2026-05-13T15:11:51.268681,62.50,77.80,62.50,100.00
2026-05-13T15:11:51.373795,77.80,80.00,80.00,100.00
2026-05-13T15:11:51.479225,66.70,62.50,57.10,100.00
2026-05-13T15:11:51.585725,75.00,80.00,55.60,100.00
2026-05-13T15:11:51.690440,66.70,75.00,57.10,100.00
2026-05-13T15:11:51.795165,66.70,62.50,62.50,100.00
2026-05-13T15:11:51.901018,66.70,66.70,66.70,100.00
2026-05-13T15:11:52.006523,75.00,77.80,62.50,100.00
2026-05-13T15:11:52.111329,70.00,66.70,66.70,100.00
2026-05-13T15:11:52.216543,62.50,75.00,62.50,100.00
2026-05-13T15:11:52.322174,81.80,77.80,66.70,100.00
2026-05-13T15:11:52.428708,75.00,81.80,70.00,100.00
2026-05-13T15:11:52.535540,70.00,75.00,66.70,100.00
2026-05-13T15:11:52.640713,80.00,81.80,75.00,100.00
2026-05-13T15:11:52.745814,66.70,87.50,66.70,100.00
2026-05-13T15:11:52.851176,75.00,66.70,66.70,100.00
2026-05-13T15:11:52.956012,77.80,80.00,70.00,100.00
2026-05-13T15:11:53.063013,70.00,75.00,62.50,100.00
2026-05-13T15:11:53.167770,71.40,66.70,60.00,100.00
2026-05-13T15:11:53.272499,66.70,62.50,66.70,100.00
2026-05-13T15:11:53.378030,70.00,80.00,62.50,100.00
2026-05-13T15:11:53.483064,66.70,62.50,50.00,100.00
2026-05-13T15:11:53.588455,66.70,77.80,70.00,100.00
2026-05-13T15:11:53.694166,77.80,70.00,57.10,100.00
2026-05-13T15:11:53.801008,66.70,75.00,62.50,100.00
2026-05-13T15:11:53.907625,72.70,72.70,55.60,100.00
2026-05-13T15:11:54.012752,75.00,70.00,62.50,100.00
2026-05-13T15:11:54.118229,66.70,77.80,70.00,100.00
2026-05-13T15:11:54.223926,77.80,62.50,66.70,100.00
2026-05-13T15:11:54.331006,66.70,81.80,66.70,100.00
2026-05-13T15:11:54.436103,80.00,77.80,66.70,100.00
2026-05-13T15:11:54.543064,77.80,77.80,62.50,100.00
2026-05-13T15:11:54.648575,66.70,77.80,66.70,100.00
2026-05-13T15:11:54.753638,66.70,66.70,66.70,100.00
2026-05-13T15:11:54.858659,70.00,75.00,57.10,100.00
2026-05-13T15:11:54.963652,71.40,62.50,55.60,100.00
2026-05-13T15:11:55.067942,66.70,62.50,57.10,100.00
2026-05-13T15:11:55.172584,70.00,70.00,66.70,100.00
2026-05-13T15:11:55.277456,62.50,75.00,62.50,100.00
2026-05-13T15:11:55.382132,70.00,62.50,60.00,100.00
2026-05-13T15:11:55.486663,62.50,70.00,57.10,100.00
2026-05-13T15:11:55.591563,66.70,62.50,62.50,100.00
2026-05-13T15:11:55.696721,75.00,66.70,55.60,100.00
2026-05-13T15:11:55.802662,60.00,75.00,62.50,100.00
2026-05-13T15:11:55.908524,77.80,66.70,62.50,100.00
2026-05-13T15:11:56.014396,80.00,77.80,66.70,100.00
2026-05-13T15:11:56.119612,62.50,80.00,66.70,100.00
2026-05-13T15:11:56.225148,66.70,70.00,66.70,100.00
2026-05-13T15:11:56.330558,62.50,62.50,62.50,100.00
2026-05-13T15:11:56.435510,75.00,87.50,66.70,100.00
2026-05-13T15:11:56.540462,75.00,77.80,66.70,100.00
2026-05-13T15:11:56.645242,70.00,75.00,62.50,100.00
2026-05-13T15:11:56.751792,77.80,72.70,66.70,100.00
2026-05-13T15:11:56.856935,77.80,77.80,70.00,100.00
2026-05-13T15:11:56.962048,66.70,62.50,50.00,100.00
2026-05-13T15:11:57.067067,62.50,71.40,60.00,100.00
2026-05-13T15:11:57.171993,66.70,62.50,57.10,100.00
2026-05-13T15:11:57.276482,66.70,66.70,70.00,100.00
2026-05-13T15:11:57.381511,66.70,66.70,55.60,100.00
2026-05-13T15:11:57.486380,66.70,71.40,57.10,100.00
2026-05-13T15:11:57.591062,62.50,70.00,62.50,100.00
2026-05-13T15:11:57.696226,66.70,80.00,70.00,100.00
2026-05-13T15:11:57.801142,80.00,75.00,62.50,100.00
2026-05-13T15:11:57.906763,77.80,77.80,66.70,100.00
2026-05-13T15:11:58.011232,80.00,90.00,87.50,100.00
2026-05-13T15:11:58.116453,66.70,77.80,60.00,100.00
2026-05-13T15:11:58.222209,62.50,70.00,66.70,100.00
2026-05-13T15:11:58.327264,75.00,75.00,62.50,100.00
2026-05-13T15:11:58.433107,75.00,80.00,62.50,100.00
2026-05-13T15:11:58.538481,66.70,70.00,70.00,100.00
2026-05-13T15:11:58.645237,77.80,75.00,66.70,100.00
2026-05-13T15:11:58.750483,70.00,70.00,60.00,100.00
2026-05-13T15:11:58.856288,70.00,66.70,62.50,100.00
2026-05-13T15:11:58.961224,66.70,75.00,57.10,100.00
2026-05-13T15:11:59.066431,66.70,66.70,55.60,100.00
2026-05-13T15:11:59.171211,62.50,62.50,66.70,100.00
2026-05-13T15:11:59.276845,66.70,75.00,57.10,100.00
2026-05-13T15:11:59.382618,80.00,70.00,55.60,100.00
2026-05-13T15:11:59.488160,62.50,57.10,57.10,100.00
2026-05-13T15:11:59.594397,66.70,77.80,60.00,100.00
2026-05-13T15:11:59.699938,62.50,77.80,66.70,100.00
2026-05-13T15:11:59.805765,77.80,75.00,62.50,100.00
2026-05-13T15:11:59.911766,62.50,66.70,62.50,100.00
2026-05-13T15:12:00.017899,66.70,66.70,70.00,100.00
2026-05-13T15:12:00.123490,66.70,77.80,62.50,100.00
2026-05-13T15:12:00.229747,66.70,77.80,62.50,100.00
2026-05-13T15:12:00.335081,77.80,80.00,66.70,100.00
2026-05-13T15:12:00.441777,77.80,77.80,75.00,100.00
2026-05-13T15:12:00.548982,80.00,80.00,70.00,100.00
2026-05-13T15:12:00.653804,66.70,75.00,62.50,100.00
2026-05-13T15:12:00.760646,66.70,66.70,60.00,100.00
2026-05-13T15:12:00.865477,66.70,57.10,62.50,100.00
2026-05-13T15:12:00.970707,75.00,70.00,62.50,100.00
2026-05-13T15:12:01.075860,66.70,71.40,57.10,100.00
2026-05-13T15:12:01.181101,66.70,70.00,60.00,100.00
2026-05-13T15:12:01.285821,70.00,75.00,57.10,100.00
2026-05-13T15:12:01.391502,66.70,70.00,62.50,100.00
2026-05-13T15:12:01.496598,66.70,62.50,55.60,100.00
2026-05-13T15:12:01.602908,62.50,75.00,66.70,100.00
2026-05-13T15:12:01.708672,70.00,70.00,62.50,100.00
2026-05-13T15:12:01.816083,70.00,77.80,50.00,100.00
2026-05-13T15:12:01.921743,75.00,72.70,62.50,100.00
2026-05-13T15:12:02.028619,70.00,77.80,66.70,100.00
2026-05-13T15:12:02.134135,77.80,87.50,66.70,100.00
2026-05-13T15:12:02.239087,75.00,77.80,77.80,100.00
2026-05-13T15:12:02.344220,72.70,77.80,50.00,100.00
2026-05-13T15:12:02.449519,77.80,80.00,77.80,100.00
2026-05-13T15:12:02.555917,77.80,80.00,66.70,100.00
2026-05-13T15:12:02.661656,70.00,80.00,57.10,100.00
2026-05-13T15:12:02.767040,77.80,90.00,66.70,100.00
2026-05-13T15:12:02.872806,77.80,75.00,66.70,100.00
2026-05-13T15:12:03.052770,50.00,46.20,46.70,100.00
2026-05-13T15:12:03.157154,14.30,33.30,100.00,100.00
2026-05-13T15:12:03.260998,25.00,28.60,100.00,100.00
2026-05-13T15:12:03.364870,16.70,0.00,100.00,100.00
2026-05-13T15:12:03.469139,30.00,28.60,100.00,100.00
2026-05-13T15:12:03.573013,28.60,14.30,100.00,100.00
2026-05-13T15:12:03.677216,14.30,37.50,100.00,100.00
2026-05-13T15:12:03.781776,14.30,0.00,100.00,100.00
2026-05-13T15:12:03.886389,25.00,28.60,100.00,100.00
2026-05-13T15:12:03.991603,25.00,25.00,100.00,100.00
2026-05-13T15:12:04.096085,25.00,25.00,100.00,100.00
2026-05-13T15:12:04.200831,14.30,16.70,100.00,100.00
2026-05-13T15:12:04.305640,28.60,28.60,100.00,100.00
2026-05-13T15:12:04.409891,33.30,25.00,100.00,100.00
2026-05-13T15:12:04.514462,0.00,14.30,100.00,100.00
2026-05-13T15:12:04.619417,33.30,33.30,100.00,100.00
2026-05-13T15:12:04.724544,14.30,0.00,100.00,100.00
2026-05-13T15:12:04.829118,28.60,37.50,100.00,100.00
2026-05-13T15:12:04.933952,14.30,0.00,100.00,100.00
2026-05-13T15:12:05.039546,37.50,33.30,100.00,100.00
2026-05-13T15:12:05.144481,25.00,37.50,100.00,100.00
2026-05-13T15:12:05.249194,14.30,14.30,100.00,100.00
2026-05-13T15:12:05.353647,14.30,16.70,100.00,100.00
2026-05-13T15:12:05.457982,28.60,14.30,100.00,100.00
2026-05-13T15:12:05.562651,25.00,28.60,100.00,100.00
2026-05-13T15:12:05.667250,33.30,25.00,100.00,100.00
2026-05-13T15:12:05.771768,14.30,25.00,100.00,100.00
2026-05-13T15:12:05.876219,25.00,37.50,100.00,100.00
2026-05-13T15:12:05.981019,28.60,16.70,100.00,100.00
2026-05-13T15:12:06.085525,28.60,28.60,100.00,100.00
2026-05-13T15:12:06.189637,25.00,25.00,100.00,100.00
2026-05-13T15:12:06.294752,37.50,28.60,100.00,100.00
2026-05-13T15:12:06.398858,25.00,28.60,100.00,100.00
2026-05-13T15:12:06.503187,16.70,28.60,100.00,100.00
2026-05-13T15:12:06.608052,25.00,16.70,100.00,100.00
2026-05-13T15:12:06.712919,28.60,33.30,100.00,100.00
2026-05-13T15:12:06.817647,25.00,16.70,100.00,100.00
2026-05-13T15:12:06.921918,25.00,14.30,100.00,100.00
2026-05-13T15:12:07.026560,25.00,25.00,100.00,100.00
2026-05-13T15:12:07.131137,14.30,0.00,100.00,100.00
2026-05-13T15:12:07.235051,25.00,14.30,100.00,100.00
2026-05-13T15:12:07.339577,14.30,28.60,100.00,100.00
2026-05-13T15:12:07.444181,25.00,14.30,100.00,100.00
2026-05-13T15:12:07.549292,22.20,25.00,100.00,100.00
2026-05-13T15:12:07.653736,25.00,14.30,100.00,100.00
2026-05-13T15:12:07.758009,16.70,16.70,100.00,100.00
2026-05-13T15:12:07.862470,30.00,33.30,100.00,100.00
2026-05-13T15:12:07.968809,16.70,28.60,100.00,100.00
2026-05-13T15:12:08.073482,25.00,14.30,100.00,100.00
2026-05-13T15:12:08.177872,14.30,28.60,100.00,100.00
2026-05-13T15:12:08.281826,25.00,25.00,100.00,100.00
2026-05-13T15:12:08.386043,37.50,25.00,100.00,100.00
2026-05-13T15:12:08.490658,14.30,0.00,100.00,100.00
2026-05-13T15:12:08.595230,14.30,25.00,100.00,100.00
2026-05-13T15:12:08.699577,25.00,28.60,100.00,100.00
2026-05-13T15:12:08.804985,33.30,25.00,100.00,100.00
2026-05-13T15:12:08.909724,14.30,16.70,100.00,100.00
2026-05-13T15:12:09.016534,14.30,33.30,100.00,100.00
2026-05-13T15:12:09.120972,37.50,16.70,100.00,100.00
2026-05-13T15:12:09.225410,25.00,14.30,100.00,100.00
2026-05-13T15:12:09.329617,25.00,28.60,100.00,100.00
2026-05-13T15:12:09.434964,28.60,0.00,100.00,100.00
2026-05-13T15:12:09.539637,25.00,37.50,100.00,100.00
2026-05-13T15:12:09.643856,14.30,16.70,100.00,100.00
2026-05-13T15:12:09.748171,28.60,28.60,100.00,100.00
2026-05-13T15:12:09.853778,16.70,16.70,100.00,100.00
2026-05-13T15:12:09.958553,25.00,28.60,100.00,100.00
2026-05-13T15:12:10.064217,25.00,0.00,100.00,100.00
2026-05-13T15:12:10.168864,28.60,28.60,100.00,100.00
2026-05-13T15:12:10.273213,25.00,16.70,100.00,100.00
2026-05-13T15:12:10.377647,37.50,37.50,100.00,100.00
2026-05-13T15:12:10.481655,33.30,25.00,100.00,100.00
2026-05-13T15:12:10.585809,16.70,16.70,100.00,100.00
2026-05-13T15:12:10.690662,14.30,0.00,100.00,100.00
2026-05-13T15:12:10.795625,37.50,37.50,100.00,100.00
2026-05-13T15:12:10.900076,16.70,25.00,100.00,100.00
2026-05-13T15:12:11.004754,25.00,16.70,100.00,100.00
2026-05-13T15:12:11.109127,28.60,16.70,100.00,100.00
2026-05-13T15:12:11.213760,25.00,25.00,100.00,100.00
2026-05-13T15:12:11.318232,25.00,0.00,100.00,100.00
2026-05-13T15:12:11.423107,14.30,33.30,100.00,100.00
2026-05-13T15:12:11.527631,14.30,28.60,100.00,100.00
2026-05-13T15:12:11.632875,28.60,16.70,100.00,100.00
2026-05-13T15:12:11.737015,25.00,14.30,100.00,100.00
2026-05-13T15:12:11.841158,0.00,25.00,100.00,100.00
2026-05-13T15:12:11.945348,25.00,25.00,100.00,100.00
2026-05-13T15:12:12.050148,14.30,28.60,100.00,100.00
2026-05-13T15:12:12.154933,12.50,14.30,100.00,100.00
2026-05-13T15:12:12.260143,33.30,28.60,100.00,100.00
2026-05-13T15:12:12.364424,14.30,25.00,100.00,100.00
2026-05-13T15:12:12.468856,25.00,25.00,100.00,100.00
2026-05-13T15:12:12.573698,14.30,14.30,100.00,100.00
2026-05-13T15:12:12.677841,25.00,16.70,100.00,100.00
2026-05-13T15:12:12.782421,25.00,25.00,100.00,100.00
2026-05-13T15:12:12.887643,25.00,16.70,100.00,100.00
2026-05-13T15:12:12.991680,33.30,14.30,100.00,100.00
2026-05-13T15:12:13.096147,0.00,25.00,100.00,100.00
2026-05-13T15:12:13.199887,33.30,37.50,100.00,100.00
2026-05-13T15:12:13.304150,33.30,14.30,100.00,100.00
2026-05-13T15:12:13.408166,14.30,0.00,100.00,100.00
2026-05-13T15:12:13.512606,14.30,16.70,100.00,100.00
2026-05-13T15:12:13.616762,33.30,25.00,100.00,100.00
2026-05-13T15:12:13.721714,14.30,25.00,100.00,100.00
2026-05-13T15:12:13.826203,14.30,16.70,100.00,100.00
2026-05-13T15:12:13.930341,28.60,44.40,100.00,100.00
2026-05-13T15:12:14.034515,14.30,16.70,100.00,100.00
2026-05-13T15:12:14.139197,25.00,14.30,100.00,100.00
2026-05-13T15:12:14.243669,14.30,14.30,100.00,100.00
2026-05-13T15:12:14.349777,33.30,16.70,100.00,100.00
2026-05-13T15:12:14.454130,14.30,25.00,100.00,100.00
2026-05-13T15:12:14.558605,16.70,16.70,100.00,100.00
2026-05-13T15:12:14.662533,25.00,25.00,100.00,100.00
2026-05-13T15:12:14.766946,25.00,14.30,100.00,100.00
2026-05-13T15:12:14.871129,0.00,14.30,100.00,100.00
2026-05-13T15:12:14.975317,33.30,16.70,100.00,100.00
2026-05-13T15:12:15.079155,12.50,0.00,100.00,100.00
2026-05-13T15:12:15.183292,28.60,25.00,100.00,100.00
2026-05-13T15:12:15.287961,14.30,28.60,100.00,100.00
2026-05-13T15:12:15.392458,36.40,0.00,100.00,100.00
2026-05-13T15:12:15.496627,0.00,25.00,100.00,100.00
2026-05-13T15:12:15.601723,28.60,33.30,100.00,100.00
2026-05-13T15:12:15.706073,25.00,0.00,100.00,100.00
2026-05-13T15:12:15.810074,14.30,25.00,100.00,100.00
2026-05-13T15:12:15.914364,25.00,25.00,100.00,100.00
2026-05-13T15:12:16.019229,33.30,28.60,100.00,100.00
2026-05-13T15:12:16.123175,14.30,14.30,100.00,100.00
2026-05-13T15:12:16.227731,0.00,25.00,100.00,100.00
2026-05-13T15:12:16.332933,14.30,14.30,100.00,100.00
2026-05-13T15:12:16.437209,14.30,37.50,100.00,100.00
2026-05-13T15:12:16.541814,25.00,0.00,100.00,100.00
2026-05-13T15:12:16.645180,25.00,25.00,100.00,100.00
2026-05-13T15:12:16.750753,33.30,16.70,100.00,100.00
2026-05-13T15:12:16.856110,0.00,28.60,100.00,100.00
2026-05-13T15:12:16.960714,25.00,25.00,100.00,100.00
2026-05-13T15:12:17.066535,28.60,28.60,100.00,100.00
2026-05-13T15:12:17.170971,25.00,16.70,100.00,100.00
2026-05-13T15:12:17.276125,28.60,25.00,100.00,100.00
2026-05-13T15:12:17.381274,0.00,28.60,100.00,100.00
2026-05-13T15:12:17.486674,28.60,28.60,100.00,100.00
2026-05-13T15:12:17.592683,14.30,16.70,100.00,100.00
2026-05-13T15:12:17.697891,25.00,25.00,100.00,100.00
2026-05-13T15:12:17.802230,14.30,25.00,100.00,100.00
2026-05-13T15:12:17.906264,33.30,0.00,100.00,100.00
2026-05-13T15:12:18.009671,22.20,11.10,100.00,100.00
2026-05-13T15:12:18.112840,10.00,20.00,100.00,100.00
2026-05-13T15:12:18.216133,10.00,0.00,100.00,100.00
2026-05-13T15:12:18.319752,27.30,0.00,100.00,100.00
2026-05-13T15:12:18.423023,0.00,0.00,100.00,100.00
2026-05-13T15:12:18.526282,27.30,0.00,100.00,100.00
2026-05-13T15:12:18.629771,18.20,0.00,100.00,100.00
2026-05-13T15:12:18.733985,10.00,25.00,100.00,100.00
2026-05-13T15:12:18.837665,10.00,0.00,100.00,100.00
2026-05-13T15:12:18.941237,10.00,0.00,100.00,100.00
2026-05-13T15:12:19.044868,11.10,0.00,100.00,100.00
2026-05-13T15:12:19.148441,10.00,10.00,100.00,100.00
2026-05-13T15:12:19.251845,18.20,11.10,100.00,100.00
2026-05-13T15:12:19.355431,10.00,0.00,100.00,100.00
2026-05-13T15:12:19.458939,18.20,0.00,100.00,100.00
2026-05-13T15:12:19.562425,10.00,10.00,100.00,100.00
2026-05-13T15:12:19.665558,18.20,0.00,100.00,100.00
2026-05-13T15:12:19.769353,11.10,10.00,100.00,100.00
2026-05-13T15:12:19.872935,10.00,0.00,100.00,100.00
2026-05-13T15:12:19.976958,10.00,0.00,100.00,100.00
2026-05-13T15:12:20.080407,10.00,0.00,100.00,100.00
2026-05-13T15:12:20.183882,18.20,10.00,100.00,100.00
2026-05-13T15:12:20.287526,20.00,0.00,100.00,100.00
2026-05-13T15:12:20.390617,10.00,11.10,100.00,100.00
2026-05-13T15:12:20.493912,10.00,0.00,100.00,100.00
2026-05-13T15:12:20.597481,18.20,0.00,100.00,100.00
2026-05-13T15:12:20.700975,20.00,0.00,100.00,100.00
2026-05-13T15:12:20.804051,10.00,0.00,100.00,100.00
2026-05-13T15:12:20.907520,11.10,11.10,100.00,100.00
2026-05-13T15:12:21.010940,25.00,0.00,100.00,100.00
2026-05-13T15:12:21.114194,10.00,18.20,100.00,100.00
2026-05-13T15:12:21.217723,18.20,0.00,100.00,100.00
2026-05-13T15:12:21.321334,11.10,0.00,100.00,100.00
2026-05-13T15:12:21.424612,18.20,0.00,100.00,100.00
2026-05-13T15:12:21.527920,18.20,0.00,100.00,100.00
2026-05-13T15:12:21.631407,10.00,11.10,100.00,100.00
2026-05-13T15:12:21.734639,10.00,10.00,100.00,100.00
2026-05-13T15:12:21.838011,0.00,0.00,100.00,100.00
2026-05-13T15:12:21.941582,10.00,0.00,100.00,100.00
2026-05-13T15:12:22.044756,20.00,11.10,100.00,100.00
2026-05-13T15:12:22.148005,10.00,0.00,100.00,100.00
2026-05-13T15:12:22.251251,10.00,18.20,100.00,100.00
2026-05-13T15:12:22.354826,18.20,0.00,100.00,100.00
2026-05-13T15:12:22.458979,10.00,10.00,100.00,100.00
2026-05-13T15:12:22.562358,20.00,11.10,100.00,100.00
2026-05-13T15:12:22.665917,18.20,0.00,100.00,100.00
2026-05-13T15:12:22.769838,10.00,0.00,100.00,100.00
2026-05-13T15:12:22.873237,20.00,11.10,100.00,100.00
2026-05-13T15:12:22.976908,10.00,0.00,100.00,100.00
2026-05-13T15:12:23.081190,20.00,0.00,100.00,100.00
2026-05-13T15:12:23.185260,10.00,20.00,100.00,100.00
2026-05-13T15:12:23.289431,10.00,0.00,100.00,100.00
2026-05-13T15:12:23.393423,27.30,11.10,100.00,100.00
2026-05-13T15:12:23.496949,10.00,0.00,100.00,100.00
2026-05-13T15:12:23.600509,25.00,0.00,100.00,100.00
2026-05-13T15:12:23.703678,11.10,18.20,100.00,100.00
2026-05-13T15:12:23.806936,18.20,0.00,100.00,100.00
2026-05-13T15:12:23.910197,18.20,0.00,100.00,100.00
2026-05-13T15:12:24.013333,11.10,0.00,100.00,100.00
2026-05-13T15:12:24.116978,10.00,0.00,100.00,100.00
2026-05-13T15:12:24.220522,10.00,0.00,100.00,100.00
2026-05-13T15:12:24.324506,10.00,0.00,100.00,100.00
2026-05-13T15:12:24.427878,27.30,11.10,100.00,100.00
2026-05-13T15:12:24.531403,10.00,11.10,100.00,100.00
2026-05-13T15:12:24.635345,18.20,10.00,100.00,100.00
2026-05-13T15:12:24.739798,0.00,11.10,100.00,100.00
2026-05-13T15:12:24.843146,18.20,0.00,100.00,100.00
2026-05-13T15:12:24.946533,11.10,0.00,100.00,100.00
2026-05-13T15:12:25.050272,18.20,10.00,100.00,100.00
2026-05-13T15:12:25.153782,10.00,0.00,100.00,100.00
2026-05-13T15:12:25.257325,11.10,0.00,100.00,100.00
2026-05-13T15:12:25.360803,20.00,0.00,100.00,100.00
2026-05-13T15:12:25.464412,18.20,20.00,100.00,100.00
2026-05-13T15:12:25.568548,11.10,0.00,100.00,100.00
2026-05-13T15:12:25.671868,10.00,0.00,100.00,100.00
2026-05-13T15:12:25.775238,18.20,10.00,100.00,100.00
2026-05-13T15:12:25.878776,18.20,11.10,100.00,100.00
2026-05-13T15:12:25.982424,10.00,10.00,100.00,100.00
2026-05-13T15:12:26.085909,20.00,0.00,100.00,100.00
2026-05-13T15:12:26.189269,0.00,0.00,100.00,100.00
2026-05-13T15:12:26.292743,18.20,0.00,100.00,100.00
2026-05-13T15:12:26.396037,0.00,11.10,100.00,100.00
2026-05-13T15:12:26.499600,10.00,0.00,100.00,100.00
2026-05-13T15:12:26.603073,25.00,0.00,100.00,100.00
2026-05-13T15:12:26.706440,11.10,10.00,100.00,100.00
2026-05-13T15:12:26.809874,10.00,0.00,100.00,100.00
2026-05-13T15:12:26.913251,10.00,10.00,100.00,100.00
2026-05-13T15:12:27.016689,10.00,10.00,100.00,100.00
2026-05-13T15:12:27.119886,18.20,0.00,100.00,100.00
2026-05-13T15:12:27.223352,18.20,10.00,100.00,100.00
2026-05-13T15:12:27.326560,20.00,11.10,100.00,100.00
2026-05-13T15:12:27.429917,10.00,0.00,100.00,100.00
2026-05-13T15:12:27.533192,18.20,0.00,100.00,100.00
2026-05-13T15:12:27.636603,10.00,10.00,100.00,100.00
2026-05-13T15:12:27.740178,10.00,0.00,100.00,100.00
2026-05-13T15:12:27.844069,10.00,0.00,100.00,100.00
2026-05-13T15:12:27.947382,20.00,0.00,100.00,100.00
2026-05-13T15:12:28.050899,20.00,18.20,100.00,100.00
2026-05-13T15:12:28.154452,10.00,11.10,100.00,100.00
2026-05-13T15:12:28.257681,18.20,0.00,100.00,100.00
2026-05-13T15:12:28.360939,11.10,0.00,100.00,100.00
2026-05-13T15:12:28.464129,18.20,0.00,100.00,100.00
2026-05-13T15:12:28.567861,20.00,20.00,100.00,100.00
2026-05-13T15:12:28.671130,10.00,0.00,100.00,100.00
2026-05-13T15:12:28.774829,18.20,11.10,100.00,100.00
2026-05-13T15:12:28.878541,20.00,0.00,100.00,100.00
2026-05-13T15:12:28.981967,10.00,0.00,100.00,100.00
2026-05-13T15:12:29.085317,18.20,11.10,100.00,100.00
2026-05-13T15:12:29.188767,10.00,0.00,100.00,100.00
2026-05-13T15:12:29.291884,20.00,10.00,100.00,100.00
2026-05-13T15:12:29.395183,18.20,0.00,100.00,100.00
2026-05-13T15:12:29.498644,10.00,0.00,100.00,100.00
2026-05-13T15:12:29.602182,20.00,10.00,100.00,100.00
2026-05-13T15:12:29.705630,18.20,11.10,100.00,100.00
2026-05-13T15:12:29.808849,18.20,0.00,100.00,100.00
2026-05-13T15:12:29.912222,18.20,0.00,100.00,100.00
2026-05-13T15:12:30.015836,18.20,0.00,100.00,100.00
2026-05-13T15:12:30.119278,11.10,0.00,100.00,100.00
2026-05-13T15:12:30.222857,10.00,11.10,100.00,100.00
2026-05-13T15:12:30.326205,10.00,0.00,100.00,100.00
2026-05-13T15:12:30.429603,27.30,0.00,100.00,100.00
2026-05-13T15:12:30.533043,10.00,20.00,100.00,100.00
2026-05-13T15:12:30.636674,18.20,0.00,100.00,100.00
2026-05-13T15:12:30.740030,0.00,0.00,100.00,100.00
2026-05-13T15:12:30.843800,10.00,11.10,100.00,100.00
2026-05-13T15:12:30.947490,11.10,0.00,100.00,100.00
2026-05-13T15:12:31.050725,18.20,0.00,100.00,100.00
2026-05-13T15:12:31.154231,10.00,10.00,100.00,100.00
2026-05-13T15:12:31.257571,20.00,0.00,100.00,100.00
2026-05-13T15:12:31.360962,18.20,0.00,100.00,100.00
2026-05-13T15:12:31.464214,10.00,0.00,100.00,100.00
2026-05-13T15:12:31.567806,25.00,0.00,100.00,100.00
2026-05-13T15:12:31.671146,10.00,10.00,100.00,100.00
2026-05-13T15:12:31.774443,11.10,20.00,100.00,100.00
2026-05-13T15:12:31.878058,10.00,0.00,100.00,100.00
2026-05-13T15:12:31.981471,10.00,0.00,100.00,100.00
2026-05-13T15:12:32.084978,18.20,0.00,100.00,100.00
2026-05-13T15:12:32.188473,11.10,0.00,100.00,100.00
2026-05-13T15:12:32.291619,10.00,0.00,100.00,100.00
2026-05-13T15:12:32.394839,10.00,10.00,100.00,100.00
2026-05-13T15:12:32.498238,18.20,0.00,100.00,100.00
2026-05-13T15:12:32.601613,11.10,10.00,100.00,100.00
2026-05-13T15:12:32.704837,18.20,0.00,100.00,100.00
2026-05-13T15:12:32.808464,18.20,11.10,100.00,100.00
2026-05-13T15:12:32.911843,20.00,0.00,100.00,100.00
2026-05-13T15:12:33.016424,42.90,57.10,100.00,100.00
2026-05-13T15:12:33.122259,55.60,66.70,100.00,100.00
2026-05-13T15:12:33.227080,50.00,66.70,100.00,100.00
2026-05-13T15:12:33.332176,50.00,77.80,100.00,100.00
2026-05-13T15:12:33.437179,57.10,62.50,100.00,100.00
2026-05-13T15:12:33.541418,57.10,57.10,100.00,100.00
2026-05-13T15:12:33.646158,55.60,57.10,100.00,100.00
2026-05-13T15:12:33.751694,57.10,75.00,100.00,100.00
2026-05-13T15:12:33.858278,57.10,75.00,100.00,100.00
2026-05-13T15:12:33.963780,62.50,75.00,100.00,100.00
2026-05-13T15:12:34.068160,50.00,62.50,100.00,100.00
2026-05-13T15:12:34.172036,50.00,71.40,100.00,100.00
2026-05-13T15:12:34.276216,71.40,77.80,100.00,100.00
2026-05-13T15:12:34.384355,66.70,57.10,100.00,100.00
2026-05-13T15:12:34.488776,57.10,66.70,100.00,100.00
2026-05-13T15:12:34.593241,66.70,62.50,100.00,100.00
2026-05-13T15:12:34.699478,62.50,57.10,100.00,100.00
2026-05-13T15:12:34.805710,62.50,62.50,100.00,100.00
2026-05-13T15:12:34.911042,62.50,57.10,100.00,100.00
2026-05-13T15:12:35.018113,66.70,50.00,100.00,100.00
2026-05-13T15:12:35.122779,62.50,75.00,100.00,100.00
2026-05-13T15:12:35.228884,57.10,57.10,100.00,100.00
2026-05-13T15:12:35.333880,62.50,62.50,100.00,100.00
2026-05-13T15:12:35.440342,66.70,62.50,100.00,100.00
2026-05-13T15:12:35.546867,57.10,66.70,100.00,100.00
2026-05-13T15:12:35.650908,66.70,62.50,100.00,100.00
2026-05-13T15:12:35.756071,57.10,66.70,100.00,100.00
2026-05-13T15:12:35.861915,62.50,57.10,100.00,100.00
2026-05-13T15:12:35.966231,66.70,62.50,100.00,100.00
2026-05-13T15:12:36.072767,57.10,62.50,100.00,100.00
2026-05-13T15:12:36.178228,75.00,57.10,100.00,100.00
2026-05-13T15:12:36.283687,57.10,62.50,100.00,100.00
2026-05-13T15:12:36.391166,57.10,71.40,100.00,100.00
2026-05-13T15:12:36.496580,66.70,66.70,100.00,100.00
2026-05-13T15:12:36.601052,66.70,66.70,100.00,100.00
2026-05-13T15:12:36.708017,66.70,66.70,100.00,100.00
2026-05-13T15:12:36.813401,57.10,57.10,100.00,100.00
2026-05-13T15:12:36.919079,85.70,66.70,100.00,100.00
2026-05-13T15:12:37.026030,70.00,75.00,100.00,100.00
2026-05-13T15:12:37.131149,71.40,75.00,100.00,100.00
2026-05-13T15:12:37.238003,75.00,77.80,100.00,100.00
2026-05-13T15:12:37.343440,62.50,77.80,100.00,100.00
2026-05-13T15:12:37.448470,71.40,62.50,100.00,100.00
2026-05-13T15:12:37.553560,55.60,66.70,100.00,100.00
2026-05-13T15:12:37.658421,57.10,66.70,100.00,100.00
2026-05-13T15:12:37.762814,66.70,62.50,100.00,100.00
2026-05-13T15:12:37.868861,50.00,57.10,100.00,100.00
2026-05-13T15:12:37.972933,62.50,62.50,100.00,100.00
2026-05-13T15:12:38.078447,66.70,77.80,100.00,100.00
2026-05-13T15:12:38.183079,57.10,66.70,100.00,100.00
2026-05-13T15:12:38.288590,66.70,62.50,100.00,100.00
2026-05-13T15:12:38.393158,66.70,77.80,100.00,100.00
2026-05-13T15:12:38.498184,62.50,71.40,100.00,100.00
2026-05-13T15:12:38.602772,62.50,66.70,100.00,100.00
2026-05-13T15:12:38.709417,62.50,57.10,100.00,100.00
2026-05-13T15:12:38.813260,50.00,62.50,100.00,100.00
2026-05-13T15:12:38.918516,66.70,62.50,100.00,100.00
2026-05-13T15:12:39.031643,70.00,75.00,100.00,100.00
2026-05-13T15:12:39.137407,62.50,66.70,100.00,100.00
2026-05-13T15:12:39.242669,50.00,75.00,100.00,100.00
2026-05-13T15:12:39.347765,62.50,57.10,100.00,100.00
2026-05-13T15:12:39.452793,57.10,75.00,100.00,100.00
2026-05-13T15:12:39.558216,62.50,62.50,100.00,100.00
2026-05-13T15:12:39.663962,57.10,75.00,100.00,100.00
2026-05-13T15:12:39.768898,50.00,66.70,100.00,100.00
2026-05-13T15:12:39.874038,62.50,71.40,100.00,100.00
2026-05-13T15:12:39.980455,66.70,57.10,100.00,100.00
2026-05-13T15:12:40.085491,62.50,75.00,100.00,100.00
2026-05-13T15:12:40.190724,57.10,62.50,100.00,100.00
2026-05-13T15:12:40.295647,57.10,62.50,100.00,100.00
2026-05-13T15:12:40.400735,71.40,66.70,100.00,100.00
2026-05-13T15:12:40.506995,55.60,75.00,100.00,100.00
2026-05-13T15:12:40.612182,71.40,62.50,100.00,100.00
2026-05-13T15:12:40.718397,57.10,62.50,100.00,100.00
2026-05-13T15:12:40.823552,55.60,71.40,100.00,100.00
2026-05-13T15:12:40.928988,71.40,62.50,100.00,100.00
2026-05-13T15:12:41.033857,62.50,57.10,100.00,100.00
2026-05-13T15:12:41.140047,57.10,62.50,100.00,100.00
2026-05-13T15:12:41.244867,50.00,62.50,100.00,100.00
2026-05-13T15:12:41.350323,57.10,75.00,100.00,100.00
2026-05-13T15:12:41.458182,62.50,62.50,100.00,100.00
2026-05-13T15:12:41.566139,70.00,75.00,100.00,100.00
2026-05-13T15:12:41.673120,62.50,66.70,100.00,100.00
2026-05-13T15:12:41.780672,62.50,62.50,100.00,100.00
2026-05-13T15:12:41.886375,57.10,71.40,100.00,100.00
2026-05-13T15:12:41.993073,75.00,66.70,100.00,100.00
2026-05-13T15:12:42.098175,57.10,71.40,100.00,100.00
2026-05-13T15:12:42.203784,70.00,62.50,100.00,100.00
2026-05-13T15:12:42.310871,50.00,62.50,100.00,100.00
2026-05-13T15:12:42.417198,75.00,57.10,100.00,100.00
2026-05-13T15:12:42.523294,62.50,62.50,100.00,100.00
2026-05-13T15:12:42.627914,62.50,62.50,100.00,100.00
2026-05-13T15:12:42.734469,57.10,75.00,100.00,100.00
2026-05-13T15:12:42.838506,62.50,50.00,100.00,100.00
2026-05-13T15:12:42.944102,50.00,57.10,100.00,100.00
2026-05-13T15:12:43.048365,57.10,66.70,100.00,100.00
2026-05-13T15:12:43.153060,62.50,66.70,100.00,100.00
2026-05-13T15:12:43.259087,62.50,62.50,100.00,100.00
2026-05-13T15:12:43.365509,71.40,57.10,100.00,100.00
2026-05-13T15:12:43.471634,62.50,62.50,100.00,100.00
2026-05-13T15:12:43.576425,66.70,66.70,100.00,100.00
2026-05-13T15:12:43.683221,42.90,66.70,100.00,100.00
2026-05-13T15:12:43.789273,75.00,66.70,100.00,100.00
2026-05-13T15:12:43.894741,62.50,75.00,100.00,100.00
2026-05-13T15:12:43.999518,87.50,77.80,100.00,100.00
2026-05-13T15:12:44.107376,72.70,75.00,100.00,100.00
2026-05-13T15:12:44.211825,66.70,62.50,100.00,100.00
2026-05-13T15:12:44.317982,77.80,77.80,100.00,100.00
2026-05-13T15:12:44.421944,75.00,75.00,100.00,100.00
2026-05-13T15:12:44.527850,77.80,75.00,100.00,100.00
2026-05-13T15:12:44.633631,62.50,75.00,100.00,100.00
2026-05-13T15:12:44.738875,71.40,66.70,100.00,100.00
2026-05-13T15:12:44.845337,62.50,71.40,100.00,100.00
2026-05-13T15:12:44.949988,57.10,50.00,100.00,100.00
2026-05-13T15:12:45.054950,66.70,70.00,100.00,100.00
2026-05-13T15:12:45.159585,50.00,71.40,100.00,100.00
2026-05-13T15:12:45.266487,50.00,55.60,100.00,100.00
2026-05-13T15:12:45.370946,62.50,66.70,100.00,100.00
2026-05-13T15:12:45.477132,57.10,66.70,100.00,100.00
2026-05-13T15:12:45.581043,57.10,57.10,100.00,100.00
2026-05-13T15:12:45.686944,66.70,66.70,100.00,100.00
2026-05-13T15:12:45.794205,72.70,75.00,100.00,100.00
2026-05-13T15:12:45.901249,71.40,75.00,100.00,100.00
2026-05-13T15:12:46.009551,71.40,71.40,100.00,100.00
2026-05-13T15:12:46.116718,57.10,70.00,100.00,100.00
2026-05-13T15:12:46.221766,75.00,75.00,100.00,100.00
2026-05-13T15:12:46.328240,62.50,62.50,100.00,100.00
2026-05-13T15:12:46.433960,57.10,71.40,100.00,100.00
2026-05-13T15:12:46.539206,57.10,62.50,100.00,100.00
2026-05-13T15:12:46.645426,66.70,57.10,100.00,100.00
2026-05-13T15:12:46.752026,50.00,66.70,100.00,100.00
2026-05-13T15:12:46.857930,66.70,66.70,100.00,100.00
2026-05-13T15:12:46.963382,50.00,75.00,100.00,100.00
2026-05-13T15:12:47.072614,71.40,62.50,100.00,100.00
2026-05-13T15:12:47.177594,66.70,62.50,100.00,100.00
2026-05-13T15:12:47.283050,57.10,62.50,100.00,100.00
2026-05-13T15:12:47.388946,62.50,66.70,100.00,100.00
2026-05-13T15:12:47.493722,71.40,70.00,100.00,100.00
2026-05-13T15:12:47.598597,66.70,66.70,100.00,100.00
2026-05-13T15:12:47.707003,70.00,72.70,100.00,100.00
2026-05-13T15:12:47.812063,71.40,75.00,100.00,100.00
2026-05-13T15:12:47.919163,70.00,71.40,100.00,100.00
2026-05-13T15:12:48.022915,0.00,20.00,100.00,100.00
2026-05-13T15:12:48.126587,22.20,22.20,100.00,100.00
2026-05-13T15:12:48.229958,11.10,0.00,100.00,100.00
2026-05-13T15:12:48.333218,10.00,20.00,100.00,100.00
2026-05-13T15:12:48.437256,11.10,10.00,100.00,100.00
2026-05-13T15:12:48.540940,0.00,20.00,100.00,100.00
2026-05-13T15:12:48.644179,18.20,0.00,100.00,100.00
2026-05-13T15:12:48.747639,11.10,0.00,100.00,100.00
2026-05-13T15:12:48.851115,10.00,0.00,100.00,100.00
2026-05-13T15:12:48.954840,11.10,11.10,100.00,100.00
2026-05-13T15:12:49.058380,27.30,10.00,100.00,100.00
2026-05-13T15:12:49.161935,27.30,11.10,100.00,100.00
2026-05-13T15:12:49.265444,18.20,0.00,100.00,100.00
2026-05-13T15:12:49.368737,20.00,0.00,100.00,100.00
2026-05-13T15:12:49.472385,10.00,0.00,100.00,100.00
2026-05-13T15:12:49.575666,20.00,20.00,100.00,100.00
2026-05-13T15:12:49.678948,20.00,0.00,100.00,100.00
2026-05-13T15:12:49.782745,18.20,0.00,100.00,100.00
2026-05-13T15:12:49.886342,11.10,11.10,100.00,100.00
2026-05-13T15:12:49.990232,27.30,11.10,100.00,100.00
2026-05-13T15:12:50.093859,20.00,0.00,100.00,100.00
2026-05-13T15:12:50.197631,10.00,0.00,100.00,100.00
2026-05-13T15:12:50.300948,11.10,0.00,100.00,100.00
2026-05-13T15:12:50.404487,20.00,11.10,100.00,100.00
2026-05-13T15:12:50.508073,10.00,0.00,100.00,100.00
2026-05-13T15:12:50.611716,11.10,11.10,100.00,100.00
2026-05-13T15:12:50.715427,11.10,11.10,100.00,100.00
2026-05-13T15:12:50.819591,18.20,11.10,100.00,100.00
2026-05-13T15:12:50.923489,0.00,0.00,100.00,100.00
2026-05-13T15:12:51.027142,20.00,0.00,100.00,100.00
2026-05-13T15:12:51.130559,10.00,11.10,100.00,100.00
2026-05-13T15:12:51.234111,11.10,10.00,100.00,100.00
2026-05-13T15:12:51.337786,11.10,0.00,100.00,100.00
2026-05-13T15:12:51.441954,10.00,0.00,100.00,100.00
2026-05-13T15:12:51.545757,20.00,0.00,100.00,100.00
2026-05-13T15:12:51.649444,11.10,11.10,100.00,100.00
2026-05-13T15:12:51.753982,11.10,0.00,100.00,100.00
2026-05-13T15:12:51.857437,11.10,11.10,100.00,100.00
2026-05-13T15:12:51.960835,18.20,0.00,100.00,100.00
2026-05-13T15:12:52.064418,20.00,11.10,100.00,100.00
2026-05-13T15:12:52.167717,11.10,0.00,100.00,100.00
2026-05-13T15:12:52.271563,18.20,11.10,100.00,100.00
2026-05-13T15:12:52.375197,11.10,11.10,100.00,100.00
2026-05-13T15:12:52.478760,10.00,0.00,100.00,100.00
2026-05-13T15:12:52.582612,20.00,10.00,100.00,100.00
2026-05-13T15:12:52.686158,20.00,0.00,100.00,100.00
2026-05-13T15:12:52.789784,18.20,0.00,100.00,100.00
2026-05-13T15:12:52.893240,0.00,20.00,100.00,100.00
2026-05-13T15:12:52.996674,20.00,20.00,100.00,100.00
2026-05-13T15:12:53.100194,27.30,0.00,100.00,100.00
2026-05-13T15:12:53.203701,18.20,0.00,100.00,100.00
2026-05-13T15:12:53.307147,20.00,11.10,100.00,100.00
2026-05-13T15:12:53.410606,20.00,11.10,100.00,100.00
2026-05-13T15:12:53.513828,10.00,0.00,100.00,100.00
2026-05-13T15:12:53.617306,20.00,0.00,100.00,100.00
2026-05-13T15:12:53.720710,18.20,0.00,100.00,100.00
2026-05-13T15:12:53.824150,11.10,0.00,100.00,100.00
2026-05-13T15:12:53.927827,27.30,20.00,100.00,100.00
2026-05-13T15:12:54.031310,33.30,0.00,100.00,100.00
2026-05-13T15:12:54.134890,10.00,11.10,100.00,100.00
2026-05-13T15:12:54.239437,20.00,11.10,100.00,100.00
2026-05-13T15:12:54.346054,20.00,0.00,100.00,100.00
2026-05-13T15:12:54.450836,20.00,20.00,100.00,100.00
2026-05-13T15:12:54.554518,11.10,12.50,100.00,100.00
2026-05-13T15:12:54.658373,11.10,0.00,100.00,100.00
2026-05-13T15:12:54.761802,10.00,0.00,100.00,100.00
2026-05-13T15:12:54.865599,20.00,0.00,100.00,100.00
2026-05-13T15:12:54.968893,11.10,18.20,100.00,100.00
2026-05-13T15:12:55.072271,18.20,0.00,100.00,100.00
2026-05-13T15:12:55.176133,11.10,0.00,100.00,100.00
2026-05-13T15:12:55.279669,10.00,11.10,100.00,100.00
2026-05-13T15:12:55.383379,20.00,0.00,100.00,100.00
2026-05-13T15:12:55.487080,0.00,11.10,100.00,100.00
2026-05-13T15:12:55.590769,10.00,11.10,100.00,100.00
2026-05-13T15:12:55.694145,11.10,0.00,100.00,100.00
2026-05-13T15:12:55.797852,10.00,0.00,100.00,100.00
2026-05-13T15:12:55.901233,11.10,20.00,100.00,100.00
2026-05-13T15:12:56.004883,25.00,11.10,100.00,100.00
2026-05-13T15:12:56.108254,11.10,0.00,100.00,100.00
2026-05-13T15:12:56.211857,18.20,11.10,100.00,100.00
2026-05-13T15:12:56.315583,11.10,11.10,100.00,100.00
2026-05-13T15:12:56.419024,20.00,0.00,100.00,100.00
2026-05-13T15:12:56.522525,18.20,0.00,100.00,100.00
2026-05-13T15:12:56.626139,20.00,11.10,100.00,100.00
2026-05-13T15:12:56.729993,25.00,10.00,100.00,100.00
2026-05-13T15:12:56.833453,11.10,0.00,100.00,100.00
2026-05-13T15:12:56.937144,10.00,0.00,100.00,100.00
2026-05-13T15:12:57.040760,11.10,11.10,100.00,100.00
2026-05-13T15:12:57.144125,20.00,0.00,100.00,100.00
2026-05-13T15:12:57.247680,20.00,11.10,100.00,100.00
2026-05-13T15:12:57.351026,10.00,11.10,100.00,100.00
2026-05-13T15:12:57.454979,11.10,0.00,100.00,100.00
2026-05-13T15:12:57.558493,20.00,0.00,100.00,100.00
2026-05-13T15:12:57.662016,10.00,0.00,100.00,100.00
2026-05-13T15:12:57.765619,27.30,11.10,100.00,100.00
2026-05-13T15:12:57.869112,18.20,0.00,100.00,100.00
2026-05-13T15:12:57.972640,27.30,11.10,100.00,100.00
2026-05-13T15:12:58.076410,20.00,12.50,100.00,100.00
2026-05-13T15:12:58.179951,27.30,11.10,100.00,100.00
2026-05-13T15:12:58.283470,0.00,0.00,100.00,100.00
2026-05-13T15:12:58.386797,27.30,20.00,100.00,100.00
2026-05-13T15:12:58.490290,20.00,0.00,100.00,100.00
2026-05-13T15:12:58.593773,27.30,0.00,100.00,100.00
2026-05-13T15:12:58.697114,10.00,11.10,100.00,100.00
2026-05-13T15:12:58.800771,11.10,0.00,100.00,100.00
2026-05-13T15:12:58.904229,25.00,11.10,100.00,100.00
2026-05-13T15:12:59.007856,20.00,11.10,100.00,100.00
2026-05-13T15:12:59.111035,18.20,0.00,100.00,100.00
2026-05-13T15:12:59.214235,11.10,11.10,100.00,100.00
2026-05-13T15:12:59.317900,20.00,11.10,100.00,100.00
2026-05-13T15:12:59.421598,20.00,0.00,100.00,100.00
2026-05-13T15:12:59.524979,10.00,0.00,100.00,100.00
2026-05-13T15:12:59.628784,20.00,11.10,100.00,100.00
2026-05-13T15:12:59.732461,27.30,0.00,100.00,100.00
2026-05-13T15:12:59.835893,10.00,0.00,100.00,100.00
2026-05-13T15:12:59.939678,11.10,11.10,100.00,100.00
2026-05-13T15:13:00.042971,18.20,20.00,100.00,100.00
2026-05-13T15:13:00.146418,20.00,11.10,100.00,100.00
2026-05-13T15:13:00.249747,20.00,0.00,100.00,100.00
2026-05-13T15:13:00.353254,27.30,0.00,100.00,100.00
2026-05-13T15:13:00.456714,25.00,0.00,100.00,100.00
2026-05-13T15:13:00.560162,20.00,11.10,100.00,100.00
2026-05-13T15:13:00.663900,11.10,0.00,100.00,100.00
2026-05-13T15:13:00.767449,20.00,11.10,100.00,100.00
2026-05-13T15:13:00.871209,27.30,0.00,100.00,100.00
2026-05-13T15:13:00.974843,11.10,0.00,100.00,100.00
2026-05-13T15:13:01.078538,18.20,0.00,100.00,100.00
2026-05-13T15:13:01.181963,11.10,11.10,100.00,100.00
2026-05-13T15:13:01.285774,11.10,0.00,100.00,100.00
2026-05-13T15:13:01.389197,18.20,0.00,100.00,100.00
2026-05-13T15:13:01.493067,20.00,20.00,100.00,100.00
2026-05-13T15:13:01.596791,18.20,11.10,100.00,100.00
2026-05-13T15:13:01.700408,11.10,0.00,100.00,100.00
2026-05-13T15:13:01.804053,11.10,0.00,100.00,100.00
2026-05-13T15:13:01.907639,10.00,0.00,100.00,100.00
2026-05-13T15:13:02.011036,20.00,20.00,100.00,100.00
2026-05-13T15:13:02.114474,11.10,0.00,100.00,100.00
2026-05-13T15:13:02.217981,27.30,0.00,100.00,100.00
2026-05-13T15:13:02.321443,10.00,0.00,100.00,100.00
2026-05-13T15:13:02.424938,0.00,20.00,100.00,100.00
2026-05-13T15:13:02.528926,18.20,0.00,100.00,100.00
2026-05-13T15:13:02.632238,20.00,0.00,100.00,100.00
2026-05-13T15:13:02.736548,11.10,0.00,100.00,100.00
2026-05-13T15:13:02.840115,10.00,0.00,100.00,100.00
2026-05-13T15:13:02.944668,27.30,20.00,100.00,100.00
2026-05-13T15:13:03.048502,16.70,28.60,100.00,100.00
2026-05-13T15:13:03.152739,16.70,16.70,100.00,100.00
2026-05-13T15:13:03.256671,25.00,28.60,100.00,100.00
2026-05-13T15:13:03.361428,28.60,28.60,100.00,100.00
2026-05-13T15:13:03.465886,37.50,28.60,100.00,100.00
2026-05-13T15:13:03.570818,25.00,28.60,100.00,100.00
2026-05-13T15:13:03.675337,37.50,25.00,100.00,100.00
2026-05-13T15:13:03.779973,14.30,16.70,100.00,100.00
2026-05-13T15:13:03.884951,0.00,37.50,100.00,100.00
2026-05-13T15:13:03.989671,28.60,28.60,100.00,100.00
2026-05-13T15:13:04.094696,33.30,16.70,100.00,100.00
2026-05-13T15:13:04.199816,28.60,28.60,100.00,100.00
2026-05-13T15:13:04.304233,28.60,42.90,100.00,100.00
2026-05-13T15:13:04.409836,25.00,37.50,100.00,100.00
2026-05-13T15:13:04.514696,28.60,28.60,100.00,100.00
2026-05-13T15:13:04.620202,14.30,28.60,100.00,100.00
2026-05-13T15:13:04.725478,28.60,28.60,100.00,100.00
2026-05-13T15:13:04.830629,14.30,28.60,100.00,100.00
2026-05-13T15:13:04.935353,37.50,28.60,100.00,100.00
2026-05-13T15:13:05.040906,28.60,28.60,100.00,100.00
2026-05-13T15:13:05.145034,25.00,28.60,100.00,100.00
2026-05-13T15:13:05.249843,16.70,37.50,100.00,100.00
2026-05-13T15:13:05.354807,33.30,28.60,100.00,100.00
2026-05-13T15:13:05.459623,16.70,25.00,100.00,100.00
2026-05-13T15:13:05.564574,40.00,16.70,100.00,100.00
2026-05-13T15:13:05.669637,16.70,42.90,100.00,100.00
2026-05-13T15:13:05.774512,33.30,37.50,100.00,100.00
2026-05-13T15:13:05.879926,25.00,16.70,100.00,100.00
2026-05-13T15:13:05.984889,28.60,28.60,100.00,100.00
2026-05-13T15:13:06.090076,14.30,42.90,100.00,100.00
2026-05-13T15:13:06.194753,37.50,14.30,100.00,100.00
2026-05-13T15:13:06.298931,14.30,42.90,100.00,100.00
2026-05-13T15:13:06.404212,37.50,37.50,100.00,100.00
2026-05-13T15:13:06.509122,0.00,20.00,100.00,100.00
2026-05-13T15:13:06.613996,37.50,37.50,100.00,100.00
2026-05-13T15:13:06.722933,28.60,37.50,100.00,100.00
2026-05-13T15:13:06.827974,14.30,28.60,100.00,100.00
2026-05-13T15:13:06.932160,44.40,16.70,100.00,100.00
2026-05-13T15:13:07.037858,0.00,16.70,100.00,100.00
2026-05-13T15:13:07.142519,37.50,33.30,100.00,100.00
2026-05-13T15:13:07.246834,25.00,20.00,100.00,100.00
2026-05-13T15:13:07.351637,16.70,16.70,100.00,100.00
2026-05-13T15:13:07.456524,25.00,25.00,100.00,100.00
2026-05-13T15:13:07.561585,14.30,28.60,100.00,100.00
2026-05-13T15:13:07.667212,37.50,16.70,100.00,100.00
2026-05-13T15:13:07.771894,28.60,16.70,100.00,100.00
2026-05-13T15:13:07.877440,14.30,37.50,100.00,100.00
2026-05-13T15:13:07.982045,28.60,28.60,100.00,100.00
2026-05-13T15:13:08.086816,28.60,50.00,100.00,100.00
2026-05-13T15:13:08.191493,28.60,16.70,100.00,100.00
2026-05-13T15:13:08.296384,33.30,28.60,100.00,100.00
2026-05-13T15:13:08.401629,28.60,16.70,100.00,100.00
2026-05-13T15:13:08.506918,28.60,37.50,100.00,100.00
2026-05-13T15:13:08.612121,25.00,16.70,100.00,100.00
2026-05-13T15:13:08.716529,28.60,28.60,100.00,100.00
2026-05-13T15:13:08.823897,14.30,28.60,100.00,100.00
2026-05-13T15:13:08.927826,37.50,42.90,100.00,100.00
2026-05-13T15:13:09.032282,16.70,37.50,100.00,100.00
2026-05-13T15:13:09.138049,33.30,14.30,100.00,100.00
2026-05-13T15:13:09.243413,0.00,16.70,100.00,100.00
2026-05-13T15:13:09.348120,33.30,28.60,100.00,100.00
2026-05-13T15:13:09.453183,16.70,28.60,100.00,100.00
2026-05-13T15:13:09.557634,28.60,28.60,100.00,100.00
2026-05-13T15:13:09.663039,14.30,28.60,100.00,100.00
2026-05-13T15:13:09.768697,28.60,37.50,100.00,100.00
2026-05-13T15:13:09.873104,25.00,0.00,100.00,100.00
2026-05-13T15:13:09.979574,28.60,37.50,100.00,100.00
2026-05-13T15:13:10.084685,33.30,16.70,100.00,100.00
2026-05-13T15:13:10.189084,16.70,28.60,100.00,100.00
2026-05-13T15:13:10.293961,25.00,28.60,100.00,100.00
2026-05-13T15:13:10.398569,16.70,28.60,100.00,100.00
2026-05-13T15:13:10.503634,28.60,28.60,100.00,100.00
2026-05-13T15:13:10.607872,14.30,28.60,100.00,100.00
2026-05-13T15:13:10.711994,37.50,16.70,100.00,100.00
2026-05-13T15:13:10.816835,28.60,37.50,100.00,100.00
2026-05-13T15:13:10.921383,28.60,28.60,100.00,100.00
2026-05-13T15:13:11.025640,16.70,28.60,100.00,100.00
2026-05-13T15:13:11.129925,14.30,28.60,100.00,100.00
2026-05-13T15:13:11.234995,28.60,37.50,100.00,100.00
2026-05-13T15:13:11.340711,28.60,28.60,100.00,100.00
2026-05-13T15:13:11.446198,28.60,33.30,100.00,100.00
2026-05-13T15:13:11.550866,14.30,33.30,100.00,100.00
2026-05-13T15:13:11.655494,28.60,0.00,100.00,100.00
2026-05-13T15:13:11.760422,25.00,37.50,100.00,100.00
2026-05-13T15:13:11.865420,16.70,16.70,100.00,100.00
2026-05-13T15:13:11.971267,28.60,37.50,100.00,100.00
2026-05-13T15:13:12.076445,28.60,42.90,100.00,100.00
2026-05-13T15:13:12.180500,28.60,28.60,100.00,100.00
2026-05-13T15:13:12.284853,25.00,28.60,100.00,100.00
2026-05-13T15:13:12.389563,28.60,37.50,100.00,100.00
2026-05-13T15:13:12.494473,25.00,16.70,100.00,100.00
2026-05-13T15:13:12.598876,28.60,28.60,100.00,100.00
2026-05-13T15:13:12.704062,0.00,28.60,100.00,100.00
2026-05-13T15:13:12.808406,37.50,28.60,100.00,100.00
2026-05-13T15:13:12.913789,16.70,42.90,100.00,100.00
2026-05-13T15:13:13.018283,28.60,28.60,100.00,100.00
2026-05-13T15:13:13.123147,37.50,33.30,100.00,100.00
2026-05-13T15:13:13.228365,28.60,37.50,100.00,100.00
2026-05-13T15:13:13.333410,25.00,33.30,100.00,100.00
2026-05-13T15:13:13.438146,16.70,42.90,100.00,100.00
2026-05-13T15:13:13.544026,28.60,37.50,100.00,100.00
2026-05-13T15:13:13.648922,37.50,28.60,100.00,100.00
2026-05-13T15:13:13.752865,16.70,28.60,100.00,100.00
2026-05-13T15:13:13.857561,25.00,16.70,100.00,100.00
2026-05-13T15:13:13.962688,16.70,28.60,100.00,100.00
2026-05-13T15:13:14.066632,33.30,28.60,100.00,100.00
2026-05-13T15:13:14.171534,16.70,16.70,100.00,100.00
2026-05-13T15:13:14.275935,0.00,28.60,100.00,100.00
2026-05-13T15:13:14.381891,37.50,28.60,100.00,100.00
2026-05-13T15:13:14.487000,37.50,28.60,100.00,100.00
2026-05-13T15:13:14.592504,14.30,14.30,100.00,100.00
2026-05-13T15:13:14.697082,37.50,33.30,100.00,100.00
2026-05-13T15:13:14.801422,14.30,25.00,100.00,100.00
2026-05-13T15:13:14.906388,16.70,16.70,100.00,100.00
2026-05-13T15:13:15.011237,25.00,37.50,100.00,100.00
2026-05-13T15:13:15.115357,16.70,0.00,100.00,100.00
2026-05-13T15:13:15.219362,28.60,28.60,100.00,100.00
2026-05-13T15:13:15.323357,25.00,16.70,100.00,100.00
2026-05-13T15:13:15.427625,37.50,37.50,100.00,100.00
2026-05-13T15:13:15.531468,25.00,16.70,100.00,100.00
2026-05-13T15:13:15.635845,16.70,28.60,100.00,100.00
2026-05-13T15:13:15.739863,28.60,28.60,100.00,100.00
2026-05-13T15:13:15.844616,25.00,28.60,100.00,100.00
2026-05-13T15:13:15.948599,16.70,16.70,100.00,100.00
2026-05-13T15:13:16.052993,16.70,16.70,100.00,100.00
2026-05-13T15:13:16.157463,33.30,37.50,100.00,100.00
2026-05-13T15:13:16.261169,16.70,16.70,100.00,100.00
2026-05-13T15:13:16.366502,37.50,28.60,100.00,100.00
2026-05-13T15:13:16.470769,14.30,28.60,100.00,100.00
2026-05-13T15:13:16.574709,28.60,16.70,100.00,100.00
2026-05-13T15:13:16.679660,28.60,16.70,100.00,100.00
2026-05-13T15:13:16.784983,25.00,28.60,100.00,100.00
2026-05-13T15:13:16.889947,28.60,25.00,100.00,100.00
2026-05-13T15:13:16.994821,33.30,16.70,100.00,100.00
2026-05-13T15:13:17.099937,0.00,28.60,100.00,100.00
2026-05-13T15:13:17.204277,25.00,37.50,100.00,100.00
2026-05-13T15:13:17.309068,28.60,16.70,100.00,100.00
2026-05-13T15:13:17.413528,14.30,37.50,100.00,100.00
2026-05-13T15:13:17.518678,25.00,0.00,100.00,100.00
2026-05-13T15:13:17.623594,28.60,37.50,100.00,100.00
2026-05-13T15:13:17.728540,14.30,28.60,100.00,100.00
2026-05-13T15:13:17.833748,16.70,28.60,100.00,100.00
2026-05-13T15:13:17.937845,25.00,28.60,100.00,100.00
2026-05-13T15:13:18.041928,12.50,12.50,100.00,100.00
2026-05-13T15:13:18.145907,22.20,14.30,100.00,100.00
2026-05-13T15:13:18.249555,0.00,12.50,100.00,100.00
2026-05-13T15:13:18.352928,20.00,0.00,100.00,100.00
2026-05-13T15:13:18.456773,20.00,12.50,100.00,100.00
2026-05-13T15:13:18.560916,12.50,11.10,100.00,100.00
2026-05-13T15:13:18.664563,20.00,12.50,100.00,100.00
2026-05-13T15:13:18.768122,22.20,0.00,100.00,100.00
2026-05-13T15:13:18.871755,20.00,0.00,100.00,100.00
2026-05-13T15:13:18.975590,22.20,12.50,100.00,100.00
2026-05-13T15:13:19.078957,36.40,12.50,100.00,100.00
2026-05-13T15:13:19.182194,20.00,0.00,100.00,100.00
2026-05-13T15:13:19.285816,20.00,0.00,100.00,100.00
2026-05-13T15:13:19.389462,30.00,12.50,100.00,100.00
2026-05-13T15:13:19.493192,20.00,11.10,100.00,100.00
2026-05-13T15:13:19.596705,22.20,12.50,100.00,100.00
2026-05-13T15:13:19.700759,27.30,0.00,100.00,100.00
2026-05-13T15:13:19.804516,30.00,0.00,100.00,100.00
2026-05-13T15:13:19.908243,27.30,0.00,100.00,100.00
2026-05-13T15:13:20.012700,12.50,22.20,100.00,100.00
2026-05-13T15:13:20.116886,11.10,12.50,100.00,100.00
2026-05-13T15:13:20.220633,27.30,0.00,100.00,100.00
2026-05-13T15:13:20.324644,12.50,22.20,100.00,100.00
2026-05-13T15:13:20.428477,36.40,12.50,100.00,100.00
2026-05-13T15:13:20.532079,11.10,12.50,100.00,100.00
2026-05-13T15:13:20.636053,27.30,0.00,100.00,100.00
2026-05-13T15:13:20.739760,22.20,0.00,100.00,100.00
2026-05-13T15:13:20.843125,27.30,11.10,100.00,100.00
2026-05-13T15:13:20.946798,20.00,0.00,100.00,100.00
2026-05-13T15:13:21.050244,30.00,22.20,100.00,100.00
2026-05-13T15:13:21.154084,0.00,11.10,100.00,100.00
2026-05-13T15:13:21.257791,22.20,0.00,100.00,100.00
2026-05-13T15:13:21.361318,27.30,0.00,100.00,100.00
2026-05-13T15:13:21.464977,20.00,12.50,100.00,100.00
2026-05-13T15:13:21.569259,22.20,0.00,100.00,100.00
2026-05-13T15:13:21.672879,27.30,22.20,100.00,100.00
2026-05-13T15:13:21.776521,20.00,0.00,100.00,100.00
2026-05-13T15:13:21.880172,30.00,11.10,100.00,100.00
2026-05-13T15:13:21.984818,20.00,12.50,100.00,100.00
2026-05-13T15:13:22.088774,22.20,0.00,100.00,100.00
2026-05-13T15:13:22.192484,20.00,22.20,100.00,100.00
2026-05-13T15:13:22.296152,20.00,0.00,100.00,100.00
2026-05-13T15:13:22.399784,30.00,12.50,100.00,100.00
2026-05-13T15:13:22.503255,30.00,0.00,100.00,100.00
2026-05-13T15:13:22.606997,20.00,12.50,100.00,100.00
2026-05-13T15:13:22.710727,27.30,0.00,100.00,100.00
2026-05-13T15:13:22.814354,30.00,0.00,100.00,100.00
2026-05-13T15:13:22.917989,11.10,0.00,100.00,100.00
2026-05-13T15:13:23.021969,22.20,12.50,100.00,100.00
2026-05-13T15:13:23.125814,36.40,12.50,100.00,100.00
2026-05-13T15:13:23.230066,12.50,0.00,100.00,100.00
2026-05-13T15:13:23.334441,20.00,11.10,100.00,100.00
2026-05-13T15:13:23.438457,36.40,0.00,100.00,100.00
2026-05-13T15:13:23.543656,20.00,22.20,100.00,100.00
2026-05-13T15:13:23.647737,22.20,0.00,100.00,100.00
2026-05-13T15:13:23.751565,30.00,0.00,100.00,100.00
2026-05-13T15:13:23.855677,20.00,14.30,100.00,100.00
2026-05-13T15:13:23.960200,22.20,0.00,100.00,100.00
2026-05-13T15:13:24.064967,12.50,30.00,100.00,100.00
2026-05-13T15:13:24.168757,33.30,0.00,100.00,100.00
2026-05-13T15:13:24.272545,30.00,0.00,100.00,100.00
2026-05-13T15:13:24.376707,22.20,0.00,100.00,100.00
2026-05-13T15:13:24.480929,30.00,12.50,100.00,100.00
2026-05-13T15:13:24.584993,20.00,22.20,100.00,100.00
2026-05-13T15:13:24.689103,22.20,0.00,100.00,100.00
2026-05-13T15:13:24.793185,22.20,12.50,100.00,100.00
2026-05-13T15:13:24.898246,33.30,0.00,100.00,100.00
2026-05-13T15:13:25.002689,22.20,22.20,100.00,100.00
2026-05-13T15:13:25.107337,22.20,0.00,100.00,100.00
2026-05-13T15:13:25.211086,20.00,12.50,100.00,100.00
2026-05-13T15:13:25.314802,22.20,22.20,100.00,100.00
2026-05-13T15:13:25.418925,20.00,0.00,100.00,100.00
2026-05-13T15:13:25.522922,20.00,0.00,100.00,100.00
2026-05-13T15:13:25.627919,30.00,0.00,100.00,100.00
2026-05-13T15:13:25.732584,30.00,0.00,100.00,100.00
2026-05-13T15:13:25.836414,20.00,12.50,100.00,100.00
2026-05-13T15:13:25.940512,30.00,0.00,100.00,100.00
2026-05-13T15:13:26.044480,27.30,12.50,100.00,100.00
2026-05-13T15:13:26.147989,30.00,0.00,100.00,100.00
2026-05-13T15:13:26.251918,11.10,12.50,100.00,100.00
2026-05-13T15:13:26.356238,22.20,12.50,100.00,100.00
2026-05-13T15:13:26.460145,11.10,11.10,100.00,100.00
2026-05-13T15:13:26.563784,22.20,0.00,100.00,100.00
2026-05-13T15:13:26.667352,27.30,0.00,100.00,100.00
2026-05-13T15:13:26.771416,20.00,12.50,100.00,100.00
2026-05-13T15:13:26.875162,30.00,0.00,100.00,100.00
2026-05-13T15:13:26.979425,20.00,0.00,100.00,100.00
2026-05-13T15:13:27.082886,30.00,11.10,100.00,100.00
2026-05-13T15:13:27.186463,20.00,11.10,100.00,100.00
2026-05-13T15:13:27.290271,11.10,12.50,100.00,100.00
2026-05-13T15:13:27.394410,30.00,0.00,100.00,100.00
2026-05-13T15:13:27.498192,12.50,12.50,100.00,100.00
2026-05-13T15:13:27.602076,20.00,0.00,100.00,100.00
2026-05-13T15:13:27.706506,30.00,0.00,100.00,100.00
2026-05-13T15:13:27.810515,20.00,0.00,100.00,100.00
2026-05-13T15:13:27.914445,20.00,12.50,100.00,100.00
2026-05-13T15:13:28.018144,12.50,12.50,100.00,100.00
2026-05-13T15:13:28.122865,36.40,22.20,100.00,100.00
2026-05-13T15:13:28.227219,20.00,0.00,100.00,100.00
2026-05-13T15:13:28.331669,12.50,22.20,100.00,100.00
2026-05-13T15:13:28.436149,12.50,12.50,100.00,100.00
2026-05-13T15:13:28.540306,20.00,12.50,100.00,100.00
2026-05-13T15:13:28.644646,30.00,0.00,100.00,100.00
2026-05-13T15:13:28.748442,20.00,11.10,100.00,100.00
2026-05-13T15:13:28.851958,30.00,12.50,100.00,100.00
2026-05-13T15:13:28.955678,30.00,22.20,100.00,100.00
2026-05-13T15:13:29.059168,11.10,0.00,100.00,100.00
2026-05-13T15:13:29.162981,12.50,0.00,100.00,100.00
2026-05-13T15:13:29.266626,11.10,0.00,100.00,100.00
2026-05-13T15:13:29.370246,27.30,22.20,100.00,100.00
2026-05-13T15:13:29.473732,22.20,11.10,100.00,100.00
2026-05-13T15:13:29.577138,20.00,12.50,100.00,100.00
2026-05-13T15:13:29.680911,11.10,0.00,100.00,100.00
2026-05-13T15:13:29.784752,22.20,0.00,100.00,100.00
2026-05-13T15:13:29.888696,20.00,0.00,100.00,100.00
2026-05-13T15:13:29.992305,12.50,11.10,100.00,100.00
2026-05-13T15:13:30.096033,27.30,0.00,100.00,100.00
2026-05-13T15:13:30.199718,20.00,12.50,100.00,100.00
2026-05-13T15:13:30.303209,30.00,11.10,100.00,100.00
2026-05-13T15:13:30.406790,11.10,0.00,100.00,100.00
2026-05-13T15:13:30.510604,22.20,0.00,100.00,100.00
2026-05-13T15:13:30.614171,20.00,20.00,100.00,100.00
2026-05-13T15:13:30.717786,12.50,0.00,100.00,100.00
2026-05-13T15:13:30.821631,20.00,0.00,100.00,100.00
2026-05-13T15:13:30.925378,20.00,0.00,100.00,100.00
2026-05-13T15:13:31.028832,30.00,22.20,100.00,100.00
2026-05-13T15:13:31.132223,20.00,0.00,100.00,100.00
2026-05-13T15:13:31.235818,22.20,11.10,100.00,100.00
2026-05-13T15:13:31.339655,11.10,12.50,100.00,100.00
2026-05-13T15:13:31.443119,11.10,0.00,100.00,100.00
2026-05-13T15:13:31.546786,36.40,0.00,100.00,100.00
2026-05-13T15:13:31.650623,20.00,0.00,100.00,100.00
2026-05-13T15:13:31.754272,12.50,22.20,100.00,100.00
2026-05-13T15:13:31.858048,20.00,0.00,100.00,100.00
2026-05-13T15:13:31.961633,20.00,0.00,100.00,100.00
2026-05-13T15:13:32.065166,22.20,12.50,100.00,100.00
2026-05-13T15:13:32.169067,20.00,11.10,100.00,100.00
2026-05-13T15:13:32.272651,12.50,0.00,100.00,100.00
2026-05-13T15:13:32.376066,11.10,22.20,100.00,100.00
2026-05-13T15:13:32.479865,30.00,11.10,100.00,100.00
2026-05-13T15:13:32.583546,20.00,0.00,100.00,100.00
2026-05-13T15:13:32.687465,22.20,0.00,100.00,100.00
2026-05-13T15:13:32.791176,20.00,0.00,100.00,100.00
2026-05-13T15:13:32.894693,11.10,11.10,100.00,100.00
2026-05-13T15:13:33.000944,66.70,77.80,100.00,100.00
2026-05-13T15:13:33.169246,93.30,94.10,100.00,100.00
2026-05-13T15:13:33.275986,81.80,88.90,80.00,100.00
2026-05-13T15:13:33.381717,75.00,77.80,57.10,100.00
2026-05-13T15:13:33.487065,70.00,70.00,70.00,100.00
2026-05-13T15:13:33.592691,77.80,77.80,66.70,100.00
2026-05-13T15:13:33.697708,66.70,75.00,57.10,100.00
2026-05-13T15:13:33.802298,66.70,70.00,55.60,100.00
2026-05-13T15:13:33.907009,66.70,57.10,62.50,100.00
2026-05-13T15:13:34.011515,62.50,66.70,66.70,100.00
2026-05-13T15:13:34.116339,62.50,77.80,57.10,100.00
2026-05-13T15:13:34.223589,70.00,66.70,66.70,100.00
2026-05-13T15:13:34.328490,77.80,80.00,66.70,100.00
2026-05-13T15:13:34.434186,70.00,75.00,66.70,100.00
2026-05-13T15:13:34.539252,62.50,62.50,57.10,100.00
2026-05-13T15:13:34.644514,62.50,72.70,66.70,100.00
2026-05-13T15:13:34.749761,62.50,77.80,66.70,100.00
2026-05-13T15:13:34.854249,70.00,66.70,71.40,100.00
2026-05-13T15:13:34.959163,62.50,66.70,55.60,100.00
2026-05-13T15:13:35.063962,62.50,66.70,62.50,100.00
2026-05-13T15:13:35.168639,70.00,62.50,62.50,100.00
2026-05-13T15:13:35.273975,62.50,75.00,62.50,100.00
2026-05-13T15:13:35.378665,71.40,72.70,60.00,100.00
2026-05-13T15:13:35.483347,66.70,62.50,62.50,100.00
2026-05-13T15:13:35.587799,66.70,75.00,62.50,100.00
2026-05-13T15:13:35.692516,66.70,70.00,62.50,100.00
2026-05-13T15:13:35.798134,62.50,62.50,66.70,100.00
2026-05-13T15:13:35.903263,71.40,75.00,62.50,100.00
2026-05-13T15:13:36.008499,66.70,62.50,50.00,100.00
2026-05-13T15:13:36.113895,60.00,66.70,62.50,100.00
2026-05-13T15:13:36.219106,66.70,70.00,57.10,100.00
2026-05-13T15:13:36.325136,75.00,75.00,66.70,100.00
2026-05-13T15:13:36.430086,66.70,62.50,57.10,100.00
2026-05-13T15:13:36.534841,66.70,62.50,55.60,100.00
2026-05-13T15:13:36.640068,66.70,77.80,66.70,100.00
2026-05-13T15:13:36.745474,66.70,66.70,62.50,100.00
2026-05-13T15:13:36.850651,66.70,66.70,57.10,100.00
2026-05-13T15:13:36.955765,62.50,62.50,55.60,100.00
2026-05-13T15:13:37.060428,71.40,66.70,62.50,100.00
2026-05-13T15:13:37.165453,60.00,77.80,50.00,100.00
2026-05-13T15:13:37.270922,62.50,62.50,60.00,100.00
2026-05-13T15:13:37.377006,77.80,66.70,62.50,100.00
2026-05-13T15:13:37.482735,70.00,77.80,62.50,100.00
2026-05-13T15:13:37.589062,62.50,77.80,62.50,100.00
2026-05-13T15:13:37.693977,80.00,80.00,66.70,100.00
2026-05-13T15:13:37.798779,70.00,80.00,66.70,100.00
2026-05-13T15:13:37.904238,80.00,75.00,70.00,100.00
2026-05-13T15:13:38.009511,66.70,80.00,57.10,100.00
2026-05-13T15:13:38.120079,77.80,80.00,62.50,100.00
2026-05-13T15:13:38.229865,72.70,66.70,70.00,100.00
2026-05-13T15:13:38.335353,66.70,75.00,70.00,100.00
2026-05-13T15:13:38.440466,80.00,77.80,57.10,100.00
2026-05-13T15:13:38.546053,57.10,66.70,66.70,100.00
2026-05-13T15:13:38.650877,75.00,77.80,57.10,100.00
2026-05-13T15:13:38.755374,70.00,77.80,60.00,100.00
2026-05-13T15:13:38.860446,62.50,75.00,57.10,100.00
2026-05-13T15:13:38.965857,70.00,66.70,70.00,100.00
2026-05-13T15:13:39.070823,66.70,70.00,66.70,100.00
2026-05-13T15:13:39.175645,66.70,66.70,66.70,100.00
2026-05-13T15:13:39.280438,66.70,66.70,50.00,100.00
2026-05-13T15:13:39.385641,71.40,62.50,57.10,100.00
2026-05-13T15:13:39.492849,55.60,77.80,60.00,100.00
2026-05-13T15:13:39.600525,77.80,72.70,57.10,100.00
2026-05-13T15:13:39.704832,70.00,75.00,62.50,100.00
2026-05-13T15:13:39.810654,66.70,62.50,60.00,100.00
2026-05-13T15:13:39.916050,57.10,70.00,62.50,100.00
2026-05-13T15:13:40.021173,72.70,62.50,62.50,100.00
2026-05-13T15:13:40.126299,62.50,66.70,50.00,100.00
2026-05-13T15:13:40.231435,66.70,75.00,62.50,100.00
2026-05-13T15:13:40.336810,75.00,62.50,57.10,100.00
2026-05-13T15:13:40.441998,70.00,66.70,66.70,100.00
2026-05-13T15:13:40.547418,66.70,75.00,60.00,100.00
2026-05-13T15:13:40.652548,71.40,66.70,66.70,100.00
2026-05-13T15:13:40.757045,66.70,80.00,62.50,100.00
2026-05-13T15:13:40.862216,75.00,80.00,66.70,100.00
2026-05-13T15:13:40.967976,70.00,77.80,77.80,100.00
2026-05-13T15:13:41.073503,80.00,77.80,66.70,100.00
2026-05-13T15:13:41.178160,62.50,77.80,70.00,100.00
2026-05-13T15:13:41.284064,71.40,77.80,50.00,100.00
2026-05-13T15:13:41.388935,70.00,80.00,66.70,100.00
2026-05-13T15:13:41.493958,77.80,70.00,66.70,100.00
2026-05-13T15:13:41.599999,70.00,77.80,62.50,100.00
2026-05-13T15:13:41.704952,62.50,66.70,60.00,100.00
2026-05-13T15:13:41.809834,70.00,75.00,62.50,100.00
2026-05-13T15:13:41.914853,66.70,66.70,57.10,100.00
2026-05-13T15:13:42.019805,75.00,66.70,55.60,100.00
2026-05-13T15:13:42.125565,70.00,66.70,66.70,100.00
2026-05-13T15:13:42.231118,62.50,71.40,62.50,100.00
2026-05-13T15:13:42.335497,66.70,66.70,50.00,100.00
2026-05-13T15:13:42.441006,57.10,70.00,57.10,100.00
2026-05-13T15:13:42.545983,66.70,57.10,55.60,100.00
2026-05-13T15:13:42.651161,60.00,77.80,62.50,100.00
2026-05-13T15:13:42.755944,62.50,62.50,50.00,100.00
2026-05-13T15:13:42.861057,70.00,66.70,66.70,100.00
2026-05-13T15:13:42.966050,71.40,77.80,57.10,100.00
2026-05-13T15:13:43.070749,63.60,62.50,62.50,100.00
2026-05-13T15:13:43.175710,71.40,66.70,55.60,100.00
2026-05-13T15:13:43.280889,62.50,66.70,66.70,100.00
2026-05-13T15:13:43.386543,70.00,70.00,57.10,100.00
2026-05-13T15:13:43.491662,66.70,77.80,66.70,100.00
2026-05-13T15:13:43.597147,66.70,70.00,66.70,100.00
2026-05-13T15:13:43.702509,75.00,62.50,42.90,100.00
2026-05-13T15:13:43.807657,55.60,66.70,66.70,100.00
2026-05-13T15:13:43.913544,66.70,62.50,55.60,100.00
2026-05-13T15:13:44.018174,77.80,75.00,62.50,100.00
2026-05-13T15:13:44.123590,66.70,66.70,57.10,100.00
2026-05-13T15:13:44.230619,66.70,66.70,60.00,100.00
2026-05-13T15:13:44.335868,62.50,71.40,62.50,100.00
2026-05-13T15:13:44.441137,80.00,81.80,70.00,100.00
2026-05-13T15:13:44.547147,66.70,62.50,66.70,100.00
2026-05-13T15:13:44.652063,70.00,77.80,62.50,100.00
2026-05-13T15:13:44.758761,62.50,66.70,62.50,100.00
2026-05-13T15:13:44.865060,66.70,77.80,57.10,100.00
2026-05-13T15:13:44.973229,77.80,80.00,70.00,100.00
2026-05-13T15:13:45.079858,70.00,77.80,66.70,100.00
2026-05-13T15:13:45.185716,75.00,77.80,50.00,100.00
2026-05-13T15:13:45.291320,70.00,66.70,70.00,100.00
2026-05-13T15:13:45.397120,75.00,80.00,71.40,100.00
2026-05-13T15:13:45.503252,70.00,77.80,62.50,100.00
2026-05-13T15:13:45.609496,77.80,77.80,55.60,100.00
2026-05-13T15:13:45.716950,72.70,80.00,77.80,100.00
2026-05-13T15:13:45.826171,77.80,75.00,70.00,100.00
2026-05-13T15:13:45.933307,66.70,80.00,62.50,100.00
2026-05-13T15:13:46.039208,77.80,80.00,66.70,100.00
2026-05-13T15:13:46.144995,77.80,77.80,66.70,100.00
2026-05-13T15:13:46.251713,66.70,77.80,70.00,100.00
2026-05-13T15:13:46.358016,77.80,88.90,62.50,100.00
2026-05-13T15:13:46.463873,66.70,66.70,57.10,100.00
2026-05-13T15:13:46.568463,66.70,66.70,66.70,100.00
2026-05-13T15:13:46.673121,66.70,70.00,66.70,100.00
2026-05-13T15:13:46.778753,66.70,71.40,55.60,100.00
2026-05-13T15:13:46.884150,77.80,57.10,62.50,100.00
2026-05-13T15:13:46.989660,66.70,66.70,55.60,100.00
2026-05-13T15:13:47.094209,66.70,66.70,62.50,100.00
2026-05-13T15:13:47.199473,57.10,66.70,50.00,100.00
2026-05-13T15:13:47.305140,66.70,62.50,66.70,100.00
2026-05-13T15:13:47.409772,60.00,77.80,50.00,100.00
2026-05-13T15:13:47.515324,57.10,62.50,62.50,100.00
2026-05-13T15:13:47.621488,77.80,66.70,57.10,100.00
2026-05-13T15:13:47.726860,57.10,66.70,55.60,100.00
2026-05-13T15:13:47.831850,70.00,66.70,62.50,100.00
2026-05-13T15:13:47.987832,46.20,50.00,64.30,100.00
2026-05-13T15:13:48.091238,11.10,11.10,100.00,100.00
2026-05-13T15:13:48.194510,20.00,11.10,100.00,100.00
2026-05-13T15:13:48.298159,20.00,11.10,100.00,100.00
2026-05-13T15:13:48.401715,11.10,0.00,100.00,100.00
2026-05-13T15:13:48.505021,10.00,11.10,100.00,100.00
2026-05-13T15:13:48.608769,20.00,20.00,100.00,100.00
2026-05-13T15:13:48.711923,27.30,0.00,100.00,100.00
2026-05-13T15:13:48.815174,10.00,0.00,100.00,100.00
2026-05-13T15:13:48.918603,18.20,0.00,100.00,100.00
2026-05-13T15:13:49.021834,20.00,11.10,100.00,100.00
2026-05-13T15:13:49.125466,20.00,0.00,100.00,100.00
2026-05-13T15:13:49.228997,10.00,10.00,100.00,100.00
2026-05-13T15:13:49.332815,18.20,0.00,100.00,100.00
2026-05-13T15:13:49.436189,11.10,11.10,100.00,100.00
2026-05-13T15:13:49.539884,10.00,0.00,100.00,100.00
2026-05-13T15:13:49.643254,18.20,11.10,100.00,100.00
2026-05-13T15:13:49.746887,10.00,11.10,100.00,100.00
2026-05-13T15:13:49.850153,0.00,0.00,100.00,100.00
2026-05-13T15:13:49.953864,18.20,11.10,100.00,100.00
2026-05-13T15:13:50.057317,20.00,10.00,100.00,100.00
2026-05-13T15:13:50.160722,10.00,11.10,100.00,100.00
2026-05-13T15:13:50.264164,10.00,0.00,100.00,100.00
2026-05-13T15:13:50.367823,20.00,11.10,100.00,100.00
2026-05-13T15:13:50.471231,18.20,0.00,100.00,100.00
2026-05-13T15:13:50.574851,11.10,10.00,100.00,100.00
2026-05-13T15:13:50.678727,10.00,0.00,100.00,100.00
2026-05-13T15:13:50.782763,20.00,11.10,100.00,100.00
2026-05-13T15:13:50.886578,18.20,0.00,100.00,100.00
2026-05-13T15:13:50.989933,11.10,0.00,100.00,100.00
2026-05-13T15:13:51.093253,11.10,0.00,100.00,100.00
2026-05-13T15:13:51.197152,20.00,0.00,100.00,100.00
2026-05-13T15:13:51.307265,18.20,20.00,100.00,100.00
2026-05-13T15:13:51.410943,10.00,11.10,100.00,100.00
2026-05-13T15:13:51.514582,20.00,0.00,100.00,100.00
2026-05-13T15:13:51.618185,20.00,0.00,100.00,100.00
2026-05-13T15:13:51.721796,10.00,0.00,100.00,100.00
2026-05-13T15:13:51.825225,20.00,0.00,100.00,100.00
2026-05-13T15:13:51.928979,20.00,10.00,100.00,100.00
2026-05-13T15:13:52.032236,20.00,22.20,100.00,100.00
2026-05-13T15:13:52.135972,0.00,11.10,100.00,100.00
2026-05-13T15:13:52.239330,11.10,11.10,100.00,100.00
2026-05-13T15:13:52.342717,27.30,11.10,100.00,100.00
2026-05-13T15:13:52.446048,10.00,0.00,100.00,100.00
2026-05-13T15:13:52.549247,10.00,0.00,100.00,100.00
2026-05-13T15:13:52.652851,27.30,0.00,100.00,100.00
2026-05-13T15:13:52.756331,11.10,0.00,100.00,100.00
2026-05-13T15:13:52.859634,18.20,0.00,100.00,100.00
2026-05-13T15:13:52.962873,20.00,11.10,100.00,100.00
2026-05-13T15:13:53.066457,27.30,0.00,100.00,100.00
2026-05-13T15:13:53.170119,10.00,11.10,100.00,100.00
2026-05-13T15:13:53.274141,20.00,11.10,100.00,100.00
2026-05-13T15:13:53.377585,25.00,0.00,100.00,100.00
2026-05-13T15:13:53.480956,18.20,0.00,100.00,100.00
2026-05-13T15:13:53.584254,18.20,0.00,100.00,100.00
2026-05-13T15:13:53.687624,20.00,10.00,100.00,100.00
2026-05-13T15:13:53.790944,18.20,0.00,100.00,100.00
2026-05-13T15:13:53.894520,27.30,10.00,100.00,100.00
2026-05-13T15:13:53.997794,25.00,0.00,100.00,100.00
2026-05-13T15:13:54.100992,11.10,0.00,100.00,100.00
2026-05-13T15:13:54.204244,10.00,0.00,100.00,100.00
2026-05-13T15:13:54.307518,33.30,0.00,100.00,100.00
2026-05-13T15:13:54.410925,10.00,20.00,100.00,100.00
2026-05-13T15:13:54.514196,20.00,11.10,100.00,100.00
2026-05-13T15:13:54.617678,18.20,0.00,100.00,100.00
2026-05-13T15:13:54.721227,20.00,0.00,100.00,100.00
2026-05-13T15:13:54.824650,10.00,0.00,100.00,100.00
2026-05-13T15:13:54.927887,20.00,0.00,100.00,100.00
2026-05-13T15:13:55.031206,18.20,0.00,100.00,100.00
2026-05-13T15:13:55.134727,20.00,10.00,100.00,100.00
2026-05-13T15:13:55.238132,18.20,0.00,100.00,100.00
2026-05-13T15:13:55.341758,11.10,11.10,100.00,100.00
2026-05-13T15:13:55.444959,10.00,0.00,100.00,100.00
2026-05-13T15:13:55.548215,10.00,0.00,100.00,100.00
2026-05-13T15:13:55.651860,20.00,20.00,100.00,100.00
2026-05-13T15:13:55.755649,10.00,11.10,100.00,100.00
2026-05-13T15:13:55.859061,20.00,0.00,100.00,100.00
2026-05-13T15:13:55.962555,10.00,0.00,100.00,100.00
2026-05-13T15:13:56.066007,10.00,11.10,100.00,100.00
2026-05-13T15:13:56.169658,20.00,0.00,100.00,100.00
2026-05-13T15:13:56.273163,10.00,0.00,100.00,100.00
2026-05-13T15:13:56.376511,20.00,11.10,100.00,100.00
2026-05-13T15:13:56.479800,20.00,0.00,100.00,100.00
2026-05-13T15:13:56.583194,10.00,0.00,100.00,100.00
2026-05-13T15:13:56.686828,18.20,10.00,100.00,100.00
2026-05-13T15:13:56.790401,11.10,0.00,100.00,100.00
2026-05-13T15:13:56.893556,18.20,0.00,100.00,100.00
2026-05-13T15:13:56.996736,20.00,0.00,100.00,100.00
2026-05-13T15:13:57.100155,10.00,11.10,100.00,100.00
2026-05-13T15:13:57.203774,0.00,10.00,100.00,100.00
2026-05-13T15:13:57.306799,18.20,0.00,100.00,100.00
2026-05-13T15:13:57.410083,10.00,0.00,100.00,100.00
2026-05-13T15:13:57.513352,11.10,18.20,100.00,100.00
2026-05-13T15:13:57.616588,18.20,0.00,100.00,100.00
2026-05-13T15:13:57.719795,20.00,11.10,100.00,100.00
2026-05-13T15:13:57.823115,18.20,0.00,100.00,100.00
2026-05-13T15:13:57.926338,11.10,0.00,100.00,100.00
2026-05-13T15:13:58.029853,18.20,0.00,100.00,100.00
2026-05-13T15:13:58.133643,10.00,18.20,100.00,100.00
2026-05-13T15:13:58.237172,12.50,12.50,100.00,100.00
2026-05-13T15:13:58.340736,18.20,0.00,100.00,100.00
2026-05-13T15:13:58.733876,44.10,37.50,100.00,64.90
2026-05-13T15:13:58.837188,10.00,11.10,100.00,100.00
2026-05-13T15:13:58.940713,11.10,0.00,100.00,100.00
2026-05-13T15:13:59.045376,18.20,12.50,100.00,100.00
2026-05-13T15:13:59.149387,0.00,30.00,100.00,100.00
2026-05-13T15:13:59.252440,0.00,0.00,100.00,100.00
2026-05-13T15:13:59.355658,11.10,0.00,100.00,100.00
2026-05-13T15:13:59.458945,25.00,20.00,100.00,100.00
2026-05-13T15:13:59.563257,11.10,0.00,100.00,100.00
2026-05-13T15:13:59.668589,27.30,10.00,100.00,100.00
2026-05-13T15:13:59.772004,10.00,0.00,100.00,100.00
2026-05-13T15:13:59.875412,20.00,0.00,100.00,100.00
2026-05-13T15:13:59.978743,10.00,0.00,100.00,100.00
2026-05-13T15:14:00.082535,27.30,0.00,100.00,100.00
2026-05-13T15:14:00.185668,10.00,11.10,100.00,100.00
2026-05-13T15:14:00.288972,18.20,0.00,100.00,100.00
2026-05-13T15:14:00.392232,20.00,11.10,100.00,100.00
2026-05-13T15:14:00.495648,11.10,0.00,100.00,100.00
2026-05-13T15:14:00.599234,25.00,11.10,100.00,100.00
2026-05-13T15:14:00.702556,10.00,0.00,100.00,100.00
2026-05-13T15:14:00.806540,18.20,10.00,100.00,100.00
2026-05-13T15:14:00.909906,11.10,0.00,100.00,100.00
2026-05-13T15:14:01.013430,10.00,11.10,100.00,100.00
2026-05-13T15:14:01.116854,10.00,10.00,100.00,100.00
2026-05-13T15:14:01.220129,20.00,11.10,100.00,100.00
2026-05-13T15:14:01.323479,18.20,0.00,100.00,100.00
2026-05-13T15:14:01.426633,10.00,0.00,100.00,100.00
2026-05-13T15:14:01.529995,20.00,11.10,100.00,100.00
2026-05-13T15:14:01.633358,18.20,0.00,100.00,100.00
2026-05-13T15:14:01.736743,10.00,0.00,100.00,100.00
2026-05-13T15:14:01.839943,11.10,0.00,100.00,100.00
2026-05-13T15:14:01.943238,10.00,11.10,100.00,100.00
2026-05-13T15:14:02.046347,11.10,11.10,100.00,100.00
2026-05-13T15:14:02.149756,0.00,0.00,100.00,100.00
2026-05-13T15:14:02.253042,27.30,10.00,100.00,100.00
2026-05-13T15:14:02.356384,18.20,0.00,100.00,100.00
2026-05-13T15:14:02.459647,10.00,0.00,100.00,100.00
2026-05-13T15:14:02.562896,20.00,0.00,100.00,100.00
2026-05-13T15:14:02.666263,18.20,10.00,100.00,100.00
2026-05-13T15:14:02.769677,11.10,0.00,100.00,100.00
2026-05-13T15:14:02.873014,10.00,0.00,100.00,100.00
2026-05-13T15:14:02.976371,11.10,11.10,100.00,100.00
2026-05-13T15:14:03.079923,11.10,11.10,100.00,100.00
2026-05-13T15:14:03.183726,11.10,0.00,100.00,100.00
2026-05-13T15:14:03.287266,20.00,22.20,100.00,100.00
2026-05-13T15:14:03.390630,20.00,0.00,100.00,100.00
2026-05-13T15:14:03.494059,11.10,0.00,100.00,100.00
2026-05-13T15:14:03.597495,11.10,0.00,100.00,100.00
2026-05-13T15:14:03.700934,18.20,20.00,100.00,100.00
2026-05-13T15:14:03.804486,11.10,0.00,100.00,100.00
2026-05-13T15:14:03.907876,11.10,0.00,100.00,100.00
2026-05-13T15:14:04.011280,27.30,0.00,100.00,100.00
2026-05-13T15:14:04.114848,11.10,0.00,100.00,100.00
2026-05-13T15:14:04.218078,11.10,0.00,100.00,100.00
2026-05-13T15:14:04.321639,22.20,12.50,100.00,100.00
2026-05-13T15:14:04.424873,11.10,0.00,100.00,100.00
2026-05-13T15:14:04.528228,20.00,0.00,100.00,100.00
2026-05-13T15:14:04.632121,0.00,11.10,100.00,100.00
2026-05-13T15:14:04.735483,20.00,11.10,100.00,100.00
2026-05-13T15:14:04.838818,18.20,0.00,100.00,100.00
2026-05-13T15:14:04.942236,11.10,0.00,100.00,100.00
2026-05-13T15:14:05.045591,11.10,20.00,100.00,100.00
2026-05-13T15:14:05.149477,20.00,12.50,100.00,100.00
2026-05-13T15:14:05.252774,11.10,0.00,100.00,100.00
2026-05-13T15:14:05.356045,11.10,0.00,100.00,100.00
2026-05-13T15:14:05.459431,27.30,0.00,100.00,100.00
2026-05-13T15:14:05.562835,0.00,0.00,100.00,100.00
2026-05-13T15:14:05.666283,11.10,0.00,100.00,100.00
2026-05-13T15:14:05.769888,20.00,11.10,100.00,100.00
2026-05-13T15:14:05.873263,11.10,20.00,100.00,100.00
2026-05-13T15:14:05.976831,20.00,0.00,100.00,100.00
2026-05-13T15:14:06.079950,11.10,0.00,100.00,100.00
2026-05-13T15:14:06.183122,0.00,11.10,100.00,100.00
2026-05-13T15:14:06.286717,27.30,0.00,100.00,100.00
2026-05-13T15:14:06.390231,22.20,0.00,100.00,100.00
2026-05-13T15:14:06.493560,27.30,0.00,100.00,100.00
2026-05-13T15:14:06.596824,11.10,0.00,100.00,100.00
2026-05-13T15:14:06.700412,11.10,0.00,100.00,100.00
2026-05-13T15:14:06.803913,18.20,11.10,100.00,100.00
2026-05-13T15:14:06.907186,20.00,11.10,100.00,100.00
2026-05-13T15:14:07.010996,11.10,0.00,100.00,100.00
2026-05-13T15:14:07.114454,11.10,12.50,100.00,100.00
2026-05-13T15:14:07.217827,11.10,0.00,100.00,100.00
2026-05-13T15:14:07.321149,11.10,11.10,100.00,100.00
2026-05-13T15:14:07.425025,11.10,0.00,100.00,100.00
2026-05-13T15:14:07.528601,11.10,0.00,100.00,100.00
2026-05-13T15:14:07.631779,27.30,0.00,100.00,100.00
2026-05-13T15:14:07.735008,11.10,11.10,100.00,100.00
2026-05-13T15:14:07.838484,11.10,0.00,100.00,100.00
2026-05-13T15:14:07.941891,20.00,11.10,100.00,100.00
2026-05-13T15:14:08.045231,11.10,11.10,100.00,100.00
2026-05-13T15:14:08.150736,18.20,11.10,100.00,100.00
2026-05-13T15:14:08.253913,30.00,0.00,100.00,100.00
2026-05-13T15:14:08.357518,11.10,20.00,100.00,100.00
2026-05-13T15:14:08.460896,27.30,0.00,100.00,100.00
2026-05-13T15:14:08.564110,11.10,11.10,100.00,100.00
2026-05-13T15:14:08.667681,11.10,0.00,100.00,100.00
2026-05-13T15:14:08.770841,20.00,12.50,100.00,100.00
2026-05-13T15:14:08.874277,18.20,0.00,100.00,100.00
2026-05-13T15:14:08.977900,11.10,20.00,100.00,100.00
2026-05-13T15:14:09.081305,11.10,0.00,100.00,100.00
2026-05-13T15:14:09.185517,22.20,0.00,100.00,100.00
2026-05-13T15:14:09.289956,11.10,0.00,100.00,100.00
2026-05-13T15:14:09.393458,11.10,0.00,100.00,100.00
2026-05-13T15:14:09.496691,11.10,11.10,100.00,100.00
2026-05-13T15:14:09.599991,11.10,11.10,100.00,100.00
2026-05-13T15:14:09.703325,27.30,0.00,100.00,100.00
2026-05-13T15:14:09.806828,11.10,0.00,100.00,100.00
2026-05-13T15:14:09.910071,20.00,11.10,100.00,100.00
2026-05-13T15:14:10.013557,11.10,0.00,100.00,100.00
2026-05-13T15:14:10.116929,27.30,0.00,100.00,100.00
2026-05-13T15:14:10.220363,12.50,11.10,100.00,100.00
2026-05-13T15:14:10.324116,11.10,11.10,100.00,100.00
2026-05-13T15:14:10.428261,27.30,0.00,100.00,100.00
2026-05-13T15:14:10.531919,11.10,11.10,100.00,100.00
2026-05-13T15:14:10.635314,11.10,11.10,100.00,100.00
2026-05-13T15:14:10.739023,20.00,0.00,100.00,100.00
2026-05-13T15:14:10.842639,20.00,0.00,100.00,100.00
2026-05-13T15:14:10.945955,20.00,0.00,100.00,100.00
2026-05-13T15:14:11.049552,11.10,0.00,100.00,100.00
2026-05-13T15:14:11.153040,20.00,20.00,100.00,100.00
2026-05-13T15:14:11.256504,33.30,0.00,100.00,100.00
2026-05-13T15:14:11.360027,11.10,0.00,100.00,100.00
2026-05-13T15:14:11.463501,11.10,12.50,100.00,100.00
2026-05-13T15:14:11.567273,11.10,11.10,100.00,100.00
2026-05-13T15:14:11.670570,20.00,11.10,100.00,100.00
2026-05-13T15:14:11.774062,11.10,0.00,100.00,100.00
2026-05-13T15:14:11.878052,0.00,0.00,100.00,100.00
2026-05-13T15:14:11.981480,20.00,11.10,100.00,100.00
2026-05-13T15:14:12.085004,30.00,11.10,100.00,100.00
2026-05-13T15:14:12.188598,20.00,0.00,100.00,100.00
2026-05-13T15:14:12.292043,20.00,0.00,100.00,100.00
2026-05-13T15:14:12.395514,20.00,27.30,100.00,100.00
2026-05-13T15:14:12.499014,11.10,0.00,100.00,100.00
2026-05-13T15:14:12.602511,0.00,0.00,100.00,100.00
2026-05-13T15:14:12.705762,22.20,0.00,100.00,100.00
2026-05-13T15:14:12.808997,20.00,11.10,100.00,100.00
2026-05-13T15:14:12.912466,20.00,0.00,100.00,100.00
2026-05-13T15:14:13.016111,11.10,11.10,100.00,100.00
2026-05-13T15:14:13.119368,11.10,11.10,100.00,100.00
2026-05-13T15:14:13.222949,10.00,0.00,100.00,100.00
2026-05-13T15:14:13.326306,22.20,0.00,100.00,100.00
2026-05-13T15:14:13.429983,18.20,11.10,100.00,100.00
2026-05-13T15:14:13.533448,11.10,20.00,100.00,100.00
2026-05-13T15:14:13.636898,27.30,0.00,100.00,100.00
2026-05-13T15:14:13.740191,11.10,0.00,100.00,100.00
2026-05-13T15:14:13.843706,11.10,0.00,100.00,100.00
2026-05-13T15:14:13.947118,20.00,0.00,100.00,100.00
2026-05-13T15:14:14.050406,11.10,22.20,100.00,100.00
2026-05-13T15:14:14.153798,11.10,0.00,100.00,100.00
2026-05-13T15:14:14.257172,11.10,11.10,100.00,100.00
2026-05-13T15:14:14.360809,30.00,0.00,100.00,100.00
2026-05-13T15:14:14.464009,10.00,0.00,100.00,100.00
2026-05-13T15:14:14.567562,11.10,0.00,100.00,100.00
2026-05-13T15:14:14.670976,22.20,0.00,100.00,100.00
2026-05-13T15:14:14.774472,10.00,0.00,100.00,100.00
2026-05-13T15:14:14.877908,20.00,11.10,100.00,100.00
2026-05-13T15:14:14.981402,0.00,0.00,100.00,100.00
2026-05-13T15:14:15.084753,20.00,0.00,100.00,100.00
2026-05-13T15:14:15.188127,11.10,12.50,100.00,100.00
2026-05-13T15:14:15.291932,11.10,11.10,100.00,100.00
2026-05-13T15:14:15.395542,11.10,0.00,100.00,100.00
2026-05-13T15:14:15.499039,20.00,11.10,100.00,100.00
2026-05-13T15:14:15.602223,27.30,12.50,100.00,100.00
2026-05-13T15:14:15.705902,11.10,11.10,100.00,100.00
2026-05-13T15:14:15.809613,11.10,0.00,100.00,100.00
2026-05-13T15:14:15.912929,20.00,0.00,100.00,100.00
2026-05-13T15:14:16.016694,11.10,0.00,100.00,100.00
2026-05-13T15:14:16.120113,11.10,22.20,100.00,100.00
2026-05-13T15:14:16.223798,11.10,11.10,100.00,100.00
2026-05-13T15:14:16.327589,0.00,11.10,100.00,100.00
2026-05-13T15:14:16.430673,11.10,0.00,100.00,100.00
2026-05-13T15:14:16.533724,11.10,0.00,100.00,100.00
2026-05-13T15:14:16.637478,0.00,0.00,100.00,100.00
2026-05-13T15:14:16.740887,27.30,20.00,100.00,100.00
2026-05-13T15:14:16.844483,11.10,11.10,100.00,100.00
2026-05-13T15:14:16.947983,20.00,0.00,100.00,100.00
2026-05-13T15:14:17.051661,0.00,0.00,100.00,100.00
2026-05-13T15:14:17.155181,27.30,0.00,100.00,100.00
2026-05-13T15:14:17.258800,0.00,0.00,100.00,100.00
2026-05-13T15:14:17.362764,20.00,11.10,100.00,100.00
2026-05-13T15:14:17.466146,20.00,11.10,100.00,100.00
2026-05-13T15:14:17.569788,11.10,0.00,100.00,100.00
2026-05-13T15:14:17.673254,11.10,0.00,100.00,100.00
2026-05-13T15:14:17.776839,11.10,0.00,100.00,100.00
2026-05-13T15:14:17.880289,20.00,0.00,100.00,100.00
2026-05-13T15:14:17.985988,55.60,55.60,100.00,100.00
2026-05-13T15:14:18.093337,70.00,80.00,100.00,100.00
2026-05-13T15:14:18.198797,77.80,100.00,100.00,100.00
2026-05-13T15:14:18.373884,86.70,86.70,100.00,100.00
2026-05-13T15:14:18.478390,33.30,62.50,33.30,100.00
2026-05-13T15:14:18.583253,57.10,50.00,60.00,100.00
2026-05-13T15:14:18.688225,55.60,60.00,50.00,100.00
2026-05-13T15:14:18.793116,50.00,57.10,44.40,100.00
2026-05-13T15:14:18.979239,73.30,73.30,66.70,100.00
2026-05-13T15:14:19.085608,80.00,77.80,100.00,100.00
2026-05-13T15:14:19.191046,75.00,77.80,100.00,100.00
2026-05-13T15:14:19.295914,57.10,100.00,100.00,100.00
2026-05-13T15:14:19.403738,80.00,90.00,100.00,100.00
2026-05-13T15:14:19.508430,66.70,90.00,100.00,100.00
2026-05-13T15:14:19.613227,77.80,87.50,100.00,100.00
2026-05-13T15:14:19.719121,75.00,75.00,100.00,100.00
2026-05-13T15:14:19.824978,85.70,77.80,100.00,100.00
2026-05-13T15:14:19.931957,66.70,87.50,100.00,100.00
2026-05-13T15:14:20.036280,77.80,80.00,100.00,100.00
2026-05-13T15:14:20.144745,75.00,77.80,100.00,100.00
2026-05-13T15:14:20.248802,88.90,85.70,100.00,100.00
2026-05-13T15:14:20.355693,77.80,77.80,100.00,100.00
2026-05-13T15:14:20.460571,75.00,75.00,100.00,100.00
2026-05-13T15:14:20.565504,71.40,80.00,100.00,100.00
2026-05-13T15:14:20.670894,80.00,75.00,100.00,100.00
2026-05-13T15:14:20.777221,77.80,88.90,100.00,100.00
2026-05-13T15:14:20.883009,75.00,75.00,100.00,100.00
2026-05-13T15:14:20.987108,71.40,75.00,100.00,100.00
2026-05-13T15:14:21.092974,77.80,87.50,100.00,100.00
2026-05-13T15:14:21.198587,75.00,77.80,100.00,100.00
2026-05-13T15:14:21.302547,71.40,80.00,100.00,100.00
2026-05-13T15:14:21.407106,75.00,83.30,100.00,100.00
2026-05-13T15:14:21.511755,75.00,80.00,100.00,100.00
2026-05-13T15:14:21.616450,75.00,71.40,100.00,100.00
2026-05-13T15:14:21.770190,84.60,92.90,100.00,100.00
2026-05-13T15:14:21.874853,60.00,70.00,50.00,100.00
2026-05-13T15:14:21.979352,62.50,57.10,55.60,100.00
2026-05-13T15:14:22.084503,55.60,42.90,42.90,100.00
2026-05-13T15:14:22.189610,62.50,66.70,62.50,100.00
2026-05-13T15:14:22.381320,73.30,75.00,68.80,100.00
2026-05-13T15:14:22.486143,87.50,75.00,100.00,100.00
2026-05-13T15:14:22.590384,66.70,80.00,100.00,100.00
2026-05-13T15:14:22.697472,77.80,90.00,100.00,100.00
2026-05-13T15:14:22.802966,80.00,75.00,100.00,100.00
2026-05-13T15:14:22.907425,71.40,87.50,100.00,100.00
2026-05-13T15:14:23.012737,77.80,77.80,100.00,100.00
2026-05-13T15:14:23.119168,77.80,77.80,100.00,100.00
2026-05-13T15:14:23.223426,75.00,75.00,100.00,100.00
2026-05-13T15:14:23.327844,77.80,88.90,100.00,100.00
2026-05-13T15:14:23.432923,75.00,75.00,100.00,100.00
2026-05-13T15:14:23.537930,57.10,88.90,100.00,100.00
2026-05-13T15:14:23.642444,75.00,80.00,100.00,100.00
2026-05-13T15:14:23.748217,75.00,87.50,100.00,100.00
2026-05-13T15:14:23.852559,77.80,75.00,100.00,100.00
2026-05-13T15:14:23.956649,75.00,80.00,100.00,100.00
2026-05-13T15:14:24.060976,75.00,88.90,100.00,100.00
2026-05-13T15:14:24.165601,66.70,90.00,100.00,100.00
2026-05-13T15:14:24.270387,87.50,71.40,100.00,100.00
2026-05-13T15:14:24.374062,77.80,88.90,100.00,100.00
2026-05-13T15:14:24.479548,75.00,75.00,100.00,100.00
2026-05-13T15:14:24.583900,80.00,87.50,100.00,100.00
2026-05-13T15:14:24.690139,75.00,80.00,100.00,100.00
2026-05-13T15:14:24.797623,75.00,87.50,100.00,100.00
2026-05-13T15:14:24.901811,71.40,80.00,100.00,100.00
2026-05-13T15:14:25.006932,80.00,75.00,100.00,100.00
2026-05-13T15:14:25.111559,85.70,87.50,100.00,100.00
2026-05-13T15:14:25.216190,77.80,80.00,100.00,100.00
2026-05-13T15:14:25.320439,75.00,77.80,100.00,100.00
2026-05-13T15:14:25.427741,77.80,75.00,100.00,100.00
2026-05-13T15:14:25.534243,66.70,90.00,100.00,100.00
2026-05-13T15:14:25.639774,75.00,75.00,100.00,100.00
2026-05-13T15:14:25.744978,87.50,85.70,100.00,100.00
2026-05-13T15:14:25.849610,75.00,77.80,100.00,100.00
2026-05-13T15:14:25.955503,75.00,80.00,100.00,100.00
2026-05-13T15:14:26.059973,80.00,75.00,100.00,100.00
2026-05-13T15:14:26.164525,87.50,87.50,100.00,100.00
2026-05-13T15:14:26.269995,77.80,75.00,100.00,100.00
2026-05-13T15:14:26.374567,75.00,88.90,100.00,100.00
2026-05-13T15:14:26.486238,77.80,77.80,100.00,100.00
2026-05-13T15:14:26.591775,77.80,77.80,100.00,100.00
2026-05-13T15:14:26.696646,85.70,80.00,100.00,100.00
2026-05-13T15:14:26.801532,77.80,85.70,100.00,100.00
2026-05-13T15:14:26.907034,80.00,88.90,100.00,100.00
2026-05-13T15:14:27.011893,66.70,80.00,100.00,100.00
2026-05-13T15:14:27.117186,85.70,75.00,100.00,100.00
2026-05-13T15:14:27.221678,80.00,88.90,100.00,100.00
2026-05-13T15:14:27.327341,80.00,77.80,100.00,100.00
2026-05-13T15:14:27.432501,77.80,75.00,100.00,100.00
2026-05-13T15:14:27.537021,77.80,90.00,100.00,100.00
2026-05-13T15:14:27.643389,77.80,87.50,100.00,100.00
2026-05-13T15:14:27.747786,75.00,77.80,100.00,100.00
2026-05-13T15:14:27.854002,77.80,90.00,100.00,100.00
2026-05-13T15:14:27.959901,75.00,87.50,100.00,100.00
2026-05-13T15:14:28.064038,75.00,77.80,100.00,100.00
2026-05-13T15:14:28.169412,80.00,87.50,100.00,100.00
2026-05-13T15:14:28.274384,87.50,88.90,100.00,100.00
2026-05-13T15:14:28.379048,80.00,75.00,100.00,100.00
2026-05-13T15:14:28.483905,75.00,77.80,100.00,100.00
2026-05-13T15:14:28.588603,77.80,90.00,100.00,100.00
2026-05-13T15:14:28.693500,77.80,75.00,100.00,100.00
2026-05-13T15:14:28.799851,62.50,87.50,100.00,100.00
2026-05-13T15:14:28.904051,75.00,75.00,100.00,100.00
2026-05-13T15:14:29.008877,77.80,77.80,100.00,100.00
2026-05-13T15:14:29.114082,80.00,85.70,100.00,100.00
2026-05-13T15:14:29.218937,77.80,81.80,100.00,100.00
2026-05-13T15:14:29.323427,71.40,88.90,100.00,100.00
2026-05-13T15:14:29.428461,77.80,87.50,100.00,100.00
2026-05-13T15:14:29.593927,81.30,83.30,100.00,100.00
2026-05-13T15:14:29.698859,57.10,60.00,50.00,100.00
2026-05-13T15:14:29.803310,55.60,62.50,42.90,100.00
2026-05-13T15:14:29.908418,42.90,42.90,55.60,100.00
2026-05-13T15:14:30.013763,50.00,55.60,42.90,100.00
2026-05-13T15:14:30.118871,66.70,62.50,55.60,100.00
2026-05-13T15:14:30.224111,62.50,62.50,66.70,100.00
2026-05-13T15:14:30.328931,57.10,62.50,50.00,100.00
2026-05-13T15:14:30.539300,80.00,80.00,82.40,100.00
2026-05-13T15:14:30.645874,88.90,88.90,100.00,100.00
2026-05-13T15:14:30.749808,71.40,77.80,100.00,100.00
2026-05-13T15:14:30.853848,80.00,77.80,100.00,100.00
2026-05-13T15:14:30.959032,75.00,85.70,100.00,100.00
2026-05-13T15:14:31.064505,77.80,80.00,100.00,100.00
2026-05-13T15:14:31.168996,77.80,87.50,100.00,100.00
2026-05-13T15:14:31.274852,77.80,80.00,100.00,100.00
2026-05-13T15:14:31.380664,85.70,75.00,100.00,100.00
2026-05-13T15:14:31.486354,66.70,75.00,100.00,100.00
2026-05-13T15:14:31.592767,87.50,75.00,100.00,100.00
2026-05-13T15:14:31.697572,75.00,85.70,100.00,100.00
2026-05-13T15:14:31.801773,80.00,75.00,100.00,100.00
2026-05-13T15:14:31.906596,77.80,77.80,100.00,100.00
2026-05-13T15:14:32.010938,80.00,88.90,100.00,100.00
2026-05-13T15:14:32.117008,75.00,77.80,100.00,100.00
2026-05-13T15:14:32.222629,75.00,75.00,100.00,100.00
2026-05-13T15:14:32.329348,80.00,85.70,100.00,100.00
2026-05-13T15:14:32.433983,71.40,77.80,100.00,100.00
2026-05-13T15:14:32.538059,75.00,88.90,100.00,100.00
2026-05-13T15:14:32.642487,77.80,77.80,100.00,100.00
2026-05-13T15:14:32.802918,84.60,76.90,93.80,100.00
2026-05-13T15:14:32.907848,50.00,55.60,33.30,100.00
2026-05-13T15:14:33.011152,18.20,0.00,18.20,100.00
2026-05-13T15:14:33.114449,0.00,0.00,0.00,100.00
2026-05-13T15:14:33.217490,0.00,9.10,0.00,100.00
2026-05-13T15:14:33.368697,13.30,7.10,20.00,100.00
2026-05-13T15:14:33.472146,0.00,9.10,100.00,100.00
2026-05-13T15:14:33.575719,0.00,9.10,100.00,100.00
2026-05-13T15:14:33.678948,9.10,0.00,100.00,100.00
2026-05-13T15:14:33.782220,9.10,0.00,100.00,100.00
2026-05-13T15:14:33.885371,9.10,0.00,100.00,100.00
2026-05-13T15:14:33.988635,0.00,0.00,100.00,100.00
2026-05-13T15:14:34.091939,0.00,0.00,100.00,100.00
2026-05-13T15:14:34.195203,9.10,9.10,100.00,100.00
2026-05-13T15:14:34.298476,0.00,0.00,100.00,100.00
2026-05-13T15:14:34.401645,0.00,9.10,100.00,100.00
2026-05-13T15:14:34.504808,0.00,0.00,100.00,100.00
2026-05-13T15:14:34.608129,9.10,0.00,100.00,100.00
2026-05-13T15:14:34.711402,0.00,0.00,100.00,100.00
2026-05-13T15:14:34.814627,10.00,45.50,100.00,100.00
2026-05-13T15:14:34.918084,16.70,100.00,100.00,100.00
2026-05-13T15:14:35.021400,0.00,100.00,100.00,100.00
2026-05-13T15:14:35.125223,9.10,100.00,100.00,100.00
2026-05-13T15:14:35.228591,20.00,83.30,100.00,100.00
2026-05-13T15:14:35.331761,10.00,11.10,100.00,100.00
2026-05-13T15:14:35.435234,9.10,9.10,100.00,100.00
2026-05-13T15:14:35.538690,0.00,0.00,100.00,100.00
2026-05-13T15:14:35.642707,0.00,10.00,100.00,100.00
2026-05-13T15:14:35.746811,18.20,50.00,100.00,100.00
2026-05-13T15:14:35.849956,10.00,18.20,100.00,100.00
2026-05-13T15:14:35.953235,0.00,0.00,100.00,100.00
2026-05-13T15:14:36.056480,16.70,0.00,100.00,100.00
2026-05-13T15:14:36.159566,0.00,9.10,100.00,100.00
2026-05-13T15:14:36.262909,0.00,9.10,100.00,100.00
2026-05-13T15:14:36.366080,16.70,0.00,100.00,100.00
2026-05-13T15:14:36.469334,0.00,0.00,100.00,100.00
2026-05-13T15:14:36.572658,0.00,10.00,100.00,100.00
2026-05-13T15:14:36.676365,10.00,63.60,100.00,100.00
2026-05-13T15:14:36.780109,9.10,0.00,100.00,100.00
2026-05-13T15:14:36.883719,0.00,9.10,100.00,100.00
2026-05-13T15:14:36.987277,9.10,10.00,100.00,100.00
2026-05-13T15:14:37.090830,0.00,0.00,100.00,100.00
2026-05-13T15:14:37.194322,0.00,16.70,100.00,100.00
2026-05-13T15:14:37.297494,20.00,60.00,100.00,100.00
2026-05-13T15:14:37.402325,9.10,20.00,100.00,100.00
2026-05-13T15:14:37.505826,0.00,0.00,100.00,100.00
2026-05-13T15:14:37.609108,9.10,9.10,100.00,100.00
2026-05-13T15:14:37.712281,20.00,54.50,100.00,100.00
2026-05-13T15:14:37.815410,0.00,0.00,100.00,100.00
2026-05-13T15:14:37.918673,9.10,10.00,100.00,100.00
2026-05-13T15:14:38.021954,10.00,9.10,100.00,100.00
2026-05-13T15:14:38.125801,9.10,9.10,100.00,100.00
2026-05-13T15:14:38.230895,20.00,66.70,100.00,100.00
2026-05-13T15:14:38.334144,10.00,10.00,100.00,100.00
2026-05-13T15:14:38.437325,0.00,10.00,100.00,100.00
2026-05-13T15:14:38.540487,9.10,16.70,100.00,100.00
