Random waveform, supplied seed
Total number of intervals = 1800 (6927, 52892, 98921, 61129, 40613, 53226, 38560, 103465, 104758, 94759, 37799, 8296, 69443, 12517, 43591, 20430, 93758, 10485, 16518, 83230, 5484, 55611, 20774, 96726, 32442, 73039, 74055, 51197, 59442, 35654, 78747, 42212, 52488, 36950, 16762, 79473, 61431, 87172, 108181, 80515, 37149, 13444, 72057, 70041, 90162, 52082, 24258, 72013, 58012, 45398, 50177, 34504, 66010, 73937, 55020, 53235, 97743, 5419, 14764, 7451, 48208, 16149, 78989, 18886, 75954, 44409, 16431, 85707, 58253, 103867, 21604, 90401, 84467, 99700, 32052, 18173, 67789, 51929, 83850, 18614, 29315, 108090, 27024, 49907, 9150, 34328, 51881, 14569, 81517, 78694, 93409, 39093, 18729, 70818, 21942, 91810, 39588, 40957, 62645, 15539, 107672, 32954, 58866, 23739, 54701, 60706, 72350, 58661, 34912, 103268, 38703, 83358, 57408, 86837, 33517, 66204, 73758, 99742, 109462, 94453, 44096, 100467, 8576, 59359, 7614, 60329, 43762, 67038, 26095, 71173, 109276, 13150, 61250, 84472, 82226, 27671, 98736, 106314, 105027, 96867, 89493, 50538, 22083, 48618, 94298, 63579, 64573, 77178, 29824, 64495, 20917, 85651, 61935, 50216, 72251, 71798, 19701, 24952, 81838, 26648, 24837, 29420, 103882, 70314, 61679, 49557, 19325, 9128, 94933, 24327, 71896, 93771, 20452, 42338, 72627, 80603, 49049, 92305, 56889, 78036, 71583, 72609, 107382, 86530, 16550, 84534, 72631, 49291, 62175, 80213, 16566, 53985, 101949, 24076, 52574, 106271, 105451, 86087, 29108, 101115, 74326, 75832, 94901, 15809, 28874, 51882, 32653, 41676, 63019, 99164, 47055, 62394, 98519, 32122, 49464, 24034, 77363, 91698, 38997, 86028, 83012, 15024, 56640, 97362, 107412, 65030, 79278, 47544, 105368, 58181, 56960, 14849, 63672, 48289, 11797, 10781, 49362, 102119, 46213, 97025, 18351, 21426, 43013, 67376, 36043, 6255, 102499, 26263, 56974, 40869, 46514, 11431, 58600, 68058, 54502, 64022, 52142, 101375, 40606, 47485, 48977, 38615, 80279, 75843, 67095, 41325, 55752, 85561, 14194, 88002, 90515, 109283, 26699, 37400, 19307, 11527, 83787, 22209, 75169, 73833, 94641, 61338, 91825, 77235, 37257, 32057, 108618, 72930, 43714, 87369, 56640, 97360, 79788, 11352, 87962, 40663, 59386, 48302, 19398, 82197, 77387, 72753, 7720, 46279, 42102, 90892, 39976, 61084, 16735, 45909, 28976, 84704, 101822, 92571, 12106, 58568, 51319, 21556, 14191, 29072, 16350, 86891, 104441, 8906, 42175, 51797, 76678, 19630, 100132, 40498, 108559, 23964, 70760, 99567, 107548, 53742, 103931, 60359, 9725, 52014, 40053, 86436, 23983, 66595, 26056, 51764, 40202, 76665, 11133, 80405, 79106, 97258, 36307, 28636, 41620, 75736, 44979, 31478, 37586, 108330, 64301, 11203, 7291, 87477, 77485, 42055, 26865, 94592, 66869, 17835, 55977, 82437, 15775, 87559, 105401, 88752, 94531, 101303, 86640, 84818, 20221, 43599, 52779, 89855, 48532, 107423, 46535, 47535, 49633, 30334, 17207, 106074, 48912, 96483, 39228, 92350, 85084, 81993, 101617, 16730, 71079, 108942, 55406, 42279, 21876, 34140, 42897, 18462, 100375, 41347, 101594, 47486, 73393, 51134, 58201, 71020, 72071, 93446, 28724, 59269, 74624, 52368, 9687, 44165, 6895, 55457, 61164, 108384, 33319, 97895, 39720, 68554, 86849, 30264, 100754, 98098, 86028, 93054, 42348, 29490, 18187, 95113, 8570, 62285, 52582, 34260, 59493, 58208, 93458, 18056, 94134, 37808, 53481, 25666, 108853, 41576, 70282, 45769, 92383, 12100, 67747, 68933, 63242, 72993, 51022, 67069, 24895, 68588, 42706, 49479, 64792, 73879, 31893, 74262, 57246, 91617, 55173, 108633, 15720, 99961, 102613, 57169, 56950, 49938, 5383, 39719, 36653, 69482, 46749, 65109, 46501, 109480, 69433, 58157, 70737, 34617, 77563, 90036, 36689, 46832, 104903, 14153, 21674, 5689, 37781, 15507, 102064, 71340, 79815, 44352, 109562, 86219, 47335, 41962, 45802, 13389, 95780, 87844, 55903, 100902, 70988, 53831, 26948, 32347, 41050, 56197, 94617, 71839, 79082, 107630, 60164, 97878, 63680, 73888, 65499, 96906, 103287, 49664, 32535, 46477, 7459, 74137, 57061, 34213, 7432, 41605, 32998, 61636, 64695, 14063, 91302, 6064, 41354, 19863, 19488, 14040, 19538, 20199, 106657, 92457, 92780, 68203, 81753, 57748, 21027, 49680, 82042, 93691, 45291, 30437, 67422, 69956, 35404, 80225, 105585, 20088, 12672, 15696, 25951, 65007, 10189, 78008, 12678, 15922, 41774, 38788, 34559, 54825, 42697, 12669, 70047, 96137, 92934, 20597, 66597, 59987, 58456, 59958, 98221, 55912, 39018, 18747, 60013, 85584, 84809, 85435, 94907, 16437, 78505, 77219, 86414, 73427, 100497, 96416, 71637, 33216, 58699, 53809, 72797, 107267, 55877, 70507, 46741, 36507, 30697, 25261, 25212, 33805, 76345, 95558, 28428, 21673, 89018, 46753, 34034, 47329, 56893, 38690, 79988, 107429, 43713, 76624, 71700, 40703, 95489, 18531, 99369, 29286, 42988, 69249, 7889, 51783, 38634, 86204, 109534, 45136, 59949, 61681, 76329, 44322, 20698, 84853, 75889, 98396, 53818, 26200, 54761, 12268, 52324, 106440, 7154, 87362, 43716, 26737, 41596, 85490, 77612, 78124, 69632, 39180, 15803, 36987, 19833, 46567, 57368, 36003, 68916, 93229, 46632, 93663, 106418, 60496, 109057, 96861, 86255, 25686, 17483, 29211, 55328, 87592, 23882, 44790, 12236, 42928, 103959, 97347, 68379, 92596, 10055, 29634, 9324, 30076, 100150, 27527, 95171, 40523, 11422, 9200, 42816, 10698, 22301, 48159, 39987, 33067, 62704, 52778, 75981, 74522, 14533, 5566, 78062, 82399, 108638, 93541, 47145, 109796, 26597, 7034, 72616, 13584, 19750, 109139, 15150, 74389, 87266, 108170, 103631, 44587, 66411, 89167, 35723, 85827, 78806, 89641, 14186, 52308, 56743, 38302, 71662, 36015, 65048, 72989, 76390, 24409, 85530, 8346, 69627, 70266, 89525, 70975, 46633, 16963, 109556, 91124, 51505, 93804, 58474, 43487, 61792, 59548, 43635, 27536, 42828, 109424, 78273, 60279, 35178, 67279, 80752, 35012, 7936, 8578, 89696, 5569, 26905, 42389, 84689, 59305, 44512, 72395, 74619, 67302, 57822, 8117, 106178, 25089, 68848, 98941, 78157, 109857, 108875, 86646, 83239, 51061, 89906, 56601, 71203, 95942, 71622, 97182, 27718, 46519, 83197, 79080, 69401, 45684, 18120, 21245, 39039, 67458, 42773, 20690, 63440, 41615, 97229, 86249, 20807, 26130, 30510, 43868, 55324, 20437, 9548, 12101, 72073, 21310, 90755, 51252, 53070, 48181, 97336, 91976, 94742, 66079, 79328, 45235, 35310, 76589, 107175, 78127, 13331, 59382, 87477, 92020, 109297, 42293, 52962, 23492, 12594, 69120, 57144, 57232, 71593, 40799, 29614, 106611, 50009, 47727, 15204, 50703, 60979, 37662, 16932, 100183, 69175, 27515, 106411, 49629, 63537, 88081, 55527, 69558, 60702, 13487, 67037, 8281, 34986, 82336, 101465, 82733, 44752, 104681, 53872, 87376, 70834, 86701, 56054, 106733, 6476, 33857, 15953, 41252, 76853, 32962, 83564, 46260, 46426, 100015, 78102, 24168, 25529, 17342, 71657, 59805, 55558, 79251, 9123, 109516, 41153, 98946, 56315, 92525, 79997, 48998, 67260, 88431, 51359, 60398, 41854, 23797, 83091, 78319, 101978, 97985, 82850, 24622, 99932, 46761, 56274, 24750, 46988, 96633, 32524, 82709, 64734, 44841, 23220, 52173, 87894, 55637, 31153, 30053, 20489, 33457, 16922, 47200, 95934, 42596, 94660, 59804, 37634, 68516, 86478, 101464, 70660, 105480, 41912, 50818, 99610, 99247, 72793, 34890, 49665, 51276, 30810, 42632, 71502, 87471, 95450, 101882, 61422, 36550, 20285, 80275, 99091, 90849, 53477, 67190, 55837, 43938, 73349, 38158, 62627, 21095, 43996, 8918, 19346, 48373, 72207, 57914, 78645, 6581, 25723, 21861, 102729, 15233, 14904, 44168, 49750, 100878, 93330, 75527, 6637, 22677, 69399, 9465, 81491, 68604, 86719, 48219, 105020, 79027, 33669, 9087, 28486, 36839, 46303, 29630, 58735, 15717, 54660, 100453, 84114, 47655, 71572, 97243, 109600, 97814, 46973, 52430, 7146, 64613, 8185, 91736, 50530, 99806, 23088, 39498, 7321, 70463, 55826, 68597, 83723, 93939, 10956, 43150, 61224, 72370, 75062, 66006, 103596, 92033, 10484, 101797, 93004, 55072, 97279, 82336, 94577, 25009, 98952, 62113, 90099, 54206, 36396, 61074, 70494, 44168, 57463, 60314, 105044, 63992, 64734, 38524, 23279, 96010, 68478, 71493, 39521, 73637, 46296, 25879, 11714, 89519, 71339, 63633, 18929, 69661, 8686, 20828, 68811, 108532, 96969, 21773, 90731, 63998, 64446, 32180, 75461, 51464, 47445, 12315, 98965, 71412, 44818, 65032, 10162, 46718, 81555, 93247, 44331, 68373, 99824, 13056, 65920, 28566, 25078, 88903, 108661, 64992, 77433, 15971, 16899, 84638, 35480, 97273, 79139, 25297, 102339, 72458, 90171, 108648, 50499, 103049, 39793, 21064, 40595, 66094, 19325, 13925, 72470, 73495, 86683, 68819, 27253, 105279, 23628, 86180, 28305, 39975, 39392, 9232, 50310, 78444, 92684, 33919, 9652, 84235, 89236, 35182, 29868, 65163, 12137, 61980, 68692, 107979, 44697, 21036, 89648, 38068, 23853, 94618, 79614, 24378, 84735, 90499, 46515, 18830, 83245, 38103, 78351, 11883, 82546, 53356, 21606, 16566, 53192, 108883, 7366, 94850, 93630, 74411, 44291, 18140, 46406, 76568, 67484, 70037, 28245, 95855, 94882, 15781, 77465, 18000, 99573, 99265, 75628, 21273, 99065, 62986, 71174, 26304, 13354, 35658, 39892, 14874, 71766, 106924, 69312, 23069, 31532, 105945, 100442, 7075, 21318, 104020, 78635, 46764, 9723, 13017, 40662, 34465, 46730, 73264, 79688, 108967, 56343, 41842, 19881, 6107, 38731, 31156, 79889, 31951, 105358, 104834, 12457, 72818, 44775, 68489, 52510, 84955, 14282, 87096, 90273, 31352, 19469, 7075, 35529, 84543, 19670, 35779, 80767, 84436, 102570, 64539, 20695, 29052, 109606, 86574, 26386, 30300, 79261, 72798, 23763, 45061, 57867, 28765, 105615, 109800, 92474, 69536, 108847, 37648, 98797, 71781, 45034, 23060, 99559, 78907, 109987, 96463, 14541, 30227, 109068, 73889, 80825, 101968, 28070, 88127, 93037, 85313, 42639, 89688, 77922, 43434, 105109, 104178, 103636, 33841, 65328, 53849, 14112, 65229, 74794, 76657, 92562, 79594, 106208, 94770, 19122, 60408, 98371, 61350, 78813, 5604, 81210, 73960, 28059, 6090, 65353, 55646, 75470, 101368, 20305, 101317, 108543, 81018, 106524, 50658, 43791, 14504, 47555, 67848, 93337, 82735, 79691, 61855, 61378, 27280, 35620, 32911, 76628, 32305, 74231, 69333, 53526, 43970, 92984, 22716, 86539, 73888, 73554, 26912, 44840, 16966, 51903, 71461, 21248, 98493, 105716, 19488, 16605, 75130, 45842, 48598, 67944, 26800, 49959, 54114, 66577, 39563, 40228, 92385, 35189, 34744, 15082, 87824, 33965, 38138, 42450, 65120, 17329, 56524, 36287, 14642, 53127, 67385, 80362, 105193, 50992, 85438, 50475, 15668, 66984, 57056, 45383, 9044, 39958, 67432, 23503, 89906, 60865, 10097, 104385, 16694, 96807, 23545, 53603, 77963, 99004, 89009, 109606, 94996, 26308, 76851, 105149, 51656, 12606, 56950, 58457, 73870, 77558, 18374, 90267, 41486, 34820, 24506, 32392, 65364, 33590, 48637, 99481, 15514, 9896, 78890, 26427, 84648, 105509, 16789, 13784, 13915, 7197, 84754, 93616, 45232, 86355, 23239, 51079, 72839, 73047, 15045, 102659, 102565, 83738, 35346, 55125, 40276, 62712, 75879, 37820, 51426, 37336, 98811, 102611, 30209, 19127, 34838, 12221, 92770, 100281, 28246, 97699, 99005, 102169, 51450, 17676, 7745, 48978, 43452, 90767, 48262, 83478, 76521, 11107, 70605, 26675, 52233, 55622, 99805, 107061, 61661, 67279, 76808, 8778, 97193, 107071, 10948, 28130, 51359, 55853, 90627, 102228, 104734, 106083, 95336, 76589, 103772, 109839, 17359, 31011, 67619, 17471, 24062, 23520, 56489, 69348, 108974, 79285, 54257, 40106, 31207, 94507, 5506, 14400, 78967, 69388, 35215, 58494, 65990, 44222, 19337, 98916, 87381, 40281, 37810, 88453, 101489, 60562, 74653, 11749, 48618, 95605, 92625, 82221, 46975, 96256, 102722, 109956, 93397, 36796, 60338, 88191, 7900, 26617, 25396, 87872, 105715, 108698, 55441, 105384, 106644, 84799, 13372, 25818, 43197, 16342, 60414, 105092, 29202, 5224, 104734, 106273, 44596, 108135, 41488, 68048, 101205, 22018, 14763, 80132, 8180, 20631, 109472, 46664, 6150, 16610, 42753, 9304, 8734, 89512, 58784, 104359, 8750, 31858, 20648, 91120, 91975, 79487, 93804, 47660, 53383, 60697, 19954, 76807, 102724, 36517, 90439, 92826, 99778, 87276, 67275, 10087, 41900, 60263, 79470, 20947, 79025, 93419, 86804, 11405, 33882, 8430, 7942, 105057, 82445, 40392, 16556, 91947, 28551, 78108, 18719, 13168, 48375, 98215, 62057, 94693, 92475, 83505, 109987, 93810, 56123, 20359, 54191, 97761, 101798, 11665, 93664, 7403, 73227, 91119, 76654, 52293, 15050, 88148, 13524, 54805, 14412, 68941, 89820, 91153, 24369, 42486, 27648, 31851, 100322, 94014, 16913, 5947, 77583, 6265, 58967, 40532, 56191, 103011, 24501, 57444, 60289, 103880, 32464, 9285, 109877, 22850, 37879, 90611, 42389, 89747, 18888, 18342, 71509, 93765, 35150, 11581, 51412, 8462, 28740, 11652, 99757, 35286, 87947, 9792, 13638, 75307, 91207, 81855, 100069, 31951, 104976, 87502, 80028, 44225, 72415, 87807, 65557, 14385, 27635, 20715, 55783, 80848, 82586, 104093, 50265, 51931, 10802, 79916, 50498, 75863, 88817, 27861, 33910, 65491, 60507, 84276, 51201, 22706, 33092, 67167, 97349, 105743, 53600, 21310, 76417, 43763, 73896, 97794, 21446, 49988, 7122, 83763, 41140, 95462, 104165, 100019, 35421, 55637, 34477, 37440, 64960, 58635, 21487, 14640, 21957, 43413, 68826, 42244, 65554, 72635, 8234, 85104, 97153)
Average QPS expected = 58283
Timestamp start: 1778525213769
Timestamp end: 1778527014649

#type       avg     std     min      p5     p10     p50     p67     p75     p80     p85     p90     p95     p99    p999   p9999      QPS   target
read      241.7   116.6    93.8   161.6   174.5   232.3   255.6   268.5   277.4   291.3   311.0   342.8   421.7   969.4  7149.1   6935.0     6927
read      419.2   398.3    80.4   137.0   156.2   332.3   454.8   519.2   566.0   620.2   689.0   836.0  2189.2  4367.0  8060.8  52490.0    52892
read      380.3   376.4    80.4   139.2   156.9   270.2   343.6   397.3   452.3   546.7   699.5  1019.4  2096.0  3249.3  7918.0  98687.0    98921
read      286.2   142.1    74.4   128.1   141.8   252.2   319.7   363.9   395.4   432.6   481.4   556.4   711.7  1042.4  2029.9  61373.0    61129
read      293.4   313.3    86.8   134.3   150.3   262.1   314.6   347.3   371.6   399.0   432.1   481.8   615.8  7266.3  9296.4  40836.0    40613
read      286.5   149.4    80.4   130.1   144.7   259.4   323.6   362.1   389.8   421.8   461.8   522.3   649.0  1551.3  2865.7  52931.0    53226
read      275.7   106.0    80.4   136.6   152.2   260.3   309.5   341.2   363.9   389.4   420.5   465.7   560.1   861.1  1502.0  38767.0    38560
read      501.8   665.4    80.4   152.1   175.9   313.4   394.8   452.3   501.3   575.5   812.2  1729.1  3442.5  7478.8  8488.3 103189.0   103465
read      350.8   451.7    80.4   128.8   144.9   254.6   312.4   348.2   377.3   416.7   477.8   692.5  2818.6  4792.1  7965.5 105038.0   104758
read      249.0   108.8    80.4   122.8   136.9   227.5   277.2   307.7   331.0   357.7   391.9   441.5   555.8   903.8  1568.5  94422.0    94759
read      262.8    88.5    86.8   138.7   155.0   257.5   294.9   318.9   336.2   355.2   377.4   412.8   485.0   593.6  1899.6  38186.0    37799
read      234.4    60.9    93.8   161.6   175.5   228.2   248.5   260.2   269.2   280.2   295.8   324.0   396.6   908.4  1908.4   8511.0     8296
read      251.7   103.1    74.4   123.7   138.1   234.7   284.6   315.1   337.3   362.1   392.8   435.0   520.3   649.4  1502.2  69575.0    69443
read      240.9    63.8    93.8   159.5   175.6   236.6   257.8   269.5   277.8   290.0   306.3   335.1   399.3   987.5  1468.6  12575.0    12517
read      262.9    93.5    80.4   134.5   150.7   256.0   297.5   323.3   340.4   359.8   383.7   421.3   504.4   647.1  1644.7  43550.0    43591
read      245.0    66.9    93.8   150.4   167.2   242.1   266.6   279.9   290.9   304.5   322.3   351.0   406.9   599.0  2114.0  20530.0    20430
read      249.1   123.3    74.4   121.9   135.8   226.4   276.0   306.1   329.6   356.8   390.8   441.1   567.8  1190.5  3669.1  93612.0    93758
read      229.1    60.3    93.8   156.0   171.4   224.3   243.4   254.0   262.6   271.6   286.2   311.9   381.1   939.8  1097.9  10625.0    10485
read      242.8    93.7    93.8   154.0   171.5   238.9   261.1   272.4   281.9   293.1   311.4   339.9   402.8   771.1  4916.5  16784.0    16518
read      248.9   119.8    74.4   120.9   134.4   227.3   278.1   308.4   331.9   357.6   389.9   435.4   547.8  1314.1  2547.3  83320.0    83230
read      221.7    88.4   109.4   153.6   165.5   212.4   231.5   243.0   251.5   262.4   275.0   303.6   395.5  1007.0  3901.8   5631.0     5484
read      252.3    98.7    74.4   127.9   141.5   240.8   287.0   314.8   334.1   354.8   379.2   419.1   494.5   621.6  1177.8  54836.0    55611
read      242.8    64.7    80.4   150.2   166.7   240.0   263.9   275.4   287.5   300.6   318.3   345.2   406.5   550.3  1871.6  21023.0    20774
read      245.0   108.6    74.4   122.4   135.9   223.9   273.1   301.3   325.0   351.2   384.8   433.6   535.6   741.0  2590.4  96404.0    96726
read      255.2    80.7    80.4   141.0   157.0   253.2   284.7   302.5   317.5   334.3   354.4   386.2   452.4   551.6  1466.6  32755.0    32442
read      255.8   122.3    80.4   125.4   139.2   235.7   286.7   317.8   341.5   367.2   397.9   441.5   545.1  1091.6  3639.4  73379.0    73039
read      252.7   107.2    80.4   124.0   138.0   232.8   285.0   316.7   339.5   364.9   396.1   442.3   543.2   847.9  1381.2  73884.0    74055
read      258.5    96.5    80.4   131.5   146.1   249.5   295.1   322.5   340.7   360.8   385.0   421.0   494.9   677.0  1612.4  51122.0    51197
read      260.5   121.2    80.4   129.9   144.2   246.2   295.3   326.2   345.4   368.9   396.9   435.3   517.2   652.0  5554.4  59321.0    59442
read      259.6    91.0    86.8   140.4   155.7   256.8   292.1   312.9   327.7   343.9   366.0   398.5   466.7   573.5  2008.2  35685.0    35654
read      252.9   102.0    74.4   125.6   139.7   234.0   285.3   316.6   339.4   364.9   397.0   442.1   532.5   724.8   931.0  78514.0    78747
read      257.6    90.7    80.4   134.8   150.6   253.2   292.1   315.8   332.1   349.3   370.9   403.2   468.4   590.1  1261.7  42299.0    42212
read      257.8   113.6    74.4   130.7   145.1   246.4   291.7   317.7   336.5   358.1   384.4   422.0   504.4  1069.2  2549.1  53148.0    52488
read      255.9    88.4    80.4   138.6   154.0   252.3   287.3   307.7   322.6   339.2   360.3   391.7   463.3   593.5  2259.3  36616.0    36950
read      243.6    64.0    86.8   155.0   172.0   238.8   262.5   274.5   286.0   298.4   318.6   348.4   408.7   510.7  1043.8  16953.0    16762
read      252.9   103.3    74.4   125.1   139.1   233.5   284.2   315.6   338.7   364.7   397.1   443.6   543.2   763.0  1208.8  79294.0    79473
read      257.6   100.5    80.4   128.5   142.6   242.4   292.6   321.6   342.3   366.2   395.6   437.0   529.2   714.1  1450.0  61261.0    61431
read      256.7   116.2    74.4   125.9   140.3   234.1   286.2   317.9   341.5   368.6   401.8   452.9   569.8   976.9  2402.1  87229.0    87172
read      254.3   128.4    80.4   126.1   140.6   231.6   281.1   311.4   334.1   360.5   394.3   444.7   565.3  1164.9  4508.8 107827.0   108181
read      250.7   106.9    80.4   123.3   137.2   230.7   282.1   313.9   337.0   362.5   393.1   436.7   535.1   749.6  2405.5  80596.0    80515
read      257.4    82.9    86.8   137.6   153.7   253.4   290.0   310.9   326.0   344.1   366.6   398.7   467.5   584.3  1001.1  37073.0    37149
read      242.7    64.6    93.8   161.1   176.6   237.9   261.0   272.5   282.6   294.4   310.9   336.4   395.5   917.6  1984.3  13481.0    13444
read      255.4   104.9    74.4   124.5   139.1   235.5   288.0   318.7   341.9   368.3   400.6   449.8   549.3   729.8  1367.6  71809.0    72057
read      256.1   108.6    74.4   126.0   140.3   238.9   290.2   321.2   343.2   368.4   397.9   439.6   527.5   720.0  1385.0  70231.0    70041
read      253.6   116.1    74.4   124.6   138.9   232.1   283.9   315.9   340.0   366.6   399.0   447.5   543.9   770.1  4130.8  90007.0    90162
read      262.3    98.1    80.4   132.4   147.7   251.3   298.3   325.6   343.9   366.2   394.0   433.8   521.5   646.8  1183.7  52182.0    52082
read      252.9    84.4    86.8   148.5   166.1   248.4   275.6   291.2   303.0   318.7   338.0   366.9   439.6  1393.3  2411.5  24358.0    24258
read      255.7   103.7    80.4   125.5   139.8   237.2   288.8   320.7   343.4   369.9   400.2   445.1   543.7   741.1  1329.5  72078.0    72013
read      261.1   110.1    80.4   129.3   144.2   247.4   297.4   326.7   346.6   369.7   397.6   436.5   510.2   733.5  2484.3  58581.0    58012
read      263.2   105.3    80.4   134.2   150.2   255.8   298.8   324.0   341.3   361.8   386.8   422.7   494.9   628.3  3738.8  45579.0    45398
read      261.7    99.3    86.8   131.6   146.9   252.5   297.4   325.2   343.1   364.5   391.3   429.3   508.1   641.8  2158.3  50372.0    50177
read      258.8    80.6    86.8   139.9   156.5   255.5   291.4   312.1   326.4   342.4   363.2   395.0   462.1   584.3  1145.7  34584.0    34504
read      256.6   115.0    80.4   126.4   140.8   240.1   291.8   323.3   344.6   368.1   396.0   435.0   519.8   663.8  3834.0  65754.0    66010
read      254.8   109.4    80.4   124.8   139.3   235.9   287.3   318.9   341.2   366.9   398.1   441.1   538.5   698.4  2028.3  73970.0    73937
read      259.2    99.2    80.4   129.4   144.2   247.5   295.4   324.8   343.3   365.0   391.9   431.0   511.8   636.5  1679.2  55185.0    55020
read      258.9   103.9    80.4   130.2   145.1   248.9   295.7   322.5   340.7   361.6   387.0   424.1   500.9   634.9  3117.4  53147.0    53235
read      246.9   107.3    74.4   122.3   136.5   224.9   274.1   304.4   326.6   353.2   386.3   435.5   562.6   945.9  1532.4  98212.0    97743
read      228.1    79.3    93.8   158.0   169.5   218.6   238.1   250.3   259.1   269.8   285.5   313.5   429.3  1042.1  2009.5   5430.0     5419
read      239.7    75.6    86.8   156.0   172.6   235.3   256.9   268.5   276.2   289.2   306.0   333.9   391.2   967.5  2537.6  14454.0    14764
read      232.1   152.3   101.3   160.2   172.3   222.3   241.0   251.5   259.4   268.9   282.1   309.8   396.6  1238.9  7688.8   7470.0     7451
read      263.8   136.5    80.4   133.1   148.0   252.4   297.2   323.7   342.5   362.3   386.2   424.0   506.5  1429.4  4282.2  47666.0    48208
read      248.0   138.2    86.8   156.6   173.9   241.2   263.1   274.3   285.6   297.7   316.5   344.0   404.4  1075.1  5206.1  16244.0    16149
read      252.9   103.0    80.4   124.4   138.6   233.3   285.7   317.2   340.1   365.5   397.9   443.2   535.3   738.5  1172.8  78892.0    78989
read      251.7   101.7    86.8   154.6   172.2   245.8   270.3   285.1   296.0   312.0   332.2   362.2   432.1   999.8  4786.7  19011.0    18886
read      256.4   114.5    80.4   124.8   139.3   236.2   288.0   321.0   344.2   370.0   401.2   448.7   547.7   803.1  2653.5  75834.0    75954
read      261.3    99.0    80.4   135.2   150.6   254.4   295.6   321.2   338.0   357.4   381.4   415.7   485.4   634.2  2337.7  44318.0    44409
read      248.5   129.4    86.8   157.6   174.8   241.4   264.9   277.1   288.7   301.7   318.8   345.5   412.0  1906.7  7176.2  16450.0    16431
read      251.4   110.6    80.4   123.7   138.0   230.0   281.5   312.7   335.6   362.2   395.3   443.8   548.5   886.0  1834.5  85785.0    85707
read      260.7   115.3    74.4   128.3   143.0   246.8   296.1   326.8   346.4   369.2   396.5   435.4   523.9   686.3  3289.7  57777.0    58253
read      253.2   119.9    74.4   126.0   140.0   230.5   279.5   310.0   333.6   361.5   396.4   447.3   559.1  1099.7  2459.9 103439.0   103867
read      252.8    84.1    86.8   151.8   169.0   247.9   274.2   291.6   304.3   318.8   339.1   368.2   434.1   574.4  2172.6  21665.0    21604
read      251.3   105.0    74.4   124.9   138.9   230.6   280.6   311.9   335.9   362.8   396.2   446.1   543.5   684.2  1283.0  90464.0    90401
read      250.3   103.6    74.4   122.4   136.6   230.0   279.9   312.1   336.2   363.0   397.0   444.5   544.2   694.0   938.1  84569.0    84467
read      246.6   117.7    74.4   122.2   136.6   224.7   273.3   303.7   327.2   353.2   386.7   433.7   540.2   878.0  3681.8  99480.0    99700
read      261.8    81.2    80.4   143.7   161.5   257.3   291.1   312.6   328.6   345.7   368.4   400.6   463.3   609.9  1084.0  32121.0    32052
read      248.5    71.1    86.8   155.1   173.5   243.8   268.1   282.1   293.1   307.5   325.6   354.0   424.0   942.6  1975.9  18076.0    18173
read      257.5   124.7    74.4   125.5   139.9   239.8   290.3   321.1   343.4   368.9   399.5   442.7   536.4   845.2  4170.7  67833.0    67789
read      263.2   134.3    80.4   129.0   144.0   249.1   295.9   324.8   344.9   367.0   393.7   433.4   526.0  1348.8  4191.2  51643.0    51929
read      252.5   136.6    74.4   123.0   137.3   231.2   282.1   313.4   336.3   362.5   395.9   445.2   548.5   812.5  3962.9  83605.0    83850
read      246.6    71.7    86.8   154.1   170.9   243.3   267.7   281.6   292.5   306.1   322.3   349.1   408.1   610.2  1905.8  18683.0    18614
read      256.5    79.4    86.8   144.8   161.8   253.1   284.3   303.0   317.6   334.8   355.0   383.6   441.4   550.3  1899.0  29135.0    29315
read      265.2   132.7    80.4   129.3   144.5   241.2   292.4   324.4   347.1   374.3   411.0   466.4   609.3  1442.0  2997.6 107965.0   108090
read      255.1    82.5    86.8   143.3   161.6   251.2   282.2   301.8   315.7   331.5   349.8   380.5   446.8   541.5  2084.3  27083.0    27024
read      260.3   103.4    80.4   130.2   145.1   249.8   295.7   323.8   342.4   364.2   390.9   429.5   505.5   658.4  3563.1  49634.0    49907
read      236.6    68.8    93.8   161.4   175.0   230.9   251.6   263.7   272.0   283.6   297.5   323.3   387.7   974.0  3008.0   9361.0     9150
read      263.9    87.3    80.4   141.7   158.7   258.7   294.7   318.5   335.0   353.0   373.9   407.8   483.7   620.2  1418.7  34135.0    34328
read      261.9   107.3    80.4   130.5   145.9   249.8   296.9   326.3   346.2   367.0   392.6   430.7   526.2   911.5  1611.6  51763.0    51881
read      242.7    73.4    93.8   158.2   174.9   238.3   261.2   273.3   283.9   295.7   312.7   338.3   393.6   586.7  3373.6  14532.0    14569
read      255.5   123.9    74.4   125.7   139.7   233.5   285.9   318.1   341.5   368.6   402.6   450.6   548.8   798.3  4031.9  81318.0    81517
read      257.0   106.8    74.4   126.3   140.3   236.0   289.0   322.1   345.7   372.3   405.9   454.0   553.7   778.3  1146.6  79026.0    78694
read      246.4   102.8    74.4   122.4   135.9   224.5   275.0   305.9   329.5   357.0   390.7   436.8   538.7   750.3  1359.0  93278.0    93409
read      260.4    87.0    80.4   137.8   153.0   255.5   297.1   320.0   335.4   352.2   372.6   403.2   470.0   585.5  1062.4  39337.0    39093
read      243.8    60.5    86.8   151.7   168.6   241.4   266.1   278.8   289.4   301.4   318.2   343.4   397.3   518.2  1007.6  18964.0    18729
read      259.8   166.8    74.4   126.2   140.5   237.2   288.6   320.1   343.7   369.9   400.8   445.7   543.3  2402.1  6397.6  70613.0    70818
read      253.5    71.2    93.8   151.8   169.4   249.5   276.1   292.7   304.8   318.4   338.2   369.4   433.7   628.2  1170.5  22044.0    21942
read      253.0   116.3    80.4   125.2   139.3   230.1   280.5   313.0   337.1   363.8   397.7   446.9   551.4  1069.4  2563.5  91724.0    91810
read      258.1    88.3    80.4   137.7   153.3   252.8   291.8   315.2   331.3   347.9   369.2   402.2   466.6   585.8  1425.7  39328.0    39588
read      258.5    91.2    80.4   136.3   151.4   252.7   292.8   316.0   332.4   350.3   372.7   406.6   469.8   588.8  2544.3  41133.0    40957
read      254.9   101.8    74.4   126.2   140.3   239.6   290.3   319.2   340.6   364.1   393.4   434.8   516.6   682.7  1587.4  62463.0    62645
read      249.5   156.8    86.8   156.4   173.7   239.3   263.6   275.8   287.6   300.4   319.1   347.1   414.8  2456.8  7828.5  15456.0    15539
read      253.2   104.6    74.4   127.0   141.4   232.3   281.8   312.1   335.3   362.6   396.6   447.1   546.6   776.0  1323.2 106814.0   107672
read      256.9    83.6    80.4   140.7   157.4   253.0   287.4   307.9   322.1   338.8   359.1   389.8   459.6   582.8  1376.0  32988.0    32954
read      257.2    98.0    80.4   127.9   142.0   244.0   294.5   323.5   342.6   364.8   392.3   432.8   509.8   635.8  1003.4  58443.0    58866
read      254.3    69.0    86.8   149.9   167.2   251.0   279.4   295.8   309.9   325.2   342.7   371.0   431.7   581.7  1001.6  23749.0    23739
read      258.8   106.9    80.4   130.1   144.5   246.2   295.5   324.6   342.1   362.4   388.2   427.6   513.4   666.0  3655.4  54625.0    54701
read      258.5   101.9    80.4   129.4   143.4   243.4   295.4   326.0   345.4   367.4   395.5   435.4   520.9   684.0  1738.5  60596.0    60706
read      258.4   131.0    80.4   126.8   140.7   235.7   289.3   322.5   346.0   373.0   403.9   449.9   554.2  1134.0  4896.3  72890.0    72350
read      259.2   107.8    80.4   129.1   143.4   244.4   293.9   324.0   345.0   368.4   395.5   434.6   521.3   845.1  2460.7  58715.0    58661
read      261.5   132.8    80.4   140.0   155.6   255.5   291.2   312.5   327.3   343.3   365.1   396.8   471.0   953.5  6546.0  35071.0    34912
read      255.3   114.0    80.4   126.7   140.9   231.8   282.3   313.2   337.4   365.7   400.5   453.8   583.7  1196.5  1709.1 102982.0   103268
read      260.0    92.2    86.8   139.7   154.9   255.5   293.0   316.7   333.2   350.6   370.7   402.4   468.6   581.2  1513.6  38628.0    38703
read      250.8   118.4    74.4   123.0   137.2   229.6   280.9   313.0   336.6   362.8   395.2   443.1   541.1   748.9  2124.6  83070.0    83358
read      259.4    98.8    80.4   129.3   144.1   246.6   295.3   325.1   344.3   367.2   395.8   433.1   512.8   641.6  1657.1  56892.0    57408
read      256.8   115.8    80.4   127.2   141.2   235.5   286.2   318.1   341.3   368.4   403.2   451.8   549.1   924.6  2589.1  87732.0    86837
read      261.8    83.7    86.8   142.2   159.1   257.8   293.1   314.9   330.2   346.3   368.2   400.6   464.8   581.1  1823.8  33342.0    33517
read      256.3   100.6    80.4   126.8   140.9   239.9   290.6   322.9   344.8   368.5   398.0   439.5   523.3   670.3   832.5  65356.0    66204
read      256.5   110.4    80.4   125.3   139.7   236.1   288.8   320.8   344.2   370.6   401.4   449.1   558.5   811.5  1460.4  73315.0    73758
read      251.4   115.6    80.4   124.8   138.9   229.5   278.2   309.0   332.3   359.8   393.6   443.5   560.0   993.4  1987.5  99809.0    99742
read      268.2   122.7    80.4   132.3   148.2   245.2   296.6   328.8   352.5   381.3   417.5   470.1   603.7  1092.3  2994.4 109861.0   109462
read      253.6   111.5    74.4   124.6   139.3   231.4   281.4   313.7   338.2   365.8   399.8   450.1   556.9   999.6  2132.3  94142.0    94453
read      260.1    87.1    80.4   134.1   150.7   254.9   296.1   321.6   338.4   357.0   378.4   410.5   470.5   548.3   894.1  44119.0    44096
read      257.2   125.0    80.4   127.0   141.2   235.4   285.0   316.5   340.2   367.0   400.3   451.9   567.3  1184.7  2335.7 100473.0   100467
read      230.4    57.9    86.8   161.1   174.8   225.4   244.4   254.4   263.2   272.3   287.3   312.7   372.6   935.2  1762.7   8822.0     8576
read      258.5   111.3    80.4   128.3   143.1   243.5   293.5   323.3   344.1   368.3   396.8   435.4   509.4   658.2  4820.1  58787.0    59359
read      229.1    56.4   101.3   158.7   172.3   224.6   244.1   254.2   263.3   272.7   287.5   312.1   372.9   918.5  1920.4   7715.0     7614
read      257.1    99.8    80.4   127.7   142.5   242.9   291.8   321.4   343.0   365.8   393.9   433.8   516.8   670.2  1774.8  59778.0    60329
read      262.6    90.8    80.4   135.1   150.9   256.0   298.3   322.5   341.0   361.3   385.4   420.6   492.3   628.7   938.0  43876.0    43762
read      256.5   127.6    74.4   125.2   139.3   237.3   289.6   320.3   341.9   366.1   395.8   437.9   542.4   987.5  4364.0  67167.0    67038
read      254.5    79.5    86.8   146.3   163.8   250.8   279.7   296.2   310.5   326.6   346.2   374.6   436.2   550.3  2489.1  26146.0    26095
read      258.5   108.1    80.4   126.8   140.8   238.9   291.8   325.2   348.6   374.2   405.8   451.2   541.4   753.1  1584.5  70810.0    71173
read      267.5   114.1    80.4   133.6   149.2   245.9   297.5   329.8   353.3   382.0   416.7   466.4   578.1   986.5  2491.4 109154.0   109276
read      238.8    61.1   101.3   160.8   175.4   234.4   255.4   267.5   275.0   288.2   304.3   330.1   386.6   548.5  1990.1  13098.0    13150
read      257.4    98.8    80.4   127.3   141.9   242.7   292.8   325.9   348.2   370.5   397.5   434.0   504.3   612.1   738.2  61655.0    61250
read      251.6   113.2    74.4   123.0   137.2   230.5   280.7   312.1   335.8   363.6   397.5   447.2   550.3   805.1  3590.6  84252.0    84472
read      255.8   155.6    74.4   124.7   138.8   232.7   284.3   316.4   340.2   367.7   400.3   450.9   571.3   893.1  5282.2  82533.0    82226
read      255.7    82.5    80.4   145.6   162.8   251.9   282.6   300.6   314.5   330.3   348.5   379.0   450.8   629.6  3008.3  28049.0    27671
read      256.2   124.4    80.4   126.2   140.5   231.6   282.2   313.4   336.7   364.2   399.1   451.7   584.6  1625.8  2280.3  98799.0    98736
read      249.9   129.2    80.4   123.9   138.0   226.6   275.0   305.1   328.5   356.2   390.4   443.1   566.0  1201.5  4290.3 106297.0   106314
read      252.6   156.9    74.4   123.4   137.9   227.7   275.7   305.1   327.9   355.3   390.8   443.8   584.7  1589.2  5796.0 105252.0   105027
read      263.1   178.7    74.4   125.0   139.2   233.2   284.8   316.9   341.4   370.0   406.8   466.2   665.3  2351.4  5800.5  96968.0    96867
read      248.8   106.8    74.4   122.6   136.2   227.7   277.8   309.8   332.9   359.6   393.1   440.0   538.7   916.9  2039.3  89694.0    89493
read      259.2    98.2    80.4   130.3   145.1   248.5   295.4   324.8   343.4   364.4   389.4   425.2   500.6   624.6  2841.5  50462.0    50538
read      250.7    71.5    80.4   150.6   167.8   247.7   274.0   290.2   301.9   316.6   334.9   360.6   419.5   546.1  2005.4  22080.0    22083
read      261.4   102.6    80.4   131.3   146.8   251.6   298.4   325.1   342.9   363.9   389.6   427.1   502.0   636.4  2589.3  48855.0    48618
read      251.7   106.8    80.4   123.1   137.5   230.5   280.3   312.2   335.9   362.7   396.9   448.1   565.8   855.5  1109.2  94042.0    94298
read      256.0   102.7    80.4   125.8   140.0   239.5   292.0   323.3   343.5   367.7   396.5   437.0   528.5   728.8  1768.9  63516.0    63579
read      258.8   115.6    74.4   127.1   141.0   240.7   294.2   326.0   347.0   371.4   401.1   442.3   535.0   812.5  3392.0  64371.0    64573
read      256.3   119.3    80.4   124.4   138.5   234.5   287.2   320.9   343.2   370.1   404.0   453.9   566.5   877.6  1514.0  77183.0    77178
read      257.9    81.4    86.8   144.0   161.2   255.2   287.8   307.0   320.6   337.2   357.0   386.4   451.5   592.1  2260.8  29598.0    29824
read      255.8   109.5    80.4   125.4   139.1   238.4   291.1   322.9   344.6   368.8   397.9   439.2   525.5   766.4  3129.1  64307.0    64495
read      250.2    67.9    93.8   153.0   170.2   246.8   272.1   288.0   299.4   314.2   332.6   360.0   418.7   542.8  1257.4  21007.0    20917
read      249.2   123.5    80.4   122.6   136.2   226.5   278.0   308.9   332.8   359.8   394.5   444.2   551.8   770.0  4331.2  86095.0    85651
read      252.7    96.7    74.4   125.7   139.6   237.5   287.7   318.2   339.0   362.2   391.0   430.6   503.3   621.2   808.0  61180.0    61935
read      261.3   122.7    80.4   130.8   146.0   248.9   293.7   320.8   340.3   362.8   390.0   428.9   509.2  1172.6  3379.6  50078.0    50216
read      253.9   103.9    80.4   124.5   138.9   234.7   286.5   319.2   342.3   368.3   398.8   442.9   535.2   728.3  1161.8  72137.0    72251
read      256.3   106.1    80.4   125.1   139.3   236.2   289.8   323.1   346.5   371.8   402.0   449.3   540.0   755.2  1225.7  72170.0    71798
read      251.1    65.8    86.8   153.3   171.4   247.2   272.8   289.4   301.5   316.0   334.2   361.0   424.4   591.2   997.6  19765.0    19701
read      254.4    71.8    86.8   148.8   165.9   251.0   279.8   296.4   310.0   324.9   343.7   373.5   437.3   558.3  1147.2  24690.0    24952
read      254.4   110.1    80.4   124.8   138.9   233.1   285.5   318.4   342.1   368.7   400.8   450.3   547.2   894.2  1453.2  81672.0    81838
read      254.5    72.8    93.8   148.9   165.1   250.7   279.7   295.7   310.2   326.7   345.7   374.8   441.6   549.5  1423.2  26652.0    26648
read      252.7    82.2    93.8   148.0   164.7   250.2   277.8   294.4   306.9   320.3   338.4   365.7   424.8   771.0  1238.0  24790.0    24837
read      257.1    80.2    80.4   143.8   161.3   253.6   286.0   305.1   318.8   336.2   357.0   387.9   453.9   553.3  1339.5  29093.0    29420
read      245.8   104.2    74.4   123.3   137.1   223.7   272.1   302.4   325.3   351.6   386.7   438.2   553.3   835.8  1251.2 103984.0   103882
read      253.0   108.9    80.4   124.0   138.1   234.4   287.0   319.3   340.5   364.6   394.5   437.0   524.0   728.4  3478.0  70493.0    70314
read      257.1   103.5    80.4   127.2   141.1   241.1   293.0   324.1   345.0   369.6   398.0   437.6   522.9   652.9  1097.2  62006.0    61679
read      259.7    94.7    80.4   131.1   146.0   249.9   296.2   324.4   343.0   364.4   390.4   427.3   505.6   621.1   875.9  49662.0    49557
read      249.3    94.8    93.8   153.2   170.4   244.1   269.8   284.6   295.0   310.4   329.6   358.6   417.1   969.0  4245.8  19304.0    19325
read      229.6    60.1   101.3   159.7   172.9   225.1   243.9   254.2   262.9   271.8   285.8   310.2   374.6   903.6  2784.0   9417.0     9128
read      248.2   122.4    74.4   122.7   136.6   224.8   274.2   304.6   328.2   356.3   391.0   441.8   566.9   967.3  3935.2  94522.0    94933
read      256.3   107.0    93.8   149.2   165.6   250.7   278.9   296.2   309.5   324.1   343.3   373.4   446.5  1072.1  3416.3  24389.0    24327
read      255.8   106.5    80.4   124.9   138.7   236.1   289.6   322.9   345.9   370.8   401.3   445.7   536.5   880.6  1265.8  71694.0    71896
read      248.6   110.5    74.4   122.4   136.1   225.9   275.9   307.7   332.0   360.1   394.1   442.8   552.4   904.8  2027.5  93687.0    93771
read      248.1    73.4    93.8   153.5   170.8   244.3   269.5   283.8   293.9   308.2   326.3   353.8   418.6   564.2  2193.6  20377.0    20452
read      260.3   138.0    80.4   133.3   148.8   251.2   294.8   319.4   336.0   354.4   376.7   414.1   494.0   837.5  2973.0  42673.0    42338
read      256.2   104.8    80.4   125.4   139.3   236.7   289.9   322.2   345.9   371.9   402.4   448.1   536.9   688.8  1377.0  72700.0    72627
read      256.3   110.3    74.4   125.3   139.5   234.8   287.9   320.6   343.9   369.9   401.4   449.4   554.7   936.7  2013.2  80351.0    80603
read      261.2   125.6    74.4   131.6   147.2   250.0   295.8   323.4   341.6   362.2   387.6   425.4   509.2   670.0  7281.1  49140.0    49049
read      255.3   123.0    80.4   125.6   139.8   232.8   283.4   314.8   338.5   366.5   400.8   450.9   555.9   999.4  3916.3  92103.0    92305
read      258.5   120.6    80.4   128.8   143.4   244.3   292.3   320.4   341.0   365.3   393.5   432.2   520.5   669.6  4512.4  56913.0    56889
read      259.4   161.1    74.4   125.0   139.4   234.7   286.9   318.8   342.4   370.7   404.0   452.8   563.5  2512.3  4841.0  77907.0    78036
read      256.4   116.5    80.4   125.9   140.1   237.9   289.6   321.8   344.0   369.2   399.7   443.9   539.4   699.1  1476.9  71819.0    71583
read      254.2   107.1    80.4   125.1   139.5   235.9   287.2   318.8   341.8   367.0   396.9   438.1   524.5   687.8  1469.6  72481.0    72609
read      254.9   110.1    74.4   126.7   141.0   233.7   283.5   314.2   336.8   363.6   398.5   451.7   560.9  1061.8  1503.3 106910.0   107382
read      256.2   111.9    80.4   127.0   140.9   234.8   285.9   318.0   341.6   369.0   401.8   451.7   554.7   958.7  2439.9  86372.0    86530
read      244.5    64.9    86.8   156.8   173.7   239.9   263.1   274.5   285.7   297.5   317.3   346.1   416.7   882.9  1251.9  16665.0    16550
read      257.6   115.6    80.4   125.8   140.0   235.5   287.7   319.0   342.5   370.4   404.9   455.9   569.2  1021.8  2552.2  84297.0    84534
read      256.7   122.5    80.4   124.8   139.1   235.8   288.5   320.8   343.0   368.1   399.7   450.1   563.1   886.7  3129.4  72875.0    72631
read      262.3   103.9    80.4   132.6   148.1   252.5   297.0   325.1   343.3   364.1   390.1   428.7   506.8   664.1  4078.1  48997.0    49291
read      258.1   117.9    80.4   128.1   142.2   243.2   292.8   322.6   342.9   366.8   396.0   435.3   515.9   705.8  3961.2  61969.0    62175
read      255.9   245.7    80.4   123.1   137.3   229.6   280.1   311.5   334.8   360.8   393.5   442.0   554.6  1663.1 11466.3  80068.0    80213
read      242.1    61.8    93.8   155.7   173.4   237.7   260.8   272.9   283.6   295.8   314.8   343.2   411.7   533.3  1002.0  16726.0    16566
read      256.7    94.8    80.4   129.9   144.4   245.6   291.0   318.8   338.5   359.6   384.8   424.2   508.5   680.7  1094.5  53662.0    53985
read      257.1   111.8    80.4   128.2   142.2   235.0   285.4   316.9   340.2   367.3   401.7   454.5   572.9   958.5  1592.9 102004.0   101949
read      252.5    97.3    86.8   148.3   164.9   247.4   275.1   292.3   305.6   320.9   341.1   370.4   432.2   593.5  3380.4  24267.0    24076
read      262.1   203.1    80.4   131.0   146.0   250.0   296.5   324.1   343.5   365.2   391.2   428.5   500.1   624.4 15372.4  52147.0    52574
read      278.0   195.6    80.4   132.6   147.9   246.2   298.2   332.4   357.3   386.4   424.3   482.3   725.6  2945.8  5029.5 105239.0   106271
read      258.7   144.1    80.4   126.8   141.1   233.0   282.5   313.4   337.2   365.3   400.1   455.5   594.8  1846.2  3605.9 105261.0   105451
read      258.0   109.9    80.4   126.8   140.8   235.6   288.1   321.4   345.3   373.4   407.6   459.1   570.4   805.3  1583.1  85635.0    86087
read      256.6    77.4    86.8   144.3   161.5   252.5   284.7   303.9   318.8   335.2   354.4   384.7   450.8   604.8  1562.7  29052.0    29108
read      253.6   115.5    74.4   124.7   139.4   230.6   280.5   312.5   336.3   363.7   398.2   450.9   570.1  1167.0  2109.2 101122.0   101115
read      251.5   102.8    74.4   124.3   138.4   232.2   284.5   315.5   338.5   363.6   394.5   437.1   528.3   728.3  1524.4  74030.0    74326
read      255.3   156.8    74.4   124.2   137.7   232.0   284.9   317.0   339.2   363.9   394.6   438.1   544.4  2384.6  4330.0  76204.0    75832
read      256.1   114.7    80.4   128.1   141.6   234.4   285.8   317.6   341.1   368.5   402.0   450.3   549.0   878.0  3997.8  94690.0    94901
read      242.4    78.0    93.8   155.9   173.1   237.5   259.9   271.9   282.1   294.7   312.9   341.4   403.9   962.9  3387.7  15942.0    15809
read      256.1    74.0    80.4   144.2   161.6   253.3   284.0   301.8   316.3   333.2   353.3   383.7   450.7   548.7   985.1  28955.0    28874
read      260.5    97.9    80.4   130.8   145.9   249.8   295.5   323.6   343.0   364.9   392.3   431.7   507.3   665.4  1381.2  51953.0    51882
read      257.8    81.3    74.4   141.1   158.0   253.9   288.1   308.3   323.6   340.2   361.6   393.8   459.4   609.5  1359.1  32644.0    32653
read      261.6   125.6    86.8   135.4   151.0   255.2   295.5   319.6   336.3   354.4   375.3   411.8   488.6   638.6  7703.4  41683.0    41676
read      256.8   105.4    80.4   126.7   141.2   240.1   291.3   322.1   343.9   367.7   397.0   438.4   529.2   696.0  1561.5  63123.0    63019
read      256.1   122.9    80.4   126.2   140.4   232.4   283.2   314.2   337.1   364.9   400.5   452.5   585.5  1291.6  2568.2  99192.0    99164
read      261.9    92.6    74.4   133.2   148.9   254.5   298.3   324.5   342.0   362.6   387.5   423.4   499.3   658.4   917.4  47455.0    47055
read      257.2   103.3    80.4   127.1   141.2   241.9   292.3   322.0   343.6   367.3   396.4   436.8   527.7   684.3  1708.3  62227.0    62394
read      260.5   108.2    74.4   129.7   144.0   239.6   290.1   321.9   345.9   373.7   408.4   457.8   565.4   932.4  1362.1  98190.0    98519
read      261.3    79.8    86.8   143.9   160.9   258.0   292.1   312.8   327.4   343.1   364.6   395.5   462.1   614.8  1017.6  31767.0    32122
read      261.2    92.7    80.4   132.7   148.3   252.5   298.0   323.6   341.5   362.2   387.2   424.5   504.2   681.3   794.3  49144.0    49464
read      253.0    72.6    86.8   149.7   166.9   249.3   276.5   294.5   308.1   322.8   340.7   368.6   430.8   550.2  1344.1  24104.0    24034
read      253.4   105.3    74.4   124.2   138.2   233.2   285.2   317.0   340.0   366.1   398.2   446.0   551.0   783.0  1402.3  77094.0    77363
read      255.1   120.1    80.4   126.1   139.9   232.6   282.9   314.1   338.6   365.8   400.0   451.6   559.1  1079.4  2686.1  91377.0    91698
read      260.6    93.7    80.4   137.8   154.2   254.8   292.7   316.0   332.5   350.5   373.3   405.0   479.6   619.7  3778.3  38896.0    38997
read      258.2   131.7    80.4   125.8   140.0   233.7   284.9   316.8   340.5   368.1   403.3   456.4   605.6  1437.1  2745.9  85949.0    86028
read      257.1   106.4    74.4   125.9   140.3   236.8   288.7   321.6   345.3   373.3   404.4   452.7   545.6   745.5  1666.6  83097.0    83012
read      242.3    69.1    93.8   158.8   176.0   237.2   259.0   270.7   280.0   292.9   310.9   339.4   407.3   879.6  3114.5  14914.0    15024
read      259.1    97.4    80.4   128.3   143.0   246.0   296.0   327.0   346.7   369.0   396.1   434.6   510.1   626.0   696.9  56325.0    56640
read      260.8   117.9    80.4   129.5   143.7   238.8   289.8   321.8   344.9   372.7   406.5   459.5   582.2   918.3  4080.2  97375.0    97362
read      267.1   128.7    74.4   131.6   147.1   244.2   295.5   328.0   350.8   377.9   413.6   466.1   590.9  1290.5  3868.9 107052.0   107412
read      255.8   106.3    80.4   126.0   140.3   239.5   290.6   320.8   341.8   365.5   395.1   437.0   525.2   662.9  3017.8  64767.0    65030
read      254.0   117.5    74.4   124.6   138.7   232.4   284.3   315.0   338.6   365.5   398.6   446.3   557.8   886.5  3239.7  79416.0    79278
read      261.3    94.3    80.4   133.7   149.0   252.6   296.3   323.2   341.8   363.4   389.4   426.6   498.6   602.5  1599.0  47470.0    47544
read      273.3   156.5    74.4   133.3   149.0   247.2   298.5   331.6   355.2   383.5   419.3   470.6   636.4  2098.1  3172.6 104861.0   105368
read      264.5   124.1    74.4   129.8   144.7   246.9   297.9   328.7   349.5   372.8   400.7   441.9   541.1  1773.5  2675.4  58636.0    58181
read      259.3   101.8    74.4   129.6   144.6   246.2   293.8   324.9   344.1   366.3   393.3   431.4   509.1   659.7  1944.4  56767.0    56960
read      241.1    59.4   101.3   158.6   175.3   236.7   258.8   270.6   279.6   291.8   309.6   337.3   397.2   909.3  1007.7  14886.0    14849
read      255.9    99.5    80.4   126.7   140.6   240.3   291.5   322.6   343.4   365.8   394.1   435.3   524.3   658.1   851.9  63370.0    63672
read      261.4   102.7    80.4   132.3   148.0   251.3   296.1   322.8   341.8   362.3   386.9   424.4   503.5   827.0  2486.8  48316.0    48289
read      239.5    71.8    93.8   161.5   176.1   233.9   254.6   266.9   274.6   288.3   305.4   332.5   401.6   929.0  2009.3  11824.0    11797
read      234.1    53.7   101.3   161.0   175.6   229.3   249.2   260.6   269.1   279.3   294.6   321.1   389.3   509.7  1070.5  11009.0    10781
read      259.4    96.8    80.4   130.9   145.6   249.0   295.0   323.9   341.9   362.5   387.5   425.1   506.1   692.2  1397.8  48957.0    49362
read      261.4   118.3    74.4   130.3   144.8   238.8   289.3   320.5   344.3   372.2   406.5   460.4   584.2  1075.0  3024.0 102162.0   102119
read      261.1    93.1    80.4   134.2   149.4   252.9   297.1   322.9   340.2   360.0   384.6   423.3   504.1   629.5  1257.6  46376.0    46213
read      251.7   115.7    74.4   124.6   138.3   228.7   278.5   310.2   334.1   362.0   396.6   446.7   567.0  1028.8  2228.6  96724.0    97025
read      247.6    66.9    93.8   154.7   172.4   243.3   267.7   281.3   291.9   305.7   324.5   353.5   417.6   887.6  1896.5  18596.0    18351
read      250.2    87.9    86.8   150.4   167.3   246.2   272.1   288.2   299.7   314.7   333.4   361.4   426.8   581.9  2350.5  21436.0    21426
read      260.5    89.1    74.4   134.3   149.5   254.7   296.3   321.9   338.4   357.2   380.5   416.4   491.4   589.6   852.9  43195.0    43013
read      253.9   104.6    74.4   124.3   139.1   236.5   289.0   321.1   342.2   365.5   393.9   434.8   523.8   666.8  1782.6  67394.0    67376
read      258.9    88.4    86.8   139.6   155.2   254.9   291.1   312.8   328.7   345.8   367.3   400.1   471.2   590.0  1003.3  36215.0    36043
read      230.1   117.5    93.8   161.0   173.9   222.5   241.2   251.6   259.6   269.5   283.5   310.2   377.3  1034.8  7752.3   6416.0     6255
read      249.2   152.4    80.4   122.2   136.0   223.2   271.6   301.8   325.4   352.2   386.6   435.5   556.1  2696.5  3596.0 100986.0   102499
read      252.7    76.5    86.8   145.4   163.3   249.2   278.7   296.4   310.0   325.0   344.0   372.9   431.9   511.7  1319.3  26513.0    26263
read      256.6   105.3    80.4   128.2   142.5   243.9   292.2   320.7   340.1   362.2   389.4   429.7   509.9   646.8  1293.5  57087.0    56974
read      257.8    94.4    80.4   135.0   150.7   251.2   290.6   314.2   330.7   348.3   371.4   407.3   487.1   583.4  3331.1  40869.0    40869
read      260.3   114.3    80.4   132.8   148.0   251.6   295.0   321.5   339.1   358.7   382.2   419.1   493.5   617.0  4529.5  46242.0    46514
read      239.2    66.5    93.8   162.2   177.4   232.9   253.6   265.9   273.8   286.7   302.9   329.4   400.4   960.0  1865.4  11467.0    11431
read      259.2   120.3    80.4   127.3   141.9   243.5   291.0   321.2   341.2   364.4   392.6   433.1   537.4  1792.0  2779.5  58485.0    58600
read      253.1   111.6    80.4   123.9   138.2   235.6   286.3   317.1   339.5   363.9   393.1   433.1   524.5   773.6  3784.8  67548.0    68058
read      257.2    96.4    80.4   129.2   144.0   245.3   292.4   319.7   339.5   362.2   389.9   429.3   509.0   629.8  1640.9  54424.0    54502
read      254.3   104.9    80.4   125.2   139.5   238.4   288.4   317.2   338.8   363.3   391.9   433.9   530.7   715.4  2165.9  64159.0    64022
read      258.9    96.7    80.4   129.2   144.2   248.2   295.0   324.2   342.4   363.7   389.7   427.2   509.4   639.9  1456.5  51983.0    52142
read      257.3   116.8    74.4   126.1   140.8   234.5   284.3   316.2   340.1   367.6   402.1   456.0   584.8  1097.3  2366.0 101102.0   101375
read      260.8    98.6    80.4   137.0   152.5   253.9   294.8   317.8   334.1   352.3   375.3   414.4   497.0   632.1  1093.8  40816.0    40606
read      260.2   112.1    80.4   131.6   147.8   249.7   293.1   316.9   334.5   354.7   380.0   420.1   506.1  1538.1  2545.0  47529.0    47485
read      264.3   114.6    80.4   132.0   147.6   253.2   297.7   323.8   342.8   364.1   391.3   433.0   523.5  1398.3  2557.5  49129.0    48977
read      262.6    87.3    86.8   138.7   154.8   256.6   295.4   320.0   336.3   354.2   375.6   409.8   483.5   669.5  1243.4  38454.0    38615
read      250.1   112.5    74.4   122.3   136.3   229.6   280.9   311.5   334.2   361.4   394.4   440.7   543.1   761.7  1951.9  80677.0    80279
read      253.4   106.4    74.4   124.2   138.4   234.0   285.1   316.3   339.7   367.1   399.1   445.0   535.9   734.0  2223.5  75958.0    75843
read      253.6   105.2    74.4   125.3   139.5   235.9   286.2   315.8   337.7   362.7   394.1   435.7   526.6   969.4  1760.5  66939.0    67095
read      262.3   109.6    80.4   135.6   152.2   254.9   296.1   320.9   338.5   358.4   382.6   417.8   487.8   637.0  1492.6  41616.0    41325
read      260.5   100.6    74.4   129.0   143.8   247.6   297.4   327.1   346.0   368.0   396.2   435.6   520.1   676.4  1489.8  55971.0    55752
read      246.4   106.9    74.4   120.8   134.6   225.1   275.2   306.4   330.2   356.7   388.8   434.3   538.7   868.9  1672.7  85482.0    85561
read      244.9    64.9    93.8   159.4   176.7   240.0   262.0   273.3   283.9   296.0   316.0   343.5   411.7   917.9  1448.6  14377.0    14194
read      250.2   114.0    80.4   123.4   137.3   228.2   278.3   308.8   332.4   360.1   394.5   442.7   562.6   936.4  1448.2  87637.0    88002
read      249.3   109.3    74.4   122.6   136.6   228.2   278.4   310.4   334.6   361.3   393.7   440.3   537.0   760.3  2651.2  90890.0    90515
read      264.2   118.0    80.4   131.9   147.4   242.2   292.2   323.0   345.9   373.6   409.0   462.5   585.0  1157.9  2019.9 109041.0   109283
read      257.2   118.5    80.4   145.6   163.3   252.9   283.2   301.5   315.5   331.9   351.2   380.4   448.3   549.3  3964.5  27103.0    26699
read      264.8    86.7    80.4   142.8   159.9   259.5   298.6   321.0   336.6   353.9   374.8   408.0   475.4   584.1  1345.9  37852.0    37400
read      258.7    80.1    86.8   162.0   179.0   253.4   278.3   293.7   306.3   320.6   340.4   370.7   441.9   669.9  3779.4  19375.0    19307
read      242.8   112.2   101.3   165.6   180.0   236.1   257.4   268.9   276.7   289.7   305.7   330.3   386.5   962.7  7216.2  11465.0    11527
read      250.3   114.4    80.4   123.9   137.9   227.8   278.9   310.5   334.0   360.9   393.2   437.9   545.2   983.4  2792.4  83279.0    83787
read      254.8    82.3    86.8   156.8   173.9   250.6   275.4   291.1   302.9   317.9   337.5   367.2   432.7   728.9  3133.5  22361.0    22209
read      255.8   118.1    80.4   126.6   141.1   235.0   287.0   319.6   342.4   368.2   399.8   448.0   542.6   757.4  3292.6  75329.0    75169
read      254.7   104.8    74.4   127.0   140.9   234.7   286.6   317.9   340.7   367.0   398.9   444.7   540.0   779.6  1757.0  74631.0    73833
read      248.2   119.9    74.4   123.9   138.2   226.7   275.1   305.3   328.1   355.4   391.3   440.6   538.9   770.5  1464.8  94570.0    94641
read      259.0   105.5    80.4   129.1   143.9   243.8   294.6   323.6   343.8   367.2   396.0   438.6   527.9   713.4  1272.0  61217.0    61338
read      256.8   119.8    80.4   126.6   141.0   234.1   284.7   316.4   340.8   369.0   403.0   455.7   571.5   899.8  3066.6  92249.0    91825
read      253.7   107.2    74.4   124.2   138.9   233.1   285.0   317.1   340.6   367.5   400.4   448.1   543.9   714.9  1826.2  77116.0    77235
read      266.4   123.2    80.4   142.8   159.7   259.5   297.7   321.8   338.0   356.3   378.7   412.3   477.1   587.6  6339.9  37599.0    37257
read      264.5    80.6    86.8   147.1   164.9   260.3   294.8   316.1   330.5   345.3   367.1   398.7   466.8   649.7  1355.1  32113.0    32057
read      265.1   174.5    80.4   129.3   144.4   237.6   287.2   318.2   341.8   369.8   404.1   459.1   607.9  3196.7  4045.0 108818.0   108618
read      254.3   107.7    80.4   126.0   140.8   235.3   286.5   316.8   338.9   364.5   395.7   440.9   534.1   693.0  2863.5  73327.0    72930
read      263.1    90.6    86.8   137.1   152.3   256.1   299.1   323.8   340.6   360.2   383.9   418.8   494.6   652.6  1147.0  44142.0    43714
read      248.7   104.1    80.4   122.6   136.7   228.1   278.0   309.0   333.0   359.8   392.8   440.7   544.8   794.1  1158.6  87122.0    87369
read      261.4   137.3    74.4   128.4   143.0   245.0   294.0   322.9   343.7   365.6   392.8   433.9   522.2  1691.4  4044.6  56273.0    56640
read      245.3   113.2    80.4   121.7   135.6   224.0   273.4   302.4   325.7   351.8   384.9   432.2   535.5   912.9  2244.9  97170.0    97360
read      249.4   102.9    74.4   122.9   137.2   229.6   281.0   312.2   335.1   360.9   392.7   436.9   531.1   701.5  1046.7  79770.0    79788
read      235.6    93.6    93.8   159.8   173.9   228.7   248.1   259.1   267.6   276.6   292.5   319.1   410.6  1016.1  3450.2  11568.0    11352
read      251.7   108.7    74.4   123.9   138.2   230.2   280.2   311.3   336.4   364.4   398.2   449.5   559.0   797.7  1671.9  87239.0    87962
read      262.9   107.2    80.4   135.8   152.4   256.2   296.6   320.9   338.0   356.8   378.9   415.2   489.6   658.6  3222.4  40820.0    40663
read      258.0    99.4    80.4   128.4   143.4   244.2   292.7   322.4   342.6   365.3   393.0   433.7   519.9   699.8  1302.3  59011.0    59386
read      259.5   103.0    80.4   132.1   147.1   250.2   294.5   320.7   339.3   359.8   384.4   422.3   504.5   676.3  1966.3  48687.0    48302
read      250.1   110.9    93.8   153.2   170.2   243.8   268.5   283.1   294.3   309.5   328.1   354.7   424.8  1351.5  4639.6  19338.0    19398
read      256.9   119.6    80.4   125.5   139.3   233.6   287.2   319.6   343.0   369.7   403.9   454.0   565.5  1070.5  3157.0  81972.0    82197
read      250.4   105.5    74.4   123.3   136.9   230.3   283.1   314.7   337.0   362.4   393.6   440.6   539.5   690.9  1790.8  77233.0    77387
read      249.3   103.6    80.4   123.8   137.7   230.5   281.6   311.0   333.0   358.7   389.0   431.8   515.0   749.6  1994.6  72795.0    72753
read      227.7    60.5   101.3   161.5   174.1   223.0   240.8   251.3   259.1   268.2   279.7   302.9   365.6   974.5  1920.6   7703.0     7720
read      258.5   103.0    80.4   132.7   148.0   250.2   293.4   318.7   336.3   356.2   381.1   417.1   489.2   619.2  1956.2  46022.0    46279
read      259.5    92.3    80.4   135.7   151.4   254.0   293.5   317.9   334.3   351.9   372.9   407.3   486.4   628.5  2234.3  42153.0    42102
read      260.1   126.7    80.4   128.3   142.5   237.3   287.9   321.1   344.8   371.8   404.8   457.4   579.0  1153.5  3315.1  90750.0    90892
read      258.6   102.9    80.4   135.5   151.6   252.0   290.2   313.2   329.2   345.9   368.6   402.7   486.3   947.5  2518.6  39785.0    39976
read      258.7   103.0    80.4   127.1   141.9   244.0   293.6   325.0   346.3   370.0   398.5   438.1   527.3   663.8  1216.9  61034.0    61084
read      244.7   115.9    93.8   154.8   171.1   238.1   262.0   274.5   286.4   299.5   317.5   342.9   401.2   968.4  5793.9  17029.0    16735
read      260.6    93.9    74.4   133.1   148.5   251.7   296.0   322.0   339.5   359.3   383.3   421.1   500.6   633.1  1775.9  45749.0    45909
read      257.2    78.2    80.4   144.0   161.3   254.0   286.1   305.3   319.2   335.5   354.9   384.5   448.9   553.4  1899.0  29137.0    28976
read      251.0   115.7    80.4   122.5   137.0   229.6   280.5   311.9   334.7   361.1   393.9   440.7   544.6   914.8  3148.7  85336.0    84704
read      257.8   168.8    80.4   125.7   140.0   232.7   282.5   312.9   336.2   363.2   397.0   450.4   588.4  2045.8  8313.7 101231.0   101822
read      251.7   122.0    80.4   123.7   138.1   229.7   279.5   310.2   333.8   361.6   396.2   445.3   546.3  1010.1  2870.1  92137.0    92571
read      235.0   163.2    93.8   156.5   171.3   227.1   247.2   257.8   266.1   274.4   290.2   314.7   377.1  1456.1  6850.1  12370.0    12106
read      257.6   120.8    80.4   127.7   141.4   242.9   292.7   323.4   342.9   365.5   392.8   432.3   519.7   720.2  4813.7  58300.0    58568
read      257.4    99.8    80.4   130.0   144.2   245.9   294.0   320.7   339.6   360.3   385.7   425.6   505.0   658.4  2600.5  51542.0    51319
read      250.3    79.1    86.8   150.7   167.8   246.5   272.3   288.5   300.2   314.3   331.6   357.2   424.9   849.3  2136.6  21629.0    21556
read      243.1    66.8    93.8   160.7   176.5   237.7   259.8   271.4   280.9   293.3   312.0   339.1   401.5   942.8  1344.3  14085.0    14191
read      258.5    83.9    86.8   144.2   160.9   254.6   287.4   307.4   322.1   338.5   359.3   391.6   459.0   574.9  3004.6  29007.0    29072
read      243.7    60.9    86.8   155.8   173.7   239.9   262.9   274.5   286.1   298.9   318.1   343.0   402.2   580.4  1014.0  16572.0    16350
read      260.2   121.1    80.4   127.6   141.5   235.7   288.6   322.1   345.0   372.8   409.5   462.0   598.4  1130.4  2592.1  86161.0    86891
read      255.5   113.2    74.4   127.6   141.7   233.3   284.7   316.4   338.8   365.6   399.9   451.0   560.4   845.1  3610.0 104372.0   104441
read      230.5    71.7    93.8   161.0   174.4   224.6   243.3   253.2   261.2   270.1   283.6   311.5   382.7   993.4  3265.7   8705.0     8906
read      258.5    89.3    80.4   135.1   150.7   252.2   292.8   317.1   333.3   350.6   372.9   407.4   489.5   632.3  1722.8  41809.0    42175
read      260.7   117.1    80.4   128.0   143.5   247.8   296.5   324.4   342.4   363.6   390.0   429.8   517.9  1007.7  3374.6  51445.0    51797
read      255.8   117.5    74.4   122.1   136.1   233.7   286.5   320.4   343.7   370.5   402.3   453.2   583.4  1016.7  2467.8  76709.0    76678
read      251.9    68.3    86.8   152.2   170.3   247.4   273.4   289.6   301.4   316.7   336.1   364.9   436.5   760.3  1102.1  19810.0    19630
read      258.2   130.5    80.4   126.4   141.0   236.1   286.5   317.6   340.8   368.1   402.7   456.2   580.6  1072.5  3500.9  99635.0   100132
read      260.4    88.2    74.4   133.5   150.2   254.4   295.0   320.0   337.3   356.7   380.4   415.7   484.4   583.4   807.2  40826.0    40498
read      257.9   111.2    80.4   128.2   142.8   236.8   285.8   315.8   338.8   366.1   401.2   455.8   578.9   905.9  2451.1 108425.0   108559
read      248.5    70.3    86.8   145.3   163.3   245.6   272.3   288.2   299.4   314.7   334.5   365.9   429.8   519.7  1728.8  24039.0    23964
read      250.5   100.5    74.4   122.3   136.4   233.8   284.4   313.3   335.4   360.1   390.4   433.8   531.4   665.5  1096.3  70511.0    70760
read      247.2   113.4    80.4   121.2   135.1   226.8   274.4   303.0   325.3   351.3   385.8   435.4   562.6   994.7  2778.1  99364.0    99567
read      246.5   104.5    80.4   122.6   137.0   227.4   274.1   301.8   323.2   349.2   384.3   434.5   542.4   792.6  2330.8 108114.0   107548
read      258.7   140.8    74.4   126.0   140.7   244.0   289.8   316.4   336.1   357.9   385.1   429.5   531.3  1728.1  4214.4  53700.0    53742
read      265.3   139.9    74.4   128.1   143.2   239.9   290.0   321.1   344.7   372.6   410.5   467.2   648.1  1672.7  3403.0 104094.0   103931
read      251.2    97.1    80.4   123.9   138.4   238.3   285.6   312.9   333.1   355.7   383.6   427.5   517.0   642.0  1058.8  60206.0    60359
read      232.9   100.2    93.8   159.2   172.4   225.6   246.4   257.6   266.3   275.0   292.3   322.9   396.7   893.6  4236.8   9855.0     9725
read      255.3    98.3    74.4   127.4   142.2   245.2   289.7   315.7   334.7   355.9   382.3   424.4   507.3   660.0  1255.9  51617.0    52014
read      255.7    89.4    74.4   132.5   149.4   250.8   288.5   310.0   325.6   343.7   368.5   403.4   473.9   590.4  1496.3  40071.0    40053
read      251.4   142.5    74.4   121.1   135.2   230.3   278.8   308.0   331.1   358.0   392.8   445.2   565.5  1105.1  4460.3  86418.0    86436
read      249.2    68.0    80.4   146.4   164.5   245.6   272.3   288.6   300.6   316.2   336.2   367.5   435.6   547.9   992.7  23868.0    23983
read      252.4   108.2    74.4   122.5   136.6   236.9   284.9   314.6   335.8   359.3   389.1   435.8   542.2   738.5  3078.2  66430.0    66595
read      249.4   104.4    74.4   142.9   160.9   244.4   272.5   289.5   302.3   318.8   338.8   367.8   433.3   682.2  5050.3  26220.0    26056
read      254.8    94.9    80.4   127.7   142.3   244.6   288.4   315.1   334.5   355.8   381.9   423.6   507.4   687.5  1005.5  51779.0    51764
read      255.7   100.2    80.4   131.6   148.2   249.2   287.6   310.2   326.7   344.7   368.8   403.7   486.8   637.2  3487.4  40387.0    40202
read      246.0   105.7    74.4   119.8   133.7   227.9   278.1   306.6   328.2   353.2   385.6   430.7   525.5   691.9  2316.0  76792.0    76665
read      232.6    67.9   101.3   157.1   171.4   226.4   247.4   259.0   267.5   276.7   294.0   324.8   392.6   956.1  2459.7  11163.0    11133
read      250.6   108.6    74.4   122.3   136.4   230.8   280.3   310.0   333.4   360.7   394.5   444.7   556.1   796.0  1615.9  80394.0    80405
read      250.1   103.8    74.4   121.8   135.9   231.2   281.8   312.0   335.0   361.1   393.2   439.7   538.0   717.1  1764.5  79536.0    79106
read      247.2   131.9    74.4   120.2   133.9   224.7   273.1   300.8   325.2   351.3   385.5   435.3   571.0  1603.4  3473.4  97377.0    97258
read      254.5    83.3    80.4   135.2   151.8   250.5   286.3   307.7   324.2   341.4   362.7   393.4   463.2   545.8  1902.9  36618.0    36307
read      254.5    91.8    86.8   141.6   159.0   249.7   279.9   297.1   312.1   329.3   350.7   386.0   459.4   653.2  3444.6  28923.0    28636
read      255.5    97.0    86.8   131.9   148.2   249.8   288.5   310.8   326.6   345.0   367.9   401.4   471.2   609.3  2540.4  41334.0    41620
read      249.2   106.1    74.4   120.7   134.5   230.9   280.6   310.5   332.6   358.4   390.8   438.7   544.8   811.0  1370.3  75458.0    75736
read      254.5   124.7    80.4   130.1   145.5   247.0   286.9   309.7   326.9   346.6   371.1   410.0   494.8   636.7  1816.3  44984.0    44979
read      252.7    81.7    80.4   137.7   154.6   249.7   281.1   299.4   314.2   331.2   351.9   386.5   458.9   576.3  1007.1  31567.0    31478
read      255.8   112.8    80.4   133.1   149.2   251.3   286.8   307.6   322.8   339.9   362.2   397.2   483.0   628.9  5814.9  37564.0    37586
read      266.5   135.8    80.4   129.2   144.5   242.0   292.1   324.7   348.2   376.7   413.9   469.9   616.4  1721.0  2930.1 108253.0   108330
read      253.2   100.4    74.4   124.6   138.7   238.1   288.3   318.5   339.0   362.2   392.3   435.4   520.4   665.3   892.9  64450.0    64301
read      232.0    98.9    93.8   154.9   169.6   225.9   247.2   258.8   267.3   276.2   293.2   320.3   389.0   969.5  2354.0  11233.0    11203
read      224.0    54.0    86.8   157.2   170.0   219.7   235.7   247.1   254.4   265.6   278.8   305.7   378.6   925.0  1124.0   7318.0     7291
read      245.4   103.5    80.4   120.5   134.0   225.1   274.8   304.9   328.6   355.6   388.3   435.1   539.1   773.6  1222.3  85785.0    87477
read      250.3   102.8    74.4   121.8   135.9   231.4   282.5   312.9   336.0   362.1   394.3   441.4   537.2   735.9  1001.6  77458.0    77485
read      252.9    84.3    80.4   132.4   148.0   248.2   286.6   308.3   324.2   342.3   365.2   399.0   468.4   616.0   858.3  41785.0    42055
read      251.6    93.0    86.8   141.9   159.9   245.6   274.4   292.4   305.9   320.9   342.6   374.3   456.7  1444.0  2464.5  26657.0    26865
read      245.5   118.3    74.4   120.8   134.3   225.1   274.0   302.6   325.4   351.7   384.8   432.9   547.8   847.8  2475.0  94337.0    94592
read      250.9   113.0    74.4   122.3   136.3   234.3   284.0   313.2   334.6   358.4   388.0   431.4   526.1   730.3  3819.2  66740.0    66869
read      242.3    64.5    86.8   152.7   169.3   238.1   261.7   273.4   284.5   296.9   317.0   345.4   406.1   620.8  1712.2  17894.0    17835
read      254.4   103.4    74.4   125.8   140.6   241.9   289.3   317.6   337.1   359.4   387.1   427.8   508.3   667.9  1089.3  55443.0    55977
read      248.5   107.2    74.4   120.7   134.5   228.0   279.3   310.5   333.9   360.1   392.6   440.4   543.9   799.8  2030.5  82099.0    82437
read      242.4    63.7    80.4   153.0   171.2   237.2   260.7   273.0   284.1   296.8   317.7   348.2   418.8   578.3  1917.3  15839.0    15775
read      250.6   133.3    74.4   121.6   135.5   226.9   277.5   308.3   332.4   359.9   394.2   445.3   575.7  1131.1  3735.6  87384.0    87559
read      248.4   115.3    80.4   122.9   137.5   226.9   275.0   303.8   326.7   354.4   388.6   437.9   549.8  1066.0  2263.3 105553.0   105401
read      253.2   137.1    74.4   122.1   135.8   227.7   279.1   311.0   335.1   362.8   397.2   448.8   589.0  1729.2  2983.4  88445.0    88752
read      250.0   119.5    74.4   122.2   135.9   226.7   277.0   309.2   332.3   359.4   394.0   445.8   573.7  1064.1  4142.7  94712.0    94531
read      259.0   148.8    80.4   124.9   139.1   231.6   283.1   315.2   339.7   368.5   403.9   460.6   626.5  2071.4  3189.9 101183.0   101303
read      251.7   111.5    74.4   123.6   137.5   229.8   281.0   311.9   335.5   363.0   396.4   446.6   575.6   900.4  1365.2  86406.0    86640
read      250.3   107.9    74.4   122.0   135.8   229.1   280.5   311.0   334.1   361.4   395.9   446.1   554.8   811.4  1758.3  84817.0    84818
read      243.8    63.7    86.8   150.5   168.2   240.1   264.9   277.9   289.0   301.7   319.5   349.8   411.5   552.8  1189.5  19895.0    20221
read      258.8   115.2    74.4   130.5   146.3   250.7   291.1   314.7   331.3   349.3   373.6   411.2   498.7  1448.8  4115.2  43308.0    43599
read      253.3    94.3    80.4   126.0   140.6   243.7   288.1   313.9   333.4   355.3   381.1   421.8   505.6   633.8   783.7  52587.0    52779
read      244.9   113.4    74.4   119.9   133.7   225.7   273.7   301.3   323.0   348.5   382.9   432.9   538.1   914.0  2998.0  89561.0    89855
read      256.1   109.5    80.4   129.7   144.8   248.4   290.7   315.1   332.6   352.1   376.0   416.1   494.5   625.2  2008.6  49365.0    48532
read      265.9   138.4    80.4   129.3   144.1   241.1   292.0   323.2   346.1   373.9   411.0   467.7   631.3  1778.1  3136.6 107890.0   107423
read      257.0    94.1    80.4   129.2   145.0   249.6   290.7   315.1   333.0   353.1   377.9   419.0   507.5   724.7  1086.7  46736.0    46535
read      254.9   107.2    80.4   129.5   144.8   247.5   288.2   312.3   330.0   349.8   373.7   410.9   489.4   665.5  5215.6  47350.0    47535
read      255.9    93.1    80.4   128.7   143.6   248.1   290.9   316.7   334.8   354.9   379.7   420.5   501.9   625.3  1146.3  49570.0    49633
read      253.6    78.5    80.4   140.8   158.3   250.4   281.7   299.9   314.5   330.9   349.9   380.1   447.8   623.1  1881.8  30590.0    30334
read      240.8    63.7    93.8   152.4   170.2   236.7   259.7   272.5   283.4   295.9   314.1   340.4   398.8   642.1  1951.3  17000.0    17207
read      262.1   125.5    80.4   128.9   143.9   239.7   290.0   320.8   344.6   371.8   406.2   460.0   584.5  1254.4  2725.0 105887.0   106074
read      256.3    92.5    80.4   129.1   144.0   247.5   291.3   317.5   336.4   357.2   382.2   421.6   494.5   612.8   951.8  48895.0    48912
read      256.5   109.1    80.4   125.6   140.1   236.7   286.1   316.2   339.9   367.0   401.8   454.7   566.1   901.3  1363.5  96505.0    96483
read      261.2    96.8    80.4   137.6   153.8   256.9   293.4   315.5   331.3   348.6   372.1   408.5   482.0   608.6  3081.5  38883.0    39228
read      256.3   113.7    74.4   125.3   139.8   234.8   285.1   315.8   339.0   366.9   401.8   455.4   583.2   968.5  1781.8  92369.0    92350
read      252.7   143.3    74.4   121.7   135.4   229.0   278.3   309.0   332.3   359.3   393.7   444.9   580.3  1637.7  4572.7  85137.0    85084
read      247.8   126.4    80.4   121.0   134.7   227.6   276.8   305.8   328.9   355.6   388.9   434.1   540.4   873.2  3980.2  82123.0    81993
read      252.0   108.4    80.4   125.0   139.4   231.3   280.1   309.8   332.5   359.6   394.4   445.9   553.2   964.9  1547.8 101895.0   101617
read      239.5    80.4    86.8   152.2   169.6   234.5   257.8   269.7   278.4   291.4   309.3   337.6   399.1   960.2  2534.1  16664.0    16730
read      250.0   101.2    74.4   123.0   137.4   233.7   282.5   310.8   332.1   356.9   388.9   433.4   523.2   685.2   942.5  70799.0    71079
read      260.7   114.4    74.4   128.8   143.7   239.0   288.0   318.8   342.4   370.9   406.6   461.6   588.5  1071.4  1990.9 108743.0   108942
read      253.1    98.1    80.4   125.3   140.0   242.2   287.8   313.3   332.6   355.3   384.1   425.1   505.2   660.0  1555.0  55853.0    55406
read      255.1    90.8    80.4   131.8   147.7   249.4   288.2   311.3   328.2   346.4   370.1   405.5   481.0   615.7  1566.9  42517.0    42279
read      254.3   185.6    93.8   149.7   166.8   246.3   273.1   289.1   300.7   316.6   337.6   369.4   432.7   943.9 10623.0  21957.0    21876
read      254.4    80.8    80.4   137.1   153.6   250.5   284.6   304.9   320.1   336.9   358.0   392.2   466.1   589.8  1767.4  33941.0    34140
read      258.5   108.7    80.4   131.4   147.0   251.7   292.0   316.0   332.7   350.8   373.4   409.9   491.6   734.4  3369.7  43411.0    42897
read      245.5    78.2    93.8   152.4   170.4   240.5   264.7   277.9   289.3   303.0   322.4   350.2   418.4   688.9  2714.5  18264.0    18462
read      263.0   144.3    74.4   127.0   141.6   238.1   288.8   320.0   344.0   371.9   409.0   466.3   625.8  1445.0  3656.1 100400.0   100375
read      255.9   101.3    80.4   130.6   146.5   248.7   287.4   310.4   328.0   347.5   373.0   413.3   491.7   636.1  2955.7  41672.0    41347
read      255.9   114.8    74.4   125.9   140.4   234.0   283.9   314.4   337.3   364.5   399.7   454.9   580.3  1055.2  2508.5 101105.0   101594
read      256.3   113.2    74.4   128.9   143.3   245.8   290.3   314.4   332.0   352.0   376.6   418.9   511.7  1053.6  3007.4  48170.0    47486
read      251.3   101.9    74.4   122.9   136.9   232.8   283.8   314.2   336.8   362.6   395.4   441.1   536.8   675.7   997.2  73046.0    73393
read      256.0   109.2    74.4   128.6   143.2   245.7   290.8   316.8   335.1   355.7   381.5   422.2   504.9   631.4  4118.3  51402.0    51134
read      254.7   107.7    74.4   125.6   139.9   240.9   290.3   318.8   338.4   360.6   388.3   430.1   528.0   726.2  2860.4  57917.0    58201
read      249.3   103.1    74.4   121.1   134.9   231.6   283.6   314.0   334.6   357.7   387.5   433.7   539.5   737.6  1098.2  70550.0    71020
read      252.5   127.4    74.4   123.3   137.0   232.2   284.0   314.9   336.6   361.8   393.7   437.4   542.5   897.1  4162.7  71612.0    72071
read      251.7   112.3    80.4   123.1   137.7   229.9   279.6   311.0   334.1   361.2   395.6   446.3   572.2   969.1  1977.6  93551.0    93446
read      255.2    94.2    86.8   143.4   161.2   250.8   281.0   297.4   312.4   329.0   348.6   382.1   453.7   613.5  3436.3  28420.0    28724
read      257.3   103.0    80.4   127.1   141.1   243.6   292.2   321.0   340.8   363.8   393.3   435.4   531.5   688.1  2211.3  58689.0    59269
read      252.9   108.5    74.4   123.1   137.6   233.9   285.6   315.8   338.4   364.0   396.2   442.2   541.7   722.9  3065.4  74833.0    74624
read      257.8   104.0    74.4   128.3   143.2   247.9   292.7   319.4   338.0   359.2   386.0   425.9   511.3   721.6  3526.2  52389.0    52368
read      231.2    96.1    93.8   159.4   174.2   225.6   244.9   255.9   265.0   274.1   288.9   312.5   374.4   927.5  6995.6   9685.0     9687
read      258.4   100.1    74.4   132.0   147.8   251.9   292.8   316.7   334.3   353.7   375.6   415.1   491.5   591.6  1566.0  44249.0    44165
read      226.7    75.8   101.3   157.2   170.7   218.4   237.7   249.0   256.8   267.8   282.5   312.5   397.9   998.9  3312.0   6914.0     6895
read      258.2   114.0    80.4   127.8   142.4   245.4   293.0   319.8   339.9   362.5   391.5   433.3   522.8   780.6  3193.2  54886.0    55457
read      259.5   143.7    74.4   124.9   139.0   240.6   289.7   318.2   338.6   363.1   394.1   436.9   554.0  2122.4  3351.5  61544.0    61164
read      266.2   132.6    80.4   130.6   145.6   244.0   295.0   326.5   349.4   376.7   412.0   467.1   594.3  1210.7  3591.1 108433.0   108384
read      256.6    81.1    80.4   137.5   154.1   253.0   287.3   308.1   322.9   339.8   362.0   395.5   466.2   590.8   968.5  33362.0    33319
read      252.2   131.6    80.4   123.4   137.3   229.6   280.5   311.6   334.4   360.7   394.0   443.2   555.4  1204.7  3195.6  97637.0    97895
read      257.2    85.3    80.4   133.5   150.0   252.5   290.1   312.5   328.9   346.8   371.6   407.1   479.2   590.4   944.2  39792.0    39720
read      252.9   106.7    74.4   123.1   137.2   236.8   288.0   317.3   338.2   362.1   392.6   435.9   528.3   672.5  1465.6  68527.0    68554
read      250.1   105.7    74.4   122.2   136.3   229.5   280.1   311.1   334.2   360.7   394.5   444.5   551.8   819.8  1503.6  86744.0    86849
read      252.3    75.3    80.4   140.5   157.9   250.2   280.7   297.0   311.1   326.9   346.6   378.7   442.5   539.8  1002.9  30614.0    30264
read      252.7   156.1    80.4   122.8   136.8   228.4   277.7   308.5   331.8   358.8   392.4   442.5   568.6  1664.3  5612.2 100141.0   100754
read      247.8   121.6    74.4   121.1   135.0   224.8   274.2   303.5   326.6   353.7   388.5   439.0   572.3  1073.6  3183.8  98191.0    98098
read      249.7   115.3    80.4   122.3   136.1   228.4   278.8   310.1   333.6   360.6   394.0   441.8   549.5   829.3  1900.1  85306.0    86028
read      253.6   113.4    80.4   123.6   138.0   231.7   282.4   313.3   336.4   363.6   398.5   451.2   570.7  1065.7  1939.3  92933.0    93054
read      257.6    92.5    80.4   132.4   148.4   251.8   292.8   315.7   332.2   351.0   374.0   410.3   478.5   594.2  1001.6  42292.0    42348
read      259.1   101.0    80.4   142.3   160.6   254.1   286.3   305.7   319.6   337.1   359.1   392.6   471.4   730.2  5548.5  29379.0    29490
read      250.6    78.2    80.4   154.8   172.7   245.2   270.0   285.1   296.2   311.7   331.3   361.7   425.7   961.4  3015.6  18093.0    18187
read      251.5   109.2    68.9   123.3   137.7   230.0   279.7   309.9   333.7   361.8   397.4   448.1   553.6   896.7  1900.9  95051.0    95113
read      232.3    83.4    93.8   159.2   173.6   226.0   245.8   256.3   265.3   274.3   291.2   317.7   385.0   988.4  5183.7   8667.0     8570
read      255.9   162.3    80.4   123.2   137.2   235.7   285.9   315.6   336.8   360.2   389.0   432.0   540.1  2534.7  4226.6  61451.0    62285
read      251.9   110.3    74.4   124.8   139.7   241.4   286.9   313.1   331.3   350.8   376.8   420.3   506.8   649.0  1167.3  52408.0    52582
read      255.2    97.3    86.8   136.3   152.9   250.9   285.6   306.1   320.4   339.1   361.8   393.8   463.3   623.3  4250.6  34505.0    34260
read      255.7   101.9    80.4   125.5   139.8   241.5   291.1   319.9   340.4   363.8   393.0   434.5   526.4   793.4  1504.0  59425.0    59493
read      254.1   102.7    74.4   124.2   138.2   240.7   290.1   319.4   339.1   361.4   389.7   431.7   523.7   668.5  1303.9  58020.0    58208
read      261.4   170.2    80.4   124.1   138.4   232.8   284.6   316.5   340.5   369.6   406.6   463.9   646.2  2455.9  3972.7  93279.0    93458
read      246.7    64.9    86.8   155.1   173.6   241.7   265.6   278.9   290.6   304.8   323.2   353.2   416.2   874.9  1068.2  17905.0    18056
read      253.3   107.5    80.4   124.1   138.0   232.0   282.7   314.4   337.9   365.1   398.9   451.2   563.1   775.8  1467.4  94081.0    94134
read      258.3    84.6    80.4   136.0   152.3   253.8   291.3   314.3   330.7   348.2   370.9   402.5   472.7   611.2  1121.1  37655.0    37808
read      258.1    96.1    74.4   129.0   143.3   248.1   294.7   323.3   342.0   363.5   389.9   428.7   506.4   628.1   823.8  53084.0    53481
read      257.0   134.5    80.4   147.3   164.4   251.2   280.5   297.6   311.8   327.3   345.0   373.7   436.7   949.0  5305.2  25706.0    25666
read      258.6   111.2    74.4   128.0   142.8   237.7   287.7   317.5   340.0   367.3   402.5   457.7   575.2   916.6  1868.4 108845.0   108853
read      260.1    93.9    80.4   134.4   150.2   254.3   296.0   320.2   336.3   354.4   376.6   412.7   488.6   623.7  2342.1  41909.0    41576
read      254.7   105.7    80.4   124.1   138.0   235.7   288.1   320.0   341.7   366.7   398.6   445.2   546.8   832.7  1326.5  70745.0    70282
read      262.4   125.6    74.4   131.7   147.2   252.9   296.1   321.3   338.4   357.8   382.0   421.9   507.1  1330.1  3856.6  45639.0    45769
read      245.2   101.8    74.4   121.0   134.8   225.0   273.7   302.3   325.4   352.3   386.7   435.3   545.6   740.2  1266.4  91807.0    92383
read      241.2    91.4    93.8   161.3   177.0   234.2   255.9   268.1   275.9   289.9   308.2   338.9   402.9   786.3  4007.4  12129.0    12100
read      249.8   101.4    74.4   122.5   136.3   233.2   284.3   314.7   336.0   359.7   389.1   431.6   512.1   691.9  1085.3  67413.0    67747
read      253.5   106.7    80.4   123.8   137.9   235.3   286.9   317.3   339.7   365.4   396.6   443.0   538.8   683.7  1262.7  68785.0    68933
read      251.7    98.8    80.4   123.4   137.6   236.9   288.4   317.5   337.1   360.1   389.7   431.7   510.8   634.0   797.6  63188.0    63242
read      248.4   103.3    74.4   121.4   135.2   230.3   279.6   309.5   332.4   357.7   388.9   433.8   533.2   799.4  1476.6  72936.0    72993
read      253.4   129.2    74.4   126.5   141.3   243.4   287.2   312.5   330.8   350.5   374.8   412.6   492.4   650.8  6911.7  51283.0    51022
read      253.7   104.4    74.4   123.2   137.8   236.9   288.2   318.1   339.7   364.6   394.6   438.1   536.3   700.1  1837.1  66996.0    67069
read      255.1    74.7    80.4   144.6   163.2   251.0   281.1   297.6   312.6   329.2   348.9   384.5   455.0   569.9  1165.2  25284.0    24895
read      256.1   107.4    74.4   124.3   138.7   238.7   291.1   321.0   342.5   367.9   398.7   442.8   544.9   775.0  1896.3  68623.0    68588
read      256.6    93.0    80.4   131.4   147.3   249.9   289.8   312.8   329.9   349.4   375.4   413.0   486.9   631.0  1584.0  42743.0    42706
read      260.0   112.1    80.4   128.9   143.5   249.2   293.3   320.3   339.8   361.6   388.5   429.2   524.0   867.6  3563.1  49639.0    49479
read      255.3   105.3    80.4   123.7   138.6   239.5   289.5   319.3   341.3   365.7   395.7   437.8   536.0   738.1  1967.6  65027.0    64792
read      252.7   106.7    80.4   122.4   136.9   234.3   285.5   317.0   339.0   363.8   395.7   440.6   542.1   750.0  1458.3  73503.0    73879
read      256.9    80.4    86.8   139.5   157.4   253.4   286.9   307.4   321.0   337.6   358.5   391.5   463.4   575.3  1092.1  32044.0    31893
read      256.9   151.0    74.4   123.2   137.4   235.4   287.6   319.3   341.3   366.4   397.3   442.9   546.8  2058.0  4600.0  73920.0    74262
read      256.2    99.8    80.4   126.8   141.2   244.4   291.8   320.4   340.6   362.7   389.8   428.9   502.4   631.7  1434.2  57016.0    57246
read      258.5   116.4    80.4   126.0   140.4   237.1   287.8   320.0   343.5   370.8   405.6   458.3   576.6  1100.0  2143.4  91122.0    91617
read      259.8   109.8    80.4   127.2   141.9   247.1   294.0   322.2   343.1   365.6   393.5   433.9   526.1   989.2  2481.4  55545.0    55173
read      266.5   167.3    80.4   129.8   144.6   241.8   292.6   324.1   347.1   375.5   412.1   466.9   607.0  1754.6  3932.4 108460.0   108633
read      242.0    61.5    86.8   154.2   171.0   237.2   261.2   273.2   284.4   297.2   318.1   347.8   412.1   546.9  1011.8  15622.0    15720
read      347.1   429.8    80.4   130.8   148.1   263.4   324.8   367.1   401.4   448.2   521.8   708.7  2133.9  6308.2 10362.9  99278.0    99961
read      267.1   135.7    80.4   129.1   144.5   242.3   292.2   324.6   349.6   379.4   418.0   473.8   625.0  1524.9  3115.1 102682.0   102613
read      256.6    98.8    80.4   126.1   140.8   244.8   291.7   318.9   338.6   360.9   389.4   432.7   527.9   690.8  1297.7  57235.0    57169
read      253.2    95.8    80.4   124.4   139.2   242.4   289.2   317.1   336.5   358.2   384.9   425.0   503.2   642.1   855.2  57036.0    56950
read      255.7   100.2    74.4   127.9   142.6   247.0   290.7   316.3   334.2   354.5   380.2   419.4   506.9   693.0  2988.3  50199.0    49938
read      224.1    75.2    93.8   156.4   167.8   216.4   235.7   247.3   254.6   265.9   280.1   310.5   379.3   992.2  3102.5   5416.0     5383
read      252.6    89.7    74.4   130.5   146.7   247.1   284.9   307.3   323.7   341.8   364.4   399.1   480.4   588.8  1069.2  39180.0    39719
read      258.5   105.0    80.4   134.1   150.8   253.8   289.0   310.4   326.6   344.4   368.9   407.0   491.0   671.5  2438.9  36679.0    36653
read      250.7   111.8    74.4   120.8   135.0   233.3   284.3   313.9   335.7   360.5   391.8   437.4   535.7   741.7  1902.1  68930.0    69482
read      254.0   101.7    80.4   127.6   142.8   245.8   287.9   312.1   329.3   348.2   373.0   410.8   497.0   852.5  2714.3  46600.0    46749
read      250.8   107.8    74.4   121.0   135.4   235.7   285.8   313.9   334.3   357.3   386.2   428.3   515.4   822.2  2281.6  65352.0    65109
read      253.2   101.6    80.4   127.7   142.6   247.5   288.2   312.1   329.6   347.7   371.3   405.1   475.2   597.3  1793.6  46611.0    46501
read      245.5   120.0    74.4   120.9   134.7   222.6   271.0   298.9   321.3   347.5   381.9   435.0   584.3  1077.5  2714.7 109227.0   109480
read      251.4   107.3    74.4   121.4   135.4   233.1   284.6   314.3   336.5   361.9   393.2   438.2   539.8   767.0  3005.3  69475.0    69433
read      256.3   105.7    80.4   124.4   138.9   243.6   293.2   322.9   342.4   365.1   392.5   433.5   510.0   655.4  3556.7  58185.0    58157
read      250.4   133.6    80.4   120.9   134.7   231.4   282.6   312.8   334.6   359.2   390.1   433.8   529.9   711.0  6057.0  70659.0    70737
read      257.1    95.1    74.4   136.4   152.8   251.6   287.2   308.3   324.0   342.1   365.6   400.0   472.0   630.6  4115.7  34589.0    34617
read      251.5   234.0    74.4   120.5   134.0   227.3   277.8   308.1   330.7   356.4   388.3   435.8   546.2   876.3 11319.9  77722.0    77563
read      246.1   120.9    80.4   119.8   133.6   224.0   274.8   305.0   328.1   354.6   387.8   438.1   553.6   859.9  2472.1  89567.0    90036
read      253.6    87.7    80.4   133.2   149.7   249.6   284.8   305.8   321.6   338.9   360.8   395.1   469.9   585.3  1840.2  36554.0    36689
read      257.6   123.5    80.4   129.2   144.3   247.9   291.3   316.1   334.8   355.5   380.1   420.3   496.6   704.3  5309.2  46832.0    46832
read      252.9   118.9    74.4   125.3   139.4   230.6   280.1   310.1   333.1   360.2   394.7   447.9   571.9  1080.8  2618.5 104862.0   104903
read      238.6    79.2    93.8   154.4   170.3   232.8   255.1   267.7   275.7   289.7   307.5   334.9   398.2  1003.8  3652.7  14202.0    14153
read      250.7   121.8    86.8   148.3   165.8   243.9   269.7   284.5   295.0   310.7   330.4   360.0   424.2  2335.9  4280.9  21453.0    21674
read      224.9    69.7    93.8   157.2   169.7   217.5   235.5   246.8   254.0   265.5   279.3   305.8   387.0  1000.9  1994.0   5673.0     5689
read      254.9    83.4    74.4   133.7   150.6   250.2   287.6   309.9   325.8   342.9   365.3   397.7   469.6   582.2  1229.0  37212.0    37781
read      244.5    83.7    86.8   154.1   172.0   238.3   262.7   275.4   287.1   299.7   318.1   346.0   414.9   928.9  3838.5  15458.0    15507
read      252.5   110.3    80.4   124.2   138.7   230.9   281.2   312.3   335.7   363.2   397.9   450.1   561.5   869.0  1477.5 101772.0   102064
read      254.0   117.5    74.4   122.3   136.5   235.3   286.0   316.2   339.1   366.2   398.7   445.3   547.7   747.4  3393.4  71294.0    71340
read      251.0   112.7    74.4   120.6   134.3   230.6   282.1   314.1   337.8   364.7   397.7   447.9   554.8   705.8  1285.4  79471.0    79815
read      255.1   127.0    74.4   128.1   143.5   246.3   288.1   312.9   330.0   347.5   371.6   408.0   485.5   634.0  3755.3  44217.0    44352
read      246.3   108.5    80.4   122.3   136.3   225.3   273.9   303.6   326.4   352.3   385.8   436.0   549.3   792.3  1583.2 109690.0   109562
read      243.9   124.2    74.4   119.2   132.4   222.6   273.3   302.1   324.7   351.2   385.7   434.7   532.9   765.1  3091.4  85881.0    86219
read      255.8    99.5    74.4   128.4   143.3   247.5   292.2   317.9   335.8   355.8   380.8   420.8   493.1   595.8  1056.1  47181.0    47335
read      257.4    94.6    80.4   132.5   148.3   250.8   292.5   316.0   332.4   350.5   373.2   414.0   492.3   642.6  2184.5  41877.0    41962
read      256.1    94.6    80.4   129.3   144.1   247.3   291.8   316.6   334.6   355.2   380.9   419.7   494.2   636.0  1841.7  45834.0    45802
read      245.8    90.9    86.8   161.2   177.3   240.1   263.1   274.6   285.8   297.7   315.5   343.3   400.9   899.2  3156.3  13168.0    13389
read      251.5   145.1    74.4   121.7   135.7   227.7   278.7   309.8   332.8   359.7   394.0   447.4   557.1  1609.7  2763.8  95670.0    95780
read      250.7   118.6    74.4   121.1   134.6   227.6   279.5   311.4   334.7   361.9   395.9   447.3   578.2  1048.5  2858.3  88192.0    87844
read      254.9   100.0    74.4   125.3   139.9   242.3   290.1   318.3   338.9   362.1   390.0   430.6   520.1   649.2  1719.9  56099.0    55903
read      248.0   138.9    80.4   121.3   134.8   224.0   274.8   305.3   328.5   355.8   390.9   444.8   567.7   933.6  5940.5 100949.0   100902
read      250.9   120.9    80.4   120.8   134.9   231.8   283.5   314.2   337.2   363.2   395.2   440.8   543.2   701.8  1382.1  70806.0    70988
read      257.6   105.8    80.4   126.3   141.6   243.0   292.0   321.0   341.4   365.7   395.1   439.1   535.9   689.7  2403.6  54138.0    53831
read      254.4   118.1    80.4   140.0   156.7   247.2   280.1   299.6   316.1   334.8   358.7   398.6   471.7   578.7  7221.3  26926.0    26948
read      256.8   107.4    80.4   133.6   149.4   247.3   286.9   311.5   329.7   349.3   374.7   414.5   494.4   589.9  3393.5  32556.0    32347
read      262.1   114.5    80.4   129.6   145.0   245.9   291.9   320.9   341.8   366.7   399.7   453.1   562.6   779.7  3862.5  40803.0    41050
read      255.9   108.9    80.4   125.2   140.0   241.1   289.9   318.3   340.0   363.7   393.1   435.8   532.8   678.5  2927.0  55933.0    56197
read      247.4   178.0    74.4   121.1   135.0   225.0   275.3   305.3   329.3   356.4   390.0   437.4   536.6   701.1  7468.6  94849.0    94617
read      255.8   111.5    80.4   124.3   138.4   236.0   288.4   320.6   343.6   369.1   400.5   448.3   547.3   805.2  1743.0  71756.0    71839
read      250.4   111.4    80.4   121.4   135.6   229.4   281.3   311.7   333.8   360.3   393.3   443.1   564.6   963.8  1624.3  79424.0    79082
read      268.0   181.9    80.4   129.6   144.4   240.5   292.5   325.0   348.9   376.8   412.7   465.7   620.3  2669.8  7449.2 107797.0   107630
read      254.7   101.8    80.4   125.0   139.8   240.7   289.9   319.0   339.5   362.2   390.7   432.0   516.9   680.6  2091.8  59766.0    60164
read      249.7   116.2    74.4   122.2   136.3   227.2   277.0   307.0   329.8   356.7   392.6   445.8   566.8   974.6  2501.3  97336.0    97878
read      253.2    99.5    74.4   123.4   138.3   237.8   288.4   319.3   340.3   363.4   391.6   433.8   517.7   661.6   993.9  63280.0    63680
read      250.9   115.3    74.4   120.4   134.4   231.7   283.2   313.7   335.8   361.4   393.5   440.7   547.0   754.8  3582.0  73666.0    73888
read      251.1   101.5    74.4   122.6   136.8   234.6   285.1   315.6   337.1   361.2   390.8   433.4   521.0   650.2  1154.0  65675.0    65499
read      254.1   112.5    74.4   124.8   138.8   232.2   283.1   315.4   339.1   366.7   400.4   452.3   568.4   881.7  1690.0  97403.0    96906
read      248.2   114.7    74.4   122.3   136.4   226.8   276.3   307.3   330.1   356.1   389.9   438.6   543.4   883.1  3794.7 103458.0   103287
read      254.0    98.6    80.4   126.9   141.9   244.6   288.9   314.5   332.5   352.3   377.0   418.2   497.9   660.3  3002.8  49160.0    49664
read      257.8    94.7    80.4   138.3   154.9   253.6   289.2   310.8   326.0   342.7   363.9   394.1   459.0   589.2  3610.8  32800.0    32535
read      258.7   109.6    80.4   129.0   144.5   248.7   292.8   320.4   338.5   358.9   384.3   423.7   499.5   732.6  3707.0  46767.0    46477
read      232.9    60.0   101.3   160.8   173.8   226.6   246.9   258.1   267.2   277.3   294.8   322.0   394.6   937.5  1212.1   7509.0     7459
read      247.9   110.0    74.4   121.0   134.7   230.1   280.2   310.2   332.5   358.2   389.6   432.7   520.2   638.3  1736.9  72902.0    74137
read      252.3    96.7    74.4   124.3   139.1   240.2   288.0   315.4   335.2   357.8   385.2   424.0   502.0   619.7   913.7  57023.0    57061
read      258.4    86.8    80.4   138.7   155.1   253.0   289.8   311.8   327.6   345.0   367.5   399.7   468.0   585.4  1125.1  34384.0    34213
read      233.3   104.1    93.8   160.9   173.8   224.8   245.3   256.0   265.1   274.2   291.2   321.5   402.3   981.2  4844.1   7501.0     7432
read      262.6   113.7    80.4   134.0   150.4   253.6   294.6   319.9   336.6   355.6   380.0   418.8   504.6  1213.3  3143.0  41170.0    41605
read      263.1   117.1    80.4   140.2   157.3   256.4   291.0   311.7   326.8   344.6   367.7   400.6   473.7  1902.2  2925.6  33030.0    32998
read      257.5   113.9    74.4   125.0   139.6   240.7   292.0   321.7   342.8   367.3   398.0   442.7   543.3   804.5  2834.5  61410.0    61636
read      254.7   100.5    80.4   125.5   139.7   238.6   289.5   319.7   340.7   365.3   395.8   439.4   532.1   669.6  1107.3  64533.0    64695
read      242.8    69.6    93.8   158.7   174.5   237.2   259.3   272.0   282.3   294.2   313.0   341.2   408.1   956.0  1858.0  13999.0    14063
read      250.4   116.3    80.4   123.3   137.1   228.9   279.5   311.4   335.4   362.9   395.9   443.2   544.0   796.9  2169.9  90996.0    91302
read      227.5    81.9    93.8   157.5   170.3   219.5   236.9   248.6   256.3   267.1   280.7   308.9   403.0  1006.6  3085.0   6146.0     6064
read      257.0    86.2    80.4   134.1   150.1   251.1   292.2   315.1   331.1   348.5   372.5   408.4   478.6   586.3   906.1  40686.0    41354
read      247.8    78.5    93.8   151.8   168.6   242.8   268.8   284.0   295.4   310.9   329.7   357.9   427.9   658.2  2988.6  20373.0    19863
read      246.9    89.3    86.8   152.8   170.1   241.9   266.6   280.0   291.6   306.1   324.6   352.5   422.3   576.7  4186.2  19442.0    19488
read      241.3    79.4   101.3   160.3   175.0   235.5   257.7   270.1   279.7   293.6   311.8   337.0   394.8   950.5  3135.0  14059.0    14040
read      250.3    67.6    93.8   153.3   172.0   246.1   272.0   288.1   299.6   314.5   332.3   358.7   419.1   534.9  2043.4  19194.0    19538
read      257.6   217.0    86.8   153.1   171.2   247.3   272.9   289.7   301.9   316.3   334.7   363.7   429.9  2369.8  8138.5  20068.0    20199
read      250.6   111.1    80.4   124.3   138.8   228.3   278.8   309.0   331.6   357.8   390.9   438.8   563.5  1085.5  1832.2 106203.0   106657
read      248.6   131.1    74.4   121.9   135.9   226.0   276.5   307.3   331.1   358.7   392.6   441.0   547.6   782.8  4026.1  93018.0    92457
read      250.0   105.2    80.4   123.4   137.1   228.2   279.4   310.7   334.1   361.2   395.4   446.4   555.2   790.2  1322.7  93281.0    92780
read      254.1   154.5    74.4   122.2   136.7   233.5   284.9   315.8   336.9   360.5   389.3   430.9   526.9  2065.5  4992.7  67942.0    68203
read      252.9   124.5    74.4   123.3   137.6   232.2   283.7   314.9   338.2   365.2   398.8   447.7   545.7   719.1  2159.1  82484.0    81753
read      255.4    96.2    80.4   127.7   142.0   244.0   290.6   318.2   338.1   360.9   388.7   427.8   502.3   625.6   989.2  57875.0    57748
read      247.9    72.6    86.8   150.7   167.6   243.7   269.7   284.9   296.1   311.5   330.1   358.2   422.3   831.1  1097.9  20937.0    21027
read      258.2   112.6    80.4   129.3   144.7   248.5   291.7   317.4   336.2   358.5   387.1   427.1   502.7   673.9  2048.3  49297.0    49680
read      250.5   103.0    74.4   123.8   137.8   230.6   281.6   312.5   335.1   361.5   394.6   440.0   542.1   723.7  1155.1  81717.0    82042
read      251.1   109.9    74.4   123.0   137.3   229.7   279.8   310.9   334.5   361.7   395.2   446.3   569.3   803.9  1823.2  93478.0    93691
read      257.2    92.1    80.4   130.4   146.0   249.5   292.3   317.2   334.9   354.4   377.4   417.5   496.5   625.9  1265.8  45595.0    45291
read      254.8    89.1    86.8   140.9   158.4   251.3   283.9   302.2   315.8   332.1   352.1   384.0   448.0   577.2  1094.9  30680.0    30437
read      250.6    99.7    80.4   122.0   136.6   235.1   285.2   313.8   335.2   359.8   389.2   430.9   513.3   640.8   878.7  67057.0    67422
read      249.8   104.6    74.4   121.7   135.9   231.9   283.1   313.7   336.3   361.0   390.1   432.8   529.5   702.6  1702.7  70196.0    69956
read      257.8    82.4    80.4   137.9   154.6   253.4   291.0   312.3   327.1   343.3   365.0   397.3   465.7   561.5  1439.0  35240.0    35404
read      246.2   103.8    74.4   120.6   134.4   227.3   277.6   307.6   330.2   356.1   387.8   432.6   517.4   645.1  1614.9  80167.0    80225
read      245.8   108.4    80.4   121.9   136.3   225.0   273.4   301.9   323.9   350.8   385.1   434.9   543.8   859.9  1600.5 105477.0   105585
read      249.5   101.5    86.8   152.5   170.9   243.9   268.9   283.6   294.3   309.3   328.1   356.8   422.4  1390.3  3234.1  19927.0    20088
read      240.9    65.3    86.8   160.9   176.1   235.6   257.9   269.8   278.6   291.3   308.5   336.8   398.5   556.6  2157.6  12587.0    12672
read      245.7    83.1    80.4   158.5   176.2   241.2   264.2   275.7   286.8   298.0   315.7   341.6   408.3   954.3  2275.3  15709.0    15696
read      253.1    73.8    80.4   148.2   165.5   249.3   278.1   295.0   309.2   325.2   344.2   373.1   434.9   534.4  1804.1  25858.0    25951
read      253.5   137.7    74.4   124.3   138.5   235.3   286.1   315.5   337.1   360.8   390.4   433.5   523.9   742.1  5280.7  65213.0    65007
read      230.8    56.0    93.8   157.0   170.8   226.0   246.4   257.5   266.3   275.2   291.4   317.5   377.9   911.0  1018.6  10245.0    10189
read      249.9   103.1    74.4   122.8   137.0   230.2   282.2   312.9   335.5   361.4   393.6   440.9   535.0   713.6  1078.6  78028.0    78008
read      236.1    68.4    93.8   157.0   172.3   231.4   252.2   264.4   272.6   284.2   297.7   326.7   388.0   946.5  3080.4  12680.0    12678
read      242.0    69.6    86.8   155.1   171.6   237.6   260.9   272.6   282.8   294.7   313.1   339.5   397.7   956.6  1947.0  15955.0    15922
read      260.7   106.9    86.8   137.9   153.2   253.7   293.6   317.3   334.0   352.1   373.5   405.8   476.4   613.3  3953.8  41256.0    41774
read      259.7    89.8    80.4   138.0   154.0   253.6   293.0   315.7   331.8   349.4   371.4   403.1   476.7   620.7  1994.5  38409.0    38788
read      260.9   104.4    80.4   140.5   156.9   256.0   291.2   312.2   327.2   343.7   365.3   398.5   464.0  1587.1  2534.4  34736.0    34559
read      260.6    97.4    80.4   130.2   145.0   248.6   296.8   326.7   345.8   367.7   394.8   432.8   508.7   680.2  1201.3  54584.0    54825
read      262.2    88.0    80.4   138.0   153.9   256.2   296.5   319.5   336.9   356.6   380.5   415.6   489.2   612.1  1014.2  42508.0    42697
read      241.0    94.3    86.8   161.4   176.2   234.3   255.2   267.2   274.7   288.1   304.9   332.9   401.0  1010.0  4188.4  12829.0    12669
read      257.6   115.4    80.4   127.1   140.8   237.1   289.2   320.8   344.2   369.7   401.0   447.6   543.3  1090.7  2471.5  69596.0    70047
read      255.2   112.2    80.4   127.3   141.1   234.0   283.8   314.7   338.1   365.3   400.1   451.4   556.7   838.6  1943.7  96172.0    96137
read      254.5   108.2    80.4   126.2   140.2   233.0   284.5   315.8   339.9   367.5   401.2   449.7   550.6   853.9  1721.7  93277.0    92934
read      250.1    99.3    93.8   152.7   169.6   245.1   270.7   286.1   297.0   311.4   328.6   356.2   420.0   995.1  4565.4  20894.0    20597
read      253.5   127.6    80.4   125.1   139.3   235.7   288.4   317.4   337.9   362.0   392.0   432.9   514.1   662.8  3738.4  65658.0    66597
read      258.1    97.9    74.4   129.4   144.4   243.8   293.0   322.6   344.0   367.6   396.2   434.3   507.9   640.8   796.8  60052.0    59987
read      259.5    96.4    80.4   130.4   145.2   247.5   297.0   326.4   344.9   366.8   394.1   431.8   503.8   631.5  1054.0  58458.0    58456
read      259.5   102.1    74.4   129.5   144.3   244.9   293.9   324.7   344.6   367.6   396.3   437.1   526.1   747.6  2200.8  59754.0    59958
read      257.3   106.5    80.4   128.1   142.4   235.4   286.3   317.7   341.7   369.8   404.4   457.5   572.1   806.8  1083.8  98155.0    98221
read      261.0   109.2    80.4   130.5   145.7   248.2   295.8   324.6   343.8   366.7   395.5   434.6   515.2   661.2  2105.2  55801.0    55912
read      258.5    84.2    74.4   136.7   153.0   253.3   291.4   314.1   330.8   349.6   372.4   407.8   469.8   572.8   974.8  39196.0    39018
read      245.7    71.2    80.4   154.3   172.1   242.5   266.0   278.9   289.9   302.6   319.2   345.6   409.1   646.1  3505.8  18922.0    18747
read      253.1    96.3    80.4   126.4   140.4   239.8   291.1   318.7   337.6   359.1   385.7   425.3   502.3   632.0   744.9  59521.0    60013
read      253.3   110.3    74.4   125.2   139.0   231.7   284.0   315.6   339.3   367.1   400.1   448.0   542.1   746.3  2155.8  85395.0    85584
read      251.0   103.4    80.4   124.7   138.6   229.7   282.0   314.0   338.0   365.5   397.9   443.1   532.7   709.1  1379.5  84581.0    84809
read      254.6   149.5    74.4   123.8   138.0   230.1   282.3   314.6   338.8   364.5   396.2   444.8   554.0  2417.9  4245.3  85339.0    85435
read      251.4   105.6    74.4   124.6   138.7   230.3   280.7   311.6   334.9   361.8   396.0   447.2   551.6   776.5  1370.8  94519.0    94907
read      243.8    58.5   101.3   155.8   173.7   241.0   264.2   275.7   287.4   299.8   317.7   342.7   391.3   528.8  1046.1  16659.0    16437
read      253.2   104.1    74.4   123.9   138.1   232.5   286.3   317.8   340.5   366.8   399.5   447.9   540.6   722.6  1264.4  78071.0    78505
read      253.9   134.1    74.4   123.9   137.6   231.9   283.8   315.4   339.3   367.0   401.3   449.6   547.8   784.2  3458.0  77590.0    77219
read      249.6   102.4    74.4   123.7   137.4   229.0   280.2   311.1   335.0   362.1   395.4   444.3   540.3   706.3   928.7  86818.0    86414
read      253.2   104.5    80.4   124.1   138.2   233.6   286.5   318.6   341.2   366.8   397.0   442.0   543.1   716.4  1379.0  72798.0    73427
read      254.0   105.8    80.4   127.2   141.0   232.3   283.6   315.1   339.0   366.5   399.7   450.8   549.6   804.2  1324.1 100262.0   100497
read      247.7   122.4    74.4   122.2   136.3   225.1   275.9   305.1   328.4   356.8   391.6   440.7   544.3   800.5  3047.1  96376.0    96416
read      248.0   112.2    80.4   121.2   135.1   229.7   280.9   311.1   333.1   357.1   387.0   430.2   515.2   691.5  4050.1  71424.0    71637
read      254.4    89.0    80.4   141.1   157.0   251.2   284.7   303.0   318.1   335.3   355.3   383.9   444.9   534.9  1077.4  32823.0    33216
read      255.7   114.7    80.4   127.2   141.7   241.1   291.9   319.7   339.6   362.0   389.7   428.8   501.6   640.3  4079.4  58570.0    58699
read      257.5    98.9    74.4   129.9   144.7   246.1   294.1   321.8   341.3   362.3   387.6   424.8   503.0   634.5  2917.9  53378.0    53809
read      258.2   127.5    80.4   125.3   139.0   234.8   288.2   321.8   344.7   370.9   403.5   454.5   588.3  1408.8  3388.9  73339.0    72797
read      264.0   173.2    80.4   129.5   144.1   238.2   290.2   321.2   344.5   372.4   408.3   464.3   619.6  1136.7  8808.8 107112.0   107267
read      258.6   126.9    80.4   128.9   143.2   244.4   292.8   320.8   339.6   361.1   387.6   426.5   507.8  1575.8  3302.2  56459.0    55877
read      252.8   102.4    80.4   125.6   139.6   234.9   285.9   315.8   338.1   363.5   394.4   436.3   529.5   670.3  1381.4  70948.0    70507
read      258.3    91.1    80.4   132.2   147.8   250.1   293.8   320.9   337.9   357.2   381.2   419.1   491.0   604.6  1129.6  46689.0    46741
read      259.6   106.3    86.8   138.3   154.5   254.1   291.4   313.4   329.3   346.4   368.3   401.1   469.6   593.8  5165.5  36445.0    36507
read      255.4    90.2    86.8   142.0   158.9   251.4   283.8   302.7   316.7   333.6   354.7   388.3   456.2   571.0  2372.2  30610.0    30697
read      252.2    84.4    86.8   146.1   163.5   247.7   275.2   292.6   305.9   321.1   341.2   370.1   441.2   754.6  2495.0  24905.0    25261
read      252.9    85.8    86.8   146.7   163.3   250.1   278.4   295.0   308.5   323.6   343.1   371.5   430.4   579.7  1956.2  25345.0    25212
read      255.2    84.6    86.8   139.3   155.9   250.7   285.4   305.5   319.6   337.7   359.8   392.8   465.9   591.0  1475.3  33938.0    33805
read      254.9   105.9    80.4   125.4   139.7   234.0   287.3   320.1   343.9   370.7   402.1   449.4   540.0   718.8  1348.5  76689.0    76345
read      249.0   132.1    74.4   122.8   136.7   225.5   276.1   306.6   330.4   358.1   393.1   442.9   555.8   966.2  3182.2  96258.0    95558
read      253.0    74.3    80.4   144.2   160.7   249.3   281.1   299.3   313.7   329.5   346.6   373.9   438.7   563.3  1634.5  28639.0    28428
read      245.5    65.5    86.8   150.2   166.1   241.5   268.6   283.9   294.9   309.7   328.2   357.2   416.6   519.5  1530.7  21599.0    21673
read      240.8    99.6    74.4   118.9   132.1   220.1   270.8   299.7   321.8   348.8   382.8   428.6   520.0   699.0  1149.6  88826.0    89018
read      255.8   107.4    74.4   130.2   145.2   246.3   287.6   311.6   329.8   350.1   374.6   414.2   496.7  1401.0  2808.0  46664.0    46753
read      249.9    78.8    80.4   136.4   152.7   245.8   279.5   296.7   312.8   330.8   352.0   385.4   452.9   554.0   983.9  33898.0    34034
read      254.4    91.6    74.4   129.6   144.7   245.4   289.3   315.3   333.3   352.9   377.0   414.8   491.2   595.7  1296.6  47450.0    47329
read      252.1    95.5    74.4   125.9   140.2   239.7   287.3   314.4   333.8   355.8   384.9   426.2   502.6   594.9  1372.4  56749.0    56893
read      256.3    98.8    86.8   135.0   150.8   250.6   287.8   309.6   325.5   343.7   368.2   403.9   482.4   615.7  2221.2  38781.0    38690
read      250.2   103.1    80.4   122.4   136.8   230.6   282.0   312.3   336.0   362.4   394.6   442.1   540.4   689.3  1538.1  79744.0    79988
read      254.9   194.3    74.4   125.0   139.5   230.0   278.3   308.5   331.8   359.6   394.6   448.6   578.2  1644.6  7824.3 107005.0   107429
read      253.9    87.0    80.4   130.9   146.4   247.1   288.1   311.8   329.2   347.9   372.5   407.6   477.6   584.5   935.1  43581.0    43713
read      247.8   102.1    74.4   121.1   135.1   228.5   280.2   311.2   333.8   359.2   390.7   436.4   528.4   651.4  1551.1  76485.0    76624
read      252.0   101.8    74.4   123.8   137.9   234.0   285.0   314.6   337.9   364.2   395.7   440.2   533.6   681.2  1276.4  71509.0    71700
read      258.6    95.0    80.4   134.1   150.3   252.4   293.2   316.6   333.0   350.8   372.7   406.9   487.5   619.9  3541.9  40848.0    40703
read      255.8   115.8    80.4   126.8   140.9   233.9   284.7   316.0   340.3   368.1   402.1   452.8   557.0   834.0  2740.3  96005.0    95489
read      244.4    67.7    93.8   151.2   168.7   239.9   264.7   277.9   289.8   304.4   324.8   354.1   414.6   555.7  1910.0  18403.0    18531
read      249.8   136.1    80.4   123.2   137.1   227.8   276.8   307.0   329.4   356.2   392.3   444.8   556.6   818.5  3786.9  98879.0    99369
read      256.9   109.7    80.4   141.8   159.3   250.6   282.3   300.8   315.8   333.0   353.6   386.7   468.1  1460.5  3236.8  29644.0    29286
read      257.8    88.7    80.4   132.7   149.1   250.4   291.0   315.7   333.3   352.8   378.2   418.2   495.6   609.9   899.2  42654.0    42988
read      252.6   122.1    74.4   122.0   136.2   234.1   284.2   315.4   337.5   361.9   393.2   440.6   542.8   718.4  4145.4  69614.0    69249
read      229.8    58.8   101.3   157.5   171.0   223.7   243.9   254.8   264.0   273.2   289.7   316.7   405.3   926.7  1078.9   7921.0     7889
read      252.9    95.0    74.4   126.6   141.5   242.9   289.3   315.2   333.2   353.5   378.9   417.4   492.6   617.2  1179.3  52079.0    51783
read      255.7    91.2    86.8   135.6   151.4   249.7   288.6   310.6   326.7   345.5   369.4   402.6   470.3   561.3   742.1  38567.0    38634
read      246.7   125.6    80.4   121.4   134.7   225.3   275.6   305.9   328.9   355.5   388.8   436.3   538.5   741.6  3976.3  85806.0    86204
read      265.9   114.4    80.4   131.2   146.5   243.1   295.1   327.3   351.1   379.8   417.1   471.1   604.4  1009.8  1584.3 109891.0   109534
read      257.7    92.6    74.4   132.0   147.5   249.3   293.7   318.9   336.6   356.2   379.8   417.2   500.6   623.0  1142.0  45279.0    45136
read      254.8    99.8    80.4   126.5   141.0   240.5   290.9   319.9   339.9   362.8   390.4   430.1   512.8   640.8  1286.9  59676.0    59949
read      256.6   114.7    80.4   126.1   140.3   239.4   290.4   320.0   343.0   367.4   397.1   439.6   535.0   790.6  3906.3  61925.0    61681
read      248.3   108.7    74.4   121.3   135.1   228.1   281.1   312.4   335.0   360.5   392.6   437.7   534.9   683.0  1133.2  76283.0    76329
read      256.3    99.0    80.4   131.3   146.7   247.9   290.5   315.3   332.3   350.8   374.4   414.7   492.3   704.1  2682.6  44311.0    44322
read      248.5    95.6    86.8   151.9   169.3   243.3   268.7   283.5   294.5   309.7   329.1   359.9   430.5   591.2  3213.9  20765.0    20698
read      248.0   117.0    74.4   121.4   134.9   225.8   276.7   308.0   331.6   358.3   392.2   442.6   551.7   844.6  2286.1  85096.0    84853
read      251.3   103.3    80.4   123.7   138.0   231.4   282.8   315.3   338.7   365.0   397.0   440.5   525.8   697.1  1521.7  75903.0    75889
read      251.6   125.1    80.4   123.7   138.0   227.7   278.1   309.3   333.0   360.5   395.2   447.5   576.9  1087.0  2694.6  98627.0    98396
read      259.6   122.4    80.4   129.7   144.3   246.6   293.3   320.1   339.4   361.0   387.2   426.9   511.9  1554.5  2948.9  53862.0    53818
read      255.8   103.8    80.4   145.1   162.3   248.9   278.7   295.6   309.9   326.3   346.9   381.7   469.5  1407.8  3807.7  26249.0    26200
read      254.2    97.1    80.4   128.2   142.3   243.7   290.5   316.2   334.4   355.0   381.0   421.0   498.4   676.8  1914.0  54418.0    54761
read      231.6    63.4    93.8   155.2   169.6   226.1   246.3   258.0   267.1   277.0   294.5   322.0   398.9   898.5  2096.8  12643.0    12268
read      257.9    93.8    80.4   129.6   144.7   247.9   294.9   321.8   340.3   361.5   388.0   426.7   503.1   623.1   860.4  52157.0    52324
read      254.4   127.6    80.4   125.8   140.0   230.0   281.0   311.8   334.8   362.1   396.1   447.5   579.5  1461.7  2527.7 106032.0   106440
read      216.8   106.5    93.8   152.1   163.8   210.8   227.9   237.1   245.3   253.5   267.4   291.7   368.5   954.2  7708.2   7148.0     7154
read      247.6   119.0    74.4   122.0   135.8   226.4   276.7   307.0   330.3   357.2   391.0   437.1   539.3   739.1  3565.9  86540.0    87362
read      254.5    87.9    80.4   132.8   147.5   248.9   289.7   312.9   329.4   346.6   370.2   402.8   469.8   567.5   989.7  43865.0    43716
read      250.8    75.7    86.8   143.7   161.4   247.5   275.6   292.9   306.4   322.2   341.5   370.9   435.8   572.7  1866.6  26938.0    26737
read      256.3   100.6    86.8   134.5   150.3   250.2   289.2   311.7   328.4   346.3   369.5   403.6   481.1   590.0  4812.5  41660.0    41596
read      242.0   104.2    74.4   119.6   132.8   220.6   271.0   300.1   323.8   349.7   382.8   430.1   530.5   780.0  1331.8  85302.0    85490
read      246.3   109.9    74.4   121.4   135.2   227.4   277.5   307.4   329.1   353.6   385.7   431.0   522.8   694.2  3957.6  77560.0    77612
read      245.8   110.3    74.4   120.6   133.9   224.7   275.3   305.2   329.5   356.5   388.8   435.9   536.3   836.8  2011.9  78256.0    78124
read      254.9   138.9    74.4   123.0   137.1   233.5   284.5   314.2   336.6   362.2   394.6   442.2   550.4  2121.2  3711.6  69270.0    69632
read      254.4   101.4    80.4   134.1   150.2   247.9   287.1   309.7   325.2   342.1   364.1   396.5   472.4   623.3  4782.5  39122.0    39180
read      243.7    80.0    86.8   153.9   170.5   236.6   261.1   274.0   285.8   299.1   318.7   346.4   419.0  1046.6  2340.7  15981.0    15803
read      252.4    84.8    86.8   136.5   152.1   247.1   281.7   301.1   317.1   335.5   358.4   394.1   469.8   650.5  2062.0  36906.0    36987
read      244.7   128.6    86.8   151.2   167.1   239.8   264.1   276.9   288.3   301.2   319.9   347.0   420.3   645.1  9502.5  19881.0    19833
read      255.8   147.6    80.4   130.6   145.9   245.5   287.1   311.0   329.0   348.0   372.5   409.1   489.1   841.9  7738.8  46489.0    46567
read      251.0    95.4    74.4   125.7   140.3   238.4   285.5   312.0   331.6   353.6   382.0   422.6   506.2   636.4  1024.1  57461.0    57368
read      254.2    82.0    80.4   137.5   153.2   250.3   284.9   303.9   318.7   337.0   359.4   394.0   472.0   674.5  1118.5  35899.0    36003
read      249.7   100.2    74.4   122.3   136.6   233.8   284.7   313.7   335.1   359.4   388.6   429.4   514.1   670.8  1029.8  68663.0    68916
read      253.8   121.3    74.4   124.0   138.2   230.7   281.5   311.6   334.6   362.1   397.1   451.5   606.2  1069.1  3344.9  93842.0    93229
read      257.5    93.0    80.4   131.4   146.9   250.4   292.7   317.1   334.8   354.7   379.3   418.3   497.6   605.7   969.2  46585.0    46632
read      241.5   130.3    80.4   119.1   132.1   218.8   268.9   296.6   319.7   345.2   377.6   428.1   536.1  1192.0  3149.0  93473.0    93663
read      241.8   102.4    74.4   121.3   134.8   220.6   269.5   297.3   319.3   346.0   380.5   429.5   533.6   785.2  1600.5 106414.0   106418
read      255.2   111.1    74.4   127.0   140.9   239.7   289.9   318.5   338.4   361.8   391.4   432.5   524.6   693.0  4445.0  60506.0    60496
read      258.1   119.2    74.4   127.7   141.7   233.8   284.5   315.6   339.2   368.3   404.4   461.8   594.5  1189.6  1871.0 108543.0   109057
read      242.6   103.3    74.4   120.1   133.5   221.3   270.9   299.8   322.4   348.1   383.3   432.7   536.5   785.8  1403.4  96900.0    96861
read      249.1   105.0    74.4   121.8   135.8   228.6   280.3   311.6   334.6   361.3   393.7   439.7   545.3   736.1  1324.7  85987.0    86255
read      253.5    98.6    86.8   146.7   163.5   248.7   277.1   294.5   307.9   322.7   343.0   374.2   444.2   585.2  4886.0  25593.0    25686
read      244.6    61.3    93.8   153.9   170.9   240.0   264.9   277.9   289.4   302.5   319.1   346.1   411.2   533.0  1028.2  17712.0    17483
read      257.0    95.7    80.4   142.9   160.0   252.3   283.5   301.7   316.5   333.7   354.4   386.9   460.4   908.9  3495.9  29449.0    29211
read      255.9    98.3    80.4   128.5   143.2   243.9   291.8   319.0   338.1   359.7   386.9   427.7   505.0   651.2  2242.1  55193.0    55328
read      247.5   118.7    74.4   121.9   135.4   225.2   276.3   306.0   329.0   355.7   388.2   435.2   550.6   929.3  3840.8  87654.0    87592
read      248.2    68.2    86.8   148.0   164.6   245.0   272.1   288.2   299.6   314.7   334.5   363.7   421.8   541.9  1077.7  23938.0    23882
read      254.6    88.0    80.4   131.7   147.0   247.4   288.9   312.4   329.4   348.6   372.6   408.4   483.9   587.5   886.3  44518.0    44790
read      235.2    55.6   101.3   161.5   175.7   231.4   251.6   263.1   270.9   281.4   295.7   319.5   382.0   856.9  1082.0  12258.0    12236
read      255.4    86.4    80.4   132.2   148.1   249.6   290.3   313.6   330.7   349.8   372.5   406.0   474.7   565.8   725.7  42556.0    42928
read      253.3   113.0    80.4   125.4   139.5   231.8   282.0   312.1   335.2   362.7   397.6   450.6   563.5   848.5  2534.3 103311.0   103959
read      246.6   155.1    74.4   119.7   133.0   221.7   271.4   299.7   322.4   349.2   385.2   436.8   564.7  1693.9  5558.6  97831.0    97347
read      248.8   108.8    74.4   121.9   136.0   230.4   280.5   310.0   331.6   356.4   388.3   434.5   537.0   742.4  3777.3  68544.0    68379
read      254.5   131.7    80.4   122.5   136.5   228.3   280.1   311.4   335.6   364.2   399.8   455.5   628.9  1584.6  2355.4  91923.0    92596
read      231.1    63.5    93.8   158.3   172.3   226.4   245.9   256.5   265.7   274.9   291.4   318.7   382.9   682.1  1282.5  10221.0    10055
read      253.8    90.7    86.8   141.7   158.6   249.2   281.3   299.8   315.6   332.5   351.8   382.9   446.1   581.9  2476.2  29431.0    29634
read      233.3    58.1   101.3   160.4   175.1   228.1   247.9   259.0   267.6   277.1   292.9   319.8   389.3   950.3  1337.7   9453.0     9324
read      256.3   147.6    80.4   140.0   157.1   249.1   282.5   302.0   316.9   333.6   353.4   384.5   454.5  1020.3  7350.5  29983.0    30076
read      252.5   106.0    80.4   124.5   138.7   231.2   282.1   312.2   336.0   364.1   398.6   448.9   559.5   822.7  1251.9  99978.0   100150
read      252.4    99.0    80.4   142.6   161.1   247.9   277.8   295.0   308.9   324.4   343.7   373.2   436.8   608.1  3806.5  27577.0    27527
read      248.4   105.4    80.4   122.4   136.6   226.7   276.8   307.8   331.4   358.9   393.6   443.4   545.3   750.2  1259.5  95055.0    95171
read      255.9   121.3    80.4   132.3   148.9   248.6   288.4   311.3   327.4   345.0   369.4   403.6   481.8   628.4  3625.1  40761.0    40523
read      233.2    62.5    93.8   157.1   171.9   228.3   248.8   260.3   268.7   278.6   294.7   320.7   390.3   938.9  2017.8  11258.0    11422
read      231.8   113.6    93.8   157.4   171.3   225.1   245.9   257.6   265.9   274.2   289.7   316.1   395.8   985.4  8845.4   9217.0     9200
read      256.1    88.2    80.4   132.4   148.3   250.7   290.4   313.3   329.8   347.7   371.7   406.4   476.6   617.2   926.3  42456.0    42816
read      236.5    56.4   101.3   160.8   175.5   230.6   251.5   263.9   272.3   284.9   301.5   330.3   402.8   775.4   992.1  10677.0    10698
read      251.1    68.8    86.8   150.0   167.1   247.1   273.7   290.0   302.0   317.0   337.2   367.1   436.5   634.2  1040.2  22153.0    22301
read      260.1   149.3    74.4   130.3   145.8   247.7   292.0   318.5   336.6   356.3   379.4   417.2   495.7  2433.2  4262.5  48278.0    48159
read      254.3    84.3    80.4   133.2   149.4   248.5   287.2   310.2   326.6   344.2   367.4   403.1   472.2   578.7   872.4  40174.0    39987
read      256.4    92.0    74.4   139.1   155.3   251.4   285.9   306.4   321.7   339.5   361.5   395.0   464.4   622.6  1991.5  33005.0    33067
read      250.3    95.7    74.4   124.5   138.5   235.9   285.4   313.2   333.9   357.2   385.7   426.6   503.8   647.6   770.5  62805.0    62704
read      253.3   106.1    74.4   127.7   142.4   241.5   287.9   314.9   334.1   355.2   380.7   419.4   500.1   629.6  1261.9  52725.0    52778
read      251.5   102.2    80.4   123.0   137.3   233.0   284.0   314.8   337.9   364.9   397.2   442.0   533.0   684.8  1290.1  76158.0    75981
read      250.0   106.3    74.4   122.1   135.9   230.3   281.7   312.7   335.8   361.6   393.6   438.5   542.7   792.5  1773.4  74161.0    74522
read      238.4    75.7    86.8   153.7   170.7   234.0   255.4   267.9   276.0   288.5   304.1   333.2   402.5   946.0  3122.2  14594.0    14533
read      226.1    73.5   101.3   156.8   168.2   218.3   236.2   248.8   257.4   269.0   285.1   313.2   409.3   952.8  3094.5   5751.0     5566
read      248.1   101.6    74.4   121.6   135.3   229.3   280.0   311.0   333.5   358.5   390.4   436.1   532.4   685.6  1218.4  77384.0    78062
read      246.7   103.0    74.4   120.5   134.3   226.1   278.0   309.6   331.9   357.7   390.6   436.5   538.5   706.4  1008.2  82836.0    82399
read      249.6   106.1    80.4   123.9   138.4   228.4   277.5   307.7   330.5   356.6   390.7   441.2   562.8   832.7  1288.8 107948.0   108638
read      245.0   111.7    74.4   120.8   134.4   223.8   273.8   303.5   327.1   354.1   387.7   435.4   536.4   747.6  1873.8  93465.0    93541
read      257.5   127.3    74.4   129.4   144.5   247.9   290.4   315.9   334.1   354.3   378.9   417.7   492.0   689.5  5322.2  47055.0    47145
read      264.0   126.6    80.4   130.5   145.4   241.3   290.8   322.0   345.8   373.0   408.2   463.3   600.1  1214.8  2720.6 109677.0   109796
read      252.3   113.3    86.8   144.8   162.0   247.6   275.9   292.9   306.1   321.1   341.1   371.5   436.7   843.1  7044.7  26414.0    26597
read      225.5   100.5    93.8   154.8   167.6   217.9   236.4   248.2   255.7   266.1   277.9   306.0   373.3  1094.0  4860.1   7079.0     7034
read      252.3   103.4    80.4   122.8   136.8   233.3   285.3   316.5   338.9   364.9   397.2   443.2   536.5   770.5  1280.0  71867.0    72616
read      237.0   108.4    93.8   155.7   171.2   231.5   253.2   265.4   273.2   285.0   299.5   327.2   393.6   895.2  7152.1  13762.0    13584
read      243.3    81.8    93.8   150.4   166.8   239.0   263.5   275.4   287.3   300.3   318.4   346.3   416.4   897.0  1336.6  19656.0    19750
read      247.0   109.4    74.4   123.3   137.4   224.4   273.3   302.6   325.6   352.9   388.5   440.4   560.8   916.8  1461.5 109249.0   109139
read      245.2   174.9    80.4   155.0   170.9   235.9   258.8   270.9   280.6   293.2   311.5   340.2   413.9  1367.3  7834.0  15184.0    15150
read      249.7   110.6    80.4   122.4   136.8   230.3   281.8   312.3   334.5   360.0   392.9   437.7   533.0   688.7  3336.8  73814.0    74389
read      250.6   104.9    74.4   123.0   137.1   229.6   281.7   312.6   335.9   363.0   396.1   445.1   546.2   759.1  1416.7  87248.0    87266
read      257.2   154.3    80.4   124.2   138.5   227.8   278.1   308.2   332.2   361.1   399.3   457.8   679.1  2086.7  2706.2 108420.0   108170
read      246.4   108.3    74.4   122.7   136.6   223.4   273.0   302.6   326.1   352.8   388.1   440.6   558.9   939.7  1718.7 103391.0   103631
read      257.2    99.4    74.4   132.4   148.3   249.1   290.4   314.2   331.1   349.5   374.2   412.8   494.4   685.1  2523.8  44325.0    44587
read      251.6   104.2    80.4   122.9   137.1   234.4   285.6   315.3   337.1   362.0   393.2   438.1   530.9   685.8   897.5  66575.0    66411
read      253.3   120.5    80.4   122.9   137.0   230.0   282.3   314.0   338.0   366.3   400.6   453.5   577.3   945.0  2521.6  89313.0    89167
read      254.8    81.4    80.4   137.3   153.2   249.9   286.9   307.7   322.1   339.5   361.7   395.8   468.2   578.7   902.1  35920.0    35723
read      249.0   114.4    80.4   121.3   134.6   226.2   277.5   308.5   331.5   358.2   392.1   441.7   566.8  1096.0  2252.8  85900.0    85827
read      252.4   105.3    74.4   123.2   137.4   232.8   284.6   315.1   338.2   364.7   397.3   445.8   544.6   742.7  1417.4  78747.0    78806
read      252.4   140.3    74.4   123.4   137.9   230.2   280.6   311.5   334.8   361.6   396.2   448.1   565.3   838.4  4011.7  89931.0    89641
read      242.5   143.7    93.8   156.1   172.9   236.0   258.7   270.9   280.7   293.7   312.0   340.7   407.1   962.0 10487.1  14291.0    14186
read      257.3    97.7    80.4   128.1   143.2   246.7   293.1   320.8   340.0   361.5   388.0   428.1   503.7   629.0   747.7  52077.0    52308
read      257.3   108.5    80.4   127.9   141.6   244.2   293.0   322.3   341.6   364.5   393.2   433.0   511.5   650.6  1854.8  56692.0    56743
read      257.7   103.6    80.4   135.9   151.7   252.1   289.8   311.8   327.8   345.9   369.0   402.3   473.7   606.2  4836.2  38539.0    38302
read      247.3   100.5    74.4   121.3   135.2   229.2   279.7   310.3   332.8   357.4   387.7   431.9   518.3   699.5  1030.0  71855.0    71662
read      257.8   108.3    80.4   138.7   154.7   252.8   287.4   308.2   324.0   341.3   363.7   397.4   470.5   690.6  5625.3  36121.0    36015
read      255.4   100.3    80.4   125.9   139.9   239.5   290.6   320.9   343.7   367.5   396.1   438.3   524.8   633.4   927.1  64677.0    65048
read      252.2   104.1    80.4   123.4   137.7   233.3   284.6   315.8   338.6   364.1   396.2   442.6   540.1   720.8  1278.2  73356.0    72989
read      247.0   101.7    74.4   120.8   134.7   228.2   278.5   308.4   330.8   356.1   387.9   433.6   533.4   694.5  1364.5  76348.0    76390
read      251.4    70.4    86.8   147.3   165.1   247.9   275.3   292.1   304.9   320.0   339.9   368.8   433.4   554.6  1653.5  24341.0    24409
read      248.3   115.3    74.4   122.2   135.9   226.6   278.1   308.3   331.5   358.5   392.5   441.2   543.4   736.2  3793.8  85257.0    85530
read      233.1    95.2    93.8   161.2   174.2   226.0   246.6   258.1   266.6   275.1   290.8   316.3   380.0   920.4  3946.3   8311.0     8346
read      251.0   103.2    74.4   122.9   136.7   233.0   285.7   315.4   337.1   362.7   393.7   435.6   522.6   653.3  1729.6  69002.0    69627
read      251.9   112.7    74.4   123.3   137.7   232.3   284.7   313.8   336.1   362.0   393.1   436.9   536.5   779.2  2824.6  70336.0    70266
read      254.7   112.4    74.4   124.9   139.1   231.1   283.5   315.8   340.6   368.1   402.1   453.7   573.8  1028.3  1616.6  90153.0    89525
read      252.0   132.5    74.4   123.1   137.3   232.1   284.5   315.2   336.5   360.8   391.6   435.3   530.0   792.9  5737.4  71065.0    70975
read      256.3    90.9    80.4   130.5   145.8   248.2   291.4   315.8   333.7   354.0   378.9   417.2   499.8   630.6  1046.2  46654.0    46633
read      240.4    61.9    86.8   154.4   170.5   235.4   259.0   271.5   282.1   295.4   313.8   341.4   400.2   790.4  1250.6  16923.0    16963
read      248.0   110.1    74.4   123.3   137.6   226.3   274.4   303.8   326.9   353.5   388.1   436.5   556.5  1050.0  1938.8 108979.0   109556
read      247.6   126.5    80.4   121.4   135.0   225.2   276.0   306.4   329.4   355.8   389.5   436.5   544.3   949.2  4034.2  91240.0    91124
read      257.9    95.3    80.4   130.1   145.3   247.6   293.5   319.7   338.2   359.9   387.4   426.2   505.6   643.0  1517.1  51680.0    51505
read      247.8   109.6    74.4   121.1   135.2   224.6   276.0   306.6   329.9   357.8   392.7   443.8   568.9   851.7  1932.8  93790.0    93804
read      255.4    97.8    80.4   127.2   141.9   242.9   290.6   318.2   338.6   361.3   388.5   429.2   509.7   671.5  1502.6  58183.0    58474
read      259.1   101.1    80.4   133.1   148.8   251.0   292.2   316.9   334.8   354.9   380.0   418.7   500.2   640.4  2127.1  43370.0    43487
read      258.0   116.4    80.4   126.1   140.4   240.9   291.0   321.5   342.4   367.1   396.8   439.5   536.9  1272.1  2490.5  61689.0    61792
read      254.5   110.4    80.4   125.9   139.8   240.3   290.0   319.5   339.2   361.7   389.6   429.5   513.6   704.8  2125.4  59129.0    59548
read      254.3   102.4    74.4   131.5   147.3   246.4   286.1   309.6   326.9   346.0   370.6   407.0   485.4   617.5  4032.3  43909.0    43635
read      254.9    73.7    80.4   145.3   162.6   251.2   282.0   299.6   313.4   329.6   349.8   384.3   447.5   561.9  1208.2  27927.0    27536
read      257.1    87.5    80.4   132.7   148.8   251.4   292.6   317.1   333.7   351.7   373.9   404.9   471.6   569.6  1320.0  42905.0    42828
read      266.8   172.3    80.4   128.6   143.4   238.9   290.8   323.3   347.5   376.9   415.8   472.5   639.3  1475.8  5917.4 109375.0   109424
read      251.9   102.7    74.4   124.4   138.2   233.0   284.3   314.8   338.1   364.1   396.3   444.4   535.7   668.2  1022.9  78530.0    78273
read      255.4   104.6    80.4   125.5   140.1   240.5   290.1   319.2   339.7   363.9   393.3   435.7   528.2   676.9  2365.3  60593.0    60279
read      256.3   139.9    74.4   137.9   154.1   251.6   285.2   303.7   318.5   336.8   359.6   393.4   456.8   592.1  6892.1  34989.0    35178
read      250.8   103.4    74.4   123.2   137.1   233.7   284.5   313.6   335.0   359.2   389.4   433.5   532.2   751.0  1565.1  67303.0    67279
read      249.0   119.2    80.4   121.4   135.4   228.4   279.2   309.7   332.3   358.9   391.6   438.8   544.6   754.4  4886.5  81074.0    80752
read      258.4   107.2    74.4   138.3   155.2   252.7   287.8   308.1   323.2   341.3   365.6   403.4   485.3   668.0  6043.1  34940.0    35012
read      232.6    72.7   101.3   161.3   174.0   225.6   245.3   256.3   265.9   275.6   294.1   323.7   399.8   964.5  3828.9   8047.0     7936
read      230.8    57.5   101.3   160.2   174.4   225.4   244.6   255.1   264.4   273.7   289.5   316.6   375.6   953.5  1012.4   8664.0     8578
read      249.9   106.6    74.4   123.4   137.4   228.7   278.5   309.6   333.5   360.8   395.4   445.2   552.5   818.9  1502.2  89575.0    89696
read      225.3    94.6   101.3   154.0   165.6   214.5   233.5   245.1   253.1   264.0   276.6   306.7   442.7  1541.4  2870.4   5520.0     5569
read      254.2   146.5    80.4   144.3   161.9   247.5   276.2   293.2   306.9   323.0   344.7   377.2   455.3   684.6  7307.7  26379.0    26905
read      259.1   127.7    86.8   134.5   150.1   252.2   292.4   316.4   333.2   351.4   373.6   404.7   478.8   624.2  2758.1  41898.0    42389
read      246.1   111.4    80.4   120.7   134.0   226.2   277.0   306.8   329.8   355.7   387.3   433.4   536.8   706.1  2291.7  84324.0    84689
read      256.0   115.8    80.4   125.0   139.1   241.1   290.5   318.0   338.0   361.0   389.9   432.0   544.0  1114.8  2273.0  59183.0    59305
read      254.3    88.7    80.4   130.8   146.1   247.4   288.2   312.2   329.7   348.5   371.4   406.6   490.7   606.8  1215.9  44232.0    44512
read      255.2   105.5    74.4   124.6   139.3   236.0   289.1   320.8   343.3   368.6   399.4   443.8   543.3   729.6  1322.3  72443.0    72395
read      251.7   121.3    74.4   122.8   136.4   231.4   284.3   315.3   338.3   363.6   394.1   437.9   538.9   850.0  3053.6  74913.0    74619
read      249.7   113.9    80.4   122.6   136.5   233.0   283.2   312.4   334.2   358.4   387.8   431.7   521.2   701.8  1789.6  67578.0    67302
read      255.1    96.6    80.4   127.2   141.3   243.3   291.7   319.4   338.9   360.9   387.8   426.6   503.9   631.8  1007.7  57411.0    57822
read      233.3   150.4    93.8   156.0   169.4   222.4   242.2   253.1   262.3   272.4   289.6   321.0   414.7  2261.9  6765.2   8234.0     8117
read      249.9   104.8    80.4   124.2   138.8   229.0   278.0   307.8   330.5   357.0   390.8   441.2   555.5   835.3  1526.6 105406.0   106178
read      251.2    84.6    86.8   144.4   161.8   247.1   275.0   292.0   304.8   319.7   340.3   369.9   438.4   738.7  2281.3  25368.0    25089
read      250.8   100.4    74.4   122.7   136.9   234.0   285.6   316.3   338.0   362.1   391.6   434.0   517.6   648.2  1324.0  68449.0    68848
read      259.6   132.1    80.4   127.8   142.0   235.3   287.0   318.3   342.3   370.0   405.8   461.0   600.5  1085.8  5711.3  98963.0    98941
read      254.0   103.3    80.4   124.4   138.6   234.8   287.4   318.2   341.0   367.1   398.9   445.9   545.2   688.7   923.6  78349.0    78157
read      270.3   149.3    74.4   128.0   142.6   239.8   293.4   327.1   351.8   381.5   421.9   490.6   786.6  1544.5  2437.4 110269.0   109857
read      273.7   177.2    74.4   130.2   145.5   243.8   296.8   330.6   355.2   384.7   423.2   485.1   708.0  1574.7  6346.3 108793.0   108875
read      246.1   103.7    80.4   121.4   135.2   225.6   276.0   305.8   328.7   355.5   388.6   435.8   537.7   762.7  1072.5  87113.0    86646
read      247.2   106.8    80.4   121.2   135.0   226.4   277.0   306.2   329.3   356.8   390.9   438.2   544.1   817.8  1930.7  83283.0    83239
read      257.1    98.6    74.4   129.2   143.9   246.9   291.3   317.5   336.8   358.2   384.7   426.4   523.4   672.3  1381.3  50964.0    51061
read      253.7   105.7    74.4   124.3   138.6   232.7   284.5   316.0   339.8   367.0   399.9   450.8   565.2   740.1  1166.5  89957.0    89906
read      259.3   143.6    80.4   127.4   142.0   244.0   290.5   318.4   338.4   361.3   389.5   430.9   532.6  1943.5  6304.0  56566.0    56601
read      254.8   105.0    74.4   123.6   138.1   236.4   287.4   317.2   340.3   367.2   399.6   448.3   558.7   723.5  1383.5  70790.0    71203
read      255.6   123.9    74.4   123.8   138.2   230.9   282.8   315.8   340.4   368.4   403.5   458.5   609.6  1044.3  3094.8  95736.0    95942
read      252.2   104.2    74.4   123.0   137.4   234.7   286.7   316.8   338.5   363.7   395.0   438.8   532.3   678.6  1136.0  71924.0    71622
read      249.6   110.4    74.4   121.6   135.8   226.8   277.6   308.6   332.0   359.8   394.6   448.7   579.7   827.3  1730.5  97279.0    97182
read      253.7    89.9    86.8   144.4   161.6   249.9   278.0   294.8   308.2   323.1   343.7   374.1   462.2   888.8  3646.5  27690.0    27718
read      261.7    93.7    74.4   133.3   149.5   253.8   296.7   322.5   340.6   360.9   385.4   423.4   516.6   656.4   993.8  46657.0    46519
read      250.9   105.0    80.4   123.5   137.3   230.4   282.4   312.9   336.4   362.9   395.8   444.6   544.1   752.9  1208.6  83640.0    83197
read      252.2   134.9    80.4   123.5   137.9   231.9   283.4   314.6   337.7   363.6   394.9   440.0   541.6   709.6  5550.2  78777.0    79080
read      253.7   111.6    80.4   123.8   138.1   235.1   287.3   318.5   341.5   366.2   396.8   440.4   531.5   709.0  3703.6  69512.0    69401
read      260.8   112.0    80.4   132.4   148.5   250.7   294.4   320.6   338.6   359.1   384.7   424.0   507.3   704.7  4306.5  45579.0    45684
read      247.8    87.8    93.8   154.4   172.5   242.8   266.8   280.3   291.6   306.4   326.7   359.2   424.8   589.3  3132.2  18354.0    18120
read      253.0   129.2    86.8   150.0   167.2   243.6   270.7   286.5   297.4   314.0   334.9   366.6   453.2  1882.4  2965.5  21230.0    21245
read      268.6   106.1    86.8   136.4   153.1   258.3   299.5   324.7   342.0   363.1   390.9   435.7   566.8   886.2  2582.4  39192.0    39039
read      253.2   105.4    80.4   122.6   136.8   235.7   287.3   317.0   339.0   363.5   394.5   440.8   545.5   729.0  1347.3  67575.0    67458
read      257.9    99.6    80.4   132.8   148.2   250.5   290.5   313.9   331.0   350.0   373.5   413.3   504.6   675.6  3541.3  42753.0    42773
read      254.9    77.1    86.8   151.0   169.1   247.9   274.2   290.7   303.7   320.5   343.0   380.2   487.0   794.0  1232.6  20720.0    20690
read      255.9   103.9    80.4   124.5   139.0   239.8   291.0   320.2   340.9   365.1   395.6   440.9   549.0   735.7  1138.2  62829.0    63440
read      259.7   104.0    80.4   133.4   149.3   252.9   293.2   316.7   333.4   351.9   374.6   414.3   495.9   632.2  3610.4  41427.0    41615
read      256.7   119.6    74.4   124.9   139.1   232.8   284.6   316.2   340.3   368.2   403.3   461.1   611.3  1034.6  2256.6  96770.0    97229
read      256.0   114.5    80.4   126.6   140.3   233.7   286.6   318.4   342.6   370.0   402.8   453.4   559.0   787.4  3851.2  86534.0    86249
read      250.0    64.7    93.8   150.8   168.2   247.3   272.9   287.9   298.1   314.0   332.9   361.9   429.4   542.3   978.1  20821.0    20807
read      260.4   140.4    86.8   146.1   164.0   254.5   284.4   302.2   315.3   331.0   349.9   382.5   469.5   988.2  7051.2  26066.0    26130
read      258.2    89.3    80.4   141.5   158.9   253.8   286.5   305.6   320.1   338.9   361.9   395.7   464.3   631.7  2194.7  30312.0    30510
read      261.7    99.2    80.4   134.0   149.4   254.3   296.6   321.6   338.4   357.9   382.8   421.9   507.0   652.6  2625.7  44167.0    43868
read      260.8   120.3    74.4   128.2   142.9   247.8   295.5   325.1   345.1   368.0   396.8   436.8   527.8   723.8  3739.7  55427.0    55324
read      253.3    71.3    93.8   151.5   169.5   249.0   274.8   291.3   303.6   318.6   339.0   370.8   444.5   718.8  1185.7  20632.0    20437
read      234.8    78.8    93.8   159.2   174.6   227.8   247.7   259.0   268.1   278.4   294.2   322.0   417.2   950.4  3784.0   9537.0     9548
read      237.2    90.8    86.8   156.3   173.1   230.3   252.3   265.0   273.4   285.5   300.2   329.2   401.7   990.8  2005.2  12094.0    12101
read      252.6   106.7    74.4   122.5   136.8   234.1   287.4   318.5   340.1   365.1   395.3   439.2   534.3   700.2  1492.2  71763.0    72073
read      255.7   102.9    93.8   150.8   168.2   248.4   274.7   291.1   303.2   318.3   339.5   371.7   471.4  1342.6  3380.7  21275.0    21310
read      244.1   102.6    80.4   119.7   133.3   223.0   273.5   303.4   326.6   353.7   387.4   436.1   540.4   736.8  1417.6  90197.0    90755
read      258.9    99.7    74.4   129.0   144.2   248.6   294.9   321.4   340.4   361.5   387.6   427.4   519.6   764.7  1813.5  50728.0    51252
read      259.2   106.2    80.4   128.2   142.8   247.7   294.9   323.3   343.0   365.0   392.2   433.1   525.4   670.2  1221.5  53047.0    53070
read      260.5    97.3    80.4   130.2   145.7   251.7   295.7   322.4   341.3   362.8   389.2   428.6   521.6   695.1  1339.4  48221.0    48181
read      243.7   124.6    74.4   120.3   133.9   222.3   272.0   301.1   323.3   349.6   383.4   431.5   529.6   836.4  5553.3  97494.0    97336
read      250.4   113.0    74.4   122.4   136.5   228.4   279.4   310.5   334.3   361.7   395.5   445.7   555.7   862.7  2425.9  91543.0    91976
read      250.0   105.2    74.4   122.7   136.8   228.4   280.4   311.6   335.0   362.2   396.2   445.3   548.0   729.9  1442.0  94902.0    94742
read      254.9   115.4    80.4   124.4   138.6   237.1   288.8   317.8   339.9   364.9   395.2   438.0   533.7   808.6  3527.0  66100.0    66079
read      250.5   108.0    74.4   122.3   135.9   230.7   282.4   313.3   337.0   363.9   396.5   444.3   544.5   709.9   842.1  78848.0    79328
read      261.2   117.6    80.4   130.8   146.6   251.4   295.3   320.5   338.7   359.4   385.0   425.3   508.3   916.6  3044.3  45690.0    45235
read      256.4   114.0    80.4   136.4   153.5   251.8   286.7   306.3   321.1   339.7   363.1   396.5   465.6   581.0  6218.5  35208.0    35310
read      257.7   153.7    80.4   123.1   137.6   233.5   286.2   318.0   342.3   369.1   402.3   455.0   575.4  1407.6  4678.5  76070.0    76589
read      271.8   152.1    80.4   130.1   145.3   244.0   296.1   329.6   354.8   384.4   422.9   484.9   674.6  2389.1  3357.9 107312.0   107175
read      250.7   104.9    74.4   122.2   135.9   230.5   281.9   313.0   336.3   363.1   397.4   445.3   554.4   734.5  1111.8  78705.0    78127
read      238.6    94.6    93.8   154.4   170.8   233.0   254.7   267.0   274.7   288.0   305.0   334.5   402.5   929.6  5400.6  13382.0    13331
read      254.7   102.0    80.4   126.6   140.4   240.5   289.2   318.2   338.5   361.4   390.3   433.2   530.3   692.7  1237.6  59656.0    59382
read      249.4   106.2    74.4   122.2   135.7   227.9   279.3   310.0   334.0   361.5   395.4   446.8   560.5   746.7  1062.5  87226.0    87477
read      252.2   131.2    80.4   123.0   136.9   229.8   281.0   312.1   335.7   362.9   396.4   446.4   558.9   870.4  5304.2  91705.0    92020
read      256.1   110.9    80.4   125.7   140.1   234.1   285.3   316.3   339.8   366.8   401.5   456.3   585.6   841.4  1335.9 109379.0   109297
read      265.1   155.1    74.4   132.1   148.2   254.2   294.2   318.7   336.6   356.6   381.1   421.6   547.9  1463.6  6075.8  42208.0    42293
read      258.2    96.5    80.4   128.3   142.8   247.5   294.2   321.9   341.3   363.2   390.5   430.5   517.2   629.5   794.1  52462.0    52962
read      252.0    98.4    80.4   146.1   164.0   246.1   273.4   290.1   302.5   318.0   338.5   368.7   451.1  1017.3  3747.0  23295.0    23492
read      237.6    59.6    93.8   157.3   172.6   232.8   253.9   266.0   273.8   286.7   303.8   332.8   400.6   877.9  1427.1  12630.0    12594
read      254.0   108.8    74.4   123.1   137.4   235.7   288.2   318.8   341.2   366.5   397.8   445.4   544.7   713.0  1689.2  68824.0    69120
read      255.7   106.6    80.4   126.5   141.0   242.6   291.5   319.1   338.7   361.3   389.7   430.4   517.2   658.7  2651.4  57483.0    57144
read      258.8   105.4    80.4   126.7   141.2   245.7   295.0   323.2   343.6   366.7   395.9   437.9   529.4   687.0  2087.0  56923.0    57232
read      256.7   131.0    80.4   123.9   138.1   236.1   288.7   319.8   342.5   368.5   400.2   445.8   547.8  1523.9  3274.3  71852.0    71593
read      261.0    93.4    86.8   133.7   150.2   254.8   295.5   320.2   337.1   355.9   378.3   415.5   493.4   627.1  1676.3  40815.0    40799
read      258.2    81.7    86.8   143.4   160.7   254.5   286.9   305.8   320.0   338.0   359.4   389.7   462.5   623.0  1020.4  29812.0    29614
read      261.4   127.3    80.4   128.9   143.3   236.7   288.6   320.7   344.3   371.5   405.8   462.9   609.8  1328.2  2578.7 106216.0   106611
read      259.2    95.9    80.4   130.3   145.0   249.7   295.0   321.3   340.6   362.7   389.9   429.5   502.9   626.3  1916.3  49936.0    50009
read      259.5    93.2    80.4   132.1   147.2   251.2   294.3   320.3   337.9   358.2   383.9   423.4   507.0   687.6  1013.2  47604.0    47727
read      243.0    78.0    86.8   155.5   172.3   238.0   261.1   272.9   283.5   295.8   315.7   343.4   404.2   653.0  3103.7  15364.0    15204
read      261.2    99.3    74.4   130.1   144.8   250.8   297.5   326.5   345.0   366.1   392.5   433.3   525.2   654.0  1044.9  50430.0    50703
read      258.7   134.7    80.4   125.8   140.3   243.4   293.0   323.7   344.8   368.8   398.5   438.6   527.9   690.6  6197.0  61037.0    60979
read      264.9   148.7    80.4   137.1   153.6   257.2   295.6   319.3   335.9   354.4   377.5   415.5   506.2   776.2  7931.0  37266.0    37662
read      245.7    61.0    86.8   153.9   171.7   242.5   266.1   278.8   290.0   303.6   322.2   349.8   416.6   503.7  1001.7  16845.0    16932
read      252.0   125.1    80.4   122.9   137.2   228.7   279.5   310.3   333.5   360.9   396.3   452.8   583.6   965.6  5237.5  99427.0   100183
read      262.1   140.5    80.4   125.6   140.2   240.8   293.8   327.0   349.6   374.6   407.8   460.0   579.9  1179.5  5156.8  69324.0    69175
read      255.7    75.6    93.8   144.5   162.6   253.5   282.6   298.3   312.5   328.6   348.4   381.1   462.8   605.2  1004.1  27861.0    27515
read      252.6   114.5    80.4   125.4   139.7   230.0   280.0   310.3   333.8   361.3   395.0   447.7   573.5   911.4  2521.1 106475.0   106411
read      260.5   133.1    74.4   129.0   144.1   248.1   293.2   318.9   337.1   358.3   386.2   429.6   532.0  1568.7  4083.9  49621.0    49629
read      260.6   108.5    80.4   126.6   141.2   243.7   295.6   327.1   348.1   373.0   402.4   450.3   554.1   809.2  2691.8  63860.0    63537
read      259.5   113.9    80.4   127.3   141.2   236.5   289.6   322.7   346.7   374.8   409.9   460.8   585.0   908.6  1893.7  87949.0    88081
read      258.0   105.0    80.4   128.2   142.8   245.8   294.1   321.2   341.1   363.1   390.7   430.0   517.1   725.4  1435.1  55592.0    55527
read      256.2   103.6    80.4   125.5   139.9   238.1   291.0   322.1   344.0   369.2   400.1   444.6   538.1   686.6  1748.4  69211.0    69558
read      257.0    99.6    80.4   127.6   141.5   242.9   292.6   321.7   344.1   368.3   396.8   435.4   524.5   650.0  1082.9  60732.0    60702
read      238.8    71.0   101.3   156.1   171.8   233.7   256.1   268.9   277.8   290.3   307.6   336.6   391.8   915.8  1982.8  13583.0    13487
read      257.5   103.5    80.4   126.9   141.1   240.1   292.8   323.8   345.8   370.3   399.9   444.0   534.2   694.1  1631.2  66685.0    67037
read      243.4   135.0   101.3   165.4   179.1   232.3   252.2   264.0   271.9   283.7   299.4   333.3   427.6  2312.9  7069.7   8357.0     8281
read      263.6    86.4    86.8   145.1   161.5   259.6   295.0   315.8   330.6   346.4   368.4   400.6   476.9   619.4  3025.2  34585.0    34986
read      258.2   142.9    80.4   125.6   139.7   233.7   286.8   319.3   343.0   369.5   401.9   452.8   583.2  1790.1  2954.9  82205.0    82336
read      258.9   108.1    80.4   128.6   143.3   237.1   288.5   319.8   343.7   371.1   404.9   457.7   576.3   835.6  1383.6 101281.0   101465
read      256.7   110.1    80.4   126.2   140.5   235.0   288.1   319.7   343.2   369.1   401.9   453.2   569.8   834.1  1307.7  82931.0    82733
read      264.7   106.9    74.4   137.2   152.8   256.7   298.7   323.1   340.6   360.9   385.7   422.8   504.5   743.6  2333.8  44768.0    44752
read      252.0   108.7    74.4   126.2   140.4   229.9   279.9   309.8   333.5   361.0   394.7   445.4   561.8   913.5  1485.3 104263.0   104681
read      263.6    96.6    80.4   134.1   148.8   252.7   300.4   328.4   347.7   369.3   395.6   433.0   509.0   657.1  1004.1  53931.0    53872
read      256.5   153.0    74.4   125.0   139.3   232.3   283.1   313.7   337.8   365.3   398.6   449.5   562.9  1812.3  5504.3  87691.0    87376
read      253.9   102.5    80.4   125.1   139.8   236.7   288.5   318.5   340.4   364.5   393.9   435.2   533.5   680.0  2017.3  71293.0    70834
read      250.7   108.4    74.4   122.8   137.0   228.7   280.2   310.5   334.0   362.1   396.0   445.5   564.8   877.3  1914.5  86727.0    86701
read      259.6   102.6    80.4   130.7   145.5   248.3   296.0   322.7   341.6   363.6   391.2   431.6   507.3   671.3  1990.1  56195.0    56054
read      250.1   116.3    74.4   124.2   138.5   225.8   274.6   303.8   326.8   354.5   390.4   446.1   598.4  1177.8  2030.7 106845.0   106733
read      230.9    71.2   101.3   163.7   176.5   223.5   241.8   252.2   260.8   270.8   286.3   314.6   398.6   936.9  3318.6   6659.0     6476
read      267.8   110.9    80.4   144.8   162.4   261.4   297.1   319.4   335.5   353.1   373.2   408.2   487.4   881.3  4014.6  33779.0    33857
read      253.7   173.3    93.8   159.9   176.3   241.9   265.5   278.6   290.1   304.1   323.4   359.1   433.1  3491.7  7202.0  15987.0    15953
read      261.7    88.3    86.8   136.2   152.2   256.7   296.0   319.6   336.7   355.8   379.2   415.4   490.8   604.2   941.5  41097.0    41252
read      253.0   102.9    80.4   124.3   138.3   233.9   286.5   317.8   341.4   366.7   397.0   442.4   544.0   692.9   966.4  76960.0    76853
read      258.4    89.2    86.8   141.1   157.9   254.1   288.1   307.0   320.6   338.8   361.5   396.3   478.0   668.7  1863.2  33254.0    32962
read      247.2   116.5    74.4   121.1   134.8   226.5   277.8   308.8   331.5   357.2   389.3   434.7   528.6   723.8  3954.1  83895.0    83564
read      260.3   102.3    86.8   132.6   147.7   252.0   295.4   320.9   339.3   359.4   383.4   420.5   504.8   653.1  3086.8  46439.0    46260
read      259.0    93.1    80.4   132.2   147.2   251.9   294.7   319.9   337.9   358.3   383.2   419.3   496.1   628.6  1986.9  46621.0    46426
read      261.2   131.8    80.4   127.8   141.9   235.8   288.0   319.6   343.6   370.8   405.9   462.9   632.8  1475.9  2816.0  99866.0   100015
read      256.4   128.5    74.4   124.2   138.4   232.8   284.6   315.1   338.8   366.3   400.1   454.2   591.0  1464.4  2681.5  78021.0    78102
read      254.8    74.5    93.8   149.2   165.7   251.2   278.4   294.5   308.0   323.4   343.7   377.7   455.5   584.1  1170.2  24144.0    24168
read      251.7    82.0    86.8   145.5   163.1   248.0   275.4   291.9   304.7   320.3   341.0   373.0   450.8   635.3  1954.9  25430.0    25529
read      245.3    80.1   101.3   156.2   174.1   240.8   264.4   276.9   288.0   300.3   318.8   347.2   404.9   611.7  1315.2  16918.0    17342
read      252.9   103.4    80.4   123.5   137.8   234.9   287.3   317.7   340.6   365.5   396.4   437.5   531.8   696.6  1346.5  71607.0    71657
read      255.9   111.9    80.4   126.3   140.8   240.6   290.8   320.0   340.9   364.1   391.9   432.9   524.3   680.7  5131.4  59653.0    59805
read      256.1    96.1    80.4   128.1   142.3   244.4   292.2   320.2   339.7   361.8   388.8   428.6   512.9   633.5   890.1  55265.0    55558
read      257.2   118.5    80.4   124.0   138.1   234.4   288.2   320.2   344.0   370.8   403.8   454.9   584.1  1248.7  2453.2  79223.0    79251
read      246.6   313.8    93.8   159.8   173.8   226.5   247.0   258.3   267.0   276.0   293.0   321.2   422.8  7125.0  9553.5   9210.0     9123
read      266.3   155.6    74.4   128.9   143.5   237.8   290.5   322.7   346.5   375.1   413.5   471.9   664.8  2407.0  4210.0 108750.0   109516
read      258.5    87.8    74.4   133.6   149.3   254.4   293.0   316.0   332.2   349.5   372.2   406.8   487.7   624.6  1247.5  41356.0    41153
read      258.4   115.3    80.4   126.6   140.9   234.9   287.6   318.9   342.6   370.1   404.9   458.9   608.2   979.3  1826.3  98545.0    98946
read      259.1   126.9    80.4   127.5   142.0   245.8   293.9   323.5   343.3   366.3   394.0   432.7   521.0   743.7  2146.0  56501.0    56315
read      259.3   152.7    80.4   124.2   138.6   232.4   285.2   317.8   342.4   370.5   405.7   459.8   607.3  1973.9  3485.3  92751.0    92525
read      251.0   103.3    74.4   122.9   137.2   230.7   284.1   314.7   337.7   364.1   395.5   438.6   538.4   721.4  1335.7  79845.0    79997
read      260.2    98.4    80.4   131.0   146.5   251.5   295.3   320.5   339.1   360.3   386.1   424.8   517.6   750.0  1919.8  48763.0    48998
read      255.1   102.1    80.4   124.8   139.1   238.3   290.1   320.6   341.9   366.8   397.6   442.4   538.5   686.9   964.6  67193.0    67260
read      251.3   112.7    74.4   122.8   136.8   229.3   280.5   311.5   334.9   362.5   397.3   448.9   564.7   922.7  2132.7  88229.0    88431
read      254.8    94.4    80.4   129.2   143.8   246.3   290.8   316.2   334.4   354.5   378.7   415.8   491.8   619.4  1672.1  51464.0    51359
read      255.5   100.6    74.4   126.2   140.3   241.1   291.0   320.9   341.1   364.4   392.2   432.7   518.3   716.9  1615.9  60166.0    60398
read      259.9    88.1    80.4   135.5   151.4   254.6   294.1   317.2   333.7   352.2   374.5   410.5   491.7   652.8   807.0  41834.0    41854
read      252.5    88.7    86.8   148.3   165.7   248.3   275.1   291.4   303.7   318.8   339.0   370.8   444.1   637.8  3579.7  23628.0    23797
read      256.6   162.1    80.4   124.5   138.6   233.6   286.3   318.0   341.0   367.6   399.4   449.4   560.1   941.2  5963.3  83475.0    83091
read      251.3   104.1    80.4   122.4   136.3   231.6   284.5   315.0   337.8   363.7   396.0   443.8   545.5   709.2  1194.6  78079.0    78319
read      246.7   105.1    74.4   122.6   136.2   225.6   275.7   305.8   328.9   355.5   389.0   436.8   544.5   742.2  1401.0 101979.0   101978
read      252.5   110.0    74.4   124.9   139.1   230.5   281.6   313.2   336.8   363.9   398.0   447.7   554.4   813.4  3001.6  98143.0    97985
read      250.3   131.8    74.4   122.4   136.1   228.4   280.2   311.2   334.9   361.8   394.4   438.2   542.3   824.9  4347.8  83041.0    82850
read      249.9   137.5    93.8   145.4   162.2   246.7   273.5   289.6   301.2   315.9   334.8   363.5   425.8   571.7  3370.0  24671.0    24622
read      244.9   110.8    74.4   121.3   135.1   223.4   272.9   302.5   325.1   351.6   385.6   433.4   537.1   798.8  3631.9  99893.0    99932
read      259.1   141.2    80.4   131.6   147.2   249.1   292.0   314.8   331.2   349.6   374.7   412.5   500.3  1435.0  3873.8  46560.0    46761
read      257.8    98.6    74.4   128.4   142.5   245.1   293.4   322.1   341.4   363.1   390.6   431.5   521.1   737.8  1139.6  56638.0    56274
read      252.4    70.6    86.8   148.1   165.2   249.7   277.4   292.6   304.5   318.8   339.1   369.6   436.3   606.6  1080.1  24985.0    24750
read      261.4   127.9    80.4   132.2   147.3   252.2   295.4   320.3   338.2   358.7   384.5   424.0   507.9   879.3  7573.2  46937.0    46988
read      256.4   155.3    80.4   124.7   138.6   230.6   282.9   314.2   338.3   366.5   401.5   456.8   592.0  1100.4  5528.7  96008.0    96633
read      260.2   128.7    80.4   141.1   158.3   255.2   287.5   305.9   319.5   337.5   359.9   394.4   471.7   738.4  5107.0  32907.0    32524
read      249.9   118.5    80.4   123.4   137.1   227.9   280.1   310.8   334.5   361.2   393.8   440.2   541.1   738.4  3156.0  82725.0    82709
read      259.0   102.5    80.4   128.1   141.7   243.0   295.6   327.2   347.4   371.1   400.0   441.8   533.3   692.0  1180.6  64458.0    64734
read      261.8    99.0    80.4   135.0   150.0   254.7   296.6   321.0   338.9   359.5   384.5   420.9   500.6   625.8  3110.1  45099.0    44841
read      249.9    77.2    80.4   147.1   164.8   247.3   273.2   288.8   299.8   314.3   333.2   361.2   424.9   918.8  2143.3  23465.0    23220
read      256.7    99.6    80.4   128.7   143.1   246.5   292.8   320.3   338.9   360.1   386.0   424.1   503.0   637.0  1568.3  52162.0    52173
read      250.5   104.7    74.4   122.7   136.6   229.6   281.2   312.3   335.5   362.3   395.6   444.7   554.0   762.3  1009.2  87971.0    87894
read      257.2    98.7    74.4   127.4   141.6   243.9   293.7   322.7   342.8   365.7   394.3   433.5   519.1   678.9   973.2  56052.0    55637
read      253.8    80.9    74.4   139.7   156.4   249.9   282.2   300.5   315.2   332.8   354.3   386.5   456.9   648.8  1608.8  31351.0    31153
read      254.3    85.6    80.4   140.0   156.6   250.1   281.8   300.5   315.1   332.0   352.9   386.9   468.2   749.8  2471.0  29957.0    30053
read      244.1    65.3    86.8   148.9   165.9   240.5   265.6   279.2   290.7   304.9   323.5   350.5   416.7   673.6  1183.6  20550.0    20489
read      255.0   105.3    86.8   137.8   153.6   249.3   283.4   303.3   318.3   335.9   358.2   394.2   468.2   724.5  4252.7  33322.0    33457
read      241.4    66.3    93.8   152.2   169.1   237.3   260.8   272.7   283.5   296.2   314.4   343.4   406.2   799.9  1928.9  17150.0    16922
read      258.1    96.1    80.4   130.6   145.6   249.8   293.2   318.1   335.7   355.9   382.1   422.9   508.4   643.8  1928.6  47171.0    47200
read      250.5   107.3    74.4   123.7   138.0   229.0   279.7   309.9   332.9   359.7   394.0   444.6   551.2   920.1  1644.9  95676.0    95934
read      259.1    97.8    80.4   133.9   149.8   252.6   292.4   315.5   331.8   349.5   372.9   412.3   503.9   649.0  2891.5  42842.0    42596
read      251.6   154.5    80.4   122.4   136.2   227.4   278.3   309.3   332.6   360.1   394.9   445.9   569.0  1204.3  6530.0  94668.0    94660
read      255.0    99.7    74.4   124.6   139.1   241.5   291.4   321.0   340.4   362.8   390.9   432.2   526.2   671.4  1103.6  59640.0    59804
read      257.9    89.5    80.4   136.0   151.6   252.6   290.4   312.4   328.5   346.3   370.1   403.3   471.0   604.9  2392.9  37299.0    37634
read      253.9   113.0    74.4   124.4   138.1   235.5   288.0   318.9   341.0   365.9   396.7   439.8   530.5   693.1  3499.9  68354.0    68516
read      250.4   103.1    80.4   123.2   137.2   230.1   282.1   312.4   335.4   362.8   396.8   444.4   539.5   691.6   886.2  86386.0    86478
read      251.8   113.3    74.4   124.0   138.3   229.5   280.4   311.8   335.5   363.1   398.0   448.8   557.6   816.5  3186.0 101575.0   101464
read      250.6   140.3    80.4   122.6   136.6   231.7   283.6   313.6   335.3   359.6   390.1   434.3   536.0   685.1  4335.5  71394.0    70660
read      290.1   264.0    74.4   125.5   140.5   239.9   295.9   331.3   358.1   391.7   435.7   534.0  1449.5  3129.8  8258.0 105398.0   105480
read      278.5   200.5    80.4   135.5   151.4   257.8   301.8   328.1   346.3   369.5   398.7   453.2   733.4  2410.6  7954.5  42251.0    41912
read      268.2   149.4    80.4   132.8   147.4   253.0   300.3   328.1   346.6   369.8   397.9   440.1   548.6  1850.3  4173.6  50607.0    50818
read      256.1   143.5    80.4   124.7   138.9   230.4   280.3   311.3   335.3   362.7   397.2   451.6   626.9  1677.6  2975.2  99505.0    99610
read      253.5   117.6    74.4   123.8   138.0   230.5   281.3   312.3   335.4   362.7   396.8   447.7   582.8  1232.7  1980.2  98775.0    99247
read      257.5   124.7    74.4   125.9   140.2   237.3   289.5   321.4   343.9   369.9   400.8   446.8   545.7   897.7  3612.3  72582.0    72793
read      262.0    93.3    80.4   140.5   156.9   258.0   293.6   315.3   330.8   347.0   369.7   404.1   472.2   590.3  1968.0  34562.0    34890
read      258.1    93.3    80.4   130.9   146.3   248.9   292.3   318.2   337.5   359.4   386.4   426.0   505.3   637.4   873.8  49916.0    49665
read      263.2   102.2    80.4   131.6   146.7   252.4   298.5   327.8   346.6   369.0   396.6   436.3   519.2   638.1  2309.7  51250.0    51276
read      258.5    84.7    86.8   143.2   160.4   254.1   286.2   305.9   320.8   338.5   360.8   395.0   473.8   640.0  1489.3  30707.0    30810
read      262.4    92.5    80.4   135.4   151.1   255.4   297.4   323.0   340.3   360.3   384.4   419.8   495.4   648.7  1578.3  42888.0    42632
read      256.9   107.7    80.4   126.3   140.4   238.4   291.4   322.8   344.2   369.3   400.0   446.4   543.0   737.7  1268.2  71279.0    71502
read      264.0   161.1    80.4   126.0   140.4   234.4   287.3   320.8   347.1   377.3   415.2   473.8   683.4  1529.1  5871.3  87597.0    87471
read      253.8   114.5    80.4   124.5   138.9   229.7   281.5   313.5   338.0   366.6   401.8   454.1   589.9   931.9  1360.2  95070.0    95450
read      264.0   133.1    80.4   129.4   143.9   239.4   290.7   322.3   346.4   375.9   413.4   467.6   617.2  1271.2  2758.0 102085.0   101882
read      257.9   126.2    80.4   127.3   141.2   241.7   293.2   322.7   342.9   366.5   395.2   436.6   532.4   735.8  2966.7  61173.0    61422
read      264.7    98.5    74.4   140.3   156.2   258.8   296.7   318.9   335.1   353.3   375.9   413.0   495.4   929.6  2502.6  36595.0    36550
read      255.4    70.8    86.8   155.0   173.6   250.9   276.9   293.5   306.7   321.9   340.8   369.4   440.1   685.6  1459.0  20306.0    20285
read      249.9   108.4    74.4   123.1   137.0   229.3   281.9   312.5   336.0   362.5   394.4   437.9   534.6   692.7  2993.9  79903.0    80275
read      251.9   111.1    80.4   124.7   138.9   230.2   280.8   311.4   334.2   361.3   395.7   446.5   554.4   916.0  1930.0  99546.0    99091
read      253.7   122.6    80.4   124.0   137.9   231.0   282.9   315.1   338.8   366.5   400.0   451.0   572.8   884.0  3049.0  90606.0    90849
read      259.3   130.3    74.4   129.3   144.3   247.0   293.7   320.9   340.0   362.2   390.1   430.2   510.4   665.8  4630.6  53481.0    53477
read      260.1   121.4    74.4   126.3   140.4   239.9   293.0   325.4   347.6   372.6   405.5   453.9   568.3   914.1  2331.9  67479.0    67190
read      259.3    98.7    80.4   128.7   143.3   246.5   295.5   324.2   344.1   367.6   394.7   433.7   519.8   655.2  1304.8  55867.0    55837
read      265.2   102.9    80.4   133.4   150.0   256.3   299.5   326.5   344.6   365.9   392.4   430.8   509.0   794.9  2813.5  44252.0    43938
read      254.2   120.3    74.4   123.1   137.6   234.1   287.1   318.6   341.5   367.6   398.8   443.8   542.7   821.4  3192.8  73288.0    73349
read      263.0    91.1    80.4   137.0   153.5   257.7   295.7   319.3   335.5   353.8   378.2   415.3   493.7   742.6  1728.3  38341.0    38158
read      256.7   100.7    74.4   126.9   140.9   240.5   292.3   323.8   344.3   368.4   397.2   437.7   522.9   649.1  1112.9  62923.0    62627
read      252.9    83.2    80.4   151.4   169.8   248.3   274.0   290.3   302.6   318.7   338.1   367.6   435.3   641.8  3860.4  21013.0    21095
read      261.2   107.2    80.4   132.1   148.0   254.5   295.7   321.8   339.4   359.5   383.9   419.7   496.1   622.4  3714.3  43953.0    43996
read      237.6    70.9   109.4   163.0   177.0   231.4   251.6   263.3   271.2   282.6   298.1   327.0   394.6   971.5  3019.5   8883.0     8918
read      250.8    70.5    86.8   154.5   172.7   245.9   272.2   287.9   298.7   313.9   332.2   360.1   425.7   762.7  1579.7  19312.0    19346
read      267.0   150.0    80.4   130.4   145.6   253.4   299.0   325.6   343.7   366.2   394.6   434.6   544.2  2483.5  3975.3  48329.0    48373
read      251.0   105.6    74.4   122.1   136.3   232.5   284.7   314.7   336.8   362.2   393.6   437.8   536.9   728.9  1276.0  72389.0    72207
read      261.3   108.4    80.4   128.2   142.7   246.9   295.8   326.0   345.7   369.6   398.0   444.9   550.3   729.4  1568.3  58110.0    57914
read      254.2   119.6    74.4   123.4   137.6   233.4   285.4   316.4   339.7   366.7   399.6   450.0   563.1   847.5  1427.9  78715.0    78645
read      233.8   125.4    93.8   161.1   173.6   224.1   244.1   254.7   263.8   273.0   290.7   319.8   403.2  1011.8  7164.5   6659.0     6581
read      255.8    94.4    86.8   145.2   163.2   250.4   280.4   298.5   313.2   330.1   350.7   381.9   451.7   849.4  4806.2  25491.0    25723
read      253.6    90.2    86.8   150.3   168.3   249.5   276.0   292.6   304.7   318.4   337.8   367.1   434.0   571.5  3616.1  22045.0    21861
read      257.4   112.0    80.4   126.6   140.7   235.7   287.1   317.9   341.1   368.0   402.3   454.9   572.1  1006.8  1727.6 102882.0   102729
read      249.7   115.7    93.8   159.7   176.8   242.9   266.4   279.5   290.7   304.5   322.8   350.9   413.5   984.6  5028.9  15270.0    15233
read      248.8   118.5    93.8   158.4   176.4   242.0   265.3   277.6   289.3   303.0   321.0   350.9   421.1   931.1  6712.4  15417.0    14904
read      262.1    99.3    80.4   131.9   147.7   254.5   297.7   323.0   340.6   361.0   386.5   424.8   504.4   711.5  3056.3  44073.0    44168
read      258.2    95.4    80.4   130.2   145.0   249.6   294.8   321.8   339.6   360.1   385.3   423.3   498.3   619.2  1090.8  49489.0    49750
read      249.7   111.7    74.4   124.2   138.2   227.5   276.9   307.0   330.2   358.4   393.9   443.4   551.9   920.6  2033.2 100720.0   100878
read      252.5   136.6    80.4   124.3   138.4   230.6   281.4   311.7   334.9   361.9   395.5   445.1   550.7   824.3  6802.1  93826.0    93330
read      252.3   109.2    74.4   123.4   137.5   232.3   283.8   315.0   338.4   365.6   398.5   444.8   538.9   717.0  1957.3  75818.0    75527
read      231.9    86.5    93.8   162.3   175.2   225.4   244.3   254.7   263.5   272.4   288.2   315.3   385.3   975.8  4874.0   6714.0     6637
read      256.9   129.2    80.4   148.7   167.1   250.2   278.3   295.4   309.2   324.5   343.6   372.8   431.7  1622.9  6652.8  22584.0    22677
read      253.5   101.7    74.4   123.7   137.8   235.9   288.3   319.8   341.4   366.0   396.6   441.8   531.5   674.3   969.2  69555.0    69399
read      236.0    83.1    86.8   159.6   174.1   228.9   249.0   260.5   269.2   280.0   295.9   324.5   416.3  1037.3  3790.4   9325.0     9465
read      250.6   115.0    74.4   122.1   136.0   230.4   281.5   312.7   336.0   362.6   394.9   442.2   540.1   717.4  3228.4  80622.0    81491
read      253.5   104.6    80.4   123.3   137.7   235.4   287.7   318.0   339.7   365.0   395.5   437.8   545.1   810.6  1081.9  68207.0    68604
read      248.2   103.3    74.4   122.0   135.9   228.1   279.3   308.9   331.9   358.8   391.3   437.9   538.4   751.5  1012.8  86445.0    86719
read      255.7    95.0    80.4   127.9   142.4   247.6   291.8   318.1   336.1   356.1   380.5   419.9   499.4   622.6  1434.3  48309.0    48219
read      245.1   118.8    74.4   121.5   135.4   223.7   272.6   302.6   325.5   350.4   383.4   434.0   541.9   788.3  3522.6 105444.0   105020
read      247.2   105.1    68.9   120.5   134.1   228.2   279.3   310.0   333.0   358.7   390.4   436.0   532.7   679.8  1287.3  78895.0    79027
read      262.1   105.6    80.4   140.0   156.4   258.4   294.4   315.4   330.1   345.8   367.7   400.1   475.2   584.6  3398.4  33573.0    33669
read      236.5   122.3    93.8   162.0   175.4   229.1   248.8   259.8   268.1   277.7   296.1   325.6   395.3   994.6  7279.0   9215.0     9087
read      256.4    84.0    86.8   141.9   160.0   252.5   284.5   303.1   317.5   333.5   352.1   385.1   461.4   671.4  2232.4  28147.0    28486
read      258.4    95.3    80.4   136.1   152.3   253.7   291.1   312.9   328.7   346.4   369.4   402.3   470.9   590.8  1935.3  36731.0    36839
read      258.3   158.9    74.4   130.7   146.1   249.0   291.1   316.9   335.6   355.9   379.6   416.8   491.2   628.3 10440.5  46283.0    46303
read      256.1    99.9    80.4   141.7   158.9   251.7   283.5   301.4   315.6   332.5   352.6   381.1   456.4  1264.0  2119.8  29618.0    29630
read      258.4   101.9    80.4   127.6   142.1   243.9   293.4   323.5   344.6   368.6   397.5   437.8   525.2   733.5  1580.7  59077.0    58735
read      244.6    84.9    86.8   154.6   172.3   238.9   263.2   275.3   286.8   298.9   317.2   345.9   421.8   897.4  4832.1  15634.0    15717
read      257.4   108.2    80.4   127.7   141.6   245.4   293.7   321.7   341.3   363.5   390.6   429.3   506.1   690.1  3802.5  54619.0    54660
read      245.4   100.7    74.4   122.7   136.5   224.7   274.2   303.4   325.8   352.6   387.2   434.5   538.0   732.7   937.0 100334.0   100453
read      252.6   105.2    80.4   124.1   138.2   231.5   283.7   314.8   338.4   366.4   400.5   449.0   545.9   745.9  1096.4  83931.0    84114
read      259.2   100.7    86.8   130.3   145.7   250.2   295.7   322.0   339.3   359.6   385.8   425.4   500.9   617.0  2340.9  47924.0    47655
read      250.4   105.2    80.4   121.8   135.9   232.7   284.5   315.1   337.1   362.4   392.9   436.3   526.8   648.3   964.8  71505.0    71572
read      256.1   121.3    74.4   126.1   140.2   232.5   283.5   314.3   338.2   367.2   402.6   456.7   585.8  1089.1  2104.2  96901.0    97243
read      262.1   110.0    80.4   130.6   145.7   241.1   291.2   322.2   345.4   372.4   406.2   459.6   585.1   973.3  1557.7 109763.0   109600
read      253.1   110.9    74.4   124.3   138.7   230.4   280.6   311.6   335.4   363.6   398.3   451.2   584.3   891.4  1398.6  97766.0    97814
read      259.3    98.7    80.4   130.2   145.5   250.4   294.2   319.5   338.4   359.6   385.8   425.3   507.7   793.9  1311.9  47241.0    46973
read      261.8   168.2    74.4   128.5   142.8   247.6   296.1   323.9   342.8   364.7   392.1   432.5   527.6   731.0  7410.7  52495.0    52430
read      235.7   114.5    93.8   160.7   174.1   226.9   247.6   259.1   267.9   278.0   294.8   322.9   394.2  1064.7  5038.0   7192.0     7146
read      252.2   103.2    74.4   123.4   137.7   236.3   286.6   316.1   338.1   362.7   392.5   434.0   514.8   689.4  1427.4  64031.0    64613
read      228.3    51.6    93.8   156.8   170.0   223.1   243.9   255.6   264.9   274.3   291.3   317.9   377.8   500.2  1115.8   8258.0     8185
read      256.0   142.5    80.4   123.5   137.9   231.2   282.3   313.2   337.7   366.3   401.4   457.9   596.4  1421.4  3465.3  90826.0    91736
read      256.4   111.3    80.4   127.9   142.4   246.6   292.1   318.1   336.6   357.9   384.5   422.2   498.2   622.0  3751.7  50657.0    50530
read      255.4   115.3    80.4   125.0   139.4   233.0   283.9   315.2   338.7   366.5   401.1   453.6   573.2  1055.1  2566.9  99677.0    99806
read      250.1    73.9    86.8   146.1   163.7   246.0   273.8   291.1   303.8   318.6   338.2   368.1   428.8   549.3  2090.6  23397.0    23088
read      259.3   122.4    86.8   134.0   150.0   253.2   291.8   315.1   331.8   350.1   372.9   407.9   485.1   700.0  8146.8  39528.0    39498
read      227.9    85.7    86.8   157.1   170.5   220.1   239.4   250.7   259.2   269.8   285.2   314.4   392.8   941.5  4160.3   7278.0     7321
read      253.7   106.6    74.4   123.5   137.4   235.0   286.6   317.6   340.5   367.0   399.4   446.2   537.3   737.0  1538.9  69541.0    70463
read      255.5   106.8    80.4   127.2   141.4   243.7   291.1   317.6   337.9   361.3   389.1   427.5   502.0   633.7  1592.8  56029.0    55826
read      251.4   102.6    74.4   122.7   136.8   234.4   285.2   315.2   337.1   362.4   393.6   436.3   531.0   666.1  1240.2  68239.0    68597
read      255.1   118.3    80.4   123.9   138.1   232.3   283.9   315.8   339.4   367.4   402.1   455.8   581.6   987.7  2599.8  83381.0    83723
read      250.9   115.1    80.4   123.5   137.4   229.3   278.9   309.9   333.7   361.3   396.4   448.9   554.4   817.6  3280.1  94445.0    93939
read      238.8   143.9    93.8   157.4   172.9   230.4   251.4   263.5   271.7   283.7   299.9   329.8   400.9   991.3  5971.2  11024.0    10956
read      258.3    99.8    74.4   129.6   145.4   250.4   291.8   317.4   335.4   355.6   381.1   420.5   504.1   650.0  2092.7  43146.0    43150
read      254.2   107.9    74.4   123.4   137.7   239.5   289.3   317.1   337.1   360.8   391.2   435.3   531.3   746.2  2563.6  60349.0    61224
read      255.9   112.0    80.4   123.0   137.6   236.8   289.1   320.1   342.9   368.8   400.8   449.3   565.5   814.7  2262.1  72284.0    72370
read      259.3   126.6    74.4   123.3   137.8   235.6   288.2   320.3   343.9   372.0   406.8   461.8   617.5  1539.9  2488.0  74570.0    75062
read      255.4   110.9    74.4   123.3   137.8   238.4   290.6   320.5   342.0   367.4   398.9   443.7   544.3   729.2  1221.3  66199.0    66006
read      256.2   132.7    80.4   126.2   140.5   233.3   283.5   313.9   337.3   365.3   401.2   455.8   576.1   990.3  3470.5 103922.0   103596
read      251.8   109.5    80.4   122.7   136.6   229.8   281.4   312.6   336.4   364.5   399.5   452.7   565.3   793.6  1912.4  91215.0    92033
read      232.5    62.4   101.3   156.4   169.7   227.5   248.0   259.7   268.7   279.7   296.3   326.9   390.9   724.9  1611.7  10433.0    10484
read      249.4   114.0    74.4   123.0   137.2   227.1   276.0   305.9   328.8   356.4   391.8   444.3   569.6   966.2  2542.1 101249.0   101797
read      251.0   104.6    74.4   123.0   137.6   230.7   281.2   311.1   334.1   361.3   396.4   446.4   552.5   727.2  1220.3  93246.0    93004
read      258.1   111.8    74.4   126.5   141.0   244.6   293.3   321.5   341.5   365.6   394.5   435.0   530.2   730.7  3361.9  54913.0    55072
read      261.2   115.9    80.4   128.7   143.0   239.1   291.2   323.5   346.9   375.4   411.0   463.2   579.2   825.0  2170.1  97285.0    97279
read      251.5   106.9    74.4   122.4   136.3   231.6   283.9   314.1   336.8   363.2   396.5   443.3   545.0   828.0  1553.2  81929.0    82336
read      248.9   110.9    74.4   120.9   134.8   226.9   276.9   307.8   331.5   359.0   394.0   445.9   571.0   859.3  1982.4  94421.0    94577
read      250.2    70.8    86.8   143.6   161.2   246.9   275.1   291.8   304.8   320.5   341.4   372.4   434.7   546.2  1080.0  25002.0    25009
read      258.1   172.7    74.4   126.0   140.3   235.2   285.4   316.0   339.5   368.0   403.5   457.3   570.8   956.8  5820.4  98293.0    98952
read      253.0   101.3    80.4   125.1   139.2   237.9   286.5   314.7   335.9   360.5   391.7   434.4   515.5   669.2  1952.6  62333.0    62113
read      248.9   105.4    74.4   122.5   136.0   227.2   278.1   308.9   332.4   360.4   395.2   445.5   546.8   750.5  1599.7  90020.0    90099
read      254.0   102.0    74.4   125.4   140.0   242.7   288.6   315.7   335.0   357.2   385.7   426.8   507.3   657.5  3258.4  53907.0    54206
read      255.2    81.3    86.8   136.1   152.3   251.9   288.0   308.3   322.4   340.0   362.0   395.4   462.9   585.7  1051.5  36006.0    36396
read      257.1   147.5    74.4   124.6   139.3   240.1   289.4   317.2   338.2   363.0   393.3   436.1   531.8  1514.9  4069.0  60519.0    61074
read      252.8   102.7    74.4   123.4   137.6   234.5   286.1   316.6   340.0   366.6   397.8   443.0   537.2   671.5  1187.7  70092.0    70494
read      259.2   106.0    86.8   131.6   147.3   251.5   293.0   317.3   334.7   354.4   379.5   421.1   500.4   635.6  4510.1  43979.0    44168
read      258.3   103.2    80.4   126.4   141.0   244.3   293.2   322.6   343.1   367.1   397.2   442.5   534.1   737.6   936.9  57499.0    57463
read      254.0   100.7    74.4   123.6   138.3   239.5   288.2   316.6   338.5   363.6   394.3   436.9   527.9   661.7  1186.0  60566.0    60314
read      255.2   122.5    74.4   126.5   140.8   233.3   283.7   314.2   337.3   364.3   398.7   450.8   559.1   853.1  3470.4 105502.0   105044
read      253.5   100.7    80.4   124.8   139.0   238.9   288.4   316.8   338.3   362.5   392.6   434.7   519.2   631.3   965.5  64142.0    63992
read      253.7   100.6    80.4   124.1   138.4   237.8   289.4   319.8   340.5   364.4   394.9   436.0   516.9   656.1   957.4  64443.0    64734
read      256.1    84.8    80.4   135.5   151.0   251.1   289.0   311.0   326.6   343.9   367.2   401.6   474.9   585.3  1638.9  38301.0    38524
read      249.8    76.1    80.4   147.2   164.7   247.3   273.8   289.2   300.0   315.1   333.8   363.8   431.4   583.1  1706.4  23080.0    23279
read      250.4   127.6    80.4   122.5   136.6   227.6   277.8   307.9   331.5   358.8   394.7   447.0   567.2   996.7  2645.6  96112.0    96010
read      252.3   126.3    74.4   124.0   138.2   234.3   286.3   315.7   336.5   360.9   391.9   434.5   522.5   674.1  7551.4  68245.0    68478
read      254.5   104.2    74.4   124.0   138.5   236.0   287.6   318.8   340.7   366.7   399.0   444.2   539.8   739.2  1204.9  71333.0    71493
read      260.9   105.2    80.4   135.2   151.6   253.9   292.3   315.3   331.8   350.1   374.9   415.5   496.3   890.9  2776.6  39752.0    39521
read      262.4   179.1    80.4   124.1   138.0   238.0   290.6   323.2   346.0   373.0   406.5   457.7   582.2  2593.1  6326.0  73871.0    73637
read      262.4   106.0    74.4   131.9   147.2   253.3   296.5   323.1   341.7   363.3   390.6   431.6   515.8   689.7  3036.8  46323.0    46296
read      254.1    96.6    86.8   144.9   162.5   249.8   279.4   296.0   310.3   326.6   346.5   376.9   449.1   643.3  2324.7  25804.0    25879
read      235.2    59.9    93.8   156.0   171.2   230.5   251.5   263.9   272.4   284.6   299.8   329.0   398.2   885.0  1096.7  11836.0    11714
read      252.5   111.8    80.4   122.0   136.1   230.6   282.0   313.1   336.5   364.0   398.8   452.4   575.9   879.7  1809.2  88456.0    89519
read      251.7   103.9    74.4   122.1   136.0   233.4   284.9   315.8   338.2   364.2   397.2   445.5   537.0   681.6   963.6  71980.0    71339
read      251.6   104.6    74.4   123.0   137.1   235.0   285.7   315.2   336.2   360.4   390.5   434.4   527.3   739.8  1917.2  63791.0    63633
read      244.9    82.6    93.8   148.9   166.0   240.1   266.5   281.2   292.5   307.3   325.9   353.1   417.3   692.0  2051.7  19087.0    18929
read      251.3   104.8    74.4   122.5   136.6   234.2   285.0   313.7   335.0   359.7   391.4   436.3   536.8   711.3  2001.4  68784.0    69661
read      230.5    67.8    86.8   157.9   170.9   223.1   242.5   253.6   262.8   272.7   289.7   323.1   407.0   993.1  2057.4   8735.0     8686
read      247.4    79.1    86.8   149.1   166.7   241.8   268.1   283.4   294.9   310.7   331.3   363.4   431.9   753.1  2552.0  20724.0    20828
read      257.2   258.7    74.4   122.6   136.4   233.1   284.7   314.9   337.7   363.0   393.8   437.6   546.6  1323.8 13401.4  68907.0    68811
read      245.3   104.4    74.4   123.2   137.2   224.9   272.6   300.5   322.2   349.1   383.8   434.1   542.4   773.4  2041.0 109237.0   108532
read      251.9   105.1    80.4   124.4   138.5   231.2   281.3   310.8   333.7   361.2   397.6   450.4   549.2   804.7  1351.4  96775.0    96969
read      246.7    80.5    86.8   147.3   165.0   242.1   268.0   283.1   294.9   310.7   330.1   359.2   428.3   621.5  2513.9  21867.0    21773
read      248.5   104.7    80.4   122.1   135.8   227.9   278.7   308.5   331.7   359.2   393.3   443.3   543.2   711.1  1043.3  91009.0    90731
read      254.3   102.7    74.4   124.1   138.2   237.7   288.2   319.3   340.9   366.3   396.3   442.3   540.3   707.5   909.7  63422.0    63998
read      252.7   107.6    74.4   123.6   138.0   236.6   286.4   315.8   337.1   361.3   390.9   434.7   528.0   695.5  2900.8  64149.0    64446
read      256.1    93.3    86.8   139.0   155.5   251.5   284.9   304.4   320.1   338.2   360.5   392.9   465.8   592.4  3998.2  32434.0    32180
read      254.0   108.2    80.4   123.3   137.5   234.0   286.3   317.6   340.8   367.1   399.5   448.3   557.7   828.7  1466.4  75545.0    75461
read      256.8   102.2    80.4   128.3   142.5   245.8   292.4   320.2   338.9   360.8   387.9   426.2   508.5   651.7  3197.6  51444.0    51464
read      257.4   106.0    74.4   130.6   145.4   248.2   292.2   318.0   335.8   355.6   379.9   418.1   498.5   641.5  3867.2  47432.0    47445
read      239.6    71.2   101.3   160.5   175.3   234.1   256.0   268.1   275.9   289.0   304.9   330.7   394.1   904.8  2723.6  12314.0    12315
read      253.5   108.8    74.4   124.7   139.0   231.6   282.4   313.2   336.6   364.2   399.2   452.6   572.8   848.9  1320.5  98378.0    98965
read      252.2   107.1    74.4   123.2   137.7   234.0   287.4   317.6   339.3   363.8   394.2   435.6   524.4   678.8  2961.9  71391.0    71412
read      260.5   161.9    80.4   132.7   148.4   251.0   294.6   319.7   336.9   356.4   380.7   415.9   488.8   675.6 10543.4  45220.0    44818
read      256.5   106.7    80.4   125.5   140.1   240.6   293.2   323.5   344.2   367.8   396.3   436.2   523.7   665.9  3082.1  65070.0    65032
read      235.4    75.1    93.8   159.6   174.3   229.6   249.9   261.8   270.4   281.4   296.1   320.9   374.7   979.4  3227.6  10193.0    10162
read      259.0   101.5    80.4   131.0   146.1   250.1   294.2   320.4   338.5   359.9   386.8   424.4   496.4   608.6  2002.0  46920.0    46718
read      259.0   134.4    80.4   125.1   139.4   235.5   288.2   320.5   345.4   372.9   407.5   459.8   593.2  1049.7  3899.2  81431.0    81555
read      258.0   151.7    80.4   124.5   138.7   231.6   282.6   313.2   337.2   366.1   401.4   457.5   624.0  1743.6  4306.8  93351.0    93247
read      259.6   101.8    80.4   134.0   149.2   252.7   293.4   316.9   334.2   353.6   376.9   415.0   503.7   712.5  3463.6  44193.0    44331
read      255.9   112.0    80.4   125.3   139.3   237.2   289.6   321.3   343.4   368.6   399.5   443.3   538.3   699.1  3503.2  68658.0    68373
read      250.5   105.4    74.4   124.6   138.9   229.4   279.3   309.1   331.9   358.8   393.4   444.7   553.3   822.8  1423.0 100062.0    99824
read      241.7    94.6    93.8   159.0   174.3   235.0   256.1   268.7   277.4   290.3   308.0   338.2   407.6  1007.4  3470.9  13070.0    13056
read      254.4   103.1    74.4   125.2   139.4   236.8   287.8   317.1   338.8   365.1   397.9   441.8   530.4   733.4  1437.0  65421.0    65920
read      257.7   108.7    80.4   144.1   161.5   252.5   282.7   300.5   314.4   330.4   349.5   380.2   456.8  1533.0  3513.0  28405.0    28566
read      254.0    74.2    86.8   147.5   164.8   250.3   278.4   296.2   310.3   325.8   344.7   371.7   434.2   626.5  1587.0  24984.0    25078
read      255.0   112.3    80.4   125.5   139.0   231.8   284.2   316.5   340.4   369.3   405.2   458.6   572.0   799.9  1564.7  88707.0    88903
read      270.8   142.7    80.4   132.4   148.1   245.0   296.5   328.7   352.2   380.9   418.0   474.1   660.0  1793.9  2692.6 108203.0   108661
read      256.1   107.8    80.4   125.8   139.9   238.7   291.5   322.0   343.3   367.8   398.0   442.1   531.8   664.6  1814.2  65132.0    64992
read      250.3   141.5    80.4   121.9   135.7   228.6   281.2   312.3   334.1   359.0   390.6   436.0   535.1   744.3  7092.9  77651.0    77433
read      246.5    63.1    93.8   157.2   174.6   242.6   265.6   278.0   290.1   303.9   320.4   349.5   405.9   594.3  1135.4  16029.0    15971
read      244.2    63.2    86.8   155.8   173.2   240.4   263.7   275.0   286.3   298.2   317.4   344.8   409.4   874.6  1420.2  16938.0    16899
read      248.6   117.1    74.4   122.2   135.7   227.3   278.2   309.2   332.1   358.1   390.8   436.5   542.0   905.4  3708.0  84441.0    84638
read      259.3    87.0    86.8   139.3   155.0   254.5   291.4   312.6   327.3   343.7   365.9   399.7   485.6   737.6  1630.8  35686.0    35480
read      258.2   123.7    80.4   127.2   141.2   235.0   285.5   316.9   340.9   369.0   403.9   457.3   588.0  1119.8  2449.2  96810.0    97273
read      252.8   119.0    74.4   123.9   138.2   232.5   284.4   315.6   338.9   364.7   395.5   439.1   542.4   803.8  4085.8  78256.0    79139
read      254.1    72.0    86.8   147.8   164.8   251.1   279.1   295.1   309.1   325.2   344.9   374.3   437.1   618.5  1091.5  25472.0    25297
read      250.8   110.1    80.4   124.1   138.2   228.1   278.3   308.8   332.3   359.9   394.7   447.4   578.1   873.2  1470.3 102419.0   102339
read      253.2   106.6    80.4   124.1   138.0   233.9   286.1   316.9   339.9   365.6   397.6   444.0   537.1   770.6  1806.2  72830.0    72458
read      248.9   111.2    74.4   122.8   136.6   226.7   277.7   308.9   332.7   360.6   395.3   442.9   545.8   748.4  2203.7  89776.0    90171
read      243.8   102.7    80.4   122.6   136.3   222.4   271.3   300.1   322.3   348.4   382.0   431.2   538.9   827.7  1584.9 108697.0   108648
read      257.1    95.9    80.4   130.5   145.1   247.8   294.0   320.4   338.9   359.3   383.8   419.9   492.9   605.3  1141.6  50639.0    50499
read      253.0   153.1    74.4   126.0   140.0   229.6   279.3   309.1   332.1   359.8   394.2   443.2   557.7  1001.7  7972.5 103821.0   103049
read      260.9   137.8    80.4   138.1   153.4   254.4   292.9   315.4   331.8   349.9   372.5   404.6   471.1   585.8  7947.7  39529.0    39793
read      250.0    69.9    93.8   151.8   168.7   246.4   272.2   287.4   297.7   313.7   332.8   361.0   423.9   567.1  1930.6  21117.0    21064
read      263.7   142.9    80.4   137.6   152.7   256.5   296.0   321.2   337.4   355.5   377.5   412.1   484.9   670.6  8352.5  40342.0    40595
read      254.5   106.0    80.4   125.9   139.5   238.3   288.1   317.2   339.4   364.5   395.0   436.0   530.6   718.8  1947.0  65954.0    66094
read      248.9    81.5   101.3   154.2   171.3   244.3   268.8   282.9   293.9   308.9   327.6   357.4   427.3   640.7  2386.6  19427.0    19325
read      240.7    94.0    93.8   157.3   173.2   233.6   254.7   266.9   274.6   287.4   303.0   329.5   407.5  1478.6  2540.5  14000.0    13925
read      254.9   117.1    74.4   125.5   139.3   235.4   288.7   319.5   341.9   367.2   398.2   441.8   535.2   794.2  1804.4  71678.0    72470
read      251.2   100.6    74.4   123.5   137.7   232.7   285.3   317.3   339.4   364.2   394.6   436.3   521.9   636.6  1174.3  73227.0    73495
read      248.6   102.5    74.4   123.2   137.3   228.8   278.9   309.5   332.7   358.7   391.2   437.3   536.2   706.8  1759.6  86176.0    86683
read      254.0   123.0    74.4   124.7   138.8   235.7   287.0   317.1   339.1   363.6   394.0   436.4   531.1   706.8  3894.9  69294.0    68819
read      256.9    73.4    80.4   146.0   163.9   254.5   284.1   302.1   317.0   333.3   352.2   382.9   437.8   530.1  1296.2  27526.0    27253
read      260.6   123.2    74.4   128.1   142.9   236.4   287.0   318.0   341.9   369.9   405.0   460.4   621.9  1266.5  2646.3 105095.0   105279
read      254.8    71.7    86.8   149.6   167.6   251.3   279.7   295.6   309.4   324.8   343.4   372.1   433.1   677.3  1431.6  23628.0    23628
read      248.7   107.1    80.4   122.5   136.3   227.2   278.5   309.0   332.9   360.0   394.5   443.1   546.3   791.1  1320.9  86364.0    86180
read      258.5    76.1    86.8   146.1   163.4   255.1   286.0   303.7   318.0   335.4   357.0   390.7   458.9   610.8  1067.0  28199.0    28305
read      262.2   118.9    80.4   137.5   153.1   256.9   296.0   319.7   336.4   355.0   377.4   408.0   472.1   630.2  4064.5  40237.0    39975
read      259.9    88.6    80.4   137.0   152.9   255.6   295.5   317.4   332.3   347.9   370.8   404.3   470.8   594.0  2123.5  39356.0    39392
read      231.4    80.1    93.8   161.9   174.8   226.1   245.1   255.2   263.7   272.2   286.6   310.7   370.9   956.9  4772.3   9389.0     9232
read      262.0   136.8    80.4   131.6   146.7   250.5   296.9   324.5   342.5   363.2   389.3   427.8   503.0   664.8  4634.1  49809.0    50310
read      253.1   110.7    80.4   124.9   138.7   232.1   284.3   315.4   338.5   365.0   397.4   445.1   550.2   735.0  3496.5  78545.0    78444
read      247.4   104.7    74.4   122.1   135.9   225.5   276.3   307.1   331.3   359.7   393.9   441.6   542.0   728.4  1206.2  92540.0    92684
read      260.8   117.7    86.8   140.7   157.1   254.0   287.7   307.9   323.9   341.7   364.2   396.5   475.9  2204.3  2549.6  33872.0    33919
read      230.6    59.6   101.3   160.0   173.4   225.6   244.2   254.3   263.0   272.1   287.8   313.7   385.1   974.1  1237.3   9723.0     9652
read      254.3   120.6    80.4   125.0   138.4   230.8   283.3   315.1   338.4   366.0   399.6   451.3   571.8   940.7  3156.5  83710.0    84235
read      252.1   110.6    74.4   123.6   138.1   229.8   281.3   312.8   336.8   364.2   397.3   447.1   575.1   892.3  1363.3  88945.0    89236
read      258.4    81.6    80.4   140.3   156.2   254.6   289.9   311.1   326.9   344.6   368.5   399.2   466.3   579.1   890.5  35145.0    35182
read      256.2    76.3    80.4   143.5   160.6   252.8   284.4   302.6   316.6   332.8   352.4   386.3   460.2   591.3  1080.7  29673.0    29868
read      256.5   102.8    80.4   127.0   141.0   239.7   290.7   321.0   343.3   368.2   398.5   442.1   534.5   681.0  1810.7  65386.0    65163
read      238.4    87.1    93.8   161.8   176.0   233.4   253.5   264.9   272.3   283.3   297.0   325.5   392.1   973.1  2162.5  12289.0    12137
read      256.1   173.6    80.4   126.4   140.6   240.5   290.8   320.9   341.3   364.4   392.4   431.9   507.4   641.5  2455.0  61659.0    61980
read      251.3   125.1    80.4   123.7   137.8   233.7   285.0   314.8   336.3   361.1   391.4   432.8   512.6   671.5  3238.8  68977.0    68692
read      256.6   110.4    80.4   128.4   142.7   234.6   284.3   314.6   337.9   365.1   399.0   453.4   579.7   881.4  1976.7 107971.0   107979
read      259.1   116.6    80.4   133.1   148.8   251.4   293.4   316.9   333.9   353.3   377.0   415.5   493.5   629.4  4156.5  44788.0    44697
read      248.4    66.4    93.8   151.5   168.1   246.0   271.5   285.9   295.7   310.0   327.5   354.9   419.8   577.2  1095.6  21182.0    21036
read      255.7   122.6    80.4   124.2   138.4   231.0   282.7   315.2   339.2   366.9   401.2   455.1   589.9  1283.1  2140.3  89183.0    89648
read      262.0   122.7    80.4   138.2   153.9   253.4   291.7   313.5   329.3   346.8   369.8   404.3   501.6  1597.9  2893.5  37905.0    38068
read      250.0    87.5    86.8   149.4   165.9   246.2   272.1   288.1   299.5   314.1   333.7   364.8   428.8   759.7  2179.0  23821.0    23853
read      254.4   112.0    80.4   125.3   139.4   232.5   283.6   314.7   338.7   366.0   399.3   450.4   570.7   891.7  1868.8  94899.0    94618
read      253.3   109.3    80.4   124.5   138.5   233.6   285.5   316.2   339.2   365.2   397.5   445.3   539.1   730.2  3089.4  79822.0    79614
read      250.4    71.1    86.8   148.1   165.2   247.9   275.1   291.2   302.9   317.2   336.0   363.8   425.6   549.9  1450.1  24236.0    24378
read      248.5   103.4    74.4   123.1   136.8   228.1   279.2   309.1   331.5   358.0   391.4   436.7   533.2   803.4  1479.1  84614.0    84735
read      255.1   109.8    74.4   126.0   140.0   233.2   284.4   316.5   341.1   369.4   402.6   454.2   567.7   823.6  1099.8  91163.0    90499
read      258.9    94.9    74.4   133.2   148.5   252.2   294.9   320.1   338.1   357.9   381.4   416.2   483.8   587.7  1938.7  46504.0    46515
read      250.6    76.1    93.8   155.2   172.9   246.1   270.9   285.6   295.8   311.0   329.9   359.9   423.5   911.1  2681.0  18779.0    18830
read      247.9   104.2    80.4   121.8   135.6   227.2   279.0   310.4   333.8   360.6   393.4   437.8   531.3   732.2  1466.7  82741.0    83245
read      260.0    83.9    80.4   139.0   155.0   256.5   293.5   315.5   330.9   346.9   369.9   402.5   471.9   585.1  1289.6  38239.0    38103
read      252.9   123.3    74.4   123.9   138.4   231.8   284.4   315.7   338.6   365.0   397.4   442.9   533.6   723.2  5548.4  78574.0    78351
read      239.2    95.2    93.8   160.9   175.1   232.9   253.3   265.4   273.2   286.0   303.2   333.7   396.4   953.1  4012.2  11971.0    11883
read      254.3   105.0    80.4   126.0   139.8   233.4   285.5   317.0   340.1   367.4   400.0   448.6   561.2   760.7  1230.8  82177.0    82546
read      256.9    99.7    80.4   129.9   144.1   246.1   294.1   319.4   338.6   359.7   385.2   424.3   501.7   630.1  2185.9  53396.0    53356
read      248.7    83.5    80.4   149.2   166.2   244.9   270.8   285.7   296.0   311.0   330.2   362.8   432.7   600.1  3094.2  21528.0    21606
read      249.0    81.2    86.8   155.8   173.4   243.2   267.8   281.8   292.8   307.4   325.9   354.6   418.4  1003.1  2523.2  16720.0    16566
read      258.0    98.3    74.4   130.5   145.3   247.8   293.5   320.2   339.2   360.8   387.3   426.2   505.6   642.1  1991.9  52978.0    53192
read      252.7   111.0    74.4   126.1   140.4   231.9   280.7   310.7   333.4   359.9   394.1   445.6   557.4   843.4  1894.6 108854.0   108883
read      232.5    71.4   101.3   161.6   175.1   225.9   244.7   254.6   264.1   273.7   290.7   319.6   401.3   990.6  3055.7   7372.0     7366
read      247.3   108.9    80.4   122.9   137.1   224.7   275.1   306.2   329.2   356.4   391.1   439.9   547.7   832.5  1728.5  94117.0    94850
read      251.3   114.0    74.4   125.3   139.4   229.4   280.0   310.7   334.0   361.6   396.0   446.4   544.2   779.3  3801.3  93772.0    93630
read      256.7   140.5    80.4   125.7   140.0   236.3   288.6   319.7   343.0   369.2   401.2   448.5   543.7   709.4  3367.1  74349.0    74411
read      260.5    87.9    86.8   136.4   152.1   254.6   294.1   318.4   336.7   356.7   380.1   416.5   487.5   589.6   722.9  44083.0    44291
read      249.4    70.1    93.8   157.1   174.5   245.3   269.4   283.3   293.5   307.6   325.5   355.2   417.9   685.5  1638.8  18310.0    18140
read      264.3    93.8    74.4   135.5   151.2   256.0   299.9   326.3   344.2   365.9   391.9   429.0   504.4   623.6  1226.7  45978.0    46406
read      252.8   119.0    74.4   122.7   136.8   231.1   282.5   312.9   336.2   363.4   396.3   445.7   567.2  1102.6  2278.0  76656.0    76568
read      253.8   118.9    74.4   125.8   139.8   236.4   288.2   318.5   339.6   363.5   393.3   435.4   524.4   683.9  1671.7  67284.0    67484
read      253.8   105.6    80.4   125.8   140.0   235.3   287.4   317.3   338.8   364.2   395.0   438.1   536.5   720.9  2068.8  70187.0    70037
read      257.1    76.8    86.8   145.9   163.3   253.9   284.1   301.5   316.3   333.1   353.1   384.8   454.7   585.1  1909.4  28443.0    28245
read      256.0   111.7    80.4   127.3   141.1   233.2   283.7   314.5   338.4   366.8   401.6   455.6   585.6   930.0  1555.5  95625.0    95855
read      258.5   112.5    80.4   128.5   142.3   235.7   287.7   319.3   343.1   370.8   406.0   459.5   578.4   849.5  2470.8  94992.0    94882
read      253.6   121.1   101.3   159.6   177.0   243.1   267.7   281.7   292.7   307.5   326.9   356.5   436.7  2481.2  3093.6  15786.0    15781
read      275.5   291.3    74.4   124.3   138.5   235.0   287.5   318.3   343.2   372.1   407.3   467.5   838.5  4888.9  8812.9  77424.0    77465
read      258.7   203.6    80.4   155.2   172.5   241.8   266.1   279.8   291.6   307.2   329.9   372.2   542.8  2162.1  7983.5  18078.0    18000
read      245.9   102.8    80.4   123.4   137.4   224.8   273.1   301.5   323.5   351.0   386.1   436.8   544.5   792.3  1501.4  99293.0    99573
read      259.5   161.1    74.4   126.9   140.9   232.8   283.3   314.1   337.6   367.0   403.9   459.9   608.2  2019.8  6690.8  98901.0    99265
read      253.9   104.9    80.4   125.4   139.3   233.6   285.8   316.5   339.9   367.1   399.9   448.6   546.0   745.2  1054.1  75678.0    75628
read      248.4   155.6    80.4   151.1   168.1   243.3   269.0   284.1   295.4   309.7   326.6   353.5   413.9   547.0  9404.6  21265.0    21273
read      257.9   133.3    74.4   124.8   139.3   232.1   283.3   314.0   338.1   367.1   402.7   458.8   623.0  1798.8  2508.3  98605.0    99065
read      257.3   110.8    80.4   126.8   141.2   239.9   291.3   321.4   342.5   366.7   396.2   441.0   546.0   823.6  2013.6  63080.0    62986
read      252.2   100.8    80.4   125.1   139.0   234.0   285.9   315.8   339.3   364.9   395.3   438.9   520.2   649.9  1491.9  70950.0    71174
read      252.1    75.1    86.8   145.9   162.9   248.5   277.2   294.0   307.8   323.9   344.1   372.9   432.7   533.0  1914.0  26281.0    26304
read      233.4    61.2    86.8   156.3   171.5   228.8   249.6   261.3   269.4   279.5   295.3   321.4   382.6   892.9  1159.1  13338.0    13354
read      260.0   160.3    86.8   139.5   155.1   253.2   287.9   308.3   322.6   340.1   361.9   393.6   464.6  1608.0  6921.7  35447.0    35658
read      257.2    88.3    80.4   137.3   151.7   252.5   290.7   312.3   327.4   344.1   366.6   399.5   474.9   682.4  1887.3  39722.0    39892
read      241.6    60.8    93.8   157.6   173.8   236.9   259.3   271.5   281.6   294.3   313.0   340.5   392.8   922.7  1087.1  14889.0    14874
read      256.2   104.8    80.4   125.2   139.3   237.4   290.6   321.0   343.2   370.0   401.9   448.2   547.1   716.1  1377.5  70853.0    71766
read      273.7   152.1    80.4   131.7   147.1   244.7   296.9   329.8   354.4   383.4   421.6   482.7   787.8  1727.9  3086.5 106515.0   106924
read      258.5   108.0    80.4   125.9   140.2   238.4   292.4   324.2   346.4   373.1   404.6   452.5   563.2   798.4  1503.5  69467.0    69312
read      253.8    74.6    86.8   150.8   168.7   250.4   277.0   292.7   305.1   319.9   340.4   370.1   436.0   594.0  1354.6  23078.0    23069
read      255.6    76.2    80.4   142.1   157.9   252.3   285.8   305.3   319.9   336.6   356.8   388.2   453.0   549.6   989.3  31783.0    31532
read      266.1   169.9    74.4   128.0   142.6   235.9   287.2   318.9   343.7   372.3   409.5   470.0   735.5  1825.9  5942.6 106308.0   105945
read      266.2   123.0    80.4   130.2   144.6   240.2   293.2   326.2   350.6   380.3   417.4   474.7   692.9  1058.8  1832.6 100548.0   100442
read      223.5    66.5    93.8   157.2   169.1   218.1   236.4   247.2   254.0   263.9   274.3   297.0   369.1   925.0  2141.9   7107.0     7075
read      249.9   122.9    93.8   150.2   167.0   244.7   271.0   286.7   297.6   313.1   332.0   361.1   417.1   900.9  7242.6  21042.0    21318
read      269.1   154.2    80.4   128.3   143.0   238.3   290.7   323.8   348.5   379.4   417.8   482.3   779.7  1925.6  3196.3 103961.0   104020
read      255.3   132.3    74.4   124.1   138.5   232.4   285.3   317.2   341.2   369.4   402.6   453.9   563.5   786.1  4949.6  78896.0    78635
read      256.8    97.3    80.4   131.6   146.5   249.3   293.3   318.3   335.9   355.2   378.0   413.2   489.7   615.1  1530.6  47202.0    46764
read      230.4    79.0    93.8   156.7   170.1   223.6   243.1   253.7   263.0   272.8   290.9   319.9   398.0  1347.4  3497.5   9757.0     9723
read      236.0    61.8   101.3   158.2   173.4   231.5   252.7   265.3   273.6   285.9   300.8   327.2   389.6   538.6  2148.1  13171.0    13017
read      260.7    87.7    80.4   136.2   151.9   255.5   295.6   319.0   335.9   354.7   377.1   413.3   484.6   589.6   967.2  40558.0    40662
read      259.0    94.2    80.4   138.5   154.8   254.7   291.1   311.5   326.0   343.4   366.8   399.0   469.6   588.2  3577.8  34422.0    34465
read      259.7    95.6    86.8   132.1   147.4   251.2   295.2   321.3   339.0   359.4   385.1   423.6   500.1   623.5  1984.2  46979.0    46730
read      255.9   120.7    80.4   125.1   139.3   235.0   287.6   318.0   341.4   368.3   400.9   450.4   546.4   829.6  3853.6  73370.0    73264
read      253.0   104.6    80.4   123.7   137.9   233.2   285.3   317.7   341.2   367.6   399.6   446.6   539.7   688.4  1100.0  80053.0    79688
read      259.7   116.2    80.4   127.7   142.6   237.2   287.8   318.8   342.0   370.0   405.2   459.5   587.8  1032.1  1825.9 108699.0   108967
read      255.9    97.7    74.4   128.1   142.1   244.1   291.9   321.1   340.0   362.4   389.6   427.7   503.8   616.5  1896.7  56420.0    56343
read      257.9    93.2    80.4   134.2   149.8   251.8   292.5   315.9   332.5   350.8   373.4   407.6   477.6   596.7  2079.6  42114.0    41842
read      244.1    78.8    93.8   150.0   166.4   240.3   265.2   278.0   289.3   302.1   319.0   348.5   418.8   539.0  3772.8  19814.0    19881
read      227.8    79.7   101.3   157.0   170.3   220.1   240.0   251.3   259.8   269.7   283.7   309.3   386.1   999.8  3088.0   6023.0     6107
read      259.7   126.6    80.4   134.7   150.7   254.3   293.2   317.7   334.1   351.6   372.2   404.1   467.7   596.9  8819.5  38338.0    38731
read      256.9    95.1    80.4   140.8   157.7   252.8   286.5   306.0   320.0   336.9   358.2   389.9   447.7   608.1  3139.8  31574.0    31156
read      250.3   105.4    74.4   122.0   135.8   229.9   282.2   313.3   336.0   363.3   396.9   444.7   538.6   709.3  1237.4  79423.0    79889
read      260.9   143.4    86.8   139.2   156.0   254.8   287.5   306.8   321.7   339.0   360.6   393.5   466.6  2120.8  6879.5  31906.0    31951
read      255.1   106.4    74.4   127.3   141.1   233.7   284.6   315.4   339.3   366.8   401.3   453.4   557.9   801.2  1136.9 105150.0   105358
read      263.0   161.2    80.4   126.9   141.4   235.6   287.4   318.4   342.0   369.8   406.8   465.0   628.5  2291.3  5067.3 104633.0   104834
read      237.3    64.9    93.8   157.3   172.8   232.0   253.4   266.1   274.4   287.5   303.8   329.6   396.5   977.0  2017.5  12558.0    12457
read      255.2   110.0    80.4   122.8   137.3   234.5   288.9   321.7   344.6   371.1   403.1   452.7   558.7   733.6  1275.3  72593.0    72818
read      259.6    96.2    74.4   131.9   147.8   251.6   294.6   320.0   338.1   358.1   382.5   421.9   508.3   634.1  1001.1  44708.0    44775
read      256.5   124.8    74.4   123.7   138.2   236.4   289.5   321.0   342.9   370.2   402.5   450.7   550.4   833.8  2005.0  68433.0    68489
read      259.0    94.9    80.4   130.2   144.9   249.0   296.8   324.5   343.0   364.4   390.6   428.1   498.9   602.1   708.3  51970.0    52510
read      251.9   116.9    80.4   123.5   137.8   230.4   282.0   312.6   336.5   363.7   396.2   443.7   539.6   865.3  2977.5  84801.0    84955
read      236.7    68.7   101.3   155.4   171.1   231.3   253.1   265.5   273.4   286.3   303.0   332.2   395.9   937.5  2126.3  14510.0    14282
read      252.6   110.3    74.4   124.6   138.6   230.6   282.2   314.1   338.1   365.8   400.5   451.6   550.5   748.0  1976.3  86040.0    87096
read      254.9   113.1    80.4   125.0   139.3   233.0   285.3   316.9   340.9   368.5   401.1   452.1   563.2   783.6  3621.4  90640.0    90273
read      259.1    86.0    86.8   142.3   158.6   255.8   288.7   308.7   323.9   341.3   363.2   394.8   454.2   561.9  1735.5  31666.0    31352
read      249.1   104.9    80.4   154.3   171.3   245.0   269.2   283.0   293.4   306.9   323.4   353.1   416.5   630.5  7551.8  19486.0    19469
read      233.1    78.1    93.8   161.6   173.7   225.3   245.9   257.6   266.7   276.1   292.1   318.6   399.0   997.4  3061.2   7140.0     7075
read      264.6   133.1    80.4   139.7   156.4   257.1   293.8   315.4   330.9   347.8   370.6   406.7   497.0  1467.8  5338.0  34907.0    35529
read      255.8   118.4    80.4   123.9   138.1   232.4   285.9   318.3   342.8   371.2   405.5   455.5   573.5   938.5  2977.5  84122.0    84543
read      246.8    65.3    86.8   152.0   169.7   242.9   267.7   281.6   292.8   307.1   325.0   355.7   421.0   655.6  1103.2  19689.0    19670
read      260.0    97.1    80.4   137.4   153.9   254.9   292.6   314.5   330.1   346.6   370.8   404.2   474.4   635.0  1948.8  35831.0    35779
read      254.7   108.4    80.4   125.2   139.0   233.5   286.6   319.8   343.2   369.9   402.1   448.2   549.0   745.1  1920.4  80868.0    80767
read      255.9   133.0    80.4   125.3   139.6   233.9   286.2   316.8   340.4   367.5   400.2   449.1   569.5   866.9  6109.1  84130.0    84436
read      251.5   109.1    80.4   123.8   138.5   229.7   280.2   311.2   334.4   362.3   397.5   449.0   554.0   804.4  1261.8 102822.0   102570
read      257.8   106.0    80.4   125.9   140.2   240.1   292.5   323.3   345.1   371.5   402.1   448.3   539.3   701.2  1599.0  64492.0    64539
read      252.6   101.5    86.8   151.4   169.3   248.2   274.3   290.3   301.8   316.4   336.5   366.8   430.4   532.4  2369.9  21001.0    20695
read      257.9    80.9    80.4   143.5   161.1   254.4   286.2   305.0   318.9   335.1   355.2   388.6   459.5   634.5  2044.4  29070.0    29052
read      269.2   138.4    80.4   129.9   145.4   243.8   295.5   328.0   352.8   381.7   418.9   477.0   644.8  1507.1  2971.9 109411.0   109606
read      256.6   115.7    80.4   126.4   140.3   234.6   286.1   317.9   343.1   371.1   405.0   455.7   560.2   850.0  2345.6  86846.0    86574
read      250.3    69.5    86.8   145.4   162.1   247.4   275.2   292.4   306.0   322.3   341.5   369.2   429.2   531.3  1033.5  26421.0    26386
read      257.3    93.4    93.8   142.4   159.8   254.0   285.2   303.4   317.7   334.6   355.4   387.2   452.5   826.6  3233.4  29905.0    30300
read      250.9   102.0    74.4   122.7   136.7   232.0   283.2   314.5   338.1   364.9   397.3   442.4   531.9   680.7   957.1  79176.0    79261
read      257.5   131.4    80.4   124.5   138.6   235.7   288.3   321.3   344.5   370.0   401.9   446.9   546.4  1750.2  2552.4  72720.0    72798
read      254.0    70.1    80.4   149.1   165.2   251.4   279.2   295.8   309.8   325.5   344.4   373.6   430.7   532.2  1062.8  23844.0    23763
read      262.1   121.2    80.4   132.7   148.2   252.9   296.7   323.1   341.1   361.3   385.5   421.2   497.7   672.9  4301.0  44791.0    45061
read      262.1   156.2    80.4   127.1   141.9   245.0   294.3   324.1   344.7   368.6   396.9   437.4   534.1  1816.0  5871.7  57505.0    57867
read      254.9    81.1    80.4   142.6   159.8   252.0   283.7   301.2   315.3   332.2   352.7   381.3   435.9   567.0  2445.5  28993.0    28765
read      271.8   166.9    80.4   129.7   145.1   243.3   295.3   329.0   353.1   381.8   419.6   476.7   675.9  2588.4  3594.4 105146.0   105615
read      263.6   118.7    80.4   129.1   144.1   240.2   291.4   323.5   346.5   374.7   410.8   467.2   624.1  1144.9  1732.2 109779.0   109800
read      250.3   107.3    74.4   123.1   137.1   229.4   280.1   311.2   334.1   360.7   394.0   443.4   546.6   791.4  2248.3  92446.0    92474
read      258.1   122.6    80.4   124.8   138.8   238.5   291.4   323.2   344.5   371.3   403.0   452.3   565.5   766.4  3408.1  69593.0    69536
read      271.8   160.3    80.4   130.3   145.6   242.6   293.6   326.4   350.4   379.5   417.7   476.8   726.4  2043.8  3133.5 108846.0   108847
read      260.8    94.2    80.4   136.1   152.8   254.9   292.9   315.8   332.6   351.0   373.2   411.5   492.3   666.9  2348.6  37715.0    37648
read      248.7   150.5    74.4   122.5   136.4   225.5   275.0   304.9   327.5   354.3   389.3   441.9   571.8   951.5  3240.7  98679.0    98797
read      253.5   104.8    74.4   124.1   138.6   235.0   287.1   317.6   339.7   364.6   395.9   441.4   537.7   755.2  1183.9  72078.0    71781
read      258.3   163.1    74.4   131.5   147.0   250.8   291.6   315.4   333.2   353.0   375.5   408.2   478.5   628.8 10547.5  44867.0    45034
read      251.2    76.9    86.8   148.9   167.0   247.4   274.0   290.2   302.1   316.9   336.2   366.9   432.2   546.1  2680.9  23171.0    23060
read      268.1   197.0    74.4   125.7   140.5   235.8   287.1   319.2   343.4   373.0   409.7   467.7   688.0  2955.1  4970.9  99962.0    99559
read      252.6   106.4    74.4   123.0   136.9   232.4   283.4   313.8   338.1   365.9   399.3   449.6   558.5   824.0  1103.2  79047.0    78907
read      261.4   116.8    80.4   128.6   143.3   238.8   289.2   319.7   343.5   372.4   410.6   467.9   595.5   936.2  2356.4 109900.0   109987
read      248.7   147.5    74.4   121.7   135.6   224.3   273.5   303.3   326.7   354.6   389.8   441.0   564.3  1303.9  5578.9  96433.0    96463
read      241.6    62.7    93.8   156.4   173.0   236.2   260.3   272.2   282.3   294.6   313.3   343.1   413.1   654.4  1260.9  14761.0    14541
read      256.4    89.8    80.4   140.6   158.2   252.5   286.0   305.2   318.6   335.7   356.9   389.4   455.6   603.2  3491.2  29984.0    30227
read      244.6   106.7    74.4   121.6   135.7   222.4   271.7   300.2   322.7   349.6   384.4   434.3   550.0   891.1  1633.6 108709.0   109068
read      256.2   114.2    74.4   124.3   138.8   236.1   288.5   320.2   343.3   369.1   400.7   447.6   557.7   841.7  2673.2  73838.0    73889
read      252.0   104.9    74.4   123.4   137.2   231.5   283.6   315.0   338.8   365.8   399.2   449.0   545.6   714.3  1439.2  80445.0    80825
read      247.8   119.2    80.4   122.3   136.2   226.2   275.4   304.2   326.2   352.7   386.8   435.9   553.3   993.4  2560.7 102425.0   101968
read      261.7   180.2    80.4   143.0   161.0   253.4   285.3   304.6   318.6   335.5   357.0   392.1   482.7  1295.2  8334.9  27978.0    28070
read      278.5   229.6    74.4   126.0   140.6   238.9   293.3   327.7   353.1   383.0   420.9   488.3   976.1  3084.9  7617.2  87921.0    88127
read      275.2   152.9    74.4   125.8   140.3   237.4   292.3   328.7   358.6   394.9   446.9   550.4   846.5  1379.0  2091.9  93234.0    93037
read      300.3   352.9    80.4   127.1   141.8   243.3   299.4   335.8   363.6   397.5   444.3   540.9  1340.0  5086.7  9945.2  85114.0    85313
read      261.0    97.6    80.4   134.9   150.4   254.3   294.8   319.6   336.9   356.9   382.3   418.9   494.5   642.4  2176.1  42902.0    42639
read      252.4   109.8    80.4   124.0   138.0   229.8   281.7   313.5   337.5   365.4   399.5   450.5   564.5   911.7  1415.0  89629.0    89688
read      254.6   137.1    74.4   122.2   136.0   232.2   285.1   315.6   338.4   365.2   398.5   448.2   567.8  1558.8  3817.5  78425.0    77922
read      261.2   115.5    74.4   132.6   148.1   253.7   294.0   319.1   336.8   356.5   380.0   414.8   495.3  1142.6  3199.8  43521.0    43434
read      262.9   113.7    80.4   130.2   145.1   240.5   292.6   323.7   346.7   374.0   411.4   464.9   583.6  1029.6  1855.0 104426.0   105109
read      268.6   143.6    80.4   129.3   144.0   240.9   293.6   326.0   350.3   380.6   418.9   479.5   712.2  1485.4  3942.4 104285.0   104178
read      266.8   142.3    80.4   129.6   144.2   241.8   292.9   324.4   348.2   376.3   413.1   468.2   625.1  1832.0  3575.6 103536.0   103636
read      256.0    84.7    80.4   139.5   155.6   252.9   286.6   306.5   322.0   338.2   359.4   392.1   459.9   545.8  2024.7  34029.0    33841
read      253.4   100.7    74.4   125.2   139.5   237.4   288.1   316.6   339.1   363.7   393.7   437.8   519.5   635.4   835.7  65856.0    65328
read      259.8   133.3    80.4   129.2   143.5   246.9   295.1   323.8   342.6   364.4   391.0   430.3   506.6   752.5  6176.1  53823.0    53849
read      237.4    64.7    86.8   157.5   172.8   232.8   254.7   266.4   273.8   285.7   300.2   328.0   381.5   974.1  1092.5  13912.0    14112
read      257.3   106.2    74.4   125.0   139.0   239.5   291.6   322.7   344.8   370.2   402.0   447.9   547.1   775.6  1428.5  64767.0    65229
read      257.6   112.7    74.4   124.1   138.1   235.1   289.8   323.4   347.2   373.8   407.4   458.8   588.3   831.7  1541.3  75240.0    74794
read      260.5   126.1    74.4   125.3   139.4   236.1   289.0   322.7   346.4   375.1   411.7   468.4   613.2  1104.2  2535.2  76450.0    76657
read      249.5   114.6    74.4   121.2   135.2   225.9   276.0   306.0   329.6   357.6   394.3   450.5   610.2   936.4  2109.9  92067.0    92562
read      252.5   115.9    80.4   121.8   135.4   231.0   283.2   314.4   339.3   366.9   399.3   449.0   567.6   827.5  3091.0  79489.0    79594
read      273.5   187.2    80.4   127.8   142.6   240.2   292.9   324.8   349.3   379.2   419.8   485.1   796.6  2586.2  3755.3 106334.0   106208
read      258.7   199.6    80.4   123.7   137.9   230.9   282.7   314.3   338.7   367.2   402.6   456.7   588.3  2666.8  7915.1  94601.0    94770
read      248.6    76.5    80.4   151.5   169.1   245.3   270.6   285.3   295.8   311.0   329.5   356.7   418.7   534.7  3121.4  19255.0    19122
read      254.0   102.6    80.4   125.1   139.6   239.7   289.0   317.3   338.9   362.6   391.2   431.7   516.9   663.8  1641.7  60425.0    60408
read      254.6   107.8    80.4   126.1   140.0   232.9   284.7   316.1   339.9   366.9   400.1   451.2   566.1   805.0  1395.0  97624.0    98371
read      254.1   100.4    80.4   125.2   139.5   238.7   289.7   318.6   339.6   363.8   393.2   435.1   516.0   688.4  1098.0  62058.0    61350
read      251.0   113.0    68.9   122.7   136.7   231.5   283.7   314.3   336.9   362.4   393.9   439.1   535.2   727.7  1971.8  78620.0    78813
read      225.5    88.8   101.3   156.0   168.0   216.6   236.0   247.1   254.0   266.0   281.2   308.7   405.7  1047.9  3097.0   5645.0     5604
read      250.3   112.2    80.4   122.6   136.4   230.1   282.7   313.4   336.3   362.2   394.8   441.8   537.9   739.1  1283.3  80213.0    81210
read      250.4   106.9    74.4   122.1   135.8   231.1   283.5   313.4   336.5   363.3   396.1   439.4   526.7   693.5  3021.6  73971.0    73960
read      253.8    77.0    86.8   141.1   158.2   249.9   281.2   299.4   314.5   331.4   351.4   383.4   449.2   589.7  1343.7  28288.0    28059
read      227.0   110.3   101.3   157.1   170.1   219.0   238.4   249.8   257.8   268.1   281.8   309.6   374.5   995.9  7193.7   6137.0     6090
read      254.0   103.1    80.4   124.6   138.8   237.1   288.8   319.6   341.8   366.4   396.1   438.6   521.4   631.0  1474.3  64112.0    65353
read      259.0   103.0    80.4   128.3   142.8   246.2   295.2   323.5   343.3   366.6   393.7   431.8   508.9   821.2  2584.2  55519.0    55646
read      253.2   105.2    80.4   123.6   137.8   233.8   286.0   317.4   340.4   367.0   399.2   444.8   540.0   739.7  1229.7  75660.0    75470
read      257.9   143.1    80.4   125.9   140.5   233.3   283.4   314.0   337.4   364.7   399.8   454.6   589.6  1809.7  4017.4 101551.0   101368
read      247.3    72.5    93.8   150.5   168.0   243.0   268.3   283.4   294.8   309.7   327.6   354.7   420.0   886.6  1614.3  20439.0    20305
read      251.0   111.0    74.4   123.1   137.3   228.6   279.2   310.0   333.3   360.4   394.4   447.3   579.2   924.8  1436.8 100876.0   101317
read      264.8   158.1    80.4   129.9   144.6   240.8   292.2   324.0   347.2   374.1   409.9   463.7   593.9  1100.8  6690.6 108926.0   108543
read      252.6   116.9    80.4   124.4   138.1   231.9   283.8   314.6   337.8   364.5   397.3   443.5   546.6   791.4  2351.9  81357.0    81018
read      258.0   120.9    80.4   125.8   140.1   233.9   284.1   315.0   338.3   366.8   403.1   459.9   625.9  1303.0  1604.2 106027.0   106524
read      256.1    95.3    80.4   129.2   143.9   246.9   292.7   318.5   337.1   357.7   382.5   421.0   498.4   610.1  1678.7  50441.0    50658
read      254.0    88.7    80.4   130.2   145.7   247.2   288.2   312.1   328.8   346.2   370.1   407.1   493.0   619.3  1035.0  44077.0    43791
read      237.0    99.8    93.8   150.8   167.3   230.1   253.1   266.1   274.4   287.8   304.7   333.6   406.1  1013.6  3119.5  14707.0    14504
read      253.4    91.5    80.4   130.0   145.2   247.0   289.3   313.2   330.1   348.1   371.4   403.3   479.0   611.5  1266.6  47141.0    47555
read      252.5   104.5    74.4   123.0   137.0   235.4   288.1   319.4   340.9   364.8   394.0   434.5   518.7   672.8  1917.6  67899.0    67848
read      251.6   105.1    74.4   124.0   138.2   230.4   281.1   312.4   336.2   363.4   397.5   448.5   547.9   825.9  1208.5  93693.0    93337
read      251.6   121.3    74.4   122.9   137.1   230.7   282.3   312.4   335.1   361.9   395.2   442.0   541.3   810.0  3814.1  82685.0    82735
read      248.8   105.1    74.4   121.7   135.6   229.9   281.5   312.3   335.2   360.3   391.2   434.4   523.0   720.0  1963.6  79702.0    79691
read      253.5   101.9    80.4   125.9   139.9   238.5   289.2   317.6   338.1   360.7   388.9   430.5   517.8   687.1  1803.1  61862.0    61855
read      259.1   103.2    80.4   128.1   141.9   244.0   295.1   326.1   346.1   371.0   399.2   438.1   526.1   733.8  1655.3  61091.0    61378
read      258.0   103.8    86.8   145.6   162.6   252.7   283.9   302.0   316.0   332.1   350.9   382.2   452.1  1269.7  2595.1  27146.0    27280
read      254.7    85.7    80.4   135.4   151.8   251.0   287.0   307.8   322.8   340.5   362.4   394.8   462.3   575.6  1054.8  35593.0    35620
read      256.8    83.4    86.8   139.9   156.0   254.1   289.0   308.7   322.4   338.8   359.3   390.0   453.2   605.7  1727.6  32885.0    32911
read      253.0   105.0    80.4   122.8   136.7   233.1   287.2   319.4   341.9   367.9   399.4   445.8   539.9   738.2  1263.3  76374.0    76628
read      257.6    87.7    80.4   139.8   156.1   254.2   288.4   309.2   324.0   340.7   361.2   392.2   460.3   593.8  2507.0  32383.0    32305
read      250.6   103.0    80.4   122.5   136.4   231.5   284.7   315.9   338.2   363.6   394.8   438.0   523.8   670.5  1033.9  74475.0    74231
read      251.8   102.6    80.4   123.3   137.5   233.7   286.4   317.2   339.5   364.6   394.2   437.6   530.0   701.1   876.1  69630.0    69333
read      257.0    97.0    80.4   128.9   143.7   246.4   294.3   321.6   341.3   362.1   386.9   423.5   496.2   624.4  2123.3  53467.0    53526
read      258.9    91.1    80.4   133.0   148.5   253.0   294.1   318.1   335.5   354.8   378.1   414.1   487.1   604.6  1788.8  43913.0    43970
read      251.7   115.9    74.4   122.1   136.2   228.0   279.6   310.5   334.2   362.9   398.9   453.8   590.5  1005.8  1609.0  93130.0    92984
read      243.2   122.6    86.8   145.4   162.3   238.4   264.7   278.5   290.3   304.4   322.8   350.0   410.6   544.9  8296.1  22771.0    22716
read      246.7   109.7    80.4   121.0   134.7   226.1   276.4   307.2   330.4   356.7   390.3   439.0   536.8   721.5  1244.9  86271.0    86539
read      251.8   109.1    80.4   124.2   138.1   232.4   284.7   315.6   338.4   364.1   394.8   437.8   530.8   691.2  2255.8  74078.0    73888
read      251.0   101.7    74.4   123.3   137.8   232.1   283.6   314.9   337.9   364.5   396.0   436.6   529.6   680.9  1067.8  74006.0    73554
read      250.7    77.6    86.8   142.8   159.1   247.6   276.7   294.3   307.9   323.1   342.0   370.2   434.8   561.5  1931.3  26996.0    26912
read      256.5    88.0    80.4   132.9   148.2   250.5   292.0   315.0   331.4   349.3   374.6   409.4   484.3   597.5   793.7  45048.0    44840
read      241.5    77.5    86.8   151.7   167.5   236.5   260.1   272.3   283.0   295.7   314.1   342.1   413.3  1017.5  2344.4  17129.0    16966
read      256.0   103.7    74.4   128.7   143.3   246.1   293.3   319.4   337.0   356.8   381.4   418.9   499.8   652.1  4020.6  51692.0    51903
read      250.2   100.8    74.4   122.8   137.0   233.1   284.2   314.0   335.7   360.2   390.4   434.0   525.4   674.0  1463.2  71401.0    71461
read      243.5    67.1    86.8   148.7   164.6   239.3   265.0   277.9   289.5   303.2   321.5   352.9   430.6   639.3  1096.9  21290.0    21248
read      251.5   111.9    80.4   123.4   137.8   229.6   280.6   311.5   334.6   362.1   396.4   447.8   558.1   846.4  1893.6  97961.0    98493
read      254.9   115.3    80.4   125.1   139.5   231.2   281.5   312.6   337.1   365.5   400.5   455.0   590.1  1221.2  1606.5 105117.0   105716
read      242.4    68.6    93.8   151.1   167.4   239.4   263.3   275.2   285.9   296.7   315.4   342.6   412.2   696.8  2569.5  19821.0    19488
read      238.0    64.6    93.8   152.5   168.3   234.0   256.5   269.1   277.8   290.6   307.7   336.0   397.2   767.1  1934.4  16789.0    16605
read      253.7   105.6    80.4   124.2   138.4   234.7   287.4   319.9   342.5   367.4   397.6   441.2   533.8   730.4  1445.4  74667.0    75130
read      259.0   147.1    80.4   131.5   146.6   250.1   291.6   316.1   333.4   352.7   377.5   416.0   494.9   650.0  7135.2  45924.0    45842
read      255.6    95.5    80.4   131.1   145.8   248.0   291.8   316.4   334.0   353.7   377.2   412.3   485.0   614.3  2228.1  48389.0    48598
read      253.2   123.0    80.4   123.8   138.1   235.7   286.6   317.1   339.2   364.0   394.0   435.6   522.5   642.4  5776.6  67875.0    67944
read      250.0    81.1    80.4   143.8   160.6   246.9   274.7   291.9   305.0   320.0   340.2   369.8   436.3   790.3  2002.0  26929.0    26800
read      261.1   107.8    80.4   130.3   145.6   250.6   294.9   322.2   340.9   362.7   389.1   428.0   518.5  1079.9  2414.7  49754.0    49959
read      255.6    99.0    80.4   128.6   143.1   244.0   291.5   318.8   337.9   360.0   387.0   425.7   503.7   639.2  1002.4  54373.0    54114
read      256.9   127.9    74.4   124.7   139.0   236.9   289.3   319.2   340.7   365.6   397.2   440.9   541.2  1571.5  2919.8  66341.0    66577
read      259.2   111.9    80.4   136.1   152.0   253.1   292.2   314.9   331.3   349.3   370.8   406.6   473.8   682.6  4185.8  39483.0    39563
read      257.7    86.7    80.4   135.1   150.7   252.7   293.2   315.9   331.5   348.1   370.5   403.5   471.7   573.9  1647.3  40589.0    40228
read      256.1   126.4    80.4   126.4   140.1   232.6   284.3   315.2   338.8   367.5   402.7   454.9   568.4   940.6  4249.4  92688.0    92385
read      256.3    82.9    86.8   138.6   155.0   253.0   288.4   308.6   322.4   339.6   361.6   394.3   460.3   577.6  1942.2  35092.0    35189
read      256.5    88.5    86.8   138.2   153.4   253.5   289.0   309.8   324.5   340.5   361.3   393.5   462.9   588.6  3056.1  34704.0    34744
read      240.1    66.5    86.8   155.5   171.3   234.6   257.9   270.1   279.5   292.9   311.4   340.6   407.3   896.0  2077.0  15071.0    15082
read      255.0   112.2    80.4   125.0   139.1   231.9   284.3   317.4   341.4   369.0   404.2   455.0   567.6   852.6  1715.2  87199.0    87824
read      256.5    79.3    80.4   139.8   156.0   253.7   287.5   306.9   321.1   338.5   359.7   391.6   459.1   638.7  1013.0  33933.0    33965
read      257.2   112.0    86.8   137.1   153.1   252.7   289.4   310.5   326.2   343.6   365.6   396.7   462.0   633.5  2019.6  37983.0    38138
read      258.4    86.9    80.4   134.4   150.2   253.0   294.5   318.1   334.7   352.8   374.1   409.9   471.2   573.2   914.0  42649.0    42450
read      255.7   104.5    80.4   126.5   140.6   238.8   291.4   321.9   343.2   366.8   395.0   434.7   516.5   661.1  2475.4  64755.0    65120
read      243.4    80.9    93.8   151.8   168.4   239.4   263.2   275.1   287.1   300.0   318.4   344.1   400.4   908.7  4112.6  17485.0    17329
read      254.8    99.5    80.4   127.7   141.9   242.5   292.0   319.8   338.9   360.1   385.9   425.3   501.9   626.1  1939.8  56427.0    56524
read      257.5    82.8    86.8   140.0   155.9   254.1   289.9   310.1   324.2   340.6   363.5   397.2   463.7   570.2  1011.1  36176.0    36287
read      241.3    84.0    86.8   158.4   174.2   235.3   257.9   270.6   280.2   292.1   308.8   335.4   402.7   936.4  4000.6  14709.0    14642
read      257.8    97.6    74.4   129.1   143.7   246.7   295.9   323.8   342.4   363.7   389.3   425.4   496.2   626.2  2090.9  53396.0    53127
read      256.5   142.0    74.4   124.7   138.9   237.2   290.5   320.8   341.8   365.3   395.0   437.2   538.7   844.4  6486.4  67559.0    67385
read      266.6   208.0    80.4   124.4   138.9   236.3   289.3   322.0   346.2   374.0   412.0   473.3   690.7  2283.1  9022.2  80318.0    80362
read      260.7   136.2    80.4   127.8   142.3   236.3   287.0   317.3   340.6   368.8   404.4   461.3   610.0  1527.0  3574.4 105022.0   105193
read      278.9   220.8    80.4   130.1   145.7   254.5   303.9   334.7   355.5   380.4   414.1   470.0   699.6  2447.5  8546.3  51223.0    50992
read      258.2   142.0    80.4   123.9   138.2   233.3   284.8   316.3   340.3   367.4   402.2   456.9   602.8  1863.5  3965.9  85057.0    85438
read      258.1    93.8    80.4   129.7   144.4   249.4   295.2   322.6   341.1   361.9   386.8   422.6   498.3   616.6  1129.5  50213.0    50475
read      245.0    64.6    93.8   156.9   174.6   240.1   263.0   275.3   287.1   300.0   319.0   345.0   420.0   916.6  1435.7  15536.0    15668
read      254.1   114.4    74.4   123.9   138.2   236.3   289.9   320.5   342.4   366.3   395.6   437.8   525.3   668.8  2844.1  66704.0    66984
read      257.0   105.0    80.4   127.3   141.0   243.9   293.6   324.1   344.0   365.8   392.5   431.5   506.3   629.0  2462.7  57111.0    57056
read      259.3   110.3    80.4   132.4   147.3   251.4   294.5   319.9   338.3   358.6   382.6   417.5   485.8   632.7  3555.6  45357.0    45383
read      229.1    60.0    93.8   155.7   169.8   223.0   243.8   255.3   264.6   274.0   291.3   319.2   393.1   916.2  1901.8   8947.0     9044
read      261.8   115.7    80.4   135.9   151.3   255.6   294.8   317.3   333.6   351.8   373.5   408.0   494.0   923.2  3920.1  40048.0    39958
read      258.3   142.5    74.4   124.8   138.7   236.4   288.4   319.2   342.6   369.3   400.7   448.0   553.2  1993.7  4083.2  67860.0    67432
read      249.7    70.3    80.4   146.6   163.6   246.5   273.5   289.4   300.7   315.9   336.0   365.9   445.5   698.4  1157.2  23551.0    23503
read      253.0   125.8    74.4   124.3   138.6   230.7   281.1   311.9   335.6   362.9   397.1   448.4   561.0   851.7  5173.8  90192.0    89906
read      254.7   104.0    74.4   126.3   140.2   241.0   289.8   318.4   338.7   362.3   391.2   432.0   514.5   628.7  2745.3  61253.0    60865
read      233.4   114.9   101.3   156.5   170.4   225.1   245.9   257.8   267.3   277.7   293.2   319.0   388.8  1099.5  4288.3  10046.0    10097
read      260.5   110.8    80.4   129.1   143.8   239.2   290.8   321.8   345.2   372.4   406.4   459.8   575.5   891.1  1491.2 103228.0   104385
read      239.3    65.8    86.8   153.7   170.1   235.9   257.5   269.4   277.8   290.1   306.7   336.4   401.4   908.3  1974.5  16523.0    16694
read      249.6   110.0    80.4   123.3   137.3   227.8   278.1   309.6   333.3   360.1   393.5   443.7   547.7   775.0  2264.9  96296.0    96807
read      252.6    75.0    86.8   148.4   165.0   249.8   276.4   293.5   305.9   319.5   338.7   367.4   433.7   585.5  1981.9  23640.0    23545
read      259.1   105.3    80.4   128.9   143.2   247.3   296.1   324.9   343.6   365.1   391.6   431.0   509.5   678.1  2656.5  53492.0    53603
read      252.2   103.7    74.4   123.0   137.0   233.0   286.2   317.3   339.6   365.3   396.6   442.1   540.2   729.3  1323.7  78268.0    77963
read      254.2   108.4    80.4   125.9   140.3   233.2   283.3   314.3   337.0   363.9   398.6   450.2   562.0   834.1  1347.1  99031.0    99004
read      252.2   121.0    74.4   123.8   137.8   229.3   281.0   312.2   335.9   363.3   397.4   447.8   571.1   857.6  3777.1  89060.0    89009
read      255.1   108.6    80.4   126.6   140.9   233.5   283.0   313.3   336.9   364.9   399.9   452.6   574.9   900.3  1651.1 108818.0   109606
read      252.9   113.1    74.4   124.4   138.8   231.5   283.1   313.8   336.7   363.2   397.8   450.0   562.8   745.7  3609.1  94561.0    94996
read      253.5    75.2    86.8   144.2   161.8   250.5   280.2   297.9   312.2   327.8   345.3   373.3   434.6   546.3  1012.3  26095.0    26308
read      255.8   131.7    74.4   123.4   137.5   234.5   286.9   318.2   340.7   366.0   396.7   442.7   553.5  1566.9  3568.5  76085.0    76851
read      258.4   110.5    80.4   128.9   143.5   236.6   287.3   318.1   341.6   368.6   401.9   454.5   571.5   943.1  2062.6 105256.0   105149
read      258.8    94.6    80.4   130.2   144.8   249.0   296.8   324.8   343.1   363.4   387.9   424.7   500.1   628.5  1271.4  51276.0    51656
read      236.4    85.7    86.8   157.6   172.2   231.7   252.4   264.6   272.7   284.4   298.3   325.5   378.0   934.7  2513.6  12747.0    12606
read      257.6   105.7    80.4   127.7   142.1   245.3   295.6   324.0   343.4   365.2   392.2   429.9   508.6   618.6  3071.7  56703.0    56950
read      256.1    97.7    74.4   126.3   141.0   243.6   294.2   323.9   343.7   365.8   392.2   429.9   503.7   610.9   965.3  58402.0    58457
read      253.5   134.7    80.4   124.2   138.4   233.3   285.4   315.5   337.8   363.9   396.7   442.2   535.4   793.6  4862.1  74055.0    73870
read      255.5   119.7    74.4   124.2   138.6   236.4   288.8   319.7   342.3   367.3   398.9   446.9   550.0   758.5  4766.8  77205.0    77558
read      245.2    62.4    86.8   153.7   170.3   241.1   265.7   279.4   290.7   304.7   323.2   350.8   406.0   535.3  1049.9  18600.0    18374
read      252.9   119.1    74.4   124.9   138.7   231.7   283.1   314.1   337.7   364.5   397.9   447.9   548.3   745.4  1494.8  90212.0    90267
read      256.8    90.6    74.4   133.2   148.8   250.8   290.4   312.8   329.4   348.9   373.4   410.0   482.9   594.0  2024.3  41655.0    41486
read      260.4   102.4    80.4   137.8   154.1   254.1   292.1   314.1   329.8   347.0   369.7   404.5   475.2   677.9  3743.1  34817.0    34820
read      252.3    83.3    86.8   146.7   163.7   249.4   276.6   293.9   306.8   320.8   340.1   368.2   431.1   592.7  3857.4  24205.0    24506
read      255.4    81.4    80.4   140.2   156.6   252.1   286.5   306.4   319.6   336.2   356.5   387.9   456.5   550.2  1362.7  32288.0    32392
read      254.0   102.7    80.4   124.8   138.7   237.6   291.0   320.6   341.0   364.2   393.6   435.3   521.2   654.7  1307.1  65407.0    65364
read      257.3    82.0    80.4   139.4   155.6   253.2   287.9   307.7   322.4   341.0   364.7   398.0   466.0   591.0  1266.7  33543.0    33590
read      257.6    97.6    80.4   129.5   144.2   248.9   293.4   320.5   338.2   357.8   381.5   418.1   500.8   844.0  1357.3  48457.0    48637
read      256.6   118.8    80.4   127.7   141.7   234.7   285.6   316.4   340.1   368.1   402.2   455.7   564.6   824.7  1195.9  99218.0    99481
read      241.9    62.0   101.3   156.0   172.8   237.9   261.1   272.8   283.1   295.0   313.4   340.8   399.7   527.5  1434.0  15694.0    15514
read      232.2    66.4    93.8   157.8   172.5   226.9   246.7   257.5   266.6   276.1   292.0   318.7   394.2   969.8  2995.1   9903.0     9896
read      251.4   113.2    74.4   122.4   136.1   229.8   281.4   313.0   336.0   362.2   395.4   443.5   562.8   946.3  2148.3  78400.0    78890
read      254.1    75.5    80.4   144.0   161.8   250.6   280.6   297.8   312.9   329.0   346.2   376.4   452.7   565.2  1046.1  26663.0    26427
read      251.3   109.4    74.4   122.5   136.6   230.3   281.7   312.8   336.4   363.2   396.1   446.6   553.0   794.1  2604.4  84362.0    84648
read      249.7   152.4    74.4   122.1   136.3   225.2   273.8   302.4   325.5   352.9   388.7   442.7   589.6  1522.2  2503.9 105563.0   105509
read      244.0    83.2    93.8   154.5   170.7   237.8   262.9   276.4   289.1   303.8   322.4   349.3   411.9   874.5  1314.8  16959.0    16789
read      238.1    57.9    93.8   157.6   173.1   233.8   256.3   268.4   276.3   288.7   304.0   330.7   394.7   896.7  1015.4  13684.0    13784
read      236.3    61.9    86.8   154.3   170.4   231.7   253.4   266.2   274.5   287.5   303.7   330.1   400.7   943.0  1452.2  14051.0    13915
read      228.4    75.4    86.8   159.4   171.7   222.5   241.7   252.4   260.8   270.3   284.3   309.8   392.8   941.3  3853.2   7243.0     7197
read      245.1   129.0    80.4   119.7   133.4   223.4   273.6   303.7   326.3   352.5   385.4   433.7   540.1   786.0  3944.1  84228.0    84754
read      242.0    99.1    74.4   119.5   133.1   222.3   271.5   299.6   323.2   349.4   383.5   429.4   520.7   685.0   953.2  93516.0    93616
read      255.4   107.3    74.4   128.7   143.7   245.6   288.2   311.9   329.1   348.8   374.6   414.4   503.3  1068.6  2694.6  44900.0    45232
read      242.5   100.3    74.4   119.4   132.6   223.0   273.2   303.3   325.1   350.4   382.5   429.4   517.4   675.3  1230.7  86679.0    86355
read      249.3    73.0    80.4   144.2   162.5   245.4   273.1   291.4   305.0   319.9   338.6   367.3   429.7   528.5  1012.4  23467.0    23239
read      256.0    98.7    74.4   126.4   141.0   246.1   291.8   318.7   337.7   358.6   384.4   426.5   518.1   663.2  1096.1  51071.0    51079
read      257.9   173.4    80.4   122.0   136.4   234.2   287.0   318.2   341.5   368.1   399.6   448.2   564.9  2055.7  7521.7  72609.0    72839
read      252.2   101.7    80.4   123.1   137.3   233.6   286.0   317.7   339.7   364.7   395.6   440.7   537.7   683.3   842.3  73410.0    73047
read      242.3   137.9    86.8   153.9   171.0   236.0   258.9   271.6   281.9   294.2   312.5   339.4   403.6   917.5  8971.1  14858.0    15045
read      258.1   116.4    80.4   127.7   142.2   236.0   286.1   316.4   340.3   368.3   403.1   455.8   574.7  1010.1  3313.2 102376.0   102659
read      258.1   112.0    80.4   128.1   142.5   236.7   286.8   317.5   340.5   367.9   402.1   456.0   575.2   943.8  1788.4 102812.0   102565
read      245.2   102.6    80.4   119.2   132.7   225.8   275.8   306.6   329.0   354.4   386.7   433.4   536.8   774.5  1311.3  83792.0    83738
read      256.2    83.8    86.8   135.4   152.4   251.7   288.0   310.0   326.0   342.9   365.5   399.2   469.8   590.2  1438.7  35266.0    35346
read      255.3   117.3    80.4   125.0   139.4   242.5   291.2   319.3   339.5   361.6   388.8   428.2   502.7   627.5  4425.2  55240.0    55125
read      255.6    90.3    80.4   131.5   147.5   249.1   288.8   312.9   330.3   348.3   370.9   405.7   479.0   623.5  1258.8  40422.0    40276
read      252.3   101.5    74.4   122.2   136.4   237.1   288.9   318.3   339.0   362.6   391.9   433.7   522.5   674.9  1517.9  63053.0    62712
read      246.5   106.8    74.4   119.1   132.2   226.5   278.4   309.8   331.9   357.8   390.1   436.0   538.5   750.6  2055.2  75494.0    75879
read      254.0    82.5    80.4   134.1   149.9   250.2   287.6   307.9   322.4   340.1   363.9   397.9   465.3   585.5   974.3  37736.0    37820
read      260.7   145.4    80.4   127.7   142.3   247.4   295.2   322.5   340.5   362.5   388.9   426.8   506.6  1796.2  5744.3  51499.0    51426
read      258.7    85.5    74.4   135.7   152.3   254.9   292.7   314.9   330.9   348.5   371.6   403.1   467.7   544.0  1415.8  37337.0    37336
read      245.7   115.2    74.4   120.6   134.4   223.9   273.2   301.9   325.3   352.5   387.9   438.0   550.9   859.0  2742.1  98469.0    98811
read      246.3   110.8    74.4   121.8   135.3   223.7   272.8   302.8   326.5   353.6   388.3   439.4   562.3  1005.9  2147.7 102346.0   102611
read      255.3    76.1    80.4   140.0   156.9   252.8   286.2   305.4   319.1   336.4   357.1   387.6   446.9   531.6   961.1  30629.0    30209
read      246.0    82.8    93.8   152.5   168.8   241.9   266.1   279.5   291.2   305.4   323.0   350.3   403.0   579.8  3930.6  19349.0    19127
read      256.8    83.6    80.4   137.1   153.3   252.3   288.8   309.7   325.0   342.9   364.8   398.4   468.8   575.0  1267.8  34974.0    34838
read      234.3    60.2    93.8   155.3   169.9   229.0   250.7   263.2   271.7   283.7   299.6   331.2   392.7   903.8  1083.3  12103.0    12221
read      247.7   109.1    74.4   121.5   135.4   225.5   276.1   305.9   329.5   358.0   393.8   443.9   550.0   805.7  1996.8  92655.0    92770
read      248.3   112.4    80.4   122.2   136.5   226.6   276.6   306.5   330.0   357.7   392.1   441.3   542.6   787.7  3820.1 100029.0   100281
read      255.9    83.0    80.4   142.9   160.6   251.8   283.8   302.1   316.6   333.5   353.7   385.2   452.3   582.7  1911.8  28287.0    28246
read      250.7   105.4    74.4   123.5   138.2   229.7   279.5   308.6   331.6   359.0   394.4   447.2   554.6   890.4  1182.9  97585.0    97699
read      251.3   116.1    80.4   124.5   139.2   229.5   278.0   307.2   330.3   358.7   394.6   446.6   555.2   981.2  3567.6  98994.0    99005
read      256.6   108.8    80.4   127.3   141.6   234.8   285.4   315.8   339.3   367.2   402.2   456.3   574.4   889.4  1709.6 102647.0   102169
read      255.8    94.2    80.4   128.1   143.0   246.0   292.7   319.0   337.5   358.3   383.9   422.1   500.7   645.9   872.7  51511.0    51450
read      249.2   136.1    86.8   151.0   168.4   241.2   266.5   280.6   291.7   305.8   324.0   352.8   421.6  2253.9  7603.5  17770.0    17676
read      231.0   105.4   101.3   158.5   171.7   223.4   242.5   252.6   261.0   270.8   286.0   314.1   377.8  1036.7  4143.9   7782.0     7745
read      253.8    95.0    74.4   126.5   141.4   244.0   289.0   316.3   335.1   355.3   379.3   417.8   498.9   654.0  1805.9  48648.0    48978
read      254.7    95.8    80.4   129.6   145.0   247.5   289.6   313.5   330.5   348.9   372.4   407.6   488.3   613.9  3317.5  43497.0    43452
read      244.7   101.8    74.4   119.9   133.6   224.2   275.3   305.5   328.2   353.7   387.1   434.6   536.3   765.0  1100.5  89961.0    90767
read      255.6   113.0    80.4   127.6   142.2   246.2   291.2   317.2   334.6   354.1   378.9   414.1   493.4   764.0  3553.6  47748.0    48262
read      247.0   102.1    74.4   120.2   133.9   227.2   278.9   309.4   332.3   359.2   392.2   438.7   531.9   686.1  1013.1  83100.0    83478
read      246.3   103.5    74.4   119.6   133.1   227.5   278.2   307.9   330.2   356.4   389.4   434.2   530.4   688.4  2048.3  76480.0    76521
read      232.8    64.8    86.8   155.6   170.6   227.5   248.5   260.7   269.7   281.1   296.6   324.6   385.6   639.6  2020.2  11103.0    11107
read      247.2   102.8    74.4   119.9   133.7   229.8   280.5   309.7   330.9   355.3   386.9   431.9   530.9   680.0  1987.3  69851.0    70605
read      254.7   129.8    74.4   143.6   162.2   249.5   279.0   297.0   310.6   325.5   345.0   375.1   448.4   575.5  7239.3  26596.0    26675
read      260.3   100.1    80.4   129.6   144.8   249.2   296.2   325.5   343.7   365.2   391.9   431.4   509.7   649.6  1494.4  52217.0    52233
read      259.1   138.7    80.4   127.2   142.2   244.5   292.7   321.4   340.6   362.7   391.4   433.7   541.4   792.0  8275.8  55310.0    55622
read      252.0   107.8    74.4   125.0   139.5   230.4   280.1   310.4   332.8   359.0   393.8   446.8   570.8   992.9  1453.0  99572.0    99805
read      257.4   129.6    80.4   125.5   139.6   233.4   284.1   314.7   338.2   366.6   401.9   456.1   589.1  1458.1  3524.1 106873.0   107061
read      255.9   119.3    80.4   125.2   140.3   239.6   290.3   318.8   340.7   365.0   394.6   435.3   524.7   692.3  3850.6  61983.0    61661
read      252.7   100.5    74.4   124.3   139.0   235.4   288.5   318.8   340.0   363.7   392.5   434.1   521.4   665.8  1341.7  67352.0    67279
read      250.6   114.6    80.4   121.5   135.7   229.6   281.4   312.7   335.6   362.3   395.4   445.7   552.0   748.5  2938.9  77287.0    76808
read      242.6   156.7    93.8   162.9   176.5   233.2   254.8   267.1   274.9   288.4   306.0   337.0   411.4  1109.1  9577.0   8901.0     8778
read      250.8   122.3    74.4   121.6   135.7   226.9   275.5   305.9   330.1   358.0   394.0   448.0   603.3  1347.1  2839.0  96282.0    97193
read      251.6   140.9    80.4   124.6   139.2   230.1   278.3   307.5   329.6   355.6   391.2   443.4   557.7   862.2  4648.3 107200.0   107071
read      237.3    72.1    86.8   160.8   174.5   231.8   252.9   264.8   272.6   284.6   300.3   327.7   395.4   963.5  2548.0  10937.0    10948
read      256.4    76.6    86.8   145.2   162.6   253.3   284.5   303.0   315.9   331.3   349.5   382.3   452.3   590.9  1585.6  27827.0    28130
read      259.5    99.5    80.4   129.2   143.8   249.0   297.7   324.4   342.4   363.7   389.9   429.4   517.1   636.4   941.0  51414.0    51359
read      258.8    99.8    80.4   128.1   142.3   246.4   296.2   325.5   345.4   368.1   395.4   434.6   514.8   668.1  1432.8  55804.0    55853
read      251.0   119.1    74.4   122.0   136.1   229.6   279.8   310.2   333.4   360.5   395.3   447.3   562.8   807.0  4387.6  90298.0    90627
read      248.0   108.1    80.4   121.7   135.6   226.5   276.2   305.7   328.4   355.5   391.6   445.0   564.4   870.4  1491.8 101934.0   102228
read      258.2   129.7    80.4   125.4   139.9   234.0   285.0   316.4   339.8   367.9   403.5   459.8   592.9  1299.7  3221.0 104211.0   104734
read      250.4   110.2    80.4   123.4   137.6   228.7   278.4   308.1   330.7   357.9   392.9   447.0   570.1   885.6  1704.4 106165.0   106083
read      255.7   126.6    74.4   124.2   138.4   232.2   284.6   315.6   338.7   366.4   402.0   456.2   580.8  1190.9  4296.7  95447.0    95336
read      249.3   104.4    74.4   120.9   134.4   229.2   281.4   312.3   335.4   362.7   397.3   445.2   535.1   689.2  1658.2  77645.0    76589
read      263.5   129.5    80.4   128.1   142.8   239.0   289.6   320.5   345.0   374.7   415.4   470.1   617.9  1352.5  3090.7 103194.0   103772
read      279.1   182.6    80.4   133.0   149.0   250.7   303.7   337.2   361.8   391.6   429.8   490.9   654.8  3248.5  4876.0 109970.0   109839
read      242.7    65.1    93.8   152.2   169.4   238.8   263.2   275.9   287.5   300.0   317.7   345.1   402.4   668.9  1948.9  17478.0    17359
read      256.7   114.2    80.4   139.5   156.2   252.9   286.8   306.2   319.7   335.7   354.8   384.5   447.5   569.4  5121.1  30834.0    31011
read      255.0   137.6    74.4   124.1   138.4   236.1   287.8   318.4   340.6   364.9   395.5   439.2   526.2   878.0  5437.7  67434.0    67619
read      246.3    73.6    86.8   153.7   170.9   241.2   266.2   279.8   291.1   305.1   323.4   353.2   420.9   895.3  2242.4  17578.0    17471
read      250.7    93.6    80.4   144.7   162.5   245.9   273.7   291.4   304.7   320.1   339.1   367.9   429.8   672.3  3441.3  23823.0    24062
read      249.9   124.0    86.8   144.8   162.9   244.1   272.1   289.2   302.0   317.7   337.8   367.8   433.6   605.0  7862.2  23780.0    23520
read      251.3    98.5    80.4   123.8   138.6   239.3   287.0   314.6   334.3   356.7   384.8   425.4   500.1   616.8   832.8  56300.0    56489
read      250.7   123.3    74.4   121.1   135.1   232.7   284.4   314.3   336.1   360.8   391.2   435.2   528.7   694.7  4612.3  69440.0    69348
read      258.6   125.5    80.4   125.8   140.5   235.1   286.5   317.4   341.2   369.3   404.4   460.9   594.0  1064.5  2370.1 108381.0   108974
read      255.7   164.0    68.9   121.6   135.5   230.9   282.9   315.4   339.2   366.5   400.1   450.1   565.7  2397.2  7022.8  79197.0    79285
read      256.9    97.6    74.4   126.6   141.2   244.7   292.5   322.3   341.8   364.1   391.5   431.9   514.3   638.0   791.8  54234.0    54257
read      263.0   154.0    80.4   134.1   150.1   253.1   292.1   315.5   332.2   350.6   374.4   412.4   493.0  2449.5  6340.5  40079.0    40106
read      255.5    88.8    80.4   139.9   156.6   251.6   285.1   304.8   319.6   336.5   357.0   388.8   453.7   672.7  3730.8  31404.0    31207
read      244.3   101.7    74.4   121.0   134.7   223.8   273.7   303.0   324.9   350.9   385.8   435.1   529.4   691.5  1591.6  94216.0    94507
read      226.9   104.4    93.8   155.0   168.1   218.1   237.2   248.9   256.9   267.7   282.0   310.0   398.7   998.6  4214.5   5613.0     5506
read      240.5    78.5    86.8   154.8   171.5   235.4   258.5   271.1   280.8   292.9   311.0   340.7   399.2   575.4  3180.6  14304.0    14400
read      252.0   107.8    80.4   122.1   136.0   231.7   283.8   314.9   338.4   365.4   399.7   448.5   549.9   738.4  1393.5  78691.0    78967
read      250.5   103.8    74.4   121.4   134.8   233.1   284.1   313.4   335.2   360.6   392.8   436.5   530.2   730.0  1704.6  69660.0    69388
read      258.4    98.4    80.4   138.0   154.5   253.4   290.3   311.7   326.5   342.8   364.8   397.1   467.4   807.3  2879.6  35103.0    35215
read      254.5   100.5    80.4   124.9   139.4   241.5   290.8   318.2   337.7   361.2   390.3   430.6   516.7   668.5  1032.7  58315.0    58494
read      253.4   104.3    68.9   124.3   138.5   236.3   288.3   319.3   340.9   364.9   393.7   434.5   528.6   753.5  1074.4  65949.0    65990
read      259.5    89.7    86.8   131.9   147.8   253.3   296.7   322.7   339.4   358.8   382.5   416.7   475.3   570.6   913.4  44297.0    44222
read      247.7    94.8    86.8   151.2   168.7   242.9   269.6   284.6   295.3   310.4   329.0   355.6   412.7   528.8  6021.1  19193.0    19337
read      240.5   100.3    74.4   119.6   133.0   219.0   268.9   298.8   321.4   346.2   379.0   427.9   527.1   748.6  1320.5  98419.0    98916
read      246.8   114.9    80.4   120.9   134.4   225.8   276.8   307.3   330.2   357.1   390.1   437.4   541.2   725.0  4160.4  87273.0    87381
read      260.1   114.9    80.4   131.9   148.1   252.5   294.3   318.2   334.4   352.3   374.7   408.7   478.3  1635.8  2878.9  40269.0    40281
read      260.1    87.7    80.4   136.3   152.9   255.2   293.5   317.5   333.9   351.7   373.7   406.8   472.7   621.1  1397.7  37938.0    37810
read      252.4   104.8    80.4   124.3   138.4   231.6   283.8   314.9   337.9   364.6   398.2   447.8   548.1   753.8  1313.9  88169.0    88453
read      257.2   114.0    80.4   127.5   141.6   234.9   286.2   317.7   341.5   369.2   404.0   456.1   566.9   958.4  1918.1 101473.0   101489
read      254.1   100.9    80.4   124.8   139.4   239.6   290.1   319.3   339.1   361.5   389.8   431.3   519.9   700.6  1744.5  60666.0    60562
read      254.9   108.5    80.4   124.3   138.4   235.8   288.7   320.3   342.4   368.4   400.2   445.6   541.8   726.7  1913.0  74623.0    74653
read      232.4    90.6   101.3   157.3   170.9   226.0   246.3   257.6   266.5   275.6   292.8   320.0   387.7   969.8  4910.4  11510.0    11749
read      257.5   105.9    80.4   129.3   144.4   247.7   292.4   318.5   337.4   358.8   384.1   420.6   496.1   718.9  3780.3  48285.0    48618
read      256.2   108.7    80.4   126.4   140.7   234.1   285.8   317.7   341.7   368.7   403.8   457.8   571.6   848.9  1333.9  95653.0    95605
read      254.3   112.8    74.4   124.3   138.8   232.7   284.5   314.7   337.9   365.8   400.7   452.9   566.0   825.4  2165.9  92475.0    92625
read      252.2   131.6    80.4   123.8   137.8   231.7   283.0   314.6   338.9   366.5   399.8   446.0   539.1   694.4   850.8  82261.0    82221
read      259.5    93.2    80.4   131.4   146.9   250.7   294.7   322.5   340.8   360.7   384.8   422.5   494.3   607.3  1317.8  46661.0    46975
read      256.9   116.3    80.4   127.5   141.6   235.0   286.4   317.9   341.8   368.8   402.4   453.7   568.4   810.5  2012.3  96498.0    96256
read      261.7   119.5    80.4   129.5   144.1   238.5   289.9   321.6   345.0   372.9   408.9   463.2   589.2  1145.2  3416.7 102865.0   102722
read      277.5   148.2    74.4   134.0   149.8   250.0   303.8   337.4   362.1   391.9   430.2   490.9   679.5  1932.2  2753.1 109799.0   109956
read      263.9   165.3    80.4   127.6   141.6   236.8   289.6   322.2   346.6   374.6   412.6   466.0   609.9  1671.9  5791.1  93201.0    93397
read      258.7    84.0    80.4   138.4   153.5   254.6   291.7   313.8   329.5   346.4   369.0   401.7   472.4   602.3  1089.2  36859.0    36796
read      255.9   116.8    74.4   127.2   141.4   241.3   291.1   319.0   339.3   363.1   392.2   432.2   508.7   662.4  4384.2  60403.0    60338
read      250.6   103.5    80.4   123.7   137.8   229.2   281.2   312.8   335.9   362.7   395.8   444.2   553.1   742.4   905.4  88137.0    88191
read      251.6   329.2    86.8   156.8   171.4   223.2   242.5   253.6   263.4   273.7   293.2   332.1   655.7  6992.8  8938.4   7894.0     7900
read      254.3    77.8    86.8   144.8   162.9   250.1   280.2   298.0   312.2   328.0   346.3   377.3   453.3   616.7  1317.7  26670.0    26617
read      249.6    91.4    86.8   144.4   161.6   244.8   272.7   289.0   300.7   315.9   335.4   365.2   436.2  1151.0  3051.1  25125.0    25396
read      250.2   104.7    74.4   123.2   137.2   229.1   280.4   311.3   335.6   363.2   396.2   445.6   545.5   745.3  1273.2  87629.0    87872
read      247.6   113.7    74.4   122.0   136.1   225.1   273.6   303.7   326.5   352.9   387.7   439.0   564.8  1080.1  2150.2 106493.0   105715
read      262.6   144.4    80.4   128.1   142.5   236.8   287.6   318.1   342.0   370.8   406.3   462.0   617.0  1889.3  3555.0 108487.0   108698
read      253.8   104.8    80.4   127.6   141.3   242.0   288.7   318.0   336.8   357.5   383.2   421.2   498.4   660.5  3291.9  55378.0    55441
read      251.4   103.9    74.4   125.3   139.7   230.2   280.0   310.3   333.6   360.6   395.0   445.8   550.4   776.0  1438.5 105284.0   105384
read      261.3   126.7    80.4   129.1   143.4   237.3   288.8   320.2   343.8   372.7   407.4   461.0   586.9  1187.4  4001.6 106238.0   106644
read      254.2   117.4    74.4   124.7   138.8   232.1   285.3   317.0   340.7   368.0   400.5   447.6   546.6   889.1  3257.1  84204.0    84799
read      240.3   135.2    86.8   155.1   170.6   231.3   252.8   265.4   273.6   286.7   303.5   331.3   403.0  1953.9  7724.7  13749.0    13372
read      251.0    71.2    93.8   146.1   163.3   248.0   276.1   292.8   305.7   320.6   341.2   371.9   435.2   534.4  1005.1  25481.0    25818
read      258.9    96.6    74.4   134.3   149.7   254.1   294.8   318.3   335.0   353.4   375.0   408.3   474.5   591.7  2716.2  42674.0    43197
read      236.7    57.6    86.8   152.4   168.5   233.6   256.6   268.6   276.7   289.2   304.9   330.9   384.3   532.7  1013.5  16436.0    16342
read      254.5   106.6    74.4   126.4   140.7   240.8   290.0   317.5   337.9   360.8   388.6   428.5   507.8   684.0  2453.0  59671.0    60414
read      251.5   105.7    80.4   124.9   139.1   230.0   279.9   310.3   333.5   361.0   396.0   448.6   559.0   807.9  1182.3 104900.0   105092
read      253.4    82.7    80.4   142.3   159.2   249.6   280.9   298.3   312.4   328.2   346.7   379.8   444.1   832.3  2335.7  29101.0    29202
read      219.0   148.6   101.3   153.8   165.4   211.6   229.1   238.7   246.8   254.9   267.4   287.8   365.8  1012.4  9840.4   5433.0     5224
read      254.6   135.8    74.4   127.2   141.0   232.3   282.2   312.0   334.8   362.0   396.2   447.7   559.4   957.2  5225.1 103618.0   104734
read      259.6   134.7    74.4   129.7   144.2   235.9   287.0   317.2   340.7   368.4   402.5   455.0   578.6  1001.1  5145.6 105967.0   106273
read      258.0    94.4    80.4   133.2   148.7   251.8   295.1   320.6   336.6   354.1   374.7   408.6   471.9   571.3  1039.9  44850.0    44596
read      250.2   117.3    80.4   125.0   139.0   228.3   277.5   307.2   330.4   358.6   393.0   440.7   540.7   880.5  2907.8 108309.0   108135
read      258.2   100.7    86.8   134.9   150.4   251.3   292.1   315.3   331.9   350.2   374.0   411.0   483.3   662.3  4454.0  41951.0    41488
read      254.8   124.0    80.4   124.8   138.9   236.3   288.6   319.9   341.6   365.7   394.9   435.5   524.8   711.1  3957.0  68004.0    68048
read      250.7   115.2    74.4   124.1   138.3   227.5   277.2   307.4   331.3   359.3   394.2   446.5   574.9   993.3  2563.3 101470.0   101205
read      245.1    68.5    86.8   149.1   165.3   241.7   267.6   281.9   292.7   307.5   326.7   353.3   415.8   560.8  1718.8  22124.0    22018
read      240.2   135.7    93.8   153.2   169.3   233.3   254.7   266.9   274.5   287.3   303.3   331.7   398.9  1453.5  7694.4  14755.0    14763
read      251.2   104.3    74.4   123.1   137.2   230.6   283.7   314.2   337.2   364.2   396.8   443.8   542.5   685.1  1566.2  79597.0    80132
read      225.2    85.2    93.8   157.9   170.3   219.8   237.0   248.4   255.7   266.2   277.9   300.2   365.3   940.7  5615.6   8279.0     8180
read      245.9    66.7    86.8   150.6   167.3   242.8   267.5   281.4   293.1   308.2   326.8   352.9   409.4   548.8  1183.5  20568.0    20631
read      266.9   159.7    80.4   131.3   147.0   243.5   294.0   325.0   348.4   375.6   412.9   466.8   605.0  1110.2  5770.9 109550.0   109472
read      258.7    91.3    80.4   132.8   147.7   251.1   295.8   321.8   338.8   358.0   381.3   416.6   486.5   602.9  1222.5  46420.0    46664
read      220.8    70.6    93.8   154.8   166.7   215.8   233.8   244.8   252.3   262.3   273.7   296.5   361.3   910.3  3892.2   5949.0     6150
read      238.1    83.6    86.8   151.7   167.7   233.6   256.5   268.9   277.6   290.6   307.3   333.2   390.5   935.5  4514.0  16685.0    16610
read      261.8    95.1    86.8   136.7   152.0   255.1   297.9   323.5   339.6   357.7   379.3   416.1   488.1   613.3  1542.0  42513.0    42753
read      231.7    58.6   101.3   161.9   175.1   227.0   246.3   256.6   265.1   273.7   289.2   315.5   368.4   889.1  2051.3   9112.0     9304
read      228.8    61.0   101.3   159.6   173.3   223.1   242.5   253.2   261.9   271.5   286.5   313.0   378.5   961.2  1969.8   8881.0     8734
read      260.2   111.5    80.4   128.8   143.1   238.3   290.9   324.1   347.7   375.7   409.6   459.2   566.4   790.2  3244.9  89014.0    89512
read      262.8   120.6    80.4   130.5   145.0   245.2   297.3   328.2   348.0   371.6   401.6   447.3   549.0   765.5  3508.1  58760.0    58784
read      286.4   125.2    80.4   138.2   155.0   262.6   318.2   352.8   378.5   409.0   448.6   508.6   660.6  1064.9  1557.8 104548.0   104359
read      230.9    69.6   101.3   160.8   174.6   226.1   245.3   255.4   264.1   272.9   287.3   310.8   369.0   954.6  3126.6   8816.0     8750
read      275.2   208.9    80.4   137.3   153.1   253.8   292.9   317.8   338.0   363.2   395.8   452.1   699.8  3235.5  7865.2  31806.0    31858
read      257.8   122.1    86.8   145.0   162.2   248.7   278.3   296.3   311.5   329.7   354.4   392.7   470.9  1832.8  3480.9  20761.0    20648
read      258.0   121.9    80.4   125.2   139.5   234.8   287.3   318.7   342.1   371.3   408.9   467.4   590.2   774.0  2028.9  91055.0    91120
read      243.2   111.5    74.4   120.5   134.2   222.9   272.0   301.7   323.9   349.2   382.1   429.3   524.4   689.9  1980.3  92468.0    91975
read      245.8    99.2    74.4   121.9   135.5   228.0   278.4   307.0   328.4   353.6   385.3   431.2   509.3   641.3   909.8  79242.0    79487
read      247.7   105.0    80.4   123.2   137.2   226.8   276.9   306.8   330.1   357.5   391.9   440.1   534.4   713.1  1184.5  93591.0    93804
read      254.4    87.3    80.4   131.0   146.1   248.9   291.6   314.4   330.7   348.7   371.4   405.5   471.7   582.4  1024.3  48031.0    47660
read      254.9    99.1    80.4   128.8   143.5   243.8   290.8   317.3   335.3   355.3   381.0   421.4   497.1   634.2  2913.7  53567.0    53383
read      251.6    94.2    74.4   124.7   139.3   239.1   289.5   316.8   336.0   357.7   384.6   423.8   494.7   593.6   711.2  60799.0    60697
read      246.7    73.0    80.4   152.6   170.0   243.8   267.9   281.5   292.7   306.1   321.0   345.8   401.6   876.3  3233.7  19881.0    19954
read      248.8   107.2    80.4   122.3   136.2   230.1   281.2   310.4   332.3   358.8   392.0   436.0   522.3   647.1  2228.8  76703.0    76807
read      252.5   114.6    80.4   124.4   138.6   230.2   280.7   310.3   333.0   360.6   395.9   450.7   575.6   966.0  1853.6 103125.0   102724
read      256.0   137.0    80.4   136.2   153.0   250.8   286.1   307.0   322.5   339.5   359.7   389.6   455.2   692.3  7820.3  37023.0    36517
read      243.2   105.5    74.4   119.9   133.2   223.2   273.3   301.9   324.0   350.3   384.2   432.9   525.2   653.8  2033.1  90246.0    90439
read      246.3   101.0    74.4   122.8   136.5   226.0   275.9   306.5   329.5   355.9   388.7   435.6   530.8   687.7  1419.0  92276.0    92826
read      255.2   127.5    74.4   125.6   139.7   233.0   283.7   314.3   337.0   363.6   398.1   452.1   559.3   947.0  3837.8  99765.0    99778
read      248.3   101.6    74.4   122.8   136.6   228.4   280.2   310.7   333.6   359.4   392.0   436.7   530.1   671.0  1156.5  87272.0    87276
read      249.9   120.6    80.4   123.0   137.1   231.7   282.5   313.2   334.6   357.8   387.0   429.6   508.4   724.7  4261.9  67429.0    67275
read      232.1    55.8    86.8   158.9   174.1   228.0   247.5   258.0   265.9   273.9   288.7   314.4   378.6   925.4  1009.4  10064.0    10087
read      256.8    95.8    80.4   133.3   149.4   251.2   291.5   313.9   330.2   348.1   370.9   404.4   470.4   597.3  3727.1  41536.0    41900
read      252.2    95.0    80.4   125.5   139.5   240.0   288.9   316.0   336.1   358.5   385.0   425.2   498.0   593.6  1072.7  60215.0    60263
read      250.3   105.4    74.4   122.6   136.8   230.7   283.1   313.9   336.5   362.3   394.5   440.8   530.2   706.8  1052.2  79607.0    79470
read      251.4    78.2    86.8   151.8   169.9   247.4   272.5   288.2   299.4   315.4   334.7   363.6   425.6   804.9  2017.8  21263.0    20947
read      249.0   108.3    74.4   122.1   136.3   229.8   281.6   311.1   332.9   358.3   390.7   436.0   525.7   713.9  2153.3  78562.0    79025
read      250.3   105.9    80.4   123.4   137.3   229.0   279.5   309.5   332.4   359.7   395.7   448.9   553.4   779.3  1421.0  93723.0    93419
read      248.9   125.4    74.4   122.5   136.1   227.4   278.1   307.9   331.1   358.1   392.4   442.8   543.5   704.6  4280.8  87155.0    86804
read      237.6    68.5    93.8   160.5   176.8   233.4   253.5   265.0   272.3   283.4   297.0   321.8   385.8   948.4  3196.9  11475.0    11405
read      260.0   124.8    80.4   139.4   156.4   255.7   290.4   311.2   326.2   342.7   363.8   395.0   461.2   574.5  6730.8  33910.0    33882
read      229.2    75.9    93.8   159.4   173.0   223.2   242.3   252.6   261.2   270.9   285.4   311.2   369.5   999.0  3031.8   8371.0     8430
read      233.0   116.1    93.8   160.8   174.3   225.6   244.8   254.8   263.2   271.6   286.0   310.2   381.1  1937.2  7090.8   7980.0     7942
read      247.3   101.5    80.4   123.9   138.0   226.0   275.4   305.6   328.8   356.1   390.8   440.5   537.2   676.5   887.3 104109.0   105057
read      247.7   113.8    74.4   121.7   135.5   227.7   278.9   309.1   332.6   359.1   390.9   435.9   520.7   660.7  2185.5  82623.0    82445
read      256.0    88.2    80.4   134.8   150.8   252.0   290.2   312.0   327.8   344.8   366.7   398.0   465.7   577.8  1701.5  40382.0    40392
read      243.0    66.7    86.8   156.0   174.2   239.4   261.4   272.9   283.0   294.8   312.3   339.5   406.5   937.5  1424.9  16514.0    16556
read      244.7   100.0    74.4   120.5   134.3   224.3   275.1   305.1   328.5   355.6   388.4   434.8   526.4   677.7  1032.3  91766.0    91947
read      255.4   101.1    74.4   144.0   161.4   251.3   281.3   298.5   312.4   328.1   346.8   375.0   445.4  1244.4  2911.1  28412.0    28551
read      247.8   100.5    80.4   121.7   135.5   228.5   280.0   309.7   332.1   359.0   392.7   438.5   524.0   649.4   883.6  78556.0    78108
read      246.8    89.2    86.8   154.4   172.4   242.9   266.7   279.7   290.8   304.4   321.6   347.1   403.2   564.5  4584.8  18681.0    18719
read      241.1    84.8    93.8   159.1   175.3   236.2   257.3   268.9   276.8   289.2   305.0   332.7   397.0   909.1  4178.5  13438.0    13168
read      257.6   124.9    74.4   130.0   145.4   248.8   294.4   318.3   334.9   353.5   376.8   411.9   479.6   622.4  4976.5  48033.0    48375
read      250.7   127.8    74.4   123.7   137.9   228.5   278.8   309.2   332.9   360.4   395.6   447.4   544.5   725.5  4674.4  98498.0    98215
read      251.2    97.1    74.4   124.5   139.3   237.6   287.5   315.1   334.8   357.2   385.1   427.4   501.4   593.8  1255.0  61988.0    62057
read      246.0   113.8    74.4   121.8   135.4   225.8   275.4   305.0   327.4   353.4   386.3   434.9   529.3   671.1  4193.3  95057.0    94693
read      249.4   107.2    74.4   123.6   137.6   229.3   280.3   310.0   332.1   358.1   392.0   441.3   535.5   720.3  1712.8  92584.0    92475
read      247.6   100.6    74.4   121.7   135.8   228.3   279.8   310.5   333.3   359.3   390.8   436.2   521.5   640.2  1153.9  83141.0    83505
read      257.0   117.8    74.4   127.0   141.2   233.8   285.9   316.9   340.5   367.8   403.1   458.6   574.8   840.5  2673.6 110247.0   109987
read      249.4   114.8    74.4   123.5   137.6   229.1   279.9   309.8   332.6   358.7   392.3   440.2   535.7   719.2  1875.9  94299.0    93810
read      253.8    97.1    80.4   126.5   141.2   242.2   291.5   317.6   336.4   358.1   384.9   422.5   492.9   599.2  1801.2  56064.0    56123
read      247.8    92.7    86.8   149.9   167.9   243.7   269.4   284.4   295.2   309.8   327.7   356.8   420.0   540.8  3220.8  20474.0    20359
read      255.7   111.5    74.4   127.4   141.8   243.8   292.4   318.9   337.2   358.6   386.1   425.1   497.6   634.8  4136.7  54007.0    54191
read      248.4   103.1    80.4   123.5   137.9   227.7   278.0   308.0   330.6   357.9   392.2   441.6   536.8   675.7  1787.6  98160.0    97761
read      251.0   104.3    74.4   124.8   139.0   230.4   280.6   310.5   333.4   361.5   396.0   445.4   542.7   708.5  1438.3 101213.0   101798
read      240.3    63.1    93.8   160.2   175.7   235.2   256.9   269.0   277.3   290.2   306.6   332.4   398.7   983.7  1345.2  11989.0    11665
read      240.7   111.6    74.4   119.3   132.5   219.9   269.4   296.7   318.9   346.2   380.7   429.3   518.4   690.2  3195.3  93081.0    93664
read      232.9   105.4   101.3   159.1   173.6   225.7   245.7   257.2   265.9   274.7   292.4   319.7   385.4   983.1  7124.8   7371.0     7403
read      249.8   103.4    74.4   123.7   137.8   231.5   282.9   311.4   333.3   358.9   391.2   437.0   520.5   662.6  1003.3  72064.0    73227
read      247.0   102.8    80.4   121.8   135.6   228.0   278.4   307.4   329.0   354.7   388.5   436.2   529.9   681.9  1160.6  91077.0    91119
read      247.3   104.3    74.4   122.1   135.7   228.9   280.2   310.1   332.1   356.4   387.3   431.0   518.3   657.2  1352.6  76348.0    76654
read      254.8   116.2    80.4   129.0   143.5   244.9   290.1   314.9   333.0   353.7   380.0   417.6   490.8   593.9  1721.0  51951.0    52293
read      242.0    59.8    93.8   157.3   173.0   238.1   260.5   272.7   283.1   295.1   312.0   338.0   398.8   885.0  1008.5  15182.0    15050
read      246.5   101.3    74.4   121.6   135.7   226.4   276.4   306.1   329.0   355.1   388.5   436.7   538.3   699.2  1062.6  87874.0    88148
read      240.6    80.6    93.8   157.8   173.6   234.8   256.3   268.9   277.6   291.0   307.8   333.2   391.4   998.2  2548.0  13743.0    13524
read      254.0    93.3    74.4   127.3   142.0   243.5   291.5   316.9   334.8   355.4   381.9   421.7   497.8   596.5   981.9  54702.0    54805
read      238.9    82.6    93.8   157.3   172.8   233.2   254.7   267.0   274.7   287.4   302.8   329.5   396.2  1363.9  2961.6  14217.0    14412
read      249.9    99.5    74.4   122.0   136.1   234.3   285.1   315.4   336.4   359.3   388.4   430.8   507.3   628.7  1322.6  68580.0    68941
read      244.7   100.7    74.4   121.5   135.0   224.9   274.9   305.1   327.7   352.8   386.3   433.6   519.3   641.2  1191.4  89392.0    89820
read      246.2   100.6    74.4   121.6   135.3   226.8   277.4   306.1   328.3   355.6   389.7   437.0   523.9   654.9   998.1  91026.0    91153
read      249.8    79.7    80.4   146.8   164.7   246.5   273.2   289.8   301.8   316.5   336.0   364.9   430.2   533.9  2163.3  24472.0    24369
read      257.3   103.3    80.4   133.5   149.8   252.1   290.9   314.4   331.4   349.7   372.2   406.4   471.8   574.0  1321.9  42521.0    42486
read      253.4    85.0    86.8   143.7   161.1   250.3   280.4   296.8   310.5   325.7   344.8   375.4   433.9   636.0  2509.9  27639.0    27648
read      255.4    81.3    86.8   140.2   156.6   252.7   285.6   304.2   318.7   335.4   355.4   385.8   449.0   594.1  1945.1  32160.0    31851
read      250.4   104.0    74.4   124.9   138.9   229.8   280.1   309.9   332.6   359.8   394.3   444.7   541.6   679.7  2410.1 100136.0   100322
read      250.1   169.4    74.4   122.6   136.5   228.7   278.9   307.8   330.1   356.9   391.2   440.8   543.5   791.7  4288.3  93428.0    94014
read      245.5    74.8    80.4   157.1   174.2   241.2   264.3   275.7   286.6   297.5   315.7   342.9   413.1   781.9  3071.8  16698.0    16913
read      224.7    57.3    93.8   159.3   172.1   219.9   237.6   248.8   256.2   265.9   276.1   298.4   363.6   926.7  1946.9   5957.0     5947
read      253.0   134.7    74.4   123.2   137.2   231.4   283.5   313.0   335.6   362.0   394.6   440.5   541.2  1165.3  3684.9  76580.0    77583
read      225.1    67.5   101.3   157.9   170.3   220.6   238.1   248.5   254.9   265.5   277.1   302.1   367.3   629.2  3594.9   6271.0     6265
read      251.2    96.2    80.4   124.0   138.7   239.0   286.8   314.2   334.5   357.1   384.2   422.0   495.4   590.1  1750.5  58780.0    58967
read      256.0    84.4    80.4   135.0   150.9   251.5   290.4   313.1   328.8   344.9   368.1   400.0   464.6   565.9  1100.1  40120.0    40532
read      253.8   101.9    74.4   126.5   141.1   242.5   290.9   318.1   337.5   359.0   384.8   421.6   491.8   588.0  3101.5  56376.0    56191
read      245.2   101.8    74.4   121.9   135.8   225.4   274.2   303.1   324.4   350.4   384.7   435.7   537.4   690.6  1653.5 103025.0   103011
read      250.9    74.3    86.8   147.5   165.3   248.4   275.2   291.2   303.1   318.0   336.8   365.7   425.8   528.6  1010.4  24518.0    24501
read      255.2    98.1    80.4   125.8   140.2   243.9   292.1   319.3   338.7   360.8   388.3   428.9   505.3   618.3  2243.7  57502.0    57444
read      252.1   107.8    80.4   124.6   138.9   239.6   288.0   315.2   334.6   356.0   382.5   425.1   503.5   645.0  1887.0  59927.0    60289
read      251.2   125.8    80.4   125.0   139.1   230.3   279.4   308.6   331.9   359.7   395.7   448.0   546.3   703.0  1985.6 103395.0   103880
read      257.2    83.8    86.8   141.2   159.0   254.7   288.0   306.7   320.0   337.1   357.9   389.1   450.4   574.1  2937.7  32485.0    32464
read      229.6    61.9   101.3   158.8   172.2   224.9   245.1   255.9   264.8   273.8   288.3   310.3   362.5   952.2  2123.0   9417.0     9285
read      259.7   118.7    80.4   130.2   145.0   239.0   289.1   319.2   341.7   369.0   404.8   457.8   561.1   720.8  3374.0 109032.0   109877
read      250.5    95.3    86.8   149.6   166.8   246.9   272.8   288.1   298.7   314.2   332.9   361.4   424.9   906.7  4909.6  23104.0    22850
read      258.7   126.5    80.4   136.2   152.1   253.0   289.0   309.8   324.7   342.0   364.3   397.2   468.6  1530.1  3955.6  37691.0    37879
read      245.6   100.9    74.4   121.8   135.6   225.8   276.3   304.7   326.9   353.8   387.5   435.3   526.6   648.5  1605.1  90983.0    90611
read      259.0    97.2    80.4   133.7   149.9   254.9   292.9   316.0   333.0   351.9   373.9   407.1   475.2   617.0  1975.1  42278.0    42389
read      247.1   106.2    74.4   121.5   135.6   226.8   277.3   307.2   329.8   357.3   392.2   440.9   531.4   662.6  1192.1  89620.0    89747
read      245.0    70.1    86.8   151.8   169.7   242.3   266.3   278.7   288.8   300.0   317.0   344.1   405.6   621.8  2680.2  18855.0    18888
read      248.2    71.2    80.4   154.8   173.6   244.2   268.1   281.7   292.6   306.2   322.5   348.9   421.7   936.9  1910.4  18376.0    18342
read      251.4   107.3    74.4   123.1   137.3   233.6   285.4   314.7   336.2   361.5   393.0   435.4   524.1   682.1  2983.9  71194.0    71509
read      245.1   103.7    74.4   121.9   135.7   224.0   274.4   304.6   326.5   353.8   387.6   435.1   530.9   667.1  1239.5  93889.0    93765
read      258.8    81.6    80.4   140.1   156.4   256.0   291.5   311.6   325.8   341.8   363.2   395.6   463.1   564.1  1959.4  35134.0    35150
read      237.6    94.2    93.8   158.3   173.9   230.9   251.5   263.5   271.6   283.3   298.8   325.2   400.3   994.0  4046.7  11651.0    11581
read      255.4    95.4    80.4   128.5   143.4   245.9   291.3   316.4   334.8   356.2   383.5   422.1   492.7   605.9  1438.7  51084.0    51412
read      231.0   103.2    86.8   159.4   173.3   225.6   244.9   255.2   263.8   272.4   287.0   310.3   376.7   994.4  7620.6   8601.0     8462
read      255.9   123.4    80.4   142.6   160.3   250.8   281.7   297.9   311.1   325.8   345.1   375.9   437.1  1571.4  4444.6  28657.0    28740
read      235.7   114.6    93.8   158.8   173.7   229.8   249.1   260.0   268.4   277.9   293.5   320.0   387.2  1006.1  2172.0  11703.0    11652
read      241.0   113.2    74.4   119.8   133.2   219.5   269.1   296.5   319.3   345.1   379.0   428.8   524.3   757.1  3323.4  98831.0    99757
read      256.1    82.2    80.4   138.0   154.8   252.8   288.0   307.6   321.7   338.8   360.5   394.9   464.1   549.7  1798.3  35103.0    35286
read      247.4   122.4    74.4   120.2   133.9   224.6   275.8   305.1   327.7   355.2   390.3   439.6   545.8  1410.9  2607.2  87890.0    87947
read      236.6    67.5    93.8   162.7   177.1   231.2   251.5   262.7   270.2   280.2   296.0   319.3   391.0   970.8  2569.4   9824.0     9792
read      246.5    86.3    93.8   161.6   178.2   241.3   263.7   275.0   286.1   297.3   315.3   342.8   410.2   901.4  1985.4  13407.0    13638
read      250.6   117.2    74.4   121.2   135.4   231.1   282.1   312.3   335.7   362.0   395.2   440.5   525.7   700.5  3458.2  75087.0    75307
read      245.3   110.2    74.4   120.8   134.6   224.6   274.9   304.1   326.5   353.2   387.3   436.5   530.4   664.7  2191.1  91598.0    91207
read      245.6   100.8    74.4   120.2   134.1   226.3   278.2   308.3   330.4   355.6   388.0   433.1   521.4   659.7  1181.5  81571.0    81855
read      244.8   103.2    74.4   121.7   135.5   223.8   273.8   303.3   326.0   353.0   387.3   435.2   528.7   715.7  1999.3  99957.0   100069
read      258.3    84.4    80.4   140.8   157.8   254.9   289.0   308.8   322.8   338.9   360.1   394.4   457.3   556.2  1485.8  32046.0    31951
read      246.9   107.0    74.4   122.6   136.6   226.0   275.5   305.6   328.5   355.1   389.3   438.0   538.1   706.1  2171.9 105133.0   104976
read      245.6   101.3    74.4   121.2   134.8   225.0   276.2   307.0   329.8   356.4   389.4   435.0   527.6   658.2  1420.0  86958.0    87502
read      251.0   112.0    74.4   122.4   136.6   231.2   283.9   314.1   336.0   361.4   394.5   441.3   536.2   707.1  3891.6  79847.0    80028
read      256.3    86.9    80.4   132.1   147.7   250.8   291.4   315.0   332.0   350.4   372.2   404.2   475.5   592.3  1002.9  44239.0    44225
read      248.4   107.2    74.4   121.3   135.5   230.8   282.5   311.8   332.7   357.1   388.4   433.0   515.3   619.1  1607.9  72244.0    72415
read      244.7   118.9    74.4   119.8   133.6   224.4   275.0   303.4   325.5   351.9   385.5   433.7   524.7   683.3  2547.9  87529.0    87807
read      256.4   115.6    74.4   124.5   139.4   239.2   291.0   320.4   341.7   366.0   395.7   438.0   528.3   900.6  2666.9  65225.0    65557
read      244.7    62.1    93.8   159.4   176.0   239.7   262.5   274.1   285.0   296.5   316.2   345.1   416.3   919.9  1016.2  14350.0    14385
read      255.7   110.8    86.8   146.1   163.5   253.4   281.7   298.1   313.2   329.5   346.9   374.6   434.5   574.3  1923.5  27512.0    27635
read      253.6   154.7    86.8   152.0   170.8   249.1   273.9   289.1   299.7   314.0   331.7   357.6   407.9   947.2  9130.5  20649.0    20715
read      254.7    96.3    74.4   127.8   143.0   243.6   291.8   317.3   335.5   356.0   381.9   423.9   499.1   591.1  1712.4  55235.0    55783
read      249.3   168.4    74.4   121.9   135.7   229.5   280.8   309.5   330.6   356.7   391.5   439.2   529.0   657.6   808.6  80268.0    80848
read      249.1   110.4    74.4   122.3   136.4   229.6   281.4   311.5   333.7   359.2   391.8   438.0   527.0   675.0  1997.0  82640.0    82586
read      247.4    99.5    74.4   123.5   137.9   227.8   276.3   305.7   327.7   354.3   388.7   438.0   534.0   665.3   901.9 103776.0   104093
read      256.6    92.0    80.4   129.3   144.4   248.3   293.6   319.4   337.4   357.4   381.6   418.5   489.6   576.6  1494.3  50510.0    50265
read      255.2   102.8    74.4   128.8   143.4   245.9   290.7   317.2   335.8   356.3   380.8   417.3   489.6   619.7  1876.0  52135.0    51931
read      236.1    64.7   101.3   159.8   174.8   230.2   251.1   263.1   271.1   282.1   296.8   325.5   394.1  1024.0  1607.1  10814.0    10802
read      246.3    99.5    74.4   120.7   135.0   227.2   279.2   309.1   331.5   356.7   388.3   432.2   519.3   640.9  1101.7  79251.0    79916
read      258.2    99.3    80.4   129.6   145.3   249.5   293.4   320.0   338.3   359.0   384.3   421.9   497.5   618.5  2368.6  50807.0    50498
read      250.0   111.0    74.4   122.7   136.7   230.9   282.4   312.3   334.7   360.3   391.7   436.2   526.0   689.2  2185.7  76045.0    75863
read      247.8   104.3    74.4   122.7   137.1   228.3   278.7   307.1   329.8   357.4   390.7   435.3   521.8   705.7  2203.0  89071.0    88817
read      255.2    73.1    80.4   145.7   163.5   252.4   281.5   297.8   312.0   328.9   352.1   384.2   442.2   612.9   988.4  28290.0    27861
read      258.9   116.9    80.4   139.8   157.0   252.9   287.4   306.8   320.2   337.2   358.6   391.4   470.4  1361.7  4989.6  33671.0    33910
read      252.4    97.5    74.4   124.3   138.8   237.2   287.9   316.2   336.6   360.9   391.1   431.7   508.9   640.1   744.2  65426.0    65491
read      254.1    96.1    74.4   126.1   140.7   241.6   290.0   317.9   337.4   360.3   389.4   429.4   505.0   623.0   857.3  60019.0    60507
read      245.7   114.7    74.4   120.8   134.5   225.4   275.9   307.1   329.5   355.0   386.9   434.1   523.4   642.0  1971.4  84333.0    84276
read      256.6   110.5    80.4   129.6   144.9   246.8   293.3   319.3   336.2   355.3   379.7   418.5   492.8   623.9  3916.6  50842.0    51201
read      253.3    68.5    86.8   152.1   169.2   249.6   276.4   292.2   304.4   319.1   338.6   368.2   441.6   591.5  1038.8  22688.0    22706
read      255.8    80.3    80.4   140.8   157.9   253.1   285.7   304.3   319.0   335.9   356.5   388.4   453.3   548.2  1174.1  33254.0    33092
read      250.0    97.8    74.4   123.6   138.2   234.7   285.0   313.0   333.2   356.8   386.2   428.5   510.1   641.2  1505.5  66498.0    67167
read      246.2   107.8    80.4   121.9   135.5   225.6   275.6   304.9   327.6   354.0   388.4   436.8   535.5   711.8  1834.2  97405.0    97349
read      240.3   104.3    74.4   120.9   134.4   220.6   268.5   295.7   316.5   342.0   375.8   427.5   523.4   667.0  1549.8 105600.0   105743
read      258.3    96.9    80.4   129.1   144.3   248.8   295.9   323.5   341.5   362.5   387.8   424.2   495.6   618.9  1702.1  53413.0    53600
read      248.2    91.5    86.8   151.9   169.2   244.9   269.4   283.3   293.8   308.0   325.8   353.6   415.2   549.1  5080.8  21271.0    21310
read      248.3   107.2    74.4   121.9   135.9   230.0   281.6   311.3   333.4   358.3   388.7   433.2   519.7   630.5  1074.4  75965.0    76417
read      259.9   100.2    80.4   133.6   150.0   252.9   294.4   318.3   334.6   353.2   378.6   415.6   484.4   639.9  3636.9  43832.0    43763
read      255.0   122.2    80.4   123.4   138.2   235.1   286.8   317.1   338.7   364.3   397.5   443.6   538.2  1009.6  2757.9  73862.0    73896
read      245.4    99.7    80.4   123.2   137.1   225.2   274.4   302.9   325.9   353.1   387.0   434.6   523.6   704.5  1250.0  97663.0    97794
read      249.5    91.5    86.8   151.0   168.1   245.5   270.6   285.7   296.5   312.7   332.6   361.7   420.0   668.3  1875.5  21490.0    21446
read      255.3    92.0    74.4   129.2   144.6   247.4   290.3   316.1   334.2   354.0   378.3   417.0   491.4   600.4  1461.0  49760.0    49988
read      230.3   155.9    93.8   157.2   170.7   221.0   239.8   250.0   257.2   267.6   281.3   310.1   399.0  1481.6  8325.4   7140.0     7122
read      245.8    98.5    80.4   121.8   135.6   227.4   277.9   307.4   329.7   354.3   385.7   431.6   517.9   638.2   851.1  83467.0    83763
read      258.5    89.9    80.4   135.3   151.3   253.5   293.7   316.3   331.5   347.2   369.8   402.9   471.3   625.1  1728.3  41388.0    41140
read      243.7    98.0    74.4   121.8   135.6   224.2   273.8   302.8   325.4   351.1   384.2   431.1   511.2   635.2  1328.8  95590.0    95462
read      249.7   101.8    80.4   125.3   139.3   229.6   279.1   308.9   331.7   358.2   392.4   441.4   538.3   685.4   982.6 104420.0   104165
read      247.3   134.6    74.4   122.5   136.5   225.6   274.7   304.1   326.4   352.9   387.3   435.8   532.9   805.9  6380.7 100081.0   100019
read      257.6    86.7    80.4   139.3   155.7   254.4   289.3   310.1   325.1   342.0   363.6   394.3   452.7   550.1  2873.6  35377.0    35421
read      254.1   142.3    80.4   127.3   141.9   241.5   289.4   315.8   334.1   354.8   381.5   420.3   491.4   606.3  4012.8  55589.0    55637
read      254.8    75.9    80.4   140.4   156.5   253.1   286.4   304.6   318.0   334.3   354.5   387.5   452.1   522.5   964.7  34354.0    34477
read      260.6   150.6    80.4   137.6   153.6   253.8   292.0   313.2   328.1   344.5   367.1   398.7   468.6   627.6  7294.2  37342.0    37440
read      251.6   100.4    80.4   124.0   138.6   236.0   286.5   314.8   334.9   358.1   388.2   432.0   512.2   639.3  1876.8  65247.0    64960
read      255.2   117.8    80.4   127.1   141.3   241.1   290.3   317.3   336.2   357.2   382.9   423.8   507.8  1415.0  2557.7  58963.0    58635
read      247.1    63.3    86.8   151.9   168.5   244.3   269.4   283.8   294.4   308.5   325.7   354.4   416.6   528.4  1001.3  21676.0    21487
read      237.6    74.6    93.8   155.2   172.1   231.7   253.1   265.5   273.6   286.5   302.9   332.7   404.3   977.2  2014.1  14526.0    14640
read      249.6    72.3    86.8   152.1   169.7   246.2   271.9   287.3   297.8   312.8   330.5   356.9   417.6   542.6  1726.2  21553.0    21957
read      258.8   103.8    74.4   134.1   150.3   252.7   292.8   315.3   331.9   350.5   373.0   411.8   489.2   602.6  2144.0  43424.0    43413
read      251.8   116.5    68.9   123.9   138.0   234.8   285.6   314.5   336.0   360.0   388.9   431.0   510.7   685.5  4674.4  68500.0    68826
read      256.6    87.4    74.4   133.3   149.7   252.0   291.4   313.3   329.0   346.6   369.5   405.1   474.5   606.7  1356.9  42855.0    42244
read      252.9   111.6    74.4   124.9   139.2   236.4   287.2   316.3   337.8   362.6   392.3   433.5   509.8   640.6  1981.7  65564.0    65554
read      249.0   101.4    74.4   123.3   137.3   231.7   282.0   310.5   332.1   357.4   389.2   432.5   510.8   636.2  1274.2  72946.0    72635
read      224.2    82.9    86.8   156.7   168.9   218.5   235.5   246.3   253.1   263.1   274.3   295.9   361.0  1218.6  3274.4   8367.0     8234
read      248.2   109.5    74.4   121.8   135.2   227.7   278.7   308.5   331.7   358.1   391.4   437.8   535.9  1082.3  2289.3  84223.0    85104
read      250.9   106.4    74.4   125.0   139.1   229.7   279.1   308.4   331.4   359.5   395.2   446.7   546.9   802.5  2093.9  96499.0    97153

Total QPS = 58235.8 (104824408 / 1800.0s)

Total connections = 64
Misses = 0 (0.0%)
Skipped TXs = 0 (0.0%)

RX 25891628035 bytes :   13.7 MB/s
TX          0 bytes :    0.0 MB/s
Warning! Detected max cpu usage > 95%
CPU Usage Stats (avg/min/max): 99.92%,26.04%,100.00%
