timestamp,core0,core1,core2,core3
2026-05-16T05:31:51.324546,0.00,50.00,0.00,0.00
2026-05-16T05:31:51.425012,9.10,0.00,0.00,0.00
2026-05-16T05:31:51.525436,0.00,0.00,0.00,0.00
2026-05-16T05:31:51.625927,0.00,0.00,0.00,0.00
2026-05-16T05:31:51.726380,0.00,0.00,0.00,0.00
2026-05-16T05:31:51.826849,0.00,0.00,0.00,0.00
2026-05-16T05:31:51.927323,0.00,0.00,0.00,0.00
2026-05-16T05:31:52.027916,0.00,0.00,0.00,0.00
2026-05-16T05:31:52.128416,0.00,0.00,0.00,0.00
2026-05-16T05:31:52.228945,10.00,0.00,10.00,0.00
2026-05-16T05:31:52.329491,0.00,0.00,0.00,0.00
2026-05-16T05:31:52.430033,0.00,0.00,0.00,0.00
2026-05-16T05:31:52.530525,0.00,0.00,0.00,0.00
2026-05-16T05:31:52.631043,0.00,9.10,9.10,0.00
2026-05-16T05:31:52.731589,0.00,0.00,0.00,0.00
2026-05-16T05:31:52.832121,0.00,0.00,0.00,0.00
2026-05-16T05:31:52.932613,0.00,0.00,0.00,0.00
2026-05-16T05:31:53.033091,0.00,0.00,0.00,0.00
2026-05-16T05:31:53.133570,0.00,0.00,0.00,0.00
2026-05-16T05:31:53.248886,0.00,0.00,0.00,8.30
2026-05-16T05:31:54.584623,7.50,7.60,10.50,7.60
2026-05-16T05:31:54.686650,10.00,0.00,100.00,10.00
2026-05-16T05:31:54.788687,0.00,9.10,100.00,0.00
2026-05-16T05:31:54.890536,0.00,0.00,100.00,0.00
2026-05-16T05:31:54.992512,9.10,0.00,100.00,0.00
2026-05-16T05:31:55.094499,0.00,0.00,100.00,0.00
2026-05-16T05:31:55.196525,0.00,0.00,100.00,0.00
2026-05-16T05:31:55.298435,0.00,0.00,100.00,0.00
2026-05-16T05:31:55.400260,0.00,0.00,100.00,0.00
2026-05-16T05:31:55.502105,9.10,0.00,100.00,0.00
2026-05-16T05:31:55.604311,9.10,9.10,100.00,9.10
2026-05-16T05:31:55.706185,0.00,0.00,100.00,0.00
2026-05-16T05:31:55.808098,0.00,0.00,100.00,0.00
2026-05-16T05:31:55.910063,0.00,0.00,100.00,0.00
2026-05-16T05:31:56.012079,0.00,0.00,100.00,0.00
2026-05-16T05:31:56.114096,0.00,0.00,100.00,16.70
2026-05-16T05:31:56.216049,0.00,0.00,100.00,0.00
2026-05-16T05:31:56.318050,0.00,0.00,100.00,0.00
2026-05-16T05:31:56.420067,0.00,0.00,100.00,0.00
2026-05-16T05:31:56.521925,0.00,0.00,100.00,0.00
2026-05-16T05:31:56.623852,0.00,9.10,100.00,0.00
2026-05-16T05:31:56.725730,9.10,0.00,100.00,0.00
2026-05-16T05:31:56.827789,0.00,0.00,100.00,0.00
2026-05-16T05:31:56.929616,0.00,0.00,100.00,0.00
2026-05-16T05:31:57.031594,0.00,0.00,100.00,9.10
2026-05-16T05:31:57.133340,9.10,0.00,100.00,0.00
2026-05-16T05:31:57.235185,0.00,0.00,100.00,0.00
2026-05-16T05:31:57.337345,0.00,9.10,100.00,0.00
2026-05-16T05:31:57.439283,0.00,0.00,100.00,0.00
2026-05-16T05:31:57.541263,9.10,0.00,100.00,9.10
2026-05-16T05:31:57.643134,0.00,0.00,100.00,0.00
2026-05-16T05:31:57.745173,0.00,0.00,100.00,0.00
2026-05-16T05:31:57.847111,0.00,0.00,100.00,0.00
2026-05-16T05:31:57.948982,0.00,0.00,100.00,0.00
2026-05-16T05:31:58.050925,0.00,0.00,100.00,16.70
2026-05-16T05:31:58.152818,0.00,0.00,100.00,0.00
2026-05-16T05:31:58.254621,0.00,0.00,100.00,0.00
2026-05-16T05:31:58.356532,0.00,0.00,100.00,0.00
2026-05-16T05:31:58.458548,9.10,0.00,100.00,0.00
2026-05-16T05:31:58.560527,9.10,0.00,100.00,0.00
2026-05-16T05:31:58.662391,0.00,0.00,100.00,0.00
2026-05-16T05:31:58.764412,0.00,0.00,100.00,0.00
2026-05-16T05:31:58.866378,0.00,0.00,100.00,9.10
2026-05-16T05:31:58.968512,0.00,9.10,100.00,0.00
2026-05-16T05:31:59.070496,0.00,0.00,100.00,0.00
2026-05-16T05:31:59.172448,0.00,0.00,100.00,0.00
2026-05-16T05:31:59.274452,0.00,0.00,100.00,0.00
2026-05-16T05:31:59.376485,0.00,0.00,100.00,0.00
2026-05-16T05:31:59.478451,0.00,0.00,100.00,0.00
2026-05-16T05:31:59.580361,0.00,0.00,100.00,0.00
2026-05-16T05:31:59.682419,9.10,16.70,100.00,0.00
2026-05-16T05:31:59.784298,0.00,0.00,100.00,0.00
2026-05-16T05:31:59.888817,0.00,0.00,100.00,0.00
2026-05-16T05:31:59.991012,9.10,0.00,100.00,9.10
2026-05-16T05:32:00.093292,0.00,0.00,100.00,0.00
2026-05-16T05:32:00.195277,10.00,10.00,100.00,0.00
2026-05-16T05:32:00.297399,0.00,0.00,100.00,0.00
2026-05-16T05:32:00.399544,0.00,9.10,100.00,9.10
2026-05-16T05:32:00.501597,0.00,0.00,100.00,0.00
2026-05-16T05:32:00.604000,0.00,0.00,100.00,0.00
2026-05-16T05:32:00.705897,0.00,0.00,100.00,9.10
2026-05-16T05:32:00.808218,0.00,0.00,100.00,0.00
2026-05-16T05:32:00.910128,0.00,0.00,100.00,0.00
2026-05-16T05:32:01.012107,0.00,0.00,100.00,0.00
2026-05-16T05:32:01.114101,9.10,0.00,100.00,0.00
2026-05-16T05:32:01.216075,0.00,0.00,100.00,0.00
2026-05-16T05:32:01.318043,0.00,9.10,100.00,9.10
2026-05-16T05:32:01.419932,0.00,0.00,100.00,0.00
2026-05-16T05:32:01.521805,0.00,0.00,100.00,0.00
2026-05-16T05:32:01.623685,0.00,0.00,100.00,0.00
2026-05-16T05:32:01.725622,0.00,0.00,100.00,0.00
2026-05-16T05:32:01.827579,0.00,0.00,100.00,0.00
2026-05-16T05:32:01.929554,0.00,0.00,100.00,0.00
2026-05-16T05:32:02.031554,0.00,0.00,100.00,9.10
2026-05-16T05:32:02.133609,0.00,0.00,100.00,0.00
2026-05-16T05:32:02.235456,0.00,0.00,100.00,0.00
2026-05-16T05:32:02.337370,0.00,0.00,100.00,0.00
2026-05-16T05:32:02.439242,0.00,0.00,100.00,0.00
2026-05-16T05:32:02.541345,9.10,0.00,100.00,0.00
2026-05-16T05:32:02.643624,0.00,9.10,100.00,0.00
2026-05-16T05:32:02.745537,0.00,0.00,100.00,0.00
2026-05-16T05:32:02.847483,0.00,9.10,100.00,9.10
2026-05-16T05:32:02.949534,0.00,0.00,100.00,0.00
2026-05-16T05:32:03.051705,0.00,0.00,100.00,0.00
2026-05-16T05:32:03.153960,9.10,0.00,100.00,9.10
2026-05-16T05:32:03.256102,18.20,0.00,100.00,0.00
2026-05-16T05:32:03.358062,0.00,0.00,100.00,0.00
2026-05-16T05:32:03.459933,0.00,0.00,100.00,0.00
2026-05-16T05:32:03.561851,0.00,0.00,100.00,0.00
2026-05-16T05:32:03.663785,0.00,0.00,100.00,0.00
2026-05-16T05:32:03.765692,9.10,9.10,100.00,0.00
2026-05-16T05:32:03.867807,0.00,0.00,100.00,0.00
2026-05-16T05:32:03.969671,0.00,0.00,100.00,9.10
2026-05-16T05:32:04.071668,0.00,0.00,100.00,0.00
2026-05-16T05:32:04.173828,0.00,0.00,100.00,0.00
2026-05-16T05:32:04.275665,0.00,0.00,100.00,0.00
2026-05-16T05:32:04.377968,9.10,9.10,100.00,0.00
2026-05-16T05:32:04.480133,0.00,0.00,100.00,0.00
2026-05-16T05:32:04.582412,18.20,0.00,100.00,0.00
2026-05-16T05:32:04.684471,11.10,11.10,100.00,18.20
2026-05-16T05:32:04.786533,10.00,0.00,100.00,0.00
2026-05-16T05:32:04.888631,10.00,0.00,100.00,0.00
2026-05-16T05:32:04.991007,18.20,0.00,100.00,0.00
2026-05-16T05:32:05.093131,18.20,10.00,100.00,0.00
2026-05-16T05:32:05.195821,10.00,0.00,100.00,0.00
2026-05-16T05:32:05.297986,11.10,0.00,100.00,9.10
2026-05-16T05:32:05.400134,18.20,18.20,100.00,0.00
2026-05-16T05:32:05.502083,10.00,0.00,100.00,0.00
2026-05-16T05:32:05.604712,20.00,0.00,100.00,0.00
2026-05-16T05:32:05.707100,10.00,0.00,100.00,0.00
2026-05-16T05:32:05.809604,10.00,0.00,100.00,0.00
2026-05-16T05:32:05.911888,10.00,11.10,100.00,0.00
2026-05-16T05:32:06.014049,20.00,0.00,100.00,10.00
2026-05-16T05:32:06.116330,0.00,11.10,100.00,0.00
2026-05-16T05:32:06.218359,20.00,0.00,100.00,10.00
2026-05-16T05:32:06.320625,18.20,11.10,100.00,0.00
2026-05-16T05:32:06.422679,11.10,11.10,100.00,0.00
2026-05-16T05:32:06.524732,18.20,10.00,100.00,0.00
2026-05-16T05:32:06.626898,10.00,0.00,100.00,9.10
2026-05-16T05:32:06.729079,11.10,10.00,100.00,0.00
2026-05-16T05:32:06.831151,10.00,11.10,100.00,0.00
2026-05-16T05:32:06.933388,0.00,10.00,100.00,0.00
2026-05-16T05:32:07.035566,0.00,0.00,100.00,9.10
2026-05-16T05:32:07.137681,0.00,0.00,100.00,10.00
2026-05-16T05:32:07.240227,11.10,0.00,100.00,0.00
2026-05-16T05:32:07.342424,18.20,10.00,100.00,0.00
2026-05-16T05:32:07.444600,0.00,0.00,100.00,0.00
2026-05-16T05:32:07.546822,11.10,10.00,100.00,0.00
2026-05-16T05:32:07.648909,25.00,0.00,100.00,0.00
2026-05-16T05:32:07.750880,10.00,0.00,100.00,9.10
2026-05-16T05:32:07.852975,10.00,10.00,100.00,0.00
2026-05-16T05:32:07.955120,20.00,0.00,100.00,0.00
2026-05-16T05:32:08.057137,18.20,10.00,100.00,0.00
2026-05-16T05:32:08.159283,18.20,0.00,100.00,0.00
2026-05-16T05:32:08.261453,10.00,0.00,100.00,9.10
2026-05-16T05:32:08.363539,18.20,0.00,100.00,0.00
2026-05-16T05:32:08.465727,10.00,10.00,100.00,0.00
2026-05-16T05:32:08.568270,25.00,20.00,100.00,0.00
2026-05-16T05:32:08.670384,11.10,0.00,100.00,0.00
2026-05-16T05:32:08.772588,10.00,0.00,100.00,0.00
2026-05-16T05:32:08.874910,10.00,0.00,100.00,10.00
2026-05-16T05:32:08.977466,10.00,0.00,100.00,0.00
2026-05-16T05:32:09.079546,18.20,10.00,100.00,9.10
2026-05-16T05:32:09.181677,18.20,0.00,100.00,0.00
2026-05-16T05:32:09.283680,10.00,0.00,100.00,0.00
2026-05-16T05:32:09.385745,11.10,0.00,100.00,0.00
2026-05-16T05:32:09.487949,18.20,0.00,100.00,0.00
2026-05-16T05:32:09.589999,0.00,10.00,100.00,0.00
2026-05-16T05:32:09.692164,18.20,0.00,100.00,0.00
2026-05-16T05:32:09.794348,18.20,0.00,100.00,9.10
2026-05-16T05:32:09.896661,10.00,0.00,100.00,0.00
2026-05-16T05:32:09.998798,18.20,10.00,100.00,0.00
2026-05-16T05:32:10.100994,20.00,10.00,100.00,0.00
2026-05-16T05:32:10.203202,18.20,11.10,100.00,0.00
2026-05-16T05:32:10.305230,10.00,0.00,100.00,9.10
2026-05-16T05:32:10.407234,0.00,0.00,100.00,0.00
2026-05-16T05:32:10.509375,18.20,0.00,100.00,0.00
2026-05-16T05:32:10.611394,10.00,10.00,100.00,0.00
2026-05-16T05:32:10.713311,18.20,0.00,100.00,0.00
2026-05-16T05:32:10.815642,0.00,0.00,100.00,0.00
2026-05-16T05:32:10.917691,10.00,0.00,100.00,0.00
2026-05-16T05:32:11.019722,10.00,0.00,100.00,9.10
2026-05-16T05:32:11.121972,10.00,18.20,100.00,0.00
2026-05-16T05:32:11.224259,10.00,0.00,100.00,0.00
2026-05-16T05:32:11.326354,10.00,11.10,100.00,0.00
2026-05-16T05:32:11.428332,18.20,0.00,100.00,0.00
2026-05-16T05:32:11.530301,18.20,0.00,100.00,0.00
2026-05-16T05:32:11.632380,0.00,0.00,100.00,0.00
2026-05-16T05:32:11.734704,11.10,10.00,100.00,0.00
2026-05-16T05:32:11.836918,18.20,10.00,100.00,0.00
2026-05-16T05:32:11.939336,18.20,0.00,100.00,9.10
2026-05-16T05:32:12.041464,10.00,0.00,100.00,10.00
2026-05-16T05:32:12.143723,10.00,0.00,100.00,0.00
2026-05-16T05:32:12.245747,18.20,0.00,100.00,0.00
2026-05-16T05:32:12.347738,18.20,0.00,100.00,0.00
2026-05-16T05:32:12.449721,27.30,0.00,100.00,0.00
2026-05-16T05:32:12.552417,10.00,0.00,100.00,0.00
2026-05-16T05:32:12.654911,18.20,10.00,100.00,0.00
2026-05-16T05:32:12.757084,10.00,0.00,100.00,0.00
2026-05-16T05:32:12.859057,10.00,0.00,100.00,10.00
2026-05-16T05:32:12.961011,10.00,0.00,100.00,0.00
2026-05-16T05:32:13.063227,18.20,0.00,100.00,0.00
2026-05-16T05:32:13.165113,20.00,0.00,100.00,0.00
2026-05-16T05:32:13.267361,18.20,11.10,100.00,10.00
2026-05-16T05:32:13.369413,18.20,0.00,100.00,0.00
2026-05-16T05:32:13.471399,10.00,0.00,100.00,0.00
2026-05-16T05:32:13.573489,10.00,0.00,100.00,0.00
2026-05-16T05:32:13.675522,18.20,10.00,100.00,0.00
2026-05-16T05:32:13.777706,0.00,0.00,100.00,0.00
2026-05-16T05:32:13.879748,11.10,0.00,100.00,9.10
2026-05-16T05:32:13.981798,10.00,0.00,100.00,9.10
2026-05-16T05:32:14.083876,10.00,0.00,100.00,0.00
2026-05-16T05:32:14.186368,10.00,18.20,100.00,0.00
2026-05-16T05:32:14.288616,0.00,0.00,100.00,0.00
2026-05-16T05:32:14.390864,10.00,0.00,100.00,0.00
2026-05-16T05:32:14.492926,0.00,0.00,100.00,0.00
2026-05-16T05:32:14.595112,10.00,0.00,100.00,9.10
2026-05-16T05:32:14.696985,18.20,11.10,100.00,0.00
2026-05-16T05:32:14.799276,11.10,0.00,100.00,0.00
2026-05-16T05:32:14.901325,18.20,0.00,100.00,0.00
2026-05-16T05:32:15.003570,10.00,11.10,100.00,10.00
2026-05-16T05:32:15.105535,18.20,10.00,100.00,0.00
2026-05-16T05:32:15.207688,10.00,0.00,100.00,0.00
2026-05-16T05:32:15.310073,11.10,0.00,100.00,9.10
2026-05-16T05:32:15.412144,18.20,0.00,100.00,10.00
2026-05-16T05:32:15.514442,10.00,0.00,100.00,0.00
2026-05-16T05:32:15.616424,10.00,10.00,100.00,0.00
2026-05-16T05:32:15.718491,10.00,0.00,100.00,0.00
2026-05-16T05:32:15.820539,10.00,0.00,100.00,0.00
2026-05-16T05:32:15.922912,10.00,0.00,100.00,0.00
2026-05-16T05:32:16.024939,11.10,10.00,100.00,0.00
2026-05-16T05:32:16.127087,18.20,0.00,100.00,10.00
2026-05-16T05:32:16.229222,18.20,0.00,100.00,0.00
2026-05-16T05:32:16.331291,18.20,0.00,100.00,0.00
2026-05-16T05:32:16.433300,18.20,0.00,100.00,0.00
2026-05-16T05:32:16.535596,18.20,0.00,100.00,0.00
2026-05-16T05:32:16.637737,10.00,0.00,100.00,10.00
2026-05-16T05:32:16.739860,11.10,10.00,100.00,0.00
2026-05-16T05:32:16.841955,10.00,10.00,100.00,0.00
2026-05-16T05:32:16.943989,25.00,0.00,100.00,9.10
2026-05-16T05:32:17.046218,10.00,0.00,100.00,0.00
2026-05-16T05:32:17.148405,10.00,0.00,100.00,0.00
2026-05-16T05:32:17.250699,18.20,10.00,100.00,0.00
2026-05-16T05:32:17.352842,0.00,0.00,100.00,10.00
2026-05-16T05:32:17.454851,18.20,0.00,100.00,0.00
2026-05-16T05:32:17.556894,0.00,0.00,100.00,0.00
2026-05-16T05:32:17.658881,18.20,0.00,100.00,0.00
2026-05-16T05:32:17.761254,0.00,0.00,100.00,0.00
2026-05-16T05:32:17.863316,18.20,0.00,100.00,0.00
2026-05-16T05:32:17.965343,10.00,10.00,100.00,0.00
2026-05-16T05:32:18.067379,18.20,11.10,100.00,0.00
2026-05-16T05:32:18.169461,10.00,0.00,100.00,0.00
2026-05-16T05:32:18.271524,18.20,0.00,100.00,0.00
2026-05-16T05:32:18.373614,10.00,0.00,100.00,0.00
2026-05-16T05:32:18.475724,20.00,0.00,100.00,0.00
2026-05-16T05:32:18.577928,18.20,0.00,100.00,0.00
2026-05-16T05:32:18.679912,10.00,0.00,100.00,9.10
2026-05-16T05:32:18.782054,10.00,10.00,100.00,0.00
2026-05-16T05:32:18.884067,18.20,0.00,100.00,0.00
2026-05-16T05:32:18.986056,18.20,0.00,100.00,0.00
2026-05-16T05:32:19.087999,18.20,0.00,100.00,0.00
2026-05-16T05:32:19.190011,18.20,0.00,100.00,0.00
2026-05-16T05:32:19.292359,10.00,18.20,100.00,0.00
2026-05-16T05:32:19.394591,11.10,0.00,100.00,0.00
2026-05-16T05:32:19.497401,40.00,33.30,100.00,11.10
2026-05-16T05:32:19.600301,42.90,37.50,100.00,11.10
2026-05-16T05:32:19.703157,44.40,50.00,100.00,11.10
2026-05-16T05:32:19.806243,33.30,44.40,100.00,11.10
2026-05-16T05:32:19.908797,44.40,33.30,100.00,0.00
2026-05-16T05:32:20.011798,20.00,44.40,100.00,0.00
2026-05-16T05:32:20.114962,44.40,33.30,100.00,0.00
2026-05-16T05:32:20.217704,37.50,44.40,100.00,20.00
2026-05-16T05:32:20.320944,50.00,50.00,100.00,0.00
2026-05-16T05:32:20.423534,42.90,50.00,100.00,0.00
2026-05-16T05:32:20.526328,37.50,42.90,100.00,0.00
2026-05-16T05:32:20.629044,16.70,37.50,100.00,11.10
2026-05-16T05:32:20.732057,55.60,42.90,100.00,0.00
2026-05-16T05:32:20.834998,37.50,44.40,100.00,11.10
2026-05-16T05:32:20.938324,50.00,42.90,100.00,11.10
2026-05-16T05:32:21.041517,33.30,50.00,100.00,11.10
2026-05-16T05:32:21.144024,50.00,42.90,100.00,0.00
2026-05-16T05:32:21.247204,50.00,55.60,100.00,22.20
2026-05-16T05:32:21.349935,33.30,37.50,100.00,11.10
2026-05-16T05:32:21.452897,44.40,55.60,100.00,11.10
2026-05-16T05:32:21.555808,42.90,37.50,100.00,0.00
2026-05-16T05:32:21.658780,37.50,42.90,100.00,0.00
2026-05-16T05:32:21.762070,44.40,50.00,100.00,11.10
2026-05-16T05:32:21.865412,42.90,42.90,100.00,22.20
2026-05-16T05:32:21.968456,28.60,44.40,100.00,0.00
2026-05-16T05:32:22.071269,28.60,33.30,100.00,0.00
2026-05-16T05:32:22.174089,44.40,37.50,100.00,11.10
2026-05-16T05:32:22.277044,42.90,50.00,100.00,11.10
2026-05-16T05:32:22.380081,28.60,55.60,100.00,0.00
2026-05-16T05:32:22.482921,55.60,37.50,100.00,11.10
2026-05-16T05:32:22.586479,44.40,50.00,100.00,0.00
2026-05-16T05:32:22.689231,28.60,28.60,100.00,0.00
2026-05-16T05:32:22.792316,42.90,42.90,100.00,0.00
2026-05-16T05:32:22.895366,37.50,44.40,100.00,0.00
2026-05-16T05:32:22.998059,37.50,33.30,100.00,20.00
2026-05-16T05:32:23.100812,44.40,37.50,100.00,0.00
2026-05-16T05:32:23.203661,44.40,50.00,100.00,0.00
2026-05-16T05:32:23.306589,33.30,42.90,100.00,0.00
2026-05-16T05:32:23.409386,42.90,37.50,100.00,30.00
2026-05-16T05:32:23.512359,37.50,55.60,100.00,0.00
2026-05-16T05:32:23.615250,50.00,42.90,100.00,0.00
2026-05-16T05:32:23.718041,37.50,44.40,100.00,11.10
2026-05-16T05:32:23.821011,37.50,42.90,100.00,11.10
2026-05-16T05:32:23.923705,42.90,28.60,100.00,0.00
2026-05-16T05:32:24.026593,37.50,42.90,100.00,0.00
2026-05-16T05:32:24.129115,50.00,42.90,100.00,11.10
2026-05-16T05:32:24.232157,33.30,50.00,100.00,11.10
2026-05-16T05:32:24.334833,37.50,50.00,100.00,12.50
2026-05-16T05:32:24.437616,44.40,33.30,100.00,11.10
2026-05-16T05:32:24.540880,50.00,37.50,100.00,11.10
2026-05-16T05:32:24.643572,28.60,42.90,100.00,11.10
2026-05-16T05:32:24.746564,55.60,50.00,100.00,22.20
2026-05-16T05:32:24.849810,28.60,37.50,100.00,20.00
2026-05-16T05:32:24.952748,37.50,42.90,100.00,11.10
2026-05-16T05:32:25.055720,42.90,44.40,100.00,0.00
2026-05-16T05:32:25.158531,28.60,20.00,100.00,0.00
2026-05-16T05:32:25.261209,44.40,37.50,100.00,11.10
2026-05-16T05:32:25.364062,33.30,42.90,100.00,12.50
2026-05-16T05:32:25.467328,44.40,42.90,100.00,10.00
2026-05-16T05:32:25.570420,28.60,44.40,100.00,0.00
2026-05-16T05:32:25.673324,42.90,42.90,100.00,20.00
2026-05-16T05:32:25.775897,44.40,42.90,100.00,11.10
2026-05-16T05:32:25.878679,37.50,50.00,100.00,20.00
2026-05-16T05:32:25.981638,42.90,28.60,100.00,0.00
2026-05-16T05:32:26.084649,37.50,42.90,100.00,11.10
2026-05-16T05:32:26.187290,42.90,50.00,100.00,11.10
2026-05-16T05:32:26.289863,28.60,37.50,100.00,0.00
2026-05-16T05:32:26.392676,37.50,50.00,100.00,0.00
2026-05-16T05:32:26.495263,42.90,33.30,100.00,20.00
2026-05-16T05:32:26.598221,28.60,44.40,100.00,0.00
2026-05-16T05:32:26.701307,44.40,42.90,100.00,20.00
2026-05-16T05:32:26.803919,42.90,50.00,100.00,11.10
2026-05-16T05:32:26.907034,37.50,28.60,100.00,10.00
2026-05-16T05:32:27.009962,37.50,50.00,100.00,11.10
2026-05-16T05:32:27.113048,50.00,44.40,100.00,11.10
2026-05-16T05:32:27.215825,37.50,50.00,100.00,0.00
2026-05-16T05:32:27.318594,42.90,42.90,100.00,11.10
2026-05-16T05:32:27.421868,37.50,37.50,100.00,11.10
2026-05-16T05:32:27.524540,50.00,42.90,100.00,0.00
2026-05-16T05:32:27.627256,37.50,50.00,100.00,0.00
2026-05-16T05:32:27.729850,42.90,37.50,100.00,11.10
2026-05-16T05:32:27.832329,37.50,42.90,100.00,0.00
2026-05-16T05:32:27.934922,37.50,50.00,100.00,11.10
2026-05-16T05:32:28.037586,50.00,50.00,100.00,0.00
2026-05-16T05:32:28.140382,28.60,28.60,100.00,11.10
2026-05-16T05:32:28.243347,50.00,50.00,100.00,0.00
2026-05-16T05:32:28.346434,37.50,37.50,100.00,11.10
2026-05-16T05:32:28.449053,42.90,50.00,100.00,11.10
2026-05-16T05:32:28.551889,44.40,42.90,100.00,0.00
2026-05-16T05:32:28.654475,37.50,44.40,100.00,0.00
2026-05-16T05:32:28.757713,28.60,20.00,100.00,20.00
2026-05-16T05:32:28.860687,42.90,37.50,100.00,0.00
2026-05-16T05:32:28.963548,44.40,33.30,100.00,0.00
2026-05-16T05:32:29.066148,42.90,50.00,100.00,11.10
2026-05-16T05:32:29.168791,37.50,44.40,100.00,0.00
2026-05-16T05:32:29.271529,42.90,42.90,100.00,11.10
2026-05-16T05:32:29.374296,37.50,44.40,100.00,0.00
2026-05-16T05:32:29.477404,37.50,50.00,100.00,11.10
2026-05-16T05:32:29.579718,33.30,42.90,100.00,20.00
2026-05-16T05:32:29.682388,37.50,44.40,100.00,0.00
2026-05-16T05:32:29.784889,37.50,42.90,100.00,0.00
2026-05-16T05:32:29.887749,42.90,44.40,100.00,0.00
2026-05-16T05:32:29.990864,37.50,50.00,100.00,0.00
2026-05-16T05:32:30.093253,50.00,33.30,100.00,0.00
2026-05-16T05:32:30.195939,42.90,55.60,100.00,20.00
2026-05-16T05:32:30.298804,44.40,28.60,100.00,0.00
2026-05-16T05:32:30.402010,42.90,50.00,100.00,11.10
2026-05-16T05:32:30.504822,37.50,50.00,100.00,11.10
2026-05-16T05:32:30.607534,42.90,37.50,100.00,0.00
2026-05-16T05:32:30.710534,42.90,42.90,100.00,0.00
2026-05-16T05:32:30.813387,37.50,42.90,100.00,20.00
2026-05-16T05:32:30.916435,33.30,42.90,100.00,11.10
2026-05-16T05:32:31.019055,44.40,44.40,100.00,0.00
2026-05-16T05:32:31.121881,28.60,37.50,100.00,11.10
2026-05-16T05:32:31.225348,37.50,42.90,100.00,11.10
2026-05-16T05:32:31.328113,42.90,42.90,100.00,11.10
2026-05-16T05:32:31.430725,44.40,33.30,100.00,0.00
2026-05-16T05:32:31.533862,42.90,50.00,100.00,0.00
2026-05-16T05:32:31.636545,37.50,33.30,100.00,10.00
2026-05-16T05:32:31.739389,28.60,44.40,100.00,20.00
2026-05-16T05:32:31.842512,37.50,42.90,100.00,0.00
2026-05-16T05:32:31.945283,28.60,37.50,100.00,0.00
2026-05-16T05:32:32.048096,42.90,42.90,100.00,11.10
2026-05-16T05:32:32.150878,37.50,37.50,100.00,10.00
2026-05-16T05:32:32.253527,28.60,42.90,100.00,11.10
2026-05-16T05:32:32.356695,44.40,44.40,100.00,0.00
2026-05-16T05:32:32.459553,42.90,50.00,100.00,0.00
2026-05-16T05:32:32.562526,28.60,42.90,100.00,11.10
2026-05-16T05:32:32.665517,37.50,44.40,100.00,11.10
2026-05-16T05:32:32.768302,37.50,28.60,100.00,0.00
2026-05-16T05:32:32.870868,37.50,42.90,100.00,0.00
2026-05-16T05:32:32.973348,42.90,37.50,100.00,0.00
2026-05-16T05:32:33.076512,37.50,42.90,100.00,11.10
2026-05-16T05:32:33.179854,37.50,44.40,100.00,11.10
2026-05-16T05:32:33.282546,42.90,42.90,100.00,11.10
2026-05-16T05:32:33.385439,37.50,55.60,100.00,11.10
2026-05-16T05:32:33.488328,50.00,42.90,100.00,0.00
2026-05-16T05:32:33.591040,37.50,37.50,100.00,10.00
2026-05-16T05:32:33.694639,33.30,42.90,100.00,11.10
2026-05-16T05:32:33.797277,44.40,28.60,100.00,0.00
2026-05-16T05:32:33.900339,28.60,55.60,100.00,20.00
2026-05-16T05:32:34.003444,33.30,50.00,100.00,0.00
2026-05-16T05:32:34.106020,50.00,16.70,100.00,0.00
2026-05-16T05:32:34.208777,42.90,55.60,100.00,0.00
2026-05-16T05:32:34.311868,50.00,50.00,100.00,0.00
2026-05-16T05:32:34.415506,37.50,50.00,100.00,20.00
2026-05-16T05:32:34.519063,88.90,90.00,100.00,12.50
2026-05-16T05:32:34.622452,88.90,81.80,100.00,12.50
2026-05-16T05:32:34.725718,90.00,90.00,100.00,44.40
2026-05-16T05:32:34.829670,80.00,88.90,100.00,12.50
2026-05-16T05:32:34.933234,87.50,100.00,100.00,14.30
2026-05-16T05:32:35.036468,100.00,90.00,100.00,12.50
2026-05-16T05:32:35.139807,81.80,90.00,100.00,12.50
2026-05-16T05:32:35.243739,87.50,88.90,100.00,28.60
2026-05-16T05:32:35.405953,81.20,87.50,100.00,53.30
2026-05-16T05:32:35.509986,75.00,70.00,57.10,12.50
2026-05-16T05:32:35.613656,70.00,77.80,66.70,22.20
2026-05-16T05:32:35.717483,62.50,66.70,70.00,12.50
2026-05-16T05:32:35.821676,70.00,80.00,77.80,25.00
2026-05-16T05:32:35.925633,62.50,66.70,66.70,12.50
2026-05-16T05:32:36.029319,66.70,80.00,66.70,12.50
2026-05-16T05:32:36.132926,70.00,66.70,66.70,14.30
2026-05-16T05:32:36.236346,62.50,77.80,66.70,22.20
2026-05-16T05:32:36.339925,75.00,70.00,70.00,0.00
2026-05-16T05:32:36.443513,66.70,77.80,75.00,25.00
2026-05-16T05:32:36.547323,62.50,66.70,70.00,0.00
2026-05-16T05:32:36.650825,62.50,70.00,62.50,12.50
2026-05-16T05:32:36.754406,66.70,62.50,70.00,12.50
2026-05-16T05:32:36.857972,66.70,77.80,70.00,25.00
2026-05-16T05:32:36.962056,66.70,70.00,66.70,22.20
2026-05-16T05:32:37.065089,66.70,72.70,62.50,0.00
2026-05-16T05:32:37.168814,62.50,75.00,71.40,25.00
2026-05-16T05:32:37.272603,70.00,66.70,70.00,12.50
2026-05-16T05:32:37.376079,62.50,75.00,70.00,25.00
2026-05-16T05:32:37.480040,66.70,70.00,70.00,0.00
2026-05-16T05:32:37.583470,62.50,66.70,66.70,12.50
2026-05-16T05:32:37.687958,66.70,66.70,62.50,12.50
2026-05-16T05:32:37.791924,50.00,62.50,72.70,12.50
2026-05-16T05:32:37.895519,70.00,70.00,62.50,0.00
2026-05-16T05:32:37.999055,57.10,66.70,57.10,22.20
2026-05-16T05:32:38.102523,72.70,71.40,70.00,14.30
2026-05-16T05:32:38.206288,71.40,72.70,66.70,22.20
2026-05-16T05:32:38.309808,66.70,77.80,66.70,22.20
2026-05-16T05:32:38.413690,72.70,66.70,66.70,0.00
2026-05-16T05:32:38.517401,62.50,70.00,66.70,12.50
2026-05-16T05:32:38.620851,70.00,66.70,62.50,12.50
2026-05-16T05:32:38.723901,70.00,70.00,66.70,12.50
2026-05-16T05:32:38.826991,62.50,70.00,50.00,22.20
2026-05-16T05:32:38.930270,70.00,71.40,70.00,0.00
2026-05-16T05:32:39.034046,66.70,72.70,62.50,12.50
2026-05-16T05:32:39.137390,62.50,77.80,77.80,14.30
2026-05-16T05:32:39.241017,75.00,66.70,66.70,22.20
2026-05-16T05:32:39.344202,62.50,70.00,62.50,12.50
2026-05-16T05:32:39.447735,70.00,66.70,72.70,12.50
2026-05-16T05:32:39.551281,70.00,70.00,66.70,14.30
2026-05-16T05:32:39.654582,66.70,77.80,62.50,12.50
2026-05-16T05:32:39.758054,66.70,70.00,66.70,0.00
2026-05-16T05:32:39.861790,66.70,75.00,70.00,22.20
2026-05-16T05:32:39.965595,66.70,70.00,62.50,14.30
2026-05-16T05:32:40.068915,62.50,62.50,62.50,0.00
2026-05-16T05:32:40.172496,66.70,72.70,70.00,22.20
2026-05-16T05:32:40.276001,70.00,66.70,66.70,30.00
2026-05-16T05:32:40.379378,70.00,75.00,66.70,25.00
2026-05-16T05:32:40.482525,77.80,75.00,70.00,12.50
2026-05-16T05:32:40.585784,66.70,66.70,66.70,0.00
2026-05-16T05:32:40.689265,70.00,75.00,77.80,14.30
2026-05-16T05:32:40.793403,62.50,72.70,66.70,22.20
2026-05-16T05:32:40.896973,62.50,66.70,70.00,12.50
2026-05-16T05:32:41.000398,70.00,77.80,62.50,12.50
2026-05-16T05:32:41.104257,75.00,66.70,70.00,14.30
2026-05-16T05:32:41.207646,62.50,72.70,70.00,22.20
2026-05-16T05:32:41.310993,70.00,77.80,62.50,14.30
2026-05-16T05:32:41.414502,75.00,66.70,77.80,0.00
2026-05-16T05:32:41.518411,70.00,80.00,66.70,12.50
2026-05-16T05:32:41.622615,57.10,70.00,70.00,12.50
2026-05-16T05:32:41.726310,70.00,66.70,66.70,14.30
2026-05-16T05:32:41.829875,62.50,70.00,62.50,12.50
2026-05-16T05:32:41.933491,70.00,75.00,70.00,12.50
2026-05-16T05:32:42.036878,77.80,80.00,77.80,14.30
2026-05-16T05:32:42.140624,72.70,70.00,70.00,30.00
2026-05-16T05:32:42.244343,70.00,80.00,75.00,25.00
2026-05-16T05:32:42.347978,62.50,66.70,66.70,12.50
2026-05-16T05:32:42.451352,62.50,66.70,66.70,0.00
2026-05-16T05:32:42.554543,70.00,77.80,70.00,12.50
2026-05-16T05:32:42.657838,80.00,77.80,77.80,12.50
2026-05-16T05:32:42.761365,55.60,63.60,60.00,12.50
2026-05-16T05:32:42.865303,77.80,77.80,70.00,25.00
2026-05-16T05:32:42.968834,62.50,70.00,62.50,0.00
2026-05-16T05:32:43.072676,70.00,71.40,77.80,12.50
2026-05-16T05:32:43.176067,66.70,70.00,66.70,22.20
2026-05-16T05:32:43.280004,62.50,72.70,62.50,22.20
2026-05-16T05:32:43.383937,62.50,57.10,70.00,12.50
2026-05-16T05:32:43.487682,62.50,80.00,62.50,14.30
2026-05-16T05:32:43.591455,70.00,66.70,70.00,0.00
2026-05-16T05:32:43.695264,75.00,80.00,70.00,33.30
2026-05-16T05:32:43.798601,66.70,66.70,75.00,12.50
2026-05-16T05:32:43.902379,66.70,70.00,70.00,0.00
2026-05-16T05:32:44.005983,62.50,77.80,62.50,14.30
2026-05-16T05:32:44.109721,70.00,66.70,70.00,12.50
2026-05-16T05:32:44.214408,70.00,77.80,70.00,12.50
2026-05-16T05:32:44.317532,62.50,66.70,70.00,14.30
2026-05-16T05:32:44.421559,77.80,72.70,70.00,22.20
2026-05-16T05:32:44.524870,70.00,77.80,77.80,12.50
2026-05-16T05:32:44.628896,66.70,77.80,62.50,14.30
2026-05-16T05:32:44.732757,77.80,75.00,70.00,37.50
2026-05-16T05:32:44.836311,66.70,75.00,75.00,12.50
2026-05-16T05:32:44.939890,66.70,72.70,70.00,12.50
2026-05-16T05:32:45.043219,80.00,75.00,70.00,25.00
2026-05-16T05:32:45.146849,70.00,66.70,66.70,22.20
2026-05-16T05:32:45.251078,75.00,81.80,75.00,25.00
2026-05-16T05:32:45.355004,55.60,66.70,55.60,12.50
2026-05-16T05:32:45.458628,77.80,66.70,75.00,14.30
2026-05-16T05:32:45.562637,70.00,77.80,66.70,12.50
2026-05-16T05:32:45.665973,57.10,72.70,62.50,12.50
2026-05-16T05:32:45.769739,70.00,75.00,66.70,25.00
2026-05-16T05:32:45.873466,66.70,62.50,66.70,0.00
2026-05-16T05:32:45.976775,75.00,80.00,70.00,12.50
2026-05-16T05:32:46.080616,72.70,66.70,77.80,12.50
2026-05-16T05:32:46.183841,62.50,70.00,55.60,14.30
2026-05-16T05:32:46.287385,66.70,70.00,66.70,12.50
2026-05-16T05:32:46.390643,70.00,66.70,70.00,12.50
2026-05-16T05:32:46.494029,66.70,81.80,62.50,12.50
2026-05-16T05:32:46.597697,66.70,62.50,66.70,12.50
2026-05-16T05:32:46.701302,60.00,70.00,62.50,22.20
2026-05-16T05:32:46.804897,66.70,62.50,66.70,12.50
2026-05-16T05:32:46.908394,62.50,66.70,66.70,14.30
2026-05-16T05:32:47.012548,77.80,77.80,70.00,12.50
2026-05-16T05:32:47.115939,60.00,70.00,66.70,22.20
2026-05-16T05:32:47.218987,62.50,62.50,66.70,12.50
2026-05-16T05:32:47.323711,80.00,80.00,66.70,33.30
2026-05-16T05:32:47.427907,66.70,77.80,66.70,14.30
2026-05-16T05:32:47.531477,66.70,72.70,66.70,12.50
2026-05-16T05:32:47.635368,77.80,72.70,62.50,12.50
2026-05-16T05:32:47.739034,63.60,62.50,62.50,12.50
2026-05-16T05:32:47.842860,70.00,77.80,70.00,22.20
2026-05-16T05:32:47.945821,66.70,66.70,62.50,12.50
2026-05-16T05:32:48.049868,66.70,70.00,66.70,0.00
2026-05-16T05:32:48.153977,77.80,80.00,77.80,14.30
2026-05-16T05:32:48.257056,66.70,62.50,66.70,22.20
2026-05-16T05:32:48.360995,70.00,80.00,66.70,12.50
2026-05-16T05:32:48.464720,70.00,70.00,66.70,0.00
2026-05-16T05:32:48.568546,62.50,66.70,62.50,22.20
2026-05-16T05:32:48.672015,62.50,77.80,66.70,12.50
2026-05-16T05:32:48.775879,75.00,66.70,66.70,22.20
2026-05-16T05:32:48.879518,62.50,80.00,66.70,25.00
2026-05-16T05:32:48.983019,70.00,70.00,77.80,12.50
2026-05-16T05:32:49.086966,77.80,75.00,66.70,12.50
2026-05-16T05:32:49.190734,70.00,70.00,66.70,14.30
2026-05-16T05:32:49.294105,55.60,62.50,66.70,22.20
2026-05-16T05:32:49.397698,71.40,70.00,66.70,12.50
2026-05-16T05:32:49.500685,50.00,37.50,28.60,0.00
2026-05-16T05:32:49.604048,25.00,28.60,37.50,11.10
2026-05-16T05:32:49.706908,37.50,44.40,37.50,11.10
2026-05-16T05:32:49.810245,37.50,33.30,25.00,0.00
2026-05-16T05:32:49.913183,28.60,16.70,37.50,0.00
2026-05-16T05:32:50.016261,37.50,50.00,28.60,0.00
2026-05-16T05:32:50.119017,33.30,28.60,37.50,11.10
2026-05-16T05:32:50.221907,28.60,37.50,37.50,20.00
2026-05-16T05:32:50.325076,44.40,37.50,28.60,22.20
2026-05-16T05:32:50.428199,28.60,37.50,28.60,0.00
2026-05-16T05:32:50.531411,37.50,40.00,33.30,0.00
2026-05-16T05:32:50.634455,28.60,37.50,37.50,12.50
2026-05-16T05:32:50.736976,33.30,28.60,28.60,11.10
2026-05-16T05:32:50.839667,37.50,37.50,37.50,0.00
2026-05-16T05:32:50.942458,16.70,37.50,25.00,11.10
2026-05-16T05:32:51.044976,40.00,28.60,28.60,0.00
2026-05-16T05:32:51.148308,16.70,40.00,28.60,11.10
2026-05-16T05:32:51.251052,28.60,37.50,28.60,0.00
2026-05-16T05:32:51.353959,37.50,28.60,40.00,11.10
2026-05-16T05:32:51.456960,33.30,37.50,28.60,0.00
2026-05-16T05:32:51.559963,37.50,25.00,37.50,11.10
2026-05-16T05:32:51.663407,37.50,37.50,40.00,11.10
2026-05-16T05:32:51.766295,37.50,37.50,28.60,0.00
2026-05-16T05:32:51.869076,37.50,37.50,37.50,11.10
2026-05-16T05:32:51.971821,37.50,33.30,37.50,0.00
2026-05-16T05:32:52.074720,25.00,37.50,28.60,11.10
2026-05-16T05:32:52.177977,37.50,37.50,33.30,0.00
2026-05-16T05:32:52.280834,37.50,37.50,37.50,0.00
2026-05-16T05:32:52.383602,33.30,37.50,28.60,0.00
2026-05-16T05:32:52.486551,28.60,37.50,44.40,27.30
2026-05-16T05:32:52.589397,37.50,37.50,37.50,0.00
2026-05-16T05:32:52.692786,44.40,25.00,33.30,11.10
2026-05-16T05:32:52.795412,28.60,37.50,28.60,0.00
2026-05-16T05:32:52.898483,33.30,44.40,37.50,12.50
2026-05-16T05:32:53.001904,16.70,28.60,25.00,11.10
2026-05-16T05:32:53.104741,25.00,33.30,37.50,0.00
2026-05-16T05:32:53.207339,44.40,28.60,37.50,0.00
2026-05-16T05:32:53.310058,37.50,37.50,28.60,11.10
2026-05-16T05:32:53.413193,37.50,37.50,28.60,11.10
2026-05-16T05:32:53.516696,25.00,44.40,33.30,0.00
2026-05-16T05:32:53.619567,37.50,33.30,28.60,0.00
2026-05-16T05:32:53.722366,37.50,28.60,44.40,20.00
2026-05-16T05:32:53.825062,33.30,44.40,28.60,0.00
2026-05-16T05:32:53.928022,37.50,16.70,33.30,0.00
2026-05-16T05:32:54.031032,28.60,44.40,28.60,0.00
2026-05-16T05:32:54.133729,37.50,37.50,28.60,0.00
2026-05-16T05:32:54.236625,25.00,25.00,33.30,20.00
2026-05-16T05:32:54.339508,37.50,28.60,28.60,0.00
2026-05-16T05:32:54.442854,28.60,37.50,28.60,0.00
2026-05-16T05:32:54.545848,25.00,37.50,40.00,20.00
2026-05-16T05:32:54.648932,44.40,28.60,28.60,11.10
2026-05-16T05:32:54.751385,37.50,44.40,37.50,12.50
2026-05-16T05:32:54.854259,37.50,44.40,28.60,0.00
2026-05-16T05:32:54.957196,37.50,28.60,44.40,11.10
2026-05-16T05:32:55.060314,40.00,44.40,33.30,11.10
2026-05-16T05:32:55.163207,16.70,33.30,28.60,0.00
2026-05-16T05:32:55.266975,44.40,37.50,37.50,0.00
2026-05-16T05:32:55.370025,33.30,37.50,40.00,20.00
2026-05-16T05:32:55.472683,28.60,37.50,28.60,0.00
2026-05-16T05:32:55.575608,37.50,28.60,25.00,0.00
2026-05-16T05:32:55.678801,33.30,37.50,44.40,20.00
2026-05-16T05:32:55.782114,28.60,33.30,28.60,0.00
2026-05-16T05:32:55.885192,44.40,37.50,25.00,20.00
2026-05-16T05:32:55.987908,25.00,37.50,44.40,0.00
2026-05-16T05:32:56.090854,28.60,28.60,28.60,0.00
2026-05-16T05:32:56.194062,44.40,37.50,28.60,11.10
2026-05-16T05:32:56.297713,33.30,44.40,44.40,0.00
2026-05-16T05:32:56.401003,28.60,25.00,25.00,0.00
2026-05-16T05:32:56.504387,28.60,37.50,37.50,0.00
2026-05-16T05:32:56.607038,33.30,37.50,28.60,11.10
2026-05-16T05:32:56.710025,37.50,37.50,25.00,11.10
2026-05-16T05:32:56.813182,28.60,33.30,28.60,0.00
2026-05-16T05:32:56.916257,25.00,44.40,37.50,11.10
2026-05-16T05:32:57.018942,28.60,28.60,33.30,11.10
2026-05-16T05:32:57.121992,44.40,25.00,37.50,0.00
2026-05-16T05:32:57.225414,33.30,37.50,28.60,11.10
2026-05-16T05:32:57.328746,37.50,28.60,14.30,11.10
2026-05-16T05:32:57.431664,37.50,28.60,44.40,0.00
2026-05-16T05:32:57.534485,37.50,44.40,37.50,11.10
2026-05-16T05:32:57.637810,40.00,25.00,25.00,0.00
2026-05-16T05:32:57.740982,28.60,37.50,28.60,0.00
2026-05-16T05:32:57.843856,37.50,37.50,28.60,12.50
2026-05-16T05:32:57.946897,44.40,28.60,33.30,11.10
2026-05-16T05:32:58.050251,33.30,37.50,44.40,11.10
2026-05-16T05:32:58.153346,37.50,33.30,28.60,0.00
2026-05-16T05:32:58.256042,25.00,28.60,25.00,11.10
2026-05-16T05:32:58.358889,28.60,37.50,44.40,0.00
2026-05-16T05:32:58.461849,44.40,44.40,37.50,11.10
2026-05-16T05:32:58.565284,28.60,44.40,44.40,12.50
2026-05-16T05:32:58.667730,45.50,28.60,37.50,0.00
2026-05-16T05:32:58.770984,28.60,37.50,40.00,11.10
2026-05-16T05:32:58.873644,28.60,44.40,28.60,0.00
2026-05-16T05:32:58.976328,28.60,25.00,28.60,0.00
2026-05-16T05:32:59.079240,33.30,37.50,37.50,12.50
2026-05-16T05:32:59.182102,44.40,28.60,44.40,0.00
2026-05-16T05:32:59.284994,28.60,44.40,25.00,20.00
2026-05-16T05:32:59.387801,28.60,37.50,37.50,11.10
2026-05-16T05:32:59.490673,40.00,25.00,37.50,0.00
2026-05-16T05:32:59.593430,28.60,37.50,14.30,0.00
2026-05-16T05:32:59.696206,37.50,37.50,28.60,11.10
2026-05-16T05:32:59.798787,33.30,37.50,28.60,0.00
2026-05-16T05:32:59.901809,16.70,33.30,37.50,11.10
2026-05-16T05:33:00.004891,25.00,37.50,25.00,11.10
2026-05-16T05:33:00.107818,37.50,28.60,37.50,11.10
2026-05-16T05:33:00.210991,37.50,28.60,28.60,12.50
2026-05-16T05:33:00.313640,33.30,40.00,44.40,11.10
2026-05-16T05:33:00.416066,37.50,28.60,25.00,11.10
2026-05-16T05:33:00.518886,37.50,37.50,44.40,0.00
2026-05-16T05:33:00.621579,25.00,37.50,37.50,0.00
2026-05-16T05:33:00.724553,28.60,33.30,28.60,11.10
2026-05-16T05:33:00.827571,44.40,37.50,45.50,11.10
2026-05-16T05:33:00.930978,37.50,37.50,37.50,11.10
2026-05-16T05:33:01.033890,37.50,44.40,37.50,0.00
2026-05-16T05:33:01.136725,33.30,28.60,28.60,12.50
2026-05-16T05:33:01.239511,37.50,50.00,28.60,0.00
2026-05-16T05:33:01.342498,44.40,28.60,37.50,0.00
2026-05-16T05:33:01.444959,25.00,44.40,37.50,20.00
2026-05-16T05:33:01.548215,28.60,25.00,25.00,0.00
2026-05-16T05:33:01.650853,44.40,37.50,44.40,0.00
2026-05-16T05:33:01.753473,33.30,44.40,44.40,11.10
2026-05-16T05:33:01.856073,28.60,14.30,28.60,0.00
2026-05-16T05:33:01.959026,37.50,28.60,14.30,0.00
2026-05-16T05:33:02.061711,44.40,44.40,44.40,0.00
2026-05-16T05:33:02.164703,25.00,28.60,28.60,11.10
2026-05-16T05:33:02.267670,28.60,33.30,25.00,11.10
2026-05-16T05:33:02.370722,28.60,37.50,28.60,0.00
2026-05-16T05:33:02.473517,33.30,37.50,33.30,0.00
2026-05-16T05:33:02.576089,28.60,33.30,37.50,11.10
2026-05-16T05:33:02.679035,33.30,37.50,37.50,0.00
2026-05-16T05:33:02.781895,28.60,37.50,37.50,0.00
2026-05-16T05:33:02.884942,33.30,25.00,25.00,11.10
2026-05-16T05:33:02.987537,37.50,37.50,44.40,11.10
2026-05-16T05:33:03.090746,37.50,44.40,33.30,0.00
2026-05-16T05:33:03.194387,37.50,37.50,28.60,11.10
2026-05-16T05:33:03.297622,25.00,25.00,37.50,12.50
2026-05-16T05:33:03.400643,28.60,37.50,37.50,0.00
2026-05-16T05:33:03.503724,37.50,44.40,33.30,11.10
2026-05-16T05:33:03.606505,44.40,44.40,37.50,20.00
2026-05-16T05:33:03.709552,33.30,37.50,37.50,0.00
2026-05-16T05:33:03.812206,37.50,37.50,28.60,11.10
2026-05-16T05:33:03.914973,37.50,25.00,33.30,0.00
2026-05-16T05:33:04.017655,25.00,37.50,37.50,0.00
2026-05-16T05:33:04.120597,37.50,28.60,28.60,11.10
2026-05-16T05:33:04.223210,16.70,37.50,37.50,0.00
2026-05-16T05:33:04.326431,25.00,33.30,25.00,11.10
2026-05-16T05:33:04.429006,33.30,28.60,28.60,11.10
2026-05-16T05:33:04.531412,14.30,22.20,22.20,0.00
2026-05-16T05:33:04.634570,12.50,22.20,0.00,0.00
2026-05-16T05:33:04.736927,25.00,14.30,25.00,20.00
2026-05-16T05:33:04.839421,12.50,12.50,0.00,0.00
2026-05-16T05:33:04.942049,14.30,0.00,14.30,0.00
2026-05-16T05:33:05.044725,22.20,14.30,22.20,0.00
2026-05-16T05:33:05.147325,0.00,0.00,12.50,0.00
2026-05-16T05:33:05.249669,14.30,25.00,14.30,11.10
2026-05-16T05:33:05.351984,0.00,22.20,22.20,0.00
2026-05-16T05:33:05.454393,22.20,12.50,0.00,0.00
2026-05-16T05:33:05.556887,25.00,0.00,25.00,0.00
2026-05-16T05:33:05.659657,12.50,12.50,12.50,0.00
2026-05-16T05:33:05.762071,0.00,12.50,12.50,0.00
2026-05-16T05:33:05.864683,12.50,25.00,0.00,0.00
2026-05-16T05:33:05.967224,12.50,0.00,12.50,0.00
2026-05-16T05:33:06.069716,25.00,30.00,12.50,10.00
2026-05-16T05:33:06.172225,12.50,0.00,14.30,0.00
2026-05-16T05:33:06.274663,12.50,0.00,12.50,11.10
2026-05-16T05:33:06.377622,22.20,30.00,12.50,0.00
2026-05-16T05:33:06.542652,30.80,25.00,42.90,28.60
2026-05-16T05:33:06.645731,25.00,28.60,100.00,11.10
2026-05-16T05:33:06.748060,16.70,16.70,100.00,18.20
2026-05-16T05:33:06.850713,33.30,25.00,100.00,0.00
2026-05-16T05:33:06.953396,14.30,16.70,100.00,0.00
2026-05-16T05:33:07.055794,25.00,25.00,100.00,0.00
2026-05-16T05:33:07.158310,28.60,37.50,100.00,10.00
2026-05-16T05:33:07.260997,14.30,28.60,100.00,0.00
2026-05-16T05:33:07.363503,33.30,25.00,100.00,10.00
2026-05-16T05:33:07.466235,28.60,28.60,100.00,0.00
2026-05-16T05:33:07.568966,14.30,33.30,100.00,0.00
2026-05-16T05:33:07.671722,33.30,0.00,100.00,0.00
2026-05-16T05:33:07.774569,14.30,44.40,100.00,0.00
2026-05-16T05:33:07.876864,37.50,16.70,100.00,0.00
2026-05-16T05:33:07.979584,25.00,14.30,100.00,0.00
2026-05-16T05:33:08.081918,25.00,33.30,100.00,18.20
2026-05-16T05:33:08.184511,0.00,16.70,100.00,0.00
2026-05-16T05:33:08.287012,28.60,25.00,100.00,10.00
2026-05-16T05:33:08.389939,25.00,28.60,100.00,0.00
2026-05-16T05:33:08.492554,25.00,28.60,100.00,0.00
2026-05-16T05:33:08.595047,16.70,14.30,100.00,0.00
2026-05-16T05:33:08.697823,25.00,28.60,100.00,11.10
2026-05-16T05:33:08.800497,33.30,25.00,100.00,20.00
2026-05-16T05:33:08.903242,0.00,0.00,100.00,0.00
2026-05-16T05:33:09.005965,28.60,33.30,100.00,0.00
2026-05-16T05:33:09.109231,25.00,28.60,100.00,0.00
2026-05-16T05:33:09.211655,25.00,14.30,100.00,10.00
2026-05-16T05:33:09.314335,33.30,37.50,100.00,11.10
2026-05-16T05:33:09.417029,16.70,16.70,100.00,0.00
2026-05-16T05:33:09.519564,25.00,33.30,100.00,0.00
2026-05-16T05:33:09.622351,14.30,14.30,100.00,10.00
2026-05-16T05:33:09.724911,25.00,28.60,100.00,0.00
2026-05-16T05:33:09.828019,25.00,25.00,100.00,10.00
2026-05-16T05:33:09.930739,37.50,28.60,100.00,0.00
2026-05-16T05:33:10.033315,14.30,25.00,100.00,0.00
2026-05-16T05:33:10.135669,25.00,28.60,100.00,11.10
2026-05-16T05:33:10.238335,14.30,28.60,100.00,10.00
2026-05-16T05:33:10.341012,25.00,25.00,100.00,0.00
2026-05-16T05:33:10.443643,28.60,0.00,100.00,0.00
2026-05-16T05:33:10.546353,14.30,37.50,100.00,0.00
2026-05-16T05:33:10.649420,33.30,28.60,100.00,10.00
2026-05-16T05:33:10.751728,16.70,25.00,100.00,11.10
2026-05-16T05:33:10.854666,33.30,16.70,100.00,0.00
2026-05-16T05:33:10.957351,28.60,28.60,100.00,0.00
2026-05-16T05:33:11.060530,14.30,16.70,100.00,0.00
2026-05-16T05:33:11.163666,37.50,45.50,100.00,0.00
2026-05-16T05:33:11.266061,25.00,16.70,100.00,20.00
2026-05-16T05:33:11.368884,25.00,37.50,100.00,0.00
2026-05-16T05:33:11.471425,25.00,0.00,100.00,11.10
2026-05-16T05:33:11.574501,37.50,37.50,100.00,0.00
2026-05-16T05:33:11.677290,33.30,16.70,100.00,11.10
2026-05-16T05:33:11.779962,25.00,33.30,100.00,10.00
2026-05-16T05:33:11.882464,16.70,16.70,100.00,0.00
2026-05-16T05:33:11.984698,0.00,25.00,100.00,0.00
2026-05-16T05:33:12.087433,25.00,16.70,100.00,0.00
2026-05-16T05:33:12.189994,33.30,25.00,100.00,0.00
2026-05-16T05:33:12.292438,14.30,28.60,100.00,11.10
2026-05-16T05:33:12.394731,25.00,25.00,100.00,10.00
2026-05-16T05:33:12.497630,14.30,37.50,100.00,0.00
2026-05-16T05:33:12.600508,37.50,25.00,100.00,0.00
2026-05-16T05:33:12.702913,25.00,16.70,100.00,0.00
2026-05-16T05:33:12.805918,25.00,25.00,100.00,11.10
2026-05-16T05:33:12.908411,28.60,37.50,100.00,0.00
2026-05-16T05:33:13.010963,33.30,28.60,100.00,0.00
2026-05-16T05:33:13.113536,14.30,0.00,100.00,0.00
2026-05-16T05:33:13.215931,14.30,37.50,100.00,10.00
2026-05-16T05:33:13.318832,25.00,28.60,100.00,0.00
2026-05-16T05:33:13.421804,33.30,33.30,100.00,0.00
2026-05-16T05:33:13.524572,25.00,16.70,100.00,0.00
2026-05-16T05:33:13.627628,25.00,25.00,100.00,10.00
2026-05-16T05:33:13.730442,16.70,28.60,100.00,11.10
2026-05-16T05:33:13.833238,25.00,40.00,100.00,10.00
2026-05-16T05:33:13.935552,25.00,16.70,100.00,0.00
2026-05-16T05:33:14.038070,25.00,28.60,100.00,0.00
2026-05-16T05:33:14.140815,16.70,14.30,100.00,0.00
2026-05-16T05:33:14.244021,14.30,28.60,100.00,10.00
2026-05-16T05:33:14.347294,37.50,25.00,100.00,0.00
2026-05-16T05:33:14.449957,25.00,28.60,100.00,0.00
2026-05-16T05:33:14.552523,25.00,25.00,100.00,10.00
2026-05-16T05:33:14.655179,25.00,16.70,100.00,11.10
2026-05-16T05:33:14.758222,28.60,25.00,100.00,0.00
2026-05-16T05:33:14.860780,14.30,28.60,100.00,11.10
2026-05-16T05:33:14.963516,33.30,25.00,100.00,0.00
2026-05-16T05:33:15.066350,28.60,28.60,100.00,0.00
2026-05-16T05:33:15.168722,25.00,14.30,100.00,10.00
2026-05-16T05:33:15.270985,14.30,28.60,100.00,20.00
2026-05-16T05:33:15.373606,16.70,25.00,100.00,0.00
2026-05-16T05:33:15.476422,25.00,28.60,100.00,0.00
2026-05-16T05:33:15.578946,25.00,14.30,100.00,0.00
2026-05-16T05:33:15.681611,14.30,37.50,100.00,11.10
2026-05-16T05:33:15.784269,33.30,16.70,100.00,10.00
2026-05-16T05:33:15.886755,16.70,25.00,100.00,0.00
2026-05-16T05:33:15.989501,25.00,14.30,100.00,0.00
2026-05-16T05:33:16.091973,0.00,28.60,100.00,0.00
2026-05-16T05:33:16.195069,33.30,33.30,100.00,0.00
2026-05-16T05:33:16.298307,14.30,16.70,100.00,18.20
2026-05-16T05:33:16.400716,33.30,25.00,100.00,0.00
2026-05-16T05:33:16.503422,28.60,16.70,100.00,0.00
2026-05-16T05:33:16.606012,25.00,28.60,100.00,0.00
2026-05-16T05:33:16.708459,14.30,0.00,100.00,0.00
2026-05-16T05:33:16.811166,33.30,44.40,100.00,0.00
2026-05-16T05:33:16.913626,0.00,0.00,100.00,10.00
2026-05-16T05:33:17.016198,33.30,28.60,100.00,10.00
2026-05-16T05:33:17.118822,25.00,25.00,100.00,0.00
2026-05-16T05:33:17.221866,25.00,28.60,100.00,0.00
2026-05-16T05:33:17.324284,16.70,14.30,100.00,0.00
2026-05-16T05:33:17.427056,33.30,37.50,100.00,11.10
2026-05-16T05:33:17.529556,14.30,14.30,100.00,0.00
2026-05-16T05:33:17.632459,25.00,16.70,100.00,20.00
2026-05-16T05:33:17.734984,16.70,25.00,100.00,0.00
2026-05-16T05:33:17.837755,37.50,28.60,100.00,0.00
2026-05-16T05:33:17.940640,25.00,33.30,100.00,0.00
2026-05-16T05:33:18.043127,0.00,16.70,100.00,11.10
2026-05-16T05:33:18.146021,25.00,25.00,100.00,0.00
2026-05-16T05:33:18.248771,44.40,37.50,100.00,0.00
2026-05-16T05:33:18.351313,25.00,0.00,100.00,10.00
2026-05-16T05:33:18.453843,25.00,28.60,100.00,0.00
2026-05-16T05:33:18.557041,28.60,40.00,100.00,0.00
2026-05-16T05:33:18.660041,0.00,16.70,100.00,10.00
2026-05-16T05:33:18.762719,33.30,16.70,100.00,11.10
2026-05-16T05:33:18.865539,28.60,25.00,100.00,0.00
2026-05-16T05:33:18.968074,25.00,25.00,100.00,0.00
2026-05-16T05:33:19.070744,25.00,28.60,100.00,0.00
2026-05-16T05:33:19.173371,25.00,28.60,100.00,20.00
2026-05-16T05:33:19.276262,14.30,33.30,100.00,10.00
2026-05-16T05:33:19.378868,28.60,0.00,100.00,0.00
2026-05-16T05:33:19.481779,50.00,44.40,100.00,0.00
2026-05-16T05:33:19.584720,28.60,42.90,100.00,20.00
2026-05-16T05:33:19.687742,37.50,37.50,100.00,10.00
2026-05-16T05:33:19.791230,50.00,42.90,100.00,0.00
2026-05-16T05:33:19.893850,44.40,42.90,100.00,0.00
2026-05-16T05:33:19.996663,42.90,28.60,100.00,20.00
2026-05-16T05:33:20.099811,37.50,50.00,100.00,0.00
2026-05-16T05:33:20.202880,42.90,42.90,100.00,0.00
2026-05-16T05:33:20.305829,28.60,44.40,100.00,20.00
2026-05-16T05:33:20.408520,44.40,33.30,100.00,0.00
2026-05-16T05:33:20.512071,28.60,44.40,100.00,0.00
2026-05-16T05:33:20.614917,42.90,42.90,100.00,27.30
2026-05-16T05:33:20.717679,44.40,55.60,100.00,0.00
2026-05-16T05:33:20.820520,33.30,37.50,100.00,11.10
2026-05-16T05:33:20.923312,37.50,42.90,100.00,0.00
2026-05-16T05:33:21.026223,37.50,50.00,100.00,0.00
2026-05-16T05:33:21.129278,16.70,37.50,100.00,11.10
2026-05-16T05:33:21.232065,33.30,33.30,100.00,12.50
2026-05-16T05:33:21.335278,50.00,50.00,100.00,0.00
2026-05-16T05:33:21.438082,33.30,44.40,100.00,11.10
2026-05-16T05:33:21.540988,37.50,50.00,100.00,0.00
2026-05-16T05:33:21.643479,37.50,42.90,100.00,0.00
2026-05-16T05:33:21.746044,42.90,50.00,100.00,11.10
2026-05-16T05:33:21.848608,37.50,37.50,100.00,11.10
2026-05-16T05:33:21.951563,42.90,42.90,100.00,0.00
2026-05-16T05:33:22.054421,44.40,44.40,100.00,0.00
2026-05-16T05:33:22.157287,44.40,42.90,100.00,20.00
2026-05-16T05:33:22.260359,20.00,50.00,100.00,0.00
2026-05-16T05:33:22.363305,44.40,37.50,100.00,11.10
2026-05-16T05:33:22.466304,42.90,33.30,100.00,10.00
2026-05-16T05:33:22.569368,37.50,50.00,100.00,0.00
2026-05-16T05:33:22.671963,42.90,42.90,100.00,10.00
2026-05-16T05:33:22.774695,28.60,44.40,100.00,0.00
2026-05-16T05:33:22.877562,44.40,33.30,100.00,11.10
2026-05-16T05:33:22.980693,50.00,55.60,100.00,11.10
2026-05-16T05:33:23.083547,37.50,28.60,100.00,11.10
2026-05-16T05:33:23.186717,42.90,33.30,100.00,0.00
2026-05-16T05:33:23.290151,37.50,55.60,100.00,11.10
2026-05-16T05:33:23.393100,42.90,37.50,100.00,20.00
2026-05-16T05:33:23.496002,44.40,55.60,100.00,11.10
2026-05-16T05:33:23.598706,55.60,50.00,100.00,0.00
2026-05-16T05:33:23.702069,42.90,42.90,100.00,11.10
2026-05-16T05:33:23.804984,28.60,50.00,100.00,0.00
2026-05-16T05:33:23.907987,28.60,33.30,100.00,20.00
2026-05-16T05:33:24.010665,44.40,50.00,100.00,0.00
2026-05-16T05:33:24.113449,50.00,44.40,100.00,11.10
2026-05-16T05:33:24.216095,28.60,50.00,100.00,11.10
2026-05-16T05:33:24.319497,37.50,33.30,100.00,11.10
2026-05-16T05:33:24.422336,42.90,44.40,100.00,0.00
2026-05-16T05:33:24.525018,44.40,42.90,100.00,0.00
2026-05-16T05:33:24.627892,37.50,37.50,100.00,11.10
2026-05-16T05:33:24.730546,20.00,50.00,100.00,11.10
2026-05-16T05:33:24.833059,37.50,42.90,100.00,22.20
2026-05-16T05:33:24.935678,50.00,44.40,100.00,11.10
2026-05-16T05:33:25.038648,44.40,50.00,100.00,22.20
2026-05-16T05:33:25.141538,42.90,33.30,100.00,0.00
2026-05-16T05:33:25.244425,42.90,55.60,100.00,0.00
2026-05-16T05:33:25.347868,50.00,50.00,100.00,20.00
2026-05-16T05:33:25.450862,33.30,50.00,100.00,0.00
2026-05-16T05:33:25.553731,44.40,50.00,100.00,11.10
2026-05-16T05:33:25.656710,33.30,44.40,100.00,0.00
2026-05-16T05:33:25.759355,37.50,42.90,100.00,20.00
2026-05-16T05:33:25.862524,37.50,37.50,100.00,0.00
2026-05-16T05:33:25.965242,37.50,42.90,100.00,10.00
2026-05-16T05:33:26.068338,50.00,37.50,100.00,0.00
2026-05-16T05:33:26.171530,37.50,50.00,100.00,11.10
2026-05-16T05:33:26.274261,42.90,50.00,100.00,20.00
2026-05-16T05:33:26.377363,37.50,37.50,100.00,0.00
2026-05-16T05:33:26.480219,50.00,55.60,100.00,0.00
2026-05-16T05:33:26.582959,28.60,42.90,100.00,0.00
2026-05-16T05:33:26.685975,37.50,37.50,100.00,11.10
2026-05-16T05:33:26.788821,42.90,42.90,100.00,11.10
2026-05-16T05:33:26.891440,44.40,42.90,100.00,11.10
2026-05-16T05:33:26.994292,33.30,50.00,100.00,0.00
2026-05-16T05:33:27.097323,37.50,28.60,100.00,0.00
2026-05-16T05:33:27.199948,37.50,42.90,100.00,11.10
2026-05-16T05:33:27.302553,42.90,50.00,100.00,0.00
2026-05-16T05:33:27.405825,37.50,44.40,100.00,20.00
2026-05-16T05:33:27.508770,50.00,42.90,100.00,0.00
2026-05-16T05:33:27.611561,37.50,50.00,100.00,0.00
2026-05-16T05:33:27.714424,37.50,37.50,100.00,11.10
2026-05-16T05:33:27.817322,33.30,50.00,100.00,0.00
2026-05-16T05:33:27.920758,50.00,28.60,100.00,11.10
2026-05-16T05:33:28.023385,44.40,55.60,100.00,11.10
2026-05-16T05:33:28.125819,42.90,33.30,100.00,0.00
2026-05-16T05:33:28.228457,37.50,37.50,100.00,0.00
2026-05-16T05:33:28.331728,28.60,50.00,100.00,11.10
2026-05-16T05:33:28.434462,37.50,44.40,100.00,0.00
2026-05-16T05:33:28.537889,50.00,33.30,100.00,11.10
2026-05-16T05:33:28.640864,44.40,50.00,100.00,11.10
2026-05-16T05:33:28.743929,50.00,42.90,100.00,0.00
2026-05-16T05:33:28.846809,16.70,33.30,100.00,11.10
2026-05-16T05:33:28.949616,44.40,42.90,100.00,18.20
2026-05-16T05:33:29.052400,42.90,50.00,100.00,0.00
2026-05-16T05:33:29.155073,50.00,42.90,100.00,0.00
2026-05-16T05:33:29.257920,37.50,55.60,100.00,20.00
2026-05-16T05:33:29.360820,42.90,44.40,100.00,0.00
2026-05-16T05:33:29.463522,37.50,33.30,100.00,0.00
2026-05-16T05:33:29.566224,44.40,37.50,100.00,11.10
2026-05-16T05:33:29.669248,50.00,50.00,100.00,0.00
2026-05-16T05:33:29.772444,33.30,42.90,100.00,11.10
2026-05-16T05:33:29.875334,37.50,37.50,100.00,11.10
2026-05-16T05:33:29.978082,37.50,50.00,100.00,0.00
2026-05-16T05:33:30.081035,42.90,50.00,100.00,11.10
2026-05-16T05:33:30.183978,37.50,42.90,100.00,11.10
2026-05-16T05:33:30.286665,50.00,50.00,100.00,30.00
2026-05-16T05:33:30.389739,44.40,37.50,100.00,0.00
2026-05-16T05:33:30.492918,42.90,42.90,100.00,0.00
2026-05-16T05:33:30.595914,28.60,42.90,100.00,20.00
2026-05-16T05:33:30.698921,44.40,54.50,100.00,0.00
2026-05-16T05:33:30.801907,42.90,50.00,100.00,11.10
2026-05-16T05:33:30.904800,50.00,50.00,100.00,0.00
2026-05-16T05:33:31.007712,37.50,33.30,100.00,0.00
2026-05-16T05:33:31.110980,55.60,44.40,100.00,0.00
2026-05-16T05:33:31.213746,28.60,42.90,100.00,10.00
2026-05-16T05:33:31.316957,42.90,50.00,100.00,11.10
2026-05-16T05:33:31.419824,28.60,44.40,100.00,0.00
2026-05-16T05:33:31.522673,44.40,42.90,100.00,0.00
2026-05-16T05:33:31.625117,28.60,44.40,100.00,20.00
2026-05-16T05:33:31.727831,50.00,33.30,100.00,0.00
2026-05-16T05:33:31.831043,37.50,55.60,100.00,11.10
2026-05-16T05:33:31.934084,33.30,28.60,100.00,0.00
2026-05-16T05:33:32.037166,44.40,55.60,100.00,11.10
2026-05-16T05:33:32.140005,42.90,42.90,100.00,11.10
2026-05-16T05:33:32.243305,28.60,50.00,100.00,10.00
2026-05-16T05:33:32.346350,37.50,44.40,100.00,0.00
2026-05-16T05:33:32.449375,50.00,42.90,100.00,11.10
2026-05-16T05:33:32.552039,42.90,42.90,100.00,0.00
2026-05-16T05:33:32.654795,44.40,55.60,100.00,11.10
2026-05-16T05:33:32.757629,37.50,37.50,100.00,11.10
2026-05-16T05:33:32.860438,42.90,33.30,100.00,0.00
2026-05-16T05:33:32.963058,37.50,50.00,100.00,11.10
2026-05-16T05:33:33.065800,42.90,37.50,100.00,0.00
2026-05-16T05:33:33.168697,44.40,42.90,100.00,11.10
2026-05-16T05:33:33.271653,28.60,42.90,100.00,11.10
2026-05-16T05:33:33.374711,55.60,44.40,100.00,0.00
2026-05-16T05:33:33.477356,37.50,42.90,100.00,11.10
2026-05-16T05:33:33.580293,28.60,42.90,100.00,0.00
2026-05-16T05:33:33.683256,55.60,50.00,100.00,10.00
2026-05-16T05:33:33.786503,16.70,28.60,100.00,11.10
2026-05-16T05:33:33.889610,37.50,42.90,100.00,0.00
2026-05-16T05:33:33.992432,37.50,50.00,100.00,20.00
2026-05-16T05:33:34.095389,37.50,37.50,100.00,0.00
2026-05-16T05:33:34.198582,37.50,33.30,100.00,18.20
2026-05-16T05:33:34.301464,33.30,37.50,100.00,0.00
2026-05-16T05:33:34.404420,37.50,50.00,100.00,11.10
2026-05-16T05:33:34.506997,33.30,25.00,100.00,11.10
2026-05-16T05:33:34.609389,14.30,28.60,100.00,0.00
2026-05-16T05:33:34.711985,14.30,14.30,100.00,0.00
2026-05-16T05:33:34.814965,33.30,28.60,100.00,12.50
2026-05-16T05:33:34.917489,25.00,14.30,100.00,0.00
2026-05-16T05:33:35.020008,28.60,37.50,100.00,20.00
2026-05-16T05:33:35.122602,33.30,14.30,100.00,0.00
2026-05-16T05:33:35.227113,14.30,25.00,100.00,11.10
2026-05-16T05:33:35.329966,37.50,16.70,100.00,11.10
2026-05-16T05:33:35.432590,14.30,25.00,100.00,0.00
2026-05-16T05:33:35.535578,25.00,37.50,100.00,11.10
2026-05-16T05:33:35.638133,28.60,14.30,100.00,0.00
2026-05-16T05:33:35.740816,33.30,28.60,100.00,0.00
2026-05-16T05:33:35.843439,14.30,33.30,100.00,0.00
2026-05-16T05:33:35.945926,25.00,28.60,100.00,0.00
2026-05-16T05:33:36.049066,25.00,25.00,100.00,11.10
2026-05-16T05:33:36.151851,0.00,14.30,100.00,18.20
2026-05-16T05:33:36.254626,25.00,16.70,100.00,0.00
2026-05-16T05:33:36.357703,25.00,33.30,100.00,0.00
2026-05-16T05:33:36.460209,14.30,0.00,100.00,0.00
2026-05-16T05:33:36.563212,25.00,37.50,100.00,20.00
2026-05-16T05:33:36.666000,25.00,0.00,100.00,0.00
2026-05-16T05:33:36.768900,25.00,25.00,100.00,0.00
2026-05-16T05:33:36.871907,25.00,14.30,100.00,0.00
2026-05-16T05:33:36.974696,16.70,14.30,100.00,0.00
2026-05-16T05:33:37.077464,33.30,37.50,100.00,11.10
2026-05-16T05:33:37.179997,14.30,14.30,100.00,0.00
2026-05-16T05:33:37.282935,14.30,28.60,100.00,11.10
2026-05-16T05:33:37.385407,33.30,25.00,100.00,11.10
2026-05-16T05:33:37.487875,25.00,28.60,100.00,0.00
2026-05-16T05:33:37.590379,14.30,0.00,100.00,0.00
2026-05-16T05:33:37.692933,25.00,33.30,100.00,10.00
2026-05-16T05:33:37.795245,14.30,16.70,100.00,10.00
2026-05-16T05:33:37.897466,25.00,14.30,100.00,0.00
2026-05-16T05:33:38.000457,25.00,25.00,100.00,0.00
2026-05-16T05:33:38.103204,14.30,0.00,100.00,0.00
2026-05-16T05:33:38.205647,25.00,25.00,100.00,0.00
2026-05-16T05:33:38.308756,14.30,14.30,100.00,11.10
2026-05-16T05:33:38.411625,25.00,25.00,100.00,0.00
2026-05-16T05:33:38.513960,14.30,16.70,100.00,0.00
2026-05-16T05:33:38.616486,28.60,14.30,100.00,0.00
2026-05-16T05:33:38.718986,25.00,28.60,100.00,11.10
2026-05-16T05:33:38.821672,14.30,25.00,100.00,0.00
2026-05-16T05:33:38.924068,25.00,16.70,100.00,10.00
2026-05-16T05:33:39.026986,25.00,25.00,100.00,0.00
2026-05-16T05:33:39.129602,14.30,28.60,100.00,10.00
2026-05-16T05:33:39.232028,28.60,25.00,100.00,0.00
2026-05-16T05:33:39.334648,33.30,16.70,100.00,0.00
2026-05-16T05:33:39.437556,25.00,14.30,100.00,10.00
2026-05-16T05:33:39.540413,25.00,37.50,100.00,0.00
2026-05-16T05:33:39.643091,25.00,14.30,100.00,11.10
2026-05-16T05:33:39.745948,16.70,0.00,100.00,0.00
2026-05-16T05:33:39.848333,25.00,25.00,100.00,0.00
2026-05-16T05:33:39.951062,25.00,44.40,100.00,10.00
2026-05-16T05:33:40.053523,14.30,0.00,100.00,0.00
2026-05-16T05:33:40.155848,25.00,14.30,100.00,11.10
2026-05-16T05:33:40.258281,16.70,37.50,100.00,11.10
2026-05-16T05:33:40.360935,40.00,14.30,100.00,0.00
2026-05-16T05:33:40.463406,14.30,0.00,100.00,0.00
2026-05-16T05:33:40.565802,25.00,28.60,100.00,0.00
2026-05-16T05:33:40.668042,0.00,25.00,100.00,10.00
2026-05-16T05:33:40.770460,33.30,16.70,100.00,0.00
2026-05-16T05:33:40.873082,14.30,14.30,100.00,0.00
2026-05-16T05:33:40.975706,25.00,25.00,100.00,10.00
2026-05-16T05:33:41.078809,14.30,0.00,100.00,0.00
2026-05-16T05:33:41.181717,25.00,25.00,100.00,0.00
2026-05-16T05:33:41.284212,37.50,28.60,100.00,20.00
2026-05-16T05:33:41.387011,14.30,14.30,100.00,0.00
2026-05-16T05:33:41.489865,14.30,25.00,100.00,0.00
2026-05-16T05:33:41.592409,40.00,37.50,100.00,11.10
2026-05-16T05:33:41.695069,0.00,25.00,100.00,11.10
2026-05-16T05:33:41.798005,25.00,28.60,100.00,0.00
2026-05-16T05:33:41.900861,14.30,14.30,100.00,0.00
2026-05-16T05:33:42.003399,14.30,28.60,100.00,0.00
2026-05-16T05:33:42.106305,37.50,25.00,100.00,0.00
2026-05-16T05:33:42.208806,14.30,16.70,100.00,0.00
2026-05-16T05:33:42.311711,25.00,25.00,100.00,11.10
2026-05-16T05:33:42.414385,14.30,28.60,100.00,0.00
2026-05-16T05:33:42.517194,25.00,14.30,100.00,18.20
2026-05-16T05:33:42.619634,25.00,28.60,100.00,0.00
2026-05-16T05:33:42.722472,0.00,14.30,100.00,0.00
2026-05-16T05:33:42.825169,25.00,25.00,100.00,0.00
2026-05-16T05:33:42.927645,28.60,14.30,100.00,0.00
2026-05-16T05:33:43.030464,25.00,16.70,100.00,0.00
2026-05-16T05:33:43.132747,14.30,14.30,100.00,10.00
2026-05-16T05:33:43.235819,33.30,16.70,100.00,0.00
2026-05-16T05:33:43.338433,0.00,14.30,100.00,10.00
2026-05-16T05:33:43.441010,14.30,25.00,100.00,0.00
2026-05-16T05:33:43.543608,25.00,16.70,100.00,0.00
2026-05-16T05:33:43.646390,14.30,25.00,100.00,20.00
2026-05-16T05:33:43.749105,25.00,14.30,100.00,0.00
2026-05-16T05:33:43.852017,28.60,28.60,100.00,0.00
2026-05-16T05:33:43.954496,12.50,14.30,100.00,0.00
2026-05-16T05:33:44.057239,25.00,25.00,100.00,0.00
2026-05-16T05:33:44.159737,0.00,28.60,100.00,11.10
2026-05-16T05:33:44.262415,25.00,14.30,100.00,0.00
2026-05-16T05:33:44.364951,14.30,28.60,100.00,0.00
2026-05-16T05:33:44.467642,25.00,33.30,100.00,18.20
2026-05-16T05:33:44.569923,33.30,0.00,100.00,0.00
2026-05-16T05:33:44.672856,0.00,28.60,100.00,11.10
2026-05-16T05:33:44.775405,25.00,25.00,100.00,0.00
2026-05-16T05:33:44.878033,25.00,28.60,100.00,11.10
2026-05-16T05:33:44.980667,14.30,14.30,100.00,0.00
2026-05-16T05:33:45.082923,37.50,37.50,100.00,0.00
2026-05-16T05:33:45.185630,14.30,0.00,100.00,10.00
2026-05-16T05:33:45.288308,33.30,16.70,100.00,0.00
2026-05-16T05:33:45.391098,14.30,33.30,100.00,0.00
2026-05-16T05:33:45.493695,25.00,14.30,100.00,10.00
2026-05-16T05:33:45.596223,0.00,37.50,100.00,0.00
2026-05-16T05:33:45.698837,25.00,14.30,100.00,20.00
2026-05-16T05:33:45.801175,14.30,28.60,100.00,0.00
2026-05-16T05:33:45.903623,25.00,25.00,100.00,0.00
2026-05-16T05:33:46.006034,14.30,14.30,100.00,0.00
2026-05-16T05:33:46.108710,25.00,28.60,100.00,0.00
2026-05-16T05:33:46.210979,28.60,33.30,100.00,11.10
2026-05-16T05:33:46.313745,25.00,0.00,100.00,0.00
2026-05-16T05:33:46.416988,14.30,28.60,100.00,0.00
2026-05-16T05:33:46.519566,33.30,14.30,100.00,0.00
2026-05-16T05:33:46.622318,14.30,16.70,100.00,11.10
2026-05-16T05:33:46.724899,16.70,25.00,100.00,10.00
2026-05-16T05:33:46.827448,30.00,14.30,100.00,0.00
2026-05-16T05:33:46.930097,14.30,14.30,100.00,10.00
2026-05-16T05:33:47.032498,14.30,25.00,100.00,0.00
2026-05-16T05:33:47.135183,14.30,28.60,100.00,0.00
2026-05-16T05:33:47.237731,28.60,14.30,100.00,0.00
2026-05-16T05:33:47.340739,14.30,28.60,100.00,0.00
2026-05-16T05:33:47.443201,25.00,14.30,100.00,0.00
2026-05-16T05:33:47.545911,14.30,25.00,100.00,10.00
2026-05-16T05:33:47.648968,14.30,14.30,100.00,0.00
2026-05-16T05:33:47.751947,33.30,0.00,100.00,10.00
2026-05-16T05:33:47.854401,25.00,28.60,100.00,0.00
2026-05-16T05:33:47.956950,0.00,0.00,100.00,0.00
2026-05-16T05:33:48.059438,25.00,33.30,100.00,0.00
2026-05-16T05:33:48.162250,33.30,14.30,100.00,10.00
2026-05-16T05:33:48.264487,14.30,16.70,100.00,0.00
2026-05-16T05:33:48.366957,25.00,14.30,100.00,10.00
2026-05-16T05:33:48.469437,25.00,33.30,100.00,0.00
2026-05-16T05:33:48.571892,14.30,16.70,100.00,0.00
2026-05-16T05:33:48.674849,25.00,14.30,100.00,0.00
2026-05-16T05:33:48.777093,44.40,16.70,100.00,0.00
2026-05-16T05:33:48.879903,25.00,25.00,100.00,0.00
2026-05-16T05:33:48.982523,14.30,25.00,100.00,18.20
2026-05-16T05:33:49.085104,25.00,16.70,100.00,0.00
2026-05-16T05:33:49.188051,33.30,14.30,100.00,0.00
2026-05-16T05:33:49.290695,25.00,25.00,100.00,11.10
2026-05-16T05:33:49.393278,25.00,28.60,100.00,0.00
2026-05-16T05:33:49.496932,88.90,88.90,100.00,12.50
2026-05-16T05:33:49.667941,94.10,94.70,100.00,50.00
2026-05-16T05:33:49.771579,66.70,77.80,70.00,25.00
2026-05-16T05:33:49.875656,75.00,80.00,71.40,12.50
2026-05-16T05:33:49.979701,66.70,80.00,70.00,14.30
2026-05-16T05:33:50.083440,77.80,70.00,75.00,12.50
2026-05-16T05:33:50.186979,66.70,77.80,62.50,33.30
2026-05-16T05:33:50.291306,66.70,70.00,70.00,0.00
2026-05-16T05:33:50.394827,77.80,75.00,80.00,33.30
2026-05-16T05:33:50.498648,66.70,70.00,57.10,12.50
2026-05-16T05:33:50.601862,72.70,77.80,70.00,12.50
2026-05-16T05:33:50.705203,66.70,66.70,66.70,22.20
2026-05-16T05:33:50.809267,77.80,80.00,70.00,0.00
2026-05-16T05:33:50.912743,66.70,66.70,77.80,14.30
2026-05-16T05:33:51.016082,80.00,77.80,66.70,0.00
2026-05-16T05:33:51.119864,70.00,80.00,77.80,12.50
2026-05-16T05:33:51.223368,77.80,66.70,66.70,25.00
2026-05-16T05:33:51.327339,62.50,77.80,77.80,0.00
2026-05-16T05:33:51.431652,77.80,75.00,70.00,14.30
2026-05-16T05:33:51.535783,70.00,72.70,80.00,0.00
2026-05-16T05:33:51.639713,75.00,80.00,62.50,12.50
2026-05-16T05:33:51.743590,70.00,71.40,77.80,25.00
2026-05-16T05:33:51.847891,77.80,81.80,77.80,25.00
2026-05-16T05:33:51.953506,70.00,77.80,66.70,22.20
2026-05-16T05:33:52.057211,70.00,72.70,70.00,12.50
2026-05-16T05:33:52.160986,57.10,77.80,66.70,14.30
2026-05-16T05:33:52.264280,66.70,66.70,62.50,12.50
2026-05-16T05:33:52.368482,70.00,77.80,72.70,25.00
2026-05-16T05:33:52.472603,77.80,77.80,70.00,0.00
2026-05-16T05:33:52.576300,70.00,72.70,75.00,12.50
2026-05-16T05:33:52.679827,66.70,81.80,66.70,25.00
2026-05-16T05:33:52.783461,77.80,75.00,77.80,12.50
2026-05-16T05:33:52.886829,66.70,77.80,66.70,14.30
2026-05-16T05:33:52.990914,66.70,70.00,80.00,12.50
2026-05-16T05:33:53.094680,80.00,75.00,72.70,14.30
2026-05-16T05:33:53.198563,75.00,80.00,75.00,12.50
2026-05-16T05:33:53.302537,66.70,77.80,77.80,25.00
2026-05-16T05:33:53.405870,80.00,80.00,70.00,28.60
2026-05-16T05:33:53.509579,70.00,66.70,77.80,12.50
2026-05-16T05:33:53.612962,71.40,75.00,71.40,14.30
2026-05-16T05:33:53.716307,70.00,72.70,70.00,12.50
2026-05-16T05:33:53.820698,66.70,77.80,72.70,12.50
2026-05-16T05:33:53.924281,80.00,77.80,75.00,0.00
2026-05-16T05:33:54.027645,62.50,66.70,66.70,0.00
2026-05-16T05:33:54.131651,77.80,77.80,62.50,22.20
2026-05-16T05:33:54.235048,66.70,70.00,77.80,12.50
2026-05-16T05:33:54.338942,62.50,77.80,70.00,14.30
2026-05-16T05:33:54.442292,75.00,66.70,70.00,25.00
2026-05-16T05:33:54.545917,66.70,75.00,75.00,12.50
2026-05-16T05:33:54.649831,70.00,70.00,66.70,12.50
2026-05-16T05:33:54.753564,66.70,66.70,66.70,22.20
2026-05-16T05:33:54.856839,66.70,77.80,66.70,28.60
2026-05-16T05:33:54.961051,70.00,66.70,72.70,22.20
2026-05-16T05:33:55.064386,80.00,80.00,66.70,25.00
2026-05-16T05:33:55.168048,66.70,66.70,77.80,12.50
2026-05-16T05:33:55.272409,70.00,77.80,70.00,25.00
2026-05-16T05:33:55.376553,66.70,70.00,70.00,12.50
2026-05-16T05:33:55.480701,77.80,80.00,77.80,12.50
2026-05-16T05:33:55.584530,66.70,77.80,80.00,14.30
2026-05-16T05:33:55.688919,80.00,80.00,62.50,12.50
2026-05-16T05:33:55.792643,70.00,70.00,77.80,25.00
2026-05-16T05:33:55.895793,77.80,77.80,80.00,0.00
2026-05-16T05:33:55.999819,77.80,77.80,70.00,14.30
2026-05-16T05:33:56.104020,70.00,80.00,77.80,12.50
2026-05-16T05:33:56.207338,75.00,77.80,72.70,14.30
2026-05-16T05:33:56.311031,70.00,77.80,71.40,12.50
2026-05-16T05:33:56.415072,77.80,72.70,81.80,25.00
2026-05-16T05:33:56.519018,62.50,80.00,66.70,12.50
2026-05-16T05:33:56.622909,66.70,77.80,77.80,22.20
2026-05-16T05:33:56.726571,70.00,70.00,62.50,14.30
2026-05-16T05:33:56.829886,75.00,80.00,77.80,0.00
2026-05-16T05:33:56.933487,66.70,77.80,66.70,0.00
2026-05-16T05:33:57.037309,66.70,70.00,66.70,22.20
2026-05-16T05:33:57.140831,70.00,70.00,70.00,14.30
2026-05-16T05:33:57.244380,71.40,77.80,77.80,30.00
2026-05-16T05:33:57.348300,70.00,70.00,66.70,0.00
2026-05-16T05:33:57.451976,62.50,77.80,62.50,22.20
2026-05-16T05:33:57.555271,70.00,66.70,77.80,12.50
2026-05-16T05:33:57.658852,75.00,80.00,72.70,22.20
2026-05-16T05:33:57.762866,70.00,66.70,66.70,12.50
2026-05-16T05:33:57.866564,70.00,72.70,62.50,0.00
2026-05-16T05:33:57.969682,66.70,75.00,77.80,12.50
2026-05-16T05:33:58.073975,80.00,80.00,72.70,25.00
2026-05-16T05:33:58.177021,77.80,75.00,77.80,12.50
2026-05-16T05:33:58.280783,75.00,77.80,80.00,25.00
2026-05-16T05:33:58.384335,75.00,70.00,70.00,12.50
2026-05-16T05:33:58.488053,66.70,81.80,70.00,22.20
2026-05-16T05:33:58.591446,70.00,62.50,75.00,25.00
2026-05-16T05:33:58.695481,75.00,80.00,70.00,12.50
2026-05-16T05:33:58.800148,72.70,77.80,71.40,14.30
2026-05-16T05:33:58.904210,75.00,77.80,70.00,22.20
2026-05-16T05:33:59.007877,75.00,75.00,75.00,0.00
2026-05-16T05:33:59.111713,66.70,70.00,70.00,12.50
2026-05-16T05:33:59.215888,55.60,72.70,62.50,12.50
2026-05-16T05:33:59.320486,75.00,80.00,77.80,25.00
2026-05-16T05:33:59.423951,70.00,77.80,66.70,14.30
2026-05-16T05:33:59.527852,75.00,77.80,75.00,12.50
2026-05-16T05:33:59.631444,66.70,72.70,70.00,33.30
2026-05-16T05:33:59.735473,77.80,77.80,75.00,22.20
2026-05-16T05:33:59.839828,72.70,80.00,70.00,0.00
2026-05-16T05:33:59.944231,77.80,70.00,70.00,0.00
2026-05-16T05:34:00.047982,66.70,81.80,80.00,30.00
2026-05-16T05:34:00.151219,77.80,71.40,62.50,0.00
2026-05-16T05:34:00.254649,62.50,70.00,80.00,33.30
2026-05-16T05:34:00.358075,66.70,77.80,66.70,12.50
2026-05-16T05:34:00.461307,70.00,70.00,70.00,22.20
2026-05-16T05:34:00.564695,71.40,77.80,62.50,14.30
2026-05-16T05:34:00.668241,66.70,77.80,77.80,22.20
2026-05-16T05:34:00.772244,72.70,66.70,70.00,25.00
2026-05-16T05:34:00.875528,75.00,77.80,71.40,12.50
2026-05-16T05:34:00.979916,70.00,80.00,72.70,14.30
2026-05-16T05:34:01.083260,77.80,80.00,77.80,0.00
2026-05-16T05:34:01.186994,71.40,77.80,77.80,25.00
2026-05-16T05:34:01.290880,72.70,81.80,77.80,14.30
2026-05-16T05:34:01.394829,72.70,77.80,62.50,12.50
2026-05-16T05:34:01.498637,71.40,70.00,72.70,0.00
2026-05-16T05:34:01.602092,72.70,77.80,71.40,30.00
2026-05-16T05:34:01.705923,71.40,80.00,75.00,14.30
2026-05-16T05:34:01.809806,70.00,75.00,81.80,12.50
2026-05-16T05:34:01.913622,80.00,72.70,70.00,0.00
2026-05-16T05:34:02.016689,71.40,80.00,77.80,14.30
2026-05-16T05:34:02.120194,70.00,66.70,72.70,22.20
2026-05-16T05:34:02.223693,70.00,80.00,62.50,0.00
2026-05-16T05:34:02.327418,66.70,70.00,77.80,25.00
2026-05-16T05:34:02.432302,77.80,80.00,77.80,12.50
2026-05-16T05:34:02.535983,70.00,80.00,66.70,14.30
2026-05-16T05:34:02.640542,75.00,80.00,75.00,14.30
2026-05-16T05:34:02.744034,77.80,75.00,66.70,12.50
2026-05-16T05:34:02.847601,70.00,75.00,80.00,25.00
2026-05-16T05:34:02.951706,77.80,81.80,75.00,12.50
2026-05-16T05:34:03.054969,66.70,62.50,72.70,14.30
2026-05-16T05:34:03.158615,77.80,81.80,66.70,12.50
2026-05-16T05:34:03.262942,66.70,77.80,77.80,14.30
2026-05-16T05:34:03.366434,70.00,77.80,70.00,12.50
2026-05-16T05:34:03.470807,75.00,81.80,75.00,14.30
2026-05-16T05:34:03.574602,66.70,72.70,66.70,12.50
2026-05-16T05:34:03.678343,80.00,75.00,71.40,0.00
2026-05-16T05:34:03.781961,66.70,77.80,75.00,12.50
2026-05-16T05:34:03.886196,70.00,75.00,66.70,14.30
2026-05-16T05:34:03.989274,62.50,77.80,77.80,22.20
2026-05-16T05:34:04.093550,81.80,80.00,70.00,14.30
2026-05-16T05:34:04.197637,62.50,80.00,66.70,22.20
2026-05-16T05:34:04.301533,70.00,70.00,77.80,12.50
2026-05-16T05:34:04.405507,77.80,77.80,75.00,14.30
2026-05-16T05:34:04.509021,75.00,81.80,66.70,12.50
2026-05-16T05:34:04.612911,70.00,71.40,66.70,14.30
2026-05-16T05:34:04.717252,66.70,66.70,77.80,12.50
2026-05-16T05:34:04.821076,80.00,80.00,66.70,14.30
2026-05-16T05:34:04.924785,80.00,80.00,77.80,25.00
2026-05-16T05:34:05.028804,77.80,88.90,77.80,25.00
2026-05-16T05:34:05.133352,77.80,81.80,77.80,25.00
2026-05-16T05:34:05.236634,72.70,77.80,80.00,33.30
2026-05-16T05:34:05.340246,75.00,80.00,77.80,12.50
2026-05-16T05:34:05.444299,77.80,80.00,70.00,14.30
2026-05-16T05:34:05.548353,70.00,77.80,70.00,12.50
2026-05-16T05:34:05.652725,75.00,70.00,77.80,14.30
2026-05-16T05:34:05.756557,75.00,77.80,77.80,33.30
2026-05-16T05:34:05.859949,70.00,70.00,70.00,12.50
2026-05-16T05:34:05.964297,66.70,75.00,75.00,22.20
2026-05-16T05:34:06.068849,77.80,80.00,70.00,0.00
2026-05-16T05:34:06.173339,70.00,80.00,80.00,14.30
2026-05-16T05:34:06.276688,70.00,72.70,66.70,12.50
2026-05-16T05:34:06.380311,71.40,70.00,62.50,22.20
2026-05-16T05:34:06.483883,66.70,77.80,62.50,0.00
2026-05-16T05:34:06.588002,70.00,80.00,77.80,25.00
2026-05-16T05:34:06.691468,77.80,77.80,75.00,14.30
2026-05-16T05:34:06.794920,77.80,80.00,77.80,22.20
2026-05-16T05:34:06.898819,70.00,80.00,72.70,25.00
2026-05-16T05:34:07.002794,75.00,77.80,77.80,12.50
2026-05-16T05:34:07.106936,70.00,77.80,75.00,14.30
2026-05-16T05:34:07.211059,80.00,70.00,70.00,22.20
2026-05-16T05:34:07.314583,70.00,77.80,75.00,14.30
2026-05-16T05:34:07.418547,66.70,77.80,70.00,14.30
2026-05-16T05:34:07.522023,66.70,70.00,66.70,12.50
2026-05-16T05:34:07.625974,75.00,75.00,66.70,22.20
2026-05-16T05:34:07.729866,77.80,77.80,77.80,14.30
2026-05-16T05:34:07.833206,77.80,80.00,75.00,0.00
2026-05-16T05:34:07.937296,72.70,80.00,70.00,25.00
2026-05-16T05:34:08.040658,66.70,66.70,71.40,0.00
2026-05-16T05:34:08.144776,77.80,77.80,70.00,14.30
2026-05-16T05:34:08.248264,70.00,81.80,70.00,30.00
2026-05-16T05:34:08.352336,75.00,77.80,62.50,14.30
2026-05-16T05:34:08.456228,66.70,77.80,77.80,12.50
2026-05-16T05:34:08.559907,66.70,77.80,70.00,12.50
2026-05-16T05:34:08.663607,77.80,66.70,77.80,25.00
2026-05-16T05:34:08.767200,70.00,72.70,66.70,22.20
2026-05-16T05:34:08.871042,80.00,77.80,70.00,0.00
2026-05-16T05:34:08.974807,66.70,77.80,66.70,33.30
2026-05-16T05:34:09.078556,66.70,75.00,77.80,0.00
2026-05-16T05:34:09.181705,75.00,77.80,77.80,25.00
2026-05-16T05:34:09.285321,70.00,77.80,66.70,25.00
2026-05-16T05:34:09.388965,70.00,70.00,70.00,12.50
2026-05-16T05:34:09.493650,75.00,77.80,75.00,12.50
2026-05-16T05:34:09.596662,77.80,81.80,80.00,16.70
2026-05-16T05:34:09.700836,66.70,75.00,70.00,22.20
2026-05-16T05:34:09.805349,77.80,81.80,75.00,25.00
2026-05-16T05:34:09.909388,70.00,80.00,70.00,14.30
2026-05-16T05:34:10.012728,80.00,80.00,77.80,25.00
2026-05-16T05:34:10.116208,62.50,66.70,77.80,0.00
2026-05-16T05:34:10.219595,75.00,90.00,80.00,25.00
2026-05-16T05:34:10.323815,72.70,77.80,66.70,12.50
2026-05-16T05:34:10.428311,80.00,80.00,77.80,25.00
2026-05-16T05:34:10.532517,77.80,80.00,75.00,14.30
2026-05-16T05:34:10.636414,70.00,72.70,66.70,12.50
2026-05-16T05:34:10.740644,77.80,80.00,75.00,22.20
2026-05-16T05:34:10.844925,70.00,80.00,70.00,0.00
2026-05-16T05:34:10.948450,71.40,77.80,70.00,22.20
2026-05-16T05:34:11.052062,70.00,80.00,75.00,25.00
2026-05-16T05:34:11.155493,77.80,70.00,62.50,0.00
2026-05-16T05:34:11.258774,70.00,75.00,77.80,25.00
2026-05-16T05:34:11.362817,66.70,70.00,66.70,12.50
2026-05-16T05:34:11.466697,77.80,81.80,75.00,25.00
2026-05-16T05:34:11.571011,70.00,80.00,81.80,0.00
2026-05-16T05:34:11.674701,80.00,75.00,80.00,22.20
2026-05-16T05:34:11.779898,77.80,80.00,77.80,25.00
2026-05-16T05:34:11.883923,70.00,80.00,70.00,14.30
2026-05-16T05:34:11.987171,71.40,77.80,75.00,12.50
2026-05-16T05:34:12.090623,70.00,80.00,70.00,14.30
2026-05-16T05:34:12.194616,77.80,80.00,80.00,22.20
2026-05-16T05:34:12.298927,66.70,77.80,77.80,14.30
2026-05-16T05:34:12.402564,80.00,77.80,77.80,25.00
2026-05-16T05:34:12.506794,66.70,72.70,77.80,12.50
2026-05-16T05:34:12.610498,75.00,77.80,70.00,0.00
2026-05-16T05:34:12.714582,70.00,70.00,75.00,22.20
2026-05-16T05:34:12.818831,77.80,80.00,72.70,12.50
2026-05-16T05:34:12.922456,66.70,75.00,77.80,14.30
2026-05-16T05:34:13.026462,66.70,77.80,66.70,0.00
2026-05-16T05:34:13.129713,75.00,72.70,77.80,14.30
2026-05-16T05:34:13.233445,70.00,77.80,70.00,33.30
2026-05-16T05:34:13.337222,80.00,80.00,80.00,12.50
2026-05-16T05:34:13.440686,62.50,77.80,77.80,25.00
2026-05-16T05:34:13.544619,70.00,77.80,72.70,12.50
2026-05-16T05:34:13.648220,77.80,80.00,75.00,33.30
2026-05-16T05:34:13.751878,62.50,72.70,66.70,0.00
2026-05-16T05:34:13.855829,77.80,77.80,72.70,14.30
2026-05-16T05:34:13.960063,62.50,80.00,75.00,12.50
2026-05-16T05:34:14.063682,66.70,80.00,80.00,14.30
2026-05-16T05:34:14.167781,80.00,80.00,70.00,12.50
2026-05-16T05:34:14.271797,66.70,75.00,75.00,14.30
2026-05-16T05:34:14.375904,77.80,70.00,72.70,22.20
2026-05-16T05:34:14.479392,70.00,83.30,75.00,14.30
2026-05-16T05:34:14.583078,70.00,75.00,66.70,12.50
2026-05-16T05:34:14.686951,77.80,77.80,77.80,14.30
2026-05-16T05:34:14.790693,77.80,72.70,77.80,22.20
2026-05-16T05:34:14.893996,70.00,87.50,77.80,44.40
2026-05-16T05:34:14.997514,66.70,72.70,70.00,12.50
2026-05-16T05:34:15.101098,75.00,80.00,80.00,33.30
2026-05-16T05:34:15.205617,77.80,75.00,77.80,14.30
2026-05-16T05:34:15.308522,62.50,77.80,66.70,12.50
2026-05-16T05:34:15.411482,72.70,72.70,77.80,12.50
2026-05-16T05:34:15.515381,75.00,75.00,66.70,14.30
2026-05-16T05:34:15.618823,70.00,77.80,77.80,22.20
2026-05-16T05:34:15.722894,70.00,70.00,62.50,25.00
2026-05-16T05:34:15.827516,66.70,77.80,66.70,22.20
2026-05-16T05:34:15.931087,77.80,70.00,77.80,0.00
2026-05-16T05:34:16.035910,66.70,77.80,66.70,14.30
2026-05-16T05:34:16.139806,70.00,70.00,66.70,12.50
2026-05-16T05:34:16.243736,75.00,85.70,80.00,25.00
2026-05-16T05:34:16.346906,70.00,70.00,77.80,12.50
2026-05-16T05:34:16.450064,62.50,70.00,66.70,12.50
2026-05-16T05:34:16.553495,70.00,75.00,66.70,12.50
2026-05-16T05:34:16.657052,75.00,70.00,70.00,14.30
2026-05-16T05:34:16.761085,80.00,88.90,80.00,22.20
2026-05-16T05:34:16.864868,66.70,70.00,71.40,0.00
2026-05-16T05:34:16.968339,72.70,62.50,70.00,12.50
2026-05-16T05:34:17.071965,66.70,77.80,66.70,12.50
2026-05-16T05:34:17.175798,71.40,77.80,70.00,36.40
2026-05-16T05:34:17.278722,66.70,66.70,62.50,25.00
2026-05-16T05:34:17.382868,72.70,77.80,77.80,12.50
2026-05-16T05:34:17.486494,66.70,72.70,75.00,0.00
2026-05-16T05:34:17.590343,77.80,77.80,66.70,22.20
2026-05-16T05:34:17.693897,66.70,77.80,75.00,0.00
2026-05-16T05:34:17.797698,62.50,72.70,70.00,12.50
2026-05-16T05:34:17.901084,66.70,77.80,70.00,0.00
2026-05-16T05:34:18.005015,70.00,62.50,62.50,22.20
2026-05-16T05:34:18.108341,62.50,70.00,66.70,12.50
2026-05-16T05:34:18.212216,75.00,66.70,75.00,14.30
2026-05-16T05:34:18.315940,70.00,77.80,66.70,12.50
2026-05-16T05:34:18.419679,66.70,70.00,70.00,12.50
2026-05-16T05:34:18.523489,75.00,77.80,71.40,12.50
2026-05-16T05:34:18.627081,66.70,80.00,70.00,14.30
2026-05-16T05:34:18.731092,77.80,77.80,71.40,22.20
2026-05-16T05:34:18.835386,80.00,80.00,72.70,14.30
2026-05-16T05:34:18.939496,70.00,80.00,77.80,12.50
2026-05-16T05:34:19.042892,77.80,70.00,75.00,25.00
2026-05-16T05:34:19.146030,77.80,80.00,70.00,22.20
2026-05-16T05:34:19.249957,70.00,77.80,75.00,25.00
2026-05-16T05:34:19.353838,75.00,77.80,80.00,0.00
2026-05-16T05:34:19.457450,66.70,81.80,72.70,12.50
2026-05-16T05:34:19.560417,62.50,62.50,62.50,0.00
2026-05-16T05:34:19.664241,60.00,70.00,66.70,22.20
2026-05-16T05:34:19.767675,66.70,66.70,66.70,12.50
2026-05-16T05:34:19.870944,57.10,63.60,42.90,0.00
2026-05-16T05:34:19.974261,60.00,62.50,62.50,12.50
2026-05-16T05:34:20.078307,57.10,70.00,62.50,22.20
2026-05-16T05:34:20.181076,66.70,66.70,60.00,22.20
2026-05-16T05:34:20.284255,62.50,70.00,62.50,14.30
2026-05-16T05:34:20.388267,60.00,75.00,70.00,12.50
2026-05-16T05:34:20.492397,62.50,66.70,66.70,22.20
2026-05-16T05:34:20.595889,70.00,70.00,62.50,14.30
2026-05-16T05:34:20.699486,57.10,70.00,62.50,12.50
2026-05-16T05:34:20.802908,55.60,62.50,70.00,12.50
2026-05-16T05:34:20.906365,62.50,70.00,55.60,12.50
2026-05-16T05:34:21.009286,66.70,70.00,66.70,12.50
2026-05-16T05:34:21.112795,66.70,62.50,62.50,12.50
2026-05-16T05:34:21.216209,62.50,62.50,62.50,12.50
2026-05-16T05:34:21.319830,55.60,66.70,70.00,12.50
2026-05-16T05:34:21.423832,66.70,72.70,57.10,12.50
2026-05-16T05:34:21.527636,62.50,66.70,60.00,12.50
2026-05-16T05:34:21.630901,70.00,62.50,62.50,22.20
2026-05-16T05:34:21.734665,66.70,72.70,70.00,14.30
2026-05-16T05:34:21.838822,70.00,80.00,77.80,22.20
2026-05-16T05:34:21.942152,66.70,70.00,62.50,0.00
2026-05-16T05:34:22.045445,62.50,62.50,66.70,12.50
2026-05-16T05:34:22.149071,62.50,62.50,66.70,22.20
2026-05-16T05:34:22.252947,70.00,72.70,66.70,12.50
2026-05-16T05:34:22.356728,62.50,75.00,70.00,12.50
2026-05-16T05:34:22.460275,66.70,70.00,66.70,14.30
2026-05-16T05:34:22.563459,66.70,70.00,66.70,12.50
2026-05-16T05:34:22.667079,66.70,70.00,62.50,30.00
2026-05-16T05:34:22.770789,70.00,62.50,66.70,0.00
2026-05-16T05:34:22.874057,70.00,70.00,70.00,12.50
2026-05-16T05:34:22.978039,66.70,77.80,66.70,0.00
2026-05-16T05:34:23.081605,66.70,70.00,62.50,22.20
2026-05-16T05:34:23.184630,66.70,66.70,70.00,25.00
2026-05-16T05:34:23.287998,55.60,66.70,66.70,0.00
2026-05-16T05:34:23.391950,77.80,77.80,62.50,33.30
2026-05-16T05:34:23.495663,55.60,70.00,70.00,0.00
2026-05-16T05:34:23.599268,66.70,62.50,62.50,12.50
2026-05-16T05:34:23.703517,71.40,70.00,66.70,22.20
2026-05-16T05:34:23.807574,63.60,70.00,62.50,12.50
2026-05-16T05:34:23.910852,57.10,62.50,62.50,0.00
2026-05-16T05:34:24.015038,66.70,66.70,63.60,12.50
2026-05-16T05:34:24.118683,62.50,70.00,66.70,14.30
2026-05-16T05:34:24.222132,62.50,77.80,62.50,22.20
2026-05-16T05:34:24.325412,62.50,62.50,66.70,0.00
2026-05-16T05:34:24.429045,66.70,77.80,66.70,12.50
2026-05-16T05:34:24.533072,66.70,70.00,66.70,22.20
2026-05-16T05:34:24.636995,63.60,70.00,77.80,0.00
2026-05-16T05:34:24.740275,62.50,70.00,62.50,12.50
2026-05-16T05:34:24.843650,77.80,72.70,66.70,30.00
2026-05-16T05:34:24.947648,55.60,75.00,70.00,28.60
2026-05-16T05:34:25.051383,66.70,70.00,62.50,30.00
2026-05-16T05:34:25.155181,75.00,66.70,62.50,0.00
2026-05-16T05:34:25.258286,66.70,57.10,66.70,22.20
2026-05-16T05:34:25.361954,62.50,66.70,66.70,0.00
2026-05-16T05:34:25.465913,66.70,70.00,62.50,14.30
2026-05-16T05:34:25.569755,70.00,70.00,62.50,22.20
2026-05-16T05:34:25.673438,66.70,70.00,66.70,22.20
2026-05-16T05:34:25.776742,66.70,66.70,66.70,12.50
2026-05-16T05:34:25.879915,66.70,62.50,55.60,0.00
2026-05-16T05:34:25.983658,55.60,62.50,62.50,22.20
2026-05-16T05:34:26.086639,66.70,66.70,66.70,12.50
2026-05-16T05:34:26.190582,55.60,66.70,60.00,12.50
2026-05-16T05:34:26.294701,70.00,72.70,70.00,12.50
2026-05-16T05:34:26.398483,62.50,77.80,62.50,25.00
2026-05-16T05:34:26.502714,66.70,70.00,66.70,12.50
2026-05-16T05:34:26.605914,66.70,66.70,62.50,22.20
2026-05-16T05:34:26.709376,66.70,66.70,62.50,12.50
2026-05-16T05:34:26.812971,62.50,70.00,62.50,14.30
2026-05-16T05:34:26.917041,66.70,62.50,70.00,0.00
2026-05-16T05:34:27.020643,70.00,77.80,66.70,22.20
2026-05-16T05:34:27.123860,66.70,66.70,66.70,22.20
2026-05-16T05:34:27.227368,50.00,60.00,55.60,12.50
2026-05-16T05:34:27.330884,77.80,70.00,66.70,0.00
2026-05-16T05:34:27.434584,55.60,66.70,57.10,12.50
2026-05-16T05:34:27.538058,66.70,66.70,66.70,0.00
2026-05-16T05:34:27.641666,66.70,77.80,62.50,25.00
2026-05-16T05:34:27.744940,66.70,66.70,70.00,12.50
2026-05-16T05:34:27.848470,70.00,62.50,66.70,12.50
2026-05-16T05:34:27.951972,70.00,66.70,62.50,0.00
2026-05-16T05:34:28.055341,60.00,70.00,62.50,12.50
2026-05-16T05:34:28.158899,62.50,50.00,60.00,0.00
2026-05-16T05:34:28.261998,62.50,77.80,71.40,25.00
2026-05-16T05:34:28.365226,66.70,66.70,60.00,12.50
2026-05-16T05:34:28.468836,62.50,60.00,66.70,12.50
2026-05-16T05:34:28.572819,66.70,77.80,66.70,12.50
2026-05-16T05:34:28.676576,62.50,66.70,62.50,22.20
2026-05-16T05:34:28.779988,66.70,70.00,66.70,0.00
2026-05-16T05:34:28.883675,62.50,62.50,66.70,0.00
2026-05-16T05:34:28.987279,63.60,70.00,66.70,12.50
2026-05-16T05:34:29.090508,62.50,62.50,42.90,12.50
2026-05-16T05:34:29.194106,57.10,70.00,57.10,12.50
2026-05-16T05:34:29.297786,70.00,62.50,70.00,14.30
2026-05-16T05:34:29.401596,66.70,70.00,62.50,22.20
2026-05-16T05:34:29.505472,50.00,66.70,62.50,0.00
2026-05-16T05:34:29.608866,77.80,70.00,62.50,12.50
2026-05-16T05:34:29.712090,66.70,81.80,70.00,12.50
2026-05-16T05:34:29.815802,55.60,66.70,70.00,0.00
2026-05-16T05:34:29.919068,57.10,70.00,55.60,22.20
2026-05-16T05:34:30.022678,62.50,62.50,66.70,0.00
2026-05-16T05:34:30.126852,66.70,66.70,55.60,22.20
2026-05-16T05:34:30.230114,70.00,70.00,66.70,30.00
2026-05-16T05:34:30.333529,60.00,62.50,66.70,0.00
2026-05-16T05:34:30.437443,66.70,70.00,57.10,12.50
2026-05-16T05:34:30.541538,57.10,70.00,70.00,0.00
2026-05-16T05:34:30.644598,70.00,77.80,55.60,12.50
2026-05-16T05:34:30.747677,62.50,66.70,62.50,22.20
2026-05-16T05:34:30.851273,62.50,66.70,66.70,12.50
2026-05-16T05:34:30.954707,66.70,72.70,66.70,0.00
2026-05-16T05:34:31.057924,70.00,75.00,62.50,30.00
2026-05-16T05:34:31.161582,62.50,70.00,66.70,0.00
2026-05-16T05:34:31.264753,66.70,70.00,70.00,25.00
2026-05-16T05:34:31.367992,66.70,66.70,57.10,12.50
2026-05-16T05:34:31.471421,70.00,70.00,63.60,22.20
2026-05-16T05:34:31.574966,50.00,66.70,50.00,12.50
2026-05-16T05:34:31.678081,72.70,66.70,70.00,0.00
2026-05-16T05:34:31.782013,57.10,72.70,66.70,12.50
2026-05-16T05:34:31.885302,66.70,62.50,57.10,25.00
2026-05-16T05:34:31.988981,57.10,70.00,63.60,12.50
2026-05-16T05:34:32.091802,72.70,66.70,62.50,22.20
2026-05-16T05:34:32.195658,60.00,75.00,62.50,12.50
2026-05-16T05:34:32.298957,66.70,70.00,62.50,0.00
2026-05-16T05:34:32.403565,77.80,66.70,66.70,12.50
2026-05-16T05:34:32.506840,60.00,71.40,70.00,12.50
2026-05-16T05:34:32.611238,57.10,72.70,55.60,12.50
2026-05-16T05:34:32.714780,62.50,66.70,66.70,22.20
2026-05-16T05:34:32.818389,70.00,66.70,66.70,14.30
2026-05-16T05:34:32.921635,62.50,72.70,62.50,0.00
2026-05-16T05:34:33.024932,66.70,66.70,66.70,12.50
2026-05-16T05:34:33.128245,66.70,66.70,66.70,22.20
2026-05-16T05:34:33.231437,55.60,70.00,66.70,14.30
2026-05-16T05:34:33.334967,70.00,66.70,62.50,12.50
2026-05-16T05:34:33.438482,62.50,66.70,55.60,12.50
2026-05-16T05:34:33.541863,70.00,66.70,66.70,0.00
2026-05-16T05:34:33.645577,77.80,80.00,75.00,12.50
2026-05-16T05:34:33.749449,62.50,70.00,66.70,25.00
2026-05-16T05:34:33.853233,66.70,66.70,66.70,12.50
2026-05-16T05:34:33.956705,60.00,62.50,50.00,22.20
2026-05-16T05:34:34.061095,50.00,66.70,50.00,0.00
2026-05-16T05:34:34.164096,62.50,66.70,75.00,14.30
2026-05-16T05:34:34.267953,70.00,70.00,60.00,22.20
2026-05-16T05:34:34.371965,75.00,77.80,62.50,14.30
2026-05-16T05:34:34.474616,33.30,25.00,33.30,0.00
2026-05-16T05:34:34.576930,0.00,22.20,0.00,0.00
2026-05-16T05:34:34.679547,12.50,0.00,22.20,0.00
2026-05-16T05:34:34.781929,12.50,0.00,0.00,10.00
2026-05-16T05:34:34.884202,0.00,30.00,12.50,0.00
2026-05-16T05:34:34.986441,25.00,0.00,0.00,20.00
2026-05-16T05:34:35.088739,22.20,14.30,30.00,0.00
2026-05-16T05:34:35.191298,12.50,0.00,0.00,0.00
2026-05-16T05:34:35.293641,12.50,22.20,14.30,11.10
2026-05-16T05:34:35.396035,12.50,0.00,0.00,0.00
2026-05-16T05:34:35.498921,14.30,0.00,22.20,0.00
2026-05-16T05:34:35.601735,12.50,22.20,12.50,10.00
2026-05-16T05:34:35.704226,22.20,14.30,25.00,0.00
2026-05-16T05:34:35.806859,12.50,12.50,0.00,0.00
2026-05-16T05:34:35.909174,0.00,0.00,12.50,10.00
2026-05-16T05:34:36.011746,12.50,12.50,12.50,0.00
2026-05-16T05:34:36.114545,25.00,12.50,22.20,0.00
2026-05-16T05:34:36.217399,12.50,0.00,0.00,0.00
2026-05-16T05:34:36.319918,12.50,22.20,22.20,0.00
2026-05-16T05:34:36.422409,0.00,0.00,0.00,10.00
2026-05-16T05:34:36.583495,33.30,33.30,30.80,14.30
2026-05-16T05:34:36.686020,14.30,14.30,100.00,0.00
2026-05-16T05:34:36.788584,33.30,28.60,100.00,11.10
2026-05-16T05:34:36.891063,14.30,0.00,100.00,0.00
2026-05-16T05:34:36.993468,14.30,25.00,100.00,0.00
2026-05-16T05:34:37.096222,14.30,37.50,100.00,0.00
2026-05-16T05:34:37.198736,25.00,0.00,100.00,10.00
2026-05-16T05:34:37.301438,14.30,25.00,100.00,20.00
2026-05-16T05:34:37.403928,33.30,0.00,100.00,0.00
2026-05-16T05:34:37.506496,25.00,28.60,100.00,0.00
2026-05-16T05:34:37.609000,14.30,25.00,100.00,0.00
2026-05-16T05:34:37.711467,14.30,14.30,100.00,0.00
2026-05-16T05:34:37.813824,14.30,14.30,100.00,0.00
2026-05-16T05:34:37.916534,25.00,25.00,100.00,0.00
2026-05-16T05:34:38.018833,25.00,0.00,100.00,10.00
2026-05-16T05:34:38.121381,25.00,25.00,100.00,0.00
2026-05-16T05:34:38.223697,14.30,25.00,100.00,0.00
2026-05-16T05:34:38.326562,25.00,14.30,100.00,11.10
2026-05-16T05:34:38.429054,33.30,16.70,100.00,10.00
2026-05-16T05:34:38.531831,14.30,14.30,100.00,0.00
2026-05-16T05:34:38.634454,25.00,14.30,100.00,0.00
2026-05-16T05:34:38.736650,14.30,14.30,100.00,10.00
2026-05-16T05:34:38.839060,14.30,28.60,100.00,11.10
2026-05-16T05:34:38.941852,33.30,14.30,100.00,0.00
2026-05-16T05:34:39.044680,16.70,25.00,100.00,0.00
2026-05-16T05:34:39.147623,33.30,28.60,100.00,0.00
2026-05-16T05:34:39.250167,0.00,25.00,100.00,10.00
2026-05-16T05:34:39.352807,25.00,0.00,100.00,0.00
2026-05-16T05:34:39.455538,33.30,0.00,100.00,11.10
2026-05-16T05:34:39.558390,25.00,25.00,100.00,10.00
2026-05-16T05:34:39.661025,14.30,16.70,100.00,0.00
2026-05-16T05:34:39.763474,16.70,14.30,100.00,0.00
2026-05-16T05:34:39.866083,33.30,14.30,100.00,0.00
2026-05-16T05:34:39.968575,25.00,28.60,100.00,0.00
2026-05-16T05:34:40.071046,0.00,14.30,100.00,0.00
2026-05-16T05:34:40.173755,25.00,33.30,100.00,18.20
2026-05-16T05:34:40.276619,25.00,16.70,100.00,0.00
2026-05-16T05:34:40.378973,14.30,25.00,100.00,18.20
2026-05-16T05:34:40.481570,25.00,25.00,100.00,0.00
2026-05-16T05:34:40.583922,14.30,14.30,100.00,0.00
2026-05-16T05:34:40.686818,33.30,16.70,100.00,11.10
2026-05-16T05:34:40.789516,37.50,25.00,100.00,0.00
2026-05-16T05:34:40.892600,22.20,16.70,100.00,0.00
2026-05-16T05:34:40.995224,14.30,14.30,100.00,0.00
2026-05-16T05:34:41.097810,33.30,14.30,100.00,10.00
2026-05-16T05:34:41.200467,16.70,28.60,100.00,11.10
2026-05-16T05:34:41.303055,33.30,25.00,100.00,0.00
2026-05-16T05:34:41.405697,0.00,0.00,100.00,0.00
2026-05-16T05:34:41.508572,22.20,25.00,100.00,0.00
2026-05-16T05:34:41.610989,25.00,25.00,100.00,0.00
2026-05-16T05:34:41.713834,14.30,28.60,100.00,10.00
2026-05-16T05:34:41.816580,14.30,0.00,100.00,0.00
2026-05-16T05:34:41.919319,28.60,37.50,100.00,0.00
2026-05-16T05:34:42.021642,30.00,14.30,100.00,10.00
2026-05-16T05:34:42.124029,16.70,14.30,100.00,10.00
2026-05-16T05:34:42.226615,25.00,14.30,100.00,0.00
2026-05-16T05:34:42.329551,14.30,28.60,100.00,18.20
2026-05-16T05:34:42.432643,14.30,14.30,100.00,0.00
2026-05-16T05:34:42.535242,33.30,14.30,100.00,0.00
2026-05-16T05:34:42.638086,0.00,37.50,100.00,0.00
2026-05-16T05:34:42.741247,33.30,25.00,100.00,0.00
2026-05-16T05:34:42.843729,14.30,14.30,100.00,0.00
2026-05-16T05:34:42.946273,25.00,0.00,100.00,0.00
2026-05-16T05:34:43.048655,0.00,28.60,100.00,10.00
2026-05-16T05:34:43.151048,25.00,25.00,100.00,0.00
2026-05-16T05:34:43.254006,28.60,14.30,100.00,11.10
2026-05-16T05:34:43.356709,0.00,25.00,100.00,0.00
2026-05-16T05:34:43.459078,33.30,25.00,100.00,10.00
2026-05-16T05:34:43.561803,0.00,0.00,100.00,0.00
2026-05-16T05:34:43.664692,25.00,37.50,100.00,0.00
2026-05-16T05:34:43.767074,25.00,14.30,100.00,11.10
2026-05-16T05:34:43.869600,14.30,25.00,100.00,0.00
2026-05-16T05:34:43.972166,14.30,16.70,100.00,10.00
2026-05-16T05:34:44.075110,25.00,33.30,100.00,0.00
2026-05-16T05:34:44.177931,14.30,14.30,100.00,0.00
2026-05-16T05:34:44.280572,14.30,14.30,100.00,10.00
2026-05-16T05:34:44.654816,56.20,58.60,100.00,63.60
2026-05-16T05:34:44.758899,28.60,37.50,100.00,100.00
2026-05-16T05:34:44.863683,25.00,25.00,100.00,100.00
2026-05-16T05:34:44.967949,28.60,50.00,100.00,100.00
2026-05-16T05:34:45.071846,25.00,37.50,100.00,100.00
2026-05-16T05:34:45.177588,14.30,28.60,100.00,100.00
2026-05-16T05:34:45.283048,37.50,37.50,100.00,100.00
2026-05-16T05:34:45.387601,25.00,28.60,100.00,100.00
2026-05-16T05:34:45.492191,37.50,50.00,100.00,100.00
2026-05-16T05:34:45.596659,33.30,28.60,100.00,100.00
2026-05-16T05:34:45.702295,37.50,28.60,100.00,100.00
2026-05-16T05:34:45.807071,25.00,44.40,100.00,100.00
2026-05-16T05:34:45.911925,28.60,28.60,100.00,100.00
2026-05-16T05:34:46.018183,14.30,28.60,100.00,100.00
2026-05-16T05:34:46.123032,33.30,42.90,100.00,100.00
2026-05-16T05:34:46.228590,28.60,37.50,100.00,100.00
2026-05-16T05:34:46.333310,25.00,33.30,100.00,100.00
2026-05-16T05:34:46.437884,25.00,37.50,100.00,100.00
2026-05-16T05:34:46.543051,14.30,14.30,100.00,100.00
2026-05-16T05:34:46.648247,25.00,44.40,100.00,100.00
2026-05-16T05:34:46.753211,25.00,16.70,100.00,100.00
2026-05-16T05:34:46.857628,14.30,25.00,100.00,100.00
2026-05-16T05:34:46.961731,33.30,25.00,100.00,100.00
2026-05-16T05:34:47.066336,25.00,28.60,100.00,100.00
2026-05-16T05:34:47.170840,12.50,25.00,100.00,100.00
2026-05-16T05:34:47.275816,14.30,37.50,100.00,100.00
2026-05-16T05:34:47.381095,25.00,33.30,100.00,100.00
2026-05-16T05:34:47.486889,25.00,16.70,100.00,100.00
2026-05-16T05:34:47.592517,25.00,37.50,100.00,100.00
2026-05-16T05:34:47.697103,33.30,25.00,100.00,100.00
2026-05-16T05:34:47.801917,25.00,28.60,100.00,100.00
2026-05-16T05:34:47.906232,25.00,33.30,100.00,100.00
2026-05-16T05:34:48.010960,14.30,16.70,100.00,100.00
2026-05-16T05:34:48.115542,25.00,14.30,100.00,100.00
2026-05-16T05:34:48.219937,0.00,25.00,100.00,100.00
2026-05-16T05:34:48.324637,25.00,28.60,100.00,100.00
2026-05-16T05:34:48.428978,33.30,33.30,100.00,100.00
2026-05-16T05:34:48.533866,25.00,14.30,100.00,100.00
2026-05-16T05:34:48.639518,0.00,25.00,100.00,100.00
2026-05-16T05:34:48.743994,33.30,37.50,100.00,100.00
2026-05-16T05:34:48.848801,14.30,25.00,100.00,100.00
2026-05-16T05:34:48.953377,25.00,28.60,100.00,100.00
2026-05-16T05:34:49.057370,0.00,14.30,100.00,100.00
2026-05-16T05:34:49.162036,22.20,14.30,100.00,100.00
2026-05-16T05:34:49.267131,0.00,28.60,100.00,100.00
2026-05-16T05:34:49.372366,33.30,33.30,100.00,100.00
2026-05-16T05:34:49.476637,11.10,0.00,100.00,100.00
2026-05-16T05:34:49.580226,10.00,18.20,100.00,100.00
2026-05-16T05:34:49.684399,10.00,0.00,100.00,100.00
2026-05-16T05:34:49.788940,11.10,0.00,100.00,100.00
2026-05-16T05:34:49.892731,18.20,10.00,100.00,100.00
2026-05-16T05:34:49.996388,10.00,20.00,100.00,100.00
2026-05-16T05:34:50.099811,10.00,0.00,100.00,100.00
2026-05-16T05:34:50.204519,18.20,11.10,100.00,100.00
2026-05-16T05:34:50.308930,27.30,11.10,100.00,100.00
2026-05-16T05:34:50.412668,10.00,20.00,100.00,100.00
2026-05-16T05:34:50.516717,10.00,0.00,100.00,100.00
2026-05-16T05:34:50.620130,11.10,0.00,100.00,100.00
2026-05-16T05:34:50.723692,18.20,0.00,100.00,100.00
2026-05-16T05:34:50.827343,25.00,11.10,100.00,100.00
2026-05-16T05:34:50.931061,11.10,10.00,100.00,100.00
2026-05-16T05:34:51.035026,10.00,0.00,100.00,100.00
2026-05-16T05:34:51.138891,10.00,0.00,100.00,100.00
2026-05-16T05:34:51.242472,10.00,20.00,100.00,100.00
2026-05-16T05:34:51.345804,10.00,0.00,100.00,100.00
2026-05-16T05:34:51.449638,20.00,11.10,100.00,100.00
2026-05-16T05:34:51.552961,10.00,10.00,100.00,100.00
2026-05-16T05:34:51.657046,18.20,0.00,100.00,100.00
2026-05-16T05:34:51.760929,11.10,11.10,100.00,100.00
2026-05-16T05:34:51.864812,25.00,0.00,100.00,100.00
2026-05-16T05:34:51.968879,11.10,20.00,100.00,100.00
2026-05-16T05:34:52.072492,10.00,0.00,100.00,100.00
2026-05-16T05:34:52.175774,11.10,0.00,100.00,100.00
2026-05-16T05:34:52.279272,18.20,10.00,100.00,100.00
2026-05-16T05:34:52.382647,10.00,0.00,100.00,100.00
2026-05-16T05:34:52.486310,10.00,0.00,100.00,100.00
2026-05-16T05:34:52.589626,11.10,0.00,100.00,100.00
2026-05-16T05:34:52.693969,10.00,10.00,100.00,100.00
2026-05-16T05:34:52.797572,25.00,10.00,100.00,100.00
2026-05-16T05:34:52.900670,11.10,0.00,100.00,100.00
2026-05-16T05:34:53.005490,10.00,0.00,100.00,100.00
2026-05-16T05:34:53.109730,10.00,11.10,100.00,100.00
2026-05-16T05:34:53.213342,11.10,10.00,100.00,100.00
2026-05-16T05:34:53.317476,25.00,0.00,100.00,100.00
2026-05-16T05:34:53.420879,11.10,0.00,100.00,100.00
2026-05-16T05:34:53.525133,10.00,11.10,100.00,100.00
2026-05-16T05:34:53.628720,20.00,0.00,100.00,100.00
2026-05-16T05:34:53.732489,10.00,11.10,100.00,100.00
2026-05-16T05:34:53.836169,0.00,18.20,100.00,100.00
2026-05-16T05:34:53.939678,18.20,0.00,100.00,100.00
2026-05-16T05:34:54.043063,10.00,10.00,100.00,100.00
2026-05-16T05:34:54.146962,10.00,11.10,100.00,100.00
2026-05-16T05:34:54.250557,20.00,0.00,100.00,100.00
2026-05-16T05:34:54.354178,10.00,0.00,100.00,100.00
2026-05-16T05:34:54.457416,18.20,10.00,100.00,100.00
2026-05-16T05:34:54.560656,10.00,0.00,100.00,100.00
2026-05-16T05:34:54.664299,27.30,0.00,100.00,100.00
2026-05-16T05:34:54.767839,10.00,10.00,100.00,100.00
2026-05-16T05:34:54.871524,18.20,11.10,100.00,100.00
2026-05-16T05:34:54.975212,20.00,0.00,100.00,100.00
2026-05-16T05:34:55.078816,22.20,22.20,100.00,100.00
2026-05-16T05:34:55.182519,18.20,0.00,100.00,100.00
2026-05-16T05:34:55.285854,11.10,11.10,100.00,100.00
2026-05-16T05:34:55.390520,10.00,10.00,100.00,100.00
2026-05-16T05:34:55.494169,27.30,0.00,100.00,100.00
2026-05-16T05:34:55.597804,18.20,11.10,100.00,100.00
2026-05-16T05:34:55.701843,30.80,0.00,100.00,100.00
2026-05-16T05:34:55.805279,11.10,18.20,100.00,100.00
2026-05-16T05:34:55.908981,18.20,11.10,100.00,100.00
2026-05-16T05:34:56.012463,27.30,20.00,100.00,100.00
2026-05-16T05:34:56.116028,25.00,0.00,100.00,100.00
2026-05-16T05:34:56.219830,10.00,11.10,100.00,100.00
2026-05-16T05:34:56.323614,20.00,20.00,100.00,100.00
2026-05-16T05:34:56.427709,18.20,10.00,100.00,100.00
2026-05-16T05:34:56.531600,18.20,22.20,100.00,100.00
2026-05-16T05:34:56.635254,11.10,10.00,100.00,100.00
2026-05-16T05:34:56.738961,25.00,12.50,100.00,100.00
2026-05-16T05:34:56.842456,20.00,10.00,100.00,100.00
2026-05-16T05:34:56.946216,10.00,11.10,100.00,100.00
2026-05-16T05:34:57.050006,20.00,11.10,100.00,100.00
2026-05-16T05:34:57.153670,18.20,11.10,100.00,100.00
2026-05-16T05:34:57.257172,18.20,11.10,100.00,100.00
2026-05-16T05:34:57.360590,20.00,0.00,100.00,100.00
2026-05-16T05:34:57.463899,10.00,11.10,100.00,100.00
2026-05-16T05:34:57.567720,20.00,20.00,100.00,100.00
2026-05-16T05:34:57.671159,0.00,11.10,100.00,100.00
2026-05-16T05:34:57.774880,10.00,0.00,100.00,100.00
2026-05-16T05:34:57.879566,27.30,11.10,100.00,100.00
2026-05-16T05:34:57.983054,25.00,10.00,100.00,100.00
2026-05-16T05:34:58.086454,20.00,0.00,100.00,100.00
2026-05-16T05:34:58.190211,18.20,27.30,100.00,100.00
2026-05-16T05:34:58.293698,10.00,0.00,100.00,100.00
2026-05-16T05:34:58.396925,27.30,11.10,100.00,100.00
2026-05-16T05:34:58.500517,0.00,11.10,100.00,100.00
2026-05-16T05:34:58.604364,20.00,20.00,100.00,100.00
2026-05-16T05:34:58.707989,10.00,10.00,100.00,100.00
2026-05-16T05:34:58.811562,20.00,12.50,100.00,100.00
2026-05-16T05:34:58.915520,18.20,0.00,100.00,100.00
2026-05-16T05:34:59.019279,10.00,11.10,100.00,100.00
2026-05-16T05:34:59.123006,11.10,20.00,100.00,100.00
2026-05-16T05:34:59.227509,30.80,0.00,100.00,100.00
2026-05-16T05:34:59.331093,11.10,22.20,100.00,100.00
2026-05-16T05:34:59.434427,10.00,0.00,100.00,100.00
2026-05-16T05:34:59.537696,11.10,20.00,100.00,100.00
2026-05-16T05:34:59.641258,18.20,0.00,100.00,100.00
2026-05-16T05:34:59.744823,27.30,0.00,100.00,100.00
2026-05-16T05:34:59.848052,10.00,20.00,100.00,100.00
2026-05-16T05:34:59.952100,20.00,0.00,100.00,100.00
2026-05-16T05:35:00.055411,20.00,11.10,100.00,100.00
2026-05-16T05:35:00.158794,10.00,0.00,100.00,100.00
2026-05-16T05:35:00.262222,20.00,27.30,100.00,100.00
2026-05-16T05:35:00.365577,18.20,0.00,100.00,100.00
2026-05-16T05:35:00.469578,20.00,20.00,100.00,100.00
2026-05-16T05:35:00.573262,11.10,11.10,100.00,100.00
2026-05-16T05:35:00.676502,10.00,10.00,100.00,100.00
2026-05-16T05:35:00.780055,18.20,0.00,100.00,100.00
2026-05-16T05:35:00.883615,18.20,20.00,100.00,100.00
2026-05-16T05:35:00.986857,10.00,10.00,100.00,100.00
2026-05-16T05:35:01.090132,18.20,10.00,100.00,100.00
2026-05-16T05:35:01.193637,18.20,0.00,100.00,100.00
2026-05-16T05:35:01.297081,11.10,0.00,100.00,100.00
2026-05-16T05:35:01.400612,0.00,11.10,100.00,100.00
2026-05-16T05:35:01.504220,10.00,10.00,100.00,100.00
2026-05-16T05:35:01.607581,10.00,0.00,100.00,100.00
2026-05-16T05:35:01.711005,18.20,20.00,100.00,100.00
2026-05-16T05:35:01.814407,18.20,0.00,100.00,100.00
2026-05-16T05:35:01.917967,10.00,10.00,100.00,100.00
2026-05-16T05:35:02.021305,11.10,11.10,100.00,100.00
2026-05-16T05:35:02.124691,10.00,0.00,100.00,100.00
2026-05-16T05:35:02.228350,18.20,0.00,100.00,100.00
2026-05-16T05:35:02.331694,10.00,0.00,100.00,100.00
2026-05-16T05:35:02.435257,10.00,10.00,100.00,100.00
2026-05-16T05:35:02.538612,10.00,0.00,100.00,100.00
2026-05-16T05:35:02.642213,18.20,0.00,100.00,100.00
2026-05-16T05:35:02.745641,20.00,10.00,100.00,100.00
2026-05-16T05:35:02.849019,18.20,0.00,100.00,100.00
2026-05-16T05:35:02.952708,10.00,10.00,100.00,100.00
2026-05-16T05:35:03.056013,10.00,0.00,100.00,100.00
2026-05-16T05:35:03.160387,18.20,0.00,100.00,100.00
2026-05-16T05:35:03.263631,20.00,10.00,100.00,100.00
2026-05-16T05:35:03.367781,18.20,0.00,100.00,100.00
2026-05-16T05:35:03.471283,20.00,0.00,100.00,100.00
2026-05-16T05:35:03.575147,10.00,0.00,100.00,100.00
2026-05-16T05:35:03.678507,10.00,10.00,100.00,100.00
2026-05-16T05:35:03.782037,27.30,11.10,100.00,100.00
2026-05-16T05:35:03.885620,10.00,0.00,100.00,100.00
2026-05-16T05:35:03.989072,11.10,0.00,100.00,100.00
2026-05-16T05:35:04.092362,10.00,0.00,100.00,100.00
2026-05-16T05:35:04.195831,18.20,0.00,100.00,100.00
2026-05-16T05:35:04.299602,11.10,0.00,100.00,100.00
2026-05-16T05:35:04.403563,18.20,11.10,100.00,100.00
2026-05-16T05:35:04.508019,50.00,50.00,100.00,100.00
2026-05-16T05:35:04.614430,70.00,66.70,100.00,100.00
2026-05-16T05:35:04.721814,66.70,72.70,100.00,100.00
2026-05-16T05:35:04.827368,55.60,77.80,100.00,100.00
2026-05-16T05:35:04.931350,50.00,66.70,100.00,100.00
2026-05-16T05:35:05.038035,62.50,77.80,100.00,100.00
2026-05-16T05:35:05.143505,62.50,77.80,100.00,100.00
2026-05-16T05:35:05.250482,70.00,70.00,100.00,100.00
2026-05-16T05:35:05.357334,55.60,77.80,100.00,100.00
2026-05-16T05:35:05.465265,66.70,62.50,100.00,100.00
2026-05-16T05:35:05.570284,77.80,70.00,100.00,100.00
2026-05-16T05:35:05.675621,55.60,66.70,100.00,100.00
2026-05-16T05:35:05.781674,66.70,72.70,100.00,100.00
2026-05-16T05:35:05.887556,75.00,62.50,100.00,100.00
2026-05-16T05:35:05.991381,66.70,62.50,100.00,100.00
2026-05-16T05:35:06.097386,62.50,66.70,100.00,100.00
2026-05-16T05:35:06.201676,50.00,57.10,100.00,100.00
2026-05-16T05:35:06.305968,50.00,62.50,100.00,100.00
2026-05-16T05:35:06.410418,62.50,60.00,100.00,100.00
2026-05-16T05:35:06.521061,60.00,66.70,100.00,100.00
2026-05-16T05:35:06.625300,57.10,62.50,100.00,100.00
2026-05-16T05:35:06.731606,66.70,80.00,100.00,100.00
2026-05-16T05:35:06.836009,50.00,62.50,100.00,100.00
2026-05-16T05:35:06.940244,62.50,66.70,100.00,100.00
2026-05-16T05:35:07.044429,55.60,62.50,100.00,100.00
2026-05-16T05:35:07.148973,60.00,66.70,100.00,100.00
2026-05-16T05:35:07.253920,62.50,66.70,100.00,100.00
2026-05-16T05:35:07.360186,60.00,50.00,100.00,100.00
2026-05-16T05:35:07.465416,62.50,62.50,100.00,100.00
2026-05-16T05:35:07.570050,62.50,55.60,100.00,100.00
2026-05-16T05:35:07.674278,57.10,66.70,100.00,100.00
2026-05-16T05:35:07.779178,60.00,50.00,100.00,100.00
2026-05-16T05:35:07.884228,62.50,60.00,100.00,100.00
2026-05-16T05:35:07.990626,55.60,57.10,100.00,100.00
2026-05-16T05:35:08.095400,50.00,66.70,100.00,100.00
2026-05-16T05:35:08.200669,62.50,62.50,100.00,100.00
2026-05-16T05:35:08.306688,55.60,60.00,100.00,100.00
2026-05-16T05:35:08.412347,66.70,70.00,100.00,100.00
2026-05-16T05:35:08.516362,77.80,57.10,100.00,100.00
2026-05-16T05:35:08.622083,66.70,70.00,100.00,100.00
2026-05-16T05:35:08.729189,62.50,75.00,100.00,100.00
2026-05-16T05:35:08.835582,77.80,66.70,100.00,100.00
2026-05-16T05:35:08.940725,66.70,55.60,100.00,100.00
2026-05-16T05:35:09.044979,50.00,62.50,100.00,100.00
2026-05-16T05:35:09.150405,55.60,50.00,100.00,100.00
2026-05-16T05:35:09.255801,62.50,66.70,100.00,100.00
2026-05-16T05:35:09.361707,50.00,66.70,100.00,100.00
2026-05-16T05:35:09.467163,66.70,50.00,100.00,100.00
2026-05-16T05:35:09.571784,66.70,55.60,100.00,100.00
2026-05-16T05:35:09.678395,66.70,62.50,100.00,100.00
2026-05-16T05:35:09.784417,50.00,55.60,100.00,100.00
2026-05-16T05:35:09.888494,62.50,66.70,100.00,100.00
2026-05-16T05:35:09.994523,55.60,57.10,100.00,100.00
2026-05-16T05:35:10.099988,55.60,60.00,100.00,100.00
2026-05-16T05:35:10.205977,62.50,62.50,100.00,100.00
2026-05-16T05:35:10.311749,55.60,70.00,100.00,100.00
2026-05-16T05:35:10.417649,55.60,62.50,100.00,100.00
2026-05-16T05:35:10.521860,62.50,55.60,100.00,100.00
2026-05-16T05:35:10.626500,66.70,77.80,100.00,100.00
2026-05-16T05:35:10.732545,62.50,70.00,100.00,100.00
2026-05-16T05:35:10.838344,66.70,75.00,100.00,100.00
2026-05-16T05:35:10.942501,66.70,70.00,100.00,100.00
2026-05-16T05:35:11.049285,66.70,70.00,100.00,100.00
2026-05-16T05:35:11.154458,75.00,71.40,100.00,100.00
2026-05-16T05:35:11.259515,66.70,70.00,100.00,100.00
2026-05-16T05:35:11.365012,50.00,66.70,100.00,100.00
2026-05-16T05:35:11.469713,70.00,50.00,100.00,100.00
2026-05-16T05:35:11.575634,72.70,66.70,100.00,100.00
2026-05-16T05:35:11.682503,62.50,70.00,100.00,100.00
2026-05-16T05:35:11.788642,62.50,62.50,100.00,100.00
2026-05-16T05:35:11.894844,50.00,70.00,100.00,100.00
2026-05-16T05:35:11.999056,62.50,50.00,100.00,100.00
2026-05-16T05:35:12.105697,66.70,70.00,100.00,100.00
2026-05-16T05:35:12.210698,66.70,66.70,100.00,100.00
2026-05-16T05:35:12.317277,66.70,80.00,100.00,100.00
2026-05-16T05:35:12.422499,57.10,42.90,100.00,100.00
2026-05-16T05:35:12.528656,70.00,60.00,100.00,100.00
2026-05-16T05:35:12.632485,55.60,62.50,100.00,100.00
2026-05-16T05:35:12.738261,75.00,62.50,100.00,100.00
2026-05-16T05:35:12.843883,66.70,57.10,100.00,100.00
2026-05-16T05:35:12.949265,50.00,60.00,100.00,100.00
2026-05-16T05:35:13.054641,60.00,62.50,100.00,100.00
2026-05-16T05:35:13.159349,62.50,70.00,100.00,100.00
2026-05-16T05:35:13.263440,55.60,62.50,100.00,100.00
2026-05-16T05:35:13.367926,57.10,66.70,100.00,100.00
2026-05-16T05:35:13.473645,55.60,62.50,100.00,100.00
2026-05-16T05:35:13.577664,55.60,62.50,100.00,100.00
2026-05-16T05:35:13.683040,66.70,60.00,100.00,100.00
2026-05-16T05:35:13.787128,55.60,66.70,100.00,100.00
2026-05-16T05:35:13.891086,57.10,62.50,100.00,100.00
2026-05-16T05:35:13.995301,50.00,66.70,100.00,100.00
2026-05-16T05:35:14.100279,55.60,70.00,100.00,100.00
2026-05-16T05:35:14.204661,57.10,66.70,100.00,100.00
2026-05-16T05:35:14.310031,50.00,66.70,100.00,100.00
2026-05-16T05:35:14.414297,55.60,70.00,100.00,100.00
2026-05-16T05:35:14.518493,57.10,50.00,100.00,100.00
2026-05-16T05:35:14.622930,55.60,66.70,100.00,100.00
2026-05-16T05:35:14.727101,62.50,62.50,100.00,100.00
2026-05-16T05:35:14.831621,62.50,55.60,100.00,100.00
2026-05-16T05:35:14.936197,55.60,62.50,100.00,100.00
2026-05-16T05:35:15.042908,62.50,72.70,100.00,100.00
2026-05-16T05:35:15.147089,66.70,66.70,100.00,100.00
2026-05-16T05:35:15.251825,62.50,62.50,100.00,100.00
2026-05-16T05:35:15.357822,62.50,57.10,100.00,100.00
2026-05-16T05:35:15.463596,70.00,70.00,100.00,100.00
2026-05-16T05:35:15.567628,70.00,70.00,100.00,100.00
2026-05-16T05:35:15.671798,62.50,75.00,100.00,100.00
2026-05-16T05:35:15.777319,66.70,80.00,100.00,100.00
2026-05-16T05:35:15.881496,62.50,55.60,100.00,100.00
2026-05-16T05:35:15.985885,80.00,77.80,100.00,100.00
2026-05-16T05:35:16.091042,66.70,66.70,100.00,100.00
2026-05-16T05:35:16.197353,62.50,66.70,100.00,100.00
2026-05-16T05:35:16.303975,70.00,66.70,100.00,100.00
2026-05-16T05:35:16.410338,55.60,50.00,100.00,100.00
2026-05-16T05:35:16.516771,57.10,60.00,100.00,100.00
2026-05-16T05:35:16.622549,62.50,70.00,100.00,100.00
2026-05-16T05:35:16.727507,55.60,62.50,100.00,100.00
2026-05-16T05:35:16.834286,70.00,55.60,100.00,100.00
2026-05-16T05:35:16.941199,62.50,77.80,100.00,100.00
2026-05-16T05:35:17.047887,66.70,77.80,100.00,100.00
2026-05-16T05:35:17.152048,62.50,66.70,100.00,100.00
2026-05-16T05:35:17.259377,70.00,77.80,100.00,100.00
2026-05-16T05:35:17.365299,57.10,77.80,100.00,100.00
2026-05-16T05:35:17.470285,55.60,70.00,100.00,100.00
2026-05-16T05:35:17.577631,77.80,62.50,100.00,100.00
2026-05-16T05:35:17.683875,66.70,70.00,100.00,100.00
2026-05-16T05:35:17.789653,62.50,57.10,100.00,100.00
2026-05-16T05:35:17.895436,62.50,66.70,100.00,100.00
2026-05-16T05:35:18.000243,70.00,66.70,100.00,100.00
2026-05-16T05:35:18.105225,62.50,80.00,100.00,100.00
2026-05-16T05:35:18.211056,62.50,66.70,100.00,100.00
2026-05-16T05:35:18.316281,70.00,75.00,100.00,100.00
2026-05-16T05:35:18.421052,62.50,70.00,100.00,100.00
2026-05-16T05:35:18.526216,66.70,62.50,100.00,100.00
2026-05-16T05:35:18.630397,66.70,77.80,100.00,100.00
2026-05-16T05:35:18.736342,70.00,70.00,100.00,100.00
2026-05-16T05:35:18.840964,62.50,77.80,100.00,100.00
2026-05-16T05:35:18.944977,66.70,70.00,100.00,100.00
2026-05-16T05:35:19.049777,66.70,80.00,100.00,100.00
2026-05-16T05:35:19.153959,70.00,77.80,100.00,100.00
2026-05-16T05:35:19.259935,75.00,70.00,100.00,100.00
2026-05-16T05:35:19.366004,66.70,77.80,100.00,100.00
2026-05-16T05:35:19.469964,25.00,33.30,100.00,100.00
2026-05-16T05:35:19.573694,11.10,0.00,100.00,100.00
2026-05-16T05:35:19.677662,18.20,0.00,100.00,100.00
2026-05-16T05:35:19.781146,11.10,11.10,100.00,100.00
2026-05-16T05:35:19.884948,18.20,11.10,100.00,100.00
2026-05-16T05:35:19.988560,20.00,10.00,100.00,100.00
2026-05-16T05:35:20.091959,20.00,0.00,100.00,100.00
2026-05-16T05:35:20.195292,18.20,0.00,100.00,100.00
2026-05-16T05:35:20.298934,11.10,11.10,100.00,100.00
2026-05-16T05:35:20.402415,10.00,11.10,100.00,100.00
2026-05-16T05:35:20.506005,11.10,0.00,100.00,100.00
2026-05-16T05:35:20.609457,20.00,0.00,100.00,100.00
2026-05-16T05:35:20.712723,10.00,0.00,100.00,100.00
2026-05-16T05:35:20.816184,11.10,20.00,100.00,100.00
2026-05-16T05:35:20.919520,10.00,11.10,100.00,100.00
2026-05-16T05:35:21.023249,0.00,0.00,100.00,100.00
2026-05-16T05:35:21.126603,10.00,11.10,100.00,100.00
2026-05-16T05:35:21.230063,33.30,11.10,100.00,100.00
2026-05-16T05:35:21.333634,10.00,0.00,100.00,100.00
2026-05-16T05:35:21.436928,20.00,0.00,100.00,100.00
2026-05-16T05:35:21.540203,0.00,11.10,100.00,100.00
2026-05-16T05:35:21.643596,18.20,0.00,100.00,100.00
2026-05-16T05:35:21.747258,18.20,11.10,100.00,100.00
2026-05-16T05:35:21.850928,0.00,11.10,100.00,100.00
2026-05-16T05:35:21.954450,18.20,11.10,100.00,100.00
2026-05-16T05:35:22.058369,20.00,0.00,100.00,100.00
2026-05-16T05:35:22.161647,18.20,0.00,100.00,100.00
2026-05-16T05:35:22.265063,20.00,11.10,100.00,100.00
2026-05-16T05:35:22.368629,11.10,10.00,100.00,100.00
2026-05-16T05:35:22.472209,0.00,0.00,100.00,100.00
2026-05-16T05:35:22.575440,27.30,0.00,100.00,100.00
2026-05-16T05:35:22.679326,0.00,0.00,100.00,100.00
2026-05-16T05:35:22.782742,20.00,11.10,100.00,100.00
2026-05-16T05:35:22.886260,10.00,0.00,100.00,100.00
2026-05-16T05:35:22.990277,20.00,0.00,100.00,100.00
2026-05-16T05:35:23.093830,18.20,0.00,100.00,100.00
2026-05-16T05:35:23.197897,20.00,18.20,100.00,100.00
2026-05-16T05:35:23.301665,11.10,12.50,100.00,100.00
2026-05-16T05:35:23.405317,20.00,0.00,100.00,100.00
2026-05-16T05:35:23.508811,10.00,0.00,100.00,100.00
2026-05-16T05:35:23.612101,11.10,11.10,100.00,100.00
2026-05-16T05:35:23.716549,10.00,11.10,100.00,100.00
2026-05-16T05:35:23.820352,27.30,0.00,100.00,100.00
2026-05-16T05:35:23.924579,0.00,0.00,100.00,100.00
2026-05-16T05:35:24.028194,10.00,11.10,100.00,100.00
2026-05-16T05:35:24.132074,20.00,0.00,100.00,100.00
2026-05-16T05:35:24.236315,11.10,18.20,100.00,100.00
2026-05-16T05:35:24.339885,11.10,0.00,100.00,100.00
2026-05-16T05:35:24.443555,10.00,0.00,100.00,100.00
2026-05-16T05:35:24.547195,20.00,11.10,100.00,100.00
2026-05-16T05:35:24.650796,20.00,11.10,100.00,100.00
2026-05-16T05:35:24.754396,10.00,0.00,100.00,100.00
2026-05-16T05:35:24.857777,11.10,0.00,100.00,100.00
2026-05-16T05:35:24.961220,10.00,20.00,100.00,100.00
2026-05-16T05:35:25.064741,22.20,0.00,100.00,100.00
2026-05-16T05:35:25.168360,18.20,0.00,100.00,100.00
2026-05-16T05:35:25.272628,11.10,22.20,100.00,100.00
2026-05-16T05:35:25.376276,10.00,11.10,100.00,100.00
2026-05-16T05:35:25.480200,0.00,11.10,100.00,100.00
2026-05-16T05:35:25.584480,11.10,0.00,100.00,100.00
2026-05-16T05:35:25.688074,10.00,0.00,100.00,100.00
2026-05-16T05:35:25.791678,20.00,20.00,100.00,100.00
2026-05-16T05:35:25.895302,18.20,0.00,100.00,100.00
2026-05-16T05:35:25.998584,11.10,0.00,100.00,100.00
2026-05-16T05:35:26.102487,0.00,0.00,100.00,100.00
2026-05-16T05:35:26.205882,11.10,20.00,100.00,100.00
2026-05-16T05:35:26.309533,10.00,11.10,100.00,100.00
2026-05-16T05:35:26.413015,11.10,0.00,100.00,100.00
2026-05-16T05:35:26.516447,18.20,0.00,100.00,100.00
2026-05-16T05:35:26.620148,11.10,11.10,100.00,100.00
2026-05-16T05:35:26.723658,11.10,0.00,100.00,100.00
2026-05-16T05:35:26.827005,11.10,11.10,100.00,100.00
2026-05-16T05:35:26.930870,0.00,11.10,100.00,100.00
2026-05-16T05:35:27.034863,11.10,0.00,100.00,100.00
2026-05-16T05:35:27.138658,10.00,0.00,100.00,100.00
2026-05-16T05:35:27.242399,20.00,20.00,100.00,100.00
2026-05-16T05:35:27.345654,10.00,0.00,100.00,100.00
2026-05-16T05:35:27.449133,11.10,0.00,100.00,100.00
2026-05-16T05:35:27.552810,18.20,0.00,100.00,100.00
2026-05-16T05:35:27.656519,11.10,0.00,100.00,100.00
2026-05-16T05:35:27.760075,11.10,11.10,100.00,100.00
2026-05-16T05:35:27.863513,18.20,0.00,100.00,100.00
2026-05-16T05:35:27.967469,11.10,10.00,100.00,100.00
2026-05-16T05:35:28.071034,27.30,0.00,100.00,100.00
2026-05-16T05:35:28.174862,11.10,0.00,100.00,100.00
2026-05-16T05:35:28.278715,18.20,10.00,100.00,100.00
2026-05-16T05:35:28.382421,20.00,0.00,100.00,100.00
2026-05-16T05:35:28.486162,20.00,20.00,100.00,100.00
2026-05-16T05:35:28.589747,18.20,0.00,100.00,100.00
2026-05-16T05:35:28.693650,20.00,11.10,100.00,100.00
2026-05-16T05:35:28.797213,20.00,11.10,100.00,100.00
2026-05-16T05:35:28.901034,20.00,0.00,100.00,100.00
2026-05-16T05:35:29.005349,20.00,11.10,100.00,100.00
2026-05-16T05:35:29.109299,20.00,0.00,100.00,100.00
2026-05-16T05:35:29.213330,18.20,0.00,100.00,100.00
2026-05-16T05:35:29.316872,11.10,10.00,100.00,100.00
2026-05-16T05:35:29.420653,27.30,0.00,100.00,100.00
2026-05-16T05:35:29.524117,27.30,0.00,100.00,100.00
2026-05-16T05:35:29.627487,10.00,0.00,100.00,100.00
2026-05-16T05:35:29.730733,20.00,20.00,100.00,100.00
2026-05-16T05:35:29.834406,18.20,11.10,100.00,100.00
2026-05-16T05:35:29.937942,11.10,0.00,100.00,100.00
2026-05-16T05:35:30.041620,25.00,0.00,100.00,100.00
2026-05-16T05:35:30.145349,20.00,10.00,100.00,100.00
2026-05-16T05:35:30.248984,11.10,11.10,100.00,100.00
2026-05-16T05:35:30.352619,20.00,0.00,100.00,100.00
2026-05-16T05:35:30.456359,25.00,0.00,100.00,100.00
2026-05-16T05:35:30.559653,27.30,0.00,100.00,100.00
2026-05-16T05:35:30.663091,11.10,10.00,100.00,100.00
2026-05-16T05:35:30.766487,18.20,0.00,100.00,100.00
2026-05-16T05:35:30.869794,20.00,0.00,100.00,100.00
2026-05-16T05:35:30.973406,20.00,0.00,100.00,100.00
2026-05-16T05:35:31.076739,18.20,10.00,100.00,100.00
2026-05-16T05:35:31.180308,20.00,0.00,100.00,100.00
2026-05-16T05:35:31.284097,18.20,20.00,100.00,100.00
2026-05-16T05:35:31.387493,11.10,11.10,100.00,100.00
2026-05-16T05:35:31.491056,11.10,0.00,100.00,100.00
2026-05-16T05:35:31.594680,18.20,0.00,100.00,100.00
2026-05-16T05:35:31.698274,20.00,0.00,100.00,100.00
2026-05-16T05:35:31.801747,18.20,11.10,100.00,100.00
2026-05-16T05:35:31.905226,20.00,0.00,100.00,100.00
2026-05-16T05:35:32.008926,10.00,10.00,100.00,100.00
2026-05-16T05:35:32.112876,27.30,11.10,100.00,100.00
2026-05-16T05:35:32.216538,11.10,0.00,100.00,100.00
2026-05-16T05:35:32.320382,18.20,10.00,100.00,100.00
2026-05-16T05:35:32.423622,27.30,11.10,100.00,100.00
2026-05-16T05:35:32.527308,18.20,0.00,100.00,100.00
2026-05-16T05:35:32.630671,20.00,0.00,100.00,100.00
2026-05-16T05:35:32.734288,27.30,11.10,100.00,100.00
2026-05-16T05:35:32.837910,18.20,11.10,100.00,100.00
2026-05-16T05:35:32.942236,11.10,11.10,100.00,100.00
2026-05-16T05:35:33.045722,20.00,11.10,100.00,100.00
2026-05-16T05:35:33.149134,10.00,0.00,100.00,100.00
2026-05-16T05:35:33.252469,27.30,11.10,100.00,100.00
2026-05-16T05:35:33.355993,27.30,11.10,100.00,100.00
2026-05-16T05:35:33.459863,11.10,0.00,100.00,100.00
2026-05-16T05:35:33.564352,18.20,11.10,100.00,100.00
2026-05-16T05:35:33.668217,11.10,0.00,100.00,100.00
2026-05-16T05:35:33.771487,18.20,11.10,100.00,100.00
2026-05-16T05:35:33.874940,11.10,20.00,100.00,100.00
2026-05-16T05:35:33.978741,20.00,0.00,100.00,100.00
2026-05-16T05:35:34.082411,25.00,10.00,100.00,100.00
2026-05-16T05:35:34.185902,11.10,0.00,100.00,100.00
2026-05-16T05:35:34.289317,18.20,0.00,100.00,100.00
2026-05-16T05:35:34.393399,20.00,0.00,100.00,100.00
2026-05-16T05:35:34.498306,40.00,33.30,100.00,100.00
2026-05-16T05:35:34.603970,37.50,50.00,100.00,100.00
2026-05-16T05:35:34.708358,25.00,28.60,100.00,100.00
2026-05-16T05:35:34.812482,37.50,33.30,100.00,100.00
2026-05-16T05:35:34.916850,25.00,28.60,100.00,100.00
2026-05-16T05:35:35.021632,37.50,42.90,100.00,100.00
2026-05-16T05:35:35.126240,33.30,33.30,100.00,100.00
2026-05-16T05:35:35.233970,44.40,37.50,100.00,100.00
2026-05-16T05:35:35.338585,37.50,50.00,100.00,100.00
2026-05-16T05:35:35.444501,33.30,37.50,100.00,100.00
2026-05-16T05:35:35.548612,37.50,37.50,100.00,100.00
2026-05-16T05:35:35.652681,44.40,28.60,100.00,100.00
2026-05-16T05:35:35.757773,0.00,28.60,100.00,100.00
2026-05-16T05:35:35.862041,44.40,37.50,100.00,100.00
2026-05-16T05:35:35.966487,28.60,28.60,100.00,100.00
2026-05-16T05:35:36.071799,28.60,37.50,100.00,100.00
2026-05-16T05:35:36.176789,44.40,42.90,100.00,100.00
2026-05-16T05:35:36.282956,33.30,44.40,100.00,100.00
2026-05-16T05:35:36.387911,37.50,28.60,100.00,100.00
2026-05-16T05:35:36.494948,37.50,44.40,100.00,100.00
2026-05-16T05:35:36.599745,40.00,16.70,100.00,100.00
2026-05-16T05:35:36.704380,16.70,37.50,100.00,100.00
2026-05-16T05:35:36.808147,33.30,25.00,100.00,100.00
2026-05-16T05:35:36.913730,33.30,44.40,100.00,100.00
2026-05-16T05:35:37.018534,33.30,33.30,100.00,100.00
2026-05-16T05:35:37.123627,28.60,16.70,100.00,100.00
2026-05-16T05:35:37.229279,25.00,25.00,100.00,100.00
2026-05-16T05:35:37.333513,40.00,28.60,100.00,100.00
2026-05-16T05:35:37.439871,28.60,37.50,100.00,100.00
2026-05-16T05:35:37.545260,33.30,25.00,100.00,100.00
2026-05-16T05:35:37.650039,37.50,16.70,100.00,100.00
2026-05-16T05:35:37.754721,37.50,37.50,100.00,100.00
2026-05-16T05:35:37.859037,37.50,44.40,100.00,100.00
2026-05-16T05:35:37.963105,25.00,16.70,100.00,100.00
2026-05-16T05:35:38.068437,44.40,28.60,100.00,100.00
2026-05-16T05:35:38.172626,16.70,37.50,100.00,100.00
2026-05-16T05:35:38.276959,40.00,16.70,100.00,100.00
2026-05-16T05:35:38.381457,25.00,28.60,100.00,100.00
2026-05-16T05:35:38.485918,14.30,33.30,100.00,100.00
2026-05-16T05:35:38.590780,33.30,0.00,100.00,100.00
2026-05-16T05:35:38.695631,28.60,37.50,100.00,100.00
2026-05-16T05:35:38.802841,40.00,37.50,100.00,100.00
2026-05-16T05:35:38.908656,25.00,28.60,100.00,100.00
2026-05-16T05:35:39.012855,28.60,25.00,100.00,100.00
2026-05-16T05:35:39.117338,25.00,28.60,100.00,100.00
2026-05-16T05:35:39.225090,33.30,28.60,100.00,100.00
2026-05-16T05:35:39.330247,33.30,33.30,100.00,100.00
2026-05-16T05:35:39.434938,25.00,28.60,100.00,100.00
2026-05-16T05:35:39.539911,33.30,25.00,100.00,100.00
2026-05-16T05:35:39.644895,28.60,37.50,100.00,100.00
2026-05-16T05:35:39.749546,33.30,28.60,100.00,100.00
2026-05-16T05:35:39.854469,37.50,28.60,100.00,100.00
2026-05-16T05:35:39.958880,25.00,25.00,100.00,100.00
2026-05-16T05:35:40.063834,25.00,16.70,100.00,100.00
2026-05-16T05:35:40.168549,37.50,33.30,100.00,100.00
2026-05-16T05:35:40.272984,33.30,37.50,100.00,100.00
2026-05-16T05:35:40.377713,14.30,28.60,100.00,100.00
2026-05-16T05:35:40.482395,50.00,16.70,100.00,100.00
2026-05-16T05:35:40.586737,25.00,25.00,100.00,100.00
2026-05-16T05:35:40.691795,16.70,28.60,100.00,100.00
2026-05-16T05:35:40.796876,50.00,37.50,100.00,100.00
2026-05-16T05:35:40.902217,40.00,37.50,100.00,100.00
2026-05-16T05:35:41.007051,37.50,28.60,100.00,100.00
2026-05-16T05:35:41.111783,44.40,44.40,100.00,100.00
2026-05-16T05:35:41.216616,28.60,37.50,100.00,100.00
2026-05-16T05:35:41.321280,50.00,50.00,100.00,100.00
2026-05-16T05:35:41.425269,44.40,37.50,100.00,100.00
2026-05-16T05:35:41.530369,16.70,16.70,100.00,100.00
2026-05-16T05:35:41.634352,50.00,44.40,100.00,100.00
2026-05-16T05:35:41.738750,25.00,20.00,100.00,100.00
2026-05-16T05:35:41.843728,28.60,44.40,100.00,100.00
2026-05-16T05:35:41.947879,25.00,25.00,100.00,100.00
2026-05-16T05:35:42.053407,33.30,16.70,100.00,100.00
2026-05-16T05:35:42.158408,40.00,40.00,100.00,100.00
2026-05-16T05:35:42.262655,28.60,28.60,100.00,100.00
2026-05-16T05:35:42.366858,25.00,16.70,100.00,100.00
2026-05-16T05:35:42.471808,14.30,33.30,100.00,100.00
2026-05-16T05:35:42.576354,33.30,28.60,100.00,100.00
2026-05-16T05:35:42.681312,37.50,33.30,100.00,100.00
2026-05-16T05:35:42.785824,33.30,14.30,100.00,100.00
2026-05-16T05:35:42.890872,14.30,44.40,100.00,100.00
2026-05-16T05:35:42.995623,40.00,16.70,100.00,100.00
2026-05-16T05:35:43.100793,25.00,33.30,100.00,100.00
2026-05-16T05:35:43.205041,16.70,28.60,100.00,100.00
2026-05-16T05:35:43.310487,33.30,28.60,100.00,100.00
2026-05-16T05:35:43.414806,28.60,33.30,100.00,100.00
2026-05-16T05:35:43.518922,40.00,28.60,100.00,100.00
2026-05-16T05:35:43.623984,28.60,44.40,100.00,100.00
2026-05-16T05:35:43.728720,28.60,28.60,100.00,100.00
2026-05-16T05:35:43.833907,33.30,28.60,100.00,100.00
2026-05-16T05:35:43.938388,37.50,28.60,100.00,100.00
2026-05-16T05:35:44.043219,33.30,37.50,100.00,100.00
2026-05-16T05:35:44.148379,14.30,33.30,100.00,100.00
2026-05-16T05:35:44.252963,25.00,28.60,100.00,100.00
2026-05-16T05:35:44.357775,37.50,16.70,100.00,100.00
2026-05-16T05:35:44.462414,16.70,37.50,100.00,100.00
2026-05-16T05:35:44.567340,37.50,37.50,100.00,100.00
2026-05-16T05:35:44.672813,33.30,37.50,100.00,100.00
2026-05-16T05:35:44.777801,25.00,25.00,100.00,100.00
2026-05-16T05:35:44.882594,16.70,33.30,100.00,100.00
2026-05-16T05:35:44.987792,28.60,33.30,100.00,100.00
2026-05-16T05:35:45.093037,44.40,42.90,100.00,100.00
2026-05-16T05:35:45.198463,28.60,28.60,100.00,100.00
2026-05-16T05:35:45.302898,28.60,44.40,100.00,100.00
2026-05-16T05:35:45.408285,25.00,44.40,100.00,100.00
2026-05-16T05:35:45.513731,28.60,16.70,100.00,100.00
2026-05-16T05:35:45.618584,25.00,37.50,100.00,100.00
2026-05-16T05:35:45.723646,37.50,28.60,100.00,100.00
2026-05-16T05:35:45.831449,37.50,44.40,100.00,100.00
2026-05-16T05:35:45.936362,37.50,16.70,100.00,100.00
2026-05-16T05:35:46.041070,28.60,37.50,100.00,100.00
2026-05-16T05:35:46.145267,16.70,28.60,100.00,100.00
2026-05-16T05:35:46.250852,33.30,28.60,100.00,100.00
2026-05-16T05:35:46.355572,28.60,16.70,100.00,100.00
2026-05-16T05:35:46.460375,44.40,37.50,100.00,100.00
2026-05-16T05:35:46.564564,25.00,16.70,100.00,100.00
2026-05-16T05:35:46.668690,33.30,33.30,100.00,100.00
2026-05-16T05:35:46.772938,25.00,16.70,100.00,100.00
2026-05-16T05:35:46.877897,28.60,40.00,100.00,100.00
2026-05-16T05:35:46.982470,33.30,16.70,100.00,100.00
2026-05-16T05:35:47.086689,25.00,28.60,100.00,100.00
2026-05-16T05:35:47.190635,14.30,25.00,100.00,100.00
2026-05-16T05:35:47.295358,28.60,37.50,100.00,100.00
2026-05-16T05:35:47.399690,25.00,14.30,100.00,100.00
2026-05-16T05:35:47.504551,33.30,28.60,100.00,100.00
2026-05-16T05:35:47.609430,25.00,25.00,100.00,100.00
2026-05-16T05:35:47.713811,25.00,28.60,100.00,100.00
2026-05-16T05:35:47.819392,28.60,14.30,100.00,100.00
2026-05-16T05:35:47.924214,14.30,28.60,100.00,100.00
2026-05-16T05:35:48.028579,33.30,28.60,100.00,100.00
2026-05-16T05:35:48.133804,25.00,25.00,100.00,100.00
2026-05-16T05:35:48.237571,16.70,37.50,100.00,100.00
2026-05-16T05:35:48.341239,33.30,14.30,100.00,100.00
2026-05-16T05:35:48.445255,25.00,16.70,100.00,100.00
2026-05-16T05:35:48.550526,44.40,37.50,100.00,100.00
2026-05-16T05:35:48.655042,28.60,28.60,100.00,100.00
2026-05-16T05:35:48.760316,25.00,37.50,100.00,100.00
2026-05-16T05:35:48.865408,44.40,44.40,100.00,100.00
2026-05-16T05:35:48.970335,28.60,0.00,100.00,100.00
2026-05-16T05:35:49.075031,28.60,42.90,100.00,100.00
2026-05-16T05:35:49.181012,33.30,28.60,100.00,100.00
2026-05-16T05:35:49.285432,16.70,37.50,100.00,100.00
2026-05-16T05:35:49.389622,33.30,28.60,100.00,100.00
2026-05-16T05:35:49.493571,12.50,12.50,100.00,100.00
2026-05-16T05:35:49.597084,12.50,0.00,100.00,100.00
2026-05-16T05:35:49.701508,11.10,0.00,100.00,100.00
2026-05-16T05:35:49.805564,22.20,0.00,100.00,100.00
2026-05-16T05:35:49.909419,0.00,12.50,100.00,100.00
2026-05-16T05:35:50.013641,22.20,22.20,100.00,100.00
2026-05-16T05:35:50.117997,20.00,0.00,100.00,100.00
2026-05-16T05:35:50.222144,22.20,12.50,100.00,100.00
2026-05-16T05:35:50.325824,22.20,0.00,100.00,100.00
2026-05-16T05:35:50.430358,0.00,12.50,100.00,100.00
2026-05-16T05:35:50.534735,30.00,22.20,100.00,100.00
2026-05-16T05:35:50.639755,0.00,0.00,100.00,100.00
2026-05-16T05:35:50.743508,12.50,0.00,100.00,100.00
2026-05-16T05:35:50.847035,27.30,22.20,100.00,100.00
2026-05-16T05:35:50.951519,12.50,0.00,100.00,100.00
2026-05-16T05:35:51.056007,20.00,12.50,100.00,100.00
2026-05-16T05:35:51.159718,12.50,11.10,100.00,100.00
2026-05-16T05:35:51.263496,11.10,12.50,100.00,100.00
2026-05-16T05:35:51.366878,27.30,0.00,100.00,100.00
2026-05-16T05:35:51.470529,12.50,0.00,100.00,100.00
2026-05-16T05:35:51.573941,11.10,11.10,100.00,100.00
2026-05-16T05:35:51.677947,11.10,12.50,100.00,100.00
2026-05-16T05:35:51.784355,12.50,12.50,100.00,100.00
2026-05-16T05:35:51.888214,27.30,12.50,100.00,100.00
2026-05-16T05:35:51.991928,12.50,12.50,100.00,100.00
2026-05-16T05:35:52.095676,20.00,0.00,100.00,100.00
2026-05-16T05:35:52.199292,11.10,0.00,100.00,100.00
2026-05-16T05:35:52.302907,12.50,12.50,100.00,100.00
2026-05-16T05:35:52.407066,11.10,12.50,100.00,100.00
2026-05-16T05:35:52.511628,11.10,11.10,100.00,100.00
2026-05-16T05:35:52.615795,11.10,0.00,100.00,100.00
2026-05-16T05:35:52.720711,12.50,20.00,100.00,100.00
2026-05-16T05:35:52.824597,27.30,0.00,100.00,100.00
2026-05-16T05:35:52.928034,11.10,0.00,100.00,100.00
2026-05-16T05:35:53.031717,22.20,0.00,100.00,100.00
2026-05-16T05:35:53.135403,11.10,0.00,100.00,100.00
2026-05-16T05:35:53.239680,12.50,30.00,100.00,100.00
2026-05-16T05:35:53.344483,20.00,12.50,100.00,100.00
2026-05-16T05:35:53.448543,22.20,0.00,100.00,100.00
2026-05-16T05:35:53.552499,11.10,12.50,100.00,100.00
2026-05-16T05:35:53.656460,22.20,22.20,100.00,100.00
2026-05-16T05:35:53.760108,27.30,0.00,100.00,100.00
2026-05-16T05:35:53.865043,12.50,0.00,100.00,100.00
2026-05-16T05:35:53.968670,30.00,20.00,100.00,100.00
2026-05-16T05:35:54.072546,11.10,0.00,100.00,100.00
2026-05-16T05:35:54.176456,20.00,0.00,100.00,100.00
2026-05-16T05:35:54.280071,12.50,12.50,100.00,100.00
2026-05-16T05:35:54.383479,11.10,0.00,100.00,100.00
2026-05-16T05:35:54.486983,11.10,22.20,100.00,100.00
2026-05-16T05:35:54.590996,30.00,0.00,100.00,100.00
2026-05-16T05:35:54.694534,20.00,0.00,100.00,100.00
2026-05-16T05:35:54.798071,22.20,12.50,100.00,100.00
2026-05-16T05:35:54.902082,11.10,0.00,100.00,100.00
2026-05-16T05:35:55.006343,30.00,12.50,100.00,100.00
2026-05-16T05:35:55.110388,12.50,12.50,100.00,100.00
2026-05-16T05:35:55.214347,20.00,12.50,100.00,100.00
2026-05-16T05:35:55.318552,30.00,12.50,100.00,100.00
2026-05-16T05:35:55.422302,11.10,11.10,100.00,100.00
2026-05-16T05:35:55.526088,20.00,0.00,100.00,100.00
2026-05-16T05:35:55.629647,12.50,0.00,100.00,100.00
2026-05-16T05:35:55.733920,20.00,12.50,100.00,100.00
2026-05-16T05:35:55.837746,12.50,22.20,100.00,100.00
2026-05-16T05:35:55.942199,30.00,12.50,100.00,100.00
2026-05-16T05:35:56.046624,0.00,0.00,100.00,100.00
2026-05-16T05:35:56.151084,22.20,22.20,100.00,100.00
2026-05-16T05:35:56.255533,33.30,0.00,100.00,100.00
2026-05-16T05:35:56.359880,22.20,12.50,100.00,100.00
2026-05-16T05:35:56.464662,12.50,11.10,100.00,100.00
2026-05-16T05:35:56.568455,20.00,0.00,100.00,100.00
2026-05-16T05:35:56.671780,22.20,12.50,100.00,100.00
2026-05-16T05:35:56.775712,27.30,11.10,100.00,100.00
2026-05-16T05:35:56.879828,22.20,12.50,100.00,100.00
2026-05-16T05:35:56.983698,20.00,12.50,100.00,100.00
2026-05-16T05:35:57.087582,11.10,11.10,100.00,100.00
2026-05-16T05:35:57.190938,12.50,12.50,100.00,100.00
2026-05-16T05:35:57.294688,20.00,0.00,100.00,100.00
2026-05-16T05:35:57.398552,20.00,11.10,100.00,100.00
2026-05-16T05:35:57.502053,11.10,0.00,100.00,100.00
2026-05-16T05:35:57.605983,30.00,12.50,100.00,100.00
2026-05-16T05:35:57.710616,20.00,0.00,100.00,100.00
2026-05-16T05:35:57.815290,11.10,0.00,100.00,100.00
2026-05-16T05:35:57.919403,22.20,12.50,100.00,100.00
2026-05-16T05:35:58.023103,30.00,0.00,100.00,100.00
2026-05-16T05:35:58.126784,20.00,12.50,100.00,100.00
2026-05-16T05:35:58.230784,11.10,12.50,100.00,100.00
2026-05-16T05:35:58.335476,0.00,11.10,100.00,100.00
2026-05-16T05:35:58.439416,20.00,12.50,100.00,100.00
2026-05-16T05:35:58.542815,22.20,0.00,100.00,100.00
2026-05-16T05:35:58.646813,0.00,11.10,100.00,100.00
2026-05-16T05:35:58.750584,30.00,0.00,100.00,100.00
2026-05-16T05:35:58.854266,20.00,0.00,100.00,100.00
2026-05-16T05:35:58.957941,20.00,0.00,100.00,100.00
2026-05-16T05:35:59.061772,20.00,11.10,100.00,100.00
2026-05-16T05:35:59.165117,11.10,12.50,100.00,100.00
2026-05-16T05:35:59.269322,22.20,11.10,100.00,100.00
2026-05-16T05:35:59.373155,12.50,0.00,100.00,100.00
2026-05-16T05:35:59.477321,27.30,0.00,100.00,100.00
2026-05-16T05:35:59.581027,12.50,0.00,100.00,100.00
2026-05-16T05:35:59.684631,11.10,12.50,100.00,100.00
2026-05-16T05:35:59.788608,20.00,12.50,100.00,100.00
2026-05-16T05:35:59.892556,30.00,12.50,100.00,100.00
2026-05-16T05:35:59.996813,0.00,11.10,100.00,100.00
2026-05-16T05:36:00.100538,11.10,12.50,100.00,100.00
2026-05-16T05:36:00.204450,22.20,0.00,100.00,100.00
2026-05-16T05:36:00.308130,22.20,25.00,100.00,100.00
2026-05-16T05:36:00.411800,27.30,0.00,100.00,100.00
2026-05-16T05:36:00.515327,12.50,11.10,100.00,100.00
2026-05-16T05:36:00.618822,20.00,0.00,100.00,100.00
2026-05-16T05:36:00.722491,27.30,0.00,100.00,100.00
2026-05-16T05:36:00.826238,12.50,12.50,100.00,100.00
2026-05-16T05:36:00.930064,11.10,11.10,100.00,100.00
2026-05-16T05:36:01.033976,20.00,0.00,100.00,100.00
2026-05-16T05:36:01.137616,22.20,0.00,100.00,100.00
2026-05-16T05:36:01.241347,11.10,0.00,100.00,100.00
2026-05-16T05:36:01.344688,11.10,27.30,100.00,100.00
2026-05-16T05:36:01.448351,12.50,0.00,100.00,100.00
2026-05-16T05:36:01.552072,27.30,0.00,100.00,100.00
2026-05-16T05:36:01.655990,11.10,0.00,100.00,100.00
2026-05-16T05:36:01.759730,11.10,12.50,100.00,100.00
2026-05-16T05:36:01.863519,12.50,0.00,100.00,100.00
2026-05-16T05:36:01.967125,27.30,0.00,100.00,100.00
2026-05-16T05:36:02.071050,11.10,22.20,100.00,100.00
2026-05-16T05:36:02.174910,11.10,0.00,100.00,100.00
2026-05-16T05:36:02.278795,12.50,0.00,100.00,100.00
2026-05-16T05:36:02.382591,11.10,12.50,100.00,100.00
2026-05-16T05:36:02.486489,11.10,22.20,100.00,100.00
2026-05-16T05:36:02.590483,30.00,0.00,100.00,100.00
2026-05-16T05:36:02.694019,12.50,0.00,100.00,100.00
2026-05-16T05:36:02.797661,11.10,0.00,100.00,100.00
2026-05-16T05:36:02.901557,11.10,12.50,100.00,100.00
2026-05-16T05:36:03.005394,30.00,0.00,100.00,100.00
2026-05-16T05:36:03.108830,11.10,12.50,100.00,100.00
2026-05-16T05:36:03.212148,11.10,11.10,100.00,100.00
2026-05-16T05:36:03.315864,22.20,0.00,100.00,100.00
2026-05-16T05:36:03.419686,11.10,11.10,100.00,100.00
2026-05-16T05:36:03.523926,12.50,0.00,100.00,100.00
2026-05-16T05:36:03.628354,11.10,0.00,100.00,100.00
2026-05-16T05:36:03.731871,20.00,11.10,100.00,100.00
2026-05-16T05:36:03.835562,20.00,22.20,100.00,100.00
2026-05-16T05:36:03.939417,22.20,0.00,100.00,100.00
2026-05-16T05:36:04.043471,0.00,12.50,100.00,100.00
2026-05-16T05:36:04.147106,22.20,0.00,100.00,100.00
2026-05-16T05:36:04.251080,11.10,0.00,100.00,100.00
2026-05-16T05:36:04.354838,20.00,20.00,100.00,100.00
2026-05-16T05:36:04.463606,60.00,62.50,100.00,100.00
2026-05-16T05:36:04.569040,77.80,100.00,100.00,100.00
2026-05-16T05:36:04.673684,77.80,100.00,100.00,100.00
2026-05-16T05:36:04.779306,77.80,91.70,100.00,100.00
2026-05-16T05:36:04.883544,70.00,100.00,100.00,100.00
2026-05-16T05:36:04.989949,70.00,88.90,100.00,100.00
2026-05-16T05:36:05.095276,77.80,100.00,100.00,100.00
2026-05-16T05:36:05.202647,77.80,90.90,100.00,100.00
2026-05-16T05:36:05.309461,80.00,100.00,100.00,100.00
2026-05-16T05:36:05.413699,66.70,90.90,100.00,100.00
2026-05-16T05:36:05.518081,77.80,100.00,100.00,100.00
2026-05-16T05:36:05.624047,77.80,100.00,100.00,100.00
2026-05-16T05:36:05.731530,80.00,90.90,100.00,100.00
2026-05-16T05:36:05.836003,75.00,100.00,100.00,100.00
2026-05-16T05:36:05.945296,90.90,100.00,100.00,100.00
2026-05-16T05:36:06.051120,90.00,90.00,100.00,100.00
2026-05-16T05:36:06.158156,70.00,100.00,100.00,100.00
2026-05-16T05:36:06.262706,75.00,90.00,100.00,100.00
2026-05-16T05:36:06.370389,80.00,100.00,100.00,100.00
2026-05-16T05:36:06.477433,80.00,90.90,100.00,100.00
2026-05-16T05:36:06.582586,88.90,90.00,100.00,100.00
2026-05-16T05:36:06.690860,80.00,90.90,100.00,100.00
2026-05-16T05:36:06.798309,77.80,100.00,100.00,100.00
2026-05-16T05:36:06.903893,80.00,90.00,100.00,100.00
2026-05-16T05:36:07.008375,87.50,90.00,100.00,100.00
2026-05-16T05:36:07.114744,72.70,91.70,100.00,100.00
2026-05-16T05:36:07.219153,87.50,88.90,100.00,100.00
2026-05-16T05:36:07.323897,81.80,90.00,100.00,100.00
2026-05-16T05:36:07.428609,75.00,88.90,100.00,100.00
2026-05-16T05:36:07.533919,85.70,80.00,100.00,100.00
2026-05-16T05:36:07.638430,81.80,88.90,100.00,100.00
2026-05-16T05:36:07.838976,83.30,94.40,100.00,100.00
2026-05-16T05:36:07.943842,57.10,66.70,66.70,25.00
2026-05-16T05:36:08.048916,60.00,70.00,66.70,33.30
2026-05-16T05:36:08.153532,62.50,66.70,55.60,22.20
2026-05-16T05:36:08.259016,63.60,66.70,66.70,25.00
2026-05-16T05:36:08.365824,57.10,62.50,66.70,25.00
2026-05-16T05:36:08.471533,70.00,77.80,66.70,22.20
2026-05-16T05:36:08.576934,57.10,55.60,66.70,25.00
2026-05-16T05:36:08.681903,60.00,66.70,62.50,25.00
2026-05-16T05:36:08.788578,62.50,80.00,62.50,30.00
2026-05-16T05:36:08.894059,70.00,66.70,66.70,25.00
2026-05-16T05:36:08.999056,66.70,70.00,66.70,14.30
2026-05-16T05:36:09.104319,55.60,70.00,55.60,25.00
2026-05-16T05:36:09.210342,66.70,70.00,70.00,22.20
2026-05-16T05:36:09.317568,66.70,71.40,66.70,40.00
2026-05-16T05:36:09.424266,55.60,70.00,66.70,14.30
2026-05-16T05:36:09.528910,57.10,70.00,66.70,33.30
2026-05-16T05:36:09.634854,62.50,62.50,66.70,14.30
2026-05-16T05:36:09.741232,72.70,70.00,55.60,22.20
2026-05-16T05:36:09.846900,42.90,66.70,57.10,25.00
2026-05-16T05:36:09.952546,60.00,62.50,60.00,30.00
2026-05-16T05:36:10.058029,57.10,70.00,75.00,25.00
2026-05-16T05:36:10.165040,66.70,72.70,60.00,25.00
2026-05-16T05:36:10.270502,70.00,62.50,62.50,33.30
2026-05-16T05:36:10.376473,50.00,66.70,66.70,25.00
2026-05-16T05:36:10.482348,70.00,70.00,70.00,25.00
2026-05-16T05:36:10.587936,62.50,60.00,62.50,22.20
2026-05-16T05:36:10.693106,55.60,62.50,62.50,33.30
2026-05-16T05:36:10.798936,55.60,66.70,60.00,25.00
2026-05-16T05:36:10.904393,70.00,62.50,66.70,22.20
2026-05-16T05:36:11.010960,66.70,66.70,77.80,14.30
2026-05-16T05:36:11.116647,55.60,60.00,55.60,33.30
2026-05-16T05:36:11.221994,62.50,71.40,62.50,33.30
2026-05-16T05:36:11.326921,66.70,70.00,70.00,14.30
2026-05-16T05:36:11.433989,66.70,72.70,70.00,22.20
2026-05-16T05:36:11.540232,60.00,70.00,60.00,25.00
2026-05-16T05:36:11.646657,66.70,62.50,66.70,25.00
2026-05-16T05:36:11.753968,70.00,70.00,62.50,30.00
2026-05-16T05:36:11.859402,66.70,70.00,62.50,25.00
2026-05-16T05:36:11.965306,62.50,70.00,72.70,25.00
2026-05-16T05:36:12.071522,66.70,70.00,70.00,12.50
2026-05-16T05:36:12.177839,60.00,62.50,62.50,25.00
2026-05-16T05:36:12.283430,62.50,70.00,62.50,22.20
2026-05-16T05:36:12.388727,70.00,66.70,66.70,14.30
2026-05-16T05:36:12.494043,62.50,66.70,66.70,33.30
2026-05-16T05:36:12.599937,50.00,72.70,62.50,22.20
2026-05-16T05:36:12.706509,72.70,77.80,70.00,50.00
2026-05-16T05:36:12.811464,62.50,66.70,62.50,12.50
2026-05-16T05:36:12.916920,50.00,60.00,60.00,25.00
2026-05-16T05:36:13.021933,60.00,66.70,62.50,22.20
2026-05-16T05:36:13.127415,66.70,70.00,70.00,25.00
2026-05-16T05:36:13.233961,66.70,66.70,62.50,30.00
2026-05-16T05:36:13.338988,62.50,66.70,70.00,25.00
2026-05-16T05:36:13.444506,66.70,70.00,66.70,25.00
2026-05-16T05:36:13.549980,70.00,66.70,66.70,14.30
2026-05-16T05:36:13.655904,60.00,66.70,62.50,30.00
2026-05-16T05:36:13.761440,57.10,70.00,55.60,25.00
2026-05-16T05:36:13.867030,66.70,66.70,75.00,25.00
2026-05-16T05:36:13.972583,62.50,66.70,63.60,25.00
2026-05-16T05:36:14.078039,63.60,70.00,62.50,25.00
2026-05-16T05:36:14.183236,66.70,62.50,66.70,22.20
2026-05-16T05:36:14.288698,66.70,66.70,55.60,33.30
2026-05-16T05:36:14.395697,50.00,66.70,62.50,25.00
2026-05-16T05:36:14.501639,72.70,70.00,66.70,33.30
2026-05-16T05:36:14.608198,62.50,70.00,70.00,25.00
2026-05-16T05:36:14.713567,70.00,77.80,57.10,25.00
2026-05-16T05:36:14.818738,55.60,60.00,66.70,22.20
2026-05-16T05:36:14.923826,66.70,62.50,60.00,33.30
2026-05-16T05:36:15.029266,62.50,70.00,66.70,25.00
2026-05-16T05:36:15.134418,63.60,70.00,66.70,44.40
2026-05-16T05:36:15.240413,66.70,75.00,66.70,40.00
2026-05-16T05:36:15.345442,62.50,66.70,66.70,25.00
2026-05-16T05:36:15.451598,66.70,70.00,66.70,22.20
2026-05-16T05:36:15.556997,66.70,66.70,70.00,14.30
2026-05-16T05:36:15.661922,42.90,62.50,57.10,25.00
2026-05-16T05:36:15.767842,60.00,60.00,66.70,25.00
2026-05-16T05:36:15.872722,66.70,70.00,55.60,22.20
2026-05-16T05:36:15.978463,66.70,77.80,62.50,25.00
2026-05-16T05:36:16.084058,55.60,55.60,66.70,14.30
2026-05-16T05:36:16.189816,66.70,66.70,55.60,40.00
2026-05-16T05:36:16.295585,66.70,77.80,62.50,14.30
2026-05-16T05:36:16.401734,62.50,70.00,72.70,25.00
2026-05-16T05:36:16.506875,60.00,70.00,66.70,22.20
2026-05-16T05:36:16.611830,66.70,62.50,66.70,14.30
2026-05-16T05:36:16.717872,60.00,55.60,50.00,25.00
2026-05-16T05:36:16.823734,62.50,66.70,70.00,22.20
2026-05-16T05:36:16.928301,66.70,66.70,70.00,25.00
2026-05-16T05:36:17.032649,60.00,66.70,50.00,33.30
2026-05-16T05:36:17.138771,66.70,70.00,66.70,22.20
2026-05-16T05:36:17.244012,66.70,66.70,62.50,33.30
2026-05-16T05:36:17.349048,60.00,66.70,66.70,25.00
2026-05-16T05:36:17.454247,57.10,60.00,55.60,14.30
2026-05-16T05:36:17.558710,63.60,70.00,62.50,22.20
2026-05-16T05:36:17.664002,66.70,66.70,66.70,25.00
2026-05-16T05:36:17.769212,66.70,62.50,62.50,36.40
2026-05-16T05:36:17.875030,62.50,70.00,63.60,14.30
2026-05-16T05:36:17.981361,60.00,70.00,57.10,33.30
2026-05-16T05:36:18.087653,66.70,77.80,70.00,25.00
2026-05-16T05:36:18.192715,62.50,66.70,55.60,25.00
2026-05-16T05:36:18.297551,55.60,66.70,66.70,22.20
2026-05-16T05:36:18.402306,66.70,70.00,62.50,33.30
2026-05-16T05:36:18.508323,50.00,70.00,55.60,25.00
2026-05-16T05:36:18.613989,70.00,62.50,62.50,25.00
2026-05-16T05:36:18.720635,66.70,72.70,66.70,30.00
2026-05-16T05:36:18.825645,66.70,66.70,62.50,25.00
2026-05-16T05:36:18.931593,70.00,70.00,70.00,25.00
2026-05-16T05:36:19.037375,55.60,57.10,55.60,22.20
2026-05-16T05:36:19.142980,66.70,70.00,66.70,25.00
2026-05-16T05:36:19.248526,62.50,66.70,70.00,33.30
2026-05-16T05:36:19.354661,70.00,70.00,62.50,25.00
2026-05-16T05:36:19.457910,22.20,25.00,25.00,20.00
2026-05-16T05:36:19.582550,16.70,9.10,9.10,18.20
2026-05-16T05:36:19.685813,10.00,0.00,0.00,100.00
2026-05-16T05:36:19.789257,11.10,0.00,0.00,100.00
2026-05-16T05:36:19.892389,10.00,10.00,10.00,100.00
2026-05-16T05:36:19.995583,10.00,0.00,0.00,100.00
2026-05-16T05:36:20.099206,20.00,0.00,11.10,100.00
2026-05-16T05:36:20.203120,0.00,10.00,10.00,100.00
2026-05-16T05:36:20.306665,10.00,11.10,0.00,100.00
2026-05-16T05:36:20.410059,10.00,0.00,0.00,100.00
2026-05-16T05:36:20.513683,0.00,0.00,0.00,100.00
2026-05-16T05:36:20.616990,10.00,0.00,10.00,100.00
2026-05-16T05:36:20.720465,0.00,10.00,0.00,100.00
2026-05-16T05:36:20.823836,10.00,0.00,0.00,100.00
2026-05-16T05:36:20.927358,0.00,10.00,0.00,100.00
2026-05-16T05:36:21.030722,0.00,11.10,11.10,100.00
2026-05-16T05:36:21.134237,20.00,0.00,0.00,100.00
2026-05-16T05:36:21.238025,18.20,0.00,0.00,100.00
2026-05-16T05:36:21.341142,0.00,0.00,0.00,100.00
2026-05-16T05:36:21.444615,10.00,0.00,10.00,100.00
2026-05-16T05:36:21.604936,15.40,23.50,33.30,100.00
2026-05-16T05:36:21.708510,11.10,11.10,100.00,100.00
2026-05-16T05:36:21.812060,18.20,11.10,100.00,100.00
2026-05-16T05:36:21.915923,11.10,11.10,100.00,100.00
2026-05-16T05:36:22.019284,10.00,0.00,100.00,100.00
2026-05-16T05:36:22.122890,11.10,10.00,100.00,100.00
2026-05-16T05:36:22.226303,10.00,0.00,100.00,100.00
2026-05-16T05:36:22.329729,27.30,10.00,100.00,100.00
2026-05-16T05:36:22.433681,18.20,0.00,100.00,100.00
2026-05-16T05:36:22.537041,20.00,10.00,100.00,100.00
2026-05-16T05:36:22.640733,18.20,0.00,100.00,100.00
2026-05-16T05:36:22.744297,11.10,0.00,100.00,100.00
2026-05-16T05:36:22.847643,18.20,11.10,100.00,100.00
2026-05-16T05:36:22.951204,20.00,0.00,100.00,100.00
2026-05-16T05:36:23.055204,10.00,11.10,100.00,100.00
2026-05-16T05:36:23.158843,0.00,10.00,100.00,100.00
2026-05-16T05:36:23.262674,18.20,0.00,100.00,100.00
2026-05-16T05:36:23.366959,11.10,22.20,100.00,100.00
2026-05-16T05:36:23.470644,20.00,10.00,100.00,100.00
2026-05-16T05:36:23.574385,20.00,0.00,100.00,100.00
2026-05-16T05:36:23.677656,10.00,11.10,100.00,100.00
2026-05-16T05:36:23.780979,11.10,0.00,100.00,100.00
2026-05-16T05:36:23.885428,10.00,11.10,100.00,100.00
2026-05-16T05:36:26.031368,17.90,9.90,100.00,18.70
2026-05-16T05:36:26.133516,18.20,11.10,100.00,0.00
2026-05-16T05:36:26.235808,11.10,0.00,100.00,0.00
2026-05-16T05:36:26.337938,18.20,18.20,100.00,0.00
2026-05-16T05:36:26.440063,20.00,0.00,100.00,0.00
2026-05-16T05:36:26.542035,10.00,0.00,100.00,9.10
2026-05-16T05:36:26.644368,25.00,0.00,100.00,0.00
2026-05-16T05:36:26.746484,11.10,11.10,100.00,0.00
2026-05-16T05:36:26.848561,10.00,10.00,100.00,0.00
2026-05-16T05:36:26.950465,11.10,0.00,100.00,0.00
2026-05-16T05:36:27.052601,10.00,11.10,100.00,0.00
2026-05-16T05:36:27.154793,20.00,11.10,100.00,0.00
2026-05-16T05:36:27.256916,0.00,11.10,100.00,0.00
2026-05-16T05:36:27.359047,18.20,0.00,100.00,0.00
2026-05-16T05:36:27.461068,11.10,0.00,100.00,0.00
2026-05-16T05:36:27.563045,10.00,0.00,100.00,0.00
2026-05-16T05:36:27.665035,11.10,20.00,100.00,16.70
2026-05-16T05:36:27.767216,10.00,0.00,100.00,0.00
2026-05-16T05:36:27.869325,20.00,0.00,100.00,0.00
2026-05-16T05:36:27.971443,10.00,0.00,100.00,0.00
2026-05-16T05:36:28.073538,11.10,11.10,100.00,0.00
2026-05-16T05:36:28.175550,18.20,11.10,100.00,0.00
2026-05-16T05:36:28.277691,0.00,10.00,100.00,0.00
2026-05-16T05:36:28.379810,18.20,0.00,100.00,0.00
2026-05-16T05:36:28.481932,10.00,11.10,100.00,0.00
2026-05-16T05:36:28.584055,11.10,11.10,100.00,0.00
2026-05-16T05:36:28.686104,18.20,0.00,100.00,10.00
2026-05-16T05:36:28.788158,11.10,10.00,100.00,0.00
2026-05-16T05:36:28.890326,18.20,0.00,100.00,0.00
2026-05-16T05:36:28.992807,11.10,11.10,100.00,10.00
2026-05-16T05:36:29.095077,18.20,0.00,100.00,0.00
2026-05-16T05:36:29.196979,11.10,0.00,100.00,0.00
2026-05-16T05:36:29.299219,20.00,22.20,100.00,10.00
2026-05-16T05:36:29.636802,34.50,35.70,100.00,48.40
2026-05-16T05:36:29.741315,25.00,0.00,100.00,100.00
2026-05-16T05:36:29.845674,11.10,20.00,100.00,100.00
2026-05-16T05:36:29.950312,11.10,0.00,100.00,100.00
2026-05-16T05:36:30.054030,18.20,11.10,100.00,100.00
2026-05-16T05:36:30.157645,0.00,0.00,100.00,100.00
2026-05-16T05:36:30.261194,20.00,20.00,100.00,100.00
2026-05-16T05:36:30.364697,11.10,0.00,100.00,100.00
2026-05-16T05:36:30.468009,20.00,10.00,100.00,100.00
2026-05-16T05:36:30.571838,10.00,0.00,100.00,100.00
2026-05-16T05:36:30.676671,10.00,11.10,100.00,100.00
2026-05-16T05:36:30.780780,11.10,0.00,100.00,100.00
2026-05-16T05:36:30.886796,11.10,20.00,100.00,100.00
2026-05-16T05:36:30.990266,18.20,11.10,100.00,100.00
2026-05-16T05:36:31.093719,11.10,0.00,100.00,100.00
2026-05-16T05:36:31.197213,10.00,10.00,100.00,100.00
2026-05-16T05:36:31.301423,11.10,11.10,100.00,100.00
2026-05-16T05:36:31.404955,33.30,0.00,100.00,100.00
2026-05-16T05:36:31.508466,10.00,0.00,100.00,100.00
2026-05-16T05:36:31.611856,11.10,10.00,100.00,100.00
2026-05-16T05:36:31.715588,18.20,11.10,100.00,100.00
2026-05-16T05:36:31.819510,10.00,0.00,100.00,100.00
2026-05-16T05:36:31.923330,0.00,0.00,100.00,100.00
2026-05-16T05:36:32.026731,11.10,11.10,100.00,100.00
2026-05-16T05:36:32.130106,18.20,10.00,100.00,100.00
2026-05-16T05:36:32.233384,11.10,11.10,100.00,100.00
2026-05-16T05:36:32.336632,10.00,0.00,100.00,100.00
2026-05-16T05:36:32.440136,11.10,10.00,100.00,100.00
2026-05-16T05:36:32.543699,18.20,11.10,100.00,100.00
2026-05-16T05:36:32.647453,0.00,0.00,100.00,100.00
2026-05-16T05:36:32.750621,18.20,11.10,100.00,100.00
2026-05-16T05:36:32.854204,20.00,0.00,100.00,100.00
2026-05-16T05:36:32.957687,18.20,11.10,100.00,100.00
2026-05-16T05:36:33.061066,11.10,11.10,100.00,100.00
2026-05-16T05:36:33.164662,10.00,0.00,100.00,100.00
2026-05-16T05:36:33.268052,0.00,11.10,100.00,100.00
2026-05-16T05:36:33.371388,18.20,11.10,100.00,100.00
2026-05-16T05:36:33.475371,0.00,0.00,100.00,100.00
2026-05-16T05:36:33.578981,11.10,0.00,100.00,100.00
2026-05-16T05:36:33.682807,10.00,0.00,100.00,100.00
2026-05-16T05:36:33.786454,18.20,27.30,100.00,100.00
2026-05-16T05:36:33.890468,0.00,10.00,100.00,100.00
2026-05-16T05:36:33.994268,10.00,0.00,100.00,100.00
2026-05-16T05:36:34.098011,11.10,11.10,100.00,100.00
2026-05-16T05:36:34.201855,0.00,11.10,100.00,100.00
2026-05-16T05:36:34.305410,10.00,0.00,100.00,100.00
2026-05-16T05:36:34.409180,11.10,11.10,100.00,100.00
2026-05-16T05:36:34.512782,0.00,0.00,100.00,100.00
2026-05-16T05:36:34.617037,11.10,12.50,100.00,100.00
2026-05-16T05:36:34.720986,20.00,0.00,100.00,100.00
2026-05-16T05:36:34.824790,11.10,11.10,100.00,100.00
2026-05-16T05:36:34.928367,11.10,11.10,100.00,100.00
2026-05-16T05:36:35.032193,11.10,12.50,100.00,100.00
2026-05-16T05:36:35.135778,22.20,11.10,100.00,100.00
2026-05-16T05:36:35.239545,20.00,22.20,100.00,100.00
2026-05-16T05:36:35.343418,0.00,0.00,100.00,100.00
2026-05-16T05:36:35.447900,11.10,11.10,100.00,100.00
2026-05-16T05:36:35.551826,20.00,0.00,100.00,100.00
2026-05-16T05:36:35.655525,0.00,11.10,100.00,100.00
2026-05-16T05:36:35.759077,20.00,0.00,100.00,100.00
2026-05-16T05:36:35.862651,10.00,0.00,100.00,100.00
2026-05-16T05:36:35.966276,11.10,20.00,100.00,100.00
2026-05-16T05:36:36.069867,0.00,0.00,100.00,100.00
2026-05-16T05:36:36.173322,27.30,0.00,100.00,100.00
2026-05-16T05:36:36.276846,20.00,11.10,100.00,100.00
2026-05-16T05:36:36.380679,11.10,0.00,100.00,100.00
2026-05-16T05:36:36.484552,0.00,0.00,100.00,100.00
2026-05-16T05:36:36.588008,20.00,0.00,100.00,100.00
2026-05-16T05:36:36.691538,11.10,0.00,100.00,100.00
2026-05-16T05:36:36.795198,11.10,20.00,100.00,100.00
2026-05-16T05:36:36.898683,11.10,0.00,100.00,100.00
2026-05-16T05:36:37.001916,11.10,11.10,100.00,100.00
2026-05-16T05:36:37.105682,11.10,0.00,100.00,100.00
2026-05-16T05:36:37.209113,11.10,0.00,100.00,100.00
2026-05-16T05:36:37.313066,11.10,11.10,100.00,100.00
2026-05-16T05:36:37.417055,11.10,0.00,100.00,100.00
2026-05-16T05:36:37.521339,20.00,0.00,100.00,100.00
2026-05-16T05:36:37.626318,22.20,30.00,100.00,100.00
2026-05-16T05:36:37.730570,11.10,0.00,100.00,100.00
2026-05-16T05:36:37.834051,11.10,0.00,100.00,100.00
2026-05-16T05:36:37.937990,20.00,20.00,100.00,100.00
2026-05-16T05:36:38.042357,0.00,0.00,100.00,100.00
2026-05-16T05:36:38.146907,11.10,11.10,100.00,100.00
2026-05-16T05:36:38.251367,0.00,0.00,100.00,100.00
2026-05-16T05:36:38.355789,20.00,12.50,100.00,100.00
2026-05-16T05:36:38.459591,11.10,0.00,100.00,100.00
2026-05-16T05:36:38.563152,11.10,22.20,100.00,100.00
2026-05-16T05:36:38.666733,22.20,0.00,100.00,100.00
2026-05-16T05:36:38.771149,20.00,12.50,100.00,100.00
2026-05-16T05:36:38.875650,20.00,0.00,100.00,100.00
2026-05-16T05:36:38.980425,11.10,0.00,100.00,100.00
2026-05-16T05:36:39.084508,27.30,11.10,100.00,100.00
2026-05-16T05:36:39.188285,11.10,0.00,100.00,100.00
2026-05-16T05:36:39.291951,0.00,12.50,100.00,100.00
2026-05-16T05:36:39.395527,20.00,11.10,100.00,100.00
2026-05-16T05:36:39.499318,11.10,0.00,100.00,100.00
2026-05-16T05:36:39.603012,11.10,0.00,100.00,100.00
2026-05-16T05:36:39.706414,20.00,20.00,100.00,100.00
2026-05-16T05:36:39.809715,11.10,11.10,100.00,100.00
2026-05-16T05:36:39.914435,11.10,11.10,100.00,100.00
2026-05-16T05:36:40.018173,20.00,0.00,100.00,100.00
2026-05-16T05:36:40.122233,20.00,0.00,100.00,100.00
2026-05-16T05:36:40.226069,12.50,14.30,100.00,100.00
2026-05-16T05:36:40.329951,11.10,0.00,100.00,100.00
2026-05-16T05:36:40.433395,20.00,11.10,100.00,100.00
2026-05-16T05:36:40.536959,20.00,11.10,100.00,100.00
2026-05-16T05:36:40.640658,11.10,12.50,100.00,100.00
2026-05-16T05:36:40.744264,11.10,0.00,100.00,100.00
2026-05-16T05:36:40.848144,20.00,0.00,100.00,100.00
2026-05-16T05:36:40.951942,11.10,12.50,100.00,100.00
2026-05-16T05:36:41.056361,0.00,11.10,100.00,100.00
2026-05-16T05:36:41.160021,11.10,22.20,100.00,100.00
2026-05-16T05:36:41.264136,11.10,0.00,100.00,100.00
2026-05-16T05:36:41.367913,20.00,0.00,100.00,100.00
2026-05-16T05:36:41.471479,11.10,0.00,100.00,100.00
2026-05-16T05:36:41.574903,0.00,11.10,100.00,100.00
2026-05-16T05:36:41.678927,27.30,0.00,100.00,100.00
2026-05-16T05:36:41.782579,11.10,0.00,100.00,100.00
2026-05-16T05:36:41.886222,11.10,11.10,100.00,100.00
2026-05-16T05:36:41.990027,0.00,11.10,100.00,100.00
2026-05-16T05:36:42.094632,10.00,12.50,100.00,100.00
2026-05-16T05:36:42.198851,22.20,0.00,100.00,100.00
2026-05-16T05:36:42.302932,11.10,0.00,100.00,100.00
2026-05-16T05:36:42.406996,11.10,0.00,100.00,100.00
2026-05-16T05:36:42.510753,11.10,12.50,100.00,100.00
2026-05-16T05:36:42.615019,22.20,11.10,100.00,100.00
2026-05-16T05:36:42.718789,20.00,0.00,100.00,100.00
2026-05-16T05:36:42.822518,11.10,0.00,100.00,100.00
2026-05-16T05:36:42.926159,11.10,11.10,100.00,100.00
2026-05-16T05:36:43.029559,11.10,0.00,100.00,100.00
2026-05-16T05:36:43.133372,20.00,0.00,100.00,100.00
2026-05-16T05:36:43.236914,0.00,20.00,100.00,100.00
2026-05-16T05:36:43.341082,12.50,12.50,100.00,100.00
2026-05-16T05:36:43.445424,20.00,12.50,100.00,100.00
2026-05-16T05:36:43.549325,20.00,0.00,100.00,100.00
2026-05-16T05:36:43.653381,12.50,12.50,100.00,100.00
2026-05-16T05:36:43.756719,11.10,11.10,100.00,100.00
2026-05-16T05:36:43.860358,11.10,0.00,100.00,100.00
2026-05-16T05:36:43.964454,18.20,12.50,100.00,100.00
2026-05-16T05:36:44.068136,11.10,0.00,100.00,100.00
2026-05-16T05:36:44.172299,0.00,0.00,100.00,100.00
2026-05-16T05:36:44.275710,11.10,12.50,100.00,100.00
2026-05-16T05:36:44.379541,11.10,0.00,100.00,100.00
2026-05-16T05:36:44.483919,11.10,0.00,100.00,100.00
2026-05-16T05:36:44.588010,0.00,22.20,100.00,100.00
2026-05-16T05:36:44.692472,11.10,11.10,100.00,100.00
2026-05-16T05:36:44.796184,11.10,0.00,100.00,100.00
2026-05-16T05:36:44.899966,20.00,22.20,100.00,100.00
2026-05-16T05:36:45.003474,11.10,0.00,100.00,100.00
2026-05-16T05:36:45.106871,11.10,0.00,100.00,100.00
2026-05-16T05:36:45.210470,20.00,30.00,100.00,100.00
2026-05-16T05:36:45.314034,22.20,0.00,100.00,100.00
2026-05-16T05:36:45.418374,0.00,0.00,100.00,100.00
2026-05-16T05:36:45.521867,10.00,20.00,100.00,100.00
2026-05-16T05:36:45.626038,12.50,0.00,100.00,100.00
2026-05-16T05:36:45.730200,27.30,0.00,100.00,100.00
2026-05-16T05:36:45.833890,11.10,0.00,100.00,100.00
2026-05-16T05:36:45.937584,10.00,22.20,100.00,100.00
2026-05-16T05:36:46.041320,11.10,0.00,100.00,100.00
2026-05-16T05:36:46.145049,0.00,11.10,100.00,100.00
2026-05-16T05:36:46.248975,20.00,0.00,100.00,100.00
2026-05-16T05:36:46.353028,11.10,0.00,100.00,100.00
2026-05-16T05:36:46.456635,11.10,11.10,100.00,100.00
2026-05-16T05:36:46.560782,11.10,12.50,100.00,100.00
2026-05-16T05:36:46.664463,20.00,0.00,100.00,100.00
2026-05-16T05:36:46.768092,0.00,11.10,100.00,100.00
2026-05-16T05:36:46.871733,11.10,0.00,100.00,100.00
2026-05-16T05:36:46.975260,11.10,0.00,100.00,100.00
2026-05-16T05:36:47.078817,20.00,22.20,100.00,100.00
2026-05-16T05:36:47.183271,11.10,11.10,100.00,100.00
2026-05-16T05:36:47.286652,0.00,0.00,100.00,100.00
2026-05-16T05:36:47.390208,11.10,0.00,100.00,100.00
2026-05-16T05:36:47.494021,11.10,22.20,100.00,100.00
2026-05-16T05:36:47.598601,11.10,11.10,100.00,100.00
2026-05-16T05:36:47.702739,20.00,0.00,100.00,100.00
2026-05-16T05:36:47.807140,11.10,11.10,100.00,100.00
2026-05-16T05:36:47.911704,11.10,0.00,100.00,100.00
2026-05-16T05:36:48.015335,11.10,0.00,100.00,100.00
2026-05-16T05:36:48.119940,27.30,12.50,100.00,100.00
2026-05-16T05:36:48.223964,11.10,11.10,100.00,100.00
2026-05-16T05:36:48.327707,11.10,0.00,100.00,100.00
2026-05-16T05:36:48.431067,0.00,11.10,100.00,100.00
2026-05-16T05:36:48.535239,11.10,0.00,100.00,100.00
2026-05-16T05:36:48.638722,20.00,12.50,100.00,100.00
2026-05-16T05:36:48.743640,11.10,0.00,100.00,100.00
2026-05-16T05:36:48.847677,0.00,0.00,100.00,100.00
2026-05-16T05:36:48.951928,30.00,0.00,100.00,100.00
2026-05-16T05:36:49.056069,0.00,22.20,100.00,100.00
2026-05-16T05:36:49.159928,20.00,0.00,100.00,100.00
2026-05-16T05:36:49.263932,11.10,12.50,100.00,100.00
2026-05-16T05:36:49.367718,12.50,0.00,100.00,100.00
2026-05-16T05:36:49.473348,60.00,62.50,100.00,100.00
2026-05-16T05:36:49.578290,80.00,80.00,100.00,100.00
2026-05-16T05:36:49.684600,75.00,90.90,100.00,100.00
2026-05-16T05:36:49.789004,66.70,90.00,100.00,100.00
2026-05-16T05:36:49.894045,75.00,90.00,100.00,100.00
2026-05-16T05:36:49.998654,66.70,100.00,100.00,100.00
2026-05-16T05:36:50.107374,77.80,90.90,100.00,100.00
2026-05-16T05:36:50.212294,70.00,90.00,100.00,100.00
2026-05-16T05:36:50.317922,77.80,90.90,100.00,100.00
2026-05-16T05:36:50.422734,66.70,88.90,100.00,100.00
2026-05-16T05:36:50.527468,66.70,80.00,100.00,100.00
2026-05-16T05:36:50.632982,57.10,90.00,100.00,100.00
2026-05-16T05:36:50.737714,77.80,77.80,100.00,100.00
2026-05-16T05:36:50.844437,70.00,90.00,100.00,100.00
2026-05-16T05:36:50.949912,87.50,80.00,100.00,100.00
2026-05-16T05:36:51.055459,75.00,90.90,100.00,100.00
2026-05-16T05:36:51.161722,70.00,90.00,100.00,100.00
2026-05-16T05:36:51.269542,77.80,90.90,100.00,100.00
2026-05-16T05:36:51.374701,77.80,88.90,100.00,100.00
2026-05-16T05:36:51.481203,80.00,90.00,100.00,100.00
2026-05-16T05:36:51.586854,77.80,90.00,100.00,100.00
2026-05-16T05:36:51.693442,77.80,88.90,100.00,100.00
2026-05-16T05:36:51.799798,88.90,81.80,100.00,100.00
2026-05-16T05:36:51.905296,81.80,90.00,100.00,100.00
2026-05-16T05:36:52.012661,75.00,90.00,100.00,100.00
2026-05-16T05:36:52.119420,72.70,88.90,100.00,100.00
2026-05-16T05:36:52.224453,75.00,90.90,100.00,100.00
2026-05-16T05:36:52.331881,90.90,88.90,100.00,100.00
2026-05-16T05:36:52.438506,80.00,80.00,100.00,100.00
2026-05-16T05:36:52.543240,90.00,81.80,100.00,100.00
2026-05-16T05:36:52.647362,77.80,77.80,100.00,100.00
2026-05-16T05:36:52.754954,77.80,90.00,100.00,100.00
2026-05-16T05:36:52.859964,80.00,80.00,100.00,100.00
2026-05-16T05:36:52.967940,70.00,90.00,100.00,100.00
2026-05-16T05:36:53.073158,75.00,88.90,100.00,100.00
2026-05-16T05:36:53.178265,77.80,90.90,100.00,100.00
2026-05-16T05:36:53.283878,80.00,90.00,100.00,100.00
2026-05-16T05:36:53.389520,85.70,90.00,100.00,100.00
2026-05-16T05:36:53.493978,77.80,88.90,100.00,100.00
2026-05-16T05:36:53.598818,72.70,90.90,100.00,100.00
2026-05-16T05:36:53.704206,77.80,88.90,100.00,100.00
2026-05-16T05:36:53.812651,80.00,90.00,100.00,100.00
2026-05-16T05:36:53.918552,81.80,81.80,100.00,100.00
2026-05-16T05:36:54.024041,80.00,90.90,100.00,100.00
2026-05-16T05:36:54.129906,88.90,77.80,100.00,100.00
2026-05-16T05:36:54.236781,77.80,90.90,100.00,100.00
2026-05-16T05:36:54.341577,77.80,88.90,100.00,100.00
2026-05-16T05:36:54.445918,70.00,90.00,100.00,100.00
2026-05-16T05:36:54.552358,90.00,80.00,100.00,100.00
2026-05-16T05:36:54.657113,77.80,90.00,100.00,100.00
2026-05-16T05:36:54.762851,77.80,80.00,100.00,100.00
2026-05-16T05:36:54.867454,80.00,80.00,100.00,100.00
2026-05-16T05:36:54.975120,80.00,90.00,100.00,100.00
2026-05-16T05:36:55.079708,77.80,87.50,100.00,100.00
2026-05-16T05:36:55.184270,88.90,90.90,100.00,100.00
2026-05-16T05:36:55.289397,81.80,88.90,100.00,100.00
2026-05-16T05:36:55.394224,75.00,81.80,100.00,100.00
2026-05-16T05:36:55.499778,80.00,88.90,100.00,100.00
2026-05-16T05:36:55.605391,72.70,90.00,100.00,100.00
2026-05-16T05:36:55.712580,77.80,90.00,100.00,100.00
2026-05-16T05:36:55.818726,77.80,81.80,100.00,100.00
2026-05-16T05:36:55.926912,66.70,90.00,100.00,100.00
2026-05-16T05:36:56.031210,77.80,90.00,100.00,100.00
2026-05-16T05:36:56.137344,77.80,90.00,100.00,100.00
2026-05-16T05:36:56.242701,70.00,88.90,100.00,100.00
2026-05-16T05:36:56.346474,70.00,80.00,100.00,100.00
2026-05-16T05:36:56.451216,77.80,90.00,100.00,100.00
2026-05-16T05:36:56.557939,66.70,80.00,100.00,100.00
2026-05-16T05:36:56.662464,66.70,80.00,100.00,100.00
2026-05-16T05:36:56.767942,75.00,90.00,100.00,100.00
2026-05-16T05:36:56.873967,80.00,90.00,100.00,100.00
2026-05-16T05:36:56.979042,77.80,90.00,100.00,100.00
2026-05-16T05:36:57.084324,80.00,80.00,100.00,100.00
2026-05-16T05:36:57.191731,62.50,90.00,100.00,100.00
2026-05-16T05:36:57.295743,77.80,90.90,100.00,100.00
2026-05-16T05:36:57.414984,72.70,100.00,100.00,100.00
2026-05-16T05:36:57.521676,80.00,81.80,100.00,100.00
2026-05-16T05:36:57.626430,77.80,90.00,100.00,100.00
2026-05-16T05:36:57.730410,80.00,90.00,100.00,100.00
2026-05-16T05:36:57.835487,66.70,100.00,100.00,100.00
2026-05-16T05:36:57.944639,70.00,90.90,100.00,100.00
2026-05-16T05:36:58.050811,80.00,90.00,100.00,100.00
2026-05-16T05:36:58.156736,77.80,81.80,100.00,100.00
2026-05-16T05:36:58.261346,80.00,88.90,100.00,100.00
2026-05-16T05:36:58.368650,77.80,90.00,100.00,100.00
2026-05-16T05:36:58.474552,77.80,88.90,100.00,100.00
2026-05-16T05:36:58.582717,80.00,80.00,100.00,100.00
2026-05-16T05:36:58.687505,80.00,90.00,100.00,100.00
2026-05-16T05:36:58.793620,80.00,80.00,100.00,100.00
2026-05-16T05:36:58.898059,88.90,87.50,100.00,100.00
2026-05-16T05:36:59.003560,77.80,90.00,100.00,100.00
2026-05-16T05:36:59.109265,75.00,72.70,100.00,100.00
2026-05-16T05:36:59.215857,80.00,87.50,100.00,100.00
2026-05-16T05:36:59.320693,71.40,80.00,100.00,100.00
2026-05-16T05:36:59.424947,66.70,80.00,100.00,100.00
2026-05-16T05:36:59.530993,70.00,90.00,100.00,100.00
2026-05-16T05:36:59.636747,62.50,80.00,100.00,100.00
2026-05-16T05:36:59.742309,72.70,80.00,100.00,100.00
2026-05-16T05:36:59.847385,75.00,75.00,100.00,100.00
2026-05-16T05:36:59.952854,55.60,80.00,100.00,100.00
2026-05-16T05:37:00.060348,77.80,90.00,100.00,100.00
2026-05-16T05:37:00.168009,81.80,90.90,100.00,100.00
2026-05-16T05:37:00.273469,88.90,81.80,100.00,100.00
2026-05-16T05:37:00.377794,80.00,75.00,100.00,100.00
2026-05-16T05:37:00.482798,66.70,80.00,100.00,100.00
2026-05-16T05:37:00.589701,80.00,80.00,100.00,100.00
2026-05-16T05:37:00.695883,75.00,77.80,100.00,100.00
2026-05-16T05:37:00.802952,72.70,77.80,100.00,100.00
2026-05-16T05:37:00.907262,66.70,66.70,100.00,100.00
2026-05-16T05:37:01.014807,77.80,77.80,100.00,100.00
2026-05-16T05:37:01.120483,70.00,77.80,100.00,100.00
2026-05-16T05:37:01.228623,77.80,77.80,100.00,100.00
2026-05-16T05:37:01.333299,62.50,80.00,100.00,100.00
2026-05-16T05:37:01.440217,70.00,80.00,100.00,100.00
2026-05-16T05:37:01.545886,77.80,80.00,100.00,100.00
2026-05-16T05:37:01.650171,66.70,80.00,100.00,100.00
2026-05-16T05:37:01.754835,62.50,75.00,100.00,100.00
2026-05-16T05:37:01.859590,77.80,90.00,100.00,100.00
2026-05-16T05:37:01.967018,66.70,70.00,100.00,100.00
2026-05-16T05:37:02.071690,77.80,77.80,100.00,100.00
2026-05-16T05:37:02.177033,72.70,75.00,100.00,100.00
2026-05-16T05:37:02.287377,77.80,80.00,100.00,100.00
2026-05-16T05:37:02.394292,70.00,70.00,100.00,100.00
2026-05-16T05:37:02.498540,75.00,77.80,100.00,100.00
2026-05-16T05:37:02.603405,75.00,80.00,100.00,100.00
2026-05-16T05:37:02.707931,75.00,77.80,100.00,100.00
2026-05-16T05:37:02.814443,70.00,77.80,100.00,100.00
2026-05-16T05:37:02.918878,77.80,77.80,100.00,100.00
2026-05-16T05:37:03.025707,77.80,80.00,100.00,100.00
2026-05-16T05:37:03.131576,70.00,77.80,100.00,100.00
2026-05-16T05:37:03.235598,88.90,80.00,100.00,100.00
2026-05-16T05:37:03.341455,70.00,70.00,100.00,100.00
2026-05-16T05:37:03.445905,75.00,80.00,100.00,100.00
2026-05-16T05:37:03.553130,66.70,88.90,100.00,100.00
2026-05-16T05:37:03.660778,81.80,80.00,100.00,100.00
2026-05-16T05:37:03.767462,85.70,88.90,100.00,100.00
2026-05-16T05:37:03.874877,81.80,80.00,100.00,100.00
2026-05-16T05:37:03.979306,77.80,81.80,100.00,100.00
2026-05-16T05:37:04.085248,72.70,80.00,100.00,100.00
2026-05-16T05:37:04.190687,66.70,87.50,100.00,100.00
2026-05-16T05:37:04.295647,62.50,81.80,100.00,100.00
2026-05-16T05:37:04.400017,80.00,80.00,100.00,100.00
2026-05-16T05:37:04.503263,0.00,11.10,100.00,100.00
2026-05-16T05:37:04.606748,18.20,0.00,100.00,100.00
2026-05-16T05:37:04.710348,10.00,0.00,100.00,100.00
2026-05-16T05:37:04.813932,11.10,0.00,100.00,100.00
2026-05-16T05:37:04.917292,10.00,0.00,100.00,100.00
2026-05-16T05:37:05.021235,18.20,10.00,100.00,100.00
2026-05-16T05:37:05.124842,10.00,11.10,100.00,100.00
2026-05-16T05:37:05.228287,27.30,11.10,100.00,100.00
2026-05-16T05:37:05.332187,10.00,10.00,100.00,100.00
2026-05-16T05:37:05.436007,18.20,0.00,100.00,100.00
2026-05-16T05:37:05.539407,10.00,10.00,100.00,100.00
2026-05-16T05:37:05.643105,10.00,0.00,100.00,100.00
2026-05-16T05:37:05.746937,18.20,0.00,100.00,100.00
2026-05-16T05:37:05.850363,10.00,10.00,100.00,100.00
2026-05-16T05:37:05.953950,18.20,10.00,100.00,100.00
2026-05-16T05:37:06.057316,10.00,0.00,100.00,100.00
2026-05-16T05:37:06.160779,10.00,0.00,100.00,100.00
2026-05-16T05:37:06.264109,18.20,10.00,100.00,100.00
2026-05-16T05:37:06.368063,10.00,10.00,100.00,100.00
2026-05-16T05:37:06.471452,10.00,10.00,100.00,100.00
2026-05-16T05:37:06.574860,18.20,0.00,100.00,100.00
2026-05-16T05:37:06.679035,0.00,0.00,100.00,100.00
2026-05-16T05:37:06.782496,18.20,0.00,100.00,100.00
2026-05-16T05:37:06.885680,10.00,0.00,100.00,100.00
2026-05-16T05:37:06.989140,11.10,0.00,100.00,100.00
2026-05-16T05:37:07.092598,18.20,10.00,100.00,100.00
2026-05-16T05:37:07.196625,18.20,0.00,100.00,100.00
2026-05-16T05:37:07.300088,18.20,10.00,100.00,100.00
2026-05-16T05:37:07.403893,18.20,11.10,100.00,100.00
2026-05-16T05:37:07.508262,10.00,0.00,100.00,100.00
2026-05-16T05:37:07.612307,0.00,0.00,100.00,100.00
2026-05-16T05:37:07.715751,25.00,10.00,100.00,100.00
2026-05-16T05:37:07.819042,10.00,10.00,100.00,100.00
2026-05-16T05:37:07.922224,10.00,0.00,100.00,100.00
2026-05-16T05:37:08.025458,18.20,10.00,100.00,100.00
2026-05-16T05:37:08.128776,10.00,0.00,100.00,100.00
2026-05-16T05:37:08.232044,18.20,0.00,100.00,100.00
2026-05-16T05:37:08.335375,0.00,0.00,100.00,100.00
2026-05-16T05:37:08.438798,18.20,10.00,100.00,100.00
2026-05-16T05:37:08.542211,18.20,0.00,100.00,100.00
2026-05-16T05:37:08.645550,10.00,0.00,100.00,100.00
2026-05-16T05:37:08.748866,18.20,0.00,100.00,100.00
2026-05-16T05:37:08.852565,18.20,0.00,100.00,100.00
2026-05-16T05:37:08.955901,0.00,10.00,100.00,100.00
2026-05-16T05:37:09.059234,25.00,0.00,100.00,100.00
2026-05-16T05:37:09.162601,10.00,10.00,100.00,100.00
2026-05-16T05:37:09.266227,10.00,10.00,100.00,100.00
2026-05-16T05:37:09.369911,25.00,0.00,100.00,100.00
2026-05-16T05:37:09.473429,10.00,0.00,100.00,100.00
2026-05-16T05:37:09.576707,10.00,0.00,100.00,100.00
2026-05-16T05:37:09.680015,18.20,10.00,100.00,100.00
2026-05-16T05:37:09.783434,18.20,10.00,100.00,100.00
2026-05-16T05:37:09.886756,10.00,0.00,100.00,100.00
2026-05-16T05:37:09.990016,0.00,0.00,100.00,100.00
2026-05-16T05:37:10.093420,18.20,0.00,100.00,100.00
2026-05-16T05:37:10.196577,10.00,0.00,100.00,100.00
2026-05-16T05:37:10.300221,18.20,10.00,100.00,100.00
2026-05-16T05:37:10.403611,11.10,0.00,100.00,100.00
2026-05-16T05:37:10.507101,18.20,0.00,100.00,100.00
2026-05-16T05:37:10.610718,0.00,11.10,100.00,100.00
2026-05-16T05:37:10.714143,18.20,0.00,100.00,100.00
2026-05-16T05:37:10.817592,10.00,10.00,100.00,100.00
2026-05-16T05:37:10.921054,10.00,10.00,100.00,100.00
2026-05-16T05:37:11.024473,10.00,0.00,100.00,100.00
2026-05-16T05:37:11.128511,18.20,10.00,100.00,100.00
2026-05-16T05:37:11.231935,20.00,0.00,100.00,100.00
2026-05-16T05:37:11.335556,10.00,0.00,100.00,100.00
2026-05-16T05:37:11.439075,18.20,0.00,100.00,100.00
2026-05-16T05:37:11.542386,10.00,10.00,100.00,100.00
2026-05-16T05:37:11.645645,10.00,0.00,100.00,100.00
2026-05-16T05:37:11.749077,10.00,18.20,100.00,100.00
2026-05-16T05:37:11.852247,10.00,0.00,100.00,100.00
2026-05-16T05:37:11.955659,10.00,0.00,100.00,100.00
2026-05-16T05:37:12.058924,10.00,0.00,100.00,100.00
2026-05-16T05:37:12.162368,10.00,10.00,100.00,100.00
2026-05-16T05:37:12.265729,10.00,0.00,100.00,100.00
2026-05-16T05:37:12.369285,0.00,0.00,100.00,100.00
2026-05-16T05:37:12.473625,10.00,11.10,100.00,100.00
2026-05-16T05:37:12.577641,18.20,0.00,100.00,100.00
2026-05-16T05:37:12.681082,10.00,10.00,100.00,100.00
2026-05-16T05:37:12.784311,10.00,0.00,100.00,100.00
2026-05-16T05:37:12.887717,10.00,0.00,100.00,100.00
2026-05-16T05:37:12.991083,10.00,0.00,100.00,100.00
2026-05-16T05:37:13.094600,25.00,18.20,100.00,100.00
2026-05-16T05:37:13.197874,10.00,0.00,100.00,100.00
2026-05-16T05:37:13.300991,27.30,0.00,100.00,100.00
2026-05-16T05:37:13.404493,10.00,0.00,100.00,100.00
2026-05-16T05:37:13.507698,10.00,0.00,100.00,100.00
2026-05-16T05:37:13.611181,0.00,0.00,100.00,100.00
2026-05-16T05:37:13.714397,18.20,10.00,100.00,100.00
2026-05-16T05:37:13.817606,18.20,10.00,100.00,100.00
2026-05-16T05:37:13.920726,0.00,0.00,100.00,100.00
2026-05-16T05:37:14.025057,25.00,11.10,100.00,100.00
2026-05-16T05:37:14.128408,10.00,0.00,100.00,100.00
2026-05-16T05:37:14.231614,0.00,0.00,100.00,100.00
2026-05-16T05:37:14.334961,10.00,10.00,100.00,100.00
2026-05-16T05:37:14.438406,18.20,0.00,100.00,100.00
2026-05-16T05:37:14.541504,10.00,0.00,100.00,100.00
2026-05-16T05:37:14.645260,18.20,10.00,100.00,100.00
2026-05-16T05:37:14.748476,0.00,0.00,100.00,100.00
2026-05-16T05:37:14.851573,10.00,0.00,100.00,100.00
2026-05-16T05:37:14.954895,18.20,0.00,100.00,100.00
2026-05-16T05:37:15.058163,10.00,25.00,100.00,100.00
2026-05-16T05:37:15.161541,10.00,0.00,100.00,100.00
2026-05-16T05:37:15.265056,27.30,11.10,100.00,100.00
2026-05-16T05:37:15.368525,10.00,0.00,100.00,100.00
2026-05-16T05:37:15.472072,0.00,0.00,100.00,100.00
2026-05-16T05:37:15.575677,9.10,10.00,100.00,100.00
2026-05-16T05:37:15.679333,10.00,0.00,100.00,100.00
2026-05-16T05:37:15.782780,10.00,10.00,100.00,100.00
2026-05-16T05:37:15.885981,18.20,0.00,100.00,100.00
2026-05-16T05:37:15.989513,0.00,10.00,100.00,100.00
2026-05-16T05:37:16.092730,10.00,0.00,100.00,100.00
2026-05-16T05:37:16.196198,0.00,18.20,100.00,100.00
2026-05-16T05:37:16.299662,9.10,0.00,100.00,100.00
2026-05-16T05:37:16.402983,10.00,0.00,100.00,100.00
2026-05-16T05:37:16.506221,18.20,0.00,100.00,100.00
2026-05-16T05:37:16.609449,10.00,0.00,100.00,100.00
2026-05-16T05:37:16.712651,10.00,10.00,100.00,100.00
2026-05-16T05:37:16.815932,10.00,0.00,100.00,100.00
2026-05-16T05:37:16.919267,18.20,0.00,100.00,100.00
2026-05-16T05:37:17.022467,10.00,0.00,100.00,100.00
2026-05-16T05:37:17.125652,10.00,0.00,100.00,100.00
2026-05-16T05:37:17.229059,10.00,18.20,100.00,100.00
2026-05-16T05:37:17.332461,10.00,0.00,100.00,100.00
2026-05-16T05:37:17.435856,18.20,0.00,100.00,100.00
2026-05-16T05:37:17.539104,10.00,0.00,100.00,100.00
2026-05-16T05:37:17.642481,18.20,10.00,100.00,100.00
2026-05-16T05:37:17.745676,18.20,0.00,100.00,100.00
2026-05-16T05:37:17.848854,10.00,0.00,100.00,100.00
2026-05-16T05:37:17.952039,0.00,0.00,100.00,100.00
2026-05-16T05:37:18.055458,10.00,0.00,100.00,100.00
2026-05-16T05:37:18.158786,10.00,0.00,100.00,100.00
2026-05-16T05:37:18.261970,18.20,10.00,100.00,100.00
2026-05-16T05:37:18.365607,10.00,0.00,100.00,100.00
2026-05-16T05:37:18.468867,0.00,0.00,100.00,100.00
2026-05-16T05:37:18.572049,10.00,10.00,100.00,100.00
2026-05-16T05:37:18.675347,10.00,0.00,100.00,100.00
2026-05-16T05:37:18.778633,9.10,0.00,100.00,100.00
2026-05-16T05:37:18.881961,10.00,10.00,100.00,100.00
2026-05-16T05:37:18.985261,10.00,0.00,100.00,100.00
2026-05-16T05:37:19.088603,18.20,18.20,100.00,100.00
2026-05-16T05:37:19.191725,0.00,0.00,100.00,100.00
2026-05-16T05:37:19.295039,16.70,11.10,100.00,100.00
2026-05-16T05:37:19.398501,10.00,0.00,100.00,100.00
2026-05-16T05:37:19.503061,28.60,37.50,100.00,100.00
2026-05-16T05:37:19.608778,44.40,42.90,100.00,100.00
2026-05-16T05:37:19.714287,20.00,50.00,100.00,100.00
2026-05-16T05:37:19.820293,50.00,44.40,100.00,100.00
2026-05-16T05:37:19.926236,37.50,55.60,100.00,100.00
2026-05-16T05:37:20.031751,44.40,50.00,100.00,100.00
2026-05-16T05:37:20.136370,42.90,50.00,100.00,100.00
2026-05-16T05:37:20.241183,44.40,50.00,100.00,100.00
2026-05-16T05:37:20.346016,33.30,44.40,100.00,100.00
2026-05-16T05:37:20.451947,44.40,55.60,100.00,100.00
2026-05-16T05:37:20.557362,44.40,33.30,100.00,100.00
2026-05-16T05:37:20.661679,55.60,44.40,100.00,100.00
2026-05-16T05:37:20.767049,37.50,42.90,100.00,100.00
2026-05-16T05:37:20.872994,42.90,50.00,100.00,100.00
2026-05-16T05:37:20.978077,37.50,50.00,100.00,100.00
2026-05-16T05:37:21.084513,44.40,42.90,100.00,100.00
2026-05-16T05:37:21.190528,50.00,42.90,100.00,100.00
2026-05-16T05:37:21.294934,37.50,60.00,100.00,100.00
2026-05-16T05:37:21.399835,33.30,42.90,100.00,100.00
2026-05-16T05:37:21.505318,37.50,50.00,100.00,100.00
2026-05-16T05:37:21.610297,44.40,44.40,100.00,100.00
2026-05-16T05:37:21.716324,28.60,42.90,100.00,100.00
2026-05-16T05:37:21.823250,55.60,55.60,100.00,100.00
2026-05-16T05:37:21.927861,37.50,50.00,100.00,100.00
2026-05-16T05:37:22.032681,50.00,33.30,100.00,100.00
2026-05-16T05:37:22.136716,37.50,50.00,100.00,100.00
2026-05-16T05:37:22.240700,44.40,50.00,100.00,100.00
2026-05-16T05:37:22.345383,16.70,50.00,100.00,100.00
2026-05-16T05:37:22.450018,55.60,55.60,100.00,100.00
2026-05-16T05:37:22.554417,50.00,57.10,100.00,100.00
2026-05-16T05:37:22.658471,37.50,50.00,100.00,100.00
2026-05-16T05:37:22.762738,50.00,42.90,100.00,100.00
2026-05-16T05:37:22.867795,37.50,55.60,100.00,100.00
2026-05-16T05:37:22.971867,37.50,50.00,100.00,100.00
2026-05-16T05:37:23.075485,55.60,50.00,100.00,100.00
2026-05-16T05:37:23.180348,37.50,50.00,100.00,100.00
2026-05-16T05:37:23.285309,37.50,50.00,100.00,100.00
2026-05-16T05:37:23.389531,42.90,55.60,100.00,100.00
2026-05-16T05:37:23.494582,50.00,42.90,100.00,100.00
2026-05-16T05:37:23.599858,42.90,55.60,100.00,100.00
2026-05-16T05:37:23.704811,37.50,33.30,100.00,100.00
2026-05-16T05:37:23.809689,42.90,50.00,100.00,100.00
2026-05-16T05:37:23.915042,44.40,62.50,100.00,100.00
2026-05-16T05:37:24.019963,62.50,42.90,100.00,100.00
2026-05-16T05:37:24.124550,55.60,66.70,100.00,100.00
2026-05-16T05:37:24.229021,50.00,62.50,100.00,100.00
2026-05-16T05:37:24.333600,50.00,50.00,100.00,100.00
2026-05-16T05:37:24.437887,44.40,57.10,100.00,100.00
2026-05-16T05:37:24.542293,42.90,55.60,100.00,100.00
2026-05-16T05:37:24.646996,50.00,62.50,100.00,100.00
2026-05-16T05:37:24.751897,37.50,44.40,100.00,100.00
2026-05-16T05:37:24.857029,55.60,33.30,100.00,100.00
2026-05-16T05:37:24.962642,44.40,55.60,100.00,100.00
2026-05-16T05:37:25.067847,33.30,42.90,100.00,100.00
2026-05-16T05:37:25.173823,50.00,55.60,100.00,100.00
2026-05-16T05:37:25.279005,62.50,66.70,100.00,100.00
2026-05-16T05:37:25.384625,42.90,50.00,100.00,100.00
2026-05-16T05:37:25.490728,44.40,37.50,100.00,100.00
2026-05-16T05:37:25.594860,42.90,33.30,100.00,100.00
2026-05-16T05:37:25.699748,37.50,44.40,100.00,100.00
2026-05-16T05:37:25.805648,55.60,44.40,100.00,100.00
2026-05-16T05:37:25.910660,33.30,62.50,100.00,100.00
2026-05-16T05:37:26.015930,55.60,55.60,100.00,100.00
2026-05-16T05:37:26.121725,50.00,42.90,100.00,100.00
2026-05-16T05:37:26.227611,55.60,60.00,100.00,100.00
2026-05-16T05:37:26.332032,44.40,33.30,100.00,100.00
2026-05-16T05:37:26.436925,42.90,50.00,100.00,100.00
2026-05-16T05:37:26.542635,44.40,42.90,100.00,100.00
2026-05-16T05:37:26.648172,42.90,50.00,100.00,100.00
2026-05-16T05:37:26.753631,50.00,50.00,100.00,100.00
2026-05-16T05:37:26.859505,55.60,62.50,100.00,100.00
2026-05-16T05:37:26.964393,42.90,55.60,100.00,100.00
2026-05-16T05:37:27.068582,50.00,62.50,100.00,100.00
2026-05-16T05:37:27.174293,50.00,60.00,100.00,100.00
2026-05-16T05:37:27.278864,42.90,62.50,100.00,100.00
2026-05-16T05:37:27.395361,63.60,55.60,100.00,100.00
2026-05-16T05:37:27.500986,50.00,62.50,100.00,100.00
2026-05-16T05:37:27.608666,42.90,44.40,100.00,100.00
2026-05-16T05:37:27.714432,44.40,50.00,100.00,100.00
2026-05-16T05:37:27.818902,50.00,50.00,100.00,100.00
2026-05-16T05:37:27.925871,50.00,55.60,100.00,100.00
2026-05-16T05:37:28.032280,50.00,42.90,100.00,100.00
2026-05-16T05:37:28.137693,55.60,55.60,100.00,100.00
2026-05-16T05:37:28.243069,42.90,55.60,100.00,100.00
2026-05-16T05:37:28.348306,37.50,33.30,100.00,100.00
2026-05-16T05:37:28.454317,50.00,44.40,100.00,100.00
2026-05-16T05:37:28.559041,44.40,55.60,100.00,100.00
2026-05-16T05:37:28.664399,42.90,42.90,100.00,100.00
2026-05-16T05:37:28.769603,37.50,42.90,100.00,100.00
2026-05-16T05:37:28.875258,50.00,44.40,100.00,100.00
2026-05-16T05:37:28.979781,50.00,50.00,100.00,100.00
2026-05-16T05:37:29.085381,37.50,37.50,100.00,100.00
2026-05-16T05:37:29.190047,44.40,50.00,100.00,100.00
2026-05-16T05:37:29.295649,55.60,55.60,100.00,100.00
2026-05-16T05:37:29.401194,50.00,62.50,100.00,100.00
2026-05-16T05:37:29.505700,42.90,44.40,100.00,100.00
2026-05-16T05:37:29.609936,55.60,50.00,100.00,100.00
2026-05-16T05:37:29.715075,42.90,37.50,100.00,100.00
2026-05-16T05:37:29.819164,55.60,60.00,100.00,100.00
2026-05-16T05:37:29.923379,28.60,42.90,100.00,100.00
2026-05-16T05:37:30.027966,37.50,50.00,100.00,100.00
2026-05-16T05:37:30.132522,42.90,50.00,100.00,100.00
2026-05-16T05:37:30.237869,50.00,55.60,100.00,100.00
2026-05-16T05:37:30.342837,50.00,42.90,100.00,100.00
2026-05-16T05:37:30.447054,28.60,50.00,100.00,100.00
2026-05-16T05:37:30.551411,55.60,50.00,100.00,100.00
2026-05-16T05:37:30.655815,50.00,50.00,100.00,100.00
2026-05-16T05:37:30.759901,42.90,42.90,100.00,100.00
2026-05-16T05:37:30.864377,55.60,44.40,100.00,100.00
2026-05-16T05:37:30.970260,37.50,42.90,100.00,100.00
2026-05-16T05:37:31.076832,44.40,50.00,100.00,100.00
2026-05-16T05:37:31.182186,42.90,50.00,100.00,100.00
2026-05-16T05:37:31.286974,50.00,42.90,100.00,100.00
2026-05-16T05:37:31.391455,44.40,44.40,100.00,100.00
2026-05-16T05:37:31.496675,42.90,42.90,100.00,100.00
2026-05-16T05:37:31.600968,44.40,50.00,100.00,100.00
2026-05-16T05:37:31.705396,50.00,50.00,100.00,100.00
2026-05-16T05:37:31.809889,44.40,55.60,100.00,100.00
2026-05-16T05:37:31.914356,44.40,42.90,100.00,100.00
2026-05-16T05:37:32.018721,37.50,50.00,100.00,100.00
2026-05-16T05:37:32.122875,42.90,55.60,100.00,100.00
2026-05-16T05:37:32.227426,44.40,42.90,100.00,100.00
2026-05-16T05:37:32.331717,16.70,50.00,100.00,100.00
2026-05-16T05:37:32.435910,44.40,42.90,100.00,100.00
2026-05-16T05:37:32.539749,37.50,55.60,100.00,100.00
2026-05-16T05:37:32.645095,37.50,60.00,100.00,100.00
2026-05-16T05:37:32.749515,37.50,33.30,100.00,100.00
2026-05-16T05:37:32.853808,55.60,44.40,100.00,100.00
2026-05-16T05:37:32.959538,37.50,55.60,100.00,100.00
2026-05-16T05:37:33.064998,37.50,55.60,100.00,100.00
2026-05-16T05:37:33.170836,33.30,37.50,100.00,100.00
2026-05-16T05:37:33.276846,44.40,50.00,100.00,100.00
2026-05-16T05:37:33.382534,42.90,55.60,100.00,100.00
2026-05-16T05:37:33.487718,50.00,42.90,100.00,100.00
2026-05-16T05:37:33.592024,28.60,50.00,100.00,100.00
2026-05-16T05:37:33.698866,50.00,50.00,100.00,100.00
2026-05-16T05:37:33.804345,60.00,50.00,100.00,100.00
2026-05-16T05:37:33.909650,62.50,60.00,100.00,100.00
2026-05-16T05:37:34.014751,55.60,50.00,100.00,100.00
2026-05-16T05:37:34.120076,37.50,42.90,100.00,100.00
2026-05-16T05:37:34.224963,42.90,42.90,100.00,100.00
2026-05-16T05:37:34.330000,28.60,55.60,100.00,100.00
2026-05-16T05:37:34.433958,25.00,28.60,100.00,100.00
2026-05-16T05:37:34.538000,20.00,11.10,100.00,100.00
2026-05-16T05:37:34.642048,0.00,12.50,100.00,100.00
2026-05-16T05:37:34.746327,11.10,12.50,100.00,100.00
2026-05-16T05:37:34.850368,12.50,12.50,100.00,100.00
2026-05-16T05:37:34.954497,12.50,12.50,100.00,100.00
2026-05-16T05:37:35.058561,30.00,12.50,100.00,100.00
2026-05-16T05:37:35.162965,12.50,14.30,100.00,100.00
2026-05-16T05:37:35.267504,22.20,40.00,100.00,100.00
2026-05-16T05:37:35.372204,0.00,0.00,100.00,100.00
2026-05-16T05:37:35.476646,22.20,12.50,100.00,100.00
2026-05-16T05:37:35.580994,12.50,12.50,100.00,100.00
2026-05-16T05:37:35.684547,0.00,12.50,100.00,100.00
2026-05-16T05:37:35.789029,22.20,12.50,100.00,100.00
2026-05-16T05:37:35.892818,22.20,0.00,100.00,100.00
2026-05-16T05:37:35.996734,11.10,0.00,100.00,100.00
2026-05-16T05:37:36.100534,12.50,0.00,100.00,100.00
2026-05-16T05:37:36.204812,12.50,12.50,100.00,100.00
2026-05-16T05:37:36.309556,27.30,12.50,100.00,100.00
2026-05-16T05:37:36.413398,12.50,0.00,100.00,100.00
2026-05-16T05:37:36.518032,20.00,12.50,100.00,100.00
2026-05-16T05:37:36.621837,22.20,0.00,100.00,100.00
2026-05-16T05:37:36.726693,0.00,0.00,100.00,100.00
2026-05-16T05:37:36.830871,12.50,22.20,100.00,100.00
2026-05-16T05:37:36.934992,12.50,12.50,100.00,100.00
2026-05-16T05:37:37.039198,22.20,0.00,100.00,100.00
2026-05-16T05:37:37.143871,11.10,30.00,100.00,100.00
2026-05-16T05:37:37.248076,22.20,0.00,100.00,100.00
2026-05-16T05:37:37.352192,11.10,0.00,100.00,100.00
2026-05-16T05:37:37.455953,0.00,0.00,100.00,100.00
2026-05-16T05:37:37.560020,20.00,27.30,100.00,100.00
2026-05-16T05:37:37.664129,11.10,0.00,100.00,100.00
2026-05-16T05:37:37.768493,0.00,0.00,100.00,100.00
2026-05-16T05:37:37.872441,20.00,11.10,100.00,100.00
2026-05-16T05:37:37.976750,11.10,12.50,100.00,100.00
2026-05-16T05:37:38.080697,12.50,12.50,100.00,100.00
2026-05-16T05:37:38.185335,33.30,11.10,100.00,100.00
2026-05-16T05:37:38.290399,12.50,12.50,100.00,100.00
2026-05-16T05:37:38.394374,0.00,0.00,100.00,100.00
2026-05-16T05:37:38.498332,22.20,11.10,100.00,100.00
2026-05-16T05:37:38.601988,20.00,0.00,100.00,100.00
2026-05-16T05:37:38.705715,0.00,22.20,100.00,100.00
2026-05-16T05:37:38.809744,22.20,0.00,100.00,100.00
2026-05-16T05:37:38.913349,20.00,12.50,100.00,100.00
2026-05-16T05:37:39.016798,20.00,20.00,100.00,100.00
2026-05-16T05:37:39.120459,12.50,0.00,100.00,100.00
2026-05-16T05:37:39.226041,30.00,12.50,100.00,100.00
2026-05-16T05:37:39.330314,0.00,0.00,100.00,100.00
2026-05-16T05:37:39.433755,22.20,0.00,100.00,100.00
2026-05-16T05:37:39.537573,20.00,0.00,100.00,100.00
2026-05-16T05:37:39.641463,22.20,30.00,100.00,100.00
2026-05-16T05:37:39.745350,20.00,0.00,100.00,100.00
2026-05-16T05:37:39.849026,12.50,0.00,100.00,100.00
2026-05-16T05:37:39.952805,20.00,12.50,100.00,100.00
2026-05-16T05:37:40.056462,22.20,0.00,100.00,100.00
2026-05-16T05:37:40.160383,11.10,12.50,100.00,100.00
2026-05-16T05:37:40.263894,22.20,0.00,100.00,100.00
2026-05-16T05:37:40.367480,0.00,11.10,100.00,100.00
2026-05-16T05:37:40.471543,20.00,0.00,100.00,100.00
2026-05-16T05:37:40.574995,20.00,11.10,100.00,100.00
2026-05-16T05:37:40.678803,22.20,0.00,100.00,100.00
2026-05-16T05:37:40.782635,11.10,0.00,100.00,100.00
2026-05-16T05:37:40.886270,20.00,22.20,100.00,100.00
2026-05-16T05:37:40.990376,22.20,0.00,100.00,100.00
2026-05-16T05:37:41.094660,20.00,0.00,100.00,100.00
2026-05-16T05:37:41.198399,12.50,0.00,100.00,100.00
2026-05-16T05:37:41.302443,22.20,22.20,100.00,100.00
2026-05-16T05:37:41.406537,12.50,22.20,100.00,100.00
2026-05-16T05:37:41.510531,20.00,0.00,100.00,100.00
2026-05-16T05:37:41.614223,22.20,0.00,100.00,100.00
2026-05-16T05:37:41.717821,11.10,20.00,100.00,100.00
2026-05-16T05:37:41.821869,12.50,0.00,100.00,100.00
2026-05-16T05:37:41.925424,20.00,0.00,100.00,100.00
2026-05-16T05:37:42.028784,12.50,0.00,100.00,100.00
2026-05-16T05:37:42.132264,11.10,12.50,100.00,100.00
2026-05-16T05:37:42.236384,11.10,0.00,100.00,100.00
2026-05-16T05:37:42.340170,12.50,11.10,100.00,100.00
2026-05-16T05:37:42.443775,11.10,0.00,100.00,100.00
2026-05-16T05:37:42.547648,27.30,22.20,100.00,100.00
2026-05-16T05:37:42.651221,12.50,0.00,100.00,100.00
2026-05-16T05:37:42.754808,0.00,0.00,100.00,100.00
2026-05-16T05:37:42.858689,30.00,0.00,100.00,100.00
2026-05-16T05:37:42.962476,0.00,0.00,100.00,100.00
2026-05-16T05:37:43.066372,27.30,12.50,100.00,100.00
2026-05-16T05:37:43.169730,12.50,12.50,100.00,100.00
2026-05-16T05:37:43.273784,22.20,12.50,100.00,100.00
2026-05-16T05:37:43.377596,27.30,0.00,100.00,100.00
2026-05-16T05:37:43.481335,12.50,0.00,100.00,100.00
2026-05-16T05:37:43.584901,0.00,12.50,100.00,100.00
2026-05-16T05:37:43.688908,22.20,11.10,100.00,100.00
2026-05-16T05:37:43.792524,11.10,12.50,100.00,100.00
2026-05-16T05:37:43.896221,12.50,0.00,100.00,100.00
2026-05-16T05:37:43.999812,11.10,0.00,100.00,100.00
2026-05-16T05:37:44.103550,20.00,27.30,100.00,100.00
2026-05-16T05:37:44.207536,12.50,0.00,100.00,100.00
2026-05-16T05:37:44.311107,20.00,0.00,100.00,100.00
2026-05-16T05:37:44.414548,30.00,0.00,100.00,100.00
2026-05-16T05:37:44.518302,11.10,0.00,100.00,100.00
2026-05-16T05:37:44.621819,11.10,0.00,100.00,100.00
2026-05-16T05:37:44.725719,22.20,22.20,100.00,100.00
2026-05-16T05:37:44.829483,11.10,0.00,100.00,100.00
2026-05-16T05:37:44.933247,12.50,12.50,100.00,100.00
2026-05-16T05:37:45.037691,12.50,0.00,100.00,100.00
2026-05-16T05:37:45.141569,33.30,22.20,100.00,100.00
2026-05-16T05:37:45.245358,14.30,14.30,100.00,100.00
2026-05-16T05:37:45.349203,11.10,0.00,100.00,100.00
2026-05-16T05:37:45.453103,11.10,0.00,100.00,100.00
2026-05-16T05:37:45.556827,27.30,20.00,100.00,100.00
2026-05-16T05:37:45.660553,12.50,12.50,100.00,100.00
2026-05-16T05:37:45.764602,11.10,0.00,100.00,100.00
2026-05-16T05:37:45.868433,12.50,0.00,100.00,100.00
2026-05-16T05:37:45.971889,11.10,22.20,100.00,100.00
2026-05-16T05:37:46.075805,22.20,0.00,100.00,100.00
2026-05-16T05:37:46.179474,27.30,12.50,100.00,100.00
2026-05-16T05:37:46.282718,11.10,0.00,100.00,100.00
2026-05-16T05:37:46.386534,22.20,0.00,100.00,100.00
2026-05-16T05:37:46.491230,11.10,12.50,100.00,100.00
2026-05-16T05:37:46.594986,11.10,12.50,100.00,100.00
2026-05-16T05:37:46.699545,12.50,12.50,100.00,100.00
2026-05-16T05:37:46.803347,11.10,11.10,100.00,100.00
2026-05-16T05:37:46.907214,0.00,0.00,100.00,100.00
2026-05-16T05:37:47.011708,11.10,11.10,100.00,100.00
2026-05-16T05:37:47.115221,20.00,0.00,100.00,100.00
2026-05-16T05:37:47.218789,12.50,11.10,100.00,100.00
2026-05-16T05:37:47.322382,11.10,12.50,100.00,100.00
2026-05-16T05:37:47.425790,12.50,12.50,100.00,100.00
2026-05-16T05:37:47.529624,11.10,0.00,100.00,100.00
2026-05-16T05:37:47.633527,20.00,12.50,100.00,100.00
2026-05-16T05:37:47.737553,12.50,12.50,100.00,100.00
2026-05-16T05:37:47.841036,11.10,0.00,100.00,100.00
2026-05-16T05:37:47.944941,0.00,12.50,100.00,100.00
2026-05-16T05:37:48.048893,27.30,0.00,100.00,100.00
2026-05-16T05:37:48.152623,12.50,0.00,100.00,100.00
2026-05-16T05:37:48.256470,0.00,12.50,100.00,100.00
2026-05-16T05:37:48.360087,12.50,11.10,100.00,100.00
2026-05-16T05:37:48.463672,20.00,12.50,100.00,100.00
2026-05-16T05:37:48.567320,11.10,0.00,100.00,100.00
2026-05-16T05:37:48.671536,22.20,0.00,100.00,100.00
2026-05-16T05:37:48.775360,20.00,0.00,100.00,100.00
2026-05-16T05:37:48.878849,30.00,0.00,100.00,100.00
2026-05-16T05:37:48.982738,20.00,22.20,100.00,100.00
2026-05-16T05:37:49.088254,12.50,12.50,100.00,100.00
2026-05-16T05:37:49.192870,11.10,0.00,100.00,100.00
2026-05-16T05:37:49.296633,12.50,22.20,100.00,100.00
2026-05-16T05:37:49.400462,11.10,0.00,100.00,100.00
2026-05-16T05:37:49.509477,88.90,90.00,100.00,100.00
2026-05-16T05:37:49.727431,91.30,100.00,100.00,100.00
2026-05-16T05:37:49.833352,66.70,75.00,75.00,25.00
2026-05-16T05:37:49.939355,66.70,70.00,70.00,33.30
2026-05-16T05:37:50.045017,66.70,72.70,66.70,22.20
2026-05-16T05:37:50.151409,75.00,77.80,70.00,28.60
2026-05-16T05:37:50.257212,72.70,70.00,70.00,45.50
2026-05-16T05:37:50.363013,66.70,75.00,66.70,25.00
2026-05-16T05:37:50.468709,62.50,66.70,66.70,14.30
2026-05-16T05:37:50.573703,55.60,72.70,70.00,12.50
2026-05-16T05:37:50.680083,66.70,77.80,62.50,37.50
2026-05-16T05:37:50.784962,66.70,70.00,70.00,22.20
2026-05-16T05:37:50.890785,62.50,70.00,66.70,25.00
2026-05-16T05:37:50.996008,62.50,66.70,66.70,25.00
2026-05-16T05:37:51.102571,66.70,75.00,66.70,25.00
2026-05-16T05:37:51.208586,66.70,66.70,66.70,25.00
2026-05-16T05:37:51.314339,71.40,77.80,75.00,33.30
2026-05-16T05:37:51.419528,66.70,77.80,70.00,25.00
2026-05-16T05:37:51.524801,62.50,66.70,62.50,22.20
2026-05-16T05:37:51.630333,66.70,70.00,75.00,25.00
2026-05-16T05:37:51.735734,66.70,62.50,66.70,33.30
2026-05-16T05:37:51.841469,66.70,80.00,70.00,40.00
2026-05-16T05:37:51.947616,70.00,80.00,66.70,25.00
2026-05-16T05:37:52.053843,70.00,72.70,66.70,28.60
2026-05-16T05:37:52.159626,66.70,70.00,62.50,33.30
2026-05-16T05:37:52.265289,66.70,57.10,66.70,22.20
2026-05-16T05:37:52.371419,66.70,80.00,66.70,33.30
2026-05-16T05:37:52.478419,66.70,70.00,66.70,25.00
2026-05-16T05:37:52.584095,70.00,70.00,70.00,25.00
2026-05-16T05:37:52.689896,62.50,75.00,75.00,25.00
2026-05-16T05:37:52.796232,70.00,77.80,70.00,33.30
2026-05-16T05:37:52.902717,77.80,75.00,66.70,25.00
2026-05-16T05:37:53.008052,70.00,75.00,66.70,25.00
2026-05-16T05:37:53.114310,66.70,70.00,70.00,22.20
2026-05-16T05:37:53.219631,66.70,70.00,62.50,37.50
2026-05-16T05:37:53.325636,66.70,77.80,77.80,25.00
2026-05-16T05:37:53.432448,66.70,66.70,70.00,40.00
2026-05-16T05:37:53.538215,70.00,72.70,62.50,30.00
2026-05-16T05:37:53.644539,66.70,77.80,72.70,16.70
2026-05-16T05:37:53.749834,70.00,63.60,62.50,36.40
2026-05-16T05:37:53.856185,62.50,77.80,70.00,14.30
2026-05-16T05:37:53.961897,55.60,60.00,57.10,25.00
2026-05-16T05:37:54.067670,70.00,75.00,70.00,30.00
2026-05-16T05:37:54.173486,62.50,66.70,62.50,25.00
2026-05-16T05:37:54.279609,66.70,75.00,62.50,25.00
2026-05-16T05:37:54.385984,70.00,77.80,66.70,25.00
2026-05-16T05:37:54.491630,66.70,66.70,70.00,22.20
2026-05-16T05:37:54.598394,66.70,75.00,70.00,33.30
2026-05-16T05:37:54.703466,62.50,66.70,62.50,25.00
2026-05-16T05:37:54.808531,60.00,63.60,60.00,12.50
2026-05-16T05:37:54.913664,62.50,66.70,62.50,33.30
2026-05-16T05:37:55.019223,70.00,75.00,70.00,25.00
2026-05-16T05:37:55.124493,66.70,66.70,62.50,33.30
2026-05-16T05:37:55.230826,66.70,66.70,66.70,25.00
2026-05-16T05:37:55.336358,77.80,77.80,62.50,50.00
2026-05-16T05:37:55.442288,55.60,70.00,66.70,22.20
2026-05-16T05:37:55.550402,70.00,70.00,70.00,25.00
2026-05-16T05:37:55.656457,77.80,77.80,66.70,40.00
2026-05-16T05:37:55.762059,66.70,66.70,72.70,33.30
2026-05-16T05:37:55.867866,66.70,72.70,75.00,25.00
2026-05-16T05:37:55.972963,66.70,66.70,55.60,25.00
2026-05-16T05:37:56.079600,66.70,81.80,66.70,25.00
2026-05-16T05:37:56.184834,66.70,70.00,62.50,33.30
2026-05-16T05:37:56.290311,66.70,77.80,66.70,40.00
2026-05-16T05:37:56.396069,66.70,70.00,70.00,33.30
2026-05-16T05:37:56.502041,66.70,70.00,62.50,25.00
2026-05-16T05:37:56.607609,66.70,77.80,66.70,22.20
2026-05-16T05:37:56.714888,66.70,72.70,75.00,25.00
2026-05-16T05:37:56.820274,70.00,72.70,66.70,25.00
2026-05-16T05:37:56.927083,66.70,77.80,70.00,14.30
2026-05-16T05:37:57.033402,62.50,70.00,70.00,25.00
2026-05-16T05:37:57.138821,75.00,77.80,75.00,25.00
2026-05-16T05:37:57.245700,70.00,72.70,72.70,33.30
2026-05-16T05:37:57.351742,70.00,70.00,62.50,22.20
2026-05-16T05:37:57.456738,60.00,62.50,55.60,25.00
2026-05-16T05:37:57.561773,62.50,66.70,66.70,25.00
2026-05-16T05:37:57.668306,70.00,70.00,77.80,33.30
2026-05-16T05:37:57.773969,62.50,70.00,55.60,22.20
2026-05-16T05:37:57.880450,66.70,66.70,66.70,25.00
2026-05-16T05:37:57.987053,66.70,75.00,66.70,30.00
2026-05-16T05:37:58.093708,70.00,72.70,66.70,25.00
2026-05-16T05:37:58.200863,66.70,72.70,66.70,25.00
2026-05-16T05:37:58.307360,66.70,62.50,70.00,30.00
2026-05-16T05:37:58.413713,66.70,77.80,66.70,25.00
2026-05-16T05:37:58.519318,62.50,72.70,75.00,14.30
2026-05-16T05:37:58.626050,72.70,66.70,70.00,25.00
2026-05-16T05:37:58.731054,66.70,70.00,62.50,25.00
2026-05-16T05:37:58.837016,66.70,77.80,60.00,30.00
2026-05-16T05:37:58.942284,62.50,70.00,62.50,25.00
2026-05-16T05:37:59.047930,66.70,66.70,66.70,33.30
2026-05-16T05:37:59.153798,62.50,70.00,70.00,25.00
2026-05-16T05:37:59.260052,62.50,80.00,71.40,40.00
2026-05-16T05:37:59.365344,70.00,66.70,70.00,25.00
2026-05-16T05:37:59.470222,62.50,75.00,66.70,25.00
2026-05-16T05:37:59.575043,70.00,66.70,66.70,33.30
2026-05-16T05:37:59.681279,66.70,70.00,62.50,33.30
2026-05-16T05:37:59.787000,66.70,72.70,70.00,25.00
2026-05-16T05:37:59.892756,66.70,66.70,70.00,12.50
2026-05-16T05:37:59.998533,70.00,77.80,66.70,40.00
2026-05-16T05:38:00.104022,66.70,70.00,62.50,25.00
2026-05-16T05:38:00.210163,62.50,70.00,66.70,37.50
2026-05-16T05:38:00.316903,66.70,77.80,62.50,25.00
2026-05-16T05:38:00.423551,70.00,77.80,80.00,33.30
2026-05-16T05:38:00.529245,66.70,66.70,70.00,14.30
2026-05-16T05:38:00.634933,62.50,72.70,66.70,33.30
2026-05-16T05:38:00.740304,70.00,70.00,66.70,33.30
2026-05-16T05:38:00.845193,62.50,62.50,62.50,25.00
2026-05-16T05:38:00.950663,60.00,70.00,60.00,12.50
2026-05-16T05:38:01.055640,66.70,70.00,71.40,33.30
2026-05-16T05:38:01.161533,70.00,77.80,55.60,25.00
2026-05-16T05:38:01.268479,62.50,70.00,66.70,40.00
2026-05-16T05:38:01.374803,72.70,77.80,77.80,25.00
2026-05-16T05:38:01.480080,62.50,70.00,70.00,22.20
2026-05-16T05:38:01.584837,66.70,66.70,55.60,14.30
2026-05-16T05:38:01.690883,66.70,70.00,70.00,33.30
2026-05-16T05:38:01.796438,60.00,66.70,57.10,22.20
2026-05-16T05:38:01.902105,72.70,70.00,66.70,25.00
2026-05-16T05:38:02.007559,57.10,66.70,66.70,25.00
2026-05-16T05:38:02.112683,70.00,66.70,60.00,22.20
2026-05-16T05:38:02.217834,62.50,77.80,75.00,25.00
2026-05-16T05:38:02.324020,72.70,66.70,70.00,25.00
2026-05-16T05:38:02.429705,66.70,80.00,66.70,25.00
2026-05-16T05:38:02.536387,70.00,70.00,66.70,25.00
2026-05-16T05:38:02.642292,75.00,80.00,77.80,25.00
2026-05-16T05:38:02.747955,62.50,70.00,66.70,25.00
2026-05-16T05:38:02.853915,63.60,66.70,50.00,22.20
2026-05-16T05:38:02.960072,77.80,70.00,70.00,25.00
2026-05-16T05:38:03.066347,50.00,72.70,66.70,33.30
2026-05-16T05:38:03.171562,57.10,66.70,57.10,33.30
2026-05-16T05:38:03.277889,72.70,70.00,66.70,33.30
2026-05-16T05:38:03.384147,57.10,77.80,70.00,25.00
2026-05-16T05:38:03.489924,70.00,70.00,66.70,33.30
2026-05-16T05:38:03.596395,70.00,70.00,66.70,22.20
2026-05-16T05:38:03.702858,57.10,66.70,66.70,14.30
2026-05-16T05:38:03.808869,70.00,80.00,70.00,33.30
2026-05-16T05:38:03.915498,70.00,70.00,66.70,25.00
2026-05-16T05:38:04.021119,66.70,80.00,66.70,25.00
2026-05-16T05:38:04.127651,66.70,70.00,75.00,14.30
2026-05-16T05:38:04.233688,72.70,70.00,70.00,33.30
2026-05-16T05:38:04.339339,75.00,80.00,66.70,25.00
2026-05-16T05:38:04.442810,44.40,55.60,55.60,12.50
2026-05-16T05:38:04.568427,20.00,11.10,0.00,16.70
2026-05-16T05:38:04.672241,12.50,12.50,12.50,100.00
2026-05-16T05:38:04.776438,22.20,20.00,20.00,100.00
2026-05-16T05:38:04.880094,11.10,0.00,0.00,100.00
2026-05-16T05:38:04.983990,12.50,12.50,22.20,100.00
2026-05-16T05:38:05.087641,22.20,11.10,0.00,100.00
2026-05-16T05:38:05.191358,22.20,0.00,12.50,100.00
2026-05-16T05:38:05.295725,33.30,25.00,14.30,100.00
2026-05-16T05:38:05.399749,11.10,0.00,0.00,100.00
2026-05-16T05:38:05.503812,0.00,12.50,12.50,100.00
2026-05-16T05:38:05.607854,22.20,11.10,12.50,100.00
2026-05-16T05:38:05.711604,22.20,0.00,0.00,100.00
2026-05-16T05:38:05.815483,11.10,0.00,22.20,100.00
2026-05-16T05:38:05.919600,12.50,22.20,0.00,100.00
2026-05-16T05:38:06.023780,12.50,12.50,12.50,100.00
2026-05-16T05:38:06.127802,30.00,20.00,0.00,100.00
2026-05-16T05:38:06.232060,12.50,12.50,30.00,100.00
2026-05-16T05:38:06.335730,22.20,0.00,0.00,100.00
2026-05-16T05:38:06.439977,12.50,22.20,0.00,100.00
2026-05-16T05:38:06.603860,26.70,30.80,30.80,100.00
2026-05-16T05:38:06.707883,25.00,14.30,100.00,100.00
2026-05-16T05:38:06.811856,30.00,30.00,100.00,100.00
2026-05-16T05:38:06.916508,14.30,0.00,100.00,100.00
2026-05-16T05:38:07.020365,12.50,25.00,100.00,100.00
2026-05-16T05:38:07.124335,25.00,14.30,100.00,100.00
2026-05-16T05:38:07.229802,25.00,37.50,100.00,100.00
2026-05-16T05:38:07.334679,14.30,14.30,100.00,100.00
2026-05-16T05:38:07.439798,25.00,25.00,100.00,100.00
2026-05-16T05:38:07.543673,22.20,14.30,100.00,100.00
2026-05-16T05:38:07.647517,25.00,0.00,100.00,100.00
2026-05-16T05:38:07.751731,0.00,28.60,100.00,100.00
2026-05-16T05:38:07.856499,33.30,25.00,100.00,100.00
2026-05-16T05:38:07.961679,30.00,14.30,100.00,100.00
2026-05-16T05:38:08.065807,14.30,14.30,100.00,100.00
2026-05-16T05:38:08.171024,25.00,33.30,100.00,100.00
2026-05-16T05:38:08.276094,36.40,14.30,100.00,100.00
2026-05-16T05:38:08.380405,14.30,25.00,100.00,100.00
2026-05-16T05:38:08.484625,33.30,14.30,100.00,100.00
2026-05-16T05:38:08.589397,12.50,0.00,100.00,100.00
2026-05-16T05:38:08.693907,33.30,14.30,100.00,100.00
2026-05-16T05:38:08.798269,14.30,33.30,100.00,100.00
2026-05-16T05:38:08.901905,30.00,14.30,100.00,100.00
2026-05-16T05:38:09.006898,14.30,28.60,100.00,100.00
2026-05-16T05:38:09.112003,14.30,25.00,100.00,100.00
2026-05-16T05:38:09.217084,33.30,14.30,100.00,100.00
2026-05-16T05:38:09.321540,12.50,14.30,100.00,100.00
2026-05-16T05:38:09.425610,33.30,25.00,100.00,100.00
2026-05-16T05:38:09.529450,22.20,14.30,100.00,100.00
2026-05-16T05:38:09.634643,14.30,25.00,100.00,100.00
2026-05-16T05:38:09.738943,22.20,25.00,100.00,100.00
2026-05-16T05:38:09.843555,0.00,14.30,100.00,100.00
2026-05-16T05:38:09.948237,25.00,14.30,100.00,100.00
2026-05-16T05:38:10.053093,22.20,33.30,100.00,100.00
2026-05-16T05:38:10.157752,25.00,16.70,100.00,100.00
2026-05-16T05:38:10.262799,33.30,33.30,100.00,100.00
2026-05-16T05:38:10.367465,14.30,25.00,100.00,100.00
2026-05-16T05:38:10.472284,33.30,14.30,100.00,100.00
2026-05-16T05:38:10.576792,0.00,16.70,100.00,100.00
2026-05-16T05:38:10.681736,33.30,33.30,100.00,100.00
2026-05-16T05:38:10.785793,14.30,14.30,100.00,100.00
2026-05-16T05:38:10.889754,14.30,14.30,100.00,100.00
2026-05-16T05:38:10.994776,22.20,14.30,100.00,100.00
2026-05-16T05:38:11.099038,25.00,22.20,100.00,100.00
2026-05-16T05:38:11.203588,12.50,28.60,100.00,100.00
2026-05-16T05:38:11.308154,25.00,14.30,100.00,100.00
2026-05-16T05:38:11.412039,14.30,25.00,100.00,100.00
2026-05-16T05:38:11.516673,33.30,14.30,100.00,100.00
2026-05-16T05:38:11.621231,14.30,14.30,100.00,100.00
2026-05-16T05:38:11.725326,12.50,14.30,100.00,100.00
2026-05-16T05:38:11.829180,33.30,25.00,100.00,100.00
2026-05-16T05:38:11.933330,12.50,14.30,100.00,100.00
2026-05-16T05:38:12.038129,14.30,0.00,100.00,100.00
2026-05-16T05:38:12.142274,25.00,25.00,100.00,100.00
2026-05-16T05:38:12.246096,12.50,14.30,100.00,100.00
2026-05-16T05:38:12.350656,22.20,12.50,100.00,100.00
2026-05-16T05:38:12.455077,14.30,25.00,100.00,100.00
2026-05-16T05:38:12.558946,22.20,14.30,100.00,100.00
2026-05-16T05:38:12.662921,0.00,14.30,100.00,100.00
2026-05-16T05:38:12.766715,0.00,14.30,100.00,100.00
2026-05-16T05:38:12.870834,12.50,12.50,100.00,100.00
2026-05-16T05:38:12.974982,22.20,14.30,100.00,100.00
2026-05-16T05:38:13.079620,25.00,25.00,100.00,100.00
2026-05-16T05:38:13.184526,30.00,14.30,100.00,100.00
2026-05-16T05:38:13.290207,25.00,28.60,100.00,100.00
2026-05-16T05:38:13.394690,0.00,25.00,100.00,100.00
2026-05-16T05:38:13.499625,25.00,25.00,100.00,100.00
2026-05-16T05:38:13.605289,22.20,0.00,100.00,100.00
2026-05-16T05:38:13.709456,25.00,33.30,100.00,100.00
2026-05-16T05:38:13.815445,12.50,0.00,100.00,100.00
2026-05-16T05:38:13.919939,22.20,25.00,100.00,100.00
2026-05-16T05:38:14.023893,14.30,0.00,100.00,100.00
2026-05-16T05:38:14.128038,22.20,22.20,100.00,100.00
2026-05-16T05:38:14.231712,25.00,0.00,100.00,100.00
2026-05-16T05:38:14.336649,12.50,14.30,100.00,100.00
2026-05-16T05:38:14.440674,33.30,25.00,100.00,100.00
2026-05-16T05:38:14.544364,25.00,25.00,100.00,100.00
2026-05-16T05:38:14.648368,12.50,14.30,100.00,100.00
2026-05-16T05:38:14.752414,22.20,14.30,100.00,100.00
2026-05-16T05:38:14.856714,14.30,12.50,100.00,100.00
2026-05-16T05:38:14.960502,22.20,14.30,100.00,100.00
2026-05-16T05:38:15.064550,33.30,25.00,100.00,100.00
2026-05-16T05:38:15.168426,14.30,25.00,100.00,100.00
2026-05-16T05:38:15.272055,25.00,14.30,100.00,100.00
2026-05-16T05:38:15.376048,25.00,28.60,100.00,100.00
2026-05-16T05:38:15.480068,22.20,14.30,100.00,100.00
2026-05-16T05:38:15.584582,25.00,25.00,100.00,100.00
2026-05-16T05:38:15.689475,22.20,0.00,100.00,100.00
2026-05-16T05:38:15.793513,22.20,25.00,100.00,100.00
2026-05-16T05:38:15.897705,25.00,12.50,100.00,100.00
2026-05-16T05:38:16.001802,12.50,14.30,100.00,100.00
2026-05-16T05:38:16.105468,12.50,25.00,100.00,100.00
2026-05-16T05:38:16.209474,25.00,14.30,100.00,100.00
2026-05-16T05:38:16.313586,12.50,12.50,100.00,100.00
2026-05-16T05:38:16.417913,25.00,37.50,100.00,100.00
2026-05-16T05:38:16.522561,14.30,14.30,100.00,100.00
2026-05-16T05:38:16.627521,30.00,14.30,100.00,100.00
2026-05-16T05:38:16.732409,14.30,33.30,100.00,100.00
2026-05-16T05:38:16.836502,33.30,14.30,100.00,100.00
2026-05-16T05:38:16.940231,22.20,14.30,100.00,100.00
2026-05-16T05:38:17.044479,25.00,0.00,100.00,100.00
2026-05-16T05:38:17.149829,12.50,14.30,100.00,100.00
2026-05-16T05:38:17.253648,33.30,14.30,100.00,100.00
2026-05-16T05:38:17.357842,12.50,14.30,100.00,100.00
2026-05-16T05:38:17.462034,22.20,14.30,100.00,100.00
2026-05-16T05:38:17.566580,0.00,30.00,100.00,100.00
2026-05-16T05:38:17.670599,22.20,0.00,100.00,100.00
2026-05-16T05:38:17.775054,30.00,14.30,100.00,100.00
2026-05-16T05:38:17.879668,14.30,14.30,100.00,100.00
2026-05-16T05:38:17.983782,22.20,25.00,100.00,100.00
2026-05-16T05:38:18.087789,12.50,12.50,100.00,100.00
2026-05-16T05:38:18.191638,22.20,25.00,100.00,100.00
2026-05-16T05:38:18.295968,14.30,25.00,100.00,100.00
2026-05-16T05:38:18.400254,12.50,14.30,100.00,100.00
2026-05-16T05:38:18.504686,12.50,25.00,100.00,100.00
2026-05-16T05:38:18.608417,25.00,12.50,100.00,100.00
2026-05-16T05:38:18.712340,12.50,0.00,100.00,100.00
2026-05-16T05:38:18.816663,25.00,25.00,100.00,100.00
2026-05-16T05:38:18.920808,22.20,0.00,100.00,100.00
2026-05-16T05:38:19.025338,0.00,25.00,100.00,100.00
2026-05-16T05:38:19.129213,25.00,14.30,100.00,100.00
2026-05-16T05:38:19.233528,30.00,14.30,100.00,100.00
2026-05-16T05:38:19.337886,14.30,25.00,100.00,100.00
2026-05-16T05:38:19.442537,33.30,37.50,100.00,100.00
2026-05-16T05:38:19.547142,57.10,66.70,100.00,100.00
2026-05-16T05:38:19.651424,50.00,77.80,100.00,100.00
2026-05-16T05:38:19.756606,62.50,70.00,100.00,100.00
2026-05-16T05:38:19.861838,55.60,77.80,100.00,100.00
2026-05-16T05:38:19.966693,62.50,66.70,100.00,100.00
2026-05-16T05:38:20.070616,66.70,80.00,100.00,100.00
2026-05-16T05:38:20.177372,70.00,81.80,100.00,100.00
2026-05-16T05:38:20.281959,66.70,87.50,100.00,100.00
2026-05-16T05:38:20.388543,66.70,77.80,100.00,100.00
2026-05-16T05:38:20.494180,62.50,81.80,100.00,100.00
2026-05-16T05:38:20.599228,77.80,66.70,100.00,100.00
2026-05-16T05:38:20.705334,60.00,77.80,100.00,100.00
2026-05-16T05:38:20.809562,62.50,70.00,100.00,100.00
2026-05-16T05:38:20.913806,57.10,66.70,100.00,100.00
2026-05-16T05:38:21.018280,55.60,77.80,100.00,100.00
2026-05-16T05:38:21.122084,62.50,66.70,100.00,100.00
2026-05-16T05:38:21.228726,55.60,77.80,100.00,100.00
2026-05-16T05:38:21.332779,62.50,70.00,100.00,100.00
2026-05-16T05:38:21.436945,60.00,75.00,100.00,100.00
2026-05-16T05:38:21.541485,57.10,70.00,100.00,100.00
2026-05-16T05:38:21.646690,55.60,75.00,100.00,100.00
2026-05-16T05:38:21.752442,62.50,66.70,100.00,100.00
2026-05-16T05:38:21.856797,80.00,77.80,100.00,100.00
2026-05-16T05:38:21.961096,66.70,80.00,100.00,100.00
2026-05-16T05:38:22.068538,66.70,77.80,100.00,100.00
2026-05-16T05:38:22.173105,62.50,80.00,100.00,100.00
2026-05-16T05:38:22.277804,62.50,75.00,100.00,100.00
2026-05-16T05:38:22.382163,62.50,81.80,100.00,100.00
2026-05-16T05:38:22.486635,55.60,62.50,100.00,100.00
2026-05-16T05:38:22.590673,70.00,75.00,100.00,100.00
2026-05-16T05:38:22.695323,50.00,80.00,100.00,100.00
2026-05-16T05:38:22.800707,62.50,70.00,100.00,100.00
2026-05-16T05:38:22.905217,66.70,62.50,100.00,100.00
2026-05-16T05:38:23.009993,62.50,77.80,100.00,100.00
2026-05-16T05:38:23.115591,62.50,80.00,100.00,100.00
2026-05-16T05:38:23.220063,70.00,80.00,100.00,100.00
2026-05-16T05:38:23.325347,62.50,77.80,100.00,100.00
2026-05-16T05:38:23.430508,55.60,70.00,100.00,100.00
2026-05-16T05:38:23.534962,62.50,77.80,100.00,100.00
2026-05-16T05:38:23.639405,66.70,70.00,100.00,100.00
2026-05-16T05:38:23.743487,55.60,75.00,100.00,100.00
2026-05-16T05:38:23.847405,50.00,66.70,100.00,100.00
2026-05-16T05:38:23.951664,66.70,66.70,100.00,100.00
2026-05-16T05:38:24.055922,62.50,70.00,100.00,100.00
2026-05-16T05:38:24.160715,50.00,77.80,100.00,100.00
2026-05-16T05:38:24.267277,60.00,77.80,100.00,100.00
2026-05-16T05:38:24.371652,75.00,77.80,100.00,100.00
2026-05-16T05:38:24.475988,60.00,66.70,100.00,100.00
2026-05-16T05:38:24.581421,66.70,80.00,100.00,100.00
2026-05-16T05:38:24.685612,50.00,90.00,100.00,100.00
2026-05-16T05:38:24.790422,70.00,62.50,100.00,100.00
2026-05-16T05:38:24.896398,62.50,66.70,100.00,100.00
2026-05-16T05:38:25.001084,60.00,70.00,100.00,100.00
2026-05-16T05:38:25.106797,57.10,71.40,100.00,100.00
2026-05-16T05:38:25.211681,62.50,70.00,100.00,100.00
2026-05-16T05:38:25.318824,70.00,70.00,100.00,100.00
2026-05-16T05:38:25.423775,66.70,62.50,100.00,100.00
2026-05-16T05:38:25.527963,57.10,75.00,100.00,100.00
2026-05-16T05:38:25.632277,60.00,66.70,100.00,100.00
2026-05-16T05:38:25.737934,77.80,70.00,100.00,100.00
2026-05-16T05:38:25.843817,66.70,75.00,100.00,100.00
2026-05-16T05:38:25.949548,66.70,70.00,100.00,100.00
2026-05-16T05:38:26.055373,77.80,80.00,100.00,100.00
2026-05-16T05:38:26.160867,66.70,75.00,100.00,100.00
2026-05-16T05:38:26.269388,77.80,80.00,100.00,100.00
2026-05-16T05:38:26.375373,70.00,70.00,100.00,100.00
2026-05-16T05:38:26.480746,66.70,75.00,100.00,100.00
2026-05-16T05:38:26.586354,66.70,66.70,100.00,100.00
2026-05-16T05:38:26.691896,66.70,66.70,100.00,100.00
2026-05-16T05:38:26.799069,77.80,77.80,100.00,100.00
2026-05-16T05:38:26.904634,66.70,77.80,100.00,100.00
2026-05-16T05:38:27.010720,70.00,72.70,100.00,100.00
2026-05-16T05:38:27.116835,77.80,77.80,100.00,100.00
2026-05-16T05:38:27.221943,70.00,80.00,100.00,100.00
2026-05-16T05:38:27.326317,77.80,90.00,100.00,100.00
2026-05-16T05:38:27.430950,62.50,80.00,100.00,100.00
2026-05-16T05:38:27.535415,70.00,77.80,100.00,100.00
2026-05-16T05:38:27.639841,57.10,70.00,100.00,100.00
2026-05-16T05:38:27.747361,70.00,75.00,100.00,100.00
2026-05-16T05:38:27.851394,55.60,81.80,100.00,100.00
2026-05-16T05:38:27.955959,77.80,77.80,100.00,100.00
2026-05-16T05:38:28.060973,66.70,70.00,100.00,100.00
2026-05-16T05:38:28.166515,70.00,77.80,100.00,100.00
2026-05-16T05:38:28.271711,62.50,75.00,100.00,100.00
2026-05-16T05:38:28.375797,60.00,66.70,100.00,100.00
2026-05-16T05:38:28.480887,62.50,70.00,100.00,100.00
2026-05-16T05:38:28.585712,62.50,62.50,100.00,100.00
2026-05-16T05:38:28.689979,60.00,77.80,100.00,100.00
2026-05-16T05:38:28.794164,75.00,80.00,100.00,100.00
2026-05-16T05:38:28.899069,66.70,80.00,100.00,100.00
2026-05-16T05:38:29.006318,66.70,77.80,100.00,100.00
2026-05-16T05:38:29.111231,66.70,70.00,100.00,100.00
2026-05-16T05:38:29.215665,60.00,62.50,100.00,100.00
2026-05-16T05:38:29.320269,62.50,77.80,100.00,100.00
2026-05-16T05:38:29.425865,62.50,70.00,100.00,100.00
2026-05-16T05:38:29.530790,62.50,66.70,100.00,100.00
2026-05-16T05:38:29.636579,66.70,80.00,100.00,100.00
2026-05-16T05:38:29.742691,66.70,75.00,100.00,100.00
2026-05-16T05:38:29.850341,66.70,77.80,100.00,100.00
2026-05-16T05:38:29.954979,77.80,70.00,100.00,100.00
2026-05-16T05:38:30.062742,70.00,80.00,100.00,100.00
2026-05-16T05:38:30.167409,80.00,77.80,100.00,100.00
2026-05-16T05:38:30.271749,71.40,80.00,100.00,100.00
2026-05-16T05:38:30.376141,70.00,87.50,100.00,100.00
2026-05-16T05:38:30.480059,60.00,70.00,100.00,100.00
2026-05-16T05:38:30.587027,62.50,70.00,100.00,100.00
2026-05-16T05:38:30.691398,60.00,75.00,100.00,100.00
2026-05-16T05:38:30.799074,62.50,66.70,100.00,100.00
2026-05-16T05:38:30.904549,70.00,70.00,100.00,100.00
2026-05-16T05:38:31.011716,70.00,80.00,100.00,100.00
2026-05-16T05:38:31.115823,70.00,62.50,100.00,100.00
2026-05-16T05:38:31.221309,66.70,80.00,100.00,100.00
2026-05-16T05:38:31.325266,57.10,66.70,100.00,100.00
2026-05-16T05:38:31.432646,72.70,77.80,100.00,100.00
2026-05-16T05:38:31.536975,62.50,70.00,100.00,100.00
2026-05-16T05:38:31.642907,80.00,80.00,100.00,100.00
2026-05-16T05:38:31.748697,75.00,75.00,100.00,100.00
2026-05-16T05:38:31.856050,70.00,80.00,100.00,100.00
2026-05-16T05:38:31.960589,62.50,80.00,100.00,100.00
2026-05-16T05:38:32.064986,70.00,77.80,100.00,100.00
2026-05-16T05:38:32.169235,77.80,66.70,100.00,100.00
2026-05-16T05:38:32.273539,66.70,77.80,100.00,100.00
2026-05-16T05:38:32.377685,62.50,80.00,100.00,100.00
2026-05-16T05:38:32.486826,66.70,80.00,100.00,100.00
2026-05-16T05:38:32.591030,66.70,77.80,100.00,100.00
2026-05-16T05:38:32.696678,66.70,66.70,100.00,100.00
2026-05-16T05:38:32.802744,55.60,62.50,100.00,100.00
2026-05-16T05:38:32.909465,66.70,70.00,100.00,100.00
2026-05-16T05:38:33.016512,70.00,70.00,100.00,100.00
2026-05-16T05:38:33.122199,62.50,77.80,100.00,100.00
2026-05-16T05:38:33.225735,62.50,62.50,100.00,100.00
2026-05-16T05:38:33.331289,70.00,77.80,100.00,100.00
2026-05-16T05:38:33.436598,70.00,83.30,100.00,100.00
2026-05-16T05:38:33.542510,75.00,77.80,100.00,100.00
2026-05-16T05:38:33.647679,60.00,75.00,100.00,100.00
2026-05-16T05:38:33.752635,70.00,66.70,100.00,100.00
2026-05-16T05:38:33.859717,75.00,66.70,100.00,100.00
2026-05-16T05:38:33.964582,55.60,70.00,100.00,100.00
2026-05-16T05:38:34.070874,62.50,75.00,100.00,100.00
2026-05-16T05:38:34.175294,70.00,66.70,100.00,100.00
2026-05-16T05:38:34.280583,66.70,77.80,100.00,100.00
2026-05-16T05:38:34.384859,62.50,72.70,100.00,100.00
2026-05-16T05:38:34.493580,72.70,81.80,100.00,100.00
2026-05-16T05:38:34.599692,75.00,75.00,100.00,100.00
2026-05-16T05:38:34.703864,70.00,80.00,100.00,100.00
2026-05-16T05:38:34.810335,77.80,77.80,100.00,100.00
2026-05-16T05:38:34.916396,72.70,81.80,100.00,100.00
2026-05-16T05:38:35.023208,75.00,80.00,100.00,100.00
2026-05-16T05:38:35.128639,70.00,80.00,100.00,100.00
2026-05-16T05:38:35.235189,77.80,77.80,100.00,100.00
2026-05-16T05:38:35.342900,80.00,90.00,100.00,100.00
2026-05-16T05:38:35.448026,80.00,77.80,100.00,100.00
2026-05-16T05:38:35.553689,66.70,66.70,100.00,100.00
2026-05-16T05:38:35.660414,70.00,70.00,100.00,100.00
2026-05-16T05:38:35.766147,62.50,66.70,100.00,100.00
2026-05-16T05:38:35.871407,66.70,71.40,100.00,100.00
2026-05-16T05:38:35.976653,62.50,72.70,100.00,100.00
2026-05-16T05:38:36.081431,60.00,70.00,100.00,100.00
2026-05-16T05:38:36.185894,66.70,75.00,100.00,100.00
2026-05-16T05:38:36.291727,66.70,77.80,100.00,100.00
2026-05-16T05:38:36.396412,66.70,77.80,100.00,100.00
2026-05-16T05:38:36.501675,70.00,87.50,100.00,100.00
2026-05-16T05:38:36.609283,66.70,75.00,100.00,100.00
2026-05-16T05:38:36.714693,80.00,77.80,100.00,100.00
2026-05-16T05:38:36.820669,62.50,70.00,100.00,100.00
2026-05-16T05:38:36.925306,66.70,75.00,100.00,100.00
2026-05-16T05:38:37.030919,62.50,66.70,100.00,100.00
2026-05-16T05:38:37.136715,62.50,66.70,100.00,100.00
2026-05-16T05:38:37.242485,66.70,77.80,100.00,100.00
2026-05-16T05:38:37.347261,62.50,66.70,100.00,100.00
2026-05-16T05:38:37.453933,62.50,75.00,100.00,100.00
2026-05-16T05:38:37.559428,55.60,72.70,100.00,100.00
2026-05-16T05:38:37.663486,62.50,62.50,100.00,100.00
2026-05-16T05:38:37.767887,70.00,77.80,100.00,100.00
2026-05-16T05:38:37.872891,62.50,66.70,100.00,100.00
2026-05-16T05:38:37.978011,62.50,62.50,100.00,100.00
2026-05-16T05:38:38.083534,60.00,62.50,100.00,100.00
2026-05-16T05:38:38.188040,66.70,62.50,100.00,100.00
2026-05-16T05:38:38.296257,66.70,70.00,100.00,100.00
2026-05-16T05:38:38.401951,66.70,70.00,100.00,100.00
2026-05-16T05:38:38.509787,70.00,77.80,100.00,100.00
2026-05-16T05:38:38.615683,62.50,70.00,100.00,100.00
2026-05-16T05:38:38.720252,66.70,71.40,100.00,100.00
2026-05-16T05:38:38.824377,66.70,70.00,100.00,100.00
2026-05-16T05:38:38.928538,55.60,75.00,100.00,100.00
2026-05-16T05:38:39.033294,77.80,80.00,100.00,100.00
2026-05-16T05:38:39.137445,66.70,80.00,100.00,100.00
2026-05-16T05:38:39.243590,66.70,80.00,100.00,100.00
2026-05-16T05:38:39.348820,80.00,80.00,100.00,100.00
2026-05-16T05:38:39.453625,66.70,77.80,100.00,100.00
2026-05-16T05:38:39.558050,66.70,80.00,100.00,100.00
2026-05-16T05:38:39.664495,66.70,80.00,100.00,100.00
2026-05-16T05:38:39.768695,66.70,80.00,100.00,100.00
2026-05-16T05:38:39.873313,70.00,77.80,100.00,100.00
2026-05-16T05:38:39.979510,75.00,80.00,100.00,100.00
2026-05-16T05:38:40.084271,55.60,66.70,100.00,100.00
2026-05-16T05:38:40.188529,80.00,80.00,100.00,100.00
2026-05-16T05:38:40.293025,62.50,77.80,100.00,100.00
2026-05-16T05:38:40.397450,55.60,57.10,100.00,100.00
2026-05-16T05:38:40.502263,62.50,80.00,100.00,100.00
2026-05-16T05:38:40.612819,70.00,70.00,100.00,100.00
2026-05-16T05:38:40.717919,66.70,72.70,100.00,100.00
2026-05-16T05:38:40.823743,66.70,71.40,100.00,100.00
2026-05-16T05:38:40.929637,62.50,66.70,100.00,100.00
2026-05-16T05:38:41.035284,50.00,66.70,100.00,100.00
2026-05-16T05:38:41.139993,66.70,80.00,100.00,100.00
2026-05-16T05:38:41.244087,66.70,80.00,100.00,100.00
2026-05-16T05:38:41.348555,75.00,80.00,100.00,100.00
2026-05-16T05:38:41.452872,63.60,77.80,100.00,100.00
2026-05-16T05:38:41.557000,66.70,66.70,100.00,100.00
2026-05-16T05:38:41.662438,62.50,70.00,100.00,100.00
2026-05-16T05:38:41.766859,77.80,77.80,100.00,100.00
2026-05-16T05:38:41.874044,70.00,90.00,100.00,100.00
2026-05-16T05:38:41.978266,62.50,70.00,100.00,100.00
2026-05-16T05:38:42.082464,62.50,75.00,100.00,100.00
2026-05-16T05:38:42.186929,55.60,66.70,100.00,100.00
2026-05-16T05:38:42.291226,70.00,66.70,100.00,100.00
2026-05-16T05:38:42.396485,50.00,75.00,100.00,100.00
2026-05-16T05:38:42.501085,70.00,80.00,100.00,100.00
2026-05-16T05:38:42.605127,66.70,80.00,100.00,100.00
2026-05-16T05:38:42.711789,62.50,81.80,100.00,100.00
2026-05-16T05:38:42.816099,66.70,66.70,100.00,100.00
2026-05-16T05:38:42.920449,50.00,80.00,100.00,100.00
2026-05-16T05:38:43.024754,62.50,66.70,100.00,100.00
2026-05-16T05:38:43.129998,70.00,77.80,100.00,100.00
2026-05-16T05:38:43.234421,71.40,80.00,100.00,100.00
2026-05-16T05:38:43.340543,70.00,88.90,100.00,100.00
2026-05-16T05:38:43.447289,66.70,80.00,100.00,100.00
2026-05-16T05:38:43.551615,62.50,77.80,100.00,100.00
2026-05-16T05:38:43.657318,80.00,81.80,100.00,100.00
2026-05-16T05:38:43.761616,70.00,80.00,100.00,100.00
2026-05-16T05:38:43.867311,75.00,77.80,100.00,100.00
2026-05-16T05:38:43.971597,70.00,81.80,100.00,100.00
2026-05-16T05:38:44.077698,77.80,75.00,100.00,100.00
2026-05-16T05:38:44.184744,62.50,70.00,100.00,100.00
2026-05-16T05:38:44.290702,70.00,77.80,100.00,100.00
2026-05-16T05:38:44.395381,77.80,80.00,100.00,100.00
2026-05-16T05:38:44.499391,70.00,75.00,100.00,100.00
2026-05-16T05:38:44.605612,66.70,80.00,100.00,100.00
2026-05-16T05:38:44.710652,77.80,72.70,100.00,100.00
2026-05-16T05:38:44.819782,66.70,77.80,100.00,100.00
2026-05-16T05:38:44.924032,66.70,77.80,100.00,100.00
2026-05-16T05:38:45.029356,77.80,80.00,100.00,100.00
2026-05-16T05:38:45.134712,70.00,77.80,100.00,100.00
2026-05-16T05:38:45.241465,80.00,77.80,100.00,100.00
2026-05-16T05:38:45.347192,72.70,77.80,100.00,100.00
2026-05-16T05:38:45.453505,77.80,81.80,100.00,100.00
2026-05-16T05:38:45.561895,77.80,77.80,100.00,100.00
2026-05-16T05:38:45.667662,66.70,77.80,100.00,100.00
2026-05-16T05:38:45.773934,66.70,66.70,100.00,100.00
2026-05-16T05:38:45.879707,66.70,70.00,100.00,100.00
2026-05-16T05:38:45.983687,70.00,66.70,100.00,100.00
2026-05-16T05:38:46.088255,66.70,70.00,100.00,100.00
2026-05-16T05:38:46.195611,62.50,70.00,100.00,100.00
2026-05-16T05:38:46.300835,72.70,71.40,100.00,100.00
2026-05-16T05:38:46.405678,66.70,70.00,100.00,100.00
2026-05-16T05:38:46.511093,70.00,70.00,100.00,100.00
2026-05-16T05:38:46.616478,80.00,77.80,100.00,100.00
2026-05-16T05:38:46.720838,66.70,80.00,100.00,100.00
2026-05-16T05:38:46.827010,70.00,75.00,100.00,100.00
2026-05-16T05:38:46.932039,57.10,70.00,100.00,100.00
2026-05-16T05:38:47.036447,66.70,62.50,100.00,100.00
2026-05-16T05:38:47.143388,80.00,66.70,100.00,100.00
2026-05-16T05:38:47.247942,50.00,77.80,100.00,100.00
2026-05-16T05:38:47.352561,66.70,70.00,100.00,100.00
2026-05-16T05:38:47.457197,66.70,75.00,100.00,100.00
2026-05-16T05:38:47.563921,55.60,70.00,100.00,100.00
2026-05-16T05:38:47.668566,62.50,77.80,100.00,100.00
2026-05-16T05:38:47.772924,55.60,75.00,100.00,100.00
2026-05-16T05:38:47.877903,70.00,71.40,100.00,100.00
2026-05-16T05:38:47.984641,50.00,66.70,100.00,100.00
2026-05-16T05:38:48.090869,63.60,80.00,100.00,100.00
2026-05-16T05:38:48.197749,62.50,66.70,100.00,100.00
2026-05-16T05:38:48.303608,66.70,70.00,100.00,100.00
2026-05-16T05:38:48.408253,70.00,77.80,100.00,100.00
2026-05-16T05:38:48.514755,80.00,77.80,100.00,100.00
2026-05-16T05:38:48.620521,77.80,77.80,100.00,100.00
2026-05-16T05:38:48.725193,72.70,80.00,100.00,100.00
2026-05-16T05:38:48.829784,77.80,77.80,100.00,100.00
2026-05-16T05:38:48.934555,70.00,80.00,100.00,100.00
2026-05-16T05:38:49.040847,77.80,77.80,100.00,100.00
2026-05-16T05:38:49.146734,66.70,75.00,100.00,100.00
2026-05-16T05:38:49.251246,77.80,88.90,100.00,100.00
2026-05-16T05:38:49.355285,62.50,80.00,100.00,100.00
2026-05-16T05:38:49.459588,50.00,55.60,100.00,100.00
2026-05-16T05:38:49.564391,37.50,50.00,100.00,100.00
2026-05-16T05:38:49.669191,42.90,50.00,100.00,100.00
2026-05-16T05:38:49.773879,37.50,42.90,100.00,100.00
2026-05-16T05:38:49.879224,50.00,55.60,100.00,100.00
2026-05-16T05:38:49.983988,50.00,42.90,100.00,100.00
2026-05-16T05:38:50.091683,50.00,55.60,100.00,100.00
2026-05-16T05:38:50.196605,50.00,50.00,100.00,100.00
2026-05-16T05:38:50.301330,42.90,66.70,100.00,100.00
2026-05-16T05:38:50.407278,42.90,42.90,100.00,100.00
2026-05-16T05:38:50.512307,44.40,55.60,100.00,100.00
2026-05-16T05:38:50.617958,50.00,55.60,100.00,100.00
2026-05-16T05:38:50.722643,44.40,62.50,100.00,100.00
2026-05-16T05:38:50.827713,50.00,50.00,100.00,100.00
2026-05-16T05:38:50.933238,55.60,44.40,100.00,100.00
2026-05-16T05:38:51.038024,37.50,55.60,100.00,100.00
2026-05-16T05:38:51.143002,55.60,42.90,100.00,100.00
2026-05-16T05:38:51.248257,37.50,55.60,100.00,100.00
2026-05-16T05:38:51.353857,44.40,44.40,100.00,100.00
2026-05-16T05:38:51.459033,33.30,50.00,100.00,100.00
2026-05-16T05:38:51.564550,50.00,55.60,100.00,100.00
2026-05-16T05:38:51.669982,44.40,44.40,100.00,100.00
2026-05-16T05:38:51.775799,16.70,33.30,100.00,100.00
2026-05-16T05:38:51.880952,44.40,44.40,100.00,100.00
2026-05-16T05:38:51.985898,28.60,50.00,100.00,100.00
2026-05-16T05:38:52.092400,44.40,28.60,100.00,100.00
2026-05-16T05:38:52.197727,28.60,50.00,100.00,100.00
2026-05-16T05:38:52.303652,37.50,42.90,100.00,100.00
2026-05-16T05:38:52.408639,28.60,28.60,100.00,100.00
2026-05-16T05:38:52.512823,37.50,37.50,100.00,100.00
2026-05-16T05:38:52.618217,37.50,50.00,100.00,100.00
2026-05-16T05:38:52.723842,44.40,42.90,100.00,100.00
2026-05-16T05:38:52.829228,50.00,44.40,100.00,100.00
2026-05-16T05:38:52.934876,42.90,50.00,100.00,100.00
2026-05-16T05:38:53.040431,44.40,55.60,100.00,100.00
2026-05-16T05:38:53.145781,42.90,42.90,100.00,100.00
2026-05-16T05:38:53.251427,44.40,55.60,100.00,100.00
2026-05-16T05:38:53.357222,42.90,50.00,100.00,100.00
2026-05-16T05:38:53.462911,37.50,50.00,100.00,100.00
2026-05-16T05:38:53.569024,55.60,50.00,100.00,100.00
2026-05-16T05:38:53.673478,50.00,50.00,100.00,100.00
2026-05-16T05:38:53.778388,37.50,44.40,100.00,100.00
2026-05-16T05:38:53.882816,28.60,28.60,100.00,100.00
2026-05-16T05:38:53.987854,44.40,28.60,100.00,100.00
2026-05-16T05:38:54.092630,28.60,44.40,100.00,100.00
2026-05-16T05:38:54.198449,37.50,42.90,100.00,100.00
2026-05-16T05:38:54.307197,37.50,44.40,100.00,100.00
2026-05-16T05:38:54.412271,37.50,50.00,100.00,100.00
2026-05-16T05:38:54.517165,50.00,37.50,100.00,100.00
2026-05-16T05:38:54.622467,37.50,42.90,100.00,100.00
2026-05-16T05:38:54.728238,55.60,66.70,100.00,100.00
2026-05-16T05:38:54.833932,42.90,37.50,100.00,100.00
2026-05-16T05:38:54.939022,37.50,50.00,100.00,100.00
2026-05-16T05:38:55.044706,50.00,37.50,100.00,100.00
2026-05-16T05:38:55.150569,28.60,42.90,100.00,100.00
2026-05-16T05:38:55.256869,55.60,37.50,100.00,100.00
2026-05-16T05:38:55.361987,37.50,55.60,100.00,100.00
2026-05-16T05:38:55.467655,70.00,77.80,100.00,100.00
2026-05-16T05:38:55.572999,42.90,50.00,100.00,100.00
2026-05-16T05:38:55.678870,55.60,50.00,100.00,100.00
2026-05-16T05:38:55.783744,28.60,37.50,100.00,100.00
2026-05-16T05:38:55.889388,55.60,60.00,100.00,100.00
2026-05-16T05:38:55.994326,28.60,42.90,100.00,100.00
2026-05-16T05:38:56.100715,42.90,55.60,100.00,100.00
2026-05-16T05:38:56.206357,44.40,50.00,100.00,100.00
2026-05-16T05:38:56.311085,50.00,42.90,100.00,100.00
2026-05-16T05:38:56.415435,37.50,33.30,100.00,100.00
2026-05-16T05:38:56.521084,28.60,50.00,100.00,100.00
2026-05-16T05:38:56.625187,50.00,50.00,100.00,100.00
2026-05-16T05:38:56.730060,25.00,55.60,100.00,100.00
2026-05-16T05:38:56.834292,50.00,55.60,100.00,100.00
2026-05-16T05:38:56.938412,28.60,33.30,100.00,100.00
2026-05-16T05:38:57.042828,37.50,44.40,100.00,100.00
2026-05-16T05:38:57.146856,44.40,57.10,100.00,100.00
2026-05-16T05:38:57.252021,33.30,42.90,100.00,100.00
2026-05-16T05:38:57.357726,44.40,55.60,100.00,100.00
2026-05-16T05:38:57.462236,50.00,42.90,100.00,100.00
2026-05-16T05:38:57.566919,37.50,50.00,100.00,100.00
2026-05-16T05:38:57.671329,28.60,50.00,100.00,100.00
2026-05-16T05:38:57.777155,42.90,62.50,100.00,100.00
2026-05-16T05:38:57.881803,55.60,44.40,100.00,100.00
2026-05-16T05:38:57.986256,28.60,50.00,100.00,100.00
2026-05-16T05:38:58.090552,44.40,57.10,100.00,100.00
2026-05-16T05:38:58.196242,42.90,50.00,100.00,100.00
2026-05-16T05:38:58.300828,44.40,55.60,100.00,100.00
2026-05-16T05:38:58.406047,37.50,44.40,100.00,100.00
2026-05-16T05:38:58.510525,42.90,50.00,100.00,100.00
2026-05-16T05:38:58.615641,37.50,44.40,100.00,100.00
2026-05-16T05:38:58.721216,44.40,42.90,100.00,100.00
2026-05-16T05:38:58.826266,37.50,44.40,100.00,100.00
2026-05-16T05:38:58.931681,28.60,16.70,100.00,100.00
2026-05-16T05:38:59.037194,44.40,50.00,100.00,100.00
2026-05-16T05:38:59.142818,33.30,37.50,100.00,100.00
2026-05-16T05:38:59.247429,37.50,50.00,100.00,100.00
2026-05-16T05:38:59.351751,50.00,44.40,100.00,100.00
2026-05-16T05:38:59.456952,37.50,42.90,100.00,100.00
2026-05-16T05:38:59.561802,50.00,37.50,100.00,100.00
2026-05-16T05:38:59.666902,37.50,33.30,100.00,100.00
2026-05-16T05:38:59.771834,37.50,44.40,100.00,100.00
2026-05-16T05:38:59.875967,28.60,44.40,100.00,100.00
2026-05-16T05:38:59.980292,37.50,28.60,100.00,100.00
2026-05-16T05:39:00.084708,37.50,42.90,100.00,100.00
2026-05-16T05:39:00.189502,37.50,44.40,100.00,100.00
2026-05-16T05:39:00.293584,42.90,42.90,100.00,100.00
2026-05-16T05:39:00.398722,44.40,50.00,100.00,100.00
2026-05-16T05:39:00.503231,44.40,50.00,100.00,100.00
2026-05-16T05:39:00.609383,50.00,44.40,100.00,100.00
2026-05-16T05:39:00.714738,37.50,42.90,100.00,100.00
2026-05-16T05:39:00.819824,37.50,44.40,100.00,100.00
2026-05-16T05:39:00.924412,28.60,44.40,100.00,100.00
2026-05-16T05:39:01.029539,37.50,28.60,100.00,100.00
2026-05-16T05:39:01.133887,28.60,50.00,100.00,100.00
2026-05-16T05:39:01.239151,50.00,44.40,100.00,100.00
2026-05-16T05:39:01.343618,28.60,42.90,100.00,100.00
2026-05-16T05:39:01.448334,37.50,37.50,100.00,100.00
2026-05-16T05:39:01.554063,37.50,44.40,100.00,100.00
2026-05-16T05:39:01.660016,44.40,42.90,100.00,100.00
2026-05-16T05:39:01.764287,28.60,50.00,100.00,100.00
2026-05-16T05:39:01.869790,37.50,33.30,100.00,100.00
2026-05-16T05:39:01.974829,42.90,28.60,100.00,100.00
2026-05-16T05:39:02.079450,37.50,50.00,100.00,100.00
2026-05-16T05:39:02.184295,44.40,37.50,100.00,100.00
2026-05-16T05:39:02.289965,28.60,37.50,100.00,100.00
2026-05-16T05:39:02.395269,44.40,42.90,100.00,100.00
2026-05-16T05:39:02.500241,37.50,44.40,100.00,100.00
2026-05-16T05:39:02.606586,37.50,50.00,100.00,100.00
2026-05-16T05:39:02.711452,37.50,50.00,100.00,100.00
2026-05-16T05:39:02.816197,37.50,42.90,100.00,100.00
2026-05-16T05:39:02.920476,55.60,44.40,100.00,100.00
2026-05-16T05:39:03.024675,37.50,55.60,100.00,100.00
2026-05-16T05:39:03.128541,44.40,50.00,100.00,100.00
2026-05-16T05:39:03.233081,50.00,60.00,100.00,100.00
2026-05-16T05:39:03.339344,55.60,50.00,100.00,100.00
2026-05-16T05:39:03.444632,44.40,55.60,100.00,100.00
2026-05-16T05:39:03.550557,55.60,50.00,100.00,100.00
2026-05-16T05:39:03.656271,42.90,55.60,100.00,100.00
2026-05-16T05:39:03.762629,37.50,50.00,100.00,100.00
2026-05-16T05:39:03.868414,37.50,28.60,100.00,100.00
2026-05-16T05:39:03.973266,50.00,50.00,100.00,100.00
2026-05-16T05:39:04.077268,16.70,28.60,100.00,100.00
2026-05-16T05:39:04.182603,44.40,44.40,100.00,100.00
2026-05-16T05:39:04.287625,28.60,16.70,100.00,100.00
2026-05-16T05:39:04.391942,44.40,50.00,100.00,100.00
2026-05-16T05:39:04.497291,50.00,44.40,100.00,100.00
2026-05-16T05:39:04.603199,44.40,55.60,100.00,100.00
2026-05-16T05:39:04.708792,42.90,62.50,100.00,100.00
2026-05-16T05:39:04.814558,62.50,42.90,100.00,100.00
2026-05-16T05:39:04.919048,50.00,55.60,100.00,100.00
2026-05-16T05:39:05.024331,66.70,62.50,100.00,100.00
2026-05-16T05:39:05.130953,55.60,63.60,100.00,100.00
2026-05-16T05:39:05.236776,55.60,62.50,100.00,100.00
2026-05-16T05:39:05.341052,62.50,62.50,100.00,100.00
2026-05-16T05:39:05.446470,55.60,66.70,100.00,100.00
2026-05-16T05:39:05.552222,57.10,55.60,100.00,100.00
2026-05-16T05:39:05.658254,60.00,62.50,100.00,100.00
2026-05-16T05:39:05.763230,42.90,55.60,100.00,100.00
2026-05-16T05:39:05.868434,42.90,50.00,100.00,100.00
2026-05-16T05:39:05.973795,50.00,50.00,100.00,100.00
2026-05-16T05:39:06.077950,37.50,50.00,100.00,100.00
2026-05-16T05:39:06.182464,62.50,66.70,100.00,100.00
2026-05-16T05:39:06.287928,50.00,50.00,100.00,100.00
2026-05-16T05:39:06.393785,55.60,70.00,100.00,100.00
2026-05-16T05:39:06.499338,50.00,62.50,100.00,100.00
2026-05-16T05:39:06.606745,55.60,63.60,100.00,100.00
2026-05-16T05:39:06.713271,66.70,57.10,100.00,100.00
2026-05-16T05:39:06.818027,55.60,55.60,100.00,100.00
2026-05-16T05:39:06.924271,42.90,66.70,100.00,100.00
2026-05-16T05:39:07.029281,66.70,62.50,100.00,100.00
2026-05-16T05:39:07.133511,50.00,62.50,100.00,100.00
2026-05-16T05:39:07.238729,55.60,70.00,100.00,100.00
2026-05-16T05:39:07.345025,55.60,70.00,100.00,100.00
2026-05-16T05:39:07.449670,62.50,57.10,100.00,100.00
2026-05-16T05:39:07.555719,50.00,66.70,100.00,100.00
2026-05-16T05:39:07.660845,60.00,70.00,100.00,100.00
2026-05-16T05:39:07.765190,50.00,42.90,100.00,100.00
2026-05-16T05:39:07.869964,60.00,42.90,100.00,100.00
2026-05-16T05:39:07.976088,50.00,55.60,100.00,100.00
2026-05-16T05:39:08.081549,42.90,55.60,100.00,100.00
2026-05-16T05:39:08.185629,50.00,50.00,100.00,100.00
2026-05-16T05:39:08.292015,42.90,60.00,100.00,100.00
2026-05-16T05:39:08.397670,50.00,62.50,100.00,100.00
2026-05-16T05:39:08.501681,55.60,50.00,100.00,100.00
2026-05-16T05:39:08.607411,57.10,66.70,100.00,100.00
2026-05-16T05:39:08.713295,50.00,55.60,100.00,100.00
2026-05-16T05:39:08.818917,55.60,55.60,100.00,100.00
2026-05-16T05:39:08.924025,42.90,50.00,100.00,100.00
2026-05-16T05:39:09.029805,55.60,50.00,100.00,100.00
2026-05-16T05:39:09.135433,44.40,50.00,100.00,100.00
2026-05-16T05:39:09.239475,42.90,60.00,100.00,100.00
2026-05-16T05:39:09.343872,55.60,55.60,100.00,100.00
2026-05-16T05:39:09.448991,42.90,50.00,100.00,100.00
2026-05-16T05:39:09.554527,50.00,50.00,100.00,100.00
2026-05-16T05:39:09.658866,44.40,50.00,100.00,100.00
2026-05-16T05:39:09.763582,42.90,50.00,100.00,100.00
2026-05-16T05:39:09.868010,50.00,33.30,100.00,100.00
2026-05-16T05:39:09.974741,66.70,55.60,100.00,100.00
2026-05-16T05:39:10.080536,42.90,70.00,100.00,100.00
2026-05-16T05:39:10.187200,55.60,50.00,100.00,100.00
2026-05-16T05:39:10.291474,62.50,66.70,100.00,100.00
2026-05-16T05:39:10.397050,55.60,62.50,100.00,100.00
2026-05-16T05:39:10.501540,55.60,66.70,100.00,100.00
2026-05-16T05:39:10.606287,50.00,62.50,100.00,100.00
2026-05-16T05:39:10.710536,37.50,50.00,100.00,100.00
2026-05-16T05:39:10.815517,55.60,66.70,100.00,100.00
2026-05-16T05:39:10.920984,50.00,50.00,100.00,100.00
2026-05-16T05:39:11.026262,55.60,50.00,100.00,100.00
2026-05-16T05:39:11.130813,57.10,50.00,100.00,100.00
2026-05-16T05:39:11.235263,62.50,75.00,100.00,100.00
2026-05-16T05:39:11.340309,55.60,55.60,100.00,100.00
2026-05-16T05:39:11.444807,66.70,66.70,100.00,100.00
2026-05-16T05:39:11.549506,42.90,70.00,100.00,100.00
2026-05-16T05:39:11.655582,55.60,70.00,100.00,100.00
2026-05-16T05:39:11.762488,55.60,42.90,100.00,100.00
2026-05-16T05:39:11.866825,42.90,66.70,100.00,100.00
2026-05-16T05:39:11.972624,62.50,55.60,100.00,100.00
2026-05-16T05:39:12.077415,55.60,55.60,100.00,100.00
2026-05-16T05:39:12.181530,62.50,62.50,100.00,100.00
2026-05-16T05:39:12.285861,42.90,57.10,100.00,100.00
2026-05-16T05:39:12.390057,50.00,55.60,100.00,100.00
2026-05-16T05:39:12.494221,55.60,66.70,100.00,100.00
2026-05-16T05:39:12.598736,33.30,50.00,100.00,100.00
2026-05-16T05:39:12.703611,55.60,66.70,100.00,100.00
2026-05-16T05:39:12.809721,42.90,66.70,100.00,100.00
2026-05-16T05:39:12.914851,55.60,55.60,100.00,100.00
2026-05-16T05:39:13.019395,62.50,66.70,100.00,100.00
2026-05-16T05:39:13.124137,55.60,50.00,100.00,100.00
2026-05-16T05:39:13.230595,50.00,66.70,100.00,100.00
2026-05-16T05:39:13.335171,55.60,55.60,100.00,100.00
2026-05-16T05:39:13.441530,28.60,42.90,100.00,100.00
2026-05-16T05:39:13.546709,50.00,55.60,100.00,100.00
2026-05-16T05:39:13.650947,55.60,55.60,100.00,100.00
2026-05-16T05:39:13.755965,50.00,50.00,100.00,100.00
2026-05-16T05:39:13.861832,50.00,37.50,100.00,100.00
2026-05-16T05:39:13.966181,44.40,55.60,100.00,100.00
2026-05-16T05:39:14.070884,50.00,55.60,100.00,100.00
2026-05-16T05:39:14.176342,50.00,42.90,100.00,100.00
2026-05-16T05:39:14.281270,55.60,50.00,100.00,100.00
2026-05-16T05:39:14.385663,42.90,55.60,100.00,100.00
2026-05-16T05:39:14.489813,37.50,57.10,100.00,100.00
2026-05-16T05:39:14.593991,55.60,42.90,100.00,100.00
2026-05-16T05:39:14.697868,50.00,50.00,100.00,100.00
2026-05-16T05:39:14.803907,37.50,62.50,100.00,100.00
2026-05-16T05:39:14.907978,60.00,50.00,100.00,100.00
2026-05-16T05:39:15.012133,50.00,66.70,100.00,100.00
2026-05-16T05:39:15.116838,57.10,62.50,100.00,100.00
2026-05-16T05:39:15.220837,44.40,55.60,100.00,100.00
2026-05-16T05:39:15.325628,55.60,66.70,100.00,100.00
2026-05-16T05:39:15.433272,66.70,50.00,100.00,100.00
2026-05-16T05:39:15.538662,50.00,80.00,100.00,100.00
2026-05-16T05:39:15.643804,66.70,42.90,100.00,100.00
2026-05-16T05:39:15.748998,50.00,70.00,100.00,100.00
2026-05-16T05:39:15.854203,42.90,50.00,100.00,100.00
2026-05-16T05:39:15.958690,44.40,37.50,100.00,100.00
2026-05-16T05:39:16.063425,50.00,50.00,100.00,100.00
2026-05-16T05:39:16.168473,42.90,50.00,100.00,100.00
2026-05-16T05:39:16.272714,55.60,50.00,100.00,100.00
2026-05-16T05:39:16.377462,37.50,55.60,100.00,100.00
2026-05-16T05:39:16.482282,55.60,50.00,100.00,100.00
2026-05-16T05:39:16.588673,37.50,50.00,100.00,100.00
2026-05-16T05:39:16.692921,50.00,50.00,100.00,100.00
2026-05-16T05:39:16.798189,42.90,42.90,100.00,100.00
2026-05-16T05:39:16.902686,50.00,50.00,100.00,100.00
2026-05-16T05:39:17.007582,42.90,50.00,100.00,100.00
2026-05-16T05:39:17.112719,50.00,55.60,100.00,100.00
2026-05-16T05:39:17.218476,55.60,50.00,100.00,100.00
2026-05-16T05:39:17.323539,42.90,55.60,100.00,100.00
2026-05-16T05:39:17.428460,50.00,42.90,100.00,100.00
2026-05-16T05:39:17.532958,42.90,55.60,100.00,100.00
2026-05-16T05:39:17.637845,50.00,50.00,100.00,100.00
2026-05-16T05:39:17.742270,55.60,55.60,100.00,100.00
2026-05-16T05:39:17.846999,50.00,37.50,100.00,100.00
2026-05-16T05:39:17.951664,42.90,55.60,100.00,100.00
2026-05-16T05:39:18.056312,44.40,50.00,100.00,100.00
2026-05-16T05:39:18.161556,50.00,50.00,100.00,100.00
2026-05-16T05:39:18.265869,50.00,55.60,100.00,100.00
2026-05-16T05:39:18.370907,37.50,55.60,100.00,100.00
2026-05-16T05:39:18.475672,50.00,62.50,100.00,100.00
2026-05-16T05:39:18.580552,50.00,55.60,100.00,100.00
2026-05-16T05:39:18.684636,42.90,50.00,100.00,100.00
2026-05-16T05:39:18.789835,50.00,55.60,100.00,100.00
2026-05-16T05:39:18.895549,50.00,55.60,100.00,100.00
2026-05-16T05:39:19.001022,50.00,33.30,100.00,100.00
2026-05-16T05:39:19.106026,44.40,55.60,100.00,100.00
2026-05-16T05:39:19.210737,42.90,42.90,100.00,100.00
2026-05-16T05:39:19.314729,42.90,50.00,100.00,100.00
2026-05-16T05:39:19.418968,55.60,55.60,100.00,100.00
2026-05-16T05:39:19.523338,25.00,28.60,100.00,100.00
2026-05-16T05:39:19.628087,25.00,14.30,100.00,100.00
2026-05-16T05:39:19.732998,25.00,25.00,100.00,100.00
2026-05-16T05:39:19.839010,25.00,25.00,100.00,100.00
2026-05-16T05:39:19.943738,14.30,28.60,100.00,100.00
2026-05-16T05:39:20.048182,25.00,25.00,100.00,100.00
2026-05-16T05:39:20.152816,14.30,14.30,100.00,100.00
2026-05-16T05:39:20.257455,25.00,33.30,100.00,100.00
2026-05-16T05:39:20.362383,14.30,14.30,100.00,100.00
2026-05-16T05:39:20.467055,14.30,37.50,100.00,100.00
2026-05-16T05:39:20.571948,25.00,14.30,100.00,100.00
2026-05-16T05:39:20.676648,25.00,14.30,100.00,100.00
2026-05-16T05:39:20.780441,25.00,16.70,100.00,100.00
2026-05-16T05:39:20.885831,14.30,25.00,100.00,100.00
2026-05-16T05:39:20.989689,14.30,14.30,100.00,100.00
2026-05-16T05:39:21.094659,25.00,33.30,100.00,100.00
2026-05-16T05:39:21.199253,25.00,16.70,100.00,100.00
2026-05-16T05:39:21.303954,25.00,40.00,100.00,100.00
2026-05-16T05:39:21.408968,28.60,16.70,100.00,100.00
2026-05-16T05:39:21.514739,33.30,25.00,100.00,100.00
2026-05-16T05:39:21.620122,33.30,25.00,100.00,100.00
2026-05-16T05:39:21.725316,14.30,28.60,100.00,100.00
2026-05-16T05:39:21.830339,37.50,37.50,100.00,100.00
2026-05-16T05:39:21.934733,0.00,0.00,100.00,100.00
2026-05-16T05:39:22.039188,33.30,28.60,100.00,100.00
2026-05-16T05:39:22.143794,25.00,25.00,100.00,100.00
2026-05-16T05:39:22.248209,14.30,33.30,100.00,100.00
2026-05-16T05:39:22.352776,22.20,14.30,100.00,100.00
2026-05-16T05:39:22.456948,14.30,14.30,100.00,100.00
2026-05-16T05:39:22.561773,40.00,25.00,100.00,100.00
2026-05-16T05:39:22.665412,0.00,14.30,100.00,100.00
2026-05-16T05:39:22.770085,30.00,16.70,100.00,100.00
2026-05-16T05:39:22.874700,14.30,14.30,100.00,100.00
2026-05-16T05:39:22.978984,33.30,25.00,100.00,100.00
2026-05-16T05:39:23.083258,14.30,25.00,100.00,100.00
2026-05-16T05:39:23.187214,0.00,14.30,100.00,100.00
2026-05-16T05:39:23.291649,25.00,33.30,100.00,100.00
2026-05-16T05:39:23.396062,37.50,37.50,100.00,100.00
2026-05-16T05:39:23.500084,12.50,14.30,100.00,100.00
2026-05-16T05:39:23.604098,25.00,25.00,100.00,100.00
2026-05-16T05:39:23.708650,14.30,25.00,100.00,100.00
2026-05-16T05:39:23.812836,25.00,14.30,100.00,100.00
2026-05-16T05:39:23.922347,30.00,14.30,100.00,100.00
2026-05-16T05:39:24.026391,14.30,25.00,100.00,100.00
2026-05-16T05:39:24.130419,14.30,16.70,100.00,100.00
2026-05-16T05:39:24.234605,33.30,33.30,100.00,100.00
2026-05-16T05:39:24.338918,25.00,14.30,100.00,100.00
2026-05-16T05:39:24.442932,0.00,25.00,100.00,100.00
2026-05-16T05:39:24.546968,33.30,44.40,100.00,100.00
2026-05-16T05:39:24.650860,14.30,0.00,100.00,100.00
2026-05-16T05:39:24.756249,33.30,25.00,100.00,100.00
2026-05-16T05:39:24.861928,25.00,28.60,100.00,100.00
2026-05-16T05:39:24.965803,25.00,33.30,100.00,100.00
2026-05-16T05:39:25.070337,22.20,14.30,100.00,100.00
2026-05-16T05:39:25.174651,14.30,28.60,100.00,100.00
2026-05-16T05:39:25.279447,25.00,25.00,100.00,100.00
2026-05-16T05:39:25.383547,25.00,25.00,100.00,100.00
2026-05-16T05:39:25.488080,37.50,28.60,100.00,100.00
2026-05-16T05:39:25.592185,33.30,33.30,100.00,100.00
2026-05-16T05:39:25.696301,22.20,14.30,100.00,100.00
2026-05-16T05:39:25.800473,14.30,14.30,100.00,100.00
2026-05-16T05:39:25.904729,14.30,25.00,100.00,100.00
2026-05-16T05:39:26.008934,22.20,25.00,100.00,100.00
2026-05-16T05:39:26.113404,14.30,0.00,100.00,100.00
2026-05-16T05:39:26.217239,25.00,33.30,100.00,100.00
2026-05-16T05:39:26.321364,12.50,14.30,100.00,100.00
2026-05-16T05:39:26.425835,37.50,16.70,100.00,100.00
2026-05-16T05:39:26.530782,25.00,25.00,100.00,100.00
2026-05-16T05:39:26.635531,22.20,16.70,100.00,100.00
2026-05-16T05:39:26.739482,14.30,14.30,100.00,100.00
2026-05-16T05:39:26.843809,25.00,25.00,100.00,100.00
2026-05-16T05:39:26.948252,12.50,25.00,100.00,100.00
2026-05-16T05:39:27.052121,25.00,14.30,100.00,100.00
2026-05-16T05:39:27.156529,14.30,14.30,100.00,100.00
2026-05-16T05:39:27.260907,25.00,33.30,100.00,100.00
2026-05-16T05:39:27.364899,12.50,25.00,100.00,100.00
2026-05-16T05:39:27.469812,25.00,14.30,100.00,100.00
2026-05-16T05:39:27.573890,12.50,25.00,100.00,100.00
2026-05-16T05:39:27.678205,14.30,25.00,100.00,100.00
2026-05-16T05:39:27.782989,25.00,25.00,100.00,100.00
2026-05-16T05:39:27.887310,22.20,0.00,100.00,100.00
2026-05-16T05:39:27.991508,33.30,33.30,100.00,100.00
2026-05-16T05:39:28.096339,25.00,0.00,100.00,100.00
2026-05-16T05:39:28.200848,0.00,25.00,100.00,100.00
2026-05-16T05:39:28.304743,25.00,25.00,100.00,100.00
2026-05-16T05:39:28.409616,33.30,37.50,100.00,100.00
2026-05-16T05:39:28.513702,14.30,14.30,100.00,100.00
2026-05-16T05:39:28.617888,25.00,25.00,100.00,100.00
2026-05-16T05:39:28.722512,25.00,28.60,100.00,100.00
2026-05-16T05:39:28.826743,25.00,25.00,100.00,100.00
2026-05-16T05:39:28.930840,25.00,25.00,100.00,100.00
2026-05-16T05:39:29.035651,25.00,16.70,100.00,100.00
2026-05-16T05:39:29.139993,28.60,33.30,100.00,100.00
2026-05-16T05:39:29.245469,25.00,28.60,100.00,100.00
2026-05-16T05:39:29.350449,25.00,33.30,100.00,100.00
2026-05-16T05:39:29.455077,33.30,37.50,100.00,100.00
2026-05-16T05:39:29.559168,25.00,14.30,100.00,100.00
2026-05-16T05:39:29.663332,25.00,14.30,100.00,100.00
2026-05-16T05:39:29.767449,12.50,25.00,100.00,100.00
2026-05-16T05:39:29.871435,33.30,25.00,100.00,100.00
2026-05-16T05:39:29.975351,25.00,25.00,100.00,100.00
2026-05-16T05:39:30.079218,14.30,14.30,100.00,100.00
2026-05-16T05:39:30.182986,25.00,14.30,100.00,100.00
2026-05-16T05:39:30.287503,14.30,28.60,100.00,100.00
2026-05-16T05:39:30.391303,33.30,25.00,100.00,100.00
2026-05-16T05:39:30.495524,25.00,12.50,100.00,100.00
2026-05-16T05:39:30.599309,25.00,16.70,100.00,100.00
2026-05-16T05:39:30.703604,25.00,25.00,100.00,100.00
2026-05-16T05:39:30.807883,12.50,14.30,100.00,100.00
2026-05-16T05:39:30.912041,25.00,25.00,100.00,100.00
2026-05-16T05:39:31.016711,33.30,14.30,100.00,100.00
2026-05-16T05:39:31.121233,14.30,25.00,100.00,100.00
2026-05-16T05:39:31.227088,33.30,28.60,100.00,100.00
2026-05-16T05:39:31.331647,25.00,33.30,100.00,100.00
2026-05-16T05:39:31.435349,25.00,0.00,100.00,100.00
2026-05-16T05:39:31.538858,14.30,25.00,100.00,100.00
2026-05-16T05:39:31.642714,25.00,25.00,100.00,100.00
2026-05-16T05:39:31.746918,30.00,14.30,100.00,100.00
2026-05-16T05:39:31.851293,25.00,25.00,100.00,100.00
2026-05-16T05:39:31.956750,14.30,14.30,100.00,100.00
2026-05-16T05:39:32.061438,33.30,28.60,100.00,100.00
2026-05-16T05:39:32.166178,25.00,25.00,100.00,100.00
2026-05-16T05:39:32.270546,25.00,14.30,100.00,100.00
2026-05-16T05:39:32.374721,25.00,25.00,100.00,100.00
2026-05-16T05:39:32.480272,14.30,37.50,100.00,100.00
2026-05-16T05:39:32.585438,33.30,25.00,100.00,100.00
2026-05-16T05:39:32.689386,25.00,33.30,100.00,100.00
2026-05-16T05:39:32.793459,33.30,0.00,100.00,100.00
2026-05-16T05:39:33.249470,64.90,64.90,100.00,75.00
2026-05-16T05:39:33.353885,22.20,28.60,100.00,100.00
2026-05-16T05:39:33.457979,28.60,33.30,100.00,100.00
2026-05-16T05:39:33.561935,22.20,16.70,100.00,100.00
2026-05-16T05:39:33.666691,16.70,28.60,100.00,100.00
2026-05-16T05:39:33.770629,33.30,37.50,100.00,100.00
2026-05-16T05:39:33.874622,14.30,14.30,100.00,100.00
2026-05-16T05:39:33.978927,25.00,25.00,100.00,100.00
2026-05-16T05:39:34.083022,33.30,33.30,100.00,100.00
2026-05-16T05:39:34.187753,14.30,14.30,100.00,100.00
2026-05-16T05:39:34.291965,22.20,25.00,100.00,100.00
2026-05-16T05:39:34.395848,14.30,14.30,100.00,100.00
2026-05-16T05:39:34.501549,66.70,50.00,100.00,100.00
2026-05-16T05:39:34.608071,75.00,77.80,100.00,100.00
2026-05-16T05:39:34.712679,70.00,66.70,100.00,100.00
2026-05-16T05:39:34.818873,70.00,77.80,100.00,100.00
2026-05-16T05:39:34.924267,77.80,66.70,100.00,100.00
2026-05-16T05:39:35.030028,70.00,80.00,100.00,100.00
2026-05-16T05:39:35.136601,75.00,80.00,100.00,100.00
2026-05-16T05:39:35.243476,77.80,88.90,100.00,100.00
2026-05-16T05:39:35.349888,81.80,81.80,100.00,100.00
2026-05-16T05:39:35.454083,80.00,75.00,100.00,100.00
2026-05-16T05:39:35.559327,90.00,90.00,100.00,100.00
2026-05-16T05:39:35.664908,70.00,70.00,100.00,100.00
2026-05-16T05:39:35.770211,75.00,75.00,100.00,100.00
2026-05-16T05:39:35.875240,70.00,62.50,100.00,100.00
2026-05-16T05:39:35.979890,77.80,70.00,100.00,100.00
2026-05-16T05:39:36.086801,70.00,80.00,100.00,100.00
2026-05-16T05:39:36.193617,66.70,77.80,100.00,100.00
2026-05-16T05:39:36.300294,70.00,70.00,100.00,100.00
2026-05-16T05:39:36.408070,80.00,80.00,100.00,100.00
2026-05-16T05:39:36.512427,77.80,81.80,100.00,100.00
2026-05-16T05:39:36.618011,77.80,87.50,100.00,100.00
2026-05-16T05:39:36.723700,77.80,81.80,100.00,100.00
2026-05-16T05:39:36.828967,83.30,66.70,100.00,100.00
2026-05-16T05:39:36.933899,87.50,75.00,100.00,100.00
2026-05-16T05:39:37.041243,81.80,80.00,100.00,100.00
2026-05-16T05:39:37.146060,75.00,81.80,100.00,100.00
2026-05-16T05:39:37.252032,77.80,90.00,100.00,100.00
2026-05-16T05:39:37.359837,80.00,75.00,100.00,100.00
2026-05-16T05:39:37.465805,80.00,80.00,100.00,100.00
2026-05-16T05:39:37.570911,70.00,80.00,100.00,100.00
2026-05-16T05:39:37.675285,80.00,77.80,100.00,100.00
2026-05-16T05:39:37.781320,77.80,88.90,100.00,100.00
2026-05-16T05:39:37.889249,81.80,72.70,100.00,100.00
2026-05-16T05:39:37.994812,77.80,77.80,100.00,100.00
2026-05-16T05:39:38.100816,80.00,88.90,100.00,100.00
2026-05-16T05:39:38.207083,80.00,80.00,100.00,100.00
2026-05-16T05:39:38.313862,77.80,80.00,100.00,100.00
2026-05-16T05:39:38.418354,81.80,88.90,100.00,100.00
2026-05-16T05:39:38.523575,77.80,77.80,100.00,100.00
2026-05-16T05:39:38.631020,80.00,90.90,100.00,100.00
2026-05-16T05:39:38.735190,66.70,75.00,100.00,100.00
2026-05-16T05:39:38.840776,70.00,70.00,100.00,100.00
2026-05-16T05:39:38.946706,66.70,66.70,100.00,100.00
2026-05-16T05:39:39.053476,77.80,90.00,100.00,100.00
2026-05-16T05:39:39.158026,77.80,75.00,100.00,100.00
2026-05-16T05:39:39.264581,72.70,80.00,100.00,100.00
2026-05-16T05:39:39.368912,75.00,77.80,100.00,100.00
2026-05-16T05:39:39.476569,80.00,90.00,100.00,100.00
2026-05-16T05:39:39.581615,80.00,77.80,100.00,100.00
2026-05-16T05:39:39.686801,66.70,77.80,100.00,100.00
2026-05-16T05:39:39.790613,77.80,77.80,100.00,100.00
2026-05-16T05:39:39.896705,70.00,66.70,100.00,100.00
2026-05-16T05:39:40.000919,70.00,75.00,100.00,100.00
2026-05-16T05:39:40.106225,62.50,75.00,100.00,100.00
2026-05-16T05:39:40.211366,80.00,77.80,100.00,100.00
2026-05-16T05:39:40.318448,80.00,81.80,100.00,100.00
2026-05-16T05:39:40.423132,77.80,90.00,100.00,100.00
2026-05-16T05:39:40.528611,72.70,77.80,100.00,100.00
2026-05-16T05:39:40.632556,75.00,77.80,100.00,100.00
2026-05-16T05:39:40.737031,66.70,77.80,100.00,100.00
2026-05-16T05:39:40.841990,66.70,80.00,100.00,100.00
2026-05-16T05:39:40.948251,80.00,88.90,100.00,100.00
2026-05-16T05:39:41.054746,80.00,81.80,100.00,100.00
2026-05-16T05:39:41.160618,70.00,85.70,100.00,100.00
2026-05-16T05:39:41.267827,75.00,90.90,100.00,100.00
2026-05-16T05:39:41.373952,66.70,80.00,100.00,100.00
2026-05-16T05:39:41.482399,81.80,80.00,100.00,100.00
2026-05-16T05:39:41.589672,77.80,90.90,100.00,100.00
2026-05-16T05:39:41.696862,80.00,77.80,100.00,100.00
2026-05-16T05:39:41.800987,77.80,77.80,100.00,100.00
2026-05-16T05:39:41.907857,70.00,90.00,100.00,100.00
2026-05-16T05:39:42.012205,77.80,66.70,100.00,100.00
2026-05-16T05:39:42.118333,70.00,66.70,100.00,100.00
2026-05-16T05:39:42.224172,70.00,77.80,100.00,100.00
2026-05-16T05:39:42.329478,77.80,72.70,100.00,100.00
2026-05-16T05:39:42.435658,66.70,77.80,100.00,100.00
2026-05-16T05:39:42.539829,66.70,66.70,100.00,100.00
2026-05-16T05:39:42.645402,66.70,75.00,100.00,100.00
2026-05-16T05:39:42.752398,70.00,77.80,100.00,100.00
2026-05-16T05:39:42.858781,77.80,80.00,100.00,100.00
2026-05-16T05:39:42.964366,77.80,80.00,100.00,100.00
2026-05-16T05:39:43.069419,80.00,77.80,100.00,100.00
2026-05-16T05:39:43.174656,62.50,77.80,100.00,100.00
2026-05-16T05:39:43.279573,70.00,75.00,100.00,100.00
2026-05-16T05:39:43.385657,77.80,81.80,100.00,100.00
2026-05-16T05:39:43.489906,72.70,66.70,100.00,100.00
2026-05-16T05:39:43.594946,77.80,80.00,100.00,100.00
2026-05-16T05:39:43.700469,80.00,80.00,100.00,100.00
2026-05-16T05:39:43.813066,77.80,80.00,100.00,100.00
2026-05-16T05:39:43.920962,80.00,80.00,100.00,100.00
2026-05-16T05:39:44.026593,80.00,87.50,100.00,100.00
2026-05-16T05:39:44.133396,66.70,80.00,100.00,100.00
2026-05-16T05:39:44.239994,75.00,77.80,100.00,100.00
2026-05-16T05:39:44.345424,66.70,80.00,100.00,100.00
2026-05-16T05:39:44.449607,66.70,72.70,100.00,100.00
2026-05-16T05:39:44.553878,70.00,77.80,100.00,100.00
2026-05-16T05:39:44.658144,62.50,80.00,100.00,100.00
2026-05-16T05:39:44.764424,55.60,77.80,100.00,100.00
2026-05-16T05:39:44.868985,62.50,77.80,100.00,100.00
2026-05-16T05:39:44.974698,66.70,75.00,100.00,100.00
2026-05-16T05:39:45.078677,72.70,80.00,100.00,100.00
2026-05-16T05:39:45.182979,57.10,80.00,100.00,100.00
2026-05-16T05:39:45.287741,55.60,80.00,100.00,100.00
2026-05-16T05:39:45.392601,62.50,66.70,100.00,100.00
2026-05-16T05:39:45.498429,70.00,80.00,100.00,100.00
2026-05-16T05:39:45.603175,80.00,75.00,100.00,100.00
2026-05-16T05:39:45.707898,57.10,75.00,100.00,100.00
2026-05-16T05:39:45.812614,60.00,75.00,100.00,100.00
2026-05-16T05:39:45.918514,62.50,71.40,100.00,100.00
2026-05-16T05:39:46.025195,77.80,66.70,100.00,100.00
2026-05-16T05:39:46.130182,70.00,77.80,100.00,100.00
2026-05-16T05:39:46.234926,62.50,70.00,100.00,100.00
2026-05-16T05:39:46.340914,66.70,80.00,100.00,100.00
2026-05-16T05:39:46.448532,75.00,88.90,100.00,100.00
2026-05-16T05:39:46.553189,70.00,77.80,100.00,100.00
2026-05-16T05:39:46.661517,57.10,72.70,100.00,100.00
2026-05-16T05:39:46.765673,66.70,75.00,100.00,100.00
2026-05-16T05:39:46.872472,81.80,77.80,100.00,100.00
2026-05-16T05:39:46.978545,80.00,77.80,100.00,100.00
2026-05-16T05:39:47.082211,77.80,81.80,100.00,100.00
2026-05-16T05:39:47.187394,75.00,87.50,100.00,100.00
2026-05-16T05:39:47.293270,80.00,80.00,100.00,100.00
2026-05-16T05:39:47.398939,72.70,77.80,100.00,100.00
2026-05-16T05:39:47.506327,81.80,80.00,100.00,100.00
2026-05-16T05:39:47.611019,75.00,77.80,100.00,100.00
2026-05-16T05:39:47.717944,75.00,81.80,100.00,100.00
2026-05-16T05:39:47.825955,70.00,77.80,100.00,100.00
2026-05-16T05:39:47.930831,77.80,80.00,100.00,100.00
2026-05-16T05:39:48.035476,75.00,77.80,100.00,100.00
2026-05-16T05:39:48.140618,75.00,90.00,100.00,100.00
2026-05-16T05:39:48.246608,81.80,80.00,100.00,100.00
2026-05-16T05:39:48.351503,72.70,77.80,100.00,100.00
2026-05-16T05:39:48.455743,66.70,70.00,100.00,100.00
2026-05-16T05:39:48.560364,57.10,77.80,100.00,100.00
2026-05-16T05:39:48.665839,70.00,70.00,100.00,100.00
2026-05-16T05:39:48.771584,77.80,75.00,100.00,100.00
2026-05-16T05:39:48.877914,60.00,72.70,100.00,100.00
2026-05-16T05:39:48.981920,75.00,77.80,100.00,100.00
2026-05-16T05:39:49.088695,55.60,77.80,100.00,100.00
2026-05-16T05:39:49.194486,75.00,80.00,100.00,100.00
2026-05-16T05:39:49.299080,66.70,70.00,100.00,100.00
2026-05-16T05:39:49.403796,66.70,77.80,100.00,100.00
2026-05-16T05:39:49.507745,25.00,14.30,100.00,100.00
2026-05-16T05:39:49.611850,14.30,16.70,100.00,100.00
2026-05-16T05:39:49.716442,28.60,37.50,100.00,100.00
2026-05-16T05:39:49.821109,33.30,25.00,100.00,100.00
2026-05-16T05:39:49.925785,28.60,37.50,100.00,100.00
2026-05-16T05:39:50.029777,14.30,28.60,100.00,100.00
2026-05-16T05:39:50.134434,28.60,25.00,100.00,100.00
2026-05-16T05:39:50.238478,33.30,37.50,100.00,100.00
2026-05-16T05:39:50.342432,25.00,25.00,100.00,100.00
2026-05-16T05:39:50.446959,14.30,28.60,100.00,100.00
2026-05-16T05:39:50.551265,28.60,25.00,100.00,100.00
2026-05-16T05:39:50.655908,25.00,28.60,100.00,100.00
2026-05-16T05:39:50.760187,25.00,25.00,100.00,100.00
2026-05-16T05:39:50.864372,25.00,37.50,100.00,100.00
2026-05-16T05:39:50.969030,33.30,25.00,100.00,100.00
2026-05-16T05:39:51.074443,28.60,16.70,100.00,100.00
2026-05-16T05:39:51.178974,25.00,33.30,100.00,100.00
2026-05-16T05:39:51.283558,28.60,16.70,100.00,100.00
2026-05-16T05:39:51.387355,40.00,37.50,100.00,100.00
2026-05-16T05:39:51.491926,37.50,37.50,100.00,100.00
2026-05-16T05:39:51.596601,37.50,28.60,100.00,100.00
2026-05-16T05:39:51.701215,28.60,44.40,100.00,100.00
2026-05-16T05:39:51.806860,37.50,42.90,100.00,100.00
2026-05-16T05:39:51.912985,25.00,37.50,100.00,100.00
2026-05-16T05:39:52.017660,28.60,16.70,100.00,100.00
2026-05-16T05:39:52.122239,28.60,37.50,100.00,100.00
2026-05-16T05:39:52.227348,33.30,28.60,100.00,100.00
2026-05-16T05:39:52.331601,44.40,28.60,100.00,100.00
2026-05-16T05:39:52.436554,28.60,16.70,100.00,100.00
2026-05-16T05:39:52.541104,28.60,44.40,100.00,100.00
2026-05-16T05:39:52.646895,37.50,37.50,100.00,100.00
2026-05-16T05:39:52.751713,14.30,25.00,100.00,100.00
2026-05-16T05:39:52.856450,40.00,37.50,100.00,100.00
2026-05-16T05:39:52.961479,28.60,37.50,100.00,100.00
2026-05-16T05:39:53.065920,14.30,33.30,100.00,100.00
2026-05-16T05:39:53.172063,25.00,14.30,100.00,100.00
2026-05-16T05:39:53.276629,37.50,33.30,100.00,100.00
2026-05-16T05:39:53.381838,37.50,37.50,100.00,100.00
2026-05-16T05:39:53.487068,28.60,44.40,100.00,100.00
2026-05-16T05:39:53.592158,33.30,16.70,100.00,100.00
2026-05-16T05:39:53.696674,16.70,37.50,100.00,100.00
2026-05-16T05:39:53.801395,14.30,33.30,100.00,100.00
2026-05-16T05:39:53.906473,25.00,16.70,100.00,100.00
2026-05-16T05:39:54.010864,37.50,33.30,100.00,100.00
2026-05-16T05:39:54.115379,14.30,16.70,100.00,100.00
2026-05-16T05:39:54.219378,25.00,25.00,100.00,100.00
2026-05-16T05:39:54.323602,25.00,33.30,100.00,100.00
2026-05-16T05:39:54.428484,28.60,16.70,100.00,100.00
2026-05-16T05:39:54.532939,25.00,25.00,100.00,100.00
2026-05-16T05:39:54.637033,25.00,28.60,100.00,100.00
2026-05-16T05:39:54.741749,28.60,40.00,100.00,100.00
2026-05-16T05:39:54.845974,33.30,16.70,100.00,100.00
2026-05-16T05:39:54.950219,28.60,28.60,100.00,100.00
2026-05-16T05:39:55.055073,25.00,25.00,100.00,100.00
2026-05-16T05:39:55.159285,16.70,28.60,100.00,100.00
2026-05-16T05:39:55.263987,33.30,42.90,100.00,100.00
2026-05-16T05:39:55.368869,37.50,25.00,100.00,100.00
2026-05-16T05:39:55.473789,44.40,42.90,100.00,100.00
2026-05-16T05:39:55.577954,33.30,50.00,100.00,100.00
2026-05-16T05:39:55.682645,44.40,28.60,100.00,100.00
2026-05-16T05:39:55.787274,14.30,44.40,100.00,100.00
2026-05-16T05:39:55.891673,28.60,16.70,100.00,100.00
2026-05-16T05:39:55.996303,25.00,37.50,100.00,100.00
2026-05-16T05:39:56.100587,37.50,37.50,100.00,100.00
2026-05-16T05:39:56.205296,33.30,37.50,100.00,100.00
2026-05-16T05:39:56.309956,28.60,14.30,100.00,100.00
2026-05-16T05:39:56.414640,14.30,37.50,100.00,100.00
2026-05-16T05:39:56.519282,25.00,37.50,100.00,100.00
2026-05-16T05:39:56.623476,25.00,25.00,100.00,100.00
2026-05-16T05:39:56.727918,16.70,37.50,100.00,100.00
2026-05-16T05:39:56.832865,33.30,37.50,100.00,100.00
2026-05-16T05:39:56.937192,28.60,28.60,100.00,100.00
2026-05-16T05:39:57.041618,25.00,37.50,100.00,100.00
2026-05-16T05:39:57.146358,37.50,33.30,100.00,100.00
2026-05-16T05:39:57.251578,25.00,14.30,100.00,100.00
2026-05-16T05:39:57.356008,25.00,37.50,100.00,100.00
2026-05-16T05:39:57.460473,16.70,37.50,100.00,100.00
2026-05-16T05:39:57.565279,33.30,28.60,100.00,100.00
2026-05-16T05:39:57.669692,14.30,33.30,100.00,100.00
2026-05-16T05:39:57.774625,28.60,28.60,100.00,100.00
2026-05-16T05:39:57.879290,37.50,28.60,100.00,100.00
2026-05-16T05:39:57.984180,25.00,28.60,100.00,100.00
2026-05-16T05:39:58.088485,25.00,25.00,100.00,100.00
2026-05-16T05:39:58.193130,28.60,28.60,100.00,100.00
2026-05-16T05:39:58.297731,25.00,25.00,100.00,100.00
2026-05-16T05:39:58.401537,33.30,37.50,100.00,100.00
2026-05-16T05:39:58.506251,14.30,25.00,100.00,100.00
2026-05-16T05:39:58.610925,28.60,37.50,100.00,100.00
2026-05-16T05:39:58.715926,33.30,14.30,100.00,100.00
2026-05-16T05:39:58.820060,25.00,44.40,100.00,100.00
2026-05-16T05:39:58.925610,33.30,25.00,100.00,100.00
2026-05-16T05:39:59.029909,37.50,37.50,100.00,100.00
2026-05-16T05:39:59.134152,0.00,28.60,100.00,100.00
2026-05-16T05:39:59.238432,28.60,25.00,100.00,100.00
2026-05-16T05:39:59.342073,25.00,37.50,100.00,100.00
2026-05-16T05:39:59.446202,33.30,14.30,100.00,100.00
2026-05-16T05:39:59.550488,28.60,37.50,100.00,100.00
2026-05-16T05:39:59.654557,25.00,25.00,100.00,100.00
2026-05-16T05:39:59.759487,28.60,28.60,100.00,100.00
2026-05-16T05:39:59.863990,37.50,42.90,100.00,100.00
2026-05-16T05:39:59.968745,37.50,37.50,100.00,100.00
2026-05-16T05:40:00.073676,37.50,37.50,100.00,100.00
2026-05-16T05:40:00.178884,33.30,37.50,100.00,100.00
2026-05-16T05:40:00.283297,42.90,44.40,100.00,100.00
2026-05-16T05:40:00.387939,25.00,16.70,100.00,100.00
2026-05-16T05:40:00.492630,28.60,37.50,100.00,100.00
2026-05-16T05:40:00.596859,44.40,37.50,100.00,100.00
2026-05-16T05:40:00.701314,14.30,28.60,100.00,100.00
2026-05-16T05:40:00.805662,28.60,14.30,100.00,100.00
2026-05-16T05:40:00.910748,14.30,44.40,100.00,100.00
2026-05-16T05:40:01.016485,33.30,25.00,100.00,100.00
2026-05-16T05:40:01.120963,25.00,16.70,100.00,100.00
2026-05-16T05:40:01.227979,33.30,37.50,100.00,100.00
2026-05-16T05:40:01.332821,28.60,25.00,100.00,100.00
2026-05-16T05:40:01.437410,14.30,28.60,100.00,100.00
2026-05-16T05:40:01.542045,33.30,40.00,100.00,100.00
2026-05-16T05:40:01.647380,44.40,16.70,100.00,100.00
2026-05-16T05:40:01.752456,16.70,37.50,100.00,100.00
2026-05-16T05:40:01.856812,28.60,28.60,100.00,100.00
2026-05-16T05:40:01.961869,33.30,37.50,100.00,100.00
2026-05-16T05:40:02.067079,37.50,50.00,100.00,100.00
2026-05-16T05:40:02.171529,16.70,37.50,100.00,100.00
2026-05-16T05:40:02.276496,25.00,37.50,100.00,100.00
2026-05-16T05:40:02.381570,37.50,28.60,100.00,100.00
2026-05-16T05:40:02.486962,37.50,37.50,100.00,100.00
2026-05-16T05:40:02.591749,33.30,28.60,100.00,100.00
2026-05-16T05:40:02.696923,37.50,33.30,100.00,100.00
2026-05-16T05:40:02.801945,16.70,28.60,100.00,100.00
2026-05-16T05:40:02.906537,40.00,28.60,100.00,100.00
2026-05-16T05:40:03.011037,14.30,37.50,100.00,100.00
2026-05-16T05:40:03.115492,44.40,44.40,100.00,100.00
2026-05-16T05:40:03.220781,25.00,28.60,100.00,100.00
2026-05-16T05:40:03.325907,28.60,28.60,100.00,100.00
2026-05-16T05:40:03.430022,14.30,40.00,100.00,100.00
2026-05-16T05:40:03.534837,25.00,16.70,100.00,100.00
2026-05-16T05:40:03.639310,25.00,25.00,100.00,100.00
2026-05-16T05:40:03.744622,37.50,37.50,100.00,100.00
2026-05-16T05:40:03.849442,33.30,28.60,100.00,100.00
2026-05-16T05:40:03.953666,25.00,25.00,100.00,100.00
2026-05-16T05:40:04.057697,25.00,25.00,100.00,100.00
2026-05-16T05:40:04.162889,16.70,28.60,100.00,100.00
2026-05-16T05:40:04.267724,33.30,37.50,100.00,100.00
2026-05-16T05:40:04.372511,25.00,25.00,100.00,100.00
2026-05-16T05:40:04.480398,37.50,55.60,100.00,100.00
2026-05-16T05:40:04.585195,28.60,28.60,100.00,100.00
2026-05-16T05:40:04.689725,50.00,55.60,100.00,100.00
2026-05-16T05:40:04.795370,37.50,37.50,100.00,100.00
2026-05-16T05:40:04.900547,50.00,55.60,100.00,100.00
2026-05-16T05:40:05.005718,28.60,28.60,100.00,100.00
2026-05-16T05:40:05.110314,55.60,50.00,100.00,100.00
2026-05-16T05:40:05.214925,37.50,37.50,100.00,100.00
2026-05-16T05:40:05.320543,50.00,55.60,100.00,100.00
2026-05-16T05:40:05.424797,37.50,37.50,100.00,100.00
2026-05-16T05:40:05.529085,44.40,55.60,100.00,100.00
2026-05-16T05:40:05.635247,66.70,55.60,100.00,100.00
2026-05-16T05:40:05.739682,28.60,42.90,100.00,100.00
2026-05-16T05:40:05.844894,50.00,60.00,100.00,100.00
2026-05-16T05:40:05.949416,37.50,33.30,100.00,100.00
2026-05-16T05:40:06.054291,50.00,55.60,100.00,100.00
2026-05-16T05:40:06.159269,55.60,50.00,100.00,100.00
2026-05-16T05:40:06.263857,28.60,37.50,100.00,100.00
2026-05-16T05:40:06.369172,37.50,37.50,100.00,100.00
2026-05-16T05:40:06.474157,60.00,37.50,100.00,100.00
2026-05-16T05:40:06.578797,37.50,55.60,100.00,100.00
2026-05-16T05:40:06.682804,33.30,42.90,100.00,100.00
2026-05-16T05:40:06.787236,37.50,44.40,100.00,100.00
2026-05-16T05:40:06.891676,28.60,33.30,100.00,100.00
2026-05-16T05:40:06.995649,60.00,44.40,100.00,100.00
2026-05-16T05:40:07.099957,28.60,37.50,100.00,100.00
2026-05-16T05:40:07.204354,28.60,50.00,100.00,100.00
2026-05-16T05:40:07.309209,55.60,50.00,100.00,100.00
2026-05-16T05:40:07.413955,37.50,42.90,100.00,100.00
2026-05-16T05:40:07.518824,50.00,55.60,100.00,100.00
2026-05-16T05:40:07.624236,42.90,33.30,100.00,100.00
2026-05-16T05:40:07.729185,42.90,50.00,100.00,100.00
2026-05-16T05:40:07.834313,60.00,44.40,100.00,100.00
2026-05-16T05:40:07.939469,62.50,62.50,100.00,100.00
2026-05-16T05:40:08.045225,44.40,50.00,100.00,100.00
2026-05-16T05:40:08.150019,33.30,44.40,100.00,100.00
2026-05-16T05:40:08.254317,50.00,55.60,100.00,100.00
2026-05-16T05:40:08.359020,44.40,50.00,100.00,100.00
2026-05-16T05:40:08.463627,50.00,42.90,100.00,100.00
2026-05-16T05:40:08.568423,55.60,50.00,100.00,100.00
2026-05-16T05:40:08.672888,28.60,55.60,100.00,100.00
2026-05-16T05:40:08.777662,44.40,42.90,100.00,100.00
2026-05-16T05:40:08.881861,50.00,37.50,100.00,100.00
2026-05-16T05:40:08.987749,50.00,50.00,100.00,100.00
2026-05-16T05:40:09.091886,50.00,50.00,100.00,100.00
2026-05-16T05:40:09.197709,50.00,50.00,100.00,100.00
2026-05-16T05:40:09.303315,50.00,50.00,100.00,100.00
2026-05-16T05:40:09.407931,50.00,55.60,100.00,100.00
2026-05-16T05:40:09.512630,42.90,28.60,100.00,100.00
2026-05-16T05:40:09.619348,37.50,44.40,100.00,100.00
2026-05-16T05:40:09.724781,42.90,50.00,100.00,100.00
2026-05-16T05:40:09.830060,50.00,50.00,100.00,100.00
2026-05-16T05:40:09.937082,44.40,50.00,100.00,100.00
2026-05-16T05:40:10.042025,42.90,50.00,100.00,100.00
2026-05-16T05:40:10.148538,37.50,42.90,100.00,100.00
2026-05-16T05:40:10.254617,42.90,60.00,100.00,100.00
2026-05-16T05:40:10.359423,50.00,50.00,100.00,100.00
2026-05-16T05:40:10.465144,37.50,55.60,100.00,100.00
2026-05-16T05:40:10.572172,42.90,55.60,100.00,100.00
2026-05-16T05:40:10.677614,55.60,50.00,100.00,100.00
2026-05-16T05:40:10.783818,44.40,60.00,100.00,100.00
2026-05-16T05:40:10.889703,42.90,50.00,100.00,100.00
2026-05-16T05:40:10.996182,42.90,44.40,100.00,100.00
2026-05-16T05:40:11.100821,44.40,50.00,100.00,100.00
2026-05-16T05:40:11.205957,42.90,42.90,100.00,100.00
2026-05-16T05:40:11.312675,33.30,50.00,100.00,100.00
2026-05-16T05:40:11.419338,50.00,60.00,100.00,100.00
2026-05-16T05:40:11.524911,50.00,57.10,100.00,100.00
2026-05-16T05:40:11.631641,42.90,55.60,100.00,100.00
2026-05-16T05:40:11.737038,50.00,55.60,100.00,100.00
2026-05-16T05:40:11.842751,37.50,57.10,100.00,100.00
2026-05-16T05:40:11.949594,55.60,60.00,100.00,100.00
2026-05-16T05:40:12.057611,42.90,42.90,100.00,100.00
2026-05-16T05:40:12.164576,55.60,50.00,100.00,100.00
2026-05-16T05:40:12.270513,42.90,66.70,100.00,100.00
2026-05-16T05:40:12.376368,55.60,62.50,100.00,100.00
2026-05-16T05:40:12.481630,42.90,33.30,100.00,100.00
2026-05-16T05:40:12.589037,50.00,60.00,100.00,100.00
2026-05-16T05:40:12.698084,33.30,55.60,100.00,100.00
2026-05-16T05:40:12.802685,50.00,62.50,100.00,100.00
2026-05-16T05:40:12.910470,44.40,55.60,100.00,100.00
2026-05-16T05:40:13.015515,42.90,66.70,100.00,100.00
2026-05-16T05:40:13.121756,50.00,55.60,100.00,100.00
2026-05-16T05:40:13.229961,44.40,70.00,100.00,100.00
2026-05-16T05:40:13.335551,50.00,60.00,100.00,100.00
2026-05-16T05:40:13.441026,44.40,42.90,100.00,100.00
2026-05-16T05:40:13.546028,42.90,42.90,100.00,100.00
2026-05-16T05:40:13.652345,50.00,60.00,100.00,100.00
2026-05-16T05:40:13.759578,44.40,60.00,100.00,100.00
2026-05-16T05:40:13.864268,50.00,50.00,100.00,100.00
2026-05-16T05:40:13.969343,44.40,42.90,100.00,100.00
2026-05-16T05:40:14.075665,33.30,60.00,100.00,100.00
2026-05-16T05:40:14.183323,37.50,62.50,100.00,100.00
2026-05-16T05:40:14.288359,50.00,55.60,100.00,100.00
2026-05-16T05:40:14.392278,50.00,66.70,100.00,100.00
2026-05-16T05:40:14.504352,55.60,80.00,100.00,100.00
2026-05-16T05:40:14.608772,50.00,80.00,100.00,100.00
2026-05-16T05:40:14.712998,42.90,66.70,100.00,100.00
2026-05-16T05:40:14.817065,37.50,62.50,100.00,100.00
2026-05-16T05:40:14.921099,44.40,66.70,100.00,100.00
2026-05-16T05:40:15.025897,50.00,55.60,100.00,100.00
2026-05-16T05:40:15.131132,55.60,62.50,100.00,100.00
2026-05-16T05:40:15.238821,44.40,66.70,100.00,100.00
2026-05-16T05:40:15.344879,42.90,42.90,100.00,100.00
2026-05-16T05:40:15.451561,28.60,50.00,100.00,100.00
2026-05-16T05:40:15.557483,44.40,55.60,100.00,100.00
2026-05-16T05:40:15.662744,57.10,66.70,100.00,100.00
2026-05-16T05:40:15.768093,44.40,62.50,100.00,100.00
2026-05-16T05:40:15.873692,37.50,60.00,100.00,100.00
2026-05-16T05:40:15.980433,55.60,55.60,100.00,100.00
2026-05-16T05:40:16.086725,57.10,62.50,100.00,100.00
2026-05-16T05:40:16.194456,50.00,70.00,100.00,100.00
2026-05-16T05:40:16.301846,55.60,62.50,100.00,100.00
2026-05-16T05:40:16.409020,55.60,66.70,100.00,100.00
2026-05-16T05:40:16.517080,42.90,66.70,100.00,100.00
2026-05-16T05:40:16.625898,50.00,66.70,100.00,100.00
2026-05-16T05:40:16.731925,55.60,70.00,100.00,100.00
2026-05-16T05:40:16.839999,50.00,60.00,100.00,100.00
2026-05-16T05:40:16.946803,60.00,62.50,100.00,100.00
2026-05-16T05:40:17.052935,42.90,55.60,100.00,100.00
2026-05-16T05:40:17.157869,42.90,42.90,100.00,100.00
2026-05-16T05:40:17.264019,55.60,50.00,100.00,100.00
2026-05-16T05:40:17.369865,44.40,50.00,100.00,100.00
2026-05-16T05:40:17.475392,42.90,50.00,100.00,100.00
2026-05-16T05:40:17.581597,44.40,50.00,100.00,100.00
2026-05-16T05:40:17.687621,33.30,42.90,100.00,100.00
2026-05-16T05:40:17.792616,50.00,37.50,100.00,100.00
2026-05-16T05:40:17.897800,37.50,37.50,100.00,100.00
2026-05-16T05:40:18.003521,42.90,44.40,100.00,100.00
2026-05-16T05:40:18.108616,37.50,42.90,100.00,100.00
2026-05-16T05:40:18.213786,28.60,37.50,100.00,100.00
2026-05-16T05:40:18.318828,44.40,44.40,100.00,100.00
2026-05-16T05:40:18.812223,73.80,80.00,100.00,80.00
2026-05-16T05:40:18.918473,50.00,55.60,100.00,100.00
2026-05-16T05:40:19.023248,55.60,55.60,100.00,100.00
2026-05-16T05:40:19.128299,28.60,66.70,100.00,100.00
2026-05-16T05:40:19.234339,50.00,62.50,100.00,100.00
2026-05-16T05:40:19.341002,55.60,55.60,100.00,100.00
2026-05-16T05:40:19.446994,42.90,55.60,100.00,100.00
2026-05-16T05:40:19.551864,28.60,42.90,100.00,100.00
2026-05-16T05:40:19.657387,33.30,44.40,100.00,100.00
2026-05-16T05:40:19.762960,14.30,25.00,100.00,100.00
2026-05-16T05:40:19.868357,28.60,28.60,100.00,100.00
2026-05-16T05:40:19.973068,30.00,25.00,100.00,100.00
2026-05-16T05:40:20.077394,14.30,14.30,100.00,100.00
2026-05-16T05:40:20.182069,25.00,28.60,100.00,100.00
2026-05-16T05:40:20.286542,16.70,25.00,100.00,100.00
2026-05-16T05:40:20.391612,25.00,37.50,100.00,100.00
2026-05-16T05:40:20.496016,14.30,37.50,100.00,100.00
2026-05-16T05:40:20.601863,14.30,14.30,100.00,100.00
2026-05-16T05:40:20.707010,37.50,37.50,100.00,100.00
2026-05-16T05:40:20.811423,0.00,28.60,100.00,100.00
2026-05-16T05:40:20.916435,25.00,25.00,100.00,100.00
2026-05-16T05:40:21.021707,16.70,28.60,100.00,100.00
2026-05-16T05:40:21.126843,25.00,37.50,100.00,100.00
2026-05-16T05:40:21.232756,16.70,37.50,100.00,100.00
2026-05-16T05:40:21.338645,33.30,37.50,100.00,100.00
2026-05-16T05:40:21.443605,25.00,25.00,100.00,100.00
2026-05-16T05:40:21.548710,25.00,33.30,100.00,100.00
2026-05-16T05:40:21.653151,0.00,16.70,100.00,100.00
2026-05-16T05:40:21.758079,25.00,25.00,100.00,100.00
2026-05-16T05:40:21.863142,25.00,28.60,100.00,100.00
2026-05-16T05:40:21.967947,14.30,33.30,100.00,100.00
2026-05-16T05:40:22.072958,14.30,14.30,100.00,100.00
2026-05-16T05:40:22.177543,25.00,37.50,100.00,100.00
2026-05-16T05:40:22.281587,25.00,25.00,100.00,100.00
2026-05-16T05:40:22.386375,12.50,14.30,100.00,100.00
2026-05-16T05:40:22.490720,25.00,14.30,100.00,100.00
2026-05-16T05:40:22.595048,14.30,37.50,100.00,100.00
2026-05-16T05:40:22.700645,14.30,14.30,100.00,100.00
2026-05-16T05:40:22.806056,33.30,33.30,100.00,100.00
2026-05-16T05:40:22.911022,14.30,0.00,100.00,100.00
2026-05-16T05:40:23.016027,33.30,28.60,100.00,100.00
2026-05-16T05:40:23.120945,14.30,33.30,100.00,100.00
2026-05-16T05:40:23.228331,25.00,37.50,100.00,100.00
2026-05-16T05:40:23.335241,25.00,25.00,100.00,100.00
2026-05-16T05:40:23.439847,0.00,33.30,100.00,100.00
2026-05-16T05:40:23.544464,25.00,0.00,100.00,100.00
2026-05-16T05:40:23.649351,25.00,33.30,100.00,100.00
2026-05-16T05:40:23.754271,28.60,37.50,100.00,100.00
2026-05-16T05:40:23.859638,25.00,14.30,100.00,100.00
2026-05-16T05:40:23.965692,14.30,37.50,100.00,100.00
2026-05-16T05:40:24.070335,33.30,37.50,100.00,100.00
2026-05-16T05:40:24.175508,0.00,0.00,100.00,100.00
2026-05-16T05:40:24.280362,14.30,33.30,100.00,100.00
2026-05-16T05:40:24.385567,33.30,37.50,100.00,100.00
2026-05-16T05:40:24.490474,14.30,16.70,100.00,100.00
2026-05-16T05:40:24.595266,25.00,40.00,100.00,100.00
2026-05-16T05:40:24.699376,28.60,37.50,100.00,100.00
2026-05-16T05:40:24.804397,14.30,20.00,100.00,100.00
2026-05-16T05:40:24.908478,44.40,28.60,100.00,100.00
2026-05-16T05:40:25.014020,14.30,25.00,100.00,100.00
2026-05-16T05:40:25.119525,44.40,37.50,100.00,100.00
2026-05-16T05:40:25.226460,22.20,37.50,100.00,100.00
2026-05-16T05:40:25.331471,0.00,25.00,100.00,100.00
2026-05-16T05:40:25.436742,33.30,37.50,100.00,100.00
2026-05-16T05:40:25.543344,14.30,16.70,100.00,100.00
2026-05-16T05:40:25.648310,37.50,44.40,100.00,100.00
2026-05-16T05:40:25.752921,25.00,16.70,100.00,100.00
2026-05-16T05:40:25.857879,12.50,33.30,100.00,100.00
2026-05-16T05:40:25.962814,25.00,25.00,100.00,100.00
2026-05-16T05:40:26.067615,25.00,28.60,100.00,100.00
2026-05-16T05:40:26.172346,14.30,25.00,100.00,100.00
2026-05-16T05:40:26.276345,14.30,25.00,100.00,100.00
2026-05-16T05:40:26.381039,25.00,16.70,100.00,100.00
2026-05-16T05:40:26.485884,25.00,25.00,100.00,100.00
2026-05-16T05:40:26.589907,25.00,25.00,100.00,100.00
2026-05-16T05:40:26.696289,14.30,25.00,100.00,100.00
2026-05-16T05:40:26.801078,25.00,37.50,100.00,100.00
2026-05-16T05:40:26.905879,33.30,28.60,100.00,100.00
2026-05-16T05:40:27.010511,14.30,33.30,100.00,100.00
2026-05-16T05:40:27.115405,14.30,14.30,100.00,100.00
2026-05-16T05:40:27.220189,25.00,37.50,100.00,100.00
2026-05-16T05:40:27.324962,25.00,44.40,100.00,100.00
2026-05-16T05:40:27.429890,25.00,25.00,100.00,100.00
2026-05-16T05:40:27.534638,14.30,25.00,100.00,100.00
2026-05-16T05:40:27.638934,25.00,28.60,100.00,100.00
2026-05-16T05:40:27.743599,25.00,25.00,100.00,100.00
2026-05-16T05:40:27.848413,25.00,25.00,100.00,100.00
2026-05-16T05:40:27.953302,0.00,25.00,100.00,100.00
2026-05-16T05:40:28.058216,25.00,28.60,100.00,100.00
2026-05-16T05:40:28.163470,25.00,25.00,100.00,100.00
2026-05-16T05:40:28.267810,25.00,14.30,100.00,100.00
2026-05-16T05:40:28.371982,14.30,25.00,100.00,100.00
2026-05-16T05:40:28.476280,25.00,25.00,100.00,100.00
2026-05-16T05:40:28.580811,14.30,28.60,100.00,100.00
2026-05-16T05:40:28.685088,33.30,33.30,100.00,100.00
2026-05-16T05:40:28.789279,14.30,14.30,100.00,100.00
2026-05-16T05:40:28.892855,14.30,28.60,100.00,100.00
2026-05-16T05:40:28.997856,25.00,33.30,100.00,100.00
2026-05-16T05:40:29.102313,33.30,16.70,100.00,100.00
2026-05-16T05:40:29.208536,28.60,37.50,100.00,100.00
2026-05-16T05:40:29.313730,33.30,37.50,100.00,100.00
2026-05-16T05:40:29.418090,25.00,44.40,100.00,100.00
2026-05-16T05:40:29.523310,28.60,28.60,100.00,100.00
2026-05-16T05:40:29.628633,14.30,16.70,100.00,100.00
2026-05-16T05:40:29.732932,37.50,33.30,100.00,100.00
2026-05-16T05:40:29.837317,25.00,28.60,100.00,100.00
2026-05-16T05:40:29.941943,25.00,28.60,100.00,100.00
2026-05-16T05:40:30.045634,28.60,37.50,100.00,100.00
2026-05-16T05:40:30.150364,25.00,28.60,100.00,100.00
2026-05-16T05:40:30.254553,33.30,25.00,100.00,100.00
2026-05-16T05:40:30.358497,28.60,55.60,100.00,100.00
2026-05-16T05:40:30.463058,25.00,14.30,100.00,100.00
2026-05-16T05:40:30.566961,14.30,37.50,100.00,100.00
2026-05-16T05:40:30.672016,25.00,14.30,100.00,100.00
2026-05-16T05:40:30.776522,25.00,28.60,100.00,100.00
2026-05-16T05:40:30.880798,16.70,28.60,100.00,100.00
2026-05-16T05:40:30.985207,33.30,33.30,100.00,100.00
2026-05-16T05:40:31.090454,14.30,16.70,100.00,100.00
2026-05-16T05:40:31.194488,28.60,37.50,100.00,100.00
2026-05-16T05:40:31.298907,25.00,25.00,100.00,100.00
2026-05-16T05:40:31.403358,25.00,37.50,100.00,100.00
2026-05-16T05:40:31.509190,22.20,25.00,100.00,100.00
2026-05-16T05:40:31.613928,14.30,14.30,100.00,100.00
2026-05-16T05:40:31.719736,28.60,37.50,100.00,100.00
2026-05-16T05:40:31.824755,14.30,37.50,100.00,100.00
2026-05-16T05:40:31.929902,33.30,25.00,100.00,100.00
2026-05-16T05:40:32.035266,0.00,25.00,100.00,100.00
2026-05-16T05:40:32.139922,25.00,37.50,100.00,100.00
2026-05-16T05:40:32.244945,14.30,14.30,100.00,100.00
2026-05-16T05:40:32.350369,25.00,16.70,100.00,100.00
2026-05-16T05:40:32.455333,14.30,37.50,100.00,100.00
2026-05-16T05:40:32.560195,33.30,33.30,100.00,100.00
2026-05-16T05:40:32.665614,37.50,28.60,100.00,100.00
2026-05-16T05:40:32.770354,25.00,28.60,100.00,100.00
2026-05-16T05:40:32.876475,14.30,37.50,100.00,100.00
2026-05-16T05:40:32.981453,14.30,25.00,100.00,100.00
2026-05-16T05:40:33.086679,16.70,37.50,100.00,100.00
2026-05-16T05:40:33.192485,25.00,37.50,100.00,100.00
2026-05-16T05:40:33.296838,28.60,28.60,100.00,100.00
2026-05-16T05:40:33.400872,25.00,33.30,100.00,100.00
2026-05-16T05:40:33.505495,16.70,28.60,100.00,100.00
2026-05-16T05:40:33.610263,33.30,37.50,100.00,100.00
2026-05-16T05:40:33.717302,14.30,28.60,100.00,100.00
2026-05-16T05:40:33.822589,28.60,37.50,100.00,100.00
2026-05-16T05:40:33.926969,25.00,14.30,100.00,100.00
2026-05-16T05:40:34.032465,22.20,33.30,100.00,100.00
2026-05-16T05:40:34.137471,14.30,37.50,100.00,100.00
2026-05-16T05:40:34.243421,37.50,28.60,100.00,100.00
2026-05-16T05:40:34.348300,25.00,33.30,100.00,100.00
2026-05-16T05:40:34.452802,0.00,25.00,100.00,100.00
2026-05-16T05:40:34.557138,27.30,0.00,100.00,100.00
2026-05-16T05:40:34.661398,11.10,22.20,100.00,100.00
2026-05-16T05:40:34.765326,20.00,0.00,100.00,100.00
2026-05-16T05:40:34.869010,0.00,12.50,100.00,100.00
2026-05-16T05:40:34.972741,12.50,0.00,100.00,100.00
2026-05-16T05:40:35.076641,20.00,33.30,100.00,100.00
2026-05-16T05:40:35.180663,0.00,11.10,100.00,100.00
2026-05-16T05:40:35.287164,30.00,12.50,100.00,100.00
2026-05-16T05:40:35.391382,0.00,22.20,100.00,100.00
2026-05-16T05:40:35.495254,20.00,12.50,100.00,100.00
2026-05-16T05:40:35.599372,20.00,11.10,100.00,100.00
2026-05-16T05:40:35.704409,0.00,25.00,100.00,100.00
2026-05-16T05:40:35.808601,12.50,0.00,100.00,100.00
2026-05-16T05:40:35.913025,0.00,0.00,100.00,100.00
2026-05-16T05:40:36.016929,11.10,20.00,100.00,100.00
2026-05-16T05:40:36.120797,11.10,12.50,100.00,100.00
2026-05-16T05:40:36.224540,0.00,0.00,100.00,100.00
2026-05-16T05:40:36.328206,11.10,11.10,100.00,100.00
2026-05-16T05:40:36.432050,20.00,0.00,100.00,100.00
2026-05-16T05:40:36.536291,11.10,11.10,100.00,100.00
2026-05-16T05:40:36.640325,11.10,0.00,100.00,100.00
2026-05-16T05:40:36.743909,11.10,11.10,100.00,100.00
2026-05-16T05:40:36.847350,22.20,0.00,100.00,100.00
2026-05-16T05:40:36.950658,11.10,11.10,100.00,100.00
2026-05-16T05:40:37.054422,20.00,0.00,100.00,100.00
2026-05-16T05:40:37.158158,11.10,0.00,100.00,100.00
2026-05-16T05:40:37.261598,11.10,0.00,100.00,100.00
2026-05-16T05:40:37.365550,20.00,12.50,100.00,100.00
2026-05-16T05:40:37.469678,0.00,0.00,100.00,100.00
2026-05-16T05:40:37.573557,11.10,11.10,100.00,100.00
2026-05-16T05:40:37.677513,20.00,11.10,100.00,100.00
2026-05-16T05:40:37.780937,0.00,0.00,100.00,100.00
2026-05-16T05:40:37.884645,11.10,0.00,100.00,100.00
2026-05-16T05:40:37.988331,20.00,0.00,100.00,100.00
2026-05-16T05:40:38.091911,11.10,11.10,100.00,100.00
2026-05-16T05:40:38.195524,11.10,11.10,100.00,100.00
2026-05-16T05:40:38.299289,20.00,12.50,100.00,100.00
2026-05-16T05:40:38.402752,25.00,33.30,100.00,100.00
2026-05-16T05:40:38.506228,11.10,0.00,100.00,100.00
2026-05-16T05:40:38.610421,11.10,11.10,100.00,100.00
2026-05-16T05:40:38.715615,27.30,12.50,100.00,100.00
2026-05-16T05:40:38.819342,20.00,11.10,100.00,100.00
2026-05-16T05:40:38.923491,11.10,11.10,100.00,100.00
2026-05-16T05:40:39.027438,20.00,11.10,100.00,100.00
2026-05-16T05:40:39.131098,20.00,0.00,100.00,100.00
2026-05-16T05:40:39.234864,11.10,22.20,100.00,100.00
2026-05-16T05:40:39.339333,11.10,0.00,100.00,100.00
2026-05-16T05:40:39.443351,27.30,20.00,100.00,100.00
2026-05-16T05:40:39.547052,11.10,11.10,100.00,100.00
2026-05-16T05:40:39.650861,27.30,0.00,100.00,100.00
2026-05-16T05:40:39.754828,11.10,0.00,100.00,100.00
2026-05-16T05:40:39.858685,20.00,20.00,100.00,100.00
2026-05-16T05:40:39.962378,0.00,0.00,100.00,100.00
2026-05-16T05:40:40.066197,10.00,22.20,100.00,100.00
2026-05-16T05:40:40.170467,22.20,0.00,100.00,100.00
2026-05-16T05:40:40.274156,20.00,22.20,100.00,100.00
2026-05-16T05:40:40.378124,20.00,0.00,100.00,100.00
2026-05-16T05:40:40.482088,20.00,11.10,100.00,100.00
2026-05-16T05:40:40.586244,11.10,22.20,100.00,100.00
2026-05-16T05:40:40.690063,20.00,11.10,100.00,100.00
2026-05-16T05:40:40.793732,20.00,11.10,100.00,100.00
2026-05-16T05:40:40.897493,20.00,0.00,100.00,100.00
2026-05-16T05:40:41.001489,20.00,12.50,100.00,100.00
2026-05-16T05:40:41.105166,20.00,11.10,100.00,100.00
2026-05-16T05:40:41.208656,20.00,0.00,100.00,100.00
2026-05-16T05:40:41.312384,12.50,11.10,100.00,100.00
2026-05-16T05:40:41.415933,27.30,12.50,100.00,100.00
2026-05-16T05:40:41.519729,20.00,0.00,100.00,100.00
2026-05-16T05:40:41.623289,20.00,11.10,100.00,100.00
2026-05-16T05:40:41.727325,11.10,0.00,100.00,100.00
2026-05-16T05:40:41.830969,27.30,11.10,100.00,100.00
2026-05-16T05:40:41.935801,20.00,20.00,100.00,100.00
2026-05-16T05:40:42.039655,12.50,12.50,100.00,100.00
2026-05-16T05:40:42.143323,11.10,0.00,100.00,100.00
2026-05-16T05:40:42.246927,27.30,11.10,100.00,100.00
2026-05-16T05:40:42.350810,20.00,12.50,100.00,100.00
2026-05-16T05:40:42.455191,11.10,0.00,100.00,100.00
2026-05-16T05:40:42.559331,20.00,12.50,100.00,100.00
2026-05-16T05:40:42.663038,11.10,11.10,100.00,100.00
2026-05-16T05:40:42.766951,22.20,22.20,100.00,100.00
2026-05-16T05:40:42.871749,20.00,11.10,100.00,100.00
2026-05-16T05:40:42.976016,18.20,12.50,100.00,100.00
2026-05-16T05:40:43.079858,11.10,0.00,100.00,100.00
2026-05-16T05:40:43.183628,12.50,22.20,100.00,100.00
2026-05-16T05:40:43.287872,27.30,11.10,100.00,100.00
2026-05-16T05:40:43.392090,27.30,12.50,100.00,100.00
2026-05-16T05:40:43.495788,12.50,0.00,100.00,100.00
2026-05-16T05:40:43.599473,33.30,0.00,100.00,100.00
2026-05-16T05:40:43.703494,20.00,22.20,100.00,100.00
2026-05-16T05:40:43.807904,12.50,11.10,100.00,100.00
2026-05-16T05:40:43.912465,20.00,0.00,100.00,100.00
2026-05-16T05:40:44.016404,11.10,11.10,100.00,100.00
2026-05-16T05:40:44.120474,20.00,0.00,100.00,100.00
2026-05-16T05:40:44.224255,12.50,22.20,100.00,100.00
2026-05-16T05:40:44.328426,11.10,11.10,100.00,100.00
2026-05-16T05:40:44.432395,20.00,0.00,100.00,100.00
2026-05-16T05:40:44.536354,20.00,11.10,100.00,100.00
2026-05-16T05:40:44.640377,22.20,0.00,100.00,100.00
2026-05-16T05:40:44.744752,11.10,22.20,100.00,100.00
2026-05-16T05:40:44.848754,11.10,11.10,100.00,100.00
2026-05-16T05:40:44.952379,20.00,0.00,100.00,100.00
2026-05-16T05:40:45.056037,22.20,0.00,100.00,100.00
2026-05-16T05:40:45.160028,11.10,22.20,100.00,100.00
2026-05-16T05:40:45.263912,27.30,0.00,100.00,100.00
2026-05-16T05:40:45.367965,20.00,11.10,100.00,100.00
2026-05-16T05:40:45.472050,12.50,0.00,100.00,100.00
2026-05-16T05:40:45.575892,20.00,0.00,100.00,100.00
2026-05-16T05:40:45.680233,22.20,30.00,100.00,100.00
2026-05-16T05:40:45.783800,27.30,0.00,100.00,100.00
2026-05-16T05:40:45.887445,11.10,0.00,100.00,100.00
2026-05-16T05:40:45.991031,20.00,20.00,100.00,100.00
2026-05-16T05:40:46.094664,20.00,11.10,100.00,100.00
2026-05-16T05:40:46.198162,20.00,0.00,100.00,100.00
2026-05-16T05:40:46.302320,20.00,11.10,100.00,100.00
2026-05-16T05:40:46.406430,11.10,11.10,100.00,100.00
2026-05-16T05:40:46.510398,20.00,0.00,100.00,100.00
2026-05-16T05:40:46.614240,11.10,11.10,100.00,100.00
2026-05-16T05:40:46.717849,20.00,11.10,100.00,100.00
2026-05-16T05:40:46.821863,11.10,22.20,100.00,100.00
2026-05-16T05:40:46.925518,30.00,11.10,100.00,100.00
2026-05-16T05:40:47.029418,20.00,0.00,100.00,100.00
2026-05-16T05:40:47.133480,11.10,0.00,100.00,100.00
2026-05-16T05:40:47.237132,27.30,20.00,100.00,100.00
2026-05-16T05:40:47.340743,11.10,0.00,100.00,100.00
2026-05-16T05:40:47.444575,11.10,22.20,100.00,100.00
2026-05-16T05:40:47.548559,11.10,11.10,100.00,100.00
2026-05-16T05:40:47.652695,12.50,12.50,100.00,100.00
2026-05-16T05:40:47.756329,20.00,11.10,100.00,100.00
2026-05-16T05:40:47.860261,20.00,11.10,100.00,100.00
2026-05-16T05:40:47.963662,20.00,0.00,100.00,100.00
2026-05-16T05:40:48.067182,11.10,12.50,100.00,100.00
2026-05-16T05:40:48.170757,27.30,11.10,100.00,100.00
2026-05-16T05:40:48.274562,11.10,0.00,100.00,100.00
2026-05-16T05:40:48.378355,20.00,0.00,100.00,100.00
2026-05-16T05:40:48.482062,27.30,12.50,100.00,100.00
2026-05-16T05:40:48.586802,12.50,0.00,100.00,100.00
2026-05-16T05:40:48.690886,20.00,11.10,100.00,100.00
2026-05-16T05:40:48.794583,27.30,27.30,100.00,100.00
2026-05-16T05:40:48.898033,20.00,0.00,100.00,100.00
2026-05-16T05:40:49.001643,11.10,0.00,100.00,100.00
2026-05-16T05:40:49.105547,12.50,0.00,100.00,100.00
2026-05-16T05:40:49.209455,11.10,12.50,100.00,100.00
2026-05-16T05:40:49.313609,27.30,11.10,100.00,100.00
2026-05-16T05:40:49.419899,12.50,12.50,100.00,100.00
2026-05-16T05:40:49.527420,81.80,81.80,100.00,100.00
2026-05-16T05:40:49.634673,77.80,88.90,100.00,100.00
2026-05-16T05:40:49.740036,77.80,80.00,100.00,100.00
2026-05-16T05:40:49.845689,80.00,90.00,100.00,100.00
2026-05-16T05:40:49.951300,77.80,77.80,100.00,100.00
2026-05-16T05:40:50.057674,80.00,77.80,100.00,100.00
2026-05-16T05:40:50.163397,70.00,90.90,100.00,100.00
2026-05-16T05:40:50.268892,75.00,88.90,100.00,100.00
2026-05-16T05:40:50.374223,81.80,83.30,100.00,100.00
2026-05-16T05:40:50.479991,70.00,90.00,100.00,100.00
2026-05-16T05:40:50.585957,75.00,90.00,100.00,100.00
2026-05-16T05:40:50.692910,81.80,77.80,100.00,100.00
2026-05-16T05:40:50.802447,88.90,90.00,100.00,100.00
2026-05-16T05:40:50.907021,80.00,80.00,100.00,100.00
2026-05-16T05:40:51.011354,80.00,81.80,100.00,100.00
2026-05-16T05:40:51.117483,88.90,77.80,100.00,100.00
2026-05-16T05:40:51.227048,81.80,80.00,100.00,100.00
2026-05-16T05:40:51.332430,80.00,90.00,100.00,100.00
2026-05-16T05:40:51.437553,81.80,80.00,100.00,100.00
2026-05-16T05:40:51.545749,75.00,88.90,100.00,100.00
2026-05-16T05:40:51.651441,80.00,80.00,100.00,100.00
2026-05-16T05:40:51.757504,77.80,88.90,100.00,100.00
2026-05-16T05:40:51.863904,90.00,90.00,100.00,100.00
2026-05-16T05:40:51.969242,80.00,81.80,100.00,100.00
2026-05-16T05:40:52.076411,77.80,90.00,100.00,100.00
2026-05-16T05:40:52.182610,66.70,88.90,100.00,100.00
2026-05-16T05:40:52.288323,70.00,83.30,100.00,100.00
2026-05-16T05:40:52.394675,75.00,77.80,100.00,100.00
2026-05-16T05:40:52.501599,70.00,80.00,100.00,100.00
2026-05-16T05:40:52.610198,77.80,80.00,100.00,100.00
2026-05-16T05:40:52.716011,80.00,80.00,100.00,100.00
2026-05-16T05:40:52.820842,77.80,77.80,100.00,100.00
2026-05-16T05:40:52.926873,77.80,90.00,100.00,100.00
2026-05-16T05:40:53.036474,81.80,90.00,100.00,100.00
2026-05-16T05:40:53.141057,80.00,77.80,100.00,100.00
2026-05-16T05:40:53.246720,81.80,80.00,100.00,100.00
2026-05-16T05:40:53.352649,77.80,80.00,100.00,100.00
2026-05-16T05:40:53.459537,81.80,88.90,100.00,100.00
2026-05-16T05:40:53.563925,77.80,80.00,100.00,100.00
2026-05-16T05:40:53.669635,70.00,80.00,100.00,100.00
2026-05-16T05:40:53.774223,80.00,81.80,100.00,100.00
2026-05-16T05:40:53.884023,77.80,90.00,100.00,100.00
2026-05-16T05:40:53.990787,80.00,77.80,100.00,100.00
2026-05-16T05:40:54.095631,80.00,80.00,100.00,100.00
2026-05-16T05:40:54.200609,62.50,77.80,100.00,100.00
2026-05-16T05:40:54.307038,80.00,80.00,100.00,100.00
2026-05-16T05:40:54.415436,70.00,83.30,100.00,100.00
2026-05-16T05:40:54.522586,77.80,77.80,100.00,100.00
2026-05-16T05:40:54.627078,80.00,87.50,100.00,100.00
2026-05-16T05:40:54.734187,66.70,70.00,100.00,100.00
2026-05-16T05:40:54.838989,75.00,77.80,100.00,100.00
2026-05-16T05:40:54.944790,66.70,90.00,100.00,100.00
2026-05-16T05:40:55.050637,66.70,80.00,100.00,100.00
2026-05-16T05:40:55.156255,66.70,75.00,100.00,100.00
2026-05-16T05:40:55.261896,75.00,80.00,100.00,100.00
2026-05-16T05:40:55.369029,66.70,81.80,100.00,100.00
2026-05-16T05:40:55.475517,66.70,77.80,100.00,100.00
2026-05-16T05:40:55.581012,66.70,80.00,100.00,100.00
2026-05-16T05:40:55.685304,75.00,77.80,100.00,100.00
2026-05-16T05:40:55.792155,70.00,80.00,100.00,100.00
2026-05-16T05:40:55.897024,66.70,80.00,100.00,100.00
2026-05-16T05:40:56.002464,66.70,77.80,100.00,100.00
2026-05-16T05:40:56.109105,80.00,66.70,100.00,100.00
2026-05-16T05:40:56.215380,66.70,77.80,100.00,100.00
2026-05-16T05:40:56.319873,77.80,75.00,100.00,100.00
2026-05-16T05:40:56.427555,66.70,70.00,100.00,100.00
2026-05-16T05:40:56.533307,80.00,80.00,100.00,100.00
2026-05-16T05:40:56.640054,80.00,80.00,100.00,100.00
2026-05-16T05:40:56.745655,66.70,77.80,100.00,100.00
2026-05-16T05:40:56.852880,77.80,90.00,100.00,100.00
2026-05-16T05:40:56.957213,70.00,75.00,100.00,100.00
2026-05-16T05:40:57.063683,75.00,66.70,100.00,100.00
2026-05-16T05:40:57.172379,70.00,72.70,100.00,100.00
2026-05-16T05:40:57.278627,80.00,75.00,100.00,100.00
2026-05-16T05:40:57.382960,75.00,77.80,100.00,100.00
2026-05-16T05:40:57.488991,80.00,81.80,100.00,100.00
2026-05-16T05:40:57.594021,77.80,88.90,100.00,100.00
2026-05-16T05:40:57.698298,77.80,88.90,100.00,100.00
2026-05-16T05:40:57.803944,70.00,80.00,100.00,100.00
2026-05-16T05:40:57.909594,66.70,90.00,100.00,100.00
2026-05-16T05:40:58.013515,66.70,72.70,100.00,100.00
2026-05-16T05:40:58.119445,70.00,85.70,100.00,100.00
2026-05-16T05:40:58.224616,62.50,72.70,100.00,100.00
2026-05-16T05:40:58.329593,62.50,90.00,100.00,100.00
2026-05-16T05:40:58.433663,62.50,77.80,100.00,100.00
2026-05-16T05:40:58.538288,70.00,77.80,100.00,100.00
2026-05-16T05:40:58.646843,77.80,80.00,100.00,100.00
2026-05-16T05:40:58.751310,55.60,81.80,100.00,100.00
2026-05-16T05:40:58.857036,62.50,80.00,100.00,100.00
2026-05-16T05:40:58.962667,70.00,80.00,100.00,100.00
2026-05-16T05:40:59.067691,70.00,81.80,100.00,100.00
2026-05-16T05:40:59.173364,62.50,77.80,100.00,100.00
2026-05-16T05:40:59.279057,72.70,88.90,100.00,100.00
2026-05-16T05:40:59.384626,75.00,70.00,100.00,100.00
2026-05-16T05:40:59.489604,66.70,77.80,100.00,100.00
2026-05-16T05:40:59.597397,77.80,80.00,100.00,100.00
2026-05-16T05:40:59.704073,66.70,77.80,100.00,100.00
2026-05-16T05:40:59.808420,75.00,70.00,100.00,100.00
2026-05-16T05:40:59.914357,70.00,77.80,100.00,100.00
2026-05-16T05:41:00.018622,70.00,77.80,100.00,100.00
2026-05-16T05:41:00.125159,77.80,80.00,100.00,100.00
2026-05-16T05:41:00.231894,66.70,81.80,100.00,100.00
2026-05-16T05:41:00.337349,66.70,80.00,100.00,100.00
2026-05-16T05:41:00.441142,66.70,77.80,100.00,100.00
2026-05-16T05:41:00.546292,62.50,77.80,100.00,100.00
2026-05-16T05:41:00.654066,80.00,70.00,100.00,100.00
2026-05-16T05:41:00.760186,62.50,81.80,100.00,100.00
2026-05-16T05:41:00.866674,80.00,77.80,100.00,100.00
2026-05-16T05:41:00.972779,70.00,66.70,100.00,100.00
2026-05-16T05:41:01.079393,75.00,80.00,100.00,100.00
2026-05-16T05:41:01.187854,83.30,87.50,100.00,100.00
2026-05-16T05:41:01.293802,80.00,80.00,100.00,100.00
2026-05-16T05:41:01.398466,90.00,80.00,100.00,100.00
2026-05-16T05:41:01.505251,80.00,77.80,100.00,100.00
2026-05-16T05:41:01.611819,80.00,88.90,100.00,100.00
2026-05-16T05:41:01.718331,77.80,80.00,100.00,100.00
2026-05-16T05:41:01.825416,81.80,77.80,100.00,100.00
2026-05-16T05:41:01.932720,88.90,88.90,100.00,100.00
2026-05-16T05:41:02.037958,77.80,80.00,100.00,100.00
2026-05-16T05:41:02.145422,80.00,81.80,100.00,100.00
2026-05-16T05:41:02.251944,80.00,90.00,100.00,100.00
2026-05-16T05:41:02.357940,77.80,77.80,100.00,100.00
2026-05-16T05:41:02.463399,81.80,81.80,100.00,100.00
2026-05-16T05:41:02.571257,77.80,88.90,100.00,100.00
2026-05-16T05:41:02.678019,90.00,80.00,100.00,100.00
2026-05-16T05:41:02.786434,80.00,80.00,100.00,100.00
2026-05-16T05:41:02.890930,80.00,75.00,100.00,100.00
2026-05-16T05:41:02.995992,77.80,80.00,100.00,100.00
2026-05-16T05:41:03.100367,81.80,81.80,100.00,100.00
2026-05-16T05:41:03.207843,80.00,88.90,100.00,100.00
2026-05-16T05:41:03.314898,77.80,88.90,100.00,100.00
2026-05-16T05:41:03.423724,77.80,81.80,100.00,100.00
2026-05-16T05:41:03.530300,81.80,88.90,100.00,100.00
2026-05-16T05:41:03.636908,80.00,77.80,100.00,100.00
2026-05-16T05:41:03.743501,90.00,88.90,100.00,100.00
2026-05-16T05:41:03.848060,77.80,80.00,100.00,100.00
2026-05-16T05:41:03.956304,77.80,81.80,100.00,100.00
2026-05-16T05:41:04.060614,77.80,87.50,100.00,100.00
2026-05-16T05:41:04.166723,80.00,81.80,100.00,100.00
2026-05-16T05:41:04.274181,80.00,90.00,100.00,100.00
2026-05-16T05:41:04.381220,77.80,80.00,100.00,100.00
2026-05-16T05:41:04.485942,62.50,66.70,100.00,100.00
2026-05-16T05:41:04.591709,66.70,66.70,100.00,100.00
2026-05-16T05:41:04.697113,66.70,62.50,100.00,100.00
2026-05-16T05:41:04.803694,66.70,66.70,100.00,100.00
2026-05-16T05:41:04.908362,62.50,70.00,100.00,100.00
2026-05-16T05:41:05.012957,55.60,62.50,100.00,100.00
2026-05-16T05:41:05.117962,57.10,66.70,100.00,100.00
2026-05-16T05:41:05.222840,55.60,66.70,100.00,100.00
2026-05-16T05:41:05.327276,50.00,57.10,100.00,100.00
2026-05-16T05:41:05.432469,42.90,55.60,100.00,100.00
2026-05-16T05:41:05.538869,50.00,57.10,100.00,100.00
2026-05-16T05:41:05.643404,50.00,70.00,100.00,100.00
2026-05-16T05:41:05.748746,66.70,70.00,100.00,100.00
2026-05-16T05:41:05.853697,55.60,62.50,100.00,100.00
2026-05-16T05:41:05.959716,66.70,70.00,100.00,100.00
2026-05-16T05:41:06.067263,55.60,62.50,100.00,100.00
2026-05-16T05:41:06.173488,62.50,75.00,100.00,100.00
2026-05-16T05:41:06.279205,62.50,66.70,100.00,100.00
2026-05-16T05:41:06.385685,55.60,62.50,100.00,100.00
2026-05-16T05:41:06.489949,62.50,66.70,100.00,100.00
2026-05-16T05:41:06.595375,66.70,62.50,100.00,100.00
2026-05-16T05:41:06.701400,55.60,55.60,100.00,100.00
2026-05-16T05:41:06.805291,50.00,60.00,100.00,100.00
2026-05-16T05:41:06.910005,50.00,50.00,100.00,100.00
2026-05-16T05:41:07.014753,50.00,66.70,100.00,100.00
2026-05-16T05:41:07.120364,42.90,50.00,100.00,100.00
2026-05-16T05:41:07.225747,62.50,50.00,100.00,100.00
2026-05-16T05:41:07.330376,50.00,66.70,100.00,100.00
2026-05-16T05:41:07.437069,62.50,60.00,100.00,100.00
2026-05-16T05:41:07.542308,62.50,62.50,100.00,100.00
2026-05-16T05:41:07.647909,55.60,60.00,100.00,100.00
2026-05-16T05:41:07.754283,55.60,62.50,100.00,100.00
2026-05-16T05:41:07.858637,57.10,42.90,100.00,100.00
2026-05-16T05:41:07.963691,50.00,55.60,100.00,100.00
2026-05-16T05:41:08.068580,60.00,50.00,100.00,100.00
2026-05-16T05:41:08.174640,33.30,50.00,100.00,100.00
2026-05-16T05:41:08.279622,55.60,55.60,100.00,100.00
2026-05-16T05:41:08.384510,55.60,50.00,100.00,100.00
2026-05-16T05:41:08.490962,42.90,55.60,100.00,100.00
2026-05-16T05:41:08.597400,63.60,60.00,100.00,100.00
2026-05-16T05:41:08.702884,50.00,62.50,100.00,100.00
2026-05-16T05:41:08.808600,55.60,50.00,100.00,100.00
2026-05-16T05:41:08.914418,44.40,62.50,100.00,100.00
2026-05-16T05:41:09.020558,62.50,44.40,100.00,100.00
2026-05-16T05:41:09.125926,42.90,66.70,100.00,100.00
2026-05-16T05:41:09.232590,55.60,60.00,100.00,100.00
2026-05-16T05:41:09.339815,62.50,57.10,100.00,100.00
2026-05-16T05:41:09.446164,70.00,66.70,100.00,100.00
2026-05-16T05:41:09.551087,62.50,55.60,100.00,100.00
2026-05-16T05:41:09.658672,55.60,66.70,100.00,100.00
2026-05-16T05:41:09.764627,55.60,57.10,100.00,100.00
2026-05-16T05:41:09.869292,50.00,60.00,100.00,100.00
2026-05-16T05:41:09.974180,50.00,50.00,100.00,100.00
2026-05-16T05:41:10.080230,55.60,55.60,100.00,100.00
2026-05-16T05:41:10.185847,42.90,62.50,100.00,100.00
2026-05-16T05:41:10.292303,55.60,50.00,100.00,100.00
2026-05-16T05:41:10.396309,62.50,55.60,100.00,100.00
2026-05-16T05:41:10.501229,55.60,50.00,100.00,100.00
2026-05-16T05:41:10.612024,50.00,70.00,100.00,100.00
2026-05-16T05:41:10.718017,55.60,50.00,100.00,100.00
2026-05-16T05:41:10.824844,70.00,66.70,100.00,100.00
2026-05-16T05:41:10.930921,42.90,55.60,100.00,100.00
2026-05-16T05:41:11.035611,57.10,62.50,100.00,100.00
2026-05-16T05:41:11.141824,55.60,50.00,100.00,100.00
2026-05-16T05:41:11.249077,55.60,60.00,100.00,100.00
2026-05-16T05:41:11.354078,50.00,55.60,100.00,100.00
2026-05-16T05:41:11.459435,57.10,50.00,100.00,100.00
2026-05-16T05:41:11.565779,55.60,66.70,100.00,100.00
2026-05-16T05:41:11.670646,57.10,62.50,100.00,100.00
2026-05-16T05:41:11.775946,55.60,50.00,100.00,100.00
2026-05-16T05:41:11.881235,55.60,63.60,100.00,100.00
2026-05-16T05:41:11.985946,42.90,50.00,100.00,100.00
2026-05-16T05:41:12.092262,42.90,50.00,100.00,100.00
2026-05-16T05:41:12.197637,60.00,55.60,100.00,100.00
2026-05-16T05:41:12.303988,42.90,55.60,100.00,100.00
2026-05-16T05:41:12.409367,55.60,62.50,100.00,100.00
2026-05-16T05:41:12.514085,42.90,60.00,100.00,100.00
2026-05-16T05:41:12.620225,55.60,42.90,100.00,100.00
2026-05-16T05:41:12.726379,28.60,66.70,100.00,100.00
2026-05-16T05:41:12.831895,55.60,55.60,100.00,100.00
2026-05-16T05:41:12.936247,62.50,55.60,100.00,100.00
2026-05-16T05:41:13.041334,50.00,50.00,100.00,100.00
2026-05-16T05:41:13.146828,60.00,55.60,100.00,100.00
2026-05-16T05:41:13.253133,57.10,66.70,100.00,100.00
2026-05-16T05:41:13.358904,50.00,50.00,100.00,100.00
2026-05-16T05:41:13.463180,55.60,60.00,100.00,100.00
2026-05-16T05:41:13.568230,42.90,50.00,100.00,100.00
2026-05-16T05:41:13.672875,60.00,62.50,100.00,100.00
2026-05-16T05:41:13.778444,50.00,55.60,100.00,100.00
2026-05-16T05:41:13.883954,50.00,62.50,100.00,100.00
2026-05-16T05:41:13.988985,50.00,55.60,100.00,100.00
2026-05-16T05:41:14.093694,50.00,60.00,100.00,100.00
2026-05-16T05:41:14.199302,33.30,55.60,100.00,100.00
2026-05-16T05:41:14.304996,62.50,62.50,100.00,100.00
2026-05-16T05:41:14.409274,44.40,55.60,100.00,100.00
2026-05-16T05:41:14.514716,50.00,50.00,100.00,100.00
2026-05-16T05:41:14.619922,57.10,70.00,100.00,100.00
2026-05-16T05:41:14.725666,50.00,50.00,100.00,100.00
2026-05-16T05:41:14.831439,42.90,66.70,100.00,100.00
2026-05-16T05:41:14.936952,50.00,50.00,100.00,100.00
2026-05-16T05:41:15.042336,50.00,60.00,100.00,100.00
2026-05-16T05:41:15.147377,55.60,62.50,100.00,100.00
2026-05-16T05:41:15.253285,50.00,60.00,100.00,100.00
2026-05-16T05:41:15.358384,50.00,50.00,100.00,100.00
2026-05-16T05:41:15.463167,57.10,50.00,100.00,100.00
2026-05-16T05:41:15.567664,44.40,57.10,100.00,100.00
2026-05-16T05:41:15.671736,42.90,70.00,100.00,100.00
2026-05-16T05:41:15.776959,62.50,62.50,100.00,100.00
2026-05-16T05:41:15.882648,55.60,55.60,100.00,100.00
2026-05-16T05:41:15.988131,50.00,62.50,100.00,100.00
2026-05-16T05:41:16.093615,62.50,62.50,100.00,100.00
2026-05-16T05:41:16.198167,55.60,70.00,100.00,100.00
2026-05-16T05:41:16.303135,50.00,63.60,100.00,100.00
2026-05-16T05:41:16.408019,50.00,57.10,100.00,100.00
2026-05-16T05:41:16.512977,50.00,60.00,100.00,100.00
2026-05-16T05:41:16.617352,50.00,62.50,100.00,100.00
2026-05-16T05:41:16.722120,50.00,55.60,100.00,100.00
2026-05-16T05:41:16.828656,44.40,66.70,100.00,100.00
2026-05-16T05:41:16.932930,42.90,55.60,100.00,100.00
2026-05-16T05:41:17.037244,42.90,62.50,100.00,100.00
2026-05-16T05:41:17.142800,57.10,50.00,100.00,100.00
2026-05-16T05:41:17.248341,55.60,55.60,100.00,100.00
2026-05-16T05:41:17.353525,42.90,55.60,100.00,100.00
2026-05-16T05:41:17.459623,55.60,57.10,100.00,100.00
2026-05-16T05:41:17.565103,55.60,55.60,100.00,100.00
2026-05-16T05:41:17.670644,42.90,66.70,100.00,100.00
2026-05-16T05:41:17.774955,50.00,50.00,100.00,100.00
2026-05-16T05:41:17.879875,42.90,62.50,100.00,100.00
2026-05-16T05:41:17.984803,50.00,60.00,100.00,100.00
2026-05-16T05:41:18.090056,50.00,50.00,100.00,100.00
2026-05-16T05:41:18.195897,55.60,55.60,100.00,100.00
2026-05-16T05:41:18.302066,50.00,62.50,100.00,100.00
2026-05-16T05:41:18.406892,60.00,50.00,100.00,100.00
2026-05-16T05:41:18.512691,42.90,55.60,100.00,100.00
2026-05-16T05:41:18.617055,55.60,50.00,100.00,100.00
2026-05-16T05:41:18.723489,66.70,62.50,100.00,100.00
2026-05-16T05:41:18.829408,62.50,70.00,100.00,100.00
2026-05-16T05:41:18.934802,55.60,55.60,100.00,100.00
2026-05-16T05:41:19.039835,66.70,57.10,100.00,100.00
2026-05-16T05:41:19.145513,66.70,60.00,100.00,100.00
2026-05-16T05:41:19.250329,42.90,50.00,100.00,100.00
2026-05-16T05:41:19.355655,55.60,42.90,100.00,100.00
2026-05-16T05:41:19.463305,66.70,81.80,100.00,100.00
2026-05-16T05:41:19.568898,87.50,88.90,100.00,100.00
2026-05-16T05:41:19.673546,80.00,80.00,100.00,100.00
2026-05-16T05:41:19.780021,72.70,90.90,100.00,100.00
2026-05-16T05:41:19.885435,87.50,90.90,100.00,100.00
2026-05-16T05:41:19.991400,77.80,100.00,100.00,100.00
2026-05-16T05:41:20.095881,77.80,90.00,100.00,100.00
2026-05-16T05:41:20.202970,80.00,90.00,100.00,100.00
2026-05-16T05:41:20.307280,87.50,100.00,100.00,100.00
2026-05-16T05:41:20.413303,66.70,91.70,100.00,100.00
2026-05-16T05:41:20.517842,80.00,88.90,100.00,100.00
2026-05-16T05:41:20.626012,88.90,90.90,100.00,100.00
2026-05-16T05:41:20.730791,81.80,100.00,100.00,100.00
2026-05-16T05:41:20.834483,80.00,90.00,100.00,100.00
2026-05-16T05:41:20.941335,88.90,100.00,100.00,100.00
2026-05-16T05:41:21.045446,80.00,90.00,100.00,100.00
2026-05-16T05:41:21.150021,77.80,90.00,100.00,100.00
2026-05-16T05:41:21.255509,80.00,88.90,100.00,100.00
2026-05-16T05:41:21.359693,77.80,81.80,100.00,100.00
2026-05-16T05:41:21.465136,80.00,75.00,100.00,100.00
2026-05-16T05:41:21.572392,80.00,90.00,100.00,100.00
2026-05-16T05:41:21.677773,66.70,90.00,100.00,100.00
2026-05-16T05:41:21.783576,90.00,88.90,100.00,100.00
2026-05-16T05:41:21.888496,88.90,80.00,100.00,100.00
2026-05-16T05:41:21.996503,80.00,90.00,100.00,100.00
2026-05-16T05:41:22.100809,66.70,77.80,100.00,100.00
2026-05-16T05:41:22.206713,80.00,81.80,100.00,100.00
2026-05-16T05:41:22.312242,75.00,77.80,100.00,100.00
2026-05-16T05:41:22.422047,80.00,90.90,100.00,100.00
2026-05-16T05:41:22.526618,80.00,70.00,100.00,100.00
2026-05-16T05:41:22.631308,77.80,87.50,100.00,100.00
2026-05-16T05:41:22.738686,80.00,81.80,100.00,100.00
2026-05-16T05:41:22.843369,77.80,77.80,100.00,100.00
2026-05-16T05:41:22.951166,80.00,80.00,100.00,100.00
2026-05-16T05:41:23.056778,80.00,77.80,100.00,100.00
2026-05-16T05:41:23.162625,80.00,90.00,100.00,100.00
2026-05-16T05:41:23.267046,50.00,81.80,100.00,100.00
2026-05-16T05:41:23.376816,90.00,100.00,100.00,100.00
2026-05-16T05:41:23.481880,90.00,77.80,100.00,100.00
2026-05-16T05:41:23.586822,88.90,90.00,100.00,100.00
2026-05-16T05:41:23.693501,81.80,90.00,100.00,100.00
2026-05-16T05:41:23.800175,90.90,80.00,100.00,100.00
2026-05-16T05:41:23.905248,77.80,90.00,100.00,100.00
2026-05-16T05:41:24.012907,90.90,88.90,100.00,100.00
2026-05-16T05:41:24.117828,77.80,81.80,100.00,100.00
2026-05-16T05:41:24.223784,88.90,90.00,100.00,100.00
2026-05-16T05:41:24.329353,77.80,90.00,100.00,100.00
2026-05-16T05:41:24.438025,81.80,100.00,100.00,100.00
2026-05-16T05:41:24.542037,87.50,90.00,100.00,100.00
2026-05-16T05:41:24.648044,80.00,90.00,100.00,100.00
2026-05-16T05:41:24.752248,80.00,100.00,100.00,100.00
2026-05-16T05:41:24.856451,75.00,81.80,100.00,100.00
2026-05-16T05:41:24.962410,66.70,90.00,100.00,100.00
2026-05-16T05:41:25.068520,75.00,90.00,100.00,100.00
2026-05-16T05:41:25.172988,70.00,81.80,100.00,100.00
2026-05-16T05:41:25.277539,80.00,87.50,100.00,100.00
2026-05-16T05:41:25.382571,88.90,90.00,100.00,100.00
2026-05-16T05:41:25.489449,80.00,90.00,100.00,100.00
2026-05-16T05:41:25.593724,75.00,80.00,100.00,100.00
2026-05-16T05:41:25.698675,88.90,100.00,100.00,100.00
2026-05-16T05:41:25.804259,88.90,90.90,100.00,100.00
2026-05-16T05:41:25.910039,81.80,88.90,100.00,100.00
2026-05-16T05:41:26.016192,72.70,83.30,100.00,100.00
2026-05-16T05:41:26.120465,75.00,88.90,100.00,100.00
2026-05-16T05:41:26.226273,62.50,90.00,100.00,100.00
2026-05-16T05:41:26.331996,80.00,77.80,100.00,100.00
2026-05-16T05:41:26.436824,77.80,81.80,100.00,100.00
2026-05-16T05:41:26.541506,66.70,90.90,100.00,100.00
2026-05-16T05:41:26.648143,70.00,88.90,100.00,100.00
2026-05-16T05:41:26.757687,80.00,90.90,100.00,100.00
2026-05-16T05:41:26.862402,77.80,77.80,100.00,100.00
2026-05-16T05:41:26.968600,62.50,90.00,100.00,100.00
2026-05-16T05:41:27.072612,80.00,77.80,100.00,100.00
2026-05-16T05:41:27.180526,77.80,81.80,100.00,100.00
2026-05-16T05:41:27.285220,72.70,88.90,100.00,100.00
2026-05-16T05:41:27.391214,75.00,83.30,100.00,100.00
2026-05-16T05:41:27.495976,72.70,88.90,100.00,100.00
2026-05-16T05:41:27.599935,77.80,77.80,100.00,100.00
2026-05-16T05:41:27.707714,77.80,88.90,100.00,100.00
2026-05-16T05:41:27.813187,75.00,90.90,100.00,100.00
2026-05-16T05:41:27.917505,80.00,75.00,100.00,100.00
2026-05-16T05:41:28.025360,72.70,80.00,100.00,100.00
2026-05-16T05:41:28.131262,88.90,88.90,100.00,100.00
2026-05-16T05:41:28.237889,88.90,81.80,100.00,100.00
2026-05-16T05:41:28.344402,90.00,90.00,100.00,100.00
2026-05-16T05:41:28.448738,77.80,88.90,100.00,100.00
2026-05-16T05:41:28.555802,90.00,90.00,100.00,100.00
2026-05-16T05:41:28.660639,80.00,80.00,100.00,100.00
2026-05-16T05:41:28.767615,77.80,90.00,100.00,100.00
2026-05-16T05:41:28.873838,90.00,77.80,100.00,100.00
2026-05-16T05:41:28.981020,81.80,81.80,100.00,100.00
2026-05-16T05:41:29.086669,90.00,90.00,100.00,100.00
2026-05-16T05:41:29.194483,80.00,88.90,100.00,100.00
2026-05-16T05:41:29.299945,90.00,80.00,100.00,100.00
2026-05-16T05:41:29.405288,81.80,88.90,100.00,100.00
2026-05-16T05:41:29.511783,90.00,80.00,100.00,100.00
2026-05-16T05:41:29.616850,77.80,90.00,100.00,100.00
2026-05-16T05:41:29.723711,88.90,90.90,100.00,100.00
2026-05-16T05:41:29.827970,80.00,90.00,100.00,100.00
2026-05-16T05:41:29.933589,80.00,80.00,100.00,100.00
2026-05-16T05:41:30.041987,70.00,90.00,100.00,100.00
2026-05-16T05:41:30.147576,77.80,75.00,100.00,100.00
2026-05-16T05:41:30.252641,77.80,90.90,100.00,100.00
2026-05-16T05:41:30.356482,75.00,88.90,100.00,100.00
2026-05-16T05:41:30.460985,81.80,81.80,100.00,100.00
2026-05-16T05:41:30.567605,72.70,88.90,100.00,100.00
2026-05-16T05:41:30.672241,75.00,81.80,100.00,100.00
2026-05-16T05:41:30.777879,80.00,100.00,100.00,100.00
2026-05-16T05:41:30.882294,90.00,87.50,100.00,100.00
2026-05-16T05:41:30.987551,75.00,90.00,100.00,100.00
2026-05-16T05:41:31.094791,70.00,80.00,100.00,100.00
2026-05-16T05:41:31.202455,81.80,80.00,100.00,100.00
2026-05-16T05:41:31.307753,88.90,90.00,100.00,100.00
2026-05-16T05:41:31.412579,77.80,90.00,100.00,100.00
2026-05-16T05:41:31.519241,90.00,88.90,100.00,100.00
2026-05-16T05:41:31.625161,88.90,80.00,100.00,100.00
2026-05-16T05:41:31.730886,80.00,80.00,100.00,100.00
2026-05-16T05:41:31.835917,80.00,88.90,100.00,100.00
2026-05-16T05:41:31.940425,80.00,77.80,100.00,100.00
2026-05-16T05:41:32.046301,77.80,90.00,100.00,100.00
2026-05-16T05:41:32.152586,77.80,90.90,100.00,100.00
2026-05-16T05:41:32.258270,75.00,90.90,100.00,100.00
2026-05-16T05:41:32.364958,80.00,81.80,100.00,100.00
2026-05-16T05:41:32.469980,70.00,88.90,100.00,100.00
2026-05-16T05:41:32.577373,75.00,81.80,100.00,100.00
2026-05-16T05:41:32.681804,80.00,88.90,100.00,100.00
2026-05-16T05:41:32.786587,66.70,80.00,100.00,100.00
2026-05-16T05:41:32.892227,77.80,90.00,100.00,100.00
2026-05-16T05:41:32.998372,72.70,77.80,100.00,100.00
2026-05-16T05:41:33.104948,77.80,80.00,100.00,100.00
2026-05-16T05:41:33.210681,62.50,90.00,100.00,100.00
2026-05-16T05:41:33.317922,77.80,80.00,100.00,100.00
2026-05-16T05:41:33.424161,80.00,90.00,100.00,100.00
2026-05-16T05:41:33.528350,77.80,80.00,100.00,100.00
2026-05-16T05:41:33.632700,81.80,88.90,100.00,100.00
2026-05-16T05:41:33.740295,90.00,90.00,100.00,100.00
2026-05-16T05:41:33.845355,88.90,90.00,100.00,100.00
2026-05-16T05:41:33.950025,80.00,77.80,100.00,100.00
2026-05-16T05:41:34.058182,90.00,81.80,100.00,100.00
2026-05-16T05:41:34.163381,80.00,88.90,100.00,100.00
2026-05-16T05:41:34.270740,90.00,90.00,100.00,100.00
2026-05-16T05:41:34.380286,88.90,87.50,100.00,100.00
2026-05-16T05:41:34.485460,90.90,90.90,100.00,100.00
2026-05-16T05:41:34.713021,100.00,100.00,100.00,100.00
2026-05-16T05:41:34.819253,90.90,100.00,100.00,28.60
2026-05-16T05:41:34.925542,77.80,77.80,75.00,37.50
2026-05-16T05:41:35.031030,77.80,80.00,80.00,40.00
2026-05-16T05:41:35.145833,70.00,81.80,72.70,33.30
2026-05-16T05:41:35.251628,80.00,77.80,75.00,37.50
2026-05-16T05:41:35.356940,75.00,80.00,77.80,25.00
2026-05-16T05:41:35.463878,72.70,72.70,70.00,25.00
2026-05-16T05:41:35.571961,77.80,88.90,80.00,50.00
2026-05-16T05:41:35.679596,77.80,80.00,80.00,33.30
2026-05-16T05:41:35.785737,75.00,90.90,77.80,55.60
2026-05-16T05:41:35.891794,70.00,77.80,77.80,33.30
2026-05-16T05:41:35.998284,80.00,83.30,80.00,28.60
2026-05-16T05:41:36.105243,80.00,77.80,77.80,25.00
2026-05-16T05:41:36.210649,66.70,80.00,72.70,40.00
2026-05-16T05:41:36.317170,66.70,80.00,71.40,33.30
2026-05-16T05:41:36.424634,77.80,80.00,80.00,14.30
2026-05-16T05:41:36.530036,80.00,80.00,77.80,33.30
2026-05-16T05:41:36.636074,77.80,81.80,70.00,25.00
2026-05-16T05:41:36.741180,72.70,77.80,75.00,25.00
2026-05-16T05:41:36.847073,66.70,77.80,70.00,25.00
2026-05-16T05:41:36.953578,77.80,77.80,80.00,33.30
2026-05-16T05:41:37.058180,66.70,77.80,66.70,25.00
2026-05-16T05:41:37.163152,75.00,70.00,75.00,33.30
2026-05-16T05:41:37.269237,72.70,77.80,72.70,25.00
2026-05-16T05:41:37.375788,62.50,70.00,77.80,33.30
2026-05-16T05:41:37.480640,81.80,80.00,77.80,25.00
2026-05-16T05:41:37.585833,75.00,83.30,81.80,25.00
2026-05-16T05:41:37.693329,66.70,77.80,62.50,25.00
2026-05-16T05:41:37.798561,72.70,77.80,80.00,37.50
2026-05-16T05:41:37.905006,80.00,87.50,75.00,25.00
2026-05-16T05:41:38.010456,75.00,81.80,80.00,25.00
2026-05-16T05:41:38.116608,80.00,66.70,66.70,33.30
2026-05-16T05:41:38.223365,72.70,90.00,81.80,25.00
2026-05-16T05:41:38.331312,80.00,75.00,77.80,44.40
2026-05-16T05:41:38.437644,75.00,87.50,77.80,33.30
2026-05-16T05:41:38.543211,72.70,81.80,80.00,25.00
2026-05-16T05:41:38.649646,77.80,80.00,77.80,33.30
2026-05-16T05:41:38.756389,75.00,77.80,66.70,40.00
2026-05-16T05:41:38.862359,70.00,70.00,80.00,14.30
2026-05-16T05:41:38.970018,77.80,80.00,70.00,25.00
2026-05-16T05:41:39.075959,66.70,80.00,75.00,44.40
2026-05-16T05:41:39.181429,80.00,81.80,71.40,14.30
2026-05-16T05:41:39.288060,70.00,90.90,72.70,44.40
2026-05-16T05:41:39.393793,75.00,66.70,75.00,25.00
2026-05-16T05:41:39.499008,70.00,88.90,66.70,25.00
2026-05-16T05:41:39.604969,75.00,80.00,77.80,33.30
2026-05-16T05:41:39.711351,72.70,80.00,80.00,37.50
2026-05-16T05:41:39.817621,75.00,81.80,75.00,25.00
2026-05-16T05:41:39.923462,70.00,80.00,70.00,14.30
2026-05-16T05:41:40.028648,75.00,80.00,81.80,33.30
2026-05-16T05:41:40.134268,80.00,83.30,80.00,25.00
2026-05-16T05:41:40.241212,66.70,77.80,77.80,40.00
2026-05-16T05:41:40.347617,77.80,90.00,77.80,37.50
2026-05-16T05:41:40.452610,70.00,83.30,77.80,25.00
2026-05-16T05:41:40.559780,77.80,62.50,70.00,25.00
2026-05-16T05:41:40.666020,70.00,81.80,77.80,33.30
2026-05-16T05:41:40.772071,62.50,80.00,66.70,25.00
2026-05-16T05:41:40.877785,80.00,77.80,77.80,25.00
2026-05-16T05:41:40.983670,75.00,72.70,80.00,25.00
2026-05-16T05:41:41.091575,75.00,87.50,70.00,33.30
2026-05-16T05:41:41.197543,80.00,80.00,77.80,37.50
2026-05-16T05:41:41.305535,80.00,91.70,81.80,37.50
2026-05-16T05:41:41.413009,80.00,80.00,77.80,25.00
2026-05-16T05:41:41.519531,80.00,81.80,75.00,28.60
2026-05-16T05:41:41.625437,80.00,88.90,80.00,33.30
2026-05-16T05:41:41.731557,66.70,77.80,75.00,33.30
2026-05-16T05:41:41.837068,80.00,77.80,72.70,33.30
2026-05-16T05:41:41.943078,80.00,80.00,75.00,25.00
2026-05-16T05:41:42.050615,77.80,81.80,77.80,33.30
2026-05-16T05:41:42.156530,70.00,80.00,75.00,44.40
2026-05-16T05:41:42.262407,77.80,80.00,81.80,25.00
2026-05-16T05:41:42.368538,77.80,88.90,80.00,33.30
2026-05-16T05:41:42.475004,77.80,80.00,77.80,25.00
2026-05-16T05:41:42.580885,80.00,81.80,88.90,28.60
2026-05-16T05:41:42.686217,66.70,77.80,70.00,25.00
2026-05-16T05:41:42.791309,80.00,75.00,80.00,25.00
2026-05-16T05:41:42.897354,72.70,72.70,66.70,40.00
2026-05-16T05:41:43.003630,77.80,88.90,80.00,25.00
2026-05-16T05:41:43.110490,80.00,80.00,77.80,33.30
2026-05-16T05:41:43.215974,66.70,81.80,70.00,25.00
2026-05-16T05:41:43.323208,77.80,70.00,77.80,25.00
2026-05-16T05:41:43.433505,70.00,88.90,77.80,37.50
2026-05-16T05:41:43.539508,80.00,81.80,66.70,25.00
2026-05-16T05:41:43.645700,75.00,90.00,81.80,40.00
2026-05-16T05:41:43.751013,77.80,77.80,75.00,28.60
2026-05-16T05:41:43.856868,66.70,75.00,66.70,33.30
2026-05-16T05:41:43.962833,70.00,75.00,70.00,25.00
2026-05-16T05:41:44.068233,66.70,66.70,62.50,30.00
2026-05-16T05:41:44.176211,77.80,81.80,72.70,25.00
2026-05-16T05:41:44.282470,72.70,77.80,77.80,50.00
2026-05-16T05:41:44.387562,71.40,72.70,75.00,14.30
2026-05-16T05:41:44.492991,70.00,75.00,70.00,33.30
2026-05-16T05:41:44.598367,77.80,80.00,66.70,14.30
2026-05-16T05:41:44.704971,70.00,70.00,77.80,40.00
2026-05-16T05:41:44.811412,80.00,80.00,70.00,33.30
2026-05-16T05:41:44.917892,80.00,80.00,77.80,33.30
2026-05-16T05:41:45.024823,80.00,88.90,77.80,37.50
2026-05-16T05:41:45.131207,70.00,80.00,77.80,33.30
2026-05-16T05:41:45.238037,80.00,80.00,77.80,44.40
2026-05-16T05:41:45.344719,77.80,83.30,66.70,33.30
2026-05-16T05:41:45.452082,75.00,80.00,81.80,25.00
2026-05-16T05:41:45.558706,80.00,88.90,80.00,28.60
2026-05-16T05:41:45.665850,70.00,81.80,77.80,40.00
2026-05-16T05:41:45.772406,88.90,90.00,81.80,37.50
2026-05-16T05:41:45.877804,77.80,81.80,77.80,44.40
2026-05-16T05:41:45.984253,66.70,80.00,66.70,25.00
2026-05-16T05:41:46.089917,70.00,77.80,77.80,25.00
2026-05-16T05:41:46.196015,77.80,83.30,70.00,37.50
2026-05-16T05:41:46.302734,80.00,87.50,77.80,25.00
2026-05-16T05:41:46.408175,66.70,75.00,80.00,25.00
2026-05-16T05:41:46.513466,75.00,77.80,66.70,25.00
2026-05-16T05:41:46.619251,72.70,77.80,66.70,25.00
2026-05-16T05:41:46.724904,77.80,72.70,77.80,30.00
2026-05-16T05:41:46.830616,62.50,75.00,66.70,33.30
2026-05-16T05:41:46.936041,72.70,66.70,70.00,14.30
2026-05-16T05:41:47.042488,77.80,90.00,75.00,33.30
2026-05-16T05:41:47.148257,77.80,80.00,77.80,37.50
2026-05-16T05:41:47.253703,80.00,80.00,66.70,33.30
2026-05-16T05:41:47.361014,70.00,77.80,80.00,14.30
2026-05-16T05:41:47.466427,81.80,81.80,77.80,33.30
2026-05-16T05:41:47.574427,80.00,81.80,70.00,25.00
2026-05-16T05:41:47.681712,77.80,77.80,80.00,37.50
2026-05-16T05:41:47.788227,77.80,81.80,75.00,33.30
2026-05-16T05:41:47.893782,72.70,77.80,72.70,33.30
2026-05-16T05:41:47.998924,62.50,70.00,70.00,25.00
2026-05-16T05:41:48.105844,81.80,80.00,77.80,25.00
2026-05-16T05:41:48.212695,75.00,87.50,77.80,33.30
2026-05-16T05:41:48.318621,72.70,75.00,77.80,33.30
2026-05-16T05:41:48.425684,80.00,88.90,70.00,28.60
2026-05-16T05:41:48.532625,77.80,80.00,80.00,33.30
2026-05-16T05:41:48.639748,80.00,88.90,77.80,33.30
2026-05-16T05:41:48.746083,80.00,80.00,77.80,28.60
2026-05-16T05:41:48.853069,81.80,81.80,81.80,25.00
2026-05-16T05:41:48.959700,77.80,77.80,80.00,37.50
2026-05-16T05:41:49.065947,81.80,77.80,77.80,25.00
2026-05-16T05:41:49.172522,77.80,90.00,77.80,25.00
2026-05-16T05:41:49.279842,80.00,80.00,81.80,50.00
2026-05-16T05:41:49.385341,77.80,83.30,77.80,37.50
2026-05-16T05:41:49.490534,55.60,62.50,55.60,12.50
2026-05-16T05:41:49.596060,55.60,60.00,60.00,22.20
2026-05-16T05:41:49.701906,50.00,50.00,44.40,25.00
2026-05-16T05:41:49.806428,62.50,55.60,42.90,22.20
2026-05-16T05:41:49.911603,55.60,70.00,60.00,25.00
2026-05-16T05:41:50.016974,55.60,50.00,50.00,22.20
2026-05-16T05:41:50.122273,50.00,60.00,55.60,25.00
2026-05-16T05:41:50.227688,54.50,50.00,50.00,22.20
2026-05-16T05:41:50.332431,62.50,70.00,55.60,30.00
2026-05-16T05:41:50.436923,44.40,44.40,50.00,12.50
2026-05-16T05:41:50.542272,50.00,50.00,54.50,25.00
2026-05-16T05:41:50.647659,60.00,62.50,50.00,22.20
2026-05-16T05:41:50.753779,57.10,60.00,60.00,33.30
2026-05-16T05:41:50.858906,60.00,62.50,50.00,30.00
2026-05-16T05:41:50.964616,50.00,50.00,60.00,22.20
2026-05-16T05:41:51.070059,55.60,63.60,42.90,25.00
2026-05-16T05:41:51.176192,55.60,66.70,55.60,22.20
2026-05-16T05:41:51.281753,57.10,60.00,55.60,33.30
2026-05-16T05:41:51.386844,55.60,50.00,42.90,22.20
2026-05-16T05:41:51.492183,55.60,62.50,62.50,25.00
2026-05-16T05:41:51.598013,42.90,50.00,55.60,12.50
2026-05-16T05:41:51.703215,55.60,63.60,50.00,30.00
2026-05-16T05:41:51.808275,55.60,62.50,60.00,33.30
2026-05-16T05:41:51.913680,55.60,60.00,55.60,25.00
2026-05-16T05:41:52.019052,42.90,60.00,50.00,22.20
2026-05-16T05:41:52.125022,42.90,50.00,55.60,12.50
2026-05-16T05:41:52.230690,55.60,66.70,50.00,25.00
2026-05-16T05:41:52.335976,60.00,50.00,50.00,30.00
2026-05-16T05:41:52.441398,42.90,55.60,50.00,25.00
2026-05-16T05:41:52.546427,63.60,42.90,44.40,12.50
2026-05-16T05:41:52.651722,50.00,60.00,42.90,22.20
2026-05-16T05:41:52.756536,42.90,50.00,50.00,14.30
2026-05-16T05:41:52.861333,60.00,50.00,60.00,22.20
2026-05-16T05:41:52.966455,50.00,60.00,42.90,22.20
2026-05-16T05:41:53.071809,55.60,57.10,55.60,14.30
2026-05-16T05:41:53.176381,55.60,55.60,55.60,30.00
2026-05-16T05:41:53.281828,55.60,55.60,50.00,33.30
2026-05-16T05:41:53.386457,55.60,50.00,55.60,22.20
2026-05-16T05:41:53.491345,60.00,60.00,50.00,25.00
2026-05-16T05:41:53.596656,50.00,60.00,55.60,12.50
2026-05-16T05:41:53.701451,42.90,42.90,50.00,30.00
2026-05-16T05:41:53.808018,66.70,42.90,50.00,25.00
2026-05-16T05:41:53.913417,55.60,60.00,50.00,22.20
2026-05-16T05:41:54.018597,55.60,55.60,55.60,22.20
2026-05-16T05:41:54.124467,44.40,60.00,55.60,14.30
2026-05-16T05:41:54.230433,62.50,62.50,50.00,22.20
2026-05-16T05:41:54.334896,50.00,60.00,60.00,22.20
2026-05-16T05:41:54.440128,55.60,50.00,42.90,12.50
2026-05-16T05:41:54.545660,50.00,60.00,60.00,33.30
2026-05-16T05:41:54.650730,50.00,57.10,42.90,22.20
2026-05-16T05:41:54.755888,55.60,60.00,60.00,25.00
2026-05-16T05:41:54.861031,57.10,55.60,55.60,22.20
2026-05-16T05:41:54.966695,44.40,50.00,55.60,30.00
2026-05-16T05:41:55.072373,55.60,63.60,50.00,25.00
2026-05-16T05:41:55.178269,62.50,57.10,55.60,33.30
2026-05-16T05:41:55.282967,55.60,55.60,55.60,22.20
2026-05-16T05:41:55.387485,60.00,55.60,42.90,25.00
2026-05-16T05:41:55.493850,50.00,55.60,55.60,22.20
2026-05-16T05:41:55.598151,42.90,55.60,50.00,22.20
2026-05-16T05:41:55.702536,60.00,66.70,50.00,25.00
2026-05-16T05:41:55.807968,55.60,50.00,50.00,22.20
2026-05-16T05:41:55.913303,66.70,66.70,60.00,45.50
2026-05-16T05:41:56.018860,50.00,55.60,50.00,12.50
2026-05-16T05:41:56.124498,50.00,55.60,50.00,22.20
2026-05-16T05:41:56.229600,66.70,62.50,62.50,25.00
2026-05-16T05:41:56.334249,55.60,60.00,44.40,22.20
2026-05-16T05:41:56.438443,50.00,42.90,55.60,22.20
2026-05-16T05:41:56.543710,42.90,60.00,55.60,22.20
2026-05-16T05:41:56.648317,55.60,42.90,50.00,25.00
2026-05-16T05:41:56.753843,50.00,66.70,50.00,30.00
2026-05-16T05:41:56.858519,42.90,60.00,55.60,12.50
2026-05-16T05:41:56.963544,60.00,50.00,50.00,22.20
2026-05-16T05:41:57.070465,55.60,55.60,54.50,25.00
2026-05-16T05:41:57.175278,60.00,63.60,57.10,22.20
2026-05-16T05:41:57.280737,55.60,66.70,60.00,25.00
2026-05-16T05:41:57.385863,50.00,50.00,37.50,30.00
2026-05-16T05:41:57.491513,50.00,55.60,55.60,14.30
2026-05-16T05:41:57.597073,63.60,55.60,66.70,22.20
2026-05-16T05:41:57.702824,42.90,62.50,50.00,30.00
2026-05-16T05:41:57.808271,63.60,55.60,42.90,25.00
2026-05-16T05:41:57.912971,50.00,42.90,55.60,0.00
2026-05-16T05:41:58.018643,42.90,55.60,55.60,22.20
2026-05-16T05:41:58.124728,60.00,60.00,50.00,40.00
2026-05-16T05:41:58.229562,50.00,55.60,42.90,12.50
2026-05-16T05:41:58.334477,50.00,50.00,55.60,22.20
2026-05-16T05:41:58.439338,55.60,66.70,50.00,12.50
2026-05-16T05:41:58.545308,50.00,50.00,60.00,25.00
2026-05-16T05:41:58.650306,60.00,55.60,55.60,12.50
2026-05-16T05:41:58.755444,50.00,55.60,50.00,25.00
2026-05-16T05:41:58.860934,42.90,60.00,50.00,22.20
2026-05-16T05:41:58.966969,63.60,57.10,55.60,25.00
2026-05-16T05:41:59.071984,42.90,60.00,42.90,22.20
2026-05-16T05:41:59.176786,50.00,50.00,50.00,22.20
2026-05-16T05:41:59.281930,60.00,55.60,55.60,40.00
2026-05-16T05:41:59.386530,50.00,62.50,55.60,12.50
2026-05-16T05:41:59.491574,55.60,60.00,50.00,14.30
2026-05-16T05:41:59.596526,50.00,55.60,55.60,22.20
2026-05-16T05:41:59.701727,66.70,50.00,55.60,33.30
2026-05-16T05:41:59.807652,50.00,62.50,42.90,12.50
2026-05-16T05:41:59.912864,60.00,55.60,60.00,22.20
2026-05-16T05:42:00.017986,55.60,55.60,55.60,14.30
2026-05-16T05:42:00.122907,57.10,50.00,55.60,22.20
2026-05-16T05:42:00.227580,55.60,60.00,50.00,22.20
2026-05-16T05:42:00.333693,50.00,66.70,55.60,25.00
2026-05-16T05:42:00.438804,60.00,42.90,42.90,12.50
2026-05-16T05:42:00.543815,50.00,63.60,63.60,25.00
2026-05-16T05:42:00.649627,50.00,57.10,33.30,30.00
2026-05-16T05:42:00.754732,60.00,42.90,50.00,33.30
2026-05-16T05:42:00.859717,50.00,63.60,60.00,12.50
2026-05-16T05:42:00.965222,50.00,42.90,42.90,22.20
2026-05-16T05:42:01.070896,50.00,60.00,55.60,25.00
2026-05-16T05:42:01.175514,62.50,66.70,55.60,25.00
2026-05-16T05:42:01.280377,50.00,55.60,55.60,33.30
2026-05-16T05:42:01.385443,50.00,50.00,55.60,22.20
2026-05-16T05:42:01.490609,44.40,50.00,42.90,12.50
2026-05-16T05:42:01.596324,55.60,60.00,55.60,30.00
2026-05-16T05:42:01.702907,60.00,55.60,60.00,25.00
2026-05-16T05:42:01.808829,50.00,62.50,50.00,22.20
2026-05-16T05:42:01.915220,50.00,60.00,55.60,22.20
2026-05-16T05:42:02.019902,60.00,60.00,55.60,25.00
2026-05-16T05:42:02.126350,42.90,50.00,55.60,22.20
2026-05-16T05:42:02.231474,55.60,55.60,42.90,22.20
2026-05-16T05:42:02.337466,50.00,62.50,55.60,25.00
2026-05-16T05:42:02.442435,44.40,50.00,55.60,22.20
2026-05-16T05:42:02.547516,55.60,50.00,44.40,12.50
2026-05-16T05:42:02.652859,42.90,55.60,55.60,33.30
2026-05-16T05:42:02.758247,60.00,62.50,55.60,30.00
2026-05-16T05:42:02.863539,42.90,60.00,50.00,25.00
2026-05-16T05:42:02.969387,60.00,66.70,55.60,12.50
2026-05-16T05:42:03.074632,50.00,55.60,55.60,25.00
2026-05-16T05:42:03.179588,66.70,55.60,57.10,30.00
2026-05-16T05:42:03.285235,55.60,55.60,55.60,33.30
2026-05-16T05:42:03.391516,50.00,50.00,50.00,12.50
2026-05-16T05:42:03.496966,44.40,55.60,55.60,30.00
2026-05-16T05:42:03.602222,50.00,62.50,44.40,25.00
2026-05-16T05:42:03.707482,55.60,60.00,57.10,22.20
2026-05-16T05:42:03.812530,55.60,57.10,55.60,33.30
2026-05-16T05:42:03.916985,42.90,54.50,50.00,12.50
2026-05-16T05:42:04.023381,50.00,62.50,50.00,33.30
2026-05-16T05:42:04.128504,50.00,55.60,42.90,22.20
2026-05-16T05:42:04.233655,50.00,55.60,60.00,22.20
2026-05-16T05:42:04.338784,60.00,55.60,55.60,25.00
2026-05-16T05:42:04.443310,37.50,44.40,44.40,12.50
2026-05-16T05:42:04.547043,12.50,14.30,12.50,20.00
2026-05-16T05:42:04.677154,27.30,20.00,11.10,27.30
2026-05-16T05:42:04.781356,12.50,12.50,22.20,100.00
2026-05-16T05:42:04.885860,12.50,22.20,14.30,100.00
2026-05-16T05:42:04.989859,25.00,14.30,12.50,100.00
2026-05-16T05:42:05.093892,22.20,12.50,12.50,100.00
2026-05-16T05:42:05.199911,14.30,22.20,12.50,100.00
2026-05-16T05:42:05.303887,30.00,14.30,25.00,100.00
2026-05-16T05:42:05.407998,12.50,22.20,22.20,100.00
2026-05-16T05:42:05.511808,12.50,12.50,25.00,100.00
2026-05-16T05:42:05.615722,25.00,25.00,0.00,100.00
2026-05-16T05:42:05.720458,22.20,12.50,22.20,100.00
2026-05-16T05:42:05.825998,22.20,12.50,14.30,100.00
2026-05-16T05:42:05.930513,14.30,33.30,12.50,100.00
2026-05-16T05:42:06.034814,30.00,12.50,22.20,100.00
2026-05-16T05:42:06.138592,12.50,0.00,0.00,100.00
2026-05-16T05:42:06.242224,33.30,12.50,22.20,100.00
2026-05-16T05:42:06.346503,22.20,33.30,12.50,100.00
2026-05-16T05:42:06.450412,30.00,0.00,22.20,100.00
2026-05-16T05:42:06.622009,38.50,40.00,42.90,100.00
2026-05-16T05:42:06.726127,14.30,28.60,100.00,100.00
2026-05-16T05:42:06.830177,25.00,25.00,100.00,100.00
2026-05-16T05:42:06.934721,25.00,25.00,100.00,100.00
2026-05-16T05:42:07.038970,22.20,28.60,100.00,100.00
2026-05-16T05:42:07.144547,25.00,33.30,100.00,100.00
2026-05-16T05:42:07.248602,25.00,28.60,100.00,100.00
2026-05-16T05:42:07.352619,40.00,25.00,100.00,100.00
2026-05-16T05:42:07.456511,14.30,25.00,100.00,100.00
2026-05-16T05:42:07.560635,12.50,25.00,100.00,100.00
2026-05-16T05:42:07.665047,25.00,16.70,100.00,100.00
2026-05-16T05:42:07.769674,25.00,25.00,100.00,100.00
2026-05-16T05:42:07.873779,22.20,25.00,100.00,100.00
2026-05-16T05:42:07.977521,25.00,25.00,100.00,100.00
2026-05-16T05:42:08.081533,33.30,16.70,100.00,100.00
2026-05-16T05:42:08.185362,14.30,37.50,100.00,100.00
2026-05-16T05:42:08.290273,28.60,40.00,100.00,100.00
2026-05-16T05:42:08.394905,25.00,0.00,100.00,100.00
2026-05-16T05:42:08.500554,25.00,37.50,100.00,100.00
2026-05-16T05:42:08.605714,14.30,33.30,100.00,100.00
2026-05-16T05:42:08.710441,33.30,28.60,100.00,100.00
2026-05-16T05:42:08.814488,25.00,25.00,100.00,100.00
2026-05-16T05:42:08.918481,12.50,28.60,100.00,100.00
2026-05-16T05:42:09.022745,25.00,14.30,100.00,100.00
2026-05-16T05:42:09.127437,14.30,25.00,100.00,100.00
2026-05-16T05:42:09.231450,25.00,37.50,100.00,100.00
2026-05-16T05:42:09.335665,25.00,14.30,100.00,100.00
2026-05-16T05:42:09.440841,25.00,28.60,100.00,100.00
2026-05-16T05:42:09.545224,25.00,28.60,100.00,100.00
2026-05-16T05:42:09.650372,0.00,25.00,100.00,100.00
2026-05-16T05:42:09.755752,25.00,37.50,100.00,100.00
2026-05-16T05:42:09.860910,12.50,25.00,100.00,100.00
2026-05-16T05:42:09.964993,14.30,33.30,100.00,100.00
2026-05-16T05:42:10.069383,14.30,16.70,100.00,100.00
2026-05-16T05:42:10.173831,33.30,25.00,100.00,100.00
2026-05-16T05:42:10.278529,33.30,25.00,100.00,100.00
2026-05-16T05:42:10.382924,33.30,28.60,100.00,100.00
2026-05-16T05:42:10.487678,22.20,14.30,100.00,100.00
2026-05-16T05:42:10.591650,25.00,25.00,100.00,100.00
2026-05-16T05:42:10.696288,25.00,37.50,100.00,100.00
2026-05-16T05:42:10.800386,25.00,0.00,100.00,100.00
2026-05-16T05:42:10.904540,14.30,25.00,100.00,100.00
2026-05-16T05:42:11.009375,30.00,25.00,100.00,100.00
2026-05-16T05:42:11.114253,0.00,25.00,100.00,100.00
2026-05-16T05:42:11.218553,25.00,28.60,100.00,100.00
2026-05-16T05:42:11.322978,33.30,14.30,100.00,100.00
2026-05-16T05:42:11.426884,14.30,37.50,100.00,100.00
2026-05-16T05:42:11.530938,25.00,25.00,100.00,100.00
2026-05-16T05:42:11.635594,25.00,28.60,100.00,100.00
2026-05-16T05:42:11.739856,25.00,25.00,100.00,100.00
2026-05-16T05:42:11.843884,25.00,28.60,100.00,100.00
2026-05-16T05:42:11.948116,25.00,0.00,100.00,100.00
2026-05-16T05:42:12.052841,22.20,33.30,100.00,100.00
2026-05-16T05:42:12.157381,0.00,14.30,100.00,100.00
2026-05-16T05:42:12.261901,25.00,16.70,100.00,100.00
2026-05-16T05:42:12.366028,40.00,33.30,100.00,100.00
2026-05-16T05:42:12.470164,25.00,0.00,100.00,100.00
2026-05-16T05:42:12.573924,14.30,25.00,100.00,100.00
2026-05-16T05:42:12.677940,14.30,25.00,100.00,100.00
2026-05-16T05:42:12.782294,22.20,14.30,100.00,100.00
2026-05-16T05:42:12.886673,25.00,25.00,100.00,100.00
2026-05-16T05:42:12.990784,14.30,25.00,100.00,100.00
2026-05-16T05:42:13.094670,14.30,28.60,100.00,100.00
2026-05-16T05:42:13.198504,25.00,25.00,100.00,100.00
2026-05-16T05:42:13.302998,25.00,25.00,100.00,100.00
2026-05-16T05:42:13.407170,14.30,14.30,100.00,100.00
2026-05-16T05:42:13.511049,22.20,28.60,100.00,100.00
2026-05-16T05:42:13.615341,33.30,14.30,100.00,100.00
2026-05-16T05:42:13.719534,14.30,25.00,100.00,100.00
2026-05-16T05:42:13.823627,33.30,14.30,100.00,100.00
2026-05-16T05:42:13.927480,0.00,25.00,100.00,100.00
2026-05-16T05:42:14.031711,25.00,28.60,100.00,100.00
2026-05-16T05:42:14.135862,25.00,14.30,100.00,100.00
2026-05-16T05:42:14.239779,25.00,25.00,100.00,100.00
2026-05-16T05:42:14.344236,22.20,25.00,100.00,100.00
2026-05-16T05:42:14.449371,0.00,37.50,100.00,100.00
2026-05-16T05:42:14.554061,25.00,16.70,100.00,100.00
2026-05-16T05:42:14.658741,33.30,44.40,100.00,100.00
2026-05-16T05:42:14.763548,22.20,25.00,100.00,100.00
2026-05-16T05:42:14.867912,25.00,14.30,100.00,100.00
2026-05-16T05:42:14.972271,14.30,28.60,100.00,100.00
2026-05-16T05:42:15.076330,25.00,25.00,100.00,100.00
2026-05-16T05:42:15.180908,33.30,28.60,100.00,100.00
2026-05-16T05:42:15.285510,14.30,33.30,100.00,100.00
2026-05-16T05:42:15.389898,0.00,16.70,100.00,100.00
2026-05-16T05:42:15.494415,25.00,25.00,100.00,100.00
2026-05-16T05:42:15.598238,25.00,14.30,100.00,100.00
2026-05-16T05:42:15.702812,25.00,37.50,100.00,100.00
2026-05-16T05:42:15.806664,25.00,25.00,100.00,100.00
2026-05-16T05:42:15.910472,33.30,37.50,100.00,100.00
2026-05-16T05:42:16.015232,14.30,14.30,100.00,100.00
2026-05-16T05:42:16.119820,14.30,37.50,100.00,100.00
2026-05-16T05:42:16.224440,12.50,25.00,100.00,100.00
2026-05-16T05:42:16.328811,33.30,33.30,100.00,100.00
2026-05-16T05:42:16.432631,14.30,14.30,100.00,100.00
2026-05-16T05:42:16.537166,33.30,16.70,100.00,100.00
2026-05-16T05:42:16.641751,33.30,33.30,100.00,100.00
2026-05-16T05:42:16.745178,0.00,14.30,100.00,100.00
2026-05-16T05:42:16.850596,22.20,28.60,100.00,100.00
2026-05-16T05:42:16.954895,25.00,14.30,100.00,100.00
2026-05-16T05:42:17.058805,33.30,0.00,100.00,100.00
2026-05-16T05:42:17.162538,25.00,37.50,100.00,100.00
2026-05-16T05:42:17.266506,25.00,33.30,100.00,100.00
2026-05-16T05:42:17.370531,14.30,0.00,100.00,100.00
2026-05-16T05:42:17.474778,22.20,28.60,100.00,100.00
2026-05-16T05:42:17.579996,28.60,14.30,100.00,100.00
2026-05-16T05:42:17.684093,22.20,25.00,100.00,100.00
2026-05-16T05:42:17.789792,37.50,37.50,100.00,100.00
2026-05-16T05:42:17.895426,14.30,0.00,100.00,100.00
2026-05-16T05:42:17.999843,25.00,44.40,100.00,100.00
2026-05-16T05:42:18.104009,33.30,16.70,100.00,100.00
2026-05-16T05:42:18.209034,16.70,25.00,100.00,100.00
2026-05-16T05:42:18.314781,25.00,37.50,100.00,100.00
2026-05-16T05:42:18.419888,25.00,25.00,100.00,100.00
2026-05-16T05:42:18.524484,14.30,28.60,100.00,100.00
2026-05-16T05:42:18.628870,25.00,28.60,100.00,100.00
2026-05-16T05:42:18.733688,33.30,37.50,100.00,100.00
2026-05-16T05:42:18.837955,14.30,37.50,100.00,100.00
2026-05-16T05:42:18.942310,25.00,0.00,100.00,100.00
2026-05-16T05:42:19.047541,0.00,33.30,100.00,100.00
2026-05-16T05:42:19.152388,25.00,16.70,100.00,100.00
2026-05-16T05:42:19.256871,33.30,33.30,100.00,100.00
2026-05-16T05:42:19.361042,25.00,16.70,100.00,100.00
2026-05-16T05:42:19.465028,0.00,30.00,100.00,100.00
2026-05-16T05:42:19.569041,10.00,0.00,100.00,100.00
2026-05-16T05:42:19.672720,0.00,12.50,100.00,100.00
2026-05-16T05:42:19.777423,20.00,11.10,100.00,100.00
2026-05-16T05:42:19.880955,0.00,0.00,100.00,100.00
2026-05-16T05:42:19.984607,11.10,0.00,100.00,100.00
2026-05-16T05:42:20.088508,10.00,11.10,100.00,100.00
2026-05-16T05:42:20.191748,11.10,20.00,100.00,100.00
2026-05-16T05:42:20.295406,20.00,0.00,100.00,100.00
2026-05-16T05:42:20.398876,0.00,11.10,100.00,100.00
2026-05-16T05:42:20.502381,18.20,0.00,100.00,100.00
2026-05-16T05:42:20.605978,0.00,0.00,100.00,100.00
2026-05-16T05:42:20.709370,20.00,11.10,100.00,100.00
2026-05-16T05:42:20.812982,10.00,11.10,100.00,100.00
2026-05-16T05:42:20.916984,0.00,0.00,100.00,100.00
2026-05-16T05:42:21.020243,20.00,11.10,100.00,100.00
2026-05-16T05:42:21.123640,0.00,0.00,100.00,100.00
2026-05-16T05:42:21.227610,20.00,11.10,100.00,100.00
2026-05-16T05:42:21.331489,11.10,0.00,100.00,100.00
2026-05-16T05:42:21.434881,11.10,20.00,100.00,100.00
2026-05-16T05:42:21.538534,11.10,0.00,100.00,100.00
2026-05-16T05:42:21.642221,25.00,20.00,100.00,100.00
2026-05-16T05:42:21.746026,0.00,0.00,100.00,100.00
2026-05-16T05:42:21.849840,11.10,11.10,100.00,100.00
2026-05-16T05:42:21.953601,11.10,0.00,100.00,100.00
2026-05-16T05:42:22.057092,11.10,0.00,100.00,100.00
2026-05-16T05:42:22.160900,10.00,0.00,100.00,100.00
2026-05-16T05:42:22.264832,20.00,11.10,100.00,100.00
2026-05-16T05:42:22.368341,20.00,0.00,100.00,100.00
2026-05-16T05:42:22.472513,11.10,0.00,100.00,100.00
2026-05-16T05:42:22.576268,10.00,20.00,100.00,100.00
2026-05-16T05:42:22.680077,0.00,0.00,100.00,100.00
2026-05-16T05:42:22.783740,11.10,0.00,100.00,100.00
2026-05-16T05:42:22.887666,11.10,0.00,100.00,100.00
2026-05-16T05:42:22.991379,18.20,11.10,100.00,100.00
2026-05-16T05:42:23.094715,0.00,18.20,100.00,100.00
2026-05-16T05:42:23.198267,11.10,0.00,100.00,100.00
2026-05-16T05:42:23.302114,20.00,0.00,100.00,100.00
2026-05-16T05:42:23.406326,11.10,11.10,100.00,100.00
2026-05-16T05:42:23.510827,27.30,0.00,100.00,100.00
2026-05-16T05:42:23.615386,0.00,11.10,100.00,100.00
2026-05-16T05:42:23.719296,20.00,22.20,100.00,100.00
2026-05-16T05:42:23.822734,20.00,0.00,100.00,100.00
2026-05-16T05:42:23.926757,11.10,12.50,100.00,100.00
2026-05-16T05:42:24.030249,18.20,0.00,100.00,100.00
2026-05-16T05:42:24.133742,11.10,0.00,100.00,100.00
2026-05-16T05:42:24.237311,11.10,20.00,100.00,100.00
2026-05-16T05:42:24.340669,18.20,0.00,100.00,100.00
2026-05-16T05:42:24.444454,11.10,20.00,100.00,100.00
2026-05-16T05:42:24.547901,10.00,11.10,100.00,100.00
2026-05-16T05:42:24.651727,20.00,11.10,100.00,100.00
2026-05-16T05:42:24.755683,11.10,11.10,100.00,100.00
2026-05-16T05:42:24.860029,10.00,12.50,100.00,100.00
2026-05-16T05:42:24.964069,12.50,0.00,100.00,100.00
2026-05-16T05:42:25.067626,11.10,12.50,100.00,100.00
2026-05-16T05:42:25.171917,20.00,11.10,100.00,100.00
2026-05-16T05:42:25.275685,20.00,0.00,100.00,100.00
2026-05-16T05:42:25.379927,11.10,12.50,100.00,100.00
2026-05-16T05:42:25.483645,20.00,20.00,100.00,100.00
2026-05-16T05:42:25.587554,11.10,0.00,100.00,100.00
2026-05-16T05:42:25.691466,0.00,0.00,100.00,100.00
2026-05-16T05:42:25.794901,10.00,11.10,100.00,100.00
2026-05-16T05:42:25.898671,30.00,11.10,100.00,100.00
2026-05-16T05:42:26.002091,0.00,20.00,100.00,100.00
2026-05-16T05:42:26.105715,10.00,0.00,100.00,100.00
2026-05-16T05:42:26.208956,20.00,0.00,100.00,100.00
2026-05-16T05:42:26.312347,11.10,11.10,100.00,100.00
2026-05-16T05:42:26.415725,0.00,0.00,100.00,100.00
2026-05-16T05:42:26.519203,11.10,0.00,100.00,100.00
2026-05-16T05:42:26.622984,10.00,0.00,100.00,100.00
2026-05-16T05:42:26.726361,20.00,10.00,100.00,100.00
2026-05-16T05:42:26.830220,11.10,0.00,100.00,100.00
2026-05-16T05:42:26.933531,0.00,11.10,100.00,100.00
2026-05-16T05:42:27.037063,20.00,11.10,100.00,100.00
2026-05-16T05:42:27.140817,11.10,0.00,100.00,100.00
2026-05-16T05:42:27.244416,11.10,0.00,100.00,100.00
2026-05-16T05:42:27.348347,10.00,11.10,100.00,100.00
2026-05-16T05:42:27.451909,11.10,0.00,100.00,100.00
2026-05-16T05:42:27.555943,11.10,20.00,100.00,100.00
2026-05-16T05:42:27.659560,11.10,0.00,100.00,100.00
2026-05-16T05:42:27.763111,10.00,0.00,100.00,100.00
2026-05-16T05:42:27.866742,11.10,0.00,100.00,100.00
2026-05-16T05:42:27.970677,11.10,0.00,100.00,100.00
2026-05-16T05:42:28.074249,11.10,20.00,100.00,100.00
2026-05-16T05:42:28.177881,10.00,0.00,100.00,100.00
2026-05-16T05:42:28.281373,11.10,0.00,100.00,100.00
2026-05-16T05:42:28.385063,11.10,0.00,100.00,100.00
2026-05-16T05:42:28.488883,0.00,18.20,100.00,100.00
2026-05-16T05:42:28.592416,11.10,0.00,100.00,100.00
2026-05-16T05:42:28.695976,20.00,11.10,100.00,100.00
2026-05-16T05:42:28.799323,10.00,11.10,100.00,100.00
2026-05-16T05:42:28.902716,20.00,0.00,100.00,100.00
2026-05-16T05:42:29.006446,0.00,0.00,100.00,100.00
2026-05-16T05:42:29.110461,18.20,0.00,100.00,100.00
2026-05-16T05:42:29.214319,0.00,11.10,100.00,100.00
2026-05-16T05:42:29.317699,11.10,0.00,100.00,100.00
2026-05-16T05:42:29.421131,11.10,0.00,100.00,100.00
2026-05-16T05:42:29.524751,11.10,11.10,100.00,100.00
2026-05-16T05:42:29.628551,0.00,11.10,100.00,100.00
2026-05-16T05:42:29.732177,18.20,11.10,100.00,100.00
2026-05-16T05:42:29.835720,0.00,0.00,100.00,100.00
2026-05-16T05:42:29.939109,11.10,11.10,100.00,100.00
2026-05-16T05:42:30.042746,18.20,11.10,100.00,100.00
2026-05-16T05:42:30.146264,0.00,0.00,100.00,100.00
2026-05-16T05:42:30.249819,20.00,11.10,100.00,100.00
2026-05-16T05:42:30.353279,20.00,0.00,100.00,100.00
2026-05-16T05:42:30.456639,0.00,11.10,100.00,100.00
2026-05-16T05:42:30.560405,11.10,11.10,100.00,100.00
2026-05-16T05:42:30.664323,0.00,0.00,100.00,100.00
2026-05-16T05:42:30.767938,20.00,0.00,100.00,100.00
2026-05-16T05:42:30.871742,11.10,0.00,100.00,100.00
2026-05-16T05:42:30.976403,18.20,0.00,100.00,100.00
2026-05-16T05:42:31.080314,11.10,0.00,100.00,100.00
2026-05-16T05:42:31.184610,11.10,20.00,100.00,100.00
2026-05-16T05:42:31.288134,11.10,11.10,100.00,100.00
2026-05-16T05:42:31.391708,20.00,0.00,100.00,100.00
2026-05-16T05:42:31.495620,11.10,11.10,100.00,100.00
2026-05-16T05:42:31.599272,10.00,0.00,100.00,100.00
2026-05-16T05:42:31.703066,11.10,11.10,100.00,100.00
2026-05-16T05:42:31.806833,20.00,0.00,100.00,100.00
2026-05-16T05:42:31.910346,10.00,11.10,100.00,100.00
2026-05-16T05:42:32.013644,0.00,0.00,100.00,100.00
2026-05-16T05:42:32.117643,11.10,0.00,100.00,100.00
2026-05-16T05:42:32.220981,10.00,20.00,100.00,100.00
2026-05-16T05:42:32.324854,11.10,0.00,100.00,100.00
2026-05-16T05:42:32.428457,11.10,0.00,100.00,100.00
2026-05-16T05:42:32.532254,27.30,11.10,100.00,100.00
2026-05-16T05:42:32.635980,0.00,0.00,100.00,100.00
2026-05-16T05:42:32.739550,11.10,20.00,100.00,100.00
2026-05-16T05:42:32.843281,0.00,11.10,100.00,100.00
2026-05-16T05:42:32.946936,11.10,0.00,100.00,100.00
2026-05-16T05:42:33.050525,10.00,11.10,100.00,100.00
2026-05-16T05:42:33.154056,11.10,12.50,100.00,100.00
2026-05-16T05:42:33.257646,0.00,0.00,100.00,100.00
2026-05-16T05:42:33.361342,11.10,22.20,100.00,100.00
2026-05-16T05:42:33.467167,20.00,0.00,100.00,100.00
2026-05-16T05:42:33.571367,11.10,12.50,100.00,100.00
2026-05-16T05:42:33.675122,10.00,20.00,100.00,100.00
2026-05-16T05:42:33.778544,11.10,0.00,100.00,100.00
2026-05-16T05:42:33.882679,11.10,0.00,100.00,100.00
2026-05-16T05:42:33.986344,11.10,0.00,100.00,100.00
2026-05-16T05:42:34.090533,11.10,20.00,100.00,100.00
2026-05-16T05:42:34.193946,11.10,0.00,100.00,100.00
2026-05-16T05:42:34.297447,11.10,0.00,100.00,100.00
2026-05-16T05:42:34.400985,10.00,11.10,100.00,100.00
2026-05-16T05:42:34.506147,57.10,66.70,100.00,100.00
2026-05-16T05:42:34.610949,63.60,80.00,100.00,100.00
2026-05-16T05:42:34.716254,62.50,77.80,100.00,100.00
2026-05-16T05:42:34.821666,55.60,72.70,100.00,100.00
2026-05-16T05:42:34.926392,50.00,87.50,100.00,100.00
2026-05-16T05:42:35.032450,66.70,80.00,100.00,100.00
2026-05-16T05:42:35.724797,84.10,83.60,77.60,100.00
2026-05-16T05:42:35.831944,80.00,70.00,100.00,100.00
2026-05-16T05:42:35.936629,88.90,90.00,100.00,100.00
2026-05-16T05:42:36.041238,66.70,81.80,100.00,100.00
2026-05-16T05:42:36.149468,80.00,75.00,100.00,100.00
2026-05-16T05:42:36.254195,75.00,80.00,100.00,100.00
2026-05-16T05:42:36.361838,81.80,80.00,100.00,100.00
2026-05-16T05:42:36.467423,75.00,80.00,100.00,100.00
2026-05-16T05:42:36.575216,80.00,75.00,100.00,100.00
2026-05-16T05:42:36.679261,70.00,66.70,100.00,100.00
2026-05-16T05:42:36.785038,75.00,80.00,100.00,100.00
2026-05-16T05:42:36.890841,70.00,81.80,100.00,100.00
2026-05-16T05:42:36.996602,80.00,75.00,100.00,100.00
2026-05-16T05:42:37.101230,80.00,72.70,100.00,100.00
2026-05-16T05:42:37.208473,75.00,75.00,100.00,100.00
2026-05-16T05:42:37.313685,70.00,77.80,100.00,100.00
2026-05-16T05:42:37.418447,62.50,70.00,100.00,100.00
2026-05-16T05:42:37.523272,66.70,75.00,100.00,100.00
2026-05-16T05:42:37.630845,75.00,80.00,100.00,100.00
2026-05-16T05:42:37.737813,66.70,80.00,100.00,100.00
2026-05-16T05:42:37.843170,77.80,77.80,100.00,100.00
2026-05-16T05:42:37.947947,66.70,88.90,100.00,100.00
2026-05-16T05:42:38.052919,77.80,80.00,100.00,100.00
2026-05-16T05:42:38.158694,70.00,66.70,100.00,100.00
2026-05-16T05:42:38.264596,66.70,77.80,100.00,100.00
2026-05-16T05:42:38.369647,62.50,70.00,100.00,100.00
2026-05-16T05:42:38.474501,72.70,71.40,100.00,100.00
2026-05-16T05:42:38.578862,62.50,70.00,100.00,100.00
2026-05-16T05:42:38.683695,70.00,80.00,100.00,100.00
2026-05-16T05:42:38.791042,62.50,80.00,100.00,100.00
2026-05-16T05:42:38.896188,75.00,90.00,100.00,100.00
2026-05-16T05:42:39.000935,72.70,80.00,100.00,100.00
2026-05-16T05:42:39.106694,57.10,90.00,100.00,100.00
2026-05-16T05:42:39.213262,72.70,80.00,100.00,100.00
2026-05-16T05:42:39.318678,75.00,88.90,100.00,100.00
2026-05-16T05:42:39.425343,80.00,77.80,100.00,100.00
2026-05-16T05:42:39.531648,80.00,77.80,100.00,100.00
2026-05-16T05:42:39.636961,77.80,81.80,100.00,100.00
2026-05-16T05:42:39.745135,77.80,75.00,100.00,100.00
2026-05-16T05:42:39.850331,66.70,80.00,100.00,100.00
2026-05-16T05:42:39.955201,75.00,81.80,100.00,100.00
2026-05-16T05:42:40.060178,70.00,80.00,100.00,100.00
2026-05-16T05:42:40.167539,81.80,80.00,100.00,100.00
2026-05-16T05:42:40.272702,80.00,77.80,100.00,100.00
2026-05-16T05:42:40.377433,77.80,88.90,100.00,100.00
2026-05-16T05:42:40.482029,77.80,77.80,100.00,100.00
2026-05-16T05:42:40.587260,57.10,80.00,100.00,100.00
2026-05-16T05:42:40.693185,60.00,70.00,100.00,100.00
2026-05-16T05:42:40.798104,77.80,75.00,100.00,100.00
2026-05-16T05:42:40.905200,66.70,70.00,100.00,100.00
2026-05-16T05:42:41.012479,66.70,72.70,100.00,100.00
2026-05-16T05:42:41.118754,77.80,77.80,100.00,100.00
2026-05-16T05:42:41.225990,72.70,66.70,100.00,100.00
2026-05-16T05:42:41.331065,80.00,77.80,100.00,100.00
2026-05-16T05:42:41.437850,66.70,77.80,100.00,100.00
2026-05-16T05:42:41.542477,62.50,70.00,100.00,100.00
2026-05-16T05:42:41.647842,62.50,70.00,100.00,100.00
2026-05-16T05:42:41.753464,77.80,75.00,100.00,100.00
2026-05-16T05:42:41.857938,60.00,70.00,100.00,100.00
2026-05-16T05:42:41.963974,80.00,88.90,100.00,100.00
2026-05-16T05:42:42.068640,62.50,80.00,100.00,100.00
2026-05-16T05:42:42.175635,75.00,88.90,100.00,100.00
2026-05-16T05:42:42.280203,70.00,90.90,100.00,100.00
2026-05-16T05:42:42.384821,77.80,80.00,100.00,100.00
2026-05-16T05:42:42.489505,70.00,80.00,100.00,100.00
2026-05-16T05:42:42.594407,75.00,88.90,100.00,100.00
2026-05-16T05:42:42.699451,66.70,81.80,100.00,100.00
2026-05-16T05:42:42.804939,77.80,80.00,100.00,100.00
2026-05-16T05:42:42.910497,62.50,87.50,100.00,100.00
2026-05-16T05:42:43.016003,77.80,88.90,100.00,100.00
2026-05-16T05:42:43.120792,57.10,80.00,100.00,100.00
2026-05-16T05:42:43.226836,66.70,80.00,100.00,100.00
2026-05-16T05:42:43.331602,72.70,75.00,100.00,100.00
2026-05-16T05:42:43.436640,62.50,90.00,100.00,100.00
2026-05-16T05:42:43.540972,77.80,77.80,100.00,100.00
2026-05-16T05:42:43.647377,77.80,81.80,100.00,100.00
2026-05-16T05:42:43.752320,80.00,88.90,100.00,100.00
2026-05-16T05:42:43.856490,62.50,70.00,100.00,100.00
2026-05-16T05:42:43.964384,62.50,77.80,100.00,100.00
2026-05-16T05:42:44.068629,66.70,66.70,100.00,100.00
2026-05-16T05:42:44.173631,70.00,77.80,100.00,100.00
2026-05-16T05:42:44.282968,77.80,80.00,100.00,100.00
2026-05-16T05:42:44.387977,66.70,77.80,100.00,100.00
2026-05-16T05:42:44.493415,75.00,81.80,100.00,100.00
2026-05-16T05:42:44.598991,66.70,77.80,100.00,100.00
2026-05-16T05:42:44.703836,66.70,88.90,100.00,100.00
2026-05-16T05:42:44.808531,75.00,80.00,100.00,100.00
2026-05-16T05:42:44.915528,81.80,80.00,100.00,100.00
2026-05-16T05:42:45.025071,81.80,81.80,100.00,100.00
2026-05-16T05:42:45.131898,77.80,80.00,100.00,100.00
2026-05-16T05:42:45.237571,77.80,75.00,100.00,100.00
2026-05-16T05:42:45.342916,66.70,77.80,100.00,100.00
2026-05-16T05:42:45.448177,66.70,70.00,100.00,100.00
2026-05-16T05:42:45.554811,66.70,75.00,100.00,100.00
2026-05-16T05:42:45.660631,66.70,70.00,100.00,100.00
2026-05-16T05:42:45.765828,66.70,77.80,100.00,100.00
2026-05-16T05:42:45.873250,77.80,77.80,100.00,100.00
2026-05-16T05:42:45.978208,66.70,77.80,100.00,100.00
2026-05-16T05:42:46.084006,66.70,70.00,100.00,100.00
2026-05-16T05:42:46.189225,66.70,75.00,100.00,100.00
2026-05-16T05:42:46.294000,77.80,80.00,100.00,100.00
2026-05-16T05:42:46.400026,70.00,80.00,100.00,100.00
2026-05-16T05:42:46.506010,80.00,77.80,100.00,100.00
2026-05-16T05:42:46.612800,71.40,80.00,100.00,100.00
2026-05-16T05:42:46.718684,70.00,77.80,100.00,100.00
2026-05-16T05:42:46.823572,77.80,77.80,100.00,100.00
2026-05-16T05:42:46.929594,80.00,81.80,100.00,100.00
2026-05-16T05:42:47.035053,66.70,77.80,100.00,100.00
2026-05-16T05:42:47.140637,62.50,75.00,100.00,100.00
2026-05-16T05:42:47.244804,77.80,62.50,100.00,100.00
2026-05-16T05:42:47.349062,66.70,80.00,100.00,100.00
2026-05-16T05:42:47.454797,62.50,66.70,100.00,100.00
2026-05-16T05:42:47.561972,72.70,75.00,100.00,100.00
2026-05-16T05:42:47.669880,77.80,80.00,100.00,100.00
2026-05-16T05:42:47.774487,80.00,72.70,100.00,100.00
2026-05-16T05:42:47.880453,66.70,75.00,100.00,100.00
2026-05-16T05:42:47.984887,70.00,66.70,100.00,100.00
2026-05-16T05:42:48.089493,70.00,62.50,100.00,100.00
2026-05-16T05:42:48.196178,62.50,75.00,100.00,100.00
2026-05-16T05:42:48.301624,66.70,70.00,100.00,100.00
2026-05-16T05:42:48.407341,70.00,77.80,100.00,100.00
2026-05-16T05:42:48.513155,62.50,70.00,100.00,100.00
2026-05-16T05:42:48.619003,66.70,75.00,100.00,100.00
2026-05-16T05:42:48.724514,70.00,72.70,100.00,100.00
2026-05-16T05:42:48.830795,66.70,66.70,100.00,100.00
2026-05-16T05:42:48.936260,75.00,66.70,100.00,100.00
2026-05-16T05:42:49.041073,66.70,77.80,100.00,100.00
2026-05-16T05:42:49.147480,70.00,62.50,100.00,100.00
2026-05-16T05:42:49.253416,70.00,81.80,100.00,100.00
2026-05-16T05:42:49.357963,62.50,62.50,100.00,100.00
2026-05-16T05:42:49.463084,55.60,77.80,100.00,100.00
2026-05-16T05:42:49.567834,62.50,70.00,100.00,100.00
2026-05-16T05:42:49.675650,70.00,90.00,100.00,100.00
2026-05-16T05:42:49.780071,66.70,77.80,100.00,100.00
2026-05-16T05:42:49.884951,66.70,66.70,100.00,100.00
2026-05-16T05:42:49.991524,70.00,77.80,100.00,100.00
2026-05-16T05:42:50.097187,71.40,77.80,100.00,100.00
2026-05-16T05:42:50.204726,72.70,80.00,100.00,100.00
2026-05-16T05:42:50.312174,80.00,75.00,100.00,100.00
2026-05-16T05:42:50.417831,77.80,70.00,100.00,100.00
2026-05-16T05:42:50.523620,62.50,77.80,100.00,100.00
2026-05-16T05:42:50.628078,80.00,77.80,100.00,100.00
2026-05-16T05:42:50.732973,70.00,75.00,100.00,100.00
2026-05-16T05:42:50.837643,62.50,66.70,100.00,100.00
2026-05-16T05:42:50.943783,77.80,90.00,100.00,100.00
2026-05-16T05:42:51.049657,63.60,77.80,100.00,100.00
2026-05-16T05:42:51.156573,66.70,80.00,100.00,100.00
2026-05-16T05:42:51.262820,75.00,66.70,100.00,100.00
2026-05-16T05:42:51.368555,55.60,77.80,100.00,100.00
2026-05-16T05:42:51.473470,77.80,77.80,100.00,100.00
2026-05-16T05:42:51.579306,77.80,81.80,100.00,100.00
2026-05-16T05:42:51.686277,72.70,80.00,100.00,100.00
2026-05-16T05:42:51.792464,75.00,70.00,100.00,100.00
2026-05-16T05:42:51.898883,66.70,71.40,100.00,100.00
2026-05-16T05:42:52.005967,70.00,77.80,100.00,100.00
2026-05-16T05:42:52.113121,66.70,66.70,100.00,100.00
2026-05-16T05:42:52.217317,66.70,66.70,100.00,100.00
2026-05-16T05:42:52.323521,62.50,77.80,100.00,100.00
2026-05-16T05:42:52.429677,80.00,80.00,100.00,100.00
2026-05-16T05:42:52.535173,66.70,75.00,100.00,100.00
2026-05-16T05:42:52.641476,70.00,72.70,100.00,100.00
2026-05-16T05:42:52.748055,77.80,77.80,100.00,100.00
2026-05-16T05:42:52.853662,70.00,77.80,100.00,100.00
2026-05-16T05:42:52.960175,80.00,80.00,100.00,100.00
2026-05-16T05:42:53.066227,75.00,66.70,100.00,100.00
2026-05-16T05:42:53.170929,70.00,80.00,100.00,100.00
2026-05-16T05:42:53.277045,70.00,77.80,100.00,100.00
2026-05-16T05:42:53.381724,80.00,77.80,100.00,100.00
2026-05-16T05:42:53.487872,77.80,77.80,100.00,100.00
2026-05-16T05:42:53.592936,77.80,77.80,100.00,100.00
2026-05-16T05:42:53.699669,70.00,77.80,100.00,100.00
2026-05-16T05:42:53.805529,71.40,80.00,100.00,100.00
2026-05-16T05:42:53.911004,70.00,80.00,100.00,100.00
2026-05-16T05:42:54.014965,77.80,70.00,100.00,100.00
2026-05-16T05:42:54.123812,77.80,88.90,100.00,100.00
2026-05-16T05:42:54.228874,66.70,66.70,100.00,100.00
2026-05-16T05:42:54.333462,72.70,80.00,100.00,100.00
2026-05-16T05:42:54.439504,57.10,62.50,100.00,100.00
2026-05-16T05:42:54.545491,62.50,66.70,100.00,100.00
2026-05-16T05:42:54.649851,70.00,80.00,100.00,100.00
2026-05-16T05:42:54.756851,60.00,66.70,100.00,100.00
2026-05-16T05:42:54.861702,62.50,75.00,100.00,100.00
2026-05-16T05:42:54.966249,66.70,77.80,100.00,100.00
2026-05-16T05:42:55.072303,60.00,62.50,100.00,100.00
2026-05-16T05:42:55.177616,62.50,77.80,100.00,100.00
2026-05-16T05:42:55.282360,57.10,70.00,100.00,100.00
2026-05-16T05:42:55.387280,66.70,71.40,100.00,100.00
2026-05-16T05:42:55.492525,55.60,72.70,100.00,100.00
2026-05-16T05:42:55.599050,70.00,66.70,100.00,100.00
2026-05-16T05:42:55.705469,66.70,70.00,100.00,100.00
2026-05-16T05:42:55.810053,57.10,75.00,100.00,100.00
2026-05-16T05:42:55.916183,70.00,66.70,100.00,100.00
2026-05-16T05:42:56.021813,70.00,80.00,100.00,100.00
2026-05-16T05:42:56.126266,62.50,66.70,100.00,100.00
2026-05-16T05:42:56.233274,66.70,75.00,100.00,100.00
2026-05-16T05:42:56.339921,66.70,60.00,100.00,100.00
2026-05-16T05:42:56.444501,62.50,66.70,100.00,100.00
2026-05-16T05:42:56.550382,62.50,75.00,100.00,100.00
2026-05-16T05:42:56.657440,70.00,66.70,100.00,100.00
2026-05-16T05:42:56.762435,66.70,66.70,100.00,100.00
2026-05-16T05:42:56.869747,70.00,66.70,100.00,100.00
2026-05-16T05:42:56.975754,60.00,75.00,100.00,100.00
2026-05-16T05:42:57.080508,62.50,66.70,100.00,100.00
2026-05-16T05:42:57.186403,66.70,70.00,100.00,100.00
2026-05-16T05:42:57.291215,62.50,71.40,100.00,100.00
2026-05-16T05:42:57.396056,63.60,66.70,100.00,100.00
2026-05-16T05:42:57.500598,62.50,80.00,100.00,100.00
2026-05-16T05:42:57.606821,66.70,66.70,100.00,100.00
2026-05-16T05:42:57.713437,66.70,66.70,100.00,100.00
2026-05-16T05:42:57.819667,70.00,77.80,100.00,100.00
2026-05-16T05:42:57.924742,66.70,66.70,100.00,100.00
2026-05-16T05:42:58.029219,75.00,66.70,100.00,100.00
2026-05-16T05:42:58.135682,60.00,77.80,100.00,100.00
2026-05-16T05:42:58.240384,66.70,66.70,100.00,100.00
2026-05-16T05:42:58.347004,75.00,80.00,100.00,100.00
2026-05-16T05:42:58.452677,70.00,75.00,100.00,100.00
2026-05-16T05:42:58.559033,77.80,80.00,100.00,100.00
2026-05-16T05:42:58.663783,66.70,77.80,100.00,100.00
2026-05-16T05:42:58.770621,77.80,81.80,100.00,100.00
2026-05-16T05:42:58.876028,70.00,77.80,100.00,100.00
2026-05-16T05:42:58.980976,77.80,77.80,100.00,100.00
2026-05-16T05:42:59.085562,80.00,81.80,100.00,100.00
2026-05-16T05:42:59.190820,62.50,75.00,100.00,100.00
2026-05-16T05:42:59.296610,66.70,70.00,100.00,100.00
2026-05-16T05:42:59.401265,72.70,75.00,100.00,100.00
2026-05-16T05:42:59.506668,62.50,66.70,100.00,100.00
2026-05-16T05:42:59.611050,55.60,66.70,100.00,100.00
2026-05-16T05:42:59.716922,70.00,75.00,100.00,100.00
2026-05-16T05:42:59.823610,77.80,80.00,100.00,100.00
2026-05-16T05:42:59.928158,77.80,66.70,100.00,100.00
2026-05-16T05:43:00.032995,77.80,80.00,100.00,100.00
2026-05-16T05:43:00.138659,70.00,77.80,100.00,100.00
2026-05-16T05:43:00.243208,80.00,77.80,100.00,100.00
2026-05-16T05:43:00.349737,55.60,81.80,100.00,100.00
2026-05-16T05:43:00.455433,62.50,71.40,100.00,100.00
2026-05-16T05:43:00.562681,72.70,70.00,100.00,100.00
2026-05-16T05:43:00.667005,62.50,70.00,100.00,100.00
2026-05-16T05:43:00.771953,66.70,62.50,100.00,100.00
2026-05-16T05:43:00.877994,66.70,70.00,100.00,100.00
2026-05-16T05:43:00.983943,62.50,66.70,100.00,100.00
2026-05-16T05:43:01.088397,63.60,66.70,100.00,100.00
2026-05-16T05:43:01.194801,66.70,75.00,100.00,100.00
2026-05-16T05:43:01.300474,66.70,72.70,100.00,100.00
2026-05-16T05:43:01.406582,77.80,66.70,100.00,100.00
2026-05-16T05:43:01.512213,50.00,66.70,100.00,100.00
2026-05-16T05:43:01.617417,70.00,77.80,100.00,100.00
2026-05-16T05:43:01.721549,66.70,66.70,100.00,100.00
2026-05-16T05:43:01.827643,62.50,66.70,100.00,100.00
2026-05-16T05:43:01.933843,70.00,75.00,100.00,100.00
2026-05-16T05:43:02.039642,62.50,70.00,100.00,100.00
2026-05-16T05:43:02.147446,70.00,70.00,100.00,100.00
2026-05-16T05:43:02.253442,62.50,75.00,100.00,100.00
2026-05-16T05:43:02.358424,66.70,70.00,100.00,100.00
2026-05-16T05:43:02.464716,80.00,80.00,100.00,100.00
2026-05-16T05:43:02.568813,66.70,75.00,100.00,100.00
2026-05-16T05:43:02.674449,62.50,77.80,100.00,100.00
2026-05-16T05:43:02.779381,70.00,66.70,100.00,100.00
2026-05-16T05:43:02.884737,75.00,70.00,100.00,100.00
2026-05-16T05:43:02.992584,70.00,80.00,100.00,100.00
2026-05-16T05:43:03.097503,80.00,77.80,100.00,100.00
2026-05-16T05:43:03.203659,80.00,77.80,100.00,100.00
2026-05-16T05:43:03.310727,62.50,66.70,100.00,100.00
2026-05-16T05:43:03.414874,62.50,77.80,100.00,100.00
2026-05-16T05:43:03.520426,63.60,66.70,100.00,100.00
2026-05-16T05:43:03.624990,62.50,62.50,100.00,100.00
2026-05-16T05:43:03.731180,75.00,70.00,100.00,100.00
2026-05-16T05:43:03.836989,70.00,77.80,100.00,100.00
2026-05-16T05:43:03.942862,66.70,50.00,100.00,100.00
2026-05-16T05:43:04.048862,55.60,70.00,100.00,100.00
2026-05-16T05:43:04.155127,66.70,66.70,100.00,100.00
2026-05-16T05:43:04.260728,62.50,66.70,100.00,100.00
2026-05-16T05:43:04.366051,70.00,72.70,100.00,100.00
2026-05-16T05:43:04.471420,88.90,90.00,100.00,100.00
2026-05-16T05:43:04.581894,81.80,100.00,100.00,100.00
2026-05-16T05:43:04.687442,81.80,90.00,100.00,100.00
2026-05-16T05:43:04.795743,80.00,90.90,100.00,100.00
2026-05-16T05:43:04.905535,80.00,90.00,100.00,100.00
2026-05-16T05:43:05.010683,75.00,100.00,100.00,100.00
2026-05-16T05:43:05.115082,80.00,100.00,100.00,100.00
2026-05-16T05:43:05.222708,80.00,100.00,100.00,100.00
2026-05-16T05:43:05.327778,87.50,100.00,100.00,100.00
2026-05-16T05:43:05.432851,80.00,100.00,100.00,100.00
2026-05-16T05:43:05.540096,70.00,100.00,100.00,100.00
2026-05-16T05:43:05.645398,77.80,100.00,100.00,100.00
2026-05-16T05:43:05.855263,90.00,100.00,100.00,100.00
2026-05-16T05:43:05.962390,66.70,80.00,80.00,44.40
2026-05-16T05:43:06.067944,57.10,55.60,55.60,25.00
2026-05-16T05:43:06.174026,70.00,70.00,66.70,25.00
2026-05-16T05:43:06.279425,55.60,77.80,66.70,22.20
2026-05-16T05:43:06.385367,62.50,60.00,60.00,25.00
2026-05-16T05:43:06.490295,55.60,62.50,42.90,22.20
2026-05-16T05:43:06.595813,50.00,55.60,66.70,14.30
2026-05-16T05:43:06.700499,60.00,66.70,50.00,22.20
2026-05-16T05:43:06.805715,66.70,66.70,62.50,33.30
2026-05-16T05:43:06.911778,55.60,55.60,55.60,22.20
2026-05-16T05:43:07.017133,60.00,66.70,60.00,25.00
2026-05-16T05:43:07.122013,62.50,70.00,62.50,25.00
2026-05-16T05:43:07.227395,62.50,60.00,57.10,22.20
2026-05-16T05:43:07.332647,55.60,66.70,60.00,33.30
2026-05-16T05:43:07.437922,62.50,62.50,66.70,22.20
2026-05-16T05:43:07.543939,60.00,62.50,55.60,14.30
2026-05-16T05:43:07.649872,66.70,66.70,62.50,25.00
2026-05-16T05:43:07.755888,60.00,70.00,70.00,30.00
2026-05-16T05:43:07.861789,57.10,66.70,62.50,25.00
2026-05-16T05:43:07.967338,63.60,72.70,70.00,25.00
2026-05-16T05:43:08.074199,62.50,66.70,62.50,33.30
2026-05-16T05:43:08.179013,60.00,66.70,70.00,25.00
2026-05-16T05:43:08.283586,70.00,63.60,55.60,30.00
2026-05-16T05:43:08.388842,55.60,71.40,66.70,14.30
2026-05-16T05:43:08.493906,62.50,63.60,57.10,25.00
2026-05-16T05:43:08.599442,60.00,66.70,60.00,22.20
2026-05-16T05:43:08.704055,62.50,70.00,57.10,25.00
2026-05-16T05:43:08.809868,60.00,70.00,70.00,33.30
2026-05-16T05:43:08.914937,70.00,66.70,55.60,12.50
2026-05-16T05:43:09.020754,55.60,70.00,57.10,33.30
2026-05-16T05:43:09.126902,50.00,55.60,60.00,25.00
2026-05-16T05:43:09.232934,70.00,66.70,66.70,14.30
2026-05-16T05:43:09.339276,55.60,57.10,60.00,22.20
2026-05-16T05:43:09.444853,66.70,70.00,70.00,25.00
2026-05-16T05:43:09.549888,50.00,62.50,66.70,22.20
2026-05-16T05:43:09.655932,70.00,66.70,62.50,25.00
2026-05-16T05:43:09.762310,50.00,70.00,63.60,22.20
2026-05-16T05:43:09.868975,66.70,60.00,62.50,25.00
2026-05-16T05:43:09.974398,60.00,66.70,60.00,25.00
2026-05-16T05:43:10.080252,62.50,66.70,57.10,30.00
2026-05-16T05:43:10.186036,66.70,62.50,70.00,25.00
2026-05-16T05:43:10.292336,55.60,60.00,62.50,25.00
2026-05-16T05:43:10.399274,66.70,66.70,55.60,40.00
2026-05-16T05:43:10.504298,60.00,70.00,62.50,25.00
2026-05-16T05:43:10.609582,70.00,62.50,55.60,33.30
2026-05-16T05:43:10.714386,62.50,70.00,70.00,22.20
2026-05-16T05:43:10.819882,50.00,50.00,50.00,25.00
2026-05-16T05:43:10.924994,70.00,70.00,70.00,25.00
2026-05-16T05:43:11.029946,60.00,66.70,50.00,22.20
2026-05-16T05:43:11.134901,62.50,70.00,70.00,25.00
2026-05-16T05:43:11.240508,60.00,66.70,55.60,22.20
2026-05-16T05:43:11.345362,62.50,60.00,66.70,14.30
2026-05-16T05:43:11.451243,60.00,66.70,55.60,22.20
2026-05-16T05:43:11.557927,66.70,70.00,66.70,25.00
2026-05-16T05:43:11.664498,50.00,66.70,62.50,25.00
2026-05-16T05:43:11.770065,66.70,62.50,60.00,30.00
2026-05-16T05:43:11.875722,66.70,72.70,66.70,25.00
2026-05-16T05:43:11.981819,60.00,70.00,66.70,33.30
2026-05-16T05:43:12.087407,62.50,55.60,55.60,25.00
2026-05-16T05:43:12.192077,42.90,77.80,62.50,22.20
2026-05-16T05:43:12.297378,70.00,66.70,62.50,33.30
2026-05-16T05:43:12.402972,60.00,70.00,60.00,25.00
2026-05-16T05:43:12.507914,62.50,55.60,66.70,22.20
2026-05-16T05:43:12.613489,55.60,70.00,55.60,25.00
2026-05-16T05:43:12.719793,62.50,70.00,66.70,12.50
2026-05-16T05:43:12.824861,60.00,62.50,70.00,25.00
2026-05-16T05:43:12.930619,66.70,63.60,62.50,25.00
2026-05-16T05:43:13.036238,62.50,66.70,70.00,14.30
2026-05-16T05:43:13.142287,62.50,66.70,62.50,30.00
2026-05-16T05:43:13.247311,60.00,66.70,70.00,28.60
2026-05-16T05:43:13.352360,70.00,70.00,70.00,30.00
2026-05-16T05:43:13.458658,57.10,66.70,50.00,33.30
2026-05-16T05:43:13.563888,55.60,50.00,55.60,25.00
2026-05-16T05:43:13.669098,60.00,66.70,66.70,22.20
2026-05-16T05:43:13.775478,66.70,72.70,57.10,25.00
2026-05-16T05:43:13.882077,62.50,75.00,70.00,25.00
2026-05-16T05:43:13.988058,66.70,62.50,62.50,33.30
2026-05-16T05:43:14.093647,50.00,70.00,50.00,25.00
2026-05-16T05:43:14.199932,66.70,55.60,66.70,25.00
2026-05-16T05:43:14.305849,50.00,72.70,55.60,30.00
2026-05-16T05:43:14.410916,66.70,66.70,66.70,25.00
2026-05-16T05:43:14.515930,50.00,66.70,55.60,22.20
2026-05-16T05:43:14.621436,66.70,62.50,70.00,25.00
2026-05-16T05:43:14.727192,66.70,70.00,66.70,25.00
2026-05-16T05:43:14.833335,60.00,66.70,62.50,22.20
2026-05-16T05:43:14.939055,70.00,66.70,55.60,25.00
2026-05-16T05:43:15.045301,66.70,66.70,62.50,40.00
2026-05-16T05:43:15.150835,55.60,70.00,70.00,25.00
2026-05-16T05:43:15.257341,62.50,66.70,66.70,50.00
2026-05-16T05:43:15.362420,62.50,62.50,62.50,14.30
2026-05-16T05:43:15.468995,60.00,66.70,60.00,30.00
2026-05-16T05:43:15.573842,55.60,55.60,50.00,33.30
2026-05-16T05:43:15.679683,66.70,70.00,66.70,14.30
2026-05-16T05:43:15.784420,42.90,66.70,62.50,12.50
2026-05-16T05:43:15.888971,70.00,66.70,66.70,25.00
2026-05-16T05:43:15.995080,60.00,66.70,62.50,33.30
2026-05-16T05:43:16.099930,62.50,60.00,55.60,36.40
2026-05-16T05:43:16.206193,60.00,66.70,62.50,14.30
2026-05-16T05:43:16.311523,57.10,66.70,60.00,33.30
2026-05-16T05:43:16.417743,60.00,62.50,57.10,22.20
2026-05-16T05:43:16.524231,66.70,72.70,66.70,25.00
2026-05-16T05:43:16.630613,55.60,60.00,70.00,25.00
2026-05-16T05:43:16.736063,62.50,62.50,55.60,22.20
2026-05-16T05:43:16.841533,60.00,70.00,66.70,14.30
2026-05-16T05:43:16.946983,62.50,66.70,60.00,25.00
2026-05-16T05:43:17.052021,66.70,62.50,62.50,30.00
2026-05-16T05:43:17.158281,60.00,66.70,66.70,33.30
2026-05-16T05:43:17.264870,57.10,70.00,66.70,37.50
2026-05-16T05:43:17.369429,55.60,66.70,60.00,22.20
2026-05-16T05:43:17.475727,66.70,57.10,66.70,14.30
2026-05-16T05:43:17.581920,62.50,63.60,66.70,22.20
2026-05-16T05:43:17.686902,55.60,71.40,66.70,33.30
2026-05-16T05:43:17.791823,62.50,70.00,66.70,25.00
2026-05-16T05:43:17.897411,62.50,66.70,66.70,12.50
2026-05-16T05:43:18.002479,55.60,63.60,55.60,33.30
2026-05-16T05:43:18.107789,70.00,62.50,62.50,14.30
2026-05-16T05:43:18.213395,42.90,66.70,66.70,22.20
2026-05-16T05:43:18.318448,66.70,72.70,60.00,40.00
2026-05-16T05:43:18.423953,60.00,57.10,66.70,25.00
2026-05-16T05:43:18.529363,66.70,66.70,62.50,12.50
2026-05-16T05:43:18.634658,55.60,70.00,66.70,25.00
2026-05-16T05:43:18.740794,62.50,70.00,66.70,33.30
2026-05-16T05:43:18.845486,62.50,60.00,57.10,33.30
2026-05-16T05:43:18.950396,70.00,77.80,66.70,14.30
2026-05-16T05:43:19.056447,60.00,55.60,55.60,30.00
2026-05-16T05:43:19.161288,66.70,70.00,57.10,25.00
2026-05-16T05:43:19.267573,55.60,62.50,63.60,25.00
2026-05-16T05:43:19.373567,66.70,57.10,66.70,30.00
2026-05-16T05:43:19.477804,28.60,40.00,28.60,12.50
2026-05-16T05:43:19.582704,25.00,14.30,33.30,22.20
2026-05-16T05:43:19.686826,25.00,37.50,16.70,20.00
2026-05-16T05:43:19.791663,33.30,33.30,33.30,12.50
2026-05-16T05:43:19.895838,25.00,25.00,25.00,11.10
2026-05-16T05:43:20.000204,28.60,25.00,25.00,20.00
2026-05-16T05:43:20.104944,33.30,25.00,28.60,12.50
2026-05-16T05:43:20.208969,25.00,33.30,33.30,20.00
2026-05-16T05:43:20.313120,25.00,28.60,25.00,22.20
2026-05-16T05:43:20.417588,14.30,14.30,14.30,11.10
2026-05-16T05:43:20.522342,28.60,40.00,33.30,12.50
2026-05-16T05:43:20.626488,33.30,25.00,25.00,20.00
2026-05-16T05:43:20.731479,25.00,25.00,16.70,12.50
2026-05-16T05:43:20.836807,25.00,40.00,25.00,20.00
2026-05-16T05:43:20.940912,33.30,14.30,14.30,12.50
2026-05-16T05:43:21.045512,14.30,28.60,40.00,20.00
2026-05-16T05:43:21.149690,33.30,33.30,25.00,12.50
2026-05-16T05:43:21.253656,25.00,14.30,33.30,22.20
2026-05-16T05:43:21.357950,33.30,25.00,25.00,20.00
2026-05-16T05:43:21.463329,25.00,33.30,14.30,12.50
2026-05-16T05:43:21.568372,16.70,14.30,25.00,11.10
2026-05-16T05:43:21.672340,25.00,37.50,33.30,22.20
2026-05-16T05:43:21.777018,33.30,25.00,28.60,22.20
2026-05-16T05:43:21.881271,25.00,40.00,25.00,20.00
2026-05-16T05:43:21.985516,33.30,0.00,25.00,22.20
2026-05-16T05:43:22.090045,14.30,40.00,14.30,11.10
2026-05-16T05:43:22.194291,28.60,16.70,25.00,12.50
2026-05-16T05:43:22.298291,25.00,33.30,37.50,36.40
2026-05-16T05:43:22.403706,14.30,14.30,25.00,11.10
2026-05-16T05:43:22.507789,40.00,40.00,14.30,22.20
2026-05-16T05:43:22.612059,25.00,28.60,25.00,27.30
2026-05-16T05:43:22.716488,40.00,25.00,25.00,12.50
2026-05-16T05:43:22.820909,14.30,14.30,33.30,22.20
2026-05-16T05:43:22.926022,33.30,33.30,33.30,11.10
2026-05-16T05:43:23.030291,16.70,33.30,28.60,22.20
2026-05-16T05:43:23.134402,25.00,14.30,25.00,11.10
2026-05-16T05:43:23.238960,33.30,28.60,33.30,12.50
2026-05-16T05:43:23.343784,25.00,25.00,14.30,22.20
2026-05-16T05:43:23.448382,14.30,40.00,33.30,12.50
2026-05-16T05:43:23.552630,33.30,14.30,0.00,20.00
2026-05-16T05:43:23.656850,25.00,25.00,37.50,30.00
2026-05-16T05:43:23.761070,33.30,25.00,14.30,22.20
2026-05-16T05:43:23.866312,14.30,28.60,25.00,11.10
2026-05-16T05:43:23.970982,33.30,33.30,25.00,22.20
2026-05-16T05:43:24.075139,28.60,25.00,25.00,22.20
2026-05-16T05:43:24.181944,33.30,44.40,33.30,20.00
2026-05-16T05:43:24.286473,33.30,14.30,37.50,12.50
2026-05-16T05:43:24.390859,28.60,14.30,33.30,11.10
2026-05-16T05:43:24.495684,25.00,40.00,25.00,22.20
2026-05-16T05:43:24.600312,14.30,25.00,14.30,11.10
2026-05-16T05:43:24.705036,33.30,37.50,25.00,30.00
2026-05-16T05:43:24.809990,14.30,25.00,14.30,11.10
2026-05-16T05:43:24.914210,33.30,25.00,28.60,12.50
2026-05-16T05:43:25.018475,28.60,14.30,33.30,20.00
2026-05-16T05:43:25.122358,33.30,33.30,25.00,12.50
2026-05-16T05:43:25.227305,25.00,44.40,16.70,27.30
2026-05-16T05:43:25.331475,16.70,0.00,25.00,12.50
2026-05-16T05:43:25.435778,33.30,25.00,33.30,12.50
2026-05-16T05:43:25.540260,25.00,25.00,14.30,20.00
2026-05-16T05:43:25.644996,33.30,37.50,25.00,22.20
2026-05-16T05:43:25.749870,25.00,33.30,37.50,22.20
2026-05-16T05:43:25.854894,25.00,14.30,25.00,11.10
2026-05-16T05:43:25.959812,25.00,25.00,25.00,22.20
2026-05-16T05:43:26.064704,28.60,33.30,33.30,30.00
2026-05-16T05:43:26.168598,40.00,28.60,14.30,11.10
2026-05-16T05:43:26.272922,25.00,33.30,28.60,30.00
2026-05-16T05:43:26.377372,14.30,14.30,25.00,12.50
2026-05-16T05:43:26.481675,37.50,33.30,25.00,11.10
2026-05-16T05:43:26.585708,22.20,40.00,25.00,12.50
2026-05-16T05:43:26.690305,37.50,14.30,25.00,27.30
2026-05-16T05:43:26.794567,25.00,25.00,25.00,12.50
2026-05-16T05:43:26.898805,33.30,25.00,14.30,11.10
2026-05-16T05:43:27.003788,14.30,37.50,28.60,20.00
2026-05-16T05:43:27.109257,33.30,14.30,33.30,22.20
2026-05-16T05:43:27.212904,25.00,25.00,14.30,11.10
2026-05-16T05:43:27.318002,16.70,33.30,25.00,22.20
2026-05-16T05:43:27.422870,25.00,25.00,33.30,11.10
2026-05-16T05:43:27.527094,33.30,25.00,14.30,22.20
2026-05-16T05:43:27.632169,28.60,28.60,25.00,20.00
2026-05-16T05:43:27.737463,25.00,25.00,37.50,12.50
2026-05-16T05:43:27.841817,33.30,25.00,25.00,20.00
2026-05-16T05:43:27.946700,25.00,33.30,25.00,12.50
2026-05-16T05:43:28.050487,25.00,25.00,25.00,20.00
2026-05-16T05:43:28.154686,25.00,28.60,25.00,12.50
2026-05-16T05:43:28.258693,33.30,25.00,14.30,20.00
2026-05-16T05:43:28.362612,14.30,33.30,25.00,11.10
2026-05-16T05:43:28.466627,33.30,25.00,28.60,22.20
2026-05-16T05:43:28.571189,14.30,25.00,33.30,11.10
2026-05-16T05:43:28.675525,37.50,16.70,25.00,22.20
2026-05-16T05:43:28.779208,25.00,40.00,33.30,22.20
2026-05-16T05:43:28.883943,25.00,25.00,25.00,11.10
2026-05-16T05:43:28.988222,25.00,25.00,37.50,12.50
2026-05-16T05:43:29.092312,25.00,40.00,14.30,11.10
2026-05-16T05:43:29.197706,25.00,25.00,25.00,30.00
2026-05-16T05:43:29.302076,25.00,25.00,25.00,12.50
2026-05-16T05:43:29.406212,25.00,37.50,14.30,11.10
2026-05-16T05:43:29.510398,28.60,14.30,25.00,22.20
2026-05-16T05:43:29.614486,25.00,25.00,28.60,12.50
2026-05-16T05:43:29.719199,33.30,25.00,33.30,20.00
2026-05-16T05:43:29.823390,0.00,44.40,25.00,22.20
2026-05-16T05:43:29.927280,33.30,14.30,25.00,11.10
2026-05-16T05:43:30.031030,28.60,33.30,25.00,22.20
2026-05-16T05:43:30.136094,36.40,14.30,28.60,12.50
2026-05-16T05:43:30.240603,16.70,37.50,33.30,20.00
2026-05-16T05:43:30.344599,25.00,25.00,25.00,22.20
2026-05-16T05:43:30.449027,25.00,25.00,33.30,20.00
2026-05-16T05:43:30.552942,14.30,25.00,14.30,12.50
2026-05-16T05:43:30.657103,25.00,14.30,33.30,11.10
2026-05-16T05:43:30.761303,33.30,25.00,25.00,22.20
2026-05-16T05:43:30.865910,25.00,40.00,33.30,20.00
2026-05-16T05:43:30.969875,25.00,16.70,28.60,0.00
2026-05-16T05:43:31.075195,25.00,33.30,25.00,30.00
2026-05-16T05:43:31.179526,25.00,22.20,14.30,22.20
2026-05-16T05:43:31.283973,0.00,37.50,33.30,20.00
2026-05-16T05:43:31.388250,50.00,25.00,14.30,22.20
2026-05-16T05:43:31.492476,14.30,14.30,25.00,11.10
2026-05-16T05:43:31.596657,25.00,37.50,25.00,12.50
2026-05-16T05:43:31.700517,25.00,33.30,25.00,11.10
2026-05-16T05:43:31.804942,33.30,28.60,25.00,22.20
2026-05-16T05:43:31.909929,14.30,14.30,25.00,11.10
2026-05-16T05:43:32.014293,40.00,25.00,28.60,22.20
2026-05-16T05:43:32.118967,28.60,25.00,33.30,11.10
2026-05-16T05:43:32.224373,25.00,25.00,25.00,20.00
2026-05-16T05:43:32.328533,25.00,33.30,14.30,12.50
2026-05-16T05:43:32.432537,25.00,37.50,25.00,22.20
2026-05-16T05:43:32.536993,25.00,25.00,14.30,20.00
2026-05-16T05:43:32.641487,25.00,33.30,33.30,22.20
2026-05-16T05:43:32.745727,33.30,25.00,25.00,11.10
2026-05-16T05:43:32.850720,14.30,14.30,14.30,12.50
2026-05-16T05:43:32.955658,33.30,25.00,28.60,11.10
2026-05-16T05:43:33.060722,25.00,25.00,40.00,12.50
2026-05-16T05:43:33.165729,25.00,33.30,25.00,30.00
2026-05-16T05:43:33.270539,16.70,14.30,25.00,11.10
2026-05-16T05:43:33.374809,33.30,37.50,28.60,12.50
2026-05-16T05:43:33.479189,25.00,25.00,25.00,20.00
2026-05-16T05:43:33.583747,40.00,25.00,25.00,12.50
2026-05-16T05:43:33.687703,16.70,28.60,33.30,20.00
2026-05-16T05:43:33.792395,14.30,25.00,28.60,22.20
2026-05-16T05:43:33.896413,33.30,40.00,25.00,12.50
2026-05-16T05:43:34.000717,33.30,14.30,14.30,27.30
2026-05-16T05:43:34.105236,0.00,14.30,33.30,12.50
2026-05-16T05:43:34.209689,37.50,25.00,14.30,22.20
2026-05-16T05:43:34.314044,33.30,25.00,25.00,20.00
2026-05-16T05:43:34.418027,22.20,25.00,14.30,12.50
2026-05-16T05:43:34.543952,0.00,18.20,18.20,15.40
2026-05-16T05:43:34.647423,12.50,0.00,0.00,100.00
2026-05-16T05:43:34.751207,20.00,0.00,0.00,100.00
2026-05-16T05:43:34.855207,0.00,0.00,0.00,100.00
2026-05-16T05:43:34.959295,30.00,11.10,12.50,100.00
2026-05-16T05:43:35.062901,0.00,12.50,11.10,100.00
2026-05-16T05:43:35.166327,11.10,11.10,11.10,100.00
2026-05-16T05:43:35.270026,22.20,12.50,12.50,100.00
2026-05-16T05:43:35.373461,11.10,20.00,0.00,100.00
2026-05-16T05:43:35.476836,0.00,0.00,0.00,100.00
2026-05-16T05:43:35.580337,0.00,11.10,0.00,100.00
2026-05-16T05:43:35.684509,27.30,0.00,0.00,100.00
2026-05-16T05:43:35.788454,22.20,0.00,22.20,100.00
2026-05-16T05:43:35.892398,0.00,30.00,0.00,100.00
2026-05-16T05:43:35.995998,11.10,0.00,0.00,100.00
2026-05-16T05:43:36.099839,22.20,12.50,22.20,100.00
2026-05-16T05:43:36.203562,12.50,11.10,0.00,100.00
2026-05-16T05:43:36.307295,11.10,0.00,0.00,100.00
2026-05-16T05:43:36.474393,28.60,28.60,35.70,100.00
2026-05-16T05:43:36.578389,22.20,0.00,100.00,100.00
2026-05-16T05:43:36.682632,12.50,14.30,100.00,100.00
2026-05-16T05:43:36.786521,22.20,22.20,100.00,100.00
2026-05-16T05:43:36.891051,14.30,0.00,100.00,100.00
2026-05-16T05:43:36.995916,12.50,22.20,100.00,100.00
2026-05-16T05:43:37.100399,22.20,12.50,100.00,100.00
2026-05-16T05:43:37.205293,12.50,14.30,100.00,100.00
2026-05-16T05:43:37.310073,14.30,22.20,100.00,100.00
2026-05-16T05:43:37.414509,12.50,0.00,100.00,100.00
2026-05-16T05:43:37.519047,22.20,22.20,100.00,100.00
2026-05-16T05:43:37.623184,12.50,0.00,100.00,100.00
2026-05-16T05:43:37.727589,22.20,12.50,100.00,100.00
2026-05-16T05:43:37.831539,14.30,14.30,100.00,100.00
2026-05-16T05:43:37.935775,22.20,22.20,100.00,100.00
2026-05-16T05:43:38.040429,30.00,14.30,100.00,100.00
2026-05-16T05:43:38.144790,12.50,12.50,100.00,100.00
2026-05-16T05:43:38.250209,22.20,22.20,100.00,100.00
2026-05-16T05:43:38.354903,0.00,0.00,100.00,100.00
2026-05-16T05:43:38.459551,30.00,12.50,100.00,100.00
2026-05-16T05:43:38.564740,12.50,22.20,100.00,100.00
2026-05-16T05:43:38.669006,30.00,25.00,100.00,100.00
2026-05-16T05:43:38.773654,14.30,0.00,100.00,100.00
2026-05-16T05:43:38.877893,12.50,14.30,100.00,100.00
2026-05-16T05:43:38.982252,30.00,0.00,100.00,100.00
2026-05-16T05:43:39.086417,12.50,12.50,100.00,100.00
2026-05-16T05:43:39.190312,0.00,22.20,100.00,100.00
2026-05-16T05:43:39.294478,12.50,0.00,100.00,100.00
2026-05-16T05:43:39.398395,30.00,0.00,100.00,100.00
2026-05-16T05:43:39.502467,12.50,30.00,100.00,100.00
2026-05-16T05:43:39.606870,11.10,0.00,100.00,100.00
2026-05-16T05:43:39.711074,30.00,0.00,100.00,100.00
2026-05-16T05:43:39.815493,22.20,22.20,100.00,100.00
2026-05-16T05:43:39.919725,12.50,22.20,100.00,100.00
2026-05-16T05:43:40.023495,30.00,0.00,100.00,100.00
2026-05-16T05:43:40.126890,22.20,12.50,100.00,100.00
2026-05-16T05:43:40.230978,11.10,0.00,100.00,100.00
2026-05-16T05:43:40.335193,22.20,22.20,100.00,100.00
2026-05-16T05:43:40.439379,22.20,12.50,100.00,100.00
2026-05-16T05:43:40.543591,22.20,12.50,100.00,100.00
2026-05-16T05:43:40.647487,12.50,12.50,100.00,100.00
2026-05-16T05:43:40.751669,22.20,0.00,100.00,100.00
2026-05-16T05:43:40.855535,12.50,0.00,100.00,100.00
2026-05-16T05:43:40.959658,20.00,12.50,100.00,100.00
2026-05-16T05:43:41.063861,12.50,14.30,100.00,100.00
2026-05-16T05:43:41.168541,25.00,12.50,100.00,100.00
2026-05-16T05:43:41.273726,12.50,0.00,100.00,100.00
2026-05-16T05:43:41.378019,22.20,0.00,100.00,100.00
2026-05-16T05:43:41.482369,0.00,12.50,100.00,100.00
2026-05-16T05:43:41.587068,36.40,22.20,100.00,100.00
2026-05-16T05:43:41.691412,14.30,14.30,100.00,100.00
2026-05-16T05:43:41.796505,12.50,14.30,100.00,100.00
2026-05-16T05:43:41.901697,12.50,12.50,100.00,100.00
2026-05-16T05:43:42.005944,22.20,22.20,100.00,100.00
2026-05-16T05:43:42.110721,22.20,0.00,100.00,100.00
2026-05-16T05:43:42.215266,12.50,12.50,100.00,100.00
2026-05-16T05:43:42.319380,12.50,14.30,100.00,100.00
2026-05-16T05:43:42.423461,12.50,12.50,100.00,100.00
2026-05-16T05:43:42.528274,12.50,0.00,100.00,100.00
2026-05-16T05:43:42.632848,22.20,14.30,100.00,100.00
2026-05-16T05:43:42.736997,22.20,12.50,100.00,100.00
2026-05-16T05:43:42.841357,14.30,33.30,100.00,100.00
2026-05-16T05:43:42.945638,11.10,0.00,100.00,100.00
2026-05-16T05:43:43.049425,22.20,25.00,100.00,100.00
2026-05-16T05:43:43.154926,12.50,12.50,100.00,100.00
2026-05-16T05:43:43.259517,25.00,25.00,100.00,100.00
2026-05-16T05:43:43.363422,22.20,12.50,100.00,100.00
2026-05-16T05:43:43.467747,0.00,0.00,100.00,100.00
2026-05-16T05:43:43.571850,30.00,12.50,100.00,100.00
2026-05-16T05:43:43.676047,0.00,25.00,100.00,100.00
2026-05-16T05:43:43.780641,22.20,12.50,100.00,100.00
2026-05-16T05:43:43.884898,0.00,12.50,100.00,100.00
2026-05-16T05:43:43.989151,22.20,14.30,100.00,100.00
2026-05-16T05:43:44.094360,25.00,12.50,100.00,100.00
2026-05-16T05:43:44.198742,12.50,14.30,100.00,100.00
2026-05-16T05:43:44.303272,30.00,0.00,100.00,100.00
2026-05-16T05:43:44.407669,14.30,25.00,100.00,100.00
2026-05-16T05:43:44.512442,12.50,0.00,100.00,100.00
2026-05-16T05:43:44.616868,12.50,25.00,100.00,100.00
2026-05-16T05:43:44.721075,22.20,0.00,100.00,100.00
2026-05-16T05:43:44.826573,12.50,14.30,100.00,100.00
2026-05-16T05:43:44.931024,30.00,22.20,100.00,100.00
2026-05-16T05:43:45.035864,12.50,0.00,100.00,100.00
2026-05-16T05:43:45.140294,14.30,0.00,100.00,100.00
2026-05-16T05:43:45.244358,12.50,33.30,100.00,100.00
2026-05-16T05:43:45.348421,12.50,14.30,100.00,100.00
2026-05-16T05:43:45.452675,22.20,22.20,100.00,100.00
2026-05-16T05:43:45.557001,22.20,0.00,100.00,100.00
2026-05-16T05:43:45.660917,12.50,12.50,100.00,100.00
2026-05-16T05:43:45.766044,22.20,12.50,100.00,100.00
2026-05-16T05:43:45.870936,0.00,0.00,100.00,100.00
2026-05-16T05:43:45.975620,20.00,22.20,100.00,100.00
2026-05-16T05:43:46.079452,14.30,14.30,100.00,100.00
2026-05-16T05:43:46.183447,22.20,0.00,100.00,100.00
2026-05-16T05:43:46.287647,12.50,22.20,100.00,100.00
2026-05-16T05:43:46.391842,11.10,12.50,100.00,100.00
2026-05-16T05:43:46.495850,22.20,12.50,100.00,100.00
2026-05-16T05:43:46.599654,0.00,22.20,100.00,100.00
2026-05-16T05:43:46.703784,12.50,0.00,100.00,100.00
2026-05-16T05:43:46.807691,20.00,12.50,100.00,100.00
2026-05-16T05:43:46.911943,12.50,0.00,100.00,100.00
2026-05-16T05:43:47.015994,22.20,25.00,100.00,100.00
2026-05-16T05:43:47.120731,12.50,12.50,100.00,100.00
2026-05-16T05:43:47.225067,0.00,12.50,100.00,100.00
2026-05-16T05:43:47.329499,12.50,14.30,100.00,100.00
2026-05-16T05:43:47.433586,27.30,12.50,100.00,100.00
2026-05-16T05:43:47.538061,12.50,12.50,100.00,100.00
2026-05-16T05:43:47.642481,12.50,0.00,100.00,100.00
2026-05-16T05:43:47.746655,20.00,30.00,100.00,100.00
2026-05-16T05:43:47.850629,12.50,0.00,100.00,100.00
2026-05-16T05:43:47.954968,22.20,0.00,100.00,100.00
2026-05-16T05:43:48.059307,0.00,33.30,100.00,100.00
2026-05-16T05:43:48.163420,30.00,0.00,100.00,100.00
2026-05-16T05:43:48.267413,0.00,0.00,100.00,100.00
2026-05-16T05:43:48.371959,12.50,0.00,100.00,100.00
2026-05-16T05:43:48.476939,30.00,12.50,100.00,100.00
2026-05-16T05:43:48.582354,12.50,22.20,100.00,100.00
2026-05-16T05:43:48.686908,14.30,0.00,100.00,100.00
2026-05-16T05:43:48.791530,22.20,12.50,100.00,100.00
2026-05-16T05:43:48.895987,22.20,14.30,100.00,100.00
2026-05-16T05:43:48.999667,0.00,12.50,100.00,100.00
2026-05-16T05:43:49.103842,22.20,12.50,100.00,100.00
2026-05-16T05:43:49.207828,22.20,12.50,100.00,100.00
2026-05-16T05:43:49.311852,22.20,0.00,100.00,100.00
2026-05-16T05:43:49.416421,33.30,25.00,100.00,100.00
2026-05-16T05:43:49.521864,66.70,80.00,100.00,100.00
2026-05-16T05:43:49.630495,75.00,81.80,100.00,100.00
2026-05-16T05:43:49.735513,70.00,80.00,100.00,100.00
2026-05-16T05:43:49.842021,50.00,90.00,100.00,100.00
2026-05-16T05:43:49.948840,75.00,88.90,100.00,100.00
2026-05-16T05:43:50.054801,70.00,80.00,100.00,100.00
2026-05-16T05:43:50.162238,66.70,81.80,100.00,100.00
2026-05-16T05:43:50.268939,80.00,80.00,100.00,100.00
2026-05-16T05:43:50.375926,77.80,90.00,100.00,100.00
2026-05-16T05:43:50.481029,75.00,80.00,100.00,100.00
2026-05-16T05:43:50.587427,66.70,75.00,100.00,100.00
2026-05-16T05:43:50.693146,77.80,81.80,100.00,100.00
2026-05-16T05:43:50.798249,70.00,77.80,100.00,100.00
2026-05-16T05:43:50.904060,80.00,77.80,100.00,100.00
2026-05-16T05:43:51.011756,77.80,77.80,100.00,100.00
2026-05-16T05:43:51.117562,80.00,77.80,100.00,100.00
2026-05-16T05:43:51.224401,75.00,81.80,100.00,100.00
2026-05-16T05:43:51.328876,80.00,80.00,100.00,100.00
2026-05-16T05:43:51.433789,66.70,75.00,100.00,100.00
2026-05-16T05:43:51.538342,57.10,70.00,100.00,100.00
2026-05-16T05:43:51.642821,66.70,77.80,100.00,100.00
2026-05-16T05:43:51.748636,70.00,80.00,100.00,100.00
2026-05-16T05:43:51.853883,77.80,90.00,100.00,100.00
2026-05-16T05:43:51.958551,70.00,77.80,100.00,100.00
2026-05-16T05:43:52.066538,62.50,70.00,100.00,100.00
2026-05-16T05:43:52.171887,62.50,80.00,100.00,100.00
2026-05-16T05:43:52.277837,62.50,72.70,100.00,100.00
2026-05-16T05:43:52.383418,70.00,87.50,100.00,100.00
2026-05-16T05:43:52.488251,75.00,77.80,100.00,100.00
2026-05-16T05:43:52.594020,80.00,80.00,100.00,100.00
2026-05-16T05:43:52.700942,77.80,66.70,100.00,100.00
2026-05-16T05:43:52.809628,70.00,90.00,100.00,100.00
2026-05-16T05:43:52.914676,80.00,80.00,100.00,100.00
2026-05-16T05:43:53.021360,80.00,77.80,100.00,100.00
2026-05-16T05:43:53.126409,80.00,90.90,100.00,100.00
2026-05-16T05:43:53.231420,75.00,77.80,100.00,100.00
2026-05-16T05:43:53.339668,70.00,80.00,100.00,100.00
2026-05-16T05:43:53.445753,75.00,77.80,100.00,100.00
2026-05-16T05:43:53.550506,70.00,77.80,100.00,100.00
2026-05-16T05:43:53.656638,60.00,70.00,100.00,100.00
2026-05-16T05:43:53.761208,62.50,80.00,100.00,100.00
2026-05-16T05:43:53.867324,66.70,62.50,100.00,100.00
2026-05-16T05:43:53.972967,62.50,77.80,100.00,100.00
2026-05-16T05:43:54.078640,70.00,77.80,100.00,100.00
2026-05-16T05:43:54.186065,80.00,80.00,100.00,100.00
2026-05-16T05:43:54.293541,71.40,90.00,100.00,100.00
2026-05-16T05:43:54.399942,70.00,72.70,100.00,100.00
2026-05-16T05:43:54.504980,71.40,88.90,100.00,100.00
2026-05-16T05:43:54.612420,77.80,77.80,100.00,100.00
2026-05-16T05:43:54.717090,72.70,80.00,100.00,100.00
2026-05-16T05:43:54.823042,62.50,70.00,100.00,100.00
2026-05-16T05:43:54.927586,62.50,77.80,100.00,100.00
2026-05-16T05:43:55.032643,62.50,77.80,100.00,100.00
2026-05-16T05:43:55.138786,70.00,66.70,100.00,100.00
2026-05-16T05:43:55.244328,66.70,80.00,100.00,100.00
2026-05-16T05:43:55.350055,77.80,70.00,100.00,100.00
2026-05-16T05:43:55.455902,70.00,66.70,100.00,100.00
2026-05-16T05:43:55.560495,62.50,66.70,100.00,100.00
2026-05-16T05:43:55.667320,88.90,77.80,100.00,100.00
2026-05-16T05:43:55.772003,70.00,80.00,100.00,100.00
2026-05-16T05:43:55.877054,75.00,80.00,100.00,100.00
2026-05-16T05:43:55.984785,62.50,88.90,100.00,100.00
2026-05-16T05:43:56.090376,77.80,88.90,100.00,100.00
2026-05-16T05:43:56.195637,77.80,77.80,100.00,100.00
2026-05-16T05:43:56.300486,62.50,81.80,100.00,100.00
2026-05-16T05:43:56.405578,70.00,75.00,100.00,100.00
2026-05-16T05:43:56.510315,88.90,72.70,100.00,100.00
2026-05-16T05:43:56.617145,70.00,75.00,100.00,100.00
2026-05-16T05:43:56.723342,77.80,72.70,100.00,100.00
2026-05-16T05:43:56.829631,70.00,77.80,100.00,100.00
2026-05-16T05:43:56.936440,62.50,75.00,100.00,100.00
2026-05-16T05:43:57.041700,77.80,66.70,100.00,100.00
2026-05-16T05:43:57.146049,66.70,77.80,100.00,100.00
2026-05-16T05:43:57.252694,81.80,75.00,100.00,100.00
2026-05-16T05:43:57.358542,66.70,66.70,100.00,100.00
2026-05-16T05:43:57.464095,77.80,70.00,100.00,100.00
2026-05-16T05:43:57.569605,66.70,62.50,100.00,100.00
2026-05-16T05:43:57.674841,62.50,77.80,100.00,100.00
2026-05-16T05:43:57.781438,55.60,70.00,100.00,100.00
2026-05-16T05:43:57.885665,77.80,75.00,100.00,100.00
2026-05-16T05:43:57.991631,77.80,80.00,100.00,100.00
2026-05-16T05:43:58.096698,80.00,80.00,100.00,100.00
2026-05-16T05:43:58.203909,70.00,80.00,100.00,100.00
2026-05-16T05:43:58.309778,75.00,70.00,100.00,100.00
2026-05-16T05:43:58.415954,70.00,66.70,100.00,100.00
2026-05-16T05:43:58.521701,66.70,77.80,100.00,100.00
2026-05-16T05:43:58.627735,75.00,70.00,100.00,100.00
2026-05-16T05:43:58.732409,77.80,66.70,100.00,100.00
2026-05-16T05:43:58.838056,72.70,75.00,100.00,100.00
2026-05-16T05:43:58.942872,57.10,70.00,100.00,100.00
2026-05-16T05:43:59.047935,66.70,80.00,100.00,100.00
2026-05-16T05:43:59.154920,66.70,80.00,100.00,100.00
2026-05-16T05:43:59.260936,66.70,71.40,100.00,100.00
2026-05-16T05:43:59.367682,70.00,70.00,100.00,100.00
2026-05-16T05:43:59.472464,66.70,71.40,100.00,100.00
2026-05-16T05:43:59.578389,66.70,72.70,100.00,100.00
2026-05-16T05:43:59.683664,62.50,77.80,100.00,100.00
2026-05-16T05:43:59.789773,66.70,72.70,100.00,100.00
2026-05-16T05:43:59.894562,70.00,71.40,100.00,100.00
2026-05-16T05:44:00.000720,66.70,72.70,100.00,100.00
2026-05-16T05:44:00.106432,77.80,62.50,100.00,100.00
2026-05-16T05:44:00.212985,77.80,80.00,100.00,100.00
2026-05-16T05:44:00.318935,75.00,87.50,100.00,100.00
2026-05-16T05:44:00.424317,70.00,75.00,100.00,100.00
2026-05-16T05:44:00.529474,62.50,75.00,100.00,100.00
2026-05-16T05:44:00.634072,66.70,70.00,100.00,100.00
2026-05-16T05:44:00.738784,62.50,77.80,100.00,100.00
2026-05-16T05:44:00.844121,62.50,72.70,100.00,100.00
2026-05-16T05:44:00.949190,70.00,88.90,100.00,100.00
2026-05-16T05:44:01.054260,66.70,80.00,100.00,100.00
2026-05-16T05:44:01.160013,77.80,77.80,100.00,100.00
2026-05-16T05:44:01.264845,80.00,75.00,100.00,100.00
2026-05-16T05:44:01.370158,62.50,77.80,100.00,100.00
2026-05-16T05:44:01.476434,66.70,81.80,100.00,100.00
2026-05-16T05:44:01.581667,75.00,88.90,100.00,100.00
2026-05-16T05:44:01.688621,70.00,81.80,100.00,100.00
2026-05-16T05:44:01.796291,62.50,75.00,100.00,100.00
2026-05-16T05:44:01.901344,62.50,81.80,100.00,100.00
2026-05-16T05:44:02.009055,63.60,70.00,100.00,100.00
2026-05-16T05:44:02.117362,77.80,90.00,100.00,100.00
2026-05-16T05:44:02.221903,72.70,70.00,100.00,100.00
2026-05-16T05:44:02.328256,66.70,72.70,100.00,100.00
2026-05-16T05:44:02.433365,70.00,66.70,100.00,100.00
2026-05-16T05:44:02.539408,70.00,75.00,100.00,100.00
2026-05-16T05:44:02.646073,80.00,80.00,100.00,100.00
2026-05-16T05:44:02.752340,66.70,70.00,100.00,100.00
2026-05-16T05:44:02.858813,77.80,70.00,100.00,100.00
2026-05-16T05:44:02.963316,66.70,70.00,100.00,100.00
2026-05-16T05:44:03.070472,77.80,71.40,100.00,100.00
2026-05-16T05:44:03.175502,66.70,70.00,100.00,100.00
2026-05-16T05:44:03.282365,66.70,77.80,100.00,100.00
2026-05-16T05:44:03.388754,75.00,66.70,100.00,100.00
2026-05-16T05:44:03.493380,70.00,66.70,100.00,100.00
2026-05-16T05:44:03.598942,70.00,66.70,100.00,100.00
2026-05-16T05:44:03.704060,71.40,66.70,100.00,100.00
2026-05-16T05:44:03.811574,72.70,66.70,100.00,100.00
2026-05-16T05:44:03.916147,62.50,77.80,100.00,100.00
2026-05-16T05:44:04.021065,66.70,77.80,100.00,100.00
2026-05-16T05:44:04.125728,70.00,70.00,100.00,100.00
2026-05-16T05:44:04.230858,71.40,88.90,100.00,100.00
2026-05-16T05:44:04.335640,66.70,80.00,100.00,100.00
2026-05-16T05:44:04.440948,62.50,62.50,100.00,100.00
2026-05-16T05:44:04.545845,44.40,62.50,100.00,100.00
2026-05-16T05:44:04.650619,42.90,60.00,100.00,100.00
2026-05-16T05:44:04.755349,42.90,55.60,100.00,100.00
2026-05-16T05:44:04.859918,33.30,57.10,100.00,100.00
2026-05-16T05:44:04.964639,63.60,50.00,100.00,100.00
2026-05-16T05:44:05.071098,44.40,66.70,100.00,100.00
2026-05-16T05:44:05.177254,57.10,55.60,100.00,100.00
2026-05-16T05:44:05.282623,50.00,62.50,100.00,100.00
2026-05-16T05:44:05.388646,55.60,50.00,100.00,100.00
2026-05-16T05:44:05.494732,55.60,55.60,100.00,100.00
2026-05-16T05:44:05.599515,62.50,66.70,100.00,100.00
2026-05-16T05:44:05.704840,66.70,66.70,100.00,100.00
2026-05-16T05:44:05.809670,50.00,66.70,100.00,100.00
2026-05-16T05:44:05.915252,42.90,66.70,100.00,100.00
2026-05-16T05:44:06.020421,62.50,62.50,100.00,100.00
2026-05-16T05:44:06.125347,70.00,81.80,100.00,100.00
2026-05-16T05:44:06.231568,55.60,62.50,100.00,100.00
2026-05-16T05:44:06.338066,62.50,66.70,100.00,100.00
2026-05-16T05:44:06.444261,60.00,62.50,100.00,100.00
2026-05-16T05:44:06.549043,66.70,66.70,100.00,100.00
2026-05-16T05:44:06.654926,57.10,66.70,100.00,100.00
2026-05-16T05:44:06.759397,66.70,57.10,100.00,100.00
2026-05-16T05:44:06.864037,66.70,55.60,100.00,100.00
2026-05-16T05:44:06.971063,60.00,62.50,100.00,100.00
2026-05-16T05:44:07.076921,66.70,62.50,100.00,100.00
2026-05-16T05:44:07.181512,66.70,70.00,100.00,100.00
2026-05-16T05:44:07.287534,66.70,66.70,100.00,100.00
2026-05-16T05:44:07.394049,62.50,70.00,100.00,100.00
2026-05-16T05:44:07.499408,62.50,50.00,100.00,100.00
2026-05-16T05:44:07.605083,50.00,70.00,100.00,100.00
2026-05-16T05:44:07.709722,55.60,57.10,100.00,100.00
2026-05-16T05:44:07.815470,62.50,62.50,100.00,100.00
2026-05-16T05:44:07.919711,50.00,55.60,100.00,100.00
2026-05-16T05:44:08.025310,60.00,70.00,100.00,100.00
2026-05-16T05:44:08.131229,66.70,62.50,100.00,100.00
2026-05-16T05:44:08.236318,62.50,60.00,100.00,100.00
2026-05-16T05:44:08.341139,55.60,62.50,100.00,100.00
2026-05-16T05:44:08.446211,66.70,57.10,100.00,100.00
2026-05-16T05:44:08.551850,60.00,62.50,100.00,100.00
2026-05-16T05:44:08.656871,55.60,55.60,100.00,100.00
2026-05-16T05:44:08.763021,55.60,62.50,100.00,100.00
2026-05-16T05:44:08.869903,66.70,55.60,100.00,100.00
2026-05-16T05:44:08.974536,42.90,57.10,100.00,100.00
2026-05-16T05:44:09.079016,62.50,70.00,100.00,100.00
2026-05-16T05:44:09.183953,66.70,57.10,100.00,100.00
2026-05-16T05:44:09.288491,55.60,70.00,100.00,100.00
2026-05-16T05:44:09.394047,62.50,62.50,100.00,100.00
2026-05-16T05:44:09.500080,50.00,66.70,100.00,100.00
2026-05-16T05:44:09.607349,70.00,55.60,100.00,100.00
2026-05-16T05:44:09.711857,55.60,62.50,100.00,100.00
2026-05-16T05:44:09.816468,66.70,50.00,100.00,100.00
2026-05-16T05:44:09.921360,62.50,70.00,100.00,100.00
2026-05-16T05:44:10.026158,55.60,62.50,100.00,100.00
2026-05-16T05:44:10.131923,66.70,62.50,100.00,100.00
2026-05-16T05:44:10.236718,62.50,66.70,100.00,100.00
2026-05-16T05:44:10.342307,66.70,66.70,100.00,100.00
2026-05-16T05:44:10.447622,42.90,42.90,100.00,100.00
2026-05-16T05:44:10.553529,60.00,55.60,100.00,100.00
2026-05-16T05:44:10.659350,50.00,60.00,100.00,100.00
2026-05-16T05:44:10.765288,50.00,42.90,100.00,100.00
2026-05-16T05:44:10.869638,50.00,55.60,100.00,100.00
2026-05-16T05:44:10.975383,42.90,50.00,100.00,100.00
2026-05-16T05:44:11.080794,55.60,66.70,100.00,100.00
2026-05-16T05:44:11.186812,60.00,50.00,100.00,100.00
2026-05-16T05:44:11.292609,62.50,70.00,100.00,100.00
2026-05-16T05:44:11.397910,57.10,62.50,100.00,100.00
2026-05-16T05:44:11.504382,55.60,60.00,100.00,100.00
2026-05-16T05:44:11.609206,70.00,62.50,100.00,100.00
2026-05-16T05:44:11.715013,60.00,66.70,100.00,100.00
2026-05-16T05:44:11.820603,62.50,60.00,100.00,100.00
2026-05-16T05:44:11.926183,50.00,66.70,100.00,100.00
2026-05-16T05:44:12.032078,62.50,66.70,100.00,100.00
2026-05-16T05:44:12.137594,66.70,50.00,100.00,100.00
2026-05-16T05:44:12.241637,62.50,66.70,100.00,100.00
2026-05-16T05:44:12.346734,60.00,66.70,100.00,100.00
2026-05-16T05:44:12.451646,42.90,50.00,100.00,100.00
2026-05-16T05:44:12.556842,50.00,50.00,100.00,100.00
2026-05-16T05:44:12.661026,42.90,57.10,100.00,100.00
2026-05-16T05:44:12.766288,55.60,55.60,100.00,100.00
2026-05-16T05:44:12.872512,55.60,50.00,100.00,100.00
2026-05-16T05:44:12.977893,62.50,55.60,100.00,100.00
2026-05-16T05:44:13.082278,50.00,57.10,100.00,100.00
2026-05-16T05:44:13.186693,60.00,50.00,100.00,100.00
2026-05-16T05:44:13.291002,50.00,55.60,100.00,100.00
2026-05-16T05:44:13.396439,55.60,55.60,100.00,100.00
2026-05-16T05:44:13.500818,50.00,57.10,100.00,100.00
2026-05-16T05:44:13.605479,50.00,55.60,100.00,100.00
2026-05-16T05:44:13.712438,55.60,50.00,100.00,100.00
2026-05-16T05:44:13.817600,50.00,66.70,100.00,100.00
2026-05-16T05:44:13.922793,60.00,50.00,100.00,100.00
2026-05-16T05:44:14.027006,50.00,50.00,100.00,100.00
2026-05-16T05:44:14.135437,50.00,50.00,100.00,100.00
2026-05-16T05:44:14.239712,55.60,57.10,100.00,100.00
2026-05-16T05:44:14.343854,50.00,55.60,100.00,100.00
2026-05-16T05:44:14.451300,57.10,55.60,100.00,100.00
2026-05-16T05:44:14.555947,55.60,62.50,100.00,100.00
2026-05-16T05:44:14.661229,50.00,50.00,100.00,100.00
2026-05-16T05:44:14.767349,60.00,66.70,100.00,100.00
2026-05-16T05:44:14.871970,55.60,55.60,100.00,100.00
2026-05-16T05:44:14.976694,57.10,57.10,100.00,100.00
2026-05-16T05:44:15.081661,55.60,70.00,100.00,100.00
2026-05-16T05:44:15.187964,66.70,77.80,100.00,100.00
2026-05-16T05:44:15.292874,55.60,66.70,100.00,100.00
2026-05-16T05:44:15.398522,62.50,62.50,100.00,100.00
2026-05-16T05:44:15.503121,55.60,75.00,100.00,100.00
2026-05-16T05:44:15.609376,62.50,57.10,100.00,100.00
2026-05-16T05:44:15.713726,42.90,70.00,100.00,100.00
2026-05-16T05:44:15.818645,55.60,66.70,100.00,100.00
2026-05-16T05:44:15.923245,62.50,70.00,100.00,100.00
2026-05-16T05:44:16.028308,55.60,66.70,100.00,100.00
2026-05-16T05:44:16.133687,62.50,75.00,100.00,100.00
2026-05-16T05:44:16.238390,70.00,77.80,100.00,100.00
2026-05-16T05:44:16.343980,42.90,62.50,100.00,100.00
2026-05-16T05:44:16.448407,55.60,66.70,100.00,100.00
2026-05-16T05:44:16.554906,62.50,55.60,100.00,100.00
2026-05-16T05:44:16.660599,42.90,66.70,100.00,100.00
2026-05-16T05:44:16.765385,60.00,62.50,100.00,100.00
2026-05-16T05:44:16.870208,62.50,70.00,100.00,100.00
2026-05-16T05:44:16.976506,60.00,62.50,100.00,100.00
2026-05-16T05:44:17.081080,50.00,50.00,100.00,100.00
2026-05-16T05:44:17.186723,42.90,62.50,100.00,100.00
2026-05-16T05:44:17.292503,55.60,60.00,100.00,100.00
2026-05-16T05:44:17.397482,57.10,62.50,100.00,100.00
2026-05-16T05:44:17.501540,66.70,55.60,100.00,100.00
2026-05-16T05:44:17.606732,60.00,62.50,100.00,100.00
2026-05-16T05:44:17.711412,50.00,66.70,100.00,100.00
2026-05-16T05:44:17.816312,55.60,55.60,100.00,100.00
2026-05-16T05:44:17.921016,60.00,55.60,100.00,100.00
2026-05-16T05:44:18.025581,42.90,66.70,100.00,100.00
2026-05-16T05:44:18.130839,42.90,50.00,100.00,100.00
2026-05-16T05:44:18.235501,50.00,62.50,100.00,100.00
2026-05-16T05:44:18.340629,50.00,55.60,100.00,100.00
2026-05-16T05:44:18.445476,55.60,42.90,100.00,100.00
2026-05-16T05:44:18.551704,50.00,62.50,100.00,100.00
2026-05-16T05:44:18.656291,63.60,70.00,100.00,100.00
2026-05-16T05:44:18.762178,66.70,66.70,100.00,100.00
2026-05-16T05:44:18.867806,50.00,62.50,100.00,100.00
2026-05-16T05:44:18.974134,66.70,66.70,100.00,100.00
2026-05-16T05:44:19.080798,50.00,57.10,100.00,100.00
2026-05-16T05:44:19.186259,55.60,66.70,100.00,100.00
2026-05-16T05:44:19.291678,55.60,55.60,100.00,100.00
2026-05-16T05:44:19.396888,55.60,50.00,100.00,100.00
2026-05-16T05:44:19.501025,42.90,50.00,100.00,100.00
2026-05-16T05:44:19.608695,28.60,44.40,100.00,100.00
2026-05-16T05:44:19.713022,33.30,16.70,100.00,100.00
2026-05-16T05:44:19.818841,37.50,28.60,100.00,100.00
2026-05-16T05:44:19.924361,28.60,50.00,100.00,100.00
2026-05-16T05:44:20.028932,44.40,28.60,100.00,100.00
2026-05-16T05:44:20.133390,16.70,37.50,100.00,100.00
2026-05-16T05:44:20.238038,37.50,28.60,100.00,100.00
2026-05-16T05:44:20.342908,40.00,50.00,100.00,100.00
2026-05-16T05:44:20.448052,28.60,44.40,100.00,100.00
2026-05-16T05:44:20.553024,28.60,28.60,100.00,100.00
2026-05-16T05:44:20.657637,40.00,44.40,100.00,100.00
2026-05-16T05:44:20.762811,16.70,28.60,100.00,100.00
2026-05-16T05:44:20.867900,28.60,44.40,100.00,100.00
2026-05-16T05:44:20.972731,44.40,28.60,100.00,100.00
2026-05-16T05:44:21.078348,14.30,37.50,100.00,100.00
2026-05-16T05:44:21.183366,37.50,37.50,100.00,100.00
2026-05-16T05:44:21.287976,37.50,28.60,100.00,100.00
2026-05-16T05:44:21.392936,33.30,37.50,100.00,100.00
2026-05-16T05:44:21.498058,28.60,28.60,100.00,100.00
2026-05-16T05:44:21.603373,28.60,44.40,100.00,100.00
2026-05-16T05:44:21.708796,33.30,37.50,100.00,100.00
2026-05-16T05:44:21.813070,42.90,42.90,100.00,100.00
2026-05-16T05:44:21.917842,37.50,37.50,100.00,100.00
2026-05-16T05:44:22.023210,14.30,37.50,100.00,100.00
2026-05-16T05:44:22.127227,37.50,37.50,100.00,100.00
2026-05-16T05:44:22.231981,37.50,44.40,100.00,100.00
2026-05-16T05:44:22.337069,44.40,28.60,100.00,100.00
2026-05-16T05:44:22.441918,37.50,50.00,100.00,100.00
2026-05-16T05:44:22.547995,28.60,44.40,100.00,100.00
2026-05-16T05:44:22.653270,55.60,50.00,100.00,100.00
2026-05-16T05:44:22.757653,28.60,37.50,100.00,100.00
2026-05-16T05:44:22.862737,33.30,28.60,100.00,100.00
2026-05-16T05:44:22.966696,37.50,37.50,100.00,100.00
2026-05-16T05:44:23.073929,37.50,37.50,100.00,100.00
2026-05-16T05:44:23.178921,37.50,50.00,100.00,100.00
2026-05-16T05:44:23.283527,28.60,28.60,100.00,100.00
2026-05-16T05:44:23.388553,37.50,50.00,100.00,100.00
2026-05-16T05:44:23.492656,28.60,37.50,100.00,100.00
2026-05-16T05:44:23.597576,25.00,33.30,100.00,100.00
2026-05-16T05:44:23.702743,37.50,28.60,100.00,100.00
2026-05-16T05:44:23.807753,33.30,50.00,100.00,100.00
2026-05-16T05:44:23.912627,37.50,28.60,100.00,100.00
2026-05-16T05:44:24.018026,28.60,44.40,100.00,100.00
2026-05-16T05:44:24.122875,33.30,16.70,100.00,100.00
2026-05-16T05:44:24.229038,28.60,37.50,100.00,100.00
2026-05-16T05:44:24.334522,28.60,50.00,100.00,100.00
2026-05-16T05:44:24.439076,16.70,28.60,100.00,100.00
2026-05-16T05:44:24.544441,40.00,28.60,100.00,100.00
2026-05-16T05:44:24.649294,16.70,44.40,100.00,100.00
2026-05-16T05:44:24.754023,37.50,37.50,100.00,100.00
2026-05-16T05:44:24.859550,33.30,28.60,100.00,100.00
2026-05-16T05:44:24.964453,16.70,44.40,100.00,100.00
2026-05-16T05:44:25.069337,37.50,16.70,100.00,100.00
2026-05-16T05:44:25.174180,37.50,37.50,100.00,100.00
2026-05-16T05:44:25.279245,25.00,55.60,100.00,100.00
2026-05-16T05:44:25.383513,28.60,16.70,100.00,100.00
2026-05-16T05:44:25.488070,44.40,50.00,100.00,100.00
2026-05-16T05:44:25.594032,25.00,28.60,100.00,100.00
2026-05-16T05:44:25.698735,28.60,28.60,100.00,100.00
2026-05-16T05:44:25.802959,28.60,37.50,100.00,100.00
2026-05-16T05:44:25.908399,40.00,37.50,100.00,100.00
2026-05-16T05:44:26.013579,16.70,37.50,100.00,100.00
2026-05-16T05:44:26.119899,44.40,42.90,100.00,100.00
2026-05-16T05:44:26.224233,28.60,44.40,100.00,100.00
2026-05-16T05:44:26.329365,37.50,28.60,100.00,100.00
2026-05-16T05:44:26.434220,25.00,28.60,100.00,100.00
2026-05-16T05:44:26.539689,16.70,28.60,100.00,100.00
2026-05-16T05:44:26.644904,28.60,44.40,100.00,100.00
2026-05-16T05:44:26.748998,37.50,37.50,100.00,100.00
2026-05-16T05:44:26.853346,28.60,28.60,100.00,100.00
2026-05-16T05:44:26.958263,40.00,44.40,100.00,100.00
2026-05-16T05:44:27.063258,37.50,37.50,100.00,100.00
2026-05-16T05:44:27.170177,37.50,42.90,100.00,100.00
2026-05-16T05:44:27.274535,37.50,44.40,100.00,100.00
2026-05-16T05:44:27.379028,16.70,16.70,100.00,100.00
2026-05-16T05:44:27.483923,44.40,28.60,100.00,100.00
2026-05-16T05:44:27.589600,28.60,44.40,100.00,100.00
2026-05-16T05:44:27.694491,14.30,37.50,100.00,100.00
2026-05-16T05:44:27.799185,28.60,28.60,100.00,100.00
2026-05-16T05:44:27.903657,37.50,44.40,100.00,100.00
2026-05-16T05:44:28.007733,25.00,16.70,100.00,100.00
2026-05-16T05:44:28.113449,37.50,44.40,100.00,100.00
2026-05-16T05:44:28.218427,37.50,44.40,100.00,100.00
2026-05-16T05:44:28.323927,37.50,28.60,100.00,100.00
2026-05-16T05:44:28.428746,25.00,28.60,100.00,100.00
2026-05-16T05:44:28.533450,37.50,50.00,100.00,100.00
2026-05-16T05:44:28.638407,16.70,16.70,100.00,100.00
2026-05-16T05:44:28.744012,37.50,50.00,100.00,100.00
2026-05-16T05:44:28.849635,40.00,28.60,100.00,100.00
2026-05-16T05:44:28.953992,28.60,44.40,100.00,100.00
2026-05-16T05:44:29.058560,37.50,37.50,100.00,100.00
2026-05-16T05:44:29.164029,42.90,50.00,100.00,100.00
2026-05-16T05:44:29.269978,37.50,50.00,100.00,100.00
2026-05-16T05:44:29.375252,28.60,37.50,100.00,100.00
2026-05-16T05:44:29.479931,42.90,50.00,100.00,100.00
2026-05-16T05:44:29.585426,37.50,44.40,100.00,100.00
2026-05-16T05:44:29.690589,37.50,50.00,100.00,100.00
2026-05-16T05:44:29.795965,37.50,42.90,100.00,100.00
2026-05-16T05:44:29.901549,28.60,44.40,100.00,100.00
2026-05-16T05:44:30.005600,28.60,33.30,100.00,100.00
2026-05-16T05:44:30.110236,37.50,37.50,100.00,100.00
2026-05-16T05:44:30.215055,16.70,44.40,100.00,100.00
2026-05-16T05:44:30.320220,37.50,50.00,100.00,100.00
2026-05-16T05:44:30.425789,42.90,37.50,100.00,100.00
2026-05-16T05:44:30.530906,33.30,42.90,100.00,100.00
2026-05-16T05:44:30.636367,44.40,37.50,100.00,100.00
2026-05-16T05:44:30.741185,28.60,28.60,100.00,100.00
2026-05-16T05:44:30.847189,50.00,42.90,100.00,100.00
2026-05-16T05:44:30.953226,37.50,42.90,100.00,100.00
2026-05-16T05:44:31.057845,28.60,37.50,100.00,100.00
2026-05-16T05:44:31.162828,33.30,28.60,100.00,100.00
2026-05-16T05:44:31.268044,33.30,50.00,100.00,100.00
2026-05-16T05:44:31.373324,44.40,44.40,100.00,100.00
2026-05-16T05:44:31.478314,37.50,50.00,100.00,100.00
2026-05-16T05:44:31.583461,44.40,28.60,100.00,100.00
2026-05-16T05:44:31.688943,28.60,50.00,100.00,100.00
2026-05-16T05:44:31.793347,37.50,44.40,100.00,100.00
2026-05-16T05:44:31.898455,37.50,28.60,100.00,100.00
2026-05-16T05:44:32.002516,28.60,28.60,100.00,100.00
2026-05-16T05:44:32.107309,25.00,37.50,100.00,100.00
2026-05-16T05:44:32.211672,37.50,37.50,100.00,100.00
2026-05-16T05:44:32.316595,28.60,44.40,100.00,100.00
2026-05-16T05:44:32.421067,28.60,37.50,100.00,100.00
2026-05-16T05:44:32.526542,25.00,37.50,100.00,100.00
2026-05-16T05:44:32.631468,28.60,42.90,100.00,100.00
2026-05-16T05:44:32.736806,55.60,37.50,100.00,100.00
2026-05-16T05:44:32.841947,37.50,42.90,100.00,100.00
2026-05-16T05:44:32.947320,44.40,37.50,100.00,100.00
2026-05-16T05:44:33.052061,50.00,55.60,100.00,100.00
2026-05-16T05:44:33.157910,37.50,37.50,100.00,100.00
2026-05-16T05:44:33.263083,37.50,33.30,100.00,100.00
2026-05-16T05:44:33.368499,42.90,44.40,100.00,100.00
2026-05-16T05:44:33.472934,44.40,50.00,100.00,100.00
2026-05-16T05:44:33.578052,28.60,44.40,100.00,100.00
2026-05-16T05:44:33.683284,37.50,50.00,100.00,100.00
2026-05-16T05:44:33.787962,50.00,42.90,100.00,100.00
2026-05-16T05:44:33.892537,44.40,50.00,100.00,100.00
2026-05-16T05:44:33.996710,37.50,42.90,100.00,100.00
2026-05-16T05:44:34.101106,28.60,44.40,100.00,100.00
2026-05-16T05:44:34.205530,44.40,33.30,100.00,100.00
2026-05-16T05:44:34.310650,44.40,44.40,100.00,100.00
2026-05-16T05:44:34.415990,50.00,44.40,100.00,100.00
2026-05-16T05:44:34.522095,42.90,55.60,100.00,100.00
2026-05-16T05:44:34.627410,50.00,50.00,100.00,100.00
2026-05-16T05:44:34.732575,42.90,42.90,100.00,100.00
2026-05-16T05:44:34.837553,50.00,60.00,100.00,100.00
2026-05-16T05:44:34.942201,42.90,50.00,100.00,100.00
2026-05-16T05:44:35.048040,55.60,57.10,100.00,100.00
2026-05-16T05:44:35.153318,50.00,44.40,100.00,100.00
2026-05-16T05:44:35.258755,70.00,50.00,100.00,100.00
2026-05-16T05:44:35.362827,55.60,50.00,100.00,100.00
2026-05-16T05:44:35.467315,42.90,42.90,100.00,100.00
2026-05-16T05:44:35.573050,44.40,42.90,100.00,100.00
2026-05-16T05:44:35.679374,37.50,44.40,100.00,100.00
2026-05-16T05:44:35.784425,37.50,50.00,100.00,100.00
2026-05-16T05:44:35.889420,50.00,50.00,100.00,100.00
2026-05-16T05:44:35.994917,50.00,42.90,100.00,100.00
2026-05-16T05:44:36.100542,55.60,50.00,100.00,100.00
2026-05-16T05:44:36.205850,50.00,66.70,100.00,100.00
2026-05-16T05:44:36.311206,37.50,44.40,100.00,100.00
2026-05-16T05:44:36.416063,37.50,28.60,100.00,100.00
2026-05-16T05:44:36.521908,50.00,42.90,100.00,100.00
2026-05-16T05:44:36.626540,37.50,44.40,100.00,100.00
2026-05-16T05:44:36.732425,37.50,42.90,100.00,100.00
2026-05-16T05:44:36.837852,55.60,50.00,100.00,100.00
2026-05-16T05:44:36.942993,55.60,33.30,100.00,100.00
2026-05-16T05:44:37.047346,28.60,50.00,100.00,100.00
2026-05-16T05:44:37.152583,55.60,42.90,100.00,100.00
2026-05-16T05:44:37.257613,55.60,62.50,100.00,100.00
2026-05-16T05:44:37.362070,33.30,50.00,100.00,100.00
2026-05-16T05:44:37.468421,55.60,50.00,100.00,100.00
2026-05-16T05:44:37.574627,37.50,50.00,100.00,100.00
2026-05-16T05:44:37.679645,42.90,60.00,100.00,100.00
2026-05-16T05:44:37.785682,44.40,16.70,100.00,100.00
2026-05-16T05:44:37.890919,37.50,55.60,100.00,100.00
2026-05-16T05:44:37.995558,37.50,42.90,100.00,100.00
2026-05-16T05:44:38.100666,42.90,16.70,100.00,100.00
2026-05-16T05:44:38.206072,28.60,50.00,100.00,100.00
2026-05-16T05:44:38.311415,50.00,37.50,100.00,100.00
2026-05-16T05:44:38.417028,33.30,50.00,100.00,100.00
2026-05-16T05:44:38.523054,55.60,44.40,100.00,100.00
2026-05-16T05:44:38.627663,42.90,57.10,100.00,100.00
2026-05-16T05:44:38.733277,50.00,44.40,100.00,100.00
2026-05-16T05:44:38.838341,33.30,42.90,100.00,100.00
2026-05-16T05:44:38.943554,50.00,55.60,100.00,100.00
2026-05-16T05:44:39.048643,44.40,50.00,100.00,100.00
2026-05-16T05:44:39.153648,50.00,50.00,100.00,100.00
2026-05-16T05:44:39.258603,50.00,57.10,100.00,100.00
2026-05-16T05:44:39.363523,50.00,50.00,100.00,100.00
2026-05-16T05:44:39.469756,42.90,50.00,100.00,100.00
2026-05-16T05:44:39.574888,50.00,55.60,100.00,100.00
2026-05-16T05:44:39.680337,42.90,50.00,100.00,100.00
2026-05-16T05:44:39.784878,55.60,42.90,100.00,100.00
2026-05-16T05:44:39.891385,50.00,55.60,100.00,100.00
2026-05-16T05:44:39.998191,55.60,55.60,100.00,100.00
2026-05-16T05:44:40.103911,42.90,55.60,100.00,100.00
2026-05-16T05:44:40.208884,44.40,33.30,100.00,100.00
2026-05-16T05:44:40.313892,50.00,50.00,100.00,100.00
2026-05-16T05:44:40.418669,50.00,50.00,100.00,100.00
2026-05-16T05:44:40.523255,50.00,55.60,100.00,100.00
2026-05-16T05:44:40.629075,44.40,55.60,100.00,100.00
2026-05-16T05:44:40.734192,42.90,42.90,100.00,100.00
2026-05-16T05:44:40.839330,50.00,50.00,100.00,100.00
2026-05-16T05:44:40.944289,25.00,42.90,100.00,100.00
2026-05-16T05:44:41.049080,42.90,28.60,100.00,100.00
2026-05-16T05:44:41.153414,44.40,50.00,100.00,100.00
2026-05-16T05:44:41.258602,28.60,44.40,100.00,100.00
2026-05-16T05:44:41.364312,44.40,42.90,100.00,100.00
2026-05-16T05:44:41.470250,37.50,37.50,100.00,100.00
2026-05-16T05:44:41.576257,28.60,50.00,100.00,100.00
2026-05-16T05:44:41.681306,50.00,28.60,100.00,100.00
2026-05-16T05:44:41.786230,42.90,55.60,100.00,100.00
2026-05-16T05:44:41.891889,44.40,55.60,100.00,100.00
2026-05-16T05:44:41.997340,42.90,28.60,100.00,100.00
2026-05-16T05:44:42.102318,44.40,37.50,100.00,100.00
2026-05-16T05:44:42.208443,37.50,42.90,100.00,100.00
2026-05-16T05:44:42.313966,50.00,28.60,100.00,100.00
2026-05-16T05:44:42.420327,44.40,37.50,100.00,100.00
2026-05-16T05:44:42.525969,28.60,50.00,100.00,100.00
2026-05-16T05:44:42.631180,44.40,50.00,100.00,100.00
2026-05-16T05:44:42.736244,33.30,28.60,100.00,100.00
2026-05-16T05:44:42.841719,44.40,55.60,100.00,100.00
2026-05-16T05:44:42.947691,42.90,44.40,100.00,100.00
2026-05-16T05:44:43.051784,44.40,62.50,100.00,100.00
2026-05-16T05:44:43.156954,55.60,55.60,100.00,100.00
2026-05-16T05:44:43.262481,50.00,50.00,100.00,100.00
2026-05-16T05:44:43.367683,44.40,44.40,100.00,100.00
2026-05-16T05:44:43.472415,42.90,42.90,100.00,100.00
2026-05-16T05:44:43.577844,50.00,55.60,100.00,100.00
2026-05-16T05:44:43.683131,50.00,50.00,100.00,100.00
2026-05-16T05:44:43.789549,44.40,50.00,100.00,100.00
2026-05-16T05:44:43.894915,42.90,55.60,100.00,100.00
2026-05-16T05:44:44.000580,50.00,50.00,100.00,100.00
2026-05-16T05:44:44.106085,55.60,44.40,100.00,100.00
2026-05-16T05:44:44.211352,44.40,33.30,100.00,100.00
2026-05-16T05:44:44.316748,33.30,44.40,100.00,100.00
2026-05-16T05:44:44.422043,44.40,50.00,100.00,100.00
2026-05-16T05:44:44.527249,44.40,37.50,100.00,100.00
2026-05-16T05:44:44.632603,28.60,55.60,100.00,100.00
2026-05-16T05:44:44.738550,42.90,44.40,100.00,100.00
2026-05-16T05:44:44.843333,60.00,66.70,100.00,100.00
2026-05-16T05:44:44.948781,50.00,50.00,100.00,100.00
2026-05-16T05:44:45.053543,37.50,42.90,100.00,100.00
2026-05-16T05:44:45.158315,42.90,28.60,100.00,100.00
2026-05-16T05:44:45.263060,55.60,50.00,100.00,100.00
2026-05-16T05:44:45.368720,55.60,42.90,100.00,100.00
2026-05-16T05:44:45.474582,28.60,42.90,100.00,100.00
2026-05-16T05:44:45.579975,37.50,44.40,100.00,100.00
2026-05-16T05:44:45.684962,55.60,50.00,100.00,100.00
2026-05-16T05:44:45.790856,28.60,37.50,100.00,100.00
2026-05-16T05:44:45.895744,37.50,44.40,100.00,100.00
2026-05-16T05:44:46.000215,50.00,42.90,100.00,100.00
2026-05-16T05:44:46.106529,37.50,37.50,100.00,100.00
2026-05-16T05:44:46.211284,55.60,50.00,100.00,100.00
2026-05-16T05:44:46.316912,28.60,50.00,100.00,100.00
2026-05-16T05:44:46.422204,28.60,37.50,100.00,100.00
2026-05-16T05:44:46.527596,37.50,33.30,100.00,100.00
2026-05-16T05:44:46.632737,37.50,44.40,100.00,100.00
2026-05-16T05:44:46.737159,33.30,37.50,100.00,100.00
2026-05-16T05:44:46.841828,44.40,33.30,100.00,100.00
2026-05-16T05:44:46.947263,44.40,44.40,100.00,100.00
2026-05-16T05:44:47.051821,37.50,42.90,100.00,100.00
2026-05-16T05:44:47.156328,28.60,44.40,100.00,100.00
2026-05-16T05:44:47.261064,42.90,62.50,100.00,100.00
2026-05-16T05:44:47.366297,55.60,50.00,100.00,100.00
2026-05-16T05:44:47.472290,50.00,50.00,100.00,100.00
2026-05-16T05:44:47.577004,50.00,50.00,100.00,100.00
2026-05-16T05:44:47.681960,50.00,42.90,100.00,100.00
2026-05-16T05:44:47.787860,50.00,60.00,100.00,100.00
2026-05-16T05:44:47.892411,42.90,55.60,100.00,100.00
2026-05-16T05:44:47.998897,55.60,42.90,100.00,100.00
2026-05-16T05:44:48.103872,50.00,55.60,100.00,100.00
2026-05-16T05:44:48.208332,33.30,50.00,100.00,100.00
2026-05-16T05:44:48.313736,44.40,42.90,100.00,100.00
2026-05-16T05:44:48.418077,37.50,37.50,100.00,100.00
2026-05-16T05:44:48.523340,28.60,50.00,100.00,100.00
2026-05-16T05:44:48.628702,55.60,44.40,100.00,100.00
2026-05-16T05:44:48.733826,37.50,42.90,100.00,100.00
2026-05-16T05:44:48.838823,55.60,62.50,100.00,100.00
2026-05-16T05:44:48.944443,50.00,42.90,100.00,100.00
2026-05-16T05:44:49.048589,50.00,55.60,100.00,100.00
2026-05-16T05:44:49.153672,37.50,37.50,100.00,100.00
2026-05-16T05:44:49.258248,37.50,50.00,100.00,100.00
2026-05-16T05:44:49.363083,62.50,50.00,100.00,100.00
2026-05-16T05:44:49.467829,14.30,37.50,100.00,100.00
2026-05-16T05:44:49.572543,37.50,37.50,100.00,100.00
2026-05-16T05:44:49.676955,14.30,33.30,100.00,100.00
2026-05-16T05:44:49.782003,37.50,16.70,100.00,100.00
2026-05-16T05:44:49.886967,25.00,33.30,100.00,100.00
2026-05-16T05:44:49.991791,25.00,0.00,100.00,100.00
2026-05-16T05:44:50.096649,25.00,33.30,100.00,100.00
2026-05-16T05:44:50.200891,0.00,14.30,100.00,100.00
2026-05-16T05:44:50.305673,25.00,37.50,100.00,100.00
2026-05-16T05:44:50.410581,33.30,25.00,100.00,100.00
2026-05-16T05:44:50.515543,14.30,25.00,100.00,100.00
2026-05-16T05:44:50.620356,25.00,14.30,100.00,100.00
2026-05-16T05:44:50.725068,25.00,25.00,100.00,100.00
2026-05-16T05:44:50.829301,14.30,14.30,100.00,100.00
2026-05-16T05:44:50.934195,25.00,25.00,100.00,100.00
2026-05-16T05:44:51.038546,14.30,25.00,100.00,100.00
2026-05-16T05:44:51.143468,30.00,25.00,100.00,100.00
2026-05-16T05:44:51.247873,14.30,14.30,100.00,100.00
2026-05-16T05:44:51.352526,16.70,28.60,100.00,100.00
2026-05-16T05:44:51.456375,33.30,25.00,100.00,100.00
2026-05-16T05:44:51.561007,12.50,25.00,100.00,100.00
2026-05-16T05:44:51.665896,33.30,14.30,100.00,100.00
2026-05-16T05:44:51.771710,25.00,25.00,100.00,100.00
2026-05-16T05:44:51.876181,28.60,16.70,100.00,100.00
2026-05-16T05:44:51.980787,12.50,25.00,100.00,100.00
2026-05-16T05:44:52.084825,28.60,14.30,100.00,100.00
2026-05-16T05:44:52.189495,14.30,37.50,100.00,100.00
2026-05-16T05:44:52.294237,33.30,14.30,100.00,100.00
2026-05-16T05:44:52.399054,16.70,37.50,100.00,100.00
2026-05-16T05:44:52.504057,25.00,25.00,100.00,100.00
2026-05-16T05:44:52.609313,33.30,28.60,100.00,100.00
2026-05-16T05:44:52.714895,28.60,33.30,100.00,100.00
2026-05-16T05:44:52.819540,25.00,0.00,100.00,100.00
2026-05-16T05:44:52.925521,25.00,25.00,100.00,100.00
2026-05-16T05:44:53.029478,14.30,25.00,100.00,100.00
2026-05-16T05:44:53.133443,25.00,25.00,100.00,100.00
2026-05-16T05:44:53.237496,25.00,14.30,100.00,100.00
2026-05-16T05:44:53.341930,14.30,28.60,100.00,100.00
2026-05-16T05:44:53.446489,33.30,14.30,100.00,100.00
2026-05-16T05:44:53.550506,14.30,14.30,100.00,100.00
2026-05-16T05:44:53.655348,25.00,14.30,100.00,100.00
2026-05-16T05:44:53.759638,25.00,25.00,100.00,100.00
2026-05-16T05:44:53.864997,14.30,14.30,100.00,100.00
2026-05-16T05:44:53.969532,30.00,14.30,100.00,100.00
2026-05-16T05:44:54.075073,25.00,14.30,100.00,100.00
2026-05-16T05:44:54.179356,14.30,25.00,100.00,100.00
2026-05-16T05:44:54.283718,25.00,25.00,100.00,100.00
2026-05-16T05:44:54.387674,25.00,33.30,100.00,100.00
2026-05-16T05:44:54.491794,14.30,16.70,100.00,100.00
2026-05-16T05:44:54.595842,25.00,25.00,100.00,100.00
2026-05-16T05:44:54.700665,33.30,33.30,100.00,100.00
2026-05-16T05:44:54.805243,14.30,14.30,100.00,100.00
2026-05-16T05:44:54.909932,14.30,33.30,100.00,100.00
2026-05-16T05:44:55.014539,33.30,16.70,100.00,100.00
2026-05-16T05:44:55.118924,14.30,14.30,100.00,100.00
2026-05-16T05:44:55.225617,25.00,25.00,100.00,100.00
2026-05-16T05:44:55.329984,33.30,33.30,100.00,100.00
2026-05-16T05:44:55.435384,25.00,0.00,100.00,100.00
2026-05-16T05:44:55.539570,28.60,33.30,100.00,100.00
2026-05-16T05:44:55.643956,33.30,0.00,100.00,100.00
2026-05-16T05:44:55.748297,25.00,25.00,100.00,100.00
2026-05-16T05:44:55.852518,33.30,25.00,100.00,100.00
2026-05-16T05:44:55.956561,14.30,25.00,100.00,100.00
2026-05-16T05:44:56.060771,22.20,14.30,100.00,100.00
2026-05-16T05:44:56.165595,25.00,25.00,100.00,100.00
2026-05-16T05:44:56.269656,28.60,37.50,100.00,100.00
2026-05-16T05:44:56.374804,25.00,16.70,100.00,100.00
2026-05-16T05:44:56.479519,33.30,25.00,100.00,100.00
2026-05-16T05:44:56.584484,25.00,25.00,100.00,100.00
2026-05-16T05:44:56.688651,25.00,14.30,100.00,100.00
2026-05-16T05:44:56.793415,25.00,14.30,100.00,100.00
2026-05-16T05:44:56.897496,12.50,25.00,100.00,100.00
2026-05-16T05:44:57.001475,33.30,14.30,100.00,100.00
2026-05-16T05:44:57.106025,25.00,25.00,100.00,100.00
2026-05-16T05:44:57.210395,14.30,25.00,100.00,100.00
2026-05-16T05:44:57.314557,33.30,33.30,100.00,100.00
2026-05-16T05:44:57.418557,0.00,14.30,100.00,100.00
2026-05-16T05:44:57.522819,33.30,16.70,100.00,100.00
2026-05-16T05:44:57.627543,14.30,25.00,100.00,100.00
2026-05-16T05:44:57.731423,25.00,25.00,100.00,100.00
2026-05-16T05:44:57.835583,33.30,25.00,100.00,100.00
2026-05-16T05:44:57.939882,0.00,25.00,100.00,100.00
2026-05-16T05:44:58.044861,25.00,16.70,100.00,100.00
2026-05-16T05:44:58.149039,33.30,33.30,100.00,100.00
2026-05-16T05:44:58.253994,25.00,14.30,100.00,100.00
2026-05-16T05:44:58.357890,25.00,25.00,100.00,100.00
2026-05-16T05:44:58.462237,14.30,0.00,100.00,100.00
2026-05-16T05:44:58.566732,25.00,25.00,100.00,100.00
2026-05-16T05:44:58.671437,33.30,33.30,100.00,100.00
2026-05-16T05:44:58.775402,25.00,0.00,100.00,100.00
2026-05-16T05:44:58.880099,0.00,28.60,100.00,100.00
2026-05-16T05:44:58.984156,25.00,25.00,100.00,100.00
2026-05-16T05:44:59.088738,25.00,14.30,100.00,100.00
2026-05-16T05:44:59.193485,25.00,25.00,100.00,100.00
2026-05-16T05:44:59.297623,28.60,33.30,100.00,100.00
2026-05-16T05:44:59.401436,22.20,14.30,100.00,100.00
2026-05-16T05:44:59.506387,25.00,33.30,100.00,100.00
2026-05-16T05:44:59.610892,0.00,16.70,100.00,100.00
2026-05-16T05:44:59.715026,33.30,14.30,100.00,100.00
2026-05-16T05:44:59.820032,14.30,37.50,100.00,100.00
2026-05-16T05:44:59.924540,37.50,25.00,100.00,100.00
2026-05-16T05:45:00.029050,14.30,37.50,100.00,100.00
2026-05-16T05:45:00.133047,25.00,14.30,100.00,100.00
2026-05-16T05:45:00.238286,37.50,37.50,100.00,100.00
2026-05-16T05:45:00.342939,37.50,28.60,100.00,100.00
2026-05-16T05:45:00.447280,25.00,14.30,100.00,100.00
2026-05-16T05:45:00.550996,25.00,33.30,100.00,100.00
2026-05-16T05:45:00.655561,0.00,14.30,100.00,100.00
2026-05-16T05:45:00.760078,25.00,16.70,100.00,100.00
2026-05-16T05:45:00.864400,37.50,33.30,100.00,100.00
2026-05-16T05:45:00.968749,25.00,16.70,100.00,100.00
2026-05-16T05:45:01.073719,16.70,14.30,100.00,100.00
2026-05-16T05:45:01.177902,25.00,37.50,100.00,100.00
2026-05-16T05:45:01.282421,25.00,37.50,100.00,100.00
2026-05-16T05:45:01.386943,14.30,14.30,100.00,100.00
2026-05-16T05:45:01.491725,25.00,14.30,100.00,100.00
2026-05-16T05:45:01.596215,14.30,14.30,100.00,100.00
2026-05-16T05:45:01.701527,33.30,40.00,100.00,100.00
2026-05-16T05:45:01.807322,28.60,28.60,100.00,100.00
2026-05-16T05:45:01.912906,25.00,25.00,100.00,100.00
2026-05-16T05:45:02.018322,25.00,28.60,100.00,100.00
2026-05-16T05:45:02.122706,14.30,0.00,100.00,100.00
2026-05-16T05:45:02.227567,33.30,33.30,100.00,100.00
2026-05-16T05:45:02.331681,14.30,14.30,100.00,100.00
2026-05-16T05:45:02.436379,14.30,14.30,100.00,100.00
2026-05-16T05:45:02.540753,25.00,25.00,100.00,100.00
2026-05-16T05:45:02.645664,25.00,25.00,100.00,100.00
2026-05-16T05:45:02.749988,33.30,33.30,100.00,100.00
2026-05-16T05:45:02.854962,14.30,16.70,100.00,100.00
2026-05-16T05:45:02.959738,25.00,33.30,100.00,100.00
2026-05-16T05:45:03.064965,33.30,14.30,100.00,100.00
2026-05-16T05:45:03.169503,28.60,44.40,100.00,100.00
2026-05-16T05:45:03.273887,33.30,28.60,100.00,100.00
2026-05-16T05:45:03.378784,25.00,14.30,100.00,100.00
2026-05-16T05:45:03.483928,25.00,25.00,100.00,100.00
2026-05-16T05:45:03.589283,25.00,25.00,100.00,100.00
2026-05-16T05:45:03.693389,33.30,0.00,100.00,100.00
2026-05-16T05:45:03.798989,28.60,28.60,100.00,100.00
2026-05-16T05:45:03.903910,14.30,33.30,100.00,100.00
2026-05-16T05:45:04.008265,25.00,28.60,100.00,100.00
2026-05-16T05:45:04.113091,16.70,14.30,100.00,100.00
2026-05-16T05:45:04.218930,25.00,40.00,100.00,100.00
2026-05-16T05:45:04.323477,33.30,0.00,100.00,100.00
2026-05-16T05:45:04.428727,40.00,28.60,100.00,100.00
2026-05-16T05:45:04.534646,57.10,72.70,100.00,100.00
2026-05-16T05:45:04.639699,55.60,66.70,100.00,100.00
2026-05-16T05:45:04.745835,66.70,75.00,100.00,100.00
2026-05-16T05:45:04.852677,62.50,72.70,100.00,100.00
2026-05-16T05:45:04.960508,63.60,80.00,100.00,100.00
2026-05-16T05:45:05.066281,71.40,62.50,100.00,100.00
2026-05-16T05:45:05.172035,63.60,60.00,100.00,100.00
2026-05-16T05:45:05.278267,62.50,70.00,100.00,100.00
2026-05-16T05:45:05.382683,62.50,57.10,100.00,100.00
2026-05-16T05:45:05.486717,66.70,62.50,100.00,100.00
2026-05-16T05:45:05.593019,66.70,70.00,100.00,100.00
2026-05-16T05:45:05.700866,70.00,55.60,100.00,100.00
2026-05-16T05:45:05.805428,66.70,70.00,100.00,100.00
2026-05-16T05:45:05.912560,70.00,62.50,100.00,100.00
2026-05-16T05:45:06.017801,50.00,66.70,100.00,100.00
2026-05-16T05:45:06.124034,77.80,77.80,100.00,100.00
2026-05-16T05:45:06.229387,66.70,80.00,100.00,100.00
2026-05-16T05:45:06.335797,80.00,77.80,100.00,100.00
2026-05-16T05:45:06.440191,62.50,70.00,100.00,100.00
2026-05-16T05:45:06.546033,55.60,62.50,100.00,100.00
2026-05-16T05:45:06.650351,66.70,70.00,100.00,100.00
2026-05-16T05:45:06.757022,62.50,60.00,100.00,100.00
2026-05-16T05:45:06.861437,55.60,57.10,100.00,100.00
2026-05-16T05:45:06.966351,66.70,66.70,100.00,100.00
2026-05-16T05:45:07.072148,55.60,70.00,100.00,100.00
2026-05-16T05:45:07.177041,62.50,57.10,100.00,100.00
2026-05-16T05:45:07.281680,62.50,66.70,100.00,100.00
2026-05-16T05:45:07.386302,60.00,60.00,100.00,100.00
2026-05-16T05:45:07.492607,66.70,70.00,100.00,100.00
2026-05-16T05:45:07.599050,66.70,75.00,100.00,100.00
2026-05-16T05:45:07.706500,62.50,72.70,100.00,100.00
2026-05-16T05:45:07.812073,55.60,66.70,100.00,100.00
2026-05-16T05:45:07.917704,60.00,66.70,100.00,100.00
2026-05-16T05:45:08.023280,62.50,57.10,100.00,100.00
2026-05-16T05:45:08.129041,55.60,66.70,100.00,100.00
2026-05-16T05:45:08.234283,62.50,60.00,100.00,100.00
2026-05-16T05:45:08.340458,66.70,62.50,100.00,100.00
2026-05-16T05:45:08.445930,55.60,70.00,100.00,100.00
2026-05-16T05:45:08.550703,66.70,62.50,100.00,100.00
2026-05-16T05:45:08.658260,77.80,70.00,100.00,100.00
2026-05-16T05:45:08.764451,66.70,77.80,100.00,100.00
2026-05-16T05:45:08.869449,70.00,70.00,100.00,100.00
2026-05-16T05:45:08.977559,70.00,77.80,100.00,100.00
2026-05-16T05:45:09.083812,66.70,60.00,100.00,100.00
2026-05-16T05:45:09.189645,66.70,62.50,100.00,100.00
2026-05-16T05:45:09.295925,66.70,66.70,100.00,100.00
2026-05-16T05:45:09.401666,62.50,62.50,100.00,100.00
2026-05-16T05:45:09.505960,60.00,62.50,100.00,100.00
2026-05-16T05:45:09.611612,62.50,55.60,100.00,100.00
2026-05-16T05:45:09.717794,60.00,70.00,100.00,100.00
2026-05-16T05:45:09.822720,66.70,62.50,100.00,100.00
2026-05-16T05:45:09.927537,66.70,66.70,100.00,100.00
2026-05-16T05:45:10.033178,60.00,77.80,100.00,100.00
2026-05-16T05:45:10.139325,57.10,66.70,100.00,100.00
2026-05-16T05:45:10.243903,60.00,70.00,100.00,100.00
2026-05-16T05:45:10.348820,62.50,77.80,100.00,100.00
2026-05-16T05:45:10.453551,62.50,55.60,100.00,100.00
2026-05-16T05:45:10.558595,55.60,66.70,100.00,100.00
2026-05-16T05:45:10.663963,55.60,66.70,100.00,100.00
2026-05-16T05:45:10.768786,57.10,66.70,100.00,100.00
2026-05-16T05:45:10.873122,50.00,66.70,100.00,100.00
2026-05-16T05:45:10.977399,70.00,66.70,100.00,100.00
2026-05-16T05:45:11.082393,60.00,66.70,100.00,100.00
2026-05-16T05:45:11.189362,66.70,62.50,100.00,100.00
2026-05-16T05:45:11.295617,50.00,66.70,100.00,100.00
2026-05-16T05:45:11.400621,62.50,63.60,100.00,100.00
2026-05-16T05:45:11.507388,70.00,71.40,100.00,100.00
2026-05-16T05:45:11.611378,66.70,55.60,100.00,100.00
2026-05-16T05:45:11.715668,57.10,70.00,100.00,100.00
2026-05-16T05:45:11.821605,55.60,62.50,100.00,100.00
2026-05-16T05:45:11.928583,55.60,66.70,100.00,100.00
2026-05-16T05:45:12.034648,66.70,66.70,100.00,100.00
2026-05-16T05:45:12.140623,62.50,66.70,100.00,100.00
2026-05-16T05:45:12.246450,60.00,50.00,100.00,100.00
2026-05-16T05:45:12.350867,50.00,70.00,100.00,100.00
2026-05-16T05:45:12.455201,55.60,62.50,100.00,100.00
2026-05-16T05:45:12.559798,66.70,66.70,100.00,100.00
2026-05-16T05:45:12.666683,55.60,60.00,100.00,100.00
2026-05-16T05:45:12.771390,62.50,62.50,100.00,100.00
2026-05-16T05:45:12.877393,62.50,62.50,100.00,100.00
2026-05-16T05:45:12.982669,60.00,66.70,100.00,100.00
2026-05-16T05:45:13.087869,66.70,62.50,100.00,100.00
2026-05-16T05:45:13.192677,62.50,60.00,100.00,100.00
2026-05-16T05:45:13.297067,60.00,77.80,100.00,100.00
2026-05-16T05:45:13.403058,57.10,66.70,100.00,100.00
2026-05-16T05:45:13.507543,63.60,66.70,100.00,100.00
2026-05-16T05:45:13.613539,57.10,62.50,100.00,100.00
2026-05-16T05:45:13.718708,60.00,70.00,100.00,100.00
2026-05-16T05:45:13.823325,57.10,70.00,100.00,100.00
2026-05-16T05:45:13.927953,50.00,62.50,100.00,100.00
2026-05-16T05:45:14.032358,66.70,62.50,100.00,100.00
2026-05-16T05:45:14.138335,50.00,70.00,100.00,100.00
2026-05-16T05:45:14.243233,55.60,66.70,100.00,100.00
2026-05-16T05:45:14.349400,62.50,70.00,100.00,100.00
2026-05-16T05:45:14.453681,55.60,62.50,100.00,100.00
2026-05-16T05:45:14.559201,70.00,62.50,100.00,100.00
2026-05-16T05:45:14.663366,57.10,60.00,100.00,100.00
2026-05-16T05:45:14.770596,72.70,75.00,100.00,100.00
2026-05-16T05:45:14.875628,66.70,80.00,100.00,100.00
2026-05-16T05:45:14.981287,75.00,62.50,100.00,100.00
2026-05-16T05:45:15.086725,66.70,77.80,100.00,100.00
2026-05-16T05:45:15.190822,62.50,63.60,100.00,100.00
2026-05-16T05:45:15.296110,77.80,71.40,100.00,100.00
2026-05-16T05:45:15.402340,66.70,60.00,100.00,100.00
2026-05-16T05:45:15.508376,55.60,66.70,100.00,100.00
2026-05-16T05:45:15.612981,62.50,66.70,100.00,100.00
2026-05-16T05:45:15.720076,55.60,66.70,100.00,100.00
2026-05-16T05:45:15.824918,62.50,70.00,100.00,100.00
2026-05-16T05:45:15.930972,60.00,57.10,100.00,100.00
2026-05-16T05:45:16.037595,50.00,66.70,100.00,100.00
2026-05-16T05:45:16.142988,72.70,70.00,100.00,100.00
2026-05-16T05:45:16.248988,75.00,66.70,100.00,100.00
2026-05-16T05:45:16.355732,66.70,55.60,100.00,100.00
2026-05-16T05:45:16.460785,55.60,62.50,100.00,100.00
2026-05-16T05:45:16.566630,57.10,62.50,100.00,100.00
2026-05-16T05:45:16.671262,66.70,63.60,100.00,100.00
2026-05-16T05:45:16.777643,66.70,71.40,100.00,100.00
2026-05-16T05:45:16.881675,66.70,66.70,100.00,100.00
2026-05-16T05:45:16.986220,66.70,77.80,100.00,100.00
2026-05-16T05:45:17.091932,75.00,72.70,100.00,100.00
2026-05-16T05:45:17.199560,70.00,75.00,100.00,100.00
2026-05-16T05:45:17.304781,66.70,72.70,100.00,100.00
2026-05-16T05:45:17.411610,66.70,71.40,100.00,100.00
2026-05-16T05:45:17.519058,66.70,72.70,100.00,100.00
2026-05-16T05:45:17.623970,62.50,70.00,100.00,100.00
2026-05-16T05:45:17.728518,62.50,77.80,100.00,100.00
2026-05-16T05:45:17.833639,66.70,62.50,100.00,100.00
2026-05-16T05:45:17.940294,66.70,80.00,100.00,100.00
2026-05-16T05:45:18.046622,66.70,70.00,100.00,100.00
2026-05-16T05:45:18.151059,77.80,77.80,100.00,100.00
2026-05-16T05:45:18.255686,62.50,70.00,100.00,100.00
2026-05-16T05:45:18.362262,62.50,77.80,100.00,100.00
2026-05-16T05:45:18.466716,66.70,62.50,100.00,100.00
2026-05-16T05:45:18.572210,60.00,55.60,100.00,100.00
2026-05-16T05:45:18.677483,66.70,77.80,100.00,100.00
2026-05-16T05:45:18.783456,62.50,66.70,100.00,100.00
2026-05-16T05:45:18.889943,66.70,60.00,100.00,100.00
2026-05-16T05:45:18.994615,72.70,75.00,100.00,100.00
2026-05-16T05:45:19.100804,62.50,66.70,100.00,100.00
2026-05-16T05:45:19.205640,77.80,77.80,100.00,100.00
2026-05-16T05:45:19.313540,70.00,70.00,100.00,100.00
2026-05-16T05:45:19.418735,77.80,77.80,100.00,100.00
2026-05-16T05:45:19.524795,80.00,80.00,100.00,100.00
2026-05-16T05:45:19.629771,75.00,77.80,100.00,100.00
2026-05-16T05:45:19.736847,70.00,66.70,100.00,100.00
2026-05-16T05:45:19.844415,70.00,77.80,100.00,100.00
2026-05-16T05:45:19.952209,77.80,72.70,100.00,100.00
2026-05-16T05:45:20.056500,70.00,77.80,100.00,100.00
2026-05-16T05:45:20.161072,75.00,70.00,100.00,100.00
2026-05-16T05:45:20.268909,70.00,71.40,100.00,100.00
2026-05-16T05:45:20.374024,70.00,80.00,100.00,100.00
2026-05-16T05:45:20.481063,80.00,66.70,100.00,100.00
2026-05-16T05:45:20.586029,42.90,80.00,100.00,100.00
2026-05-16T05:45:20.691399,70.00,70.00,100.00,100.00
2026-05-16T05:45:20.796327,66.70,75.00,100.00,100.00
2026-05-16T05:45:20.901609,75.00,66.70,100.00,100.00
2026-05-16T05:45:21.007981,70.00,72.70,100.00,100.00
2026-05-16T05:45:21.112952,62.50,62.50,100.00,100.00
2026-05-16T05:45:21.218475,77.80,80.00,100.00,100.00
2026-05-16T05:45:21.325664,80.00,90.00,100.00,100.00
2026-05-16T05:45:21.432621,77.80,80.00,100.00,100.00
2026-05-16T05:45:21.537633,72.70,75.00,100.00,100.00
2026-05-16T05:45:21.644370,62.50,90.90,100.00,100.00
2026-05-16T05:45:21.749891,70.00,80.00,100.00,100.00
2026-05-16T05:45:21.855857,90.00,90.00,100.00,100.00
2026-05-16T05:45:21.962679,70.00,80.00,100.00,100.00
2026-05-16T05:45:22.067420,62.50,88.90,100.00,100.00
2026-05-16T05:45:22.173779,77.80,80.00,100.00,100.00
2026-05-16T05:45:22.278429,70.00,88.90,100.00,100.00
2026-05-16T05:45:22.384144,62.50,90.00,100.00,100.00
2026-05-16T05:45:22.490208,80.00,83.30,100.00,100.00
2026-05-16T05:45:22.595134,66.70,87.50,100.00,100.00
2026-05-16T05:45:22.704434,70.00,90.90,100.00,100.00
2026-05-16T05:45:22.810527,80.00,80.00,100.00,100.00
2026-05-16T05:45:22.915970,75.00,88.90,100.00,100.00
2026-05-16T05:45:23.020620,77.80,81.80,100.00,100.00
2026-05-16T05:45:23.126198,66.70,90.00,100.00,100.00
2026-05-16T05:45:23.232950,77.80,75.00,100.00,100.00
2026-05-16T05:45:23.338724,80.00,80.00,100.00,100.00
2026-05-16T05:45:23.445231,80.00,80.00,100.00,100.00
2026-05-16T05:45:23.549976,57.10,75.00,100.00,100.00
2026-05-16T05:45:23.654686,80.00,70.00,100.00,100.00
2026-05-16T05:45:23.759530,75.00,90.00,100.00,100.00
2026-05-16T05:45:23.866373,70.00,80.00,100.00,100.00
2026-05-16T05:45:23.970945,80.00,85.70,100.00,100.00
2026-05-16T05:45:24.077053,80.00,81.80,100.00,100.00
2026-05-16T05:45:24.182696,80.00,80.00,100.00,100.00
2026-05-16T05:45:24.287594,75.00,90.00,100.00,100.00
2026-05-16T05:45:24.392480,70.00,80.00,100.00,100.00
2026-05-16T05:45:24.500033,80.00,90.00,100.00,100.00
2026-05-16T05:45:24.606070,75.00,83.30,100.00,100.00
2026-05-16T05:45:24.711243,77.80,87.50,100.00,100.00
2026-05-16T05:45:24.815990,66.70,70.00,100.00,100.00
2026-05-16T05:45:24.921568,66.70,77.80,100.00,100.00
2026-05-16T05:45:25.027338,66.70,80.00,100.00,100.00
2026-05-16T05:45:25.132340,70.00,77.80,100.00,100.00
2026-05-16T05:45:25.239095,75.00,70.00,100.00,100.00
2026-05-16T05:45:25.344237,62.50,77.80,100.00,100.00
2026-05-16T05:45:25.449268,66.70,81.80,100.00,100.00
2026-05-16T05:45:25.557000,66.70,77.80,100.00,100.00
2026-05-16T05:45:25.661716,57.10,77.80,100.00,100.00
2026-05-16T05:45:25.766751,66.70,70.00,100.00,100.00
2026-05-16T05:45:25.872465,62.50,77.80,100.00,100.00
2026-05-16T05:45:25.979174,70.00,90.90,100.00,100.00
2026-05-16T05:45:26.084338,80.00,77.80,100.00,100.00
2026-05-16T05:45:26.190636,80.00,83.30,100.00,100.00
2026-05-16T05:45:26.295263,88.90,90.00,100.00,100.00
2026-05-16T05:45:26.402430,77.80,77.80,100.00,100.00
2026-05-16T05:45:26.507615,77.80,81.80,100.00,100.00
2026-05-16T05:45:26.614565,70.00,88.90,100.00,100.00
2026-05-16T05:45:26.719826,80.00,81.80,100.00,100.00
2026-05-16T05:45:26.825573,80.00,75.00,100.00,100.00
2026-05-16T05:45:26.933629,77.80,88.90,100.00,100.00
2026-05-16T05:45:27.039270,70.00,70.00,100.00,100.00
2026-05-16T05:45:27.144733,80.00,66.70,100.00,100.00
2026-05-16T05:45:27.249981,81.80,77.80,100.00,100.00
2026-05-16T05:45:27.356962,66.70,80.00,100.00,100.00
2026-05-16T05:45:27.462718,77.80,66.70,100.00,100.00
2026-05-16T05:45:27.568676,62.50,77.80,100.00,100.00
2026-05-16T05:45:27.674265,72.70,66.70,100.00,100.00
2026-05-16T05:45:27.779611,77.80,77.80,100.00,100.00
2026-05-16T05:45:27.885756,66.70,70.00,100.00,100.00
2026-05-16T05:45:27.991953,70.00,66.70,100.00,100.00
2026-05-16T05:45:28.097214,70.00,75.00,100.00,100.00
2026-05-16T05:45:28.202434,77.80,77.80,100.00,100.00
2026-05-16T05:45:28.309793,66.70,70.00,100.00,100.00
2026-05-16T05:45:28.415552,77.80,77.80,100.00,100.00
2026-05-16T05:45:28.521915,66.70,70.00,100.00,100.00
2026-05-16T05:45:28.628360,71.40,88.90,100.00,100.00
2026-05-16T05:45:28.733687,66.70,81.80,100.00,100.00
2026-05-16T05:45:28.840508,66.70,88.90,100.00,100.00
2026-05-16T05:45:28.946369,77.80,88.90,100.00,100.00
2026-05-16T05:45:29.054600,80.00,81.80,100.00,100.00
2026-05-16T05:45:29.158635,75.00,75.00,100.00,100.00
2026-05-16T05:45:29.264843,77.80,81.80,100.00,100.00
2026-05-16T05:45:29.370360,70.00,88.90,100.00,100.00
2026-05-16T05:45:29.476223,77.80,80.00,100.00,100.00
2026-05-16T05:45:29.581049,77.80,88.90,100.00,100.00
2026-05-16T05:45:29.688477,66.70,81.80,100.00,100.00
2026-05-16T05:45:29.793801,80.00,88.90,100.00,100.00
2026-05-16T05:45:29.899183,66.70,90.00,100.00,100.00
2026-05-16T05:45:30.004946,80.00,80.00,100.00,100.00
2026-05-16T05:45:30.110880,77.80,88.90,100.00,100.00
2026-05-16T05:45:30.215557,77.80,77.80,100.00,100.00
2026-05-16T05:45:30.321869,88.90,80.00,100.00,100.00
2026-05-16T05:45:30.427056,70.00,90.00,100.00,100.00
2026-05-16T05:45:30.532317,71.40,90.90,100.00,100.00
2026-05-16T05:45:30.637288,72.70,81.80,100.00,100.00
2026-05-16T05:45:30.742612,77.80,88.90,100.00,100.00
2026-05-16T05:45:30.852708,80.00,80.00,100.00,100.00
2026-05-16T05:45:30.957708,71.40,88.90,100.00,100.00
2026-05-16T05:45:31.063934,70.00,81.80,100.00,100.00
2026-05-16T05:45:31.169357,77.80,81.80,100.00,100.00
2026-05-16T05:45:31.274792,66.70,75.00,100.00,100.00
2026-05-16T05:45:31.380820,66.70,80.00,100.00,100.00
2026-05-16T05:45:31.485875,62.50,75.00,100.00,100.00
2026-05-16T05:45:31.593324,66.70,90.00,100.00,100.00
2026-05-16T05:45:31.698412,80.00,81.80,100.00,100.00
2026-05-16T05:45:31.803312,71.40,80.00,100.00,100.00
2026-05-16T05:45:31.909575,77.80,90.00,100.00,100.00
2026-05-16T05:45:32.014624,66.70,80.00,100.00,100.00
2026-05-16T05:45:32.122458,80.00,80.00,100.00,100.00
2026-05-16T05:45:32.226974,66.70,77.80,100.00,100.00
2026-05-16T05:45:32.331858,66.70,77.80,100.00,100.00
2026-05-16T05:45:32.436775,62.50,77.80,100.00,100.00
2026-05-16T05:45:32.541807,70.00,72.70,100.00,100.00
2026-05-16T05:45:32.646466,66.70,80.00,100.00,100.00
2026-05-16T05:45:32.751839,75.00,80.00,100.00,100.00
2026-05-16T05:45:32.857668,80.00,87.50,100.00,100.00
2026-05-16T05:45:32.963688,77.80,80.00,100.00,100.00
2026-05-16T05:45:33.068654,66.70,77.80,100.00,100.00
2026-05-16T05:45:33.174309,75.00,80.00,100.00,100.00
2026-05-16T05:45:33.279465,70.00,77.80,100.00,100.00
2026-05-16T05:45:33.384671,66.70,80.00,100.00,100.00
2026-05-16T05:45:33.491201,62.50,70.00,100.00,100.00
2026-05-16T05:45:33.597435,70.00,75.00,100.00,100.00
2026-05-16T05:45:33.703406,80.00,66.70,100.00,100.00
2026-05-16T05:45:33.809611,62.50,66.70,100.00,100.00
2026-05-16T05:45:33.913995,77.80,77.80,100.00,100.00
2026-05-16T05:45:34.020753,80.00,80.00,100.00,100.00
2026-05-16T05:45:34.125426,77.80,80.00,100.00,100.00
2026-05-16T05:45:34.229746,87.50,77.80,100.00,100.00
2026-05-16T05:45:34.336815,72.70,88.90,100.00,100.00
2026-05-16T05:45:34.441392,80.00,70.00,100.00,100.00
2026-05-16T05:45:34.546228,50.00,66.70,100.00,100.00
2026-05-16T05:45:34.650741,50.00,42.90,100.00,100.00
2026-05-16T05:45:34.755700,28.60,55.60,100.00,100.00
2026-05-16T05:45:34.860423,50.00,50.00,100.00,100.00
2026-05-16T05:45:34.965057,50.00,66.70,100.00,100.00
2026-05-16T05:45:35.070473,66.70,62.50,100.00,100.00
2026-05-16T05:45:35.175586,42.90,66.70,100.00,100.00
2026-05-16T05:45:35.280337,66.70,70.00,100.00,100.00
2026-05-16T05:45:35.384817,55.60,62.50,100.00,100.00
2026-05-16T05:45:35.490162,42.90,62.50,100.00,100.00
2026-05-16T05:45:35.594725,62.50,62.50,100.00,100.00
2026-05-16T05:45:35.699505,55.60,66.70,100.00,100.00
2026-05-16T05:45:35.805270,62.50,55.60,100.00,100.00
2026-05-16T05:45:35.910712,50.00,62.50,100.00,100.00
2026-05-16T05:45:36.016490,50.00,62.50,100.00,100.00
2026-05-16T05:45:36.121265,55.60,55.60,100.00,100.00
2026-05-16T05:45:36.225992,37.50,55.60,100.00,100.00
2026-05-16T05:45:36.330397,62.50,62.50,100.00,100.00
2026-05-16T05:45:36.436016,44.40,66.70,100.00,100.00
2026-05-16T05:45:36.541409,62.50,50.00,100.00,100.00
2026-05-16T05:45:36.645562,50.00,70.00,100.00,100.00
2026-05-16T05:45:36.750802,50.00,57.10,100.00,100.00
2026-05-16T05:45:36.855173,66.70,55.60,100.00,100.00
2026-05-16T05:45:36.960917,50.00,55.60,100.00,100.00
2026-05-16T05:45:37.065942,50.00,55.60,100.00,100.00
2026-05-16T05:45:37.171562,44.40,55.60,100.00,100.00
2026-05-16T05:45:37.278097,55.60,50.00,100.00,100.00
2026-05-16T05:45:37.382815,57.10,66.70,100.00,100.00
2026-05-16T05:45:37.488935,50.00,55.60,100.00,100.00
2026-05-16T05:45:37.594484,50.00,37.50,100.00,100.00
2026-05-16T05:45:37.699386,55.60,50.00,100.00,100.00
2026-05-16T05:45:37.803873,42.90,55.60,100.00,100.00
2026-05-16T05:45:37.908412,54.50,44.40,100.00,100.00
2026-05-16T05:45:38.013868,50.00,50.00,100.00,100.00
2026-05-16T05:45:38.118944,42.90,50.00,100.00,100.00
2026-05-16T05:45:38.224648,55.60,42.90,100.00,100.00
2026-05-16T05:45:38.330002,50.00,60.00,100.00,100.00
2026-05-16T05:45:38.434681,50.00,42.90,100.00,100.00
2026-05-16T05:45:38.540034,60.00,60.00,100.00,100.00
2026-05-16T05:45:38.645271,55.60,50.00,100.00,100.00
2026-05-16T05:45:38.751267,33.30,50.00,100.00,100.00
2026-05-16T05:45:38.855676,60.00,55.60,100.00,100.00
2026-05-16T05:45:38.960674,55.60,62.50,100.00,100.00
2026-05-16T05:45:39.065470,66.70,60.00,100.00,100.00
2026-05-16T05:45:39.171285,62.50,42.90,100.00,100.00
2026-05-16T05:45:39.275712,42.90,62.50,100.00,100.00
2026-05-16T05:45:39.381050,66.70,60.00,100.00,100.00
2026-05-16T05:45:39.486261,62.50,50.00,100.00,100.00
2026-05-16T05:45:39.591708,55.60,60.00,100.00,100.00
2026-05-16T05:45:39.698093,60.00,55.60,100.00,100.00
2026-05-16T05:45:39.803752,57.10,57.10,100.00,100.00
2026-05-16T05:45:39.908198,62.50,50.00,100.00,100.00
2026-05-16T05:45:40.013297,50.00,63.60,100.00,100.00
2026-05-16T05:45:40.119048,62.50,50.00,100.00,100.00
2026-05-16T05:45:40.223852,55.60,50.00,100.00,100.00
2026-05-16T05:45:40.330016,62.50,66.70,100.00,100.00
2026-05-16T05:45:40.436630,70.00,50.00,100.00,100.00
2026-05-16T05:45:40.541267,62.50,55.60,100.00,100.00
2026-05-16T05:45:40.647660,50.00,42.90,100.00,100.00
2026-05-16T05:45:40.753089,66.70,55.60,100.00,100.00
2026-05-16T05:45:40.858901,50.00,50.00,100.00,100.00
2026-05-16T05:45:40.964598,37.50,42.90,100.00,100.00
2026-05-16T05:45:41.068995,50.00,37.50,100.00,100.00
2026-05-16T05:45:41.175358,55.60,55.60,100.00,100.00
2026-05-16T05:45:41.279798,42.90,50.00,100.00,100.00
2026-05-16T05:45:41.386044,55.60,50.00,100.00,100.00
2026-05-16T05:45:41.492751,50.00,42.90,100.00,100.00
2026-05-16T05:45:41.596886,50.00,55.60,100.00,100.00
2026-05-16T05:45:41.701778,55.60,50.00,100.00,100.00
2026-05-16T05:45:41.807140,33.30,50.00,100.00,100.00
2026-05-16T05:45:41.912684,50.00,50.00,100.00,100.00
2026-05-16T05:45:42.018242,50.00,55.60,100.00,100.00
2026-05-16T05:45:42.122613,42.90,28.60,100.00,100.00
2026-05-16T05:45:42.227875,44.40,50.00,100.00,100.00
2026-05-16T05:45:42.333389,50.00,60.00,100.00,100.00
2026-05-16T05:45:42.438348,33.30,42.90,100.00,100.00
2026-05-16T05:45:42.543390,55.60,44.40,100.00,100.00
2026-05-16T05:45:42.649181,42.90,50.00,100.00,100.00
2026-05-16T05:45:42.753840,44.40,55.60,100.00,100.00
2026-05-16T05:45:42.859714,55.60,44.40,100.00,100.00
2026-05-16T05:45:42.965433,50.00,42.90,100.00,100.00
2026-05-16T05:45:43.070605,50.00,50.00,100.00,100.00
2026-05-16T05:45:43.175229,60.00,57.10,100.00,100.00
2026-05-16T05:45:43.280471,62.50,55.60,100.00,100.00
2026-05-16T05:45:43.385929,55.60,66.70,100.00,100.00
2026-05-16T05:45:43.491602,55.60,55.60,100.00,100.00
2026-05-16T05:45:43.597853,62.50,55.60,100.00,100.00
2026-05-16T05:45:43.702697,50.00,50.00,100.00,100.00
2026-05-16T05:45:43.808414,50.00,50.00,100.00,100.00
2026-05-16T05:45:43.913780,42.90,55.60,100.00,100.00
2026-05-16T05:45:44.019061,50.00,33.30,100.00,100.00
2026-05-16T05:45:44.124595,50.00,50.00,100.00,100.00
2026-05-16T05:45:44.229567,55.60,50.00,100.00,100.00
2026-05-16T05:45:44.335619,37.50,55.60,100.00,100.00
2026-05-16T05:45:44.441590,50.00,44.40,100.00,100.00
2026-05-16T05:45:44.547751,62.50,50.00,100.00,100.00
2026-05-16T05:45:44.651730,55.60,50.00,100.00,100.00
2026-05-16T05:45:44.757352,37.50,42.90,100.00,100.00
2026-05-16T05:45:44.862578,50.00,50.00,100.00,100.00
2026-05-16T05:45:44.967313,50.00,50.00,100.00,100.00
2026-05-16T05:45:45.073084,55.60,37.50,100.00,100.00
2026-05-16T05:45:45.177495,42.90,50.00,100.00,100.00
2026-05-16T05:45:45.282172,60.00,66.70,100.00,100.00
2026-05-16T05:45:45.388050,33.30,50.00,100.00,100.00
2026-05-16T05:45:45.493443,55.60,50.00,100.00,100.00
2026-05-16T05:45:45.598530,50.00,50.00,100.00,100.00
2026-05-16T05:45:45.705258,37.50,55.60,100.00,100.00
2026-05-16T05:45:45.809353,57.10,50.00,100.00,100.00
2026-05-16T05:45:45.913799,55.60,50.00,100.00,100.00
2026-05-16T05:45:46.019372,55.60,55.60,100.00,100.00
2026-05-16T05:45:46.123846,42.90,50.00,100.00,100.00
2026-05-16T05:45:46.229147,60.00,50.00,100.00,100.00
2026-05-16T05:45:46.333781,66.70,70.00,100.00,100.00
2026-05-16T05:45:46.438531,62.50,50.00,100.00,100.00
2026-05-16T05:45:46.543059,50.00,55.60,100.00,100.00
2026-05-16T05:45:46.648677,62.50,50.00,100.00,100.00
2026-05-16T05:45:46.754331,44.40,55.60,100.00,100.00
2026-05-16T05:45:46.860273,50.00,50.00,100.00,100.00
2026-05-16T05:45:46.965689,28.60,50.00,100.00,100.00
2026-05-16T05:45:47.069850,50.00,50.00,100.00,100.00
2026-05-16T05:45:47.175320,42.90,50.00,100.00,100.00
2026-05-16T05:45:47.280665,55.60,55.60,100.00,100.00
2026-05-16T05:45:47.386079,55.60,55.60,100.00,100.00
2026-05-16T05:45:47.491720,55.60,62.50,100.00,100.00
2026-05-16T05:45:47.597263,50.00,55.60,100.00,100.00
2026-05-16T05:45:47.703189,42.90,57.10,100.00,100.00
2026-05-16T05:45:47.807996,62.50,55.60,100.00,100.00
2026-05-16T05:45:47.912297,37.50,50.00,100.00,100.00
2026-05-16T05:45:48.019037,55.60,50.00,100.00,100.00
2026-05-16T05:45:48.125073,50.00,37.50,100.00,100.00
2026-05-16T05:45:48.230824,50.00,55.60,100.00,100.00
2026-05-16T05:45:48.336751,55.60,50.00,100.00,100.00
2026-05-16T05:45:48.442682,33.30,42.90,100.00,100.00
2026-05-16T05:45:48.547661,55.60,50.00,100.00,100.00
2026-05-16T05:45:48.653408,44.40,50.00,100.00,100.00
2026-05-16T05:45:48.759038,50.00,50.00,100.00,100.00
2026-05-16T05:45:48.864264,33.30,50.00,100.00,100.00
2026-05-16T05:45:48.968726,50.00,55.60,100.00,100.00
2026-05-16T05:45:49.074389,42.90,50.00,100.00,100.00
2026-05-16T05:45:49.179242,55.60,50.00,100.00,100.00
2026-05-16T05:45:49.283731,50.00,50.00,100.00,100.00
2026-05-16T05:45:49.388990,33.30,50.00,100.00,100.00
2026-05-16T05:45:49.494317,55.60,70.00,100.00,100.00
2026-05-16T05:45:49.600558,37.50,44.40,100.00,100.00
2026-05-16T05:45:49.706391,50.00,55.60,100.00,100.00
2026-05-16T05:45:49.812026,55.60,50.00,100.00,100.00
2026-05-16T05:45:49.916469,42.90,42.90,100.00,100.00
2026-05-16T05:45:50.022480,42.90,60.00,100.00,100.00
2026-05-16T05:45:50.127963,60.00,55.60,100.00,100.00
2026-05-16T05:45:50.234558,50.00,57.10,100.00,100.00
2026-05-16T05:45:50.340184,60.00,70.00,100.00,100.00
2026-05-16T05:45:50.445708,42.90,50.00,100.00,100.00
2026-05-16T05:45:50.550497,50.00,44.40,100.00,100.00
2026-05-16T05:45:50.656836,37.50,55.60,100.00,100.00
2026-05-16T05:45:50.762362,55.60,50.00,100.00,100.00
2026-05-16T05:45:50.866869,50.00,55.60,100.00,100.00
2026-05-16T05:45:50.971751,55.60,55.60,100.00,100.00
2026-05-16T05:45:51.076822,50.00,50.00,100.00,100.00
2026-05-16T05:45:51.182538,50.00,44.40,100.00,100.00
2026-05-16T05:45:51.287248,50.00,55.60,100.00,100.00
2026-05-16T05:45:51.393924,55.60,60.00,100.00,100.00
2026-05-16T05:45:51.499679,60.00,50.00,100.00,100.00
2026-05-16T05:45:51.605800,42.90,60.00,100.00,100.00
2026-05-16T05:45:51.711916,55.60,62.50,100.00,100.00
2026-05-16T05:45:51.818419,57.10,55.60,100.00,100.00
2026-05-16T05:45:51.923897,55.60,55.60,100.00,100.00
2026-05-16T05:45:52.030121,50.00,50.00,100.00,100.00
2026-05-16T05:45:52.134813,50.00,42.90,100.00,100.00
2026-05-16T05:45:52.239542,33.30,55.60,100.00,100.00
2026-05-16T05:45:52.348908,60.00,60.00,100.00,100.00
2026-05-16T05:45:52.455238,55.60,57.10,100.00,100.00
2026-05-16T05:45:52.559960,50.00,55.60,100.00,100.00
2026-05-16T05:45:52.665564,50.00,55.60,100.00,100.00
2026-05-16T05:45:52.771197,44.40,50.00,100.00,100.00
2026-05-16T05:45:52.877248,42.90,50.00,100.00,100.00
2026-05-16T05:45:52.982507,50.00,50.00,100.00,100.00
2026-05-16T05:45:53.087790,37.50,37.50,100.00,100.00
2026-05-16T05:45:53.193439,55.60,50.00,100.00,100.00
2026-05-16T05:45:53.298841,50.00,50.00,100.00,100.00
2026-05-16T05:45:53.404252,55.60,55.60,100.00,100.00
2026-05-16T05:45:53.509160,55.60,55.60,100.00,100.00
2026-05-16T05:45:53.615381,50.00,62.50,100.00,100.00
2026-05-16T05:45:53.721910,55.60,55.60,100.00,100.00
2026-05-16T05:45:53.828057,57.10,60.00,100.00,100.00
2026-05-16T05:45:53.934356,44.40,57.10,100.00,100.00
2026-05-16T05:45:54.039282,62.50,55.60,100.00,100.00
2026-05-16T05:45:54.146090,50.00,55.60,100.00,100.00
2026-05-16T05:45:54.250550,60.00,66.70,100.00,100.00
2026-05-16T05:45:54.357416,42.90,50.00,100.00,100.00
2026-05-16T05:45:54.463621,62.50,55.60,100.00,100.00
2026-05-16T05:45:54.568612,55.60,62.50,100.00,100.00
2026-05-16T05:45:54.674253,55.60,50.00,100.00,100.00
2026-05-16T05:45:54.780730,55.60,60.00,100.00,100.00
2026-05-16T05:45:54.886568,50.00,50.00,100.00,100.00
2026-05-16T05:45:54.991745,60.00,50.00,100.00,100.00
2026-05-16T05:45:55.098068,50.00,66.70,100.00,100.00
2026-05-16T05:45:55.203049,50.00,37.50,100.00,100.00
2026-05-16T05:45:55.307935,55.60,55.60,100.00,100.00
2026-05-16T05:45:55.414060,42.90,42.90,100.00,100.00
2026-05-16T05:45:55.519050,44.40,50.00,100.00,100.00
2026-05-16T05:45:55.624600,42.90,44.40,100.00,100.00
2026-05-16T05:45:55.728957,44.40,50.00,100.00,100.00
2026-05-16T05:45:55.834047,62.50,55.60,100.00,100.00
2026-05-16T05:45:55.939209,50.00,42.90,100.00,100.00
2026-05-16T05:45:56.044789,37.50,44.40,100.00,100.00
2026-05-16T05:45:56.151647,50.00,50.00,100.00,100.00
2026-05-16T05:45:56.258782,44.40,50.00,100.00,100.00
2026-05-16T05:45:56.365293,75.00,60.00,100.00,100.00
2026-05-16T05:45:56.471063,50.00,57.10,100.00,100.00
2026-05-16T05:45:56.577276,63.60,44.40,100.00,100.00
2026-05-16T05:45:56.681843,50.00,62.50,100.00,100.00
2026-05-16T05:45:56.786814,55.60,50.00,100.00,100.00
2026-05-16T05:45:56.891364,44.40,50.00,100.00,100.00
2026-05-16T05:45:56.996070,50.00,63.60,100.00,100.00
2026-05-16T05:45:57.102236,44.40,37.50,100.00,100.00
2026-05-16T05:45:57.207540,50.00,42.90,100.00,100.00
2026-05-16T05:45:57.313105,42.90,50.00,100.00,100.00
2026-05-16T05:45:57.418791,44.40,55.60,100.00,100.00
2026-05-16T05:45:57.524267,42.90,50.00,100.00,100.00
2026-05-16T05:45:57.629958,55.60,50.00,100.00,100.00
2026-05-16T05:45:57.734804,44.40,42.90,100.00,100.00
2026-05-16T05:45:57.839487,55.60,42.90,100.00,100.00
2026-05-16T05:45:57.945617,42.90,55.60,100.00,100.00
2026-05-16T05:45:58.049983,50.00,55.60,100.00,100.00
2026-05-16T05:45:58.156206,50.00,42.90,100.00,100.00
2026-05-16T05:45:58.261311,42.90,55.60,100.00,100.00
2026-05-16T05:45:58.365988,44.40,50.00,100.00,100.00
2026-05-16T05:45:58.470999,50.00,55.60,100.00,100.00
2026-05-16T05:45:58.575851,42.90,37.50,100.00,100.00
2026-05-16T05:45:58.680864,50.00,55.60,100.00,100.00
2026-05-16T05:45:58.785273,42.90,37.50,100.00,100.00
2026-05-16T05:45:58.890372,44.40,42.90,100.00,100.00
2026-05-16T05:45:58.996031,50.00,44.40,100.00,100.00
2026-05-16T05:45:59.101405,37.50,50.00,100.00,100.00
2026-05-16T05:45:59.206928,50.00,50.00,100.00,100.00
2026-05-16T05:45:59.311967,50.00,50.00,100.00,100.00
2026-05-16T05:45:59.417676,37.50,44.40,100.00,100.00
2026-05-16T05:45:59.522953,42.90,55.60,100.00,100.00
2026-05-16T05:45:59.628603,50.00,50.00,100.00,100.00
2026-05-16T05:45:59.733489,37.50,37.50,100.00,100.00
2026-05-16T05:45:59.838428,60.00,60.00,100.00,100.00
2026-05-16T05:45:59.943874,55.60,50.00,100.00,100.00
2026-05-16T05:46:00.049031,50.00,42.90,100.00,100.00
2026-05-16T05:46:00.155478,37.50,50.00,100.00,100.00
2026-05-16T05:46:00.260653,50.00,44.40,100.00,100.00
2026-05-16T05:46:00.365497,50.00,55.60,100.00,100.00
2026-05-16T05:46:00.471281,55.60,50.00,100.00,100.00
2026-05-16T05:46:00.576339,37.50,50.00,100.00,100.00
2026-05-16T05:46:00.681363,55.60,44.40,100.00,100.00
2026-05-16T05:46:00.786657,50.00,42.90,100.00,100.00
2026-05-16T05:46:00.892968,55.60,66.70,100.00,100.00
2026-05-16T05:46:00.997012,42.90,55.60,100.00,100.00
2026-05-16T05:46:01.103059,50.00,50.00,100.00,100.00
2026-05-16T05:46:01.209172,50.00,50.00,100.00,100.00
2026-05-16T05:46:01.315823,66.70,55.60,100.00,100.00
2026-05-16T05:46:01.421224,37.50,50.00,100.00,100.00
2026-05-16T05:46:01.526953,42.90,55.60,100.00,100.00
2026-05-16T05:46:01.632389,50.00,50.00,100.00,100.00
2026-05-16T05:46:01.739158,50.00,50.00,100.00,100.00
2026-05-16T05:46:01.843941,55.60,55.60,100.00,100.00
2026-05-16T05:46:01.949440,55.60,55.60,100.00,100.00
2026-05-16T05:46:02.056042,57.10,55.60,100.00,100.00
2026-05-16T05:46:02.160578,55.60,50.00,100.00,100.00
2026-05-16T05:46:02.266166,55.60,55.60,100.00,100.00
2026-05-16T05:46:02.371753,50.00,60.00,100.00,100.00
2026-05-16T05:46:02.478367,50.00,62.50,100.00,100.00
2026-05-16T05:46:02.583892,55.60,62.50,100.00,100.00
2026-05-16T05:46:02.688103,44.40,50.00,100.00,100.00
2026-05-16T05:46:02.792791,50.00,44.40,100.00,100.00
2026-05-16T05:46:02.898041,37.50,42.90,100.00,100.00
2026-05-16T05:46:03.002939,37.50,50.00,100.00,100.00
2026-05-16T05:46:03.109089,60.00,44.40,100.00,100.00
2026-05-16T05:46:03.214671,44.40,60.00,100.00,100.00
2026-05-16T05:46:03.320157,50.00,50.00,100.00,100.00
2026-05-16T05:46:03.425414,44.40,50.00,100.00,100.00
2026-05-16T05:46:03.530669,55.60,50.00,100.00,100.00
2026-05-16T05:46:03.636156,50.00,37.50,100.00,100.00
2026-05-16T05:46:03.742726,50.00,50.00,100.00,100.00
2026-05-16T05:46:03.846959,37.50,50.00,100.00,100.00
2026-05-16T05:46:03.952563,50.00,50.00,100.00,100.00
2026-05-16T05:46:04.057830,37.50,50.00,100.00,100.00
2026-05-16T05:46:04.164041,50.00,50.00,100.00,100.00
2026-05-16T05:46:04.269034,44.40,55.60,100.00,100.00
2026-05-16T05:46:04.373646,60.00,50.00,100.00,100.00
2026-05-16T05:46:04.480792,80.00,75.00,100.00,100.00
2026-05-16T05:46:04.589631,90.00,83.30,100.00,100.00
2026-05-16T05:46:04.693705,90.90,90.00,100.00,100.00
2026-05-16T05:46:04.938659,95.50,100.00,100.00,100.00
2026-05-16T05:46:05.044490,66.70,70.00,77.80,25.00
2026-05-16T05:46:05.150040,66.70,66.70,66.70,25.00
2026-05-16T05:46:05.257264,63.60,70.00,70.00,25.00
2026-05-16T05:46:05.363088,57.10,80.00,70.00,33.30
2026-05-16T05:46:05.469602,70.00,70.00,66.70,25.00
2026-05-16T05:46:05.574886,62.50,71.40,66.70,25.00
2026-05-16T05:46:05.679836,70.00,75.00,70.00,25.00
2026-05-16T05:46:05.784898,66.70,75.00,66.70,40.00
2026-05-16T05:46:05.890064,66.70,60.00,75.00,14.30
2026-05-16T05:46:05.995855,66.70,62.50,70.00,22.20
2026-05-16T05:46:06.102290,50.00,80.00,62.50,25.00
2026-05-16T05:46:06.208411,66.70,72.70,62.50,33.30
2026-05-16T05:46:06.314889,70.00,66.70,70.00,33.30
2026-05-16T05:46:06.422219,57.10,77.80,62.50,50.00
2026-05-16T05:46:06.528055,66.70,70.00,77.80,25.00
2026-05-16T05:46:06.633747,70.00,77.80,70.00,25.00
2026-05-16T05:46:06.740485,66.70,70.00,66.70,33.30
2026-05-16T05:46:06.845988,66.70,66.70,66.70,25.00
2026-05-16T05:46:06.951398,62.50,70.00,66.70,25.00
2026-05-16T05:46:07.057997,66.70,66.70,55.60,22.20
2026-05-16T05:46:07.163712,60.00,70.00,66.70,25.00
2026-05-16T05:46:07.270630,62.50,70.00,66.70,33.30
2026-05-16T05:46:07.377775,66.70,77.80,80.00,25.00
2026-05-16T05:46:07.484396,66.70,70.00,70.00,25.00
2026-05-16T05:46:07.590966,66.70,80.00,70.00,25.00
2026-05-16T05:46:07.696917,62.50,66.70,75.00,25.00
2026-05-16T05:46:07.802689,66.70,75.00,70.00,25.00
2026-05-16T05:46:07.908282,62.50,72.70,70.00,33.30
2026-05-16T05:46:08.013327,66.70,66.70,57.10,22.20
2026-05-16T05:46:08.119265,50.00,66.70,66.70,14.30
2026-05-16T05:46:08.227081,75.00,66.70,70.00,25.00
2026-05-16T05:46:08.334037,62.50,75.00,70.00,33.30
2026-05-16T05:46:08.440455,62.50,63.60,66.70,25.00
2026-05-16T05:46:08.545968,66.70,80.00,62.50,25.00
2026-05-16T05:46:08.651551,60.00,66.70,66.70,22.20
2026-05-16T05:46:08.757619,70.00,66.70,72.70,14.30
2026-05-16T05:46:08.863993,71.40,77.80,75.00,14.30
2026-05-16T05:46:08.969696,70.00,70.00,70.00,25.00
2026-05-16T05:46:09.074398,70.00,75.00,77.80,25.00
2026-05-16T05:46:09.179750,70.00,70.00,70.00,25.00
2026-05-16T05:46:09.284943,66.70,77.80,77.80,33.30
2026-05-16T05:46:09.392245,66.70,66.70,66.70,25.00
2026-05-16T05:46:09.497955,57.10,80.00,70.00,33.30
2026-05-16T05:46:09.605316,70.00,62.50,77.80,25.00
2026-05-16T05:46:09.710801,66.70,70.00,70.00,22.20
2026-05-16T05:46:09.817092,72.70,81.80,70.00,25.00
2026-05-16T05:46:09.922722,66.70,70.00,77.80,25.00
2026-05-16T05:46:10.028392,66.70,77.80,66.70,25.00
2026-05-16T05:46:10.134890,72.70,72.70,66.70,25.00
2026-05-16T05:46:10.241820,62.50,80.00,70.00,25.00
2026-05-16T05:46:10.348504,70.00,77.80,66.70,45.50
2026-05-16T05:46:10.454926,62.50,70.00,62.50,25.00
2026-05-16T05:46:10.561887,66.70,77.80,77.80,25.00
2026-05-16T05:46:10.668062,66.70,62.50,70.00,25.00
2026-05-16T05:46:10.774031,57.10,75.00,66.70,33.30
2026-05-16T05:46:10.880484,62.50,75.00,66.70,33.30
2026-05-16T05:46:10.985649,66.70,66.70,66.70,22.20
2026-05-16T05:46:11.091238,55.60,72.70,66.70,14.30
2026-05-16T05:46:11.197964,66.70,66.70,66.70,33.30
2026-05-16T05:46:11.305276,70.00,66.70,75.00,25.00
2026-05-16T05:46:11.411562,62.50,77.80,72.70,25.00
2026-05-16T05:46:11.516890,70.00,70.00,62.50,33.30
2026-05-16T05:46:11.622932,66.70,66.70,70.00,12.50
2026-05-16T05:46:11.728012,60.00,70.00,62.50,25.00
2026-05-16T05:46:11.833798,70.00,70.00,66.70,25.00
2026-05-16T05:46:11.939554,75.00,66.70,66.70,25.00
2026-05-16T05:46:12.044821,55.60,70.00,62.50,25.00
2026-05-16T05:46:12.150741,66.70,75.00,70.00,33.30
2026-05-16T05:46:12.256937,62.50,72.70,77.80,33.30
2026-05-16T05:46:12.362994,70.00,66.70,70.00,36.40
2026-05-16T05:46:12.468702,66.70,80.00,62.50,25.00
2026-05-16T05:46:12.575562,62.50,70.00,70.00,37.50
2026-05-16T05:46:12.681121,70.00,70.00,77.80,25.00
2026-05-16T05:46:12.787959,66.70,77.80,70.00,25.00
2026-05-16T05:46:12.894200,66.70,70.00,70.00,12.50
2026-05-16T05:46:13.000638,62.50,70.00,75.00,25.00
2026-05-16T05:46:13.106416,62.50,75.00,70.00,33.30
2026-05-16T05:46:13.211991,77.80,72.70,75.00,25.00
2026-05-16T05:46:13.318349,55.60,75.00,62.50,40.00
2026-05-16T05:46:13.425580,77.80,72.70,70.00,33.30
2026-05-16T05:46:13.531871,60.00,80.00,66.70,25.00
2026-05-16T05:46:13.637374,70.00,62.50,80.00,25.00
2026-05-16T05:46:13.743049,66.70,72.70,66.70,44.40
2026-05-16T05:46:13.848213,66.70,70.00,70.00,22.20
2026-05-16T05:46:13.954505,70.00,62.50,60.00,33.30
2026-05-16T05:46:14.060961,62.50,70.00,75.00,22.20
2026-05-16T05:46:14.167904,66.70,66.70,62.50,25.00
2026-05-16T05:46:14.275653,50.00,70.00,66.70,33.30
2026-05-16T05:46:14.381307,72.70,75.00,66.70,25.00
2026-05-16T05:46:14.486301,62.50,66.70,66.70,25.00
2026-05-16T05:46:14.593353,77.80,72.70,70.00,25.00
2026-05-16T05:46:14.699916,62.50,77.80,75.00,30.00
2026-05-16T05:46:14.805500,55.60,66.70,60.00,14.30
2026-05-16T05:46:14.911394,70.00,66.70,66.70,25.00
2026-05-16T05:46:15.018495,66.70,77.80,75.00,33.30
2026-05-16T05:46:15.124429,66.70,70.00,62.50,33.30
2026-05-16T05:46:15.230795,70.00,77.80,70.00,33.30
2026-05-16T05:46:15.337520,66.70,70.00,70.00,44.40
2026-05-16T05:46:15.444811,66.70,70.00,62.50,33.30
2026-05-16T05:46:15.550308,66.70,80.00,77.80,14.30
2026-05-16T05:46:15.656663,66.70,75.00,62.50,33.30
2026-05-16T05:46:15.763562,62.50,72.70,70.00,25.00
2026-05-16T05:46:15.868493,60.00,66.70,62.50,30.00
2026-05-16T05:46:15.974913,66.70,80.00,70.00,14.30
2026-05-16T05:46:16.080019,70.00,70.00,62.50,33.30
2026-05-16T05:46:16.185309,66.70,62.50,70.00,25.00
2026-05-16T05:46:16.291362,70.00,77.80,62.50,22.20
2026-05-16T05:46:16.396708,66.70,66.70,77.80,37.50
2026-05-16T05:46:16.502462,70.00,72.70,66.70,25.00
2026-05-16T05:46:16.607382,66.70,77.80,66.70,36.40
2026-05-16T05:46:16.712357,66.70,66.70,70.00,25.00
2026-05-16T05:46:16.818064,57.10,72.70,66.70,25.00
2026-05-16T05:46:16.924837,70.00,66.70,62.50,33.30
2026-05-16T05:46:17.031123,62.50,80.00,80.00,12.50
2026-05-16T05:46:17.137989,62.50,62.50,62.50,25.00
2026-05-16T05:46:17.244274,66.70,75.00,66.70,37.50
2026-05-16T05:46:17.351076,66.70,72.70,70.00,25.00
2026-05-16T05:46:17.457652,62.50,80.00,66.70,22.20
2026-05-16T05:46:17.563807,66.70,66.70,57.10,25.00
2026-05-16T05:46:17.670416,50.00,77.80,66.70,33.30
2026-05-16T05:46:17.775020,66.70,70.00,66.70,25.00
2026-05-16T05:46:17.880485,66.70,66.70,66.70,14.30
2026-05-16T05:46:17.986291,66.70,77.80,70.00,22.20
2026-05-16T05:46:18.091217,66.70,62.50,62.50,25.00
2026-05-16T05:46:18.198753,66.70,77.80,77.80,25.00
2026-05-16T05:46:18.305899,70.00,70.00,62.50,33.30
2026-05-16T05:46:18.411541,66.70,72.70,70.00,25.00
2026-05-16T05:46:18.517480,70.00,71.40,66.70,25.00
2026-05-16T05:46:18.623260,70.00,70.00,62.50,33.30
2026-05-16T05:46:18.728718,66.70,75.00,66.70,33.30
2026-05-16T05:46:18.835026,62.50,66.70,62.50,33.30
2026-05-16T05:46:18.941032,66.70,62.50,66.70,14.30
2026-05-16T05:46:19.046335,60.00,77.80,62.50,22.20
2026-05-16T05:46:19.151974,75.00,66.70,60.00,40.00
2026-05-16T05:46:19.258236,66.70,70.00,66.70,25.00
2026-05-16T05:46:19.365061,70.00,77.80,71.40,28.60
2026-05-16T05:46:19.468456,12.50,30.00,22.20,20.00
2026-05-16T05:46:19.593516,0.00,9.10,15.40,23.10
2026-05-16T05:46:19.696839,18.20,0.00,0.00,100.00
2026-05-16T05:46:19.800052,0.00,0.00,0.00,100.00
2026-05-16T05:46:19.903595,10.00,10.00,0.00,100.00
2026-05-16T05:46:20.006667,16.70,0.00,9.10,100.00
2026-05-16T05:46:20.109844,0.00,10.00,0.00,100.00
2026-05-16T05:46:20.213359,25.00,0.00,10.00,100.00
2026-05-16T05:46:20.317006,0.00,0.00,10.00,100.00
2026-05-16T05:46:20.420370,10.00,10.00,0.00,100.00
2026-05-16T05:46:20.523592,0.00,0.00,0.00,100.00
2026-05-16T05:46:20.627706,9.10,10.00,10.00,100.00
2026-05-16T05:46:20.730756,10.00,0.00,0.00,100.00
2026-05-16T05:46:20.983576,37.50,21.70,22.70,54.50
2026-05-16T05:46:21.085696,0.00,0.00,9.10,0.00
2026-05-16T05:46:21.187918,0.00,0.00,0.00,0.00
2026-05-16T05:46:21.289949,0.00,10.00,0.00,9.10
2026-05-16T05:46:21.392399,0.00,0.00,0.00,0.00
2026-05-16T05:46:21.494399,0.00,0.00,10.00,10.00
2026-05-16T05:46:21.649603,13.30,13.30,31.30,12.50
2026-05-16T05:46:21.751676,10.00,10.00,100.00,0.00
2026-05-16T05:46:21.853921,10.00,0.00,100.00,0.00
2026-05-16T05:46:21.956015,18.20,0.00,100.00,0.00
2026-05-16T05:46:22.058082,0.00,18.20,100.00,0.00
2026-05-16T05:46:22.160494,18.20,11.10,100.00,0.00
2026-05-16T05:46:22.262587,11.10,10.00,100.00,0.00
2026-05-16T05:46:22.364682,10.00,0.00,100.00,0.00
2026-05-16T05:46:22.466732,10.00,11.10,100.00,0.00
2026-05-16T05:46:22.568880,10.00,0.00,100.00,0.00
2026-05-16T05:46:22.671268,10.00,10.00,100.00,0.00
2026-05-16T05:46:22.773433,10.00,10.00,100.00,10.00
2026-05-16T05:46:22.875478,10.00,11.10,100.00,0.00
2026-05-16T05:46:22.977557,18.20,0.00,100.00,0.00
2026-05-16T05:46:23.079706,30.80,0.00,100.00,0.00
2026-05-16T05:46:23.181745,0.00,0.00,100.00,0.00
2026-05-16T05:46:23.283748,10.00,0.00,100.00,0.00
2026-05-16T05:46:23.386174,0.00,0.00,100.00,0.00
2026-05-16T05:46:23.488258,18.20,20.00,100.00,0.00
2026-05-16T05:46:23.590400,11.10,0.00,100.00,0.00
2026-05-16T05:46:23.692368,10.00,10.00,100.00,9.10
2026-05-16T05:46:23.794345,18.20,11.10,100.00,0.00
2026-05-16T05:46:23.896425,10.00,0.00,100.00,0.00
2026-05-16T05:46:23.998893,18.20,0.00,100.00,0.00
2026-05-16T05:46:24.101246,25.00,0.00,100.00,0.00
2026-05-16T05:46:24.203519,11.10,11.10,100.00,10.00
2026-05-16T05:46:24.305906,18.20,10.00,100.00,0.00
2026-05-16T05:46:24.408327,0.00,10.00,100.00,0.00
2026-05-16T05:46:24.510649,20.00,0.00,100.00,0.00
2026-05-16T05:46:24.612919,10.00,0.00,100.00,0.00
2026-05-16T05:46:24.715426,10.00,10.00,100.00,0.00
2026-05-16T05:46:24.817891,10.00,0.00,100.00,0.00
2026-05-16T05:46:24.920335,0.00,0.00,100.00,0.00
2026-05-16T05:46:25.022550,0.00,10.00,100.00,0.00
2026-05-16T05:46:25.124857,10.00,0.00,100.00,0.00
2026-05-16T05:46:25.226814,10.00,0.00,100.00,9.10
2026-05-16T05:46:25.328948,18.20,0.00,100.00,0.00
2026-05-16T05:46:25.431170,10.00,10.00,100.00,9.10
2026-05-16T05:46:25.533360,10.00,10.00,100.00,0.00
2026-05-16T05:46:25.635657,11.10,11.10,100.00,0.00
2026-05-16T05:46:25.737887,10.00,18.20,100.00,0.00
2026-05-16T05:46:25.840500,0.00,0.00,100.00,0.00
2026-05-16T05:46:25.942935,18.20,10.00,100.00,0.00
2026-05-16T05:46:26.045344,11.10,0.00,100.00,0.00
2026-05-16T05:46:26.147777,10.00,0.00,100.00,0.00
2026-05-16T05:46:26.250196,10.00,10.00,100.00,0.00
2026-05-16T05:46:26.352271,0.00,0.00,100.00,0.00
2026-05-16T05:46:26.454620,20.00,0.00,100.00,0.00
2026-05-16T05:46:26.557115,10.00,20.00,100.00,0.00
2026-05-16T05:46:26.659267,10.00,0.00,100.00,0.00
2026-05-16T05:46:26.761290,10.00,0.00,100.00,0.00
2026-05-16T05:46:26.863223,11.10,0.00,100.00,9.10
2026-05-16T05:46:26.965274,10.00,11.10,100.00,0.00
2026-05-16T05:46:27.067454,10.00,10.00,100.00,9.10
2026-05-16T05:46:27.169588,10.00,10.00,100.00,0.00
2026-05-16T05:46:27.271685,10.00,0.00,100.00,0.00
2026-05-16T05:46:27.373731,18.20,0.00,100.00,0.00
2026-05-16T05:46:27.475955,10.00,0.00,100.00,0.00
2026-05-16T05:46:27.578177,10.00,0.00,100.00,0.00
2026-05-16T05:46:27.680729,20.00,0.00,100.00,0.00
2026-05-16T05:46:27.783164,10.00,10.00,100.00,0.00
2026-05-16T05:46:27.885598,10.00,0.00,100.00,0.00
2026-05-16T05:46:27.988048,0.00,10.00,100.00,0.00
2026-05-16T05:46:28.090410,10.00,0.00,100.00,9.10
2026-05-16T05:46:28.192544,10.00,10.00,100.00,0.00
2026-05-16T05:46:28.294835,11.10,0.00,100.00,0.00
2026-05-16T05:46:28.397062,10.00,11.10,100.00,0.00
2026-05-16T05:46:28.499064,10.00,10.00,100.00,0.00
2026-05-16T05:46:28.601198,10.00,0.00,100.00,0.00
2026-05-16T05:46:28.703254,10.00,0.00,100.00,0.00
2026-05-16T05:46:28.805317,10.00,10.00,100.00,0.00
2026-05-16T05:46:28.907252,10.00,0.00,100.00,10.00
2026-05-16T05:46:29.009262,10.00,0.00,100.00,0.00
2026-05-16T05:46:29.111274,10.00,11.10,100.00,0.00
2026-05-16T05:46:29.213366,0.00,10.00,100.00,0.00
2026-05-16T05:46:29.315490,20.00,10.00,100.00,9.10
2026-05-16T05:46:29.656730,35.50,36.70,100.00,46.90
2026-05-16T05:46:29.760618,10.00,18.20,100.00,100.00
2026-05-16T05:46:29.864302,10.00,0.00,100.00,100.00
2026-05-16T05:46:29.967994,10.00,0.00,100.00,100.00
2026-05-16T05:46:30.071844,10.00,18.20,100.00,100.00
2026-05-16T05:46:30.175869,10.00,20.00,100.00,100.00
2026-05-16T05:46:30.279923,18.20,0.00,100.00,100.00
2026-05-16T05:46:30.383900,20.00,11.10,100.00,100.00
2026-05-16T05:46:30.487947,0.00,11.10,100.00,100.00
2026-05-16T05:46:30.591922,27.30,11.10,100.00,100.00
2026-05-16T05:46:30.695684,10.00,10.00,100.00,100.00
2026-05-16T05:46:30.799231,10.00,0.00,100.00,100.00
2026-05-16T05:46:30.903077,11.10,0.00,100.00,100.00
2026-05-16T05:46:31.006681,10.00,10.00,100.00,100.00
2026-05-16T05:46:31.110475,0.00,0.00,100.00,100.00
2026-05-16T05:46:31.214314,25.00,0.00,100.00,100.00
2026-05-16T05:46:31.318076,0.00,18.20,100.00,100.00
2026-05-16T05:46:31.421936,10.00,0.00,100.00,100.00
2026-05-16T05:46:31.525781,18.20,0.00,100.00,100.00
2026-05-16T05:46:31.629578,25.00,20.00,100.00,100.00
2026-05-16T05:46:31.733496,20.00,10.00,100.00,100.00
2026-05-16T05:46:31.837338,10.00,0.00,100.00,100.00
2026-05-16T05:46:31.941261,10.00,0.00,100.00,100.00
2026-05-16T05:46:32.044755,25.00,10.00,100.00,100.00
2026-05-16T05:46:32.148562,10.00,0.00,100.00,100.00
2026-05-16T05:46:32.252267,0.00,10.00,100.00,100.00
2026-05-16T05:46:32.355843,18.20,0.00,100.00,100.00
2026-05-16T05:46:32.459730,0.00,10.00,100.00,100.00
2026-05-16T05:46:32.563856,18.20,20.00,100.00,100.00
2026-05-16T05:46:32.667957,10.00,10.00,100.00,100.00
2026-05-16T05:46:32.771789,10.00,0.00,100.00,100.00
2026-05-16T05:46:32.875510,18.20,0.00,100.00,100.00
2026-05-16T05:46:32.979215,20.00,0.00,100.00,100.00
2026-05-16T05:46:33.082875,18.20,0.00,100.00,100.00
2026-05-16T05:46:33.186591,10.00,10.00,100.00,100.00
2026-05-16T05:46:33.290319,18.20,11.10,100.00,100.00
2026-05-16T05:46:33.394308,0.00,0.00,100.00,100.00
2026-05-16T05:46:33.497914,30.80,18.20,100.00,100.00
2026-05-16T05:46:33.602170,10.00,0.00,100.00,100.00
2026-05-16T05:46:33.706623,11.10,11.10,100.00,100.00
2026-05-16T05:46:33.810293,10.00,10.00,100.00,100.00
2026-05-16T05:46:33.913982,10.00,0.00,100.00,100.00
2026-05-16T05:46:34.017531,18.20,0.00,100.00,100.00
2026-05-16T05:46:34.121262,11.10,25.00,100.00,100.00
2026-05-16T05:46:34.225271,10.00,0.00,100.00,100.00
2026-05-16T05:46:34.328935,18.20,10.00,100.00,100.00
2026-05-16T05:46:34.433907,10.00,0.00,100.00,100.00
2026-05-16T05:46:34.538740,11.10,0.00,100.00,100.00
2026-05-16T05:46:34.643161,30.00,22.20,100.00,100.00
2026-05-16T05:46:34.747648,20.00,11.10,100.00,100.00
2026-05-16T05:46:34.851755,11.10,0.00,100.00,100.00
2026-05-16T05:46:34.955588,20.00,0.00,100.00,100.00
2026-05-16T05:46:35.060192,20.00,11.10,100.00,100.00
2026-05-16T05:46:35.163795,20.00,12.50,100.00,100.00
2026-05-16T05:46:35.268806,33.30,22.20,100.00,100.00
2026-05-16T05:46:35.372820,30.00,11.10,100.00,100.00
2026-05-16T05:46:35.476998,27.30,12.50,100.00,100.00
2026-05-16T05:46:35.581085,11.10,22.20,100.00,100.00
2026-05-16T05:46:35.685387,11.10,0.00,100.00,100.00
2026-05-16T05:46:35.789534,27.30,11.10,100.00,100.00
2026-05-16T05:46:35.893615,11.10,0.00,100.00,100.00
2026-05-16T05:46:35.997613,12.50,11.10,100.00,100.00
2026-05-16T05:46:36.101414,11.10,0.00,100.00,100.00
2026-05-16T05:46:36.205627,27.30,11.10,100.00,100.00
2026-05-16T05:46:36.309897,27.30,11.10,100.00,100.00
2026-05-16T05:46:36.414727,30.00,0.00,100.00,100.00
2026-05-16T05:46:36.518792,11.10,11.10,100.00,100.00
2026-05-16T05:46:36.623351,22.20,12.50,100.00,100.00
2026-05-16T05:46:36.727850,20.00,11.10,100.00,100.00
2026-05-16T05:46:36.832511,20.00,0.00,100.00,100.00
2026-05-16T05:46:36.936415,20.00,0.00,100.00,100.00
2026-05-16T05:46:37.040553,12.50,11.10,100.00,100.00
2026-05-16T05:46:37.144683,20.00,11.10,100.00,100.00
2026-05-16T05:46:37.248787,20.00,0.00,100.00,100.00
2026-05-16T05:46:37.352646,20.00,0.00,100.00,100.00
2026-05-16T05:46:37.456690,20.00,11.10,100.00,100.00
2026-05-16T05:46:37.560551,20.00,0.00,100.00,100.00
2026-05-16T05:46:37.664942,20.00,11.10,100.00,100.00
2026-05-16T05:46:37.768915,11.10,0.00,100.00,100.00
2026-05-16T05:46:37.873481,20.00,11.10,100.00,100.00
2026-05-16T05:46:37.977829,30.00,20.00,100.00,100.00
2026-05-16T05:46:38.081737,11.10,0.00,100.00,100.00
2026-05-16T05:46:38.185969,20.00,11.10,100.00,100.00
2026-05-16T05:46:38.290034,11.10,0.00,100.00,100.00
2026-05-16T05:46:38.393929,20.00,0.00,100.00,100.00
2026-05-16T05:46:38.497785,11.10,12.50,100.00,100.00
2026-05-16T05:46:38.601947,20.00,20.00,100.00,100.00
2026-05-16T05:46:38.706532,27.30,0.00,100.00,100.00
2026-05-16T05:46:38.810453,11.10,11.10,100.00,100.00
2026-05-16T05:46:38.914548,20.00,0.00,100.00,100.00
2026-05-16T05:46:39.018571,27.30,11.10,100.00,100.00
2026-05-16T05:46:39.122377,18.20,12.50,100.00,100.00
2026-05-16T05:46:39.226970,20.00,0.00,100.00,100.00
2026-05-16T05:46:39.331057,22.20,11.10,100.00,100.00
2026-05-16T05:46:39.435347,27.30,11.10,100.00,100.00
2026-05-16T05:46:39.539671,20.00,11.10,100.00,100.00
2026-05-16T05:46:39.644041,20.00,0.00,100.00,100.00
2026-05-16T05:46:39.748296,0.00,0.00,100.00,100.00
2026-05-16T05:46:39.852744,20.00,12.50,100.00,100.00
2026-05-16T05:46:39.956721,12.50,11.10,100.00,100.00
2026-05-16T05:46:40.060532,20.00,0.00,100.00,100.00
2026-05-16T05:46:40.164372,20.00,0.00,100.00,100.00
2026-05-16T05:46:40.268453,20.00,11.10,100.00,100.00
2026-05-16T05:46:40.372390,27.30,22.20,100.00,100.00
2026-05-16T05:46:40.476376,20.00,0.00,100.00,100.00
2026-05-16T05:46:40.580520,27.30,11.10,100.00,100.00
2026-05-16T05:46:40.684381,22.20,0.00,100.00,100.00
2026-05-16T05:46:40.788262,18.20,11.10,100.00,100.00
2026-05-16T05:46:40.892318,27.30,0.00,100.00,100.00
2026-05-16T05:46:40.996555,25.00,22.20,100.00,100.00
2026-05-16T05:46:41.101278,11.10,11.10,100.00,100.00
2026-05-16T05:46:41.205843,11.10,0.00,100.00,100.00
2026-05-16T05:46:41.310890,30.00,30.00,100.00,100.00
2026-05-16T05:46:41.415082,12.50,0.00,100.00,100.00
2026-05-16T05:46:41.520739,33.30,11.10,100.00,100.00
2026-05-16T05:46:41.624666,0.00,12.50,100.00,100.00
2026-05-16T05:46:41.728699,22.20,11.10,100.00,100.00
2026-05-16T05:46:41.832850,20.00,12.50,100.00,100.00
2026-05-16T05:46:41.936424,30.00,20.00,100.00,100.00
2026-05-16T05:46:42.040279,11.10,0.00,100.00,100.00
2026-05-16T05:46:42.144598,27.30,11.10,100.00,100.00
2026-05-16T05:46:42.248454,20.00,22.20,100.00,100.00
2026-05-16T05:46:42.352517,20.00,11.10,100.00,100.00
2026-05-16T05:46:42.456412,20.00,14.30,100.00,100.00
2026-05-16T05:46:42.560405,22.20,11.10,100.00,100.00
2026-05-16T05:46:42.664933,20.00,12.50,100.00,100.00
2026-05-16T05:46:42.769076,11.10,11.10,100.00,100.00
2026-05-16T05:46:42.872954,27.30,0.00,100.00,100.00
2026-05-16T05:46:42.977312,30.00,11.10,100.00,100.00
2026-05-16T05:46:43.081547,11.10,12.50,100.00,100.00
2026-05-16T05:46:43.185595,20.00,22.20,100.00,100.00
2026-05-16T05:46:43.289421,20.00,12.50,100.00,100.00
2026-05-16T05:46:43.393687,11.10,12.50,100.00,100.00
2026-05-16T05:46:43.497483,20.00,11.10,100.00,100.00
2026-05-16T05:46:43.604425,20.00,22.20,100.00,100.00
2026-05-16T05:46:43.709284,20.00,12.50,100.00,100.00
2026-05-16T05:46:43.813329,27.30,12.50,100.00,100.00
2026-05-16T05:46:43.917841,20.00,30.00,100.00,100.00
2026-05-16T05:46:44.021876,12.50,11.10,100.00,100.00
2026-05-16T05:46:44.126644,11.10,14.30,100.00,100.00
2026-05-16T05:46:44.230757,11.10,20.00,100.00,100.00
2026-05-16T05:46:44.334943,20.00,22.20,100.00,100.00
2026-05-16T05:46:44.439440,20.00,12.50,100.00,100.00
2026-05-16T05:46:44.543649,30.00,12.50,100.00,100.00
2026-05-16T05:46:44.647972,11.10,11.10,100.00,100.00
2026-05-16T05:46:44.760288,27.30,22.20,100.00,100.00
2026-05-16T05:46:44.864624,20.00,11.10,100.00,100.00
2026-05-16T05:46:44.968951,30.00,22.20,100.00,100.00
2026-05-16T05:46:45.073692,30.00,12.50,100.00,100.00
2026-05-16T05:46:45.177705,11.10,0.00,100.00,100.00
2026-05-16T05:46:45.282415,20.00,36.40,100.00,100.00
2026-05-16T05:46:45.386282,30.00,0.00,100.00,100.00
2026-05-16T05:46:45.489967,11.10,22.20,100.00,100.00
2026-05-16T05:46:45.594349,20.00,22.20,100.00,100.00
2026-05-16T05:46:45.698663,0.00,12.50,100.00,100.00
2026-05-16T05:46:45.802745,20.00,11.10,100.00,100.00
2026-05-16T05:46:45.907039,20.00,22.20,100.00,100.00
2026-05-16T05:46:46.011906,22.20,11.10,100.00,100.00
2026-05-16T05:46:46.115990,11.10,0.00,100.00,100.00
2026-05-16T05:46:46.219902,11.10,11.10,100.00,100.00
2026-05-16T05:46:46.324846,27.30,22.20,100.00,100.00
2026-05-16T05:46:46.428875,12.50,33.30,100.00,100.00
2026-05-16T05:46:46.532677,20.00,0.00,100.00,100.00
2026-05-16T05:46:46.636847,20.00,22.20,100.00,100.00
2026-05-16T05:46:46.740718,27.30,11.10,100.00,100.00
2026-05-16T05:46:46.844894,20.00,12.50,100.00,100.00
2026-05-16T05:46:46.949503,30.00,0.00,100.00,100.00
2026-05-16T05:46:47.053483,11.10,22.20,100.00,100.00
2026-05-16T05:46:47.157816,11.10,0.00,100.00,100.00
2026-05-16T05:46:47.262378,30.00,22.20,100.00,100.00
2026-05-16T05:46:47.366302,20.00,12.50,100.00,100.00
2026-05-16T05:46:47.470263,11.10,12.50,100.00,100.00
2026-05-16T05:46:47.574752,12.50,22.20,100.00,100.00
2026-05-16T05:46:47.678858,20.00,20.00,100.00,100.00
2026-05-16T05:46:47.782996,27.30,12.50,100.00,100.00
2026-05-16T05:46:47.887514,11.10,12.50,100.00,100.00
2026-05-16T05:46:47.991690,27.30,12.50,100.00,100.00
2026-05-16T05:46:48.096199,12.50,20.00,100.00,100.00
2026-05-16T05:46:48.200086,20.00,0.00,100.00,100.00
2026-05-16T05:46:48.304602,20.00,22.20,100.00,100.00
2026-05-16T05:46:48.408787,20.00,11.10,100.00,100.00
2026-05-16T05:46:48.512884,12.50,0.00,100.00,100.00
2026-05-16T05:46:48.617929,11.10,11.10,100.00,100.00
2026-05-16T05:46:48.722255,33.30,25.00,100.00,100.00
2026-05-16T05:46:48.826287,30.00,11.10,100.00,100.00
2026-05-16T05:46:48.930525,11.10,0.00,100.00,100.00
2026-05-16T05:46:49.034977,20.00,22.20,100.00,100.00
2026-05-16T05:46:49.139425,20.00,11.10,100.00,100.00
2026-05-16T05:46:49.243735,22.20,0.00,100.00,100.00
2026-05-16T05:46:49.347530,20.00,22.20,100.00,100.00
2026-05-16T05:46:49.451643,11.10,0.00,100.00,100.00
2026-05-16T05:46:49.555548,18.20,0.00,100.00,100.00
2026-05-16T05:46:49.659470,20.00,20.00,100.00,100.00
2026-05-16T05:46:49.763135,0.00,0.00,100.00,100.00
2026-05-16T05:46:49.867341,27.30,11.10,100.00,100.00
2026-05-16T05:46:49.971326,10.00,11.10,100.00,100.00
2026-05-16T05:46:50.075671,20.00,11.10,100.00,100.00
2026-05-16T05:46:50.179595,18.20,10.00,100.00,100.00
2026-05-16T05:46:50.283472,20.00,22.20,100.00,100.00
2026-05-16T05:46:50.387404,20.00,0.00,100.00,100.00
2026-05-16T05:46:50.491304,20.00,11.10,100.00,100.00
2026-05-16T05:46:50.595562,20.00,11.10,100.00,100.00
2026-05-16T05:46:50.699385,10.00,0.00,100.00,100.00
2026-05-16T05:46:50.803155,11.10,18.20,100.00,100.00
2026-05-16T05:46:50.906881,18.20,11.10,100.00,100.00
2026-05-16T05:46:51.010426,27.30,0.00,100.00,100.00
2026-05-16T05:46:51.114983,10.00,10.00,100.00,100.00
2026-05-16T05:46:51.219195,20.00,11.10,100.00,100.00
2026-05-16T05:46:51.323484,11.10,0.00,100.00,100.00
2026-05-16T05:46:51.427928,11.10,20.00,100.00,100.00
2026-05-16T05:46:51.531690,27.30,11.10,100.00,100.00
2026-05-16T05:46:51.636244,27.30,0.00,100.00,100.00
2026-05-16T05:46:51.740026,11.10,11.10,100.00,100.00
2026-05-16T05:46:51.843683,27.30,20.00,100.00,100.00
2026-05-16T05:46:51.947347,18.20,11.10,100.00,100.00
2026-05-16T05:46:52.051338,11.10,0.00,100.00,100.00
2026-05-16T05:46:52.155291,20.00,27.30,100.00,100.00
2026-05-16T05:46:52.258911,30.80,0.00,100.00,100.00
2026-05-16T05:46:52.362805,20.00,0.00,100.00,100.00
2026-05-16T05:46:52.466880,10.00,10.00,100.00,100.00
2026-05-16T05:46:52.571929,20.00,22.20,100.00,100.00
2026-05-16T05:46:52.675744,10.00,0.00,100.00,100.00
2026-05-16T05:46:52.779383,20.00,0.00,100.00,100.00
2026-05-16T05:46:52.883329,10.00,12.50,100.00,100.00
2026-05-16T05:46:52.987348,18.20,20.00,100.00,100.00
2026-05-16T05:46:53.090892,18.20,0.00,100.00,100.00
2026-05-16T05:46:53.194899,18.20,0.00,100.00,100.00
2026-05-16T05:46:53.298449,20.00,11.10,100.00,100.00
2026-05-16T05:46:53.402375,10.00,0.00,100.00,100.00
2026-05-16T05:46:53.506287,27.30,0.00,100.00,100.00
2026-05-16T05:46:53.609734,10.00,10.00,100.00,100.00
2026-05-16T05:46:53.713932,18.20,20.00,100.00,100.00
2026-05-16T05:46:53.817513,10.00,0.00,100.00,100.00
2026-05-16T05:46:53.921406,20.00,11.10,100.00,100.00
2026-05-16T05:46:54.024865,18.20,10.00,100.00,100.00
2026-05-16T05:46:54.128820,10.00,0.00,100.00,100.00
2026-05-16T05:46:54.232695,20.00,11.10,100.00,100.00
2026-05-16T05:46:54.336648,10.00,0.00,100.00,100.00
2026-05-16T05:46:54.440900,18.20,0.00,100.00,100.00
2026-05-16T05:46:54.545017,11.10,20.00,100.00,100.00
2026-05-16T05:46:54.648641,18.20,11.10,100.00,100.00
2026-05-16T05:46:54.752628,10.00,0.00,100.00,100.00
2026-05-16T05:46:54.856178,18.20,0.00,100.00,100.00
2026-05-16T05:46:54.960551,11.10,20.00,100.00,100.00
2026-05-16T05:46:55.064463,18.20,0.00,100.00,100.00
2026-05-16T05:46:55.168312,20.00,11.10,100.00,100.00
2026-05-16T05:46:55.272416,18.20,10.00,100.00,100.00
2026-05-16T05:46:55.376164,18.20,0.00,100.00,100.00
2026-05-16T05:46:55.480250,20.00,0.00,100.00,100.00
2026-05-16T05:46:55.584292,10.00,0.00,100.00,100.00
2026-05-16T05:46:55.687981,18.20,0.00,100.00,100.00
2026-05-16T05:46:55.791787,25.00,0.00,100.00,100.00
2026-05-16T05:46:55.895372,10.00,27.30,100.00,100.00
2026-05-16T05:46:55.999136,20.00,0.00,100.00,100.00
2026-05-16T05:46:56.103051,18.20,0.00,100.00,100.00
2026-05-16T05:46:56.206691,10.00,10.00,100.00,100.00
2026-05-16T05:46:56.310688,18.20,10.00,100.00,100.00
2026-05-16T05:46:56.415726,20.00,0.00,100.00,100.00
2026-05-16T05:46:56.519774,11.10,11.10,100.00,100.00
2026-05-16T05:46:56.624230,10.00,10.00,100.00,100.00
2026-05-16T05:46:56.728024,25.00,11.10,100.00,100.00
2026-05-16T05:46:56.831704,27.30,0.00,100.00,100.00
2026-05-16T05:46:56.935442,18.20,10.00,100.00,100.00
2026-05-16T05:46:57.039352,11.10,0.00,100.00,100.00
2026-05-16T05:46:57.143367,18.20,0.00,100.00,100.00
2026-05-16T05:46:57.247293,20.00,11.10,100.00,100.00
2026-05-16T05:46:57.351055,10.00,0.00,100.00,100.00
2026-05-16T05:46:57.454811,10.00,10.00,100.00,100.00
2026-05-16T05:46:57.558935,27.30,0.00,100.00,100.00
2026-05-16T05:46:57.662976,10.00,0.00,100.00,100.00
2026-05-16T05:46:57.767069,20.00,0.00,100.00,100.00
2026-05-16T05:46:57.870753,18.20,0.00,100.00,100.00
2026-05-16T05:46:57.974558,11.10,11.10,100.00,100.00
2026-05-16T05:46:58.078316,10.00,18.20,100.00,100.00
2026-05-16T05:46:58.182344,18.20,0.00,100.00,100.00
2026-05-16T05:46:58.286009,18.20,10.00,100.00,100.00
2026-05-16T05:46:58.389681,11.10,0.00,100.00,100.00
2026-05-16T05:46:58.493179,18.20,0.00,100.00,100.00
2026-05-16T05:46:58.596985,10.00,20.00,100.00,100.00
2026-05-16T05:46:58.700469,10.00,0.00,100.00,100.00
2026-05-16T05:46:58.804051,11.10,10.00,100.00,100.00
2026-05-16T05:46:58.907489,25.00,10.00,100.00,100.00
2026-05-16T05:46:59.011337,18.20,0.00,100.00,100.00
2026-05-16T05:46:59.115346,25.00,10.00,100.00,100.00
2026-05-16T05:46:59.218932,11.10,0.00,100.00,100.00
2026-05-16T05:46:59.322509,25.00,11.10,100.00,100.00
2026-05-16T05:46:59.426342,11.10,10.00,100.00,100.00
2026-05-16T05:46:59.530076,18.20,0.00,100.00,100.00
2026-05-16T05:46:59.634201,20.00,0.00,100.00,100.00
2026-05-16T05:46:59.738054,18.20,10.00,100.00,100.00
2026-05-16T05:46:59.841702,10.00,0.00,100.00,100.00
2026-05-16T05:46:59.945351,10.00,10.00,100.00,100.00
2026-05-16T05:47:00.049005,18.20,20.00,100.00,100.00
2026-05-16T05:47:00.152698,10.00,0.00,100.00,100.00
2026-05-16T05:47:00.256429,18.20,11.10,100.00,100.00
2026-05-16T05:47:00.360219,11.10,10.00,100.00,100.00
2026-05-16T05:47:00.464026,18.20,0.00,100.00,100.00
2026-05-16T05:47:00.567854,10.00,0.00,100.00,100.00
2026-05-16T05:47:00.671436,20.00,0.00,100.00,100.00
2026-05-16T05:47:00.775386,10.00,20.00,100.00,100.00
2026-05-16T05:47:00.879219,30.80,0.00,100.00,100.00
2026-05-16T05:47:00.982831,10.00,10.00,100.00,100.00
2026-05-16T05:47:01.086539,18.20,10.00,100.00,100.00
2026-05-16T05:47:01.190477,20.00,0.00,100.00,100.00
2026-05-16T05:47:01.294251,25.00,0.00,100.00,100.00
2026-05-16T05:47:01.398070,20.00,0.00,100.00,100.00
2026-05-16T05:47:01.501793,10.00,10.00,100.00,100.00
2026-05-16T05:47:01.605828,18.20,20.00,100.00,100.00
2026-05-16T05:47:01.709336,18.20,0.00,100.00,100.00
2026-05-16T05:47:01.813281,11.10,0.00,100.00,100.00
2026-05-16T05:47:01.917075,25.00,0.00,100.00,100.00
2026-05-16T05:47:02.020875,18.20,0.00,100.00,100.00
2026-05-16T05:47:02.124524,18.20,10.00,100.00,100.00
2026-05-16T05:47:02.228338,11.10,0.00,100.00,100.00
2026-05-16T05:47:02.331994,25.00,11.10,100.00,100.00
2026-05-16T05:47:02.435749,10.00,0.00,100.00,100.00
2026-05-16T05:47:02.539661,10.00,0.00,100.00,100.00
2026-05-16T05:47:02.643519,20.00,11.10,100.00,100.00
2026-05-16T05:47:02.747194,10.00,0.00,100.00,100.00
2026-05-16T05:47:02.851123,10.00,10.00,100.00,100.00
2026-05-16T05:47:02.954883,18.20,0.00,100.00,100.00
2026-05-16T05:47:03.058637,27.30,10.00,100.00,100.00
2026-05-16T05:47:03.162359,18.20,0.00,100.00,100.00
2026-05-16T05:47:03.266553,11.10,20.00,100.00,100.00
2026-05-16T05:47:03.370540,25.00,0.00,100.00,100.00
2026-05-16T05:47:03.474575,20.00,11.10,100.00,100.00
2026-05-16T05:47:03.578498,10.00,0.00,100.00,100.00
2026-05-16T05:47:03.682234,20.00,0.00,100.00,100.00
2026-05-16T05:47:03.786169,18.20,20.00,100.00,100.00
2026-05-16T05:47:03.889973,20.00,0.00,100.00,100.00
2026-05-16T05:47:03.993981,18.20,0.00,100.00,100.00
2026-05-16T05:47:04.097692,10.00,11.10,100.00,100.00
2026-05-16T05:47:04.201409,20.00,0.00,100.00,100.00
2026-05-16T05:47:04.304902,30.80,10.00,100.00,100.00
2026-05-16T05:47:04.410005,25.00,10.00,100.00,100.00
2026-05-16T05:47:04.515902,33.30,42.90,100.00,100.00
2026-05-16T05:47:04.622951,55.60,42.90,100.00,100.00
2026-05-16T05:47:04.728523,42.90,44.40,100.00,100.00
2026-05-16T05:47:04.833042,44.40,28.60,100.00,100.00
2026-05-16T05:47:04.937737,28.60,50.00,100.00,100.00
2026-05-16T05:47:05.042874,44.40,42.90,100.00,100.00
2026-05-16T05:47:05.148350,28.60,28.60,100.00,100.00
2026-05-16T05:47:05.253111,42.90,37.50,100.00,100.00
2026-05-16T05:47:05.358362,28.60,33.30,100.00,100.00
2026-05-16T05:47:05.463480,44.40,37.50,100.00,100.00
2026-05-16T05:47:05.567609,28.60,50.00,100.00,100.00
2026-05-16T05:47:05.672351,44.40,16.70,100.00,100.00
2026-05-16T05:47:05.777872,50.00,44.40,100.00,100.00
2026-05-16T05:47:05.883003,44.40,42.90,100.00,100.00
2026-05-16T05:47:05.988017,37.50,37.50,100.00,100.00
2026-05-16T05:47:06.093606,44.40,42.90,100.00,100.00
2026-05-16T05:47:06.198446,33.30,37.50,100.00,100.00
2026-05-16T05:47:06.303380,33.30,33.30,100.00,100.00
2026-05-16T05:47:06.408816,33.30,37.50,100.00,100.00
2026-05-16T05:47:06.513917,55.60,55.60,100.00,100.00
2026-05-16T05:47:06.618676,28.60,42.90,100.00,100.00
2026-05-16T05:47:06.723832,28.60,28.60,100.00,100.00
2026-05-16T05:47:06.828823,37.50,28.60,100.00,100.00
2026-05-16T05:47:06.933520,28.60,37.50,100.00,100.00
2026-05-16T05:47:07.038341,37.50,37.50,100.00,100.00
2026-05-16T05:47:07.143611,44.40,37.50,100.00,100.00
2026-05-16T05:47:07.248880,37.50,50.00,100.00,100.00
2026-05-16T05:47:07.353941,42.90,37.50,100.00,100.00
2026-05-16T05:47:07.458448,28.60,16.70,100.00,100.00
2026-05-16T05:47:07.562916,44.40,50.00,100.00,100.00
2026-05-16T05:47:07.668696,33.30,28.60,100.00,100.00
2026-05-16T05:47:07.773828,50.00,44.40,100.00,100.00
2026-05-16T05:47:07.878670,55.60,50.00,100.00,100.00
2026-05-16T05:47:07.984025,28.60,37.50,100.00,100.00
2026-05-16T05:47:08.089660,37.50,42.90,100.00,100.00
2026-05-16T05:47:08.194996,50.00,37.50,100.00,100.00
2026-05-16T05:47:08.300606,50.00,50.00,100.00,100.00
2026-05-16T05:47:08.405425,44.40,50.00,100.00,100.00
2026-05-16T05:47:08.509539,42.90,37.50,100.00,100.00
2026-05-16T05:47:08.613912,42.90,55.60,100.00,100.00
2026-05-16T05:47:08.719835,44.40,42.90,100.00,100.00
2026-05-16T05:47:08.824495,37.50,37.50,100.00,100.00
2026-05-16T05:47:08.928867,37.50,16.70,100.00,100.00
2026-05-16T05:47:09.033758,28.60,44.40,100.00,100.00
2026-05-16T05:47:09.138314,28.60,42.90,100.00,100.00
2026-05-16T05:47:09.244052,42.90,37.50,100.00,100.00
2026-05-16T05:47:09.348750,37.50,28.60,100.00,100.00
2026-05-16T05:47:09.454365,33.30,37.50,100.00,100.00
2026-05-16T05:47:09.559689,28.60,44.40,100.00,100.00
2026-05-16T05:47:09.664885,28.60,33.30,100.00,100.00
2026-05-16T05:47:09.769641,44.40,28.60,100.00,100.00
2026-05-16T05:47:09.874492,42.90,37.50,100.00,100.00
2026-05-16T05:47:09.978855,28.60,37.50,100.00,100.00
2026-05-16T05:47:10.084251,25.00,16.70,100.00,100.00
2026-05-16T05:47:10.190834,42.90,44.40,100.00,100.00
2026-05-16T05:47:10.295181,37.50,37.50,100.00,100.00
2026-05-16T05:47:10.400633,37.50,55.60,100.00,100.00
2026-05-16T05:47:10.506992,28.60,50.00,100.00,100.00
2026-05-16T05:47:10.611961,50.00,16.70,100.00,100.00
2026-05-16T05:47:10.717218,42.90,55.60,100.00,100.00
2026-05-16T05:47:10.821801,44.40,42.90,100.00,100.00
2026-05-16T05:47:10.925921,28.60,37.50,100.00,100.00
2026-05-16T05:47:11.030514,37.50,37.50,100.00,100.00
2026-05-16T05:47:11.135270,28.60,28.60,100.00,100.00
2026-05-16T05:47:11.240551,44.40,42.90,100.00,100.00
2026-05-16T05:47:11.345368,28.60,28.60,100.00,100.00
2026-05-16T05:47:11.450366,37.50,37.50,100.00,100.00
2026-05-16T05:47:11.554993,37.50,37.50,100.00,100.00
2026-05-16T05:47:11.659806,28.60,42.90,100.00,100.00
2026-05-16T05:47:11.763949,37.50,28.60,100.00,100.00
2026-05-16T05:47:11.868914,44.40,37.50,100.00,100.00
2026-05-16T05:47:11.973800,37.50,37.50,100.00,100.00
2026-05-16T05:47:12.078843,37.50,28.60,100.00,100.00
2026-05-16T05:47:12.183108,28.60,50.00,100.00,100.00
2026-05-16T05:47:12.288405,28.60,37.50,100.00,100.00
2026-05-16T05:47:12.393999,44.40,16.70,100.00,100.00
2026-05-16T05:47:12.499429,28.60,44.40,100.00,100.00
2026-05-16T05:47:12.605625,44.40,50.00,100.00,100.00
2026-05-16T05:47:12.710005,28.60,37.50,100.00,100.00
2026-05-16T05:47:12.814945,44.40,44.40,100.00,100.00
2026-05-16T05:47:12.920294,25.00,37.50,100.00,100.00
2026-05-16T05:47:13.024740,37.50,28.60,100.00,100.00
2026-05-16T05:47:13.129226,37.50,33.30,100.00,100.00
2026-05-16T05:47:13.234378,37.50,37.50,100.00,100.00
2026-05-16T05:47:13.339396,37.50,55.60,100.00,100.00
2026-05-16T05:47:13.444719,33.30,28.60,100.00,100.00
2026-05-16T05:47:13.549780,28.60,50.00,100.00,100.00
2026-05-16T05:47:13.654602,37.50,28.60,100.00,100.00
2026-05-16T05:47:13.760405,50.00,50.00,100.00,100.00
2026-05-16T05:47:13.865892,37.50,42.90,100.00,100.00
2026-05-16T05:47:13.971256,50.00,50.00,100.00,100.00
2026-05-16T05:47:14.075866,16.70,44.40,100.00,100.00
2026-05-16T05:47:14.180328,37.50,44.40,100.00,100.00
2026-05-16T05:47:14.291639,54.50,42.90,100.00,100.00
2026-05-16T05:47:14.396730,28.60,42.90,100.00,100.00
2026-05-16T05:47:14.501712,28.60,37.50,100.00,100.00
2026-05-16T05:47:14.606878,37.50,50.00,100.00,100.00
2026-05-16T05:47:14.712343,16.70,44.40,100.00,100.00
2026-05-16T05:47:14.817233,44.40,37.50,100.00,100.00
2026-05-16T05:47:14.922438,44.40,37.50,100.00,100.00
2026-05-16T05:47:15.027859,37.50,50.00,100.00,100.00
2026-05-16T05:47:15.133302,44.40,44.40,100.00,100.00
2026-05-16T05:47:15.248393,62.50,62.50,100.00,100.00
2026-05-16T05:47:15.353650,50.00,50.00,100.00,100.00
2026-05-16T05:47:15.458948,37.50,57.10,100.00,100.00
2026-05-16T05:47:15.564384,50.00,50.00,100.00,100.00
2026-05-16T05:47:15.677189,42.90,55.60,100.00,100.00
2026-05-16T05:47:15.782186,37.50,50.00,100.00,100.00
2026-05-16T05:47:15.887491,44.40,16.70,100.00,100.00
2026-05-16T05:47:15.993100,42.90,50.00,100.00,100.00
2026-05-16T05:47:16.098209,28.60,44.40,100.00,100.00
2026-05-16T05:47:16.202919,37.50,42.90,100.00,100.00
2026-05-16T05:47:16.308720,37.50,37.50,100.00,100.00
2026-05-16T05:47:16.414057,44.40,62.50,100.00,100.00
2026-05-16T05:47:16.520058,62.50,55.60,100.00,100.00
2026-05-16T05:47:16.625067,42.90,57.10,100.00,100.00
2026-05-16T05:47:16.730463,37.50,44.40,100.00,100.00
2026-05-16T05:47:16.835474,42.90,42.90,100.00,100.00
2026-05-16T05:47:16.941193,44.40,50.00,100.00,100.00
2026-05-16T05:47:17.046743,0.00,28.60,100.00,100.00
2026-05-16T05:47:17.151062,50.00,50.00,100.00,100.00
2026-05-16T05:47:17.256315,28.60,28.60,100.00,100.00
2026-05-16T05:47:17.361267,37.50,50.00,100.00,100.00
2026-05-16T05:47:17.466190,28.60,28.60,100.00,100.00
2026-05-16T05:47:17.571221,44.40,37.50,100.00,100.00
2026-05-16T05:47:17.676985,28.60,37.50,100.00,100.00
2026-05-16T05:47:17.782458,37.50,50.00,100.00,100.00
2026-05-16T05:47:17.887639,50.00,33.30,100.00,100.00
2026-05-16T05:47:17.993051,42.90,37.50,100.00,100.00
2026-05-16T05:47:18.097912,37.50,50.00,100.00,100.00
2026-05-16T05:47:18.202563,37.50,28.60,100.00,100.00
2026-05-16T05:47:18.306778,50.00,55.60,100.00,100.00
2026-05-16T05:47:18.411006,28.60,28.60,100.00,100.00
2026-05-16T05:47:18.515864,44.40,37.50,100.00,100.00
2026-05-16T05:47:18.620657,37.50,42.90,100.00,100.00
2026-05-16T05:47:18.726277,50.00,28.60,100.00,100.00
2026-05-16T05:47:18.830711,37.50,42.90,100.00,100.00
2026-05-16T05:47:18.936169,50.00,50.00,100.00,100.00
2026-05-16T05:47:19.041852,28.60,50.00,100.00,100.00
2026-05-16T05:47:19.146648,50.00,42.90,100.00,100.00
2026-05-16T05:47:19.251949,42.90,55.60,100.00,100.00
2026-05-16T05:47:19.357354,37.50,37.50,100.00,100.00
2026-05-16T05:47:19.460928,14.30,14.30,100.00,100.00
2026-05-16T05:47:19.565193,20.00,11.10,100.00,100.00
2026-05-16T05:47:19.669455,27.30,0.00,100.00,100.00
2026-05-16T05:47:19.774219,11.10,0.00,100.00,100.00
2026-05-16T05:47:19.878403,27.30,0.00,100.00,100.00
2026-05-16T05:47:19.982338,20.00,0.00,100.00,100.00
2026-05-16T05:47:20.086419,30.00,11.10,100.00,100.00
2026-05-16T05:47:20.190430,20.00,12.50,100.00,100.00
2026-05-16T05:47:20.294471,27.30,11.10,100.00,100.00
2026-05-16T05:47:20.398868,0.00,11.10,100.00,100.00
2026-05-16T05:47:20.502987,20.00,12.50,100.00,100.00
2026-05-16T05:47:20.607692,12.50,0.00,100.00,100.00
2026-05-16T05:47:20.711740,20.00,20.00,100.00,100.00
2026-05-16T05:47:20.816276,11.10,0.00,100.00,100.00
2026-05-16T05:47:20.920786,12.50,11.10,100.00,100.00
2026-05-16T05:47:21.024723,11.10,0.00,100.00,100.00
2026-05-16T05:47:21.128776,11.10,0.00,100.00,100.00
2026-05-16T05:47:21.232544,27.30,20.00,100.00,100.00
2026-05-16T05:47:21.336529,11.10,0.00,100.00,100.00
2026-05-16T05:47:21.440878,27.30,12.50,100.00,100.00
2026-05-16T05:47:21.545060,11.10,0.00,100.00,100.00
2026-05-16T05:47:21.648963,12.50,0.00,100.00,100.00
2026-05-16T05:47:21.753374,20.00,11.10,100.00,100.00
2026-05-16T05:47:21.857438,20.00,12.50,100.00,100.00
2026-05-16T05:47:21.961275,11.10,0.00,100.00,100.00
2026-05-16T05:47:22.065466,20.00,12.50,100.00,100.00
2026-05-16T05:47:22.169435,22.20,0.00,100.00,100.00
2026-05-16T05:47:22.273443,11.10,0.00,100.00,100.00
2026-05-16T05:47:22.377445,27.30,0.00,100.00,100.00
2026-05-16T05:47:22.481357,10.00,12.50,100.00,100.00
2026-05-16T05:47:22.585308,20.00,11.10,100.00,100.00
2026-05-16T05:47:22.689816,22.20,0.00,100.00,100.00
2026-05-16T05:47:22.793655,27.30,20.00,100.00,100.00
2026-05-16T05:47:22.897557,11.10,0.00,100.00,100.00
2026-05-16T05:47:23.001502,20.00,12.50,100.00,100.00
2026-05-16T05:47:23.105338,11.10,0.00,100.00,100.00
2026-05-16T05:47:23.209636,27.30,0.00,100.00,100.00
2026-05-16T05:47:23.313565,11.10,0.00,100.00,100.00
2026-05-16T05:47:23.417355,20.00,22.20,100.00,100.00
2026-05-16T05:47:23.521648,20.00,11.10,100.00,100.00
2026-05-16T05:47:23.625587,33.30,0.00,100.00,100.00
2026-05-16T05:47:23.729875,12.50,12.50,100.00,100.00
2026-05-16T05:47:23.833691,11.10,11.10,100.00,100.00
2026-05-16T05:47:23.937700,11.10,0.00,100.00,100.00
2026-05-16T05:47:24.042151,27.30,0.00,100.00,100.00
2026-05-16T05:47:24.145918,11.10,0.00,100.00,100.00
2026-05-16T05:47:24.250084,20.00,27.30,100.00,100.00
2026-05-16T05:47:24.354052,20.00,0.00,100.00,100.00
2026-05-16T05:47:24.458382,27.30,0.00,100.00,100.00
2026-05-16T05:47:24.562538,20.00,0.00,100.00,100.00
2026-05-16T05:47:24.667247,20.00,0.00,100.00,100.00
2026-05-16T05:47:24.771192,12.50,20.00,100.00,100.00
2026-05-16T05:47:24.874986,11.10,11.10,100.00,100.00
2026-05-16T05:47:24.978702,11.10,0.00,100.00,100.00
2026-05-16T05:47:25.082705,20.00,0.00,100.00,100.00
2026-05-16T05:47:25.186429,27.30,11.10,100.00,100.00
2026-05-16T05:47:25.290372,27.30,0.00,100.00,100.00
2026-05-16T05:47:25.394254,12.50,0.00,100.00,100.00
2026-05-16T05:47:25.497974,20.00,11.10,100.00,100.00
2026-05-16T05:47:25.601880,20.00,0.00,100.00,100.00
2026-05-16T05:47:25.706421,11.10,0.00,100.00,100.00
2026-05-16T05:47:25.810400,22.20,11.10,100.00,100.00
2026-05-16T05:47:25.914530,11.10,12.50,100.00,100.00
2026-05-16T05:47:26.019380,20.00,11.10,100.00,100.00
2026-05-16T05:47:26.123511,0.00,12.50,100.00,100.00
2026-05-16T05:47:26.227724,27.30,11.10,100.00,100.00
2026-05-16T05:47:26.332338,11.10,0.00,100.00,100.00
2026-05-16T05:47:26.436876,20.00,0.00,100.00,100.00
2026-05-16T05:47:26.540834,22.20,33.30,100.00,100.00
2026-05-16T05:47:26.645158,11.10,0.00,100.00,100.00
2026-05-16T05:47:26.748799,22.20,22.20,100.00,100.00
2026-05-16T05:47:26.852673,11.10,0.00,100.00,100.00
2026-05-16T05:47:26.956962,27.30,0.00,100.00,100.00
2026-05-16T05:47:27.061849,20.00,0.00,100.00,100.00
2026-05-16T05:47:27.166635,12.50,20.00,100.00,100.00
2026-05-16T05:47:27.270778,20.00,0.00,100.00,100.00
2026-05-16T05:47:27.374968,20.00,11.10,100.00,100.00
2026-05-16T05:47:27.478826,11.10,11.10,100.00,100.00
2026-05-16T05:47:27.583265,20.00,0.00,100.00,100.00
2026-05-16T05:47:27.687605,12.50,12.50,100.00,100.00
2026-05-16T05:47:27.791549,20.00,11.10,100.00,100.00
2026-05-16T05:47:27.895704,11.10,0.00,100.00,100.00
2026-05-16T05:47:27.999611,12.50,0.00,100.00,100.00
2026-05-16T05:47:28.103989,20.00,12.50,100.00,100.00
2026-05-16T05:47:28.208137,20.00,12.50,100.00,100.00
2026-05-16T05:47:28.312783,0.00,11.10,100.00,100.00
2026-05-16T05:47:28.417443,12.50,0.00,100.00,100.00
2026-05-16T05:47:28.521266,11.10,30.00,100.00,100.00
2026-05-16T05:47:28.625048,20.00,0.00,100.00,100.00
2026-05-16T05:47:28.729208,11.10,0.00,100.00,100.00
2026-05-16T05:47:28.832864,11.10,0.00,100.00,100.00
2026-05-16T05:47:28.936863,11.10,22.20,100.00,100.00
2026-05-16T05:47:29.040606,27.30,0.00,100.00,100.00
2026-05-16T05:47:29.144700,11.10,0.00,100.00,100.00
2026-05-16T05:47:29.248507,12.50,22.20,100.00,100.00
2026-05-16T05:47:29.352393,27.30,11.10,100.00,100.00
2026-05-16T05:47:29.456351,11.10,0.00,100.00,100.00
2026-05-16T05:47:29.560558,20.00,11.10,100.00,100.00
2026-05-16T05:47:29.664618,20.00,0.00,100.00,100.00
2026-05-16T05:47:29.768580,33.30,0.00,100.00,100.00
2026-05-16T05:47:29.872473,12.50,0.00,100.00,100.00
2026-05-16T05:47:29.976519,27.30,0.00,100.00,100.00
2026-05-16T05:47:30.080417,11.10,12.50,100.00,100.00
2026-05-16T05:47:30.184453,11.10,20.00,100.00,100.00
2026-05-16T05:47:30.288629,11.10,0.00,100.00,100.00
2026-05-16T05:47:30.392496,30.00,0.00,100.00,100.00
2026-05-16T05:47:30.496579,20.00,20.00,100.00,100.00
2026-05-16T05:47:30.600621,11.10,0.00,100.00,100.00
2026-05-16T05:47:30.704503,27.30,0.00,100.00,100.00
2026-05-16T05:47:30.808722,20.00,11.10,100.00,100.00
2026-05-16T05:47:30.912516,12.50,0.00,100.00,100.00
2026-05-16T05:47:31.016552,20.00,11.10,100.00,100.00
2026-05-16T05:47:31.120846,11.10,22.20,100.00,100.00
2026-05-16T05:47:31.225652,27.30,0.00,100.00,100.00
2026-05-16T05:47:31.330309,22.20,22.20,100.00,100.00
2026-05-16T05:47:31.435259,20.00,0.00,100.00,100.00
2026-05-16T05:47:31.539485,12.50,0.00,100.00,100.00
2026-05-16T05:47:31.643580,20.00,0.00,100.00,100.00
2026-05-16T05:47:31.747534,20.00,11.10,100.00,100.00
2026-05-16T05:47:31.851702,11.10,11.10,100.00,100.00
2026-05-16T05:47:31.956174,20.00,0.00,100.00,100.00
2026-05-16T05:47:32.060102,20.00,12.50,100.00,100.00
2026-05-16T05:47:32.163925,22.20,0.00,100.00,100.00
2026-05-16T05:47:32.268202,20.00,0.00,100.00,100.00
2026-05-16T05:47:32.372500,20.00,22.20,100.00,100.00
2026-05-16T05:47:32.476060,11.10,0.00,100.00,100.00
2026-05-16T05:47:32.579959,11.10,11.10,100.00,100.00
2026-05-16T05:47:32.683900,20.00,12.50,100.00,100.00
2026-05-16T05:47:32.788031,11.10,0.00,100.00,100.00
2026-05-16T05:47:32.892409,20.00,0.00,100.00,100.00
2026-05-16T05:47:32.996420,11.10,12.50,100.00,100.00
2026-05-16T05:47:33.100305,11.10,11.10,100.00,100.00
2026-05-16T05:47:33.204208,11.10,22.20,100.00,100.00
2026-05-16T05:47:33.308315,27.30,12.50,100.00,100.00
2026-05-16T05:47:33.412372,20.00,0.00,100.00,100.00
2026-05-16T05:47:33.516260,11.10,0.00,100.00,100.00
2026-05-16T05:47:33.620459,20.00,12.50,100.00,100.00
2026-05-16T05:47:33.724321,11.10,11.10,100.00,100.00
2026-05-16T05:47:33.828960,27.30,12.50,100.00,100.00
2026-05-16T05:47:33.933470,11.10,11.10,100.00,100.00
2026-05-16T05:47:34.037501,22.20,0.00,100.00,100.00
2026-05-16T05:47:34.141575,27.30,11.10,100.00,100.00
2026-05-16T05:47:34.245652,11.10,0.00,100.00,100.00
2026-05-16T05:47:34.349948,27.30,0.00,100.00,100.00
2026-05-16T05:47:34.456849,50.00,50.00,100.00,100.00
2026-05-16T05:47:34.561889,62.50,88.90,100.00,100.00
2026-05-16T05:47:34.669411,77.80,90.90,100.00,100.00
2026-05-16T05:47:34.777305,70.00,90.00,100.00,100.00
2026-05-16T05:47:34.883006,71.40,90.00,100.00,100.00
2026-05-16T05:47:34.990048,80.00,80.00,100.00,100.00
2026-05-16T05:47:35.095812,77.80,90.00,100.00,100.00
2026-05-16T05:47:35.202920,77.80,90.00,100.00,100.00
2026-05-16T05:47:35.307786,81.80,100.00,100.00,100.00
2026-05-16T05:47:35.414013,75.00,90.90,100.00,100.00
2026-05-16T05:47:35.521983,80.00,80.00,100.00,100.00
2026-05-16T05:47:35.627680,88.90,80.00,100.00,100.00
2026-05-16T05:47:35.735210,90.00,80.00,100.00,100.00
2026-05-16T05:47:35.843562,80.00,77.80,100.00,100.00
2026-05-16T05:47:35.949997,75.00,88.90,100.00,100.00
2026-05-16T05:47:36.054636,70.00,72.70,100.00,100.00
2026-05-16T05:47:36.160785,81.80,77.80,100.00,100.00
2026-05-16T05:47:36.265541,75.00,77.80,100.00,100.00
2026-05-16T05:47:36.372247,75.00,70.00,100.00,100.00
2026-05-16T05:47:36.478082,80.00,62.50,100.00,100.00
2026-05-16T05:47:36.584604,75.00,90.90,100.00,100.00
2026-05-16T05:47:36.691274,72.70,77.80,100.00,100.00
2026-05-16T05:47:36.797464,75.00,80.00,100.00,100.00
2026-05-16T05:47:36.901946,75.00,70.00,100.00,100.00
2026-05-16T05:47:37.009262,80.00,77.80,100.00,100.00
2026-05-16T05:47:37.115860,70.00,70.00,100.00,100.00
2026-05-16T05:47:37.221542,70.00,75.00,100.00,100.00
2026-05-16T05:47:37.327979,75.00,81.80,100.00,100.00
2026-05-16T05:47:37.433075,62.50,80.00,100.00,100.00
2026-05-16T05:47:37.541889,77.80,88.90,100.00,100.00
2026-05-16T05:47:37.648061,83.30,81.80,100.00,100.00
2026-05-16T05:47:37.756252,75.00,88.90,100.00,100.00
2026-05-16T05:47:37.861415,80.00,81.80,100.00,100.00
2026-05-16T05:47:37.968500,87.50,90.00,100.00,100.00
2026-05-16T05:47:38.074297,70.00,81.80,100.00,100.00
2026-05-16T05:47:38.180322,77.80,88.90,100.00,100.00
2026-05-16T05:47:38.287717,88.90,77.80,100.00,100.00
2026-05-16T05:47:38.392489,80.00,88.90,100.00,100.00
2026-05-16T05:47:38.497741,66.70,80.00,100.00,100.00
2026-05-16T05:47:38.603036,66.70,77.80,100.00,100.00
2026-05-16T05:47:38.708348,77.80,77.80,100.00,100.00
2026-05-16T05:47:38.816067,80.00,70.00,100.00,100.00
2026-05-16T05:47:38.923183,62.50,80.00,100.00,100.00
2026-05-16T05:47:39.028647,81.80,77.80,100.00,100.00
2026-05-16T05:47:39.135525,77.80,70.00,100.00,100.00
2026-05-16T05:47:39.240279,66.70,77.80,100.00,100.00
2026-05-16T05:47:39.347423,85.70,80.00,100.00,100.00
2026-05-16T05:47:39.455743,70.00,80.00,100.00,100.00
2026-05-16T05:47:39.559898,80.00,66.70,100.00,100.00
2026-05-16T05:47:39.665792,80.00,81.80,100.00,100.00
2026-05-16T05:47:39.771086,75.00,75.00,100.00,100.00
2026-05-16T05:47:39.877733,66.70,80.00,100.00,100.00
2026-05-16T05:47:39.983442,66.70,66.70,100.00,100.00
2026-05-16T05:47:40.088246,66.70,75.00,100.00,100.00
2026-05-16T05:47:40.195285,81.80,72.70,100.00,100.00
2026-05-16T05:47:40.299642,77.80,75.00,100.00,100.00
2026-05-16T05:47:40.405607,77.80,77.80,100.00,100.00
2026-05-16T05:47:40.511773,80.00,70.00,100.00,100.00
2026-05-16T05:47:40.616188,75.00,77.80,100.00,100.00
2026-05-16T05:47:40.721125,70.00,75.00,100.00,100.00
2026-05-16T05:47:40.828489,80.00,72.70,100.00,100.00
2026-05-16T05:47:40.933591,71.40,75.00,100.00,100.00
2026-05-16T05:47:41.038840,72.70,70.00,100.00,100.00
2026-05-16T05:47:41.144095,77.80,77.80,100.00,100.00
2026-05-16T05:47:41.250277,77.80,80.00,100.00,100.00
2026-05-16T05:47:41.358373,70.00,80.00,100.00,100.00
2026-05-16T05:47:41.463402,75.00,80.00,100.00,100.00
2026-05-16T05:47:41.570813,70.00,88.90,100.00,100.00
2026-05-16T05:47:41.676577,77.80,83.30,100.00,100.00
2026-05-16T05:47:41.784497,88.90,77.80,100.00,100.00
2026-05-16T05:47:41.889393,70.00,90.00,100.00,100.00
2026-05-16T05:47:41.994994,77.80,80.00,100.00,100.00
2026-05-16T05:47:42.100349,80.00,77.80,100.00,100.00
2026-05-16T05:47:42.208199,77.80,88.90,100.00,100.00
2026-05-16T05:47:42.315431,80.00,83.30,100.00,100.00
2026-05-16T05:47:42.419902,77.80,90.00,100.00,100.00
2026-05-16T05:47:42.526864,77.80,88.90,100.00,100.00
2026-05-16T05:47:42.632002,77.80,80.00,100.00,100.00
2026-05-16T05:47:42.739781,77.80,90.90,100.00,100.00
2026-05-16T05:47:42.844093,88.90,77.80,100.00,100.00
2026-05-16T05:47:42.950986,80.00,87.50,100.00,100.00
2026-05-16T05:47:43.055756,80.00,81.80,100.00,100.00
2026-05-16T05:47:43.161434,77.80,88.90,100.00,100.00
2026-05-16T05:47:43.266817,88.90,81.80,100.00,100.00
2026-05-16T05:47:43.376472,81.80,81.80,100.00,100.00
2026-05-16T05:47:43.482739,87.50,75.00,100.00,100.00
2026-05-16T05:47:43.587222,81.80,77.80,100.00,100.00
2026-05-16T05:47:43.691476,88.90,90.00,100.00,100.00
2026-05-16T05:47:43.796416,77.80,77.80,100.00,100.00
2026-05-16T05:47:43.903592,75.00,80.00,100.00,100.00
2026-05-16T05:47:44.009687,72.70,77.80,100.00,100.00
2026-05-16T05:47:44.114174,77.80,70.00,100.00,100.00
2026-05-16T05:47:44.221949,80.00,70.00,100.00,100.00
2026-05-16T05:47:44.327682,77.80,88.90,100.00,100.00
2026-05-16T05:47:44.433790,77.80,77.80,100.00,100.00
2026-05-16T05:47:44.540382,77.80,90.90,100.00,100.00
2026-05-16T05:47:44.646679,77.80,90.00,100.00,100.00
2026-05-16T05:47:44.751451,66.70,80.00,100.00,100.00
2026-05-16T05:47:44.863179,80.00,83.30,100.00,100.00
2026-05-16T05:47:44.968044,72.70,77.80,100.00,100.00
2026-05-16T05:47:45.073710,75.00,75.00,100.00,100.00
2026-05-16T05:47:45.178378,75.00,80.00,100.00,100.00
2026-05-16T05:47:45.284790,80.00,77.80,100.00,100.00
2026-05-16T05:47:45.391224,62.50,80.00,100.00,100.00
2026-05-16T05:47:45.497542,77.80,70.00,100.00,100.00
2026-05-16T05:47:45.602951,72.70,88.90,100.00,100.00
2026-05-16T05:47:45.710836,77.80,81.80,100.00,100.00
2026-05-16T05:47:45.817264,77.80,80.00,100.00,100.00
2026-05-16T05:47:45.923594,66.70,80.00,100.00,100.00
2026-05-16T05:47:46.028839,75.00,80.00,100.00,100.00
2026-05-16T05:47:46.135234,80.00,80.00,100.00,100.00
2026-05-16T05:47:46.241526,66.70,75.00,100.00,100.00
2026-05-16T05:47:46.346258,75.00,83.30,100.00,100.00
2026-05-16T05:47:46.452487,80.00,88.90,100.00,100.00
2026-05-16T05:47:46.560366,87.50,90.00,100.00,100.00
2026-05-16T05:47:46.665349,70.00,90.00,100.00,100.00
2026-05-16T05:47:46.771824,77.80,90.00,100.00,100.00
2026-05-16T05:47:46.877318,80.00,80.00,100.00,100.00
2026-05-16T05:47:46.985286,80.00,81.80,100.00,100.00
2026-05-16T05:47:47.091844,77.80,88.90,100.00,100.00
2026-05-16T05:47:47.198255,90.00,81.80,100.00,100.00
2026-05-16T05:47:47.305394,75.00,90.00,100.00,100.00
2026-05-16T05:47:47.410264,80.00,77.80,100.00,100.00
2026-05-16T05:47:47.516786,88.90,90.90,100.00,100.00
2026-05-16T05:47:47.621259,81.80,75.00,100.00,100.00
2026-05-16T05:47:47.726221,80.00,81.80,100.00,100.00
2026-05-16T05:47:47.832868,75.00,75.00,100.00,100.00
2026-05-16T05:47:47.939335,77.80,77.80,100.00,100.00
2026-05-16T05:47:48.044247,77.80,77.80,100.00,100.00
2026-05-16T05:47:48.152293,90.00,72.70,100.00,100.00
2026-05-16T05:47:48.256841,66.70,100.00,100.00,100.00
2026-05-16T05:47:48.361184,90.90,77.80,100.00,100.00
2026-05-16T05:47:48.468503,88.90,77.80,100.00,100.00
2026-05-16T05:47:48.576811,77.80,80.00,100.00,100.00
2026-05-16T05:47:48.683303,81.80,90.90,100.00,100.00
2026-05-16T05:47:48.787644,87.50,88.90,100.00,100.00
2026-05-16T05:47:48.892299,81.80,90.90,100.00,100.00
2026-05-16T05:47:48.997970,77.80,88.90,100.00,100.00
2026-05-16T05:47:49.103657,80.00,88.90,100.00,100.00
2026-05-16T05:47:49.208639,75.00,90.90,100.00,100.00
2026-05-16T05:47:49.313945,75.00,90.90,100.00,100.00
2026-05-16T05:47:49.418360,80.00,80.00,100.00,100.00
2026-05-16T05:47:49.524967,12.50,0.00,100.00,100.00
2026-05-16T05:47:49.629628,22.20,12.50,100.00,100.00
2026-05-16T05:47:49.733737,27.30,12.50,100.00,100.00
2026-05-16T05:47:49.838644,22.20,12.50,100.00,100.00
2026-05-16T05:47:49.942820,20.00,11.10,100.00,100.00
2026-05-16T05:47:50.046676,30.00,12.50,100.00,100.00
2026-05-16T05:47:50.150486,0.00,0.00,100.00,100.00
2026-05-16T05:47:50.254362,36.40,11.10,100.00,100.00
2026-05-16T05:47:50.358541,0.00,22.20,100.00,100.00
2026-05-16T05:47:50.462325,30.00,12.50,100.00,100.00
2026-05-16T05:47:50.566379,11.10,0.00,100.00,100.00
2026-05-16T05:47:50.670934,30.00,12.50,100.00,100.00
2026-05-16T05:47:50.775026,11.10,12.50,100.00,100.00
2026-05-16T05:47:50.879298,30.00,0.00,100.00,100.00
2026-05-16T05:47:50.983566,27.30,0.00,100.00,100.00
2026-05-16T05:47:51.087679,11.10,12.50,100.00,100.00
2026-05-16T05:47:51.192158,12.50,30.00,100.00,100.00
2026-05-16T05:47:51.295899,30.00,0.00,100.00,100.00
2026-05-16T05:47:51.399721,12.50,11.10,100.00,100.00
2026-05-16T05:47:51.503748,20.00,12.50,100.00,100.00
2026-05-16T05:47:51.608036,27.30,12.50,100.00,100.00
2026-05-16T05:47:51.711923,12.50,0.00,100.00,100.00
2026-05-16T05:47:51.815857,12.50,22.20,100.00,100.00
2026-05-16T05:47:51.920269,20.00,0.00,100.00,100.00
2026-05-16T05:47:52.024878,36.40,11.10,100.00,100.00
2026-05-16T05:47:52.129677,11.10,0.00,100.00,100.00
2026-05-16T05:47:52.234242,22.20,22.20,100.00,100.00
2026-05-16T05:47:52.338141,30.00,0.00,100.00,100.00
2026-05-16T05:47:52.442542,11.10,0.00,100.00,100.00
2026-05-16T05:47:52.547800,22.20,12.50,100.00,100.00
2026-05-16T05:47:52.651741,12.50,0.00,100.00,100.00
2026-05-16T05:47:52.756442,20.00,22.20,100.00,100.00
2026-05-16T05:47:52.861240,36.40,11.10,100.00,100.00
2026-05-16T05:47:52.965420,12.50,0.00,100.00,100.00
2026-05-16T05:47:53.071683,11.10,12.50,100.00,100.00
2026-05-16T05:47:53.175278,22.20,0.00,100.00,100.00
2026-05-16T05:47:53.279360,20.00,11.10,100.00,100.00
2026-05-16T05:47:53.383288,22.20,22.20,100.00,100.00
2026-05-16T05:47:53.487291,11.10,0.00,100.00,100.00
2026-05-16T05:47:53.591385,20.00,11.10,100.00,100.00
2026-05-16T05:47:53.695642,30.00,0.00,100.00,100.00
2026-05-16T05:47:53.799411,12.50,22.20,100.00,100.00
2026-05-16T05:47:53.903595,11.10,0.00,100.00,100.00
2026-05-16T05:47:54.007486,30.00,11.10,100.00,100.00
2026-05-16T05:47:54.111293,20.00,12.50,100.00,100.00
2026-05-16T05:47:54.215513,12.50,0.00,100.00,100.00
2026-05-16T05:47:54.319484,12.50,0.00,100.00,100.00
2026-05-16T05:47:54.423362,20.00,12.50,100.00,100.00
2026-05-16T05:47:54.527416,22.20,11.10,100.00,100.00
2026-05-16T05:47:54.631465,27.30,0.00,100.00,100.00
2026-05-16T05:47:54.736100,22.20,0.00,100.00,100.00
2026-05-16T05:47:54.841168,12.50,0.00,100.00,100.00
2026-05-16T05:47:54.945035,27.30,12.50,100.00,100.00
2026-05-16T05:47:55.049167,36.40,22.20,100.00,100.00
2026-05-16T05:47:55.153228,22.20,12.50,100.00,100.00
2026-05-16T05:47:55.257811,22.20,12.50,100.00,100.00
2026-05-16T05:47:55.362170,20.00,11.10,100.00,100.00
2026-05-16T05:47:55.466460,22.20,0.00,100.00,100.00
2026-05-16T05:47:55.570795,22.20,12.50,100.00,100.00
2026-05-16T05:47:55.675628,11.10,22.20,100.00,100.00
2026-05-16T05:47:55.779520,12.50,0.00,100.00,100.00
2026-05-16T05:47:55.883679,11.10,12.50,100.00,100.00
2026-05-16T05:47:55.987947,30.00,0.00,100.00,100.00
2026-05-16T05:47:56.093038,11.10,22.20,100.00,100.00
2026-05-16T05:47:56.197705,30.00,0.00,100.00,100.00
2026-05-16T05:47:56.301797,11.10,12.50,100.00,100.00
2026-05-16T05:47:56.406160,12.50,11.10,100.00,100.00
2026-05-16T05:47:56.510446,11.10,0.00,100.00,100.00
2026-05-16T05:47:56.615178,25.00,33.30,100.00,100.00
2026-05-16T05:47:56.719050,22.20,0.00,100.00,100.00
2026-05-16T05:47:56.823478,27.30,0.00,100.00,100.00
2026-05-16T05:47:56.927494,22.20,0.00,100.00,100.00
2026-05-16T05:47:57.031459,20.00,12.50,100.00,100.00
2026-05-16T05:47:57.135507,20.00,11.10,100.00,100.00
2026-05-16T05:47:57.239597,12.50,12.50,100.00,100.00
2026-05-16T05:47:58.570497,16.30,36.70,100.00,32.30
2026-05-16T05:47:58.673060,20.00,12.50,100.00,0.00
2026-05-16T05:47:58.775511,0.00,12.50,100.00,10.00
2026-05-16T05:47:58.877702,12.50,11.10,100.00,0.00
2026-05-16T05:47:58.980156,11.10,0.00,100.00,0.00
2026-05-16T05:47:59.082312,12.50,0.00,100.00,0.00
2026-05-16T05:47:59.184510,11.10,0.00,100.00,0.00
2026-05-16T05:47:59.287035,0.00,0.00,100.00,18.20
2026-05-16T05:47:59.389454,11.10,11.10,100.00,0.00
2026-05-16T05:47:59.491597,12.50,12.50,100.00,0.00
2026-05-16T05:47:59.594003,11.10,0.00,100.00,0.00
2026-05-16T05:47:59.696494,11.10,0.00,100.00,0.00
2026-05-16T05:47:59.799180,12.50,12.50,100.00,0.00
2026-05-16T05:47:59.901853,12.50,0.00,100.00,0.00
2026-05-16T05:48:00.004613,11.10,11.10,100.00,0.00
2026-05-16T05:48:00.107138,12.50,0.00,100.00,0.00
2026-05-16T05:48:00.209581,0.00,0.00,100.00,9.10
2026-05-16T05:48:00.311653,22.20,0.00,100.00,0.00
2026-05-16T05:48:00.413955,11.10,0.00,100.00,0.00
2026-05-16T05:48:00.516804,12.50,0.00,100.00,18.20
2026-05-16T05:48:00.619001,0.00,22.20,100.00,0.00
2026-05-16T05:48:00.721331,0.00,11.10,100.00,0.00
2026-05-16T05:48:00.823751,11.10,0.00,100.00,0.00
2026-05-16T05:48:00.926063,12.50,0.00,100.00,0.00
2026-05-16T05:48:01.028222,11.10,0.00,100.00,0.00
2026-05-16T05:48:01.130469,11.10,22.20,100.00,0.00
2026-05-16T05:48:01.232582,22.20,12.50,100.00,10.00
2026-05-16T05:48:01.334933,12.50,0.00,100.00,0.00
2026-05-16T05:48:01.437509,11.10,12.50,100.00,0.00
2026-05-16T05:48:01.540016,0.00,0.00,100.00,0.00
2026-05-16T05:48:01.642657,11.10,0.00,100.00,10.00
2026-05-16T05:48:01.745293,12.50,11.10,100.00,0.00
2026-05-16T05:48:01.847820,11.10,0.00,100.00,0.00
2026-05-16T05:48:01.950264,0.00,12.50,100.00,0.00
2026-05-16T05:48:02.052673,20.00,0.00,100.00,0.00
2026-05-16T05:48:02.154890,0.00,0.00,100.00,10.00
2026-05-16T05:48:02.257317,22.20,22.20,100.00,0.00
2026-05-16T05:48:02.359534,0.00,0.00,100.00,0.00
2026-05-16T05:48:02.461887,12.50,12.50,100.00,0.00
2026-05-16T05:48:02.564055,0.00,12.50,100.00,0.00
2026-05-16T05:48:02.666501,0.00,0.00,100.00,0.00
2026-05-16T05:48:02.768712,11.10,12.50,100.00,10.00
2026-05-16T05:48:02.871221,0.00,0.00,100.00,0.00
2026-05-16T05:48:02.973522,20.00,0.00,100.00,10.00
2026-05-16T05:48:03.075812,0.00,0.00,100.00,9.10
2026-05-16T05:48:03.178395,12.50,12.50,100.00,0.00
2026-05-16T05:48:03.280712,11.10,12.50,100.00,0.00
2026-05-16T05:48:03.383391,0.00,0.00,100.00,9.10
2026-05-16T05:48:03.485664,11.10,11.10,100.00,0.00
2026-05-16T05:48:03.588689,12.50,12.50,100.00,0.00
2026-05-16T05:48:03.691062,11.10,0.00,100.00,0.00
2026-05-16T05:48:03.793409,0.00,11.10,100.00,0.00
2026-05-16T05:48:03.895590,11.10,0.00,100.00,0.00
2026-05-16T05:48:03.997914,12.50,12.50,100.00,0.00
2026-05-16T05:48:04.100270,0.00,20.00,100.00,0.00
2026-05-16T05:48:04.202426,12.50,0.00,100.00,0.00
2026-05-16T05:48:04.305088,20.00,0.00,100.00,0.00
2026-05-16T05:48:04.408656,12.50,0.00,100.00,0.00
2026-05-16T05:48:04.511725,66.70,70.00,100.00,12.50
2026-05-16T05:48:04.615400,80.00,80.00,100.00,12.50
2026-05-16T05:48:04.718831,77.80,66.70,100.00,0.00
2026-05-16T05:48:04.822076,66.70,75.00,100.00,11.10
2026-05-16T05:48:04.925352,71.40,62.50,100.00,22.20
2026-05-16T05:48:05.028722,66.70,77.80,100.00,0.00
2026-05-16T05:48:05.132084,80.00,70.00,100.00,11.10
2026-05-16T05:48:05.235430,77.80,80.00,100.00,25.00
2026-05-16T05:48:05.339212,77.80,77.80,100.00,11.10
2026-05-16T05:48:05.442440,80.00,80.00,100.00,0.00
2026-05-16T05:48:05.545644,80.00,77.80,100.00,22.20
2026-05-16T05:48:05.649169,77.80,75.00,100.00,0.00
2026-05-16T05:48:05.753013,80.00,72.70,100.00,11.10
2026-05-16T05:48:05.856351,85.70,85.70,100.00,12.50
2026-05-16T05:48:05.959915,72.70,66.70,100.00,22.20
2026-05-16T05:48:06.063011,71.40,75.00,100.00,11.10
2026-05-16T05:48:06.166349,80.00,80.00,100.00,0.00
2026-05-16T05:48:06.269388,77.80,77.80,100.00,20.00
2026-05-16T05:48:06.372853,75.00,66.70,100.00,0.00
2026-05-16T05:48:06.476489,70.00,77.80,100.00,12.50
2026-05-16T05:48:06.582869,80.00,75.00,100.00,22.20
2026-05-16T05:48:06.686632,75.00,77.80,100.00,22.20
2026-05-16T05:48:06.790049,75.00,77.80,100.00,12.50
2026-05-16T05:48:06.893359,77.80,77.80,100.00,22.20
2026-05-16T05:48:06.996794,66.70,62.50,100.00,0.00
2026-05-16T05:48:07.100270,75.00,77.80,100.00,0.00
2026-05-16T05:48:07.203733,77.80,70.00,100.00,20.00
2026-05-16T05:48:07.307242,66.70,80.00,100.00,12.50
2026-05-16T05:48:07.410641,77.80,75.00,100.00,12.50
2026-05-16T05:48:07.513648,75.00,75.00,100.00,11.10
2026-05-16T05:48:07.616542,70.00,70.00,100.00,0.00
2026-05-16T05:48:07.719854,77.80,77.80,100.00,12.50
2026-05-16T05:48:07.823270,77.80,77.80,100.00,22.20
2026-05-16T05:48:07.926622,77.80,75.00,100.00,0.00
2026-05-16T05:48:08.030647,77.80,75.00,100.00,0.00
2026-05-16T05:48:08.133838,87.50,81.80,100.00,11.10
2026-05-16T05:48:08.238325,80.00,80.00,100.00,0.00
2026-05-16T05:48:08.341739,77.80,77.80,100.00,22.20
2026-05-16T05:48:08.445182,77.80,80.00,100.00,0.00
2026-05-16T05:48:08.548543,80.00,88.90,100.00,0.00
2026-05-16T05:48:08.651542,75.00,77.80,100.00,12.50
2026-05-16T05:48:08.754901,80.00,77.80,100.00,22.20
2026-05-16T05:48:08.858490,66.70,66.70,100.00,0.00
2026-05-16T05:48:08.962418,80.00,80.00,100.00,12.50
2026-05-16T05:48:09.065877,77.80,70.00,100.00,0.00
2026-05-16T05:48:09.169222,66.70,77.80,100.00,12.50
2026-05-16T05:48:09.272606,75.00,75.00,100.00,22.20
2026-05-16T05:48:09.375750,66.70,75.00,100.00,11.10
2026-05-16T05:48:09.478829,80.00,80.00,100.00,12.50
2026-05-16T05:48:09.582186,71.40,70.00,100.00,0.00
2026-05-16T05:48:09.685731,72.70,77.80,100.00,0.00
2026-05-16T05:48:09.788716,80.00,80.00,100.00,30.00
2026-05-16T05:48:09.892102,75.00,77.80,100.00,0.00
2026-05-16T05:48:09.996062,80.00,77.80,100.00,0.00
2026-05-16T05:48:10.099440,80.00,77.80,100.00,12.50
2026-05-16T05:48:10.202467,75.00,77.80,100.00,20.00
2026-05-16T05:48:10.306488,77.80,80.00,100.00,12.50
2026-05-16T05:48:10.409678,80.00,66.70,100.00,12.50
2026-05-16T05:48:10.513311,80.00,80.00,100.00,12.50
2026-05-16T05:48:10.616875,75.00,62.50,100.00,22.20
2026-05-16T05:48:10.720626,80.00,77.80,100.00,0.00
2026-05-16T05:48:10.823528,62.50,80.00,100.00,0.00
2026-05-16T05:48:10.926671,77.80,66.70,100.00,12.50
2026-05-16T05:48:11.030069,77.80,80.00,100.00,22.20
2026-05-16T05:48:11.133046,70.00,77.80,100.00,0.00
2026-05-16T05:48:11.236550,75.00,70.00,100.00,22.20
2026-05-16T05:48:11.339802,71.40,77.80,100.00,12.50
2026-05-16T05:48:11.443298,72.70,66.70,100.00,11.10
2026-05-16T05:48:11.546617,75.00,66.70,100.00,12.50
2026-05-16T05:48:11.650025,62.50,77.80,100.00,0.00
2026-05-16T05:48:11.753549,66.70,70.00,100.00,11.10
2026-05-16T05:48:11.857002,77.80,62.50,100.00,12.50
2026-05-16T05:48:11.960083,66.70,71.40,100.00,11.10
2026-05-16T05:48:12.063464,75.00,66.70,100.00,0.00
2026-05-16T05:48:12.166782,77.80,77.80,100.00,11.10
2026-05-16T05:48:12.269838,77.80,75.00,100.00,30.00
2026-05-16T05:48:12.373605,77.80,77.80,100.00,0.00
2026-05-16T05:48:12.476779,81.80,77.80,100.00,0.00
2026-05-16T05:48:12.580368,66.70,66.70,100.00,22.20
2026-05-16T05:48:12.683300,77.80,66.70,100.00,11.10
2026-05-16T05:48:12.787186,75.00,71.40,100.00,22.20
2026-05-16T05:48:12.890507,80.00,75.00,100.00,0.00
2026-05-16T05:48:12.993967,80.00,70.00,100.00,11.10
2026-05-16T05:48:13.097236,75.00,75.00,100.00,12.50
2026-05-16T05:48:13.200535,77.80,70.00,100.00,0.00
2026-05-16T05:48:13.303908,80.00,77.80,100.00,22.20
2026-05-16T05:48:13.407160,75.00,80.00,100.00,12.50
2026-05-16T05:48:13.510534,80.00,75.00,100.00,12.50
2026-05-16T05:48:13.613825,62.50,70.00,100.00,11.10
2026-05-16T05:48:13.716939,75.00,71.40,100.00,22.20
2026-05-16T05:48:13.820395,75.00,72.70,100.00,11.10
2026-05-16T05:48:13.923611,66.70,66.70,100.00,0.00
2026-05-16T05:48:14.026944,77.80,75.00,100.00,0.00
2026-05-16T05:48:14.130321,66.70,70.00,100.00,20.00
2026-05-16T05:48:14.233620,80.00,77.80,100.00,12.50
2026-05-16T05:48:14.336699,75.00,77.80,100.00,0.00
2026-05-16T05:48:14.439685,80.00,77.80,100.00,12.50
2026-05-16T05:48:14.542875,80.00,66.70,100.00,0.00
2026-05-16T05:48:14.645980,75.00,77.80,100.00,11.10
2026-05-16T05:48:14.749828,80.00,66.70,100.00,12.50
2026-05-16T05:48:14.853281,66.70,77.80,100.00,12.50
2026-05-16T05:48:14.957046,80.00,77.80,100.00,20.00
2026-05-16T05:48:15.060218,75.00,80.00,100.00,0.00
2026-05-16T05:48:15.164390,77.80,66.70,100.00,12.50
2026-05-16T05:48:15.267439,80.00,77.80,100.00,30.00
2026-05-16T05:48:15.370863,75.00,62.50,100.00,0.00
2026-05-16T05:48:15.473832,70.00,71.40,100.00,11.10
2026-05-16T05:48:15.577007,75.00,75.00,100.00,11.10
2026-05-16T05:48:15.680350,77.80,77.80,100.00,12.50
2026-05-16T05:48:15.783526,77.80,75.00,100.00,12.50
2026-05-16T05:48:15.886826,77.80,72.70,100.00,20.00
2026-05-16T05:48:15.990193,75.00,75.00,100.00,22.20
2026-05-16T05:48:16.093355,70.00,72.70,100.00,0.00
2026-05-16T05:48:16.196841,75.00,57.10,100.00,11.10
2026-05-16T05:48:16.300926,80.00,75.00,100.00,0.00
2026-05-16T05:48:16.403803,66.70,70.00,100.00,20.00
2026-05-16T05:48:16.506698,75.00,77.80,100.00,0.00
2026-05-16T05:48:16.610082,70.00,70.00,100.00,25.00
2026-05-16T05:48:16.713583,77.80,75.00,100.00,33.30
2026-05-16T05:48:16.816592,75.00,66.70,100.00,20.00
2026-05-16T05:48:16.919993,75.00,80.00,100.00,12.50
2026-05-16T05:48:17.023280,77.80,66.70,100.00,0.00
2026-05-16T05:48:17.126226,77.80,75.00,100.00,0.00
2026-05-16T05:48:17.230003,77.80,70.00,100.00,30.00
2026-05-16T05:48:17.333483,77.80,77.80,100.00,0.00
2026-05-16T05:48:17.437513,80.00,77.80,100.00,0.00
2026-05-16T05:48:17.540955,87.50,70.00,100.00,11.10
2026-05-16T05:48:17.644534,80.00,71.40,100.00,22.20
2026-05-16T05:48:17.748337,80.00,77.80,100.00,12.50
2026-05-16T05:48:17.851505,77.80,77.80,100.00,11.10
2026-05-16T05:48:17.954917,77.80,72.70,100.00,12.50
2026-05-16T05:48:18.058771,70.00,75.00,100.00,11.10
2026-05-16T05:48:18.161986,77.80,70.00,100.00,12.50
2026-05-16T05:48:18.265501,80.00,77.80,100.00,12.50
2026-05-16T05:48:18.368982,80.00,77.80,100.00,11.10
2026-05-16T05:48:18.472488,75.00,77.80,100.00,12.50
2026-05-16T05:48:18.575879,77.80,62.50,100.00,12.50
2026-05-16T05:48:18.679640,88.90,81.80,100.00,0.00
2026-05-16T05:48:18.782833,77.80,75.00,100.00,11.10
2026-05-16T05:48:18.886393,75.00,81.80,100.00,22.20
2026-05-16T05:48:18.989660,77.80,77.80,100.00,12.50
2026-05-16T05:48:19.092921,77.80,70.00,100.00,0.00
2026-05-16T05:48:19.195587,77.80,77.80,100.00,12.50
2026-05-16T05:48:19.298694,77.80,75.00,100.00,22.20
2026-05-16T05:48:19.401714,77.80,75.00,100.00,12.50
2026-05-16T05:48:19.504448,28.60,16.70,100.00,0.00
2026-05-16T05:48:19.607087,28.60,37.50,100.00,11.10
2026-05-16T05:48:19.710065,28.60,28.60,100.00,10.00
2026-05-16T05:48:19.813281,28.60,28.60,100.00,0.00
2026-05-16T05:48:19.915706,37.50,37.50,100.00,0.00
2026-05-16T05:48:20.018348,0.00,28.60,100.00,0.00
2026-05-16T05:48:20.121084,25.00,16.70,100.00,11.10
2026-05-16T05:48:20.223960,28.60,37.50,100.00,11.10
2026-05-16T05:48:20.326993,28.60,28.60,100.00,10.00
2026-05-16T05:48:20.429977,37.50,37.50,100.00,0.00
2026-05-16T05:48:20.532978,28.60,0.00,100.00,10.00
2026-05-16T05:48:20.635894,25.00,37.50,100.00,0.00
2026-05-16T05:48:20.738642,28.60,16.70,100.00,10.00
2026-05-16T05:48:20.841887,28.60,28.60,100.00,0.00
2026-05-16T05:48:20.944754,37.50,37.50,100.00,0.00
2026-05-16T05:48:21.047487,16.70,28.60,100.00,10.00
2026-05-16T05:48:21.149712,28.60,28.60,100.00,11.10
2026-05-16T05:48:21.252090,37.50,44.40,100.00,11.10
2026-05-16T05:48:21.355350,25.00,16.70,100.00,0.00
2026-05-16T05:48:21.458732,16.70,37.50,100.00,0.00
2026-05-16T05:48:21.561623,42.90,28.60,100.00,10.00
2026-05-16T05:48:21.664391,33.30,28.60,100.00,11.10
2026-05-16T05:48:21.767264,16.70,37.50,100.00,0.00
2026-05-16T05:48:21.869724,28.60,16.70,100.00,0.00
2026-05-16T05:48:21.972483,28.60,16.70,100.00,10.00
2026-05-16T05:48:22.075481,37.50,44.40,100.00,0.00
2026-05-16T05:48:22.178230,25.00,14.30,100.00,0.00
2026-05-16T05:48:22.281011,28.60,28.60,100.00,11.10
2026-05-16T05:48:22.383585,28.60,16.70,100.00,0.00
2026-05-16T05:48:22.486526,0.00,37.50,100.00,11.10
2026-05-16T05:48:22.589544,33.30,16.70,100.00,0.00
2026-05-16T05:48:22.692307,37.50,44.40,100.00,0.00
2026-05-16T05:48:22.795194,28.60,16.70,100.00,11.10
2026-05-16T05:48:22.898120,28.60,28.60,100.00,0.00
2026-05-16T05:48:23.000752,28.60,37.50,100.00,11.10
2026-05-16T05:48:23.103846,37.50,16.70,100.00,0.00
2026-05-16T05:48:23.206694,16.70,28.60,100.00,0.00
2026-05-16T05:48:23.309649,37.50,28.60,100.00,11.10
2026-05-16T05:48:23.412267,37.50,37.50,100.00,20.00
2026-05-16T05:48:23.514945,44.40,33.30,100.00,0.00
2026-05-16T05:48:23.617922,16.70,28.60,100.00,0.00
2026-05-16T05:48:23.720927,37.50,37.50,100.00,0.00
2026-05-16T05:48:23.823704,44.40,28.60,100.00,10.00
2026-05-16T05:48:23.926498,28.60,28.60,100.00,0.00
2026-05-16T05:48:24.029148,28.60,28.60,100.00,0.00
2026-05-16T05:48:24.132282,37.50,37.50,100.00,11.10
2026-05-16T05:48:24.234991,28.60,28.60,100.00,10.00
2026-05-16T05:48:24.338171,28.60,28.60,100.00,0.00
2026-05-16T05:48:24.441431,37.50,28.60,100.00,10.00
2026-05-16T05:48:24.544352,28.60,37.50,100.00,11.10
2026-05-16T05:48:24.646832,37.50,28.60,100.00,0.00
2026-05-16T05:48:24.749705,28.60,16.70,100.00,0.00
2026-05-16T05:48:24.852613,37.50,37.50,100.00,0.00
2026-05-16T05:48:24.955516,16.70,28.60,100.00,0.00
2026-05-16T05:48:25.058007,28.60,33.30,100.00,12.50
2026-05-16T05:48:25.160501,37.50,44.40,100.00,0.00
2026-05-16T05:48:25.263290,16.70,16.70,100.00,20.00
2026-05-16T05:48:25.365745,28.60,28.60,100.00,11.10
2026-05-16T05:48:25.469344,28.60,28.60,100.00,0.00
2026-05-16T05:48:25.572058,37.50,37.50,100.00,11.10
2026-05-16T05:48:25.675300,28.60,28.60,100.00,0.00
2026-05-16T05:48:25.778344,28.60,16.70,100.00,0.00
2026-05-16T05:48:25.880830,25.00,33.30,100.00,10.00
2026-05-16T05:48:25.983643,28.60,16.70,100.00,11.10
2026-05-16T05:48:26.086492,37.50,28.60,100.00,0.00
2026-05-16T05:48:26.189313,28.60,28.60,100.00,0.00
2026-05-16T05:48:26.292072,37.50,28.60,100.00,0.00
2026-05-16T05:48:26.394869,28.60,44.40,100.00,0.00
2026-05-16T05:48:26.497490,16.70,28.60,100.00,10.00
2026-05-16T05:48:26.600590,44.40,37.50,100.00,11.10
2026-05-16T05:48:26.703633,28.60,42.90,100.00,12.50
2026-05-16T05:48:26.806789,42.90,16.70,100.00,10.00
2026-05-16T05:48:26.909714,33.30,44.40,100.00,11.10
2026-05-16T05:48:27.012221,28.60,16.70,100.00,0.00
2026-05-16T05:48:27.115532,28.60,28.60,100.00,11.10
2026-05-16T05:48:27.218654,37.50,37.50,100.00,0.00
2026-05-16T05:48:27.321496,37.50,28.60,100.00,11.10
2026-05-16T05:48:27.424299,16.70,16.70,100.00,11.10
2026-05-16T05:48:27.527053,28.60,37.50,100.00,0.00
2026-05-16T05:48:27.630015,28.60,28.60,100.00,0.00
2026-05-16T05:48:27.732811,28.60,28.60,100.00,11.10
2026-05-16T05:48:27.835807,28.60,16.70,100.00,11.10
2026-05-16T05:48:27.938716,37.50,37.50,100.00,0.00
2026-05-16T05:48:28.041623,28.60,28.60,100.00,0.00
2026-05-16T05:48:28.144452,28.60,28.60,100.00,0.00
2026-05-16T05:48:28.247388,28.60,28.60,100.00,11.10
2026-05-16T05:48:28.350061,37.50,28.60,100.00,10.00
2026-05-16T05:48:28.452959,28.60,16.70,100.00,0.00
2026-05-16T05:48:28.555885,25.00,44.40,100.00,0.00
2026-05-16T05:48:28.658576,28.60,16.70,100.00,0.00
2026-05-16T05:48:28.761401,44.40,16.70,100.00,11.10
2026-05-16T05:48:28.863827,28.60,37.50,100.00,10.00
2026-05-16T05:48:28.966499,25.00,16.70,100.00,11.10
2026-05-16T05:48:29.069382,20.00,28.60,100.00,0.00
2026-05-16T05:48:29.172238,28.60,37.50,100.00,0.00
2026-05-16T05:48:29.275077,44.40,28.60,100.00,11.10
2026-05-16T05:48:29.377817,28.60,28.60,100.00,10.00
2026-05-16T05:48:29.480658,28.60,28.60,100.00,0.00
2026-05-16T05:48:29.583535,16.70,28.60,100.00,0.00
2026-05-16T05:48:29.686023,37.50,37.50,100.00,0.00
2026-05-16T05:48:29.788733,28.60,28.60,100.00,20.00
2026-05-16T05:48:29.891821,28.60,20.00,100.00,0.00
2026-05-16T05:48:29.994574,28.60,28.60,100.00,0.00
2026-05-16T05:48:30.097159,28.60,37.50,100.00,0.00
2026-05-16T05:48:30.199929,28.60,16.70,100.00,20.00
2026-05-16T05:48:30.302649,28.60,44.40,100.00,0.00
2026-05-16T05:48:30.405689,28.60,28.60,100.00,11.10
2026-05-16T05:48:30.508221,37.50,37.50,100.00,0.00
2026-05-16T05:48:30.611424,16.70,33.30,100.00,11.10
2026-05-16T05:48:30.714080,37.50,28.60,100.00,0.00
2026-05-16T05:48:30.816891,44.40,37.50,100.00,10.00
2026-05-16T05:48:30.919486,16.70,28.60,100.00,0.00
2026-05-16T05:48:31.022012,28.60,25.00,100.00,0.00
2026-05-16T05:48:31.124858,28.60,20.00,100.00,0.00
2026-05-16T05:48:31.227483,16.70,37.50,100.00,11.10
2026-05-16T05:48:31.330296,37.50,28.60,100.00,0.00
2026-05-16T05:48:31.433150,33.30,37.50,100.00,11.10
2026-05-16T05:48:31.536330,28.60,28.60,100.00,0.00
2026-05-16T05:48:31.639232,28.60,28.60,100.00,0.00
2026-05-16T05:48:31.741945,28.60,28.60,100.00,20.00
2026-05-16T05:48:31.844906,37.50,28.60,100.00,0.00
2026-05-16T05:48:31.947722,28.60,44.40,100.00,10.00
2026-05-16T05:48:32.050430,28.60,28.60,100.00,11.10
2026-05-16T05:48:32.153037,37.50,16.70,100.00,0.00
2026-05-16T05:48:32.255882,28.60,37.50,100.00,0.00
2026-05-16T05:48:32.358498,16.70,37.50,100.00,20.00
2026-05-16T05:48:32.461095,33.30,0.00,100.00,11.10
2026-05-16T05:48:32.563990,33.30,44.40,100.00,0.00
2026-05-16T05:48:32.667038,37.50,16.70,100.00,0.00
2026-05-16T05:48:32.770187,28.60,37.50,100.00,0.00
2026-05-16T05:48:32.872955,28.60,33.30,100.00,11.10
2026-05-16T05:48:32.975903,28.60,37.50,100.00,0.00
2026-05-16T05:48:33.078595,28.60,28.60,100.00,0.00
2026-05-16T05:48:33.181516,28.60,28.60,100.00,11.10
2026-05-16T05:48:33.284384,37.50,28.60,100.00,11.10
2026-05-16T05:48:33.387022,28.60,28.60,100.00,0.00
2026-05-16T05:48:33.489750,28.60,37.50,100.00,0.00
2026-05-16T05:48:33.592589,28.60,28.60,100.00,11.10
2026-05-16T05:48:33.695701,44.40,37.50,100.00,0.00
2026-05-16T05:48:33.798312,16.70,28.60,100.00,11.10
2026-05-16T05:48:33.901407,28.60,28.60,100.00,0.00
2026-05-16T05:48:34.004364,44.40,28.60,100.00,10.00
2026-05-16T05:48:34.106991,28.60,16.70,100.00,0.00
2026-05-16T05:48:34.210353,28.60,37.50,100.00,10.00
2026-05-16T05:48:34.313139,16.70,16.70,100.00,0.00
2026-05-16T05:48:34.415661,37.50,25.00,100.00,0.00
2026-05-16T05:48:34.518037,0.00,12.50,100.00,0.00
2026-05-16T05:48:34.620447,11.10,11.10,100.00,10.00
2026-05-16T05:48:34.722797,0.00,0.00,100.00,0.00
2026-05-16T05:48:34.825081,20.00,20.00,100.00,9.10
2026-05-16T05:48:34.927801,0.00,0.00,100.00,0.00
2026-05-16T05:48:35.030393,11.10,11.10,100.00,0.00
2026-05-16T05:48:35.132987,11.10,12.50,100.00,0.00
2026-05-16T05:48:35.235254,20.00,0.00,100.00,0.00
2026-05-16T05:48:35.337469,12.50,27.30,100.00,10.00
2026-05-16T05:48:35.439680,0.00,0.00,100.00,0.00
2026-05-16T05:48:35.541870,11.10,0.00,100.00,18.20
2026-05-16T05:48:35.644370,0.00,0.00,100.00,0.00
2026-05-16T05:48:35.746524,11.10,22.20,100.00,0.00
2026-05-16T05:48:35.848734,11.10,0.00,100.00,0.00
2026-05-16T05:48:35.950845,20.00,0.00,100.00,10.00
2026-05-16T05:48:36.053415,12.50,22.20,100.00,0.00
2026-05-16T05:48:36.155945,0.00,11.10,100.00,0.00
2026-05-16T05:48:36.258468,12.50,0.00,100.00,0.00
2026-05-16T05:48:36.361245,11.10,0.00,100.00,0.00
2026-05-16T05:48:36.463431,20.00,0.00,100.00,0.00
2026-05-16T05:48:36.565723,11.10,12.50,100.00,0.00
2026-05-16T05:48:36.668048,0.00,22.20,100.00,10.00
2026-05-16T05:48:36.770355,11.10,0.00,100.00,0.00
2026-05-16T05:48:36.872652,0.00,0.00,100.00,0.00
2026-05-16T05:48:36.975057,0.00,11.10,100.00,0.00
2026-05-16T05:48:37.077464,20.00,0.00,100.00,9.10
2026-05-16T05:48:37.179840,11.10,11.10,100.00,0.00
2026-05-16T05:48:37.282210,12.50,0.00,100.00,10.00
2026-05-16T05:48:37.384504,11.10,0.00,100.00,0.00
2026-05-16T05:48:37.486905,0.00,12.50,100.00,10.00
2026-05-16T05:48:37.588951,12.50,0.00,100.00,0.00
2026-05-16T05:48:37.691082,0.00,20.00,100.00,0.00
2026-05-16T05:48:37.793427,11.10,12.50,100.00,0.00
2026-05-16T05:48:37.895951,0.00,0.00,100.00,0.00
2026-05-16T05:48:37.998357,11.10,0.00,100.00,0.00
2026-05-16T05:48:38.100878,30.00,0.00,100.00,0.00
2026-05-16T05:48:38.203471,11.10,0.00,100.00,0.00
2026-05-16T05:48:38.305908,0.00,12.50,100.00,0.00
2026-05-16T05:48:38.408513,11.10,0.00,100.00,0.00
2026-05-16T05:48:38.510817,12.50,11.10,100.00,9.10
2026-05-16T05:48:38.613325,11.10,0.00,100.00,0.00
2026-05-16T05:48:38.715585,20.00,11.10,100.00,9.10
2026-05-16T05:48:38.817778,0.00,0.00,100.00,0.00
2026-05-16T05:48:38.919986,12.50,11.10,100.00,0.00
2026-05-16T05:48:39.022314,11.10,0.00,100.00,0.00
2026-05-16T05:48:39.124958,11.10,11.10,100.00,0.00
2026-05-16T05:48:39.227355,11.10,0.00,100.00,18.20
2026-05-16T05:48:39.329490,12.50,0.00,100.00,0.00
2026-05-16T05:48:39.431944,11.10,11.10,100.00,0.00
2026-05-16T05:48:39.534011,11.10,0.00,100.00,0.00
2026-05-16T05:48:39.636514,0.00,0.00,100.00,0.00
2026-05-16T05:48:39.738678,20.00,11.10,100.00,0.00
2026-05-16T05:48:39.840954,11.10,0.00,100.00,0.00
2026-05-16T05:48:39.943334,0.00,12.50,100.00,10.00
2026-05-16T05:48:40.045521,12.50,0.00,100.00,0.00
2026-05-16T05:48:40.147647,0.00,22.20,100.00,0.00
2026-05-16T05:48:40.249726,11.10,0.00,100.00,0.00
2026-05-16T05:48:40.352233,12.50,12.50,100.00,0.00
2026-05-16T05:48:40.454472,20.00,0.00,100.00,0.00
2026-05-16T05:48:40.557299,0.00,22.20,100.00,10.00
2026-05-16T05:48:40.659946,11.10,0.00,100.00,0.00
2026-05-16T05:48:40.761973,12.50,0.00,100.00,0.00
2026-05-16T05:48:40.864189,11.10,0.00,100.00,0.00
2026-05-16T05:48:40.966553,11.10,11.10,100.00,0.00
2026-05-16T05:48:41.068911,11.10,0.00,100.00,0.00
2026-05-16T05:48:41.171496,12.50,11.10,100.00,10.00
2026-05-16T05:48:41.273926,20.00,0.00,100.00,0.00
2026-05-16T05:48:41.376432,0.00,0.00,100.00,0.00
2026-05-16T05:48:41.478809,20.00,0.00,100.00,0.00
2026-05-16T05:48:41.581146,0.00,20.00,100.00,0.00
2026-05-16T05:48:41.683674,11.10,0.00,100.00,10.00
2026-05-16T05:48:41.785904,11.10,11.10,100.00,0.00
2026-05-16T05:48:41.888228,12.50,12.50,100.00,0.00
2026-05-16T05:48:41.990489,11.10,0.00,100.00,0.00
2026-05-16T05:48:42.092757,0.00,0.00,100.00,0.00
2026-05-16T05:48:42.195056,11.10,11.10,100.00,9.10
2026-05-16T05:48:42.297251,11.10,12.50,100.00,10.00
2026-05-16T05:48:42.399641,12.50,0.00,100.00,0.00
2026-05-16T05:48:42.501934,11.10,0.00,100.00,0.00
2026-05-16T05:48:42.604456,0.00,11.10,100.00,0.00
2026-05-16T05:48:42.706721,11.10,0.00,100.00,0.00
2026-05-16T05:48:42.808716,30.00,0.00,100.00,0.00
2026-05-16T05:48:42.911192,20.00,22.20,100.00,0.00
2026-05-16T05:48:43.013936,0.00,11.10,100.00,0.00
2026-05-16T05:48:43.116287,0.00,0.00,100.00,0.00
2026-05-16T05:48:43.218936,20.00,12.50,100.00,0.00
2026-05-16T05:48:43.321532,12.50,0.00,100.00,10.00
2026-05-16T05:48:43.423961,0.00,0.00,100.00,0.00
2026-05-16T05:48:43.526283,20.00,11.10,100.00,0.00
2026-05-16T05:48:43.628524,0.00,0.00,100.00,0.00
2026-05-16T05:48:43.730914,0.00,20.00,100.00,0.00
2026-05-16T05:48:43.833202,12.50,0.00,100.00,0.00
2026-05-16T05:48:43.935498,11.10,0.00,100.00,10.00
2026-05-16T05:48:44.037708,0.00,12.50,100.00,0.00
2026-05-16T05:48:44.139887,11.10,20.00,100.00,0.00
2026-05-16T05:48:44.242183,12.50,0.00,100.00,0.00
2026-05-16T05:48:44.344552,11.10,11.10,100.00,0.00
2026-05-16T05:48:44.447029,11.10,12.50,100.00,0.00
2026-05-16T05:48:44.549242,0.00,0.00,100.00,0.00
2026-05-16T05:48:44.651507,11.10,0.00,100.00,10.00
2026-05-16T05:48:44.753827,11.10,0.00,100.00,0.00
2026-05-16T05:48:44.856193,22.20,12.50,100.00,27.30
2026-05-16T05:48:44.958521,20.00,11.10,100.00,0.00
2026-05-16T05:48:45.060962,20.00,0.00,100.00,0.00
2026-05-16T05:48:45.163413,12.50,12.50,100.00,0.00
2026-05-16T05:48:45.265701,20.00,11.10,100.00,0.00
2026-05-16T05:48:45.368023,20.00,12.50,100.00,0.00
2026-05-16T05:48:45.470581,20.00,11.10,100.00,0.00
2026-05-16T05:48:45.573300,22.20,0.00,100.00,0.00
2026-05-16T05:48:45.675824,0.00,11.10,100.00,10.00
2026-05-16T05:48:45.778391,20.00,0.00,100.00,0.00
2026-05-16T05:48:45.880914,20.00,11.10,100.00,0.00
2026-05-16T05:48:45.983188,11.10,0.00,100.00,0.00
2026-05-16T05:48:46.085511,11.10,0.00,100.00,0.00
2026-05-16T05:48:46.188040,22.20,20.00,100.00,0.00
2026-05-16T05:48:46.290350,11.10,0.00,100.00,0.00
2026-05-16T05:48:46.392505,20.00,0.00,100.00,0.00
2026-05-16T05:48:46.494606,11.10,22.20,100.00,0.00
2026-05-16T05:48:46.596995,12.50,0.00,100.00,10.00
2026-05-16T05:48:46.699260,11.10,12.50,100.00,11.10
2026-05-16T05:48:46.801493,11.10,0.00,100.00,9.10
2026-05-16T05:48:46.903790,0.00,0.00,100.00,0.00
2026-05-16T05:48:47.006243,11.10,0.00,100.00,0.00
2026-05-16T05:48:47.108567,30.00,0.00,100.00,0.00
2026-05-16T05:48:47.210714,11.10,0.00,100.00,0.00
2026-05-16T05:48:47.312959,12.50,22.20,100.00,10.00
2026-05-16T05:48:47.415310,20.00,12.50,100.00,0.00
2026-05-16T05:48:47.517816,11.10,0.00,100.00,0.00
2026-05-16T05:48:47.619929,0.00,0.00,100.00,0.00
2026-05-16T05:48:47.722229,20.00,12.50,100.00,0.00
2026-05-16T05:48:47.824394,20.00,0.00,100.00,0.00
2026-05-16T05:48:47.926572,12.50,0.00,100.00,10.00
2026-05-16T05:48:48.029489,11.10,11.10,100.00,0.00
2026-05-16T05:48:48.131752,20.00,0.00,100.00,0.00
2026-05-16T05:48:48.234351,0.00,12.50,100.00,10.00
2026-05-16T05:48:48.336584,12.50,0.00,100.00,0.00
2026-05-16T05:48:48.439594,0.00,0.00,100.00,0.00
2026-05-16T05:48:48.542311,20.00,0.00,100.00,0.00
2026-05-16T05:48:48.644998,0.00,0.00,100.00,0.00
2026-05-16T05:48:48.747578,20.00,11.10,100.00,0.00
2026-05-16T05:48:48.849856,0.00,20.00,100.00,0.00
2026-05-16T05:48:48.952044,11.10,0.00,100.00,10.00
2026-05-16T05:48:49.054381,20.00,0.00,100.00,0.00
2026-05-16T05:48:49.156703,11.10,11.10,100.00,0.00
2026-05-16T05:48:49.258854,11.10,0.00,100.00,0.00
2026-05-16T05:48:49.361038,11.10,20.00,100.00,0.00
2026-05-16T05:48:49.464884,50.00,66.70,100.00,11.10
2026-05-16T05:48:49.568349,90.00,77.80,100.00,12.50
2026-05-16T05:48:49.671971,80.00,80.00,100.00,11.10
2026-05-16T05:48:49.775797,90.90,88.90,100.00,12.50
2026-05-16T05:48:49.879607,90.00,88.90,100.00,33.30
2026-05-16T05:48:49.983288,77.80,80.00,100.00,0.00
2026-05-16T05:48:50.086479,80.00,77.80,100.00,11.10
2026-05-16T05:48:50.189744,88.90,80.00,100.00,12.50
2026-05-16T05:48:50.292805,77.80,87.50,100.00,12.50
2026-05-16T05:48:50.396716,90.00,80.00,100.00,25.00
2026-05-16T05:48:50.500275,77.80,88.90,100.00,11.10
2026-05-16T05:48:50.604164,75.00,70.00,100.00,0.00
2026-05-16T05:48:50.708230,77.80,80.00,100.00,22.20
2026-05-16T05:48:50.811543,81.80,75.00,100.00,0.00
2026-05-16T05:48:50.914446,88.90,80.00,100.00,12.50
2026-05-16T05:48:51.018844,80.00,88.90,100.00,12.50
2026-05-16T05:48:51.123516,90.00,77.80,100.00,12.50
2026-05-16T05:48:51.227818,77.80,77.80,100.00,22.20
2026-05-16T05:48:51.331012,80.00,77.80,100.00,22.20
2026-05-16T05:48:51.434353,75.00,77.80,100.00,12.50
2026-05-16T05:48:51.537881,80.00,88.90,100.00,11.10
2026-05-16T05:48:51.641977,77.80,77.80,100.00,22.20
2026-05-16T05:48:51.744850,88.90,77.80,100.00,0.00
2026-05-16T05:48:51.849440,80.00,90.00,100.00,37.50
2026-05-16T05:48:51.952844,87.50,77.80,100.00,22.20
2026-05-16T05:48:52.056220,81.80,77.80,100.00,0.00
2026-05-16T05:48:52.159676,81.80,77.80,100.00,22.20
2026-05-16T05:48:52.263067,88.90,87.50,100.00,11.10
2026-05-16T05:48:52.366202,77.80,66.70,100.00,12.50
2026-05-16T05:48:52.469440,88.90,87.50,100.00,12.50
2026-05-16T05:48:52.573383,80.00,81.80,100.00,11.10
2026-05-16T05:48:52.676848,80.00,77.80,100.00,12.50
2026-05-16T05:48:52.780217,75.00,75.00,100.00,12.50
2026-05-16T05:48:52.883867,81.80,81.80,100.00,12.50
2026-05-16T05:48:52.987219,90.00,88.90,100.00,22.20
2026-05-16T05:48:53.090692,75.00,80.00,100.00,0.00
2026-05-16T05:48:53.193819,88.90,77.80,100.00,11.10
2026-05-16T05:48:53.297583,80.00,88.90,100.00,30.00
2026-05-16T05:48:53.401035,81.80,83.30,100.00,14.30
2026-05-16T05:48:53.504553,90.00,87.50,100.00,12.50
2026-05-16T05:48:53.607542,87.50,81.80,100.00,22.20
2026-05-16T05:48:53.710993,80.00,88.90,100.00,12.50
2026-05-16T05:48:53.814488,80.00,77.80,100.00,0.00
2026-05-16T05:48:53.917600,75.00,75.00,100.00,22.20
2026-05-16T05:48:54.021267,87.50,80.00,100.00,22.20
2026-05-16T05:48:54.124687,83.30,90.00,100.00,0.00
2026-05-16T05:48:54.227898,88.90,87.50,100.00,22.20
2026-05-16T05:48:54.331820,90.00,80.00,100.00,22.20
2026-05-16T05:48:54.435517,80.00,90.00,100.00,0.00
2026-05-16T05:48:54.538778,90.00,66.70,100.00,12.50
2026-05-16T05:48:54.641696,80.00,80.00,100.00,12.50
2026-05-16T05:48:54.744878,77.80,88.90,100.00,12.50
2026-05-16T05:48:54.848549,88.90,81.80,100.00,0.00
2026-05-16T05:48:54.952489,81.80,88.90,100.00,22.20
2026-05-16T05:48:55.056418,88.90,90.00,100.00,25.00
2026-05-16T05:48:55.159624,87.50,77.80,100.00,12.50
2026-05-16T05:48:55.262869,81.80,81.80,100.00,30.00
2026-05-16T05:48:55.366671,87.50,88.90,100.00,12.50
2026-05-16T05:48:55.470287,81.80,90.00,100.00,0.00
2026-05-16T05:48:55.573902,90.00,80.00,100.00,22.20
2026-05-16T05:48:55.677298,75.00,77.80,100.00,12.50
2026-05-16T05:48:55.780741,90.00,88.90,100.00,12.50
2026-05-16T05:48:55.884450,88.90,88.90,100.00,22.20
2026-05-16T05:48:55.987927,81.80,81.80,100.00,12.50
2026-05-16T05:48:56.091456,88.90,88.90,100.00,0.00
2026-05-16T05:48:56.195481,81.80,88.90,100.00,12.50
2026-05-16T05:48:56.298859,88.90,80.00,100.00,11.10
2026-05-16T05:48:56.402540,77.80,77.80,100.00,12.50
2026-05-16T05:48:56.505938,88.90,88.90,100.00,22.20
2026-05-16T05:48:56.609720,88.90,80.00,100.00,12.50
2026-05-16T05:48:56.713249,80.00,87.50,100.00,25.00
2026-05-16T05:48:56.816459,88.90,80.00,100.00,12.50
2026-05-16T05:48:56.919911,80.00,88.90,100.00,25.00
2026-05-16T05:48:57.023194,87.50,88.90,100.00,0.00
2026-05-16T05:48:57.126847,80.00,77.80,100.00,12.50
2026-05-16T05:48:57.230785,77.80,77.80,100.00,22.20
2026-05-16T05:48:57.334291,81.80,77.80,100.00,12.50
2026-05-16T05:48:57.438444,87.50,80.00,100.00,20.00
2026-05-16T05:48:57.541648,80.00,80.00,100.00,12.50
2026-05-16T05:48:57.645193,77.80,80.00,100.00,12.50
2026-05-16T05:48:57.748454,80.00,87.50,100.00,12.50
2026-05-16T05:48:57.852512,88.90,81.80,100.00,12.50
2026-05-16T05:48:57.956589,80.00,80.00,100.00,20.00
2026-05-16T05:48:58.059688,77.80,77.80,100.00,0.00
2026-05-16T05:48:58.162923,88.90,88.90,100.00,22.20
2026-05-16T05:48:58.266220,90.00,90.00,100.00,12.50
2026-05-16T05:48:58.369825,75.00,80.00,100.00,12.50
2026-05-16T05:48:58.473016,77.80,66.70,100.00,0.00
2026-05-16T05:48:58.577005,77.80,88.90,100.00,12.50
2026-05-16T05:48:58.680540,80.00,80.00,100.00,22.20
2026-05-16T05:48:58.783979,80.00,80.00,100.00,11.10
2026-05-16T05:48:58.887688,88.90,77.80,100.00,0.00
2026-05-16T05:48:58.991433,81.80,90.00,100.00,12.50
2026-05-16T05:48:59.094936,88.90,77.80,100.00,12.50
2026-05-16T05:48:59.198438,75.00,80.00,100.00,11.10
2026-05-16T05:48:59.301888,80.00,77.80,100.00,22.20
2026-05-16T05:48:59.405530,88.90,88.90,100.00,12.50
2026-05-16T05:48:59.509363,77.80,90.00,100.00,0.00
2026-05-16T05:48:59.612995,80.00,80.00,100.00,22.20
2026-05-16T05:48:59.716531,77.80,77.80,100.00,12.50
2026-05-16T05:48:59.819813,88.90,88.90,100.00,11.10
2026-05-16T05:48:59.923038,90.00,77.80,100.00,14.30
2026-05-16T05:49:00.025955,80.00,77.80,100.00,11.10
2026-05-16T05:49:00.129845,77.80,77.80,100.00,12.50
2026-05-16T05:49:00.233293,80.00,80.00,100.00,11.10
2026-05-16T05:49:00.337670,88.90,87.50,100.00,12.50
2026-05-16T05:49:00.442162,90.00,90.00,100.00,25.00
2026-05-16T05:49:00.545709,77.80,77.80,100.00,11.10
2026-05-16T05:49:00.649271,80.00,80.00,100.00,12.50
2026-05-16T05:49:00.752460,77.80,77.80,100.00,12.50
2026-05-16T05:49:00.856268,80.00,75.00,100.00,11.10
2026-05-16T05:49:00.959448,77.80,80.00,100.00,12.50
2026-05-16T05:49:01.063292,77.80,80.00,100.00,12.50
2026-05-16T05:49:01.167359,81.80,88.90,100.00,12.50
2026-05-16T05:49:01.270874,87.50,88.90,100.00,22.20
2026-05-16T05:49:01.374282,77.80,81.80,100.00,12.50
2026-05-16T05:49:01.477264,70.00,88.90,100.00,0.00
2026-05-16T05:49:01.580270,77.80,81.80,100.00,22.20
2026-05-16T05:49:01.683912,77.80,80.00,100.00,12.50
2026-05-16T05:49:01.787278,77.80,80.00,100.00,11.10
2026-05-16T05:49:01.890543,80.00,88.90,100.00,12.50
2026-05-16T05:49:01.994085,66.70,77.80,100.00,12.50
2026-05-16T05:49:02.098254,88.90,81.80,100.00,0.00
2026-05-16T05:49:02.201781,77.80,77.80,100.00,20.00
2026-05-16T05:49:02.305354,77.80,77.80,100.00,12.50
2026-05-16T05:49:02.408804,80.00,80.00,100.00,0.00
2026-05-16T05:49:02.512660,90.00,87.50,100.00,12.50
2026-05-16T05:49:02.615899,77.80,81.80,100.00,12.50
2026-05-16T05:49:02.719702,88.90,88.90,100.00,12.50
2026-05-16T05:49:02.822894,90.00,80.00,100.00,12.50
2026-05-16T05:49:02.926014,80.00,90.00,100.00,22.20
2026-05-16T05:49:03.029505,90.00,87.50,100.00,12.50
2026-05-16T05:49:03.132977,88.90,80.00,100.00,12.50
2026-05-16T05:49:03.237514,90.90,88.90,100.00,22.20
2026-05-16T05:49:03.340893,77.80,90.00,100.00,0.00
2026-05-16T05:49:03.444592,90.00,77.80,100.00,22.20
2026-05-16T05:49:03.548447,90.00,90.00,100.00,14.30
2026-05-16T05:49:03.651751,90.00,81.80,100.00,12.50
2026-05-16T05:49:03.756022,90.00,87.50,100.00,12.50
2026-05-16T05:49:03.859066,80.00,83.30,100.00,0.00
2026-05-16T05:49:03.962876,87.50,87.50,100.00,30.00
2026-05-16T05:49:04.066508,80.00,70.00,100.00,0.00
2026-05-16T05:49:04.170442,77.80,77.80,100.00,0.00
2026-05-16T05:49:04.274074,81.80,90.00,100.00,30.00
2026-05-16T05:49:04.377667,88.90,90.00,100.00,0.00
2026-05-16T05:49:04.480688,62.50,57.10,100.00,11.10
2026-05-16T05:49:04.583559,55.60,50.00,100.00,0.00
2026-05-16T05:49:04.686362,55.60,55.60,100.00,0.00
2026-05-16T05:49:04.789346,50.00,55.60,100.00,11.10
2026-05-16T05:49:04.892682,57.10,42.90,100.00,12.50
2026-05-16T05:49:04.995822,42.90,62.50,100.00,11.10
2026-05-16T05:49:05.098950,50.00,55.60,100.00,11.10
2026-05-16T05:49:05.202186,62.50,62.50,100.00,0.00
2026-05-16T05:49:05.304915,50.00,42.90,100.00,22.20
2026-05-16T05:49:05.408058,50.00,55.60,100.00,11.10
2026-05-16T05:49:05.511679,55.60,50.00,100.00,0.00
2026-05-16T05:49:05.614678,50.00,60.00,100.00,11.10
2026-05-16T05:49:05.717492,42.90,50.00,100.00,0.00
2026-05-16T05:49:05.820641,66.70,57.10,100.00,11.10
2026-05-16T05:49:05.923675,50.00,50.00,100.00,11.10
2026-05-16T05:49:06.026502,50.00,42.90,100.00,0.00
2026-05-16T05:49:06.129788,55.60,60.00,100.00,11.10
2026-05-16T05:49:06.233545,62.50,62.50,100.00,11.10
2026-05-16T05:49:06.336862,50.00,50.00,100.00,11.10
2026-05-16T05:49:06.440072,66.70,42.90,100.00,0.00
2026-05-16T05:49:06.542807,50.00,50.00,100.00,0.00
2026-05-16T05:49:06.646295,55.60,57.10,100.00,12.50
2026-05-16T05:49:06.749349,57.10,60.00,100.00,30.00
2026-05-16T05:49:06.852701,55.60,62.50,100.00,0.00
2026-05-16T05:49:06.956614,62.50,50.00,100.00,20.00
2026-05-16T05:49:07.059690,50.00,55.60,100.00,0.00
2026-05-16T05:49:07.162353,70.00,57.10,100.00,11.10
2026-05-16T05:49:07.265481,42.90,55.60,100.00,12.50
2026-05-16T05:49:07.368601,57.10,42.90,100.00,20.00
2026-05-16T05:49:07.471903,60.00,55.60,100.00,11.10
2026-05-16T05:49:07.575237,55.60,50.00,100.00,0.00
2026-05-16T05:49:07.677986,62.50,57.10,100.00,11.10
2026-05-16T05:49:07.781287,42.90,55.60,100.00,0.00
2026-05-16T05:49:07.884048,62.50,50.00,100.00,20.00
2026-05-16T05:49:07.987018,50.00,62.50,100.00,0.00
2026-05-16T05:49:08.090326,50.00,42.90,100.00,0.00
2026-05-16T05:49:08.193243,55.60,55.60,100.00,0.00
2026-05-16T05:49:08.296178,42.90,50.00,100.00,11.10
2026-05-16T05:49:08.399189,66.70,55.60,100.00,11.10
2026-05-16T05:49:08.502059,50.00,57.10,100.00,0.00
2026-05-16T05:49:08.605250,50.00,44.40,100.00,0.00
2026-05-16T05:49:08.708555,50.00,62.50,100.00,12.50
2026-05-16T05:49:08.812272,57.10,50.00,100.00,0.00
2026-05-16T05:49:08.915702,55.60,42.90,100.00,11.10
2026-05-16T05:49:09.018745,50.00,60.00,100.00,11.10
2026-05-16T05:49:09.121672,50.00,57.10,100.00,11.10
2026-05-16T05:49:09.224809,55.60,50.00,100.00,11.10
2026-05-16T05:49:09.327962,50.00,50.00,100.00,11.10
2026-05-16T05:49:09.430533,50.00,50.00,100.00,11.10
2026-05-16T05:49:09.533389,42.90,50.00,100.00,0.00
2026-05-16T05:49:09.636449,66.70,55.60,100.00,11.10
2026-05-16T05:49:09.739002,50.00,62.50,100.00,0.00
2026-05-16T05:49:09.842421,50.00,50.00,100.00,11.10
2026-05-16T05:49:09.945445,60.00,55.60,100.00,11.10
2026-05-16T05:49:10.048319,55.60,50.00,100.00,11.10
2026-05-16T05:49:10.151585,33.30,50.00,100.00,0.00
2026-05-16T05:49:10.254912,42.90,62.50,100.00,12.50
2026-05-16T05:49:10.357895,60.00,60.00,100.00,11.10
2026-05-16T05:49:10.460750,42.90,42.90,100.00,0.00
2026-05-16T05:49:10.563721,42.90,42.90,100.00,11.10
2026-05-16T05:49:10.666796,55.60,55.60,100.00,11.10
2026-05-16T05:49:10.769927,50.00,50.00,100.00,0.00
2026-05-16T05:49:10.874269,42.90,50.00,100.00,10.00
2026-05-16T05:49:10.977052,50.00,50.00,100.00,12.50
2026-05-16T05:49:11.080078,55.60,42.90,100.00,0.00
2026-05-16T05:49:11.183313,50.00,62.50,100.00,11.10
2026-05-16T05:49:11.286585,57.10,60.00,100.00,11.10
2026-05-16T05:49:11.389701,60.00,50.00,100.00,11.10
2026-05-16T05:49:11.492859,62.50,57.10,100.00,0.00
2026-05-16T05:49:11.595909,50.00,50.00,100.00,20.00
2026-05-16T05:49:11.698489,55.60,50.00,100.00,0.00
2026-05-16T05:49:11.801047,62.50,50.00,100.00,11.10
2026-05-16T05:49:11.904069,42.90,66.70,100.00,0.00
2026-05-16T05:49:12.007948,50.00,50.00,100.00,11.10
2026-05-16T05:49:12.111529,57.10,55.60,100.00,11.10
2026-05-16T05:49:12.214685,55.60,57.10,100.00,0.00
2026-05-16T05:49:12.317672,55.60,42.90,100.00,11.10
2026-05-16T05:49:12.420831,50.00,55.60,100.00,11.10
2026-05-16T05:49:12.523622,50.00,42.90,100.00,0.00
2026-05-16T05:49:12.626818,50.00,55.60,100.00,0.00
2026-05-16T05:49:12.729716,50.00,55.60,100.00,12.50
2026-05-16T05:49:12.832711,55.60,50.00,100.00,10.00
2026-05-16T05:49:12.935711,57.10,62.50,100.00,12.50
2026-05-16T05:49:13.038720,55.60,42.90,100.00,0.00
2026-05-16T05:49:13.141497,50.00,50.00,100.00,0.00
2026-05-16T05:49:13.244313,33.30,55.60,100.00,27.30
2026-05-16T05:49:13.347051,50.00,42.90,100.00,0.00
2026-05-16T05:49:13.449930,50.00,50.00,100.00,0.00
2026-05-16T05:49:13.553388,55.60,55.60,100.00,11.10
2026-05-16T05:49:13.656491,50.00,50.00,100.00,0.00
2026-05-16T05:49:13.759507,50.00,57.10,100.00,20.00
2026-05-16T05:49:13.862790,55.60,55.60,100.00,0.00
2026-05-16T05:49:13.965729,57.10,42.90,100.00,0.00
2026-05-16T05:49:14.068641,55.60,55.60,100.00,0.00
2026-05-16T05:49:14.171627,50.00,42.90,100.00,20.00
2026-05-16T05:49:14.274542,55.60,60.00,100.00,11.10
2026-05-16T05:49:14.377681,50.00,50.00,100.00,11.10
2026-05-16T05:49:14.480555,55.60,62.50,100.00,0.00
2026-05-16T05:49:14.583859,57.10,55.60,100.00,0.00
2026-05-16T05:49:14.686599,50.00,50.00,100.00,11.10
2026-05-16T05:49:14.789437,50.00,55.60,100.00,11.10
2026-05-16T05:49:14.892605,57.10,55.60,100.00,12.50
2026-05-16T05:49:14.995599,55.60,57.10,100.00,0.00
2026-05-16T05:49:15.098792,62.50,55.60,100.00,11.10
2026-05-16T05:49:15.201617,62.50,55.60,100.00,11.10
2026-05-16T05:49:15.304416,50.00,50.00,100.00,0.00
2026-05-16T05:49:15.407515,57.10,62.50,100.00,11.10
2026-05-16T05:49:15.510619,60.00,60.00,100.00,11.10
2026-05-16T05:49:15.613607,50.00,50.00,100.00,11.10
2026-05-16T05:49:15.716817,57.10,62.50,100.00,22.20
2026-05-16T05:49:15.819923,62.50,60.00,100.00,0.00
2026-05-16T05:49:15.922902,42.90,62.50,100.00,11.10
2026-05-16T05:49:16.025777,66.70,55.60,100.00,11.10
2026-05-16T05:49:16.128913,62.50,42.90,100.00,0.00
2026-05-16T05:49:16.231873,50.00,55.60,100.00,0.00
2026-05-16T05:49:16.334919,66.70,57.10,100.00,11.10
2026-05-16T05:49:16.438841,42.90,55.60,100.00,0.00
2026-05-16T05:49:16.542217,62.50,55.60,100.00,11.10
2026-05-16T05:49:16.645799,42.90,33.30,100.00,18.20
2026-05-16T05:49:16.748983,66.70,66.70,100.00,14.30
2026-05-16T05:49:16.852050,50.00,50.00,100.00,0.00
2026-05-16T05:49:16.955796,62.50,50.00,100.00,11.10
2026-05-16T05:49:17.059400,57.10,50.00,100.00,0.00
2026-05-16T05:49:17.162648,50.00,55.60,100.00,11.10
2026-05-16T05:49:17.265469,62.50,62.50,100.00,0.00
2026-05-16T05:49:17.368329,50.00,42.90,100.00,11.10
2026-05-16T05:49:17.471863,55.60,50.00,100.00,11.10
2026-05-16T05:49:17.574898,42.90,55.60,100.00,11.10
2026-05-16T05:49:17.678034,55.60,33.30,100.00,0.00
2026-05-16T05:49:17.780986,42.90,55.60,100.00,11.10
2026-05-16T05:49:17.883800,57.10,50.00,100.00,0.00
2026-05-16T05:49:17.987587,55.60,50.00,100.00,12.50
2026-05-16T05:49:18.090481,42.90,55.60,100.00,0.00
2026-05-16T05:49:18.194247,55.60,55.60,100.00,11.10
2026-05-16T05:49:18.297238,66.70,57.10,100.00,11.10
2026-05-16T05:49:18.400080,50.00,50.00,100.00,0.00
2026-05-16T05:49:18.503309,50.00,42.90,100.00,11.10
2026-05-16T05:49:18.606369,57.10,50.00,100.00,0.00
2026-05-16T05:49:18.709582,50.00,55.60,100.00,20.00
2026-05-16T05:49:18.812741,57.10,57.10,100.00,20.00
2026-05-16T05:49:18.915517,60.00,50.00,100.00,0.00
2026-05-16T05:49:19.018004,57.10,55.60,100.00,0.00
2026-05-16T05:49:19.121206,55.60,50.00,100.00,11.10
2026-05-16T05:49:19.224328,57.10,60.00,100.00,11.10
2026-05-16T05:49:19.327492,50.00,57.10,100.00,0.00
2026-05-16T05:49:19.431290,66.70,70.00,100.00,12.50
2026-05-16T05:49:19.602238,93.30,100.00,100.00,38.50
2026-05-16T05:49:19.705613,66.70,70.00,75.00,33.30
2026-05-16T05:49:19.810238,77.80,80.00,66.70,22.20
2026-05-16T05:49:19.913931,66.70,62.50,70.00,12.50
2026-05-16T05:49:20.017952,70.00,80.00,75.00,0.00
2026-05-16T05:49:20.121381,77.80,77.80,70.00,25.00
2026-05-16T05:49:20.224975,62.50,72.70,71.40,22.20
2026-05-16T05:49:20.329075,66.70,77.80,72.70,25.00
2026-05-16T05:49:20.433698,80.00,75.00,75.00,12.50
2026-05-16T05:49:20.537257,70.00,81.80,80.00,14.30
2026-05-16T05:49:20.640736,75.00,77.80,75.00,12.50
2026-05-16T05:49:20.745266,77.80,77.80,70.00,25.00
2026-05-16T05:49:20.848467,80.00,80.00,80.00,0.00
2026-05-16T05:49:20.951907,66.70,80.00,70.00,14.30
2026-05-16T05:49:21.055796,75.00,80.00,77.80,12.50
2026-05-16T05:49:21.160126,72.70,80.00,75.00,25.00
2026-05-16T05:49:21.264405,75.00,80.00,75.00,25.00
2026-05-16T05:49:21.367986,66.70,66.70,66.70,12.50
2026-05-16T05:49:21.471561,70.00,75.00,70.00,14.30
2026-05-16T05:49:21.575283,77.80,70.00,75.00,12.50
2026-05-16T05:49:21.679426,80.00,88.90,77.80,14.30
2026-05-16T05:49:21.783274,70.00,80.00,72.70,33.30
2026-05-16T05:49:21.886737,75.00,80.00,75.00,22.20
2026-05-16T05:49:21.990620,75.00,77.80,75.00,14.30
2026-05-16T05:49:22.094503,72.70,80.00,70.00,0.00
2026-05-16T05:49:22.198032,75.00,72.70,80.00,25.00
2026-05-16T05:49:22.301415,70.00,75.00,70.00,12.50
2026-05-16T05:49:22.404970,66.70,72.70,66.70,14.30
2026-05-16T05:49:22.508702,70.00,77.80,75.00,12.50
2026-05-16T05:49:22.612474,66.70,77.80,70.00,12.50
2026-05-16T05:49:22.716288,75.00,81.80,77.80,25.00
2026-05-16T05:49:22.820646,80.00,77.80,75.00,14.30
2026-05-16T05:49:22.923927,75.00,80.00,80.00,22.20
2026-05-16T05:49:23.027243,72.70,66.70,62.50,14.30
2026-05-16T05:49:23.130982,66.70,80.00,77.80,0.00
2026-05-16T05:49:23.234633,75.00,77.80,70.00,25.00
2026-05-16T05:49:23.339085,72.70,77.80,77.80,30.00
2026-05-16T05:49:23.442843,75.00,66.70,70.00,14.30
2026-05-16T05:49:23.546235,66.70,77.80,75.00,12.50
2026-05-16T05:49:23.649914,72.70,77.80,70.00,12.50
2026-05-16T05:49:23.754291,71.40,70.00,77.80,33.30
2026-05-16T05:49:23.858243,72.70,77.80,72.70,0.00
2026-05-16T05:49:23.961805,77.80,80.00,71.40,12.50
2026-05-16T05:49:24.068354,62.50,66.70,70.00,25.00
2026-05-16T05:49:24.172701,70.00,75.00,62.50,12.50
2026-05-16T05:49:24.276431,75.00,75.00,80.00,22.20
2026-05-16T05:49:24.380027,77.80,77.80,77.80,0.00
2026-05-16T05:49:24.484354,62.50,77.80,66.70,22.20
2026-05-16T05:49:24.588013,70.00,71.40,77.80,14.30
2026-05-16T05:49:24.691721,80.00,81.80,66.70,25.00
2026-05-16T05:49:24.795413,62.50,80.00,77.80,12.50
2026-05-16T05:49:24.899733,77.80,70.00,66.70,14.30
2026-05-16T05:49:25.003809,70.00,75.00,66.70,22.20
2026-05-16T05:49:25.107850,77.80,80.00,75.00,14.30
2026-05-16T05:49:25.211486,70.00,66.70,77.80,12.50
2026-05-16T05:49:25.315463,66.70,66.70,57.10,22.20
2026-05-16T05:49:25.419545,62.50,80.00,72.70,22.20
2026-05-16T05:49:25.522576,62.50,70.00,66.70,0.00
2026-05-16T05:49:25.626207,70.00,66.70,66.70,14.30
2026-05-16T05:49:25.730243,75.00,80.00,75.00,12.50
2026-05-16T05:49:25.833697,70.00,70.00,66.70,22.20
2026-05-16T05:49:25.937429,80.00,77.80,80.00,14.30
2026-05-16T05:49:26.041481,66.70,80.00,70.00,0.00
2026-05-16T05:49:26.144933,75.00,80.00,75.00,0.00
2026-05-16T05:49:26.248832,66.70,66.70,71.40,22.20
2026-05-16T05:49:26.352077,77.80,77.80,72.70,14.30
2026-05-16T05:49:26.456017,62.50,77.80,66.70,12.50
2026-05-16T05:49:26.559339,70.00,80.00,75.00,12.50
2026-05-16T05:49:26.663699,71.40,70.00,66.70,0.00
2026-05-16T05:49:26.767912,80.00,81.80,81.80,40.00
2026-05-16T05:49:26.871697,70.00,77.80,75.00,14.30
2026-05-16T05:49:26.975072,77.80,80.00,75.00,12.50
2026-05-16T05:49:27.078708,80.00,80.00,75.00,25.00
2026-05-16T05:49:27.182903,66.70,75.00,70.00,12.50
2026-05-16T05:49:27.286360,77.80,80.00,77.80,14.30
2026-05-16T05:49:27.390017,72.70,70.00,66.70,25.00
2026-05-16T05:49:27.493669,80.00,77.80,80.00,12.50
2026-05-16T05:49:27.597722,77.80,80.00,71.40,0.00
2026-05-16T05:49:27.701209,75.00,81.80,80.00,22.20
2026-05-16T05:49:27.805247,80.00,77.80,66.70,0.00
2026-05-16T05:49:27.909280,70.00,80.00,80.00,22.20
2026-05-16T05:49:28.013159,80.00,70.00,66.70,0.00
2026-05-16T05:49:28.116894,70.00,80.00,77.80,22.20
2026-05-16T05:49:28.220973,77.80,81.80,77.80,14.30
2026-05-16T05:49:28.324858,77.80,75.00,70.00,33.30
2026-05-16T05:49:28.428641,77.80,80.00,77.80,0.00
2026-05-16T05:49:28.532501,66.70,77.80,71.40,14.30
2026-05-16T05:49:28.636904,75.00,77.80,70.00,22.20
2026-05-16T05:49:28.740947,70.00,80.00,80.00,12.50
2026-05-16T05:49:28.844939,80.00,80.00,70.00,0.00
2026-05-16T05:49:28.948940,62.50,70.00,75.00,14.30
2026-05-16T05:49:29.052896,70.00,80.00,66.70,12.50
2026-05-16T05:49:29.156314,80.00,66.70,77.80,22.20
2026-05-16T05:49:29.259979,77.80,80.00,71.40,14.30
2026-05-16T05:49:29.364237,66.70,80.00,66.70,12.50
2026-05-16T05:49:29.467884,70.00,77.80,70.00,22.20
2026-05-16T05:49:29.571384,77.80,70.00,70.00,14.30
2026-05-16T05:49:29.675023,70.00,77.80,75.00,12.50
2026-05-16T05:49:29.778689,77.80,72.70,80.00,12.50
2026-05-16T05:49:29.882589,75.00,77.80,66.70,25.00
2026-05-16T05:49:29.986024,72.70,77.80,77.80,22.20
2026-05-16T05:49:30.089974,66.70,72.70,66.70,25.00
2026-05-16T05:49:30.193938,80.00,88.90,75.00,12.50
2026-05-16T05:49:30.297119,66.70,66.70,77.80,0.00
2026-05-16T05:49:30.400680,75.00,72.70,70.00,22.20
2026-05-16T05:49:30.504322,66.70,77.80,62.50,0.00
2026-05-16T05:49:30.607926,77.80,81.80,80.00,14.30
2026-05-16T05:49:30.712013,72.70,66.70,77.80,22.20
2026-05-16T05:49:30.815501,75.00,80.00,70.00,0.00
2026-05-16T05:49:30.919336,80.00,77.80,80.00,12.50
2026-05-16T05:49:31.022701,66.70,77.80,77.80,14.30
2026-05-16T05:49:31.126489,72.70,80.00,66.70,12.50
2026-05-16T05:49:31.230921,75.00,77.80,75.00,25.00
2026-05-16T05:49:31.334273,66.70,80.00,66.70,22.20
2026-05-16T05:49:31.437916,77.80,70.00,75.00,12.50
2026-05-16T05:49:31.542006,70.00,81.80,72.70,0.00
2026-05-16T05:49:31.645462,77.80,77.80,75.00,22.20
2026-05-16T05:49:31.749716,77.80,81.80,80.00,25.00
2026-05-16T05:49:31.853241,70.00,75.00,70.00,12.50
2026-05-16T05:49:31.956547,75.00,81.80,70.00,14.30
2026-05-16T05:49:32.060459,70.00,66.70,71.40,0.00
2026-05-16T05:49:32.164648,66.70,87.50,70.00,14.30
2026-05-16T05:49:32.267992,80.00,70.00,66.70,30.00
2026-05-16T05:49:32.371373,66.70,70.00,75.00,12.50
2026-05-16T05:49:32.475377,70.00,77.80,66.70,14.30
2026-05-16T05:49:32.578861,77.80,77.80,77.80,0.00
2026-05-16T05:49:32.682216,66.70,80.00,70.00,14.30
2026-05-16T05:49:32.785930,80.00,66.70,66.70,22.20
2026-05-16T05:49:32.889736,57.10,80.00,77.80,12.50
2026-05-16T05:49:32.993549,75.00,77.80,77.80,14.30
2026-05-16T05:49:33.097904,72.70,80.00,80.00,14.30
2026-05-16T05:49:33.201267,71.40,72.70,70.00,30.00
2026-05-16T05:49:33.305042,66.70,75.00,62.50,25.00
2026-05-16T05:49:33.409589,66.70,77.80,75.00,12.50
2026-05-16T05:49:33.513261,77.80,80.00,77.80,0.00
2026-05-16T05:49:33.617376,66.70,80.00,70.00,22.20
2026-05-16T05:49:33.721269,75.00,70.00,66.70,22.20
2026-05-16T05:49:33.824811,62.50,75.00,77.80,0.00
2026-05-16T05:49:33.928132,66.70,70.00,66.70,12.50
2026-05-16T05:49:34.032272,70.00,66.70,62.50,12.50
2026-05-16T05:49:34.135938,75.00,77.80,77.80,22.20
2026-05-16T05:49:34.239738,70.00,80.00,77.80,14.30
2026-05-16T05:49:34.343240,66.70,80.00,66.70,0.00
2026-05-16T05:49:34.445827,50.00,37.50,50.00,0.00
2026-05-16T05:49:34.548084,0.00,0.00,0.00,0.00
2026-05-16T05:49:34.650494,0.00,11.10,0.00,0.00
2026-05-16T05:49:34.752748,0.00,0.00,11.10,0.00
2026-05-16T05:49:34.855480,11.10,0.00,0.00,10.00
2026-05-16T05:49:34.957694,11.10,0.00,0.00,0.00
2026-05-16T05:49:35.059948,11.10,0.00,0.00,0.00
2026-05-16T05:49:35.162332,0.00,11.10,0.00,0.00
2026-05-16T05:49:35.264750,12.50,11.10,20.00,0.00
2026-05-16T05:49:35.367013,0.00,12.50,0.00,0.00
2026-05-16T05:49:35.469344,11.10,0.00,12.50,9.10
2026-05-16T05:49:35.571452,0.00,0.00,0.00,0.00
2026-05-16T05:49:35.673498,11.10,20.00,0.00,10.00
2026-05-16T05:49:35.775684,0.00,0.00,11.10,10.00
2026-05-16T05:49:35.877858,0.00,0.00,0.00,0.00
2026-05-16T05:49:35.980055,0.00,0.00,0.00,0.00
2026-05-16T05:49:36.082504,11.10,11.10,0.00,0.00
2026-05-16T05:49:36.184683,11.10,0.00,0.00,0.00
2026-05-16T05:49:36.286895,0.00,11.10,0.00,0.00
2026-05-16T05:49:36.389356,0.00,0.00,0.00,0.00
2026-05-16T05:49:36.549544,8.30,15.40,40.00,14.30
2026-05-16T05:49:36.651985,22.20,0.00,100.00,10.00
2026-05-16T05:49:36.754612,25.00,25.00,100.00,0.00
2026-05-16T05:49:36.857079,0.00,12.50,100.00,0.00
2026-05-16T05:49:36.959721,12.50,22.20,100.00,0.00
2026-05-16T05:49:37.062313,0.00,0.00,100.00,0.00
2026-05-16T05:49:37.164779,20.00,12.50,100.00,10.00
2026-05-16T05:49:37.267274,12.50,0.00,100.00,10.00
2026-05-16T05:49:37.369472,12.50,0.00,100.00,0.00
2026-05-16T05:49:37.471610,12.50,22.20,100.00,0.00
2026-05-16T05:49:37.574325,11.10,12.50,100.00,0.00
2026-05-16T05:49:37.676666,12.50,0.00,100.00,10.00
2026-05-16T05:49:37.779326,0.00,0.00,100.00,0.00
2026-05-16T05:49:37.881599,12.50,0.00,100.00,0.00
2026-05-16T05:49:37.983940,12.50,12.50,100.00,0.00
2026-05-16T05:49:38.086381,0.00,0.00,100.00,0.00
2026-05-16T05:49:38.188711,22.20,22.20,100.00,0.00
2026-05-16T05:49:38.291470,0.00,0.00,100.00,10.00
2026-05-16T05:49:38.393531,20.00,22.20,100.00,0.00
2026-05-16T05:49:38.495698,0.00,0.00,100.00,0.00
2026-05-16T05:49:38.597957,12.50,22.20,100.00,0.00
2026-05-16T05:49:38.700344,0.00,0.00,100.00,0.00
2026-05-16T05:49:38.802684,22.20,0.00,100.00,0.00
2026-05-16T05:49:38.904950,0.00,22.20,100.00,0.00
2026-05-16T05:49:39.007386,12.50,12.50,100.00,0.00
2026-05-16T05:49:39.109527,12.50,0.00,100.00,0.00
2026-05-16T05:49:39.211804,12.50,0.00,100.00,10.00
2026-05-16T05:49:39.314225,0.00,12.50,100.00,0.00
2026-05-16T05:49:39.416643,20.00,12.50,100.00,0.00
2026-05-16T05:49:39.519235,12.50,22.20,100.00,0.00
2026-05-16T05:49:39.621741,11.10,0.00,100.00,0.00
2026-05-16T05:49:39.724342,12.50,22.20,100.00,0.00
2026-05-16T05:49:39.826915,0.00,0.00,100.00,10.00
2026-05-16T05:49:39.929518,20.00,12.50,100.00,0.00
2026-05-16T05:49:40.031921,0.00,12.50,100.00,0.00
2026-05-16T05:49:40.134012,0.00,0.00,100.00,0.00
2026-05-16T05:49:40.236477,22.20,0.00,100.00,0.00
2026-05-16T05:49:40.338740,0.00,12.50,100.00,0.00
2026-05-16T05:49:40.441645,30.00,12.50,100.00,25.00
2026-05-16T05:49:40.544349,0.00,12.50,100.00,0.00
2026-05-16T05:49:40.646901,11.10,0.00,100.00,0.00
2026-05-16T05:49:40.749619,12.50,11.10,100.00,0.00
2026-05-16T05:49:40.852036,0.00,12.50,100.00,0.00
2026-05-16T05:49:40.954557,22.20,0.00,100.00,0.00
2026-05-16T05:49:41.057418,11.10,12.50,100.00,0.00
2026-05-16T05:49:41.159968,12.50,0.00,100.00,0.00
2026-05-16T05:49:41.262809,22.20,20.00,100.00,10.00
2026-05-16T05:49:41.365440,12.50,0.00,100.00,0.00
2026-05-16T05:49:41.467948,11.10,0.00,100.00,0.00
2026-05-16T05:49:41.570395,12.50,22.20,100.00,0.00
2026-05-16T05:49:41.672922,12.50,0.00,100.00,0.00
2026-05-16T05:49:41.775327,12.50,12.50,100.00,0.00
2026-05-16T05:49:41.877648,0.00,0.00,100.00,0.00
2026-05-16T05:49:41.979809,12.50,12.50,100.00,10.00
2026-05-16T05:49:42.081995,22.20,0.00,100.00,0.00
2026-05-16T05:49:42.184377,0.00,11.10,100.00,0.00
2026-05-16T05:49:42.286943,22.20,12.50,100.00,10.00
2026-05-16T05:49:42.389638,0.00,12.50,100.00,0.00
2026-05-16T05:49:42.491889,12.50,12.50,100.00,0.00
2026-05-16T05:49:42.594248,22.20,12.50,100.00,0.00
2026-05-16T05:49:42.696628,11.10,0.00,100.00,0.00
2026-05-16T05:49:42.799086,0.00,12.50,100.00,0.00
2026-05-16T05:49:42.902115,12.50,0.00,100.00,0.00
2026-05-16T05:49:43.004858,22.20,25.00,100.00,10.00
2026-05-16T05:49:43.107455,12.50,0.00,100.00,0.00
2026-05-16T05:49:43.210013,12.50,12.50,100.00,0.00
2026-05-16T05:49:43.312325,12.50,22.20,100.00,0.00
2026-05-16T05:49:43.414895,0.00,0.00,100.00,0.00
2026-05-16T05:49:43.517724,22.20,0.00,100.00,0.00
2026-05-16T05:49:43.620150,12.50,12.50,100.00,0.00
2026-05-16T05:49:43.722438,0.00,11.10,100.00,10.00
2026-05-16T05:49:43.825015,12.50,0.00,100.00,0.00
2026-05-16T05:49:43.927679,0.00,0.00,100.00,0.00
2026-05-16T05:49:44.030339,22.20,12.50,100.00,10.00
2026-05-16T05:49:44.133072,12.50,12.50,100.00,0.00
2026-05-16T05:49:44.235343,0.00,12.50,100.00,0.00
2026-05-16T05:49:44.338113,22.20,11.10,100.00,10.00
2026-05-16T05:49:44.440521,12.50,0.00,100.00,0.00
2026-05-16T05:49:44.543057,11.10,12.50,100.00,0.00
2026-05-16T05:49:44.645626,12.50,0.00,100.00,0.00
2026-05-16T05:49:44.747980,12.50,12.50,100.00,0.00
2026-05-16T05:49:44.850015,11.10,0.00,100.00,0.00
2026-05-16T05:49:44.952307,12.50,12.50,100.00,10.00
2026-05-16T05:49:45.054904,11.10,12.50,100.00,0.00
2026-05-16T05:49:45.157534,0.00,12.50,100.00,0.00
2026-05-16T05:49:45.260028,22.20,0.00,100.00,0.00
2026-05-16T05:49:45.362236,22.20,0.00,100.00,0.00
2026-05-16T05:49:45.464719,0.00,12.50,100.00,10.00
2026-05-16T05:49:45.567287,0.00,11.10,100.00,0.00
2026-05-16T05:49:45.669739,0.00,12.50,100.00,0.00
2026-05-16T05:49:45.772062,11.10,0.00,100.00,10.00
2026-05-16T05:49:45.874971,22.20,12.50,100.00,9.10
2026-05-16T05:49:45.977376,12.50,0.00,100.00,0.00
2026-05-16T05:49:46.079615,12.50,12.50,100.00,0.00
2026-05-16T05:49:46.182189,0.00,0.00,100.00,0.00
2026-05-16T05:49:46.284888,22.20,12.50,100.00,10.00
2026-05-16T05:49:46.387680,0.00,11.10,100.00,0.00
2026-05-16T05:49:46.489839,0.00,0.00,100.00,0.00
2026-05-16T05:49:46.592071,12.50,12.50,100.00,0.00
2026-05-16T05:49:46.694449,12.50,12.50,100.00,0.00
2026-05-16T05:49:46.796568,12.50,0.00,100.00,20.00
2026-05-16T05:49:46.898854,12.50,0.00,100.00,0.00
2026-05-16T05:49:47.001086,22.20,22.20,100.00,0.00
2026-05-16T05:49:47.103684,0.00,12.50,100.00,0.00
2026-05-16T05:49:47.206417,12.50,0.00,100.00,0.00
2026-05-16T05:49:47.309026,11.10,12.50,100.00,0.00
2026-05-16T05:49:47.411664,12.50,0.00,100.00,10.00
2026-05-16T05:49:47.513936,12.50,0.00,100.00,0.00
2026-05-16T05:49:47.616439,0.00,0.00,100.00,0.00
2026-05-16T05:49:47.718946,12.50,22.20,100.00,0.00
2026-05-16T05:49:47.821648,20.00,12.50,100.00,0.00
2026-05-16T05:49:47.924215,12.50,0.00,100.00,0.00
2026-05-16T05:49:48.026888,12.50,11.10,100.00,0.00
2026-05-16T05:49:48.129543,0.00,0.00,100.00,10.00
2026-05-16T05:49:48.231895,12.50,12.50,100.00,10.00
2026-05-16T05:49:48.334283,20.00,12.50,100.00,0.00
2026-05-16T05:49:48.436873,0.00,0.00,100.00,0.00
2026-05-16T05:49:48.539317,12.50,0.00,100.00,0.00
2026-05-16T05:49:48.641933,22.20,12.50,100.00,0.00
2026-05-16T05:49:48.744776,12.50,0.00,100.00,10.00
2026-05-16T05:49:48.847642,12.50,22.20,100.00,0.00
2026-05-16T05:49:48.949999,12.50,0.00,100.00,10.00
2026-05-16T05:49:49.052360,12.50,0.00,100.00,0.00
2026-05-16T05:49:49.155049,11.10,0.00,100.00,0.00
2026-05-16T05:49:49.257498,12.50,12.50,100.00,10.00
2026-05-16T05:49:49.359995,12.50,0.00,100.00,0.00
2026-05-16T05:49:49.463649,60.00,66.70,100.00,0.00
2026-05-16T05:49:49.567241,88.90,88.90,100.00,0.00
2026-05-16T05:49:49.670931,88.90,90.00,100.00,12.50
2026-05-16T05:49:49.774644,88.90,80.00,100.00,12.50
2026-05-16T05:49:49.877860,81.80,90.00,100.00,12.50
2026-05-16T05:49:49.981271,88.90,85.70,100.00,12.50
2026-05-16T05:49:50.085800,90.00,91.70,100.00,12.50
2026-05-16T05:49:50.189199,88.90,81.80,100.00,22.20
2026-05-16T05:49:50.292960,80.00,88.90,100.00,12.50
2026-05-16T05:49:50.396575,88.90,88.90,100.00,22.20
2026-05-16T05:49:50.500074,80.00,80.00,100.00,12.50
2026-05-16T05:49:50.604718,88.90,88.90,100.00,12.50
2026-05-16T05:49:50.708433,100.00,88.90,100.00,22.20
2026-05-16T05:49:50.811821,80.00,87.50,100.00,12.50
2026-05-16T05:49:50.915842,88.90,80.00,100.00,22.20
2026-05-16T05:49:51.018846,90.00,90.90,100.00,14.30
2026-05-16T05:49:51.122413,88.90,88.90,100.00,11.10
2026-05-16T05:49:51.228369,80.00,81.80,100.00,22.20
2026-05-16T05:49:51.332052,80.00,75.00,100.00,12.50
2026-05-16T05:49:51.435855,88.90,90.90,100.00,12.50
2026-05-16T05:49:51.539505,90.00,90.00,100.00,12.50
2026-05-16T05:49:51.642898,88.90,90.00,100.00,12.50
2026-05-16T05:49:51.746647,90.90,88.90,100.00,25.00
2026-05-16T05:49:51.851643,90.00,90.00,100.00,33.30
2026-05-16T05:49:51.954937,90.90,88.90,100.00,0.00
2026-05-16T05:49:52.058930,88.90,90.00,100.00,12.50
2026-05-16T05:49:52.162513,90.00,88.90,100.00,12.50
2026-05-16T05:49:52.265927,88.90,90.00,100.00,22.20
2026-05-16T05:49:52.369487,90.00,90.00,100.00,0.00
2026-05-16T05:49:52.472924,80.00,80.00,100.00,12.50
2026-05-16T05:49:52.576605,88.90,90.00,100.00,0.00
2026-05-16T05:49:52.680102,90.00,88.90,100.00,22.20
2026-05-16T05:49:52.783837,90.90,80.00,100.00,12.50
2026-05-16T05:49:52.887725,88.90,90.00,100.00,12.50
2026-05-16T05:49:52.991894,90.00,88.90,100.00,12.50
2026-05-16T05:49:53.095990,88.90,90.90,100.00,14.30
2026-05-16T05:49:53.199919,90.90,88.90,100.00,12.50
2026-05-16T05:49:53.303472,87.50,90.90,100.00,12.50
2026-05-16T05:49:53.407045,81.80,77.80,100.00,22.20
2026-05-16T05:49:53.510384,87.50,87.50,100.00,12.50
2026-05-16T05:49:53.613885,81.80,81.80,100.00,12.50
2026-05-16T05:49:53.717882,90.00,88.90,100.00,12.50
2026-05-16T05:49:53.821644,90.00,81.80,100.00,12.50
2026-05-16T05:49:53.925604,90.00,90.00,100.00,12.50
2026-05-16T05:49:54.029524,88.90,90.00,100.00,12.50
2026-05-16T05:49:54.195777,87.50,92.90,94.10,38.50
2026-05-16T05:49:54.298855,62.50,70.00,57.10,12.50
2026-05-16T05:49:54.402088,63.60,55.60,70.00,12.50
2026-05-16T05:49:54.505073,62.50,70.00,55.60,11.10
2026-05-16T05:49:54.608749,70.00,57.10,62.50,12.50
2026-05-16T05:49:54.711996,50.00,66.70,66.70,12.50
2026-05-16T05:49:54.816440,60.00,66.70,57.10,33.30
2026-05-16T05:49:54.920685,62.50,66.70,66.70,12.50
2026-05-16T05:49:55.023653,57.10,66.70,62.50,12.50
2026-05-16T05:49:55.127072,66.70,57.10,66.70,12.50
2026-05-16T05:49:55.230598,50.00,70.00,60.00,22.20
2026-05-16T05:49:55.334516,62.50,66.70,62.50,12.50
2026-05-16T05:49:55.437754,55.60,66.70,57.10,12.50
2026-05-16T05:49:55.541665,62.50,70.00,60.00,22.20
2026-05-16T05:49:55.644959,66.70,62.50,66.70,14.30
2026-05-16T05:49:55.748486,55.60,66.70,62.50,12.50
2026-05-16T05:49:55.851892,62.50,60.00,60.00,11.10
2026-05-16T05:49:55.955672,66.70,62.50,62.50,14.30
2026-05-16T05:49:56.059441,60.00,70.00,66.70,12.50
2026-05-16T05:49:56.163021,62.50,66.70,66.70,12.50
2026-05-16T05:49:56.267443,62.50,70.00,66.70,22.20
2026-05-16T05:49:56.370660,55.60,66.70,62.50,12.50
2026-05-16T05:49:56.473983,66.70,66.70,55.60,0.00
2026-05-16T05:49:56.577407,62.50,66.70,66.70,12.50
2026-05-16T05:49:56.681655,55.60,55.60,62.50,20.00
2026-05-16T05:49:56.786094,66.70,66.70,60.00,25.00
2026-05-16T05:49:56.889591,62.50,66.70,57.10,12.50
2026-05-16T05:49:56.993014,60.00,66.70,62.50,0.00
2026-05-16T05:49:57.096470,62.50,62.50,66.70,22.20
2026-05-16T05:49:57.199447,60.00,60.00,66.70,0.00
2026-05-16T05:49:57.303249,66.70,70.00,60.00,25.00
2026-05-16T05:49:57.406992,66.70,66.70,62.50,22.20
2026-05-16T05:49:57.510298,50.00,70.00,66.70,0.00
2026-05-16T05:49:57.614021,70.00,62.50,55.60,12.50
2026-05-16T05:49:57.718057,57.10,70.00,66.70,12.50
2026-05-16T05:49:57.821931,66.70,66.70,66.70,22.20
2026-05-16T05:49:57.925743,55.60,50.00,66.70,0.00
2026-05-16T05:49:58.028978,66.70,70.00,50.00,22.20
2026-05-16T05:49:58.132624,50.00,66.70,60.00,12.50
2026-05-16T05:49:58.236243,70.00,70.00,62.50,12.50
2026-05-16T05:49:58.339696,62.50,62.50,62.50,0.00
2026-05-16T05:49:58.442979,66.70,72.70,66.70,22.20
2026-05-16T05:49:58.546343,62.50,57.10,55.60,0.00
2026-05-16T05:49:58.650006,55.60,70.00,62.50,25.00
2026-05-16T05:49:58.753639,62.50,66.70,55.60,12.50
2026-05-16T05:49:58.857359,66.70,57.10,57.10,12.50
2026-05-16T05:49:58.960534,55.60,66.70,62.50,12.50
2026-05-16T05:49:59.063890,66.70,70.00,60.00,30.00
2026-05-16T05:49:59.167657,57.10,50.00,62.50,0.00
2026-05-16T05:49:59.270980,60.00,70.00,66.70,14.30
2026-05-16T05:49:59.374328,62.50,62.50,55.60,12.50
2026-05-16T05:49:59.477977,70.00,70.00,62.50,20.00
2026-05-16T05:49:59.581691,57.10,62.50,55.60,14.30
2026-05-16T05:49:59.684979,60.00,66.70,62.50,12.50
2026-05-16T05:49:59.788481,66.70,66.70,60.00,12.50
2026-05-16T05:49:59.891330,66.70,60.00,57.10,22.20
2026-05-16T05:49:59.994996,50.00,70.00,66.70,0.00
2026-05-16T05:50:00.099182,62.50,75.00,60.00,12.50
2026-05-16T05:50:00.202333,66.70,62.50,62.50,14.30
2026-05-16T05:50:00.306024,66.70,72.70,62.50,22.20
2026-05-16T05:50:00.410273,57.10,66.70,62.50,22.20
2026-05-16T05:50:00.513341,66.70,60.00,66.70,12.50
2026-05-16T05:50:00.616909,66.70,75.00,66.70,14.30
2026-05-16T05:50:00.719923,60.00,66.70,55.60,22.20
2026-05-16T05:50:00.823437,70.00,60.00,66.70,12.50
2026-05-16T05:50:00.927480,62.50,70.00,62.50,0.00
2026-05-16T05:50:01.031250,70.00,66.70,66.70,22.20
2026-05-16T05:50:01.134919,66.70,62.50,55.60,12.50
2026-05-16T05:50:01.238519,60.00,70.00,70.00,25.00
2026-05-16T05:50:01.342063,57.10,66.70,57.10,12.50
2026-05-16T05:50:01.445737,62.50,62.50,57.10,0.00
2026-05-16T05:50:01.549025,60.00,70.00,55.60,12.50
2026-05-16T05:50:01.652721,62.50,70.00,57.10,0.00
2026-05-16T05:50:01.757272,62.50,66.70,70.00,22.20
2026-05-16T05:50:01.860992,60.00,66.70,62.50,0.00
2026-05-16T05:50:01.964377,62.50,66.70,50.00,11.10
2026-05-16T05:50:02.068088,66.70,55.60,66.70,22.20
2026-05-16T05:50:02.171697,60.00,66.70,55.60,0.00
2026-05-16T05:50:02.275994,62.50,66.70,70.00,22.20
2026-05-16T05:50:02.379155,62.50,75.00,62.50,0.00
2026-05-16T05:50:02.482660,66.70,70.00,66.70,14.30
2026-05-16T05:50:02.586231,70.00,66.70,57.10,22.20
2026-05-16T05:50:02.689785,57.10,66.70,55.60,12.50
2026-05-16T05:50:02.793008,50.00,66.70,62.50,12.50
2026-05-16T05:50:02.896613,66.70,66.70,57.10,0.00
2026-05-16T05:50:03.000691,62.50,66.70,50.00,12.50
2026-05-16T05:50:03.103951,60.00,60.00,57.10,12.50
2026-05-16T05:50:03.207598,57.10,62.50,55.60,12.50
2026-05-16T05:50:03.311292,60.00,70.00,66.70,30.00
2026-05-16T05:50:03.414982,66.70,62.50,57.10,0.00
2026-05-16T05:50:03.518308,60.00,60.00,55.60,12.50
2026-05-16T05:50:03.622242,57.10,66.70,55.60,12.50
2026-05-16T05:50:03.725437,66.70,66.70,62.50,22.20
2026-05-16T05:50:03.828755,60.00,62.50,66.70,0.00
2026-05-16T05:50:03.932301,62.50,63.60,50.00,12.50
2026-05-16T05:50:04.035646,60.00,62.50,62.50,0.00
2026-05-16T05:50:04.139472,57.10,70.00,60.00,12.50
2026-05-16T05:50:04.242520,60.00,66.70,66.70,22.20
2026-05-16T05:50:04.346284,62.50,66.70,57.10,12.50
2026-05-16T05:50:04.449877,50.00,60.00,55.60,12.50
2026-05-16T05:50:04.553335,66.70,66.70,55.60,12.50
2026-05-16T05:50:04.656707,50.00,55.60,57.10,11.10
2026-05-16T05:50:04.760269,55.60,62.50,60.00,12.50
2026-05-16T05:50:04.863352,60.00,50.00,66.70,12.50
2026-05-16T05:50:04.966963,62.50,70.00,55.60,22.20
2026-05-16T05:50:05.070227,60.00,55.60,50.00,0.00
2026-05-16T05:50:05.173413,55.60,62.50,57.10,12.50
2026-05-16T05:50:05.276843,62.50,55.60,55.60,22.20
2026-05-16T05:50:05.380869,55.60,62.50,50.00,12.50
2026-05-16T05:50:05.484209,60.00,60.00,62.50,12.50
2026-05-16T05:50:05.587789,62.50,57.10,50.00,22.20
2026-05-16T05:50:05.691010,50.00,50.00,60.00,0.00
2026-05-16T05:50:05.794177,60.00,60.00,42.90,12.50
2026-05-16T05:50:05.897724,50.00,62.50,66.70,12.50
2026-05-16T05:50:06.000728,66.70,50.00,50.00,0.00
2026-05-16T05:50:06.104912,55.60,60.00,50.00,12.50
2026-05-16T05:50:06.208098,60.00,57.10,66.70,12.50
2026-05-16T05:50:06.311739,57.10,62.50,50.00,12.50
2026-05-16T05:50:06.415977,60.00,55.60,66.70,12.50
2026-05-16T05:50:06.519701,57.10,57.10,50.00,0.00
2026-05-16T05:50:06.622902,50.00,63.60,66.70,11.10
2026-05-16T05:50:06.726552,55.60,62.50,50.00,22.20
2026-05-16T05:50:06.829864,66.70,60.00,50.00,37.50
2026-05-16T05:50:06.933233,62.50,62.50,57.10,0.00
2026-05-16T05:50:07.036966,55.60,63.60,60.00,12.50
2026-05-16T05:50:07.140373,55.60,50.00,57.10,12.50
2026-05-16T05:50:07.243565,50.00,55.60,55.60,22.20
2026-05-16T05:50:07.346752,55.60,60.00,60.00,12.50
2026-05-16T05:50:07.450455,62.50,55.60,50.00,0.00
2026-05-16T05:50:07.554280,60.00,66.70,57.10,22.20
2026-05-16T05:50:07.657750,50.00,50.00,60.00,11.10
2026-05-16T05:50:07.761065,62.50,55.60,50.00,12.50
2026-05-16T05:50:07.865912,62.50,66.70,66.70,25.00
2026-05-16T05:50:07.969417,55.60,66.70,62.50,12.50
2026-05-16T05:50:08.073023,62.50,66.70,55.60,22.20
2026-05-16T05:50:08.176440,55.60,50.00,62.50,12.50
2026-05-16T05:50:08.280961,55.60,70.00,55.60,12.50
2026-05-16T05:50:08.385022,66.70,55.60,50.00,22.20
2026-05-16T05:50:08.487948,55.60,57.10,57.10,0.00
2026-05-16T05:50:08.591266,55.60,60.00,55.60,12.50
2026-05-16T05:50:08.694916,50.00,55.60,33.30,11.10
2026-05-16T05:50:08.798400,62.50,62.50,60.00,22.20
2026-05-16T05:50:08.902259,50.00,60.00,55.60,0.00
2026-05-16T05:50:09.005391,55.60,55.60,42.90,12.50
2026-05-16T05:50:09.108935,55.60,70.00,66.70,12.50
2026-05-16T05:50:09.212561,70.00,55.60,50.00,0.00
2026-05-16T05:50:09.315691,42.90,66.70,55.60,22.20
2026-05-16T05:50:09.418789,60.00,50.00,62.50,0.00
2026-05-16T05:50:09.522819,66.70,70.00,55.60,12.50
2026-05-16T05:50:09.625936,50.00,62.50,60.00,11.10
2026-05-16T05:50:09.729411,62.50,55.60,57.10,22.20
2026-05-16T05:50:09.832665,50.00,55.60,55.60,0.00
2026-05-16T05:50:09.935846,55.60,62.50,50.00,0.00
2026-05-16T05:50:10.039383,62.50,63.60,62.50,22.20
2026-05-16T05:50:10.143042,55.60,57.10,50.00,12.50
2026-05-16T05:50:10.246603,55.60,63.60,57.10,11.10
2026-05-16T05:50:10.350447,55.60,62.50,55.60,12.50
2026-05-16T05:50:10.454512,62.50,60.00,55.60,22.20
2026-05-16T05:50:10.557838,42.90,55.60,55.60,12.50
2026-05-16T05:50:10.661296,63.60,62.50,50.00,0.00
2026-05-16T05:50:10.764791,62.50,55.60,66.70,12.50
2026-05-16T05:50:10.867858,55.60,55.60,55.60,12.50
2026-05-16T05:50:10.971339,66.70,70.00,62.50,11.10
2026-05-16T05:50:11.075334,50.00,62.50,55.60,14.30
2026-05-16T05:50:11.179040,66.70,55.60,60.00,11.10
2026-05-16T05:50:11.282814,55.60,66.70,62.50,14.30
2026-05-16T05:50:11.386056,55.60,55.60,42.90,0.00
2026-05-16T05:50:11.489425,62.50,66.70,55.60,11.10
2026-05-16T05:50:11.593049,55.60,50.00,66.70,12.50
2026-05-16T05:50:11.696577,57.10,62.50,42.90,12.50
2026-05-16T05:50:11.799742,55.60,66.70,57.10,12.50
2026-05-16T05:50:11.903070,50.00,63.60,55.60,12.50
2026-05-16T05:50:12.006751,62.50,57.10,50.00,0.00
2026-05-16T05:50:12.110232,50.00,60.00,62.50,22.20
2026-05-16T05:50:12.213084,55.60,57.10,55.60,12.50
2026-05-16T05:50:12.317039,57.10,55.60,70.00,0.00
2026-05-16T05:50:12.419995,60.00,66.70,42.90,20.00
2026-05-16T05:50:12.523624,42.90,50.00,55.60,0.00
2026-05-16T05:50:12.627560,60.00,66.70,55.60,12.50
2026-05-16T05:50:12.731254,62.50,60.00,62.50,0.00
2026-05-16T05:50:12.834582,55.60,62.50,55.60,12.50
2026-05-16T05:50:12.938757,62.50,60.00,57.10,22.20
2026-05-16T05:50:13.042384,60.00,62.50,55.60,0.00
2026-05-16T05:50:13.145566,50.00,55.60,55.60,12.50
2026-05-16T05:50:13.248627,55.60,60.00,55.60,12.50
2026-05-16T05:50:13.351929,62.50,57.10,57.10,12.50
2026-05-16T05:50:13.455302,55.60,55.60,50.00,0.00
2026-05-16T05:50:13.558952,50.00,60.00,55.60,0.00
2026-05-16T05:50:13.662034,55.60,62.50,50.00,22.20
2026-05-16T05:50:13.765302,62.50,50.00,62.50,12.50
2026-05-16T05:50:13.868726,50.00,55.60,42.90,0.00
2026-05-16T05:50:13.971991,50.00,62.50,60.00,11.10
2026-05-16T05:50:14.075733,60.00,63.60,55.60,12.50
2026-05-16T05:50:14.179303,62.50,62.50,57.10,12.50
2026-05-16T05:50:14.282740,42.90,55.60,55.60,22.20
2026-05-16T05:50:14.386380,70.00,55.60,50.00,12.50
2026-05-16T05:50:14.489732,42.90,62.50,55.60,0.00
2026-05-16T05:50:14.593332,50.00,55.60,50.00,22.20
2026-05-16T05:50:14.696932,50.00,55.60,60.00,0.00
2026-05-16T05:50:14.800087,55.60,55.60,50.00,12.50
2026-05-16T05:50:14.903732,50.00,57.10,63.60,0.00
2026-05-16T05:50:15.006964,60.00,63.60,42.90,12.50
2026-05-16T05:50:15.110683,62.50,57.10,62.50,12.50
2026-05-16T05:50:15.214251,55.60,60.00,55.60,12.50
2026-05-16T05:50:15.317515,57.10,57.10,62.50,40.00
2026-05-16T05:50:15.420859,50.00,60.00,55.60,0.00
2026-05-16T05:50:15.524248,63.60,55.60,50.00,12.50
2026-05-16T05:50:15.627510,55.60,57.10,55.60,12.50
2026-05-16T05:50:15.731686,62.50,60.00,57.10,30.00
2026-05-16T05:50:15.835244,50.00,66.70,66.70,0.00
2026-05-16T05:50:15.939103,50.00,55.60,55.60,12.50
2026-05-16T05:50:16.042706,60.00,66.70,50.00,0.00
2026-05-16T05:50:16.145928,62.50,50.00,66.70,22.20
2026-05-16T05:50:16.249314,50.00,66.70,50.00,12.50
2026-05-16T05:50:16.353186,60.00,60.00,70.00,0.00
2026-05-16T05:50:16.456888,62.50,66.70,50.00,12.50
2026-05-16T05:50:16.560095,55.60,55.60,62.50,22.20
2026-05-16T05:50:16.663930,50.00,62.50,55.60,0.00
2026-05-16T05:50:16.767738,57.10,60.00,55.60,12.50
2026-05-16T05:50:16.871062,70.00,62.50,62.50,33.30
2026-05-16T05:50:16.974363,55.60,55.60,62.50,12.50
2026-05-16T05:50:17.077022,50.00,55.60,50.00,0.00
2026-05-16T05:50:17.180317,55.60,62.50,50.00,22.20
2026-05-16T05:50:17.283697,50.00,50.00,55.60,22.20
2026-05-16T05:50:17.387015,62.50,66.70,42.90,0.00
2026-05-16T05:50:17.490475,55.60,50.00,66.70,0.00
2026-05-16T05:50:17.593927,60.00,66.70,55.60,12.50
2026-05-16T05:50:17.697253,55.60,55.60,50.00,20.00
2026-05-16T05:50:17.800665,57.10,60.00,60.00,12.50
2026-05-16T05:50:17.904508,50.00,66.70,62.50,12.50
2026-05-16T05:50:18.007904,50.00,66.70,50.00,12.50
2026-05-16T05:50:18.111648,62.50,60.00,62.50,12.50
2026-05-16T05:50:18.214879,50.00,50.00,50.00,12.50
2026-05-16T05:50:18.318080,55.60,66.70,50.00,12.50
2026-05-16T05:50:18.421087,62.50,55.60,62.50,12.50
2026-05-16T05:50:18.524755,60.00,62.50,55.60,11.10
2026-05-16T05:50:18.628266,50.00,60.00,62.50,0.00
2026-05-16T05:50:18.731610,62.50,62.50,55.60,22.20
2026-05-16T05:50:18.834596,50.00,55.60,50.00,12.50
2026-05-16T05:50:18.938036,55.60,66.70,62.50,12.50
2026-05-16T05:50:19.041010,57.10,50.00,60.00,0.00
2026-05-16T05:50:19.144365,55.60,66.70,55.60,30.00
2026-05-16T05:50:19.248369,62.50,55.60,62.50,12.50
2026-05-16T05:50:19.351804,60.00,66.70,57.10,25.00
2026-05-16T05:50:19.455247,66.70,70.00,70.00,0.00
2026-05-16T05:50:19.558591,77.80,75.00,66.70,22.20
2026-05-16T05:50:19.662252,70.00,70.00,66.70,14.30
2026-05-16T05:50:19.765524,66.70,80.00,72.70,12.50
2026-05-16T05:50:19.869480,77.80,77.80,75.00,14.30
2026-05-16T05:50:19.973357,66.70,80.00,62.50,22.20
2026-05-16T05:50:20.077682,66.70,62.50,70.00,25.00
2026-05-16T05:50:20.181605,62.50,70.00,62.50,0.00
2026-05-16T05:50:20.285532,77.80,77.80,77.80,12.50
2026-05-16T05:50:20.389229,72.70,77.80,66.70,14.30
2026-05-16T05:50:20.492904,62.50,72.70,66.70,0.00
2026-05-16T05:50:20.596443,70.00,75.00,71.40,14.30
2026-05-16T05:50:20.700345,71.40,80.00,70.00,22.20
2026-05-16T05:50:20.803787,70.00,66.70,62.50,0.00
2026-05-16T05:50:20.907361,66.70,66.70,66.70,12.50
2026-05-16T05:50:21.011308,66.70,70.00,77.80,12.50
2026-05-16T05:50:21.114795,71.40,77.80,62.50,25.00
2026-05-16T05:50:21.218578,66.70,66.70,77.80,12.50
2026-05-16T05:50:21.323522,72.70,81.80,66.70,14.30
2026-05-16T05:50:21.426820,77.80,77.80,77.80,12.50
2026-05-16T05:50:21.530686,66.70,77.80,70.00,25.00
2026-05-16T05:50:21.634581,66.70,72.70,62.50,12.50
2026-05-16T05:50:21.737965,75.00,70.00,80.00,12.50
2026-05-16T05:50:21.841904,66.70,77.80,66.70,25.00
2026-05-16T05:50:21.945630,70.00,77.80,72.70,0.00
2026-05-16T05:50:22.049077,57.10,70.00,57.10,22.20
2026-05-16T05:50:22.152720,72.70,70.00,70.00,12.50
2026-05-16T05:50:22.256522,77.80,77.80,66.70,14.30
2026-05-16T05:50:22.359991,57.10,70.00,75.00,12.50
2026-05-16T05:50:22.463844,66.70,66.70,62.50,30.00
2026-05-16T05:50:22.567976,70.00,75.00,66.70,0.00
2026-05-16T05:50:22.671503,62.50,70.00,62.50,14.30
2026-05-16T05:50:22.774724,66.70,70.00,66.70,22.20
2026-05-16T05:50:22.878046,66.70,75.00,63.60,12.50
2026-05-16T05:50:22.982848,70.00,72.70,75.00,12.50
2026-05-16T05:50:23.086788,66.70,71.40,66.70,12.50
2026-05-16T05:50:23.190654,77.80,81.80,66.70,14.30
2026-05-16T05:50:23.294974,70.00,70.00,66.70,22.20
2026-05-16T05:50:23.398333,66.70,77.80,75.00,25.00
2026-05-16T05:50:23.502201,66.70,66.70,70.00,0.00
2026-05-16T05:50:23.605847,71.40,77.80,62.50,25.00
2026-05-16T05:50:23.709646,66.70,80.00,70.00,22.20
2026-05-16T05:50:23.813440,70.00,70.00,66.70,12.50
2026-05-16T05:50:23.917430,62.50,77.80,70.00,14.30
2026-05-16T05:50:24.020918,75.00,66.70,62.50,22.20
2026-05-16T05:50:24.124563,66.70,81.80,75.00,14.30
2026-05-16T05:50:24.228788,66.70,70.00,70.00,12.50
2026-05-16T05:50:24.332639,71.40,75.00,66.70,22.20
2026-05-16T05:50:24.436214,70.00,77.80,75.00,0.00
2026-05-16T05:50:24.539874,66.70,66.70,70.00,12.50
2026-05-16T05:50:24.643683,75.00,70.00,66.70,22.20
2026-05-16T05:50:24.747924,66.70,77.80,66.70,25.00
2026-05-16T05:50:24.850977,70.00,80.00,77.80,12.50
2026-05-16T05:50:24.954976,77.80,80.00,70.00,0.00
2026-05-16T05:50:25.058793,62.50,77.80,75.00,30.00
2026-05-16T05:50:25.162898,80.00,72.70,70.00,25.00
2026-05-16T05:50:25.265977,55.60,62.50,62.50,30.00
2026-05-16T05:50:25.369438,66.70,77.80,66.70,22.20
2026-05-16T05:50:25.472582,66.70,66.70,66.70,0.00
2026-05-16T05:50:25.576318,66.70,66.70,71.40,12.50
2026-05-16T05:50:25.679925,75.00,75.00,66.70,14.30
2026-05-16T05:50:25.783263,70.00,72.70,70.00,22.20
2026-05-16T05:50:25.887582,66.70,80.00,70.00,14.30
2026-05-16T05:50:25.990854,70.00,62.50,62.50,22.20
2026-05-16T05:50:26.094320,71.40,80.00,62.50,28.60
2026-05-16T05:50:26.197888,70.00,80.00,75.00,12.50
2026-05-16T05:50:26.301655,66.70,66.70,66.70,30.00
2026-05-16T05:50:26.405077,62.50,66.70,70.00,0.00
2026-05-16T05:50:26.508980,70.00,77.80,66.70,0.00
2026-05-16T05:50:26.612538,66.70,66.70,70.00,12.50
2026-05-16T05:50:26.716476,80.00,66.70,71.40,12.50
2026-05-16T05:50:26.819967,66.70,77.80,66.70,0.00
2026-05-16T05:50:26.923546,70.00,80.00,62.50,40.00
2026-05-16T05:50:27.027274,62.50,70.00,70.00,0.00
2026-05-16T05:50:27.130698,75.00,70.00,66.70,25.00
2026-05-16T05:50:27.233707,70.00,77.80,77.80,12.50
2026-05-16T05:50:27.337787,75.00,77.80,66.70,12.50
2026-05-16T05:50:27.441507,70.00,72.70,77.80,0.00
2026-05-16T05:50:27.545260,66.70,77.80,62.50,22.20
2026-05-16T05:50:27.648958,71.40,66.70,70.00,22.20
2026-05-16T05:50:27.752349,66.70,70.00,75.00,14.30
2026-05-16T05:50:27.855880,70.00,77.80,66.70,0.00
2026-05-16T05:50:27.958978,71.40,66.70,62.50,12.50
2026-05-16T05:50:28.062494,72.70,77.80,75.00,14.30
2026-05-16T05:50:28.166040,75.00,77.80,72.70,22.20
2026-05-16T05:50:28.270300,70.00,66.70,66.70,14.30
2026-05-16T05:50:28.374026,75.00,70.00,75.00,12.50
2026-05-16T05:50:28.477709,62.50,70.00,66.70,12.50
2026-05-16T05:50:28.581482,63.60,71.40,70.00,12.50
2026-05-16T05:50:28.684975,77.80,70.00,70.00,14.30
2026-05-16T05:50:28.788088,66.70,77.80,62.50,12.50
2026-05-16T05:50:28.891215,70.00,66.70,66.70,0.00
2026-05-16T05:50:28.994922,75.00,70.00,66.70,30.00
2026-05-16T05:50:29.099362,66.70,77.80,75.00,14.30
2026-05-16T05:50:29.202683,66.70,70.00,66.70,12.50
2026-05-16T05:50:29.305917,77.80,77.80,62.50,22.20
2026-05-16T05:50:29.408951,77.80,80.00,80.00,0.00
2026-05-16T05:50:29.512274,66.70,66.70,66.70,22.20
2026-05-16T05:50:29.615962,66.70,80.00,57.10,12.50
2026-05-16T05:50:29.719473,70.00,66.70,70.00,12.50
2026-05-16T05:50:29.823501,62.50,70.00,66.70,12.50
2026-05-16T05:50:29.927312,66.70,75.00,62.50,12.50
2026-05-16T05:50:30.030534,66.70,70.00,66.70,0.00
2026-05-16T05:50:30.134249,80.00,66.70,57.10,22.20
2026-05-16T05:50:30.238087,50.00,66.70,70.00,12.50
2026-05-16T05:50:30.342056,80.00,77.80,66.70,22.20
2026-05-16T05:50:30.445924,70.00,77.80,71.40,14.30
2026-05-16T05:50:30.550459,75.00,72.70,70.00,14.30
2026-05-16T05:50:30.654306,72.70,77.80,70.00,22.20
2026-05-16T05:50:30.757967,66.70,81.80,66.70,12.50
2026-05-16T05:50:30.861241,66.70,60.00,66.70,12.50
2026-05-16T05:50:30.964850,70.00,77.80,70.00,12.50
2026-05-16T05:50:31.068254,66.70,77.80,66.70,12.50
2026-05-16T05:50:31.171827,75.00,70.00,62.50,25.00
2026-05-16T05:50:31.275587,66.70,66.70,66.70,22.20
2026-05-16T05:50:31.378783,70.00,77.80,77.80,12.50
2026-05-16T05:50:31.481969,66.70,66.70,66.70,22.20
2026-05-16T05:50:31.585819,75.00,77.80,66.70,14.30
2026-05-16T05:50:31.689439,70.00,62.50,62.50,12.50
2026-05-16T05:50:31.793262,62.50,77.80,77.80,14.30
2026-05-16T05:50:31.896908,70.00,70.00,66.70,12.50
2026-05-16T05:50:32.000252,77.80,72.70,66.70,12.50
2026-05-16T05:50:32.104334,70.00,77.80,77.80,14.30
2026-05-16T05:50:32.207955,77.80,75.00,66.70,30.00
2026-05-16T05:50:32.312291,70.00,72.70,70.00,14.30
2026-05-16T05:50:32.415802,70.00,77.80,75.00,0.00
2026-05-16T05:50:32.519079,66.70,66.70,66.70,12.50
2026-05-16T05:50:32.623117,75.00,77.80,62.50,14.30
2026-05-16T05:50:32.726576,66.70,80.00,77.80,12.50
2026-05-16T05:50:32.830235,77.80,81.80,70.00,25.00
2026-05-16T05:50:32.933970,70.00,70.00,66.70,14.30
2026-05-16T05:50:33.037857,75.00,80.00,62.50,0.00
2026-05-16T05:50:33.142003,70.00,66.70,70.00,22.20
2026-05-16T05:50:33.246340,66.70,70.00,66.70,0.00
2026-05-16T05:50:33.350282,70.00,77.80,66.70,22.20
2026-05-16T05:50:33.454269,62.50,66.70,62.50,0.00
2026-05-16T05:50:33.558395,70.00,81.80,72.70,14.30
2026-05-16T05:50:33.662796,77.80,66.70,75.00,12.50
2026-05-16T05:50:33.767841,75.00,80.00,66.70,22.20
2026-05-16T05:50:33.871619,70.00,75.00,72.70,0.00
2026-05-16T05:50:33.974967,66.70,72.70,62.50,30.00
2026-05-16T05:50:34.079002,80.00,66.70,70.00,12.50
2026-05-16T05:50:34.182449,66.70,75.00,66.70,12.50
2026-05-16T05:50:34.286030,70.00,75.00,77.80,25.00
2026-05-16T05:50:34.390002,66.70,66.70,66.70,12.50
2026-05-16T05:50:34.492574,12.50,25.00,0.00,0.00
2026-05-16T05:50:34.594943,12.50,0.00,22.20,0.00
2026-05-16T05:50:34.697312,22.20,12.50,11.10,10.00
2026-05-16T05:50:34.799623,0.00,0.00,0.00,0.00
2026-05-16T05:50:34.901923,12.50,0.00,22.20,0.00
2026-05-16T05:50:35.004738,0.00,12.50,0.00,0.00
2026-05-16T05:50:35.106998,14.30,11.10,0.00,0.00
2026-05-16T05:50:35.209606,11.10,0.00,12.50,0.00
2026-05-16T05:50:35.311929,22.20,22.20,0.00,0.00
2026-05-16T05:50:35.414059,0.00,0.00,30.00,0.00
2026-05-16T05:50:35.516265,22.20,12.50,0.00,10.00
2026-05-16T05:50:35.618574,0.00,12.50,0.00,0.00
2026-05-16T05:50:35.720963,0.00,12.50,0.00,0.00
2026-05-16T05:50:35.823399,22.20,11.10,12.50,11.10
2026-05-16T05:50:35.925774,0.00,0.00,0.00,0.00
2026-05-16T05:50:36.028403,11.10,0.00,11.10,10.00
2026-05-16T05:50:36.130997,0.00,22.20,22.20,0.00
2026-05-16T05:50:36.233336,22.20,0.00,12.50,0.00
2026-05-16T05:50:36.336042,12.50,0.00,0.00,0.00
2026-05-16T05:50:36.498023,16.70,25.00,38.50,13.30
2026-05-16T05:50:36.600550,14.30,14.30,100.00,10.00
2026-05-16T05:50:36.702969,12.50,12.50,100.00,0.00
2026-05-16T05:50:36.805648,25.00,28.60,100.00,0.00
2026-05-16T05:50:36.908009,0.00,25.00,100.00,20.00
2026-05-16T05:50:37.010554,25.00,14.30,100.00,10.00
2026-05-16T05:50:37.113183,22.20,33.30,100.00,0.00
2026-05-16T05:50:37.216240,14.30,0.00,100.00,0.00
2026-05-16T05:50:37.318613,14.30,33.30,100.00,0.00
2026-05-16T05:50:37.421068,25.00,0.00,100.00,10.00
2026-05-16T05:50:37.523949,0.00,14.30,100.00,0.00
2026-05-16T05:50:37.626639,30.00,14.30,100.00,0.00
2026-05-16T05:50:37.729579,25.00,33.30,100.00,0.00
2026-05-16T05:50:37.831978,14.30,0.00,100.00,0.00
2026-05-16T05:50:37.934559,14.30,0.00,100.00,0.00
2026-05-16T05:50:38.036982,12.50,22.20,100.00,0.00
2026-05-16T05:50:38.139426,14.30,14.30,100.00,0.00
2026-05-16T05:50:38.241887,0.00,14.30,100.00,0.00
2026-05-16T05:50:38.344377,30.00,14.30,100.00,25.00
2026-05-16T05:50:38.446916,25.00,44.40,100.00,0.00
2026-05-16T05:50:38.549700,14.30,0.00,100.00,0.00
2026-05-16T05:50:38.651960,25.00,14.30,100.00,10.00
2026-05-16T05:50:38.754463,14.30,33.30,100.00,0.00
2026-05-16T05:50:38.856899,22.20,0.00,100.00,11.10
2026-05-16T05:50:38.959552,25.00,25.00,100.00,0.00
2026-05-16T05:50:39.062549,14.30,0.00,100.00,0.00
2026-05-16T05:50:39.164876,14.30,14.30,100.00,10.00
2026-05-16T05:50:39.267702,25.00,25.00,100.00,0.00
2026-05-16T05:50:39.370065,0.00,14.30,100.00,0.00
2026-05-16T05:50:39.472606,33.30,25.00,100.00,0.00
2026-05-16T05:50:39.575226,0.00,14.30,100.00,10.00
2026-05-16T05:50:39.677950,25.00,14.30,100.00,0.00
2026-05-16T05:50:39.780612,14.30,25.00,100.00,0.00
2026-05-16T05:50:39.883294,22.20,25.00,100.00,0.00
2026-05-16T05:50:39.985941,25.00,14.30,100.00,0.00
2026-05-16T05:50:40.088671,14.30,0.00,100.00,10.00
2026-05-16T05:50:40.191292,14.30,25.00,100.00,0.00
2026-05-16T05:50:40.293857,25.00,14.30,100.00,0.00
2026-05-16T05:50:40.396833,25.00,37.50,100.00,20.00
2026-05-16T05:50:40.499364,12.50,0.00,100.00,10.00
2026-05-16T05:50:40.601940,25.00,22.20,100.00,0.00
2026-05-16T05:50:40.704363,14.30,0.00,100.00,0.00
2026-05-16T05:50:40.806710,12.50,33.30,100.00,0.00
2026-05-16T05:50:40.908951,14.30,0.00,100.00,0.00
2026-05-16T05:50:41.011567,14.30,25.00,100.00,0.00
2026-05-16T05:50:41.114692,25.00,25.00,100.00,10.00
2026-05-16T05:50:41.217477,25.00,0.00,100.00,0.00
2026-05-16T05:50:41.319981,0.00,25.00,100.00,11.10
2026-05-16T05:50:41.422503,25.00,0.00,100.00,0.00
2026-05-16T05:50:41.524854,14.30,25.00,100.00,0.00
2026-05-16T05:50:41.627321,22.20,14.30,100.00,0.00
2026-05-16T05:50:41.729864,14.30,14.30,100.00,11.10
2026-05-16T05:50:41.833339,14.30,14.30,100.00,0.00
2026-05-16T05:50:41.935743,14.30,14.30,100.00,0.00
2026-05-16T05:50:42.038546,33.30,0.00,100.00,0.00
2026-05-16T05:50:42.141284,25.00,33.30,100.00,11.10
2026-05-16T05:50:42.244054,0.00,14.30,100.00,10.00
2026-05-16T05:50:42.346750,25.00,14.30,100.00,10.00
2026-05-16T05:50:42.449740,0.00,14.30,100.00,0.00
2026-05-16T05:50:42.552711,25.00,25.00,100.00,0.00
2026-05-16T05:50:42.655508,25.00,12.50,100.00,0.00
2026-05-16T05:50:42.757960,14.30,14.30,100.00,10.00
2026-05-16T05:50:42.860733,12.50,0.00,100.00,0.00
2026-05-16T05:50:42.963231,0.00,25.00,100.00,0.00
2026-05-16T05:50:43.065674,25.00,14.30,100.00,0.00
2026-05-16T05:50:43.168068,0.00,14.30,100.00,0.00
2026-05-16T05:50:43.271026,25.00,25.00,100.00,10.00
2026-05-16T05:50:43.373397,25.00,14.30,100.00,0.00
2026-05-16T05:50:43.475503,14.30,14.30,100.00,0.00
2026-05-16T05:50:43.577988,12.50,25.00,100.00,0.00
2026-05-16T05:50:43.680501,0.00,14.30,100.00,0.00
2026-05-16T05:50:43.783361,25.00,12.50,100.00,0.00
2026-05-16T05:50:43.885832,12.50,0.00,100.00,0.00
2026-05-16T05:50:43.988464,25.00,14.30,100.00,10.00
2026-05-16T05:50:44.091038,25.00,25.00,100.00,0.00
2026-05-16T05:50:44.193716,14.30,25.00,100.00,11.10
2026-05-16T05:50:44.296521,33.30,0.00,100.00,0.00
2026-05-16T05:50:44.398901,0.00,0.00,100.00,0.00
2026-05-16T05:50:44.501460,25.00,37.50,100.00,0.00
2026-05-16T05:50:44.604010,0.00,0.00,100.00,10.00
2026-05-16T05:50:44.706659,22.20,0.00,100.00,0.00
2026-05-16T05:50:44.808809,0.00,14.30,100.00,0.00
2026-05-16T05:50:44.911648,25.00,25.00,100.00,10.00
2026-05-16T05:50:45.014251,25.00,14.30,100.00,0.00
2026-05-16T05:50:45.116888,14.30,14.30,100.00,0.00
2026-05-16T05:50:45.219420,14.30,14.30,100.00,10.00
2026-05-16T05:50:45.322455,33.30,0.00,100.00,0.00
2026-05-16T05:50:45.424985,14.30,33.30,100.00,0.00
2026-05-16T05:50:45.527517,14.30,14.30,100.00,0.00
2026-05-16T05:50:45.630430,14.30,14.30,100.00,18.20
2026-05-16T05:50:45.732747,14.30,14.30,100.00,0.00
2026-05-16T05:50:45.835331,12.50,14.30,100.00,0.00
2026-05-16T05:50:45.937659,14.30,14.30,100.00,0.00
2026-05-16T05:50:46.040692,14.30,14.30,100.00,0.00
2026-05-16T05:50:46.143170,25.00,33.30,100.00,11.10
2026-05-16T05:50:46.245608,14.30,0.00,100.00,0.00
2026-05-16T05:50:46.348399,25.00,14.30,100.00,10.00
2026-05-16T05:50:46.451293,14.30,14.30,100.00,0.00
2026-05-16T05:50:46.553836,22.20,25.00,100.00,0.00
2026-05-16T05:50:46.656471,12.50,14.30,100.00,10.00
2026-05-16T05:50:46.759228,14.30,14.30,100.00,10.00
2026-05-16T05:50:46.861804,14.30,14.30,100.00,11.10
2026-05-16T05:50:46.964261,25.00,25.00,100.00,11.10
2026-05-16T05:50:47.066857,25.00,14.30,100.00,0.00
2026-05-16T05:50:47.169886,14.30,25.00,100.00,10.00
2026-05-16T05:50:47.272652,25.00,14.30,100.00,0.00
2026-05-16T05:50:47.375329,22.20,14.30,100.00,10.00
2026-05-16T05:50:47.477997,0.00,22.20,100.00,0.00
2026-05-16T05:50:47.580874,25.00,0.00,100.00,0.00
2026-05-16T05:50:47.683292,14.30,14.30,100.00,0.00
2026-05-16T05:50:47.785808,25.00,14.30,100.00,11.10
2026-05-16T05:50:47.889146,22.20,14.30,100.00,0.00
2026-05-16T05:50:47.992019,0.00,0.00,100.00,0.00
2026-05-16T05:50:48.095024,25.00,22.20,100.00,0.00
2026-05-16T05:50:48.197638,14.30,14.30,100.00,10.00
2026-05-16T05:50:48.299964,25.00,14.30,100.00,0.00
2026-05-16T05:50:48.402393,14.30,14.30,100.00,10.00
2026-05-16T05:50:48.504866,0.00,0.00,100.00,0.00
2026-05-16T05:50:48.607639,25.00,14.30,100.00,10.00
2026-05-16T05:50:48.710342,0.00,33.30,100.00,0.00
2026-05-16T05:50:48.813311,33.30,14.30,100.00,0.00
2026-05-16T05:50:48.915876,0.00,14.30,100.00,10.00
2026-05-16T05:50:49.018271,25.00,14.30,100.00,0.00
2026-05-16T05:50:49.120842,0.00,12.50,100.00,0.00
2026-05-16T05:50:49.223641,25.00,14.30,100.00,10.00
2026-05-16T05:50:49.326366,0.00,0.00,100.00,0.00
2026-05-16T05:50:49.428831,25.00,14.30,100.00,10.00
2026-05-16T05:50:49.531293,11.10,0.00,100.00,0.00
2026-05-16T05:50:49.633829,0.00,22.20,100.00,0.00
2026-05-16T05:50:49.735983,12.50,0.00,100.00,0.00
2026-05-16T05:50:49.838400,0.00,0.00,100.00,0.00
2026-05-16T05:50:49.940814,11.10,22.20,100.00,0.00
2026-05-16T05:50:50.043578,12.50,0.00,100.00,0.00
2026-05-16T05:50:50.145966,0.00,12.50,100.00,0.00
2026-05-16T05:50:50.248273,12.50,12.50,100.00,10.00
2026-05-16T05:50:50.350830,11.10,11.10,100.00,0.00
2026-05-16T05:50:50.453340,12.50,0.00,100.00,0.00
2026-05-16T05:50:50.555670,11.10,12.50,100.00,0.00
2026-05-16T05:50:50.658162,0.00,11.10,100.00,0.00
2026-05-16T05:50:50.760491,11.10,0.00,100.00,0.00
2026-05-16T05:50:50.862782,11.10,0.00,100.00,0.00
2026-05-16T05:50:50.965038,12.50,12.50,100.00,10.00
2026-05-16T05:50:51.067317,0.00,11.10,100.00,0.00
2026-05-16T05:50:51.169632,11.10,0.00,100.00,0.00
2026-05-16T05:50:51.271919,22.20,12.50,100.00,20.00
2026-05-16T05:50:51.374045,0.00,0.00,100.00,0.00
2026-05-16T05:50:51.476486,11.10,0.00,100.00,0.00
2026-05-16T05:50:51.578918,11.10,0.00,100.00,0.00
2026-05-16T05:50:51.681234,12.50,12.50,100.00,0.00
2026-05-16T05:50:51.783862,11.10,11.10,100.00,10.00
2026-05-16T05:50:51.886298,11.10,0.00,100.00,0.00
2026-05-16T05:50:51.988577,22.20,0.00,100.00,0.00
2026-05-16T05:50:52.090714,20.00,0.00,100.00,0.00
2026-05-16T05:50:52.193149,11.10,22.20,100.00,0.00
2026-05-16T05:50:52.295381,12.50,12.50,100.00,0.00
2026-05-16T05:50:52.397833,20.00,0.00,100.00,0.00
2026-05-16T05:50:52.500256,12.50,0.00,100.00,10.00
2026-05-16T05:50:52.602694,0.00,0.00,100.00,0.00
2026-05-16T05:50:52.705656,12.50,11.10,100.00,10.00
2026-05-16T05:50:52.808378,11.10,0.00,100.00,0.00
2026-05-16T05:50:52.910753,0.00,0.00,100.00,0.00
2026-05-16T05:50:53.013193,12.50,12.50,100.00,0.00
2026-05-16T05:50:53.115479,0.00,11.10,100.00,16.70
2026-05-16T05:50:53.217818,12.50,0.00,100.00,0.00
2026-05-16T05:50:53.319959,20.00,20.00,100.00,0.00
2026-05-16T05:50:53.422336,12.50,12.50,100.00,0.00
2026-05-16T05:50:53.524628,0.00,0.00,100.00,0.00
2026-05-16T05:50:53.627546,11.10,0.00,100.00,0.00
2026-05-16T05:50:53.730325,12.50,0.00,100.00,9.10
2026-05-16T05:50:53.832548,11.10,0.00,100.00,0.00
2026-05-16T05:50:53.935274,0.00,11.10,100.00,0.00
2026-05-16T05:50:54.037568,11.10,0.00,100.00,0.00
2026-05-16T05:50:54.139746,22.20,11.10,100.00,0.00
2026-05-16T05:50:54.242428,11.10,0.00,100.00,0.00
2026-05-16T05:50:54.345171,0.00,0.00,100.00,10.00
2026-05-16T05:50:54.447409,11.10,12.50,100.00,9.10
2026-05-16T05:50:54.549483,11.10,11.10,100.00,0.00
2026-05-16T05:50:54.651828,0.00,0.00,100.00,0.00
2026-05-16T05:50:54.754690,12.50,0.00,100.00,0.00
2026-05-16T05:50:54.856834,11.10,0.00,100.00,0.00
2026-05-16T05:50:54.959593,0.00,0.00,100.00,0.00
2026-05-16T05:50:55.061913,20.00,0.00,100.00,0.00
2026-05-16T05:50:55.164574,0.00,22.20,100.00,0.00
2026-05-16T05:50:55.266803,11.10,0.00,100.00,11.10
2026-05-16T05:50:55.369069,12.50,0.00,100.00,0.00
2026-05-16T05:50:55.471591,0.00,12.50,100.00,0.00
2026-05-16T05:50:55.573883,11.10,0.00,100.00,10.00
2026-05-16T05:50:55.676648,12.50,22.20,100.00,0.00
2026-05-16T05:50:55.778908,11.10,0.00,100.00,10.00
2026-05-16T05:50:55.881157,0.00,12.50,100.00,0.00
2026-05-16T05:50:55.983247,12.50,0.00,100.00,0.00
2026-05-16T05:50:56.085471,11.10,0.00,100.00,0.00
2026-05-16T05:50:56.187892,0.00,0.00,100.00,0.00
2026-05-16T05:50:56.290817,12.50,12.50,100.00,0.00
2026-05-16T05:50:56.393464,0.00,0.00,100.00,10.00
2026-05-16T05:50:56.495740,30.00,12.50,100.00,0.00
2026-05-16T05:50:56.597969,11.10,11.10,100.00,0.00
2026-05-16T05:50:56.700544,0.00,0.00,100.00,0.00
2026-05-16T05:50:56.802992,12.50,11.10,100.00,0.00
2026-05-16T05:50:56.905110,0.00,0.00,100.00,18.20
2026-05-16T05:50:57.007674,0.00,12.50,100.00,0.00
2026-05-16T05:50:57.109980,11.10,0.00,100.00,0.00
2026-05-16T05:50:57.212204,0.00,12.50,100.00,0.00
2026-05-16T05:50:57.314420,11.10,11.10,100.00,0.00
2026-05-16T05:50:57.416802,22.20,0.00,100.00,0.00
2026-05-16T05:50:57.519199,0.00,12.50,100.00,10.00
2026-05-16T05:50:57.621534,30.00,0.00,100.00,0.00
2026-05-16T05:50:57.723808,11.10,12.50,100.00,0.00
2026-05-16T05:50:57.826132,0.00,12.50,100.00,0.00
2026-05-16T05:50:57.928421,12.50,11.10,100.00,0.00
2026-05-16T05:50:58.030725,0.00,0.00,100.00,0.00
2026-05-16T05:50:58.133064,22.20,0.00,100.00,0.00
2026-05-16T05:50:58.235368,20.00,12.50,100.00,10.00
2026-05-16T05:50:58.337569,12.50,0.00,100.00,0.00
2026-05-16T05:50:58.439936,0.00,0.00,100.00,0.00
2026-05-16T05:50:58.542733,0.00,12.50,100.00,9.10
2026-05-16T05:50:58.645364,0.00,11.10,100.00,0.00
2026-05-16T05:50:58.747995,20.00,12.50,100.00,0.00
2026-05-16T05:50:58.850540,22.20,0.00,100.00,0.00
2026-05-16T05:50:58.953074,22.20,0.00,100.00,0.00
2026-05-16T05:50:59.055409,0.00,0.00,100.00,0.00
2026-05-16T05:50:59.157485,12.50,22.20,100.00,0.00
2026-05-16T05:50:59.259694,20.00,0.00,100.00,0.00
2026-05-16T05:50:59.361863,22.20,12.50,100.00,0.00
2026-05-16T05:50:59.464279,20.00,12.50,100.00,9.10
2026-05-16T05:50:59.566445,11.10,11.10,100.00,0.00
2026-05-16T05:50:59.668890,0.00,0.00,100.00,10.00
2026-05-16T05:50:59.771399,11.10,0.00,100.00,0.00
2026-05-16T05:50:59.873897,11.10,11.10,100.00,0.00
2026-05-16T05:50:59.976450,22.20,0.00,100.00,10.00
2026-05-16T05:51:00.078686,0.00,0.00,100.00,0.00
2026-05-16T05:51:00.180917,22.20,0.00,100.00,0.00
2026-05-16T05:51:00.283059,27.30,20.00,100.00,0.00
2026-05-16T05:51:00.385334,36.40,12.50,100.00,10.00
2026-05-16T05:51:00.487637,11.10,12.50,100.00,0.00
2026-05-16T05:51:00.590030,30.00,0.00,100.00,0.00
2026-05-16T05:51:00.692565,33.30,0.00,100.00,10.00
2026-05-16T05:51:00.794726,22.20,12.50,100.00,0.00
2026-05-16T05:51:00.897025,27.30,11.10,100.00,0.00
2026-05-16T05:51:00.999357,22.20,0.00,100.00,0.00
2026-05-16T05:51:01.101683,27.30,0.00,100.00,0.00
2026-05-16T05:51:01.203993,12.50,0.00,100.00,10.00
2026-05-16T05:51:01.306512,38.50,12.50,100.00,0.00
2026-05-16T05:51:01.408877,36.40,20.00,100.00,0.00
2026-05-16T05:51:01.511815,11.10,12.50,100.00,0.00
2026-05-16T05:51:01.614381,12.50,0.00,100.00,0.00
2026-05-16T05:51:01.716536,22.20,0.00,100.00,10.00
2026-05-16T05:51:01.818860,27.30,0.00,100.00,0.00
2026-05-16T05:51:01.921454,27.30,11.10,100.00,10.00
2026-05-16T05:51:02.023882,30.00,0.00,100.00,0.00
2026-05-16T05:51:02.126318,11.10,20.00,100.00,0.00
2026-05-16T05:51:02.229180,36.40,0.00,100.00,0.00
2026-05-16T05:51:02.331945,20.00,0.00,100.00,0.00
2026-05-16T05:51:02.434176,22.20,12.50,100.00,10.00
2026-05-16T05:51:02.536527,20.00,0.00,100.00,0.00
2026-05-16T05:51:02.638949,27.30,12.50,100.00,0.00
2026-05-16T05:51:02.741265,30.00,0.00,100.00,0.00
2026-05-16T05:51:02.843744,27.30,0.00,100.00,0.00
2026-05-16T05:51:02.946028,30.00,12.50,100.00,10.00
2026-05-16T05:51:03.048320,20.00,20.00,100.00,10.00
2026-05-16T05:51:03.150812,11.10,0.00,100.00,0.00
2026-05-16T05:51:03.253490,22.20,12.50,100.00,11.10
2026-05-16T05:51:03.355814,27.30,11.10,100.00,0.00
2026-05-16T05:51:03.458286,30.00,0.00,100.00,0.00
2026-05-16T05:51:03.560487,20.00,11.10,100.00,0.00
2026-05-16T05:51:03.663022,27.30,0.00,100.00,0.00
2026-05-16T05:51:03.765318,36.40,22.20,100.00,0.00
2026-05-16T05:51:03.867727,20.00,0.00,100.00,0.00
2026-05-16T05:51:03.970035,30.00,12.50,100.00,0.00
2026-05-16T05:51:04.072571,27.30,11.10,100.00,0.00
2026-05-16T05:51:04.174881,11.10,0.00,100.00,0.00
2026-05-16T05:51:04.277333,30.00,0.00,100.00,10.00
2026-05-16T05:51:04.379802,20.00,12.50,100.00,0.00
2026-05-16T05:51:04.483064,55.60,55.60,100.00,11.10
2026-05-16T05:51:04.586438,66.70,77.80,100.00,11.10
2026-05-16T05:51:04.689597,77.80,62.50,100.00,12.50
2026-05-16T05:51:04.792796,57.10,66.70,100.00,0.00
2026-05-16T05:51:04.896317,72.70,66.70,100.00,11.10
2026-05-16T05:51:04.999436,66.70,75.00,100.00,12.50
2026-05-16T05:51:05.102602,62.50,66.70,100.00,11.10
2026-05-16T05:51:05.205629,62.50,62.50,100.00,12.50
2026-05-16T05:51:05.308748,80.00,66.70,100.00,11.10
2026-05-16T05:51:05.411617,62.50,62.50,100.00,12.50
2026-05-16T05:51:05.515479,57.10,62.50,100.00,11.10
2026-05-16T05:51:05.618074,50.00,62.50,100.00,20.00
2026-05-16T05:51:05.721265,66.70,66.70,100.00,22.20
2026-05-16T05:51:05.824595,66.70,66.70,100.00,0.00
2026-05-16T05:51:05.928186,75.00,70.00,100.00,12.50
2026-05-16T05:51:06.031636,66.70,75.00,100.00,0.00
2026-05-16T05:51:06.135736,66.70,72.70,100.00,12.50
2026-05-16T05:51:06.238885,75.00,71.40,100.00,11.10
2026-05-16T05:51:06.342401,66.70,70.00,100.00,12.50
2026-05-16T05:51:06.445678,62.50,70.00,100.00,0.00
2026-05-16T05:51:06.548680,62.50,71.40,100.00,20.00
2026-05-16T05:51:06.652296,80.00,66.70,100.00,0.00
2026-05-16T05:51:06.755414,66.70,77.80,100.00,12.50
2026-05-16T05:51:06.858847,66.70,70.00,100.00,0.00
2026-05-16T05:51:06.962494,75.00,71.40,100.00,33.30
2026-05-16T05:51:07.065487,70.00,70.00,100.00,0.00
2026-05-16T05:51:07.168744,77.80,77.80,100.00,22.20
2026-05-16T05:51:07.272268,71.40,70.00,100.00,12.50
2026-05-16T05:51:07.375071,66.70,66.70,100.00,11.10
2026-05-16T05:51:07.478862,62.50,62.50,100.00,0.00
2026-05-16T05:51:07.581977,66.70,75.00,100.00,20.00
2026-05-16T05:51:07.685017,66.70,70.00,100.00,22.20
2026-05-16T05:51:07.788286,66.70,62.50,100.00,11.10
2026-05-16T05:51:07.892220,62.50,66.70,100.00,0.00
2026-05-16T05:51:07.995119,66.70,62.50,100.00,12.50
2026-05-16T05:51:08.098309,75.00,66.70,100.00,11.10
2026-05-16T05:51:08.202061,66.70,66.70,100.00,12.50
2026-05-16T05:51:08.305067,75.00,75.00,100.00,11.10
2026-05-16T05:51:08.408649,62.50,70.00,100.00,11.10
2026-05-16T05:51:08.511776,70.00,62.50,100.00,0.00
2026-05-16T05:51:08.614630,66.70,66.70,100.00,11.10
2026-05-16T05:51:08.717686,75.00,75.00,100.00,11.10
2026-05-16T05:51:08.820576,66.70,66.70,100.00,12.50
2026-05-16T05:51:08.924021,75.00,66.70,100.00,0.00
2026-05-16T05:51:09.027468,70.00,75.00,100.00,0.00
2026-05-16T05:51:09.130517,62.50,70.00,100.00,20.00
2026-05-16T05:51:09.234431,77.80,66.70,100.00,22.20
2026-05-16T05:51:09.338084,77.80,75.00,100.00,11.10
2026-05-16T05:51:09.441879,66.70,70.00,100.00,0.00
2026-05-16T05:51:09.544906,75.00,75.00,100.00,11.10
2026-05-16T05:51:09.648193,55.60,66.70,100.00,0.00
2026-05-16T05:51:09.751294,66.70,62.50,100.00,20.00
2026-05-16T05:51:09.854497,66.70,62.50,100.00,11.10
2026-05-16T05:51:09.957602,66.70,62.50,100.00,12.50
2026-05-16T05:51:10.060863,62.50,66.70,100.00,0.00
2026-05-16T05:51:10.163838,75.00,57.10,100.00,11.10
2026-05-16T05:51:10.266755,57.10,66.70,100.00,12.50
2026-05-16T05:51:10.369877,70.00,77.80,100.00,30.00
2026-05-16T05:51:10.472949,62.50,62.50,100.00,0.00
2026-05-16T05:51:10.576566,66.70,55.60,100.00,11.10
2026-05-16T05:51:10.679777,62.50,75.00,100.00,0.00
2026-05-16T05:51:10.783105,57.10,55.60,100.00,11.10
2026-05-16T05:51:10.886528,66.70,75.00,100.00,0.00
2026-05-16T05:51:10.990279,70.00,62.50,100.00,11.10
2026-05-16T05:51:11.093439,62.50,70.00,100.00,12.50
2026-05-16T05:51:11.196580,75.00,66.70,100.00,0.00
2026-05-16T05:51:11.300033,70.00,77.80,100.00,12.50
2026-05-16T05:51:11.403249,66.70,62.50,100.00,20.00
2026-05-16T05:51:11.506354,66.70,66.70,100.00,0.00
2026-05-16T05:51:11.609526,70.00,70.00,100.00,11.10
2026-05-16T05:51:11.712778,75.00,66.70,100.00,0.00
2026-05-16T05:51:11.815789,66.70,66.70,100.00,11.10
2026-05-16T05:51:11.919690,70.00,62.50,100.00,0.00
2026-05-16T05:51:12.023035,62.50,70.00,100.00,11.10
2026-05-16T05:51:12.126420,70.00,77.80,100.00,22.20
2026-05-16T05:51:12.229875,75.00,66.70,100.00,11.10
2026-05-16T05:51:12.333261,66.70,66.70,100.00,0.00
2026-05-16T05:51:12.436532,75.00,66.70,100.00,0.00
2026-05-16T05:51:12.539820,66.70,77.80,100.00,20.00
2026-05-16T05:51:12.643074,75.00,66.70,100.00,0.00
2026-05-16T05:51:12.746753,62.50,70.00,100.00,11.10
2026-05-16T05:51:12.849715,70.00,71.40,100.00,0.00
2026-05-16T05:51:12.952985,62.50,70.00,100.00,0.00
2026-05-16T05:51:13.057089,77.80,62.50,100.00,11.10
2026-05-16T05:51:13.160054,66.70,66.70,100.00,11.10
2026-05-16T05:51:13.263754,62.50,77.80,100.00,12.50
2026-05-16T05:51:13.366941,66.70,62.50,100.00,0.00
2026-05-16T05:51:13.470576,66.70,66.70,100.00,0.00
2026-05-16T05:51:13.573793,71.40,77.80,100.00,11.10
2026-05-16T05:51:13.676632,66.70,62.50,100.00,11.10
2026-05-16T05:51:13.780413,66.70,66.70,100.00,22.20
2026-05-16T05:51:13.883919,75.00,66.70,100.00,11.10
2026-05-16T05:51:13.987314,55.60,66.70,100.00,0.00
2026-05-16T05:51:14.090692,71.40,66.70,100.00,0.00
2026-05-16T05:51:14.194406,70.00,75.00,100.00,11.10
2026-05-16T05:51:14.297662,62.50,66.70,100.00,22.20
2026-05-16T05:51:14.400657,70.00,66.70,100.00,11.10
2026-05-16T05:51:14.503650,62.50,62.50,100.00,0.00
2026-05-16T05:51:14.606932,71.40,70.00,100.00,0.00
2026-05-16T05:51:14.710614,66.70,62.50,100.00,11.10
2026-05-16T05:51:14.813635,70.00,62.50,100.00,11.10
2026-05-16T05:51:14.916530,57.10,62.50,100.00,0.00
2026-05-16T05:51:15.020875,70.00,62.50,100.00,0.00
2026-05-16T05:51:15.124223,66.70,66.70,100.00,20.00
2026-05-16T05:51:15.227385,75.00,75.00,100.00,22.20
2026-05-16T05:51:15.330736,70.00,57.10,100.00,12.50
2026-05-16T05:51:15.433816,66.70,70.00,100.00,11.10
2026-05-16T05:51:15.536803,62.50,57.10,100.00,0.00
2026-05-16T05:51:15.639823,62.50,66.70,100.00,11.10
2026-05-16T05:51:15.743107,62.50,57.10,100.00,20.00
2026-05-16T05:51:15.846688,70.00,66.70,100.00,12.50
2026-05-16T05:51:15.949716,57.10,66.70,100.00,0.00
2026-05-16T05:51:16.052910,70.00,66.70,100.00,0.00
2026-05-16T05:51:16.156087,66.70,75.00,100.00,22.20
2026-05-16T05:51:16.258925,66.70,70.00,100.00,11.10
2026-05-16T05:51:16.363008,66.70,57.10,100.00,0.00
2026-05-16T05:51:16.465996,66.70,66.70,100.00,0.00
2026-05-16T05:51:16.569807,66.70,70.00,100.00,20.00
2026-05-16T05:51:16.673379,77.80,62.50,100.00,12.50
2026-05-16T05:51:16.776642,66.70,70.00,100.00,20.00
2026-05-16T05:51:16.879887,70.00,71.40,100.00,12.50
2026-05-16T05:51:16.983049,70.00,66.70,100.00,30.00
2026-05-16T05:51:17.086536,62.50,72.70,100.00,12.50
2026-05-16T05:51:17.189710,71.40,71.40,100.00,11.10
2026-05-16T05:51:17.293257,57.10,70.00,100.00,12.50
2026-05-16T05:51:17.396410,66.70,62.50,100.00,0.00
2026-05-16T05:51:17.499532,66.70,70.00,100.00,22.20
2026-05-16T05:51:17.602437,62.50,57.10,100.00,0.00
2026-05-16T05:51:17.705665,62.50,66.70,100.00,11.10
2026-05-16T05:51:17.808843,66.70,66.70,100.00,12.50
2026-05-16T05:51:17.911841,66.70,66.70,100.00,22.20
2026-05-16T05:51:18.014846,66.70,66.70,100.00,0.00
2026-05-16T05:51:18.117713,62.50,77.80,100.00,11.10
2026-05-16T05:51:18.221115,66.70,70.00,100.00,11.10
2026-05-16T05:51:18.324430,66.70,66.70,100.00,0.00
2026-05-16T05:51:18.427440,66.70,66.70,100.00,20.00
2026-05-16T05:51:18.530874,77.80,66.70,100.00,0.00
2026-05-16T05:51:18.633889,55.60,62.50,100.00,12.50
2026-05-16T05:51:18.737506,71.40,57.10,100.00,11.10
2026-05-16T05:51:18.840913,62.50,70.00,100.00,11.10
2026-05-16T05:51:18.944260,70.00,70.00,100.00,0.00
2026-05-16T05:51:19.047538,66.70,62.50,100.00,11.10
2026-05-16T05:51:19.150465,66.70,57.10,100.00,11.10
2026-05-16T05:51:19.253686,66.70,70.00,100.00,14.30
2026-05-16T05:51:19.356794,66.70,66.70,100.00,11.10
2026-05-16T05:51:19.459429,42.90,57.10,100.00,11.10
2026-05-16T05:51:19.562480,50.00,37.50,100.00,0.00
2026-05-16T05:51:19.665029,50.00,50.00,100.00,11.10
2026-05-16T05:51:19.767800,44.40,42.90,100.00,10.00
2026-05-16T05:51:19.870696,42.90,37.50,100.00,11.10
2026-05-16T05:51:19.973647,50.00,42.90,100.00,11.10
2026-05-16T05:51:20.076744,37.50,33.30,100.00,0.00
2026-05-16T05:51:20.179874,37.50,50.00,100.00,11.10
2026-05-16T05:51:20.283870,50.00,42.90,100.00,0.00
2026-05-16T05:51:20.386830,42.90,42.90,100.00,0.00
2026-05-16T05:51:20.490073,37.50,37.50,100.00,11.10
2026-05-16T05:51:20.592729,50.00,42.90,100.00,10.00
2026-05-16T05:51:20.695359,37.50,42.90,100.00,0.00
2026-05-16T05:51:20.798237,33.30,44.40,100.00,0.00
2026-05-16T05:51:20.901019,50.00,50.00,100.00,0.00
2026-05-16T05:51:21.003904,28.60,33.30,100.00,0.00
2026-05-16T05:51:21.106807,42.90,42.90,100.00,0.00
2026-05-16T05:51:21.209493,37.50,50.00,100.00,11.10
2026-05-16T05:51:21.312414,42.90,55.60,100.00,12.50
2026-05-16T05:51:21.415405,50.00,37.50,100.00,10.00
2026-05-16T05:51:21.517998,37.50,42.90,100.00,0.00
2026-05-16T05:51:21.621386,50.00,44.40,100.00,20.00
2026-05-16T05:51:21.724468,37.50,33.30,100.00,0.00
2026-05-16T05:51:21.827219,50.00,62.50,100.00,20.00
2026-05-16T05:51:21.930573,44.40,37.50,100.00,0.00
2026-05-16T05:51:22.033483,42.90,28.60,100.00,11.10
2026-05-16T05:51:22.136529,37.50,50.00,100.00,11.10
2026-05-16T05:51:22.239008,42.90,42.90,100.00,0.00
2026-05-16T05:51:22.342222,50.00,28.60,100.00,11.10
2026-05-16T05:51:22.445043,44.40,55.60,100.00,0.00
2026-05-16T05:51:22.547820,42.90,42.90,100.00,0.00
2026-05-16T05:51:22.650991,44.40,42.90,100.00,11.10
2026-05-16T05:51:22.753957,42.90,33.30,100.00,11.10
2026-05-16T05:51:22.856733,50.00,50.00,100.00,0.00
2026-05-16T05:51:22.959685,28.60,42.90,100.00,10.00
2026-05-16T05:51:23.062348,44.40,37.50,100.00,0.00
2026-05-16T05:51:23.165312,50.00,33.30,100.00,11.10
2026-05-16T05:51:23.268294,55.60,55.60,100.00,11.10
2026-05-16T05:51:23.371304,37.50,42.90,100.00,20.00
2026-05-16T05:51:23.474315,50.00,33.30,100.00,0.00
2026-05-16T05:51:23.576965,33.30,37.50,100.00,11.10
2026-05-16T05:51:23.679740,55.60,42.90,100.00,0.00
2026-05-16T05:51:23.782683,37.50,28.60,100.00,11.10
2026-05-16T05:51:23.885657,50.00,42.90,100.00,0.00
2026-05-16T05:51:23.988375,42.90,50.00,100.00,11.10
2026-05-16T05:51:24.091646,37.50,28.60,100.00,0.00
2026-05-16T05:51:24.195546,50.00,50.00,100.00,18.20
2026-05-16T05:51:24.298705,28.60,42.90,100.00,0.00
2026-05-16T05:51:24.401512,42.90,50.00,100.00,11.10
2026-05-16T05:51:24.504254,28.60,37.50,100.00,0.00
2026-05-16T05:51:24.607179,55.60,42.90,100.00,0.00
2026-05-16T05:51:24.710282,37.50,50.00,100.00,20.00
2026-05-16T05:51:24.813835,50.00,37.50,100.00,0.00
2026-05-16T05:51:24.917574,28.60,42.90,100.00,0.00
2026-05-16T05:51:25.019952,42.90,42.90,100.00,11.10
2026-05-16T05:51:25.122729,50.00,55.60,100.00,11.10
2026-05-16T05:51:25.225607,50.00,42.90,100.00,11.10
2026-05-16T05:51:25.328285,44.40,33.30,100.00,0.00
2026-05-16T05:51:25.431204,55.60,37.50,100.00,11.10
2026-05-16T05:51:25.534315,42.90,50.00,100.00,11.10
2026-05-16T05:51:25.637393,28.60,42.90,100.00,0.00
2026-05-16T05:51:25.740265,42.90,37.50,100.00,11.10
2026-05-16T05:51:25.842988,37.50,42.90,100.00,0.00
2026-05-16T05:51:25.945692,37.50,28.60,100.00,0.00
2026-05-16T05:51:26.048390,50.00,50.00,100.00,11.10
2026-05-16T05:51:26.151618,50.00,55.60,100.00,11.10
2026-05-16T05:51:26.254454,50.00,42.90,100.00,11.10
2026-05-16T05:51:26.357331,50.00,50.00,100.00,0.00
2026-05-16T05:51:26.460181,42.90,44.40,100.00,11.10
2026-05-16T05:51:26.563236,37.50,42.90,100.00,0.00
2026-05-16T05:51:26.665969,50.00,42.90,100.00,11.10
2026-05-16T05:51:26.768674,42.90,50.00,100.00,0.00
2026-05-16T05:51:26.871422,37.50,28.60,100.00,11.10
2026-05-16T05:51:26.974846,50.00,60.00,100.00,22.20
2026-05-16T05:51:27.077433,50.00,42.90,100.00,11.10
2026-05-16T05:51:27.180212,37.50,50.00,100.00,0.00
2026-05-16T05:51:27.282872,42.90,37.50,100.00,11.10
2026-05-16T05:51:27.386053,28.60,42.90,100.00,11.10
2026-05-16T05:51:27.489308,50.00,44.40,100.00,0.00
2026-05-16T05:51:27.592303,44.40,42.90,100.00,11.10
2026-05-16T05:51:27.695219,42.90,44.40,100.00,11.10
2026-05-16T05:51:27.798039,44.40,42.90,100.00,0.00
2026-05-16T05:51:27.900825,50.00,37.50,100.00,0.00
2026-05-16T05:51:28.003749,37.50,33.30,100.00,10.00
2026-05-16T05:51:28.106428,50.00,44.40,100.00,11.10
2026-05-16T05:51:28.209583,16.70,28.60,100.00,0.00
2026-05-16T05:51:28.312425,50.00,44.40,100.00,11.10
2026-05-16T05:51:28.415050,37.50,33.30,100.00,0.00
2026-05-16T05:51:28.518259,50.00,37.50,100.00,10.00
2026-05-16T05:51:28.621752,44.40,50.00,100.00,20.00
2026-05-16T05:51:28.725225,42.90,50.00,100.00,11.10
2026-05-16T05:51:28.828237,28.60,37.50,100.00,0.00
2026-05-16T05:51:28.931624,55.60,37.50,100.00,0.00
2026-05-16T05:51:29.034278,42.90,42.90,100.00,0.00
2026-05-16T05:51:29.136895,37.50,44.40,100.00,11.10
2026-05-16T05:51:29.239897,42.90,42.90,100.00,11.10
2026-05-16T05:51:29.342874,55.60,50.00,100.00,0.00
2026-05-16T05:51:29.445701,33.30,42.90,100.00,11.10
2026-05-16T05:51:29.548725,42.90,50.00,100.00,11.10
2026-05-16T05:51:29.652448,50.00,28.60,100.00,0.00
2026-05-16T05:51:29.755330,42.90,50.00,100.00,11.10
2026-05-16T05:51:29.857951,37.50,37.50,100.00,0.00
2026-05-16T05:51:29.961017,50.00,42.90,100.00,0.00
2026-05-16T05:51:30.064731,33.30,50.00,100.00,0.00
2026-05-16T05:51:30.167807,50.00,42.90,100.00,11.10
2026-05-16T05:51:30.271021,50.00,44.40,100.00,11.10
2026-05-16T05:51:30.373868,42.90,42.90,100.00,30.00
2026-05-16T05:51:30.476708,50.00,42.90,100.00,0.00
2026-05-16T05:51:30.579525,28.60,42.90,100.00,0.00
2026-05-16T05:51:30.682314,50.00,44.40,100.00,0.00
2026-05-16T05:51:30.784890,44.40,42.90,100.00,20.00
2026-05-16T05:51:30.887603,42.90,28.60,100.00,0.00
2026-05-16T05:51:30.990515,37.50,33.30,100.00,0.00
2026-05-16T05:51:31.093690,42.90,44.40,100.00,11.10
2026-05-16T05:51:31.196365,37.50,16.70,100.00,0.00
2026-05-16T05:51:31.299282,50.00,60.00,100.00,0.00
2026-05-16T05:51:31.402047,37.50,33.30,100.00,11.10
2026-05-16T05:51:31.504876,50.00,33.30,100.00,0.00
2026-05-16T05:51:31.607409,37.50,44.40,100.00,11.10
2026-05-16T05:51:31.709977,28.60,16.70,100.00,0.00
2026-05-16T05:51:31.812902,50.00,42.90,100.00,0.00
2026-05-16T05:51:31.915849,42.90,44.40,100.00,20.00
2026-05-16T05:51:32.018728,44.40,44.40,100.00,0.00
2026-05-16T05:51:32.121645,28.60,33.30,100.00,0.00
2026-05-16T05:51:32.224275,42.90,50.00,100.00,11.10
2026-05-16T05:51:32.326789,28.60,44.40,100.00,10.00
2026-05-16T05:51:32.429844,44.40,42.90,100.00,0.00
2026-05-16T05:51:32.532686,50.00,44.40,100.00,11.10
2026-05-16T05:51:32.635696,33.30,42.90,100.00,11.10
2026-05-16T05:51:32.738607,44.40,50.00,100.00,0.00
2026-05-16T05:51:32.841550,42.90,42.90,100.00,0.00
2026-05-16T05:51:32.944836,28.60,28.60,100.00,10.00
2026-05-16T05:51:33.047678,50.00,50.00,100.00,0.00
2026-05-16T05:51:33.150980,37.50,42.90,100.00,0.00
2026-05-16T05:51:33.253834,50.00,44.40,100.00,20.00
2026-05-16T05:51:33.356772,42.90,33.30,100.00,0.00
2026-05-16T05:51:33.460033,44.40,44.40,100.00,10.00
2026-05-16T05:51:33.562828,33.30,42.90,100.00,0.00
2026-05-16T05:51:33.665887,44.40,42.90,100.00,0.00
2026-05-16T05:51:33.768826,50.00,44.40,100.00,0.00
2026-05-16T05:51:33.871815,37.50,42.90,100.00,11.10
2026-05-16T05:51:33.974708,28.60,37.50,100.00,11.10
2026-05-16T05:51:34.077433,50.00,37.50,100.00,0.00
2026-05-16T05:51:34.180386,37.50,55.60,100.00,0.00
2026-05-16T05:51:34.283743,50.00,28.60,100.00,11.10
2026-05-16T05:51:34.386856,42.90,55.60,100.00,11.10
2026-05-16T05:51:34.490527,77.80,77.80,100.00,0.00
2026-05-16T05:51:34.594266,81.80,80.00,100.00,22.20
2026-05-16T05:51:34.697935,71.40,77.80,100.00,11.10
2026-05-16T05:51:34.801584,90.00,80.00,100.00,12.50
2026-05-16T05:51:34.905486,77.80,77.80,100.00,12.50
2026-05-16T05:51:35.008926,81.80,88.90,100.00,0.00
2026-05-16T05:51:35.112687,90.90,77.80,100.00,22.20
2026-05-16T05:51:35.216601,88.90,81.80,100.00,0.00
2026-05-16T05:51:35.319964,77.80,87.50,100.00,36.40
2026-05-16T05:51:35.423215,77.80,77.80,100.00,12.50
2026-05-16T05:51:35.526709,80.00,80.00,100.00,0.00
2026-05-16T05:51:35.630507,90.00,77.80,100.00,30.00
2026-05-16T05:51:35.734211,80.00,80.00,100.00,0.00
2026-05-16T05:51:35.837601,88.90,77.80,100.00,12.50
2026-05-16T05:51:35.941641,80.00,90.00,100.00,0.00
2026-05-16T05:51:36.045049,88.90,75.00,100.00,20.00
2026-05-16T05:51:36.148561,77.80,81.80,100.00,0.00
2026-05-16T05:51:36.251694,90.00,90.00,100.00,22.20
2026-05-16T05:51:36.355282,80.00,77.80,100.00,0.00
2026-05-16T05:51:36.458791,80.00,80.00,100.00,0.00
2026-05-16T05:51:36.562915,88.90,77.80,100.00,22.20
2026-05-16T05:51:36.666367,80.00,87.50,100.00,0.00
2026-05-16T05:51:36.769703,75.00,70.00,100.00,12.50
2026-05-16T05:51:36.872958,88.90,88.90,100.00,22.20
2026-05-16T05:51:36.979316,80.00,80.00,100.00,33.30
2026-05-16T05:51:37.082744,90.00,87.50,100.00,22.20
2026-05-16T05:51:37.186098,77.80,80.00,100.00,12.50
2026-05-16T05:51:37.289008,77.80,77.80,100.00,22.20
2026-05-16T05:51:37.392865,80.00,66.70,100.00,0.00
2026-05-16T05:51:37.495978,88.90,88.90,100.00,11.10
2026-05-16T05:51:37.599578,77.80,77.80,100.00,0.00
2026-05-16T05:51:37.702859,80.00,77.80,100.00,22.20
2026-05-16T05:51:37.806198,90.90,80.00,100.00,12.50
2026-05-16T05:51:37.909813,75.00,77.80,100.00,11.10
2026-05-16T05:51:38.013357,81.80,80.00,100.00,22.20
2026-05-16T05:51:38.116629,85.70,80.00,100.00,12.50
2026-05-16T05:51:38.219936,80.00,77.80,100.00,12.50
2026-05-16T05:51:38.323895,77.80,77.80,100.00,12.50
2026-05-16T05:51:38.427016,77.80,80.00,100.00,12.50
2026-05-16T05:51:38.530973,81.80,88.90,100.00,0.00
2026-05-16T05:51:38.634609,77.80,77.80,100.00,20.00
2026-05-16T05:51:38.738160,88.90,81.80,100.00,0.00
2026-05-16T05:51:38.841667,80.00,88.90,100.00,12.50
2026-05-16T05:51:38.946263,75.00,75.00,100.00,12.50
2026-05-16T05:51:39.049849,90.00,90.00,100.00,22.20
2026-05-16T05:51:39.153895,70.00,72.70,100.00,0.00
2026-05-16T05:51:39.257590,77.80,77.80,100.00,22.20
2026-05-16T05:51:39.360602,87.50,77.80,100.00,22.20
2026-05-16T05:51:39.465934,77.80,80.00,100.00,0.00
2026-05-16T05:51:39.569499,80.00,77.80,100.00,12.50
2026-05-16T05:51:39.673166,80.00,80.00,100.00,11.10
2026-05-16T05:51:39.776626,90.00,88.90,100.00,0.00
2026-05-16T05:51:39.880250,77.80,80.00,100.00,22.20
2026-05-16T05:51:39.983743,81.80,83.30,100.00,0.00
2026-05-16T05:51:40.087255,77.80,75.00,100.00,0.00
2026-05-16T05:51:40.190529,87.50,88.90,100.00,20.00
2026-05-16T05:51:40.293672,80.00,80.00,100.00,22.20
2026-05-16T05:51:40.396879,80.00,80.00,100.00,14.30
2026-05-16T05:51:40.500979,87.50,62.50,100.00,20.00
2026-05-16T05:51:40.604659,80.00,77.80,100.00,12.50
2026-05-16T05:51:40.708133,77.80,80.00,100.00,12.50
2026-05-16T05:51:40.811616,77.80,75.00,100.00,0.00
2026-05-16T05:51:40.914838,77.80,80.00,100.00,11.10
2026-05-16T05:51:41.017935,77.80,80.00,100.00,12.50
2026-05-16T05:51:41.121819,81.80,75.00,100.00,11.10
2026-05-16T05:51:41.225373,80.00,80.00,100.00,0.00
2026-05-16T05:51:41.328900,87.50,91.70,100.00,30.00
2026-05-16T05:51:41.432658,80.00,87.50,100.00,12.50
2026-05-16T05:51:41.536352,88.90,75.00,100.00,12.50
2026-05-16T05:51:41.639559,90.90,81.80,100.00,12.50
2026-05-16T05:51:41.743069,77.80,88.90,100.00,12.50
2026-05-16T05:51:41.846708,90.00,80.00,100.00,0.00
2026-05-16T05:51:41.950053,80.00,80.00,100.00,22.20
2026-05-16T05:51:42.053319,88.90,87.50,100.00,0.00
2026-05-16T05:51:42.157192,77.80,80.00,100.00,11.10
2026-05-16T05:51:42.260615,80.00,80.00,100.00,22.20
2026-05-16T05:51:42.363647,77.80,75.00,100.00,12.50
2026-05-16T05:51:42.468455,80.00,80.00,100.00,11.10
2026-05-16T05:51:42.571732,66.70,77.80,100.00,12.50
2026-05-16T05:51:42.675805,75.00,81.80,100.00,12.50
2026-05-16T05:51:42.779227,77.80,70.00,100.00,11.10
2026-05-16T05:51:42.882019,80.00,75.00,100.00,12.50
2026-05-16T05:51:42.985446,80.00,75.00,100.00,0.00
2026-05-16T05:51:43.088692,75.00,80.00,100.00,12.50
2026-05-16T05:51:43.191722,90.00,77.80,100.00,12.50
2026-05-16T05:51:43.295755,77.80,77.80,100.00,22.20
2026-05-16T05:51:43.398973,88.90,88.90,100.00,12.50
2026-05-16T05:51:43.502371,81.80,81.80,100.00,12.50
2026-05-16T05:51:43.606197,90.00,88.90,100.00,12.50
2026-05-16T05:51:43.709477,80.00,75.00,100.00,12.50
2026-05-16T05:51:43.812990,77.80,80.00,100.00,11.10
2026-05-16T05:51:43.916707,77.80,70.00,100.00,12.50
2026-05-16T05:51:44.019753,80.00,80.00,100.00,0.00
2026-05-16T05:51:44.123414,80.00,75.00,100.00,11.10
2026-05-16T05:51:44.227674,88.90,88.90,100.00,25.00
2026-05-16T05:51:44.331003,77.80,80.00,100.00,0.00
2026-05-16T05:51:44.434363,88.90,88.90,100.00,0.00
2026-05-16T05:51:44.537244,80.00,77.80,100.00,12.50
2026-05-16T05:51:44.640745,77.80,77.80,100.00,12.50
2026-05-16T05:51:44.743943,80.00,77.80,100.00,11.10
2026-05-16T05:51:44.847026,70.00,72.70,100.00,12.50
2026-05-16T05:51:44.950899,87.50,77.80,100.00,0.00
2026-05-16T05:51:45.054753,81.80,87.50,100.00,11.10
2026-05-16T05:51:45.158045,80.00,80.00,100.00,22.20
2026-05-16T05:51:45.261793,77.80,80.00,100.00,25.00
2026-05-16T05:51:45.365464,77.80,80.00,100.00,11.10
2026-05-16T05:51:45.468705,80.00,71.40,100.00,0.00
2026-05-16T05:51:45.572211,77.80,80.00,100.00,22.20
2026-05-16T05:51:45.675888,90.00,87.50,100.00,0.00
2026-05-16T05:51:45.779036,80.00,80.00,100.00,12.50
2026-05-16T05:51:45.882436,80.00,77.80,100.00,11.10
2026-05-16T05:51:45.985753,77.80,77.80,100.00,0.00
2026-05-16T05:51:46.089331,88.90,81.80,100.00,12.50
2026-05-16T05:51:46.192783,81.80,77.80,100.00,22.20
2026-05-16T05:51:46.295669,87.50,80.00,100.00,22.20
2026-05-16T05:51:46.398915,80.00,87.50,100.00,0.00
2026-05-16T05:51:46.502281,88.90,81.80,100.00,12.50
2026-05-16T05:51:46.606757,77.80,80.00,100.00,11.10
2026-05-16T05:51:46.709715,80.00,77.80,100.00,12.50
2026-05-16T05:51:46.813252,80.00,88.90,100.00,12.50
2026-05-16T05:51:46.916901,88.90,80.00,100.00,0.00
2026-05-16T05:51:47.020445,80.00,90.00,100.00,33.30
2026-05-16T05:51:47.123592,88.90,80.00,100.00,12.50
2026-05-16T05:51:47.228612,80.00,77.80,100.00,22.20
2026-05-16T05:51:47.332276,87.50,77.80,100.00,12.50
2026-05-16T05:51:47.435561,80.00,90.00,100.00,0.00
2026-05-16T05:51:47.539424,81.80,80.00,100.00,12.50
2026-05-16T05:51:47.642755,75.00,75.00,100.00,20.00
2026-05-16T05:51:47.746147,77.80,81.80,100.00,0.00
2026-05-16T05:51:47.849085,80.00,75.00,100.00,0.00
2026-05-16T05:51:47.952189,80.00,77.80,100.00,20.00
2026-05-16T05:51:48.055209,77.80,70.00,100.00,0.00
2026-05-16T05:51:48.158910,77.80,87.50,100.00,30.00
2026-05-16T05:51:48.262791,90.00,80.00,100.00,0.00
2026-05-16T05:51:48.366046,80.00,75.00,100.00,11.10
2026-05-16T05:51:48.469878,77.80,77.80,100.00,12.50
2026-05-16T05:51:48.573590,77.80,81.80,100.00,12.50
2026-05-16T05:51:48.677214,77.80,77.80,100.00,22.20
2026-05-16T05:51:48.780934,87.50,77.80,100.00,22.20
2026-05-16T05:51:48.884222,80.00,77.80,100.00,0.00
2026-05-16T05:51:48.987607,77.80,77.80,100.00,12.50
2026-05-16T05:51:49.091375,80.00,80.00,100.00,12.50
2026-05-16T05:51:49.194740,80.00,77.80,100.00,0.00
2026-05-16T05:51:49.298619,75.00,81.80,100.00,12.50
2026-05-16T05:51:49.401700,77.80,80.00,100.00,0.00
2026-05-16T05:51:49.504280,22.20,12.50,100.00,0.00
2026-05-16T05:51:49.606845,11.10,0.00,100.00,0.00
2026-05-16T05:51:49.709322,0.00,11.10,100.00,9.10
2026-05-16T05:51:49.811747,11.10,12.50,100.00,10.00
2026-05-16T05:51:49.914197,22.20,0.00,100.00,0.00
2026-05-16T05:51:50.016669,0.00,0.00,100.00,0.00
2026-05-16T05:51:50.118898,12.50,12.50,100.00,0.00
2026-05-16T05:51:50.221376,11.10,11.10,100.00,0.00
2026-05-16T05:51:50.323990,12.50,22.20,100.00,0.00
2026-05-16T05:51:50.426605,11.10,0.00,100.00,10.00
2026-05-16T05:51:50.528902,12.50,0.00,100.00,0.00
2026-05-16T05:51:50.631552,11.10,12.50,100.00,0.00
2026-05-16T05:51:50.733887,12.50,0.00,100.00,9.10
2026-05-16T05:51:50.836330,11.10,12.50,100.00,0.00
2026-05-16T05:51:50.938880,11.10,0.00,100.00,0.00
2026-05-16T05:51:51.041239,12.50,12.50,100.00,0.00
2026-05-16T05:51:51.143832,11.10,0.00,100.00,0.00
2026-05-16T05:51:51.246380,12.50,22.20,100.00,0.00
2026-05-16T05:51:51.348747,11.10,0.00,100.00,0.00
2026-05-16T05:51:51.451222,11.10,0.00,100.00,10.00
2026-05-16T05:51:51.553313,12.50,0.00,100.00,0.00
2026-05-16T05:51:51.655558,11.10,11.10,100.00,0.00
2026-05-16T05:51:51.758442,12.50,12.50,100.00,0.00
2026-05-16T05:51:51.860721,0.00,0.00,100.00,0.00
2026-05-16T05:51:51.963052,12.50,0.00,100.00,10.00
2026-05-16T05:51:52.065848,11.10,12.50,100.00,0.00
2026-05-16T05:51:52.168386,12.50,12.50,100.00,0.00
2026-05-16T05:51:52.270947,12.50,11.10,100.00,0.00
2026-05-16T05:51:52.373856,11.10,0.00,100.00,0.00
2026-05-16T05:51:52.476035,0.00,11.10,100.00,0.00
2026-05-16T05:51:52.578235,11.10,12.50,100.00,0.00
2026-05-16T05:51:52.680468,0.00,0.00,100.00,10.00
2026-05-16T05:51:52.782722,12.50,0.00,100.00,0.00
2026-05-16T05:51:52.884954,11.10,22.20,100.00,10.00
2026-05-16T05:51:52.987504,0.00,0.00,100.00,0.00
2026-05-16T05:51:53.089809,0.00,0.00,100.00,0.00
2026-05-16T05:51:53.192463,11.10,12.50,100.00,0.00
2026-05-16T05:51:53.294913,12.50,12.50,100.00,10.00
2026-05-16T05:51:53.397536,12.50,0.00,100.00,0.00
2026-05-16T05:51:53.499856,11.10,12.50,100.00,0.00
2026-05-16T05:51:53.602277,20.00,12.50,100.00,10.00
2026-05-16T05:51:53.704557,0.00,0.00,100.00,0.00
2026-05-16T05:51:53.806727,0.00,0.00,100.00,0.00
2026-05-16T05:51:53.909024,11.10,11.10,100.00,0.00
2026-05-16T05:51:54.011055,0.00,12.50,100.00,10.00
2026-05-16T05:51:54.113296,11.10,12.50,100.00,0.00
2026-05-16T05:51:54.215461,0.00,0.00,100.00,0.00
2026-05-16T05:51:54.317495,20.00,0.00,100.00,0.00
2026-05-16T05:51:54.419541,12.50,12.50,100.00,0.00
2026-05-16T05:51:54.522000,0.00,12.50,100.00,0.00
2026-05-16T05:51:54.624023,0.00,11.10,100.00,0.00
2026-05-16T05:51:54.726454,11.10,0.00,100.00,0.00
2026-05-16T05:51:54.829305,11.10,12.50,100.00,0.00
2026-05-16T05:51:54.931872,22.20,11.10,100.00,0.00
2026-05-16T05:51:55.034558,12.50,0.00,100.00,10.00
2026-05-16T05:51:55.137350,11.10,0.00,100.00,0.00
2026-05-16T05:51:55.239582,12.50,0.00,100.00,0.00
2026-05-16T05:51:55.341904,11.10,0.00,100.00,9.10
2026-05-16T05:51:55.444459,0.00,12.50,100.00,0.00
2026-05-16T05:51:55.546712,20.00,11.10,100.00,0.00
2026-05-16T05:51:55.649075,12.50,0.00,100.00,10.00
2026-05-16T05:51:55.751457,11.10,0.00,100.00,0.00
2026-05-16T05:51:55.853700,12.50,0.00,100.00,0.00
2026-05-16T05:51:55.955950,11.10,12.50,100.00,10.00
2026-05-16T05:51:56.058302,12.50,0.00,100.00,0.00
2026-05-16T05:51:56.161035,11.10,22.20,100.00,0.00
2026-05-16T05:51:56.263616,22.20,0.00,100.00,0.00
2026-05-16T05:51:56.365697,20.00,0.00,100.00,0.00
2026-05-16T05:51:56.467740,11.10,12.50,100.00,0.00
2026-05-16T05:51:56.570163,0.00,0.00,100.00,0.00
2026-05-16T05:51:56.672562,11.10,0.00,100.00,10.00
2026-05-16T05:51:56.774625,12.50,12.50,100.00,0.00
2026-05-16T05:51:56.876944,11.10,12.50,100.00,0.00
2026-05-16T05:51:56.979181,0.00,0.00,100.00,0.00
2026-05-16T05:51:57.081755,22.20,12.50,100.00,11.10
2026-05-16T05:51:57.184576,0.00,0.00,100.00,0.00
2026-05-16T05:51:57.286983,0.00,11.10,100.00,0.00
2026-05-16T05:51:57.389483,22.20,0.00,100.00,10.00
2026-05-16T05:51:57.491711,0.00,0.00,100.00,0.00
2026-05-16T05:51:57.593708,12.50,12.50,100.00,0.00
2026-05-16T05:51:57.695857,0.00,0.00,100.00,0.00
2026-05-16T05:51:57.798405,12.50,0.00,100.00,0.00
2026-05-16T05:51:57.900743,0.00,12.50,100.00,0.00
2026-05-16T05:51:58.003411,11.10,11.10,100.00,0.00
2026-05-16T05:51:58.105784,12.50,0.00,100.00,10.00
2026-05-16T05:51:58.208321,0.00,11.10,100.00,0.00
2026-05-16T05:51:58.310661,12.50,12.50,100.00,10.00
2026-05-16T05:51:58.413492,22.20,0.00,100.00,10.00
2026-05-16T05:51:58.516201,0.00,0.00,100.00,0.00
2026-05-16T05:51:58.618873,22.20,0.00,100.00,0.00
2026-05-16T05:51:58.721403,0.00,0.00,100.00,0.00
2026-05-16T05:51:58.823826,12.50,12.50,100.00,0.00
2026-05-16T05:51:58.926017,12.50,22.20,100.00,0.00
2026-05-16T05:51:59.028324,11.10,0.00,100.00,0.00
2026-05-16T05:51:59.130678,0.00,0.00,100.00,10.00
2026-05-16T05:51:59.232815,22.20,0.00,100.00,0.00
2026-05-16T05:51:59.335318,11.10,0.00,100.00,11.10
2026-05-16T05:51:59.437466,12.50,0.00,100.00,0.00
2026-05-16T05:51:59.539733,11.10,11.10,100.00,0.00
2026-05-16T05:51:59.641939,11.10,12.50,100.00,0.00
2026-05-16T05:51:59.744632,0.00,11.10,100.00,0.00
2026-05-16T05:51:59.846996,11.10,12.50,100.00,0.00
2026-05-16T05:51:59.949342,11.10,0.00,100.00,0.00
2026-05-16T05:52:00.051817,12.50,0.00,100.00,10.00
2026-05-16T05:52:00.153963,11.10,0.00,100.00,0.00
2026-05-16T05:52:00.256436,0.00,12.50,100.00,10.00
2026-05-16T05:52:00.358835,12.50,0.00,100.00,0.00
2026-05-16T05:52:00.461047,22.20,12.50,100.00,0.00
2026-05-16T05:52:00.563361,0.00,0.00,100.00,0.00
2026-05-16T05:52:00.665629,11.10,12.50,100.00,0.00
2026-05-16T05:52:00.768188,0.00,11.10,100.00,0.00
2026-05-16T05:52:00.870500,11.10,0.00,100.00,9.10
2026-05-16T05:52:00.972795,12.50,11.10,100.00,0.00
2026-05-16T05:52:01.075028,0.00,0.00,100.00,0.00
2026-05-16T05:52:01.177673,0.00,12.50,100.00,0.00
2026-05-16T05:52:01.280060,20.00,0.00,100.00,0.00
2026-05-16T05:52:01.382300,0.00,0.00,100.00,9.10
2026-05-16T05:52:01.484619,22.20,0.00,100.00,0.00
2026-05-16T05:52:01.586987,11.10,12.50,100.00,0.00
2026-05-16T05:52:01.689786,11.10,0.00,100.00,0.00
2026-05-16T05:52:01.792184,22.20,0.00,100.00,0.00
2026-05-16T05:52:01.894786,20.00,0.00,100.00,10.00
2026-05-16T05:52:01.997397,22.20,11.10,100.00,0.00
2026-05-16T05:52:02.099623,11.10,0.00,100.00,10.00
2026-05-16T05:52:02.201908,0.00,11.10,100.00,0.00
2026-05-16T05:52:02.304316,22.20,0.00,100.00,0.00
2026-05-16T05:52:02.406678,11.10,11.10,100.00,0.00
2026-05-16T05:52:02.508931,12.50,0.00,100.00,0.00
2026-05-16T05:52:02.611076,0.00,0.00,100.00,0.00
2026-05-16T05:52:02.713484,22.20,11.10,100.00,9.10
2026-05-16T05:52:02.815657,0.00,0.00,100.00,0.00
2026-05-16T05:52:02.917720,0.00,12.50,100.00,0.00
2026-05-16T05:52:03.020045,11.10,0.00,100.00,0.00
2026-05-16T05:52:03.122331,12.50,0.00,100.00,0.00
2026-05-16T05:52:03.225264,0.00,12.50,100.00,0.00
2026-05-16T05:52:03.327784,22.20,11.10,100.00,0.00
2026-05-16T05:52:03.430074,0.00,12.50,100.00,16.70
2026-05-16T05:52:03.532448,12.50,0.00,100.00,0.00
2026-05-16T05:52:03.634865,0.00,0.00,100.00,0.00
2026-05-16T05:52:03.737367,20.00,22.20,100.00,0.00
2026-05-16T05:52:03.839867,12.50,0.00,100.00,0.00
2026-05-16T05:52:03.942397,11.10,0.00,100.00,0.00
2026-05-16T05:52:04.044918,0.00,0.00,100.00,0.00
2026-05-16T05:52:04.147468,11.10,12.50,100.00,0.00
2026-05-16T05:52:04.249803,0.00,0.00,100.00,0.00
2026-05-16T05:52:04.352397,11.10,0.00,100.00,10.00
2026-05-16T05:52:04.454857,30.00,12.50,100.00,0.00
2026-05-16T05:52:04.557557,0.00,14.30,100.00,0.00
2026-05-16T05:52:04.660107,25.00,22.20,100.00,0.00
2026-05-16T05:52:04.762660,0.00,0.00,100.00,10.00
2026-05-16T05:52:04.865221,25.00,12.50,100.00,10.00
2026-05-16T05:52:04.967617,0.00,25.00,100.00,0.00
2026-05-16T05:52:05.070264,25.00,25.00,100.00,11.10
2026-05-16T05:52:05.172817,12.50,14.30,100.00,10.00
2026-05-16T05:52:05.275444,14.30,0.00,100.00,0.00
2026-05-16T05:52:05.377877,12.50,14.30,100.00,0.00
2026-05-16T05:52:05.480812,14.30,22.20,100.00,0.00
2026-05-16T05:52:05.583191,22.20,0.00,100.00,10.00
2026-05-16T05:52:05.685606,0.00,0.00,100.00,0.00
2026-05-16T05:52:05.788026,22.20,33.30,100.00,0.00
2026-05-16T05:52:05.890575,14.30,0.00,100.00,0.00
2026-05-16T05:52:05.993055,12.50,14.30,100.00,0.00
2026-05-16T05:52:06.095383,14.30,12.50,100.00,0.00
2026-05-16T05:52:06.197929,12.50,14.30,100.00,10.00
2026-05-16T05:52:06.300666,14.30,0.00,100.00,0.00
2026-05-16T05:52:06.403291,25.00,12.50,100.00,0.00
2026-05-16T05:52:06.505656,12.50,14.30,100.00,0.00
2026-05-16T05:52:06.608104,14.30,14.30,100.00,0.00
2026-05-16T05:52:06.710716,0.00,12.50,100.00,0.00
2026-05-16T05:52:06.813019,25.00,25.00,100.00,10.00
2026-05-16T05:52:06.915744,33.30,0.00,100.00,0.00
2026-05-16T05:52:07.019523,0.00,14.30,100.00,0.00
2026-05-16T05:52:07.122371,25.00,33.30,100.00,11.10
2026-05-16T05:52:07.225405,0.00,0.00,100.00,10.00
2026-05-16T05:52:07.328210,12.50,12.50,100.00,0.00
2026-05-16T05:52:07.430809,12.50,25.00,100.00,0.00
2026-05-16T05:52:07.533255,14.30,14.30,100.00,0.00
2026-05-16T05:52:07.635756,0.00,0.00,100.00,10.00
2026-05-16T05:52:07.738380,0.00,25.00,100.00,10.00
2026-05-16T05:52:07.840961,33.30,0.00,100.00,0.00
2026-05-16T05:52:07.943575,0.00,0.00,100.00,0.00
2026-05-16T05:52:08.045797,25.00,25.00,100.00,10.00
2026-05-16T05:52:08.148193,12.50,12.50,100.00,0.00
2026-05-16T05:52:08.250922,0.00,0.00,100.00,0.00
2026-05-16T05:52:08.353728,14.30,14.30,100.00,10.00
2026-05-16T05:52:08.456572,22.20,12.50,100.00,0.00
2026-05-16T05:52:08.559038,0.00,14.30,100.00,0.00
2026-05-16T05:52:08.661603,30.00,14.30,100.00,0.00
2026-05-16T05:52:08.764248,0.00,22.20,100.00,0.00
2026-05-16T05:52:08.866730,14.30,0.00,100.00,0.00
2026-05-16T05:52:08.969549,12.50,14.30,100.00,0.00
2026-05-16T05:52:09.072181,14.30,12.50,100.00,10.00
2026-05-16T05:52:09.174847,12.50,14.30,100.00,0.00
2026-05-16T05:52:09.277486,0.00,14.30,100.00,0.00
2026-05-16T05:52:09.380040,22.20,22.20,100.00,10.00
2026-05-16T05:52:09.482904,25.00,14.30,100.00,0.00
2026-05-16T05:52:09.585711,12.50,0.00,100.00,0.00
2026-05-16T05:52:09.688485,14.30,0.00,100.00,18.20
2026-05-16T05:52:09.791287,12.50,30.00,100.00,0.00
2026-05-16T05:52:09.894015,12.50,0.00,100.00,0.00
2026-05-16T05:52:09.996669,14.30,25.00,100.00,0.00
2026-05-16T05:52:10.099019,22.20,12.50,100.00,0.00
2026-05-16T05:52:10.201548,14.30,0.00,100.00,0.00
2026-05-16T05:52:10.304198,0.00,14.30,100.00,0.00
2026-05-16T05:52:10.406611,25.00,14.30,100.00,11.10
2026-05-16T05:52:10.509193,12.50,14.30,100.00,0.00
2026-05-16T05:52:10.611646,14.30,22.20,100.00,0.00
2026-05-16T05:52:10.714444,0.00,0.00,100.00,0.00
2026-05-16T05:52:10.816893,25.00,0.00,100.00,0.00
2026-05-16T05:52:10.919379,12.50,25.00,100.00,0.00
2026-05-16T05:52:11.021524,0.00,0.00,100.00,10.00
2026-05-16T05:52:11.124268,14.30,14.30,100.00,0.00
2026-05-16T05:52:11.227275,0.00,12.50,100.00,0.00
2026-05-16T05:52:11.329749,25.00,14.30,100.00,11.10
2026-05-16T05:52:11.432279,12.50,0.00,100.00,10.00
2026-05-16T05:52:11.534700,14.30,22.20,100.00,0.00
2026-05-16T05:52:11.637046,25.00,0.00,100.00,10.00
2026-05-16T05:52:11.739672,12.50,14.30,100.00,0.00
2026-05-16T05:52:11.842017,14.30,14.30,100.00,0.00
2026-05-16T05:52:11.944406,14.30,12.50,100.00,0.00
2026-05-16T05:52:12.046610,12.50,14.30,100.00,0.00
2026-05-16T05:52:12.148937,14.30,0.00,100.00,0.00
2026-05-16T05:52:12.251354,12.50,25.00,100.00,11.10
2026-05-16T05:52:12.353797,0.00,25.00,100.00,0.00
2026-05-16T05:52:12.456303,12.50,0.00,100.00,10.00
2026-05-16T05:52:12.558855,12.50,14.30,100.00,0.00
2026-05-16T05:52:12.661202,14.30,0.00,100.00,0.00
2026-05-16T05:52:12.763600,22.20,25.00,100.00,10.00
2026-05-16T05:52:12.866012,25.00,14.30,100.00,0.00
2026-05-16T05:52:12.968625,12.50,12.50,100.00,0.00
2026-05-16T05:52:13.070886,0.00,14.30,100.00,10.00
2026-05-16T05:52:13.173108,0.00,0.00,100.00,0.00
2026-05-16T05:52:13.275720,25.00,30.00,100.00,11.10
2026-05-16T05:52:13.378279,0.00,14.30,100.00,0.00
2026-05-16T05:52:13.481044,12.50,0.00,100.00,0.00
2026-05-16T05:52:13.583651,14.30,0.00,100.00,0.00
2026-05-16T05:52:13.686058,12.50,33.30,100.00,0.00
2026-05-16T05:52:13.788659,14.30,0.00,100.00,10.00
2026-05-16T05:52:13.891088,22.20,22.20,100.00,0.00
2026-05-16T05:52:13.993545,0.00,14.30,100.00,0.00
2026-05-16T05:52:14.095911,12.50,0.00,100.00,0.00
2026-05-16T05:52:14.198177,14.30,25.00,100.00,10.00
2026-05-16T05:52:14.300804,22.20,0.00,100.00,0.00
2026-05-16T05:52:14.403853,22.20,30.00,100.00,10.00
2026-05-16T05:52:14.506675,0.00,0.00,100.00,0.00
2026-05-16T05:52:14.609013,14.30,14.30,100.00,18.20
2026-05-16T05:52:14.711670,12.50,22.20,100.00,0.00
2026-05-16T05:52:14.814016,14.30,14.30,100.00,0.00
2026-05-16T05:52:14.916625,12.50,0.00,100.00,0.00
2026-05-16T05:52:15.019675,12.50,12.50,100.00,0.00
2026-05-16T05:52:15.122204,14.30,25.00,100.00,0.00
2026-05-16T05:52:15.225370,25.00,25.00,100.00,11.10
2026-05-16T05:52:15.327849,14.30,0.00,100.00,0.00
2026-05-16T05:52:15.430373,0.00,14.30,100.00,10.00
2026-05-16T05:52:15.532794,33.30,12.50,100.00,0.00
2026-05-16T05:52:15.635506,0.00,0.00,100.00,10.00
2026-05-16T05:52:15.737994,12.50,12.50,100.00,0.00
2026-05-16T05:52:15.840479,14.30,25.00,100.00,10.00
2026-05-16T05:52:15.943030,22.20,0.00,100.00,0.00
2026-05-16T05:52:16.045424,14.30,12.50,100.00,0.00
2026-05-16T05:52:16.147835,12.50,14.30,100.00,0.00
2026-05-16T05:52:16.250426,12.50,14.30,100.00,0.00
2026-05-16T05:52:16.353315,25.00,12.50,100.00,0.00
2026-05-16T05:52:16.455585,12.50,0.00,100.00,10.00
2026-05-16T05:52:16.558506,25.00,22.20,100.00,0.00
2026-05-16T05:52:16.661082,14.30,14.30,100.00,0.00
2026-05-16T05:52:16.764145,0.00,0.00,100.00,0.00
2026-05-16T05:52:16.866601,12.50,12.50,100.00,0.00
2026-05-16T05:52:16.968932,25.00,14.30,100.00,0.00
2026-05-16T05:52:17.071379,14.30,25.00,100.00,10.00
2026-05-16T05:52:17.173741,12.50,22.20,100.00,0.00
2026-05-16T05:52:17.276192,14.30,0.00,100.00,0.00
2026-05-16T05:52:17.378588,0.00,14.30,100.00,10.00
2026-05-16T05:52:17.481101,25.00,12.50,100.00,0.00
2026-05-16T05:52:17.583630,14.30,14.30,100.00,11.10
2026-05-16T05:52:17.685923,0.00,14.30,100.00,0.00
2026-05-16T05:52:17.788677,12.50,12.50,100.00,0.00
2026-05-16T05:52:17.891181,14.30,0.00,100.00,0.00
2026-05-16T05:52:17.993736,12.50,14.30,100.00,10.00
2026-05-16T05:52:18.096350,22.20,12.50,100.00,0.00
2026-05-16T05:52:18.198663,14.30,12.50,100.00,0.00
2026-05-16T05:52:18.301500,12.50,25.00,100.00,0.00
2026-05-16T05:52:18.404055,14.30,0.00,100.00,10.00
2026-05-16T05:52:18.506611,12.50,22.20,100.00,0.00
2026-05-16T05:52:18.609322,14.30,0.00,100.00,0.00
2026-05-16T05:52:18.712059,14.30,25.00,100.00,0.00
2026-05-16T05:52:18.814602,22.20,22.20,100.00,10.00
2026-05-16T05:52:18.917446,14.30,0.00,100.00,0.00
2026-05-16T05:52:19.019804,12.50,14.30,100.00,0.00
2026-05-16T05:52:19.122356,0.00,12.50,100.00,0.00
2026-05-16T05:52:19.225681,22.20,14.30,100.00,0.00
2026-05-16T05:52:19.328274,14.30,0.00,100.00,0.00
2026-05-16T05:52:19.431817,37.50,37.50,100.00,20.00
2026-05-16T05:52:19.603867,94.10,100.00,100.00,42.90
2026-05-16T05:52:19.708298,80.00,88.90,87.50,25.00
2026-05-16T05:52:19.812592,75.00,83.30,80.00,14.30
2026-05-16T05:52:19.916403,77.80,77.80,77.80,0.00
2026-05-16T05:52:20.020648,77.80,80.00,77.80,12.50
2026-05-16T05:52:20.124756,70.00,80.00,70.00,25.00
2026-05-16T05:52:20.228922,80.00,88.90,75.00,25.00
2026-05-16T05:52:20.333345,77.80,80.00,81.80,12.50
2026-05-16T05:52:20.436731,77.80,90.00,75.00,28.60
2026-05-16T05:52:20.540261,70.00,80.00,77.80,12.50
2026-05-16T05:52:20.643992,80.00,80.00,80.00,14.30
2026-05-16T05:52:20.747927,77.80,80.00,66.70,0.00
2026-05-16T05:52:20.851727,75.00,80.00,80.00,12.50
2026-05-16T05:52:20.956287,80.00,80.00,77.80,14.30
2026-05-16T05:52:21.060352,70.00,88.90,81.80,22.20
2026-05-16T05:52:21.163930,81.80,80.00,77.80,33.30
2026-05-16T05:52:21.267713,71.40,80.00,77.80,14.30
2026-05-16T05:52:21.371966,81.80,80.00,80.00,25.00
2026-05-16T05:52:21.476206,77.80,90.90,80.00,14.30
2026-05-16T05:52:21.580409,77.80,77.80,77.80,0.00
2026-05-16T05:52:21.684441,66.70,77.80,77.80,14.30
2026-05-16T05:52:21.788357,77.80,80.00,77.80,30.00
2026-05-16T05:52:21.891885,70.00,80.00,72.70,14.30
2026-05-16T05:52:21.995722,77.80,80.00,77.80,14.30
2026-05-16T05:52:22.098866,80.00,77.80,75.00,22.20
2026-05-16T05:52:22.202404,70.00,77.80,72.70,12.50
2026-05-16T05:52:22.306658,77.80,77.80,75.00,14.30
2026-05-16T05:52:22.410453,77.80,70.00,75.00,22.20
2026-05-16T05:52:22.514652,80.00,88.90,77.80,14.30
2026-05-16T05:52:22.619327,70.00,77.80,77.80,12.50
2026-05-16T05:52:22.722903,80.00,77.80,77.80,14.30
2026-05-16T05:52:22.826693,77.80,80.00,70.00,25.00
2026-05-16T05:52:22.930440,66.70,80.00,77.80,12.50
2026-05-16T05:52:23.035211,80.00,87.50,77.80,33.30
2026-05-16T05:52:23.139808,77.80,81.80,80.00,0.00
2026-05-16T05:52:23.243019,77.80,77.80,80.00,22.20
2026-05-16T05:52:23.346415,80.00,81.80,77.80,25.00
2026-05-16T05:52:23.450837,75.00,77.80,75.00,12.50
2026-05-16T05:52:23.555255,75.00,80.00,81.80,14.30
2026-05-16T05:52:23.658717,75.00,88.90,75.00,22.20
2026-05-16T05:52:23.762698,75.00,80.00,80.00,25.00
2026-05-16T05:52:23.866737,72.70,75.00,77.80,12.50
2026-05-16T05:52:23.970070,77.80,72.70,72.70,14.30
2026-05-16T05:52:24.074238,66.70,77.80,77.80,0.00
2026-05-16T05:52:24.177447,72.70,77.80,75.00,12.50
2026-05-16T05:52:24.280961,77.80,77.80,77.80,33.30
2026-05-16T05:52:24.384465,80.00,77.80,66.70,12.50
2026-05-16T05:52:24.488494,66.70,77.80,77.80,12.50
2026-05-16T05:52:24.592019,77.80,77.80,77.80,0.00
2026-05-16T05:52:24.696018,66.70,80.00,66.70,12.50
2026-05-16T05:52:24.799507,70.00,80.00,77.80,25.00
2026-05-16T05:52:24.903375,71.40,72.70,70.00,22.20
2026-05-16T05:52:25.007639,80.00,77.80,75.00,14.30
2026-05-16T05:52:25.111520,66.70,77.80,80.00,14.30
2026-05-16T05:52:25.215616,77.80,88.90,75.00,12.50
2026-05-16T05:52:25.319578,77.80,80.00,80.00,33.30
2026-05-16T05:52:25.423252,57.10,77.80,70.00,14.30
2026-05-16T05:52:25.526454,81.80,75.00,77.80,22.20
2026-05-16T05:52:25.630604,66.70,87.50,75.00,0.00
2026-05-16T05:52:25.734903,77.80,80.00,80.00,22.20
2026-05-16T05:52:25.838442,80.00,75.00,75.00,14.30
2026-05-16T05:52:25.942953,66.70,87.50,80.00,12.50
2026-05-16T05:52:26.046651,75.00,70.00,75.00,14.30
2026-05-16T05:52:26.150871,66.70,80.00,66.70,12.50
2026-05-16T05:52:26.255298,75.00,77.80,80.00,33.30
2026-05-16T05:52:26.359483,81.80,90.90,88.90,14.30
2026-05-16T05:52:26.463620,75.00,80.00,70.00,12.50
2026-05-16T05:52:26.567796,70.00,77.80,77.80,0.00
2026-05-16T05:52:26.672067,77.80,81.80,77.80,22.20
2026-05-16T05:52:26.775484,66.70,66.70,66.70,12.50
2026-05-16T05:52:26.879265,71.40,87.50,77.80,14.30
2026-05-16T05:52:26.983600,75.00,80.00,77.80,0.00
2026-05-16T05:52:27.086933,77.80,77.80,80.00,28.60
2026-05-16T05:52:27.190924,70.00,80.00,71.40,22.20
2026-05-16T05:52:27.294911,62.50,77.80,66.70,33.30
2026-05-16T05:52:27.399260,77.80,72.70,77.80,14.30
2026-05-16T05:52:27.503830,80.00,88.90,77.80,0.00
2026-05-16T05:52:27.607879,66.70,70.00,70.00,12.50
2026-05-16T05:52:27.711521,75.00,80.00,71.40,33.30
2026-05-16T05:52:27.815917,72.70,80.00,70.00,12.50
2026-05-16T05:52:27.920014,75.00,80.00,90.00,14.30
2026-05-16T05:52:28.024384,80.00,77.80,66.70,12.50
2026-05-16T05:52:28.128054,70.00,72.70,77.80,25.00
2026-05-16T05:52:28.231969,66.70,71.40,62.50,22.20
2026-05-16T05:52:28.335875,75.00,80.00,77.80,12.50
2026-05-16T05:52:28.440055,77.80,81.80,77.80,14.30
2026-05-16T05:52:28.544031,75.00,88.90,77.80,12.50
2026-05-16T05:52:28.648165,77.80,77.80,75.00,14.30
2026-05-16T05:52:28.752332,80.00,91.70,80.00,14.30
2026-05-16T05:52:28.856364,70.00,80.00,77.80,0.00
2026-05-16T05:52:28.959816,77.80,80.00,70.00,14.30
2026-05-16T05:52:29.063900,75.00,80.00,75.00,22.20
2026-05-16T05:52:29.167753,66.70,77.80,80.00,14.30
2026-05-16T05:52:29.272245,77.80,80.00,70.00,22.20
2026-05-16T05:52:29.376023,70.00,77.80,75.00,25.00
2026-05-16T05:52:29.479686,80.00,75.00,70.00,0.00
2026-05-16T05:52:29.583684,62.50,72.70,77.80,12.50
2026-05-16T05:52:29.687405,81.80,90.00,77.80,37.50
2026-05-16T05:52:29.790905,77.80,77.80,80.00,12.50
2026-05-16T05:52:29.894451,80.00,77.80,66.70,0.00
2026-05-16T05:52:29.997989,62.50,72.70,75.00,12.50
2026-05-16T05:52:30.101992,77.80,77.80,77.80,33.30
2026-05-16T05:52:30.205457,77.80,80.00,70.00,12.50
2026-05-16T05:52:30.309050,80.00,80.00,77.80,14.30
2026-05-16T05:52:30.412979,77.80,80.00,75.00,25.00
2026-05-16T05:52:30.516641,72.70,77.80,81.80,14.30
2026-05-16T05:52:30.619990,75.00,80.00,66.70,0.00
2026-05-16T05:52:30.723925,75.00,77.80,77.80,14.30
2026-05-16T05:52:30.827924,80.00,90.00,77.80,22.20
2026-05-16T05:52:30.931712,66.70,75.00,77.80,14.30
2026-05-16T05:52:31.035233,80.00,80.00,77.80,0.00
2026-05-16T05:52:31.139243,80.00,80.00,70.00,25.00
2026-05-16T05:52:31.242899,77.80,80.00,80.00,33.30
2026-05-16T05:52:31.346775,70.00,80.00,77.80,22.20
2026-05-16T05:52:31.450110,80.00,80.00,77.80,14.30
2026-05-16T05:52:31.554222,75.00,77.80,70.00,25.00
2026-05-16T05:52:31.657739,70.00,80.00,77.80,12.50
2026-05-16T05:52:31.761279,80.00,80.00,70.00,25.00
2026-05-16T05:52:31.864650,70.00,77.80,75.00,12.50
2026-05-16T05:52:31.968685,75.00,80.00,75.00,12.50
2026-05-16T05:52:32.072510,77.80,77.80,66.70,14.30
2026-05-16T05:52:32.176917,80.00,81.80,75.00,25.00
2026-05-16T05:52:32.280939,66.70,80.00,77.80,30.00
2026-05-16T05:52:32.384720,77.80,75.00,75.00,14.30
2026-05-16T05:52:32.489046,75.00,80.00,70.00,14.30
2026-05-16T05:52:32.592932,72.70,81.80,77.80,12.50
2026-05-16T05:52:32.696737,75.00,77.80,72.70,25.00
2026-05-16T05:52:32.800328,77.80,75.00,66.70,12.50
2026-05-16T05:52:32.904284,70.00,77.80,70.00,22.20
2026-05-16T05:52:33.008086,80.00,77.80,77.80,14.30
2026-05-16T05:52:33.112205,77.80,81.80,80.00,12.50
2026-05-16T05:52:33.215583,62.50,70.00,66.70,14.30
2026-05-16T05:52:33.319262,88.90,81.80,80.00,12.50
2026-05-16T05:52:33.423043,80.00,90.00,77.80,25.00
2026-05-16T05:52:33.526885,77.80,80.00,80.00,14.30
2026-05-16T05:52:33.630548,77.80,87.50,80.00,14.30
2026-05-16T05:52:33.734438,81.80,80.00,75.00,30.00
2026-05-16T05:52:33.837791,70.00,75.00,72.70,0.00
2026-05-16T05:52:33.941662,77.80,88.90,77.80,22.20
2026-05-16T05:52:34.046016,77.80,80.00,80.00,14.30
2026-05-16T05:52:34.149801,75.00,80.00,75.00,0.00
2026-05-16T05:52:34.253698,80.00,80.00,81.80,22.20
2026-05-16T05:52:34.357427,66.70,88.90,77.80,0.00
2026-05-16T05:52:34.459837,37.50,33.30,28.60,20.00
2026-05-16T05:52:34.562467,0.00,0.00,0.00,0.00
2026-05-16T05:52:34.664895,0.00,11.10,22.20,10.00
2026-05-16T05:52:34.767339,22.20,0.00,11.10,0.00
2026-05-16T05:52:34.869801,0.00,22.20,0.00,0.00
2026-05-16T05:52:34.972224,0.00,0.00,12.50,0.00
2026-05-16T05:52:35.074520,0.00,0.00,0.00,10.00
2026-05-16T05:52:35.176887,0.00,0.00,0.00,0.00
2026-05-16T05:52:35.279201,22.20,0.00,0.00,0.00
2026-05-16T05:52:35.381416,0.00,11.10,22.20,0.00
2026-05-16T05:52:35.483803,11.10,0.00,0.00,0.00
2026-05-16T05:52:35.586099,0.00,0.00,12.50,10.00
2026-05-16T05:52:35.688494,12.50,12.50,11.10,0.00
2026-05-16T05:52:35.791081,0.00,11.10,0.00,0.00
2026-05-16T05:52:35.893695,12.50,0.00,11.10,0.00
2026-05-16T05:52:35.996326,0.00,0.00,0.00,9.10
2026-05-16T05:52:36.098553,12.50,11.10,0.00,11.10
2026-05-16T05:52:36.200969,11.10,0.00,0.00,0.00
2026-05-16T05:52:36.303369,12.50,11.10,11.10,0.00
2026-05-16T05:52:36.405698,0.00,12.50,0.00,0.00
2026-05-16T05:52:36.564876,9.10,9.10,25.00,14.30
2026-05-16T05:52:36.667255,14.30,0.00,100.00,10.00
2026-05-16T05:52:36.769824,22.20,14.30,100.00,0.00
2026-05-16T05:52:36.872081,22.20,22.20,100.00,10.00
2026-05-16T05:52:36.974467,0.00,12.50,100.00,10.00
2026-05-16T05:52:37.077249,22.20,14.30,100.00,0.00
2026-05-16T05:52:37.179913,14.30,14.30,100.00,0.00
2026-05-16T05:52:37.282980,12.50,25.00,100.00,0.00
2026-05-16T05:52:37.385351,0.00,12.50,100.00,10.00
2026-05-16T05:52:37.487581,12.50,14.30,100.00,0.00
2026-05-16T05:52:37.589947,12.50,12.50,100.00,0.00
2026-05-16T05:52:37.692865,25.00,0.00,100.00,0.00
2026-05-16T05:52:37.795305,12.50,25.00,100.00,0.00
2026-05-16T05:52:37.897676,0.00,14.30,100.00,0.00
2026-05-16T05:52:38.000189,14.30,0.00,100.00,0.00
2026-05-16T05:52:38.102737,12.50,12.50,100.00,0.00
2026-05-16T05:52:38.204988,22.20,0.00,100.00,0.00
2026-05-16T05:52:38.307721,12.50,22.20,100.00,10.00
2026-05-16T05:52:38.409754,14.30,14.30,100.00,0.00
2026-05-16T05:52:38.512385,0.00,0.00,100.00,0.00
2026-05-16T05:52:38.614913,12.50,25.00,100.00,0.00
2026-05-16T05:52:38.717299,25.00,14.30,100.00,0.00
2026-05-16T05:52:38.820064,0.00,0.00,100.00,0.00
2026-05-16T05:52:38.922685,0.00,0.00,100.00,0.00
2026-05-16T05:52:39.025528,12.50,14.30,100.00,0.00
2026-05-16T05:52:39.127949,12.50,12.50,100.00,10.00
2026-05-16T05:52:39.230536,22.20,0.00,100.00,10.00
2026-05-16T05:52:39.332858,0.00,14.30,100.00,0.00
2026-05-16T05:52:39.435480,14.30,12.50,100.00,10.00
2026-05-16T05:52:39.537738,12.50,12.50,100.00,0.00
2026-05-16T05:52:39.640333,22.20,0.00,100.00,10.00
2026-05-16T05:52:39.742896,12.50,22.20,100.00,0.00
2026-05-16T05:52:39.845630,12.50,12.50,100.00,0.00
2026-05-16T05:52:39.947998,14.30,0.00,100.00,0.00
2026-05-16T05:52:40.050586,12.50,12.50,100.00,0.00
2026-05-16T05:52:40.152911,12.50,0.00,100.00,10.00
2026-05-16T05:52:40.255619,12.50,14.30,100.00,0.00
2026-05-16T05:52:40.358072,14.30,12.50,100.00,0.00
2026-05-16T05:52:40.460653,22.20,25.00,100.00,11.10
2026-05-16T05:52:40.562929,14.30,14.30,100.00,0.00
2026-05-16T05:52:40.665238,12.50,22.20,100.00,0.00
2026-05-16T05:52:40.767927,0.00,0.00,100.00,0.00
2026-05-16T05:52:40.870649,14.30,14.30,100.00,0.00
2026-05-16T05:52:40.973603,22.20,0.00,100.00,0.00
2026-05-16T05:52:41.076006,12.50,14.30,100.00,0.00
2026-05-16T05:52:41.178643,14.30,0.00,100.00,10.00
2026-05-16T05:52:41.280995,0.00,22.20,100.00,11.10
2026-05-16T05:52:41.383287,14.30,14.30,100.00,10.00
2026-05-16T05:52:41.485845,12.50,0.00,100.00,0.00
2026-05-16T05:52:41.588271,22.20,14.30,100.00,0.00
2026-05-16T05:52:41.690986,12.50,14.30,100.00,0.00
2026-05-16T05:52:41.793550,14.30,12.50,100.00,0.00
2026-05-16T05:52:41.896620,12.50,12.50,100.00,0.00
2026-05-16T05:52:41.999067,25.00,14.30,100.00,10.00
2026-05-16T05:52:42.101572,0.00,0.00,100.00,0.00
2026-05-16T05:52:42.203991,22.20,12.50,100.00,0.00
2026-05-16T05:52:42.306927,14.30,25.00,100.00,0.00
2026-05-16T05:52:42.409621,12.50,0.00,100.00,10.00
2026-05-16T05:52:42.512459,22.20,12.50,100.00,0.00
2026-05-16T05:52:42.614683,12.50,14.30,100.00,10.00
2026-05-16T05:52:42.717215,12.50,0.00,100.00,0.00
2026-05-16T05:52:42.819733,12.50,22.20,100.00,0.00
2026-05-16T05:52:42.922266,14.30,12.50,100.00,0.00
2026-05-16T05:52:43.024907,22.20,14.30,100.00,0.00
2026-05-16T05:52:43.127315,0.00,12.50,100.00,0.00
2026-05-16T05:52:43.231275,12.50,14.30,100.00,11.10
2026-05-16T05:52:43.334265,14.30,0.00,100.00,0.00
2026-05-16T05:52:43.436412,12.50,14.30,100.00,0.00
2026-05-16T05:52:43.538797,12.50,12.50,100.00,0.00
2026-05-16T05:52:43.641433,12.50,12.50,100.00,10.00
2026-05-16T05:52:43.743850,25.00,14.30,100.00,0.00
2026-05-16T05:52:43.846124,12.50,0.00,100.00,0.00
2026-05-16T05:52:43.948639,0.00,0.00,100.00,18.20
2026-05-16T05:52:44.051204,0.00,12.50,100.00,0.00
2026-05-16T05:52:44.153663,12.50,14.30,100.00,0.00
2026-05-16T05:52:44.255991,14.30,0.00,100.00,0.00
2026-05-16T05:52:44.358477,12.50,12.50,100.00,0.00
2026-05-16T05:52:44.460798,22.20,14.30,100.00,0.00
2026-05-16T05:52:44.563185,14.30,14.30,100.00,0.00
2026-05-16T05:52:44.665587,12.50,12.50,100.00,0.00
2026-05-16T05:52:44.768158,12.50,12.50,100.00,11.10
2026-05-16T05:52:44.870438,0.00,14.30,100.00,0.00
2026-05-16T05:52:44.972793,0.00,0.00,100.00,0.00
2026-05-16T05:52:45.075237,30.00,30.00,100.00,0.00
2026-05-16T05:52:45.177712,12.50,0.00,100.00,10.00
2026-05-16T05:52:45.280440,0.00,22.20,100.00,0.00
2026-05-16T05:52:45.383347,12.50,0.00,100.00,0.00
2026-05-16T05:52:45.485732,12.50,12.50,100.00,0.00
2026-05-16T05:52:45.588491,0.00,0.00,100.00,0.00
2026-05-16T05:52:45.690946,22.20,25.00,100.00,0.00
2026-05-16T05:52:45.793555,14.30,12.50,100.00,18.20
2026-05-16T05:52:45.895969,12.50,14.30,100.00,0.00
2026-05-16T05:52:45.998411,0.00,0.00,100.00,0.00
2026-05-16T05:52:46.100722,12.50,0.00,100.00,0.00
2026-05-16T05:52:46.203189,12.50,25.00,100.00,0.00
2026-05-16T05:52:46.305422,14.30,0.00,100.00,10.00
2026-05-16T05:52:46.408231,0.00,25.00,100.00,0.00
2026-05-16T05:52:46.510638,12.50,12.50,100.00,0.00
2026-05-16T05:52:46.613092,22.20,14.30,100.00,0.00
2026-05-16T05:52:46.715699,0.00,0.00,100.00,11.10
2026-05-16T05:52:46.818024,12.50,12.50,100.00,0.00
2026-05-16T05:52:46.920441,12.50,14.30,100.00,0.00
2026-05-16T05:52:47.022846,0.00,22.20,100.00,0.00
2026-05-16T05:52:47.125410,22.20,14.30,100.00,11.10
2026-05-16T05:52:47.227884,12.50,25.00,100.00,0.00
2026-05-16T05:52:47.330052,14.30,0.00,100.00,10.00
2026-05-16T05:52:47.432497,12.50,0.00,100.00,0.00
2026-05-16T05:52:47.534857,12.50,22.20,100.00,10.00
2026-05-16T05:52:47.637033,14.30,0.00,100.00,0.00
2026-05-16T05:52:47.739621,22.20,12.50,100.00,18.20
2026-05-16T05:52:47.842217,12.50,0.00,100.00,0.00
2026-05-16T05:52:47.944711,12.50,12.50,100.00,0.00
2026-05-16T05:52:48.046883,0.00,0.00,100.00,0.00
2026-05-16T05:52:48.149306,0.00,14.30,100.00,0.00
2026-05-16T05:52:48.251954,22.20,22.20,100.00,0.00
2026-05-16T05:52:48.354321,14.30,0.00,100.00,0.00
2026-05-16T05:52:48.456780,12.50,14.30,100.00,0.00
2026-05-16T05:52:48.559514,12.50,12.50,100.00,0.00
2026-05-16T05:52:48.662101,12.50,14.30,100.00,10.00
2026-05-16T05:52:48.764814,14.30,22.20,100.00,0.00
2026-05-16T05:52:48.867789,22.20,14.30,100.00,0.00
2026-05-16T05:52:48.970408,12.50,0.00,100.00,0.00
2026-05-16T05:52:49.072929,22.20,22.20,100.00,0.00
2026-05-16T05:52:49.175262,14.30,0.00,100.00,0.00
2026-05-16T05:52:49.277696,22.20,12.50,100.00,10.00
2026-05-16T05:52:49.380624,12.50,0.00,100.00,0.00
2026-05-16T05:52:49.483497,44.40,44.40,100.00,0.00
2026-05-16T05:52:49.585818,42.90,50.00,100.00,10.00
2026-05-16T05:52:49.688990,50.00,33.30,100.00,11.10
2026-05-16T05:52:49.792105,44.40,28.60,100.00,0.00
2026-05-16T05:52:49.895083,20.00,42.90,100.00,0.00
2026-05-16T05:52:49.997786,50.00,44.40,100.00,0.00
2026-05-16T05:52:50.100923,33.30,42.90,100.00,20.00
2026-05-16T05:52:50.203919,44.40,37.50,100.00,0.00
2026-05-16T05:52:50.306789,33.30,55.60,100.00,11.10
2026-05-16T05:52:50.409915,42.90,42.90,100.00,11.10
2026-05-16T05:52:50.512681,37.50,28.60,100.00,0.00
2026-05-16T05:52:50.615476,44.40,37.50,100.00,10.00
2026-05-16T05:52:50.718338,42.90,42.90,100.00,0.00
2026-05-16T05:52:50.821138,44.40,28.60,100.00,11.10
2026-05-16T05:52:50.924029,42.90,50.00,100.00,0.00
2026-05-16T05:52:51.026932,44.40,37.50,100.00,0.00
2026-05-16T05:52:51.129723,42.90,37.50,100.00,20.00
2026-05-16T05:52:51.232282,37.50,42.90,100.00,0.00
2026-05-16T05:52:51.334964,37.50,37.50,100.00,0.00
2026-05-16T05:52:51.437732,33.30,42.90,100.00,20.00
2026-05-16T05:52:51.540706,37.50,42.90,100.00,0.00
2026-05-16T05:52:51.643081,50.00,44.40,100.00,11.10
2026-05-16T05:52:51.746023,37.50,33.30,100.00,0.00
2026-05-16T05:52:51.848895,55.60,28.60,100.00,11.10
2026-05-16T05:52:51.951947,28.60,42.90,100.00,11.10
2026-05-16T05:52:52.054825,28.60,37.50,100.00,0.00
2026-05-16T05:52:52.157429,50.00,33.30,100.00,0.00
2026-05-16T05:52:52.260427,28.60,28.60,100.00,0.00
2026-05-16T05:52:52.363937,28.60,37.50,100.00,11.10
2026-05-16T05:52:52.466866,50.00,42.90,100.00,11.10
2026-05-16T05:52:52.569395,44.40,37.50,100.00,10.00
2026-05-16T05:52:52.672072,42.90,50.00,100.00,0.00
2026-05-16T05:52:52.774662,42.90,33.30,100.00,11.10
2026-05-16T05:52:52.877489,37.50,44.40,100.00,11.10
2026-05-16T05:52:52.980077,42.90,33.30,100.00,0.00
2026-05-16T05:52:53.082939,37.50,33.30,100.00,11.10
2026-05-16T05:52:53.185952,50.00,44.40,100.00,0.00
2026-05-16T05:52:53.288789,37.50,37.50,100.00,0.00
2026-05-16T05:52:53.391643,42.90,42.90,100.00,20.00
2026-05-16T05:52:53.494101,37.50,37.50,100.00,0.00
2026-05-16T05:52:53.596668,37.50,33.30,100.00,0.00
2026-05-16T05:52:53.699441,50.00,44.40,100.00,11.10
2026-05-16T05:52:53.802389,37.50,33.30,100.00,11.10
2026-05-16T05:52:53.905021,28.60,37.50,100.00,0.00
2026-05-16T05:52:54.007774,55.60,42.90,100.00,11.10
2026-05-16T05:52:54.110731,28.60,37.50,100.00,0.00
2026-05-16T05:52:54.213706,44.40,20.00,100.00,11.10
2026-05-16T05:52:54.316796,42.90,44.40,100.00,11.10
2026-05-16T05:52:54.419555,42.90,50.00,100.00,11.10
2026-05-16T05:52:54.522230,44.40,44.40,100.00,0.00
2026-05-16T05:52:54.624897,28.60,33.30,100.00,0.00
2026-05-16T05:52:54.727611,42.90,55.60,100.00,11.10
2026-05-16T05:52:54.830468,37.50,37.50,100.00,11.10
2026-05-16T05:52:54.933233,37.50,37.50,100.00,0.00
2026-05-16T05:52:55.036365,44.40,42.90,100.00,0.00
2026-05-16T05:52:55.139124,33.30,28.60,100.00,11.10
2026-05-16T05:52:55.242512,50.00,50.00,100.00,11.10
2026-05-16T05:52:55.345667,37.50,50.00,100.00,11.10
2026-05-16T05:52:55.449323,42.90,28.60,100.00,0.00
2026-05-16T05:52:55.552404,37.50,50.00,100.00,20.00
2026-05-16T05:52:55.655307,42.90,37.50,100.00,0.00
2026-05-16T05:52:55.757974,28.60,33.30,100.00,11.10
2026-05-16T05:52:55.861003,37.50,44.40,100.00,0.00
2026-05-16T05:52:55.963675,42.90,42.90,100.00,0.00
2026-05-16T05:52:56.066213,44.40,28.60,100.00,20.00
2026-05-16T05:52:56.168665,42.90,50.00,100.00,0.00
2026-05-16T05:52:56.271484,28.60,28.60,100.00,0.00
2026-05-16T05:52:56.374339,44.40,37.50,100.00,0.00
2026-05-16T05:52:56.477047,33.30,42.90,100.00,11.10
2026-05-16T05:52:56.579926,44.40,44.40,100.00,11.10
2026-05-16T05:52:56.682791,50.00,42.90,100.00,11.10
2026-05-16T05:52:56.785551,44.40,37.50,100.00,0.00
2026-05-16T05:52:56.888665,42.90,33.30,100.00,10.00
2026-05-16T05:52:56.991512,44.40,44.40,100.00,11.10
2026-05-16T05:52:57.094252,42.90,42.90,100.00,0.00
2026-05-16T05:52:57.197456,50.00,33.30,100.00,12.50
2026-05-16T05:52:57.300099,28.60,37.50,100.00,20.00
2026-05-16T05:52:57.403352,55.60,42.90,100.00,11.10
2026-05-16T05:52:57.506090,37.50,55.60,100.00,0.00
2026-05-16T05:52:57.609562,42.90,37.50,100.00,11.10
2026-05-16T05:52:57.712576,37.50,42.90,100.00,0.00
2026-05-16T05:52:57.815245,42.90,28.60,100.00,0.00
2026-05-16T05:52:57.917987,44.40,37.50,100.00,11.10
2026-05-16T05:52:58.020756,33.30,33.30,100.00,0.00
2026-05-16T05:52:58.123489,28.60,37.50,100.00,10.00
2026-05-16T05:52:58.226592,44.40,42.90,100.00,0.00
2026-05-16T05:52:58.329910,33.30,28.60,100.00,11.10
2026-05-16T05:52:58.432678,44.40,33.30,100.00,11.10
2026-05-16T05:52:58.536242,50.00,44.40,100.00,0.00
2026-05-16T05:52:58.639448,37.50,42.90,100.00,0.00
2026-05-16T05:52:58.742216,42.90,37.50,100.00,11.10
2026-05-16T05:52:58.845280,44.40,42.90,100.00,0.00
2026-05-16T05:52:58.948444,33.30,37.50,100.00,10.00
2026-05-16T05:52:59.051216,44.40,42.90,100.00,0.00
2026-05-16T05:52:59.154202,33.30,37.50,100.00,0.00
2026-05-16T05:52:59.256840,44.40,50.00,100.00,27.30
2026-05-16T05:52:59.359602,33.30,37.50,100.00,11.10
2026-05-16T05:52:59.462624,37.50,33.30,100.00,11.10
2026-05-16T05:52:59.565358,37.50,37.50,100.00,0.00
2026-05-16T05:52:59.668317,44.40,42.90,100.00,11.10
2026-05-16T05:52:59.771495,33.30,37.50,100.00,0.00
2026-05-16T05:52:59.875211,44.40,42.90,100.00,0.00
2026-05-16T05:52:59.977791,42.90,44.40,100.00,0.00
2026-05-16T05:53:00.080948,50.00,33.30,100.00,20.00
2026-05-16T05:53:00.183880,28.60,37.50,100.00,0.00
2026-05-16T05:53:00.286978,44.40,42.90,100.00,0.00
2026-05-16T05:53:00.389681,42.90,37.50,100.00,11.10
2026-05-16T05:53:00.492732,44.40,50.00,100.00,11.10
2026-05-16T05:53:00.595631,33.30,44.40,100.00,0.00
2026-05-16T05:53:00.698369,50.00,20.00,100.00,11.10
2026-05-16T05:53:00.801086,28.60,37.50,100.00,11.10
2026-05-16T05:53:00.904130,42.90,42.90,100.00,0.00
2026-05-16T05:53:01.007169,16.70,37.50,100.00,11.10
2026-05-16T05:53:01.109968,50.00,42.90,100.00,0.00
2026-05-16T05:53:01.212917,28.60,37.50,100.00,11.10
2026-05-16T05:53:01.315904,42.90,42.90,100.00,11.10
2026-05-16T05:53:01.418619,44.40,28.60,100.00,0.00
2026-05-16T05:53:01.521592,28.60,50.00,100.00,0.00
2026-05-16T05:53:01.624491,37.50,37.50,100.00,18.20
2026-05-16T05:53:01.727956,37.50,28.60,100.00,0.00
2026-05-16T05:53:01.831018,42.90,50.00,100.00,0.00
2026-05-16T05:53:01.933839,44.40,28.60,100.00,0.00
2026-05-16T05:53:02.036521,50.00,42.90,100.00,0.00
2026-05-16T05:53:02.139269,28.60,37.50,100.00,0.00
2026-05-16T05:53:02.242544,44.40,37.50,100.00,18.20
2026-05-16T05:53:02.345453,28.60,42.90,100.00,0.00
2026-05-16T05:53:02.448058,50.00,37.50,100.00,11.10
2026-05-16T05:53:02.550804,37.50,42.90,100.00,0.00
2026-05-16T05:53:02.653563,33.30,28.60,100.00,11.10
2026-05-16T05:53:02.756018,50.00,50.00,100.00,0.00
2026-05-16T05:53:02.859079,33.30,28.60,100.00,0.00
2026-05-16T05:53:02.962426,28.60,44.40,100.00,11.10
2026-05-16T05:53:03.065339,50.00,33.30,100.00,10.00
2026-05-16T05:53:03.168205,33.30,44.40,100.00,0.00
2026-05-16T05:53:03.270997,44.40,42.90,100.00,0.00
2026-05-16T05:53:03.373987,50.00,42.90,100.00,11.10
2026-05-16T05:53:03.477030,28.60,28.60,100.00,11.10
2026-05-16T05:53:03.580003,42.90,42.90,100.00,10.00
2026-05-16T05:53:03.682797,28.60,37.50,100.00,11.10
2026-05-16T05:53:03.785876,42.90,42.90,100.00,0.00
2026-05-16T05:53:03.888658,55.60,50.00,100.00,11.10
2026-05-16T05:53:03.991513,16.70,28.60,100.00,0.00
2026-05-16T05:53:04.094671,44.40,55.60,100.00,11.10
2026-05-16T05:53:04.197210,42.90,37.50,100.00,10.00
2026-05-16T05:53:04.300067,37.50,50.00,100.00,0.00
2026-05-16T05:53:04.402357,28.60,28.60,100.00,0.00
2026-05-16T05:53:04.504437,20.00,11.10,100.00,0.00
2026-05-16T05:53:04.606558,11.10,0.00,100.00,0.00
2026-05-16T05:53:04.708701,0.00,10.00,100.00,0.00
2026-05-16T05:53:04.810918,11.10,11.10,100.00,9.10
2026-05-16T05:53:04.913113,10.00,0.00,100.00,0.00
2026-05-16T05:53:05.015944,20.00,10.00,100.00,0.00
2026-05-16T05:53:05.118244,18.20,0.00,100.00,0.00
2026-05-16T05:53:05.220583,11.10,0.00,100.00,0.00
2026-05-16T05:53:05.322986,18.20,0.00,100.00,10.00
2026-05-16T05:53:05.425522,20.00,11.10,100.00,9.10
2026-05-16T05:53:05.528040,0.00,0.00,100.00,0.00
2026-05-16T05:53:05.630260,11.10,11.10,100.00,10.00
2026-05-16T05:53:05.732350,11.10,0.00,100.00,0.00
2026-05-16T05:53:05.835200,10.00,0.00,100.00,0.00
2026-05-16T05:53:05.937993,27.30,0.00,100.00,0.00
2026-05-16T05:53:06.040496,11.10,11.10,100.00,0.00
2026-05-16T05:53:06.143084,0.00,11.10,100.00,0.00
2026-05-16T05:53:06.245141,0.00,10.00,100.00,0.00
2026-05-16T05:53:06.347467,10.00,0.00,100.00,0.00
2026-05-16T05:53:06.449912,11.10,11.10,100.00,9.10
2026-05-16T05:53:06.552018,11.10,0.00,100.00,0.00
2026-05-16T05:53:06.654607,0.00,11.10,100.00,0.00
2026-05-16T05:53:06.756810,20.00,0.00,100.00,0.00
2026-05-16T05:53:06.858879,10.00,11.10,100.00,0.00
2026-05-16T05:53:06.961060,11.10,11.10,100.00,0.00
2026-05-16T05:53:07.063467,10.00,0.00,100.00,9.10
2026-05-16T05:53:07.165473,27.30,12.50,100.00,0.00
2026-05-16T05:53:07.267656,0.00,0.00,100.00,0.00
2026-05-16T05:53:07.369752,11.10,10.00,100.00,0.00
2026-05-16T05:53:07.472249,0.00,10.00,100.00,0.00
2026-05-16T05:53:07.574207,11.10,0.00,100.00,0.00
2026-05-16T05:53:07.676392,0.00,11.10,100.00,0.00
2026-05-16T05:53:07.778604,10.00,11.10,100.00,10.00
2026-05-16T05:53:07.880719,0.00,10.00,100.00,0.00
2026-05-16T05:53:07.982835,10.00,0.00,100.00,0.00
2026-05-16T05:53:08.084918,20.00,0.00,100.00,0.00
2026-05-16T05:53:08.186907,0.00,0.00,100.00,10.00
2026-05-16T05:53:08.288995,10.00,0.00,100.00,0.00
2026-05-16T05:53:08.390936,11.10,11.10,100.00,0.00
2026-05-16T05:53:08.494950,10.00,0.00,100.00,10.00
2026-05-16T05:53:08.596989,11.10,10.00,100.00,0.00
2026-05-16T05:53:08.699314,0.00,20.00,100.00,0.00
2026-05-16T05:53:08.801902,20.00,0.00,100.00,0.00
2026-05-16T05:53:08.904410,20.00,0.00,100.00,0.00
2026-05-16T05:53:09.006701,10.00,0.00,100.00,0.00
2026-05-16T05:53:09.108948,11.10,10.00,100.00,0.00
2026-05-16T05:53:09.211143,10.00,0.00,100.00,0.00
2026-05-16T05:53:09.313328,0.00,11.10,100.00,0.00
2026-05-16T05:53:09.415363,18.20,0.00,100.00,0.00
2026-05-16T05:53:09.517452,11.10,11.10,100.00,0.00
2026-05-16T05:53:09.619372,0.00,11.10,100.00,0.00
2026-05-16T05:53:09.721462,11.10,0.00,100.00,0.00
2026-05-16T05:53:09.823464,10.00,0.00,100.00,0.00
2026-05-16T05:53:09.925598,11.10,0.00,100.00,9.10
2026-05-16T05:53:10.027903,0.00,20.00,100.00,0.00
2026-05-16T05:53:10.129994,11.10,0.00,100.00,0.00
2026-05-16T05:53:10.232428,10.00,0.00,100.00,0.00
2026-05-16T05:53:10.334822,0.00,0.00,100.00,0.00
2026-05-16T05:53:10.437050,20.00,11.10,100.00,0.00
2026-05-16T05:53:10.539329,0.00,10.00,100.00,0.00
2026-05-16T05:53:10.641727,10.00,0.00,100.00,9.10
2026-05-16T05:53:10.744458,0.00,11.10,100.00,0.00
2026-05-16T05:53:10.846937,20.00,10.00,100.00,9.10
2026-05-16T05:53:10.949590,18.20,0.00,100.00,0.00
2026-05-16T05:53:11.052043,0.00,10.00,100.00,0.00
2026-05-16T05:53:11.154435,10.00,11.10,100.00,0.00
2026-05-16T05:53:11.256668,0.00,0.00,100.00,0.00
2026-05-16T05:53:11.358827,10.00,0.00,100.00,0.00
2026-05-16T05:53:11.461082,11.10,11.10,100.00,0.00
2026-05-16T05:53:11.563284,11.10,0.00,100.00,0.00
2026-05-16T05:53:11.665323,10.00,0.00,100.00,9.10
2026-05-16T05:53:11.767428,0.00,10.00,100.00,0.00
2026-05-16T05:53:11.869467,18.20,11.10,100.00,0.00
2026-05-16T05:53:11.971609,10.00,11.10,100.00,0.00
2026-05-16T05:53:12.073710,0.00,11.10,100.00,0.00
2026-05-16T05:53:12.175688,20.00,10.00,100.00,0.00
2026-05-16T05:53:12.278031,10.00,0.00,100.00,0.00
2026-05-16T05:53:12.380207,0.00,11.10,100.00,0.00
2026-05-16T05:53:12.482385,20.00,0.00,100.00,10.00
2026-05-16T05:53:12.584494,10.00,0.00,100.00,0.00
2026-05-16T05:53:12.686437,11.10,11.10,100.00,0.00
2026-05-16T05:53:12.788579,0.00,0.00,100.00,0.00
2026-05-16T05:53:12.890794,10.00,10.00,100.00,0.00
2026-05-16T05:53:12.992815,0.00,0.00,100.00,10.00
2026-05-16T05:53:13.095020,18.20,11.10,100.00,0.00
2026-05-16T05:53:13.197068,11.10,0.00,100.00,0.00
2026-05-16T05:53:13.299323,0.00,0.00,100.00,10.00
2026-05-16T05:53:13.401460,11.10,11.10,100.00,0.00
2026-05-16T05:53:13.503539,0.00,20.00,100.00,0.00
2026-05-16T05:53:13.605868,11.10,0.00,100.00,0.00
2026-05-16T05:53:13.708029,11.10,11.10,100.00,0.00
2026-05-16T05:53:13.810618,0.00,0.00,100.00,0.00
2026-05-16T05:53:13.912870,11.10,10.00,100.00,0.00
2026-05-16T05:53:14.015571,0.00,0.00,100.00,0.00
2026-05-16T05:53:14.117803,11.10,0.00,100.00,0.00
2026-05-16T05:53:14.220653,18.20,10.00,100.00,0.00
2026-05-16T05:53:14.322716,11.10,11.10,100.00,0.00
2026-05-16T05:53:14.424749,0.00,11.10,100.00,0.00
2026-05-16T05:53:14.526852,0.00,0.00,100.00,9.10
2026-05-16T05:53:14.629025,10.00,11.10,100.00,0.00
2026-05-16T05:53:14.731221,0.00,0.00,100.00,10.00
2026-05-16T05:53:14.833460,18.20,0.00,100.00,0.00
2026-05-16T05:53:14.935669,11.10,0.00,100.00,0.00
2026-05-16T05:53:15.037817,10.00,10.00,100.00,0.00
2026-05-16T05:53:15.140087,11.10,11.10,100.00,10.00
2026-05-16T05:53:15.242369,11.10,11.10,100.00,0.00
2026-05-16T05:53:15.344795,10.00,11.10,100.00,0.00
2026-05-16T05:53:15.448907,11.10,0.00,100.00,10.00
2026-05-16T05:53:15.550940,11.10,11.10,100.00,0.00
2026-05-16T05:53:15.652988,0.00,11.10,100.00,0.00
2026-05-16T05:53:15.755122,0.00,0.00,100.00,0.00
2026-05-16T05:53:15.857623,20.00,0.00,100.00,0.00
2026-05-16T05:53:15.959965,0.00,10.00,100.00,0.00
2026-05-16T05:53:16.062085,10.00,0.00,100.00,0.00
2026-05-16T05:53:16.164281,10.00,0.00,100.00,10.00
2026-05-16T05:53:16.266546,20.00,10.00,100.00,0.00
2026-05-16T05:53:16.368722,0.00,11.10,100.00,0.00
2026-05-16T05:53:16.470887,27.30,0.00,100.00,0.00
2026-05-16T05:53:16.573174,0.00,10.00,100.00,0.00
2026-05-16T05:53:16.675400,0.00,0.00,100.00,0.00
2026-05-16T05:53:16.777637,11.10,0.00,100.00,0.00
2026-05-16T05:53:16.880095,0.00,0.00,100.00,9.10
2026-05-16T05:53:16.982471,11.10,0.00,100.00,0.00
2026-05-16T05:53:17.084806,0.00,27.30,100.00,0.00
2026-05-16T05:53:17.187269,27.30,0.00,100.00,9.10
2026-05-16T05:53:17.289867,10.00,0.00,100.00,0.00
2026-05-16T05:53:17.392619,0.00,11.10,100.00,0.00
2026-05-16T05:53:17.494964,11.10,0.00,100.00,10.00
2026-05-16T05:53:17.597468,18.20,0.00,100.00,0.00
2026-05-16T05:53:17.699935,11.10,20.00,100.00,0.00
2026-05-16T05:53:17.802095,10.00,10.00,100.00,0.00
2026-05-16T05:53:17.904320,11.10,11.10,100.00,0.00
2026-05-16T05:53:18.006563,10.00,0.00,100.00,0.00
2026-05-16T05:53:18.108878,0.00,0.00,100.00,0.00
2026-05-16T05:53:18.211237,20.00,0.00,100.00,0.00
2026-05-16T05:53:18.313821,0.00,0.00,100.00,0.00
2026-05-16T05:53:18.416277,20.00,0.00,100.00,0.00
2026-05-16T05:53:18.518745,11.10,11.10,100.00,0.00
2026-05-16T05:53:18.621217,11.10,0.00,100.00,9.10
2026-05-16T05:53:18.723345,10.00,11.10,100.00,0.00
2026-05-16T05:53:18.825356,0.00,0.00,100.00,0.00
2026-05-16T05:53:18.927414,10.00,0.00,100.00,0.00
2026-05-16T05:53:19.029381,0.00,20.00,100.00,0.00
2026-05-16T05:53:19.131341,10.00,11.10,100.00,0.00
2026-05-16T05:53:19.233458,27.30,0.00,100.00,0.00
2026-05-16T05:53:19.335533,0.00,10.00,100.00,0.00
2026-05-16T05:53:19.438496,11.10,0.00,100.00,0.00
2026-05-16T05:53:19.541405,25.00,25.00,100.00,10.00
2026-05-16T05:53:19.644495,33.30,25.00,100.00,0.00
2026-05-16T05:53:19.746934,16.70,16.70,100.00,11.10
2026-05-16T05:53:19.849871,0.00,14.30,100.00,0.00
2026-05-16T05:53:19.952474,25.00,25.00,100.00,0.00
2026-05-16T05:53:20.054996,0.00,25.00,100.00,0.00
2026-05-16T05:53:20.157657,33.30,25.00,100.00,10.00
2026-05-16T05:53:20.260115,0.00,0.00,100.00,0.00
2026-05-16T05:53:20.363102,25.00,25.00,100.00,0.00
2026-05-16T05:53:20.465729,14.30,14.30,100.00,0.00
2026-05-16T05:53:20.569024,37.50,25.00,100.00,18.20
2026-05-16T05:53:20.671788,25.00,28.60,100.00,0.00
2026-05-16T05:53:20.774394,0.00,0.00,100.00,0.00
2026-05-16T05:53:20.876977,28.60,33.30,100.00,0.00
2026-05-16T05:53:20.979550,14.30,0.00,100.00,0.00
2026-05-16T05:53:21.082296,22.20,14.30,100.00,0.00
2026-05-16T05:53:21.185074,0.00,14.30,100.00,20.00
2026-05-16T05:53:21.287730,33.30,25.00,100.00,0.00
2026-05-16T05:53:21.390756,14.30,16.70,100.00,0.00
2026-05-16T05:53:21.493576,14.30,25.00,100.00,0.00
2026-05-16T05:53:21.596041,25.00,14.30,100.00,10.00
2026-05-16T05:53:21.699201,14.30,28.60,100.00,0.00
2026-05-16T05:53:21.801709,25.00,0.00,100.00,0.00
2026-05-16T05:53:21.904029,25.00,33.30,100.00,10.00
2026-05-16T05:53:22.006938,0.00,14.30,100.00,0.00
2026-05-16T05:53:22.109856,25.00,25.00,100.00,10.00
2026-05-16T05:53:22.212587,25.00,14.30,100.00,0.00
2026-05-16T05:53:22.315637,0.00,14.30,100.00,10.00
2026-05-16T05:53:22.418068,33.30,25.00,100.00,0.00
2026-05-16T05:53:22.520595,25.00,0.00,100.00,0.00
2026-05-16T05:53:22.622964,14.30,25.00,100.00,0.00
2026-05-16T05:53:22.725412,14.30,0.00,100.00,0.00
2026-05-16T05:53:22.828469,14.30,14.30,100.00,0.00
2026-05-16T05:53:22.931220,14.30,25.00,100.00,20.00
2026-05-16T05:53:23.033937,14.30,25.00,100.00,0.00
2026-05-16T05:53:23.136629,14.30,14.30,100.00,0.00
2026-05-16T05:53:23.239064,25.00,33.30,100.00,0.00
2026-05-16T05:53:23.341860,14.30,16.70,100.00,0.00
2026-05-16T05:53:23.444508,25.00,0.00,100.00,10.00
2026-05-16T05:53:23.547080,14.30,16.70,100.00,0.00
2026-05-16T05:53:23.649724,14.30,25.00,100.00,10.00
2026-05-16T05:53:23.752440,33.30,14.30,100.00,0.00
2026-05-16T05:53:23.855152,0.00,0.00,100.00,0.00
2026-05-16T05:53:23.957927,14.30,33.30,100.00,11.10
2026-05-16T05:53:24.060682,33.30,14.30,100.00,0.00
2026-05-16T05:53:24.162901,14.30,28.60,100.00,0.00
2026-05-16T05:53:24.265890,16.70,14.30,100.00,0.00
2026-05-16T05:53:24.368735,25.00,14.30,100.00,0.00
2026-05-16T05:53:24.471616,14.30,33.30,100.00,0.00
2026-05-16T05:53:24.574078,14.30,0.00,100.00,10.00
2026-05-16T05:53:24.676634,25.00,28.60,100.00,10.00
2026-05-16T05:53:24.779642,0.00,14.30,100.00,0.00
2026-05-16T05:53:24.882021,25.00,25.00,100.00,0.00
2026-05-16T05:53:24.984726,25.00,25.00,100.00,0.00
2026-05-16T05:53:25.087058,25.00,25.00,100.00,0.00
2026-05-16T05:53:25.189848,14.30,16.70,100.00,0.00
2026-05-16T05:53:25.292276,33.30,25.00,100.00,18.20
2026-05-16T05:53:25.394588,25.00,28.60,100.00,0.00
2026-05-16T05:53:25.497077,25.00,14.30,100.00,0.00
2026-05-16T05:53:25.599615,14.30,25.00,100.00,10.00
2026-05-16T05:53:25.702389,37.50,28.60,100.00,0.00
