Random waveform, supplied seed
Total number of intervals = 900 (6927, 52892, 98921, 61129, 40613, 53226, 38560, 103465, 104758, 94759, 37799, 8296, 69443, 12517, 43591, 20430, 93758, 10485, 16518, 83230, 5484, 55611, 20774, 96726, 32442, 73039, 74055, 51197, 59442, 35654, 78747, 42212, 52488, 36950, 16762, 79473, 61431, 87172, 108181, 80515, 37149, 13444, 72057, 70041, 90162, 52082, 24258, 72013, 58012, 45398, 50177, 34504, 66010, 73937, 55020, 53235, 97743, 5419, 14764, 7451, 48208, 16149, 78989, 18886, 75954, 44409, 16431, 85707, 58253, 103867, 21604, 90401, 84467, 99700, 32052, 18173, 67789, 51929, 83850, 18614, 29315, 108090, 27024, 49907, 9150, 34328, 51881, 14569, 81517, 78694, 93409, 39093, 18729, 70818, 21942, 91810, 39588, 40957, 62645, 15539, 107672, 32954, 58866, 23739, 54701, 60706, 72350, 58661, 34912, 103268, 38703, 83358, 57408, 86837, 33517, 66204, 73758, 99742, 109462, 94453, 44096, 100467, 8576, 59359, 7614, 60329, 43762, 67038, 26095, 71173, 109276, 13150, 61250, 84472, 82226, 27671, 98736, 106314, 105027, 96867, 89493, 50538, 22083, 48618, 94298, 63579, 64573, 77178, 29824, 64495, 20917, 85651, 61935, 50216, 72251, 71798, 19701, 24952, 81838, 26648, 24837, 29420, 103882, 70314, 61679, 49557, 19325, 9128, 94933, 24327, 71896, 93771, 20452, 42338, 72627, 80603, 49049, 92305, 56889, 78036, 71583, 72609, 107382, 86530, 16550, 84534, 72631, 49291, 62175, 80213, 16566, 53985, 101949, 24076, 52574, 106271, 105451, 86087, 29108, 101115, 74326, 75832, 94901, 15809, 28874, 51882, 32653, 41676, 63019, 99164, 47055, 62394, 98519, 32122, 49464, 24034, 77363, 91698, 38997, 86028, 83012, 15024, 56640, 97362, 107412, 65030, 79278, 47544, 105368, 58181, 56960, 14849, 63672, 48289, 11797, 10781, 49362, 102119, 46213, 97025, 18351, 21426, 43013, 67376, 36043, 6255, 102499, 26263, 56974, 40869, 46514, 11431, 58600, 68058, 54502, 64022, 52142, 101375, 40606, 47485, 48977, 38615, 80279, 75843, 67095, 41325, 55752, 85561, 14194, 88002, 90515, 109283, 26699, 37400, 19307, 11527, 83787, 22209, 75169, 73833, 94641, 61338, 91825, 77235, 37257, 32057, 108618, 72930, 43714, 87369, 56640, 97360, 79788, 11352, 87962, 40663, 59386, 48302, 19398, 82197, 77387, 72753, 7720, 46279, 42102, 90892, 39976, 61084, 16735, 45909, 28976, 84704, 101822, 92571, 12106, 58568, 51319, 21556, 14191, 29072, 16350, 86891, 104441, 8906, 42175, 51797, 76678, 19630, 100132, 40498, 108559, 23964, 70760, 99567, 107548, 53742, 103931, 60359, 9725, 52014, 40053, 86436, 23983, 66595, 26056, 51764, 40202, 76665, 11133, 80405, 79106, 97258, 36307, 28636, 41620, 75736, 44979, 31478, 37586, 108330, 64301, 11203, 7291, 87477, 77485, 42055, 26865, 94592, 66869, 17835, 55977, 82437, 15775, 87559, 105401, 88752, 94531, 101303, 86640, 84818, 20221, 43599, 52779, 89855, 48532, 107423, 46535, 47535, 49633, 30334, 17207, 106074, 48912, 96483, 39228, 92350, 85084, 81993, 101617, 16730, 71079, 108942, 55406, 42279, 21876, 34140, 42897, 18462, 100375, 41347, 101594, 47486, 73393, 51134, 58201, 71020, 72071, 93446, 28724, 59269, 74624, 52368, 9687, 44165, 6895, 55457, 61164, 108384, 33319, 97895, 39720, 68554, 86849, 30264, 100754, 98098, 86028, 93054, 42348, 29490, 18187, 95113, 8570, 62285, 52582, 34260, 59493, 58208, 93458, 18056, 94134, 37808, 53481, 25666, 108853, 41576, 70282, 45769, 92383, 12100, 67747, 68933, 63242, 72993, 51022, 67069, 24895, 68588, 42706, 49479, 64792, 73879, 31893, 74262, 57246, 91617, 55173, 108633, 15720, 99961, 102613, 57169, 56950, 49938, 5383, 39719, 36653, 69482, 46749, 65109, 46501, 109480, 69433, 58157, 70737, 34617, 77563, 90036, 36689, 46832, 104903, 14153, 21674, 5689, 37781, 15507, 102064, 71340, 79815, 44352, 109562, 86219, 47335, 41962, 45802, 13389, 95780, 87844, 55903, 100902, 70988, 53831, 26948, 32347, 41050, 56197, 94617, 71839, 79082, 107630, 60164, 97878, 63680, 73888, 65499, 96906, 103287, 49664, 32535, 46477, 7459, 74137, 57061, 34213, 7432, 41605, 32998, 61636, 64695, 14063, 91302, 6064, 41354, 19863, 19488, 14040, 19538, 20199, 106657, 92457, 92780, 68203, 81753, 57748, 21027, 49680, 82042, 93691, 45291, 30437, 67422, 69956, 35404, 80225, 105585, 20088, 12672, 15696, 25951, 65007, 10189, 78008, 12678, 15922, 41774, 38788, 34559, 54825, 42697, 12669, 70047, 96137, 92934, 20597, 66597, 59987, 58456, 59958, 98221, 55912, 39018, 18747, 60013, 85584, 84809, 85435, 94907, 16437, 78505, 77219, 86414, 73427, 100497, 96416, 71637, 33216, 58699, 53809, 72797, 107267, 55877, 70507, 46741, 36507, 30697, 25261, 25212, 33805, 76345, 95558, 28428, 21673, 89018, 46753, 34034, 47329, 56893, 38690, 79988, 107429, 43713, 76624, 71700, 40703, 95489, 18531, 99369, 29286, 42988, 69249, 7889, 51783, 38634, 86204, 109534, 45136, 59949, 61681, 76329, 44322, 20698, 84853, 75889, 98396, 53818, 26200, 54761, 12268, 52324, 106440, 7154, 87362, 43716, 26737, 41596, 85490, 77612, 78124, 69632, 39180, 15803, 36987, 19833, 46567, 57368, 36003, 68916, 93229, 46632, 93663, 106418, 60496, 109057, 96861, 86255, 25686, 17483, 29211, 55328, 87592, 23882, 44790, 12236, 42928, 103959, 97347, 68379, 92596, 10055, 29634, 9324, 30076, 100150, 27527, 95171, 40523, 11422, 9200, 42816, 10698, 22301, 48159, 39987, 33067, 62704, 52778, 75981, 74522, 14533, 5566, 78062, 82399, 108638, 93541, 47145, 109796, 26597, 7034, 72616, 13584, 19750, 109139, 15150, 74389, 87266, 108170, 103631, 44587, 66411, 89167, 35723, 85827, 78806, 89641, 14186, 52308, 56743, 38302, 71662, 36015, 65048, 72989, 76390, 24409, 85530, 8346, 69627, 70266, 89525, 70975, 46633, 16963, 109556, 91124, 51505, 93804, 58474, 43487, 61792, 59548, 43635, 27536, 42828, 109424, 78273, 60279, 35178, 67279, 80752, 35012, 7936, 8578, 89696, 5569, 26905, 42389, 84689, 59305, 44512, 72395, 74619, 67302, 57822, 8117, 106178, 25089, 68848, 98941, 78157, 109857, 108875, 86646, 83239, 51061, 89906, 56601, 71203, 95942, 71622, 97182, 27718, 46519, 83197, 79080, 69401, 45684, 18120, 21245, 39039, 67458, 42773, 20690, 63440, 41615, 97229, 86249, 20807, 26130, 30510, 43868, 55324, 20437, 9548, 12101, 72073, 21310, 90755, 51252, 53070, 48181, 97336, 91976, 94742, 66079, 79328, 45235, 35310, 76589, 107175, 78127, 13331, 59382, 87477, 92020, 109297, 42293, 52962, 23492, 12594, 69120, 57144, 57232, 71593, 40799, 29614, 106611, 50009, 47727, 15204, 50703, 60979, 37662, 16932, 100183, 69175, 27515, 106411, 49629, 63537, 88081, 55527, 69558, 60702, 13487, 67037, 8281, 34986, 82336, 101465, 82733)
Average QPS expected = 57816
Timestamp start: 1778955700600
Timestamp end: 1778958401132

#type       avg     std     min      p5     p10     p50     p67     p75     p80     p85     p90     p95     p99    p999   p9999      QPS   target
read      234.3    65.1   101.3   160.0   173.0   228.5   251.1   264.7   273.7   285.5   298.0   319.5   380.9   625.9  2193.1   6803.7     6927
read      267.2   106.6    80.4   135.8   151.0   255.5   312.9   337.9   354.4   372.4   396.5   430.7   500.5   673.9  2487.4  52586.7    52892
read      245.0    97.9    74.4   126.7   140.5   226.2   276.3   304.8   323.8   345.7   374.1   419.1   502.8   742.3  1094.4  99391.3    98921
read      264.1   103.5    80.4   133.7   149.1   248.6   306.2   333.9   352.4   373.1   399.6   436.4   507.3   630.5  2020.4  61448.0    61129
read      286.8   147.0    80.4   146.7   163.3   277.5   326.5   349.3   365.9   385.4   410.3   450.9   558.7  1642.1  5303.9  40553.0    40613
read      283.9   119.1    80.4   135.7   151.7   264.7   324.6   356.7   381.1   410.3   444.2   497.5   611.6   824.0  1764.7  53148.7    53226
read      287.9   122.4    74.4   144.5   161.3   278.7   329.8   355.3   373.2   396.5   424.6   464.4   556.2  1450.1  2623.0  38687.3    38560
read      269.7   200.1    74.4   131.1   146.2   236.3   287.8   316.1   337.1   362.6   397.4   458.1   802.2  3163.4  4384.9 103460.7   103465
read      250.3   111.5    74.4   128.8   143.0   229.8   278.9   306.8   326.1   348.8   379.5   427.8   542.1  1056.6  2256.3 104887.0   104758
read      250.3   109.6    74.4   127.7   141.5   228.7   280.8   309.7   329.8   353.1   383.9   430.6   539.3  1034.8  2297.5  94824.7    94759
read      273.5    98.6    80.4   141.8   157.8   269.9   316.9   338.7   353.7   370.7   393.8   427.3   501.4   737.6  1878.7  37697.0    37799
read      238.2    87.9    86.8   157.3   170.3   230.0   256.3   270.0   279.8   291.7   307.4   331.7   396.5  1036.2  3632.0   8313.3     8296
read      279.2   135.9    80.4   128.2   142.3   248.1   312.5   348.5   378.6   415.8   462.0   531.9   698.8  1015.2  1548.9  69460.7    69443
read      260.7   187.2    86.8   158.8   172.9   246.6   277.4   292.6   303.7   316.4   334.4   364.5   532.8  2307.5  7568.3  12625.3    12517
read      282.0   139.1    74.4   136.2   151.3   265.6   322.9   350.4   370.5   394.7   424.6   468.1   584.6  1759.8  2892.6  43555.0    43591
read      273.3   148.2    86.8   153.2   168.5   266.0   302.2   318.8   331.4   344.7   364.5   395.6   500.5  2222.7  7208.6  20579.7    20430
read      436.3   613.6    80.4   138.1   156.0   273.2   341.8   393.1   438.7   510.5   703.3  1408.4  3318.5  7371.7  9036.4  93832.7    93758
read      248.3   146.4    93.8   155.0   168.2   235.2   264.9   280.1   291.1   304.1   319.6   346.6   446.6  1936.3  5484.7  10444.0    10485
read      269.9   165.0    93.8   155.6   170.9   258.4   290.9   307.1   317.7   332.1   349.0   378.7   563.5  2253.0  4707.8  16465.0    16518
read      301.5   277.1    74.4   125.1   139.5   240.9   308.6   351.4   390.1   436.8   497.4   602.2  1124.5  3902.8  7602.5  83075.7    83230
read      219.2   103.4   101.3   149.5   159.7   208.5   229.4   242.0   252.0   263.8   277.4   301.5   398.2  1691.0  3324.8   5472.3     5484
read      275.3   147.1    74.4   127.7   142.0   250.8   313.1   344.6   368.2   397.1   431.1   482.0   620.0  1965.6  2972.5  55479.7    55611
read      267.0    96.3    86.8   152.2   167.7   264.4   299.8   316.7   329.1   342.7   361.8   391.3   463.1  1054.8  2411.3  20837.0    20774
read      277.5   237.8    74.4   129.0   143.4   234.0   288.4   318.2   340.3   367.2   404.1   474.6  1235.7  3294.7  7224.5  96752.7    96726
read      275.4   100.4    86.8   148.3   163.9   275.1   316.7   336.1   349.0   365.3   385.8   418.7   494.0   690.0  2643.0  32478.3    32442
read      278.2   144.9    74.4   127.0   141.0   243.1   308.9   345.6   376.1   415.9   464.1   534.1   714.2  1233.3  2754.8  72906.3    73039
read      280.9   201.1    80.4   124.0   138.2   240.3   306.5   344.1   373.8   412.6   459.9   530.2   776.9  2490.2  6692.0  73981.7    74055
read      280.9   160.6    74.4   130.8   145.7   257.2   318.2   349.3   372.4   400.8   434.5   484.5   613.4  2117.8  3763.8  51191.7    51197
read      283.9   158.4    74.4   128.2   142.6   255.0   319.5   355.4   382.5   414.8   453.1   509.6   724.3  1805.9  3270.2  59510.3    59442
read      275.3   130.6    74.4   138.1   152.9   265.7   315.4   339.1   355.8   374.4   400.6   436.8   531.5  1856.3  2939.0  35657.0    35654
read      288.8   234.2    74.4   122.7   136.9   239.3   307.2   347.2   381.1   423.0   474.3   558.4   961.5  3043.7  7630.5  78744.0    78747
read      280.3   158.4    80.4   135.1   150.1   263.9   319.4   346.6   366.9   390.3   418.7   460.1   581.7  2147.7  4114.7  42451.7    42212
read      285.1   148.4    80.4   131.0   146.3   260.9   323.2   356.4   380.8   410.7   447.8   501.5   683.2  1725.7  2775.3  52891.3    52488
read      278.2   154.7    80.4   138.8   154.0   267.9   318.5   342.8   360.4   380.6   407.4   444.6   542.4  1659.6  7511.5  36814.7    36950
read      260.9   102.9    86.8   153.5   168.8   255.8   289.5   306.1   316.9   330.7   346.3   374.6   446.9  1287.7  2874.4  16893.0    16762
read      302.2   248.2    80.4   127.6   141.9   246.9   315.1   359.6   397.3   444.0   503.9   607.3  1058.5  3121.7  7474.0  79642.3    79473
read      286.0   198.4    74.4   128.4   142.8   253.3   318.3   354.0   380.7   413.7   453.4   509.8   720.4  2768.0  6073.8  61426.7    61431
read      313.8   265.4    74.4   128.2   142.6   245.3   312.7   359.3   403.3   463.7   543.8   709.3  1237.9  3071.8  7236.8  87067.3    87172
read      280.7   269.7    74.4   131.1   146.5   239.8   291.9   320.0   341.3   367.7   403.5   467.1  1065.8  3726.3  7586.4 108066.7   108181
read      252.3   105.5    74.4   126.9   140.8   230.6   286.8   316.9   337.8   362.1   393.2   436.2   531.9   758.2  1606.3  80199.7    80515
read      275.8   106.7    80.4   143.6   159.8   273.2   320.0   340.5   355.0   371.1   393.9   427.3   501.0   691.1  2741.8  37132.7    37149
read      246.8    84.9    93.8   153.9   167.4   241.2   271.1   286.6   296.6   309.6   323.8   346.1   412.1  1001.7  3108.0  13456.7    13444
read      278.8   188.9    74.4   123.3   137.4   240.2   307.1   344.0   372.8   407.6   450.4   512.3   771.9  2676.2  3971.9  71983.3    72057
read      281.6   199.9    74.4   123.4   137.7   241.5   308.6   346.3   377.0   414.7   459.9   527.3   752.0  2800.0  5266.2  69983.7    70041
read      311.8   279.4    74.4   126.7   141.0   240.9   307.0   352.9   397.4   456.7   535.6   699.1  1284.8  3400.9  7359.5  90385.3    90162
read      279.0   163.0    74.4   129.2   143.7   254.4   316.5   347.3   370.1   397.2   430.5   479.2   642.0  2138.3  4016.3  52444.7    52082
read      267.3   128.3    86.8   146.5   162.0   263.5   301.3   318.6   331.1   344.2   363.5   392.9   465.7  1745.3  4633.9  24365.7    24258
read      278.3   185.4    74.4   122.8   136.9   240.7   307.5   344.3   373.4   409.2   454.0   516.8   755.7  2430.4  6027.1  72092.0    72013
read      281.9   176.1    74.4   128.0   142.4   253.5   317.0   350.5   375.6   406.3   444.8   500.0   657.3  2591.4  3822.8  58085.0    58012
read      282.1   169.9    80.4   132.9   148.1   262.6   319.5   348.0   369.3   394.5   426.1   469.6   590.2  2507.4  4348.5  45332.0    45398
read      278.1   152.5    74.4   130.1   144.8   256.9   316.2   345.8   368.3   394.9   427.3   472.4   599.0  2325.6  3090.9  50275.3    50177
read      278.6   148.5    80.4   140.9   156.3   268.7   317.0   340.5   357.5   376.4   402.8   440.1   539.6  1653.0  3738.7  34455.3    34504
read      302.1   246.6    74.4   128.8   143.2   255.3   322.1   361.9   394.2   431.8   479.3   563.3  1123.6  2970.9  7868.5  65908.7    66010
read      339.2   455.5    74.4   127.9   142.5   252.2   317.7   357.2   390.5   431.6   487.0   591.4  2738.3  6034.4  7997.3  73732.7    73937
read      295.5   220.0    80.4   132.2   147.7   260.8   324.9   359.6   386.4   418.9   459.4   525.4   833.7  2820.5  8227.4  55030.3    55020
read      290.7   166.2    80.4   133.6   148.9   262.9   325.6   359.1   384.5   415.2   453.7   512.2   768.3  2205.3  3169.2  53145.0    53235
read      288.2   303.1    74.4   130.0   144.8   238.1   292.4   322.4   344.3   371.9   411.5   480.1  1495.8  3738.3  7628.3  97564.0    97743
read      225.0    68.8    93.8   154.4   165.8   218.6   239.7   253.0   262.8   273.1   288.0   310.8   367.2   711.0  2639.4   5471.7     5419
read      258.6    84.6   101.3   159.8   174.6   255.4   287.0   302.2   312.9   324.7   340.3   365.2   427.9   669.7  3065.3  14645.3    14764
read      229.6   116.8    93.8   153.1   164.9   220.5   243.5   257.6   267.7   278.7   293.0   316.3   382.1  1717.8  4031.5   7553.0     7451
read      276.5   149.1    74.4   131.7   146.6   256.9   316.5   345.1   366.2   391.5   423.0   468.4   575.1  1935.6  3901.6  48363.7    48208
read      250.8    81.2    93.8   151.4   166.0   246.0   278.5   293.7   304.8   316.8   333.6   359.4   423.3   925.5  2225.0  16188.0    16149
read      323.2   283.3    74.4   131.7   147.0   255.5   325.1   374.0   417.2   470.1   543.7   691.3  1297.2  3712.2  7229.4  78982.0    78989
read      258.9    81.1    93.8   151.5   166.8   256.2   290.0   306.2   316.7   329.9   345.2   371.4   434.9   940.7  1951.0  18956.7    18886
read      319.4   257.0    74.4   132.9   148.1   259.5   330.6   379.3   420.9   469.9   536.2   654.1  1188.0  3142.2  7361.4  76266.0    75954
read      290.4   190.0    80.4   137.7   152.7   269.3   327.1   356.4   377.9   404.0   433.9   479.5   621.2  2785.9  6792.3  44531.0    44409
read      253.0    89.7    93.8   152.1   166.5   248.5   281.4   297.1   308.3   319.5   336.2   361.7   422.5  1098.3  2492.8  16403.7    16431
read      329.9   317.7    74.4   130.3   145.4   250.7   318.3   366.8   412.5   473.3   562.9   756.7  1496.0  4180.6  7612.2  85754.0    85707
read      285.4   187.8    74.4   128.5   142.9   253.4   317.6   352.3   379.1   411.4   450.9   506.8   724.4  2677.8  4310.2  58026.0    58253
read      291.0   289.4    74.4   130.5   145.7   239.7   293.9   323.7   346.2   375.4   418.5   507.9  1478.7  3605.3  7907.2 103854.0   103867
read      266.8    85.6    80.4   152.5   168.9   266.4   300.1   316.0   327.6   341.0   358.8   386.2   452.6   795.8  2470.6  21682.0    21604
read      310.5   224.5    74.4   131.4   146.4   248.0   312.5   357.1   399.6   460.4   545.4   711.1  1128.3  2135.6  4888.4  90558.3    90401
read      314.3   261.4    74.4   128.8   143.7   248.4   315.8   362.5   405.0   461.8   536.7   687.9  1253.2  3127.9  5513.4  84220.0    84467
read      286.2   284.7    74.4   130.4   145.5   239.7   293.5   323.8   346.3   374.4   414.8   481.7  1293.6  3689.2  7994.3  99348.0    99700
read      275.7   102.3    86.8   146.4   162.6   274.1   317.0   336.7   349.8   366.3   387.4   420.5   501.5   920.5  3876.4  31964.7    32052
read      262.6   108.4    93.8   153.1   168.3   257.1   291.2   308.1   319.0   333.2   349.2   376.7   461.4  1426.9  3129.9  18055.3    18173
read      300.3   196.9    74.4   130.2   144.9   257.1   326.1   367.7   400.9   441.2   494.0   579.4   928.4  2173.6  4596.1  67682.3    67789
read      282.6   158.7    80.4   131.6   146.7   259.3   320.3   352.0   374.7   402.1   435.6   486.6   627.6  2092.5  3575.9  51870.0    51929
read      294.8   260.3    74.4   124.0   138.1   236.8   305.7   348.4   386.3   432.3   490.4   581.7  1082.3  3537.4  7375.0  83996.3    83850
read      263.3   103.4    86.8   153.3   168.7   258.7   292.9   309.5   320.2   334.3   350.1   374.9   455.4  1500.9  3095.7  18528.3    18614
read      277.1   106.5    86.8   146.4   162.0   272.8   316.1   337.1   351.7   369.3   392.5   427.2   505.9  1301.6  2527.5  29356.3    29315
read      281.4   272.0    74.4   131.2   146.4   239.8   291.9   320.2   342.2   369.0   406.2   473.3  1036.7  3798.1  7812.7 107750.3   108090
read      270.4    82.2    86.8   150.9   166.8   272.4   309.1   325.7   337.4   350.4   368.6   398.0   462.2   606.1  1436.0  27004.7    27024
read      278.2   129.3    74.4   133.6   149.2   260.9   320.4   349.8   371.5   397.9   429.9   476.2   581.9   874.1  3659.8  49909.7    49907
read      236.9   104.8   101.3   154.9   167.1   227.8   253.5   268.3   278.2   290.0   304.8   328.8   403.2  1318.1  3956.3   9215.3     9150
read      282.6   124.8    86.8   143.9   159.1   273.4   320.8   344.8   363.2   384.5   411.5   453.5   550.3  1613.9  3035.9  34265.7    34328
read      280.0   160.4    74.4   129.7   144.5   255.5   316.2   347.6   371.4   400.3   434.2   488.3   646.6  2042.9  4363.6  51725.7    51881
read      253.6   107.5    93.8   154.5   169.1   246.1   278.7   294.6   306.0   317.9   335.2   362.3   433.0  1255.7  3643.1  14543.7    14569
read      297.1   238.2    74.4   125.0   139.1   240.3   308.0   351.0   390.9   440.0   502.0   608.5  1075.0  2898.2  7122.7  81481.3    81517
read      306.8   265.1    74.4   128.0   142.0   247.6   316.6   363.0   403.6   455.1   518.1   626.6  1071.9  3222.0  8041.3  78654.3    78694
read      276.2   270.8    74.4   127.6   142.0   234.2   288.6   318.1   339.6   366.3   401.5   465.7  1015.9  3508.7  8058.1  93510.3    93409
read      270.3    97.6    74.4   139.7   155.1   265.3   313.7   335.8   350.6   368.1   391.2   427.1   503.5   699.4  1782.6  39131.7    39093
read      267.7    87.7    93.8   155.4   172.3   265.9   299.7   315.9   327.6   340.8   358.8   387.1   458.6   939.6  3157.1  18758.3    18729
read      284.3   192.5    74.4   126.4   140.5   245.6   312.7   350.6   381.0   419.2   465.2   537.3   768.1  2323.4  5391.5  70541.0    70818
read      275.4   106.6    86.8   155.2   171.0   271.8   309.0   326.8   339.7   355.1   373.5   404.4   488.8  1257.9  2643.0  22079.0    21942
read      338.5   350.6    74.4   130.1   145.3   248.5   315.5   364.2   411.4   481.7   585.6   809.3  1766.8  4025.3  8007.1  91607.7    91810
read      281.7   134.2    80.4   139.4   154.4   269.5   322.2   348.0   367.0   389.3   416.8   457.5   550.4  1752.0  2711.3  39699.0    39588
read      277.0   128.9    80.4   135.7   151.0   263.8   318.7   345.1   364.3   386.4   414.0   453.5   543.9  1581.0  2768.7  41000.0    40957
read      299.2   227.9    74.4   130.8   145.6   259.8   326.5   365.4   395.7   431.2   475.8   545.3   871.6  3114.5  6207.4  62371.7    62645
read      256.7    98.8    93.8   154.5   169.2   251.1   283.2   298.1   309.4   320.8   338.2   364.7   442.1  1382.1  3538.7  15521.3    15539
read      279.3   277.7    74.4   129.9   144.8   234.9   286.4   315.3   336.6   362.9   398.4   460.4  1351.3  3463.3  7899.3 107696.0   107672
read      272.0    89.5    80.4   145.0   161.2   272.1   314.5   333.9   346.2   362.2   381.1   412.0   479.0   659.5  1595.8  32940.3    32954
read      277.4   136.2    74.4   128.7   143.3   252.4   315.3   348.2   373.3   405.1   445.7   501.9   638.3  1148.5  2858.3  58905.7    58866
read      274.7   110.1    80.4   149.5   165.4   270.6   309.2   328.0   341.2   357.4   376.7   409.8   501.9  1444.8  3415.7  23870.0    23739
read      292.0   172.4    80.4   133.0   148.1   263.3   326.4   361.1   387.3   418.7   458.0   517.4   739.6  2182.5  3445.6  54654.3    54701
read      288.2   190.8    74.4   128.1   142.3   253.7   318.5   355.5   383.7   417.7   460.3   524.6   784.1  2584.2  4292.2  60862.7    60706
read      294.9   232.7    74.4   127.3   141.4   248.6   316.7   357.4   391.1   433.0   484.5   560.2   866.6  3382.3  7291.4  72515.3    72350
read      279.0   174.4    80.4   125.9   140.3   249.8   313.3   346.6   371.9   403.1   440.7   496.7   667.1  2409.8  4315.0  58492.3    58661
read      280.6   145.8    80.4   139.7   155.2   269.0   317.8   342.2   359.8   379.8   406.0   446.7   551.9  2121.1  3448.6  34885.3    34912
read      308.3   351.9    74.4   131.5   146.8   242.7   297.4   329.0   353.0   384.8   431.7   546.7  1888.9  4400.7  7807.9 103084.0   103268
read      272.5    97.6    80.4   141.1   156.7   268.0   316.1   337.8   352.8   370.3   394.1   429.1   501.1   674.7  2111.2  38770.0    38703
read      286.9   173.2    68.9   127.4   141.4   240.6   305.7   345.4   381.8   430.6   495.0   591.8   858.2  1586.7  3411.5  83272.3    83358
read      282.7   146.9    74.4   130.1   144.8   256.8   319.4   353.3   379.2   411.0   449.9   506.0   677.9  1683.4  3520.8  57591.7    57408
read      369.0   442.8    74.4   134.9   150.8   261.7   331.6   385.9   438.0   516.2   642.8   888.8  2174.3  5569.0 10058.5  86909.0    86837
read      282.1   149.3    80.4   142.1   157.7   272.3   319.5   342.3   359.3   378.9   404.1   443.8   554.4  2061.5  4135.8  33384.3    33517
read      283.9   175.4    74.4   126.5   140.6   248.2   314.0   351.0   380.5   416.8   461.4   530.0   772.6  1910.2  4541.8  66486.7    66204
read      303.9   230.4    74.4   128.7   143.2   251.8   321.2   365.6   402.8   448.7   505.5   592.8  1071.5  2961.0  4868.3  73528.7    73758
read      291.1   264.8    74.4   131.7   147.2   246.0   300.8   331.7   355.0   385.1   427.4   507.1  1386.3  3510.8  7397.3  99960.0    99742
read      254.0   114.6    74.4   130.3   145.0   233.5   282.2   309.4   328.7   351.9   383.3   431.7   551.8  1203.7  2334.6 109717.3   109462
read      252.2   121.8    74.4   127.9   141.8   228.7   280.9   310.3   330.7   354.7   386.4   434.3   568.3  1231.4  3945.9  94449.7    94453
read      268.9   100.9    74.4   139.6   154.5   262.9   315.2   337.6   352.4   369.0   390.7   422.7   490.0   624.9  1799.5  44127.3    44096
read      250.6   107.9    74.4   128.7   142.6   229.4   279.8   308.3   328.1   351.1   381.5   429.0   545.2  1071.4  1833.8 100364.7   100467
read      233.7    69.4    93.8   155.6   168.7   227.4   252.2   266.2   275.2   287.2   300.8   323.5   385.7   625.5  2510.2   8616.0     8576
read      287.0   173.9    74.4   130.8   145.2   256.1   320.8   356.4   383.4   415.8   455.6   516.1   702.8  2460.7  4402.8  59378.3    59359
read      227.4    80.0   101.3   152.3   164.0   219.2   242.4   256.1   266.1   276.6   291.7   315.3   398.2  1065.6  2503.4   7761.0     7614
read      290.0   192.7    74.4   128.4   142.7   255.4   319.6   356.4   384.9   419.2   460.2   525.3   821.7  2539.5  3976.9  60075.7    60329
read      285.0   145.6    80.4   138.2   153.0   268.9   325.4   353.7   374.0   399.4   430.1   473.8   586.6  1688.6  4628.3  43638.7    43762
read      282.4   183.2    74.4   125.4   139.5   246.1   312.9   350.3   379.1   415.4   458.1   521.1   744.7  2504.4  4025.4  67082.0    67038
read      273.6   106.6    80.4   147.8   163.2   269.8   310.9   330.9   344.3   361.3   381.5   413.6   491.0  1208.2  2999.2  26126.0    26095
read      297.8   220.9    74.4   128.6   142.9   250.9   320.0   362.0   395.7   436.0   486.8   569.8   942.5  2845.1  5010.6  71218.7    71173
read      281.0   271.8    80.4   130.4   145.5   238.7   291.1   320.2   342.3   369.9   407.9   477.4  1085.0  3672.3  7664.1 109105.7   109276
read      249.7    73.4    86.8   159.1   173.6   246.5   274.6   289.3   298.8   310.6   323.4   345.0   401.0   632.5  3001.5  13211.7    13150
read      278.8   126.6    74.4   130.1   144.9   253.4   317.4   351.4   377.6   409.7   449.2   506.0   638.1   969.1  1911.1  61100.0    61250
read      319.7   269.3    74.4   131.1   146.3   252.0   319.7   367.5   411.4   469.8   546.6   701.7  1275.7  3173.7  7016.8  84351.3    84472
read      315.5   306.2    74.4   128.0   142.4   247.8   316.8   362.3   401.5   451.2   514.9   642.2  1433.6  4027.0  7780.8  82685.3    82226
read      273.8   117.1    86.8   146.6   162.1   269.1   311.1   331.2   344.6   361.9   383.1   417.7   505.4  1340.1  3153.2  27693.3    27671
read      337.3   370.2    74.4   131.6   147.0   245.1   303.7   340.7   373.6   426.4   538.6   857.5  2101.8  3750.2  7811.7  98723.7    98736
read      249.8   106.1    74.4   128.4   142.7   229.3   279.1   307.1   326.3   349.0   379.5   428.0   545.1  1010.0  1825.9 106255.0   106314
read      253.1   122.1    74.4   129.1   143.3   231.1   280.9   308.4   328.0   351.4   382.9   431.8   565.1  1389.4  2886.0 105175.0   105027
read      250.9   115.3    74.4   128.3   142.2   229.1   280.7   309.9   330.3   354.3   385.3   431.3   542.5  1005.7  1971.0  97019.0    96867
read      250.0   108.7    74.4   126.6   140.5   227.5   280.9   310.7   331.4   355.6   386.8   434.0   548.0   905.6  2514.5  89364.3    89493
read      266.0    96.8    74.4   136.7   151.2   255.9   312.7   337.0   352.9   370.7   394.3   427.6   497.2   613.7   905.5  50289.7    50538
read      266.6    87.0    93.8   153.7   169.5   266.4   300.6   316.1   327.4   340.5   357.9   385.2   452.8   746.2  2235.1  21993.0    22083
read      292.8   219.0    80.4   133.5   148.6   263.1   322.3   354.2   377.2   404.9   441.1   499.8   824.2  3030.4  7716.3  48703.7    48618
read      277.7   181.7    74.4   130.8   145.8   238.4   293.9   324.4   346.7   375.9   419.3   513.8   977.3  2190.5  3649.2  94520.7    94298
read      258.1    99.7    74.4   129.9   144.3   240.4   300.1   328.7   347.0   368.1   394.3   431.4   505.7   682.1  1363.1  63746.3    63579
read      257.5    97.8    74.4   130.4   144.8   240.2   299.1   327.2   345.6   366.7   393.1   430.4   505.8   637.6  1209.3  64549.3    64573
read      252.7   103.3    74.4   127.8   141.6   232.2   289.2   319.0   339.5   362.4   390.8   431.9   516.6   725.5  1848.7  77106.3    77178
read      274.1    91.8    80.4   150.0   165.8   275.3   313.9   332.2   344.1   359.5   376.8   407.0   478.9   652.8  2731.7  29860.3    29824
read      278.9   133.6    74.4   129.8   144.4   251.9   316.6   351.4   378.3   412.2   452.4   510.2   646.5   922.9  2540.8  64387.3    64495
read      275.3   170.1    86.8   152.9   168.9   266.8   302.9   319.8   332.9   346.3   366.7   399.7   524.8  2172.6  8222.3  20778.0    20917
read      303.3   270.4    68.9   125.0   139.4   240.4   307.9   350.9   389.3   439.2   505.5   628.8  1210.9  3627.3  7426.2  85258.3    85651
read      284.9   170.5    74.4   127.4   141.7   252.7   317.8   354.1   381.7   415.2   456.9   520.9   769.4  1921.4  3715.1  61906.0    61935
read      278.8   154.6    74.4   130.4   145.2   257.4   317.5   347.9   370.9   398.8   432.5   482.4   617.9  1544.5  4531.5  50311.3    50216
read      292.2   210.2    74.4   127.1   141.2   247.9   315.6   355.3   387.7   428.5   479.3   551.6   863.5  2806.1  4210.1  72068.3    72251
read      297.8   226.5    74.4   127.3   141.4   248.8   317.5   359.3   392.9   434.8   487.8   575.4  1026.1  2875.8  7004.5  71912.0    71798
read      263.5   105.9    93.8   151.6   166.3   258.8   294.0   310.9   321.6   335.9   352.6   380.9   463.6  1694.7  2946.0  19664.3    19701
read      272.7   101.7    86.8   150.5   165.7   269.4   308.9   327.5   340.4   356.0   374.3   406.6   490.9  1080.2  2697.9  24985.3    24952
read      321.6   310.6    74.4   130.1   145.0   250.4   319.2   366.7   409.4   465.7   539.5   684.7  1341.0  4023.5  7769.2  81593.0    81838
read      267.7   100.3    86.8   146.3   161.1   263.9   304.5   323.6   337.1   352.2   371.4   402.3   475.7  1006.6  2982.8  26815.7    26648
read      267.2   106.1    80.4   146.5   161.8   263.1   303.3   321.0   334.6   348.9   368.9   399.7   469.0  1166.3  3055.5  24920.7    24837
read      276.6   107.5    86.8   145.9   161.5   272.4   315.7   336.7   351.1   368.1   390.4   423.9   506.3  1298.6  2453.2  29260.0    29420
read      296.3   296.2    80.4   134.9   150.5   249.0   303.0   333.3   356.5   386.4   428.5   508.8  1274.1  3864.9  7767.1 104050.0   103882
read      256.6   149.3    74.4   128.8   142.7   235.3   293.5   322.4   342.1   364.6   392.7   434.1   523.9   813.7  4261.9  70229.3    70314
read      261.7   106.3    68.9   131.4   146.0   244.0   303.9   332.5   351.4   371.9   398.6   435.4   509.1   762.5  2596.0  61864.3    61679
read      266.1   103.0    80.4   136.7   151.5   256.5   311.7   335.8   351.7   369.9   392.9   426.5   496.3   621.4  1286.5  49511.7    49557
read      272.3   136.7    86.8   157.9   173.9   265.9   299.8   315.8   327.6   341.3   360.0   390.9   482.0  2277.8  3993.4  19260.7    19325
read      252.7   204.1   101.3   156.9   170.1   233.7   262.2   277.1   288.6   301.6   319.2   351.6   557.1  3281.2  8048.9   9160.7     9128
read      292.9   326.3    74.4   130.6   145.4   240.3   295.7   326.6   349.2   378.2   418.5   495.1  1552.0  4477.5  9268.8  94912.7    94933
read      269.6    84.3    80.4   152.4   168.6   270.4   305.9   322.1   334.1   346.0   364.6   393.0   458.3   630.4  2399.2  24203.3    24327
read      280.0   142.4    74.4   127.7   141.7   246.7   311.8   349.0   379.4   419.0   467.0   538.1   711.5  1087.3  2667.0  71831.0    71896
read      258.9   140.5    68.9   128.1   142.2   231.7   285.0   314.3   335.4   360.3   393.2   448.8   683.9  1770.3  3287.4  93589.3    93771
read      269.9   102.2    86.8   155.0   171.6   267.9   301.6   317.6   329.4   342.2   360.7   390.3   463.3  1159.1  2988.1  20557.7    20452
read      284.8   159.6    80.4   137.5   152.4   266.9   322.9   350.5   371.1   397.2   428.4   472.7   618.1  1833.9  7290.1  42547.0    42338
read      306.9   243.3    80.4   129.7   144.3   254.4   323.2   368.3   404.4   449.5   506.0   601.4  1059.8  3067.0  7383.0  72485.3    72627
read      316.4   293.5    74.4   129.5   144.1   250.0   319.1   366.5   408.1   461.7   530.3   656.2  1280.5  3728.2  7658.7  80413.0    80603
read      283.3   158.4    74.4   134.4   149.4   261.5   321.5   352.5   374.0   401.6   433.1   480.8   603.5  2322.2  3429.1  48900.3    49049
read      328.3   377.1    74.4   130.2   145.4   245.8   306.9   343.9   374.8   420.8   495.6   708.0  2038.3  4350.9  7809.5  92320.3    92305
read      263.5   103.5    74.4   132.8   148.1   249.5   308.0   334.2   351.7   370.9   396.4   432.3   508.8   653.3  2225.0  56651.7    56889
read      254.8   114.7    74.4   128.3   142.1   232.9   289.6   319.6   340.3   364.0   393.8   436.3   534.7   871.1  2896.8  78210.7    78036
read      255.8   103.0    74.4   128.5   142.3   235.8   293.2   322.4   342.1   364.9   394.2   436.5   535.7   780.8  1638.4  71668.0    71583
read      256.9   109.3    74.4   128.7   142.9   235.7   295.0   324.8   344.8   368.0   397.3   438.8   530.0   752.1  2390.8  72540.0    72609
read      255.0   111.9    74.4   130.9   145.7   234.1   283.6   311.1   330.6   353.9   385.2   433.8   562.3  1196.4  2244.4 107413.0   107382
read      249.9   108.2    74.4   126.3   140.4   228.3   282.3   311.9   332.2   355.7   386.1   431.5   537.7   874.4  2215.9  86360.3    86530
read      267.0   939.4    93.8   158.4   174.0   258.5   290.2   305.6   315.8   328.4   343.7   370.2   442.6  1299.5  3777.4  16584.7    16550
read      333.7   305.6    74.4   132.3   147.8   255.1   324.2   375.4   424.9   488.1   578.1   757.4  1492.7  3675.2  7770.4  84688.3    84534
read      301.9   254.6    74.4   128.0   142.1   248.6   317.1   359.6   395.3   437.8   492.2   584.6  1089.2  3226.3  7686.4  72586.7    72631
read      287.4   170.3    80.4   134.3   149.4   263.5   323.6   354.6   377.5   405.5   442.3   494.0   640.3  2493.3  3456.3  49101.3    49291
read      291.4   191.7    80.4   130.5   145.4   256.4   322.7   360.2   389.2   423.4   464.9   530.4   744.9  2641.8  4110.6  62534.7    62175
read      333.3   311.6    74.4   132.1   147.7   256.7   326.3   375.0   421.3   481.5   562.6   737.0  1577.2  3774.3  7628.3  80108.7    80213
read      252.4    79.6    80.4   152.0   166.7   247.4   280.1   295.8   307.1   318.7   336.1   362.3   429.4   926.0  2375.8  16664.3    16566
read      278.6   167.1    74.4   129.7   144.2   253.6   314.9   345.6   368.2   395.3   428.8   478.2   624.5  2249.8  4650.7  53730.7    53985
read      290.7   275.5    74.4   130.7   145.7   238.0   291.8   321.5   344.4   373.3   416.2   509.3  1461.7  3382.3  7519.1 102045.7   101949
read      270.9    89.4    86.8   153.0   169.5   271.9   306.9   323.2   335.0   346.9   365.5   394.2   463.9   753.8  2367.4  24125.7    24076
read      280.5   130.9    80.4   133.4   148.6   260.5   321.6   352.7   375.1   404.1   438.6   488.5   593.7  1038.4  3218.9  52594.7    52574
read      272.7   222.0    74.4   131.4   146.3   237.8   289.6   317.7   338.7   364.4   399.3   460.2   792.1  3356.9  7162.4 106755.3   106271
read      252.2   116.4    74.4   129.3   143.6   230.5   280.4   308.5   328.1   351.4   383.0   431.9   557.4  1160.7  3047.2 105448.3   105451
read      251.5   111.3    74.4   126.4   140.4   229.3   282.8   312.4   333.1   357.4   388.8   435.7   550.4   974.6  2329.6  86279.7    86087
read      275.3    98.6    86.8   148.8   164.5   273.5   314.1   333.4   346.0   362.4   382.4   416.1   496.9  1048.2  2491.2  29153.0    29108
read      290.9   295.8    74.4   131.3   146.4   241.1   295.1   325.3   347.5   376.9   419.1   498.3  1392.7  3689.1  7618.5 101059.7   101115
read      257.7   108.2    80.4   128.6   142.8   235.7   293.8   324.2   344.7   368.7   399.7   444.1   547.5   880.0  1897.1  74439.3    74326
read      254.3   107.3    74.4   127.5   141.3   231.8   289.6   319.5   340.5   364.4   394.9   440.5   545.3   868.8  1457.9  75898.0    75832
read      250.4   117.9    74.4   127.6   141.3   228.0   279.9   309.2   329.6   353.6   385.1   432.0   550.2   991.9  1996.3  94726.3    94901
read      261.2   102.8    86.8   160.2   175.8   259.9   290.1   304.7   314.3   325.4   340.6   365.4   421.7   659.2  3126.4  15891.0    15809
read      278.5   104.7    80.4   148.5   164.1   275.6   318.1   338.8   353.4   370.4   394.5   430.0   509.6   835.3  2704.8  28712.7    28874
read      281.3   153.8    74.4   131.1   145.9   258.0   319.6   351.2   374.2   402.4   436.0   487.2   631.5  1858.8  3611.2  51759.0    51882
read      279.4   124.0    86.8   143.3   158.9   271.2   318.4   340.9   357.4   375.8   401.6   439.6   537.5  1494.3  2906.9  32583.0    32653
read      281.4   148.3    86.8   137.5   152.3   265.4   319.7   347.0   366.9   390.9   420.8   463.5   572.0  1987.4  2987.1  41700.3    41676
read      288.5   183.9    74.4   129.1   143.5   252.9   319.3   356.2   384.8   419.5   462.1   529.0   780.7  2500.9  4024.3  62945.0    63019
read      281.5   276.1    74.4   129.1   143.8   236.3   291.0   320.6   342.8   370.2   408.2   476.7  1259.3  3845.2  7668.0  98765.0    99164
read      271.9    95.6    74.4   141.0   157.1   264.2   317.6   341.0   356.9   373.6   396.9   429.7   499.4   610.8  1631.9  47300.3    47055
read      264.2   104.8    74.4   134.8   150.0   247.5   305.4   333.5   352.1   372.5   399.2   436.7   511.0   660.2  3249.2  62234.7    62394
read      250.6   108.4    74.4   128.6   142.7   229.0   279.9   308.5   328.3   351.8   382.1   429.3   546.1  1008.9  2193.5  98583.7    98519
read      276.5    95.1    80.4   149.9   166.0   275.3   317.3   336.7   349.6   365.7   386.3   419.1   493.5   723.8  1974.8  32143.7    32122
read      290.0   183.9    80.4   135.5   151.2   263.9   324.0   356.2   379.0   406.2   439.6   492.9   682.7  2689.7  4645.8  49208.7    49464
read      274.8    97.1    86.8   152.7   168.4   271.5   310.0   328.8   341.9   358.5   379.1   413.6   496.4  1032.6  2345.2  24048.3    24034
read      302.3   234.9    74.4   128.0   142.3   247.6   316.7   361.3   398.3   445.0   504.3   604.0  1076.5  2964.8  5311.5  77035.7    77363
read      279.2   230.7    74.4   129.2   144.2   239.8   294.8   325.4   347.8   376.6   419.4   496.6   922.9  3488.9  7298.3  91858.0    91698
read      274.8    98.8    80.4   142.1   157.8   270.7   319.3   341.0   355.9   371.9   394.5   429.4   507.8   745.7  1710.3  38917.3    38997
read      298.7   193.3    74.4   130.1   144.8   246.3   311.6   354.4   393.1   446.2   517.3   642.0   960.5  1792.9  3711.1  85979.0    86028
read      303.4   220.4    74.4   129.0   143.8   246.3   313.5   358.1   398.9   453.2   523.7   652.9  1021.4  2586.4  5278.4  83027.3    83012
read      252.9    90.3    93.8   154.8   169.5   248.0   280.2   295.1   305.9   317.4   333.4   357.3   421.7  1068.1  2096.4  15126.3    15024
read      288.8   173.4    80.4   130.5   145.3   258.1   321.2   356.4   383.0   416.1   457.9   519.7   775.0  2237.6  3953.9  56345.7    56640
read      306.6   329.5    74.4   131.1   146.6   242.1   297.6   331.1   356.9   391.2   442.9   594.8  1634.8  3737.1  9166.2  97297.7    97362
read      256.0   125.9    74.4   130.5   145.3   234.2   283.3   310.4   329.9   353.5   385.8   435.4   573.2  1471.9  3718.1 107581.7   107412
read      258.5   101.3    74.4   130.0   144.5   239.9   299.7   328.7   347.4   369.2   397.0   435.6   511.0   679.5  1679.5  65161.7    65030
read      252.9   112.5    68.9   126.8   140.9   231.4   287.3   316.9   337.4   361.1   391.6   437.0   536.3   803.1  2025.1  79251.3    79278
read      267.0    94.2    80.4   137.3   152.5   258.7   312.9   336.8   352.5   369.8   392.7   425.8   497.2   625.5   993.8  47766.0    47544
read      255.2   111.8    80.4   130.9   145.7   233.7   283.6   311.1   330.8   354.4   385.9   435.3   572.6  1166.5  2182.5 105659.7   105368
read      261.6   122.0    80.4   131.5   146.2   245.1   304.3   330.9   348.2   367.9   393.2   430.4   509.6   742.2  4129.6  58220.0    58181
read      260.8    97.6    74.4   131.8   146.6   246.1   304.5   331.4   348.9   368.9   394.5   430.3   502.5   626.5  1082.1  57089.0    56960
read      253.3    84.2    86.8   156.3   171.4   249.4   279.8   294.4   305.1   316.4   332.4   357.1   418.5   799.3  2882.8  14957.7    14849
read      296.6   201.4    74.4   130.5   145.2   256.8   324.5   363.4   393.6   429.8   474.3   545.3   918.5  2695.2  5014.9  63678.7    63672
read      277.2   153.6    80.4   132.0   147.0   257.2   317.1   346.6   368.3   394.2   426.1   469.6   581.2  1745.0  4191.6  48069.3    48289
read      242.1    70.9    93.8   154.6   167.9   235.3   264.9   280.3   290.7   302.6   317.4   341.2   404.1   782.1  2116.3  11788.0    11797
read      233.1    78.1    93.8   151.6   164.0   225.7   251.1   266.1   276.1   288.9   304.0   326.5   395.1  1122.2  2605.5  10752.3    10781
read      280.2   131.9    80.4   132.8   147.7   260.7   320.1   350.0   371.8   399.8   433.1   484.6   617.2  1451.4  2545.0  49179.7    49362
read      268.0   191.6    74.4   130.5   145.2   235.6   287.6   316.0   337.2   363.1   398.1   460.1   802.0  2871.8  6051.0 102366.0   102119
read      268.2    97.8    74.4   137.7   152.8   261.0   314.9   337.6   352.6   369.3   391.5   424.6   494.7   655.1  2307.8  46202.7    46213
read      249.8   112.3    74.4   128.3   142.2   229.0   280.1   308.8   328.5   351.4   381.4   429.1   533.6   893.3  3332.3  96881.7    97025
read      262.9    78.2    93.8   156.8   172.8   262.0   294.6   309.9   319.4   332.2   345.6   371.5   435.5   785.2  1912.4  18245.3    18351
read      268.4   128.0    86.8   151.3   166.6   263.5   300.4   317.4   329.9   343.4   363.3   394.0   468.9  1375.6  3924.2  21554.3    21426
read      294.5   181.5    80.4   139.8   155.0   273.4   330.4   359.8   381.4   406.9   439.8   493.7   675.2  2547.2  4938.0  43372.7    43013
read      295.2   197.1    74.4   129.0   143.4   253.7   321.5   361.5   393.7   432.4   480.9   555.5   911.1  2287.6  4392.9  67342.7    67376
read      281.1   132.4    80.4   141.5   157.0   271.6   321.6   345.6   363.3   383.7   409.9   450.0   544.0  1560.2  3178.6  36315.7    36043
read      219.3    73.5   101.3   150.4   161.4   211.2   231.9   244.5   253.5   265.5   279.9   302.2   372.3  1024.1  2299.4   6227.0     6255
read      287.7   271.7    68.9   130.4   145.4   239.2   293.7   324.0   346.7   375.6   417.8   501.1  1392.3  3580.0  7546.0 101831.0   102499
read      273.4   129.7    80.4   151.5   167.9   273.9   310.9   327.9   339.6   353.5   370.9   400.0   469.4   656.9  2893.6  26314.3    26263
read      279.3   130.1    74.4   131.1   146.2   256.4   319.0   351.3   375.3   405.3   442.8   498.0   618.4  1135.0  2517.9  56746.7    56974
read      284.9   131.3    80.4   139.9   155.6   271.9   326.7   353.9   373.3   397.6   427.0   469.8   572.1  1370.2  3798.6  40807.7    40869
read      285.4   167.1    80.4   135.1   150.4   265.2   323.8   353.7   375.1   400.8   432.1   478.6   598.4  2279.8  4028.9  46601.0    46514
read      241.4    85.7    93.8   155.6   168.4   234.2   262.6   277.8   288.4   299.7   315.4   340.2   404.1   924.3  3116.8  11487.3    11431
read      287.5   156.8    74.4   130.4   145.3   257.6   322.3   358.3   385.7   418.8   459.8   523.2   754.7  1612.1  2837.2  58359.0    58600
read      299.2   222.9    74.4   128.4   142.7   253.6   322.0   363.8   396.8   436.5   486.4   569.7  1000.9  2649.9  5305.7  68054.7    68058
read      282.7   143.3    74.4   131.5   146.4   258.1   321.8   354.9   379.1   408.7   445.0   499.4   656.0  1404.9  3325.4  54644.3    54502
read      290.8   218.6    74.4   128.1   142.3   250.7   316.2   352.8   381.6   417.1   459.8   528.4   920.4  3096.5  6914.9  64148.0    64022
read      285.9   148.5    80.4   133.2   148.3   261.9   324.8   357.1   381.3   411.2   447.7   500.8   670.9  1582.7  3253.4  52238.0    52142
read      275.0   228.4    80.4   130.5   145.2   236.5   288.7   317.0   337.8   363.2   397.0   458.9  1105.7  2980.5  6233.1 101588.0   101375
read      274.7   109.7    80.4   141.0   156.8   268.9   318.3   339.9   355.0   371.8   395.6   432.3   514.1   989.2  2886.3  40287.7    40606
read      278.8   130.8    74.4   134.5   149.8   262.7   320.9   349.0   369.9   395.5   427.1   471.3   574.4   939.4  4293.6  47578.7    47485
read      283.6   146.3    80.4   134.1   149.3   263.8   324.4   354.7   376.3   403.5   436.1   486.3   610.0  1891.3  3262.7  49213.7    48977
read      284.2   136.3    80.4   141.4   156.7   272.3   325.6   351.7   370.9   394.1   422.2   462.6   558.7  1421.1  3918.7  38449.0    38615
read      342.6   332.0    80.4   134.3   149.7   260.6   331.8   383.1   431.3   497.1   584.3   767.2  1664.1  3912.4  7828.5  80224.7    80279
read      317.4   281.2    74.4   130.1   145.0   253.0   323.0   370.0   409.7   459.1   524.0   648.9  1314.6  3692.8  7543.9  75694.3    75843
read      339.5   372.8    80.4   131.7   147.3   263.9   334.5   380.4   419.2   465.2   528.6   680.5  1831.2  5446.2  8338.4  67014.3    67095
read      284.3   134.3    80.4   139.4   154.5   269.2   324.9   352.9   373.1   398.6   429.4   470.7   576.1  1557.6  2725.7  41445.7    41325
read      295.0   181.8    80.4   133.5   148.6   263.6   327.9   364.1   392.0   425.2   465.4   528.1   761.3  2467.4  3999.9  55846.7    55752
read      385.3   429.6    74.4   137.0   153.5   271.1   344.9   404.9   461.7   540.0   678.4   976.8  2305.9  4830.1  7968.2  85215.3    85561
read      257.0    76.4    93.8   158.4   174.5   253.8   284.2   298.8   309.4   320.0   336.8   362.4   425.9   879.1  1973.6  14190.3    14194
read      261.4   139.2    74.4   128.4   142.4   233.1   288.1   318.3   339.6   365.4   399.6   456.6   722.5  1619.0  2901.1  87767.3    88002
read      248.6   107.4    74.4   125.5   139.6   227.2   279.6   309.0   329.3   352.8   383.5   430.6   540.3   851.4  2624.7  90465.0    90515
read      253.4   112.2    74.4   130.0   144.6   232.7   281.9   309.3   328.5   351.5   382.5   430.6   561.7  1153.4  2466.8 108967.0   109283
read      275.6   122.9    86.8   150.7   166.9   272.1   310.2   328.6   341.3   357.4   377.1   409.3   499.1  1276.8  3714.6  26640.0    26699
read      295.7   184.5    80.4   143.8   159.6   277.6   330.4   358.1   377.9   401.2   431.3   476.4   623.9  2828.1  5011.7  37452.0    37400
read      266.3   103.0    93.8   153.6   169.0   261.9   296.9   313.9   325.7   339.8   358.0   386.9   463.6  1334.1  2693.1  19197.7    19307
read      252.6    93.6   101.3   161.4   174.8   245.7   275.6   290.6   300.7   312.8   327.9   352.4   423.3  1041.1  3174.5  11606.7    11527
read      347.0   367.8    80.4   134.4   150.3   258.0   323.3   365.4   400.7   455.4   561.6   849.9  1842.5  4574.7  7886.6  83599.0    83787
read      267.7    77.4    80.4   153.3   169.5   267.7   302.8   319.0   330.9   343.2   361.4   389.2   453.1   656.1  1179.1  22116.7    22209
read      292.0   162.6    74.4   130.8   145.7   250.1   317.4   359.4   394.7   437.8   493.9   581.2   815.7  1339.7  2848.6  75011.7    75169
read      294.6   185.9    74.4   130.5   145.1   251.2   318.0   360.2   396.0   440.8   498.0   585.4   820.2  1845.5  4622.6  73860.7    73833
read      318.5   410.4    74.4   130.5   145.7   246.0   302.6   334.7   359.7   392.6   441.1   544.4  3081.0  4259.7  8066.4  94700.7    94641
read      262.2   104.4    80.4   130.8   145.4   244.0   303.9   332.6   351.8   372.7   400.9   441.3   531.8   768.7  1734.9  61166.7    61338
read      259.9   146.1    74.4   127.6   141.6   231.4   284.8   314.3   335.6   361.1   394.9   450.9   739.6  1797.0  2964.7  91844.0    91825
read      254.6   114.3    80.4   127.8   141.4   232.2   289.3   319.0   339.4   362.9   393.0   436.1   547.1   941.4  3548.5  77018.7    77235
read      277.3   110.1    80.4   142.9   159.0   273.0   320.5   341.9   357.0   373.2   397.1   433.5   523.2   820.2  3849.8  37160.3    37257
read      285.0   104.7    86.8   148.2   164.2   281.2   326.8   349.0   365.7   385.4   410.1   447.4   532.7   918.7  1830.2  31989.7    32057
read      273.3   253.5    80.4   131.1   146.1   237.4   288.1   315.9   336.5   362.0   397.0   457.3   725.3  3644.0  7676.9 108109.7   108618
read      253.4   102.8    74.4   127.6   141.3   233.6   291.0   320.1   340.0   362.5   390.9   432.2   520.8   734.6  1359.1  72642.7    72930
read      266.9    94.8    80.4   137.6   152.6   261.1   312.0   334.7   349.5   366.5   388.5   422.5   492.6   611.3  1428.3  43675.3    43714
read      258.9   143.3    74.4   128.2   142.0   231.8   286.4   316.1   337.4   362.8   396.5   449.2   664.5  1593.1  3216.0  87567.0    87369
read      264.2   107.4    80.4   132.5   147.1   249.0   306.8   334.1   352.6   373.0   399.3   437.9   526.8   727.6  2826.8  56645.0    56640
read      261.6   160.7    74.4   128.2   142.3   231.4   284.1   313.8   335.0   360.6   394.6   450.9   769.6  2037.4  3592.3  97577.0    97360
read      251.4   109.7    74.4   126.3   140.3   229.5   285.6   315.5   335.9   359.3   388.8   431.6   530.7   964.9  2495.8  79635.0    79788
read      246.8    76.7    93.8   158.0   172.0   241.8   270.7   285.4   295.0   307.0   319.9   343.8   404.2   683.8  3126.0  11478.7    11352
read      265.4   145.7    74.4   128.3   142.1   232.8   289.4   320.4   343.1   371.3   410.2   483.2   779.8  1565.8  2781.0  87750.7    87962
read      275.4   107.1    80.4   140.8   156.0   267.7   318.3   340.9   356.6   373.5   399.2   437.7   540.0  1054.8  2307.4  40552.3    40663
read      300.2   204.6    80.4   132.4   147.5   262.3   328.8   367.4   397.7   433.8   481.2   551.5   850.6  2781.2  4785.5  59361.7    59386
read      287.0   172.8    74.4   132.9   147.8   263.8   322.9   355.2   378.8   406.5   440.7   494.0   635.3  2347.8  4919.1  48066.7    48302
read      275.0   131.0    86.8   155.5   171.8   267.7   304.8   322.2   335.8   350.7   370.9   403.6   487.5  2054.9  4092.1  19371.0    19398
read      344.1   357.8    74.4   131.5   146.8   256.1   327.4   380.3   428.5   494.5   589.3   786.0  1750.0  4414.2  8026.1  82516.7    82197
read      341.1   330.0    80.4   133.8   149.6   261.4   334.5   387.5   434.5   496.9   579.8   745.2  1556.2  4414.8  7732.6  77513.0    77387
read      306.7   245.3    74.4   129.5   143.9   251.2   321.3   366.9   405.1   453.1   512.5   612.1  1048.7  3270.7  6765.8  72736.7    72753
read      226.4   103.4    93.8   152.8   164.2   217.4   238.8   251.7   261.7   273.0   288.5   311.7   377.7  1252.2  5638.1   7772.7     7720
read      286.6   177.4    80.4   135.4   150.6   264.0   323.7   354.8   377.1   402.7   436.1   487.4   655.6  1944.2  7072.2  46062.0    46279
read      281.4   135.4    80.4   136.7   151.8   265.6   322.1   349.3   369.5   393.8   423.9   466.1   573.3  1806.7  2954.0  41750.0    42102
read      293.1   276.8    74.4   129.1   143.8   238.1   294.8   327.5   352.2   384.2   431.9   551.0  1399.7  3314.3  7452.3  91045.7    90892
read      273.5   100.5    80.4   140.3   156.0   267.9   317.5   340.4   356.2   373.2   397.2   432.4   512.0   668.8  1911.5  39949.3    39976
read      285.7   139.3    74.4   131.9   146.8   258.1   322.8   358.7   386.2   420.2   462.1   524.6   684.6  1138.5  2870.9  60992.3    61084
read      265.4    86.3    86.8   156.6   172.7   262.7   296.1   312.4   323.2   337.1   354.0   382.3   455.5   788.4  2196.0  16819.3    16735
read      291.5   169.6    80.4   136.6   151.7   268.2   327.9   358.7   381.4   409.8   444.3   499.0   717.0  2276.0  3738.6  45959.0    45909
read      277.7   104.8    86.8   147.1   162.5   273.4   317.5   338.5   353.2   370.5   394.9   430.7   515.6   968.9  3319.8  28870.7    28976
read      346.4   329.5    74.4   133.4   149.3   257.9   328.4   382.8   435.2   509.2   619.5   828.6  1637.9  3888.2  7632.1  84627.7    84704
read      276.6   245.3    68.9   129.9   144.7   235.6   288.4   317.5   339.1   365.4   401.0   462.4  1277.6  3202.0  7695.9 101957.7   101822
read      255.4   143.1    80.4   129.6   143.8   232.0   284.7   313.9   334.5   358.6   389.8   436.5   556.7  1214.5  3928.8  92268.0    92571
read      252.9    69.4    93.8   161.4   176.4   249.7   278.7   292.8   302.8   313.8   327.8   348.5   403.8   634.9  2584.0  12153.0    12106
read      295.5   172.6    80.4   134.1   149.5   263.2   328.5   365.2   394.5   428.8   470.6   538.3   762.4  2154.8  3671.9  58555.0    58568
read      293.5   186.3    80.4   135.0   150.6   266.9   328.6   362.0   387.4   417.2   453.4   507.2   684.6  2588.2  5097.9  51094.3    51319
read      276.1   104.4    80.4   154.5   169.9   271.1   309.7   328.5   341.9   358.5   379.0   414.9   504.7  1323.9  2476.9  21560.0    21556
read      259.3    99.7   101.3   160.9   175.4   253.3   284.3   299.5   310.5   321.5   338.7   365.1   433.1  1279.0  2755.4  14094.7    14191
read      280.1   127.0    86.8   148.2   163.5   273.4   316.6   338.4   353.9   371.7   396.5   432.6   525.7  1465.6  3299.2  29135.7    29072
read      262.8    85.9    93.8   157.9   173.9   259.4   292.6   308.6   318.8   332.4   347.0   374.1   435.9   918.5  2537.5  16310.3    16350
read      284.5   248.8    74.4   129.3   144.0   238.5   295.7   327.5   350.2   378.5   418.6   502.0  1165.6  3176.0  7079.0  86698.0    86891
read      252.3   107.2    74.4   129.6   144.0   232.4   281.7   309.4   328.8   351.5   381.4   428.8   547.1  1032.0  2314.3 104451.3   104441
read      239.1    90.3   101.3   158.0   171.6   232.9   258.1   271.8   281.8   292.9   307.9   330.5   389.3   627.5  6033.1   8942.7     8906
read      282.2   138.5    80.4   139.4   154.5   267.7   323.5   350.7   370.1   394.2   424.5   467.2   563.6  1465.9  3884.9  42063.7    42175
read      293.1   181.2    80.4   136.0   151.0   266.2   328.2   362.3   387.2   416.7   453.6   507.0   687.3  2489.8  4339.7  51596.0    51797
read      331.8   279.5    80.4   134.7   150.2   262.0   333.3   385.1   431.3   489.8   570.1   722.8  1322.2  3372.8  7237.9  76495.0    76678
read      268.4    90.9    86.8   154.4   170.0   263.5   299.9   317.0   329.8   343.9   364.0   394.7   469.6  1150.4  1832.6  19701.7    19630
read      270.9   241.1    74.4   129.5   144.0   233.9   285.7   314.9   336.0   361.5   395.2   453.4   873.1  3454.9  7582.5 100269.7   100132
read      276.0   101.0    80.4   142.0   157.9   269.9   320.0   342.8   358.8   375.8   399.2   435.5   529.3   793.1  1783.7  40412.7    40498
read      267.5   201.4    74.4   130.5   145.5   236.0   286.7   314.9   335.6   361.1   395.3   453.8   718.6  3023.7  6233.7 108084.3   108559
read      269.5    98.9    86.8   152.2   168.2   268.7   305.0   321.3   333.6   345.8   364.3   392.6   461.2   921.5  3207.9  24010.0    23964
read      308.2   280.3    74.4   129.4   144.1   252.5   321.7   365.2   400.1   442.5   496.9   592.2  1147.4  3390.2  7975.8  71056.0    70760
read      259.5   170.3    74.4   128.8   143.1   231.3   283.1   312.3   333.0   357.5   390.4   444.5   702.6  1819.6  7032.9  99456.3    99567
read      252.9   103.3    74.4   131.5   146.3   233.6   282.8   310.0   329.2   351.4   381.7   428.9   539.8   847.5  2153.6 107560.0   107548
read      262.9    98.9    74.4   133.8   148.7   249.7   307.9   333.9   350.5   369.2   393.4   427.9   497.3   627.0  1787.0  53748.3    53742
read      252.1   118.4    74.4   130.8   145.3   231.9   282.0   309.4   328.5   350.9   380.4   427.1   532.9   934.1  3648.1 104303.0   103931
read      258.7    97.8    80.4   130.4   145.2   242.7   302.2   329.6   347.1   367.5   392.9   428.3   498.4   637.1  1383.4  60451.0    60359
read      242.4    84.4    93.8   157.9   171.9   236.1   263.3   278.0   288.3   299.1   314.5   337.6   392.4   686.5  4081.6   9694.0     9725
read      282.8   118.0    74.4   136.0   150.9   264.5   325.8   356.9   379.7   408.6   442.7   492.7   590.2   799.0  1863.4  52035.0    52014
read      302.1   186.1    80.4   143.9   160.4   280.9   336.3   366.2   388.4   415.1   450.2   503.5   785.4  2064.8  7646.1  39986.7    40053
read      363.2   383.6    74.4   135.9   151.9   262.1   331.9   386.4   438.1   516.0   649.7   901.8  1999.6  4498.2  7934.7  86408.7    86436
read      275.1   114.1    93.8   150.8   166.3   270.1   309.2   327.5   340.2   355.7   374.3   407.6   507.0  1633.9  2729.4  24108.0    23983
read      290.8   193.1    74.4   127.9   142.1   250.2   318.6   358.1   388.4   425.7   470.6   542.5   890.8  2191.3  4756.1  66605.7    66595
read      286.5   167.6    86.8   150.0   165.3   274.5   315.9   335.7   349.1   367.1   391.1   429.3   689.4  2170.0  6995.1  26156.7    26056
read      310.6   273.5    80.4   135.5   150.9   268.6   332.0   367.4   394.4   425.9   466.1   535.3  1173.8  3436.3  8042.8  51859.0    51764
read      303.1   213.2    80.4   142.0   158.3   277.4   333.1   362.4   384.0   409.8   442.6   497.4   918.4  2880.8  7151.5  40226.0    40202
read      339.1   394.4    74.4   131.1   146.4   257.4   329.2   378.1   421.4   474.0   546.1   703.7  1751.5  6161.0  9440.6  76447.3    76665
read      238.1    81.7    93.8   153.5   166.3   230.2   257.8   272.8   283.4   294.5   310.2   334.5   401.0  1171.2  2599.8  11125.3    11133
read      329.8   310.6    74.4   131.8   147.0   256.1   326.9   375.9   419.7   475.2   550.4   717.9  1406.8  4066.4  7674.0  80203.0    80405
read      329.9   278.5    74.4   133.7   149.5   260.0   331.5   383.7   431.0   490.8   569.5   722.3  1257.6  3634.6  7447.6  79154.0    79106
read      291.4   309.9    74.4   130.7   145.7   241.0   295.8   326.3   348.6   376.3   416.0   487.8  1443.3  3679.4  7869.9  96980.7    97258
read      275.7   103.3    74.4   144.1   160.1   272.4   318.3   339.2   353.6   369.7   392.5   427.7   511.5   876.4  3001.2  36313.3    36307
read      281.4   106.4    80.4   150.4   165.9   278.4   320.6   340.8   355.5   372.1   396.0   430.6   515.4   973.4  3801.3  28616.3    28636
read      286.7   120.1    86.8   141.2   156.6   273.8   329.2   357.1   376.5   401.8   432.2   476.8   590.7  1195.2  2578.2  41526.3    41620
read      322.2   287.3    74.4   130.6   145.5   253.5   324.7   372.3   413.5   462.9   529.5   672.4  1483.1  3470.8  7436.8  75570.7    75736
read      282.6   163.9    80.4   135.2   150.2   263.3   321.0   348.9   369.8   395.3   425.8   468.5   591.9  2277.4  4276.4  44949.3    44979
read      289.4   123.8    86.8   149.9   165.6   282.5   328.9   352.4   369.5   390.3   416.1   454.6   545.6  1455.8  2883.2  31450.7    31478
read      289.1   140.0    86.8   143.3   159.1   275.8   328.3   354.9   373.9   397.4   427.1   469.8   594.9  1789.0  2952.8  37534.7    37586
read      290.5   294.8    74.4   134.1   149.8   245.1   296.3   325.8   347.2   375.0   415.3   484.7  1395.4  4062.6  7696.1 108189.0   108330
read      257.7   101.5    74.4   129.8   144.2   239.0   298.7   327.9   346.7   368.1   394.2   432.1   510.9   681.9  1722.8  64541.3    64301
read      244.6    68.9    93.8   159.0   173.1   239.5   267.6   281.8   291.2   302.4   316.9   340.3   397.8   689.2  2314.4  11162.7    11203
read      229.8   113.0   101.3   154.6   166.0   221.0   243.3   256.5   266.9   278.2   293.2   316.5   388.5  1201.7  2980.0   7240.7     7291
read      346.1   397.9    80.4   132.1   148.3   255.7   320.5   363.3   400.9   454.8   548.5   804.7  2031.4  5228.6  7951.4  87260.0    87477
read      259.0   121.6    74.4   128.3   142.3   233.2   291.8   323.0   344.6   369.9   402.3   451.2   594.0  1211.8  2627.2  77686.0    77485
read      268.9    98.7    80.4   140.2   155.2   262.3   313.5   335.8   350.4   367.2   388.3   420.4   491.7   798.0  2508.9  41994.3    42055
read      280.3   161.9    80.4   150.5   166.2   273.5   312.1   331.0   343.6   360.3   381.2   416.9   521.4  2604.4  4748.3  26747.7    26865
read      305.7   342.0    74.4   130.3   145.4   242.2   298.4   330.0   354.1   385.6   432.1   547.1  1796.8  4048.5  7998.1  94324.3    94592
read      257.0   104.8    80.4   128.9   143.0   237.9   297.8   326.7   345.8   367.9   395.2   434.6   514.6   678.9  1317.6  66684.7    66869
read      262.0    89.4    80.4   155.2   171.3   260.5   292.3   308.0   318.3   331.1   345.1   370.9   430.5   846.2  2650.5  17829.0    17835
read      288.6   182.0    74.4   131.5   146.5   259.9   322.5   356.9   382.4   414.3   454.1   513.0   697.4  2323.5  4367.1  55879.0    55977
read      352.7   383.0    74.4   132.9   148.7   260.7   332.7   385.3   433.7   500.5   596.6   795.1  1881.6  4864.7  7782.1  82423.7    82437
read      259.9    98.5    93.8   156.8   172.1   254.8   287.5   303.4   314.3   327.0   343.0   369.9   439.2  1195.7  3577.7  15847.0    15775
read      351.6   396.7    74.4   133.5   149.7   257.5   321.9   365.7   404.0   462.9   572.3   843.5  2067.6  4730.6  7916.2  87160.7    87559
read      252.9   116.3    74.4   129.7   143.9   231.4   280.7   308.4   327.8   350.8   381.5   430.9   562.7  1409.8  2296.9 105738.7   105401
read      251.4   104.2    74.4   128.2   142.0   230.0   283.0   313.0   333.8   357.9   388.6   433.8   532.3   861.0  1637.5  89090.7    88752
read      250.7   119.5    74.4   127.5   141.2   228.2   279.8   309.1   329.4   353.4   385.0   433.1   550.2  1114.0  2546.6  94345.3    94531
read      253.9   117.1    74.4   130.0   144.3   231.2   281.8   310.3   330.2   353.3   383.6   431.8   576.9  1311.7  2294.0 101205.7   101303
read      251.9   105.2    74.4   127.7   141.3   229.7   284.2   314.7   335.7   359.7   390.4   435.4   544.5   862.7  1470.3  86449.0    86640
read      251.6   106.4    74.4   127.0   141.0   229.9   284.7   314.7   335.5   359.4   389.4   433.2   537.3   855.0  1985.6  84650.7    84818
read      265.8    91.3    86.8   154.9   170.6   264.2   297.9   313.8   324.5   337.5   353.3   380.0   455.1  1004.5  3066.5  20254.7    20221
read      289.4   151.3    80.4   139.3   154.7   271.5   329.1   358.4   379.4   404.2   436.7   484.3   603.0  1978.8  3361.1  43384.7    43599
read      285.0   153.2    80.4   132.4   147.3   260.2   323.2   355.7   380.0   409.6   445.0   497.9   658.5  1876.7  3466.1  53174.0    52779
read      281.1   255.1    80.4   128.9   143.4   236.6   293.1   324.0   346.1   373.3   412.9   489.6  1171.6  3328.5  7423.3  89606.7    89855
read      266.6   100.6    74.4   136.8   151.6   256.6   312.1   336.4   352.4   369.8   392.7   425.8   495.6   649.7  2635.6  48605.7    48532
read      252.2   107.0    74.4   130.2   144.8   232.3   281.3   308.7   327.9   350.4   380.4   428.4   544.1  1069.8  2025.0 107298.3   107423
read      267.0   100.1    80.4   138.2   152.9   259.2   313.1   336.3   351.5   368.3   389.8   421.1   485.6   626.7  1993.2  46743.0    46535
read      268.6    98.9    74.4   138.4   153.6   260.1   313.9   337.7   353.5   370.5   393.2   427.1   499.8   625.6  2166.9  47371.7    47535
read      265.9   108.3    80.4   135.5   150.4   255.1   311.3   335.2   350.7   368.2   390.8   425.9   500.8   743.0  2330.3  49814.0    49633
read      274.9   104.8    80.4   146.7   162.4   272.1   313.4   332.7   345.4   362.2   383.3   420.6   511.5  1039.9  2653.2  30559.3    30334
read      265.7   170.9    93.8   152.5   167.5   253.1   287.7   304.3   315.3   328.7   345.0   373.1   508.5  2472.2  5120.4  17120.3    17207
read      275.6   230.4    74.4   130.7   145.7   237.5   288.6   317.1   338.7   365.1   401.7   467.3  1080.7  2738.3  7676.7 105703.7   106074
read      266.7    98.2    80.4   136.0   150.9   255.8   312.1   337.2   353.7   371.4   394.8   430.4   506.3   662.4  1396.0  49118.3    48912
read      254.3   134.2    74.4   128.5   142.6   229.8   281.2   310.5   330.8   354.7   386.1   435.4   590.5  1544.4  3398.9  96573.0    96483
read      277.1   111.5    74.4   142.5   158.4   272.1   320.8   342.6   358.2   374.8   399.3   434.4   522.7   825.4  3079.1  39181.0    39228
read      262.9   167.9    74.4   127.7   141.6   231.2   285.2   315.1   336.6   362.1   395.5   454.2   789.8  2172.6  4114.4  92561.7    92350
read      250.5   108.9    80.4   127.1   140.8   228.7   282.7   312.7   333.5   357.3   387.4   432.6   537.2   806.9  2106.5  85282.7    85084
read      252.0   104.8    74.4   127.3   141.2   231.1   286.3   316.1   336.8   360.5   390.4   433.4   533.7   795.7  1627.7  82215.7    81993
read      249.0   108.8    80.4   128.1   142.0   228.2   277.6   305.8   325.0   347.4   376.8   425.6   544.0  1058.8  2012.8 101808.0   101617
read      261.9    86.5    86.8   157.1   173.0   259.0   291.2   306.7   316.9   329.8   344.9   371.1   436.9   859.6  2735.6  16789.3    16730
read      326.5   441.4    80.4   130.9   146.1   256.6   323.4   365.3   399.9   443.0   498.7   589.0  1466.4  6645.2 14205.9  70823.0    71079
read      265.2   206.8    74.4   130.5   145.5   235.4   285.6   313.3   333.4   357.6   390.8   444.6   633.3  3430.0  5948.4 108979.0   108942
read      262.0    95.9    74.4   133.0   148.0   248.7   307.1   333.8   351.0   369.6   393.6   428.3   497.5   605.0  1050.5  55582.7    55406
read      274.7   101.1    80.4   139.8   155.5   267.6   320.4   343.5   359.8   377.6   402.2   438.1   516.2   698.1  1481.9  42289.3    42279
read      276.6    90.4    93.8   155.2   171.5   276.3   313.1   331.3   343.4   359.0   377.2   407.9   471.1   641.3  2326.2  21875.3    21876
read      284.9   101.7    86.8   146.4   162.5   280.5   329.2   353.0   369.9   390.2   415.2   452.5   531.0   689.7  1263.1  34049.7    34140
read      280.7   111.2    74.4   138.7   154.0   269.7   325.1   352.3   371.5   395.5   424.5   465.1   549.9   747.7  2784.6  42925.0    42897
read      268.6    78.8    86.8   156.9   173.4   268.5   302.1   317.8   329.6   342.4   360.1   386.5   442.2   592.4  1921.6  18425.0    18462
read      266.2   193.9    74.4   129.3   143.8   233.8   286.5   315.2   335.9   360.9   394.8   453.2   720.9  2947.2  4187.5 100281.7   100375
read      274.5   126.5    74.4   140.6   156.4   267.1   317.1   339.6   355.1   371.9   396.1   432.2   522.1  1094.4  2885.0  41156.0    41347
read      272.7   258.7    74.4   128.8   143.3   234.5   287.2   316.1   337.2   363.0   397.7   457.4   760.7  3594.9  7700.9 101787.0   101594
read      267.8   112.2    80.4   137.7   152.6   259.2   313.5   337.2   352.8   369.9   393.1   426.6   493.3   611.2  1998.9  47518.0    47486
read      253.5   101.5    74.4   127.9   141.7   233.8   290.7   320.3   340.2   363.1   391.6   433.3   518.8   714.2  1057.7  73655.3    73393
read      265.7   108.0    80.4   134.8   149.9   253.9   310.2   335.2   351.6   369.5   393.9   429.0   501.8   750.1  3460.9  51155.3    51134
read      263.0   106.6    80.4   132.4   147.2   247.6   306.5   333.7   351.5   371.1   396.4   433.5   506.9   645.4  2797.7  58129.3    58201
read      256.6   104.5    74.4   128.7   142.9   236.3   294.4   324.1   344.5   367.3   395.4   436.6   529.5   742.4  1361.4  70695.0    71020
read      255.2   103.7    74.4   128.3   142.3   234.7   293.7   323.4   343.1   365.7   394.1   434.6   522.7   699.9  1575.2  72318.3    72071
read      259.1   111.9    74.4   130.4   145.3   237.2   290.2   319.1   340.1   365.5   399.2   452.1   580.2   894.3  1977.1  93265.7    93446
read      282.2    86.9    86.8   157.1   174.4   283.4   321.1   339.2   351.7   366.6   386.3   417.8   484.6   661.7  1977.9  28536.7    28724
read      289.2   149.8    68.9   135.3   151.2   263.5   326.1   361.5   388.3   421.0   461.7   521.5   658.0  1172.2  3788.4  59185.3    59269
read      297.7   158.3    80.4   134.1   149.7   256.6   322.4   365.1   400.6   446.9   506.1   595.6   820.4  1150.8  2119.5  74771.3    74624
read      286.5   120.3    74.4   137.9   153.4   267.8   328.9   360.8   384.8   414.2   449.2   499.0   599.7   840.6  1901.7  52286.3    52368
read      245.4    78.3   101.3   161.3   174.9   239.0   265.9   280.4   290.3   301.6   316.2   339.7   409.8   761.6  2050.6   9717.3     9687
read      282.5   116.9    74.4   138.3   153.5   269.1   326.5   355.1   375.5   401.2   432.0   473.4   569.9   793.4  2014.0  44342.7    44165
read      233.5    68.6    86.8   159.6   171.1   226.9   249.9   263.4   272.6   284.4   297.3   320.3   386.5   763.9  2187.5   6916.7     6895
read      284.7   123.2    74.4   135.4   150.9   263.9   325.5   358.4   383.4   414.1   452.0   506.6   617.9   830.1  1896.6  55011.7    55457
read      286.1   141.4    80.4   132.4   147.5   258.8   323.0   358.9   386.6   421.2   463.0   524.3   670.9  1082.5  3080.9  60879.3    61164
read      278.3   230.4    74.4   133.3   149.1   243.4   294.6   322.4   343.5   369.6   405.5   469.7   790.7  3483.4  7408.8 108374.7   108384
read      274.1    90.2    80.4   146.0   161.7   273.6   316.9   336.4   349.1   365.2   385.8   419.2   491.3   648.1  1880.9  33453.0    33319
read      267.7   211.1    74.4   129.2   143.5   233.2   286.7   316.1   337.3   362.3   395.5   451.0   779.8  3279.8  5046.8  97767.3    97895
read      274.9   107.2    80.4   141.7   157.1   270.3   318.7   340.6   356.0   372.8   397.1   433.6   513.6   728.5  3290.4  39905.7    39720
read      283.3   136.8    80.4   129.7   144.3   251.2   316.3   353.9   384.1   423.4   471.5   543.2   706.8   999.2  1710.8  68805.7    68554
read      268.6   154.7    74.4   128.4   142.6   234.5   291.1   322.2   345.2   373.5   415.0   491.8   823.0  1732.2  2746.1  86901.0    86849
read      274.3   103.7    80.4   148.3   163.9   274.7   315.1   333.9   345.9   361.6   379.8   411.3   482.2   652.1  3894.3  30382.7    30264
read      264.3   163.0    74.4   131.2   145.8   234.7   286.6   315.7   336.9   362.5   397.3   455.9   746.2  2330.7  3702.3 100603.3   100754
read      249.1   107.1    74.4   127.6   141.5   228.4   278.8   307.4   327.0   350.2   380.9   429.3   535.1   905.3  2780.2  97653.7    98098
read      250.9   105.3    74.4   127.4   141.2   229.2   283.2   313.5   334.6   358.5   388.7   434.9   536.0   807.8  1452.7  86016.0    86028
read      252.2   105.6    74.4   128.6   142.5   231.3   283.2   312.2   332.6   356.5   387.4   434.1   543.5   905.7  1606.1  92995.7    93054
read      274.1   103.5    80.4   140.6   156.3   267.1   319.0   342.1   358.4   376.0   400.0   435.8   511.9   655.1  1908.1  42353.0    42348
read      283.3   124.6    86.8   149.7   165.4   280.4   322.4   343.1   358.5   375.0   399.2   432.7   512.9  1146.3  4771.3  29610.0    29490
read      267.8    76.6    86.8   157.1   173.4   267.3   300.9   316.5   327.8   340.7   358.2   385.7   451.0   629.8  1907.8  18071.3    18187
read      276.1   197.0    80.4   129.7   144.5   235.5   290.7   321.1   344.2   372.7   416.6   503.0  1034.3  2223.5  5314.4  95042.3    95113
read      237.8    62.1    86.8   159.1   172.9   232.3   257.0   270.8   280.6   291.8   306.4   328.7   390.5   613.3  1432.1   8621.3     8570
read      285.3   146.3    74.4   132.3   147.3   257.2   321.1   357.0   385.0   419.4   460.6   522.3   672.5  1120.3  3807.8  62076.0    62285
read      284.3   121.2    80.4   136.1   151.3   265.6   326.6   358.6   382.4   411.1   445.5   497.0   598.9   854.1  2123.7  52674.3    52582
read      284.0   103.5    86.8   146.5   162.6   280.1   328.3   350.9   367.0   386.8   411.9   448.0   522.9   731.2  2300.3  34284.7    34260
read      286.2   136.6    74.4   132.9   148.2   261.7   324.3   359.1   386.2   419.2   460.1   519.9   651.3   942.9  3348.6  59490.7    59493
read      284.8   126.5    80.4   133.3   148.7   261.8   325.4   359.6   384.9   416.3   455.6   508.9   635.3   899.4  2160.5  58272.7    58208
read      277.4   189.4    74.4   129.8   144.3   236.9   292.8   324.7   348.1   379.3   424.9   521.3   948.5  2442.6  3461.9  93396.3    93458
read      267.2    88.4    86.8   158.8   175.4   266.8   298.8   313.4   323.1   336.1   350.9   374.5   433.3   693.3  3309.4  18010.0    18056
read      257.6   163.3    74.4   127.8   141.5   229.9   281.9   311.2   331.5   355.2   387.2   436.4   629.3  2462.4  3763.0  94343.7    94134
read      275.6   130.6    80.4   143.1   159.2   271.3   318.7   339.9   354.7   371.2   394.4   429.1   506.3   687.7  6379.4  37805.7    37808
read      286.5   159.6    74.4   135.7   150.9   265.0   326.8   359.9   384.5   414.4   450.9   503.3   618.8   965.3  5370.0  53545.3    53481
read      280.3   113.9    80.4   151.4   167.8   279.3   318.6   337.5   350.3   366.3   387.5   421.2   494.0  1044.3  3070.0  25591.0    25666
read      282.8   263.6    74.4   134.4   150.1   245.4   296.8   325.1   346.2   373.0   410.5   476.9   772.9  3613.7  7927.1 108695.0   108853
read      276.8   106.6    80.4   141.8   157.7   270.7   321.2   344.0   360.1   377.8   402.3   439.5   523.2   671.3  2482.1  41468.0    41576
read      291.2   168.0    80.4   131.6   146.5   253.7   319.2   358.8   391.4   433.2   487.1   568.6   770.3  1179.2  4370.8  70469.7    70282
read      288.1   122.3    74.4   140.8   156.4   274.3   332.0   361.1   382.3   408.5   440.0   488.8   587.0   797.2  2637.0  45378.3    45769
read      265.3   177.0    74.4   129.7   144.2   233.8   287.7   317.7   339.1   364.7   398.3   456.0   795.5  1988.1  5353.4  92397.7    92383
read      253.4    73.4    93.8   162.3   177.6   250.5   278.5   291.8   301.2   312.9   327.0   347.4   403.8   636.9  3319.5  12207.7    12100
read      283.6   151.2    80.4   130.1   144.5   251.1   316.5   353.8   384.3   422.7   467.6   537.3   711.0   988.2  3484.6  67696.7    67747
read      288.5   157.0    74.4   132.0   147.1   253.6   318.7   357.4   389.4   429.5   478.8   554.7   741.1  1022.8  3314.3  69098.7    68933
read      284.8   136.7    80.4   132.5   147.4   257.3   321.2   357.1   385.3   419.9   461.8   526.1   674.5  1004.7  2203.7  63108.7    63242
read      295.6   185.4    74.4   132.7   147.7   254.7   320.6   362.2   397.0   440.6   496.9   583.3   800.4  1447.4  4013.7  73067.7    72993
read      282.6   137.3    80.4   136.1   151.3   264.1   325.5   356.1   378.3   405.4   438.5   487.3   587.2   827.7  3905.3  51026.0    51022
read      284.4   158.3    74.4   129.7   144.3   251.7   316.6   354.2   384.1   421.7   467.8   538.2   711.4  1257.8  3911.1  67097.3    67069
read      280.1   100.8    86.8   152.3   168.7   279.4   318.2   337.4   350.5   366.8   388.6   422.4   497.2   685.2  3366.0  24941.0    24895
read      287.4   163.2    74.4   130.4   144.7   251.7   316.0   355.0   387.1   427.6   477.1   552.9   745.1  1283.0  4697.4  68721.3    68588
read      284.4   134.6    80.4   139.7   155.0   272.2   327.6   355.2   374.6   399.6   428.9   470.9   565.6  1052.3  3811.5  42875.0    42706
read      282.3   141.5    80.4   135.4   150.7   264.2   323.6   354.3   376.4   403.5   436.9   487.1   592.8   924.1  3840.4  49443.7    49479
read      284.3   159.7    74.4   131.0   145.7   253.2   317.8   354.4   383.1   419.4   464.6   533.0   700.9  1010.7  4865.7  64621.0    64792
read      291.7   177.5    74.4   131.7   146.6   251.6   317.9   359.0   392.2   435.0   490.9   576.5   783.2  1217.4  5527.8  73992.0    73879
read      280.7   113.9    74.4   145.9   162.0   278.0   323.0   344.3   360.0   377.0   401.6   435.9   508.3   708.7  3357.7  31715.7    31893
read      287.3   181.3    74.4   128.7   143.4   247.5   312.9   351.6   385.2   427.5   481.3   565.2   789.4  1406.5  6324.3  74292.0    74262
read      284.8   135.8    74.4   133.2   148.6   261.2   323.8   357.6   383.3   415.0   453.9   509.5   647.0  1018.7  3206.9  57371.0    57246
read      275.9   206.8    74.4   129.6   144.1   235.5   291.8   323.5   347.0   377.2   422.8   514.4   914.2  2198.6  7335.3  91466.0    91617
read      263.9   107.0    74.4   133.8   148.8   250.4   309.5   335.5   352.4   370.9   395.0   429.4   500.5   618.7  3558.1  55174.3    55173
read      258.0   133.2    74.4   133.2   148.4   236.9   286.3   313.6   333.2   356.5   387.5   435.2   558.9  1071.1  4524.7 108793.3   108633
read      263.4   112.3    86.8   160.9   176.6   260.2   290.3   305.1   315.0   326.9   342.0   366.6   430.6  1227.9  3195.9  15861.7    15720
read      267.9   223.8    74.4   130.1   144.7   234.5   286.5   315.5   336.5   361.8   395.7   453.6   721.5  3279.2  7678.1 100000.3    99961
read      251.7   126.2    74.4   128.9   143.0   230.3   280.3   308.6   328.3   351.4   381.5   429.0   548.6  1092.4  4158.7 102212.3   102613
read      261.6   105.9    74.4   131.5   146.2   247.1   306.4   333.2   350.4   369.3   393.5   429.3   499.5   614.1  2758.1  56877.3    57169
read      263.6   128.1    74.4   131.9   146.8   247.3   307.0   333.7   351.3   370.6   395.9   432.6   505.5   717.8  5376.1  57274.7    56950
read      267.3   131.7    74.4   135.4   150.5   255.0   311.4   336.3   352.7   370.9   394.7   429.1   502.7   772.2  3994.8  50124.0    49938
read      227.6    67.5   101.3   155.4   167.2   221.2   242.6   254.8   265.0   275.3   290.9   313.7   377.3   707.2  2446.6   5423.3     5383
read      285.0   125.8    80.4   142.9   159.0   275.5   328.5   355.0   373.0   396.3   423.7   463.6   551.9   811.3  3928.5  39659.3    39719
read      284.1   117.3    74.4   144.7   161.1   278.1   327.4   351.7   368.9   390.4   416.8   454.4   531.5   789.5  4900.8  36678.0    36653
read      290.3   170.3    74.4   131.1   146.1   253.8   319.3   358.1   389.4   429.6   480.7   560.3   760.1  1276.8  4236.8  69566.7    69482
read      284.6   121.1    80.4   138.5   153.9   269.9   328.1   357.8   379.6   406.1   437.8   484.5   575.5   752.6  2759.8  46850.0    46749
read      283.5   151.3    74.4   130.6   145.3   252.3   316.5   353.2   382.6   419.6   464.7   531.8   695.5  1070.5  3879.8  65144.3    65109
read      284.3   129.4    74.4   138.6   153.7   269.2   326.9   356.4   377.3   404.0   434.8   482.6   581.1   878.8  3722.1  46295.7    46501
read      288.4   280.9    80.4   135.0   150.8   248.0   299.5   328.4   350.0   377.4   416.7   490.6   820.9  3698.1  7850.8 109427.7   109480
read      257.6   128.1    74.4   128.7   142.7   236.6   294.7   323.8   343.6   366.4   394.5   434.8   531.0   994.2  3930.0  69387.3    69433
read      263.8   113.9    74.4   132.2   147.1   248.1   306.9   334.4   352.3   371.7   397.8   434.8   514.0   729.7  3083.9  58255.3    58157
read      254.5   112.8    74.4   128.0   141.7   235.4   292.5   322.0   341.7   363.9   391.5   431.9   513.1   677.9  1643.8  70561.7    70737
read      276.9    95.8    80.4   145.9   162.1   274.9   320.0   340.3   354.6   370.5   393.6   428.6   504.3   651.5  1993.5  34781.7    34617
read      294.3   164.8    74.4   130.8   145.8   250.5   316.9   359.0   396.5   443.7   506.4   603.0   825.4  1300.5  2705.5  77310.0    77563
read      280.5   198.1    74.4   128.7   143.4   237.6   294.0   325.1   348.4   379.0   425.6   536.4  1073.1  2193.3  3658.6  89984.7    90036
read      273.9    99.9    68.9   141.9   158.4   269.8   317.0   338.6   353.5   370.1   393.1   428.1   500.7   722.8  2252.9  36609.3    36689
read      283.3   115.5    80.4   137.8   153.3   268.9   327.5   357.0   378.1   403.2   434.9   479.9   569.0   759.0  2465.6  47029.0    46832
read      271.2   236.4    74.4   129.8   144.5   235.6   287.0   315.4   336.3   361.7   396.2   458.6   732.5  3480.0  7041.0 104786.3   104903
read      255.3    65.4    86.8   159.5   175.3   253.5   283.4   297.3   308.1   318.9   334.4   356.3   409.5   591.7  1170.5  14012.7    14153
read      277.9    90.0    93.8   155.7   172.8   278.9   314.2   331.9   343.6   359.2   377.4   408.4   471.2   793.4  1778.7  21782.0    21674
read      231.2    68.3    93.8   160.4   170.9   224.1   245.8   257.6   267.6   278.5   292.8   315.6   384.0   907.3  2000.1   5678.0     5689
read      284.5   109.0    86.8   144.3   160.6   278.4   328.3   352.8   369.8   390.7   417.2   457.5   538.5   897.9  2243.3  37527.3    37781
read      265.3    71.4    80.4   160.4   176.5   263.9   296.0   311.6   321.4   334.9   349.6   374.2   435.1   651.1  1081.2  15691.3    15507
read      270.4   210.8    74.4   131.0   145.9   237.7   289.8   318.5   339.5   365.0   399.0   457.8   714.0  3368.5  5895.8 101883.3   102064
read      257.2   112.7    68.9   129.0   143.0   236.5   295.2   324.7   344.2   366.9   395.0   434.5   525.8   850.3  2917.1  71527.3    71340
read      252.0   102.9    74.4   126.8   140.6   231.0   287.0   317.2   337.9   361.3   391.1   433.4   531.3   764.0  1628.5  80043.7    79815
read      269.4   105.0    80.4   139.0   154.3   263.8   315.5   337.7   352.2   368.3   390.2   423.4   493.5   614.9  3370.6  44413.3    44352
read      257.4   120.8    74.4   131.7   146.8   236.4   285.2   312.4   332.1   355.4   387.2   436.1   575.2  1268.4  3399.4 109435.0   109562
read      250.2   103.1    80.4   127.4   141.1   229.3   283.5   313.3   333.8   357.5   387.3   431.7   524.3   740.7  2275.8  86130.0    86219
read      267.9   103.2    80.4   137.1   152.2   259.5   313.8   337.3   352.8   369.8   392.4   426.5   497.5   626.7  1882.9  47245.7    47335
read      274.5   104.2    80.4   140.5   156.0   268.0   318.6   341.3   357.1   374.0   399.2   437.0   526.4   716.3  2099.4  42052.7    41962
read      285.0   114.6    80.4   139.0   154.5   271.6   329.5   358.7   379.6   404.9   436.9   482.4   572.2   762.2  1655.3  45677.7    45802
read      257.5    73.7    93.8   161.0   176.2   254.5   285.2   299.6   310.1   320.6   336.9   360.4   419.9   688.7  2371.9  13405.3    13389
read      266.7   175.2    74.4   130.1   144.8   235.2   288.3   317.4   338.8   364.7   399.1   458.8   784.0  2490.3  4407.8  95482.0    95780
read      256.5   112.8    74.4   129.5   143.6   234.5   289.3   318.7   339.9   364.7   396.5   445.6   558.9   807.0  2659.7  87800.3    87844
read      262.7   100.7    74.4   132.5   147.6   248.3   307.2   333.8   351.1   370.2   395.1   431.9   503.9   639.8  1028.7  55862.3    55903
read      251.8   113.7    74.4   129.9   144.2   231.6   281.7   309.6   329.2   352.4   383.4   430.5   537.1   860.7  3454.6 100932.7   100902
read      257.5   107.3    74.4   129.4   143.7   237.1   296.3   325.9   345.6   368.1   396.0   436.7   533.0   721.0  1762.5  71002.0    70988
read      264.7    97.7    68.9   134.9   150.2   252.5   309.8   335.3   351.9   370.1   394.8   429.3   500.1   617.0  1154.5  53862.7    53831
read      276.9    86.5    86.8   154.1   170.9   278.1   314.9   332.7   344.2   359.4   376.7   408.7   472.6   651.8  1468.1  26972.0    26948
read      285.2   107.0    86.8   148.3   164.6   281.8   327.1   348.4   364.9   384.4   409.9   448.0   529.6   880.7  1985.5  32269.7    32347
read      285.5   110.2    80.4   142.4   158.5   276.0   330.1   356.5   374.4   398.7   427.0   467.0   553.8   846.1  1873.3  40906.3    41050
read      281.1   121.9    74.4   132.5   147.7   258.6   321.4   354.9   380.3   412.5   448.3   502.6   617.0   839.5  1661.9  56231.3    56197
read      259.8   174.2    74.4   126.9   140.9   229.8   282.7   312.2   333.3   358.6   392.9   448.9   699.5  2690.4  5244.2  94504.3    94617
read      256.0   112.7    80.4   128.1   142.0   235.4   294.2   323.5   343.2   365.7   394.0   434.8   520.9   782.3  2956.8  71525.3    71839
read      252.2   104.4    74.4   127.1   140.8   231.3   287.6   317.5   337.9   361.1   390.0   432.7   525.6   775.3  1991.3  79085.7    79082
read      251.1   108.4    74.4   129.9   144.6   231.0   279.7   307.5   327.0   349.5   379.8   428.3   542.0   926.0  1857.0 107592.3   107630
read      261.7   111.9    74.4   132.0   146.8   246.2   304.8   332.4   350.2   369.9   395.2   431.6   505.5   639.1  2844.5  60041.3    60164
read      249.2   112.4    74.4   127.9   141.8   228.4   279.1   308.0   328.0   351.3   381.4   427.8   540.1   860.8  1612.7  97705.3    97878
read      261.5   105.6    74.4   131.0   145.6   244.5   303.5   331.7   350.4   371.2   397.7   436.0   519.2   682.2  2791.4  63601.7    63680
read      254.8   108.4    80.4   128.3   142.1   234.1   292.2   321.9   342.1   364.8   393.2   433.5   525.6   738.1  2610.4  73769.3    73888
read      257.3   105.7    74.4   128.9   143.1   239.1   299.0   327.8   346.3   367.3   394.0   431.8   507.8   677.5  2060.3  65225.7    65499
read      250.8   103.6    74.4   129.0   143.0   230.2   281.1   309.9   330.0   353.3   384.5   431.3   537.9   855.7  1455.6  97074.7    96906
read      249.2   105.7    74.4   128.8   142.8   229.2   278.3   306.5   325.8   348.3   378.4   425.6   535.5   939.0  1557.7 103057.0   103287
read      267.3   104.3    80.4   136.3   151.6   256.5   312.5   337.5   353.9   371.6   395.3   429.2   497.4   659.0  2567.9  49933.3    49664
read      277.0    89.2    86.8   148.1   163.9   277.2   319.8   339.2   352.6   368.1   389.0   421.9   493.7   637.4  1390.3  32481.7    32535
read      281.6   111.9    80.4   138.4   153.4   267.4   326.0   355.0   375.1   400.1   431.4   475.9   574.6   768.9  1655.1  46436.3    46477
read      234.3    79.4    93.8   158.5   171.1   227.5   250.4   264.0   273.4   285.5   299.2   320.8   385.5   795.8  3601.2   7362.7     7459
read      293.2   159.3    80.4   131.6   146.5   253.0   319.5   360.7   395.5   438.8   495.7   583.0   801.8  1243.3  3283.9  73997.3    74137
read      283.0   126.6    80.4   133.2   148.8   259.9   323.6   356.9   381.9   413.2   451.6   505.6   628.3   884.8  2012.5  57204.0    57061
read      282.6   106.0    80.4   145.3   161.3   278.5   325.9   348.2   365.1   384.6   409.0   448.9   527.9   802.6  3422.4  34214.7    34213
read      236.3    75.9   101.3   158.8   171.1   229.7   253.6   268.1   277.9   289.7   304.1   326.0   384.8   676.9  3177.4   7429.3     7432
read      283.3   122.7    74.4   140.6   156.2   272.2   326.9   353.8   372.5   395.5   424.0   466.1   553.1   927.7  2754.3  41358.3    41605
read      283.7   122.0    86.8   147.6   163.4   279.7   326.8   348.8   364.9   383.7   407.4   443.7   522.0   716.4  2780.5  32907.0    32998
read      284.6   130.4    74.4   132.4   147.5   257.9   321.4   357.4   385.2   420.0   462.3   524.8   666.3   899.0  1998.4  61697.0    61636
read      285.0   132.6    80.4   132.0   147.1   255.8   321.2   358.5   387.6   423.6   467.1   531.6   678.2   908.7  1568.5  64741.3    64695
read      261.2    74.0    93.8   160.8   176.0   257.5   290.0   306.1   316.4   329.4   344.7   372.2   433.8   625.6  1875.2  14103.0    14063
read      264.6   158.8    74.4   127.9   142.3   233.5   287.0   316.7   338.0   363.9   399.6   462.6   852.2  1889.5  3008.6  91131.0    91302
read      228.8    69.5   101.3   156.0   168.3   223.1   243.9   255.7   265.9   276.5   291.4   313.9   376.6   803.2  2230.0   6094.7     6064
read      281.0   107.3    74.4   139.2   154.8   271.0   324.7   351.1   370.2   393.4   422.2   463.3   552.4   807.2  1654.5  41281.0    41354
read      273.7    88.8    86.8   156.5   173.4   273.7   308.2   324.3   336.3   349.2   368.4   398.7   465.2   676.5  3547.0  19978.3    19863
read      273.6    78.7    93.8   157.8   174.3   274.0   308.0   324.7   336.7   349.7   368.2   398.5   466.9   627.2  1777.3  19623.0    19488
read      261.1    90.9    93.8   160.9   176.7   258.4   289.6   304.6   314.8   326.8   342.1   367.4   428.1   715.9  2944.8  14054.0    14040
read      269.4    79.9    93.8   155.7   172.2   268.2   303.5   319.4   331.5   344.0   362.3   390.5   456.3   850.3  1429.1  19465.7    19538
read      272.1    89.8    93.8   155.9   172.3   272.2   306.9   323.4   335.5   347.9   366.3   394.7   454.9   667.9  2989.1  20162.7    20199
read      270.2   198.0    74.4   131.4   146.5   237.9   289.2   317.7   339.0   365.1   400.7   460.8   718.3  3075.2  4951.3 106731.7   106657
read      249.9   107.4    74.4   127.9   141.9   229.1   280.8   310.0   330.7   355.0   385.9   432.0   527.1   760.5  2302.0  92256.7    92457
read      250.6   105.6    74.4   127.8   141.8   229.7   281.6   311.0   331.5   355.3   386.2   432.2   537.5   843.9  1818.5  92752.7    92780
read      257.7   110.1    74.4   129.7   144.0   238.2   297.4   326.7   346.0   367.9   395.1   432.7   509.3   698.6  2758.4  68110.7    68203
read      253.0   100.9    74.4   127.8   141.8   232.2   287.3   317.6   338.6   362.6   392.9   437.5   529.7   736.7  1075.6  81736.0    81753
read      262.5   104.9    74.4   131.9   146.6   246.3   305.6   333.1   351.1   370.7   396.3   433.5   511.2   713.8  2251.0  57508.3    57748
read      270.4    79.2    86.8   156.5   173.1   270.9   304.9   319.9   331.6   343.6   361.4   388.7   452.1   675.6  1987.3  21045.0    21027
read      283.2   119.6    80.4   137.4   152.6   266.0   325.4   356.2   378.4   406.6   438.1   488.0   588.2   852.9  2407.5  49443.7    49680
read      300.6   180.4    74.4   131.6   146.9   251.3   316.6   360.0   398.8   452.2   521.6   641.6   915.5  1560.4  3252.7  82169.3    82042
read      273.3   229.2    74.4   128.0   142.4   234.5   288.3   318.6   341.1   369.2   408.6   488.4   939.4  2757.3  8616.0  93806.0    93691
read      270.5   101.0    80.4   139.8   155.0   263.8   316.8   339.9   355.2   371.6   393.4   425.8   493.5   615.3  1629.1  45405.0    45291
read      278.1    96.2    80.4   149.8   165.9   277.8   319.0   338.4   351.7   367.3   388.3   421.6   496.6   652.7  2350.9  30470.7    30437
read      290.6   143.4    80.4   132.3   147.4   257.8   323.6   362.5   394.1   432.1   480.4   552.1   734.7  1169.0  1977.0  67231.0    67422
read      288.6   151.9    80.4   130.9   145.8   254.4   319.0   357.6   389.1   428.2   477.5   552.7   746.6  1178.2  2919.3  69938.3    69956
read      284.9   101.4    80.4   144.9   161.2   280.6   330.0   353.7   370.2   391.4   417.8   455.5   534.3   706.8  1200.9  35356.7    35404
read      302.6   182.1    80.4   133.2   148.7   253.9   319.8   364.2   403.3   455.7   523.4   641.6   899.6  1356.6  4228.1  80650.3    80225
read      274.1   224.7    74.4   130.9   146.1   238.8   291.1   319.8   341.4   367.5   402.6   465.7   767.6  3481.3  6638.2 105433.3   105585
read      270.0    84.8    86.8   157.4   174.2   271.0   304.0   318.6   329.6   341.5   358.2   383.6   443.9   633.4  2659.9  20276.0    20088
read      255.2    99.8    93.8   160.7   175.4   249.8   280.2   294.5   305.1   316.6   332.5   356.3   416.6   851.9  3840.1  12558.3    12672
read      270.1   111.5    93.8   161.9   178.1   266.0   298.8   314.6   325.7   339.2   356.7   385.3   457.6   877.5  4442.5  15811.3    15696
read      280.0    90.4    80.4   153.3   169.6   279.4   318.7   338.4   352.1   368.1   389.8   423.2   494.4   726.0  1402.8  26168.7    25951
read      285.0   130.4    74.4   132.9   148.2   256.7   322.1   359.0   387.9   422.8   464.7   527.7   667.0   874.5  1828.0  64954.7    65007
read      249.1    82.5   101.3   161.5   175.9   243.1   271.1   286.0   295.6   307.9   320.9   344.9   405.5   785.4  3576.9  10247.7    10189
read      293.1   164.0    74.4   131.7   146.7   250.7   316.4   357.7   394.0   439.4   498.9   588.8   812.0  1310.3  3048.3  77678.0    78008
read      256.4    86.1   101.3   161.8   176.6   252.1   282.5   296.9   307.9   319.1   335.5   360.6   422.1   638.5  2270.0  12673.3    12678
read      266.4    77.0   101.3   160.9   176.5   264.1   297.3   313.3   323.9   336.9   352.4   378.6   440.2   683.3  2239.0  15923.7    15922
read      283.5   108.4    80.4   140.9   156.6   272.7   327.6   355.2   374.2   398.4   427.8   467.5   555.3   828.9  1486.8  41948.7    41774
read      283.2   109.7    74.4   142.7   158.6   274.0   326.7   352.5   370.9   393.7   422.1   462.9   548.9   745.3  2480.0  39025.0    38788
read      284.7   117.8    86.8   145.4   161.6   279.3   327.6   350.4   367.3   387.7   413.3   451.6   532.8   965.5  2949.5  34633.7    34559
read      284.0   124.8    74.4   134.8   150.3   263.5   325.0   357.9   382.2   412.0   449.3   502.3   607.4   825.6  2804.8  54640.3    54825
read      283.7   110.2    80.4   140.6   156.4   273.0   328.1   355.3   374.4   399.1   428.8   470.5   556.8   742.6  2040.2  42776.7    42697
read      256.1    86.8   101.3   161.2   176.2   251.5   281.9   296.1   306.8   317.7   333.5   357.0   419.8   755.1  2737.7  12632.3    12669
read      284.6   144.0    74.4   129.4   143.9   249.4   315.6   354.0   385.4   425.9   476.0   551.5   738.0  1076.3  1972.0  69532.3    70047
read      264.8   157.8    74.4   129.4   143.7   233.4   286.9   316.9   338.5   364.9   400.8   463.0   787.0  1983.1  2936.2  96210.7    96137
read      249.9   123.5    74.4   127.1   140.8   227.8   279.9   309.2   329.7   353.7   385.0   432.6   543.2   873.5  2017.2  93039.7    92934
read      269.4    88.1    86.8   156.8   173.2   270.1   302.9   318.0   329.2   341.4   358.3   383.9   444.7   630.5  3811.2  20601.3    20597
read      287.3   137.6    80.4   132.2   147.2   255.4   320.8   358.8   389.5   427.5   473.2   544.4   722.0  1019.9  1587.2  66639.3    66597
read      283.9   129.4    74.4   132.6   147.7   258.6   323.3   358.2   384.6   417.4   457.3   515.6   643.0   903.2  2546.1  60116.3    59987
read      283.3   140.4    80.4   132.3   147.6   257.4   321.0   355.1   380.6   412.8   451.2   507.1   650.0  1293.6  3050.8  58588.3    58456
read      281.4   130.3    80.4   131.0   145.9   255.3   319.5   353.8   379.6   413.1   455.1   516.3   654.4   910.5  2256.8  60090.7    59958
read      268.3   217.3    74.4   127.4   141.6   230.7   283.7   313.8   335.7   362.0   398.2   462.9   874.2  3276.4  5094.8  98467.3    98221
read      263.8   109.1    80.4   133.6   148.5   249.9   308.2   334.7   352.0   370.7   395.9   431.0   504.4   654.3  1843.6  55753.0    55912
read      275.7    99.7    74.4   142.2   158.0   271.9   321.2   342.9   358.2   374.0   397.0   431.7   505.7   659.6  2052.6  39030.3    39018
read      273.8   141.6    93.8   158.5   175.4   268.5   301.3   316.8   328.0   340.6   358.1   387.7   483.8  1683.6  7198.3  18776.3    18747
read      260.8   102.0    74.4   131.2   146.1   244.5   303.7   331.4   349.4   370.0   396.4   433.1   505.2   618.1  1360.1  60057.3    60013
read      249.2   110.7    74.4   126.9   140.6   228.1   281.7   312.1   332.5   355.4   384.3   428.3   509.6   740.7  3888.9  85637.0    85584
read      250.3   103.2    74.4   126.9   140.9   229.8   283.7   313.6   334.4   358.2   388.2   431.8   521.3   774.5  1789.7  84812.3    84809
read      248.6    99.3    74.4   126.0   139.9   228.4   282.4   312.7   333.4   356.9   386.7   429.6   507.1   660.1  1373.8  85255.0    85435
read      247.0   104.9    74.4   126.0   140.0   226.8   278.4   307.8   327.8   350.7   379.7   424.4   511.3   783.5  2820.5  94775.0    94907
read      261.1    73.3    86.8   160.9   177.0   260.6   290.2   304.4   313.9   324.7   339.9   363.8   417.8   573.5  2997.7  16392.0    16437
read      251.1   101.0    74.4   126.3   140.3   231.0   287.0   317.1   337.7   360.9   389.8   431.2   509.5   683.1  1763.1  78118.7    78505
read      250.9   102.9    80.4   127.4   141.1   231.4   287.7   317.8   337.9   360.3   387.7   426.8   502.4   623.7  1853.5  77441.0    77219
read      249.4   103.5    74.4   127.0   140.9   229.1   282.6   312.3   332.8   356.4   386.6   430.4   510.6   687.5  2503.9  86587.7    86414
read      254.0   108.8    74.4   128.1   142.1   234.6   291.6   320.7   340.6   363.2   391.2   431.0   508.9   664.7  2894.3  73308.7    73427
read      244.2    94.5    74.4   126.1   140.2   226.0   275.1   303.3   322.3   344.7   373.0   418.9   505.7   668.8   942.9 100323.7   100497
read      249.8   111.6    74.4   128.0   141.9   229.5   280.5   309.4   329.4   352.8   383.3   428.5   517.9   807.3  3882.2  96362.7    96416
read      254.2    99.7    74.4   128.5   142.5   235.3   293.4   323.0   342.1   364.0   391.3   430.3   504.2   620.0  1402.6  71363.3    71637
read      272.2    91.0    80.4   147.1   163.1   272.6   315.5   334.4   346.3   361.6   378.9   407.4   466.0   575.7  2373.5  33462.3    33216
read      261.7   101.1    80.4   132.1   147.0   245.9   305.1   332.3   349.7   369.6   394.9   432.1   507.4   663.1  1981.0  58498.3    58699
read      265.1   116.4    74.4   134.1   149.4   251.5   309.3   335.8   352.9   371.5   396.1   431.8   508.1   639.3  1783.3  54017.3    53809
read      254.6   104.6    68.9   128.9   143.0   235.3   293.1   322.3   342.1   364.4   391.7   430.4   506.1   645.0  2265.6  72924.0    72797
read      247.6   111.5    74.4   128.6   142.7   229.7   277.9   305.3   323.9   345.8   374.0   419.1   503.8   705.6  2885.2 107601.3   107267
read      263.8   113.1    80.4   133.2   148.3   249.9   307.7   333.9   350.9   370.0   394.3   428.7   497.0   690.6  2967.2  56027.0    55877
read      256.3   112.4    74.4   129.1   143.2   237.0   296.3   325.7   345.2   367.1   394.1   432.4   505.2   633.0  1096.8  70448.0    70507
read      268.3    94.7    80.4   139.5   154.5   260.9   315.0   338.2   353.4   369.9   391.9   423.7   487.1   585.8  1232.8  46890.0    46741
read      271.2    89.1    86.8   145.2   161.2   270.8   316.1   335.7   348.4   363.4   381.1   408.8   468.3   581.7  1883.7  36719.7    36507
read      276.2    85.1    86.8   153.7   170.3   278.9   317.5   335.1   346.2   360.5   375.3   401.8   459.6   579.8  1927.6  30569.7    30697
read      277.0    81.1    80.4   160.9   177.5   279.4   313.3   329.7   340.5   353.4   369.3   395.8   455.6   579.3  1736.5  25339.3    25261
read      276.7    84.2    86.8   160.4   177.2   279.3   313.7   329.9   340.6   353.5   369.2   396.0   451.2   542.9  1919.7  25176.0    25212
read      276.2    95.2    86.8   151.4   167.8   276.5   318.1   336.7   348.9   363.9   381.8   410.4   468.5   587.1  2369.3  33824.3    33805
read      253.3    97.9    80.4   128.7   143.1   233.9   289.7   319.2   339.5   362.2   391.0   431.2   507.2   651.1   983.6  76243.7    76345
read      247.5    96.5    74.4   128.3   142.2   228.5   279.1   308.2   327.9   350.7   379.3   423.7   505.1   658.6  1230.1  95625.3    95558
read      267.8    86.2    86.8   149.4   165.2   269.4   307.1   323.9   335.7   347.8   365.3   391.3   444.0   591.6  2013.6  28205.0    28428
read      264.2    73.8    86.8   154.3   170.6   265.4   298.8   314.0   324.2   336.7   351.1   373.6   430.0   552.2  1910.6  21701.0    21673
read      247.0    98.0    74.4   126.5   140.5   227.3   280.0   309.5   329.6   352.2   381.0   424.7   504.3   671.2  1516.3  88930.3    89018
read      266.7   111.6    80.4   138.4   153.1   258.4   312.8   335.8   350.5   367.1   388.5   419.5   475.6   589.8  4628.5  46856.3    46753
read      270.4    84.5    86.8   146.4   162.2   272.0   314.3   332.9   344.6   359.2   374.5   401.6   459.4   567.2  1014.0  33985.3    34034
read      268.0    97.1    80.4   138.6   153.8   260.5   315.4   338.5   353.6   369.7   391.2   422.4   479.4   569.0  1876.6  47334.0    47329
read      261.2    99.6    74.4   132.3   147.0   247.0   306.6   333.3   350.3   368.7   392.6   426.3   490.2   614.3  2036.1  56875.3    56893
read      269.0    93.9    80.4   141.9   157.8   267.2   314.3   334.6   347.4   363.3   382.1   411.2   466.4   582.7  1903.6  38832.7    38690
read      250.8   106.2    74.4   127.9   141.6   230.7   286.0   316.1   336.7   359.7   388.1   428.2   502.6   625.7  2370.6  80290.0    79988
read      245.5    93.4    74.4   128.1   142.1   227.9   276.1   303.8   322.7   345.0   373.4   418.3   501.3   641.0   922.0 107421.0   107429
read      269.1   109.2    80.4   140.2   155.6   262.8   315.0   336.8   350.8   366.8   387.2   417.8   476.5   624.7  2764.6  43964.7    43713
read      252.2    96.8    74.4   128.3   142.3   232.7   289.8   319.6   339.7   362.1   389.9   429.3   499.5   608.3  1081.6  76412.3    76624
read      255.0   101.4    74.4   128.4   142.3   235.3   294.3   324.1   344.1   366.3   393.7   432.6   505.9   655.5  1766.9  72108.7    71700
read      271.4   101.2    74.4   142.1   157.8   268.3   317.7   338.7   352.6   367.8   387.8   417.4   475.3   613.8  3847.4  40766.3    40703
read      248.1   103.6    74.4   128.5   142.1   228.6   280.0   309.2   329.1   351.8   381.2   424.4   504.0   671.3  2388.1  95369.7    95489
read      262.3    84.8    93.8   157.4   173.9   261.9   292.9   307.8   317.3   329.5   343.4   368.0   424.6   626.1  2749.0  18458.0    18531
read      246.1    95.5    74.4   127.7   141.5   227.6   277.9   306.4   325.7   347.7   376.2   421.0   500.6   629.2   967.4  99273.0    99369
read      272.0    82.4    80.4   151.3   167.7   274.7   312.2   329.3   340.6   354.2   370.6   397.9   456.6   549.2  1327.2  29079.7    29286
read      270.6    90.3    80.4   141.0   156.5   266.2   317.9   339.9   354.6   370.4   391.7   422.4   476.4   566.5   750.6  43062.3    42988
read      255.6    98.2    80.4   129.2   143.4   237.0   296.3   325.9   344.8   366.2   393.1   430.4   501.8   613.0   934.0  68922.7    69249
read      238.5   104.9    93.8   159.1   172.4   230.4   254.0   268.1   277.7   289.6   304.1   326.3   390.5  1722.4  4248.2   7912.0     7889
read      265.0   112.7    74.4   136.0   151.0   253.3   310.0   334.7   350.8   368.7   391.7   426.0   492.5   611.9  2294.0  51549.0    51783
read      269.2    89.0    80.4   142.9   158.8   267.4   314.8   335.1   347.9   363.4   381.6   409.3   464.9   562.2   932.7  38720.7    38634
read      249.9   111.4    74.4   127.7   141.5   229.9   283.1   313.0   333.3   356.3   385.2   428.4   509.1   674.7  3267.9  86319.0    86204
read      251.2    99.4    74.4   131.4   146.3   233.8   282.2   309.2   328.0   349.9   378.4   423.7   511.4   730.5  1408.5 109289.3   109534
read      269.3   103.4    80.4   139.5   154.6   262.5   316.1   338.7   353.6   369.7   391.4   422.5   481.0   634.1  2900.5  45264.3    45136
read      260.4   104.8    80.4   132.4   147.2   245.3   304.9   332.4   349.7   368.6   392.5   427.3   493.4   593.9   947.5  59820.7    59949
read      258.8   100.8    74.4   130.7   145.2   242.6   301.8   329.8   347.5   367.6   392.9   429.2   500.1   627.7  1990.5  61782.3    61681
read      251.6    99.1    74.4   127.2   141.0   231.4   288.4   318.8   339.4   362.3   391.1   431.1   505.7   641.5   969.2  76580.3    76329
read      269.8    94.2    80.4   140.4   155.6   264.6   317.1   339.3   353.9   369.6   391.1   422.1   476.9   578.9  2015.3  44284.3    44322
read      269.0   109.4    86.8   157.8   174.7   269.0   301.1   315.5   325.7   337.9   352.5   374.0   429.5   906.6  3473.0  20684.3    20698
read      249.8   108.4    74.4   127.6   141.3   229.6   284.1   314.3   334.7   357.6   386.0   428.4   506.3   655.8  1820.2  84514.0    84853
read      252.1    97.6    74.4   127.4   141.4   232.3   289.8   320.3   340.3   362.7   390.3   430.7   507.2   629.8   842.6  75927.7    75889
read      245.3   102.3    74.4   126.3   140.1   225.9   275.6   304.6   324.3   347.5   377.1   422.2   506.0   732.6  2325.9  98053.0    98396
read      265.5   112.2    80.4   134.4   149.7   251.5   310.6   336.7   353.6   371.5   395.2   429.3   496.6   656.1  2938.0  54043.3    53818
read      268.2    79.5    80.4   152.5   168.4   270.4   306.8   323.0   334.3   345.6   362.5   386.7   439.1   543.8  1474.3  26078.3    26200
read      263.8   101.6    74.4   134.4   149.3   251.0   309.4   335.0   351.6   369.7   393.0   425.9   489.9   641.3  2619.2  54793.3    54761
read      248.7    77.4    93.8   158.2   173.1   244.0   271.8   286.6   296.1   308.5   321.6   346.0   407.5   655.1  2941.4  12317.0    12268
read      263.5    98.9    80.4   135.2   150.1   251.8   309.9   334.9   351.1   368.7   390.7   422.9   485.8   589.6  1630.0  52322.3    52324
read      249.9    99.7    74.4   129.9   144.4   232.7   281.4   308.4   327.3   349.2   377.9   423.2   506.2   670.6  1885.3 106743.3   106440
read      231.1    72.5    93.8   155.4   168.0   225.4   247.9   261.0   270.5   281.9   295.3   317.7   372.7   652.7  2360.2   7254.0     7154
read      247.1    98.0    74.4   125.9   139.7   227.4   280.4   310.5   330.9   353.6   382.1   425.2   505.3   672.9  1311.7  87259.7    87362
read      268.6    95.6    80.4   139.9   155.2   263.8   314.9   337.0   351.4   367.7   388.7   419.8   475.0   564.0   906.8  43664.0    43716
read      269.4    84.3    80.4   151.2   167.1   271.5   308.4   324.7   336.2   348.0   365.5   391.6   444.1   571.7  2560.2  26765.0    26737
read      270.6    91.6    80.4   142.0   157.6   267.2   317.5   338.9   353.1   368.4   388.8   418.7   475.9   574.9   906.8  41749.7    41596
read      249.8   107.4    74.4   127.2   141.0   229.0   283.4   313.7   334.6   358.0   386.9   429.3   507.6   651.0  2983.0  85526.7    85490
read      251.1    97.1    74.4   127.3   140.9   231.2   288.8   318.9   339.3   361.8   389.3   430.1   502.7   623.6   824.7  77624.0    77612
read      251.8   102.0    68.9   127.2   140.9   231.9   288.3   318.7   338.9   361.7   390.2   431.4   506.7   641.6  1954.6  78458.0    78124
read      255.5   107.2    74.4   128.9   142.9   235.9   294.8   324.1   343.4   365.4   392.9   431.1   504.1   630.2  2892.4  69623.3    69632
read      270.3    92.9    86.8   143.3   159.1   268.4   315.7   336.2   349.3   364.8   383.9   413.2   468.6   565.3  2022.7  39165.7    39180
read      259.7    79.4    93.8   160.3   175.7   257.8   288.1   302.8   312.9   323.7   338.5   360.9   417.2   658.9  2710.5  15902.3    15803
read      270.1    90.2    86.8   145.1   160.8   269.8   314.7   333.8   345.7   361.1   378.3   406.0   464.9   570.7  1614.7  36910.7    36987
read      265.5    73.3    86.8   157.1   174.2   266.8   298.0   313.0   322.9   335.3   348.7   372.8   431.8   564.9  1289.2  19817.0    19833
read      268.6   108.9    80.4   139.2   154.2   260.8   314.5   337.3   352.4   369.0   391.3   422.9   485.4   595.2  3774.8  46455.7    46567
read      264.0   109.3    80.4   133.4   148.6   249.2   308.8   335.9   353.5   372.3   396.5   430.6   500.5   628.0  2193.2  57342.3    57368
read      273.0   102.6    80.4   144.8   160.7   272.3   316.3   336.0   348.7   364.3   383.2   412.2   469.0   606.8  2947.8  36076.3    36003
read      256.5    99.8    74.4   128.7   143.0   237.4   296.8   326.3   345.8   368.0   396.3   435.0   507.7   620.7  1134.8  68699.7    68916
read      248.9   397.4    74.4   127.9   141.7   229.1   280.2   308.9   328.8   351.8   381.6   425.6   505.4   640.7  2191.9  93494.7    93229
read      266.1    94.5    74.4   137.7   153.0   257.7   311.2   335.1   350.7   368.2   390.8   423.5   484.2   581.1  1097.6  46902.0    46632
read      247.2    94.9    74.4   127.6   141.1   228.5   279.9   308.9   328.9   352.0   380.4   423.4   502.0   638.4   981.0  93422.0    93663
read      248.7   109.9    74.4   128.5   142.6   229.6   277.9   305.6   324.5   346.7   376.1   423.4   516.6   931.9  3308.1 106700.3   106418
read      258.8   102.0    74.4   130.6   145.2   243.1   302.3   329.7   347.5   367.5   392.1   427.3   496.4   603.7  1680.1  60372.7    60496
read      246.8    92.6    74.4   129.4   143.6   229.7   277.1   304.2   322.7   344.7   373.0   417.9   502.4   677.9  1174.9 108980.3   109057
read      247.2   107.0    74.4   127.5   141.2   228.1   278.2   307.0   326.9   349.3   378.7   423.0   505.9   700.6  3735.1  97082.3    96861
read      248.9    96.3    74.4   127.4   141.1   229.0   283.6   313.7   334.1   357.0   385.4   426.9   502.8   642.1   864.6  86313.7    86255
read      271.7   130.5    86.8   152.8   169.2   272.2   308.3   324.4   335.7   347.1   364.6   390.3   448.8   666.4  4325.5  25540.0    25686
read      260.3    69.7    93.8   158.3   174.5   259.9   291.1   306.0   315.6   327.1   341.2   364.1   416.7   560.5  1952.5  17451.0    17483
read      270.1    86.1    80.4   149.5   165.3   272.1   310.4   327.8   339.5   352.9   369.0   395.1   451.2   577.8  2643.4  29107.3    29211
read      261.0    95.7    74.4   132.2   147.3   248.4   305.4   331.7   348.2   367.2   390.9   426.0   494.2   594.0  1163.3  55241.7    55328
read      247.2    99.0    74.4   126.4   140.1   227.8   280.8   310.4   330.6   353.3   381.6   425.2   503.4   637.5  1016.6  87690.3    87592
read      267.9    86.1    86.8   152.8   169.3   269.0   304.2   319.7   331.2   343.0   359.8   384.4   437.0   583.0  3210.5  23935.7    23882
read      267.5    92.9    80.4   139.4   154.5   261.3   314.0   336.4   350.8   366.6   386.8   418.3   482.9   589.6  1722.0  44581.3    44790
read      248.8    90.2    93.8   159.9   174.4   244.5   272.6   286.9   296.0   308.0   320.7   343.1   398.3   604.3  6021.7  12242.3    12236
read      267.4   110.7    80.4   138.1   153.6   260.8   309.9   332.4   346.8   364.8   387.0   420.3   489.7   624.1  3912.4  42879.3    42928
read      248.8   101.2    74.4   129.2   143.4   230.1   279.4   307.5   326.8   349.1   378.4   424.9   512.2   703.4  2196.6 103716.3   103959
read      247.4   102.5    74.4   128.0   141.8   228.2   278.4   307.0   326.7   349.4   378.6   423.9   504.1   685.2  2729.5  97423.0    97347
read      255.2    97.3    74.4   129.0   143.2   237.1   296.1   325.4   344.2   365.6   391.7   429.1   501.1   614.0   797.2  68433.3    68379
read      248.7   111.2    74.4   127.7   141.2   228.9   281.0   310.4   330.4   353.1   382.8   427.4   509.3   685.7  3173.0  92433.3    92596
read      242.1    63.0    93.8   157.9   172.7   237.5   263.7   277.9   287.8   298.0   313.8   337.4   395.6   584.7  1612.8  10113.0    10055
read      269.0    80.5    86.8   149.5   165.4   271.0   309.4   326.5   338.0   350.6   367.5   394.2   450.7   540.5  1244.0  29442.0    29634
read      242.2   101.9    86.8   159.5   173.5   236.0   260.7   274.3   284.5   295.0   310.3   333.2   390.9   807.3  3279.9   9384.3     9324
read      270.3    80.3    74.4   150.3   165.9   272.3   311.4   329.0   340.5   354.0   370.1   397.1   455.9   550.5   830.5  29988.0    30076
read      246.2    99.0    74.4   127.6   141.6   227.6   277.1   305.4   324.7   346.9   375.9   421.4   502.9   664.9  1568.9 100010.7   100150
read      271.7   104.3    80.4   152.7   169.3   273.2   309.6   326.1   337.7   350.2   366.7   392.5   451.2   591.4  3883.9  27482.7    27527
read      247.2    96.0    74.4   128.0   141.9   228.0   278.8   307.9   327.8   350.3   378.5   424.0   506.0   688.9  1098.1  94871.0    95171
read      268.9    97.0    80.4   141.5   157.3   264.9   314.3   335.3   348.6   364.3   383.5   413.5   471.9   603.4  2682.7  40504.3    40523
read      248.5    67.5   101.3   160.4   174.9   244.9   273.0   287.5   296.6   308.7   321.1   343.7   396.0   588.7  1564.5  11457.3    11422
read      241.8    92.1   101.3   159.3   173.0   236.8   261.5   275.2   285.3   295.5   310.6   332.7   382.1   628.1  5176.4   9230.0     9200
read      268.7    95.7    74.4   140.9   156.2   263.7   314.8   336.5   350.5   366.3   386.5   417.3   476.4   585.5  3000.0  42625.7    42816
read      244.9    69.8   101.3   161.4   175.7   240.4   267.2   281.1   290.4   300.8   314.7   335.9   383.6   617.9  2165.0  10712.0    10698
read      268.4   104.9    86.8   155.7   172.4   268.3   302.1   317.4   328.5   340.5   356.4   379.6   434.3   648.3  4262.9  22171.3    22301
read      266.8    96.4    80.4   138.1   153.1   258.1   313.8   337.5   352.8   369.0   390.2   421.7   485.1   587.9  1489.8  48205.0    48159
read      270.5    91.8    74.4   142.7   158.5   267.7   317.0   338.0   351.9   367.5   387.6   416.8   470.6   565.1   714.5  39906.0    39987
read      270.0   104.9    86.8   146.7   162.5   269.9   312.2   330.8   342.8   357.1   372.8   401.0   458.5   591.7  4236.1  33265.7    33067
read      259.7   112.1    74.4   131.2   145.7   242.7   301.5   329.5   347.2   367.5   392.5   428.1   500.8   691.5  3297.2  62422.3    62704
read      263.6   100.8    74.4   134.9   149.7   251.3   308.9   334.4   350.7   368.5   391.4   425.0   491.5   621.1  2318.8  52839.7    52778
read      251.3    98.4    74.4   127.7   141.3   231.6   288.7   318.9   339.1   361.7   389.4   428.9   501.3   626.9   838.2  76066.3    75981
read      253.5   100.7    74.4   128.3   142.4   234.3   291.7   321.7   341.5   363.7   390.6   429.9   503.4   629.8  1837.1  74498.7    74522
read      257.0    69.6    93.8   162.0   177.2   254.8   284.6   298.7   308.9   319.1   334.7   357.1   413.0   592.6  2134.7  14663.3    14533
read      229.4    74.0    86.8   157.4   169.3   224.2   245.6   257.3   267.4   278.3   292.6   314.6   370.2   595.8  3866.2   5603.7     5566
read      253.5   117.0    74.4   128.3   142.2   233.1   288.6   318.2   338.4   361.2   390.2   431.8   510.1   709.9  3346.6  77819.0    78062
read      249.9    97.1    74.4   127.3   140.9   230.5   285.9   315.8   336.0   358.7   386.5   428.6   503.6   624.9  1073.0  82325.0    82399
read      247.3    93.4    74.4   129.1   143.3   230.1   277.9   305.2   323.8   345.8   374.4   420.3   504.4   666.0  1155.3 108777.0   108638
read      247.4   100.4    74.4   127.2   141.1   227.8   279.3   308.6   328.7   351.6   380.8   425.3   505.8   717.0  1814.4  93413.7    93541
read      267.4    95.6    74.4   138.5   153.4   259.1   314.0   337.6   353.0   369.4   391.2   422.8   483.7   590.2  1805.0  47194.0    47145
read      247.1   110.2    68.9   128.9   143.0   229.1   276.2   303.7   322.2   344.3   372.8   418.3   503.1   731.7  3209.2 110183.3   109796
read      269.2   118.9    86.8   151.1   167.1   270.0   307.2   323.7   335.5   347.3   365.2   391.5   444.3   547.2  7258.7  26629.0    26597
read      235.0    69.1   101.3   159.3   172.3   229.5   252.4   266.1   275.2   287.0   300.2   321.1   373.2   664.3  3062.4   7089.7     7034
read      256.2   102.4    74.4   129.6   143.8   237.0   294.4   324.4   344.3   366.6   394.6   433.4   506.5   654.7  2447.3  72402.0    72616
read      254.3    77.6    93.8   160.2   175.7   250.7   280.3   294.6   304.9   315.8   330.9   353.3   407.8   633.1  3108.8  13642.0    13584
read      265.8   100.9    86.8   156.7   173.1   265.1   297.6   312.8   322.6   335.2   348.7   372.1   431.6   818.4  3778.9  19705.7    19750
read      249.3   112.5    74.4   130.1   144.8   231.5   280.0   307.3   326.0   347.3   376.3   420.9   504.5   669.9  3839.1 109029.7   109139
read      256.0    66.4    93.8   159.3   175.2   254.3   284.1   298.3   309.0   319.7   335.4   357.6   408.8   572.7  1210.2  15141.0    15150
read      252.2   100.4    74.4   127.9   141.7   232.5   289.6   320.1   340.2   362.3   389.6   430.1   504.9   624.1  1515.8  74064.0    74389
read      248.2   105.5    74.4   126.7   140.5   227.6   280.8   310.9   331.5   355.0   384.3   427.3   506.0   669.2  2950.5  87301.3    87266
read      248.3   100.0    74.4   129.2   143.5   230.4   278.6   306.0   324.8   346.8   375.3   421.3   506.8   774.0  1913.4 108488.7   108170
read      247.6    94.5    74.4   129.1   143.3   229.6   278.4   306.9   326.3   348.7   377.6   422.6   503.9   640.9   880.8 103885.3   103631
read      267.2   102.6    74.4   138.7   153.9   260.2   312.7   335.3   349.9   366.8   388.4   419.9   481.4   600.1  1979.3  44604.7    44587
read      256.7    98.1    74.4   129.6   144.0   239.6   298.6   327.3   345.8   366.8   392.3   428.8   500.2   598.1   858.9  66347.3    66411
read      248.9    96.6    74.4   127.8   141.6   229.7   282.9   312.5   332.8   355.6   384.0   426.6   504.3   635.3   919.1  89127.7    89167
read      271.8   107.1    86.8   144.4   160.4   270.3   314.6   334.2   346.5   361.9   379.2   406.7   468.6   687.8  2957.9  35728.0    35723
read      247.6    97.0    74.4   126.2   140.1   227.9   281.2   311.5   332.1   355.2   383.4   425.6   506.1   641.6   926.5  85561.3    85827
read      248.1    96.9    74.4   125.8   139.7   228.7   284.0   314.1   334.2   356.6   384.1   425.2   500.8   611.1  1036.4  79043.7    78806
read      247.3   103.0    74.4   126.1   140.0   226.6   279.6   309.8   330.4   353.7   383.1   426.3   507.5   704.0  2995.3  89425.0    89641
read      257.7    67.9   101.3   162.2   178.0   255.6   285.4   299.1   309.2   319.4   335.0   357.5   403.7   563.2  1941.2  14223.3    14186
read      265.4   105.0    74.4   135.6   150.7   253.8   311.3   336.5   352.7   370.1   393.1   426.0   490.0   607.1  2402.7  52387.7    52308
read      263.6    99.5    74.4   134.3   149.3   250.0   308.7   334.9   351.9   370.5   394.5   428.8   499.4   618.1  1830.5  56620.0    56743
read      273.9   101.9    80.4   144.4   160.3   272.2   319.5   339.8   353.6   368.8   389.2   418.8   477.8   590.7  3053.7  38303.7    38302
read      253.9   100.9    74.4   128.1   142.2   234.8   293.3   322.9   342.4   363.9   391.0   430.3   502.1   625.2  1341.7  71444.3    71662
read      271.1    91.4    74.4   145.6   161.5   271.0   315.6   335.3   347.7   362.6   379.7   407.1   463.8   578.8  1995.8  36050.7    36015
read      258.5   109.7    80.4   130.1   144.6   240.6   300.5   329.3   347.7   367.9   393.3   429.9   501.0   637.7  2896.5  64914.7    65048
read      254.3   113.9    74.4   128.4   142.1   233.7   292.4   323.0   342.8   364.9   392.0   431.0   506.1   640.7  3501.6  72945.0    72989
read      253.7    99.4    74.4   128.2   142.2   233.9   290.6   320.7   341.1   364.2   393.0   434.7   514.3   652.1  1221.9  76289.3    76390
read      269.9   118.6    86.8   153.5   170.0   271.3   305.5   320.7   332.4   344.1   361.4   386.6   437.6   611.6  3821.4  24393.7    24409
read      250.1   109.5    74.4   127.2   141.0   229.2   283.9   314.1   334.5   357.5   386.4   429.4   508.3   761.4  2615.4  85162.7    85530
read      235.3    71.0   101.3   158.0   171.3   230.2   253.4   267.3   276.5   288.2   301.6   320.4   372.2   614.0  2290.5   8281.3     8346
read      255.6   103.2    74.4   128.8   142.8   236.7   295.5   324.9   344.4   366.5   393.8   431.3   504.3   615.6  1796.5  69465.0    69627
read      256.2   109.7    74.4   128.5   142.6   236.8   294.9   323.6   343.5   365.6   393.4   433.3   517.3   809.7  3169.9  70136.3    70266
read      248.3    98.4    74.4   127.5   141.3   228.5   281.1   310.9   331.4   354.6   383.7   427.2   507.3   640.1  1618.2  89465.3    89525
read      255.0    99.1    74.4   128.6   142.9   235.8   295.2   324.8   344.4   366.1   393.2   431.2   502.4   609.1  1054.5  70841.7    70975
read      266.5   116.9    74.4   137.3   152.4   257.9   311.4   334.5   349.3   366.4   388.1   420.1   482.3   621.9  3788.4  46463.7    46633
read      260.4    73.4    93.8   159.0   175.1   259.2   290.1   304.9   314.7   326.2   341.3   365.0   421.7   590.2  2366.5  17016.0    16963
read      251.5    94.6    74.4   131.4   146.3   234.6   283.0   309.9   328.7   350.4   378.5   423.6   509.9   690.3  1431.1 109755.3   109556
read      247.0   106.3    74.4   126.5   140.4   226.8   279.4   308.9   329.1   351.8   380.0   423.1   504.4   714.6  4013.6  91150.3    91124
read      265.7   104.5    74.4   135.9   151.0   254.3   311.9   336.9   353.4   371.2   394.1   426.6   490.7   591.6  1486.8  51556.7    51505
read      248.3   109.4    74.4   127.4   141.4   228.6   279.8   309.2   329.5   352.2   381.6   426.0   506.7   694.0  2868.1  93748.3    93804
read      262.1   113.9    74.4   132.0   147.0   246.7   305.6   333.3   351.1   370.8   395.4   429.7   501.7   628.8  2614.1  58630.3    58474
read      269.8    99.4    74.4   140.2   155.7   264.4   316.1   338.4   353.0   369.1   389.9   420.5   479.0   593.1  2090.4  43375.7    43487
read      260.4    97.3    74.4   131.5   146.1   244.4   304.6   332.6   350.7   370.5   396.1   430.4   499.2   605.0   907.5  61712.3    61792
read      261.1    96.2    74.4   132.6   147.4   246.2   305.9   332.9   350.6   369.7   393.7   428.5   496.2   593.9  1207.9  59234.7    59548
read      271.3   110.3    80.4   140.3   155.9   265.5   317.4   339.4   354.0   369.6   390.6   422.0   486.8   665.5  2917.1  43721.3    43635
read      271.0    86.7    86.8   152.4   168.6   273.6   310.4   327.0   338.3   350.9   367.4   393.4   447.2   562.2  1938.9  27479.0    27536
read      269.9   111.2    80.4   139.9   155.2   263.9   315.5   337.6   352.4   368.9   390.7   422.0   482.7   586.7  4473.4  42789.7    42828
read      251.3   100.9    74.4   131.0   145.9   234.1   282.3   309.0   327.6   349.3   378.1   423.7   512.0   733.5  1949.9 109604.7   109424
read      251.3   100.8    74.4   127.3   141.2   232.0   287.3   317.1   337.3   359.9   388.3   429.6   505.2   632.3  2160.8  78261.7    78273
read      260.2   102.1    74.4   131.5   146.2   244.4   303.8   331.6   349.4   368.9   393.9   429.7   499.3   634.3  1608.0  60248.7    60279
read      271.8    89.0    80.4   146.5   162.3   272.3   315.7   334.9   346.9   362.2   379.8   407.7   467.8   586.0  1209.0  35229.0    35178
read      257.9   108.3    74.4   129.7   144.0   239.5   298.9   328.4   347.2   368.3   394.2   431.5   506.4   638.6  2766.1  67152.0    67279
read      250.2   107.1    74.4   126.1   140.4   230.2   285.3   315.2   335.6   358.9   388.2   431.2   509.3   651.5   862.3  80737.0    80752
read      272.6    86.6    80.4   146.5   162.4   274.4   317.3   336.0   348.0   363.0   380.5   407.8   466.3   568.7  1006.3  35006.3    35012
read      236.2   131.6    93.8   156.8   169.7   228.1   251.4   265.3   274.7   286.6   299.9   321.3   374.5  1783.1  7433.5   7893.3     7936
read      234.9    64.5    93.8   158.0   170.7   229.9   253.2   267.4   277.0   288.3   301.3   320.8   374.3   612.1  1949.5   8596.0     8578
read      247.1    96.3    74.4   127.5   141.1   228.0   279.9   309.2   329.3   352.0   380.1   423.5   502.0   640.5  1115.4  89930.3    89696
read      226.1    95.4    93.8   154.5   166.4   219.9   240.0   251.8   261.6   273.3   288.7   311.0   363.4   629.0  4001.9   5643.0     5569
read      271.7    81.1    80.4   152.7   169.2   274.7   311.3   328.1   339.3   352.1   368.3   394.2   447.9   566.9  2024.4  26941.7    26905
read      269.5    93.0    80.4   140.6   156.1   265.1   316.3   338.2   352.4   367.8   388.2   419.0   475.4   567.5  1589.4  42298.7    42389
read      249.2   105.7    74.4   126.5   140.5   228.6   283.1   313.4   334.0   357.2   385.7   427.7   504.7   697.8  2451.9  84652.3    84689
read      258.7    97.4    74.4   130.5   144.8   242.9   302.3   329.7   347.2   367.5   392.1   428.5   500.5   616.8  1343.8  59419.7    59305
read      264.5    91.3    80.4   136.9   152.0   257.2   311.0   333.6   347.9   364.7   385.1   416.0   473.8   571.7   955.5  44538.3    44512
read      251.8    96.7    74.4   127.5   141.6   233.2   290.1   319.4   339.2   361.4   388.9   427.9   499.7   612.9   849.4  72406.7    72395
read      253.7   111.2    74.4   128.0   141.8   233.1   290.6   321.0   341.4   364.0   391.5   431.0   507.4   730.1  3135.9  74778.7    74619
read      256.5    98.9    74.4   129.5   143.7   238.4   297.9   327.0   346.1   367.3   393.6   430.6   500.1   593.3  1033.1  67100.3    67302
read      260.7   103.9    74.4   131.6   146.5   246.6   304.4   331.3   348.6   368.0   392.7   428.3   496.5   600.4  2845.3  57767.7    57822
read      238.5   123.3    93.8   159.2   171.9   230.6   253.4   267.5   276.9   288.9   303.0   323.7   385.8  1181.0  6554.3   8197.0     8117
read      247.6   108.0    74.4   128.9   143.2   229.4   277.7   305.3   324.0   346.0   373.9   420.1   508.2   705.7  2489.9 105988.0   106178
read      269.0    88.4    86.8   152.2   168.5   270.3   306.2   321.9   333.5   345.0   362.1   387.0   440.5   641.5  2805.6  25108.7    25089
read      254.4    98.9    74.4   128.5   142.6   235.7   294.7   324.1   343.5   365.0   391.4   429.0   502.0   605.5   931.3  68987.3    68848
read      246.8    98.9    74.4   127.6   141.4   228.3   278.2   306.6   326.1   348.5   377.2   422.0   503.7   658.8  1591.4  98791.3    98941
read      251.4    96.9    74.4   128.1   141.7   232.1   288.4   318.5   338.9   361.7   389.4   428.6   501.3   613.6   829.8  77924.0    78157
read      249.2    95.7    74.4   130.1   144.7   231.8   279.8   307.0   325.9   348.1   376.8   422.9   507.2   681.4  1153.9 109871.0   109857
read      252.7   113.0    74.4   130.4   145.1   233.5   282.7   310.0   329.0   351.4   381.1   429.2   536.4   846.9  3819.1 108446.3   108875
read      249.2   103.8    74.4   127.2   141.1   229.7   283.2   313.1   333.5   356.6   385.3   428.0   503.4   633.8  1187.9  86821.7    86646
read      249.0    96.4    74.4   127.3   141.0   229.3   284.0   313.8   334.2   357.4   386.0   427.8   502.9   618.2   853.4  83241.0    83239
read      263.1   100.2    80.4   135.0   150.1   252.1   308.3   333.3   349.2   367.1   389.5   422.4   486.9   612.8  2086.7  51292.7    51061
read      248.6    98.5    74.4   127.7   141.4   229.2   281.9   311.4   331.6   354.5   383.4   426.4   504.2   636.3  1748.9  89614.3    89906
read      262.5    98.7    74.4   133.5   148.5   248.5   307.9   334.7   351.8   370.3   393.7   427.9   494.7   609.8  1298.8  56538.3    56601
read      258.4   120.4    74.4   129.0   143.2   237.1   295.1   325.2   345.5   368.7   397.6   442.0   538.8   795.7  2648.2  71316.7    71203
read      247.9   106.1    74.4   127.9   141.8   228.7   279.2   308.1   327.7   350.2   379.1   424.0   503.6   685.9  3119.5  95878.7    95942
read      254.0   100.2    74.4   128.6   142.4   234.6   293.2   323.3   343.4   365.1   392.0   429.9   501.6   615.0   802.5  71607.7    71622
read      247.7    98.1    80.4   128.0   142.1   228.6   279.2   308.4   328.1   350.9   380.2   425.1   505.8   638.6  1613.9  97171.3    97182
read      269.2    94.8    93.8   151.0   167.0   270.7   307.7   323.9   335.3   346.7   364.8   391.3   445.9   581.1  2743.3  27678.7    27718
read      267.7    99.2    80.4   139.2   154.1   260.1   315.3   338.2   353.1   369.2   390.1   420.7   477.3   573.6  1748.8  46361.0    46519
read      248.8    99.3    74.4   126.5   140.5   228.9   283.2   313.2   333.5   356.4   384.8   427.5   505.9   640.7  1363.9  82903.0    83197
read      249.7   104.0    74.4   126.5   140.4   229.6   285.0   315.2   335.7   358.6   387.2   428.4   502.8   636.6  2869.0  78990.0    79080
read      256.7   103.1    74.4   129.3   143.4   237.0   297.1   326.8   346.1   367.9   394.8   433.1   507.5   637.5  2041.5  69614.7    69401
read      266.8    93.4    74.4   138.6   153.5   259.8   311.7   334.7   349.8   367.0   389.2   422.1   485.7   580.9  1204.0  45574.0    45684
read      263.1    72.8    93.8   159.4   175.8   263.9   294.3   309.0   318.4   330.6   344.0   367.2   421.1   562.8  1831.9  17956.0    18120
read      267.8    73.4    93.8   157.5   174.8   269.7   302.3   317.0   327.6   339.3   354.2   375.3   430.3   544.3  2011.0  21140.7    21245
read      271.3    89.0    80.4   143.1   158.8   269.2   317.6   338.3   352.0   367.2   387.0   416.7   470.9   579.5  1045.7  38904.3    39039
read      257.0   104.4    74.4   129.4   143.8   238.5   297.4   326.8   345.8   366.9   393.4   430.8   502.4   649.5  2690.1  67698.3    67458
read      268.1    92.3    80.4   139.2   154.5   263.5   314.2   336.5   351.0   367.2   388.0   418.7   472.9   593.8  1008.4  42796.7    42773
read      268.5    78.3    80.4   160.1   176.5   269.7   301.5   316.1   326.5   338.5   353.3   374.5   428.5   615.2  2748.7  20727.7    20690
read      262.5   104.1    74.4   133.6   149.0   246.6   304.4   332.6   350.9   371.0   396.3   432.4   506.5   649.0  1185.3  63451.3    63440
read      274.1   105.2    80.4   145.3   161.8   270.0   319.2   340.3   354.5   369.7   390.1   420.3   477.8   608.8  4155.2  41531.3    41615
read      250.3   100.9    68.9   129.2   143.6   231.1   281.6   310.5   330.3   353.1   382.7   428.5   513.7   700.3  1767.6  97446.7    97229
read      252.0    99.2    74.4   128.8   143.0   232.3   285.8   315.5   336.3   359.9   388.8   431.0   511.8   671.7  1336.2  86492.3    86249
read      272.4    70.9    93.8   162.5   179.8   274.7   306.4   320.8   331.9   343.2   359.3   381.8   433.9   543.9  1429.5  20731.3    20807
read      272.9    90.2    86.8   154.3   170.9   275.2   310.4   327.0   338.1   350.4   367.2   393.4   451.9   649.7  2811.5  26058.3    26130
read      273.0    82.8    80.4   149.4   165.1   275.5   315.8   333.8   345.3   359.7   374.7   401.8   458.7   550.2   797.0  30625.7    30510
read      270.1    93.1    74.4   140.6   156.0   265.0   317.6   339.7   354.5   370.4   391.8   422.5   480.7   563.2   688.6  43749.7    43868
read      263.3   102.1    80.4   133.0   148.2   249.9   308.8   335.0   352.0   370.4   395.1   428.9   497.0   616.0  1670.8  55278.3    55324
read      269.0   101.3    86.8   158.2   174.7   269.8   301.9   316.3   326.6   338.3   352.6   373.7   431.9   667.6  2953.9  20340.0    20437
read      244.6    71.2   101.3   161.6   175.2   239.7   265.5   279.4   289.2   299.8   314.5   336.5   386.6   636.5  2447.9   9536.0     9548
read      249.2    99.8    93.8   158.4   173.8   244.5   272.2   286.8   296.1   308.3   320.9   343.2   398.6   613.5  3973.8  12072.7    12101
read      256.3   111.0    74.4   129.1   143.2   236.3   294.3   324.2   344.1   366.8   394.9   434.8   510.2   640.1  2927.6  71959.0    72073
read      267.5    74.8    86.8   157.2   174.1   269.2   301.6   316.2   326.7   339.0   354.4   376.2   432.1   567.9  1790.3  21231.7    21310
read      249.8   137.1    74.4   126.8   140.5   227.8   280.9   310.8   331.2   354.6   384.6   428.3   509.8   762.7  6024.9  90385.0    90755
read      266.6   103.7    74.4   136.0   151.1   255.1   312.3   337.1   353.4   371.2   394.8   428.6   496.6   614.7  2914.4  51380.0    51252
read      265.0    96.0    80.4   134.6   150.2   252.9   311.5   337.3   354.0   371.8   395.2   428.3   495.9   590.1   761.8  53076.7    53070
read      268.2   124.4    80.4   138.4   153.6   259.5   314.9   338.6   353.8   369.5   390.9   423.0   483.4   581.8  3059.1  48153.0    48181
read      246.1    98.3    74.4   126.8   140.8   227.1   277.5   306.3   326.0   348.4   376.9   422.1   506.1   650.0  1565.6  97136.7    97336
read      248.8   113.5    74.4   127.1   140.9   228.2   280.2   309.7   330.2   353.7   383.3   428.0   512.2   716.4  3799.4  92033.0    91976
read      245.9    95.9    74.4   126.3   140.3   227.0   277.4   306.6   326.6   349.6   378.4   423.6   504.3   641.3   925.4  95164.7    94742
read      257.5   105.1    74.4   129.2   143.6   239.4   299.0   328.3   347.0   368.2   394.6   431.7   503.1   622.8  2304.3  66143.3    66079
read      251.8    99.8    74.4   127.5   141.5   231.9   288.1   318.9   339.4   362.4   390.7   430.4   504.9   628.8  1750.6  79482.3    79328
read      270.1    99.3    80.4   140.0   155.2   264.1   317.3   339.8   354.4   369.8   390.9   422.3   486.4   606.9  2676.8  45311.7    45235
read      270.9    96.7    80.4   145.8   161.8   271.4   315.5   334.4   346.1   360.9   377.0   403.5   461.4   570.5  1162.3  35315.3    35310
read      251.5   113.1    74.4   126.6   140.5   231.4   287.3   317.3   337.2   359.6   387.5   428.5   507.6   745.5  3153.4  76444.0    76589
read      247.6    97.8    74.4   129.0   143.1   229.6   277.9   305.5   324.7   346.8   375.5   421.1   507.5   720.6  1957.5 107351.0   107175
read      250.5   115.6    68.9   126.7   140.5   230.6   286.7   316.6   336.8   359.5   388.0   429.8   504.3   634.9  1125.8  78082.0    78127
read      255.9    68.6    93.8   162.2   177.8   252.8   282.7   296.7   307.0   317.5   332.9   355.4   410.7   602.4  1496.0  13400.0    13331
read      261.2   104.0    74.4   131.7   146.8   245.5   304.7   332.3   349.9   369.5   394.2   429.8   500.7   651.7  2477.3  59309.3    59382
read      247.5    98.9    74.4   125.9   139.9   228.1   281.2   311.3   331.6   354.7   383.9   426.8   504.3   623.1   922.9  87248.7    87477
read      247.5   100.0    74.4   126.7   140.6   227.8   279.6   309.4   329.9   353.1   382.4   426.3   506.2   665.5  1796.7  91854.7    92020
read      250.6   105.6    74.4   130.1   144.7   232.6   280.8   308.0   326.9   348.7   378.0   424.7   513.9   745.2  3100.8 109469.0   109297
read      270.9    93.0    80.4   141.7   157.2   267.0   318.1   339.8   354.2   369.3   389.6   419.1   476.5   573.2  1649.9  42482.3    42293
read      264.7   108.3    74.4   134.3   149.4   251.8   310.4   336.0   352.6   370.6   393.8   427.4   495.7   606.4  2870.1  52914.7    52962
read      272.2    88.3    86.8   154.6   171.3   274.7   308.5   324.0   335.6   347.3   364.3   389.3   442.8   611.2  2029.9  23485.3    23492
read      252.1    78.8    93.8   161.0   176.6   248.7   277.4   291.6   301.3   312.4   325.5   345.7   398.4   598.1  4097.1  12551.0    12594
read      254.4   103.1    74.4   128.4   142.6   235.5   294.1   323.7   343.1   364.5   391.1   428.7   503.0   623.0  1532.8  69006.3    69120
read      260.3   100.6    80.4   131.7   146.6   246.0   304.2   331.1   348.5   367.5   391.7   427.0   494.7   611.4  2008.9  57283.7    57144
read      261.9   103.4    74.4   132.9   147.9   247.6   306.2   333.0   350.2   369.1   393.8   428.8   496.4   600.3  2105.1  57204.3    57232
read      255.0   103.0    74.4   128.8   142.8   235.4   294.0   323.8   343.5   365.5   392.8   431.6   504.2   641.1  2571.3  71723.3    71593
read      270.7   104.0    80.4   141.8   157.4   267.4   317.0   338.1   352.0   367.2   387.0   416.9   470.5   583.1  2621.7  40611.3    40799
read      272.7    86.1    80.4   150.5   166.6   274.7   314.0   332.0   343.6   357.8   373.1   399.5   457.6   568.0  1764.2  29572.3    29614
read      247.2    98.7    74.4   128.7   142.8   229.2   277.2   305.1   324.2   346.4   375.3   422.6   507.6   689.1  1388.0 106560.3   106611
read      265.7    98.5    74.4   136.5   151.6   256.3   312.8   337.3   353.1   369.7   391.7   423.7   483.3   572.9   769.2  49890.3    50009
read      267.6   117.9    74.4   136.5   151.6   258.0   312.4   336.2   351.8   368.8   391.3   424.7   492.0   641.3  2957.4  47690.0    47727
read      256.6    68.9    93.8   159.2   175.2   254.9   285.2   299.1   309.3   319.4   334.6   355.9   404.3   576.3  2273.6  15267.7    15204
read      265.4   111.6    80.4   135.8   150.9   253.5   311.3   336.1   352.1   369.1   390.9   424.0   491.1   607.4  2454.6  50566.7    50703
read      258.9    99.5    68.9   130.7   145.5   242.9   302.5   330.4   348.3   368.1   392.5   428.6   496.9   589.4  1272.5  61158.3    60979
read      270.9    90.1    80.4   143.6   159.5   270.1   316.4   336.4   349.3   364.7   383.5   412.4   470.0   558.2  1317.0  37897.0    37662
read      258.8    79.6    93.8   158.1   174.1   257.0   288.1   303.0   313.2   324.4   339.8   363.0   412.9   586.0  2767.7  16775.3    16932
read      245.7    96.1    74.4   126.9   140.9   227.3   277.0   305.4   324.7   346.6   375.1   421.9   504.0   665.4  1171.2  99887.7   100183
read      256.2   127.5    74.4   128.7   142.8   237.0   294.6   323.8   343.2   365.3   393.1   432.1   506.8   672.5  3700.1  69181.3    69175
read      270.0    85.3    80.4   151.6   167.6   272.6   309.4   326.2   337.5   349.7   366.7   392.5   444.4   544.9  1380.1  27263.7    27515
read      247.3   108.8    74.4   128.6   142.8   229.8   278.0   305.3   324.0   346.0   374.1   420.2   504.6   689.8  1753.7 106311.0   106411
read      265.6   108.5    80.4   135.7   150.9   254.6   309.9   334.6   350.6   368.4   391.5   425.3   493.6   627.8  2943.1  49703.0    49629
read      257.3    99.5    74.4   129.9   144.4   240.3   299.5   328.0   346.2   366.9   392.1   428.2   498.3   613.2  1790.9  63472.0    63537
read      249.0   110.6    68.9   127.2   141.0   229.3   281.8   310.9   330.9   354.0   383.3   428.2   510.9   670.3  1964.2  88147.7    88081
read      262.3    97.5    74.4   132.5   147.7   248.9   307.2   334.3   351.7   370.4   394.7   428.6   495.0   599.9   792.7  55379.0    55527
read      255.0   101.5    74.4   128.4   142.5   236.4   294.8   324.1   343.3   365.0   392.1   430.5   504.2   651.7  1860.1  69494.0    69558
read      259.4   502.1    74.4   130.2   144.6   241.8   300.6   328.6   346.7   367.1   392.8   428.4   496.7   621.8  2495.4  60614.0    60702
read      255.2    68.9    93.8   160.2   175.8   251.6   282.1   296.5   307.2   318.1   334.4   359.1   412.6   553.8  1954.8  13622.0    13487
read      256.9   100.0    74.4   129.7   143.9   239.0   298.2   327.3   346.2   367.5   393.5   431.0   504.8   623.8   994.0  66603.7    67037
read      238.2    67.1    93.8   158.9   171.5   232.5   255.7   270.7   281.1   292.6   308.1   331.8   385.2   620.2  2294.7   8202.0     8281
read      270.6    86.7    80.4   145.7   161.8   271.2   315.1   334.2   346.3   361.0   377.0   405.2   463.1   567.1  1297.2  34897.3    34986
read      249.0   105.2    74.4   126.0   140.0   228.7   282.8   312.9   333.4   356.5   385.8   428.8   507.1   687.0  2837.1  82403.7    82336
read      246.6    95.7    74.4   127.9   141.6   228.6   277.6   305.8   325.0   347.3   376.5   421.9   506.3   671.2  1563.4 101488.3   101465
read      251.5   101.7    74.4   127.9   142.0   231.6   286.0   316.1   336.6   359.8   389.4   432.6   509.2   640.7   876.5  82910.0    82733

Total QPS = 57802.5 (156066816 / 2700.0s)

Total connections = 64
Misses = 0 (0.0%)
Skipped TXs = 0 (0.0%)

RX 38548504540 bytes :   13.6 MB/s
TX          0 bytes :    0.0 MB/s
Warning! Detected max cpu usage > 95%
CPU Usage Stats (avg/min/max): 100.00%,50.25%,100.00%
