Random waveform, supplied seed
Total number of intervals = 1800 (6927, 52892, 98921, 61129, 40613, 53226, 38560, 103465, 104758, 94759, 37799, 8296, 69443, 12517, 43591, 20430, 93758, 10485, 16518, 83230, 5484, 55611, 20774, 96726, 32442, 73039, 74055, 51197, 59442, 35654, 78747, 42212, 52488, 36950, 16762, 79473, 61431, 87172, 108181, 80515, 37149, 13444, 72057, 70041, 90162, 52082, 24258, 72013, 58012, 45398, 50177, 34504, 66010, 73937, 55020, 53235, 97743, 5419, 14764, 7451, 48208, 16149, 78989, 18886, 75954, 44409, 16431, 85707, 58253, 103867, 21604, 90401, 84467, 99700, 32052, 18173, 67789, 51929, 83850, 18614, 29315, 108090, 27024, 49907, 9150, 34328, 51881, 14569, 81517, 78694, 93409, 39093, 18729, 70818, 21942, 91810, 39588, 40957, 62645, 15539, 107672, 32954, 58866, 23739, 54701, 60706, 72350, 58661, 34912, 103268, 38703, 83358, 57408, 86837, 33517, 66204, 73758, 99742, 109462, 94453, 44096, 100467, 8576, 59359, 7614, 60329, 43762, 67038, 26095, 71173, 109276, 13150, 61250, 84472, 82226, 27671, 98736, 106314, 105027, 96867, 89493, 50538, 22083, 48618, 94298, 63579, 64573, 77178, 29824, 64495, 20917, 85651, 61935, 50216, 72251, 71798, 19701, 24952, 81838, 26648, 24837, 29420, 103882, 70314, 61679, 49557, 19325, 9128, 94933, 24327, 71896, 93771, 20452, 42338, 72627, 80603, 49049, 92305, 56889, 78036, 71583, 72609, 107382, 86530, 16550, 84534, 72631, 49291, 62175, 80213, 16566, 53985, 101949, 24076, 52574, 106271, 105451, 86087, 29108, 101115, 74326, 75832, 94901, 15809, 28874, 51882, 32653, 41676, 63019, 99164, 47055, 62394, 98519, 32122, 49464, 24034, 77363, 91698, 38997, 86028, 83012, 15024, 56640, 97362, 107412, 65030, 79278, 47544, 105368, 58181, 56960, 14849, 63672, 48289, 11797, 10781, 49362, 102119, 46213, 97025, 18351, 21426, 43013, 67376, 36043, 6255, 102499, 26263, 56974, 40869, 46514, 11431, 58600, 68058, 54502, 64022, 52142, 101375, 40606, 47485, 48977, 38615, 80279, 75843, 67095, 41325, 55752, 85561, 14194, 88002, 90515, 109283, 26699, 37400, 19307, 11527, 83787, 22209, 75169, 73833, 94641, 61338, 91825, 77235, 37257, 32057, 108618, 72930, 43714, 87369, 56640, 97360, 79788, 11352, 87962, 40663, 59386, 48302, 19398, 82197, 77387, 72753, 7720, 46279, 42102, 90892, 39976, 61084, 16735, 45909, 28976, 84704, 101822, 92571, 12106, 58568, 51319, 21556, 14191, 29072, 16350, 86891, 104441, 8906, 42175, 51797, 76678, 19630, 100132, 40498, 108559, 23964, 70760, 99567, 107548, 53742, 103931, 60359, 9725, 52014, 40053, 86436, 23983, 66595, 26056, 51764, 40202, 76665, 11133, 80405, 79106, 97258, 36307, 28636, 41620, 75736, 44979, 31478, 37586, 108330, 64301, 11203, 7291, 87477, 77485, 42055, 26865, 94592, 66869, 17835, 55977, 82437, 15775, 87559, 105401, 88752, 94531, 101303, 86640, 84818, 20221, 43599, 52779, 89855, 48532, 107423, 46535, 47535, 49633, 30334, 17207, 106074, 48912, 96483, 39228, 92350, 85084, 81993, 101617, 16730, 71079, 108942, 55406, 42279, 21876, 34140, 42897, 18462, 100375, 41347, 101594, 47486, 73393, 51134, 58201, 71020, 72071, 93446, 28724, 59269, 74624, 52368, 9687, 44165, 6895, 55457, 61164, 108384, 33319, 97895, 39720, 68554, 86849, 30264, 100754, 98098, 86028, 93054, 42348, 29490, 18187, 95113, 8570, 62285, 52582, 34260, 59493, 58208, 93458, 18056, 94134, 37808, 53481, 25666, 108853, 41576, 70282, 45769, 92383, 12100, 67747, 68933, 63242, 72993, 51022, 67069, 24895, 68588, 42706, 49479, 64792, 73879, 31893, 74262, 57246, 91617, 55173, 108633, 15720, 99961, 102613, 57169, 56950, 49938, 5383, 39719, 36653, 69482, 46749, 65109, 46501, 109480, 69433, 58157, 70737, 34617, 77563, 90036, 36689, 46832, 104903, 14153, 21674, 5689, 37781, 15507, 102064, 71340, 79815, 44352, 109562, 86219, 47335, 41962, 45802, 13389, 95780, 87844, 55903, 100902, 70988, 53831, 26948, 32347, 41050, 56197, 94617, 71839, 79082, 107630, 60164, 97878, 63680, 73888, 65499, 96906, 103287, 49664, 32535, 46477, 7459, 74137, 57061, 34213, 7432, 41605, 32998, 61636, 64695, 14063, 91302, 6064, 41354, 19863, 19488, 14040, 19538, 20199, 106657, 92457, 92780, 68203, 81753, 57748, 21027, 49680, 82042, 93691, 45291, 30437, 67422, 69956, 35404, 80225, 105585, 20088, 12672, 15696, 25951, 65007, 10189, 78008, 12678, 15922, 41774, 38788, 34559, 54825, 42697, 12669, 70047, 96137, 92934, 20597, 66597, 59987, 58456, 59958, 98221, 55912, 39018, 18747, 60013, 85584, 84809, 85435, 94907, 16437, 78505, 77219, 86414, 73427, 100497, 96416, 71637, 33216, 58699, 53809, 72797, 107267, 55877, 70507, 46741, 36507, 30697, 25261, 25212, 33805, 76345, 95558, 28428, 21673, 89018, 46753, 34034, 47329, 56893, 38690, 79988, 107429, 43713, 76624, 71700, 40703, 95489, 18531, 99369, 29286, 42988, 69249, 7889, 51783, 38634, 86204, 109534, 45136, 59949, 61681, 76329, 44322, 20698, 84853, 75889, 98396, 53818, 26200, 54761, 12268, 52324, 106440, 7154, 87362, 43716, 26737, 41596, 85490, 77612, 78124, 69632, 39180, 15803, 36987, 19833, 46567, 57368, 36003, 68916, 93229, 46632, 93663, 106418, 60496, 109057, 96861, 86255, 25686, 17483, 29211, 55328, 87592, 23882, 44790, 12236, 42928, 103959, 97347, 68379, 92596, 10055, 29634, 9324, 30076, 100150, 27527, 95171, 40523, 11422, 9200, 42816, 10698, 22301, 48159, 39987, 33067, 62704, 52778, 75981, 74522, 14533, 5566, 78062, 82399, 108638, 93541, 47145, 109796, 26597, 7034, 72616, 13584, 19750, 109139, 15150, 74389, 87266, 108170, 103631, 44587, 66411, 89167, 35723, 85827, 78806, 89641, 14186, 52308, 56743, 38302, 71662, 36015, 65048, 72989, 76390, 24409, 85530, 8346, 69627, 70266, 89525, 70975, 46633, 16963, 109556, 91124, 51505, 93804, 58474, 43487, 61792, 59548, 43635, 27536, 42828, 109424, 78273, 60279, 35178, 67279, 80752, 35012, 7936, 8578, 89696, 5569, 26905, 42389, 84689, 59305, 44512, 72395, 74619, 67302, 57822, 8117, 106178, 25089, 68848, 98941, 78157, 109857, 108875, 86646, 83239, 51061, 89906, 56601, 71203, 95942, 71622, 97182, 27718, 46519, 83197, 79080, 69401, 45684, 18120, 21245, 39039, 67458, 42773, 20690, 63440, 41615, 97229, 86249, 20807, 26130, 30510, 43868, 55324, 20437, 9548, 12101, 72073, 21310, 90755, 51252, 53070, 48181, 97336, 91976, 94742, 66079, 79328, 45235, 35310, 76589, 107175, 78127, 13331, 59382, 87477, 92020, 109297, 42293, 52962, 23492, 12594, 69120, 57144, 57232, 71593, 40799, 29614, 106611, 50009, 47727, 15204, 50703, 60979, 37662, 16932, 100183, 69175, 27515, 106411, 49629, 63537, 88081, 55527, 69558, 60702, 13487, 67037, 8281, 34986, 82336, 101465, 82733, 44752, 104681, 53872, 87376, 70834, 86701, 56054, 106733, 6476, 33857, 15953, 41252, 76853, 32962, 83564, 46260, 46426, 100015, 78102, 24168, 25529, 17342, 71657, 59805, 55558, 79251, 9123, 109516, 41153, 98946, 56315, 92525, 79997, 48998, 67260, 88431, 51359, 60398, 41854, 23797, 83091, 78319, 101978, 97985, 82850, 24622, 99932, 46761, 56274, 24750, 46988, 96633, 32524, 82709, 64734, 44841, 23220, 52173, 87894, 55637, 31153, 30053, 20489, 33457, 16922, 47200, 95934, 42596, 94660, 59804, 37634, 68516, 86478, 101464, 70660, 105480, 41912, 50818, 99610, 99247, 72793, 34890, 49665, 51276, 30810, 42632, 71502, 87471, 95450, 101882, 61422, 36550, 20285, 80275, 99091, 90849, 53477, 67190, 55837, 43938, 73349, 38158, 62627, 21095, 43996, 8918, 19346, 48373, 72207, 57914, 78645, 6581, 25723, 21861, 102729, 15233, 14904, 44168, 49750, 100878, 93330, 75527, 6637, 22677, 69399, 9465, 81491, 68604, 86719, 48219, 105020, 79027, 33669, 9087, 28486, 36839, 46303, 29630, 58735, 15717, 54660, 100453, 84114, 47655, 71572, 97243, 109600, 97814, 46973, 52430, 7146, 64613, 8185, 91736, 50530, 99806, 23088, 39498, 7321, 70463, 55826, 68597, 83723, 93939, 10956, 43150, 61224, 72370, 75062, 66006, 103596, 92033, 10484, 101797, 93004, 55072, 97279, 82336, 94577, 25009, 98952, 62113, 90099, 54206, 36396, 61074, 70494, 44168, 57463, 60314, 105044, 63992, 64734, 38524, 23279, 96010, 68478, 71493, 39521, 73637, 46296, 25879, 11714, 89519, 71339, 63633, 18929, 69661, 8686, 20828, 68811, 108532, 96969, 21773, 90731, 63998, 64446, 32180, 75461, 51464, 47445, 12315, 98965, 71412, 44818, 65032, 10162, 46718, 81555, 93247, 44331, 68373, 99824, 13056, 65920, 28566, 25078, 88903, 108661, 64992, 77433, 15971, 16899, 84638, 35480, 97273, 79139, 25297, 102339, 72458, 90171, 108648, 50499, 103049, 39793, 21064, 40595, 66094, 19325, 13925, 72470, 73495, 86683, 68819, 27253, 105279, 23628, 86180, 28305, 39975, 39392, 9232, 50310, 78444, 92684, 33919, 9652, 84235, 89236, 35182, 29868, 65163, 12137, 61980, 68692, 107979, 44697, 21036, 89648, 38068, 23853, 94618, 79614, 24378, 84735, 90499, 46515, 18830, 83245, 38103, 78351, 11883, 82546, 53356, 21606, 16566, 53192, 108883, 7366, 94850, 93630, 74411, 44291, 18140, 46406, 76568, 67484, 70037, 28245, 95855, 94882, 15781, 77465, 18000, 99573, 99265, 75628, 21273, 99065, 62986, 71174, 26304, 13354, 35658, 39892, 14874, 71766, 106924, 69312, 23069, 31532, 105945, 100442, 7075, 21318, 104020, 78635, 46764, 9723, 13017, 40662, 34465, 46730, 73264, 79688, 108967, 56343, 41842, 19881, 6107, 38731, 31156, 79889, 31951, 105358, 104834, 12457, 72818, 44775, 68489, 52510, 84955, 14282, 87096, 90273, 31352, 19469, 7075, 35529, 84543, 19670, 35779, 80767, 84436, 102570, 64539, 20695, 29052, 109606, 86574, 26386, 30300, 79261, 72798, 23763, 45061, 57867, 28765, 105615, 109800, 92474, 69536, 108847, 37648, 98797, 71781, 45034, 23060, 99559, 78907, 109987, 96463, 14541, 30227, 109068, 73889, 80825, 101968, 28070, 88127, 93037, 85313, 42639, 89688, 77922, 43434, 105109, 104178, 103636, 33841, 65328, 53849, 14112, 65229, 74794, 76657, 92562, 79594, 106208, 94770, 19122, 60408, 98371, 61350, 78813, 5604, 81210, 73960, 28059, 6090, 65353, 55646, 75470, 101368, 20305, 101317, 108543, 81018, 106524, 50658, 43791, 14504, 47555, 67848, 93337, 82735, 79691, 61855, 61378, 27280, 35620, 32911, 76628, 32305, 74231, 69333, 53526, 43970, 92984, 22716, 86539, 73888, 73554, 26912, 44840, 16966, 51903, 71461, 21248, 98493, 105716, 19488, 16605, 75130, 45842, 48598, 67944, 26800, 49959, 54114, 66577, 39563, 40228, 92385, 35189, 34744, 15082, 87824, 33965, 38138, 42450, 65120, 17329, 56524, 36287, 14642, 53127, 67385, 80362, 105193, 50992, 85438, 50475, 15668, 66984, 57056, 45383, 9044, 39958, 67432, 23503, 89906, 60865, 10097, 104385, 16694, 96807, 23545, 53603, 77963, 99004, 89009, 109606, 94996, 26308, 76851, 105149, 51656, 12606, 56950, 58457, 73870, 77558, 18374, 90267, 41486, 34820, 24506, 32392, 65364, 33590, 48637, 99481, 15514, 9896, 78890, 26427, 84648, 105509, 16789, 13784, 13915, 7197, 84754, 93616, 45232, 86355, 23239, 51079, 72839, 73047, 15045, 102659, 102565, 83738, 35346, 55125, 40276, 62712, 75879, 37820, 51426, 37336, 98811, 102611, 30209, 19127, 34838, 12221, 92770, 100281, 28246, 97699, 99005, 102169, 51450, 17676, 7745, 48978, 43452, 90767, 48262, 83478, 76521, 11107, 70605, 26675, 52233, 55622, 99805, 107061, 61661, 67279, 76808, 8778, 97193, 107071, 10948, 28130, 51359, 55853, 90627, 102228, 104734, 106083, 95336, 76589, 103772, 109839, 17359, 31011, 67619, 17471, 24062, 23520, 56489, 69348, 108974, 79285, 54257, 40106, 31207, 94507, 5506, 14400, 78967, 69388, 35215, 58494, 65990, 44222, 19337, 98916, 87381, 40281, 37810, 88453, 101489, 60562, 74653, 11749, 48618, 95605, 92625, 82221, 46975, 96256, 102722, 109956, 93397, 36796, 60338, 88191, 7900, 26617, 25396, 87872, 105715, 108698, 55441, 105384, 106644, 84799, 13372, 25818, 43197, 16342, 60414, 105092, 29202, 5224, 104734, 106273, 44596, 108135, 41488, 68048, 101205, 22018, 14763, 80132, 8180, 20631, 109472, 46664, 6150, 16610, 42753, 9304, 8734, 89512, 58784, 104359, 8750, 31858, 20648, 91120, 91975, 79487, 93804, 47660, 53383, 60697, 19954, 76807, 102724, 36517, 90439, 92826, 99778, 87276, 67275, 10087, 41900, 60263, 79470, 20947, 79025, 93419, 86804, 11405, 33882, 8430, 7942, 105057, 82445, 40392, 16556, 91947, 28551, 78108, 18719, 13168, 48375, 98215, 62057, 94693, 92475, 83505, 109987, 93810, 56123, 20359, 54191, 97761, 101798, 11665, 93664, 7403, 73227, 91119, 76654, 52293, 15050, 88148, 13524, 54805, 14412, 68941, 89820, 91153, 24369, 42486, 27648, 31851, 100322, 94014, 16913, 5947, 77583, 6265, 58967, 40532, 56191, 103011, 24501, 57444, 60289, 103880, 32464, 9285, 109877, 22850, 37879, 90611, 42389, 89747, 18888, 18342, 71509, 93765, 35150, 11581, 51412, 8462, 28740, 11652, 99757, 35286, 87947, 9792, 13638, 75307, 91207, 81855, 100069, 31951, 104976, 87502, 80028, 44225, 72415, 87807, 65557, 14385, 27635, 20715, 55783, 80848, 82586, 104093, 50265, 51931, 10802, 79916, 50498, 75863, 88817, 27861, 33910, 65491, 60507, 84276, 51201, 22706, 33092, 67167, 97349, 105743, 53600, 21310, 76417, 43763, 73896, 97794, 21446, 49988, 7122, 83763, 41140, 95462, 104165, 100019, 35421, 55637, 34477, 37440, 64960, 58635, 21487, 14640, 21957, 43413, 68826, 42244, 65554, 72635, 8234, 85104, 97153)
Average QPS expected = 58283
Timestamp start: 1778928426779
Timestamp end: 1778930227591

#type       avg     std     min      p5     p10     p50     p67     p75     p80     p85     p90     p95     p99    p999   p9999      QPS   target
read      226.6    80.6   109.4   151.8   163.8   218.3   244.0   256.9   266.4   276.1   291.3   314.8   372.9   768.4  3318.1   6675.0     6927
read      281.9   128.2    80.4   133.1   148.5   265.5   323.1   355.2   380.0   407.5   441.5   490.3   586.7   881.9  3727.8  52100.0    52892
read      300.2   253.0    80.4   131.7   147.2   248.9   304.1   336.6   362.7   395.8   446.9   590.0  1365.9  2987.1  5898.1  98561.0    98921
read      262.4   108.1    80.4   130.4   145.2   247.4   303.9   330.5   349.1   372.7   399.0   435.6   519.5   829.9  1884.6  61051.0    61129
read      268.4    88.8    86.8   139.3   154.9   267.2   311.8   332.9   346.8   364.8   386.2   418.0   483.2   589.8   768.1  40426.0    40613
read      267.3    97.5    74.4   133.6   149.4   258.8   312.1   337.4   355.0   374.5   399.1   433.8   508.3   618.5  1241.3  53333.0    53226
read      271.2   101.1    80.4   141.5   157.6   269.9   314.0   334.3   347.6   364.6   385.2   415.9   480.1   613.8  3245.0  38506.0    38560
read      255.0   101.2    80.4   130.1   144.8   237.1   287.8   314.2   333.5   356.4   386.8   432.5   541.5   895.7  1229.0 102963.0   103465
read      251.2   100.2    74.4   128.8   143.1   233.8   284.6   311.0   329.7   352.0   381.9   426.4   520.7   772.3  1361.5 104061.0   104758
read      250.6   103.1    74.4   126.7   140.8   232.3   284.2   311.1   330.2   352.9   383.8   427.5   533.1   838.9  1770.4  94803.0    94759
read      268.4    90.4    80.4   141.6   157.3   268.4   311.5   331.4   344.6   361.2   380.4   406.8   467.9   586.7  1836.2  37806.0    37799
read      234.5    58.0   109.4   155.6   169.1   230.7   254.4   267.1   275.1   286.8   299.6   323.5   389.7   556.1  2230.9   8233.0     8296
read      256.7    99.3    74.4   128.1   142.2   239.8   296.3   323.7   343.4   367.4   396.0   434.7   521.4   681.3   921.8  67896.0    69443
read      241.3    90.3   101.3   153.3   168.6   237.7   264.9   279.1   288.6   298.4   312.9   335.2   397.7   547.3  1601.1  12633.0    12517
read      264.6    94.6    80.4   136.7   152.5   261.4   308.5   329.7   343.4   361.5   382.9   411.5   478.3   585.7  1250.7  43453.0    43591
read      265.2    75.2    86.8   151.7   168.3   265.7   297.5   314.1   325.5   339.3   357.8   388.0   459.1   637.2   967.5  20451.0    20430
read      305.0   199.4    80.4   129.3   143.9   247.0   309.3   354.2   396.0   457.4   542.6   704.1  1066.0  1712.9  2475.7  93190.0    93758
read      236.9    62.6    86.8   152.7   167.2   232.2   258.9   271.5   281.2   292.5   308.7   334.2   395.1   563.6  1384.5  10510.0    10485
read      258.9   122.8    93.8   155.4   171.3   257.0   285.7   299.9   310.9   322.2   339.3   366.8   436.2   638.6  7358.6  16366.0    16518
read      252.6   101.7    74.4   126.1   140.3   232.7   287.6   316.3   336.9   361.8   393.2   435.0   529.4   765.4  1367.2  82996.0    83230
read      217.2    57.1   101.3   147.9   159.0   209.9   231.7   244.7   253.4   265.1   279.0   305.0   383.0   585.2  1808.7   5532.0     5484
read      264.0   109.4    80.4   131.2   146.1   252.2   306.8   332.7   350.3   372.2   398.2   433.6   508.3   672.5  3212.8  54849.0    55611
read      265.9    70.1    93.8   155.8   172.2   267.6   297.8   313.1   323.4   337.2   354.1   381.8   442.9   553.8   664.9  21105.0    20774
read      252.1    98.3    80.4   128.8   143.0   234.0   285.8   312.5   332.0   355.5   386.1   430.4   530.7   781.7  1001.0  96121.0    96726
read      271.8    98.4    86.8   146.3   162.6   275.2   312.4   330.7   343.1   358.7   376.5   404.0   464.0   558.1  3683.6  32378.0    32442
read      256.9   101.4    80.4   127.5   141.4   239.0   296.0   324.2   344.2   368.9   398.0   438.3   529.9   689.9   985.1  73460.0    73039
read      255.5   105.2    74.4   126.1   140.6   236.0   293.1   321.7   342.8   368.1   397.3   439.6   529.5   708.3  2101.6  74096.0    74055
read      264.6    95.8    80.4   132.6   148.1   257.3   309.5   333.6   349.7   370.0   394.0   428.5   501.2   595.8   747.6  51208.0    51197
read      260.4    98.9    80.4   129.5   144.3   247.5   303.0   329.1   347.0   370.0   395.9   431.1   510.0   639.3  1130.9  59624.0    59442
read      269.2    85.0    80.4   142.5   158.5   270.5   311.7   331.1   344.0   360.7   380.1   406.1   466.7   580.2   923.3  35766.0    35654
read      254.1   119.9    80.4   126.8   140.9   234.1   290.6   318.9   338.9   363.5   393.4   434.6   513.3   737.0  4410.0  78922.0    78747
read      271.4   114.7    80.4   138.6   154.3   267.0   313.9   335.1   349.3   367.8   389.7   421.8   500.4  1189.9  3982.4  41831.0    42212
read      264.4    97.8    80.4   133.0   148.2   254.8   308.3   333.3   350.4   371.3   395.9   429.8   500.4   635.2  1330.1  52821.0    52488
read      269.2    87.2    80.4   142.6   158.8   268.8   310.9   330.3   343.3   360.8   382.0   413.0   484.4   600.5   896.5  36714.0    36950
read      254.6    69.0    86.8   153.6   169.4   255.8   283.9   296.9   307.6   318.4   334.8   359.5   413.4   578.8  2088.2  16848.0    16762
read      254.5   102.7    80.4   127.3   141.5   235.3   291.3   319.6   340.2   364.5   393.5   435.0   532.0   764.0  1326.3  79192.0    79473
read      261.5   103.8    80.4   129.5   144.3   246.4   304.1   331.2   349.8   372.2   399.2   438.2   516.1   647.6  2599.5  61803.0    61431
read      252.4    99.7    74.4   126.8   140.9   233.5   288.0   315.9   336.2   359.7   389.6   433.4   527.5   736.4   984.8  87083.0    87172
read      255.1   103.9    74.4   131.3   146.3   237.6   287.1   313.3   332.4   355.3   385.1   430.0   538.9   830.3  1534.7 108053.0   108181
read      252.3   100.8    74.4   126.4   140.3   232.8   289.2   318.3   338.5   362.3   391.4   433.3   521.9   737.3  1005.9  80326.0    80515
read      266.9    87.7    80.4   140.9   156.9   267.4   310.6   329.9   342.6   358.1   375.3   404.4   467.8   596.0  1785.6  37183.0    37149
read      250.3    60.8    93.8   158.1   173.9   248.8   275.9   289.5   298.3   311.2   326.1   347.9   405.9   553.6  1159.5  13291.0    13444
read      256.4   102.8    74.4   127.4   141.6   238.1   295.3   323.9   343.6   367.2   396.3   436.5   525.5   709.5  1014.3  71835.0    72057
read      254.7   104.8    80.4   126.7   140.6   236.7   294.6   322.4   341.9   365.6   393.7   432.2   504.8   637.2  2093.1  69640.0    70041
read      253.1   104.5    80.4   128.1   142.2   233.7   287.4   315.5   335.7   359.9   390.3   433.1   525.4   815.3  2372.8  90504.0    90162
read      265.3    95.4    80.4   133.8   149.1   256.4   309.9   335.0   352.0   371.2   395.3   430.4   499.2   592.7   740.6  51949.0    52082
read      267.4   125.3    86.8   151.3   167.3   268.0   301.3   316.8   327.8   340.1   356.8   382.6   438.0   609.6  6557.3  24418.0    24258
read      257.5   125.6    74.4   127.7   141.7   236.8   293.9   323.1   343.9   368.2   396.6   434.5   525.0   937.5  3077.3  72341.0    72013
read      264.2   104.4    74.4   132.2   147.3   251.4   307.9   334.5   352.6   372.8   397.1   432.9   509.1   705.4  1923.0  57547.0    58012
read      268.7    96.2    80.4   137.4   152.6   264.0   314.4   337.2   352.7   370.4   392.4   424.0   494.6   689.0  1732.5  45297.0    45398
read      261.3    95.3    80.4   132.1   147.3   253.1   305.3   329.6   345.7   365.2   388.6   422.3   489.5   585.1  1379.5  50655.0    50177
read      269.4    87.0    86.8   143.8   159.8   270.5   311.2   329.9   342.5   359.1   379.0   406.5   467.2   574.3  1168.1  34627.0    34504
read      260.2   107.0    80.4   128.7   143.4   244.1   302.1   329.6   348.3   371.6   400.1   437.5   515.3   667.4  1785.9  65812.0    66010
read      255.4   101.2    74.4   127.3   141.6   235.8   293.1   321.8   342.3   366.5   396.7   436.7   528.6   741.4  1045.4  73764.0    73937
read      264.1    97.4    80.4   132.0   147.6   253.3   309.6   335.4   352.9   373.4   397.6   431.4   498.5   600.2   778.7  55193.0    55020
read      287.0   232.0    80.4   134.7   150.4   261.9   316.4   343.7   364.0   387.8   418.9   468.5   747.9  3709.0  7873.9  52804.0    53235
read      270.0   159.5    80.4   131.5   146.8   243.3   296.0   323.7   343.8   369.2   402.1   461.1   743.5  1988.1  3118.7  98428.0    97743
read      225.7    67.0   101.3   153.2   165.3   219.5   240.9   253.0   262.4   272.5   288.3   312.6   388.6   615.6  2326.9   5556.0     5419
read      254.4    64.8    93.8   155.4   171.6   253.8   281.6   295.3   306.1   317.6   334.4   362.1   429.4   566.1   670.2  14521.0    14764
read      230.5    54.2   101.3   154.4   166.8   224.6   249.4   263.7   273.4   285.1   297.3   320.2   378.6   586.8   727.9   7571.0     7451
read      276.5   112.6    74.4   132.2   147.5   262.4   318.3   347.7   370.4   395.3   427.4   471.2   575.5   960.3  1258.6  47881.0    48208
read      261.6    77.4    93.8   155.7   171.2   259.8   289.9   305.5   316.5   330.2   346.2   376.8   445.5   941.8  1362.5  16187.0    16149
read      300.0   187.7    74.4   129.2   144.2   253.6   318.6   363.9   400.6   449.1   509.8   614.2   926.5  2018.5  4124.6  78606.0    78989
read      264.7    88.0    93.8   152.1   168.0   264.4   296.0   312.0   322.5   336.9   355.4   387.7   463.9   882.2  2481.4  18884.0    18886
read      287.8   166.1    74.4   128.3   142.5   249.3   313.4   354.5   389.4   431.2   484.3   567.0   780.2  1528.9  3438.8  76021.0    75954
read      280.3   110.9    86.8   136.7   152.2   269.3   322.6   351.0   373.8   397.5   427.0   468.9   557.5   779.9  1486.8  44636.0    44409
read      265.3   104.4   101.3   156.5   171.6   262.1   293.3   310.0   320.9   336.2   355.0   387.2   465.2  1046.2  3080.8  16324.0    16431
read      387.8   550.3    74.4   131.4   147.4   262.8   332.0   382.6   426.1   484.7   581.1   920.3  3090.8  7155.6  8436.8  85139.0    85707
read      302.3   289.1    80.4   129.4   144.9   260.0   322.9   359.7   387.9   420.2   460.2   528.8  1086.2  3202.1  9183.3  58518.0    58253
read      425.7   642.5    74.4   137.8   155.9   271.8   333.1   373.6   407.9   460.5   584.3  1416.1  3348.9  7940.7  9647.6 103631.0   103867
read      265.4    85.4    93.8   154.3   170.7   267.4   298.3   313.2   323.2   336.3   351.7   377.8   435.8   591.1  4160.8  21783.0    21604
read      275.9   174.6    74.4   130.2   145.1   243.3   298.3   328.3   350.8   379.5   416.7   481.7   882.6  2081.4  3209.0  89698.0    90401
read      260.2   128.5    80.4   129.0   143.5   236.7   292.2   321.8   343.1   369.5   401.2   447.9   583.1  1321.9  3644.0  84512.0    84467
read      263.1   142.3    74.4   128.4   143.2   236.8   289.3   317.4   338.9   365.3   399.0   453.4   748.1  1604.4  3047.3  99507.0    99700
read      276.6   105.6    80.4   145.0   161.7   272.1   316.3   337.9   353.2   370.9   396.7   435.2   525.2   669.0  2189.8  32457.0    32052
read      265.3    69.6    93.8   159.1   174.4   266.9   296.5   311.5   320.9   334.9   350.7   376.1   431.0   567.8   855.7  18282.0    18173
read      262.0   107.5    74.4   129.1   143.3   243.3   300.8   329.7   349.3   373.9   403.0   447.7   551.4   931.1  1194.6  67397.0    67789
read      267.2    95.5    80.4   135.1   150.2   258.9   313.0   337.7   354.6   373.2   396.6   430.8   500.4   622.3   748.0  51991.0    51929
read      255.7   105.9    74.4   128.1   142.6   235.7   289.9   318.5   339.2   364.5   395.3   440.5   540.5   779.4  1456.4  83676.0    83850
read      265.1    92.3    86.8   158.3   175.1   264.5   294.7   310.2   320.1   333.5   347.9   378.0   441.4   678.5  1709.2  18581.0    18614
read      272.1    91.3    86.8   148.4   164.3   275.0   311.5   329.2   341.3   356.7   374.9   403.7   465.2   568.6  1751.0  29659.0    29315
read      260.1   120.3    74.4   130.9   146.1   239.8   289.4   315.9   336.2   361.5   394.2   442.3   597.1  1330.6  2271.2 107506.0   108090
read      269.4   118.2    80.4   149.9   166.0   270.5   305.6   320.9   333.0   345.3   363.8   392.8   459.6   626.5  7597.2  26965.0    27024
read      268.3    96.1    86.8   135.5   150.9   260.3   314.1   338.5   355.5   374.6   399.4   434.1   501.9   608.5  1020.2  49517.0    49907
read      236.4    59.1    93.8   157.8   170.9   231.4   255.9   269.6   279.0   290.3   304.8   328.6   382.0   584.2  2052.4   9045.0     9150
read      273.6    93.3    80.4   145.0   161.5   275.1   315.8   335.2   347.9   364.7   385.1   415.5   474.1   586.7   934.0  34039.0    34328
read      287.7   140.7    80.4   133.0   148.5   266.1   326.4   361.1   386.5   414.2   449.5   501.7   665.7  1754.5  2558.7  51871.0    51881
read      245.6    72.3    93.8   152.4   166.1   241.3   270.1   284.8   294.8   307.4   321.1   346.1   409.6   947.8  1685.3  14710.0    14569
read      346.7   345.8    80.4   133.5   149.5   263.2   332.0   383.9   429.5   494.9   588.3   779.6  1854.0  4236.9  7694.1  81207.0    81517
read      308.9   283.3    74.4   125.7   140.2   248.8   316.6   361.7   397.4   444.0   508.7   624.6  1204.4  3669.8  7621.1  78740.0    78694
read      370.8   428.0    74.4   132.4   148.9   259.6   326.5   379.4   431.2   508.1   655.8   982.5  2228.0  4990.7  8130.8  93185.0    93409
read      276.0   139.9    80.4   134.8   149.8   263.1   314.3   339.9   358.8   380.5   405.5   444.8   576.0  1702.6  3247.8  39395.0    39093
read      262.8   103.6    93.8   151.6   166.3   259.0   291.8   307.9   318.1   332.1   348.2   380.4   500.8  1389.2  3260.1  18920.0    18729
read      272.5   157.0    80.4   122.0   135.6   239.0   304.8   341.9   371.4   404.7   445.9   506.6   705.9  1700.3  3612.7  70711.0    70818
read      263.8    93.1    86.8   148.2   163.2   261.4   296.9   313.7   325.3   339.7   359.5   390.7   463.9  1011.6  2171.7  22064.0    21942
read      332.3   352.2    74.4   126.7   141.2   246.0   312.5   361.4   403.0   461.6   548.3   769.3  1766.3  3913.8  7815.0  91405.0    91810
read      282.1   118.4    80.4   138.3   154.2   270.7   322.1   350.1   370.7   394.7   422.6   463.0   574.3  1163.2  2574.3  39585.0    39588
read      276.5   120.0    80.4   136.2   151.1   266.0   317.0   342.4   362.5   385.8   413.6   455.0   551.0  1274.8  2895.1  40841.0    40957
read      280.4   178.6    74.4   125.9   139.9   250.4   313.3   348.6   377.4   407.5   448.6   508.0   702.1  2132.1  7387.7  62661.0    62645
read      256.7    74.3   101.3   154.2   169.9   256.5   285.8   300.6   311.1   321.8   339.4   367.3   428.3   683.2  2277.2  15598.0    15539
read      342.3   374.8    74.4   135.9   153.1   267.7   326.5   362.9   391.7   430.0   496.5   690.1  1877.9  4570.2  8079.5 106701.0   107672
read      272.5    99.8    86.8   147.5   163.5   273.5   312.6   330.7   342.5   358.0   376.3   403.4   468.5   843.3  2712.2  32935.0    32954
read      266.2   109.3    80.4   132.1   147.4   251.9   309.3   336.2   355.3   377.5   403.4   439.5   522.2   672.7  3506.0  58911.0    58866
read      266.7   100.0    80.4   152.4   168.8   268.3   299.4   314.7   325.4   338.6   355.5   382.6   435.5   579.8  3893.2  23667.0    23739
read      264.1   105.5    80.4   132.2   147.7   252.2   307.4   333.0   350.0   370.4   395.6   431.1   505.5   677.1  2472.1  54639.0    54701
read      260.4   103.2    74.4   129.5   144.3   246.4   303.0   329.9   347.0   369.1   394.4   430.3   517.8   725.9  1186.0  60567.0    60706
read      257.9   107.3    74.4   128.3   142.9   239.2   295.9   323.9   344.4   368.7   399.6   441.5   526.3   685.7  3084.4  72342.0    72350
read      263.5    98.5    74.4   131.4   147.1   250.6   307.7   333.9   351.7   372.2   398.0   432.9   507.3   683.1  1011.8  58477.0    58661
read      271.7   109.1    80.4   143.5   159.9   271.5   313.4   332.6   344.7   361.5   381.8   412.6   472.2  1155.9  2346.7  34957.0    34912
read      253.9   107.4    80.4   129.6   143.9   234.1   284.6   311.5   330.9   354.5   385.7   431.0   552.9  1082.8  1742.1 103542.0   103268
read      273.1    91.0    68.9   143.8   159.3   272.4   317.1   337.8   352.1   368.8   389.8   421.2   491.6   641.2  1455.8  38625.0    38703
read      265.5   127.2    80.4   129.4   143.8   241.7   296.5   325.9   348.1   375.4   407.0   460.1   688.6  1409.2  2280.4  83344.0    83358
read      266.9   106.1    80.4   132.9   148.0   253.3   310.0   337.1   356.4   378.4   405.0   441.4   526.1   760.9  1905.3  57430.0    57408
read      259.2   118.7    74.4   127.6   142.0   235.9   291.3   320.1   341.3   367.6   399.4   449.2   609.6  1249.7  1910.6  86951.0    86837
read      270.5    91.1    86.8   144.7   161.0   272.7   312.7   331.4   343.4   359.0   377.0   406.9   467.3   574.2  2125.8  33617.0    33517
read      262.5   105.2    80.4   128.8   143.2   243.4   303.0   332.7   353.1   376.8   406.6   450.0   551.7   767.3   958.0  66462.0    66204
read      260.9   125.2    74.4   127.9   142.0   239.7   297.7   327.3   348.2   373.5   404.7   452.1   563.4   841.3  3927.0  73980.0    73758
read      269.7   159.3    74.4   131.5   146.4   242.6   295.9   324.4   345.5   372.1   407.1   463.6   710.1  2043.6  3805.3  99458.0    99742
read      263.8   139.2    80.4   129.7   144.5   238.8   290.7   318.3   339.2   365.0   398.0   450.5   685.2  1812.7  2875.8 109126.0   109462
read      265.7   138.2    74.4   129.9   144.7   241.0   294.2   322.9   343.9   370.4   403.4   457.5   683.6  1798.7  2786.3  94495.0    94453
read      271.9    96.5    80.4   139.2   154.4   267.2   317.6   341.0   357.6   375.6   398.0   431.3   499.1   615.7  1245.8  43974.0    44096
read      267.4   149.6    74.4   129.3   144.4   240.6   293.3   321.9   343.5   369.8   403.1   460.5   736.6  1856.3  3015.3 100572.0   100467
read      236.4    68.7    93.8   156.8   169.8   231.3   256.0   269.0   277.8   289.0   302.5   325.5   391.9   652.3  2003.6   8802.0     8576
read      261.6   105.7    74.4   130.5   145.0   248.0   303.9   330.2   348.1   370.3   395.8   430.5   505.5   966.2  2249.1  58792.0    59359
read      228.9    85.3   101.3   153.0   165.2   220.4   244.1   257.0   266.2   275.4   291.0   314.5   385.9  1364.5  3048.1   7690.0     7614
read      260.4   101.1    74.4   129.7   144.5   246.5   303.7   329.9   347.4   370.7   396.7   433.0   505.9   679.2  1753.6  59473.0    60329
read      268.8   103.9    80.4   137.9   152.6   265.2   314.0   336.0   350.8   368.6   390.3   422.8   493.3   613.8  3954.3  43889.0    43762
read      261.2   101.2    80.4   129.8   144.6   244.6   301.9   330.3   349.7   372.9   401.0   441.1   523.6   675.9  1042.4  67119.0    67038
read      268.0    77.6    86.8   150.2   166.3   270.4   304.2   319.9   332.3   345.2   365.8   394.5   452.5   577.8   922.0  26135.0    26095
read      257.0   154.3    74.4   126.1   140.6   236.2   291.6   319.0   339.0   362.4   391.5   432.6   526.1  1804.7  6317.1  71072.0    71173
read      257.3   112.6    74.4   130.4   145.4   239.2   288.2   314.4   333.8   356.9   387.5   433.5   546.6  1240.1  2283.2 108859.0   109276
read      246.3    62.5    93.8   155.3   170.1   244.2   272.0   286.1   295.2   307.2   320.2   343.2   398.0   585.0  1174.3  13228.0    13150
read      265.8   109.0    80.4   131.9   146.8   250.2   307.8   336.3   356.6   380.0   407.5   445.8   530.2   740.7  1184.3  60954.0    61250
read      257.6   113.7    74.4   128.0   142.2   236.1   291.0   320.3   341.2   367.4   399.5   446.3   560.8   908.3  2851.7  84532.0    84472
read      260.2   128.6    74.4   128.5   142.6   235.4   291.5   321.1   342.7   369.8   401.4   449.8   596.2  1375.5  3078.5  82093.0    82226
read      269.1    80.9    86.8   150.1   166.1   271.2   306.3   322.0   334.4   346.8   367.4   396.7   460.9   669.7  1347.4  27560.0    27671
read      265.8   157.1    74.4   130.2   145.2   239.3   291.6   319.7   340.5   365.7   397.8   451.0   660.6  2294.9  3554.6  99408.0    98736
read      273.4   181.1    80.4   133.0   148.6   246.5   297.3   325.3   345.5   371.4   403.9   460.2   719.9  2473.6  7037.7 106793.0   106314
read      268.5   156.5    74.4   132.2   147.6   242.9   294.9   322.8   343.6   369.2   401.5   455.1   678.0  1972.3  3543.2 104959.0   105027
read      263.3   199.1    74.4   124.9   139.5   231.4   284.2   313.3   335.2   363.3   398.0   453.2   709.2  3324.4  3753.6  96473.0    96867
read      260.9   144.3    80.4   127.0   141.3   234.3   288.3   316.7   338.1   364.7   398.4   448.9   666.3  1785.0  3074.8  89169.0    89493
read      271.2   107.5    74.4   135.7   150.9   260.6   315.5   341.4   359.6   379.8   404.4   439.5   538.4   880.4  1983.9  50527.0    50538
read      268.4   119.0    93.8   153.2   170.0   268.9   300.0   315.3   326.2   339.1   355.5   381.2   437.8  1917.9  3709.9  22153.0    22083
read      268.1    96.5    74.4   135.4   150.7   258.9   313.8   338.6   356.0   375.2   398.8   433.4   504.9   648.8  1025.5  49195.0    48618
read      263.2   159.2    74.4   128.8   143.3   236.8   290.1   317.8   338.3   364.3   397.1   448.6   678.9  2067.9  4237.4  94377.0    94298
read      259.6   106.7    74.4   129.2   143.4   243.8   300.6   328.0   346.3   369.1   396.4   434.3   514.8   842.5  1605.6  63757.0    63579
read      261.7   112.3    74.4   129.3   144.1   245.2   302.3   330.5   349.5   372.4   400.5   441.9   538.1   709.0  2808.8  64892.0    64573
read      255.4   102.9    74.4   126.7   141.0   235.7   291.9   320.6   341.3   366.2   396.9   438.7   530.3   770.3  1086.4  77535.0    77178
read      267.8    82.6    86.8   146.1   162.7   270.5   306.8   323.8   336.5   350.4   370.0   398.3   460.1   544.2   910.6  29408.0    29824
read      257.2   104.0    74.4   127.8   141.5   240.4   297.9   325.8   344.8   368.2   396.3   434.7   515.9   701.4  1416.5  64546.0    64495
read      261.7    77.6    93.8   153.8   170.8   264.4   294.6   308.8   317.8   330.0   344.1   369.5   424.7   541.0  3211.3  20871.0    20917
read      256.0   106.1    74.4   128.4   142.3   234.8   289.4   318.2   339.4   364.9   396.9   444.4   551.8   925.6  1455.6  86224.0    85651
read      265.1   114.1    68.9   131.3   145.9   249.6   306.9   334.9   354.3   377.2   403.8   443.4   526.5   724.3  3470.4  61570.0    61935
read      271.0   130.8    74.4   134.8   150.5   260.1   313.9   338.6   356.0   376.0   399.1   433.3   516.7  1933.6  3956.5  50523.0    50216
read      257.5   104.7    74.4   127.2   141.0   238.3   294.8   324.2   344.2   370.4   399.7   442.0   539.1   836.2  1230.6  72270.0    72251
read      257.5   100.5    80.4   128.2   142.3   239.9   296.6   325.2   345.0   369.6   398.2   437.5   522.2   722.8   872.4  71798.0    71798
read      267.6    81.8    86.8   156.4   173.0   269.4   300.1   314.7   324.9   338.0   354.4   381.3   441.7   585.4  2439.9  19875.0    19701
read      270.9    79.9    86.8   152.3   168.7   274.8   307.2   322.7   334.6   346.5   366.2   394.6   459.2   587.9   934.9  24871.0    24952
read      263.7   150.7    74.4   127.6   141.7   236.9   294.2   323.6   345.5   372.4   405.1   453.9   643.7  1794.6  3682.9  81190.0    81838
read      266.0    75.4    93.8   149.9   165.6   269.0   303.8   319.7   331.5   343.6   361.4   388.0   447.8   564.7   885.6  26557.0    26648
read      265.0    75.4    80.4   150.2   165.9   266.8   300.7   317.1   329.0   342.1   360.2   387.2   446.2   558.6  1000.6  24855.0    24837
read      277.2   119.6    86.8   145.0   161.3   270.2   312.3   333.8   349.1   369.5   394.8   432.2   555.1  1208.4  2998.9  29487.0    29420
read      350.9   439.8    80.4   136.0   153.0   266.2   325.5   362.1   391.4   428.7   489.5   672.1  2465.8  5674.3  7969.9 103347.0   103882
read      260.2   118.1    74.4   127.6   142.1   240.6   296.8   326.1   346.7   372.8   402.9   445.1   553.5   862.0  4112.2  70040.0    70314
read      262.2   102.4    80.4   129.5   144.2   246.1   303.9   331.9   351.2   375.0   401.4   438.6   531.2   790.1  1070.5  62012.0    61679
read      268.9    98.0    80.4   136.1   151.0   260.2   314.6   339.3   356.9   376.8   399.4   432.2   503.5   722.3  1089.2  49614.0    49557
read      264.3    91.4    93.8   154.8   170.9   265.4   295.5   309.9   318.9   332.1   346.6   374.3   430.5   625.2  3006.7  19417.0    19325
read      237.7    86.6   101.3   157.8   170.5   232.2   257.6   270.4   279.7   291.0   305.2   326.6   389.5   581.2  3935.5   9024.0     9128
read      420.1   531.8    74.4   141.4   159.8   278.5   345.0   392.9   435.9   509.3   732.3  1339.3  2832.1  6994.1  8039.5  94447.0    94933
read      266.2   103.7    80.4   149.9   165.6   267.4   300.4   315.9   326.8   339.2   356.0   384.1   446.3  1025.7  2739.7  24582.0    24327
read      257.9   102.9    74.4   128.5   142.6   240.1   296.6   324.8   345.0   369.7   398.6   438.2   523.8   715.0  1324.7  71974.0    71896
read      259.6   117.3    74.4   129.5   144.0   238.8   291.8   319.3   340.3   365.4   396.6   444.0   579.4  1203.5  1847.3  93847.0    93771
read      267.5   109.6    93.8   155.8   172.6   269.4   298.6   313.1   322.6   335.2   348.8   373.3   434.9   637.4  3624.8  20397.0    20452
read      269.5    91.1    80.4   139.1   154.4   266.8   315.0   336.6   351.1   368.4   389.8   421.8   494.3   595.2   856.8  42594.0    42338
read      256.0   112.1    74.4   127.1   141.2   237.7   293.7   321.2   341.3   365.7   395.1   436.3   529.2   727.6  3169.2  72631.0    72627
read      258.6   109.0    74.4   127.3   141.7   238.7   293.7   322.3   342.9   368.8   400.2   448.9   571.8   870.1  1815.8  80085.0    80603
read      269.1   101.8    80.4   135.1   150.5   261.5   312.5   337.3   354.5   374.1   398.2   433.6   516.5   698.3  2589.2  48858.0    49049
read      257.7   105.5    68.9   129.3   144.0   239.2   291.0   318.1   337.9   362.6   394.1   440.7   564.1   917.2  1413.8  92528.0    92305
read      264.9    99.9    80.4   132.0   147.4   253.6   307.4   333.7   351.8   373.6   399.5   437.3   519.7   655.2  1361.9  57105.0    56889
read      257.5   103.9    74.4   128.3   142.5   238.8   294.4   322.2   341.7   366.2   397.6   444.3   547.4   793.0  1239.3  77928.0    78036
read      257.9   104.8    74.4   127.7   141.6   238.7   295.7   324.3   344.6   369.9   399.0   441.6   544.5   798.8  1384.2  71179.0    71583
read      256.5   102.4    80.4   127.7   141.6   237.2   294.2   322.9   343.3   368.4   397.1   438.4   535.8   758.6  1066.0  72684.0    72609
read      269.7   140.7    74.4   134.8   150.8   249.4   298.6   325.1   344.6   368.6   400.0   452.5   618.4  1837.3  4285.6 107148.0   107382
read      255.8   105.2    74.4   128.4   142.6   235.4   289.7   317.7   338.4   363.6   395.1   441.6   555.7   850.3  1330.4  86308.0    86530
read      252.5    78.5    93.8   152.8   169.1   251.8   280.2   294.0   304.3   315.6   331.4   356.4   409.8   587.4  2743.8  16650.0    16550
read      263.1   146.6    74.4   128.1   142.0   237.1   291.9   320.8   341.7   367.8   400.1   452.4   685.1  1978.6  3122.0  84420.0    84534
read      264.8   146.7    80.4   129.1   143.3   241.9   300.1   329.4   350.0   374.8   406.8   452.9   576.7  1769.3  4384.9  72682.0    72631
read      270.2    95.9    80.4   137.8   152.6   263.0   316.0   340.6   357.9   376.9   400.4   433.1   502.4   637.8   749.9  49679.0    49291
read      260.9   106.3    74.4   130.2   144.4   245.1   303.4   331.2   349.8   372.8   398.7   435.7   517.8   642.1  1245.6  61984.0    62175
read      251.7   108.2    80.4   124.7   138.7   229.8   285.4   314.0   334.7   359.3   391.2   434.8   561.5  1029.0  1781.3  79932.0    80213
read      252.4    76.2    93.8   154.2   169.2   251.6   280.1   294.1   304.6   316.2   332.4   357.5   415.4   546.5  3276.6  16563.0    16566
read      264.1   101.1    74.4   132.0   147.2   252.3   307.1   333.0   350.3   370.9   397.6   434.4   517.0   744.5  1488.0  53285.0    53985
read      256.6   151.8    74.4   127.6   141.4   231.0   283.3   311.0   330.8   354.7   387.4   434.8   638.3  1976.9  4722.1 101536.0   101949
read      268.3    75.0    93.8   153.1   169.9   271.8   304.3   319.0   330.5   342.7   360.3   386.0   441.1   550.3  1249.9  24148.0    24076
read      272.4   114.8    80.4   136.3   150.9   260.8   315.8   342.6   361.7   383.1   408.0   443.9   516.4   889.4  2532.2  52366.0    52574
read      277.8   187.8    74.4   133.7   149.9   248.5   299.8   328.5   349.6   376.4   411.2   469.1   802.9  2715.5  3485.4 106246.0   106271
read      262.0   117.6    74.4   133.2   148.8   243.6   292.9   319.6   339.2   363.6   394.3   440.5   572.8  1175.2  2183.9 105854.0   105451
read      256.3   107.8    80.4   128.4   142.4   236.0   290.5   318.4   338.9   363.6   394.5   440.6   556.6   941.5  1333.7  86036.0    86087
read      276.0    86.2    80.4   150.9   167.8   279.8   316.0   333.5   344.9   360.2   377.5   404.1   464.2   550.4  2640.5  29079.0    29108
read      256.3   108.3    80.4   130.2   144.7   237.3   288.5   315.0   334.7   358.3   389.1   434.8   548.2  1053.0  2162.9 101309.0   101115
read      260.8   122.4    80.4   129.2   143.6   241.3   296.4   324.8   345.6   370.3   399.8   443.7   540.3   999.9  3364.0  74515.0    74326
read      261.4   115.8    80.4   130.0   144.5   241.4   298.0   327.2   346.8   371.7   401.2   447.8   555.1   995.6  2449.1  75255.0    75832
read      255.1   117.0    74.4   129.2   143.2   234.6   287.0   314.6   334.5   358.9   390.6   434.9   546.8   946.2  4425.3  95225.0    94901
read      260.7    80.5    86.8   158.5   175.5   261.0   289.1   303.1   313.0   324.0   339.7   366.8   428.6   586.6  3095.8  15697.0    15809
read      270.0    80.5    86.8   148.3   164.2   272.7   308.5   325.6   337.9   352.1   372.0   400.1   465.8   572.0   645.1  28814.0    28874
read      265.6    99.3    74.4   132.4   148.0   256.7   310.0   335.0   351.7   370.4   396.1   432.7   509.3   654.5  1858.3  51982.0    51882
read      272.4    97.5    80.4   144.8   161.6   273.5   313.2   332.4   344.9   361.7   381.6   411.4   483.1   617.7  3175.4  32370.0    32653
read      274.9    95.7    80.4   140.5   156.4   271.9   319.5   342.4   359.1   377.3   400.1   432.3   511.7   677.6   940.2  41859.0    41676
read      266.8   103.7    80.4   132.1   147.2   251.3   308.6   337.4   357.7   380.8   408.7   448.8   544.8   709.2   936.3  63060.0    63019
read      267.4   146.4    74.4   131.3   146.4   242.6   294.6   321.9   342.9   368.7   401.0   453.3   726.5  1858.1  2996.1  99165.0    99164
read      272.6   100.8    80.4   137.8   153.5   266.6   319.2   342.9   360.0   378.6   400.1   433.7   506.5   635.8  1314.5  46988.0    47055
read      265.7   107.5    80.4   131.2   146.0   249.2   307.5   336.2   356.4   379.7   405.7   447.1   541.4   795.3  1266.9  62251.0    62394
read      265.2   155.6    80.4   130.2   144.8   239.1   291.2   319.5   340.3   365.8   399.4   452.3   658.0  1984.3  4085.0  98350.0    98519
read      273.4    86.1    80.4   147.4   163.2   275.1   315.3   333.6   345.2   362.0   382.2   412.5   486.0   607.4  1165.9  32566.0    32122
read      268.7   103.0    80.4   135.7   150.7   261.0   314.3   338.4   355.1   373.6   396.9   429.8   500.1   688.1  2995.1  49512.0    49464
read      275.4   163.6    86.8   153.6   169.8   270.7   303.0   318.0   329.5   342.0   360.0   388.7   471.4  2752.6  7318.5  23900.0    24034
read      258.1   113.4    80.4   128.2   142.3   236.4   292.7   320.7   341.9   366.8   398.9   444.8   555.8  1144.8  1657.0  76901.0    77363
read      254.1   106.7    74.4   127.8   142.0   234.1   287.6   314.7   334.3   357.9   388.6   434.2   548.0  1125.7  1643.3  91835.0    91698
read      268.3    88.8    80.4   140.4   155.9   266.8   311.6   332.0   345.2   362.5   383.4   415.6   487.3   596.3  1254.7  39115.0    38997
read      252.7   101.7    74.4   126.7   141.1   233.1   287.8   316.3   336.4   360.4   391.4   434.3   530.1   737.9  1172.4  85486.0    86028
read      253.4   104.0    80.4   126.7   140.7   233.6   289.0   318.1   339.0   363.7   393.0   434.6   531.3   798.6  1328.7  82398.0    83012
read      258.0    83.0    93.8   158.0   175.6   256.4   283.2   297.1   308.1   319.2   337.2   366.6   432.4   662.7  4153.1  14994.0    15024
read      264.8   106.9    68.9   131.9   146.8   253.7   308.7   334.3   352.2   372.4   398.0   434.4   509.6   672.1  1244.9  56251.0    56640
read      258.5   106.9    80.4   131.3   145.7   238.8   290.5   317.5   337.5   361.7   393.5   443.7   584.4   919.9  1366.3  97135.0    97362
read      266.4   116.5    80.4   134.3   150.2   247.8   297.3   324.5   344.5   368.9   399.2   449.1   609.0  1186.2  2494.3 107529.0   107412
read      260.7   101.0    80.4   130.0   144.5   244.4   301.8   329.9   349.0   372.8   399.8   438.0   531.7   690.7   865.9  65287.0    65030
read      256.4   120.2    80.4   128.2   142.1   235.4   291.7   320.1   340.5   364.9   395.9   440.2   538.8   837.9  4184.4  79220.0    79278
read      266.2    95.5    80.4   135.1   150.4   259.0   310.9   334.3   350.0   369.8   394.0   428.4   501.8   649.0   999.7  47639.0    47544
read      258.4   117.7    74.4   130.4   145.0   237.9   288.8   316.2   336.3   360.6   392.2   439.7   585.7  1127.9  2336.5 104500.0   105368
read      263.0    99.3    74.4   131.2   146.0   250.6   305.7   331.9   350.2   371.3   397.8   434.1   519.8   737.6   931.3  58711.0    58181
read      264.3   101.0    74.4   132.0   146.9   252.2   307.3   333.6   351.2   372.4   398.6   435.1   515.6   677.8  1654.9  57061.0    56960
read      258.0   128.7   101.3   159.2   175.2   255.2   282.2   295.3   305.2   315.7   330.2   352.3   411.4  1822.7  5818.4  14810.0    14849
read      265.3   122.1    80.4   132.0   146.7   248.0   305.6   333.3   353.1   376.2   406.0   447.2   543.2   802.3  3545.8  64087.0    63672
read      270.7    96.0    80.4   137.9   152.9   264.1   315.7   339.8   356.7   375.1   398.7   431.6   504.1   667.4  1135.0  48232.0    48289
read      251.0    90.2    93.8   160.4   175.5   247.1   274.4   288.9   298.3   310.2   323.0   345.8   404.3   583.1  3950.2  12079.0    11797
read      244.8    62.4   101.3   158.9   174.0   240.5   268.3   282.6   292.4   303.9   317.3   340.8   401.6   542.4  1383.5  10795.0    10781
read      325.8   398.5    80.4   135.1   151.3   274.1   336.2   373.9   400.9   433.5   475.2   561.2  1285.0  7911.1 10265.9  49215.0    49362
read      311.1   247.0    74.4   129.8   144.8   242.3   301.8   344.6   389.7   459.0   557.0   733.5  1227.7  2499.5  6373.9 101822.0   102119
read      291.9   129.6    86.8   136.4   152.4   275.0   333.7   367.3   391.7   419.3   454.6   507.8   642.2  1082.4  1692.0  46770.0    46213
read      300.6   216.6    74.4   131.2   146.6   246.8   303.6   338.1   366.9   406.5   478.5   675.8  1229.4  2167.6  2916.3  97244.0    97025
read      259.5    70.5    86.8   153.7   170.5   260.5   289.6   304.1   313.9   325.6   342.2   370.1   434.6   574.6   884.5  18429.0    18351
read      269.2    71.7    86.8   155.3   171.7   272.8   303.0   318.0   329.4   341.8   359.1   385.2   445.8   562.1   625.1  21472.0    21426
read      285.9   120.6    80.4   139.4   155.0   274.1   328.2   357.4   379.2   403.3   434.0   478.0   580.1   865.3  3874.9  43045.0    43013
read      279.0   130.4    74.4   129.0   143.2   252.7   314.1   350.3   379.5   413.3   455.3   519.1   662.0   922.7  2056.5  67581.0    67376
read      278.4    99.2    86.8   142.1   158.0   275.9   321.4   344.8   362.4   381.9   404.2   437.6   507.5   631.0  1802.3  35988.0    36043
read      224.2    84.5   101.3   148.8   160.7   213.8   235.7   250.1   260.3   271.7   287.1   311.7   453.5  1522.3  1940.7   6369.0     6255
read      318.4   341.1    80.4   134.5   150.9   256.0   308.6   339.5   364.8   396.8   441.4   550.4  1992.0  3559.1  7833.3 101474.0   102499
read      264.0    80.7    86.8   148.5   163.9   267.4   301.4   316.5   327.7   340.5   358.3   385.5   434.3   526.1  1540.8  26355.0    26263
read      263.0   113.2    80.4   131.9   146.8   250.3   305.8   331.8   348.9   370.6   395.7   431.3   506.6   685.4  3084.9  56900.0    56974
read      267.8    89.7    80.4   138.2   153.5   266.5   311.8   332.9   346.8   364.9   386.9   419.0   484.1   594.6   679.4  40954.0    40869
read      263.8    93.7    80.4   133.7   149.2   258.4   307.3   329.8   344.8   364.2   388.3   423.7   499.2   639.1  1108.9  46158.0    46514
read      244.3    60.7    93.8   157.0   172.0   241.8   268.6   281.9   290.9   301.4   316.1   340.6   401.7   568.3  1174.9  11541.0    11431
read      264.7   117.3    74.4   132.0   146.8   250.2   306.4   333.3   351.6   373.4   399.3   438.0   526.5   687.0  3840.6  58293.0    58600
read      264.2   104.1    80.4   133.5   148.6   247.7   303.7   332.4   352.5   375.1   403.1   442.4   523.4   692.2  2410.8  68153.0    68058
read      269.6   115.4    74.4   136.5   152.0   257.8   311.6   336.8   354.4   374.4   401.3   436.3   520.6   813.1  3852.3  54541.0    54502
read      263.4    99.6    80.4   132.2   147.3   248.9   304.7   332.0   351.0   373.0   399.0   436.3   525.7   697.3   912.6  64419.0    64022
read      272.1    95.7    74.4   139.8   155.3   264.4   315.4   340.0   357.3   376.2   400.6   436.3   508.4   636.1   784.7  52111.0    52142
read      360.4   406.9    74.4   142.0   160.2   281.9   343.9   383.6   416.1   460.3   536.2   722.6  2336.1  4709.6  9327.2 101281.0   101375
read      277.3    96.4    74.4   147.0   163.7   274.9   320.2   341.7   357.3   374.3   396.8   428.1   490.9   603.2  2188.0  40723.0    40606
read      270.2    93.2    80.4   139.7   155.1   265.2   314.2   337.2   353.2   372.4   395.2   427.7   495.0   626.1   854.8  47424.0    47485
read      270.8   101.1    80.4   139.6   155.1   263.4   313.8   337.9   354.9   374.2   397.5   432.1   508.2   665.8  1765.3  48637.0    48977
read      276.0    90.3    80.4   146.6   163.2   275.8   318.5   338.5   352.2   368.2   389.3   422.1   492.0   639.0  1030.9  38534.0    38615
read      259.9   110.4    80.4   130.2   145.1   240.8   294.4   322.7   343.1   368.5   399.0   444.7   550.0   847.4  1588.4  79525.0    80279
read      259.5   135.8    80.4   129.0   143.5   240.4   297.4   325.1   345.1   369.2   399.0   440.3   539.3   771.2  1959.2  75735.0    75843
read      259.4   111.6    80.4   128.9   143.3   242.3   298.2   325.5   345.1   369.1   397.3   437.1   535.7   731.0  3703.8  67110.0    67095
read      273.3    96.2    80.4   141.3   157.1   270.8   317.5   339.1   354.3   371.4   393.5   426.7   499.4   626.0  2365.0  41218.0    41325
read      267.0   101.3    74.4   132.2   147.5   256.5   310.8   336.8   355.4   376.9   401.5   438.9   520.0   651.4  1679.1  55572.0    55752
read      254.2   104.3    80.4   127.6   141.6   234.4   288.6   316.3   336.4   361.0   392.4   436.9   545.7   837.0  1545.2  85983.0    85561
read      255.7    65.8   101.3   159.9   175.5   254.0   281.7   295.6   306.4   317.8   335.1   361.6   424.7   619.0  1340.8  14423.0    14194
read      258.8   114.6    80.4   128.6   143.1   235.7   289.9   318.5   340.0   367.3   400.2   449.4   613.4  1076.5  1507.8  87323.0    88002
read      260.2   129.4    80.4   128.2   142.2   235.7   288.7   317.4   338.9   366.1   400.9   454.5   651.9  1381.0  2485.4  90783.0    90515
read      282.9   187.9    74.4   132.9   149.2   248.4   300.7   331.3   355.1   384.8   423.4   495.5  1020.4  2224.8  3236.7 109300.0   109283
read      271.6    87.7    86.8   151.6   167.7   274.2   309.2   325.7   337.3   350.0   368.3   395.2   450.3   636.5  3275.4  26656.0    26699
read      270.8    90.1    86.8   142.2   158.4   270.0   313.7   333.9   346.9   365.1   386.7   417.7   488.0   627.4  1351.2  37048.0    37400
read      267.8   101.9    80.4   152.1   168.1   263.5   297.1   315.0   327.6   342.1   362.0   394.2   494.3  1321.7  3511.5  19257.0    19307
read      245.6    96.2   101.3   154.7   168.0   238.6   267.6   282.0   292.0   304.8   321.2   347.9   427.8  1030.5  1612.8  11715.0    11527
read      339.5   387.8    80.4   129.0   143.6   252.1   318.5   367.0   407.7   465.7   549.6   748.3  1907.5  4972.8  7900.2  83227.0    83787
read      268.6   177.3    93.8   149.1   163.4   261.3   295.9   312.2   323.0   337.7   356.4   386.6   469.9  2691.9  7803.9  22244.0    22209
read      291.3   234.4    74.4   125.2   139.5   244.9   310.7   352.0   385.8   423.7   473.7   549.9   873.7  3207.5  6725.7  74882.0    75169
read      291.1   228.6    80.4   125.2   139.5   246.4   313.1   353.1   385.9   423.3   471.0   543.2   902.2  3110.4  7644.3  73878.0    73833
read      334.0   327.6    74.4   129.8   144.7   246.7   308.9   355.5   401.4   473.3   586.9   826.9  1755.5  3578.3  7484.1  94668.0    94641
read      284.6   205.6    80.4   127.9   142.3   251.5   314.6   348.8   376.4   407.2   445.8   501.9   703.0  2953.4  4982.8  61550.0    61338
read      427.7   580.0    80.4   140.8   158.8   280.3   348.7   397.1   440.5   510.2   711.7  1371.5  2998.8  7165.1 11280.3  91950.0    91825
read      254.8   119.5    74.4   126.3   140.8   234.4   290.5   318.9   339.3   364.1   394.2   435.0   525.3   866.7  4699.0  77118.0    77235
read      266.9    91.7    80.4   140.1   156.0   264.9   307.0   327.0   340.8   358.5   380.9   411.7   485.8   748.4  1654.8  37072.0    37257
read      268.8    84.9    80.4   144.2   160.1   270.5   310.2   328.8   341.2   356.5   374.2   402.9   465.3   576.5  1169.2  32184.0    32057
read      265.9   136.7    74.4   135.0   150.8   248.4   296.9   322.9   342.6   366.9   397.4   444.6   567.4  1108.6  3590.9 108486.0   108618
read      256.8   100.1    80.4   128.8   143.1   238.8   295.9   324.3   343.6   366.8   395.0   434.0   520.6   716.2  1094.6  72861.0    72930
read      272.4   116.2    80.4   140.0   155.9   268.1   316.2   338.3   353.9   371.9   394.2   426.0   493.8   637.8  4166.4  44181.0    43714
read      252.8   105.6    80.4   127.9   141.8   232.6   286.4   314.2   334.2   358.6   390.0   433.0   530.8   931.9  1717.7  87456.0    87369
read      262.2    99.5    80.4   131.7   146.6   250.2   306.2   332.4   350.1   371.6   396.2   429.9   498.5   638.8  1218.9  56801.0    56640
read      263.9   160.1    80.4   129.8   144.6   239.0   291.3   318.6   339.4   364.7   396.9   447.5   622.2  2321.2  3484.4  96819.0    97360
read      255.9   113.0    74.4   127.8   141.7   236.4   292.3   320.5   341.1   365.7   394.6   436.1   532.0   763.4  3427.2  79833.0    79788
read      243.7    60.3    93.8   159.5   173.0   240.9   267.1   280.1   289.6   300.0   314.1   337.5   394.8   561.3  1480.2  11526.0    11352
read      269.8   158.4    74.4   131.7   146.5   242.4   296.4   325.5   347.1   375.4   409.1   463.3   743.9  1870.6  3444.1  87220.0    87962
read      274.0   100.9    80.4   141.9   157.6   270.6   317.9   339.6   355.5   373.9   395.7   427.6   501.0   662.9  1879.7  40899.0    40663
read      268.2   123.0    74.4   132.7   147.2   253.4   310.2   337.8   357.7   380.4   407.3   448.4   546.2   795.4  2050.0  59191.0    59386
read      272.9   100.7    80.4   137.2   152.6   263.4   316.9   342.1   360.7   381.8   406.2   444.9   528.0   766.3  1297.0  48686.0    48302
read      266.7    74.1    93.8   157.5   173.2   269.0   299.7   314.3   324.3   337.0   352.3   378.1   432.5   584.8  1963.9  19320.0    19398
read      265.4   127.5    80.4   130.9   145.5   241.0   295.9   325.4   346.5   372.4   405.5   458.9   670.3  1535.6  2261.3  82028.0    82197
read      265.3   132.0    74.4   130.3   144.8   242.2   299.4   329.0   349.5   374.9   405.8   453.0   594.1  1437.1  3380.1  77069.0    77387
read      263.9   127.4    80.4   129.0   142.9   239.8   297.3   327.6   348.1   374.4   404.5   452.9   654.6  1442.3  1955.8  72945.0    72753
read      235.4   122.9   109.4   157.8   170.8   227.8   251.3   264.8   273.7   285.3   297.6   320.9   392.1   738.9  7673.3   7727.0     7720
read      272.9   100.4    86.8   139.2   154.2   266.7   319.3   342.7   359.6   378.3   400.6   432.0   509.2   674.8  1269.1  46087.0    46279
read      270.0    98.4    80.4   139.3   154.2   265.7   313.6   336.7   352.7   371.5   394.1   425.2   489.5   634.7  1975.1  42263.0    42102
read      267.8   173.3    74.4   130.1   144.7   238.7   293.1   321.4   342.6   368.3   401.5   456.1   759.9  2319.1  5788.5  90651.0    90892
read      270.6    93.1    80.4   140.8   156.6   268.6   314.4   335.4   349.3   366.9   388.3   419.6   490.8   612.4  1703.1  39996.0    39976
read      261.7   104.6    80.4   130.6   145.4   247.1   304.1   331.3   349.6   370.7   396.2   431.9   507.7   915.6  1600.8  60750.0    61084
read      258.1    64.0   101.3   157.8   174.1   259.6   287.7   301.3   311.0   320.7   337.1   362.1   418.7   575.9   819.7  16654.0    16735
read      266.2    99.8    80.4   135.8   150.8   261.9   311.2   333.7   348.6   366.6   389.8   423.3   485.3   606.1  1208.1  45870.0    45909
read      264.3    78.7    86.8   146.3   161.7   266.4   302.7   319.1   331.6   344.6   364.0   392.0   447.7   556.8   637.3  28983.0    28976
read      256.2   107.9    74.4   127.1   141.4   236.1   290.0   317.7   338.4   364.2   395.4   440.1   566.4   888.6  1651.8  84601.0    84704
read      259.3   122.8    74.4   131.3   146.3   240.0   289.5   315.9   335.8   360.7   392.0   438.8   571.8  1198.0  3054.3 102291.0   101822
read      256.1   127.2    80.4   129.0   143.5   235.6   287.2   314.8   335.2   360.8   392.6   437.1   549.5  1002.6  3479.1  93156.0    92571
read      242.0    78.6    93.8   154.7   168.8   237.6   265.0   277.8   287.3   296.8   312.4   337.4   418.4   617.5  3182.6  12072.0    12106
read      263.9   101.7    80.4   132.0   146.8   251.1   306.1   332.5   350.6   372.8   398.5   434.9   523.3   706.3  2255.1  58003.0    58568
read      264.9    98.0    80.4   133.9   149.0   257.1   309.2   333.6   350.0   369.7   393.1   427.4   503.0   634.5  1177.4  51252.0    51319
read      266.9    82.6    86.8   154.8   170.9   268.0   300.2   315.5   326.5   339.7   357.2   384.5   445.1   607.4  1739.5  21559.0    21556
read      251.5    63.7   101.3   157.3   173.5   251.4   277.2   291.1   300.8   313.0   327.7   348.8   401.5   574.6  1343.4  14168.0    14191
read      277.2   107.6    86.8   145.2   161.6   270.8   312.8   334.4   349.7   370.3   394.0   430.8   547.8  1371.4  1861.1  28878.0    29072
read      257.0    75.3    86.8   154.2   169.1   255.2   285.1   301.1   312.7   326.0   343.5   372.6   440.4   594.3  2857.1  16118.0    16350
read      349.6   320.9    80.4   135.6   151.7   264.8   337.4   395.3   447.0   516.6   620.3   814.6  1571.7  3916.0  7665.2  86479.0    86891
read      320.6   342.0    80.4   136.1   152.2   258.8   314.0   346.0   371.4   402.3   449.5   565.4  1731.3  4721.7  7856.7 104337.0   104441
read      240.4    99.4    93.8   158.5   171.3   232.4   256.8   270.3   279.9   291.4   305.8   326.1   401.7  1816.8  2926.4   8981.0     8906
read      271.8    93.6    86.8   140.5   156.0   268.9   315.8   338.0   354.0   373.2   394.8   426.0   498.1   623.2  1553.3  41854.0    42175
read      269.5   104.5    80.4   136.0   151.0   259.4   313.1   338.9   357.3   378.5   403.1   437.9   526.1   691.2  1581.2  51920.0    51797
read      261.8   125.4    74.4   129.9   144.2   239.7   295.6   325.3   346.2   371.5   403.2   452.7   582.7  1001.2  3582.4  76874.0    76678
read      264.0    74.1    93.8   154.6   171.8   265.5   295.8   311.2   320.9   334.5   349.5   375.7   434.7   587.5  1887.4  19904.0    19630
read      274.0   172.7    80.4   133.5   149.1   246.8   298.2   326.7   347.0   372.4   407.4   467.0   775.0  2525.6  3942.3 100021.0   100132
read      271.8    90.5    80.4   141.5   157.8   270.8   315.5   336.4   350.6   367.3   389.2   421.3   484.2   632.7   940.8  40744.0    40498
read      268.2   114.8    80.4   136.6   152.4   250.7   298.7   325.2   344.1   368.6   400.8   451.6   595.6  1164.7  2247.5 108300.0   108559
read      266.0    78.7    93.8   151.8   168.4   268.9   300.8   315.7   326.3   338.8   355.1   383.3   451.4   548.2  1246.8  23859.0    23964
read      264.5   130.3    80.4   130.0   144.6   243.9   300.0   329.0   349.0   373.6   404.4   450.9   573.9  1166.8  3328.4  70228.0    70760
read      258.8   110.8    80.4   131.9   147.1   239.3   290.3   317.2   337.3   361.1   391.6   436.0   552.8  1185.8  2164.4  99454.0    99567
read      261.6   117.0    74.4   132.5   148.0   241.8   291.7   318.6   338.6   363.6   395.0   446.0   584.7  1205.0  2204.9 108253.0   107548
read      268.6    99.3    80.4   135.1   150.1   257.5   312.8   338.5   356.9   378.0   402.1   437.5   520.4   663.0  1051.9  53806.0    53742
read      258.4   107.2    80.4   132.2   147.2   240.1   290.5   316.6   336.6   361.3   391.7   435.6   548.4   936.5  2496.2 103660.0   103931
read      262.2   101.5    80.4   130.8   145.4   248.6   305.0   331.8   349.6   371.8   397.5   432.8   506.1   696.0  1780.4  60443.0    60359
read      237.2    60.0   101.3   157.8   170.1   233.0   259.1   271.8   281.5   292.8   307.4   327.9   377.4   578.0  1887.9   9871.0     9725
read      269.4    99.1    80.4   135.4   150.8   259.0   313.0   339.0   358.2   380.6   406.0   442.1   512.8   639.3  1008.6  51361.0    52014
read      276.1   140.4    86.8   143.1   159.3   273.1   319.6   341.3   357.0   374.0   396.8   427.6   493.7   605.7   980.7  40123.0    40053
read      261.4   118.3    74.4   129.6   144.0   238.7   293.4   322.3   343.9   370.9   402.6   452.6   594.2  1211.1  2867.3  86583.0    86436
read      273.8    88.5    93.8   156.5   173.0   275.7   307.3   322.7   334.5   346.4   367.1   396.6   467.0   762.7  2964.3  23854.0    23983
read      262.7   108.6    74.4   129.8   144.2   243.8   303.0   333.0   353.6   377.7   404.4   447.5   541.2   784.9  3004.5  66566.0    66595
read      274.4    84.4    80.4   153.4   169.9   276.3   310.9   327.7   339.2   353.3   372.5   402.1   469.0   827.8  1916.9  25894.0    26056
read      273.9   104.1    74.4   137.6   152.8   263.3   318.3   345.1   364.1   385.0   409.3   446.7   535.0   739.8  1579.9  51634.0    51764
read      274.5    97.5    86.8   142.5   158.9   272.6   318.8   340.2   355.6   372.9   394.3   425.3   491.9   662.6  2152.7  40202.0    40202
read      261.0   111.9    80.4   129.2   143.2   239.5   296.6   326.5   346.9   374.0   403.7   451.5   572.0   935.0  1343.8  76532.0    76665
read      244.2    74.7   101.3   157.9   172.3   241.4   267.3   280.3   289.7   300.2   314.8   338.7   398.8   593.8  2967.4  11142.0    11133
read      256.8   105.1    74.4   127.7   142.0   236.7   292.3   320.4   341.7   366.7   396.3   440.4   557.0   876.1  1130.0  79856.0    80405
read      255.8   101.6    80.4   128.9   143.3   235.9   291.5   320.0   340.8   366.4   396.7   440.8   533.8   731.4   974.5  79433.0    79106
read      257.8   109.3    74.4   130.2   144.9   238.0   289.9   316.7   336.7   360.9   392.5   438.4   577.0   987.9  2179.1  97624.0    97258
read      274.6   145.2    80.4   142.8   158.7   270.4   312.3   332.4   345.6   362.8   383.3   415.2   494.4  2576.1  4294.8  36298.0    36307
read      268.9    78.8    80.4   149.3   165.0   272.2   308.0   324.4   336.0   348.0   366.9   395.6   458.9   574.5   724.4  28852.0    28636
read      280.6   116.5    86.8   137.9   153.2   271.0   322.0   348.2   368.7   392.0   420.8   462.5   567.6   924.6  2757.3  41345.0    41620
read      286.9   149.2    74.4   128.8   143.3   251.2   316.5   357.4   391.8   431.6   481.9   557.3   743.3  1249.2  2781.6  76216.0    75736
read      275.4   106.2    80.4   135.3   150.6   265.5   319.6   346.0   367.0   390.6   418.6   458.3   545.2   706.4  1076.5  44706.0    44979
read      279.8   103.5    86.8   143.1   160.0   276.2   319.7   342.2   359.0   377.9   402.3   438.8   531.0   857.4  2640.7  31749.0    31478
read      278.5   102.5    74.4   139.4   155.1   272.6   321.3   345.7   365.0   387.3   414.2   452.8   534.0   770.9  1627.9  37437.0    37586
read      325.4   344.1    80.4   137.1   153.9   264.3   318.4   349.6   373.9   405.8   456.6   582.6  2082.9  3709.4  7760.1 108010.0   108330
read      258.8    99.7    80.4   129.0   143.7   244.0   300.4   327.4   346.0   368.4   395.1   431.1   508.6   687.3  1005.5  64174.0    64301
read      242.2    57.6    93.8   158.8   173.1   239.4   264.9   277.2   287.0   296.8   312.4   335.2   389.0   562.8  1272.1  11200.0    11203
read      228.4    70.7   109.4   157.3   169.7   223.2   245.0   257.1   265.8   274.5   288.8   310.4   358.7   592.0  4158.2   7342.0     7291
read      352.9   420.2    74.4   129.6   145.0   257.4   327.8   381.7   426.0   484.4   567.3   774.0  2178.6  5545.5  7962.3  87485.0    87477
read      307.7   304.1    74.4   125.0   139.7   247.4   314.2   358.2   394.2   439.6   500.6   606.1  1207.4  3981.1  8078.5  77109.0    77485
read      283.9   114.1    80.4   138.1   153.3   270.2   325.6   356.1   378.8   402.8   432.8   476.6   591.6   938.0  1175.0  42238.0    42055
read      266.0   114.5    80.4   143.3   158.1   261.9   300.7   319.0   332.7   347.1   369.2   400.1   468.6  1999.9  2723.3  26978.0    26865
read      368.9   479.0    74.4   137.9   154.6   268.5   327.9   364.9   394.8   435.7   507.9   818.6  2779.6  5549.1  8107.9  94517.0    94592
read      262.9   106.0    80.4   129.7   144.5   244.5   302.3   331.5   352.6   377.6   405.6   448.1   550.1   802.7  1423.2  66649.0    66869
read      259.1    75.9    93.8   156.9   172.8   259.5   288.2   302.6   313.0   324.5   340.6   366.5   427.4   565.8  1918.1  17867.0    17835
read      266.0   103.3    80.4   132.8   147.4   253.2   309.6   336.4   355.2   376.5   402.4   440.4   520.2   720.2  1165.1  55915.0    55977
read      263.0   131.5    80.4   129.9   144.5   238.7   295.2   324.6   345.2   371.0   403.1   452.7   599.3  1705.8  3090.9  82625.0    82437
read      258.5    78.4    86.8   159.4   175.2   258.5   285.4   298.6   309.0   319.5   335.9   361.7   426.8   595.9  3895.1  15852.0    15775
read      269.4   143.1    74.4   130.4   145.8   246.3   300.2   329.7   351.4   378.4   416.8   476.5   627.9  1279.6  3935.7  87032.0    87559
read      272.3   123.4    74.4   134.1   149.6   250.8   302.3   331.3   352.9   380.4   415.6   474.0   659.0  1312.7  2044.6 105194.0   105401
read      259.6   141.3    80.4   129.0   143.6   236.4   290.7   318.9   339.5   364.7   396.9   443.6   582.9  1106.0  5073.7  88928.0    88752
read      255.1   105.1    80.4   129.6   144.0   235.6   288.7   316.7   336.7   360.3   390.8   435.2   536.3   813.7  2162.2  94610.0    94531
read      259.2   107.3    80.4   131.8   147.2   240.0   290.6   317.6   338.1   362.9   394.3   442.6   575.8   938.3  1457.5 101425.0   101303
read      257.3   108.5    74.4   129.1   143.7   238.0   292.8   320.4   340.7   364.8   394.6   438.1   540.8   839.3  1537.8  86603.0    86640
read      256.9   102.9    74.4   128.4   142.9   237.6   292.2   319.9   340.6   366.0   397.1   439.7   543.8   804.6  1239.9  84594.0    84818
read      263.6    69.2    93.8   154.7   171.4   265.6   295.6   311.0   320.9   334.2   348.4   377.8   432.6   558.3   692.9  20354.0    20221
read      270.6    93.6    74.4   138.8   153.9   267.6   316.3   338.1   353.4   371.4   393.4   425.5   496.9   635.6  1271.6  43766.0    43599
read      268.2   102.7    80.4   134.7   150.0   257.8   312.2   337.9   355.7   375.2   400.2   437.3   520.7   689.3  1691.3  52739.0    52779
read      258.2   124.6    74.4   129.2   143.5   236.9   290.7   318.6   339.2   364.0   395.2   440.5   562.1   996.5  3167.2  89003.0    89855
read      268.3   101.3    74.4   136.7   151.8   261.9   312.5   335.6   351.4   370.3   395.1   429.9   500.7   671.4  2779.3  48889.0    48532
read      264.9   145.7    80.4   131.9   147.2   243.3   293.1   319.9   340.0   364.3   396.4   448.7   610.1  1980.7  3655.5 107418.0   107423
read      270.0   101.8    80.4   135.6   151.0   263.6   314.2   338.3   355.4   374.3   398.1   431.9   506.2   642.6  2789.1  46752.0    46535
read      270.4    97.3    74.4   137.1   151.8   264.5   315.2   338.8   355.6   374.4   398.0   434.2   507.4   623.5   968.3  46807.0    47535
read      266.2    99.2    80.4   133.5   149.0   258.1   310.4   334.6   351.1   371.0   395.0   430.6   509.9   650.4  1887.5  49790.0    49633
read      271.8    83.0    86.8   149.0   164.8   273.7   310.9   329.0   341.3   356.6   374.4   405.6   478.0   630.9   907.9  30178.0    30334
read      260.3    82.5    93.8   156.0   172.2   260.9   290.0   304.5   314.4   325.9   341.0   366.6   427.9   587.9  4121.2  16955.0    17207
read      541.3   712.3    80.4   170.9   200.3   352.9   438.2   498.2   549.8   622.2   741.0  1784.0  3646.7  7552.1  8118.1 105354.0   106074
read      270.7   123.0    74.4   136.7   151.5   260.3   312.5   336.8   353.6   373.3   399.3   435.9   523.1  1119.8  4404.9  49145.0    48912
read      265.9   155.3    80.4   129.4   144.4   238.9   291.4   319.7   340.9   367.9   400.5   455.5   748.0  1990.5  2844.2  96908.0    96483
read      274.5    97.0    86.8   143.0   159.0   272.4   317.9   339.5   355.2   373.2   396.0   427.5   495.1   645.3  1759.3  39065.0    39228
read      272.7   157.6    80.4   132.5   147.6   244.6   297.8   327.9   349.4   376.8   411.3   465.7   794.6  1929.8  2990.3  92423.0    92350
read      258.1   120.3    80.4   127.6   142.0   234.7   291.0   320.0   341.1   367.5   399.4   448.1   585.4  1063.8  2217.2  86038.0    85084
read      264.1   120.2    80.4   129.9   144.7   240.2   295.7   326.1   347.3   375.0   408.6   458.3   615.7  1279.4  1903.4  81877.0    81993
read      269.9   138.9    80.4   133.7   149.1   246.4   298.0   326.5   347.5   373.9   407.0   461.9   663.5  1704.4  3151.2 100596.0   101617
read      258.4    66.1    93.8   157.8   173.4   260.2   287.8   301.7   311.6   321.8   337.7   362.1   413.6   574.6  1219.7  16718.0    16730
read      260.5   109.9    74.4   128.6   143.3   241.1   297.5   326.4   345.9   370.7   401.4   444.8   545.9  1006.3  1931.1  71015.0    71079
read      261.6   105.6    80.4   133.9   149.5   243.7   293.8   319.6   339.2   363.6   394.8   439.8   566.6   943.6  1817.9 108945.0   108942
read      266.8   103.6    80.4   133.8   149.2   256.8   310.1   335.3   353.1   375.1   399.5   435.3   511.1   674.6  2078.3  54913.0    55406
read      270.5   109.6    80.4   139.6   154.7   265.4   312.6   334.4   349.0   367.5   390.0   423.8   500.6  1259.1  2906.6  42772.0    42279
read      263.0    69.8    93.8   154.7   171.2   265.7   295.4   310.1   319.4   332.2   345.8   373.1   430.9   594.7   847.7  21977.0    21876
read      284.3   108.4    86.8   145.4   161.6   279.0   324.6   348.4   367.2   388.6   414.4   452.8   543.4  1024.6  2670.5  34308.0    34140
read      283.2   156.2    86.8   138.6   154.0   270.9   324.4   351.7   371.8   395.5   424.7   466.2   561.7  1134.5  7061.6  42513.0    42897
read      268.8    82.0    86.8   156.6   172.6   268.1   298.6   314.8   326.2   339.7   359.1   391.8   463.8   898.5  1896.7  18575.0    18462
read      290.8   226.6    74.4   133.8   149.7   248.6   301.0   331.0   353.3   381.5   424.2   514.9  1293.2  2674.1  4681.2  99647.0   100375
read      269.6    88.8    80.4   141.4   157.1   268.7   314.0   334.4   347.5   364.7   386.0   418.5   484.6   604.6   771.2  41420.0    41347
read      258.3   113.8    74.4   131.1   146.0   238.6   289.8   317.2   337.2   361.6   393.2   439.8   549.7  1072.3  2525.0 101456.0   101594
read      270.1    95.3    80.4   138.1   153.4   264.9   315.5   338.6   354.5   372.2   395.5   429.7   502.2   632.3  1196.6  47432.0    47486
read      259.8   111.4    74.4   128.5   142.7   239.2   296.0   324.7   344.9   370.0   401.0   444.3   553.0  1190.2  1807.5  73690.0    73393
read      271.0   115.7    80.4   134.6   150.5   260.5   313.2   338.4   356.1   375.5   400.2   435.1   521.6  1750.6  2402.5  51561.0    51134
read      267.1   100.1    74.4   134.4   149.2   253.7   310.3   337.3   356.1   377.8   403.2   438.7   526.9   701.8   914.7  58215.0    58201
read      258.4   104.7    68.9   128.4   142.6   240.7   297.3   324.6   344.4   368.3   397.4   438.3   536.3   843.9  1692.0  70961.0    71020
read      259.6   110.0    74.4   128.8   143.3   240.3   297.4   325.9   345.9   370.5   400.2   443.4   538.0   803.8  3321.0  72208.0    72071
read      258.5   110.1    80.4   129.5   144.1   237.7   291.4   319.5   339.7   364.6   396.5   441.3   568.6  1127.8  1936.5  93150.0    93446
read      273.1    83.9    80.4   151.6   167.6   275.6   312.3   330.1   342.1   357.3   375.0   401.5   460.5   548.1   954.2  28571.0    28724
read      267.0   104.8    74.4   132.7   147.9   252.0   308.9   336.9   356.8   380.3   406.8   445.8   537.7   840.3  1287.8  59168.0    59269
read      262.9   113.8    80.4   130.0   144.6   242.5   297.9   327.9   349.2   375.9   408.0   454.3   574.5   868.0  1341.2  74380.0    74624
read      269.4   103.8    80.4   134.8   149.8   258.2   314.1   340.3   359.4   380.8   403.7   439.3   517.0   739.1  1867.0  52179.0    52368
read      244.6    82.1   101.3   158.8   173.3   240.0   266.0   279.0   288.9   299.7   315.1   339.2   401.7   608.2  4085.8   9564.0     9687
read      276.8    98.9    86.8   141.2   156.6   271.7   321.2   345.4   363.7   383.6   405.2   440.6   512.7   686.3  1129.0  43761.0    44165
read      228.6   112.4    93.8   154.2   166.0   219.3   243.0   256.5   266.4   276.9   291.4   314.8   377.9  1909.0  4508.3   6847.0     6895
read      273.2   137.8    80.4   134.3   149.2   257.4   312.6   339.8   360.4   383.8   409.9   448.8   543.0  2050.9  3114.8  54308.0    55457
read      267.9   119.9    80.4   132.6   147.9   252.3   308.6   336.4   356.9   381.3   408.6   450.6   547.0   813.6  2277.6  61159.0    61164
read      276.6   181.1    74.4   134.5   150.3   248.9   300.1   329.1   350.6   377.4   410.4   465.1   744.6  2513.8  4118.4 108564.0   108384
read      275.1    85.6    86.8   147.6   163.5   277.0   316.8   336.2   349.1   365.4   384.9   413.0   471.9   581.8  1461.4  33219.0    33319
read      273.1   179.1    80.4   131.8   147.1   245.4   296.9   325.1   345.9   372.3   406.8   466.5   742.7  2709.5  4639.9  98304.0    97895
read      269.5    89.0    80.4   140.1   156.0   268.1   312.4   333.7   348.0   365.9   387.3   418.5   486.7   607.3   737.9  39931.0    39720
read      260.7   105.0    80.4   130.4   145.0   243.3   299.7   329.0   348.5   372.1   399.7   440.1   531.5   744.5  1389.4  68568.0    68554
read      261.5   129.3    80.4   130.4   145.0   239.4   293.9   322.4   343.4   369.0   400.3   448.2   571.4  1233.7  4512.4  86915.0    86849
read      273.6    85.5    74.4   149.1   165.1   276.4   312.7   330.3   342.1   357.7   376.4   408.3   471.1   617.6  1815.5  30177.0    30264
read      260.9   119.8    74.4   132.2   147.0   240.3   291.2   318.2   338.2   362.3   394.0   442.8   581.4  1431.3  2508.3 100525.0   100754
read      259.2   125.7    80.4   130.4   145.2   237.6   289.2   316.0   336.1   360.0   391.2   442.0   584.8  1386.1  2754.6  98036.0    98098
read      256.1   110.6    74.4   128.6   143.0   235.7   290.9   318.6   339.2   363.5   394.4   441.3   538.9   820.8  2920.6  86030.0    86028
read      258.7   105.3    74.4   131.0   145.5   238.8   292.3   320.0   340.7   365.6   397.0   445.3   554.9   882.1  1244.6  92742.0    93054
read      272.6    94.1    86.8   140.3   155.9   269.8   316.9   338.8   354.3   372.1   395.1   429.0   503.4   629.3   846.9  42339.0    42348
read      272.8    82.6    80.4   149.4   164.6   274.7   313.6   331.5   343.1   358.6   376.6   404.5   469.2   570.2  1145.2  29478.0    29490
read      264.4    74.7    93.8   157.1   174.2   265.8   294.7   309.8   319.6   332.6   346.4   372.6   430.1   615.8  1974.1  18318.0    18187
read      440.5   617.9    80.4   139.7   157.3   277.2   353.1   410.5   463.2   544.3   729.1  1328.8  3416.5  7299.3  9383.3  95065.0    95113
read      234.7   113.9    93.8   154.0   165.7   223.7   248.8   262.8   272.3   284.4   297.8   321.9   432.4  2412.2  3810.5   8658.0     8570
read      301.9   240.1    74.4   132.3   147.3   261.2   326.9   366.7   396.8   431.1   474.6   546.1   889.0  3245.4  6432.5  61795.0    62285
read      284.2   202.5    80.4   130.9   145.6   259.6   317.6   349.1   373.9   400.8   433.0   482.7   627.8  2570.2  7817.2  52723.0    52582
read      288.4   130.2    86.8   146.1   161.8   278.3   327.3   354.1   373.8   394.3   419.6   457.4   557.2  1384.0  3364.5  34413.0    34260
read      293.5   250.1    80.4   129.7   144.1   258.4   320.9   357.3   384.6   415.7   455.1   517.6   728.7  3622.4  8043.0  59571.0    59493
read      293.7   238.5    80.4   129.2   143.8   258.2   321.2   356.8   383.7   412.9   449.9   508.1   862.5  3652.3  6062.8  58322.0    58208
read      363.9   445.2    74.4   134.8   151.4   265.0   327.6   369.0   403.4   454.2   547.2   846.1  2564.6  5235.8  8009.5  93097.0    93458
read      264.4    70.7    86.8   159.0   175.0   266.1   295.5   310.3   319.7   332.6   346.3   371.0   428.8   589.0  1203.8  18392.0    18056
read      261.2   137.3    74.4   128.3   142.7   235.7   289.4   317.9   338.9   364.6   397.6   451.3   659.4  1692.0  2341.9  93454.0    94134
read      271.5    88.1    80.4   143.0   159.3   272.2   315.2   335.2   348.3   365.4   385.8   415.4   479.4   594.7   737.9  37928.0    37808
read      270.3   105.3    80.4   135.9   151.0   258.8   314.4   341.0   360.3   381.8   405.3   442.4   512.5   631.1  2894.2  53334.0    53481
read      269.3    80.0    93.8   152.2   168.4   271.6   305.5   320.9   332.8   344.7   363.6   391.8   458.2   605.4  1161.2  25485.0    25666
read      259.9   127.3    74.4   131.0   145.9   238.0   288.3   315.0   335.2   360.2   392.8   441.8   598.7  1524.8  2911.4 108691.0   108853
read      272.3    94.1    80.4   140.8   156.6   269.8   317.3   338.6   353.8   371.9   394.0   425.4   494.5   593.8  1140.0  42005.0    41576
read      261.4   103.2    80.4   130.1   144.7   243.1   301.2   330.1   350.0   374.5   402.5   444.5   533.7   728.2  1008.7  70791.0    70282
read      270.1    96.8    80.4   138.9   154.2   266.3   314.9   337.2   352.7   371.1   393.7   424.8   491.1   637.5  1944.9  46091.0    45769
read      256.2   104.3    80.4   129.7   143.9   236.3   289.8   318.0   338.4   363.1   394.1   436.8   540.9   849.1  1515.4  92381.0    92383
read      246.1    73.0    93.8   158.3   173.5   242.8   269.8   283.7   292.8   304.1   317.6   340.9   400.3   585.0  3334.6  12080.0    12100
read      260.5   158.0    80.4   129.7   143.9   242.7   299.6   328.0   347.0   370.6   399.3   439.2   526.9   687.2  1259.4  67630.0    67747
read      258.3   101.9    74.4   128.0   142.7   241.0   298.6   326.7   345.8   369.8   399.2   437.4   523.0   671.3  1148.2  69155.0    68933
read      262.7   115.9    74.4   129.7   144.6   246.6   302.9   330.0   348.9   373.4   401.0   441.1   535.9   733.4  3590.2  62875.0    63242
read      260.1   112.7    80.4   129.9   144.5   241.7   298.0   326.2   345.8   369.6   398.3   441.6   537.4   789.3  2410.2  72758.0    72993
read      268.9    99.2    80.4   135.6   150.8   260.2   313.4   338.3   355.8   375.4   398.6   433.5   515.5   678.9  1420.7  50670.0    51022
read      260.5   102.2    80.4   129.3   144.0   244.3   301.4   329.7   348.9   372.8   399.1   435.6   525.9   709.1  1088.6  67268.0    67069
read      273.2    98.4    80.4   153.0   169.4   274.9   308.4   324.7   336.4   348.9   368.4   396.2   458.9   635.8  3628.7  25181.0    24895
read      264.4   110.4    80.4   129.6   144.3   245.1   303.1   333.3   355.1   380.2   410.1   454.8   561.8   809.2  1160.2  68888.0    68588
read      272.4    94.9    86.8   140.9   156.2   269.2   316.5   338.8   354.8   373.2   395.6   426.7   488.6   631.1  1359.6  42591.0    42706
read      271.2    97.9    80.4   138.2   152.9   262.7   315.3   340.8   359.2   379.6   402.6   437.8   513.5   655.2  1227.8  49323.0    49479
read      267.1   126.2    80.4   130.4   145.3   247.4   304.9   334.9   356.4   381.3   409.9   452.2   560.6  1510.8  2974.4  64969.0    64792
read      260.8   108.8    80.4   128.6   142.8   239.8   298.0   327.5   347.9   373.5   402.7   450.3   562.7   984.2  1245.9  73590.0    73879
read      276.6   106.7    86.8   149.1   165.0   278.5   317.5   335.7   347.4   363.6   382.7   411.7   470.3   609.5  4189.8  31852.0    31893
read      264.4   116.0    80.4   129.9   144.5   242.8   300.7   330.5   351.6   377.4   407.2   455.3   602.6  1043.4  2096.2  74483.0    74262
read      266.8   103.3    80.4   134.0   148.8   253.6   309.6   336.9   356.5   379.4   403.5   440.2   523.9   707.1  1792.8  56673.0    57246
read      274.4   140.4    74.4   131.8   147.1   246.2   301.2   332.0   355.7   385.1   423.2   489.3   787.9  1518.6  2122.9  91891.0    91617
read      268.5   102.1    80.4   133.8   148.7   256.8   312.9   340.3   359.6   381.1   406.3   443.8   525.2   678.6  1257.3  55515.0    55173
read      278.7   191.9    80.4   134.5   150.6   250.2   301.1   329.6   350.6   377.3   412.6   472.1   751.0  3236.5  4115.2 108661.0   108633
read      258.4    69.4    93.8   157.8   175.2   259.1   285.8   299.0   309.7   320.4   336.9   363.2   426.7   577.4  1948.7  15842.0    15720
read      256.3   110.5    74.4   128.7   143.4   237.0   288.0   314.6   334.2   358.0   389.7   436.5   570.3  1075.6  2216.6  99455.0    99961
read      257.0   128.3    74.4   129.9   144.5   237.5   287.5   314.2   334.2   358.3   389.1   433.0   548.4  1264.7  4462.7 102566.0   102613
read      263.9    99.7    74.4   132.1   147.0   251.9   307.2   333.2   350.9   372.2   397.5   432.8   522.5   680.4  1216.0  57107.0    57169
read      268.8   122.5    80.4   133.4   148.7   254.5   311.0   337.9   356.6   377.5   402.2   440.2   532.8  1015.1  3848.1  57050.0    56950
read      268.9    96.3    80.4   136.1   151.1   262.3   314.7   338.5   355.2   373.6   398.1   431.8   504.9   636.0   920.5  49869.0    49938
read      221.5    76.6   109.4   152.8   164.3   213.7   234.4   247.4   256.3   267.5   281.8   308.2   373.0   670.4  3349.8   5449.0     5383
read      272.0   107.3    86.8   140.5   156.3   269.0   313.3   333.8   346.8   365.5   388.1   422.6   518.0   901.2  2776.8  39226.0    39719
read      285.3   149.4    86.8   142.6   158.4   276.5   325.6   351.8   371.2   393.1   420.0   459.1   550.0   926.0  7693.1  36994.0    36653
read      291.5   196.9    74.4   128.4   143.0   253.8   320.0   361.5   393.1   428.4   471.3   542.1   783.4  2597.3  7095.6  69465.0    69482
read      277.7   124.2    80.4   134.5   149.6   263.0   318.5   347.2   370.4   394.9   424.4   466.4   573.2  1271.3  2450.4  46418.0    46749
read      277.9   174.9    80.4   123.1   136.7   244.6   307.1   342.5   372.1   404.4   444.3   504.8   834.7  2010.5  4600.0  65091.0    65109
read      274.4   129.6    86.8   130.3   145.1   257.0   313.0   342.0   364.8   390.1   420.7   465.2   588.6  1455.9  2662.0  46573.0    46501
read      320.1   325.6    80.4   133.9   150.2   254.2   307.3   338.9   364.5   397.0   448.9   614.7  1756.6  3694.6  7589.6 109375.0   109480
read      264.1   118.9    74.4   130.2   144.6   243.2   301.1   330.7   351.7   377.7   408.0   452.7   581.9   881.3  3921.3  69907.0    69433
read      267.7   107.3    80.4   132.6   147.7   252.0   310.2   338.5   358.4   381.0   408.5   449.0   542.5   802.7  1912.4  58244.0    58157
read      263.7   113.4    80.4   130.1   144.6   243.2   300.9   330.6   351.3   376.1   405.8   450.1   572.0  1063.2  1708.0  70684.0    70737
read      272.9    87.7    80.4   145.2   161.5   273.9   315.2   334.7   347.2   364.0   383.8   412.9   476.5   640.0   935.8  34359.0    34617
read      260.2   113.2    80.4   129.2   143.4   238.9   295.0   323.7   345.1   372.4   403.0   449.9   570.1   935.9  3029.6  76923.0    77563
read      262.1   127.4    74.4   130.6   145.2   237.7   291.3   319.7   341.0   367.1   400.7   451.2   653.5  1458.2  2089.6  90566.0    90036
read      273.3   131.2    80.4   143.6   159.8   271.6   313.2   332.0   344.0   360.2   379.6   410.7   477.4  1758.6  4674.3  36380.0    36689
read      269.2    93.1    80.4   138.5   153.7   264.2   315.1   338.2   354.0   371.4   393.0   425.7   496.3   629.9   804.3  46787.0    46832
read      259.2   109.7    74.4   132.7   147.9   240.7   290.0   316.8   336.8   360.6   391.5   437.4   551.9  1059.4  2191.4 104639.0   104903
read      254.8    90.0   101.3   159.9   175.4   253.8   279.7   293.2   303.0   314.2   329.5   356.7   423.7   585.8  3939.4  14385.0    14153
read      268.1    89.1    93.8   154.3   170.6   270.5   301.4   316.0   326.4   338.7   355.0   382.7   447.9   637.0  2762.9  21590.0    21674
read      226.0    60.3   101.3   155.0   166.4   218.9   242.0   254.3   264.1   274.2   288.4   310.3   387.6   703.5  1951.8   5638.0     5689
read      276.5    99.7    80.4   139.3   154.0   270.9   321.1   345.2   364.7   386.0   410.3   447.4   524.6   653.9   825.7  37390.0    37781
read      259.4    89.9    86.8   156.2   172.2   258.6   287.3   301.6   311.9   322.8   339.3   365.6   427.0   703.4  3835.7  15643.0    15507
read      314.0   337.1    80.4   134.7   150.6   253.3   306.5   336.8   361.2   392.2   436.4   546.0  1936.5  3689.0  7815.7 101206.0   102064
read      261.6   105.9    80.4   131.0   145.5   243.4   300.8   329.9   349.7   374.2   401.2   443.5   532.5   719.9  2268.0  71199.0    71340
read      256.8   102.2    80.4   128.5   143.1   238.0   292.9   321.3   342.1   366.9   397.5   441.4   533.9   714.6  1060.0  79594.0    79815
read      269.4    94.3    80.4   138.9   154.1   266.1   314.7   336.7   351.9   370.7   392.2   423.0   485.2   592.9   742.1  44928.0    44352
read      262.5   120.0    80.4   132.8   148.5   243.5   293.0   319.2   339.3   363.8   394.6   441.5   589.4  1179.1  3661.5 109434.0   109562
read      255.4   107.4    80.4   128.8   143.1   235.7   289.6   317.8   338.1   362.8   393.5   435.6   536.5   864.5  2227.0  86904.0    86219
read      270.9   102.5    80.4   137.8   152.8   264.4   316.1   340.2   357.1   375.7   399.2   432.4   508.5   623.9  1209.4  47798.0    47335
read      269.6    92.9    80.4   139.1   154.3   265.9   314.0   335.8   350.5   369.2   391.8   424.0   493.5   634.7  1451.4  42379.0    41962
read      268.6    96.5    80.4   137.3   152.4   263.3   312.6   336.0   352.5   372.2   395.3   428.2   496.9   628.7  1056.8  46041.0    45802
read      256.7    72.6    86.8   163.0   177.6   255.8   282.4   295.4   305.5   316.3   331.4   354.6   416.6   610.6  3072.9  13302.0    13389
read      266.3   154.2    80.4   130.5   145.2   240.8   293.9   322.3   343.8   369.8   402.5   453.7   703.2  1827.0  3129.5  95728.0    95780
read      264.5   130.3    80.4   129.9   144.3   238.9   293.3   322.8   345.0   373.5   408.0   460.7   675.9  1377.4  2087.4  88277.0    87844
read      274.0   158.4    80.4   135.0   150.3   257.9   313.5   340.6   360.9   383.4   407.6   444.4   534.5  2707.0  4569.2  55808.0    55903
read      262.1   154.8    74.4   127.7   142.2   234.2   285.9   314.6   336.0   362.6   395.8   448.7   677.5  2172.9  2979.1 100941.0   100902
read      261.0   107.2    80.4   128.9   143.0   241.5   298.8   328.0   348.5   373.9   405.3   450.3   552.0   808.7  1908.3  71121.0    70988
read      269.6   100.3    80.4   135.0   149.8   258.5   313.5   340.3   359.7   381.7   406.2   442.1   521.0   692.4  1003.3  54144.0    53831
read      276.4    85.2    93.8   153.5   169.9   279.5   313.6   330.8   342.3   358.2   377.8   404.1   467.3   611.6  1930.6  27043.0    26948
read      274.1   109.4    74.4   147.0   163.7   275.7   314.8   333.8   346.2   363.0   382.6   410.6   478.3   616.5  4038.0  32230.0    32347
read      291.7   133.3    86.8   141.7   156.8   277.7   332.0   363.0   384.5   406.8   438.3   489.0   621.9  1434.6  3306.5  41382.0    41050
read      281.6   161.7    74.4   129.5   144.1   256.7   315.6   348.5   374.0   402.1   437.6   491.8   660.1  2222.4  3123.9  56167.0    56197
read      356.9   438.7    74.4   132.1   148.3   260.6   328.7   377.4   421.2   480.4   578.9   799.6  2004.3  6537.4 10432.8  94651.0    94617
read      258.2   107.7    74.4   128.7   143.1   240.5   296.8   324.8   344.6   368.5   398.5   439.2   525.7   698.6  3435.8  72126.0    71839
read      254.5   100.3    80.4   128.4   142.5   235.3   290.8   319.0   339.5   363.9   394.0   433.7   519.6   730.0  1269.3  78994.0    79082
read      256.1   116.5    74.4   130.4   145.4   235.9   287.2   313.7   333.1   356.6   387.5   432.9   547.2  1275.7  2860.5 107567.0   107630
read      263.6    99.7    80.4   131.6   146.4   250.7   306.7   333.4   351.8   372.9   399.9   438.4   518.8   661.6  1187.4  60121.0    60164
read      254.9   100.8    80.4   130.0   144.5   236.3   287.7   314.7   334.9   359.4   390.5   433.9   539.9   834.1  1314.9  97797.0    97878
read      263.8   142.0    80.4   129.5   144.0   244.2   301.1   329.3   348.5   371.7   398.3   435.8   537.4  2277.5  4025.4  63791.0    63680
read      257.5    99.9    80.4   129.4   143.6   240.0   295.9   323.5   342.8   367.3   396.1   435.8   528.8   726.0   901.8  73834.0    73888
read      259.6   105.3    80.4   129.6   143.6   242.9   300.9   328.3   347.0   370.6   398.5   437.2   522.0   649.2  1953.0  65553.0    65499
read      256.1   105.5    74.4   129.6   144.1   237.1   288.7   315.8   335.6   359.5   390.9   436.8   561.9   911.7  1849.2  97284.0    96906
read      260.7   127.2    74.4   130.1   145.0   240.3   291.3   317.8   337.9   362.8   394.4   441.4   579.8  1460.1  3195.8 103669.0   103287
read      266.8    96.0    80.4   134.9   150.3   260.2   310.9   334.6   350.7   370.2   394.5   428.0   500.8   603.0  1236.6  49763.0    49664
read      274.9    91.8    80.4   146.7   163.0   276.3   316.6   336.4   349.8   367.1   387.1   414.4   471.3   603.0  2712.4  32859.0    32535
read      267.8    93.6    80.4   137.3   152.3   261.9   312.1   335.7   351.6   371.5   394.8   427.2   492.3   609.0   972.1  46201.0    46477
read      225.1    54.8   101.3   153.7   165.9   219.1   242.4   254.5   264.7   275.1   289.4   311.2   371.5   591.4  1650.2   7425.0     7459
read      263.8   109.3    80.4   130.8   145.3   243.8   300.7   330.5   351.2   375.7   407.0   453.6   583.7   853.2  1098.3  73109.0    74137
read      270.6   122.0    80.4   135.8   150.7   256.0   311.6   338.9   358.4   380.5   406.4   443.3   531.3  1063.0  4463.3  56883.0    57061
read      271.2    84.4    86.8   146.4   161.9   271.6   312.6   332.3   345.3   361.9   381.1   409.6   466.8   581.3   800.0  34417.0    34213
read      231.8    82.7   101.3   155.3   167.9   226.4   250.4   263.0   271.2   281.7   294.5   318.0   381.9   782.1  4833.2   7786.0     7432
read      287.8   197.0    80.4   135.7   151.1   267.0   320.1   349.2   370.7   395.1   425.9   468.9   636.8  2799.9  6398.5  41309.0    41605
read      278.6   127.2    86.8   140.9   156.2   270.5   316.3   339.3   356.3   376.2   400.9   436.8   537.0  1878.1  3159.7  33281.0    32998
read      287.0   211.7    74.4   125.8   140.1   251.1   314.7   350.4   378.5   411.0   451.2   517.5   851.1  2985.6  4738.7  61771.0    61636
read      285.5   188.2    74.4   128.3   142.5   252.7   316.7   353.9   382.5   414.7   454.4   515.0   743.2  2533.6  4571.3  65054.0    64695
read      249.9    93.0   101.3   154.8   169.1   245.8   274.4   289.2   299.0   311.7   327.0   353.0   411.6  1307.9  3859.7  14050.0    14063
read      360.1   421.0    80.4   136.4   153.1   265.2   325.4   363.5   394.6   438.4   528.2   879.2  2323.8  4598.5  7896.7  90423.0    91302
read      223.8    54.6   101.3   151.9   164.2   217.5   239.2   252.5   262.1   272.5   287.8   312.2   377.3   610.1  1226.3   6020.0     6064
read      273.9   121.5    80.4   140.6   156.4   269.1   316.2   338.1   353.3   371.0   392.5   424.8   497.6  1391.8  3213.0  40799.0    41354
read      262.1   121.7    86.8   155.2   171.2   262.3   291.8   306.9   316.9   329.8   344.7   372.0   434.3   562.3  9494.2  19983.0    19863
read      270.0    92.5    93.8   155.6   172.1   267.5   300.3   316.4   328.5   342.2   362.7   394.2   469.0  1138.1  2148.5  19432.0    19488
read      260.4    98.9   101.3   160.3   174.7   258.0   287.5   302.3   312.7   324.2   340.5   366.5   437.5   841.0  2016.6  14020.0    14040
read      268.3    76.3    93.8   153.8   170.6   269.5   301.5   317.7   329.6   342.6   361.4   388.8   448.0   646.3  1238.0  19589.0    19538
read      268.8    77.8    93.8   153.9   170.1   269.7   301.8   317.6   330.2   344.3   365.0   394.5   458.5   633.7  1187.4  20125.0    20199
read      317.0   328.5    80.4   136.5   152.8   258.2   311.2   341.6   366.3   397.3   441.9   550.5  1931.8  3471.1  7712.1 106252.0   106657
read      255.7   117.0    80.4   129.0   143.6   235.0   288.2   315.8   335.9   360.3   391.6   436.7   554.0   885.0  3682.0  92607.0    92457
read      255.0   108.3    74.4   128.4   142.5   234.8   288.4   315.8   335.8   360.5   392.5   437.4   547.0   861.6  1987.9  92963.0    92780
read      257.6    99.3    74.4   128.4   143.0   240.7   297.8   325.8   345.1   368.4   396.7   437.6   518.0   641.3   877.7  68214.0    68203
read      258.2   109.0    74.4   129.1   143.6   237.4   293.0   321.7   342.4   367.9   399.0   445.0   547.1   960.8  1643.7  81703.0    81753
read      266.0   139.6    74.4   131.6   146.7   251.1   304.8   330.9   348.5   370.4   399.5   441.3   516.3  1297.6  4416.5  57815.0    57748
read      269.5    80.0    86.8   158.3   174.3   272.1   303.4   318.0   328.8   340.5   356.7   382.2   437.5   599.3  2023.3  20895.0    21027
read      270.2    99.6    80.4   136.6   151.8   261.0   313.9   339.7   358.3   379.0   403.1   438.3   508.9   680.5  1103.3  49348.0    49680
read      262.3   152.7    80.4   129.1   143.5   238.6   292.8   322.0   343.7   369.7   403.0   452.3   588.7  1397.2  6347.1  81915.0    82042
read      266.5   139.8    80.4   130.4   145.5   241.9   293.4   321.5   342.7   368.7   402.7   460.4   699.4  1769.8  2365.9  93918.0    93691
read      270.9   104.8    80.4   138.3   153.3   265.6   315.5   338.5   354.7   372.9   395.7   428.6   498.0   671.5  2107.2  45678.0    45291
read      276.7    92.8    86.8   150.2   166.4   278.3   316.2   335.1   347.5   365.0   385.3   413.1   469.8   632.9  3102.1  30867.0    30437
read      264.7   105.2    80.4   131.3   145.9   247.4   304.1   333.4   354.3   378.5   408.1   452.9   547.1   770.8  1007.9  67286.0    67422
read      266.7   121.0    74.4   132.0   146.8   248.0   304.3   334.2   355.3   379.9   410.9   454.9   568.0   884.5  2146.6  69559.0    69956
read      281.7   104.3    86.8   148.5   164.8   280.0   324.2   345.3   361.2   378.5   400.1   431.5   497.9   678.6  4166.2  35474.0    35404
read      264.1   112.2    80.4   131.2   145.7   242.0   298.0   327.8   350.1   376.8   409.1   458.7   592.8   956.0  1486.5  80509.0    80225
read      269.2   148.2    80.4   132.5   148.3   244.9   296.1   323.1   343.4   368.8   400.4   455.7   740.7  1813.7  3463.8 105206.0   105585
read      273.7    72.0    93.8   163.0   180.2   276.5   305.7   319.7   331.0   342.7   360.3   387.0   444.0   589.2  1814.1  20287.0    20088
read      260.6    84.3   101.3   165.9   181.4   258.8   286.2   299.8   309.7   319.5   335.6   360.1   419.6   589.5  3880.4  12682.0    12672
read      264.1    70.7    93.8   160.8   176.0   263.8   293.0   307.8   317.5   330.9   346.5   375.6   441.5   592.8  1808.4  15550.0    15696
read      282.0   103.8    93.8   152.9   169.7   279.5   317.3   337.5   351.6   368.9   391.2   424.8   512.3  1000.7  3810.6  25965.0    25951
read      283.8   136.0    74.4   131.0   145.9   257.7   319.3   355.5   383.6   418.3   460.5   523.1   680.4   976.4  2881.4  65195.0    65007
read      241.7    96.8   101.3   156.5   170.6   236.5   262.9   275.8   286.2   296.5   312.1   334.6   395.5   631.6  4629.4  10213.0    10189
read      284.8   149.1    74.4   128.5   143.1   247.5   312.0   351.9   385.8   427.6   479.3   559.1   775.4  1220.4  1871.6  78191.0    78008
read      257.4   110.8   109.4   161.2   176.1   252.9   280.0   294.3   305.0   316.5   332.7   358.8   426.1  1650.6  4654.3  12696.0    12678
read      262.6    83.9    93.8   156.9   172.2   260.9   291.4   306.9   317.2   331.0   347.2   374.7   438.3   727.0  4133.8  16184.0    15922
read      306.7   250.6    80.4   139.8   155.8   277.2   333.4   364.9   388.7   416.4   451.8   517.9   916.8  2744.5  8748.2  41939.0    41774
read      316.0   296.3    86.8   141.0   157.5   278.3   333.9   366.5   390.1   417.0   453.6   531.9  1185.5  3398.0  8691.8  39076.0    38788
read      279.7   123.3    86.8   140.6   156.6   270.6   318.1   343.3   361.8   382.2   405.3   444.0   540.2  1549.7  2972.9  34485.0    34559
read      281.4   136.2    80.4   130.2   145.2   258.9   319.1   352.6   378.4   405.4   440.8   496.6   672.2  1542.7  2297.1  54678.0    54825
read      275.8   135.7    80.4   132.5   147.7   261.2   314.5   341.4   362.4   385.7   412.9   457.5   575.2  2078.0  2767.0  42968.0    42697
read      236.4    70.5   101.3   150.4   162.7   231.1   259.2   273.0   283.6   294.9   311.2   336.1   397.7   744.5  2156.8  12635.0    12669
read      292.7   176.2    80.4   128.0   142.3   254.9   321.2   364.9   396.6   434.6   483.6   559.5   801.5  1897.9  3979.3  69807.0    70047
read      319.3   341.3    80.4   131.7   148.3   253.7   309.5   342.3   368.5   401.4   457.8   651.1  1725.2  3901.8  9728.7  96642.0    96137
read      262.0   146.1    80.4   130.6   144.9   238.0   291.2   319.0   340.1   365.6   397.8   448.2   588.9  2116.3  3463.9  93119.0    92934
read      266.9    73.9    93.8   156.7   173.0   270.1   300.0   314.2   323.8   336.4   351.3   377.7   433.3   532.2   807.4  20495.0    20597
read      261.8   103.3    80.4   130.5   145.0   245.4   303.0   330.7   349.6   372.2   401.0   441.3   528.3   788.5  1329.9  66447.0    66597
read      260.9    98.2    74.4   130.1   144.6   248.1   303.1   329.4   347.3   369.4   396.3   434.7   509.1   635.1   943.6  59983.0    59987
read      261.9   100.0    74.4   131.2   146.0   249.7   304.6   330.9   348.4   370.3   395.8   431.6   511.7   681.5  1580.7  58109.0    58456
read      260.9    98.0    68.9   130.2   145.2   247.7   304.0   330.4   348.4   369.9   395.6   431.7   505.1   671.9  1022.8  59527.0    59958
read      258.3   116.3    80.4   130.0   144.5   238.2   290.0   317.3   337.4   362.0   393.6   439.3   571.2  1161.4  2490.2  97840.0    98221
read      265.0    97.9    80.4   133.0   147.8   253.9   309.1   335.1   353.1   373.7   400.2   434.3   509.8   619.9   823.4  55504.0    55912
read      267.3    89.8    80.4   139.4   154.8   265.9   310.8   331.6   344.9   362.2   383.1   415.2   482.6   617.7  1336.4  38841.0    39018
read      265.7    67.8    93.8   157.3   174.0   268.0   298.7   313.7   323.6   336.1   350.3   374.6   430.5   502.5   644.7  18973.0    18747
read      272.0   174.5    80.4   133.5   148.4   252.2   309.8   338.5   359.2   382.5   409.7   451.7   565.4  1587.7  7833.2  60150.0    60013
read      263.6   117.6    80.4   130.4   144.9   240.8   294.9   323.4   345.4   372.1   406.5   457.8   633.7  1228.9  1570.1  85159.0    85584
read      256.7   111.1    74.4   128.2   141.9   235.6   290.0   318.4   338.9   364.6   396.7   444.2   569.2   920.7  2001.4  84693.0    84809
read      258.7   113.5    80.4   128.4   142.6   234.8   290.5   319.6   341.0   367.5   401.0   451.5   627.6  1044.0  1830.9  85757.0    85435
read      263.0   130.3    80.4   130.0   144.4   237.9   291.5   319.5   340.6   366.9   400.6   454.5   676.7  1563.4  2488.6  94663.0    94907
read      256.6   108.3    93.8   154.3   170.8   254.8   283.2   296.9   307.9   319.0   335.7   361.4   431.8   629.6  6063.1  16632.0    16437
read      257.8   116.7    80.4   128.1   142.5   236.4   292.7   322.2   343.9   369.6   401.4   447.1   547.5   803.9  2094.4  78786.0    78505
read      254.7   107.7    74.4   126.5   140.3   234.7   290.6   319.3   340.2   365.0   395.5   436.8   544.1   819.6  1159.0  76698.0    77219
read      260.1   116.3    80.4   128.8   143.1   237.2   291.9   320.6   341.9   368.9   402.1   452.7   605.0  1103.3  2084.7  86515.0    86414
read      262.7   109.4    80.4   130.4   144.8   242.2   299.0   328.9   350.0   376.6   408.5   456.0   566.1   846.0  1989.1  73160.0    73427
read      257.3   114.0    74.4   130.3   145.1   238.0   288.5   315.5   335.2   359.3   390.5   434.9   553.4  1274.4  2286.9 100491.0   100497
read      258.3   144.3    80.4   130.7   145.1   237.6   289.5   316.6   336.8   361.6   393.3   441.0   578.6  1023.3  1902.4  96722.0    96416
read      258.4   104.5    80.4   128.5   143.1   240.6   297.3   325.2   345.0   369.1   397.7   438.9   528.5   767.0  1796.7  71130.0    71637
read      270.7    90.0    86.8   143.2   159.3   271.0   310.7   330.1   343.2   360.3   380.9   410.0   478.7   640.9  1659.9  33352.0    33216
read      263.1   103.9    80.4   130.0   145.1   250.8   306.5   332.8   350.8   372.6   399.2   437.2   511.6   654.5  2653.3  58694.0    58699
read      267.2   102.5    80.4   134.5   149.9   257.3   310.5   336.3   354.4   374.3   399.2   435.3   510.9   626.3   803.4  53614.0    53809
read      257.6   100.3    80.4   129.3   143.6   240.3   296.3   324.5   344.3   367.9   395.7   434.6   521.2   737.4  1256.3  72944.0    72797
read      258.7   101.2    74.4   133.0   148.4   241.8   291.6   318.2   337.5   360.8   390.6   434.8   544.8   862.6  1255.5 106498.0   107267
read      266.2   112.3    80.4   134.1   148.9   254.9   310.0   335.8   354.0   374.8   398.7   432.5   503.7   639.1  3649.3  55925.0    55877
read      259.2   101.8    80.4   129.1   143.5   241.3   297.5   327.3   347.3   373.7   401.0   440.3   527.0   698.8   992.4  70530.0    70507
read      271.2   120.2    80.4   137.9   153.0   264.2   314.9   337.9   354.2   373.2   395.3   427.1   495.0  1047.6  3705.8  46892.0    46741
read      271.8    91.2    93.8   144.1   159.8   271.1   315.0   335.1   348.3   365.1   386.7   419.1   477.6   601.9  1329.9  36455.0    36507
read      275.1    90.0    86.8   149.0   165.0   276.6   315.4   334.4   346.5   362.7   381.7   411.8   473.0   593.6  2369.7  30344.0    30697
read      278.3   101.1    86.8   150.1   166.0   273.4   313.8   335.2   350.2   369.4   392.4   426.0   520.6  1070.6  3101.4  25464.0    25261
read      272.6   107.4    86.8   148.0   164.0   269.1   308.1   327.7   341.6   359.0   380.3   412.3   486.3  1206.0  1736.9  25079.0    25212
read      272.5   107.9    86.8   140.5   155.4   265.5   312.2   335.1   351.2   372.0   395.6   429.6   511.7  1106.0  2515.5  33810.0    33805
read      316.1   227.2    74.4   133.0   148.3   261.7   330.8   380.4   420.5   470.6   538.7   660.1  1070.3  2514.4  7360.0  75783.0    76345
read      309.4   385.9    80.4   132.6   148.0   249.7   306.4   339.9   367.0   398.8   444.6   562.1  1324.7  6839.6  9159.9  94875.0    95558
read      266.3    87.5    86.8   148.7   164.6   267.5   303.2   319.3   331.6   344.5   364.3   393.5   452.3   604.3  1993.8  28558.0    28428
read      262.7    96.9    93.8   151.4   166.9   263.8   294.6   309.0   318.1   330.6   344.8   370.7   432.2  1548.8  2872.5  21705.0    21673
read      267.7   151.2    80.4   130.5   145.0   240.0   294.6   324.0   345.6   373.4   408.1   464.6   730.6  1860.5  5217.8  89188.0    89018
read      272.4   107.2    80.4   138.5   153.6   265.0   316.1   340.0   357.2   376.9   400.2   435.3   519.7   777.5  2437.2  46764.0    46753
read      272.9    86.2    86.8   146.3   162.5   274.4   314.6   334.0   346.9   363.2   382.4   412.5   470.1   590.9  1345.6  33956.0    34034
read      272.0   106.8    80.4   138.6   153.3   263.9   315.7   340.2   358.0   377.9   400.4   433.8   508.5   817.0  2844.7  46749.0    47329
read      269.1   145.9    80.4   132.4   147.0   253.1   309.5   336.7   356.2   378.7   403.6   442.7   533.9  1860.7  3690.5  57084.0    56893
read      272.4    90.7    86.8   143.2   159.3   271.5   316.7   337.3   351.3   368.3   389.4   420.4   482.2   603.1  1689.7  38744.0    38690
read      262.3   120.1    74.4   129.8   144.4   239.7   294.9   324.4   345.8   371.8   402.5   452.7   617.5  1074.5  2035.5  80088.0    79988
read      264.5   112.4    74.4   133.5   149.0   246.0   296.2   323.6   343.7   368.5   398.6   448.6   586.0  1204.2  2084.7 107690.0   107429
read      270.4    95.1    80.4   140.0   155.0   267.0   315.2   337.3   352.4   369.8   392.1   423.9   491.4   619.7  1917.3  43756.0    43713
read      256.8   103.6    80.4   128.7   142.9   237.2   292.7   320.7   342.2   367.6   399.3   444.5   534.7   664.5   827.7  77092.0    76624
read      260.4   112.8    80.4   129.4   143.8   241.4   297.5   325.8   345.5   371.4   400.5   445.5   546.1   840.5  1743.0  71739.0    71700
read      269.8   128.1    80.4   140.3   155.5   266.3   312.4   333.4   347.0   365.1   386.9   419.0   489.7   591.5  5972.2  40936.0    40703
read      259.2   106.9    80.4   131.2   145.9   240.0   292.3   319.5   339.9   364.4   396.1   444.3   562.9   920.2  1696.8  95283.0    95489
read      262.4    68.6    93.8   156.6   173.1   264.2   292.7   307.1   316.7   329.0   343.8   371.2   432.4   579.7  1032.3  18364.0    18531
read      256.9   111.4    74.4   130.8   145.8   238.2   289.0   316.0   335.7   359.3   389.7   435.2   547.8   887.3  3196.5  98938.0    99369
read      272.0    80.4    86.8   148.9   165.1   274.9   312.4   330.4   342.3   357.1   373.6   401.7   462.7   575.2   696.6  29431.0    29286
read      275.2    97.3    86.8   141.2   157.1   269.0   319.0   342.8   360.0   379.6   406.5   441.1   512.5   659.5  1094.7  42827.0    42988
read      267.8   109.2    80.4   132.5   147.3   248.1   305.0   335.4   358.4   385.5   415.6   460.3   581.5   813.5  1285.4  69102.0    69249
read      233.6    63.7   101.3   159.0   171.6   229.1   252.4   264.6   272.5   283.0   295.0   316.8   369.9   698.9  1977.2   7901.0     7889
read      277.8   104.2    80.4   140.0   155.3   265.2   319.6   346.8   367.6   390.8   418.8   460.5   559.1   738.8  1168.2  51518.0    51783
read      287.8   145.4    80.4   148.3   164.4   280.8   328.6   350.7   367.7   387.2   410.5   448.5   541.5  1807.9  4582.8  38911.0    38634
read      272.4   131.4    80.4   132.2   147.5   247.7   303.2   333.3   356.2   383.8   418.8   473.1   712.9  1400.5  1756.4  86352.0    86204
read      324.4   325.0    74.4   141.9   159.7   272.9   328.8   363.3   390.5   425.7   479.3   595.2  1272.1  4862.7  9142.8 109842.0   109534
read      268.6    94.7    74.4   136.6   152.1   262.7   312.3   335.6   351.6   370.6   394.6   429.2   504.3   686.6  1006.0  45139.0    45136
read      259.9   101.0    80.4   129.8   144.4   246.3   302.8   329.1   346.3   368.5   395.4   431.3   505.7   644.1  2039.8  59637.0    59949
read      258.8    99.3    74.4   129.4   143.9   243.6   301.1   328.2   346.2   369.0   395.7   433.2   508.2   642.7   916.6  61520.0    61681
read      254.3   102.6    80.4   126.8   141.0   235.4   291.3   319.7   340.4   365.4   394.5   434.4   520.8   715.1  1956.3  76019.0    76329
read      270.9   105.6    80.4   138.1   153.7   266.1   315.2   337.1   352.2   371.3   393.8   426.8   496.7  1302.7  2184.6  44646.0    44322
read      264.9    71.2    93.8   154.2   171.3   268.4   298.0   312.7   322.1   335.2   349.6   376.1   432.5   562.7   744.6  20782.0    20698
read      254.7   101.0    80.4   128.5   142.5   235.4   289.3   317.3   338.1   363.8   394.1   436.8   532.3   745.0  1081.0  84770.0    84853
read      259.2   119.4    74.4   128.8   143.2   238.7   295.1   324.1   344.7   371.0   400.5   444.2   538.4   876.2  4039.3  75352.0    75889
read      253.1    98.9    80.4   129.5   143.8   235.1   286.6   312.8   332.4   356.4   387.4   431.6   531.1   757.5  1426.1  98411.0    98396
read      263.0   103.5    74.4   132.1   147.4   252.4   306.2   331.4   348.1   369.5   393.5   427.9   501.6   623.1  2701.6  53386.0    53818
read      273.1    97.8    80.4   151.2   167.2   275.6   310.0   326.4   337.8   350.6   368.7   397.4   462.2   881.2  2729.4  26230.0    26200
read      265.1   101.5    80.4   132.5   147.6   255.0   310.2   335.6   353.2   373.6   398.2   432.7   500.6   610.1  2794.1  54807.0    54761
read      251.9    65.8   101.3   157.7   173.5   249.4   277.0   291.3   301.2   313.4   328.7   353.3   412.3   600.0  1276.2  12315.0    12268
read      265.4    95.2    80.4   133.6   148.7   257.2   310.9   335.4   352.2   371.7   396.1   429.6   497.0   594.1   963.5  52020.0    52324
read      259.2   123.9    80.4   129.8   145.0   238.7   288.4   314.7   334.1   357.8   389.0   437.4   593.3  1457.1  2360.3 106703.0   106440
read      230.1    66.0    93.8   154.6   167.3   224.4   248.7   261.7   270.7   282.3   296.8   319.6   372.2   584.1  3060.2   7182.0     7154
read      255.3   103.4    80.4   128.3   142.6   235.6   289.6   317.5   337.9   363.3   394.9   441.0   548.1   789.8  1090.2  86364.0    87362
read      272.1   113.9    80.4   137.7   153.4   265.8   315.3   339.0   356.3   376.3   399.7   433.8   511.0   677.6  2912.5  43619.0    43716
read      275.2   187.9    80.4   145.4   162.0   269.5   309.7   329.0   342.6   361.1   384.9   423.2   501.6  1395.7 12114.8  26744.0    26737
read      282.4   111.8    80.4   138.5   154.3   272.2   323.7   353.1   373.5   397.6   426.2   467.3   564.7   779.3  1950.9  41393.0    41596
read      299.3   176.9    74.4   130.9   145.8   252.6   316.3   360.8   398.4   449.8   519.4   641.8   895.8  1542.7  2932.0  85483.0    85490
read      279.3   139.5    68.9   126.6   141.0   245.8   308.6   347.3   381.8   422.4   472.4   543.9   711.8   923.0  3000.4  78077.0    77612
read      279.8   137.8    80.4   127.9   142.1   247.1   310.9   348.6   380.6   419.5   468.5   540.3   719.7   982.4  1788.6  77869.0    78124
read      282.2   132.9    80.4   129.9   144.6   255.2   316.7   354.7   384.3   419.4   461.7   526.2   678.1  1049.8  1988.3  69656.0    69632
read      283.1   106.2    80.4   141.4   157.1   277.2   327.3   352.9   372.2   394.3   420.6   458.7   539.5   748.9  1472.1  39008.0    39180
read      262.3    75.6    93.8   156.6   172.5   261.0   291.6   307.8   318.4   332.5   348.8   377.4   432.3   863.0  1432.6  15815.0    15803
read      278.9   102.1    80.4   139.8   155.4   273.3   321.8   346.1   365.5   386.4   410.6   448.7   527.3   907.9  1091.7  37101.0    36987
read      301.4   334.9    80.4   152.3   168.6   269.3   306.6   325.4   339.9   359.0   386.2   433.2  1184.4  5231.2  9150.5  19755.0    19833
read      283.9   173.5    80.4   133.6   148.7   262.0   319.3   349.7   372.0   396.9   427.4   470.3   665.9  2605.5  3476.7  46522.0    46567
read      289.4   168.3    74.4   131.6   146.7   261.9   324.1   360.7   387.8   418.7   455.7   513.3   715.1  2194.1  3381.7  56861.0    57368
read      281.5   134.6    80.4   140.8   156.7   271.5   320.1   344.9   363.6   384.3   407.9   445.2   548.4  1745.7  2729.9  36063.0    36003
read      286.9   188.2    80.4   126.5   140.7   248.4   313.0   353.6   386.0   423.5   468.9   543.0   784.8  2493.5  3520.3  68942.0    68916
read      350.3   392.0    80.4   133.0   149.6   256.7   320.5   367.7   406.9   468.3   579.6   828.7  2008.4  4643.5  7973.5  93213.0    93229
read      272.1   103.5    80.4   138.5   154.2   265.8   315.7   339.7   356.9   376.1   399.6   434.0   506.7   687.0  1867.0  46763.0    46632
read      259.0   114.4    68.9   130.4   145.0   239.5   291.5   318.8   339.5   364.8   396.5   444.1   554.1   986.5  3581.9  93873.0    93663
read      262.4   136.5    80.4   132.2   147.3   240.9   291.2   317.8   337.8   362.1   393.9   442.1   589.7  1797.9  4155.6 106491.0   106418
read      262.0   109.9    74.4   130.2   145.0   248.0   304.2   330.4   348.4   371.1   397.5   433.9   517.5   700.1  3836.2  61226.0    60496
read      284.3   182.5    80.4   138.9   154.9   260.1   309.8   337.8   359.0   384.7   418.4   471.2   701.1  2927.5  3710.3 109241.0   109057
read      255.6   111.7    80.4   129.3   143.9   235.0   287.7   315.7   335.7   360.1   391.7   436.0   554.4  1044.7  1942.1  96499.0    96861
read      255.9   113.2    80.4   127.9   141.8   235.7   290.1   317.9   338.8   364.6   396.0   441.7   553.3   795.8  3585.2  86472.0    86255
read      275.4   141.3    86.8   152.7   169.3   275.1   307.4   323.1   334.9   346.8   365.8   394.1   467.6  2305.9  6193.7  25588.0    25686
read      264.4    72.8    93.8   158.1   175.3   265.4   293.3   307.9   317.6   330.3   344.8   373.3   440.8   561.7  1527.7  17445.0    17483
read      281.1    97.3    86.8   148.6   164.6   279.3   319.5   340.7   357.2   376.6   399.2   431.1   510.3   865.2  2013.9  29129.0    29211
read      290.0   158.8    74.4   132.2   146.9   264.7   326.8   363.0   389.3   418.4   455.0   511.3   706.7  2109.5  3663.1  55309.0    55328
read      356.7   351.2    80.4   133.4   149.3   262.9   332.8   388.0   437.9   508.8   626.3   881.0  1820.5  3460.5  7830.3  86846.0    87592
read      274.8   115.6    93.8   152.1   167.7   271.0   308.4   327.0   340.4   357.6   379.6   410.6   486.5  1512.6  3369.2  24098.0    23882
read      288.4   161.7    86.8   138.1   153.6   269.8   326.2   356.8   379.4   403.5   432.7   473.9   589.4  2023.1  3172.3  45003.0    44790
read      254.3    81.4   109.4   160.9   174.8   248.7   277.5   292.4   303.0   315.4   332.2   359.2   433.1   970.7  2645.1  12278.0    12236
read      284.4   149.3    86.8   137.7   152.9   268.1   322.3   351.0   372.3   395.7   425.0   466.9   583.1  2223.3  3561.5  42394.0    42928
read      328.4   345.3    80.4   137.7   154.1   261.2   315.5   349.1   375.9   408.1   460.9   625.8  2014.9  3857.2  7856.7 103701.0   103959
read      274.0   175.6    74.4   133.2   148.7   245.9   297.7   327.1   348.8   375.1   410.7   468.0   773.6  2228.1  3983.0  97620.0    97347
read      265.0   139.5    80.4   130.7   144.9   244.2   302.0   331.3   351.9   376.2   406.6   451.5   552.1  1075.8  5993.8  68357.0    68379
read      279.3   174.7    80.4   133.5   149.3   248.1   302.0   332.0   354.5   382.5   420.2   481.2   892.3  1988.7  3758.3  92939.0    92596
read      249.7   159.1   101.3   161.0   175.3   242.6   267.6   281.0   291.0   302.9   318.8   343.8   413.9   662.4  7831.3  10211.0    10055
read      272.7    81.6    93.8   149.4   165.3   276.1   312.9   330.6   342.2   357.2   374.3   401.8   463.0   584.3  1286.2  29487.0    29634
read      237.6    58.5   109.4   154.5   168.8   233.1   259.5   272.7   282.6   293.1   308.2   331.7   398.1   620.9  1024.3   9334.0     9324
read      281.9   107.7    86.8   147.0   163.1   279.9   321.0   341.9   358.4   377.4   400.0   432.9   525.5  1044.0  2996.4  29848.0    30076
read      301.4   261.3    74.4   133.9   150.0   251.7   306.7   338.0   363.2   395.1   441.9   558.4  1356.1  3393.7  6982.8  99395.0   100150
read      272.1    98.2    86.8   150.2   166.3   274.1   309.4   326.3   338.3   352.5   371.7   400.7   466.3   565.4  3952.3  27911.0    27527
read      258.1   120.8    80.4   131.5   146.3   238.1   290.2   317.9   338.0   361.8   392.6   437.4   542.8   988.1  2933.0  95387.0    95171
read      271.4    92.5    80.4   141.5   156.9   270.4   315.4   336.8   351.3   368.2   390.4   423.0   488.5   574.6   638.9  40686.0    40523
read      248.4    68.8   109.4   158.7   174.6   245.1   272.4   286.3   295.4   307.2   319.8   343.5   406.9   606.8  2025.9  11451.0    11422
read      238.2    62.4    86.8   156.5   169.8   233.3   259.2   273.2   283.4   294.0   309.3   332.9   390.7   623.2  1967.5   9190.0     9200
read      281.2   135.4    80.4   135.7   151.2   265.6   319.0   346.9   369.6   394.6   425.7   469.6   583.4  1653.6  3206.3  42164.0    42816
read      241.5    98.5   101.3   156.0   169.1   234.0   261.8   275.4   286.3   297.3   312.8   337.3   417.3  1107.9  2362.6  10746.0    10698
read      275.4   101.9    93.8   152.5   168.8   270.1   308.2   327.4   341.1   359.4   383.4   419.9   518.4   836.2  2101.4  22072.0    22301
read      293.7   151.9    80.4   137.5   152.2   271.0   330.6   366.3   391.5   419.7   455.5   510.7   684.8  1817.9  3002.4  48384.0    48159
read      289.9   172.7    80.4   141.7   157.6   274.3   327.1   355.7   376.9   398.0   425.7   468.8   582.4  2547.6  4720.6  39724.0    39987
read      293.1   163.2    93.8   147.8   163.8   280.3   328.9   355.2   375.1   395.5   421.7   461.9   570.1  2515.9  3391.4  33044.0    33067
read      290.6   197.4    80.4   129.3   143.7   257.2   321.4   361.0   389.7   422.0   462.6   527.5   710.3  2825.9  4704.6  62796.0    62704
read      301.0   270.5    74.4   132.0   147.5   265.4   326.5   361.9   389.1   419.6   457.3   520.0   814.5  4043.6  7493.4  52301.0    52778
read      294.6   232.7    80.4   127.6   141.6   248.8   314.6   358.2   392.9   433.7   482.5   561.8   875.0  3982.4  5608.5  75321.0    75981
read      327.0   359.6    80.4   129.4   144.5   256.8   323.8   370.0   404.3   446.2   502.3   618.9  1893.3  4849.1  7783.8  74842.0    74522
read      263.5    83.7    93.8   161.2   175.8   261.2   290.3   305.5   315.9   329.3   345.8   374.5   441.9   960.8  3058.1  14539.0    14533
read      220.8    77.7   109.4   154.8   164.7   212.4   234.3   247.7   256.5   266.8   278.8   300.0   355.7   983.8  2871.6   5465.0     5566
read      374.1   447.1    74.4   135.2   151.5   271.9   347.9   402.3   447.0   503.3   589.4   847.8  2352.1  5336.2  8037.2  77343.0    78062
read      345.6   369.1    74.4   133.0   148.9   263.0   333.7   384.3   426.2   481.0   558.4   735.4  1953.0  4772.8  7783.0  82698.0    82399
read      367.6   489.9    74.4   141.8   160.1   280.3   338.2   373.8   402.6   442.3   505.5   665.3  3069.7  7183.1 10004.6 108488.0   108638
read      256.4   125.8    80.4   128.9   143.5   235.3   287.4   315.0   335.0   358.7   390.1   437.0   560.5  1202.3  4178.0  93669.0    93541
read      271.3   100.6    74.4   137.8   153.3   264.9   316.0   339.4   355.9   374.4   399.1   433.0   504.3   731.2  2021.0  47320.0    47145
read      264.3   111.5    74.4   133.6   149.3   247.0   296.5   322.5   342.3   365.8   396.0   444.1   583.7  1147.2  2201.7 109447.0   109796
read      274.3    80.7    86.8   151.5   168.4   277.4   313.2   330.7   342.2   356.9   373.6   401.7   464.1   584.4  1351.5  26925.0    26597
read      232.3    85.2   101.3   156.1   169.4   227.0   251.8   264.0   271.7   282.0   294.9   316.5   366.7   625.0  4860.2   7077.0     7034
read      260.8   116.5    80.4   129.2   143.6   240.4   298.0   327.0   347.0   372.3   402.1   448.2   550.2   852.3  3329.3  72488.0    72616
read      254.0    78.0   101.3   158.5   174.0   252.7   280.2   293.5   303.2   314.3   329.2   354.0   409.2   636.0  3070.4  13515.0    13584
read      265.8    70.5    93.8   155.8   173.1   267.8   298.4   313.0   322.7   335.9   351.1   377.4   435.1   565.9  1747.7  19791.0    19750
read      266.6   145.5    80.4   134.7   150.2   246.0   296.0   322.5   342.6   367.0   398.8   449.6   594.1  1691.5  7096.7 108731.0   109139
read      262.5    79.3    93.8   160.8   176.8   261.8   289.9   304.2   313.9   325.2   341.0   368.8   428.9   692.9  2693.8  15053.0    15150
read      266.3   139.7    80.4   130.7   144.7   242.1   298.6   329.0   350.3   377.0   409.7   458.8   626.5  1224.0  4030.0  73797.0    74389
read      263.0   145.8    80.4   130.5   145.0   239.6   293.4   322.1   343.6   370.1   402.0   452.3   630.7  1263.8  3287.4  87178.0    87266
read      285.6   186.1    74.4   137.1   153.5   257.3   308.9   338.6   361.4   389.2   425.8   488.2   760.4  2577.1  5178.9 107843.0   108170
read      279.1   183.8    80.4   135.8   151.7   251.2   303.2   331.8   352.9   378.4   412.1   468.6   808.1  2359.4  6137.9 103765.0   103631
read      276.5    96.9    86.8   142.8   158.5   270.9   321.7   344.6   361.6   380.3   402.0   434.7   505.5   716.4  1465.1  44450.0    44587
read      267.3   114.0    74.4   131.8   146.7   248.4   306.6   336.0   357.4   382.6   412.6   456.3   550.3   876.4  2189.0  66596.0    66411
read      270.6   175.2    80.4   130.6   145.3   241.3   295.3   324.9   345.9   373.3   407.0   461.0   759.4  2471.1  4981.0  88977.0    89167
read      278.6    88.2    80.4   149.4   165.1   279.6   321.9   341.7   356.1   371.9   392.9   423.0   482.9   607.8   803.4  35419.0    35723
read      262.7   123.7    74.4   130.2   144.8   239.4   293.6   321.4   342.9   369.5   402.0   454.2   633.7  1315.2  1952.4  85973.0    85827
read      261.2   113.4    80.4   128.8   143.0   238.5   294.7   323.1   344.2   370.8   403.3   457.0   621.1   937.2  1435.2  79060.0    78806
read      259.1   125.0    74.4   129.0   143.3   236.7   291.4   319.2   340.1   365.4   397.0   445.7   583.3  1263.5  3235.2  89644.0    89641
read      254.9    62.9    93.8   156.9   173.5   254.7   282.9   296.9   307.5   318.1   334.8   360.0   407.3   560.7   987.0  14222.0    14186
read      265.1    99.4    86.8   133.7   148.8   254.9   310.3   335.6   352.7   372.7   396.4   429.8   497.3   614.1  1165.8  52569.0    52308
read      264.8   100.2    74.4   132.1   147.1   253.4   309.4   335.4   353.5   374.5   400.0   434.9   507.0   632.7   892.5  56469.0    56743
read      275.3   108.9    80.4   144.0   160.4   273.8   318.7   338.3   351.7   367.6   388.0   418.6   489.8  1043.1  2886.0  38519.0    38302
read      258.8   128.5    74.4   128.4   142.4   239.4   295.5   323.6   343.7   368.9   398.3   439.7   538.2   804.0  6090.7  71925.0    71662
read      269.1    86.2    86.8   141.7   158.1   268.2   310.8   330.9   344.1   360.9   381.2   412.7   484.1   592.1   720.0  36043.0    36015
read      258.8   106.1    74.4   128.6   143.0   243.8   299.0   325.1   344.4   367.6   396.0   435.3   519.0   676.5  3013.3  64847.0    65048
read      258.8   104.6    80.4   128.9   143.0   240.3   296.3   323.8   343.5   367.9   398.9   442.1   549.7   815.5  1163.9  72786.0    72989
read      262.0   148.6    80.4   127.7   141.7   239.0   294.3   321.5   342.2   367.5   398.0   446.0   584.1  2122.1  4543.5  76764.0    76390
read      269.8    84.9    86.8   151.8   167.8   271.5   304.4   320.3   333.0   346.1   365.5   393.0   452.6   956.6  1964.0  24475.0    24409
read      263.0   124.2    80.4   129.5   144.2   241.1   294.5   323.1   344.0   370.4   401.8   454.7   640.7  1114.6  1778.2  85422.0    85530
read      240.0    64.5    93.8   159.2   171.6   233.3   260.3   273.4   284.2   295.8   312.9   338.8   399.9   662.6  2227.8   8405.0     8346
read      266.2   124.4    80.4   130.6   145.0   247.5   303.8   331.9   352.1   376.5   405.7   455.2   578.8   991.4  3852.9  69003.0    69627
read      263.3   108.1    80.4   130.0   144.5   245.3   301.1   329.6   349.0   373.6   402.3   449.3   564.6   941.2  1352.1  69910.0    70266
read      262.9   131.6    80.4   129.3   143.4   239.2   292.5   320.2   341.4   367.1   399.2   452.3   677.1  1529.8  2119.5  89279.0    89525
read      261.9   108.5    80.4   129.4   143.7   243.3   299.7   328.1   347.5   372.8   402.6   447.7   557.4   924.7  1698.3  70745.0    70975
read      267.4   100.9    80.4   136.0   150.7   261.1   310.3   333.6   349.2   369.3   394.0   429.3   512.3   728.9  1478.4  46765.0    46633
read      255.8    73.9    93.8   152.7   168.5   254.5   284.0   298.2   310.1   322.4   340.6   367.5   436.4   631.2  1419.6  16986.0    16963
read      306.4   271.9    80.4   139.0   155.9   267.5   320.3   352.2   376.6   405.7   450.2   533.1   988.0  4149.3  7144.8 109092.0   109556
read      282.8   230.3    80.4   130.4   145.5   245.9   299.8   329.1   350.7   378.9   415.7   481.1  1072.5  3014.9  6280.3  91337.0    91124
read      265.8   126.5    80.4   131.4   146.3   256.0   306.6   330.7   347.5   368.7   395.2   435.8   527.8   908.4  3482.1  51003.0    51505
read      262.7   120.7    74.4   129.5   144.1   240.8   295.3   323.3   343.5   368.0   399.4   452.5   642.9  1211.7  1989.0  93843.0    93804
read      263.9   104.6    80.4   130.5   145.4   250.8   305.3   331.9   350.4   372.6   400.4   441.0   537.0   742.7  1911.4  58311.0    58474
read      263.9    91.5    86.8   133.9   149.5   260.9   306.8   328.7   343.6   362.4   385.5   419.1   491.0   598.7   683.5  43218.0    43487
read      260.3   101.7    80.4   129.1   143.5   245.3   302.1   329.4   347.9   370.6   397.4   435.9   524.4   735.2  1366.4  61935.0    61792
read      257.8   100.2    80.4   128.5   142.9   244.8   298.8   324.1   342.2   363.6   390.0   427.7   509.5   755.1  1409.6  59449.0    59548
read      263.9    95.4    80.4   133.9   149.6   259.9   306.6   328.5   343.5   361.7   384.4   419.9   495.1   652.0  1219.0  43573.0    43635
read      270.3    81.5    93.8   148.7   164.8   272.3   308.9   326.1   338.1   352.0   371.4   399.5   460.6   581.7  1897.1  27783.0    27536
read      276.8   116.4    68.9   135.0   150.6   268.1   318.7   344.4   363.6   386.4   416.2   458.8   553.1   877.0  3878.6  42801.0    42828
read      301.3   296.6    80.4   135.1   151.2   253.2   304.7   333.6   355.5   383.1   421.9   502.4  1594.5  3616.7  7740.2 109413.0   109424
read      250.6   103.5    74.4   125.1   139.0   233.1   287.9   315.1   333.8   356.1   385.2   427.3   512.4   769.0  2431.3  78316.0    78273
read      259.9   103.7    80.4   128.3   142.4   246.4   302.4   328.7   346.6   369.0   395.1   433.3   529.3   711.4  1284.0  59953.0    60279
read      269.8   111.4    86.8   141.3   157.0   268.6   309.4   329.7   343.4   361.5   383.6   416.2   480.6   612.0  3995.7  35033.0    35178
read      258.2   101.8    74.4   127.9   141.7   242.5   298.5   325.8   344.7   368.1   396.5   437.6   528.9   714.8  1232.6  66788.0    67279
read      262.8   118.6    74.4   129.7   143.9   240.5   295.1   323.5   344.4   370.9   403.9   458.4   626.9  1213.3  2013.6  80777.0    80752
read      265.1    92.9    80.4   140.0   155.6   263.5   303.8   323.1   337.3   353.8   375.6   404.1   482.1   785.7  1556.7  35089.0    35012
read      234.9    56.4   101.3   158.3   170.5   228.2   253.5   267.0   275.7   289.7   306.4   331.2   394.4   594.7  1304.3   7982.0     7936
read      237.9   107.0   109.4   155.8   167.9   228.5   256.3   270.0   279.8   292.0   308.9   336.1   404.1  1037.7  7059.6   8539.0     8578
read      360.8   454.6    80.4   137.2   154.2   267.5   326.0   362.9   391.8   429.5   492.3   743.7  2908.1  4342.3  8027.2  88717.0    89696
read      228.6    89.1   109.4   157.3   169.3   220.1   243.3   255.7   265.4   275.0   290.8   314.0   396.8   677.4  4214.0   5627.0     5569
read      276.1    86.8    80.4   152.3   168.9   276.4   313.0   331.3   343.6   359.4   377.7   407.9   487.4   723.4  1637.3  26842.0    26905
read      293.1   135.1    80.4   140.3   156.5   276.1   330.3   361.6   384.6   409.9   444.6   498.6   679.0  1636.3  2606.1  42156.0    42389
read      364.5   360.8    80.4   137.3   153.7   268.7   338.8   395.0   448.6   523.5   642.4   905.5  1837.9  4358.2  7799.6  84481.0    84689
read      297.0   192.2    80.4   132.9   148.1   265.2   329.3   367.8   396.0   429.4   471.7   537.8   724.8  2816.3  4832.2  59063.0    59305
read      287.9   145.1    80.4   136.5   152.4   270.2   326.7   357.6   380.2   405.4   435.4   481.7   637.0  1545.0  3037.3  44412.0    44512
read      303.8   217.4    74.4   130.0   144.6   258.5   326.9   372.9   407.6   451.5   505.2   587.3   870.7  2907.6  4357.5  72215.0    72395
read      323.6   256.5    80.4   133.3   149.0   264.1   335.1   383.8   424.5   477.1   544.1   674.7  1142.7  3174.6  7262.9  74691.0    74619
read      311.9   229.9    74.4   132.5   148.4   265.9   334.1   380.0   412.7   454.3   507.0   593.0  1010.6  3203.8  4724.4  67728.0    67302
read      294.8   165.2    80.4   131.3   146.6   264.3   328.1   366.4   394.5   427.2   468.6   538.5   800.8  1724.3  3371.2  57732.0    57822
read      241.4    95.2   101.3   157.7   170.8   232.8   259.2   272.5   282.8   294.1   310.5   337.0   417.4  1152.3  3384.3   8231.0     8117
read      321.7   402.3    80.4   134.5   151.1   256.2   309.7   340.6   365.4   396.2   441.7   548.7  2103.0  5986.1  8526.6 104793.0   106178
read      273.1   129.2    80.4   151.3   167.9   272.2   306.1   321.4   333.8   346.1   365.1   394.5   465.4  1607.8  5014.6  25057.0    25089
read      263.3   109.5    80.4   129.8   144.7   245.0   302.0   330.4   350.9   375.1   403.8   450.8   551.8   782.2  2344.8  68779.0    68848
read      262.2   110.2    80.4   132.2   147.6   242.8   293.7   321.0   341.7   367.1   398.4   448.0   583.9   998.5  2000.9  98537.0    98941
read      258.0   104.3    74.4   128.9   143.5   238.0   293.9   322.6   343.2   368.4   399.0   443.5   542.1   795.0  1322.5  78617.0    78157
read      258.7   112.3    80.4   131.0   146.5   240.6   289.4   315.2   334.4   358.1   389.8   437.4   568.4  1032.8  2902.8 110558.0   109857
read      268.2   141.5    74.4   134.6   150.7   248.5   298.1   325.2   345.4   370.5   402.3   455.5   598.4  1195.8  2758.0 108912.0   108875
read      258.1   103.8    80.4   129.9   144.3   238.9   292.1   320.4   341.2   367.1   398.4   443.9   546.0   802.4  1361.5  86853.0    86646
read      262.0   109.8    80.4   130.6   145.2   241.4   296.2   325.5   345.9   371.6   403.0   453.2   573.5   939.3  1631.6  83197.0    83239
read      267.4   101.5    80.4   134.8   150.5   257.9   310.4   335.1   352.5   372.5   397.6   433.4   509.0   693.4  1456.3  51055.0    51061
read      259.0   132.1    74.4   128.8   143.2   236.7   290.3   318.0   338.3   363.0   394.5   442.9   582.6  1335.7  3700.3  89862.0    89906
read      263.7    98.1    80.4   131.8   146.5   253.1   307.9   333.6   351.1   371.1   396.6   434.0   509.7   670.3   979.5  56099.0    56601
read      260.2   108.7    80.4   129.7   144.0   241.3   298.5   327.0   346.8   371.6   401.1   443.0   543.4   788.9  2169.1  71300.0    71203
read      258.7   113.3    74.4   129.6   144.6   238.6   292.1   320.1   340.1   364.6   395.1   440.0   572.7   906.6  3603.4  95803.0    95942
read      260.6   103.6    80.4   129.4   144.1   242.1   299.7   328.5   347.9   371.6   400.6   446.0   540.7   757.6  1149.2  71255.0    71622
read      258.7   123.6    74.4   128.7   143.3   237.0   288.6   316.5   337.7   363.8   395.8   447.2   585.9  1329.8  3553.1  96596.0    97182
read      269.8    86.9    86.8   149.6   165.8   270.2   306.6   323.7   336.6   351.0   371.2   401.2   462.7   559.9  3511.4  27785.0    27718
read      269.8    96.6    80.4   137.7   152.4   261.8   313.7   338.1   355.7   376.5   399.7   434.0   512.8   659.5   805.3  46552.0    46519
read      268.1   142.5    80.4   130.4   145.2   242.5   298.4   328.1   349.2   377.1   410.6   462.6   708.8  1370.6  3343.5  82775.0    83197
read      258.8   121.6    80.4   128.0   142.1   236.8   291.5   320.1   341.8   369.2   401.0   449.9   572.6   941.6  4101.5  79081.0    79080
read      259.0   114.9    80.4   127.9   141.8   238.0   295.9   324.7   345.0   370.6   401.3   445.3   561.7   879.1  2884.1  69404.0    69401
read      271.1    99.6    80.4   138.2   153.2   263.2   314.7   338.7   356.4   377.2   400.0   434.2   509.3   681.8   976.5  45622.0    45684
read      270.8   176.8    93.8   157.6   174.2   267.8   297.2   311.9   321.2   335.0   350.6   378.5   443.1  1789.6 10570.7  18379.0    18120
read      279.2    92.4    93.8   160.4   177.8   280.3   312.6   328.8   339.9   353.7   372.0   401.5   467.5   593.9  2523.0  21265.0    21245
read      294.6   160.4    80.4   140.9   156.9   276.6   329.7   359.5   381.1   405.2   435.8   487.1   674.7  2435.6  3189.7  38870.0    39039
read      292.1   213.9    80.4   128.2   143.0   256.2   319.8   360.0   390.5   425.7   469.2   535.4   746.7  3287.3  5071.4  67590.0    67458
read      275.1   124.9    80.4   134.9   149.9   262.6   315.7   342.6   363.7   386.6   412.7   452.5   546.7  1241.2  3160.1  43010.0    42773
read      279.3   112.8    93.8   155.0   172.7   274.0   311.3   330.0   342.8   360.3   382.0   412.0   484.7  1803.2  2663.5  20963.0    20690
read      315.7   220.8    80.4   134.2   150.0   269.5   337.4   382.4   416.2   456.5   508.1   608.0  1129.6  2329.7  3932.0  63891.0    63440
read      288.5   174.3    86.8   137.9   153.6   269.8   323.0   352.0   374.4   398.0   428.7   472.9   702.0  1938.0  7476.7  42134.0    41615
read      347.9   438.9    74.4   133.6   150.5   264.3   321.3   358.2   386.8   425.4   488.6   684.7  2479.8  5607.0  8121.2  96932.0    97229
read      258.0   115.6    74.4   127.8   142.1   236.5   291.3   319.0   339.2   364.0   396.1   445.0   574.2  1090.1  2176.1  85803.0    86249
read      265.4    74.4    86.8   152.0   169.8   267.2   299.1   314.8   325.9   339.2   356.8   385.8   444.6   539.9   665.3  20982.0    20807
read      270.6    77.5    86.8   150.2   166.2   273.6   308.6   325.4   337.3   350.6   369.8   398.5   457.6   544.3   651.5  26328.0    26130
read      278.0    95.6    86.8   143.6   160.1   276.6   318.0   339.5   355.5   374.0   398.0   434.4   506.4   727.9  1884.8  30169.0    30510
read      274.8   106.8    80.4   133.7   148.9   264.7   317.3   345.3   366.2   389.2   417.6   460.0   543.6   786.5  1565.9  44061.0    43868
read      281.6   131.8    80.4   131.5   146.9   260.9   319.9   355.2   381.1   409.4   445.8   498.1   619.4   989.9  3019.0  55620.0    55324
read      270.2    84.1    86.8   152.4   169.2   270.4   304.6   320.8   334.0   347.5   368.2   397.2   459.1   617.4  2028.4  20559.0    20437
read      242.0    64.4   101.3   156.3   169.3   237.3   264.7   278.2   288.9   300.5   316.0   340.1   398.6   653.7  1892.8   9548.0     9548
read      252.5    84.5   101.3   157.3   173.1   248.5   276.8   292.1   302.8   314.8   330.7   356.0   419.6  1117.7  3179.1  12217.0    12101
read      313.5   233.2    74.4   131.1   145.8   261.1   329.1   375.6   414.0   463.1   527.1   647.5  1051.6  3066.0  4735.6  71920.0    72073
read      276.8   131.2    93.8   153.5   170.2   273.0   308.2   326.3   340.3   357.2   377.6   408.2   480.7  1917.3  6397.0  21339.0    21310
read      334.3   334.4    80.4   135.6   151.9   261.3   320.7   359.4   391.5   435.5   520.3   782.0  1563.7  4198.7  7878.8  90447.0    90755
read      274.1    99.8    80.4   138.1   153.5   264.0   319.4   345.8   364.6   385.1   408.6   445.3   528.2   680.0   939.9  51007.0    51252
read      270.7   102.7    80.4   136.2   151.5   260.5   314.5   340.5   359.4   380.7   404.1   439.6   519.6   692.3  1686.7  53017.0    53070
read      267.7    96.5    80.4   135.5   150.5   260.1   311.1   335.5   352.9   374.2   399.0   432.6   506.2   633.6  1023.2  48423.0    48181
read      263.9   135.3    80.4   130.4   145.0   240.1   292.9   320.9   341.7   367.2   400.4   452.5   694.2  1321.6  2802.7  97149.0    97336
read      266.6   165.1    74.4   129.9   144.6   239.3   292.6   321.0   342.6   370.3   403.9   459.6   681.7  2058.2  5361.3  92071.0    91976
read      270.3   158.5    74.4   130.8   145.8   243.2   295.3   325.4   346.3   374.3   408.7   465.4   757.4  1831.0  3413.8  94872.0    94742
read      264.3   120.1    80.4   129.8   144.3   243.7   300.5   330.2   351.9   378.9   408.3   455.3   576.0   975.7  3870.0  66739.0    66079
read      259.3   114.1    74.4   128.3   142.9   238.0   293.5   322.0   342.9   369.1   401.9   451.5   568.0   908.1  2898.4  79783.0    79328
read      268.9    98.6    80.4   137.4   152.5   263.6   313.0   335.6   351.0   370.3   393.0   426.9   503.4   658.6  2243.7  45011.0    45235
read      272.8    95.8    80.4   140.9   157.1   270.7   314.6   335.7   350.0   368.3   390.9   425.4   501.5   617.9  2850.1  35746.0    35310
read      257.6   105.7    80.4   127.9   142.1   237.9   293.8   322.2   342.7   368.4   399.7   446.4   548.1   800.3  1434.4  76973.0    76589
read      265.9   136.6    80.4   131.6   147.0   243.7   294.3   321.0   341.8   367.7   401.1   457.9   641.4  1470.9  3971.2 106611.0   107175
read      253.4    99.0    74.4   126.8   141.1   235.6   289.8   317.1   336.9   360.6   390.9   434.4   528.6   683.8   850.9  78535.0    78127
read      255.4    72.6    93.8   161.1   176.0   254.2   280.6   294.2   304.5   315.8   331.8   358.3   431.0   554.9  2917.3  13402.0    13331
read      261.6    99.7    80.4   130.6   145.1   247.2   304.8   331.5   350.0   372.5   398.6   434.7   512.9   690.4   911.7  59085.0    59382
read      258.4   116.2    74.4   129.4   143.7   237.7   291.8   319.4   339.4   363.7   394.8   443.2   575.4  1002.7  2171.8  87152.0    87477
read      260.2   127.0    80.4   129.5   143.9   238.3   291.3   318.6   339.3   364.6   396.4   445.3   592.8  1384.7  2920.3  92298.0    92020
read      267.0   115.7    74.4   135.2   151.0   249.8   299.2   326.1   345.3   369.2   398.9   447.6   582.8  1075.5  1963.8 109054.0   109297
read      268.0    92.1    74.4   137.1   152.4   264.8   311.8   334.1   349.0   367.7   391.4   424.6   494.4   605.1   853.6  42341.0    42293
read      265.0   132.7    80.4   130.4   145.6   252.6   305.7   331.1   348.4   370.5   396.8   432.7   505.6  1762.9  3973.9  52685.0    52962
read      271.2    75.8    93.8   153.0   170.2   275.0   307.7   323.1   334.9   346.7   366.0   392.3   443.3   562.4   917.1  23764.0    23492
read      253.5    83.4   101.3   163.0   177.5   250.6   277.5   291.0   300.2   311.9   325.5   346.0   401.2   662.2  3200.9  12609.0    12594
read      306.4   199.5    68.9   130.5   146.1   260.6   328.3   373.3   409.0   449.5   506.0   608.5   980.1  2333.9  3605.9  68755.0    69120
read      280.3   164.3    74.4   127.3   141.8   254.2   315.2   349.0   375.5   404.1   439.0   496.0   668.4  2096.1  4140.7  57272.0    57144
read      294.3   178.3    80.4   131.3   146.6   264.7   327.3   365.1   393.0   424.4   464.3   528.6   766.0  2409.1  3259.9  56782.0    57232
read      311.1   305.9    80.4   127.9   142.5   253.7   321.1   366.2   398.9   439.8   492.3   588.6  1252.9  4458.1  7506.1  71618.0    71593
read      284.9   126.3    80.4   138.7   154.0   271.0   324.4   354.8   377.2   401.8   432.4   476.5   607.0   998.8  4375.8  40662.0    40799
read      282.5   118.8    86.8   147.7   164.7   276.9   318.9   340.7   357.0   375.6   399.0   433.8   515.6  1631.0  3773.1  29694.0    29614
read      359.0   426.5    74.4   141.6   160.6   281.5   340.5   378.4   409.2   450.2   512.2   671.3  2526.0  5496.5  8101.7 106762.0   106611
read      277.1   123.7    74.4   140.4   156.5   267.1   319.8   345.1   363.8   384.6   409.0   445.4   525.4   696.3  5303.9  50177.0    50009
read      272.3    95.0    86.8   140.2   156.3   265.8   317.0   340.7   357.2   374.7   398.7   431.5   499.2   612.8  1296.2  47529.0    47727
read      266.2    75.8   101.3   167.3   183.2   265.7   292.8   306.8   316.0   327.5   342.2   369.8   433.6   615.3  3048.1  15374.0    15204
read      275.3    98.2    80.4   140.9   156.9   266.9   318.6   344.2   362.5   382.8   406.8   442.5   519.0   671.9   942.7  50434.0    50703
read      269.3   105.9    80.4   133.2   148.9   254.7   310.3   337.6   357.6   381.0   408.0   452.0   548.3   874.2  1262.9  60843.0    60979
read      278.9    89.8    80.4   147.9   164.9   278.4   321.4   342.0   357.5   374.6   396.7   427.7   494.1   611.4   903.0  37365.0    37662
read      273.8    72.6    93.8   167.1   184.5   275.3   303.2   317.3   327.8   339.8   356.6   384.8   443.4   572.4  2001.5  17018.0    16932
read      260.2   130.6    80.4   130.7   146.1   240.0   290.9   317.7   337.7   361.9   393.1   440.6   581.9  1105.3  6030.4  99995.0   100183
read      263.2   103.5    80.4   131.1   146.5   246.0   302.3   330.7   350.5   375.7   404.7   447.0   534.0   746.4  1425.7  69332.0    69175
read      271.1    77.3    93.8   151.4   168.0   273.5   307.2   323.9   336.5   350.4   370.4   399.8   460.1   573.7   670.0  27406.0    27515
read      257.5   112.3    80.4   130.6   145.9   238.6   288.3   314.4   333.8   357.6   389.1   435.7   564.2  1050.6  2912.7 106115.0   106411
read      269.7    95.7    80.4   136.8   152.2   261.6   314.3   339.4   357.2   377.0   400.6   434.5   503.4   629.2   780.3  49520.0    49629
read      260.3   127.0    74.4   129.6   144.0   244.1   299.2   326.0   344.2   366.2   394.1   433.8   528.4   768.0  5360.1  63690.0    63537
read      256.1   109.3    80.4   128.0   142.0   236.2   290.2   317.3   337.7   363.0   394.9   441.2   552.3   922.4  1760.1  88010.0    88081
read      263.0    99.1    80.4   130.7   145.4   251.7   305.1   330.8   348.8   372.8   398.8   434.9   520.6   670.7  1085.8  55389.0    55527
read      260.7   111.5    74.4   128.4   142.9   242.6   299.1   327.6   346.8   372.9   402.0   444.4   536.5   911.3  2415.0  69678.0    69558
read      264.2   104.6    74.4   130.7   145.7   249.9   306.3   333.6   352.8   375.5   403.5   442.3   532.8   734.3  1280.6  60615.0    60702
read      256.6    73.7   101.3   160.7   175.7   255.9   282.8   295.9   306.1   316.9   332.9   358.9   424.8   599.4  3151.2  13380.0    13487
read      264.1   109.4    74.4   130.2   144.9   245.2   303.2   332.8   354.2   379.8   409.3   451.2   547.3   814.4  2639.1  66430.0    67037
read      239.8   130.5   101.3   157.5   170.4   230.1   256.1   269.4   278.5   290.1   304.3   325.2   397.6  1984.5  7635.9   8347.0     8281
read      272.1    99.1    86.8   143.0   158.8   271.0   312.8   333.6   347.4   366.5   388.7   420.1   488.7   630.7  2160.6  34805.0    34986
read      261.5   113.8    80.4   129.6   144.4   240.6   294.9   323.1   343.4   368.7   400.1   448.9   599.0  1153.8  1527.4  82409.0    82336
read      263.6   150.8    80.4   129.1   143.8   238.2   290.3   318.2   339.0   365.0   398.8   453.0   674.4  1996.9  2988.8 101409.0   101465
read      261.3   115.8    80.4   129.1   143.6   238.9   293.3   322.1   343.2   369.7   401.1   452.2   623.4  1152.5  1584.6  82340.0    82733
read      272.6    94.2    80.4   140.2   155.6   267.5   317.9   341.2   358.3   377.1   398.5   431.2   500.1   627.4   909.6  44533.0    44752
read      280.7   173.9    80.4   135.5   151.3   251.5   303.9   333.3   355.5   383.0   418.9   477.7   888.0  1982.8  3906.0 103915.0   104681
read      267.9   109.9    80.4   134.8   149.6   256.1   311.7   337.9   356.6   378.3   402.6   438.2   511.2   675.1  1170.8  54004.0    53872
read      269.2   170.2    74.4   128.5   143.5   239.8   293.8   322.7   344.0   371.3   405.9   462.0   791.5  2193.3  3732.9  87270.0    87376
read      259.3   104.1    80.4   128.1   142.3   240.9   297.9   326.0   345.7   370.6   399.5   444.0   545.1   760.9  1006.9  70629.0    70834
read      255.1   108.2    80.4   127.3   141.6   235.2   288.7   316.6   336.9   361.6   393.7   440.6   547.7   972.9  1552.4  86930.0    86701
read      263.0   106.7    80.4   131.3   146.1   250.1   305.2   331.0   348.6   370.5   396.7   433.8   516.6   639.2  2834.0  55803.0    56054
read      259.8   106.4    74.4   132.4   147.9   241.7   292.2   318.4   338.0   361.7   392.3   438.5   565.6   876.0  2008.9 106653.0   106733
read      228.6    64.0    93.8   154.4   167.2   222.2   245.7   258.4   267.8   278.3   293.3   319.0   384.2   627.2  3075.1   6560.0     6476
read      274.3   130.2    80.4   143.1   159.6   271.1   312.8   333.0   346.1   363.6   384.6   415.7   481.5  2296.4  2987.0  33608.0    33857
read      259.9    76.2    93.8   154.5   170.9   259.8   289.4   304.6   314.8   327.0   342.9   369.4   427.4   761.8  1947.4  15924.0    15953
read      287.3   184.1    80.4   139.6   154.9   274.2   328.4   356.4   376.1   399.2   426.3   466.3   558.7  1846.1 10177.3  40997.0    41252
read      288.4   164.5    74.4   128.8   143.1   250.1   314.1   353.3   387.5   430.4   485.6   570.8   797.8  1483.8  2982.6  76856.0    76853
read      282.9   152.4    86.8   143.5   159.7   273.6   319.1   343.1   362.2   383.7   408.1   450.2   550.6  1735.2  7358.1  32769.0    32962
read      363.8   413.7    80.4   132.1   148.4   262.1   328.7   379.3   425.9   491.8   604.0   882.9  2404.2  4365.4  9260.4  83258.0    83564
read      294.6   152.2    80.4   138.0   153.7   274.5   332.3   365.3   388.8   415.7   451.3   505.6   696.6  1991.8  2983.7  46562.0    46260
read      294.1   157.9    80.4   137.2   152.8   273.3   332.9   366.9   392.0   420.6   456.3   508.3   651.7  1530.7  3217.2  46878.0    46426
read      312.9   334.8    80.4   133.3   149.3   253.0   307.0   338.7   363.1   394.1   437.9   540.1  1860.1  4344.4  7837.0 100173.0   100015
read      264.9   119.9    74.4   130.0   144.7   243.1   298.2   327.4   348.8   376.5   409.9   460.2   598.1  1063.1  1911.9  78278.0    78102
read      273.5   104.6    86.8   153.9   170.1   273.8   308.5   325.2   337.1   350.2   368.9   396.8   469.5   771.8  2898.8  24237.0    24168
read      274.0    79.1    86.8   152.7   169.2   276.5   312.1   329.6   341.3   355.8   372.8   401.0   461.2   583.6   855.8  25480.0    25529
read      272.8   130.1   101.3   156.8   173.4   268.2   300.6   316.9   329.2   342.9   365.3   399.3   480.6  1451.3  7612.2  17480.0    17342
read      293.8   210.7    80.4   127.8   141.9   252.8   319.5   361.4   395.2   434.6   479.7   551.0   818.7  2954.0  7074.0  71399.0    71657
read      301.1   226.2    74.4   131.4   146.6   263.0   327.5   366.2   394.9   428.9   472.9   544.4   904.4  2992.6  7534.7  60027.0    59805
read      275.4   151.4    80.4   127.8   141.5   252.0   310.8   342.9   369.1   396.2   429.1   476.5   603.9  1986.6  3254.6  55664.0    55558
read      307.1   290.5    74.4   127.7   141.5   249.5   316.2   363.8   400.6   446.2   506.5   600.1  1038.8  4487.2  7706.0  79032.0    79251
read      237.4    76.5   101.3   154.8   167.5   230.2   258.3   272.0   282.4   293.8   310.4   335.7   395.7   782.6  3790.7   9314.0     9123
read      350.7   420.8    80.4   140.5   159.2   275.0   332.1   368.4   397.5   435.2   495.0   642.0  2274.3  5099.9  8595.7 108843.0   109516
read      270.9   113.1    80.4   139.8   155.6   267.7   313.4   334.7   348.9   367.6   389.5   419.9   483.2   626.0  3735.6  41103.0    41153
read      255.9   107.5    74.4   129.7   144.7   237.0   287.6   314.7   334.7   358.8   390.5   436.5   550.0   930.9  1389.2  98099.0    98946
read      260.6    95.1    80.4   131.0   146.0   249.9   304.0   329.4   346.0   367.1   392.6   428.3   499.9   613.5   746.0  56450.0    56315
read      255.3   104.5    80.4   128.1   142.7   236.0   288.9   316.2   336.4   360.9   391.9   436.4   545.5   890.1  1490.9  92246.0    92525
read      255.8   103.9    74.4   128.4   142.5   237.1   291.9   319.1   339.3   363.0   393.5   437.7   539.7   776.3  1159.3  79922.0    79997
read      267.4   108.3    80.4   134.6   149.8   258.7   311.4   336.1   353.1   372.3   396.6   432.4   505.8   624.4  3499.7  49038.0    48998
read      258.2   102.0    80.4   128.6   142.5   241.8   299.1   326.9   345.8   369.3   397.0   435.0   515.6   666.5  1044.5  66856.0    67260
read      256.2   105.8    74.4   128.8   142.9   235.8   289.4   317.8   338.7   363.3   393.9   438.2   553.1   972.3  1531.9  88045.0    88431
read      265.5   100.1    74.4   133.4   148.6   256.0   310.4   335.1   352.0   371.5   396.4   431.1   498.4   627.6  1548.4  51445.0    51359
read      259.8    97.9    74.4   129.7   144.3   246.2   303.2   329.6   347.4   369.8   395.6   431.3   502.2   624.1  1058.7  60239.0    60398
read      267.7    95.2    80.4   138.8   153.8   265.0   311.1   332.5   346.7   366.2   388.6   420.0   489.4   589.9  1609.9  41746.0    41854
read      270.6    80.3    86.8   153.2   169.7   273.3   306.7   322.4   334.2   346.0   365.4   393.0   450.1   556.0  1833.6  23750.0    23797
read      260.5   114.6    74.4   129.7   144.2   238.2   293.6   322.2   343.4   369.8   401.8   449.0   580.8  1084.7  1485.2  83216.0    83091
read      261.2   124.7    80.4   129.6   143.6   239.4   294.2   323.7   344.9   371.7   402.4   448.3   587.6  1022.3  2329.0  78601.0    78319
read      272.2   154.3    80.4   133.2   149.1   247.3   297.4   325.4   345.6   372.2   406.0   462.8   731.8  2130.7  3366.7 102355.0   101978
read      279.7   184.7    74.4   133.5   149.5   248.0   301.0   330.2   351.5   379.0   415.1   480.1   945.7  2384.0  4322.4  98394.0    97985
read      262.6   119.6    74.4   129.2   143.5   238.7   293.1   321.6   343.6   371.1   405.7   460.0   663.0  1183.0  1656.6  82368.0    82850
read      270.2   133.4    86.8   153.2   168.9   270.8   304.6   320.3   332.5   344.8   363.5   392.2   460.7   640.7  5448.8  24416.0    24622
read      262.6   127.0    80.4   131.1   145.7   240.4   291.1   318.4   338.7   363.8   395.5   446.1   675.9  1425.7  2375.8  99998.0    99932
read      272.7    96.8    86.8   139.3   154.3   265.9   317.8   342.4   359.6   378.3   401.0   434.1   505.9   649.5  1147.8  46968.0    46761
read      269.3   138.6    80.4   133.6   148.6   252.3   308.7   335.9   355.1   377.7   402.5   440.7   540.5  1940.5  4207.0  56743.0    56274
read      266.0    79.9    86.8   150.7   166.7   268.5   302.5   317.5   329.0   341.8   360.2   387.7   436.6   537.4  2293.2  24689.0    24750
read      272.5    97.0    80.4   139.0   154.2   266.4   317.9   342.0   358.9   377.2   401.1   433.4   504.7   657.3  1085.2  47489.0    46988
read      267.6   152.2    74.4   130.8   145.9   242.3   294.8   322.9   343.7   369.4   402.6   458.6   688.3  2076.6  3283.4  96145.0    96633
read      274.3    83.3    86.8   148.9   164.8   276.9   316.1   334.2   345.8   361.4   379.6   411.0   470.2   568.6   661.0  32641.0    32524
read      259.2   125.7    68.9   128.8   143.0   238.9   292.6   320.6   341.2   366.1   398.5   445.0   555.7   968.5  3895.1  82681.0    82709
read      260.7   101.2    80.4   130.0   144.3   244.5   301.3   329.1   347.9   371.7   400.3   440.6   527.6   693.5  1006.4  64984.0    64734
read      268.2    93.1    74.4   138.0   153.5   263.6   312.5   334.7   349.3   368.2   391.2   424.1   491.6   591.6  1558.9  44522.0    44841
read      273.4    80.2    93.8   154.4   171.6   277.0   308.2   323.6   335.5   347.8   367.8   396.1   461.3   606.4  2612.0  23242.0    23220
read      270.3   130.6    80.4   133.0   148.5   258.2   311.8   337.6   356.0   377.3   402.2   437.9   534.6  1155.4  2941.9  52125.0    52173
read      252.8   104.8    74.4   126.1   140.3   232.8   285.9   314.2   334.7   359.4   391.0   435.6   556.6   881.4  1411.1  87754.0    87894
read      265.4   101.9    80.4   132.6   147.5   253.7   308.3   334.8   353.3   374.5   401.0   438.5   522.1   640.0  1052.0  55937.0    55637
read      271.7    85.0    80.4   146.3   162.4   274.1   312.2   330.2   342.1   357.0   373.9   403.7   471.4   613.5  1177.7  31228.0    31153
read      275.6    99.6    86.8   149.7   166.0   277.7   315.6   333.6   345.3   360.9   378.9   408.8   471.8   601.6  3920.7  30017.0    30053
read      268.1    84.7    93.8   152.5   168.2   267.1   301.2   317.1   329.3   343.0   363.2   393.9   468.1   823.9  2133.4  20377.0    20489
read      283.9   181.0    80.4   138.3   153.3   266.6   314.6   339.6   359.0   381.4   404.9   448.7   657.1  2672.4  3755.1  33728.0    33457
read      255.3    90.7    80.4   151.4   166.3   251.0   282.5   298.3   310.3   322.9   341.8   370.9   444.0  1072.6  3814.2  17070.0    16922
read      280.0   153.8    80.4   131.3   146.4   261.6   318.7   348.6   371.1   397.9   430.6   475.6   589.3  1917.7  3149.0  46949.0    47200
read      329.2   338.4    74.4   135.5   152.2   263.0   320.0   355.1   383.1   419.9   476.1   659.7  1828.6  4093.6  7853.6  95782.0    95934
read      274.2    96.7    74.4   141.2   156.1   271.3   320.1   342.2   358.2   375.4   397.8   430.1   503.4   649.1  1994.3  42819.0    42596
read      265.8   139.3    80.4   130.1   145.2   241.1   293.8   322.1   343.4   370.2   401.9   455.9   697.5  1758.0  2288.1  94723.0    94660
read      265.8   104.3    80.4   131.3   146.0   252.4   307.4   334.5   353.9   377.4   405.0   449.0   536.5   747.0  1618.8  59707.0    59804
read      271.8    88.8    86.8   141.3   157.5   270.5   316.0   337.4   352.0   369.4   391.0   422.0   480.5   575.7   682.2  37495.0    37634
read      259.7   105.7    74.4   127.6   141.4   241.3   297.8   326.4   346.2   371.1   401.6   449.1   561.6   751.0  1241.3  68889.0    68516
read      273.8   120.8    74.4   131.7   147.2   250.7   306.1   336.4   360.9   392.1   432.4   498.0   634.8  1025.5  1717.7  86476.0    86478
read      263.9   161.8    74.4   131.5   147.0   240.8   291.9   318.8   338.9   363.7   395.4   445.5   601.9  1945.9  7143.6 101443.0   101464
read      260.4   108.1    74.4   128.7   143.0   241.4   297.7   326.3   346.1   371.1   400.6   446.4   555.0   866.6  1278.7  70510.0    70660
read      263.0   112.8    74.4   133.1   148.9   244.9   295.1   321.2   341.3   365.5   395.1   440.9   581.6  1075.5  2468.6 105565.0   105480
read      273.6   108.6    80.4   139.5   155.5   269.3   316.3   338.5   354.3   372.7   395.7   429.5   506.9   899.5  2921.2  42258.0    41912
read      266.3    98.0    80.4   133.5   149.1   258.7   311.4   336.3   353.5   373.3   397.7   433.2   500.4   609.4   941.0  51068.0    50818
read      259.8   134.9    74.4   130.0   144.7   237.7   288.7   315.8   336.4   361.6   394.1   445.6   594.9  1283.3  2750.4  99060.0    99610
read      259.1   104.5    80.4   132.0   147.2   241.6   292.1   319.0   339.0   363.2   393.7   438.3   549.6   870.8  1236.5  99661.0    99247
read      258.2   107.5    80.4   128.4   142.6   238.4   295.6   324.6   344.8   370.5   400.8   444.5   538.9   746.5  1356.0  72943.0    72793
read      274.4    87.4    86.8   145.6   162.2   274.8   317.1   337.3   351.0   367.5   388.4   418.8   477.0   609.8   738.6  34916.0    34890
read      271.3    98.1    80.4   137.2   152.3   261.9   315.7   341.6   359.7   379.9   404.7   440.1   517.5   640.9  1020.1  49552.0    49665
read      268.1   105.1    80.4   134.7   150.0   257.5   312.0   337.4   354.7   373.6   400.1   435.0   518.2   797.5  1785.7  51531.0    51276
read      276.5    87.1    93.8   150.8   166.8   278.0   316.9   336.0   348.6   364.7   384.2   413.3   469.6   636.0  1955.1  30832.0    30810
read      273.3    94.6    80.4   140.4   156.1   269.2   317.0   340.3   356.8   374.6   398.5   433.2   500.2   706.0  1132.1  42812.0    42632
read      264.4   112.6    80.4   130.1   144.7   243.6   300.7   330.9   352.5   378.6   410.4   458.0   580.5   969.6  1476.6  71079.0    71502
read      265.1   160.6    74.4   128.3   142.5   236.8   291.6   320.6   342.7   368.9   402.4   457.9   720.8  2268.4  3752.1  87709.0    87471
read      268.7   142.0    74.4   131.5   146.9   243.3   295.5   323.8   344.9   372.0   404.1   460.2   731.5  1881.9  2820.2  95601.0    95450
read      267.7   150.6    74.4   131.0   146.2   241.5   292.6   320.3   342.5   370.1   403.7   459.8   716.9  1792.7  4283.2 102036.0   101882
read      263.7   102.0    80.4   131.7   146.5   248.3   304.0   332.5   352.8   378.3   404.2   442.6   527.8   701.7   956.1  61580.0    61422
read      276.9    89.6    80.4   145.4   162.3   276.0   319.5   340.4   356.0   374.2   395.2   426.3   495.3   620.0   859.2  36648.0    36550
read      272.9    71.3   101.3   159.6   176.3   275.9   307.5   322.8   334.1   345.4   364.0   390.7   441.1   542.1   641.7  20505.0    20285
read      262.2   140.4    74.4   126.7   140.9   236.6   292.3   321.0   342.7   369.6   402.8   456.4   654.8  1574.5  3770.2  79958.0    80275
read      255.0   116.2    74.4   128.1   142.7   234.4   286.0   313.5   333.3   356.9   388.4   434.5   567.9  1282.0  2327.3  99257.0    99091
read      257.0   115.6    74.4   128.2   142.7   235.2   288.7   316.5   337.3   362.9   394.4   439.3   566.3  1265.4  2198.8  90641.0    90849
read      265.0   116.1    74.4   132.4   147.4   253.8   308.4   333.5   350.5   372.5   395.5   429.6   504.2   663.6  4790.8  53415.0    53477
read      259.1   102.8    74.4   128.0   142.3   242.0   299.4   327.9   347.5   373.0   400.8   438.2   522.2   730.9  1012.3  67024.0    67190
read      262.5   100.2    80.4   130.9   145.7   250.8   304.3   329.9   347.6   370.2   396.9   433.9   522.1   670.8  1554.7  55581.0    55837
read      267.2    93.6    80.4   136.3   151.5   262.6   312.3   334.9   350.1   368.9   392.0   423.8   489.8   594.0  1154.2  43894.0    43938
read      257.1   110.3    80.4   127.3   141.3   237.9   294.5   323.5   343.8   368.3   398.1   441.7   532.8   702.6  1865.9  72867.0    73349
read      269.8    93.9    86.8   141.4   157.4   270.7   313.7   333.3   345.8   362.1   381.1   409.2   467.7   586.7  2229.4  38313.0    38158
read      263.7   102.7    74.4   130.4   144.9   249.5   305.5   333.4   353.0   375.9   403.4   447.2   529.4   662.1  1089.5  62676.0    62627
read      270.9   109.4    93.8   155.7   172.6   270.7   301.8   316.7   327.5   339.8   356.2   382.3   445.1  1884.3  3064.2  21048.0    21095
read      273.1   103.8    80.4   139.6   154.4   266.0   316.0   339.1   356.1   376.0   399.6   433.5   508.6   869.7  1873.9  44311.0    43996
read      239.2    69.9    93.8   159.6   172.4   233.9   259.2   272.5   282.3   292.9   308.6   333.3   389.9   826.0  3018.1   8941.0     8918
read      268.7    78.9    93.8   159.1   175.6   269.5   300.0   315.4   326.2   338.9   355.0   380.2   441.9   632.6  2094.5  19383.0    19346
read      296.7   169.3    80.4   137.1   153.3   272.7   332.6   365.5   389.6   418.5   455.2   509.2   771.8  1982.0  3049.4  47635.0    48373
read      317.5   235.3    80.4   131.9   147.5   263.2   332.6   380.3   418.6   467.0   530.7   650.3  1093.9  2753.3  5237.3  72082.0    72207
read      299.3   221.9    80.4   133.3   149.0   264.4   327.4   366.7   395.1   428.2   467.4   529.9   736.3  3295.2  7037.9  57853.0    57914
read      329.2   272.6    80.4   132.6   148.0   260.8   331.0   383.4   430.4   492.0   571.7   722.5  1289.7  3054.5  7611.2  78815.0    78645
read      222.3    63.6   101.3   151.2   162.0   215.6   238.8   251.2   260.4   270.9   284.8   305.6   374.1   855.6  1936.3   6665.0     6581
read      274.8   107.6    93.8   147.6   163.9   271.2   310.7   330.1   343.1   361.3   384.0   417.4   508.1  1154.6  1997.9  25459.0    25723
read      271.0   118.6    93.8   150.0   165.3   265.0   301.5   320.0   333.8   348.6   369.9   401.0   496.1  1761.0  2986.1  21789.0    21861
read      333.2   375.3    74.4   134.2   151.5   259.1   314.1   347.1   375.8   411.9   469.8   657.0  2073.9  3941.4  7830.3 102202.0   102729
read      262.3    85.1   101.3   158.6   175.7   260.3   288.1   302.1   312.4   323.7   341.3   370.6   437.2  1351.7  2352.2  15354.0    15233
read      257.7    70.5   101.3   158.6   173.9   258.0   285.5   299.3   309.6   320.0   336.3   361.1   421.1   596.1  2012.5  14839.0    14904
read      287.5   130.8    80.4   139.7   155.3   274.2   329.0   358.3   379.3   403.1   433.4   479.2   586.4  1177.2  2766.2  44021.0    44168
read      280.4   122.1    80.4   133.3   148.5   263.7   321.1   352.9   376.2   401.2   433.9   482.6   599.3  1005.9  2342.0  49580.0    49750
read      318.9   355.9    74.4   135.6   152.1   259.3   313.6   344.1   368.8   399.7   445.1   554.7  1830.2  4459.2  8494.2 100958.0   100878
read      252.6   104.9    80.4   127.2   141.7   232.0   285.0   312.9   333.2   357.4   388.6   434.9   547.0   883.5  1471.1  93467.0    93330
read      260.3   148.9    68.9   129.3   144.1   241.1   296.8   325.9   345.9   371.3   401.0   444.8   533.3   763.4  1708.8  75786.0    75527
read      234.0   127.9   101.3   157.6   169.1   227.0   250.6   263.5   272.3   283.8   297.0   320.5   374.5  1121.7  9739.7   6758.0     6637
read      275.0    84.6    93.8   154.7   172.5   277.8   309.9   325.4   337.0   349.7   368.9   397.6   464.7   593.5  2855.5  22380.0    22677
read      306.2   227.9    80.4   129.8   144.9   258.0   323.6   368.9   402.8   445.6   498.4   591.5  1086.1  2845.6  7094.4  69579.0    69399
read      242.8   104.9   118.1   158.6   172.4   237.4   263.6   277.0   287.4   297.8   313.8   338.1   398.7   842.4  7569.7   9446.0     9465
read      340.2   305.1    74.4   132.9   148.8   261.1   328.6   377.7   422.0   487.1   598.6   818.2  1541.3  3723.5  7129.6  80992.0    81491
read      301.4   252.1    80.4   130.0   144.4   257.0   323.2   366.3   398.8   435.5   485.5   564.9   833.9  3871.4  7673.7  68602.0    68604
read      327.7   307.1    74.4   130.0   144.8   250.4   317.6   368.8   414.4   476.6   566.8   751.5  1365.6  4134.4  7561.7  86630.0    86719
read      282.1   145.0    80.4   130.9   146.1   260.9   318.9   351.9   376.9   404.3   435.1   485.9   681.8  1813.1  2646.1  48257.0    48219
read      326.3   366.7    74.4   132.0   148.7   254.8   309.6   342.6   369.8   403.7   455.4   598.5  1932.2  3900.7  7766.0 105228.0   105020
read      264.8   117.2    80.4   130.6   145.7   242.5   298.1   328.1   350.0   375.9   406.7   457.3   611.8  1130.6  2205.6  79669.0    79027
read      276.6    86.7    86.8   148.7   164.3   276.8   318.5   338.8   353.0   369.8   390.9   421.2   487.9   612.6   684.8  33577.0    33669
read      247.9   121.1   101.3   163.4   176.6   241.0   266.7   280.0   289.6   300.4   315.6   340.4   404.3  1310.2  7583.2   9222.0     9087
read      282.9   125.6    86.8   146.3   162.2   276.7   318.5   340.7   358.0   378.3   401.7   438.7   570.8  1459.7  4194.4  28689.0    28486
read      296.6   171.9    74.4   143.4   160.0   279.2   332.0   361.1   382.5   406.6   433.5   481.4   687.5  2290.2  7150.1  36917.0    36839
read      290.7   155.5    74.4   137.2   152.8   270.8   328.9   362.4   386.9   413.7   445.6   493.5   609.4  2340.6  3183.8  46399.0    46303
read      284.1   114.9    86.8   150.2   165.8   278.1   321.3   343.2   360.7   380.1   401.2   433.3   531.2  1549.1  2528.8  29484.0    29630
read      290.0   176.2    80.4   129.7   145.2   260.2   322.8   361.3   388.4   418.3   458.0   518.9   739.5  2369.8  4187.9  58573.0    58735
read      262.8    79.4    93.8   158.3   174.1   260.5   290.4   305.7   316.3   329.7   345.5   374.2   448.4  1136.1  1775.9  15759.0    15717
read      276.7   157.6    80.4   127.0   141.2   253.8   313.5   345.4   370.5   397.2   430.1   480.5   631.1  2244.9  3418.7  53924.0    54660
read      387.0   485.0    80.4   138.5   156.5   275.8   340.0   384.7   421.9   478.9   596.1   948.4  2946.0  5284.1  8060.0 100397.0   100453
read      255.4   103.7    74.4   128.1   142.0   235.8   290.2   318.4   339.0   364.4   395.0   436.5   545.8   818.1  1314.4  83987.0    84114
read      266.5    99.3    80.4   135.1   151.0   258.8   310.0   334.4   350.8   370.3   393.3   425.7   495.1   652.2  1838.1  47425.0    47655
read      258.3   121.5    74.4   127.9   142.4   239.9   296.6   324.5   344.3   368.0   397.1   436.9   536.1   782.2  1705.4  71569.0    71572
read      255.8   112.4    80.4   128.9   143.4   235.8   287.4   314.3   334.0   357.8   389.5   436.2   573.5   942.9  3120.1  97464.0    97243
read      260.3   131.1    80.4   132.3   147.6   240.6   289.7   316.2   335.9   359.6   390.9   436.7   577.7  1277.5  3974.1 109389.0   109600
read      262.5   143.8    80.4   130.9   146.1   239.2   291.4   318.9   339.5   364.8   397.0   447.6   588.2  1943.9  3681.9  97852.0    97814
read      270.3   101.9    80.4   137.1   152.5   265.2   316.3   339.3   355.6   374.1   396.7   428.6   495.6   595.1  3103.9  46779.0    46973
read      269.7   110.6    80.4   135.0   150.2   260.8   315.2   340.1   358.0   378.2   401.6   436.4   509.3   654.3  1016.2  52123.0    52430
read      229.1    52.8   101.3   154.4   167.3   224.3   248.7   261.5   270.1   280.4   293.6   315.5   369.6   603.2  1041.1   7274.0     7146
read      270.8   553.3    74.4   129.3   143.9   244.8   301.6   329.3   348.3   372.8   399.9   439.9   531.6   960.6 33470.4  63635.0    64613
read      234.6    78.0   109.4   158.8   170.6   229.0   252.8   266.0   274.5   285.9   297.9   320.9   394.4   627.1  3824.2   8202.0     8185
read      271.5   157.7    80.4   132.4   148.0   244.4   296.5   325.5   346.8   373.8   411.1   466.3   758.9  1905.4  3641.5  91418.0    91736
read      271.4   101.3    80.4   137.8   152.7   262.4   316.8   341.8   359.6   379.6   404.1   436.5   509.8   669.9  1816.0  50028.0    50530
read      267.8   180.2    74.4   129.1   143.7   237.9   290.8   318.7   339.6   365.5   399.1   457.1   769.4  2333.5  4760.9  99690.0    99806
read      265.4    74.9    80.4   152.7   168.6   267.6   300.8   315.7   326.5   339.3   356.2   382.7   436.4   580.1  1356.2  22926.0    23088
read      272.1    90.0    80.4   141.6   157.2   270.6   317.2   338.4   353.0   370.0   392.6   423.2   485.1   603.5   741.4  39454.0    39498
read      230.2    71.1    86.8   159.1   170.6   224.6   247.6   259.5   268.5   278.5   292.4   315.0   368.4   593.0  3145.0   7284.0     7321
read      261.3   104.1    80.4   129.7   144.1   242.4   298.9   329.1   350.3   376.1   405.8   448.1   540.9   794.1   977.0  70004.0    70463
read      267.2   100.3    80.4   134.5   149.7   255.6   310.6   336.9   355.9   377.9   403.1   435.6   505.8   686.9  1992.7  55842.0    55826
read      268.0   135.5    80.4   132.2   147.4   247.6   305.0   335.2   356.9   382.2   411.8   455.6   556.5   980.3  4676.1  68682.0    68597
read      266.0   132.2    74.4   130.3   145.4   241.5   295.7   324.6   346.2   373.7   407.5   459.8   673.4  1499.4  2018.9  83571.0    83723
read      265.4   163.6    74.4   130.4   145.6   239.6   292.4   320.0   341.1   367.4   400.3   453.5   650.4  1900.6  5052.9  94059.0    93939
read      242.9    72.7   109.4   156.1   170.9   239.7   264.9   277.7   287.3   296.9   312.4   336.7   413.5   612.5  2336.6  11108.0    10956
read      270.7    94.3    80.4   138.8   154.1   267.8   316.0   338.0   353.2   371.0   393.0   424.4   497.3   642.3   806.7  42924.0    43150
read      262.7   103.1    74.4   130.6   145.4   249.1   304.8   331.8   350.3   373.1   399.6   435.9   515.8   695.2  2109.6  61067.0    61224
read      257.3   101.2    74.4   128.5   142.8   238.9   295.6   324.3   344.1   369.5   397.8   436.9   530.5   716.3   913.8  72388.0    72370
read      257.4   108.4    74.4   127.9   142.3   238.5   294.2   322.4   342.8   367.1   398.9   440.9   534.0   844.5  1279.4  74826.0    75062
read      257.5   102.2    80.4   126.9   141.7   241.7   296.8   324.6   344.2   368.3   396.2   435.4   519.8   703.5  1355.8  65918.0    66006
read      256.8   111.6    80.4   129.8   144.4   237.4   287.3   313.8   333.8   358.6   390.3   436.1   564.3  1132.7  2034.8 103945.0   103596
read      257.7   109.8    74.4   129.1   143.7   237.5   291.0   318.7   339.1   364.9   395.4   440.5   561.9   935.5  2461.7  91904.0    92033
read      243.5    73.9    93.8   157.7   172.2   240.0   265.9   278.5   288.0   297.5   313.8   338.6   402.7   608.4  3352.9  10664.0    10484
read      286.0   202.8    80.4   136.3   152.3   254.3   306.5   336.6   359.0   386.0   422.8   489.7   939.1  2296.3  7462.2 101326.0   101797
read      266.1   131.5    74.4   131.9   146.7   243.6   295.3   323.1   343.9   369.8   402.1   454.7   662.6  1649.3  2195.3  92993.0    93004
read      266.6   101.3    74.4   132.3   147.6   254.6   309.0   335.7   354.9   378.4   404.3   441.6   524.9   689.4  1069.5  55179.0    55072
read      269.1   132.7    80.4   133.4   148.7   246.8   298.5   326.5   346.9   373.4   405.3   458.4   681.2  1439.9  2928.8  97492.0    97279
read      269.6   159.1    80.4   131.4   146.3   242.6   298.2   328.6   350.7   378.5   412.4   465.1   689.9  1800.5  4976.5  82116.0    82336
read      267.5   136.1    80.4   131.6   146.9   244.2   296.2   324.9   346.0   372.2   406.7   460.9   683.1  1280.9  2343.3  94762.0    94577
read      271.0    87.3    80.4   152.1   168.1   272.6   306.8   323.0   335.4   348.3   366.9   397.1   466.2   736.9  2120.4  24870.0    25009
read      275.9   159.6    80.4   133.6   149.2   249.7   302.2   331.1   352.5   379.6   414.7   470.3   781.3  1976.0  2920.2  99065.0    98952
read      263.6   102.3    80.4   131.4   146.3   247.9   305.7   333.8   353.5   377.4   402.7   441.8   524.5   730.0  1135.9  61940.0    62113
read      266.7   159.3    74.4   131.7   146.9   243.5   295.4   323.4   344.4   369.9   403.6   457.2   651.7  1664.0  3401.9  90627.0    90099
read      267.9   134.8    74.4   133.3   148.8   254.9   309.1   334.1   350.9   370.4   397.0   435.0   520.0  1184.7  4201.2  54086.0    54206
read      267.6    92.5    80.4   140.6   156.2   267.2   309.7   329.5   342.6   359.5   379.8   408.4   476.8   641.6  1954.9  36292.0    36396
read      262.7   101.0    80.4   130.8   145.3   248.4   305.0   332.1   351.0   374.0   400.2   438.4   523.0   708.2   872.3  61124.0    61074
read      257.4   106.9    74.4   127.7   142.0   240.0   295.5   324.0   343.8   367.7   397.4   437.9   526.5   686.5  1884.7  70344.0    70494
read      267.2    95.3    80.4   138.2   153.8   263.3   311.3   333.1   347.3   364.6   386.2   419.4   489.2   603.2  1976.4  44004.0    44168
read      264.8   102.5    80.4   132.9   148.1   252.6   307.7   334.0   352.0   373.4   398.7   433.2   509.8   699.3  1925.8  57358.0    57463
read      258.9    98.1    80.4   129.3   144.1   245.7   300.0   326.4   344.4   366.8   394.5   433.8   511.0   627.5   808.1  60377.0    60314
read      255.0   106.2    74.4   129.5   144.2   236.5   287.7   313.9   333.3   356.5   386.5   432.3   549.7   928.6  1704.6 105440.0   105044
read      263.0   107.2    74.4   130.8   146.0   247.6   303.7   331.4   350.6   373.7   400.1   439.3   522.0   710.8  2305.2  64047.0    63992
read      261.5   104.1    74.4   129.5   144.2   245.4   303.2   331.4   350.6   373.4   401.5   439.9   518.4   641.7  1146.9  64718.0    64734
read      271.9   157.6    80.4   140.4   155.0   265.8   311.0   331.7   344.9   361.6   381.5   412.5   486.0  2806.4  4859.2  38406.0    38524
read      266.6    80.7    86.8   152.2   168.7   268.7   301.6   317.0   328.3   340.8   358.5   386.1   442.3   560.6  1174.2  23249.0    23279
read      267.2   141.9    74.4   129.3   144.4   242.3   293.9   321.8   343.0   369.9   402.6   460.2   767.2  1677.0  2254.1  95310.0    96010
read      263.7   108.4    74.4   130.6   145.3   245.2   302.4   331.6   352.2   377.2   406.6   448.8   550.0   817.9  1910.3  68384.0    68478
read      262.7   106.1    80.4   130.2   144.6   243.6   300.7   330.8   352.1   377.7   408.1   452.4   547.0   801.4   943.0  71214.0    71493
read      274.3    90.4    86.8   143.1   159.1   273.2   319.1   341.0   356.3   372.8   393.7   423.7   493.0   598.3   876.5  39583.0    39521
read      259.5   106.3    80.4   128.5   142.6   239.9   296.3   325.5   346.2   372.4   401.6   445.1   544.5   876.9  1435.1  73573.0    73637
read      269.4   133.1    86.8   137.5   152.2   262.2   312.9   336.6   353.3   373.1   396.6   430.2   502.5   671.3  1540.3  46395.0    46296
read      274.8    79.0    74.4   153.5   170.5   277.1   313.2   330.6   341.9   356.4   373.7   401.6   468.4   599.3   953.0  26197.0    25879
read      250.8    65.5   101.3   160.7   175.2   250.0   275.6   289.6   298.6   310.0   321.7   343.8   400.8   578.4  2009.2  11829.0    11714
read      267.5   152.2    74.4   131.0   145.9   241.6   294.5   323.3   344.0   370.7   402.7   456.6   720.6  2065.3  3502.6  89576.0    89519
read      258.9   107.6    80.4   129.0   143.4   240.9   297.6   325.4   344.8   368.9   398.2   439.4   531.4   749.9  1804.9  71602.0    71339
read      261.3   101.0    80.4   129.0   143.9   246.7   302.5   330.5   349.9   373.6   400.0   436.7   523.3   673.2   930.4  63740.0    63633
read      266.5    76.5    93.8   156.1   173.8   268.4   298.5   313.4   323.2   336.0   350.5   376.3   434.0   543.5  3003.9  19067.0    18929
read      264.0   125.3    80.4   130.9   145.9   244.8   302.3   331.0   350.8   374.0   402.8   444.9   544.1   986.1  2924.6  69218.0    69661
read      233.8    55.3   101.3   155.1   168.2   229.3   253.4   266.7   275.3   287.0   300.3   327.3   393.2   604.9   953.3   8691.0     8686
read      262.3    83.6    86.8   154.0   169.8   263.1   292.7   308.1   318.1   331.4   346.2   374.0   432.9   877.2  3108.6  20638.0    20828
read      259.7   103.6    74.4   129.2   143.9   243.2   300.2   327.7   346.6   370.1   397.8   438.1   526.7   731.9  1272.0  68475.0    68811
read      268.1   129.8    74.4   135.2   151.1   249.1   297.8   324.8   344.7   369.1   400.2   452.4   606.0  1488.2  2637.3 108213.0   108532
read      257.4   115.4    80.4   129.9   144.7   238.1   289.5   316.0   335.8   359.9   391.1   438.2   552.7  1015.3  3383.3  97399.0    96969
read      264.8    79.9    86.8   150.7   167.7   264.0   296.4   312.9   324.1   339.2   358.8   389.3   466.0   592.1  1721.3  21930.0    21773
read      260.1   129.5    74.4   128.4   142.7   237.1   289.7   317.9   339.3   365.0   397.4   448.3   613.6  1548.9  3488.9  90351.0    90731
read      265.1   108.9    74.4   131.3   145.9   248.2   305.0   334.2   354.4   376.7   404.3   447.1   546.6   852.4  1831.4  63905.0    63998
read      266.2   115.6    86.8   131.4   146.5   248.7   306.5   334.8   355.1   379.6   408.5   454.0   552.3   808.0  1969.7  64448.0    64446
read      276.0    86.0    86.8   150.3   165.9   278.4   318.0   336.7   349.1   364.9   383.9   411.1   463.1   553.7  1013.9  31989.0    32180
read      264.4   140.2    80.4   129.4   144.2   241.0   297.9   328.5   349.2   374.9   404.6   453.5   621.5  1202.6  7066.3  75770.0    75461
read      265.8    98.6    80.4   134.3   149.6   255.7   308.5   334.4   352.4   373.8   398.0   432.8   513.3   641.7  1175.2  51503.0    51464
read      269.4   108.5    80.4   136.4   151.8   261.4   312.7   337.2   354.4   374.0   397.4   430.5   504.8   909.1  2826.7  47459.0    47445
read      243.7    62.3   101.3   156.0   170.6   240.6   267.4   281.2   290.7   301.6   315.8   340.5   401.3   562.7  1943.7  12343.0    12315
read      275.4   179.6    80.4   131.7   147.1   246.7   297.8   326.6   347.6   374.3   411.1   470.4   841.9  2260.5  3181.4  98479.0    98965
read      277.0   196.7    74.4   129.7   143.9   245.1   302.4   332.5   354.8   381.7   415.8   470.1   805.7  2865.3  4523.9  71224.0    71412
read      268.9   106.3    80.4   136.3   152.2   262.4   313.0   336.1   351.8   370.4   392.8   424.7   496.9   784.7  3080.0  45421.0    44818
read      261.9   106.3    80.4   128.9   143.8   245.1   302.3   331.1   351.1   375.0   402.7   443.5   536.3   738.1  2113.3  65306.0    65032
read      243.4    81.4   101.3   156.1   170.8   239.3   265.3   278.3   288.1   298.3   314.0   338.8   410.0   625.9  3914.9  10390.0    10162
read      266.4    94.9    80.4   134.1   149.9   261.0   309.9   333.8   350.2   370.1   393.8   427.4   497.3   627.4  1110.1  46709.0    46718
read      253.3   104.3    74.4   126.5   140.8   234.0   288.5   316.1   336.3   360.5   391.3   434.7   534.8   893.3  1416.1  81908.0    81555
read      255.0   103.6    74.4   128.9   143.2   236.2   288.3   315.9   336.1   360.2   391.1   435.7   543.0   860.4  1468.9  92892.0    93247
read      270.3    92.0    74.4   139.0   154.6   267.3   315.7   337.5   352.4   369.9   392.8   425.7   491.3   626.8   787.8  44067.0    44331
read      259.6   105.9    80.4   128.4   142.8   242.3   299.7   328.1   347.9   372.0   400.7   440.5   525.9   769.0  1580.3  68311.0    68373
read      261.6   124.7    80.4   131.0   146.0   240.5   292.3   319.5   340.0   365.5   397.5   445.8   586.0  1354.6  2882.5  99784.0    99824
read      254.3    82.7    93.8   160.3   175.5   251.3   277.9   291.7   301.5   313.5   329.2   357.1   422.1   946.2  1992.1  12964.0    13056
read      265.8   110.8    80.4   131.1   145.8   248.8   304.6   333.3   353.8   378.5   409.1   454.7   561.4   816.5  1958.3  65202.0    65920
read      270.9    83.5    86.8   148.8   165.6   272.3   309.4   327.0   338.8   352.5   370.5   400.8   466.4   572.5  2049.0  28499.0    28566
read      274.8    93.2    86.8   152.8   169.5   276.4   311.0   328.0   339.5   353.6   372.4   402.2   471.2   622.6  2877.7  25192.0    25078
read      259.7   124.7    80.4   128.6   142.9   237.2   290.8   318.8   339.9   365.0   396.7   445.3   591.2  1419.1  2249.5  88923.0    88903
read      277.9   179.5    74.4   133.3   149.3   249.5   301.4   330.5   351.9   378.1   412.8   470.7   751.8  2670.6  3774.7 108763.0   108661
read      265.8   124.3    80.4   131.0   145.5   246.7   305.2   333.7   353.6   376.7   405.0   449.3   553.1  1134.7  2958.4  64773.0    64992
read      265.7   123.5    80.4   130.5   145.3   243.1   298.6   328.9   351.0   378.0   409.1   459.5   627.3  1117.3  2551.1  76966.0    77433
read      262.8    65.6    93.8   161.5   177.4   262.8   290.8   305.6   315.5   328.0   343.8   371.6   433.5   567.7   683.0  16089.0    15971
read      266.0    82.5   101.3   159.3   176.7   266.1   295.6   310.2   319.4   332.6   346.8   376.8   442.4   628.7  3130.7  16949.0    16899
read      387.6   422.7    80.4   137.5   154.5   274.6   349.4   408.0   463.2   548.0   701.4  1010.2  2032.4  4967.6  8056.6  84650.0    84638
read      275.5   135.8    80.4   138.4   153.2   265.1   312.8   337.5   355.9   377.7   403.2   438.9   535.7  2087.1  3188.1  35522.0    35480
read      347.8   451.3    80.4   133.6   150.4   263.9   321.5   357.4   386.4   426.6   492.0   660.7  2556.9  6334.8  8710.2  97376.0    97273
read      255.9   102.6    80.4   127.7   142.3   237.6   292.0   319.8   340.5   364.8   394.4   437.7   537.3   725.4   930.8  79058.0    79139
read      271.8    76.5    86.8   152.1   168.7   276.0   309.4   325.5   336.9   349.3   368.3   395.7   450.3   545.0   739.4  25141.0    25297
read      258.3   112.7    74.4   130.0   145.1   239.8   290.2   316.7   336.5   360.4   391.5   437.5   564.8   968.8  2865.6 101609.0   102339
read      258.6   107.2    74.4   127.4   141.2   240.7   296.4   324.7   344.2   369.0   399.4   444.5   548.4   861.0  1469.5  72493.0    72458
read      254.0   109.2    68.9   126.2   140.3   233.6   287.6   315.1   334.9   359.0   390.3   436.3   560.8  1075.5  1641.9  90329.0    90171
read      259.1   110.6    80.4   131.0   146.2   239.9   289.3   315.9   335.4   359.3   391.8   439.0   588.6  1094.0  2039.7 108566.0   108648
read      268.1   110.7    80.4   134.2   149.5   259.3   311.1   336.3   353.8   373.6   398.6   435.0   506.9   679.5  4807.9  50715.0    50499
read      264.8   150.3    80.4   131.0   145.9   242.1   291.8   318.4   338.4   362.7   394.7   449.1   653.3  2091.6  4191.5 102636.0   103049
read      265.8    90.5    86.8   138.2   153.3   264.4   308.8   329.2   342.7   360.8   383.0   415.1   485.2   594.5   873.6  39992.0    39793
read      264.8    78.5    86.8   153.0   169.4   265.0   298.1   314.3   325.4   338.5   355.6   384.2   445.8   600.1   692.5  21345.0    21064
read      273.5   100.3    80.4   140.7   156.1   269.0   315.7   338.3   354.2   372.7   397.3   432.8   508.5   674.5  2856.9  40644.0    40595
read      269.0   115.8    74.4   132.4   147.2   250.0   306.6   336.5   358.3   383.3   413.9   459.6   591.7  1043.8  1626.9  66145.0    66094
read      269.9    71.3    93.8   159.1   176.7   271.5   301.3   316.4   327.7   341.0   358.5   384.7   442.1   593.0  1001.1  19443.0    19325
read      253.2    71.6    93.8   161.4   175.9   252.6   279.5   293.0   302.9   314.3   328.7   349.5   403.6   507.2  1246.1  13941.0    13925
read      296.1   248.0    74.4   123.6   137.9   246.3   311.3   353.6   388.9   429.9   483.3   576.4  1032.0  3607.6  7513.2  71653.0    72470
read      281.7   188.0    74.4   124.4   138.9   243.4   306.6   346.0   378.5   416.5   462.1   532.0   747.6  2535.6  3952.2  73750.0    73495
read      360.6   399.9    80.4   131.9   148.3   265.2   336.6   391.7   437.2   501.4   597.3   847.9  1926.9  5036.8  7831.6  86716.0    86683
read      284.1   208.0    80.4   122.9   137.0   243.6   307.7   346.2   377.5   416.2   462.6   535.6   856.3  2790.9  5676.2  68386.0    68819
read      286.3   259.0    86.8   139.5   155.0   265.4   305.2   325.1   340.3   359.3   384.6   430.1  1016.5  3807.0  8890.2  27158.0    27253
read      283.7   208.6    80.4   130.0   145.0   243.1   295.1   323.8   346.1   375.1   420.0   521.1  1172.9  2459.1  3981.1 105010.0   105279
read      258.8    74.3    80.4   145.5   162.1   258.2   291.4   308.7   320.1   334.8   352.2   383.8   448.2   575.6   935.1  23600.0    23628
read      254.0   114.2    74.4   126.6   140.9   234.4   288.1   315.1   334.7   357.9   388.0   433.1   546.7  1110.9  1920.7  86166.0    86180
read      260.4    76.6    80.4   143.1   158.8   262.3   298.0   314.5   326.2   340.3   359.0   387.5   445.7   547.8   703.4  28203.0    28305
read      261.3   104.5    80.4   135.9   151.0   260.5   304.8   324.7   338.3   353.8   373.0   402.4   461.7   566.5  1497.0  40012.0    39975
read      276.8   106.0    80.4   137.5   152.9   270.8   320.5   344.5   363.1   384.6   410.8   449.2   537.4   760.3  2454.3  39344.0    39392
read      244.5   106.6    93.8   157.2   171.9   240.4   267.6   281.6   291.1   301.9   315.4   338.4   390.1   591.5  6239.2   9275.0     9232
read      278.9   112.9    80.4   132.9   148.3   264.8   320.4   352.1   375.7   400.6   432.0   477.7   580.4   831.5  1260.5  49700.0    50310
read      290.0   176.9    74.4   128.3   143.0   250.5   314.2   355.2   390.1   433.0   490.9   577.3   797.6  1381.1  5093.7  78385.0    78444
read      316.7   227.4    80.4   130.9   146.6   251.1   314.0   359.8   402.5   470.5   574.0   751.9  1172.5  2014.3  2982.7  92723.0    92684
read      275.6    97.8    86.8   138.6   154.5   271.7   317.0   340.9   359.0   379.8   403.9   440.6   519.3   672.4   929.3  34053.0    33919
read      244.5    79.5    93.8   156.7   170.8   239.3   266.3   280.6   290.9   303.0   318.0   342.2   399.4   979.9  3117.4   9586.0     9652
read      296.1   164.1    74.4   130.3   145.4   251.8   315.1   359.4   397.3   447.0   514.6   626.9   871.6  1236.4  1490.2  83751.0    84235
read      299.8   196.3    74.4   129.3   143.8   247.3   309.4   352.0   392.7   449.0   527.6   661.5   971.5  2020.9  2539.0  89630.0    89236
read      275.8    98.0    80.4   139.6   155.4   271.2   317.0   341.6   360.2   380.8   403.5   438.8   509.7   835.6  1169.7  34932.0    35182
read      277.8   101.1    93.8   144.0   160.8   276.3   318.1   340.3   356.2   373.5   397.9   430.9   501.3   618.6  3494.7  29858.0    29868
read      281.9   129.0    80.4   129.1   144.2   256.4   317.7   355.4   384.6   418.2   461.3   524.6   668.8   970.8  1258.2  64648.0    65163
read      252.2    71.1    93.8   155.4   171.0   250.1   278.5   293.5   304.2   316.0   332.4   359.6   424.6   629.8  2099.4  12319.0    12137
read      285.4   151.0    74.4   130.3   145.1   259.6   320.8   357.9   385.7   418.1   459.2   520.9   675.2  1201.4  3907.4  61775.0    61980
read      282.2   137.3    68.9   128.5   142.9   253.0   315.9   353.7   383.7   419.6   465.5   533.8   692.5  1135.1  2136.4  68877.0    68692
read      347.5   429.2    80.4   136.4   154.0   265.7   319.7   353.0   379.3   414.3   469.2   624.1  2825.9  3881.3  8107.0 108646.0   107979
read      273.1   121.4    80.4   138.8   155.3   266.3   314.6   337.0   352.7   371.6   394.3   428.0   502.1  1360.0  4156.8  44299.0    44697
read      270.1    72.5    86.8   157.0   173.9   273.8   304.3   318.6   329.7   341.7   359.3   386.2   435.1   544.6  1230.5  21160.0    21036
read      255.2   105.4    74.4   126.9   141.5   235.3   288.6   316.5   336.9   361.9   393.4   438.6   554.0   899.6  1364.1  89349.0    89648
read      266.9    88.1    80.4   140.0   155.7   265.6   308.5   328.5   341.9   359.1   380.5   412.1   480.6   630.8  1226.3  38076.0    38068
read      271.2    79.0    86.8   153.6   170.5   273.2   304.9   320.2   333.0   346.1   367.0   397.1   469.9   591.9  1917.6  23700.0    23853
read      258.8   114.0    80.4   130.2   145.4   239.2   291.0   318.5   338.5   362.7   393.9   440.0   564.6  1085.8  1996.9  94405.0    94618
read      257.7   114.1    74.4   127.4   142.0   237.6   292.7   321.0   341.2   366.5   398.9   444.6   545.9   868.4  2348.3  79351.0    79614
read      273.4    84.8    86.8   154.6   171.8   276.8   309.4   325.3   336.6   348.5   367.0   394.6   451.4   596.2  3123.1  24556.0    24378
read      255.2   106.3    74.4   128.2   142.4   235.9   290.0   317.7   337.5   361.0   391.2   436.2   541.4   895.9  1242.8  84312.0    84735
read      258.2   109.3    80.4   128.6   143.5   239.1   291.4   318.5   338.7   363.5   395.0   445.1   571.8   995.2  1606.3  90569.0    90499
read      269.5    96.8    80.4   139.2   154.8   263.9   312.4   335.4   351.1   369.7   392.7   426.3   496.5   625.7  1667.2  46109.0    46515
read      266.7    66.9    93.8   161.4   177.3   268.8   296.8   311.3   320.3   333.2   346.5   373.5   438.3   558.1   899.7  18787.0    18830
read      255.0   109.2    74.4   127.7   142.0   234.0   288.9   317.5   338.0   363.2   393.9   436.9   543.7   894.1  2243.5  82607.0    83245
read      274.9    94.4    74.4   145.4   161.8   273.4   316.0   336.8   351.2   369.0   390.8   422.5   490.1   593.5  2102.9  37841.0    38103
read      257.1   102.5    74.4   128.2   142.9   238.8   293.2   321.6   342.1   367.0   397.8   441.2   533.5   839.8  1071.7  78202.0    78351
read      244.8    68.1   101.3   157.2   172.5   242.1   267.8   280.8   290.1   300.5   315.3   340.1   406.1   603.4  2169.2  11876.0    11883
read      255.7   103.1    74.4   128.1   142.3   237.1   291.8   319.6   339.8   363.6   393.2   436.8   534.2   783.9  1920.7  81567.0    82546
read      265.5   117.2    80.4   133.0   148.5   254.8   309.4   334.2   350.7   370.1   394.0   428.7   500.6   682.7  4261.2  53433.0    53356
read      261.0    82.9    86.8   149.1   165.5   262.3   293.7   309.3   319.3   333.0   348.4   376.1   432.3   588.6  2134.9  21947.0    21606
read      259.3    74.4    80.4   155.1   172.2   259.4   288.4   303.1   313.6   325.8   342.1   367.0   426.7   595.7  3030.4  16857.0    16566
read      281.1   128.6    80.4   132.8   148.4   262.3   321.4   354.4   378.8   406.6   440.9   493.3   591.4   930.5  3269.5  52778.0    53192
read      316.6   337.8    74.4   137.0   153.2   259.5   313.0   343.6   368.7   399.4   446.2   554.5  1820.4  3750.1  7793.1 109071.0   108883
read      227.6    55.0    93.8   154.2   166.7   222.5   246.4   259.0   267.6   276.7   291.1   313.5   378.1   591.4  1650.1   7432.0     7366
read      253.3   103.7    74.4   127.8   142.3   234.6   285.9   312.8   332.5   356.4   387.7   432.4   545.0   906.3  1896.4  93747.0    94850
read      255.9   108.2    80.4   128.6   143.1   235.8   288.3   315.8   336.0   361.1   393.6   437.8   555.2   958.9  1575.8  93728.0    93630
read      257.4   101.5    74.4   128.0   142.6   239.2   294.4   323.0   343.6   368.4   398.6   441.1   535.7   752.5   995.5  74120.0    74411
read      271.2    96.8    80.4   139.6   155.2   268.0   315.8   337.6   352.9   371.2   393.6   426.2   497.9   619.6   784.6  44040.0    44291
read      261.6    87.1    86.8   154.5   170.6   262.8   291.6   305.9   315.3   326.8   342.0   368.7   426.4   639.2  3036.3  18183.0    18140
read      274.6   115.8    80.4   133.7   149.5   262.9   316.7   343.4   364.7   387.9   414.9   456.1   547.7   777.6  2847.0  46300.0    46406
read      280.7   142.9    74.4   126.4   140.6   246.7   309.9   348.6   381.7   420.9   469.9   543.8   749.4  1189.6  1692.3  76681.0    76568
read      277.2   134.1    80.4   127.6   142.0   250.5   311.7   346.8   376.8   411.7   453.6   516.1   661.1  1024.5  3060.1  67482.0    67484
read      279.6   131.4    80.4   128.2   142.8   250.7   314.1   351.0   381.2   417.1   461.7   527.8   677.5  1012.8  1455.2  70221.0    70037
read      280.4    89.0    80.4   148.4   164.8   280.5   321.4   342.2   357.4   373.9   397.1   430.5   495.9   630.3   886.2  28196.0    28245
read      299.1   235.5    74.4   128.9   143.5   243.2   302.7   340.8   374.9   422.7   498.5   653.8  1076.3  3115.7  5051.0  96161.0    95855
read      252.9   131.6    74.4   127.5   141.4   232.5   284.2   311.9   332.3   357.1   389.1   434.5   540.9   873.4  7143.7  95161.0    94882
read      256.7    64.5    86.8   157.3   173.8   257.7   284.8   297.9   308.5   319.2   335.5   361.1   424.5   556.8  1207.5  15995.0    15781
read      257.6   106.3    74.4   129.0   143.4   239.0   294.6   322.5   342.4   366.4   396.7   438.5   537.3   785.0  1583.5  76748.0    77465
read      262.5    82.6    93.8   155.8   172.4   262.8   292.2   306.7   316.1   328.1   343.5   370.9   436.0   653.2  3037.4  18135.0    18000
read      254.1   105.7    80.4   129.0   143.4   235.0   285.8   312.6   332.5   356.9   388.1   433.3   541.4   985.5  2103.5  99080.0    99573
read      257.3   132.1    74.4   128.9   143.4   236.1   287.3   314.5   334.4   358.2   390.1   437.9   563.4  1501.1  3146.9  99833.0    99265
read      257.2   105.6    74.4   127.3   142.0   238.6   292.4   321.0   341.8   366.8   398.5   447.8   540.2   728.0  2784.3  75238.0    75628
read      269.1    85.7    93.8   154.3   171.1   270.6   302.2   317.2   328.0   339.9   356.6   385.6   450.3   691.6  2326.3  21247.0    21273
read      255.3   105.6    74.4   129.8   144.5   236.3   287.8   315.5   335.5   359.4   390.4   435.6   541.4   851.6  1473.5  99198.0    99065
read      259.8    98.3    74.4   129.8   144.5   245.6   300.3   328.4   347.2   369.8   397.2   435.4   513.1   648.1   789.1  63115.0    62986
read      253.7   103.8    68.9   125.0   139.4   235.0   291.5   319.1   339.4   363.7   393.4   434.7   528.4   707.8  1486.8  70932.0    71174
read      268.1   119.9    86.8   148.0   164.9   270.8   304.9   321.1   332.8   344.6   363.6   390.9   450.9   557.7  8871.3  26544.0    26304
read      257.7    71.8   101.3   159.2   176.2   257.5   284.1   297.0   307.6   318.4   334.5   358.6   420.8   629.0  2088.5  13651.0    13354
read      276.8   102.6    86.8   139.9   155.8   272.2   319.3   342.6   359.8   379.1   403.1   441.0   524.2   708.9  2321.2  35496.0    35658
read      280.2   108.9    86.8   139.2   154.5   272.0   324.1   350.0   370.4   393.2   419.9   458.1   537.8   873.4  2036.5  40022.0    39892
read      256.3    79.7    93.8   157.1   172.2   255.6   283.7   297.8   308.9   319.9   336.9   364.4   428.0   659.5  2675.4  14661.0    14874
read      285.2   141.4    80.4   129.8   144.4   253.9   315.7   354.4   386.4   426.4   475.6   547.3   731.3  1056.1  1951.0  71381.0    71766
read      299.1   316.4    80.4   134.9   151.2   253.8   305.9   334.6   357.5   385.9   424.8   500.0  1280.1  5736.6  7737.3 106647.0   106924
read      256.4   102.1    74.4   127.8   142.2   237.9   295.1   322.5   342.3   367.5   396.0   435.0   524.7   725.5  1106.0  69366.0    69312
read      268.9    75.4    86.8   153.0   169.7   271.9   303.1   317.9   329.4   342.1   361.6   391.4   451.9   591.4  1162.0  23008.0    23069
read      270.0    84.5    86.8   144.8   161.3   272.2   311.1   329.4   341.4   357.0   376.3   403.4   465.5   582.0  1326.9  31547.0    31532
read      253.6   100.8    74.4   129.6   144.5   235.5   285.1   311.4   330.5   353.8   384.6   429.8   542.8   907.1  1235.4 105436.0   105945
read      255.6   103.6    74.4   129.8   144.6   236.6   287.3   314.2   333.9   357.8   389.9   436.6   550.3   870.8  1165.4 100464.0   100442
read      230.1    82.6    93.8   154.0   166.1   222.3   246.8   259.9   269.3   280.5   295.1   316.8   395.4  1205.2  3851.6   7296.0     7075
read      266.2    90.5   101.3   154.1   171.4   268.1   299.4   314.3   324.6   337.4   353.4   381.8   436.2   574.2   747.9  21065.0    21318
read      262.3   119.7    74.4   132.0   147.4   242.5   292.6   319.2   339.6   364.6   395.8   444.2   585.4  1366.7  2221.2 103907.0   104020
read      254.1   109.1    74.4   126.9   141.0   235.4   290.1   317.7   337.9   362.6   392.7   434.1   524.3   722.4  3514.3  79158.0    78635
read      270.0   104.7    80.4   137.4   152.4   264.1   315.3   338.4   354.6   372.6   394.9   426.9   500.1   692.1  4094.2  46531.0    46764
read      237.1    78.0    93.8   154.6   167.9   231.2   257.6   270.7   280.2   291.5   307.0   332.4   404.2   638.7  3778.9   9706.0     9723
read      248.3    64.5    86.8   155.8   171.1   247.1   273.5   287.6   296.7   309.1   322.4   346.3   403.3   594.2  1938.3  13057.0    13017
read      278.9   111.0    80.4   137.2   152.7   269.7   321.8   349.2   370.8   393.0   419.7   461.9   545.0   719.7  2031.0  40776.0    40662
read      284.9   100.9    86.8   144.3   161.2   281.0   328.0   352.8   372.0   392.5   416.7   453.0   531.4   768.9  1570.8  34663.0    34465
read      282.3   119.5    86.8   135.9   151.1   267.5   325.3   357.3   379.6   402.9   433.4   482.4   577.2   808.8  2001.6  47009.0    46730
read      287.4   161.6    74.4   130.0   145.1   252.3   316.6   356.4   388.4   426.6   473.9   548.9   750.0  1327.9  4971.1  73250.0    73264
read      284.0   150.1    80.4   127.9   142.1   247.6   310.5   350.6   384.4   425.4   476.8   554.3   766.6  1266.9  2014.2  79526.0    79688
read      319.2   393.2    80.4   133.7   150.2   255.0   308.3   339.4   363.6   394.5   440.4   535.9  2618.6  4694.2  7980.1 109124.0   108967
read      265.0   149.8    80.4   131.3   147.1   252.3   306.6   332.5   350.4   372.2   398.2   435.9   507.9   677.1  3192.1  56695.0    56343
read      272.9    93.6    80.4   140.3   155.8   270.1   317.5   339.4   354.7   371.6   394.8   428.4   502.1   639.6   939.0  41903.0    41842
read      262.8    70.0    93.8   152.7   169.9   265.3   296.0   310.9   320.2   333.2   346.7   372.4   429.3   582.1   680.8  19817.0    19881
read      226.0    67.0   101.3   152.1   163.4   218.2   242.3   255.5   265.3   275.2   291.7   316.6   392.2   959.8  1988.9   6348.0     6107
read      280.8   114.7    80.4   139.4   155.2   272.3   323.8   349.4   368.9   390.9   417.2   456.6   540.9   932.7  3158.2  38537.0    38731
read      282.7    95.3    86.8   146.5   162.9   280.7   325.4   346.8   364.2   383.2   404.6   441.4   507.3   624.4  1805.1  31572.0    31156
read      294.4   163.2    80.4   130.5   145.5   252.3   316.4   359.4   395.8   443.9   506.1   601.2   832.2  1321.4  2813.8  80358.0    79889
read      283.1   101.5    86.8   147.4   162.9   279.9   324.9   347.0   365.1   384.6   406.6   440.8   526.7   808.8  1592.7  32021.0    31951
read      304.6   301.5    80.4   133.1   149.4   250.9   304.7   335.6   359.3   389.5   432.6   541.5  1608.7  3667.3  7728.3 104970.0   105358
read      256.0   104.1    80.4   129.8   144.9   238.2   288.5   315.0   334.4   357.6   387.7   432.8   545.9   997.8  1483.1 105056.0   104834
read      249.9    80.7   101.3   156.1   170.9   246.4   273.6   289.1   299.6   312.5   328.2   352.6   415.1   605.4  2717.2  12623.0    12457
read      255.6   101.2    74.4   126.8   141.3   237.1   294.4   321.9   341.5   364.4   393.8   437.7   534.8   704.9  1212.0  72588.0    72818
read      267.6    93.0    74.4   137.0   152.3   264.1   312.7   334.8   349.7   367.9   390.2   422.1   486.4   620.2   912.2  44477.0    44775
read      257.6    99.8    74.4   128.2   142.4   241.2   298.1   325.7   344.7   367.6   396.4   437.8   512.4   652.3   820.0  68272.0    68489
read      265.3   101.6    74.4   131.7   147.1   255.2   309.3   334.8   352.1   371.6   398.5   436.8   512.5   638.0   925.1  52631.0    52510
read      271.3   119.5    80.4   130.9   146.4   249.1   304.0   334.4   357.2   386.6   426.9   492.8   630.3   898.4  1414.5  84895.0    84955
read      260.5    67.9    93.8   159.1   174.9   260.5   288.4   302.9   313.2   324.8   341.2   368.6   435.1   620.9  1342.7  14241.0    14282
read      259.4   143.9    74.4   128.4   142.8   236.3   290.9   319.5   340.1   365.3   397.9   445.5   564.9  1890.1  4422.6  85699.0    87096
read      254.7   110.4    74.4   128.1   142.3   235.3   288.7   316.2   336.1   360.2   390.7   434.6   542.2   921.7  1702.1  90240.0    90273
read      274.5    99.0    86.8   147.0   163.6   276.0   315.2   333.6   345.4   360.9   378.7   410.5   491.8   633.1  1807.7  31207.0    31352
read      264.2    76.1    80.4   153.5   170.5   265.9   295.6   311.1   320.9   334.6   349.9   378.2   442.7   589.4  2571.9  19402.0    19469
read      230.0    57.3   101.3   153.5   165.8   224.4   249.0   262.3   270.9   281.9   295.6   320.8   386.8   663.7  1000.9   7157.0     7075
read      277.2   102.5    86.8   138.4   153.9   271.7   319.3   344.1   363.1   383.8   406.4   444.9   535.2   909.9  1438.6  35273.0    35529
read      289.2   160.2    74.4   127.5   141.7   246.3   309.0   351.1   389.4   435.6   499.8   601.8   856.3  1240.7  1609.4  84449.0    84543
read      272.9    82.1    93.8   156.1   174.1   272.1   306.1   322.2   335.3   349.3   369.5   400.1   466.6   617.5  2040.9  19747.0    19670
read      279.7    98.2    86.8   141.2   157.3   275.9   323.5   347.8   366.2   386.6   410.7   447.0   512.4   633.1  1054.3  35653.0    35779
read      287.8   150.5    74.4   129.2   143.8   249.7   312.7   353.8   389.1   434.2   490.8   575.2   793.3  1158.6  1743.2  80236.0    80767
read      290.4   173.3    74.4   128.1   142.6   245.9   310.0   351.3   387.7   433.4   494.4   590.9   883.1  1658.2  3369.2  84102.0    84436
read      287.3   216.6    74.4   133.1   149.1   249.0   300.4   330.3   352.9   382.1   422.4   503.1  1103.1  2993.5  4025.6 102900.0   102570
read      260.4   102.2    74.4   128.4   143.2   245.0   301.0   329.3   348.7   371.6   399.5   438.6   529.2   692.5  1758.0  64935.0    64539
read      269.3    81.1    86.8   153.7   170.6   270.7   303.4   319.4   331.4   343.9   363.3   391.3   448.8   594.8  2663.7  20921.0    20695
read      273.2    85.0    86.8   149.1   165.2   275.1   312.0   329.9   341.9   357.1   374.6   403.7   479.2   649.1  1390.8  29179.0    29052
read      488.3   624.2    86.8   161.8   187.0   330.3   409.5   466.5   513.7   579.6   707.3  1560.9  3504.9  7390.0  9074.6 109787.0   109606
read      253.2   100.7    80.4   127.9   142.0   234.3   288.3   316.2   336.3   360.4   390.5   433.4   532.9   753.4  1159.0  86744.0    86574
read      270.1   115.7    86.8   149.9   166.1   269.9   305.1   321.2   333.9   346.6   366.2   396.2   465.0  1033.9  2738.0  26449.0    26386
read      271.5    84.0    86.8   146.7   163.7   273.7   311.1   329.0   341.2   356.8   375.4   403.3   462.7   593.0  1959.4  30536.0    30300
read      259.4   113.5    74.4   128.0   142.3   238.0   294.6   323.1   344.0   369.0   399.4   445.0   565.8  1241.1  1823.8  78925.0    79261
read      259.8   104.6    74.4   129.5   144.1   241.3   297.4   326.6   347.6   373.1   400.9   441.8   541.8   783.7  1096.7  73182.0    72798
read      269.6    77.3    86.8   151.5   168.5   273.3   305.0   320.2   332.3   344.7   365.0   394.0   450.7   544.5  1086.4  23433.0    23763
read      271.1    95.8    80.4   137.3   152.9   266.8   316.0   338.8   355.4   374.6   397.6   432.4   503.5   617.8  1155.5  44986.0    45061
read      265.6   139.6    74.4   131.6   147.1   252.3   308.0   334.0   352.1   373.4   398.6   437.2   514.6   633.1  3963.5  57924.0    57867
read      271.9    79.8    86.8   149.7   165.7   276.0   310.9   327.7   339.6   354.0   372.3   399.6   459.9   554.9  1394.9  29216.0    28765
read      260.3   105.9    80.4   133.0   148.7   243.9   293.0   319.5   339.3   363.1   393.0   435.3   540.7   869.8  2237.6 105699.0   105615
read      254.6   100.5    74.4   129.6   144.7   238.2   287.0   312.6   331.4   354.2   384.5   430.5   543.6   847.3  1587.6 109775.0   109800
read      253.4   103.6    80.4   127.2   142.0   235.0   286.8   313.7   333.5   358.1   389.6   432.9   543.4   778.5  1276.2  92331.0    92474
read      260.6   103.3    80.4   128.5   143.3   243.0   299.2   328.6   349.3   375.6   403.1   446.1   535.9   703.2  1146.0  69652.0    69536
read      262.8   106.1    74.4   134.1   149.8   246.1   295.6   321.5   341.8   365.8   396.0   442.0   559.1   871.2  1400.6 108702.0   108847
read      273.0   138.0    86.8   140.5   156.5   269.6   312.2   332.5   346.1   363.9   385.0   416.4   496.8  1949.9  6504.4  37487.0    37648
read      259.7   128.2    74.4   130.3   145.1   239.4   290.3   317.4   337.4   362.3   394.5   442.3   579.0  1196.2  5277.4  99151.0    98797
read      257.3   103.0    74.4   128.7   142.5   240.0   296.1   324.3   344.1   367.7   396.2   435.4   519.1   714.0  2344.7  71764.0    71781
read      271.0   118.5    74.4   137.0   152.7   265.8   315.2   337.6   353.3   371.7   394.1   428.0   493.9   684.3  4529.6  44966.0    45034
read      273.7    73.3    86.8   156.4   173.5   277.3   309.5   324.9   336.5   348.7   367.3   394.1   444.7   545.6   638.5  23032.0    23060
read      258.5   111.1    68.9   130.2   145.1   239.5   291.1   318.0   338.2   363.2   395.1   442.0   560.2   873.3  3078.2  99292.0    99559
read      253.1   101.6    74.4   126.6   141.0   235.2   290.5   318.0   337.6   361.0   391.2   432.8   508.8   646.8  1580.1  78432.0    78907
read      260.9   107.8    80.4   133.4   149.1   243.1   292.2   318.5   338.8   363.1   394.1   440.8   563.0   936.0  1583.6 109451.0   109987
read      257.5   103.9    80.4   130.4   145.5   239.6   292.0   318.9   338.6   361.8   391.3   435.3   544.6   837.7  1269.1  96064.0    96463
read      259.4    68.5    93.8   160.4   176.8   261.0   287.6   300.7   310.4   320.1   336.0   359.6   419.6   538.6  1967.1  14623.0    14541
read      273.6    84.3    86.8   150.2   166.2   276.9   312.9   330.5   342.4   357.7   375.5   403.0   467.4   610.8  1744.6  30129.0    30227
read      265.2   128.2    80.4   133.6   149.5   245.6   294.9   321.1   341.5   365.9   398.2   450.7   591.3  1142.8  3364.4 109306.0   109068
read      257.2   102.1    80.4   128.7   143.0   239.9   295.0   323.0   343.0   366.9   395.8   435.5   522.6   746.1  1172.7  73589.0    73889
read      255.1   104.5    74.4   127.9   141.8   237.0   291.0   318.7   338.8   363.7   394.1   436.7   532.2   719.0  1951.3  81338.0    80825
read      258.0    99.8    74.4   131.6   146.7   241.1   291.8   318.3   338.0   362.2   392.4   436.1   540.4   779.0   996.6 101845.0   101968
read      268.8    80.4    86.8   147.6   164.2   271.7   307.7   324.2   336.8   350.5   369.4   397.7   458.4   563.5   704.0  28102.0    28070
read      255.0   113.5    80.4   128.2   142.1   234.3   287.7   315.8   336.4   361.0   391.5   434.4   546.6  1033.6  2866.6  88290.0    88127
read      253.9   102.8    80.4   128.7   142.7   234.6   287.3   315.2   335.1   359.1   390.0   434.9   543.2   850.0  1277.3  93277.0    93037
read      256.5   103.1    80.4   129.1   143.5   237.3   291.6   319.7   340.1   364.7   394.9   437.6   539.0   870.4  1401.5  85872.0    85313
read      273.7   110.7    80.4   140.3   156.4   270.5   317.7   340.1   355.0   370.7   393.3   426.0   497.0   668.6  3407.1  42632.0    42639
read      258.7   128.3    80.4   128.5   142.8   235.9   289.8   318.3   339.0   364.5   396.0   443.3   582.8  1342.4  3162.1  89253.0    89688
read      253.1   106.0    74.4   126.3   140.2   234.9   289.7   317.2   336.9   360.3   390.2   433.0   523.0   735.1  2688.9  78008.0    77922
read      268.7    91.6    80.4   138.4   153.6   266.2   314.1   336.0   350.8   368.1   390.1   422.1   484.9   617.2  1400.5  43550.0    43434
read      259.0   134.6    80.4   129.8   144.5   238.0   287.9   314.7   334.6   358.3   390.0   437.4   580.2  1897.8  3527.0 105726.0   105109
read      258.4   104.1    74.4   131.0   146.1   239.8   290.6   317.5   337.4   361.6   393.1   437.6   566.9   912.1  1237.9 104413.0   104178
read      259.7   108.5    80.4   132.6   147.9   241.2   291.5   318.6   338.6   363.1   394.1   439.2   561.7   846.5  2237.6 103549.0   103636
read      270.4    90.1    80.4   145.3   161.8   272.2   311.4   330.0   342.2   357.7   375.4   404.8   469.4   577.1  1932.0  33889.0    33841
read      260.1    99.9    80.4   129.5   144.1   244.9   301.1   329.4   349.1   372.3   400.4   439.3   510.7   639.6   854.6  65861.0    65328
read      266.2    97.5    80.4   133.9   149.3   256.5   310.9   336.6   354.2   374.2   399.2   433.5   503.8   606.9   733.3  54114.0    53849
read      255.4    71.1   101.3   160.1   175.2   254.3   281.5   294.8   305.1   316.3   331.9   356.6   414.5   624.1  2130.3  14265.0    14112
read      261.7   121.8    80.4   129.3   143.9   244.0   301.8   329.9   349.5   373.2   402.1   439.7   524.3   716.4  5157.3  65177.0    65229
read      257.0   109.2    80.4   127.7   142.1   237.3   293.7   322.5   343.1   369.1   398.2   436.8   531.6   842.9  2499.0  74051.0    74794
read      259.5   121.1    74.4   128.0   142.2   238.8   293.4   321.3   341.9   368.0   399.3   444.7   560.7  1485.9  2749.8  76217.0    76657
read      256.7   121.0    80.4   130.1   144.7   237.7   289.7   316.7   336.3   360.1   390.7   435.8   540.8   803.8  4471.9  93047.0    92562
read      256.3   101.4    74.4   128.0   142.1   237.4   292.9   321.1   341.9   366.9   398.2   442.6   537.1   710.5   854.5  79521.0    79594
read      259.0   109.4    80.4   132.6   148.0   241.8   291.4   317.0   336.3   359.9   390.7   436.2   543.7   992.8  2365.7 106263.0   106208
read      252.7   122.7    68.9   127.7   142.2   233.6   285.0   313.0   333.2   357.2   388.2   433.0   527.5   804.6  1302.2  94551.0    94770
read      263.1    80.2    86.8   153.8   171.3   264.1   294.2   309.5   319.4   332.2   345.8   372.4   445.0   567.5  3796.1  19135.0    19122
read      264.5   100.6    80.4   130.6   145.6   251.8   308.0   334.6   353.3   375.0   400.8   439.9   525.6   691.8   981.3  59942.0    60408
read      256.8   101.6    74.4   130.1   144.9   238.7   289.9   316.7   336.8   361.6   393.4   438.9   548.4   796.3  1084.2  97973.0    98371
read      262.8   100.4    74.4   130.1   144.5   249.0   306.5   333.8   352.3   374.3   401.1   438.5   520.0   658.8   863.1  61614.0    61350
read      257.5   132.3    80.4   127.8   142.1   238.1   293.0   321.6   342.5   368.3   398.7   442.3   534.6   732.7  3093.1  79035.0    78813
read      226.4    65.9   101.3   153.6   166.0   219.4   243.3   256.2   265.6   275.1   290.6   313.1   377.8   712.7  1994.2   5653.0     5604
read      256.2   106.5    74.4   128.3   142.3   236.5   291.3   320.0   340.9   366.8   397.8   442.6   533.9   751.7  1887.5  79898.0    81210
read      258.7   102.0    74.4   128.5   142.9   240.0   297.3   325.9   345.7   371.0   401.2   444.6   542.1   690.6   815.8  73591.0    73960
read      271.3    92.8    86.8   148.5   164.9   273.2   309.3   326.5   338.6   352.8   371.6   401.8   466.3   590.0  4128.8  28244.0    28059
read      228.2    67.4   109.4   155.4   166.8   220.8   244.0   256.0   265.8   275.9   292.8   317.5   388.8  1005.2  1706.3   6182.0     6090
read      283.9   143.9    80.4   130.5   145.6   255.9   318.8   356.4   386.1   420.0   460.6   525.5   676.8  1045.1  3144.6  64624.0    65353
read      280.0   115.9    80.4   132.1   147.7   262.0   321.0   355.5   381.3   408.8   443.6   494.9   587.9   755.8   921.7  55535.0    55646
read      284.8   143.4    80.4   128.7   143.5   250.7   313.5   353.9   388.6   428.6   479.2   553.1   732.3  1197.4  1705.3  75836.0    75470
read      296.2   250.9    74.4   133.9   149.8   251.6   305.2   335.7   359.8   389.5   431.1   532.1  1300.6  3028.4  7510.5 101385.0   101368
read      262.1    82.4    93.8   152.5   168.9   264.2   294.2   308.7   318.0   330.3   344.4   372.0   433.3   617.7  1496.0  20105.0    20305
read      261.1   111.9    80.4   131.8   147.1   242.3   293.0   319.6   339.3   363.6   395.5   444.0   577.5  1000.1  2304.1 100712.0   101317
read      261.2   133.1    80.4   133.5   149.1   243.1   292.4   318.3   337.8   361.6   392.2   438.1   558.1   874.2  7549.0 108730.0   108543
read      256.0    99.1    74.4   129.3   143.6   237.6   293.0   320.9   341.4   365.9   395.6   436.7   522.8   694.5   921.7  80420.0    81018
read      260.8   111.9    80.4   133.3   148.9   244.3   293.6   319.6   339.0   362.3   391.6   434.8   547.9   864.7  3071.4 106852.0   106524
read      266.0    98.2    74.4   133.5   149.0   258.7   311.7   336.1   352.4   370.3   393.2   427.3   500.7   636.0  1315.3  50715.0    50658
read      270.1    96.3    80.4   138.7   154.4   265.5   314.5   337.0   352.7   371.4   393.8   426.4   497.2   613.3  2804.1  44038.0    43791
read      257.0    97.7    93.8   159.7   175.3   257.6   284.5   297.5   307.5   317.5   332.2   353.5   411.9   545.2  2296.2  14522.0    14504
read      266.9   100.7    74.4   134.2   149.7   261.8   311.8   335.0   350.8   369.8   392.8   425.5   499.9   629.5  1765.6  47225.0    47555
read      258.8   101.1    74.4   128.7   143.0   242.0   299.6   328.3   347.4   370.3   397.3   435.5   522.1   684.1  1637.0  67573.0    67848
read      255.5   111.1    74.4   128.9   143.4   235.7   287.8   315.5   335.7   360.0   391.0   435.8   546.8   927.7  2180.7  93513.0    93337
read      257.7   113.8    80.4   128.0   142.7   236.3   291.0   320.0   341.2   366.6   396.7   442.5   543.4  1146.8  2265.3  82731.0    82735
read      256.8   115.7    74.4   128.1   142.2   236.3   292.6   320.7   341.4   365.9   396.7   442.3   535.4   790.3  3985.9  79890.0    79691
read      259.5    97.5    74.4   129.7   144.5   244.8   302.1   328.8   347.1   369.4   395.0   433.4   508.1   642.9   745.8  62443.0    61855
read      261.1    99.4    80.4   129.7   144.2   247.9   305.7   332.5   350.5   371.9   398.0   434.7   503.8   619.9   862.9  61473.0    61378
read      269.8    80.3    80.4   149.1   164.8   273.1   308.8   325.7   337.5   350.4   367.6   395.3   454.5   551.5  1922.5  27577.0    27280
read      270.3    94.9    80.4   141.2   157.3   271.5   313.1   332.9   345.6   362.7   383.0   413.7   476.9   570.0  3802.4  35707.0    35620
read      280.9    95.5    93.8   144.6   161.0   279.0   323.0   345.1   362.7   382.5   405.9   441.4   513.9   694.3  1081.7  32924.0    32911
read      285.5   163.0    80.4   128.6   143.0   249.1   312.1   350.7   383.2   425.9   478.5   552.3   747.5  1587.1  4229.9  75984.0    76628
read      282.6    95.4    86.8   145.7   162.4   280.1   325.6   347.4   365.0   384.8   408.5   445.2   507.8   633.6  1539.7  32215.0    32305
read      283.6   165.1    74.4   127.9   141.9   249.5   313.4   352.3   385.2   423.1   471.9   546.3   729.0  1303.4  5001.1  73675.0    74231
read      281.7   139.4    80.4   127.3   142.0   251.8   315.3   354.9   385.8   421.6   466.3   534.7   687.2   971.1  1619.3  69436.0    69333
read      282.9   124.9    80.4   131.7   147.0   263.7   323.0   358.1   384.4   412.9   449.7   502.9   620.1   815.9  3057.7  53712.0    53526
read      349.1   420.0    86.8   139.7   156.1   283.6   344.4   381.1   407.2   438.8   487.9   617.6  2024.0  5198.5 11261.8  43615.0    43970
read      354.6   474.9    80.4   137.0   153.8   265.2   323.6   360.4   390.1   430.0   501.9   754.4  2161.9  7267.8  9317.1  92680.0    92984
read      267.8    76.1    86.8   153.9   170.3   270.2   302.1   317.1   328.4   341.2   358.8   386.0   447.1   608.3  1074.6  22683.0    22716
read      255.2   106.3    74.4   127.5   142.1   235.1   288.8   317.1   337.7   362.4   394.7   439.6   544.8   802.6  1553.6  86432.0    86539
read      261.4   122.5    74.4   128.6   142.9   240.7   297.7   326.8   346.7   371.0   401.4   445.6   553.6  1330.5  2855.7  74172.0    73888
read      263.0   147.3    74.4   129.5   143.9   241.9   298.5   328.0   348.6   374.2   403.7   447.5   541.2  1094.9  4206.2  73472.0    73554
read      272.3    79.2    86.8   151.1   167.6   275.8   310.3   327.1   338.8   353.0   372.4   400.1   459.9   576.9  1316.3  27221.0    26912
read      270.6   101.5    74.4   136.9   152.4   264.9   314.8   338.0   354.3   372.6   396.1   430.8   504.4   653.7  2839.4  44598.0    44840
read      264.4    71.5   101.3   159.2   176.0   266.1   294.2   308.8   318.1   330.3   343.7   370.3   432.2   557.1  2430.9  17100.0    16966
read      267.4   100.5    80.4   133.6   149.2   257.0   310.5   336.1   354.1   374.4   400.7   436.6   521.8   698.6  1716.6  51477.0    51903
read      260.1   105.2    80.4   128.2   142.4   241.7   299.9   327.6   347.0   372.8   401.7   444.3   548.8   787.7  1434.7  71263.0    71461
read      270.5   121.1    93.8   156.3   173.8   272.0   303.0   317.6   328.9   341.4   359.5   387.8   442.0   550.3  7475.5  21089.0    21248
read      269.4   153.3    80.4   130.9   146.3   243.8   296.3   324.7   346.0   371.9   404.5   459.1   691.7  1927.9  2922.7  98425.0    98493
read      269.0   162.3    80.4   130.6   145.8   242.3   293.2   321.2   342.4   368.7   402.6   460.0   721.5  2362.5  3455.1 105181.0   105716
read      270.1    71.3    93.8   157.9   175.5   273.0   302.9   317.0   327.7   340.4   358.8   388.4   442.1   538.0  1074.1  19679.0    19488
read      265.0    64.8   101.3   162.2   178.1   267.1   295.1   309.6   318.9   331.4   344.9   369.3   424.2   546.9   977.1  16624.0    16605
read      267.2   132.7    80.4   130.9   145.7   245.8   301.1   331.3   353.3   380.9   412.3   460.0   599.9  1085.4  3057.3  74610.0    75130
read      273.6   103.9    80.4   139.2   154.5   265.1   317.0   341.9   360.1   380.1   402.1   435.5   523.4   830.3  1551.6  46357.0    45842
read      275.5   103.6    80.4   138.8   154.4   265.7   319.2   345.1   364.1   385.2   410.2   447.6   533.3   780.2  1542.4  48646.0    48598
read      266.7   111.4    80.4   131.2   146.3   246.6   305.0   334.9   356.7   382.1   411.6   457.1   575.6   907.8  1544.1  68241.0    67944
read      281.4   158.6    80.4   153.0   169.9   279.2   314.9   332.5   344.1   360.1   379.3   408.2   470.8  2813.1  5066.2  26621.0    26800
read      271.8   106.0    74.4   137.3   151.5   262.3   315.5   341.5   360.6   381.7   405.0   441.2   521.4   758.5  1388.2  49822.0    49959
read      268.8   100.1    80.4   135.3   150.5   257.8   312.9   339.5   358.2   379.1   403.5   438.2   517.2   686.0  1219.4  53483.0    54114
read      264.1   116.6    74.4   130.2   144.6   246.4   303.2   332.3   352.6   376.3   405.4   450.6   550.0   801.1  1364.3  66408.0    66577
read      269.2    89.0    80.4   140.0   155.5   269.6   313.8   334.2   347.4   364.6   385.0   415.3   475.1   628.8   908.7  39869.0    39563
read      271.3    93.1    86.8   140.8   156.4   270.4   315.5   336.1   349.9   367.3   389.2   421.3   491.7   667.6  1283.3  40067.0    40228
read      254.9   108.8    74.4   127.3   141.9   235.0   286.7   314.4   334.4   358.7   390.2   436.9   577.7  1046.2  1924.1  92303.0    92385
read      271.3    92.9    80.4   143.8   159.9   272.4   314.2   333.3   345.4   362.0   381.3   407.4   469.0   581.6  3167.3  35417.0    35189
read      272.1    85.5    86.8   144.1   160.5   274.8   314.4   333.1   345.1   361.3   380.8   413.5   476.0   587.2   794.1  34778.0    34744
read      268.5   111.7   101.3   159.4   176.3   266.1   296.1   311.6   321.4   335.6   352.0   380.3   447.6   916.1  4642.4  15174.0    15082
read      302.3   187.4    74.4   131.1   146.4   251.5   315.8   361.5   401.8   455.2   525.2   650.2   969.2  1506.6  2608.9  87414.0    87824
read      282.5   101.6    80.4   143.6   160.0   278.1   324.3   347.6   365.8   386.5   411.3   449.3   535.2   944.4  1643.2  33899.0    33965
read      282.0   103.7    80.4   140.5   156.1   276.4   327.0   352.2   371.9   393.6   419.4   457.4   540.6   706.0  1567.2  38291.0    38138
read      278.8   155.7    74.4   133.6   149.2   262.9   317.7   344.4   366.3   389.0   414.8   454.8   579.3  2268.7  3992.9  42608.0    42450
read      296.5   287.1    80.4   125.3   139.8   251.9   316.2   355.6   385.9   418.9   461.9   532.5   905.8  5138.8  7477.8  65237.0    65120
read      264.9   136.0    93.8   154.5   169.7   258.9   290.0   305.9   316.5   330.2   346.4   380.3   482.8  2061.1  6099.6  17553.0    17329
read      303.0   206.5    74.4   131.8   147.0   265.8   330.6   369.8   397.6   431.1   475.6   553.4  1006.1  2554.7  4605.3  56351.0    56524
read      288.8   140.8    80.4   142.3   158.0   277.1   328.0   354.0   373.7   397.6   426.5   467.7   583.8  1814.3  3192.5  36564.0    36287
read      261.3   155.5   101.3   156.3   171.5   251.7   282.6   297.8   309.9   322.2   340.2   369.9   508.2  1788.9  8984.6  14474.0    14642
read      286.5   180.9    80.4   131.2   146.3   260.7   320.4   353.9   378.8   406.8   441.1   495.5   664.1  2583.8  4519.3  53066.0    53127
read      291.8   240.3    74.4   127.1   141.9   252.1   315.9   354.3   384.7   419.1   462.0   526.1   792.8  3592.7  7757.8  67948.0    67385
read      321.4   286.3    80.4   132.1   148.1   259.2   329.8   379.0   418.4   467.7   535.5   667.9  1107.6  4418.8  7608.5  80410.0    80362
read      335.4   420.8    80.4   138.5   155.8   267.5   321.8   355.8   381.6   414.4   461.7   568.1  2496.8  5310.1  9929.4 105205.0   105193
read      271.8    99.9    80.4   137.0   152.1   262.5   317.8   343.7   361.8   381.9   405.6   440.2   513.4   642.0   924.0  51119.0    50992
read      260.4   119.5    80.4   128.7   143.0   237.5   292.9   321.0   342.0   367.9   399.9   448.6   599.4  1239.3  1705.5  85738.0    85438
read      269.3    98.1    80.4   135.3   150.5   261.2   314.2   339.0   356.6   376.3   400.6   435.0   509.1   636.0  1282.2  50272.0    50475
read      256.0    81.2    93.8   154.6   171.2   256.6   284.6   298.3   308.8   319.4   335.7   360.0   417.2   578.0  2276.7  15627.0    15668
read      259.2   107.6    80.4   128.6   143.2   242.1   298.0   326.0   345.0   369.4   397.4   436.1   529.0   802.2  1852.9  67102.0    66984
read      263.4   106.3    80.4   131.4   146.0   250.7   306.9   333.2   351.1   372.6   398.0   433.6   508.7   660.3  3344.1  57009.0    57056
read      267.5   100.8    86.8   138.1   152.8   262.7   312.5   334.8   349.4   366.7   388.7   422.0   489.5   619.3  2010.0  45337.0    45383
read      235.4    57.5    93.8   155.2   168.6   231.3   255.6   269.5   278.9   290.2   304.0   324.2   385.0   603.9  1897.5   9235.0     9044
read      285.8   114.8    86.8   142.7   159.0   277.9   327.7   353.3   373.0   395.0   422.8   463.1   564.1   893.2  4074.3  39665.0    39958
read      276.6   129.0    80.4   127.9   142.0   249.5   311.5   347.3   377.7   410.0   451.9   512.1   660.4   939.3  1627.1  66832.0    67432
read      276.8    96.4    86.8   152.2   168.9   276.4   312.4   331.0   343.5   360.6   381.4   409.9   477.1   976.5  2918.0  23373.0    23503
read      344.6   348.3    74.4   130.4   146.1   253.2   317.4   366.6   413.0   486.4   604.2   845.4  1858.3  3495.0  7647.0  89801.0    89906
read      286.2   190.8    74.4   128.2   142.2   253.9   316.7   351.7   378.8   410.9   450.2   510.9   789.7  2585.9  4666.2  60626.0    60865
read      244.7   112.3    86.8   155.5   168.6   234.3   262.9   277.0   288.0   299.7   316.2   342.9   430.9  1826.8  2565.4  10115.0    10097
read      357.5   429.6    80.4   143.5   161.9   280.3   337.6   372.9   401.0   438.3   494.3   633.8  2706.8  5590.7  7979.1 103528.0   104385
read      263.0    73.1    86.8   158.2   173.9   263.9   292.7   307.6   317.5   330.2   344.5   371.2   430.5   662.7  1934.4  16788.0    16694
read      274.1   163.0    80.4   131.9   147.6   246.3   299.5   328.8   350.3   377.5   413.5   468.8   792.9  1986.4  3335.5  96033.0    96807
read      272.1    74.2    86.8   154.9   171.5   275.8   308.0   323.7   335.4   347.2   367.0   394.3   452.7   543.1   684.8  23371.0    23545
read      269.9   101.4    80.4   135.0   150.4   259.1   313.1   339.2   358.3   380.4   405.6   443.2   524.9   762.2  1404.3  53467.0    53603
read      266.3   133.5    74.4   130.0   144.7   243.0   297.7   327.0   348.2   374.8   406.8   459.2   656.8  1373.6  3635.4  77837.0    77963
read      271.7   191.3    80.4   130.7   146.3   244.4   295.3   323.0   344.2   371.8   405.5   464.2   753.1  2272.0  7558.3  98540.0    99004
read      264.9   152.0    74.4   127.5   142.0   237.9   291.4   319.4   340.9   368.0   401.1   457.6   712.3  1992.0  3008.1  88720.0    89009
read      264.8   115.5    74.4   132.6   148.8   246.3   295.0   321.2   341.8   367.0   397.6   447.9   620.0  1179.3  2354.5 109673.0   109606
read      258.1   129.9    74.4   128.1   142.5   235.8   288.3   316.5   336.9   361.3   392.6   439.4   587.6  1655.3  2743.1  94986.0    94996
read      264.0    92.3    86.8   148.0   163.5   265.4   299.4   315.0   326.1   339.3   357.3   386.8   447.0   620.2  3195.4  26147.0    26308
read      258.8   106.8    74.4   127.7   142.2   238.7   295.2   324.4   345.5   372.4   401.4   445.6   546.7   836.7  1597.8  76391.0    76851
read      265.8   125.9    80.4   133.6   149.2   247.3   297.2   324.2   343.5   367.3   397.0   447.0   583.8  1296.8  3258.5 104907.0   105149
read      265.4    97.5    74.4   133.8   148.8   256.8   310.7   335.3   351.6   371.0   394.1   427.6   504.1   687.3  1167.3  51996.0    51656
read      248.3    65.2    93.8   157.4   172.5   245.9   272.8   286.7   295.6   307.8   320.9   346.0   421.5   597.6  1942.6  12489.0    12606
read      261.7   103.4    80.4   130.2   144.8   249.4   304.5   331.1   349.2   370.8   395.9   431.1   508.2   682.1  3062.6  57081.0    56950
read      261.3    98.2    80.4   131.1   145.6   249.4   305.0   331.4   349.1   370.9   394.8   428.5   498.6   637.2  1288.8  58474.0    58457
read      254.3   103.3    80.4   125.3   139.8   235.7   290.9   318.5   338.9   364.4   395.6   437.2   537.2   777.5  1210.2  74016.0    73870
read      259.6   110.3    80.4   128.7   143.0   239.4   294.8   324.5   345.5   371.7   401.8   446.3   560.4   859.8  1624.5  77635.0    77558
read      269.2   125.0    93.8   158.5   175.4   266.8   295.8   310.6   320.0   333.4   347.9   374.1   438.4  2233.9  4008.1  18418.0    18374
read      272.5   162.1    80.4   130.7   145.9   243.7   297.4   326.8   349.2   377.3   414.1   470.7   805.0  1903.6  4397.5  89971.0    90267
read      276.1    97.4    86.8   142.3   158.0   271.9   320.2   343.0   360.1   378.7   399.4   431.1   507.5   788.1  1464.5  41768.0    41486
read      276.8   142.0    80.4   146.5   162.8   276.5   317.4   337.2   350.8   367.4   388.6   420.1   486.6   667.1  8688.0  34713.0    34820
read      276.9    85.8    86.8   155.0   171.3   278.5   313.1   329.8   341.0   355.0   372.1   400.5   478.3   882.9  1821.7  24599.0    24506
read      294.7   160.6    86.8   148.4   164.4   281.6   330.1   356.9   376.2   397.4   425.7   469.1   592.1  2334.0  3437.2  32423.0    32392
read      315.2   331.8    80.4   132.8   148.1   266.0   334.7   376.6   408.3   443.5   487.6   564.7   925.3  5566.3  9942.8  65357.0    65364
read      290.3   159.5    80.4   145.3   161.9   280.0   327.6   353.9   371.8   393.0   418.7   457.2   543.0  2506.4  3967.9  33438.0    33590
read      300.3   197.5    80.4   137.2   152.7   272.6   332.9   368.5   394.2   422.9   457.8   512.8   733.7  2888.2  7017.1  48601.0    48637
read      342.2   417.0    74.4   138.2   154.7   266.9   324.7   361.3   390.5   426.9   485.7   642.2  2458.7  5700.1  8036.7  99306.0    99481
read      257.4    64.7    93.8   158.1   173.2   258.7   286.4   300.0   310.0   320.1   336.0   360.1   419.0   552.8   975.6  15742.0    15514
read      240.9    68.9   101.3   160.5   173.6   236.2   262.0   274.3   284.3   294.5   309.3   331.6   394.4   633.4  2997.0   9821.0     9896
read      260.6   127.0    80.4   127.4   141.8   238.1   293.2   321.5   342.0   367.8   401.0   450.1   611.1  1249.0  4213.8  78176.0    78890
read      269.1    88.1    86.8   149.5   165.6   271.7   305.9   322.1   334.7   347.6   367.5   396.4   461.6   597.2  1675.1  26491.0    26427
read      254.0   105.2    80.4   126.5   140.7   233.9   287.7   315.9   336.0   360.9   393.0   437.0   555.5   901.8  1236.2  84852.0    84648
read      267.0   133.6    74.4   132.3   148.1   245.3   295.4   322.6   342.7   368.3   400.9   455.1   666.5  1644.6  3217.3 105576.0   105509
read      255.8    72.3    86.8   155.5   171.6   256.0   284.6   298.7   309.0   319.3   335.6   359.9   423.9   577.8  2088.9  16805.0    16789
read      252.9    68.6    93.8   157.8   173.6   253.4   279.2   292.2   301.6   313.2   328.0   352.6   407.7   589.0  1980.3  13749.0    13784
read      259.1    73.4   101.3   157.0   172.7   256.7   286.3   301.6   312.8   325.4   342.5   373.0   437.9   718.6  1594.0  13828.0    13915
read      233.0    69.8   109.4   155.5   167.9   226.6   252.0   265.5   274.2   285.9   298.9   320.8   391.2   635.1  2082.9   7171.0     7197
read      310.4   207.5    74.4   132.0   147.5   256.3   320.5   366.2   405.8   463.1   539.2   677.7  1046.3  2037.5  2718.1  83865.0    84754
read      281.2   195.3    74.4   130.7   146.1   243.9   297.9   328.0   350.2   379.2   420.4   501.3  1044.9  2625.1  3715.1  93579.0    93616
read      270.4   105.8    74.4   137.8   153.3   266.4   314.7   337.0   352.2   370.0   391.8   425.2   499.3   688.4  2011.8  44976.0    45232
read      256.4   115.2    74.4   127.8   142.3   235.7   289.6   317.4   337.7   361.9   393.2   439.1   569.3  1074.0  3333.8  86071.0    86355
read      271.0    90.9    93.8   155.1   171.7   274.5   306.3   320.9   332.5   344.2   362.1   388.7   447.2   640.6  1074.4  23190.0    23239
read      272.1    99.6    86.8   137.6   152.4   261.8   316.5   343.1   362.0   383.1   408.2   444.8   523.9   688.4   939.5  50567.0    51079
read      261.2   108.4    74.4   128.7   143.1   240.1   298.4   328.1   349.3   375.1   405.7   452.3   569.8   808.0  1175.6  72922.0    72839
read      262.2   109.9    74.4   128.9   143.3   242.5   298.5   327.5   348.3   375.4   406.6   454.0   569.6   859.6  1907.5  72841.0    73047
read      262.6   131.4    93.8   161.4   177.3   261.0   287.5   300.3   310.0   319.7   335.3   358.5   417.1  1752.2  7266.6  14830.0    15045
read      276.1   160.2    80.4   133.6   149.6   248.4   300.3   329.4   350.8   378.0   414.8   471.9   800.9  2068.4  2873.1 102386.0   102659
read      274.1   176.3    80.4   133.1   149.0   247.5   299.2   328.1   349.2   375.4   410.0   469.4   790.7  1623.1  7819.6 102409.0   102565
read      270.8   136.2    80.4   131.6   146.6   244.9   299.1   329.4   352.1   379.7   414.7   469.3   775.7  1519.8  2304.1  84071.0    83738
read      278.0    88.9    86.8   147.4   163.3   278.6   321.0   341.4   356.3   373.0   394.6   425.0   489.1   609.0  1113.9  35410.0    35346
read      270.8   106.3    74.4   135.2   150.0   258.7   314.8   341.9   361.6   383.3   408.3   446.8   518.6   659.5  2592.4  54807.0    55125
read      277.8    92.0    86.8   145.0   160.9   275.4   323.0   345.3   361.7   379.4   399.8   430.7   497.6   645.2   782.9  40269.0    40276
read      264.2   104.1    80.4   131.2   146.4   249.0   305.2   332.2   351.2   373.2   401.4   443.1   536.6   822.7  1380.9  62578.0    62712
read      260.0   112.7    74.4   128.3   142.7   240.2   295.9   324.9   346.3   371.8   401.5   447.3   555.7   884.9  1737.8  75893.0    75879
read      269.5    89.6    80.4   142.7   158.5   269.4   312.8   332.8   345.8   362.9   383.0   411.0   470.3   550.7  1479.6  37909.0    37820
read      267.4   127.4    74.4   132.6   147.6   256.3   309.2   334.3   351.8   373.6   397.8   433.3   508.6  1566.0  2981.3  51551.0    51426
read      272.6   101.4    86.8   143.4   159.3   272.9   315.1   335.2   348.7   366.3   387.1   416.3   474.9   611.4  3962.0  37268.0    37336
read      259.9   110.5    80.4   130.8   145.9   240.2   291.9   319.4   339.6   364.5   396.0   443.5   582.3   952.5  1653.2  98761.0    98811
read      265.0   139.0    74.4   132.2   147.7   244.1   294.6   321.4   341.6   366.4   397.5   448.7   612.2  1437.8  4906.1 102814.0   102611
read      274.3    85.0    86.8   149.6   166.8   276.9   313.1   330.8   342.6   358.0   375.7   404.3   471.7   621.8  1282.5  30109.0    30209
read      276.1   112.5    93.8   162.4   179.9   276.8   306.3   320.4   332.1   344.1   363.2   393.3   457.1   632.9  5447.4  18966.0    19127
read      291.4   161.0    86.8   148.3   165.2   283.0   330.0   354.1   370.9   391.8   417.1   454.4   546.4  1502.3  5861.1  34651.0    34838
read      264.5    99.0   109.4   167.0   182.9   259.7   287.4   301.9   312.5   324.3   341.4   369.7   441.7  1482.7  3428.9  12391.0    12221
read      323.8   325.3    80.4   135.6   152.5   262.1   318.5   352.5   379.0   413.4   466.9   637.6  1696.8  4123.4  7901.8  92662.0    92770
read      278.2   144.8    80.4   136.4   152.5   253.7   305.1   333.6   355.2   381.9   417.2   475.7   754.8  1831.3  2323.6 100331.0   100281
read      278.1    84.0    80.4   156.0   173.0   279.2   315.8   333.8   345.4   361.4   379.8   405.0   468.1   684.3  1299.7  28431.0    28246
read      271.9   144.4    80.4   133.6   149.3   246.6   298.3   326.9   347.8   374.7   408.0   464.5   703.5  1866.5  2737.8  97837.0    97699
read      279.5   150.5    80.4   137.0   153.0   254.9   305.9   334.1   355.5   382.2   417.4   475.5   787.5  1865.4  2883.4  98955.0    99005
read      289.0   247.5    74.4   133.9   150.3   252.5   304.7   334.1   356.4   384.4   422.8   490.4   881.6  3460.4  7693.3 101356.0   102169
read      276.4   100.7    74.4   140.4   156.3   265.9   319.3   345.5   364.8   386.7   413.3   451.1   530.9   745.3  1098.9  51320.0    51450
read      267.2    93.6   101.3   159.3   175.3   267.5   297.2   312.3   322.0   335.6   350.9   376.1   442.9   623.9  3391.5  17679.0    17676
read      233.9    53.0    93.8   158.5   170.7   230.1   253.8   267.0   275.3   286.7   298.6   319.0   369.5   563.8  1410.7   7795.0     7745
read      296.0   171.6    74.4   135.4   151.3   271.3   330.5   365.0   390.2   418.4   454.5   511.0   707.9  2375.3  3456.0  48054.0    48978
read      285.3   153.0    74.4   135.8   151.5   267.5   323.3   354.9   378.5   402.3   431.4   474.1   586.9  2351.0  3453.8  42842.0    43452
read      327.5   450.2    80.4   131.3   147.7   253.2   310.3   343.0   369.4   402.5   452.2   594.0  2026.6  6680.9 11486.1  90772.0    90767
read      265.7   101.2    80.4   133.8   149.3   258.6   309.3   333.2   349.8   369.9   393.7   427.9   502.8   617.5  1992.7  48772.0    48262
read      254.0   109.7    74.4   126.9   141.0   233.8   288.2   316.3   336.6   361.5   393.3   438.0   548.1   816.7  1446.3  83752.0    83478
read      256.8   101.6    80.4   128.3   142.6   238.4   294.5   322.5   342.7   367.9   397.5   440.3   526.4   741.9  1216.2  76697.0    76521
read      246.3    60.3   101.3   160.0   174.3   243.0   270.0   284.2   293.6   305.2   318.1   340.8   401.4   658.3   747.9  11101.0    11107
read      259.1   102.4    74.4   128.8   143.4   241.4   298.7   326.6   346.6   371.0   399.0   440.6   526.3   724.1  1696.7  70661.0    70605
read      270.5    79.6    86.8   149.7   166.2   272.6   307.4   324.7   337.0   350.9   370.5   399.5   464.2   599.6  1114.4  26832.0    26675
read      264.0    95.1    74.4   133.4   148.7   254.1   308.3   333.0   349.5   370.1   394.0   427.3   495.0   614.0  1063.1  52081.0    52233
read      262.7    99.8    74.4   131.0   145.8   251.6   306.6   332.8   350.3   371.3   396.0   430.4   501.1   652.7  1510.4  55574.0    55622
read      257.3   121.2    74.4   128.9   143.4   236.1   288.0   314.9   334.6   358.8   391.0   436.8   583.2  1454.9  2335.0 100131.0    99805
read      259.2   102.6    80.4   132.5   148.4   241.8   290.7   317.1   336.7   360.9   392.3   437.3   549.4   864.4  1374.4 106912.0   107061
read      260.8    98.4    80.4   130.0   144.5   246.4   303.5   330.9   349.8   372.2   398.5   433.9   507.2   633.1   767.6  61337.0    61661
read      261.0   102.8    80.4   129.3   143.5   243.9   300.7   329.5   349.8   375.8   403.1   445.3   534.4   689.8  1004.2  67779.0    67279
read      259.1   103.7    74.4   128.1   142.5   239.8   296.7   326.1   347.0   372.7   401.6   445.9   542.6   744.0  1094.2  76157.0    76808
read      237.0    95.1   101.3   157.8   170.2   230.5   255.5   268.4   276.9   288.7   302.5   323.5   375.6  1117.9  3806.2   8801.0     8778
read      284.9   210.2    74.4   134.0   149.9   251.3   303.3   333.1   355.5   383.4   421.4   488.8   995.8  2822.7  5350.8  96774.0    97193
read      279.7   170.9    80.4   136.0   152.2   254.5   305.1   333.5   354.9   381.3   415.6   469.8   726.9  2589.5  3710.5 106850.0   107071
read      244.9    61.5    93.8   161.0   174.2   241.7   267.6   281.4   290.9   302.1   316.8   340.6   402.0   624.6  1184.3  10935.0    10948
read      272.1    83.7    93.8   151.2   167.2   275.1   311.1   328.4   339.8   353.3   370.7   398.0   452.7   576.8  2307.1  27804.0    28130
read      271.1    99.4    86.8   137.2   152.1   260.9   314.8   341.0   359.5   380.4   405.9   443.6   515.4   683.5   927.8  51202.0    51359
read      269.0   101.2    80.4   134.1   149.5   256.3   312.0   339.3   359.2   381.9   407.7   447.9   533.1   690.8  1048.4  55518.0    55853
read      266.8   134.7    80.4   130.2   145.2   243.2   295.9   324.2   345.7   372.3   404.2   458.9   688.7  1592.1  2486.9  90753.0    90627
read      281.0   165.7    80.4   135.7   151.6   254.1   305.9   335.3   357.5   384.7   420.5   480.9   776.0  2014.5  3623.5 102465.0   102228
read      271.9   164.8    74.4   132.3   147.5   245.0   296.4   324.9   345.8   372.7   407.1   464.5   739.9  2032.4  4065.8 104056.0   104734
read      287.6   223.9    74.4   134.6   150.4   252.9   304.5   334.0   356.8   385.6   425.9   500.5   941.3  3145.5  7613.1 105984.0   106083
read      257.6   114.3    80.4   129.2   143.7   237.3   289.3   316.4   336.3   360.2   391.4   438.3   586.4  1120.2  1919.9  95502.0    95336
read      257.8   108.7    80.4   128.2   142.3   238.9   294.6   323.0   343.3   368.3   399.7   443.4   534.7   707.6  2796.5  76555.0    76589
read      261.2   114.5    74.4   131.9   147.1   241.2   291.4   318.1   338.2   363.6   396.2   446.3   588.7  1140.8  2436.5 103608.0   103772
read      266.6   113.5    74.4   135.2   151.2   248.4   297.1   324.1   344.0   368.5   400.2   450.9   590.4  1055.1  2424.0 109696.0   109839
read      260.4    66.1    93.8   158.2   174.8   261.9   290.1   304.1   313.8   324.7   339.8   364.4   422.8   606.3  1311.5  17276.0    17359
read      268.2    81.5    86.8   144.9   161.5   271.4   308.9   326.6   338.7   353.0   371.9   399.8   459.5   547.6   688.5  30962.0    31011
read      261.4   104.8    80.4   129.5   144.1   243.3   300.7   329.8   349.4   373.4   402.2   445.5   538.6   746.6  1686.1  67894.0    67619
read      265.2   143.2    93.8   158.1   174.6   264.6   292.1   306.0   315.3   326.3   340.4   365.4   431.3   653.5  5487.7  17554.0    17471
read      268.8   104.7    86.8   151.1   166.9   271.3   303.1   318.2   329.4   341.5   359.9   389.5   452.3   609.9  4011.0  24056.0    24062
read      277.5   127.6    93.8   151.0   167.5   271.7   307.6   325.9   339.4   355.9   377.5   413.0   531.8  1997.9  2962.7  23548.0    23520
read      309.3   251.8    80.4   134.8   150.0   269.7   334.3   372.2   400.0   431.4   471.2   541.7  1065.9  2988.8  7829.1  56568.0    56489
read      308.9   236.8    80.4   131.1   146.5   261.2   328.2   372.2   405.9   447.5   500.7   593.3  1053.9  3426.9  5077.6  69481.0    69348
read      389.5   473.1    80.4   144.6   165.5   300.1   367.7   411.1   448.4   499.0   583.1   742.7  3051.9  6284.4  8051.8 109257.0   108974
read      262.9   116.2    74.4   129.3   144.0   240.7   296.4   326.0   347.3   373.9   406.1   455.2   601.9  1079.6  1840.3  79427.0    79285
read      274.5   162.5    74.4   133.6   148.8   257.4   312.8   340.4   360.2   382.3   407.5   446.0   548.7  2123.1  4054.4  54233.0    54257
read      275.6    98.2    80.4   141.3   157.1   271.9   319.8   342.3   358.9   377.1   399.3   432.8   505.0   637.1  1494.5  40237.0    40106
read      274.4   134.9    80.4   145.8   162.1   275.0   313.5   332.6   345.4   362.9   383.1   409.5   469.5   687.5  7244.1  31400.0    31207
read      271.3   158.8    80.4   131.5   146.8   243.3   296.6   325.7   347.2   375.9   410.9   465.8   756.2  2103.4  3363.6  93930.0    94507
read      222.5    75.2   109.4   152.6   164.6   214.7   237.3   249.4   258.0   269.1   284.1   308.6   372.7   630.7  3907.5   5441.0     5506
read      259.2   114.6   101.3   160.1   175.3   255.0   281.6   295.3   306.0   317.5   334.4   361.8   433.8  1668.9  4260.7  14196.0    14400
read      260.4   120.5    74.4   127.5   141.6   236.5   293.1   321.3   342.5   368.4   401.6   453.2   637.4  1340.7  1866.0  78538.0    78967
read      260.0   105.8    80.4   128.1   142.4   241.7   299.8   327.9   347.5   372.4   401.5   445.1   537.1   732.2  1670.0  69465.0    69388
read      270.7    85.7    86.8   142.9   158.8   273.0   313.7   332.9   345.3   361.4   380.1   410.0   469.6   594.4   707.2  35047.0    35215
read      261.0    98.4    80.4   129.9   144.3   248.4   304.2   330.2   348.0   370.7   397.6   433.8   509.3   639.1   950.2  58214.0    58494
read      260.3   100.4    80.4   130.2   144.9   243.8   301.3   329.5   348.7   370.9   398.9   438.7   527.3   682.4   995.7  66143.0    65990
read      266.8    92.5    80.4   137.4   152.7   263.6   311.1   332.9   347.3   365.6   388.1   421.6   486.6   592.9  1930.1  44152.0    44222
read      259.2    75.7    93.8   152.9   168.7   261.6   289.8   304.1   313.9   325.1   340.4   366.3   427.1   575.1  3074.7  19727.0    19337
read      262.8   132.7    74.4   131.3   146.3   242.0   294.2   321.1   341.5   367.0   398.1   447.3   583.9  1291.6  2928.6  98686.0    98916
read      254.3   103.5    80.4   127.9   141.9   235.0   288.8   316.4   336.6   361.3   391.7   434.8   538.1   873.8  1701.1  87895.0    87381
read      264.9   105.3    80.4   137.0   152.5   262.2   307.6   328.3   342.2   359.5   380.1   408.0   480.7   680.2  1555.0  40329.0    40281
read      274.3   113.2    86.8   141.8   157.4   271.9   316.3   336.7   350.6   368.3   390.5   422.9   497.8  1038.8  4152.8  37535.0    37810
read      267.5   143.8    80.4   131.5   146.6   242.4   295.3   324.5   346.3   373.0   406.5   459.1   681.9  1640.5  3087.2  88448.0    88453
read      272.4   149.4    74.4   132.2   147.7   246.3   298.7   327.7   349.0   375.2   410.3   465.4   749.4  1873.9  2847.8 101514.0   101489
read      267.0   105.1    80.4   133.3   148.0   252.1   309.4   337.5   357.3   379.4   405.7   445.0   532.4   789.7  1187.8  60308.0    60562
read      264.5   113.0    74.4   130.4   144.5   243.8   300.8   330.6   352.3   378.5   409.7   457.4   589.6   956.6  1640.2  74603.0    74653
read      245.5    68.8    93.8   156.5   171.1   242.8   270.1   284.3   293.8   305.4   318.2   340.9   397.9   609.5  2170.5  11795.0    11749
read      274.2   110.4    80.4   135.8   151.1   259.5   313.8   342.1   363.4   388.3   419.2   465.2   571.2   871.5  1640.7  48161.0    48618
read      269.0   153.7    80.4   130.8   145.9   242.8   294.8   323.8   345.4   373.1   405.9   461.6   707.9  2047.8  3407.4  95127.0    95605
read      267.4   158.3    74.4   130.5   145.1   240.7   293.5   321.8   343.5   370.3   403.3   458.7   723.0  1764.0  3810.3  93312.0    92625
read      265.1   142.2    80.4   128.0   142.5   238.6   293.3   323.2   345.5   373.7   408.3   462.9   692.5  1526.0  3483.9  82383.0    82221
read      275.7   103.7    80.4   139.0   154.8   268.1   318.4   343.3   362.0   382.8   406.2   441.2   531.0   909.2  2063.0  46785.0    46975
read      263.9   151.0    74.4   129.4   144.4   239.8   291.8   319.3   340.5   366.6   399.0   453.5   657.8  1765.7  3450.3  96263.0    96256
read      264.5   123.0    74.4   132.0   147.6   245.0   295.1   321.8   342.5   368.2   399.1   448.9   612.8  1202.0  2719.6 102572.0   102722
read      267.3   127.8    80.4   133.6   149.9   248.1   297.0   323.3   342.8   367.7   399.0   451.3   619.5  1425.6  3113.1 109680.0   109956
read      255.3   107.1    74.4   128.5   142.8   235.6   287.8   315.3   335.3   360.0   391.5   435.5   545.0  1051.5  1835.0  93796.0    93397
read      272.8   108.6    86.8   142.1   158.0   270.3   314.4   335.3   349.4   366.4   387.5   418.4   483.5   984.5  2843.6  36912.0    36796
read      262.2   100.0    80.4   130.5   144.9   248.3   305.2   331.9   350.6   372.7   399.4   437.7   518.6   687.1  1048.6  60847.0    60338
read      254.6   101.4    74.4   129.1   143.4   235.7   288.9   316.8   337.2   361.7   392.3   435.3   534.8   748.0  1257.6  88180.0    88191
read      232.1    82.2   101.3   154.8   167.8   225.8   249.9   263.0   271.7   282.7   295.6   319.1   389.5   670.8  3952.7   7882.0     7900
read      271.5    89.3    93.8   150.1   166.5   274.5   309.9   326.7   338.1   351.0   369.9   397.3   455.3   592.5  2092.4  26586.0    26617
read      278.2   114.9    86.8   148.4   165.1   277.1   313.4   332.9   346.1   365.0   387.4   419.4   495.6  1031.1  4362.2  25400.0    25396
read      366.6   407.3    80.4   132.5   149.0   266.0   338.1   392.4   437.9   500.0   608.4   857.6  2287.8  4373.6  7900.1  87400.0    87872
read      320.3   366.7    80.4   135.0   152.2   259.0   312.7   344.7   371.5   404.4   452.0   566.8  1814.4  4181.5 11558.6 105900.0   105715
read      289.8   185.2    80.4   138.3   154.6   260.7   312.2   342.1   365.6   393.4   430.5   499.6   831.1  2635.0  4836.3 108533.0   108698
read      272.9   106.0    74.4   136.3   151.2   260.1   316.5   344.0   364.9   387.6   413.1   450.4   534.8   738.5  1781.3  54987.0    55441
read      275.9   150.9    74.4   134.3   150.5   251.5   302.5   330.8   351.5   377.8   412.1   468.5   739.8  1956.5  2946.3 105627.0   105384
read      286.2   174.0    74.4   138.2   154.5   258.8   310.1   339.1   361.8   389.6   426.4   489.6   793.8  2303.6  2984.6 106607.0   106644
read      263.1   123.8    74.4   129.1   143.4   239.2   294.0   323.5   344.9   372.9   405.0   456.2   662.3  1174.5  2507.9  85224.0    84799
read      255.1    82.8    93.8   159.9   174.7   252.4   279.7   293.5   303.5   314.8   329.6   351.7   419.7  1142.9  2531.4  13619.0    13372
read      267.8    79.0    86.8   150.4   166.3   271.5   304.4   320.1   332.2   344.6   363.6   390.7   440.9   589.0  1546.2  25906.0    25818
read      298.1   202.9    80.4   138.6   154.7   273.7   330.7   363.4   386.8   412.4   446.1   501.6   730.0  2896.2  7640.3  43098.0    43197
read      261.0    81.5   101.3   156.1   170.7   258.0   288.8   305.0   316.0   330.5   348.5   378.1   453.5  1071.3  2065.9  16429.0    16342
read      304.6   213.3    80.4   132.1   147.9   266.4   332.6   372.6   403.8   440.7   486.9   563.9   867.8  2842.7  7160.1  60216.0    60414
read      342.8   387.0    74.4   138.4   155.9   273.3   331.7   367.5   395.9   434.1   496.5   646.4  2020.8  4995.5  7922.3 104316.0   105092
read      269.1    83.8    80.4   147.8   163.3   272.6   308.5   325.7   337.3   350.2   368.9   396.2   458.7   578.3  2784.6  29390.0    29202
read      217.7    50.8   101.3   151.4   163.1   211.7   232.7   244.9   253.0   263.8   275.6   297.6   360.0   592.3  1233.6   5257.0     5224
read      258.7   108.2    74.4   132.0   147.2   239.6   289.9   316.9   336.8   360.7   391.3   436.3   575.5  1047.0  1819.2 103021.0   104734
read      265.5   128.9    80.4   133.2   148.7   244.5   294.2   321.0   341.4   366.9   399.4   452.5   629.2  1528.6  2975.1 107160.0   106273
read      266.0   102.1    74.4   136.0   151.5   261.5   310.1   332.3   346.8   365.9   387.8   418.1   489.3   657.8  3598.5  44564.0    44596
read      264.3   124.9    80.4   132.5   148.1   245.2   293.7   320.0   340.0   364.5   395.5   447.7   617.5  1245.8  3463.2 108509.0   108135
read      269.6    91.5    80.4   139.9   155.7   267.5   314.0   335.3   349.5   368.0   389.3   419.8   487.0   593.3  1598.5  41537.0    41488
read      262.0   112.1    80.4   129.9   144.4   244.9   302.1   331.2   351.2   374.8   401.1   439.9   524.9   723.3  3853.3  67913.0    68048
read      255.4   106.8    74.4   128.2   142.8   236.3   287.2   314.5   334.5   358.8   390.0   434.5   570.2   992.5  1482.2 100789.0   101205
read      267.4    83.7    93.8   153.9   171.2   271.2   300.9   315.5   325.9   338.3   354.0   379.2   435.7   541.1  2857.9  22165.0    22018
read      258.1    86.4    93.8   160.3   174.8   257.3   284.8   297.4   307.7   317.9   333.0   355.4   415.9  1187.2  2736.8  15014.0    14763
read      267.4   130.2    74.4   130.2   145.3   244.0   299.5   329.3   351.4   379.3   412.8   465.7   627.4  1307.0  2975.1  79579.0    80132
read      238.2    62.5   101.3   159.0   172.1   231.4   257.2   270.5   280.4   292.5   309.1   335.4   412.5   631.9  1914.0   8142.0     8180
read      268.8    75.5    86.8   155.6   173.6   269.5   301.2   317.3   329.1   342.1   360.7   389.3   451.2   553.1   806.9  20648.0    20631
read      286.5   175.2    80.4   136.8   153.8   260.7   312.2   340.8   363.5   390.6   426.3   488.9   746.5  2434.0  3541.4 109120.0   109472
read      274.1   115.0    74.4   138.8   153.9   266.3   316.7   340.8   358.5   378.6   402.6   436.5   525.9   831.5  3794.1  46799.0    46664
read      227.6    84.0   101.3   156.5   168.5   220.8   242.4   254.2   263.9   273.8   288.1   310.2   370.8  1190.4  3891.2   5980.0     6150
read      261.7    94.8    93.8   158.9   174.5   261.4   289.9   304.1   314.1   325.6   341.0   365.6   424.5   612.0  3463.0  16435.0    16610
read      298.5   138.3    80.4   141.0   157.3   279.9   337.0   369.4   392.8   419.9   453.9   507.6   731.9  1402.4  2404.6  42400.0    42753
read      244.1    82.8   109.4   156.5   169.5   236.4   264.8   279.1   289.4   301.0   317.2   343.5   430.5  1221.7  2574.0   9601.0     9304
read      239.2    70.6    93.8   156.6   169.2   232.4   260.1   273.5   284.1   295.2   311.0   335.8   409.3   739.7  2401.1   8666.0     8734
read      362.0   422.7    80.4   134.7   151.5   266.8   330.0   373.4   410.2   466.2   567.8   860.2  2035.4  5282.3  7957.8  89171.0    89512
read      263.8    99.8    74.4   131.1   146.3   250.9   307.1   333.4   351.5   373.1   399.0   435.9   523.1   682.3  1064.5  58819.0    58784
read      261.0   106.6    74.4   132.6   148.4   243.6   294.2   320.6   340.5   364.5   394.7   439.8   550.2   840.4  2063.7 105055.0   104359
read      234.5    62.6    86.8   155.2   168.5   230.4   255.7   268.6   277.2   288.6   301.6   320.5   386.2   629.8  2055.6   8850.0     8750
read      268.4    86.1    86.8   144.5   161.1   269.2   307.9   325.9   338.8   353.9   372.7   402.5   468.2   620.7  1948.3  31733.0    31858
read      272.9    96.5    93.8   151.6   168.6   271.8   307.2   323.5   336.7   351.3   370.9   401.3   468.8  1194.3  2685.9  20755.0    20648
read      323.3   230.1    80.4   133.5   149.8   258.9   322.7   371.2   416.9   480.8   577.6   750.4  1174.2  2121.4  3169.1  90541.0    91120
read      336.8   267.8    80.4   136.3   152.7   261.6   325.1   373.0   418.7   488.2   604.6   816.5  1435.3  2633.2  4902.6  91921.0    91975
read      258.8   109.0    80.4   128.7   143.3   238.9   294.1   322.8   343.3   369.3   398.8   442.6   546.6   911.3  1968.5  79052.0    79487
read      257.8   110.6    74.4   128.8   143.3   237.9   290.5   318.1   338.3   363.2   395.2   444.4   567.2  1033.5  1522.9  93555.0    93804
read      268.7    96.3    80.4   135.7   151.4   262.8   314.3   338.0   354.4   372.7   395.9   430.0   496.3   626.0  1338.6  47829.0    47660
read      266.7    98.2    80.4   133.2   148.6   257.2   310.5   336.2   354.1   373.6   400.4   436.5   505.9   635.7  1161.3  53087.0    53383
read      267.3   120.9    80.4   132.4   147.9   251.3   309.3   337.4   357.1   379.4   405.0   442.3   534.1   839.5  2977.5  60687.0    60697
read      270.1    69.8    86.8   159.5   176.7   272.0   303.0   318.0   329.5   342.0   359.3   385.3   436.6   555.7   873.8  19925.0    19954
read      267.2   131.1    80.4   130.6   145.2   242.6   298.7   329.2   351.9   379.0   412.9   463.0   647.7  1451.6  3264.5  76253.0    76807
read      269.7   151.4    80.4   132.2   147.4   243.1   294.2   321.9   343.3   369.6   403.4   462.1   786.7  2047.7  2522.3 102869.0   102724
read      277.5    96.1    86.8   145.9   161.7   277.4   320.4   342.1   357.0   372.6   394.5   426.0   491.5   623.3  3022.0  36335.0    36517
read      264.3   124.4    80.4   130.8   146.1   241.1   293.6   321.8   343.5   369.5   402.9   455.4   657.4  1375.5  2136.1  90349.0    90439
read      276.0   176.5    80.4   132.2   148.0   247.1   299.6   329.0   351.2   379.3   415.0   471.5   839.8  2183.6  4381.1  93487.0    92826
read      278.0   185.3    80.4   133.6   149.3   249.0   301.0   329.6   351.1   378.3   414.0   474.8   799.0  2855.0  5131.5  99585.0    99778
read      263.2   117.5    80.4   130.7   145.6   240.9   294.2   322.8   344.6   371.3   404.8   456.5   604.8  1295.6  1811.4  87345.0    87276
read      266.3   107.5    80.4   132.6   147.5   247.7   305.0   335.0   357.2   382.7   411.2   453.9   549.2   783.1  1153.4  67730.0    67275
read      247.9   122.0    93.8   160.4   174.4   242.0   267.6   280.6   290.0   300.5   315.3   339.8   400.5  1850.4  2771.0  10019.0    10087
read      274.0    94.7    86.8   140.8   156.1   271.7   319.6   341.6   357.5   374.6   397.4   429.4   500.4   606.1  1676.2  41662.0    41900
read      267.3   118.4    80.4   132.1   147.0   251.4   307.7   335.6   355.7   378.4   403.6   444.5   543.4  1012.4  2564.9  60287.0    60263
read      255.8   103.5    68.9   127.0   141.2   236.2   291.7   320.2   341.0   366.4   397.2   440.7   538.6   839.3  1091.7  79301.0    79470
read      269.2    73.0    86.8   154.4   171.5   272.7   304.0   318.9   329.9   341.5   357.7   382.6   441.4   568.7   977.0  21113.0    20947
read      253.7   100.8    74.4   127.8   141.7   233.7   289.9   318.7   339.6   363.9   394.2   435.8   532.0   718.0  1005.5  78866.0    79025
read      254.7   104.1    80.4   128.8   142.9   235.1   287.6   315.8   336.1   360.4   391.2   435.7   547.5   820.9  1171.4  93576.0    93419
read      254.4   105.8    74.4   128.7   142.9   234.3   288.4   317.1   337.5   362.4   393.7   436.0   531.4   792.9  1534.9  87383.0    86804
read      244.5    63.3   101.3   156.5   171.0   242.3   269.0   282.6   291.9   303.2   317.4   341.7   395.6   543.3   686.5  11354.0    11405
read      271.4    85.8    80.4   144.2   160.2   273.8   313.2   331.9   344.4   360.7   380.0   410.5   475.5   605.2  1073.8  33269.0    33882
read      237.0    77.7   101.3   154.6   167.7   230.1   256.6   269.8   279.2   291.0   306.7   333.1   403.3   764.3  3130.6   8486.0     8430
read      233.5    63.6   109.4   156.0   168.7   228.7   253.0   266.6   275.3   286.8   299.0   320.8   376.0   611.3  1996.9   7942.0     7942
read      278.7   198.6    74.4   131.0   146.5   241.5   293.3   321.4   342.7   370.1   407.5   481.7  1132.9  2511.7  3528.9 104530.0   105057
read      252.9   101.9    74.4   127.0   140.9   233.8   288.0   316.1   336.5   360.3   390.4   433.7   532.6   792.2  1345.1  82022.0    82445
read      274.2    93.6    86.8   141.8   157.6   273.3   320.2   341.9   357.2   373.3   394.7   426.0   486.1   581.0  1186.6  40208.0    40392
read      260.1    68.3   101.3   157.7   174.4   261.5   289.1   303.1   312.9   323.6   339.9   365.5   420.8   614.0  1910.7  16723.0    16556
read      261.7   137.1    80.4   128.7   143.3   237.8   291.5   319.6   341.3   367.0   400.2   453.0   645.1  1261.5  2018.1  91180.0    91947
read      271.1    82.2    80.4   148.5   164.8   273.6   311.0   328.8   340.8   355.4   372.6   400.3   462.4   616.3  1299.0  28496.0    28551
read      258.9   113.7    74.4   127.9   141.9   237.6   292.5   320.8   342.8   370.0   401.0   448.0   566.1  1134.5  1853.1  78192.0    78108
read      259.5    74.3    93.8   153.4   169.5   260.9   290.9   305.8   315.6   327.7   343.0   367.8   423.2   607.3  2221.1  18789.0    18719
read      256.0    64.5   101.3   160.8   176.2   255.8   282.1   295.3   306.0   317.5   333.7   358.1   416.1   616.4  1425.0  13015.0    13168
read      272.4   151.4    86.8   137.0   152.0   262.2   315.3   339.9   357.8   378.0   400.2   432.4   509.1   838.1  7560.6  48386.0    48375
read      280.6   172.9    80.4   134.5   150.4   251.6   303.5   332.3   354.1   381.1   415.9   478.8   871.6  2093.0  3198.3  98488.0    98215
read      267.0   119.6    80.4   131.2   145.8   248.0   305.8   335.3   356.8   381.9   411.1   452.7   556.3   820.7  3641.3  62261.0    62057
read      274.0   178.3    74.4   131.8   147.1   245.0   297.3   325.9   346.9   374.3   409.4   468.7   807.0  2145.2  6590.2  95028.0    94693
read      260.4   118.2    74.4   130.0   144.9   238.9   291.7   320.5   341.7   367.2   398.8   447.6   574.4  1248.2  2788.3  92232.0    92475
read      257.5   103.3    74.4   128.9   143.2   238.2   292.8   321.1   341.6   366.7   398.2   444.8   547.0   797.8  1088.2  83556.0    83505
read      268.1   122.5    80.4   134.7   150.6   249.8   298.8   325.8   345.5   370.3   403.1   454.1   585.5  1428.3  3312.3 109725.0   109987
read      256.9   108.5    74.4   129.0   143.2   236.7   289.4   317.7   337.9   362.5   394.3   439.6   567.2  1034.8  1455.8  93552.0    93810
read      265.4    99.4    80.4   132.8   148.1   253.2   309.3   336.0   354.3   375.3   400.0   435.3   511.3   641.1   969.4  56229.0    56123
read      262.4    70.1    93.8   153.2   169.8   265.2   294.7   309.8   319.4   332.1   345.5   371.4   428.8   558.6  1079.4  20337.0    20359
read      265.3    99.7    80.4   132.3   147.8   255.5   309.4   335.4   353.4   373.6   397.4   431.4   507.4   644.5  1156.9  54334.0    54191
read      259.0   142.3    80.4   128.1   142.7   236.4   287.6   314.5   334.6   359.1   391.6   441.8   596.5  2054.1  3737.3  97557.0    97761
read      262.6   117.9    80.4   132.0   147.3   242.9   293.4   319.6   339.8   364.4   395.8   447.6   590.2  1213.1  2915.0 102067.0   101798
read      249.3    64.4   101.3   158.7   174.3   246.1   272.3   286.7   296.0   308.1   320.8   346.5   420.5   706.9   806.1  11823.0    11665
read      270.8   138.6    80.4   132.4   147.3   245.8   298.6   327.9   348.8   376.6   410.4   466.6   748.3  1486.6  3197.1  92928.0    93664
read      230.9    62.2   109.4   157.7   169.8   226.0   249.4   262.0   270.6   281.4   295.0   317.1   369.6   581.6  3050.5   7588.0     7403
read      264.3   109.8    80.4   130.2   144.6   245.2   300.4   329.8   351.5   378.3   409.8   457.1   583.1   900.4  1092.1  72428.0    73227
read      264.7   119.5    80.4   131.2   146.3   242.2   295.1   323.3   344.5   370.6   404.5   457.3   647.1  1265.4  1835.9  91504.0    91119
read      262.6   111.8    80.4   129.4   143.8   241.6   298.1   328.3   350.0   376.2   406.8   454.3   583.8   925.6  1708.6  76210.0    76654
read      273.3   105.7    68.9   136.9   152.1   262.4   318.4   344.6   363.4   384.7   410.5   446.6   523.2   709.1  2192.1  52364.0    52293
read      257.0    61.8    93.8   159.3   175.2   258.5   286.1   299.6   309.6   319.6   335.0   357.2   403.5   594.0   674.1  15087.0    15050
read      276.8   210.4    80.4   130.5   145.4   245.5   299.8   329.5   351.4   378.7   414.6   472.7   830.7  3248.3  7777.4  87999.0    88148
read      250.9    60.6    86.8   159.9   174.1   250.5   277.3   290.5   299.4   311.5   325.5   349.2   401.2   572.4   992.4  13508.0    13524
read      270.9   103.9    86.8   135.7   151.1   258.8   314.5   341.5   360.5   382.1   408.4   446.6   528.4   692.1  1148.4  54548.0    54805
read      250.6    59.7   101.3   158.6   173.6   250.9   277.7   290.8   299.7   311.3   324.4   345.6   398.3   601.6   781.9  14506.0    14412
read      259.7   105.5    74.4   128.4   142.5   241.8   299.4   327.4   346.9   371.5   399.1   438.9   538.8   853.9  1600.1  68428.0    68941
read      256.0   115.6    74.4   127.8   142.2   236.0   288.8   316.0   336.0   360.0   390.6   436.0   564.8  1075.6  2028.4  90090.0    89820
read      255.1   134.5    74.4   128.1   142.4   235.3   287.2   314.8   335.0   359.0   390.0   435.6   542.4   875.9  4058.3  91323.0    91153
read      268.1    79.0    86.8   150.6   167.5   271.7   304.3   319.1   330.9   343.5   362.4   390.6   450.1   574.3  1964.3  24427.0    24369
read      270.3    93.0    86.8   138.7   154.0   268.1   315.0   336.9   352.1   370.7   393.4   424.9   489.0   574.9  1258.4  42639.0    42486
read      279.3   102.5    86.8   148.8   164.4   278.4   316.6   336.3   350.2   369.0   391.8   425.3   509.3  1083.7  3526.5  27440.0    27648
read      278.7   104.9    80.4   144.3   160.8   275.6   318.1   339.9   356.8   377.1   400.2   433.6   507.4   737.4  3349.0  31923.0    31851
read      300.9   253.2    80.4   134.5   150.8   255.0   307.1   337.5   361.4   391.6   433.8   535.5  1483.8  2941.8  5981.1 100032.0   100322
read      258.2   113.2    74.4   129.9   144.3   238.3   290.0   317.2   337.1   361.3   393.3   443.2   575.7  1073.0  2025.3  93805.0    94014
read      260.2    78.6   101.3   156.3   173.2   261.5   289.6   303.8   313.6   324.6   340.1   365.3   424.1   558.8  3814.4  17056.0    16913
read      224.6    71.7   109.4   155.8   167.0   217.9   239.5   252.7   262.1   272.0   286.2   308.2   367.4   624.1  3893.8   5894.0     5947
read      272.6   181.7    74.4   131.7   146.5   247.3   302.3   332.7   355.5   383.2   417.4   468.3   660.3  1875.3  7414.7  76530.0    77583
read      228.1    75.9   101.3   156.7   168.7   221.1   243.9   255.2   264.6   274.0   288.2   311.4   378.3   691.4  3330.5   6199.0     6265
read      271.9   134.0    74.4   133.0   148.6   253.8   310.2   338.8   359.8   384.4   413.5   456.0   563.8  1559.7  3203.6  58341.0    58967
read      278.8    96.9    80.4   144.0   160.2   276.2   322.9   345.3   362.1   380.5   402.5   433.5   503.5   687.4  1184.3  40468.0    40532
read      273.1   104.0    80.4   137.3   152.2   260.2   316.3   344.5   364.3   386.1   411.8   450.0   540.1   705.7  1956.1  56044.0    56191
read      269.2   187.3    74.4   129.1   144.2   238.1   290.1   318.7   340.1   366.7   400.9   458.6   790.2  2402.2  5770.5 103051.0   103011
read      270.4    83.2    86.8   154.1   170.1   273.1   306.3   321.4   333.4   345.3   363.6   390.9   449.2   607.5  1376.5  24731.0    24501
read      269.9   107.9    74.4   134.2   148.9   256.1   312.0   340.2   360.6   383.4   410.6   450.9   536.7   712.9  3091.4  57638.0    57444
read      267.8   111.7    80.4   131.9   147.2   251.6   309.9   338.4   358.8   382.4   410.1   448.8   538.0   857.4  2563.5  60244.0    60289
read      279.4   176.9    74.4   134.2   150.1   252.0   303.3   331.4   352.4   378.7   414.5   473.4   785.4  2314.6  3466.4 103766.0   103880
read      271.4    83.1    93.8   146.0   162.5   274.1   312.7   331.1   343.3   359.1   377.2   404.1   463.9   573.9   997.9  32783.0    32464
read      235.4    56.4    93.8   155.7   168.6   231.5   256.9   269.7   278.9   290.8   305.6   326.9   385.6   611.5  1291.6   9216.0     9285
read      264.3   114.9    80.4   133.4   149.1   245.6   295.2   321.5   341.8   365.9   396.8   449.2   593.7  1142.1  2184.7 109422.0   109877
read      271.1   137.9    93.8   152.8   169.4   270.5   302.3   317.5   328.7   341.1   358.6   385.9   456.9  1961.6  7677.1  22994.0    22850
read      272.9   110.6    74.4   141.5   157.6   271.2   315.3   335.5   349.0   366.9   387.9   417.4   490.7  1051.4  2699.2  38009.0    37879
read      258.9   124.1    80.4   128.6   142.9   236.7   289.6   317.6   338.7   363.6   394.6   442.4   605.4  1347.6  2963.6  90510.0    90611
read      270.3    92.8    80.4   139.1   154.6   267.8   314.8   336.7   351.7   370.2   392.8   424.0   484.4   590.6  1354.2  42489.0    42389
read      255.7   116.4    74.4   128.8   143.1   235.3   289.0   317.1   337.4   361.7   392.9   437.8   546.0   796.6  3390.5  89378.0    89747
read      262.1    66.4    93.8   155.9   172.6   265.0   293.5   307.7   316.9   328.7   343.0   369.2   429.9   536.6   678.5  18730.0    18888
read      263.1    67.8    93.8   158.3   174.9   265.1   293.8   308.4   317.8   330.1   344.0   370.3   422.1   608.8  1298.9  18503.0    18342
read      264.8   108.2    80.4   131.3   145.8   246.0   302.0   331.7   352.7   378.1   408.0   454.5   564.9   856.5  1418.4  71298.0    71509
read      269.4   141.0    68.9   132.1   147.5   244.9   297.0   326.1   347.6   375.7   409.9   464.5   691.8  1652.9  2836.0  93624.0    93765
read      272.6    88.7    80.4   143.4   159.7   271.9   314.3   335.6   350.5   368.7   390.2   420.3   484.7   627.1   869.8  35200.0    35150
read      249.7    57.7    93.8   162.5   176.7   248.4   273.8   287.4   296.1   308.0   320.6   344.8   400.6   585.1   691.4  11640.0    11581
read      269.4    99.9    74.4   135.5   150.6   259.8   314.4   340.1   358.6   379.6   402.5   437.1   511.7   656.3  1093.7  50821.0    51412
read      238.7    68.0   109.4   160.9   172.8   233.6   259.3   272.1   281.2   291.1   304.5   327.2   394.8   853.5  2803.2   8551.0     8462
read      277.8    98.2    86.8   151.2   167.4   278.7   314.9   333.0   345.2   362.1   382.0   410.6   487.8   907.2  3784.5  28557.0    28740
read      248.5   159.8   101.3   153.4   167.1   238.9   268.2   283.2   293.4   306.2   320.5   346.1   431.7  1808.3  8031.8  11780.0    11652
read      323.4   353.7    80.4   132.2   148.0   250.6   307.5   343.5   373.3   414.7   486.4   731.6  1607.4  5147.4  7924.4  99062.0    99757
read      273.0    86.9    74.4   145.1   161.2   274.1   315.6   335.3   348.3   365.5   385.9   415.6   484.2   608.1   720.2  35183.0    35286
read      256.3   111.1    74.4   126.8   141.2   234.5   289.2   317.4   337.5   362.6   395.0   443.8   614.0  1067.3  1321.3  86916.0    87947
read      236.9   103.0   101.3   155.8   169.2   231.0   256.0   269.5   278.7   290.0   303.9   325.3   392.0   599.9  5993.2   9776.0     9792
read      250.3    60.5   101.3   157.1   173.3   250.3   276.4   289.2   297.1   308.7   320.4   346.5   412.7   577.2   990.6  13748.0    13638
read      291.0   160.2    80.4   129.9   144.7   253.4   317.3   358.4   390.8   431.2   486.7   570.6   805.7  1618.0  2509.3  74872.0    75307
read      279.6   182.1    80.4   130.1   145.7   244.8   299.0   329.4   353.3   384.0   424.2   504.1   934.0  1960.5  2983.1  91306.0    91207
read      258.7   124.6    80.4   128.6   143.1   237.7   293.4   322.4   342.7   367.3   397.5   442.8   544.5  1035.1  3450.8  81611.0    81855
read      262.6   112.1    80.4   131.8   147.5   243.4   293.8   320.3   341.2   365.9   397.5   448.4   596.3  1101.4  1496.3 100608.0   100069
read      272.9    95.7    80.4   145.5   161.6   273.5   313.1   332.4   345.3   363.1   383.8   411.9   471.6   588.4  3829.7  32077.0    31951
read      263.1   106.4    80.4   133.3   149.0   245.7   295.7   322.3   342.5   367.0   397.7   444.9   567.2   979.4  1697.6 105095.0   104976
read      255.1   105.1    80.4   128.6   142.9   236.0   288.9   316.7   337.1   361.6   391.9   435.3   544.8   835.3  1356.7  87387.0    87502
read      255.4   105.1    74.4   127.7   141.8   236.4   290.9   318.7   339.3   364.5   394.6   438.8   538.6   745.7  1815.0  80152.0    80028
read      265.1    93.3    80.4   136.3   152.1   262.1   310.2   331.7   345.4   364.3   386.0   415.0   468.3   568.1   983.7  43986.0    44225
read      259.9   117.9    80.4   128.6   142.7   240.5   296.7   324.9   345.0   370.4   400.4   443.3   540.9   940.3  2908.1  72001.0    72415
read      254.5   122.9    74.4   127.7   142.1   235.4   288.1   315.6   335.8   360.5   391.8   435.2   538.7   826.4  4140.6  87287.0    87807
read      257.5    99.5    80.4   128.6   142.4   242.6   298.1   325.7   344.7   368.3   395.5   432.1   510.3   639.0   937.8  65620.0    65557
read      252.3    68.2    80.4   156.0   171.7   249.9   277.9   292.0   302.3   314.8   331.8   360.3   421.8   593.1  1929.2  14266.0    14385
read      274.5    82.2    86.8   149.8   166.8   277.1   312.6   330.7   343.1   359.5   378.8   404.3   468.8   599.3  1166.8  27378.0    27635
read      273.3   104.5    93.8   151.6   167.8   268.7   303.8   321.1   335.3   350.9   372.2   403.1   509.6  1446.2  2524.6  20838.0    20715
read      299.8   198.4    80.4   133.3   149.1   268.8   331.2   367.5   394.0   425.2   463.9   530.7   794.6  2983.3  3682.9  55600.0    55783
read      321.6   265.5    74.4   129.3   145.4   257.4   328.0   380.7   423.6   477.3   553.8   701.3  1129.1  3883.0  5500.9  81266.0    80848
read      351.2   347.6    80.4   131.5   147.6   262.1   332.5   387.3   434.2   502.9   605.7   832.5  1884.6  3940.1  7742.1  82444.0    82586
read      362.9   416.3    80.4   144.0   162.8   287.1   346.9   385.8   416.0   456.5   522.3   678.4  2865.4  4403.9  7949.7 104292.0   104093
read      271.9   102.2    86.8   136.1   151.2   262.4   316.0   342.9   361.8   382.7   407.2   443.5   526.4   684.4  1828.1  50719.0    50265
read      277.7   162.2    74.4   137.6   153.0   262.3   316.9   342.9   362.5   384.5   409.5   447.6   544.2  2578.4  4063.7  51572.0    51931
read      246.6    57.3   109.4   161.4   175.4   244.6   270.2   283.5   292.3   303.2   317.1   340.6   395.0   557.4   938.6  10687.0    10802
read      261.6   120.4    74.4   128.2   142.7   239.6   294.1   323.3   343.5   369.1   400.3   453.2   626.1  1192.1  2048.8  79264.0    79916
read      262.6    94.3    80.4   132.0   147.0   255.9   306.4   330.3   346.2   366.6   390.8   425.8   496.4   592.6   900.7  50560.0    50498
read      259.3   125.1    74.4   127.8   142.2   238.9   294.3   322.7   343.3   368.1   398.7   444.1   547.1  1252.5  3129.7  75630.0    75863
read      255.0   106.3    80.4   128.0   141.8   234.1   287.8   315.7   336.2   361.1   393.1   440.3   576.4   903.6  1181.4  88463.0    88817
read      272.7    83.6    80.4   149.1   165.9   276.1   311.6   328.6   340.3   354.8   372.8   400.6   463.1   600.5  1901.9  27883.0    27861
read      271.0    85.2    80.4   143.7   159.7   273.9   314.7   333.8   346.0   362.4   381.1   406.7   461.7   561.5   745.5  33760.0    33910
read      259.1   100.9    80.4   128.3   142.7   243.0   299.4   327.8   346.4   371.3   399.9   437.4   521.3   685.7  1110.4  65471.0    65491
read      261.6   112.1    74.4   129.7   144.3   247.6   302.6   328.5   346.2   370.8   397.6   435.3   520.7   759.2  4149.9  60764.0    60507
read      255.4   104.7    74.4   128.0   142.4   236.2   290.8   318.4   338.2   362.5   393.4   436.9   541.9   817.7  1275.6  84190.0    84276
read      263.2    94.4    74.4   133.3   148.7   254.8   307.8   331.5   347.0   368.1   392.9   428.0   498.8   594.3   736.4  51299.0    51201
read      267.3    77.3    86.8   152.4   169.6   269.3   301.1   316.6   328.1   341.2   359.1   386.8   447.5   647.0  1540.5  22763.0    22706
read      272.4    87.4    86.8   144.9   161.5   272.9   313.9   333.7   346.5   363.6   384.0   415.2   476.6   600.8  1461.4  33219.0    33092
read      266.0   116.3    74.4   131.0   145.9   246.8   302.1   331.5   351.8   377.5   409.8   456.8   588.5   861.4  3268.3  67208.0    67167
read      274.5   145.2    80.4   132.2   147.9   247.6   300.3   329.3   350.5   377.6   413.8   475.2   854.3  1534.6  2042.2  97670.0    97349
read      271.6   136.2    74.4   133.7   149.6   248.9   299.3   327.8   348.4   374.0   406.9   462.8   729.5  1479.8  2948.7 105908.0   105743
read      272.0   139.4    80.4   134.4   149.2   257.2   312.0   338.5   357.4   378.8   405.5   443.3   535.0  1917.1  3382.5  53493.0    53600
read      267.7    73.9    93.8   153.8   170.7   269.5   302.4   318.2   330.0   342.7   360.9   387.6   441.2   581.2  1138.2  21422.0    21310
read      262.5   111.1    80.4   130.0   144.4   241.3   296.7   327.1   348.9   376.5   408.0   456.3   581.9   898.4  1482.6  76568.0    76417
read      271.4    94.3    80.4   139.4   154.3   266.6   315.6   338.9   355.8   375.1   399.3   432.9   505.2   619.6   816.9  43775.0    43763
read      258.7   104.0    74.4   128.4   142.5   239.8   296.2   324.8   345.3   370.6   400.1   445.3   548.6   789.2  1003.8  74094.0    73896
read      273.3   172.5    80.4   131.6   146.8   244.9   297.0   325.5   346.2   373.1   408.2   465.1   780.5  2233.0  4552.4  97957.0    97794
read      266.2    79.5    93.8   153.1   169.8   268.9   300.5   315.0   325.2   338.0   353.6   377.8   433.2   592.2  2014.7  21469.0    21446
read      267.1   100.1    80.4   133.0   148.7   259.4   312.5   336.6   353.3   372.8   398.0   432.6   503.1   618.9  1936.2  50012.0    49988
read      229.0    71.9   109.4   153.4   166.1   222.6   247.5   260.3   269.3   280.1   294.5   316.9   380.7   593.1  3854.5   7199.0     7122
read      257.5   114.3    74.4   128.2   142.5   236.0   290.8   318.9   340.0   365.3   396.6   444.8   567.7  1051.3  1646.9  83048.0    83763
read      265.8    91.6    80.4   138.1   153.2   263.8   309.4   330.7   344.5   361.7   382.2   413.2   481.3   604.8  2022.6  40942.0    41140
read      254.3   111.7    74.4   127.8   142.1   234.7   286.9   314.1   333.8   357.5   388.2   433.3   556.1  1051.5  2393.2  95413.0    95462
read      262.4   128.9    80.4   131.6   147.3   242.6   293.0   319.7   340.0   364.7   396.7   445.2   591.0  1152.0  3151.4 103726.0   104165
read      262.6   113.2    74.4   132.0   147.1   243.2   294.3   321.5   342.0   367.0   398.2   448.1   593.8  1020.3  2035.6 100156.0   100019
read      273.2    89.4    80.4   143.4   159.6   274.2   316.6   336.1   349.1   366.4   387.9   419.1   474.3   637.6  1329.6  35510.0    35421
read      271.1   146.6    80.4   132.5   147.9   256.1   311.3   337.9   357.3   379.8   406.0   445.4   541.5  1706.1  4035.8  55931.0    55637
read      274.6    90.0    86.8   146.4   162.3   275.5   316.8   336.5   350.0   367.5   388.1   417.2   480.8   637.2  2223.3  34640.0    34477
read      276.6    93.5    86.8   144.7   160.6   275.9   320.4   341.4   356.6   373.4   395.1   426.5   498.6   627.9  2221.5  37526.0    37440
read      266.7   105.3    74.4   132.1   147.1   250.3   306.7   336.0   357.1   381.9   411.3   453.4   545.7   737.6   938.6  64854.0    64960
read      269.8   122.5    80.4   133.0   148.7   254.6   310.8   339.2   359.9   382.8   408.1   450.2   545.4   805.6  3572.0  58365.0    58635
read      267.6    78.7    93.8   154.5   171.3   270.0   301.3   316.0   326.8   339.5   356.7   385.2   439.9   607.4  1596.8  21680.0    21487
read      257.8   102.1    93.8   160.7   176.1   256.7   284.3   297.7   308.2   318.7   334.4   358.6   403.9   586.6  4956.7  14537.0    14640
read      276.8   143.4    93.8   151.2   167.2   269.3   305.7   324.0   338.2   355.3   377.7   416.1   541.9  1955.3  2985.2  21703.0    21957
read      293.0   225.5    86.8   134.2   149.8   267.3   321.9   352.5   374.9   402.1   435.0   487.9   765.3  3028.7  7699.5  43750.0    43413
read      296.5   200.1    80.4   127.5   141.7   254.6   321.0   362.9   395.2   433.9   485.0   573.6   938.4  2029.8  7000.6  68383.0    68826
read      284.2   186.6    86.8   135.5   150.8   265.2   317.8   345.7   367.2   392.0   422.0   466.5   592.2  2850.7  7224.6  42328.0    42244
read      304.0   244.3    80.4   129.6   144.6   260.5   327.0   370.2   402.6   439.1   486.3   565.6   870.1  3659.7  7112.9  65506.0    65554
read      308.8   269.7    74.4   128.6   143.2   256.1   325.0   369.5   403.0   445.5   500.2   596.4   985.8  3830.5  7179.1  71987.0    72635
read      228.7    75.9   109.4   152.2   163.7   220.4   246.0   260.0   270.3   282.4   296.4   321.1   381.1   727.4  3131.8   8388.0     8234
read      399.2   406.5    74.4   140.9   158.6   281.1   358.5   420.8   481.0   572.3   734.8  1078.9  2146.8  3660.2  7911.7  84134.0    85104
read      363.8   474.4    80.4   136.2   153.9   274.3   334.7   372.0   401.7   443.7   510.1   693.1  2992.7  6149.2  8038.3  96901.0    97153

Total QPS = 58236.0 (104824752 / 1800.0s)

Total connections = 64
Misses = 0 (0.0%)
Skipped TXs = 0 (0.0%)

RX 25891713497 bytes :   13.7 MB/s
TX          0 bytes :    0.0 MB/s
Warning! Detected max cpu usage > 95%
CPU Usage Stats (avg/min/max): 99.92%,30.26%,100.00%
