timestamp,core0,core1,core2,core3
2026-05-15T01:21:41.135559,0.00,0.00,50.00,0.00
2026-05-15T01:21:41.236017,0.00,0.00,0.00,0.00
2026-05-15T01:21:41.336520,0.00,0.00,0.00,0.00
2026-05-15T01:21:41.436982,0.00,0.00,0.00,0.00
2026-05-15T01:21:41.537440,0.00,0.00,0.00,0.00
2026-05-15T01:21:41.637888,0.00,9.10,0.00,0.00
2026-05-15T01:21:41.738298,0.00,0.00,0.00,0.00
2026-05-15T01:21:41.838776,0.00,0.00,0.00,0.00
2026-05-15T01:21:41.939166,9.10,0.00,0.00,0.00
2026-05-15T01:21:42.039647,18.20,0.00,0.00,0.00
2026-05-15T01:21:42.140137,0.00,0.00,0.00,0.00
2026-05-15T01:21:42.240544,0.00,0.00,0.00,0.00
2026-05-15T01:21:42.341001,0.00,0.00,0.00,0.00
2026-05-15T01:21:42.441456,0.00,9.10,9.10,0.00
2026-05-15T01:21:42.541902,0.00,0.00,0.00,0.00
2026-05-15T01:21:42.642304,0.00,0.00,0.00,0.00
2026-05-15T01:21:42.742713,0.00,0.00,0.00,0.00
2026-05-15T01:21:42.843122,0.00,0.00,0.00,0.00
2026-05-15T01:21:42.943461,0.00,0.00,0.00,0.00
2026-05-15T01:21:43.043962,0.00,0.00,0.00,9.10
2026-05-15T01:21:43.144451,0.00,0.00,0.00,0.00
2026-05-15T01:21:43.244903,0.00,0.00,0.00,0.00
2026-05-15T01:21:43.345351,0.00,0.00,0.00,0.00
2026-05-15T01:21:43.445781,0.00,0.00,0.00,0.00
2026-05-15T01:21:43.546227,0.00,0.00,0.00,0.00
2026-05-15T01:21:43.646744,0.00,0.00,0.00,0.00
2026-05-15T01:21:43.747213,0.00,0.00,0.00,0.00
2026-05-15T01:21:43.847698,0.00,0.00,0.00,0.00
2026-05-15T01:21:43.948148,0.00,9.10,0.00,0.00
2026-05-15T01:21:44.048652,0.00,0.00,0.00,0.00
2026-05-15T01:21:44.149043,0.00,0.00,0.00,0.00
2026-05-15T01:21:44.249520,0.00,0.00,9.10,0.00
2026-05-15T01:21:44.349932,0.00,0.00,0.00,0.00
2026-05-15T01:21:44.450355,0.00,0.00,0.00,0.00
2026-05-15T01:21:44.550872,0.00,0.00,0.00,0.00
2026-05-15T01:21:44.651384,9.10,0.00,0.00,0.00
2026-05-15T01:21:44.751878,0.00,0.00,0.00,0.00
2026-05-15T01:21:44.852321,0.00,0.00,10.00,0.00
2026-05-15T01:21:44.952816,0.00,0.00,0.00,0.00
2026-05-15T01:21:45.053312,0.00,0.00,0.00,0.00
2026-05-15T01:21:45.153857,0.00,0.00,0.00,0.00
2026-05-15T01:21:45.254315,0.00,0.00,0.00,0.00
2026-05-15T01:21:45.354892,0.00,0.00,0.00,0.00
2026-05-15T01:21:45.455347,0.00,0.00,0.00,0.00
2026-05-15T01:21:45.555882,0.00,0.00,0.00,0.00
2026-05-15T01:21:45.656314,0.00,0.00,0.00,0.00
2026-05-15T01:21:45.756816,0.00,0.00,0.00,0.00
2026-05-15T01:21:45.857289,0.00,0.00,0.00,0.00
2026-05-15T01:21:45.957755,0.00,9.10,9.10,0.00
2026-05-15T01:21:46.058222,0.00,0.00,0.00,0.00
2026-05-15T01:21:46.158723,0.00,9.10,0.00,0.00
2026-05-15T01:21:46.259123,0.00,0.00,0.00,0.00
2026-05-15T01:21:46.359558,0.00,0.00,0.00,0.00
2026-05-15T01:21:46.459985,0.00,0.00,0.00,0.00
2026-05-15T01:21:46.560440,0.00,0.00,0.00,0.00
2026-05-15T01:21:46.661000,18.20,0.00,0.00,0.00
2026-05-15T01:21:46.761459,0.00,0.00,0.00,0.00
2026-05-15T01:21:46.861932,0.00,0.00,0.00,0.00
2026-05-15T01:21:46.962325,0.00,0.00,9.10,0.00
2026-05-15T01:21:47.062871,0.00,0.00,0.00,0.00
2026-05-15T01:21:47.163380,0.00,0.00,0.00,0.00
2026-05-15T01:21:47.263889,0.00,0.00,0.00,9.10
2026-05-15T01:21:47.364367,0.00,0.00,0.00,0.00
2026-05-15T01:21:47.464888,0.00,0.00,0.00,0.00
2026-05-15T01:21:47.565409,0.00,0.00,0.00,0.00
2026-05-15T01:21:47.665923,0.00,0.00,0.00,0.00
2026-05-15T01:21:47.766405,0.00,0.00,0.00,0.00
2026-05-15T01:21:47.866897,0.00,0.00,0.00,0.00
2026-05-15T01:21:47.967310,0.00,0.00,0.00,0.00
2026-05-15T01:21:48.067785,0.00,0.00,0.00,0.00
2026-05-15T01:21:48.168345,0.00,0.00,0.00,0.00
2026-05-15T01:21:48.268835,0.00,0.00,10.00,9.10
2026-05-15T01:21:48.369279,0.00,0.00,0.00,0.00
2026-05-15T01:21:48.469733,0.00,0.00,0.00,0.00
2026-05-15T01:21:48.570184,0.00,0.00,0.00,0.00
2026-05-15T01:21:48.670649,9.10,0.00,0.00,0.00
2026-05-15T01:21:48.771094,0.00,0.00,0.00,0.00
2026-05-15T01:21:48.871602,0.00,0.00,0.00,0.00
2026-05-15T01:21:48.972053,0.00,9.10,0.00,0.00
2026-05-15T01:21:49.072477,0.00,0.00,9.10,0.00
2026-05-15T01:21:49.172982,0.00,0.00,0.00,0.00
2026-05-15T01:21:49.273417,0.00,0.00,0.00,0.00
2026-05-15T01:21:49.373904,0.00,0.00,0.00,0.00
2026-05-15T01:21:49.474352,0.00,0.00,0.00,0.00
2026-05-15T01:21:49.574783,0.00,0.00,0.00,0.00
2026-05-15T01:21:49.675248,0.00,0.00,0.00,0.00
2026-05-15T01:21:49.775742,9.10,0.00,9.10,0.00
2026-05-15T01:21:49.876181,0.00,0.00,0.00,0.00
2026-05-15T01:21:49.976657,0.00,0.00,0.00,0.00
2026-05-15T01:21:50.077161,0.00,0.00,0.00,0.00
2026-05-15T01:21:50.177663,0.00,0.00,0.00,0.00
2026-05-15T01:21:50.278088,0.00,0.00,0.00,0.00
2026-05-15T01:21:50.378547,0.00,0.00,0.00,0.00
2026-05-15T01:21:50.478893,0.00,0.00,0.00,0.00
2026-05-15T01:21:50.579368,0.00,0.00,0.00,0.00
2026-05-15T01:21:50.679867,0.00,0.00,0.00,0.00
2026-05-15T01:21:50.780275,0.00,0.00,0.00,0.00
2026-05-15T01:21:50.880755,0.00,0.00,0.00,0.00
2026-05-15T01:21:50.981205,0.00,0.00,0.00,0.00
2026-05-15T01:21:51.081685,0.00,0.00,0.00,0.00
2026-05-15T01:21:51.182114,9.10,0.00,0.00,0.00
2026-05-15T01:21:51.282540,0.00,0.00,0.00,0.00
2026-05-15T01:21:51.383003,0.00,0.00,0.00,0.00
2026-05-15T01:21:51.483463,0.00,0.00,0.00,0.00
2026-05-15T01:21:51.583942,0.00,0.00,0.00,0.00
2026-05-15T01:21:51.684429,0.00,0.00,0.00,0.00
2026-05-15T01:21:51.784926,0.00,0.00,0.00,0.00
2026-05-15T01:21:51.885348,0.00,0.00,0.00,0.00
2026-05-15T01:21:51.985851,0.00,9.10,0.00,0.00
2026-05-15T01:21:52.086308,0.00,0.00,0.00,9.10
2026-05-15T01:21:52.186803,0.00,0.00,0.00,0.00
2026-05-15T01:21:52.287262,10.00,0.00,0.00,0.00
2026-05-15T01:21:52.387796,0.00,9.10,0.00,0.00
2026-05-15T01:21:52.488302,0.00,0.00,0.00,0.00
2026-05-15T01:21:52.588802,0.00,0.00,0.00,0.00
2026-05-15T01:21:52.689221,0.00,0.00,9.10,0.00
2026-05-15T01:21:52.789657,0.00,0.00,0.00,0.00
2026-05-15T01:21:52.890063,0.00,0.00,0.00,0.00
2026-05-15T01:21:52.990597,0.00,10.00,10.00,0.00
2026-05-15T01:21:53.091088,10.00,0.00,0.00,0.00
2026-05-15T01:21:53.191607,10.00,0.00,0.00,0.00
2026-05-15T01:21:53.292060,0.00,18.20,0.00,0.00
2026-05-15T01:21:53.392562,0.00,10.00,10.00,0.00
2026-05-15T01:21:53.492962,0.00,0.00,9.10,0.00
2026-05-15T01:21:53.593448,18.20,0.00,0.00,0.00
2026-05-15T01:21:53.693913,0.00,10.00,0.00,0.00
2026-05-15T01:21:53.794301,0.00,10.00,0.00,0.00
2026-05-15T01:21:53.894846,10.00,0.00,10.00,9.10
2026-05-15T01:21:53.995277,10.00,10.00,10.00,0.00
2026-05-15T01:21:54.095733,10.00,10.00,0.00,0.00
2026-05-15T01:21:54.196125,10.00,0.00,10.00,0.00
2026-05-15T01:21:54.296614,0.00,10.00,0.00,0.00
2026-05-15T01:21:54.397132,0.00,0.00,0.00,0.00
2026-05-15T01:21:54.497646,10.00,0.00,0.00,0.00
2026-05-15T01:21:54.598045,10.00,10.00,10.00,0.00
2026-05-15T01:21:54.698545,0.00,0.00,0.00,0.00
2026-05-15T01:21:54.798953,10.00,0.00,0.00,10.00
2026-05-15T01:21:54.899450,0.00,10.00,10.00,0.00
2026-05-15T01:21:54.999898,0.00,0.00,0.00,0.00
2026-05-15T01:21:55.100314,0.00,10.00,10.00,0.00
2026-05-15T01:21:55.200869,10.00,0.00,10.00,0.00
2026-05-15T01:21:55.301318,10.00,10.00,0.00,0.00
2026-05-15T01:21:55.402010,10.00,10.00,0.00,0.00
2026-05-15T01:21:55.502494,0.00,0.00,0.00,10.00
2026-05-15T01:21:55.602948,10.00,0.00,0.00,0.00
2026-05-15T01:21:55.703456,0.00,0.00,0.00,0.00
2026-05-15T01:21:55.804001,0.00,0.00,10.00,0.00
2026-05-15T01:21:55.904554,10.00,18.20,0.00,9.10
2026-05-15T01:21:56.004986,10.00,10.00,0.00,0.00
2026-05-15T01:21:56.105521,0.00,0.00,0.00,0.00
2026-05-15T01:21:56.205940,0.00,0.00,18.20,0.00
2026-05-15T01:21:56.306342,10.00,10.00,10.00,10.00
2026-05-15T01:21:56.406789,0.00,10.00,0.00,0.00
2026-05-15T01:21:56.507170,0.00,0.00,0.00,0.00
2026-05-15T01:21:56.607676,10.00,0.00,10.00,0.00
2026-05-15T01:21:56.708101,0.00,0.00,0.00,0.00
2026-05-15T01:21:56.808646,10.00,10.00,0.00,0.00
2026-05-15T01:21:56.909044,10.00,0.00,0.00,9.10
2026-05-15T01:21:57.009540,0.00,10.00,10.00,0.00
2026-05-15T01:21:57.110019,0.00,0.00,0.00,0.00
2026-05-15T01:21:57.210483,10.00,0.00,0.00,0.00
2026-05-15T01:21:57.310895,10.00,0.00,10.00,0.00
2026-05-15T01:21:57.411349,0.00,10.00,0.00,0.00
2026-05-15T01:21:57.511856,0.00,0.00,0.00,0.00
2026-05-15T01:21:57.612316,10.00,10.00,10.00,0.00
2026-05-15T01:21:57.712811,0.00,0.00,10.00,0.00
2026-05-15T01:21:57.813240,0.00,10.00,0.00,0.00
2026-05-15T01:21:57.913796,10.00,0.00,0.00,0.00
2026-05-15T01:21:58.014197,18.20,0.00,0.00,0.00
2026-05-15T01:21:58.114764,0.00,0.00,0.00,0.00
2026-05-15T01:21:58.215209,10.00,18.20,18.20,0.00
2026-05-15T01:21:58.315718,0.00,0.00,0.00,0.00
2026-05-15T01:21:58.416149,0.00,0.00,0.00,0.00
2026-05-15T01:21:58.516613,10.00,0.00,0.00,0.00
2026-05-15T01:21:58.617040,0.00,0.00,0.00,0.00
2026-05-15T01:21:58.717608,10.00,0.00,0.00,0.00
2026-05-15T01:21:58.818056,0.00,18.20,0.00,0.00
2026-05-15T01:21:58.918537,0.00,10.00,10.00,0.00
2026-05-15T01:21:59.018990,18.20,0.00,0.00,9.10
2026-05-15T01:21:59.119528,0.00,10.00,0.00,0.00
2026-05-15T01:21:59.219940,0.00,0.00,10.00,0.00
2026-05-15T01:21:59.320357,0.00,0.00,10.00,0.00
2026-05-15T01:21:59.420881,0.00,10.00,0.00,0.00
2026-05-15T01:21:59.521424,0.00,10.00,10.00,0.00
2026-05-15T01:21:59.621885,18.20,10.00,0.00,0.00
2026-05-15T01:21:59.722283,0.00,0.00,0.00,0.00
2026-05-15T01:21:59.822818,0.00,0.00,10.00,9.10
2026-05-15T01:21:59.923250,0.00,10.00,0.00,0.00
2026-05-15T01:22:00.023716,0.00,0.00,10.00,0.00
2026-05-15T01:22:00.124189,18.20,10.00,0.00,0.00
2026-05-15T01:22:00.224688,0.00,0.00,0.00,0.00
2026-05-15T01:22:00.325073,0.00,9.10,0.00,0.00
2026-05-15T01:22:00.425560,18.20,0.00,10.00,0.00
2026-05-15T01:22:00.525920,0.00,0.00,0.00,0.00
2026-05-15T01:22:00.626342,10.00,0.00,0.00,9.10
2026-05-15T01:22:00.726890,0.00,18.20,0.00,0.00
2026-05-15T01:22:00.827319,0.00,0.00,0.00,0.00
2026-05-15T01:22:00.928045,10.00,0.00,10.00,0.00
2026-05-15T01:22:01.028553,10.00,0.00,10.00,0.00
2026-05-15T01:22:01.128968,0.00,10.00,0.00,10.00
2026-05-15T01:22:01.229376,0.00,0.00,0.00,0.00
2026-05-15T01:22:01.329869,10.00,10.00,10.00,0.00
2026-05-15T01:22:01.430343,0.00,0.00,0.00,10.00
2026-05-15T01:22:01.530874,10.00,10.00,0.00,0.00
2026-05-15T01:22:01.631295,0.00,0.00,0.00,0.00
2026-05-15T01:22:01.731779,10.00,10.00,9.10,0.00
2026-05-15T01:22:01.832187,0.00,10.00,0.00,0.00
2026-05-15T01:22:01.932711,10.00,10.00,0.00,0.00
2026-05-15T01:22:02.033155,10.00,0.00,0.00,0.00
2026-05-15T01:22:02.133681,0.00,0.00,10.00,0.00
2026-05-15T01:22:02.234099,10.00,0.00,0.00,0.00
2026-05-15T01:22:02.334586,0.00,10.00,0.00,0.00
2026-05-15T01:22:02.435089,0.00,10.00,10.00,0.00
2026-05-15T01:22:02.535593,18.20,0.00,0.00,0.00
2026-05-15T01:22:02.635971,0.00,0.00,18.20,0.00
2026-05-15T01:22:02.736505,18.20,10.00,0.00,0.00
2026-05-15T01:22:02.837052,0.00,18.20,10.00,0.00
2026-05-15T01:22:02.937527,10.00,0.00,0.00,0.00
2026-05-15T01:22:03.037982,0.00,0.00,0.00,0.00
2026-05-15T01:22:03.138509,10.00,0.00,0.00,0.00
2026-05-15T01:22:03.238955,10.00,10.00,10.00,0.00
2026-05-15T01:22:03.339369,0.00,10.00,0.00,0.00
2026-05-15T01:22:03.439822,0.00,0.00,0.00,0.00
2026-05-15T01:22:03.540236,10.00,0.00,10.00,0.00
2026-05-15T01:22:03.640821,0.00,10.00,0.00,0.00
2026-05-15T01:22:03.741223,0.00,10.00,10.00,0.00
2026-05-15T01:22:03.841779,0.00,0.00,0.00,0.00
2026-05-15T01:22:03.942220,0.00,0.00,0.00,9.10
2026-05-15T01:22:04.042687,18.20,0.00,0.00,0.00
2026-05-15T01:22:04.143171,0.00,0.00,10.00,0.00
2026-05-15T01:22:04.243589,0.00,9.10,0.00,0.00
2026-05-15T01:22:04.344050,0.00,0.00,0.00,0.00
2026-05-15T01:22:04.444516,10.00,10.00,10.00,0.00
2026-05-15T01:22:04.544936,10.00,0.00,0.00,0.00
2026-05-15T01:22:04.645465,0.00,10.00,10.00,0.00
2026-05-15T01:22:04.745853,10.00,0.00,0.00,0.00
2026-05-15T01:22:04.846267,0.00,10.00,0.00,9.10
2026-05-15T01:22:04.946778,0.00,0.00,10.00,0.00
2026-05-15T01:22:05.047178,20.00,11.10,0.00,10.00
2026-05-15T01:22:05.147654,0.00,0.00,10.00,0.00
2026-05-15T01:22:05.248057,0.00,18.20,0.00,0.00
2026-05-15T01:22:05.348521,0.00,0.00,10.00,0.00
2026-05-15T01:22:05.448975,10.00,0.00,0.00,0.00
2026-05-15T01:22:05.549468,10.00,10.00,0.00,0.00
2026-05-15T01:22:05.649902,0.00,0.00,0.00,0.00
2026-05-15T01:22:05.750324,18.20,0.00,0.00,0.00
2026-05-15T01:22:05.850807,0.00,0.00,0.00,0.00
2026-05-15T01:22:05.951243,0.00,10.00,0.00,9.10
2026-05-15T01:22:06.051749,0.00,10.00,10.00,0.00
2026-05-15T01:22:06.152235,18.20,0.00,10.00,0.00
2026-05-15T01:22:06.252726,0.00,0.00,0.00,0.00
2026-05-15T01:22:06.353131,0.00,0.00,0.00,0.00
2026-05-15T01:22:06.453652,0.00,0.00,0.00,0.00
2026-05-15T01:22:06.554059,10.00,0.00,0.00,0.00
2026-05-15T01:22:06.654563,10.00,18.20,20.00,0.00
2026-05-15T01:22:06.754957,0.00,0.00,0.00,0.00
2026-05-15T01:22:06.855395,0.00,10.00,0.00,0.00
2026-05-15T01:22:06.955880,10.00,0.00,0.00,0.00
2026-05-15T01:22:07.056249,0.00,0.00,0.00,0.00
2026-05-15T01:22:07.156815,10.00,10.00,0.00,0.00
2026-05-15T01:22:07.257304,0.00,0.00,10.00,0.00
2026-05-15T01:22:07.357819,10.00,10.00,10.00,0.00
2026-05-15T01:22:07.458224,16.70,0.00,0.00,0.00
2026-05-15T01:22:07.558747,0.00,10.00,10.00,16.70
2026-05-15T01:22:07.659215,10.00,0.00,0.00,0.00
2026-05-15T01:22:07.759741,0.00,11.10,10.00,0.00
2026-05-15T01:22:07.860211,0.00,0.00,0.00,0.00
2026-05-15T01:22:07.960816,36.40,45.50,30.00,10.00
2026-05-15T01:22:08.061310,50.00,40.00,41.70,0.00
2026-05-15T01:22:08.161917,45.50,50.00,40.00,11.10
2026-05-15T01:22:08.262473,50.00,50.00,40.00,0.00
2026-05-15T01:22:08.363166,50.00,45.50,40.00,11.10
2026-05-15T01:22:08.463694,44.40,54.50,45.50,0.00
2026-05-15T01:22:08.564166,50.00,45.50,40.00,0.00
2026-05-15T01:22:08.664904,50.00,58.30,50.00,10.00
2026-05-15T01:22:08.765317,50.00,44.40,33.30,11.10
2026-05-15T01:22:08.865941,40.00,45.50,40.00,11.10
2026-05-15T01:22:08.966335,50.00,58.30,40.00,11.10
2026-05-15T01:22:09.066866,50.00,40.00,40.00,0.00
2026-05-15T01:22:09.167503,45.50,54.50,50.00,10.00
2026-05-15T01:22:09.268039,58.30,50.00,41.70,0.00
2026-05-15T01:22:09.368673,50.00,50.00,44.40,10.00
2026-05-15T01:22:09.469278,44.40,45.50,36.40,0.00
2026-05-15T01:22:09.569868,53.80,58.30,45.50,18.20
2026-05-15T01:22:09.670332,54.50,45.50,33.30,11.10
2026-05-15T01:22:09.770962,50.00,45.50,45.50,10.00
2026-05-15T01:22:09.871514,45.50,45.50,41.70,0.00
2026-05-15T01:22:09.972050,50.00,54.50,33.30,10.00
2026-05-15T01:22:10.072555,50.00,45.50,33.30,0.00
2026-05-15T01:22:10.173009,50.00,45.50,40.00,0.00
2026-05-15T01:22:10.273692,40.00,54.50,45.50,20.00
2026-05-15T01:22:10.374098,53.80,40.00,33.30,0.00
2026-05-15T01:22:10.474947,50.00,50.00,53.80,11.10
2026-05-15T01:22:10.575360,45.50,45.50,40.00,0.00
2026-05-15T01:22:10.676129,50.00,58.30,45.50,0.00
2026-05-15T01:22:10.776686,58.30,40.00,36.40,10.00
2026-05-15T01:22:10.877145,45.50,54.50,45.50,20.00
2026-05-15T01:22:10.977775,50.00,57.10,33.30,10.00
2026-05-15T01:22:11.078202,50.00,40.00,45.50,11.10
2026-05-15T01:22:11.178775,45.50,54.50,45.50,0.00
2026-05-15T01:22:11.279184,58.30,50.00,40.00,0.00
2026-05-15T01:22:11.379754,45.50,40.00,33.30,10.00
2026-05-15T01:22:11.480211,45.50,50.00,40.00,0.00
2026-05-15T01:22:11.580756,50.00,50.00,45.50,10.00
2026-05-15T01:22:11.681194,50.00,50.00,45.50,0.00
2026-05-15T01:22:11.781733,40.00,50.00,36.40,0.00
2026-05-15T01:22:11.882246,50.00,45.50,33.30,11.10
2026-05-15T01:22:11.982845,45.50,58.30,45.50,10.00
2026-05-15T01:22:12.083289,54.50,40.00,40.00,0.00
2026-05-15T01:22:12.184066,45.50,40.00,40.00,11.10
2026-05-15T01:22:12.284598,53.80,45.50,36.40,10.00
2026-05-15T01:22:12.385113,33.30,50.00,53.80,10.00
2026-05-15T01:22:12.485704,54.50,45.50,33.30,11.10
2026-05-15T01:22:12.586184,50.00,45.50,40.00,0.00
2026-05-15T01:22:12.686755,40.00,40.00,45.50,11.10
2026-05-15T01:22:12.787220,50.00,45.50,33.30,0.00
2026-05-15T01:22:12.887795,44.40,54.50,33.30,0.00
2026-05-15T01:22:12.988478,50.00,45.50,45.50,11.10
2026-05-15T01:22:13.089103,45.50,44.40,40.00,10.00
2026-05-15T01:22:13.189793,40.00,53.80,50.00,11.10
2026-05-15T01:22:13.290202,50.00,50.00,40.00,0.00
2026-05-15T01:22:13.390765,53.80,54.50,40.00,11.10
2026-05-15T01:22:13.491225,45.50,40.00,41.70,0.00
2026-05-15T01:22:13.591803,44.40,54.50,40.00,0.00
2026-05-15T01:22:13.692296,53.80,40.00,33.30,10.00
2026-05-15T01:22:13.793023,45.50,44.40,50.00,0.00
2026-05-15T01:22:13.893813,50.00,50.00,33.30,0.00
2026-05-15T01:22:13.994330,54.50,50.00,40.00,11.10
2026-05-15T01:22:14.095150,50.00,50.00,45.50,10.00
2026-05-15T01:22:14.195852,45.50,44.40,45.50,0.00
2026-05-15T01:22:14.296307,44.40,53.80,40.00,18.20
2026-05-15T01:22:14.396789,50.00,50.00,45.50,0.00
2026-05-15T01:22:14.497280,50.00,45.50,40.00,0.00
2026-05-15T01:22:14.597783,53.80,58.30,40.00,11.10
2026-05-15T01:22:14.698244,50.00,45.50,40.00,10.00
2026-05-15T01:22:14.798761,44.40,53.80,45.50,11.10
2026-05-15T01:22:14.899236,45.50,44.40,40.00,10.00
2026-05-15T01:22:14.999841,50.00,53.80,40.00,0.00
2026-05-15T01:22:15.100321,44.40,54.50,40.00,0.00
2026-05-15T01:22:15.200909,50.00,45.50,45.50,11.10
2026-05-15T01:22:15.301358,40.00,45.50,36.40,10.00
2026-05-15T01:22:15.402082,50.00,54.50,40.00,11.10
2026-05-15T01:22:15.502524,45.50,50.00,33.30,10.00
2026-05-15T01:22:15.603093,50.00,44.40,40.00,0.00
2026-05-15T01:22:15.703817,45.50,57.10,45.50,0.00
2026-05-15T01:22:15.804245,50.00,40.00,45.50,10.00
2026-05-15T01:22:15.904888,54.50,44.40,45.50,0.00
2026-05-15T01:22:16.005310,61.50,50.00,45.50,11.10
2026-05-15T01:22:16.105953,45.50,44.40,40.00,0.00
2026-05-15T01:22:16.206532,45.50,50.00,40.00,0.00
2026-05-15T01:22:16.306953,45.50,33.30,33.30,11.10
2026-05-15T01:22:16.407483,50.00,54.50,33.30,0.00
2026-05-15T01:22:16.508178,53.80,45.50,50.00,11.10
2026-05-15T01:22:16.608801,50.00,54.50,45.50,20.00
2026-05-15T01:22:16.709265,50.00,45.50,40.00,0.00
2026-05-15T01:22:16.809875,40.00,54.50,33.30,0.00
2026-05-15T01:22:16.910320,54.50,45.50,45.50,10.00
2026-05-15T01:22:17.010988,45.50,53.80,40.00,11.10
2026-05-15T01:22:17.111477,50.00,50.00,40.00,10.00
2026-05-15T01:22:17.211974,40.00,45.50,45.50,0.00
2026-05-15T01:22:17.312477,50.00,40.00,33.30,18.20
2026-05-15T01:22:17.413086,54.50,54.50,40.00,0.00
2026-05-15T01:22:17.513805,45.50,50.00,40.00,11.10
2026-05-15T01:22:17.614218,45.50,54.50,36.40,0.00
2026-05-15T01:22:17.714876,53.80,57.10,58.30,11.10
2026-05-15T01:22:17.815321,50.00,44.40,40.00,10.00
2026-05-15T01:22:17.916049,53.80,58.30,45.50,20.00
2026-05-15T01:22:18.016633,54.50,45.50,45.50,0.00
2026-05-15T01:22:18.117206,45.50,45.50,40.00,10.00
2026-05-15T01:22:18.217888,40.00,44.40,40.00,0.00
2026-05-15T01:22:18.318298,50.00,53.80,40.00,0.00
2026-05-15T01:22:18.418891,45.50,54.50,40.00,10.00
2026-05-15T01:22:18.519468,45.50,45.50,45.50,0.00
2026-05-15T01:22:18.620070,54.50,50.00,45.50,11.10
2026-05-15T01:22:18.720605,40.00,45.50,30.00,0.00
2026-05-15T01:22:18.821144,45.50,50.00,45.50,20.00
2026-05-15T01:22:18.921761,58.30,40.00,44.40,10.00
2026-05-15T01:22:19.022289,45.50,58.30,45.50,11.10
2026-05-15T01:22:19.123058,54.50,50.00,40.00,10.00
2026-05-15T01:22:19.223642,40.00,44.40,45.50,0.00
2026-05-15T01:22:19.324092,53.80,50.00,45.50,10.00
2026-05-15T01:22:19.424659,50.00,45.50,45.50,0.00
2026-05-15T01:22:19.525095,45.50,44.40,40.00,0.00
2026-05-15T01:22:19.625641,54.50,53.80,41.70,10.00
2026-05-15T01:22:19.726154,45.50,45.50,33.30,11.10
2026-05-15T01:22:19.826709,50.00,50.00,45.50,0.00
2026-05-15T01:22:19.927232,54.50,45.50,40.00,11.10
2026-05-15T01:22:20.027895,45.50,61.50,45.50,10.00
2026-05-15T01:22:20.128314,58.30,40.00,45.50,0.00
2026-05-15T01:22:20.228918,40.00,50.00,33.30,20.00
2026-05-15T01:22:20.329358,50.00,50.00,33.30,0.00
2026-05-15T01:22:20.430046,50.00,50.00,45.50,11.10
2026-05-15T01:22:20.530654,45.50,50.00,40.00,0.00
2026-05-15T01:22:20.631122,45.50,40.00,45.50,11.10
2026-05-15T01:22:20.731680,45.50,53.80,40.00,0.00
2026-05-15T01:22:20.832185,44.40,44.40,45.50,10.00
2026-05-15T01:22:20.932716,45.50,53.80,45.50,0.00
2026-05-15T01:22:21.033197,50.00,40.00,33.30,10.00
2026-05-15T01:22:21.133751,54.50,54.50,41.70,11.10
2026-05-15T01:22:21.234268,40.00,45.50,44.40,0.00
2026-05-15T01:22:21.334807,54.50,50.00,36.40,20.00
2026-05-15T01:22:21.435316,40.00,50.00,45.50,11.10
2026-05-15T01:22:21.536019,50.00,40.00,33.30,10.00
2026-05-15T01:22:21.636516,44.40,54.50,50.00,0.00
2026-05-15T01:22:21.737266,50.00,50.00,40.00,11.10
2026-05-15T01:22:21.837787,45.50,50.00,50.00,0.00
2026-05-15T01:22:21.938321,54.50,45.50,36.40,0.00
2026-05-15T01:22:22.039034,50.00,58.30,44.40,10.00
2026-05-15T01:22:22.139600,54.50,50.00,41.70,0.00
2026-05-15T01:22:22.240110,45.50,50.00,40.00,0.00
2026-05-15T01:22:22.340595,50.00,58.30,33.30,11.10
2026-05-15T01:22:22.441033,50.00,45.50,54.50,10.00
2026-05-15T01:22:22.541618,50.00,54.50,40.00,0.00
2026-05-15T01:22:22.642089,44.40,45.50,45.50,10.00
2026-05-15T01:22:22.742583,45.50,45.50,40.00,0.00
2026-05-15T01:22:22.843088,50.00,53.80,45.50,11.10
2026-05-15T01:22:22.943784,63.60,75.00,58.30,20.00
2026-05-15T01:22:23.044243,83.30,80.00,70.00,22.20
2026-05-15T01:22:23.144787,80.00,90.00,72.70,12.50
2026-05-15T01:22:23.245297,81.80,83.30,66.70,0.00
2026-05-15T01:22:23.346057,76.90,80.00,75.00,12.50
2026-05-15T01:22:23.447307,83.30,83.30,70.00,11.10
2026-05-15T01:22:23.547846,81.80,91.70,76.90,25.00
2026-05-15T01:22:23.648580,90.00,90.90,75.00,0.00
2026-05-15T01:22:23.749524,76.90,88.90,72.70,0.00
2026-05-15T01:22:23.850252,83.30,83.30,76.90,22.20
2026-05-15T01:22:23.950997,72.70,80.00,70.00,22.20
2026-05-15T01:22:24.051659,81.80,83.30,72.70,11.10
2026-05-15T01:22:24.152267,75.00,75.00,66.70,0.00
2026-05-15T01:22:24.252885,81.80,81.80,72.70,12.50
2026-05-15T01:22:24.353492,72.70,83.30,66.70,0.00
2026-05-15T01:22:24.454081,84.60,90.90,81.80,12.50
2026-05-15T01:22:24.554699,77.80,80.00,66.70,0.00
2026-05-15T01:22:24.655687,76.90,81.80,72.70,11.10
2026-05-15T01:22:24.756157,81.80,83.30,66.70,22.20
2026-05-15T01:22:24.856986,81.80,81.80,72.70,12.50
2026-05-15T01:22:24.957530,75.00,88.90,75.00,11.10
2026-05-15T01:22:25.058317,80.00,83.30,72.70,0.00
2026-05-15T01:22:25.159234,83.30,83.30,75.00,11.10
2026-05-15T01:22:25.259831,70.00,80.00,72.70,0.00
2026-05-15T01:22:25.360540,83.30,83.30,66.70,0.00
2026-05-15T01:22:25.461368,81.80,90.00,72.70,22.20
2026-05-15T01:22:25.561957,75.00,81.80,76.90,30.00
2026-05-15T01:22:25.662593,83.30,76.90,72.70,11.10
2026-05-15T01:22:25.763454,80.00,90.90,72.70,12.50
2026-05-15T01:22:25.864212,83.30,88.90,66.70,0.00
2026-05-15T01:22:25.964837,75.00,84.60,72.70,12.50
2026-05-15T01:22:26.065528,81.80,81.80,78.60,12.50
2026-05-15T01:22:26.166343,75.00,81.80,66.70,11.10
2026-05-15T01:22:26.266973,80.00,80.00,66.70,12.50
2026-05-15T01:22:26.367853,84.60,90.90,72.70,0.00
2026-05-15T01:22:26.468594,80.00,81.80,75.00,20.00
2026-05-15T01:22:26.569575,81.80,90.00,72.70,12.50
2026-05-15T01:22:26.670052,78.60,81.80,72.70,33.30
2026-05-15T01:22:26.771187,81.80,83.30,72.70,20.00
2026-05-15T01:22:26.872027,81.80,90.90,75.00,12.50
2026-05-15T01:22:26.972530,72.70,81.80,72.70,12.50
2026-05-15T01:22:27.073035,83.30,81.80,66.70,12.50
2026-05-15T01:22:27.173716,81.80,90.90,81.80,11.10
2026-05-15T01:22:27.274500,81.80,81.80,69.20,0.00
2026-05-15T01:22:27.375199,83.30,83.30,72.70,12.50
2026-05-15T01:22:27.475855,75.00,80.00,72.70,11.10
2026-05-15T01:22:27.576326,83.30,83.30,75.00,30.00
2026-05-15T01:22:27.677293,80.00,81.80,69.20,11.10
2026-05-15T01:22:27.777948,75.00,90.90,70.00,12.50
2026-05-15T01:22:27.878646,83.30,81.80,72.70,0.00
2026-05-15T01:22:27.979173,81.80,81.80,66.70,11.10
2026-05-15T01:22:28.080084,75.00,81.80,75.00,12.50
2026-05-15T01:22:28.180562,81.80,90.00,75.00,0.00
2026-05-15T01:22:28.281131,83.30,81.80,72.70,0.00
2026-05-15T01:22:28.381719,80.00,83.30,66.70,22.20
2026-05-15T01:22:28.482450,81.80,81.80,75.00,0.00
2026-05-15T01:22:28.583965,76.90,90.90,72.70,0.00
2026-05-15T01:22:28.684537,80.00,81.80,75.00,22.20
2026-05-15T01:22:28.785164,76.90,81.80,66.70,11.10
2026-05-15T01:22:28.885966,81.80,80.00,72.70,0.00
2026-05-15T01:22:28.986479,81.80,83.30,72.70,12.50
2026-05-15T01:22:29.087322,83.30,81.80,66.70,22.20
2026-05-15T01:22:29.187971,80.00,90.00,72.70,11.10
2026-05-15T01:22:29.288529,75.00,83.30,72.70,0.00
2026-05-15T01:22:29.389266,81.80,80.00,69.20,11.10
2026-05-15T01:22:29.490023,75.00,83.30,70.00,22.20
2026-05-15T01:22:29.590573,76.90,81.80,75.00,11.10
2026-05-15T01:22:29.691150,81.80,81.80,63.60,0.00
2026-05-15T01:22:29.791778,80.00,81.80,75.00,11.10
2026-05-15T01:22:29.892294,83.30,90.00,75.00,12.50
2026-05-15T01:22:29.992852,72.70,81.80,72.70,12.50
2026-05-15T01:22:30.093478,81.80,83.30,72.70,11.10
2026-05-15T01:22:30.194206,81.80,80.00,63.60,12.50
2026-05-15T01:22:30.294977,83.30,90.90,75.00,11.10
2026-05-15T01:22:30.395750,75.00,80.00,63.60,0.00
2026-05-15T01:22:30.496578,83.30,83.30,75.00,12.50
2026-05-15T01:22:30.597260,81.80,90.90,75.00,11.10
2026-05-15T01:22:30.698198,75.00,83.30,72.70,0.00
2026-05-15T01:22:30.798907,80.00,90.00,72.70,11.10
2026-05-15T01:22:30.899420,75.00,80.00,66.70,12.50
2026-05-15T01:22:31.000277,83.30,83.30,72.70,0.00
2026-05-15T01:22:31.101142,81.80,81.80,72.70,30.00
2026-05-15T01:22:31.201792,83.30,90.90,75.00,12.50
2026-05-15T01:22:31.302518,83.30,81.80,75.00,0.00
2026-05-15T01:22:31.403298,81.80,90.90,69.20,11.10
2026-05-15T01:22:31.503915,72.70,80.00,72.70,12.50
2026-05-15T01:22:31.604713,83.30,90.90,70.00,11.10
2026-05-15T01:22:31.705669,81.80,81.80,75.00,12.50
2026-05-15T01:22:31.806266,83.30,81.80,75.00,0.00
2026-05-15T01:22:31.906964,75.00,83.30,66.70,11.10
2026-05-15T01:22:32.007917,90.90,90.00,76.90,12.50
2026-05-15T01:22:32.108774,75.00,90.90,72.70,12.50
2026-05-15T01:22:32.210011,83.30,81.80,69.20,11.10
2026-05-15T01:22:32.310592,72.70,81.80,75.00,12.50
2026-05-15T01:22:32.411227,83.30,81.80,75.00,12.50
2026-05-15T01:22:32.511913,80.00,90.00,72.70,11.10
2026-05-15T01:22:32.612484,83.30,83.30,75.00,12.50
2026-05-15T01:22:32.713196,75.00,90.00,69.20,12.50
2026-05-15T01:22:32.814116,83.30,83.30,72.70,11.10
2026-05-15T01:22:32.914788,81.80,81.80,72.70,12.50
2026-05-15T01:22:33.015294,81.80,90.90,75.00,12.50
2026-05-15T01:22:33.115941,81.80,80.00,66.70,0.00
2026-05-15T01:22:33.216649,75.00,83.30,75.00,22.20
2026-05-15T01:22:33.317431,75.00,81.80,70.00,0.00
2026-05-15T01:22:33.418339,80.00,81.80,66.70,12.50
2026-05-15T01:22:33.519093,83.30,81.80,75.00,11.10
2026-05-15T01:22:33.620111,75.00,76.90,72.70,12.50
2026-05-15T01:22:33.720856,83.30,88.90,72.70,20.00
2026-05-15T01:22:33.821380,75.00,83.30,69.20,0.00
2026-05-15T01:22:33.922214,80.00,83.30,70.00,12.50
2026-05-15T01:22:34.023002,83.30,90.00,76.90,11.10
2026-05-15T01:22:34.123975,83.30,90.00,75.00,0.00
2026-05-15T01:22:34.224505,81.80,83.30,70.00,12.50
2026-05-15T01:22:34.325007,83.30,80.00,71.40,0.00
2026-05-15T01:22:34.425610,80.00,83.30,72.70,22.20
2026-05-15T01:22:34.526761,75.00,90.90,72.70,0.00
2026-05-15T01:22:34.627747,83.30,90.00,75.00,30.00
2026-05-15T01:22:34.728302,81.80,83.30,66.70,0.00
2026-05-15T01:22:34.829168,76.90,83.30,75.00,12.50
2026-05-15T01:22:34.929777,81.80,80.00,63.60,12.50
2026-05-15T01:22:35.030526,81.80,83.30,72.70,12.50
2026-05-15T01:22:35.131069,76.90,81.80,66.70,11.10
2026-05-15T01:22:35.231587,80.00,80.00,75.00,0.00
2026-05-15T01:22:35.332250,76.90,81.80,60.00,12.50
2026-05-15T01:22:35.433011,80.00,83.30,75.00,12.50
2026-05-15T01:22:35.534094,76.90,81.80,66.70,0.00
2026-05-15T01:22:35.635039,90.00,90.00,76.90,30.00
2026-05-15T01:22:35.735783,75.00,83.30,75.00,0.00
2026-05-15T01:22:35.836249,81.80,81.80,72.70,11.10
2026-05-15T01:22:35.936934,75.00,81.80,66.70,12.50
2026-05-15T01:22:36.037558,81.80,81.80,72.70,22.20
2026-05-15T01:22:36.137988,76.90,81.80,75.00,20.00
2026-05-15T01:22:36.238736,80.00,81.80,63.60,0.00
2026-05-15T01:22:36.339927,83.30,90.90,76.90,20.00
2026-05-15T01:22:36.440458,81.80,81.80,72.70,12.50
2026-05-15T01:22:36.541121,76.90,81.80,60.00,12.50
2026-05-15T01:22:36.642356,81.80,83.30,75.00,0.00
2026-05-15T01:22:36.743014,81.80,88.90,66.70,40.00
2026-05-15T01:22:36.843522,83.30,83.30,75.00,0.00
2026-05-15T01:22:36.943976,72.70,83.30,63.60,11.10
2026-05-15T01:22:37.044656,81.80,83.30,70.00,12.50
2026-05-15T01:22:37.145275,81.80,80.00,75.00,11.10
2026-05-15T01:22:37.246118,75.00,81.80,66.70,0.00
2026-05-15T01:22:37.346698,80.00,81.80,72.70,11.10
2026-05-15T01:22:37.447418,76.90,90.00,66.70,12.50
2026-05-15T01:22:37.548064,81.80,81.80,75.00,12.50
2026-05-15T01:22:37.648808,83.30,80.00,63.60,0.00
2026-05-15T01:22:37.749532,72.70,75.00,75.00,12.50
2026-05-15T01:22:37.850070,72.70,81.80,66.70,20.00
2026-05-15T01:22:37.950765,66.70,66.70,60.00,11.10
2026-05-15T01:22:38.051313,66.70,54.50,50.00,11.10
2026-05-15T01:22:38.151961,50.00,60.00,54.50,10.00
2026-05-15T01:22:38.252331,54.50,53.80,40.00,0.00
2026-05-15T01:22:38.353198,63.60,60.00,54.50,11.10
2026-05-15T01:22:38.454015,50.00,61.50,45.50,0.00
2026-05-15T01:22:38.554531,54.50,50.00,50.00,11.10
2026-05-15T01:22:38.655070,54.50,58.30,53.80,11.10
2026-05-15T01:22:38.755537,54.50,54.50,50.00,11.10
2026-05-15T01:22:38.856022,50.00,58.30,50.00,10.00
2026-05-15T01:22:38.956554,61.50,58.30,40.00,0.00
2026-05-15T01:22:39.057314,54.50,54.50,50.00,20.00
2026-05-15T01:22:39.158079,58.30,50.00,54.50,0.00
2026-05-15T01:22:39.258704,58.30,58.30,45.50,11.10
2026-05-15T01:22:39.359107,54.50,54.50,50.00,0.00
2026-05-15T01:22:39.459855,54.50,58.30,50.00,10.00
2026-05-15T01:22:39.560355,54.50,54.50,50.00,11.10
2026-05-15T01:22:39.660909,50.00,54.50,45.50,11.10
2026-05-15T01:22:39.761506,58.30,50.00,40.00,0.00
2026-05-15T01:22:39.862079,58.30,58.30,58.30,11.10
2026-05-15T01:22:39.962532,54.50,54.50,45.50,0.00
2026-05-15T01:22:40.063186,58.30,54.50,50.00,0.00
2026-05-15T01:22:40.163941,54.50,63.60,45.50,11.10
2026-05-15T01:22:40.264286,45.50,45.50,44.40,10.00
2026-05-15T01:22:40.364822,58.30,54.50,50.00,11.10
2026-05-15T01:22:40.465285,50.00,58.30,54.50,0.00
2026-05-15T01:22:40.565974,58.30,54.50,40.00,11.10
2026-05-15T01:22:40.666513,58.30,66.70,58.30,0.00
2026-05-15T01:22:40.767251,54.50,54.50,45.50,0.00
2026-05-15T01:22:40.867868,54.50,54.50,50.00,11.10
2026-05-15T01:22:40.968351,54.50,54.50,53.80,20.00
2026-05-15T01:22:41.069078,58.30,58.30,50.00,0.00
2026-05-15T01:22:41.169605,54.50,54.50,45.50,11.10
2026-05-15T01:22:41.270104,61.50,54.50,44.40,11.10
2026-05-15T01:22:41.370733,50.00,58.30,45.50,0.00
2026-05-15T01:22:41.471179,58.30,50.00,50.00,20.00
2026-05-15T01:22:41.571778,50.00,58.30,33.30,0.00
2026-05-15T01:22:41.672279,58.30,54.50,58.30,0.00
2026-05-15T01:22:41.772953,58.30,58.30,45.50,11.10
2026-05-15T01:22:41.873691,54.50,54.50,54.50,0.00
2026-05-15T01:22:41.974213,58.30,58.30,45.50,11.10
2026-05-15T01:22:42.074767,58.30,58.30,54.50,0.00
2026-05-15T01:22:42.175308,54.50,50.00,33.30,10.00
2026-05-15T01:22:42.276037,54.50,58.30,50.00,0.00
2026-05-15T01:22:42.376686,58.30,60.00,50.00,11.10
2026-05-15T01:22:42.477148,45.50,58.30,40.00,10.00
2026-05-15T01:22:42.577719,63.60,50.00,54.50,0.00
2026-05-15T01:22:42.678190,54.50,54.50,50.00,11.10
2026-05-15T01:22:42.778900,50.00,58.30,44.40,18.20
2026-05-15T01:22:42.879533,50.00,50.00,50.00,11.10
2026-05-15T01:22:42.979999,58.30,54.50,44.40,0.00
2026-05-15T01:22:43.080486,54.50,54.50,45.50,10.00
2026-05-15T01:22:43.181179,63.60,54.50,50.00,11.10
2026-05-15T01:22:43.281700,53.80,50.00,45.50,10.00
2026-05-15T01:22:43.382189,54.50,58.30,50.00,20.00
2026-05-15T01:22:43.482756,54.50,54.50,50.00,11.10
2026-05-15T01:22:43.583240,54.50,61.50,44.40,10.00
2026-05-15T01:22:43.683820,50.00,58.30,50.00,11.10
2026-05-15T01:22:43.784343,58.30,54.50,50.00,0.00
2026-05-15T01:22:43.884992,54.50,54.50,25.00,10.00
2026-05-15T01:22:43.985561,54.50,58.30,50.00,0.00
2026-05-15T01:22:44.086112,61.50,54.50,50.00,20.00
2026-05-15T01:22:44.186722,54.50,54.50,50.00,0.00
2026-05-15T01:22:44.287370,58.30,63.60,50.00,0.00
2026-05-15T01:22:44.388260,63.60,58.30,50.00,11.10
2026-05-15T01:22:44.488836,54.50,50.00,53.80,10.00
2026-05-15T01:22:44.589593,58.30,58.30,44.40,11.10
2026-05-15T01:22:44.690113,50.00,50.00,54.50,11.10
2026-05-15T01:22:44.790730,58.30,58.30,45.50,0.00
2026-05-15T01:22:44.891243,50.00,50.00,33.30,10.00
2026-05-15T01:22:44.991840,58.30,61.50,54.50,30.00
2026-05-15T01:22:45.092319,61.50,50.00,45.50,0.00
2026-05-15T01:22:45.192954,54.50,58.30,50.00,11.10
2026-05-15T01:22:45.293664,58.30,50.00,50.00,10.00
2026-05-15T01:22:45.394485,50.00,61.50,50.00,0.00
2026-05-15T01:22:45.495235,54.50,54.50,50.00,0.00
2026-05-15T01:22:45.595945,50.00,50.00,37.50,10.00
2026-05-15T01:22:45.696528,58.30,58.30,45.50,0.00
2026-05-15T01:22:45.796960,54.50,54.50,50.00,10.00
2026-05-15T01:22:45.897492,50.00,50.00,44.40,0.00
2026-05-15T01:22:45.998195,61.50,54.50,45.50,20.00
2026-05-15T01:22:46.098714,40.00,58.30,50.00,11.10
2026-05-15T01:22:46.199179,58.30,54.50,45.50,10.00
2026-05-15T01:22:46.299770,58.30,58.30,44.40,11.10
2026-05-15T01:22:46.400204,50.00,54.50,50.00,10.00
2026-05-15T01:22:46.500827,58.30,58.30,50.00,11.10
2026-05-15T01:22:46.601336,58.30,54.50,45.50,0.00
2026-05-15T01:22:46.701974,54.50,55.60,50.00,30.00
2026-05-15T01:22:46.802470,54.50,54.50,54.50,0.00
2026-05-15T01:22:46.903104,58.30,58.30,40.00,11.10
2026-05-15T01:22:47.003844,50.00,54.50,54.50,11.10
2026-05-15T01:22:47.104329,58.30,54.50,50.00,0.00
2026-05-15T01:22:47.204978,58.30,50.00,45.50,11.10
2026-05-15T01:22:47.305584,58.30,50.00,44.40,10.00
2026-05-15T01:22:47.406242,50.00,60.00,40.00,11.10
2026-05-15T01:22:47.506781,58.30,58.30,50.00,20.00
2026-05-15T01:22:47.607341,58.30,50.00,45.50,0.00
2026-05-15T01:22:47.708090,50.00,54.50,58.30,10.00
2026-05-15T01:22:47.808760,58.30,60.00,40.00,0.00
2026-05-15T01:22:47.909286,54.50,58.30,50.00,11.10
2026-05-15T01:22:48.010071,58.30,58.30,50.00,11.10
2026-05-15T01:22:48.110598,58.30,54.50,50.00,10.00
2026-05-15T01:22:48.211190,50.00,54.50,45.50,0.00
2026-05-15T01:22:48.311884,57.10,58.30,50.00,20.00
2026-05-15T01:22:48.412430,60.00,58.30,45.50,10.00
2026-05-15T01:22:48.513150,50.00,50.00,54.50,11.10
2026-05-15T01:22:48.613853,54.50,58.30,45.50,0.00
2026-05-15T01:22:48.714465,54.50,54.50,50.00,0.00
2026-05-15T01:22:48.815010,50.00,50.00,44.40,11.10
2026-05-15T01:22:48.915596,58.30,58.30,50.00,18.20
2026-05-15T01:22:49.016181,54.50,58.30,37.50,0.00
2026-05-15T01:22:49.116852,50.00,60.00,53.80,11.10
2026-05-15T01:22:49.217475,53.80,50.00,50.00,11.10
2026-05-15T01:22:49.317991,54.50,58.30,50.00,0.00
2026-05-15T01:22:49.418522,60.00,50.00,54.50,11.10
2026-05-15T01:22:49.519080,58.30,54.50,40.00,0.00
2026-05-15T01:22:49.619589,50.00,54.50,50.00,0.00
2026-05-15T01:22:49.720232,53.80,53.80,40.00,10.00
2026-05-15T01:22:49.821026,50.00,54.50,50.00,11.10
2026-05-15T01:22:49.921554,58.30,50.00,44.40,20.00
2026-05-15T01:22:50.022186,61.50,61.50,50.00,0.00
2026-05-15T01:22:50.122765,44.40,44.40,40.00,11.10
2026-05-15T01:22:50.223248,58.30,63.60,50.00,0.00
2026-05-15T01:22:50.323807,54.50,50.00,53.80,11.10
2026-05-15T01:22:50.424204,54.50,54.50,44.40,0.00
2026-05-15T01:22:50.524884,54.50,58.30,40.00,10.00
2026-05-15T01:22:50.625347,58.30,50.00,50.00,0.00
2026-05-15T01:22:50.726139,61.50,54.50,40.00,11.10
2026-05-15T01:22:50.826809,54.50,58.30,54.50,10.00
2026-05-15T01:22:50.927283,58.30,60.00,40.00,11.10
2026-05-15T01:22:51.028018,54.50,61.50,58.30,0.00
2026-05-15T01:22:51.128573,54.50,50.00,50.00,10.00
2026-05-15T01:22:51.229109,58.30,54.50,54.50,0.00
2026-05-15T01:22:51.329687,58.30,54.50,45.50,10.00
2026-05-15T01:22:51.430778,58.30,58.30,50.00,11.10
2026-05-15T01:22:51.531184,54.50,54.50,50.00,11.10
2026-05-15T01:22:51.631728,54.50,63.60,54.50,0.00
2026-05-15T01:22:51.732216,61.50,58.30,44.40,11.10
2026-05-15T01:22:51.832882,50.00,54.50,50.00,0.00
2026-05-15T01:22:51.933439,58.30,50.00,53.80,10.00
2026-05-15T01:22:52.034047,54.50,57.10,50.00,20.00
2026-05-15T01:22:52.134549,57.10,50.00,45.50,0.00
2026-05-15T01:22:52.235072,63.60,66.70,54.50,11.10
2026-05-15T01:22:52.335688,53.80,50.00,40.00,0.00
2026-05-15T01:22:52.436298,54.50,50.00,58.30,10.00
2026-05-15T01:22:52.536912,60.00,58.30,40.00,0.00
2026-05-15T01:22:52.637342,45.50,54.50,54.50,11.10
2026-05-15T01:22:52.737946,54.50,58.30,45.50,10.00
2026-05-15T01:22:52.838401,54.50,50.00,45.50,11.10
2026-05-15T01:22:52.938981,50.00,40.00,45.50,0.00
2026-05-15T01:22:53.039480,40.00,40.00,36.40,11.10
2026-05-15T01:22:53.140134,41.70,45.50,30.00,0.00
2026-05-15T01:22:53.240639,33.30,41.70,30.00,10.00
2026-05-15T01:22:53.341168,36.40,40.00,40.00,10.00
2026-05-15T01:22:53.441768,41.70,36.40,36.40,10.00
2026-05-15T01:22:53.542280,33.30,45.50,30.00,0.00
2026-05-15T01:22:53.642938,40.00,36.40,36.40,0.00
2026-05-15T01:22:53.743534,41.70,40.00,40.00,10.00
2026-05-15T01:22:53.844022,40.00,50.00,30.00,0.00
2026-05-15T01:22:53.944540,41.70,36.40,36.40,10.00
2026-05-15T01:22:54.044997,40.00,45.50,30.00,0.00
2026-05-15T01:22:54.145450,36.40,30.00,33.30,0.00
2026-05-15T01:22:54.246004,30.00,33.30,30.00,18.20
2026-05-15T01:22:54.346506,33.30,41.70,30.00,0.00
2026-05-15T01:22:54.447014,41.70,50.00,30.00,0.00
2026-05-15T01:22:54.547505,40.00,36.40,36.40,10.00
2026-05-15T01:22:54.648008,30.00,40.00,22.20,0.00
2026-05-15T01:22:54.748463,40.00,45.50,45.50,11.10
2026-05-15T01:22:54.849040,40.00,36.40,30.00,0.00
2026-05-15T01:22:54.949583,41.70,40.00,22.20,18.20
2026-05-15T01:22:55.050024,33.30,50.00,41.70,0.00
2026-05-15T01:22:55.150550,36.40,40.00,30.00,0.00
2026-05-15T01:22:55.251068,41.70,36.40,25.00,10.00
2026-05-15T01:22:55.351562,40.00,45.50,30.00,0.00
2026-05-15T01:22:55.452093,53.80,36.40,30.00,11.10
2026-05-15T01:22:55.552665,30.00,25.00,36.40,10.00
2026-05-15T01:22:55.653197,40.00,36.40,30.00,0.00
2026-05-15T01:22:55.753696,36.40,45.50,33.30,10.00
2026-05-15T01:22:55.854282,40.00,41.70,41.70,0.00
2026-05-15T01:22:55.954786,41.70,40.00,30.00,10.00
2026-05-15T01:22:56.055241,33.30,45.50,30.00,0.00
2026-05-15T01:22:56.155787,45.50,30.00,36.40,10.00
2026-05-15T01:22:56.256216,36.40,45.50,33.30,10.00
2026-05-15T01:22:56.356780,40.00,36.40,30.00,10.00
2026-05-15T01:22:56.457224,36.40,40.00,22.20,11.10
2026-05-15T01:22:56.557820,33.30,45.50,36.40,0.00
2026-05-15T01:22:56.658345,36.40,36.40,30.00,10.00
2026-05-15T01:22:56.759011,40.00,45.50,40.00,0.00
2026-05-15T01:22:56.859543,33.30,33.30,30.00,10.00
2026-05-15T01:22:56.959961,41.70,36.40,30.00,0.00
2026-05-15T01:22:57.060472,40.00,40.00,40.00,0.00
2026-05-15T01:22:57.161059,22.20,36.40,22.20,10.00
2026-05-15T01:22:57.261577,33.30,40.00,30.00,11.10
2026-05-15T01:22:57.362147,30.00,41.70,30.00,10.00
2026-05-15T01:22:57.462751,46.20,40.00,30.00,0.00
2026-05-15T01:22:57.563260,33.30,36.40,41.70,10.00
2026-05-15T01:22:57.663900,36.40,30.00,33.30,0.00
2026-05-15T01:22:57.764431,45.50,45.50,30.00,0.00
2026-05-15T01:22:57.865051,41.70,30.00,30.00,11.10
2026-05-15T01:22:57.965652,33.30,33.30,30.00,10.00
2026-05-15T01:22:58.066060,41.70,41.70,36.40,0.00
2026-05-15T01:22:58.166571,33.30,40.00,30.00,0.00
2026-05-15T01:22:58.267153,41.70,30.00,22.20,10.00
2026-05-15T01:22:58.367794,33.30,45.50,33.30,0.00
2026-05-15T01:22:58.468296,40.00,45.50,36.40,10.00
2026-05-15T01:22:58.568872,46.20,30.00,12.50,0.00
2026-05-15T01:22:58.669280,30.00,36.40,41.70,0.00
2026-05-15T01:22:58.769819,40.00,45.50,25.00,18.20
2026-05-15T01:22:58.870318,36.40,30.00,36.40,0.00
2026-05-15T01:22:58.970941,50.00,40.00,30.00,0.00
2026-05-15T01:22:59.071493,40.00,45.50,22.20,11.10
2026-05-15T01:22:59.172105,30.00,41.70,45.50,0.00
2026-05-15T01:22:59.272613,45.50,40.00,22.20,10.00
2026-05-15T01:22:59.373242,36.40,40.00,36.40,10.00
2026-05-15T01:22:59.473885,45.50,41.70,12.50,0.00
2026-05-15T01:22:59.574273,22.20,33.30,36.40,10.00
2026-05-15T01:22:59.674898,40.00,41.70,40.00,0.00
2026-05-15T01:22:59.775302,41.70,33.30,30.00,0.00
2026-05-15T01:22:59.875925,33.30,22.20,30.00,20.00
2026-05-15T01:22:59.976444,30.00,45.50,22.20,0.00
2026-05-15T01:23:00.076950,45.50,41.70,45.50,0.00
2026-05-15T01:23:00.177489,30.00,40.00,22.20,0.00
2026-05-15T01:23:00.278131,40.00,36.40,36.40,10.00
2026-05-15T01:23:00.378679,36.40,36.40,22.20,0.00
2026-05-15T01:23:00.479225,36.40,40.00,30.00,10.00
2026-05-15T01:23:00.579779,33.30,30.00,30.00,0.00
2026-05-15T01:23:00.680378,36.40,40.00,25.00,10.00
2026-05-15T01:23:00.780956,40.00,36.40,41.70,0.00
2026-05-15T01:23:00.881381,36.40,33.30,30.00,0.00
2026-05-15T01:23:00.982025,45.50,36.40,36.40,18.20
2026-05-15T01:23:01.082588,30.00,40.00,33.30,0.00
2026-05-15T01:23:01.183043,40.00,46.20,22.20,11.10
2026-05-15T01:23:01.283536,45.50,33.30,22.20,0.00
2026-05-15T01:23:01.384036,30.00,36.40,36.40,0.00
2026-05-15T01:23:01.484542,40.00,40.00,22.20,18.20
2026-05-15T01:23:01.585051,36.40,41.70,36.40,0.00
2026-05-15T01:23:01.685569,40.00,25.00,33.30,10.00
2026-05-15T01:23:01.786033,41.70,45.50,30.00,10.00
2026-05-15T01:23:01.886561,33.30,41.70,30.00,0.00
2026-05-15T01:23:01.987069,30.00,40.00,30.00,10.00
2026-05-15T01:23:02.087612,45.50,41.70,40.00,0.00
2026-05-15T01:23:02.188109,41.70,40.00,36.40,0.00
2026-05-15T01:23:02.288612,33.30,41.70,36.40,10.00
2026-05-15T01:23:02.389130,30.00,40.00,22.20,11.10
2026-05-15T01:23:02.489674,50.00,41.70,36.40,0.00
2026-05-15T01:23:02.590234,40.00,40.00,25.00,10.00
2026-05-15T01:23:02.690791,36.40,53.80,41.70,0.00
2026-05-15T01:23:02.791285,40.00,36.40,22.20,10.00
2026-05-15T01:23:02.891904,30.00,40.00,36.40,0.00
2026-05-15T01:23:02.992603,33.30,33.30,22.20,11.10
2026-05-15T01:23:03.093071,41.70,46.20,12.50,0.00
2026-05-15T01:23:03.193609,40.00,41.70,40.00,10.00
2026-05-15T01:23:03.294116,30.00,40.00,36.40,0.00
2026-05-15T01:23:03.394608,45.50,33.30,22.20,0.00
2026-05-15T01:23:03.495175,33.30,36.40,40.00,11.10
2026-05-15T01:23:03.595711,41.70,50.00,36.40,0.00
2026-05-15T01:23:03.696135,36.40,33.30,30.00,10.00
2026-05-15T01:23:03.796661,33.30,46.20,30.00,0.00
2026-05-15T01:23:03.897153,40.00,30.00,36.40,10.00
2026-05-15T01:23:03.997779,41.70,33.30,40.00,0.00
2026-05-15T01:23:04.098281,36.40,41.70,30.00,10.00
2026-05-15T01:23:04.198783,33.30,40.00,30.00,0.00
2026-05-15T01:23:04.299244,36.40,36.40,30.00,0.00
2026-05-15T01:23:04.399770,40.00,40.00,33.30,10.00
2026-05-15T01:23:04.500257,30.00,30.00,30.00,0.00
2026-05-15T01:23:04.600781,41.70,40.00,30.00,10.00
2026-05-15T01:23:04.701221,45.50,41.70,36.40,0.00
2026-05-15T01:23:04.801862,30.00,45.50,22.20,0.00
2026-05-15T01:23:04.902241,45.50,36.40,30.00,10.00
2026-05-15T01:23:05.002801,40.00,45.50,25.00,11.10
2026-05-15T01:23:05.103239,41.70,36.40,36.40,0.00
2026-05-15T01:23:05.203908,40.00,45.50,36.40,18.20
2026-05-15T01:23:05.304398,36.40,40.00,25.00,0.00
2026-05-15T01:23:05.404910,40.00,30.00,36.40,0.00
2026-05-15T01:23:05.505425,40.00,36.40,30.00,10.00
2026-05-15T01:23:05.606064,41.70,40.00,22.20,0.00
2026-05-15T01:23:05.706525,33.30,41.70,36.40,10.00
2026-05-15T01:23:05.807000,36.40,33.30,30.00,0.00
2026-05-15T01:23:05.907588,40.00,30.00,30.00,18.20
2026-05-15T01:23:06.008140,36.40,45.50,33.30,11.10
2026-05-15T01:23:06.108725,40.00,40.00,30.00,0.00
2026-05-15T01:23:06.209139,41.70,41.70,36.40,10.00
2026-05-15T01:23:06.309719,45.50,40.00,22.20,0.00
2026-05-15T01:23:06.410122,40.00,36.40,33.30,10.00
2026-05-15T01:23:06.510656,41.70,45.50,36.40,0.00
2026-05-15T01:23:06.611155,30.00,36.40,22.20,10.00
2026-05-15T01:23:06.711826,45.50,45.50,36.40,0.00
2026-05-15T01:23:06.812214,40.00,40.00,33.30,10.00
2026-05-15T01:23:06.912736,41.70,41.70,22.20,0.00
2026-05-15T01:23:07.013205,40.00,45.50,30.00,10.00
2026-05-15T01:23:07.113971,41.70,30.00,30.00,0.00
2026-05-15T01:23:07.214376,25.00,36.40,30.00,10.00
2026-05-15T01:23:07.314982,36.40,40.00,36.40,0.00
2026-05-15T01:23:07.415542,40.00,40.00,33.30,10.00
2026-05-15T01:23:07.516034,30.00,41.70,22.20,0.00
2026-05-15T01:23:07.616602,50.00,40.00,30.00,0.00
2026-05-15T01:23:07.717169,30.00,41.70,36.40,20.00
2026-05-15T01:23:07.817717,41.70,33.30,22.20,0.00
2026-05-15T01:23:07.918166,33.30,36.40,30.00,10.00
2026-05-15T01:23:08.018744,53.80,54.50,45.50,0.00
2026-05-15T01:23:08.119173,44.40,45.50,33.30,11.10
2026-05-15T01:23:08.219789,45.50,50.00,45.50,0.00
2026-05-15T01:23:08.320225,50.00,44.40,40.00,0.00
2026-05-15T01:23:08.420835,54.50,45.50,50.00,11.10
2026-05-15T01:23:08.521348,45.50,45.50,33.30,10.00
2026-05-15T01:23:08.622084,45.50,44.40,45.50,11.10
2026-05-15T01:23:08.722675,58.30,57.10,45.50,0.00
2026-05-15T01:23:08.823332,45.50,37.50,40.00,0.00
2026-05-15T01:23:08.923923,50.00,57.10,45.50,10.00
2026-05-15T01:23:09.024316,50.00,50.00,45.50,11.10
2026-05-15T01:23:09.125074,50.00,53.80,50.00,11.10
2026-05-15T01:23:09.225613,44.40,50.00,40.00,0.00
2026-05-15T01:23:09.326228,45.50,53.80,45.50,10.00
2026-05-15T01:23:09.426931,45.50,45.50,40.00,11.10
2026-05-15T01:23:09.527313,54.50,44.40,33.30,0.00
2026-05-15T01:23:09.627956,40.00,53.80,45.50,0.00
2026-05-15T01:23:09.728358,45.50,40.00,33.30,11.10
2026-05-15T01:23:09.828930,50.00,54.50,45.50,10.00
2026-05-15T01:23:09.929505,45.50,45.50,41.70,0.00
2026-05-15T01:23:10.029962,45.50,50.00,40.00,10.00
2026-05-15T01:23:10.130358,58.30,50.00,45.50,0.00
2026-05-15T01:23:10.231010,45.50,50.00,33.30,0.00
2026-05-15T01:23:10.331446,54.50,54.50,50.00,10.00
2026-05-15T01:23:10.431998,45.50,45.50,45.50,20.00
2026-05-15T01:23:10.532560,50.00,54.50,40.00,11.10
2026-05-15T01:23:10.633224,50.00,45.50,50.00,10.00
2026-05-15T01:23:10.733758,50.00,50.00,40.00,0.00
2026-05-15T01:23:10.834173,45.50,50.00,40.00,10.00
2026-05-15T01:23:10.934730,54.50,45.50,33.30,10.00
2026-05-15T01:23:11.035294,45.50,54.50,45.50,11.10
2026-05-15T01:23:11.135861,58.30,53.80,40.00,0.00
2026-05-15T01:23:11.236247,50.00,50.00,40.00,10.00
2026-05-15T01:23:11.336823,45.50,50.00,45.50,10.00
2026-05-15T01:23:11.437280,50.00,44.40,45.50,0.00
2026-05-15T01:23:11.537851,45.50,50.00,40.00,0.00
2026-05-15T01:23:11.638435,50.00,44.40,45.50,11.10
2026-05-15T01:23:11.739172,58.30,50.00,40.00,0.00
2026-05-15T01:23:11.839784,33.30,58.30,45.50,11.10
2026-05-15T01:23:11.940219,50.00,40.00,40.00,10.00
2026-05-15T01:23:12.040900,53.80,50.00,33.30,10.00
2026-05-15T01:23:12.141309,40.00,50.00,36.40,11.10
2026-05-15T01:23:12.241870,58.30,50.00,50.00,0.00
2026-05-15T01:23:12.342325,45.50,40.00,44.40,11.10
2026-05-15T01:23:12.442886,50.00,54.50,45.50,20.00
2026-05-15T01:23:12.543330,50.00,50.00,33.30,0.00
2026-05-15T01:23:12.643891,45.50,50.00,45.50,11.10
2026-05-15T01:23:12.744454,54.50,54.50,45.50,0.00
2026-05-15T01:23:12.845048,40.00,45.50,45.50,18.20
2026-05-15T01:23:12.945615,58.30,50.00,40.00,11.10
2026-05-15T01:23:13.046175,50.00,53.80,45.50,11.10
2026-05-15T01:23:13.146818,50.00,50.00,33.30,0.00
2026-05-15T01:23:13.247225,40.00,40.00,40.00,0.00
2026-05-15T01:23:13.347840,45.50,54.50,45.50,11.10
2026-05-15T01:23:13.448340,54.50,45.50,40.00,0.00
2026-05-15T01:23:13.548987,45.50,54.50,25.00,0.00
2026-05-15T01:23:13.649414,54.50,40.00,45.50,11.10
2026-05-15T01:23:13.750098,50.00,58.30,33.30,0.00
2026-05-15T01:23:13.850704,40.00,40.00,40.00,20.00
2026-05-15T01:23:13.951282,50.00,53.80,45.50,10.00
2026-05-15T01:23:14.051872,45.50,50.00,40.00,11.10
2026-05-15T01:23:14.152344,54.50,50.00,40.00,0.00
2026-05-15T01:23:14.253011,50.00,54.50,41.70,10.00
2026-05-15T01:23:14.353600,45.50,45.50,44.40,0.00
2026-05-15T01:23:14.454107,50.00,54.50,45.50,18.20
2026-05-15T01:23:14.554772,45.50,50.00,36.40,0.00
2026-05-15T01:23:14.655355,50.00,45.50,45.50,10.00
2026-05-15T01:23:14.756038,54.50,54.50,50.00,0.00
2026-05-15T01:23:14.856470,45.50,45.50,33.30,11.10
2026-05-15T01:23:14.957009,54.50,50.00,45.50,18.20
2026-05-15T01:23:15.057565,50.00,53.80,40.00,0.00
2026-05-15T01:23:15.158058,50.00,50.00,40.00,10.00
2026-05-15T01:23:15.258754,50.00,50.00,40.00,0.00
2026-05-15T01:23:15.359192,50.00,50.00,45.50,10.00
2026-05-15T01:23:15.459751,50.00,53.80,40.00,0.00
2026-05-15T01:23:15.560221,45.50,44.40,33.30,10.00
2026-05-15T01:23:15.660908,58.30,45.50,41.70,0.00
2026-05-15T01:23:15.761322,45.50,50.00,40.00,0.00
2026-05-15T01:23:15.862010,45.50,50.00,45.50,10.00
2026-05-15T01:23:15.962554,58.30,58.30,40.00,0.00
2026-05-15T01:23:16.063024,45.50,40.00,40.00,18.20
2026-05-15T01:23:16.163737,50.00,50.00,40.00,0.00
2026-05-15T01:23:16.264191,53.80,50.00,33.30,10.00
2026-05-15T01:23:16.364905,50.00,45.50,45.50,0.00
2026-05-15T01:23:16.465494,54.50,50.00,45.50,10.00
2026-05-15T01:23:16.566009,45.50,54.50,44.40,0.00
2026-05-15T01:23:16.666504,54.50,50.00,36.40,10.00
2026-05-15T01:23:16.767159,45.50,58.30,50.00,20.00
2026-05-15T01:23:16.867751,54.50,45.50,40.00,11.10
2026-05-15T01:23:16.968206,58.30,54.50,50.00,0.00
2026-05-15T01:23:17.068708,40.00,45.50,45.50,0.00
2026-05-15T01:23:17.169232,53.80,54.50,40.00,10.00
2026-05-15T01:23:17.269770,44.40,50.00,40.00,11.10
2026-05-15T01:23:17.370233,50.00,45.50,40.00,0.00
2026-05-15T01:23:17.470913,50.00,54.50,45.50,11.10
2026-05-15T01:23:17.571478,40.00,45.50,30.00,0.00
2026-05-15T01:23:17.672057,54.50,45.50,50.00,10.00
2026-05-15T01:23:17.772689,33.30,50.00,40.00,0.00
2026-05-15T01:23:17.873170,54.50,40.00,40.00,10.00
2026-05-15T01:23:17.973740,50.00,58.30,40.00,0.00
2026-05-15T01:23:18.074188,53.80,40.00,45.50,10.00
2026-05-15T01:23:18.174745,50.00,53.80,40.00,0.00
2026-05-15T01:23:18.275335,50.00,50.00,40.00,0.00
2026-05-15T01:23:18.375993,50.00,45.50,36.40,18.20
2026-05-15T01:23:18.476518,45.50,53.80,45.50,11.10
2026-05-15T01:23:18.577119,50.00,50.00,45.50,0.00
2026-05-15T01:23:18.677703,44.40,50.00,50.00,0.00
2026-05-15T01:23:18.778184,50.00,50.00,33.30,10.00
2026-05-15T01:23:18.878942,44.40,40.00,36.40,18.20
2026-05-15T01:23:18.979376,45.50,50.00,45.50,0.00
2026-05-15T01:23:19.080064,57.10,50.00,40.00,10.00
2026-05-15T01:23:19.180712,44.40,54.50,45.50,0.00
2026-05-15T01:23:19.281237,57.10,45.50,33.30,10.00
2026-05-15T01:23:19.381826,50.00,50.00,45.50,0.00
2026-05-15T01:23:19.482256,50.00,50.00,45.50,10.00
2026-05-15T01:23:19.582960,50.00,45.50,50.00,11.10
2026-05-15T01:23:19.683476,45.50,58.30,45.50,0.00
2026-05-15T01:23:19.784004,53.80,33.30,45.50,10.00
2026-05-15T01:23:19.884539,50.00,50.00,40.00,0.00
2026-05-15T01:23:19.985092,45.50,50.00,45.50,0.00
2026-05-15T01:23:20.085687,45.50,40.00,33.30,0.00
2026-05-15T01:23:20.186498,53.80,54.50,45.50,10.00
2026-05-15T01:23:20.287100,50.00,45.50,40.00,10.00
2026-05-15T01:23:20.387753,50.00,50.00,40.00,0.00
2026-05-15T01:23:20.488195,50.00,40.00,45.50,10.00
2026-05-15T01:23:20.588715,45.50,53.80,40.00,0.00
2026-05-15T01:23:20.689122,54.50,50.00,45.50,10.00
2026-05-15T01:23:20.789677,45.50,45.50,33.30,11.10
2026-05-15T01:23:20.890176,45.50,54.50,40.00,0.00
2026-05-15T01:23:20.990784,54.50,45.50,45.50,11.10
2026-05-15T01:23:21.091179,53.80,45.50,41.70,10.00
2026-05-15T01:23:21.191657,33.30,50.00,40.00,0.00
2026-05-15T01:23:21.292203,50.00,40.00,33.30,0.00
2026-05-15T01:23:21.392809,45.50,53.80,40.00,18.20
2026-05-15T01:23:21.493255,45.50,50.00,45.50,11.10
2026-05-15T01:23:21.593847,54.50,50.00,45.50,10.00
2026-05-15T01:23:21.694451,45.50,50.00,33.30,0.00
2026-05-15T01:23:21.795057,50.00,53.80,40.00,10.00
2026-05-15T01:23:21.895679,40.00,50.00,50.00,0.00
2026-05-15T01:23:21.996198,50.00,53.80,41.70,10.00
2026-05-15T01:23:22.096742,54.50,50.00,33.30,0.00
2026-05-15T01:23:22.197321,45.50,53.80,50.00,10.00
2026-05-15T01:23:22.297869,54.50,50.00,44.40,0.00
2026-05-15T01:23:22.398350,50.00,45.50,45.50,11.10
2026-05-15T01:23:22.498992,54.50,54.50,45.50,0.00
2026-05-15T01:23:22.599555,50.00,40.00,36.40,10.00
2026-05-15T01:23:22.700042,45.50,54.50,50.00,0.00
2026-05-15T01:23:22.800505,50.00,45.50,33.30,0.00
2026-05-15T01:23:22.900974,45.50,40.00,41.70,10.00
2026-05-15T01:23:23.001551,36.40,33.30,33.30,11.10
2026-05-15T01:23:23.102081,33.30,41.70,22.20,0.00
2026-05-15T01:23:23.202707,41.70,33.30,36.40,10.00
2026-05-15T01:23:23.303145,40.00,36.40,30.00,0.00
2026-05-15T01:23:23.403688,41.70,45.50,22.20,0.00
2026-05-15T01:23:23.504219,22.20,30.00,30.00,18.20
2026-05-15T01:23:23.604723,45.50,36.40,30.00,0.00
2026-05-15T01:23:23.705251,36.40,40.00,22.20,0.00
2026-05-15T01:23:23.805870,40.00,36.40,36.40,0.00
2026-05-15T01:23:23.906278,36.40,40.00,25.00,10.00
2026-05-15T01:23:24.006873,33.30,22.20,30.00,0.00
2026-05-15T01:23:24.107293,41.70,41.70,36.40,0.00
2026-05-15T01:23:24.208047,30.00,40.00,22.20,10.00
2026-05-15T01:23:24.308617,36.40,36.40,30.00,0.00
2026-05-15T01:23:24.409046,40.00,30.00,45.50,10.00
2026-05-15T01:23:24.509603,30.00,40.00,36.40,10.00
2026-05-15T01:23:24.610064,45.50,36.40,30.00,0.00
2026-05-15T01:23:24.710732,30.00,41.70,36.40,11.10
2026-05-15T01:23:24.811129,30.00,33.30,30.00,0.00
2026-05-15T01:23:24.911739,45.50,41.70,30.00,0.00
2026-05-15T01:23:25.012177,30.00,40.00,30.00,18.20
2026-05-15T01:23:25.112705,40.00,41.70,30.00,0.00
2026-05-15T01:23:25.213153,41.70,30.00,30.00,10.00
2026-05-15T01:23:25.313781,30.00,40.00,33.30,0.00
2026-05-15T01:23:25.414241,33.30,36.40,22.20,0.00
2026-05-15T01:23:25.514892,36.40,33.30,30.00,0.00
2026-05-15T01:23:25.615343,22.20,36.40,30.00,0.00
2026-05-15T01:23:25.715890,45.50,41.70,30.00,0.00
2026-05-15T01:23:25.816387,36.40,33.30,36.40,10.00
2026-05-15T01:23:25.916902,22.20,36.40,22.20,0.00
2026-05-15T01:23:26.017354,45.50,40.00,30.00,20.00
2026-05-15T01:23:26.117921,36.40,36.40,40.00,10.00
2026-05-15T01:23:26.218504,45.50,41.70,22.20,0.00
2026-05-15T01:23:26.319004,36.40,33.30,36.40,0.00
2026-05-15T01:23:26.419529,36.40,36.40,36.40,10.00
2026-05-15T01:23:26.520017,33.30,40.00,30.00,0.00
2026-05-15T01:23:26.620547,30.00,36.40,22.20,0.00
2026-05-15T01:23:26.721047,36.40,30.00,36.40,0.00
2026-05-15T01:23:26.821535,45.50,45.50,25.00,30.00
2026-05-15T01:23:26.922044,30.00,40.00,36.40,0.00
2026-05-15T01:23:27.022522,45.50,30.00,36.40,10.00
2026-05-15T01:23:27.122996,41.70,30.00,30.00,0.00
2026-05-15T01:23:27.223527,33.30,40.00,30.00,0.00
2026-05-15T01:23:27.324019,30.00,36.40,30.00,10.00
2026-05-15T01:23:27.424550,36.40,30.00,30.00,0.00
2026-05-15T01:23:27.524980,40.00,33.30,30.00,0.00
2026-05-15T01:23:27.625505,36.40,36.40,22.20,11.10
2026-05-15T01:23:27.726052,36.40,30.00,36.40,0.00
2026-05-15T01:23:27.826480,25.00,30.00,33.30,0.00
2026-05-15T01:23:27.926962,36.40,40.00,30.00,10.00
2026-05-15T01:23:28.027501,30.00,30.00,30.00,10.00
2026-05-15T01:23:28.127954,40.00,41.70,30.00,0.00
2026-05-15T01:23:28.228507,36.40,36.40,30.00,0.00
2026-05-15T01:23:28.329126,36.40,40.00,30.00,0.00
2026-05-15T01:23:28.429684,30.00,30.00,30.00,10.00
2026-05-15T01:23:28.530141,40.00,33.30,22.20,10.00
2026-05-15T01:23:28.630652,36.40,41.70,30.00,10.00
2026-05-15T01:23:28.731217,45.50,45.50,36.40,0.00
2026-05-15T01:23:28.831849,22.20,30.00,30.00,11.10
2026-05-15T01:23:28.932349,40.00,33.30,25.00,0.00
2026-05-15T01:23:29.032873,30.00,30.00,36.40,18.20
2026-05-15T01:23:29.133287,36.40,36.40,22.20,0.00
2026-05-15T01:23:29.233937,40.00,33.30,30.00,0.00
2026-05-15T01:23:29.334504,36.40,41.70,30.00,10.00
2026-05-15T01:23:29.434981,22.20,40.00,36.40,0.00
2026-05-15T01:23:29.535343,40.00,36.40,30.00,0.00
2026-05-15T01:23:29.635980,30.00,30.00,30.00,18.20
2026-05-15T01:23:29.736423,36.40,33.30,30.00,11.10
2026-05-15T01:23:29.837012,36.40,36.40,30.00,0.00
2026-05-15T01:23:29.937587,25.00,30.00,30.00,10.00
2026-05-15T01:23:30.038096,36.40,45.50,12.50,0.00
2026-05-15T01:23:30.138611,36.40,36.40,30.00,0.00
2026-05-15T01:23:30.239178,40.00,36.40,22.20,10.00
2026-05-15T01:23:30.339889,36.40,40.00,36.40,0.00
2026-05-15T01:23:30.440326,33.30,36.40,22.20,10.00
2026-05-15T01:23:30.541006,41.70,41.70,30.00,0.00
2026-05-15T01:23:30.641498,30.00,14.30,30.00,10.00
2026-05-15T01:23:30.742026,36.40,36.40,30.00,0.00
2026-05-15T01:23:30.842469,50.00,41.70,30.00,10.00
2026-05-15T01:23:30.943129,22.20,33.30,30.00,10.00
2026-05-15T01:23:31.043635,36.40,36.40,33.30,11.10
2026-05-15T01:23:31.144134,45.50,45.50,30.00,0.00
2026-05-15T01:23:31.244594,36.40,36.40,30.00,10.00
2026-05-15T01:23:31.345094,36.40,30.00,36.40,0.00
2026-05-15T01:23:31.445693,33.30,41.70,30.00,10.00
2026-05-15T01:23:31.546090,41.70,40.00,36.40,0.00
2026-05-15T01:23:31.646588,30.00,36.40,30.00,0.00
2026-05-15T01:23:31.747071,40.00,36.40,30.00,0.00
2026-05-15T01:23:31.847660,36.40,40.00,30.00,10.00
2026-05-15T01:23:31.948107,40.00,36.40,30.00,0.00
2026-05-15T01:23:32.048707,30.00,33.30,22.20,10.00
2026-05-15T01:23:32.149087,36.40,36.40,36.40,10.00
2026-05-15T01:23:32.249594,25.00,30.00,22.20,0.00
2026-05-15T01:23:32.350109,41.70,30.00,30.00,0.00
2026-05-15T01:23:32.450613,40.00,45.50,36.40,0.00
2026-05-15T01:23:32.551077,36.40,36.40,30.00,18.20
2026-05-15T01:23:32.651679,36.40,33.30,30.00,11.10
2026-05-15T01:23:32.752171,45.50,41.70,36.40,10.00
2026-05-15T01:23:32.852734,36.40,30.00,30.00,0.00
2026-05-15T01:23:32.953282,22.20,40.00,36.40,10.00
2026-05-15T01:23:33.053893,33.30,41.70,40.00,0.00
2026-05-15T01:23:33.154486,46.20,33.30,30.00,20.00
2026-05-15T01:23:33.255028,36.40,46.20,30.00,0.00
2026-05-15T01:23:33.355675,33.30,36.40,30.00,10.00
2026-05-15T01:23:33.456210,36.40,40.00,12.50,10.00
2026-05-15T01:23:33.556809,33.30,36.40,36.40,0.00
2026-05-15T01:23:33.657213,36.40,40.00,30.00,0.00
2026-05-15T01:23:33.757746,30.00,36.40,30.00,10.00
2026-05-15T01:23:33.858241,36.40,30.00,22.20,0.00
2026-05-15T01:23:33.958831,33.30,45.50,30.00,11.10
2026-05-15T01:23:34.059248,30.00,30.00,22.20,0.00
2026-05-15T01:23:34.159836,41.70,30.00,30.00,0.00
2026-05-15T01:23:34.260321,22.20,30.00,36.40,0.00
2026-05-15T01:23:34.360936,45.50,40.00,22.20,18.20
2026-05-15T01:23:34.461385,30.00,36.40,36.40,0.00
2026-05-15T01:23:34.561980,36.40,45.50,30.00,10.00
2026-05-15T01:23:34.662457,40.00,36.40,36.40,0.00
2026-05-15T01:23:34.763014,36.40,50.00,30.00,11.10
2026-05-15T01:23:34.863528,40.00,36.40,22.20,0.00
2026-05-15T01:23:34.964186,30.00,30.00,30.00,10.00
2026-05-15T01:23:35.064765,41.70,45.50,22.20,0.00
2026-05-15T01:23:35.165161,25.00,30.00,30.00,10.00
2026-05-15T01:23:35.265775,41.70,36.40,30.00,10.00
2026-05-15T01:23:35.366307,36.40,33.30,30.00,10.00
2026-05-15T01:23:35.466837,33.30,41.70,30.00,0.00
2026-05-15T01:23:35.567283,22.20,36.40,22.20,0.00
2026-05-15T01:23:35.667849,36.40,45.50,30.00,18.20
2026-05-15T01:23:35.768240,40.00,36.40,40.00,0.00
2026-05-15T01:23:35.868892,36.40,40.00,22.20,10.00
2026-05-15T01:23:35.969299,33.30,36.40,36.40,0.00
2026-05-15T01:23:36.069881,30.00,40.00,30.00,10.00
2026-05-15T01:23:36.170338,36.40,36.40,30.00,0.00
2026-05-15T01:23:36.270933,33.30,36.40,36.40,10.00
2026-05-15T01:23:36.371432,36.40,33.30,12.50,0.00
2026-05-15T01:23:36.472002,33.30,30.00,30.00,0.00
2026-05-15T01:23:36.572562,41.70,46.20,22.20,10.00
2026-05-15T01:23:36.673078,30.00,33.30,36.40,0.00
2026-05-15T01:23:36.773641,33.30,30.00,33.30,20.00
2026-05-15T01:23:36.874133,33.30,45.50,30.00,18.20
2026-05-15T01:23:36.974734,30.00,30.00,36.40,10.00
2026-05-15T01:23:37.075235,41.70,45.50,33.30,0.00
2026-05-15T01:23:37.175802,40.00,36.40,22.20,0.00
2026-05-15T01:23:37.276194,36.40,36.40,33.30,10.00
2026-05-15T01:23:37.376834,41.70,40.00,25.00,11.10
2026-05-15T01:23:37.477297,40.00,41.70,30.00,18.20
2026-05-15T01:23:37.577897,30.00,30.00,30.00,10.00
2026-05-15T01:23:37.678281,22.20,36.40,36.40,0.00
2026-05-15T01:23:37.778862,40.00,40.00,22.20,0.00
2026-05-15T01:23:37.879286,30.00,41.70,30.00,10.00
2026-05-15T01:23:37.979958,78.60,81.80,66.70,11.10
2026-05-15T01:23:38.080791,90.00,90.00,75.00,0.00
2026-05-15T01:23:38.181319,81.80,90.90,75.00,12.50
2026-05-15T01:23:38.281954,83.30,90.90,81.80,20.00
2026-05-15T01:23:38.382768,83.30,81.80,72.70,0.00
2026-05-15T01:23:38.483325,81.80,88.90,72.70,22.20
2026-05-15T01:23:38.583956,81.80,83.30,66.70,11.10
2026-05-15T01:23:38.684847,75.00,83.30,75.00,0.00
2026-05-15T01:23:38.785669,83.30,90.00,72.70,11.10
2026-05-15T01:23:38.886255,83.30,83.30,75.00,0.00
2026-05-15T01:23:38.987272,81.80,81.80,75.00,36.40
2026-05-15T01:23:39.087910,81.80,90.90,70.00,12.50
2026-05-15T01:23:39.188565,81.80,81.80,76.90,11.10
2026-05-15T01:23:39.289501,83.30,90.90,70.00,0.00
2026-05-15T01:23:39.390252,81.80,90.00,75.00,12.50
2026-05-15T01:23:39.491035,75.00,81.80,75.00,11.10
2026-05-15T01:23:39.591616,83.30,81.80,75.00,12.50
2026-05-15T01:23:39.692211,83.30,90.90,75.00,12.50
2026-05-15T01:23:39.792961,77.80,83.30,75.00,20.00
2026-05-15T01:23:39.893804,83.30,90.00,70.00,12.50
2026-05-15T01:23:39.994563,84.60,81.80,69.20,11.10
2026-05-15T01:23:40.095251,80.00,90.90,72.70,0.00
2026-05-15T01:23:40.195879,81.80,81.80,72.70,0.00
2026-05-15T01:23:40.296548,75.00,90.00,69.20,12.50
2026-05-15T01:23:40.397174,81.80,81.80,72.70,0.00
2026-05-15T01:23:40.497986,83.30,80.00,72.70,11.10
2026-05-15T01:23:40.598720,81.80,90.90,75.00,12.50
2026-05-15T01:23:40.699274,80.00,83.30,70.00,11.10
2026-05-15T01:23:40.799976,83.30,90.00,75.00,0.00
2026-05-15T01:23:40.900763,90.90,100.00,75.00,12.50
2026-05-15T01:23:41.001549,81.80,90.90,83.30,33.30
2026-05-15T01:23:41.102242,83.30,90.00,75.00,11.10
2026-05-15T01:23:41.203011,83.30,84.60,66.70,0.00
2026-05-15T01:23:41.303746,83.30,90.00,75.00,30.00
2026-05-15T01:23:41.404478,81.80,90.90,72.70,12.50
2026-05-15T01:23:41.505177,83.30,80.00,75.00,11.10
2026-05-15T01:23:41.605719,81.80,83.30,75.00,12.50
2026-05-15T01:23:41.706510,81.80,81.80,72.70,0.00
2026-05-15T01:23:41.807215,81.80,90.00,63.60,12.50
2026-05-15T01:23:41.908015,83.30,83.30,75.00,22.20
2026-05-15T01:23:42.008728,80.00,90.90,72.70,0.00
2026-05-15T01:23:42.109326,83.30,81.80,75.00,12.50
2026-05-15T01:23:42.210145,83.30,90.00,72.70,0.00
2026-05-15T01:23:42.311018,81.80,83.30,63.60,22.20
2026-05-15T01:23:42.411742,81.80,88.90,75.00,0.00
2026-05-15T01:23:42.512350,72.70,83.30,75.00,22.20
2026-05-15T01:23:42.613054,83.30,90.00,72.70,22.20
2026-05-15T01:23:42.713758,83.30,81.80,66.70,11.10
2026-05-15T01:23:42.814368,80.00,83.30,76.90,0.00
2026-05-15T01:23:42.915064,81.80,81.80,72.70,11.10
2026-05-15T01:23:43.015755,81.80,90.00,72.70,12.50
2026-05-15T01:23:43.116302,75.00,83.30,66.70,22.20
2026-05-15T01:23:43.217307,90.00,90.00,80.00,12.50
2026-05-15T01:23:43.318111,83.30,83.30,66.70,0.00
2026-05-15T01:23:43.418842,83.30,81.80,75.00,12.50
2026-05-15T01:23:43.519535,81.80,100.00,72.70,12.50
2026-05-15T01:23:43.620135,91.70,90.90,81.80,12.50
2026-05-15T01:23:43.720960,90.00,100.00,76.90,25.00
2026-05-15T01:23:43.821871,83.30,90.90,70.00,0.00
2026-05-15T01:23:43.922714,81.80,83.30,76.90,22.20
2026-05-15T01:23:44.023505,83.30,90.00,80.00,22.20
2026-05-15T01:23:44.124235,81.80,90.00,76.90,0.00
2026-05-15T01:23:44.224859,81.80,84.60,66.70,11.10
2026-05-15T01:23:44.325514,77.80,90.00,81.80,0.00
2026-05-15T01:23:44.426157,83.30,81.80,63.60,11.10
2026-05-15T01:23:44.526891,81.80,90.00,72.70,0.00
2026-05-15T01:23:44.627450,83.30,90.90,83.30,22.20
2026-05-15T01:23:44.728159,81.80,80.00,70.00,0.00
2026-05-15T01:23:44.828858,80.00,81.80,75.00,20.00
2026-05-15T01:23:44.929500,83.30,90.00,66.70,12.50
2026-05-15T01:23:45.030168,72.70,83.30,80.00,12.50
2026-05-15T01:23:45.130766,83.30,83.30,66.70,12.50
2026-05-15T01:23:45.231528,83.30,88.90,75.00,0.00
2026-05-15T01:23:45.332479,80.00,83.30,70.00,12.50
2026-05-15T01:23:45.433172,75.00,83.30,72.70,12.50
2026-05-15T01:23:45.533939,81.80,81.80,69.20,11.10
2026-05-15T01:23:45.634527,83.30,88.90,70.00,12.50
2026-05-15T01:23:45.735249,81.80,81.80,75.00,11.10
2026-05-15T01:23:45.835932,80.00,90.90,75.00,0.00
2026-05-15T01:23:45.936671,83.30,81.80,81.80,30.00
2026-05-15T01:23:46.037275,80.00,90.00,72.70,22.20
2026-05-15T01:23:46.137919,84.60,90.90,63.60,12.50
2026-05-15T01:23:46.239330,81.80,81.80,76.90,0.00
2026-05-15T01:23:46.339844,75.00,81.80,70.00,12.50
2026-05-15T01:23:46.440526,81.80,90.00,75.00,11.10
2026-05-15T01:23:46.541475,81.80,81.80,72.70,12.50
2026-05-15T01:23:46.641965,83.30,90.00,75.00,0.00
2026-05-15T01:23:46.742769,81.80,83.30,66.70,12.50
2026-05-15T01:23:46.843638,83.30,90.00,80.00,25.00
2026-05-15T01:23:46.944096,81.80,83.30,72.70,20.00
2026-05-15T01:23:47.044896,81.80,90.00,75.00,14.30
2026-05-15T01:23:47.145743,83.30,80.00,72.70,11.10
2026-05-15T01:23:47.246226,81.80,90.00,75.00,12.50
2026-05-15T01:23:47.346896,83.30,83.30,70.00,11.10
2026-05-15T01:23:47.447855,81.80,90.90,76.90,22.20
2026-05-15T01:23:47.548376,83.30,90.90,75.00,12.50
2026-05-15T01:23:47.649176,80.00,81.80,75.00,12.50
2026-05-15T01:23:47.749878,83.30,88.90,72.70,11.10
2026-05-15T01:23:47.850318,81.80,83.30,75.00,12.50
2026-05-15T01:23:47.951091,81.80,81.80,75.00,11.10
2026-05-15T01:23:48.051837,81.80,81.80,66.70,12.50
2026-05-15T01:23:48.152452,76.90,83.30,70.00,0.00
2026-05-15T01:23:48.253059,81.80,81.80,75.00,11.10
2026-05-15T01:23:48.353836,83.30,90.00,75.00,12.50
2026-05-15T01:23:48.454671,81.80,83.30,72.70,11.10
2026-05-15T01:23:48.555255,80.00,90.90,72.70,12.50
2026-05-15T01:23:48.655807,81.80,81.80,72.70,11.10
2026-05-15T01:23:48.756544,83.30,90.90,72.70,0.00
2026-05-15T01:23:48.857653,81.80,77.80,75.00,22.20
2026-05-15T01:23:48.958241,75.00,84.60,75.00,11.10
2026-05-15T01:23:49.058885,83.30,88.90,75.00,12.50
2026-05-15T01:23:49.159352,81.80,83.30,72.70,12.50
2026-05-15T01:23:49.260106,83.30,81.80,66.70,0.00
2026-05-15T01:23:49.360807,80.00,90.90,72.70,12.50
2026-05-15T01:23:49.461237,81.80,80.00,75.00,11.10
2026-05-15T01:23:49.561878,76.90,81.80,75.00,0.00
2026-05-15T01:23:49.662800,80.00,81.80,72.70,20.00
2026-05-15T01:23:49.763356,83.30,90.90,72.70,12.50
2026-05-15T01:23:49.864215,80.00,83.30,72.70,12.50
2026-05-15T01:23:49.965000,83.30,83.30,66.70,11.10
2026-05-15T01:23:50.065685,81.80,88.90,75.00,12.50
2026-05-15T01:23:50.166313,81.80,90.90,72.70,0.00
2026-05-15T01:23:50.267243,91.70,90.00,84.60,12.50
2026-05-15T01:23:50.367966,72.70,90.90,70.00,0.00
2026-05-15T01:23:50.468451,81.80,80.00,76.90,12.50
2026-05-15T01:23:50.568984,81.80,83.30,69.20,12.50
2026-05-15T01:23:50.669458,81.80,90.00,70.00,20.00
2026-05-15T01:23:50.769975,75.00,83.30,72.70,0.00
2026-05-15T01:23:50.870696,83.30,80.00,72.70,11.10
2026-05-15T01:23:50.971248,90.00,90.90,76.90,12.50
2026-05-15T01:23:51.071767,75.00,80.00,75.00,11.10
2026-05-15T01:23:51.172453,81.80,90.90,72.70,0.00
2026-05-15T01:23:51.273206,81.80,83.30,72.70,12.50
2026-05-15T01:23:51.373759,81.80,88.90,72.70,0.00
2026-05-15T01:23:51.474600,80.00,83.30,75.00,12.50
2026-05-15T01:23:51.575326,83.30,90.00,70.00,20.00
2026-05-15T01:23:51.675989,76.90,83.30,66.70,22.20
2026-05-15T01:23:51.776774,81.80,80.00,75.00,0.00
2026-05-15T01:23:51.877433,80.00,90.90,75.00,11.10
2026-05-15T01:23:51.978063,81.80,83.30,76.90,30.00
2026-05-15T01:23:52.078760,83.30,88.90,72.70,0.00
2026-05-15T01:23:52.179525,81.80,83.30,72.70,12.50
2026-05-15T01:23:52.280179,83.30,90.90,81.80,12.50
2026-05-15T01:23:52.381007,90.90,100.00,83.30,12.50
2026-05-15T01:23:52.481748,81.80,90.00,75.00,12.50
2026-05-15T01:23:52.582520,83.30,83.30,72.70,22.20
2026-05-15T01:23:52.683174,80.00,90.00,75.00,0.00
2026-05-15T01:23:52.783903,83.30,81.80,75.00,22.20
2026-05-15T01:23:52.884592,75.00,84.60,70.00,0.00
2026-05-15T01:23:52.985301,83.30,87.50,75.00,12.50
2026-05-15T01:23:53.086134,90.90,91.70,75.00,12.50
2026-05-15T01:23:53.187095,72.70,81.80,75.00,0.00
2026-05-15T01:23:53.287766,81.80,83.30,75.00,12.50
2026-05-15T01:23:53.388543,81.80,90.00,70.00,12.50
2026-05-15T01:23:53.489732,90.00,90.00,75.00,11.10
2026-05-15T01:23:53.590600,84.60,90.90,81.80,14.30
2026-05-15T01:23:53.691446,81.80,90.90,75.00,22.20
2026-05-15T01:23:53.792267,81.80,91.70,75.00,11.10
2026-05-15T01:23:53.892994,84.60,80.00,75.00,12.50
2026-05-15T01:23:53.993584,81.80,90.00,75.00,12.50
2026-05-15T01:23:54.094292,90.00,90.90,72.70,12.50
2026-05-15T01:23:54.195081,83.30,100.00,76.90,12.50
2026-05-15T01:23:54.295946,81.80,80.00,75.00,12.50
2026-05-15T01:23:54.396532,81.80,90.90,70.00,0.00
2026-05-15T01:23:54.497041,81.80,90.90,75.00,22.20
2026-05-15T01:23:54.597922,83.30,81.80,72.70,0.00
2026-05-15T01:23:54.698555,81.80,90.00,72.70,22.20
2026-05-15T01:23:54.799057,81.80,83.30,72.70,12.50
2026-05-15T01:23:54.899651,83.30,90.00,75.00,12.50
2026-05-15T01:23:55.000053,81.80,81.80,72.70,12.50
2026-05-15T01:23:55.100680,81.80,83.30,66.70,11.10
2026-05-15T01:23:55.201481,83.30,90.00,72.70,12.50
2026-05-15T01:23:55.302200,81.80,83.30,72.70,12.50
2026-05-15T01:23:55.402900,81.80,88.90,72.70,0.00
2026-05-15T01:23:55.503533,83.30,83.30,75.00,30.00
2026-05-15T01:23:55.604082,83.30,90.90,75.00,22.20
2026-05-15T01:23:55.705017,81.80,90.90,72.70,12.50
2026-05-15T01:23:55.805648,90.00,90.00,72.70,22.20
2026-05-15T01:23:55.906328,84.60,90.00,75.00,11.10
2026-05-15T01:23:56.007232,81.80,91.70,83.30,25.00
2026-05-15T01:23:56.108218,90.00,88.90,72.70,0.00
2026-05-15T01:23:56.209331,81.80,84.60,76.90,11.10
2026-05-15T01:23:56.310282,83.30,88.90,72.70,12.50
2026-05-15T01:23:56.411074,81.80,90.90,76.90,0.00
2026-05-15T01:23:56.511575,81.80,83.30,72.70,12.50
2026-05-15T01:23:56.612505,81.80,90.90,72.70,11.10
2026-05-15T01:23:56.713173,84.60,81.80,72.70,0.00
2026-05-15T01:23:56.813867,81.80,90.00,81.80,25.00
2026-05-15T01:23:56.914554,81.80,81.80,72.70,12.50
2026-05-15T01:23:57.015269,83.30,91.70,72.70,22.20
2026-05-15T01:23:57.115988,81.80,80.00,75.00,20.00
2026-05-15T01:23:57.216710,81.80,83.30,72.70,12.50
2026-05-15T01:23:57.317568,81.80,88.90,72.70,0.00
2026-05-15T01:23:57.418158,81.80,81.80,72.70,12.50
2026-05-15T01:23:57.518690,76.90,91.70,75.00,12.50
2026-05-15T01:23:57.619395,90.00,90.00,75.00,12.50
2026-05-15T01:23:57.720013,90.90,100.00,81.80,12.50
2026-05-15T01:23:57.820599,81.80,81.80,75.00,0.00
2026-05-15T01:23:57.921347,81.80,90.00,75.00,20.00
2026-05-15T01:23:58.022222,81.80,83.30,72.70,0.00
2026-05-15T01:23:58.122950,83.30,90.00,72.70,12.50
2026-05-15T01:23:58.223658,76.90,83.30,75.00,11.10
2026-05-15T01:23:58.324257,83.30,81.80,72.70,0.00
2026-05-15T01:23:58.424865,77.80,90.00,70.00,20.00
2026-05-15T01:23:58.525599,83.30,81.80,72.70,0.00
2026-05-15T01:23:58.626321,81.80,90.00,76.90,11.10
2026-05-15T01:23:58.727155,83.30,81.80,72.70,22.20
2026-05-15T01:23:58.827896,81.80,84.60,72.70,12.50
2026-05-15T01:23:58.928517,81.80,87.50,72.70,11.10
2026-05-15T01:23:59.029219,91.70,90.90,76.90,14.30
2026-05-15T01:23:59.129946,80.00,91.70,66.70,20.00
2026-05-15T01:23:59.230586,81.80,80.00,75.00,12.50
2026-05-15T01:23:59.331975,75.00,90.90,75.00,0.00
2026-05-15T01:23:59.432899,84.60,80.00,72.70,11.10
2026-05-15T01:23:59.533732,80.00,90.90,72.70,22.20
2026-05-15T01:23:59.634282,81.80,81.80,75.00,12.50
2026-05-15T01:23:59.734883,81.80,90.00,72.70,0.00
2026-05-15T01:23:59.835593,83.30,83.30,76.90,12.50
2026-05-15T01:23:59.936062,83.30,83.30,72.70,20.00
2026-05-15T01:24:00.036604,80.00,88.90,72.70,12.50
2026-05-15T01:24:00.137795,90.00,90.90,75.00,0.00
2026-05-15T01:24:00.238280,84.60,83.30,72.70,12.50
2026-05-15T01:24:00.339245,81.80,100.00,75.00,11.10
2026-05-15T01:24:00.439896,81.80,90.00,72.70,12.50
2026-05-15T01:24:00.540548,83.30,83.30,75.00,12.50
2026-05-15T01:24:00.641117,83.30,90.00,81.80,12.50
2026-05-15T01:24:00.741821,81.80,91.70,75.00,0.00
2026-05-15T01:24:00.842581,83.30,90.00,72.70,0.00
2026-05-15T01:24:00.943246,90.90,81.80,72.70,30.00
2026-05-15T01:24:01.044084,83.30,100.00,76.90,22.20
2026-05-15T01:24:01.144759,81.80,81.80,75.00,12.50
2026-05-15T01:24:01.245487,83.30,90.90,70.00,0.00
2026-05-15T01:24:01.346127,81.80,81.80,75.00,12.50
2026-05-15T01:24:01.446962,90.00,90.90,72.70,12.50
2026-05-15T01:24:01.547692,81.80,90.90,83.30,0.00
2026-05-15T01:24:01.648650,83.30,90.00,75.00,11.10
2026-05-15T01:24:01.749461,90.00,100.00,72.70,12.50
2026-05-15T01:24:01.850153,83.30,90.90,75.00,12.50
2026-05-15T01:24:01.951006,90.90,90.00,81.80,22.20
2026-05-15T01:24:02.051789,81.80,90.90,72.70,0.00
2026-05-15T01:24:02.152493,81.80,83.30,75.00,11.10
2026-05-15T01:24:02.253201,81.80,90.00,75.00,0.00
2026-05-15T01:24:02.353878,81.80,83.30,70.00,20.00
2026-05-15T01:24:02.454411,83.30,90.00,75.00,0.00
2026-05-15T01:24:02.555372,83.30,83.30,72.70,22.20
2026-05-15T01:24:02.655937,75.00,83.30,76.90,0.00
2026-05-15T01:24:02.756574,81.80,88.90,75.00,12.50
2026-05-15T01:24:02.857351,90.00,90.90,75.00,0.00
2026-05-15T01:24:02.958121,83.30,90.90,72.70,30.00
2026-05-15T01:24:03.059000,80.00,90.90,76.90,12.50
2026-05-15T01:24:03.159656,81.80,80.00,70.00,0.00
2026-05-15T01:24:03.260459,81.80,81.80,75.00,11.10
2026-05-15T01:24:03.361509,76.90,90.00,70.00,12.50
2026-05-15T01:24:03.462277,81.80,81.80,76.90,0.00
2026-05-15T01:24:03.563047,81.80,90.90,70.00,12.50
2026-05-15T01:24:03.663739,90.90,100.00,75.00,33.30
2026-05-15T01:24:03.764324,81.80,91.70,81.80,11.10
2026-05-15T01:24:03.865297,81.80,77.80,76.90,12.50
2026-05-15T01:24:03.965913,90.90,100.00,72.70,12.50
2026-05-15T01:24:04.066646,83.30,90.00,76.90,12.50
2026-05-15T01:24:04.167335,83.30,83.30,72.70,11.10
2026-05-15T01:24:04.268171,81.80,90.00,75.00,0.00
2026-05-15T01:24:04.368771,83.30,90.90,72.70,12.50
2026-05-15T01:24:04.469591,83.30,90.90,75.00,0.00
2026-05-15T01:24:04.570280,80.00,80.00,70.00,12.50
2026-05-15T01:24:04.671847,81.80,90.90,76.90,22.20
2026-05-15T01:24:04.772549,83.30,83.30,72.70,0.00
2026-05-15T01:24:04.873459,81.80,88.90,75.00,22.20
2026-05-15T01:24:04.974144,81.80,91.70,72.70,22.20
2026-05-15T01:24:05.074728,83.30,80.00,75.00,25.00
2026-05-15T01:24:05.175457,81.80,90.90,75.00,11.10
2026-05-15T01:24:05.276183,81.80,80.00,70.00,12.50
2026-05-15T01:24:05.377238,83.30,90.90,75.00,12.50
2026-05-15T01:24:05.477801,83.30,81.80,72.70,27.30
2026-05-15T01:24:05.578338,81.80,90.90,72.70,12.50
2026-05-15T01:24:05.679349,83.30,90.90,75.00,12.50
2026-05-15T01:24:05.780167,90.00,90.90,81.80,40.00
2026-05-15T01:24:05.880991,83.30,90.00,75.00,12.50
2026-05-15T01:24:05.982013,81.80,83.30,75.00,22.20
2026-05-15T01:24:06.082645,90.00,90.00,72.70,12.50
2026-05-15T01:24:06.183213,81.80,90.90,75.00,0.00
2026-05-15T01:24:06.284058,85.70,90.00,75.00,0.00
2026-05-15T01:24:06.384792,80.00,90.00,72.70,30.00
2026-05-15T01:24:06.485726,83.30,84.60,75.00,0.00
2026-05-15T01:24:06.586246,81.80,90.00,72.70,12.50
2026-05-15T01:24:06.686936,83.30,81.80,72.70,20.00
2026-05-15T01:24:06.787667,81.80,90.00,72.70,12.50
2026-05-15T01:24:06.888244,90.90,90.90,72.70,37.50
2026-05-15T01:24:06.989100,83.30,90.00,81.80,22.20
2026-05-15T01:24:07.089732,83.30,83.30,75.00,12.50
2026-05-15T01:24:07.190562,90.00,90.00,75.00,0.00
2026-05-15T01:24:07.291322,83.30,100.00,80.00,30.00
2026-05-15T01:24:07.391942,90.90,90.90,76.90,12.50
2026-05-15T01:24:07.492552,80.00,90.00,75.00,0.00
2026-05-15T01:24:07.593338,83.30,81.80,72.70,12.50
2026-05-15T01:24:07.693975,81.80,90.90,70.00,0.00
2026-05-15T01:24:07.794665,84.60,81.80,72.70,12.50
2026-05-15T01:24:07.895193,81.80,90.90,75.00,22.20
2026-05-15T01:24:07.995942,75.00,83.30,66.70,11.10
2026-05-15T01:24:08.096562,75.00,72.70,63.60,12.50
2026-05-15T01:24:08.197445,80.00,81.80,75.00,0.00
2026-05-15T01:24:08.298616,76.90,81.80,72.70,11.10
2026-05-15T01:24:08.399568,80.00,80.00,63.60,12.50
2026-05-15T01:24:08.500031,78.60,84.60,69.20,0.00
2026-05-15T01:24:08.600933,75.00,80.00,72.70,22.20
2026-05-15T01:24:08.701458,81.80,81.80,72.70,12.50
2026-05-15T01:24:08.802290,75.00,80.00,66.70,11.10
2026-05-15T01:24:08.902977,76.90,75.00,63.60,11.10
2026-05-15T01:24:09.004089,75.00,80.00,69.20,12.50
2026-05-15T01:24:09.104709,80.00,83.30,72.70,0.00
2026-05-15T01:24:09.205219,75.00,72.70,63.60,0.00
2026-05-15T01:24:09.305795,75.00,81.80,66.70,11.10
2026-05-15T01:24:09.406270,72.70,76.90,70.00,0.00
2026-05-15T01:24:09.506986,81.80,81.80,66.70,12.50
2026-05-15T01:24:09.607717,75.00,81.80,75.00,11.10
2026-05-15T01:24:09.708511,83.30,90.90,66.70,22.20
2026-05-15T01:24:09.809172,81.80,80.00,70.00,0.00
2026-05-15T01:24:09.909788,83.30,83.30,75.00,20.00
2026-05-15T01:24:10.010600,72.70,80.00,72.70,12.50
2026-05-15T01:24:10.111187,76.90,83.30,63.60,11.10
2026-05-15T01:24:10.211949,81.80,81.80,66.70,0.00
2026-05-15T01:24:10.312360,75.00,80.00,66.70,11.10
2026-05-15T01:24:10.413008,75.00,81.80,70.00,12.50
2026-05-15T01:24:10.513712,76.90,72.70,69.20,11.10
2026-05-15T01:24:10.614205,80.00,83.30,70.00,20.00
2026-05-15T01:24:10.715160,76.90,83.30,69.20,12.50
2026-05-15T01:24:10.816025,81.80,81.80,72.70,0.00
2026-05-15T01:24:10.916825,81.80,81.80,75.00,12.50
2026-05-15T01:24:11.017729,80.00,81.80,70.00,22.20
2026-05-15T01:24:11.118313,76.90,81.80,69.20,11.10
2026-05-15T01:24:11.219069,72.70,81.80,70.00,0.00
2026-05-15T01:24:11.319895,81.80,81.80,66.70,0.00
2026-05-15T01:24:11.420515,76.90,81.80,75.00,12.50
2026-05-15T01:24:11.521297,72.70,75.00,66.70,20.00
2026-05-15T01:24:11.622038,76.90,81.80,72.70,12.50
2026-05-15T01:24:11.722758,80.00,80.00,66.70,0.00
2026-05-15T01:24:11.823319,72.70,81.80,72.70,12.50
2026-05-15T01:24:11.924241,84.60,75.00,66.70,30.00
2026-05-15T01:24:12.024882,72.70,81.80,71.40,0.00
2026-05-15T01:24:12.125488,72.70,81.80,70.00,0.00
2026-05-15T01:24:12.226240,81.80,81.80,75.00,11.10
2026-05-15T01:24:12.326882,75.00,80.00,69.20,22.20
2026-05-15T01:24:12.427974,83.30,81.80,70.00,11.10
2026-05-15T01:24:12.528580,81.80,83.30,69.20,12.50
2026-05-15T01:24:12.629374,83.30,90.90,72.70,12.50
2026-05-15T01:24:12.730275,81.80,80.00,75.00,12.50
2026-05-15T01:24:12.830985,76.90,90.90,72.70,12.50
2026-05-15T01:24:12.931593,83.30,75.00,66.70,0.00
2026-05-15T01:24:13.032211,75.00,83.30,75.00,12.50
2026-05-15T01:24:13.133327,80.00,81.80,66.70,11.10
2026-05-15T01:24:13.233889,75.00,81.80,69.20,20.00
2026-05-15T01:24:13.334331,76.90,75.00,70.00,0.00
2026-05-15T01:24:13.435609,72.70,83.30,71.40,20.00
2026-05-15T01:24:13.536233,75.00,81.80,70.00,0.00
2026-05-15T01:24:13.636840,81.80,81.80,76.90,11.10
2026-05-15T01:24:13.737462,81.80,81.80,66.70,12.50
2026-05-15T01:24:13.838793,75.00,72.70,75.00,11.10
2026-05-15T01:24:13.939262,75.00,83.30,75.00,12.50
2026-05-15T01:24:14.040121,81.80,81.80,66.70,0.00
2026-05-15T01:24:14.140657,72.70,81.80,72.70,11.10
2026-05-15T01:24:14.241152,75.00,75.00,66.70,0.00
2026-05-15T01:24:14.342054,72.70,80.00,63.60,11.10
2026-05-15T01:24:14.443248,72.70,72.70,75.00,20.00
2026-05-15T01:24:14.543920,76.90,81.80,63.60,12.50
2026-05-15T01:24:14.644496,70.00,81.80,69.20,20.00
2026-05-15T01:24:14.745044,81.80,81.80,72.70,12.50
2026-05-15T01:24:14.845933,75.00,76.90,66.70,0.00
2026-05-15T01:24:14.946593,75.00,80.00,72.70,11.10
2026-05-15T01:24:15.047204,81.80,81.80,75.00,12.50
2026-05-15T01:24:15.147867,75.00,83.30,69.20,11.10
2026-05-15T01:24:15.248361,83.30,83.30,70.00,12.50
2026-05-15T01:24:15.349437,72.70,80.00,75.00,0.00
2026-05-15T01:24:15.450077,83.30,83.30,69.20,30.00
2026-05-15T01:24:15.550912,75.00,81.80,72.70,11.10
2026-05-15T01:24:15.651501,84.60,90.00,75.00,12.50
2026-05-15T01:24:15.752324,80.00,81.80,72.70,12.50
2026-05-15T01:24:15.853104,75.00,83.30,63.60,0.00
2026-05-15T01:24:15.953889,72.70,81.80,75.00,12.50
2026-05-15T01:24:16.054594,75.00,80.00,66.70,30.00
2026-05-15T01:24:16.155193,81.80,83.30,75.00,0.00
2026-05-15T01:24:16.255818,75.00,72.70,66.70,12.50
2026-05-15T01:24:16.356510,72.70,81.80,66.70,11.10
2026-05-15T01:24:16.457374,75.00,81.80,72.70,11.10
2026-05-15T01:24:16.558046,81.80,72.70,66.70,22.20
2026-05-15T01:24:16.658927,75.00,90.90,75.00,12.50
2026-05-15T01:24:16.759717,81.80,80.00,72.70,12.50
2026-05-15T01:24:16.860260,75.00,81.80,75.00,22.20
2026-05-15T01:24:16.960972,75.00,76.90,63.60,12.50
2026-05-15T01:24:17.061492,72.70,80.00,72.70,12.50
2026-05-15T01:24:17.162196,83.30,81.80,63.60,0.00
2026-05-15T01:24:17.263092,75.00,83.30,75.00,12.50
2026-05-15T01:24:17.363924,81.80,81.80,66.70,11.10
2026-05-15T01:24:17.464570,75.00,81.80,72.70,22.20
2026-05-15T01:24:17.565266,81.80,90.00,72.70,22.20
2026-05-15T01:24:17.665960,81.80,81.80,75.00,0.00
2026-05-15T01:24:17.766650,75.00,83.30,66.70,0.00
2026-05-15T01:24:17.868193,70.00,75.00,75.00,11.10
2026-05-15T01:24:17.968836,83.30,90.00,75.00,12.50
2026-05-15T01:24:18.069516,75.00,70.00,66.70,11.10
2026-05-15T01:24:18.170196,81.80,83.30,72.70,0.00
2026-05-15T01:24:18.270851,76.90,90.90,66.70,0.00
2026-05-15T01:24:18.371590,81.80,75.00,75.00,12.50
2026-05-15T01:24:18.472204,80.00,90.90,72.70,11.10
2026-05-15T01:24:18.572831,76.90,81.80,69.20,12.50
2026-05-15T01:24:18.674220,75.00,81.80,72.70,12.50
2026-05-15T01:24:18.774947,83.30,81.80,69.20,0.00
2026-05-15T01:24:18.875645,72.70,83.30,72.70,20.00
2026-05-15T01:24:18.976241,81.80,81.80,75.00,12.50
2026-05-15T01:24:19.076895,72.70,77.80,63.60,12.50
2026-05-15T01:24:19.177352,76.90,76.90,75.00,11.10
2026-05-15T01:24:19.278477,72.70,80.00,63.60,0.00
2026-05-15T01:24:19.379194,83.30,75.00,66.70,0.00
2026-05-15T01:24:19.479899,72.70,83.30,75.00,20.00
2026-05-15T01:24:19.580851,81.80,80.00,72.70,12.50
2026-05-15T01:24:19.681746,72.70,90.90,75.00,12.50
2026-05-15T01:24:19.782537,83.30,81.80,66.70,11.10
2026-05-15T01:24:19.883180,75.00,76.90,72.70,12.50
2026-05-15T01:24:19.984053,81.80,81.80,66.70,20.00
2026-05-15T01:24:20.084583,75.00,80.00,70.00,0.00
2026-05-15T01:24:20.185248,72.70,75.00,66.70,12.50
2026-05-15T01:24:20.285904,83.30,81.80,66.70,0.00
2026-05-15T01:24:20.386746,70.00,81.80,75.00,11.10
2026-05-15T01:24:20.487287,76.90,75.00,63.60,22.20
2026-05-15T01:24:20.588013,81.80,81.80,66.70,11.10
2026-05-15T01:24:20.688659,75.00,83.30,72.70,12.50
2026-05-15T01:24:20.789560,83.30,90.00,75.00,12.50
2026-05-15T01:24:20.890319,80.00,84.60,70.00,0.00
2026-05-15T01:24:20.990897,75.00,80.00,69.20,12.50
2026-05-15T01:24:21.091610,81.80,83.30,72.70,12.50
2026-05-15T01:24:21.192326,72.70,81.80,72.70,0.00
2026-05-15T01:24:21.293073,75.00,81.80,66.70,11.10
2026-05-15T01:24:21.393687,75.00,76.90,66.70,0.00
2026-05-15T01:24:21.494369,72.70,80.00,72.70,11.10
2026-05-15T01:24:21.595107,72.70,81.80,71.40,11.10
2026-05-15T01:24:21.695829,81.80,75.00,72.70,22.20
2026-05-15T01:24:21.796320,75.00,80.00,63.60,11.10
2026-05-15T01:24:21.897555,80.00,81.80,72.70,14.30
2026-05-15T01:24:21.998118,75.00,80.00,69.20,11.10
2026-05-15T01:24:22.098864,75.00,83.30,72.70,20.00
2026-05-15T01:24:22.199538,81.80,81.80,72.70,0.00
2026-05-15T01:24:22.300131,83.30,83.30,71.40,0.00
2026-05-15T01:24:22.401048,75.00,90.90,72.70,12.50
2026-05-15T01:24:22.501714,83.30,81.80,72.70,12.50
2026-05-15T01:24:22.602472,75.00,81.80,70.00,11.10
2026-05-15T01:24:22.703178,77.80,83.30,69.20,22.20
2026-05-15T01:24:22.803914,75.00,72.70,70.00,11.10
2026-05-15T01:24:22.904351,70.00,75.00,63.60,11.10
2026-05-15T01:24:23.004981,41.70,36.40,30.00,0.00
2026-05-15T01:24:23.105567,36.40,45.50,30.00,10.00
2026-05-15T01:24:23.206033,33.30,36.40,30.00,0.00
2026-05-15T01:24:23.306577,36.40,50.00,30.00,0.00
2026-05-15T01:24:23.407143,36.40,36.40,36.40,18.20
2026-05-15T01:24:23.507596,45.50,40.00,30.00,10.00
2026-05-15T01:24:23.608241,41.70,36.40,36.40,0.00
2026-05-15T01:24:23.708827,33.30,33.30,22.20,10.00
2026-05-15T01:24:23.809277,36.40,36.40,22.20,11.10
2026-05-15T01:24:23.909854,40.00,40.00,33.30,0.00
2026-05-15T01:24:24.010290,46.20,30.00,36.40,10.00
2026-05-15T01:24:24.110844,36.40,36.40,30.00,0.00
2026-05-15T01:24:24.211338,33.30,40.00,36.40,10.00
2026-05-15T01:24:24.311906,36.40,36.40,12.50,0.00
2026-05-15T01:24:24.412435,30.00,22.20,30.00,0.00
2026-05-15T01:24:24.512973,30.00,40.00,30.00,0.00
2026-05-15T01:24:24.613480,33.30,41.70,30.00,11.10
2026-05-15T01:24:24.714111,30.00,36.40,30.00,0.00
2026-05-15T01:24:24.814699,45.50,33.30,36.40,10.00
2026-05-15T01:24:24.915184,22.20,36.40,30.00,10.00
2026-05-15T01:24:25.015735,36.40,40.00,36.40,10.00
2026-05-15T01:24:25.116232,36.40,30.00,30.00,10.00
2026-05-15T01:24:25.216861,33.30,36.40,22.20,0.00
2026-05-15T01:24:25.317333,36.40,40.00,22.20,0.00
2026-05-15T01:24:25.417780,36.40,46.20,22.20,10.00
2026-05-15T01:24:25.518304,40.00,25.00,36.40,0.00
2026-05-15T01:24:25.618804,41.70,41.70,22.20,0.00
2026-05-15T01:24:25.719278,30.00,36.40,36.40,10.00
2026-05-15T01:24:25.819977,40.00,45.50,22.20,10.00
2026-05-15T01:24:25.920504,36.40,41.70,22.20,0.00
2026-05-15T01:24:26.021132,33.30,36.40,36.40,20.00
2026-05-15T01:24:26.121576,36.40,33.30,36.40,10.00
2026-05-15T01:24:26.222051,36.40,30.00,30.00,0.00
2026-05-15T01:24:26.322742,40.00,41.70,30.00,0.00
2026-05-15T01:24:26.423157,36.40,33.30,30.00,0.00
2026-05-15T01:24:26.523728,45.50,41.70,33.30,18.20
2026-05-15T01:24:26.624228,30.00,40.00,30.00,10.00
2026-05-15T01:24:26.724890,36.40,36.40,30.00,0.00
2026-05-15T01:24:26.825320,33.30,41.70,22.20,0.00
2026-05-15T01:24:26.925887,41.70,45.50,41.70,22.20
2026-05-15T01:24:27.026358,33.30,30.00,30.00,10.00
2026-05-15T01:24:27.126949,36.40,40.00,36.40,10.00
2026-05-15T01:24:27.227463,30.00,30.00,30.00,0.00
2026-05-15T01:24:27.328016,45.50,41.70,36.40,10.00
2026-05-15T01:24:27.428480,30.00,30.00,22.20,0.00
2026-05-15T01:24:27.529042,36.40,36.40,30.00,0.00
2026-05-15T01:24:27.629596,45.50,40.00,36.40,11.10
2026-05-15T01:24:27.730123,36.40,36.40,30.00,0.00
2026-05-15T01:24:27.830697,30.00,33.30,22.20,0.00
2026-05-15T01:24:27.931234,45.50,30.00,36.40,10.00
2026-05-15T01:24:28.031840,36.40,41.70,36.40,0.00
2026-05-15T01:24:28.132263,30.00,33.30,22.20,10.00
2026-05-15T01:24:28.232771,40.00,46.20,36.40,0.00
2026-05-15T01:24:28.333235,30.00,36.40,36.40,0.00
2026-05-15T01:24:28.433936,22.20,36.40,30.00,10.00
2026-05-15T01:24:28.534368,30.00,33.30,12.50,0.00
2026-05-15T01:24:28.634946,40.00,36.40,30.00,10.00
2026-05-15T01:24:28.735520,30.00,22.20,30.00,0.00
2026-05-15T01:24:28.836097,36.40,30.00,33.30,0.00
2026-05-15T01:24:28.936540,33.30,45.50,12.50,10.00
2026-05-15T01:24:29.036965,30.00,36.40,30.00,0.00
2026-05-15T01:24:29.137387,30.00,33.30,22.20,10.00
2026-05-15T01:24:29.238008,45.50,30.00,36.40,10.00
2026-05-15T01:24:29.338593,30.00,30.00,30.00,0.00
2026-05-15T01:24:29.439131,36.40,45.50,36.40,18.20
2026-05-15T01:24:29.539739,40.00,22.20,12.50,0.00
2026-05-15T01:24:29.640208,36.40,36.40,36.40,0.00
2026-05-15T01:24:29.740766,30.00,40.00,22.20,10.00
2026-05-15T01:24:29.841224,36.40,36.40,20.00,0.00
2026-05-15T01:24:29.941776,40.00,30.00,22.20,0.00
2026-05-15T01:24:30.042275,30.00,41.70,30.00,0.00
2026-05-15T01:24:30.142842,36.40,41.70,30.00,10.00
2026-05-15T01:24:30.243468,30.00,25.00,30.00,0.00
2026-05-15T01:24:30.344071,40.00,30.00,36.40,0.00
2026-05-15T01:24:30.444590,41.70,46.20,30.00,10.00
2026-05-15T01:24:30.545079,36.40,33.30,30.00,0.00
2026-05-15T01:24:30.645599,40.00,36.40,22.20,10.00
2026-05-15T01:24:30.746087,36.40,33.30,30.00,0.00
2026-05-15T01:24:30.846668,36.40,36.40,30.00,0.00
2026-05-15T01:24:30.947236,45.50,36.40,36.40,0.00
2026-05-15T01:24:31.047786,22.20,45.50,14.30,10.00
2026-05-15T01:24:31.148235,41.70,36.40,27.30,0.00
2026-05-15T01:24:31.248765,36.40,41.70,40.00,0.00
2026-05-15T01:24:31.349269,33.30,36.40,12.50,10.00
2026-05-15T01:24:31.449898,36.40,33.30,36.40,0.00
2026-05-15T01:24:31.550409,30.00,41.70,22.20,0.00
2026-05-15T01:24:31.650965,25.00,30.00,22.20,10.00
2026-05-15T01:24:31.751563,30.00,33.30,30.00,0.00
2026-05-15T01:24:31.852087,36.40,36.40,22.20,0.00
2026-05-15T01:24:31.952686,45.50,33.30,30.00,10.00
2026-05-15T01:24:32.053153,36.40,36.40,36.40,10.00
2026-05-15T01:24:32.153708,30.00,41.70,30.00,0.00
2026-05-15T01:24:32.254172,30.00,36.40,25.00,10.00
2026-05-15T01:24:32.354790,40.00,33.30,33.30,0.00
2026-05-15T01:24:32.455177,30.00,30.00,30.00,0.00
2026-05-15T01:24:32.555773,30.00,41.70,30.00,10.00
2026-05-15T01:24:32.656252,45.50,45.50,33.30,10.00
2026-05-15T01:24:32.756897,30.00,22.20,30.00,0.00
2026-05-15T01:24:32.857365,30.00,33.30,22.20,0.00
2026-05-15T01:24:32.957978,40.00,46.20,36.40,18.20
2026-05-15T01:24:33.058568,36.40,36.40,30.00,10.00
2026-05-15T01:24:33.159078,30.00,33.30,22.20,0.00
2026-05-15T01:24:33.259681,45.50,36.40,30.00,0.00
2026-05-15T01:24:33.360175,30.00,33.30,30.00,10.00
2026-05-15T01:24:33.460740,22.20,22.20,30.00,0.00
2026-05-15T01:24:33.561176,40.00,36.40,30.00,0.00
2026-05-15T01:24:33.661764,30.00,30.00,30.00,0.00
2026-05-15T01:24:33.762198,30.00,40.00,36.40,10.00
2026-05-15T01:24:33.862811,45.50,30.00,22.20,0.00
2026-05-15T01:24:33.963219,22.20,30.00,36.40,10.00
2026-05-15T01:24:34.063731,41.70,41.70,22.20,0.00
2026-05-15T01:24:34.164139,36.40,33.30,22.20,0.00
2026-05-15T01:24:34.264710,33.30,30.00,30.00,0.00
2026-05-15T01:24:34.365179,22.20,36.40,30.00,0.00
2026-05-15T01:24:34.465702,36.40,41.70,22.20,10.00
2026-05-15T01:24:34.566232,40.00,33.30,30.00,0.00
2026-05-15T01:24:34.666878,36.40,30.00,36.40,10.00
2026-05-15T01:24:34.767245,30.00,41.70,22.20,10.00
2026-05-15T01:24:34.867824,45.50,40.00,30.00,0.00
2026-05-15T01:24:34.968232,36.40,30.00,30.00,0.00
2026-05-15T01:24:35.068743,33.30,36.40,30.00,0.00
2026-05-15T01:24:35.169178,36.40,30.00,22.20,10.00
2026-05-15T01:24:35.269773,22.20,33.30,36.40,10.00
2026-05-15T01:24:35.370228,30.00,36.40,22.20,0.00
2026-05-15T01:24:35.470852,45.50,36.40,22.20,10.00
2026-05-15T01:24:35.571441,30.00,36.40,30.00,0.00
2026-05-15T01:24:35.671987,40.00,40.00,33.30,11.10
2026-05-15T01:24:35.772524,22.20,33.30,30.00,0.00
2026-05-15T01:24:35.873013,30.00,30.00,30.00,10.00
2026-05-15T01:24:35.973572,36.40,30.00,22.20,11.10
2026-05-15T01:24:36.074035,40.00,45.50,30.00,0.00
2026-05-15T01:24:36.174725,30.00,30.00,22.20,0.00
2026-05-15T01:24:36.275123,41.70,30.00,22.20,0.00
2026-05-15T01:24:36.375735,22.20,30.00,36.40,10.00
2026-05-15T01:24:36.476162,30.00,36.40,22.20,0.00
2026-05-15T01:24:36.576731,33.30,50.00,30.00,0.00
2026-05-15T01:24:36.677700,36.40,33.30,30.00,10.00
2026-05-15T01:24:36.778133,40.00,36.40,22.20,10.00
2026-05-15T01:24:36.878770,36.40,45.50,22.20,27.30
2026-05-15T01:24:36.979244,25.00,30.00,36.40,0.00
2026-05-15T01:24:37.079798,36.40,36.40,30.00,10.00
2026-05-15T01:24:37.180227,30.00,40.00,30.00,0.00
2026-05-15T01:24:37.280853,33.30,36.40,36.40,0.00
2026-05-15T01:24:37.381291,36.40,22.20,22.20,10.00
2026-05-15T01:24:37.481937,36.40,40.00,30.00,0.00
2026-05-15T01:24:37.582331,30.00,36.40,36.40,0.00
2026-05-15T01:24:37.682847,36.40,30.00,22.20,10.00
2026-05-15T01:24:37.783478,40.00,30.00,22.20,10.00
2026-05-15T01:24:37.883956,22.20,33.30,22.20,0.00
2026-05-15T01:24:37.984399,18.20,10.00,10.00,0.00
2026-05-15T01:24:38.084835,0.00,10.00,10.00,0.00
2026-05-15T01:24:38.185317,10.00,10.00,10.00,0.00
2026-05-15T01:24:38.285790,10.00,0.00,0.00,0.00
2026-05-15T01:24:38.386209,0.00,10.00,0.00,0.00
2026-05-15T01:24:38.486743,0.00,0.00,10.00,0.00
2026-05-15T01:24:38.587178,18.20,10.00,0.00,0.00
2026-05-15T01:24:38.687740,0.00,18.20,0.00,0.00
2026-05-15T01:24:38.788193,10.00,0.00,10.00,9.10
2026-05-15T01:24:38.888718,0.00,0.00,10.00,0.00
2026-05-15T01:24:38.989140,0.00,10.00,0.00,0.00
2026-05-15T01:24:39.089670,10.00,0.00,0.00,0.00
2026-05-15T01:24:39.190131,20.00,10.00,18.20,0.00
2026-05-15T01:24:39.290644,10.00,11.10,0.00,0.00
2026-05-15T01:24:39.391111,0.00,10.00,10.00,0.00
2026-05-15T01:24:39.491572,0.00,10.00,10.00,0.00
2026-05-15T01:24:39.592057,10.00,0.00,0.00,0.00
2026-05-15T01:24:39.692491,10.00,0.00,0.00,10.00
2026-05-15T01:24:39.792950,0.00,10.00,10.00,0.00
2026-05-15T01:24:39.893409,0.00,10.00,0.00,0.00
2026-05-15T01:24:39.993851,10.00,11.10,0.00,0.00
2026-05-15T01:24:40.094337,10.00,0.00,0.00,0.00
2026-05-15T01:24:40.194867,0.00,0.00,10.00,0.00
2026-05-15T01:24:40.295355,0.00,10.00,0.00,0.00
2026-05-15T01:24:40.395928,10.00,0.00,10.00,0.00
2026-05-15T01:24:40.496331,0.00,10.00,18.20,10.00
2026-05-15T01:24:40.596890,18.20,0.00,0.00,9.10
2026-05-15T01:24:40.697309,10.00,11.10,0.00,0.00
2026-05-15T01:24:40.797886,0.00,10.00,11.10,0.00
2026-05-15T01:24:40.898303,10.00,10.00,0.00,0.00
2026-05-15T01:24:40.998810,10.00,10.00,0.00,0.00
2026-05-15T01:24:41.099238,0.00,0.00,0.00,0.00
2026-05-15T01:24:41.199725,11.10,0.00,0.00,0.00
2026-05-15T01:24:41.300175,10.00,18.20,18.20,0.00
2026-05-15T01:24:41.400667,10.00,0.00,0.00,0.00
2026-05-15T01:24:41.501079,0.00,0.00,10.00,0.00
2026-05-15T01:24:41.601526,0.00,18.20,0.00,0.00
2026-05-15T01:24:41.701959,10.00,0.00,0.00,0.00
2026-05-15T01:24:41.802370,0.00,18.20,10.00,0.00
2026-05-15T01:24:41.902853,18.20,0.00,0.00,0.00
2026-05-15T01:24:42.003314,10.00,0.00,0.00,0.00
2026-05-15T01:24:42.103781,0.00,0.00,10.00,0.00
2026-05-15T01:24:42.204194,0.00,0.00,10.00,0.00
2026-05-15T01:24:42.304684,10.00,25.00,0.00,0.00
2026-05-15T01:24:42.405120,0.00,0.00,0.00,0.00
2026-05-15T01:24:42.505666,9.10,0.00,0.00,0.00
2026-05-15T01:24:42.606097,0.00,0.00,18.20,16.70
2026-05-15T01:24:42.706595,18.20,10.00,10.00,0.00
2026-05-15T01:24:42.807007,0.00,10.00,10.00,0.00
2026-05-15T01:24:42.907477,10.00,0.00,0.00,0.00
2026-05-15T01:24:43.007923,10.00,10.00,0.00,0.00
2026-05-15T01:24:43.108346,0.00,10.00,0.00,0.00
2026-05-15T01:24:43.208839,0.00,0.00,0.00,0.00
2026-05-15T01:24:43.309295,0.00,0.00,10.00,0.00
2026-05-15T01:24:43.409804,18.20,11.10,0.00,0.00
2026-05-15T01:24:43.510319,0.00,10.00,10.00,0.00
2026-05-15T01:24:43.610780,0.00,10.00,18.20,0.00
2026-05-15T01:24:43.711187,10.00,10.00,0.00,0.00
2026-05-15T01:24:43.811703,10.00,0.00,0.00,0.00
2026-05-15T01:24:43.912151,10.00,18.20,0.00,0.00
2026-05-15T01:24:44.012681,10.00,0.00,10.00,0.00
2026-05-15T01:24:44.113128,10.00,10.00,0.00,0.00
2026-05-15T01:24:44.213640,0.00,11.10,0.00,0.00
2026-05-15T01:24:44.314117,10.00,0.00,10.00,9.10
2026-05-15T01:24:44.414702,10.00,10.00,0.00,0.00
2026-05-15T01:24:44.515082,0.00,0.00,0.00,0.00
2026-05-15T01:24:44.615608,10.00,10.00,11.10,9.10
2026-05-15T01:24:44.716132,10.00,10.00,10.00,0.00
2026-05-15T01:24:44.816535,0.00,10.00,0.00,0.00
2026-05-15T01:24:44.916923,10.00,10.00,18.20,0.00
2026-05-15T01:24:45.017336,10.00,0.00,0.00,0.00
2026-05-15T01:24:45.117810,10.00,10.00,0.00,0.00
2026-05-15T01:24:45.218222,10.00,10.00,10.00,0.00
2026-05-15T01:24:45.318732,0.00,0.00,0.00,0.00
2026-05-15T01:24:45.419154,10.00,10.00,10.00,0.00
2026-05-15T01:24:45.519684,10.00,10.00,0.00,0.00
2026-05-15T01:24:45.620092,0.00,0.00,0.00,0.00
2026-05-15T01:24:45.720652,0.00,10.00,0.00,0.00
2026-05-15T01:24:45.821089,10.00,0.00,10.00,9.10
2026-05-15T01:24:45.921657,11.10,25.00,10.00,0.00
2026-05-15T01:24:46.022059,10.00,11.10,18.20,0.00
2026-05-15T01:24:46.122521,0.00,0.00,0.00,0.00
2026-05-15T01:24:46.223013,10.00,0.00,0.00,0.00
2026-05-15T01:24:46.323530,10.00,0.00,0.00,0.00
2026-05-15T01:24:46.423952,10.00,10.00,0.00,0.00
2026-05-15T01:24:46.524466,10.00,10.00,10.00,0.00
2026-05-15T01:24:46.624920,0.00,0.00,10.00,0.00
2026-05-15T01:24:46.725346,10.00,10.00,0.00,0.00
2026-05-15T01:24:46.825811,11.10,10.00,10.00,0.00
2026-05-15T01:24:46.926267,11.10,11.10,0.00,10.00
2026-05-15T01:24:47.026812,10.00,0.00,10.00,0.00
2026-05-15T01:24:47.127249,0.00,0.00,0.00,0.00
2026-05-15T01:24:47.227701,10.00,0.00,10.00,0.00
2026-05-15T01:24:47.328149,0.00,10.00,10.00,0.00
2026-05-15T01:24:47.428699,18.20,0.00,0.00,0.00
2026-05-15T01:24:47.529156,0.00,11.10,10.00,9.10
2026-05-15T01:24:47.629614,18.20,0.00,0.00,0.00
2026-05-15T01:24:47.730107,0.00,10.00,0.00,0.00
2026-05-15T01:24:47.830689,0.00,10.00,10.00,0.00
2026-05-15T01:24:47.931117,18.20,10.00,0.00,0.00
2026-05-15T01:24:48.031571,0.00,0.00,0.00,0.00
2026-05-15T01:24:48.131955,0.00,20.00,10.00,0.00
2026-05-15T01:24:48.232406,10.00,0.00,10.00,0.00
2026-05-15T01:24:48.332869,0.00,0.00,0.00,0.00
2026-05-15T01:24:48.433292,10.00,10.00,0.00,0.00
2026-05-15T01:24:48.533772,10.00,0.00,10.00,0.00
2026-05-15T01:24:48.634302,0.00,18.20,0.00,0.00
2026-05-15T01:24:48.734749,10.00,10.00,10.00,0.00
2026-05-15T01:24:48.835239,20.00,0.00,0.00,0.00
2026-05-15T01:24:48.935763,0.00,10.00,0.00,0.00
2026-05-15T01:24:49.036141,10.00,0.00,18.20,10.00
2026-05-15T01:24:49.136636,0.00,18.20,0.00,0.00
2026-05-15T01:24:49.237132,10.00,0.00,0.00,0.00
2026-05-15T01:24:49.337608,0.00,10.00,10.00,0.00
2026-05-15T01:24:49.438043,10.00,0.00,0.00,0.00
2026-05-15T01:24:49.538689,10.00,20.00,10.00,0.00
2026-05-15T01:24:49.639062,10.00,0.00,0.00,0.00
2026-05-15T01:24:49.739592,0.00,0.00,0.00,0.00
2026-05-15T01:24:49.839960,0.00,18.20,0.00,0.00
2026-05-15T01:24:49.940364,0.00,0.00,0.00,0.00
2026-05-15T01:24:50.040910,0.00,0.00,10.00,0.00
2026-05-15T01:24:50.141414,10.00,10.00,10.00,0.00
2026-05-15T01:24:50.241821,18.20,10.00,0.00,9.10
2026-05-15T01:24:50.342213,0.00,0.00,0.00,0.00
2026-05-15T01:24:50.442729,0.00,11.10,0.00,0.00
2026-05-15T01:24:50.543212,0.00,0.00,10.00,0.00
2026-05-15T01:24:50.643750,10.00,10.00,10.00,10.00
2026-05-15T01:24:50.744140,10.00,0.00,0.00,0.00
2026-05-15T01:24:50.844571,10.00,10.00,10.00,0.00
2026-05-15T01:24:50.945025,0.00,10.00,0.00,0.00
2026-05-15T01:24:51.045466,0.00,0.00,0.00,0.00
2026-05-15T01:24:51.145899,10.00,0.00,10.00,0.00
2026-05-15T01:24:51.246315,10.00,0.00,0.00,0.00
2026-05-15T01:24:51.346815,0.00,18.20,0.00,0.00
2026-05-15T01:24:51.447251,10.00,0.00,10.00,0.00
2026-05-15T01:24:51.547716,0.00,18.20,10.00,0.00
2026-05-15T01:24:51.648136,25.00,10.00,0.00,0.00
2026-05-15T01:24:51.748698,0.00,0.00,0.00,0.00
2026-05-15T01:24:51.849129,10.00,10.00,0.00,0.00
2026-05-15T01:24:51.949547,10.00,0.00,10.00,0.00
2026-05-15T01:24:52.049963,0.00,10.00,10.00,9.10
2026-05-15T01:24:52.150361,0.00,10.00,0.00,0.00
2026-05-15T01:24:52.250843,10.00,0.00,10.00,9.10
2026-05-15T01:24:52.351392,10.00,0.00,10.00,0.00
2026-05-15T01:24:52.451873,0.00,0.00,0.00,0.00
2026-05-15T01:24:52.552285,0.00,18.20,0.00,0.00
2026-05-15T01:24:52.652768,18.20,0.00,11.10,0.00
2026-05-15T01:24:52.753164,10.00,10.00,0.00,0.00
2026-05-15T01:24:52.853686,0.00,0.00,0.00,0.00
2026-05-15T01:24:52.954202,45.50,50.00,40.00,10.00
2026-05-15T01:24:53.054851,58.30,54.50,45.50,11.10
2026-05-15T01:24:53.155320,58.30,63.60,54.50,0.00
2026-05-15T01:24:53.255883,60.00,54.50,44.40,0.00
2026-05-15T01:24:53.356519,58.30,66.70,50.00,11.10
2026-05-15T01:24:53.457053,58.30,58.30,50.00,10.00
2026-05-15T01:24:53.557611,66.70,66.70,54.50,11.10
2026-05-15T01:24:53.658131,54.50,54.50,54.50,11.10
2026-05-15T01:24:53.758780,63.60,60.00,44.40,20.00
2026-05-15T01:24:53.859418,61.50,61.50,58.30,0.00
2026-05-15T01:24:53.960093,66.70,75.00,61.50,20.00
2026-05-15T01:24:54.060892,66.70,61.50,50.00,11.10
2026-05-15T01:24:54.161472,54.50,60.00,54.50,10.00
2026-05-15T01:24:54.261998,58.30,54.50,50.00,11.10
2026-05-15T01:24:54.362567,66.70,66.70,50.00,0.00
2026-05-15T01:24:54.463139,54.50,63.60,54.50,11.10
2026-05-15T01:24:54.563727,63.60,58.30,50.00,11.10
2026-05-15T01:24:54.664235,58.30,60.00,58.30,10.00
2026-05-15T01:24:54.764925,66.70,66.70,54.50,12.50
2026-05-15T01:24:54.865367,63.60,60.00,58.30,10.00
2026-05-15T01:24:54.966000,58.30,58.30,50.00,12.50
2026-05-15T01:24:55.066581,63.60,55.60,54.50,10.00
2026-05-15T01:24:55.167159,64.30,66.70,54.50,0.00
2026-05-15T01:24:55.267715,54.50,54.50,50.00,11.10
2026-05-15T01:24:55.368611,66.70,60.00,58.30,0.00
2026-05-15T01:24:55.469246,61.50,61.50,50.00,10.00
2026-05-15T01:24:55.569825,63.60,60.00,54.50,11.10
2026-05-15T01:24:55.670290,63.60,60.00,58.30,0.00
2026-05-15T01:24:55.770831,58.30,54.50,54.50,20.00
2026-05-15T01:24:55.871262,60.00,66.70,54.50,0.00
2026-05-15T01:24:55.971762,61.50,58.30,44.40,11.10
2026-05-15T01:24:56.072266,60.00,63.60,58.30,20.00
2026-05-15T01:24:56.172942,61.50,60.00,50.00,0.00
2026-05-15T01:24:56.273484,66.70,58.30,60.00,11.10
2026-05-15T01:24:56.374040,54.50,55.60,45.50,11.10
2026-05-15T01:24:56.474487,60.00,61.50,54.50,11.10
2026-05-15T01:24:56.575017,58.30,66.70,58.30,10.00
2026-05-15T01:24:56.675604,61.50,50.00,54.50,11.10
2026-05-15T01:24:56.776177,60.00,66.70,50.00,11.10
2026-05-15T01:24:56.876870,63.60,58.30,61.50,0.00
2026-05-15T01:24:56.977299,63.60,70.00,55.60,30.00
2026-05-15T01:24:57.078004,58.30,54.50,61.50,11.10
2026-05-15T01:24:57.178687,69.20,63.60,58.30,0.00
2026-05-15T01:24:57.279183,66.70,66.70,50.00,20.00
2026-05-15T01:24:57.379862,54.50,55.60,58.30,0.00
2026-05-15T01:24:57.480459,63.60,58.30,44.40,11.10
2026-05-15T01:24:57.580991,61.50,66.70,58.30,11.10
2026-05-15T01:24:57.681520,63.60,63.60,54.50,0.00
2026-05-15T01:24:57.782544,63.60,60.00,54.50,11.10
2026-05-15T01:24:57.883235,58.30,61.50,50.00,11.10
2026-05-15T01:24:57.983795,66.70,60.00,50.00,0.00
2026-05-15T01:24:58.084267,63.60,58.30,58.30,11.10
2026-05-15T01:24:58.184871,58.30,60.00,54.50,11.10
2026-05-15T01:24:58.285452,63.60,69.20,58.30,0.00
2026-05-15T01:24:58.386021,50.00,60.00,58.30,11.10
2026-05-15T01:24:58.486528,69.20,58.30,50.00,0.00
2026-05-15T01:24:58.587139,50.00,63.60,54.50,0.00
2026-05-15T01:24:58.687727,66.70,66.70,54.50,27.30
2026-05-15T01:24:58.788306,58.30,54.50,50.00,0.00
2026-05-15T01:24:58.888905,63.60,66.70,58.30,11.10
2026-05-15T01:24:58.989445,54.50,60.00,50.00,11.10
2026-05-15T01:24:59.090084,54.50,58.30,44.40,0.00
2026-05-15T01:24:59.190766,69.20,60.00,58.30,11.10
2026-05-15T01:24:59.291482,60.00,63.60,40.00,11.10
2026-05-15T01:24:59.392101,61.50,60.00,54.50,11.10
2026-05-15T01:24:59.492659,55.60,61.50,50.00,10.00
2026-05-15T01:24:59.593197,58.30,55.60,50.00,0.00
2026-05-15T01:24:59.693847,63.60,58.30,58.30,11.10
2026-05-15T01:24:59.794478,61.50,63.60,54.50,11.10
2026-05-15T01:24:59.895053,63.60,66.70,54.50,11.10
2026-05-15T01:24:59.995609,54.50,63.60,54.50,20.00
2026-05-15T01:25:00.096257,63.60,63.60,58.30,0.00
2026-05-15T01:25:00.197013,66.70,66.70,50.00,20.00
2026-05-15T01:25:00.297492,63.60,54.50,54.50,0.00
2026-05-15T01:25:00.398007,58.30,63.60,58.30,11.10
2026-05-15T01:25:00.498807,54.50,60.00,54.50,10.00
2026-05-15T01:25:00.599474,66.70,54.50,54.50,11.10
2026-05-15T01:25:00.700178,54.50,66.70,54.50,0.00
2026-05-15T01:25:00.800902,55.60,66.70,50.00,11.10
2026-05-15T01:25:00.901345,61.50,61.50,50.00,11.10
2026-05-15T01:25:01.001912,63.60,60.00,58.30,0.00
2026-05-15T01:25:01.102406,58.30,54.50,50.00,11.10
2026-05-15T01:25:01.203099,63.60,63.60,54.50,0.00
2026-05-15T01:25:01.303801,63.60,60.00,58.30,10.00
2026-05-15T01:25:01.404460,58.30,66.70,54.50,11.10
2026-05-15T01:25:01.505134,63.60,61.50,54.50,0.00
2026-05-15T01:25:01.605775,63.60,60.00,54.50,0.00
2026-05-15T01:25:01.706484,61.50,63.60,50.00,20.00
2026-05-15T01:25:01.807107,63.60,61.50,58.30,11.10
2026-05-15T01:25:01.907778,63.60,60.00,63.60,11.10
2026-05-15T01:25:02.008258,54.50,60.00,33.30,11.10
2026-05-15T01:25:02.108943,66.70,58.30,58.30,11.10
2026-05-15T01:25:02.209576,58.30,66.70,50.00,10.00
2026-05-15T01:25:02.310179,58.30,54.50,54.50,0.00
2026-05-15T01:25:02.410796,63.60,66.70,44.40,11.10
2026-05-15T01:25:02.511286,61.50,66.70,50.00,11.10
2026-05-15T01:25:02.611928,63.60,54.50,58.30,0.00
2026-05-15T01:25:02.712553,66.70,60.00,54.50,0.00
2026-05-15T01:25:02.813224,61.50,61.50,54.50,11.10
2026-05-15T01:25:02.913933,69.20,60.00,54.50,11.10
2026-05-15T01:25:03.014472,54.50,66.70,50.00,22.20
2026-05-15T01:25:03.115043,63.60,58.30,54.50,0.00
2026-05-15T01:25:03.215594,58.30,63.60,50.00,11.10
2026-05-15T01:25:03.316195,61.50,54.50,54.50,0.00
2026-05-15T01:25:03.416751,63.60,63.60,44.40,0.00
2026-05-15T01:25:03.517328,58.30,54.50,54.50,11.10
2026-05-15T01:25:03.618138,66.70,63.60,58.30,11.10
2026-05-15T01:25:03.718855,66.70,63.60,54.50,0.00
2026-05-15T01:25:03.819304,58.30,58.30,58.30,11.10
2026-05-15T01:25:03.919878,66.70,63.60,54.50,11.10
2026-05-15T01:25:04.020414,66.70,69.20,54.50,11.10
2026-05-15T01:25:04.121170,63.60,60.00,63.60,11.10
2026-05-15T01:25:04.221787,66.70,69.20,54.50,0.00
2026-05-15T01:25:04.322241,60.00,58.30,58.30,11.10
2026-05-15T01:25:04.422828,63.60,63.60,54.50,11.10
2026-05-15T01:25:04.523304,54.50,54.50,50.00,0.00
2026-05-15T01:25:04.623973,61.50,63.60,58.30,18.20
2026-05-15T01:25:04.724692,60.00,60.00,50.00,0.00
2026-05-15T01:25:04.825247,61.50,58.30,54.50,20.00
2026-05-15T01:25:04.925886,63.60,66.70,58.30,22.20
2026-05-15T01:25:05.026498,66.70,63.60,58.30,22.20
2026-05-15T01:25:05.127149,66.70,66.70,50.00,11.10
2026-05-15T01:25:05.227711,58.30,60.00,58.30,0.00
2026-05-15T01:25:05.328192,66.70,58.30,50.00,20.00
2026-05-15T01:25:05.428838,58.30,60.00,54.50,11.10
2026-05-15T01:25:05.529336,63.60,61.50,50.00,11.10
2026-05-15T01:25:05.629945,58.30,66.70,58.30,11.10
2026-05-15T01:25:05.730556,66.70,63.60,58.30,0.00
2026-05-15T01:25:05.831035,50.00,66.70,50.00,11.10
2026-05-15T01:25:05.931674,63.60,58.30,54.50,10.00
2026-05-15T01:25:06.032212,58.30,63.60,54.50,12.50
2026-05-15T01:25:06.132869,63.60,60.00,54.50,11.10
2026-05-15T01:25:06.233419,58.30,60.00,54.50,10.00
2026-05-15T01:25:06.334105,63.60,61.50,54.50,0.00
2026-05-15T01:25:06.434722,54.50,63.60,54.50,11.10
2026-05-15T01:25:06.535303,63.60,63.60,54.50,20.00
2026-05-15T01:25:06.636117,61.50,58.30,54.50,0.00
2026-05-15T01:25:06.736708,60.00,60.00,37.50,11.10
2026-05-15T01:25:06.837312,61.50,63.60,54.50,0.00
2026-05-15T01:25:06.937988,66.70,66.70,58.30,33.30
2026-05-15T01:25:07.038560,66.70,66.70,54.50,0.00
2026-05-15T01:25:07.139175,63.60,63.60,61.50,11.10
2026-05-15T01:25:07.239788,61.50,61.50,44.40,0.00
2026-05-15T01:25:07.340347,63.60,63.60,58.30,10.00
2026-05-15T01:25:07.441169,61.50,63.60,61.50,11.10
2026-05-15T01:25:07.541690,69.20,60.00,50.00,12.50
2026-05-15T01:25:07.642253,60.00,66.70,58.30,10.00
2026-05-15T01:25:07.742981,58.30,54.50,54.50,11.10
2026-05-15T01:25:07.843531,60.00,60.00,50.00,0.00
2026-05-15T01:25:07.943993,41.70,36.40,30.00,10.00
2026-05-15T01:25:08.044572,10.00,0.00,10.00,0.00
2026-05-15T01:25:08.145032,11.10,27.30,10.00,0.00
2026-05-15T01:25:08.245510,10.00,10.00,0.00,0.00
2026-05-15T01:25:08.345979,11.10,0.00,11.10,0.00
2026-05-15T01:25:08.446365,10.00,10.00,10.00,0.00
2026-05-15T01:25:08.546869,11.10,20.00,0.00,10.00
2026-05-15T01:25:08.647279,0.00,0.00,25.00,0.00
2026-05-15T01:25:08.747761,18.20,20.00,0.00,0.00
2026-05-15T01:25:08.848170,11.10,10.00,11.10,0.00
2026-05-15T01:25:08.948677,10.00,20.00,0.00,10.00
2026-05-15T01:25:09.049141,11.10,10.00,0.00,0.00
2026-05-15T01:25:09.149682,0.00,11.10,10.00,9.10
2026-05-15T01:25:09.250150,18.20,10.00,10.00,0.00
2026-05-15T01:25:09.350725,10.00,0.00,11.10,0.00
2026-05-15T01:25:09.451161,11.10,18.20,10.00,0.00
2026-05-15T01:25:09.551645,10.00,20.00,0.00,0.00
2026-05-15T01:25:09.652047,20.00,0.00,10.00,0.00
2026-05-15T01:25:09.752560,0.00,11.10,18.20,0.00
2026-05-15T01:25:09.852937,20.00,18.20,11.10,0.00
2026-05-15T01:25:09.953334,10.00,11.10,0.00,10.00
2026-05-15T01:25:10.053817,11.10,10.00,10.00,0.00
2026-05-15T01:25:10.154233,10.00,11.10,20.00,0.00
2026-05-15T01:25:10.254777,10.00,10.00,0.00,0.00
2026-05-15T01:25:10.355272,0.00,11.10,10.00,0.00
2026-05-15T01:25:10.455806,18.20,10.00,20.00,0.00
2026-05-15T01:25:10.556301,0.00,11.10,10.00,0.00
2026-05-15T01:25:10.656779,25.00,10.00,0.00,10.00
2026-05-15T01:25:10.757249,11.10,20.00,11.10,0.00
2026-05-15T01:25:10.857760,10.00,10.00,10.00,0.00
2026-05-15T01:25:10.958180,0.00,11.10,0.00,10.00
2026-05-15T01:25:11.058737,20.00,0.00,10.00,0.00
2026-05-15T01:25:11.159224,10.00,25.00,18.20,0.00
2026-05-15T01:25:11.259729,11.10,11.10,0.00,0.00
2026-05-15T01:25:11.360202,18.20,11.10,11.10,0.00
2026-05-15T01:25:11.460702,0.00,0.00,10.00,0.00
2026-05-15T01:25:11.561197,18.20,18.20,10.00,0.00
2026-05-15T01:25:11.661732,10.00,11.10,11.10,0.00
2026-05-15T01:25:11.762194,11.10,11.10,10.00,0.00
2026-05-15T01:25:11.862665,10.00,10.00,11.10,0.00
2026-05-15T01:25:11.963137,11.10,11.10,0.00,16.70
2026-05-15T01:25:12.063558,10.00,10.00,25.00,0.00
2026-05-15T01:25:12.164015,0.00,10.00,0.00,0.00
2026-05-15T01:25:12.264602,25.00,11.10,0.00,0.00
2026-05-15T01:25:12.365098,0.00,10.00,0.00,0.00
2026-05-15T01:25:12.465655,18.20,27.30,20.00,0.00
2026-05-15T01:25:12.566071,11.10,10.00,10.00,0.00
2026-05-15T01:25:12.666590,10.00,11.10,0.00,0.00
2026-05-15T01:25:12.767149,10.00,0.00,20.00,0.00
2026-05-15T01:25:12.867656,0.00,20.00,0.00,0.00
2026-05-15T01:25:12.968062,25.00,20.00,0.00,0.00
2026-05-15T01:25:13.068477,11.10,10.00,20.00,0.00
2026-05-15T01:25:13.168965,10.00,11.10,10.00,0.00
2026-05-15T01:25:13.269478,11.10,10.00,10.00,10.00
2026-05-15T01:25:13.369920,18.20,11.10,0.00,0.00
2026-05-15T01:25:13.470404,0.00,20.00,10.00,0.00
2026-05-15T01:25:13.570886,18.20,10.00,10.00,0.00
2026-05-15T01:25:13.671303,11.10,20.00,11.10,0.00
2026-05-15T01:25:13.771800,10.00,10.00,10.00,0.00
2026-05-15T01:25:13.872236,20.00,10.00,10.00,9.10
2026-05-15T01:25:13.972756,0.00,11.10,11.10,10.00
2026-05-15T01:25:14.073150,18.20,0.00,18.20,0.00
2026-05-15T01:25:14.173680,0.00,27.30,11.10,0.00
2026-05-15T01:25:14.274145,18.20,10.00,10.00,0.00
2026-05-15T01:25:14.374709,11.10,11.10,0.00,0.00
2026-05-15T01:25:14.475190,18.20,25.00,10.00,0.00
2026-05-15T01:25:14.575685,0.00,0.00,11.10,0.00
2026-05-15T01:25:14.676165,11.10,18.20,0.00,0.00
2026-05-15T01:25:14.776737,20.00,0.00,20.00,18.20
2026-05-15T01:25:14.877129,10.00,25.00,0.00,0.00
2026-05-15T01:25:14.977608,11.10,0.00,20.00,0.00
2026-05-15T01:25:15.078050,10.00,20.00,0.00,0.00
2026-05-15T01:25:15.178553,20.00,10.00,11.10,0.00
2026-05-15T01:25:15.278946,10.00,11.10,10.00,0.00
2026-05-15T01:25:15.379430,10.00,10.00,10.00,0.00
2026-05-15T01:25:15.479900,11.10,11.10,27.30,0.00
2026-05-15T01:25:15.580348,10.00,0.00,0.00,0.00
2026-05-15T01:25:15.680900,11.10,20.00,0.00,0.00
2026-05-15T01:25:15.781386,10.00,0.00,11.10,0.00
2026-05-15T01:25:15.881855,11.10,20.00,10.00,0.00
2026-05-15T01:25:15.982290,18.20,18.20,11.10,10.00
2026-05-15T01:25:16.082776,0.00,0.00,0.00,0.00
2026-05-15T01:25:16.183187,10.00,18.20,20.00,0.00
2026-05-15T01:25:16.283687,18.20,11.10,10.00,0.00
2026-05-15T01:25:16.384150,0.00,18.20,10.00,0.00
2026-05-15T01:25:16.484617,10.00,18.20,11.10,0.00
2026-05-15T01:25:16.585105,20.00,0.00,0.00,9.10
2026-05-15T01:25:16.685589,10.00,18.20,10.00,10.00
2026-05-15T01:25:16.786002,20.00,11.10,11.10,0.00
2026-05-15T01:25:16.886496,18.20,18.20,10.00,0.00
2026-05-15T01:25:16.987020,11.10,11.10,11.10,0.00
2026-05-15T01:25:17.087441,18.20,20.00,10.00,0.00
2026-05-15T01:25:17.187903,0.00,10.00,11.10,0.00
2026-05-15T01:25:17.288321,10.00,11.10,0.00,0.00
2026-05-15T01:25:17.388900,20.00,10.00,20.00,10.00
2026-05-15T01:25:17.489321,11.10,20.00,10.00,10.00
2026-05-15T01:25:17.589801,18.20,11.10,20.00,0.00
2026-05-15T01:25:17.690225,11.10,10.00,0.00,0.00
2026-05-15T01:25:17.790716,10.00,11.10,0.00,0.00
2026-05-15T01:25:17.891184,11.10,10.00,18.20,0.00
2026-05-15T01:25:17.991709,0.00,11.10,0.00,0.00
2026-05-15T01:25:18.092183,25.00,18.20,0.00,0.00
2026-05-15T01:25:18.192700,0.00,11.10,18.20,0.00
2026-05-15T01:25:18.293147,10.00,10.00,10.00,0.00
2026-05-15T01:25:18.393666,20.00,20.00,0.00,0.00
2026-05-15T01:25:18.494081,0.00,10.00,10.00,0.00
2026-05-15T01:25:18.594554,11.10,0.00,11.10,0.00
2026-05-15T01:25:18.694959,10.00,10.00,10.00,10.00
2026-05-15T01:25:18.795460,10.00,18.20,0.00,0.00
2026-05-15T01:25:18.895896,11.10,11.10,0.00,10.00
2026-05-15T01:25:18.996309,10.00,10.00,10.00,0.00
2026-05-15T01:25:19.096797,20.00,20.00,10.00,0.00
2026-05-15T01:25:19.197193,18.20,10.00,20.00,0.00
2026-05-15T01:25:19.297744,0.00,20.00,10.00,0.00
2026-05-15T01:25:19.398188,11.10,0.00,0.00,0.00
2026-05-15T01:25:19.498755,10.00,20.00,0.00,0.00
2026-05-15T01:25:19.599166,11.10,10.00,11.10,0.00
2026-05-15T01:25:19.699692,10.00,27.30,10.00,0.00
2026-05-15T01:25:19.800130,11.10,10.00,11.10,0.00
2026-05-15T01:25:19.900677,18.20,11.10,10.00,10.00
2026-05-15T01:25:20.001119,11.10,10.00,0.00,9.10
2026-05-15T01:25:20.101669,18.20,11.10,11.10,0.00
2026-05-15T01:25:20.202054,11.10,18.20,10.00,0.00
2026-05-15T01:25:20.302547,0.00,11.10,0.00,0.00
2026-05-15T01:25:20.402991,20.00,10.00,20.00,0.00
2026-05-15T01:25:20.503438,10.00,11.10,0.00,9.10
2026-05-15T01:25:20.603927,11.10,18.20,10.00,0.00
2026-05-15T01:25:20.704358,18.20,0.00,11.10,0.00
2026-05-15T01:25:20.804874,0.00,10.00,0.00,9.10
2026-05-15T01:25:20.905346,18.20,27.30,20.00,0.00
2026-05-15T01:25:21.005791,11.10,10.00,10.00,0.00
2026-05-15T01:25:21.106205,10.00,20.00,11.10,0.00
2026-05-15T01:25:21.206707,10.00,0.00,10.00,0.00
2026-05-15T01:25:21.307143,20.00,20.00,10.00,0.00
2026-05-15T01:25:21.407732,0.00,10.00,0.00,0.00
2026-05-15T01:25:21.508219,10.00,20.00,10.00,0.00
2026-05-15T01:25:21.608701,20.00,10.00,0.00,0.00
2026-05-15T01:25:21.709131,18.20,11.10,20.00,0.00
2026-05-15T01:25:21.809609,0.00,18.20,0.00,0.00
2026-05-15T01:25:21.910110,18.20,11.10,20.00,10.00
2026-05-15T01:25:22.010584,20.00,10.00,10.00,0.00
2026-05-15T01:25:22.110978,0.00,0.00,10.00,0.00
2026-05-15T01:25:22.211459,10.00,10.00,11.10,0.00
2026-05-15T01:25:22.311893,20.00,20.00,10.00,0.00
2026-05-15T01:25:22.412393,10.00,20.00,11.10,9.10
2026-05-15T01:25:22.512844,20.00,10.00,0.00,0.00
2026-05-15T01:25:22.613275,10.00,10.00,18.20,0.00
2026-05-15T01:25:22.713915,0.00,11.10,11.10,0.00
2026-05-15T01:25:22.814453,18.20,10.00,0.00,0.00
2026-05-15T01:25:22.914945,20.00,20.00,20.00,0.00
2026-05-15T01:25:23.015606,40.00,40.00,30.00,18.20
2026-05-15T01:25:23.116116,41.70,40.00,36.40,0.00
2026-05-15T01:25:23.216807,50.00,50.00,25.00,10.00
2026-05-15T01:25:23.317212,33.30,45.50,36.40,0.00
2026-05-15T01:25:23.417772,40.00,36.40,40.00,10.00
2026-05-15T01:25:23.518229,50.00,54.50,30.00,0.00
2026-05-15T01:25:23.619010,36.40,36.40,45.50,0.00
2026-05-15T01:25:23.719521,40.00,40.00,30.00,10.00
2026-05-15T01:25:23.819965,33.30,45.50,30.00,18.20
2026-05-15T01:25:23.920460,50.00,40.00,40.00,0.00
2026-05-15T01:25:24.021097,36.40,46.20,33.30,10.00
2026-05-15T01:25:24.121589,40.00,45.50,36.40,0.00
2026-05-15T01:25:24.222118,40.00,33.30,30.00,0.00
2026-05-15T01:25:24.322749,36.40,41.70,33.30,10.00
2026-05-15T01:25:24.423234,40.00,45.50,36.40,0.00
2026-05-15T01:25:24.523766,40.00,33.30,33.30,0.00
2026-05-15T01:25:24.624248,41.70,41.70,30.00,10.00
2026-05-15T01:25:24.724831,45.50,40.00,30.00,10.00
2026-05-15T01:25:24.825273,40.00,33.30,45.50,0.00
2026-05-15T01:25:24.925860,40.00,45.50,12.50,18.20
2026-05-15T01:25:25.026296,36.40,50.00,36.40,0.00
2026-05-15T01:25:25.126895,50.00,36.40,30.00,10.00
2026-05-15T01:25:25.227470,33.30,50.00,40.00,0.00
2026-05-15T01:25:25.327978,30.00,40.00,36.40,10.00
2026-05-15T01:25:25.428497,45.50,46.20,25.00,0.00
2026-05-15T01:25:25.529085,33.30,45.50,36.40,10.00
2026-05-15T01:25:25.629688,40.00,33.30,30.00,10.00
2026-05-15T01:25:25.730103,45.50,45.50,33.30,0.00
2026-05-15T01:25:25.830616,36.40,46.20,36.40,10.00
2026-05-15T01:25:25.931160,45.50,45.50,45.50,18.20
2026-05-15T01:25:26.031703,45.50,50.00,33.30,11.10
2026-05-15T01:25:26.132186,40.00,45.50,30.00,10.00
2026-05-15T01:25:26.232779,36.40,36.40,41.70,0.00
2026-05-15T01:25:26.333184,45.50,40.00,25.00,10.00
2026-05-15T01:25:26.433704,40.00,50.00,30.00,0.00
2026-05-15T01:25:26.534169,45.50,41.70,41.70,0.00
2026-05-15T01:25:26.634684,30.00,40.00,33.30,0.00
2026-05-15T01:25:26.735118,45.50,45.50,30.00,10.00
2026-05-15T01:25:26.835746,36.40,45.50,40.00,10.00
2026-05-15T01:25:26.936173,45.50,41.70,36.40,11.10
2026-05-15T01:25:27.036713,45.50,40.00,40.00,10.00
2026-05-15T01:25:27.137242,45.50,45.50,36.40,0.00
2026-05-15T01:25:27.237831,33.30,45.50,25.00,10.00
2026-05-15T01:25:27.338273,41.70,30.00,22.20,0.00
2026-05-15T01:25:27.438820,40.00,40.00,41.70,10.00
2026-05-15T01:25:27.539250,50.00,40.00,33.30,10.00
2026-05-15T01:25:27.639836,40.00,40.00,30.00,0.00
2026-05-15T01:25:27.740332,41.70,36.40,45.50,0.00
2026-05-15T01:25:27.840950,40.00,33.30,30.00,10.00
2026-05-15T01:25:27.941485,40.00,40.00,36.40,10.00
2026-05-15T01:25:28.041963,41.70,30.00,40.00,10.00
2026-05-15T01:25:28.142497,40.00,45.50,36.40,0.00
2026-05-15T01:25:28.243023,45.50,40.00,33.30,10.00
2026-05-15T01:25:28.343596,40.00,50.00,41.70,0.00
2026-05-15T01:25:28.444083,45.50,36.40,33.30,0.00
2026-05-15T01:25:28.544684,40.00,33.30,22.20,10.00
2026-05-15T01:25:28.645150,36.40,50.00,40.00,11.10
2026-05-15T01:25:28.745811,50.00,40.00,30.00,10.00
2026-05-15T01:25:28.846301,33.30,41.70,36.40,10.00
2026-05-15T01:25:28.947171,40.00,40.00,40.00,0.00
2026-05-15T01:25:29.047652,36.40,50.00,41.70,11.10
2026-05-15T01:25:29.148131,50.00,40.00,30.00,0.00
2026-05-15T01:25:29.248716,45.50,36.40,40.00,10.00
2026-05-15T01:25:29.349174,30.00,40.00,30.00,0.00
2026-05-15T01:25:29.449674,40.00,40.00,36.40,0.00
2026-05-15T01:25:29.550179,40.00,50.00,25.00,10.00
2026-05-15T01:25:29.650738,46.20,33.30,36.40,0.00
2026-05-15T01:25:29.751303,40.00,50.00,40.00,0.00
2026-05-15T01:25:29.851953,50.00,33.30,30.00,10.00
2026-05-15T01:25:29.952403,33.30,36.40,30.00,10.00
2026-05-15T01:25:30.053041,46.20,40.00,30.00,11.10
2026-05-15T01:25:30.153539,40.00,40.00,33.30,0.00
2026-05-15T01:25:30.254132,36.40,36.40,30.00,10.00
2026-05-15T01:25:30.354669,40.00,45.50,41.70,0.00
2026-05-15T01:25:30.455232,45.50,40.00,25.00,10.00
2026-05-15T01:25:30.555790,40.00,50.00,36.40,0.00
2026-05-15T01:25:30.656251,41.70,41.70,40.00,10.00
2026-05-15T01:25:30.756830,45.50,40.00,36.40,0.00
2026-05-15T01:25:30.857233,40.00,40.00,33.30,10.00
2026-05-15T01:25:30.958032,45.50,50.00,36.40,11.10
2026-05-15T01:25:31.058642,45.50,40.00,33.30,0.00
2026-05-15T01:25:31.159063,40.00,45.50,41.70,0.00
2026-05-15T01:25:31.259543,36.40,41.70,30.00,0.00
2026-05-15T01:25:31.360100,40.00,40.00,25.00,20.00
2026-05-15T01:25:31.460583,45.50,45.50,30.00,0.00
2026-05-15T01:25:31.561013,36.40,33.30,45.50,10.00
2026-05-15T01:25:31.661665,33.30,41.70,30.00,0.00
2026-05-15T01:25:31.762109,45.50,50.00,33.30,10.00
2026-05-15T01:25:31.862587,36.40,40.00,30.00,0.00
2026-05-15T01:25:31.963046,40.00,45.50,36.40,10.00
2026-05-15T01:25:32.063766,50.00,36.40,40.00,0.00
2026-05-15T01:25:32.164199,40.00,45.50,36.40,0.00
2026-05-15T01:25:32.264745,36.40,40.00,33.30,0.00
2026-05-15T01:25:32.365157,40.00,41.70,30.00,10.00
2026-05-15T01:25:32.465791,41.70,40.00,30.00,0.00
2026-05-15T01:25:32.566225,33.30,45.50,40.00,10.00
2026-05-15T01:25:32.666817,45.50,41.70,30.00,0.00
2026-05-15T01:25:32.767321,40.00,45.50,45.50,11.10
2026-05-15T01:25:32.867829,45.50,40.00,30.00,0.00
2026-05-15T01:25:32.968280,50.00,40.00,40.00,10.00
2026-05-15T01:25:33.068820,40.00,36.40,30.00,11.10
2026-05-15T01:25:33.169315,30.00,45.50,30.00,0.00
2026-05-15T01:25:33.269973,45.50,45.50,45.50,10.00
2026-05-15T01:25:33.370503,40.00,36.40,36.40,0.00
2026-05-15T01:25:33.471036,41.70,45.50,30.00,0.00
2026-05-15T01:25:33.571614,45.50,40.00,33.30,10.00
2026-05-15T01:25:33.672146,33.30,46.20,22.20,11.10
2026-05-15T01:25:33.772707,45.50,33.30,36.40,0.00
2026-05-15T01:25:33.873183,36.40,33.30,30.00,0.00
2026-05-15T01:25:33.973712,40.00,41.70,33.30,10.00
2026-05-15T01:25:34.074220,40.00,40.00,41.70,0.00
2026-05-15T01:25:34.174787,41.70,40.00,33.30,10.00
2026-05-15T01:25:34.275308,45.50,50.00,36.40,0.00
2026-05-15T01:25:34.375889,36.40,30.00,30.00,0.00
2026-05-15T01:25:34.476474,33.30,40.00,25.00,10.00
2026-05-15T01:25:34.577029,45.50,53.80,45.50,0.00
2026-05-15T01:25:34.677555,40.00,40.00,30.00,0.00
2026-05-15T01:25:34.778075,40.00,45.50,33.30,11.10
2026-05-15T01:25:34.878710,50.00,33.30,41.70,0.00
2026-05-15T01:25:34.979294,41.70,50.00,33.30,20.00
2026-05-15T01:25:35.079846,40.00,41.70,30.00,0.00
2026-05-15T01:25:35.180334,45.50,33.30,33.30,10.00
2026-05-15T01:25:35.280981,33.30,45.50,30.00,0.00
2026-05-15T01:25:35.381506,36.40,40.00,36.40,0.00
2026-05-15T01:25:35.482080,45.50,41.70,30.00,0.00
2026-05-15T01:25:35.582737,40.00,40.00,33.30,18.20
2026-05-15T01:25:35.683243,40.00,45.50,30.00,0.00
2026-05-15T01:25:35.783840,45.50,45.50,40.00,0.00
2026-05-15T01:25:35.884358,36.40,36.40,30.00,10.00
2026-05-15T01:25:35.985034,45.50,50.00,33.30,0.00
2026-05-15T01:25:36.085670,40.00,33.30,22.20,18.20
2026-05-15T01:25:36.186225,40.00,45.50,45.50,0.00
2026-05-15T01:25:36.286858,45.50,41.70,36.40,10.00
2026-05-15T01:25:36.387313,36.40,40.00,33.30,0.00
2026-05-15T01:25:36.487957,45.50,40.00,41.70,0.00
2026-05-15T01:25:36.588485,33.30,36.40,36.40,10.00
2026-05-15T01:25:36.689007,36.40,45.50,40.00,0.00
2026-05-15T01:25:36.789555,45.50,45.50,30.00,10.00
2026-05-15T01:25:36.890098,41.70,36.40,40.00,10.00
2026-05-15T01:25:36.990665,40.00,54.50,40.00,30.00
2026-05-15T01:25:37.091200,45.50,36.40,30.00,0.00
2026-05-15T01:25:37.191769,40.00,40.00,30.00,0.00
2026-05-15T01:25:37.292173,22.20,45.50,25.00,10.00
2026-05-15T01:25:37.392704,50.00,40.00,40.00,10.00
2026-05-15T01:25:37.493236,40.00,50.00,41.70,11.10
2026-05-15T01:25:37.593900,50.00,40.00,22.20,0.00
2026-05-15T01:25:37.694323,30.00,36.40,40.00,10.00
2026-05-15T01:25:37.795012,50.00,50.00,30.00,18.20
2026-05-15T01:25:37.895535,33.30,40.00,36.40,0.00
2026-05-15T01:25:37.995955,20.00,20.00,11.10,10.00
2026-05-15T01:25:38.096424,27.30,20.00,11.10,0.00
2026-05-15T01:25:38.196953,20.00,20.00,20.00,0.00
2026-05-15T01:25:38.297475,20.00,20.00,20.00,0.00
2026-05-15T01:25:38.397951,10.00,27.30,0.00,0.00
2026-05-15T01:25:38.498472,22.20,33.30,27.30,0.00
2026-05-15T01:25:38.598960,20.00,20.00,11.10,0.00
2026-05-15T01:25:38.699547,20.00,0.00,18.20,0.00
2026-05-15T01:25:38.800009,20.00,20.00,20.00,0.00
2026-05-15T01:25:38.900532,20.00,20.00,0.00,0.00
2026-05-15T01:25:39.000971,20.00,20.00,27.30,10.00
2026-05-15T01:25:39.101425,11.10,22.20,20.00,0.00
2026-05-15T01:25:39.201899,27.30,11.10,0.00,0.00
2026-05-15T01:25:39.302512,20.00,27.30,33.30,0.00
2026-05-15T01:25:39.402946,27.30,20.00,0.00,0.00
2026-05-15T01:25:39.503324,0.00,11.10,27.30,0.00
2026-05-15T01:25:39.603871,20.00,27.30,11.10,10.00
2026-05-15T01:25:39.704304,27.30,11.10,27.30,0.00
2026-05-15T01:25:39.804829,20.00,20.00,11.10,0.00
2026-05-15T01:25:39.905314,20.00,27.30,18.20,0.00
2026-05-15T01:25:40.005826,20.00,0.00,11.10,0.00
2026-05-15T01:25:40.106278,20.00,20.00,20.00,0.00
2026-05-15T01:25:40.206797,20.00,27.30,11.10,18.20
2026-05-15T01:25:40.307236,11.10,20.00,11.10,0.00
2026-05-15T01:25:40.407730,27.30,27.30,11.10,0.00
2026-05-15T01:25:40.508199,20.00,0.00,20.00,0.00
2026-05-15T01:25:40.608736,11.10,33.30,11.10,0.00
2026-05-15T01:25:40.709168,20.00,20.00,25.00,0.00
2026-05-15T01:25:40.809749,27.30,20.00,20.00,10.00
2026-05-15T01:25:40.910160,11.10,20.00,0.00,10.00
2026-05-15T01:25:41.010720,20.00,22.20,11.10,0.00
2026-05-15T01:25:41.111146,11.10,0.00,27.30,0.00
2026-05-15T01:25:41.211702,20.00,27.30,11.10,0.00
2026-05-15T01:25:41.312155,22.20,27.30,11.10,0.00
2026-05-15T01:25:41.412745,27.30,11.10,11.10,0.00
2026-05-15T01:25:41.513193,27.30,27.30,20.00,0.00
2026-05-15T01:25:41.613732,18.20,20.00,10.00,0.00
2026-05-15T01:25:41.714184,12.50,27.30,11.10,10.00
2026-05-15T01:25:41.814743,20.00,20.00,27.30,10.00
2026-05-15T01:25:41.915163,27.30,22.20,20.00,0.00
2026-05-15T01:25:42.015894,20.00,20.00,20.00,0.00
2026-05-15T01:25:42.116308,20.00,20.00,0.00,0.00
2026-05-15T01:25:42.216769,20.00,27.30,20.00,0.00
2026-05-15T01:25:42.317308,20.00,11.10,20.00,10.00
2026-05-15T01:25:42.417841,20.00,20.00,11.10,0.00
2026-05-15T01:25:42.518225,27.30,27.30,20.00,0.00
2026-05-15T01:25:42.618673,20.00,20.00,11.10,10.00
2026-05-15T01:25:42.719174,11.10,20.00,20.00,0.00
2026-05-15T01:25:42.819691,20.00,20.00,0.00,0.00
2026-05-15T01:25:42.920222,27.30,20.00,18.20,10.00
2026-05-15T01:25:43.020779,20.00,20.00,11.10,0.00
2026-05-15T01:25:43.121170,20.00,20.00,20.00,0.00
2026-05-15T01:25:43.221794,27.30,30.00,11.10,10.00
2026-05-15T01:25:43.322148,27.30,20.00,20.00,10.00
2026-05-15T01:25:43.422713,11.10,11.10,20.00,0.00
2026-05-15T01:25:43.523202,27.30,27.30,11.10,0.00
2026-05-15T01:25:43.623764,11.10,20.00,25.00,0.00
2026-05-15T01:25:43.724166,11.10,20.00,0.00,0.00
2026-05-15T01:25:43.824701,27.30,20.00,11.10,0.00
2026-05-15T01:25:43.925119,20.00,20.00,20.00,0.00
2026-05-15T01:25:44.025672,20.00,20.00,11.10,9.10
2026-05-15T01:25:44.126090,20.00,11.10,11.10,0.00
2026-05-15T01:25:44.226606,11.10,33.30,20.00,0.00
2026-05-15T01:25:44.327036,27.30,20.00,20.00,0.00
2026-05-15T01:25:44.427536,11.10,20.00,10.00,0.00
2026-05-15T01:25:44.528036,30.00,20.00,20.00,0.00
2026-05-15T01:25:44.628464,18.20,11.10,11.10,10.00
2026-05-15T01:25:44.728949,20.00,27.30,20.00,0.00
2026-05-15T01:25:44.829341,20.00,27.30,18.20,0.00
2026-05-15T01:25:44.929943,20.00,11.10,11.10,10.00
2026-05-15T01:25:45.030345,0.00,27.30,20.00,10.00
2026-05-15T01:25:45.130943,27.30,11.10,11.10,0.00
2026-05-15T01:25:45.231396,11.10,20.00,27.30,0.00
2026-05-15T01:25:45.331958,27.30,20.00,0.00,0.00
2026-05-15T01:25:45.432369,11.10,30.00,20.00,0.00
2026-05-15T01:25:45.532945,20.00,20.00,20.00,0.00
2026-05-15T01:25:45.633476,33.30,20.00,10.00,10.00
2026-05-15T01:25:45.733976,11.10,11.10,20.00,0.00
2026-05-15T01:25:45.834480,20.00,27.30,20.00,0.00
2026-05-15T01:25:45.935000,20.00,11.10,11.10,0.00
2026-05-15T01:25:46.035535,30.00,27.30,27.30,10.00
2026-05-15T01:25:46.136021,20.00,11.10,20.00,0.00
2026-05-15T01:25:46.236539,11.10,20.00,0.00,0.00
2026-05-15T01:25:46.337014,11.10,11.10,20.00,0.00
2026-05-15T01:25:46.437511,20.00,27.30,11.10,9.10
2026-05-15T01:25:46.537994,27.30,20.00,11.10,0.00
2026-05-15T01:25:46.638519,11.10,20.00,11.10,0.00
2026-05-15T01:25:46.738991,27.30,22.20,20.00,9.10
2026-05-15T01:25:46.839420,20.00,11.10,10.00,0.00
2026-05-15T01:25:46.939945,20.00,20.00,27.30,10.00
2026-05-15T01:25:47.040441,30.00,20.00,30.00,0.00
2026-05-15T01:25:47.140959,20.00,27.30,11.10,10.00
2026-05-15T01:25:47.241481,11.10,20.00,20.00,0.00
2026-05-15T01:25:47.341982,33.30,20.00,11.10,0.00
2026-05-15T01:25:47.442379,27.30,30.00,20.00,0.00
2026-05-15T01:25:47.542933,20.00,20.00,20.00,0.00
2026-05-15T01:25:47.643473,11.10,20.00,20.00,9.10
2026-05-15T01:25:47.743964,20.00,20.00,11.10,0.00
2026-05-15T01:25:47.844369,20.00,20.00,10.00,0.00
2026-05-15T01:25:47.944857,20.00,11.10,20.00,9.10
2026-05-15T01:25:48.045245,20.00,27.30,11.10,0.00
2026-05-15T01:25:48.145769,20.00,20.00,20.00,0.00
2026-05-15T01:25:48.246248,27.30,27.30,11.10,0.00
2026-05-15T01:25:48.346804,30.00,27.30,20.00,0.00
2026-05-15T01:25:48.447250,0.00,11.10,0.00,0.00
2026-05-15T01:25:48.547792,20.00,20.00,20.00,10.00
2026-05-15T01:25:48.648194,20.00,11.10,11.10,0.00
2026-05-15T01:25:48.748682,20.00,30.00,20.00,0.00
2026-05-15T01:25:48.849157,11.10,20.00,20.00,0.00
2026-05-15T01:25:48.949758,27.30,27.30,27.30,0.00
2026-05-15T01:25:49.050282,20.00,20.00,0.00,10.00
2026-05-15T01:25:49.150882,22.20,20.00,20.00,0.00
2026-05-15T01:25:49.251285,20.00,20.00,20.00,0.00
2026-05-15T01:25:49.351906,11.10,22.20,20.00,0.00
2026-05-15T01:25:49.452309,27.30,20.00,0.00,10.00
2026-05-15T01:25:49.552760,20.00,27.30,27.30,0.00
2026-05-15T01:25:49.653183,18.20,20.00,0.00,0.00
2026-05-15T01:25:49.753730,12.50,20.00,27.30,9.10
2026-05-15T01:25:49.854164,27.30,11.10,11.10,0.00
2026-05-15T01:25:49.954694,10.00,27.30,18.20,0.00
2026-05-15T01:25:50.055149,20.00,20.00,11.10,0.00
2026-05-15T01:25:50.155648,20.00,20.00,20.00,0.00
2026-05-15T01:25:50.256104,27.30,20.00,11.10,10.00
2026-05-15T01:25:50.356666,20.00,20.00,11.10,9.10
2026-05-15T01:25:50.457092,11.10,11.10,27.30,0.00
2026-05-15T01:25:50.557616,30.00,20.00,0.00,0.00
2026-05-15T01:25:50.658173,20.00,22.20,20.00,0.00
2026-05-15T01:25:50.758764,11.10,20.00,11.10,0.00
2026-05-15T01:25:50.859222,27.30,27.30,27.30,10.00
2026-05-15T01:25:50.959710,0.00,20.00,20.00,0.00
2026-05-15T01:25:51.060164,33.30,27.30,10.00,0.00
2026-05-15T01:25:51.160696,11.10,11.10,20.00,0.00
2026-05-15T01:25:51.261152,11.10,20.00,11.10,10.00
2026-05-15T01:25:51.361616,27.30,27.30,11.10,0.00
2026-05-15T01:25:51.462073,20.00,20.00,20.00,0.00
2026-05-15T01:25:51.562556,20.00,11.10,11.10,0.00
2026-05-15T01:25:51.662994,20.00,20.00,11.10,0.00
2026-05-15T01:25:51.763501,11.10,27.30,27.30,0.00
2026-05-15T01:25:51.864053,20.00,20.00,11.10,0.00
2026-05-15T01:25:51.964523,11.10,20.00,18.20,10.00
2026-05-15T01:25:52.064980,27.30,27.30,20.00,10.00
2026-05-15T01:25:52.165519,11.10,11.10,11.10,0.00
2026-05-15T01:25:52.265961,27.30,27.30,27.30,0.00
2026-05-15T01:25:52.366447,0.00,30.00,11.10,0.00
2026-05-15T01:25:52.466963,33.30,11.10,11.10,0.00
2026-05-15T01:25:52.567396,20.00,20.00,20.00,0.00
2026-05-15T01:25:52.667951,20.00,20.00,20.00,0.00
2026-05-15T01:25:52.768414,20.00,33.30,20.00,10.00
2026-05-15T01:25:52.868969,27.30,20.00,20.00,0.00
2026-05-15T01:25:52.969558,72.70,70.00,58.30,12.50
2026-05-15T01:25:53.070035,72.70,76.90,70.00,0.00
2026-05-15T01:25:53.170683,72.70,80.00,69.20,12.50
2026-05-15T01:25:53.271242,75.00,76.90,60.00,20.00
2026-05-15T01:25:53.372005,83.30,81.80,72.70,11.10
2026-05-15T01:25:53.472774,75.00,81.80,66.70,12.50
2026-05-15T01:25:53.573480,81.80,90.90,76.90,12.50
2026-05-15T01:25:53.674193,81.80,75.00,72.70,11.10
2026-05-15T01:25:53.774934,72.70,77.80,66.70,12.50
2026-05-15T01:25:53.875584,76.90,72.70,60.00,11.10
2026-05-15T01:25:53.976189,75.00,81.80,75.00,30.00
2026-05-15T01:25:54.076925,75.00,76.90,63.60,11.10
2026-05-15T01:25:54.177578,72.70,81.80,66.70,0.00
2026-05-15T01:25:54.278231,81.80,72.70,75.00,12.50
2026-05-15T01:25:54.378938,75.00,81.80,63.60,11.10
2026-05-15T01:25:54.479551,75.00,83.30,70.00,12.50
2026-05-15T01:25:54.580232,75.00,72.70,66.70,11.10
2026-05-15T01:25:54.680958,81.80,81.80,63.60,11.10
2026-05-15T01:25:54.781655,72.70,81.80,75.00,0.00
2026-05-15T01:25:54.882302,75.00,75.00,66.70,12.50
2026-05-15T01:25:54.983060,76.90,81.80,72.70,27.30
2026-05-15T01:25:55.083826,80.00,80.00,63.60,0.00
2026-05-15T01:25:55.184512,72.70,76.90,72.70,11.10
2026-05-15T01:25:55.285521,75.00,77.80,66.70,11.10
2026-05-15T01:25:55.386321,75.00,75.00,60.00,0.00
2026-05-15T01:25:55.487198,75.00,75.00,63.60,20.00
2026-05-15T01:25:55.587759,72.70,80.00,75.00,0.00
2026-05-15T01:25:55.688483,76.90,78.60,63.60,12.50
2026-05-15T01:25:55.789158,80.00,80.00,60.00,20.00
2026-05-15T01:25:55.889804,66.70,80.00,72.70,11.10
2026-05-15T01:25:55.990555,72.70,75.00,66.70,12.50
2026-05-15T01:25:56.091614,83.30,81.80,75.00,0.00
2026-05-15T01:25:56.192170,81.80,90.90,66.70,11.10
2026-05-15T01:25:56.292936,72.70,81.80,75.00,0.00
2026-05-15T01:25:56.393334,83.30,83.30,75.00,22.20
2026-05-15T01:25:56.494077,75.00,81.80,66.70,11.10
2026-05-15T01:25:56.594984,72.70,72.70,70.00,20.00
2026-05-15T01:25:56.695521,75.00,81.80,63.60,12.50
2026-05-15T01:25:56.796266,75.00,75.00,63.60,0.00
2026-05-15T01:25:56.896854,80.00,81.80,75.00,20.00
2026-05-15T01:25:56.997675,76.90,75.00,60.00,22.20
2026-05-15T01:25:57.098247,75.00,80.00,75.00,12.50
2026-05-15T01:25:57.198861,81.80,81.80,63.60,12.50
2026-05-15T01:25:57.299501,70.00,72.70,66.70,11.10
2026-05-15T01:25:57.400469,83.30,90.90,75.00,12.50
2026-05-15T01:25:57.501021,72.70,80.00,66.70,11.10
2026-05-15T01:25:57.601613,75.00,72.70,69.20,12.50
2026-05-15T01:25:57.702189,75.00,76.90,63.60,11.10
2026-05-15T01:25:57.802905,77.80,80.00,72.70,0.00
2026-05-15T01:25:57.903574,75.00,75.00,66.70,22.20
2026-05-15T01:25:58.004094,76.90,80.00,66.70,20.00
2026-05-15T01:25:58.104719,75.00,81.80,70.00,12.50
2026-05-15T01:25:58.205523,75.00,75.00,66.70,0.00
2026-05-15T01:25:58.306002,83.30,80.00,66.70,11.10
2026-05-15T01:25:58.406731,72.70,75.00,72.70,0.00
2026-05-15T01:25:58.507325,75.00,81.80,60.00,12.50
2026-05-15T01:25:58.608161,75.00,75.00,72.70,0.00
2026-05-15T01:25:58.708983,72.70,70.00,60.00,22.20
2026-05-15T01:25:58.809618,72.70,81.80,66.70,0.00
2026-05-15T01:25:58.910161,81.80,72.70,63.60,20.00
2026-05-15T01:25:59.010798,75.00,83.30,72.70,22.20
2026-05-15T01:25:59.111315,72.70,72.70,66.70,0.00
2026-05-15T01:25:59.211984,75.00,81.80,66.70,0.00
2026-05-15T01:25:59.312661,72.70,75.00,63.60,20.00
2026-05-15T01:25:59.413615,75.00,80.00,72.70,11.10
2026-05-15T01:25:59.514182,75.00,75.00,66.70,0.00
2026-05-15T01:25:59.614808,81.80,83.30,75.00,11.10
2026-05-15T01:25:59.715723,75.00,75.00,63.60,12.50
2026-05-15T01:25:59.816224,75.00,90.00,72.70,0.00
2026-05-15T01:25:59.916960,83.30,75.00,69.20,12.50
2026-05-15T01:26:00.017596,72.70,81.80,70.00,11.10
2026-05-15T01:26:00.118152,75.00,75.00,66.70,0.00
2026-05-15T01:26:00.218768,75.00,83.30,66.70,12.50
2026-05-15T01:26:00.319251,75.00,72.70,66.70,0.00
2026-05-15T01:26:00.420064,75.00,80.00,66.70,11.10
2026-05-15T01:26:00.520999,77.80,81.80,69.20,12.50
2026-05-15T01:26:00.621716,75.00,72.70,63.60,11.10
2026-05-15T01:26:00.722517,76.90,81.80,72.70,0.00
2026-05-15T01:26:00.822937,81.80,81.80,69.20,12.50
2026-05-15T01:26:00.923319,72.70,83.30,70.00,11.10
2026-05-15T01:26:01.024148,83.30,83.30,75.00,22.20
2026-05-15T01:26:01.124787,72.70,90.90,66.70,12.50
2026-05-15T01:26:01.225586,72.70,70.00,75.00,11.10
2026-05-15T01:26:01.326154,76.90,81.80,63.60,12.50
2026-05-15T01:26:01.426838,72.70,72.70,70.00,11.10
2026-05-15T01:26:01.527555,81.80,81.80,66.70,0.00
2026-05-15T01:26:01.628461,76.90,72.70,66.70,12.50
2026-05-15T01:26:01.728944,76.90,84.60,75.00,11.10
2026-05-15T01:26:01.829708,72.70,80.00,63.60,12.50
2026-05-15T01:26:01.930490,83.30,75.00,75.00,11.10
2026-05-15T01:26:02.031303,72.70,83.30,66.70,22.20
2026-05-15T01:26:02.132294,75.00,80.00,63.60,11.10
2026-05-15T01:26:02.232939,72.70,75.00,70.00,0.00
2026-05-15T01:26:02.333672,75.00,77.80,66.70,0.00
2026-05-15T01:26:02.434202,81.80,83.30,72.70,11.10
2026-05-15T01:26:02.534756,75.00,72.70,69.20,0.00
2026-05-15T01:26:02.635464,81.80,83.30,70.00,11.10
2026-05-15T01:26:02.736827,72.70,81.80,72.70,12.50
2026-05-15T01:26:02.837460,81.80,83.30,69.20,11.10
2026-05-15T01:26:02.938328,75.00,80.00,72.70,12.50
2026-05-15T01:26:03.039088,83.30,80.00,66.70,30.00
2026-05-15T01:26:03.139703,75.00,81.80,72.70,11.10
2026-05-15T01:26:03.240300,80.00,83.30,66.70,12.50
2026-05-15T01:26:03.341033,76.90,72.70,72.70,0.00
2026-05-15T01:26:03.441694,83.30,81.80,72.70,12.50
2026-05-15T01:26:03.542507,75.00,83.30,69.20,0.00
2026-05-15T01:26:03.643182,81.80,90.90,72.70,11.10
2026-05-15T01:26:03.743892,72.70,75.00,66.70,22.20
2026-05-15T01:26:03.844599,80.00,90.00,70.00,11.10
2026-05-15T01:26:03.945299,76.90,83.30,75.00,12.50
2026-05-15T01:26:04.046697,80.00,81.80,69.20,0.00
2026-05-15T01:26:04.147208,76.90,72.70,63.60,12.50
2026-05-15T01:26:04.248151,72.70,81.80,72.70,0.00
2026-05-15T01:26:04.348712,83.30,83.30,69.20,12.50
2026-05-15T01:26:04.449332,76.90,81.80,75.00,0.00
2026-05-15T01:26:04.549991,70.00,72.70,60.00,11.10
2026-05-15T01:26:04.650547,81.80,81.80,70.00,12.50
2026-05-15T01:26:04.751469,76.90,75.00,66.70,11.10
2026-05-15T01:26:04.852147,76.90,81.80,66.70,22.20
2026-05-15T01:26:04.953026,81.80,83.30,66.70,11.10
2026-05-15T01:26:05.053579,72.70,75.00,72.70,40.00
2026-05-15T01:26:05.154204,72.70,81.80,63.60,11.10
2026-05-15T01:26:05.254886,76.90,75.00,72.70,12.50
2026-05-15T01:26:05.355540,70.00,77.80,63.60,0.00
2026-05-15T01:26:05.456224,72.70,76.90,69.20,12.50
2026-05-15T01:26:05.556808,75.00,80.00,66.70,11.10
2026-05-15T01:26:05.657351,80.00,72.70,70.00,11.10
2026-05-15T01:26:05.758215,75.00,91.70,69.20,12.50
2026-05-15T01:26:05.858806,75.00,75.00,72.70,12.50
2026-05-15T01:26:05.959756,83.30,90.00,72.70,22.20
2026-05-15T01:26:06.060710,81.80,83.30,72.70,12.50
2026-05-15T01:26:06.162078,83.30,90.00,69.20,11.10
2026-05-15T01:26:06.262615,72.70,81.80,72.70,0.00
2026-05-15T01:26:06.363065,72.70,75.00,66.70,11.10
2026-05-15T01:26:06.463574,78.60,83.30,66.70,0.00
2026-05-15T01:26:06.564069,70.00,70.00,66.70,11.10
2026-05-15T01:26:06.664593,81.80,81.80,66.70,12.50
2026-05-15T01:26:06.765110,75.00,75.00,63.60,11.10
2026-05-15T01:26:06.865893,72.70,81.80,75.00,12.50
2026-05-15T01:26:06.966505,76.90,81.80,69.20,22.20
2026-05-15T01:26:07.067115,81.80,83.30,72.70,33.30
2026-05-15T01:26:07.167670,72.70,81.80,66.70,11.10
2026-05-15T01:26:07.268430,78.60,70.00,72.70,22.20
2026-05-15T01:26:07.369104,75.00,83.30,66.70,11.10
2026-05-15T01:26:07.469671,81.80,80.00,66.70,12.50
2026-05-15T01:26:07.570237,72.70,83.30,72.70,0.00
2026-05-15T01:26:07.671675,83.30,72.70,63.60,12.50
2026-05-15T01:26:07.772432,75.00,90.90,75.00,11.10
2026-05-15T01:26:07.873255,81.80,83.30,72.70,12.50
2026-05-15T01:26:07.973785,20.00,11.10,18.20,18.20
2026-05-15T01:26:08.074132,0.00,10.00,0.00,0.00
2026-05-15T01:26:08.174587,10.00,11.10,18.20,0.00
2026-05-15T01:26:08.275074,10.00,10.00,0.00,0.00
2026-05-15T01:26:08.375484,0.00,0.00,18.20,0.00
2026-05-15T01:26:08.475923,18.20,10.00,0.00,0.00
2026-05-15T01:26:08.576333,10.00,11.10,0.00,0.00
2026-05-15T01:26:08.676858,0.00,10.00,10.00,0.00
2026-05-15T01:26:08.777243,10.00,0.00,0.00,0.00
2026-05-15T01:26:08.877759,10.00,20.00,0.00,0.00
2026-05-15T01:26:08.978191,10.00,0.00,10.00,0.00
2026-05-15T01:26:09.078669,27.30,10.00,25.00,0.00
2026-05-15T01:26:09.179109,0.00,11.10,0.00,9.10
2026-05-15T01:26:09.279642,10.00,10.00,10.00,0.00
2026-05-15T01:26:09.380106,0.00,10.00,0.00,0.00
2026-05-15T01:26:09.480583,20.00,11.10,10.00,0.00
2026-05-15T01:26:09.581111,0.00,0.00,10.00,0.00
2026-05-15T01:26:09.681613,18.20,18.20,0.00,18.20
2026-05-15T01:26:09.782052,0.00,10.00,0.00,0.00
2026-05-15T01:26:09.882523,10.00,0.00,11.10,0.00
2026-05-15T01:26:09.982945,18.20,0.00,25.00,0.00
2026-05-15T01:26:10.083513,0.00,18.20,0.00,0.00
2026-05-15T01:26:10.183927,10.00,0.00,0.00,0.00
2026-05-15T01:26:10.284390,20.00,18.20,18.20,0.00
2026-05-15T01:26:10.384890,0.00,10.00,0.00,0.00
2026-05-15T01:26:10.485299,10.00,18.20,10.00,0.00
2026-05-15T01:26:10.585813,10.00,11.10,10.00,0.00
2026-05-15T01:26:10.686241,11.10,10.00,0.00,0.00
2026-05-15T01:26:10.786770,10.00,0.00,0.00,0.00
2026-05-15T01:26:10.887172,0.00,10.00,10.00,0.00
2026-05-15T01:26:10.987667,10.00,10.00,10.00,9.10
2026-05-15T01:26:11.088097,11.10,11.10,0.00,0.00
2026-05-15T01:26:11.188666,10.00,10.00,0.00,0.00
2026-05-15T01:26:11.289075,10.00,10.00,0.00,0.00
2026-05-15T01:26:11.389562,10.00,18.20,20.00,0.00
2026-05-15T01:26:11.490008,11.10,11.10,10.00,0.00
2026-05-15T01:26:11.590462,10.00,10.00,0.00,0.00
2026-05-15T01:26:11.690991,0.00,10.00,10.00,0.00
2026-05-15T01:26:11.791478,10.00,0.00,0.00,10.00
2026-05-15T01:26:11.891958,0.00,10.00,18.20,0.00
2026-05-15T01:26:11.992412,10.00,10.00,0.00,0.00
2026-05-15T01:26:12.092885,10.00,11.10,10.00,0.00
2026-05-15T01:26:12.193348,0.00,10.00,0.00,0.00
2026-05-15T01:26:12.293889,10.00,11.10,0.00,0.00
2026-05-15T01:26:12.394347,0.00,18.20,18.20,0.00
2026-05-15T01:26:12.494904,25.00,18.20,10.00,0.00
2026-05-15T01:26:12.595432,10.00,0.00,10.00,0.00
2026-05-15T01:26:12.695910,11.10,10.00,0.00,9.10
2026-05-15T01:26:12.796327,10.00,0.00,0.00,0.00
2026-05-15T01:26:12.896875,0.00,20.00,18.20,0.00
2026-05-15T01:26:12.997378,0.00,10.00,0.00,0.00
2026-05-15T01:26:13.097850,18.20,0.00,0.00,9.10
2026-05-15T01:26:13.198316,10.00,11.10,0.00,0.00
2026-05-15T01:26:13.298807,0.00,18.20,10.00,0.00
2026-05-15T01:26:13.399221,10.00,10.00,18.20,0.00
2026-05-15T01:26:13.499749,11.10,10.00,0.00,0.00
2026-05-15T01:26:13.600181,18.20,11.10,0.00,0.00
2026-05-15T01:26:13.700698,0.00,0.00,18.20,0.00
2026-05-15T01:26:13.801161,18.20,18.20,11.10,0.00
2026-05-15T01:26:13.901694,0.00,0.00,0.00,0.00
2026-05-15T01:26:14.002185,18.20,10.00,18.20,0.00
2026-05-15T01:26:14.102743,10.00,10.00,0.00,0.00
2026-05-15T01:26:14.203212,0.00,20.00,0.00,0.00
2026-05-15T01:26:14.303732,18.20,10.00,18.20,0.00
2026-05-15T01:26:14.404160,0.00,18.20,0.00,10.00
2026-05-15T01:26:14.504716,10.00,11.10,10.00,16.70
2026-05-15T01:26:14.605144,11.10,10.00,10.00,0.00
2026-05-15T01:26:14.705702,18.20,0.00,0.00,0.00
2026-05-15T01:26:14.806118,10.00,27.30,0.00,0.00
2026-05-15T01:26:14.906678,11.10,0.00,10.00,0.00
2026-05-15T01:26:15.007092,10.00,10.00,0.00,0.00
2026-05-15T01:26:15.107665,0.00,18.20,0.00,0.00
2026-05-15T01:26:15.208078,11.10,0.00,18.20,0.00
2026-05-15T01:26:15.308592,10.00,18.20,0.00,0.00
2026-05-15T01:26:15.409031,18.20,10.00,0.00,10.00
2026-05-15T01:26:15.509587,11.10,0.00,10.00,0.00
2026-05-15T01:26:15.610050,0.00,25.00,11.10,0.00
2026-05-15T01:26:15.710593,18.20,11.10,10.00,0.00
2026-05-15T01:26:15.811013,11.10,10.00,10.00,0.00
2026-05-15T01:26:15.911537,10.00,18.20,10.00,0.00
2026-05-15T01:26:16.012015,10.00,0.00,11.10,10.00
2026-05-15T01:26:16.112590,0.00,10.00,0.00,0.00
2026-05-15T01:26:16.213067,18.20,20.00,10.00,0.00
2026-05-15T01:26:16.313589,10.00,0.00,0.00,0.00
2026-05-15T01:26:16.414067,10.00,10.00,0.00,0.00
2026-05-15T01:26:16.514539,0.00,11.10,18.20,0.00
2026-05-15T01:26:16.614937,25.00,18.20,0.00,0.00
2026-05-15T01:26:16.715474,0.00,0.00,10.00,0.00
2026-05-15T01:26:16.815950,18.20,20.00,10.00,10.00
2026-05-15T01:26:16.916431,0.00,0.00,0.00,0.00
2026-05-15T01:26:17.016879,10.00,11.10,18.20,0.00
2026-05-15T01:26:17.117332,11.10,18.20,0.00,18.20
2026-05-15T01:26:17.217884,18.20,11.10,18.20,10.00
2026-05-15T01:26:17.318336,10.00,18.20,0.00,0.00
2026-05-15T01:26:17.418882,11.10,0.00,0.00,0.00
2026-05-15T01:26:17.519324,10.00,0.00,18.20,0.00
2026-05-15T01:26:17.619807,10.00,18.20,10.00,0.00
2026-05-15T01:26:17.720303,0.00,10.00,0.00,0.00
2026-05-15T01:26:17.820762,0.00,20.00,0.00,0.00
2026-05-15T01:26:17.921178,18.20,10.00,18.20,0.00
2026-05-15T01:26:18.021659,10.00,10.00,0.00,0.00
2026-05-15T01:26:18.122100,0.00,11.10,0.00,0.00
2026-05-15T01:26:18.222584,18.20,0.00,20.00,0.00
2026-05-15T01:26:18.323003,0.00,10.00,10.00,0.00
2026-05-15T01:26:18.423467,10.00,11.10,0.00,0.00
2026-05-15T01:26:18.523913,0.00,0.00,10.00,9.10
2026-05-15T01:26:18.624409,10.00,18.20,11.10,0.00
2026-05-15T01:26:18.724991,0.00,0.00,0.00,0.00
2026-05-15T01:26:18.825471,20.00,10.00,10.00,10.00
2026-05-15T01:26:18.925902,0.00,20.00,0.00,0.00
2026-05-15T01:26:19.026323,18.20,10.00,20.00,0.00
2026-05-15T01:26:19.126814,18.20,10.00,0.00,0.00
2026-05-15T01:26:19.227231,11.10,11.10,0.00,0.00
2026-05-15T01:26:19.327765,0.00,0.00,0.00,0.00
2026-05-15T01:26:19.428227,18.20,10.00,10.00,0.00
2026-05-15T01:26:19.528865,10.00,18.20,20.00,0.00
2026-05-15T01:26:19.629279,0.00,11.10,0.00,0.00
2026-05-15T01:26:19.729835,11.10,10.00,0.00,0.00
2026-05-15T01:26:19.830261,10.00,0.00,10.00,0.00
2026-05-15T01:26:19.930776,18.20,11.10,0.00,9.10
2026-05-15T01:26:20.031211,11.10,18.20,0.00,0.00
2026-05-15T01:26:20.131788,0.00,0.00,20.00,0.00
2026-05-15T01:26:20.232237,10.00,11.10,0.00,0.00
2026-05-15T01:26:20.332720,10.00,18.20,0.00,0.00
2026-05-15T01:26:20.433161,11.10,0.00,10.00,0.00
2026-05-15T01:26:20.533695,10.00,11.10,0.00,0.00
2026-05-15T01:26:20.634160,0.00,10.00,0.00,0.00
2026-05-15T01:26:20.734732,18.20,10.00,10.00,0.00
2026-05-15T01:26:20.835211,0.00,27.30,10.00,0.00
2026-05-15T01:26:20.935705,18.20,0.00,0.00,0.00
2026-05-15T01:26:21.036184,0.00,18.20,10.00,0.00
2026-05-15T01:26:21.136725,20.00,0.00,11.10,0.00
2026-05-15T01:26:21.237209,0.00,10.00,0.00,0.00
2026-05-15T01:26:21.337720,18.20,10.00,10.00,0.00
2026-05-15T01:26:21.438175,11.10,11.10,10.00,10.00
2026-05-15T01:26:21.538684,10.00,10.00,0.00,0.00
2026-05-15T01:26:21.639156,0.00,18.20,18.20,0.00
2026-05-15T01:26:21.739609,10.00,0.00,0.00,0.00
2026-05-15T01:26:21.840113,11.10,20.00,11.10,0.00
2026-05-15T01:26:21.940580,10.00,10.00,0.00,10.00
2026-05-15T01:26:22.041050,10.00,10.00,10.00,9.10
2026-05-15T01:26:22.141524,18.20,10.00,10.00,0.00
2026-05-15T01:26:22.241933,0.00,0.00,10.00,0.00
2026-05-15T01:26:22.342328,0.00,0.00,0.00,0.00
2026-05-15T01:26:22.442787,10.00,18.20,0.00,0.00
2026-05-15T01:26:22.543249,10.00,11.10,10.00,0.00
2026-05-15T01:26:22.643770,11.10,0.00,0.00,0.00
2026-05-15T01:26:22.744278,0.00,10.00,10.00,0.00
2026-05-15T01:26:22.844801,10.00,11.10,20.00,0.00
2026-05-15T01:26:22.945271,27.30,25.00,10.00,0.00
2026-05-15T01:26:23.045808,0.00,20.00,20.00,10.00
2026-05-15T01:26:23.146255,18.20,20.00,0.00,0.00
2026-05-15T01:26:23.246767,20.00,11.10,20.00,9.10
2026-05-15T01:26:23.347212,20.00,0.00,0.00,0.00
2026-05-15T01:26:23.447782,10.00,27.30,18.20,0.00
2026-05-15T01:26:23.548185,20.00,11.10,20.00,0.00
2026-05-15T01:26:23.648702,11.10,20.00,0.00,0.00
2026-05-15T01:26:23.749118,27.30,11.10,10.00,0.00
2026-05-15T01:26:23.849695,20.00,20.00,11.10,10.00
2026-05-15T01:26:23.950110,11.10,27.30,11.10,0.00
2026-05-15T01:26:24.050702,20.00,11.10,20.00,0.00
2026-05-15T01:26:24.151110,18.20,18.20,11.10,0.00
2026-05-15T01:26:24.251674,0.00,20.00,10.00,0.00
2026-05-15T01:26:24.352139,20.00,11.10,27.30,9.10
2026-05-15T01:26:24.452604,20.00,27.30,11.10,0.00
2026-05-15T01:26:24.553046,20.00,20.00,10.00,0.00
2026-05-15T01:26:24.653558,0.00,11.10,11.10,0.00
2026-05-15T01:26:24.753994,11.10,25.00,11.10,10.00
2026-05-15T01:26:24.854420,27.30,20.00,20.00,0.00
2026-05-15T01:26:24.954935,10.00,11.10,0.00,0.00
2026-05-15T01:26:25.055424,11.10,11.10,20.00,10.00
2026-05-15T01:26:25.155934,11.10,25.00,10.00,0.00
2026-05-15T01:26:25.256384,27.30,0.00,0.00,0.00
2026-05-15T01:26:25.356953,0.00,20.00,27.30,0.00
2026-05-15T01:26:25.457430,20.00,20.00,10.00,10.00
2026-05-15T01:26:25.557926,20.00,20.00,0.00,0.00
2026-05-15T01:26:25.658396,11.10,18.20,18.20,0.00
2026-05-15T01:26:25.758947,18.20,20.00,0.00,0.00
2026-05-15T01:26:25.859438,11.10,0.00,11.10,0.00
2026-05-15T01:26:25.959904,20.00,20.00,11.10,0.00
2026-05-15T01:26:26.060343,20.00,27.30,18.20,0.00
2026-05-15T01:26:26.160858,20.00,0.00,11.10,0.00
2026-05-15T01:26:26.261301,10.00,27.30,11.10,0.00
2026-05-15T01:26:26.361843,11.10,11.10,10.00,18.20
2026-05-15T01:26:26.462308,20.00,20.00,11.10,0.00
2026-05-15T01:26:26.562877,20.00,11.10,20.00,0.00
2026-05-15T01:26:26.663314,10.00,20.00,0.00,0.00
2026-05-15T01:26:26.763798,20.00,0.00,27.30,0.00
2026-05-15T01:26:26.864247,11.10,20.00,0.00,0.00
2026-05-15T01:26:26.964744,27.30,20.00,18.20,0.00
2026-05-15T01:26:27.065222,20.00,20.00,20.00,10.00
2026-05-15T01:26:27.165749,11.10,20.00,0.00,0.00
2026-05-15T01:26:27.266176,27.30,20.00,20.00,0.00
2026-05-15T01:26:27.366658,11.10,11.10,0.00,0.00
2026-05-15T01:26:27.467123,18.20,0.00,11.10,0.00
2026-05-15T01:26:27.567672,0.00,20.00,11.10,0.00
2026-05-15T01:26:27.668126,20.00,20.00,18.20,18.20
2026-05-15T01:26:27.768601,27.30,11.10,0.00,0.00
2026-05-15T01:26:27.869105,0.00,20.00,11.10,0.00
2026-05-15T01:26:27.969568,20.00,10.00,18.20,0.00
2026-05-15T01:26:28.069982,27.30,20.00,11.10,0.00
2026-05-15T01:26:28.170519,18.20,20.00,10.00,0.00
2026-05-15T01:26:28.270996,11.10,11.10,0.00,0.00
2026-05-15T01:26:28.371481,11.10,10.00,20.00,0.00
2026-05-15T01:26:28.471929,11.10,27.30,0.00,0.00
2026-05-15T01:26:28.572348,10.00,0.00,27.30,0.00
2026-05-15T01:26:28.672849,33.30,20.00,0.00,0.00
2026-05-15T01:26:28.773291,0.00,10.00,18.20,0.00
2026-05-15T01:26:28.873998,18.20,27.30,11.10,0.00
2026-05-15T01:26:28.974506,20.00,11.10,11.10,9.10
2026-05-15T01:26:29.074979,11.10,27.30,20.00,0.00
2026-05-15T01:26:29.175461,11.10,11.10,10.00,0.00
2026-05-15T01:26:29.275928,20.00,18.20,20.00,0.00
2026-05-15T01:26:29.376317,18.20,20.00,0.00,0.00
2026-05-15T01:26:29.476878,11.10,20.00,20.00,0.00
2026-05-15T01:26:29.577395,27.30,20.00,10.00,0.00
2026-05-15T01:26:29.677921,11.10,20.00,11.10,0.00
2026-05-15T01:26:29.778427,18.20,10.00,11.10,0.00
2026-05-15T01:26:29.878903,11.10,20.00,27.30,10.00
2026-05-15T01:26:29.979297,11.10,11.10,10.00,9.10
2026-05-15T01:26:30.079831,20.00,27.30,11.10,0.00
2026-05-15T01:26:30.180215,10.00,11.10,0.00,0.00
2026-05-15T01:26:30.280727,11.10,10.00,18.20,0.00
2026-05-15T01:26:30.381162,20.00,20.00,0.00,0.00
2026-05-15T01:26:30.481662,10.00,0.00,10.00,10.00
2026-05-15T01:26:30.582087,11.10,27.30,11.10,0.00
2026-05-15T01:26:30.682734,20.00,0.00,18.20,0.00
2026-05-15T01:26:30.783200,10.00,11.10,11.10,9.10
2026-05-15T01:26:30.883708,27.30,20.00,20.00,0.00
2026-05-15T01:26:30.984094,20.00,20.00,10.00,0.00
2026-05-15T01:26:31.084593,11.10,20.00,0.00,0.00
2026-05-15T01:26:31.185040,20.00,18.20,20.00,0.00
2026-05-15T01:26:31.285578,18.20,11.10,18.20,0.00
2026-05-15T01:26:31.385977,20.00,20.00,11.10,0.00
2026-05-15T01:26:31.486508,20.00,10.00,11.10,0.00
2026-05-15T01:26:31.586943,10.00,20.00,18.20,0.00
2026-05-15T01:26:31.687466,11.10,20.00,11.10,0.00
2026-05-15T01:26:31.787875,11.10,20.00,20.00,0.00
2026-05-15T01:26:31.888307,20.00,20.00,10.00,0.00
2026-05-15T01:26:31.988874,18.20,10.00,11.10,9.10
2026-05-15T01:26:32.089346,11.10,20.00,18.20,0.00
2026-05-15T01:26:32.189869,20.00,11.10,11.10,10.00
2026-05-15T01:26:32.290336,20.00,27.30,20.00,0.00
2026-05-15T01:26:32.390873,0.00,11.10,11.10,0.00
2026-05-15T01:26:32.491319,18.20,18.20,18.20,9.10
2026-05-15T01:26:32.591822,11.10,11.10,11.10,0.00
2026-05-15T01:26:32.692278,20.00,11.10,10.00,0.00
2026-05-15T01:26:32.792812,18.20,30.80,11.10,0.00
2026-05-15T01:26:32.893218,20.00,20.00,0.00,0.00
2026-05-15T01:26:32.993785,20.00,11.10,27.30,0.00
2026-05-15T01:26:33.094175,11.10,20.00,0.00,0.00
2026-05-15T01:26:33.194699,10.00,10.00,18.20,0.00
2026-05-15T01:26:33.295114,20.00,27.30,0.00,10.00
2026-05-15T01:26:33.395618,20.00,33.30,25.00,0.00
2026-05-15T01:26:33.496069,18.20,10.00,20.00,10.00
2026-05-15T01:26:33.596704,0.00,11.10,0.00,0.00
2026-05-15T01:26:33.697084,27.30,20.00,20.00,0.00
2026-05-15T01:26:33.797646,10.00,20.00,11.10,0.00
2026-05-15T01:26:33.898121,20.00,25.00,18.20,0.00
2026-05-15T01:26:33.998695,20.00,20.00,27.30,0.00
2026-05-15T01:26:34.099097,20.00,20.00,0.00,0.00
2026-05-15T01:26:34.199688,10.00,11.10,20.00,0.00
2026-05-15T01:26:34.300112,11.10,18.20,11.10,0.00
2026-05-15T01:26:34.400664,20.00,0.00,10.00,10.00
2026-05-15T01:26:34.501013,10.00,27.30,11.10,0.00
2026-05-15T01:26:34.601483,11.10,10.00,20.00,0.00
2026-05-15T01:26:34.701928,20.00,11.10,10.00,10.00
2026-05-15T01:26:34.802339,20.00,20.00,11.10,0.00
2026-05-15T01:26:34.902846,10.00,20.00,20.00,0.00
2026-05-15T01:26:35.003284,20.00,20.00,20.00,10.00
2026-05-15T01:26:35.103854,20.00,0.00,18.20,0.00
2026-05-15T01:26:35.204295,11.10,27.30,11.10,0.00
2026-05-15T01:26:35.304776,25.00,11.10,11.10,0.00
2026-05-15T01:26:35.405212,11.10,18.20,10.00,0.00
2026-05-15T01:26:35.505782,11.10,20.00,20.00,0.00
2026-05-15T01:26:35.606227,18.20,20.00,10.00,10.00
2026-05-15T01:26:35.706754,11.10,27.30,11.10,0.00
2026-05-15T01:26:35.807180,11.10,10.00,18.20,0.00
2026-05-15T01:26:35.907740,20.00,20.00,0.00,10.00
2026-05-15T01:26:36.008148,20.00,33.30,11.10,0.00
2026-05-15T01:26:36.108692,10.00,11.10,10.00,0.00
2026-05-15T01:26:36.209148,20.00,11.10,18.20,0.00
2026-05-15T01:26:36.309677,27.30,27.30,20.00,0.00
2026-05-15T01:26:36.410119,11.10,10.00,10.00,0.00
2026-05-15T01:26:36.510697,18.20,20.00,11.10,0.00
2026-05-15T01:26:36.611172,20.00,20.00,20.00,0.00
2026-05-15T01:26:36.711717,11.10,18.20,0.00,0.00
2026-05-15T01:26:36.812136,10.00,11.10,11.10,10.00
2026-05-15T01:26:36.912675,11.10,20.00,10.00,0.00
2026-05-15T01:26:37.013120,27.30,20.00,11.10,10.00
2026-05-15T01:26:37.113659,20.00,20.00,11.10,10.00
2026-05-15T01:26:37.214093,11.10,0.00,18.20,0.00
2026-05-15T01:26:37.314602,20.00,25.00,0.00,0.00
2026-05-15T01:26:37.414978,10.00,11.10,18.20,0.00
2026-05-15T01:26:37.515507,20.00,11.10,20.00,0.00
2026-05-15T01:26:37.615936,0.00,11.10,11.10,0.00
2026-05-15T01:26:37.716473,20.00,27.30,10.00,9.10
2026-05-15T01:26:37.816971,18.20,18.20,20.00,0.00
2026-05-15T01:26:37.917578,40.00,33.30,30.00,0.00
2026-05-15T01:26:38.018177,66.70,72.70,66.70,20.00
2026-05-15T01:26:38.118727,72.70,66.70,63.60,12.50
2026-05-15T01:26:38.219281,66.70,72.70,64.30,11.10
2026-05-15T01:26:38.319933,69.20,72.70,60.00,11.10
2026-05-15T01:26:38.420537,70.00,72.70,63.60,11.10
2026-05-15T01:26:38.521079,66.70,69.20,66.70,0.00
2026-05-15T01:26:38.621584,69.20,66.70,54.50,11.10
2026-05-15T01:26:38.722036,66.70,66.70,63.60,11.10
2026-05-15T01:26:38.822653,72.70,75.00,58.30,11.10
2026-05-15T01:26:38.923211,69.20,75.00,63.60,11.10
2026-05-15T01:26:39.023771,72.70,60.00,55.60,22.20
2026-05-15T01:26:39.124283,75.00,72.70,58.30,11.10
2026-05-15T01:26:39.225007,63.60,63.60,63.60,0.00
2026-05-15T01:26:39.325645,72.70,75.00,66.70,11.10
2026-05-15T01:26:39.426176,75.00,70.00,63.60,20.00
2026-05-15T01:26:39.526866,69.20,75.00,63.60,0.00
2026-05-15T01:26:39.627431,70.00,72.70,63.60,12.50
2026-05-15T01:26:39.728051,63.60,63.60,58.30,11.10
2026-05-15T01:26:39.828772,72.70,72.70,66.70,11.10
2026-05-15T01:26:39.929500,66.70,72.70,66.70,20.00
2026-05-15T01:26:40.030047,75.00,72.70,63.60,11.10
2026-05-15T01:26:40.130613,69.20,72.70,58.30,11.10
2026-05-15T01:26:40.231210,75.00,69.20,63.60,0.00
2026-05-15T01:26:40.331895,72.70,70.00,66.70,11.10
2026-05-15T01:26:40.432655,66.70,83.30,66.70,22.20
2026-05-15T01:26:40.533263,75.00,63.60,63.60,0.00
2026-05-15T01:26:40.633982,63.60,72.70,63.60,20.00
2026-05-15T01:26:40.734672,72.70,72.70,63.60,11.10
2026-05-15T01:26:40.835161,69.20,72.70,54.50,11.10
2026-05-15T01:26:40.935805,72.70,70.00,69.20,0.00
2026-05-15T01:26:41.036338,75.00,81.80,66.70,20.00
2026-05-15T01:26:41.136946,72.70,69.20,64.30,11.10
2026-05-15T01:26:41.237559,69.20,75.00,60.00,0.00
2026-05-15T01:26:41.338212,63.60,63.60,66.70,11.10
2026-05-15T01:26:41.438751,72.70,72.70,54.50,11.10
2026-05-15T01:26:41.539275,66.70,75.00,60.00,0.00
2026-05-15T01:26:41.639878,70.00,66.70,63.60,11.10
2026-05-15T01:26:41.740463,69.20,72.70,61.50,0.00
2026-05-15T01:26:41.841121,69.20,72.70,60.00,11.10
2026-05-15T01:26:41.941788,75.00,63.60,63.60,11.10
2026-05-15T01:26:42.042333,63.60,72.70,66.70,12.50
2026-05-15T01:26:42.143226,75.00,72.70,63.60,11.10
2026-05-15T01:26:42.243803,75.00,63.60,58.30,0.00
2026-05-15T01:26:42.344430,63.60,75.00,60.00,0.00
2026-05-15T01:26:42.445188,75.00,63.60,58.30,11.10
2026-05-15T01:26:42.545804,66.70,72.70,60.00,20.00
2026-05-15T01:26:42.646346,72.70,72.70,66.70,11.10
2026-05-15T01:26:42.747163,69.20,72.70,54.50,11.10
2026-05-15T01:26:42.847749,75.00,66.70,63.60,11.10
2026-05-15T01:26:42.948285,63.60,75.00,63.60,20.00
2026-05-15T01:26:43.049119,70.00,72.70,66.70,11.10
2026-05-15T01:26:43.149684,69.20,66.70,63.60,11.10
2026-05-15T01:26:43.250178,66.70,72.70,66.70,11.10
2026-05-15T01:26:43.350827,72.70,70.00,58.30,0.00
2026-05-15T01:26:43.451612,72.70,69.20,66.70,11.10
2026-05-15T01:26:43.552306,66.70,72.70,60.00,11.10
2026-05-15T01:26:43.652941,72.70,70.00,63.60,0.00
2026-05-15T01:26:43.753495,69.20,76.90,61.50,12.50
2026-05-15T01:26:43.854007,70.00,66.70,66.70,11.10
2026-05-15T01:26:43.954587,75.00,70.00,60.00,0.00
2026-05-15T01:26:44.055287,66.70,72.70,66.70,20.00
2026-05-15T01:26:44.155862,66.70,69.20,60.00,0.00
2026-05-15T01:26:44.256488,70.00,77.80,66.70,0.00
2026-05-15T01:26:44.357099,71.40,69.20,58.30,11.10
2026-05-15T01:26:44.457788,72.70,70.00,66.70,11.10
2026-05-15T01:26:44.558292,70.00,72.70,63.60,0.00
2026-05-15T01:26:44.658864,69.20,72.70,60.00,20.00
2026-05-15T01:26:44.759492,75.00,72.70,69.20,0.00
2026-05-15T01:26:44.860095,75.00,70.00,63.60,11.10
2026-05-15T01:26:44.960738,66.70,76.90,63.60,0.00
2026-05-15T01:26:45.061552,70.00,72.70,63.60,11.10
2026-05-15T01:26:45.162122,76.90,70.00,63.60,0.00
2026-05-15T01:26:45.262733,72.70,70.00,58.30,11.10
2026-05-15T01:26:45.363252,66.70,70.00,63.60,0.00
2026-05-15T01:26:45.464013,69.20,66.70,66.70,22.20
2026-05-15T01:26:45.564791,80.00,83.30,60.00,0.00
2026-05-15T01:26:45.665341,75.00,72.70,66.70,11.10
2026-05-15T01:26:45.765909,69.20,72.70,66.70,12.50
2026-05-15T01:26:45.866518,72.70,75.00,63.60,0.00
2026-05-15T01:26:45.967102,66.70,70.00,54.50,11.10
2026-05-15T01:26:46.067868,72.70,75.00,63.60,20.00
2026-05-15T01:26:46.168407,66.70,70.00,69.20,12.50
2026-05-15T01:26:46.269081,72.70,66.70,60.00,11.10
2026-05-15T01:26:46.369798,69.20,75.00,63.60,0.00
2026-05-15T01:26:46.470458,72.70,70.00,66.70,11.10
2026-05-15T01:26:46.571103,66.70,72.70,54.50,0.00
2026-05-15T01:26:46.671758,75.00,63.60,63.60,11.10
2026-05-15T01:26:46.772253,66.70,75.00,58.30,20.00
2026-05-15T01:26:46.872933,70.00,66.70,66.70,11.10
2026-05-15T01:26:46.973461,69.20,75.00,63.60,12.50
2026-05-15T01:26:47.074226,72.70,72.70,66.70,22.20
2026-05-15T01:26:47.174950,75.00,75.00,66.70,22.20
2026-05-15T01:26:47.275835,66.70,72.70,63.60,0.00
2026-05-15T01:26:47.376277,66.70,75.00,63.60,0.00
2026-05-15T01:26:47.477173,70.00,70.00,54.50,20.00
2026-05-15T01:26:47.578002,69.20,63.60,63.60,0.00
2026-05-15T01:26:47.678647,72.70,75.00,63.60,12.50
2026-05-15T01:26:47.779239,69.20,72.70,66.70,0.00
2026-05-15T01:26:47.879844,72.70,75.00,63.60,27.30
2026-05-15T01:26:47.980414,63.60,70.00,63.60,20.00
2026-05-15T01:26:48.081080,75.00,72.70,58.30,0.00
2026-05-15T01:26:48.181753,63.60,66.70,66.70,0.00
2026-05-15T01:26:48.282598,75.00,75.00,66.70,20.00
2026-05-15T01:26:48.383219,69.20,72.70,66.70,0.00
2026-05-15T01:26:48.483931,75.00,75.00,58.30,20.00
2026-05-15T01:26:48.584506,66.70,72.70,60.00,11.10
2026-05-15T01:26:48.685051,75.00,75.00,63.60,0.00
2026-05-15T01:26:48.785697,66.70,66.70,63.60,11.10
2026-05-15T01:26:48.886273,75.00,75.00,58.30,11.10
2026-05-15T01:26:48.986803,70.00,70.00,69.20,22.20
2026-05-15T01:26:49.087337,66.70,70.00,60.00,0.00
2026-05-15T01:26:49.187953,69.20,66.70,54.50,11.10
2026-05-15T01:26:49.288638,70.00,75.00,63.60,11.10
2026-05-15T01:26:49.389142,66.70,60.00,63.60,0.00
2026-05-15T01:26:49.489843,75.00,72.70,54.50,0.00
2026-05-15T01:26:49.590516,69.20,72.70,60.00,11.10
2026-05-15T01:26:49.691204,72.70,72.70,66.70,0.00
2026-05-15T01:26:49.791913,63.60,70.00,63.60,12.50
2026-05-15T01:26:49.892666,72.70,69.20,61.50,11.10
2026-05-15T01:26:49.993575,66.70,72.70,66.70,20.00
2026-05-15T01:26:50.094224,66.70,72.70,60.00,11.10
2026-05-15T01:26:50.194917,76.90,63.60,60.00,0.00
2026-05-15T01:26:50.295750,63.60,72.70,69.20,11.10
2026-05-15T01:26:50.396208,75.00,75.00,60.00,12.50
2026-05-15T01:26:50.496696,66.70,70.00,61.50,11.10
2026-05-15T01:26:50.597300,72.70,66.70,55.60,0.00
2026-05-15T01:26:50.697987,66.70,70.00,61.50,11.10
2026-05-15T01:26:50.798966,72.70,63.60,63.60,11.10
2026-05-15T01:26:50.899514,75.00,80.00,63.60,11.10
2026-05-15T01:26:51.000269,76.90,75.00,66.70,30.00
2026-05-15T01:26:51.100972,66.70,75.00,66.70,0.00
2026-05-15T01:26:51.498350,83.30,88.10,75.60,63.90
2026-05-15T01:26:51.601285,75.00,81.80,63.60,100.00
2026-05-15T01:26:51.704213,72.70,83.30,63.60,100.00
2026-05-15T01:26:51.807716,69.20,81.80,69.20,100.00
2026-05-15T01:26:51.910674,75.00,81.80,60.00,100.00
2026-05-15T01:26:52.014353,75.00,83.30,63.60,100.00
2026-05-15T01:26:52.117720,66.70,75.00,66.70,100.00
2026-05-15T01:26:52.220733,75.00,84.60,69.20,100.00
2026-05-15T01:26:52.323865,75.00,83.30,63.60,100.00
2026-05-15T01:26:52.427006,66.70,83.30,69.20,100.00
2026-05-15T01:26:52.530484,75.00,81.80,66.70,100.00
2026-05-15T01:26:52.634152,69.20,75.00,61.50,100.00
2026-05-15T01:26:52.737613,72.70,83.30,63.60,100.00
2026-05-15T01:26:52.841130,66.70,83.30,63.60,100.00
2026-05-15T01:26:52.943023,36.40,40.00,41.70,100.00
2026-05-15T01:26:53.044843,0.00,0.00,0.00,100.00
2026-05-15T01:26:53.146714,9.10,0.00,0.00,100.00
2026-05-15T01:26:53.248871,0.00,0.00,0.00,100.00
2026-05-15T01:26:53.350795,0.00,0.00,0.00,100.00
2026-05-15T01:26:53.452789,0.00,0.00,0.00,100.00
2026-05-15T01:26:53.554801,0.00,18.20,0.00,100.00
2026-05-15T01:26:53.656807,0.00,0.00,0.00,100.00
2026-05-15T01:26:53.758874,0.00,0.00,0.00,100.00
2026-05-15T01:26:53.861074,0.00,0.00,9.10,100.00
2026-05-15T01:26:53.963115,9.10,9.10,0.00,100.00
2026-05-15T01:26:54.065106,0.00,0.00,0.00,100.00
2026-05-15T01:26:54.167150,0.00,0.00,0.00,100.00
2026-05-15T01:26:54.269250,0.00,0.00,0.00,100.00
2026-05-15T01:26:54.371404,0.00,9.10,0.00,100.00
2026-05-15T01:26:54.473426,9.10,0.00,0.00,100.00
2026-05-15T01:26:54.575429,0.00,0.00,9.10,100.00
2026-05-15T01:26:54.677594,18.20,10.00,27.30,100.00
2026-05-15T01:26:54.779662,0.00,10.00,100.00,100.00
2026-05-15T01:26:54.881700,0.00,0.00,100.00,100.00
2026-05-15T01:26:54.983386,30.00,10.00,80.00,100.00
2026-05-15T01:26:55.085274,0.00,9.10,9.10,100.00
2026-05-15T01:26:55.187362,0.00,9.10,0.00,100.00
2026-05-15T01:26:55.289388,0.00,0.00,0.00,100.00
2026-05-15T01:26:55.391487,27.30,0.00,22.20,100.00
2026-05-15T01:26:55.493315,10.00,10.00,10.00,100.00
2026-05-15T01:26:55.595188,9.10,9.10,0.00,100.00
2026-05-15T01:26:55.697103,9.10,0.00,0.00,100.00
2026-05-15T01:26:55.799039,0.00,0.00,0.00,100.00
2026-05-15T01:26:55.900839,0.00,0.00,0.00,100.00
2026-05-15T01:26:56.002667,0.00,0.00,9.10,100.00
2026-05-15T01:26:56.104482,9.10,0.00,0.00,100.00
2026-05-15T01:26:56.206255,9.10,0.00,0.00,100.00
2026-05-15T01:26:56.308141,0.00,0.00,0.00,100.00
2026-05-15T01:26:56.409851,0.00,9.10,0.00,100.00
2026-05-15T01:26:56.511744,30.00,10.00,30.00,100.00
2026-05-15T01:26:56.613772,9.10,0.00,0.00,100.00
2026-05-15T01:26:56.715888,0.00,0.00,9.10,100.00
2026-05-15T01:26:56.817714,9.10,0.00,0.00,100.00
2026-05-15T01:26:56.919453,9.10,9.10,10.00,100.00
2026-05-15T01:26:57.021556,0.00,10.00,18.20,100.00
2026-05-15T01:26:57.123346,30.00,18.20,20.00,100.00
2026-05-15T01:26:57.225249,0.00,0.00,0.00,100.00
2026-05-15T01:26:57.327153,20.00,10.00,9.10,100.00
2026-05-15T01:26:57.429222,27.30,18.20,20.00,100.00
2026-05-15T01:26:57.531179,0.00,0.00,10.00,100.00
2026-05-15T01:26:57.633119,9.10,0.00,0.00,100.00
2026-05-15T01:26:57.735143,0.00,10.00,0.00,100.00
2026-05-15T01:26:57.837197,9.10,0.00,0.00,100.00
2026-05-15T01:26:57.938974,0.00,0.00,0.00,100.00
2026-05-15T01:26:58.040641,30.00,10.00,30.00,100.00
2026-05-15T01:26:58.142515,10.00,9.10,9.10,100.00
2026-05-15T01:26:58.244283,0.00,0.00,9.10,100.00
2026-05-15T01:26:58.346158,0.00,0.00,0.00,100.00
2026-05-15T01:26:58.447982,9.10,9.10,0.00,100.00
2026-05-15T01:26:58.549767,36.40,0.00,12.50,100.00
2026-05-15T01:26:58.651513,9.10,9.10,9.10,100.00
2026-05-15T01:26:58.753378,0.00,0.00,0.00,100.00
