Random waveform, supplied seed
Total number of intervals = 1800 (6927, 52892, 98921, 61129, 40613, 53226, 38560, 103465, 104758, 94759, 37799, 8296, 69443, 12517, 43591, 20430, 93758, 10485, 16518, 83230, 5484, 55611, 20774, 96726, 32442, 73039, 74055, 51197, 59442, 35654, 78747, 42212, 52488, 36950, 16762, 79473, 61431, 87172, 108181, 80515, 37149, 13444, 72057, 70041, 90162, 52082, 24258, 72013, 58012, 45398, 50177, 34504, 66010, 73937, 55020, 53235, 97743, 5419, 14764, 7451, 48208, 16149, 78989, 18886, 75954, 44409, 16431, 85707, 58253, 103867, 21604, 90401, 84467, 99700, 32052, 18173, 67789, 51929, 83850, 18614, 29315, 108090, 27024, 49907, 9150, 34328, 51881, 14569, 81517, 78694, 93409, 39093, 18729, 70818, 21942, 91810, 39588, 40957, 62645, 15539, 107672, 32954, 58866, 23739, 54701, 60706, 72350, 58661, 34912, 103268, 38703, 83358, 57408, 86837, 33517, 66204, 73758, 99742, 109462, 94453, 44096, 100467, 8576, 59359, 7614, 60329, 43762, 67038, 26095, 71173, 109276, 13150, 61250, 84472, 82226, 27671, 98736, 106314, 105027, 96867, 89493, 50538, 22083, 48618, 94298, 63579, 64573, 77178, 29824, 64495, 20917, 85651, 61935, 50216, 72251, 71798, 19701, 24952, 81838, 26648, 24837, 29420, 103882, 70314, 61679, 49557, 19325, 9128, 94933, 24327, 71896, 93771, 20452, 42338, 72627, 80603, 49049, 92305, 56889, 78036, 71583, 72609, 107382, 86530, 16550, 84534, 72631, 49291, 62175, 80213, 16566, 53985, 101949, 24076, 52574, 106271, 105451, 86087, 29108, 101115, 74326, 75832, 94901, 15809, 28874, 51882, 32653, 41676, 63019, 99164, 47055, 62394, 98519, 32122, 49464, 24034, 77363, 91698, 38997, 86028, 83012, 15024, 56640, 97362, 107412, 65030, 79278, 47544, 105368, 58181, 56960, 14849, 63672, 48289, 11797, 10781, 49362, 102119, 46213, 97025, 18351, 21426, 43013, 67376, 36043, 6255, 102499, 26263, 56974, 40869, 46514, 11431, 58600, 68058, 54502, 64022, 52142, 101375, 40606, 47485, 48977, 38615, 80279, 75843, 67095, 41325, 55752, 85561, 14194, 88002, 90515, 109283, 26699, 37400, 19307, 11527, 83787, 22209, 75169, 73833, 94641, 61338, 91825, 77235, 37257, 32057, 108618, 72930, 43714, 87369, 56640, 97360, 79788, 11352, 87962, 40663, 59386, 48302, 19398, 82197, 77387, 72753, 7720, 46279, 42102, 90892, 39976, 61084, 16735, 45909, 28976, 84704, 101822, 92571, 12106, 58568, 51319, 21556, 14191, 29072, 16350, 86891, 104441, 8906, 42175, 51797, 76678, 19630, 100132, 40498, 108559, 23964, 70760, 99567, 107548, 53742, 103931, 60359, 9725, 52014, 40053, 86436, 23983, 66595, 26056, 51764, 40202, 76665, 11133, 80405, 79106, 97258, 36307, 28636, 41620, 75736, 44979, 31478, 37586, 108330, 64301, 11203, 7291, 87477, 77485, 42055, 26865, 94592, 66869, 17835, 55977, 82437, 15775, 87559, 105401, 88752, 94531, 101303, 86640, 84818, 20221, 43599, 52779, 89855, 48532, 107423, 46535, 47535, 49633, 30334, 17207, 106074, 48912, 96483, 39228, 92350, 85084, 81993, 101617, 16730, 71079, 108942, 55406, 42279, 21876, 34140, 42897, 18462, 100375, 41347, 101594, 47486, 73393, 51134, 58201, 71020, 72071, 93446, 28724, 59269, 74624, 52368, 9687, 44165, 6895, 55457, 61164, 108384, 33319, 97895, 39720, 68554, 86849, 30264, 100754, 98098, 86028, 93054, 42348, 29490, 18187, 95113, 8570, 62285, 52582, 34260, 59493, 58208, 93458, 18056, 94134, 37808, 53481, 25666, 108853, 41576, 70282, 45769, 92383, 12100, 67747, 68933, 63242, 72993, 51022, 67069, 24895, 68588, 42706, 49479, 64792, 73879, 31893, 74262, 57246, 91617, 55173, 108633, 15720, 99961, 102613, 57169, 56950, 49938, 5383, 39719, 36653, 69482, 46749, 65109, 46501, 109480, 69433, 58157, 70737, 34617, 77563, 90036, 36689, 46832, 104903, 14153, 21674, 5689, 37781, 15507, 102064, 71340, 79815, 44352, 109562, 86219, 47335, 41962, 45802, 13389, 95780, 87844, 55903, 100902, 70988, 53831, 26948, 32347, 41050, 56197, 94617, 71839, 79082, 107630, 60164, 97878, 63680, 73888, 65499, 96906, 103287, 49664, 32535, 46477, 7459, 74137, 57061, 34213, 7432, 41605, 32998, 61636, 64695, 14063, 91302, 6064, 41354, 19863, 19488, 14040, 19538, 20199, 106657, 92457, 92780, 68203, 81753, 57748, 21027, 49680, 82042, 93691, 45291, 30437, 67422, 69956, 35404, 80225, 105585, 20088, 12672, 15696, 25951, 65007, 10189, 78008, 12678, 15922, 41774, 38788, 34559, 54825, 42697, 12669, 70047, 96137, 92934, 20597, 66597, 59987, 58456, 59958, 98221, 55912, 39018, 18747, 60013, 85584, 84809, 85435, 94907, 16437, 78505, 77219, 86414, 73427, 100497, 96416, 71637, 33216, 58699, 53809, 72797, 107267, 55877, 70507, 46741, 36507, 30697, 25261, 25212, 33805, 76345, 95558, 28428, 21673, 89018, 46753, 34034, 47329, 56893, 38690, 79988, 107429, 43713, 76624, 71700, 40703, 95489, 18531, 99369, 29286, 42988, 69249, 7889, 51783, 38634, 86204, 109534, 45136, 59949, 61681, 76329, 44322, 20698, 84853, 75889, 98396, 53818, 26200, 54761, 12268, 52324, 106440, 7154, 87362, 43716, 26737, 41596, 85490, 77612, 78124, 69632, 39180, 15803, 36987, 19833, 46567, 57368, 36003, 68916, 93229, 46632, 93663, 106418, 60496, 109057, 96861, 86255, 25686, 17483, 29211, 55328, 87592, 23882, 44790, 12236, 42928, 103959, 97347, 68379, 92596, 10055, 29634, 9324, 30076, 100150, 27527, 95171, 40523, 11422, 9200, 42816, 10698, 22301, 48159, 39987, 33067, 62704, 52778, 75981, 74522, 14533, 5566, 78062, 82399, 108638, 93541, 47145, 109796, 26597, 7034, 72616, 13584, 19750, 109139, 15150, 74389, 87266, 108170, 103631, 44587, 66411, 89167, 35723, 85827, 78806, 89641, 14186, 52308, 56743, 38302, 71662, 36015, 65048, 72989, 76390, 24409, 85530, 8346, 69627, 70266, 89525, 70975, 46633, 16963, 109556, 91124, 51505, 93804, 58474, 43487, 61792, 59548, 43635, 27536, 42828, 109424, 78273, 60279, 35178, 67279, 80752, 35012, 7936, 8578, 89696, 5569, 26905, 42389, 84689, 59305, 44512, 72395, 74619, 67302, 57822, 8117, 106178, 25089, 68848, 98941, 78157, 109857, 108875, 86646, 83239, 51061, 89906, 56601, 71203, 95942, 71622, 97182, 27718, 46519, 83197, 79080, 69401, 45684, 18120, 21245, 39039, 67458, 42773, 20690, 63440, 41615, 97229, 86249, 20807, 26130, 30510, 43868, 55324, 20437, 9548, 12101, 72073, 21310, 90755, 51252, 53070, 48181, 97336, 91976, 94742, 66079, 79328, 45235, 35310, 76589, 107175, 78127, 13331, 59382, 87477, 92020, 109297, 42293, 52962, 23492, 12594, 69120, 57144, 57232, 71593, 40799, 29614, 106611, 50009, 47727, 15204, 50703, 60979, 37662, 16932, 100183, 69175, 27515, 106411, 49629, 63537, 88081, 55527, 69558, 60702, 13487, 67037, 8281, 34986, 82336, 101465, 82733, 44752, 104681, 53872, 87376, 70834, 86701, 56054, 106733, 6476, 33857, 15953, 41252, 76853, 32962, 83564, 46260, 46426, 100015, 78102, 24168, 25529, 17342, 71657, 59805, 55558, 79251, 9123, 109516, 41153, 98946, 56315, 92525, 79997, 48998, 67260, 88431, 51359, 60398, 41854, 23797, 83091, 78319, 101978, 97985, 82850, 24622, 99932, 46761, 56274, 24750, 46988, 96633, 32524, 82709, 64734, 44841, 23220, 52173, 87894, 55637, 31153, 30053, 20489, 33457, 16922, 47200, 95934, 42596, 94660, 59804, 37634, 68516, 86478, 101464, 70660, 105480, 41912, 50818, 99610, 99247, 72793, 34890, 49665, 51276, 30810, 42632, 71502, 87471, 95450, 101882, 61422, 36550, 20285, 80275, 99091, 90849, 53477, 67190, 55837, 43938, 73349, 38158, 62627, 21095, 43996, 8918, 19346, 48373, 72207, 57914, 78645, 6581, 25723, 21861, 102729, 15233, 14904, 44168, 49750, 100878, 93330, 75527, 6637, 22677, 69399, 9465, 81491, 68604, 86719, 48219, 105020, 79027, 33669, 9087, 28486, 36839, 46303, 29630, 58735, 15717, 54660, 100453, 84114, 47655, 71572, 97243, 109600, 97814, 46973, 52430, 7146, 64613, 8185, 91736, 50530, 99806, 23088, 39498, 7321, 70463, 55826, 68597, 83723, 93939, 10956, 43150, 61224, 72370, 75062, 66006, 103596, 92033, 10484, 101797, 93004, 55072, 97279, 82336, 94577, 25009, 98952, 62113, 90099, 54206, 36396, 61074, 70494, 44168, 57463, 60314, 105044, 63992, 64734, 38524, 23279, 96010, 68478, 71493, 39521, 73637, 46296, 25879, 11714, 89519, 71339, 63633, 18929, 69661, 8686, 20828, 68811, 108532, 96969, 21773, 90731, 63998, 64446, 32180, 75461, 51464, 47445, 12315, 98965, 71412, 44818, 65032, 10162, 46718, 81555, 93247, 44331, 68373, 99824, 13056, 65920, 28566, 25078, 88903, 108661, 64992, 77433, 15971, 16899, 84638, 35480, 97273, 79139, 25297, 102339, 72458, 90171, 108648, 50499, 103049, 39793, 21064, 40595, 66094, 19325, 13925, 72470, 73495, 86683, 68819, 27253, 105279, 23628, 86180, 28305, 39975, 39392, 9232, 50310, 78444, 92684, 33919, 9652, 84235, 89236, 35182, 29868, 65163, 12137, 61980, 68692, 107979, 44697, 21036, 89648, 38068, 23853, 94618, 79614, 24378, 84735, 90499, 46515, 18830, 83245, 38103, 78351, 11883, 82546, 53356, 21606, 16566, 53192, 108883, 7366, 94850, 93630, 74411, 44291, 18140, 46406, 76568, 67484, 70037, 28245, 95855, 94882, 15781, 77465, 18000, 99573, 99265, 75628, 21273, 99065, 62986, 71174, 26304, 13354, 35658, 39892, 14874, 71766, 106924, 69312, 23069, 31532, 105945, 100442, 7075, 21318, 104020, 78635, 46764, 9723, 13017, 40662, 34465, 46730, 73264, 79688, 108967, 56343, 41842, 19881, 6107, 38731, 31156, 79889, 31951, 105358, 104834, 12457, 72818, 44775, 68489, 52510, 84955, 14282, 87096, 90273, 31352, 19469, 7075, 35529, 84543, 19670, 35779, 80767, 84436, 102570, 64539, 20695, 29052, 109606, 86574, 26386, 30300, 79261, 72798, 23763, 45061, 57867, 28765, 105615, 109800, 92474, 69536, 108847, 37648, 98797, 71781, 45034, 23060, 99559, 78907, 109987, 96463, 14541, 30227, 109068, 73889, 80825, 101968, 28070, 88127, 93037, 85313, 42639, 89688, 77922, 43434, 105109, 104178, 103636, 33841, 65328, 53849, 14112, 65229, 74794, 76657, 92562, 79594, 106208, 94770, 19122, 60408, 98371, 61350, 78813, 5604, 81210, 73960, 28059, 6090, 65353, 55646, 75470, 101368, 20305, 101317, 108543, 81018, 106524, 50658, 43791, 14504, 47555, 67848, 93337, 82735, 79691, 61855, 61378, 27280, 35620, 32911, 76628, 32305, 74231, 69333, 53526, 43970, 92984, 22716, 86539, 73888, 73554, 26912, 44840, 16966, 51903, 71461, 21248, 98493, 105716, 19488, 16605, 75130, 45842, 48598, 67944, 26800, 49959, 54114, 66577, 39563, 40228, 92385, 35189, 34744, 15082, 87824, 33965, 38138, 42450, 65120, 17329, 56524, 36287, 14642, 53127, 67385, 80362, 105193, 50992, 85438, 50475, 15668, 66984, 57056, 45383, 9044, 39958, 67432, 23503, 89906, 60865, 10097, 104385, 16694, 96807, 23545, 53603, 77963, 99004, 89009, 109606, 94996, 26308, 76851, 105149, 51656, 12606, 56950, 58457, 73870, 77558, 18374, 90267, 41486, 34820, 24506, 32392, 65364, 33590, 48637, 99481, 15514, 9896, 78890, 26427, 84648, 105509, 16789, 13784, 13915, 7197, 84754, 93616, 45232, 86355, 23239, 51079, 72839, 73047, 15045, 102659, 102565, 83738, 35346, 55125, 40276, 62712, 75879, 37820, 51426, 37336, 98811, 102611, 30209, 19127, 34838, 12221, 92770, 100281, 28246, 97699, 99005, 102169, 51450, 17676, 7745, 48978, 43452, 90767, 48262, 83478, 76521, 11107, 70605, 26675, 52233, 55622, 99805, 107061, 61661, 67279, 76808, 8778, 97193, 107071, 10948, 28130, 51359, 55853, 90627, 102228, 104734, 106083, 95336, 76589, 103772, 109839, 17359, 31011, 67619, 17471, 24062, 23520, 56489, 69348, 108974, 79285, 54257, 40106, 31207, 94507, 5506, 14400, 78967, 69388, 35215, 58494, 65990, 44222, 19337, 98916, 87381, 40281, 37810, 88453, 101489, 60562, 74653, 11749, 48618, 95605, 92625, 82221, 46975, 96256, 102722, 109956, 93397, 36796, 60338, 88191, 7900, 26617, 25396, 87872, 105715, 108698, 55441, 105384, 106644, 84799, 13372, 25818, 43197, 16342, 60414, 105092, 29202, 5224, 104734, 106273, 44596, 108135, 41488, 68048, 101205, 22018, 14763, 80132, 8180, 20631, 109472, 46664, 6150, 16610, 42753, 9304, 8734, 89512, 58784, 104359, 8750, 31858, 20648, 91120, 91975, 79487, 93804, 47660, 53383, 60697, 19954, 76807, 102724, 36517, 90439, 92826, 99778, 87276, 67275, 10087, 41900, 60263, 79470, 20947, 79025, 93419, 86804, 11405, 33882, 8430, 7942, 105057, 82445, 40392, 16556, 91947, 28551, 78108, 18719, 13168, 48375, 98215, 62057, 94693, 92475, 83505, 109987, 93810, 56123, 20359, 54191, 97761, 101798, 11665, 93664, 7403, 73227, 91119, 76654, 52293, 15050, 88148, 13524, 54805, 14412, 68941, 89820, 91153, 24369, 42486, 27648, 31851, 100322, 94014, 16913, 5947, 77583, 6265, 58967, 40532, 56191, 103011, 24501, 57444, 60289, 103880, 32464, 9285, 109877, 22850, 37879, 90611, 42389, 89747, 18888, 18342, 71509, 93765, 35150, 11581, 51412, 8462, 28740, 11652, 99757, 35286, 87947, 9792, 13638, 75307, 91207, 81855, 100069, 31951, 104976, 87502, 80028, 44225, 72415, 87807, 65557, 14385, 27635, 20715, 55783, 80848, 82586, 104093, 50265, 51931, 10802, 79916, 50498, 75863, 88817, 27861, 33910, 65491, 60507, 84276, 51201, 22706, 33092, 67167, 97349, 105743, 53600, 21310, 76417, 43763, 73896, 97794, 21446, 49988, 7122, 83763, 41140, 95462, 104165, 100019, 35421, 55637, 34477, 37440, 64960, 58635, 21487, 14640, 21957, 43413, 68826, 42244, 65554, 72635, 8234, 85104, 97153)
Average QPS expected = 58283
Timestamp start: 1778523294713
Timestamp end: 1778525095522

#type       avg     std     min      p5     p10     p50     p67     p75     p80     p85     p90     p95     p99    p999   p9999      QPS   target
read      235.0    79.1   101.3   158.6   172.6   225.7   246.6   258.3   268.3   280.8   300.2   336.8   425.3   995.7  3068.3   6845.0     6927
read      399.7   433.7    86.8   133.4   151.2   310.5   429.5   486.3   526.1   574.3   636.0   756.2  2230.2  5160.4  9927.0  52929.0    52892
read      435.4   593.1    80.4   140.5   158.7   277.3   349.4   400.1   443.1   512.2   673.1  1434.0  3279.8  6728.1 10142.0  98770.0    98921
read      279.4   133.6    80.4   126.2   139.6   248.1   315.3   356.1   387.1   423.0   468.4   536.0   675.0   907.0  1463.9  61000.0    61129
read      276.7   112.7    80.4   134.3   149.6   258.5   314.2   346.7   369.7   396.7   428.8   475.1   569.2   760.3  2281.0  40762.0    40613
read      282.2   136.6    80.4   128.6   142.4   255.4   320.7   358.4   386.2   417.5   456.6   513.7   647.6  1434.7  2162.0  53192.0    53226
read      274.9   120.2    80.4   135.5   150.6   257.7   310.8   340.6   362.4   387.8   418.3   463.8   568.5   985.4  3507.9  38772.0    38560
read      381.2   407.3    80.4   136.9   153.5   261.7   331.5   385.7   438.8   546.7   728.6  1067.1  2138.0  3540.9  8128.9 103411.0   103465
read      367.9   456.1    80.4   134.3   151.8   266.0   330.8   372.2   404.6   447.6   515.4   813.0  2737.8  4069.9  8096.4 104194.0   104758
read      246.4   103.1    74.4   122.2   135.9   225.3   272.9   304.0   327.7   355.0   390.1   439.7   546.6   750.3  1090.0  95139.0    94759
read      256.9    93.0    86.8   137.2   152.7   252.0   288.1   311.4   327.7   344.2   366.1   400.0   467.9   625.8  1669.5  37790.0    37799
read      231.2    98.1   101.3   156.5   171.0   221.6   240.5   252.2   261.6   272.3   290.1   320.0   423.4  1414.3  3419.7   8240.0     8296
read      252.6   115.3    74.4   125.5   139.6   234.3   283.6   315.5   337.5   362.3   392.5   434.9   524.0   722.1  3606.9  69205.0    69443
read      233.3    60.4    86.8   155.0   171.4   227.8   248.6   260.6   269.2   280.2   297.1   328.7   397.3   897.7  1079.4  12585.0    12517
read      259.6   100.0    80.4   136.2   151.2   251.6   291.7   316.9   334.7   354.1   376.7   415.0   493.9   634.3  2186.6  43233.0    43591
read      242.4    62.9    93.8   149.2   166.0   238.7   263.5   276.0   288.0   301.3   319.9   346.7   419.9   553.8   996.8  20471.0    20430
read      252.3   111.4    80.4   126.0   139.7   229.3   279.4   312.5   336.9   364.1   397.5   447.2   555.3   821.8  2168.1  93580.0    93758
read      232.9   112.3    93.8   157.4   171.5   224.6   243.7   254.4   263.4   272.8   289.7   318.0   423.2  1939.1  4062.7  10295.0    10485
read      242.2    62.3    93.8   156.8   174.1   237.9   260.3   271.7   281.3   293.8   312.0   339.4   403.2   582.1  1012.0  16411.0    16518
read      256.7   207.8    80.4   125.9   139.6   231.0   281.9   315.4   339.2   366.1   398.3   446.2   569.6  1456.5 11923.2  83244.0    83230
read      224.8    95.5   101.3   157.0   169.3   216.6   234.2   245.0   252.3   262.4   274.1   297.8   395.2  1054.5  4917.7   5563.0     5484
read      257.2    97.6    80.4   131.0   145.3   244.7   292.0   320.2   339.4   360.9   387.5   427.4   506.3   660.7  1965.0  54759.0    55611
read      246.7    77.0    86.8   152.8   169.2   242.3   266.8   280.2   291.7   306.2   324.9   353.1   411.5   891.5  3577.1  20718.0    20774
read      247.8   103.7    80.4   124.2   138.0   226.1   274.2   307.0   330.9   358.1   391.0   438.6   541.5   790.3  1251.8  96678.0    96726
read      254.5    79.0    86.8   142.8   159.3   251.2   282.3   300.7   316.1   333.1   353.2   385.8   448.2   545.2  1078.6  32675.0    32442
read      257.2   105.0    80.4   128.0   141.7   237.5   290.0   323.0   345.6   371.6   402.5   448.4   542.8   775.1  1397.6  72826.0    73039
read      254.2   124.8    80.4   125.5   139.5   232.8   283.5   315.4   339.0   364.7   395.4   440.6   544.9  1071.7  3420.6  74406.0    74055
read      258.8    94.8    80.4   133.4   148.3   249.0   294.0   321.5   340.3   361.5   386.9   423.2   499.5   644.3  1057.7  50945.0    51197
read      258.1    99.3    80.4   130.1   144.2   243.6   293.2   324.1   343.6   366.6   394.8   433.9   520.3   682.6  1084.5  59762.0    59442
read      255.5    81.7    86.8   140.0   156.2   252.2   286.4   307.4   322.2   339.3   359.7   389.2   458.3   554.8   996.1  36038.0    35654
read      253.5   107.2    80.4   125.6   139.4   232.8   284.4   318.1   341.6   367.8   399.8   446.6   537.0   742.7  1245.1  78077.0    78747
read      254.6    83.9    80.4   135.9   151.0   249.2   287.7   310.9   327.1   344.2   367.0   399.5   470.3   581.9  1013.1  42317.0    42212
read      259.0   118.4    80.4   131.2   145.8   245.6   290.6   321.0   339.7   361.5   388.5   427.3   508.5  1110.7  2952.1  52836.0    52488
read      258.1    83.9    80.4   137.2   153.5   253.1   290.9   314.2   329.8   345.9   368.6   400.6   468.4   600.0  1417.6  37167.0    36950
read      241.3    97.8    93.8   154.0   170.1   235.2   258.1   270.2   279.6   293.0   310.9   338.6   404.0  1401.5  3074.4  16588.0    16762
read      250.2   103.4    80.4   124.0   137.5   229.4   280.1   314.1   337.8   363.7   395.2   439.9   537.0   797.2  1191.7  79660.0    79473
read      254.9   100.0    80.4   128.4   142.0   239.3   288.9   319.8   340.4   363.5   392.2   432.1   517.7   734.1  1280.5  61613.0    61431
read      255.5   109.1    80.4   127.6   141.0   233.5   284.8   318.8   342.2   369.6   402.8   449.6   546.5   955.0  1828.5  87002.0    87172
read      260.5   159.2    80.4   130.0   144.4   236.5   287.2   318.9   341.6   368.3   401.2   450.6   568.3  1367.3  6379.8 108499.0   108181
read      254.5   107.3    80.4   126.1   139.5   233.4   285.5   319.4   342.6   369.0   401.0   448.6   548.2   802.4  1152.9  80222.0    80515
read      256.3    83.2    86.8   139.5   155.1   252.2   286.9   308.5   324.1   340.5   361.4   393.3   467.4   648.8  1634.3  37306.0    37149
read      228.9    70.0    93.8   152.0   167.1   225.0   244.7   254.9   263.5   272.2   287.0   314.0   372.9   937.7  2531.9  13571.0    13444
read      254.7   108.8    80.4   125.8   139.7   234.2   286.2   319.5   342.0   367.2   397.6   440.5   547.8   858.1  1976.5  72002.0    72057
read      255.4   102.4    80.4   127.2   140.7   236.9   289.1   322.7   344.8   369.1   398.2   438.8   530.8   742.8   943.4  70047.0    70041
read      252.0   110.8    74.4   125.6   139.5   229.6   279.9   313.1   337.2   363.7   396.1   443.1   544.2   923.9  2568.1  89438.0    90162
read      258.7   141.8    80.4   131.5   146.0   246.8   290.6   318.9   337.7   358.6   383.5   420.9   500.3   937.4  7300.8  52172.0    52082
read      252.6    78.4    93.8   149.1   166.4   247.2   273.7   291.3   304.7   320.2   340.9   372.1   447.3   641.5  2122.7  24186.0    24258
read      263.5   119.6    80.4   128.6   142.8   240.3   294.2   329.6   353.1   380.2   413.7   463.7   598.9   970.3  1865.3  71802.0    72013
read      262.2   107.2    80.4   130.4   144.9   247.1   296.1   328.4   348.2   370.6   399.2   439.5   545.1   832.7  2859.4  58049.0    58012
read      260.9    94.2    86.8   135.2   150.1   252.1   294.9   321.9   339.5   359.7   384.7   422.4   502.3   663.9  1549.4  45634.0    45398
read      259.7    94.2    80.4   132.4   147.1   249.4   295.3   323.8   341.4   362.4   388.5   426.7   504.3   635.4  1282.9  50072.0    50177
read      257.3    85.1    86.8   139.9   155.7   252.3   286.8   308.5   323.6   340.3   362.9   397.2   468.9   634.4  2124.9  34592.0    34504
read      255.9   149.3    80.4   126.3   140.1   236.0   286.1   317.6   338.5   362.8   393.7   438.2   548.4   883.7  7313.4  65965.0    66010
read      250.9   102.6    74.4   124.6   138.1   231.1   281.6   314.7   337.3   362.2   393.1   436.8   537.1   769.6  1372.4  74047.0    73937
read      251.6    97.3    80.4   128.5   142.7   239.7   284.5   311.7   331.1   352.2   376.8   416.4   500.5   640.3  1964.6  54788.0    55020
read      254.0    95.5    86.8   130.4   144.5   242.9   287.8   314.9   333.9   354.8   379.9   419.5   500.3   642.2  1581.4  52965.0    53235
read      250.3   122.9    80.4   124.3   138.2   226.5   275.3   309.3   332.8   359.7   393.5   442.4   552.2  1006.4  3674.7  97311.0    97743
read      229.9    86.8   109.4   160.7   173.7   218.4   236.5   248.6   256.7   267.8   282.2   313.1   467.6  1337.5  2009.5   5424.0     5419
read      237.7    85.7    93.8   155.8   172.1   232.1   252.8   264.9   272.7   284.8   300.4   330.9   401.1   978.9  3429.1  14767.0    14764
read      221.8    66.9   101.3   155.9   167.6   217.5   234.8   245.2   251.9   261.2   272.5   292.9   354.1   975.3  3053.3   7471.0     7451
read      256.2    97.4    80.4   131.3   146.0   246.2   290.7   318.1   335.8   355.6   381.0   418.8   491.0   668.9  1914.4  48117.0    48208
read      236.4    57.4    93.8   152.9   168.4   232.3   254.2   266.8   274.7   288.2   305.6   334.6   402.9   530.2  1001.7  15990.0    16149
read      251.4   125.8    80.4   123.9   137.7   228.6   278.7   311.5   335.2   361.8   394.6   443.2   546.2  1069.1  4078.8  78457.0    78989
read      240.5    65.0    93.8   150.7   167.6   237.0   260.8   272.7   283.2   295.4   314.0   341.3   403.4   881.8  1075.5  19172.0    18886
read      251.5   120.4    74.4   123.8   137.8   231.0   282.4   316.1   339.2   364.1   394.5   437.8   534.2   744.0  2804.3  75498.0    75954
read      257.3    88.0    80.4   134.4   149.2   250.8   291.6   317.5   334.8   353.4   374.7   408.4   480.7   626.7  1206.4  44343.0    44409
read      236.0    73.7    80.4   151.5   167.9   231.7   253.7   265.6   273.2   285.8   302.2   330.5   398.8   926.2  2257.3  16731.0    16431
read      245.7   104.3    80.4   122.2   135.5   223.6   274.0   306.7   331.2   358.5   391.2   435.1   533.8   716.4  1554.7  85573.0    85707
read      253.2    98.0    80.4   128.3   142.3   239.3   287.1   316.2   336.4   358.9   385.7   424.9   504.3   660.8  1973.9  58334.0    58253
read      249.4   109.6    80.4   125.4   139.4   226.3   274.2   306.7   331.1   358.6   392.7   442.6   552.2   991.6  1930.0 103694.0   103867
read      242.7    70.8    86.8   148.4   165.4   239.5   263.4   275.3   287.0   299.6   318.2   348.0   415.3   878.8  1478.3  21699.0    21604
read      243.6   101.3    74.4   122.4   136.1   222.5   271.3   302.2   326.7   353.7   386.5   431.2   518.9   701.0  1157.3  90616.0    90401
read      254.6   142.1    80.4   124.5   138.3   229.3   279.0   312.9   337.0   364.3   398.0   447.8   582.7  1707.4  4458.3  84802.0    84467
read      251.9   111.4    80.4   126.9   140.4   228.7   277.6   311.1   335.0   362.8   397.7   447.5   558.9   879.1  2046.5  99405.0    99700
read      252.9    79.6    80.4   141.3   157.3   249.1   280.2   299.4   314.6   331.9   352.7   383.9   451.9   566.4  1944.7  32205.0    32052
read      241.6    85.5    86.8   151.6   168.6   237.3   260.4   272.2   282.4   294.9   313.8   342.1   401.6   923.0  3797.6  18170.0    18173
read      253.4   118.8    80.4   125.2   139.2   234.5   285.8   318.5   340.1   364.1   393.1   432.8   521.1   837.8  3646.6  67426.0    67789
read      259.1    99.3    80.4   131.1   145.8   247.5   293.4   321.6   341.1   362.5   388.2   426.4   523.8   741.8  1377.3  51747.0    51929
read      252.3   110.7    80.4   124.3   138.1   230.3   281.0   314.6   338.9   365.6   399.7   448.7   558.6   789.5  1481.6  84198.0    83850
read      242.6    62.1    93.8   152.0   168.7   239.1   262.2   274.1   285.0   296.6   316.2   345.4   412.3   720.7  1001.4  18581.0    18614
read      254.2    97.4    80.4   144.0   160.0   248.6   278.3   296.3   310.9   327.5   348.0   381.6   462.3   681.4  3443.6  29120.0    29315
read      252.3   114.2    80.4   127.1   141.2   230.1   278.3   310.6   334.1   361.0   394.3   443.9   547.0   929.6  2299.9 108773.0   108090
read      254.4   102.6    86.8   146.1   162.5   248.0   276.6   294.4   308.6   324.8   343.9   374.6   460.4  1477.9  4119.8  27042.0    27024
read      255.1   107.0    80.4   130.8   145.7   245.4   288.6   314.6   332.3   351.4   374.5   414.3   497.0   692.0  2318.1  49831.0    49907
read      223.8    54.0   101.3   155.9   169.1   219.8   237.0   248.0   254.9   265.2   275.7   299.7   372.8   911.4  1001.9   9043.0     9150
read      256.8    82.4    86.8   140.8   157.0   251.5   285.6   306.7   322.3   339.9   361.7   395.0   471.4   634.9  1157.9  33877.0    34328
read      256.4    97.9    86.8   130.2   144.9   245.0   291.5   320.1   338.2   358.6   384.0   422.2   500.5   713.8  1825.4  51664.0    51881
read      241.0    98.6    86.8   157.1   173.8   233.6   254.8   267.5   275.5   290.5   310.3   342.9   410.1   975.0  2356.0  14488.0    14569
read      254.1   117.3    80.4   124.0   138.2   230.5   282.0   316.3   340.3   367.9   401.7   452.1   571.8  1096.8  2490.1  81756.0    81517
read      248.2   105.1    74.4   122.7   136.4   227.9   277.4   310.1   334.4   360.9   392.2   435.0   535.0   752.4  1173.4  78557.0    78694
read      250.2   106.8    80.4   124.6   138.6   228.2   277.2   310.6   334.7   361.5   395.3   443.1   545.9   807.9  1486.9  93690.0    93409
read      255.6    82.7    80.4   137.8   152.7   250.6   287.6   310.5   327.0   344.3   366.0   398.4   466.3   579.2  1025.3  39216.0    39093
read      242.2    86.7    93.8   151.8   167.9   237.6   260.8   272.5   283.0   295.7   314.9   341.7   410.3   961.0  3709.9  18603.0    18729
read      250.6   114.2    80.4   124.2   138.2   231.6   281.8   314.1   336.4   360.8   390.5   431.4   519.7   694.0  3697.8  70688.0    70818
read      249.8   100.9    93.8   150.4   167.4   244.6   270.3   285.7   296.9   312.5   331.5   361.7   428.7   626.9  4332.4  21960.0    21942
read      245.7   103.1    80.4   122.7   136.5   223.6   272.1   303.8   328.4   355.7   389.8   437.5   541.1   758.5  1554.9  91383.0    91810
read      257.2    88.2    86.8   137.3   152.7   251.8   289.1   311.9   328.1   345.4   367.5   399.9   472.7   732.9  1989.2  39469.0    39588
read      257.0    84.0    86.8   136.0   151.1   252.2   290.2   314.3   331.0   348.6   370.6   403.0   471.1   577.8   680.0  40898.0    40957
read      252.7   102.9    80.4   127.1   141.0   237.6   286.6   317.1   337.7   360.7   388.7   427.9   506.4   648.3  2182.9  63113.0    62645
read      237.0    67.9    93.8   153.9   169.5   232.9   254.5   266.4   273.9   286.9   303.7   331.4   396.2   923.0  1951.9  15629.0    15539
read      248.0   104.1    74.4   125.6   139.3   226.0   274.0   305.8   328.9   355.6   389.5   436.1   537.8   976.3  1462.1 107422.0   107672
read      254.7    78.0    80.4   140.4   156.7   250.5   284.4   305.1   320.0   337.0   358.3   391.4   464.5   557.3   968.8  33274.0    32954
read      258.3   130.9    74.4   129.5   143.2   240.3   289.6   321.2   340.7   363.4   390.7   429.9   527.1  1481.8  3962.0  59066.0    58866
read      249.8    86.4    86.8   148.8   165.2   245.1   271.5   287.9   299.9   315.8   335.8   365.2   426.3   821.3  2479.5  23615.0    23739
read      254.0    97.1    86.8   129.8   144.0   242.1   288.8   316.7   336.1   357.2   382.0   419.3   500.0   630.9  2588.6  54443.0    54701
read      256.0   143.9    80.4   128.2   142.0   238.4   289.2   320.5   341.4   365.2   393.4   432.7   510.7   698.9  3101.5  60918.0    60706
read      251.0   110.5    80.4   124.4   138.2   231.1   282.6   316.1   339.3   364.8   394.9   434.0   519.9   691.1  3053.9  72336.0    72350
read      256.8   102.1    80.4   128.3   142.4   241.9   291.5   322.8   343.1   366.1   393.8   433.4   516.2   700.5  2127.8  58831.0    58661
read      257.3    89.2    86.8   140.0   155.4   252.3   287.7   309.5   324.8   342.0   363.8   395.7   463.4   677.2  2670.6  34895.0    34912
read      246.9   109.4    74.4   123.3   137.3   223.8   272.5   304.3   328.0   354.9   389.1   437.4   548.1  1035.5  2243.0 102957.0   103268
read      258.1    84.6    80.4   138.8   154.6   251.9   288.5   311.9   329.2   347.9   370.6   404.0   474.8   592.3  1196.1  38396.0    38703
read      250.3   102.6    80.4   124.5   138.3   229.3   280.0   313.7   337.5   363.4   395.1   437.2   534.9   724.6  1159.1  83351.0    83358
read      255.6   117.4    80.4   128.1   142.3   240.5   287.5   318.9   339.5   361.5   387.8   426.1   508.2   785.4  3914.6  57255.0    57408
read      246.5   121.3    74.4   121.9   135.5   223.9   273.8   307.5   331.9   358.4   390.7   434.3   531.5   824.6  3072.3  86676.0    86837
read      253.8    80.3    80.4   140.4   156.2   250.1   282.7   302.4   317.7   335.2   356.0   385.9   449.1   556.6  1597.8  33182.0    33517
read      254.9   106.5    80.4   126.9   140.5   235.9   287.2   319.4   342.1   367.1   397.3   438.3   532.1   833.0  1858.2  65894.0    66204
read      247.7   103.3    74.4   122.2   136.0   227.9   278.1   311.8   335.7   360.4   390.1   431.2   516.4   747.7  2009.4  73632.0    73758
read      250.8   146.6    74.4   124.0   138.0   225.6   273.6   305.6   329.2   356.9   392.0   443.5   556.6  1583.4  4725.5 100076.0    99742
read      248.0   118.8    74.4   124.7   138.8   224.8   272.2   302.9   326.1   353.4   388.4   437.6   550.6  1051.0  2835.2 109734.0   109462
read      246.9   107.5    80.4   122.6   136.2   223.8   273.1   306.1   330.2   357.8   392.7   440.4   553.2   812.2  1633.2  94955.0    94453
read      256.3    94.6    80.4   134.0   149.5   248.4   288.8   313.7   331.3   350.3   373.7   409.2   484.6   663.0  1929.1  44283.0    44096
read      249.6   103.8    74.4   125.2   139.0   227.0   276.1   309.7   334.0   361.2   394.8   444.9   546.6   779.9  1271.2 100366.0   100467
read      222.1    75.3   101.3   155.4   168.5   217.2   234.2   244.5   251.4   260.6   272.1   294.1   352.4   939.2  3813.8   8548.0     8576
read      254.0    98.7    80.4   128.8   142.5   239.7   288.0   318.0   338.4   360.9   388.0   427.1   508.0   672.6  1338.3  58649.0    59359
read      225.9    90.6    93.8   157.7   170.7   218.4   236.1   248.0   255.5   266.1   278.5   307.0   395.2   946.9  6089.3   7768.0     7614
read      254.4   114.4    80.4   128.1   142.0   239.8   287.7   317.2   338.2   360.6   387.5   428.1   510.9   660.9  4095.6  59262.0    60329
read      259.7   115.5    80.4   134.7   149.7   251.7   291.9   317.3   334.4   352.9   375.3   412.4   506.9   830.2  4450.0  44008.0    43762
read      253.4   112.8    80.4   125.3   139.1   234.7   284.7   316.3   338.5   362.7   391.8   433.8   539.7   942.9  2491.3  67046.0    67038
read      247.6    69.0    86.8   145.1   161.4   244.8   271.8   288.3   300.4   315.7   335.1   363.9   426.1   562.9  1083.6  26178.0    26095
read      251.3   100.3    86.8   126.3   140.0   232.8   283.6   315.9   338.0   362.4   392.0   432.7   521.8   670.7  1072.6  70499.0    71173
read      261.1   113.5    80.4   131.2   145.7   238.0   289.9   323.0   346.4   374.0   408.0   459.2   572.5   957.3  2589.2 108605.0   109276
read      231.8    68.9    93.8   154.6   170.4   227.6   247.3   257.8   266.2   274.6   291.6   317.7   384.6   975.0  2151.3  12977.0    13150
read      257.0   121.7    80.4   128.0   141.9   240.1   288.3   319.6   340.2   363.3   392.1   433.9   525.1  1377.0  3596.4  61074.0    61250
read      251.8   148.1    80.4   124.0   137.9   228.3   277.7   311.9   335.7   362.4   395.3   442.7   543.8   935.9  6249.1  84431.0    84472
read      251.9   110.4    80.4   125.7   139.1   229.8   280.5   313.7   337.7   364.8   397.4   443.7   545.8   832.2  2496.2  81984.0    82226
read      252.4   151.6    93.8   144.4   161.0   247.3   275.5   292.7   306.0   321.4   341.3   371.1   432.1   582.1  7859.4  27846.0    27671
read      241.1   104.5    80.4   121.5   134.6   219.0   267.0   296.7   320.2   347.1   382.1   430.0   525.4   786.5  2009.9  98905.0    98736
read      250.5   139.1    80.4   125.4   139.0   225.3   273.2   304.8   328.3   355.2   390.2   439.1   567.2  1523.4  4423.2 106320.0   106314
read      250.9   115.0    80.4   125.7   139.5   228.1   275.5   307.7   331.3   358.6   393.2   442.4   548.6  1275.3  1998.8 105291.0   105027
read      254.6   114.5    80.4   126.7   140.4   231.3   282.4   316.1   340.2   368.6   402.5   453.2   548.8   983.9  2514.8  96859.0    96867
read      248.3   103.7    80.4   123.4   137.5   226.5   275.0   308.6   333.3   360.9   394.4   440.8   538.6   833.1  1237.2  89511.0    89493
read      256.9    97.3    80.4   131.0   145.2   246.1   291.4   319.3   338.8   359.9   385.0   422.4   505.8   674.6  1492.0  50458.0    50538
read      249.4    97.5    86.8   149.1   165.6   244.4   270.0   284.8   295.6   311.2   330.9   360.0   429.3  1444.6  3753.5  22369.0    22083
read      256.4   127.0    80.4   130.7   145.1   245.5   288.9   315.2   333.6   353.7   377.4   414.1   494.2  1011.1  5995.7  48620.0    48618
read      253.2   111.4    80.4   126.1   139.8   229.9   280.3   314.5   339.6   367.5   401.4   450.9   558.4   855.3  1685.8  94017.0    94298
read      257.6   145.5    80.4   126.5   140.3   238.1   287.1   318.3   339.7   363.6   392.3   433.8   539.0  1977.3  3714.6  63736.0    63579
read      254.7   103.8    80.4   126.8   140.5   236.8   288.8   321.5   342.9   366.4   394.9   435.8   524.0   729.6  2215.6  64612.0    64573
read      250.7   103.0    80.4   124.1   137.7   230.6   281.8   314.9   338.5   364.4   396.0   437.7   530.3   684.6  1368.8  76803.0    77178
read      252.3    96.5    86.8   142.3   158.5   247.8   277.1   295.5   309.9   326.2   345.9   381.2   450.9   601.4  2919.4  29855.0    29824
read      251.0   100.0    80.4   125.7   139.4   234.4   284.2   315.6   336.8   360.4   389.5   429.8   505.9   643.1  2412.9  64346.0    64495
read      243.7    63.7    93.8   149.2   165.7   240.3   265.7   279.1   290.9   305.4   324.4   352.5   403.7   491.1  1088.8  21422.0    20917
read      251.5   112.5    80.4   124.3   138.3   228.8   280.0   314.9   339.5   366.8   399.4   446.3   543.7   815.4  2880.7  85372.0    85651
read      251.7   102.0    74.4   126.4   140.6   236.3   284.4   314.8   335.9   358.9   386.6   426.7   505.4   665.2  1722.4  61841.0    61935
read      254.9   104.8    80.4   130.9   145.1   243.8   288.6   316.1   334.6   354.5   378.4   413.5   489.7   709.7  3223.3  50371.0    50216
read      250.8   112.3    80.4   125.2   138.7   231.5   282.2   315.0   337.6   362.7   392.7   433.3   512.0   783.6  1446.2  72159.0    72251
read      251.0   105.1    74.4   123.8   137.6   231.2   282.3   315.6   338.2   364.1   396.0   440.5   529.2   697.3  2006.7  71999.0    71798
read      245.7    66.8    93.8   152.3   169.3   241.8   266.2   279.5   290.9   304.7   322.4   352.3   417.3   767.6  1937.8  19689.0    19701
read      250.2    82.1    86.8   146.1   162.9   245.6   273.0   290.4   303.5   319.1   339.7   369.0   435.5   607.3  2542.4  24926.0    24952
read      252.1   103.7    80.4   125.5   139.1   229.9   281.8   317.2   341.8   368.8   400.2   447.0   540.0   691.3  1204.8  81392.0    81838
read      251.0    80.5    86.8   144.1   161.1   246.9   273.5   291.0   304.6   320.6   341.3   370.5   436.8  1149.8  1588.2  26757.0    26648
read      250.2    74.1    93.8   147.7   163.5   245.2   272.1   289.7   303.6   320.8   341.7   371.9   436.2   553.5  1978.8  25376.0    24837
read      252.7    76.2    86.8   142.8   159.6   249.0   279.0   297.3   311.9   328.1   346.6   377.0   447.2   591.9  1353.2  29292.0    29420
read      250.4   128.1    80.4   124.2   138.2   224.6   272.9   304.2   329.0   357.2   392.4   444.5   579.4  1481.4  2939.9 103834.0   103882
read      252.7   155.0    80.4   124.8   138.3   231.3   281.6   314.5   337.8   363.3   392.9   433.9   524.0   819.6  7451.2  70665.0    70314
read      254.4   102.3    80.4   126.7   141.0   238.9   288.3   319.2   339.6   362.9   392.2   433.5   511.1   691.7  2029.1  61540.0    61679
read      257.6   115.0    80.4   130.7   145.4   246.3   291.1   318.8   337.1   357.8   383.5   422.1   503.4   723.8  4011.9  49787.0    49557
read      243.7    68.6    93.8   151.0   167.9   240.1   264.5   277.1   288.8   302.1   319.9   348.3   404.0   651.1  2999.0  19476.0    19325
read      228.4    80.1   101.3   156.1   170.0   221.1   239.5   251.0   259.4   269.6   284.4   313.4   412.6   975.2  4093.9   9315.0     9128
read      252.3   108.7    80.4   126.3   140.2   229.2   279.5   312.8   336.7   364.2   397.7   447.7   550.2   918.9  1876.5  94071.0    94933
read      248.7    79.7    86.8   146.4   163.9   244.3   270.5   286.4   298.0   314.0   333.4   362.5   432.4  1015.2  2068.6  24148.0    24327
read      251.3   112.2    80.4   124.6   138.6   231.2   282.9   316.2   338.2   362.8   393.6   435.0   520.0   766.3  3564.1  72123.0    71896
read      248.5   103.4    80.4   123.8   137.9   226.2   275.0   309.6   333.8   360.6   394.3   441.5   545.2   801.4  1043.7  93566.0    93771
read      244.7    77.5    86.8   150.0   166.4   239.4   264.2   277.6   289.4   303.3   322.0   352.7   440.9   925.4  2759.8  20549.0    20452
read      255.2   108.9    80.4   135.0   150.6   248.3   287.5   310.8   327.4   345.3   368.1   400.8   468.0   617.7  3462.4  42190.0    42338
read      250.1   100.7    74.4   124.3   138.3   231.3   281.4   313.6   336.5   361.8   392.5   434.7   521.6   728.6   956.3  73197.0    72627
read      247.1   103.3    80.4   123.0   136.6   225.6   275.9   309.0   332.7   358.8   391.1   435.1   530.6   779.8  1379.6  80648.0    80603
read      255.0    93.3    80.4   131.1   145.5   245.8   290.1   317.2   335.4   355.3   378.8   415.1   482.1   628.8  1628.2  49129.0    49049
read      247.1   107.8    80.4   123.0   136.9   224.6   273.7   306.5   331.0   358.1   391.7   438.9   538.4   810.6  1694.0  92301.0    92305
read      251.6   138.6    74.4   126.8   140.7   238.7   284.9   313.7   333.9   355.4   380.4   417.7   488.7   615.4  4862.8  57007.0    56889
read      245.7   102.2    80.4   120.9   134.2   225.2   275.8   311.1   333.7   358.4   388.6   432.6   523.8   682.4  1314.7  77859.0    78036
read      250.6   103.8    80.4   124.5   138.4   231.6   282.8   315.2   337.4   362.3   392.0   433.9   520.3   686.5  2068.6  72199.0    71583
read      250.2   102.6    74.4   124.5   138.2   231.6   282.2   314.5   337.5   362.8   392.3   432.8   516.7   687.9  1163.7  72472.0    72609
read      249.1   133.2    80.4   124.5   138.1   224.0   272.2   303.0   326.0   352.3   386.6   435.0   568.7  1709.5  3014.7 107249.0   107382
read      245.2   140.3    80.4   122.3   135.8   223.2   272.0   303.8   327.8   353.4   384.8   429.8   523.2   865.1  3991.9  86419.0    86530
read      239.3   106.5    93.8   153.7   170.0   234.0   256.6   268.4   276.0   290.1   308.0   334.9   397.1   895.8  6194.3  16725.0    16550
read      246.2   130.8    74.4   121.5   135.0   222.9   271.6   302.9   327.2   354.6   386.9   431.1   529.5  1653.9  3630.6  84852.0    84534
read      247.4   127.6    80.4   123.2   136.7   227.7   277.0   309.3   331.1   355.4   386.9   431.0   515.9   679.1  2494.5  72512.0    72631
read      258.9   143.2    86.8   132.3   147.1   247.9   292.6   320.2   338.5   358.8   383.7   421.9   504.7   680.4  3014.2  49105.0    49291
read      254.0   103.5    80.4   126.9   140.4   237.5   287.7   319.0   339.9   363.1   391.5   432.2   520.7   712.3  1737.0  62849.0    62175
read      245.2   100.9    80.4   121.3   134.9   224.6   274.3   307.7   332.3   358.9   389.7   432.2   516.9   670.5  1284.2  79801.0    80213
read      238.7    66.8   101.3   152.8   168.8   234.0   255.8   268.0   275.9   289.8   308.8   339.9   413.8   946.2  2090.5  16703.0    16566
read      255.3    96.7    80.4   129.3   143.6   242.8   289.7   319.1   338.7   360.4   386.9   425.5   505.6   639.6   929.7  53937.0    53985
read      250.7   139.2    80.4   124.0   137.9   224.4   272.8   305.4   329.7   357.4   391.8   441.2   587.1  1546.3  2970.1 103068.0   101949
read      245.7   101.2    86.8   145.1   162.6   240.7   267.3   282.3   294.2   309.7   329.0   358.6   424.2   831.7  4979.4  23939.0    24076
read      257.2   107.4    74.4   129.9   144.4   244.7   292.4   320.7   340.1   361.4   387.2   425.1   506.5   689.3  3571.4  52668.0    52574
read      247.9   115.1    80.4   124.1   138.3   224.9   272.0   303.1   326.8   354.4   389.6   439.0   550.4  1129.0  2788.7 106815.0   106271
read      247.9   118.7    80.4   124.1   137.8   223.4   271.7   303.8   327.9   355.2   389.4   438.3   553.0  1328.6  2329.8 105656.0   105451
read      257.6   156.8    80.4   123.7   137.9   229.0   280.7   315.4   340.5   369.2   402.8   453.4   616.4  2342.2  3184.6  85907.0    86087
read      252.5    98.3    86.8   142.6   158.4   248.0   277.4   296.1   311.1   327.8   346.7   377.3   445.0   584.9  4273.2  29051.0    29108
read      254.6   145.6    80.4   125.5   139.2   228.2   277.5   311.5   335.5   363.1   397.6   447.2   581.1  2080.7  4270.5 100615.0   101115
read      254.5   107.4    80.4   126.4   140.3   234.2   286.9   320.9   344.6   370.5   400.3   443.4   525.7   725.2  1785.1  74431.0    74326
read      250.2   105.4    80.4   124.5   137.8   229.6   281.1   315.0   338.3   363.3   394.6   436.9   525.1   746.3  1437.4  75385.0    75832
read      251.6   116.9    80.4   124.3   138.1   227.5   276.0   310.3   335.2   362.8   396.7   447.6   580.2  1121.1  1996.3  95366.0    94901
read      241.0   104.1    93.8   153.9   170.5   233.3   255.5   268.6   277.8   291.9   311.3   341.0   422.9  1013.6  3893.0  15923.0    15809
read      252.0    73.8    80.4   143.3   160.0   248.8   278.6   297.0   311.7   327.7   345.9   376.9   443.5   542.6  1511.7  28779.0    28874
read      256.0    94.2    80.4   130.2   144.6   244.9   290.6   318.6   337.9   359.0   384.4   422.0   501.5   700.1  1167.2  52073.0    51882
read      256.6    90.0    80.4   141.7   157.6   252.1   285.4   305.5   320.7   338.2   359.9   393.7   460.3   568.9  3559.5  32617.0    32653
read      259.1    89.7    86.8   135.9   151.3   251.7   291.5   317.1   334.9   354.3   377.5   414.6   491.8   627.7  1382.5  41810.0    41676
read      255.8   103.4    80.4   127.5   141.4   239.1   289.8   321.7   342.5   367.8   396.9   435.9   516.8   676.9  1582.7  62855.0    63019
read      251.8   102.6    80.4   127.5   141.2   230.3   278.4   311.9   335.6   363.1   396.8   444.6   539.4   768.0  1326.7  98967.0    99164
read      253.7    91.0    80.4   131.6   146.5   245.3   287.9   313.8   331.1   349.5   373.0   408.6   483.0   621.7  1140.6  47164.0    47055
read      254.5   114.9    80.4   126.3   140.3   237.1   288.2   320.2   340.9   363.8   391.6   430.4   514.5   722.6  2929.6  62797.0    62394
read      253.4   129.2    74.4   125.9   139.9   229.0   277.6   310.6   335.1   362.9   397.6   449.2   568.6  1230.0  2796.9  98835.0    98519
read      252.0    99.2    86.8   140.7   156.4   247.6   277.7   296.2   312.5   330.1   349.6   383.7   448.5   576.9  2133.6  32189.0    32122
read      258.3    95.7    80.4   132.4   147.0   248.1   293.9   322.9   340.6   360.9   385.7   422.7   497.6   620.7  1661.7  49602.0    49464
read      248.4    69.3    93.8   148.5   164.9   245.2   271.0   286.9   298.8   314.9   334.4   363.6   424.6   509.0  1013.9  23956.0    24034
read      248.9   113.5    80.4   123.1   136.7   227.9   278.5   311.5   334.8   361.3   393.8   436.6   523.2   740.3  3028.4  77025.0    77363
read      251.4   106.0    80.4   125.3   139.1   228.6   279.2   313.3   337.3   365.0   398.1   447.2   552.1   853.0  1099.8  91637.0    91698
read      259.0    89.3    80.4   137.9   153.3   253.1   291.1   314.8   330.9   347.4   370.7   404.4   487.3   663.1  1590.1  38958.0    38997
read      251.6   107.2    80.4   124.4   138.4   229.1   279.9   314.2   338.8   366.2   398.7   445.5   550.8   779.9  1425.4  85887.0    86028
read      251.9   107.5    74.4   125.3   139.1   230.3   280.6   315.3   339.1   365.7   398.6   444.2   535.1   764.6  2605.3  82668.0    83012
read      237.0    60.4    86.8   154.2   170.3   232.3   253.7   266.2   274.2   288.2   306.1   334.7   403.6   840.2  1012.6  15032.0    15024
read      259.8    99.1    80.4   131.1   145.5   245.6   296.2   326.6   345.8   368.3   395.7   434.1   518.2   668.2   897.5  56579.0    56640
read      243.1   120.8    80.4   121.7   134.8   219.7   267.8   297.7   321.0   348.6   382.7   431.7   545.3   939.0  4175.7  97211.0    97362
read      250.1   116.5    80.4   125.3   139.4   226.1   273.7   305.7   329.6   357.1   391.6   442.5   581.7  1080.5  2281.9 107313.0   107412
read      257.3   123.2    80.4   128.0   141.4   238.2   290.2   323.8   345.9   370.3   398.2   437.7   534.5   689.5  4573.8  64947.0    65030
read      257.6   154.4    80.4   125.9   139.5   232.9   285.6   319.8   342.8   368.8   399.8   447.2   555.4  1961.6  6006.7  78989.0    79278
read      259.9    97.2    74.4   133.4   148.6   249.2   293.7   319.8   337.5   357.9   383.7   424.2   529.3   829.9  1535.7  47122.0    47544
read      262.4   122.8    80.4   130.5   144.8   237.8   289.8   323.8   347.2   375.4   411.3   464.3   583.6  1131.0  2744.1 104445.0   105368
read      252.7    95.0    80.4   126.7   140.9   238.8   288.6   317.9   338.0   360.1   386.6   424.9   500.0   623.9   988.1  58600.0    58181
read      257.9   101.1    80.4   130.5   144.7   244.3   293.7   323.7   344.4   367.4   393.7   428.8   501.7   640.2  1460.2  56621.0    56960
read      237.8    63.2    93.8   154.8   170.9   233.8   254.6   267.0   274.8   288.4   305.6   333.5   397.6   949.1  1959.9  15096.0    14849
read      256.8   109.9    80.4   127.7   141.5   238.6   290.1   322.4   344.3   368.8   399.1   440.8   533.3   752.7  2459.1  63696.0    63672
read      258.2    98.7    80.4   132.5   148.1   248.6   292.4   320.4   338.2   358.2   382.1   417.6   494.5   637.1  2408.7  48268.0    48289
read      232.1    84.5    86.8   155.7   170.9   226.6   246.7   258.1   266.8   275.7   294.1   320.1   381.9   936.2  1017.5  11926.0    11797
read      232.2   106.4    86.8   156.2   171.5   226.0   244.8   254.7   263.8   273.2   289.8   320.0   396.7   979.1  6205.3  10692.0    10781
read      260.7   124.2    80.4   132.1   147.1   247.6   292.4   320.5   339.4   360.5   386.0   424.8   518.5  1604.7  3456.7  49218.0    49362
read      276.6   154.3    80.4   132.2   148.1   248.3   304.3   338.9   363.9   393.7   432.0   495.2   670.0  1451.0  5125.2 101827.0   102119
read      258.7    95.7    86.8   132.6   147.3   249.2   293.3   321.2   339.5   359.9   385.2   423.9   501.3   627.0  1354.1  46259.0    46213
read      267.6   124.3    80.4   128.3   142.9   242.6   298.5   333.0   357.5   386.3   423.5   482.5   615.2  1189.0  2174.8  96877.0    97025
read      246.0    72.6    86.8   148.5   164.1   239.6   266.4   281.5   293.8   310.6   332.8   364.8   441.3   947.0  1267.3  18533.0    18351
read      252.1    88.1    86.8   144.7   161.4   243.8   273.6   293.3   309.1   327.1   348.0   384.6   462.5   990.7  2012.4  21616.0    21426
read      258.8    94.6    86.8   134.9   150.0   250.1   292.4   318.3   335.7   354.9   378.3   416.0   499.3   730.0  1088.0  43053.0    43013
read      254.9   105.0    74.4   126.3   140.0   236.3   288.8   322.5   344.1   367.6   396.4   436.9   528.7   702.3  1804.6  67474.0    67376
read      255.6    79.7    80.4   140.2   156.1   251.5   286.8   308.3   323.3   339.7   360.5   391.3   452.0   589.2   923.3  35765.0    36043
read      221.5    67.1    93.8   155.4   168.1   215.0   232.1   242.5   250.1   259.5   272.0   296.8   374.0   986.7  2097.6   6272.0     6255
read      237.7   100.7    80.4   120.6   133.7   215.9   263.6   292.2   315.5   342.7   375.1   424.0   510.7   745.8  1494.4 101223.0   102499
read      248.0    70.1    86.8   144.7   161.1   244.7   272.1   289.4   302.5   318.0   336.4   364.4   426.8   610.1  1083.7  26392.0    26263
read      257.8   115.6    80.4   130.3   144.4   242.9   292.4   322.1   342.8   365.6   393.1   432.2   509.2   665.9  5008.8  56332.0    56974
read      257.2    85.8    80.4   137.8   152.4   251.4   290.0   313.6   330.1   347.7   371.7   403.6   469.2   552.4  1552.9  40693.0    40869
read      256.3    92.1    80.4   134.0   149.2   248.2   290.4   316.7   333.9   352.4   375.1   410.6   474.9   638.4  1300.9  46609.0    46514
read      227.2    66.1   101.3   154.6   168.9   222.4   241.3   251.8   259.9   269.5   283.5   310.2   373.4   957.4  2016.7  11334.0    11431
read      257.0   117.5    80.4   129.0   142.9   241.1   291.3   322.4   341.7   364.0   391.7   432.2   520.1   694.0  3660.3  57856.0    58600
read      251.9   107.1    80.4   126.1   139.4   233.7   284.5   317.1   339.2   363.5   392.6   432.2   512.8   660.8  3128.2  67373.0    68058
read      257.6   104.4    80.4   130.4   144.4   243.8   291.9   322.1   342.1   364.4   391.3   429.3   504.9   679.1  2472.6  54707.0    54502
read      252.5    98.8    80.4   127.1   140.5   235.8   286.2   317.4   338.8   362.7   390.9   430.4   515.6   689.3   869.1  64135.0    64022
read      262.8   135.3    74.4   132.2   146.7   249.3   297.8   326.9   344.1   364.9   390.5   428.1   506.2  1590.7  3215.7  52063.0    52142
read      261.0   152.1    80.4   127.4   141.3   232.5   283.7   317.3   341.5   369.6   404.5   459.0   627.3  2140.5  2974.3 101640.0   101375
read      256.8    85.8    86.8   136.4   151.6   251.2   290.0   313.0   328.9   346.3   369.4   402.6   474.8   587.0  1017.0  40503.0    40606
read      258.0    90.0    80.4   133.7   148.5   249.1   293.2   320.6   338.7   358.9   383.0   417.9   489.9   608.7   843.4  47242.0    47485
read      258.3    95.5    80.4   132.4   147.6   249.0   295.4   323.6   341.1   360.4   383.4   418.6   488.2   613.2  1147.2  49373.0    48977
read      257.6    85.8    86.8   138.2   153.3   252.9   291.2   314.6   330.4   346.7   368.7   399.8   462.0   570.2   886.7  38125.0    38615
read      252.2   104.9    80.4   124.6   138.2   230.3   282.6   316.6   340.9   367.7   399.6   446.8   543.6   739.7  1000.4  79794.0    80279
read      252.3   120.7    80.4   125.0   139.0   231.7   282.7   315.7   338.9   365.8   397.0   437.6   527.2   730.1  2862.2  75889.0    75843
read      253.2   101.4    80.4   127.2   140.5   235.7   287.1   319.6   341.3   365.4   393.7   432.5   508.8   673.1   857.1  67921.0    67095
read      263.4   179.5    74.4   136.0   151.2   250.9   291.9   316.9   333.6   351.7   373.3   407.4   501.3  2169.4  7722.3  41489.0    41325
read      255.5    98.1    80.4   129.1   143.1   242.3   291.2   321.2   340.9   362.4   388.3   425.7   503.2   657.8  1546.3  55892.0    55752
read      253.4   105.0    80.4   125.0   139.1   231.7   283.8   318.3   342.5   369.2   401.2   448.9   545.6   748.9  1054.5  85090.0    85561
read      236.0   108.3    86.8   155.1   170.5   230.4   250.4   262.0   270.3   281.5   297.0   324.9   393.9   980.6  4974.6  14064.0    14194
read      248.3   104.9    74.4   123.6   137.4   225.7   275.2   308.6   333.4   361.0   395.6   444.8   543.2   750.2  1249.3  88005.0    88002
read      256.4   152.5    74.4   126.5   140.4   231.8   282.0   316.1   340.4   368.4   401.0   449.2   553.9  1264.2  4732.0  90486.0    90515
read      254.6   114.7    74.4   127.9   141.8   231.4   280.9   313.3   336.8   363.6   397.6   449.4   563.9  1112.0  2355.4 109666.0   109283
read      249.7    80.4    86.8   145.9   162.2   246.2   272.9   290.2   303.1   318.2   338.6   368.9   433.9   655.8  1936.2  26669.0    26699
read      255.3    92.1    86.8   138.2   153.1   250.7   286.2   308.2   323.9   340.8   362.2   393.4   461.8   630.4  3514.5  37452.0    37400
read      247.0   136.7    93.8   151.8   168.4   239.2   262.8   274.3   286.1   299.1   318.0   345.7   420.7  2836.0  3789.2  19362.0    19307
read      231.7    73.1   101.3   158.0   172.4   227.3   245.8   255.5   264.5   273.5   288.8   314.7   376.6   947.9  1479.5  11589.0    11527
read      247.8   107.1    80.4   123.2   136.9   226.2   274.4   308.2   332.5   359.5   393.6   440.3   536.6   746.8  1606.4  83513.0    83787
read      245.3    68.2    80.4   148.2   165.2   242.1   266.8   280.3   292.2   307.6   327.7   358.2   420.9   545.0  1093.9  22402.0    22209
read      251.2   102.1    80.4   125.0   138.5   231.6   283.4   316.4   339.1   364.1   394.5   435.8   529.4   714.9   853.0  74912.0    75169
read      250.5   101.1    74.4   124.6   138.5   231.9   282.7   314.6   337.8   363.2   393.8   434.7   510.1   717.5  1345.8  73646.0    73833
read      253.8   109.7    74.4   126.9   140.6   230.9   281.2   315.4   339.4   366.6   400.5   450.5   559.8   870.5  1558.9  94840.0    94641
read      256.4    99.2    80.4   128.4   142.3   240.4   291.8   323.9   344.7   367.9   395.1   433.0   514.4   654.9  1156.9  61511.0    61338
read      257.2   148.5    80.4   126.0   140.1   230.7   280.5   312.8   336.9   365.5   400.4   455.6   598.4  2121.9  3646.5  91911.0    91825
read      256.6   143.7    80.4   126.7   140.5   232.7   285.4   319.6   342.7   368.4   399.3   444.8   548.1  1348.0  5744.6  77589.0    77235
read      256.8    85.7    86.8   138.7   153.5   251.7   288.2   310.6   326.3   343.8   366.5   399.7   467.7   600.2  1575.8  37163.0    37257
read      256.4   113.3    86.8   141.3   157.2   249.4   281.2   300.8   316.3   333.6   354.4   387.8   465.9  1470.3  2561.8  31875.0    32057
read      262.4   115.7    80.4   131.6   146.2   239.0   290.8   323.4   346.1   373.2   408.4   461.2   584.0  1031.4  2003.1 108927.0   108618
read      255.5   110.2    74.4   126.5   140.1   234.6   287.1   320.5   343.0   368.7   399.3   444.5   548.5   922.8  2190.6  72797.0    72930
read      256.0    92.4    80.4   134.9   150.0   249.1   289.6   315.7   332.2   348.9   370.9   402.8   470.4   614.4  3059.0  43395.0    43714
read      252.2   108.8    80.4   126.2   139.4   229.3   280.2   315.1   339.4   366.7   398.9   446.7   540.3   831.6  1943.0  87327.0    87369
read      256.9   101.3    86.8   130.1   144.1   243.9   292.4   321.5   341.8   363.7   390.0   427.4   503.0   630.7  3071.7  56911.0    56640
read      246.5   102.3    80.4   124.0   137.8   224.7   272.9   304.2   328.3   355.9   390.3   437.0   535.7   794.8  1322.8  97036.0    97360
read      247.4   118.5    80.4   122.4   135.6   225.4   275.5   309.0   333.0   358.9   389.9   434.1   528.8   726.8  3998.0  79761.0    79788
read      229.8    86.1   101.3   155.5   170.2   225.6   244.9   254.7   263.2   271.8   286.3   312.8   379.5   947.7  2014.4  11487.0    11352
read      247.3   103.2    80.4   123.1   136.9   225.0   274.7   308.9   333.6   360.9   394.2   438.2   535.0   783.3  1413.8  87510.0    87962
read      257.9    87.0    86.8   137.3   152.7   252.1   291.3   315.1   331.6   349.2   371.3   403.8   473.5   597.1  1955.4  40793.0    40663
read      255.7   124.2    74.4   128.5   142.5   240.6   291.1   320.6   340.4   362.5   389.7   429.2   507.7   684.4  4417.7  59422.0    59386
read      255.3    90.0    80.4   132.0   146.7   247.4   290.6   317.2   334.9   354.1   377.2   411.2   479.2   583.9   959.4  47889.0    48302
read      244.4    74.0    86.8   152.4   168.6   239.7   263.3   275.3   288.5   303.6   322.5   350.6   403.8   931.1  2213.2  19236.0    19398
read      250.1   102.2    80.4   123.8   137.5   229.1   280.5   315.2   338.9   364.7   396.0   439.1   530.9   726.2  1071.2  81545.0    82197
read      252.7   106.8    80.4   125.0   138.7   231.9   283.1   317.6   341.5   367.8   399.1   442.9   537.8   721.0  1477.6  77624.0    77387
read      254.0   151.0    80.4   124.1   138.1   231.4   282.2   315.5   338.5   363.9   393.9   435.6   530.1  2093.7  4960.7  72159.0    72753
read      226.2    75.9    86.8   157.2   170.3   219.4   236.5   247.8   254.9   265.7   277.6   305.9   406.7   977.5  3288.1   7837.0     7720
read      253.9    98.6    86.8   132.3   146.9   246.2   286.7   311.5   328.8   347.6   371.6   405.6   478.2   610.0  2007.6  45818.0    46279
read      257.7    94.0    80.4   136.1   151.0   251.3   291.5   315.7   332.6   350.8   372.1   405.2   477.8   590.6  1075.9  42050.0    42102
read      252.2   119.7    80.4   125.4   138.9   227.9   277.6   311.7   335.9   364.1   398.9   450.8   559.6  1076.9  3711.6  90460.0    90892
read      253.1    85.8    86.8   135.3   150.6   247.6   284.3   306.1   321.9   341.2   364.0   397.3   466.3   587.4  2089.2  40355.0    39976
read      256.0   102.9    80.4   128.7   142.2   240.2   290.7   320.9   341.2   364.3   392.6   433.3   524.6   722.5  1493.4  60996.0    61084
read      238.5    63.9    93.8   154.4   170.7   234.5   257.8   269.4   277.5   290.0   306.1   333.0   394.2   612.4  3030.2  16873.0    16735
read      257.9   111.0    80.4   133.8   148.4   249.5   292.8   318.5   335.9   355.1   378.5   414.1   488.5   607.3  3885.0  46187.0    45909
read      255.3    82.6    80.4   144.2   160.9   251.5   282.6   302.2   316.7   333.0   351.8   380.6   447.3   570.6  1027.3  28973.0    28976
read      250.3   103.4    74.4   124.3   138.0   228.6   279.6   313.2   337.6   364.5   396.9   442.0   540.9   739.3  1010.0  84718.0    84704
read      250.2   134.4    74.4   123.7   137.7   224.8   272.9   304.3   328.5   356.2   391.5   443.5   583.1  1459.2  4156.0 101862.0   101822
read      250.8   123.2    74.4   124.3   138.0   227.0   276.3   310.4   334.5   361.1   393.8   443.3   572.6   881.2  3710.9  92695.0    92571
read      227.5    61.6    93.8   153.2   167.7   222.5   241.4   252.0   260.7   270.8   287.0   316.0   385.4   861.0  2020.3  12194.0    12106
read      255.8   105.5    80.4   127.8   141.8   240.3   290.1   321.1   341.0   363.9   392.0   432.1   519.9   708.6  3274.2  58628.0    58568
read      257.3   105.6    80.4   130.6   145.0   244.1   290.0   317.9   337.9   360.4   386.8   424.1   505.9  1160.6  2484.6  51268.0    51319
read      246.8   116.3    93.8   149.8   166.0   241.1   266.3   280.4   292.7   307.7   326.4   357.6   427.4   846.4  6393.2  21420.0    21556
read      235.2    68.8    86.8   154.2   170.6   230.6   251.8   263.8   271.7   283.4   298.8   327.9   392.7   913.5  3132.9  14145.0    14191
read      252.7    81.5    86.8   143.0   159.9   248.2   278.5   296.6   311.6   328.2   347.0   376.6   452.4   877.8  1940.6  29140.0    29072
read      238.5    70.7    93.8   152.4   169.5   233.5   255.5   268.6   277.8   292.0   310.5   338.7   404.5   637.9  2097.7  16266.0    16350
read      251.2   116.8    74.4   124.7   138.3   229.0   279.4   313.7   337.6   364.6   397.8   444.7   543.1   822.2  2259.4  86453.0    86891
read      257.7   135.6    80.4   127.6   141.4   231.7   281.3   314.4   338.4   367.0   403.3   460.0   625.0  1172.0  3463.9 104154.0   104441
read      223.9    61.9    86.8   156.2   169.0   218.6   235.9   247.1   254.2   264.4   274.9   302.4   370.4   944.2  2218.4   8939.0     8906
read      256.9    88.9    86.8   135.0   150.3   249.8   291.2   316.2   333.1   351.5   373.1   407.2   471.2   589.8  1485.0  42193.0    42175
read      257.2    94.3    80.4   130.9   145.0   246.3   294.5   322.9   340.8   360.9   385.8   424.5   496.4   624.8  1274.9  51814.0    51797
read      252.7   125.0    80.4   125.0   138.4   230.6   282.3   317.3   339.8   365.0   396.6   442.5   542.6   905.8  4652.2  76525.0    76678
read      248.0    78.7    86.8   157.0   174.2   243.9   267.4   280.8   292.4   306.4   323.1   351.7   409.0   601.0  1890.0  19729.0    19630
read      249.4   111.5    74.4   125.2   139.2   226.9   274.5   307.3   331.3   358.4   391.9   437.4   541.0  1051.8  2376.1  99911.0   100132
read      259.0    83.1    86.8   140.5   156.3   252.4   290.7   314.2   330.6   347.9   371.1   403.6   470.6   592.3   748.3  40606.0    40498
read      258.0   110.8    80.4   129.4   144.1   235.6   285.6   317.8   340.5   368.0   402.1   452.8   560.9   994.4  2120.1 108663.0   108559
read      260.3   108.2    86.8   155.7   173.6   253.9   282.1   300.1   313.9   329.7   348.2   377.9   442.1   973.5  2551.3  23809.0    23964
read      261.9   108.5    80.4   130.2   144.4   241.6   294.5   329.4   353.1   378.6   408.2   454.6   548.1   776.2  2034.7  70274.0    70760
read      262.2   131.7    80.4   130.4   144.6   237.3   288.6   322.5   346.1   373.5   409.5   461.2   590.7  1225.2  3387.5  99924.0    99567
read      254.2   115.9    74.4   127.5   141.8   230.7   279.9   312.5   336.1   363.8   398.8   450.3   554.6  1075.4  2722.9 107518.0   107548
read      261.7    98.1    80.4   134.2   148.6   249.0   298.5   327.1   345.2   366.8   392.8   430.9   509.8   690.9  1820.7  54016.0    53742
read      251.9   109.5    74.4   127.3   141.3   229.2   277.7   310.0   334.1   361.7   395.5   444.2   556.3   859.1  2500.5 103748.0   103931
read      254.9   102.2    74.4   128.8   142.9   240.1   288.3   318.0   338.3   361.2   389.2   429.1   509.6   685.3  2376.8  59942.0    60359
read      233.8    64.2   101.3   163.1   176.2   228.1   247.2   257.8   266.4   275.1   290.8   316.5   397.7   976.0  1962.7   9828.0     9725
read      259.5    93.4    80.4   133.7   148.8   249.3   294.2   321.5   340.8   362.2   388.0   425.1   504.2   640.2  1409.3  51692.0    52014
read      261.0    85.3    80.4   141.2   156.3   255.0   294.6   318.3   334.2   351.5   372.7   404.4   478.0   605.5  1144.1  40076.0    40053
read      250.4   104.5    80.4   124.6   138.7   228.7   279.3   312.7   336.5   363.3   395.8   442.9   539.2   797.6  1252.9  86131.0    86436
read      260.3    83.8    93.8   153.2   171.1   254.6   283.7   302.8   316.2   332.5   352.4   382.9   451.2   746.2  3119.3  24146.0    23983
read      255.2   110.1    80.4   126.9   140.6   236.6   288.3   320.7   342.8   368.1   397.9   437.8   531.2   724.8  3299.9  66431.0    66595
read      252.1    70.8    86.8   147.6   163.9   248.7   275.4   293.9   307.9   323.6   343.4   372.8   430.4   544.7  1057.4  25853.0    26056
read      258.1   132.4    80.4   130.3   144.8   244.9   291.0   319.0   337.5   357.5   380.8   416.0   496.3  1612.5  4028.1  51443.0    51764
read      257.2    91.9    86.8   137.0   152.4   251.6   290.1   313.4   329.4   346.1   369.9   402.3   473.1   601.2  1885.7  40050.0    40202
read      254.4   131.0    74.4   125.5   139.5   231.9   284.2   318.6   342.3   368.9   401.2   447.5   558.2   813.6  1539.6  76450.0    76665
read      232.8    59.3   101.3   158.7   173.2   227.0   246.9   257.9   266.9   276.3   293.7   320.1   392.1   965.9  1138.2  11425.0    11133
read      251.9   106.3    80.4   124.3   138.2   230.2   280.9   315.8   340.4   367.3   399.8   444.8   546.1   801.1  1188.1  80231.0    80405
read      248.9   104.1    74.4   124.0   137.6   228.3   278.8   312.1   335.9   362.3   394.4   437.2   525.3   701.0  1060.7  79501.0    79106
read      253.3   109.2    80.4   126.6   140.4   230.0   280.4   314.1   338.2   366.4   400.8   450.8   555.8   976.5  1395.3  97539.0    97258
read      256.7    96.6    80.4   138.1   153.7   251.1   286.5   308.5   324.4   342.7   366.0   398.7   465.7   603.8  3872.1  36463.0    36307
read      253.1    86.2    86.8   144.4   160.7   248.8   278.4   296.7   312.0   328.7   347.6   378.5   445.2   583.1  2063.3  28375.0    28636
read      260.5   118.5    86.8   136.0   151.0   252.3   292.6   316.6   333.3   351.6   373.5   407.9   476.7  1405.8  2682.2  41647.0    41620
read      246.9   100.8    74.4   122.6   136.1   226.5   277.0   310.2   333.6   359.3   390.1   432.5   523.6   720.8  1012.7  75743.0    75736
read      257.7    94.5    80.4   133.6   149.0   249.2   291.4   318.0   335.7   354.8   377.3   412.4   492.6   682.1  2010.6  45218.0    44979
read      256.0    77.8    86.8   142.7   158.7   252.0   284.2   304.3   319.5   337.0   358.0   389.1   456.3   582.1  1277.0  31369.0    31478
read      257.3    84.7    86.8   139.0   154.0   252.5   289.4   312.0   327.9   345.0   367.5   399.4   467.1   595.8  1248.8  37310.0    37586
read      252.1   124.6    80.4   124.5   138.6   227.7   275.4   308.7   332.7   360.1   394.4   445.6   579.7  1411.9  2304.6 108293.0   108330
read      250.8    98.4    74.4   126.5   140.1   234.2   283.8   317.2   337.9   360.4   387.6   426.3   504.2   653.0  1760.1  64030.0    64301
read      230.8   110.4    86.8   154.0   168.2   224.0   243.4   254.1   263.4   273.2   289.2   315.7   388.9  1338.9  5076.5  11382.0    11203
read      222.5    63.9   109.4   157.3   169.5   217.5   233.4   243.7   251.0   260.3   271.8   294.1   351.5   975.7  1980.7   7439.0     7291
read      249.0   117.9    74.4   123.9   138.0   226.5   275.3   309.2   334.1   361.5   394.0   439.1   538.4   835.1  2959.0  86097.0    87477
read      247.6   103.2    74.4   122.9   136.5   227.6   277.8   310.1   334.8   361.4   391.9   433.7   518.1   669.2  1413.9  77500.0    77485
read      259.2    94.3    86.8   135.7   150.8   252.1   294.0   319.5   336.6   355.7   378.2   412.8   480.1   598.3  1001.0  42379.0    42055
read      252.5    73.8    80.4   145.7   162.5   248.5   276.7   295.5   309.6   325.1   344.1   374.2   436.0   539.8  1702.3  26800.0    26865
read      253.9   109.8    74.4   126.5   140.2   230.5   281.0   315.2   339.9   367.3   400.8   452.4   569.7   891.5  1493.6  94428.0    94592
read      251.6   100.9    74.4   125.2   139.0   233.5   284.4   317.3   339.7   364.3   394.0   433.5   518.3   676.1  1534.4  67552.0    66869
read      240.2    61.2    86.8   152.3   168.8   236.6   259.0   271.1   281.2   294.8   314.3   342.0   402.9   695.6  1011.5  17882.0    17835
read      254.5   110.7    80.4   128.2   142.1   241.1   289.1   318.3   338.5   360.2   385.5   423.3   499.1   669.4  2665.6  55415.0    55977
read      249.1   115.0    74.4   123.4   137.2   226.8   277.0   311.4   335.9   362.6   394.4   439.3   533.5   777.7  1540.3  82790.0    82437
read      239.7    84.9   101.3   155.7   171.9   234.6   256.5   268.5   276.4   290.0   308.1   337.1   396.1   910.9  2652.2  15791.0    15775
read      252.3   124.6    74.4   125.5   139.1   228.3   278.4   312.1   337.1   365.4   398.8   446.0   546.9  1003.0  3970.7  86689.0    87559
read      253.3   109.4    80.4   127.7   141.4   229.9   279.3   312.3   336.2   363.7   398.9   450.8   553.6   905.3  2322.3 105191.0   105401
read      252.6   143.6    80.4   125.3   139.2   228.9   279.5   314.1   338.9   366.6   399.5   447.0   544.6   849.4  3813.7  88552.0    88752
read      247.2   116.7    80.4   123.0   136.7   224.4   272.5   304.7   329.1   355.6   389.2   436.9   539.4   959.9  2561.7  94072.0    94531
read      246.7   134.9    74.4   122.5   136.3   221.7   269.8   299.9   324.4   351.1   385.9   435.1   552.8  1261.2  3753.9 101507.0   101303
read      248.4   114.7    80.4   122.8   136.5   225.6   275.1   309.0   333.1   360.2   393.0   438.3   542.3   979.4  2133.0  86894.0    86640
read      247.9   105.4    74.4   122.5   136.1   226.3   276.1   309.1   333.3   359.5   390.9   435.6   539.9   898.6  1456.6  84771.0    84818
read      242.6    72.1    80.4   149.7   166.7   239.4   263.4   275.0   287.3   300.9   320.0   346.3   402.9   591.4  1018.5  20424.0    20221
read      257.5    90.5    80.4   134.5   149.4   250.0   291.0   316.8   334.3   353.1   374.8   410.7   487.4   587.9  1952.8  43392.0    43599
read      254.6    96.1    74.4   129.3   143.2   243.7   290.3   317.9   336.7   357.5   382.7   421.4   498.5   628.9  1178.0  52373.0    52779
read      242.2   106.9    74.4   120.1   133.3   220.3   269.4   301.0   325.7   352.1   384.7   431.2   529.9   689.3  2608.4  89619.0    89855
read      257.2    96.7    80.4   132.5   147.7   247.5   290.9   318.1   336.4   356.6   381.2   418.6   498.3   634.4  2682.5  48634.0    48532
read      252.0   115.1    74.4   126.0   140.0   228.1   276.6   308.7   332.4   359.8   394.9   446.9   571.8  1171.7  2132.2 107328.0   107423
read      256.5    94.6    80.4   132.3   147.2   248.3   291.1   316.9   334.4   353.6   377.4   413.0   488.6   634.4  1710.9  46378.0    46535
read      259.5   136.9    80.4   132.5   147.9   247.1   290.5   319.1   337.8   357.9   381.9   418.8   494.9   708.9  4648.5  47167.0    47535
read      257.5    97.2    80.4   130.8   145.7   246.7   293.2   321.1   339.5   359.6   384.0   421.6   502.2   697.7  1964.8  49548.0    49633
read      254.5    78.8    80.4   142.1   158.3   249.9   281.8   301.8   317.0   334.5   355.5   386.9   450.9   609.4  1495.0  30374.0    30334
read      248.5   147.1    86.8   154.6   171.2   238.9   262.3   274.3   286.4   300.2   319.3   348.3   433.7  2362.7  7617.8  17296.0    17207
read      250.9   108.3    80.4   126.6   140.6   228.8   276.0   308.1   331.2   357.8   392.9   443.3   562.3   912.0  1641.3 106219.0   106074
read      261.7   101.1    80.4   133.3   148.9   251.4   296.9   324.6   342.7   363.6   388.8   426.2   503.7   692.5  2129.1  48676.0    48912
read      250.6   122.2    80.4   125.6   139.3   227.3   276.0   309.3   333.7   361.6   395.5   444.8   543.9   776.7  4289.8  96504.0    96483
read      257.8    89.5    80.4   138.1   153.7   252.3   289.6   312.5   328.8   346.3   368.8   401.2   478.0   605.0  1895.1  39393.0    39228
read      252.2   106.0    80.4   125.7   139.6   229.6   280.7   315.0   338.7   366.0   398.7   447.0   549.7   797.1  1280.5  92247.0    92350
read      252.7   111.1    80.4   125.4   139.0   229.9   281.4   316.4   340.3   367.4   399.2   445.9   547.7   876.2  2285.6  85359.0    85084
read      251.2   104.6    74.4   124.1   137.7   229.2   281.0   315.4   340.8   368.4   400.2   445.8   544.0   723.1   958.4  82059.0    81993
read      244.1   108.2    80.4   123.1   136.2   221.4   269.1   299.8   324.0   351.9   386.4   434.2   535.0   912.7  1478.6 101764.0   101617
read      241.9    63.8    86.8   153.5   171.3   238.2   260.9   272.6   282.9   295.0   314.4   342.3   400.9   920.6  1911.3  16632.0    16730
read      255.9   118.2    80.4   125.9   139.7   234.9   287.5   321.3   345.8   371.1   401.8   445.1   533.3   783.0  3990.4  70769.0    71079
read      259.2   124.8    80.4   129.5   144.2   234.7   285.0   316.8   340.4   368.1   401.8   454.6   583.1  1445.3  2623.2 109215.0   108942
read      255.3    97.2    80.4   130.0   143.7   241.9   289.4   318.9   339.0   361.3   388.2   427.5   506.4   669.3  1202.9  55429.0    55406
read      257.3    98.7    80.4   134.5   150.0   250.4   290.6   315.0   332.1   350.6   372.8   406.6   480.2   593.7  3219.5  42122.0    42279
read      247.5    73.9    86.8   149.8   166.6   243.1   268.8   284.2   296.1   311.7   330.9   360.5   424.6   749.6  2021.8  21989.0    21876
read      259.5   127.8    80.4   139.9   155.5   251.3   286.7   308.6   324.5   341.6   363.5   396.3   467.2  1939.4  3713.5  34166.0    34140
read      257.8    95.8    86.8   135.3   150.4   250.0   291.8   316.4   333.3   351.4   372.6   408.2   478.4   666.6  1703.4  43234.0    42897
read      244.2   103.6    86.8   151.9   168.2   238.3   261.9   274.3   286.7   300.8   318.9   346.8   424.6   957.1  5603.5  18553.0    18462
read      253.0   112.5    80.4   127.6   141.3   230.0   278.9   312.9   336.4   363.6   397.7   445.6   552.1   969.0  2196.1 100224.0   100375
read      259.9    89.5    86.8   137.0   152.2   253.1   293.9   318.9   335.4   354.1   378.5   412.2   477.3   636.6  1805.4  41525.0    41347
read      243.3    99.3    80.4   122.7   136.6   221.9   270.0   300.4   324.2   349.9   383.5   431.3   526.2   703.4  1232.1 101652.0   101594
read      258.8    94.5    86.8   134.2   148.7   249.0   293.8   320.8   338.4   358.1   382.0   419.6   495.4   629.0  2610.5  47820.0    47486
read      252.8   114.6    80.4   125.3   139.2   231.8   283.6   317.6   340.7   365.7   395.7   436.6   533.0   781.7  3150.7  73618.0    73393
read      258.0   124.7    80.4   132.1   146.5   245.6   291.6   320.8   340.0   361.0   385.9   421.6   500.6   683.7  2658.7  50950.0    51134
read      257.1   103.2    80.4   129.0   143.0   242.0   292.2   324.4   344.7   367.6   394.7   432.8   509.6   634.4  1303.0  58108.0    58201
read      253.9   102.7    80.4   125.6   139.7   234.6   287.0   321.6   343.6   368.1   396.9   437.4   525.8   743.6  1523.8  71102.0    71020
read      253.7   103.0    74.4   126.9   140.8   233.8   286.3   320.6   342.7   367.4   398.2   440.5   524.8   678.3  1732.4  72141.0    72071
read      248.4   105.5    80.4   123.9   137.7   226.1   274.6   307.9   332.2   360.2   394.0   439.0   540.4   889.9  1550.3  93362.0    93446
read      252.7    77.8    86.8   144.0   160.2   249.4   278.9   296.8   311.4   327.5   346.5   375.2   433.7   542.8  2059.1  28635.0    28724
read      256.1    97.7    74.4   128.9   142.5   241.1   291.2   322.4   343.4   366.4   393.4   432.3   516.0   634.1   797.7  59295.0    59269
read      250.9   102.7    74.4   124.4   138.1   231.7   282.2   316.3   339.2   364.2   394.6   435.3   521.4   701.3  2003.2  74460.0    74624
read      254.5    96.4    80.4   130.8   145.2   244.2   288.7   316.0   334.9   355.7   380.2   415.5   488.7   659.6  2336.6  52223.0    52368
read      230.1    82.7    93.8   156.7   170.5   223.0   241.2   251.9   260.4   270.4   285.9   316.4   404.4  1196.8  3116.7   9648.0     9687
read      257.7   105.1    74.4   134.8   150.2   250.7   291.8   317.4   334.1   351.7   372.8   404.4   472.3   618.3  3658.6  43988.0    44165
read      228.5   135.0    93.8   157.7   169.3   218.6   235.8   246.8   253.8   265.2   279.8   310.8   393.4  2211.6  5254.9   6933.0     6895
read      256.0    99.2    74.4   129.1   143.0   242.8   291.8   321.4   341.3   363.7   390.6   428.6   505.4   645.0  1404.1  55160.0    55457
read      255.3   104.9    80.4   127.2   141.0   239.4   290.3   321.9   342.8   365.7   393.1   431.9   508.7   684.3  2277.4  61176.0    61164
read      254.7   113.0    80.4   127.8   141.8   231.8   281.6   314.4   337.9   364.8   398.1   447.5   553.0  1051.8  2487.6 108136.0   108384
read      254.1    90.8    86.8   139.4   155.4   248.9   281.5   302.4   317.5   334.9   355.9   389.1   467.6   681.4  2906.9  33230.0    33319
read      250.5   111.0    80.4   125.1   139.1   228.0   276.4   309.5   333.5   360.7   394.3   441.9   549.8   893.3  1954.7  98080.0    97895
read      260.0    99.4    80.4   137.8   152.9   252.9   293.8   317.4   333.5   350.9   372.1   404.7   480.1   639.6  3631.6  39828.0    39720
read      253.2   100.7    80.4   126.1   139.9   235.1   286.8   319.7   342.6   366.7   395.1   434.0   513.8   697.1   927.6  68083.0    68554
read      249.8   111.2    80.4   123.4   136.8   227.1   278.0   311.6   335.8   362.6   395.1   442.7   549.4   900.1  1973.3  86827.0    86849
read      253.8   104.0    86.8   141.9   158.2   249.3   280.4   299.1   313.4   329.7   349.3   381.8   447.2   574.8  4071.4  30033.0    30264
read      248.8   112.0    74.4   124.9   138.6   225.7   273.8   306.0   330.5   358.4   392.2   438.9   545.9   931.6  2717.8 100774.0   100754
read      245.7   108.1    80.4   122.6   136.4   221.9   270.9   302.7   326.2   353.2   388.7   437.2   564.9   956.8  1625.0  98121.0    98098
read      251.8   109.5    80.4   125.5   139.2   229.7   280.7   314.6   338.5   365.8   398.1   444.2   537.9   804.1  2793.7  85920.0    86028
read      256.1   131.0    80.4   126.2   139.7   229.2   279.3   314.4   339.4   367.7   401.5   454.1   608.7  1391.2  2548.3  92879.0    93054
read      258.3   105.9    80.4   135.7   150.7   251.7   290.9   315.4   332.5   351.1   373.3   407.9   474.0   626.5  3205.5  42230.0    42348
read      251.4    77.5    80.4   143.6   159.6   247.8   277.4   296.1   311.7   328.6   346.8   374.2   434.0   527.4  1161.1  29337.0    29490
read      243.5    63.4    86.8   152.6   168.9   239.7   263.2   274.9   287.2   300.9   320.3   348.3   407.4   563.4  1205.2  18240.0    18187
read      248.7   107.2    80.4   124.3   137.8   226.2   276.2   308.7   333.3   361.1   394.4   439.1   539.7   844.0  1914.1  94407.0    95113
read      225.9    71.2   101.3   156.1   169.7   220.2   237.5   248.4   255.4   266.5   280.4   309.6   381.1   970.9  3265.2   8724.0     8570
read      251.1   105.4    80.4   126.4   139.8   235.6   283.7   314.8   335.6   358.0   384.8   423.5   502.5   684.1  2958.5  61546.0    62285
read      255.8    97.9    74.4   130.9   145.2   244.5   290.6   319.2   339.1   360.3   385.0   421.0   488.7   619.1  3029.0  52427.0    52582
read      255.2    89.4    86.8   139.1   155.1   250.5   284.1   304.7   319.7   338.5   361.1   394.2   464.4   583.1  1489.3  34241.0    34260
read      256.5   102.4    80.4   128.4   142.4   241.5   292.7   324.2   343.2   365.4   393.1   431.5   508.3   679.6  1539.4  59414.0    59493
read      255.9    97.5    80.4   128.2   142.5   242.0   291.6   322.8   343.4   365.8   391.7   428.0   504.0   685.4   887.6  57991.0    58208
read      245.8   142.9    80.4   121.1   134.5   220.8   270.0   302.5   327.1   353.8   386.3   431.8   536.2  1391.4  4204.3  93345.0    93458
read      241.2    75.2    86.8   152.1   168.5   237.1   260.3   272.3   282.6   294.9   313.0   339.4   398.8   963.5  2859.2  18073.0    18056
read      242.8   102.4    80.4   121.5   134.9   220.8   269.0   300.2   324.0   350.7   384.6   432.4   534.2   893.0  1320.6  93865.0    94134
read      254.5    81.6    80.4   137.5   152.7   249.6   286.7   308.5   323.7   340.5   362.5   396.3   466.4   578.5   912.3  37817.0    37808
read      254.4    93.5    80.4   129.3   143.6   242.8   289.6   317.9   336.7   357.6   383.3   421.6   500.5   626.8  1055.1  53380.0    53481
read      250.8   107.7    86.8   146.0   162.0   247.0   273.9   292.0   305.3   320.1   339.6   368.0   430.2   547.3  6644.5  25809.0    25666
read      246.9   114.0    80.4   124.6   138.6   224.2   271.7   301.7   324.6   352.1   387.6   436.0   539.0   961.6  3195.8 109106.0   108853
read      257.8    88.7    80.4   135.6   150.8   251.7   292.6   317.0   333.1   350.1   372.8   407.8   470.6   583.7  1173.6  41827.0    41576
read      257.1   107.2    80.4   127.8   141.4   237.4   290.5   326.1   349.6   373.8   403.4   445.7   526.3   718.5  1745.6  70147.0    70282
read      257.4    88.6    80.4   133.2   148.6   250.0   292.9   319.6   337.0   356.3   379.5   411.4   472.2   592.5  1091.7  45325.0    45769
read      258.5   141.9    80.4   127.0   140.7   231.6   282.7   317.5   341.9   369.0   402.1   450.9   582.3  2002.3  3212.5  92461.0    92383
read      236.6    72.2    93.8   159.3   174.1   230.7   251.8   263.9   272.0   284.0   299.6   328.4   400.2   940.0  2524.1  12195.0    12100
read      252.7   100.3    80.4   125.5   139.2   234.6   285.5   319.1   341.8   366.5   396.5   436.2   517.6   647.2  1110.4  67731.0    67747
read      252.4   101.6    74.4   125.2   139.1   233.6   286.1   319.9   342.3   366.7   395.2   433.9   509.1   695.3  1662.1  69011.0    68933
read      253.4   107.9    80.4   126.2   140.3   236.1   286.3   318.0   340.7   365.4   393.2   430.4   505.9   695.0  3275.2  63351.0    63242
read      256.1   141.9    74.4   125.9   139.6   233.9   285.8   319.9   343.4   370.4   401.4   445.9   538.8   739.6  5634.3  72868.0    72993
read      260.8   109.7    80.4   131.5   146.2   248.2   295.9   325.2   343.0   363.4   388.5   426.7   512.2  1100.9  2539.7  50980.0    51022
read      254.4   110.8    80.4   126.1   139.9   235.4   286.7   320.0   341.9   366.5   395.4   436.9   537.0   801.7  1926.4  67318.0    67069
read      248.9    78.6    86.8   144.9   161.6   244.7   271.4   288.5   301.6   317.9   338.1   367.5   438.5   739.4  1997.8  25172.0    24895
read      254.7   104.2    80.4   126.4   140.1   235.7   287.7   321.0   343.2   368.5   398.8   441.8   528.1   696.4  1151.0  68303.0    68588
read      257.3    97.8    80.4   134.6   149.8   250.3   291.1   315.4   332.2   350.4   372.8   405.2   469.7   685.8  2353.9  42485.0    42706
read      258.5    93.6    74.4   132.2   147.0   248.0   294.8   322.1   340.1   360.5   385.3   422.6   502.9   673.0  1123.4  49584.0    49479
read      253.8   123.8    80.4   125.8   139.8   235.6   287.0   320.2   341.4   365.5   394.2   434.1   508.5   630.2  7019.7  64770.0    64792
read      252.1   102.4    80.4   124.3   138.3   232.0   283.4   318.5   341.3   366.6   397.7   443.3   532.8   720.1   952.2  74166.0    73879
read      257.1    91.4    86.8   142.4   159.0   252.1   285.0   306.3   321.3   337.8   358.0   389.3   459.0   616.6  3621.6  31885.0    31893
read      250.0   114.7    80.4   123.7   137.7   229.5   280.4   313.7   336.8   362.8   393.3   434.2   525.8   748.3  1819.4  74293.0    74262
read      257.9    97.0    80.4   129.5   144.0   244.0   295.1   325.7   344.2   366.6   393.9   432.3   507.0   664.0   848.6  56949.0    57246
read      243.3   104.8    74.4   121.7   135.4   221.1   269.8   300.5   325.0   352.7   386.5   431.8   527.6   757.7  1669.2  91906.0    91617
read      257.6   110.1    74.4   129.4   143.8   243.7   291.9   322.3   341.9   364.3   391.2   429.5   506.9   685.6  3256.6  55281.0    55173
read      249.5   121.3    80.4   125.4   139.4   225.7   273.1   304.2   328.1   355.6   391.1   441.7   550.8  1213.5  3166.6 108364.0   108633
read      239.8    63.1    93.8   153.9   169.8   234.5   257.6   270.1   280.0   293.9   311.9   339.7   405.7   623.0  1949.3  15801.0    15720
read      253.0   150.1    80.4   124.9   138.5   226.8   276.2   310.2   334.3   361.7   395.8   444.2   559.3  2221.3  3375.5  98916.0    99961
read      250.9   114.5    80.4   125.5   139.5   227.1   275.4   308.7   332.6   359.9   393.8   442.5   567.8  1158.7  1611.3 102799.0   102613
read      254.7    95.5    80.4   129.0   143.0   241.6   290.0   320.7   340.8   362.9   389.8   426.7   496.9   624.6   791.5  57421.0    57169
read      257.8    99.6    80.4   130.1   144.3   244.2   293.9   323.4   343.3   365.2   392.2   430.6   508.2   659.4  1435.8  56578.0    56950
read      259.0   122.5    80.4   131.9   146.6   248.5   294.7   323.0   340.5   360.6   384.3   417.9   488.7   656.1  6562.7  50174.0    49938
read      226.1    91.3   109.4   155.5   167.6   216.2   234.1   246.1   254.3   265.7   279.6   308.4   404.1  1824.9  2462.5   5437.0     5383
read      256.9    88.7    80.4   137.5   152.3   250.7   289.5   312.7   328.8   346.0   369.2   403.1   473.1   575.7  1147.7  39267.0    39719
read      256.0    82.2    80.4   138.6   154.3   251.5   287.0   309.6   325.4   341.7   363.6   395.4   463.7   577.2  1535.6  36785.0    36653
read      253.0   112.9    80.4   124.3   138.2   233.5   285.4   319.3   341.4   366.8   396.1   436.7   530.7   697.1  4158.9  69281.0    69482
read      258.8    96.9    80.4   133.2   148.2   249.5   293.1   320.0   338.0   358.5   383.4   418.6   490.0   653.7  2345.2  46947.0    46749
read      256.3   101.2    80.4   127.9   141.5   238.5   290.4   323.1   345.0   368.8   397.9   439.3   527.7   683.9   906.6  65270.0    65109
read      256.9    91.3    80.4   133.4   148.2   248.3   292.2   318.1   335.2   354.3   378.0   414.4   483.4   592.1  1370.1  46263.0    46501
read      252.6   110.4    80.4   127.9   141.5   230.5   278.2   310.3   333.4   360.2   394.8   444.5   547.2  1061.8  1737.4 109619.0   109480
read      249.5   106.5    80.4   124.2   138.0   231.2   280.8   313.0   334.5   358.1   387.0   428.3   518.4   794.7  3314.2  70479.0    69433
read      257.1   123.7    80.4   128.2   141.9   240.1   289.6   320.2   340.4   363.7   391.5   430.2   517.8  1584.7  2575.3  58151.0    58157
read      253.8   128.4    74.4   123.6   137.9   232.5   284.0   317.9   340.1   365.1   396.1   438.5   542.5  1039.6  4618.5  71143.0    70737
read      256.2    83.5    80.4   139.3   154.9   251.4   287.2   309.3   324.3   341.5   363.1   394.4   464.1   593.2  1335.9  34703.0    34617
read      252.5   104.0    80.4   125.5   139.2   231.7   283.5   317.2   340.6   366.6   399.3   444.1   537.3   712.8  1051.5  78015.0    77563
read      249.4   116.2    74.4   124.2   138.2   227.3   276.0   309.5   333.6   360.5   394.3   441.6   537.6   897.2  1661.9  89569.0    90036
read      256.6   142.6    86.8   138.3   153.6   250.7   285.5   306.7   322.2   339.9   362.4   396.4   469.3   677.6  9695.5  36702.0    36689
read      256.1    91.5    80.4   132.3   146.8   248.0   290.8   316.7   334.5   353.8   376.6   411.7   491.0   662.5  1128.2  46848.0    46832
read      253.0   117.3    80.4   126.7   140.2   228.8   278.5   311.4   334.7   361.4   395.4   445.9   573.4  1245.0  2136.5 104951.0   104903
read      259.8   308.6    93.8   156.5   172.7   235.1   257.8   270.8   281.8   296.5   318.8   357.7   617.1  7130.8  9161.1  14179.0    14153
read      248.9    89.4    86.8   149.5   166.1   244.4   270.1   285.5   296.7   312.6   331.5   359.6   429.4   851.6  3468.9  21693.0    21674
read      219.9    66.2   101.3   153.2   165.4   213.4   231.6   242.3   250.1   259.8   272.7   297.0   384.7  1005.1  1950.4   5730.0     5689
read      258.6   103.1    86.8   137.9   152.7   252.6   290.6   314.4   330.8   347.8   369.6   401.3   474.2   773.5  5161.6  37622.0    37781
read      239.6    80.0    86.8   153.4   170.4   235.6   258.1   270.0   279.0   292.0   309.7   337.3   406.3   564.4  1437.6  15368.0    15507
read      247.4   111.6    74.4   123.8   137.9   225.0   272.7   305.8   329.5   356.0   389.9   436.8   540.5   892.2  3577.0 101476.0   102064
read      248.4   100.6    74.4   122.4   136.1   230.2   280.0   312.1   334.4   359.7   391.6   434.7   523.0   681.6  1185.7  71584.0    71340
read      251.6   132.4    80.4   122.7   136.3   227.7   279.4   311.8   335.4   362.0   395.5   442.7   549.2  1384.4  3774.1  79177.0    79815
read      256.5    89.2    80.4   133.7   148.6   249.9   291.0   315.9   332.6   350.5   373.2   408.4   476.5   598.4   965.6  44117.0    44352
read      255.6   190.6    74.4   126.6   140.6   229.1   277.9   310.3   334.0   361.5   395.9   447.2   583.7  1414.0 10482.3 109248.0   109562
read      248.0   102.5    80.4   123.4   137.2   226.3   276.4   310.9   335.2   362.2   393.8   437.8   526.1   732.3   937.5  85991.0    86219
read      256.7    93.8    80.4   131.9   147.0   247.9   290.9   317.8   335.8   355.6   379.8   416.5   490.2   637.9  1599.8  47114.0    47335
read      257.5    88.7    80.4   133.6   149.4   251.0   291.6   317.5   334.2   352.3   374.7   408.2   479.1   601.3  1074.8  41997.0    41962
read      253.8   113.1    80.4   131.0   145.6   246.0   286.7   311.2   328.3   346.1   369.6   405.2   474.9   618.6  4568.5  45946.0    45802
read      231.8    85.5    93.8   154.1   169.0   226.3   246.3   257.9   267.0   276.7   293.0   319.6   389.8   932.9  3965.9  13506.0    13389
read      245.6   132.3    80.4   122.7   136.3   222.5   271.1   302.2   326.0   353.1   387.3   433.3   538.9   885.2  3917.2  95829.0    95780
read      247.5   104.7    80.4   123.2   137.0   226.4   275.0   307.4   330.9   357.8   391.2   437.2   544.2   775.3  1706.7  87542.0    87844
read      253.8   108.5    80.4   127.2   141.4   241.3   287.9   317.4   336.6   357.7   384.1   424.4   504.7   749.3  1521.4  55938.0    55903
read      247.6   146.6    80.4   124.0   137.8   224.9   273.8   306.3   330.7   357.0   389.6   436.2   539.6   807.3  1350.5 100450.0   100902
read      249.2   101.5    80.4   123.1   137.2   231.0   282.1   314.2   336.6   361.2   390.5   432.2   512.0   647.7  1405.3  71378.0    70988
read      254.8   100.3    80.4   128.9   143.0   244.4   290.8   318.7   337.3   357.8   382.6   419.8   499.8   638.3   919.4  53754.0    53831
read      248.3    86.1    86.8   143.1   160.0   245.2   272.6   289.4   302.1   318.0   337.3   365.1   425.6   542.6  4783.5  27283.0    26948
read      253.9   127.8    86.8   138.7   154.3   249.0   281.6   301.2   315.7   332.8   353.4   385.8   455.8   599.0  7489.2  32529.0    32347
read      255.4   102.4    80.4   133.4   149.1   249.6   288.5   312.3   329.4   347.6   368.9   400.0   469.4   587.4  2371.8  40893.0    41050
read      256.3   124.2    80.4   127.5   141.3   241.0   289.9   318.5   337.5   358.7   384.6   424.1   512.2  1488.4  3585.8  56175.0    56197
read      242.3   107.7    74.4   120.6   133.7   220.5   269.6   300.1   324.1   351.5   384.4   430.0   526.8   760.2  1716.0  94679.0    94617
read      251.1   104.3    80.4   123.8   137.7   230.6   283.6   317.4   339.4   363.9   394.8   437.3   533.7   767.8  1089.5  72026.0    71839
read      248.1   104.2    74.4   122.5   135.9   228.0   278.1   310.9   334.3   361.2   393.2   436.1   523.8   687.0  2072.5  79040.0    79082
read      244.6   106.6    80.4   122.9   136.4   222.1   269.6   299.7   323.7   351.3   385.5   434.3   546.9   925.8  1791.9 107297.0   107630
read      252.2    99.3    80.4   127.5   140.9   237.4   286.8   316.3   337.2   360.0   387.3   425.9   499.9   646.1   999.4  60345.0    60164
read      247.0   107.0    74.4   123.5   137.0   224.3   273.8   306.6   331.1   358.0   391.1   437.4   545.0   868.9  1180.8  97851.0    97878
read      252.2   125.1    74.4   125.2   138.8   234.6   284.2   314.7   335.9   359.0   387.4   428.3   511.2   782.5  4785.1  64318.0    63680
read      245.2   101.4    74.4   121.3   134.5   226.1   276.0   309.7   332.1   355.7   385.2   425.9   514.0   726.6  1802.4  73909.0    73888
read      251.6   110.1    74.4   123.9   137.5   233.8   285.3   317.6   339.2   362.9   390.8   430.6   516.8   729.6  3270.0  65608.0    65499
read      246.8   122.4    74.4   123.0   136.7   223.0   271.8   304.2   328.1   354.7   388.6   435.0   543.3   982.7  3720.6  97071.0    96906
read      246.4   107.1    80.4   123.9   137.6   224.6   272.3   304.4   327.4   353.7   387.4   435.0   539.9   855.5  2082.8 103082.0   103287
read      254.0   104.1    74.4   129.0   143.4   246.0   290.3   315.7   333.8   353.6   376.2   411.0   487.1   631.9  1080.8  49625.0    49664
read      253.7    81.5    80.4   140.5   156.5   250.2   282.4   301.7   316.8   334.0   354.2   384.6   445.0   548.8  2001.6  32333.0    32535
read      258.0   100.6    80.4   131.5   146.2   248.6   291.9   318.3   335.8   355.1   379.0   416.8   506.5   984.6  2318.1  46364.0    46477
read      222.6    69.1   101.3   154.5   167.0   216.2   234.3   245.3   252.5   263.0   275.1   303.7   373.9   991.7  2824.1   7606.0     7459
read      248.8    99.6    74.4   123.2   137.3   230.0   280.9   314.0   336.8   361.4   391.3   433.1   513.4   663.8  1069.1  73063.0    74137
read      252.6    97.3    80.4   127.5   141.2   240.3   288.6   316.5   335.3   356.2   381.8   421.1   499.1   642.2  1001.6  56900.0    57061
read      250.3    75.1    80.4   138.5   153.4   248.1   280.8   299.6   313.8   329.9   348.8   379.0   436.5   537.6   992.6  33941.0    34213
read      223.7   118.4    93.8   152.3   164.4   213.3   232.5   243.7   251.3   261.2   273.3   299.1   398.8  2397.2  4483.6   7549.0     7432
read      251.7    88.0    80.4   133.3   148.6   246.2   284.3   307.3   324.2   341.6   364.2   396.5   462.6   581.3  1081.7  41480.0    41605
read      252.9    92.6    86.8   138.6   154.7   249.8   281.6   300.3   315.7   332.4   351.3   379.9   439.4   796.6  3340.7  33204.0    32998
read      248.4    97.4    80.4   124.1   138.0   234.3   283.0   313.2   333.7   355.2   381.7   420.4   496.4   598.2  1081.0  61898.0    61636
read      251.2   107.7    80.4   125.0   139.1   234.4   285.5   317.1   338.5   361.9   389.8   428.9   503.0   640.8  2293.3  64685.0    64695
read      233.1    87.8    93.8   151.4   166.6   228.8   249.9   261.8   270.1   281.1   297.1   322.5   377.0   971.5  3180.8  14288.0    14063
read      240.9   100.4    80.4   120.0   133.2   218.9   268.9   299.8   323.7   350.3   383.1   429.3   519.8   687.8  1744.0  90876.0    91302
read      220.2    69.7    93.8   154.0   165.1   213.5   231.5   242.0   249.8   259.7   273.3   297.0   372.1  1094.2  1945.1   6077.0     6064
read      254.8   120.9    86.8   134.4   149.4   247.2   284.7   307.0   323.4   341.7   364.8   399.0   471.4   938.3  4565.5  40875.0    41354
read      241.0    92.6    93.8   148.9   165.2   236.8   260.5   272.5   283.4   296.2   314.5   341.8   411.3   753.6  5542.9  19843.0    19863
read      238.7    96.2    86.8   147.0   163.5   232.4   256.3   269.0   278.2   292.7   311.0   337.6   414.0  1531.2  2383.6  19584.0    19488
read      233.5    92.4    93.8   151.9   167.0   227.7   249.1   261.0   269.3   279.7   296.0   323.1   393.4   970.7  3711.4  14194.0    14040
read      239.3    71.4    86.8   150.1   166.4   235.8   258.7   271.0   280.6   292.8   310.5   338.9   405.0   953.0  3005.2  19482.0    19538
read      245.5    73.2    80.4   150.5   167.9   241.4   265.8   279.0   291.2   305.9   324.0   351.9   416.9   798.8  2031.7  20336.0    20199
read      244.8   108.4    80.4   123.6   137.1   221.9   270.0   300.4   323.6   351.4   386.6   434.9   535.7   979.9  1857.3 106392.0   106657
read      241.1   124.5    74.4   119.9   132.9   218.1   267.6   296.9   321.9   350.1   382.4   429.1   522.3   777.2  4558.4  92532.0    92457
read      238.4   103.9    74.4   119.4   132.3   217.3   266.1   295.3   320.1   346.3   378.8   424.0   506.9   671.5  1705.4  92619.0    92780
read      247.6   112.1    74.4   123.1   136.9   230.4   279.7   310.0   332.0   355.7   384.4   424.5   500.7   683.7  4172.6  67594.0    68203
read      241.5   104.5    74.4   119.7   132.8   221.3   271.2   302.2   326.3   351.5   382.6   426.9   508.5   646.9  1014.7  81664.0    81753
read      249.1    99.6    80.4   124.7   138.8   236.8   284.0   313.4   332.9   353.2   377.5   416.1   491.0   586.3  1922.8  57558.0    57748
read      240.3    84.0    93.8   147.5   163.7   236.3   261.2   273.6   284.6   296.6   315.7   343.6   401.6   795.4  3210.6  20899.0    21027
read      258.1   131.3    74.4   129.2   144.1   245.3   289.3   316.2   334.3   354.0   378.5   419.7   508.3  1971.0  3605.3  49492.0    49680
read      244.1   107.7    80.4   121.3   134.7   223.5   273.3   305.4   329.5   355.1   385.3   428.1   513.8   687.4  2007.4  81947.0    82042
read      250.6   128.0    74.4   121.8   135.4   225.0   274.4   308.4   332.8   360.1   393.5   443.5   609.4  1528.6  3175.1  93840.0    93691
read      254.6    87.2    86.8   132.0   147.2   247.6   289.5   315.1   332.3   350.3   372.2   404.0   469.8   582.5  1143.8  45209.0    45291
read      251.4    83.1    80.4   141.3   157.7   247.7   277.9   297.0   311.0   326.6   345.9   373.9   448.6   557.5  2368.6  30406.0    30437
read      246.7    98.2    74.4   122.2   135.5   230.3   278.8   309.8   332.0   356.4   385.8   425.8   504.6   662.0  1169.3  67369.0    67422
read      246.4    97.0    80.4   122.3   135.9   228.9   278.8   311.3   333.0   356.3   384.8   426.3   506.4   637.1   864.1  70228.0    69956
read      253.2   117.1    80.4   137.7   152.3   247.5   280.8   301.0   316.1   333.5   355.1   391.2   461.7   655.3  4019.7  35486.0    35404
read      242.6   100.3    74.4   119.6   132.8   221.9   272.4   305.0   328.0   353.2   385.6   431.2   513.4   677.8  1001.9  80272.0    80225
read      249.9   148.1    80.4   124.8   138.9   225.1   272.4   304.7   328.9   356.1   391.1   439.5   548.3  1213.8  6659.4 105477.0   105585
read      237.6    62.0    93.8   147.2   163.5   233.4   257.7   270.8   281.5   295.5   314.5   342.8   399.0   693.5  1073.3  20000.0    20088
read      231.1    86.2   101.3   153.1   168.6   226.0   245.6   256.2   265.2   274.1   290.1   316.5   377.9   954.4  3170.7  12566.0    12672
read      236.5    72.3    93.8   152.5   168.3   232.1   254.0   266.6   274.7   287.8   304.1   331.6   395.0   533.9  3345.1  15631.0    15696
read      248.0    75.5    86.8   144.1   160.6   245.3   272.2   288.5   300.4   316.5   335.6   364.6   432.5   543.6  3040.4  26022.0    25951
read      253.2   152.3    80.4   123.8   138.0   233.1   283.2   315.2   337.2   360.8   388.2   427.2   509.5  1634.7  4693.7  64724.0    65007
read      225.9    62.4   101.3   155.7   169.6   221.1   239.4   250.2   258.0   268.0   280.8   306.6   369.4   940.2  1185.2  10366.0    10189
read      239.4    96.5    80.4   119.4   132.3   220.3   270.4   300.3   322.8   346.3   376.6   419.4   498.2   656.0   844.4  78011.0    78008
read      224.1    79.6    93.8   151.4   164.4   219.6   238.9   250.2   258.3   268.7   282.7   308.3   369.0   893.7  1998.2  12561.0    12678
read      233.8    83.4    86.8   150.3   165.8   229.3   251.1   263.2   271.2   282.7   298.3   327.4   386.3   945.8  3622.0  15905.0    15922
read      256.7   131.3    80.4   132.3   147.4   247.1   286.5   310.3   327.1   344.6   367.8   401.5   489.2  2289.8  3670.3  41420.0    41774
read      251.6   114.9    80.4   134.9   150.6   246.5   282.7   304.0   319.2   335.8   355.5   385.0   446.0   562.6  5342.5  38794.0    38788
read      248.9    83.1    86.8   138.2   152.8   245.5   276.4   296.2   311.6   328.1   346.0   374.5   436.4   594.0  1856.8  34178.0    34559
read      249.9    92.1    80.4   126.8   140.9   238.9   284.4   311.6   330.1   349.7   374.3   411.9   492.9   648.3  1174.2  54857.0    54825
read      254.4   110.6    80.4   133.0   148.4   248.7   287.6   311.4   328.4   346.1   368.9   402.1   467.2   568.9  1467.0  42712.0    42697
read      234.2   100.6    93.8   155.0   171.2   228.3   249.1   261.0   269.2   279.3   295.0   321.2   378.1   968.2  5025.8  12717.0    12669
read      251.6   101.3    80.4   125.0   139.0   233.5   284.7   317.7   340.9   365.2   393.8   434.2   515.1   647.1  1802.5  69865.0    70047
read      248.0   103.2    80.4   124.7   138.2   226.3   275.0   308.7   333.7   360.9   392.5   436.7   524.6   854.3  1340.1  95933.0    96137
read      246.7   133.4    80.4   122.1   135.9   222.4   272.3   304.0   327.8   354.7   387.9   434.8   546.2  1055.7  5004.6  93107.0    92934
read      240.2    67.0    93.8   147.8   164.3   236.4   260.4   272.9   284.2   297.0   317.3   343.3   399.4   985.2  1272.3  20678.0    20597
read      248.1   120.2    80.4   122.7   136.4   231.1   281.8   313.5   334.8   356.8   383.7   421.8   496.1   639.8  5851.1  65932.0    66597
read      252.9   102.6    80.4   126.8   140.6   238.8   287.6   317.1   337.2   359.5   387.2   428.5   503.2   645.9  3233.2  59921.0    59987
read      253.1   103.6    74.4   126.3   140.3   239.6   288.8   318.7   338.2   359.0   383.9   422.5   503.3   678.3  3048.4  58375.0    58456
read      249.0    93.4    74.4   124.8   139.0   236.7   285.3   314.4   333.5   353.7   378.3   416.2   490.8   620.7   945.4  59737.0    59958
read      239.8   107.0    74.4   119.5   132.8   217.4   266.0   295.2   319.4   345.8   379.1   426.3   529.3   843.9  2098.4  98653.0    98221
read      250.8    96.4    80.4   126.4   140.5   238.7   285.7   314.0   333.9   355.7   381.7   418.1   491.6   654.1  1112.3  55966.0    55912
read      256.2   104.7    80.4   136.5   151.5   250.0   287.3   309.7   325.4   343.4   366.3   399.5   467.2   848.7  4406.8  38922.0    39018
read      240.5    63.0    86.8   149.9   166.6   237.3   261.4   273.3   284.0   296.1   315.1   343.5   399.8   498.0  1169.5  18607.0    18747
read      253.0   122.6    80.4   126.6   140.4   237.1   288.5   318.7   338.8   360.5   385.9   422.5   499.0   621.4  5358.0  59773.0    60013
read      243.6    99.4    74.4   121.7   135.0   222.5   271.9   304.0   328.2   353.5   387.5   433.4   518.1   668.8  1126.4  85260.0    85584
read      243.8   114.0    74.4   121.1   134.4   222.9   272.1   302.8   326.7   352.5   384.3   430.6   526.6   692.6  1997.2  85248.0    84809
read      245.9   103.9    80.4   121.6   135.2   223.7   273.9   307.1   332.7   360.3   392.3   436.6   528.1   691.8  2071.5  85106.0    85435
read      245.0   112.1    80.4   122.0   135.3   222.1   271.6   303.8   327.5   353.3   386.1   432.4   543.1   925.9  3036.5  94516.0    94907
read      236.0    72.6    93.8   150.4   166.8   230.8   252.5   265.0   273.3   287.0   305.0   334.6   401.2  1138.2  1989.4  16286.0    16437
read      248.3   104.4    80.4   122.7   136.5   228.4   279.2   314.1   337.3   361.7   390.8   431.5   514.4   669.3  1753.5  78445.0    78505
read      248.1   101.1    74.4   123.0   136.6   228.9   279.1   311.7   334.9   360.6   391.3   433.1   517.9   671.6   905.1  77441.0    77219
read      239.9    99.9    80.4   119.1   132.3   219.4   269.1   298.9   323.7   349.2   380.2   423.9   507.7   656.4  1759.7  86146.0    86414
read      248.7   100.0    80.4   122.9   136.7   230.3   281.8   314.4   336.5   360.7   390.3   431.8   512.1   644.9   789.0  73278.0    73427
read      245.0   109.6    74.4   122.8   136.6   222.7   270.5   302.2   326.5   353.3   386.6   433.4   541.2   850.6  2234.5 100118.0   100497
read      244.2   102.7    74.4   121.9   135.7   221.6   270.6   302.5   326.7   353.6   387.9   436.0   538.1   787.7  1089.8  96540.0    96416
read      246.1   126.7    80.4   120.9   134.4   227.1   276.4   307.9   329.8   353.7   382.6   424.0   507.0   814.9  4017.6  71790.0    71637
read      253.2    79.0    86.8   138.7   154.5   249.6   283.9   304.2   319.0   335.6   355.5   386.2   445.6   583.9  1094.9  33384.0    33216
read      252.0   101.0    80.4   126.0   140.1   238.9   287.8   316.9   335.9   357.4   383.7   419.8   491.8   643.3  2151.9  58810.0    58699
read      255.2   103.7    86.8   129.7   143.8   243.0   291.1   320.2   339.0   360.3   385.8   422.4   496.1   613.3  2497.3  53604.0    53809
read      247.8    99.5    80.4   122.4   136.1   228.6   280.4   313.6   335.6   360.0   390.3   431.0   511.1   662.4  1270.0  72841.0    72797
read      245.6   112.5    74.4   123.6   137.6   223.0   270.8   301.4   324.8   350.6   384.6   430.8   537.6  1064.4  2354.2 107152.0   107267
read      253.6    96.7    80.4   128.4   142.3   241.9   289.4   317.7   336.9   358.4   384.1   419.0   488.6   595.4  1772.0  56312.0    55877
read      246.9    99.0    80.4   122.6   136.4   229.3   279.6   311.7   333.5   356.9   385.3   425.0   505.6   685.7  1458.2  70534.0    70507
read      253.8    86.7    80.4   131.1   146.0   247.6   290.3   315.2   332.0   349.5   371.7   403.0   470.1   572.9   702.9  46592.0    46741
read      256.4   115.9    80.4   138.2   153.6   250.5   286.2   307.5   322.5   339.6   360.9   391.9   460.3  1083.9  3192.4  36643.0    36507
read      254.0   147.0    86.8   140.6   156.7   247.1   277.6   295.7   310.3   326.5   345.3   374.3   451.3  2223.7  6358.4  30728.0    30697
read      248.2    76.6    86.8   145.6   162.1   244.4   272.1   289.4   302.1   316.8   336.3   365.7   425.8   531.3  1849.0  25288.0    25261
read      247.6    73.8    86.8   144.8   161.4   244.6   271.9   288.9   301.3   316.1   335.1   363.1   424.5   582.5  2244.5  24918.0    25212
read      252.6    78.7    74.4   139.4   154.9   249.9   283.1   302.6   317.2   334.3   354.4   384.3   445.5   546.7  1932.0  33899.0    33805
read      245.4   104.6    80.4   121.6   135.0   226.2   276.7   308.6   331.3   355.9   384.8   426.9   507.7   689.0  1223.1  76357.0    76345
read      240.9    98.5    74.4   121.5   134.7   220.0   269.1   298.8   321.7   348.3   381.2   426.0   508.5   684.6   933.0  95430.0    95558
read      250.1    85.7    80.4   142.5   158.9   246.2   275.0   293.4   307.2   322.5   341.6   371.8   432.8   603.0  3342.6  28643.0    28428
read      243.9    64.3    86.8   147.4   164.9   240.2   265.2   278.6   291.1   305.8   323.7   354.3   421.7   581.8   995.5  21730.0    21673
read      244.5   109.5    74.4   121.2   134.5   222.4   272.6   305.1   329.5   356.7   388.8   433.8   526.3   700.1  3811.3  89033.0    89018
read      256.1   109.1    74.4   132.2   146.9   247.9   289.9   314.7   332.0   350.8   373.3   409.3   488.1   669.7  3801.7  46849.0    46753
read      252.5    82.7    80.4   137.9   154.2   249.6   282.3   301.5   317.2   333.5   351.8   381.5   448.4   548.9  1852.9  34170.0    34034
read      252.7   103.7    80.4   129.5   144.3   244.4   286.0   310.3   327.1   345.1   369.0   404.9   476.9  1154.3  2510.2  47553.0    47329
read      250.6    98.6    80.4   126.2   140.5   238.5   285.7   313.4   332.8   354.0   379.4   417.2   491.2   627.6  2250.2  57135.0    56893
read      254.9    84.2    80.4   136.2   151.9   250.6   287.5   310.8   327.1   343.5   365.3   396.8   455.5   542.5  1242.6  38604.0    38690
read      243.6   102.7    74.4   120.3   133.6   222.6   273.5   306.5   329.5   355.4   386.0   429.5   517.2   681.1  1252.4  79817.0    79988
read      239.9   113.4    74.4   121.2   134.7   217.2   264.4   293.0   316.4   343.2   375.4   422.7   532.3  1020.0  1837.9 107494.0   107429
read      252.3   105.2    80.4   134.0   149.0   247.8   285.7   307.3   322.6   339.6   361.3   394.7   464.3   577.7  1977.7  43915.0    43713
read      243.9    98.1    74.4   121.4   134.7   224.9   275.2   307.3   330.4   354.4   383.3   424.9   503.6   651.2  1089.3  76829.0    76624
read      245.5   100.7    74.4   122.3   135.9   227.1   277.9   310.4   333.1   356.7   384.4   423.8   501.7   644.1   848.4  71660.0    71700
read      256.8   142.3    80.4   134.4   150.1   249.7   288.2   311.0   326.7   343.7   366.3   399.6   468.0   665.8  7250.0  40769.0    40703
read      248.2   140.9    74.4   123.0   136.9   224.2   273.5   305.4   329.7   357.0   390.0   436.5   540.2   960.1  6223.2  94793.0    95489
read      243.2   132.4    86.8   152.9   170.3   237.2   260.2   272.2   282.4   294.5   314.7   341.9   401.0   986.7  7766.3  18554.0    18531
read      236.5   101.0    80.4   119.1   132.2   215.3   263.3   291.6   314.8   340.9   372.5   419.1   506.3   821.2  1573.4  99054.0    99369
read      252.3    79.3    80.4   143.3   160.6   248.8   278.1   296.2   310.2   325.8   345.1   376.8   445.7   598.2  1964.3  29618.0    29286
read      255.4   100.5    86.8   133.5   148.7   248.8   288.3   311.5   328.1   346.3   370.7   405.4   472.1   610.7  2024.9  43172.0    42988
read      245.1    99.7    80.4   122.0   135.8   227.7   276.8   306.3   327.9   352.3   382.7   422.1   501.4   786.3  1477.1  69024.0    69249
read      223.9   115.0    93.8   156.0   168.9   217.1   235.0   245.8   252.7   262.3   273.1   297.8   371.6   985.3  7083.1   8117.0     7889
read      257.7   161.5    80.4   129.4   143.9   242.6   287.9   315.2   333.8   354.3   379.3   417.8   497.2  2475.4  4734.6  51235.0    51783
read      255.1    90.6    80.4   137.1   152.2   249.9   286.9   309.9   325.9   343.0   365.2   397.8   460.5   569.1  2128.1  38797.0    38634
read      246.2   106.0    80.4   121.7   135.1   222.9   273.2   306.4   331.5   358.4   390.7   437.6   546.5   930.7  1227.3  85914.0    86204
read      241.9   113.2    74.4   122.9   136.4   220.5   267.3   295.9   318.6   344.7   377.3   425.7   514.8  1000.5  3679.6 109414.0   109534
read      253.9    88.6    74.4   132.3   147.1   247.5   288.8   313.8   331.0   349.1   371.0   401.9   471.2   574.1  1121.5  45215.0    45136
read      248.5    99.2    80.4   124.3   137.9   234.9   282.6   312.4   332.5   354.4   380.9   419.3   493.4   638.7  2243.6  60025.0    59949
read      246.4    94.4    74.4   123.1   137.0   232.4   281.4   311.3   331.2   352.2   377.2   415.0   488.7   623.6  1232.6  61411.0    61681
read      246.6   111.3    80.4   121.4   135.0   226.0   276.8   310.2   333.1   358.7   389.8   432.0   512.7   686.7  3535.4  76803.0    76329
read      250.4    85.7    80.4   130.5   145.4   244.8   284.2   306.9   323.8   342.3   364.9   397.5   465.9   580.0  1178.4  44553.0    44322
read      241.6    95.8    86.8   147.2   164.0   237.2   261.5   273.7   285.3   298.4   316.9   344.1   402.4   930.6  4262.2  20736.0    20698
read      238.9   100.1    80.4   119.2   131.9   218.3   268.5   298.1   322.0   347.4   377.8   424.0   506.4   667.1  1524.2  84185.0    84853
read      241.7   100.6    74.4   120.5   133.5   222.8   272.9   303.7   327.0   350.8   379.2   420.2   498.8   638.8  2224.5  75776.0    75889
read      246.6   126.7    80.4   121.7   135.2   221.5   270.1   301.4   327.7   355.7   390.1   437.9   554.4  1412.7  2571.5  98326.0    98396
read      257.8   154.3    80.4   128.4   142.6   241.7   288.6   317.9   337.1   358.0   383.0   421.9   505.3  2534.2  5377.6  53657.0    53818
read      245.6    69.0    86.8   143.8   160.0   243.1   269.9   285.6   296.9   312.7   332.2   362.5   425.8   535.6  1303.1  26196.0    26200
read      254.6   107.1    80.4   128.2   142.0   242.3   290.7   319.0   337.7   359.1   385.4   421.7   495.1   662.8  4117.5  54365.0    54761
read      233.4    85.2   101.3   155.1   170.5   227.7   247.8   258.7   266.9   275.2   292.9   325.2   389.3   985.1  3175.4  12370.0    12268
read      254.6    94.6    80.4   129.2   143.3   243.7   290.0   318.2   337.8   359.0   383.6   420.1   495.5   588.3  1152.6  52224.0    52324
read      237.6   103.3    74.4   120.8   134.0   215.5   263.5   291.6   314.9   342.3   375.3   422.8   517.1   763.3  1506.6 106820.0   106440
read      223.7   100.9    93.8   155.4   168.1   215.4   234.0   245.3   252.7   262.8   274.0   297.9   382.6  1537.2  3961.1   7331.0     7154
read      243.3   100.4    74.4   121.2   134.7   223.0   272.2   303.0   326.5   352.7   384.8   428.0   512.5   797.6  1273.0  86652.0    87362
read      251.4    95.8    80.4   132.0   146.6   245.6   284.4   307.4   324.6   342.4   364.5   396.8   464.7   562.7  3098.1  43600.0    43716
read      249.7    94.3    86.8   143.5   160.0   245.6   272.9   290.4   303.7   319.6   339.8   369.5   432.5   590.6  3966.2  26988.0    26737
read      254.3   111.6    80.4   134.5   149.6   248.1   286.7   310.5   327.6   345.4   368.0   399.0   462.5   583.5  2189.7  41241.0    41596
read      246.6   129.0    80.4   121.9   135.8   224.4   273.7   305.6   329.5   356.0   389.9   435.9   536.3   857.5  1961.8  84973.0    85490
read      246.7   118.2    74.4   122.2   136.2   226.8   276.9   309.5   332.9   358.1   389.2   430.8   508.7   650.4  2455.8  77359.0    77612
read      250.5   105.0    74.4   123.0   137.0   229.9   281.0   314.5   337.7   363.2   394.2   438.8   544.6   842.6  1266.8  77585.0    78124
read      251.2   114.9    74.4   123.8   137.9   232.1   283.4   315.9   338.5   363.1   392.1   432.7   519.8   687.3  3703.6  69518.0    69632
read      254.9    84.2    80.4   134.9   150.3   249.2   288.6   312.2   328.1   344.5   366.4   398.3   465.8   610.3  1388.0  39348.0    39180
read      236.1    66.2    86.8   152.0   167.6   231.8   253.9   266.4   274.4   287.9   304.8   331.2   388.0   934.3  2105.5  15785.0    15803
read      253.4    98.3    80.4   136.4   151.1   249.6   285.6   307.0   321.9   338.3   358.5   389.2   451.4   558.9  4158.3  37339.0    36987
read      245.2    86.9    93.8   150.6   166.9   240.2   265.2   278.8   291.4   306.7   325.3   349.4   409.8   894.8  3494.2  19875.0    19833
read      262.1   111.2    80.4   132.7   147.9   250.6   297.4   325.5   343.7   364.1   388.6   424.2   505.8  1389.7  2154.2  46781.0    46567
read      257.3   118.1    80.4   129.1   143.7   242.5   293.1   323.5   343.0   364.9   391.3   428.2   503.7   680.4  3994.9  57629.0    57368
read      253.8    84.8    80.4   137.1   152.4   249.6   285.7   307.3   321.4   337.7   358.3   390.3   456.9   594.6  1483.8  35995.0    36003
read      247.5   105.1    80.4   122.6   136.3   230.2   280.1   311.0   333.1   356.8   384.4   424.6   503.9   789.2  1585.1  68570.0    68916
read      243.6   100.9    74.4   121.3   134.5   222.0   271.2   303.5   327.7   354.9   387.6   432.7   526.4   765.7  1139.1  93651.0    93229
read      254.0    97.9    80.4   130.7   145.3   246.2   287.9   314.3   332.1   350.6   372.0   403.5   471.8   715.2  2363.1  46469.0    46632
read      246.8   101.6    80.4   124.1   137.8   224.4   273.5   306.8   331.3   358.8   391.8   436.5   529.2   748.6  1064.2  93324.0    93663
read      245.6   100.8    74.4   124.8   138.8   224.5   272.0   302.8   326.4   352.6   386.6   433.5   525.4   729.7  1352.9 106488.0   106418
read      251.3    95.7    80.4   126.2   140.1   237.5   286.7   316.7   336.5   358.2   384.9   423.7   499.7   630.0   745.5  60524.0    60496
read      242.1   100.7    74.4   123.5   137.3   221.0   268.1   296.6   319.7   345.9   380.0   427.5   518.4   801.6  1577.8 109346.0   109057
read      250.7   119.0    80.4   123.3   137.4   224.8   275.1   308.6   333.3   360.8   395.9   447.6   593.5  1233.5  2448.9  96905.0    96861
read      251.5   130.7    80.4   123.9   137.8   227.8   278.7   313.6   338.0   365.0   397.7   445.2   550.9   834.3  3544.4  86158.0    86255
read      249.0    86.2    93.8   144.5   161.5   245.4   272.2   288.7   301.1   317.0   337.0   367.1   424.7   896.6  3389.4  25683.0    25686
read      235.8    81.6    86.8   151.3   167.0   232.0   253.4   265.9   274.0   286.9   303.4   331.3   394.8   898.2  2827.1  17471.0    17483
read      253.1   118.4    86.8   141.0   157.4   247.9   277.0   295.0   309.5   325.8   344.3   373.1   437.8  1716.1  6022.4  29167.0    29211
read      253.2    92.1    80.4   127.9   142.0   242.2   289.8   318.1   336.7   357.2   382.2   418.8   485.5   589.8   707.2  55045.0    55328
read      245.0   101.2    80.4   122.5   136.0   223.2   273.7   307.1   331.1   357.4   389.2   432.9   524.6   710.9   985.3  87838.0    87592
read      247.0    68.2    86.8   147.7   164.2   244.2   270.6   285.8   296.7   311.8   330.0   358.0   417.4   593.8  1915.4  24141.0    23882
read      254.0    89.3    80.4   132.9   148.0   247.2   288.9   313.4   329.7   346.6   367.8   400.0   476.7   606.6  1060.5  44897.0    44790
read      229.5    74.4    80.4   153.5   168.2   224.4   244.7   255.6   264.7   273.9   291.1   318.2   377.8   940.1  3331.3  12332.0    12236
read      257.1   117.4    74.4   133.7   148.6   249.3   290.1   314.6   331.0   347.9   370.7   403.4   469.0  1344.3  4252.5  42225.0    42928
read      243.1   147.4    74.4   121.1   134.7   218.5   266.4   295.6   319.7   346.3   381.2   430.0   535.4  1185.2  6195.0 103369.0   103959
read      241.7   126.6    74.4   120.6   134.0   218.3   267.6   297.2   321.4   349.0   383.1   429.8   529.7   847.9  3898.2  97493.0    97347
read      249.9    97.9    80.4   124.4   138.3   232.6   283.7   315.5   337.7   361.7   390.1   429.2   508.0   627.8   986.2  68678.0    68379
read      244.6   109.4    74.4   121.4   134.8   222.1   271.7   302.7   326.7   353.5   385.6   431.5   533.6  1053.6  1984.5  92375.0    92596
read      224.2    54.9    93.8   154.4   167.8   220.0   238.4   249.3   256.7   266.3   276.8   303.2   365.2   950.1  1098.7  10209.0    10055
read      252.7    84.3    86.8   141.8   158.3   249.8   280.6   297.8   312.8   329.1   347.0   379.1   439.1   544.2  2290.6  29679.0    29634
read      227.9    57.9   101.3   158.0   171.1   222.7   242.2   252.8   261.3   270.8   285.4   312.1   373.2   938.1  1393.0   9385.0     9324
read      250.6    74.6    86.8   140.7   156.7   246.8   278.0   296.9   311.8   328.0   346.5   376.1   438.7   633.5   987.0  29628.0    30076
read      244.8   116.0    74.4   123.2   136.8   222.7   271.0   301.7   325.9   352.8   385.4   432.0   528.3   787.6  4232.7 100428.0   100150
read      249.5   105.7    86.8   143.5   159.5   245.2   272.9   290.7   303.8   318.4   337.6   366.4   431.1   986.2  2529.1  27733.0    27527
read      247.9   135.5    74.4   124.1   138.0   224.3   273.4   306.0   330.2   356.3   389.3   436.3   534.7   903.3  7094.0  95069.0    95171
read      253.5    83.4    74.4   135.0   150.3   249.6   287.1   308.9   324.4   341.2   362.6   393.8   461.5   568.6  1017.1  40486.0    40523
read      228.3    82.1    86.8   154.5   168.4   222.8   241.0   251.4   259.6   269.6   284.5   313.0   385.8   981.2  3898.3  11493.0    11422
read      221.8    74.6    93.8   153.6   166.4   216.6   234.4   245.5   252.9   263.5   275.5   300.6   365.3   922.2  4782.2   9129.0     9200
read      251.4    84.8    80.4   131.4   146.3   246.9   286.2   309.4   324.8   341.7   362.7   393.6   463.5   600.3  1531.5  42792.0    42816
read      232.4   116.7    93.8   156.3   171.8   225.4   245.8   257.3   266.0   274.6   290.7   316.9   383.8   996.3  6427.6  10700.0    10698
read      246.9    81.9    93.8   148.5   164.7   243.3   269.2   284.3   295.7   311.7   330.4   357.1   418.9   544.3  1973.9  22514.0    22301
read      255.1    89.7    80.4   131.2   145.7   246.7   291.1   317.1   335.5   355.4   378.0   412.2   484.4   579.8   685.1  48106.0    48159
read      252.6    92.3    80.4   134.8   150.1   248.7   285.3   307.2   322.5   340.0   361.6   392.4   454.2   576.7  3611.0  39847.0    39987
read      249.3    75.7    86.8   138.1   153.9   245.8   277.7   297.1   312.1   328.6   347.0   376.0   439.2   577.7  1011.7  32870.0    33067
read      251.0   111.8    80.4   125.4   139.2   234.7   285.6   316.4   336.9   359.8   387.3   424.9   494.7   645.2  2899.0  62683.0    62704
read      250.7    91.1    80.4   127.4   141.3   240.6   285.7   313.2   332.6   353.6   378.3   413.0   482.3   576.6  1221.5  53044.0    52778
read      244.6    99.9    80.4   121.5   134.8   225.5   276.4   307.2   329.8   354.6   384.5   426.6   507.0   667.9  1553.4  75915.0    75981
read      245.6    98.0    74.4   121.9   135.4   227.5   278.2   308.3   330.3   355.1   384.8   427.0   512.2   680.5   909.1  74724.0    74522
read      231.8    66.6    86.8   153.2   168.3   227.3   247.7   259.1   267.5   276.2   292.4   321.6   392.4   934.1  1061.3  14802.0    14533
read      225.8   189.7   101.3   151.8   163.7   211.0   229.2   239.2   247.5   256.2   270.3   297.5   445.2  2400.0  7969.8   5617.0     5566
read      244.9    98.3    74.4   121.3   134.9   226.2   276.1   307.6   331.0   355.7   385.8   428.0   507.4   637.4  1168.5  76816.0    78062
read      248.5   102.6    74.4   123.2   136.9   227.7   279.6   313.2   336.5   362.0   392.7   435.2   521.1   742.0  1048.3  81984.0    82399
read      249.9   126.5    80.4   126.3   140.2   227.4   275.1   306.2   329.3   356.1   390.0   437.0   542.2   942.7  3291.6 108506.0   108638
read      250.5   116.3    74.4   123.3   137.1   227.0   278.2   311.4   335.7   363.6   396.9   444.5   566.1   913.1  1578.3  93225.0    93541
read      254.3    96.1    80.4   131.2   146.1   246.6   288.7   313.9   331.6   350.6   372.8   405.3   473.5   621.3  3060.2  47182.0    47145
read      257.1   123.3    80.4   129.5   143.7   233.3   283.6   316.2   339.7   366.8   400.0   450.1   559.6  1186.3  4073.4 109498.0   109796
read      246.2    78.9    80.4   142.3   158.4   243.2   270.2   286.9   299.7   315.7   335.4   364.1   425.4   580.7  2636.2  26572.0    26597
read      223.4   102.1   101.3   152.8   165.1   214.9   232.3   242.6   250.1   259.3   272.0   296.6   382.0  1743.8  4167.5   7057.0     7034
read      249.7   125.4    74.4   123.1   137.1   230.1   280.8   312.6   335.1   360.7   391.4   432.7   508.8   663.7  5449.0  72202.0    72616
read      230.2    68.3    86.8   151.4   166.5   226.3   246.8   258.0   266.6   275.2   291.0   316.2   373.5   936.8  2842.3  13569.0    13584
read      243.1    97.2    86.8   149.9   166.3   238.1   262.4   275.2   287.5   301.3   319.8   345.6   404.2   914.8  4636.1  19637.0    19750
read      251.1   107.6    80.4   127.0   141.0   229.3   277.1   308.3   331.8   358.6   392.0   439.5   545.5   932.3  2313.5 108889.0   109139
read      236.4    59.2    80.4   152.6   168.6   231.9   254.3   266.8   274.7   288.3   305.7   335.5   399.8   612.0  1005.0  15530.0    15150
read      248.7   103.4    74.4   123.1   136.9   228.7   280.3   313.0   336.2   361.5   390.9   432.5   520.9   796.4  1595.7  74142.0    74389
read      243.5   128.8    74.4   119.7   133.1   220.4   270.0   299.6   323.2   348.3   379.9   427.5   529.9  1443.8  3201.3  87725.0    87266
read      248.5   127.3    80.4   123.0   136.8   223.3   271.4   302.1   325.5   352.6   387.6   436.8   587.0  1504.1  3321.0 108486.0   108170
read      245.1   128.5    80.4   123.0   136.9   222.4   269.8   299.9   323.9   351.1   384.1   431.6   539.5   878.6  7011.4 103417.0   103631
read      253.9   151.7    80.4   131.7   147.0   246.2   285.2   309.6   327.1   344.1   366.6   399.8   466.5   589.7  7962.8  44622.0    44587
read      253.6   105.0    80.4   126.1   139.9   236.7   288.1   320.7   342.0   365.5   394.9   434.5   507.2   627.9   969.9  66499.0    66411
read      244.3   103.9    74.4   121.6   134.9   222.9   272.6   303.5   327.9   354.8   387.3   432.4   522.5   762.1  1949.7  88866.0    89167
read      251.6    78.1    80.4   139.1   154.5   247.7   281.3   301.1   316.4   333.6   354.2   387.0   449.7   535.4  1246.6  35532.0    35723
read      245.6   101.2    74.4   121.5   135.1   224.3   275.0   307.4   331.8   358.8   391.1   434.2   520.7   743.6  1092.0  85166.0    85827
read      245.4   104.8    80.4   121.7   135.0   225.3   275.6   305.8   329.6   356.2   387.6   431.2   516.9   666.8  1969.5  78927.0    78806
read      248.2   105.3    80.4   123.3   137.2   225.1   275.1   308.3   333.0   360.6   394.1   441.8   550.4   831.9  1284.4  89761.0    89641
read      234.6    89.6    93.8   152.8   168.3   229.1   250.9   263.5   272.1   284.4   300.4   327.7   390.9   958.6  3182.0  14192.0    14186
read      253.9    92.7    80.4   128.8   143.0   244.2   290.1   319.6   338.0   357.9   381.1   415.3   485.0   592.6   927.1  52334.0    52308
read      253.1   133.4    80.4   127.2   140.9   239.5   287.2   315.4   334.6   355.4   380.6   418.1   493.8   684.4  5287.6  56812.0    56743
read      257.0   100.7    86.8   136.5   151.7   250.2   288.1   311.7   328.4   345.2   366.8   398.1   465.2  1378.8  2365.9  38360.0    38302
read      248.9   100.7    80.4   123.9   137.6   229.7   281.6   313.3   335.9   361.3   391.6   432.4   510.7   682.1  1127.1  71846.0    71662
read      253.9    79.9    86.8   138.3   153.8   251.3   285.9   306.0   320.4   337.4   357.5   387.8   456.2   556.1  1004.5  35717.0    36015
read      249.8   105.2    80.4   124.7   138.4   233.2   284.0   315.0   336.3   358.9   385.7   424.4   498.6   689.1  3294.4  65186.0    65048
read      249.2   100.3    80.4   123.7   137.2   230.6   282.9   314.9   337.2   361.1   390.4   432.4   509.9   679.4  1049.1  72585.0    72989
read      249.3   124.0    74.4   123.2   136.9   228.3   279.8   313.7   336.6   361.8   391.4   432.0   516.1   738.2  4419.3  76246.0    76390
read      248.5    69.2    86.8   146.1   163.1   245.5   271.5   287.7   299.8   315.9   335.7   364.5   431.5   574.2  1061.1  24471.0    24409
read      249.0   147.5    80.4   123.6   137.5   225.7   276.1   309.0   332.8   360.0   393.1   438.4   531.3   834.0  6100.5  85213.0    85530
read      228.8   116.2    93.8   155.0   168.0   220.8   239.0   250.5   258.8   269.0   283.5   311.7   385.1  2134.6  3987.2   8400.0     8346
read      248.7    99.6    74.4   123.9   137.8   231.6   282.3   313.6   336.0   360.0   388.1   427.5   501.7   667.8  2065.3  69508.0    69627
read      253.7   107.4    80.4   125.1   138.9   234.8   288.1   321.8   343.8   367.6   396.1   436.0   524.3   780.5  1183.3  70586.0    70266
read      251.5   108.2    74.4   124.4   138.4   228.5   280.8   315.0   339.1   366.0   398.5   445.6   545.5   829.6  1586.8  90097.0    89525
read      254.9   117.5    74.4   125.1   139.0   234.6   287.4   320.1   343.0   368.3   397.7   439.3   538.0  1054.0  1951.6  70812.0    70975
read      256.0    92.2    86.8   131.8   147.0   248.8   291.1   316.8   334.2   353.0   374.9   410.8   484.1   588.8  1217.9  46901.0    46633
read      237.9    72.3    86.8   151.0   166.5   233.8   255.7   268.1   276.1   289.3   306.1   336.1   402.4   971.9  2278.3  16612.0    16963
read      245.1   146.4    80.4   123.1   136.8   220.9   267.9   296.9   320.2   346.3   379.3   427.5   534.0  1868.5  5299.3 109252.0   109556
read      249.6   108.4    80.4   123.6   137.3   226.6   276.1   309.4   334.7   362.7   396.8   445.5   553.8   812.7  2071.3  90929.0    91124
read      254.7   122.0    74.4   129.2   143.2   243.2   288.9   316.9   335.1   354.7   378.2   415.2   494.3   743.4  4279.5  51704.0    51505
read      248.1   103.8    80.4   124.5   138.4   225.8   275.4   308.2   332.3   359.9   393.4   439.4   535.3   734.7  1511.8  93882.0    93804
read      253.3    95.5    74.4   127.1   141.2   240.4   289.5   318.8   338.3   359.7   385.4   422.4   501.4   638.6  1163.6  58483.0    58474
read      254.2    86.1    80.4   132.9   147.9   249.2   288.6   312.0   328.8   346.5   369.2   401.7   469.7   589.0  1129.0  43766.0    43487
read      253.2   110.1    80.4   126.0   140.0   238.8   288.8   319.4   339.6   362.0   388.8   427.2   505.2   650.1  1184.6  61772.0    61792
read      252.3   102.1    80.4   126.2   140.5   237.4   286.3   316.0   337.3   360.7   388.0   426.5   503.5   663.5  1888.0  59728.0    59548
read      255.2    88.2    80.4   133.2   148.5   249.3   289.6   313.0   329.7   348.0   371.5   403.9   473.0   598.2  1011.9  43703.0    43635
read      245.6    72.5    86.8   142.0   158.5   243.1   271.4   287.7   299.2   314.8   333.9   362.1   421.4   531.2  1039.5  27472.0    27536
read      254.3    91.6    86.8   133.1   148.4   247.9   288.1   311.8   328.7   346.4   370.1   402.3   470.8   584.8  1847.6  42747.0    42828
read      256.9   127.9    80.4   128.8   142.8   232.0   280.8   313.4   337.4   364.6   398.7   451.7   579.1  1488.1  2534.9 108845.0   109424
read      246.9   129.9    74.4   121.8   135.8   226.2   276.3   307.1   330.6   356.6   387.5   429.7   511.9   753.0  6988.4  78703.0    78273
read      251.4    95.6    80.4   126.2   139.9   237.5   287.4   317.0   337.3   359.4   385.7   423.3   497.4   602.7  1100.3  60013.0    60279
read      250.3    80.8    80.4   136.8   152.4   247.8   279.9   298.1   313.0   329.6   349.3   383.0   445.9   615.6  1817.5  34901.0    35178
read      254.8   150.4    74.4   123.7   137.6   234.2   286.0   317.3   339.6   363.8   392.0   432.0   524.8  1928.7  4286.7  67166.0    67279
read      244.1   101.1    74.4   120.3   133.8   223.7   274.6   306.3   329.5   355.4   385.7   429.0   522.6   731.7  1063.5  80802.0    80752
read      252.7    83.2    80.4   137.8   153.3   249.2   283.2   303.5   317.9   335.1   355.8   386.9   451.6   562.3  1678.4  35241.0    35012
read      220.8    66.7   101.3   152.5   165.7   214.9   232.9   244.0   252.0   262.1   273.7   297.2   366.3   928.6  2135.3   7913.0     7936
read      220.8    69.3   101.3   152.9   165.5   213.5   231.8   242.8   250.9   261.2   274.0   302.6   370.0  1029.9  1907.1   8597.0     8578
read      242.5   106.8    74.4   121.2   134.3   221.1   270.5   301.6   325.5   352.3   384.2   429.5   522.7   683.9  1846.6  88443.0    89696
read      219.5    59.2   109.4   154.1   165.2   213.4   231.5   242.2   250.3   260.5   273.4   299.3   381.6   923.9  1951.2   5674.0     5569
read      247.5    82.9    86.8   144.3   161.3   244.2   271.3   286.9   297.6   314.5   334.8   364.6   429.9   686.8  3073.0  26647.0    26905
read      253.6    94.1    74.4   134.2   149.3   247.8   285.9   308.9   326.0   344.1   366.9   399.7   468.9   594.6  4012.0  41977.0    42389
read      247.3   111.6    74.4   122.7   136.4   226.3   276.0   309.6   333.8   359.5   390.5   432.5   518.0   733.3  3849.7  84716.0    84689
read      255.9    99.7    86.8   127.6   142.2   241.6   290.7   320.8   341.7   364.2   391.7   431.2   517.4   687.3  1154.4  59356.0    59305
read      255.5    96.8    86.8   133.2   148.2   248.8   288.8   313.5   330.6   348.1   371.2   404.0   470.6   702.7  3115.7  44329.0    44512
read      249.2   101.3    80.4   123.0   137.1   230.4   281.0   312.3   335.7   361.1   391.6   432.6   513.0   765.2  1379.4  72647.0    72395
read      247.3    98.6    80.4   123.2   136.9   228.9   279.8   311.2   333.4   357.9   387.2   427.4   507.0   678.3  1058.7  75118.0    74619
read      251.2   172.0    80.4   125.1   138.9   233.5   283.0   312.2   333.1   356.3   384.5   425.3   506.9   636.8  9828.1  67129.0    67302
read      252.9    97.6    80.4   127.8   141.8   241.2   288.5   316.2   335.1   355.7   380.3   419.0   500.8   704.3  1324.3  58079.0    57822
read      222.4    89.8    93.8   153.7   166.3   214.8   232.3   242.7   250.2   259.4   271.9   296.7   376.1  1594.4  2534.7   8188.0     8117
read      257.6   168.0    80.4   127.8   142.1   231.3   280.9   313.2   336.4   363.0   396.7   447.6   581.4  1873.8  5415.9 105041.0   106178
read      250.8   100.2    80.4   145.7   163.1   246.8   273.9   291.9   305.2   319.9   338.5   366.2   428.0   619.9  5702.7  25261.0    25089
read      250.9   100.9    74.4   124.6   138.7   233.7   284.9   316.7   338.2   362.0   391.3   431.2   505.9   677.1  1902.8  68884.0    68848
read      246.5   104.0    80.4   122.8   137.0   224.3   272.9   304.3   328.5   355.8   390.5   437.4   542.4   797.1  1674.2  98983.0    98941
read      251.9   108.1    80.4   125.0   138.6   231.3   283.2   316.0   339.6   366.5   399.0   443.9   524.5   641.5  2534.4  78257.0    78157
read      238.5   101.7    80.4   121.7   135.0   216.4   263.3   291.5   315.0   341.9   374.3   423.0   519.3   872.7  1617.6 109775.0   109857
read      242.6   107.8    74.4   122.5   136.2   220.4   268.2   297.6   321.3   347.6   380.5   429.6   530.2   843.2  2042.3 108989.0   108875
read      246.5   102.4    80.4   122.3   136.3   225.8   275.2   306.5   330.0   357.2   391.3   436.6   525.4   740.9  1489.5  86852.0    86646
read      245.7   104.3    74.4   122.2   135.8   225.2   275.0   305.9   329.2   355.8   389.4   434.4   519.3   689.2  1808.8  83138.0    83239
read      259.3    99.6    80.4   131.4   146.0   249.5   295.4   323.7   342.8   364.4   389.8   425.9   500.4   650.8  1092.9  50921.0    51061
read      248.0   113.8    74.4   122.7   136.3   225.8   274.9   306.3   330.8   357.8   391.5   441.4   542.3   789.6  3770.6  89882.0    89906
read      251.6    92.6    80.4   127.3   141.3   240.5   286.5   314.2   333.4   354.8   380.8   418.9   491.8   606.0  1158.9  56726.0    56601
read      250.5   105.2    74.4   124.2   138.2   232.4   283.7   316.1   337.7   361.5   390.4   430.6   511.7   654.9  2898.3  71297.0    71203
read      255.0   157.3    74.4   125.5   139.5   229.2   278.7   311.1   335.5   363.9   398.1   446.5   566.2  2117.7  5416.0  96070.0    95942
read      248.7   138.3    80.4   122.3   136.1   228.0   279.0   311.6   334.6   358.8   387.4   428.6   510.8   784.6  6081.9  71698.0    71622
read      244.8   103.1    80.4   122.3   136.0   222.5   272.1   304.4   329.0   356.2   388.9   434.1   537.5   723.2   871.2  97593.0    97182
read      250.6    76.0    86.8   143.9   161.3   247.8   276.3   293.3   306.4   320.9   341.0   369.8   432.6   615.1  1904.3  27567.0    27718
read      252.7    92.5    80.4   131.2   146.0   246.0   287.4   311.4   328.4   346.2   369.1   402.1   468.1   579.9  2467.3  46279.0    46519
read      246.8   104.0    80.4   122.8   136.6   226.2   276.9   309.8   333.3   359.3   391.1   433.3   512.1   684.1  1251.0  83686.0    83197
read      245.5   108.0    80.4   121.6   134.9   225.7   274.8   306.0   329.7   355.5   386.5   430.5   519.1   817.4  1368.3  78743.0    79080
read      248.9   111.9    74.4   122.9   136.6   230.9   281.9   313.1   335.0   359.0   387.9   427.4   505.2   683.1  2148.5  69446.0    69401
read      256.6   107.6    74.4   132.4   147.2   249.0   290.8   316.4   333.8   352.5   374.6   406.4   476.3   625.7  3956.0  45330.0    45684
read      238.9    94.9    93.8   150.1   166.1   233.9   257.3   269.6   278.7   292.2   311.1   339.7   401.1   905.4  3948.3  18178.0    18120
read      245.0    67.2    93.8   149.2   165.5   241.0   266.2   280.5   292.2   306.9   325.6   356.1   430.0   549.3  1371.4  21441.0    21245
read      254.7    97.4    80.4   135.7   151.6   249.7   286.7   308.7   325.1   343.2   365.8   396.9   465.7   611.8  1108.6  39076.0    39039
read      253.5   103.1    80.4   125.2   139.3   236.6   288.2   319.2   340.6   364.6   393.0   432.7   518.9   714.8  1893.3  67089.0    67458
read      253.5    86.8    86.8   133.4   148.3   248.0   287.1   311.2   328.4   345.5   368.1   401.1   470.6   618.1  1338.9  43066.0    42773
read      246.4    89.2    93.8   149.7   166.2   242.2   266.9   280.6   292.1   306.4   324.2   351.4   420.3   902.1  4226.6  20961.0    20690
read      253.3   101.5    80.4   127.2   141.0   237.7   288.3   318.5   339.5   362.5   390.2   428.7   505.9   643.5  1707.0  63035.0    63440
read      261.0   127.9    80.4   135.5   151.0   251.8   291.1   314.5   331.3   349.7   372.4   407.1   494.0  1816.7  5072.6  41486.0    41615
read      250.7   119.4    74.4   125.2   139.2   227.1   275.4   308.4   333.4   361.1   394.4   441.8   551.4  1124.4  3984.7  97294.0    97229
read      244.5   101.4    74.4   121.3   134.9   223.4   273.7   305.6   329.4   355.8   387.6   431.0   523.0   775.1  1197.5  86197.0    86249
read      241.3    63.7    86.8   147.6   163.8   239.1   264.0   275.9   287.1   298.8   317.1   344.5   404.4   545.5  1438.6  21110.0    20807
read      248.9    72.3    86.8   145.3   161.8   246.5   273.6   290.4   302.8   318.1   337.3   365.7   427.1   527.8  1050.4  26142.0    26130
read      252.7    77.2    80.4   140.5   157.2   248.9   280.2   299.5   314.5   331.3   351.1   382.8   452.3   652.6  1225.8  30358.0    30510
read      254.9    88.2    74.4   132.3   147.5   248.4   289.2   313.7   330.7   348.5   371.2   404.3   478.5   655.2  1249.9  44137.0    43868
read      258.3   110.0    80.4   129.4   143.3   244.5   294.0   324.9   344.3   366.0   392.8   431.9   523.6   667.3  4775.4  55844.0    55324
read      244.0    89.6    86.8   147.7   164.4   240.3   265.0   278.2   290.1   304.2   321.9   349.7   416.7   581.3  2367.0  20499.0    20437
read      224.5    56.6   101.3   153.6   167.3   219.6   238.5   249.7   257.7   268.3   282.2   306.3   372.7   962.3  1288.6   9506.0     9548
read      229.9    58.8    93.8   155.7   170.0   225.0   245.2   256.2   265.0   273.8   289.8   315.2   381.8   954.2  1096.6  11862.0    12101
read      249.4   114.6    80.4   122.7   136.9   229.9   280.7   312.4   335.1   360.5   391.1   432.4   513.2   700.6  3818.9  71894.0    72073
read      243.7   121.2    86.8   147.8   163.9   238.8   264.4   278.1   290.4   304.8   322.3   347.5   409.5   612.8  7819.1  21233.0    21310
read      249.2   106.2    80.4   123.6   137.3   227.0   277.7   311.3   335.0   361.6   394.4   442.0   540.1   761.7  1941.3  90659.0    90755
read      254.8   126.7    80.4   128.8   142.9   241.8   287.2   313.3   331.6   351.5   375.9   414.8   499.8  1644.3  3482.9  51824.0    51252
read      248.8    89.7    86.8   126.9   140.8   238.8   283.8   309.3   327.6   349.0   374.0   409.9   481.3   601.0   716.5  53358.0    53070
read      252.4    92.2    80.4   130.2   144.5   245.0   287.4   311.5   328.8   347.5   371.1   404.5   480.9   605.7  2046.6  48195.0    48181
read      246.6   106.7    80.4   122.8   136.7   225.3   273.5   305.2   329.2   356.2   389.9   435.9   541.1   741.1  2516.8  97727.0    97336
read      248.5   101.6    80.4   124.3   138.1   226.8   277.2   309.8   334.0   361.4   394.6   439.1   535.5   733.3   979.8  91864.0    91976
read      248.7   104.0    80.4   124.7   138.6   227.6   276.4   308.3   331.7   358.5   392.2   439.1   538.9   740.8  1237.1  94440.0    94742
read      252.9   135.3    80.4   125.0   139.1   235.4   287.0   319.1   340.4   364.4   393.3   431.6   507.5   679.6  2006.7  65998.0    66079
read      251.7   118.9    80.4   124.0   138.0   230.2   282.1   314.8   338.6   365.1   396.9   439.4   532.0   805.7  4244.1  79410.0    79328
read      253.4    86.1    80.4   132.4   147.5   247.4   287.7   311.9   328.6   346.0   369.2   402.4   470.8   593.1   955.6  45166.0    45235
read      254.8    81.8    86.8   139.3   155.1   251.6   285.3   305.8   320.9   337.7   358.6   390.9   456.6   598.1  1273.3  35393.0    35310
read      251.6   103.8    80.4   124.3   138.0   231.2   283.7   316.6   339.4   365.1   396.3   440.2   532.7   730.0  1251.4  76766.0    76589
read      253.8   109.4    80.4   127.9   142.3   231.4   280.1   312.1   336.0   363.5   397.1   447.5   554.5   981.6  1718.2 107338.0   107175
read      251.4   109.2    80.4   123.8   137.7   229.9   281.6   315.1   339.2   366.0   397.6   441.6   542.5   802.1  1195.4  78531.0    78127
read      234.6    67.7    93.8   154.8   170.6   228.7   249.8   261.9   270.5   282.1   297.6   325.7   406.4   975.2  2019.3  13478.0    13331
read      254.4    98.7    80.4   126.9   140.8   239.7   289.9   321.3   341.2   363.7   390.8   429.2   514.2   654.2  1776.0  59338.0    59382
read      248.9   124.5    74.4   123.8   137.5   226.3   276.3   309.7   334.2   361.1   392.7   434.3   530.5   820.8  4410.5  87750.0    87477
read      254.7   152.3    74.4   124.0   138.2   228.3   278.8   312.5   337.2   364.7   398.4   450.8   590.6  1406.3  5406.9  91641.0    92020
read      256.6   130.9    74.4   129.7   143.9   233.5   282.8   314.8   337.8   364.4   397.2   445.3   556.0  1081.6  5553.0 109383.0   109297
read      257.6    87.7    80.4   134.0   149.7   251.6   293.2   317.6   333.9   351.4   372.3   403.3   475.5   635.4  1015.3  42382.0    42293
read      253.3    96.2    80.4   128.4   142.6   242.9   289.0   316.6   335.2   355.5   380.0   416.4   487.8   639.2  1710.0  52799.0    52962
read      246.1    69.3    86.8   146.1   162.9   242.7   269.0   284.4   295.9   312.2   331.9   360.8   424.6   564.8  1064.0  23395.0    23492
read      230.6    68.6    86.8   153.9   169.4   225.8   246.1   257.0   265.9   274.7   291.6   318.5   383.7   915.2  2333.1  12422.0    12594
read      248.3   102.9    74.4   123.3   136.8   230.3   282.3   313.4   334.9   358.5   387.6   427.3   509.3   688.5  1241.0  68940.0    69120
read      251.7    97.9    80.4   127.5   141.3   240.2   287.2   315.2   335.3   356.8   381.5   417.5   484.4   603.9  1045.2  57104.0    57144
read      250.2    91.7    74.4   126.2   140.2   238.3   286.0   314.6   333.9   354.6   379.7   416.0   484.5   583.2   726.1  56999.0    57232
read      249.8   107.2    80.4   123.4   137.0   231.4   282.8   314.5   337.3   361.9   391.3   431.7   508.9   680.0  3453.5  71440.0    71593
read      255.8    91.4    80.4   135.1   150.6   251.0   288.1   310.5   326.6   344.5   367.9   402.8   477.1   590.5   871.9  40783.0    40799
read      252.1   106.0    80.4   142.1   158.4   248.1   278.4   296.1   310.6   326.8   345.7   374.5   433.8   547.3  3776.7  29779.0    29614
read      253.2   107.9    80.4   127.9   141.9   230.5   279.5   311.7   335.9   364.1   397.7   447.2   552.8   865.1  1676.5 106290.0   106611
read      258.2   129.0    80.4   131.0   145.4   246.1   290.2   316.0   333.7   353.4   377.8   416.2   502.1  1625.0  3735.7  49813.0    50009
read      253.4    88.3    74.4   131.5   146.8   246.4   288.7   312.5   329.3   347.3   371.8   404.3   470.2   563.5  1545.7  47821.0    47727
read      233.2    58.7    93.8   151.4   168.1   229.4   250.6   262.5   270.6   281.6   296.9   324.9   389.9   902.1  1232.5  15367.0    15204
read      257.8   149.3    80.4   130.4   144.6   246.3   293.2   321.3   339.0   359.0   383.0   418.1   488.7   631.2  7829.0  50865.0    50703
read      255.6   106.0    80.4   128.0   141.8   240.5   290.8   321.4   342.1   365.2   392.2   431.2   509.5   650.4  2194.6  60317.0    60979
read      254.3    84.3    86.8   136.9   152.0   251.2   286.6   307.4   322.2   339.1   360.2   391.9   457.0   576.8  2055.7  37687.0    37662
read      238.0    67.7    93.8   152.2   168.4   234.0   256.4   269.3   278.7   292.3   309.4   335.7   390.3   555.2  2143.6  16892.0    16932
read      247.0   120.7    80.4   122.7   136.4   223.0   272.1   303.4   327.2   354.3   388.5   435.6   561.7  1050.2  4179.9 100120.0   100183
read      251.8   144.2    74.4   124.3   138.3   232.4   285.0   315.8   337.8   362.9   392.0   430.9   508.8   661.0  5151.5  68904.0    69175
read      250.0   114.4    86.8   143.0   160.0   245.9   274.1   292.3   305.6   320.2   338.8   367.1   432.4   614.0  7214.2  27310.0    27515
read      250.4   105.4    80.4   126.8   140.7   229.0   276.6   309.1   332.2   358.4   392.0   439.7   540.4   903.9  1706.2 106187.0   106411
read      253.4    88.7    80.4   130.5   145.0   245.9   288.7   314.9   332.9   351.8   373.7   409.8   471.9   580.3   946.2  49259.0    49629
read      249.4    99.7    80.4   124.0   138.2   233.5   282.9   313.9   335.9   359.7   387.5   426.2   502.4   629.5   937.3  63528.0    63537
read      248.8   113.3    80.4   123.4   136.8   225.9   276.9   310.1   334.4   361.6   394.3   440.4   537.2   833.0  2925.7  88146.0    88081
read      253.4   100.0    80.4   127.9   142.1   241.9   288.6   317.0   336.4   357.5   382.5   420.0   490.5   620.2  3013.8  55599.0    55527
read      249.4   113.7    80.4   124.0   138.0   231.6   282.9   313.5   335.8   360.6   389.8   429.7   505.4   643.8  1392.1  69469.0    69558
read      254.1   129.0    80.4   125.9   140.1   237.5   286.8   317.3   337.0   358.5   384.4   422.0   504.2  1522.6  3940.7  60390.0    60702
read      232.4    70.3    86.8   153.1   169.4   227.6   248.3   259.8   268.4   278.7   296.5   321.8   384.9   937.3  2313.7  13526.0    13487
read      250.3   110.8    80.4   124.2   138.3   233.1   285.0   316.6   337.2   360.0   388.3   428.9   502.6   637.5  2315.6  67099.0    67037
read      228.6   132.7   101.3   157.2   170.0   221.0   239.7   250.5   258.4   268.5   282.8   311.2   385.9   989.2  7069.5   8361.0     8281
read      251.6    84.6    80.4   138.1   153.3   247.6   280.6   299.5   315.0   332.5   353.1   383.9   457.9   623.6  2141.6  34273.0    34986
read      247.9   103.8    80.4   122.6   136.4   226.9   277.6   310.5   333.9   360.2   391.4   434.6   532.6   883.6  1592.7  82134.0    82336
read      249.7   115.6    74.4   124.9   139.0   227.2   275.6   307.5   331.1   358.2   391.5   438.7   540.2  1185.6  3567.5 101750.0   101465
read      249.6   105.7    74.4   123.7   137.1   228.5   278.5   312.2   336.8   363.1   394.4   438.8   533.6   800.1  1941.0  82703.0    82733
read      255.6    90.0    86.8   132.7   147.5   249.7   291.0   315.9   333.0   351.1   372.2   403.8   470.4   574.0  1910.2  45172.0    44752
read      250.0   105.2    74.4   126.1   140.1   228.9   276.1   307.0   330.5   357.8   392.8   442.5   544.7   866.4  1416.7 104503.0   104681
read      254.8    98.6    80.4   130.0   143.9   243.7   291.3   318.9   337.8   358.2   382.2   419.2   488.9   596.9  2139.2  53716.0    53872
read      252.4   123.1    80.4   124.1   138.3   227.9   278.1   311.9   336.9   364.5   397.5   445.7   560.5  1266.8  3052.6  87507.0    87376
read      252.1   147.3    80.4   124.6   138.5   232.4   284.6   316.0   337.8   361.8   390.5   430.9   512.8   751.0  7087.3  70209.0    70834
read      251.8   128.3    74.4   123.7   137.6   227.7   278.0   310.5   335.0   362.8   395.2   440.9   548.2  1935.1  2659.8  87115.0    86701
read      255.4   100.7    80.4   128.5   142.8   243.9   292.0   320.7   339.9   360.7   385.0   420.5   500.6   682.9  1175.7  55798.0    56054
read      246.2   117.1    80.4   123.4   137.4   223.4   271.2   300.5   324.2   351.8   385.3   435.2   546.5   922.2  3395.4 106862.0   106733
read      220.0    65.0   101.3   153.3   165.2   213.0   231.3   242.2   250.3   260.7   274.5   302.4   374.5   995.2  1938.5   6518.0     6476
read      254.6    85.5    86.8   140.3   156.4   250.8   283.6   303.6   318.9   336.0   356.4   387.7   457.7   596.9  1462.2  33149.0    33857
read      239.9   102.0    93.8   152.9   169.3   234.0   256.5   268.9   277.6   291.3   309.3   337.9   400.3  1075.8  4297.8  16113.0    15953
read      254.0    88.7    80.4   134.0   149.0   248.7   287.3   310.1   326.6   344.7   367.0   398.5   468.1   576.1  1698.9  40969.0    41252
read      246.2   101.6    80.4   122.2   135.6   226.8   278.8   311.2   333.9   358.2   387.3   427.9   504.2   635.1  1310.8  77348.0    76853
read      255.2   117.6    80.4   140.3   156.0   251.4   283.1   302.0   317.0   334.2   354.7   385.4   446.0   579.8  6547.0  33355.0    32962
read      256.2   150.8    80.4   124.7   138.4   230.3   282.0   316.0   339.9   366.5   398.7   447.7   571.4  1876.7  4032.0  83665.0    83564
read      254.6   110.7    86.8   131.6   146.4   246.6   288.4   313.7   331.9   351.3   373.5   404.9   474.6   600.8  6019.8  46101.0    46260
read      253.9    91.2    80.4   131.6   146.9   247.9   288.2   311.8   329.3   348.9   372.0   404.6   473.6   577.3  1047.4  46504.0    46426
read      255.5   131.3    74.4   126.3   139.9   230.7   281.0   314.7   339.3   367.1   400.6   450.0   576.7  1475.0  3776.1  99189.0   100015
read      252.0   125.6    80.4   122.3   136.2   229.6   280.3   313.1   336.6   363.0   394.9   440.6   555.1  1462.4  2999.2  78377.0    78102
read      247.5    68.1    86.8   146.0   162.1   244.7   271.0   286.8   298.0   313.9   333.3   363.1   429.8   667.6  1005.7  24010.0    24168
read      249.3    73.3    93.8   144.9   161.6   246.6   273.8   290.4   302.8   318.1   338.1   367.2   430.8   551.3  2104.2  25867.0    25529
read      243.9   114.6    93.8   150.6   167.4   235.7   258.6   270.9   281.0   294.6   313.6   343.5   420.5  2401.0  4151.7  17540.0    17342
read      251.4   104.1    80.4   125.0   138.7   232.9   285.2   317.0   338.9   363.2   392.8   433.6   519.5   687.2  2011.4  71682.0    71657
read      253.8    95.3    80.4   128.5   142.4   240.8   288.7   317.1   337.0   359.2   386.3   426.5   505.5   665.3   874.6  59391.0    59805
read      255.3   123.6    80.4   128.8   142.4   242.6   289.7   318.1   338.4   360.6   386.7   423.4   497.6   639.8  6181.5  55842.0    55558
read      252.0   122.3    74.4   123.7   137.4   230.3   281.6   314.2   337.7   364.0   395.6   439.0   547.6   870.6  2734.3  78955.0    79251
read      225.0    73.6    93.8   153.9   167.4   219.0   237.6   248.9   256.4   266.8   279.3   307.3   385.2   942.5  3797.1   9102.0     9123
read      246.4   103.0    80.4   125.0   138.9   224.9   271.9   302.0   325.2   351.7   385.7   433.8   543.5   869.0  1449.8 108401.0   109516
read      253.6    88.9    86.8   134.6   149.6   248.5   286.4   309.3   325.8   342.9   365.2   398.1   464.9   579.6  2354.7  41198.0    41153
read      248.6   102.7    80.4   125.0   138.8   226.7   275.2   308.3   332.4   359.3   393.3   441.2   538.7   834.6  1136.8  98694.0    98946
read      251.5    96.5    80.4   127.8   141.6   239.3   286.8   314.3   334.0   355.3   379.7   416.6   488.2   637.8  2147.5  56415.0    56315
read      246.2   103.2    80.4   123.1   136.5   224.3   273.8   304.8   328.5   355.9   390.2   437.5   538.2   788.9  1028.5  92968.0    92525
read      246.2   117.4    74.4   121.7   135.1   225.1   274.7   306.4   330.4   356.7   388.2   432.6   515.0   763.0  3957.8  80183.0    79997
read      255.1    90.8    80.4   130.8   145.3   246.8   290.2   316.7   334.4   353.6   376.8   414.0   490.5   629.8  1261.4  49300.0    48998
read      252.9   123.4    74.4   123.9   137.9   234.0   284.9   316.6   338.5   362.6   392.3   434.0   516.1  1276.1  3460.2  67078.0    67260
read      245.1   119.6    74.4   121.6   135.2   223.6   272.0   303.1   327.5   353.2   385.9   432.5   528.8   792.2  3335.1  88062.0    88431
read      255.9   104.4    86.8   130.0   144.5   246.3   290.7   317.6   336.3   356.9   381.3   419.2   496.0   677.6  2249.7  51487.0    51359
read      252.9    95.8    80.4   127.4   141.1   238.9   288.2   319.7   339.8   361.8   387.6   424.7   498.0   626.2   808.6  60334.0    60398
read      255.1    85.6    86.8   135.0   150.6   250.1   289.2   312.5   328.5   345.2   367.7   400.2   468.2   604.1   861.9  41794.0    41854
read      246.0    72.4    86.8   147.0   163.9   243.2   268.7   283.3   294.6   309.7   328.4   357.2   419.8   605.4  3043.6  23628.0    23797
read      247.4   121.2    80.4   122.1   135.6   225.2   276.1   308.2   332.4   359.1   391.0   435.1   531.4   789.3  4554.7  83165.0    83091
read      250.1   100.7    80.4   124.2   138.2   230.9   281.2   312.8   337.2   364.2   395.0   435.7   516.9   689.7   901.2  78408.0    78319
read      238.4   117.4    80.4   120.9   134.0   215.8   264.0   292.3   316.0   343.2   375.5   423.0   513.9   790.8  2750.2 102035.0   101978
read      247.0   148.5    80.4   121.9   135.3   222.4   271.5   301.6   325.9   353.6   389.1   437.4   566.3  1034.3  4196.5  98500.0    97985
read      248.8   105.0    80.4   122.9   136.4   227.7   278.2   311.8   336.2   362.3   394.2   439.7   529.1   707.4  1733.4  82967.0    82850
read      245.0    73.9    86.8   144.2   160.4   241.6   268.4   283.5   294.9   310.4   329.7   360.0   426.7   633.9  1687.3  24556.0    24622
read      251.2   134.1    80.4   124.9   138.9   227.6   277.4   309.8   334.7   362.1   394.9   443.2   546.0   922.5  6369.3  99589.0    99932
read      258.8    98.3    80.4   133.1   148.2   251.3   293.4   319.3   336.9   356.3   379.6   417.0   500.6   662.1  1768.5  46809.0    46761
read      255.2    97.6    86.8   128.8   143.2   243.5   290.8   318.8   337.6   358.8   384.9   423.0   504.0   662.0  1952.6  55843.0    56274
read      254.1    73.4    86.8   151.8   168.9   250.1   276.2   293.3   306.1   320.2   340.0   369.2   440.4   962.0  1405.4  24801.0    24750
read      260.7   108.7    86.8   135.9   150.9   253.6   296.0   321.6   338.5   357.6   380.3   413.6   486.5   632.6  3815.2  47005.0    46988
read      250.1   104.6    74.4   125.2   139.2   228.2   277.6   309.8   333.7   361.3   395.2   442.6   537.7   790.0  1777.9  96416.0    96633
read      255.9    87.2    86.8   143.8   160.2   252.8   283.9   302.0   317.0   333.7   353.5   384.4   451.7   599.2  3428.3  32415.0    32524
read      252.5   127.8    74.4   124.3   138.5   229.5   280.5   313.2   337.0   363.5   395.6   441.5   541.4  1361.2  3279.5  82685.0    82709
read      256.6   103.1    80.4   128.9   143.0   240.4   291.3   321.5   343.1   367.4   395.9   433.8   515.5   671.1  2120.0  64694.0    64734
read      259.8    96.0    80.4   137.5   152.4   253.2   293.3   317.7   335.0   354.2   377.1   409.1   481.9   614.2  1990.6  44499.0    44841
read      252.9    84.8    86.8   152.7   170.6   249.4   274.2   290.0   301.5   316.6   335.9   363.8   425.1   775.7  3155.3  23210.0    23220
read      260.7    94.7    80.4   134.0   149.2   250.6   298.1   326.5   344.3   363.6   386.7   422.0   500.2   720.6  1342.8  52680.0    52173
read      252.2   116.8    80.4   123.8   138.1   229.8   281.2   313.5   337.4   364.7   397.5   443.4   550.2   955.2  3331.9  87594.0    87894
read      254.1    92.5    80.4   129.2   143.7   244.2   290.2   317.5   336.1   356.4   380.9   418.4   489.0   618.2  1058.6  55642.0    55637
read      253.6    85.1    86.8   143.5   159.2   249.3   280.3   298.7   313.5   330.1   349.5   382.5   446.8   566.1  2368.2  31290.0    31153
read      252.4    72.9    86.8   143.8   160.3   250.0   279.6   296.7   310.7   326.2   345.3   374.4   436.1   570.5  1007.8  30268.0    30053
read      247.0    84.7    93.8   154.6   171.8   243.4   267.5   280.7   291.6   305.1   322.1   349.4   408.6   505.7  2368.2  20426.0    20489
read      255.9    76.0    80.4   142.0   158.6   252.9   285.9   305.6   320.2   337.4   357.9   388.2   449.6   549.1   938.3  32931.0    33457
read      238.4    81.8    93.8   152.3   169.0   233.7   257.0   269.9   279.3   291.6   308.3   334.8   390.4   791.0  3067.1  16894.0    16922
read      258.4   146.0    80.4   130.8   145.4   247.0   290.4   315.7   333.8   354.1   378.4   415.3   497.4  1357.3  6603.2  47251.0    47200
read      245.4   106.6    80.4   123.0   136.7   223.6   272.0   303.0   327.6   354.7   387.8   434.3   533.5   776.6  1593.2  95939.0    95934
read      254.6    85.5    80.4   133.7   148.3   249.7   288.4   311.2   327.9   345.5   369.3   402.8   472.7   582.0  1166.0  42780.0    42596
read      246.8   106.0    80.4   123.3   137.2   224.6   274.6   305.8   329.8   357.0   390.6   436.8   537.8   772.2  2292.1  94755.0    94660
read      251.6    96.7    74.4   126.8   141.1   237.9   287.0   315.4   335.1   357.3   384.6   423.7   497.1   615.9  1284.9  59741.0    59804
read      253.3   100.6    80.4   136.4   151.4   249.3   284.2   305.5   321.5   338.9   359.5   389.4   452.7   603.5  4866.9  37596.0    37634
read      248.8   101.0    74.4   123.6   137.3   231.9   283.3   313.9   335.5   358.6   385.5   425.3   505.4   641.8  1082.9  68605.0    68516
read      246.3   104.7    80.4   122.8   136.4   225.7   275.4   306.7   330.5   358.0   390.3   433.9   517.7   672.8  2601.1  86563.0    86478
read      255.0   136.9    80.4   126.4   140.3   228.9   278.2   310.8   335.0   362.7   397.9   452.1   600.3  1308.2  4489.6 101634.0   101464
read      250.5   109.6    68.9   123.5   137.6   232.2   283.5   314.3   336.3   360.5   390.9   434.7   512.1   646.9  2710.6  70611.0    70660
read      256.5   151.6    74.4   127.9   141.9   230.3   279.1   311.2   335.1   363.1   398.8   451.8   582.2  1365.4  5619.8 105480.0   105480
read      254.3   108.0    80.4   133.6   148.9   247.2   286.6   310.2   327.3   345.2   367.5   400.3   469.7   583.7  4278.4  41902.0    41912
read      255.3    91.4    74.4   130.4   144.8   246.1   290.7   318.5   336.9   357.1   381.0   415.2   487.0   630.8   978.3  50751.0    50818
read      242.9   104.5    80.4   121.6   135.0   220.5   269.6   298.6   322.8   349.9   384.3   432.2   533.1   895.1  1961.4 100003.0    99610
read      248.4   121.3    80.4   123.8   137.5   224.9   273.2   303.8   328.1   355.2   389.2   436.5   563.4  1162.6  2533.0  98980.0    99247
read      248.5   104.8    80.4   122.8   136.5   230.1   280.5   312.2   334.7   359.1   389.0   431.7   523.0   728.6  2243.8  72499.0    72793
read      252.4   123.4    86.8   136.4   152.6   245.8   278.7   296.2   312.3   330.7   352.3   385.0   466.9  1753.5  2554.6  34792.0    34890
read      254.1   100.0    80.4   129.2   143.5   244.8   288.6   314.8   333.4   353.7   378.0   416.6   499.1   625.2  3491.4  49910.0    49665
read      253.1    96.6    80.4   128.4   142.4   242.6   288.3   315.3   333.8   354.1   378.6   416.3   494.3   678.6  2250.2  51398.0    51276
read      249.9    73.4    80.4   140.3   156.2   247.9   277.7   295.9   309.7   325.0   344.0   373.3   431.7   545.3  1272.1  31203.0    30810
read      255.6   159.5    80.4   132.6   147.7   247.8   287.3   310.9   327.8   345.0   367.0   400.4   470.7   904.3 10896.3  42157.0    42632
read      248.4   106.3    80.4   122.3   135.9   229.3   280.5   312.4   334.9   359.7   390.1   433.2   517.1   746.7  1262.0  71339.0    71502
read      246.0   105.5    74.4   121.7   135.1   224.8   274.7   306.2   330.0   356.7   389.6   435.5   535.2   780.2  1311.8  87250.0    87471
read      253.4   120.0    80.4   126.1   139.7   229.5   279.1   312.0   336.9   364.9   398.7   447.7   569.5  1087.5  2732.0  95221.0    95450
read      242.4   101.5    80.4   121.8   135.5   220.7   268.5   298.0   322.1   349.0   382.9   430.7   529.2   823.6  1649.9 101926.0   101882
read      252.3   118.9    80.4   126.3   140.3   236.7   286.3   315.7   336.8   359.9   387.0   426.1   503.8   628.8  1976.7  61947.0    61422
read      254.1    82.8    86.8   136.7   152.5   250.3   286.3   307.2   321.7   339.7   361.6   393.3   457.2   581.2  1072.0  36981.0    36550
read      240.0    66.2    93.8   149.7   165.5   236.7   260.8   273.6   284.8   296.8   316.6   343.2   403.2   509.4  2034.8  20133.0    20285
read      249.3   103.9    80.4   123.1   136.7   228.1   278.3   310.2   334.5   362.0   394.9   442.2   548.4   757.0   943.4  80112.0    80275
read      240.5   101.8    74.4   120.6   134.0   219.6   266.8   295.4   319.2   345.7   379.2   427.2   525.8   763.2  1626.1  99286.0    99091
read      247.8   117.0    74.4   122.7   136.3   223.5   273.1   305.1   329.7   357.6   392.8   442.4   555.7  1152.6  2366.3  90222.0    90849
read      252.4    96.3    80.4   127.9   141.8   242.0   287.0   313.8   332.9   353.6   378.6   418.1   496.5   669.9  2436.5  53606.0    53477
read      250.2    97.4    80.4   124.0   138.3   234.5   284.2   314.0   335.5   359.7   389.0   430.0   510.5   634.8   744.6  67016.0    67190
read      256.1   119.5    80.4   127.9   142.0   241.7   290.1   318.6   337.8   359.2   385.1   423.5   506.8  1653.5  3065.4  55736.0    55837
read      254.4    86.3    80.4   132.8   147.9   248.5   289.0   313.1   330.0   348.0   371.2   404.2   476.8   574.5   992.9  43810.0    43938
read      248.4   104.2    80.4   122.4   136.0   228.8   280.6   312.1   335.1   360.7   391.7   433.3   521.7   683.8  1986.8  73180.0    73349
read      251.7    81.0    86.8   135.5   151.1   248.3   282.4   302.5   318.1   335.4   356.7   391.4   460.9   543.6   959.5  37874.0    38158
read      250.4   132.8    74.4   124.5   138.5   234.4   283.1   311.3   332.0   354.6   381.0   422.4   504.6   681.9  5697.0  62213.0    62627
read      242.8    78.9    86.8   148.0   164.0   239.0   263.6   276.0   288.1   301.7   319.9   348.7   413.9   806.0  2356.5  21095.0    21095
read      251.0   104.5    80.4   131.9   146.7   244.7   283.3   306.0   323.7   342.2   364.6   395.7   462.1   590.0  2915.6  43919.0    43996
read      219.9    54.3   101.3   153.6   165.4   215.0   233.1   243.6   250.8   260.2   272.9   297.4   372.9   911.6  1197.9   9006.0     8918
read      241.5    63.6    93.8   150.5   167.0   237.3   261.7   274.6   286.3   299.0   318.0   345.0   416.7   544.1  1106.1  19356.0    19346
read      253.7    96.6    86.8   130.6   145.3   245.4   288.0   313.3   331.3   350.9   374.6   408.6   486.3   636.6  1225.5  48304.0    48373
read      246.7   103.7    74.4   122.3   135.9   228.0   279.7   310.9   332.9   357.3   386.7   426.8   505.2   670.9  1364.3  72135.0    72207
read      251.3    99.9    80.4   126.9   140.5   237.4   284.7   314.2   335.2   357.8   383.4   419.7   499.3   770.7  1729.5  58090.0    57914
read      246.1   100.8    74.4   122.0   135.6   226.3   276.9   309.1   332.5   358.2   389.3   431.1   511.7   678.3  1748.8  78894.0    78645
read      217.7   137.9    93.8   150.6   161.2   207.4   225.0   234.5   242.6   251.6   264.5   288.2   394.4  2247.3  7165.1   6649.0     6581
read      247.4    96.0    86.8   144.7   161.2   242.8   269.9   285.8   297.2   313.7   334.3   365.2   428.7   656.8  3976.8  25714.0    25723
read      246.2    70.6    93.8   148.8   165.9   242.8   268.3   282.9   294.3   309.1   327.2   354.8   419.9   724.7  1486.7  21872.0    21861
read      251.9   108.6    80.4   126.6   140.3   229.6   279.0   311.1   334.7   362.1   395.6   444.9   548.7   858.0  2149.5 102346.0   102729
read      231.8    62.8    93.8   150.3   165.3   227.3   248.7   260.5   269.0   279.5   296.3   327.7   402.4   904.6  2075.7  15223.0    15233
read      235.3    95.1    86.8   152.9   168.6   230.2   250.8   262.8   271.2   282.8   297.4   328.6   395.8   921.0  4317.0  14930.0    14904
read      257.2    90.4    74.4   134.1   148.9   250.6   290.7   315.9   333.7   352.6   374.1   408.4   487.7   608.4  1071.9  44007.0    44168
read      258.8    97.2    80.4   130.6   145.7   249.5   293.8   319.8   337.7   358.0   383.4   424.2   522.7   788.0  1502.3  49567.0    49750
read      248.8   148.4    74.4   124.1   138.1   225.3   274.1   305.7   329.0   356.0   390.0   437.2   540.4   954.8  8506.3 100527.0   100878
read      253.0   130.8    74.4   125.1   138.7   229.1   279.4   311.6   335.4   362.4   396.4   446.7   564.8  1428.1  3763.9  93690.0    93330
read      253.0   120.3    80.4   124.9   138.7   231.4   282.7   315.7   338.9   364.8   396.3   441.3   538.8   811.8  3603.3  75818.0    75527
read      229.4   230.7   109.4   151.5   163.5   212.6   230.3   240.6   249.0   259.0   272.9   306.5   498.3  4499.0  7442.6   6711.0     6637
read      259.7   196.5    93.8   148.2   165.3   245.6   272.3   288.8   301.2   318.4   340.1   377.2   519.0  2599.0  7358.9  22705.0    22677
read      255.4   136.2    80.4   126.8   140.2   235.3   286.7   319.4   342.7   368.5   399.1   443.1   537.3   732.7  2002.5  69085.0    69399
read      223.2    58.8   101.3   153.5   166.7   218.5   236.7   248.2   255.7   266.1   277.8   299.8   370.2   933.1  1893.7   9486.0     9465
read      252.4   130.8    74.4   123.7   137.4   228.6   279.9   312.8   336.6   363.3   396.1   442.0   546.7  1473.8  3460.7  80471.0    81491
read      252.3   101.0    74.4   125.4   139.3   234.3   285.7   317.2   339.0   363.8   393.8   435.4   522.4   696.0  1120.7  68482.0    68604
read      251.4   110.6    80.4   124.5   138.4   229.3   280.6   312.9   336.9   364.9   398.5   445.9   548.3   772.7  1214.1  86502.0    86719
read      259.0    91.3    86.8   133.2   148.0   250.5   294.3   320.1   338.5   358.9   383.9   423.3   499.4   621.2   843.6  47785.0    48219
read      250.9   105.2    74.4   127.8   141.4   229.5   277.5   308.9   332.9   360.6   394.4   440.8   541.3   744.7  1845.0 104641.0   105020
read      249.1   101.7    80.4   123.9   137.6   228.8   279.8   311.7   335.1   361.3   393.5   437.7   530.3   723.4  1053.3  78890.0    79027
read      253.2    75.4    80.4   140.7   156.3   250.6   282.8   301.7   317.1   334.3   354.4   383.4   441.8   556.0   959.5  33620.0    33669
read      226.1    59.7   101.3   156.8   170.0   220.8   239.3   250.1   257.8   268.3   281.5   305.2   381.2   914.8  1968.5   9050.0     9087
read      252.5    99.9    86.8   143.6   160.2   248.4   277.8   295.6   309.6   325.0   343.4   373.5   436.1   570.8  5564.2  28316.0    28486
read      254.7   122.0    86.8   137.8   152.5   248.9   283.6   304.0   320.1   338.4   360.0   391.6   459.2   872.9  6595.4  37010.0    36839
read      257.6    91.0    86.8   134.6   149.5   249.4   291.0   316.3   334.5   354.8   379.2   414.5   489.5   633.3  1090.1  46343.0    46303
read      256.1    76.2    86.8   143.4   159.5   252.9   284.1   303.7   318.2   334.4   353.7   384.8   455.7   598.3  1287.0  29661.0    29630
read      256.0    98.6    80.4   128.3   141.9   242.7   291.5   321.7   342.5   365.8   392.9   430.6   508.6   680.5  1053.4  58837.0    58735
read      239.6    59.1    93.8   156.0   172.6   235.7   257.5   269.3   277.6   291.2   309.2   336.9   404.2   875.0  1053.1  15812.0    15717
read      257.6    96.4    80.4   131.2   145.3   246.0   292.6   321.0   340.2   362.2   389.1   428.3   505.4   653.3  1456.8  54559.0    54660
read      257.3   127.9    80.4   127.9   141.7   231.2   281.7   314.9   339.8   368.7   404.4   458.3   593.9  1186.6  2969.7 100385.0   100453
read      253.4   146.9    74.4   124.8   138.6   229.7   280.6   313.6   337.5   363.7   396.7   444.3   544.9  1053.8  4050.8  84147.0    84114
read      259.0   112.7    74.4   132.9   147.6   249.2   291.9   317.3   336.3   357.2   381.6   418.7   494.3   959.4  3543.8  48101.0    47655
read      251.3   102.6    74.4   124.6   138.7   233.2   284.0   315.9   338.3   362.9   392.3   434.5   523.0   686.4  1042.3  71377.0    71572
read      257.1   150.9    80.4   125.4   139.6   228.8   278.2   310.3   334.7   363.9   401.2   459.2   655.4  1763.4  3701.6  97139.0    97243
read      261.1   116.0    80.4   131.1   146.0   238.6   289.2   321.4   344.2   371.0   404.4   455.8   571.9  1088.3  2019.1 109411.0   109600
read      260.0   128.6    80.4   128.6   142.9   235.8   286.8   319.4   343.5   371.9   406.5   460.0   607.2   983.9  3012.0  98389.0    97814
read      258.0   109.4    80.4   132.9   147.5   248.7   291.3   316.8   334.9   355.0   378.7   414.5   500.6   732.2  4142.6  46924.0    46973
read      256.6    93.3    80.4   131.4   145.4   245.9   292.2   319.8   338.7   360.1   385.9   422.3   499.0   653.5   937.1  52703.0    52430
read      226.5   120.0    93.8   156.1   169.1   218.2   236.1   247.1   254.1   264.4   275.4   305.6   382.8  1346.8  6608.4   7151.0     7146
read      254.3   101.1    74.4   125.8   139.9   238.1   288.1   318.6   340.8   365.1   394.9   437.6   532.7   682.0   800.2  64412.0    64613
read      228.6    64.9   101.3   158.6   171.8   222.3   240.0   251.2   259.6   269.4   283.7   314.1   401.4   983.2  1974.1   8316.0     8185
read      254.8   113.4    80.4   125.3   139.3   230.9   281.4   314.1   339.1   367.7   403.1   456.4   596.1  1040.1  1670.5  91009.0    91736
read      255.2   100.1    80.4   130.2   144.7   246.0   290.0   316.1   334.5   354.9   379.9   418.0   497.5   618.6  1789.5  50717.0    50530
read      251.0   153.7    80.4   123.0   136.7   223.0   271.8   302.4   326.1   354.3   391.5   444.9   601.9  2098.1  4593.1  98872.0    99806
read      249.4    76.2    80.4   150.6   167.4   245.8   271.2   286.0   296.3   311.9   331.4   360.6   423.3   955.4  1738.8  22895.0    23088
read      257.8    88.4    86.8   138.0   152.4   252.6   290.4   312.5   328.2   345.9   369.6   403.5   480.9   611.7  1131.7  39349.0    39498
read      219.7    52.6   101.3   154.2   165.8   214.3   232.0   242.3   249.8   259.2   273.3   300.2   384.5   901.0  1000.7   7255.0     7321
read      254.1   103.9    74.4   127.2   140.9   234.8   286.0   318.2   341.3   366.5   397.2   440.0   533.1   695.7  1665.6  69863.0    70463
read      256.5   101.5    80.4   130.3   144.4   243.5   290.8   319.9   340.4   363.1   390.3   428.0   503.8   613.3  2165.9  56241.0    55826
read      252.5   100.1    74.4   126.2   139.8   234.4   284.8   316.0   339.0   365.0   395.2   436.0   527.9   690.9   804.2  68436.0    68597
read      250.1   107.9    80.4   124.1   137.9   229.0   278.8   311.5   336.1   363.9   396.6   440.8   531.5   735.1  3148.5  83494.0    83723
read      258.6   157.3    80.4   127.3   141.0   231.9   283.1   315.9   340.9   369.9   404.3   458.6   592.7  1358.9  6688.6  94798.0    93939
read      230.7    70.5   101.3   156.2   170.5   224.8   245.6   257.1   265.5   273.9   289.6   316.6   388.6   971.9  2358.5  10980.0    10956
read      256.3   105.7    80.4   134.6   149.6   248.9   289.0   313.5   330.3   347.6   370.0   400.8   471.1   709.5  3905.1  43132.0    43150
read      254.4   106.7    80.4   128.1   142.0   239.3   288.5   318.1   339.6   363.2   391.1   430.2   507.3   645.4  3456.5  61323.0    61224
read      255.7   107.4    74.4   127.5   141.0   235.8   288.0   320.7   343.5   368.9   399.5   443.5   542.2   730.5  2123.8  72644.0    72370
read      255.5   107.2    74.4   126.7   140.3   235.3   286.6   319.0   342.5   369.1   401.4   448.9   546.3   786.2  1296.4  74974.0    75062
read      253.0   103.5    80.4   126.0   140.0   235.7   286.5   316.7   338.7   363.0   392.2   433.4   526.8   769.3  1208.5  65780.0    66006
read      254.0   108.7    80.4   128.1   142.1   232.2   281.4   312.5   336.1   364.1   397.6   446.0   548.7   906.8  1877.2 103750.0   103596
read      254.9   126.9    74.4   127.1   140.9   230.6   280.7   314.2   339.3   367.0   400.1   448.8   558.3  1018.8  3157.9  92035.0    92033
read      227.0    84.3    93.8   154.5   168.4   221.2   240.5   251.8   260.2   269.7   283.8   311.6   378.1   904.3  3910.6  10679.0    10484
read      250.5   110.1    74.4   124.9   139.0   227.3   275.7   307.5   331.3   359.3   393.8   444.7   566.1  1065.0  1616.3 100616.0   101797
read      246.1   101.3    80.4   123.6   137.2   225.4   273.8   305.1   328.9   355.1   387.7   433.1   525.1   766.1  1258.5  93184.0    93004
read      253.9   125.9    80.4   128.1   142.1   241.7   288.2   315.9   334.6   355.0   379.7   416.6   495.1   704.8  5178.6  55166.0    55072
read      252.3   111.4    80.4   127.4   141.0   230.7   280.2   312.7   336.4   363.0   395.2   442.0   539.0   806.8  2677.8  97270.0    97279
read      248.3   101.7    80.4   122.9   136.6   228.0   278.7   311.8   335.7   361.8   392.6   435.4   529.2   681.0   963.5  82016.0    82336
read      249.9   109.2    80.4   124.6   138.3   227.7   276.5   309.2   333.2   361.2   396.2   445.3   549.7   820.8  1148.2  94887.0    94577
read      253.4   118.8    86.8   146.8   163.9   246.8   272.9   288.9   300.5   315.9   335.7   367.2   445.2  2079.9  3666.1  24883.0    25009
read      253.7   110.7    80.4   127.9   141.6   231.3   280.6   312.6   336.4   364.1   398.8   448.3   554.0   891.9  3059.6  98834.0    98952
read      249.7    97.7    80.4   125.1   138.7   236.7   285.0   313.8   334.5   356.6   382.6   420.9   492.4   593.6  1476.9  61819.0    62113
read      248.4   106.5    80.4   123.9   137.8   226.8   275.4   306.8   331.3   358.9   392.5   441.4   542.0   780.8  2421.4  90389.0    90099
read      256.9    97.4    80.4   130.6   144.7   246.2   291.6   319.6   338.5   359.3   384.8   423.5   505.3   725.3  1409.1  53816.0    54206
read      253.8    83.6    80.4   138.4   153.4   250.3   285.1   305.6   320.6   337.8   358.6   389.7   458.2   549.4  2797.7  36399.0    36396
read      253.2   120.4    74.4   127.3   140.9   237.4   286.5   315.6   335.8   358.4   386.6   427.9   512.7   750.2  4370.8  61629.0    61074
read      253.1   111.6    74.4   126.2   139.7   235.0   285.1   316.8   339.7   364.9   394.6   434.5   515.4   693.2  2903.1  70230.0    70494
read      259.0   111.2    80.4   134.6   149.4   250.6   291.4   315.9   333.3   352.4   375.1   411.1   487.9  1274.9  2543.1  44363.0    44168
read      256.6    99.6    80.4   129.5   143.7   243.4   291.5   321.1   342.0   364.6   390.9   428.8   504.9   651.8  1928.3  57193.0    57463
read      255.0    99.2    80.4   128.4   142.3   240.9   291.1   320.8   340.4   362.4   389.2   428.5   503.6   648.2  1936.4  59924.0    60314
read      251.1   107.4    80.4   126.4   140.0   228.4   277.2   309.1   332.9   360.4   395.0   444.9   560.7   885.6  1910.6 105101.0   105044
read      254.6   146.5    80.4   127.1   141.0   238.2   287.1   317.5   338.6   361.6   390.3   430.0   509.1   682.1  9558.1  64050.0    63992
read      253.4   102.4    80.4   127.4   140.9   238.3   287.8   317.1   338.4   362.5   391.1   429.7   506.9   644.1  2120.3  64874.0    64734
read      256.6    88.4    86.8   138.1   152.9   252.1   288.7   310.3   325.8   343.1   366.3   399.8   471.7   616.6  1267.5  38415.0    38524
read      246.5    65.6    86.8   148.6   165.2   244.1   269.1   283.6   294.8   310.0   329.0   358.4   421.9   577.1  1015.3  23396.0    23279
read      252.1   141.3    80.4   125.5   139.1   227.4   276.9   309.1   333.4   361.4   395.1   443.8   557.4  1063.0  5185.2  95893.0    96010
read      251.4   101.5    80.4   125.9   140.0   234.1   283.9   314.7   336.9   361.6   391.4   431.7   507.6   669.7  1754.0  68332.0    68478
read      253.7   106.0    80.4   126.8   140.6   234.2   284.9   317.6   340.9   366.2   395.9   437.5   536.7   755.2  1777.0  71194.0    71493
read      253.0    79.7    86.8   136.8   152.1   249.2   284.5   305.2   320.8   338.9   360.6   391.9   460.1   577.9   971.2  38971.0    39521
read      248.4   102.2    80.4   123.9   137.9   229.7   279.0   308.6   331.3   357.7   389.3   433.2   523.9   738.3  1178.3  73471.0    73637
read      256.1    88.4    80.4   133.8   148.9   248.9   291.4   316.1   333.7   353.0   375.3   409.8   470.5   580.6  1320.4  46406.0    46296
read      249.3    86.0    93.8   146.1   162.8   247.6   274.7   290.3   301.4   315.9   335.0   363.4   422.0   544.8  1076.1  25974.0    25879
read      228.7    79.5    93.8   154.2   168.8   223.6   242.5   253.0   261.8   271.5   286.5   314.1   370.8   973.2  3895.8  11661.0    11714
read      267.5   253.1    80.4   124.6   138.8   231.5   283.6   318.3   342.2   371.1   404.6   458.3   628.8  3698.9  7725.4  89224.0    89519
read      252.1   104.2    80.4   126.4   140.4   233.6   284.6   316.0   338.5   363.4   393.7   435.1   515.1   638.4  2073.1  71087.0    71339
read      257.7   141.0    80.4   128.4   141.7   239.7   288.6   320.8   342.1   366.4   395.6   436.3   528.8   993.8  4493.1  63661.0    63633
read      242.4    88.6    86.8   149.7   166.7   237.1   261.3   273.6   284.7   296.8   316.5   346.6   404.8   916.7  3642.3  19147.0    18929
read      251.5    98.6    80.4   125.6   139.3   234.3   284.5   315.9   338.1   362.3   390.8   431.7   517.1   641.9  1136.5  69497.0    69661
read      222.0    77.6   101.3   153.8   167.1   217.0   233.8   243.9   250.8   259.9   272.6   297.2   368.0   973.8  4440.0   8786.0     8686
read      242.8    62.7    86.8   150.4   166.1   239.5   264.3   277.1   289.0   303.1   323.3   349.2   403.2   502.0  1007.2  20854.0    20828
read      251.1    99.9    80.4   124.8   138.6   233.6   285.2   316.4   338.3   362.3   391.3   430.6   507.2   631.5  1472.3  68962.0    68811
read      258.4   107.9    74.4   130.7   145.1   236.5   286.2   317.3   340.4   367.7   401.2   453.4   571.8   933.7  1573.4 108167.0   108532
read      246.4   106.4    74.4   123.6   137.3   224.4   273.1   303.8   327.1   354.2   388.5   435.3   543.2   805.5  1567.1  96636.0    96969
read      243.4    68.2    86.8   149.1   165.4   240.4   265.1   277.8   289.4   302.7   320.2   348.2   418.3   546.5  1015.7  21678.0    21773
read      248.4   107.1    74.4   123.2   136.7   226.5   275.5   308.0   331.7   359.2   393.5   441.5   545.7   804.5  1740.0  90483.0    90731
read      254.6   105.5    80.4   126.9   140.8   238.8   287.7   318.8   340.1   363.8   393.0   435.0   529.3   687.9  1701.7  63779.0    63998
read      251.2   100.3    74.4   125.2   139.3   235.2   285.3   314.8   335.4   358.3   387.0   428.7   513.8   668.7  1611.7  64321.0    64446
read      258.0   132.6    93.8   141.8   157.8   251.1   282.9   302.1   316.7   333.3   352.8   384.0   463.6  2239.5  3442.4  31871.0    32180
read      253.8   130.3    80.4   126.1   139.7   233.0   284.2   315.5   339.2   365.4   396.5   441.0   537.1   782.2  2235.9  75893.0    75461
read      257.1    91.5    80.4   131.5   145.9   247.3   293.1   320.8   338.9   359.5   384.4   420.2   495.8   618.1   747.6  51665.0    51464
read      254.2    88.8    80.4   133.0   147.8   247.4   289.1   313.1   330.0   347.4   371.0   405.8   475.4   583.6  1202.4  47063.0    47445
read      227.6    64.2    93.8   154.3   168.0   223.0   242.5   253.4   262.6   272.5   287.5   311.8   379.8   949.6  1852.1  12425.0    12315
read      251.6   108.5    80.4   127.1   140.8   229.4   278.5   311.2   335.0   362.1   396.4   445.9   541.8   788.7  2310.6  98518.0    98965
read      252.1   104.0    80.4   125.6   139.1   232.6   284.0   316.1   338.8   364.1   394.6   437.1   533.6   723.7  2184.5  70935.0    71412
read      256.5   107.4    80.4   134.2   149.1   250.6   290.8   314.5   331.1   348.3   370.3   401.6   470.0   623.9  2669.6  44945.0    44818
read      254.4   146.4    74.4   126.0   139.7   236.2   287.5   317.7   337.9   360.5   388.6   429.5   514.1   956.0  6030.3  65006.0    65032
read      223.4    49.8   101.3   156.7   169.7   219.6   237.3   247.9   254.6   264.4   274.5   298.4   369.8   749.7   993.8   9987.0    10162
read      254.2    88.8    86.8   132.6   147.3   248.3   288.5   311.5   327.7   345.7   369.8   404.7   484.0   651.0  1771.8  46347.0    46718
read      252.3   103.1    74.4   125.3   139.2   231.8   282.6   313.9   337.2   364.6   398.4   446.2   547.3   738.2   923.7  81140.0    81555
read      252.4   104.6    80.4   127.0   140.7   230.2   279.9   311.7   335.4   363.2   398.4   448.7   547.4   846.5  1265.0  93373.0    93247
read      256.0    87.5    80.4   134.6   149.5   250.3   291.0   314.9   331.4   348.9   371.2   403.8   469.7   583.4  1374.4  44598.0    44331
read      254.1   100.8    80.4   126.0   139.9   236.3   288.5   320.6   342.5   366.8   396.9   437.0   519.4   660.1  1287.1  68243.0    68373
read      250.6   124.9    80.4   125.5   139.4   227.0   274.8   306.4   330.5   358.6   394.1   446.2   550.7   913.8  3942.6  99942.0    99824
read      232.5   118.7    93.8   154.3   168.6   225.0   244.7   255.6   264.5   273.4   290.0   317.4   390.1  1603.5  3469.9  13223.0    13056
read      255.2   109.3    80.4   126.7   140.8   237.4   289.2   320.5   341.9   365.7   394.6   434.9   523.4   772.2  2663.0  65792.0    65920
read      253.5   125.8    86.8   143.5   160.1   247.7   276.2   292.9   306.3   322.2   342.1   373.6   447.8  1091.5  4778.8  28437.0    28566
read      248.7    84.5    86.8   145.8   161.8   245.0   271.7   287.8   299.3   314.5   333.5   363.1   429.5   979.1  2875.7  25280.0    25078
read      255.5   109.7    74.4   127.3   140.7   232.5   283.1   316.4   341.1   369.5   403.8   456.4   567.0   808.8  1725.7  89030.0    88903
read      253.9   141.3    80.4   125.9   140.1   228.7   275.5   306.2   330.2   357.8   392.6   444.2   581.7  1901.0  4129.7 108605.0   108661
read      254.5   107.5    80.4   127.7   141.1   239.3   287.9   317.3   339.8   363.9   392.3   432.2   514.0   683.5  3929.1  64724.0    64992
read      252.8   111.6    80.4   125.6   139.4   232.4   283.9   315.5   338.2   364.5   396.1   442.1   546.5   770.8  1304.4  77966.0    77433
read      232.0    61.9   101.3   153.1   168.0   228.4   248.9   260.3   268.9   279.3   295.5   320.5   385.6   881.4  2272.3  15879.0    15971
read      240.0    69.3    86.8   154.0   171.1   235.3   258.2   270.5   279.8   292.1   309.5   337.9   401.2   874.3  3065.9  16946.0    16899
read      250.8   116.2    80.4   123.7   137.2   227.2   277.5   309.6   333.5   360.9   395.1   443.2   563.0  1198.4  2404.6  84812.0    84638
read      251.2   131.9    80.4   138.6   153.6   247.0   278.7   295.8   310.7   327.8   348.3   380.6   445.2   629.9  7238.2  35339.0    35480
read      255.3   114.1    80.4   127.4   141.4   232.7   282.8   314.9   338.8   366.4   400.8   451.0   559.2  1060.2  2223.4  97313.0    97273
read      250.9   105.1    80.4   124.9   138.5   230.8   281.7   313.6   336.9   362.8   393.6   436.7   530.4   756.8  1840.8  79384.0    79139
read      245.7    83.4    86.8   143.5   160.2   241.7   267.5   281.8   293.1   308.5   328.9   363.3   433.7   888.9  2469.0  25460.0    25297
read      250.8   120.9    80.4   125.6   139.6   228.1   276.7   307.7   331.3   359.1   393.0   443.1   553.5   923.8  3859.1 102271.0   102339
read      251.0   100.8    74.4   124.4   138.1   231.3   284.4   316.8   339.1   364.1   394.6   435.8   523.8   704.0   940.9  72961.0    72458
read      249.5   107.2    80.4   124.5   138.3   227.6   277.6   310.4   334.6   362.5   395.2   441.5   538.7   736.8  1839.6  89958.0    90171
read      245.6   105.3    80.4   124.1   138.2   224.6   271.3   299.6   322.2   349.6   385.1   435.3   539.6   815.4  1463.3 109148.0   108648
read      256.0   113.8    74.4   130.4   144.7   245.9   290.3   317.1   335.4   355.4   379.1   414.9   490.8   668.1  3866.8  50369.0    50499
read      258.1   159.5    80.4   126.1   140.0   230.7   280.6   312.7   337.1   365.4   401.3   456.7   604.3  1940.0  5203.2 102773.0   103049
read      255.0    88.4    86.8   135.8   150.9   249.7   286.4   308.5   324.6   342.2   366.1   400.4   471.1   720.2  1009.3  40147.0    39793
read      243.9    66.2    86.8   150.3   166.8   239.8   264.7   278.1   289.7   303.5   321.8   350.5   417.5   873.8  1099.1  20980.0    21064
read      257.0    86.3    86.8   137.0   151.8   252.1   290.9   313.8   330.0   347.5   370.2   401.4   469.3   577.6  1439.6  40757.0    40595
read      253.6   100.5    80.4   126.6   140.4   237.1   287.8   319.0   340.4   364.0   392.7   433.1   518.3   702.3  1763.0  66410.0    66094
read      245.7    94.0    93.8   151.4   168.3   241.2   265.7   278.9   290.3   304.0   321.4   350.7   402.7   893.6  5146.8  19568.0    19325
read      236.4    66.3    86.8   156.7   172.7   231.9   253.0   265.4   273.5   286.2   302.4   329.9   383.6   678.0  1475.5  13901.0    13925
read      251.3   107.4    80.4   124.9   138.9   232.7   283.7   315.5   338.4   364.1   394.2   434.9   520.5   669.0  1606.8  71684.0    72470
read      251.9   107.6    80.4   124.6   138.3   232.8   284.1   316.6   338.8   363.6   394.2   437.3   528.4   705.6  2501.1  73626.0    73495
read      248.0   105.1    80.4   123.2   137.4   226.8   276.5   307.8   331.8   359.5   392.5   437.9   534.5   723.1  1297.7  87243.0    86683
read      260.7   163.8    74.4   127.0   140.6   237.5   289.7   322.1   344.6   369.7   400.2   443.9   563.1  1801.1  5256.5  68253.0    68819
read      249.7    70.8    86.8   145.0   162.0   247.6   274.3   290.5   302.6   318.3   338.1   367.1   431.9   607.6  1013.9  27254.0    27253
read      248.0   128.5    80.4   123.8   137.5   223.6   271.4   301.1   325.0   353.1   388.4   437.3   563.9  1409.6  3997.0 104835.0   105279
read      246.6    71.3    86.8   147.3   163.8   243.5   269.3   284.2   295.2   310.3   329.4   359.4   427.3   698.4  1156.4  23642.0    23628
read      259.8   151.0    80.4   124.5   138.5   232.1   284.3   317.5   342.1   370.3   404.4   459.3   630.2  2013.4  3320.9  85976.0    86180
read      249.5    73.9    86.8   144.5   160.7   246.2   274.0   290.8   303.4   318.9   340.2   371.8   439.0   609.2  1913.8  28155.0    28305
read      253.9    82.1    80.4   136.7   151.8   249.1   286.4   308.6   324.7   342.4   363.9   395.2   464.5   557.3   945.4  39735.0    39975
read      257.3   136.0    86.8   137.1   152.5   251.1   288.4   310.1   325.6   342.8   365.6   400.0   467.7   623.3  7038.6  38915.0    39392
read      226.0    59.1   101.3   155.2   168.6   220.9   239.9   250.9   259.2   269.6   283.8   308.9   374.5   919.1  1894.5   9434.0     9232
read      256.3    99.4    80.4   130.8   145.1   245.9   291.7   319.6   337.8   357.9   382.0   418.8   501.0   634.5  2031.4  50359.0    50310
read      252.6   108.4    74.4   124.8   138.5   230.6   282.9   315.9   339.9   365.9   397.1   443.5   546.3   931.9  1398.3  78914.0    78444
read      248.2   111.4    80.4   123.6   137.6   225.4   274.8   307.1   331.5   358.9   392.3   438.9   540.5  1006.0  1863.1  92876.0    92684
read      257.0    96.8    86.8   141.3   157.2   253.2   286.6   307.0   321.3   338.3   359.5   391.1   457.5   592.7  3672.5  33962.0    33919
read      232.4   119.2   101.3   158.5   173.0   224.7   244.5   255.4   264.2   273.0   288.2   315.9   377.8  1224.0  7558.8   9626.0     9652
read      250.9   104.5    80.4   125.4   139.2   228.9   281.1   314.2   338.7   365.3   396.9   441.8   532.6   733.3  1459.4  83605.0    84235
read      244.8   113.9    74.4   121.7   134.9   221.6   271.6   302.0   325.1   351.5   385.6   432.6   540.2  1093.5  2575.7  89039.0    89236
read      255.5    79.8    80.4   139.8   155.1   252.2   286.6   307.8   323.5   340.1   361.0   392.9   456.9   560.0  1234.4  35168.0    35182
read      253.0    74.8    86.8   143.8   160.5   250.8   281.2   298.2   312.3   328.1   347.3   377.4   436.1   526.5  1020.7  29784.0    29868
read      253.4   100.3    80.4   127.1   140.7   236.4   287.2   318.2   340.8   365.5   394.2   433.2   507.5   646.7  1090.2  65028.0    65163
read      231.6    62.0    93.8   156.5   170.7   227.6   247.6   258.9   267.4   276.4   292.6   316.6   370.7   926.8  1485.0  12193.0    12137
read      254.4   105.3    80.4   127.1   141.1   239.4   289.6   319.8   341.0   364.1   391.6   429.9   502.1   638.7  3104.8  61277.0    61980
read      253.9   105.3    74.4   126.5   140.5   235.4   287.3   318.1   340.5   366.2   396.1   436.5   523.9   710.3  2612.2  68697.0    68692
read      245.3   114.2    74.4   123.8   137.8   222.0   269.8   299.3   322.5   349.4   384.0   434.4   545.1  1096.0  3148.6 107462.0   107979
read      261.4   171.0    80.4   134.4   149.5   252.0   292.0   316.8   334.7   354.3   377.5   413.7   498.6   890.0 10394.6  44821.0    44697
read      245.9    76.5    93.8   150.7   166.8   242.5   266.9   279.8   290.2   303.0   320.6   353.6   428.5   624.9  3212.8  20807.0    21036
read      257.0   137.8    80.4   126.7   140.5   232.4   284.0   317.4   342.6   370.8   403.8   454.6   567.3  1008.0  5171.8  89586.0    89648
read      256.5    81.5    86.8   138.6   153.5   252.9   289.1   310.3   325.6   342.7   364.1   395.0   465.9   571.0   957.4  38152.0    38068
read      249.1    72.3    93.8   148.4   164.6   246.0   271.8   287.9   299.8   315.7   335.8   364.6   423.1   582.5  2133.1  24092.0    23853
read      250.5   102.7    80.4   126.1   139.8   229.5   278.2   309.4   333.6   361.6   395.3   443.2   538.5   790.6  1138.3  94162.0    94618
read      251.5   133.0    80.4   124.5   138.5   230.3   279.7   310.1   332.9   358.6   391.5   436.5   532.5   973.3  5627.8  80024.0    79614
read      247.7    80.9    86.8   146.4   163.3   243.1   269.3   284.2   295.3   311.4   331.9   363.9   435.3  1032.9  2410.7  24487.0    24378
read      254.2   112.9    74.4   125.6   139.3   230.4   282.2   316.0   340.3   368.4   402.9   453.2   563.9   953.8  2020.9  84215.0    84735
read      253.4   127.4    74.4   126.3   140.3   231.1   280.5   312.9   336.5   363.4   396.7   445.7   549.4   861.5  5193.9  90522.0    90499
read      257.5    92.3    80.4   133.4   148.5   250.1   292.3   318.2   335.8   355.3   378.7   412.5   480.7   608.4  1899.4  46419.0    46515
read      244.1    62.5    93.8   152.6   169.4   240.4   264.8   277.3   288.8   301.8   319.6   346.1   414.5   635.2  1007.9  18721.0    18830
read      249.3   104.4    74.4   124.0   137.9   227.7   278.2   310.6   335.2   363.0   396.1   440.6   536.5   698.6  1252.9  83222.0    83245
read      253.6    80.6    80.4   138.1   153.0   249.5   285.2   305.7   320.8   338.8   360.7   392.7   463.4   591.1   785.0  37974.0    38103
read      246.9   104.4    80.4   122.6   136.4   228.0   277.8   308.8   331.6   357.3   388.5   430.6   508.9   642.0  2575.5  78104.0    78351
read      229.3    54.4    93.8   154.5   168.9   225.3   245.1   255.2   264.6   274.0   290.0   317.7   385.2   874.3  1016.5  11946.0    11883
read      241.3   102.4    74.4   121.0   134.2   221.2   271.3   300.2   324.4   349.1   379.4   423.2   502.8   651.7  2247.0  81942.0    82546
read      253.0    94.7    74.4   129.4   143.1   242.0   287.7   314.6   333.8   355.2   381.5   421.2   496.0   612.0  1045.4  53490.0    53356
read      247.4    71.1    93.8   150.9   168.3   243.7   268.7   282.8   293.5   308.4   327.5   355.5   417.4   819.9  1833.3  21314.0    21606
read      238.8    76.2    93.8   153.4   169.1   234.4   257.1   269.4   278.4   291.9   310.1   337.4   396.9   878.3  3072.7  16662.0    16566
read      256.5   115.8    74.4   129.3   143.5   244.9   290.7   319.4   339.3   360.9   386.0   423.5   500.7   663.5  3122.8  52838.0    53192
read      244.0   108.6    74.4   122.5   136.6   220.9   268.5   296.7   320.3   347.8   382.1   431.4   558.3  1080.2  1380.5 108427.0   108883
read      226.6   101.2    93.8   155.0   167.5   218.2   235.3   246.5   253.8   264.7   277.3   306.0   396.8  2221.3  3143.7   7387.0     7366
read      244.9   102.3    80.4   122.7   136.2   223.2   272.2   302.8   326.9   353.9   387.2   432.9   532.9   789.6  1245.1  94259.0    94850
read      247.7   107.4    80.4   124.5   138.1   225.7   274.4   305.9   330.1   358.0   392.8   440.7   535.8   779.4  1369.6  93234.0    93630
read      249.2   106.3    74.4   123.3   137.2   229.1   280.3   312.1   335.1   361.8   393.6   435.5   526.5   693.4  1404.6  75026.0    74411
read      255.7   105.8    80.4   134.1   149.3   248.4   288.3   312.7   330.8   350.1   372.1   405.8   470.0   581.2  4889.6  44113.0    44291
read      248.9   202.9    93.8   152.7   169.8   239.9   263.8   276.5   288.5   301.8   319.0   347.2   409.4  3790.4 15166.1  18323.0    18140
read      256.3    96.1    86.8   133.0   147.9   248.3   290.6   315.5   333.5   353.5   376.8   412.1   487.4   705.0  1395.9  46512.0    46406
read      249.0   107.5    80.4   123.3   137.1   228.6   279.7   312.0   334.6   359.5   390.7   434.2   529.5   847.3  2080.1  76703.0    76568
read      250.0   102.3    80.4   123.9   137.9   232.6   283.6   313.5   335.4   359.7   388.7   429.6   517.9   687.0  2051.0  67387.0    67484
read      249.3   100.5    80.4   123.9   137.8   231.8   281.3   311.8   334.2   358.5   388.0   429.8   514.7   737.9  1253.2  69569.0    70037
read      249.6    85.3    86.8   144.0   160.5   246.6   274.3   291.6   304.6   319.7   340.2   369.3   431.4   555.4  1034.3  28111.0    28245
read      244.3   127.8    74.4   121.6   134.7   221.5   269.9   298.0   321.4   349.1   383.5   431.5   539.6   879.4  4498.2  95663.0    95855
read      247.8   117.3    74.4   123.5   137.3   224.4   273.6   304.5   328.8   355.8   389.6   436.8   548.1  1012.6  2981.6  94514.0    94882
read      238.9    64.2    86.8   152.5   169.2   235.0   257.9   269.7   278.3   290.8   308.4   337.7   402.5   877.2  1993.1  15793.0    15781
read      249.7   128.8    80.4   123.3   137.0   229.3   279.6   311.4   335.3   361.3   393.4   436.5   521.4   708.8  3846.9  77449.0    77465
read      238.4    64.6    93.8   151.4   166.7   234.8   257.6   270.2   279.6   292.0   309.6   338.5   399.0   720.8  1568.9  18016.0    18000
read      241.0   104.7    74.4   121.3   134.6   218.7   266.4   294.6   319.0   345.5   379.1   427.5   535.7   949.7  1528.0  99679.0    99573
read      250.1   125.2    80.4   125.7   139.5   227.3   275.5   306.8   330.4   357.3   389.7   436.7   546.0  1090.3  3704.8  99339.0    99265
read      249.1   104.3    80.4   123.8   137.7   229.8   279.6   310.5   334.9   361.7   392.2   433.5   515.6   809.5  2050.3  75852.0    75628
read      243.9    80.2    86.8   150.2   166.2   240.5   264.7   276.9   288.5   301.8   321.0   352.7   412.6   584.9  1807.0  21306.0    21273
read      253.3   107.6    80.4   127.2   140.9   231.0   279.7   311.1   335.5   364.5   399.3   450.2   555.5   897.1  1582.8  98530.0    99065
read      252.2   100.0    80.4   126.5   140.2   236.5   286.7   316.9   337.9   361.3   389.6   429.6   505.7   657.5  1094.4  62981.0    62986
read      250.0   104.7    80.4   124.0   137.9   231.6   282.2   313.7   336.0   360.4   390.8   432.7   518.1   731.5  1480.6  70844.0    71174
read      251.1   141.4    93.8   145.8   161.7   246.3   273.8   290.2   302.3   317.4   336.9   366.4   431.7   687.0  8875.2  26377.0    26304
read      229.9    63.5   101.3   152.5   167.4   225.3   245.3   256.3   265.6   275.0   291.6   317.9   388.2   933.7  2011.2  13396.0    13354
read      255.8    79.8    80.4   139.9   155.8   252.2   286.5   307.2   322.9   340.2   361.7   393.6   459.4   549.3  1164.6  35430.0    35658
read      255.4   103.8    80.4   135.6   150.8   249.5   287.0   308.9   325.3   343.8   366.2   399.6   468.3   640.6  3156.9  39436.0    39892
read      238.4    93.1    93.8   155.0   170.8   232.9   254.5   266.7   274.3   287.2   303.5   331.4   388.7  1001.7  4237.3  14740.0    14874
read      250.5    99.9    80.4   124.7   138.4   232.9   284.2   315.1   337.1   361.2   390.4   430.6   507.0   686.8  1384.9  71193.0    71766
read      261.8   151.3    80.4   130.4   145.0   236.7   287.0   318.4   341.6   369.2   403.6   456.6   579.1  1837.0  5740.3 107453.0   106924
read      251.4   104.9    80.4   125.6   139.1   232.9   283.5   314.1   337.0   362.4   392.0   432.6   518.9   695.1  3027.0  69980.0    69312
read      244.4    63.6    86.8   149.0   164.8   241.8   267.4   281.6   293.3   307.7   324.9   352.1   404.7   517.7  1062.9  23048.0    23069
read      254.2    84.4    80.4   142.4   159.0   250.3   281.7   300.1   315.0   331.7   351.4   382.9   444.2   607.4  1951.0  31380.0    31532
read      253.5   106.9    80.4   127.8   141.9   231.5   280.1   311.4   334.7   362.0   396.3   445.7   557.5   905.9  1680.7 106170.0   105945
read      244.1   102.4    74.4   123.1   136.6   223.1   270.8   299.6   322.7   350.3   385.8   433.4   531.9   721.3  1280.2 100349.0   100442
read      217.0    91.8    86.8   150.9   163.5   211.7   229.3   238.7   246.8   254.9   268.5   290.1   352.0   965.7  6115.0   7231.0     7075
read      240.4    62.7    86.8   150.4   166.4   236.9   261.3   273.7   284.8   296.9   315.3   342.8   402.1   591.8  1017.8  21189.0    21318
read      252.8   125.1    80.4   128.0   141.8   230.1   277.8   309.5   333.0   360.3   394.6   443.8   547.2   981.3  4555.8 103972.0   104020
read      252.2   108.3    74.4   125.7   139.5   232.5   282.5   314.1   338.4   365.6   397.0   440.8   524.6   670.4  2011.5  78382.0    78635
read      257.5   113.3    86.8   133.4   147.8   249.3   291.1   315.3   332.9   352.7   377.4   414.2   489.0   630.7  4289.7  46521.0    46764
read      227.5    89.0    86.8   156.0   169.7   220.9   239.5   250.8   259.0   269.0   282.8   308.9   373.9  1009.5  4406.2   9747.0     9723
read      233.5    71.1    86.8   154.4   169.9   228.8   249.1   260.5   269.4   280.4   295.9   323.1   399.5   914.2  1076.6  12929.0    13017
read      257.7    90.5    86.8   136.7   151.9   252.8   292.3   315.5   331.4   348.4   370.5   401.3   464.8   562.8  2028.7  40536.0    40662
read      253.9    81.4    86.8   139.9   154.8   249.9   284.1   304.6   320.2   337.0   357.1   387.4   453.7   567.5  1943.2  34818.0    34465
read      256.4    93.2    80.4   133.1   148.4   248.5   291.3   316.8   334.0   352.4   374.3   410.2   475.7   632.3  2398.1  46474.0    46730
read      255.1   133.2    80.4   125.0   139.0   233.1   284.7   317.1   340.9   366.5   396.9   442.7   541.9  1436.9  3872.0  73086.0    73264
read      249.5   107.5    74.4   123.4   137.3   228.7   278.6   310.5   333.7   360.1   393.2   438.6   546.8   866.6  1284.4  79919.0    79688
read      258.4   128.5    80.4   129.7   144.4   235.7   285.1   315.7   338.8   366.3   400.2   451.0   573.1  1103.9  4081.4 109096.0   108967
read      257.0    99.4    80.4   129.6   143.8   244.8   293.1   321.9   341.1   362.4   388.3   427.2   508.9   676.8  1938.8  56499.0    56343
read      254.2    86.9    80.4   135.0   150.3   249.2   288.1   310.8   326.5   342.9   365.4   397.7   463.1   563.4  1015.5  41820.0    41842
read      243.7    87.3    93.8   148.6   165.3   237.9   262.4   274.5   286.6   300.1   319.1   350.1   424.1  1395.7  2517.6  20141.0    19881
read      224.5   133.5   101.3   157.2   169.4   216.7   233.6   244.2   251.6   261.3   273.1   296.3   373.2   995.4  9067.6   6057.0     6107
read      255.0    88.0    80.4   137.5   152.6   250.6   287.4   309.0   324.2   341.1   362.7   394.6   462.8   611.0  3003.3  38235.0    38731
read      252.5    77.8    86.8   142.5   159.4   249.7   280.8   299.9   313.6   329.2   347.1   374.6   434.0   544.9  1090.0  31275.0    31156
read      246.9   110.6    80.4   123.4   136.9   227.1   276.8   307.5   330.2   355.4   386.1   428.8   513.0   763.5  3242.3  79609.0    79889
read      253.9    77.3    86.8   142.8   159.3   251.4   283.3   301.1   314.5   330.4   349.8   378.8   439.5   578.3  1955.0  31693.0    31951
read      261.5   132.3    80.4   130.5   145.0   236.5   286.3   317.6   341.8   370.0   405.7   459.2   603.7  1474.4  2822.7 105338.0   105358
read      249.7   120.4    80.4   125.1   139.3   226.5   273.7   303.3   326.4   354.7   390.2   438.9   555.0  1274.9  3665.9 104917.0   104834
read      233.5    70.5    93.8   156.0   170.9   227.8   248.6   260.5   269.0   279.5   296.2   325.0   389.9   911.8  1997.2  12624.0    12457
read      251.1   100.8    80.4   125.1   138.9   233.0   283.6   315.0   338.9   364.1   392.7   433.1   514.7   693.1  1262.6  72204.0    72818
read      261.4   138.1    80.4   135.3   150.8   251.3   291.9   316.3   333.4   352.0   374.5   409.3   492.1  2431.7  3823.3  44700.0    44775
read      251.6    98.9    80.4   125.9   139.8   234.1   284.9   314.1   336.8   361.8   392.1   433.6   513.6   683.5   859.5  68306.0    68489
read      257.7    97.8    80.4   131.7   146.7   247.3   292.7   320.4   339.1   359.9   385.4   422.9   496.0   625.2  2899.7  52595.0    52510
read      251.5   102.8    80.4   125.5   139.5   230.7   281.1   313.1   337.6   364.8   396.5   441.3   536.8   779.6  1170.5  84428.0    84955
read      239.0    68.3   101.3   161.1   175.6   233.5   254.5   266.7   274.4   287.4   303.6   330.8   399.1   940.0  2130.5  14249.0    14282
read      253.3   113.3    80.4   126.4   140.3   230.4   280.6   312.8   338.4   367.3   400.0   447.9   550.6   868.0  3505.8  87306.0    87096
read      249.1   110.5    74.4   123.9   138.2   226.6   275.5   307.4   331.4   358.8   391.8   436.5   550.9  1025.2  1574.0  90753.0    90273
read      254.2   132.5    80.4   142.6   158.6   249.0   280.2   298.8   313.5   330.0   349.0   378.1   447.6   933.2  2764.4  31293.0    31352
read      244.0    74.5    86.8   152.1   168.3   239.7   264.3   276.0   287.8   301.0   320.2   349.3   413.6   698.4  2883.9  19822.0    19469
read      232.3   225.0   101.3   155.0   167.3   217.3   234.8   245.6   252.7   262.6   273.9   298.8   454.1  3460.0  7710.0   7119.0     7075
read      275.1   221.3    80.4   140.5   156.3   254.6   292.7   317.3   335.3   356.6   385.6   432.0   669.9  2495.6  8406.3  35385.0    35529
read      255.3   110.8    74.4   126.7   140.2   231.6   283.9   317.5   342.0   370.0   403.0   452.2   567.8   962.0  1681.2  85371.0    84543
read      243.2    64.2    93.8   151.4   167.7   238.8   263.2   275.7   287.8   301.4   320.8   352.8   409.4   774.4  1285.7  19575.0    19670
read      253.5    81.3    74.4   138.9   154.2   250.8   285.2   305.7   320.4   336.5   355.5   384.4   443.8   593.2  1466.8  35466.0    35779
read      249.1   105.6    80.4   123.6   137.4   228.4   279.3   311.2   334.9   361.9   394.0   438.6   531.2   719.3  1169.7  80647.0    80767
read      252.2   106.9    74.4   124.0   138.2   230.7   282.2   314.9   339.6   366.1   397.8   443.1   551.5   874.4  1258.3  84567.0    84436
read      250.2   144.6    80.4   121.8   135.7   221.1   270.1   300.1   324.7   353.5   389.5   444.2   689.7  1767.6  2768.2 102344.0   102570
read      254.3   116.3    74.4   125.8   139.4   237.1   287.5   318.5   340.6   364.6   393.2   433.2   527.6   764.6  2722.2  64760.0    64539
read      244.3    72.0    86.8   148.7   166.2   240.7   265.0   277.8   290.5   305.2   322.6   349.6   407.7   588.8  2034.2  20524.0    20695
read      252.5    89.5    86.8   142.2   158.8   248.4   279.2   296.2   310.7   327.4   348.1   378.4   452.6   617.7  3014.8  29081.0    29052
read      250.4   113.0    74.4   124.7   139.0   228.4   276.8   307.1   329.9   357.5   391.7   440.6   550.1  1086.8  1963.0 109357.0   109606
read      246.1   104.3    80.4   121.6   135.1   223.8   273.5   305.6   329.9   357.7   390.9   437.6   553.8   747.1  1126.9  86998.0    86574
read      251.0    93.3    86.8   145.2   161.9   246.6   274.2   292.7   306.2   320.7   342.1   372.9   435.2   552.7  2094.7  26447.0    26386
read      252.4    77.4    80.4   141.4   157.9   249.2   279.4   296.8   311.9   328.8   348.7   379.9   454.4   617.7  1129.5  30081.0    30300
read      254.2   122.3    80.4   124.7   138.7   231.6   283.5   316.6   341.0   367.5   398.9   447.6   575.5   817.3  2203.0  79455.0    79261
read      255.8   134.6    74.4   124.2   138.3   232.3   283.4   316.0   340.7   368.3   401.2   451.4   580.4  1205.8  4995.2  73523.0    72798
read      247.4    69.9    93.8   147.4   164.2   244.2   270.7   286.5   297.8   314.0   333.6   361.6   420.9   539.0  1009.5  23754.0    23763
read      256.6    93.0    80.4   132.5   147.9   248.4   289.4   314.9   332.8   352.4   377.3   415.9   499.3   648.9  1665.8  44868.0    45061
read      256.5   106.3    80.4   128.6   142.7   242.3   290.6   320.0   340.6   363.3   390.9   430.2   512.4   830.8  3121.0  57857.0    57867
read      251.4    74.6    80.4   142.6   158.9   248.6   277.8   294.6   309.1   326.3   346.9   376.1   440.9   557.3  1508.2  29073.0    28765
read      251.5   161.3    74.4   122.1   135.8   222.1   270.8   301.4   326.2   354.5   389.7   446.0   650.8  2609.2  4646.6 104980.0   105615
read      262.3   145.0    74.4   127.7   142.0   233.7   284.2   315.9   339.4   367.4   403.2   461.4   761.2  1555.2  3802.1 109370.0   109800
read      250.0   112.0    80.4   122.9   136.9   225.3   275.2   308.0   332.1   360.2   395.3   446.2   619.1   938.4  1371.6  92843.0    92474
read      253.0   102.6    80.4   124.9   139.0   234.1   286.4   317.6   339.7   364.4   395.2   441.7   533.3   727.6  1285.2  69679.0    69536
read      240.5   106.5    80.4   121.9   135.7   218.4   265.9   293.7   316.3   343.2   376.7   426.2   529.4   826.9  3271.6 109338.0   108847
read      260.7   215.1    80.4   138.6   154.4   252.7   290.2   312.9   329.2   346.5   369.4   402.7   471.8   589.7 15511.8  37759.0    37648
read      252.7   131.4    74.4   124.8   138.6   227.7   277.3   308.5   332.7   360.2   393.6   442.0   580.8  1558.3  3342.2  98728.0    98797
read      251.6   115.1    80.4   124.9   138.5   231.9   283.1   314.8   337.8   363.7   394.5   436.2   522.2   768.9  2195.1  72006.0    71781
read      257.2    98.2    80.4   132.7   148.2   249.9   292.0   316.5   334.1   353.3   375.7   412.4   489.3   625.5  1724.9  44950.0    45034
read      244.0    78.3    86.8   145.2   161.7   240.8   266.9   281.5   292.8   307.3   325.3   353.6   413.8   582.1  1937.8  23131.0    23060
read      250.6   118.6    80.4   124.2   138.4   226.6   276.3   308.4   332.6   360.6   395.2   443.9   557.7  1232.2  2926.7  98942.0    99559
read      247.1   140.3    74.4   121.3   134.6   225.5   276.0   308.1   331.4   356.7   387.1   430.5   530.1   865.0  7273.3  78844.0    78907
read      243.2   103.3    74.4   123.6   137.4   222.3   268.5   296.8   319.7   346.3   381.7   431.0   529.4   808.3  1337.6 109468.0   109987
read      250.5   104.4    80.4   124.9   138.9   228.5   278.9   311.1   335.2   362.7   396.2   444.4   548.5   787.6   940.9  96420.0    96463
read      232.4    89.6    86.8   152.7   167.6   227.0   247.9   259.7   268.5   278.7   293.9   320.6   394.9   963.7  4668.6  14579.0    14541
read      252.6    81.2    86.8   141.4   157.5   248.8   279.4   297.7   312.4   328.6   347.2   379.1   449.3   746.7  1713.0  30277.0    30227
read      253.1   121.5    80.4   126.3   140.5   229.2   277.6   308.7   331.5   358.5   393.3   445.2   584.3  1262.4  2556.7 108576.0   109068
read      250.4   119.0    80.4   123.5   137.8   230.3   281.7   314.1   337.1   362.5   392.7   434.7   521.4   685.8  4319.5  74331.0    73889
read      247.6   105.9    80.4   123.0   136.4   226.7   277.6   309.4   333.7   359.9   390.9   434.7   529.1   756.0  1957.6  80995.0    80825
read      247.7   102.8    74.4   125.0   139.1   226.6   275.0   305.5   328.5   355.9   389.9   435.6   534.1   755.0  1098.7 102163.0   101968
read      253.1   140.4    80.4   143.6   160.2   248.0   276.8   294.5   308.3   323.8   342.3   371.0   438.3  1011.2  9546.1  27922.0    28070
read      247.4   101.3    74.4   123.6   137.5   225.8   275.2   307.6   332.1   360.1   394.0   437.6   528.4   715.0  1023.0  88511.0    88127
read      242.5   102.7    74.4   121.9   135.3   221.1   270.7   299.7   323.5   351.8   384.6   429.6   515.3   742.1  2096.3  92699.0    93037
read      248.3   103.4    80.4   123.1   136.9   226.5   277.2   309.6   334.2   361.1   393.4   439.0   546.3   746.9   998.1  85503.0    85313
read      257.1    92.8    80.4   135.2   150.8   251.3   291.0   314.5   331.2   349.5   372.1   406.4   476.8   621.4  1166.8  42457.0    42639
read      251.6   112.7    80.4   123.8   137.9   227.6   278.5   311.8   336.1   364.2   399.4   451.9   585.5   861.7  1887.7  89309.0    89688
read      254.5   112.3    80.4   125.8   139.1   232.4   285.3   318.4   342.6   369.2   401.1   448.1   556.7   830.2  2647.2  78110.0    77922
read      258.0    98.7    80.4   133.6   148.9   251.8   293.6   318.0   334.5   352.3   373.3   405.5   471.3   625.3  3403.7  43365.0    43434
read      249.1   104.7    74.4   125.4   139.5   228.1   275.3   306.0   329.4   357.1   391.1   438.7   540.5   843.7  1930.0 105406.0   105109
read      262.0   133.3    80.4   129.4   143.7   235.6   286.8   318.8   343.2   371.3   405.7   460.8   650.1  1351.2  4154.4 104413.0   104178
read      257.8   131.8    80.4   129.3   143.4   233.6   283.6   315.6   339.7   368.0   402.0   453.4   582.3  1114.7  3471.3 103760.0   103636
read      253.5    80.4    86.8   139.5   155.3   250.0   283.6   303.0   317.6   335.2   356.1   385.9   454.8   565.0  1090.3  33737.0    33841
read      251.9   102.4    80.4   125.2   139.5   235.3   286.0   316.7   338.5   362.0   390.0   430.5   506.4   639.3  1086.4  65156.0    65328
read      253.1    94.2    80.4   128.5   142.2   242.3   290.1   318.0   336.3   356.3   380.6   416.7   480.4   609.4  1455.8  53728.0    53849
read      229.4    58.7    93.8   151.5   167.0   226.0   245.9   256.9   265.7   274.5   291.7   315.9   381.6   878.5  1151.3  14217.0    14112
read      252.0   106.9    80.4   125.1   138.8   234.8   285.5   316.2   338.7   363.6   393.4   434.6   507.5   652.8  2346.7  64958.0    65229
read      252.4   114.5    80.4   123.6   137.5   231.0   282.0   313.8   337.8   364.4   396.6   443.1   553.1   990.6  2649.6  75119.0    74794
read      248.6   122.5    80.4   123.0   136.6   227.1   278.0   309.5   333.2   358.9   390.2   435.1   532.0   833.3  4324.6  76809.0    76657
read      245.3   108.6    80.4   121.6   135.4   223.9   272.2   302.4   326.4   354.0   388.2   435.1   531.4   765.6  3255.2  92877.0    92562
read      253.9   117.0    80.4   124.8   138.6   231.8   284.1   317.7   341.8   368.6   400.3   450.0   565.7   791.3  1830.9  79692.0    79594
read      245.4   105.6    74.4   122.6   136.4   223.0   271.2   300.6   323.2   350.9   385.7   435.7   559.7   879.3  1308.5 105678.0   106208
read      254.6   142.7    74.4   122.8   137.1   228.1   279.1   312.1   336.9   365.2   399.5   454.0   589.9  2014.1  4127.4  94858.0    94770
read      242.1    87.3    93.8   149.3   165.6   237.3   261.6   273.7   285.2   298.2   317.5   346.8   407.5  1021.1  3376.1  18865.0    19122
read      259.6   109.2    80.4   128.6   142.2   238.4   290.2   324.1   348.5   376.1   410.9   460.0   553.9   720.2  1128.8  60343.0    60408
read      273.5   123.1    80.4   130.8   146.4   249.8   305.2   339.7   365.7   396.2   434.2   494.2   618.9   884.4  2107.9  98185.0    98371
read      256.5   121.2    80.4   127.2   140.7   236.8   286.8   316.9   338.6   364.0   395.2   438.2   549.8  1504.6  2426.0  61498.0    61350
read      249.2   106.0    74.4   123.2   137.0   227.5   279.6   311.7   334.9   361.0   392.6   437.5   543.3   838.3  1417.0  78886.0    78813
read      218.5    70.5    93.8   153.9   165.5   212.1   229.5   239.2   247.3   255.8   270.6   296.9   368.9   934.6  3097.4   5629.0     5604
read      249.9   125.0    80.4   123.0   136.8   228.0   279.6   312.3   335.9   361.7   392.7   435.8   538.0   880.1  2769.9  80059.0    81210
read      249.1   102.6    80.4   123.0   136.8   229.5   280.8   312.1   335.3   361.6   392.7   434.4   523.8   775.4  1345.2  73993.0    73960
read      252.1   121.1    86.8   143.6   159.7   247.3   276.2   294.0   307.4   321.9   342.3   372.2   436.2   993.4  7716.4  28045.0    28059
read      219.2    72.2   101.3   154.6   166.4   213.2   230.4   240.2   247.8   255.7   269.5   291.3   365.8   998.3  2855.5   6190.0     6090
read      250.3    98.3    80.4   124.5   138.9   233.5   284.2   314.4   336.5   360.5   389.2   429.7   505.3   646.0  1145.0  64691.0    65353
read      254.8    95.9    74.4   129.0   143.1   242.5   290.9   320.1   339.4   360.9   386.9   424.3   496.1   625.1  1172.3  55510.0    55646
read      248.4   108.4    80.4   123.1   137.1   229.0   279.9   311.3   334.6   359.8   389.7   432.4   508.2   666.8  3627.7  75676.0    75470
read      244.4   105.2    74.4   123.0   136.9   222.1   270.8   300.1   323.6   350.8   384.7   433.6   544.2   819.9  1437.5 101499.0   101368
read      243.0    68.9    86.8   149.7   166.2   239.7   264.9   278.3   289.6   302.7   320.1   347.6   412.8   528.6  1098.1  20286.0    20305
read      257.3   179.9    80.4   125.7   140.0   230.0   279.2   310.5   334.7   363.2   398.6   451.0   579.4  2794.1  5845.6 100169.0   101317
read      248.1   120.9    80.4   124.6   138.5   225.5   272.7   301.6   324.7   352.1   386.7   435.3   545.5  1162.3  3686.8 108934.0   108543
read      250.8   106.1    80.4   124.1   137.9   230.2   281.6   313.5   336.7   362.9   395.3   440.0   534.9   850.9  1421.7  80821.0    81018
read      247.2   108.9    80.4   124.9   138.8   226.0   272.7   301.4   324.1   351.8   385.7   433.7   542.7  1030.3  2091.8 106364.0   106524
read      253.5    88.6    74.4   130.4   144.7   245.9   290.1   315.0   332.6   352.0   375.5   411.4   471.6   587.4   729.1  50709.0    50658
read      252.7    84.7    86.8   132.3   147.1   247.7   288.5   311.6   327.5   344.2   366.3   398.9   463.4   559.0  1004.7  43767.0    43791
read      229.0    90.8   101.3   151.1   165.2   225.0   245.5   256.8   265.8   274.8   291.0   315.2   369.0   959.8  3121.7  14616.0    14504
read      254.6    93.8    74.4   131.5   146.2   246.1   289.1   314.3   332.0   351.0   374.5   411.6   484.2   635.9  1211.4  47583.0    47555
read      251.5   107.4    74.4   124.8   138.6   233.4   284.0   314.0   336.2   360.8   390.6   432.2   525.5   800.8  3261.9  67703.0    67848
read      250.1   161.0    80.4   121.5   134.8   222.6   272.0   303.1   326.4   353.1   386.5   434.9   593.3  2487.6  3750.3  93520.0    93337
read      248.0   103.4    80.4   123.0   136.7   226.9   278.0   308.7   332.8   360.2   392.6   436.8   532.7   791.6  1433.6  82904.0    82735
read      247.0   121.5    74.4   121.8   135.4   225.7   276.0   306.6   329.0   355.3   387.5   432.8   532.7   866.1  3767.9  80374.0    79691
read      255.8   123.0    80.4   127.3   140.8   238.3   289.4   319.1   339.8   362.3   389.6   428.4   522.3  1382.6  2764.0  61384.0    61855
read      251.2    98.5    80.4   125.6   139.6   237.1   286.5   315.7   335.7   357.8   384.9   423.7   500.3   640.9  1489.5  61382.0    61378
read      248.8   117.0    86.8   142.1   159.0   243.4   271.6   288.5   300.8   315.9   335.8   365.8   427.7  1688.2  6109.5  27347.0    27280
read      249.3    79.5    80.4   135.9   152.1   247.0   278.8   296.7   311.5   327.9   347.3   381.0   446.2   531.5  1919.2  35588.0    35620
read      256.8   202.4    86.8   138.7   154.0   248.9   281.8   301.1   315.8   332.7   352.6   382.0   453.6   868.3  8736.2  33323.0    32911
read      246.5   108.4    80.4   122.3   135.9   226.8   277.1   307.4   330.8   356.6   387.2   429.6   512.4   773.6  3070.4  76758.0    76628
read      249.3    72.2    80.4   140.5   156.2   246.9   278.3   296.5   310.5   325.8   344.1   371.3   428.8   531.8   962.3  32522.0    32305
read      253.0   110.9    74.4   123.9   137.9   232.1   283.2   315.6   340.4   366.9   398.8   445.7   553.1   876.4  1916.5  73918.0    74231
read      248.9   101.5    74.4   123.6   137.6   230.8   280.8   312.7   335.9   360.1   388.8   431.5   508.4   663.5  2048.3  69293.0    69333
read      255.6   113.5    80.4   128.2   142.6   242.8   290.5   319.3   338.4   359.7   385.6   423.1   501.1   735.2  3578.3  53731.0    53526
read      257.3   108.8    80.4   134.0   149.0   249.5   290.7   316.1   333.3   351.5   373.7   407.1   481.8   680.0  3980.4  44197.0    43970
read      245.4   111.8    80.4   122.4   135.8   222.7   272.1   301.7   326.1   354.0   387.9   434.9   535.3   960.8  2016.0  92409.0    92984
read      245.5    65.8    86.8   148.8   165.7   242.4   268.2   282.7   293.8   309.3   328.9   355.9   413.8   538.5  1017.2  22535.0    22716
read      247.8   101.8    74.4   123.0   136.6   226.4   276.3   308.3   332.8   360.5   393.3   439.4   536.0   735.3  1001.0  86586.0    86539
read      245.0   103.1    80.4   121.5   135.1   226.2   276.7   308.1   330.2   354.4   384.0   427.0   507.5   674.0  1152.7  74068.0    73888
read      247.9   103.2    74.4   122.9   136.8   229.0   279.5   311.7   334.8   359.4   388.7   430.1   518.6   660.6  1378.5  73775.0    73554
read      245.9    68.9    86.8   143.4   159.7   243.5   271.0   286.6   297.2   312.8   332.2   362.9   431.1   543.0  1010.2  26941.0    26912
read      269.3   235.6    80.4   133.3   148.9   252.2   292.8   316.8   335.2   357.0   386.6   435.4   629.0  1748.4 12059.0  44781.0    44840
read      239.8   111.6    86.8   150.1   166.8   234.6   257.9   270.3   279.7   292.4   310.7   338.9   397.6   957.3  7624.2  17083.0    16966
read      274.6   213.8    80.4   129.9   144.5   250.1   297.1   328.5   349.7   374.8   410.1   466.9   686.2  2476.8  8972.8  51830.0    51903
read      256.1   105.8    80.4   127.9   141.3   236.0   288.4   321.3   345.1   371.3   401.0   443.2   533.6   782.6  1495.2  71042.0    71461
read      241.5    64.5    86.8   149.1   164.4   237.3   262.6   275.5   287.4   300.2   317.9   345.8   421.4   692.7  1004.9  21120.0    21248
read      251.4   108.0    74.4   125.5   139.8   228.9   278.1   310.1   334.4   361.5   395.0   442.1   550.7   963.7  1943.9  98485.0    98493
read      243.5   103.3    80.4   123.0   137.1   222.4   269.7   297.6   320.3   346.8   382.2   432.3   534.3   790.9  1446.2 105872.0   105716
read      241.4    93.5    86.8   149.6   166.0   236.0   260.1   272.3   283.2   296.3   315.7   345.4   416.5   946.6  3927.7  19540.0    19488
read      234.7   124.8    86.8   150.9   166.4   229.8   250.9   262.8   271.0   282.1   296.7   322.2   382.9   973.4  8908.6  16636.0    16605
read      250.4   144.3    80.4   123.3   137.2   230.3   281.3   312.0   335.2   360.5   390.5   432.5   516.2   737.4  4712.8  74457.0    75130
read      251.4    88.8    80.4   131.2   146.0   245.5   285.8   308.6   325.1   344.1   366.5   398.0   466.2   620.1  2106.9  45701.0    45842
read      253.2    96.7    80.4   129.9   144.4   245.0   288.2   314.0   331.6   350.1   373.7   408.8   473.4   598.0  3777.8  48702.0    48598
read      253.4   134.0    74.4   125.0   138.6   234.4   287.2   317.7   338.5   361.6   390.6   431.7   512.1   734.3  5418.4  67683.0    67944
read      247.7    76.9    80.4   144.1   160.4   245.2   272.8   289.5   301.8   316.9   336.7   366.6   420.2   502.1  3578.9  26843.0    26800
read      256.9    94.7    80.4   130.6   145.1   247.1   293.6   320.5   339.1   359.6   384.1   421.4   497.0   623.2  1145.9  49668.0    49959
read      256.4   101.9    74.4   129.0   143.3   243.6   291.7   320.7   341.1   362.8   388.4   425.8   506.5   729.1  3016.3  54091.0    54114
read      253.3   106.0    80.4   125.0   139.0   235.1   286.9   318.4   340.9   365.9   396.3   437.9   526.0   692.6  1478.1  66845.0    66577
read      260.0   114.9    80.4   136.0   151.7   252.7   291.1   314.3   331.4   350.4   373.1   408.8   481.6   958.8  2541.0  39592.0    39563
read      258.0    99.5    80.4   135.4   150.2   252.4   291.7   314.4   330.8   349.3   372.7   406.4   481.7   633.0  4056.6  40496.0    40228
read      248.0   104.5    74.4   123.2   137.0   226.2   276.3   307.8   331.1   358.0   391.6   439.3   540.9   887.1  1243.7  92568.0    92385
read      251.5    83.3    80.4   137.4   152.0   248.4   281.8   301.3   315.6   332.2   351.8   383.5   455.5   633.5  1331.3  35347.0    35189
read      252.0    86.2    80.4   136.9   152.3   248.3   282.7   303.5   317.8   335.0   355.4   385.9   449.2   542.1  2939.5  34806.0    34744
read      236.0    94.8    93.8   151.6   167.0   230.2   253.0   265.4   273.3   286.2   303.4   332.4   390.2   964.0  3627.8  15092.0    15082
read      244.7   101.3    74.4   121.3   134.7   223.7   273.1   305.4   329.8   356.7   388.8   432.5   524.8   732.1  1150.5  87260.0    87824
read      247.5    84.1    80.4   136.3   151.4   244.8   277.0   295.5   309.6   325.4   345.3   377.1   433.6   533.4  1264.7  33953.0    33965
read      254.2    83.6    86.8   136.6   152.0   249.6   287.1   308.7   323.6   341.2   363.7   396.7   458.1   555.5  1263.9  38280.0    38138
read      253.7    85.4    86.8   133.4   148.4   249.7   288.9   311.8   327.6   343.8   365.3   396.2   462.9   577.5  1081.7  42300.0    42450
read      249.3    99.5    80.4   124.2   138.3   233.7   284.6   314.5   335.3   358.2   385.8   424.4   497.6   609.8  2098.3  64919.0    65120
read      237.3    62.2    93.8   150.6   166.3   234.1   257.0   269.1   277.6   290.8   308.1   334.9   395.0   877.4  1903.9  17619.0    17329
read      253.1    94.2    80.4   127.4   141.3   241.7   289.8   317.4   337.2   358.8   384.1   420.5   491.5   605.8   738.0  55889.0    56524
read      254.0    84.5    80.4   136.7   152.6   249.4   285.0   305.3   320.4   338.2   360.0   394.5   470.1   607.4  1954.3  36408.0    36287
read      233.3    88.8    93.8   151.0   166.7   227.6   248.6   260.1   268.3   277.5   294.4   322.5   388.4  1415.0  2894.3  14441.0    14642
read      253.9   104.1    80.4   128.3   142.7   242.4   288.4   315.6   334.1   354.1   378.0   415.9   498.8   823.0  3323.3  52948.0    53127
read      252.9   101.2    80.4   124.9   139.0   235.0   287.2   319.4   342.5   366.3   394.7   434.8   515.5   704.3  1316.8  67325.0    67385
read      248.5   105.0    74.4   123.0   137.2   227.9   278.2   310.5   334.2   360.4   392.0   436.0   530.9   770.7  1496.6  80102.0    80362
read      243.5   101.5    74.4   122.8   136.7   223.1   270.3   298.9   321.6   347.6   381.4   429.4   525.9   838.3  1681.9 104883.0   105193
read      253.6    92.8    80.4   129.7   144.1   245.2   289.8   315.3   333.8   353.8   376.1   408.9   476.8   625.4  1582.9  51366.0    50992
read      240.2   128.7    74.4   119.2   132.0   218.3   268.8   296.6   319.4   345.4   379.1   425.1   505.6   760.4  4381.1  85964.0    85438
read      252.8    91.2    80.4   129.7   143.8   244.2   288.5   315.5   333.5   352.5   374.6   410.5   471.9   573.9  1142.2  50501.0    50475
read      236.9   171.3    93.8   151.4   167.5   229.8   251.3   263.9   272.4   285.3   302.5   332.9   397.7   783.9  9955.6  15665.0    15668
read      251.2   101.1    80.4   123.9   138.0   234.1   286.6   317.8   339.2   363.0   390.8   430.1   511.4   656.2  1460.9  66541.0    66984
read      251.8    94.6    74.4   126.2   140.3   240.6   287.9   314.5   333.8   355.3   380.8   418.9   494.9   650.4  1172.2  56654.0    57056
read      253.3    93.2    80.4   130.1   144.8   247.9   289.0   312.7   329.2   346.5   370.1   403.3   471.7   584.3  1550.4  45549.0    45383
read      222.8    63.0    93.8   153.0   166.1   216.8   234.8   246.4   254.0   264.8   276.7   300.9   376.9   989.2  1081.8   9120.0     9044
read      251.0    90.4    80.4   133.3   148.5   245.7   282.8   303.3   318.8   338.2   361.5   394.2   463.1   617.0  3492.1  39809.0    39958
read      249.1    99.2    74.4   122.1   136.0   233.2   283.3   313.3   334.5   357.5   385.7   427.2   510.6   716.4  1212.3  67449.0    67432
read      240.3    74.7    86.8   143.6   160.3   237.4   262.7   275.1   287.6   301.5   320.1   347.2   404.6   539.8  2011.5  23351.0    23503
read      249.6   152.2    80.4   122.2   135.5   224.8   275.5   308.3   332.7   359.8   391.7   435.3   538.3  1744.1  5876.7  89101.0    89906
read      252.1   183.5    80.4   124.3   138.3   235.6   284.3   313.1   333.4   355.2   380.4   417.7   491.2   704.5  8713.5  60609.0    60865
read      222.6    65.0    80.4   151.1   164.1   217.4   236.3   247.9   255.3   265.9   277.9   306.7   372.8   988.7  1961.3  10004.0    10097
read      240.9   114.9    74.4   119.6   132.7   218.2   266.3   295.7   318.4   343.5   375.2   426.2   546.2  1094.3  2028.4 103333.0   104385
read      230.6    63.8    86.8   149.3   164.7   227.5   248.9   260.6   268.8   278.5   293.9   319.0   379.5   664.5  3033.9  16564.0    16694
read      249.6   132.2    74.4   125.0   138.7   226.7   276.0   305.8   329.0   356.1   390.8   437.3   540.3   958.1  4929.4  96272.0    96807
read      242.8    76.6    80.4   145.2   162.6   240.6   266.2   279.7   290.7   304.3   322.0   349.5   402.2   581.1  1159.4  23304.0    23545
read      253.8    94.6    80.4   128.3   142.7   244.5   290.6   316.7   335.0   355.2   379.4   417.1   486.3   618.7  1687.0  53739.0    53603
read      248.1   101.1    80.4   123.5   137.1   228.3   280.0   311.6   334.7   360.1   390.5   432.3   512.8   670.3  1751.5  78115.0    77963
read      247.0   108.4    80.4   123.6   137.7   225.4   273.8   305.1   328.4   355.6   388.2   434.2   535.9   856.3  2567.9  99389.0    99004
read      248.5   104.6    80.4   123.4   137.3   227.3   277.3   308.6   332.9   360.2   392.7   437.6   534.4   835.5  1358.5  88872.0    89009
read      253.1   116.1    74.4   127.3   141.4   230.7   279.2   310.3   334.0   360.9   394.7   444.5   558.7  1016.5  2341.7 109673.0   109606
read      246.2   103.5    80.4   122.5   136.4   224.4   272.9   304.8   328.9   355.5   388.6   436.8   544.1   834.7  1199.9  95203.0    94996
read      247.2    95.8    86.8   142.8   160.0   243.8   270.5   286.9   299.5   315.5   334.7   362.4   425.9   587.1  4293.0  26015.0    26308
read      246.2   105.8    74.4   121.5   134.8   226.4   277.3   308.5   331.6   357.5   388.2   431.3   523.1   727.4  1449.7  77109.0    76851
read      254.7   120.4    74.4   128.0   142.0   231.8   280.3   311.4   334.8   361.5   394.5   442.2   560.0  1477.3  2706.5 105716.0   105149
read      252.1    89.6    74.4   128.1   142.3   244.6   288.3   314.3   331.9   350.5   374.1   409.5   481.4   590.2   747.1  51289.0    51656
read      228.9   133.8    93.8   151.4   165.5   222.5   241.6   252.4   261.4   271.9   288.5   316.0   385.0   979.7  9048.0  12671.0    12606
read      252.7    94.3    80.4   126.4   140.6   241.3   289.1   316.8   335.4   355.9   381.5   421.0   497.3   615.0  1213.6  56768.0    56950
read      257.0   185.4    74.4   126.1   140.8   239.4   287.5   315.9   336.2   359.0   387.4   429.6   531.0  1573.6  7046.1  58781.0    58457
read      248.0    99.5    80.4   122.2   136.3   230.5   280.0   310.1   333.5   359.1   389.1   431.4   516.6   674.6  1063.2  73698.0    73870
read      247.5   103.8    74.4   122.0   135.9   229.4   278.6   309.1   331.9   357.0   387.7   431.2   518.8   695.2  2587.0  77938.0    77558
read      244.2    96.8    93.8   151.7   168.6   239.1   263.6   276.2   288.6   302.5   319.7   347.8   413.0   563.9  5796.6  18393.0    18374
read      243.0   106.1    74.4   119.4   132.7   221.6   271.4   299.8   323.7   351.1   383.9   430.7   540.5   985.0  1743.7  90193.0    90267
read      255.9    93.3    80.4   133.0   149.3   250.1   289.8   313.3   329.4   346.4   369.4   401.8   470.0   593.9  2273.8  41588.0    41486
read      255.9    95.2    80.4   138.4   154.2   251.8   285.9   306.2   321.1   338.8   360.4   392.3   457.9   612.9  3930.2  34688.0    34820
read      249.0    74.8    86.8   147.5   164.3   244.8   272.6   289.4   301.7   317.2   336.8   365.2   425.1   568.6  1015.0  24708.0    24506
read      254.0    96.6    80.4   139.3   155.8   250.3   283.2   302.5   316.9   333.7   353.9   384.2   443.8   547.7  4214.2  32486.0    32392
read      251.4    99.8    74.4   124.3   138.8   236.1   285.1   314.1   335.5   359.2   387.8   429.4   515.5   672.2  1275.9  65640.0    65364
read      253.0    87.9    80.4   139.6   155.7   249.5   282.2   300.5   315.9   332.9   353.0   385.6   446.9   543.8  1339.7  33588.0    33590
read      256.4    95.8    80.4   130.9   146.1   249.2   292.5   318.1   335.8   355.4   378.7   411.4   477.4   577.6  1294.8  48905.0    48637
read      248.6   131.6    80.4   122.6   136.8   225.5   273.4   303.8   327.1   355.4   388.5   435.4   542.1  1594.7  3585.7  99591.0    99481
read      235.6    64.8    86.8   152.5   168.0   230.6   253.2   265.8   273.9   287.0   304.2   333.3   395.2   920.5  1434.6  15642.0    15514
read      223.9    70.2    93.8   152.4   166.2   218.1   236.1   248.1   255.8   265.8   276.3   304.0   375.2  1158.7  2036.8  10013.0     9896
read      249.7   102.4    74.4   122.7   136.8   230.2   280.1   310.3   333.7   360.1   392.8   439.8   539.6   740.2   999.4  78122.0    78890
read      250.3   107.2    86.8   145.2   161.7   246.2   273.5   290.4   302.6   316.7   335.3   364.5   431.7   917.1  3979.1  26131.0    26427
read      247.1   101.4    80.4   122.4   136.2   226.6   276.3   307.2   330.9   357.4   390.7   436.8   537.3   734.4   937.4  84350.0    84648
read      240.7   108.9    74.4   121.0   134.7   219.4   266.6   294.2   317.2   344.0   377.9   425.9   519.5   836.8  2787.6 104784.0   105509
read      237.1    83.0    93.8   152.0   167.4   231.8   254.7   267.8   276.3   289.2   305.8   334.7   397.8   937.9  3150.9  16789.0    16789
read      235.3    95.2    93.8   154.2   170.1   229.3   250.5   262.9   271.5   283.3   297.5   327.4   388.9   977.4  4002.0  13854.0    13784
read      234.0    74.5    93.8   153.4   168.7   228.9   250.0   262.1   270.7   282.2   297.5   325.7   385.8   944.1  1977.1  13957.0    13915
read      220.5    99.7    93.8   152.9   164.6   213.4   231.8   242.5   250.3   260.0   272.7   297.9   378.7  1003.4  4991.6   7235.0     7197
read      242.5   100.1    74.4   119.5   133.0   222.3   272.4   303.0   326.5   352.4   383.8   427.8   520.6   703.5   911.3  83808.0    84754
read      252.5   122.6    74.4   123.6   138.0   229.5   278.1   309.5   332.8   360.2   395.2   445.4   581.0  1234.5  2345.5  93434.0    93616
read      257.6   102.4    80.4   131.9   147.5   249.9   290.2   314.4   332.0   351.1   373.5   406.3   486.0  1225.0  2536.3  45539.0    45232
read      247.4   112.4    80.4   122.3   135.8   226.7   275.8   306.6   329.8   357.0   389.5   434.3   538.5   872.9  2149.6  86153.0    86355
read      247.4    85.7    86.8   146.3   163.8   242.7   269.0   284.4   295.8   311.8   331.2   360.8   427.0   624.0  3212.5  23282.0    23239
read      257.2   116.9    80.4   129.4   144.3   246.0   290.9   318.2   336.7   357.1   381.6   418.9   494.6   866.3  4064.8  50677.0    51079
read      255.6   102.7    80.4   126.1   140.4   237.1   288.8   319.7   342.3   367.7   398.1   441.2   538.8   744.0  1308.0  72857.0    72839
read      254.5   102.7    80.4   125.8   139.5   236.2   288.2   319.1   341.6   367.3   398.2   440.8   527.5   699.6  1273.6  73123.0    73047
read      235.6    62.0    93.8   155.2   170.3   231.3   252.6   264.9   273.0   284.7   298.5   325.9   392.5   905.3  1924.3  14909.0    15045
read      246.6   111.7    74.4   124.0   137.8   226.0   272.7   302.3   324.6   350.8   385.5   433.5   531.9   884.7  3180.4 102161.0   102659
read      255.8   136.2    80.4   126.5   140.8   232.5   281.6   312.9   336.8   364.4   398.8   452.7   593.6   976.1  7220.9 102594.0   102565
read      285.5   260.9    80.4   127.2   141.6   240.6   295.1   330.9   356.8   387.9   430.0   512.7  1096.1  3275.2  8095.8  83669.0    83738
read      255.7    94.4    86.8   138.0   153.8   252.6   286.4   306.8   321.7   337.6   357.6   389.4   457.2   550.3  3627.9  35268.0    35346
read      282.0   235.5    80.4   128.9   143.9   250.2   302.7   335.6   358.3   385.0   421.1   484.1   855.3  2584.8  8457.7  55538.0    55125
read      257.7   134.8    80.4   134.6   150.2   251.3   288.7   310.8   327.1   345.1   368.3   402.2   483.6   819.9  4387.9  40289.0    40276
read      255.3    98.6    80.4   127.8   141.7   240.3   288.9   319.2   339.9   363.7   392.9   434.8   524.0   644.9   883.8  62675.0    62712
read      254.0   106.9    74.4   125.0   139.2   234.3   285.1   316.9   341.2   367.4   398.3   442.0   536.7   711.0  2335.6  75957.0    75879
read      262.6   105.3    80.4   138.7   154.8   255.9   294.6   317.8   334.2   352.0   373.5   408.1   485.8   690.1  3503.0  38242.0    37820
read      262.3   136.6    80.4   131.7   146.7   249.1   296.0   324.7   343.2   364.2   390.0   427.8   505.8  1420.0  6191.6  51262.0    51426
read      261.3   171.8    86.8   138.6   153.8   253.7   289.8   310.8   325.8   342.7   364.6   397.8   470.3  1947.9  7933.0  37358.0    37336
read      255.7   169.2    80.4   126.0   140.0   228.9   278.5   311.1   335.6   364.0   399.8   455.0   587.6  1705.6  7772.9  98972.0    98811
read      254.0   129.1    80.4   126.7   140.7   229.2   277.9   309.0   332.6   360.9   396.5   450.8   595.3  1218.0  3990.6 102685.0   102611
read      247.3    75.0    86.8   140.8   157.0   244.6   273.4   290.8   304.1   320.2   340.4   369.7   431.4   520.0  1283.9  29962.0    30209
read      244.8   160.1    93.8   151.0   167.6   238.1   261.8   273.6   284.2   296.0   314.9   342.4   406.8  1008.7  9518.2  19349.0    19127
read      255.2    80.9    86.8   139.2   154.6   251.6   286.1   306.8   321.7   339.4   360.8   391.4   452.6   593.4  1335.7  34769.0    34838
read      232.6    79.7    93.8   156.5   172.3   227.9   247.6   258.3   266.7   275.2   290.6   316.1   377.0   985.7  2021.1  12080.0    12221
read      248.4   135.2    80.4   123.3   137.4   226.6   275.2   306.0   329.0   355.8   389.2   436.9   539.1   831.1  4251.9  92321.0    92770
read      248.3   102.5    74.4   124.8   139.0   227.9   275.6   306.2   329.7   356.6   389.6   435.8   534.4   764.7  1680.6 100156.0   100281
read      254.0    74.2    80.4   144.1   161.5   251.0   281.6   299.6   313.5   329.3   347.7   377.3   436.2   537.7  1050.6  28349.0    28246
read      246.7   113.1    74.4   122.8   137.0   226.0   273.6   304.0   326.4   352.3   387.2   435.1   535.3   792.4  3052.3  97512.0    97699
read      250.9   102.6    80.4   125.6   139.9   230.1   278.6   310.0   333.6   360.6   394.2   441.7   540.2   810.7  1173.5  98755.0    99005
read      258.2   153.1    80.4   126.1   140.4   233.0   282.2   313.7   337.1   364.1   398.7   451.5   608.0  1744.9  6123.5 102325.0   102169
read      255.7    91.3    74.4   130.5   145.3   246.7   290.9   317.1   336.0   356.8   381.2   416.8   486.6   597.9  1007.6  51505.0    51450
read      245.9    89.3    86.8   153.2   170.7   239.5   262.9   274.8   286.6   299.3   318.4   346.9   420.9  1480.0  2515.6  17926.0    17676
read      223.4    59.1   109.4   154.7   167.1   216.7   235.5   247.7   255.7   267.5   282.9   311.1   383.4   964.9  1644.6   7861.0     7745
read      256.1    91.1    80.4   130.7   146.0   247.9   291.6   317.5   335.6   355.8   380.5   413.9   480.7   591.6  1398.4  48901.0    48978
read      256.3    85.6    80.4   134.3   150.7   251.1   289.9   313.2   329.6   346.6   371.2   403.9   469.8   573.0  1013.0  43117.0    43452
read      243.6    98.9    74.4   121.1   134.7   223.6   272.5   302.6   327.0   353.1   384.5   430.1   517.4   705.4  1083.2  90587.0    90767
read      254.9    91.0    74.4   131.2   146.0   248.1   290.3   314.8   332.2   351.3   372.9   406.2   470.8   621.8  1893.0  48119.0    48262
read      247.6   106.7    80.4   122.0   136.0   227.8   277.1   307.5   331.6   359.0   391.2   434.9   529.4   691.4  2240.1  83129.0    83478
read      252.3   110.0    80.4   123.2   137.2   232.6   284.2   316.1   340.0   365.9   396.7   440.2   536.4   783.6  3290.6  76444.0    76521
read      226.9    61.5   101.3   153.3   167.4   222.3   241.1   251.5   259.9   270.4   286.0   313.5   386.0   880.6  2178.7  11294.0    11107
read      251.3   155.6    74.4   124.0   138.1   232.5   281.7   311.8   334.0   358.6   388.2   429.2   509.4   671.5  6462.2  69980.0    70605
read      248.6    78.1    86.8   144.5   162.1   245.5   273.0   289.4   301.3   316.8   335.9   363.7   421.0   818.6  2146.4  26550.0    26675
read      255.1    93.1    80.4   129.4   144.3   244.9   289.3   316.1   335.2   356.7   383.6   420.7   495.2   673.3   926.7  52399.0    52233
read      257.8   109.7    80.4   129.6   143.8   244.6   291.7   320.8   340.5   362.1   388.1   426.6   507.5   804.5  3179.3  55461.0    55622
read      245.3   108.1    80.4   122.7   136.6   222.5   271.0   300.9   324.1   352.1   386.3   434.6   551.9   926.8  1766.7  99770.0    99805
read      256.0   111.2    80.4   130.4   144.6   234.3   283.0   314.0   338.0   365.3   398.5   447.1   547.3   972.7  2464.4 106685.0   107061
read      255.0   101.2    74.4   127.1   141.3   239.3   290.0   319.7   343.4   368.4   395.0   431.8   506.4   641.5  1605.1  61971.0    61661
read      254.2   141.1    80.4   124.4   138.3   234.3   285.1   315.1   336.7   361.5   391.9   434.0   527.5  1752.7  4297.8  67489.0    67279
read      250.8   101.5    80.4   124.2   138.0   230.8   282.5   315.6   339.4   365.2   394.9   437.0   529.6   698.4   911.8  77165.0    76808
read      222.8    66.9    86.8   154.8   168.3   217.2   234.6   245.9   253.3   263.7   274.8   301.3   365.5   968.0  2799.4   8720.0     8778
read      251.3   111.2    80.4   124.3   138.5   227.6   277.9   309.8   333.7   361.0   395.0   445.7   575.6  1066.8  1592.6  96195.0    97193
read      247.3   118.5    80.4   124.9   138.8   225.7   272.8   302.5   324.8   350.9   384.4   432.0   540.8   983.5  4025.6 107627.0   107071
read      229.3    62.9    93.8   155.4   170.4   225.3   244.8   254.5   263.6   272.9   288.9   313.6   370.5   927.0  1611.6  10886.0    10948
read      253.3    76.9    80.4   144.5   161.7   249.6   280.0   297.0   310.8   326.4   347.1   380.3   438.8   571.8  2232.2  28158.0    28130
read      254.9    91.6    80.4   130.2   144.8   245.4   290.5   316.5   335.5   356.5   381.1   417.2   488.0   586.5   903.8  51338.0    51359
read      254.7    96.1    80.4   127.3   141.6   242.6   290.1   318.3   338.0   359.9   386.0   424.4   501.5   669.0  1569.0  55997.0    55853
read      247.3   103.0    80.4   122.8   137.0   225.9   275.0   306.9   330.5   357.5   391.6   437.2   538.8   780.4  1495.4  90624.0    90627
read      253.5   145.9    80.4   126.9   141.0   231.2   279.4   310.0   333.5   361.8   397.3   448.2   550.8   877.2  2338.7 102106.0   102228
read      252.2   105.3    80.4   126.3   140.8   231.0   278.7   309.2   331.8   359.2   394.6   446.8   560.6   878.4  1261.8 105192.0   104734
read      252.9   133.5    74.4   125.0   139.2   228.5   275.6   306.0   329.0   356.6   391.6   445.1   586.1  1584.0  3206.9 105846.0   106083
read      247.3   127.0    74.4   121.5   135.4   223.6   272.3   301.7   324.8   352.7   387.1   436.1   549.2  1692.0  2668.0  95217.0    95336
read      250.0   132.8    80.4   122.4   136.0   228.3   279.2   311.1   334.8   361.0   392.8   435.5   537.3   916.6  4441.6  76227.0    76589
read      259.4   123.2    80.4   128.6   142.4   234.8   285.0   316.8   340.8   368.9   404.3   458.7   603.9  1469.6  2321.7 102970.0   103772
read      256.2   126.4    80.4   129.3   143.4   232.7   281.7   312.8   336.2   363.9   398.3   450.9   571.3  1019.9  2720.6 109688.0   109839
read      238.1    87.2    93.8   151.7   167.5   232.9   255.5   268.0   276.1   290.3   307.8   334.4   395.5  1007.1  2518.9  17410.0    17359
read      253.4    72.9    93.8   142.6   158.9   251.7   283.2   301.4   315.1   330.8   348.5   375.6   430.6   503.9   966.7  30746.0    31011
read      250.4    98.1    74.4   124.4   138.7   233.2   284.0   314.1   335.6   359.9   388.8   429.9   511.4   669.6   918.0  67273.0    67619
read      235.1    59.8    86.8   151.6   168.0   232.2   254.3   266.3   273.9   286.3   301.4   325.8   376.3   886.2  1922.8  17555.0    17471
read      244.9    70.1    86.8   146.3   163.0   242.2   268.4   283.6   295.1   310.3   328.4   354.2   413.3   516.9  1348.2  23707.0    24062
read      246.9    67.9    86.8   148.5   164.6   244.0   269.6   285.1   296.8   312.0   329.9   357.4   419.5   735.2  1078.0  23731.0    23520
read      255.2   108.6    74.4   128.2   142.2   242.1   291.2   319.2   339.0   361.2   387.5   423.5   497.3   657.2  3788.4  56339.0    56489
read      251.6   120.6    74.4   125.4   139.3   233.6   283.8   313.8   335.8   360.3   390.5   431.7   508.8   675.2  6466.1  69517.0    69348
read      265.9   175.4    80.4   128.2   143.3   235.7   285.7   316.9   341.0   369.9   406.5   464.2   683.0  2666.2  4605.2 109100.0   108974
read      248.9   106.5    80.4   122.9   136.8   229.7   279.1   309.8   333.3   359.6   390.7   434.0   525.4   761.5  2066.5  79055.0    79285
read      255.2    99.4    80.4   129.3   143.9   243.9   289.6   316.4   335.5   357.1   383.8   422.6   500.6   635.9  1089.9  53885.0    54257
read      252.6    89.8    74.4   134.1   149.9   247.4   283.8   305.1   319.9   337.7   359.5   393.9   465.6   676.8  2471.2  39913.0    40106
read      252.4    81.1    86.8   140.4   157.6   249.0   280.1   297.7   312.1   328.0   346.4   377.7   445.2   573.8  2309.5  31288.0    31207
read      255.0   137.7    74.4   126.1   140.1   231.6   281.5   312.7   335.4   361.9   395.3   445.7   569.2  1680.6  4909.8  94630.0    94507
read      214.6    59.3   101.3   150.3   161.9   208.9   226.8   235.7   244.6   253.8   267.8   290.2   381.2   937.2  1953.2   5539.0     5506
read      230.4    55.5    86.8   153.0   168.6   226.7   247.3   258.7   267.5   277.1   292.7   317.4   373.7   896.8  1043.3  14005.0    14400
read      251.7   116.2    74.4   123.4   137.5   230.8   281.6   311.6   334.2   360.1   392.3   438.8   552.9  1191.5  3095.6  78523.0    78967
read      250.3   107.2    80.4   123.1   137.1   233.7   283.3   314.1   335.8   360.0   389.1   429.2   506.3   673.6  3077.2  69423.0    69388
read      255.3    85.5    86.8   138.4   155.2   252.1   286.5   306.4   319.7   337.6   359.6   391.8   456.1   596.4  1677.2  35334.0    35215
read      251.4   100.4    74.4   125.6   140.0   238.2   285.6   313.9   334.2   356.7   383.7   420.9   498.3   673.9  2066.8  58157.0    58494
read      252.4    99.0    74.4   125.2   139.3   235.4   286.2   318.1   339.9   363.1   391.0   430.8   511.2   688.0   927.7  66744.0    65990
read      255.5    87.7    80.4   132.6   148.2   249.5   290.1   313.9   330.9   349.3   371.7   404.3   468.2   611.9  1065.9  44242.0    44222
read      237.3    72.7    86.8   149.6   165.1   233.9   257.0   269.3   278.1   291.0   308.4   335.7   396.2   538.2  3780.5  19301.0    19337
read      251.7   112.6    80.4   126.0   140.2   230.3   279.5   310.3   333.4   359.9   393.1   440.7   542.2   959.3  3779.3  98160.0    98916
read      248.2   101.7    80.4   123.2   137.3   227.3   277.1   307.8   331.7   359.2   392.8   438.9   542.5   731.5   896.2  87633.0    87381
read      254.5    94.1    86.8   134.8   150.4   250.3   287.0   308.1   323.9   341.4   363.8   397.7   466.6   584.7   873.0  40167.0    40281
read      255.1    88.3    86.8   136.8   151.9   251.0   287.0   308.8   324.2   341.8   364.2   396.3   463.6   596.6  1911.5  38307.0    37810
read      244.9   117.3    80.4   121.3   135.3   224.6   273.2   301.7   325.0   351.3   384.0   428.0   521.0   813.5  3199.4  88208.0    88453
read      253.1   133.3    74.4   124.4   139.1   229.2   277.7   309.1   332.6   359.4   393.9   442.8   560.8  1570.0  3841.6 101521.0   101489
read      254.0   100.1    80.4   126.4   140.8   239.9   289.4   318.5   338.7   361.1   388.3   428.2   506.4   654.9  2027.2  61274.0    60562
read      251.0   120.6    74.4   122.8   137.2   231.6   281.5   312.6   335.2   361.0   393.1   436.0   529.3   736.1  4257.8  74276.0    74653
read      237.8    70.5    93.8   161.0   176.3   232.0   251.9   263.8   272.0   283.9   299.3   329.2   393.0   962.5  2528.2  11981.0    11749
read      259.7    99.6    80.4   134.6   149.9   251.0   295.3   321.2   339.3   359.1   382.6   417.3   483.7   589.0  1505.4  48613.0    48618
read      253.7   107.4    80.4   127.3   141.7   232.8   281.9   313.0   337.0   364.7   397.6   444.6   543.4   838.8  1761.1  95751.0    95605
read      249.1   105.9    74.4   123.8   138.2   227.8   275.9   306.2   330.2   357.9   392.9   442.7   549.5   853.2  1734.9  92630.0    92625
read      256.3   124.3    80.4   126.3   140.5   234.7   284.6   316.3   339.9   366.1   399.0   448.4   562.8  1015.6  3441.3  81911.0    82221
read      260.6    89.5    80.4   135.9   151.6   251.9   294.4   321.5   339.5   359.5   383.3   418.6   486.4   588.6  1141.1  46912.0    46975
read      257.0   117.5    80.4   128.8   143.0   235.1   285.2   316.9   340.3   367.1   400.8   451.1   555.7   881.4  2800.7  95986.0    96256
read      260.9   131.0    80.4   128.6   143.2   235.3   285.6   317.0   341.3   369.7   404.7   460.3   613.2  1620.2  2798.5 102587.0   102722
read      270.6   170.6    80.4   132.5   148.2   243.5   293.8   326.1   350.6   378.9   415.5   468.9   616.5  2492.1  4751.7 109794.0   109956
read      251.5   109.7    74.4   125.5   140.0   229.7   278.8   309.5   333.7   361.5   396.0   446.4   546.2   844.8  2129.0  93455.0    93397
read      260.1    90.3    80.4   141.3   157.3   255.5   292.5   314.6   330.4   347.4   369.8   400.5   462.4   599.7  1002.6  36489.0    36796
read      256.1    99.6    80.4   129.1   143.5   241.8   292.1   322.0   341.1   363.4   390.4   430.0   507.9   622.7   940.2  60461.0    60338
read      250.2   112.6    74.4   124.9   138.6   228.0   278.0   310.9   334.8   362.0   394.9   441.5   540.8   785.0  3887.9  88276.0    88191
read      225.0    78.8    86.8   157.1   169.9   219.0   235.5   246.3   253.2   263.5   275.0   300.5   373.5  1283.3  2328.8   8009.0     7900
read      252.6    69.6    86.8   148.7   164.7   249.9   278.2   295.0   308.2   322.7   341.2   369.0   429.0   538.4  1047.0  26550.0    26617
read      250.4    69.0    80.4   148.7   164.7   245.9   274.5   292.4   305.9   321.0   339.3   367.6   431.8   540.7  1031.0  25558.0    25396
read      248.3   141.6    74.4   121.7   135.3   225.9   275.0   308.0   330.7   357.0   390.1   436.8   539.0  1002.6  3664.7  87544.0    87872
read      245.1   104.3    74.4   123.4   137.5   223.6   270.3   299.1   322.1   347.9   382.2   432.1   551.8   937.2  1320.7 105744.0   105715
read      254.7   106.9    80.4   129.1   143.5   232.9   281.8   312.4   334.9   362.0   395.9   447.6   562.0   865.9  1489.4 109002.0   108698
read      253.9    94.2    80.4   128.8   142.8   242.5   290.2   318.8   338.3   359.4   384.4   420.9   491.6   598.8  1026.0  55666.0    55441
read      245.9   102.9    74.4   124.0   138.1   224.3   272.6   303.0   326.2   352.7   385.8   433.6   537.9   834.0  1731.6 105676.0   105384
read      248.0   103.0    74.4   125.1   139.1   226.9   274.3   304.1   327.4   354.9   389.3   436.9   541.8   849.2  1216.4 106484.0   106644
read      246.5   110.9    74.4   122.3   136.0   225.3   274.7   306.0   330.3   356.8   390.2   435.2   526.0   720.7  3215.3  84925.0    84799
read      231.0    64.5   101.3   153.9   168.8   226.7   247.0   258.3   267.0   275.9   292.2   316.6   375.2   917.9  1863.0  13289.0    13372
read      249.6    92.6    93.8   146.6   162.9   245.5   273.4   290.9   303.6   318.2   338.2   366.4   422.3   536.9  3900.7  25667.0    25818
read      257.6    87.3    86.8   134.0   149.4   251.1   294.2   318.4   335.3   353.6   374.6   405.8   475.8   593.1   792.0  42817.0    43197
read      240.2    71.1    93.8   153.9   169.6   235.8   258.6   270.7   280.4   293.4   311.1   336.8   392.9   936.8  2022.9  16474.0    16342
read      256.6    99.0    80.4   128.7   142.8   241.5   291.8   321.1   341.6   365.2   393.3   432.0   520.7   779.9   994.8  59583.0    60414
read      241.6   107.3    74.4   121.4   135.0   218.9   266.7   295.4   319.2   345.2   378.6   427.9   539.1  1042.1  1912.6 105882.0   105092
read      251.6    73.4    86.8   142.5   158.7   248.6   278.8   297.2   311.7   327.3   345.0   375.0   435.6   559.2  1107.3  29217.0    29202
read      222.5   174.7   101.3   153.2   165.4   212.8   230.1   239.3   246.9   254.4   267.2   288.2   373.5  1849.1  7821.8   5264.0     5224
read      247.8   104.4    80.4   125.0   139.3   226.2   273.8   304.0   327.7   355.2   389.8   439.9   541.6   851.9  1280.3 102704.0   104734
read      248.2   124.3    74.4   125.7   139.4   226.2   273.9   303.4   325.8   353.1   387.7   435.5   543.7   807.4  4811.4 106719.0   106273
read      255.7   122.1    80.4   132.6   148.0   247.6   290.3   314.6   331.4   349.5   372.0   404.9   466.8   572.8  6785.6  44889.0    44596
read      259.4   149.2    80.4   127.6   141.8   232.1   281.5   312.3   335.7   363.2   398.1   453.6   636.5  1797.0  3748.8 108370.0   108135
read      256.3    93.0    80.4   134.2   150.3   250.6   288.9   314.3   331.7   349.4   371.3   401.4   463.6   575.8  1278.6  41574.0    41488
read      252.1   110.5    74.4   124.4   138.7   235.1   285.7   316.4   338.2   361.6   389.1   428.0   507.6   682.8  3790.2  67994.0    68048
read      252.1   136.4    74.4   124.0   138.5   227.4   274.6   305.1   329.6   357.7   393.1   445.8   604.2  1417.9  2540.5 101299.0   101205
read      251.5    95.6    93.8   151.6   168.7   245.6   271.7   287.7   299.4   314.7   334.0   362.9   431.7  1003.4  3851.4  21905.0    22018
read      238.6    58.9    93.8   155.0   171.4   233.6   256.0   269.1   278.6   292.7   310.6   337.9   399.3   700.8  1003.0  14735.0    14763
read      248.7   102.5    74.4   122.8   137.0   229.1   279.3   310.7   334.9   361.9   393.5   435.8   519.4   685.4  1193.9  79427.0    80132
read      235.5   146.3   101.3   158.1   171.3   223.2   243.2   254.3   263.6   273.1   290.7   321.0   433.8  2747.8  4676.8   8227.0     8180
read      244.9    70.9    93.8   150.2   167.5   239.9   265.2   279.0   291.3   305.8   323.3   353.1   427.6   650.5  1018.7  20344.0    20631
read      243.5   102.0    74.4   122.9   137.0   223.1   269.6   297.2   319.7   345.6   379.3   429.6   536.7   958.5  1463.1 109208.0   109472
read      261.4   144.3    80.4   131.4   147.5   250.1   293.4   318.9   337.1   357.4   382.3   420.8   502.0  1452.7  4175.6  46806.0    46664
read      223.3    81.4   101.3   156.8   168.7   217.0   234.7   244.8   251.4   260.4   272.0   295.9   373.9  1004.9  3881.7   6298.0     6150
read      245.0   139.2    93.8   154.7   171.3   236.4   260.3   272.4   283.4   296.5   314.7   341.2   407.1  1474.8  7167.5  16605.0    16610
read      261.2    90.5    86.8   136.7   152.3   254.5   294.3   318.9   336.4   355.9   379.7   417.6   486.5   654.6  1929.6  42627.0    42753
read      229.8    76.6    93.8   158.2   170.9   223.5   243.2   254.1   263.0   272.4   288.0   314.3   376.5  1009.2  4086.3   9550.0     9304
read      225.9   187.1    93.8   155.6   168.0   218.0   235.8   247.1   254.3   264.9   276.4   302.0   363.2   946.1 12495.2   8792.0     8734
read      251.7   108.1    80.4   124.9   139.3   230.7   279.7   311.7   336.1   363.7   397.6   446.3   540.8   740.7  2211.6  87988.0    89512
read      255.0    97.5    80.4   127.4   141.7   242.4   290.5   319.5   339.2   361.5   389.0   427.5   502.8   614.2  1027.9  58900.0    58784
read      255.7   119.7    80.4   129.0   143.4   234.4   281.9   311.8   334.9   362.4   397.9   450.4   552.1   901.1  2362.9 104383.0   104359
read      224.1    58.9    93.8   155.1   167.5   218.5   237.0   248.3   255.7   267.3   281.9   309.2   373.1   938.0  1511.8   8772.0     8750
read      255.8    83.2    86.8   141.5   158.6   252.2   284.8   303.5   318.6   336.1   357.1   388.2   450.2   587.9  1735.2  31705.0    31858
read      245.5    72.5    93.8   150.2   167.2   241.8   267.0   280.8   291.9   305.9   323.6   353.6   413.6   666.3  2113.0  20643.0    20648
read      251.6   120.5    74.4   125.5   139.5   231.2   279.7   310.1   333.1   359.2   392.3   439.7   534.5   786.1  3994.0  90592.0    91120
read      248.3   103.3    74.4   123.2   137.3   227.4   276.5   307.2   330.5   357.5   391.5   438.6   544.2   761.3  1472.8  91953.0    91975
read      250.6   102.7    74.4   122.7   137.2   231.0   281.5   313.8   338.1   364.4   395.4   438.2   530.2   781.2  1021.5  79688.0    79487
read      256.2   127.6    80.4   126.7   141.0   231.9   281.6   312.6   336.6   364.4   398.1   450.3   578.7  1547.2  2827.7  94449.0    93804
read      257.0    96.2    80.4   131.9   147.2   249.5   291.2   316.6   335.3   355.6   378.3   413.3   482.6   609.6  1919.6  47770.0    47660
read      255.2    93.2    80.4   129.2   144.2   245.4   290.6   317.8   336.3   356.7   381.5   418.7   495.0   619.8  1046.4  53252.0    53383
read      253.1   104.3    74.4   124.8   139.3   239.1   289.0   318.8   338.4   360.9   388.4   426.8   498.8   612.1  3557.7  60830.0    60697
read      246.5   164.0    86.8   150.6   166.7   240.7   265.6   279.0   290.8   305.2   323.9   352.9   417.8   617.2 12276.5  20047.0    19954
read      250.7   106.6    74.4   124.2   138.4   230.3   281.1   312.5   335.1   361.1   393.1   439.2   542.1   772.7  2385.9  76789.0    76807
read      252.6   128.8    80.4   127.5   141.2   230.1   279.2   310.1   333.8   360.7   393.7   442.9   549.4   908.7  5264.4 103401.0   102724
read      260.2   182.1    80.4   138.0   153.5   250.1   286.2   307.4   323.0   340.2   362.0   394.2   460.7  3432.6  7352.8  36574.0    36517
read      249.3   119.8    80.4   123.2   137.0   225.7   275.3   306.7   330.8   358.1   392.1   440.1   549.8  1086.1  2932.6  90682.0    90439
read      247.4   107.4    74.4   122.7   136.5   225.3   274.7   305.8   330.3   358.0   391.1   437.8   546.8   891.1  1486.6  93243.0    92826
read      253.7   119.1    74.4   125.9   140.1   229.9   279.2   311.2   335.0   362.8   397.8   449.2   584.6  1100.2  2117.6 100088.0    99778
read      250.8   106.3    80.4   124.2   138.3   231.1   280.3   311.3   334.9   362.0   394.2   441.0   539.4   756.4  2837.4  87009.0    87276
read      251.9   119.4    80.4   124.3   138.7   234.8   284.8   315.4   337.6   361.9   390.3   431.4   509.4   637.3  3856.7  67126.0    67275
read      227.4    58.1    93.8   154.6   168.0   222.6   242.7   253.3   262.4   272.2   288.1   312.8   382.9   927.4  1282.1  10149.0    10087
read      257.7    87.8    80.4   135.0   150.8   252.3   292.3   315.2   330.9   347.4   370.6   404.8   472.9   579.6  2012.6  41607.0    41900
read      258.3   102.3    86.8   128.5   142.7   243.6   294.0   324.2   344.5   367.6   396.1   435.7   521.0   660.6  1934.8  60288.0    60263
read      262.7   163.4    80.4   126.8   140.3   236.6   288.7   322.6   345.8   373.2   405.2   455.7   589.2  2334.1  4848.2  79567.0    79470
read      251.4    93.6    80.4   151.0   168.6   246.1   271.8   288.3   300.6   315.9   334.8   364.8   433.8   736.1  3744.3  20922.0    20947
read      251.4   103.2    80.4   123.9   138.0   231.5   282.4   314.1   336.9   363.1   395.8   441.4   536.9   761.7  1302.0  79234.0    79025
read      250.4   110.2    74.4   124.3   138.5   229.4   278.1   307.9   331.5   359.9   394.2   442.5   552.5   828.5  1475.6  93882.0    93419
read      254.0   106.8    80.4   125.9   139.9   231.9   282.9   314.2   338.1   367.0   401.7   450.6   555.2   921.2  1220.1  86695.0    86804
read      231.7    60.0    93.8   156.3   170.8   227.5   247.9   259.3   267.9   277.6   293.3   318.9   382.6   781.5  1088.6  11456.0    11405
read      256.0    80.1    86.8   140.1   156.0   252.4   286.4   307.2   322.2   339.2   361.1   393.3   455.0   585.7   992.9  33801.0    33882
read      227.9    71.7   101.3   155.9   168.5   221.3   242.0   253.9   262.6   271.6   286.1   311.9   382.3   986.6  3030.4   8429.0     8430
read      225.9    83.1   101.3   156.6   168.7   219.0   238.8   250.2   258.3   268.8   282.9   309.2   377.2   932.1  3836.1   7810.0     7942
read      258.0   164.5    80.4   126.2   140.5   230.5   278.8   309.7   334.0   362.6   398.9   454.9   611.9  2128.3  4953.6 104651.0   105057
read      249.1   102.8    80.4   123.9   137.6   229.1   279.2   311.7   334.8   360.6   392.6   436.7   530.8   722.5  1526.1  82736.0    82445
read      256.8    96.1    80.4   134.6   150.7   251.8   289.9   312.9   329.2   346.3   367.7   398.7   463.0   598.7  3556.1  40645.0    40392
read      252.3   206.1    86.8   153.8   170.7   238.2   263.7   275.9   287.9   301.4   321.0   356.8   473.5  1950.2  7939.3  16574.0    16556
read      298.1   342.8    80.4   126.7   141.5   242.5   297.1   334.1   361.4   394.9   441.7   548.9  1406.7  5296.6  9370.3  91550.0    91947
read      252.1    75.5    86.8   145.3   162.0   248.5   278.9   297.1   311.0   326.2   344.6   374.7   435.9   523.0  1005.6  28842.0    28551
read      246.4   104.6    74.4   122.0   135.7   227.0   276.7   307.1   329.9   356.4   388.5   432.1   511.3   670.4  1900.8  78032.0    78108
read      247.1   124.0    86.8   152.2   169.3   240.9   266.2   280.2   292.0   306.6   324.3   349.8   413.8   950.7  7573.9  18752.0    18719
read      240.8    94.7   101.3   157.4   173.7   235.0   257.3   269.8   279.1   292.6   310.9   338.0   396.2   896.1  4025.9  13031.0    13168
read      255.2    93.0    80.4   130.4   145.6   246.5   290.1   316.2   333.9   353.4   377.2   412.2   478.7   603.1  1829.1  48138.0    48375
read      254.6   127.7    80.4   125.7   140.0   230.1   280.1   311.6   335.2   362.9   397.9   450.6   585.4  1212.4  2780.0  97982.0    98215
read      254.9   113.2    80.4   127.3   141.1   238.1   288.5   319.1   339.9   362.6   390.5   430.1   519.5   785.0  4108.0  62178.0    62057
read      246.6   142.5    80.4   121.7   135.5   222.5   271.7   301.8   325.9   353.7   386.8   433.8   543.8  1196.4  7082.0  94412.0    94693
read      250.5   118.1    80.4   123.6   137.8   226.5   276.0   308.0   332.5   361.0   395.2   445.6   567.9  1104.1  2791.3  92709.0    92475
read      246.7   102.5    80.4   122.2   135.8   226.4   276.7   308.9   332.3   358.0   389.4   433.1   524.2   751.9  1209.3  83422.0    83505
read      240.0   101.0    74.4   121.5   135.1   218.7   265.6   293.6   315.8   342.5   375.5   425.9   529.5   903.4  1369.4 109616.0   109987
read      241.8   107.8    80.4   121.1   134.5   220.5   269.9   298.8   322.3   348.9   381.8   427.5   519.7   749.0  3137.7  93946.0    93810
read      256.3   101.2    80.4   128.3   142.6   244.8   291.7   320.4   339.8   362.0   388.0   423.9   496.5   644.2  2273.2  55829.0    56123
read      245.2    89.4    86.8   150.6   167.0   241.0   265.9   279.2   290.8   305.1   324.1   352.8   414.6   732.0  3911.6  20612.0    20359
read      253.4   100.5    80.4   126.8   141.3   242.1   288.8   315.0   334.0   355.3   380.5   418.9   497.5   715.9  2436.7  54329.0    54191
read      248.7   127.5    74.4   123.0   136.9   224.6   272.9   303.9   327.8   354.4   387.1   434.9   568.9  1492.1  3264.4  97544.0    97761
read      250.1   110.6    74.4   125.0   139.1   227.9   275.6   307.5   331.6   358.2   392.3   441.0   553.7  1004.8  1844.9 101742.0   101798
read      232.9    64.3    93.8   156.0   170.8   227.9   248.8   260.5   268.9   279.0   295.7   319.7   376.7   976.2  2011.8  11661.0    11665
read      249.8   108.3    80.4   125.0   138.7   227.1   276.6   308.0   331.8   359.9   394.8   444.2   547.8   833.2  1952.1  93690.0    93664
read      226.1   149.2   109.4   153.9   166.2   217.5   235.4   247.0   254.5   265.1   276.7   301.5   384.2  1441.7  7913.1   7500.0     7403
read      247.4    99.1    74.4   122.9   136.9   228.8   279.0   309.8   332.0   356.9   387.9   430.0   515.2   671.8   924.6  72701.0    73227
read      248.8   104.4    80.4   124.6   138.5   227.1   277.3   309.7   333.2   359.7   392.4   439.5   537.6   767.6  2084.9  91144.0    91119
read      250.2   106.4    80.4   123.7   137.8   230.7   282.0   314.0   336.9   362.4   393.7   436.6   528.8   676.1  1198.8  76731.0    76654
read      257.0    92.4    80.4   131.2   145.9   247.3   293.3   320.2   339.5   360.7   385.8   421.8   489.0   605.0  1184.7  52153.0    52293
read      235.6    57.7    93.8   152.2   168.4   231.7   253.3   265.6   273.5   286.5   303.4   331.5   396.5   547.8  1004.6  15132.0    15050
read      252.9   112.0    74.4   125.0   139.1   229.4   280.3   312.7   337.0   365.2   399.5   450.2   577.4  1002.2  1377.5  87654.0    88148
read      232.2    83.5    93.8   153.5   167.8   227.1   248.5   260.7   269.7   281.0   296.3   322.1   377.8   913.0  1984.2  13490.0    13524
read      254.8   120.3    80.4   128.9   143.1   242.0   290.6   318.4   337.1   357.6   382.0   420.0   495.6   663.0  6574.0  54720.0    54805
read      234.3    55.2    86.8   154.7   169.5   230.3   252.1   264.5   272.7   284.5   298.6   325.6   388.9   546.7  1013.4  14376.0    14412
read      257.2   151.4    80.4   126.6   140.3   235.8   287.8   319.1   342.8   367.8   396.5   436.5   538.8  1465.1  4973.9  68578.0    68941
read      251.3   105.6    80.4   124.5   138.7   228.8   279.8   312.8   337.3   364.6   397.7   447.3   559.4   796.5  1101.0  89761.0    89820
read      250.5   105.1    74.4   125.0   139.2   229.7   278.6   309.6   333.9   361.8   395.1   442.1   540.8   783.3  1698.4  91089.0    91153
read      248.0    74.4    86.8   146.8   164.4   245.0   271.5   287.6   299.1   314.0   333.1   361.3   417.3   549.6  2005.2  24188.0    24369
read      256.8    88.5    80.4   133.9   149.9   249.9   290.6   314.4   331.8   351.1   373.9   405.2   468.9   615.7  1857.0  42430.0    42486
read      253.3    78.4    86.8   144.4   161.8   249.1   278.8   297.4   311.4   327.1   346.7   377.6   437.8   547.2  1832.8  27607.0    27648
read      258.4    82.3    80.4   142.9   159.4   253.3   287.5   308.7   324.1   341.8   365.2   397.7   461.7   606.2  1716.6  32289.0    31851
read      264.5   135.7    80.4   130.3   144.9   240.1   292.1   325.3   349.8   378.6   415.0   469.6   597.2   975.4  4576.3  99828.0   100322
read      259.2   116.9    80.4   128.8   142.9   236.0   286.9   319.8   343.6   371.4   407.6   460.1   573.9   910.5  3430.5  93969.0    94014
read      245.0    95.6    93.8   155.7   172.8   238.5   262.6   274.8   287.1   300.9   320.3   347.2   411.2   927.3  3446.0  16924.0    16913
read      226.5   116.5   109.4   157.2   169.9   218.7   237.8   249.0   256.6   266.9   279.8   310.2   385.7   964.8  7776.5   6015.0     5947
read      263.2   114.0    80.4   129.1   143.7   241.5   293.5   326.3   351.3   378.4   412.8   463.2   589.9   860.9  2431.2  76664.0    77583
read      225.2    64.5    93.8   157.0   169.3   218.9   236.7   247.9   254.9   266.1   279.3   304.5   377.1   982.6  1940.7   6370.0     6265
read      275.3   211.5    80.4   128.4   143.3   247.1   295.4   326.8   348.6   374.4   410.8   466.2   836.5  2430.8  8440.8  58306.0    58967
read      258.5   102.4    80.4   135.4   152.1   251.5   288.5   310.3   326.7   345.1   368.7   403.0   484.6  1431.4  2630.2  40593.0    40532
read      252.5    91.2    74.4   127.2   142.0   243.4   288.0   313.4   332.0   352.7   378.0   416.1   488.2   581.0  1108.8  56215.0    56191
read      250.5   133.1    74.4   124.5   138.7   227.9   275.6   305.4   328.7   356.7   391.0   438.6   541.1  1420.4  3518.7 102988.0   103011
read      251.0    68.7    80.4   148.9   166.8   248.2   275.0   291.1   303.1   317.9   337.5   365.4   425.8   538.4  1064.2  24446.0    24501
read      255.6   118.3    74.4   127.8   142.2   243.2   290.4   317.5   336.6   357.9   383.7   421.6   497.3   686.3  3736.9  57114.0    57444
read      253.6    98.6    80.4   126.2   140.7   240.4   288.9   316.6   336.7   359.7   388.3   428.5   500.6   623.0  1712.2  60513.0    60289
read      246.3   100.2    74.4   124.0   138.6   226.9   274.6   302.7   325.4   352.2   386.1   432.9   520.3   644.4  2091.6 103201.0   103880
read      253.6    82.1    80.4   140.8   158.0   250.3   282.1   299.8   314.1   330.3   349.6   381.9   444.6   561.7  2548.7  32699.0    32464
read      231.2    57.0   101.3   160.8   174.9   226.4   245.4   255.3   264.5   273.7   289.5   316.7   383.4   899.0  2045.8   9449.0     9285
read      247.5    98.6    74.4   125.8   140.1   229.1   275.0   303.5   325.8   351.2   383.8   431.8   524.6   659.6  1388.9 109268.0   109877
read      248.3    78.8    86.8   149.4   166.4   243.7   269.3   284.5   296.2   312.3   331.9   361.3   426.5   882.9  3166.8  22732.0    22850
read      258.9    84.3    80.4   138.0   154.5   254.6   290.4   313.0   329.5   347.5   370.3   403.4   471.9   589.8   999.5  37737.0    37879
read      246.6   101.1    74.4   123.1   137.5   228.1   275.8   304.8   327.5   353.3   386.6   432.6   519.2   659.5  2188.2  90710.0    90611
read      256.2    84.4    74.4   134.4   149.8   251.6   290.1   313.3   329.8   347.3   371.1   402.8   471.0   578.7   665.7  42430.0    42389
read      248.9   110.7    74.4   123.5   137.5   228.1   277.6   308.5   331.7   358.3   391.0   436.7   530.1   735.4  3073.5  89880.0    89747
read      249.1    67.7    93.8   153.7   171.2   244.6   269.8   285.5   297.3   313.4   332.2   359.4   420.8   537.5  2124.5  19234.0    18888
read      251.8   108.2    86.8   154.9   172.2   243.9   269.2   284.4   295.8   311.1   329.9   360.0   439.2  1415.1  2405.4  18437.0    18342
read      249.8    99.1    74.4   123.6   138.3   233.7   283.0   311.5   333.0   357.8   388.7   430.5   506.9   634.5  1232.0  70833.0    71509
read      244.3   104.8    80.4   122.3   136.2   225.3   272.8   300.9   323.1   348.3   382.8   430.4   516.1   660.0  2179.9  93654.0    93765
read      256.3    82.8    80.4   139.9   156.8   253.5   287.3   306.8   321.1   339.1   360.6   391.1   452.9   538.6  1144.9  34943.0    35150
read      233.7   122.1    93.8   157.2   173.0   228.2   247.9   259.1   267.6   276.6   291.7   316.2   371.5   962.8  1371.5  11434.0    11581
read      255.3   117.6    80.4   129.5   143.9   245.0   290.1   316.9   334.7   353.9   377.7   416.6   492.3   608.6  3486.5  51322.0    51412
read      230.9    69.3   101.3   160.7   174.4   225.5   244.4   254.5   263.4   272.5   287.9   314.6   379.0   936.2  3811.6   8621.0     8462
read      255.1    87.5    86.8   144.5   161.4   253.0   282.5   299.8   313.8   329.2   346.1   376.8   445.8   573.0  1343.2  28381.0    28740
read      238.0    84.2    93.8   159.1   175.6   233.0   253.0   264.7   272.3   283.4   296.6   323.9   384.4   998.4  4019.8  11718.0    11652
read      246.6    99.2    80.4   124.3   138.1   227.0   274.3   303.2   326.1   353.7   388.3   437.4   530.3   670.8   946.6  99580.0    99757
read      257.1    83.2    80.4   139.9   156.8   254.6   288.6   308.2   321.7   339.3   361.2   393.3   457.2   544.7  2280.9  35392.0    35286
read      246.7   100.7    74.4   122.0   136.0   226.9   275.8   305.6   328.7   355.8   390.1   436.3   526.6   689.0  1388.6  88071.0    87947
read      233.4    57.7    93.8   161.2   174.5   229.0   248.7   259.8   268.4   278.2   293.7   319.8   392.5   875.7  1887.8   9876.0     9792
read      242.9    76.8    80.4   159.4   176.6   237.4   259.5   271.2   280.7   293.3   311.2   339.3   401.1   979.6  3142.7  13735.0    13638
read      247.0   106.4    74.4   121.3   135.4   229.9   278.9   309.5   330.8   354.5   384.3   427.8   505.0   632.3  3363.1  74685.0    75307
read      245.3   114.9    68.9   121.2   135.2   224.9   273.2   302.6   325.0   350.5   383.0   430.3   529.0   978.5  2519.2  91350.0    91207
read      245.4    99.2    74.4   120.8   134.9   226.8   276.2   305.8   329.0   356.2   388.4   431.1   509.8   636.6  1400.7  82185.0    81855
read      246.4   140.9    74.4   122.9   137.1   225.2   272.6   300.9   324.3   351.4   384.4   431.6   525.6   751.8  4739.6 100270.0   100069
read      259.5   119.1    86.8   142.8   160.4   254.7   287.0   306.1   319.8   336.8   357.8   389.5   456.6  1021.4  4905.1  31789.0    31951
read      244.6   101.3    74.4   123.2   137.5   225.2   271.9   300.3   322.9   349.2   383.1   430.1   522.9   670.6  2441.9 104767.0   104976
read      244.6   101.7    74.4   122.0   135.6   225.0   274.7   303.3   326.6   353.1   386.1   430.8   510.1   666.3  1315.3  86903.0    87502
read      245.4   120.1    80.4   121.3   135.0   224.9   274.2   304.2   328.0   353.7   385.2   429.6   514.7   696.2  3950.2  80264.0    80028
read      258.2    89.3    74.4   133.9   149.7   252.5   293.4   319.0   335.8   354.0   374.7   407.8   472.3   577.1   928.4  44316.0    44225
read      249.8   100.2    74.4   123.5   137.7   232.3   282.9   313.3   335.7   361.1   391.9   434.8   509.2   637.3  1408.4  72016.0    72415
read      246.6   108.2    80.4   123.0   137.1   226.2   276.2   306.3   330.4   357.7   389.4   433.2   510.1   634.4  3905.0  87626.0    87807
read      251.9   104.5    80.4   124.9   139.2   235.8   286.0   314.8   336.5   361.5   391.5   432.5   506.3   631.2  1299.3  65409.0    65557
read      241.8    65.9    93.8   156.2   173.6   237.4   259.5   271.7   281.8   294.3   313.1   340.8   397.6   672.0  2298.0  14417.0    14385
read      256.5    84.9    86.8   144.6   161.5   254.4   283.9   301.6   315.9   331.5   348.7   377.2   439.4   630.3  3514.1  27489.0    27635
read      250.7    76.2    86.8   150.8   169.0   247.6   272.3   287.8   299.0   314.2   332.4   358.8   421.4   889.8  2874.4  20679.0    20715
read      255.5   107.8    80.4   128.3   142.5   244.1   290.4   317.3   336.4   357.9   384.2   422.3   495.4   814.4  2441.4  55827.0    55783
read      245.9   109.2    74.4   121.5   135.3   226.7   276.8   306.9   330.2   356.3   387.9   431.5   512.2   649.6  2140.1  80981.0    80848
read      248.3   100.8    74.4   122.2   136.6   228.8   279.7   310.0   333.2   359.7   392.3   436.5   521.0   649.0  1258.2  82666.0    82586
read      246.8   112.0    74.4   124.6   138.8   226.7   273.3   302.6   325.6   351.8   385.0   433.0   531.5   724.5  3950.3 104131.0   104093
read      255.1    90.4    80.4   130.2   145.4   247.1   290.9   316.4   334.8   355.0   378.6   414.8   481.7   575.3   748.4  50501.0    50265
read      252.4    89.5    74.4   128.3   143.3   244.9   288.2   312.7   330.3   349.0   373.3   410.5   477.9   572.6  1180.3  51848.0    51931
read      233.8    62.9    93.8   159.0   174.6   228.0   248.1   259.5   267.8   276.8   293.7   321.4   392.5   980.0  1876.2  10698.0    10802
read      247.8   101.0    80.4   122.1   136.4   229.0   279.9   310.2   332.3   358.0   390.1   432.5   513.2   672.2  1819.7  79488.0    79916
read      255.3   115.4    74.4   129.3   144.7   247.0   290.1   314.5   332.5   352.5   374.7   412.2   486.0   602.3  3488.6  50569.0    50498
read      248.2   107.4    74.4   121.5   136.2   230.5   279.8   308.9   331.1   356.5   387.8   431.6   507.3   747.4  2226.6  75422.0    75863
read      245.3   106.9    74.4   121.2   135.2   226.0   274.5   303.0   325.1   352.3   386.2   433.2   519.6   668.8  3573.7  89196.0    88817
read      254.6    90.6    80.4   144.7   163.0   251.5   280.7   298.8   312.4   327.6   346.0   373.4   438.8   544.4  4131.6  28157.0    27861
read      257.0    86.3    86.8   140.0   156.7   254.2   287.7   307.4   321.2   337.9   359.6   394.3   462.7   549.1  1154.6  33844.0    33910
read      251.0   104.9    74.4   124.0   138.8   235.9   285.1   313.5   334.2   357.8   386.9   427.2   503.0   641.1  1959.9  65098.0    65491
read      250.1   121.3    80.4   124.4   138.9   238.0   285.5   313.0   332.0   352.2   376.4   414.3   485.1   595.5  3600.1  60426.0    60507
read      244.6   103.1    74.4   120.9   134.9   225.5   275.7   304.8   327.6   353.8   384.9   429.6   506.2   638.4  1977.6  83924.0    84276
read      258.8   112.6    74.4   129.4   145.0   248.6   292.8   318.9   337.2   357.3   381.5   420.7   494.3  1281.0  2712.9  51027.0    51201
read      252.1    70.8    86.8   151.8   169.0   248.9   275.4   291.9   303.8   317.6   335.8   362.0   417.9   542.6  1584.3  22717.0    22706
read      256.8    76.5    80.4   141.6   158.5   254.0   286.6   305.4   319.9   337.6   359.3   390.9   457.1   544.0   969.2  33182.0    33092
read      248.7   119.5    80.4   122.2   136.8   233.1   281.2   309.1   330.2   353.4   382.6   426.3   505.6   642.1  3814.8  67030.0    67167
read      250.2   120.3    74.4   123.4   138.3   229.0   276.8   307.4   330.9   358.2   391.7   440.2   542.5  1099.6  4416.8  97239.0    97349
read      244.6    99.5    74.4   122.8   137.2   225.5   273.4   301.5   323.4   349.3   382.8   430.4   516.0   640.9  1679.8 105416.0   105743
read      255.5    92.3    74.4   128.1   143.5   245.7   290.7   318.0   337.5   358.6   384.3   423.0   490.3   585.7   969.2  53171.0    53600
read      250.9    71.5    86.8   152.2   170.0   246.7   272.4   288.5   300.1   315.6   334.8   363.0   422.5   568.8  1980.6  21170.0    21310
read      248.2    99.2    74.4   122.7   137.1   230.2   280.0   310.2   332.4   358.1   389.2   432.7   509.0   617.2  1318.9  76561.0    76417
read      259.4    97.2    80.4   134.4   150.4   253.4   294.0   317.2   334.9   354.6   376.7   409.2   471.6   564.1  2139.3  43712.0    43763
read      246.1    97.1    74.4   122.1   136.2   228.6   278.4   307.4   329.6   354.1   385.0   428.3   508.0   625.5   758.4  73676.0    73896
read      241.9   102.9    74.4   121.2   134.7   221.1   268.8   296.6   319.5   346.1   380.6   430.5   527.8   779.4  1684.3  97856.0    97794
read      247.7    63.7    93.8   150.6   168.4   246.2   271.0   285.2   295.2   309.6   327.2   352.0   409.7   513.2  1094.4  21491.0    21446
read      255.9    92.2    80.4   130.0   145.2   248.2   292.1   317.6   335.6   355.6   379.5   417.5   483.5   601.0  1098.9  50185.0    49988
read      228.8   101.5   101.3   158.5   171.2   221.8   239.4   249.9   257.4   268.2   283.0   310.4   392.9   991.8  5665.4   7155.0     7122
read      245.3   102.7    80.4   121.5   135.4   225.8   275.6   305.8   328.9   354.7   386.2   431.6   516.9   667.0  1002.8  82772.0    83763
read      258.2   106.2    74.4   135.2   151.5   252.1   291.9   316.3   332.3   348.7   370.2   401.6   468.4   567.3  4204.2  41501.0    41140
read      246.4    99.0    74.4   122.9   137.4   227.3   275.3   304.4   326.2   352.2   386.3   434.2   529.1   664.9  1059.1  95341.0    95462
read      246.6    97.8    74.4   124.5   138.8   227.4   274.7   303.5   325.8   352.2   386.8   434.3   526.8   651.1  1061.8 104207.0   104165
read      248.1   147.0    74.4   123.4   137.6   226.8   274.3   304.0   326.8   353.4   387.4   435.9   536.7   690.8  8307.3  99669.0   100019
read      259.8    83.7    86.8   139.9   156.6   255.3   291.4   312.8   327.7   343.8   366.6   399.7   471.7   605.1   998.3  35456.0    35421
read      254.4   121.0    80.4   126.9   141.8   243.1   289.4   315.9   334.5   355.1   380.8   421.1   495.6   634.4  5760.4  55012.0    55637
read      255.6    97.8    74.4   137.4   153.6   250.9   285.6   306.8   322.0   338.2   358.7   390.6   456.0   686.5  3923.6  34541.0    34477
read      256.5    92.1    80.4   137.1   153.9   251.7   288.1   309.6   325.3   342.0   364.0   395.9   461.1   597.4  3143.5  37406.0    37440
read      253.3   104.5    80.4   125.5   140.1   238.6   287.6   316.1   337.2   360.7   389.8   431.2   508.1   647.0  1710.2  65058.0    64960
read      252.6   104.2    74.4   126.2   141.0   241.0   287.3   314.7   333.8   355.2   382.3   422.3   497.9   610.6  1972.6  58510.0    58635
read      247.5    82.2    93.8   151.8   168.6   244.2   269.5   283.7   293.8   308.4   327.4   356.3   409.2   539.7  4031.9  21317.0    21487
read      240.4    64.5    93.8   157.6   174.6   235.9   258.3   270.0   278.6   290.9   308.4   336.9   399.9   506.4  1081.3  14703.0    14640
read      249.0    73.0    86.8   150.6   168.0   245.5   270.7   285.6   296.0   312.4   332.3   361.2   423.4   559.1  1170.5  22037.0    21957
read      260.4   157.3    74.4   132.8   149.4   251.3   291.3   316.3   333.5   352.0   375.1   411.8   486.8   835.1  8955.1  42969.0    43413
read      252.3   113.8    80.4   124.3   138.9   235.6   285.1   313.7   334.9   358.9   388.6   430.7   506.8   706.8  2807.5  68358.0    68826
read      259.0    87.9    74.4   134.7   151.0   253.7   293.2   316.5   332.9   350.8   372.8   407.3   483.2   612.5  1915.5  42156.0    42244
read      251.1   101.5    74.4   123.5   137.5   236.3   285.8   314.3   336.6   361.3   389.6   429.3   507.8   635.5  1077.5  65630.0    65554
read      251.7   106.7    74.4   123.8   138.5   234.4   284.4   314.8   336.9   362.4   393.0   434.7   516.9   641.8  1799.2  72413.0    72635
read      228.9    70.8   101.3   156.3   170.0   222.5   242.7   254.0   263.3   272.9   289.0   316.6   387.7   922.3  3817.8   8415.0     8234
read      244.1   103.8    74.4   120.6   134.4   224.7   274.1   303.6   326.5   352.7   385.9   431.5   510.4   625.6  1851.8  84675.0    85104
read      241.7   108.1    74.4   120.9   134.5   222.5   270.3   297.3   320.8   346.7   379.5   427.5   513.9   657.6  1027.9  96701.0    97153

Total QPS = 58239.8 (104831568 / 1800.0s)

Total connections = 64
Misses = 0 (0.0%)
Skipped TXs = 0 (0.0%)

RX 25893397790 bytes :   13.7 MB/s
TX          0 bytes :    0.0 MB/s
Warning! Detected max cpu usage > 95%
CPU Usage Stats (avg/min/max): 99.92%,25.13%,100.00%
