timestamp,core0,core1,core2,core3
2026-05-15T23:20:32.014559,0.00,50.00,50.00,0.00
2026-05-15T23:20:32.115004,0.00,0.00,0.00,0.00
2026-05-15T23:20:32.215514,0.00,0.00,0.00,0.00
2026-05-15T23:20:32.316065,0.00,0.00,0.00,0.00
2026-05-15T23:20:32.416508,0.00,0.00,0.00,0.00
2026-05-15T23:20:32.517019,0.00,0.00,0.00,0.00
2026-05-15T23:20:32.617553,0.00,0.00,0.00,9.10
2026-05-15T23:20:32.718045,0.00,0.00,0.00,9.10
2026-05-15T23:20:32.818514,0.00,0.00,0.00,0.00
2026-05-15T23:20:32.919015,0.00,0.00,9.10,0.00
2026-05-15T23:20:33.019549,0.00,0.00,0.00,0.00
2026-05-15T23:20:33.120050,0.00,0.00,0.00,0.00
2026-05-15T23:20:33.220556,0.00,0.00,0.00,0.00
2026-05-15T23:20:33.321019,9.10,9.10,0.00,0.00
2026-05-15T23:20:33.421544,0.00,9.10,0.00,0.00
2026-05-15T23:20:33.522008,0.00,0.00,9.10,0.00
2026-05-15T23:20:33.622418,0.00,0.00,0.00,0.00
2026-05-15T23:20:33.722951,0.00,0.00,0.00,9.10
2026-05-15T23:20:33.823410,0.00,0.00,0.00,0.00
2026-05-15T23:20:33.938473,8.30,0.00,0.00,8.30
2026-05-15T23:20:34.275324,24.20,15.60,28.10,18.20
2026-05-15T23:20:34.377242,0.00,10.00,100.00,0.00
2026-05-15T23:20:34.479182,9.10,0.00,100.00,9.10
2026-05-15T23:20:34.581076,0.00,0.00,100.00,0.00
2026-05-15T23:20:34.682970,0.00,0.00,100.00,0.00
2026-05-15T23:20:34.784905,0.00,0.00,100.00,0.00
2026-05-15T23:20:34.886676,9.10,0.00,100.00,0.00
2026-05-15T23:20:34.988622,0.00,0.00,100.00,0.00
2026-05-15T23:20:35.090600,0.00,0.00,100.00,9.10
2026-05-15T23:20:35.192578,0.00,0.00,100.00,9.10
2026-05-15T23:20:35.294547,10.00,0.00,100.00,0.00
2026-05-15T23:20:35.396432,0.00,9.10,100.00,0.00
2026-05-15T23:20:35.498463,0.00,9.10,100.00,0.00
2026-05-15T23:20:35.600409,0.00,0.00,100.00,0.00
2026-05-15T23:20:35.702597,0.00,0.00,100.00,0.00
2026-05-15T23:20:35.804578,9.10,0.00,100.00,9.10
2026-05-15T23:20:35.906828,0.00,0.00,100.00,0.00
2026-05-15T23:20:36.008938,0.00,0.00,100.00,0.00
2026-05-15T23:20:36.110790,0.00,0.00,100.00,0.00
2026-05-15T23:20:36.212691,0.00,9.10,100.00,0.00
2026-05-15T23:20:36.314810,10.00,0.00,100.00,10.00
2026-05-15T23:20:36.416697,9.10,10.00,100.00,0.00
2026-05-15T23:20:36.518625,0.00,9.10,100.00,0.00
2026-05-15T23:20:36.620541,0.00,0.00,100.00,0.00
2026-05-15T23:20:36.722427,9.10,0.00,100.00,0.00
2026-05-15T23:20:36.824416,0.00,0.00,100.00,9.10
2026-05-15T23:20:36.926268,0.00,9.10,100.00,0.00
2026-05-15T23:20:37.028064,0.00,0.00,100.00,0.00
2026-05-15T23:20:37.129976,0.00,0.00,100.00,0.00
2026-05-15T23:20:37.232017,0.00,0.00,100.00,0.00
2026-05-15T23:20:37.334338,0.00,9.10,100.00,0.00
2026-05-15T23:20:37.436233,0.00,0.00,100.00,0.00
2026-05-15T23:20:37.538202,0.00,0.00,100.00,0.00
2026-05-15T23:20:37.640483,9.10,0.00,100.00,0.00
2026-05-15T23:20:37.742500,0.00,0.00,100.00,0.00
2026-05-15T23:20:37.844707,9.10,9.10,100.00,9.10
2026-05-15T23:20:37.946801,0.00,0.00,100.00,0.00
2026-05-15T23:20:38.048835,0.00,0.00,100.00,0.00
2026-05-15T23:20:38.151051,0.00,8.30,100.00,0.00
2026-05-15T23:20:38.253321,0.00,0.00,100.00,9.10
2026-05-15T23:20:38.355591,9.10,0.00,100.00,0.00
2026-05-15T23:20:38.457683,0.00,0.00,100.00,0.00
2026-05-15T23:20:38.559676,0.00,0.00,100.00,0.00
2026-05-15T23:20:38.661796,9.10,0.00,100.00,0.00
2026-05-15T23:20:38.763937,0.00,0.00,100.00,0.00
2026-05-15T23:20:38.866149,9.10,0.00,100.00,0.00
2026-05-15T23:20:38.968348,0.00,9.10,100.00,0.00
2026-05-15T23:20:39.070311,0.00,0.00,100.00,0.00
2026-05-15T23:20:39.172192,0.00,0.00,100.00,0.00
2026-05-15T23:20:39.274123,0.00,0.00,100.00,9.10
2026-05-15T23:20:39.376079,0.00,0.00,100.00,0.00
2026-05-15T23:20:39.478041,0.00,9.10,100.00,0.00
2026-05-15T23:20:39.579931,0.00,0.00,100.00,0.00
2026-05-15T23:20:39.681790,9.10,0.00,100.00,0.00
2026-05-15T23:20:39.783685,0.00,0.00,100.00,0.00
2026-05-15T23:20:39.885614,9.10,0.00,100.00,0.00
2026-05-15T23:20:39.987452,0.00,0.00,100.00,0.00
2026-05-15T23:20:40.089294,0.00,0.00,100.00,0.00
2026-05-15T23:20:40.191172,0.00,0.00,100.00,9.10
2026-05-15T23:20:40.293045,9.10,9.10,100.00,0.00
2026-05-15T23:20:40.394987,9.10,9.10,100.00,0.00
2026-05-15T23:20:40.496830,0.00,0.00,100.00,0.00
2026-05-15T23:20:40.598753,0.00,0.00,100.00,0.00
2026-05-15T23:20:40.700708,0.00,0.00,100.00,0.00
2026-05-15T23:20:40.802628,0.00,0.00,100.00,0.00
2026-05-15T23:20:40.904462,0.00,0.00,100.00,0.00
2026-05-15T23:20:41.006232,0.00,0.00,100.00,0.00
2026-05-15T23:20:41.108175,0.00,0.00,100.00,0.00
2026-05-15T23:20:41.210101,0.00,0.00,100.00,9.10
2026-05-15T23:20:41.312024,0.00,10.00,100.00,0.00
2026-05-15T23:20:41.413985,0.00,0.00,100.00,0.00
2026-05-15T23:20:41.516158,9.10,0.00,100.00,0.00
2026-05-15T23:20:41.618284,9.10,0.00,100.00,0.00
2026-05-15T23:20:41.720504,0.00,0.00,100.00,0.00
2026-05-15T23:20:41.822831,0.00,0.00,100.00,0.00
2026-05-15T23:20:41.925118,0.00,0.00,100.00,0.00
2026-05-15T23:20:42.027024,0.00,0.00,100.00,0.00
2026-05-15T23:20:42.128915,0.00,0.00,100.00,9.10
2026-05-15T23:20:42.230869,0.00,0.00,100.00,0.00
2026-05-15T23:20:42.332806,0.00,0.00,100.00,0.00
2026-05-15T23:20:42.434646,0.00,0.00,100.00,0.00
2026-05-15T23:20:42.536630,0.00,0.00,100.00,0.00
2026-05-15T23:20:42.638872,0.00,0.00,100.00,9.10
2026-05-15T23:20:42.740832,0.00,0.00,100.00,0.00
2026-05-15T23:20:42.842704,0.00,0.00,100.00,0.00
2026-05-15T23:20:42.944670,0.00,0.00,100.00,0.00
2026-05-15T23:20:43.046567,0.00,0.00,100.00,0.00
2026-05-15T23:20:43.148358,0.00,0.00,100.00,0.00
2026-05-15T23:20:43.250204,0.00,9.10,100.00,0.00
2026-05-15T23:20:43.352124,8.30,0.00,100.00,9.10
2026-05-15T23:20:43.454163,18.20,0.00,100.00,0.00
2026-05-15T23:20:43.555985,0.00,9.10,100.00,0.00
2026-05-15T23:20:43.657714,0.00,0.00,100.00,0.00
2026-05-15T23:20:43.759611,0.00,0.00,100.00,0.00
2026-05-15T23:20:43.861598,0.00,0.00,100.00,0.00
2026-05-15T23:20:43.963514,0.00,0.00,100.00,9.10
2026-05-15T23:20:44.065209,0.00,0.00,100.00,0.00
2026-05-15T23:20:44.167043,0.00,0.00,100.00,0.00
2026-05-15T23:20:44.268816,0.00,0.00,100.00,0.00
2026-05-15T23:20:44.370736,0.00,0.00,100.00,0.00
2026-05-15T23:20:44.472810,0.00,0.00,100.00,0.00
2026-05-15T23:20:44.574912,0.00,0.00,100.00,0.00
2026-05-15T23:20:44.676715,9.10,9.10,100.00,0.00
2026-05-15T23:20:44.778599,0.00,0.00,100.00,0.00
2026-05-15T23:20:44.880923,9.10,0.00,100.00,9.10
2026-05-15T23:20:44.982928,0.00,0.00,100.00,0.00
2026-05-15T23:20:45.084740,0.00,0.00,100.00,0.00
2026-05-15T23:20:45.186692,9.10,0.00,100.00,9.10
2026-05-15T23:20:45.288634,18.20,0.00,100.00,0.00
2026-05-15T23:20:45.390606,0.00,10.00,100.00,0.00
2026-05-15T23:20:45.492621,18.20,10.00,100.00,9.10
2026-05-15T23:20:45.594632,0.00,0.00,100.00,0.00
2026-05-15T23:20:45.696452,10.00,11.10,100.00,0.00
2026-05-15T23:20:45.798348,30.80,0.00,100.00,0.00
2026-05-15T23:20:45.900382,10.00,0.00,100.00,10.00
2026-05-15T23:20:46.002620,10.00,0.00,100.00,10.00
2026-05-15T23:20:46.104677,20.00,10.00,100.00,0.00
2026-05-15T23:20:46.206898,10.00,0.00,100.00,0.00
2026-05-15T23:20:46.309096,0.00,10.00,100.00,0.00
2026-05-15T23:20:46.411191,10.00,0.00,100.00,10.00
2026-05-15T23:20:46.513444,0.00,0.00,100.00,0.00
2026-05-15T23:20:46.615367,10.00,10.00,100.00,10.00
2026-05-15T23:20:46.717569,18.20,0.00,100.00,10.00
2026-05-15T23:20:46.819479,10.00,0.00,100.00,10.00
2026-05-15T23:20:46.921489,10.00,0.00,100.00,0.00
2026-05-15T23:20:47.023461,11.10,10.00,100.00,0.00
2026-05-15T23:20:47.125750,10.00,0.00,100.00,0.00
2026-05-15T23:20:47.227891,10.00,0.00,100.00,0.00
2026-05-15T23:20:47.329899,10.00,0.00,100.00,0.00
2026-05-15T23:20:47.431968,10.00,10.00,100.00,0.00
2026-05-15T23:20:47.533927,10.00,0.00,100.00,0.00
2026-05-15T23:20:47.635938,18.20,0.00,100.00,0.00
2026-05-15T23:20:47.737978,11.10,11.10,100.00,18.20
2026-05-15T23:20:47.839820,10.00,0.00,100.00,0.00
2026-05-15T23:20:47.941750,10.00,0.00,100.00,0.00
2026-05-15T23:20:48.043646,0.00,10.00,100.00,0.00
2026-05-15T23:20:48.145724,11.10,0.00,100.00,0.00
2026-05-15T23:20:48.247681,10.00,0.00,100.00,0.00
2026-05-15T23:20:48.349877,18.20,0.00,100.00,0.00
2026-05-15T23:20:48.452217,25.00,0.00,100.00,0.00
2026-05-15T23:20:48.554391,11.10,0.00,100.00,0.00
2026-05-15T23:20:48.656646,18.20,10.00,100.00,0.00
2026-05-15T23:20:48.758811,10.00,0.00,100.00,0.00
2026-05-15T23:20:48.861041,20.00,0.00,100.00,0.00
2026-05-15T23:20:48.963289,10.00,0.00,100.00,0.00
2026-05-15T23:20:49.065507,10.00,0.00,100.00,0.00
2026-05-15T23:20:49.167881,10.00,0.00,100.00,0.00
2026-05-15T23:20:49.269757,0.00,20.00,100.00,0.00
2026-05-15T23:20:49.371987,10.00,0.00,100.00,0.00
2026-05-15T23:20:49.474161,11.10,0.00,100.00,0.00
2026-05-15T23:20:49.576335,10.00,0.00,100.00,9.10
2026-05-15T23:20:49.678393,10.00,0.00,100.00,0.00
2026-05-15T23:20:49.780436,10.00,0.00,100.00,0.00
2026-05-15T23:20:49.882367,18.20,0.00,100.00,0.00
2026-05-15T23:20:49.984347,0.00,0.00,100.00,9.10
2026-05-15T23:20:50.086434,10.00,10.00,100.00,0.00
2026-05-15T23:20:50.189195,0.00,0.00,100.00,10.00
2026-05-15T23:20:50.291655,28.60,16.70,100.00,0.00
2026-05-15T23:20:50.394466,37.50,33.30,100.00,0.00
2026-05-15T23:20:50.497357,20.00,16.70,100.00,0.00
2026-05-15T23:20:50.600346,28.60,33.30,100.00,18.20
2026-05-15T23:20:50.703580,44.40,42.90,100.00,0.00
2026-05-15T23:20:50.806372,16.70,28.60,100.00,0.00
2026-05-15T23:20:50.909162,33.30,16.70,100.00,0.00
2026-05-15T23:20:51.011830,28.60,33.30,100.00,0.00
2026-05-15T23:20:51.114543,28.60,37.50,100.00,11.10
2026-05-15T23:20:51.217318,37.50,20.00,100.00,11.10
2026-05-15T23:20:51.320193,33.30,16.70,100.00,0.00
2026-05-15T23:20:51.422946,28.60,28.60,100.00,10.00
2026-05-15T23:20:51.525510,28.60,33.30,100.00,0.00
2026-05-15T23:20:51.627982,28.60,16.70,100.00,0.00
2026-05-15T23:20:51.730723,42.90,42.90,100.00,0.00
2026-05-15T23:20:51.833597,28.60,28.60,100.00,20.00
2026-05-15T23:20:51.936465,33.30,20.00,100.00,11.10
2026-05-15T23:20:52.039366,37.50,28.60,100.00,0.00
2026-05-15T23:20:52.141900,16.70,16.70,100.00,0.00
2026-05-15T23:20:52.244788,16.70,20.00,100.00,0.00
2026-05-15T23:20:52.347316,37.50,28.60,100.00,18.20
2026-05-15T23:20:52.450571,28.60,28.60,100.00,0.00
2026-05-15T23:20:52.553496,42.90,37.50,100.00,0.00
2026-05-15T23:20:52.656316,37.50,20.00,100.00,10.00
2026-05-15T23:20:52.758931,28.60,28.60,100.00,0.00
2026-05-15T23:20:52.861886,16.70,33.30,100.00,11.10
2026-05-15T23:20:52.964474,33.30,37.50,100.00,0.00
2026-05-15T23:20:53.067061,28.60,20.00,100.00,0.00
2026-05-15T23:20:53.169880,28.60,16.70,100.00,10.00
2026-05-15T23:20:53.272970,33.30,28.60,100.00,0.00
2026-05-15T23:20:53.376219,42.90,42.90,100.00,11.10
2026-05-15T23:20:53.479337,50.00,57.10,100.00,22.20
2026-05-15T23:20:53.582312,28.60,37.50,100.00,0.00
2026-05-15T23:20:53.684953,33.30,20.00,100.00,0.00
2026-05-15T23:20:53.787779,33.30,42.90,100.00,20.00
2026-05-15T23:20:53.890794,28.60,37.50,100.00,0.00
2026-05-15T23:20:53.993667,16.70,33.30,100.00,0.00
2026-05-15T23:20:54.096183,42.90,28.60,100.00,0.00
2026-05-15T23:20:54.198681,44.40,33.30,100.00,10.00
2026-05-15T23:20:54.301583,0.00,37.50,100.00,0.00
2026-05-15T23:20:54.404953,28.60,42.90,100.00,0.00
2026-05-15T23:20:54.507502,28.60,0.00,100.00,0.00
2026-05-15T23:20:54.610394,37.50,16.70,100.00,20.00
2026-05-15T23:20:54.713445,20.00,42.90,100.00,11.10
2026-05-15T23:20:54.816325,28.60,28.60,100.00,0.00
2026-05-15T23:20:54.919093,33.30,20.00,100.00,0.00
2026-05-15T23:20:55.021846,28.60,28.60,100.00,0.00
2026-05-15T23:20:55.124443,28.60,33.30,100.00,10.00
2026-05-15T23:20:55.285862,78.60,78.60,93.70,37.50
2026-05-15T23:20:55.389143,75.00,66.70,75.00,0.00
2026-05-15T23:20:55.492471,50.00,75.00,62.50,12.50
2026-05-15T23:20:55.595355,66.70,57.10,57.10,0.00
2026-05-15T23:20:55.698557,50.00,50.00,62.50,12.50
2026-05-15T23:20:55.802136,75.00,70.00,66.70,22.20
2026-05-15T23:20:55.905803,57.10,50.00,66.70,0.00
2026-05-15T23:20:56.009328,70.00,75.00,70.00,11.10
2026-05-15T23:20:56.113307,71.40,70.00,75.00,0.00
2026-05-15T23:20:56.216835,66.70,71.40,66.70,12.50
2026-05-15T23:20:56.320304,75.00,62.50,71.40,0.00
2026-05-15T23:20:56.423519,57.10,71.40,66.70,22.20
2026-05-15T23:20:56.526925,70.00,66.70,57.10,0.00
2026-05-15T23:20:56.630194,71.40,62.50,75.00,12.50
2026-05-15T23:20:56.733301,57.10,62.50,62.50,22.20
2026-05-15T23:20:56.836894,57.10,71.40,57.10,0.00
2026-05-15T23:20:56.940925,75.00,66.70,77.80,0.00
2026-05-15T23:20:57.044234,57.10,62.50,66.70,12.50
2026-05-15T23:20:57.147793,66.70,75.00,71.40,12.50
2026-05-15T23:20:57.250817,71.40,66.70,62.50,12.50
2026-05-15T23:20:57.354248,50.00,57.10,57.10,0.00
2026-05-15T23:20:57.457428,66.70,66.70,71.40,0.00
2026-05-15T23:20:57.560481,60.00,62.50,62.50,12.50
2026-05-15T23:20:57.663630,66.70,50.00,62.50,20.00
2026-05-15T23:20:57.767188,50.00,62.50,62.50,12.50
2026-05-15T23:20:57.870379,57.10,57.10,57.10,0.00
2026-05-15T23:20:57.973575,62.50,57.10,62.50,0.00
2026-05-15T23:20:58.076546,57.10,62.50,66.70,20.00
2026-05-15T23:20:58.179909,70.00,57.10,57.10,0.00
2026-05-15T23:20:58.283328,66.70,66.70,62.50,0.00
2026-05-15T23:20:58.386835,66.70,71.40,57.10,12.50
2026-05-15T23:20:58.490220,57.10,42.90,71.40,11.10
2026-05-15T23:20:58.593230,62.50,66.70,57.10,0.00
2026-05-15T23:20:58.696553,62.50,50.00,62.50,12.50
2026-05-15T23:20:58.800217,66.70,70.00,57.10,12.50
2026-05-15T23:20:58.903805,50.00,50.00,50.00,11.10
2026-05-15T23:20:59.006840,62.50,75.00,62.50,0.00
2026-05-15T23:20:59.110746,71.40,62.50,62.50,11.10
2026-05-15T23:20:59.214015,62.50,66.70,71.40,0.00
2026-05-15T23:20:59.317691,62.50,71.40,62.50,0.00
2026-05-15T23:20:59.420934,75.00,62.50,66.70,22.20
2026-05-15T23:20:59.524611,62.50,75.00,71.40,11.10
2026-05-15T23:20:59.627604,57.10,57.10,57.10,12.50
2026-05-15T23:20:59.731140,66.70,62.50,57.10,22.20
2026-05-15T23:20:59.834750,66.70,66.70,70.00,11.10
2026-05-15T23:20:59.937882,66.70,70.00,50.00,0.00
2026-05-15T23:21:00.041118,57.10,57.10,62.50,12.50
2026-05-15T23:21:00.144521,66.70,57.10,57.10,11.10
2026-05-15T23:21:00.247668,28.60,14.30,37.50,11.10
2026-05-15T23:21:00.350284,28.60,16.70,33.30,0.00
2026-05-15T23:21:00.453266,28.60,28.60,16.70,0.00
2026-05-15T23:21:00.555918,16.70,28.60,28.60,11.10
2026-05-15T23:21:00.658778,28.60,25.00,16.70,0.00
2026-05-15T23:21:00.761380,25.00,0.00,37.50,11.10
2026-05-15T23:21:00.864417,28.60,28.60,16.70,0.00
2026-05-15T23:21:00.966890,16.70,25.00,25.00,0.00
2026-05-15T23:21:01.069883,16.70,16.70,28.60,11.10
2026-05-15T23:21:01.172910,25.00,28.60,16.70,0.00
2026-05-15T23:21:01.275814,42.90,28.60,37.50,0.00
2026-05-15T23:21:01.378924,16.70,14.30,28.60,11.10
2026-05-15T23:21:01.482350,28.60,28.60,37.50,0.00
2026-05-15T23:21:01.585443,28.60,37.50,28.60,11.10
2026-05-15T23:21:01.688967,37.50,0.00,28.60,0.00
2026-05-15T23:21:01.791950,28.60,25.00,37.50,0.00
2026-05-15T23:21:01.894756,14.30,16.70,14.30,0.00
2026-05-15T23:21:01.997741,42.90,37.50,28.60,0.00
2026-05-15T23:21:02.100805,25.00,37.50,16.70,11.10
2026-05-15T23:21:02.203675,37.50,16.70,37.50,11.10
2026-05-15T23:21:02.306481,28.60,25.00,0.00,0.00
2026-05-15T23:21:02.409807,16.70,16.70,28.60,0.00
2026-05-15T23:21:02.512833,16.70,16.70,14.30,0.00
2026-05-15T23:21:02.615591,37.50,28.60,28.60,0.00
2026-05-15T23:21:02.718445,28.60,25.00,28.60,0.00
2026-05-15T23:21:02.821459,0.00,16.70,16.70,11.10
2026-05-15T23:21:02.923858,25.00,28.60,28.60,0.00
2026-05-15T23:21:03.026951,28.60,25.00,28.60,11.10
2026-05-15T23:21:03.129947,37.50,28.60,0.00,0.00
2026-05-15T23:21:03.232870,16.70,16.70,28.60,11.10
2026-05-15T23:21:03.335542,25.00,25.00,37.50,0.00
2026-05-15T23:21:03.437958,42.90,16.70,16.70,20.00
2026-05-15T23:21:03.541156,16.70,37.50,28.60,0.00
2026-05-15T23:21:03.644017,37.50,14.30,37.50,11.10
2026-05-15T23:21:03.746912,28.60,28.60,16.70,0.00
2026-05-15T23:21:03.849680,14.30,16.70,25.00,0.00
2026-05-15T23:21:03.952699,28.60,14.30,16.70,0.00
2026-05-15T23:21:04.055640,16.70,37.50,28.60,10.00
2026-05-15T23:21:04.158782,37.50,28.60,16.70,0.00
2026-05-15T23:21:04.261268,16.70,0.00,16.70,20.00
2026-05-15T23:21:04.363624,16.70,28.60,16.70,10.00
2026-05-15T23:21:04.466124,37.50,37.50,28.60,0.00
2026-05-15T23:21:04.569288,28.60,14.30,28.60,0.00
2026-05-15T23:21:04.672625,37.50,37.50,37.50,10.00
2026-05-15T23:21:04.775478,14.30,28.60,14.30,0.00
2026-05-15T23:21:04.878483,28.60,25.00,16.70,0.00
2026-05-15T23:21:04.981292,16.70,16.70,28.60,0.00
2026-05-15T23:21:05.084087,25.00,28.60,25.00,11.10
2026-05-15T23:21:05.186454,16.70,0.00,16.70,0.00
2026-05-15T23:21:05.288951,0.00,12.50,12.50,0.00
2026-05-15T23:21:05.391713,25.00,0.00,0.00,0.00
2026-05-15T23:21:05.494193,0.00,14.30,0.00,0.00
2026-05-15T23:21:05.596646,0.00,0.00,0.00,0.00
2026-05-15T23:21:05.699573,0.00,22.20,14.30,10.00
2026-05-15T23:21:05.802123,22.20,14.30,25.00,0.00
2026-05-15T23:21:05.904652,0.00,0.00,0.00,10.00
2026-05-15T23:21:06.007569,12.50,0.00,0.00,0.00
2026-05-15T23:21:06.110291,0.00,14.30,14.30,10.00
2026-05-15T23:21:06.212645,14.30,12.50,12.50,0.00
2026-05-15T23:21:06.315532,12.50,14.30,0.00,11.10
2026-05-15T23:21:06.417962,0.00,0.00,14.30,0.00
2026-05-15T23:21:06.520498,12.50,0.00,0.00,0.00
2026-05-15T23:21:06.622878,14.30,33.30,14.30,0.00
2026-05-15T23:21:06.725491,12.50,0.00,0.00,0.00
2026-05-15T23:21:06.828234,0.00,0.00,14.30,0.00
2026-05-15T23:21:06.930967,14.30,0.00,12.50,0.00
2026-05-15T23:21:07.033617,14.30,14.30,0.00,10.00
2026-05-15T23:21:07.199848,30.80,25.00,38.50,21.40
2026-05-15T23:21:07.302675,14.30,28.60,100.00,0.00
2026-05-15T23:21:07.405271,16.70,14.30,100.00,10.00
2026-05-15T23:21:07.507875,14.30,16.70,100.00,0.00
2026-05-15T23:21:07.610620,25.00,14.30,100.00,0.00
2026-05-15T23:21:07.713263,16.70,28.60,100.00,11.10
2026-05-15T23:21:07.815514,25.00,14.30,100.00,0.00
2026-05-15T23:21:07.918394,14.30,16.70,100.00,0.00
2026-05-15T23:21:08.020656,16.70,14.30,100.00,0.00
2026-05-15T23:21:08.123303,0.00,16.70,100.00,0.00
2026-05-15T23:21:08.225704,16.70,14.30,100.00,0.00
2026-05-15T23:21:08.328260,14.30,28.60,100.00,10.00
2026-05-15T23:21:08.430640,33.30,0.00,100.00,0.00
2026-05-15T23:21:08.533178,0.00,28.60,100.00,0.00
2026-05-15T23:21:08.635807,25.00,14.30,100.00,0.00
2026-05-15T23:21:08.738238,25.00,28.60,100.00,0.00
2026-05-15T23:21:08.841197,0.00,16.70,100.00,18.20
2026-05-15T23:21:08.943948,25.00,14.30,100.00,0.00
2026-05-15T23:21:09.047078,28.60,0.00,100.00,0.00
2026-05-15T23:21:09.149690,14.30,14.30,100.00,0.00
2026-05-15T23:21:09.252315,28.60,33.30,100.00,20.00
2026-05-15T23:21:09.354654,14.30,14.30,100.00,0.00
2026-05-15T23:21:09.457112,0.00,16.70,100.00,0.00
2026-05-15T23:21:09.559434,25.00,14.30,100.00,0.00
2026-05-15T23:21:09.662157,16.70,16.70,100.00,10.00
2026-05-15T23:21:09.764925,33.30,28.60,100.00,0.00
2026-05-15T23:21:09.867428,14.30,14.30,100.00,10.00
2026-05-15T23:21:09.969918,25.00,16.70,100.00,0.00
2026-05-15T23:21:10.072306,16.70,14.30,100.00,0.00
2026-05-15T23:21:10.175385,25.00,28.60,100.00,0.00
2026-05-15T23:21:10.278179,42.90,20.00,100.00,0.00
2026-05-15T23:21:10.380705,16.70,28.60,100.00,11.10
2026-05-15T23:21:10.483583,28.60,33.30,100.00,0.00
2026-05-15T23:21:10.586413,33.30,33.30,100.00,11.10
2026-05-15T23:21:10.689461,37.50,37.50,100.00,0.00
2026-05-15T23:21:10.792461,20.00,20.00,100.00,10.00
2026-05-15T23:21:10.895169,28.60,16.70,100.00,11.10
2026-05-15T23:21:10.998296,37.50,33.30,100.00,0.00
2026-05-15T23:21:11.100899,20.00,28.60,100.00,0.00
2026-05-15T23:21:11.203338,28.60,0.00,100.00,0.00
2026-05-15T23:21:11.306157,33.30,37.50,100.00,20.00
2026-05-15T23:21:11.409149,28.60,33.30,100.00,0.00
2026-05-15T23:21:11.511874,33.30,20.00,100.00,11.10
2026-05-15T23:21:11.615131,42.90,28.60,100.00,10.00
2026-05-15T23:21:11.717881,42.90,20.00,100.00,11.10
2026-05-15T23:21:11.820785,16.70,50.00,100.00,0.00
2026-05-15T23:21:11.923874,42.90,20.00,100.00,10.00
2026-05-15T23:21:12.027235,42.90,28.60,100.00,0.00
2026-05-15T23:21:12.129748,33.30,33.30,100.00,0.00
2026-05-15T23:21:12.232500,28.60,42.90,100.00,0.00
2026-05-15T23:21:12.335499,28.60,28.60,100.00,0.00
2026-05-15T23:21:12.438247,20.00,33.30,100.00,20.00
2026-05-15T23:21:12.540895,42.90,33.30,100.00,0.00
2026-05-15T23:21:12.643900,28.60,28.60,100.00,0.00
2026-05-15T23:21:12.746593,33.30,33.30,100.00,11.10
2026-05-15T23:21:12.849337,28.60,33.30,100.00,0.00
2026-05-15T23:21:12.952153,33.30,28.60,100.00,0.00
2026-05-15T23:21:13.055293,16.70,42.90,100.00,10.00
2026-05-15T23:21:13.158468,42.90,20.00,100.00,11.10
2026-05-15T23:21:13.261120,28.60,16.70,100.00,0.00
2026-05-15T23:21:13.364266,33.30,50.00,100.00,0.00
2026-05-15T23:21:13.466775,50.00,33.30,100.00,22.20
2026-05-15T23:21:13.569495,33.30,28.60,100.00,10.00
2026-05-15T23:21:13.672591,37.50,33.30,100.00,0.00
2026-05-15T23:21:13.775289,20.00,33.30,100.00,0.00
2026-05-15T23:21:13.877951,33.30,16.70,100.00,10.00
2026-05-15T23:21:13.980594,28.60,33.30,100.00,11.10
2026-05-15T23:21:14.083502,33.30,16.70,100.00,0.00
2026-05-15T23:21:14.186851,37.50,42.90,100.00,0.00
2026-05-15T23:21:14.290003,42.90,33.30,100.00,0.00
2026-05-15T23:21:14.393542,16.70,20.00,100.00,18.20
2026-05-15T23:21:14.497065,33.30,20.00,100.00,0.00
2026-05-15T23:21:14.599999,37.50,28.60,100.00,11.10
2026-05-15T23:21:14.702622,33.30,42.90,100.00,10.00
2026-05-15T23:21:14.805171,28.60,42.90,100.00,0.00
2026-05-15T23:21:14.908511,33.30,28.60,100.00,11.10
2026-05-15T23:21:15.010985,33.30,20.00,100.00,0.00
2026-05-15T23:21:15.113702,37.50,33.30,100.00,0.00
2026-05-15T23:21:15.216348,28.60,37.50,100.00,11.10
2026-05-15T23:21:15.318947,25.00,0.00,100.00,0.00
2026-05-15T23:21:15.421332,0.00,14.30,100.00,10.00
2026-05-15T23:21:15.523636,14.30,0.00,100.00,0.00
2026-05-15T23:21:15.626332,14.30,14.30,100.00,10.00
2026-05-15T23:21:15.728915,33.30,14.30,100.00,0.00
2026-05-15T23:21:15.831452,0.00,0.00,100.00,0.00
2026-05-15T23:21:15.934186,14.30,25.00,100.00,0.00
2026-05-15T23:21:16.036632,14.30,0.00,100.00,0.00
2026-05-15T23:21:16.139561,14.30,28.60,100.00,10.00
2026-05-15T23:21:16.242184,14.30,0.00,100.00,10.00
2026-05-15T23:21:16.344674,14.30,28.60,100.00,11.10
2026-05-15T23:21:16.447363,16.70,14.30,100.00,0.00
2026-05-15T23:21:16.549863,25.00,14.30,100.00,10.00
2026-05-15T23:21:16.652445,14.30,0.00,100.00,0.00
2026-05-15T23:21:16.754880,14.30,14.30,100.00,0.00
2026-05-15T23:21:16.857450,14.30,14.30,100.00,0.00
2026-05-15T23:21:16.960180,14.30,0.00,100.00,0.00
2026-05-15T23:21:17.062545,14.30,28.60,100.00,20.00
2026-05-15T23:21:17.164793,14.30,14.30,100.00,0.00
2026-05-15T23:21:17.267600,33.30,0.00,100.00,0.00
2026-05-15T23:21:17.369930,0.00,14.30,100.00,0.00
2026-05-15T23:21:17.472795,14.30,14.30,100.00,0.00
2026-05-15T23:21:17.575419,25.00,0.00,100.00,0.00
2026-05-15T23:21:17.678564,14.30,14.30,100.00,10.00
2026-05-15T23:21:17.780894,28.60,28.60,100.00,0.00
2026-05-15T23:21:17.883525,14.30,0.00,100.00,0.00
2026-05-15T23:21:17.986445,0.00,25.00,100.00,0.00
2026-05-15T23:21:18.088839,25.00,0.00,100.00,0.00
2026-05-15T23:21:18.191233,14.30,0.00,100.00,0.00
2026-05-15T23:21:18.293892,25.00,14.30,100.00,10.00
2026-05-15T23:21:18.396843,25.00,25.00,100.00,0.00
2026-05-15T23:21:18.499755,28.60,0.00,100.00,0.00
2026-05-15T23:21:18.602872,14.30,25.00,100.00,0.00
2026-05-15T23:21:18.705799,33.30,0.00,100.00,10.00
2026-05-15T23:21:18.808293,16.70,14.30,100.00,10.00
2026-05-15T23:21:18.910476,0.00,0.00,100.00,0.00
2026-05-15T23:21:19.013099,14.30,25.00,100.00,0.00
2026-05-15T23:21:19.115888,37.50,0.00,100.00,0.00
2026-05-15T23:21:19.218780,14.30,0.00,100.00,0.00
2026-05-15T23:21:19.321222,25.00,37.50,100.00,0.00
2026-05-15T23:21:19.423698,14.30,0.00,100.00,0.00
2026-05-15T23:21:19.526155,0.00,14.30,100.00,11.10
2026-05-15T23:21:19.628974,33.30,16.70,100.00,10.00
2026-05-15T23:21:19.731746,28.60,14.30,100.00,10.00
2026-05-15T23:21:19.834271,25.00,0.00,100.00,0.00
2026-05-15T23:21:19.936626,14.30,14.30,100.00,0.00
2026-05-15T23:21:20.038710,0.00,25.00,100.00,0.00
2026-05-15T23:21:20.141177,33.30,0.00,100.00,0.00
2026-05-15T23:21:20.306637,84.60,100.00,100.00,35.70
2026-05-15T23:21:20.409942,66.70,77.80,75.00,22.20
2026-05-15T23:21:20.513741,70.00,66.70,66.70,0.00
2026-05-15T23:21:20.617742,71.40,71.40,75.00,11.10
2026-05-15T23:21:20.722454,70.00,66.70,75.00,22.20
2026-05-15T23:21:20.825812,71.40,77.80,75.00,0.00
2026-05-15T23:21:20.929182,77.80,71.40,66.70,22.20
2026-05-15T23:21:21.032934,62.50,66.70,57.10,0.00
2026-05-15T23:21:21.136735,75.00,77.80,75.00,12.50
2026-05-15T23:21:21.240282,71.40,71.40,75.00,22.20
2026-05-15T23:21:21.344413,75.00,75.00,75.00,0.00
2026-05-15T23:21:21.448101,72.70,66.70,70.00,12.50
2026-05-15T23:21:21.551902,66.70,77.80,71.40,12.50
2026-05-15T23:21:21.655270,75.00,75.00,71.40,12.50
2026-05-15T23:21:21.759007,66.70,80.00,66.70,12.50
2026-05-15T23:21:21.862544,75.00,66.70,75.00,22.20
2026-05-15T23:21:21.965975,71.40,77.80,71.40,11.10
2026-05-15T23:21:22.069849,77.80,66.70,80.00,12.50
2026-05-15T23:21:22.173344,71.40,75.00,77.80,0.00
2026-05-15T23:21:22.276673,77.80,75.00,77.80,12.50
2026-05-15T23:21:22.379858,75.00,75.00,71.40,12.50
2026-05-15T23:21:22.483152,66.70,62.50,66.70,12.50
2026-05-15T23:21:22.587197,71.40,71.40,71.40,12.50
2026-05-15T23:21:22.690482,66.70,70.00,62.50,0.00
2026-05-15T23:21:22.794122,71.40,71.40,77.80,12.50
2026-05-15T23:21:22.897537,66.70,77.80,75.00,22.20
2026-05-15T23:21:23.001180,75.00,62.50,75.00,0.00
2026-05-15T23:21:23.104576,77.80,75.00,70.00,12.50
2026-05-15T23:21:23.208469,75.00,77.80,77.80,12.50
2026-05-15T23:21:23.311968,57.10,66.70,66.70,12.50
2026-05-15T23:21:23.415965,75.00,75.00,77.80,12.50
2026-05-15T23:21:23.519496,88.90,87.50,77.80,45.50
2026-05-15T23:21:23.622426,62.50,57.10,62.50,0.00
2026-05-15T23:21:23.726117,75.00,77.80,75.00,12.50
2026-05-15T23:21:23.829388,62.50,70.00,77.80,22.20
2026-05-15T23:21:23.932691,71.40,75.00,71.40,12.50
2026-05-15T23:21:24.036279,75.00,75.00,75.00,12.50
2026-05-15T23:21:24.139392,77.80,75.00,77.80,12.50
2026-05-15T23:21:24.242700,75.00,75.00,66.70,12.50
2026-05-15T23:21:24.346111,62.50,66.70,71.40,0.00
2026-05-15T23:21:24.449527,75.00,77.80,70.00,12.50
2026-05-15T23:21:24.552853,62.50,71.40,71.40,12.50
2026-05-15T23:21:24.656983,71.40,66.70,70.00,0.00
2026-05-15T23:21:24.760224,75.00,66.70,66.70,12.50
2026-05-15T23:21:24.863538,62.50,75.00,75.00,22.20
2026-05-15T23:21:24.966888,75.00,75.00,71.40,0.00
2026-05-15T23:21:25.070194,77.80,70.00,66.70,0.00
2026-05-15T23:21:25.173577,62.50,75.00,71.40,12.50
2026-05-15T23:21:25.277116,75.00,75.00,75.00,33.30
2026-05-15T23:21:25.380498,77.80,75.00,71.40,12.50
2026-05-15T23:21:25.483798,75.00,75.00,75.00,12.50
2026-05-15T23:21:25.587310,62.50,77.80,66.70,0.00
2026-05-15T23:21:25.691588,75.00,77.80,75.00,12.50
2026-05-15T23:21:25.794984,77.80,71.40,75.00,22.20
2026-05-15T23:21:25.898233,75.00,77.80,75.00,0.00
2026-05-15T23:21:26.001658,62.50,66.70,66.70,12.50
2026-05-15T23:21:26.105422,75.00,70.00,71.40,0.00
2026-05-15T23:21:26.208730,77.80,75.00,66.70,22.20
2026-05-15T23:21:26.312242,75.00,75.00,75.00,12.50
2026-05-15T23:21:26.415901,75.00,77.80,71.40,11.10
2026-05-15T23:21:26.519249,70.00,62.50,75.00,0.00
2026-05-15T23:21:26.622606,71.40,75.00,66.70,12.50
2026-05-15T23:21:26.726245,66.70,57.10,75.00,11.10
2026-05-15T23:21:26.829705,70.00,71.40,75.00,12.50
2026-05-15T23:21:26.933515,66.70,70.00,62.50,22.20
2026-05-15T23:21:27.036809,66.70,75.00,75.00,22.20
2026-05-15T23:21:27.140097,71.40,75.00,66.70,0.00
2026-05-15T23:21:27.243717,66.70,57.10,66.70,12.50
2026-05-15T23:21:27.347146,71.40,70.00,70.00,12.50
2026-05-15T23:21:27.450564,62.50,57.10,62.50,11.10
2026-05-15T23:21:27.553895,75.00,75.00,75.00,12.50
2026-05-15T23:21:27.656864,62.50,75.00,71.40,0.00
2026-05-15T23:21:27.760109,75.00,62.50,62.50,12.50
2026-05-15T23:21:27.863949,62.50,75.00,71.40,20.00
2026-05-15T23:21:27.967545,75.00,62.50,62.50,0.00
2026-05-15T23:21:28.071110,75.00,75.00,75.00,12.50
2026-05-15T23:21:28.174703,66.70,75.00,71.40,11.10
2026-05-15T23:21:28.278806,75.00,66.70,66.70,0.00
2026-05-15T23:21:28.382214,77.80,71.40,71.40,22.20
2026-05-15T23:21:28.485530,57.10,80.00,66.70,0.00
2026-05-15T23:21:28.588739,75.00,66.70,77.80,11.10
2026-05-15T23:21:28.692475,75.00,77.80,71.40,12.50
2026-05-15T23:21:28.795842,75.00,66.70,77.80,14.30
2026-05-15T23:21:28.899260,75.00,71.40,75.00,12.50
2026-05-15T23:21:29.002962,57.10,75.00,75.00,11.10
2026-05-15T23:21:29.106964,75.00,77.80,71.40,0.00
2026-05-15T23:21:29.211023,71.40,66.70,62.50,22.20
2026-05-15T23:21:29.314843,77.80,75.00,77.80,12.50
2026-05-15T23:21:29.418296,80.00,77.80,75.00,0.00
2026-05-15T23:21:29.521700,57.10,62.50,66.70,12.50
2026-05-15T23:21:29.625096,77.80,71.40,66.70,12.50
2026-05-15T23:21:29.729225,66.70,75.00,66.70,0.00
2026-05-15T23:21:29.832488,66.70,62.50,75.00,27.30
2026-05-15T23:21:29.935716,75.00,77.80,75.00,0.00
2026-05-15T23:21:30.038818,71.40,60.00,66.70,12.50
2026-05-15T23:21:30.142562,66.70,70.00,66.70,0.00
2026-05-15T23:21:30.245943,57.10,50.00,50.00,11.10
2026-05-15T23:21:30.349528,62.50,62.50,55.60,12.50
2026-05-15T23:21:30.453028,62.50,57.10,66.70,11.10
2026-05-15T23:21:30.556677,66.70,57.10,50.00,0.00
2026-05-15T23:21:30.660689,57.10,62.50,71.40,12.50
2026-05-15T23:21:30.764168,57.10,75.00,62.50,11.10
2026-05-15T23:21:30.867742,62.50,50.00,62.50,12.50
2026-05-15T23:21:30.970898,57.10,70.00,57.10,12.50
2026-05-15T23:21:31.074507,57.10,57.10,50.00,11.10
2026-05-15T23:21:31.177756,66.70,57.10,75.00,0.00
2026-05-15T23:21:31.281403,57.10,70.00,57.10,22.20
2026-05-15T23:21:31.384861,50.00,57.10,57.10,20.00
2026-05-15T23:21:31.488514,62.50,57.10,50.00,0.00
2026-05-15T23:21:31.591871,62.50,66.70,50.00,0.00
2026-05-15T23:21:31.695314,42.90,42.90,66.70,20.00
2026-05-15T23:21:31.798727,75.00,71.40,57.10,0.00
2026-05-15T23:21:31.902575,62.50,66.70,57.10,22.20
2026-05-15T23:21:32.006385,57.10,57.10,57.10,0.00
2026-05-15T23:21:32.110162,57.10,62.50,57.10,0.00
2026-05-15T23:21:32.213544,66.70,57.10,57.10,11.10
2026-05-15T23:21:32.316699,57.10,57.10,62.50,0.00
2026-05-15T23:21:32.419871,62.50,62.50,57.10,12.50
2026-05-15T23:21:32.522944,57.10,57.10,50.00,0.00
2026-05-15T23:21:32.626290,50.00,55.60,57.10,0.00
2026-05-15T23:21:32.728896,50.00,57.10,57.10,20.00
2026-05-15T23:21:32.832651,57.10,57.10,57.10,0.00
2026-05-15T23:21:32.935752,62.50,62.50,62.50,12.50
2026-05-15T23:21:33.039173,57.10,55.60,57.10,11.10
2026-05-15T23:21:33.142925,62.50,60.00,62.50,0.00
2026-05-15T23:21:33.246782,75.00,66.70,62.50,22.20
2026-05-15T23:21:33.350245,50.00,50.00,50.00,0.00
2026-05-15T23:21:33.453632,62.50,50.00,57.10,11.10
2026-05-15T23:21:33.557282,75.00,80.00,75.00,25.00
2026-05-15T23:21:33.660603,66.70,57.10,66.70,12.50
2026-05-15T23:21:33.763532,50.00,66.70,50.00,12.50
2026-05-15T23:21:33.866840,57.10,62.50,62.50,22.20
2026-05-15T23:21:33.969678,71.40,57.10,66.70,11.10
2026-05-15T23:21:34.073567,62.50,57.10,66.70,0.00
2026-05-15T23:21:34.177288,66.70,62.50,71.40,0.00
2026-05-15T23:21:34.280401,62.50,55.60,57.10,22.20
2026-05-15T23:21:34.383449,50.00,57.10,50.00,11.10
2026-05-15T23:21:34.486903,57.10,57.10,62.50,0.00
2026-05-15T23:21:34.590168,57.10,57.10,57.10,0.00
2026-05-15T23:21:34.693577,62.50,57.10,57.10,22.20
2026-05-15T23:21:34.796931,62.50,62.50,62.50,11.10
2026-05-15T23:21:34.900460,57.10,55.60,71.40,12.50
2026-05-15T23:21:35.003927,71.40,71.40,66.70,12.50
2026-05-15T23:21:35.107176,66.70,66.70,50.00,12.50
2026-05-15T23:21:35.209577,25.00,14.30,37.50,0.00
2026-05-15T23:21:35.312062,0.00,33.30,12.50,20.00
2026-05-15T23:21:35.414310,12.50,0.00,14.30,0.00
2026-05-15T23:21:35.516716,14.30,0.00,0.00,0.00
2026-05-15T23:21:35.619441,12.50,0.00,0.00,0.00
2026-05-15T23:21:35.722124,12.50,0.00,12.50,0.00
2026-05-15T23:21:35.824624,0.00,30.00,0.00,0.00
2026-05-15T23:21:35.927429,12.50,0.00,0.00,10.00
2026-05-15T23:21:36.029891,0.00,0.00,12.50,0.00
2026-05-15T23:21:36.132379,12.50,0.00,0.00,0.00
2026-05-15T23:21:36.234663,0.00,12.50,14.30,10.00
2026-05-15T23:21:36.336901,22.20,0.00,0.00,0.00
2026-05-15T23:21:36.439404,12.50,12.50,0.00,0.00
2026-05-15T23:21:36.542271,12.50,0.00,12.50,0.00
2026-05-15T23:21:36.644864,0.00,0.00,0.00,10.00
2026-05-15T23:21:36.747425,12.50,22.20,22.20,0.00
2026-05-15T23:21:36.849829,12.50,0.00,12.50,0.00
2026-05-15T23:21:36.952263,0.00,0.00,0.00,10.00
2026-05-15T23:21:37.054476,14.30,14.30,0.00,0.00
2026-05-15T23:21:37.156973,0.00,22.20,25.00,0.00
2026-05-15T23:21:37.319519,18.20,18.20,30.80,26.70
2026-05-15T23:21:37.422144,14.30,14.30,100.00,10.00
2026-05-15T23:21:37.524435,25.00,0.00,100.00,0.00
2026-05-15T23:21:37.626795,0.00,14.30,100.00,0.00
2026-05-15T23:21:37.729227,28.60,16.70,100.00,0.00
2026-05-15T23:21:37.831785,0.00,14.30,100.00,0.00
2026-05-15T23:21:37.934421,14.30,14.30,100.00,10.00
2026-05-15T23:21:38.036833,0.00,0.00,100.00,0.00
2026-05-15T23:21:38.139954,33.30,16.70,100.00,0.00
2026-05-15T23:21:38.242427,0.00,14.30,100.00,18.20
2026-05-15T23:21:38.344736,14.30,14.30,100.00,0.00
2026-05-15T23:21:38.447248,14.30,16.70,100.00,0.00
2026-05-15T23:21:38.549824,14.30,14.30,100.00,0.00
2026-05-15T23:21:38.652663,16.70,16.70,100.00,10.00
2026-05-15T23:21:38.755422,14.30,25.00,100.00,0.00
2026-05-15T23:21:38.857818,14.30,0.00,100.00,0.00
2026-05-15T23:21:38.960403,14.30,33.30,100.00,0.00
2026-05-15T23:21:39.062735,25.00,0.00,100.00,0.00
2026-05-15T23:21:39.165220,14.30,0.00,100.00,0.00
2026-05-15T23:21:39.267628,14.30,14.30,100.00,0.00
2026-05-15T23:21:39.370117,0.00,14.30,100.00,10.00
2026-05-15T23:21:39.472747,14.30,25.00,100.00,0.00
2026-05-15T23:21:39.575476,25.00,14.30,100.00,10.00
2026-05-15T23:21:39.677968,14.30,16.70,100.00,0.00
2026-05-15T23:21:39.780630,25.00,14.30,100.00,11.10
2026-05-15T23:21:39.883015,14.30,0.00,100.00,0.00
2026-05-15T23:21:39.985718,14.30,14.30,100.00,0.00
2026-05-15T23:21:40.088110,14.30,16.70,100.00,0.00
2026-05-15T23:21:40.190024,12.50,12.50,100.00,0.00
2026-05-15T23:21:40.294025,10.00,0.00,100.00,9.10
2026-05-15T23:21:40.396567,0.00,11.10,100.00,0.00
2026-05-15T23:21:40.498872,18.20,0.00,100.00,0.00
2026-05-15T23:21:40.601051,25.00,0.00,100.00,0.00
2026-05-15T23:21:40.703355,10.00,10.00,100.00,0.00
2026-05-15T23:21:40.805334,11.10,11.10,100.00,0.00
2026-05-15T23:21:40.907409,0.00,0.00,100.00,0.00
2026-05-15T23:21:41.009458,10.00,0.00,100.00,0.00
2026-05-15T23:21:41.111518,0.00,10.00,100.00,0.00
2026-05-15T23:21:41.213413,10.00,11.10,100.00,10.00
2026-05-15T23:21:41.315504,0.00,11.10,100.00,9.10
2026-05-15T23:21:41.417454,10.00,0.00,100.00,0.00
2026-05-15T23:21:41.519460,11.10,11.10,100.00,10.00
2026-05-15T23:21:41.621416,18.20,0.00,100.00,0.00
2026-05-15T23:21:41.723801,0.00,11.10,100.00,0.00
2026-05-15T23:21:41.826265,11.10,0.00,100.00,0.00
2026-05-15T23:21:41.928420,18.20,11.10,100.00,0.00
2026-05-15T23:21:42.030529,0.00,10.00,100.00,0.00
2026-05-15T23:21:42.132568,11.10,0.00,100.00,0.00
2026-05-15T23:21:42.234991,10.00,0.00,100.00,0.00
2026-05-15T23:21:42.337378,0.00,0.00,100.00,0.00
2026-05-15T23:21:42.439394,11.10,11.10,100.00,0.00
2026-05-15T23:21:42.541591,10.00,18.20,100.00,0.00
2026-05-15T23:21:42.644274,11.10,0.00,100.00,9.10
2026-05-15T23:21:42.746397,10.00,10.00,100.00,0.00
2026-05-15T23:21:42.848632,10.00,0.00,100.00,0.00
2026-05-15T23:21:42.950653,0.00,10.00,100.00,0.00
2026-05-15T23:21:43.053064,10.00,0.00,100.00,0.00
2026-05-15T23:21:43.155315,18.20,0.00,100.00,0.00
2026-05-15T23:21:43.257662,11.10,0.00,100.00,0.00
2026-05-15T23:21:43.360070,10.00,10.00,100.00,0.00
2026-05-15T23:21:43.462340,20.00,0.00,100.00,0.00
2026-05-15T23:21:43.564540,11.10,20.00,100.00,18.20
2026-05-15T23:21:43.667096,10.00,11.10,100.00,0.00
2026-05-15T23:21:43.769214,11.10,10.00,100.00,0.00
2026-05-15T23:21:43.871178,10.00,0.00,100.00,0.00
2026-05-15T23:21:43.973266,0.00,10.00,100.00,0.00
2026-05-15T23:21:44.075472,11.10,11.10,100.00,9.10
2026-05-15T23:21:44.177667,10.00,0.00,100.00,0.00
2026-05-15T23:21:44.279844,10.00,0.00,100.00,0.00
2026-05-15T23:21:44.382114,0.00,10.00,100.00,0.00
2026-05-15T23:21:44.484074,18.20,11.10,100.00,0.00
2026-05-15T23:21:44.586230,18.20,0.00,100.00,0.00
2026-05-15T23:21:44.688264,10.00,11.10,100.00,0.00
2026-05-15T23:21:44.790247,0.00,0.00,100.00,9.10
2026-05-15T23:21:44.892521,10.00,0.00,100.00,0.00
2026-05-15T23:21:44.994578,0.00,10.00,100.00,0.00
2026-05-15T23:21:45.096669,11.10,0.00,100.00,0.00
2026-05-15T23:21:45.539347,75.00,81.00,100.00,58.50
2026-05-15T23:21:45.695566,75.00,83.30,100.00,100.00
2026-05-15T23:21:45.836147,60.00,60.00,63.60,100.00
2026-05-15T23:21:45.941414,37.50,44.40,28.60,30.00
2026-05-15T23:21:46.046172,42.90,33.30,33.30,22.20
2026-05-15T23:21:46.151442,28.60,33.30,37.50,20.00
2026-05-15T23:21:46.256509,42.90,44.40,42.90,22.20
2026-05-15T23:21:46.360670,37.50,28.60,28.60,22.20
2026-05-15T23:21:46.465338,42.90,28.60,37.50,12.50
2026-05-15T23:21:46.569555,37.50,42.90,42.90,27.30
2026-05-15T23:21:46.674174,42.90,37.50,42.90,12.50
2026-05-15T23:21:46.778450,16.70,33.30,28.60,20.00
2026-05-15T23:21:46.883952,42.90,44.40,42.90,0.00
2026-05-15T23:21:46.989434,44.40,28.60,28.60,22.20
2026-05-15T23:21:47.094071,33.30,55.60,42.90,30.00
2026-05-15T23:21:47.198611,28.60,28.60,28.60,12.50
2026-05-15T23:21:47.304216,42.90,33.30,33.30,22.20
2026-05-15T23:21:47.408669,42.90,37.50,42.90,22.20
2026-05-15T23:21:47.513535,28.60,33.30,37.50,20.00
2026-05-15T23:21:47.618686,28.60,37.50,42.90,12.50
2026-05-15T23:21:47.723850,50.00,42.90,28.60,22.20
2026-05-15T23:21:47.828178,28.60,16.70,42.90,22.20
2026-05-15T23:21:47.932467,42.90,28.60,28.60,11.10
2026-05-15T23:21:48.037838,44.40,37.50,37.50,22.20
2026-05-15T23:21:48.142207,33.30,42.90,37.50,22.20
2026-05-15T23:21:48.246578,37.50,37.50,20.00,11.10
2026-05-15T23:21:48.350743,28.60,28.60,44.40,12.50
2026-05-15T23:21:48.456683,42.90,42.90,20.00,22.20
2026-05-15T23:21:48.561286,28.60,37.50,44.40,20.00
2026-05-15T23:21:48.665655,33.30,33.30,42.90,12.50
2026-05-15T23:21:48.770539,37.50,33.30,16.70,22.20
2026-05-15T23:21:48.875754,42.90,16.70,50.00,22.20
2026-05-15T23:21:48.980818,28.60,55.60,28.60,11.10
2026-05-15T23:21:49.085425,42.90,28.60,50.00,30.00
2026-05-15T23:21:49.190354,37.50,28.60,28.60,0.00
2026-05-15T23:21:49.296029,33.30,28.60,33.30,30.00
2026-05-15T23:21:49.401105,44.40,50.00,50.00,12.50
2026-05-15T23:21:49.505748,20.00,37.50,20.00,22.20
2026-05-15T23:21:49.610503,28.60,33.30,37.50,20.00
2026-05-15T23:21:49.714850,37.50,37.50,28.60,12.50
2026-05-15T23:21:49.819339,50.00,28.60,37.50,22.20
2026-05-15T23:21:49.923635,28.60,42.90,33.30,22.20
2026-05-15T23:21:50.029467,33.30,28.60,28.60,11.10
2026-05-15T23:21:50.135139,44.40,16.70,44.40,12.50
2026-05-15T23:21:50.238616,0.00,11.10,0.00,10.00
2026-05-15T23:21:50.341781,11.10,0.00,0.00,10.00
2026-05-15T23:21:50.445684,0.00,0.00,0.00,11.10
2026-05-15T23:21:50.549245,0.00,0.00,11.10,10.00
2026-05-15T23:21:50.652807,10.00,0.00,0.00,10.00
2026-05-15T23:21:50.755899,11.10,0.00,10.00,10.00
2026-05-15T23:21:50.859740,0.00,0.00,0.00,20.00
2026-05-15T23:21:50.962932,0.00,10.00,0.00,10.00
2026-05-15T23:21:51.065924,0.00,11.10,0.00,10.00
2026-05-15T23:21:51.169198,10.00,0.00,0.00,11.10
2026-05-15T23:21:51.272713,0.00,0.00,0.00,20.00
2026-05-15T23:21:51.375927,0.00,0.00,0.00,10.00
2026-05-15T23:21:51.479276,10.00,0.00,0.00,10.00
2026-05-15T23:21:51.583130,11.10,0.00,10.00,20.00
2026-05-15T23:21:51.686274,0.00,11.10,0.00,10.00
2026-05-15T23:21:51.789609,0.00,10.00,11.10,20.00
2026-05-15T23:21:51.893587,11.10,0.00,0.00,10.00
2026-05-15T23:21:51.997304,10.00,0.00,0.00,11.10
2026-05-15T23:21:52.100887,0.00,10.00,10.00,10.00
2026-05-15T23:21:52.256944,14.30,15.40,28.60,25.00
2026-05-15T23:21:52.360899,20.00,0.00,100.00,10.00
2026-05-15T23:21:52.464894,10.00,10.00,100.00,11.10
2026-05-15T23:21:52.568249,11.10,0.00,100.00,10.00
2026-05-15T23:21:52.671226,20.00,22.20,100.00,18.20
2026-05-15T23:21:52.774637,0.00,0.00,100.00,20.00
2026-05-15T23:21:52.877987,20.00,11.10,100.00,10.00
2026-05-15T23:21:52.981232,20.00,0.00,100.00,10.00
2026-05-15T23:21:53.084546,0.00,11.10,100.00,10.00
2026-05-15T23:21:53.187894,20.00,11.10,100.00,11.10
2026-05-15T23:21:53.291430,11.10,11.10,100.00,10.00
2026-05-15T23:21:53.395450,10.00,0.00,100.00,20.00
2026-05-15T23:21:53.500509,22.20,22.20,100.00,11.10
2026-05-15T23:21:53.604206,20.00,0.00,100.00,18.20
2026-05-15T23:21:53.707946,27.30,11.10,100.00,20.00
2026-05-15T23:21:53.811350,10.00,0.00,100.00,10.00
2026-05-15T23:21:53.914924,20.00,11.10,100.00,11.10
2026-05-15T23:21:54.018500,20.00,11.10,100.00,10.00
2026-05-15T23:21:54.122089,20.00,11.10,100.00,10.00
2026-05-15T23:21:54.225484,18.20,0.00,100.00,11.10
2026-05-15T23:21:54.328693,20.00,20.00,100.00,10.00
2026-05-15T23:21:54.432280,10.00,11.10,100.00,30.00
2026-05-15T23:21:54.535438,11.10,0.00,100.00,10.00
2026-05-15T23:21:54.638673,20.00,11.10,100.00,11.10
2026-05-15T23:21:54.741942,10.00,0.00,100.00,10.00
2026-05-15T23:21:54.845977,11.10,11.10,100.00,18.20
2026-05-15T23:21:54.949392,11.10,0.00,100.00,11.10
2026-05-15T23:21:55.052680,10.00,0.00,100.00,20.00
2026-05-15T23:21:55.157413,11.10,20.00,100.00,10.00
2026-05-15T23:21:55.261708,28.60,16.70,100.00,11.10
2026-05-15T23:21:55.365807,16.70,28.60,100.00,30.00
2026-05-15T23:21:55.470341,25.00,0.00,100.00,11.10
2026-05-15T23:21:55.575168,37.50,37.50,100.00,11.10
2026-05-15T23:21:55.679452,28.60,16.70,100.00,11.10
2026-05-15T23:21:55.783730,25.00,16.70,100.00,20.00
2026-05-15T23:21:55.915105,25.00,30.00,100.00,30.80
2026-05-15T23:21:56.019878,16.70,33.30,100.00,100.00
2026-05-15T23:21:56.125652,25.00,28.60,100.00,100.00
2026-05-15T23:21:56.230748,16.70,28.60,100.00,100.00
2026-05-15T23:21:56.334964,14.30,14.30,100.00,100.00
2026-05-15T23:21:56.440568,28.60,28.60,100.00,100.00
2026-05-15T23:21:56.545608,14.30,16.70,100.00,100.00
2026-05-15T23:21:56.650860,28.60,28.60,100.00,100.00
2026-05-15T23:21:56.757152,14.30,28.60,100.00,100.00
2026-05-15T23:21:56.862187,25.00,28.60,100.00,100.00
2026-05-15T23:21:56.968589,16.70,28.60,100.00,100.00
2026-05-15T23:21:57.074661,28.60,37.50,100.00,100.00
2026-05-15T23:21:57.180086,28.60,33.30,100.00,100.00
2026-05-15T23:21:57.284958,28.60,37.50,100.00,100.00
2026-05-15T23:21:57.390267,14.30,16.70,100.00,100.00
2026-05-15T23:21:57.496297,25.00,37.50,100.00,100.00
2026-05-15T23:21:57.601275,28.60,14.30,100.00,100.00
2026-05-15T23:21:57.706725,33.30,28.60,100.00,100.00
2026-05-15T23:21:57.811612,28.60,28.60,100.00,100.00
2026-05-15T23:21:57.916694,25.00,16.70,100.00,100.00
2026-05-15T23:21:58.021917,0.00,28.60,100.00,100.00
2026-05-15T23:21:58.128210,33.30,16.70,100.00,100.00
2026-05-15T23:21:58.233740,0.00,25.00,100.00,100.00
2026-05-15T23:21:58.339580,37.50,16.70,100.00,100.00
2026-05-15T23:21:58.445368,14.30,37.50,100.00,100.00
2026-05-15T23:21:58.550668,25.00,16.70,100.00,100.00
2026-05-15T23:21:58.656472,28.60,28.60,100.00,100.00
2026-05-15T23:21:58.761114,14.30,16.70,100.00,100.00
2026-05-15T23:21:58.866671,28.60,28.60,100.00,100.00
2026-05-15T23:21:58.972851,25.00,37.50,100.00,100.00
2026-05-15T23:21:59.077875,28.60,28.60,100.00,100.00
2026-05-15T23:21:59.183603,25.00,0.00,100.00,100.00
2026-05-15T23:21:59.288282,25.00,28.60,100.00,100.00
2026-05-15T23:21:59.394362,37.50,28.60,100.00,100.00
2026-05-15T23:21:59.500235,16.70,37.50,100.00,100.00
2026-05-15T23:21:59.607114,25.00,16.70,100.00,100.00
2026-05-15T23:21:59.712256,16.70,16.70,100.00,100.00
2026-05-15T23:21:59.817595,25.00,16.70,100.00,100.00
2026-05-15T23:21:59.923175,28.60,28.60,100.00,100.00
2026-05-15T23:22:00.028439,28.60,42.90,100.00,100.00
2026-05-15T23:22:00.134489,25.00,28.60,100.00,100.00
2026-05-15T23:22:00.238478,30.00,22.20,100.00,100.00
2026-05-15T23:22:00.342636,12.50,12.50,100.00,100.00
2026-05-15T23:22:00.446899,11.10,12.50,100.00,100.00
2026-05-15T23:22:00.551685,20.00,0.00,100.00,100.00
2026-05-15T23:22:00.655925,22.20,12.50,100.00,100.00
2026-05-15T23:22:00.759744,12.50,12.50,100.00,100.00
2026-05-15T23:22:00.863700,36.40,22.20,100.00,100.00
2026-05-15T23:22:00.967344,11.10,0.00,100.00,100.00
2026-05-15T23:22:01.071346,30.00,0.00,100.00,100.00
2026-05-15T23:22:01.174938,30.00,22.20,100.00,100.00
2026-05-15T23:22:01.278659,22.20,12.50,100.00,100.00
2026-05-15T23:22:01.382727,11.10,0.00,100.00,100.00
2026-05-15T23:22:01.487193,22.20,0.00,100.00,100.00
2026-05-15T23:22:01.591392,11.10,22.20,100.00,100.00
2026-05-15T23:22:01.695562,33.30,12.50,100.00,100.00
2026-05-15T23:22:01.800289,11.10,0.00,100.00,100.00
2026-05-15T23:22:01.904951,20.00,22.20,100.00,100.00
2026-05-15T23:22:02.008919,22.20,12.50,100.00,100.00
2026-05-15T23:22:02.113412,27.30,0.00,100.00,100.00
2026-05-15T23:22:02.217404,12.50,12.50,100.00,100.00
2026-05-15T23:22:02.321246,27.30,11.10,100.00,100.00
2026-05-15T23:22:02.424902,30.00,12.50,100.00,100.00
2026-05-15T23:22:02.529741,11.10,12.50,100.00,100.00
2026-05-15T23:22:02.633860,30.00,12.50,100.00,100.00
2026-05-15T23:22:02.737706,12.50,12.50,100.00,100.00
2026-05-15T23:22:02.842546,11.10,14.30,100.00,100.00
2026-05-15T23:22:02.946502,12.50,30.00,100.00,100.00
2026-05-15T23:22:03.050491,27.30,0.00,100.00,100.00
2026-05-15T23:22:03.155347,22.20,12.50,100.00,100.00
2026-05-15T23:22:03.259633,20.00,22.20,100.00,100.00
2026-05-15T23:22:03.363314,22.20,14.30,100.00,100.00
2026-05-15T23:22:03.467291,20.00,12.50,100.00,100.00
2026-05-15T23:22:03.570843,22.20,33.30,100.00,100.00
2026-05-15T23:22:03.675432,22.20,0.00,100.00,100.00
2026-05-15T23:22:03.779403,12.50,25.00,100.00,100.00
2026-05-15T23:22:03.883182,30.00,12.50,100.00,100.00
2026-05-15T23:22:03.987488,11.10,20.00,100.00,100.00
2026-05-15T23:22:04.091788,11.10,0.00,100.00,100.00
2026-05-15T23:22:04.195855,22.20,11.10,100.00,100.00
2026-05-15T23:22:04.299531,11.10,25.00,100.00,100.00
2026-05-15T23:22:04.403815,30.00,12.50,100.00,100.00
2026-05-15T23:22:04.507862,20.00,12.50,100.00,100.00
2026-05-15T23:22:04.612075,12.50,0.00,100.00,100.00
2026-05-15T23:22:04.716451,11.10,12.50,100.00,100.00
2026-05-15T23:22:04.821053,22.20,11.10,100.00,100.00
2026-05-15T23:22:04.925349,0.00,22.20,100.00,100.00
2026-05-15T23:22:05.029253,20.00,0.00,100.00,100.00
2026-05-15T23:22:05.133511,12.50,0.00,100.00,100.00
2026-05-15T23:22:05.310544,82.40,86.70,100.00,100.00
2026-05-15T23:22:05.416178,75.00,62.50,66.70,100.00
2026-05-15T23:22:05.520915,50.00,62.50,57.10,100.00
2026-05-15T23:22:05.626053,75.00,57.10,75.00,100.00
2026-05-15T23:22:05.730814,62.50,57.10,62.50,100.00
2026-05-15T23:22:05.835932,57.10,62.50,70.00,100.00
2026-05-15T23:22:05.981322,71.40,72.70,72.70,100.00
2026-05-15T23:22:06.085948,62.50,57.10,66.70,33.30
2026-05-15T23:22:06.191237,57.10,62.50,57.10,12.50
2026-05-15T23:22:06.296102,57.10,57.10,57.10,22.20
2026-05-15T23:22:06.400918,57.10,62.50,62.50,25.00
2026-05-15T23:22:06.506016,62.50,57.10,62.50,22.20
2026-05-15T23:22:06.612144,62.50,62.50,66.70,12.50
2026-05-15T23:22:06.718813,57.10,50.00,57.10,30.00
2026-05-15T23:22:06.825109,62.50,66.70,66.70,25.00
2026-05-15T23:22:06.930598,50.00,60.00,62.50,22.20
2026-05-15T23:22:07.036300,62.50,62.50,62.50,12.50
2026-05-15T23:22:07.141211,62.50,62.50,50.00,12.50
2026-05-15T23:22:07.246592,57.10,62.50,62.50,33.30
2026-05-15T23:22:07.352663,70.00,66.70,75.00,12.50
2026-05-15T23:22:07.458320,57.10,57.10,66.70,22.20
2026-05-15T23:22:07.564559,66.70,66.70,50.00,25.00
2026-05-15T23:22:07.670136,57.10,71.40,66.70,22.20
2026-05-15T23:22:07.775909,66.70,62.50,62.50,25.00
2026-05-15T23:22:07.881660,57.10,62.50,57.10,22.20
2026-05-15T23:22:07.986302,71.40,57.10,57.10,12.50
2026-05-15T23:22:08.091895,55.60,50.00,66.70,12.50
2026-05-15T23:22:08.199691,57.10,66.70,66.70,22.20
2026-05-15T23:22:08.305251,66.70,62.50,71.40,33.30
2026-05-15T23:22:08.410553,77.80,71.40,66.70,30.00
2026-05-15T23:22:08.516727,62.50,66.70,57.10,14.30
2026-05-15T23:22:08.621954,62.50,62.50,57.10,22.20
2026-05-15T23:22:08.726620,62.50,57.10,57.10,30.00
2026-05-15T23:22:08.831560,55.60,42.90,57.10,25.00
2026-05-15T23:22:08.937264,62.50,62.50,62.50,11.10
2026-05-15T23:22:09.042888,57.10,62.50,66.70,25.00
2026-05-15T23:22:09.148892,57.10,66.70,40.00,12.50
2026-05-15T23:22:09.254429,62.50,62.50,66.70,40.00
2026-05-15T23:22:09.359437,66.70,57.10,62.50,12.50
2026-05-15T23:22:09.464823,62.50,62.50,75.00,12.50
2026-05-15T23:22:09.570064,62.50,62.50,57.10,25.00
2026-05-15T23:22:09.675150,62.50,57.10,62.50,22.20
2026-05-15T23:22:09.780624,62.50,66.70,66.70,12.50
2026-05-15T23:22:09.886277,62.50,66.70,57.10,22.20
2026-05-15T23:22:09.991564,66.70,57.10,66.70,25.00
2026-05-15T23:22:10.097114,66.70,62.50,66.70,22.20
2026-05-15T23:22:10.200498,0.00,14.30,22.20,20.00
2026-05-15T23:22:10.303709,0.00,0.00,0.00,20.00
2026-05-15T23:22:10.406843,0.00,0.00,0.00,10.00
2026-05-15T23:22:10.509859,10.00,10.00,0.00,10.00
2026-05-15T23:22:10.613374,0.00,20.00,0.00,10.00
2026-05-15T23:22:10.716557,0.00,0.00,0.00,11.10
2026-05-15T23:22:10.819418,0.00,0.00,0.00,10.00
2026-05-15T23:22:10.923117,20.00,0.00,11.10,10.00
2026-05-15T23:22:11.026293,0.00,0.00,0.00,10.00
2026-05-15T23:22:11.129860,0.00,0.00,0.00,10.00
2026-05-15T23:22:11.233253,0.00,10.00,10.00,20.00
2026-05-15T23:22:11.336378,0.00,0.00,0.00,10.00
2026-05-15T23:22:11.439951,10.00,0.00,0.00,10.00
2026-05-15T23:22:11.543138,0.00,0.00,0.00,20.00
2026-05-15T23:22:11.646243,0.00,0.00,0.00,10.00
2026-05-15T23:22:11.749596,0.00,0.00,10.00,10.00
2026-05-15T23:22:11.852815,0.00,0.00,0.00,11.10
2026-05-15T23:22:11.955941,0.00,0.00,0.00,18.20
2026-05-15T23:22:12.059201,0.00,10.00,11.10,11.10
2026-05-15T23:22:12.215971,7.10,15.40,21.40,26.70
2026-05-15T23:22:12.319512,10.00,11.10,100.00,10.00
2026-05-15T23:22:12.423075,20.00,0.00,100.00,20.00
2026-05-15T23:22:12.526319,25.00,0.00,100.00,10.00
2026-05-15T23:22:12.629858,11.10,10.00,100.00,11.10
2026-05-15T23:22:12.733322,10.00,0.00,100.00,10.00
2026-05-15T23:22:12.836873,20.00,0.00,100.00,10.00
2026-05-15T23:22:12.940486,18.20,10.00,100.00,11.10
2026-05-15T23:22:13.044127,11.10,11.10,100.00,18.20
2026-05-15T23:22:13.147217,0.00,11.10,100.00,10.00
2026-05-15T23:22:13.250532,20.00,11.10,100.00,10.00
2026-05-15T23:22:13.353586,18.20,10.00,100.00,11.10
2026-05-15T23:22:13.456778,20.00,0.00,100.00,10.00
2026-05-15T23:22:13.560518,20.00,11.10,100.00,20.00
2026-05-15T23:22:13.663883,25.00,0.00,100.00,18.20
2026-05-15T23:22:13.767468,20.00,10.00,100.00,20.00
2026-05-15T23:22:13.870951,11.10,0.00,100.00,0.00
2026-05-15T23:22:13.974748,10.00,0.00,100.00,18.20
2026-05-15T23:22:14.078647,20.00,10.00,100.00,10.00
2026-05-15T23:22:14.181612,0.00,11.10,100.00,20.00
2026-05-15T23:22:14.284804,11.10,0.00,100.00,10.00
2026-05-15T23:22:14.387875,10.00,0.00,100.00,11.10
2026-05-15T23:22:14.490878,20.00,0.00,100.00,10.00
2026-05-15T23:22:14.594512,10.00,11.10,100.00,10.00
2026-05-15T23:22:14.698076,11.10,10.00,100.00,11.10
2026-05-15T23:22:14.801570,11.10,11.10,100.00,18.20
2026-05-15T23:22:14.905365,25.00,0.00,100.00,10.00
2026-05-15T23:22:15.008662,18.20,0.00,100.00,11.10
2026-05-15T23:22:15.112104,20.00,18.20,100.00,10.00
2026-05-15T23:22:15.215347,11.10,11.10,100.00,20.00
2026-05-15T23:22:15.319178,11.10,12.50,100.00,10.00
2026-05-15T23:22:15.422655,11.10,0.00,100.00,11.10
2026-05-15T23:22:15.526272,11.10,0.00,100.00,18.20
2026-05-15T23:22:15.630286,20.00,11.10,100.00,11.10
2026-05-15T23:22:15.733907,27.30,0.00,100.00,10.00
2026-05-15T23:22:15.838085,11.10,11.10,100.00,11.10
2026-05-15T23:22:15.941488,30.00,0.00,100.00,10.00
2026-05-15T23:22:16.067510,18.20,18.20,100.00,25.00
2026-05-15T23:22:16.171751,11.10,11.10,100.00,100.00
2026-05-15T23:22:16.275538,27.30,0.00,100.00,100.00
2026-05-15T23:22:16.379692,11.10,22.20,100.00,100.00
2026-05-15T23:22:16.483454,20.00,0.00,100.00,100.00
2026-05-15T23:22:16.587006,20.00,11.10,100.00,100.00
2026-05-15T23:22:16.691328,27.30,0.00,100.00,100.00
2026-05-15T23:22:16.795338,11.10,11.10,100.00,100.00
2026-05-15T23:22:16.899079,11.10,0.00,100.00,100.00
2026-05-15T23:22:17.002817,20.00,20.00,100.00,100.00
2026-05-15T23:22:17.107596,20.00,11.10,100.00,100.00
2026-05-15T23:22:17.211358,20.00,12.50,100.00,100.00
2026-05-15T23:22:17.314955,30.00,11.10,100.00,100.00
2026-05-15T23:22:17.418821,11.10,0.00,100.00,100.00
2026-05-15T23:22:17.522575,11.10,0.00,100.00,100.00
2026-05-15T23:22:17.626076,20.00,0.00,100.00,100.00
2026-05-15T23:22:17.730024,20.00,11.10,100.00,100.00
2026-05-15T23:22:17.833709,11.10,0.00,100.00,100.00
2026-05-15T23:22:17.937413,0.00,11.10,100.00,100.00
2026-05-15T23:22:18.041451,20.00,11.10,100.00,100.00
2026-05-15T23:22:18.145298,11.10,11.10,100.00,100.00
2026-05-15T23:22:18.248717,20.00,0.00,100.00,100.00
2026-05-15T23:22:18.352326,11.10,0.00,100.00,100.00
2026-05-15T23:22:18.455883,20.00,11.10,100.00,100.00
2026-05-15T23:22:18.559685,0.00,0.00,100.00,100.00
2026-05-15T23:22:18.663442,20.00,11.10,100.00,100.00
2026-05-15T23:22:18.766955,11.10,0.00,100.00,100.00
2026-05-15T23:22:18.870562,20.00,0.00,100.00,100.00
2026-05-15T23:22:18.974157,10.00,11.10,100.00,100.00
2026-05-15T23:22:19.077585,11.10,11.10,100.00,100.00
2026-05-15T23:22:19.181298,20.00,0.00,100.00,100.00
2026-05-15T23:22:19.284795,12.50,11.10,100.00,100.00
2026-05-15T23:22:19.388680,11.10,22.20,100.00,100.00
2026-05-15T23:22:19.492410,18.20,0.00,100.00,100.00
2026-05-15T23:22:19.596241,22.20,0.00,100.00,100.00
2026-05-15T23:22:19.700194,20.00,0.00,100.00,100.00
2026-05-15T23:22:19.803752,11.10,11.10,100.00,100.00
2026-05-15T23:22:19.907185,20.00,0.00,100.00,100.00
2026-05-15T23:22:20.010862,20.00,0.00,100.00,100.00
2026-05-15T23:22:20.114447,11.10,0.00,100.00,100.00
2026-05-15T23:22:20.222202,44.40,57.10,100.00,100.00
2026-05-15T23:22:20.377062,72.70,86.70,100.00,100.00
2026-05-15T23:22:20.483027,55.60,42.90,50.00,100.00
2026-05-15T23:22:20.587891,57.10,57.10,50.00,100.00
2026-05-15T23:22:20.693266,42.90,50.00,55.60,100.00
2026-05-15T23:22:20.797923,50.00,42.90,33.30,100.00
2026-05-15T23:22:20.903144,62.50,50.00,62.50,100.00
2026-05-15T23:22:21.008566,50.00,62.50,50.00,100.00
2026-05-15T23:22:21.113601,57.10,42.90,57.10,100.00
2026-05-15T23:22:21.218218,42.90,33.30,55.60,100.00
2026-05-15T23:22:21.322690,50.00,55.60,50.00,100.00
2026-05-15T23:22:21.428131,50.00,40.00,57.10,100.00
2026-05-15T23:22:21.533712,55.60,50.00,50.00,100.00
2026-05-15T23:22:21.638697,50.00,50.00,40.00,100.00
2026-05-15T23:22:21.744545,55.60,57.10,55.60,100.00
2026-05-15T23:22:21.849214,57.10,42.90,62.50,100.00
2026-05-15T23:22:21.953830,50.00,42.90,42.90,100.00
2026-05-15T23:22:22.058659,42.90,50.00,50.00,100.00
2026-05-15T23:22:22.164367,60.00,50.00,57.10,100.00
2026-05-15T23:22:22.270327,50.00,50.00,50.00,100.00
2026-05-15T23:22:22.375485,50.00,57.10,57.10,100.00
2026-05-15T23:22:22.480703,62.50,50.00,42.90,100.00
2026-05-15T23:22:22.585408,55.60,42.90,50.00,100.00
2026-05-15T23:22:22.691604,50.00,50.00,62.50,100.00
2026-05-15T23:22:22.796410,50.00,55.60,50.00,100.00
2026-05-15T23:22:22.901078,42.90,57.10,50.00,100.00
2026-05-15T23:22:23.006238,62.50,50.00,42.90,100.00
2026-05-15T23:22:23.111284,42.90,42.90,62.50,100.00
2026-05-15T23:22:23.216482,62.50,50.00,55.60,100.00
2026-05-15T23:22:23.321792,57.10,55.60,57.10,100.00
2026-05-15T23:22:23.426886,42.90,57.10,57.10,100.00
2026-05-15T23:22:23.532925,62.50,50.00,50.00,100.00
2026-05-15T23:22:23.639176,62.50,75.00,77.80,100.00
2026-05-15T23:22:23.744740,50.00,42.90,57.10,100.00
2026-05-15T23:22:23.850171,57.10,50.00,50.00,100.00
2026-05-15T23:22:23.955294,42.90,55.60,50.00,100.00
2026-05-15T23:22:24.060452,57.10,50.00,42.90,100.00
2026-05-15T23:22:24.165396,42.90,42.90,57.10,100.00
2026-05-15T23:22:24.270200,50.00,42.90,42.90,100.00
2026-05-15T23:22:24.375210,50.00,42.90,50.00,100.00
2026-05-15T23:22:24.480313,55.60,57.10,57.10,100.00
2026-05-15T23:22:24.585342,42.90,50.00,50.00,100.00
2026-05-15T23:22:24.691150,57.10,50.00,42.90,100.00
2026-05-15T23:22:24.797309,42.90,50.00,57.10,100.00
2026-05-15T23:22:24.902112,62.50,50.00,57.10,100.00
2026-05-15T23:22:25.007517,42.90,33.30,50.00,100.00
2026-05-15T23:22:25.113565,62.50,62.50,57.10,100.00
2026-05-15T23:22:25.217034,11.10,20.00,11.10,100.00
2026-05-15T23:22:25.320453,10.00,0.00,0.00,100.00
2026-05-15T23:22:25.423575,0.00,0.00,0.00,100.00
2026-05-15T23:22:25.526832,0.00,10.00,0.00,100.00
2026-05-15T23:22:25.630257,0.00,0.00,0.00,100.00
2026-05-15T23:22:25.733969,0.00,10.00,0.00,100.00
2026-05-15T23:22:25.837332,10.00,0.00,0.00,100.00
2026-05-15T23:22:25.940927,9.10,10.00,9.10,100.00
2026-05-15T23:22:26.044355,10.00,0.00,0.00,100.00
2026-05-15T23:22:26.148179,0.00,0.00,0.00,100.00
2026-05-15T23:22:26.251505,0.00,0.00,0.00,100.00
2026-05-15T23:22:26.354739,0.00,10.00,10.00,100.00
2026-05-15T23:22:26.458170,10.00,0.00,0.00,100.00
2026-05-15T23:22:26.561809,0.00,0.00,0.00,100.00
2026-05-15T23:22:26.665423,18.20,10.00,0.00,100.00
2026-05-15T23:22:26.768637,10.00,9.10,0.00,100.00
2026-05-15T23:22:26.871983,0.00,10.00,10.00,100.00
2026-05-15T23:22:26.975478,10.00,0.00,0.00,100.00
2026-05-15T23:22:27.078991,18.20,0.00,0.00,100.00
2026-05-15T23:22:27.236284,15.40,14.30,26.70,100.00
2026-05-15T23:22:27.339521,18.20,10.00,100.00,100.00
2026-05-15T23:22:27.443460,10.00,0.00,100.00,100.00
2026-05-15T23:22:27.547446,10.00,18.20,100.00,100.00
2026-05-15T23:22:27.650919,18.20,0.00,100.00,100.00
2026-05-15T23:22:27.754949,25.00,0.00,100.00,100.00
2026-05-15T23:22:27.858580,10.00,0.00,100.00,100.00
2026-05-15T23:22:27.962067,25.00,0.00,100.00,100.00
2026-05-15T23:22:28.065458,25.00,0.00,100.00,100.00
2026-05-15T23:22:28.168837,18.20,0.00,100.00,100.00
2026-05-15T23:22:28.272058,18.20,0.00,100.00,100.00
2026-05-15T23:22:28.375337,18.20,10.00,100.00,100.00
2026-05-15T23:22:28.478801,18.20,0.00,100.00,100.00
2026-05-15T23:22:28.582046,10.00,0.00,100.00,100.00
2026-05-15T23:22:28.685459,18.20,0.00,100.00,100.00
2026-05-15T23:22:28.788923,18.20,11.10,100.00,100.00
2026-05-15T23:22:28.892153,18.20,0.00,100.00,100.00
2026-05-15T23:22:28.995676,10.00,10.00,100.00,100.00
2026-05-15T23:22:29.098967,25.00,0.00,100.00,100.00
2026-05-15T23:22:29.202473,18.20,0.00,100.00,100.00
2026-05-15T23:22:29.305713,18.20,0.00,100.00,100.00
2026-05-15T23:22:29.408780,16.70,0.00,100.00,100.00
2026-05-15T23:22:29.512083,10.00,10.00,100.00,100.00
2026-05-15T23:22:29.615234,25.00,0.00,100.00,100.00
2026-05-15T23:22:29.718566,18.20,10.00,100.00,100.00
2026-05-15T23:22:29.821865,25.00,0.00,100.00,100.00
2026-05-15T23:22:29.925134,10.00,0.00,100.00,100.00
2026-05-15T23:22:30.028547,18.20,0.00,100.00,100.00
2026-05-15T23:22:30.132081,10.00,0.00,100.00,100.00
2026-05-15T23:22:30.237173,33.30,37.50,100.00,100.00
2026-05-15T23:22:30.342295,16.70,16.70,100.00,100.00
2026-05-15T23:22:30.447722,42.90,33.30,100.00,100.00
2026-05-15T23:22:30.553927,28.60,33.30,100.00,100.00
2026-05-15T23:22:30.659356,28.60,37.50,100.00,100.00
2026-05-15T23:22:30.763802,42.90,28.60,100.00,100.00
2026-05-15T23:22:30.869393,28.60,33.30,100.00,100.00
2026-05-15T23:22:30.974264,50.00,42.90,100.00,100.00
2026-05-15T23:22:31.082606,28.60,37.50,100.00,100.00
2026-05-15T23:22:31.188249,28.60,33.30,100.00,100.00
2026-05-15T23:22:31.293356,42.90,33.30,100.00,100.00
2026-05-15T23:22:31.397603,16.70,33.30,100.00,100.00
2026-05-15T23:22:31.501662,33.30,33.30,100.00,100.00
2026-05-15T23:22:31.606632,44.40,42.90,100.00,100.00
2026-05-15T23:22:31.711383,33.30,33.30,100.00,100.00
2026-05-15T23:22:31.817305,42.90,50.00,100.00,100.00
2026-05-15T23:22:31.923877,42.90,50.00,100.00,100.00
2026-05-15T23:22:32.028476,50.00,50.00,100.00,100.00
2026-05-15T23:22:32.133504,16.70,20.00,100.00,100.00
2026-05-15T23:22:32.238066,50.00,42.90,100.00,100.00
2026-05-15T23:22:32.343400,33.30,42.90,100.00,100.00
2026-05-15T23:22:32.449130,55.60,50.00,100.00,100.00
2026-05-15T23:22:32.554740,42.90,50.00,100.00,100.00
2026-05-15T23:22:32.660336,50.00,20.00,100.00,100.00
2026-05-15T23:22:32.764308,42.90,50.00,100.00,100.00
2026-05-15T23:22:32.869480,42.90,33.30,100.00,100.00
2026-05-15T23:22:32.975556,57.10,62.50,100.00,100.00
2026-05-15T23:22:33.080131,42.90,42.90,100.00,100.00
2026-05-15T23:22:33.184818,50.00,20.00,100.00,100.00
2026-05-15T23:22:33.289723,33.30,50.00,100.00,100.00
2026-05-15T23:22:33.393978,42.90,33.30,100.00,100.00
2026-05-15T23:22:33.498610,28.60,33.30,100.00,100.00
2026-05-15T23:22:33.604385,62.50,50.00,100.00,100.00
2026-05-15T23:22:33.709347,28.60,50.00,100.00,100.00
2026-05-15T23:22:33.814044,33.30,42.90,100.00,100.00
2026-05-15T23:22:33.918957,37.50,33.30,100.00,100.00
2026-05-15T23:22:34.025197,33.30,37.50,100.00,100.00
2026-05-15T23:22:34.130279,37.50,33.30,100.00,100.00
2026-05-15T23:22:34.235267,33.30,33.30,100.00,100.00
2026-05-15T23:22:34.339867,42.90,28.60,100.00,100.00
2026-05-15T23:22:34.444529,33.30,42.90,100.00,100.00
2026-05-15T23:22:34.549734,28.60,28.60,100.00,100.00
2026-05-15T23:22:34.654360,42.90,33.30,100.00,100.00
2026-05-15T23:22:34.759666,37.50,20.00,100.00,100.00
2026-05-15T23:22:34.865522,33.30,37.50,100.00,100.00
2026-05-15T23:22:34.970249,50.00,50.00,100.00,100.00
2026-05-15T23:22:35.075377,40.00,20.00,100.00,100.00
2026-05-15T23:22:35.179296,28.60,37.50,100.00,100.00
2026-05-15T23:22:35.282962,30.00,33.30,100.00,100.00
2026-05-15T23:22:35.386835,11.10,0.00,100.00,100.00
2026-05-15T23:22:35.490078,11.10,11.10,100.00,100.00
2026-05-15T23:22:35.593945,22.20,0.00,100.00,100.00
2026-05-15T23:22:35.697571,11.10,0.00,100.00,100.00
2026-05-15T23:22:35.800928,12.50,12.50,100.00,100.00
2026-05-15T23:22:35.904374,11.10,0.00,100.00,100.00
2026-05-15T23:22:36.007811,12.50,0.00,100.00,100.00
2026-05-15T23:22:36.111929,0.00,20.00,100.00,100.00
2026-05-15T23:22:36.215653,30.00,0.00,100.00,100.00
2026-05-15T23:22:36.319474,20.00,12.50,100.00,100.00
2026-05-15T23:22:36.422829,12.50,12.50,100.00,100.00
2026-05-15T23:22:36.526710,20.00,0.00,100.00,100.00
2026-05-15T23:22:36.630233,12.50,12.50,100.00,100.00
2026-05-15T23:22:36.734060,0.00,12.50,100.00,100.00
2026-05-15T23:22:36.837692,22.20,0.00,100.00,100.00
2026-05-15T23:22:36.941202,11.10,0.00,100.00,100.00
2026-05-15T23:22:37.044574,12.50,12.50,100.00,100.00
2026-05-15T23:22:37.148181,20.00,0.00,100.00,100.00
2026-05-15T23:22:37.251922,25.00,12.50,100.00,100.00
2026-05-15T23:22:37.355779,20.00,0.00,100.00,100.00
2026-05-15T23:22:37.460316,0.00,12.50,100.00,100.00
2026-05-15T23:22:37.563990,30.00,0.00,100.00,100.00
2026-05-15T23:22:37.667838,20.00,11.10,100.00,100.00
2026-05-15T23:22:37.771470,12.50,0.00,100.00,100.00
2026-05-15T23:22:37.874736,20.00,11.10,100.00,100.00
2026-05-15T23:22:37.978250,12.50,0.00,100.00,100.00
2026-05-15T23:22:38.081895,12.50,0.00,100.00,100.00
2026-05-15T23:22:38.185804,22.20,12.50,100.00,100.00
2026-05-15T23:22:38.289348,20.00,0.00,100.00,100.00
2026-05-15T23:22:38.393392,12.50,0.00,100.00,100.00
2026-05-15T23:22:38.496710,11.10,11.10,100.00,100.00
2026-05-15T23:22:38.600520,22.20,0.00,100.00,100.00
2026-05-15T23:22:38.704603,20.00,12.50,100.00,100.00
2026-05-15T23:22:38.808439,12.50,11.10,100.00,100.00
2026-05-15T23:22:38.912223,20.00,0.00,100.00,100.00
2026-05-15T23:22:39.016421,30.00,12.50,100.00,100.00
2026-05-15T23:22:39.119943,20.00,0.00,100.00,100.00
2026-05-15T23:22:39.224300,30.00,12.50,100.00,100.00
2026-05-15T23:22:39.328017,20.00,12.50,100.00,100.00
2026-05-15T23:22:39.431546,22.20,11.10,100.00,100.00
2026-05-15T23:22:39.535370,20.00,12.50,100.00,100.00
2026-05-15T23:22:39.639522,20.00,0.00,100.00,100.00
2026-05-15T23:22:39.743708,12.50,12.50,100.00,100.00
2026-05-15T23:22:39.847481,27.30,0.00,100.00,100.00
2026-05-15T23:22:39.951190,12.50,11.10,100.00,100.00
2026-05-15T23:22:40.055399,27.30,0.00,100.00,100.00
2026-05-15T23:22:40.162587,36.40,12.50,100.00,100.00
2026-05-15T23:22:40.359319,75.00,94.70,100.00,100.00
2026-05-15T23:22:40.464138,75.00,62.50,62.50,22.20
2026-05-15T23:22:40.569399,57.10,57.10,66.70,22.20
2026-05-15T23:22:40.674977,66.70,71.40,50.00,14.30
2026-05-15T23:22:40.780504,75.00,57.10,77.80,22.20
2026-05-15T23:22:40.885499,57.10,66.70,57.10,12.50
2026-05-15T23:22:40.993266,62.50,50.00,62.50,22.20
2026-05-15T23:22:41.100936,66.70,75.00,66.70,30.00
2026-05-15T23:22:41.206027,57.10,57.10,66.70,33.30
2026-05-15T23:22:41.311478,75.00,66.70,62.50,12.50
2026-05-15T23:22:41.416754,66.70,71.40,62.50,25.00
2026-05-15T23:22:41.522234,75.00,62.50,71.40,22.20
2026-05-15T23:22:41.627568,57.10,66.70,70.00,22.20
2026-05-15T23:22:41.732587,57.10,62.50,62.50,25.00
2026-05-15T23:22:41.837420,57.10,71.40,57.10,22.20
2026-05-15T23:22:41.943275,75.00,66.70,71.40,22.20
2026-05-15T23:22:42.048110,62.50,57.10,55.60,12.50
2026-05-15T23:22:42.153969,62.50,71.40,71.40,22.20
2026-05-15T23:22:42.258794,66.70,70.00,62.50,25.00
2026-05-15T23:22:42.363956,57.10,66.70,62.50,30.00
2026-05-15T23:22:42.469294,71.40,62.50,57.10,22.20
2026-05-15T23:22:42.574403,66.70,57.10,66.70,25.00
2026-05-15T23:22:42.680140,62.50,71.40,62.50,12.50
2026-05-15T23:22:42.785495,66.70,66.70,57.10,30.00
2026-05-15T23:22:42.890827,66.70,62.50,66.70,25.00
2026-05-15T23:22:42.997495,66.70,62.50,62.50,22.20
2026-05-15T23:22:43.102271,66.70,66.70,71.40,22.20
2026-05-15T23:22:43.208308,57.10,62.50,57.10,22.20
2026-05-15T23:22:43.314205,77.80,75.00,70.00,25.00
2026-05-15T23:22:43.419981,57.10,57.10,66.70,25.00
2026-05-15T23:22:43.525987,66.70,71.40,66.70,22.20
2026-05-15T23:22:43.631182,77.80,77.80,66.70,25.00
2026-05-15T23:22:43.736799,66.70,66.70,71.40,22.20
2026-05-15T23:22:43.842574,66.70,66.70,55.60,30.00
2026-05-15T23:22:43.949151,62.50,66.70,71.40,22.20
2026-05-15T23:22:44.053492,62.50,66.70,66.70,14.30
2026-05-15T23:22:44.160174,62.50,57.10,50.00,22.20
2026-05-15T23:22:44.265631,77.80,77.80,66.70,22.20
2026-05-15T23:22:44.371174,66.70,62.50,66.70,22.20
2026-05-15T23:22:44.476345,71.40,75.00,57.10,33.30
2026-05-15T23:22:44.581672,62.50,62.50,70.00,22.20
2026-05-15T23:22:44.686674,62.50,62.50,66.70,22.20
2026-05-15T23:22:44.794221,71.40,62.50,70.00,14.30
2026-05-15T23:22:44.900714,70.00,62.50,62.50,30.00
2026-05-15T23:22:45.006183,71.40,71.40,71.40,14.30
2026-05-15T23:22:45.111187,62.50,66.70,62.50,22.20
2026-05-15T23:22:45.215426,25.00,14.30,25.00,22.20
2026-05-15T23:22:45.319519,30.00,12.50,0.00,10.00
2026-05-15T23:22:45.422991,0.00,0.00,0.00,11.10
2026-05-15T23:22:45.526633,12.50,12.50,12.50,11.10
2026-05-15T23:22:45.630815,0.00,0.00,0.00,11.10
2026-05-15T23:22:45.735248,11.10,11.10,12.50,11.10
2026-05-15T23:22:45.838844,22.20,0.00,0.00,27.30
2026-05-15T23:22:45.942750,0.00,12.50,12.50,11.10
2026-05-15T23:22:46.046650,0.00,11.10,0.00,20.00
2026-05-15T23:22:46.150345,11.10,12.50,0.00,11.10
2026-05-15T23:22:46.253946,0.00,0.00,0.00,18.20
2026-05-15T23:22:46.357715,22.20,0.00,12.50,11.10
2026-05-15T23:22:46.462154,12.50,0.00,11.10,11.10
2026-05-15T23:22:46.565584,0.00,22.20,0.00,11.10
2026-05-15T23:22:46.669246,12.50,0.00,0.00,11.10
2026-05-15T23:22:46.772902,12.50,0.00,12.50,18.20
2026-05-15T23:22:46.876467,0.00,0.00,0.00,11.10
2026-05-15T23:22:46.980253,12.50,22.20,0.00,11.10
2026-05-15T23:22:47.084577,0.00,0.00,0.00,20.00
2026-05-15T23:22:47.188308,11.10,0.00,20.00,11.10
2026-05-15T23:22:47.352292,35.70,30.80,33.30,20.00
2026-05-15T23:22:47.456464,30.00,0.00,100.00,11.10
2026-05-15T23:22:47.560223,33.30,14.30,100.00,11.10
2026-05-15T23:22:47.664263,30.00,14.30,100.00,11.10
2026-05-15T23:22:47.768259,33.30,14.30,100.00,27.30
2026-05-15T23:22:47.871950,30.00,22.20,100.00,11.10
2026-05-15T23:22:47.976708,40.00,14.30,100.00,10.00
2026-05-15T23:22:48.081188,22.20,22.20,100.00,11.10
2026-05-15T23:22:48.185456,40.00,14.30,100.00,11.10
2026-05-15T23:22:48.289118,30.00,0.00,100.00,11.10
2026-05-15T23:22:48.393246,33.30,22.20,100.00,20.00
2026-05-15T23:22:48.497707,30.00,0.00,100.00,11.10
2026-05-15T23:22:48.601903,33.30,25.00,100.00,27.30
2026-05-15T23:22:48.706464,25.00,14.30,100.00,11.10
2026-05-15T23:22:48.810900,30.00,25.00,100.00,11.10
2026-05-15T23:22:48.915145,40.00,14.30,100.00,18.20
2026-05-15T23:22:49.019459,25.00,14.30,100.00,20.00
2026-05-15T23:22:49.123205,22.20,12.50,100.00,11.10
2026-05-15T23:22:49.226912,33.30,14.30,100.00,11.10
2026-05-15T23:22:49.330682,25.00,0.00,100.00,11.10
2026-05-15T23:22:49.434617,12.50,0.00,100.00,20.00
2026-05-15T23:22:49.538641,14.30,33.30,100.00,10.00
2026-05-15T23:22:49.642485,22.20,14.30,100.00,11.10
2026-05-15T23:22:49.746719,40.00,12.50,100.00,11.10
2026-05-15T23:22:49.850575,30.00,14.30,100.00,11.10
2026-05-15T23:22:49.954296,14.30,25.00,100.00,20.00
2026-05-15T23:22:50.058339,36.40,0.00,100.00,11.10
2026-05-15T23:22:50.163249,33.30,28.60,100.00,11.10
2026-05-15T23:22:50.311854,60.00,66.70,100.00,46.70
2026-05-15T23:22:50.416690,42.90,42.90,44.40,22.20
2026-05-15T23:22:50.521723,42.90,37.50,33.30,22.20
2026-05-15T23:22:50.626238,42.90,33.30,37.50,11.10
2026-05-15T23:22:50.731339,37.50,50.00,42.90,12.50
2026-05-15T23:22:50.835918,33.30,42.90,42.90,22.20
2026-05-15T23:22:50.940715,42.90,42.90,37.50,12.50
2026-05-15T23:22:51.044667,55.60,16.70,33.30,11.10
2026-05-15T23:22:51.150439,37.50,50.00,37.50,22.20
2026-05-15T23:22:51.255482,33.30,33.30,50.00,12.50
2026-05-15T23:22:51.360264,33.30,28.60,33.30,27.30
2026-05-15T23:22:51.465570,28.60,50.00,28.60,12.50
2026-05-15T23:22:51.570164,42.90,28.60,42.90,12.50
2026-05-15T23:22:51.674734,28.60,42.90,37.50,27.30
2026-05-15T23:22:51.778960,42.90,37.50,42.90,22.20
2026-05-15T23:22:51.883602,37.50,33.30,37.50,22.20
2026-05-15T23:22:51.988398,33.30,37.50,42.90,12.50
2026-05-15T23:22:52.093141,33.30,28.60,16.70,22.20
2026-05-15T23:22:52.198337,28.60,33.30,50.00,20.00
2026-05-15T23:22:52.303440,55.60,42.90,33.30,30.00
2026-05-15T23:22:52.407637,42.90,37.50,28.60,12.50
2026-05-15T23:22:52.512524,28.60,42.90,37.50,22.20
2026-05-15T23:22:52.617297,42.90,37.50,33.30,11.10
2026-05-15T23:22:52.721626,42.90,33.30,33.30,22.20
2026-05-15T23:22:52.826484,37.50,44.40,44.40,12.50
2026-05-15T23:22:52.931925,42.90,33.30,42.90,22.20
2026-05-15T23:22:53.036677,42.90,28.60,16.70,20.00
2026-05-15T23:22:53.141926,16.70,44.40,28.60,12.50
2026-05-15T23:22:53.247397,50.00,33.30,55.60,22.20
2026-05-15T23:22:53.352697,33.30,50.00,42.90,12.50
2026-05-15T23:22:53.457074,44.40,50.00,33.30,30.00
2026-05-15T23:22:53.561803,33.30,42.90,44.40,12.50
2026-05-15T23:22:53.666486,42.90,50.00,50.00,22.20
2026-05-15T23:22:53.771232,33.30,37.50,33.30,22.20
2026-05-15T23:22:53.876069,55.60,33.30,42.90,22.20
2026-05-15T23:22:53.981559,28.60,42.90,37.50,11.10
2026-05-15T23:22:54.087512,42.90,44.40,33.30,22.20
2026-05-15T23:22:54.192235,42.90,33.30,37.50,12.50
2026-05-15T23:22:54.297574,37.50,42.90,42.90,30.00
2026-05-15T23:22:54.402797,33.30,28.60,37.50,12.50
2026-05-15T23:22:54.508120,55.60,50.00,42.90,20.00
2026-05-15T23:22:54.612971,42.90,33.30,33.30,22.20
2026-05-15T23:22:54.717490,50.00,37.50,55.60,12.50
2026-05-15T23:22:54.821876,37.50,33.30,28.60,11.10
2026-05-15T23:22:54.926812,33.30,42.90,42.90,30.00
2026-05-15T23:22:55.032287,42.90,37.50,42.90,12.50
2026-05-15T23:22:55.137682,28.60,33.30,42.90,30.00
2026-05-15T23:22:55.243148,50.00,42.90,20.00,12.50
2026-05-15T23:22:55.347618,42.90,42.90,28.60,30.00
2026-05-15T23:22:55.453385,42.90,28.60,42.90,12.50
2026-05-15T23:22:55.558963,44.40,42.90,42.90,11.10
2026-05-15T23:22:55.663457,42.90,33.30,28.60,22.20
2026-05-15T23:22:55.769347,33.30,42.90,42.90,22.20
2026-05-15T23:22:55.873604,42.90,28.60,50.00,12.50
2026-05-15T23:22:55.978927,33.30,33.30,16.70,20.00
2026-05-15T23:22:56.084926,42.90,50.00,50.00,12.50
2026-05-15T23:22:56.189804,42.90,42.90,33.30,22.20
2026-05-15T23:22:56.295508,37.50,28.60,50.00,22.20
2026-05-15T23:22:56.399803,33.30,42.90,20.00,12.50
2026-05-15T23:22:56.504589,50.00,50.00,50.00,22.20
2026-05-15T23:22:56.609136,50.00,33.30,42.90,20.00
2026-05-15T23:22:56.713615,33.30,42.90,28.60,22.20
2026-05-15T23:22:56.819194,42.90,16.70,42.90,22.20
2026-05-15T23:22:56.924097,44.40,42.90,44.40,11.10
2026-05-15T23:22:57.030153,42.90,42.90,42.90,12.50
2026-05-15T23:22:57.134922,42.90,42.90,42.90,30.00
2026-05-15T23:22:57.239307,50.00,37.50,20.00,12.50
2026-05-15T23:22:57.344352,42.90,33.30,28.60,12.50
2026-05-15T23:22:57.448909,28.60,50.00,42.90,36.40
2026-05-15T23:22:57.553126,50.00,16.70,50.00,12.50
2026-05-15T23:22:57.657452,50.00,42.90,37.50,11.10
2026-05-15T23:22:57.762715,28.60,50.00,20.00,22.20
2026-05-15T23:22:57.866882,57.10,42.90,42.90,12.50
2026-05-15T23:22:57.972222,42.90,33.30,55.60,12.50
2026-05-15T23:22:58.078163,50.00,55.60,28.60,30.00
2026-05-15T23:22:58.183287,28.60,44.40,33.30,0.00
2026-05-15T23:22:58.287712,42.90,33.30,42.90,22.20
2026-05-15T23:22:58.392337,42.90,28.60,37.50,22.20
2026-05-15T23:22:58.498132,50.00,42.90,42.90,12.50
2026-05-15T23:22:58.603941,42.90,50.00,42.90,22.20
2026-05-15T23:22:58.708677,50.00,33.30,28.60,22.20
2026-05-15T23:22:58.813215,33.30,28.60,33.30,12.50
2026-05-15T23:22:58.917711,28.60,42.90,37.50,27.30
2026-05-15T23:22:59.022946,33.30,28.60,33.30,12.50
2026-05-15T23:22:59.127528,42.90,33.30,37.50,22.20
2026-05-15T23:22:59.232445,50.00,33.30,42.90,25.00
2026-05-15T23:22:59.336805,16.70,44.40,42.90,20.00
2026-05-15T23:22:59.442925,50.00,42.90,16.70,12.50
2026-05-15T23:22:59.547425,42.90,42.90,42.90,12.50
2026-05-15T23:22:59.652932,42.90,28.60,50.00,30.00
2026-05-15T23:22:59.757503,33.30,42.90,28.60,11.10
2026-05-15T23:22:59.861910,50.00,33.30,42.90,22.20
2026-05-15T23:22:59.966662,28.60,42.90,33.30,12.50
2026-05-15T23:23:00.071747,42.90,37.50,33.30,12.50
2026-05-15T23:23:00.176689,33.30,33.30,44.40,27.30
2026-05-15T23:23:00.281850,14.30,14.30,0.00,11.10
2026-05-15T23:23:00.386936,25.00,14.30,14.30,12.50
2026-05-15T23:23:00.491854,25.00,14.30,14.30,20.00
2026-05-15T23:23:00.595840,0.00,0.00,14.30,20.00
2026-05-15T23:23:00.700646,0.00,25.00,14.30,22.20
2026-05-15T23:23:00.804968,33.30,14.30,0.00,11.10
2026-05-15T23:23:00.909740,0.00,14.30,33.30,11.10
2026-05-15T23:23:01.013776,25.00,25.00,0.00,11.10
2026-05-15T23:23:01.117873,14.30,14.30,0.00,11.10
2026-05-15T23:23:01.221678,14.30,0.00,25.00,20.00
2026-05-15T23:23:01.326423,25.00,25.00,0.00,12.50
2026-05-15T23:23:01.430013,14.30,14.30,0.00,11.10
2026-05-15T23:23:01.533961,14.30,0.00,0.00,11.10
2026-05-15T23:23:01.638118,14.30,25.00,33.30,11.10
2026-05-15T23:23:01.743540,14.30,0.00,0.00,11.10
2026-05-15T23:23:01.848555,14.30,25.00,0.00,11.10
2026-05-15T23:23:01.952605,28.60,14.30,33.30,27.30
2026-05-15T23:23:02.056706,25.00,0.00,0.00,22.20
2026-05-15T23:23:02.159989,25.00,33.30,14.30,11.10
2026-05-15T23:23:02.264652,14.30,0.00,14.30,11.10
2026-05-15T23:23:02.368541,25.00,25.00,16.70,11.10
2026-05-15T23:23:02.472791,0.00,0.00,14.30,12.50
2026-05-15T23:23:02.577379,14.30,16.70,25.00,20.00
2026-05-15T23:23:02.681526,14.30,0.00,0.00,11.10
2026-05-15T23:23:02.786106,14.30,14.30,14.30,11.10
2026-05-15T23:23:02.890494,25.00,0.00,14.30,22.20
2026-05-15T23:23:02.994652,14.30,14.30,25.00,11.10
2026-05-15T23:23:03.098650,25.00,14.30,16.70,11.10
2026-05-15T23:23:03.202880,14.30,14.30,0.00,22.20
2026-05-15T23:23:03.307904,14.30,25.00,16.70,20.00
2026-05-15T23:23:03.412925,37.50,0.00,25.00,11.10
2026-05-15T23:23:03.517127,25.00,28.60,14.30,20.00
2026-05-15T23:23:03.621890,0.00,12.50,14.30,11.10
2026-05-15T23:23:03.726462,14.30,28.60,14.30,12.50
2026-05-15T23:23:03.830662,25.00,0.00,0.00,30.00
2026-05-15T23:23:03.935125,16.70,14.30,25.00,11.10
2026-05-15T23:23:04.039411,12.50,0.00,25.00,20.00
2026-05-15T23:23:04.143343,16.70,25.00,0.00,12.50
2026-05-15T23:23:04.247425,14.30,14.30,14.30,20.00
2026-05-15T23:23:04.352079,25.00,25.00,14.30,11.10
2026-05-15T23:23:04.456729,25.00,0.00,14.30,20.00
2026-05-15T23:23:04.561221,0.00,14.30,0.00,11.10
2026-05-15T23:23:04.665551,25.00,14.30,14.30,12.50
2026-05-15T23:23:04.770141,16.70,22.20,25.00,20.00
2026-05-15T23:23:04.874745,12.50,14.30,0.00,11.10
2026-05-15T23:23:04.978904,28.60,14.30,14.30,12.50
2026-05-15T23:23:05.083646,14.30,0.00,25.00,11.10
2026-05-15T23:23:05.188686,14.30,14.30,28.60,20.00
2026-05-15T23:23:05.292809,28.60,16.70,0.00,22.20
2026-05-15T23:23:05.397871,16.70,16.70,16.70,11.10
2026-05-15T23:23:05.502443,28.60,44.40,28.60,22.20
2026-05-15T23:23:05.606892,28.60,0.00,28.60,11.10
2026-05-15T23:23:05.711970,14.30,28.60,14.30,22.20
2026-05-15T23:23:05.815897,37.50,25.00,28.60,11.10
2026-05-15T23:23:05.920361,25.00,25.00,0.00,30.00
2026-05-15T23:23:06.024201,16.70,16.70,37.50,22.20
2026-05-15T23:23:06.128350,28.60,0.00,0.00,11.10
2026-05-15T23:23:06.232251,16.70,37.50,16.70,12.50
2026-05-15T23:23:06.336404,25.00,25.00,37.50,11.10
2026-05-15T23:23:06.440330,16.70,16.70,25.00,11.10
2026-05-15T23:23:06.544898,25.00,14.30,16.70,22.20
2026-05-15T23:23:06.649658,28.60,28.60,28.60,20.00
2026-05-15T23:23:06.754259,37.50,25.00,0.00,12.50
2026-05-15T23:23:06.858357,0.00,0.00,28.60,27.30
2026-05-15T23:23:06.963336,28.60,28.60,25.00,12.50
2026-05-15T23:23:07.067513,25.00,25.00,28.60,11.10
2026-05-15T23:23:07.171736,28.60,16.70,28.60,12.50
2026-05-15T23:23:07.276442,16.70,37.50,37.50,20.00
2026-05-15T23:23:07.380435,25.00,14.30,0.00,12.50
2026-05-15T23:23:07.485912,16.70,16.70,28.60,11.10
2026-05-15T23:23:07.590110,37.50,33.30,0.00,20.00
2026-05-15T23:23:07.694825,14.30,28.60,28.60,12.50
2026-05-15T23:23:07.799456,28.60,25.00,28.60,11.10
2026-05-15T23:23:07.904621,16.70,0.00,14.30,30.00
2026-05-15T23:23:08.009170,25.00,28.60,16.70,11.10
2026-05-15T23:23:08.114154,37.50,25.00,28.60,22.20
2026-05-15T23:23:08.218824,16.70,16.70,14.30,11.10
2026-05-15T23:23:08.323749,28.60,25.00,28.60,12.50
2026-05-15T23:23:08.428817,25.00,16.70,28.60,11.10
2026-05-15T23:23:08.532777,28.60,28.60,25.00,20.00
2026-05-15T23:23:08.637509,16.70,25.00,16.70,12.50
2026-05-15T23:23:08.742307,25.00,16.70,28.60,20.00
2026-05-15T23:23:08.846564,28.60,16.70,28.60,12.50
2026-05-15T23:23:08.951176,28.60,25.00,25.00,20.00
2026-05-15T23:23:09.055383,16.70,25.00,16.70,12.50
2026-05-15T23:23:09.159917,28.60,0.00,16.70,11.10
2026-05-15T23:23:09.263967,37.50,37.50,37.50,36.40
2026-05-15T23:23:09.368487,25.00,25.00,25.00,12.50
2026-05-15T23:23:09.473833,16.70,28.60,16.70,11.10
2026-05-15T23:23:09.578368,28.60,28.60,33.30,11.10
2026-05-15T23:23:09.683349,37.50,14.30,0.00,22.20
2026-05-15T23:23:09.787943,14.30,37.50,28.60,20.00
2026-05-15T23:23:09.892190,16.70,0.00,14.30,12.50
2026-05-15T23:23:09.997219,28.60,28.60,28.60,20.00
2026-05-15T23:23:10.101782,37.50,37.50,28.60,22.20
2026-05-15T23:23:10.206120,12.50,0.00,25.00,11.10
2026-05-15T23:23:10.334422,20.00,11.10,0.00,18.20
2026-05-15T23:23:10.438168,12.50,12.50,0.00,100.00
2026-05-15T23:23:10.541733,12.50,0.00,12.50,100.00
2026-05-15T23:23:10.645877,25.00,12.50,12.50,100.00
2026-05-15T23:23:10.749728,0.00,12.50,12.50,100.00
2026-05-15T23:23:10.853551,22.20,12.50,0.00,100.00
2026-05-15T23:23:10.957844,12.50,0.00,0.00,100.00
2026-05-15T23:23:11.061984,0.00,0.00,12.50,100.00
2026-05-15T23:23:11.165717,22.20,0.00,0.00,100.00
2026-05-15T23:23:11.269610,0.00,33.30,14.30,100.00
2026-05-15T23:23:11.374099,0.00,0.00,0.00,100.00
2026-05-15T23:23:11.478518,30.00,0.00,0.00,100.00
2026-05-15T23:23:11.582846,12.50,22.20,0.00,100.00
2026-05-15T23:23:11.686425,14.30,0.00,22.20,100.00
2026-05-15T23:23:11.789976,22.20,0.00,0.00,100.00
2026-05-15T23:23:11.893537,0.00,0.00,0.00,100.00
2026-05-15T23:23:11.997230,22.20,0.00,12.50,100.00
2026-05-15T23:23:12.100982,0.00,22.20,0.00,100.00
2026-05-15T23:23:12.270873,30.80,33.30,38.50,100.00
2026-05-15T23:23:12.375491,14.30,14.30,100.00,100.00
2026-05-15T23:23:12.480254,14.30,0.00,100.00,100.00
2026-05-15T23:23:12.583894,25.00,28.60,100.00,100.00
2026-05-15T23:23:12.688195,14.30,14.30,100.00,100.00
2026-05-15T23:23:12.793135,14.30,0.00,100.00,100.00
2026-05-15T23:23:12.897831,25.00,16.70,100.00,100.00
2026-05-15T23:23:13.001736,14.30,14.30,100.00,100.00
2026-05-15T23:23:13.106976,14.30,28.60,100.00,100.00
2026-05-15T23:23:13.211336,25.00,14.30,100.00,100.00
2026-05-15T23:23:13.315856,16.70,16.70,100.00,100.00
2026-05-15T23:23:13.420632,12.50,14.30,100.00,100.00
2026-05-15T23:23:13.524507,25.00,25.00,100.00,100.00
2026-05-15T23:23:13.628540,14.30,0.00,100.00,100.00
2026-05-15T23:23:13.732655,25.00,16.70,100.00,100.00
2026-05-15T23:23:13.837516,25.00,25.00,100.00,100.00
2026-05-15T23:23:13.941634,25.00,0.00,100.00,100.00
2026-05-15T23:23:14.045336,30.00,14.30,100.00,100.00
2026-05-15T23:23:14.149220,14.30,25.00,100.00,100.00
2026-05-15T23:23:14.253521,12.50,0.00,100.00,100.00
2026-05-15T23:23:14.357790,0.00,0.00,100.00,100.00
2026-05-15T23:23:14.462509,25.00,25.00,100.00,100.00
2026-05-15T23:23:14.566498,22.20,14.30,100.00,100.00
2026-05-15T23:23:14.670497,25.00,12.50,100.00,100.00
2026-05-15T23:23:14.774557,12.50,14.30,100.00,100.00
2026-05-15T23:23:14.878728,14.30,0.00,100.00,100.00
2026-05-15T23:23:14.982568,25.00,14.30,100.00,100.00
2026-05-15T23:23:15.086498,0.00,16.70,100.00,100.00
2026-05-15T23:23:15.194307,44.40,28.60,100.00,100.00
2026-05-15T23:23:15.354996,75.00,76.90,100.00,100.00
2026-05-15T23:23:15.460323,50.00,42.90,42.90,100.00
2026-05-15T23:23:15.564877,50.00,50.00,42.90,100.00
2026-05-15T23:23:15.670859,57.10,50.00,57.10,100.00
2026-05-15T23:23:15.775476,50.00,50.00,42.90,100.00
2026-05-15T23:23:15.880174,37.50,42.90,42.90,100.00
2026-05-15T23:23:15.985568,40.00,42.90,50.00,100.00
2026-05-15T23:23:16.091550,55.60,42.90,42.90,100.00
2026-05-15T23:23:16.197876,55.60,55.60,42.90,100.00
2026-05-15T23:23:16.303190,50.00,33.30,42.90,100.00
2026-05-15T23:23:16.407629,50.00,55.60,57.10,100.00
2026-05-15T23:23:16.512148,42.90,42.90,28.60,100.00
2026-05-15T23:23:16.616896,55.60,33.30,42.90,100.00
2026-05-15T23:23:16.721867,33.30,42.90,50.00,100.00
2026-05-15T23:23:16.827949,33.30,37.50,33.30,100.00
2026-05-15T23:23:16.932175,55.60,55.60,50.00,100.00
2026-05-15T23:23:17.036962,33.30,20.00,57.10,100.00
2026-05-15T23:23:17.141801,57.10,42.90,33.30,100.00
2026-05-15T23:23:17.247105,33.30,42.90,42.90,100.00
2026-05-15T23:23:17.352582,50.00,42.90,50.00,100.00
2026-05-15T23:23:17.457121,55.60,50.00,40.00,100.00
2026-05-15T23:23:17.562576,33.30,33.30,37.50,100.00
2026-05-15T23:23:17.668486,55.60,50.00,57.10,100.00
2026-05-15T23:23:17.774517,50.00,50.00,42.90,100.00
2026-05-15T23:23:17.879129,50.00,50.00,42.90,100.00
2026-05-15T23:23:17.983922,42.90,28.60,42.90,100.00
2026-05-15T23:23:18.088885,50.00,57.10,50.00,100.00
2026-05-15T23:23:18.193513,50.00,33.30,33.30,100.00
2026-05-15T23:23:18.298918,50.00,37.50,50.00,100.00
2026-05-15T23:23:18.404162,50.00,42.90,50.00,100.00
2026-05-15T23:23:18.508864,33.30,42.90,33.30,100.00
2026-05-15T23:23:18.613968,62.50,33.30,50.00,100.00
2026-05-15T23:23:18.718753,33.30,33.30,55.60,100.00
2026-05-15T23:23:18.823625,50.00,50.00,33.30,100.00
2026-05-15T23:23:18.928977,50.00,33.30,55.60,100.00
2026-05-15T23:23:19.035160,42.90,42.90,20.00,100.00
2026-05-15T23:23:19.139447,42.90,42.90,42.90,100.00
2026-05-15T23:23:19.244298,42.90,55.60,42.90,100.00
2026-05-15T23:23:19.349116,42.90,28.60,55.60,100.00
2026-05-15T23:23:19.454126,55.60,42.90,33.30,100.00
2026-05-15T23:23:19.559152,42.90,42.90,50.00,100.00
2026-05-15T23:23:19.663625,33.30,42.90,42.90,100.00
2026-05-15T23:23:19.767930,50.00,37.50,33.30,100.00
2026-05-15T23:23:19.873201,55.60,33.30,42.90,100.00
2026-05-15T23:23:19.977740,42.90,50.00,50.00,100.00
2026-05-15T23:23:20.082199,50.00,33.30,33.30,100.00
2026-05-15T23:23:20.186391,28.60,37.50,37.50,100.00
2026-05-15T23:23:20.291099,14.30,22.20,12.50,100.00
2026-05-15T23:23:20.394752,22.20,0.00,0.00,100.00
2026-05-15T23:23:20.500051,25.00,14.30,14.30,100.00
2026-05-15T23:23:20.604131,14.30,25.00,0.00,100.00
2026-05-15T23:23:20.708323,22.20,0.00,14.30,100.00
2026-05-15T23:23:20.812930,14.30,25.00,22.20,100.00
2026-05-15T23:23:20.917101,12.50,0.00,0.00,100.00
2026-05-15T23:23:21.021504,14.30,14.30,14.30,100.00
2026-05-15T23:23:21.125443,14.30,12.50,0.00,100.00
2026-05-15T23:23:21.229452,12.50,25.00,14.30,100.00
2026-05-15T23:23:21.333586,33.30,0.00,14.30,100.00
2026-05-15T23:23:21.437344,25.00,0.00,12.50,100.00
2026-05-15T23:23:21.541776,12.50,22.20,0.00,100.00
2026-05-15T23:23:21.646476,33.30,0.00,0.00,100.00
2026-05-15T23:23:21.750723,25.00,12.50,12.50,100.00
2026-05-15T23:23:21.854745,25.00,14.30,25.00,100.00
2026-05-15T23:23:21.958941,12.50,12.50,0.00,100.00
2026-05-15T23:23:22.062854,25.00,14.30,14.30,100.00
2026-05-15T23:23:22.166904,25.00,0.00,12.50,100.00
2026-05-15T23:23:22.335815,40.00,42.90,41.70,100.00
2026-05-15T23:23:22.440505,28.60,14.30,100.00,100.00
2026-05-15T23:23:22.544478,14.30,0.00,100.00,100.00
2026-05-15T23:23:22.649937,25.00,33.30,100.00,100.00
2026-05-15T23:23:22.754377,16.70,33.30,100.00,100.00
2026-05-15T23:23:22.859159,28.60,28.60,100.00,100.00
2026-05-15T23:23:22.964429,44.40,16.70,100.00,100.00
2026-05-15T23:23:23.069248,28.60,16.70,100.00,100.00
2026-05-15T23:23:23.173870,14.30,16.70,100.00,100.00
2026-05-15T23:23:23.279518,14.30,16.70,100.00,100.00
2026-05-15T23:23:23.384154,28.60,44.40,100.00,100.00
2026-05-15T23:23:23.488707,16.70,16.70,100.00,100.00
2026-05-15T23:23:23.593176,28.60,28.60,100.00,100.00
2026-05-15T23:23:23.697847,28.60,33.30,100.00,100.00
2026-05-15T23:23:23.802401,0.00,28.60,100.00,100.00
2026-05-15T23:23:23.906904,37.50,14.30,100.00,100.00
2026-05-15T23:23:24.011942,14.30,33.30,100.00,100.00
2026-05-15T23:23:24.116680,14.30,0.00,100.00,100.00
2026-05-15T23:23:24.221633,28.60,37.50,100.00,100.00
2026-05-15T23:23:24.326300,25.00,0.00,100.00,100.00
2026-05-15T23:23:24.431332,14.30,25.00,100.00,100.00
2026-05-15T23:23:24.535860,14.30,16.70,100.00,100.00
2026-05-15T23:23:24.640743,28.60,42.90,100.00,100.00
2026-05-15T23:23:24.745703,14.30,25.00,100.00,100.00
2026-05-15T23:23:24.851342,37.50,16.70,100.00,100.00
2026-05-15T23:23:24.956126,14.30,28.60,100.00,100.00
2026-05-15T23:23:25.060419,28.60,33.30,100.00,100.00
2026-05-15T23:23:25.165279,16.70,28.60,100.00,100.00
2026-05-15T23:23:25.272582,37.50,42.90,100.00,100.00
2026-05-15T23:23:25.377598,20.00,33.30,100.00,100.00
2026-05-15T23:23:25.483628,42.90,33.30,100.00,100.00
2026-05-15T23:23:25.588811,33.30,42.90,100.00,100.00
2026-05-15T23:23:25.694613,33.30,42.90,100.00,100.00
2026-05-15T23:23:25.799748,28.60,37.50,100.00,100.00
2026-05-15T23:23:25.905139,37.50,0.00,100.00,100.00
2026-05-15T23:23:26.009801,28.60,42.90,100.00,100.00
2026-05-15T23:23:26.114041,28.60,20.00,100.00,100.00
2026-05-15T23:23:26.218539,16.70,37.50,100.00,100.00
2026-05-15T23:23:26.322899,37.50,20.00,100.00,100.00
2026-05-15T23:23:26.427610,42.90,37.50,100.00,100.00
2026-05-15T23:23:26.531609,28.60,33.30,100.00,100.00
2026-05-15T23:23:26.635708,28.60,28.60,100.00,100.00
2026-05-15T23:23:26.739790,28.60,20.00,100.00,100.00
2026-05-15T23:23:26.844910,33.30,28.60,100.00,100.00
2026-05-15T23:23:26.949298,44.40,20.00,100.00,100.00
2026-05-15T23:23:27.053348,16.70,42.90,100.00,100.00
2026-05-15T23:23:27.158860,16.70,28.60,100.00,100.00
2026-05-15T23:23:27.264652,44.40,33.30,100.00,100.00
2026-05-15T23:23:27.371506,33.30,42.90,100.00,100.00
2026-05-15T23:23:27.475863,44.40,42.90,100.00,100.00
2026-05-15T23:23:27.580370,28.60,16.70,100.00,100.00
2026-05-15T23:23:27.684688,33.30,33.30,100.00,100.00
2026-05-15T23:23:27.788563,28.60,16.70,100.00,100.00
2026-05-15T23:23:27.892960,28.60,33.30,100.00,100.00
2026-05-15T23:23:27.997928,44.40,28.60,100.00,100.00
2026-05-15T23:23:28.102881,28.60,28.60,100.00,100.00
2026-05-15T23:23:28.207496,37.50,33.30,100.00,100.00
2026-05-15T23:23:28.311707,37.50,33.30,100.00,100.00
2026-05-15T23:23:28.416134,33.30,28.60,100.00,100.00
2026-05-15T23:23:28.520620,28.60,20.00,100.00,100.00
2026-05-15T23:23:28.625434,28.60,37.50,100.00,100.00
2026-05-15T23:23:28.729961,37.50,42.90,100.00,100.00
2026-05-15T23:23:28.835043,20.00,28.60,100.00,100.00
2026-05-15T23:23:28.939978,28.60,42.90,100.00,100.00
2026-05-15T23:23:29.044323,28.60,16.70,100.00,100.00
2026-05-15T23:23:29.148606,37.50,28.60,100.00,100.00
2026-05-15T23:23:29.252593,28.60,42.90,100.00,100.00
2026-05-15T23:23:29.356650,28.60,20.00,100.00,100.00
2026-05-15T23:23:29.460905,37.50,16.70,100.00,100.00
2026-05-15T23:23:29.565298,20.00,20.00,100.00,100.00
2026-05-15T23:23:29.669567,28.60,28.60,100.00,100.00
2026-05-15T23:23:29.773379,37.50,42.90,100.00,100.00
2026-05-15T23:23:29.878267,37.50,16.70,100.00,100.00
2026-05-15T23:23:29.982656,28.60,42.90,100.00,100.00
2026-05-15T23:23:30.087708,28.60,28.60,100.00,100.00
2026-05-15T23:23:30.192111,28.60,28.60,100.00,100.00
2026-05-15T23:23:30.296078,12.50,14.30,100.00,100.00
2026-05-15T23:23:30.400266,14.30,25.00,100.00,100.00
2026-05-15T23:23:30.504101,14.30,14.30,100.00,100.00
2026-05-15T23:23:30.607967,25.00,14.30,100.00,100.00
2026-05-15T23:23:30.712331,12.50,16.70,100.00,100.00
2026-05-15T23:23:30.816963,25.00,14.30,100.00,100.00
2026-05-15T23:23:30.921150,14.30,25.00,100.00,100.00
2026-05-15T23:23:31.024909,33.30,0.00,100.00,100.00
2026-05-15T23:23:31.129824,14.30,25.00,100.00,100.00
2026-05-15T23:23:31.233885,14.30,0.00,100.00,100.00
2026-05-15T23:23:31.338115,28.60,14.30,100.00,100.00
2026-05-15T23:23:31.441818,33.30,16.70,100.00,100.00
2026-05-15T23:23:31.547473,14.30,28.60,100.00,100.00
2026-05-15T23:23:31.651656,33.30,0.00,100.00,100.00
2026-05-15T23:23:31.755776,14.30,0.00,100.00,100.00
2026-05-15T23:23:31.860111,14.30,14.30,100.00,100.00
2026-05-15T23:23:31.964214,0.00,14.30,100.00,100.00
2026-05-15T23:23:32.069132,25.00,14.30,100.00,100.00
2026-05-15T23:23:32.174110,14.30,28.60,100.00,100.00
2026-05-15T23:23:32.279090,25.00,25.00,100.00,100.00
2026-05-15T23:23:32.383557,25.00,0.00,100.00,100.00
2026-05-15T23:23:32.487991,14.30,14.30,100.00,100.00
2026-05-15T23:23:32.592317,25.00,14.30,100.00,100.00
2026-05-15T23:23:32.697356,14.30,14.30,100.00,100.00
2026-05-15T23:23:32.801898,25.00,16.70,100.00,100.00
2026-05-15T23:23:32.906335,25.00,25.00,100.00,100.00
2026-05-15T23:23:33.011827,25.00,0.00,100.00,100.00
2026-05-15T23:23:33.116138,14.30,14.30,100.00,100.00
2026-05-15T23:23:33.220449,14.30,14.30,100.00,100.00
2026-05-15T23:23:33.324679,25.00,25.00,100.00,100.00
2026-05-15T23:23:33.428926,25.00,0.00,100.00,100.00
2026-05-15T23:23:33.532866,22.20,14.30,100.00,100.00
2026-05-15T23:23:33.637606,0.00,14.30,100.00,100.00
2026-05-15T23:23:33.741919,28.60,50.00,100.00,100.00
2026-05-15T23:23:33.846899,14.30,0.00,100.00,100.00
2026-05-15T23:23:33.951319,0.00,25.00,100.00,100.00
2026-05-15T23:23:34.055816,33.30,14.30,100.00,100.00
2026-05-15T23:23:34.159891,14.30,16.70,100.00,100.00
2026-05-15T23:23:34.263735,25.00,16.70,100.00,100.00
2026-05-15T23:23:34.368953,14.30,0.00,100.00,100.00
2026-05-15T23:23:34.473208,0.00,0.00,100.00,100.00
2026-05-15T23:23:34.577488,14.30,25.00,100.00,100.00
2026-05-15T23:23:34.682250,33.30,14.30,100.00,100.00
2026-05-15T23:23:34.785787,0.00,0.00,100.00,100.00
2026-05-15T23:23:34.889951,22.20,25.00,100.00,100.00
2026-05-15T23:23:34.994158,25.00,0.00,100.00,100.00
2026-05-15T23:23:35.098509,14.30,28.60,100.00,100.00
2026-05-15T23:23:35.202562,22.20,0.00,100.00,100.00
2026-05-15T23:23:35.306615,22.20,12.50,100.00,100.00
2026-05-15T23:23:35.410345,20.00,12.50,100.00,100.00
2026-05-15T23:23:35.514411,20.00,0.00,100.00,100.00
2026-05-15T23:23:35.617920,12.50,12.50,100.00,100.00
2026-05-15T23:23:35.721668,20.00,0.00,100.00,100.00
2026-05-15T23:23:35.825307,20.00,20.00,100.00,100.00
2026-05-15T23:23:35.929447,11.10,0.00,100.00,100.00
2026-05-15T23:23:36.033629,0.00,0.00,100.00,100.00
2026-05-15T23:23:36.137243,12.50,0.00,100.00,100.00
2026-05-15T23:23:36.241104,20.00,0.00,100.00,100.00
2026-05-15T23:23:36.344709,0.00,11.10,100.00,100.00
2026-05-15T23:23:36.448205,27.30,12.50,100.00,100.00
2026-05-15T23:23:36.551561,11.10,0.00,100.00,100.00
2026-05-15T23:23:36.654977,11.10,11.10,100.00,100.00
2026-05-15T23:23:36.758630,22.20,12.50,100.00,100.00
2026-05-15T23:23:36.863040,11.10,11.10,100.00,100.00
2026-05-15T23:23:36.966497,11.10,0.00,100.00,100.00
2026-05-15T23:23:37.069963,22.20,12.50,100.00,100.00
2026-05-15T23:23:37.174191,20.00,0.00,100.00,100.00
2026-05-15T23:23:37.278093,11.10,11.10,100.00,100.00
2026-05-15T23:23:37.381571,22.20,0.00,100.00,100.00
2026-05-15T23:23:37.485158,11.10,0.00,100.00,100.00
2026-05-15T23:23:37.589095,11.10,12.50,100.00,100.00
2026-05-15T23:23:37.692747,20.00,0.00,100.00,100.00
2026-05-15T23:23:37.796701,12.50,0.00,100.00,100.00
2026-05-15T23:23:37.900906,11.10,12.50,100.00,100.00
2026-05-15T23:23:38.005255,27.30,0.00,100.00,100.00
2026-05-15T23:23:38.109174,11.10,11.10,100.00,100.00
2026-05-15T23:23:38.213820,0.00,0.00,100.00,100.00
2026-05-15T23:23:38.317591,20.00,11.10,100.00,100.00
2026-05-15T23:23:38.422273,11.10,12.50,100.00,100.00
2026-05-15T23:23:38.526666,11.10,0.00,100.00,100.00
2026-05-15T23:23:38.630478,12.50,0.00,100.00,100.00
2026-05-15T23:23:38.734809,11.10,0.00,100.00,100.00
2026-05-15T23:23:38.838551,27.30,12.50,100.00,100.00
2026-05-15T23:23:38.942195,11.10,20.00,100.00,100.00
2026-05-15T23:23:39.046017,11.10,0.00,100.00,100.00
2026-05-15T23:23:39.149972,12.50,0.00,100.00,100.00
2026-05-15T23:23:39.253848,11.10,0.00,100.00,100.00
2026-05-15T23:23:39.357609,11.10,11.10,100.00,100.00
2026-05-15T23:23:39.461466,11.10,0.00,100.00,100.00
2026-05-15T23:23:39.565124,11.10,20.00,100.00,100.00
2026-05-15T23:23:39.668859,27.30,0.00,100.00,100.00
2026-05-15T23:23:39.772523,11.10,11.10,100.00,100.00
2026-05-15T23:23:39.876254,11.10,0.00,100.00,100.00
2026-05-15T23:23:39.979900,11.10,0.00,100.00,100.00
2026-05-15T23:23:40.084820,30.00,22.20,100.00,100.00
2026-05-15T23:23:40.192663,37.50,33.30,100.00,100.00
2026-05-15T23:23:40.385661,88.20,88.20,94.70,100.00
2026-05-15T23:23:40.490627,33.30,42.90,50.00,25.00
2026-05-15T23:23:40.595968,50.00,42.90,42.90,22.20
2026-05-15T23:23:40.701254,42.90,50.00,50.00,12.50
2026-05-15T23:23:40.807161,42.90,50.00,50.00,22.20
2026-05-15T23:23:40.912241,57.10,33.30,42.90,22.20
2026-05-15T23:23:41.016686,50.00,50.00,33.30,22.20
2026-05-15T23:23:41.121711,42.90,42.90,50.00,22.20
2026-05-15T23:23:41.226873,50.00,50.00,62.50,12.50
2026-05-15T23:23:41.332540,42.90,50.00,42.90,30.00
2026-05-15T23:23:41.437177,50.00,42.90,50.00,12.50
2026-05-15T23:23:41.542793,33.30,55.60,42.90,12.50
2026-05-15T23:23:41.647902,50.00,42.90,50.00,20.00
2026-05-15T23:23:41.752676,33.30,42.90,50.00,12.50
2026-05-15T23:23:41.858551,42.90,42.90,50.00,30.00
2026-05-15T23:23:41.963416,50.00,33.30,33.30,12.50
2026-05-15T23:23:42.069109,42.90,50.00,50.00,22.20
2026-05-15T23:23:42.175785,57.10,42.90,50.00,22.20
2026-05-15T23:23:42.280911,42.90,42.90,42.90,20.00
2026-05-15T23:23:42.386601,50.00,42.90,33.30,12.50
2026-05-15T23:23:42.491619,33.30,42.90,50.00,22.20
2026-05-15T23:23:42.596668,50.00,55.60,50.00,25.00
2026-05-15T23:23:42.701347,55.60,50.00,50.00,12.50
2026-05-15T23:23:42.806547,50.00,50.00,42.90,22.20
2026-05-15T23:23:42.911965,57.10,50.00,50.00,12.50
2026-05-15T23:23:43.017674,42.90,50.00,50.00,20.00
2026-05-15T23:23:43.122959,50.00,42.90,42.90,30.00
2026-05-15T23:23:43.227650,50.00,42.90,62.50,25.00
2026-05-15T23:23:43.332526,60.00,42.90,50.00,12.50
2026-05-15T23:23:43.437167,42.90,66.70,33.30,22.20
2026-05-15T23:23:43.541714,50.00,28.60,42.90,22.20
2026-05-15T23:23:43.646349,33.30,42.90,33.30,12.50
2026-05-15T23:23:43.750869,50.00,62.50,50.00,36.40
2026-05-15T23:23:43.856708,55.60,33.30,42.90,12.50
2026-05-15T23:23:43.960904,42.90,37.50,42.90,22.20
2026-05-15T23:23:44.064949,42.90,50.00,50.00,22.20
2026-05-15T23:23:44.170167,42.90,50.00,50.00,22.20
2026-05-15T23:23:44.274469,42.90,37.50,33.30,12.50
2026-05-15T23:23:44.379679,42.90,42.90,50.00,22.20
2026-05-15T23:23:44.484264,42.90,33.30,42.90,12.50
2026-05-15T23:23:44.590186,42.90,55.60,42.90,11.10
2026-05-15T23:23:44.696128,50.00,50.00,42.90,30.00
2026-05-15T23:23:44.801043,42.90,42.90,57.10,12.50
2026-05-15T23:23:44.907184,42.90,50.00,42.90,30.00
2026-05-15T23:23:45.012246,42.90,33.30,50.00,12.50
2026-05-15T23:23:45.117403,57.10,62.50,42.90,22.20
2026-05-15T23:23:45.222707,16.70,28.60,28.60,12.50
2026-05-15T23:23:45.327679,28.60,28.60,16.70,22.20
2026-05-15T23:23:45.432604,37.50,25.00,28.60,11.10
2026-05-15T23:23:45.536674,14.30,0.00,25.00,12.50
2026-05-15T23:23:45.641900,28.60,33.30,37.50,20.00
2026-05-15T23:23:45.746529,28.60,16.70,16.70,22.20
2026-05-15T23:23:45.850495,28.60,16.70,16.70,11.10
2026-05-15T23:23:45.955740,28.60,25.00,16.70,12.50
2026-05-15T23:23:46.060085,28.60,28.60,16.70,27.30
2026-05-15T23:23:46.164132,14.30,16.70,33.30,12.50
2026-05-15T23:23:46.268362,28.60,25.00,16.70,11.10
2026-05-15T23:23:46.374439,28.60,16.70,28.60,22.20
2026-05-15T23:23:46.478700,28.60,0.00,28.60,11.10
2026-05-15T23:23:46.583132,16.70,25.00,28.60,22.20
2026-05-15T23:23:46.687521,28.60,37.50,16.70,11.10
2026-05-15T23:23:46.791935,25.00,16.70,28.60,12.50
2026-05-15T23:23:46.897281,37.50,28.60,28.60,30.00
2026-05-15T23:23:47.002846,33.30,28.60,25.00,11.10
2026-05-15T23:23:47.106991,37.50,28.60,33.30,22.20
2026-05-15T23:23:47.211452,25.00,14.30,14.30,12.50
2026-05-15T23:23:47.315924,16.70,16.70,28.60,11.10
2026-05-15T23:23:47.421733,16.70,28.60,37.50,22.20
2026-05-15T23:23:47.525920,28.60,25.00,0.00,27.30
2026-05-15T23:23:47.629943,0.00,0.00,25.00,12.50
2026-05-15T23:23:47.733905,37.50,25.00,16.70,11.10
2026-05-15T23:23:47.838206,28.60,37.50,16.70,22.20
2026-05-15T23:23:47.942549,0.00,0.00,16.70,20.00
2026-05-15T23:23:48.046810,28.60,25.00,25.00,12.50
2026-05-15T23:23:48.152094,16.70,16.70,37.50,27.30
2026-05-15T23:23:48.256438,28.60,16.70,28.60,12.50
2026-05-15T23:23:48.360602,14.30,25.00,28.60,11.10
2026-05-15T23:23:48.465581,28.60,0.00,14.30,22.20
2026-05-15T23:23:48.570887,28.60,28.60,28.60,20.00
2026-05-15T23:23:48.675665,16.70,14.30,16.70,12.50
2026-05-15T23:23:48.781718,37.50,28.60,28.60,11.10
2026-05-15T23:23:48.886716,16.70,28.60,28.60,27.30
2026-05-15T23:23:48.991780,37.50,28.60,25.00,12.50
2026-05-15T23:23:49.096530,28.60,33.30,28.60,12.50
2026-05-15T23:23:49.200929,28.60,0.00,0.00,20.00
2026-05-15T23:23:49.305376,16.70,37.50,44.40,22.20
2026-05-15T23:23:49.409413,37.50,28.60,16.70,20.00
2026-05-15T23:23:49.513489,16.70,14.30,28.60,12.50
2026-05-15T23:23:49.617936,28.60,28.60,0.00,11.10
2026-05-15T23:23:49.722722,28.60,37.50,25.00,12.50
2026-05-15T23:23:49.827289,25.00,28.60,28.60,20.00
2026-05-15T23:23:49.931818,28.60,14.30,16.70,22.20
2026-05-15T23:23:50.036660,16.70,16.70,25.00,11.10
2026-05-15T23:23:50.140809,28.60,16.70,28.60,12.50
2026-05-15T23:23:50.245094,33.30,50.00,57.10,22.20
2026-05-15T23:23:50.350396,57.10,50.00,50.00,22.20
2026-05-15T23:23:50.456932,55.60,62.50,62.50,22.20
2026-05-15T23:23:50.561825,50.00,42.90,50.00,12.50
2026-05-15T23:23:50.666944,42.90,62.50,50.00,36.40
2026-05-15T23:23:50.771963,57.10,50.00,50.00,22.20
2026-05-15T23:23:50.877308,57.10,66.70,57.10,12.50
2026-05-15T23:23:50.982344,42.90,42.90,42.90,25.00
2026-05-15T23:23:51.089110,57.10,57.10,57.10,30.00
2026-05-15T23:23:51.194586,42.90,57.10,62.50,12.50
2026-05-15T23:23:51.300726,57.10,33.30,42.90,30.00
2026-05-15T23:23:51.406458,50.00,62.50,42.90,12.50
2026-05-15T23:23:51.511515,57.10,42.90,57.10,25.00
2026-05-15T23:23:51.617199,50.00,62.50,50.00,22.20
2026-05-15T23:23:51.722537,57.10,57.10,57.10,12.50
2026-05-15T23:23:51.827265,62.50,57.10,66.70,36.40
2026-05-15T23:23:51.932026,50.00,50.00,50.00,12.50
2026-05-15T23:23:52.036529,60.00,57.10,57.10,22.20
2026-05-15T23:23:52.141474,50.00,50.00,42.90,22.20
2026-05-15T23:23:52.246518,50.00,62.50,57.10,25.00
2026-05-15T23:23:52.351515,57.10,42.90,42.90,12.50
2026-05-15T23:23:52.456443,62.50,57.10,57.10,22.20
2026-05-15T23:23:52.561179,42.90,50.00,42.90,22.20
2026-05-15T23:23:52.666465,62.50,62.50,55.60,12.50
2026-05-15T23:23:52.771614,42.90,42.90,50.00,30.00
2026-05-15T23:23:52.877247,62.50,50.00,50.00,12.50
2026-05-15T23:23:52.982350,42.90,50.00,50.00,22.20
2026-05-15T23:23:53.088927,66.70,55.60,50.00,22.20
2026-05-15T23:23:53.194756,50.00,57.10,57.10,22.20
2026-05-15T23:23:53.299600,62.50,42.90,42.90,25.00
2026-05-15T23:23:53.404125,40.00,42.90,57.10,22.20
2026-05-15T23:23:53.509415,60.00,66.70,50.00,12.50
2026-05-15T23:23:53.614147,42.90,66.70,50.00,22.20
2026-05-15T23:23:53.719440,75.00,71.40,62.50,33.30
2026-05-15T23:23:53.824256,50.00,50.00,42.90,30.00
2026-05-15T23:23:53.929411,57.10,62.50,62.50,22.20
2026-05-15T23:23:54.034819,57.10,57.10,42.90,22.20
2026-05-15T23:23:54.139373,60.00,57.10,62.50,25.00
2026-05-15T23:23:54.244954,50.00,66.70,62.50,12.50
2026-05-15T23:23:54.349557,57.10,42.90,50.00,30.00
2026-05-15T23:23:54.455242,50.00,66.70,55.60,12.50
2026-05-15T23:23:54.560202,57.10,57.10,57.10,12.50
2026-05-15T23:23:54.665706,50.00,42.90,50.00,22.20
2026-05-15T23:23:54.770636,57.10,57.10,57.10,14.30
2026-05-15T23:23:54.875462,50.00,50.00,62.50,11.10
2026-05-15T23:23:54.980465,55.60,57.10,33.30,22.20
2026-05-15T23:23:55.085715,57.10,50.00,66.70,33.30
2026-05-15T23:23:55.191683,57.10,62.50,50.00,22.20
2026-05-15T23:23:55.296825,77.80,77.80,75.00,22.20
2026-05-15T23:23:55.401680,75.00,77.80,66.70,33.30
2026-05-15T23:23:55.507358,57.10,62.50,71.40,12.50
2026-05-15T23:23:55.612484,71.40,66.70,70.00,30.00
2026-05-15T23:23:55.717871,66.70,75.00,66.70,14.30
2026-05-15T23:23:55.823086,75.00,71.40,80.00,30.00
2026-05-15T23:23:55.928568,75.00,75.00,71.40,12.50
2026-05-15T23:23:56.034712,77.80,77.80,71.40,25.00
2026-05-15T23:23:56.146881,80.00,80.00,81.80,40.00
2026-05-15T23:23:56.252738,80.00,87.50,75.00,33.30
2026-05-15T23:23:56.357960,71.40,70.00,66.70,22.20
2026-05-15T23:23:56.463621,66.70,77.80,75.00,25.00
2026-05-15T23:23:56.568843,71.40,57.10,71.40,12.50
2026-05-15T23:23:56.675494,80.00,87.50,77.80,40.00
2026-05-15T23:23:56.781499,77.80,77.80,80.00,14.30
2026-05-15T23:23:56.886872,71.40,75.00,66.70,22.20
2026-05-15T23:23:56.991883,75.00,77.80,83.30,14.30
2026-05-15T23:23:57.098667,75.00,77.80,77.80,40.00
2026-05-15T23:23:57.203941,77.80,77.80,72.70,40.00
2026-05-15T23:23:57.309875,77.80,77.80,75.00,22.20
2026-05-15T23:23:57.415228,75.00,71.40,75.00,25.00
2026-05-15T23:23:57.520492,62.50,66.70,57.10,22.20
2026-05-15T23:23:57.627953,80.00,87.50,75.00,25.00
2026-05-15T23:23:57.733970,88.90,77.80,81.80,33.30
2026-05-15T23:23:57.841503,75.00,75.00,85.70,12.50
2026-05-15T23:23:57.947123,77.80,75.00,80.00,25.00
2026-05-15T23:23:58.053438,77.80,77.80,75.00,22.20
2026-05-15T23:23:58.159095,75.00,77.80,77.80,25.00
2026-05-15T23:23:58.265232,77.80,80.00,80.00,22.20
2026-05-15T23:23:58.370578,77.80,75.00,75.00,25.00
2026-05-15T23:23:58.475960,77.80,80.00,77.80,40.00
2026-05-15T23:23:58.581954,66.70,75.00,71.40,14.30
2026-05-15T23:23:58.688396,80.00,77.80,80.00,22.20
2026-05-15T23:23:58.797188,80.00,88.90,75.00,33.30
2026-05-15T23:23:58.902661,83.30,80.00,80.00,14.30
2026-05-15T23:23:59.008858,77.80,87.50,75.00,22.20
2026-05-15T23:23:59.114577,75.00,77.80,87.50,25.00
2026-05-15T23:23:59.220669,77.80,80.00,80.00,33.30
2026-05-15T23:23:59.326845,80.00,87.50,77.80,25.00
2026-05-15T23:23:59.433001,80.00,77.80,75.00,33.30
2026-05-15T23:23:59.538599,75.00,77.80,75.00,25.00
2026-05-15T23:23:59.643985,77.80,75.00,70.00,22.20
2026-05-15T23:23:59.749243,75.00,77.80,77.80,33.30
2026-05-15T23:23:59.854750,77.80,75.00,75.00,22.20
2026-05-15T23:23:59.959734,70.00,77.80,71.40,14.30
2026-05-15T23:24:00.066309,71.40,77.80,75.00,22.20
2026-05-15T23:24:00.170464,71.40,75.00,70.00,33.30
2026-05-15T23:24:00.275530,33.30,50.00,42.90,22.20
2026-05-15T23:24:00.381082,50.00,33.30,50.00,12.50
2026-05-15T23:24:00.485717,42.90,50.00,42.90,12.50
2026-05-15T23:24:00.590916,50.00,50.00,50.00,30.00
2026-05-15T23:24:00.695753,50.00,42.90,42.90,12.50
2026-05-15T23:24:00.800256,50.00,42.90,50.00,25.00
2026-05-15T23:24:00.906076,50.00,62.50,50.00,20.00
2026-05-15T23:24:01.011189,40.00,42.90,50.00,14.30
2026-05-15T23:24:01.116191,55.60,50.00,55.60,22.20
2026-05-15T23:24:01.220581,42.90,42.90,33.30,30.00
2026-05-15T23:24:01.325259,60.00,50.00,66.70,22.20
2026-05-15T23:24:01.430135,33.30,42.90,33.30,12.50
2026-05-15T23:24:01.534462,42.90,50.00,42.90,22.20
2026-05-15T23:24:01.639207,50.00,33.30,42.90,30.00
2026-05-15T23:24:01.744446,42.90,50.00,37.50,12.50
2026-05-15T23:24:01.850277,50.00,42.90,57.10,22.20
2026-05-15T23:24:01.954918,50.00,50.00,50.00,12.50
2026-05-15T23:24:02.059680,50.00,50.00,42.90,22.20
2026-05-15T23:24:02.164476,50.00,42.90,50.00,22.20
2026-05-15T23:24:02.269490,50.00,42.90,50.00,22.20
2026-05-15T23:24:02.374529,50.00,55.60,33.30,22.20
2026-05-15T23:24:02.479348,42.90,57.10,33.30,22.20
2026-05-15T23:24:02.584214,50.00,28.60,50.00,22.20
2026-05-15T23:24:02.688818,40.00,50.00,55.60,12.50
2026-05-15T23:24:02.793604,55.60,50.00,42.90,22.20
2026-05-15T23:24:02.899407,33.30,33.30,33.30,22.20
2026-05-15T23:24:03.004323,42.90,50.00,50.00,22.20
2026-05-15T23:24:03.109192,42.90,42.90,44.40,11.10
2026-05-15T23:24:03.213855,50.00,42.90,50.00,22.20
2026-05-15T23:24:03.318453,50.00,50.00,50.00,12.50
2026-05-15T23:24:03.423360,42.90,33.30,50.00,22.20
2026-05-15T23:24:03.529103,42.90,57.10,50.00,12.50
2026-05-15T23:24:03.634475,57.10,50.00,62.50,30.00
2026-05-15T23:24:03.739983,50.00,62.50,42.90,33.30
2026-05-15T23:24:03.845098,42.90,42.90,50.00,12.50
2026-05-15T23:24:03.949601,50.00,50.00,50.00,12.50
2026-05-15T23:24:04.054114,42.90,50.00,42.90,20.00
2026-05-15T23:24:04.159932,55.60,50.00,50.00,22.20
2026-05-15T23:24:04.265957,42.90,42.90,57.10,25.00
2026-05-15T23:24:04.371515,62.50,62.50,50.00,22.20
2026-05-15T23:24:04.476965,50.00,42.90,42.90,22.20
2026-05-15T23:24:04.582340,33.30,50.00,50.00,22.20
2026-05-15T23:24:04.687407,55.60,42.90,50.00,22.20
2026-05-15T23:24:04.792117,42.90,50.00,33.30,12.50
2026-05-15T23:24:04.898552,42.90,33.30,55.60,12.50
2026-05-15T23:24:05.003638,62.50,55.60,42.90,30.00
2026-05-15T23:24:05.109166,50.00,57.10,60.00,22.20
2026-05-15T23:24:05.213539,16.70,25.00,0.00,11.10
2026-05-15T23:24:05.341513,20.00,11.10,11.10,25.00
2026-05-15T23:24:05.445411,14.30,12.50,12.50,100.00
2026-05-15T23:24:05.549133,12.50,0.00,12.50,100.00
2026-05-15T23:24:05.653722,12.50,12.50,0.00,100.00
2026-05-15T23:24:05.758511,25.00,0.00,0.00,100.00
2026-05-15T23:24:05.863301,30.00,25.00,0.00,100.00
2026-05-15T23:24:05.967642,0.00,0.00,22.20,100.00
2026-05-15T23:24:06.071843,12.50,0.00,0.00,100.00
2026-05-15T23:24:06.176715,22.20,12.50,14.30,100.00
2026-05-15T23:24:06.280695,0.00,0.00,0.00,100.00
2026-05-15T23:24:06.384648,14.30,14.30,0.00,100.00
2026-05-15T23:24:06.488916,14.30,12.50,0.00,100.00
2026-05-15T23:24:06.593203,30.00,0.00,0.00,100.00
2026-05-15T23:24:06.697813,22.20,0.00,0.00,100.00
2026-05-15T23:24:06.802162,14.30,0.00,12.50,100.00
2026-05-15T23:24:06.905932,22.20,22.20,12.50,100.00
2026-05-15T23:24:07.009773,22.20,0.00,14.30,100.00
2026-05-15T23:24:07.113567,14.30,25.00,0.00,100.00
2026-05-15T23:24:07.218120,12.50,12.50,12.50,100.00
2026-05-15T23:24:07.391078,42.90,25.00,50.00,100.00
2026-05-15T23:24:07.495352,14.30,28.60,100.00,100.00
2026-05-15T23:24:07.601281,25.00,0.00,100.00,100.00
2026-05-15T23:24:07.706661,16.70,16.70,100.00,100.00
2026-05-15T23:24:07.811155,33.30,16.70,100.00,100.00
2026-05-15T23:24:07.915981,14.30,25.00,100.00,100.00
2026-05-15T23:24:08.019876,25.00,16.70,100.00,100.00
2026-05-15T23:24:08.124943,33.30,25.00,100.00,100.00
2026-05-15T23:24:08.228593,14.30,16.70,100.00,100.00
2026-05-15T23:24:08.332745,14.30,0.00,100.00,100.00
2026-05-15T23:24:08.437194,22.20,33.30,100.00,100.00
2026-05-15T23:24:08.541131,33.30,0.00,100.00,100.00
2026-05-15T23:24:08.646413,16.70,28.60,100.00,100.00
2026-05-15T23:24:08.751252,12.50,25.00,100.00,100.00
2026-05-15T23:24:08.855734,14.30,0.00,100.00,100.00
2026-05-15T23:24:08.960807,25.00,0.00,100.00,100.00
2026-05-15T23:24:09.064802,14.30,25.00,100.00,100.00
2026-05-15T23:24:09.168756,12.50,14.30,100.00,100.00
2026-05-15T23:24:09.272522,25.00,0.00,100.00,100.00
2026-05-15T23:24:09.376574,14.30,25.00,100.00,100.00
2026-05-15T23:24:09.481250,25.00,0.00,100.00,100.00
2026-05-15T23:24:09.585993,25.00,25.00,100.00,100.00
2026-05-15T23:24:09.690251,14.30,0.00,100.00,100.00
2026-05-15T23:24:09.794629,12.50,0.00,100.00,100.00
2026-05-15T23:24:09.899038,25.00,33.30,100.00,100.00
2026-05-15T23:24:10.003638,14.30,16.70,100.00,100.00
2026-05-15T23:24:10.107648,25.00,14.30,100.00,100.00
2026-05-15T23:24:10.211198,0.00,12.50,100.00,100.00
2026-05-15T23:24:10.314716,20.00,0.00,100.00,100.00
2026-05-15T23:24:10.417996,11.10,0.00,100.00,100.00
2026-05-15T23:24:10.521476,10.00,0.00,100.00,100.00
2026-05-15T23:24:10.624666,11.10,0.00,100.00,100.00
2026-05-15T23:24:10.728473,0.00,12.50,100.00,100.00
2026-05-15T23:24:10.832459,18.20,11.10,100.00,100.00
2026-05-15T23:24:10.936065,11.10,0.00,100.00,100.00
2026-05-15T23:24:11.039560,11.10,0.00,100.00,100.00
2026-05-15T23:24:11.143333,20.00,0.00,100.00,100.00
2026-05-15T23:24:11.246636,22.20,20.00,100.00,100.00
2026-05-15T23:24:11.350888,18.20,0.00,100.00,100.00
2026-05-15T23:24:11.454666,11.10,0.00,100.00,100.00
2026-05-15T23:24:11.558982,11.10,12.50,100.00,100.00
2026-05-15T23:24:11.663192,20.00,0.00,100.00,100.00
2026-05-15T23:24:11.767398,11.10,0.00,100.00,100.00
2026-05-15T23:24:11.870798,11.10,11.10,100.00,100.00
2026-05-15T23:24:11.974666,11.10,20.00,100.00,100.00
2026-05-15T23:24:12.078259,11.10,0.00,100.00,100.00
2026-05-15T23:24:12.182086,20.00,0.00,100.00,100.00
2026-05-15T23:24:12.285358,10.00,0.00,100.00,100.00
2026-05-15T23:24:12.388949,20.00,0.00,100.00,100.00
2026-05-15T23:24:12.492577,0.00,10.00,100.00,100.00
2026-05-15T23:24:12.595998,20.00,0.00,100.00,100.00
2026-05-15T23:24:12.699705,11.10,10.00,100.00,100.00
2026-05-15T23:24:12.803393,10.00,0.00,100.00,100.00
2026-05-15T23:24:12.906637,20.00,0.00,100.00,100.00
2026-05-15T23:24:13.009865,20.00,0.00,100.00,100.00
2026-05-15T23:24:13.113127,20.00,0.00,100.00,100.00
2026-05-15T23:24:13.216637,10.00,11.10,100.00,100.00
2026-05-15T23:24:13.320264,11.10,11.10,100.00,100.00
2026-05-15T23:24:13.423804,0.00,0.00,100.00,100.00
2026-05-15T23:24:13.527399,10.00,11.10,100.00,100.00
2026-05-15T23:24:13.630829,20.00,0.00,100.00,100.00
2026-05-15T23:24:13.734702,11.10,0.00,100.00,100.00
2026-05-15T23:24:13.838095,27.30,11.10,100.00,100.00
2026-05-15T23:24:13.941419,20.00,0.00,100.00,100.00
2026-05-15T23:24:14.044691,11.10,11.10,100.00,100.00
2026-05-15T23:24:14.148242,10.00,0.00,100.00,100.00
2026-05-15T23:24:14.251720,11.10,0.00,100.00,100.00
2026-05-15T23:24:14.355127,27.30,11.10,100.00,100.00
2026-05-15T23:24:14.458654,10.00,11.10,100.00,100.00
2026-05-15T23:24:14.562222,11.10,0.00,100.00,100.00
2026-05-15T23:24:14.665787,11.10,0.00,100.00,100.00
2026-05-15T23:24:14.769258,27.30,0.00,100.00,100.00
2026-05-15T23:24:14.872810,10.00,0.00,100.00,100.00
2026-05-15T23:24:14.976429,27.30,0.00,100.00,100.00
2026-05-15T23:24:15.079974,11.10,11.10,100.00,100.00
2026-05-15T23:24:15.185468,22.20,25.00,100.00,100.00
2026-05-15T23:24:15.290418,57.10,62.50,100.00,100.00
2026-05-15T23:24:15.449514,66.70,76.90,93.70,100.00
2026-05-15T23:24:15.554641,44.40,16.70,33.30,100.00
2026-05-15T23:24:15.688645,55.60,44.40,50.00,100.00
2026-05-15T23:24:15.793638,28.60,33.30,28.60,22.20
2026-05-15T23:24:15.898391,42.90,37.50,50.00,20.00
2026-05-15T23:24:16.003172,42.90,16.70,37.50,22.20
2026-05-15T23:24:16.108858,16.70,50.00,20.00,12.50
2026-05-15T23:24:16.213515,42.90,28.60,37.50,22.20
2026-05-15T23:24:16.318810,37.50,33.30,33.30,12.50
2026-05-15T23:24:16.424154,42.90,33.30,37.50,30.00
2026-05-15T23:24:16.528925,42.90,44.40,33.30,11.10
2026-05-15T23:24:16.634703,50.00,28.60,50.00,12.50
2026-05-15T23:24:16.739917,37.50,42.90,16.70,22.20
2026-05-15T23:24:16.845816,28.60,28.60,42.90,20.00
2026-05-15T23:24:16.951228,33.30,20.00,28.60,12.50
2026-05-15T23:24:17.058033,33.30,37.50,37.50,12.50
2026-05-15T23:24:17.162955,37.50,33.30,42.90,27.30
2026-05-15T23:24:17.267803,33.30,28.60,33.30,22.20
2026-05-15T23:24:17.372606,42.90,42.90,37.50,12.50
2026-05-15T23:24:17.476837,44.40,37.50,20.00,22.20
2026-05-15T23:24:17.581460,33.30,33.30,37.50,12.50
2026-05-15T23:24:17.685884,16.70,44.40,33.30,20.00
2026-05-15T23:24:17.790565,42.90,33.30,42.90,12.50
2026-05-15T23:24:17.895877,37.50,37.50,28.60,22.20
2026-05-15T23:24:18.001131,42.90,42.90,33.30,12.50
2026-05-15T23:24:18.106475,33.30,28.60,37.50,27.30
2026-05-15T23:24:18.211530,37.50,42.90,50.00,12.50
2026-05-15T23:24:18.315911,33.30,28.60,20.00,12.50
2026-05-15T23:24:18.420714,28.60,42.90,44.40,11.10
2026-05-15T23:24:18.525701,42.90,44.40,33.30,22.20
2026-05-15T23:24:18.629957,33.30,33.30,37.50,12.50
2026-05-15T23:24:18.734594,44.40,37.50,20.00,12.50
2026-05-15T23:24:18.840115,33.30,20.00,28.60,27.30
2026-05-15T23:24:18.947296,28.60,37.50,33.30,12.50
2026-05-15T23:24:19.052080,33.30,37.50,33.30,22.20
2026-05-15T23:24:19.157212,37.50,20.00,28.60,22.20
2026-05-15T23:24:19.263511,42.90,37.50,42.90,11.10
2026-05-15T23:24:19.368288,33.30,33.30,44.40,30.00
2026-05-15T23:24:19.473385,44.40,37.50,33.30,12.50
2026-05-15T23:24:19.578170,28.60,42.90,28.60,20.00
2026-05-15T23:24:19.682932,42.90,42.90,50.00,12.50
2026-05-15T23:24:19.788855,42.90,28.60,28.60,12.50
2026-05-15T23:24:19.893853,16.70,37.50,33.30,22.20
2026-05-15T23:24:19.998617,42.90,50.00,37.50,30.00
2026-05-15T23:24:20.103232,44.40,42.90,33.30,11.10
2026-05-15T23:24:20.207671,20.00,16.70,33.30,30.00
2026-05-15T23:24:20.312609,42.90,28.60,44.40,0.00
2026-05-15T23:24:20.417246,28.60,42.90,33.30,20.00
2026-05-15T23:24:20.521731,28.60,28.60,16.70,12.50
2026-05-15T23:24:20.625961,33.30,28.60,28.60,20.00
2026-05-15T23:24:20.730637,28.60,28.60,37.50,12.50
2026-05-15T23:24:20.835816,28.60,33.30,33.30,12.50
2026-05-15T23:24:20.940444,42.90,37.50,44.40,30.00
2026-05-15T23:24:21.045238,37.50,44.40,33.30,11.10
2026-05-15T23:24:21.150032,42.90,20.00,28.60,30.00
2026-05-15T23:24:21.254635,33.30,50.00,50.00,25.00
2026-05-15T23:24:21.359615,37.50,28.60,42.90,11.10
2026-05-15T23:24:21.464201,42.90,50.00,28.60,22.20
2026-05-15T23:24:21.568471,28.60,28.60,33.30,12.50
2026-05-15T23:24:21.672724,42.90,28.60,28.60,22.20
2026-05-15T23:24:21.777066,28.60,42.90,50.00,22.20
2026-05-15T23:24:21.881976,33.30,16.70,37.50,12.50
2026-05-15T23:24:21.986684,37.50,50.00,33.30,11.10
2026-05-15T23:24:22.091466,33.30,16.70,28.60,22.20
2026-05-15T23:24:22.195541,37.50,42.90,33.30,22.20
2026-05-15T23:24:22.300441,33.30,28.60,37.50,12.50
2026-05-15T23:24:22.405472,37.50,28.60,33.30,20.00
2026-05-15T23:24:22.509552,33.30,33.30,37.50,12.50
2026-05-15T23:24:22.614510,37.50,37.50,33.30,22.20
2026-05-15T23:24:22.718890,33.30,37.50,44.40,22.20
2026-05-15T23:24:22.823388,50.00,42.90,33.30,11.10
2026-05-15T23:24:22.928600,28.60,16.70,28.60,12.50
2026-05-15T23:24:23.033412,37.50,42.90,33.30,22.20
2026-05-15T23:24:23.137928,33.30,37.50,37.50,22.20
2026-05-15T23:24:23.243344,42.90,33.30,33.30,20.00
2026-05-15T23:24:23.348406,42.90,37.50,33.30,12.50
2026-05-15T23:24:23.453685,28.60,28.60,28.60,22.20
2026-05-15T23:24:23.559166,50.00,33.30,37.50,22.20
2026-05-15T23:24:23.663749,28.60,42.90,33.30,11.10
2026-05-15T23:24:23.768634,42.90,37.50,44.40,30.00
2026-05-15T23:24:23.873575,33.30,42.90,20.00,12.50
2026-05-15T23:24:23.978697,37.50,28.60,28.60,12.50
2026-05-15T23:24:24.083102,33.30,16.70,42.90,11.10
2026-05-15T23:24:24.188415,37.50,42.90,28.60,22.20
2026-05-15T23:24:24.292974,28.60,16.70,42.90,22.20
2026-05-15T23:24:24.398586,42.90,37.50,28.60,11.10
2026-05-15T23:24:24.503922,28.60,16.70,28.60,22.20
2026-05-15T23:24:24.608949,50.00,42.90,33.30,22.20
2026-05-15T23:24:24.713683,33.30,28.60,42.90,12.50
2026-05-15T23:24:24.818117,28.60,42.90,44.40,22.20
2026-05-15T23:24:24.923166,50.00,37.50,20.00,11.10
2026-05-15T23:24:25.027501,0.00,42.90,42.90,22.20
2026-05-15T23:24:25.131951,50.00,37.50,37.50,20.00
2026-05-15T23:24:25.236940,62.50,66.70,62.50,14.30
2026-05-15T23:24:25.342951,42.90,57.10,55.60,22.20
2026-05-15T23:24:25.448376,62.50,50.00,50.00,22.20
2026-05-15T23:24:25.553237,62.50,57.10,57.10,25.00
2026-05-15T23:24:25.658198,50.00,55.60,55.60,22.20
2026-05-15T23:24:25.762929,42.90,50.00,50.00,12.50
2026-05-15T23:24:25.867913,62.50,62.50,62.50,22.20
2026-05-15T23:24:25.974205,57.10,62.50,50.00,30.00
2026-05-15T23:24:26.079452,62.50,50.00,57.10,14.30
2026-05-15T23:24:26.185872,66.70,66.70,66.70,22.20
2026-05-15T23:24:26.290832,66.70,62.50,57.10,22.20
2026-05-15T23:24:26.396229,50.00,50.00,50.00,25.00
2026-05-15T23:24:26.501579,50.00,55.60,57.10,30.00
2026-05-15T23:24:26.606475,57.10,42.90,62.50,22.20
2026-05-15T23:24:26.711254,33.30,50.00,42.90,22.20
2026-05-15T23:24:26.816699,57.10,50.00,57.10,12.50
2026-05-15T23:24:26.921482,57.10,62.50,42.90,30.00
2026-05-15T23:24:27.028225,55.60,66.70,57.10,22.20
2026-05-15T23:24:27.133961,57.10,62.50,62.50,12.50
2026-05-15T23:24:27.239502,57.10,50.00,50.00,25.00
2026-05-15T23:24:27.344791,66.70,66.70,66.70,30.00
2026-05-15T23:24:27.450645,57.10,57.10,62.50,22.20
2026-05-15T23:24:27.555643,50.00,62.50,57.10,12.50
2026-05-15T23:24:27.660618,66.70,50.00,50.00,22.20
2026-05-15T23:24:27.766739,57.10,62.50,62.50,12.50
2026-05-15T23:24:27.873373,50.00,62.50,57.10,22.20
2026-05-15T23:24:27.978478,57.10,62.50,57.10,12.50
2026-05-15T23:24:28.083641,57.10,50.00,42.90,30.00
2026-05-15T23:24:28.189462,57.10,50.00,66.70,14.30
2026-05-15T23:24:28.295475,50.00,50.00,57.10,22.20
2026-05-15T23:24:28.400551,50.00,62.50,50.00,22.20
2026-05-15T23:24:28.505989,50.00,42.90,57.10,12.50
2026-05-15T23:24:28.611632,57.10,62.50,55.60,22.20
2026-05-15T23:24:28.716466,66.70,50.00,71.40,22.20
2026-05-15T23:24:28.821583,71.40,62.50,55.60,22.20
2026-05-15T23:24:28.926519,50.00,55.60,50.00,12.50
2026-05-15T23:24:29.031637,57.10,50.00,50.00,25.00
2026-05-15T23:24:29.136370,57.10,57.10,62.50,22.20
2026-05-15T23:24:29.241097,55.60,42.90,42.90,30.00
2026-05-15T23:24:29.346394,50.00,66.70,50.00,22.20
2026-05-15T23:24:29.451514,57.10,50.00,55.60,25.00
2026-05-15T23:24:29.556875,50.00,55.60,50.00,12.50
2026-05-15T23:24:29.662793,57.10,57.10,62.50,22.20
2026-05-15T23:24:29.767719,57.10,62.50,50.00,12.50
2026-05-15T23:24:29.874453,66.70,66.70,60.00,22.20
2026-05-15T23:24:29.979467,62.50,57.10,50.00,25.00
2026-05-15T23:24:30.084862,57.10,50.00,62.50,22.20
2026-05-15T23:24:30.188907,28.60,50.00,33.30,20.00
2026-05-15T23:24:30.294111,28.60,0.00,0.00,11.10
2026-05-15T23:24:30.398278,14.30,0.00,25.00,12.50
2026-05-15T23:24:30.502362,25.00,28.60,14.30,11.10
2026-05-15T23:24:30.606118,14.30,14.30,16.70,20.00
2026-05-15T23:24:30.710778,25.00,14.30,25.00,22.20
2026-05-15T23:24:30.815317,16.70,25.00,14.30,11.10
2026-05-15T23:24:30.919914,14.30,0.00,14.30,11.10
2026-05-15T23:24:31.023555,0.00,14.30,14.30,20.00
2026-05-15T23:24:31.127682,33.30,14.30,14.30,12.50
2026-05-15T23:24:31.231824,0.00,25.00,14.30,11.10
2026-05-15T23:24:31.335836,25.00,14.30,37.50,11.10
2026-05-15T23:24:31.439916,0.00,25.00,0.00,11.10
2026-05-15T23:24:31.544215,16.70,14.30,25.00,11.10
2026-05-15T23:24:31.648304,14.30,16.70,14.30,22.20
2026-05-15T23:24:31.752166,25.00,25.00,28.60,20.00
2026-05-15T23:24:31.856931,25.00,0.00,14.30,22.20
2026-05-15T23:24:31.961521,28.60,33.30,25.00,11.10
2026-05-15T23:24:32.065740,14.30,14.30,0.00,11.10
2026-05-15T23:24:32.170115,14.30,14.30,14.30,11.10
2026-05-15T23:24:32.274655,0.00,14.30,14.30,11.10
2026-05-15T23:24:32.379418,25.00,25.00,37.50,20.00
2026-05-15T23:24:32.483061,14.30,14.30,14.30,12.50
2026-05-15T23:24:32.587202,28.60,14.30,14.30,27.30
2026-05-15T23:24:32.691459,14.30,0.00,14.30,11.10
2026-05-15T23:24:32.795421,25.00,25.00,14.30,20.00
2026-05-15T23:24:32.899687,14.30,14.30,14.30,12.50
2026-05-15T23:24:33.004746,16.70,14.30,37.50,20.00
2026-05-15T23:24:33.109483,14.30,16.70,0.00,11.10
2026-05-15T23:24:33.213655,25.00,25.00,14.30,11.10
2026-05-15T23:24:33.317712,14.30,14.30,14.30,12.50
2026-05-15T23:24:33.421278,0.00,14.30,14.30,11.10
2026-05-15T23:24:33.525430,25.00,0.00,0.00,11.10
2026-05-15T23:24:33.629565,16.70,14.30,25.00,12.50
2026-05-15T23:24:33.734374,0.00,25.00,16.70,27.30
2026-05-15T23:24:33.839187,28.60,16.70,25.00,22.20
2026-05-15T23:24:33.943342,25.00,0.00,0.00,11.10
2026-05-15T23:24:34.047986,14.30,25.00,25.00,12.50
2026-05-15T23:24:34.152473,25.00,0.00,14.30,20.00
2026-05-15T23:24:34.256561,14.30,25.00,25.00,22.20
2026-05-15T23:24:34.360227,14.30,14.30,0.00,11.10
2026-05-15T23:24:34.464351,16.70,25.00,28.60,11.10
2026-05-15T23:24:34.568178,25.00,14.30,0.00,11.10
2026-05-15T23:24:34.672807,14.30,16.70,25.00,20.00
2026-05-15T23:24:34.776920,25.00,12.50,14.30,11.10
2026-05-15T23:24:34.881382,16.70,16.70,14.30,12.50
2026-05-15T23:24:34.985113,14.30,0.00,14.30,11.10
2026-05-15T23:24:35.089705,14.30,25.00,16.70,11.10
2026-05-15T23:24:35.215478,30.00,0.00,20.00,38.50
2026-05-15T23:24:35.318862,22.20,30.00,12.50,100.00
2026-05-15T23:24:35.423156,11.10,0.00,0.00,100.00
2026-05-15T23:24:35.526634,11.10,12.50,0.00,100.00
2026-05-15T23:24:35.629954,12.50,0.00,11.10,100.00
2026-05-15T23:24:35.734161,0.00,11.10,0.00,100.00
2026-05-15T23:24:35.838331,20.00,0.00,12.50,100.00
2026-05-15T23:24:35.941665,0.00,0.00,11.10,100.00
2026-05-15T23:24:36.045797,20.00,12.50,0.00,100.00
2026-05-15T23:24:36.149450,0.00,11.10,0.00,100.00
2026-05-15T23:24:36.254152,12.50,11.10,0.00,100.00
2026-05-15T23:24:36.357899,11.10,0.00,11.10,100.00
2026-05-15T23:24:36.461634,12.50,11.10,0.00,100.00
2026-05-15T23:24:36.565887,0.00,0.00,0.00,100.00
2026-05-15T23:24:36.669651,12.50,0.00,0.00,100.00
2026-05-15T23:24:36.773177,20.00,11.10,0.00,100.00
2026-05-15T23:24:36.877197,0.00,0.00,0.00,100.00
2026-05-15T23:24:36.981266,0.00,0.00,20.00,100.00
2026-05-15T23:24:37.085636,12.50,0.00,0.00,100.00
2026-05-15T23:24:37.249264,28.60,28.60,35.70,100.00
2026-05-15T23:24:37.352964,12.50,0.00,100.00,100.00
2026-05-15T23:24:37.457015,30.00,0.00,100.00,100.00
2026-05-15T23:24:37.560862,12.50,12.50,100.00,100.00
2026-05-15T23:24:37.665418,11.10,0.00,100.00,100.00
2026-05-15T23:24:37.769234,25.00,12.50,100.00,100.00
2026-05-15T23:24:37.873203,12.50,12.50,100.00,100.00
2026-05-15T23:24:37.977979,20.00,0.00,100.00,100.00
2026-05-15T23:24:38.082263,12.50,14.30,100.00,100.00
2026-05-15T23:24:38.186659,22.20,14.30,100.00,100.00
2026-05-15T23:24:38.290833,25.00,0.00,100.00,100.00
2026-05-15T23:24:38.395803,0.00,12.50,100.00,100.00
2026-05-15T23:24:38.499938,12.50,14.30,100.00,100.00
2026-05-15T23:24:38.603703,12.50,0.00,100.00,100.00
2026-05-15T23:24:38.708110,22.20,25.00,100.00,100.00
2026-05-15T23:24:38.812962,12.50,12.50,100.00,100.00
2026-05-15T23:24:38.917462,22.20,0.00,100.00,100.00
2026-05-15T23:24:39.021263,12.50,12.50,100.00,100.00
2026-05-15T23:24:39.125684,0.00,0.00,100.00,100.00
2026-05-15T23:24:39.230146,30.00,25.00,100.00,100.00
2026-05-15T23:24:39.333970,12.50,12.50,100.00,100.00
2026-05-15T23:24:39.437933,12.50,0.00,100.00,100.00
2026-05-15T23:24:39.541786,22.20,0.00,100.00,100.00
2026-05-15T23:24:39.646166,12.50,12.50,100.00,100.00
2026-05-15T23:24:39.749800,12.50,12.50,100.00,100.00
2026-05-15T23:24:39.853884,11.10,12.50,100.00,100.00
2026-05-15T23:24:39.957785,22.20,0.00,100.00,100.00
2026-05-15T23:24:40.061727,0.00,0.00,100.00,100.00
2026-05-15T23:24:40.167641,22.20,30.00,100.00,100.00
2026-05-15T23:24:40.327318,72.70,75.00,100.00,100.00
2026-05-15T23:24:40.434414,28.60,33.30,50.00,100.00
2026-05-15T23:24:40.539582,55.60,50.00,28.60,100.00
2026-05-15T23:24:40.645226,42.90,50.00,42.90,100.00
2026-05-15T23:24:40.750361,42.90,42.90,42.90,100.00
2026-05-15T23:24:40.855458,37.50,33.30,50.00,100.00
2026-05-15T23:24:40.960060,50.00,50.00,16.70,100.00
2026-05-15T23:24:41.065122,20.00,28.60,33.30,100.00
2026-05-15T23:24:41.170337,37.50,33.30,37.50,100.00
2026-05-15T23:24:41.275248,33.30,50.00,42.90,100.00
2026-05-15T23:24:41.380245,42.90,42.90,33.30,100.00
2026-05-15T23:24:41.484640,33.30,37.50,42.90,100.00
2026-05-15T23:24:41.589584,44.40,50.00,42.90,100.00
2026-05-15T23:24:41.693791,42.90,28.60,37.50,100.00
2026-05-15T23:24:41.799593,42.90,50.00,33.30,100.00
2026-05-15T23:24:41.905738,33.30,50.00,42.90,100.00
2026-05-15T23:24:42.010860,50.00,33.30,33.30,100.00
2026-05-15T23:24:42.115825,42.90,28.60,37.50,100.00
2026-05-15T23:24:42.220550,33.30,37.50,50.00,100.00
2026-05-15T23:24:42.325804,37.50,50.00,20.00,100.00
2026-05-15T23:24:42.430749,42.90,33.30,37.50,100.00
2026-05-15T23:24:42.535604,33.30,50.00,33.30,100.00
2026-05-15T23:24:42.639706,44.40,42.90,33.30,100.00
2026-05-15T23:24:42.743969,42.90,50.00,37.50,100.00
2026-05-15T23:24:42.849697,42.90,16.70,50.00,100.00
2026-05-15T23:24:42.954455,28.60,50.00,42.90,100.00
2026-05-15T23:24:43.058907,42.90,33.30,33.30,100.00
2026-05-15T23:24:43.164614,42.90,50.00,37.50,100.00
2026-05-15T23:24:43.269446,42.90,42.90,50.00,100.00
2026-05-15T23:24:43.374086,50.00,42.90,42.90,100.00
2026-05-15T23:24:43.478681,33.30,33.30,16.70,100.00
2026-05-15T23:24:43.584436,37.50,44.40,42.90,100.00
2026-05-15T23:24:43.689091,42.90,40.00,42.90,100.00
2026-05-15T23:24:43.794713,42.90,50.00,50.00,100.00
2026-05-15T23:24:43.899397,50.00,50.00,42.90,100.00
2026-05-15T23:24:44.003752,42.90,42.90,28.60,100.00
2026-05-15T23:24:44.109303,28.60,44.40,42.90,100.00
2026-05-15T23:24:44.214680,42.90,42.90,42.90,100.00
2026-05-15T23:24:46.396805,33.60,37.30,32.90,21.90
2026-05-15T23:24:46.499877,28.60,0.00,0.00,0.00
2026-05-15T23:24:46.602872,28.60,25.00,25.00,0.00
2026-05-15T23:24:46.706312,0.00,0.00,0.00,0.00
2026-05-15T23:24:46.808939,28.60,14.30,28.60,10.00
2026-05-15T23:24:46.911925,28.60,16.70,0.00,0.00
2026-05-15T23:24:47.014916,14.30,33.30,37.50,10.00
2026-05-15T23:24:47.117880,16.70,16.70,0.00,0.00
2026-05-15T23:24:47.220657,28.60,16.70,28.60,10.00
2026-05-15T23:24:47.323171,25.00,14.30,28.60,0.00
2026-05-15T23:24:47.426318,16.70,28.60,14.30,0.00
2026-05-15T23:24:47.528866,16.70,14.30,16.70,0.00
2026-05-15T23:24:47.631725,37.50,25.00,25.00,20.00
2026-05-15T23:24:47.734753,14.30,16.70,16.70,0.00
2026-05-15T23:24:47.837495,28.60,0.00,28.60,10.00
2026-05-15T23:24:47.940304,16.70,28.60,25.00,0.00
2026-05-15T23:24:48.043458,28.60,25.00,16.70,0.00
2026-05-15T23:24:48.146326,25.00,16.70,25.00,0.00
2026-05-15T23:24:48.248829,28.60,14.30,0.00,0.00
2026-05-15T23:24:48.351570,0.00,28.60,25.00,0.00
2026-05-15T23:24:48.454511,28.60,0.00,16.70,20.00
2026-05-15T23:24:48.557705,28.60,28.60,28.60,0.00
2026-05-15T23:24:48.660469,28.60,14.30,14.30,0.00
2026-05-15T23:24:48.763153,14.30,16.70,16.70,0.00
2026-05-15T23:24:48.866106,16.70,14.30,16.70,11.10
2026-05-15T23:24:48.968545,16.70,16.70,14.30,10.00
2026-05-15T23:24:49.071627,14.30,37.50,37.50,0.00
2026-05-15T23:24:49.174552,37.50,14.30,16.70,11.10
2026-05-15T23:24:49.277427,28.60,0.00,25.00,0.00
2026-05-15T23:24:49.380177,14.30,33.30,16.70,0.00
2026-05-15T23:24:49.483742,28.60,0.00,28.60,0.00
2026-05-15T23:24:49.586701,28.60,14.30,28.60,0.00
2026-05-15T23:24:49.689212,14.30,28.60,14.30,20.00
2026-05-15T23:24:49.792269,37.50,25.00,28.60,0.00
2026-05-15T23:24:49.894945,0.00,0.00,25.00,0.00
2026-05-15T23:24:49.998458,14.30,25.00,16.70,0.00
2026-05-15T23:24:50.101467,16.70,16.70,16.70,0.00
2026-05-15T23:24:50.203946,25.00,14.30,33.30,0.00
2026-05-15T23:24:50.306311,0.00,12.50,0.00,10.00
2026-05-15T23:24:50.408804,33.30,14.30,0.00,0.00
2026-05-15T23:24:50.511920,0.00,14.30,12.50,0.00
2026-05-15T23:24:50.614426,14.30,12.50,14.30,0.00
2026-05-15T23:24:50.968512,48.10,48.00,48.10,48.40
2026-05-15T23:24:51.072992,14.30,14.30,0.00,100.00
2026-05-15T23:24:51.177363,25.00,25.00,14.30,100.00
2026-05-15T23:24:51.281412,25.00,37.50,14.30,100.00
2026-05-15T23:24:51.385708,0.00,14.30,0.00,100.00
2026-05-15T23:24:51.490697,22.20,14.30,12.50,100.00
2026-05-15T23:24:51.594970,14.30,25.00,25.00,100.00
2026-05-15T23:24:51.699739,0.00,0.00,0.00,100.00
2026-05-15T23:24:51.804532,37.50,25.00,14.30,100.00
2026-05-15T23:24:51.909912,12.50,33.30,25.00,100.00
2026-05-15T23:24:52.015083,25.00,0.00,14.30,100.00
2026-05-15T23:24:52.119536,25.00,25.00,14.30,100.00
2026-05-15T23:24:52.223652,33.30,25.00,14.30,100.00
2026-05-15T23:24:52.328425,25.00,0.00,14.30,100.00
2026-05-15T23:24:52.432884,25.00,14.30,14.30,100.00
2026-05-15T23:24:52.536833,0.00,14.30,0.00,100.00
2026-05-15T23:24:52.640956,25.00,0.00,25.00,100.00
2026-05-15T23:24:52.745911,14.30,25.00,14.30,100.00
2026-05-15T23:24:52.850721,25.00,14.30,0.00,100.00
2026-05-15T23:24:52.954896,0.00,25.00,14.30,100.00
2026-05-15T23:24:53.058924,25.00,0.00,22.20,100.00
2026-05-15T23:24:53.163477,25.00,25.00,14.30,100.00
2026-05-15T23:24:53.267476,25.00,14.30,14.30,100.00
2026-05-15T23:24:53.371884,14.30,25.00,14.30,100.00
2026-05-15T23:24:53.475926,14.30,0.00,0.00,100.00
2026-05-15T23:24:53.580317,25.00,33.30,12.50,100.00
2026-05-15T23:24:53.685483,14.30,0.00,14.30,100.00
2026-05-15T23:24:53.789670,25.00,37.50,14.30,100.00
2026-05-15T23:24:53.894718,37.50,14.30,16.70,100.00
2026-05-15T23:24:53.999205,14.30,14.30,14.30,100.00
2026-05-15T23:24:54.103986,25.00,25.00,25.00,100.00
2026-05-15T23:24:54.207887,33.30,0.00,0.00,100.00
2026-05-15T23:24:54.312278,0.00,25.00,12.50,100.00
2026-05-15T23:24:54.417433,33.30,0.00,33.30,100.00
2026-05-15T23:24:54.522707,22.20,28.60,0.00,100.00
2026-05-15T23:24:54.627216,14.30,22.20,14.30,100.00
2026-05-15T23:24:54.731562,25.00,14.30,25.00,100.00
2026-05-15T23:24:54.836303,0.00,0.00,25.00,100.00
2026-05-15T23:24:54.940297,37.50,14.30,14.30,100.00
2026-05-15T23:24:55.044746,14.30,25.00,14.30,100.00
2026-05-15T23:24:55.149322,25.00,14.30,25.00,100.00
2026-05-15T23:24:55.253794,14.30,28.60,14.30,100.00
2026-05-15T23:24:55.357961,33.30,0.00,28.60,100.00
2026-05-15T23:24:55.463438,16.70,28.60,0.00,100.00
2026-05-15T23:24:55.567699,25.00,14.30,12.50,100.00
2026-05-15T23:24:55.672165,0.00,14.30,25.00,100.00
2026-05-15T23:24:55.777727,25.00,37.50,16.70,100.00
2026-05-15T23:24:55.882684,25.00,14.30,14.30,100.00
2026-05-15T23:24:55.986921,14.30,14.30,14.30,100.00
2026-05-15T23:24:56.091880,28.60,25.00,25.00,100.00
2026-05-15T23:24:56.196401,14.30,28.60,16.70,100.00
2026-05-15T23:24:56.300669,25.00,14.30,14.30,100.00
2026-05-15T23:24:56.404526,25.00,16.70,25.00,100.00
2026-05-15T23:24:56.508400,28.60,25.00,16.70,100.00
2026-05-15T23:24:56.612809,25.00,25.00,33.30,100.00
2026-05-15T23:24:56.716972,25.00,0.00,14.30,100.00
2026-05-15T23:24:56.821600,14.30,28.60,14.30,100.00
2026-05-15T23:24:56.925898,16.70,14.30,14.30,100.00
2026-05-15T23:24:57.030024,14.30,25.00,25.00,100.00
2026-05-15T23:24:57.133970,25.00,16.70,28.60,100.00
2026-05-15T23:24:57.238484,28.60,33.30,14.30,100.00
2026-05-15T23:24:57.342620,33.30,14.30,16.70,100.00
2026-05-15T23:24:57.447245,33.30,14.30,25.00,100.00
2026-05-15T23:24:57.551466,0.00,14.30,25.00,100.00
2026-05-15T23:24:57.655568,37.50,16.70,0.00,100.00
2026-05-15T23:24:57.760159,25.00,14.30,30.00,100.00
2026-05-15T23:24:57.864504,33.30,25.00,28.60,100.00
2026-05-15T23:24:57.968853,14.30,14.30,0.00,100.00
2026-05-15T23:24:58.073058,28.60,16.70,0.00,100.00
2026-05-15T23:24:58.177827,33.30,25.00,33.30,100.00
2026-05-15T23:24:58.282652,14.30,14.30,28.60,100.00
2026-05-15T23:24:58.386943,33.30,28.60,14.30,100.00
2026-05-15T23:24:58.492376,0.00,14.30,25.00,100.00
2026-05-15T23:24:58.597209,25.00,25.00,0.00,100.00
2026-05-15T23:24:58.702374,14.30,14.30,33.30,100.00
2026-05-15T23:24:58.807155,33.30,25.00,0.00,100.00
2026-05-15T23:24:58.911590,28.60,16.70,25.00,100.00
2026-05-15T23:24:59.015812,14.30,14.30,14.30,100.00
2026-05-15T23:24:59.119922,25.00,14.30,16.70,100.00
2026-05-15T23:24:59.225555,33.30,14.30,33.30,100.00
2026-05-15T23:24:59.329806,16.70,28.60,14.30,100.00
2026-05-15T23:24:59.434543,14.30,14.30,14.30,100.00
2026-05-15T23:24:59.539517,14.30,14.30,14.30,100.00
2026-05-15T23:24:59.644072,25.00,0.00,14.30,100.00
2026-05-15T23:24:59.748417,33.30,33.30,14.30,100.00
2026-05-15T23:24:59.853115,28.60,0.00,28.60,100.00
2026-05-15T23:24:59.957212,14.30,25.00,14.30,100.00
2026-05-15T23:25:00.061194,25.00,14.30,14.30,100.00
2026-05-15T23:25:00.165233,14.30,25.00,25.00,100.00
2026-05-15T23:25:00.268986,0.00,0.00,0.00,100.00
2026-05-15T23:25:00.372999,22.20,0.00,12.50,100.00
2026-05-15T23:25:00.477734,12.50,12.50,0.00,100.00
2026-05-15T23:25:00.581332,12.50,0.00,0.00,100.00
2026-05-15T23:25:00.685104,0.00,12.50,12.50,100.00
2026-05-15T23:25:00.789194,25.00,12.50,14.30,100.00
2026-05-15T23:25:00.892884,12.50,0.00,0.00,100.00
2026-05-15T23:25:00.996880,12.50,12.50,22.20,100.00
2026-05-15T23:25:01.101267,12.50,0.00,0.00,100.00
2026-05-15T23:25:01.205240,22.20,0.00,12.50,100.00
2026-05-15T23:25:01.309154,14.30,14.30,0.00,100.00
2026-05-15T23:25:01.413094,12.50,12.50,0.00,100.00
2026-05-15T23:25:01.516756,12.50,0.00,12.50,100.00
2026-05-15T23:25:01.621156,12.50,14.30,14.30,100.00
2026-05-15T23:25:01.725340,25.00,12.50,0.00,100.00
2026-05-15T23:25:01.829788,0.00,0.00,12.50,100.00
2026-05-15T23:25:01.933732,12.50,22.20,12.50,100.00
2026-05-15T23:25:02.037981,30.00,12.50,12.50,100.00
2026-05-15T23:25:02.142237,0.00,0.00,0.00,100.00
2026-05-15T23:25:02.314820,25.00,40.00,42.90,100.00
2026-05-15T23:25:02.420584,25.00,0.00,100.00,100.00
2026-05-15T23:25:02.524812,0.00,16.70,100.00,100.00
2026-05-15T23:25:02.628947,28.60,0.00,100.00,100.00
2026-05-15T23:25:02.735438,22.20,28.60,100.00,100.00
2026-05-15T23:25:02.840618,16.70,14.30,100.00,100.00
2026-05-15T23:25:02.945347,30.00,16.70,100.00,100.00
2026-05-15T23:25:03.050652,16.70,33.30,100.00,100.00
2026-05-15T23:25:03.155117,25.00,0.00,100.00,100.00
2026-05-15T23:25:03.260288,25.00,33.30,100.00,100.00
2026-05-15T23:25:03.364575,25.00,0.00,100.00,100.00
2026-05-15T23:25:03.468831,12.50,0.00,100.00,100.00
2026-05-15T23:25:03.572852,33.30,25.00,100.00,100.00
2026-05-15T23:25:03.676814,25.00,16.70,100.00,100.00
2026-05-15T23:25:03.781102,14.30,0.00,100.00,100.00
2026-05-15T23:25:03.885443,44.40,37.50,100.00,100.00
2026-05-15T23:25:03.989651,25.00,14.30,100.00,100.00
2026-05-15T23:25:04.093707,12.50,14.30,100.00,100.00
2026-05-15T23:25:04.198127,33.30,25.00,100.00,100.00
2026-05-15T23:25:04.302033,14.30,14.30,100.00,100.00
2026-05-15T23:25:04.406057,12.50,0.00,100.00,100.00
2026-05-15T23:25:04.510309,25.00,14.30,100.00,100.00
2026-05-15T23:25:04.614706,25.00,14.30,100.00,100.00
2026-05-15T23:25:04.719170,0.00,14.30,100.00,100.00
2026-05-15T23:25:04.824181,12.50,25.00,100.00,100.00
2026-05-15T23:25:04.929146,25.00,14.30,100.00,100.00
2026-05-15T23:25:05.033416,25.00,28.60,100.00,100.00
2026-05-15T23:25:05.138821,25.00,14.30,100.00,100.00
2026-05-15T23:25:05.299416,72.70,78.60,100.00,100.00
2026-05-15T23:25:05.405263,37.50,28.60,37.50,100.00
2026-05-15T23:25:05.509967,42.90,28.60,44.40,100.00
2026-05-15T23:25:05.614850,28.60,42.90,28.60,100.00
2026-05-15T23:25:05.754933,58.30,50.00,50.00,100.00
2026-05-15T23:25:05.860210,33.30,16.70,20.00,12.50
2026-05-15T23:25:05.964771,28.60,33.30,28.60,22.20
2026-05-15T23:25:06.069111,28.60,44.40,37.50,22.20
2026-05-15T23:25:06.173585,28.60,28.60,28.60,11.10
2026-05-15T23:25:06.278834,42.90,28.60,28.60,22.20
2026-05-15T23:25:06.383367,37.50,37.50,28.60,12.50
2026-05-15T23:25:06.488849,37.50,33.30,33.30,11.10
2026-05-15T23:25:06.593989,33.30,37.50,37.50,20.00
2026-05-15T23:25:06.698712,37.50,28.60,28.60,22.20
2026-05-15T23:25:06.803194,37.50,28.60,44.40,12.50
2026-05-15T23:25:06.907929,33.30,28.60,33.30,11.10
2026-05-15T23:25:07.012283,25.00,44.40,28.60,12.50
2026-05-15T23:25:07.117826,42.90,20.00,28.60,30.00
2026-05-15T23:25:07.222231,37.50,28.60,37.50,22.20
2026-05-15T23:25:07.326737,28.60,44.40,33.30,12.50
2026-05-15T23:25:07.431701,20.00,16.70,28.60,11.10
2026-05-15T23:25:07.535977,37.50,16.70,16.70,12.50
2026-05-15T23:25:07.641226,28.60,37.50,37.50,27.30
2026-05-15T23:25:07.745480,16.70,28.60,28.60,12.50
2026-05-15T23:25:07.849773,42.90,28.60,28.60,11.10
2026-05-15T23:25:07.954275,28.60,28.60,28.60,22.20
2026-05-15T23:25:08.059534,28.60,28.60,33.30,12.50
2026-05-15T23:25:08.164497,44.40,37.50,40.00,20.00
2026-05-15T23:25:08.269164,28.60,42.90,20.00,22.20
2026-05-15T23:25:08.373813,28.60,37.50,28.60,11.10
2026-05-15T23:25:08.478566,20.00,28.60,16.70,22.20
2026-05-15T23:25:08.583835,37.50,28.60,28.60,11.10
2026-05-15T23:25:08.688404,28.60,42.90,28.60,22.20
2026-05-15T23:25:08.792714,37.50,37.50,28.60,22.20
2026-05-15T23:25:08.897365,28.60,0.00,37.50,20.00
2026-05-15T23:25:09.002272,37.50,37.50,42.90,12.50
2026-05-15T23:25:09.106740,28.60,28.60,28.60,12.50
2026-05-15T23:25:09.211772,42.90,28.60,28.60,11.10
2026-05-15T23:25:09.316556,28.60,37.50,44.40,30.00
2026-05-15T23:25:09.420943,50.00,16.70,16.70,12.50
2026-05-15T23:25:09.525750,16.70,50.00,42.90,11.10
2026-05-15T23:25:09.631579,33.30,16.70,28.60,22.20
2026-05-15T23:25:09.735939,37.50,37.50,28.60,22.20
2026-05-15T23:25:09.840296,37.50,28.60,37.50,11.10
2026-05-15T23:25:09.945021,33.30,37.50,37.50,12.50
2026-05-15T23:25:10.050140,28.60,33.30,28.60,20.00
2026-05-15T23:25:10.155248,37.50,37.50,28.60,12.50
2026-05-15T23:25:10.260309,42.90,42.90,33.30,30.00
2026-05-15T23:25:10.365924,55.60,50.00,50.00,12.50
2026-05-15T23:25:10.470880,37.50,42.90,42.90,22.20
2026-05-15T23:25:10.575733,33.30,37.50,42.90,30.00
2026-05-15T23:25:10.680537,50.00,42.90,44.40,20.00
2026-05-15T23:25:10.785222,28.60,50.00,33.30,22.20
2026-05-15T23:25:10.889773,33.30,44.40,42.90,22.20
2026-05-15T23:25:10.995844,50.00,33.30,42.90,12.50
2026-05-15T23:25:11.101342,28.60,44.40,28.60,22.20
2026-05-15T23:25:11.205620,42.90,33.30,50.00,11.10
2026-05-15T23:25:11.309877,33.30,42.90,42.90,33.30
2026-05-15T23:25:11.414774,50.00,42.90,50.00,12.50
2026-05-15T23:25:11.519676,37.50,42.90,37.50,27.30
2026-05-15T23:25:11.624521,50.00,37.50,42.90,12.50
2026-05-15T23:25:11.728900,33.30,33.30,50.00,22.20
2026-05-15T23:25:11.832969,44.40,37.50,16.70,20.00
2026-05-15T23:25:11.938221,33.30,20.00,33.30,12.50
2026-05-15T23:25:12.043349,50.00,50.00,50.00,22.20
2026-05-15T23:25:12.148448,44.40,28.60,28.60,22.20
2026-05-15T23:25:12.253254,42.90,55.60,42.90,22.20
2026-05-15T23:25:12.357723,42.90,33.30,42.90,22.20
2026-05-15T23:25:12.462914,33.30,33.30,28.60,22.20
2026-05-15T23:25:12.568635,50.00,28.60,42.90,12.50
2026-05-15T23:25:12.672893,28.60,50.00,33.30,22.20
2026-05-15T23:25:12.777686,42.90,33.30,28.60,12.50
2026-05-15T23:25:12.882870,50.00,37.50,42.90,30.00
2026-05-15T23:25:12.988531,44.40,42.90,50.00,11.10
2026-05-15T23:25:13.093397,42.90,50.00,42.90,12.50
2026-05-15T23:25:13.198255,50.00,16.70,33.30,22.20
2026-05-15T23:25:13.303544,28.60,42.90,37.50,12.50
2026-05-15T23:25:13.408609,33.30,50.00,55.60,27.30
2026-05-15T23:25:13.514257,42.90,37.50,33.30,30.00
2026-05-15T23:25:13.618869,33.30,20.00,28.60,12.50
2026-05-15T23:25:13.724518,37.50,50.00,42.90,12.50
2026-05-15T23:25:13.829459,50.00,37.50,33.30,30.00
2026-05-15T23:25:13.935930,20.00,50.00,50.00,12.50
2026-05-15T23:25:14.040345,42.90,44.40,50.00,22.20
2026-05-15T23:25:14.144723,37.50,33.30,28.60,12.50
2026-05-15T23:25:14.249169,20.00,50.00,42.90,22.20
2026-05-15T23:25:14.354142,50.00,42.90,42.90,36.40
2026-05-15T23:25:14.459148,16.70,37.50,42.90,12.50
2026-05-15T23:25:14.563742,50.00,42.90,28.60,22.20
2026-05-15T23:25:14.668862,50.00,42.90,50.00,11.10
2026-05-15T23:25:14.774146,37.50,50.00,33.30,22.20
2026-05-15T23:25:14.879360,50.00,44.40,44.40,12.50
2026-05-15T23:25:14.983912,42.90,20.00,33.30,12.50
2026-05-15T23:25:15.089333,42.90,55.60,42.90,30.00
2026-05-15T23:25:15.193666,16.70,16.70,37.50,11.10
2026-05-15T23:25:15.297904,25.00,14.30,0.00,12.50
2026-05-15T23:25:15.403036,16.70,25.00,25.00,20.00
2026-05-15T23:25:15.507712,14.30,0.00,14.30,22.20
2026-05-15T23:25:15.612233,37.50,28.60,16.70,11.10
2026-05-15T23:25:15.716556,14.30,25.00,25.00,22.20
2026-05-15T23:25:15.824150,16.70,16.70,28.60,11.10
2026-05-15T23:25:15.928314,33.30,14.30,25.00,27.30
2026-05-15T23:25:16.032648,16.70,14.30,16.70,12.50
2026-05-15T23:25:16.136878,14.30,16.70,25.00,11.10
2026-05-15T23:25:16.241017,37.50,14.30,28.60,11.10
2026-05-15T23:25:16.345569,0.00,25.00,14.30,20.00
2026-05-15T23:25:16.450456,37.50,28.60,16.70,20.00
2026-05-15T23:25:16.555498,14.30,14.30,33.30,12.50
2026-05-15T23:25:16.660597,37.50,33.30,14.30,11.10
2026-05-15T23:25:16.764646,14.30,0.00,16.70,20.00
2026-05-15T23:25:16.868521,16.70,14.30,14.30,22.20
2026-05-15T23:25:16.972818,25.00,25.00,16.70,11.10
2026-05-15T23:25:17.077285,28.60,28.60,25.00,22.20
2026-05-15T23:25:17.181587,25.00,25.00,28.60,12.50
2026-05-15T23:25:17.285903,28.60,28.60,14.30,20.00
2026-05-15T23:25:17.390786,0.00,14.30,28.60,12.50
2026-05-15T23:25:17.495651,33.30,16.70,0.00,27.30
2026-05-15T23:25:17.599655,16.70,25.00,28.60,11.10
2026-05-15T23:25:17.705190,33.30,14.30,25.00,11.10
2026-05-15T23:25:17.809661,14.30,28.60,14.30,12.50
2026-05-15T23:25:17.914074,28.60,14.30,28.60,20.00
2026-05-15T23:25:18.019000,0.00,25.00,0.00,22.20
2026-05-15T23:25:18.124603,25.00,28.60,25.00,20.00
2026-05-15T23:25:18.228945,16.70,25.00,16.70,11.10
2026-05-15T23:25:18.334088,25.00,0.00,25.00,22.20
2026-05-15T23:25:18.437885,37.50,25.00,0.00,11.10
2026-05-15T23:25:18.542358,0.00,0.00,25.00,11.10
2026-05-15T23:25:18.647349,28.60,25.00,25.00,11.10
2026-05-15T23:25:18.751004,0.00,37.50,0.00,12.50
2026-05-15T23:25:18.855524,37.50,0.00,37.50,22.20
2026-05-15T23:25:18.959833,14.30,25.00,25.00,11.10
2026-05-15T23:25:19.064303,33.30,14.30,0.00,20.00
2026-05-15T23:25:19.168171,16.70,25.00,28.60,22.20
2026-05-15T23:25:19.272810,25.00,16.70,14.30,20.00
2026-05-15T23:25:19.377640,28.60,33.30,28.60,11.10
2026-05-15T23:25:19.481694,25.00,0.00,14.30,12.50
2026-05-15T23:25:19.586483,0.00,28.60,33.30,11.10
2026-05-15T23:25:19.690320,25.00,25.00,0.00,11.10
2026-05-15T23:25:19.794523,0.00,28.60,14.30,30.00
2026-05-15T23:25:19.898703,28.60,25.00,25.00,11.10
2026-05-15T23:25:20.003347,14.30,0.00,16.70,11.10
2026-05-15T23:25:20.107743,25.00,25.00,14.30,12.50
2026-05-15T23:25:20.212490,16.70,0.00,14.30,27.30
2026-05-15T23:25:20.317824,25.00,28.60,37.50,22.20
2026-05-15T23:25:20.422538,0.00,25.00,0.00,11.10
2026-05-15T23:25:20.526744,37.50,0.00,16.70,11.10
2026-05-15T23:25:20.631534,14.30,37.50,33.30,11.10
2026-05-15T23:25:20.735677,16.70,0.00,14.30,20.00
2026-05-15T23:25:20.840411,25.00,25.00,28.60,20.00
2026-05-15T23:25:20.944849,14.30,14.30,0.00,12.50
2026-05-15T23:25:21.049381,37.50,33.30,25.00,20.00
2026-05-15T23:25:21.154089,0.00,14.30,14.30,11.10
2026-05-15T23:25:21.259137,25.00,16.70,28.60,22.20
2026-05-15T23:25:21.363599,37.50,25.00,25.00,11.10
2026-05-15T23:25:21.467683,25.00,14.30,28.60,11.10
2026-05-15T23:25:21.571809,28.60,37.50,25.00,22.20
2026-05-15T23:25:21.676145,25.00,25.00,12.50,20.00
2026-05-15T23:25:21.780750,0.00,0.00,16.70,12.50
2026-05-15T23:25:21.884966,25.00,25.00,25.00,11.10
2026-05-15T23:25:21.989581,25.00,25.00,14.30,20.00
2026-05-15T23:25:22.093549,28.60,14.30,16.70,12.50
2026-05-15T23:25:22.197780,0.00,0.00,14.30,20.00
2026-05-15T23:25:22.302021,28.60,28.60,28.60,11.10
2026-05-15T23:25:22.405801,14.30,14.30,14.30,22.20
2026-05-15T23:25:22.511428,14.30,14.30,14.30,11.10
2026-05-15T23:25:22.616348,33.30,14.30,44.40,20.00
2026-05-15T23:25:22.720903,28.60,28.60,25.00,12.50
2026-05-15T23:25:22.825912,14.30,0.00,14.30,11.10
2026-05-15T23:25:22.929866,25.00,33.30,0.00,22.20
2026-05-15T23:25:23.035657,14.30,14.30,14.30,11.10
2026-05-15T23:25:23.140266,14.30,14.30,16.70,11.10
2026-05-15T23:25:23.244442,37.50,14.30,33.30,30.00
2026-05-15T23:25:23.348736,14.30,16.70,28.60,20.00
2026-05-15T23:25:23.452871,14.30,33.30,0.00,12.50
2026-05-15T23:25:23.556848,28.60,0.00,14.30,20.00
2026-05-15T23:25:23.661394,25.00,14.30,25.00,11.10
2026-05-15T23:25:23.765619,14.30,14.30,28.60,12.50
2026-05-15T23:25:23.870418,28.60,28.60,25.00,11.10
2026-05-15T23:25:23.974845,28.60,25.00,16.70,36.40
2026-05-15T23:25:24.079197,25.00,16.70,33.30,11.10
2026-05-15T23:25:24.183621,25.00,33.30,14.30,11.10
2026-05-15T23:25:24.288173,16.70,14.30,28.60,11.10
2026-05-15T23:25:24.392257,14.30,14.30,14.30,11.10
2026-05-15T23:25:24.496698,28.60,25.00,28.60,22.20
2026-05-15T23:25:24.600448,14.30,16.70,14.30,20.00
2026-05-15T23:25:24.704816,16.70,25.00,16.70,12.50
2026-05-15T23:25:24.809100,33.30,16.70,25.00,11.10
2026-05-15T23:25:24.914002,25.00,33.30,14.30,22.20
2026-05-15T23:25:25.018609,16.70,14.30,28.60,11.10
2026-05-15T23:25:25.123359,25.00,33.30,14.30,22.20
2026-05-15T23:25:25.228819,62.50,50.00,62.50,22.20
2026-05-15T23:25:25.334610,62.50,66.70,57.10,30.00
2026-05-15T23:25:25.440146,75.00,71.40,66.70,30.00
2026-05-15T23:25:25.546404,62.50,62.50,71.40,14.30
2026-05-15T23:25:25.650883,62.50,66.70,62.50,22.20
2026-05-15T23:25:25.755303,66.70,62.50,57.10,22.20
2026-05-15T23:25:25.861357,75.00,71.40,75.00,33.30
2026-05-15T23:25:25.966304,57.10,62.50,62.50,22.20
2026-05-15T23:25:26.071306,62.50,66.70,66.70,22.20
2026-05-15T23:25:26.176264,57.10,62.50,62.50,22.20
2026-05-15T23:25:26.281728,66.70,75.00,66.70,14.30
2026-05-15T23:25:26.387169,75.00,71.40,70.00,25.00
2026-05-15T23:25:26.492353,62.50,57.10,62.50,30.00
2026-05-15T23:25:26.597667,75.00,66.70,66.70,12.50
2026-05-15T23:25:26.703190,70.00,80.00,77.80,25.00
2026-05-15T23:25:26.808487,57.10,62.50,62.50,12.50
2026-05-15T23:25:26.914940,62.50,75.00,66.70,33.30
2026-05-15T23:25:27.020298,75.00,66.70,66.70,12.50
2026-05-15T23:25:27.125369,57.10,62.50,62.50,40.00
2026-05-15T23:25:27.230488,66.70,62.50,66.70,30.00
2026-05-15T23:25:27.335254,50.00,57.10,62.50,12.50
2026-05-15T23:25:27.442293,70.00,75.00,57.10,22.20
2026-05-15T23:25:27.548631,57.10,57.10,62.50,25.00
2026-05-15T23:25:27.653364,75.00,77.80,71.40,22.20
2026-05-15T23:25:27.758670,57.10,62.50,66.70,22.20
2026-05-15T23:25:27.863588,62.50,57.10,62.50,22.20
2026-05-15T23:25:27.968867,66.70,66.70,62.50,14.30
2026-05-15T23:25:28.073914,57.10,66.70,71.40,22.20
2026-05-15T23:25:28.180082,75.00,70.00,57.10,22.20
2026-05-15T23:25:28.286090,72.70,75.00,70.00,25.00
2026-05-15T23:25:28.391567,71.40,75.00,62.50,30.00
2026-05-15T23:25:28.497222,62.50,62.50,71.40,33.30
2026-05-15T23:25:28.602862,71.40,75.00,66.70,22.20
2026-05-15T23:25:28.707677,66.70,75.00,77.80,25.00
2026-05-15T23:25:28.812465,62.50,70.00,57.10,22.20
2026-05-15T23:25:28.920961,66.70,75.00,70.00,25.00
2026-05-15T23:25:29.026482,70.00,62.50,71.40,22.20
2026-05-15T23:25:29.131889,62.50,75.00,66.70,22.20
2026-05-15T23:25:29.238087,62.50,80.00,62.50,25.00
2026-05-15T23:25:29.342799,71.40,62.50,75.00,25.00
2026-05-15T23:25:29.448626,57.10,70.00,70.00,22.20
2026-05-15T23:25:29.553868,66.70,71.40,62.50,12.50
2026-05-15T23:25:29.658621,62.50,50.00,57.10,22.20
2026-05-15T23:25:29.763969,66.70,62.50,57.10,25.00
2026-05-15T23:25:29.869519,50.00,57.10,62.50,22.20
2026-05-15T23:25:29.975802,66.70,50.00,57.10,22.20
2026-05-15T23:25:30.081125,75.00,77.80,62.50,22.20
2026-05-15T23:25:30.184290,37.50,44.40,37.50,20.00
2026-05-15T23:25:30.307544,0.00,0.00,9.10,16.70
2026-05-15T23:25:30.410483,10.00,0.00,0.00,100.00
2026-05-15T23:25:30.513741,10.00,10.00,0.00,100.00
2026-05-15T23:25:30.616916,18.20,0.00,10.00,100.00
2026-05-15T23:25:30.719850,0.00,0.00,0.00,100.00
2026-05-15T23:25:30.822925,10.00,0.00,0.00,100.00
2026-05-15T23:25:30.926793,9.10,10.00,10.00,100.00
2026-05-15T23:25:31.030383,0.00,0.00,0.00,100.00
2026-05-15T23:25:31.133955,10.00,0.00,10.00,100.00
2026-05-15T23:25:31.237602,9.10,0.00,0.00,100.00
2026-05-15T23:25:31.341026,10.00,10.00,0.00,100.00
2026-05-15T23:25:31.444300,0.00,0.00,0.00,100.00
2026-05-15T23:25:31.547414,0.00,0.00,0.00,100.00
2026-05-15T23:25:31.651228,10.00,10.00,0.00,100.00
2026-05-15T23:25:31.754689,0.00,10.00,0.00,100.00
2026-05-15T23:25:31.858196,9.10,0.00,0.00,100.00
2026-05-15T23:25:31.962255,10.00,0.00,10.00,100.00
2026-05-15T23:25:32.065570,0.00,0.00,0.00,100.00
2026-05-15T23:25:32.168731,10.00,0.00,0.00,100.00
2026-05-15T23:25:32.330545,18.70,14.30,33.30,100.00
2026-05-15T23:25:32.434187,11.10,0.00,100.00,100.00
2026-05-15T23:25:32.537553,18.20,10.00,100.00,100.00
2026-05-15T23:25:32.641086,18.20,0.00,100.00,100.00
2026-05-15T23:25:32.744414,18.20,0.00,100.00,100.00
2026-05-15T23:25:32.848049,10.00,0.00,100.00,100.00
2026-05-15T23:25:32.951489,0.00,18.20,100.00,100.00
2026-05-15T23:25:33.054993,16.70,0.00,100.00,100.00
2026-05-15T23:25:33.158344,11.10,0.00,100.00,100.00
2026-05-15T23:25:33.261819,20.00,20.00,100.00,100.00
2026-05-15T23:25:33.365115,25.00,0.00,100.00,100.00
2026-05-15T23:25:33.469488,10.00,10.00,100.00,100.00
2026-05-15T23:25:33.573545,0.00,0.00,100.00,100.00
2026-05-15T23:25:33.677212,10.00,0.00,100.00,100.00
2026-05-15T23:25:33.781184,18.20,18.20,100.00,100.00
2026-05-15T23:25:33.884432,10.00,0.00,100.00,100.00
2026-05-15T23:25:33.988033,10.00,0.00,100.00,100.00
2026-05-15T23:25:34.091360,0.00,10.00,100.00,100.00
2026-05-15T23:25:34.195060,20.00,0.00,100.00,100.00
2026-05-15T23:25:34.298394,10.00,0.00,100.00,100.00
2026-05-15T23:25:34.401982,18.20,10.00,100.00,100.00
2026-05-15T23:25:34.505459,18.20,0.00,100.00,100.00
2026-05-15T23:25:34.609537,10.00,10.00,100.00,100.00
2026-05-15T23:25:34.713449,10.00,0.00,100.00,100.00
2026-05-15T23:25:34.817250,25.00,0.00,100.00,100.00
2026-05-15T23:25:34.920643,0.00,0.00,100.00,100.00
2026-05-15T23:25:35.023917,10.00,11.10,100.00,100.00
2026-05-15T23:25:35.127808,11.10,0.00,100.00,100.00
2026-05-15T23:25:35.231566,0.00,11.10,100.00,100.00
2026-05-15T23:25:35.335171,27.30,12.50,100.00,100.00
2026-05-15T23:25:35.438608,11.10,0.00,100.00,100.00
2026-05-15T23:25:35.542107,11.10,0.00,100.00,100.00
2026-05-15T23:25:35.646291,0.00,12.50,100.00,100.00
2026-05-15T23:25:35.749974,11.10,0.00,100.00,100.00
2026-05-15T23:25:35.853790,11.10,11.10,100.00,100.00
2026-05-15T23:25:35.957810,18.20,0.00,100.00,100.00
2026-05-15T23:25:36.061873,11.10,0.00,100.00,100.00
2026-05-15T23:25:36.165683,20.00,0.00,100.00,100.00
2026-05-15T23:25:36.270429,11.10,20.00,100.00,100.00
2026-05-15T23:25:36.374469,27.30,12.50,100.00,100.00
2026-05-15T23:25:36.479310,11.10,0.00,100.00,100.00
2026-05-15T23:25:36.583512,20.00,11.10,100.00,100.00
2026-05-15T23:25:36.687578,11.10,0.00,100.00,100.00
2026-05-15T23:25:36.791070,18.20,0.00,100.00,100.00
2026-05-15T23:25:36.895405,20.00,0.00,100.00,100.00
2026-05-15T23:25:36.999167,11.10,0.00,100.00,100.00
2026-05-15T23:25:37.103551,20.00,11.10,100.00,100.00
2026-05-15T23:25:37.207336,20.00,0.00,100.00,100.00
2026-05-15T23:25:37.310815,20.00,20.00,100.00,100.00
2026-05-15T23:25:37.414346,20.00,0.00,100.00,100.00
2026-05-15T23:25:37.517828,11.10,0.00,100.00,100.00
2026-05-15T23:25:37.621648,27.30,0.00,100.00,100.00
2026-05-15T23:25:37.725223,20.00,0.00,100.00,100.00
2026-05-15T23:25:37.829750,11.10,0.00,100.00,100.00
2026-05-15T23:25:37.934541,20.00,11.10,100.00,100.00
2026-05-15T23:25:38.038116,20.00,0.00,100.00,100.00
2026-05-15T23:25:38.142446,11.10,11.10,100.00,100.00
2026-05-15T23:25:38.245925,20.00,12.50,100.00,100.00
2026-05-15T23:25:38.349664,11.10,0.00,100.00,100.00
2026-05-15T23:25:38.453239,20.00,0.00,100.00,100.00
2026-05-15T23:25:38.557834,11.10,11.10,100.00,100.00
2026-05-15T23:25:38.661980,20.00,0.00,100.00,100.00
2026-05-15T23:25:38.765627,20.00,0.00,100.00,100.00
2026-05-15T23:25:38.869319,20.00,0.00,100.00,100.00
2026-05-15T23:25:38.972918,11.10,20.00,100.00,100.00
2026-05-15T23:25:39.077328,10.00,0.00,100.00,100.00
2026-05-15T23:25:39.180588,20.00,0.00,100.00,100.00
2026-05-15T23:25:39.284062,22.20,20.00,100.00,100.00
2026-05-15T23:25:39.387695,11.10,12.50,100.00,100.00
2026-05-15T23:25:39.491877,20.00,0.00,100.00,100.00
2026-05-15T23:25:39.595574,11.10,12.50,100.00,100.00
2026-05-15T23:25:39.699134,11.10,11.10,100.00,100.00
2026-05-15T23:25:39.803070,11.10,0.00,100.00,100.00
2026-05-15T23:25:39.906468,20.00,0.00,100.00,100.00
2026-05-15T23:25:40.010193,11.10,0.00,100.00,100.00
2026-05-15T23:25:40.114424,11.10,0.00,100.00,100.00
2026-05-15T23:25:40.218622,10.00,0.00,100.00,100.00
2026-05-15T23:25:40.321974,20.00,18.20,100.00,100.00
2026-05-15T23:25:40.425523,10.00,0.00,100.00,100.00
2026-05-15T23:25:40.529728,18.20,0.00,100.00,100.00
2026-05-15T23:25:40.633341,18.20,27.30,100.00,100.00
2026-05-15T23:25:40.737330,25.00,0.00,100.00,100.00
2026-05-15T23:25:40.840575,11.10,0.00,100.00,100.00
2026-05-15T23:25:40.944627,18.20,0.00,100.00,100.00
2026-05-15T23:25:41.048193,10.00,0.00,100.00,100.00
2026-05-15T23:25:41.152203,18.20,10.00,100.00,100.00
2026-05-15T23:25:41.256100,10.00,0.00,100.00,100.00
2026-05-15T23:25:41.359469,11.10,0.00,100.00,100.00
2026-05-15T23:25:41.462684,18.20,0.00,100.00,100.00
2026-05-15T23:25:41.565829,18.20,0.00,100.00,100.00
2026-05-15T23:25:41.669289,0.00,10.00,100.00,100.00
2026-05-15T23:25:41.772555,10.00,0.00,100.00,100.00
2026-05-15T23:25:41.876485,18.20,0.00,100.00,100.00
2026-05-15T23:25:41.980000,18.20,10.00,100.00,100.00
2026-05-15T23:25:42.083559,10.00,0.00,100.00,100.00
2026-05-15T23:25:42.186849,20.00,0.00,100.00,100.00
2026-05-15T23:25:42.290276,18.20,0.00,100.00,100.00
2026-05-15T23:25:42.394403,25.00,10.00,100.00,100.00
2026-05-15T23:25:42.498354,11.10,11.10,100.00,100.00
2026-05-15T23:25:42.602329,10.00,10.00,100.00,100.00
2026-05-15T23:25:42.705792,10.00,0.00,100.00,100.00
2026-05-15T23:25:42.809635,18.20,0.00,100.00,100.00
2026-05-15T23:25:42.913169,20.00,0.00,100.00,100.00
2026-05-15T23:25:43.016755,10.00,0.00,100.00,100.00
2026-05-15T23:25:43.119883,18.20,0.00,100.00,100.00
2026-05-15T23:25:43.224314,18.20,0.00,100.00,100.00
2026-05-15T23:25:43.328584,20.00,11.10,100.00,100.00
2026-05-15T23:25:43.432153,10.00,10.00,100.00,100.00
2026-05-15T23:25:43.535775,11.10,11.10,100.00,100.00
2026-05-15T23:25:43.639133,25.00,0.00,100.00,100.00
2026-05-15T23:25:43.743384,10.00,10.00,100.00,100.00
2026-05-15T23:25:43.846823,11.10,0.00,100.00,100.00
2026-05-15T23:25:43.950446,20.00,11.10,100.00,100.00
2026-05-15T23:25:44.053650,25.00,0.00,100.00,100.00
2026-05-15T23:25:44.157242,0.00,0.00,100.00,100.00
2026-05-15T23:25:44.260686,20.00,10.00,100.00,100.00
2026-05-15T23:25:44.364221,10.00,10.00,100.00,100.00
2026-05-15T23:25:44.468061,18.20,0.00,100.00,100.00
2026-05-15T23:25:44.571926,11.10,0.00,100.00,100.00
2026-05-15T23:25:44.677631,10.00,11.10,100.00,100.00
2026-05-15T23:25:44.781163,18.20,0.00,100.00,100.00
2026-05-15T23:25:44.884443,11.10,20.00,100.00,100.00
2026-05-15T23:25:44.987656,18.20,10.00,100.00,100.00
2026-05-15T23:25:45.090950,20.00,0.00,100.00,100.00
2026-05-15T23:25:45.195048,0.00,0.00,100.00,100.00
2026-05-15T23:25:45.298358,0.00,0.00,100.00,100.00
2026-05-15T23:25:45.401738,9.10,10.00,100.00,100.00
2026-05-15T23:25:45.505128,9.10,0.00,100.00,100.00
2026-05-15T23:25:45.608248,0.00,0.00,100.00,100.00
2026-05-15T23:25:45.711823,0.00,0.00,100.00,100.00
2026-05-15T23:25:45.815426,0.00,0.00,100.00,100.00
2026-05-15T23:25:45.919172,0.00,9.10,100.00,100.00
2026-05-15T23:25:46.022377,9.10,0.00,100.00,100.00
2026-05-15T23:25:46.125756,0.00,0.00,100.00,100.00
2026-05-15T23:25:46.228971,0.00,0.00,100.00,100.00
2026-05-15T23:25:46.332294,0.00,8.30,100.00,100.00
2026-05-15T23:25:46.435723,0.00,0.00,100.00,100.00
2026-05-15T23:25:46.538985,9.10,0.00,100.00,100.00
2026-05-15T23:25:46.642366,0.00,0.00,100.00,100.00
2026-05-15T23:25:46.747030,0.00,0.00,100.00,100.00
2026-05-15T23:25:46.851154,0.00,9.10,100.00,100.00
2026-05-15T23:25:46.955817,25.00,40.00,100.00,100.00
2026-05-15T23:25:47.059434,9.10,100.00,100.00,100.00
2026-05-15T23:25:47.162877,10.00,100.00,100.00,100.00
2026-05-15T23:25:47.266483,10.00,90.90,100.00,100.00
2026-05-15T23:25:47.369645,20.00,80.00,100.00,100.00
2026-05-15T23:25:47.473332,0.00,0.00,100.00,100.00
2026-05-15T23:25:47.579285,16.70,27.30,100.00,100.00
2026-05-15T23:25:47.682906,0.00,10.00,100.00,100.00
2026-05-15T23:25:47.786501,0.00,0.00,100.00,100.00
2026-05-15T23:25:47.890346,0.00,0.00,100.00,100.00
2026-05-15T23:25:47.993837,0.00,0.00,100.00,100.00
2026-05-15T23:25:48.097429,0.00,9.10,100.00,100.00
2026-05-15T23:25:48.200876,0.00,9.10,100.00,100.00
2026-05-15T23:25:48.304199,0.00,0.00,100.00,100.00
2026-05-15T23:25:48.407879,16.70,0.00,100.00,100.00
2026-05-15T23:25:48.511436,0.00,0.00,100.00,100.00
2026-05-15T23:25:48.614933,0.00,0.00,100.00,100.00
2026-05-15T23:25:48.718201,9.10,0.00,100.00,100.00
2026-05-15T23:25:48.821684,0.00,0.00,100.00,100.00
2026-05-15T23:25:48.924993,0.00,9.10,100.00,100.00
2026-05-15T23:25:49.028188,9.10,0.00,100.00,100.00
2026-05-15T23:25:49.132071,9.10,0.00,100.00,100.00
2026-05-15T23:25:49.236021,0.00,0.00,100.00,100.00
2026-05-15T23:25:49.339914,0.00,0.00,100.00,100.00
2026-05-15T23:25:49.443676,9.10,0.00,100.00,100.00
2026-05-15T23:25:49.547182,9.10,0.00,100.00,100.00
2026-05-15T23:25:49.650456,0.00,16.70,100.00,100.00
2026-05-15T23:25:49.754473,0.00,0.00,100.00,100.00
2026-05-15T23:25:49.858175,0.00,0.00,100.00,100.00
2026-05-15T23:25:49.961695,0.00,0.00,100.00,100.00
2026-05-15T23:25:50.064960,0.00,0.00,100.00,100.00
2026-05-15T23:25:50.168375,16.70,0.00,100.00,100.00
2026-05-15T23:25:50.271871,0.00,0.00,100.00,100.00
2026-05-15T23:25:50.375306,9.10,9.10,100.00,100.00
2026-05-15T23:25:50.478697,0.00,0.00,100.00,100.00
2026-05-15T23:25:50.582082,0.00,0.00,100.00,100.00
2026-05-15T23:25:50.685384,10.00,10.00,100.00,100.00
2026-05-15T23:25:50.788782,0.00,0.00,100.00,100.00
2026-05-15T23:25:50.892332,0.00,0.00,100.00,100.00
2026-05-15T23:25:50.995553,0.00,0.00,100.00,100.00
2026-05-15T23:25:51.098857,9.10,8.30,100.00,100.00
2026-05-15T23:25:51.202024,9.10,0.00,100.00,100.00
2026-05-15T23:25:51.305340,0.00,0.00,100.00,100.00
2026-05-15T23:25:51.408689,16.70,0.00,100.00,100.00
2026-05-15T23:25:51.512217,0.00,0.00,100.00,100.00
2026-05-15T23:25:51.616387,0.00,0.00,100.00,100.00
2026-05-15T23:25:51.720111,0.00,16.70,100.00,100.00
2026-05-15T23:25:51.826442,9.10,10.00,100.00,100.00
2026-05-15T23:25:51.930051,0.00,0.00,100.00,100.00
2026-05-15T23:25:52.033639,0.00,0.00,100.00,100.00
2026-05-15T23:25:52.137299,0.00,9.10,100.00,100.00
2026-05-15T23:25:52.240729,0.00,0.00,100.00,100.00
2026-05-15T23:25:52.344385,0.00,0.00,100.00,100.00
2026-05-15T23:25:52.448000,0.00,0.00,100.00,100.00
2026-05-15T23:25:52.551701,0.00,9.10,100.00,100.00
2026-05-15T23:25:52.655152,0.00,9.10,100.00,100.00
2026-05-15T23:25:52.758614,0.00,0.00,100.00,100.00
2026-05-15T23:25:52.861995,0.00,9.10,100.00,100.00
2026-05-15T23:25:52.965445,0.00,0.00,100.00,100.00
2026-05-15T23:25:53.069025,0.00,9.10,100.00,100.00
2026-05-15T23:25:53.172322,9.10,0.00,100.00,100.00
2026-05-15T23:25:53.275750,0.00,9.10,100.00,100.00
2026-05-15T23:25:53.379095,9.10,0.00,100.00,100.00
2026-05-15T23:25:53.482729,0.00,9.10,100.00,100.00
2026-05-15T23:25:53.586118,0.00,0.00,100.00,100.00
2026-05-15T23:25:53.689571,9.10,20.00,100.00,100.00
2026-05-15T23:25:53.793175,0.00,0.00,100.00,100.00
2026-05-15T23:25:53.896547,0.00,0.00,100.00,100.00
2026-05-15T23:25:53.999980,10.00,10.00,100.00,100.00
2026-05-15T23:25:54.103432,0.00,0.00,100.00,100.00
2026-05-15T23:25:54.206939,8.30,9.10,100.00,100.00
2026-05-15T23:25:54.310539,0.00,9.10,100.00,100.00
2026-05-15T23:25:54.414288,0.00,0.00,100.00,100.00
2026-05-15T23:25:54.517827,0.00,9.10,100.00,100.00
2026-05-15T23:25:54.621145,0.00,0.00,100.00,100.00
2026-05-15T23:25:54.724477,0.00,0.00,100.00,100.00
2026-05-15T23:25:54.828188,0.00,0.00,100.00,100.00
2026-05-15T23:25:54.931752,0.00,9.10,100.00,100.00
2026-05-15T23:25:55.035377,10.00,10.00,100.00,100.00
2026-05-15T23:25:55.139020,9.10,0.00,100.00,100.00
2026-05-15T23:25:55.242724,9.10,9.10,100.00,100.00
2026-05-15T23:25:55.346358,0.00,0.00,100.00,100.00
2026-05-15T23:25:55.449965,0.00,0.00,100.00,100.00
2026-05-15T23:25:55.553545,0.00,9.10,100.00,100.00
2026-05-15T23:25:55.657485,0.00,0.00,100.00,100.00
2026-05-15T23:25:55.761136,0.00,9.10,100.00,100.00
2026-05-15T23:25:55.864434,0.00,0.00,100.00,100.00
2026-05-15T23:25:55.968270,0.00,0.00,100.00,100.00
2026-05-15T23:25:56.071719,9.10,0.00,100.00,100.00
2026-05-15T23:25:56.175483,0.00,0.00,100.00,100.00
2026-05-15T23:25:56.279197,0.00,9.10,100.00,100.00
2026-05-15T23:25:56.382659,0.00,0.00,100.00,100.00
2026-05-15T23:25:56.485833,9.10,0.00,100.00,100.00
2026-05-15T23:25:56.589144,9.10,9.10,100.00,100.00
2026-05-15T23:25:56.692392,9.10,10.00,100.00,100.00
2026-05-15T23:25:56.795636,0.00,0.00,100.00,100.00
2026-05-15T23:25:56.898818,0.00,0.00,100.00,100.00
2026-05-15T23:25:57.002106,9.10,9.10,100.00,100.00
2026-05-15T23:25:57.105413,0.00,0.00,100.00,100.00
2026-05-15T23:25:57.208623,0.00,0.00,100.00,100.00
2026-05-15T23:25:57.312121,0.00,9.10,100.00,100.00
2026-05-15T23:25:57.415257,0.00,0.00,100.00,100.00
2026-05-15T23:25:57.518494,9.10,0.00,100.00,100.00
2026-05-15T23:25:57.621848,0.00,0.00,100.00,100.00
2026-05-15T23:25:57.725038,0.00,0.00,100.00,100.00
2026-05-15T23:25:57.828434,0.00,0.00,100.00,100.00
2026-05-15T23:25:57.931705,0.00,0.00,100.00,100.00
2026-05-15T23:25:58.035023,0.00,9.10,100.00,100.00
2026-05-15T23:25:58.138360,9.10,0.00,100.00,100.00
2026-05-15T23:25:58.241863,0.00,9.10,100.00,100.00
2026-05-15T23:25:58.345176,0.00,0.00,100.00,100.00
2026-05-15T23:25:58.448787,9.10,0.00,100.00,100.00
2026-05-15T23:25:58.552292,0.00,0.00,100.00,100.00
2026-05-15T23:25:58.655789,0.00,0.00,100.00,100.00
2026-05-15T23:25:58.759119,0.00,0.00,100.00,100.00
2026-05-15T23:25:58.862335,9.10,0.00,100.00,100.00
2026-05-15T23:25:58.965643,0.00,9.10,100.00,100.00
2026-05-15T23:25:59.068937,9.10,0.00,100.00,100.00
2026-05-15T23:25:59.172385,9.10,0.00,100.00,100.00
2026-05-15T23:25:59.275608,0.00,9.10,100.00,100.00
2026-05-15T23:25:59.378948,9.10,0.00,100.00,100.00
2026-05-15T23:25:59.482204,0.00,0.00,100.00,100.00
2026-05-15T23:25:59.585470,0.00,9.10,100.00,100.00
2026-05-15T23:25:59.688619,0.00,20.00,100.00,100.00
2026-05-15T23:25:59.791742,0.00,0.00,100.00,100.00
2026-05-15T23:25:59.895083,9.10,0.00,100.00,100.00
2026-05-15T23:25:59.998590,0.00,0.00,100.00,100.00
2026-05-15T23:26:00.101990,0.00,0.00,100.00,100.00
2026-05-15T23:26:00.205240,0.00,0.00,100.00,100.00
2026-05-15T23:26:00.308666,9.10,0.00,100.00,100.00
2026-05-15T23:26:00.412068,0.00,9.10,100.00,100.00
2026-05-15T23:26:00.515396,0.00,0.00,100.00,100.00
2026-05-15T23:26:00.619101,0.00,0.00,100.00,100.00
2026-05-15T23:26:00.722225,9.10,0.00,100.00,100.00
2026-05-15T23:26:00.825718,9.10,0.00,100.00,100.00
2026-05-15T23:26:00.929039,0.00,0.00,100.00,100.00
2026-05-15T23:26:01.032218,0.00,9.10,100.00,100.00
2026-05-15T23:26:01.135545,0.00,0.00,100.00,100.00
2026-05-15T23:26:01.238722,0.00,0.00,100.00,100.00
2026-05-15T23:26:01.342331,0.00,0.00,100.00,100.00
2026-05-15T23:26:01.445642,0.00,9.10,100.00,100.00
2026-05-15T23:26:01.549043,0.00,0.00,100.00,100.00
2026-05-15T23:26:01.652418,0.00,0.00,100.00,100.00
2026-05-15T23:26:01.755976,8.30,0.00,100.00,100.00
2026-05-15T23:26:01.859581,0.00,9.10,100.00,100.00
2026-05-15T23:26:01.962985,0.00,0.00,100.00,100.00
2026-05-15T23:26:02.066411,0.00,0.00,100.00,100.00
2026-05-15T23:26:02.169746,0.00,9.10,100.00,100.00
2026-05-15T23:26:02.273277,8.30,0.00,100.00,100.00
2026-05-15T23:26:02.376756,0.00,9.10,100.00,100.00
2026-05-15T23:26:02.480187,0.00,9.10,100.00,100.00
2026-05-15T23:26:02.583651,0.00,0.00,100.00,100.00
2026-05-15T23:26:02.687219,0.00,20.00,100.00,100.00
2026-05-15T23:26:02.790735,9.10,0.00,100.00,100.00
2026-05-15T23:26:02.894080,0.00,0.00,100.00,100.00
2026-05-15T23:26:02.997312,0.00,0.00,100.00,100.00
2026-05-15T23:26:03.100409,9.10,0.00,100.00,100.00
2026-05-15T23:26:03.203635,0.00,0.00,100.00,100.00
2026-05-15T23:26:03.306985,9.10,9.10,100.00,100.00
2026-05-15T23:26:03.410387,0.00,0.00,100.00,100.00
2026-05-15T23:26:03.513707,0.00,0.00,100.00,100.00
2026-05-15T23:26:03.617470,8.30,0.00,100.00,100.00
2026-05-15T23:26:03.720637,0.00,0.00,100.00,100.00
2026-05-15T23:26:03.823886,0.00,0.00,100.00,100.00
2026-05-15T23:26:03.929662,0.00,9.10,100.00,100.00
2026-05-15T23:26:04.032846,10.00,9.10,100.00,100.00
2026-05-15T23:26:04.136069,0.00,0.00,100.00,100.00
2026-05-15T23:26:04.239364,9.10,0.00,100.00,100.00
2026-05-15T23:26:04.342669,0.00,0.00,100.00,100.00
2026-05-15T23:26:04.446119,9.10,0.00,100.00,100.00
2026-05-15T23:26:04.549288,0.00,0.00,100.00,100.00
2026-05-15T23:26:04.652677,0.00,0.00,100.00,100.00
2026-05-15T23:26:04.756096,0.00,0.00,100.00,100.00
2026-05-15T23:26:04.859591,0.00,0.00,100.00,100.00
2026-05-15T23:26:04.962921,9.10,9.10,100.00,100.00
2026-05-15T23:26:05.066298,9.10,0.00,100.00,100.00
2026-05-15T23:26:05.169571,0.00,9.10,100.00,100.00
2026-05-15T23:26:05.272936,9.10,0.00,100.00,100.00
2026-05-15T23:26:05.376130,0.00,0.00,100.00,100.00
2026-05-15T23:26:05.479323,0.00,0.00,100.00,100.00
2026-05-15T23:26:05.582639,0.00,9.10,100.00,100.00
2026-05-15T23:26:05.686160,9.10,9.10,100.00,100.00
2026-05-15T23:26:05.789360,0.00,10.00,100.00,100.00
2026-05-15T23:26:05.893112,0.00,0.00,100.00,100.00
2026-05-15T23:26:05.996282,9.10,0.00,100.00,100.00
2026-05-15T23:26:06.099501,0.00,0.00,100.00,100.00
2026-05-15T23:26:06.202648,0.00,0.00,100.00,100.00
2026-05-15T23:26:06.305744,0.00,0.00,100.00,100.00
2026-05-15T23:26:06.409012,0.00,0.00,100.00,100.00
2026-05-15T23:26:06.512360,0.00,0.00,100.00,100.00
2026-05-15T23:26:06.615519,9.10,0.00,100.00,100.00
2026-05-15T23:26:06.718786,0.00,9.10,100.00,100.00
2026-05-15T23:26:06.822104,0.00,0.00,100.00,100.00
2026-05-15T23:26:06.925863,0.00,0.00,100.00,100.00
2026-05-15T23:26:07.029202,9.10,0.00,100.00,100.00
2026-05-15T23:26:07.132580,16.70,18.20,100.00,100.00
2026-05-15T23:26:07.235851,0.00,0.00,100.00,100.00
2026-05-15T23:26:07.339059,0.00,0.00,100.00,100.00
2026-05-15T23:26:07.442342,9.10,0.00,100.00,100.00
2026-05-15T23:26:07.545512,0.00,0.00,100.00,100.00
2026-05-15T23:26:07.648817,0.00,0.00,100.00,100.00
2026-05-15T23:26:07.752122,0.00,0.00,100.00,100.00
2026-05-15T23:26:07.855335,9.10,0.00,100.00,100.00
2026-05-15T23:26:07.958503,0.00,9.10,100.00,100.00
2026-05-15T23:26:08.061694,0.00,0.00,100.00,100.00
2026-05-15T23:26:08.164882,0.00,0.00,100.00,100.00
2026-05-15T23:26:08.268137,0.00,0.00,100.00,100.00
2026-05-15T23:26:08.371632,9.10,0.00,100.00,100.00
2026-05-15T23:26:08.474914,0.00,10.00,100.00,100.00
2026-05-15T23:26:08.578029,0.00,0.00,100.00,100.00
2026-05-15T23:26:08.681348,0.00,0.00,100.00,100.00
2026-05-15T23:26:08.784629,10.00,10.00,100.00,100.00
2026-05-15T23:26:08.887874,9.10,0.00,100.00,100.00
2026-05-15T23:26:08.991234,0.00,0.00,100.00,100.00
2026-05-15T23:26:09.094520,9.10,0.00,100.00,100.00
2026-05-15T23:26:09.197593,0.00,9.10,100.00,100.00
2026-05-15T23:26:09.300919,9.10,0.00,100.00,100.00
2026-05-15T23:26:09.404101,9.10,0.00,100.00,100.00
2026-05-15T23:26:09.507430,0.00,0.00,100.00,100.00
2026-05-15T23:26:09.610476,0.00,0.00,100.00,100.00
2026-05-15T23:26:09.713790,0.00,0.00,100.00,100.00
2026-05-15T23:26:09.817686,0.00,9.10,100.00,100.00
2026-05-15T23:26:09.920853,0.00,0.00,100.00,100.00
2026-05-15T23:26:10.024198,8.30,9.10,100.00,100.00
2026-05-15T23:26:10.127462,0.00,0.00,100.00,100.00
2026-05-15T23:26:10.230718,0.00,0.00,100.00,100.00
2026-05-15T23:26:10.333917,0.00,0.00,100.00,100.00
2026-05-15T23:26:10.437136,0.00,0.00,100.00,100.00
2026-05-15T23:26:10.540463,9.10,0.00,100.00,100.00
2026-05-15T23:26:10.643783,0.00,0.00,100.00,100.00
2026-05-15T23:26:10.747039,0.00,0.00,100.00,100.00
2026-05-15T23:26:10.850287,9.10,0.00,100.00,100.00
2026-05-15T23:26:10.953533,0.00,9.10,100.00,100.00
2026-05-15T23:26:11.056749,9.10,0.00,100.00,100.00
2026-05-15T23:26:11.160060,9.10,0.00,100.00,100.00
2026-05-15T23:26:11.263389,0.00,10.00,100.00,100.00
2026-05-15T23:26:11.366688,0.00,0.00,100.00,100.00
2026-05-15T23:26:11.469934,9.10,0.00,100.00,100.00
2026-05-15T23:26:11.573102,0.00,0.00,100.00,100.00
2026-05-15T23:26:11.676348,0.00,0.00,100.00,100.00
2026-05-15T23:26:11.779645,0.00,18.20,100.00,100.00
2026-05-15T23:26:11.882844,0.00,0.00,100.00,100.00
2026-05-15T23:26:11.986613,16.70,0.00,100.00,100.00
2026-05-15T23:26:12.090337,0.00,0.00,100.00,100.00
2026-05-15T23:26:12.193670,0.00,0.00,100.00,100.00
2026-05-15T23:26:12.296924,0.00,0.00,100.00,100.00
2026-05-15T23:26:12.400264,9.10,0.00,100.00,100.00
2026-05-15T23:26:12.503631,0.00,0.00,100.00,100.00
2026-05-15T23:26:12.607690,0.00,0.00,100.00,100.00
2026-05-15T23:26:12.711105,0.00,9.10,100.00,100.00
2026-05-15T23:26:12.814808,9.10,0.00,100.00,100.00
2026-05-15T23:26:12.918208,0.00,0.00,100.00,100.00
2026-05-15T23:26:13.021929,0.00,9.10,100.00,100.00
2026-05-15T23:26:13.125794,0.00,0.00,100.00,100.00
2026-05-15T23:26:13.229280,25.00,9.10,100.00,100.00
2026-05-15T23:26:13.332617,0.00,0.00,100.00,100.00
2026-05-15T23:26:13.435846,0.00,9.10,100.00,100.00
2026-05-15T23:26:13.539200,9.10,0.00,100.00,100.00
2026-05-15T23:26:13.642807,0.00,0.00,100.00,100.00
2026-05-15T23:26:13.746098,0.00,0.00,100.00,100.00
2026-05-15T23:26:13.849938,9.10,0.00,100.00,100.00
2026-05-15T23:26:13.953366,0.00,10.00,100.00,100.00
2026-05-15T23:26:14.056650,0.00,9.10,100.00,100.00
2026-05-15T23:26:14.160356,0.00,0.00,100.00,100.00
2026-05-15T23:26:14.263586,0.00,0.00,100.00,100.00
2026-05-15T23:26:14.367348,9.10,9.10,100.00,100.00
2026-05-15T23:26:14.470689,0.00,0.00,100.00,100.00
2026-05-15T23:26:14.574007,0.00,9.10,100.00,100.00
2026-05-15T23:26:14.677321,9.10,0.00,100.00,100.00
2026-05-15T23:26:14.780408,9.10,10.00,100.00,100.00
2026-05-15T23:26:14.883684,0.00,0.00,100.00,100.00
2026-05-15T23:26:14.987071,9.10,0.00,100.00,100.00
2026-05-15T23:26:15.090357,9.10,0.00,100.00,100.00
2026-05-15T23:26:15.194061,0.00,0.00,100.00,100.00
2026-05-15T23:26:15.297410,0.00,9.10,100.00,100.00
2026-05-15T23:26:15.400933,9.10,9.10,100.00,100.00
2026-05-15T23:26:15.504247,0.00,0.00,100.00,100.00
2026-05-15T23:26:15.607488,0.00,0.00,100.00,100.00
2026-05-15T23:26:15.711046,0.00,0.00,100.00,100.00
2026-05-15T23:26:15.814543,0.00,0.00,100.00,100.00
2026-05-15T23:26:15.918090,0.00,9.10,100.00,100.00
2026-05-15T23:26:16.021612,0.00,0.00,100.00,100.00
2026-05-15T23:26:16.124939,9.10,0.00,100.00,100.00
2026-05-15T23:26:16.228137,0.00,0.00,100.00,100.00
2026-05-15T23:26:16.331258,0.00,9.10,100.00,100.00
2026-05-15T23:26:16.434739,0.00,0.00,100.00,100.00
2026-05-15T23:26:16.538265,0.00,0.00,100.00,100.00
2026-05-15T23:26:16.641491,16.70,0.00,100.00,100.00
2026-05-15T23:26:16.744913,0.00,0.00,100.00,100.00
2026-05-15T23:26:16.848093,0.00,0.00,100.00,100.00
2026-05-15T23:26:16.951278,0.00,0.00,100.00,100.00
2026-05-15T23:26:17.054554,9.10,0.00,100.00,100.00
2026-05-15T23:26:17.157880,0.00,16.70,100.00,100.00
2026-05-15T23:26:17.261201,9.10,0.00,100.00,100.00
2026-05-15T23:26:17.364505,9.10,0.00,100.00,100.00
2026-05-15T23:26:17.467901,0.00,0.00,100.00,100.00
2026-05-15T23:26:17.571259,0.00,0.00,100.00,100.00
2026-05-15T23:26:17.674613,0.00,0.00,100.00,100.00
2026-05-15T23:26:17.778186,10.00,18.20,100.00,100.00
2026-05-15T23:26:17.881331,0.00,0.00,100.00,100.00
2026-05-15T23:26:17.984533,9.10,0.00,100.00,100.00
2026-05-15T23:26:18.087919,9.10,0.00,100.00,100.00
2026-05-15T23:26:18.191141,0.00,9.10,100.00,100.00
2026-05-15T23:26:18.294572,0.00,0.00,100.00,100.00
2026-05-15T23:26:18.398089,0.00,0.00,100.00,100.00
2026-05-15T23:26:18.501681,0.00,9.10,100.00,100.00
2026-05-15T23:26:18.605462,0.00,0.00,100.00,100.00
2026-05-15T23:26:18.708876,0.00,0.00,100.00,100.00
2026-05-15T23:26:18.812319,0.00,16.70,100.00,100.00
2026-05-15T23:26:18.915665,0.00,0.00,100.00,100.00
2026-05-15T23:26:19.019002,9.10,0.00,100.00,100.00
2026-05-15T23:26:19.122483,0.00,0.00,100.00,100.00
2026-05-15T23:26:19.226571,16.70,9.10,100.00,100.00
2026-05-15T23:26:19.329955,0.00,0.00,100.00,100.00
2026-05-15T23:26:19.433557,0.00,0.00,100.00,100.00
2026-05-15T23:26:19.537019,0.00,9.10,100.00,100.00
2026-05-15T23:26:19.640490,0.00,0.00,100.00,100.00
2026-05-15T23:26:19.743826,0.00,0.00,100.00,100.00
2026-05-15T23:26:19.847117,0.00,0.00,100.00,100.00
2026-05-15T23:26:19.950421,9.10,9.10,100.00,100.00
2026-05-15T23:26:20.053850,0.00,0.00,100.00,100.00
2026-05-15T23:26:20.157330,0.00,10.00,100.00,100.00
2026-05-15T23:26:20.260640,0.00,0.00,100.00,100.00
2026-05-15T23:26:20.363855,0.00,0.00,100.00,100.00
2026-05-15T23:26:20.467142,9.10,9.10,100.00,100.00
2026-05-15T23:26:20.570491,0.00,0.00,100.00,100.00
2026-05-15T23:26:20.673812,0.00,0.00,100.00,100.00
2026-05-15T23:26:20.777052,0.00,10.00,100.00,100.00
2026-05-15T23:26:20.880400,9.10,0.00,100.00,100.00
2026-05-15T23:26:20.983615,0.00,0.00,100.00,100.00
2026-05-15T23:26:21.087169,0.00,9.10,100.00,100.00
2026-05-15T23:26:21.190522,0.00,0.00,100.00,100.00
2026-05-15T23:26:21.293850,0.00,0.00,100.00,100.00
2026-05-15T23:26:21.397107,9.10,0.00,100.00,100.00
2026-05-15T23:26:21.500236,0.00,0.00,100.00,100.00
2026-05-15T23:26:21.604335,0.00,9.10,100.00,100.00
2026-05-15T23:26:21.707560,9.10,8.30,100.00,100.00
2026-05-15T23:26:21.810785,9.10,0.00,100.00,100.00
2026-05-15T23:26:21.913915,10.00,9.10,100.00,100.00
2026-05-15T23:26:22.017186,0.00,0.00,100.00,100.00
2026-05-15T23:26:22.120495,9.10,0.00,100.00,100.00
2026-05-15T23:26:22.223641,9.10,0.00,100.00,100.00
2026-05-15T23:26:22.326798,0.00,0.00,100.00,100.00
2026-05-15T23:26:22.430092,0.00,9.10,100.00,100.00
2026-05-15T23:26:22.533280,0.00,0.00,100.00,100.00
2026-05-15T23:26:22.636367,9.10,0.00,100.00,100.00
2026-05-15T23:26:22.739688,0.00,0.00,100.00,100.00
2026-05-15T23:26:22.842848,0.00,0.00,100.00,100.00
2026-05-15T23:26:22.946210,0.00,0.00,100.00,100.00
2026-05-15T23:26:23.049501,0.00,0.00,100.00,100.00
2026-05-15T23:26:23.153186,9.10,0.00,100.00,100.00
2026-05-15T23:26:23.256329,0.00,0.00,100.00,100.00
2026-05-15T23:26:23.359597,0.00,0.00,100.00,100.00
2026-05-15T23:26:23.463038,16.70,9.10,100.00,100.00
2026-05-15T23:26:23.566321,0.00,9.10,100.00,100.00
2026-05-15T23:26:23.669524,0.00,0.00,100.00,100.00
2026-05-15T23:26:23.772821,0.00,0.00,100.00,100.00
2026-05-15T23:26:23.876070,9.10,10.00,100.00,100.00
2026-05-15T23:26:23.979339,0.00,9.10,100.00,100.00
2026-05-15T23:26:24.082616,0.00,0.00,100.00,100.00
2026-05-15T23:26:24.186470,9.10,0.00,100.00,100.00
2026-05-15T23:26:24.289511,9.10,0.00,100.00,100.00
2026-05-15T23:26:24.392914,0.00,0.00,100.00,100.00
2026-05-15T23:26:24.496266,0.00,0.00,100.00,100.00
2026-05-15T23:26:24.599383,0.00,0.00,100.00,100.00
2026-05-15T23:26:24.702715,9.10,9.10,100.00,100.00
2026-05-15T23:26:24.806052,0.00,0.00,100.00,100.00
2026-05-15T23:26:24.909238,0.00,0.00,100.00,100.00
2026-05-15T23:26:25.012442,0.00,9.10,100.00,100.00
2026-05-15T23:26:25.115580,9.10,0.00,100.00,100.00
2026-05-15T23:26:25.218828,9.10,0.00,100.00,100.00
2026-05-15T23:26:25.322138,0.00,0.00,100.00,100.00
2026-05-15T23:26:25.425354,9.10,0.00,100.00,100.00
2026-05-15T23:26:25.528661,0.00,0.00,100.00,100.00
2026-05-15T23:26:25.631945,0.00,0.00,100.00,100.00
2026-05-15T23:26:25.735874,0.00,0.00,100.00,100.00
2026-05-15T23:26:25.839563,0.00,16.70,100.00,100.00
2026-05-15T23:26:25.943115,0.00,0.00,100.00,100.00
2026-05-15T23:26:26.046994,0.00,9.10,100.00,100.00
2026-05-15T23:26:26.150932,0.00,0.00,100.00,100.00
2026-05-15T23:26:26.254589,0.00,0.00,100.00,100.00
2026-05-15T23:26:26.358006,9.10,9.10,100.00,100.00
2026-05-15T23:26:26.461355,0.00,0.00,100.00,100.00
2026-05-15T23:26:26.564794,0.00,0.00,100.00,100.00
2026-05-15T23:26:26.668200,0.00,9.10,100.00,100.00
2026-05-15T23:26:26.771650,0.00,0.00,100.00,100.00
2026-05-15T23:26:26.875121,0.00,18.20,100.00,100.00
2026-05-15T23:26:26.978541,0.00,0.00,100.00,100.00
2026-05-15T23:26:27.082150,9.10,10.00,100.00,100.00
2026-05-15T23:26:27.185748,0.00,0.00,100.00,100.00
2026-05-15T23:26:27.289288,0.00,10.00,100.00,100.00
2026-05-15T23:26:27.392855,0.00,9.10,100.00,100.00
2026-05-15T23:26:27.496553,0.00,9.10,100.00,100.00
2026-05-15T23:26:27.599929,9.10,0.00,100.00,100.00
2026-05-15T23:26:27.703505,9.10,0.00,100.00,100.00
2026-05-15T23:26:27.807383,0.00,9.10,100.00,100.00
2026-05-15T23:26:27.910917,0.00,0.00,100.00,100.00
2026-05-15T23:26:28.014386,0.00,0.00,100.00,100.00
2026-05-15T23:26:28.117942,0.00,0.00,100.00,100.00
2026-05-15T23:26:28.221440,0.00,9.10,100.00,100.00
2026-05-15T23:26:28.324812,9.10,0.00,100.00,100.00
2026-05-15T23:26:28.428087,0.00,0.00,100.00,100.00
2026-05-15T23:26:28.531565,0.00,0.00,100.00,100.00
2026-05-15T23:26:28.635187,0.00,9.10,100.00,100.00
2026-05-15T23:26:28.738689,0.00,9.10,100.00,100.00
2026-05-15T23:26:28.842418,0.00,0.00,100.00,100.00
2026-05-15T23:26:28.946177,9.10,0.00,100.00,100.00
2026-05-15T23:26:29.049864,0.00,0.00,100.00,100.00
2026-05-15T23:26:29.153482,0.00,9.10,100.00,100.00
2026-05-15T23:26:29.257002,10.00,0.00,100.00,100.00
2026-05-15T23:26:29.360180,9.10,0.00,100.00,100.00
2026-05-15T23:26:29.463535,0.00,0.00,100.00,100.00
2026-05-15T23:26:29.566863,0.00,0.00,100.00,100.00
2026-05-15T23:26:29.670067,0.00,0.00,100.00,100.00
2026-05-15T23:26:29.773293,9.10,0.00,100.00,100.00
2026-05-15T23:26:29.876432,10.00,18.20,100.00,100.00
2026-05-15T23:26:29.979579,0.00,0.00,100.00,100.00
2026-05-15T23:26:30.082837,0.00,0.00,100.00,100.00
2026-05-15T23:26:30.186076,0.00,0.00,100.00,100.00
2026-05-15T23:26:30.289282,16.70,0.00,100.00,100.00
2026-05-15T23:26:30.392424,0.00,0.00,100.00,100.00
2026-05-15T23:26:30.495804,0.00,0.00,100.00,100.00
2026-05-15T23:26:30.599070,9.10,0.00,100.00,100.00
2026-05-15T23:26:30.702384,0.00,0.00,100.00,100.00
2026-05-15T23:26:30.805616,0.00,9.10,100.00,100.00
2026-05-15T23:26:30.909091,0.00,0.00,100.00,100.00
2026-05-15T23:26:31.012567,0.00,0.00,100.00,100.00
2026-05-15T23:26:31.115921,9.10,0.00,100.00,100.00
2026-05-15T23:26:31.219266,0.00,0.00,100.00,100.00
2026-05-15T23:26:31.322599,0.00,9.10,100.00,100.00
2026-05-15T23:26:31.425958,9.10,0.00,100.00,100.00
2026-05-15T23:26:31.529187,9.10,0.00,100.00,100.00
2026-05-15T23:26:31.632447,0.00,0.00,100.00,100.00
2026-05-15T23:26:31.735853,0.00,0.00,100.00,100.00
2026-05-15T23:26:31.839063,0.00,9.10,100.00,100.00
2026-05-15T23:26:31.942268,9.10,0.00,100.00,100.00
2026-05-15T23:26:32.045382,9.10,0.00,100.00,100.00
2026-05-15T23:26:32.148531,0.00,0.00,100.00,100.00
2026-05-15T23:26:32.251881,0.00,0.00,100.00,100.00
2026-05-15T23:26:32.355206,9.10,0.00,100.00,100.00
2026-05-15T23:26:32.458566,0.00,0.00,100.00,100.00
2026-05-15T23:26:32.561996,0.00,0.00,100.00,100.00
2026-05-15T23:26:32.665345,0.00,9.10,100.00,100.00
2026-05-15T23:26:32.768844,0.00,0.00,100.00,100.00
2026-05-15T23:26:32.872107,10.00,10.00,100.00,100.00
2026-05-15T23:26:32.975529,0.00,0.00,100.00,100.00
2026-05-15T23:26:33.078943,0.00,0.00,100.00,100.00
2026-05-15T23:26:33.182292,0.00,9.10,100.00,100.00
2026-05-15T23:26:33.285736,0.00,0.00,100.00,100.00
2026-05-15T23:26:33.389076,9.10,0.00,100.00,100.00
2026-05-15T23:26:33.492654,0.00,9.10,100.00,100.00
2026-05-15T23:26:33.596189,0.00,9.10,100.00,100.00
2026-05-15T23:26:33.699600,9.10,0.00,100.00,100.00
2026-05-15T23:26:33.803084,0.00,0.00,100.00,100.00
2026-05-15T23:26:33.906290,0.00,9.10,100.00,100.00
2026-05-15T23:26:34.009822,0.00,0.00,100.00,100.00
2026-05-15T23:26:34.113228,0.00,9.10,100.00,100.00
2026-05-15T23:26:34.216826,9.10,0.00,100.00,100.00
2026-05-15T23:26:34.320245,0.00,0.00,100.00,100.00
2026-05-15T23:26:34.423527,9.10,0.00,100.00,100.00
2026-05-15T23:26:34.526806,0.00,0.00,100.00,100.00
2026-05-15T23:26:34.630219,0.00,16.70,100.00,100.00
2026-05-15T23:26:34.733801,0.00,0.00,100.00,100.00
2026-05-15T23:26:34.837391,0.00,0.00,100.00,100.00
2026-05-15T23:26:34.940949,0.00,9.10,100.00,100.00
2026-05-15T23:26:35.044756,10.00,0.00,100.00,100.00
2026-05-15T23:26:35.148083,9.10,0.00,100.00,100.00
2026-05-15T23:26:35.251426,0.00,10.00,100.00,100.00
2026-05-15T23:26:35.355206,0.00,0.00,100.00,100.00
2026-05-15T23:26:35.458574,9.10,9.10,100.00,100.00
2026-05-15T23:26:35.561869,0.00,0.00,100.00,100.00
2026-05-15T23:26:35.665208,9.10,9.10,100.00,100.00
2026-05-15T23:26:35.768393,9.10,0.00,100.00,100.00
2026-05-15T23:26:35.871554,10.00,10.00,100.00,100.00
2026-05-15T23:26:35.974718,0.00,0.00,100.00,100.00
2026-05-15T23:26:36.077945,0.00,9.10,100.00,100.00
2026-05-15T23:26:36.181326,0.00,0.00,100.00,100.00
2026-05-15T23:26:36.284736,0.00,0.00,100.00,100.00
2026-05-15T23:26:36.387997,10.00,0.00,100.00,100.00
2026-05-15T23:26:36.491276,0.00,0.00,100.00,100.00
2026-05-15T23:26:36.594821,0.00,0.00,100.00,100.00
2026-05-15T23:26:36.698095,0.00,9.10,100.00,100.00
2026-05-15T23:26:36.801577,0.00,0.00,100.00,100.00
2026-05-15T23:26:36.904816,9.10,0.00,100.00,100.00
2026-05-15T23:26:37.007978,16.70,0.00,100.00,100.00
2026-05-15T23:26:37.111321,0.00,0.00,100.00,100.00
2026-05-15T23:26:37.214609,0.00,0.00,100.00,100.00
2026-05-15T23:26:37.317845,0.00,16.70,100.00,100.00
2026-05-15T23:26:37.421122,0.00,0.00,100.00,100.00
2026-05-15T23:26:37.524378,0.00,0.00,100.00,100.00
2026-05-15T23:26:37.627719,8.30,9.10,100.00,100.00
2026-05-15T23:26:37.730981,0.00,0.00,100.00,100.00
2026-05-15T23:26:37.834253,0.00,0.00,100.00,100.00
2026-05-15T23:26:37.937558,0.00,0.00,100.00,100.00
2026-05-15T23:26:38.041013,9.10,0.00,100.00,100.00
2026-05-15T23:26:38.144217,9.10,0.00,100.00,100.00
2026-05-15T23:26:38.247635,0.00,0.00,100.00,100.00
2026-05-15T23:26:38.350991,0.00,9.10,100.00,100.00
2026-05-15T23:26:38.454302,0.00,0.00,100.00,100.00
2026-05-15T23:26:38.557591,9.10,0.00,100.00,100.00
2026-05-15T23:26:38.660812,0.00,9.10,100.00,100.00
2026-05-15T23:26:38.764155,0.00,0.00,100.00,100.00
2026-05-15T23:26:38.867976,0.00,10.00,100.00,100.00
2026-05-15T23:26:38.971357,10.00,9.10,100.00,100.00
2026-05-15T23:26:39.074689,0.00,0.00,100.00,100.00
2026-05-15T23:26:39.177971,9.10,9.10,100.00,100.00
2026-05-15T23:26:39.281341,0.00,0.00,100.00,100.00
2026-05-15T23:26:39.384681,0.00,0.00,100.00,100.00
2026-05-15T23:26:39.488009,9.10,9.10,100.00,100.00
2026-05-15T23:26:39.591349,0.00,0.00,100.00,100.00
2026-05-15T23:26:39.694553,9.10,0.00,100.00,100.00
2026-05-15T23:26:39.797889,0.00,0.00,100.00,100.00
2026-05-15T23:26:39.901312,9.10,0.00,100.00,100.00
2026-05-15T23:26:40.004681,0.00,0.00,100.00,100.00
2026-05-15T23:26:40.108105,0.00,0.00,100.00,100.00
2026-05-15T23:26:40.211922,0.00,0.00,100.00,100.00
2026-05-15T23:26:40.315077,9.10,0.00,100.00,100.00
2026-05-15T23:26:40.418263,0.00,0.00,100.00,100.00
2026-05-15T23:26:40.521635,0.00,9.10,100.00,100.00
2026-05-15T23:26:40.624920,0.00,0.00,100.00,100.00
2026-05-15T23:26:40.728390,0.00,0.00,100.00,100.00
2026-05-15T23:26:40.831969,0.00,0.00,100.00,100.00
2026-05-15T23:26:40.935211,9.10,9.10,100.00,100.00
2026-05-15T23:26:41.038649,0.00,9.10,100.00,100.00
2026-05-15T23:26:41.141953,0.00,0.00,100.00,100.00
2026-05-15T23:26:41.245278,18.20,9.10,100.00,100.00
2026-05-15T23:26:41.348468,0.00,0.00,100.00,100.00
2026-05-15T23:26:41.452117,9.10,0.00,100.00,100.00
2026-05-15T23:26:41.555648,0.00,0.00,100.00,100.00
2026-05-15T23:26:41.658959,0.00,16.70,100.00,100.00
2026-05-15T23:26:41.762269,0.00,0.00,100.00,100.00
2026-05-15T23:26:41.865576,9.10,0.00,100.00,100.00
2026-05-15T23:26:41.968949,0.00,11.10,100.00,100.00
2026-05-15T23:26:42.072301,0.00,9.10,100.00,100.00
2026-05-15T23:26:42.175608,0.00,0.00,100.00,100.00
2026-05-15T23:26:42.278982,8.30,0.00,100.00,100.00
2026-05-15T23:26:42.382560,0.00,9.10,100.00,100.00
2026-05-15T23:26:42.486260,0.00,0.00,100.00,100.00
2026-05-15T23:26:42.590018,0.00,9.10,100.00,100.00
2026-05-15T23:26:42.693590,0.00,0.00,100.00,100.00
2026-05-15T23:26:42.797002,0.00,0.00,100.00,100.00
2026-05-15T23:26:42.900525,0.00,9.10,100.00,100.00
2026-05-15T23:26:43.004057,0.00,0.00,100.00,100.00
2026-05-15T23:26:43.107515,0.00,0.00,100.00,100.00
2026-05-15T23:26:43.210927,0.00,9.10,100.00,100.00
2026-05-15T23:26:43.314566,9.10,0.00,100.00,100.00
2026-05-15T23:26:43.418011,0.00,0.00,100.00,100.00
2026-05-15T23:26:43.521383,0.00,0.00,100.00,100.00
2026-05-15T23:26:43.624795,0.00,16.70,100.00,100.00
2026-05-15T23:26:43.728220,0.00,0.00,100.00,100.00
2026-05-15T23:26:43.833478,9.10,0.00,100.00,100.00
2026-05-15T23:26:43.936954,10.00,9.10,100.00,100.00
2026-05-15T23:26:44.040303,25.00,0.00,100.00,100.00
2026-05-15T23:26:44.144339,0.00,0.00,100.00,100.00
2026-05-15T23:26:44.247806,0.00,0.00,100.00,100.00
2026-05-15T23:26:44.351172,9.10,0.00,100.00,100.00
2026-05-15T23:26:44.454471,0.00,10.00,100.00,100.00
2026-05-15T23:26:44.557826,0.00,0.00,100.00,100.00
2026-05-15T23:26:44.661192,9.10,0.00,100.00,100.00
2026-05-15T23:26:44.764465,0.00,0.00,100.00,100.00
2026-05-15T23:26:44.867661,0.00,0.00,100.00,100.00
2026-05-15T23:26:44.970910,9.10,10.00,100.00,100.00
2026-05-15T23:26:45.074114,0.00,9.10,100.00,100.00
2026-05-15T23:26:45.177353,0.00,0.00,100.00,100.00
2026-05-15T23:26:45.280732,10.00,9.10,100.00,100.00
2026-05-15T23:26:45.384033,0.00,0.00,100.00,100.00
2026-05-15T23:26:45.487530,0.00,0.00,100.00,100.00
2026-05-15T23:26:45.590665,0.00,0.00,100.00,100.00
2026-05-15T23:26:45.694232,9.10,0.00,100.00,100.00
2026-05-15T23:26:45.797628,9.10,0.00,100.00,100.00
2026-05-15T23:26:45.901122,0.00,0.00,100.00,100.00
2026-05-15T23:26:46.004478,0.00,9.10,100.00,100.00
2026-05-15T23:26:46.107756,0.00,0.00,100.00,100.00
2026-05-15T23:26:46.211049,9.10,0.00,100.00,100.00
2026-05-15T23:26:46.314346,0.00,0.00,100.00,100.00
2026-05-15T23:26:46.417573,0.00,0.00,100.00,100.00
2026-05-15T23:26:46.520886,0.00,0.00,100.00,100.00
2026-05-15T23:26:46.624127,16.70,0.00,100.00,100.00
2026-05-15T23:26:46.727382,0.00,0.00,100.00,100.00
2026-05-15T23:26:46.830664,0.00,9.10,100.00,100.00
2026-05-15T23:26:46.933941,0.00,0.00,100.00,100.00
2026-05-15T23:26:47.037191,9.10,0.00,100.00,100.00
2026-05-15T23:26:47.140418,0.00,0.00,100.00,100.00
2026-05-15T23:26:47.243686,9.10,9.10,100.00,100.00
2026-05-15T23:26:47.347135,0.00,0.00,100.00,100.00
2026-05-15T23:26:47.450441,9.10,0.00,100.00,100.00
2026-05-15T23:26:47.553916,0.00,8.30,100.00,100.00
2026-05-15T23:26:47.657027,0.00,0.00,100.00,100.00
2026-05-15T23:26:47.760386,0.00,0.00,100.00,100.00
2026-05-15T23:26:47.863673,9.10,0.00,100.00,100.00
2026-05-15T23:26:47.966980,9.10,10.00,100.00,100.00
2026-05-15T23:26:48.070261,0.00,0.00,100.00,100.00
2026-05-15T23:26:48.173347,0.00,0.00,100.00,100.00
2026-05-15T23:26:48.276640,0.00,0.00,100.00,100.00
2026-05-15T23:26:48.379921,9.10,0.00,100.00,100.00
2026-05-15T23:26:48.483068,0.00,0.00,100.00,100.00
2026-05-15T23:26:48.586374,0.00,9.10,100.00,100.00
2026-05-15T23:26:48.689682,0.00,0.00,100.00,100.00
2026-05-15T23:26:48.792800,0.00,0.00,100.00,100.00
2026-05-15T23:26:48.896106,0.00,0.00,100.00,100.00
2026-05-15T23:26:48.999285,9.10,0.00,100.00,100.00
2026-05-15T23:26:49.102591,0.00,9.10,100.00,100.00
2026-05-15T23:26:49.205817,0.00,0.00,100.00,100.00
2026-05-15T23:26:49.309153,0.00,0.00,100.00,100.00
2026-05-15T23:26:49.412636,0.00,0.00,100.00,100.00
2026-05-15T23:26:49.515919,9.10,9.10,100.00,100.00
2026-05-15T23:26:49.619251,0.00,0.00,100.00,100.00
2026-05-15T23:26:49.722734,0.00,0.00,100.00,100.00
2026-05-15T23:26:49.826209,9.10,0.00,100.00,100.00
2026-05-15T23:26:49.929375,9.10,0.00,100.00,100.00
2026-05-15T23:26:50.032561,0.00,0.00,100.00,100.00
2026-05-15T23:26:50.136119,0.00,0.00,100.00,100.00
2026-05-15T23:26:50.239304,0.00,0.00,100.00,100.00
2026-05-15T23:26:50.342593,0.00,8.30,100.00,100.00
2026-05-15T23:26:50.445748,9.10,0.00,100.00,100.00
2026-05-15T23:26:50.549012,0.00,9.10,100.00,100.00
2026-05-15T23:26:50.652276,0.00,9.10,100.00,100.00
2026-05-15T23:26:50.755519,0.00,9.10,100.00,100.00
2026-05-15T23:26:50.858902,0.00,0.00,100.00,100.00
2026-05-15T23:26:50.962263,16.70,10.00,100.00,100.00
2026-05-15T23:26:51.065671,0.00,0.00,100.00,100.00
2026-05-15T23:26:51.169068,9.10,0.00,100.00,100.00
2026-05-15T23:26:51.272443,0.00,9.10,100.00,100.00
2026-05-15T23:26:51.375870,0.00,0.00,100.00,100.00
2026-05-15T23:26:51.479314,0.00,9.10,100.00,100.00
2026-05-15T23:26:51.582633,0.00,0.00,100.00,100.00
2026-05-15T23:26:51.686124,0.00,10.00,100.00,100.00
2026-05-15T23:26:51.789529,16.70,9.10,100.00,100.00
2026-05-15T23:26:51.892896,0.00,0.00,100.00,100.00
2026-05-15T23:26:51.996336,0.00,0.00,100.00,100.00
2026-05-15T23:26:52.099578,0.00,9.10,100.00,100.00
2026-05-15T23:26:52.203024,0.00,0.00,100.00,100.00
2026-05-15T23:26:52.306435,0.00,0.00,100.00,100.00
2026-05-15T23:26:52.409790,0.00,9.10,100.00,100.00
2026-05-15T23:26:52.513574,16.70,0.00,100.00,100.00
2026-05-15T23:26:52.616938,0.00,0.00,100.00,100.00
2026-05-15T23:26:52.720261,0.00,0.00,100.00,100.00
2026-05-15T23:26:52.823589,0.00,16.70,100.00,100.00
2026-05-15T23:26:52.926996,0.00,0.00,100.00,100.00
2026-05-15T23:26:53.030170,0.00,0.00,100.00,100.00
2026-05-15T23:26:53.133539,0.00,9.10,100.00,100.00
2026-05-15T23:26:53.236933,0.00,0.00,100.00,100.00
2026-05-15T23:26:53.340197,9.10,0.00,100.00,100.00
2026-05-15T23:26:53.443744,0.00,10.00,100.00,100.00
2026-05-15T23:26:53.547192,0.00,0.00,100.00,100.00
2026-05-15T23:26:53.650464,16.70,0.00,100.00,100.00
2026-05-15T23:26:53.753876,0.00,0.00,100.00,100.00
2026-05-15T23:26:53.857368,0.00,9.10,100.00,100.00
2026-05-15T23:26:53.961417,0.00,10.00,100.00,100.00
2026-05-15T23:26:54.064654,0.00,18.20,100.00,100.00
2026-05-15T23:26:54.167891,16.70,0.00,100.00,100.00
2026-05-15T23:26:54.270974,0.00,0.00,100.00,100.00
2026-05-15T23:26:54.374202,0.00,0.00,100.00,100.00
2026-05-15T23:26:54.477217,9.10,0.00,100.00,100.00
2026-05-15T23:26:54.580389,0.00,0.00,100.00,100.00
2026-05-15T23:26:54.683707,0.00,0.00,100.00,100.00
2026-05-15T23:26:54.786818,9.10,0.00,100.00,100.00
2026-05-15T23:26:54.890079,0.00,9.10,100.00,100.00
2026-05-15T23:26:54.993282,9.10,0.00,100.00,100.00
2026-05-15T23:26:55.096655,0.00,9.10,100.00,100.00
2026-05-15T23:26:55.199950,0.00,0.00,100.00,100.00
2026-05-15T23:26:55.303041,0.00,0.00,100.00,100.00
2026-05-15T23:26:55.406335,9.10,0.00,100.00,100.00
2026-05-15T23:26:55.509501,0.00,10.00,100.00,100.00
2026-05-15T23:26:55.612754,9.10,0.00,100.00,100.00
2026-05-15T23:26:55.715877,10.00,0.00,100.00,100.00
2026-05-15T23:26:55.818996,0.00,0.00,100.00,100.00
2026-05-15T23:26:55.922269,0.00,0.00,100.00,100.00
2026-05-15T23:26:56.025619,0.00,0.00,100.00,100.00
2026-05-15T23:26:56.129017,9.10,0.00,100.00,100.00
2026-05-15T23:26:56.232293,0.00,0.00,100.00,100.00
2026-05-15T23:26:56.335691,0.00,0.00,100.00,100.00
2026-05-15T23:26:56.438835,9.10,9.10,100.00,100.00
2026-05-15T23:26:56.541980,0.00,0.00,100.00,100.00
2026-05-15T23:26:56.645148,9.10,0.00,100.00,100.00
2026-05-15T23:26:56.748323,0.00,0.00,100.00,100.00
2026-05-15T23:26:56.851605,0.00,0.00,100.00,100.00
2026-05-15T23:26:56.955027,9.10,0.00,100.00,100.00
2026-05-15T23:26:57.058184,10.00,10.00,100.00,100.00
2026-05-15T23:26:57.161306,9.10,9.10,100.00,100.00
2026-05-15T23:26:57.264696,0.00,0.00,100.00,100.00
2026-05-15T23:26:57.367977,9.10,9.10,100.00,100.00
2026-05-15T23:26:57.471229,0.00,0.00,100.00,100.00
2026-05-15T23:26:57.574583,0.00,0.00,100.00,100.00
2026-05-15T23:26:57.677803,0.00,0.00,100.00,100.00
2026-05-15T23:26:57.781020,0.00,0.00,100.00,100.00
2026-05-15T23:26:57.884331,9.10,0.00,100.00,100.00
2026-05-15T23:26:57.987888,0.00,0.00,100.00,100.00
2026-05-15T23:26:58.091096,0.00,0.00,100.00,100.00
2026-05-15T23:26:58.194275,0.00,9.10,100.00,100.00
2026-05-15T23:26:58.297794,0.00,0.00,100.00,100.00
2026-05-15T23:26:58.401229,0.00,0.00,100.00,100.00
2026-05-15T23:26:58.504537,9.10,0.00,100.00,100.00
2026-05-15T23:26:58.607819,0.00,9.10,100.00,100.00
2026-05-15T23:26:58.711101,9.10,0.00,100.00,100.00
2026-05-15T23:26:58.814418,0.00,0.00,100.00,100.00
2026-05-15T23:26:58.917567,0.00,0.00,100.00,100.00
2026-05-15T23:26:59.020924,9.10,0.00,100.00,100.00
2026-05-15T23:26:59.124197,0.00,0.00,100.00,100.00
2026-05-15T23:26:59.227354,9.10,10.00,100.00,100.00
2026-05-15T23:26:59.330539,9.10,0.00,100.00,100.00
2026-05-15T23:26:59.433700,0.00,0.00,100.00,100.00
2026-05-15T23:26:59.536832,0.00,16.70,100.00,100.00
2026-05-15T23:26:59.640157,0.00,0.00,100.00,100.00
2026-05-15T23:26:59.743405,0.00,0.00,100.00,100.00
2026-05-15T23:26:59.846747,9.10,0.00,100.00,100.00
2026-05-15T23:26:59.949953,0.00,0.00,100.00,100.00
2026-05-15T23:27:00.053407,10.00,10.00,100.00,100.00
2026-05-15T23:27:00.156674,0.00,0.00,100.00,100.00
2026-05-15T23:27:00.260033,0.00,0.00,100.00,100.00
2026-05-15T23:27:00.363248,9.10,0.00,100.00,100.00
2026-05-15T23:27:00.466687,8.30,9.10,100.00,100.00
2026-05-15T23:27:00.570035,0.00,0.00,100.00,100.00
2026-05-15T23:27:00.673435,0.00,0.00,100.00,100.00
2026-05-15T23:27:00.776975,0.00,0.00,100.00,100.00
2026-05-15T23:27:00.880361,0.00,9.10,100.00,100.00
2026-05-15T23:27:00.983756,0.00,0.00,100.00,100.00
2026-05-15T23:27:01.087334,0.00,9.10,100.00,100.00
2026-05-15T23:27:01.190891,0.00,9.10,100.00,100.00
2026-05-15T23:27:01.294217,0.00,0.00,100.00,100.00
2026-05-15T23:27:01.397467,9.10,0.00,100.00,100.00
2026-05-15T23:27:01.500661,9.10,0.00,100.00,100.00
2026-05-15T23:27:01.604035,0.00,0.00,100.00,100.00
2026-05-15T23:27:01.707211,0.00,0.00,100.00,100.00
2026-05-15T23:27:01.810495,0.00,0.00,100.00,100.00
2026-05-15T23:27:01.913851,9.10,0.00,100.00,100.00
2026-05-15T23:27:02.017205,0.00,0.00,100.00,100.00
2026-05-15T23:27:02.120521,0.00,0.00,100.00,100.00
2026-05-15T23:27:02.223852,0.00,9.10,100.00,100.00
2026-05-15T23:27:02.327360,0.00,0.00,100.00,100.00
2026-05-15T23:27:02.430850,0.00,0.00,100.00,100.00
2026-05-15T23:27:02.534244,9.10,9.10,100.00,100.00
2026-05-15T23:27:02.637685,0.00,0.00,100.00,100.00
2026-05-15T23:27:02.740994,0.00,8.30,100.00,100.00
2026-05-15T23:27:02.844235,9.10,0.00,100.00,100.00
2026-05-15T23:27:02.947592,0.00,0.00,100.00,100.00
2026-05-15T23:27:03.050836,0.00,0.00,100.00,100.00
2026-05-15T23:27:03.154365,0.00,0.00,100.00,100.00
2026-05-15T23:27:03.257953,9.10,9.10,100.00,100.00
2026-05-15T23:27:03.361294,9.10,0.00,100.00,100.00
2026-05-15T23:27:03.464614,0.00,0.00,100.00,100.00
2026-05-15T23:27:03.567925,9.10,0.00,100.00,100.00
2026-05-15T23:27:03.671277,0.00,0.00,100.00,100.00
2026-05-15T23:27:03.774667,9.10,9.10,100.00,100.00
2026-05-15T23:27:03.878213,0.00,9.10,100.00,100.00
2026-05-15T23:27:03.981635,0.00,0.00,100.00,100.00
2026-05-15T23:27:04.084686,10.00,0.00,100.00,100.00
2026-05-15T23:27:04.188166,0.00,9.10,100.00,100.00
2026-05-15T23:27:04.291609,0.00,9.10,100.00,100.00
2026-05-15T23:27:04.394931,0.00,0.00,100.00,100.00
2026-05-15T23:27:04.498289,9.10,0.00,100.00,100.00
2026-05-15T23:27:04.601698,0.00,0.00,100.00,100.00
2026-05-15T23:27:04.705326,9.10,0.00,100.00,100.00
2026-05-15T23:27:04.808592,0.00,9.10,100.00,100.00
2026-05-15T23:27:04.911846,0.00,0.00,100.00,100.00
2026-05-15T23:27:05.016224,9.10,9.10,100.00,100.00
2026-05-15T23:27:05.120129,9.10,0.00,100.00,100.00
2026-05-15T23:27:05.226267,0.00,0.00,100.00,100.00
2026-05-15T23:27:05.329563,9.10,0.00,100.00,100.00
2026-05-15T23:27:05.432913,0.00,0.00,100.00,100.00
2026-05-15T23:27:05.536236,0.00,0.00,100.00,100.00
2026-05-15T23:27:05.639496,9.10,0.00,100.00,100.00
2026-05-15T23:27:05.743063,0.00,0.00,100.00,100.00
2026-05-15T23:27:05.846754,0.00,8.30,100.00,100.00
2026-05-15T23:27:05.949907,0.00,0.00,100.00,100.00
2026-05-15T23:27:06.053223,9.10,10.00,100.00,100.00
2026-05-15T23:27:06.156423,0.00,0.00,100.00,100.00
2026-05-15T23:27:06.259596,9.10,0.00,100.00,100.00
2026-05-15T23:27:06.362994,0.00,9.10,100.00,100.00
2026-05-15T23:27:06.466213,0.00,0.00,100.00,100.00
2026-05-15T23:27:06.569535,9.10,0.00,100.00,100.00
2026-05-15T23:27:06.672794,0.00,0.00,100.00,100.00
2026-05-15T23:27:06.776033,0.00,0.00,100.00,100.00
2026-05-15T23:27:06.879260,0.00,0.00,100.00,100.00
2026-05-15T23:27:06.982581,0.00,0.00,100.00,100.00
2026-05-15T23:27:07.086081,9.10,9.10,100.00,100.00
2026-05-15T23:27:07.189347,9.10,0.00,100.00,100.00
2026-05-15T23:27:07.292693,9.10,9.10,100.00,100.00
2026-05-15T23:27:07.395887,0.00,0.00,100.00,100.00
2026-05-15T23:27:07.499088,0.00,0.00,100.00,100.00
2026-05-15T23:27:07.602450,0.00,9.10,100.00,100.00
2026-05-15T23:27:07.706106,0.00,0.00,100.00,100.00
2026-05-15T23:27:07.809774,9.10,0.00,100.00,100.00
2026-05-15T23:27:07.913022,0.00,0.00,100.00,100.00
2026-05-15T23:27:08.016222,0.00,0.00,100.00,100.00
2026-05-15T23:27:08.119616,0.00,0.00,100.00,100.00
2026-05-15T23:27:08.222986,0.00,0.00,100.00,100.00
2026-05-15T23:27:08.326344,9.10,0.00,100.00,100.00
2026-05-15T23:27:08.429683,0.00,9.10,100.00,100.00
2026-05-15T23:27:08.533053,0.00,0.00,100.00,100.00
2026-05-15T23:27:08.636575,0.00,0.00,100.00,100.00
2026-05-15T23:27:08.739956,16.70,0.00,100.00,100.00
2026-05-15T23:27:08.843313,0.00,0.00,100.00,100.00
2026-05-15T23:27:09.235664,38.90,39.50,100.00,64.10
2026-05-15T23:27:09.338861,0.00,0.00,100.00,100.00
2026-05-15T23:27:09.442224,9.10,0.00,100.00,100.00
2026-05-15T23:27:09.545634,9.10,0.00,100.00,100.00
2026-05-15T23:27:09.648907,0.00,0.00,100.00,100.00
2026-05-15T23:27:09.752016,0.00,9.10,100.00,100.00
2026-05-15T23:27:09.855200,0.00,0.00,100.00,100.00
2026-05-15T23:27:09.958409,0.00,0.00,100.00,100.00
2026-05-15T23:27:10.061670,9.10,0.00,100.00,100.00
2026-05-15T23:27:10.164882,0.00,0.00,100.00,100.00
2026-05-15T23:27:10.268062,0.00,0.00,100.00,100.00
2026-05-15T23:27:10.371218,0.00,0.00,100.00,100.00
2026-05-15T23:27:10.474248,9.10,0.00,100.00,100.00
2026-05-15T23:27:10.577248,0.00,9.10,100.00,100.00
2026-05-15T23:27:10.680318,0.00,0.00,100.00,100.00
2026-05-15T23:27:10.783343,0.00,0.00,100.00,100.00
2026-05-15T23:27:10.886366,9.10,0.00,100.00,100.00
2026-05-15T23:27:10.989987,0.00,9.10,100.00,100.00
2026-05-15T23:27:11.093417,16.70,9.10,100.00,100.00
2026-05-15T23:27:11.196622,0.00,0.00,100.00,100.00
2026-05-15T23:27:11.299863,10.00,10.00,100.00,100.00
2026-05-15T23:27:11.403094,0.00,0.00,100.00,100.00
2026-05-15T23:27:11.506416,0.00,9.10,100.00,100.00
2026-05-15T23:27:11.609546,0.00,0.00,100.00,100.00
2026-05-15T23:27:11.712751,0.00,0.00,100.00,100.00
2026-05-15T23:27:11.815965,9.10,0.00,100.00,100.00
2026-05-15T23:27:11.919219,0.00,0.00,100.00,100.00
2026-05-15T23:27:12.022508,9.10,10.00,100.00,100.00
2026-05-15T23:27:12.125973,10.00,0.00,100.00,100.00
2026-05-15T23:27:12.229119,9.10,0.00,100.00,100.00
2026-05-15T23:27:12.332791,0.00,0.00,100.00,100.00
2026-05-15T23:27:12.436455,0.00,16.70,100.00,100.00
2026-05-15T23:27:12.539681,0.00,0.00,100.00,100.00
2026-05-15T23:27:12.642983,18.20,0.00,100.00,100.00
2026-05-15T23:27:12.746186,0.00,0.00,100.00,100.00
2026-05-15T23:27:12.849526,0.00,0.00,100.00,100.00
2026-05-15T23:27:12.952800,9.10,0.00,100.00,100.00
2026-05-15T23:27:13.055970,9.10,0.00,100.00,100.00
2026-05-15T23:27:13.159073,0.00,0.00,100.00,100.00
2026-05-15T23:27:13.262214,0.00,9.10,100.00,100.00
2026-05-15T23:27:13.365331,0.00,0.00,100.00,100.00
2026-05-15T23:27:13.468693,9.10,0.00,100.00,100.00
2026-05-15T23:27:13.571973,0.00,0.00,100.00,100.00
2026-05-15T23:27:13.675139,0.00,0.00,100.00,100.00
2026-05-15T23:27:13.778423,0.00,0.00,100.00,100.00
2026-05-15T23:27:13.881494,9.10,0.00,100.00,100.00
2026-05-15T23:27:13.984679,0.00,0.00,100.00,100.00
2026-05-15T23:27:14.087892,0.00,18.20,100.00,100.00
2026-05-15T23:27:14.191030,9.10,0.00,100.00,100.00
2026-05-15T23:27:14.294199,0.00,0.00,100.00,100.00
2026-05-15T23:27:14.397306,9.10,9.10,100.00,100.00
2026-05-15T23:27:14.500321,0.00,0.00,100.00,100.00
2026-05-15T23:27:14.603462,0.00,0.00,100.00,100.00
2026-05-15T23:27:14.706601,0.00,0.00,100.00,100.00
2026-05-15T23:27:14.809653,9.10,0.00,100.00,100.00
2026-05-15T23:27:14.913031,0.00,0.00,100.00,100.00
2026-05-15T23:27:15.016682,0.00,0.00,100.00,100.00
2026-05-15T23:27:15.120008,0.00,18.20,100.00,100.00
2026-05-15T23:27:15.223423,0.00,0.00,100.00,100.00
2026-05-15T23:27:15.326590,9.10,0.00,100.00,100.00
2026-05-15T23:27:15.430079,0.00,0.00,100.00,100.00
2026-05-15T23:27:15.533250,0.00,0.00,100.00,100.00
2026-05-15T23:27:15.636343,9.10,9.10,100.00,100.00
2026-05-15T23:27:15.740063,0.00,9.10,100.00,100.00
2026-05-15T23:27:15.843605,0.00,0.00,100.00,100.00
2026-05-15T23:27:15.946878,0.00,0.00,100.00,100.00
2026-05-15T23:27:16.050164,9.10,0.00,100.00,100.00
2026-05-15T23:27:16.153572,0.00,0.00,100.00,100.00
2026-05-15T23:27:16.256853,9.10,0.00,100.00,100.00
2026-05-15T23:27:16.359897,0.00,0.00,100.00,100.00
2026-05-15T23:27:16.463013,9.10,0.00,100.00,100.00
2026-05-15T23:27:16.566376,10.00,0.00,100.00,100.00
2026-05-15T23:27:16.669649,0.00,9.10,100.00,100.00
2026-05-15T23:27:16.772974,0.00,0.00,100.00,100.00
2026-05-15T23:27:16.876198,0.00,0.00,100.00,100.00
2026-05-15T23:27:16.979446,9.10,0.00,100.00,100.00
2026-05-15T23:27:17.082502,0.00,0.00,100.00,100.00
2026-05-15T23:27:17.185564,0.00,0.00,100.00,100.00
2026-05-15T23:27:17.289459,8.30,9.10,100.00,100.00
2026-05-15T23:27:17.393138,0.00,0.00,100.00,100.00
2026-05-15T23:27:17.496798,9.10,0.00,100.00,100.00
2026-05-15T23:27:17.600484,0.00,0.00,100.00,100.00
2026-05-15T23:27:17.703621,0.00,9.10,100.00,100.00
2026-05-15T23:27:17.806805,0.00,9.10,100.00,100.00
2026-05-15T23:27:17.909973,0.00,0.00,100.00,100.00
2026-05-15T23:27:18.013208,9.10,0.00,100.00,100.00
