timestamp,core0,core1,core2,core3
2026-05-15T21:14:05.784328,100.00,50.00,100.00,100.00
2026-05-15T21:14:05.884877,0.00,0.00,100.00,100.00
2026-05-15T21:14:05.985391,0.00,10.00,100.00,100.00
2026-05-15T21:14:06.085929,9.10,0.00,100.00,100.00
2026-05-15T21:14:06.186454,9.10,9.10,100.00,100.00
2026-05-15T21:14:06.287012,0.00,10.00,100.00,100.00
2026-05-15T21:14:06.387568,0.00,0.00,100.00,100.00
2026-05-15T21:14:06.488105,0.00,0.00,100.00,100.00
2026-05-15T21:14:06.588633,0.00,20.00,100.00,100.00
2026-05-15T21:14:06.689229,0.00,10.00,100.00,100.00
2026-05-15T21:14:06.789755,9.10,9.10,100.00,100.00
2026-05-15T21:14:06.890296,0.00,0.00,100.00,100.00
2026-05-15T21:14:06.990835,0.00,9.10,100.00,100.00
2026-05-15T21:14:07.091361,0.00,0.00,100.00,100.00
2026-05-15T21:14:07.191897,9.10,10.00,100.00,100.00
2026-05-15T21:14:07.292425,0.00,0.00,100.00,100.00
2026-05-15T21:14:07.392971,10.00,10.00,100.00,100.00
2026-05-15T21:14:07.493501,0.00,0.00,100.00,100.00
2026-05-15T21:14:07.594052,9.10,0.00,100.00,100.00
2026-05-15T21:14:07.694587,9.10,9.10,100.00,100.00
2026-05-15T21:14:07.795088,0.00,0.00,100.00,100.00
2026-05-15T21:14:07.895561,0.00,0.00,100.00,100.00
2026-05-15T21:14:07.996030,0.00,10.00,100.00,100.00
2026-05-15T21:14:08.096446,0.00,0.00,100.00,100.00
2026-05-15T21:14:08.196921,9.10,0.00,100.00,100.00
2026-05-15T21:14:08.297436,9.10,0.00,100.00,100.00
2026-05-15T21:14:08.398007,0.00,18.20,100.00,100.00
2026-05-15T21:14:08.498534,0.00,0.00,100.00,100.00
2026-05-15T21:14:08.599064,0.00,0.00,100.00,100.00
2026-05-15T21:14:08.699633,0.00,10.00,100.00,100.00
2026-05-15T21:14:08.800168,0.00,9.10,100.00,100.00
2026-05-15T21:14:08.900706,9.10,0.00,100.00,100.00
2026-05-15T21:14:09.001249,10.00,0.00,100.00,100.00
2026-05-15T21:14:09.101824,0.00,0.00,100.00,100.00
2026-05-15T21:14:09.202337,10.00,0.00,100.00,100.00
2026-05-15T21:14:09.302885,0.00,0.00,100.00,100.00
2026-05-15T21:14:09.403443,0.00,0.00,100.00,100.00
2026-05-15T21:14:09.504015,0.00,9.10,100.00,100.00
2026-05-15T21:14:09.604524,16.70,0.00,100.00,100.00
2026-05-15T21:14:09.705068,0.00,9.10,100.00,100.00
2026-05-15T21:14:09.805629,0.00,0.00,100.00,100.00
2026-05-15T21:14:09.906220,9.10,0.00,100.00,100.00
2026-05-15T21:14:10.006807,0.00,0.00,100.00,100.00
2026-05-15T21:14:10.107354,16.70,0.00,100.00,100.00
2026-05-15T21:14:10.207900,0.00,0.00,100.00,100.00
2026-05-15T21:14:10.308439,10.00,0.00,100.00,100.00
2026-05-15T21:14:10.409009,9.10,0.00,100.00,100.00
2026-05-15T21:14:10.509546,0.00,9.10,100.00,100.00
2026-05-15T21:14:10.610072,0.00,0.00,100.00,100.00
2026-05-15T21:14:10.710600,9.10,0.00,100.00,100.00
2026-05-15T21:14:10.811131,0.00,0.00,100.00,100.00
2026-05-15T21:14:10.911673,0.00,0.00,100.00,100.00
2026-05-15T21:14:11.012168,16.70,0.00,100.00,100.00
2026-05-15T21:14:11.112702,0.00,0.00,100.00,100.00
2026-05-15T21:14:11.213151,10.00,20.00,100.00,100.00
2026-05-15T21:14:11.313612,0.00,9.10,100.00,100.00
2026-05-15T21:14:11.414043,16.70,0.00,100.00,100.00
2026-05-15T21:14:11.514569,0.00,0.00,100.00,100.00
2026-05-15T21:14:11.615098,9.10,0.00,100.00,100.00
2026-05-15T21:14:11.715641,0.00,0.00,100.00,100.00
2026-05-15T21:14:11.816165,9.10,0.00,100.00,100.00
2026-05-15T21:14:11.916698,0.00,0.00,100.00,100.00
2026-05-15T21:14:12.017174,0.00,0.00,100.00,100.00
2026-05-15T21:14:12.117697,16.70,0.00,100.00,100.00
2026-05-15T21:14:12.218218,0.00,9.10,100.00,100.00
2026-05-15T21:14:12.318757,0.00,0.00,100.00,100.00
2026-05-15T21:14:12.419311,0.00,0.00,100.00,100.00
2026-05-15T21:14:12.519874,0.00,0.00,100.00,100.00
2026-05-15T21:14:12.620417,16.70,0.00,100.00,100.00
2026-05-15T21:14:12.720968,0.00,0.00,100.00,100.00
2026-05-15T21:14:12.821509,0.00,0.00,100.00,100.00
2026-05-15T21:14:12.922062,9.10,0.00,100.00,100.00
2026-05-15T21:14:13.022577,0.00,9.10,100.00,100.00
2026-05-15T21:14:13.123106,0.00,16.70,100.00,100.00
2026-05-15T21:14:13.223676,0.00,0.00,100.00,100.00
2026-05-15T21:14:13.324205,9.10,0.00,100.00,100.00
2026-05-15T21:14:13.424756,0.00,0.00,100.00,100.00
2026-05-15T21:14:13.525345,0.00,0.00,100.00,100.00
2026-05-15T21:14:13.625931,16.70,9.10,100.00,100.00
2026-05-15T21:14:13.726473,0.00,0.00,100.00,100.00
2026-05-15T21:14:13.827040,9.10,0.00,100.00,100.00
2026-05-15T21:14:13.927561,0.00,0.00,100.00,100.00
2026-05-15T21:14:14.028074,0.00,0.00,100.00,100.00
2026-05-15T21:14:14.128589,9.10,0.00,100.00,100.00
2026-05-15T21:14:14.229115,9.10,9.10,100.00,100.00
2026-05-15T21:14:14.329627,0.00,9.10,100.00,100.00
2026-05-15T21:14:14.430132,0.00,0.00,100.00,100.00
2026-05-15T21:14:14.530647,9.10,0.00,100.00,100.00
2026-05-15T21:14:14.631123,0.00,0.00,100.00,100.00
2026-05-15T21:14:14.731586,0.00,0.00,100.00,100.00
2026-05-15T21:14:14.832036,9.10,0.00,100.00,100.00
2026-05-15T21:14:14.932451,0.00,9.10,100.00,100.00
2026-05-15T21:14:15.033002,0.00,0.00,100.00,100.00
2026-05-15T21:14:15.133533,0.00,0.00,100.00,100.00
2026-05-15T21:14:15.234068,0.00,10.00,100.00,100.00
2026-05-15T21:14:15.334617,0.00,9.10,100.00,100.00
2026-05-15T21:14:15.435153,10.00,0.00,100.00,100.00
2026-05-15T21:14:15.535679,9.10,0.00,100.00,100.00
2026-05-15T21:14:15.636192,0.00,0.00,100.00,100.00
2026-05-15T21:14:15.736712,10.00,0.00,100.00,100.00
2026-05-15T21:14:15.837236,0.00,0.00,100.00,100.00
2026-05-15T21:14:15.937732,0.00,10.00,100.00,100.00
2026-05-15T21:14:16.038251,9.10,0.00,100.00,100.00
2026-05-15T21:14:16.138794,0.00,0.00,100.00,100.00
2026-05-15T21:14:16.239327,0.00,0.00,100.00,100.00
2026-05-15T21:14:16.339905,9.10,10.00,100.00,100.00
2026-05-15T21:14:16.440455,0.00,0.00,100.00,100.00
2026-05-15T21:14:16.541036,16.70,0.00,100.00,100.00
2026-05-15T21:14:16.641595,0.00,10.00,100.00,100.00
2026-05-15T21:14:16.742137,0.00,9.10,100.00,100.00
2026-05-15T21:14:16.842703,9.10,0.00,100.00,100.00
2026-05-15T21:14:16.943222,0.00,0.00,100.00,100.00
2026-05-15T21:14:17.043784,0.00,0.00,100.00,100.00
2026-05-15T21:14:17.144307,0.00,0.00,100.00,100.00
2026-05-15T21:14:17.244838,10.00,9.10,100.00,100.00
2026-05-15T21:14:17.345345,9.10,9.10,100.00,100.00
2026-05-15T21:14:17.446027,0.00,0.00,100.00,100.00
2026-05-15T21:14:17.546573,25.00,10.00,100.00,100.00
2026-05-15T21:14:17.647193,18.20,20.00,100.00,100.00
2026-05-15T21:14:17.747703,20.00,10.00,100.00,100.00
2026-05-15T21:14:17.848193,20.00,0.00,100.00,100.00
2026-05-15T21:14:17.948692,25.00,20.00,100.00,100.00
2026-05-15T21:14:18.049246,20.00,18.20,100.00,100.00
2026-05-15T21:14:18.149738,27.30,0.00,100.00,100.00
2026-05-15T21:14:18.250239,10.00,10.00,100.00,100.00
2026-05-15T21:14:18.350694,25.00,11.10,100.00,100.00
2026-05-15T21:14:18.451269,20.00,10.00,100.00,100.00
2026-05-15T21:14:18.551813,25.00,18.20,100.00,100.00
2026-05-15T21:14:18.652321,0.00,20.00,100.00,100.00
2026-05-15T21:14:18.752848,18.20,0.00,100.00,100.00
2026-05-15T21:14:18.853401,27.30,11.10,100.00,100.00
2026-05-15T21:14:18.953924,10.00,20.00,100.00,100.00
2026-05-15T21:14:19.054453,27.30,25.00,100.00,100.00
2026-05-15T21:14:19.154983,25.00,0.00,100.00,100.00
2026-05-15T21:14:19.255512,11.10,11.10,100.00,100.00
2026-05-15T21:14:19.356050,25.00,10.00,100.00,100.00
2026-05-15T21:14:19.456553,18.20,27.30,100.00,100.00
2026-05-15T21:14:19.557081,20.00,0.00,100.00,100.00
2026-05-15T21:14:19.657623,18.20,11.10,100.00,100.00
2026-05-15T21:14:19.758153,27.30,18.20,100.00,100.00
2026-05-15T21:14:19.858665,10.00,11.10,100.00,100.00
2026-05-15T21:14:19.959212,27.30,10.00,100.00,100.00
2026-05-15T21:14:20.059721,18.20,18.20,100.00,100.00
2026-05-15T21:14:20.160278,20.00,11.10,100.00,100.00
2026-05-15T21:14:20.260812,25.00,10.00,100.00,100.00
2026-05-15T21:14:20.361361,20.00,11.10,100.00,100.00
2026-05-15T21:14:20.461898,25.00,10.00,100.00,100.00
2026-05-15T21:14:20.562420,11.10,11.10,100.00,100.00
2026-05-15T21:14:20.662946,25.00,10.00,100.00,100.00
2026-05-15T21:14:20.763496,27.30,18.20,100.00,100.00
2026-05-15T21:14:20.864019,18.20,0.00,100.00,100.00
2026-05-15T21:14:20.964539,11.10,20.00,100.00,100.00
2026-05-15T21:14:21.065054,30.80,10.00,100.00,100.00
2026-05-15T21:14:21.165598,11.10,20.00,100.00,100.00
2026-05-15T21:14:21.266102,27.30,22.20,100.00,100.00
2026-05-15T21:14:21.366614,27.30,18.20,100.00,100.00
2026-05-15T21:14:21.467266,18.20,11.10,100.00,100.00
2026-05-15T21:14:21.567793,11.10,11.10,100.00,100.00
2026-05-15T21:14:21.668310,30.80,10.00,100.00,100.00
2026-05-15T21:14:21.768916,20.00,27.30,100.00,100.00
2026-05-15T21:14:21.869581,30.00,22.20,100.00,100.00
2026-05-15T21:14:21.970142,18.20,20.00,100.00,100.00
2026-05-15T21:14:22.070648,20.00,10.00,100.00,100.00
2026-05-15T21:14:22.171195,25.00,11.10,100.00,100.00
2026-05-15T21:14:22.271753,20.00,10.00,100.00,100.00
2026-05-15T21:14:22.372330,25.00,20.00,100.00,100.00
2026-05-15T21:14:22.472913,30.00,12.50,100.00,100.00
2026-05-15T21:14:22.573576,50.00,80.00,100.00,100.00
2026-05-15T21:14:22.674247,55.60,66.70,100.00,100.00
2026-05-15T21:14:22.774866,44.40,42.90,100.00,100.00
2026-05-15T21:14:22.875691,50.00,50.00,100.00,100.00
2026-05-15T21:14:22.976288,60.00,62.50,100.00,100.00
2026-05-15T21:14:23.076858,55.60,60.00,100.00,100.00
2026-05-15T21:14:23.177541,57.10,57.10,100.00,100.00
2026-05-15T21:14:23.278206,55.60,60.00,100.00,100.00
2026-05-15T21:14:23.378816,55.60,66.70,100.00,100.00
2026-05-15T21:14:23.479793,60.00,62.50,100.00,100.00
2026-05-15T21:14:23.580636,66.70,57.10,100.00,100.00
2026-05-15T21:14:23.681282,42.90,55.60,100.00,100.00
2026-05-15T21:14:23.781915,57.10,50.00,100.00,100.00
2026-05-15T21:14:23.882478,55.60,50.00,100.00,100.00
2026-05-15T21:14:23.983682,50.00,42.90,100.00,100.00
2026-05-15T21:14:24.084288,37.50,44.40,100.00,100.00
2026-05-15T21:14:24.184895,50.00,50.00,100.00,100.00
2026-05-15T21:14:24.285512,55.60,55.60,100.00,100.00
2026-05-15T21:14:24.386029,50.00,42.90,100.00,100.00
2026-05-15T21:14:24.486746,50.00,50.00,100.00,100.00
2026-05-15T21:14:24.587392,50.00,42.90,100.00,100.00
2026-05-15T21:14:24.688005,50.00,60.00,100.00,100.00
2026-05-15T21:14:24.788930,42.90,42.90,100.00,100.00
2026-05-15T21:14:24.889874,55.60,50.00,100.00,100.00
2026-05-15T21:14:24.990529,66.70,62.50,100.00,100.00
2026-05-15T21:14:25.091202,42.90,66.70,100.00,100.00
2026-05-15T21:14:25.192069,70.00,60.00,100.00,100.00
2026-05-15T21:14:25.292910,55.60,62.50,100.00,100.00
2026-05-15T21:14:25.393918,62.50,55.60,100.00,100.00
2026-05-15T21:14:25.494454,50.00,62.50,100.00,100.00
2026-05-15T21:14:25.594976,44.40,50.00,100.00,100.00
2026-05-15T21:14:25.695556,50.00,57.10,100.00,100.00
2026-05-15T21:14:25.796236,42.90,55.60,100.00,100.00
2026-05-15T21:14:25.896743,55.60,55.60,100.00,100.00
2026-05-15T21:14:25.997323,62.50,50.00,100.00,100.00
2026-05-15T21:14:26.098259,55.60,57.10,100.00,100.00
2026-05-15T21:14:26.198816,62.50,50.00,100.00,100.00
2026-05-15T21:14:26.299491,62.50,50.00,100.00,100.00
2026-05-15T21:14:26.400047,55.60,70.00,100.00,100.00
2026-05-15T21:14:26.500894,50.00,37.50,100.00,100.00
2026-05-15T21:14:26.601556,44.40,62.50,100.00,100.00
2026-05-15T21:14:26.702255,42.90,33.30,100.00,100.00
2026-05-15T21:14:26.802984,55.60,55.60,100.00,100.00
2026-05-15T21:14:26.903735,55.60,50.00,100.00,100.00
2026-05-15T21:14:27.004405,50.00,55.60,100.00,100.00
2026-05-15T21:14:27.105258,50.00,50.00,100.00,100.00
2026-05-15T21:14:27.205835,37.50,42.90,100.00,100.00
2026-05-15T21:14:27.306665,66.70,60.00,100.00,100.00
2026-05-15T21:14:27.407261,42.90,50.00,100.00,100.00
2026-05-15T21:14:27.509189,77.80,77.80,100.00,100.00
2026-05-15T21:14:27.610281,80.00,100.00,100.00,100.00
2026-05-15T21:14:27.710880,80.00,100.00,100.00,100.00
2026-05-15T21:14:27.811446,100.00,100.00,100.00,100.00
2026-05-15T21:14:27.913224,88.90,100.00,100.00,100.00
2026-05-15T21:14:28.013879,90.90,100.00,100.00,100.00
2026-05-15T21:14:28.114606,100.00,100.00,100.00,100.00
2026-05-15T21:14:28.215191,100.00,100.00,100.00,100.00
2026-05-15T21:14:28.316333,88.90,100.00,100.00,100.00
2026-05-15T21:14:28.417011,90.00,100.00,100.00,100.00
2026-05-15T21:14:28.517805,100.00,100.00,100.00,100.00
2026-05-15T21:14:28.618499,100.00,100.00,100.00,100.00
2026-05-15T21:14:28.719146,90.90,100.00,100.00,100.00
2026-05-15T21:14:28.819933,100.00,100.00,100.00,100.00
2026-05-15T21:14:28.920726,100.00,91.70,100.00,100.00
2026-05-15T21:14:29.021421,100.00,100.00,100.00,100.00
2026-05-15T21:14:29.122442,100.00,100.00,100.00,100.00
2026-05-15T21:14:29.223746,90.90,100.00,100.00,100.00
2026-05-15T21:14:29.325387,100.00,100.00,100.00,100.00
2026-05-15T21:14:29.426146,100.00,100.00,100.00,100.00
2026-05-15T21:14:29.526720,90.00,100.00,100.00,100.00
2026-05-15T21:14:29.628517,87.50,100.00,100.00,100.00
2026-05-15T21:14:29.730535,90.00,100.00,100.00,100.00
2026-05-15T21:14:29.831287,100.00,100.00,100.00,100.00
2026-05-15T21:14:29.932068,100.00,100.00,100.00,100.00
2026-05-15T21:14:30.032805,100.00,100.00,100.00,100.00
2026-05-15T21:14:30.133473,88.90,100.00,100.00,100.00
2026-05-15T21:14:30.235292,100.00,100.00,100.00,100.00
2026-05-15T21:14:30.335988,87.50,100.00,100.00,100.00
2026-05-15T21:14:30.436844,100.00,100.00,100.00,100.00
2026-05-15T21:14:30.537561,88.90,100.00,100.00,100.00
2026-05-15T21:14:30.638352,100.00,100.00,100.00,100.00
2026-05-15T21:14:30.739047,100.00,100.00,100.00,100.00
2026-05-15T21:14:30.839674,90.00,100.00,100.00,100.00
2026-05-15T21:14:30.940307,100.00,100.00,100.00,100.00
2026-05-15T21:14:31.042380,100.00,100.00,100.00,100.00
2026-05-15T21:14:31.143061,100.00,100.00,100.00,100.00
2026-05-15T21:14:31.243751,100.00,100.00,100.00,100.00
2026-05-15T21:14:31.345359,90.00,100.00,100.00,100.00
2026-05-15T21:14:31.446914,100.00,100.00,100.00,100.00
2026-05-15T21:14:31.547675,100.00,100.00,100.00,100.00
2026-05-15T21:14:31.648441,90.00,100.00,100.00,100.00
2026-05-15T21:14:31.749113,100.00,100.00,100.00,100.00
2026-05-15T21:14:31.849826,100.00,100.00,100.00,100.00
2026-05-15T21:14:31.952425,100.00,100.00,100.00,100.00
2026-05-15T21:14:32.053268,88.90,100.00,100.00,100.00
2026-05-15T21:14:32.154165,100.00,100.00,100.00,100.00
2026-05-15T21:14:32.254866,100.00,100.00,100.00,100.00
2026-05-15T21:14:32.356185,90.00,100.00,100.00,100.00
2026-05-15T21:14:32.456728,100.00,100.00,100.00,100.00
2026-05-15T21:14:32.557344,100.00,100.00,100.00,100.00
2026-05-15T21:14:32.657882,62.50,90.90,100.00,100.00
2026-05-15T21:14:32.758498,55.60,62.50,100.00,100.00
2026-05-15T21:14:32.859558,50.00,62.50,100.00,100.00
2026-05-15T21:14:32.960070,60.00,66.70,100.00,100.00
2026-05-15T21:14:33.060986,40.00,66.70,100.00,100.00
2026-05-15T21:14:33.161596,55.60,66.70,100.00,100.00
2026-05-15T21:14:33.262286,55.60,62.50,100.00,100.00
2026-05-15T21:14:33.362851,50.00,66.70,100.00,100.00
2026-05-15T21:14:33.463475,62.50,66.70,100.00,100.00
2026-05-15T21:14:33.564727,55.60,62.50,100.00,100.00
2026-05-15T21:14:33.665400,55.60,62.50,100.00,100.00
2026-05-15T21:14:33.766153,62.50,63.60,100.00,100.00
2026-05-15T21:14:33.867033,62.50,57.10,100.00,100.00
2026-05-15T21:14:33.967610,66.70,62.50,100.00,100.00
2026-05-15T21:14:34.068287,77.80,66.70,100.00,100.00
2026-05-15T21:14:34.168980,62.50,75.00,100.00,100.00
2026-05-15T21:14:34.269660,77.80,70.00,100.00,100.00
2026-05-15T21:14:34.370833,72.70,66.70,100.00,100.00
2026-05-15T21:14:34.471488,57.10,62.50,100.00,100.00
2026-05-15T21:14:34.572874,63.60,60.00,100.00,100.00
2026-05-15T21:14:34.673566,62.50,62.50,100.00,100.00
2026-05-15T21:14:34.774188,50.00,60.00,100.00,100.00
2026-05-15T21:14:34.875180,62.50,57.10,100.00,100.00
2026-05-15T21:14:34.975788,55.60,62.50,100.00,100.00
2026-05-15T21:14:35.076384,62.50,70.00,100.00,100.00
2026-05-15T21:14:35.176958,60.00,42.90,100.00,100.00
2026-05-15T21:14:35.277518,71.40,62.50,100.00,100.00
2026-05-15T21:14:35.378332,60.00,55.60,100.00,100.00
2026-05-15T21:14:35.478976,62.50,66.70,100.00,100.00
2026-05-15T21:14:35.579601,75.00,62.50,100.00,100.00
2026-05-15T21:14:35.680528,55.60,70.00,100.00,100.00
2026-05-15T21:14:35.781262,66.70,62.50,100.00,100.00
2026-05-15T21:14:35.881926,42.90,66.70,100.00,100.00
2026-05-15T21:14:35.982877,70.00,66.70,100.00,100.00
2026-05-15T21:14:36.083618,50.00,55.60,100.00,100.00
2026-05-15T21:14:36.184226,50.00,66.70,100.00,100.00
2026-05-15T21:14:36.285037,62.50,66.70,100.00,100.00
2026-05-15T21:14:36.385692,62.50,80.00,100.00,100.00
2026-05-15T21:14:36.486262,66.70,70.00,100.00,100.00
2026-05-15T21:14:36.586736,62.50,75.00,100.00,100.00
2026-05-15T21:14:36.687731,50.00,66.70,100.00,100.00
2026-05-15T21:14:36.788344,42.90,62.50,100.00,100.00
2026-05-15T21:14:36.888956,62.50,55.60,100.00,100.00
2026-05-15T21:14:36.989646,57.10,62.50,100.00,100.00
2026-05-15T21:14:37.090364,60.00,66.70,100.00,100.00
2026-05-15T21:14:37.190967,62.50,66.70,100.00,100.00
2026-05-15T21:14:37.291574,66.70,62.50,100.00,100.00
2026-05-15T21:14:37.392426,55.60,55.60,100.00,100.00
2026-05-15T21:14:37.492996,42.90,50.00,100.00,100.00
2026-05-15T21:14:37.593642,16.70,37.50,100.00,100.00
2026-05-15T21:14:37.694268,37.50,37.50,100.00,100.00
2026-05-15T21:14:37.794886,25.00,42.90,100.00,100.00
2026-05-15T21:14:37.895439,37.50,16.70,100.00,100.00
2026-05-15T21:14:37.996055,28.60,40.00,100.00,100.00
2026-05-15T21:14:38.096778,37.50,37.50,100.00,100.00
2026-05-15T21:14:38.197370,25.00,33.30,100.00,100.00
2026-05-15T21:14:38.297973,28.60,37.50,100.00,100.00
2026-05-15T21:14:38.398601,37.50,37.50,100.00,100.00
2026-05-15T21:14:38.499238,37.50,37.50,100.00,100.00
2026-05-15T21:14:38.599800,28.60,28.60,100.00,100.00
2026-05-15T21:14:38.700365,28.60,37.50,100.00,100.00
2026-05-15T21:14:38.800906,33.30,42.90,100.00,100.00
2026-05-15T21:14:38.901608,28.60,28.60,100.00,100.00
2026-05-15T21:14:39.002387,33.30,37.50,100.00,100.00
2026-05-15T21:14:39.102998,37.50,37.50,100.00,100.00
2026-05-15T21:14:39.203818,28.60,37.50,100.00,100.00
2026-05-15T21:14:39.304417,28.60,37.50,100.00,100.00
2026-05-15T21:14:39.404994,50.00,50.00,100.00,100.00
2026-05-15T21:14:39.505607,28.60,42.90,100.00,100.00
2026-05-15T21:14:39.606255,37.50,37.50,100.00,100.00
2026-05-15T21:14:39.707330,25.00,28.60,100.00,100.00
2026-05-15T21:14:39.808021,50.00,60.00,100.00,100.00
2026-05-15T21:14:39.908796,37.50,16.70,100.00,100.00
2026-05-15T21:14:40.009387,28.60,44.40,100.00,100.00
2026-05-15T21:14:40.109977,44.40,44.40,100.00,100.00
2026-05-15T21:14:40.210622,28.60,16.70,100.00,100.00
2026-05-15T21:14:40.311215,25.00,37.50,100.00,100.00
2026-05-15T21:14:40.411906,28.60,16.70,100.00,100.00
2026-05-15T21:14:40.512548,37.50,44.40,100.00,100.00
2026-05-15T21:14:40.613078,25.00,37.50,100.00,100.00
2026-05-15T21:14:40.713722,37.50,42.90,100.00,100.00
2026-05-15T21:14:40.814545,25.00,37.50,100.00,100.00
2026-05-15T21:14:40.915166,37.50,28.60,100.00,100.00
2026-05-15T21:14:41.015943,28.60,37.50,100.00,100.00
2026-05-15T21:14:41.116477,28.60,28.60,100.00,100.00
2026-05-15T21:14:41.217067,37.50,28.60,100.00,100.00
2026-05-15T21:14:41.318291,55.60,50.00,100.00,100.00
2026-05-15T21:14:41.418852,25.00,28.60,100.00,100.00
2026-05-15T21:14:41.519591,28.60,37.50,100.00,100.00
2026-05-15T21:14:41.620206,37.50,28.60,100.00,100.00
2026-05-15T21:14:41.720857,28.60,37.50,100.00,100.00
2026-05-15T21:14:41.821462,33.30,37.50,100.00,100.00
2026-05-15T21:14:41.921991,44.40,28.60,100.00,100.00
2026-05-15T21:14:42.022558,0.00,28.60,100.00,100.00
2026-05-15T21:14:42.123081,33.30,28.60,100.00,100.00
2026-05-15T21:14:42.223752,16.70,28.60,100.00,100.00
2026-05-15T21:14:42.324344,37.50,37.50,100.00,100.00
2026-05-15T21:14:42.424957,33.30,37.50,100.00,100.00
2026-05-15T21:14:42.525568,42.90,55.60,100.00,100.00
2026-05-15T21:14:42.626052,44.40,50.00,100.00,100.00
2026-05-15T21:14:42.726615,50.00,60.00,100.00,100.00
2026-05-15T21:14:42.827504,50.00,57.10,100.00,100.00
2026-05-15T21:14:42.928158,42.90,60.00,100.00,100.00
2026-05-15T21:14:43.028921,55.60,55.60,100.00,100.00
2026-05-15T21:14:43.129676,44.40,55.60,100.00,100.00
2026-05-15T21:14:43.230405,62.50,55.60,100.00,100.00
2026-05-15T21:14:43.330938,55.60,60.00,100.00,100.00
2026-05-15T21:14:43.431729,44.40,50.00,100.00,100.00
2026-05-15T21:14:43.532362,50.00,62.50,100.00,100.00
2026-05-15T21:14:43.632916,44.40,55.60,100.00,100.00
2026-05-15T21:14:43.733630,50.00,60.00,100.00,100.00
2026-05-15T21:14:43.835211,55.60,50.00,100.00,100.00
2026-05-15T21:14:43.935841,50.00,50.00,100.00,100.00
2026-05-15T21:14:44.036496,50.00,37.50,100.00,100.00
2026-05-15T21:14:44.137163,57.10,55.60,100.00,100.00
2026-05-15T21:14:44.237787,50.00,33.30,100.00,100.00
2026-05-15T21:14:44.338464,42.90,55.60,100.00,100.00
2026-05-15T21:14:44.439146,55.60,37.50,100.00,100.00
2026-05-15T21:14:44.539698,42.90,55.60,100.00,100.00
2026-05-15T21:14:44.640593,44.40,50.00,100.00,100.00
2026-05-15T21:14:44.741201,57.10,55.60,100.00,100.00
2026-05-15T21:14:44.841867,55.60,55.60,100.00,100.00
2026-05-15T21:14:44.942645,66.70,57.10,100.00,100.00
2026-05-15T21:14:45.043330,57.10,63.60,100.00,100.00
2026-05-15T21:14:45.143842,63.60,57.10,100.00,100.00
2026-05-15T21:14:45.244660,42.90,55.60,100.00,100.00
2026-05-15T21:14:45.345227,50.00,62.50,100.00,100.00
2026-05-15T21:14:45.446056,62.50,66.70,100.00,100.00
2026-05-15T21:14:45.547063,55.60,62.50,100.00,100.00
2026-05-15T21:14:45.647756,50.00,66.70,100.00,100.00
2026-05-15T21:14:45.748615,50.00,66.70,100.00,100.00
2026-05-15T21:14:45.849286,55.60,57.10,100.00,100.00
2026-05-15T21:14:45.949901,66.70,62.50,100.00,100.00
2026-05-15T21:14:46.050675,55.60,63.60,100.00,100.00
2026-05-15T21:14:46.151294,42.90,66.70,100.00,100.00
2026-05-15T21:14:46.252021,55.60,42.90,100.00,100.00
2026-05-15T21:14:46.352995,33.30,50.00,100.00,100.00
2026-05-15T21:14:46.454189,55.60,55.60,100.00,100.00
2026-05-15T21:14:46.554892,37.50,62.50,100.00,100.00
2026-05-15T21:14:46.655579,42.90,55.60,100.00,100.00
2026-05-15T21:14:46.756130,28.60,66.70,100.00,100.00
2026-05-15T21:14:46.856815,55.60,62.50,100.00,100.00
2026-05-15T21:14:46.957478,66.70,50.00,100.00,100.00
2026-05-15T21:14:47.058462,62.50,66.70,100.00,100.00
2026-05-15T21:14:47.158973,50.00,66.70,100.00,100.00
2026-05-15T21:14:47.259585,50.00,60.00,100.00,100.00
2026-05-15T21:14:47.360328,37.50,50.00,100.00,100.00
2026-05-15T21:14:47.460948,42.90,55.60,100.00,100.00
2026-05-15T21:14:47.561616,33.30,16.70,100.00,100.00
2026-05-15T21:14:47.662429,28.60,37.50,100.00,100.00
2026-05-15T21:14:47.762963,28.60,16.70,100.00,100.00
2026-05-15T21:14:47.863545,25.00,44.40,100.00,100.00
2026-05-15T21:14:47.964219,50.00,37.50,100.00,100.00
2026-05-15T21:14:48.064714,28.60,20.00,100.00,100.00
2026-05-15T21:14:48.165303,33.30,40.00,100.00,100.00
2026-05-15T21:14:48.265889,37.50,16.70,100.00,100.00
2026-05-15T21:14:48.366536,28.60,37.50,100.00,100.00
2026-05-15T21:14:48.467113,25.00,37.50,100.00,100.00
2026-05-15T21:14:48.567857,37.50,28.60,100.00,100.00
2026-05-15T21:14:48.668430,33.30,44.40,100.00,100.00
2026-05-15T21:14:48.768977,28.60,16.70,100.00,100.00
2026-05-15T21:14:48.869593,25.00,16.70,100.00,100.00
2026-05-15T21:14:48.970300,37.50,37.50,100.00,100.00
2026-05-15T21:14:49.070948,37.50,25.00,100.00,100.00
2026-05-15T21:14:49.171523,25.00,28.60,100.00,100.00
2026-05-15T21:14:49.272307,37.50,37.50,100.00,100.00
2026-05-15T21:14:49.372871,33.30,28.60,100.00,100.00
2026-05-15T21:14:49.473614,16.70,16.70,100.00,100.00
2026-05-15T21:14:49.574248,33.30,37.50,100.00,100.00
2026-05-15T21:14:49.674995,28.60,16.70,100.00,100.00
2026-05-15T21:14:49.775658,11.10,50.00,100.00,100.00
2026-05-15T21:14:49.876263,28.60,37.50,100.00,100.00
2026-05-15T21:14:49.976887,33.30,16.70,100.00,100.00
2026-05-15T21:14:50.077592,16.70,40.00,100.00,100.00
2026-05-15T21:14:50.178331,33.30,28.60,100.00,100.00
2026-05-15T21:14:50.278850,14.30,37.50,100.00,100.00
2026-05-15T21:14:50.379687,44.40,44.40,100.00,100.00
2026-05-15T21:14:50.480247,28.60,20.00,100.00,100.00
2026-05-15T21:14:50.580809,28.60,44.40,100.00,100.00
2026-05-15T21:14:50.681654,25.00,33.30,100.00,100.00
2026-05-15T21:14:50.782257,28.60,28.60,100.00,100.00
2026-05-15T21:14:50.882843,33.30,28.60,100.00,100.00
2026-05-15T21:14:50.983598,28.60,14.30,100.00,100.00
2026-05-15T21:14:51.084142,14.30,37.50,100.00,100.00
2026-05-15T21:14:51.184786,28.60,28.60,100.00,100.00
2026-05-15T21:14:51.285427,37.50,37.50,100.00,100.00
2026-05-15T21:14:51.385959,37.50,37.50,100.00,100.00
2026-05-15T21:14:51.486743,28.60,16.70,100.00,100.00
2026-05-15T21:14:51.587386,40.00,28.60,100.00,100.00
2026-05-15T21:14:51.687932,28.60,37.50,100.00,100.00
2026-05-15T21:14:51.788612,37.50,50.00,100.00,100.00
2026-05-15T21:14:51.889383,37.50,28.60,100.00,100.00
2026-05-15T21:14:51.989914,14.30,16.70,100.00,100.00
2026-05-15T21:14:52.090491,37.50,44.40,100.00,100.00
2026-05-15T21:14:52.191025,33.30,25.00,100.00,100.00
2026-05-15T21:14:52.291811,28.60,28.60,100.00,100.00
2026-05-15T21:14:52.392426,25.00,28.60,100.00,100.00
2026-05-15T21:14:52.492996,62.50,66.70,100.00,100.00
2026-05-15T21:14:52.593793,88.90,100.00,100.00,100.00
2026-05-15T21:14:52.694352,88.90,100.00,100.00,100.00
2026-05-15T21:14:52.795718,90.90,100.00,100.00,100.00
2026-05-15T21:14:52.896809,90.00,100.00,100.00,100.00
2026-05-15T21:14:52.997438,88.90,90.90,100.00,100.00
2026-05-15T21:14:53.098052,88.90,100.00,100.00,100.00
2026-05-15T21:14:53.198862,90.00,100.00,100.00,100.00
2026-05-15T21:14:53.299514,88.90,100.00,100.00,100.00
2026-05-15T21:14:53.400101,100.00,100.00,100.00,100.00
2026-05-15T21:14:53.500639,88.90,100.00,100.00,100.00
2026-05-15T21:14:53.601340,100.00,91.70,100.00,100.00
2026-05-15T21:14:53.702068,90.90,100.00,100.00,100.00
2026-05-15T21:14:53.803686,100.00,100.00,100.00,100.00
2026-05-15T21:14:53.904254,90.00,100.00,100.00,100.00
2026-05-15T21:14:54.004946,100.00,90.90,100.00,100.00
2026-05-15T21:14:54.105717,77.80,100.00,100.00,100.00
2026-05-15T21:14:54.206364,100.00,100.00,100.00,100.00
2026-05-15T21:14:54.307048,75.00,100.00,100.00,100.00
2026-05-15T21:14:54.407941,90.90,100.00,100.00,100.00
2026-05-15T21:14:54.510213,90.00,100.00,100.00,100.00
2026-05-15T21:14:54.610963,100.00,100.00,100.00,100.00
2026-05-15T21:14:54.711739,100.00,100.00,100.00,100.00
2026-05-15T21:14:54.812392,81.80,100.00,100.00,100.00
2026-05-15T21:14:54.913031,100.00,100.00,100.00,100.00
2026-05-15T21:14:55.013641,100.00,100.00,100.00,100.00
2026-05-15T21:14:55.114348,100.00,100.00,100.00,100.00
2026-05-15T21:14:55.215011,90.00,100.00,100.00,100.00
2026-05-15T21:14:55.315613,100.00,100.00,100.00,100.00
2026-05-15T21:14:55.416238,100.00,90.00,100.00,100.00
2026-05-15T21:14:55.517014,100.00,100.00,100.00,100.00
2026-05-15T21:14:55.617668,100.00,100.00,100.00,100.00
2026-05-15T21:14:55.718346,90.90,81.80,100.00,100.00
2026-05-15T21:14:55.819666,100.00,100.00,100.00,100.00
2026-05-15T21:14:55.920370,88.90,100.00,100.00,100.00
2026-05-15T21:14:56.022284,100.00,100.00,100.00,100.00
2026-05-15T21:14:56.123020,90.90,100.00,100.00,100.00
2026-05-15T21:14:56.224574,100.00,100.00,100.00,100.00
2026-05-15T21:14:56.326142,100.00,100.00,100.00,100.00
2026-05-15T21:14:56.426708,90.00,91.70,100.00,100.00
2026-05-15T21:14:56.529345,100.00,100.00,100.00,100.00
2026-05-15T21:14:56.630098,90.90,100.00,100.00,100.00
2026-05-15T21:14:56.731672,100.00,100.00,100.00,100.00
2026-05-15T21:14:56.832256,100.00,91.70,100.00,100.00
2026-05-15T21:14:56.932925,90.00,100.00,100.00,100.00
2026-05-15T21:14:57.033867,88.90,100.00,100.00,100.00
2026-05-15T21:14:57.134469,100.00,100.00,100.00,100.00
2026-05-15T21:14:57.234965,90.00,100.00,100.00,100.00
2026-05-15T21:14:57.339035,90.00,100.00,100.00,100.00
2026-05-15T21:14:57.439967,88.90,100.00,100.00,100.00
2026-05-15T21:14:57.542489,80.00,100.00,100.00,100.00
2026-05-15T21:14:57.643462,90.00,100.00,100.00,100.00
2026-05-15T21:14:57.745470,100.00,100.00,100.00,100.00
2026-05-15T21:14:57.846359,100.00,100.00,100.00,100.00
2026-05-15T21:14:57.947046,90.90,100.00,100.00,100.00
2026-05-15T21:14:58.047692,100.00,100.00,100.00,100.00
2026-05-15T21:14:58.148560,100.00,100.00,100.00,100.00
2026-05-15T21:14:58.249296,90.90,100.00,100.00,100.00
2026-05-15T21:14:58.349907,100.00,100.00,100.00,100.00
2026-05-15T21:14:58.450531,100.00,100.00,100.00,100.00
2026-05-15T21:14:58.551179,90.90,100.00,100.00,100.00
2026-05-15T21:14:58.651957,100.00,100.00,100.00,100.00
2026-05-15T21:14:58.752808,100.00,100.00,100.00,100.00
2026-05-15T21:14:58.853403,100.00,100.00,100.00,100.00
2026-05-15T21:14:58.954266,88.90,100.00,100.00,100.00
2026-05-15T21:14:59.057224,100.00,100.00,100.00,100.00
2026-05-15T21:14:59.157893,100.00,100.00,100.00,100.00
2026-05-15T21:14:59.258650,88.90,100.00,100.00,100.00
2026-05-15T21:14:59.359360,90.90,100.00,100.00,100.00
2026-05-15T21:14:59.460642,90.00,100.00,100.00,100.00
2026-05-15T21:14:59.561140,100.00,90.90,100.00,100.00
2026-05-15T21:14:59.661864,100.00,100.00,100.00,100.00
2026-05-15T21:14:59.763470,90.90,100.00,100.00,100.00
2026-05-15T21:14:59.864980,100.00,100.00,100.00,100.00
2026-05-15T21:14:59.965639,100.00,100.00,100.00,100.00
2026-05-15T21:15:00.067132,88.90,100.00,100.00,100.00
2026-05-15T21:15:00.167861,100.00,100.00,100.00,100.00
2026-05-15T21:15:00.268527,100.00,100.00,100.00,100.00
2026-05-15T21:15:00.369217,88.90,100.00,100.00,100.00
2026-05-15T21:15:00.469813,100.00,100.00,100.00,100.00
2026-05-15T21:15:00.570504,100.00,100.00,100.00,100.00
2026-05-15T21:15:00.672306,100.00,100.00,100.00,100.00
2026-05-15T21:15:00.773132,90.00,100.00,100.00,100.00
2026-05-15T21:15:00.873711,100.00,90.00,100.00,100.00
2026-05-15T21:15:00.974341,90.00,100.00,100.00,100.00
2026-05-15T21:15:01.074998,88.90,100.00,100.00,100.00
2026-05-15T21:15:01.175548,100.00,100.00,100.00,100.00
2026-05-15T21:15:01.276270,81.80,100.00,100.00,100.00
2026-05-15T21:15:01.378167,100.00,100.00,100.00,100.00
2026-05-15T21:15:01.478973,88.90,100.00,100.00,100.00
2026-05-15T21:15:01.579593,90.00,100.00,100.00,100.00
2026-05-15T21:15:01.682412,100.00,100.00,100.00,100.00
2026-05-15T21:15:01.783174,100.00,100.00,100.00,100.00
2026-05-15T21:15:01.883868,90.00,100.00,100.00,100.00
2026-05-15T21:15:01.986629,100.00,100.00,100.00,100.00
2026-05-15T21:15:02.087654,100.00,100.00,100.00,100.00
2026-05-15T21:15:02.188294,100.00,100.00,100.00,100.00
2026-05-15T21:15:02.288886,100.00,100.00,100.00,100.00
2026-05-15T21:15:02.390020,100.00,100.00,100.00,100.00
2026-05-15T21:15:02.491392,100.00,100.00,100.00,100.00
2026-05-15T21:15:02.592114,90.00,100.00,100.00,100.00
2026-05-15T21:15:02.692820,100.00,100.00,100.00,100.00
2026-05-15T21:15:02.793972,100.00,100.00,100.00,100.00
2026-05-15T21:15:02.895009,100.00,100.00,100.00,100.00
2026-05-15T21:15:02.995861,90.00,100.00,100.00,100.00
2026-05-15T21:15:03.097580,100.00,100.00,100.00,100.00
2026-05-15T21:15:03.198921,100.00,100.00,100.00,100.00
2026-05-15T21:15:03.299675,90.90,100.00,100.00,100.00
2026-05-15T21:15:03.400864,100.00,100.00,100.00,100.00
2026-05-15T21:15:03.502470,100.00,100.00,100.00,100.00
2026-05-15T21:15:03.604462,90.00,100.00,100.00,100.00
2026-05-15T21:15:03.705549,100.00,100.00,100.00,100.00
2026-05-15T21:15:03.806250,90.90,100.00,100.00,100.00
2026-05-15T21:15:03.906905,100.00,100.00,100.00,100.00
2026-05-15T21:15:04.007498,100.00,100.00,100.00,100.00
2026-05-15T21:15:04.108106,100.00,100.00,100.00,100.00
2026-05-15T21:15:04.208949,90.90,100.00,100.00,100.00
2026-05-15T21:15:04.309632,100.00,100.00,100.00,100.00
2026-05-15T21:15:04.410383,100.00,100.00,100.00,100.00
2026-05-15T21:15:04.511039,100.00,100.00,100.00,100.00
2026-05-15T21:15:04.611865,90.00,100.00,100.00,100.00
2026-05-15T21:15:04.712561,100.00,100.00,100.00,100.00
2026-05-15T21:15:04.813195,100.00,90.90,100.00,100.00
2026-05-15T21:15:04.913933,100.00,100.00,100.00,100.00
2026-05-15T21:15:05.014525,100.00,100.00,100.00,100.00
2026-05-15T21:15:05.115191,100.00,100.00,100.00,100.00
2026-05-15T21:15:05.215918,90.90,100.00,100.00,100.00
2026-05-15T21:15:05.316890,100.00,100.00,100.00,100.00
2026-05-15T21:15:05.417944,90.90,100.00,100.00,100.00
2026-05-15T21:15:05.519099,100.00,100.00,100.00,100.00
2026-05-15T21:15:05.621294,90.90,88.90,100.00,100.00
2026-05-15T21:15:05.721896,100.00,90.90,100.00,100.00
2026-05-15T21:15:05.824241,90.90,100.00,100.00,100.00
2026-05-15T21:15:05.925211,100.00,90.00,100.00,100.00
2026-05-15T21:15:06.026458,100.00,100.00,100.00,100.00
2026-05-15T21:15:06.128007,100.00,100.00,100.00,100.00
2026-05-15T21:15:06.228905,90.00,90.90,100.00,100.00
2026-05-15T21:15:06.329518,100.00,100.00,100.00,100.00
2026-05-15T21:15:06.431256,90.90,100.00,100.00,100.00
2026-05-15T21:15:06.531918,88.90,100.00,100.00,100.00
2026-05-15T21:15:06.633116,100.00,100.00,100.00,100.00
2026-05-15T21:15:06.733795,90.00,90.90,100.00,100.00
2026-05-15T21:15:06.834437,88.90,100.00,100.00,100.00
2026-05-15T21:15:06.935117,90.00,100.00,100.00,100.00
2026-05-15T21:15:07.035825,75.00,90.00,100.00,100.00
2026-05-15T21:15:07.137176,85.70,100.00,100.00,100.00
2026-05-15T21:15:07.238298,90.90,90.90,100.00,100.00
2026-05-15T21:15:07.339219,90.90,100.00,100.00,100.00
2026-05-15T21:15:07.439966,100.00,100.00,100.00,100.00
2026-05-15T21:15:07.540638,37.50,42.90,100.00,100.00
2026-05-15T21:15:07.641684,28.60,37.50,100.00,100.00
2026-05-15T21:15:07.742309,37.50,44.40,100.00,100.00
2026-05-15T21:15:07.842779,37.50,20.00,100.00,100.00
2026-05-15T21:15:07.944015,28.60,37.50,100.00,100.00
2026-05-15T21:15:08.044863,25.00,28.60,100.00,100.00
2026-05-15T21:15:08.145573,37.50,37.50,100.00,100.00
2026-05-15T21:15:08.246657,44.40,50.00,100.00,100.00
2026-05-15T21:15:08.347260,50.00,42.90,100.00,100.00
2026-05-15T21:15:08.447858,37.50,28.60,100.00,100.00
2026-05-15T21:15:08.548430,44.40,37.50,100.00,100.00
2026-05-15T21:15:08.649050,28.60,44.40,100.00,100.00
2026-05-15T21:15:08.749635,25.00,28.60,100.00,100.00
2026-05-15T21:15:08.850208,33.30,37.50,100.00,100.00
2026-05-15T21:15:08.950914,28.60,16.70,100.00,100.00
2026-05-15T21:15:09.051609,33.30,28.60,100.00,100.00
2026-05-15T21:15:09.152199,25.00,28.60,100.00,100.00
2026-05-15T21:15:09.252798,28.60,25.00,100.00,100.00
2026-05-15T21:15:09.353443,14.30,28.60,100.00,100.00
2026-05-15T21:15:09.453957,33.30,28.60,100.00,100.00
2026-05-15T21:15:09.554751,16.70,14.30,100.00,100.00
2026-05-15T21:15:09.655550,25.00,37.50,100.00,100.00
2026-05-15T21:15:09.756164,40.00,16.70,100.00,100.00
2026-05-15T21:15:09.856822,16.70,25.00,100.00,100.00
2026-05-15T21:15:09.957630,33.30,28.60,100.00,100.00
2026-05-15T21:15:10.058478,25.00,37.50,100.00,100.00
2026-05-15T21:15:10.159045,28.60,28.60,100.00,100.00
2026-05-15T21:15:10.259824,25.00,28.60,100.00,100.00
2026-05-15T21:15:10.360439,33.30,37.50,100.00,100.00
2026-05-15T21:15:10.461286,14.30,25.00,100.00,100.00
2026-05-15T21:15:10.561901,40.00,28.60,100.00,100.00
2026-05-15T21:15:10.662839,16.70,28.60,100.00,100.00
2026-05-15T21:15:10.763425,33.30,28.60,100.00,100.00
2026-05-15T21:15:10.863944,33.30,25.00,100.00,100.00
2026-05-15T21:15:10.964556,14.30,28.60,100.00,100.00
2026-05-15T21:15:11.065387,25.00,37.50,100.00,100.00
2026-05-15T21:15:11.165927,37.50,28.60,100.00,100.00
2026-05-15T21:15:11.266613,25.00,37.50,100.00,100.00
2026-05-15T21:15:11.367296,66.70,55.60,100.00,100.00
2026-05-15T21:15:11.467955,28.60,28.60,100.00,100.00
2026-05-15T21:15:11.568597,37.50,42.90,100.00,100.00
2026-05-15T21:15:11.669630,25.00,37.50,100.00,100.00
2026-05-15T21:15:11.770201,37.50,37.50,100.00,100.00
2026-05-15T21:15:11.870745,14.30,28.60,100.00,100.00
2026-05-15T21:15:11.971357,25.00,28.60,100.00,100.00
2026-05-15T21:15:12.071976,37.50,28.60,100.00,100.00
2026-05-15T21:15:12.172796,14.30,28.60,100.00,100.00
2026-05-15T21:15:12.273596,25.00,37.50,100.00,100.00
2026-05-15T21:15:12.374379,37.50,14.30,100.00,100.00
2026-05-15T21:15:12.474900,30.00,25.00,100.00,100.00
2026-05-15T21:15:12.575470,18.20,11.10,100.00,100.00
2026-05-15T21:15:12.675999,11.10,11.10,100.00,100.00
2026-05-15T21:15:12.776504,18.20,18.20,100.00,100.00
2026-05-15T21:15:12.876989,20.00,0.00,100.00,100.00
2026-05-15T21:15:12.977526,18.20,11.10,100.00,100.00
2026-05-15T21:15:13.077999,11.10,20.00,100.00,100.00
2026-05-15T21:15:13.178502,27.30,10.00,100.00,100.00
2026-05-15T21:15:13.279008,20.00,20.00,100.00,100.00
2026-05-15T21:15:13.379522,25.00,0.00,100.00,100.00
2026-05-15T21:15:13.480120,20.00,18.20,100.00,100.00
2026-05-15T21:15:13.580627,18.20,11.10,100.00,100.00
2026-05-15T21:15:13.681124,11.10,11.10,100.00,100.00
2026-05-15T21:15:13.781659,20.00,11.10,100.00,100.00
2026-05-15T21:15:13.882162,20.00,11.10,100.00,100.00
2026-05-15T21:15:13.982791,25.00,25.00,100.00,100.00
2026-05-15T21:15:14.083346,20.00,11.10,100.00,100.00
2026-05-15T21:15:14.183909,20.00,11.10,100.00,100.00
2026-05-15T21:15:14.284439,20.00,20.00,100.00,100.00
2026-05-15T21:15:14.385043,18.20,11.10,100.00,100.00
2026-05-15T21:15:14.485560,11.10,11.10,100.00,100.00
2026-05-15T21:15:14.586099,25.00,18.20,100.00,100.00
2026-05-15T21:15:14.686589,20.00,11.10,100.00,100.00
2026-05-15T21:15:14.787099,10.00,11.10,100.00,100.00
2026-05-15T21:15:14.887614,27.30,10.00,100.00,100.00
2026-05-15T21:15:14.988162,18.20,20.00,100.00,100.00
2026-05-15T21:15:15.088697,20.00,20.00,100.00,100.00
2026-05-15T21:15:15.189183,27.30,11.10,100.00,100.00
2026-05-15T21:15:15.289676,27.30,11.10,100.00,100.00
2026-05-15T21:15:15.390236,10.00,20.00,100.00,100.00
2026-05-15T21:15:15.490741,20.00,20.00,100.00,100.00
2026-05-15T21:15:15.591279,27.30,20.00,100.00,100.00
2026-05-15T21:15:15.691820,18.20,11.10,100.00,100.00
2026-05-15T21:15:15.792389,27.30,11.10,100.00,100.00
2026-05-15T21:15:15.892949,20.00,10.00,100.00,100.00
2026-05-15T21:15:15.993478,27.30,30.00,100.00,100.00
2026-05-15T21:15:16.093987,27.30,20.00,100.00,100.00
2026-05-15T21:15:16.194521,20.00,0.00,100.00,100.00
2026-05-15T21:15:16.295014,25.00,27.30,100.00,100.00
2026-05-15T21:15:16.395490,20.00,11.10,100.00,100.00
2026-05-15T21:15:16.496052,27.30,20.00,100.00,100.00
2026-05-15T21:15:16.596593,27.30,11.10,100.00,100.00
2026-05-15T21:15:16.697152,10.00,20.00,100.00,100.00
2026-05-15T21:15:16.797686,0.00,10.00,100.00,100.00
2026-05-15T21:15:16.898204,20.00,20.00,100.00,100.00
2026-05-15T21:15:16.998728,25.00,0.00,100.00,100.00
2026-05-15T21:15:17.099300,27.30,18.20,100.00,100.00
2026-05-15T21:15:17.199832,18.20,20.00,100.00,100.00
2026-05-15T21:15:17.300368,20.00,20.00,100.00,100.00
2026-05-15T21:15:17.400903,20.00,11.10,100.00,100.00
2026-05-15T21:15:17.501550,44.40,50.00,100.00,100.00
2026-05-15T21:15:17.602218,55.60,77.80,100.00,100.00
2026-05-15T21:15:17.703023,66.70,80.00,100.00,100.00
2026-05-15T21:15:17.803801,62.50,90.00,100.00,100.00
2026-05-15T21:15:17.904696,66.70,66.70,100.00,100.00
2026-05-15T21:15:18.005323,55.60,75.00,100.00,100.00
2026-05-15T21:15:18.105990,66.70,80.00,100.00,100.00
2026-05-15T21:15:18.206757,71.40,62.50,100.00,100.00
2026-05-15T21:15:18.307437,66.70,70.00,100.00,100.00
2026-05-15T21:15:18.408022,66.70,77.80,100.00,100.00
2026-05-15T21:15:18.508609,77.80,62.50,100.00,100.00
2026-05-15T21:15:18.609310,70.00,66.70,100.00,100.00
2026-05-15T21:15:18.709975,66.70,90.00,100.00,100.00
2026-05-15T21:15:18.810983,62.50,66.70,100.00,100.00
2026-05-15T21:15:18.911919,66.70,80.00,100.00,100.00
2026-05-15T21:15:19.012904,62.50,77.80,100.00,100.00
2026-05-15T21:15:19.113534,75.00,70.00,100.00,100.00
2026-05-15T21:15:19.214195,62.50,77.80,100.00,100.00
2026-05-15T21:15:19.314742,77.80,80.00,100.00,100.00
2026-05-15T21:15:19.415393,70.00,77.80,100.00,100.00
2026-05-15T21:15:19.516029,81.80,77.80,100.00,100.00
2026-05-15T21:15:19.616853,71.40,80.00,100.00,100.00
2026-05-15T21:15:19.717540,70.00,70.00,100.00,100.00
2026-05-15T21:15:19.818349,62.50,77.80,100.00,100.00
2026-05-15T21:15:19.918923,77.80,70.00,100.00,100.00
2026-05-15T21:15:20.019708,66.70,70.00,100.00,100.00
2026-05-15T21:15:20.120431,70.00,71.40,100.00,100.00
2026-05-15T21:15:20.221031,71.40,70.00,100.00,100.00
2026-05-15T21:15:20.322005,66.70,80.00,100.00,100.00
2026-05-15T21:15:20.422595,62.50,77.80,100.00,100.00
2026-05-15T21:15:20.523087,62.50,80.00,100.00,100.00
2026-05-15T21:15:20.624408,77.80,80.00,100.00,100.00
2026-05-15T21:15:20.725359,62.50,75.00,100.00,100.00
2026-05-15T21:15:20.825912,70.00,70.00,100.00,100.00
2026-05-15T21:15:20.926551,66.70,57.10,100.00,100.00
2026-05-15T21:15:21.027261,77.80,70.00,100.00,100.00
2026-05-15T21:15:21.128117,57.10,77.80,100.00,100.00
2026-05-15T21:15:21.228729,70.00,62.50,100.00,100.00
2026-05-15T21:15:21.329420,71.40,62.50,100.00,100.00
2026-05-15T21:15:21.430181,70.00,77.80,100.00,100.00
2026-05-15T21:15:21.530880,77.80,70.00,100.00,100.00
2026-05-15T21:15:21.631645,62.50,66.70,100.00,100.00
2026-05-15T21:15:21.732580,77.80,66.70,100.00,100.00
2026-05-15T21:15:21.833136,66.70,87.50,100.00,100.00
2026-05-15T21:15:21.933862,77.80,75.00,100.00,100.00
2026-05-15T21:15:22.034849,80.00,88.90,100.00,100.00
2026-05-15T21:15:22.135872,77.80,80.00,100.00,100.00
2026-05-15T21:15:22.236669,75.00,75.00,100.00,100.00
2026-05-15T21:15:22.337507,77.80,80.00,100.00,100.00
2026-05-15T21:15:22.438038,66.70,72.70,100.00,100.00
2026-05-15T21:15:22.538681,27.30,20.00,100.00,100.00
2026-05-15T21:15:22.639298,20.00,0.00,100.00,100.00
2026-05-15T21:15:22.739862,20.00,20.00,100.00,100.00
2026-05-15T21:15:22.840393,27.30,0.00,100.00,100.00
2026-05-15T21:15:22.940950,11.10,20.00,100.00,100.00
2026-05-15T21:15:23.041804,20.00,0.00,100.00,100.00
2026-05-15T21:15:23.142435,27.30,27.30,100.00,100.00
2026-05-15T21:15:23.243024,12.50,12.50,100.00,100.00
2026-05-15T21:15:23.343669,27.30,11.10,100.00,100.00
2026-05-15T21:15:23.444265,20.00,22.20,100.00,100.00
2026-05-15T21:15:23.544824,20.00,11.10,100.00,100.00
2026-05-15T21:15:23.645412,11.10,20.00,100.00,100.00
2026-05-15T21:15:23.745945,33.30,22.20,100.00,100.00
2026-05-15T21:15:23.846506,0.00,20.00,100.00,100.00
2026-05-15T21:15:23.947085,20.00,0.00,100.00,100.00
2026-05-15T21:15:24.047598,27.30,12.50,100.00,100.00
2026-05-15T21:15:24.148167,11.10,20.00,100.00,100.00
2026-05-15T21:15:24.248808,27.30,11.10,100.00,100.00
2026-05-15T21:15:24.349373,20.00,11.10,100.00,100.00
2026-05-15T21:15:24.449896,20.00,0.00,100.00,100.00
2026-05-15T21:15:24.550494,20.00,30.00,100.00,100.00
2026-05-15T21:15:24.651069,20.00,11.10,100.00,100.00
2026-05-15T21:15:24.751635,20.00,11.10,100.00,100.00
2026-05-15T21:15:24.852205,11.10,11.10,100.00,100.00
2026-05-15T21:15:24.952741,12.50,11.10,100.00,100.00
2026-05-15T21:15:25.053279,27.30,12.50,100.00,100.00
2026-05-15T21:15:25.153938,20.00,11.10,100.00,100.00
2026-05-15T21:15:25.254505,27.30,20.00,100.00,100.00
2026-05-15T21:15:25.355016,0.00,20.00,100.00,100.00
2026-05-15T21:15:25.455529,30.00,12.50,100.00,100.00
2026-05-15T21:15:25.556005,20.00,11.10,100.00,100.00
2026-05-15T21:15:25.656511,20.00,11.10,100.00,100.00
2026-05-15T21:15:25.757013,20.00,20.00,100.00,100.00
2026-05-15T21:15:25.857672,27.30,11.10,100.00,100.00
2026-05-15T21:15:25.958261,0.00,0.00,100.00,100.00
2026-05-15T21:15:26.058791,27.30,20.00,100.00,100.00
2026-05-15T21:15:26.159336,27.30,11.10,100.00,100.00
2026-05-15T21:15:26.259909,0.00,12.50,100.00,100.00
2026-05-15T21:15:26.360508,36.40,0.00,100.00,100.00
2026-05-15T21:15:26.461038,20.00,20.00,100.00,100.00
2026-05-15T21:15:26.561664,20.00,20.00,100.00,100.00
2026-05-15T21:15:26.662177,20.00,11.10,100.00,100.00
2026-05-15T21:15:26.762717,11.10,11.10,100.00,100.00
2026-05-15T21:15:26.863329,30.00,12.50,100.00,100.00
2026-05-15T21:15:26.963872,20.00,20.00,100.00,100.00
2026-05-15T21:15:27.064486,20.00,30.00,100.00,100.00
2026-05-15T21:15:27.165007,11.10,11.10,100.00,100.00
2026-05-15T21:15:27.265623,30.00,33.30,100.00,100.00
2026-05-15T21:15:27.366202,0.00,12.50,100.00,100.00
2026-05-15T21:15:27.466854,22.20,30.00,100.00,100.00
2026-05-15T21:15:27.567426,37.50,16.70,100.00,100.00
2026-05-15T21:15:27.667962,33.30,50.00,100.00,100.00
2026-05-15T21:15:27.768552,37.50,37.50,100.00,100.00
2026-05-15T21:15:27.869065,37.50,50.00,100.00,100.00
2026-05-15T21:15:27.969740,28.60,37.50,100.00,100.00
2026-05-15T21:15:28.070353,37.50,33.30,100.00,100.00
2026-05-15T21:15:28.170933,25.00,37.50,100.00,100.00
2026-05-15T21:15:28.271567,37.50,50.00,100.00,100.00
2026-05-15T21:15:28.372038,28.60,16.70,100.00,100.00
2026-05-15T21:15:28.472753,25.00,44.40,100.00,100.00
2026-05-15T21:15:28.573650,28.60,37.50,100.00,100.00
2026-05-15T21:15:28.674278,28.60,42.90,100.00,100.00
2026-05-15T21:15:28.774976,37.50,42.90,100.00,100.00
2026-05-15T21:15:28.875624,50.00,50.00,100.00,100.00
2026-05-15T21:15:28.976266,44.40,50.00,100.00,100.00
2026-05-15T21:15:29.077038,50.00,44.40,100.00,100.00
2026-05-15T21:15:29.177897,37.50,42.90,100.00,100.00
2026-05-15T21:15:29.278484,28.60,37.50,100.00,100.00
2026-05-15T21:15:29.379477,37.50,28.60,100.00,100.00
2026-05-15T21:15:29.480064,33.30,50.00,100.00,100.00
2026-05-15T21:15:29.580597,37.50,37.50,100.00,100.00
2026-05-15T21:15:29.681176,33.30,28.60,100.00,100.00
2026-05-15T21:15:29.781850,37.50,42.90,100.00,100.00
2026-05-15T21:15:29.882529,33.30,37.50,100.00,100.00
2026-05-15T21:15:29.983343,28.60,28.60,100.00,100.00
2026-05-15T21:15:30.084008,37.50,55.60,100.00,100.00
2026-05-15T21:15:30.184837,16.70,37.50,100.00,100.00
2026-05-15T21:15:30.285682,28.60,33.30,100.00,100.00
2026-05-15T21:15:30.386299,37.50,37.50,100.00,100.00
2026-05-15T21:15:30.486927,37.50,42.90,100.00,100.00
2026-05-15T21:15:30.587644,16.70,44.40,100.00,100.00
2026-05-15T21:15:30.688128,37.50,44.40,100.00,100.00
2026-05-15T21:15:30.788623,28.60,33.30,100.00,100.00
2026-05-15T21:15:30.890599,37.50,28.60,100.00,100.00
2026-05-15T21:15:30.991191,33.30,37.50,100.00,100.00
2026-05-15T21:15:31.091851,37.50,42.90,100.00,100.00
2026-05-15T21:15:31.192504,16.70,44.40,100.00,100.00
2026-05-15T21:15:31.293170,16.70,33.30,100.00,100.00
2026-05-15T21:15:31.393742,50.00,50.00,100.00,100.00
2026-05-15T21:15:31.494484,37.50,44.40,100.00,100.00
2026-05-15T21:15:31.595083,37.50,33.30,100.00,100.00
2026-05-15T21:15:31.695945,42.90,44.40,100.00,100.00
2026-05-15T21:15:31.796565,37.50,33.30,100.00,100.00
2026-05-15T21:15:31.897425,28.60,37.50,100.00,100.00
2026-05-15T21:15:31.997980,37.50,28.60,100.00,100.00
2026-05-15T21:15:32.098575,37.50,42.90,100.00,100.00
2026-05-15T21:15:32.199085,37.50,37.50,100.00,100.00
2026-05-15T21:15:32.299747,37.50,28.60,100.00,100.00
2026-05-15T21:15:32.400329,28.60,28.60,100.00,100.00
2026-05-15T21:15:32.500865,22.20,33.30,100.00,100.00
2026-05-15T21:15:32.601412,22.20,12.50,100.00,100.00
2026-05-15T21:15:32.701917,22.20,12.50,100.00,100.00
2026-05-15T21:15:32.802570,22.20,12.50,100.00,100.00
2026-05-15T21:15:32.903171,22.20,25.00,100.00,100.00
2026-05-15T21:15:33.003670,12.50,22.20,100.00,100.00
2026-05-15T21:15:33.104210,30.00,14.30,100.00,100.00
2026-05-15T21:15:33.204781,0.00,22.20,100.00,100.00
2026-05-15T21:15:33.305232,30.00,22.20,100.00,100.00
2026-05-15T21:15:33.405808,12.50,0.00,100.00,100.00
2026-05-15T21:15:33.506352,30.00,0.00,100.00,100.00
2026-05-15T21:15:33.606878,11.10,30.00,100.00,100.00
2026-05-15T21:15:33.707493,12.50,12.50,100.00,100.00
2026-05-15T21:15:33.808052,22.20,30.00,100.00,100.00
2026-05-15T21:15:33.908579,22.20,0.00,100.00,100.00
2026-05-15T21:15:34.009134,11.10,22.20,100.00,100.00
2026-05-15T21:15:34.109705,40.00,25.00,100.00,100.00
2026-05-15T21:15:34.210354,12.50,25.00,100.00,100.00
2026-05-15T21:15:34.310905,12.50,12.50,100.00,100.00
2026-05-15T21:15:34.411521,20.00,12.50,100.00,100.00
2026-05-15T21:15:34.512026,22.20,30.00,100.00,100.00
2026-05-15T21:15:34.612575,12.50,12.50,100.00,100.00
2026-05-15T21:15:34.713264,20.00,12.50,100.00,100.00
2026-05-15T21:15:34.813818,22.20,12.50,100.00,100.00
2026-05-15T21:15:34.914435,0.00,22.20,100.00,100.00
2026-05-15T21:15:35.015012,30.00,22.20,100.00,100.00
2026-05-15T21:15:35.115806,22.20,0.00,100.00,100.00
2026-05-15T21:15:35.216353,12.50,30.00,100.00,100.00
2026-05-15T21:15:35.316998,22.20,25.00,100.00,100.00
2026-05-15T21:15:35.417599,12.50,0.00,100.00,100.00
2026-05-15T21:15:35.518238,30.00,22.20,100.00,100.00
2026-05-15T21:15:35.618828,22.20,33.30,100.00,100.00
2026-05-15T21:15:35.719415,20.00,12.50,100.00,100.00
2026-05-15T21:15:35.819948,25.00,25.00,100.00,100.00
2026-05-15T21:15:35.920524,22.20,12.50,100.00,100.00
2026-05-15T21:15:36.021022,12.50,25.00,100.00,100.00
2026-05-15T21:15:36.121726,12.50,22.20,100.00,100.00
2026-05-15T21:15:36.222313,22.20,14.30,100.00,100.00
2026-05-15T21:15:36.322868,22.20,22.20,100.00,100.00
2026-05-15T21:15:36.423475,20.00,12.50,100.00,100.00
2026-05-15T21:15:36.523978,12.50,12.50,100.00,100.00
2026-05-15T21:15:36.624527,30.00,22.20,100.00,100.00
2026-05-15T21:15:36.725265,12.50,12.50,100.00,100.00
2026-05-15T21:15:36.825856,11.10,0.00,100.00,100.00
2026-05-15T21:15:36.926425,22.20,25.00,100.00,100.00
2026-05-15T21:15:37.026977,22.20,25.00,100.00,100.00
2026-05-15T21:15:37.127526,33.30,22.20,100.00,100.00
2026-05-15T21:15:37.228013,12.50,25.00,100.00,100.00
2026-05-15T21:15:37.328677,12.50,12.50,100.00,100.00
2026-05-15T21:15:37.429232,30.00,33.30,100.00,100.00
2026-05-15T21:15:37.530054,77.80,88.90,100.00,100.00
2026-05-15T21:15:37.630809,77.80,100.00,100.00,100.00
2026-05-15T21:15:37.733480,90.90,100.00,100.00,100.00
2026-05-15T21:15:37.834293,88.90,100.00,100.00,100.00
2026-05-15T21:15:37.935204,100.00,100.00,100.00,100.00
2026-05-15T21:15:38.035831,88.90,100.00,100.00,100.00
2026-05-15T21:15:38.136539,100.00,90.00,100.00,100.00
2026-05-15T21:15:38.237148,77.80,100.00,100.00,100.00
2026-05-15T21:15:38.337883,90.00,100.00,100.00,100.00
2026-05-15T21:15:38.438615,90.00,100.00,100.00,100.00
2026-05-15T21:15:38.539229,90.00,100.00,100.00,100.00
2026-05-15T21:15:38.641284,77.80,100.00,100.00,100.00
2026-05-15T21:15:38.741938,77.80,100.00,100.00,100.00
2026-05-15T21:15:38.842617,100.00,100.00,100.00,100.00
2026-05-15T21:15:38.943249,81.80,100.00,100.00,100.00
2026-05-15T21:15:39.043841,75.00,100.00,100.00,100.00
2026-05-15T21:15:39.144488,77.80,100.00,100.00,100.00
2026-05-15T21:15:39.245208,87.50,100.00,100.00,100.00
2026-05-15T21:15:39.345923,81.80,100.00,100.00,100.00
2026-05-15T21:15:39.446662,75.00,100.00,100.00,100.00
2026-05-15T21:15:39.547221,77.80,100.00,100.00,100.00
2026-05-15T21:15:39.647934,77.80,90.90,100.00,100.00
2026-05-15T21:15:39.750578,77.80,100.00,100.00,100.00
2026-05-15T21:15:39.853320,85.70,100.00,100.00,100.00
2026-05-15T21:15:39.953905,66.70,100.00,100.00,100.00
2026-05-15T21:15:40.054509,77.80,100.00,100.00,100.00
2026-05-15T21:15:40.155006,77.80,91.70,100.00,100.00
2026-05-15T21:15:40.255600,62.50,100.00,100.00,100.00
2026-05-15T21:15:40.356319,88.90,100.00,100.00,100.00
2026-05-15T21:15:40.456985,75.00,100.00,100.00,100.00
2026-05-15T21:15:40.557720,77.80,100.00,100.00,100.00
2026-05-15T21:15:40.658458,70.00,100.00,100.00,100.00
2026-05-15T21:15:40.759891,75.00,100.00,100.00,100.00
2026-05-15T21:15:40.860504,87.50,100.00,100.00,100.00
2026-05-15T21:15:40.961310,70.00,100.00,100.00,100.00
2026-05-15T21:15:41.061878,88.90,100.00,100.00,100.00
2026-05-15T21:15:41.162511,80.00,100.00,100.00,100.00
2026-05-15T21:15:41.263192,90.00,90.00,100.00,100.00
2026-05-15T21:15:41.363823,87.50,90.00,100.00,100.00
2026-05-15T21:15:41.464459,90.00,100.00,100.00,100.00
2026-05-15T21:15:41.565944,90.00,100.00,100.00,100.00
2026-05-15T21:15:41.666610,90.00,100.00,100.00,100.00
2026-05-15T21:15:41.767628,87.50,90.90,100.00,100.00
2026-05-15T21:15:41.868465,81.80,100.00,100.00,100.00
2026-05-15T21:15:41.969047,77.80,90.90,100.00,100.00
2026-05-15T21:15:42.070464,66.70,90.90,100.00,100.00
2026-05-15T21:15:42.171026,88.90,90.00,100.00,100.00
2026-05-15T21:15:42.271569,75.00,100.00,100.00,100.00
2026-05-15T21:15:42.372164,72.70,100.00,100.00,100.00
2026-05-15T21:15:42.472680,50.00,80.00,100.00,100.00
2026-05-15T21:15:42.573307,27.30,11.10,100.00,100.00
2026-05-15T21:15:42.673951,20.00,0.00,100.00,100.00
2026-05-15T21:15:42.774519,11.10,22.20,100.00,100.00
2026-05-15T21:15:42.875055,33.30,11.10,100.00,100.00
2026-05-15T21:15:42.975615,11.10,11.10,100.00,100.00
2026-05-15T21:15:43.076165,20.00,27.30,100.00,100.00
2026-05-15T21:15:43.176666,20.00,11.10,100.00,100.00
2026-05-15T21:15:43.277195,33.30,11.10,100.00,100.00
2026-05-15T21:15:43.377735,11.10,11.10,100.00,100.00
2026-05-15T21:15:43.478299,20.00,20.00,100.00,100.00
2026-05-15T21:15:43.578812,20.00,22.20,100.00,100.00
2026-05-15T21:15:43.679367,11.10,20.00,100.00,100.00
2026-05-15T21:15:43.779939,20.00,11.10,100.00,100.00
2026-05-15T21:15:43.880575,20.00,20.00,100.00,100.00
2026-05-15T21:15:43.981070,20.00,11.10,100.00,100.00
2026-05-15T21:15:44.081627,20.00,11.10,100.00,100.00
2026-05-15T21:15:44.182181,20.00,20.00,100.00,100.00
2026-05-15T21:15:44.282796,20.00,20.00,100.00,100.00
2026-05-15T21:15:44.383349,11.10,0.00,100.00,100.00
2026-05-15T21:15:44.483880,27.30,20.00,100.00,100.00
2026-05-15T21:15:44.584397,11.10,11.10,100.00,100.00
2026-05-15T21:15:44.684892,18.20,20.00,100.00,100.00
2026-05-15T21:15:44.785438,20.00,11.10,100.00,100.00
2026-05-15T21:15:44.885956,11.10,20.00,100.00,100.00
2026-05-15T21:15:44.986472,27.30,20.00,100.00,100.00
2026-05-15T21:15:45.086949,11.10,0.00,100.00,100.00
2026-05-15T21:15:45.187506,27.30,27.30,100.00,100.00
2026-05-15T21:15:45.288010,20.00,11.10,100.00,100.00
2026-05-15T21:15:45.388602,27.30,11.10,100.00,100.00
2026-05-15T21:15:45.489134,20.00,20.00,100.00,100.00
2026-05-15T21:15:45.589619,20.00,11.10,100.00,100.00
2026-05-15T21:15:45.690270,27.30,11.10,100.00,100.00
2026-05-15T21:15:45.790817,11.10,22.20,100.00,100.00
2026-05-15T21:15:45.891392,20.00,20.00,100.00,100.00
2026-05-15T21:15:45.991923,40.00,30.00,100.00,100.00
2026-05-15T21:15:46.092487,20.00,22.20,100.00,100.00
2026-05-15T21:15:46.192987,20.00,11.10,100.00,100.00
2026-05-15T21:15:46.293593,20.00,20.00,100.00,100.00
2026-05-15T21:15:46.394182,20.00,20.00,100.00,100.00
2026-05-15T21:15:46.494688,27.30,20.00,100.00,100.00
2026-05-15T21:15:46.595262,20.00,11.10,100.00,100.00
2026-05-15T21:15:46.695811,20.00,27.30,100.00,100.00
2026-05-15T21:15:46.796437,20.00,12.50,100.00,100.00
2026-05-15T21:15:46.896947,11.10,11.10,100.00,100.00
2026-05-15T21:15:46.997495,20.00,27.30,100.00,100.00
2026-05-15T21:15:47.098006,20.00,12.50,100.00,100.00
2026-05-15T21:15:47.198604,27.30,11.10,100.00,100.00
2026-05-15T21:15:47.299218,11.10,11.10,100.00,100.00
2026-05-15T21:15:47.399723,20.00,27.30,100.00,100.00
2026-05-15T21:15:47.500292,22.20,12.50,100.00,100.00
2026-05-15T21:15:47.600892,20.00,0.00,100.00,100.00
2026-05-15T21:15:47.701559,30.00,20.00,100.00,100.00
2026-05-15T21:15:47.802182,12.50,0.00,100.00,100.00
2026-05-15T21:15:47.902651,27.30,22.20,100.00,100.00
2026-05-15T21:15:48.003188,12.50,22.20,100.00,100.00
2026-05-15T21:15:48.103708,27.30,12.50,100.00,100.00
2026-05-15T21:15:48.204222,22.20,0.00,100.00,100.00
2026-05-15T21:15:48.304798,30.00,20.00,100.00,100.00
2026-05-15T21:15:48.405353,11.10,12.50,100.00,100.00
2026-05-15T21:15:48.505832,12.50,22.20,100.00,100.00
2026-05-15T21:15:48.606447,30.00,12.50,100.00,100.00
2026-05-15T21:15:48.706964,20.00,12.50,100.00,100.00
2026-05-15T21:15:48.807518,22.20,30.00,100.00,100.00
2026-05-15T21:15:48.908055,20.00,12.50,100.00,100.00
2026-05-15T21:15:49.008663,22.20,11.10,100.00,100.00
2026-05-15T21:15:49.109195,20.00,30.00,100.00,100.00
2026-05-15T21:15:49.209756,0.00,0.00,100.00,100.00
2026-05-15T21:15:49.310354,30.00,22.20,100.00,100.00
2026-05-15T21:15:49.410917,27.30,22.20,100.00,100.00
2026-05-15T21:15:49.511586,12.50,22.20,100.00,100.00
2026-05-15T21:15:49.612114,20.00,0.00,100.00,100.00
2026-05-15T21:15:49.712728,22.20,0.00,100.00,100.00
2026-05-15T21:15:49.813341,11.10,12.50,100.00,100.00
2026-05-15T21:15:49.913887,30.00,30.00,100.00,100.00
2026-05-15T21:15:50.014424,20.00,11.10,100.00,100.00
2026-05-15T21:15:50.114931,11.10,12.50,100.00,100.00
2026-05-15T21:15:50.215497,30.00,20.00,100.00,100.00
2026-05-15T21:15:50.316029,20.00,0.00,100.00,100.00
2026-05-15T21:15:50.416555,22.20,30.00,100.00,100.00
2026-05-15T21:15:50.517080,27.30,11.10,100.00,100.00
2026-05-15T21:15:50.617590,12.50,12.50,100.00,100.00
2026-05-15T21:15:50.718312,20.00,12.50,100.00,100.00
2026-05-15T21:15:50.818851,20.00,0.00,100.00,100.00
2026-05-15T21:15:50.919340,12.50,30.00,100.00,100.00
2026-05-15T21:15:51.019784,27.30,11.10,100.00,100.00
2026-05-15T21:15:51.120377,12.50,12.50,100.00,100.00
2026-05-15T21:15:51.220947,20.00,22.20,100.00,100.00
2026-05-15T21:15:51.321579,30.00,11.10,100.00,100.00
2026-05-15T21:15:51.422291,11.10,22.20,100.00,100.00
2026-05-15T21:15:51.522857,30.00,22.20,100.00,100.00
2026-05-15T21:15:51.623456,12.50,12.50,100.00,100.00
2026-05-15T21:15:51.724004,27.30,22.20,100.00,100.00
2026-05-15T21:15:51.824518,0.00,12.50,100.00,100.00
2026-05-15T21:15:51.925046,33.30,20.00,100.00,100.00
2026-05-15T21:15:52.025627,22.20,12.50,100.00,100.00
2026-05-15T21:15:52.126261,20.00,22.20,100.00,100.00
2026-05-15T21:15:52.226799,22.20,0.00,100.00,100.00
2026-05-15T21:15:52.327329,27.30,22.20,100.00,100.00
2026-05-15T21:15:52.427892,22.20,20.00,100.00,100.00
2026-05-15T21:15:52.528651,66.70,75.00,100.00,100.00
2026-05-15T21:15:52.629376,80.00,88.90,100.00,100.00
2026-05-15T21:15:52.730043,75.00,90.90,100.00,100.00
2026-05-15T21:15:52.831217,80.00,88.90,100.00,100.00
2026-05-15T21:15:52.931785,87.50,90.00,100.00,100.00
2026-05-15T21:15:53.032446,77.80,90.00,100.00,100.00
2026-05-15T21:15:53.133016,90.00,88.90,100.00,100.00
2026-05-15T21:15:53.233621,88.90,88.90,100.00,100.00
2026-05-15T21:15:53.334222,80.00,100.00,100.00,100.00
2026-05-15T21:15:53.434878,77.80,90.00,100.00,100.00
2026-05-15T21:15:53.535912,77.80,100.00,100.00,100.00
2026-05-15T21:15:53.636599,77.80,90.00,100.00,100.00
2026-05-15T21:15:53.737275,77.80,100.00,100.00,100.00
2026-05-15T21:15:53.837933,77.80,81.80,100.00,100.00
2026-05-15T21:15:53.939245,66.70,90.00,100.00,100.00
2026-05-15T21:15:54.039907,75.00,88.90,100.00,100.00
2026-05-15T21:15:54.140632,77.80,90.90,100.00,100.00
2026-05-15T21:15:54.241344,77.80,90.00,100.00,100.00
2026-05-15T21:15:54.342200,77.80,88.90,100.00,100.00
2026-05-15T21:15:54.442905,87.50,80.00,100.00,100.00
2026-05-15T21:15:54.543597,80.00,90.00,100.00,100.00
2026-05-15T21:15:54.644352,80.00,87.50,100.00,100.00
2026-05-15T21:15:54.745223,80.00,90.00,100.00,100.00
2026-05-15T21:15:54.845944,88.90,90.00,100.00,100.00
2026-05-15T21:15:54.946607,80.00,90.90,100.00,100.00
2026-05-15T21:15:55.047209,87.50,88.90,100.00,100.00
2026-05-15T21:15:55.147741,77.80,100.00,100.00,100.00
2026-05-15T21:15:55.248592,80.00,100.00,100.00,100.00
2026-05-15T21:15:55.349283,88.90,80.00,100.00,100.00
2026-05-15T21:15:55.449893,80.00,100.00,100.00,100.00
2026-05-15T21:15:55.551017,77.80,100.00,100.00,100.00
2026-05-15T21:15:55.651787,87.50,90.90,100.00,100.00
2026-05-15T21:15:55.752902,70.00,88.90,100.00,100.00
2026-05-15T21:15:55.853602,75.00,100.00,100.00,100.00
2026-05-15T21:15:55.954205,75.00,90.90,100.00,100.00
2026-05-15T21:15:56.054927,70.00,90.00,100.00,100.00
2026-05-15T21:15:56.155683,88.90,90.00,100.00,100.00
2026-05-15T21:15:56.257042,77.80,100.00,100.00,100.00
2026-05-15T21:15:56.357674,75.00,100.00,100.00,100.00
2026-05-15T21:15:56.458346,88.90,90.00,100.00,100.00
2026-05-15T21:15:56.558911,77.80,100.00,100.00,100.00
2026-05-15T21:15:56.659697,81.80,90.00,100.00,100.00
2026-05-15T21:15:56.760353,85.70,100.00,100.00,100.00
2026-05-15T21:15:56.862496,81.80,90.90,100.00,100.00
2026-05-15T21:15:56.963165,88.90,90.90,100.00,100.00
2026-05-15T21:15:57.064297,77.80,100.00,100.00,100.00
2026-05-15T21:15:57.165003,90.00,100.00,100.00,100.00
2026-05-15T21:15:57.265738,88.90,90.00,100.00,100.00
2026-05-15T21:15:57.366453,90.00,88.90,100.00,100.00
2026-05-15T21:15:57.467004,50.00,70.00,100.00,100.00
2026-05-15T21:15:57.567531,25.00,25.00,100.00,100.00
2026-05-15T21:15:57.668068,11.10,20.00,100.00,100.00
2026-05-15T21:15:57.768581,18.20,10.00,100.00,100.00
2026-05-15T21:15:57.869079,18.20,11.10,100.00,100.00
2026-05-15T21:15:57.969584,18.20,18.20,100.00,100.00
2026-05-15T21:15:58.070118,18.20,20.00,100.00,100.00
2026-05-15T21:15:58.170611,10.00,10.00,100.00,100.00
2026-05-15T21:15:58.271198,20.00,20.00,100.00,100.00
2026-05-15T21:15:58.371725,18.20,18.20,100.00,100.00
2026-05-15T21:15:58.472320,10.00,0.00,100.00,100.00
2026-05-15T21:15:58.572888,18.20,25.00,100.00,100.00
2026-05-15T21:15:58.673482,18.20,11.10,100.00,100.00
2026-05-15T21:15:58.773964,20.00,18.20,100.00,100.00
2026-05-15T21:15:58.874464,18.20,11.10,100.00,100.00
2026-05-15T21:15:58.974942,25.00,10.00,100.00,100.00
2026-05-15T21:15:59.075505,27.30,20.00,100.00,100.00
2026-05-15T21:15:59.176050,25.00,10.00,100.00,100.00
2026-05-15T21:15:59.276563,27.30,11.10,100.00,100.00
2026-05-15T21:15:59.377049,18.20,10.00,100.00,100.00
2026-05-15T21:15:59.477560,20.00,10.00,100.00,100.00
2026-05-15T21:15:59.578140,18.20,20.00,100.00,100.00
2026-05-15T21:15:59.678662,20.00,18.20,100.00,100.00
2026-05-15T21:15:59.779198,18.20,0.00,100.00,100.00
2026-05-15T21:15:59.879698,18.20,25.00,100.00,100.00
2026-05-15T21:15:59.980136,20.00,10.00,100.00,100.00
2026-05-15T21:16:00.080582,18.20,20.00,100.00,100.00
2026-05-15T21:16:00.181084,10.00,10.00,100.00,100.00
2026-05-15T21:16:00.281599,27.30,20.00,100.00,100.00
2026-05-15T21:16:00.382123,18.20,10.00,100.00,100.00
2026-05-15T21:16:00.482675,18.20,11.10,100.00,100.00
2026-05-15T21:16:00.583183,27.30,20.00,100.00,100.00
2026-05-15T21:16:00.683751,10.00,10.00,100.00,100.00
2026-05-15T21:16:00.784366,18.20,10.00,100.00,100.00
2026-05-15T21:16:00.884897,27.30,20.00,100.00,100.00
2026-05-15T21:16:00.985493,10.00,10.00,100.00,100.00
2026-05-15T21:16:01.086099,18.20,27.30,100.00,100.00
2026-05-15T21:16:01.186657,18.20,10.00,100.00,100.00
2026-05-15T21:16:01.287215,20.00,27.30,100.00,100.00
2026-05-15T21:16:01.387775,10.00,0.00,100.00,100.00
2026-05-15T21:16:01.488373,27.30,33.30,100.00,100.00
2026-05-15T21:16:01.588972,10.00,20.00,100.00,100.00
2026-05-15T21:16:01.689502,25.00,10.00,100.00,100.00
2026-05-15T21:16:01.789999,20.00,27.30,100.00,100.00
2026-05-15T21:16:01.890504,18.20,18.20,100.00,100.00
2026-05-15T21:16:01.991005,30.80,18.20,100.00,100.00
2026-05-15T21:16:02.091537,11.10,11.10,100.00,100.00
2026-05-15T21:16:02.192051,25.00,18.20,100.00,100.00
2026-05-15T21:16:02.292571,18.20,18.20,100.00,100.00
2026-05-15T21:16:02.393112,20.00,10.00,100.00,100.00
2026-05-15T21:16:02.493859,30.00,44.40,100.00,100.00
2026-05-15T21:16:02.594517,50.00,70.00,100.00,100.00
2026-05-15T21:16:02.695450,55.60,75.00,100.00,100.00
2026-05-15T21:16:02.796031,60.00,66.70,100.00,100.00
2026-05-15T21:16:02.896641,50.00,62.50,100.00,100.00
2026-05-15T21:16:02.997217,70.00,70.00,100.00,100.00
2026-05-15T21:16:03.097774,50.00,62.50,100.00,100.00
2026-05-15T21:16:03.198444,42.90,62.50,100.00,100.00
2026-05-15T21:16:03.299001,55.60,55.60,100.00,100.00
2026-05-15T21:16:03.399702,50.00,50.00,100.00,100.00
2026-05-15T21:16:03.500498,50.00,66.70,100.00,100.00
2026-05-15T21:16:03.601183,55.60,50.00,100.00,100.00
2026-05-15T21:16:03.701843,42.90,66.70,100.00,100.00
2026-05-15T21:16:03.802529,62.50,70.00,100.00,100.00
2026-05-15T21:16:03.903049,66.70,57.10,100.00,100.00
2026-05-15T21:16:04.003894,50.00,55.60,100.00,100.00
2026-05-15T21:16:04.104574,50.00,42.90,100.00,100.00
2026-05-15T21:16:04.205189,55.60,66.70,100.00,100.00
2026-05-15T21:16:04.305803,50.00,50.00,100.00,100.00
2026-05-15T21:16:04.406504,55.60,55.60,100.00,100.00
2026-05-15T21:16:04.507130,50.00,33.30,100.00,100.00
2026-05-15T21:16:04.607791,57.10,60.00,100.00,100.00
2026-05-15T21:16:04.708415,60.00,57.10,100.00,100.00
2026-05-15T21:16:04.809095,62.50,57.10,100.00,100.00
2026-05-15T21:16:04.910186,66.70,55.60,100.00,100.00
2026-05-15T21:16:05.010710,42.90,66.70,100.00,100.00
2026-05-15T21:16:05.111325,70.00,62.50,100.00,100.00
2026-05-15T21:16:05.212009,55.60,50.00,100.00,100.00
2026-05-15T21:16:05.312856,50.00,66.70,100.00,100.00
2026-05-15T21:16:05.413540,62.50,60.00,100.00,100.00
2026-05-15T21:16:05.514061,55.60,42.90,100.00,100.00
2026-05-15T21:16:05.615014,50.00,50.00,100.00,100.00
2026-05-15T21:16:05.715891,60.00,62.50,100.00,100.00
2026-05-15T21:16:05.816500,55.60,42.90,100.00,100.00
2026-05-15T21:16:05.917012,62.50,60.00,100.00,100.00
2026-05-15T21:16:06.018423,42.90,50.00,100.00,100.00
2026-05-15T21:16:06.119050,44.40,50.00,100.00,100.00
2026-05-15T21:16:06.219999,57.10,62.50,100.00,100.00
2026-05-15T21:16:06.320615,60.00,55.60,100.00,100.00
2026-05-15T21:16:06.421261,50.00,50.00,100.00,100.00
2026-05-15T21:16:06.521881,62.50,62.50,100.00,100.00
2026-05-15T21:16:06.622803,62.50,66.70,100.00,100.00
2026-05-15T21:16:06.723380,66.70,66.70,100.00,100.00
2026-05-15T21:16:06.824029,70.00,62.50,100.00,100.00
2026-05-15T21:16:06.924725,55.60,66.70,100.00,100.00
2026-05-15T21:16:07.025370,50.00,70.00,100.00,100.00
2026-05-15T21:16:07.126052,44.40,62.50,100.00,100.00
2026-05-15T21:16:07.226855,62.50,63.60,100.00,100.00
2026-05-15T21:16:07.327467,60.00,62.50,100.00,100.00
2026-05-15T21:16:07.428259,60.00,66.70,100.00,100.00
2026-05-15T21:16:07.528859,33.30,25.00,100.00,100.00
2026-05-15T21:16:07.629406,22.20,22.20,100.00,100.00
2026-05-15T21:16:07.730008,22.20,14.30,100.00,100.00
2026-05-15T21:16:07.830788,22.20,22.20,100.00,100.00
2026-05-15T21:16:07.931410,12.50,12.50,100.00,100.00
2026-05-15T21:16:08.031953,22.20,14.30,100.00,100.00
2026-05-15T21:16:08.132597,30.00,12.50,100.00,100.00
2026-05-15T21:16:08.233135,14.30,33.30,100.00,100.00
2026-05-15T21:16:08.333683,30.00,0.00,100.00,100.00
2026-05-15T21:16:08.434250,20.00,30.00,100.00,100.00
2026-05-15T21:16:08.534828,12.50,12.50,100.00,100.00
2026-05-15T21:16:08.635483,22.20,0.00,100.00,100.00
2026-05-15T21:16:08.736009,30.00,33.30,100.00,100.00
2026-05-15T21:16:08.836538,11.10,12.50,100.00,100.00
2026-05-15T21:16:08.937058,12.50,22.20,100.00,100.00
2026-05-15T21:16:09.037669,30.00,12.50,100.00,100.00
2026-05-15T21:16:09.138237,22.20,12.50,100.00,100.00
2026-05-15T21:16:09.238796,22.20,25.00,100.00,100.00
2026-05-15T21:16:09.339452,12.50,12.50,100.00,100.00
2026-05-15T21:16:09.439969,30.00,22.20,100.00,100.00
2026-05-15T21:16:09.540593,22.20,14.30,100.00,100.00
2026-05-15T21:16:09.641078,22.20,30.00,100.00,100.00
2026-05-15T21:16:09.741548,30.00,0.00,100.00,100.00
2026-05-15T21:16:09.842025,12.50,12.50,100.00,100.00
2026-05-15T21:16:09.942594,20.00,22.20,100.00,100.00
2026-05-15T21:16:10.043367,22.20,12.50,100.00,100.00
2026-05-15T21:16:10.143908,20.00,12.50,100.00,100.00
2026-05-15T21:16:10.244682,12.50,30.00,100.00,100.00
2026-05-15T21:16:10.345360,22.20,12.50,100.00,100.00
2026-05-15T21:16:10.445887,30.00,0.00,100.00,100.00
2026-05-15T21:16:10.546496,30.00,22.20,100.00,100.00
2026-05-15T21:16:10.647014,0.00,14.30,100.00,100.00
2026-05-15T21:16:10.747661,36.40,22.20,100.00,100.00
2026-05-15T21:16:10.848368,12.50,14.30,100.00,100.00
2026-05-15T21:16:10.948909,30.00,22.20,100.00,100.00
2026-05-15T21:16:11.049515,12.50,25.00,100.00,100.00
2026-05-15T21:16:11.150062,30.00,12.50,100.00,100.00
2026-05-15T21:16:11.250663,14.30,25.00,100.00,100.00
2026-05-15T21:16:11.351225,20.00,22.20,100.00,100.00
2026-05-15T21:16:11.451824,22.20,12.50,100.00,100.00
2026-05-15T21:16:11.552392,40.00,25.00,100.00,100.00
2026-05-15T21:16:11.652918,22.20,12.50,100.00,100.00
2026-05-15T21:16:11.753553,22.20,12.50,100.00,100.00
2026-05-15T21:16:11.854074,11.10,22.20,100.00,100.00
2026-05-15T21:16:11.954672,22.20,0.00,100.00,100.00
2026-05-15T21:16:12.055303,27.30,22.20,100.00,100.00
2026-05-15T21:16:12.155869,12.50,12.50,100.00,100.00
2026-05-15T21:16:12.256498,22.20,12.50,100.00,100.00
2026-05-15T21:16:12.357030,22.20,12.50,100.00,100.00
2026-05-15T21:16:12.457675,33.30,37.50,100.00,100.00
2026-05-15T21:16:12.559150,80.00,90.00,100.00,100.00
2026-05-15T21:16:12.659661,88.90,100.00,100.00,100.00
2026-05-15T21:16:12.760214,88.90,90.90,100.00,100.00
2026-05-15T21:16:12.860819,90.00,100.00,100.00,100.00
2026-05-15T21:16:12.961542,87.50,100.00,100.00,100.00
2026-05-15T21:16:13.062303,80.00,90.90,100.00,100.00
2026-05-15T21:16:13.163475,77.80,100.00,100.00,100.00
2026-05-15T21:16:13.266344,90.00,100.00,100.00,100.00
2026-05-15T21:16:13.366984,75.00,100.00,100.00,100.00
2026-05-15T21:16:13.467562,80.00,100.00,100.00,100.00
2026-05-15T21:16:13.568265,87.50,100.00,100.00,100.00
2026-05-15T21:16:13.668850,90.00,100.00,100.00,100.00
2026-05-15T21:16:13.769463,80.00,100.00,100.00,100.00
2026-05-15T21:16:13.870065,88.90,100.00,100.00,100.00
2026-05-15T21:16:13.970686,87.50,90.00,100.00,100.00
2026-05-15T21:16:14.071362,83.30,100.00,100.00,100.00
2026-05-15T21:16:14.171946,85.70,100.00,100.00,100.00
2026-05-15T21:16:14.272631,88.90,100.00,100.00,100.00
2026-05-15T21:16:14.374054,90.00,100.00,100.00,100.00
2026-05-15T21:16:14.476203,90.00,100.00,100.00,100.00
2026-05-15T21:16:14.576833,100.00,100.00,100.00,100.00
2026-05-15T21:16:14.677504,90.00,100.00,100.00,100.00
2026-05-15T21:16:14.778298,90.00,100.00,100.00,100.00
2026-05-15T21:16:14.879177,88.90,100.00,100.00,100.00
2026-05-15T21:16:14.979968,100.00,100.00,100.00,100.00
2026-05-15T21:16:15.080582,75.00,100.00,100.00,100.00
2026-05-15T21:16:15.181221,100.00,100.00,100.00,100.00
2026-05-15T21:16:15.282400,100.00,100.00,100.00,100.00
2026-05-15T21:16:15.383230,80.00,100.00,100.00,100.00
2026-05-15T21:16:15.484034,100.00,100.00,100.00,100.00
2026-05-15T21:16:15.584974,100.00,100.00,100.00,100.00
2026-05-15T21:16:15.685643,81.80,100.00,100.00,100.00
2026-05-15T21:16:15.786465,100.00,100.00,100.00,100.00
2026-05-15T21:16:15.887328,100.00,100.00,100.00,100.00
2026-05-15T21:16:15.988052,80.00,100.00,100.00,100.00
2026-05-15T21:16:16.088709,100.00,100.00,100.00,100.00
2026-05-15T21:16:16.189351,100.00,100.00,100.00,100.00
2026-05-15T21:16:16.289960,90.00,100.00,100.00,100.00
2026-05-15T21:16:16.390744,100.00,90.90,100.00,100.00
2026-05-15T21:16:16.494231,100.00,100.00,100.00,100.00
2026-05-15T21:16:16.594929,90.90,100.00,100.00,100.00
2026-05-15T21:16:16.695854,100.00,100.00,100.00,100.00
2026-05-15T21:16:16.796685,100.00,100.00,100.00,100.00
2026-05-15T21:16:16.897391,100.00,100.00,100.00,100.00
2026-05-15T21:16:16.998182,91.70,100.00,100.00,100.00
2026-05-15T21:16:17.098933,100.00,100.00,100.00,100.00
2026-05-15T21:16:17.200480,100.00,100.00,100.00,100.00
2026-05-15T21:16:17.301220,90.00,100.00,100.00,100.00
2026-05-15T21:16:17.402631,100.00,100.00,100.00,100.00
2026-05-15T21:16:17.503247,66.70,100.00,100.00,100.00
2026-05-15T21:16:17.603753,14.30,28.60,100.00,100.00
2026-05-15T21:16:17.704351,25.00,25.00,100.00,100.00
2026-05-15T21:16:17.804872,25.00,28.60,100.00,100.00
2026-05-15T21:16:17.905529,25.00,25.00,100.00,100.00
2026-05-15T21:16:18.006054,25.00,25.00,100.00,100.00
2026-05-15T21:16:18.106684,25.00,25.00,100.00,100.00
2026-05-15T21:16:18.207205,25.00,28.60,100.00,100.00
2026-05-15T21:16:18.307851,14.30,0.00,100.00,100.00
2026-05-15T21:16:18.408438,25.00,14.30,100.00,100.00
2026-05-15T21:16:18.509027,12.50,37.50,100.00,100.00
2026-05-15T21:16:18.609619,14.30,14.30,100.00,100.00
2026-05-15T21:16:18.710513,37.50,37.50,100.00,100.00
2026-05-15T21:16:18.810995,33.30,28.60,100.00,100.00
2026-05-15T21:16:18.911571,33.30,25.00,100.00,100.00
2026-05-15T21:16:19.012034,14.30,14.30,100.00,100.00
2026-05-15T21:16:19.112634,33.30,28.60,100.00,100.00
2026-05-15T21:16:19.213255,25.00,25.00,100.00,100.00
2026-05-15T21:16:19.313975,33.30,25.00,100.00,100.00
2026-05-15T21:16:19.414565,14.30,16.70,100.00,100.00
2026-05-15T21:16:19.515198,25.00,33.30,100.00,100.00
2026-05-15T21:16:19.616017,25.00,14.30,100.00,100.00
2026-05-15T21:16:19.716823,25.00,28.60,100.00,100.00
2026-05-15T21:16:19.817474,25.00,25.00,100.00,100.00
2026-05-15T21:16:19.918200,40.00,25.00,100.00,100.00
2026-05-15T21:16:20.018782,12.50,28.60,100.00,100.00
2026-05-15T21:16:20.119430,33.30,16.70,100.00,100.00
2026-05-15T21:16:20.220287,28.60,44.40,100.00,100.00
2026-05-15T21:16:20.320890,22.20,25.00,100.00,100.00
2026-05-15T21:16:20.421548,33.30,14.30,100.00,100.00
2026-05-15T21:16:20.522144,25.00,25.00,100.00,100.00
2026-05-15T21:16:20.622810,25.00,28.60,100.00,100.00
2026-05-15T21:16:20.723636,28.60,37.50,100.00,100.00
2026-05-15T21:16:20.824289,33.30,28.60,100.00,100.00
2026-05-15T21:16:20.924847,25.00,25.00,100.00,100.00
2026-05-15T21:16:21.025431,12.50,25.00,100.00,100.00
2026-05-15T21:16:21.126043,25.00,28.60,100.00,100.00
2026-05-15T21:16:21.226789,22.20,42.90,100.00,100.00
2026-05-15T21:16:21.327345,12.50,14.30,100.00,100.00
2026-05-15T21:16:21.427939,25.00,33.30,100.00,100.00
2026-05-15T21:16:21.528516,37.50,16.70,100.00,100.00
2026-05-15T21:16:21.628976,30.00,25.00,100.00,100.00
2026-05-15T21:16:21.729537,28.60,28.60,100.00,100.00
2026-05-15T21:16:21.831033,37.50,50.00,100.00,100.00
2026-05-15T21:16:21.931914,25.00,33.30,100.00,100.00
2026-05-15T21:16:22.032485,33.30,28.60,100.00,100.00
2026-05-15T21:16:22.133026,25.00,28.60,100.00,100.00
2026-05-15T21:16:22.233849,37.50,28.60,100.00,100.00
2026-05-15T21:16:22.334575,33.30,44.40,100.00,100.00
2026-05-15T21:16:22.435098,14.30,28.60,100.00,100.00
2026-05-15T21:16:22.536058,77.80,90.00,100.00,100.00
2026-05-15T21:16:22.636827,66.70,90.00,100.00,100.00
2026-05-15T21:16:22.737574,62.50,90.90,100.00,100.00
2026-05-15T21:16:22.839008,66.70,90.00,100.00,100.00
2026-05-15T21:16:22.939644,70.00,88.90,100.00,100.00
2026-05-15T21:16:23.040327,77.80,90.00,100.00,100.00
2026-05-15T21:16:23.140916,66.70,80.00,100.00,100.00
2026-05-15T21:16:23.241633,75.00,90.90,100.00,100.00
2026-05-15T21:16:23.342450,75.00,87.50,100.00,100.00
2026-05-15T21:16:23.443076,62.50,90.00,100.00,100.00
2026-05-15T21:16:23.543633,60.00,81.80,100.00,100.00
2026-05-15T21:16:23.644242,75.00,80.00,100.00,100.00
2026-05-15T21:16:23.744988,66.70,90.00,100.00,100.00
2026-05-15T21:16:23.845731,66.70,77.80,100.00,100.00
2026-05-15T21:16:23.946344,62.50,81.80,100.00,100.00
2026-05-15T21:16:24.047116,75.00,66.70,100.00,100.00
2026-05-15T21:16:24.147889,62.50,80.00,100.00,100.00
2026-05-15T21:16:24.248625,66.70,72.70,100.00,100.00
2026-05-15T21:16:24.349333,66.70,75.00,100.00,100.00
2026-05-15T21:16:24.449948,77.80,75.00,100.00,100.00
2026-05-15T21:16:24.550590,66.70,77.80,100.00,100.00
2026-05-15T21:16:24.651521,57.10,80.00,100.00,100.00
2026-05-15T21:16:24.752236,70.00,88.90,100.00,100.00
2026-05-15T21:16:24.853032,66.70,77.80,100.00,100.00
2026-05-15T21:16:24.953949,66.70,83.30,100.00,100.00
2026-05-15T21:16:25.054748,77.80,88.90,100.00,100.00
2026-05-15T21:16:25.155356,66.70,77.80,100.00,100.00
2026-05-15T21:16:25.255968,77.80,90.00,100.00,100.00
2026-05-15T21:16:25.356856,75.00,90.00,100.00,100.00
2026-05-15T21:16:25.458144,70.00,90.00,100.00,100.00
2026-05-15T21:16:25.558958,75.00,90.00,100.00,100.00
2026-05-15T21:16:25.659950,70.00,90.00,100.00,100.00
2026-05-15T21:16:25.760611,62.50,80.00,100.00,100.00
2026-05-15T21:16:25.861300,75.00,80.00,100.00,100.00
2026-05-15T21:16:25.961946,66.70,75.00,100.00,100.00
2026-05-15T21:16:26.062819,70.00,72.70,100.00,100.00
2026-05-15T21:16:26.163666,75.00,77.80,100.00,100.00
2026-05-15T21:16:26.264253,77.80,80.00,100.00,100.00
2026-05-15T21:16:26.364825,75.00,88.90,100.00,100.00
2026-05-15T21:16:26.465509,70.00,90.00,100.00,100.00
2026-05-15T21:16:26.566210,75.00,77.80,100.00,100.00
2026-05-15T21:16:26.666913,62.50,80.00,100.00,100.00
2026-05-15T21:16:26.767872,66.70,88.90,100.00,100.00
2026-05-15T21:16:26.868784,66.70,72.70,100.00,100.00
2026-05-15T21:16:26.969438,62.50,77.80,100.00,100.00
2026-05-15T21:16:27.069952,66.70,80.00,100.00,100.00
2026-05-15T21:16:27.170559,77.80,90.00,100.00,100.00
2026-05-15T21:16:27.271161,77.80,90.00,100.00,100.00
2026-05-15T21:16:27.372372,77.80,100.00,100.00,100.00
2026-05-15T21:16:27.472973,66.70,81.80,100.00,100.00
2026-05-15T21:16:27.573755,77.80,90.90,100.00,100.00
2026-05-15T21:16:27.674893,72.70,75.00,100.00,100.00
2026-05-15T21:16:27.775504,75.00,90.90,100.00,100.00
2026-05-15T21:16:27.876208,77.80,77.80,100.00,100.00
2026-05-15T21:16:27.976952,80.00,88.90,100.00,100.00
2026-05-15T21:16:28.077705,88.90,77.80,100.00,100.00
2026-05-15T21:16:28.178482,66.70,90.90,100.00,100.00
2026-05-15T21:16:28.279265,80.00,90.00,100.00,100.00
2026-05-15T21:16:28.379801,75.00,90.00,100.00,100.00
2026-05-15T21:16:28.480640,62.50,90.00,100.00,100.00
2026-05-15T21:16:28.581480,80.00,90.00,100.00,100.00
2026-05-15T21:16:28.682097,71.40,90.00,100.00,100.00
2026-05-15T21:16:28.783603,72.70,90.00,100.00,100.00
2026-05-15T21:16:28.884231,75.00,90.00,100.00,100.00
2026-05-15T21:16:28.984735,77.80,80.00,100.00,100.00
2026-05-15T21:16:29.085409,72.70,90.00,100.00,100.00
2026-05-15T21:16:29.186108,87.50,88.90,100.00,100.00
2026-05-15T21:16:29.286869,77.80,77.80,100.00,100.00
2026-05-15T21:16:29.387850,75.00,88.90,100.00,100.00
2026-05-15T21:16:29.488476,70.00,77.80,100.00,100.00
2026-05-15T21:16:29.589035,77.80,77.80,100.00,100.00
2026-05-15T21:16:29.689665,70.00,80.00,100.00,100.00
2026-05-15T21:16:29.790303,62.50,90.00,100.00,100.00
2026-05-15T21:16:29.890869,66.70,75.00,100.00,100.00
2026-05-15T21:16:29.991489,66.70,77.80,100.00,100.00
2026-05-15T21:16:30.092403,62.50,80.00,100.00,100.00
2026-05-15T21:16:30.192990,62.50,77.80,100.00,100.00
2026-05-15T21:16:30.294033,70.00,77.80,100.00,100.00
2026-05-15T21:16:30.394648,66.70,88.90,100.00,100.00
2026-05-15T21:16:30.495290,75.00,80.00,100.00,100.00
2026-05-15T21:16:30.595821,70.00,77.80,100.00,100.00
2026-05-15T21:16:30.696506,57.10,80.00,100.00,100.00
2026-05-15T21:16:30.797393,81.80,88.90,100.00,100.00
2026-05-15T21:16:30.898156,71.40,90.00,100.00,100.00
2026-05-15T21:16:30.999181,70.00,90.00,100.00,100.00
2026-05-15T21:16:31.100170,71.40,90.00,100.00,100.00
2026-05-15T21:16:31.200835,72.70,87.50,100.00,100.00
2026-05-15T21:16:31.301489,77.80,90.90,100.00,100.00
2026-05-15T21:16:31.402074,75.00,88.90,100.00,100.00
2026-05-15T21:16:31.503273,80.00,90.00,100.00,100.00
2026-05-15T21:16:31.604069,80.00,83.30,100.00,100.00
2026-05-15T21:16:31.704748,77.80,77.80,100.00,100.00
2026-05-15T21:16:31.805436,66.70,71.40,100.00,100.00
2026-05-15T21:16:31.906492,66.70,75.00,100.00,100.00
2026-05-15T21:16:32.007092,77.80,77.80,100.00,100.00
2026-05-15T21:16:32.107672,70.00,75.00,100.00,100.00
2026-05-15T21:16:32.208281,75.00,81.80,100.00,100.00
2026-05-15T21:16:32.308974,70.00,66.70,100.00,100.00
2026-05-15T21:16:32.409626,77.80,75.00,100.00,100.00
2026-05-15T21:16:32.510213,50.00,55.60,100.00,100.00
2026-05-15T21:16:32.611039,50.00,50.00,100.00,100.00
2026-05-15T21:16:32.711976,50.00,62.50,100.00,100.00
2026-05-15T21:16:32.812958,50.00,55.60,100.00,100.00
2026-05-15T21:16:32.913778,42.90,50.00,100.00,100.00
2026-05-15T21:16:33.014621,42.90,50.00,100.00,100.00
2026-05-15T21:16:33.115484,50.00,50.00,100.00,100.00
2026-05-15T21:16:33.216060,44.40,60.00,100.00,100.00
2026-05-15T21:16:33.316693,50.00,50.00,100.00,100.00
2026-05-15T21:16:33.417405,44.40,50.00,100.00,100.00
2026-05-15T21:16:33.518042,42.90,55.60,100.00,100.00
2026-05-15T21:16:33.618855,50.00,50.00,100.00,100.00
2026-05-15T21:16:33.719481,37.50,50.00,100.00,100.00
2026-05-15T21:16:33.820033,50.00,62.50,100.00,100.00
2026-05-15T21:16:33.920972,44.40,60.00,100.00,100.00
2026-05-15T21:16:34.021605,42.90,33.30,100.00,100.00
2026-05-15T21:16:34.122306,42.90,50.00,100.00,100.00
2026-05-15T21:16:34.222898,55.60,50.00,100.00,100.00
2026-05-15T21:16:34.323673,44.40,50.00,100.00,100.00
2026-05-15T21:16:34.424224,42.90,50.00,100.00,100.00
2026-05-15T21:16:34.524916,55.60,42.90,100.00,100.00
2026-05-15T21:16:34.625440,42.90,50.00,100.00,100.00
2026-05-15T21:16:34.726034,62.50,62.50,100.00,100.00
2026-05-15T21:16:34.826697,37.50,70.00,100.00,100.00
2026-05-15T21:16:34.927527,60.00,55.60,100.00,100.00
2026-05-15T21:16:35.028182,62.50,62.50,100.00,100.00
2026-05-15T21:16:35.128837,50.00,62.50,100.00,100.00
2026-05-15T21:16:35.229792,62.50,66.70,100.00,100.00
2026-05-15T21:16:35.330682,55.60,60.00,100.00,100.00
2026-05-15T21:16:35.431287,42.90,50.00,100.00,100.00
2026-05-15T21:16:35.532003,50.00,50.00,100.00,100.00
2026-05-15T21:16:35.632633,50.00,50.00,100.00,100.00
2026-05-15T21:16:35.733357,50.00,42.90,100.00,100.00
2026-05-15T21:16:35.833860,42.90,50.00,100.00,100.00
2026-05-15T21:16:35.934621,50.00,50.00,100.00,100.00
2026-05-15T21:16:36.035196,37.50,50.00,100.00,100.00
2026-05-15T21:16:36.135943,50.00,55.60,100.00,100.00
2026-05-15T21:16:36.236672,37.50,50.00,100.00,100.00
2026-05-15T21:16:36.337281,50.00,50.00,100.00,100.00
2026-05-15T21:16:36.438076,62.50,71.40,100.00,100.00
2026-05-15T21:16:36.538778,55.60,50.00,100.00,100.00
2026-05-15T21:16:36.639365,55.60,60.00,100.00,100.00
2026-05-15T21:16:36.739999,57.10,57.10,100.00,100.00
2026-05-15T21:16:36.840460,37.50,55.60,100.00,100.00
2026-05-15T21:16:36.941028,42.90,37.50,100.00,100.00
2026-05-15T21:16:37.041749,44.40,33.30,100.00,100.00
2026-05-15T21:16:37.142567,42.90,50.00,100.00,100.00
2026-05-15T21:16:37.243363,50.00,55.60,100.00,100.00
2026-05-15T21:16:37.343921,42.90,42.90,100.00,100.00
2026-05-15T21:16:37.444510,50.00,50.00,100.00,100.00
2026-05-15T21:16:37.545171,50.00,50.00,100.00,100.00
2026-05-15T21:16:37.645706,62.50,63.60,100.00,100.00
2026-05-15T21:16:37.746238,50.00,62.50,100.00,100.00
2026-05-15T21:16:37.846877,50.00,66.70,100.00,100.00
2026-05-15T21:16:37.947880,57.10,70.00,100.00,100.00
2026-05-15T21:16:38.048565,66.70,62.50,100.00,100.00
2026-05-15T21:16:38.149349,66.70,66.70,100.00,100.00
2026-05-15T21:16:38.249957,60.00,72.70,100.00,100.00
2026-05-15T21:16:38.350660,62.50,57.10,100.00,100.00
2026-05-15T21:16:38.451270,57.10,55.60,100.00,100.00
2026-05-15T21:16:38.551839,62.50,55.60,100.00,100.00
2026-05-15T21:16:38.652456,55.60,57.10,100.00,100.00
2026-05-15T21:16:38.752984,66.70,66.70,100.00,100.00
2026-05-15T21:16:38.853548,55.60,55.60,100.00,100.00
2026-05-15T21:16:38.954149,55.60,66.70,100.00,100.00
2026-05-15T21:16:39.054952,50.00,66.70,100.00,100.00
2026-05-15T21:16:39.155728,57.10,66.70,100.00,100.00
2026-05-15T21:16:39.256312,50.00,62.50,100.00,100.00
2026-05-15T21:16:39.356860,50.00,66.70,100.00,100.00
2026-05-15T21:16:39.457652,55.60,55.60,100.00,100.00
2026-05-15T21:16:39.558476,55.60,62.50,100.00,100.00
2026-05-15T21:16:39.658999,62.50,70.00,100.00,100.00
2026-05-15T21:16:39.759584,42.90,62.50,100.00,100.00
2026-05-15T21:16:39.860229,55.60,62.50,100.00,100.00
2026-05-15T21:16:39.960950,62.50,70.00,100.00,100.00
2026-05-15T21:16:40.061837,55.60,66.70,100.00,100.00
2026-05-15T21:16:40.162547,50.00,50.00,100.00,100.00
2026-05-15T21:16:40.263090,50.00,62.50,100.00,100.00
2026-05-15T21:16:40.363806,66.70,55.60,100.00,100.00
2026-05-15T21:16:40.464662,62.50,57.10,100.00,100.00
2026-05-15T21:16:40.565299,50.00,55.60,100.00,100.00
2026-05-15T21:16:40.665919,62.50,66.70,100.00,100.00
2026-05-15T21:16:40.766531,55.60,55.60,100.00,100.00
2026-05-15T21:16:40.867180,57.10,62.50,100.00,100.00
2026-05-15T21:16:40.967799,55.60,62.50,100.00,100.00
2026-05-15T21:16:41.068451,50.00,55.60,100.00,100.00
2026-05-15T21:16:41.169305,55.60,62.50,100.00,100.00
2026-05-15T21:16:41.269878,50.00,70.00,100.00,100.00
2026-05-15T21:16:41.370579,55.60,62.50,100.00,100.00
2026-05-15T21:16:41.471378,50.00,77.80,100.00,100.00
2026-05-15T21:16:41.572360,80.00,80.00,100.00,100.00
2026-05-15T21:16:41.673058,57.10,80.00,100.00,100.00
2026-05-15T21:16:41.773701,60.00,62.50,100.00,100.00
2026-05-15T21:16:41.874292,57.10,80.00,100.00,100.00
2026-05-15T21:16:41.974885,70.00,75.00,100.00,100.00
2026-05-15T21:16:42.075809,57.10,70.00,100.00,100.00
2026-05-15T21:16:42.176799,55.60,66.70,100.00,100.00
2026-05-15T21:16:42.277436,70.00,80.00,100.00,100.00
2026-05-15T21:16:42.378686,62.50,77.80,100.00,100.00
2026-05-15T21:16:42.479552,55.60,55.60,100.00,100.00
2026-05-15T21:16:42.580159,37.50,28.60,100.00,100.00
2026-05-15T21:16:42.680810,0.00,16.70,100.00,100.00
2026-05-15T21:16:42.781438,25.00,37.50,100.00,100.00
2026-05-15T21:16:42.882013,33.30,33.30,100.00,100.00
2026-05-15T21:16:42.982800,25.00,37.50,100.00,100.00
2026-05-15T21:16:43.083432,28.60,28.60,100.00,100.00
2026-05-15T21:16:43.183969,33.30,37.50,100.00,100.00
2026-05-15T21:16:43.284588,42.90,50.00,100.00,100.00
2026-05-15T21:16:43.385443,40.00,37.50,100.00,100.00
2026-05-15T21:16:43.485966,37.50,44.40,100.00,100.00
2026-05-15T21:16:43.586531,28.60,42.90,100.00,100.00
2026-05-15T21:16:43.687491,44.40,25.00,100.00,100.00
2026-05-15T21:16:43.788029,37.50,57.10,100.00,100.00
2026-05-15T21:16:43.888779,80.00,66.70,100.00,50.00
2026-05-15T21:16:43.989320,71.40,62.50,100.00,60.00
2026-05-15T21:16:44.090045,70.00,62.50,100.00,88.90
2026-05-15T21:16:44.190698,66.70,77.80,100.00,81.80
2026-05-15T21:16:44.291304,33.30,37.50,100.00,100.00
2026-05-15T21:16:44.391832,37.50,44.40,100.00,100.00
2026-05-15T21:16:44.492364,25.00,42.90,100.00,100.00
2026-05-15T21:16:44.593117,28.60,37.50,100.00,100.00
2026-05-15T21:16:44.694035,33.30,28.60,100.00,100.00
2026-05-15T21:16:44.794732,37.50,33.30,100.00,100.00
2026-05-15T21:16:44.895514,25.00,28.60,100.00,100.00
2026-05-15T21:16:44.996025,25.00,37.50,100.00,100.00
2026-05-15T21:16:45.096777,33.30,25.00,100.00,100.00
2026-05-15T21:16:45.197329,28.60,28.60,100.00,100.00
2026-05-15T21:16:45.297886,37.50,37.50,100.00,100.00
2026-05-15T21:16:45.398709,33.30,37.50,100.00,100.00
2026-05-15T21:16:45.499252,33.30,16.70,100.00,100.00
2026-05-15T21:16:45.599789,28.60,37.50,100.00,100.00
2026-05-15T21:16:45.700580,28.60,28.60,100.00,100.00
2026-05-15T21:16:45.801350,40.00,37.50,100.00,100.00
2026-05-15T21:16:45.901952,28.60,44.40,100.00,100.00
2026-05-15T21:16:46.002716,28.60,37.50,100.00,100.00
2026-05-15T21:16:46.103331,40.00,28.60,100.00,100.00
2026-05-15T21:16:46.203839,28.60,28.60,100.00,100.00
2026-05-15T21:16:46.304515,33.30,37.50,100.00,100.00
2026-05-15T21:16:46.405033,25.00,14.30,100.00,100.00
2026-05-15T21:16:46.505609,28.60,37.50,100.00,100.00
2026-05-15T21:16:46.606178,14.30,28.60,100.00,100.00
2026-05-15T21:16:46.706808,33.30,25.00,100.00,100.00
2026-05-15T21:16:46.807364,37.50,28.60,100.00,100.00
2026-05-15T21:16:46.908070,33.30,42.90,100.00,100.00
2026-05-15T21:16:47.008789,37.50,28.60,100.00,100.00
2026-05-15T21:16:47.109338,33.30,37.50,100.00,100.00
2026-05-15T21:16:47.210172,28.60,28.60,100.00,100.00
2026-05-15T21:16:47.310706,44.40,44.40,100.00,100.00
2026-05-15T21:16:47.411394,33.30,37.50,100.00,100.00
2026-05-15T21:16:47.512034,57.10,80.00,100.00,100.00
2026-05-15T21:16:47.612607,77.80,90.00,100.00,100.00
2026-05-15T21:16:47.713593,77.80,90.00,100.00,100.00
2026-05-15T21:16:47.814865,80.00,100.00,100.00,100.00
2026-05-15T21:16:47.915780,75.00,88.90,100.00,100.00
2026-05-15T21:16:48.016443,80.00,91.70,100.00,100.00
2026-05-15T21:16:48.117132,66.70,90.00,100.00,100.00
2026-05-15T21:16:48.217975,77.80,90.90,100.00,100.00
2026-05-15T21:16:48.318726,75.00,100.00,100.00,100.00
2026-05-15T21:16:48.419307,66.70,90.00,100.00,100.00
2026-05-15T21:16:48.520058,75.00,80.00,100.00,100.00
2026-05-15T21:16:48.620693,62.50,80.00,100.00,100.00
2026-05-15T21:16:48.721707,75.00,90.00,100.00,100.00
2026-05-15T21:16:48.822406,77.80,80.00,100.00,100.00
2026-05-15T21:16:48.923175,80.00,77.80,100.00,100.00
2026-05-15T21:16:49.023691,62.50,77.80,100.00,100.00
2026-05-15T21:16:49.124914,75.00,90.90,100.00,100.00
2026-05-15T21:16:49.225555,62.50,90.00,100.00,100.00
2026-05-15T21:16:49.326642,66.70,88.90,100.00,100.00
2026-05-15T21:16:49.427448,66.70,81.80,100.00,100.00
2026-05-15T21:16:49.528044,66.70,88.90,100.00,100.00
2026-05-15T21:16:49.628878,71.40,80.00,100.00,100.00
2026-05-15T21:16:49.729596,77.80,88.90,100.00,100.00
2026-05-15T21:16:49.830273,70.00,90.90,100.00,100.00
2026-05-15T21:16:49.931223,87.50,88.90,100.00,100.00
2026-05-15T21:16:50.032209,66.70,90.90,100.00,100.00
2026-05-15T21:16:50.132888,77.80,90.00,100.00,100.00
2026-05-15T21:16:50.233551,77.80,88.90,100.00,100.00
2026-05-15T21:16:50.334228,75.00,88.90,100.00,100.00
2026-05-15T21:16:50.434850,77.80,90.00,100.00,100.00
2026-05-15T21:16:50.535544,80.00,90.00,100.00,100.00
2026-05-15T21:16:50.636148,77.80,88.90,100.00,100.00
2026-05-15T21:16:50.736798,75.00,90.00,100.00,100.00
2026-05-15T21:16:50.837895,77.80,90.00,100.00,100.00
2026-05-15T21:16:50.938580,80.00,90.00,100.00,100.00
2026-05-15T21:16:51.039137,77.80,90.90,100.00,100.00
2026-05-15T21:16:51.140240,77.80,90.00,100.00,100.00
2026-05-15T21:16:51.240985,80.00,88.90,100.00,100.00
2026-05-15T21:16:51.341654,87.50,90.00,100.00,100.00
2026-05-15T21:16:51.442324,77.80,91.70,100.00,100.00
2026-05-15T21:16:51.543251,77.80,88.90,100.00,100.00
2026-05-15T21:16:51.644264,77.80,100.00,100.00,100.00
2026-05-15T21:16:51.745166,80.00,90.00,100.00,100.00
2026-05-15T21:16:51.845811,88.90,90.00,100.00,100.00
2026-05-15T21:16:51.946499,62.50,100.00,100.00,100.00
2026-05-15T21:16:52.047710,87.50,90.00,100.00,100.00
2026-05-15T21:16:52.148398,77.80,90.00,100.00,100.00
2026-05-15T21:16:52.249860,80.00,90.00,100.00,100.00
2026-05-15T21:16:52.350609,77.80,88.90,100.00,100.00
2026-05-15T21:16:52.451394,75.00,90.00,100.00,100.00
2026-05-15T21:16:52.551928,25.00,42.90,100.00,100.00
2026-05-15T21:16:52.652741,28.60,44.40,100.00,100.00
2026-05-15T21:16:52.753398,37.50,37.50,100.00,100.00
2026-05-15T21:16:52.853937,25.00,16.70,100.00,100.00
2026-05-15T21:16:52.954571,37.50,37.50,100.00,100.00
2026-05-15T21:16:53.055237,28.60,50.00,100.00,100.00
2026-05-15T21:16:53.155800,37.50,37.50,100.00,100.00
2026-05-15T21:16:53.256467,37.50,50.00,100.00,100.00
2026-05-15T21:16:53.357084,50.00,50.00,100.00,100.00
2026-05-15T21:16:53.457645,37.50,50.00,100.00,100.00
2026-05-15T21:16:53.558315,44.40,50.00,100.00,100.00
2026-05-15T21:16:53.659022,42.90,37.50,100.00,100.00
2026-05-15T21:16:53.759601,50.00,50.00,100.00,100.00
2026-05-15T21:16:53.860419,37.50,42.90,100.00,100.00
2026-05-15T21:16:53.960978,44.40,44.40,100.00,100.00
2026-05-15T21:16:54.061601,28.60,50.00,100.00,100.00
2026-05-15T21:16:54.162247,50.00,42.90,100.00,100.00
2026-05-15T21:16:54.263012,28.60,50.00,100.00,100.00
2026-05-15T21:16:54.363568,50.00,42.90,100.00,100.00
2026-05-15T21:16:54.464163,37.50,55.60,100.00,100.00
2026-05-15T21:16:54.564784,28.60,42.90,100.00,100.00
2026-05-15T21:16:54.665370,37.50,50.00,100.00,100.00
2026-05-15T21:16:54.766228,50.00,55.60,100.00,100.00
2026-05-15T21:16:54.866927,28.60,37.50,100.00,100.00
2026-05-15T21:16:54.967865,37.50,50.00,100.00,100.00
2026-05-15T21:16:55.068504,42.90,50.00,100.00,100.00
2026-05-15T21:16:55.169060,44.40,28.60,100.00,100.00
2026-05-15T21:16:55.269874,37.50,50.00,100.00,100.00
2026-05-15T21:16:55.370508,28.60,16.70,100.00,100.00
2026-05-15T21:16:55.471112,37.50,44.40,100.00,100.00
2026-05-15T21:16:55.571682,33.30,28.60,100.00,100.00
2026-05-15T21:16:55.672230,28.60,42.90,100.00,100.00
2026-05-15T21:16:55.772803,37.50,37.50,100.00,100.00
2026-05-15T21:16:55.873527,25.00,28.60,100.00,100.00
2026-05-15T21:16:55.974017,28.60,37.50,100.00,100.00
2026-05-15T21:16:56.074621,37.50,37.50,100.00,100.00
2026-05-15T21:16:56.175227,28.60,37.50,100.00,100.00
2026-05-15T21:16:56.275970,40.00,37.50,100.00,100.00
2026-05-15T21:16:56.376735,28.60,42.90,100.00,100.00
2026-05-15T21:16:56.477560,28.60,37.50,100.00,100.00
2026-05-15T21:16:56.578245,44.40,28.60,100.00,100.00
2026-05-15T21:16:56.678858,28.60,37.50,100.00,100.00
2026-05-15T21:16:56.779509,37.50,50.00,100.00,100.00
2026-05-15T21:16:56.880060,42.90,42.90,100.00,100.00
2026-05-15T21:16:56.980965,44.40,37.50,100.00,100.00
2026-05-15T21:16:57.081559,37.50,50.00,100.00,100.00
2026-05-15T21:16:57.182304,50.00,50.00,100.00,100.00
2026-05-15T21:16:57.282850,55.60,42.90,100.00,100.00
2026-05-15T21:16:57.383511,37.50,50.00,100.00,100.00
2026-05-15T21:16:57.484225,50.00,55.60,100.00,100.00
2026-05-15T21:16:57.584896,62.50,50.00,100.00,100.00
2026-05-15T21:16:57.685536,50.00,55.60,100.00,100.00
2026-05-15T21:16:57.786063,55.60,57.10,100.00,100.00
2026-05-15T21:16:57.886929,50.00,57.10,100.00,100.00
2026-05-15T21:16:57.987829,50.00,55.60,100.00,100.00
2026-05-15T21:16:58.088912,55.60,62.50,100.00,100.00
2026-05-15T21:16:58.189512,50.00,62.50,100.00,100.00
2026-05-15T21:16:58.290012,63.60,50.00,100.00,100.00
2026-05-15T21:16:58.390539,50.00,50.00,100.00,100.00
2026-05-15T21:16:58.492463,42.90,55.60,100.00,100.00
2026-05-15T21:16:58.593055,50.00,50.00,100.00,100.00
2026-05-15T21:16:58.693622,50.00,50.00,100.00,100.00
2026-05-15T21:16:58.794505,50.00,62.50,100.00,100.00
2026-05-15T21:16:58.895039,42.90,55.60,100.00,100.00
2026-05-15T21:16:58.995903,50.00,55.60,100.00,100.00
2026-05-15T21:16:59.096526,44.40,50.00,100.00,100.00
2026-05-15T21:16:59.197047,42.90,57.10,100.00,100.00
2026-05-15T21:16:59.297670,55.60,62.50,100.00,100.00
2026-05-15T21:16:59.398623,60.00,55.60,100.00,100.00
2026-05-15T21:16:59.499298,42.90,50.00,100.00,100.00
2026-05-15T21:16:59.599954,50.00,42.90,100.00,100.00
2026-05-15T21:16:59.700584,50.00,50.00,100.00,100.00
2026-05-15T21:16:59.801626,50.00,62.50,100.00,100.00
2026-05-15T21:16:59.902284,55.60,55.60,100.00,100.00
2026-05-15T21:17:00.002863,33.30,50.00,100.00,100.00
2026-05-15T21:17:00.103438,44.40,42.90,100.00,100.00
2026-05-15T21:17:00.203981,33.30,55.60,100.00,100.00
2026-05-15T21:17:00.304797,44.40,42.90,100.00,100.00
2026-05-15T21:17:00.405438,42.90,50.00,100.00,100.00
2026-05-15T21:17:00.506052,50.00,50.00,100.00,100.00
2026-05-15T21:17:00.606851,55.60,50.00,100.00,100.00
2026-05-15T21:17:00.707506,50.00,57.10,100.00,100.00
2026-05-15T21:17:00.807912,62.50,60.00,100.00,100.00
2026-05-15T21:17:00.908613,60.00,50.00,100.00,100.00
2026-05-15T21:17:01.009183,60.00,55.60,100.00,100.00
2026-05-15T21:17:01.109721,42.90,57.10,100.00,100.00
2026-05-15T21:17:01.210424,50.00,70.00,100.00,100.00
2026-05-15T21:17:01.311018,55.60,50.00,100.00,100.00
2026-05-15T21:17:01.411807,50.00,55.60,100.00,100.00
2026-05-15T21:17:01.512693,60.00,50.00,100.00,100.00
2026-05-15T21:17:01.613248,62.50,80.00,100.00,100.00
2026-05-15T21:17:01.713937,55.60,50.00,100.00,100.00
2026-05-15T21:17:01.814805,55.60,70.00,100.00,100.00
2026-05-15T21:17:01.915394,62.50,62.50,100.00,100.00
2026-05-15T21:17:02.016032,44.40,50.00,100.00,100.00
2026-05-15T21:17:02.116837,55.60,50.00,100.00,100.00
2026-05-15T21:17:02.217603,42.90,42.90,100.00,100.00
2026-05-15T21:17:02.318345,42.90,62.50,100.00,100.00
2026-05-15T21:17:02.418907,50.00,60.00,100.00,100.00
2026-05-15T21:17:02.519520,37.50,33.30,100.00,100.00
2026-05-15T21:17:02.620525,28.60,37.50,100.00,100.00
2026-05-15T21:17:02.721023,33.30,25.00,100.00,100.00
2026-05-15T21:17:02.821650,14.30,16.70,100.00,100.00
2026-05-15T21:17:02.922233,25.00,28.60,100.00,100.00
2026-05-15T21:17:03.022786,25.00,25.00,100.00,100.00
2026-05-15T21:17:03.123311,14.30,14.30,100.00,100.00
2026-05-15T21:17:03.223939,37.50,44.40,100.00,100.00
2026-05-15T21:17:03.324454,44.40,16.70,100.00,100.00
2026-05-15T21:17:03.424990,25.00,44.40,100.00,100.00
2026-05-15T21:17:03.525673,33.30,25.00,100.00,100.00
2026-05-15T21:17:03.626348,0.00,28.60,100.00,100.00
2026-05-15T21:17:03.726923,37.50,16.70,100.00,100.00
2026-05-15T21:17:03.827478,25.00,44.40,100.00,100.00
2026-05-15T21:17:03.928038,28.60,25.00,100.00,100.00
2026-05-15T21:17:04.028528,33.30,28.60,100.00,100.00
2026-05-15T21:17:04.129024,14.30,28.60,100.00,100.00
2026-05-15T21:17:04.229583,37.50,14.30,100.00,100.00
2026-05-15T21:17:04.330354,33.30,50.00,100.00,100.00
2026-05-15T21:17:04.430952,37.50,37.50,100.00,100.00
2026-05-15T21:17:04.531571,40.00,28.60,100.00,100.00
2026-05-15T21:17:04.632089,25.00,25.00,100.00,100.00
2026-05-15T21:17:04.732884,33.30,28.60,100.00,100.00
2026-05-15T21:17:04.833436,28.60,37.50,100.00,100.00
2026-05-15T21:17:04.933979,33.30,28.60,100.00,100.00
2026-05-15T21:17:05.034577,44.40,37.50,100.00,100.00
2026-05-15T21:17:05.135214,16.70,37.50,100.00,100.00
2026-05-15T21:17:05.235908,33.30,37.50,100.00,100.00
2026-05-15T21:17:05.336536,28.60,16.70,100.00,100.00
2026-05-15T21:17:05.437072,33.30,44.40,100.00,100.00
2026-05-15T21:17:05.537800,25.00,16.70,100.00,100.00
2026-05-15T21:17:05.638463,37.50,25.00,100.00,100.00
2026-05-15T21:17:05.739037,25.00,50.00,100.00,100.00
2026-05-15T21:17:05.839718,28.60,28.60,100.00,100.00
2026-05-15T21:17:05.940315,55.60,50.00,100.00,100.00
2026-05-15T21:17:06.041347,37.50,37.50,100.00,100.00
2026-05-15T21:17:06.141913,25.00,37.50,100.00,100.00
2026-05-15T21:17:06.242677,37.50,33.30,100.00,100.00
2026-05-15T21:17:06.343233,37.50,44.40,100.00,100.00
2026-05-15T21:17:06.443861,25.00,28.60,100.00,100.00
2026-05-15T21:17:06.544570,28.60,37.50,100.00,100.00
2026-05-15T21:17:06.645186,37.50,37.50,100.00,100.00
2026-05-15T21:17:06.745894,40.00,28.60,100.00,100.00
2026-05-15T21:17:06.846467,25.00,28.60,100.00,100.00
2026-05-15T21:17:06.946972,33.30,44.40,100.00,100.00
2026-05-15T21:17:07.047537,33.30,14.30,100.00,100.00
2026-05-15T21:17:07.148021,28.60,37.50,100.00,100.00
2026-05-15T21:17:07.248800,33.30,16.70,100.00,100.00
2026-05-15T21:17:07.349367,14.30,14.30,100.00,100.00
2026-05-15T21:17:07.449867,25.00,28.60,100.00,100.00
2026-05-15T21:17:07.550451,22.20,30.00,100.00,100.00
2026-05-15T21:17:07.650990,11.10,11.10,100.00,100.00
2026-05-15T21:17:07.751649,27.30,0.00,100.00,100.00
2026-05-15T21:17:07.852258,20.00,22.20,100.00,100.00
2026-05-15T21:17:07.952775,12.50,11.10,100.00,100.00
2026-05-15T21:17:08.053312,27.30,12.50,100.00,100.00
2026-05-15T21:17:08.153852,12.50,27.30,100.00,100.00
2026-05-15T21:17:08.254554,20.00,0.00,100.00,100.00
2026-05-15T21:17:08.355053,20.00,30.00,100.00,100.00
2026-05-15T21:17:08.455733,22.20,0.00,100.00,100.00
2026-05-15T21:17:08.556373,11.10,22.20,100.00,100.00
2026-05-15T21:17:08.656925,30.00,27.30,100.00,100.00
2026-05-15T21:17:08.757442,20.00,0.00,100.00,100.00
2026-05-15T21:17:08.857912,30.00,11.10,100.00,100.00
2026-05-15T21:17:08.958504,11.10,22.20,100.00,100.00
2026-05-15T21:17:09.059030,20.00,11.10,100.00,100.00
2026-05-15T21:17:09.159558,22.20,22.20,100.00,100.00
2026-05-15T21:17:09.260143,20.00,12.50,100.00,100.00
2026-05-15T21:17:09.360743,30.00,22.20,100.00,100.00
2026-05-15T21:17:09.461307,11.10,11.10,100.00,100.00
2026-05-15T21:17:09.561838,12.50,12.50,100.00,100.00
2026-05-15T21:17:09.662405,27.30,20.00,100.00,100.00
2026-05-15T21:17:09.762955,20.00,12.50,100.00,100.00
2026-05-15T21:17:09.863581,22.20,20.00,100.00,100.00
2026-05-15T21:17:09.964328,11.10,22.20,100.00,100.00
2026-05-15T21:17:10.064873,12.50,11.10,100.00,100.00
2026-05-15T21:17:10.165421,20.00,12.50,100.00,100.00
2026-05-15T21:17:10.265948,30.00,11.10,100.00,100.00
2026-05-15T21:17:10.366626,20.00,22.20,100.00,100.00
2026-05-15T21:17:10.467179,22.20,11.10,100.00,100.00
2026-05-15T21:17:10.567685,11.10,12.50,100.00,100.00
2026-05-15T21:17:10.668215,20.00,22.20,100.00,100.00
2026-05-15T21:17:10.768710,12.50,11.10,100.00,100.00
2026-05-15T21:17:10.869293,27.30,12.50,100.00,100.00
2026-05-15T21:17:10.969824,11.10,11.10,100.00,100.00
2026-05-15T21:17:11.070408,12.50,22.20,100.00,100.00
2026-05-15T21:17:11.515924,51.20,50.00,100.00,100.00
2026-05-15T21:17:11.620321,50.00,40.00,100.00,100.00
2026-05-15T21:17:11.722607,12.50,22.20,100.00,100.00
2026-05-15T21:17:11.824920,27.30,22.20,100.00,100.00
2026-05-15T21:17:11.927620,22.20,20.00,100.00,100.00
2026-05-15T21:17:12.030297,12.50,12.50,100.00,100.00
2026-05-15T21:17:12.132964,22.20,12.50,100.00,100.00
2026-05-15T21:17:12.235995,22.20,27.30,100.00,100.00
2026-05-15T21:17:12.338549,22.20,22.20,100.00,100.00
2026-05-15T21:17:12.442320,33.30,22.20,100.00,100.00
2026-05-15T21:17:12.594831,92.90,78.60,100.00,100.00
2026-05-15T21:17:12.698555,66.70,90.90,100.00,100.00
2026-05-15T21:17:12.801730,71.40,88.90,100.00,100.00
2026-05-15T21:17:12.904559,62.50,90.90,100.00,100.00
2026-05-15T21:17:13.007449,57.10,100.00,100.00,100.00
2026-05-15T21:17:13.113551,80.00,81.80,100.00,100.00
2026-05-15T21:17:13.217003,70.00,88.90,100.00,100.00
2026-05-15T21:17:13.319918,71.40,90.90,100.00,100.00
2026-05-15T21:17:13.423052,75.00,88.90,100.00,100.00
2026-05-15T21:17:13.525729,72.70,81.80,100.00,100.00
2026-05-15T21:17:13.628876,75.00,88.90,100.00,100.00
2026-05-15T21:17:13.731896,77.80,80.00,100.00,100.00
2026-05-15T21:17:13.834696,77.80,80.00,100.00,100.00
2026-05-15T21:17:13.937622,66.70,87.50,100.00,100.00
2026-05-15T21:17:14.040365,77.80,83.30,100.00,100.00
2026-05-15T21:17:14.144798,77.80,90.00,100.00,100.00
2026-05-15T21:17:14.248259,62.50,87.50,100.00,100.00
2026-05-15T21:17:14.352410,80.00,90.00,100.00,100.00
2026-05-15T21:17:14.455944,66.70,80.00,100.00,100.00
2026-05-15T21:17:14.558813,80.00,80.00,100.00,100.00
2026-05-15T21:17:14.661386,75.00,90.00,100.00,100.00
2026-05-15T21:17:14.766087,70.00,80.00,100.00,100.00
2026-05-15T21:17:14.869312,80.00,77.80,100.00,100.00
2026-05-15T21:17:14.973562,80.00,77.80,100.00,100.00
2026-05-15T21:17:15.076829,75.00,90.00,100.00,100.00
2026-05-15T21:17:15.179776,77.80,90.00,100.00,100.00
2026-05-15T21:17:15.282815,75.00,88.90,100.00,100.00
2026-05-15T21:17:15.385947,70.00,90.00,100.00,100.00
2026-05-15T21:17:15.488629,75.00,81.80,100.00,100.00
2026-05-15T21:17:15.591327,66.70,90.00,100.00,100.00
2026-05-15T21:17:15.694549,75.00,81.80,100.00,100.00
2026-05-15T21:17:15.800631,80.00,90.00,100.00,100.00
2026-05-15T21:17:15.903022,80.00,90.00,100.00,100.00
2026-05-15T21:17:16.005942,87.50,90.90,100.00,100.00
2026-05-15T21:17:16.110419,90.00,88.90,100.00,100.00
2026-05-15T21:17:16.215467,77.80,100.00,100.00,100.00
2026-05-15T21:17:16.318564,77.80,90.90,100.00,100.00
2026-05-15T21:17:16.422793,90.00,100.00,100.00,100.00
2026-05-15T21:17:16.527452,77.80,90.00,100.00,100.00
2026-05-15T21:17:16.642657,83.30,91.70,100.00,100.00
2026-05-15T21:17:16.745551,88.90,90.00,100.00,100.00
2026-05-15T21:17:16.848315,80.00,90.00,100.00,100.00
2026-05-15T21:17:16.951664,77.80,100.00,100.00,100.00
2026-05-15T21:17:17.056269,66.70,90.90,100.00,100.00
2026-05-15T21:17:17.159326,70.00,100.00,100.00,100.00
2026-05-15T21:17:17.262184,80.00,90.00,100.00,100.00
2026-05-15T21:17:17.364972,77.80,90.00,100.00,100.00
2026-05-15T21:17:17.467588,66.70,77.80,100.00,100.00
2026-05-15T21:17:17.575142,60.00,80.00,100.00,100.00
2026-05-15T21:17:17.677900,66.70,90.00,100.00,100.00
2026-05-15T21:17:17.780988,55.60,70.00,100.00,100.00
2026-05-15T21:17:17.884158,60.00,62.50,100.00,100.00
2026-05-15T21:17:17.986983,44.40,75.00,100.00,100.00
2026-05-15T21:17:18.089539,50.00,66.70,100.00,100.00
2026-05-15T21:17:18.192144,60.00,70.00,100.00,100.00
2026-05-15T21:17:18.295068,60.00,62.50,100.00,100.00
2026-05-15T21:17:18.398231,70.00,80.00,100.00,100.00
2026-05-15T21:17:18.500990,42.90,66.70,100.00,100.00
2026-05-15T21:17:18.604822,66.70,70.00,100.00,100.00
2026-05-15T21:17:18.708261,55.60,70.00,100.00,100.00
2026-05-15T21:17:18.811595,70.00,77.80,100.00,100.00
2026-05-15T21:17:18.914380,66.70,66.70,100.00,100.00
2026-05-15T21:17:19.017127,62.50,70.00,100.00,100.00
2026-05-15T21:17:19.121578,55.60,66.70,100.00,100.00
2026-05-15T21:17:19.225447,60.00,62.50,100.00,100.00
2026-05-15T21:17:19.329000,62.50,70.00,100.00,100.00
2026-05-15T21:17:19.433353,70.00,90.00,100.00,100.00
2026-05-15T21:17:19.537887,63.60,66.70,100.00,100.00
2026-05-15T21:17:19.641417,62.50,66.70,100.00,100.00
2026-05-15T21:17:19.745090,60.00,80.00,100.00,100.00
2026-05-15T21:17:19.848947,66.70,77.80,100.00,100.00
2026-05-15T21:17:19.953790,55.60,77.80,100.00,100.00
2026-05-15T21:17:20.057303,55.60,80.00,100.00,100.00
2026-05-15T21:17:20.162400,66.70,66.70,100.00,100.00
2026-05-15T21:17:20.265350,60.00,80.00,100.00,100.00
2026-05-15T21:17:20.370709,66.70,66.70,100.00,100.00
2026-05-15T21:17:20.474697,66.70,77.80,100.00,100.00
2026-05-15T21:17:20.577796,77.80,70.00,100.00,100.00
2026-05-15T21:17:20.682491,63.60,88.90,100.00,100.00
2026-05-15T21:17:20.788286,57.10,90.90,100.00,100.00
2026-05-15T21:17:20.891671,66.70,88.90,100.00,100.00
2026-05-15T21:17:20.996293,66.70,81.80,100.00,100.00
2026-05-15T21:17:21.099673,70.00,88.90,100.00,100.00
2026-05-15T21:17:21.202608,63.60,81.80,100.00,100.00
2026-05-15T21:17:21.306872,50.00,90.90,100.00,100.00
2026-05-15T21:17:21.412020,66.70,90.00,100.00,100.00
2026-05-15T21:17:21.515307,66.70,77.80,100.00,100.00
2026-05-15T21:17:21.618914,62.50,81.80,100.00,100.00
2026-05-15T21:17:21.722861,70.00,77.80,100.00,100.00
2026-05-15T21:17:21.826587,70.00,90.90,100.00,100.00
2026-05-15T21:17:21.932033,55.60,66.70,100.00,100.00
2026-05-15T21:17:22.035318,62.50,77.80,100.00,100.00
2026-05-15T21:17:22.139308,63.60,70.00,100.00,100.00
2026-05-15T21:17:22.242466,55.60,80.00,100.00,100.00
2026-05-15T21:17:22.345417,55.60,77.80,100.00,100.00
2026-05-15T21:17:22.449355,62.50,80.00,100.00,100.00
2026-05-15T21:17:22.552339,66.70,100.00,100.00,100.00
2026-05-15T21:17:22.655749,55.60,100.00,100.00,100.00
2026-05-15T21:17:22.758908,66.70,100.00,100.00,100.00
2026-05-15T21:17:22.862817,62.50,100.00,100.00,100.00
2026-05-15T21:17:22.965490,81.80,100.00,100.00,100.00
2026-05-15T21:17:23.071006,88.90,100.00,100.00,100.00
2026-05-15T21:17:23.175109,90.00,100.00,100.00,100.00
2026-05-15T21:17:23.278643,100.00,100.00,100.00,100.00
2026-05-15T21:17:23.384686,100.00,100.00,100.00,100.00
2026-05-15T21:17:23.488821,75.00,100.00,100.00,100.00
2026-05-15T21:17:23.591289,100.00,100.00,100.00,100.00
2026-05-15T21:17:23.693900,100.00,100.00,100.00,100.00
2026-05-15T21:17:23.796593,100.00,100.00,100.00,100.00
2026-05-15T21:17:23.899475,100.00,100.00,100.00,100.00
2026-05-15T21:17:24.003216,100.00,100.00,100.00,100.00
2026-05-15T21:17:24.107002,100.00,100.00,100.00,100.00
2026-05-15T21:17:24.210422,91.70,100.00,100.00,100.00
2026-05-15T21:17:24.313182,100.00,100.00,100.00,100.00
2026-05-15T21:17:24.415906,100.00,100.00,100.00,100.00
2026-05-15T21:17:24.518687,100.00,100.00,100.00,100.00
2026-05-15T21:17:24.621271,88.90,100.00,100.00,100.00
2026-05-15T21:17:24.723826,100.00,100.00,100.00,100.00
2026-05-15T21:17:24.827163,100.00,100.00,100.00,100.00
2026-05-15T21:17:24.930209,100.00,100.00,100.00,100.00
2026-05-15T21:17:25.035976,100.00,90.90,100.00,100.00
2026-05-15T21:17:25.142740,100.00,100.00,100.00,100.00
2026-05-15T21:17:25.255263,90.90,100.00,100.00,100.00
2026-05-15T21:17:25.358855,100.00,100.00,100.00,100.00
2026-05-15T21:17:25.461720,100.00,100.00,100.00,100.00
2026-05-15T21:17:25.567035,90.00,100.00,100.00,100.00
2026-05-15T21:17:25.669546,88.90,100.00,100.00,100.00
2026-05-15T21:17:25.774538,60.00,100.00,100.00,100.00
2026-05-15T21:17:25.877972,90.00,100.00,100.00,100.00
2026-05-15T21:17:25.984207,100.00,100.00,100.00,100.00
2026-05-15T21:17:26.086912,100.00,100.00,100.00,100.00
2026-05-15T21:17:26.192325,70.00,100.00,100.00,100.00
2026-05-15T21:17:26.295142,100.00,100.00,100.00,100.00
2026-05-15T21:17:26.399441,100.00,100.00,100.00,100.00
2026-05-15T21:17:26.502314,70.00,100.00,100.00,100.00
2026-05-15T21:17:26.605171,66.70,100.00,100.00,100.00
2026-05-15T21:17:26.707935,75.00,100.00,100.00,100.00
2026-05-15T21:17:26.810821,100.00,100.00,100.00,100.00
2026-05-15T21:17:26.913470,100.00,100.00,100.00,100.00
2026-05-15T21:17:27.017297,100.00,100.00,100.00,100.00
2026-05-15T21:17:27.121161,100.00,100.00,100.00,100.00
2026-05-15T21:17:27.225398,100.00,100.00,100.00,100.00
2026-05-15T21:17:27.328401,100.00,100.00,100.00,100.00
2026-05-15T21:17:27.432280,100.00,100.00,100.00,100.00
2026-05-15T21:17:27.536545,100.00,100.00,100.00,100.00
2026-05-15T21:17:27.639443,100.00,100.00,100.00,100.00
2026-05-15T21:17:27.742311,100.00,100.00,100.00,100.00
2026-05-15T21:17:27.852591,100.00,100.00,100.00,100.00
2026-05-15T21:17:27.955456,100.00,100.00,100.00,100.00
2026-05-15T21:17:28.058185,100.00,100.00,100.00,100.00
2026-05-15T21:17:28.161152,100.00,100.00,100.00,100.00
2026-05-15T21:17:28.263980,100.00,100.00,100.00,100.00
2026-05-15T21:17:28.367050,100.00,100.00,100.00,100.00
2026-05-15T21:17:28.470335,100.00,100.00,100.00,100.00
2026-05-15T21:17:28.574127,100.00,100.00,100.00,100.00
2026-05-15T21:17:28.677860,100.00,100.00,100.00,100.00
2026-05-15T21:17:28.780631,100.00,100.00,100.00,100.00
2026-05-15T21:17:28.884497,100.00,100.00,100.00,100.00
2026-05-15T21:17:28.987184,100.00,100.00,100.00,100.00
2026-05-15T21:17:29.089979,100.00,100.00,100.00,100.00
2026-05-15T21:17:29.194167,100.00,100.00,100.00,100.00
2026-05-15T21:17:29.300634,100.00,100.00,100.00,100.00
2026-05-15T21:17:29.404740,100.00,100.00,100.00,100.00
2026-05-15T21:17:29.507560,100.00,100.00,100.00,100.00
2026-05-15T21:17:29.610021,100.00,100.00,100.00,100.00
2026-05-15T21:17:29.712870,100.00,100.00,100.00,100.00
2026-05-15T21:17:29.815743,90.90,100.00,100.00,100.00
2026-05-15T21:17:29.921963,88.90,100.00,100.00,100.00
2026-05-15T21:17:30.027455,80.00,100.00,100.00,100.00
2026-05-15T21:17:30.139017,90.90,100.00,100.00,100.00
2026-05-15T21:17:30.243199,88.90,100.00,100.00,100.00
2026-05-15T21:17:30.345785,90.00,100.00,100.00,100.00
2026-05-15T21:17:30.452919,100.00,100.00,100.00,100.00
2026-05-15T21:17:30.555670,90.90,100.00,100.00,90.00
2026-05-15T21:17:30.658726,100.00,100.00,100.00,70.00
2026-05-15T21:17:30.767275,100.00,100.00,100.00,63.60
2026-05-15T21:17:30.872957,100.00,100.00,100.00,77.80
2026-05-15T21:17:30.978913,100.00,100.00,100.00,90.90
2026-05-15T21:17:31.082004,100.00,100.00,100.00,100.00
2026-05-15T21:17:31.187360,100.00,100.00,100.00,100.00
2026-05-15T21:17:31.293686,100.00,100.00,100.00,100.00
2026-05-15T21:17:31.396292,100.00,100.00,100.00,100.00
2026-05-15T21:17:31.500508,100.00,100.00,100.00,100.00
2026-05-15T21:17:31.606525,100.00,100.00,100.00,100.00
2026-05-15T21:17:31.710539,100.00,100.00,100.00,100.00
2026-05-15T21:17:31.816388,100.00,100.00,100.00,100.00
2026-05-15T21:17:31.919147,100.00,100.00,100.00,100.00
2026-05-15T21:17:32.022511,100.00,100.00,100.00,100.00
2026-05-15T21:17:32.125235,100.00,100.00,100.00,100.00
2026-05-15T21:17:32.230538,100.00,100.00,100.00,100.00
2026-05-15T21:17:32.333470,100.00,100.00,100.00,100.00
2026-05-15T21:17:32.436395,100.00,100.00,100.00,100.00
2026-05-15T21:17:32.539524,100.00,100.00,100.00,100.00
2026-05-15T21:17:32.642420,100.00,100.00,100.00,100.00
2026-05-15T21:17:32.746508,100.00,100.00,100.00,100.00
2026-05-15T21:17:32.849252,100.00,100.00,100.00,100.00
2026-05-15T21:17:32.952214,100.00,100.00,100.00,100.00
2026-05-15T21:17:33.054935,100.00,100.00,100.00,100.00
2026-05-15T21:17:33.158354,90.00,100.00,100.00,100.00
2026-05-15T21:17:33.261181,90.00,100.00,100.00,100.00
2026-05-15T21:17:33.364192,100.00,100.00,100.00,100.00
2026-05-15T21:17:33.467122,100.00,100.00,100.00,100.00
2026-05-15T21:17:33.570265,100.00,100.00,100.00,100.00
2026-05-15T21:17:33.675531,100.00,100.00,100.00,100.00
2026-05-15T21:17:33.778928,100.00,100.00,100.00,100.00
2026-05-15T21:17:33.881557,100.00,100.00,100.00,100.00
2026-05-15T21:17:33.984793,100.00,100.00,100.00,100.00
2026-05-15T21:17:34.087931,100.00,100.00,100.00,100.00
2026-05-15T21:17:34.190814,100.00,100.00,100.00,100.00
2026-05-15T21:17:34.297199,80.00,100.00,100.00,100.00
2026-05-15T21:17:34.402442,100.00,100.00,100.00,100.00
2026-05-15T21:17:34.505181,100.00,100.00,100.00,100.00
2026-05-15T21:17:34.609049,100.00,90.90,100.00,100.00
2026-05-15T21:17:34.714529,100.00,100.00,100.00,100.00
2026-05-15T21:17:34.817938,100.00,100.00,100.00,100.00
2026-05-15T21:17:34.920880,100.00,100.00,100.00,100.00
2026-05-15T21:17:35.023655,88.90,100.00,100.00,100.00
2026-05-15T21:17:35.126856,100.00,100.00,100.00,100.00
2026-05-15T21:17:35.230364,100.00,100.00,100.00,100.00
2026-05-15T21:17:35.333685,100.00,100.00,100.00,100.00
2026-05-15T21:17:35.439413,91.70,100.00,100.00,100.00
2026-05-15T21:17:35.542538,100.00,100.00,100.00,100.00
2026-05-15T21:17:35.646366,100.00,100.00,100.00,100.00
2026-05-15T21:17:35.749273,100.00,100.00,100.00,100.00
2026-05-15T21:17:35.853610,100.00,100.00,100.00,100.00
2026-05-15T21:17:35.958471,100.00,100.00,100.00,100.00
2026-05-15T21:17:36.062163,100.00,100.00,100.00,100.00
2026-05-15T21:17:36.166127,90.90,100.00,100.00,100.00
2026-05-15T21:17:36.269756,88.90,100.00,100.00,100.00
2026-05-15T21:17:36.373347,90.00,100.00,100.00,100.00
2026-05-15T21:17:36.476984,77.80,100.00,100.00,100.00
2026-05-15T21:17:36.580089,100.00,100.00,100.00,100.00
2026-05-15T21:17:36.685978,80.00,100.00,100.00,100.00
2026-05-15T21:17:36.789351,100.00,100.00,100.00,100.00
2026-05-15T21:17:36.892294,80.00,100.00,100.00,100.00
2026-05-15T21:17:36.995376,77.80,100.00,100.00,100.00
2026-05-15T21:17:37.098597,80.00,100.00,100.00,100.00
2026-05-15T21:17:37.202676,66.70,83.30,100.00,100.00
2026-05-15T21:17:37.306358,80.00,100.00,100.00,100.00
2026-05-15T21:17:37.410939,80.00,90.90,100.00,100.00
2026-05-15T21:17:37.513668,44.40,50.00,100.00,100.00
2026-05-15T21:17:37.643682,40.00,44.40,100.00,100.00
2026-05-15T21:17:37.746130,25.00,33.30,100.00,100.00
2026-05-15T21:17:37.848992,28.60,37.50,100.00,100.00
2026-05-15T21:17:37.951944,25.00,37.50,100.00,100.00
2026-05-15T21:17:38.054955,28.60,14.30,100.00,100.00
2026-05-15T21:17:38.157996,33.30,44.40,100.00,100.00
2026-05-15T21:17:38.260961,28.60,28.60,100.00,100.00
2026-05-15T21:17:38.363547,33.30,33.30,100.00,100.00
2026-05-15T21:17:38.466575,14.30,37.50,100.00,100.00
2026-05-15T21:17:38.569435,37.50,28.60,100.00,100.00
2026-05-15T21:17:38.672023,25.00,37.50,100.00,100.00
2026-05-15T21:17:38.775347,44.40,28.60,100.00,100.00
2026-05-15T21:17:38.878061,28.60,37.50,100.00,100.00
2026-05-15T21:17:38.980794,33.30,37.50,100.00,100.00
2026-05-15T21:17:39.084902,25.00,33.30,100.00,100.00
2026-05-15T21:17:39.187712,28.60,28.60,100.00,100.00
2026-05-15T21:17:39.290553,14.30,28.60,100.00,100.00
2026-05-15T21:17:39.393280,44.40,37.50,100.00,100.00
2026-05-15T21:17:39.495937,33.30,33.30,100.00,100.00
2026-05-15T21:17:39.598403,28.60,37.50,100.00,100.00
2026-05-15T21:17:39.701235,33.30,28.60,100.00,100.00
2026-05-15T21:17:39.804560,16.70,37.50,100.00,100.00
2026-05-15T21:17:39.906958,40.00,33.30,100.00,100.00
2026-05-15T21:17:40.009462,28.60,28.60,100.00,100.00
2026-05-15T21:17:40.112638,25.00,37.50,100.00,100.00
2026-05-15T21:17:40.215346,28.60,37.50,100.00,100.00
2026-05-15T21:17:40.318040,44.40,44.40,100.00,100.00
2026-05-15T21:17:40.420571,28.60,37.50,100.00,100.00
2026-05-15T21:17:40.523996,33.30,44.40,100.00,100.00
2026-05-15T21:17:40.626891,37.50,37.50,100.00,100.00
2026-05-15T21:17:40.729929,33.30,25.00,100.00,100.00
2026-05-15T21:17:40.833000,44.40,37.50,100.00,100.00
2026-05-15T21:17:40.935866,25.00,33.30,100.00,100.00
2026-05-15T21:17:41.038933,37.50,16.70,100.00,100.00
2026-05-15T21:17:41.142226,25.00,44.40,100.00,100.00
2026-05-15T21:17:41.244740,28.60,25.00,100.00,100.00
2026-05-15T21:17:41.347387,25.00,37.50,100.00,100.00
2026-05-15T21:17:41.450477,25.00,28.60,100.00,100.00
2026-05-15T21:17:41.554776,16.70,25.00,100.00,100.00
2026-05-15T21:17:41.657561,25.00,37.50,100.00,100.00
2026-05-15T21:17:41.759952,60.00,66.70,100.00,100.00
2026-05-15T21:17:41.863227,14.30,37.50,100.00,100.00
2026-05-15T21:17:41.965695,37.50,28.60,100.00,100.00
2026-05-15T21:17:42.068658,33.30,33.30,100.00,100.00
2026-05-15T21:17:42.171752,33.30,44.40,100.00,100.00
2026-05-15T21:17:42.274386,28.60,28.60,100.00,100.00
2026-05-15T21:17:42.376991,28.60,28.60,100.00,100.00
2026-05-15T21:17:42.479463,36.40,33.30,100.00,100.00
2026-05-15T21:17:42.581684,22.20,20.00,100.00,100.00
2026-05-15T21:17:42.685011,11.10,11.10,100.00,100.00
2026-05-15T21:17:42.787598,30.00,40.00,100.00,100.00
2026-05-15T21:17:42.890712,30.00,20.00,100.00,100.00
2026-05-15T21:17:42.993173,22.20,20.00,100.00,100.00
2026-05-15T21:17:43.095555,27.30,30.00,100.00,100.00
2026-05-15T21:17:43.198040,30.00,11.10,100.00,100.00
2026-05-15T21:17:43.300556,11.10,22.20,100.00,100.00
2026-05-15T21:17:43.402854,36.40,20.00,100.00,100.00
2026-05-15T21:17:43.505714,20.00,12.50,100.00,100.00
2026-05-15T21:17:43.608462,12.50,20.00,100.00,100.00
2026-05-15T21:17:43.710924,30.00,20.00,100.00,100.00
2026-05-15T21:17:43.813452,30.00,22.20,100.00,100.00
2026-05-15T21:17:43.915873,20.00,20.00,100.00,100.00
2026-05-15T21:17:44.018227,20.00,27.30,100.00,100.00
2026-05-15T21:17:44.120734,30.00,0.00,100.00,100.00
2026-05-15T21:17:44.223363,20.00,22.20,100.00,100.00
2026-05-15T21:17:44.325834,20.00,20.00,100.00,100.00
2026-05-15T21:17:44.428268,22.20,11.10,100.00,100.00
2026-05-15T21:17:44.530595,27.30,27.30,100.00,100.00
2026-05-15T21:17:44.633023,12.50,11.10,100.00,100.00
2026-05-15T21:17:44.735555,20.00,27.30,100.00,100.00
2026-05-15T21:17:44.838078,33.30,22.20,100.00,100.00
2026-05-15T21:17:44.940510,11.10,11.10,100.00,100.00
2026-05-15T21:17:45.042786,30.00,30.00,100.00,100.00
2026-05-15T21:17:45.145527,11.10,11.10,100.00,100.00
2026-05-15T21:17:45.247828,36.40,20.00,100.00,100.00
2026-05-15T21:17:45.350206,27.30,11.10,100.00,100.00
2026-05-15T21:17:45.452603,20.00,30.00,100.00,100.00
2026-05-15T21:17:45.555154,33.30,20.00,100.00,100.00
2026-05-15T21:17:45.657648,30.00,11.10,100.00,100.00
2026-05-15T21:17:45.760208,33.30,27.30,100.00,100.00
2026-05-15T21:17:45.862551,20.00,11.10,100.00,100.00
2026-05-15T21:17:45.965013,30.00,22.20,100.00,100.00
2026-05-15T21:17:46.067628,27.30,20.00,100.00,100.00
2026-05-15T21:17:46.170240,27.30,11.10,100.00,100.00
2026-05-15T21:17:46.272926,20.00,20.00,100.00,100.00
2026-05-15T21:17:46.375709,22.20,22.20,100.00,100.00
2026-05-15T21:17:46.478267,30.00,11.10,100.00,100.00
2026-05-15T21:17:46.580516,20.00,27.30,100.00,100.00
2026-05-15T21:17:46.683012,30.00,12.50,100.00,100.00
2026-05-15T21:17:46.785345,27.30,11.10,100.00,100.00
2026-05-15T21:17:46.887730,22.20,27.30,100.00,100.00
2026-05-15T21:17:46.990072,20.00,11.10,100.00,100.00
2026-05-15T21:17:47.092749,27.30,20.00,100.00,100.00
2026-05-15T21:17:47.194992,30.00,20.00,100.00,100.00
2026-05-15T21:17:47.297775,27.30,30.00,100.00,100.00
2026-05-15T21:17:47.400001,30.00,20.00,100.00,100.00
2026-05-15T21:17:47.503820,50.00,60.00,100.00,100.00
2026-05-15T21:17:47.607054,81.80,66.70,100.00,100.00
2026-05-15T21:17:47.711020,88.90,66.70,100.00,100.00
2026-05-15T21:17:47.855075,76.90,85.70,100.00,100.00
2026-05-15T21:17:47.959541,72.70,90.90,100.00,100.00
2026-05-15T21:17:48.064375,75.00,90.00,100.00,100.00
2026-05-15T21:17:48.167367,77.80,81.80,100.00,100.00
2026-05-15T21:17:48.269983,60.00,100.00,100.00,100.00
2026-05-15T21:17:48.372626,77.80,90.00,100.00,100.00
2026-05-15T21:17:48.477025,77.80,90.90,100.00,100.00
2026-05-15T21:17:48.581492,77.80,88.90,100.00,100.00
2026-05-15T21:17:48.684688,80.00,77.80,100.00,100.00
2026-05-15T21:17:48.788831,70.00,90.00,100.00,100.00
2026-05-15T21:17:48.891402,75.00,90.90,100.00,100.00
2026-05-15T21:17:48.994639,80.00,80.00,100.00,100.00
2026-05-15T21:17:49.099854,55.60,77.80,100.00,100.00
2026-05-15T21:17:49.202915,72.70,81.80,100.00,100.00
2026-05-15T21:17:49.308037,77.80,77.80,100.00,100.00
2026-05-15T21:17:49.413206,66.70,80.00,100.00,100.00
2026-05-15T21:17:49.515932,77.80,90.00,100.00,100.00
2026-05-15T21:17:49.618701,75.00,83.30,100.00,100.00
2026-05-15T21:17:49.721365,70.00,88.90,100.00,100.00
2026-05-15T21:17:49.825626,70.00,90.90,100.00,100.00
2026-05-15T21:17:49.929199,77.80,90.00,100.00,100.00
2026-05-15T21:17:50.032785,72.70,90.90,100.00,100.00
2026-05-15T21:17:50.136361,62.50,90.00,100.00,100.00
2026-05-15T21:17:50.239586,77.80,90.00,100.00,100.00
2026-05-15T21:17:50.342364,66.70,90.00,100.00,100.00
2026-05-15T21:17:50.445318,60.00,80.00,100.00,100.00
2026-05-15T21:17:50.548558,77.80,80.00,100.00,100.00
2026-05-15T21:17:50.651156,70.00,77.80,100.00,100.00
2026-05-15T21:17:50.755281,77.80,80.00,100.00,100.00
2026-05-15T21:17:50.857751,80.00,80.00,100.00,100.00
2026-05-15T21:17:50.962624,80.00,81.80,100.00,100.00
2026-05-15T21:17:51.066144,72.70,88.90,100.00,100.00
2026-05-15T21:17:51.169579,62.50,80.00,100.00,100.00
2026-05-15T21:17:51.274275,62.50,90.00,100.00,100.00
2026-05-15T21:17:51.378450,63.60,81.80,100.00,100.00
2026-05-15T21:17:51.482545,62.50,88.90,100.00,100.00
2026-05-15T21:17:51.596471,80.00,91.70,100.00,100.00
2026-05-15T21:17:51.699414,77.80,90.90,100.00,100.00
2026-05-15T21:17:51.802782,80.00,90.00,100.00,100.00
2026-05-15T21:17:51.905778,66.70,80.00,100.00,100.00
2026-05-15T21:17:52.008433,62.50,80.00,100.00,100.00
2026-05-15T21:17:52.111291,66.70,80.00,100.00,100.00
2026-05-15T21:17:52.214919,70.00,77.80,100.00,100.00
2026-05-15T21:17:52.319408,66.70,88.90,100.00,100.00
2026-05-15T21:17:52.422161,77.80,83.30,100.00,100.00
2026-05-15T21:17:52.524895,77.80,88.90,100.00,100.00
2026-05-15T21:17:52.627949,66.70,77.80,100.00,100.00
2026-05-15T21:17:52.730888,62.50,100.00,100.00,100.00
2026-05-15T21:17:52.833441,70.00,81.80,100.00,100.00
2026-05-15T21:17:52.936604,62.50,88.90,100.00,100.00
2026-05-15T21:17:53.039909,66.70,81.80,100.00,100.00
2026-05-15T21:17:53.145878,63.60,77.80,100.00,100.00
2026-05-15T21:17:53.253284,81.80,83.30,100.00,100.00
2026-05-15T21:17:53.360206,75.00,88.90,100.00,100.00
2026-05-15T21:17:53.462738,80.00,81.80,100.00,100.00
2026-05-15T21:17:53.565343,62.50,90.00,100.00,100.00
2026-05-15T21:17:53.667907,60.00,66.70,100.00,100.00
2026-05-15T21:17:53.770440,75.00,90.00,100.00,100.00
2026-05-15T21:17:53.873858,70.00,70.00,100.00,100.00
2026-05-15T21:17:53.976692,66.70,77.80,100.00,100.00
2026-05-15T21:17:54.079304,66.70,80.00,100.00,100.00
2026-05-15T21:17:54.182283,66.70,80.00,100.00,100.00
2026-05-15T21:17:54.284854,70.00,90.00,100.00,100.00
2026-05-15T21:17:54.389214,70.00,80.00,100.00,100.00
2026-05-15T21:17:54.492888,66.70,77.80,100.00,100.00
2026-05-15T21:17:54.595728,55.60,81.80,100.00,100.00
2026-05-15T21:17:54.699660,70.00,80.00,100.00,100.00
2026-05-15T21:17:54.802524,70.00,75.00,100.00,100.00
2026-05-15T21:17:54.906265,62.50,87.50,100.00,100.00
2026-05-15T21:17:55.012623,66.70,72.70,100.00,100.00
2026-05-15T21:17:55.117377,62.50,80.00,100.00,100.00
2026-05-15T21:17:55.220251,72.70,77.80,100.00,100.00
2026-05-15T21:17:55.323294,70.00,75.00,100.00,100.00
2026-05-15T21:17:55.426958,70.00,70.00,100.00,100.00
2026-05-15T21:17:55.530002,66.70,80.00,100.00,100.00
2026-05-15T21:17:55.632722,77.80,62.50,100.00,100.00
2026-05-15T21:17:55.735473,66.70,81.80,100.00,100.00
2026-05-15T21:17:55.840012,66.70,75.00,100.00,100.00
2026-05-15T21:17:55.943852,70.00,81.80,100.00,100.00
2026-05-15T21:17:56.048125,66.70,75.00,100.00,100.00
2026-05-15T21:17:56.151043,75.00,72.70,100.00,100.00
2026-05-15T21:17:56.253882,66.70,77.80,100.00,100.00
2026-05-15T21:17:56.356615,72.70,77.80,100.00,100.00
2026-05-15T21:17:56.459815,77.80,70.00,100.00,100.00
2026-05-15T21:17:56.562330,72.70,80.00,100.00,100.00
2026-05-15T21:17:56.667573,55.60,81.80,100.00,100.00
2026-05-15T21:17:56.771463,66.70,75.00,100.00,100.00
2026-05-15T21:17:56.873865,62.50,77.80,100.00,100.00
2026-05-15T21:17:56.978046,63.60,72.70,100.00,100.00
2026-05-15T21:17:57.081386,62.50,77.80,100.00,100.00
2026-05-15T21:17:57.184008,66.70,81.80,100.00,100.00
2026-05-15T21:17:57.287044,55.60,88.90,100.00,100.00
2026-05-15T21:17:57.391059,66.70,81.80,100.00,100.00
2026-05-15T21:17:57.495172,70.00,90.00,100.00,100.00
2026-05-15T21:17:57.597868,75.00,100.00,100.00,100.00
2026-05-15T21:17:57.700633,62.50,100.00,100.00,100.00
2026-05-15T21:17:57.803632,77.80,100.00,100.00,100.00
2026-05-15T21:17:57.908807,80.00,100.00,100.00,100.00
2026-05-15T21:17:58.011968,80.00,100.00,100.00,100.00
2026-05-15T21:17:58.115098,90.00,90.00,100.00,100.00
2026-05-15T21:17:58.217685,80.00,100.00,100.00,100.00
2026-05-15T21:17:58.323752,77.80,91.70,100.00,100.00
2026-05-15T21:17:58.426886,75.00,100.00,100.00,100.00
2026-05-15T21:17:58.530313,83.30,100.00,100.00,100.00
2026-05-15T21:17:58.633252,100.00,100.00,100.00,100.00
2026-05-15T21:17:58.738887,90.90,100.00,100.00,100.00
2026-05-15T21:17:58.842700,100.00,100.00,100.00,100.00
2026-05-15T21:17:58.945568,100.00,90.90,100.00,100.00
2026-05-15T21:17:59.050864,90.00,100.00,100.00,100.00
2026-05-15T21:17:59.154873,100.00,100.00,100.00,100.00
2026-05-15T21:17:59.258570,70.00,100.00,100.00,100.00
2026-05-15T21:17:59.362472,100.00,100.00,100.00,100.00
2026-05-15T21:17:59.464946,80.00,100.00,100.00,100.00
2026-05-15T21:17:59.568015,90.00,100.00,100.00,100.00
2026-05-15T21:17:59.671146,62.50,100.00,100.00,100.00
2026-05-15T21:17:59.775470,77.80,100.00,100.00,100.00
2026-05-15T21:17:59.878476,80.00,100.00,100.00,100.00
2026-05-15T21:17:59.981950,75.00,100.00,100.00,100.00
2026-05-15T21:18:00.085843,88.90,100.00,100.00,100.00
2026-05-15T21:18:00.188613,77.80,90.90,100.00,100.00
2026-05-15T21:18:00.292442,80.00,100.00,100.00,100.00
2026-05-15T21:18:00.396903,80.00,100.00,100.00,100.00
2026-05-15T21:18:00.501543,80.00,100.00,100.00,100.00
2026-05-15T21:18:00.605825,88.90,90.00,100.00,100.00
2026-05-15T21:18:00.711475,90.00,100.00,100.00,100.00
2026-05-15T21:18:00.814894,77.80,100.00,100.00,100.00
2026-05-15T21:18:00.917789,88.90,100.00,100.00,100.00
2026-05-15T21:18:01.021060,100.00,100.00,100.00,100.00
2026-05-15T21:18:01.124508,81.80,100.00,100.00,100.00
2026-05-15T21:18:01.227375,88.90,100.00,100.00,100.00
2026-05-15T21:18:01.331179,100.00,100.00,100.00,100.00
2026-05-15T21:18:01.435544,80.00,100.00,100.00,100.00
2026-05-15T21:18:01.540234,80.00,100.00,100.00,100.00
2026-05-15T21:18:01.644599,90.00,100.00,100.00,100.00
2026-05-15T21:18:01.747248,90.00,100.00,100.00,100.00
2026-05-15T21:18:01.849896,75.00,100.00,100.00,100.00
2026-05-15T21:18:01.954470,90.90,91.70,100.00,100.00
2026-05-15T21:18:02.057354,80.00,100.00,100.00,100.00
2026-05-15T21:18:02.161192,100.00,90.00,100.00,100.00
2026-05-15T21:18:02.263936,77.80,100.00,100.00,100.00
2026-05-15T21:18:02.368373,70.00,100.00,100.00,100.00
2026-05-15T21:18:02.474167,100.00,91.70,100.00,100.00
2026-05-15T21:18:02.577695,66.70,77.80,100.00,100.00
2026-05-15T21:18:02.680207,60.00,66.70,100.00,100.00
2026-05-15T21:18:02.783711,66.70,62.50,100.00,100.00
2026-05-15T21:18:02.886432,55.60,66.70,100.00,100.00
2026-05-15T21:18:02.989916,55.60,66.70,100.00,100.00
2026-05-15T21:18:03.093803,62.50,55.60,100.00,100.00
2026-05-15T21:18:03.196457,60.00,70.00,100.00,100.00
2026-05-15T21:18:03.299565,55.60,70.00,100.00,100.00
2026-05-15T21:18:03.402629,66.70,70.00,100.00,100.00
2026-05-15T21:18:03.505552,50.00,57.10,100.00,100.00
2026-05-15T21:18:03.608054,42.90,60.00,100.00,100.00
2026-05-15T21:18:03.711010,50.00,57.10,100.00,100.00
2026-05-15T21:18:03.814961,50.00,66.70,100.00,100.00
2026-05-15T21:18:03.918011,60.00,70.00,100.00,100.00
2026-05-15T21:18:04.020704,50.00,62.50,100.00,100.00
2026-05-15T21:18:04.123370,44.40,70.00,100.00,100.00
2026-05-15T21:18:04.227202,50.00,55.60,100.00,100.00
2026-05-15T21:18:04.329997,50.00,50.00,100.00,100.00
2026-05-15T21:18:04.433359,55.60,63.60,100.00,100.00
2026-05-15T21:18:04.536587,50.00,62.50,100.00,100.00
2026-05-15T21:18:04.640210,62.50,66.70,100.00,100.00
2026-05-15T21:18:04.743699,63.60,50.00,100.00,100.00
2026-05-15T21:18:04.846267,50.00,62.50,100.00,100.00
2026-05-15T21:18:04.949586,44.40,55.60,100.00,100.00
2026-05-15T21:18:05.052531,42.90,60.00,100.00,100.00
2026-05-15T21:18:05.155049,55.60,57.10,100.00,100.00
2026-05-15T21:18:05.258024,55.60,60.00,100.00,100.00
2026-05-15T21:18:05.361426,55.60,55.60,100.00,100.00
2026-05-15T21:18:05.465043,60.00,66.70,100.00,100.00
2026-05-15T21:18:05.567907,50.00,50.00,100.00,100.00
2026-05-15T21:18:05.670580,50.00,66.70,100.00,100.00
2026-05-15T21:18:05.773503,55.60,66.70,100.00,100.00
2026-05-15T21:18:05.876178,60.00,70.00,100.00,100.00
2026-05-15T21:18:05.979076,50.00,62.50,100.00,100.00
2026-05-15T21:18:06.082456,50.00,60.00,100.00,100.00
2026-05-15T21:18:06.185218,50.00,50.00,100.00,100.00
2026-05-15T21:18:06.289023,60.00,60.00,100.00,100.00
2026-05-15T21:18:06.391725,42.90,57.10,100.00,100.00
2026-05-15T21:18:06.495005,44.40,55.60,100.00,100.00
2026-05-15T21:18:06.598069,55.60,55.60,100.00,100.00
2026-05-15T21:18:06.701201,50.00,66.70,100.00,100.00
2026-05-15T21:18:06.804019,55.60,55.60,100.00,100.00
2026-05-15T21:18:06.906989,55.60,62.50,100.00,100.00
2026-05-15T21:18:07.009783,28.60,60.00,100.00,100.00
2026-05-15T21:18:07.112267,55.60,62.50,100.00,100.00
2026-05-15T21:18:07.214866,50.00,50.00,100.00,100.00
2026-05-15T21:18:07.317547,42.90,50.00,100.00,100.00
2026-05-15T21:18:07.420320,42.90,55.60,100.00,100.00
2026-05-15T21:18:07.550994,33.30,45.50,100.00,100.00
2026-05-15T21:18:07.653999,25.00,12.50,100.00,100.00
2026-05-15T21:18:07.756505,30.00,25.00,100.00,100.00
2026-05-15T21:18:07.858985,25.00,22.20,100.00,100.00
2026-05-15T21:18:07.961975,22.20,22.20,100.00,100.00
2026-05-15T21:18:08.064627,0.00,25.00,100.00,100.00
2026-05-15T21:18:08.167044,40.00,22.20,100.00,100.00
2026-05-15T21:18:08.269920,0.00,12.50,100.00,100.00
2026-05-15T21:18:08.372618,33.30,25.00,100.00,100.00
2026-05-15T21:18:08.475741,40.00,22.20,100.00,100.00
2026-05-15T21:18:08.578178,25.00,33.30,100.00,100.00
2026-05-15T21:18:08.680992,30.00,22.20,100.00,100.00
2026-05-15T21:18:08.783647,25.00,12.50,100.00,100.00
2026-05-15T21:18:08.886357,33.30,22.20,100.00,100.00
2026-05-15T21:18:08.989008,22.20,30.00,100.00,100.00
2026-05-15T21:18:09.091616,25.00,25.00,100.00,100.00
2026-05-15T21:18:09.193966,14.30,22.20,100.00,100.00
2026-05-15T21:18:09.296660,22.20,22.20,100.00,100.00
2026-05-15T21:18:09.399298,33.30,25.00,100.00,100.00
2026-05-15T21:18:09.502326,25.00,22.20,100.00,100.00
2026-05-15T21:18:09.604820,25.00,14.30,100.00,100.00
2026-05-15T21:18:09.707988,40.00,40.00,100.00,100.00
2026-05-15T21:18:09.810578,22.20,12.50,100.00,100.00
2026-05-15T21:18:09.912992,25.00,30.00,100.00,100.00
2026-05-15T21:18:10.015869,12.50,14.30,100.00,100.00
2026-05-15T21:18:10.118489,33.30,22.20,100.00,100.00
2026-05-15T21:18:10.221056,33.30,22.20,100.00,100.00
2026-05-15T21:18:10.324338,25.00,25.00,100.00,100.00
2026-05-15T21:18:10.426821,40.00,25.00,100.00,100.00
2026-05-15T21:18:10.529533,14.30,22.20,100.00,100.00
2026-05-15T21:18:10.632746,33.30,25.00,100.00,100.00
2026-05-15T21:18:10.735389,33.30,25.00,100.00,100.00
2026-05-15T21:18:10.837967,28.60,12.50,100.00,100.00
2026-05-15T21:18:10.940592,22.20,33.30,100.00,100.00
2026-05-15T21:18:11.043399,40.00,14.30,100.00,100.00
2026-05-15T21:18:11.145926,14.30,12.50,100.00,100.00
2026-05-15T21:18:11.248805,33.30,40.00,100.00,100.00
2026-05-15T21:18:11.351702,33.30,14.30,100.00,100.00
2026-05-15T21:18:11.454883,12.50,12.50,100.00,100.00
2026-05-15T21:18:11.558372,33.30,30.00,100.00,100.00
2026-05-15T21:18:11.661177,33.30,25.00,100.00,100.00
2026-05-15T21:18:11.767533,25.00,33.30,100.00,100.00
2026-05-15T21:18:11.870078,45.50,22.20,100.00,100.00
2026-05-15T21:18:11.972799,14.30,14.30,100.00,100.00
2026-05-15T21:18:12.075385,22.20,30.00,100.00,100.00
2026-05-15T21:18:12.177861,25.00,33.30,100.00,100.00
2026-05-15T21:18:12.281045,25.00,22.20,100.00,100.00
2026-05-15T21:18:12.384811,33.30,22.20,100.00,100.00
2026-05-15T21:18:12.488064,55.60,50.00,100.00,100.00
2026-05-15T21:18:12.590685,90.00,66.70,100.00,100.00
2026-05-15T21:18:12.694180,66.70,77.80,100.00,100.00
2026-05-15T21:18:12.797748,70.00,88.90,100.00,100.00
2026-05-15T21:18:12.901159,77.80,84.60,100.00,100.00
2026-05-15T21:18:13.004372,90.00,75.00,100.00,100.00
2026-05-15T21:18:13.109347,81.80,77.80,100.00,100.00
2026-05-15T21:18:13.212595,75.00,81.80,100.00,100.00
2026-05-15T21:18:13.315715,80.00,90.90,100.00,100.00
2026-05-15T21:18:13.418274,70.00,77.80,100.00,100.00
2026-05-15T21:18:13.522594,62.50,80.00,100.00,100.00
2026-05-15T21:18:13.626249,70.00,88.90,100.00,100.00
2026-05-15T21:18:13.730355,60.00,83.30,100.00,100.00
2026-05-15T21:18:13.835005,66.70,77.80,100.00,100.00
2026-05-15T21:18:13.938622,77.80,80.00,100.00,100.00
2026-05-15T21:18:14.042323,66.70,70.00,100.00,100.00
2026-05-15T21:18:14.145491,70.00,80.00,100.00,100.00
2026-05-15T21:18:14.248480,50.00,88.90,100.00,100.00
2026-05-15T21:18:14.350907,80.00,90.00,100.00,100.00
2026-05-15T21:18:14.453641,87.50,77.80,100.00,100.00
2026-05-15T21:18:14.558355,83.30,77.80,100.00,100.00
2026-05-15T21:18:14.662898,88.90,90.00,100.00,100.00
2026-05-15T21:18:14.765695,70.00,81.80,100.00,100.00
2026-05-15T21:18:14.868656,88.90,77.80,100.00,100.00
2026-05-15T21:18:14.972057,66.70,90.00,100.00,100.00
2026-05-15T21:18:15.076040,70.00,90.90,100.00,100.00
2026-05-15T21:18:15.180135,80.00,80.00,100.00,100.00
2026-05-15T21:18:15.283428,75.00,77.80,100.00,100.00
2026-05-15T21:18:15.386352,72.70,70.00,100.00,100.00
2026-05-15T21:18:15.489000,66.70,80.00,100.00,100.00
2026-05-15T21:18:15.592352,66.70,90.00,100.00,100.00
2026-05-15T21:18:15.695029,66.70,80.00,100.00,100.00
2026-05-15T21:18:15.797711,62.50,90.90,100.00,100.00
2026-05-15T21:18:15.902479,66.70,90.90,100.00,100.00
2026-05-15T21:18:16.009199,80.00,90.00,100.00,100.00
2026-05-15T21:18:16.111887,62.50,88.90,100.00,100.00
2026-05-15T21:18:16.214977,77.80,90.90,100.00,100.00
2026-05-15T21:18:16.317847,66.70,88.90,100.00,100.00
2026-05-15T21:18:16.421234,70.00,81.80,100.00,100.00
2026-05-15T21:18:16.524980,60.00,88.90,100.00,100.00
2026-05-15T21:18:16.628204,80.00,77.80,100.00,100.00
2026-05-15T21:18:16.732707,66.70,80.00,100.00,100.00
2026-05-15T21:18:16.835739,62.50,81.80,100.00,100.00
2026-05-15T21:18:16.939886,62.50,77.80,100.00,100.00
2026-05-15T21:18:17.044364,70.00,80.00,100.00,100.00
2026-05-15T21:18:17.147009,57.10,80.00,100.00,100.00
2026-05-15T21:18:17.250345,66.70,83.30,100.00,100.00
2026-05-15T21:18:17.353176,77.80,77.80,100.00,100.00
2026-05-15T21:18:17.455843,66.70,90.90,100.00,100.00
2026-05-15T21:18:17.559460,66.70,66.70,100.00,100.00
2026-05-15T21:18:17.662990,70.00,66.70,100.00,100.00
2026-05-15T21:18:17.766396,70.00,77.80,100.00,100.00
2026-05-15T21:18:17.870897,55.60,72.70,100.00,100.00
2026-05-15T21:18:17.974551,62.50,62.50,100.00,100.00
2026-05-15T21:18:18.077605,55.60,50.00,100.00,100.00
2026-05-15T21:18:18.180310,55.60,66.70,100.00,100.00
2026-05-15T21:18:18.284741,62.50,66.70,100.00,100.00
2026-05-15T21:18:18.388485,70.00,60.00,100.00,100.00
2026-05-15T21:18:18.491396,66.70,66.70,100.00,100.00
2026-05-15T21:18:18.594401,62.50,80.00,100.00,100.00
2026-05-15T21:18:18.697614,66.70,55.60,100.00,100.00
2026-05-15T21:18:18.801063,66.70,70.00,100.00,100.00
2026-05-15T21:18:18.904347,66.70,75.00,100.00,100.00
2026-05-15T21:18:19.007232,55.60,70.00,100.00,100.00
2026-05-15T21:18:19.110979,72.70,66.70,100.00,100.00
2026-05-15T21:18:19.213740,62.50,77.80,100.00,100.00
2026-05-15T21:18:19.317264,70.00,70.00,100.00,100.00
2026-05-15T21:18:19.421420,66.70,80.00,100.00,100.00
2026-05-15T21:18:19.524902,55.60,72.70,100.00,100.00
2026-05-15T21:18:19.628561,62.50,62.50,100.00,100.00
2026-05-15T21:18:19.732548,70.00,66.70,100.00,100.00
2026-05-15T21:18:19.836100,60.00,57.10,100.00,100.00
2026-05-15T21:18:19.939321,66.70,55.60,100.00,100.00
2026-05-15T21:18:20.042875,55.60,55.60,100.00,100.00
2026-05-15T21:18:20.146633,50.00,62.50,100.00,100.00
2026-05-15T21:18:20.249699,60.00,66.70,100.00,100.00
2026-05-15T21:18:20.352880,62.50,63.60,100.00,100.00
2026-05-15T21:18:20.456971,55.60,50.00,100.00,100.00
2026-05-15T21:18:20.560747,62.50,66.70,100.00,100.00
2026-05-15T21:18:20.663659,60.00,66.70,100.00,100.00
2026-05-15T21:18:20.766483,50.00,55.60,100.00,100.00
2026-05-15T21:18:20.869744,62.50,66.70,100.00,100.00
2026-05-15T21:18:20.973327,55.60,55.60,100.00,100.00
2026-05-15T21:18:21.076735,62.50,62.50,100.00,100.00
2026-05-15T21:18:21.180269,63.60,50.00,100.00,100.00
2026-05-15T21:18:21.283463,57.10,60.00,100.00,100.00
2026-05-15T21:18:21.386052,62.50,62.50,100.00,100.00
2026-05-15T21:18:21.489297,60.00,60.00,100.00,100.00
2026-05-15T21:18:21.592004,55.60,57.10,100.00,100.00
2026-05-15T21:18:21.696810,66.70,60.00,100.00,100.00
2026-05-15T21:18:21.799880,77.80,70.00,100.00,100.00
2026-05-15T21:18:21.902973,80.00,81.80,100.00,100.00
2026-05-15T21:18:22.007346,66.70,66.70,100.00,100.00
2026-05-15T21:18:22.110607,66.70,80.00,100.00,100.00
2026-05-15T21:18:22.214284,60.00,72.70,100.00,100.00
2026-05-15T21:18:22.317641,62.50,66.70,100.00,100.00
2026-05-15T21:18:22.421660,50.00,55.60,100.00,100.00
2026-05-15T21:18:22.524876,50.00,50.00,100.00,100.00
2026-05-15T21:18:22.628006,28.60,44.40,100.00,100.00
2026-05-15T21:18:22.730726,55.60,50.00,100.00,100.00
2026-05-15T21:18:22.833700,44.40,44.40,100.00,100.00
2026-05-15T21:18:22.936294,55.60,50.00,100.00,100.00
2026-05-15T21:18:23.038976,37.50,44.40,100.00,100.00
2026-05-15T21:18:23.141930,50.00,37.50,100.00,100.00
2026-05-15T21:18:23.244695,44.40,50.00,100.00,100.00
2026-05-15T21:18:23.347442,50.00,50.00,100.00,100.00
2026-05-15T21:18:23.450358,44.40,42.90,100.00,100.00
2026-05-15T21:18:23.553015,50.00,50.00,100.00,100.00
2026-05-15T21:18:23.656973,50.00,50.00,100.00,100.00
2026-05-15T21:18:23.760281,55.60,50.00,100.00,100.00
2026-05-15T21:18:23.863516,50.00,50.00,100.00,100.00
2026-05-15T21:18:23.966195,37.50,37.50,100.00,100.00
2026-05-15T21:18:24.068948,55.60,44.40,100.00,100.00
2026-05-15T21:18:24.171829,50.00,60.00,100.00,100.00
2026-05-15T21:18:24.274625,55.60,55.60,100.00,100.00
2026-05-15T21:18:24.377582,55.60,28.60,100.00,100.00
2026-05-15T21:18:24.480048,37.50,54.50,100.00,100.00
2026-05-15T21:18:24.582676,55.60,50.00,100.00,100.00
2026-05-15T21:18:24.685407,55.60,50.00,100.00,100.00
2026-05-15T21:18:24.788064,50.00,55.60,100.00,100.00
2026-05-15T21:18:24.890954,50.00,50.00,100.00,100.00
2026-05-15T21:18:24.993828,55.60,44.40,100.00,100.00
2026-05-15T21:18:25.097066,55.60,66.70,100.00,100.00
2026-05-15T21:18:25.199554,55.60,55.60,100.00,100.00
2026-05-15T21:18:25.302226,55.60,50.00,100.00,100.00
2026-05-15T21:18:25.404956,42.90,37.50,100.00,100.00
2026-05-15T21:18:25.507538,37.50,44.40,100.00,100.00
2026-05-15T21:18:25.610963,50.00,50.00,100.00,100.00
2026-05-15T21:18:25.716798,44.40,44.40,100.00,100.00
2026-05-15T21:18:25.821651,55.60,44.40,100.00,100.00
2026-05-15T21:18:25.924741,60.00,55.60,100.00,100.00
2026-05-15T21:18:26.030497,57.10,42.90,100.00,100.00
2026-05-15T21:18:26.133672,50.00,60.00,100.00,100.00
2026-05-15T21:18:26.237008,55.60,42.90,100.00,100.00
2026-05-15T21:18:26.340556,55.60,60.00,100.00,100.00
2026-05-15T21:18:26.443400,50.00,60.00,100.00,100.00
2026-05-15T21:18:26.545863,50.00,44.40,100.00,100.00
2026-05-15T21:18:26.649036,44.40,44.40,100.00,100.00
2026-05-15T21:18:26.752167,55.60,50.00,100.00,100.00
2026-05-15T21:18:26.855305,57.10,55.60,100.00,100.00
2026-05-15T21:18:26.957805,55.60,50.00,100.00,100.00
2026-05-15T21:18:27.061702,60.00,50.00,100.00,100.00
2026-05-15T21:18:27.164959,50.00,54.50,100.00,100.00
2026-05-15T21:18:27.267802,55.60,33.30,100.00,100.00
2026-05-15T21:18:27.370431,44.40,50.00,100.00,100.00
2026-05-15T21:18:27.473554,42.90,50.00,100.00,100.00
2026-05-15T21:18:27.577015,44.40,50.00,100.00,100.00
2026-05-15T21:18:27.680329,66.70,50.00,100.00,100.00
2026-05-15T21:18:27.783023,55.60,57.10,100.00,100.00
2026-05-15T21:18:27.886843,50.00,66.70,100.00,100.00
2026-05-15T21:18:27.991311,50.00,50.00,100.00,100.00
2026-05-15T21:18:28.093946,50.00,37.50,100.00,100.00
2026-05-15T21:18:28.197126,50.00,60.00,100.00,100.00
2026-05-15T21:18:28.299855,50.00,50.00,100.00,100.00
2026-05-15T21:18:28.403010,50.00,55.60,100.00,100.00
2026-05-15T21:18:28.506028,50.00,44.40,100.00,100.00
2026-05-15T21:18:28.609237,50.00,60.00,100.00,100.00
2026-05-15T21:18:28.712664,55.60,50.00,100.00,100.00
2026-05-15T21:18:28.815458,42.90,50.00,100.00,100.00
2026-05-15T21:18:28.918457,55.60,50.00,100.00,100.00
2026-05-15T21:18:29.022213,70.00,55.60,100.00,100.00
2026-05-15T21:18:29.124993,55.60,66.70,100.00,100.00
2026-05-15T21:18:29.228593,62.50,50.00,100.00,100.00
2026-05-15T21:18:29.331453,62.50,55.60,100.00,100.00
2026-05-15T21:18:29.434255,60.00,60.00,100.00,100.00
2026-05-15T21:18:29.537373,62.50,55.60,100.00,100.00
2026-05-15T21:18:29.640312,70.00,55.60,100.00,100.00
2026-05-15T21:18:29.743374,55.60,66.70,100.00,100.00
2026-05-15T21:18:29.846399,62.50,44.40,100.00,100.00
2026-05-15T21:18:29.949273,55.60,57.10,100.00,100.00
2026-05-15T21:18:30.052332,55.60,55.60,100.00,100.00
2026-05-15T21:18:30.155849,50.00,50.00,100.00,100.00
2026-05-15T21:18:30.259451,50.00,33.30,100.00,100.00
2026-05-15T21:18:30.363470,55.60,70.00,100.00,100.00
2026-05-15T21:18:30.467409,66.70,60.00,100.00,100.00
2026-05-15T21:18:30.570345,70.00,70.00,100.00,100.00
2026-05-15T21:18:30.673051,60.00,42.90,100.00,100.00
2026-05-15T21:18:30.775773,50.00,55.60,100.00,100.00
2026-05-15T21:18:30.878470,42.90,50.00,100.00,100.00
2026-05-15T21:18:30.981470,55.60,55.60,100.00,100.00
2026-05-15T21:18:31.085831,55.60,44.40,100.00,100.00
2026-05-15T21:18:31.191894,42.90,55.60,100.00,100.00
2026-05-15T21:18:31.296559,54.50,42.90,100.00,100.00
2026-05-15T21:18:31.399272,62.50,63.60,100.00,100.00
2026-05-15T21:18:31.502661,60.00,70.00,100.00,100.00
2026-05-15T21:18:31.606587,62.50,50.00,100.00,100.00
2026-05-15T21:18:31.709519,54.50,44.40,100.00,100.00
2026-05-15T21:18:31.812825,50.00,55.60,100.00,100.00
2026-05-15T21:18:31.916339,62.50,62.50,100.00,100.00
2026-05-15T21:18:32.018998,50.00,50.00,100.00,100.00
2026-05-15T21:18:32.121662,50.00,55.60,100.00,100.00
2026-05-15T21:18:32.228793,55.60,55.60,100.00,100.00
2026-05-15T21:18:32.331788,55.60,60.00,100.00,100.00
2026-05-15T21:18:32.434589,55.60,50.00,100.00,100.00
2026-05-15T21:18:32.536993,37.50,33.30,100.00,100.00
2026-05-15T21:18:32.639567,25.00,28.60,100.00,100.00
2026-05-15T21:18:32.742324,44.40,25.00,100.00,100.00
2026-05-15T21:18:32.845063,28.60,14.30,100.00,100.00
2026-05-15T21:18:32.947699,14.30,37.50,100.00,100.00
2026-05-15T21:18:33.050731,37.50,25.00,100.00,100.00
2026-05-15T21:18:33.153688,40.00,33.30,100.00,100.00
2026-05-15T21:18:33.256061,28.60,25.00,100.00,100.00
2026-05-15T21:18:33.358509,25.00,37.50,100.00,100.00
2026-05-15T21:18:33.461048,44.40,33.30,100.00,100.00
2026-05-15T21:18:33.564069,37.50,33.30,100.00,100.00
2026-05-15T21:18:33.666852,44.40,37.50,100.00,100.00
2026-05-15T21:18:33.770014,44.40,44.40,100.00,100.00
2026-05-15T21:18:33.873082,44.40,28.60,100.00,100.00
2026-05-15T21:18:33.976476,44.40,44.40,100.00,100.00
2026-05-15T21:18:34.079076,44.40,37.50,100.00,100.00
2026-05-15T21:18:34.181671,44.40,33.30,100.00,100.00
2026-05-15T21:18:34.284200,25.00,25.00,100.00,100.00
2026-05-15T21:18:34.386806,37.50,50.00,100.00,100.00
2026-05-15T21:18:34.489710,25.00,25.00,100.00,100.00
2026-05-15T21:18:34.592861,54.50,37.50,100.00,100.00
2026-05-15T21:18:34.695905,37.50,33.30,100.00,100.00
2026-05-15T21:18:34.798427,28.60,37.50,100.00,100.00
2026-05-15T21:18:34.900947,44.40,50.00,100.00,100.00
2026-05-15T21:18:35.004267,44.40,37.50,100.00,100.00
2026-05-15T21:18:35.107041,37.50,37.50,100.00,100.00
2026-05-15T21:18:35.209982,44.40,40.00,100.00,100.00
2026-05-15T21:18:35.312626,44.40,50.00,100.00,100.00
2026-05-15T21:18:35.415420,44.40,28.60,100.00,100.00
2026-05-15T21:18:35.517933,37.50,40.00,100.00,100.00
2026-05-15T21:18:35.620621,50.00,37.50,100.00,100.00
2026-05-15T21:18:35.723355,44.40,44.40,100.00,100.00
2026-05-15T21:18:35.826038,44.40,16.70,100.00,100.00
2026-05-15T21:18:35.928824,37.50,50.00,100.00,100.00
2026-05-15T21:18:36.032588,37.50,37.50,100.00,100.00
2026-05-15T21:18:36.136033,37.50,33.30,100.00,100.00
2026-05-15T21:18:36.238874,44.40,28.60,100.00,100.00
2026-05-15T21:18:36.341257,37.50,44.40,100.00,100.00
2026-05-15T21:18:36.443784,44.40,33.30,100.00,100.00
2026-05-15T21:18:36.546601,37.50,37.50,100.00,100.00
2026-05-15T21:18:36.649181,40.00,33.30,100.00,100.00
2026-05-15T21:18:36.751723,33.30,50.00,100.00,100.00
2026-05-15T21:18:36.854229,45.50,44.40,100.00,100.00
2026-05-15T21:18:36.956623,50.00,37.50,100.00,100.00
2026-05-15T21:18:37.059089,50.00,44.40,100.00,100.00
2026-05-15T21:18:37.161281,28.60,44.40,100.00,100.00
2026-05-15T21:18:37.264997,54.50,37.50,100.00,100.00
2026-05-15T21:18:37.368722,37.50,40.00,100.00,100.00
2026-05-15T21:18:37.475272,44.40,50.00,100.00,100.00
2026-05-15T21:18:37.621673,78.60,76.90,100.00,100.00
2026-05-15T21:18:37.724679,66.70,70.00,100.00,100.00
2026-05-15T21:18:37.827639,77.80,66.70,100.00,100.00
2026-05-15T21:18:37.932174,70.00,80.00,100.00,100.00
2026-05-15T21:18:38.035978,81.80,80.00,100.00,100.00
2026-05-15T21:18:38.139455,80.00,72.70,100.00,100.00
2026-05-15T21:18:38.243263,75.00,75.00,100.00,100.00
2026-05-15T21:18:38.347853,60.00,80.00,100.00,100.00
2026-05-15T21:18:38.451820,62.50,72.70,100.00,100.00
2026-05-15T21:18:38.554974,66.70,75.00,100.00,100.00
2026-05-15T21:18:38.657675,55.60,72.70,100.00,100.00
2026-05-15T21:18:38.760087,62.50,77.80,100.00,100.00
2026-05-15T21:18:38.863949,70.00,66.70,100.00,100.00
2026-05-15T21:18:38.968645,66.70,70.00,100.00,100.00
2026-05-15T21:18:39.071393,63.60,72.70,100.00,100.00
2026-05-15T21:18:39.174413,66.70,75.00,100.00,100.00
2026-05-15T21:18:39.278841,62.50,70.00,100.00,100.00
2026-05-15T21:18:39.382061,80.00,77.80,100.00,100.00
2026-05-15T21:18:39.485781,77.80,72.70,100.00,100.00
2026-05-15T21:18:39.590366,80.00,77.80,100.00,100.00
2026-05-15T21:18:39.693615,66.70,70.00,100.00,100.00
2026-05-15T21:18:39.796595,66.70,77.80,100.00,100.00
2026-05-15T21:18:39.899531,66.70,70.00,100.00,100.00
2026-05-15T21:18:40.002537,66.70,72.70,100.00,100.00
2026-05-15T21:18:40.105335,66.70,75.00,100.00,100.00
2026-05-15T21:18:40.208526,66.70,72.70,100.00,100.00
2026-05-15T21:18:40.311847,70.00,70.00,100.00,100.00
2026-05-15T21:18:40.414443,62.50,66.70,100.00,100.00
2026-05-15T21:18:40.516996,62.50,77.80,100.00,100.00
2026-05-15T21:18:40.620130,70.00,70.00,100.00,100.00
2026-05-15T21:18:40.724640,55.60,80.00,100.00,100.00
2026-05-15T21:18:40.828635,62.50,70.00,100.00,100.00
2026-05-15T21:18:40.931339,75.00,77.80,100.00,100.00
2026-05-15T21:18:41.034598,70.00,80.00,100.00,100.00
2026-05-15T21:18:41.137727,80.00,80.00,100.00,100.00
2026-05-15T21:18:41.243107,66.70,81.80,100.00,100.00
2026-05-15T21:18:41.347781,70.00,90.00,100.00,100.00
2026-05-15T21:18:41.451381,70.00,77.80,100.00,100.00
2026-05-15T21:18:41.554663,66.70,81.80,100.00,100.00
2026-05-15T21:18:41.657853,66.70,72.70,100.00,100.00
2026-05-15T21:18:41.760621,70.00,75.00,100.00,100.00
2026-05-15T21:18:41.865144,70.00,70.00,100.00,100.00
2026-05-15T21:18:41.969188,77.80,80.00,100.00,100.00
2026-05-15T21:18:42.071917,70.00,77.80,100.00,100.00
2026-05-15T21:18:42.175286,62.50,70.00,100.00,100.00
2026-05-15T21:18:42.278099,66.70,62.50,100.00,100.00
2026-05-15T21:18:42.381863,62.50,72.70,100.00,100.00
2026-05-15T21:18:42.485383,70.00,77.80,100.00,100.00
2026-05-15T21:18:42.589736,62.50,80.00,100.00,100.00
2026-05-15T21:18:42.692405,66.70,88.90,100.00,100.00
2026-05-15T21:18:42.795257,62.50,80.00,100.00,100.00
2026-05-15T21:18:42.898921,77.80,90.90,100.00,100.00
2026-05-15T21:18:43.003002,70.00,80.00,100.00,100.00
2026-05-15T21:18:43.106614,70.00,81.80,100.00,100.00
2026-05-15T21:18:43.209161,66.70,81.80,100.00,100.00
2026-05-15T21:18:43.314882,70.00,88.90,100.00,100.00
2026-05-15T21:18:43.418049,66.70,77.80,100.00,100.00
2026-05-15T21:18:43.522791,70.00,83.30,100.00,100.00
2026-05-15T21:18:43.626117,57.10,81.80,100.00,100.00
2026-05-15T21:18:43.729363,66.70,81.80,100.00,100.00
2026-05-15T21:18:43.832591,80.00,88.90,100.00,100.00
2026-05-15T21:18:43.937653,66.70,80.00,100.00,100.00
2026-05-15T21:18:44.041818,66.70,90.00,100.00,100.00
2026-05-15T21:18:44.144435,70.00,81.80,100.00,100.00
2026-05-15T21:18:44.248686,66.70,80.00,100.00,100.00
2026-05-15T21:18:44.351728,66.70,80.00,100.00,100.00
2026-05-15T21:18:44.454779,77.80,80.00,100.00,100.00
2026-05-15T21:18:44.557501,77.80,77.80,100.00,100.00
2026-05-15T21:18:44.660363,72.70,70.00,100.00,100.00
2026-05-15T21:18:44.763270,77.80,77.80,100.00,100.00
2026-05-15T21:18:44.867887,66.70,75.00,100.00,100.00
2026-05-15T21:18:44.971404,80.00,72.70,100.00,100.00
2026-05-15T21:18:45.074032,80.00,90.00,100.00,100.00
2026-05-15T21:18:45.176705,66.70,70.00,100.00,100.00
2026-05-15T21:18:45.279223,77.80,80.00,100.00,100.00
2026-05-15T21:18:45.383413,77.80,81.80,100.00,100.00
2026-05-15T21:18:45.487853,66.70,88.90,100.00,100.00
2026-05-15T21:18:45.590635,62.50,80.00,100.00,100.00
2026-05-15T21:18:45.694084,66.70,90.90,100.00,100.00
2026-05-15T21:18:45.796815,80.00,90.00,100.00,100.00
2026-05-15T21:18:45.901398,77.80,88.90,100.00,100.00
2026-05-15T21:18:46.005701,80.00,90.00,100.00,100.00
2026-05-15T21:18:46.108813,77.80,81.80,100.00,100.00
2026-05-15T21:18:46.211287,80.00,90.00,100.00,100.00
2026-05-15T21:18:46.314065,75.00,90.00,100.00,100.00
2026-05-15T21:18:46.418585,70.00,80.00,100.00,100.00
2026-05-15T21:18:46.522482,80.00,77.80,100.00,100.00
2026-05-15T21:18:46.625184,77.80,72.70,100.00,100.00
2026-05-15T21:18:46.728184,77.80,87.50,100.00,100.00
2026-05-15T21:18:46.830812,66.70,81.80,100.00,100.00
2026-05-15T21:18:46.934049,75.00,66.70,100.00,100.00
2026-05-15T21:18:47.037735,81.80,77.80,100.00,100.00
2026-05-15T21:18:47.140323,77.80,91.70,100.00,100.00
2026-05-15T21:18:47.244413,80.00,77.80,100.00,100.00
2026-05-15T21:18:47.347308,80.00,90.00,100.00,100.00
2026-05-15T21:18:47.450219,66.70,90.00,100.00,100.00
2026-05-15T21:18:47.553388,62.50,70.00,100.00,100.00
2026-05-15T21:18:47.656092,70.00,66.70,100.00,100.00
2026-05-15T21:18:47.758938,60.00,63.60,100.00,100.00
2026-05-15T21:18:47.862627,66.70,62.50,100.00,100.00
2026-05-15T21:18:47.966347,55.60,80.00,100.00,100.00
2026-05-15T21:18:48.069235,62.50,60.00,100.00,100.00
2026-05-15T21:18:48.172429,66.70,70.00,100.00,100.00
2026-05-15T21:18:48.275228,66.70,66.70,100.00,100.00
2026-05-15T21:18:48.379274,66.70,66.70,100.00,100.00
2026-05-15T21:18:48.482471,66.70,62.50,100.00,100.00
2026-05-15T21:18:48.585722,70.00,72.70,100.00,100.00
2026-05-15T21:18:48.689058,62.50,60.00,100.00,100.00
2026-05-15T21:18:48.791959,55.60,62.50,100.00,100.00
2026-05-15T21:18:48.894921,50.00,55.60,100.00,100.00
2026-05-15T21:18:48.997902,50.00,55.60,100.00,100.00
2026-05-15T21:18:49.100756,55.60,55.60,100.00,100.00
2026-05-15T21:18:49.203423,42.90,62.50,100.00,100.00
2026-05-15T21:18:49.307276,77.80,70.00,100.00,100.00
2026-05-15T21:18:49.410066,60.00,70.00,100.00,100.00
2026-05-15T21:18:49.514542,57.10,66.70,100.00,100.00
2026-05-15T21:18:49.617996,55.60,66.70,100.00,100.00
2026-05-15T21:18:49.720875,66.70,70.00,100.00,100.00
2026-05-15T21:18:49.825272,60.00,66.70,100.00,100.00
2026-05-15T21:18:49.928805,55.60,55.60,100.00,100.00
2026-05-15T21:18:50.032017,60.00,50.00,100.00,100.00
2026-05-15T21:18:50.135742,62.50,70.00,100.00,100.00
2026-05-15T21:18:50.238702,66.70,66.70,100.00,100.00
2026-05-15T21:18:50.342340,62.50,70.00,100.00,100.00
2026-05-15T21:18:50.445305,66.70,70.00,100.00,100.00
2026-05-15T21:18:50.549261,60.00,66.70,100.00,100.00
2026-05-15T21:18:50.653731,50.00,66.70,100.00,100.00
2026-05-15T21:18:50.756689,62.50,62.50,100.00,100.00
2026-05-15T21:18:50.859141,55.60,60.00,100.00,100.00
2026-05-15T21:18:50.962570,55.60,62.50,100.00,100.00
2026-05-15T21:18:51.066594,50.00,60.00,100.00,100.00
2026-05-15T21:18:51.169611,70.00,62.50,100.00,100.00
2026-05-15T21:18:51.272984,62.50,80.00,100.00,100.00
2026-05-15T21:18:51.377360,70.00,70.00,100.00,100.00
2026-05-15T21:18:51.480933,62.50,66.70,100.00,100.00
2026-05-15T21:18:51.584698,63.60,66.70,100.00,100.00
2026-05-15T21:18:51.690480,70.00,72.70,100.00,100.00
2026-05-15T21:18:51.794085,75.00,72.70,100.00,100.00
2026-05-15T21:18:51.902232,70.00,62.50,100.00,100.00
2026-05-15T21:18:52.007752,66.70,60.00,100.00,100.00
2026-05-15T21:18:52.118685,63.60,66.70,100.00,100.00
2026-05-15T21:18:52.221807,62.50,66.70,100.00,100.00
2026-05-15T21:18:52.328990,62.50,70.00,100.00,100.00
2026-05-15T21:18:52.432487,63.60,63.60,100.00,100.00
2026-05-15T21:18:52.536572,57.10,66.70,100.00,100.00
2026-05-15T21:18:52.639149,63.60,55.60,100.00,100.00
2026-05-15T21:18:52.742051,50.00,62.50,100.00,100.00
2026-05-15T21:18:52.845221,57.10,70.00,100.00,100.00
2026-05-15T21:18:52.948229,55.60,66.70,100.00,100.00
2026-05-15T21:18:53.050901,60.00,63.60,100.00,100.00
2026-05-15T21:18:53.153850,50.00,70.00,100.00,100.00
2026-05-15T21:18:53.257535,70.00,66.70,100.00,100.00
2026-05-15T21:18:53.360189,50.00,62.50,100.00,100.00
2026-05-15T21:18:53.463382,50.00,70.00,100.00,100.00
2026-05-15T21:18:53.566011,55.60,55.60,100.00,100.00
2026-05-15T21:18:53.669242,50.00,55.60,100.00,100.00
2026-05-15T21:18:53.772202,50.00,60.00,100.00,100.00
2026-05-15T21:18:53.875198,50.00,62.50,100.00,100.00
2026-05-15T21:18:53.977779,55.60,50.00,100.00,100.00
2026-05-15T21:18:54.080570,42.90,55.60,100.00,100.00
2026-05-15T21:18:54.183043,50.00,55.60,100.00,100.00
2026-05-15T21:18:54.286475,66.70,55.60,100.00,100.00
2026-05-15T21:18:54.389297,50.00,50.00,100.00,100.00
2026-05-15T21:18:54.492448,55.60,55.60,100.00,100.00
2026-05-15T21:18:54.595229,55.60,50.00,100.00,100.00
2026-05-15T21:18:54.697981,50.00,55.60,100.00,100.00
2026-05-15T21:18:54.800870,66.70,62.50,100.00,100.00
2026-05-15T21:18:54.903754,55.60,66.70,100.00,100.00
2026-05-15T21:18:55.007792,55.60,70.00,100.00,100.00
2026-05-15T21:18:55.111287,60.00,60.00,100.00,100.00
2026-05-15T21:18:55.214012,50.00,50.00,100.00,100.00
2026-05-15T21:18:55.317463,60.00,66.70,100.00,100.00
2026-05-15T21:18:55.420827,62.50,60.00,100.00,100.00
2026-05-15T21:18:55.524300,55.60,66.70,100.00,100.00
2026-05-15T21:18:55.627418,70.00,66.70,100.00,100.00
2026-05-15T21:18:55.730265,50.00,70.00,100.00,100.00
2026-05-15T21:18:55.833286,60.00,66.70,100.00,100.00
2026-05-15T21:18:55.937407,57.10,70.00,100.00,100.00
2026-05-15T21:18:56.041381,60.00,55.60,100.00,100.00
2026-05-15T21:18:56.145512,66.70,66.70,100.00,100.00
2026-05-15T21:18:56.248203,55.60,66.70,100.00,100.00
2026-05-15T21:18:56.351630,57.10,55.60,100.00,100.00
2026-05-15T21:18:56.454473,55.60,50.00,100.00,100.00
2026-05-15T21:18:56.557038,37.50,62.50,100.00,100.00
2026-05-15T21:18:56.661615,60.00,55.60,100.00,100.00
2026-05-15T21:18:56.764786,50.00,57.10,100.00,100.00
2026-05-15T21:18:56.867390,60.00,63.60,100.00,100.00
2026-05-15T21:18:56.970230,66.70,66.70,100.00,100.00
2026-05-15T21:18:57.072934,55.60,66.70,100.00,100.00
2026-05-15T21:18:57.176166,63.60,60.00,100.00,100.00
2026-05-15T21:18:57.279064,66.70,62.50,100.00,100.00
2026-05-15T21:18:57.382693,50.00,50.00,100.00,100.00
2026-05-15T21:18:57.486676,70.00,77.80,100.00,100.00
2026-05-15T21:18:57.589144,90.00,100.00,100.00,100.00
2026-05-15T21:18:57.692411,100.00,100.00,100.00,100.00
2026-05-15T21:18:57.795755,88.90,88.90,100.00,100.00
2026-05-15T21:18:57.902506,91.70,100.00,100.00,100.00
2026-05-15T21:18:58.005184,88.90,100.00,100.00,100.00
2026-05-15T21:18:58.108143,100.00,100.00,100.00,100.00
2026-05-15T21:18:58.214048,88.90,100.00,100.00,100.00
2026-05-15T21:18:58.316887,90.00,90.00,100.00,100.00
2026-05-15T21:18:58.420086,90.00,100.00,100.00,100.00
2026-05-15T21:18:58.522922,90.00,100.00,100.00,100.00
2026-05-15T21:18:58.625618,80.00,100.00,100.00,100.00
2026-05-15T21:18:58.729247,100.00,100.00,100.00,100.00
2026-05-15T21:18:58.832179,90.00,100.00,100.00,100.00
2026-05-15T21:18:58.937441,77.80,90.90,100.00,100.00
2026-05-15T21:18:59.042420,100.00,100.00,100.00,100.00
2026-05-15T21:18:59.145705,90.00,100.00,100.00,100.00
2026-05-15T21:18:59.248605,100.00,100.00,100.00,100.00
2026-05-15T21:18:59.352107,100.00,100.00,100.00,100.00
2026-05-15T21:18:59.454668,90.90,100.00,100.00,100.00
2026-05-15T21:18:59.557654,100.00,100.00,100.00,100.00
2026-05-15T21:18:59.660279,90.00,90.90,100.00,100.00
2026-05-15T21:18:59.762996,100.00,100.00,100.00,100.00
2026-05-15T21:18:59.865692,90.90,100.00,100.00,100.00
2026-05-15T21:18:59.969554,100.00,100.00,100.00,100.00
2026-05-15T21:19:00.075007,100.00,100.00,100.00,100.00
2026-05-15T21:19:00.179165,100.00,100.00,100.00,100.00
2026-05-15T21:19:00.282172,100.00,100.00,100.00,100.00
2026-05-15T21:19:00.386857,100.00,100.00,100.00,100.00
2026-05-15T21:19:00.491776,100.00,100.00,100.00,100.00
2026-05-15T21:19:00.595330,100.00,100.00,100.00,100.00
2026-05-15T21:19:00.699796,100.00,100.00,100.00,100.00
2026-05-15T21:19:00.803736,100.00,91.70,100.00,100.00
2026-05-15T21:19:00.908539,100.00,100.00,100.00,100.00
2026-05-15T21:19:01.011660,100.00,100.00,100.00,100.00
2026-05-15T21:19:01.117573,100.00,100.00,100.00,100.00
2026-05-15T21:19:01.220437,90.90,100.00,100.00,100.00
2026-05-15T21:19:01.323164,100.00,100.00,100.00,100.00
2026-05-15T21:19:01.426280,100.00,100.00,100.00,100.00
2026-05-15T21:19:01.530099,100.00,100.00,100.00,100.00
2026-05-15T21:19:01.633373,100.00,100.00,100.00,100.00
2026-05-15T21:19:01.736649,100.00,100.00,100.00,100.00
2026-05-15T21:19:01.841430,100.00,100.00,100.00,100.00
2026-05-15T21:19:01.944268,100.00,100.00,100.00,100.00
2026-05-15T21:19:02.050195,100.00,100.00,100.00,100.00
2026-05-15T21:19:02.155783,100.00,100.00,100.00,100.00
2026-05-15T21:19:02.259824,100.00,100.00,100.00,100.00
2026-05-15T21:19:02.363674,88.90,100.00,100.00,100.00
2026-05-15T21:19:02.466599,100.00,90.00,100.00,100.00
2026-05-15T21:19:02.594340,42.90,35.70,100.00,100.00
2026-05-15T21:19:02.696505,20.00,18.20,100.00,100.00
2026-05-15T21:19:02.798673,18.20,18.20,100.00,100.00
2026-05-15T21:19:02.900813,20.00,20.00,100.00,100.00
2026-05-15T21:19:03.003046,25.00,18.20,100.00,100.00
2026-05-15T21:19:03.105575,27.30,10.00,100.00,100.00
2026-05-15T21:19:03.207810,10.00,33.30,100.00,100.00
2026-05-15T21:19:03.310101,33.30,18.20,100.00,100.00
2026-05-15T21:19:03.412005,20.00,18.20,100.00,100.00
2026-05-15T21:19:03.514443,18.20,11.10,100.00,100.00
2026-05-15T21:19:03.617112,25.00,18.20,100.00,100.00
2026-05-15T21:19:03.719557,10.00,25.00,100.00,100.00
2026-05-15T21:19:03.821714,27.30,20.00,100.00,100.00
2026-05-15T21:19:03.923879,18.20,18.20,100.00,100.00
2026-05-15T21:19:04.026081,30.80,11.10,100.00,100.00
2026-05-15T21:19:04.128393,20.00,18.20,100.00,100.00
2026-05-15T21:19:04.230632,18.20,25.00,100.00,100.00
2026-05-15T21:19:04.332906,25.00,11.10,100.00,100.00
2026-05-15T21:19:04.435174,25.00,10.00,100.00,100.00
2026-05-15T21:19:04.537613,20.00,25.00,100.00,100.00
2026-05-15T21:19:04.639863,25.00,11.10,100.00,100.00
2026-05-15T21:19:04.742210,27.30,25.00,100.00,100.00
2026-05-15T21:19:04.844454,10.00,11.10,100.00,100.00
2026-05-15T21:19:04.946862,25.00,18.20,100.00,100.00
2026-05-15T21:19:05.049169,18.20,20.00,100.00,100.00
2026-05-15T21:19:05.151498,10.00,25.00,100.00,100.00
2026-05-15T21:19:05.253655,27.30,20.00,100.00,100.00
2026-05-15T21:19:05.355864,25.00,10.00,100.00,100.00
2026-05-15T21:19:05.458038,18.20,27.30,100.00,100.00
2026-05-15T21:19:05.560228,27.30,10.00,100.00,100.00
2026-05-15T21:19:05.662310,10.00,20.00,100.00,100.00
2026-05-15T21:19:05.764432,25.00,18.20,100.00,100.00
2026-05-15T21:19:05.866628,25.00,27.30,100.00,100.00
2026-05-15T21:19:05.968808,33.30,20.00,100.00,100.00
2026-05-15T21:19:06.071220,18.20,18.20,100.00,100.00
2026-05-15T21:19:06.173558,20.00,18.20,100.00,100.00
2026-05-15T21:19:06.275801,18.20,20.00,100.00,100.00
2026-05-15T21:19:06.377984,27.30,10.00,100.00,100.00
2026-05-15T21:19:06.480053,30.80,25.00,100.00,100.00
2026-05-15T21:19:06.582264,10.00,11.10,100.00,100.00
2026-05-15T21:19:06.684620,20.00,18.20,100.00,100.00
2026-05-15T21:19:06.786825,25.00,20.00,100.00,100.00
2026-05-15T21:19:06.889063,18.20,18.20,100.00,100.00
2026-05-15T21:19:06.991434,20.00,25.00,100.00,100.00
2026-05-15T21:19:07.093623,30.80,11.10,100.00,100.00
2026-05-15T21:19:07.195814,18.20,18.20,100.00,100.00
2026-05-15T21:19:07.298035,27.30,27.30,100.00,100.00
2026-05-15T21:19:07.400342,18.20,10.00,100.00,100.00
2026-05-15T21:19:07.502713,20.00,27.30,100.00,100.00
2026-05-15T21:19:07.605045,20.00,0.00,100.00,100.00
2026-05-15T21:19:07.707446,30.00,30.00,100.00,100.00
2026-05-15T21:19:07.809784,11.10,20.00,100.00,100.00
2026-05-15T21:19:07.912031,36.40,20.00,100.00,100.00
2026-05-15T21:19:08.014513,27.30,22.20,100.00,100.00
2026-05-15T21:19:08.117073,20.00,20.00,100.00,100.00
2026-05-15T21:19:08.219559,30.00,22.20,100.00,100.00
2026-05-15T21:19:08.321998,20.00,20.00,100.00,100.00
2026-05-15T21:19:08.424348,0.00,20.00,100.00,100.00
2026-05-15T21:19:08.526611,36.40,20.00,100.00,100.00
2026-05-15T21:19:08.629319,27.30,0.00,100.00,100.00
2026-05-15T21:19:08.731677,27.30,27.30,100.00,100.00
2026-05-15T21:19:08.834031,20.00,22.20,100.00,100.00
2026-05-15T21:19:08.936364,22.20,20.00,100.00,100.00
2026-05-15T21:19:09.039031,27.30,27.30,100.00,100.00
2026-05-15T21:19:09.141534,27.30,22.20,100.00,100.00
2026-05-15T21:19:09.243989,30.00,20.00,100.00,100.00
2026-05-15T21:19:09.346373,20.00,20.00,100.00,100.00
2026-05-15T21:19:09.448893,36.40,30.00,100.00,100.00
2026-05-15T21:19:09.551451,20.00,11.10,100.00,100.00
2026-05-15T21:19:09.653796,22.20,30.00,100.00,100.00
2026-05-15T21:19:09.756549,36.40,27.30,100.00,100.00
2026-05-15T21:19:09.859317,30.00,22.20,100.00,100.00
2026-05-15T21:19:09.961698,20.00,12.50,100.00,100.00
2026-05-15T21:19:10.064456,22.20,20.00,100.00,100.00
2026-05-15T21:19:10.166791,30.00,30.00,100.00,100.00
2026-05-15T21:19:10.269619,22.20,11.10,100.00,100.00
2026-05-15T21:19:10.372396,20.00,22.20,100.00,100.00
2026-05-15T21:19:10.475396,30.00,20.00,100.00,100.00
2026-05-15T21:19:10.577907,22.20,22.20,100.00,100.00
2026-05-15T21:19:10.680587,22.20,20.00,100.00,100.00
2026-05-15T21:19:10.782995,20.00,22.20,100.00,100.00
2026-05-15T21:19:10.885485,22.20,11.10,100.00,100.00
2026-05-15T21:19:10.987911,20.00,22.20,100.00,100.00
2026-05-15T21:19:11.090043,36.40,11.10,100.00,100.00
2026-05-15T21:19:11.192040,27.30,20.00,100.00,100.00
2026-05-15T21:19:11.294616,22.20,22.20,100.00,100.00
2026-05-15T21:19:11.398205,11.10,22.20,100.00,100.00
2026-05-15T21:19:11.501091,36.40,11.10,100.00,100.00
2026-05-15T21:19:11.603687,12.50,30.00,100.00,100.00
2026-05-15T21:19:11.706406,36.40,27.30,100.00,100.00
2026-05-15T21:19:11.808847,20.00,0.00,100.00,100.00
2026-05-15T21:19:11.911431,30.00,30.00,100.00,100.00
2026-05-15T21:19:12.014202,22.20,20.00,100.00,100.00
2026-05-15T21:19:12.116500,22.20,12.50,100.00,100.00
2026-05-15T21:19:12.218913,27.30,20.00,100.00,100.00
2026-05-15T21:19:12.321422,12.50,12.50,100.00,100.00
2026-05-15T21:19:12.423840,20.00,22.20,100.00,100.00
2026-05-15T21:19:12.526383,38.50,27.30,100.00,100.00
2026-05-15T21:19:12.628637,20.00,20.00,100.00,100.00
2026-05-15T21:19:12.731002,27.30,20.00,100.00,100.00
2026-05-15T21:19:12.833685,27.30,18.20,100.00,100.00
2026-05-15T21:19:12.936368,20.00,20.00,100.00,100.00
2026-05-15T21:19:13.038570,30.80,20.00,100.00,100.00
2026-05-15T21:19:13.140875,20.00,27.30,100.00,100.00
2026-05-15T21:19:13.243046,20.00,20.00,100.00,100.00
2026-05-15T21:19:13.345273,27.30,25.00,100.00,100.00
2026-05-15T21:19:13.447582,25.00,11.10,100.00,100.00
2026-05-15T21:19:13.549946,11.10,18.20,100.00,100.00
2026-05-15T21:19:13.652415,25.00,20.00,100.00,100.00
2026-05-15T21:19:13.754703,22.20,20.00,100.00,100.00
2026-05-15T21:19:13.856829,25.00,20.00,100.00,100.00
2026-05-15T21:19:13.958931,18.20,18.20,100.00,100.00
2026-05-15T21:19:14.061031,27.30,20.00,100.00,100.00
2026-05-15T21:19:14.163461,20.00,20.00,100.00,100.00
2026-05-15T21:19:14.266202,25.00,18.20,100.00,100.00
2026-05-15T21:19:14.368539,20.00,11.10,100.00,100.00
2026-05-15T21:19:14.470921,30.80,18.20,100.00,100.00
2026-05-15T21:19:14.573355,27.30,11.10,100.00,100.00
2026-05-15T21:19:14.675578,11.10,18.20,100.00,100.00
2026-05-15T21:19:14.777788,27.30,35.70,100.00,100.00
2026-05-15T21:19:14.879992,25.00,0.00,100.00,100.00
2026-05-15T21:19:14.982306,20.00,11.10,100.00,100.00
2026-05-15T21:19:15.084781,27.30,25.00,100.00,100.00
2026-05-15T21:19:15.186961,27.30,11.10,100.00,100.00
2026-05-15T21:19:15.289278,18.20,27.30,100.00,100.00
2026-05-15T21:19:15.391564,27.30,10.00,100.00,100.00
2026-05-15T21:19:15.493644,20.00,36.40,100.00,100.00
2026-05-15T21:19:15.595717,18.20,10.00,100.00,100.00
2026-05-15T21:19:15.697868,27.30,27.30,100.00,100.00
2026-05-15T21:19:15.800403,27.30,10.00,100.00,100.00
2026-05-15T21:19:15.902866,20.00,27.30,100.00,100.00
2026-05-15T21:19:16.005257,27.30,27.30,100.00,100.00
2026-05-15T21:19:16.107548,27.30,20.00,100.00,100.00
2026-05-15T21:19:16.209967,25.00,18.20,100.00,100.00
2026-05-15T21:19:16.312454,20.00,20.00,100.00,100.00
2026-05-15T21:19:16.414779,25.00,20.00,100.00,100.00
2026-05-15T21:19:16.517071,27.30,18.20,100.00,100.00
2026-05-15T21:19:16.619526,10.00,20.00,100.00,100.00
2026-05-15T21:19:16.722041,27.30,27.30,100.00,100.00
2026-05-15T21:19:16.824687,27.30,0.00,100.00,100.00
2026-05-15T21:19:16.927475,18.20,30.80,100.00,100.00
2026-05-15T21:19:17.029956,27.30,20.00,100.00,100.00
2026-05-15T21:19:17.132436,27.30,20.00,100.00,100.00
2026-05-15T21:19:17.234895,20.00,20.00,100.00,100.00
2026-05-15T21:19:17.337374,27.30,10.00,100.00,100.00
2026-05-15T21:19:17.439395,25.00,20.00,100.00,100.00
2026-05-15T21:19:17.541601,0.00,9.10,100.00,100.00
2026-05-15T21:19:17.643785,9.10,0.00,100.00,100.00
2026-05-15T21:19:17.745934,0.00,0.00,100.00,100.00
2026-05-15T21:19:17.848036,9.10,0.00,100.00,100.00
2026-05-15T21:19:17.950137,9.10,9.10,100.00,100.00
2026-05-15T21:19:18.052198,0.00,0.00,100.00,100.00
2026-05-15T21:19:18.154205,0.00,0.00,100.00,100.00
2026-05-15T21:19:18.256254,0.00,0.00,100.00,100.00
2026-05-15T21:19:18.358079,9.10,9.10,100.00,100.00
2026-05-15T21:19:18.459927,0.00,0.00,100.00,100.00
2026-05-15T21:19:18.577890,0.00,16.70,100.00,100.00
2026-05-15T21:19:18.946033,42.10,35.10,100.00,100.00
2026-05-15T21:19:19.049455,9.10,0.00,100.00,100.00
2026-05-15T21:19:19.153678,20.00,22.20,100.00,100.00
2026-05-15T21:19:19.256925,36.40,50.00,100.00,100.00
2026-05-15T21:19:19.360404,0.00,9.10,100.00,100.00
2026-05-15T21:19:19.464717,18.20,11.10,100.00,100.00
2026-05-15T21:19:19.568353,33.30,60.00,100.00,100.00
2026-05-15T21:19:19.671844,10.00,0.00,100.00,100.00
2026-05-15T21:19:19.775211,10.00,10.00,100.00,100.00
2026-05-15T21:19:19.879115,9.10,9.10,100.00,100.00
2026-05-15T21:19:19.982947,0.00,9.10,100.00,100.00
2026-05-15T21:19:20.086952,10.00,0.00,100.00,100.00
2026-05-15T21:19:20.190299,9.10,10.00,100.00,100.00
2026-05-15T21:19:20.294359,30.00,60.00,100.00,100.00
2026-05-15T21:19:20.398188,0.00,10.00,100.00,100.00
2026-05-15T21:19:20.501963,10.00,18.20,100.00,100.00
2026-05-15T21:19:20.605391,9.10,0.00,100.00,100.00
2026-05-15T21:19:20.711395,30.00,50.00,100.00,100.00
2026-05-15T21:19:20.815129,20.00,27.30,100.00,100.00
2026-05-15T21:19:20.918889,16.70,0.00,100.00,100.00
2026-05-15T21:19:21.022957,20.00,22.20,100.00,100.00
2026-05-15T21:19:21.126749,11.10,40.00,100.00,100.00
2026-05-15T21:19:21.229938,18.20,18.20,100.00,100.00
2026-05-15T21:19:21.333130,0.00,9.10,100.00,100.00
2026-05-15T21:19:21.437002,20.00,33.30,100.00,100.00
2026-05-15T21:19:21.540238,18.20,36.40,100.00,100.00
2026-05-15T21:19:21.643543,10.00,10.00,100.00,100.00
2026-05-15T21:19:21.747414,20.00,60.00,100.00,100.00
2026-05-15T21:19:21.850569,18.20,9.10,100.00,100.00
