timestamp,core0,core1,core2,core3
2026-05-15T23:12:51.625900,25.00,0.00,66.70,0.00
2026-05-15T23:12:51.726346,0.00,0.00,0.00,0.00
2026-05-15T23:12:51.826834,9.10,0.00,0.00,0.00
2026-05-15T23:12:51.927286,0.00,0.00,0.00,0.00
2026-05-15T23:12:52.027723,0.00,0.00,0.00,0.00
2026-05-15T23:12:52.128202,0.00,0.00,9.10,0.00
2026-05-15T23:12:52.228676,0.00,0.00,0.00,0.00
2026-05-15T23:12:52.329113,0.00,0.00,0.00,0.00
2026-05-15T23:12:52.429566,0.00,0.00,0.00,0.00
2026-05-15T23:12:52.530051,9.10,16.70,11.10,0.00
2026-05-15T23:12:52.630555,0.00,0.00,0.00,0.00
2026-05-15T23:12:52.731010,0.00,0.00,0.00,9.10
2026-05-15T23:12:52.831511,0.00,0.00,0.00,0.00
2026-05-15T23:12:52.931998,0.00,0.00,0.00,0.00
2026-05-15T23:12:53.032454,0.00,0.00,0.00,0.00
2026-05-15T23:12:53.132970,0.00,0.00,0.00,0.00
2026-05-15T23:12:53.233417,0.00,0.00,0.00,0.00
2026-05-15T23:12:53.333888,0.00,0.00,0.00,0.00
2026-05-15T23:12:53.434340,0.00,0.00,0.00,0.00
2026-05-15T23:12:53.549470,0.00,0.00,7.70,0.00
2026-05-15T23:12:54.860124,6.90,5.40,9.30,9.20
2026-05-15T23:12:54.962218,9.10,0.00,100.00,0.00
2026-05-15T23:12:55.064150,0.00,0.00,100.00,0.00
2026-05-15T23:12:55.166128,9.10,0.00,100.00,0.00
2026-05-15T23:12:55.268404,9.10,9.10,100.00,9.10
2026-05-15T23:12:55.370400,0.00,0.00,100.00,0.00
2026-05-15T23:12:55.472553,0.00,0.00,100.00,0.00
2026-05-15T23:12:55.574465,0.00,0.00,100.00,0.00
2026-05-15T23:12:55.676418,0.00,0.00,100.00,0.00
2026-05-15T23:12:55.778220,0.00,0.00,100.00,16.70
2026-05-15T23:12:55.880137,0.00,0.00,100.00,0.00
2026-05-15T23:12:55.981969,0.00,0.00,100.00,0.00
2026-05-15T23:12:56.083816,0.00,0.00,100.00,0.00
2026-05-15T23:12:56.185804,0.00,0.00,100.00,0.00
2026-05-15T23:12:56.287586,0.00,0.00,100.00,0.00
2026-05-15T23:12:56.389518,0.00,0.00,100.00,9.10
2026-05-15T23:12:56.491336,0.00,0.00,100.00,0.00
2026-05-15T23:12:56.593205,9.10,0.00,100.00,0.00
2026-05-15T23:12:56.695207,0.00,0.00,100.00,0.00
2026-05-15T23:12:56.797174,0.00,0.00,100.00,0.00
2026-05-15T23:12:56.899105,0.00,0.00,100.00,9.10
2026-05-15T23:12:57.000978,16.70,9.10,100.00,0.00
2026-05-15T23:12:57.102965,0.00,0.00,100.00,0.00
2026-05-15T23:12:57.204854,9.10,0.00,100.00,9.10
2026-05-15T23:12:57.306826,0.00,9.10,100.00,0.00
2026-05-15T23:12:57.408906,0.00,0.00,100.00,0.00
2026-05-15T23:12:57.510969,9.10,0.00,100.00,0.00
2026-05-15T23:12:57.612893,0.00,0.00,100.00,0.00
2026-05-15T23:12:57.714784,0.00,0.00,100.00,9.10
2026-05-15T23:12:57.816882,0.00,0.00,100.00,0.00
2026-05-15T23:12:57.918966,0.00,0.00,100.00,0.00
2026-05-15T23:12:58.021002,0.00,0.00,100.00,0.00
2026-05-15T23:12:58.122889,0.00,0.00,100.00,0.00
2026-05-15T23:12:58.224694,0.00,0.00,100.00,0.00
2026-05-15T23:12:58.326500,0.00,0.00,100.00,0.00
2026-05-15T23:12:58.428301,0.00,0.00,100.00,10.00
2026-05-15T23:12:58.530316,0.00,0.00,100.00,0.00
2026-05-15T23:12:58.632303,9.10,0.00,100.00,0.00
2026-05-15T23:12:58.734217,0.00,16.70,100.00,0.00
2026-05-15T23:12:58.836129,0.00,0.00,100.00,9.10
2026-05-15T23:12:58.938129,0.00,0.00,100.00,0.00
2026-05-15T23:12:59.040118,0.00,0.00,100.00,0.00
2026-05-15T23:12:59.142030,0.00,0.00,100.00,0.00
2026-05-15T23:12:59.243908,9.10,0.00,100.00,0.00
2026-05-15T23:12:59.345826,0.00,0.00,100.00,0.00
2026-05-15T23:12:59.447757,0.00,0.00,100.00,9.10
2026-05-15T23:12:59.549686,0.00,0.00,100.00,0.00
2026-05-15T23:12:59.651710,0.00,0.00,100.00,0.00
2026-05-15T23:12:59.753684,9.10,0.00,100.00,0.00
2026-05-15T23:12:59.855532,0.00,0.00,100.00,9.10
2026-05-15T23:12:59.957385,0.00,9.10,100.00,0.00
2026-05-15T23:13:00.059357,0.00,0.00,100.00,0.00
2026-05-15T23:13:00.161302,0.00,0.00,100.00,0.00
2026-05-15T23:13:00.263384,0.00,0.00,100.00,9.10
2026-05-15T23:13:00.365531,18.20,0.00,100.00,0.00
2026-05-15T23:13:00.467660,0.00,0.00,100.00,0.00
2026-05-15T23:13:00.569958,0.00,0.00,100.00,0.00
2026-05-15T23:13:00.672119,9.10,0.00,100.00,0.00
2026-05-15T23:13:00.774210,0.00,9.10,100.00,0.00
2026-05-15T23:13:00.876305,0.00,0.00,100.00,0.00
2026-05-15T23:13:00.978484,0.00,0.00,100.00,0.00
2026-05-15T23:13:01.080819,0.00,0.00,100.00,0.00
2026-05-15T23:13:01.182994,16.70,0.00,100.00,0.00
2026-05-15T23:13:01.285259,0.00,9.10,100.00,9.10
2026-05-15T23:13:01.387214,0.00,0.00,100.00,0.00
2026-05-15T23:13:01.489091,0.00,0.00,100.00,0.00
2026-05-15T23:13:01.591006,0.00,0.00,100.00,0.00
2026-05-15T23:13:01.692968,0.00,0.00,100.00,0.00
2026-05-15T23:13:01.794959,0.00,0.00,100.00,0.00
2026-05-15T23:13:01.897048,0.00,0.00,100.00,0.00
2026-05-15T23:13:01.999056,0.00,0.00,100.00,9.10
2026-05-15T23:13:02.100931,9.10,0.00,100.00,0.00
2026-05-15T23:13:02.203094,0.00,0.00,100.00,0.00
2026-05-15T23:13:02.304983,0.00,0.00,100.00,0.00
2026-05-15T23:13:02.406891,0.00,0.00,100.00,0.00
2026-05-15T23:13:02.508717,0.00,0.00,100.00,0.00
2026-05-15T23:13:02.610501,0.00,0.00,100.00,0.00
2026-05-15T23:13:02.712298,0.00,10.00,100.00,0.00
2026-05-15T23:13:02.814344,0.00,0.00,100.00,0.00
2026-05-15T23:13:02.916503,0.00,0.00,100.00,0.00
2026-05-15T23:13:03.018338,0.00,0.00,100.00,9.10
2026-05-15T23:13:03.120263,0.00,16.70,100.00,0.00
2026-05-15T23:13:03.222554,0.00,0.00,100.00,9.10
2026-05-15T23:13:03.324873,9.10,0.00,100.00,0.00
2026-05-15T23:13:03.426818,9.10,0.00,100.00,0.00
2026-05-15T23:13:03.528826,9.10,0.00,100.00,0.00
2026-05-15T23:13:03.631154,0.00,0.00,100.00,0.00
2026-05-15T23:13:03.733113,0.00,9.10,100.00,0.00
2026-05-15T23:13:03.834925,0.00,0.00,100.00,0.00
2026-05-15T23:13:03.936777,0.00,0.00,100.00,0.00
2026-05-15T23:13:04.038645,0.00,0.00,100.00,0.00
2026-05-15T23:13:04.140591,0.00,0.00,100.00,0.00
2026-05-15T23:13:04.242554,0.00,0.00,100.00,0.00
2026-05-15T23:13:04.344666,0.00,0.00,100.00,0.00
2026-05-15T23:13:04.446871,0.00,0.00,100.00,0.00
2026-05-15T23:13:04.549039,0.00,0.00,100.00,0.00
2026-05-15T23:13:04.651378,0.00,0.00,100.00,0.00
2026-05-15T23:13:04.753452,0.00,0.00,100.00,0.00
2026-05-15T23:13:04.855748,10.00,0.00,100.00,0.00
2026-05-15T23:13:04.957805,11.10,0.00,100.00,0.00
2026-05-15T23:13:05.059966,18.20,10.00,100.00,0.00
2026-05-15T23:13:05.162336,10.00,0.00,100.00,0.00
2026-05-15T23:13:05.264605,11.10,0.00,100.00,0.00
2026-05-15T23:13:05.367048,10.00,10.00,100.00,0.00
2026-05-15T23:13:05.469201,10.00,0.00,100.00,10.00
2026-05-15T23:13:05.571283,10.00,0.00,100.00,0.00
2026-05-15T23:13:05.673422,0.00,0.00,100.00,0.00
2026-05-15T23:13:05.775523,20.00,0.00,100.00,0.00
2026-05-15T23:13:05.877648,10.00,0.00,100.00,0.00
2026-05-15T23:13:05.979722,10.00,12.50,100.00,10.00
2026-05-15T23:13:06.081868,10.00,0.00,100.00,10.00
2026-05-15T23:13:06.184085,18.20,0.00,100.00,9.10
2026-05-15T23:13:06.286134,10.00,0.00,100.00,10.00
2026-05-15T23:13:06.388110,10.00,0.00,100.00,0.00
2026-05-15T23:13:06.490373,11.10,10.00,100.00,0.00
2026-05-15T23:13:06.592542,10.00,0.00,100.00,9.10
2026-05-15T23:13:06.694964,25.00,0.00,100.00,10.00
2026-05-15T23:13:06.797159,10.00,10.00,100.00,0.00
2026-05-15T23:13:06.899132,20.00,0.00,100.00,0.00
2026-05-15T23:13:07.001850,18.20,0.00,100.00,20.00
2026-05-15T23:13:07.104228,10.00,10.00,100.00,0.00
2026-05-15T23:13:07.206538,10.00,0.00,100.00,0.00
2026-05-15T23:13:07.308708,11.10,11.10,100.00,0.00
2026-05-15T23:13:07.410830,10.00,0.00,100.00,0.00
2026-05-15T23:13:07.512987,18.20,0.00,100.00,0.00
2026-05-15T23:13:07.615338,10.00,0.00,100.00,0.00
2026-05-15T23:13:07.717642,11.10,0.00,100.00,0.00
2026-05-15T23:13:07.819661,10.00,0.00,100.00,0.00
2026-05-15T23:13:07.921744,18.20,0.00,100.00,0.00
2026-05-15T23:13:08.023735,10.00,0.00,100.00,0.00
2026-05-15T23:13:08.125711,10.00,0.00,100.00,18.20
2026-05-15T23:13:08.227554,10.00,10.00,100.00,0.00
2026-05-15T23:13:08.329525,18.20,0.00,100.00,0.00
2026-05-15T23:13:08.431611,10.00,0.00,100.00,0.00
2026-05-15T23:13:08.533586,20.00,0.00,100.00,0.00
2026-05-15T23:13:08.635673,10.00,10.00,100.00,0.00
2026-05-15T23:13:08.737654,0.00,0.00,100.00,0.00
2026-05-15T23:13:08.839645,10.00,0.00,100.00,0.00
2026-05-15T23:13:08.941601,0.00,10.00,100.00,0.00
2026-05-15T23:13:09.043522,10.00,0.00,100.00,0.00
2026-05-15T23:13:09.145634,18.20,11.10,100.00,0.00
2026-05-15T23:13:09.247645,11.10,0.00,100.00,10.00
2026-05-15T23:13:09.349740,10.00,0.00,100.00,0.00
2026-05-15T23:13:09.451913,10.00,0.00,100.00,0.00
2026-05-15T23:13:09.553814,10.00,0.00,100.00,0.00
2026-05-15T23:13:09.656127,10.00,0.00,100.00,9.10
2026-05-15T23:13:09.758216,10.00,10.00,100.00,0.00
2026-05-15T23:13:09.860188,18.20,11.10,100.00,0.00
2026-05-15T23:13:09.962186,11.10,0.00,100.00,0.00
2026-05-15T23:13:10.064288,10.00,0.00,100.00,0.00
2026-05-15T23:13:10.166200,0.00,0.00,100.00,0.00
2026-05-15T23:13:10.268285,18.20,0.00,100.00,10.00
2026-05-15T23:13:10.370280,10.00,0.00,100.00,0.00
2026-05-15T23:13:10.472268,0.00,0.00,100.00,0.00
2026-05-15T23:13:10.574302,10.00,10.00,100.00,0.00
2026-05-15T23:13:10.676279,11.10,11.10,100.00,0.00
2026-05-15T23:13:10.778166,10.00,0.00,100.00,0.00
2026-05-15T23:13:10.880246,10.00,0.00,100.00,0.00
2026-05-15T23:13:10.982105,10.00,11.10,100.00,0.00
2026-05-15T23:13:11.084165,10.00,10.00,100.00,0.00
2026-05-15T23:13:11.186134,11.10,0.00,100.00,0.00
2026-05-15T23:13:11.288112,18.20,0.00,100.00,0.00
2026-05-15T23:13:11.390357,10.00,0.00,100.00,0.00
2026-05-15T23:13:11.492461,10.00,11.10,100.00,0.00
2026-05-15T23:13:11.594529,11.10,0.00,100.00,0.00
2026-05-15T23:13:11.696581,10.00,0.00,100.00,0.00
2026-05-15T23:13:11.798799,10.00,11.10,100.00,9.10
2026-05-15T23:13:11.901138,18.20,0.00,100.00,0.00
2026-05-15T23:13:12.003451,0.00,0.00,100.00,0.00
2026-05-15T23:13:12.105605,20.00,0.00,100.00,0.00
2026-05-15T23:13:12.207731,0.00,0.00,100.00,0.00
2026-05-15T23:13:12.310035,10.00,10.00,100.00,0.00
2026-05-15T23:13:12.412226,10.00,0.00,100.00,0.00
2026-05-15T23:13:12.514305,11.10,0.00,100.00,9.10
2026-05-15T23:13:12.616454,10.00,0.00,100.00,0.00
2026-05-15T23:13:12.718474,10.00,0.00,100.00,9.10
2026-05-15T23:13:12.820668,10.00,10.00,100.00,0.00
2026-05-15T23:13:12.922678,11.10,0.00,100.00,0.00
2026-05-15T23:13:13.024495,18.20,0.00,100.00,0.00
2026-05-15T23:13:13.126589,18.20,10.00,100.00,0.00
2026-05-15T23:13:13.228615,18.20,0.00,100.00,0.00
2026-05-15T23:13:13.330544,18.20,0.00,100.00,9.10
2026-05-15T23:13:13.432751,10.00,0.00,100.00,0.00
2026-05-15T23:13:13.534895,27.30,0.00,100.00,0.00
2026-05-15T23:13:13.637347,18.20,0.00,100.00,0.00
2026-05-15T23:13:13.739394,0.00,0.00,100.00,0.00
2026-05-15T23:13:13.841606,10.00,0.00,100.00,0.00
2026-05-15T23:13:13.943960,18.20,10.00,100.00,0.00
2026-05-15T23:13:14.046079,0.00,0.00,100.00,0.00
2026-05-15T23:13:14.148244,10.00,0.00,100.00,9.10
2026-05-15T23:13:14.250520,18.20,0.00,100.00,9.10
2026-05-15T23:13:14.352512,18.20,10.00,100.00,0.00
2026-05-15T23:13:14.454539,18.20,10.00,100.00,0.00
2026-05-15T23:13:14.556660,18.20,0.00,100.00,0.00
2026-05-15T23:13:14.658881,18.20,0.00,100.00,0.00
2026-05-15T23:13:14.760956,20.00,0.00,100.00,0.00
2026-05-15T23:13:14.862913,10.00,10.00,100.00,0.00
2026-05-15T23:13:14.964847,18.20,0.00,100.00,0.00
2026-05-15T23:13:15.066950,18.20,0.00,100.00,10.00
2026-05-15T23:13:15.169055,18.20,0.00,100.00,0.00
2026-05-15T23:13:15.270999,10.00,0.00,100.00,0.00
2026-05-15T23:13:15.373389,10.00,0.00,100.00,0.00
2026-05-15T23:13:15.475553,20.00,11.10,100.00,0.00
2026-05-15T23:13:15.577832,10.00,0.00,100.00,0.00
2026-05-15T23:13:15.679796,25.00,0.00,100.00,0.00
2026-05-15T23:13:15.781869,18.20,0.00,100.00,0.00
2026-05-15T23:13:15.883890,18.20,0.00,100.00,9.10
2026-05-15T23:13:15.985910,18.20,0.00,100.00,0.00
2026-05-15T23:13:16.087876,18.20,0.00,100.00,0.00
2026-05-15T23:13:16.189910,18.20,10.00,100.00,9.10
2026-05-15T23:13:16.291867,18.20,0.00,100.00,0.00
2026-05-15T23:13:16.394001,11.10,0.00,100.00,0.00
2026-05-15T23:13:16.495989,18.20,10.00,100.00,0.00
2026-05-15T23:13:16.597907,18.20,0.00,100.00,9.10
2026-05-15T23:13:16.699943,18.20,10.00,100.00,0.00
2026-05-15T23:13:16.802062,10.00,0.00,100.00,0.00
2026-05-15T23:13:16.903900,10.00,0.00,100.00,9.10
2026-05-15T23:13:17.006050,20.00,0.00,100.00,0.00
2026-05-15T23:13:17.108010,18.20,0.00,100.00,0.00
2026-05-15T23:13:17.210033,10.00,0.00,100.00,0.00
2026-05-15T23:13:17.312214,25.00,0.00,100.00,0.00
2026-05-15T23:13:17.414491,10.00,0.00,100.00,0.00
2026-05-15T23:13:17.516678,11.10,0.00,100.00,0.00
2026-05-15T23:13:17.618986,18.20,10.00,100.00,0.00
2026-05-15T23:13:17.721123,10.00,0.00,100.00,0.00
2026-05-15T23:13:17.823348,18.20,11.10,100.00,0.00
2026-05-15T23:13:17.925543,11.10,0.00,100.00,0.00
2026-05-15T23:13:18.027704,18.20,0.00,100.00,0.00
2026-05-15T23:13:18.130188,0.00,0.00,100.00,0.00
2026-05-15T23:13:18.232143,18.20,0.00,100.00,0.00
2026-05-15T23:13:18.333982,10.00,0.00,100.00,0.00
2026-05-15T23:13:18.436340,11.10,0.00,100.00,0.00
2026-05-15T23:13:18.538314,18.20,0.00,100.00,0.00
2026-05-15T23:13:18.640334,18.20,18.20,100.00,9.10
2026-05-15T23:13:18.742321,18.20,0.00,100.00,0.00
2026-05-15T23:13:18.844526,18.20,0.00,100.00,0.00
2026-05-15T23:13:18.946562,27.30,0.00,100.00,0.00
2026-05-15T23:13:19.048690,18.20,0.00,100.00,0.00
2026-05-15T23:13:19.150722,10.00,0.00,100.00,0.00
2026-05-15T23:13:19.252966,25.00,10.00,100.00,10.00
2026-05-15T23:13:19.354960,10.00,0.00,100.00,0.00
2026-05-15T23:13:19.456865,10.00,0.00,100.00,0.00
2026-05-15T23:13:19.558894,18.20,0.00,100.00,0.00
2026-05-15T23:13:19.661255,27.30,10.00,100.00,0.00
2026-05-15T23:13:19.763706,18.20,11.10,100.00,9.10
2026-05-15T23:13:19.866355,16.70,16.70,100.00,0.00
2026-05-15T23:13:19.968937,33.30,37.50,100.00,0.00
2026-05-15T23:13:20.071875,42.90,33.30,100.00,0.00
2026-05-15T23:13:20.174677,37.50,33.30,100.00,0.00
2026-05-15T23:13:20.277431,20.00,16.70,100.00,10.00
2026-05-15T23:13:20.380685,37.50,42.90,100.00,0.00
2026-05-15T23:13:20.483929,33.30,20.00,100.00,11.10
2026-05-15T23:13:20.586598,37.50,28.60,100.00,0.00
2026-05-15T23:13:20.689533,33.30,20.00,100.00,11.10
2026-05-15T23:13:20.792117,20.00,28.60,100.00,10.00
2026-05-15T23:13:20.894676,37.50,20.00,100.00,0.00
2026-05-15T23:13:20.997662,16.70,16.70,100.00,0.00
2026-05-15T23:13:21.100317,33.30,42.90,100.00,0.00
2026-05-15T23:13:21.203110,28.60,16.70,100.00,0.00
2026-05-15T23:13:21.306163,33.30,33.30,100.00,11.10
2026-05-15T23:13:21.408789,37.50,28.60,100.00,0.00
2026-05-15T23:13:21.511547,33.30,20.00,100.00,10.00
2026-05-15T23:13:21.614288,37.50,28.60,100.00,0.00
2026-05-15T23:13:21.716866,37.50,28.60,100.00,0.00
2026-05-15T23:13:21.819385,20.00,33.30,100.00,11.10
2026-05-15T23:13:21.922317,37.50,20.00,100.00,10.00
2026-05-15T23:13:22.024983,42.90,28.60,100.00,0.00
2026-05-15T23:13:22.127921,16.70,33.30,100.00,0.00
2026-05-15T23:13:22.230582,33.30,28.60,100.00,0.00
2026-05-15T23:13:22.333142,50.00,33.30,100.00,20.00
2026-05-15T23:13:22.436343,28.60,33.30,100.00,10.00
2026-05-15T23:13:22.538965,42.90,44.40,100.00,0.00
2026-05-15T23:13:22.641842,33.30,20.00,100.00,0.00
2026-05-15T23:13:22.744619,33.30,42.90,100.00,11.10
2026-05-15T23:13:22.847435,37.50,33.30,100.00,11.10
2026-05-15T23:13:22.950103,28.60,44.40,100.00,0.00
2026-05-15T23:13:23.052595,33.30,0.00,100.00,10.00
2026-05-15T23:13:23.155180,16.70,50.00,100.00,0.00
2026-05-15T23:13:23.257862,42.90,20.00,100.00,10.00
2026-05-15T23:13:23.360450,37.50,16.70,100.00,11.10
2026-05-15T23:13:23.463295,42.90,50.00,100.00,0.00
2026-05-15T23:13:23.566196,33.30,28.60,100.00,0.00
2026-05-15T23:13:23.669133,28.60,20.00,100.00,10.00
2026-05-15T23:13:23.771791,42.90,28.60,100.00,11.10
2026-05-15T23:13:23.874868,16.70,33.30,100.00,0.00
2026-05-15T23:13:23.977988,28.60,28.60,100.00,10.00
2026-05-15T23:13:24.080662,37.50,20.00,100.00,0.00
2026-05-15T23:13:24.183222,33.30,0.00,100.00,11.10
2026-05-15T23:13:24.285881,28.60,42.90,100.00,0.00
2026-05-15T23:13:24.388690,33.30,20.00,100.00,0.00
2026-05-15T23:13:24.491315,16.70,28.60,100.00,10.00
2026-05-15T23:13:24.593898,37.50,0.00,100.00,0.00
2026-05-15T23:13:24.696687,33.30,42.90,100.00,0.00
2026-05-15T23:13:24.799534,33.30,37.50,100.00,10.00
2026-05-15T23:13:24.902144,42.90,20.00,100.00,11.10
2026-05-15T23:13:25.004664,28.60,33.30,100.00,0.00
2026-05-15T23:13:25.107421,20.00,28.60,100.00,0.00
2026-05-15T23:13:25.209934,42.90,20.00,100.00,10.00
2026-05-15T23:13:25.312861,28.60,50.00,100.00,11.10
2026-05-15T23:13:25.415942,16.70,20.00,100.00,10.00
2026-05-15T23:13:25.518674,42.90,42.90,100.00,0.00
2026-05-15T23:13:25.621425,33.30,33.30,100.00,11.10
2026-05-15T23:13:25.724384,44.40,16.70,100.00,0.00
2026-05-15T23:13:25.827306,20.00,50.00,100.00,0.00
2026-05-15T23:13:25.929841,33.30,28.60,100.00,18.20
2026-05-15T23:13:26.032451,42.90,42.90,100.00,0.00
2026-05-15T23:13:26.135166,33.30,33.30,100.00,11.10
2026-05-15T23:13:26.237670,37.50,20.00,100.00,0.00
2026-05-15T23:13:26.340790,16.70,28.60,100.00,18.20
2026-05-15T23:13:26.443409,33.30,33.30,100.00,0.00
2026-05-15T23:13:26.546092,33.30,28.60,100.00,0.00
2026-05-15T23:13:26.648552,28.60,0.00,100.00,10.00
2026-05-15T23:13:26.751730,33.30,42.90,100.00,11.10
2026-05-15T23:13:26.854600,28.60,16.70,100.00,0.00
2026-05-15T23:13:26.957197,0.00,33.30,100.00,0.00
2026-05-15T23:13:27.059775,42.90,28.60,100.00,0.00
2026-05-15T23:13:27.162567,28.60,42.90,100.00,18.20
2026-05-15T23:13:27.265217,20.00,33.30,100.00,22.20
2026-05-15T23:13:27.367934,42.90,20.00,100.00,0.00
2026-05-15T23:13:27.470620,33.30,28.60,100.00,0.00
2026-05-15T23:13:27.573363,16.70,33.30,100.00,0.00
2026-05-15T23:13:27.676385,28.60,20.00,100.00,10.00
2026-05-15T23:13:27.779204,33.30,44.40,100.00,10.00
2026-05-15T23:13:27.881952,33.30,20.00,100.00,0.00
2026-05-15T23:13:27.984692,37.50,33.30,100.00,0.00
2026-05-15T23:13:28.087484,33.30,16.70,100.00,0.00
2026-05-15T23:13:28.189935,37.50,42.90,100.00,10.00
2026-05-15T23:13:28.293259,16.70,28.60,100.00,11.10
2026-05-15T23:13:28.396477,33.30,20.00,100.00,0.00
2026-05-15T23:13:28.499197,20.00,33.30,100.00,10.00
2026-05-15T23:13:28.601806,28.60,16.70,100.00,0.00
2026-05-15T23:13:28.704222,42.90,33.30,100.00,20.00
2026-05-15T23:13:28.807104,37.50,50.00,100.00,0.00
2026-05-15T23:13:28.909729,33.30,33.30,100.00,0.00
2026-05-15T23:13:29.012473,20.00,28.60,100.00,0.00
2026-05-15T23:13:29.115558,28.60,33.30,100.00,0.00
2026-05-15T23:13:29.218145,16.70,16.70,100.00,10.00
2026-05-15T23:13:29.320653,42.90,42.90,100.00,0.00
2026-05-15T23:13:29.423302,16.70,20.00,100.00,0.00
2026-05-15T23:13:29.525960,33.30,28.60,100.00,11.10
2026-05-15T23:13:29.628370,33.30,42.90,100.00,10.00
2026-05-15T23:13:29.731294,37.50,33.30,100.00,0.00
2026-05-15T23:13:29.834117,33.30,0.00,100.00,11.10
2026-05-15T23:13:29.936917,16.70,33.30,100.00,0.00
2026-05-15T23:13:30.039870,37.50,0.00,100.00,0.00
2026-05-15T23:13:30.142691,20.00,42.90,100.00,18.20
2026-05-15T23:13:30.245384,28.60,16.70,100.00,0.00
2026-05-15T23:13:30.348197,20.00,42.90,100.00,0.00
2026-05-15T23:13:30.450890,28.60,16.70,100.00,0.00
2026-05-15T23:13:30.553486,20.00,33.30,100.00,11.10
2026-05-15T23:13:30.656827,33.30,20.00,100.00,10.00
2026-05-15T23:13:30.759825,28.60,37.50,100.00,0.00
2026-05-15T23:13:30.862737,42.90,33.30,100.00,0.00
2026-05-15T23:13:30.965326,28.60,0.00,100.00,0.00
2026-05-15T23:13:31.067951,16.70,33.30,100.00,0.00
2026-05-15T23:13:31.170625,33.30,28.60,100.00,10.00
2026-05-15T23:13:31.273272,28.60,16.70,100.00,20.00
2026-05-15T23:13:31.376045,37.50,33.30,100.00,0.00
2026-05-15T23:13:31.478688,33.30,33.30,100.00,0.00
2026-05-15T23:13:31.581032,37.50,16.70,100.00,0.00
2026-05-15T23:13:31.683848,33.30,33.30,100.00,10.00
2026-05-15T23:13:31.786466,42.90,28.60,100.00,10.00
2026-05-15T23:13:31.888984,16.70,33.30,100.00,0.00
2026-05-15T23:13:31.991803,28.60,16.70,100.00,0.00
2026-05-15T23:13:32.094511,33.30,20.00,100.00,10.00
2026-05-15T23:13:32.197150,28.60,28.60,100.00,0.00
2026-05-15T23:13:32.299548,33.30,33.30,100.00,0.00
2026-05-15T23:13:32.402170,28.60,42.90,100.00,10.00
2026-05-15T23:13:32.504849,50.00,28.60,100.00,0.00
2026-05-15T23:13:32.607335,28.60,33.30,100.00,0.00
2026-05-15T23:13:32.710252,33.30,16.70,100.00,10.00
2026-05-15T23:13:32.813465,28.60,42.90,100.00,12.50
2026-05-15T23:13:32.915890,42.90,33.30,100.00,18.20
2026-05-15T23:13:33.018325,33.30,16.70,100.00,0.00
2026-05-15T23:13:33.120941,28.60,33.30,100.00,0.00
2026-05-15T23:13:33.223919,33.30,20.00,100.00,10.00
2026-05-15T23:13:33.326901,44.40,28.60,100.00,0.00
2026-05-15T23:13:33.429407,20.00,42.90,100.00,0.00
2026-05-15T23:13:33.532226,16.70,28.60,100.00,10.00
2026-05-15T23:13:33.635381,42.90,33.30,100.00,0.00
2026-05-15T23:13:33.738149,28.60,33.30,100.00,11.10
2026-05-15T23:13:33.840847,33.30,20.00,100.00,0.00
2026-05-15T23:13:33.943679,33.30,37.50,100.00,0.00
2026-05-15T23:13:34.046382,28.60,28.60,100.00,10.00
2026-05-15T23:13:34.149187,16.70,20.00,100.00,0.00
2026-05-15T23:13:34.252058,20.00,28.60,100.00,10.00
2026-05-15T23:13:34.354612,28.60,33.30,100.00,0.00
2026-05-15T23:13:34.457512,33.30,33.30,100.00,11.10
2026-05-15T23:13:34.560286,37.50,16.70,100.00,0.00
2026-05-15T23:13:34.662836,28.60,33.30,100.00,0.00
2026-05-15T23:13:34.765974,20.00,28.60,100.00,20.00
2026-05-15T23:13:34.930701,93.30,100.00,94.40,30.80
2026-05-15T23:13:35.033713,66.70,62.50,66.70,11.10
2026-05-15T23:13:35.136701,62.50,62.50,75.00,20.00
2026-05-15T23:13:35.240578,77.80,75.00,70.00,22.20
2026-05-15T23:13:35.343773,57.10,62.50,66.70,12.50
2026-05-15T23:13:35.446622,77.80,66.70,75.00,20.00
2026-05-15T23:13:35.549882,71.40,71.40,66.70,0.00
2026-05-15T23:13:35.653130,62.50,75.00,77.80,0.00
2026-05-15T23:13:35.756551,71.40,62.50,57.10,11.10
2026-05-15T23:13:35.859741,62.50,62.50,66.70,22.20
2026-05-15T23:13:35.963170,75.00,57.10,62.50,0.00
2026-05-15T23:13:36.066274,66.70,62.50,66.70,0.00
2026-05-15T23:13:36.169382,66.70,77.80,62.50,20.00
2026-05-15T23:13:36.272434,62.50,57.10,75.00,12.50
2026-05-15T23:13:36.375896,62.50,57.10,62.50,11.10
2026-05-15T23:13:36.479245,77.80,62.50,75.00,0.00
2026-05-15T23:13:36.582374,66.70,71.40,77.80,11.10
2026-05-15T23:13:36.685937,75.00,62.50,66.70,12.50
2026-05-15T23:13:36.789078,71.40,62.50,71.40,0.00
2026-05-15T23:13:36.892368,62.50,71.40,71.40,0.00
2026-05-15T23:13:36.995328,75.00,62.50,77.80,22.20
2026-05-15T23:13:37.098731,75.00,71.40,62.50,12.50
2026-05-15T23:13:37.202456,66.70,66.70,77.80,11.10
2026-05-15T23:13:37.305485,75.00,66.70,66.70,11.10
2026-05-15T23:13:37.408659,57.10,50.00,62.50,20.00
2026-05-15T23:13:37.511674,57.10,66.70,62.50,0.00
2026-05-15T23:13:37.614830,57.10,62.50,57.10,20.00
2026-05-15T23:13:37.718213,77.80,62.50,77.80,0.00
2026-05-15T23:13:37.821363,75.00,75.00,75.00,12.50
2026-05-15T23:13:37.924730,66.70,57.10,66.70,0.00
2026-05-15T23:13:38.027698,57.10,62.50,77.80,11.10
2026-05-15T23:13:38.131056,75.00,62.50,62.50,11.10
2026-05-15T23:13:38.234078,57.10,57.10,75.00,0.00
2026-05-15T23:13:38.337532,75.00,71.40,71.40,0.00
2026-05-15T23:13:38.440730,62.50,66.70,62.50,11.10
2026-05-15T23:13:38.543697,71.40,75.00,75.00,12.50
2026-05-15T23:13:38.646770,57.10,62.50,62.50,11.10
2026-05-15T23:13:38.750144,66.70,57.10,57.10,11.10
2026-05-15T23:13:38.853558,57.10,62.50,71.40,11.10
2026-05-15T23:13:38.956867,75.00,62.50,62.50,20.00
2026-05-15T23:13:39.060484,57.10,71.40,75.00,0.00
2026-05-15T23:13:39.163843,66.70,62.50,62.50,20.00
2026-05-15T23:13:39.267338,66.70,62.50,50.00,11.10
2026-05-15T23:13:39.370593,62.50,66.70,66.70,0.00
2026-05-15T23:13:39.474199,71.40,71.40,71.40,0.00
2026-05-15T23:13:39.577461,66.70,57.10,66.70,20.00
2026-05-15T23:13:39.680568,66.70,62.50,71.40,0.00
2026-05-15T23:13:39.784133,62.50,62.50,62.50,0.00
2026-05-15T23:13:39.887296,62.50,60.00,75.00,0.00
2026-05-15T23:13:39.990893,71.40,70.00,75.00,11.10
2026-05-15T23:13:40.094258,62.50,50.00,62.50,11.10
2026-05-15T23:13:40.196878,50.00,62.50,66.70,0.00
2026-05-15T23:13:40.300370,66.70,50.00,57.10,11.10
2026-05-15T23:13:40.409408,71.40,62.50,66.70,11.10
2026-05-15T23:13:40.512916,66.70,66.70,71.40,20.00
2026-05-15T23:13:40.615715,71.40,62.50,77.80,0.00
2026-05-15T23:13:40.719309,57.10,71.40,62.50,11.10
2026-05-15T23:13:40.822722,62.50,62.50,66.70,20.00
2026-05-15T23:13:40.926235,66.70,50.00,66.70,0.00
2026-05-15T23:13:41.029136,62.50,50.00,57.10,0.00
2026-05-15T23:13:41.132186,57.10,70.00,62.50,20.00
2026-05-15T23:13:41.235689,75.00,71.40,75.00,22.20
2026-05-15T23:13:41.339080,71.40,57.10,71.40,0.00
2026-05-15T23:13:41.442431,66.70,62.50,66.70,0.00
2026-05-15T23:13:41.545566,62.50,71.40,71.40,12.50
2026-05-15T23:13:41.648416,71.40,66.70,80.00,11.10
2026-05-15T23:13:41.751509,66.70,57.10,62.50,0.00
2026-05-15T23:13:41.854809,57.10,77.80,66.70,12.50
2026-05-15T23:13:41.958356,71.40,50.00,62.50,11.10
2026-05-15T23:13:42.061143,62.50,62.50,57.10,0.00
2026-05-15T23:13:42.164352,71.40,57.10,77.80,11.10
2026-05-15T23:13:42.267541,70.00,62.50,62.50,11.10
2026-05-15T23:13:42.370695,66.70,71.40,71.40,22.20
2026-05-15T23:13:42.474292,70.00,66.70,75.00,0.00
2026-05-15T23:13:42.577453,71.40,62.50,62.50,0.00
2026-05-15T23:13:42.680673,66.70,75.00,71.40,11.10
2026-05-15T23:13:42.784108,77.80,77.80,71.40,25.00
2026-05-15T23:13:42.887410,66.70,71.40,71.40,11.10
2026-05-15T23:13:42.990862,66.70,80.00,75.00,12.50
2026-05-15T23:13:43.093998,66.70,62.50,62.50,0.00
2026-05-15T23:13:43.197512,77.80,75.00,77.80,11.10
2026-05-15T23:13:43.300552,62.50,62.50,62.50,12.50
2026-05-15T23:13:43.403539,66.70,62.50,75.00,11.10
2026-05-15T23:13:43.506336,66.70,57.10,50.00,11.10
2026-05-15T23:13:43.609713,57.10,62.50,66.70,0.00
2026-05-15T23:13:43.713141,75.00,66.70,71.40,0.00
2026-05-15T23:13:43.816262,66.70,71.40,71.40,12.50
2026-05-15T23:13:43.919229,66.70,57.10,62.50,0.00
2026-05-15T23:13:44.022637,66.70,57.10,71.40,11.10
2026-05-15T23:13:44.125773,57.10,62.50,66.70,0.00
2026-05-15T23:13:44.229171,71.40,71.40,57.10,11.10
2026-05-15T23:13:44.332382,57.10,57.10,71.40,12.50
2026-05-15T23:13:44.435365,62.50,62.50,57.10,11.10
2026-05-15T23:13:44.538535,66.70,66.70,66.70,0.00
2026-05-15T23:13:44.641968,71.40,57.10,57.10,11.10
2026-05-15T23:13:44.745398,57.10,57.10,75.00,0.00
2026-05-15T23:13:44.848755,62.50,66.70,62.50,20.00
2026-05-15T23:13:44.951792,75.00,71.40,71.40,0.00
2026-05-15T23:13:45.054823,66.70,66.70,66.70,11.10
2026-05-15T23:13:45.157790,66.70,57.10,75.00,0.00
2026-05-15T23:13:45.260917,62.50,71.40,71.40,20.00
2026-05-15T23:13:45.364588,62.50,66.70,57.10,0.00
2026-05-15T23:13:45.468062,75.00,57.10,75.00,22.20
2026-05-15T23:13:45.571153,75.00,75.00,62.50,0.00
2026-05-15T23:13:45.674266,62.50,55.60,71.40,11.10
2026-05-15T23:13:45.777437,66.70,71.40,75.00,0.00
2026-05-15T23:13:45.880819,75.00,66.70,77.80,22.20
2026-05-15T23:13:45.984178,77.80,71.40,66.70,0.00
2026-05-15T23:13:46.087315,66.70,62.50,71.40,0.00
2026-05-15T23:13:46.190585,75.00,71.40,75.00,20.00
2026-05-15T23:13:46.293821,71.40,66.70,62.50,0.00
2026-05-15T23:13:46.397482,62.50,75.00,77.80,0.00
2026-05-15T23:13:46.500461,75.00,62.50,57.10,12.50
2026-05-15T23:13:46.603890,57.10,71.40,71.40,11.10
2026-05-15T23:13:46.707537,75.00,62.50,75.00,11.10
2026-05-15T23:13:46.811138,62.50,66.70,62.50,11.10
2026-05-15T23:13:46.914861,77.80,75.00,75.00,0.00
2026-05-15T23:13:47.018108,77.80,62.50,80.00,30.00
2026-05-15T23:13:47.121187,57.10,66.70,57.10,0.00
2026-05-15T23:13:47.224806,75.00,75.00,71.40,0.00
2026-05-15T23:13:47.328881,62.50,57.10,66.70,11.10
2026-05-15T23:13:47.432282,80.00,66.70,75.00,22.20
2026-05-15T23:13:47.535754,71.40,66.70,71.40,0.00
2026-05-15T23:13:47.639181,75.00,71.40,75.00,12.50
2026-05-15T23:13:47.742641,62.50,77.80,75.00,0.00
2026-05-15T23:13:47.845673,71.40,57.10,66.70,22.20
2026-05-15T23:13:47.948813,75.00,62.50,77.80,0.00
2026-05-15T23:13:48.051983,72.70,77.80,75.00,0.00
2026-05-15T23:13:48.155474,60.00,62.50,66.70,11.10
2026-05-15T23:13:48.258537,62.50,57.10,60.00,11.10
2026-05-15T23:13:48.361870,75.00,66.70,70.00,12.50
2026-05-15T23:13:48.465168,71.40,70.00,75.00,0.00
2026-05-15T23:13:48.568722,66.70,62.50,75.00,0.00
2026-05-15T23:13:48.671929,75.00,75.00,80.00,30.00
2026-05-15T23:13:48.774724,66.70,71.40,57.10,11.10
2026-05-15T23:13:48.877703,66.70,70.00,71.40,0.00
2026-05-15T23:13:48.980726,62.50,57.10,70.00,0.00
2026-05-15T23:13:49.083812,62.50,71.40,71.40,11.10
2026-05-15T23:13:49.187140,75.00,57.10,62.50,11.10
2026-05-15T23:13:49.290347,66.70,66.70,66.70,22.20
2026-05-15T23:13:49.394302,71.40,66.70,75.00,0.00
2026-05-15T23:13:49.497702,66.70,80.00,71.40,12.50
2026-05-15T23:13:49.601171,57.10,55.60,62.50,0.00
2026-05-15T23:13:49.704248,57.10,66.70,50.00,0.00
2026-05-15T23:13:49.806868,57.10,28.60,50.00,10.00
2026-05-15T23:13:49.910688,14.30,16.70,28.60,20.00
2026-05-15T23:13:50.013670,28.60,33.30,28.60,0.00
2026-05-15T23:13:50.116533,0.00,0.00,28.60,0.00
2026-05-15T23:13:50.219690,28.60,28.60,37.50,0.00
2026-05-15T23:13:50.322645,16.70,16.70,0.00,0.00
2026-05-15T23:13:50.425217,44.40,25.00,28.60,0.00
2026-05-15T23:13:50.527897,0.00,16.70,16.70,0.00
2026-05-15T23:13:50.630820,28.60,16.70,28.60,11.10
2026-05-15T23:13:50.733208,37.50,25.00,28.60,10.00
2026-05-15T23:13:50.835557,0.00,28.60,16.70,0.00
2026-05-15T23:13:50.937910,28.60,16.70,14.30,0.00
2026-05-15T23:13:51.040950,16.70,25.00,37.50,0.00
2026-05-15T23:13:51.143711,16.70,28.60,28.60,10.00
2026-05-15T23:13:51.246427,25.00,25.00,28.60,11.10
2026-05-15T23:13:51.348902,28.60,16.70,14.30,0.00
2026-05-15T23:13:51.451695,37.50,14.30,16.70,0.00
2026-05-15T23:13:51.554594,16.70,16.70,16.70,11.10
2026-05-15T23:13:51.656972,16.70,37.50,16.70,10.00
2026-05-15T23:13:51.759747,16.70,16.70,37.50,0.00
2026-05-15T23:13:51.862504,28.60,14.30,28.60,11.10
2026-05-15T23:13:51.965195,37.50,28.60,16.70,0.00
2026-05-15T23:13:52.067690,0.00,28.60,37.50,0.00
2026-05-15T23:13:52.170427,28.60,25.00,16.70,0.00
2026-05-15T23:13:52.273208,28.60,28.60,16.70,0.00
2026-05-15T23:13:52.375953,25.00,0.00,28.60,11.10
2026-05-15T23:13:52.478725,37.50,16.70,16.70,10.00
2026-05-15T23:13:52.581755,0.00,28.60,14.30,11.10
2026-05-15T23:13:52.684346,28.60,14.30,42.90,10.00
2026-05-15T23:13:52.787385,42.90,28.60,28.60,12.50
2026-05-15T23:13:52.889914,28.60,37.50,44.40,0.00
2026-05-15T23:13:52.992630,16.70,16.70,0.00,0.00
2026-05-15T23:13:53.095347,28.60,28.60,28.60,10.00
2026-05-15T23:13:53.198144,37.50,25.00,16.70,11.10
2026-05-15T23:13:53.300944,14.30,16.70,28.60,0.00
2026-05-15T23:13:53.404137,33.30,16.70,0.00,11.10
2026-05-15T23:13:53.506750,14.30,28.60,28.60,20.00
2026-05-15T23:13:53.609328,28.60,28.60,37.50,0.00
2026-05-15T23:13:53.712114,28.60,14.30,20.00,0.00
2026-05-15T23:13:53.815104,16.70,37.50,16.70,0.00
2026-05-15T23:13:53.917618,28.60,16.70,37.50,20.00
2026-05-15T23:13:54.019961,16.70,28.60,16.70,0.00
2026-05-15T23:13:54.123430,28.60,0.00,28.60,0.00
2026-05-15T23:13:54.225879,28.60,16.70,25.00,0.00
2026-05-15T23:13:54.328619,16.70,14.30,16.70,11.10
2026-05-15T23:13:54.431180,28.60,28.60,28.60,0.00
2026-05-15T23:13:54.533859,28.60,28.60,28.60,0.00
2026-05-15T23:13:54.636736,0.00,14.30,28.60,0.00
2026-05-15T23:13:54.739267,28.60,16.70,16.70,10.00
2026-05-15T23:13:54.842072,25.00,25.00,28.60,0.00
2026-05-15T23:13:54.944806,28.60,28.60,28.60,10.00
2026-05-15T23:13:55.047152,16.70,16.70,28.60,11.10
2026-05-15T23:13:55.150183,28.60,28.60,0.00,0.00
2026-05-15T23:13:55.252864,28.60,16.70,25.00,11.10
2026-05-15T23:13:55.355612,37.50,14.30,44.40,10.00
2026-05-15T23:13:55.458715,16.70,28.60,0.00,0.00
2026-05-15T23:13:55.561616,28.60,14.30,28.60,0.00
2026-05-15T23:13:55.664454,16.70,28.60,16.70,0.00
2026-05-15T23:13:55.767117,28.60,28.60,37.50,0.00
2026-05-15T23:13:55.869643,16.70,16.70,16.70,0.00
2026-05-15T23:13:55.972322,37.50,25.00,16.70,0.00
2026-05-15T23:13:56.074879,28.60,16.70,44.40,11.10
2026-05-15T23:13:56.177611,28.60,28.60,28.60,0.00
2026-05-15T23:13:56.280306,28.60,14.30,16.70,10.00
2026-05-15T23:13:56.382639,28.60,28.60,28.60,0.00
2026-05-15T23:13:56.485505,28.60,28.60,16.70,0.00
2026-05-15T23:13:56.588352,16.70,14.30,37.50,0.00
2026-05-15T23:13:56.691058,28.60,16.70,16.70,10.00
2026-05-15T23:13:56.794202,37.50,37.50,28.60,0.00
2026-05-15T23:13:56.897370,16.70,14.30,28.60,10.00
2026-05-15T23:13:57.000111,37.50,16.70,28.60,11.10
2026-05-15T23:13:57.102703,28.60,28.60,28.60,0.00
2026-05-15T23:13:57.205388,16.70,25.00,16.70,0.00
2026-05-15T23:13:57.308123,37.50,16.70,25.00,11.10
2026-05-15T23:13:57.410798,16.70,28.60,28.60,0.00
2026-05-15T23:13:57.513562,28.60,0.00,0.00,10.00
2026-05-15T23:13:57.616399,28.60,25.00,28.60,0.00
2026-05-15T23:13:57.718872,16.70,16.70,37.50,0.00
2026-05-15T23:13:57.821897,16.70,28.60,16.70,0.00
2026-05-15T23:13:57.924697,28.60,14.30,16.70,0.00
2026-05-15T23:13:58.027253,28.60,28.60,28.60,11.10
2026-05-15T23:13:58.129822,37.50,16.70,28.60,0.00
2026-05-15T23:13:58.232518,28.60,14.30,28.60,0.00
2026-05-15T23:13:58.334943,16.70,16.70,28.60,10.00
2026-05-15T23:13:58.437554,28.60,16.70,16.70,0.00
2026-05-15T23:13:58.540115,0.00,25.00,28.60,0.00
2026-05-15T23:13:58.643212,33.30,28.60,28.60,10.00
2026-05-15T23:13:58.745953,33.30,28.60,16.70,0.00
2026-05-15T23:13:58.848884,28.60,16.70,14.30,0.00
2026-05-15T23:13:58.951578,28.60,25.00,28.60,11.10
2026-05-15T23:13:59.054477,28.60,16.70,16.70,0.00
2026-05-15T23:13:59.157499,16.70,25.00,28.60,11.10
2026-05-15T23:13:59.260182,28.60,28.60,37.50,11.10
2026-05-15T23:13:59.363299,16.70,28.60,16.70,0.00
2026-05-15T23:13:59.465751,16.70,16.70,16.70,0.00
2026-05-15T23:13:59.568602,44.40,14.30,16.70,0.00
2026-05-15T23:13:59.671085,28.60,28.60,28.60,0.00
2026-05-15T23:13:59.774430,28.60,28.60,28.60,10.00
2026-05-15T23:13:59.877401,16.70,37.50,28.60,10.00
2026-05-15T23:13:59.980300,28.60,0.00,28.60,0.00
2026-05-15T23:14:00.083146,28.60,16.70,28.60,10.00
2026-05-15T23:14:00.185653,25.00,33.30,28.60,0.00
2026-05-15T23:14:00.288619,16.70,16.70,16.70,0.00
2026-05-15T23:14:00.391555,28.60,25.00,28.60,0.00
2026-05-15T23:14:00.494204,28.60,0.00,37.50,0.00
2026-05-15T23:14:00.596600,16.70,28.60,16.70,0.00
2026-05-15T23:14:00.699311,16.70,37.50,28.60,20.00
2026-05-15T23:14:00.802083,28.60,14.30,37.50,0.00
2026-05-15T23:14:00.904534,16.70,0.00,0.00,0.00
2026-05-15T23:14:01.007753,37.50,28.60,16.70,0.00
2026-05-15T23:14:01.110657,16.70,28.60,37.50,11.10
2026-05-15T23:14:01.213413,28.60,14.30,37.50,0.00
2026-05-15T23:14:01.316164,16.70,16.70,28.60,0.00
2026-05-15T23:14:01.418651,33.30,28.60,16.70,0.00
2026-05-15T23:14:01.521023,16.70,37.50,28.60,11.10
2026-05-15T23:14:01.623817,25.00,25.00,28.60,0.00
2026-05-15T23:14:01.726838,44.40,0.00,37.50,10.00
2026-05-15T23:14:01.829904,16.70,33.30,28.60,0.00
2026-05-15T23:14:01.932737,16.70,16.70,0.00,0.00
2026-05-15T23:14:02.035655,20.00,16.70,37.50,0.00
2026-05-15T23:14:02.138367,44.40,37.50,28.60,0.00
2026-05-15T23:14:02.241106,16.70,25.00,28.60,0.00
2026-05-15T23:14:02.344179,28.60,28.60,16.70,0.00
2026-05-15T23:14:02.446571,28.60,0.00,28.60,0.00
2026-05-15T23:14:02.549095,28.60,28.60,28.60,20.00
2026-05-15T23:14:02.651690,25.00,14.30,16.70,10.00
2026-05-15T23:14:02.754212,16.70,16.70,28.60,0.00
2026-05-15T23:14:02.856844,50.00,37.50,28.60,0.00
2026-05-15T23:14:02.959881,16.70,0.00,16.70,0.00
2026-05-15T23:14:03.063224,16.70,16.70,37.50,0.00
2026-05-15T23:14:03.165924,25.00,37.50,16.70,20.00
2026-05-15T23:14:03.268652,37.50,28.60,16.70,0.00
2026-05-15T23:14:03.371482,0.00,14.30,16.70,0.00
2026-05-15T23:14:03.473902,37.50,16.70,37.50,0.00
2026-05-15T23:14:03.576514,16.70,14.30,16.70,0.00
2026-05-15T23:14:03.679142,28.60,37.50,28.60,10.00
2026-05-15T23:14:03.782077,37.50,0.00,28.60,0.00
2026-05-15T23:14:03.884755,28.60,28.60,16.70,18.20
2026-05-15T23:14:03.987228,0.00,28.60,37.50,11.10
2026-05-15T23:14:04.089971,28.60,14.30,16.70,0.00
2026-05-15T23:14:04.192717,16.70,28.60,16.70,0.00
2026-05-15T23:14:04.295248,28.60,28.60,28.60,0.00
2026-05-15T23:14:04.398222,28.60,16.70,28.60,0.00
2026-05-15T23:14:04.501693,28.60,25.00,37.50,0.00
2026-05-15T23:14:04.604939,28.60,37.50,16.70,0.00
2026-05-15T23:14:04.707996,16.70,16.70,16.70,11.10
2026-05-15T23:14:04.810814,14.30,14.30,14.30,0.00
2026-05-15T23:14:04.913556,12.50,12.50,0.00,10.00
2026-05-15T23:14:05.016418,14.30,0.00,12.50,0.00
2026-05-15T23:14:05.119193,12.50,0.00,25.00,0.00
2026-05-15T23:14:05.221866,14.30,12.50,0.00,0.00
2026-05-15T23:14:05.324294,0.00,14.30,12.50,0.00
2026-05-15T23:14:05.426557,14.30,22.20,0.00,0.00
2026-05-15T23:14:05.529351,0.00,0.00,0.00,0.00
2026-05-15T23:14:05.631669,14.30,0.00,0.00,0.00
2026-05-15T23:14:05.733897,0.00,0.00,22.20,10.00
2026-05-15T23:14:05.836217,14.30,12.50,14.30,0.00
2026-05-15T23:14:05.938626,22.20,12.50,0.00,0.00
2026-05-15T23:14:06.040846,0.00,0.00,0.00,10.00
2026-05-15T23:14:06.143698,0.00,12.50,12.50,0.00
2026-05-15T23:14:06.246255,22.20,14.30,14.30,0.00
2026-05-15T23:14:06.348602,0.00,0.00,0.00,11.10
2026-05-15T23:14:06.451180,12.50,12.50,0.00,0.00
2026-05-15T23:14:06.553500,0.00,14.30,12.50,0.00
2026-05-15T23:14:06.655936,14.30,0.00,0.00,0.00
2026-05-15T23:14:06.819976,30.80,23.10,38.50,21.40
2026-05-15T23:14:06.922373,0.00,16.70,100.00,10.00
2026-05-15T23:14:07.024927,25.00,0.00,100.00,11.10
2026-05-15T23:14:07.127691,16.70,28.60,100.00,0.00
2026-05-15T23:14:07.230420,14.30,14.30,100.00,0.00
2026-05-15T23:14:07.332781,25.00,16.70,100.00,0.00
2026-05-15T23:14:07.435582,16.70,14.30,100.00,10.00
2026-05-15T23:14:07.538095,25.00,16.70,100.00,0.00
2026-05-15T23:14:07.640571,16.70,14.30,100.00,10.00
2026-05-15T23:14:07.743165,14.30,25.00,100.00,10.00
2026-05-15T23:14:07.846124,14.30,0.00,100.00,0.00
2026-05-15T23:14:07.948433,14.30,25.00,100.00,0.00
2026-05-15T23:14:08.050676,28.60,0.00,100.00,0.00
2026-05-15T23:14:08.152927,25.00,14.30,100.00,0.00
2026-05-15T23:14:08.255664,14.30,16.70,100.00,11.10
2026-05-15T23:14:08.358508,28.60,25.00,100.00,10.00
2026-05-15T23:14:08.460936,25.00,0.00,100.00,0.00
2026-05-15T23:14:08.563736,14.30,14.30,100.00,0.00
2026-05-15T23:14:08.666295,0.00,16.70,100.00,0.00
2026-05-15T23:14:08.769122,25.00,16.70,100.00,0.00
2026-05-15T23:14:08.871699,28.60,28.60,100.00,0.00
2026-05-15T23:14:08.974547,0.00,14.30,100.00,10.00
2026-05-15T23:14:09.077101,25.00,0.00,100.00,10.00
2026-05-15T23:14:09.179451,16.70,16.70,100.00,0.00
2026-05-15T23:14:09.281692,33.30,14.30,100.00,0.00
2026-05-15T23:14:09.384160,25.00,28.60,100.00,0.00
2026-05-15T23:14:09.486685,0.00,25.00,100.00,10.00
2026-05-15T23:14:09.589132,14.30,0.00,100.00,0.00
2026-05-15T23:14:09.691569,14.30,16.70,100.00,0.00
2026-05-15T23:14:09.794120,16.70,14.30,100.00,10.00
2026-05-15T23:14:09.896830,25.00,16.70,100.00,0.00
2026-05-15T23:14:09.999177,14.30,14.30,100.00,0.00
2026-05-15T23:14:10.101778,28.60,28.60,100.00,0.00
2026-05-15T23:14:10.204333,33.30,0.00,100.00,10.00
2026-05-15T23:14:10.306923,14.30,16.70,100.00,10.00
2026-05-15T23:14:10.409544,25.00,14.30,100.00,0.00
2026-05-15T23:14:10.512178,0.00,28.60,100.00,0.00
2026-05-15T23:14:10.614530,25.00,0.00,100.00,10.00
2026-05-15T23:14:10.716888,16.70,28.60,100.00,0.00
2026-05-15T23:14:10.819532,14.30,25.00,100.00,0.00
2026-05-15T23:14:10.922171,14.30,0.00,100.00,0.00
2026-05-15T23:14:11.024743,16.70,14.30,100.00,0.00
2026-05-15T23:14:11.127513,25.00,16.70,100.00,0.00
2026-05-15T23:14:11.229958,28.60,25.00,100.00,0.00
2026-05-15T23:14:11.333433,25.00,16.70,100.00,0.00
2026-05-15T23:14:11.435943,14.30,14.30,100.00,0.00
2026-05-15T23:14:11.538645,28.60,0.00,100.00,10.00
2026-05-15T23:14:11.641485,14.30,33.30,100.00,10.00
2026-05-15T23:14:11.744175,25.00,0.00,100.00,0.00
2026-05-15T23:14:11.846680,16.70,0.00,100.00,0.00
2026-05-15T23:14:11.949288,25.00,28.60,100.00,10.00
2026-05-15T23:14:12.051697,14.30,0.00,100.00,0.00
2026-05-15T23:14:12.153934,16.70,14.30,100.00,0.00
2026-05-15T23:14:12.257176,14.30,28.60,100.00,10.00
2026-05-15T23:14:12.359518,25.00,14.30,100.00,0.00
2026-05-15T23:14:12.462154,14.30,14.30,100.00,0.00
2026-05-15T23:14:12.564626,16.70,0.00,100.00,10.00
2026-05-15T23:14:12.666947,33.30,28.60,100.00,0.00
2026-05-15T23:14:12.769584,0.00,0.00,100.00,0.00
2026-05-15T23:14:12.871929,33.30,28.60,100.00,12.50
2026-05-15T23:14:12.974360,25.00,28.60,100.00,10.00
2026-05-15T23:14:13.076673,25.00,14.30,100.00,10.00
2026-05-15T23:14:13.179298,16.70,0.00,100.00,0.00
2026-05-15T23:14:13.281932,14.30,28.60,100.00,0.00
2026-05-15T23:14:13.384543,28.60,28.60,100.00,0.00
2026-05-15T23:14:13.486811,25.00,0.00,100.00,0.00
2026-05-15T23:14:13.589540,0.00,0.00,100.00,10.00
2026-05-15T23:14:13.691957,14.30,14.30,100.00,0.00
2026-05-15T23:14:13.794577,28.60,0.00,100.00,0.00
2026-05-15T23:14:13.897582,0.00,0.00,100.00,0.00
2026-05-15T23:14:14.000088,25.00,25.00,100.00,10.00
2026-05-15T23:14:14.102821,16.70,16.70,100.00,10.00
2026-05-15T23:14:14.205396,14.30,14.30,100.00,0.00
2026-05-15T23:14:14.308153,28.60,28.60,100.00,0.00
2026-05-15T23:14:14.410621,14.30,14.30,100.00,0.00
2026-05-15T23:14:14.512966,14.30,14.30,100.00,10.00
2026-05-15T23:14:14.615482,0.00,16.70,100.00,10.00
2026-05-15T23:14:14.717665,25.00,14.30,100.00,0.00
2026-05-15T23:14:14.820231,14.30,16.70,100.00,0.00
2026-05-15T23:14:14.922613,16.70,25.00,100.00,0.00
2026-05-15T23:14:15.025321,14.30,0.00,100.00,0.00
2026-05-15T23:14:15.127813,0.00,14.30,100.00,10.00
2026-05-15T23:14:15.230606,37.50,25.00,100.00,10.00
2026-05-15T23:14:15.333339,14.30,0.00,100.00,0.00
2026-05-15T23:14:15.435809,25.00,25.00,100.00,0.00
2026-05-15T23:14:15.538499,16.70,0.00,100.00,0.00
2026-05-15T23:14:15.640884,25.00,14.30,100.00,0.00
2026-05-15T23:14:15.743833,25.00,28.60,100.00,18.20
2026-05-15T23:14:15.846483,14.30,14.30,100.00,0.00
2026-05-15T23:14:15.949200,28.60,16.70,100.00,0.00
2026-05-15T23:14:16.051859,14.30,14.30,100.00,0.00
2026-05-15T23:14:16.154692,16.70,28.60,100.00,0.00
2026-05-15T23:14:16.257290,25.00,0.00,100.00,10.00
2026-05-15T23:14:16.360214,25.00,14.30,100.00,0.00
2026-05-15T23:14:16.462735,0.00,16.70,100.00,10.00
2026-05-15T23:14:16.565286,37.50,14.30,100.00,0.00
2026-05-15T23:14:16.668269,0.00,0.00,100.00,0.00
2026-05-15T23:14:16.770558,33.30,28.60,100.00,0.00
2026-05-15T23:14:16.873539,16.70,14.30,100.00,10.00
2026-05-15T23:14:16.975874,0.00,16.70,100.00,0.00
2026-05-15T23:14:17.078591,33.30,14.30,100.00,0.00
2026-05-15T23:14:17.181228,14.30,0.00,100.00,0.00
2026-05-15T23:14:17.283619,28.60,28.60,100.00,10.00
2026-05-15T23:14:17.386068,0.00,14.30,100.00,10.00
2026-05-15T23:14:17.488461,14.30,16.70,100.00,0.00
2026-05-15T23:14:17.591169,37.50,25.00,100.00,0.00
2026-05-15T23:14:17.693882,0.00,14.30,100.00,0.00
2026-05-15T23:14:17.796514,25.00,0.00,100.00,0.00
2026-05-15T23:14:17.898859,16.70,16.70,100.00,0.00
2026-05-15T23:14:18.001104,14.30,25.00,100.00,10.00
2026-05-15T23:14:18.103364,14.30,16.70,100.00,10.00
2026-05-15T23:14:18.205650,33.30,14.30,100.00,0.00
2026-05-15T23:14:18.307926,0.00,16.70,100.00,0.00
2026-05-15T23:14:18.410381,14.30,0.00,100.00,0.00
2026-05-15T23:14:18.513197,25.00,14.30,100.00,0.00
2026-05-15T23:14:18.615802,25.00,28.60,100.00,0.00
2026-05-15T23:14:18.719354,16.70,25.00,100.00,0.00
2026-05-15T23:14:18.821900,25.00,0.00,100.00,0.00
2026-05-15T23:14:18.924438,0.00,0.00,100.00,10.00
2026-05-15T23:14:19.027404,25.00,28.60,100.00,0.00
2026-05-15T23:14:19.130354,14.30,25.00,100.00,0.00
2026-05-15T23:14:19.232708,28.60,0.00,100.00,10.00
2026-05-15T23:14:19.335204,28.60,25.00,100.00,0.00
2026-05-15T23:14:19.437673,14.30,16.70,100.00,0.00
2026-05-15T23:14:19.540303,25.00,0.00,100.00,10.00
2026-05-15T23:14:19.642695,16.70,0.00,100.00,0.00
2026-05-15T23:14:19.745293,14.30,25.00,100.00,0.00
2026-05-15T23:14:19.847792,16.70,33.30,100.00,0.00
2026-05-15T23:14:19.950493,42.90,28.60,100.00,0.00
2026-05-15T23:14:20.053130,16.70,20.00,100.00,10.00
2026-05-15T23:14:20.156003,50.00,16.70,100.00,11.10
2026-05-15T23:14:20.258747,16.70,42.90,100.00,0.00
2026-05-15T23:14:20.361344,33.30,16.70,100.00,0.00
2026-05-15T23:14:20.464035,28.60,20.00,100.00,27.30
2026-05-15T23:14:20.566544,33.30,28.60,100.00,0.00
2026-05-15T23:14:20.669367,28.60,20.00,100.00,0.00
2026-05-15T23:14:20.772116,42.90,44.40,100.00,0.00
2026-05-15T23:14:20.874643,0.00,0.00,100.00,0.00
2026-05-15T23:14:20.977164,42.90,28.60,100.00,0.00
2026-05-15T23:14:21.080169,28.60,28.60,100.00,10.00
2026-05-15T23:14:21.183212,20.00,20.00,100.00,11.10
2026-05-15T23:14:21.285755,42.90,50.00,100.00,0.00
2026-05-15T23:14:21.388373,28.60,16.70,100.00,0.00
2026-05-15T23:14:21.491157,33.30,33.30,100.00,10.00
2026-05-15T23:14:21.593737,33.30,20.00,100.00,0.00
2026-05-15T23:14:21.696494,33.30,37.50,100.00,11.10
2026-05-15T23:14:21.798875,28.60,42.90,100.00,10.00
2026-05-15T23:14:21.901318,33.30,33.30,100.00,0.00
2026-05-15T23:14:22.003689,16.70,16.70,100.00,0.00
2026-05-15T23:14:22.106150,28.60,16.70,100.00,20.00
2026-05-15T23:14:22.208744,42.90,50.00,100.00,0.00
2026-05-15T23:14:22.311920,20.00,0.00,100.00,0.00
2026-05-15T23:14:22.415305,37.50,28.60,100.00,10.00
2026-05-15T23:14:22.518290,42.90,50.00,100.00,10.00
2026-05-15T23:14:22.621180,16.70,16.70,100.00,0.00
2026-05-15T23:14:22.723651,42.90,50.00,100.00,10.00
2026-05-15T23:14:22.826575,42.90,20.00,100.00,12.50
2026-05-15T23:14:22.929146,42.90,42.90,100.00,10.00
2026-05-15T23:14:23.031871,20.00,28.60,100.00,11.10
2026-05-15T23:14:23.134378,16.70,20.00,100.00,0.00
2026-05-15T23:14:23.236924,42.90,28.60,100.00,0.00
2026-05-15T23:14:23.339583,20.00,42.90,100.00,20.00
2026-05-15T23:14:23.442383,42.90,33.30,100.00,0.00
2026-05-15T23:14:23.545266,42.90,33.30,100.00,0.00
2026-05-15T23:14:23.647835,28.60,33.30,100.00,0.00
2026-05-15T23:14:23.750331,42.90,33.30,100.00,11.10
2026-05-15T23:14:23.852752,33.30,33.30,100.00,0.00
2026-05-15T23:14:23.955697,42.90,28.60,100.00,10.00
2026-05-15T23:14:24.058635,33.30,33.30,100.00,11.10
2026-05-15T23:14:24.161526,33.30,42.90,100.00,0.00
2026-05-15T23:14:24.264239,50.00,42.90,100.00,11.10
2026-05-15T23:14:24.366816,42.90,33.30,100.00,0.00
2026-05-15T23:14:24.469535,16.70,42.90,100.00,11.10
2026-05-15T23:14:24.572840,42.90,20.00,100.00,10.00
2026-05-15T23:14:24.675642,42.90,37.50,100.00,0.00
2026-05-15T23:14:24.778508,42.90,40.00,100.00,0.00
2026-05-15T23:14:24.881485,33.30,37.50,100.00,0.00
2026-05-15T23:14:24.983880,20.00,20.00,100.00,11.10
2026-05-15T23:14:25.087098,42.90,33.30,100.00,18.20
2026-05-15T23:14:25.190082,28.60,28.60,100.00,0.00
2026-05-15T23:14:25.292574,33.30,33.30,100.00,0.00
2026-05-15T23:14:25.395234,37.50,16.70,100.00,10.00
2026-05-15T23:14:25.497865,33.30,20.00,100.00,11.10
2026-05-15T23:14:25.600962,16.70,16.70,100.00,0.00
2026-05-15T23:14:25.703516,20.00,20.00,100.00,0.00
2026-05-15T23:14:25.805972,28.60,37.50,100.00,0.00
2026-05-15T23:14:25.908725,20.00,33.30,100.00,0.00
2026-05-15T23:14:26.011478,28.60,20.00,100.00,10.00
2026-05-15T23:14:26.114141,42.90,37.50,100.00,10.00
2026-05-15T23:14:26.216955,28.60,20.00,100.00,0.00
2026-05-15T23:14:26.320100,33.30,16.70,100.00,0.00
2026-05-15T23:14:26.423096,16.70,42.90,100.00,0.00
2026-05-15T23:14:26.525786,33.30,16.70,100.00,0.00
2026-05-15T23:14:26.628387,28.60,33.30,100.00,11.10
2026-05-15T23:14:26.731186,33.30,37.50,100.00,18.20
2026-05-15T23:14:26.833820,28.60,0.00,100.00,0.00
2026-05-15T23:14:26.936544,33.30,42.90,100.00,0.00
2026-05-15T23:14:27.039167,33.30,28.60,100.00,0.00
2026-05-15T23:14:27.141900,28.60,20.00,100.00,18.20
2026-05-15T23:14:27.245000,42.90,28.60,100.00,0.00
2026-05-15T23:14:27.347720,28.60,33.30,100.00,11.10
2026-05-15T23:14:27.450514,33.30,16.70,100.00,0.00
2026-05-15T23:14:27.553884,33.30,42.90,100.00,0.00
2026-05-15T23:14:27.656637,42.90,33.30,100.00,20.00
2026-05-15T23:14:27.759296,33.30,42.90,100.00,0.00
2026-05-15T23:14:27.861811,42.90,42.90,100.00,0.00
2026-05-15T23:14:27.964807,33.30,20.00,100.00,10.00
2026-05-15T23:14:28.067654,37.50,37.50,100.00,0.00
2026-05-15T23:14:28.170300,42.90,33.30,100.00,0.00
2026-05-15T23:14:28.273414,42.90,33.30,100.00,10.00
2026-05-15T23:14:28.376296,20.00,33.30,100.00,0.00
2026-05-15T23:14:28.478482,33.30,42.90,100.00,11.10
2026-05-15T23:14:28.580962,33.30,0.00,100.00,10.00
2026-05-15T23:14:28.683656,28.60,42.90,100.00,0.00
2026-05-15T23:14:28.786165,42.90,20.00,100.00,0.00
2026-05-15T23:14:28.889093,33.30,42.90,100.00,11.10
2026-05-15T23:14:28.991734,28.60,28.60,100.00,0.00
2026-05-15T23:14:29.094144,42.90,20.00,100.00,18.20
2026-05-15T23:14:29.196820,28.60,16.70,100.00,0.00
2026-05-15T23:14:29.299702,33.30,37.50,100.00,0.00
2026-05-15T23:14:29.402148,28.60,20.00,100.00,0.00
2026-05-15T23:14:29.504837,28.60,28.60,100.00,11.10
2026-05-15T23:14:29.607365,20.00,20.00,100.00,0.00
2026-05-15T23:14:29.709916,42.90,42.90,100.00,0.00
2026-05-15T23:14:29.812777,28.60,28.60,100.00,0.00
2026-05-15T23:14:29.915342,16.70,33.30,100.00,10.00
2026-05-15T23:14:30.017780,42.90,16.70,100.00,0.00
2026-05-15T23:14:30.120644,16.70,42.90,100.00,0.00
2026-05-15T23:14:30.223257,33.30,33.30,100.00,11.10
2026-05-15T23:14:30.326110,33.30,28.60,100.00,10.00
2026-05-15T23:14:30.428831,28.60,20.00,100.00,0.00
2026-05-15T23:14:30.531535,42.90,16.70,100.00,0.00
2026-05-15T23:14:30.634149,28.60,42.90,100.00,0.00
2026-05-15T23:14:30.737606,33.30,16.70,100.00,10.00
2026-05-15T23:14:30.840411,16.70,20.00,100.00,0.00
2026-05-15T23:14:30.943474,42.90,28.60,100.00,11.10
2026-05-15T23:14:31.046016,28.60,20.00,100.00,0.00
2026-05-15T23:14:31.148708,20.00,37.50,100.00,0.00
2026-05-15T23:14:31.251385,37.50,0.00,100.00,11.10
2026-05-15T23:14:31.354513,28.60,28.60,100.00,10.00
2026-05-15T23:14:31.457235,33.30,20.00,100.00,10.00
2026-05-15T23:14:31.559793,16.70,37.50,100.00,0.00
2026-05-15T23:14:31.663138,28.60,28.60,100.00,0.00
2026-05-15T23:14:31.765665,42.90,33.30,100.00,0.00
2026-05-15T23:14:31.868457,16.70,28.60,100.00,10.00
2026-05-15T23:14:31.971488,33.30,20.00,100.00,11.10
2026-05-15T23:14:32.074234,28.60,28.60,100.00,0.00
2026-05-15T23:14:32.176939,50.00,42.90,100.00,0.00
2026-05-15T23:14:32.279811,16.70,16.70,100.00,11.10
2026-05-15T23:14:32.382459,50.00,33.30,100.00,0.00
2026-05-15T23:14:32.485835,33.30,28.60,100.00,0.00
2026-05-15T23:14:32.588477,28.60,42.90,100.00,10.00
2026-05-15T23:14:32.691223,33.30,28.60,100.00,0.00
2026-05-15T23:14:32.793673,16.70,0.00,100.00,0.00
2026-05-15T23:14:32.896209,42.90,37.50,100.00,11.10
2026-05-15T23:14:32.998703,0.00,33.30,100.00,18.20
2026-05-15T23:14:33.101735,37.50,28.60,100.00,0.00
2026-05-15T23:14:33.204249,33.30,20.00,100.00,0.00
2026-05-15T23:14:33.307214,16.70,28.60,100.00,10.00
2026-05-15T23:14:33.409819,33.30,28.60,100.00,0.00
2026-05-15T23:14:33.512623,28.60,20.00,100.00,0.00
2026-05-15T23:14:33.615576,16.70,28.60,100.00,10.00
2026-05-15T23:14:33.718601,42.90,33.30,100.00,11.10
2026-05-15T23:14:33.821342,33.30,42.90,100.00,0.00
2026-05-15T23:14:33.923794,0.00,16.70,100.00,10.00
2026-05-15T23:14:34.026782,50.00,33.30,100.00,0.00
2026-05-15T23:14:34.129569,33.30,42.90,100.00,0.00
2026-05-15T23:14:34.232662,28.60,28.60,100.00,0.00
2026-05-15T23:14:34.335352,28.60,20.00,100.00,10.00
2026-05-15T23:14:34.438058,20.00,28.60,100.00,0.00
2026-05-15T23:14:34.543958,37.50,37.50,100.00,10.00
2026-05-15T23:14:34.646915,20.00,20.00,100.00,10.00
2026-05-15T23:14:34.749776,16.70,42.90,100.00,0.00
2026-05-15T23:14:34.852472,28.60,0.00,100.00,0.00
2026-05-15T23:14:34.954972,33.30,14.30,100.00,0.00
2026-05-15T23:14:35.057594,0.00,28.60,100.00,10.00
2026-05-15T23:14:35.160144,28.60,14.30,100.00,0.00
2026-05-15T23:14:35.263330,14.30,16.70,100.00,11.10
2026-05-15T23:14:35.366071,33.30,25.00,100.00,0.00
2026-05-15T23:14:35.468534,0.00,0.00,100.00,10.00
2026-05-15T23:14:35.571404,14.30,0.00,100.00,0.00
2026-05-15T23:14:35.673839,14.30,28.60,100.00,0.00
2026-05-15T23:14:35.776374,16.70,14.30,100.00,0.00
2026-05-15T23:14:35.878661,14.30,25.00,100.00,10.00
2026-05-15T23:14:35.980918,28.60,16.70,100.00,0.00
2026-05-15T23:14:36.083833,25.00,16.70,100.00,10.00
2026-05-15T23:14:36.186463,25.00,0.00,100.00,10.00
2026-05-15T23:14:36.289364,16.70,14.30,100.00,0.00
2026-05-15T23:14:36.392332,25.00,16.70,100.00,0.00
2026-05-15T23:14:36.494729,0.00,14.30,100.00,0.00
2026-05-15T23:14:36.597443,28.60,14.30,100.00,0.00
2026-05-15T23:14:36.699693,33.30,16.70,100.00,0.00
2026-05-15T23:14:36.802532,14.30,0.00,100.00,10.00
2026-05-15T23:14:36.905126,16.70,0.00,100.00,10.00
2026-05-15T23:14:37.007733,25.00,16.70,100.00,0.00
2026-05-15T23:14:37.110496,14.30,14.30,100.00,0.00
2026-05-15T23:14:37.212885,16.70,25.00,100.00,0.00
2026-05-15T23:14:37.315393,0.00,0.00,100.00,10.00
2026-05-15T23:14:37.418174,25.00,14.30,100.00,0.00
2026-05-15T23:14:37.521309,14.30,14.30,100.00,0.00
2026-05-15T23:14:37.623880,37.50,0.00,100.00,0.00
2026-05-15T23:14:37.726869,0.00,25.00,100.00,18.20
2026-05-15T23:14:37.829900,25.00,14.30,100.00,0.00
2026-05-15T23:14:37.932332,14.30,16.70,100.00,0.00
2026-05-15T23:14:38.034612,14.30,0.00,100.00,0.00
2026-05-15T23:14:38.137141,28.60,14.30,100.00,0.00
2026-05-15T23:14:38.239429,14.30,16.70,100.00,0.00
2026-05-15T23:14:38.342398,14.30,14.30,100.00,0.00
2026-05-15T23:14:38.444786,14.30,16.70,100.00,0.00
2026-05-15T23:14:38.547310,0.00,25.00,100.00,10.00
2026-05-15T23:14:38.649744,28.60,0.00,100.00,10.00
2026-05-15T23:14:38.752108,25.00,28.60,100.00,0.00
2026-05-15T23:14:38.854686,25.00,14.30,100.00,0.00
2026-05-15T23:14:38.957265,0.00,28.60,100.00,0.00
2026-05-15T23:14:39.059823,14.30,0.00,100.00,0.00
2026-05-15T23:14:39.162330,25.00,14.30,100.00,0.00
2026-05-15T23:14:39.264680,0.00,16.70,100.00,10.00
2026-05-15T23:14:39.367260,33.30,25.00,100.00,0.00
2026-05-15T23:14:39.470194,16.70,16.70,100.00,0.00
2026-05-15T23:14:39.572582,14.30,14.30,100.00,0.00
2026-05-15T23:14:39.674958,14.30,14.30,100.00,10.00
2026-05-15T23:14:39.777679,25.00,0.00,100.00,0.00
2026-05-15T23:14:39.880291,0.00,0.00,100.00,0.00
2026-05-15T23:14:39.982750,33.30,25.00,100.00,0.00
2026-05-15T23:14:40.085014,14.30,0.00,100.00,10.00
2026-05-15T23:14:40.187647,14.30,0.00,100.00,0.00
2026-05-15T23:14:40.290087,16.70,25.00,100.00,0.00
2026-05-15T23:14:40.393350,25.00,0.00,100.00,10.00
2026-05-15T23:14:40.495632,14.30,25.00,100.00,0.00
2026-05-15T23:14:40.598074,14.30,0.00,100.00,10.00
2026-05-15T23:14:40.700403,25.00,0.00,100.00,0.00
2026-05-15T23:14:40.802955,0.00,25.00,100.00,0.00
2026-05-15T23:14:40.906047,28.60,16.70,100.00,0.00
2026-05-15T23:14:41.008720,14.30,14.30,100.00,0.00
2026-05-15T23:14:41.112350,0.00,14.30,100.00,10.00
2026-05-15T23:14:41.215054,25.00,0.00,100.00,0.00
2026-05-15T23:14:41.317319,14.30,28.60,100.00,0.00
2026-05-15T23:14:41.419441,14.30,14.30,100.00,0.00
2026-05-15T23:14:41.521925,25.00,14.30,100.00,0.00
2026-05-15T23:14:41.624442,0.00,0.00,100.00,18.20
2026-05-15T23:14:41.727126,25.00,0.00,100.00,0.00
2026-05-15T23:14:41.829579,14.30,14.30,100.00,0.00
2026-05-15T23:14:41.932222,37.50,16.70,100.00,11.10
2026-05-15T23:14:42.034616,25.00,0.00,100.00,0.00
2026-05-15T23:14:42.137377,14.30,25.00,100.00,0.00
2026-05-15T23:14:42.239925,14.30,0.00,100.00,0.00
2026-05-15T23:14:42.342653,16.70,25.00,100.00,10.00
2026-05-15T23:14:42.445111,25.00,0.00,100.00,0.00
2026-05-15T23:14:42.547681,14.30,28.60,100.00,10.00
2026-05-15T23:14:42.650121,37.50,0.00,100.00,0.00
2026-05-15T23:14:42.752297,14.30,14.30,100.00,0.00
2026-05-15T23:14:42.854913,14.30,16.70,100.00,20.00
2026-05-15T23:14:42.957363,16.70,25.00,100.00,0.00
2026-05-15T23:14:43.059786,14.30,16.70,100.00,0.00
2026-05-15T23:14:43.162338,0.00,14.30,100.00,0.00
2026-05-15T23:14:43.265012,25.00,14.30,100.00,11.10
2026-05-15T23:14:43.367721,28.60,14.30,100.00,0.00
2026-05-15T23:14:43.470231,25.00,16.70,100.00,0.00
2026-05-15T23:14:43.572813,0.00,0.00,100.00,0.00
2026-05-15T23:14:43.675500,14.30,37.50,100.00,10.00
2026-05-15T23:14:43.778126,14.30,0.00,100.00,10.00
2026-05-15T23:14:43.880693,14.30,25.00,100.00,0.00
2026-05-15T23:14:43.983662,25.00,0.00,100.00,0.00
2026-05-15T23:14:44.086089,25.00,14.30,100.00,10.00
2026-05-15T23:14:44.188644,16.70,28.60,100.00,0.00
2026-05-15T23:14:44.291326,14.30,14.30,100.00,0.00
2026-05-15T23:14:44.393869,14.30,0.00,100.00,0.00
2026-05-15T23:14:44.496534,14.30,16.70,100.00,0.00
2026-05-15T23:14:44.599328,0.00,0.00,100.00,10.00
2026-05-15T23:14:44.701774,25.00,25.00,100.00,0.00
2026-05-15T23:14:44.804524,14.30,16.70,100.00,0.00
2026-05-15T23:14:44.907209,25.00,14.30,100.00,10.00
2026-05-15T23:14:45.009648,25.00,0.00,100.00,10.00
2026-05-15T23:14:45.112580,0.00,0.00,100.00,0.00
2026-05-15T23:14:45.215138,25.00,25.00,100.00,0.00
2026-05-15T23:14:45.317658,14.30,14.30,100.00,0.00
2026-05-15T23:14:45.420053,14.30,16.70,100.00,0.00
2026-05-15T23:14:45.522693,14.30,0.00,100.00,10.00
2026-05-15T23:14:45.624891,14.30,25.00,100.00,0.00
2026-05-15T23:14:45.727413,16.70,0.00,100.00,0.00
2026-05-15T23:14:45.829729,14.30,14.30,100.00,0.00
2026-05-15T23:14:45.932218,14.30,16.70,100.00,0.00
2026-05-15T23:14:46.034660,14.30,0.00,100.00,10.00
2026-05-15T23:14:46.137534,25.00,25.00,100.00,0.00
2026-05-15T23:14:46.240001,25.00,14.30,100.00,0.00
2026-05-15T23:14:46.342610,14.30,16.70,100.00,0.00
2026-05-15T23:14:46.444914,14.30,14.30,100.00,0.00
2026-05-15T23:14:46.547428,14.30,0.00,100.00,0.00
2026-05-15T23:14:46.649734,25.00,16.70,100.00,10.00
2026-05-15T23:14:46.751904,16.70,14.30,100.00,0.00
2026-05-15T23:14:46.854697,14.30,16.70,100.00,0.00
2026-05-15T23:14:46.957674,0.00,14.30,100.00,10.00
2026-05-15T23:14:47.059959,25.00,28.60,100.00,0.00
2026-05-15T23:14:47.162646,28.60,14.30,100.00,18.20
2026-05-15T23:14:47.265341,25.00,16.70,100.00,0.00
2026-05-15T23:14:47.367921,25.00,14.30,100.00,0.00
2026-05-15T23:14:47.470655,0.00,16.70,100.00,0.00
2026-05-15T23:14:47.572910,14.30,14.30,100.00,10.00
2026-05-15T23:14:47.675942,14.30,16.70,100.00,0.00
2026-05-15T23:14:47.778668,14.30,0.00,100.00,0.00
2026-05-15T23:14:47.881252,25.00,14.30,100.00,0.00
2026-05-15T23:14:47.983428,14.30,16.70,100.00,0.00
2026-05-15T23:14:48.085904,0.00,14.30,100.00,18.20
2026-05-15T23:14:48.188196,16.70,0.00,100.00,0.00
2026-05-15T23:14:48.290548,25.00,28.60,100.00,0.00
2026-05-15T23:14:48.392962,0.00,14.30,100.00,10.00
2026-05-15T23:14:48.495531,25.00,0.00,100.00,0.00
2026-05-15T23:14:48.599074,14.30,25.00,100.00,10.00
2026-05-15T23:14:48.701477,14.30,0.00,100.00,0.00
2026-05-15T23:14:48.803881,14.30,14.30,100.00,0.00
2026-05-15T23:14:48.906246,14.30,0.00,100.00,0.00
2026-05-15T23:14:49.008831,0.00,0.00,100.00,0.00
2026-05-15T23:14:49.111269,25.00,37.50,100.00,10.00
2026-05-15T23:14:49.213620,25.00,0.00,100.00,0.00
2026-05-15T23:14:49.316192,25.00,14.30,100.00,0.00
2026-05-15T23:14:49.418657,16.70,0.00,100.00,10.00
2026-05-15T23:14:49.521902,25.00,14.30,100.00,0.00
2026-05-15T23:14:49.624341,14.30,16.70,100.00,10.00
2026-05-15T23:14:49.726576,14.30,25.00,100.00,10.00
2026-05-15T23:14:49.886690,84.60,75.00,100.00,28.60
2026-05-15T23:14:49.990700,77.80,62.50,75.00,12.50
2026-05-15T23:14:50.093715,57.10,62.50,66.70,11.10
2026-05-15T23:14:50.197176,75.00,75.00,75.00,11.10
2026-05-15T23:14:50.300333,75.00,62.50,71.40,0.00
2026-05-15T23:14:50.403380,57.10,57.10,57.10,0.00
2026-05-15T23:14:50.506517,77.80,71.40,75.00,22.20
2026-05-15T23:14:50.610237,62.50,62.50,77.80,0.00
2026-05-15T23:14:50.713732,77.80,71.40,77.80,11.10
2026-05-15T23:14:50.817223,77.80,66.70,77.80,12.50
2026-05-15T23:14:50.920239,75.00,75.00,66.70,0.00
2026-05-15T23:14:51.023212,75.00,62.50,77.80,20.00
2026-05-15T23:14:51.127107,66.70,62.50,62.50,0.00
2026-05-15T23:14:51.230300,75.00,75.00,75.00,12.50
2026-05-15T23:14:51.333678,75.00,71.40,77.80,11.10
2026-05-15T23:14:51.437461,77.80,62.50,77.80,11.10
2026-05-15T23:14:51.541484,66.70,71.40,71.40,12.50
2026-05-15T23:14:51.644861,77.80,71.40,77.80,0.00
2026-05-15T23:14:51.748396,71.40,62.50,75.00,20.00
2026-05-15T23:14:51.851916,75.00,77.80,75.00,12.50
2026-05-15T23:14:51.955593,71.40,62.50,87.50,12.50
2026-05-15T23:14:52.058588,70.00,71.40,62.50,0.00
2026-05-15T23:14:52.161678,71.40,77.80,77.80,20.00
2026-05-15T23:14:52.265156,71.40,66.70,71.40,12.50
2026-05-15T23:14:52.368074,77.80,71.40,75.00,11.10
2026-05-15T23:14:52.472433,62.50,66.70,75.00,0.00
2026-05-15T23:14:52.575943,77.80,71.40,75.00,11.10
2026-05-15T23:14:52.679970,75.00,70.00,75.00,12.50
2026-05-15T23:14:52.783667,75.00,71.40,75.00,0.00
2026-05-15T23:14:52.886793,75.00,77.80,77.80,22.20
2026-05-15T23:14:52.989853,62.50,57.10,57.10,11.10
2026-05-15T23:14:53.093497,75.00,62.50,75.00,12.50
2026-05-15T23:14:53.196732,75.00,75.00,75.00,11.10
2026-05-15T23:14:53.300546,66.70,71.40,75.00,22.20
2026-05-15T23:14:53.403731,66.70,66.70,62.50,11.10
2026-05-15T23:14:53.507196,75.00,57.10,77.80,11.10
2026-05-15T23:14:53.610583,62.50,75.00,75.00,0.00
2026-05-15T23:14:53.713527,75.00,62.50,62.50,11.10
2026-05-15T23:14:53.816898,77.80,80.00,87.50,11.10
2026-05-15T23:14:53.920493,71.40,71.40,62.50,12.50
2026-05-15T23:14:54.023595,77.80,75.00,77.80,11.10
2026-05-15T23:14:54.127330,71.40,77.80,75.00,0.00
2026-05-15T23:14:54.230727,70.00,66.70,75.00,20.00
2026-05-15T23:14:54.333885,75.00,71.40,75.00,0.00
2026-05-15T23:14:54.437255,62.50,62.50,66.70,11.10
2026-05-15T23:14:54.540102,75.00,66.70,71.40,12.50
2026-05-15T23:14:54.643348,71.40,75.00,77.80,20.00
2026-05-15T23:14:54.746631,62.50,66.70,62.50,0.00
2026-05-15T23:14:54.849869,71.40,62.50,66.70,12.50
2026-05-15T23:14:54.953426,77.80,71.40,75.00,11.10
2026-05-15T23:14:55.057143,75.00,75.00,80.00,12.50
2026-05-15T23:14:55.160363,77.80,66.70,75.00,0.00
2026-05-15T23:14:55.263870,66.70,75.00,71.40,22.20
2026-05-15T23:14:55.367157,77.80,71.40,77.80,11.10
2026-05-15T23:14:55.470582,66.70,66.70,66.70,0.00
2026-05-15T23:14:55.574103,50.00,62.50,71.40,20.00
2026-05-15T23:14:55.677864,77.80,75.00,77.80,20.00
2026-05-15T23:14:55.780835,66.70,66.70,62.50,0.00
2026-05-15T23:14:55.883598,66.70,57.10,71.40,0.00
2026-05-15T23:14:55.986977,70.00,75.00,75.00,11.10
2026-05-15T23:14:56.090489,71.40,75.00,77.80,11.10
2026-05-15T23:14:56.193757,75.00,66.70,57.10,22.20
2026-05-15T23:14:56.297931,62.50,57.10,71.40,0.00
2026-05-15T23:14:56.401061,77.80,77.80,75.00,0.00
2026-05-15T23:14:56.504331,75.00,62.50,75.00,11.10
2026-05-15T23:14:56.607938,62.50,60.00,70.00,12.50
2026-05-15T23:14:56.711310,75.00,70.00,75.00,0.00
2026-05-15T23:14:56.814363,71.40,62.50,75.00,0.00
2026-05-15T23:14:56.917783,62.50,75.00,66.70,11.10
2026-05-15T23:14:57.021111,77.80,75.00,75.00,22.20
2026-05-15T23:14:57.124430,75.00,62.50,75.00,0.00
2026-05-15T23:14:57.229180,71.40,75.00,87.50,11.10
2026-05-15T23:14:57.332266,77.80,71.40,71.40,12.50
2026-05-15T23:14:57.435704,66.70,62.50,75.00,0.00
2026-05-15T23:14:57.539585,75.00,75.00,71.40,0.00
2026-05-15T23:14:57.643090,62.50,62.50,70.00,12.50
2026-05-15T23:14:57.745920,77.80,75.00,77.80,20.00
2026-05-15T23:14:57.848910,66.70,62.50,66.70,0.00
2026-05-15T23:14:57.954361,66.70,66.70,66.70,11.10
2026-05-15T23:14:58.057209,71.40,75.00,77.80,11.10
2026-05-15T23:14:58.160467,75.00,57.10,71.40,0.00
2026-05-15T23:14:58.263548,75.00,75.00,77.80,11.10
2026-05-15T23:14:58.366981,75.00,71.40,75.00,0.00
2026-05-15T23:14:58.470137,75.00,66.70,70.00,11.10
2026-05-15T23:14:58.573774,77.80,66.70,71.40,0.00
2026-05-15T23:14:58.677364,62.50,77.80,75.00,22.20
2026-05-15T23:14:58.780705,87.50,57.10,75.00,20.00
2026-05-15T23:14:58.883915,75.00,75.00,75.00,0.00
2026-05-15T23:14:58.987496,77.80,71.40,75.00,11.10
2026-05-15T23:14:59.091250,77.80,66.70,77.80,0.00
2026-05-15T23:14:59.194230,80.00,77.80,75.00,12.50
2026-05-15T23:14:59.297582,77.80,71.40,75.00,22.20
2026-05-15T23:14:59.400653,75.00,75.00,75.00,0.00
2026-05-15T23:14:59.503952,62.50,66.70,77.80,0.00
2026-05-15T23:14:59.607863,77.80,75.00,75.00,12.50
2026-05-15T23:14:59.711423,66.70,71.40,80.00,11.10
2026-05-15T23:14:59.814659,75.00,62.50,71.40,11.10
2026-05-15T23:14:59.917923,77.80,75.00,75.00,11.10
2026-05-15T23:15:00.020956,75.00,75.00,77.80,0.00
2026-05-15T23:15:00.124466,75.00,66.70,75.00,20.00
2026-05-15T23:15:00.227876,85.70,75.00,80.00,12.50
2026-05-15T23:15:00.331495,81.80,77.80,77.80,11.10
2026-05-15T23:15:00.435071,71.40,77.80,71.40,12.50
2026-05-15T23:15:00.538163,66.70,75.00,75.00,0.00
2026-05-15T23:15:00.641539,75.00,66.70,62.50,22.20
2026-05-15T23:15:00.744739,57.10,66.70,66.70,0.00
2026-05-15T23:15:00.848454,75.00,70.00,80.00,11.10
2026-05-15T23:15:00.951858,75.00,71.40,71.40,11.10
2026-05-15T23:15:01.055122,75.00,66.70,57.10,12.50
2026-05-15T23:15:01.158605,66.70,75.00,77.80,20.00
2026-05-15T23:15:01.261568,87.50,80.00,87.50,25.00
2026-05-15T23:15:01.365265,66.70,71.40,80.00,0.00
2026-05-15T23:15:01.468227,71.40,66.70,62.50,11.10
2026-05-15T23:15:01.572416,66.70,71.40,71.40,11.10
2026-05-15T23:15:01.675398,83.30,62.50,71.40,12.50
2026-05-15T23:15:01.778696,66.70,75.00,70.00,0.00
2026-05-15T23:15:01.881978,71.40,62.50,71.40,0.00
2026-05-15T23:15:01.985436,66.70,57.10,71.40,11.10
2026-05-15T23:15:02.088479,77.80,75.00,66.70,0.00
2026-05-15T23:15:02.192323,71.40,57.10,75.00,20.00
2026-05-15T23:15:02.295289,62.50,77.80,75.00,11.10
2026-05-15T23:15:02.398645,77.80,66.70,71.40,0.00
2026-05-15T23:15:02.502455,85.70,66.70,75.00,20.00
2026-05-15T23:15:02.606364,77.80,66.70,88.90,11.10
2026-05-15T23:15:02.709485,75.00,80.00,75.00,22.20
2026-05-15T23:15:02.813387,75.00,75.00,75.00,0.00
2026-05-15T23:15:02.916921,80.00,75.00,75.00,33.30
2026-05-15T23:15:03.020028,57.10,62.50,66.70,11.10
2026-05-15T23:15:03.123316,75.00,57.10,75.00,0.00
2026-05-15T23:15:03.226960,75.00,62.50,77.80,0.00
2026-05-15T23:15:03.330100,75.00,71.40,71.40,12.50
2026-05-15T23:15:03.433672,62.50,62.50,66.70,0.00
2026-05-15T23:15:03.537256,71.40,75.00,77.80,11.10
2026-05-15T23:15:03.640486,77.80,71.40,71.40,0.00
2026-05-15T23:15:03.744175,77.80,75.00,80.00,20.00
2026-05-15T23:15:03.847394,62.50,62.50,75.00,0.00
2026-05-15T23:15:03.950708,75.00,62.50,77.80,0.00
2026-05-15T23:15:04.053697,71.40,71.40,62.50,11.10
2026-05-15T23:15:04.157252,77.80,77.80,77.80,20.00
2026-05-15T23:15:04.261167,77.80,62.50,75.00,12.50
2026-05-15T23:15:04.364602,57.10,62.50,66.70,0.00
2026-05-15T23:15:04.467895,77.80,71.40,66.70,11.10
2026-05-15T23:15:04.571809,57.10,62.50,77.80,0.00
2026-05-15T23:15:04.674905,88.90,75.00,75.00,11.10
2026-05-15T23:15:04.778798,71.40,75.00,80.00,12.50
2026-05-15T23:15:04.882488,77.80,75.00,77.80,11.10
2026-05-15T23:15:04.986283,71.40,80.00,85.70,12.50
2026-05-15T23:15:05.089667,81.80,75.00,80.00,0.00
2026-05-15T23:15:05.193398,80.00,77.80,77.80,20.00
2026-05-15T23:15:05.296788,85.70,77.80,77.80,22.20
2026-05-15T23:15:05.400226,66.70,75.00,71.40,11.10
2026-05-15T23:15:05.503172,87.50,75.00,77.80,0.00
2026-05-15T23:15:05.606396,66.70,66.70,62.50,11.10
2026-05-15T23:15:05.709345,71.40,75.00,77.80,11.10
2026-05-15T23:15:05.812722,71.40,62.50,75.00,12.50
2026-05-15T23:15:05.915711,75.00,71.40,71.40,0.00
2026-05-15T23:15:06.019141,62.50,62.50,77.80,11.10
2026-05-15T23:15:06.122608,77.80,77.80,75.00,22.20
2026-05-15T23:15:06.225915,75.00,75.00,77.80,11.10
2026-05-15T23:15:06.329453,75.00,71.40,75.00,0.00
2026-05-15T23:15:06.433623,77.80,75.00,71.40,11.10
2026-05-15T23:15:06.536907,75.00,57.10,77.80,20.00
2026-05-15T23:15:06.640288,75.00,77.80,77.80,0.00
2026-05-15T23:15:06.743524,75.00,71.40,77.80,11.10
2026-05-15T23:15:06.846916,77.80,77.80,75.00,0.00
2026-05-15T23:15:06.950867,71.40,66.70,75.00,20.00
2026-05-15T23:15:07.054512,75.00,77.80,77.80,12.50
2026-05-15T23:15:07.157521,77.80,66.70,77.80,11.10
2026-05-15T23:15:07.260972,71.40,77.80,87.50,12.50
2026-05-15T23:15:07.364259,77.80,75.00,71.40,11.10
2026-05-15T23:15:07.468402,75.00,71.40,80.00,0.00
2026-05-15T23:15:07.571649,75.00,66.70,75.00,11.10
2026-05-15T23:15:07.675461,77.80,77.80,77.80,20.00
2026-05-15T23:15:07.778668,77.80,71.40,75.00,0.00
2026-05-15T23:15:07.881909,75.00,77.80,71.40,11.10
2026-05-15T23:15:07.985209,75.00,75.00,80.00,12.50
2026-05-15T23:15:08.088485,71.40,75.00,85.70,11.10
2026-05-15T23:15:08.191553,80.00,62.50,66.70,0.00
2026-05-15T23:15:08.294838,75.00,75.00,85.70,11.10
2026-05-15T23:15:08.398082,71.40,71.40,75.00,0.00
2026-05-15T23:15:08.501342,75.00,70.00,77.80,12.50
2026-05-15T23:15:08.605145,75.00,66.70,71.40,11.10
2026-05-15T23:15:08.708335,75.00,75.00,75.00,0.00
2026-05-15T23:15:08.811566,66.70,77.80,71.40,22.20
2026-05-15T23:15:08.914826,77.80,75.00,77.80,11.10
2026-05-15T23:15:09.017857,75.00,71.40,75.00,12.50
2026-05-15T23:15:09.122101,71.40,66.70,75.00,0.00
2026-05-15T23:15:09.227133,66.70,62.50,70.00,11.10
2026-05-15T23:15:09.330963,83.30,71.40,83.30,22.20
2026-05-15T23:15:09.434507,77.80,77.80,81.80,0.00
2026-05-15T23:15:09.538149,77.80,71.40,71.40,12.50
2026-05-15T23:15:09.641876,75.00,66.70,77.80,20.00
2026-05-15T23:15:09.745984,87.50,75.00,75.00,0.00
2026-05-15T23:15:09.849122,75.00,77.80,87.50,12.50
2026-05-15T23:15:09.953114,71.40,71.40,77.80,0.00
2026-05-15T23:15:10.055969,71.40,71.40,77.80,0.00
2026-05-15T23:15:10.159665,75.00,70.00,71.40,11.10
2026-05-15T23:15:10.262609,77.80,71.40,77.80,22.20
2026-05-15T23:15:10.366289,77.80,80.00,77.80,11.10
2026-05-15T23:15:10.469226,75.00,66.70,77.80,0.00
2026-05-15T23:15:10.572883,75.00,80.00,71.40,11.10
2026-05-15T23:15:10.676269,75.00,77.80,77.80,0.00
2026-05-15T23:15:10.780139,77.80,62.50,85.70,22.20
2026-05-15T23:15:10.883409,75.00,71.40,77.80,0.00
2026-05-15T23:15:10.986506,87.50,77.80,77.80,12.50
2026-05-15T23:15:11.089666,71.40,77.80,87.50,0.00
2026-05-15T23:15:11.193193,75.00,71.40,75.00,0.00
2026-05-15T23:15:11.296444,77.80,75.00,77.80,36.40
2026-05-15T23:15:11.399832,77.80,77.80,77.80,0.00
2026-05-15T23:15:11.503530,77.80,75.00,71.40,12.50
2026-05-15T23:15:11.606708,75.00,66.70,77.80,11.10
2026-05-15T23:15:11.709604,75.00,75.00,87.50,12.50
2026-05-15T23:15:11.812984,75.00,71.40,66.70,0.00
2026-05-15T23:15:11.916306,71.40,70.00,75.00,0.00
2026-05-15T23:15:12.019549,77.80,75.00,77.80,22.20
2026-05-15T23:15:12.122703,70.00,75.00,77.80,0.00
2026-05-15T23:15:12.225551,71.40,57.10,71.40,11.10
2026-05-15T23:15:12.328876,75.00,75.00,75.00,12.50
2026-05-15T23:15:12.432518,62.50,57.10,62.50,0.00
2026-05-15T23:15:12.535577,75.00,66.70,71.40,11.10
2026-05-15T23:15:12.638829,71.40,71.40,75.00,0.00
2026-05-15T23:15:12.742414,66.70,62.50,62.50,22.20
2026-05-15T23:15:12.846872,75.00,71.40,75.00,0.00
2026-05-15T23:15:12.950482,77.80,75.00,88.90,40.00
2026-05-15T23:15:13.053725,75.00,77.80,71.40,0.00
2026-05-15T23:15:13.157255,71.40,85.70,77.80,0.00
2026-05-15T23:15:13.260402,77.80,70.00,75.00,22.20
2026-05-15T23:15:13.363822,75.00,80.00,88.90,0.00
2026-05-15T23:15:13.466863,75.00,71.40,70.00,11.10
2026-05-15T23:15:13.570433,75.00,57.10,71.40,0.00
2026-05-15T23:15:13.674145,71.40,75.00,77.80,12.50
2026-05-15T23:15:13.777963,75.00,75.00,75.00,12.50
2026-05-15T23:15:13.881565,77.80,71.40,77.80,0.00
2026-05-15T23:15:13.985836,75.00,66.70,75.00,20.00
2026-05-15T23:15:14.089619,77.80,75.00,77.80,12.50
2026-05-15T23:15:14.192892,77.80,71.40,75.00,11.10
2026-05-15T23:15:14.296423,75.00,77.80,88.90,12.50
2026-05-15T23:15:14.399726,80.00,71.40,75.00,11.10
2026-05-15T23:15:14.503066,75.00,77.80,77.80,0.00
2026-05-15T23:15:14.606399,75.00,62.50,71.40,11.10
2026-05-15T23:15:14.709919,57.10,62.50,71.40,11.10
2026-05-15T23:15:14.813426,75.00,75.00,66.70,11.10
2026-05-15T23:15:14.916738,71.40,62.50,71.40,11.10
2026-05-15T23:15:15.022036,75.00,75.00,81.80,12.50
2026-05-15T23:15:15.125393,75.00,77.80,87.50,12.50
2026-05-15T23:15:15.228404,88.90,75.00,77.80,12.50
2026-05-15T23:15:15.331523,77.80,66.70,75.00,11.10
2026-05-15T23:15:15.434617,77.80,71.40,75.00,12.50
2026-05-15T23:15:15.538121,66.70,70.00,77.80,11.10
2026-05-15T23:15:15.641498,80.00,75.00,77.80,12.50
2026-05-15T23:15:15.744639,71.40,75.00,75.00,11.10
2026-05-15T23:15:15.847682,77.80,75.00,77.80,0.00
2026-05-15T23:15:15.950949,70.00,75.00,71.40,12.50
2026-05-15T23:15:16.054866,83.30,62.50,77.80,20.00
2026-05-15T23:15:16.158325,77.80,71.40,71.40,0.00
2026-05-15T23:15:16.261822,62.50,66.70,75.00,12.50
2026-05-15T23:15:16.365163,75.00,75.00,75.00,0.00
2026-05-15T23:15:16.468209,71.40,57.10,66.70,11.10
2026-05-15T23:15:16.571811,71.40,62.50,66.70,11.10
2026-05-15T23:15:16.675402,66.70,71.40,77.80,11.10
2026-05-15T23:15:16.778639,75.00,75.00,75.00,12.50
2026-05-15T23:15:16.881951,75.00,66.70,77.80,0.00
2026-05-15T23:15:16.984812,71.40,75.00,75.00,11.10
2026-05-15T23:15:17.088107,66.70,57.10,62.50,12.50
2026-05-15T23:15:17.191545,71.40,62.50,75.00,0.00
2026-05-15T23:15:17.294735,66.70,77.80,57.10,22.20
2026-05-15T23:15:17.398405,77.80,62.50,87.50,20.00
2026-05-15T23:15:17.501889,85.70,71.40,77.80,11.10
2026-05-15T23:15:17.605744,80.00,66.70,77.80,12.50
2026-05-15T23:15:17.708826,75.00,75.00,75.00,11.10
2026-05-15T23:15:17.812099,71.40,71.40,75.00,0.00
2026-05-15T23:15:17.915392,70.00,62.50,71.40,0.00
2026-05-15T23:15:18.018876,60.00,71.40,62.50,20.00
2026-05-15T23:15:18.122401,75.00,66.70,75.00,0.00
2026-05-15T23:15:18.226295,62.50,77.80,80.00,11.10
2026-05-15T23:15:18.329466,75.00,62.50,71.40,0.00
2026-05-15T23:15:18.432668,75.00,75.00,77.80,11.10
2026-05-15T23:15:18.536513,77.80,75.00,75.00,11.10
2026-05-15T23:15:18.639870,75.00,71.40,77.80,0.00
2026-05-15T23:15:18.743408,77.80,77.80,77.80,11.10
2026-05-15T23:15:18.846551,66.70,62.50,87.50,11.10
2026-05-15T23:15:18.949727,71.40,62.50,66.70,0.00
2026-05-15T23:15:19.053018,75.00,75.00,75.00,30.00
2026-05-15T23:15:19.156602,75.00,71.40,87.50,0.00
2026-05-15T23:15:19.260137,75.00,77.80,77.80,22.20
2026-05-15T23:15:19.363894,71.40,66.70,71.40,0.00
2026-05-15T23:15:19.467304,77.80,71.40,77.80,0.00
2026-05-15T23:15:19.570510,77.80,70.00,71.40,0.00
2026-05-15T23:15:19.673557,75.00,60.00,77.80,22.20
2026-05-15T23:15:19.777101,66.70,62.50,75.00,11.10
2026-05-15T23:15:19.880669,66.70,75.00,62.50,11.10
2026-05-15T23:15:19.984041,70.00,57.10,62.50,12.50
2026-05-15T23:15:20.087204,66.70,57.10,75.00,0.00
2026-05-15T23:15:20.190187,71.40,62.50,62.50,11.10
2026-05-15T23:15:20.293497,62.50,62.50,66.70,11.10
2026-05-15T23:15:20.396704,62.50,57.10,75.00,12.50
2026-05-15T23:15:20.499533,71.40,66.70,62.50,0.00
2026-05-15T23:15:20.602904,66.70,62.50,75.00,11.10
2026-05-15T23:15:20.705860,71.40,71.40,62.50,22.20
2026-05-15T23:15:20.809111,66.70,57.10,66.70,11.10
2026-05-15T23:15:20.912252,57.10,57.10,66.70,0.00
2026-05-15T23:15:21.014944,57.10,55.60,57.10,0.00
2026-05-15T23:15:21.118106,57.10,57.10,50.00,11.10
2026-05-15T23:15:21.220898,62.50,62.50,66.70,11.10
2026-05-15T23:15:21.323835,71.40,57.10,71.40,0.00
2026-05-15T23:15:21.427348,66.70,66.70,66.70,0.00
2026-05-15T23:15:21.530650,71.40,62.50,62.50,12.50
2026-05-15T23:15:21.633798,66.70,62.50,71.40,0.00
2026-05-15T23:15:21.737215,50.00,71.40,57.10,11.10
2026-05-15T23:15:21.841352,77.80,62.50,75.00,0.00
2026-05-15T23:15:21.944599,62.50,62.50,66.70,11.10
2026-05-15T23:15:22.047567,62.50,66.70,71.40,11.10
2026-05-15T23:15:22.150580,66.70,62.50,62.50,11.10
2026-05-15T23:15:22.253387,66.70,50.00,62.50,11.10
2026-05-15T23:15:22.356376,62.50,66.70,57.10,0.00
2026-05-15T23:15:22.459598,62.50,57.10,62.50,20.00
2026-05-15T23:15:22.562517,75.00,62.50,66.70,12.50
2026-05-15T23:15:22.665997,57.10,62.50,62.50,0.00
2026-05-15T23:15:22.769608,66.70,62.50,62.50,11.10
2026-05-15T23:15:22.872599,62.50,57.10,57.10,11.10
2026-05-15T23:15:22.975787,62.50,62.50,62.50,22.20
2026-05-15T23:15:23.079891,71.40,66.70,70.00,11.10
2026-05-15T23:15:23.183083,57.10,57.10,50.00,0.00
2026-05-15T23:15:23.286305,66.70,50.00,75.00,12.50
2026-05-15T23:15:23.389434,57.10,71.40,57.10,11.10
2026-05-15T23:15:23.492561,57.10,50.00,66.70,11.10
2026-05-15T23:15:23.595688,57.10,50.00,57.10,0.00
2026-05-15T23:15:23.698579,62.50,57.10,57.10,20.00
2026-05-15T23:15:23.801377,57.10,62.50,66.70,0.00
2026-05-15T23:15:23.904187,62.50,62.50,57.10,11.10
2026-05-15T23:15:24.007232,62.50,57.10,71.40,12.50
2026-05-15T23:15:24.110327,62.50,57.10,62.50,0.00
2026-05-15T23:15:24.213449,57.10,50.00,62.50,11.10
2026-05-15T23:15:24.318164,71.40,66.70,62.50,11.10
2026-05-15T23:15:24.421326,62.50,57.10,71.40,0.00
2026-05-15T23:15:24.524604,62.50,50.00,57.10,11.10
2026-05-15T23:15:24.627940,60.00,75.00,66.70,0.00
2026-05-15T23:15:24.730914,66.70,57.10,71.40,20.00
2026-05-15T23:15:24.833781,66.70,62.50,66.70,12.50
2026-05-15T23:15:24.936881,66.70,66.70,75.00,0.00
2026-05-15T23:15:25.040281,71.40,71.40,62.50,11.10
2026-05-15T23:15:25.143280,66.70,50.00,75.00,20.00
2026-05-15T23:15:25.247224,62.50,60.00,62.50,0.00
2026-05-15T23:15:25.350749,71.40,70.00,62.50,20.00
2026-05-15T23:15:25.454120,57.10,62.50,71.40,0.00
2026-05-15T23:15:25.557202,66.70,62.50,62.50,0.00
2026-05-15T23:15:25.660088,50.00,57.10,57.10,11.10
2026-05-15T23:15:25.764002,75.00,62.50,71.40,11.10
2026-05-15T23:15:25.866890,57.10,57.10,70.00,11.10
2026-05-15T23:15:25.969724,80.00,66.70,57.10,0.00
2026-05-15T23:15:26.073199,50.00,62.50,75.00,11.10
2026-05-15T23:15:26.176332,66.70,62.50,57.10,11.10
2026-05-15T23:15:26.279492,57.10,57.10,55.60,20.00
2026-05-15T23:15:26.382587,62.50,57.10,66.70,0.00
2026-05-15T23:15:26.486059,57.10,55.60,60.00,11.10
2026-05-15T23:15:26.588731,71.40,57.10,71.40,0.00
2026-05-15T23:15:26.691792,62.50,62.50,57.10,12.50
2026-05-15T23:15:26.794848,57.10,75.00,66.70,11.10
2026-05-15T23:15:26.898174,71.40,57.10,66.70,22.20
2026-05-15T23:15:27.001403,66.70,66.70,66.70,0.00
2026-05-15T23:15:27.104433,71.40,62.50,57.10,12.50
2026-05-15T23:15:27.207555,66.70,57.10,71.40,20.00
2026-05-15T23:15:27.311142,62.50,77.80,62.50,0.00
2026-05-15T23:15:27.413958,75.00,66.70,71.40,20.00
2026-05-15T23:15:27.516921,66.70,57.10,57.10,11.10
2026-05-15T23:15:27.619623,62.50,57.10,66.70,0.00
2026-05-15T23:15:27.722568,66.70,57.10,62.50,11.10
2026-05-15T23:15:27.825427,66.70,62.50,66.70,11.10
2026-05-15T23:15:27.928896,62.50,62.50,66.70,12.50
2026-05-15T23:15:28.031934,71.40,62.50,66.70,20.00
2026-05-15T23:15:28.135591,57.10,66.70,57.10,0.00
2026-05-15T23:15:28.238603,75.00,66.70,77.80,20.00
2026-05-15T23:15:28.341342,57.10,66.70,50.00,0.00
2026-05-15T23:15:28.445115,75.00,62.50,66.70,11.10
2026-05-15T23:15:28.548634,57.10,66.70,62.50,0.00
2026-05-15T23:15:28.652261,66.70,62.50,77.80,12.50
2026-05-15T23:15:28.755485,66.70,57.10,57.10,11.10
2026-05-15T23:15:28.858594,66.70,62.50,75.00,11.10
2026-05-15T23:15:28.961698,62.50,62.50,57.10,0.00
2026-05-15T23:15:29.064605,62.50,50.00,57.10,20.00
2026-05-15T23:15:29.167711,57.10,57.10,50.00,0.00
2026-05-15T23:15:29.270681,50.00,66.70,66.70,12.50
2026-05-15T23:15:29.373978,62.50,57.10,57.10,11.10
2026-05-15T23:15:29.477722,71.40,57.10,57.10,11.10
2026-05-15T23:15:29.580878,50.00,55.60,66.70,0.00
2026-05-15T23:15:29.685080,70.00,66.70,71.40,0.00
2026-05-15T23:15:29.787811,62.50,60.00,50.00,11.10
2026-05-15T23:15:29.890866,50.00,50.00,57.10,20.00
2026-05-15T23:15:29.994215,71.40,62.50,57.10,0.00
2026-05-15T23:15:30.097468,62.50,50.00,62.50,11.10
2026-05-15T23:15:30.200505,50.00,57.10,62.50,0.00
2026-05-15T23:15:30.303623,66.70,57.10,57.10,11.10
2026-05-15T23:15:30.406616,62.50,55.60,57.10,11.10
2026-05-15T23:15:30.510506,62.50,57.10,66.70,0.00
2026-05-15T23:15:30.613488,75.00,62.50,71.40,11.10
2026-05-15T23:15:30.716436,62.50,57.10,62.50,12.50
2026-05-15T23:15:30.819962,62.50,62.50,66.70,0.00
2026-05-15T23:15:30.922883,57.10,62.50,62.50,11.10
2026-05-15T23:15:31.025874,75.00,71.40,66.70,0.00
2026-05-15T23:15:31.129064,50.00,62.50,62.50,20.00
2026-05-15T23:15:31.232815,75.00,66.70,62.50,0.00
2026-05-15T23:15:31.335811,62.50,57.10,66.70,11.10
2026-05-15T23:15:31.438841,50.00,62.50,50.00,10.00
2026-05-15T23:15:31.545310,60.00,42.90,62.50,0.00
2026-05-15T23:15:31.648883,60.00,57.10,66.70,11.10
2026-05-15T23:15:31.752126,70.00,62.50,62.50,12.50
2026-05-15T23:15:31.854854,62.50,57.10,57.10,11.10
2026-05-15T23:15:31.958068,50.00,50.00,71.40,0.00
2026-05-15T23:15:32.061047,57.10,55.60,55.60,11.10
2026-05-15T23:15:32.163939,62.50,57.10,66.70,0.00
2026-05-15T23:15:32.267270,71.40,62.50,62.50,11.10
2026-05-15T23:15:32.370934,62.50,57.10,62.50,11.10
2026-05-15T23:15:32.474665,57.10,62.50,66.70,0.00
2026-05-15T23:15:32.578149,66.70,62.50,57.10,11.10
2026-05-15T23:15:32.681183,71.40,62.50,62.50,11.10
2026-05-15T23:15:32.784614,62.50,62.50,50.00,0.00
2026-05-15T23:15:32.887674,62.50,50.00,71.40,0.00
2026-05-15T23:15:32.990906,75.00,71.40,66.70,36.40
2026-05-15T23:15:33.094112,62.50,62.50,62.50,0.00
2026-05-15T23:15:33.197606,57.10,62.50,71.40,11.10
2026-05-15T23:15:33.300590,75.00,57.10,57.10,0.00
2026-05-15T23:15:33.403398,50.00,62.50,62.50,20.00
2026-05-15T23:15:33.507140,62.50,57.10,57.10,0.00
2026-05-15T23:15:33.610252,57.10,62.50,66.70,0.00
2026-05-15T23:15:33.714026,66.70,57.10,57.10,12.50
2026-05-15T23:15:33.817440,60.00,66.70,71.40,0.00
2026-05-15T23:15:33.920857,66.70,42.90,66.70,0.00
2026-05-15T23:15:34.023911,57.10,57.10,62.50,11.10
2026-05-15T23:15:34.127574,62.50,62.50,66.70,11.10
2026-05-15T23:15:34.230511,62.50,71.40,57.10,11.10
2026-05-15T23:15:34.333630,60.00,50.00,71.40,0.00
2026-05-15T23:15:34.436641,66.70,57.10,66.70,0.00
2026-05-15T23:15:34.539738,57.10,66.70,40.00,11.10
2026-05-15T23:15:34.642938,62.50,57.10,66.70,11.10
2026-05-15T23:15:34.746032,66.70,62.50,75.00,12.50
2026-05-15T23:15:34.848443,0.00,12.50,12.50,0.00
2026-05-15T23:15:34.951008,12.50,0.00,14.30,0.00
2026-05-15T23:15:35.053739,14.30,0.00,0.00,0.00
2026-05-15T23:15:35.155904,0.00,12.50,22.20,0.00
2026-05-15T23:15:35.258254,22.20,22.20,0.00,18.20
2026-05-15T23:15:35.360865,0.00,12.50,14.30,0.00
2026-05-15T23:15:35.463023,14.30,14.30,0.00,0.00
2026-05-15T23:15:35.565356,12.50,0.00,22.20,0.00
2026-05-15T23:15:35.667450,12.50,12.50,12.50,0.00
2026-05-15T23:15:35.769756,22.20,12.50,0.00,18.20
2026-05-15T23:15:35.872036,0.00,12.50,25.00,0.00
2026-05-15T23:15:35.974784,0.00,0.00,0.00,0.00
2026-05-15T23:15:36.077234,12.50,12.50,12.50,10.00
2026-05-15T23:15:36.179688,12.50,0.00,0.00,0.00
2026-05-15T23:15:36.282180,0.00,0.00,14.30,0.00
2026-05-15T23:15:36.384670,14.30,12.50,0.00,0.00
2026-05-15T23:15:36.487170,12.50,0.00,0.00,0.00
2026-05-15T23:15:36.589675,12.50,0.00,14.30,0.00
2026-05-15T23:15:36.692068,0.00,0.00,22.20,10.00
2026-05-15T23:15:36.851210,18.20,25.00,25.00,20.00
2026-05-15T23:15:36.953659,14.30,16.70,100.00,0.00
2026-05-15T23:15:37.055930,0.00,0.00,100.00,0.00
2026-05-15T23:15:37.158408,28.60,14.30,100.00,10.00
2026-05-15T23:15:37.260844,14.30,25.00,100.00,0.00
2026-05-15T23:15:37.363520,25.00,0.00,100.00,0.00
2026-05-15T23:15:37.466230,0.00,25.00,100.00,0.00
2026-05-15T23:15:37.568574,14.30,0.00,100.00,10.00
2026-05-15T23:15:37.670946,25.00,14.30,100.00,0.00
2026-05-15T23:15:37.773456,0.00,16.70,100.00,0.00
2026-05-15T23:15:37.876167,25.00,0.00,100.00,0.00
2026-05-15T23:15:37.978949,16.70,25.00,100.00,10.00
2026-05-15T23:15:38.081651,14.30,0.00,100.00,0.00
2026-05-15T23:15:38.184155,25.00,14.30,100.00,0.00
2026-05-15T23:15:38.286594,14.30,0.00,100.00,0.00
2026-05-15T23:15:38.388999,0.00,33.30,100.00,0.00
2026-05-15T23:15:38.491541,14.30,0.00,100.00,10.00
2026-05-15T23:15:38.593886,14.30,25.00,100.00,0.00
2026-05-15T23:15:38.696488,16.70,0.00,100.00,10.00
2026-05-15T23:15:38.798799,0.00,0.00,100.00,10.00
2026-05-15T23:15:38.901345,16.70,16.70,100.00,0.00
2026-05-15T23:15:39.003777,33.30,14.30,100.00,0.00
2026-05-15T23:15:39.106160,14.30,25.00,100.00,10.00
2026-05-15T23:15:39.208298,14.30,14.30,100.00,0.00
2026-05-15T23:15:39.310670,0.00,16.70,100.00,0.00
2026-05-15T23:15:39.412954,33.30,0.00,100.00,0.00
2026-05-15T23:15:39.515592,14.30,14.30,100.00,10.00
2026-05-15T23:15:39.618143,25.00,14.30,100.00,0.00
2026-05-15T23:15:39.720460,14.30,14.30,100.00,0.00
2026-05-15T23:15:39.822927,14.30,25.00,100.00,0.00
2026-05-15T23:15:39.925194,14.30,0.00,100.00,10.00
2026-05-15T23:15:40.027594,22.20,14.30,100.00,0.00
2026-05-15T23:15:40.129973,16.70,0.00,100.00,0.00
2026-05-15T23:15:40.232712,14.30,14.30,100.00,0.00
2026-05-15T23:15:40.334755,25.00,25.00,100.00,0.00
2026-05-15T23:15:40.437208,14.30,0.00,100.00,0.00
2026-05-15T23:15:40.539510,14.30,14.30,100.00,10.00
2026-05-15T23:15:40.641930,14.30,25.00,100.00,0.00
2026-05-15T23:15:40.744715,0.00,0.00,100.00,10.00
2026-05-15T23:15:40.847189,14.30,14.30,100.00,0.00
2026-05-15T23:15:40.949658,14.30,16.70,100.00,0.00
2026-05-15T23:15:41.052465,33.30,0.00,100.00,0.00
2026-05-15T23:15:41.155256,14.30,25.00,100.00,10.00
2026-05-15T23:15:41.258239,25.00,16.70,100.00,11.10
2026-05-15T23:15:41.360792,14.30,14.30,100.00,10.00
2026-05-15T23:15:41.463420,16.70,0.00,100.00,0.00
2026-05-15T23:15:41.565848,14.30,0.00,100.00,0.00
2026-05-15T23:15:41.668404,25.00,33.30,100.00,0.00
2026-05-15T23:15:41.771193,14.30,0.00,100.00,0.00
2026-05-15T23:15:41.874207,14.30,14.30,100.00,0.00
2026-05-15T23:15:41.976755,28.60,0.00,100.00,10.00
2026-05-15T23:15:42.079350,14.30,25.00,100.00,0.00
2026-05-15T23:15:42.181837,14.30,0.00,100.00,0.00
2026-05-15T23:15:42.284687,25.00,0.00,100.00,0.00
2026-05-15T23:15:42.387549,14.30,28.60,100.00,0.00
2026-05-15T23:15:42.489906,14.30,0.00,100.00,10.00
2026-05-15T23:15:42.592783,14.30,14.30,100.00,0.00
2026-05-15T23:15:42.695384,0.00,14.30,100.00,10.00
2026-05-15T23:15:42.797954,14.30,0.00,100.00,0.00
2026-05-15T23:15:42.900391,14.30,25.00,100.00,0.00
2026-05-15T23:15:43.002848,28.60,0.00,100.00,11.10
2026-05-15T23:15:43.105437,14.30,14.30,100.00,0.00
2026-05-15T23:15:43.208145,12.50,25.00,100.00,0.00
2026-05-15T23:15:43.310884,0.00,0.00,100.00,0.00
2026-05-15T23:15:43.413469,28.60,25.00,100.00,0.00
2026-05-15T23:15:43.516214,14.30,0.00,100.00,18.20
2026-05-15T23:15:43.618793,25.00,14.30,100.00,0.00
2026-05-15T23:15:43.721443,14.30,0.00,100.00,10.00
2026-05-15T23:15:43.823922,14.30,28.60,100.00,0.00
2026-05-15T23:15:43.926696,14.30,14.30,100.00,0.00
2026-05-15T23:15:44.029156,14.30,0.00,100.00,0.00
2026-05-15T23:15:44.131668,0.00,14.30,100.00,0.00
2026-05-15T23:15:44.233916,25.00,14.30,100.00,10.00
2026-05-15T23:15:44.336570,14.30,16.70,100.00,0.00
2026-05-15T23:15:44.438970,25.00,0.00,100.00,0.00
2026-05-15T23:15:44.541632,0.00,25.00,100.00,0.00
2026-05-15T23:15:44.644303,33.30,25.00,100.00,0.00
2026-05-15T23:15:44.746587,16.70,0.00,100.00,0.00
2026-05-15T23:15:45.116461,50.00,46.20,100.00,57.10
2026-05-15T23:15:45.221783,28.60,28.60,100.00,100.00
2026-05-15T23:15:45.326718,28.60,28.60,100.00,100.00
2026-05-15T23:15:45.431916,14.30,37.50,100.00,100.00
2026-05-15T23:15:45.536025,14.30,0.00,100.00,100.00
2026-05-15T23:15:45.640164,16.70,16.70,100.00,100.00
2026-05-15T23:15:45.745291,33.30,28.60,100.00,100.00
2026-05-15T23:15:45.849733,0.00,25.00,100.00,100.00
2026-05-15T23:15:45.954279,14.30,0.00,100.00,100.00
2026-05-15T23:15:46.058115,25.00,28.60,100.00,100.00
2026-05-15T23:15:46.162153,28.60,37.50,100.00,100.00
2026-05-15T23:15:46.266889,14.30,0.00,100.00,100.00
2026-05-15T23:15:46.371238,0.00,14.30,100.00,100.00
2026-05-15T23:15:46.475586,25.00,0.00,100.00,100.00
2026-05-15T23:15:46.579748,28.60,25.00,100.00,100.00
2026-05-15T23:15:46.684319,14.30,16.70,100.00,100.00
2026-05-15T23:15:46.788568,37.50,28.60,100.00,100.00
2026-05-15T23:15:46.893493,14.30,0.00,100.00,100.00
2026-05-15T23:15:46.997580,25.00,37.50,100.00,100.00
2026-05-15T23:15:47.101891,25.00,16.70,100.00,100.00
2026-05-15T23:15:47.206271,0.00,14.30,100.00,100.00
2026-05-15T23:15:47.310899,25.00,28.60,100.00,100.00
2026-05-15T23:15:47.415552,16.70,16.70,100.00,100.00
2026-05-15T23:15:47.520522,0.00,25.00,100.00,100.00
2026-05-15T23:15:47.625267,25.00,16.70,100.00,100.00
2026-05-15T23:15:47.729848,14.30,28.60,100.00,100.00
2026-05-15T23:15:47.834779,14.30,14.30,100.00,100.00
2026-05-15T23:15:47.939848,33.30,0.00,100.00,100.00
2026-05-15T23:15:48.044996,14.30,28.60,100.00,100.00
2026-05-15T23:15:48.150825,14.30,37.50,100.00,100.00
2026-05-15T23:15:48.255713,16.70,0.00,100.00,100.00
2026-05-15T23:15:48.360244,14.30,28.60,100.00,100.00
2026-05-15T23:15:48.465994,25.00,28.60,100.00,100.00
2026-05-15T23:15:48.571222,37.50,25.00,100.00,100.00
2026-05-15T23:15:48.676745,14.30,16.70,100.00,100.00
2026-05-15T23:15:48.780938,14.30,16.70,100.00,100.00
2026-05-15T23:15:48.885642,25.00,14.30,100.00,100.00
2026-05-15T23:15:48.990276,14.30,25.00,100.00,100.00
2026-05-15T23:15:49.094549,25.00,0.00,100.00,100.00
2026-05-15T23:15:49.198486,25.00,25.00,100.00,100.00
2026-05-15T23:15:49.303945,14.30,28.60,100.00,100.00
2026-05-15T23:15:49.409550,28.60,16.70,100.00,100.00
2026-05-15T23:15:49.514678,14.30,16.70,100.00,100.00
2026-05-15T23:15:49.619450,25.00,25.00,100.00,100.00
2026-05-15T23:15:49.724375,14.30,16.70,100.00,100.00
2026-05-15T23:15:49.827909,20.00,12.50,100.00,100.00
2026-05-15T23:15:49.931702,0.00,10.00,100.00,100.00
2026-05-15T23:15:50.034948,18.20,0.00,100.00,100.00
2026-05-15T23:15:50.138453,0.00,0.00,100.00,100.00
2026-05-15T23:15:50.242153,10.00,0.00,100.00,100.00
2026-05-15T23:15:50.345789,20.00,25.00,100.00,100.00
2026-05-15T23:15:50.449259,10.00,0.00,100.00,100.00
2026-05-15T23:15:50.552536,18.20,0.00,100.00,100.00
2026-05-15T23:15:50.655970,10.00,0.00,100.00,100.00
2026-05-15T23:15:50.759500,11.10,0.00,100.00,100.00
2026-05-15T23:15:50.863392,20.00,11.10,100.00,100.00
2026-05-15T23:15:50.967262,30.80,11.10,100.00,100.00
2026-05-15T23:15:51.071107,10.00,18.20,100.00,100.00
2026-05-15T23:15:51.174605,10.00,0.00,100.00,100.00
2026-05-15T23:15:51.278322,10.00,0.00,100.00,100.00
2026-05-15T23:15:51.381988,20.00,0.00,100.00,100.00
2026-05-15T23:15:51.485940,10.00,10.00,100.00,100.00
2026-05-15T23:15:51.590282,10.00,0.00,100.00,100.00
2026-05-15T23:15:51.694198,18.20,11.10,100.00,100.00
2026-05-15T23:15:51.798428,10.00,0.00,100.00,100.00
2026-05-15T23:15:51.902251,11.10,20.00,100.00,100.00
2026-05-15T23:15:52.006220,10.00,10.00,100.00,100.00
2026-05-15T23:15:52.109898,18.20,0.00,100.00,100.00
2026-05-15T23:15:52.213145,0.00,0.00,100.00,100.00
2026-05-15T23:15:52.316866,18.20,10.00,100.00,100.00
2026-05-15T23:15:52.420111,18.20,0.00,100.00,100.00
2026-05-15T23:15:52.523870,11.10,0.00,100.00,100.00
2026-05-15T23:15:52.627446,10.00,0.00,100.00,100.00
2026-05-15T23:15:52.730958,10.00,0.00,100.00,100.00
2026-05-15T23:15:52.834546,18.20,0.00,100.00,100.00
2026-05-15T23:15:52.938002,11.10,18.20,100.00,100.00
2026-05-15T23:15:53.041455,20.00,11.10,100.00,100.00
2026-05-15T23:15:53.145191,10.00,11.10,100.00,100.00
2026-05-15T23:15:53.248727,18.20,0.00,100.00,100.00
2026-05-15T23:15:53.352128,11.10,0.00,100.00,100.00
2026-05-15T23:15:53.455621,18.20,0.00,100.00,100.00
2026-05-15T23:15:53.558803,10.00,11.10,100.00,100.00
2026-05-15T23:15:53.662460,27.30,0.00,100.00,100.00
2026-05-15T23:15:53.766487,10.00,0.00,100.00,100.00
2026-05-15T23:15:53.870181,18.20,0.00,100.00,100.00
2026-05-15T23:15:53.973513,18.20,10.00,100.00,100.00
2026-05-15T23:15:54.076968,10.00,10.00,100.00,100.00
2026-05-15T23:15:54.180871,11.10,0.00,100.00,100.00
2026-05-15T23:15:54.284314,18.20,0.00,100.00,100.00
2026-05-15T23:15:54.387796,18.20,0.00,100.00,100.00
2026-05-15T23:15:54.491057,0.00,10.00,100.00,100.00
2026-05-15T23:15:54.594668,18.20,10.00,100.00,100.00
2026-05-15T23:15:54.698381,18.20,0.00,100.00,100.00
2026-05-15T23:15:54.801832,11.10,10.00,100.00,100.00
2026-05-15T23:15:54.905467,10.00,0.00,100.00,100.00
2026-05-15T23:15:55.009644,18.20,0.00,100.00,100.00
2026-05-15T23:15:55.113429,10.00,0.00,100.00,100.00
2026-05-15T23:15:55.216568,20.00,0.00,100.00,100.00
2026-05-15T23:15:55.320207,20.00,27.30,100.00,100.00
2026-05-15T23:15:55.423524,10.00,11.10,100.00,100.00
2026-05-15T23:15:55.526749,18.20,0.00,100.00,100.00
2026-05-15T23:15:55.629985,10.00,0.00,100.00,100.00
2026-05-15T23:15:55.733474,11.10,0.00,100.00,100.00
2026-05-15T23:15:55.836734,18.20,11.10,100.00,100.00
2026-05-15T23:15:55.940182,18.20,0.00,100.00,100.00
2026-05-15T23:15:56.043848,10.00,0.00,100.00,100.00
2026-05-15T23:15:56.147424,20.00,11.10,100.00,100.00
2026-05-15T23:15:56.250871,18.20,0.00,100.00,100.00
2026-05-15T23:15:56.354220,10.00,0.00,100.00,100.00
2026-05-15T23:15:56.457702,27.30,11.10,100.00,100.00
2026-05-15T23:15:56.560916,30.00,10.00,100.00,100.00
2026-05-15T23:15:56.664201,10.00,0.00,100.00,100.00
2026-05-15T23:15:56.767514,11.10,18.20,100.00,100.00
2026-05-15T23:15:56.870749,33.30,0.00,100.00,100.00
2026-05-15T23:15:56.974240,10.00,0.00,100.00,100.00
2026-05-15T23:15:57.077700,27.30,22.20,100.00,100.00
2026-05-15T23:15:57.181266,18.20,0.00,100.00,100.00
2026-05-15T23:15:57.284509,20.00,11.10,100.00,100.00
2026-05-15T23:15:57.387557,11.10,10.00,100.00,100.00
2026-05-15T23:15:57.490816,18.20,0.00,100.00,100.00
2026-05-15T23:15:57.594288,27.30,18.20,100.00,100.00
2026-05-15T23:15:57.697589,10.00,0.00,100.00,100.00
2026-05-15T23:15:57.801040,20.00,10.00,100.00,100.00
2026-05-15T23:15:57.904534,25.00,11.10,100.00,100.00
2026-05-15T23:15:58.007951,20.00,0.00,100.00,100.00
2026-05-15T23:15:58.111264,11.10,11.10,100.00,100.00
2026-05-15T23:15:58.214568,27.30,10.00,100.00,100.00
2026-05-15T23:15:58.318500,0.00,0.00,100.00,100.00
2026-05-15T23:15:58.423164,20.00,11.10,100.00,100.00
2026-05-15T23:15:58.526599,10.00,10.00,100.00,100.00
2026-05-15T23:15:58.631790,18.20,11.10,100.00,100.00
2026-05-15T23:15:58.737889,10.00,11.10,100.00,100.00
2026-05-15T23:15:58.841507,11.10,20.00,100.00,100.00
2026-05-15T23:15:58.945106,20.00,0.00,100.00,100.00
2026-05-15T23:15:59.048536,25.00,10.00,100.00,100.00
2026-05-15T23:15:59.152331,22.20,11.10,100.00,100.00
2026-05-15T23:15:59.255795,10.00,0.00,100.00,100.00
2026-05-15T23:15:59.359207,20.00,20.00,100.00,100.00
2026-05-15T23:15:59.462586,10.00,0.00,100.00,100.00
2026-05-15T23:15:59.565872,10.00,10.00,100.00,100.00
2026-05-15T23:15:59.669745,10.00,10.00,100.00,100.00
2026-05-15T23:15:59.773169,20.00,0.00,100.00,100.00
2026-05-15T23:15:59.876479,27.30,0.00,100.00,100.00
2026-05-15T23:15:59.979778,10.00,20.00,100.00,100.00
2026-05-15T23:16:00.083375,20.00,0.00,100.00,100.00
2026-05-15T23:16:00.186624,18.20,11.10,100.00,100.00
2026-05-15T23:16:00.289889,30.00,0.00,100.00,100.00
2026-05-15T23:16:00.393162,18.20,10.00,100.00,100.00
2026-05-15T23:16:00.498259,27.30,0.00,100.00,100.00
2026-05-15T23:16:00.601649,10.00,0.00,100.00,100.00
2026-05-15T23:16:00.705010,10.00,18.20,100.00,100.00
2026-05-15T23:16:00.808727,11.10,11.10,100.00,100.00
2026-05-15T23:16:00.911911,25.00,10.00,100.00,100.00
2026-05-15T23:16:01.015122,20.00,0.00,100.00,100.00
2026-05-15T23:16:01.118401,10.00,0.00,100.00,100.00
2026-05-15T23:16:01.221955,18.20,10.00,100.00,100.00
2026-05-15T23:16:01.325730,20.00,11.10,100.00,100.00
2026-05-15T23:16:01.429297,10.00,10.00,100.00,100.00
2026-05-15T23:16:01.532571,10.00,0.00,100.00,100.00
2026-05-15T23:16:01.635903,20.00,0.00,100.00,100.00
2026-05-15T23:16:01.740394,0.00,0.00,100.00,100.00
2026-05-15T23:16:01.844449,18.20,18.20,100.00,100.00
2026-05-15T23:16:01.948327,11.10,0.00,100.00,100.00
2026-05-15T23:16:02.051925,18.20,0.00,100.00,100.00
2026-05-15T23:16:02.155462,20.00,0.00,100.00,100.00
2026-05-15T23:16:02.259180,10.00,11.10,100.00,100.00
2026-05-15T23:16:02.363199,10.00,0.00,100.00,100.00
2026-05-15T23:16:02.466838,11.10,20.00,100.00,100.00
2026-05-15T23:16:02.570690,10.00,0.00,100.00,100.00
2026-05-15T23:16:02.674401,10.00,0.00,100.00,100.00
2026-05-15T23:16:02.778134,20.00,11.10,100.00,100.00
2026-05-15T23:16:02.882142,10.00,0.00,100.00,100.00
2026-05-15T23:16:02.986573,0.00,0.00,100.00,100.00
2026-05-15T23:16:03.090052,20.00,20.00,100.00,100.00
2026-05-15T23:16:03.193381,20.00,0.00,100.00,100.00
2026-05-15T23:16:03.296880,18.20,0.00,100.00,100.00
2026-05-15T23:16:03.400441,10.00,11.10,100.00,100.00
2026-05-15T23:16:03.504099,11.10,0.00,100.00,100.00
2026-05-15T23:16:03.607630,18.20,0.00,100.00,100.00
2026-05-15T23:16:03.710956,20.00,0.00,100.00,100.00
2026-05-15T23:16:03.814419,10.00,0.00,100.00,100.00
2026-05-15T23:16:03.917650,10.00,10.00,100.00,100.00
2026-05-15T23:16:04.020978,20.00,0.00,100.00,100.00
2026-05-15T23:16:04.124551,10.00,27.30,100.00,100.00
2026-05-15T23:16:04.228114,0.00,0.00,100.00,100.00
2026-05-15T23:16:04.332147,25.00,0.00,100.00,100.00
2026-05-15T23:16:04.435975,10.00,10.00,100.00,100.00
2026-05-15T23:16:04.539843,10.00,0.00,100.00,100.00
2026-05-15T23:16:04.643956,11.10,0.00,100.00,100.00
2026-05-15T23:16:04.747361,10.00,0.00,100.00,100.00
2026-05-15T23:16:04.852407,62.50,50.00,100.00,100.00
2026-05-15T23:16:05.009203,66.70,83.30,100.00,100.00
2026-05-15T23:16:05.114141,37.50,44.40,42.90,100.00
2026-05-15T23:16:05.248827,37.50,44.40,50.00,100.00
2026-05-15T23:16:05.353862,50.00,28.60,28.60,22.20
2026-05-15T23:16:05.458528,16.70,28.60,42.90,20.00
2026-05-15T23:16:05.563292,37.50,33.30,37.50,11.10
2026-05-15T23:16:05.668566,42.90,44.40,20.00,22.20
2026-05-15T23:16:05.773756,42.90,16.70,28.60,20.00
2026-05-15T23:16:05.878606,44.40,33.30,42.90,12.50
2026-05-15T23:16:05.983606,33.30,37.50,37.50,27.30
2026-05-15T23:16:06.088955,33.30,28.60,20.00,12.50
2026-05-15T23:16:06.193654,37.50,28.60,37.50,11.10
2026-05-15T23:16:06.298554,37.50,42.90,33.30,30.00
2026-05-15T23:16:06.403233,42.90,37.50,50.00,11.10
2026-05-15T23:16:06.507892,33.30,20.00,42.90,12.50
2026-05-15T23:16:06.612005,28.60,37.50,28.60,20.00
2026-05-15T23:16:06.716947,42.90,28.60,42.90,20.00
2026-05-15T23:16:06.821165,28.60,33.30,16.70,22.20
2026-05-15T23:16:06.925371,28.60,16.70,37.50,20.00
2026-05-15T23:16:07.030101,42.90,37.50,42.90,12.50
2026-05-15T23:16:07.134880,50.00,33.30,42.90,20.00
2026-05-15T23:16:07.238803,44.40,37.50,50.00,22.20
2026-05-15T23:16:07.343985,42.90,33.30,28.60,11.10
2026-05-15T23:16:07.448550,20.00,37.50,33.30,22.20
2026-05-15T23:16:07.552823,37.50,16.70,28.60,20.00
2026-05-15T23:16:07.658037,33.30,33.30,50.00,20.00
2026-05-15T23:16:07.762891,37.50,37.50,28.60,12.50
2026-05-15T23:16:07.866694,33.30,28.60,33.30,11.10
2026-05-15T23:16:07.971059,33.30,28.60,37.50,22.20
2026-05-15T23:16:08.076322,28.60,42.90,50.00,11.10
2026-05-15T23:16:08.181588,55.60,37.50,28.60,20.00
2026-05-15T23:16:08.289263,16.70,28.60,42.90,22.20
2026-05-15T23:16:08.394494,50.00,37.50,42.90,11.10
2026-05-15T23:16:08.498659,28.60,33.30,16.70,30.00
2026-05-15T23:16:08.602715,42.90,37.50,55.60,20.00
2026-05-15T23:16:08.707094,42.90,42.90,28.60,12.50
2026-05-15T23:16:08.811824,28.60,28.60,33.30,22.20
2026-05-15T23:16:08.916288,42.90,37.50,28.60,20.00
2026-05-15T23:16:09.020587,37.50,33.30,33.30,20.00
2026-05-15T23:16:09.125322,42.90,28.60,37.50,12.50
2026-05-15T23:16:09.229467,28.60,28.60,33.30,22.20
2026-05-15T23:16:09.334267,42.90,42.90,37.50,11.10
2026-05-15T23:16:09.438326,16.70,37.50,33.30,20.00
2026-05-15T23:16:09.543609,50.00,0.00,37.50,22.20
2026-05-15T23:16:09.648294,16.70,37.50,42.90,11.10
2026-05-15T23:16:09.753190,44.40,28.60,16.70,30.00
2026-05-15T23:16:09.858734,33.30,44.40,42.90,22.20
2026-05-15T23:16:09.963909,33.30,33.30,37.50,11.10
2026-05-15T23:16:10.069379,44.40,37.50,50.00,20.00
2026-05-15T23:16:10.174447,33.30,37.50,37.50,12.50
2026-05-15T23:16:10.279146,37.50,33.30,33.30,20.00
2026-05-15T23:16:10.384093,42.90,28.60,42.90,22.20
2026-05-15T23:16:10.488878,37.50,37.50,28.60,11.10
2026-05-15T23:16:10.593336,42.90,33.30,42.90,11.10
2026-05-15T23:16:10.697737,42.90,28.60,37.50,22.20
2026-05-15T23:16:10.802700,28.60,16.70,33.30,11.10
2026-05-15T23:16:10.906860,42.90,44.40,37.50,20.00
2026-05-15T23:16:11.011934,28.60,16.70,28.60,22.20
2026-05-15T23:16:11.117196,33.30,33.30,20.00,20.00
2026-05-15T23:16:11.222349,42.90,28.60,28.60,11.10
2026-05-15T23:16:11.326876,28.60,28.60,50.00,22.20
2026-05-15T23:16:11.431422,33.30,37.50,42.90,20.00
2026-05-15T23:16:11.536115,16.70,16.70,28.60,11.10
2026-05-15T23:16:11.641621,55.60,28.60,50.00,22.20
2026-05-15T23:16:11.746743,28.60,33.30,42.90,11.10
2026-05-15T23:16:11.851201,33.30,16.70,16.70,30.00
2026-05-15T23:16:11.955950,28.60,28.60,42.90,11.10
2026-05-15T23:16:12.060172,33.30,37.50,28.60,20.00
2026-05-15T23:16:12.165335,44.40,37.50,28.60,12.50
2026-05-15T23:16:12.270734,42.90,28.60,42.90,20.00
2026-05-15T23:16:12.375407,28.60,16.70,37.50,22.20
2026-05-15T23:16:12.481554,42.90,42.90,42.90,11.10
2026-05-15T23:16:12.586645,33.30,28.60,42.90,22.20
2026-05-15T23:16:12.692133,37.50,37.50,44.40,22.20
2026-05-15T23:16:12.796506,33.30,28.60,33.30,20.00
2026-05-15T23:16:12.901539,28.60,28.60,37.50,11.10
2026-05-15T23:16:13.007278,50.00,37.50,42.90,22.20
2026-05-15T23:16:13.111569,33.30,20.00,33.30,22.20
2026-05-15T23:16:13.215903,37.50,37.50,42.90,20.00
2026-05-15T23:16:13.320469,42.90,28.60,28.60,20.00
2026-05-15T23:16:13.424638,37.50,42.90,42.90,12.50
2026-05-15T23:16:13.530213,20.00,28.60,37.50,11.10
2026-05-15T23:16:13.634809,42.90,37.50,33.30,20.00
2026-05-15T23:16:13.739874,42.90,33.30,33.30,12.50
2026-05-15T23:16:13.845423,28.60,28.60,44.40,27.30
2026-05-15T23:16:13.949926,42.90,37.50,33.30,11.10
2026-05-15T23:16:14.054212,28.60,28.60,28.60,12.50
2026-05-15T23:16:14.159262,42.90,33.30,20.00,20.00
2026-05-15T23:16:14.263745,42.90,37.50,28.60,22.20
2026-05-15T23:16:14.368738,28.60,28.60,50.00,11.10
2026-05-15T23:16:14.472938,28.60,28.60,28.60,11.10
2026-05-15T23:16:14.577254,33.30,28.60,33.30,27.30
2026-05-15T23:16:14.682111,37.50,37.50,16.70,12.50
2026-05-15T23:16:14.787588,20.00,28.60,42.90,22.20
2026-05-15T23:16:14.891887,16.70,28.60,28.60,20.00
2026-05-15T23:16:14.996502,44.40,20.00,33.30,20.00
2026-05-15T23:16:15.101193,33.30,44.40,37.50,22.20
2026-05-15T23:16:15.205553,50.00,16.70,42.90,22.20
2026-05-15T23:16:15.310319,42.90,28.60,50.00,22.20
2026-05-15T23:16:15.414487,16.70,50.00,16.70,11.10
2026-05-15T23:16:15.518487,33.30,16.70,50.00,22.20
2026-05-15T23:16:15.622168,50.00,42.90,33.30,11.10
2026-05-15T23:16:15.726310,28.60,28.60,28.60,20.00
2026-05-15T23:16:15.830787,20.00,28.60,42.90,22.20
2026-05-15T23:16:15.935402,28.60,44.40,28.60,11.10
2026-05-15T23:16:16.039848,50.00,28.60,16.70,11.10
2026-05-15T23:16:16.144216,28.60,20.00,33.30,22.20
2026-05-15T23:16:16.248888,42.90,44.40,42.90,20.00
2026-05-15T23:16:16.353185,33.30,16.70,50.00,12.50
2026-05-15T23:16:16.457521,37.50,33.30,28.60,11.10
2026-05-15T23:16:16.562803,28.60,37.50,42.90,30.00
2026-05-15T23:16:16.667516,42.90,20.00,28.60,11.10
2026-05-15T23:16:16.772621,42.90,37.50,33.30,12.50
2026-05-15T23:16:16.877115,16.70,16.70,37.50,20.00
2026-05-15T23:16:16.983605,50.00,42.90,33.30,22.20
2026-05-15T23:16:17.088131,28.60,44.40,42.90,11.10
2026-05-15T23:16:17.193170,42.90,28.60,28.60,22.20
2026-05-15T23:16:17.297179,16.70,20.00,33.30,27.30
2026-05-15T23:16:17.402391,33.30,37.50,50.00,22.20
2026-05-15T23:16:17.507471,28.60,28.60,16.70,11.10
2026-05-15T23:16:17.612248,33.30,33.30,33.30,12.50
2026-05-15T23:16:17.717141,50.00,37.50,37.50,20.00
2026-05-15T23:16:17.821061,28.60,37.50,42.90,22.20
2026-05-15T23:16:17.925872,42.90,20.00,37.50,20.00
2026-05-15T23:16:18.030567,28.60,37.50,37.50,12.50
2026-05-15T23:16:18.135198,42.90,37.50,42.90,20.00
2026-05-15T23:16:18.239398,42.90,33.30,33.30,22.20
2026-05-15T23:16:18.343619,37.50,44.40,28.60,11.10
2026-05-15T23:16:18.448421,33.30,16.70,28.60,11.10
2026-05-15T23:16:18.552436,44.40,37.50,42.90,22.20
2026-05-15T23:16:18.657783,42.90,37.50,33.30,11.10
2026-05-15T23:16:18.762335,37.50,33.30,37.50,30.00
2026-05-15T23:16:18.867687,50.00,28.60,33.30,11.10
2026-05-15T23:16:18.972460,28.60,28.60,44.40,11.10
2026-05-15T23:16:19.077516,42.90,44.40,33.30,30.00
2026-05-15T23:16:19.182151,33.30,0.00,42.90,20.00
2026-05-15T23:16:19.287825,37.50,42.90,37.50,30.00
2026-05-15T23:16:19.392243,42.90,28.60,33.30,12.50
2026-05-15T23:16:19.497497,37.50,37.50,37.50,20.00
2026-05-15T23:16:19.602438,42.90,28.60,33.30,11.10
2026-05-15T23:16:19.707227,42.90,0.00,37.50,20.00
2026-05-15T23:16:19.831398,18.20,20.00,30.00,16.70
2026-05-15T23:16:19.934541,0.00,10.00,0.00,100.00
2026-05-15T23:16:20.037817,10.00,0.00,0.00,100.00
2026-05-15T23:16:20.141335,0.00,0.00,0.00,100.00
2026-05-15T23:16:20.244691,0.00,0.00,10.00,100.00
2026-05-15T23:16:20.348297,18.20,0.00,0.00,100.00
2026-05-15T23:16:20.451711,0.00,10.00,0.00,100.00
2026-05-15T23:16:20.554887,0.00,0.00,0.00,100.00
2026-05-15T23:16:20.658339,10.00,0.00,0.00,100.00
2026-05-15T23:16:20.761522,0.00,0.00,0.00,100.00
2026-05-15T23:16:20.865130,10.00,10.00,0.00,100.00
2026-05-15T23:16:20.968672,20.00,0.00,11.10,100.00
2026-05-15T23:16:21.072183,0.00,0.00,0.00,100.00
2026-05-15T23:16:21.175466,11.10,0.00,0.00,100.00
2026-05-15T23:16:21.278945,10.00,11.10,0.00,100.00
2026-05-15T23:16:21.382120,10.00,0.00,0.00,100.00
2026-05-15T23:16:21.485516,0.00,10.00,11.10,100.00
2026-05-15T23:16:21.588704,0.00,0.00,0.00,100.00
2026-05-15T23:16:21.691753,20.00,18.20,0.00,100.00
2026-05-15T23:16:21.852071,20.00,15.40,35.70,100.00
2026-05-15T23:16:21.955878,11.10,0.00,100.00,100.00
2026-05-15T23:16:22.059441,20.00,11.10,100.00,100.00
2026-05-15T23:16:22.162686,20.00,11.10,100.00,100.00
2026-05-15T23:16:22.267410,11.10,0.00,100.00,100.00
2026-05-15T23:16:22.371246,18.20,11.10,100.00,100.00
2026-05-15T23:16:22.475433,20.00,0.00,100.00,100.00
2026-05-15T23:16:22.579607,27.30,11.10,100.00,100.00
2026-05-15T23:16:22.683856,20.00,0.00,100.00,100.00
2026-05-15T23:16:22.787817,18.20,0.00,100.00,100.00
2026-05-15T23:16:22.891546,20.00,11.10,100.00,100.00
2026-05-15T23:16:22.995093,20.00,0.00,100.00,100.00
2026-05-15T23:16:23.098488,11.10,20.00,100.00,100.00
2026-05-15T23:16:23.202399,27.30,0.00,100.00,100.00
2026-05-15T23:16:23.306448,20.00,11.10,100.00,100.00
2026-05-15T23:16:23.410136,11.10,11.10,100.00,100.00
2026-05-15T23:16:23.513563,10.00,0.00,100.00,100.00
2026-05-15T23:16:23.616933,11.10,20.00,100.00,100.00
2026-05-15T23:16:23.720609,18.20,0.00,100.00,100.00
2026-05-15T23:16:23.823960,20.00,0.00,100.00,100.00
2026-05-15T23:16:23.927697,0.00,18.20,100.00,100.00
2026-05-15T23:16:24.031494,18.20,0.00,100.00,100.00
2026-05-15T23:16:24.134829,11.10,11.10,100.00,100.00
2026-05-15T23:16:24.238650,20.00,0.00,100.00,100.00
2026-05-15T23:16:24.342128,11.10,0.00,100.00,100.00
2026-05-15T23:16:24.445730,18.20,0.00,100.00,100.00
2026-05-15T23:16:24.549513,11.10,0.00,100.00,100.00
2026-05-15T23:16:24.653131,18.20,11.10,100.00,100.00
2026-05-15T23:16:24.756490,11.10,11.10,100.00,100.00
2026-05-15T23:16:24.859976,11.10,0.00,100.00,100.00
2026-05-15T23:16:24.963589,10.00,11.10,100.00,100.00
2026-05-15T23:16:25.066828,20.00,0.00,100.00,100.00
2026-05-15T23:16:25.170627,20.00,0.00,100.00,100.00
2026-05-15T23:16:25.274401,10.00,11.10,100.00,100.00
2026-05-15T23:16:25.378440,11.10,11.10,100.00,100.00
2026-05-15T23:16:25.481784,20.00,0.00,100.00,100.00
2026-05-15T23:16:25.585523,20.00,11.10,100.00,100.00
2026-05-15T23:16:25.688942,20.00,0.00,100.00,100.00
2026-05-15T23:16:25.792607,18.20,0.00,100.00,100.00
2026-05-15T23:16:25.896298,0.00,18.20,100.00,100.00
2026-05-15T23:16:25.999669,18.20,0.00,100.00,100.00
2026-05-15T23:16:26.103493,11.10,0.00,100.00,100.00
2026-05-15T23:16:26.207137,20.00,11.10,100.00,100.00
2026-05-15T23:16:26.310912,10.00,0.00,100.00,100.00
2026-05-15T23:16:26.414602,20.00,11.10,100.00,100.00
2026-05-15T23:16:26.517950,10.00,0.00,100.00,100.00
2026-05-15T23:16:26.621710,22.20,22.20,100.00,100.00
2026-05-15T23:16:26.725347,0.00,0.00,100.00,100.00
2026-05-15T23:16:26.828833,20.00,0.00,100.00,100.00
2026-05-15T23:16:26.932261,11.10,0.00,100.00,100.00
2026-05-15T23:16:27.035663,18.20,0.00,100.00,100.00
2026-05-15T23:16:27.139472,11.10,11.10,100.00,100.00
2026-05-15T23:16:27.244392,20.00,10.00,100.00,100.00
2026-05-15T23:16:27.348209,20.00,12.50,100.00,100.00
2026-05-15T23:16:27.452148,10.00,0.00,100.00,100.00
2026-05-15T23:16:27.555811,11.10,0.00,100.00,100.00
2026-05-15T23:16:27.659348,20.00,0.00,100.00,100.00
2026-05-15T23:16:27.762929,11.10,11.10,100.00,100.00
2026-05-15T23:16:27.867457,10.00,0.00,100.00,100.00
2026-05-15T23:16:27.971316,11.10,11.10,100.00,100.00
2026-05-15T23:16:28.074998,11.10,0.00,100.00,100.00
2026-05-15T23:16:28.179389,20.00,0.00,100.00,100.00
2026-05-15T23:16:28.282729,10.00,0.00,100.00,100.00
2026-05-15T23:16:28.386382,27.30,11.10,100.00,100.00
2026-05-15T23:16:28.489952,0.00,10.00,100.00,100.00
2026-05-15T23:16:28.593327,10.00,0.00,100.00,100.00
2026-05-15T23:16:28.697407,11.10,0.00,100.00,100.00
2026-05-15T23:16:28.800708,18.20,20.00,100.00,100.00
2026-05-15T23:16:28.904187,11.10,11.10,100.00,100.00
2026-05-15T23:16:29.007707,10.00,0.00,100.00,100.00
2026-05-15T23:16:29.111261,20.00,0.00,100.00,100.00
2026-05-15T23:16:29.214879,11.10,0.00,100.00,100.00
2026-05-15T23:16:29.318472,11.10,11.10,100.00,100.00
2026-05-15T23:16:29.422413,11.10,0.00,100.00,100.00
2026-05-15T23:16:29.526353,11.10,0.00,100.00,100.00
2026-05-15T23:16:29.630829,10.00,11.10,100.00,100.00
2026-05-15T23:16:29.734584,11.10,0.00,100.00,100.00
2026-05-15T23:16:29.838290,20.00,0.00,100.00,100.00
2026-05-15T23:16:29.942032,10.00,11.10,100.00,100.00
2026-05-15T23:16:30.045473,0.00,20.00,100.00,100.00
2026-05-15T23:16:30.148859,11.10,0.00,100.00,100.00
2026-05-15T23:16:30.252549,10.00,0.00,100.00,100.00
2026-05-15T23:16:30.356122,11.10,11.10,100.00,100.00
2026-05-15T23:16:30.459442,11.10,0.00,100.00,100.00
2026-05-15T23:16:30.563138,25.00,0.00,100.00,100.00
2026-05-15T23:16:30.667205,20.00,0.00,100.00,100.00
2026-05-15T23:16:30.770669,11.10,0.00,100.00,100.00
2026-05-15T23:16:30.874277,0.00,0.00,100.00,100.00
2026-05-15T23:16:30.977498,18.20,0.00,100.00,100.00
2026-05-15T23:16:31.081148,11.10,20.00,100.00,100.00
2026-05-15T23:16:31.184635,18.20,0.00,100.00,100.00
2026-05-15T23:16:31.288103,20.00,11.10,100.00,100.00
2026-05-15T23:16:31.392211,0.00,0.00,100.00,100.00
2026-05-15T23:16:31.495652,20.00,0.00,100.00,100.00
2026-05-15T23:16:31.599247,10.00,0.00,100.00,100.00
2026-05-15T23:16:31.703288,11.10,0.00,100.00,100.00
2026-05-15T23:16:31.806679,20.00,20.00,100.00,100.00
2026-05-15T23:16:31.910095,10.00,0.00,100.00,100.00
2026-05-15T23:16:32.014336,11.10,0.00,100.00,100.00
2026-05-15T23:16:32.118103,20.00,0.00,100.00,100.00
2026-05-15T23:16:32.221658,11.10,11.10,100.00,100.00
2026-05-15T23:16:32.325128,18.20,11.10,100.00,100.00
2026-05-15T23:16:32.428893,11.10,11.10,100.00,100.00
2026-05-15T23:16:32.532989,20.00,0.00,100.00,100.00
2026-05-15T23:16:32.636708,10.00,0.00,100.00,100.00
2026-05-15T23:16:32.740104,0.00,0.00,100.00,100.00
2026-05-15T23:16:32.844205,27.30,11.10,100.00,100.00
2026-05-15T23:16:32.948371,11.10,11.10,100.00,100.00
2026-05-15T23:16:33.051809,20.00,12.50,100.00,100.00
2026-05-15T23:16:33.155406,11.10,0.00,100.00,100.00
2026-05-15T23:16:33.259562,0.00,20.00,100.00,100.00
2026-05-15T23:16:33.363074,20.00,0.00,100.00,100.00
2026-05-15T23:16:33.467197,10.00,0.00,100.00,100.00
2026-05-15T23:16:33.570815,20.00,11.10,100.00,100.00
2026-05-15T23:16:33.674460,20.00,0.00,100.00,100.00
2026-05-15T23:16:33.777973,20.00,0.00,100.00,100.00
2026-05-15T23:16:33.881339,11.10,0.00,100.00,100.00
2026-05-15T23:16:33.984895,10.00,11.10,100.00,100.00
2026-05-15T23:16:34.088523,10.00,0.00,100.00,100.00
2026-05-15T23:16:34.191981,20.00,20.00,100.00,100.00
2026-05-15T23:16:34.295745,11.10,0.00,100.00,100.00
2026-05-15T23:16:34.399432,0.00,0.00,100.00,100.00
2026-05-15T23:16:34.502829,18.20,0.00,100.00,100.00
2026-05-15T23:16:34.606448,20.00,0.00,100.00,100.00
2026-05-15T23:16:34.709978,11.10,11.10,100.00,100.00
2026-05-15T23:16:34.815054,30.00,22.20,100.00,100.00
2026-05-15T23:16:34.918928,16.70,20.00,100.00,100.00
2026-05-15T23:16:35.025136,37.50,28.60,100.00,100.00
2026-05-15T23:16:35.130647,16.70,37.50,100.00,100.00
2026-05-15T23:16:35.235079,16.70,20.00,100.00,100.00
2026-05-15T23:16:35.340117,16.70,37.50,100.00,100.00
2026-05-15T23:16:35.445070,25.00,16.70,100.00,100.00
2026-05-15T23:16:35.550160,25.00,25.00,100.00,100.00
2026-05-15T23:16:35.655648,37.50,37.50,100.00,100.00
2026-05-15T23:16:35.760094,16.70,16.70,100.00,100.00
2026-05-15T23:16:35.864686,28.60,28.60,100.00,100.00
2026-05-15T23:16:35.969194,25.00,16.70,100.00,100.00
2026-05-15T23:16:36.074087,0.00,28.60,100.00,100.00
2026-05-15T23:16:36.179273,28.60,28.60,100.00,100.00
2026-05-15T23:16:36.283861,25.00,16.70,100.00,100.00
2026-05-15T23:16:36.388752,16.70,28.60,100.00,100.00
2026-05-15T23:16:36.493614,14.30,14.30,100.00,100.00
2026-05-15T23:16:36.599173,25.00,28.60,100.00,100.00
2026-05-15T23:16:36.704133,28.60,33.30,100.00,100.00
2026-05-15T23:16:36.808135,37.50,0.00,100.00,100.00
2026-05-15T23:16:36.912354,14.30,37.50,100.00,100.00
2026-05-15T23:16:37.016898,25.00,16.70,100.00,100.00
2026-05-15T23:16:37.121271,16.70,16.70,100.00,100.00
2026-05-15T23:16:37.227913,0.00,25.00,100.00,100.00
2026-05-15T23:16:37.332916,28.60,42.90,100.00,100.00
2026-05-15T23:16:37.437354,25.00,0.00,100.00,100.00
2026-05-15T23:16:37.542752,37.50,28.60,100.00,100.00
2026-05-15T23:16:37.647736,16.70,16.70,100.00,100.00
2026-05-15T23:16:37.752344,14.30,37.50,100.00,100.00
2026-05-15T23:16:37.856520,28.60,0.00,100.00,100.00
2026-05-15T23:16:37.961885,25.00,37.50,100.00,100.00
2026-05-15T23:16:38.066938,25.00,0.00,100.00,100.00
2026-05-15T23:16:38.172915,40.00,37.50,100.00,100.00
2026-05-15T23:16:38.277535,0.00,0.00,100.00,100.00
2026-05-15T23:16:38.383077,28.60,28.60,100.00,100.00
2026-05-15T23:16:38.487658,25.00,16.70,100.00,100.00
2026-05-15T23:16:38.591821,16.70,28.60,100.00,100.00
2026-05-15T23:16:38.697453,33.30,28.60,100.00,100.00
2026-05-15T23:16:38.802349,16.70,28.60,100.00,100.00
2026-05-15T23:16:38.907933,37.50,28.60,100.00,100.00
2026-05-15T23:16:39.012919,25.00,16.70,100.00,100.00
2026-05-15T23:16:39.118295,16.70,16.70,100.00,100.00
2026-05-15T23:16:39.226189,28.60,50.00,100.00,100.00
2026-05-15T23:16:39.330876,37.50,0.00,100.00,100.00
2026-05-15T23:16:39.435654,14.30,33.30,100.00,100.00
2026-05-15T23:16:39.541167,28.60,16.70,100.00,100.00
2026-05-15T23:16:39.646264,14.30,16.70,100.00,100.00
2026-05-15T23:16:39.751127,14.30,28.60,100.00,100.00
2026-05-15T23:16:39.856476,28.60,16.70,100.00,100.00
2026-05-15T23:16:39.962097,33.30,37.50,100.00,100.00
2026-05-15T23:16:40.066956,28.60,16.70,100.00,100.00
2026-05-15T23:16:40.172475,28.60,16.70,100.00,100.00
2026-05-15T23:16:40.277253,37.50,37.50,100.00,100.00
2026-05-15T23:16:40.382190,28.60,28.60,100.00,100.00
2026-05-15T23:16:40.487133,28.60,42.90,100.00,100.00
2026-05-15T23:16:40.591703,28.60,33.30,100.00,100.00
2026-05-15T23:16:40.696396,28.60,28.60,100.00,100.00
2026-05-15T23:16:40.801705,16.70,14.30,100.00,100.00
2026-05-15T23:16:40.906586,14.30,16.70,100.00,100.00
2026-05-15T23:16:41.011712,16.70,16.70,100.00,100.00
2026-05-15T23:16:41.116640,14.30,14.30,100.00,100.00
2026-05-15T23:16:41.220821,25.00,28.60,100.00,100.00
2026-05-15T23:16:41.325447,28.60,37.50,100.00,100.00
2026-05-15T23:16:41.429824,25.00,16.70,100.00,100.00
2026-05-15T23:16:41.533931,14.30,25.00,100.00,100.00
2026-05-15T23:16:41.638972,28.60,0.00,100.00,100.00
2026-05-15T23:16:41.743724,14.30,16.70,100.00,100.00
2026-05-15T23:16:41.848066,25.00,33.30,100.00,100.00
2026-05-15T23:16:41.953460,14.30,28.60,100.00,100.00
2026-05-15T23:16:42.057965,28.60,16.70,100.00,100.00
2026-05-15T23:16:42.163095,14.30,0.00,100.00,100.00
2026-05-15T23:16:42.267498,37.50,28.60,100.00,100.00
2026-05-15T23:16:42.371937,14.30,16.70,100.00,100.00
2026-05-15T23:16:42.476941,14.30,16.70,100.00,100.00
2026-05-15T23:16:42.581929,25.00,25.00,100.00,100.00
2026-05-15T23:16:42.686875,16.70,16.70,100.00,100.00
2026-05-15T23:16:42.791187,25.00,28.60,100.00,100.00
2026-05-15T23:16:42.896610,16.70,16.70,100.00,100.00
2026-05-15T23:16:43.001905,37.50,37.50,100.00,100.00
2026-05-15T23:16:43.106856,28.60,37.50,100.00,100.00
2026-05-15T23:16:43.211234,14.30,28.60,100.00,100.00
2026-05-15T23:16:43.316675,16.70,20.00,100.00,100.00
2026-05-15T23:16:43.421587,28.60,28.60,100.00,100.00
2026-05-15T23:16:43.526116,33.30,16.70,100.00,100.00
2026-05-15T23:16:43.630634,0.00,14.30,100.00,100.00
2026-05-15T23:16:43.735517,25.00,37.50,100.00,100.00
2026-05-15T23:16:43.840382,14.30,16.70,100.00,100.00
2026-05-15T23:16:43.945908,37.50,16.70,100.00,100.00
2026-05-15T23:16:44.050049,14.30,28.60,100.00,100.00
2026-05-15T23:16:44.154729,28.60,0.00,100.00,100.00
2026-05-15T23:16:44.258950,14.30,37.50,100.00,100.00
2026-05-15T23:16:44.363800,37.50,0.00,100.00,100.00
2026-05-15T23:16:44.468718,25.00,37.50,100.00,100.00
2026-05-15T23:16:44.573720,25.00,25.00,100.00,100.00
2026-05-15T23:16:44.679130,16.70,16.70,100.00,100.00
2026-05-15T23:16:44.784113,25.00,28.60,100.00,100.00
2026-05-15T23:16:44.888112,14.30,14.30,100.00,100.00
2026-05-15T23:16:44.992417,28.60,0.00,100.00,100.00
2026-05-15T23:16:45.097288,33.30,28.60,100.00,100.00
2026-05-15T23:16:45.201688,16.70,28.60,100.00,100.00
2026-05-15T23:16:45.306130,25.00,28.60,100.00,100.00
2026-05-15T23:16:45.412324,28.60,28.60,100.00,100.00
2026-05-15T23:16:45.517349,14.30,28.60,100.00,100.00
2026-05-15T23:16:45.622532,16.70,14.30,100.00,100.00
2026-05-15T23:16:45.728183,25.00,28.60,100.00,100.00
2026-05-15T23:16:45.833326,28.60,16.70,100.00,100.00
2026-05-15T23:16:45.938912,16.70,37.50,100.00,100.00
2026-05-15T23:16:46.044160,16.70,20.00,100.00,100.00
2026-05-15T23:16:46.148785,16.70,28.60,100.00,100.00
2026-05-15T23:16:46.253523,16.70,28.60,100.00,100.00
2026-05-15T23:16:46.358599,33.30,16.70,100.00,100.00
2026-05-15T23:16:46.463329,16.70,28.60,100.00,100.00
2026-05-15T23:16:46.569400,28.60,33.30,100.00,100.00
2026-05-15T23:16:46.674449,28.60,16.70,100.00,100.00
2026-05-15T23:16:46.779346,0.00,37.50,100.00,100.00
2026-05-15T23:16:46.885185,37.50,20.00,100.00,100.00
2026-05-15T23:16:46.992725,16.70,37.50,100.00,100.00
2026-05-15T23:16:47.098183,44.40,16.70,100.00,100.00
2026-05-15T23:16:47.203086,28.60,16.70,100.00,100.00
2026-05-15T23:16:47.307296,16.70,33.30,100.00,100.00
2026-05-15T23:16:47.411882,33.30,28.60,100.00,100.00
2026-05-15T23:16:47.516869,16.70,14.30,100.00,100.00
2026-05-15T23:16:47.621539,25.00,28.60,100.00,100.00
2026-05-15T23:16:47.726219,28.60,28.60,100.00,100.00
2026-05-15T23:16:47.830608,14.30,14.30,100.00,100.00
2026-05-15T23:16:47.935269,33.30,16.70,100.00,100.00
2026-05-15T23:16:48.039831,16.70,16.70,100.00,100.00
2026-05-15T23:16:48.144533,25.00,14.30,100.00,100.00
2026-05-15T23:16:48.249272,16.70,28.60,100.00,100.00
2026-05-15T23:16:48.353919,25.00,28.60,100.00,100.00
2026-05-15T23:16:48.458481,14.30,28.60,100.00,100.00
2026-05-15T23:16:48.563087,37.50,0.00,100.00,100.00
2026-05-15T23:16:48.668392,14.30,28.60,100.00,100.00
2026-05-15T23:16:48.773582,16.70,16.70,100.00,100.00
2026-05-15T23:16:48.878104,14.30,28.60,100.00,100.00
2026-05-15T23:16:48.982646,25.00,14.30,100.00,100.00
2026-05-15T23:16:49.087343,16.70,28.60,100.00,100.00
2026-05-15T23:16:49.192542,25.00,16.70,100.00,100.00
2026-05-15T23:16:49.297496,16.70,25.00,100.00,100.00
2026-05-15T23:16:49.401840,25.00,16.70,100.00,100.00
2026-05-15T23:16:49.507471,16.70,28.60,100.00,100.00
2026-05-15T23:16:49.612164,25.00,0.00,100.00,100.00
2026-05-15T23:16:49.717300,14.30,28.60,100.00,100.00
2026-05-15T23:16:49.821640,25.00,12.50,100.00,100.00
2026-05-15T23:16:49.925906,11.10,12.50,100.00,100.00
2026-05-15T23:16:50.030137,11.10,0.00,100.00,100.00
2026-05-15T23:16:50.133993,30.00,12.50,100.00,100.00
2026-05-15T23:16:50.237386,12.50,12.50,100.00,100.00
2026-05-15T23:16:50.341199,11.10,0.00,100.00,100.00
2026-05-15T23:16:50.445354,12.50,12.50,100.00,100.00
2026-05-15T23:16:50.549527,0.00,0.00,100.00,100.00
2026-05-15T23:16:50.653494,22.20,12.50,100.00,100.00
2026-05-15T23:16:50.758064,20.00,12.50,100.00,100.00
2026-05-15T23:16:50.862374,12.50,0.00,100.00,100.00
2026-05-15T23:16:50.966187,20.00,0.00,100.00,100.00
2026-05-15T23:16:51.070381,12.50,0.00,100.00,100.00
2026-05-15T23:16:51.174142,11.10,12.50,100.00,100.00
2026-05-15T23:16:51.278278,12.50,12.50,100.00,100.00
2026-05-15T23:16:51.381890,22.20,12.50,100.00,100.00
2026-05-15T23:16:51.485398,11.10,0.00,100.00,100.00
2026-05-15T23:16:51.589432,22.20,0.00,100.00,100.00
2026-05-15T23:16:51.693597,0.00,12.50,100.00,100.00
2026-05-15T23:16:51.797666,30.00,12.50,100.00,100.00
2026-05-15T23:16:51.902267,12.50,12.50,100.00,100.00
2026-05-15T23:16:52.006030,22.20,0.00,100.00,100.00
2026-05-15T23:16:52.110207,11.10,0.00,100.00,100.00
2026-05-15T23:16:52.214319,22.20,12.50,100.00,100.00
2026-05-15T23:16:52.318582,22.20,0.00,100.00,100.00
2026-05-15T23:16:52.422809,11.10,12.50,100.00,100.00
2026-05-15T23:16:52.527022,12.50,0.00,100.00,100.00
2026-05-15T23:16:52.631526,20.00,0.00,100.00,100.00
2026-05-15T23:16:52.735382,22.20,12.50,100.00,100.00
2026-05-15T23:16:52.839890,12.50,0.00,100.00,100.00
2026-05-15T23:16:52.945411,11.10,11.10,100.00,100.00
2026-05-15T23:16:53.049578,12.50,0.00,100.00,100.00
2026-05-15T23:16:53.153305,22.20,25.00,100.00,100.00
2026-05-15T23:16:53.257569,22.20,12.50,100.00,100.00
2026-05-15T23:16:53.361486,22.20,12.50,100.00,100.00
2026-05-15T23:16:53.465326,11.10,0.00,100.00,100.00
2026-05-15T23:16:53.569848,22.20,12.50,100.00,100.00
2026-05-15T23:16:53.673666,11.10,12.50,100.00,100.00
2026-05-15T23:16:53.777750,12.50,0.00,100.00,100.00
2026-05-15T23:16:53.881713,20.00,0.00,100.00,100.00
2026-05-15T23:16:53.985724,0.00,0.00,100.00,100.00
2026-05-15T23:16:54.089665,12.50,0.00,100.00,100.00
2026-05-15T23:16:54.193154,11.10,11.10,100.00,100.00
2026-05-15T23:16:54.296930,20.00,22.20,100.00,100.00
2026-05-15T23:16:54.400808,22.20,0.00,100.00,100.00
2026-05-15T23:16:54.504520,11.10,0.00,100.00,100.00
2026-05-15T23:16:54.608325,11.10,22.20,100.00,100.00
2026-05-15T23:16:54.713207,22.20,0.00,100.00,100.00
2026-05-15T23:16:54.817478,22.20,12.50,100.00,100.00
2026-05-15T23:16:54.921911,11.10,0.00,100.00,100.00
2026-05-15T23:16:55.026516,12.50,12.50,100.00,100.00
2026-05-15T23:16:55.130261,22.20,0.00,100.00,100.00
2026-05-15T23:16:55.235797,25.00,14.30,100.00,100.00
2026-05-15T23:16:55.340575,20.00,12.50,100.00,100.00
2026-05-15T23:16:55.444679,22.20,0.00,100.00,100.00
2026-05-15T23:16:55.548698,20.00,0.00,100.00,100.00
2026-05-15T23:16:55.652881,12.50,11.10,100.00,100.00
2026-05-15T23:16:55.756604,11.10,12.50,100.00,100.00
2026-05-15T23:16:55.860265,12.50,0.00,100.00,100.00
2026-05-15T23:16:55.963707,11.10,11.10,100.00,100.00
2026-05-15T23:16:56.067487,11.10,0.00,100.00,100.00
2026-05-15T23:16:56.171466,22.20,0.00,100.00,100.00
2026-05-15T23:16:56.275114,20.00,0.00,100.00,100.00
2026-05-15T23:16:56.381643,30.00,20.00,100.00,100.00
2026-05-15T23:16:56.485451,12.50,0.00,100.00,100.00
2026-05-15T23:16:56.589116,11.10,12.50,100.00,100.00
2026-05-15T23:16:56.693115,27.30,0.00,100.00,100.00
2026-05-15T23:16:56.796581,11.10,0.00,100.00,100.00
2026-05-15T23:16:56.900546,22.20,11.10,100.00,100.00
2026-05-15T23:16:57.004532,0.00,11.10,100.00,100.00
2026-05-15T23:16:57.107963,20.00,12.50,100.00,100.00
2026-05-15T23:16:57.212246,0.00,12.50,100.00,100.00
2026-05-15T23:16:57.316917,22.20,0.00,100.00,100.00
2026-05-15T23:16:57.421204,11.10,22.20,100.00,100.00
2026-05-15T23:16:57.524827,20.00,0.00,100.00,100.00
2026-05-15T23:16:57.628859,12.50,0.00,100.00,100.00
2026-05-15T23:16:57.732628,11.10,0.00,100.00,100.00
2026-05-15T23:16:57.836345,20.00,0.00,100.00,100.00
2026-05-15T23:16:57.940313,11.10,11.10,100.00,100.00
2026-05-15T23:16:58.043698,12.50,0.00,100.00,100.00
2026-05-15T23:16:58.147449,11.10,0.00,100.00,100.00
2026-05-15T23:16:58.251325,12.50,0.00,100.00,100.00
2026-05-15T23:16:58.355229,27.30,0.00,100.00,100.00
2026-05-15T23:16:58.458946,11.10,22.20,100.00,100.00
2026-05-15T23:16:58.562523,0.00,0.00,100.00,100.00
2026-05-15T23:16:58.666473,27.30,0.00,100.00,100.00
2026-05-15T23:16:58.770239,11.10,0.00,100.00,100.00
2026-05-15T23:16:58.873745,12.50,22.20,100.00,100.00
2026-05-15T23:16:58.977590,20.00,11.10,100.00,100.00
2026-05-15T23:16:59.081173,0.00,0.00,100.00,100.00
2026-05-15T23:16:59.185378,11.10,0.00,100.00,100.00
2026-05-15T23:16:59.288816,12.50,12.50,100.00,100.00
2026-05-15T23:16:59.392430,11.10,0.00,100.00,100.00
2026-05-15T23:16:59.496237,11.10,11.10,100.00,100.00
2026-05-15T23:16:59.600167,27.30,0.00,100.00,100.00
2026-05-15T23:16:59.704159,12.50,22.20,100.00,100.00
2026-05-15T23:16:59.807690,0.00,0.00,100.00,100.00
2026-05-15T23:16:59.911295,22.20,12.50,100.00,100.00
2026-05-15T23:17:00.015460,11.10,0.00,100.00,100.00
2026-05-15T23:17:00.119138,22.20,0.00,100.00,100.00
2026-05-15T23:17:00.222698,0.00,12.50,100.00,100.00
2026-05-15T23:17:00.326452,11.10,0.00,100.00,100.00
2026-05-15T23:17:00.430088,12.50,0.00,100.00,100.00
2026-05-15T23:17:00.533737,27.30,11.10,100.00,100.00
2026-05-15T23:17:00.637288,22.20,12.50,100.00,100.00
2026-05-15T23:17:00.741445,12.50,12.50,100.00,100.00
2026-05-15T23:17:00.845398,33.30,0.00,100.00,100.00
2026-05-15T23:17:00.949295,12.50,0.00,100.00,100.00
2026-05-15T23:17:01.052822,11.10,0.00,100.00,100.00
2026-05-15T23:17:01.156791,11.10,11.10,100.00,100.00
2026-05-15T23:17:01.265201,22.20,22.20,100.00,100.00
2026-05-15T23:17:01.369329,11.10,0.00,100.00,100.00
2026-05-15T23:17:01.473346,11.10,11.10,100.00,100.00
2026-05-15T23:17:01.577435,12.50,0.00,100.00,100.00
2026-05-15T23:17:01.681180,20.00,0.00,100.00,100.00
2026-05-15T23:17:01.784687,11.10,0.00,100.00,100.00
2026-05-15T23:17:01.888366,12.50,12.50,100.00,100.00
2026-05-15T23:17:01.992086,11.10,0.00,100.00,100.00
2026-05-15T23:17:02.095854,11.10,12.50,100.00,100.00
2026-05-15T23:17:02.199602,22.20,0.00,100.00,100.00
2026-05-15T23:17:02.304481,20.00,22.20,100.00,100.00
2026-05-15T23:17:02.408217,22.20,0.00,100.00,100.00
2026-05-15T23:17:02.511969,11.10,0.00,100.00,100.00
2026-05-15T23:17:02.616038,22.20,12.50,100.00,100.00
2026-05-15T23:17:02.720407,11.10,0.00,100.00,100.00
2026-05-15T23:17:02.824151,11.10,12.50,100.00,100.00
2026-05-15T23:17:02.928215,11.10,0.00,100.00,100.00
2026-05-15T23:17:03.031576,0.00,12.50,100.00,100.00
2026-05-15T23:17:03.135889,22.20,12.50,100.00,100.00
2026-05-15T23:17:03.239492,11.10,0.00,100.00,100.00
2026-05-15T23:17:03.344514,22.20,12.50,100.00,100.00
2026-05-15T23:17:03.448094,20.00,22.20,100.00,100.00
2026-05-15T23:17:03.551738,12.50,0.00,100.00,100.00
2026-05-15T23:17:03.655569,11.10,11.10,100.00,100.00
2026-05-15T23:17:03.759618,12.50,0.00,100.00,100.00
2026-05-15T23:17:03.863242,0.00,12.50,100.00,100.00
2026-05-15T23:17:03.966622,11.10,0.00,100.00,100.00
2026-05-15T23:17:04.070539,11.10,12.50,100.00,100.00
2026-05-15T23:17:04.174402,0.00,12.50,100.00,100.00
2026-05-15T23:17:04.278457,20.00,11.10,100.00,100.00
2026-05-15T23:17:04.382026,11.10,0.00,100.00,100.00
2026-05-15T23:17:04.486043,22.20,12.50,100.00,100.00
2026-05-15T23:17:04.589798,11.10,0.00,100.00,100.00
2026-05-15T23:17:04.693380,11.10,12.50,100.00,100.00
2026-05-15T23:17:04.799755,28.60,37.50,100.00,100.00
2026-05-15T23:17:04.996744,88.20,94.40,95.20,100.00
2026-05-15T23:17:05.103299,62.50,57.10,71.40,22.20
2026-05-15T23:17:05.208649,62.50,60.00,57.10,11.10
2026-05-15T23:17:05.313332,62.50,50.00,62.50,25.00
2026-05-15T23:17:05.418081,50.00,62.50,62.50,27.30
2026-05-15T23:17:05.523309,55.60,57.10,50.00,22.20
2026-05-15T23:17:05.629090,75.00,50.00,66.70,12.50
2026-05-15T23:17:05.734104,50.00,57.10,57.10,30.00
2026-05-15T23:17:05.839307,57.10,57.10,75.00,12.50
2026-05-15T23:17:05.944405,62.50,62.50,66.70,20.00
2026-05-15T23:17:06.049737,62.50,66.70,62.50,22.20
2026-05-15T23:17:06.154581,66.70,62.50,57.10,22.20
2026-05-15T23:17:06.259784,57.10,62.50,62.50,22.20
2026-05-15T23:17:06.365423,72.70,66.70,71.40,22.20
2026-05-15T23:17:06.471347,75.00,62.50,66.70,22.20
2026-05-15T23:17:06.576567,57.10,50.00,62.50,30.00
2026-05-15T23:17:06.682642,62.50,66.70,71.40,12.50
2026-05-15T23:17:06.788136,62.50,62.50,62.50,36.40
2026-05-15T23:17:06.893476,75.00,66.70,77.80,12.50
2026-05-15T23:17:06.998431,62.50,57.10,57.10,30.00
2026-05-15T23:17:07.103298,50.00,50.00,57.10,30.00
2026-05-15T23:17:07.208175,71.40,55.60,66.70,12.50
2026-05-15T23:17:07.313149,62.50,57.10,62.50,30.00
2026-05-15T23:17:07.418106,57.10,57.10,62.50,12.50
2026-05-15T23:17:07.523917,62.50,57.10,71.40,22.20
2026-05-15T23:17:07.628782,66.70,66.70,70.00,12.50
2026-05-15T23:17:07.733681,50.00,50.00,62.50,20.00
2026-05-15T23:17:07.838612,62.50,66.70,50.00,22.20
2026-05-15T23:17:07.943914,66.70,57.10,75.00,22.20
2026-05-15T23:17:08.049494,57.10,62.50,62.50,12.50
2026-05-15T23:17:08.154539,62.50,66.70,77.80,22.20
2026-05-15T23:17:08.259398,75.00,62.50,62.50,30.00
2026-05-15T23:17:08.363961,62.50,62.50,66.70,22.20
2026-05-15T23:17:08.468700,62.50,55.60,50.00,12.50
2026-05-15T23:17:08.573486,57.10,57.10,57.10,22.20
2026-05-15T23:17:08.677930,66.70,57.10,57.10,22.20
2026-05-15T23:17:08.784145,57.10,55.60,71.40,22.20
2026-05-15T23:17:08.889380,77.80,57.10,70.00,22.20
2026-05-15T23:17:08.994741,66.70,71.40,62.50,30.00
2026-05-15T23:17:09.099686,50.00,50.00,66.70,11.10
2026-05-15T23:17:09.205629,62.50,66.70,71.40,22.20
2026-05-15T23:17:09.310475,75.00,66.70,66.70,25.00
2026-05-15T23:17:09.415544,62.50,50.00,62.50,30.00
2026-05-15T23:17:09.521129,57.10,57.10,57.10,22.20
2026-05-15T23:17:09.626478,57.10,66.70,75.00,22.20
2026-05-15T23:17:09.730568,66.70,57.10,57.10,22.20
2026-05-15T23:17:09.836554,71.40,66.70,66.70,22.20
2026-05-15T23:17:09.941456,66.70,57.10,71.40,22.20
2026-05-15T23:17:10.046370,57.10,57.10,62.50,22.20
2026-05-15T23:17:10.151875,62.50,57.10,57.10,20.00
2026-05-15T23:17:10.257335,62.50,62.50,77.80,12.50
2026-05-15T23:17:10.361841,50.00,57.10,57.10,22.20
2026-05-15T23:17:10.466533,57.10,50.00,55.60,30.00
2026-05-15T23:17:10.571911,62.50,62.50,71.40,12.50
2026-05-15T23:17:10.677571,62.50,66.70,66.70,12.50
2026-05-15T23:17:10.783703,62.50,57.10,50.00,30.00
2026-05-15T23:17:10.888621,62.50,66.70,66.70,22.20
2026-05-15T23:17:10.993335,57.10,50.00,57.10,20.00
2026-05-15T23:17:11.099842,62.50,70.00,62.50,22.20
2026-05-15T23:17:11.205783,66.70,57.10,66.70,22.20
2026-05-15T23:17:11.310822,77.80,66.70,75.00,33.30
2026-05-15T23:17:11.415541,57.10,62.50,62.50,20.00
2026-05-15T23:17:11.520987,62.50,62.50,66.70,30.00
2026-05-15T23:17:11.626014,66.70,57.10,71.40,12.50
2026-05-15T23:17:11.730656,71.40,62.50,62.50,22.20
2026-05-15T23:17:11.835580,66.70,62.50,75.00,12.50
2026-05-15T23:17:11.940172,62.50,57.10,57.10,22.20
2026-05-15T23:17:12.045461,62.50,57.10,62.50,12.50
2026-05-15T23:17:12.150126,57.10,66.70,57.10,30.00
2026-05-15T23:17:12.255451,62.50,50.00,66.70,20.00
2026-05-15T23:17:12.360675,62.50,55.60,57.10,12.50
2026-05-15T23:17:12.465507,62.50,66.70,62.50,22.20
2026-05-15T23:17:12.570655,62.50,55.60,66.70,30.00
2026-05-15T23:17:12.676634,57.10,62.50,62.50,22.20
2026-05-15T23:17:12.783687,75.00,57.10,66.70,20.00
2026-05-15T23:17:12.888837,57.10,57.10,57.10,25.00
2026-05-15T23:17:12.993757,57.10,50.00,62.50,11.10
2026-05-15T23:17:13.100393,66.70,75.00,75.00,33.30
2026-05-15T23:17:13.206022,71.40,57.10,57.10,12.50
2026-05-15T23:17:13.310825,66.70,70.00,75.00,36.40
2026-05-15T23:17:13.416127,62.50,50.00,42.90,22.20
2026-05-15T23:17:13.520883,55.60,50.00,62.50,12.50
2026-05-15T23:17:13.625902,57.10,66.70,57.10,30.00
2026-05-15T23:17:13.730663,57.10,33.30,62.50,22.20
2026-05-15T23:17:13.836511,62.50,75.00,57.10,11.10
2026-05-15T23:17:13.941994,62.50,60.00,77.80,22.20
2026-05-15T23:17:14.046528,62.50,57.10,57.10,12.50
2026-05-15T23:17:14.151513,57.10,57.10,62.50,20.00
2026-05-15T23:17:14.256539,75.00,66.70,71.40,22.20
2026-05-15T23:17:14.361103,62.50,62.50,42.90,22.20
2026-05-15T23:17:14.466879,57.10,57.10,77.80,22.20
2026-05-15T23:17:14.572515,62.50,57.10,66.70,22.20
2026-05-15T23:17:14.677546,66.70,75.00,66.70,22.20
2026-05-15T23:17:14.787457,62.50,66.70,70.00,22.20
2026-05-15T23:17:14.891889,66.70,55.60,57.10,30.00
2026-05-15T23:17:14.996828,57.10,57.10,62.50,22.20
2026-05-15T23:17:15.101944,62.50,57.10,62.50,12.50
2026-05-15T23:17:15.206781,62.50,57.10,66.70,22.20
2026-05-15T23:17:15.312090,66.70,66.70,62.50,22.20
2026-05-15T23:17:15.416852,57.10,62.50,66.70,22.20
2026-05-15T23:17:15.521286,62.50,55.60,57.10,12.50
2026-05-15T23:17:15.625831,62.50,62.50,75.00,22.20
2026-05-15T23:17:15.731891,62.50,62.50,66.70,20.00
2026-05-15T23:17:15.836943,75.00,62.50,62.50,30.00
2026-05-15T23:17:15.941714,57.10,62.50,71.40,12.50
2026-05-15T23:17:16.047184,57.10,62.50,62.50,12.50
2026-05-15T23:17:16.152149,66.70,66.70,62.50,36.40
2026-05-15T23:17:16.257448,57.10,62.50,66.70,22.20
2026-05-15T23:17:16.363609,62.50,66.70,62.50,22.20
2026-05-15T23:17:16.469222,62.50,57.10,71.40,12.50
2026-05-15T23:17:16.573928,62.50,70.00,57.10,20.00
2026-05-15T23:17:16.680919,66.70,50.00,62.50,12.50
2026-05-15T23:17:16.786700,62.50,66.70,62.50,30.00
2026-05-15T23:17:16.892361,66.70,57.10,62.50,22.20
2026-05-15T23:17:16.998458,62.50,60.00,71.40,22.20
2026-05-15T23:17:17.103886,62.50,66.70,57.10,30.00
2026-05-15T23:17:17.210168,57.10,66.70,66.70,12.50
2026-05-15T23:17:17.315871,66.70,62.50,66.70,12.50
2026-05-15T23:17:17.420665,50.00,57.10,55.60,30.00
2026-05-15T23:17:17.526412,62.50,55.60,71.40,12.50
2026-05-15T23:17:17.631512,66.70,62.50,62.50,22.20
2026-05-15T23:17:17.736206,62.50,57.10,66.70,27.30
2026-05-15T23:17:17.840732,50.00,42.90,57.10,12.50
2026-05-15T23:17:17.945095,55.60,66.70,50.00,12.50
2026-05-15T23:17:18.050558,50.00,50.00,70.00,30.00
2026-05-15T23:17:18.155678,75.00,66.70,62.50,11.10
2026-05-15T23:17:18.260689,42.90,50.00,50.00,30.00
2026-05-15T23:17:18.365546,71.40,62.50,71.40,22.20
2026-05-15T23:17:18.469993,62.50,57.10,50.00,12.50
2026-05-15T23:17:18.574813,50.00,42.90,50.00,20.00
2026-05-15T23:17:18.680842,62.50,57.10,66.70,12.50
2026-05-15T23:17:18.787302,71.40,62.50,75.00,30.00
2026-05-15T23:17:18.891801,66.70,57.10,66.70,12.50
2026-05-15T23:17:18.997616,57.10,66.70,62.50,22.20
2026-05-15T23:17:19.102784,66.70,57.10,71.40,22.20
2026-05-15T23:17:19.207323,57.10,62.50,62.50,22.20
2026-05-15T23:17:19.313320,66.70,66.70,62.50,30.00
2026-05-15T23:17:19.418088,66.70,57.10,75.00,12.50
2026-05-15T23:17:19.523591,66.70,57.10,66.70,22.20
2026-05-15T23:17:19.628587,57.10,57.10,71.40,22.20
2026-05-15T23:17:19.734215,62.50,62.50,60.00,30.00
2026-05-15T23:17:19.859907,18.20,10.00,0.00,16.70
2026-05-15T23:17:19.963388,10.00,0.00,0.00,100.00
2026-05-15T23:17:20.067307,0.00,0.00,0.00,100.00
2026-05-15T23:17:20.170589,10.00,10.00,10.00,100.00
2026-05-15T23:17:20.273918,11.10,0.00,0.00,100.00
2026-05-15T23:17:20.377164,10.00,0.00,0.00,100.00
2026-05-15T23:17:20.480492,0.00,0.00,0.00,100.00
2026-05-15T23:17:20.584065,10.00,0.00,0.00,100.00
2026-05-15T23:17:20.687260,11.10,0.00,11.10,100.00
2026-05-15T23:17:20.790218,0.00,10.00,10.00,100.00
2026-05-15T23:17:20.893519,18.20,0.00,10.00,100.00
2026-05-15T23:17:20.997292,0.00,0.00,0.00,100.00
2026-05-15T23:17:21.100461,10.00,11.10,0.00,100.00
2026-05-15T23:17:21.203675,0.00,0.00,0.00,100.00
2026-05-15T23:17:21.306917,18.20,10.00,0.00,100.00
2026-05-15T23:17:21.410375,0.00,0.00,0.00,100.00
2026-05-15T23:17:21.513811,0.00,10.00,0.00,100.00
2026-05-15T23:17:21.617426,10.00,0.00,0.00,100.00
2026-05-15T23:17:21.720930,0.00,10.00,0.00,100.00
2026-05-15T23:17:21.880210,33.30,8.30,35.30,100.00
2026-05-15T23:17:21.983479,10.00,11.10,100.00,100.00
2026-05-15T23:17:22.086746,33.30,0.00,100.00,100.00
2026-05-15T23:17:22.190276,0.00,11.10,100.00,100.00
2026-05-15T23:17:22.293753,10.00,11.10,100.00,100.00
2026-05-15T23:17:22.397191,20.00,10.00,100.00,100.00
2026-05-15T23:17:22.500435,10.00,0.00,100.00,100.00
2026-05-15T23:17:22.604433,11.10,0.00,100.00,100.00
2026-05-15T23:17:22.708096,18.20,11.10,100.00,100.00
2026-05-15T23:17:22.811729,20.00,0.00,100.00,100.00
2026-05-15T23:17:22.915597,18.20,11.10,100.00,100.00
2026-05-15T23:17:23.019285,11.10,0.00,100.00,100.00
2026-05-15T23:17:23.123440,20.00,0.00,100.00,100.00
2026-05-15T23:17:23.227609,20.00,12.50,100.00,100.00
2026-05-15T23:17:23.334274,11.10,11.10,100.00,100.00
2026-05-15T23:17:23.437904,10.00,11.10,100.00,100.00
2026-05-15T23:17:23.541903,20.00,0.00,100.00,100.00
2026-05-15T23:17:23.650801,10.00,20.00,100.00,100.00
2026-05-15T23:17:23.754731,11.10,11.10,100.00,100.00
2026-05-15T23:17:23.858792,20.00,11.10,100.00,100.00
2026-05-15T23:17:23.962735,10.00,0.00,100.00,100.00
2026-05-15T23:17:24.066924,18.20,11.10,100.00,100.00
2026-05-15T23:17:24.170852,20.00,0.00,100.00,100.00
2026-05-15T23:17:24.274648,10.00,0.00,100.00,100.00
2026-05-15T23:17:24.378520,11.10,0.00,100.00,100.00
2026-05-15T23:17:24.482079,11.10,10.00,100.00,100.00
2026-05-15T23:17:24.585809,10.00,11.10,100.00,100.00
2026-05-15T23:17:24.689449,27.30,11.10,100.00,100.00
2026-05-15T23:17:24.793181,20.00,11.10,100.00,100.00
2026-05-15T23:17:24.897309,20.00,0.00,100.00,100.00
2026-05-15T23:17:25.001454,10.00,0.00,100.00,100.00
2026-05-15T23:17:25.105146,11.10,0.00,100.00,100.00
2026-05-15T23:17:25.208647,11.10,11.10,100.00,100.00
2026-05-15T23:17:25.312350,18.20,0.00,100.00,100.00
2026-05-15T23:17:25.415902,27.30,20.00,100.00,100.00
2026-05-15T23:17:25.519395,11.10,0.00,100.00,100.00
2026-05-15T23:17:25.623159,11.10,10.00,100.00,100.00
2026-05-15T23:17:25.727454,10.00,0.00,100.00,100.00
2026-05-15T23:17:25.831285,20.00,0.00,100.00,100.00
2026-05-15T23:17:25.934731,11.10,0.00,100.00,100.00
2026-05-15T23:17:26.038481,25.00,11.10,100.00,100.00
2026-05-15T23:17:26.142929,20.00,0.00,100.00,100.00
2026-05-15T23:17:26.247332,0.00,18.20,100.00,100.00
2026-05-15T23:17:26.351128,10.00,0.00,100.00,100.00
2026-05-15T23:17:26.454686,11.10,0.00,100.00,100.00
2026-05-15T23:17:26.558148,10.00,11.10,100.00,100.00
2026-05-15T23:17:26.661580,11.10,0.00,100.00,100.00
2026-05-15T23:17:26.764929,18.20,0.00,100.00,100.00
2026-05-15T23:17:26.869475,11.10,0.00,100.00,100.00
2026-05-15T23:17:26.973233,10.00,0.00,100.00,100.00
2026-05-15T23:17:27.077897,20.00,20.00,100.00,100.00
2026-05-15T23:17:27.181814,0.00,0.00,100.00,100.00
2026-05-15T23:17:27.285350,11.10,11.10,100.00,100.00
2026-05-15T23:17:27.389410,18.20,11.10,100.00,100.00
2026-05-15T23:17:27.493103,20.00,0.00,100.00,100.00
2026-05-15T23:17:27.596550,10.00,0.00,100.00,100.00
2026-05-15T23:17:27.700042,11.10,0.00,100.00,100.00
2026-05-15T23:17:27.803691,20.00,0.00,100.00,100.00
2026-05-15T23:17:27.907355,10.00,0.00,100.00,100.00
2026-05-15T23:17:28.010836,0.00,0.00,100.00,100.00
2026-05-15T23:17:28.115216,10.00,10.00,100.00,100.00
2026-05-15T23:17:28.218509,20.00,11.10,100.00,100.00
2026-05-15T23:17:28.322238,20.00,0.00,100.00,100.00
2026-05-15T23:17:28.425840,18.20,0.00,100.00,100.00
2026-05-15T23:17:28.529716,11.10,10.00,100.00,100.00
2026-05-15T23:17:28.633389,18.20,0.00,100.00,100.00
2026-05-15T23:17:28.736912,11.10,10.00,100.00,100.00
2026-05-15T23:17:28.840721,18.20,0.00,100.00,100.00
2026-05-15T23:17:28.944320,20.00,10.00,100.00,100.00
2026-05-15T23:17:29.047508,18.20,11.10,100.00,100.00
2026-05-15T23:17:29.150928,11.10,0.00,100.00,100.00
2026-05-15T23:17:29.254301,27.30,0.00,100.00,100.00
2026-05-15T23:17:29.357851,10.00,10.00,100.00,100.00
2026-05-15T23:17:29.461496,20.00,0.00,100.00,100.00
2026-05-15T23:17:29.565012,18.20,0.00,100.00,100.00
2026-05-15T23:17:29.668799,20.00,18.20,100.00,100.00
2026-05-15T23:17:29.772793,18.20,0.00,100.00,100.00
2026-05-15T23:17:29.876651,27.30,0.00,100.00,100.00
2026-05-15T23:17:29.980283,10.00,10.00,100.00,100.00
2026-05-15T23:17:30.083920,18.20,11.10,100.00,100.00
2026-05-15T23:17:30.187461,27.30,11.10,100.00,100.00
2026-05-15T23:17:30.291210,18.20,0.00,100.00,100.00
2026-05-15T23:17:30.394817,18.20,20.00,100.00,100.00
2026-05-15T23:17:30.498609,20.00,0.00,100.00,100.00
2026-05-15T23:17:30.602110,25.00,10.00,100.00,100.00
2026-05-15T23:17:30.705794,20.00,0.00,100.00,100.00
2026-05-15T23:17:30.809428,10.00,11.10,100.00,100.00
2026-05-15T23:17:30.912701,18.20,0.00,100.00,100.00
2026-05-15T23:17:31.016687,20.00,11.10,100.00,100.00
2026-05-15T23:17:31.120369,18.20,0.00,100.00,100.00
2026-05-15T23:17:31.224276,20.00,10.00,100.00,100.00
2026-05-15T23:17:31.327745,18.20,0.00,100.00,100.00
2026-05-15T23:17:31.431408,27.30,20.00,100.00,100.00
2026-05-15T23:17:31.535013,10.00,0.00,100.00,100.00
2026-05-15T23:17:31.638936,20.00,0.00,100.00,100.00
2026-05-15T23:17:31.742447,18.20,0.00,100.00,100.00
2026-05-15T23:17:31.845741,11.10,10.00,100.00,100.00
2026-05-15T23:17:31.949499,25.00,0.00,100.00,100.00
2026-05-15T23:17:32.053030,11.10,10.00,100.00,100.00
2026-05-15T23:17:32.156531,20.00,11.10,100.00,100.00
2026-05-15T23:17:32.260054,18.20,11.10,100.00,100.00
2026-05-15T23:17:32.363623,20.00,0.00,100.00,100.00
2026-05-15T23:17:32.467308,18.20,0.00,100.00,100.00
2026-05-15T23:17:32.570712,20.00,11.10,100.00,100.00
2026-05-15T23:17:32.674421,18.20,10.00,100.00,100.00
2026-05-15T23:17:32.778207,20.00,0.00,100.00,100.00
2026-05-15T23:17:32.881860,18.20,10.00,100.00,100.00
2026-05-15T23:17:32.985604,11.10,0.00,100.00,100.00
2026-05-15T23:17:33.089584,10.00,0.00,100.00,100.00
2026-05-15T23:17:33.193037,27.30,0.00,100.00,100.00
2026-05-15T23:17:33.296621,11.10,22.20,100.00,100.00
2026-05-15T23:17:33.400463,18.20,10.00,100.00,100.00
2026-05-15T23:17:33.504397,20.00,11.10,100.00,100.00
2026-05-15T23:17:33.608646,18.20,0.00,100.00,100.00
2026-05-15T23:17:33.712580,11.10,0.00,100.00,100.00
2026-05-15T23:17:33.816752,18.20,11.10,100.00,100.00
2026-05-15T23:17:33.920539,18.20,0.00,100.00,100.00
2026-05-15T23:17:34.024150,11.10,11.10,100.00,100.00
2026-05-15T23:17:34.127956,18.20,0.00,100.00,100.00
2026-05-15T23:17:36.511960,33.30,18.20,100.00,15.60
2026-05-15T23:17:36.616620,11.10,12.50,100.00,100.00
2026-05-15T23:17:36.720544,20.00,11.10,100.00,100.00
2026-05-15T23:17:36.824464,11.10,12.50,100.00,100.00
2026-05-15T23:17:36.928796,20.00,0.00,100.00,100.00
2026-05-15T23:17:37.032533,30.00,22.20,100.00,100.00
2026-05-15T23:17:37.136298,20.00,0.00,100.00,100.00
2026-05-15T23:17:37.239674,27.30,11.10,100.00,100.00
2026-05-15T23:17:37.343455,27.30,22.20,100.00,100.00
2026-05-15T23:17:37.447478,11.10,11.10,100.00,100.00
2026-05-15T23:17:37.551450,27.30,12.50,100.00,100.00
2026-05-15T23:17:37.655627,20.00,0.00,100.00,100.00
2026-05-15T23:17:37.759463,11.10,12.50,100.00,100.00
2026-05-15T23:17:37.863159,30.00,12.50,100.00,100.00
2026-05-15T23:17:37.966576,11.10,0.00,100.00,100.00
2026-05-15T23:17:38.070449,20.00,0.00,100.00,100.00
2026-05-15T23:17:38.174001,22.20,11.10,100.00,100.00
2026-05-15T23:17:38.278243,11.10,0.00,100.00,100.00
2026-05-15T23:17:38.381854,20.00,11.10,100.00,100.00
2026-05-15T23:17:38.485597,20.00,12.50,100.00,100.00
2026-05-15T23:17:38.589260,20.00,0.00,100.00,100.00
2026-05-15T23:17:38.692865,12.50,11.10,100.00,100.00
2026-05-15T23:17:38.796621,11.10,12.50,100.00,100.00
2026-05-15T23:17:38.900563,20.00,0.00,100.00,100.00
2026-05-15T23:17:39.004935,20.00,12.50,100.00,100.00
2026-05-15T23:17:39.109523,27.30,0.00,100.00,100.00
2026-05-15T23:17:39.214456,12.50,22.20,100.00,100.00
2026-05-15T23:17:39.317994,22.20,12.50,100.00,100.00
2026-05-15T23:17:39.421681,11.10,0.00,100.00,100.00
2026-05-15T23:17:39.525324,11.10,20.00,100.00,100.00
2026-05-15T23:17:39.628900,25.00,0.00,100.00,100.00
2026-05-15T23:17:39.732716,0.00,11.10,100.00,100.00
2026-05-15T23:17:39.836331,20.00,11.10,100.00,100.00
2026-05-15T23:17:39.940117,11.10,12.50,100.00,100.00
2026-05-15T23:17:40.043744,11.10,0.00,100.00,100.00
2026-05-15T23:17:40.147878,20.00,11.10,100.00,100.00
2026-05-15T23:17:40.251461,11.10,0.00,100.00,100.00
2026-05-15T23:17:40.355172,12.50,0.00,100.00,100.00
2026-05-15T23:17:40.459308,20.00,20.00,100.00,100.00
2026-05-15T23:17:40.563583,0.00,0.00,100.00,100.00
2026-05-15T23:17:40.667799,27.30,0.00,100.00,100.00
2026-05-15T23:17:40.771813,0.00,22.20,100.00,100.00
2026-05-15T23:17:40.876426,11.10,11.10,100.00,100.00
2026-05-15T23:17:40.980902,20.00,0.00,100.00,100.00
2026-05-15T23:17:41.085552,22.20,0.00,100.00,100.00
2026-05-15T23:17:41.189468,11.10,22.20,100.00,100.00
2026-05-15T23:17:41.293661,30.00,11.10,100.00,100.00
2026-05-15T23:17:41.397847,11.10,0.00,100.00,100.00
2026-05-15T23:17:41.501942,11.10,0.00,100.00,100.00
2026-05-15T23:17:41.606808,22.20,11.10,100.00,100.00
2026-05-15T23:17:41.710469,20.00,12.50,100.00,100.00
2026-05-15T23:17:41.814927,11.10,0.00,100.00,100.00
2026-05-15T23:17:41.918575,20.00,0.00,100.00,100.00
2026-05-15T23:17:42.022104,0.00,22.20,100.00,100.00
2026-05-15T23:17:42.125596,27.30,0.00,100.00,100.00
2026-05-15T23:17:42.229478,11.10,11.10,100.00,100.00
2026-05-15T23:17:42.333344,11.10,0.00,100.00,100.00
2026-05-15T23:17:42.436902,18.20,11.10,100.00,100.00
2026-05-15T23:17:42.540547,20.00,0.00,100.00,100.00
2026-05-15T23:17:42.644137,20.00,20.00,100.00,100.00
2026-05-15T23:17:42.747872,20.00,12.50,100.00,100.00
2026-05-15T23:17:42.851704,20.00,0.00,100.00,100.00
2026-05-15T23:17:42.955809,11.10,11.10,100.00,100.00
2026-05-15T23:17:43.060328,20.00,12.50,100.00,100.00
2026-05-15T23:17:43.165008,0.00,0.00,100.00,100.00
2026-05-15T23:17:43.268914,27.30,22.20,100.00,100.00
2026-05-15T23:17:43.373009,22.20,0.00,100.00,100.00
2026-05-15T23:17:43.476928,20.00,11.10,100.00,100.00
2026-05-15T23:17:43.581186,11.10,12.50,100.00,100.00
2026-05-15T23:17:43.685273,11.10,0.00,100.00,100.00
2026-05-15T23:17:43.788716,11.10,11.10,100.00,100.00
2026-05-15T23:17:43.892494,30.00,0.00,100.00,100.00
2026-05-15T23:17:43.996131,11.10,0.00,100.00,100.00
2026-05-15T23:17:44.099805,10.00,11.10,100.00,100.00
2026-05-15T23:17:44.203841,11.10,0.00,100.00,100.00
2026-05-15T23:17:44.307719,11.10,0.00,100.00,100.00
2026-05-15T23:17:44.411273,30.00,22.20,100.00,100.00
2026-05-15T23:17:44.514829,11.10,0.00,100.00,100.00
2026-05-15T23:17:44.618744,12.50,11.10,100.00,100.00
2026-05-15T23:17:44.722475,11.10,12.50,100.00,100.00
2026-05-15T23:17:44.826036,11.10,0.00,100.00,100.00
2026-05-15T23:17:44.929626,11.10,0.00,100.00,100.00
2026-05-15T23:17:45.033184,20.00,0.00,100.00,100.00
2026-05-15T23:17:45.136962,20.00,0.00,100.00,100.00
2026-05-15T23:17:45.240464,0.00,12.50,100.00,100.00
2026-05-15T23:17:45.345299,11.10,11.10,100.00,100.00
2026-05-15T23:17:45.449160,11.10,11.10,100.00,100.00
2026-05-15T23:17:45.559677,20.00,0.00,100.00,100.00
2026-05-15T23:17:45.663690,22.20,12.50,100.00,100.00
2026-05-15T23:17:45.767552,11.10,12.50,100.00,100.00
2026-05-15T23:17:45.871783,11.10,0.00,100.00,100.00
2026-05-15T23:17:45.976728,20.00,0.00,100.00,100.00
2026-05-15T23:17:46.080909,12.50,12.50,100.00,100.00
2026-05-15T23:17:46.184848,11.10,11.10,100.00,100.00
2026-05-15T23:17:46.289800,11.10,0.00,100.00,100.00
2026-05-15T23:17:46.393671,11.10,0.00,100.00,100.00
2026-05-15T23:17:46.497810,20.00,12.50,100.00,100.00
2026-05-15T23:17:46.601479,0.00,11.10,100.00,100.00
2026-05-15T23:17:46.705774,27.30,11.10,100.00,100.00
2026-05-15T23:17:46.810055,12.50,12.50,100.00,100.00
2026-05-15T23:17:46.914576,11.10,0.00,100.00,100.00
2026-05-15T23:17:47.019144,11.10,12.50,100.00,100.00
2026-05-15T23:17:47.123102,11.10,0.00,100.00,100.00
2026-05-15T23:17:47.227623,22.20,12.50,100.00,100.00
2026-05-15T23:17:47.331060,0.00,11.10,100.00,100.00
2026-05-15T23:17:47.435295,11.10,11.10,100.00,100.00
2026-05-15T23:17:47.538982,11.10,0.00,100.00,100.00
2026-05-15T23:17:47.642884,11.10,0.00,100.00,100.00
2026-05-15T23:17:47.746881,20.00,0.00,100.00,100.00
2026-05-15T23:17:47.850943,20.00,12.50,100.00,100.00
2026-05-15T23:17:47.954555,11.10,0.00,100.00,100.00
2026-05-15T23:17:48.058254,11.10,12.50,100.00,100.00
2026-05-15T23:17:48.161682,22.20,0.00,100.00,100.00
2026-05-15T23:17:48.265180,11.10,0.00,100.00,100.00
2026-05-15T23:17:48.368638,11.10,0.00,100.00,100.00
2026-05-15T23:17:48.472481,0.00,20.00,100.00,100.00
2026-05-15T23:17:48.576502,20.00,0.00,100.00,100.00
2026-05-15T23:17:48.681391,0.00,0.00,100.00,100.00
2026-05-15T23:17:48.785307,11.10,12.50,100.00,100.00
2026-05-15T23:17:48.888848,11.10,0.00,100.00,100.00
2026-05-15T23:17:48.993310,11.10,0.00,100.00,100.00
2026-05-15T23:17:49.097348,11.10,11.10,100.00,100.00
2026-05-15T23:17:49.200705,0.00,0.00,100.00,100.00
2026-05-15T23:17:49.304801,11.10,20.00,100.00,100.00
2026-05-15T23:17:49.408970,20.00,12.50,100.00,100.00
2026-05-15T23:17:49.512822,20.00,0.00,100.00,100.00
2026-05-15T23:17:49.616579,0.00,0.00,100.00,100.00
2026-05-15T23:17:49.720360,11.10,12.50,100.00,100.00
2026-05-15T23:17:49.826859,60.00,60.00,100.00,100.00
2026-05-15T23:17:49.997154,84.60,76.90,100.00,100.00
2026-05-15T23:17:50.142515,58.30,55.60,66.70,100.00
2026-05-15T23:17:50.246900,50.00,42.90,50.00,30.00
2026-05-15T23:17:50.351879,62.50,57.10,50.00,22.20
2026-05-15T23:17:50.457694,50.00,50.00,62.50,11.10
2026-05-15T23:17:50.562220,62.50,42.90,50.00,22.20
2026-05-15T23:17:50.666810,50.00,42.90,57.10,22.20
2026-05-15T23:17:50.771438,42.90,55.60,42.90,11.10
2026-05-15T23:17:50.877324,57.10,42.90,55.60,22.20
2026-05-15T23:17:50.982320,50.00,50.00,50.00,22.20
2026-05-15T23:17:51.087183,57.10,50.00,55.60,20.00
2026-05-15T23:17:51.191863,42.90,50.00,57.10,12.50
2026-05-15T23:17:51.295877,42.90,42.90,33.30,30.00
2026-05-15T23:17:51.400591,42.90,50.00,42.90,22.20
2026-05-15T23:17:51.506740,57.10,50.00,62.50,11.10
2026-05-15T23:17:51.611178,42.90,50.00,62.50,22.20
2026-05-15T23:17:51.716155,42.90,44.40,50.00,20.00
2026-05-15T23:17:51.821918,50.00,50.00,57.10,30.00
2026-05-15T23:17:51.926548,62.50,66.70,50.00,12.50
2026-05-15T23:17:52.031146,57.10,50.00,57.10,22.20
2026-05-15T23:17:52.136599,50.00,50.00,66.70,12.50
2026-05-15T23:17:52.241664,50.00,42.90,33.30,20.00
2026-05-15T23:17:52.346055,57.10,57.10,66.70,22.20
2026-05-15T23:17:52.451187,50.00,37.50,42.90,11.10
2026-05-15T23:17:52.556489,42.90,62.50,50.00,22.20
2026-05-15T23:17:52.661840,57.10,33.30,62.50,30.00
2026-05-15T23:17:52.766737,42.90,50.00,50.00,12.50
2026-05-15T23:17:52.871153,42.90,42.90,42.90,20.00
2026-05-15T23:17:52.976789,50.00,50.00,42.90,22.20
2026-05-15T23:17:53.081350,42.90,33.30,57.10,11.10
2026-05-15T23:17:53.186268,62.50,57.10,57.10,33.30
2026-05-15T23:17:53.290607,57.10,50.00,42.90,22.20
2026-05-15T23:17:53.395355,50.00,62.50,57.10,22.20
2026-05-15T23:17:53.500395,57.10,33.30,62.50,11.10
2026-05-15T23:17:53.605709,42.90,42.90,42.90,22.20
2026-05-15T23:17:53.710350,42.90,42.90,55.60,22.20
2026-05-15T23:17:53.814655,42.90,42.90,50.00,20.00
2026-05-15T23:17:53.919878,50.00,50.00,50.00,12.50
2026-05-15T23:17:54.025838,60.00,42.90,55.60,20.00
2026-05-15T23:17:54.131342,57.10,50.00,50.00,22.20
2026-05-15T23:17:54.236435,50.00,42.90,57.10,22.20
2026-05-15T23:17:54.341888,57.10,42.90,50.00,22.20
2026-05-15T23:17:54.446331,42.90,50.00,50.00,11.10
2026-05-15T23:17:54.550549,57.10,57.10,57.10,22.20
2026-05-15T23:17:54.655378,55.60,42.90,50.00,12.50
2026-05-15T23:17:54.760362,57.10,57.10,57.10,30.00
2026-05-15T23:17:54.865315,42.90,42.90,40.00,20.00
2026-05-15T23:17:54.970910,57.10,66.70,50.00,12.50
2026-05-15T23:17:55.075897,42.90,50.00,62.50,12.50
2026-05-15T23:17:55.182127,40.00,57.10,57.10,30.00
2026-05-15T23:17:55.286774,60.00,50.00,60.00,22.20
2026-05-15T23:17:55.391556,50.00,50.00,40.00,12.50
2026-05-15T23:17:55.496401,33.30,57.10,50.00,22.20
2026-05-15T23:17:55.601030,50.00,42.90,57.10,27.30
2026-05-15T23:17:55.705731,50.00,50.00,50.00,30.00
2026-05-15T23:17:55.811470,55.60,42.90,50.00,11.10
2026-05-15T23:17:55.916594,50.00,50.00,57.10,12.50
2026-05-15T23:17:56.020957,57.10,42.90,50.00,22.20
2026-05-15T23:17:56.125940,33.30,57.10,62.50,27.30
2026-05-15T23:17:56.231313,55.60,55.60,50.00,12.50
2026-05-15T23:17:56.335632,50.00,50.00,57.10,12.50
2026-05-15T23:17:56.440642,55.60,57.10,42.90,30.00
2026-05-15T23:17:56.545145,50.00,55.60,57.10,11.10
2026-05-15T23:17:56.649600,50.00,20.00,57.10,22.20
2026-05-15T23:17:56.755551,62.50,55.60,55.60,12.50
2026-05-15T23:17:56.860204,42.90,57.10,62.50,20.00
2026-05-15T23:17:56.965172,62.50,50.00,42.90,22.20
2026-05-15T23:17:57.069936,57.10,57.10,62.50,12.50
2026-05-15T23:17:57.175116,42.90,55.60,62.50,22.20
2026-05-15T23:17:57.280203,57.10,50.00,57.10,30.00
2026-05-15T23:17:57.385380,62.50,50.00,42.90,22.20
2026-05-15T23:17:57.490332,55.60,42.90,57.10,11.10
2026-05-15T23:17:57.595952,33.30,50.00,42.90,22.20
2026-05-15T23:17:57.700369,50.00,57.10,50.00,12.50
2026-05-15T23:17:57.805392,57.10,42.90,55.60,27.30
2026-05-15T23:17:57.910009,50.00,55.60,57.10,12.50
2026-05-15T23:17:58.015465,50.00,50.00,42.90,12.50
2026-05-15T23:17:58.121103,42.90,60.00,57.10,27.30
2026-05-15T23:17:58.227114,57.10,42.90,55.60,12.50
2026-05-15T23:17:58.332185,33.30,62.50,62.50,30.00
2026-05-15T23:17:58.437121,62.50,42.90,57.10,12.50
2026-05-15T23:17:58.541833,42.90,50.00,57.10,11.10
2026-05-15T23:17:58.646351,57.10,42.90,42.90,30.00
2026-05-15T23:17:58.751652,50.00,50.00,62.50,20.00
2026-05-15T23:17:58.856488,42.90,55.60,50.00,12.50
2026-05-15T23:17:58.961394,57.10,42.90,50.00,22.20
2026-05-15T23:17:59.065866,55.60,42.90,55.60,11.10
2026-05-15T23:17:59.170694,33.30,60.00,50.00,30.00
2026-05-15T23:17:59.275372,62.50,33.30,50.00,12.50
2026-05-15T23:17:59.380316,20.00,42.90,33.30,20.00
2026-05-15T23:17:59.485634,55.60,55.60,55.60,12.50
2026-05-15T23:17:59.591185,55.60,50.00,57.10,20.00
2026-05-15T23:17:59.696159,50.00,55.60,50.00,22.20
2026-05-15T23:17:59.800614,42.90,33.30,57.10,11.10
2026-05-15T23:17:59.905712,50.00,42.90,50.00,30.00
2026-05-15T23:18:00.010241,42.90,50.00,33.30,22.20
2026-05-15T23:18:00.114756,57.10,42.90,50.00,11.10
2026-05-15T23:18:00.219550,42.90,42.90,55.60,22.20
2026-05-15T23:18:00.324544,66.70,42.90,57.10,22.20
2026-05-15T23:18:00.430446,42.90,42.90,33.30,20.00
2026-05-15T23:18:00.536279,42.90,42.90,55.60,12.50
2026-05-15T23:18:00.641567,62.50,62.50,57.10,30.00
2026-05-15T23:18:00.746428,42.90,42.90,50.00,11.10
2026-05-15T23:18:00.851480,66.70,55.60,50.00,22.20
2026-05-15T23:18:00.955956,33.30,42.90,57.10,12.50
2026-05-15T23:18:01.060447,50.00,62.50,42.90,20.00
2026-05-15T23:18:01.166590,57.10,33.30,57.10,12.50
2026-05-15T23:18:01.271603,50.00,42.90,57.10,30.00
2026-05-15T23:18:01.376160,50.00,60.00,55.60,11.10
2026-05-15T23:18:01.481108,50.00,42.90,57.10,22.20
2026-05-15T23:18:01.585486,50.00,57.10,33.30,22.20
2026-05-15T23:18:01.690217,60.00,42.90,57.10,22.20
2026-05-15T23:18:01.795188,33.30,50.00,55.60,27.30
2026-05-15T23:18:01.900185,62.50,42.90,50.00,12.50
2026-05-15T23:18:02.005557,50.00,57.10,50.00,22.20
2026-05-15T23:18:02.110144,50.00,50.00,50.00,12.50
2026-05-15T23:18:02.214858,50.00,50.00,55.60,11.10
2026-05-15T23:18:02.320235,42.90,42.90,50.00,30.00
2026-05-15T23:18:02.424683,50.00,50.00,42.90,22.20
2026-05-15T23:18:02.531061,50.00,42.90,62.50,11.10
2026-05-15T23:18:02.636152,62.50,57.10,42.90,30.00
2026-05-15T23:18:02.741277,50.00,50.00,62.50,12.50
2026-05-15T23:18:02.845937,33.30,42.90,33.30,20.00
2026-05-15T23:18:02.950943,57.10,57.10,50.00,12.50
2026-05-15T23:18:03.055844,50.00,42.90,40.00,30.00
2026-05-15T23:18:03.160816,57.10,50.00,50.00,12.50
2026-05-15T23:18:03.265897,55.60,62.50,62.50,40.00
2026-05-15T23:18:03.370841,57.10,50.00,62.50,22.20
2026-05-15T23:18:03.475697,62.50,57.10,57.10,11.10
2026-05-15T23:18:03.581533,42.90,33.30,42.90,22.20
2026-05-15T23:18:03.686636,62.50,55.60,57.10,30.00
2026-05-15T23:18:03.791394,50.00,50.00,55.60,20.00
2026-05-15T23:18:03.896554,57.10,42.90,50.00,12.50
2026-05-15T23:18:04.000830,42.90,50.00,42.90,22.20
2026-05-15T23:18:04.105742,50.00,50.00,70.00,12.50
2026-05-15T23:18:04.210083,62.50,40.00,33.30,27.30
2026-05-15T23:18:04.315674,50.00,50.00,62.50,22.20
2026-05-15T23:18:04.421082,62.50,42.90,50.00,12.50
2026-05-15T23:18:04.526456,42.90,42.90,57.10,20.00
2026-05-15T23:18:04.631775,57.10,62.50,55.60,22.20
2026-05-15T23:18:04.737345,57.10,50.00,57.10,22.20
2026-05-15T23:18:04.860964,16.70,9.10,23.10,23.10
2026-05-15T23:18:04.964112,8.30,0.00,0.00,100.00
2026-05-15T23:18:05.067477,0.00,0.00,0.00,100.00
2026-05-15T23:18:05.170245,0.00,0.00,0.00,100.00
2026-05-15T23:18:05.273845,9.10,9.10,9.10,100.00
2026-05-15T23:18:05.377051,0.00,9.10,0.00,100.00
2026-05-15T23:18:05.480300,0.00,0.00,0.00,100.00
2026-05-15T23:18:05.583517,0.00,0.00,0.00,100.00
2026-05-15T23:18:05.686534,0.00,0.00,0.00,100.00
2026-05-15T23:18:05.789898,0.00,0.00,0.00,100.00
2026-05-15T23:18:05.892975,0.00,0.00,9.10,100.00
2026-05-15T23:18:05.995700,0.00,0.00,0.00,100.00
2026-05-15T23:18:06.098952,0.00,0.00,0.00,100.00
2026-05-15T23:18:06.202270,0.00,0.00,0.00,100.00
2026-05-15T23:18:06.305165,9.10,0.00,0.00,100.00
2026-05-15T23:18:06.407882,9.10,9.10,10.00,100.00
2026-05-15T23:18:06.510949,0.00,0.00,9.10,100.00
2026-05-15T23:18:06.614335,11.10,10.00,80.00,100.00
2026-05-15T23:18:06.718048,23.10,0.00,100.00,100.00
2026-05-15T23:18:06.879918,29.40,31.20,100.00,100.00
2026-05-15T23:18:06.983741,10.00,20.00,100.00,100.00
2026-05-15T23:18:07.086958,0.00,0.00,100.00,100.00
2026-05-15T23:18:07.190086,0.00,8.30,100.00,100.00
2026-05-15T23:18:07.293502,9.10,0.00,100.00,100.00
2026-05-15T23:18:07.396897,0.00,9.10,100.00,100.00
2026-05-15T23:18:07.500060,9.10,0.00,100.00,100.00
2026-05-15T23:18:07.603394,0.00,0.00,100.00,100.00
2026-05-15T23:18:07.706510,16.70,0.00,100.00,100.00
2026-05-15T23:18:07.809903,0.00,0.00,100.00,100.00
2026-05-15T23:18:07.913186,0.00,9.10,100.00,100.00
2026-05-15T23:18:08.016890,0.00,0.00,100.00,100.00
2026-05-15T23:18:08.120451,9.10,0.00,100.00,100.00
2026-05-15T23:18:08.224050,0.00,0.00,100.00,100.00
2026-05-15T23:18:08.327604,0.00,10.00,100.00,100.00
2026-05-15T23:18:08.430945,9.10,0.00,100.00,100.00
2026-05-15T23:18:08.534494,0.00,0.00,100.00,100.00
2026-05-15T23:18:08.638025,0.00,0.00,100.00,100.00
2026-05-15T23:18:08.741552,0.00,0.00,100.00,100.00
2026-05-15T23:18:08.844828,0.00,0.00,100.00,100.00
2026-05-15T23:18:08.948046,9.10,0.00,100.00,100.00
2026-05-15T23:18:09.051502,9.10,0.00,100.00,100.00
2026-05-15T23:18:09.154934,0.00,0.00,100.00,100.00
2026-05-15T23:18:09.258455,10.00,16.70,100.00,100.00
2026-05-15T23:18:09.361794,0.00,0.00,100.00,100.00
2026-05-15T23:18:09.465201,0.00,0.00,100.00,100.00
2026-05-15T23:18:09.568473,9.10,0.00,100.00,100.00
2026-05-15T23:18:09.671715,9.10,0.00,100.00,100.00
2026-05-15T23:18:09.774820,9.10,0.00,100.00,100.00
2026-05-15T23:18:09.878090,0.00,0.00,100.00,100.00
2026-05-15T23:18:09.981625,0.00,0.00,100.00,100.00
2026-05-15T23:18:10.084945,9.10,10.00,100.00,100.00
2026-05-15T23:18:10.188683,0.00,9.10,100.00,100.00
2026-05-15T23:18:10.292829,0.00,0.00,100.00,100.00
2026-05-15T23:18:10.396893,9.10,0.00,100.00,100.00
2026-05-15T23:18:10.500562,0.00,0.00,100.00,100.00
2026-05-15T23:18:10.604182,0.00,9.10,100.00,100.00
2026-05-15T23:18:10.707385,9.10,0.00,100.00,100.00
2026-05-15T23:18:10.810584,0.00,0.00,100.00,100.00
2026-05-15T23:18:10.913917,9.10,0.00,100.00,100.00
2026-05-15T23:18:11.017222,0.00,0.00,100.00,100.00
2026-05-15T23:18:11.121324,0.00,0.00,100.00,100.00
2026-05-15T23:18:11.224868,9.10,9.10,100.00,100.00
2026-05-15T23:18:11.328523,0.00,0.00,100.00,100.00
2026-05-15T23:18:11.431749,0.00,0.00,100.00,100.00
2026-05-15T23:18:11.535353,0.00,9.10,100.00,100.00
2026-05-15T23:18:11.638615,9.10,9.10,100.00,100.00
2026-05-15T23:18:11.742209,0.00,0.00,100.00,100.00
2026-05-15T23:18:11.845664,0.00,0.00,100.00,100.00
2026-05-15T23:18:11.949056,0.00,0.00,100.00,100.00
2026-05-15T23:18:12.052747,0.00,9.10,100.00,100.00
2026-05-15T23:18:12.156387,0.00,0.00,100.00,100.00
2026-05-15T23:18:12.259722,0.00,0.00,100.00,100.00
2026-05-15T23:18:12.363092,0.00,9.10,100.00,100.00
2026-05-15T23:18:12.470793,9.10,9.10,100.00,100.00
2026-05-15T23:18:12.574733,0.00,0.00,100.00,100.00
2026-05-15T23:18:12.678596,9.10,0.00,100.00,100.00
2026-05-15T23:18:12.782442,0.00,0.00,100.00,100.00
2026-05-15T23:18:12.886133,0.00,9.10,100.00,100.00
2026-05-15T23:18:12.989557,0.00,0.00,100.00,100.00
2026-05-15T23:18:13.092848,18.20,10.00,100.00,100.00
2026-05-15T23:18:13.197322,0.00,18.20,100.00,100.00
2026-05-15T23:18:13.300734,0.00,0.00,100.00,100.00
2026-05-15T23:18:13.404026,16.70,0.00,100.00,100.00
2026-05-15T23:18:13.507537,0.00,0.00,100.00,100.00
2026-05-15T23:18:13.610630,0.00,0.00,100.00,100.00
2026-05-15T23:18:13.713967,0.00,9.10,100.00,100.00
2026-05-15T23:18:13.817305,0.00,0.00,100.00,100.00
2026-05-15T23:18:13.920402,9.10,0.00,100.00,100.00
2026-05-15T23:18:14.023633,0.00,0.00,100.00,100.00
2026-05-15T23:18:14.127008,0.00,0.00,100.00,100.00
2026-05-15T23:18:14.230339,0.00,0.00,100.00,100.00
2026-05-15T23:18:14.334059,0.00,0.00,100.00,100.00
2026-05-15T23:18:14.437381,9.10,0.00,100.00,100.00
2026-05-15T23:18:14.541037,9.10,0.00,100.00,100.00
2026-05-15T23:18:14.644496,0.00,27.30,100.00,100.00
2026-05-15T23:18:14.747915,9.10,0.00,100.00,100.00
2026-05-15T23:18:14.851218,0.00,0.00,100.00,100.00
2026-05-15T23:18:14.954627,9.10,9.10,100.00,100.00
2026-05-15T23:18:15.058639,0.00,0.00,100.00,100.00
2026-05-15T23:18:15.162267,0.00,9.10,100.00,100.00
2026-05-15T23:18:15.265857,0.00,0.00,100.00,100.00
2026-05-15T23:18:15.369195,0.00,9.10,100.00,100.00
2026-05-15T23:18:15.472731,9.10,0.00,100.00,100.00
2026-05-15T23:18:15.576311,0.00,0.00,100.00,100.00
2026-05-15T23:18:15.680152,9.10,9.10,100.00,100.00
2026-05-15T23:18:15.783520,0.00,0.00,100.00,100.00
2026-05-15T23:18:15.886964,0.00,0.00,100.00,100.00
2026-05-15T23:18:15.990491,9.10,0.00,100.00,100.00
2026-05-15T23:18:16.093655,9.10,18.20,100.00,100.00
2026-05-15T23:18:16.197285,0.00,0.00,100.00,100.00
2026-05-15T23:18:16.300521,0.00,0.00,100.00,100.00
2026-05-15T23:18:16.403819,0.00,9.10,100.00,100.00
2026-05-15T23:18:16.507068,0.00,0.00,100.00,100.00
2026-05-15T23:18:16.610288,16.70,0.00,100.00,100.00
2026-05-15T23:18:16.713703,0.00,0.00,100.00,100.00
2026-05-15T23:18:16.816884,0.00,0.00,100.00,100.00
2026-05-15T23:18:16.920357,0.00,0.00,100.00,100.00
2026-05-15T23:18:17.023451,9.10,0.00,100.00,100.00
2026-05-15T23:18:17.126691,0.00,9.10,100.00,100.00
2026-05-15T23:18:17.230321,0.00,0.00,100.00,100.00
2026-05-15T23:18:17.333892,0.00,0.00,100.00,100.00
2026-05-15T23:18:17.437390,0.00,16.70,100.00,100.00
2026-05-15T23:18:17.541062,8.30,0.00,100.00,100.00
2026-05-15T23:18:17.644561,0.00,0.00,100.00,100.00
2026-05-15T23:18:17.747975,0.00,0.00,100.00,100.00
2026-05-15T23:18:17.851318,9.10,0.00,100.00,100.00
2026-05-15T23:18:17.954641,0.00,0.00,100.00,100.00
2026-05-15T23:18:18.058289,0.00,0.00,100.00,100.00
2026-05-15T23:18:18.161912,0.00,8.30,100.00,100.00
2026-05-15T23:18:18.265330,9.10,0.00,100.00,100.00
2026-05-15T23:18:18.368691,0.00,0.00,100.00,100.00
2026-05-15T23:18:18.472197,9.10,0.00,100.00,100.00
2026-05-15T23:18:18.575583,0.00,0.00,100.00,100.00
2026-05-15T23:18:18.679071,10.00,0.00,100.00,100.00
2026-05-15T23:18:18.782623,0.00,0.00,100.00,100.00
2026-05-15T23:18:18.886023,0.00,0.00,100.00,100.00
2026-05-15T23:18:18.989477,0.00,9.10,100.00,100.00
2026-05-15T23:18:19.093410,16.70,10.00,100.00,100.00
2026-05-15T23:18:19.196652,0.00,9.10,100.00,100.00
2026-05-15T23:18:19.300035,0.00,0.00,100.00,100.00
2026-05-15T23:18:19.403963,0.00,9.10,100.00,100.00
2026-05-15T23:18:19.507439,0.00,0.00,100.00,100.00
2026-05-15T23:18:19.611337,9.10,0.00,100.00,100.00
2026-05-15T23:18:19.715269,0.00,0.00,100.00,100.00
2026-05-15T23:18:19.819001,0.00,0.00,100.00,100.00
2026-05-15T23:18:19.922585,0.00,0.00,100.00,100.00
2026-05-15T23:18:20.026195,16.70,0.00,100.00,100.00
2026-05-15T23:18:20.129889,0.00,9.10,100.00,100.00
2026-05-15T23:18:20.233317,0.00,0.00,100.00,100.00
2026-05-15T23:18:20.336804,0.00,0.00,100.00,100.00
2026-05-15T23:18:20.440238,9.10,9.10,100.00,100.00
2026-05-15T23:18:20.543537,0.00,0.00,100.00,100.00
2026-05-15T23:18:20.646736,0.00,0.00,100.00,100.00
2026-05-15T23:18:20.750033,9.10,0.00,100.00,100.00
2026-05-15T23:18:20.853409,0.00,0.00,100.00,100.00
2026-05-15T23:18:20.956735,0.00,0.00,100.00,100.00
2026-05-15T23:18:21.060112,9.10,9.10,100.00,100.00
2026-05-15T23:18:21.163584,0.00,0.00,100.00,100.00
2026-05-15T23:18:21.267051,0.00,0.00,100.00,100.00
2026-05-15T23:18:21.370383,9.10,0.00,100.00,100.00
2026-05-15T23:18:21.473570,0.00,0.00,100.00,100.00
2026-05-15T23:18:21.576839,0.00,8.30,100.00,100.00
2026-05-15T23:18:21.680472,0.00,0.00,100.00,100.00
2026-05-15T23:18:21.783936,9.10,0.00,100.00,100.00
2026-05-15T23:18:21.887258,9.10,9.10,100.00,100.00
2026-05-15T23:18:21.990448,0.00,0.00,100.00,100.00
2026-05-15T23:18:22.093992,9.10,10.00,100.00,100.00
2026-05-15T23:18:22.197452,0.00,9.10,100.00,100.00
2026-05-15T23:18:22.300810,0.00,0.00,100.00,100.00
2026-05-15T23:18:22.404183,9.10,0.00,100.00,100.00
2026-05-15T23:18:22.507444,0.00,0.00,100.00,100.00
2026-05-15T23:18:22.610726,9.10,0.00,100.00,100.00
2026-05-15T23:18:22.714119,0.00,9.10,100.00,100.00
2026-05-15T23:18:22.817560,0.00,0.00,100.00,100.00
2026-05-15T23:18:22.920862,0.00,0.00,100.00,100.00
2026-05-15T23:18:23.024162,9.10,0.00,100.00,100.00
2026-05-15T23:18:23.127883,0.00,0.00,100.00,100.00
2026-05-15T23:18:23.231472,0.00,18.20,100.00,100.00
2026-05-15T23:18:23.335467,0.00,9.10,100.00,100.00
2026-05-15T23:18:23.439493,9.10,0.00,100.00,100.00
2026-05-15T23:18:23.543197,0.00,0.00,100.00,100.00
2026-05-15T23:18:23.646399,0.00,9.10,100.00,100.00
2026-05-15T23:18:23.749895,16.70,0.00,100.00,100.00
2026-05-15T23:18:23.853299,0.00,0.00,100.00,100.00
2026-05-15T23:18:23.956718,9.10,0.00,100.00,100.00
2026-05-15T23:18:24.060169,0.00,0.00,100.00,100.00
2026-05-15T23:18:24.163513,0.00,0.00,100.00,100.00
2026-05-15T23:18:24.266935,0.00,0.00,100.00,100.00
2026-05-15T23:18:24.370096,9.10,0.00,100.00,100.00
2026-05-15T23:18:24.473392,0.00,0.00,100.00,100.00
2026-05-15T23:18:24.576889,0.00,0.00,100.00,100.00
2026-05-15T23:18:24.680547,0.00,9.10,100.00,100.00
2026-05-15T23:18:24.783793,9.10,0.00,100.00,100.00
2026-05-15T23:18:24.887213,0.00,0.00,100.00,100.00
2026-05-15T23:18:24.990540,0.00,0.00,100.00,100.00
2026-05-15T23:18:25.093684,0.00,18.20,100.00,100.00
2026-05-15T23:18:25.196836,16.70,0.00,100.00,100.00
2026-05-15T23:18:25.300174,0.00,0.00,100.00,100.00
2026-05-15T23:18:25.403384,9.10,0.00,100.00,100.00
2026-05-15T23:18:25.506537,0.00,9.10,100.00,100.00
2026-05-15T23:18:25.609707,0.00,0.00,100.00,100.00
2026-05-15T23:18:25.713471,9.10,9.10,100.00,100.00
2026-05-15T23:18:25.817134,0.00,0.00,100.00,100.00
2026-05-15T23:18:25.920869,9.10,0.00,100.00,100.00
2026-05-15T23:18:26.024217,0.00,0.00,100.00,100.00
2026-05-15T23:18:26.127550,0.00,0.00,100.00,100.00
2026-05-15T23:18:26.230977,0.00,0.00,100.00,100.00
2026-05-15T23:18:26.334405,9.10,0.00,100.00,100.00
2026-05-15T23:18:26.437867,0.00,0.00,100.00,100.00
2026-05-15T23:18:26.541510,0.00,8.30,100.00,100.00
2026-05-15T23:18:26.645179,0.00,0.00,100.00,100.00
2026-05-15T23:18:26.748563,9.10,0.00,100.00,100.00
2026-05-15T23:18:26.851998,0.00,0.00,100.00,100.00
2026-05-15T23:18:26.955400,0.00,0.00,100.00,100.00
2026-05-15T23:18:27.058994,18.20,10.00,100.00,100.00
2026-05-15T23:18:27.162352,0.00,0.00,100.00,100.00
2026-05-15T23:18:27.265948,9.10,9.10,100.00,100.00
2026-05-15T23:18:27.369214,0.00,0.00,100.00,100.00
2026-05-15T23:18:27.472599,0.00,9.10,100.00,100.00
2026-05-15T23:18:27.576052,0.00,0.00,100.00,100.00
2026-05-15T23:18:27.679775,9.10,0.00,100.00,100.00
2026-05-15T23:18:27.783222,0.00,0.00,100.00,100.00
2026-05-15T23:18:27.886598,0.00,0.00,100.00,100.00
2026-05-15T23:18:27.990007,0.00,0.00,100.00,100.00
2026-05-15T23:18:28.093862,9.10,9.10,100.00,100.00
2026-05-15T23:18:28.197060,0.00,18.20,100.00,100.00
2026-05-15T23:18:28.300480,0.00,0.00,100.00,100.00
2026-05-15T23:18:28.404804,16.70,0.00,100.00,100.00
2026-05-15T23:18:28.508092,0.00,0.00,100.00,100.00
2026-05-15T23:18:28.611245,9.10,0.00,100.00,100.00
2026-05-15T23:18:28.715243,0.00,0.00,100.00,100.00
2026-05-15T23:18:28.818573,9.10,0.00,100.00,100.00
2026-05-15T23:18:28.921940,0.00,9.10,100.00,100.00
2026-05-15T23:18:29.025230,0.00,0.00,100.00,100.00
2026-05-15T23:18:29.128658,0.00,0.00,100.00,100.00
2026-05-15T23:18:29.231959,0.00,0.00,100.00,100.00
2026-05-15T23:18:29.335181,9.10,0.00,100.00,100.00
2026-05-15T23:18:29.438706,0.00,0.00,100.00,100.00
2026-05-15T23:18:29.541839,0.00,0.00,100.00,100.00
2026-05-15T23:18:29.645073,0.00,9.10,100.00,100.00
2026-05-15T23:18:29.748553,9.10,9.10,100.00,100.00
2026-05-15T23:18:29.852115,0.00,0.00,100.00,100.00
2026-05-15T23:18:29.955924,0.00,0.00,100.00,100.00
2026-05-15T23:18:30.059513,0.00,0.00,100.00,100.00
2026-05-15T23:18:30.163025,9.10,0.00,100.00,100.00
2026-05-15T23:18:30.266430,9.10,0.00,100.00,100.00
2026-05-15T23:18:30.369727,0.00,0.00,100.00,100.00
2026-05-15T23:18:30.473104,0.00,9.10,100.00,100.00
2026-05-15T23:18:30.576510,0.00,0.00,100.00,100.00
2026-05-15T23:18:30.679867,9.10,0.00,100.00,100.00
2026-05-15T23:18:30.783325,0.00,0.00,100.00,100.00
2026-05-15T23:18:30.886932,0.00,0.00,100.00,100.00
2026-05-15T23:18:30.990505,0.00,9.10,100.00,100.00
2026-05-15T23:18:31.093877,9.10,0.00,100.00,100.00
2026-05-15T23:18:31.197701,0.00,18.20,100.00,100.00
2026-05-15T23:18:31.300859,0.00,0.00,100.00,100.00
2026-05-15T23:18:31.404125,9.10,0.00,100.00,100.00
2026-05-15T23:18:31.507852,9.10,0.00,100.00,100.00
2026-05-15T23:18:31.611458,0.00,9.10,100.00,100.00
2026-05-15T23:18:31.714733,9.10,0.00,100.00,100.00
2026-05-15T23:18:31.818209,0.00,0.00,100.00,100.00
2026-05-15T23:18:31.921516,0.00,0.00,100.00,100.00
2026-05-15T23:18:32.024887,0.00,0.00,100.00,100.00
2026-05-15T23:18:32.128151,10.00,0.00,100.00,100.00
2026-05-15T23:18:32.232001,8.30,0.00,100.00,100.00
2026-05-15T23:18:32.335371,0.00,0.00,100.00,100.00
2026-05-15T23:18:32.438634,0.00,0.00,100.00,100.00
2026-05-15T23:18:32.542084,0.00,9.10,100.00,100.00
2026-05-15T23:18:32.645433,9.10,0.00,100.00,100.00
2026-05-15T23:18:32.748650,0.00,8.30,100.00,100.00
2026-05-15T23:18:32.852081,0.00,0.00,100.00,100.00
2026-05-15T23:18:32.955435,0.00,0.00,100.00,100.00
2026-05-15T23:18:33.058755,0.00,0.00,100.00,100.00
2026-05-15T23:18:33.162047,9.10,0.00,100.00,100.00
2026-05-15T23:18:33.265369,0.00,10.00,100.00,100.00
2026-05-15T23:18:33.368590,9.10,0.00,100.00,100.00
2026-05-15T23:18:33.471920,0.00,0.00,100.00,100.00
2026-05-15T23:18:33.575213,0.00,9.10,100.00,100.00
2026-05-15T23:18:33.678503,0.00,0.00,100.00,100.00
2026-05-15T23:18:33.781655,16.70,9.10,100.00,100.00
2026-05-15T23:18:33.884954,9.10,0.00,100.00,100.00
2026-05-15T23:18:33.988415,0.00,0.00,100.00,100.00
2026-05-15T23:18:34.091560,0.00,0.00,100.00,100.00
2026-05-15T23:18:34.194826,0.00,0.00,100.00,100.00
2026-05-15T23:18:34.297996,9.10,8.30,100.00,100.00
2026-05-15T23:18:34.401098,0.00,0.00,100.00,100.00
2026-05-15T23:18:34.504361,0.00,9.10,100.00,100.00
2026-05-15T23:18:34.607484,9.10,0.00,100.00,100.00
2026-05-15T23:18:34.711029,0.00,0.00,100.00,100.00
2026-05-15T23:18:34.814202,9.10,0.00,100.00,100.00
2026-05-15T23:18:34.917455,0.00,0.00,100.00,100.00
2026-05-15T23:18:35.020606,0.00,0.00,100.00,100.00
2026-05-15T23:18:35.124072,9.10,0.00,100.00,100.00
2026-05-15T23:18:35.227389,0.00,9.10,100.00,100.00
2026-05-15T23:18:35.330894,18.20,10.00,100.00,100.00
2026-05-15T23:18:35.434442,0.00,9.10,100.00,100.00
2026-05-15T23:18:35.537721,0.00,0.00,100.00,100.00
2026-05-15T23:18:35.641143,0.00,8.30,100.00,100.00
2026-05-15T23:18:35.746192,9.10,0.00,100.00,100.00
2026-05-15T23:18:35.849367,0.00,0.00,100.00,100.00
2026-05-15T23:18:35.952912,9.10,9.10,100.00,100.00
2026-05-15T23:18:36.056101,9.10,0.00,100.00,100.00
2026-05-15T23:18:36.159607,0.00,0.00,100.00,100.00
2026-05-15T23:18:36.263109,0.00,8.30,100.00,100.00
2026-05-15T23:18:36.366540,9.10,0.00,100.00,100.00
2026-05-15T23:18:36.469997,0.00,0.00,100.00,100.00
2026-05-15T23:18:36.573229,0.00,0.00,100.00,100.00
2026-05-15T23:18:36.676738,9.10,0.00,100.00,100.00
2026-05-15T23:18:36.780105,0.00,0.00,100.00,100.00
2026-05-15T23:18:36.883408,0.00,0.00,100.00,100.00
2026-05-15T23:18:36.986610,0.00,9.10,100.00,100.00
2026-05-15T23:18:37.090062,0.00,0.00,100.00,100.00
2026-05-15T23:18:37.193346,10.00,10.00,100.00,100.00
2026-05-15T23:18:37.296599,0.00,9.10,100.00,100.00
2026-05-15T23:18:37.399926,0.00,0.00,100.00,100.00
2026-05-15T23:18:37.503267,9.10,0.00,100.00,100.00
2026-05-15T23:18:37.606440,0.00,0.00,100.00,100.00
2026-05-15T23:18:37.709805,9.10,9.10,100.00,100.00
2026-05-15T23:18:37.813134,0.00,0.00,100.00,100.00
2026-05-15T23:18:37.916467,8.30,9.10,100.00,100.00
2026-05-15T23:18:38.019690,0.00,0.00,100.00,100.00
2026-05-15T23:18:38.123119,0.00,0.00,100.00,100.00
2026-05-15T23:18:38.226491,0.00,0.00,100.00,100.00
2026-05-15T23:18:38.329824,0.00,9.10,100.00,100.00
2026-05-15T23:18:38.433023,0.00,0.00,100.00,100.00
2026-05-15T23:18:38.536394,9.10,0.00,100.00,100.00
2026-05-15T23:18:38.639854,0.00,0.00,100.00,100.00
2026-05-15T23:18:38.743128,0.00,0.00,100.00,100.00
2026-05-15T23:18:38.846565,0.00,9.10,100.00,100.00
2026-05-15T23:18:38.949912,9.10,0.00,100.00,100.00
2026-05-15T23:18:39.053374,0.00,0.00,100.00,100.00
2026-05-15T23:18:39.156866,0.00,0.00,100.00,100.00
2026-05-15T23:18:39.260085,9.10,10.00,100.00,100.00
2026-05-15T23:18:39.363378,0.00,0.00,100.00,100.00
2026-05-15T23:18:39.466811,9.10,10.00,100.00,100.00
2026-05-15T23:18:39.569998,0.00,0.00,100.00,100.00
2026-05-15T23:18:39.673521,9.10,0.00,100.00,100.00
2026-05-15T23:18:39.776836,0.00,0.00,100.00,100.00
2026-05-15T23:18:39.880142,9.10,9.10,100.00,100.00
2026-05-15T23:18:39.983560,0.00,0.00,100.00,100.00
2026-05-15T23:18:40.086818,0.00,0.00,100.00,100.00
2026-05-15T23:18:40.189998,10.00,10.00,100.00,100.00
2026-05-15T23:18:40.293165,9.10,0.00,100.00,100.00
2026-05-15T23:18:40.396420,0.00,0.00,100.00,100.00
2026-05-15T23:18:40.499873,0.00,0.00,100.00,100.00
2026-05-15T23:18:40.603128,0.00,8.30,100.00,100.00
2026-05-15T23:18:40.706562,0.00,0.00,100.00,100.00
2026-05-15T23:18:40.810001,9.10,0.00,100.00,100.00
2026-05-15T23:18:40.913464,9.10,0.00,100.00,100.00
2026-05-15T23:18:41.016666,0.00,0.00,100.00,100.00
2026-05-15T23:18:41.120037,0.00,0.00,100.00,100.00
2026-05-15T23:18:41.225195,0.00,0.00,100.00,100.00
2026-05-15T23:18:41.328588,0.00,16.70,100.00,100.00
2026-05-15T23:18:41.431821,0.00,0.00,100.00,100.00
2026-05-15T23:18:41.535354,9.10,0.00,100.00,100.00
2026-05-15T23:18:41.638635,0.00,9.10,100.00,100.00
2026-05-15T23:18:41.742031,9.10,0.00,100.00,100.00
2026-05-15T23:18:41.845316,0.00,8.30,100.00,100.00
2026-05-15T23:18:41.948803,0.00,0.00,100.00,100.00
2026-05-15T23:18:42.052028,0.00,0.00,100.00,100.00
2026-05-15T23:18:42.155327,9.10,0.00,100.00,100.00
2026-05-15T23:18:42.258514,0.00,0.00,100.00,100.00
2026-05-15T23:18:42.361919,0.00,0.00,100.00,100.00
2026-05-15T23:18:42.465109,9.10,9.10,100.00,100.00
2026-05-15T23:18:42.568321,0.00,0.00,100.00,100.00
2026-05-15T23:18:42.671431,0.00,0.00,100.00,100.00
2026-05-15T23:18:42.774800,0.00,0.00,100.00,100.00
2026-05-15T23:18:42.878037,9.10,0.00,100.00,100.00
2026-05-15T23:18:42.981385,0.00,0.00,100.00,100.00
2026-05-15T23:18:43.084807,0.00,0.00,100.00,100.00
2026-05-15T23:18:43.188431,16.70,10.00,100.00,100.00
2026-05-15T23:18:43.291802,0.00,9.10,100.00,100.00
2026-05-15T23:18:43.395081,9.10,9.10,100.00,100.00
2026-05-15T23:18:43.501222,0.00,0.00,100.00,100.00
2026-05-15T23:18:43.604667,0.00,9.10,100.00,100.00
2026-05-15T23:18:43.708014,0.00,0.00,100.00,100.00
2026-05-15T23:18:43.811179,9.10,0.00,100.00,100.00
2026-05-15T23:18:43.914348,0.00,0.00,100.00,100.00
2026-05-15T23:18:44.017447,0.00,0.00,100.00,100.00
2026-05-15T23:18:44.120846,0.00,0.00,100.00,100.00
2026-05-15T23:18:44.223973,9.10,0.00,100.00,100.00
2026-05-15T23:18:44.327251,0.00,0.00,100.00,100.00
2026-05-15T23:18:44.430590,0.00,0.00,100.00,100.00
2026-05-15T23:18:44.533878,16.70,0.00,100.00,100.00
2026-05-15T23:18:44.637036,0.00,0.00,100.00,100.00
2026-05-15T23:18:44.740243,9.10,0.00,100.00,100.00
2026-05-15T23:18:44.843360,0.00,0.00,100.00,100.00
2026-05-15T23:18:44.946568,9.10,9.10,100.00,100.00
2026-05-15T23:18:45.049910,0.00,9.10,100.00,100.00
2026-05-15T23:18:45.153252,0.00,0.00,100.00,100.00
2026-05-15T23:18:45.256608,9.10,0.00,100.00,100.00
2026-05-15T23:18:45.359841,0.00,0.00,100.00,100.00
2026-05-15T23:18:45.463146,0.00,0.00,100.00,100.00
2026-05-15T23:18:45.566353,0.00,0.00,100.00,100.00
2026-05-15T23:18:45.669454,9.10,0.00,100.00,100.00
2026-05-15T23:18:45.772730,0.00,8.30,100.00,100.00
2026-05-15T23:18:45.876120,16.70,0.00,100.00,100.00
2026-05-15T23:18:45.979728,0.00,0.00,100.00,100.00
2026-05-15T23:18:46.083259,0.00,0.00,100.00,100.00
2026-05-15T23:18:46.186468,0.00,0.00,100.00,100.00
2026-05-15T23:18:46.289869,0.00,20.00,100.00,100.00
2026-05-15T23:18:46.393114,0.00,0.00,100.00,100.00
2026-05-15T23:18:46.496345,9.10,0.00,100.00,100.00
2026-05-15T23:18:46.599508,0.00,0.00,100.00,100.00
2026-05-15T23:18:46.703008,0.00,0.00,100.00,100.00
2026-05-15T23:18:46.806167,9.10,9.10,100.00,100.00
2026-05-15T23:18:46.909488,0.00,0.00,100.00,100.00
2026-05-15T23:18:47.012642,0.00,0.00,100.00,100.00
2026-05-15T23:18:47.115896,0.00,0.00,100.00,100.00
2026-05-15T23:18:47.219126,0.00,0.00,100.00,100.00
2026-05-15T23:18:47.322424,9.10,0.00,100.00,100.00
2026-05-15T23:18:47.425493,0.00,0.00,100.00,100.00
2026-05-15T23:18:47.528878,0.00,9.10,100.00,100.00
2026-05-15T23:18:47.632039,0.00,0.00,100.00,100.00
2026-05-15T23:18:47.735425,0.00,0.00,100.00,100.00
2026-05-15T23:18:47.838732,9.10,0.00,100.00,100.00
2026-05-15T23:18:47.942072,9.10,0.00,100.00,100.00
2026-05-15T23:18:48.045117,0.00,0.00,100.00,100.00
2026-05-15T23:18:48.148512,0.00,0.00,100.00,100.00
2026-05-15T23:18:48.251810,0.00,8.30,100.00,100.00
2026-05-15T23:18:48.355047,9.10,0.00,100.00,100.00
2026-05-15T23:18:48.458492,0.00,0.00,100.00,100.00
2026-05-15T23:18:48.561745,9.10,9.10,100.00,100.00
2026-05-15T23:18:48.665351,0.00,0.00,100.00,100.00
2026-05-15T23:18:48.768625,9.10,0.00,100.00,100.00
2026-05-15T23:18:48.871962,0.00,0.00,100.00,100.00
2026-05-15T23:18:48.975118,0.00,0.00,100.00,100.00
2026-05-15T23:18:49.078482,0.00,0.00,100.00,100.00
2026-05-15T23:18:49.181713,9.10,0.00,100.00,100.00
2026-05-15T23:18:49.285249,0.00,18.20,100.00,100.00
2026-05-15T23:18:49.388540,0.00,0.00,100.00,100.00
2026-05-15T23:18:49.492265,0.00,0.00,100.00,100.00
2026-05-15T23:18:49.595839,9.10,0.00,100.00,100.00
2026-05-15T23:18:49.699470,0.00,0.00,100.00,100.00
2026-05-15T23:18:49.802998,0.00,0.00,100.00,100.00
2026-05-15T23:18:49.906519,0.00,0.00,100.00,100.00
2026-05-15T23:18:50.010028,9.10,0.00,100.00,100.00
2026-05-15T23:18:50.113481,0.00,16.70,100.00,100.00
2026-05-15T23:18:50.216945,0.00,0.00,100.00,100.00
2026-05-15T23:18:50.320437,0.00,0.00,100.00,100.00
2026-05-15T23:18:50.423911,16.70,0.00,100.00,100.00
2026-05-15T23:18:50.527173,0.00,0.00,100.00,100.00
2026-05-15T23:18:50.630568,0.00,0.00,100.00,100.00
2026-05-15T23:18:50.733922,0.00,0.00,100.00,100.00
2026-05-15T23:18:50.837318,9.10,0.00,100.00,100.00
2026-05-15T23:18:50.940677,0.00,0.00,100.00,100.00
2026-05-15T23:18:51.044137,0.00,0.00,100.00,100.00
2026-05-15T23:18:51.147644,0.00,9.10,100.00,100.00
2026-05-15T23:18:51.251179,23.10,0.00,100.00,100.00
2026-05-15T23:18:51.354623,0.00,0.00,100.00,100.00
2026-05-15T23:18:51.457897,0.00,0.00,100.00,100.00
2026-05-15T23:18:51.561378,0.00,0.00,100.00,100.00
2026-05-15T23:18:51.664684,9.10,9.10,100.00,100.00
2026-05-15T23:18:51.768074,0.00,9.10,100.00,100.00
2026-05-15T23:18:51.871427,0.00,0.00,100.00,100.00
2026-05-15T23:18:51.974778,0.00,0.00,100.00,100.00
2026-05-15T23:18:52.078236,9.10,0.00,100.00,100.00
2026-05-15T23:18:52.181658,0.00,9.10,100.00,100.00
2026-05-15T23:18:52.285191,9.10,10.00,100.00,100.00
2026-05-15T23:18:52.388354,0.00,0.00,100.00,100.00
2026-05-15T23:18:52.491631,9.10,9.10,100.00,100.00
2026-05-15T23:18:52.595242,0.00,0.00,100.00,100.00
2026-05-15T23:18:52.698344,0.00,0.00,100.00,100.00
2026-05-15T23:18:52.801551,0.00,0.00,100.00,100.00
2026-05-15T23:18:52.904693,9.10,0.00,100.00,100.00
2026-05-15T23:18:53.007813,0.00,0.00,100.00,100.00
2026-05-15T23:18:53.110922,0.00,0.00,100.00,100.00
2026-05-15T23:18:53.214178,0.00,0.00,100.00,100.00
2026-05-15T23:18:53.317528,10.00,10.00,100.00,100.00
2026-05-15T23:18:53.420726,0.00,9.10,100.00,100.00
2026-05-15T23:18:53.523963,23.10,0.00,100.00,100.00
2026-05-15T23:18:53.627363,0.00,0.00,100.00,100.00
2026-05-15T23:18:53.730559,0.00,0.00,100.00,100.00
2026-05-15T23:18:53.833753,0.00,0.00,100.00,100.00
2026-05-15T23:18:53.937116,0.00,0.00,100.00,100.00
2026-05-15T23:18:54.040344,9.10,0.00,100.00,100.00
2026-05-15T23:18:54.143467,0.00,9.10,100.00,100.00
2026-05-15T23:18:54.246711,0.00,0.00,100.00,100.00
2026-05-15T23:18:54.349916,0.00,0.00,100.00,100.00
2026-05-15T23:18:54.453389,9.10,0.00,100.00,100.00
2026-05-15T23:18:54.556696,0.00,0.00,100.00,100.00
2026-05-15T23:18:54.660129,0.00,9.10,100.00,100.00
2026-05-15T23:18:54.763424,0.00,0.00,100.00,100.00
2026-05-15T23:18:54.866845,9.10,9.10,100.00,100.00
2026-05-15T23:18:54.970060,9.10,0.00,100.00,100.00
2026-05-15T23:18:55.073247,0.00,0.00,100.00,100.00
2026-05-15T23:18:55.176504,9.10,0.00,100.00,100.00
2026-05-15T23:18:55.279922,0.00,20.00,100.00,100.00
2026-05-15T23:18:55.383154,9.10,0.00,100.00,100.00
2026-05-15T23:18:55.486315,0.00,0.00,100.00,100.00
2026-05-15T23:18:55.589655,9.10,0.00,100.00,100.00
2026-05-15T23:18:55.692948,0.00,9.10,100.00,100.00
2026-05-15T23:18:55.796329,10.00,0.00,100.00,100.00
2026-05-15T23:18:55.899700,0.00,0.00,100.00,100.00
2026-05-15T23:18:56.003072,0.00,0.00,100.00,100.00
2026-05-15T23:18:56.106661,0.00,0.00,100.00,100.00
2026-05-15T23:18:56.210063,0.00,0.00,100.00,100.00
2026-05-15T23:18:56.313573,0.00,9.10,100.00,100.00
2026-05-15T23:18:56.416997,9.10,0.00,100.00,100.00
2026-05-15T23:18:56.520465,9.10,9.10,100.00,100.00
2026-05-15T23:18:56.623685,0.00,0.00,100.00,100.00
2026-05-15T23:18:56.726933,0.00,0.00,100.00,100.00
2026-05-15T23:18:56.830139,9.10,0.00,100.00,100.00
2026-05-15T23:18:56.933553,0.00,0.00,100.00,100.00
2026-05-15T23:18:57.036628,0.00,9.10,100.00,100.00
2026-05-15T23:18:57.139751,0.00,0.00,100.00,100.00
2026-05-15T23:18:57.243248,0.00,0.00,100.00,100.00
2026-05-15T23:18:57.346493,9.10,0.00,100.00,100.00
2026-05-15T23:18:57.449644,0.00,0.00,100.00,100.00
2026-05-15T23:18:57.552909,0.00,0.00,100.00,100.00
2026-05-15T23:18:57.656140,0.00,9.10,100.00,100.00
2026-05-15T23:18:57.759496,9.10,0.00,100.00,100.00
2026-05-15T23:18:57.862605,0.00,0.00,100.00,100.00
2026-05-15T23:18:57.965984,0.00,0.00,100.00,100.00
2026-05-15T23:18:58.069436,0.00,0.00,100.00,100.00
2026-05-15T23:18:58.172753,0.00,9.10,100.00,100.00
2026-05-15T23:18:58.276279,23.10,10.00,100.00,100.00
2026-05-15T23:18:58.379533,0.00,9.10,100.00,100.00
2026-05-15T23:18:58.482740,0.00,0.00,100.00,100.00
2026-05-15T23:18:58.586117,0.00,0.00,100.00,100.00
2026-05-15T23:18:58.689467,10.00,0.00,100.00,100.00
2026-05-15T23:18:58.792707,0.00,0.00,100.00,100.00
2026-05-15T23:18:58.896078,0.00,9.10,100.00,100.00
2026-05-15T23:18:58.999389,9.10,0.00,100.00,100.00
2026-05-15T23:18:59.102708,0.00,0.00,100.00,100.00
2026-05-15T23:18:59.206403,0.00,0.00,100.00,100.00
2026-05-15T23:18:59.309721,9.10,0.00,100.00,100.00
2026-05-15T23:18:59.412757,0.00,0.00,100.00,100.00
2026-05-15T23:18:59.515942,0.00,9.10,100.00,100.00
2026-05-15T23:18:59.619116,0.00,0.00,100.00,100.00
2026-05-15T23:18:59.722454,0.00,0.00,100.00,100.00
2026-05-15T23:18:59.825929,0.00,0.00,100.00,100.00
2026-05-15T23:18:59.929344,0.00,9.10,100.00,100.00
2026-05-15T23:19:00.032686,0.00,0.00,100.00,100.00
2026-05-15T23:19:00.135952,0.00,0.00,100.00,100.00
2026-05-15T23:19:00.239626,9.10,0.00,100.00,100.00
2026-05-15T23:19:00.342872,0.00,0.00,100.00,100.00
2026-05-15T23:19:00.446268,0.00,16.70,100.00,100.00
2026-05-15T23:19:00.549479,0.00,0.00,100.00,100.00
2026-05-15T23:19:00.652739,0.00,0.00,100.00,100.00
2026-05-15T23:19:00.755879,9.10,0.00,100.00,100.00
2026-05-15T23:19:00.859125,0.00,0.00,100.00,100.00
2026-05-15T23:19:00.962380,9.10,0.00,100.00,100.00
2026-05-15T23:19:01.065696,0.00,0.00,100.00,100.00
2026-05-15T23:19:01.168905,0.00,0.00,100.00,100.00
2026-05-15T23:19:01.272171,9.10,9.10,100.00,100.00
2026-05-15T23:19:01.375714,9.10,10.00,100.00,100.00
2026-05-15T23:19:01.478930,0.00,0.00,100.00,100.00
2026-05-15T23:19:01.581960,0.00,0.00,100.00,100.00
2026-05-15T23:19:01.685353,9.10,0.00,100.00,100.00
2026-05-15T23:19:01.788621,0.00,0.00,100.00,100.00
2026-05-15T23:19:01.892050,0.00,0.00,100.00,100.00
2026-05-15T23:19:01.995183,0.00,0.00,100.00,100.00
2026-05-15T23:19:02.098553,0.00,0.00,100.00,100.00
2026-05-15T23:19:02.201756,9.10,9.10,100.00,100.00
2026-05-15T23:19:02.305018,9.10,9.10,100.00,100.00
2026-05-15T23:19:02.408263,0.00,0.00,100.00,100.00
2026-05-15T23:19:02.511587,0.00,0.00,100.00,100.00
2026-05-15T23:19:02.614974,9.10,0.00,100.00,100.00
2026-05-15T23:19:02.718344,0.00,0.00,100.00,100.00
2026-05-15T23:19:02.821639,0.00,0.00,100.00,100.00
2026-05-15T23:19:02.925015,9.10,0.00,100.00,100.00
2026-05-15T23:19:03.028203,9.10,0.00,100.00,100.00
2026-05-15T23:19:03.132096,0.00,0.00,100.00,100.00
2026-05-15T23:19:03.235655,0.00,9.10,100.00,100.00
2026-05-15T23:19:03.339429,10.00,9.10,100.00,100.00
2026-05-15T23:19:03.442955,0.00,0.00,100.00,100.00
2026-05-15T23:19:03.546362,0.00,0.00,100.00,100.00
2026-05-15T23:19:03.649698,9.10,0.00,100.00,100.00
2026-05-15T23:19:03.753153,0.00,0.00,100.00,100.00
2026-05-15T23:19:03.856558,0.00,0.00,100.00,100.00
2026-05-15T23:19:03.959814,0.00,0.00,100.00,100.00
2026-05-15T23:19:04.063061,9.10,0.00,100.00,100.00
2026-05-15T23:19:04.166363,0.00,0.00,100.00,100.00
2026-05-15T23:19:04.269635,0.00,9.10,100.00,100.00
2026-05-15T23:19:04.372837,16.70,10.00,100.00,100.00
2026-05-15T23:19:04.476155,0.00,0.00,100.00,100.00
2026-05-15T23:19:04.579400,0.00,0.00,100.00,100.00
2026-05-15T23:19:04.682849,9.10,16.70,100.00,100.00
2026-05-15T23:19:04.786037,0.00,0.00,100.00,100.00
2026-05-15T23:19:04.889425,0.00,0.00,100.00,100.00
2026-05-15T23:19:04.992690,9.10,0.00,100.00,100.00
2026-05-15T23:19:05.096044,0.00,0.00,100.00,100.00
2026-05-15T23:19:05.199189,0.00,0.00,100.00,100.00
2026-05-15T23:19:05.302682,0.00,18.20,100.00,100.00
2026-05-15T23:19:05.405889,0.00,0.00,100.00,100.00
2026-05-15T23:19:05.509230,9.10,0.00,100.00,100.00
2026-05-15T23:19:05.612388,9.10,0.00,100.00,100.00
2026-05-15T23:19:05.715807,0.00,0.00,100.00,100.00
2026-05-15T23:19:05.818994,0.00,0.00,100.00,100.00
2026-05-15T23:19:05.922421,0.00,0.00,100.00,100.00
2026-05-15T23:19:06.025609,9.10,0.00,100.00,100.00
2026-05-15T23:19:06.129013,0.00,9.10,100.00,100.00
2026-05-15T23:19:06.232229,0.00,9.10,100.00,100.00
2026-05-15T23:19:06.335670,0.00,0.00,100.00,100.00
2026-05-15T23:19:06.438820,9.10,0.00,100.00,100.00
2026-05-15T23:19:06.541979,9.10,0.00,100.00,100.00
2026-05-15T23:19:06.645072,0.00,0.00,100.00,100.00
2026-05-15T23:19:06.748299,0.00,0.00,100.00,100.00
2026-05-15T23:19:06.851594,9.10,0.00,100.00,100.00
2026-05-15T23:19:06.954867,0.00,0.00,100.00,100.00
2026-05-15T23:19:07.058084,9.10,9.10,100.00,100.00
2026-05-15T23:19:07.161344,0.00,0.00,100.00,100.00
2026-05-15T23:19:07.264661,9.10,0.00,100.00,100.00
2026-05-15T23:19:07.367813,0.00,18.20,100.00,100.00
2026-05-15T23:19:07.470933,0.00,0.00,100.00,100.00
2026-05-15T23:19:07.574206,9.10,0.00,100.00,100.00
2026-05-15T23:19:07.677842,9.10,0.00,100.00,100.00
2026-05-15T23:19:07.781293,0.00,0.00,100.00,100.00
2026-05-15T23:19:07.884562,0.00,9.10,100.00,100.00
2026-05-15T23:19:07.988066,0.00,0.00,100.00,100.00
2026-05-15T23:19:08.091579,0.00,0.00,100.00,100.00
2026-05-15T23:19:08.195023,0.00,9.10,100.00,100.00
2026-05-15T23:19:08.298419,0.00,0.00,100.00,100.00
2026-05-15T23:19:08.401900,0.00,0.00,100.00,100.00
2026-05-15T23:19:08.505246,0.00,9.10,100.00,100.00
2026-05-15T23:19:08.608527,0.00,0.00,100.00,100.00
2026-05-15T23:19:08.712512,0.00,0.00,100.00,100.00
2026-05-15T23:19:08.815988,9.10,9.10,100.00,100.00
2026-05-15T23:19:08.919436,0.00,0.00,100.00,100.00
2026-05-15T23:19:09.022881,0.00,9.10,100.00,100.00
2026-05-15T23:19:09.126297,0.00,9.10,100.00,100.00
2026-05-15T23:19:09.229664,0.00,0.00,100.00,100.00
2026-05-15T23:19:09.333101,9.10,0.00,100.00,100.00
2026-05-15T23:19:09.436633,0.00,9.10,100.00,100.00
2026-05-15T23:19:09.540148,0.00,0.00,100.00,100.00
2026-05-15T23:19:09.643596,0.00,0.00,100.00,100.00
2026-05-15T23:19:09.747035,8.30,9.10,100.00,100.00
2026-05-15T23:19:09.850552,0.00,0.00,100.00,100.00
2026-05-15T23:19:09.953999,0.00,0.00,100.00,100.00
2026-05-15T23:19:10.057466,0.00,0.00,100.00,100.00
2026-05-15T23:19:10.161128,0.00,9.10,100.00,100.00
2026-05-15T23:19:10.264565,0.00,0.00,100.00,100.00
2026-05-15T23:19:10.368180,0.00,18.20,100.00,100.00
2026-05-15T23:19:10.471804,0.00,0.00,100.00,100.00
2026-05-15T23:19:10.575299,0.00,9.10,100.00,100.00
2026-05-15T23:19:10.678949,0.00,0.00,100.00,100.00
2026-05-15T23:19:10.782411,0.00,0.00,100.00,100.00
2026-05-15T23:19:10.886034,0.00,9.10,100.00,100.00
2026-05-15T23:19:10.989519,0.00,0.00,100.00,100.00
2026-05-15T23:19:11.093204,0.00,0.00,100.00,100.00
2026-05-15T23:19:11.196628,0.00,0.00,100.00,100.00
2026-05-15T23:19:11.300259,0.00,16.70,100.00,100.00
2026-05-15T23:19:11.403694,10.00,0.00,100.00,100.00
2026-05-15T23:19:11.507134,8.30,9.10,100.00,100.00
2026-05-15T23:19:11.610457,0.00,0.00,100.00,100.00
2026-05-15T23:19:11.713829,9.10,0.00,100.00,100.00
2026-05-15T23:19:11.817168,0.00,9.10,100.00,100.00
2026-05-15T23:19:11.920516,0.00,0.00,100.00,100.00
2026-05-15T23:19:12.023901,0.00,0.00,100.00,100.00
2026-05-15T23:19:12.127414,9.10,9.10,100.00,100.00
2026-05-15T23:19:12.230699,0.00,0.00,100.00,100.00
2026-05-15T23:19:12.333852,0.00,9.10,100.00,100.00
2026-05-15T23:19:12.437098,0.00,0.00,100.00,100.00
2026-05-15T23:19:12.540555,9.10,0.00,100.00,100.00
2026-05-15T23:19:12.643843,9.10,8.30,100.00,100.00
2026-05-15T23:19:12.746980,0.00,0.00,100.00,100.00
2026-05-15T23:19:12.850325,0.00,9.10,100.00,100.00
2026-05-15T23:19:12.957576,0.00,0.00,100.00,100.00
2026-05-15T23:19:13.061239,0.00,10.00,100.00,100.00
2026-05-15T23:19:13.164734,0.00,0.00,100.00,100.00
2026-05-15T23:19:13.270062,9.10,16.70,100.00,100.00
2026-05-15T23:19:13.373401,9.10,11.10,100.00,100.00
2026-05-15T23:19:13.476861,0.00,9.10,100.00,100.00
2026-05-15T23:19:13.580290,0.00,0.00,100.00,100.00
2026-05-15T23:19:13.683685,0.00,0.00,100.00,100.00
2026-05-15T23:19:13.787116,0.00,9.10,100.00,100.00
2026-05-15T23:19:13.890385,0.00,0.00,100.00,100.00
2026-05-15T23:19:13.993531,0.00,0.00,100.00,100.00
2026-05-15T23:19:14.096698,0.00,0.00,100.00,100.00
2026-05-15T23:19:14.199853,9.10,0.00,100.00,100.00
2026-05-15T23:19:14.303191,0.00,0.00,100.00,100.00
2026-05-15T23:19:14.406418,0.00,0.00,100.00,100.00
2026-05-15T23:19:14.509694,0.00,9.10,100.00,100.00
2026-05-15T23:19:14.612808,10.00,0.00,100.00,100.00
2026-05-15T23:19:14.716030,9.10,0.00,100.00,100.00
2026-05-15T23:19:14.819856,0.00,0.00,100.00,100.00
2026-05-15T23:19:14.923319,0.00,0.00,100.00,100.00
2026-05-15T23:19:15.026854,10.00,10.00,100.00,100.00
2026-05-15T23:19:15.130311,0.00,0.00,100.00,100.00
2026-05-15T23:19:15.233884,9.10,16.70,100.00,100.00
2026-05-15T23:19:15.337215,9.10,0.00,100.00,100.00
2026-05-15T23:19:15.440754,0.00,0.00,100.00,100.00
2026-05-15T23:19:15.544366,0.00,0.00,100.00,100.00
2026-05-15T23:19:15.647899,9.10,0.00,100.00,100.00
2026-05-15T23:19:15.751536,0.00,0.00,100.00,100.00
2026-05-15T23:19:15.855111,0.00,9.10,100.00,100.00
2026-05-15T23:19:15.958525,0.00,0.00,100.00,100.00
2026-05-15T23:19:16.061935,9.10,0.00,100.00,100.00
2026-05-15T23:19:16.165359,0.00,0.00,100.00,100.00
2026-05-15T23:19:16.269522,0.00,0.00,100.00,100.00
2026-05-15T23:19:16.373116,9.10,9.10,100.00,100.00
2026-05-15T23:19:16.476355,0.00,0.00,100.00,100.00
2026-05-15T23:19:16.579578,18.20,9.10,100.00,100.00
2026-05-15T23:19:16.682849,0.00,0.00,100.00,100.00
2026-05-15T23:19:16.786194,9.10,0.00,100.00,100.00
2026-05-15T23:19:16.889500,0.00,0.00,100.00,100.00
2026-05-15T23:19:16.993021,0.00,0.00,100.00,100.00
2026-05-15T23:19:17.096183,9.10,9.10,100.00,100.00
2026-05-15T23:19:17.199476,0.00,0.00,100.00,100.00
2026-05-15T23:19:17.302740,0.00,0.00,100.00,100.00
2026-05-15T23:19:17.406281,0.00,0.00,100.00,100.00
2026-05-15T23:19:17.509510,0.00,0.00,100.00,100.00
2026-05-15T23:19:17.612918,9.10,0.00,100.00,100.00
2026-05-15T23:19:17.716259,0.00,0.00,100.00,100.00
2026-05-15T23:19:17.819661,0.00,9.10,100.00,100.00
2026-05-15T23:19:17.923068,0.00,0.00,100.00,100.00
2026-05-15T23:19:18.026562,9.10,0.00,100.00,100.00
2026-05-15T23:19:18.129986,0.00,8.30,100.00,100.00
2026-05-15T23:19:18.233406,0.00,0.00,100.00,100.00
2026-05-15T23:19:18.336837,0.00,0.00,100.00,100.00
2026-05-15T23:19:18.440187,9.10,0.00,100.00,100.00
2026-05-15T23:19:18.543656,9.10,0.00,100.00,100.00
2026-05-15T23:19:18.647286,0.00,0.00,100.00,100.00
2026-05-15T23:19:18.751012,9.10,0.00,100.00,100.00
2026-05-15T23:19:18.854424,0.00,0.00,100.00,100.00
2026-05-15T23:19:18.957743,0.00,0.00,100.00,100.00
2026-05-15T23:19:19.061607,0.00,9.10,100.00,100.00
2026-05-15T23:19:19.164911,0.00,0.00,100.00,100.00
2026-05-15T23:19:19.268502,16.70,0.00,100.00,100.00
2026-05-15T23:19:19.371957,0.00,0.00,100.00,100.00
2026-05-15T23:19:19.475547,0.00,25.00,100.00,100.00
2026-05-15T23:19:19.578873,0.00,0.00,100.00,100.00
2026-05-15T23:19:19.682280,9.10,0.00,100.00,100.00
2026-05-15T23:19:19.785582,9.10,0.00,100.00,100.00
2026-05-15T23:19:19.888926,0.00,0.00,100.00,100.00
2026-05-15T23:19:19.992372,0.00,0.00,100.00,100.00
2026-05-15T23:19:20.095669,16.70,0.00,100.00,100.00
2026-05-15T23:19:20.198820,0.00,0.00,100.00,100.00
2026-05-15T23:19:20.302055,0.00,9.10,100.00,100.00
2026-05-15T23:19:20.405594,0.00,0.00,100.00,100.00
2026-05-15T23:19:20.509016,9.10,0.00,100.00,100.00
2026-05-15T23:19:20.612158,0.00,0.00,100.00,100.00
2026-05-15T23:19:20.715316,0.00,0.00,100.00,100.00
2026-05-15T23:19:20.818699,0.00,0.00,100.00,100.00
2026-05-15T23:19:20.922591,0.00,0.00,100.00,100.00
2026-05-15T23:19:21.026316,9.10,9.10,100.00,100.00
2026-05-15T23:19:21.130151,0.00,0.00,100.00,100.00
2026-05-15T23:19:21.233688,0.00,0.00,100.00,100.00
2026-05-15T23:19:21.336932,9.10,0.00,100.00,100.00
2026-05-15T23:19:21.440370,0.00,0.00,100.00,100.00
2026-05-15T23:19:21.543855,0.00,0.00,100.00,100.00
2026-05-15T23:19:21.647489,0.00,0.00,100.00,100.00
2026-05-15T23:19:21.751019,9.10,9.10,100.00,100.00
2026-05-15T23:19:21.854942,0.00,9.10,100.00,100.00
2026-05-15T23:19:21.959025,9.10,0.00,100.00,100.00
2026-05-15T23:19:22.062228,0.00,0.00,100.00,100.00
2026-05-15T23:19:22.165721,0.00,0.00,100.00,100.00
2026-05-15T23:19:22.269428,9.10,0.00,100.00,100.00
2026-05-15T23:19:22.373063,0.00,0.00,100.00,100.00
2026-05-15T23:19:22.476503,16.70,18.20,100.00,100.00
2026-05-15T23:19:22.579985,9.10,0.00,100.00,100.00
2026-05-15T23:19:22.683218,0.00,8.30,100.00,100.00
2026-05-15T23:19:22.786532,0.00,0.00,100.00,100.00
2026-05-15T23:19:22.889888,0.00,0.00,100.00,100.00
2026-05-15T23:19:22.993336,9.10,0.00,100.00,100.00
2026-05-15T23:19:23.096723,0.00,0.00,100.00,100.00
2026-05-15T23:19:23.199943,0.00,0.00,100.00,100.00
2026-05-15T23:19:23.303332,10.00,9.10,100.00,100.00
2026-05-15T23:19:23.406774,0.00,9.10,100.00,100.00
2026-05-15T23:19:23.509932,9.10,0.00,100.00,100.00
2026-05-15T23:19:23.613307,0.00,0.00,100.00,100.00
2026-05-15T23:19:23.717022,0.00,0.00,100.00,100.00
2026-05-15T23:19:23.820543,0.00,9.10,100.00,100.00
2026-05-15T23:19:23.924153,0.00,0.00,100.00,100.00
2026-05-15T23:19:24.027979,9.10,0.00,100.00,100.00
2026-05-15T23:19:24.131843,9.10,0.00,100.00,100.00
2026-05-15T23:19:24.235460,0.00,0.00,100.00,100.00
2026-05-15T23:19:24.338837,0.00,9.10,100.00,100.00
2026-05-15T23:19:24.442069,9.10,0.00,100.00,100.00
2026-05-15T23:19:24.545509,9.10,0.00,100.00,100.00
2026-05-15T23:19:24.648641,0.00,0.00,100.00,100.00
2026-05-15T23:19:24.752016,0.00,10.00,100.00,100.00
2026-05-15T23:19:24.855201,0.00,0.00,100.00,100.00
2026-05-15T23:19:24.958648,9.10,9.10,100.00,100.00
2026-05-15T23:19:25.062279,0.00,0.00,100.00,100.00
2026-05-15T23:19:25.165848,0.00,9.10,100.00,100.00
2026-05-15T23:19:25.269613,0.00,9.10,100.00,100.00
2026-05-15T23:19:25.372989,0.00,0.00,100.00,100.00
2026-05-15T23:19:25.476336,0.00,10.00,100.00,100.00
2026-05-15T23:19:25.579933,0.00,9.10,100.00,100.00
2026-05-15T23:19:25.683473,0.00,9.10,100.00,100.00
2026-05-15T23:19:25.787077,0.00,0.00,100.00,100.00
2026-05-15T23:19:25.890476,0.00,0.00,100.00,100.00
2026-05-15T23:19:25.993997,0.00,0.00,100.00,100.00
2026-05-15T23:19:26.097816,9.10,0.00,100.00,100.00
2026-05-15T23:19:26.201185,0.00,10.00,100.00,100.00
2026-05-15T23:19:26.304393,0.00,0.00,100.00,100.00
2026-05-15T23:19:26.408295,9.10,9.10,100.00,100.00
2026-05-15T23:19:26.511729,0.00,0.00,100.00,100.00
2026-05-15T23:19:26.615132,9.10,0.00,100.00,100.00
2026-05-15T23:19:26.718640,0.00,0.00,100.00,100.00
2026-05-15T23:19:26.822075,0.00,9.10,100.00,100.00
2026-05-15T23:19:26.925369,0.00,0.00,100.00,100.00
2026-05-15T23:19:27.028481,9.10,9.10,100.00,100.00
2026-05-15T23:19:27.131959,9.10,0.00,100.00,100.00
2026-05-15T23:19:27.235129,0.00,0.00,100.00,100.00
2026-05-15T23:19:27.338352,0.00,0.00,100.00,100.00
2026-05-15T23:19:27.441579,9.10,9.10,100.00,100.00
2026-05-15T23:19:27.544898,0.00,0.00,100.00,100.00
2026-05-15T23:19:27.648148,0.00,0.00,100.00,100.00
2026-05-15T23:19:27.751452,0.00,0.00,100.00,100.00
2026-05-15T23:19:27.854800,9.10,0.00,100.00,100.00
2026-05-15T23:19:27.958072,0.00,0.00,100.00,100.00
2026-05-15T23:19:28.061367,0.00,0.00,100.00,100.00
2026-05-15T23:19:28.164666,0.00,0.00,100.00,100.00
2026-05-15T23:19:28.268063,9.10,10.00,100.00,100.00
2026-05-15T23:19:28.371922,0.00,0.00,100.00,100.00
2026-05-15T23:19:28.476147,0.00,18.20,100.00,100.00
2026-05-15T23:19:28.579923,9.10,0.00,100.00,100.00
2026-05-15T23:19:28.683680,0.00,0.00,100.00,100.00
2026-05-15T23:19:28.787305,0.00,0.00,100.00,100.00
2026-05-15T23:19:28.890569,0.00,0.00,100.00,100.00
2026-05-15T23:19:28.994282,0.00,0.00,100.00,100.00
2026-05-15T23:19:29.098279,16.70,9.10,100.00,100.00
2026-05-15T23:19:29.202010,0.00,0.00,100.00,100.00
2026-05-15T23:19:29.305826,9.10,9.10,100.00,100.00
2026-05-15T23:19:29.409200,0.00,0.00,100.00,100.00
2026-05-15T23:19:29.512652,9.10,0.00,100.00,100.00
2026-05-15T23:19:29.615991,0.00,0.00,100.00,100.00
2026-05-15T23:19:29.719289,0.00,0.00,100.00,100.00
2026-05-15T23:19:29.822653,0.00,0.00,100.00,100.00
2026-05-15T23:19:29.925960,0.00,0.00,100.00,100.00
2026-05-15T23:19:30.029346,0.00,0.00,100.00,100.00
2026-05-15T23:19:30.133042,9.10,0.00,100.00,100.00
2026-05-15T23:19:30.236417,0.00,9.10,100.00,100.00
2026-05-15T23:19:30.339713,0.00,0.00,100.00,100.00
2026-05-15T23:19:30.443145,0.00,0.00,100.00,100.00
2026-05-15T23:19:30.546587,0.00,0.00,100.00,100.00
2026-05-15T23:19:30.649685,9.10,0.00,100.00,100.00
2026-05-15T23:19:30.752977,0.00,0.00,100.00,100.00
2026-05-15T23:19:30.856245,9.10,0.00,100.00,100.00
2026-05-15T23:19:30.959583,0.00,0.00,100.00,100.00
2026-05-15T23:19:31.062900,9.10,0.00,100.00,100.00
2026-05-15T23:19:31.166827,0.00,8.30,100.00,100.00
2026-05-15T23:19:31.270149,0.00,0.00,100.00,100.00
2026-05-15T23:19:31.373576,0.00,8.30,100.00,100.00
2026-05-15T23:19:31.476862,0.00,10.00,100.00,100.00
2026-05-15T23:19:31.580063,9.10,9.10,100.00,100.00
2026-05-15T23:19:31.683315,9.10,0.00,100.00,100.00
2026-05-15T23:19:31.786490,0.00,0.00,100.00,100.00
2026-05-15T23:19:31.889697,0.00,0.00,100.00,100.00
2026-05-15T23:19:31.992947,16.70,0.00,100.00,100.00
2026-05-15T23:19:32.096263,0.00,0.00,100.00,100.00
2026-05-15T23:19:32.199538,0.00,8.30,100.00,100.00
2026-05-15T23:19:32.302902,0.00,0.00,100.00,100.00
2026-05-15T23:19:32.406106,9.10,0.00,100.00,100.00
2026-05-15T23:19:32.509191,0.00,0.00,100.00,100.00
2026-05-15T23:19:32.612388,0.00,0.00,100.00,100.00
2026-05-15T23:19:32.715642,0.00,9.10,100.00,100.00
2026-05-15T23:19:32.818845,0.00,0.00,100.00,100.00
2026-05-15T23:19:32.922217,9.10,0.00,100.00,100.00
2026-05-15T23:19:33.025335,9.10,0.00,100.00,100.00
2026-05-15T23:19:33.128561,0.00,0.00,100.00,100.00
2026-05-15T23:19:33.232015,0.00,9.10,100.00,100.00
2026-05-15T23:19:33.335461,10.00,10.00,100.00,100.00
2026-05-15T23:19:33.438623,0.00,0.00,100.00,100.00
2026-05-15T23:19:33.542031,0.00,0.00,100.00,100.00
2026-05-15T23:19:33.645342,0.00,9.10,100.00,100.00
2026-05-15T23:19:33.748875,9.10,0.00,100.00,100.00
2026-05-15T23:19:33.852160,9.10,0.00,100.00,100.00
2026-05-15T23:19:33.955272,0.00,0.00,100.00,100.00
2026-05-15T23:19:34.058659,0.00,0.00,100.00,100.00
2026-05-15T23:19:34.161776,0.00,0.00,100.00,100.00
2026-05-15T23:19:34.264986,9.10,0.00,100.00,100.00
2026-05-15T23:19:34.368208,0.00,0.00,100.00,100.00
2026-05-15T23:19:34.472649,0.00,9.10,100.00,100.00
2026-05-15T23:19:34.575817,9.10,10.00,100.00,100.00
2026-05-15T23:19:34.679048,0.00,0.00,100.00,100.00
2026-05-15T23:19:34.782269,0.00,0.00,100.00,100.00
2026-05-15T23:19:34.885504,0.00,0.00,100.00,100.00
2026-05-15T23:19:34.988926,9.10,0.00,100.00,100.00
2026-05-15T23:19:35.092169,0.00,10.00,100.00,100.00
2026-05-15T23:19:35.195310,0.00,0.00,100.00,100.00
2026-05-15T23:19:35.298550,0.00,16.70,100.00,100.00
2026-05-15T23:19:35.401830,9.10,0.00,100.00,100.00
2026-05-15T23:19:35.505051,0.00,0.00,100.00,100.00
2026-05-15T23:19:35.608239,0.00,0.00,100.00,100.00
2026-05-15T23:19:35.711787,0.00,9.10,100.00,100.00
2026-05-15T23:19:35.815268,0.00,0.00,100.00,100.00
2026-05-15T23:19:35.918549,9.10,0.00,100.00,100.00
2026-05-15T23:19:36.021756,0.00,0.00,100.00,100.00
2026-05-15T23:19:36.125350,9.10,0.00,100.00,100.00
2026-05-15T23:19:36.228549,9.10,0.00,100.00,100.00
2026-05-15T23:19:36.332037,9.10,16.70,100.00,100.00
2026-05-15T23:19:36.435123,0.00,0.00,100.00,100.00
2026-05-15T23:19:36.538258,0.00,0.00,100.00,100.00
2026-05-15T23:19:36.641525,0.00,0.00,100.00,100.00
2026-05-15T23:19:36.744792,8.30,0.00,100.00,100.00
2026-05-15T23:19:36.848140,0.00,0.00,100.00,100.00
2026-05-15T23:19:36.951386,0.00,0.00,100.00,100.00
2026-05-15T23:19:37.054531,0.00,9.10,100.00,100.00
2026-05-15T23:19:37.157792,9.10,0.00,100.00,100.00
2026-05-15T23:19:37.261147,0.00,0.00,100.00,100.00
2026-05-15T23:19:37.364338,0.00,0.00,100.00,100.00
2026-05-15T23:19:37.467639,0.00,9.10,100.00,100.00
