timestamp,core0,core1,core2,core3
2026-05-16T08:35:44.568158,66.70,33.30,50.00,0.00
2026-05-16T08:35:44.668627,0.00,0.00,0.00,0.00
2026-05-16T08:35:44.769105,0.00,0.00,0.00,0.00
2026-05-16T08:35:44.869604,0.00,0.00,0.00,0.00
2026-05-16T08:35:44.970120,0.00,0.00,0.00,0.00
2026-05-16T08:35:45.070590,0.00,0.00,0.00,0.00
2026-05-16T08:35:45.171092,0.00,0.00,0.00,0.00
2026-05-16T08:35:45.271629,0.00,9.10,0.00,0.00
2026-05-16T08:35:45.372109,0.00,0.00,0.00,0.00
2026-05-16T08:35:45.472612,0.00,0.00,0.00,11.10
2026-05-16T08:35:45.573113,0.00,0.00,0.00,0.00
2026-05-16T08:35:45.673668,0.00,0.00,0.00,0.00
2026-05-16T08:35:45.774160,0.00,0.00,0.00,0.00
2026-05-16T08:35:45.874667,0.00,0.00,0.00,0.00
2026-05-16T08:35:45.975139,0.00,0.00,0.00,0.00
2026-05-16T08:35:46.075641,0.00,0.00,0.00,0.00
2026-05-16T08:35:46.176140,0.00,0.00,0.00,0.00
2026-05-16T08:35:46.276647,0.00,0.00,0.00,0.00
2026-05-16T08:35:46.377161,0.00,0.00,0.00,0.00
2026-05-16T08:35:46.491654,8.30,9.10,8.30,8.30
2026-05-16T08:35:47.801521,6.90,6.90,9.30,7.70
2026-05-16T08:35:47.903754,9.10,0.00,100.00,0.00
2026-05-16T08:35:48.005678,10.00,0.00,100.00,9.10
2026-05-16T08:35:48.107612,0.00,0.00,100.00,0.00
2026-05-16T08:35:48.209574,0.00,0.00,100.00,0.00
2026-05-16T08:35:48.311535,0.00,0.00,100.00,0.00
2026-05-16T08:35:48.413435,0.00,0.00,100.00,0.00
2026-05-16T08:35:48.515651,0.00,0.00,100.00,0.00
2026-05-16T08:35:48.617607,0.00,0.00,100.00,9.10
2026-05-16T08:35:48.719555,9.10,0.00,100.00,0.00
2026-05-16T08:35:48.821451,0.00,0.00,100.00,0.00
2026-05-16T08:35:48.923446,0.00,0.00,100.00,0.00
2026-05-16T08:35:49.025332,0.00,9.10,100.00,0.00
2026-05-16T08:35:49.127218,0.00,0.00,100.00,0.00
2026-05-16T08:35:49.229133,0.00,9.10,100.00,0.00
2026-05-16T08:35:49.331109,0.00,0.00,100.00,9.10
2026-05-16T08:35:49.433144,0.00,0.00,100.00,0.00
2026-05-16T08:35:49.535195,9.10,0.00,100.00,0.00
2026-05-16T08:35:49.637030,0.00,0.00,100.00,0.00
2026-05-16T08:35:49.738945,0.00,0.00,100.00,0.00
2026-05-16T08:35:49.840991,0.00,0.00,100.00,9.10
2026-05-16T08:35:49.942972,0.00,0.00,100.00,0.00
2026-05-16T08:35:50.044884,0.00,0.00,100.00,0.00
2026-05-16T08:35:50.146921,9.10,0.00,100.00,0.00
2026-05-16T08:35:50.248817,0.00,0.00,100.00,0.00
2026-05-16T08:35:50.351040,0.00,0.00,100.00,0.00
2026-05-16T08:35:50.452957,0.00,0.00,100.00,0.00
2026-05-16T08:35:50.554946,0.00,0.00,100.00,9.10
2026-05-16T08:35:50.656840,0.00,0.00,100.00,9.10
2026-05-16T08:35:50.758691,0.00,0.00,100.00,0.00
2026-05-16T08:35:50.860529,0.00,0.00,100.00,0.00
2026-05-16T08:35:50.962494,0.00,0.00,100.00,0.00
2026-05-16T08:35:51.064333,0.00,0.00,100.00,0.00
2026-05-16T08:35:51.166348,0.00,0.00,100.00,0.00
2026-05-16T08:35:51.268325,9.10,0.00,100.00,0.00
2026-05-16T08:35:51.370375,0.00,0.00,100.00,9.10
2026-05-16T08:35:51.472400,0.00,0.00,100.00,0.00
2026-05-16T08:35:51.574323,0.00,0.00,100.00,0.00
2026-05-16T08:35:51.676225,9.10,0.00,100.00,0.00
2026-05-16T08:35:51.778550,0.00,0.00,100.00,0.00
2026-05-16T08:35:51.880839,0.00,9.10,100.00,0.00
2026-05-16T08:35:51.983029,0.00,9.10,100.00,9.10
2026-05-16T08:35:52.085317,0.00,0.00,100.00,0.00
2026-05-16T08:35:52.187527,9.10,0.00,100.00,0.00
2026-05-16T08:35:52.289673,0.00,0.00,100.00,0.00
2026-05-16T08:35:52.391733,0.00,0.00,100.00,0.00
2026-05-16T08:35:52.493893,9.10,0.00,100.00,0.00
2026-05-16T08:35:52.598735,0.00,0.00,100.00,0.00
2026-05-16T08:35:52.700710,0.00,9.10,100.00,0.00
2026-05-16T08:35:52.802543,0.00,9.10,100.00,0.00
2026-05-16T08:35:52.904394,0.00,0.00,100.00,0.00
2026-05-16T08:35:53.006275,0.00,0.00,100.00,9.10
2026-05-16T08:35:53.108182,0.00,0.00,100.00,0.00
2026-05-16T08:35:53.210083,0.00,0.00,100.00,0.00
2026-05-16T08:35:53.312008,9.10,0.00,100.00,0.00
2026-05-16T08:35:53.414098,10.00,9.10,100.00,20.00
2026-05-16T08:35:53.515963,9.10,0.00,100.00,10.00
2026-05-16T08:35:53.617738,0.00,0.00,100.00,0.00
2026-05-16T08:35:53.719591,0.00,0.00,100.00,0.00
2026-05-16T08:35:53.821534,0.00,0.00,100.00,0.00
2026-05-16T08:35:53.923715,0.00,0.00,100.00,0.00
2026-05-16T08:35:54.025787,0.00,0.00,100.00,0.00
2026-05-16T08:35:54.127713,0.00,0.00,100.00,9.10
2026-05-16T08:35:54.229615,9.10,0.00,100.00,0.00
2026-05-16T08:35:54.331981,0.00,0.00,100.00,0.00
2026-05-16T08:35:54.434145,0.00,10.00,100.00,9.10
2026-05-16T08:35:54.536344,9.10,9.10,100.00,0.00
2026-05-16T08:35:54.638457,9.10,0.00,100.00,0.00
2026-05-16T08:35:54.740603,0.00,0.00,100.00,0.00
2026-05-16T08:35:54.842751,0.00,0.00,100.00,0.00
2026-05-16T08:35:54.944975,0.00,0.00,100.00,0.00
2026-05-16T08:35:55.047119,9.10,0.00,100.00,0.00
2026-05-16T08:35:55.149297,0.00,0.00,100.00,0.00
2026-05-16T08:35:55.251612,0.00,0.00,100.00,0.00
2026-05-16T08:35:55.353740,0.00,0.00,100.00,0.00
2026-05-16T08:35:55.455920,9.10,0.00,100.00,0.00
2026-05-16T08:35:55.558029,0.00,0.00,100.00,0.00
2026-05-16T08:35:55.660192,9.10,0.00,100.00,0.00
2026-05-16T08:35:55.762359,0.00,0.00,100.00,0.00
2026-05-16T08:35:55.864336,0.00,9.10,100.00,0.00
2026-05-16T08:35:55.966159,0.00,0.00,100.00,0.00
2026-05-16T08:35:56.068321,0.00,0.00,100.00,0.00
2026-05-16T08:35:56.170409,0.00,0.00,100.00,0.00
2026-05-16T08:35:56.272294,0.00,9.10,100.00,0.00
2026-05-16T08:35:56.374274,0.00,0.00,100.00,0.00
2026-05-16T08:35:56.476128,0.00,0.00,100.00,0.00
2026-05-16T08:35:56.578015,0.00,0.00,100.00,0.00
2026-05-16T08:35:56.679938,0.00,0.00,100.00,0.00
2026-05-16T08:35:56.781851,0.00,0.00,100.00,0.00
2026-05-16T08:35:56.883861,9.10,0.00,100.00,0.00
2026-05-16T08:35:56.985655,0.00,0.00,100.00,0.00
2026-05-16T08:35:57.087523,0.00,0.00,100.00,8.30
2026-05-16T08:35:57.189375,0.00,0.00,100.00,0.00
2026-05-16T08:35:57.291287,9.10,9.10,100.00,0.00
2026-05-16T08:35:57.393166,0.00,9.10,100.00,0.00
2026-05-16T08:35:57.495088,0.00,0.00,100.00,0.00
2026-05-16T08:35:57.597059,0.00,0.00,100.00,0.00
2026-05-16T08:35:57.698904,0.00,10.00,100.00,0.00
2026-05-16T08:35:57.801041,0.00,0.00,100.00,0.00
2026-05-16T08:35:57.903358,18.20,0.00,100.00,0.00
2026-05-16T08:35:58.005289,0.00,0.00,100.00,0.00
2026-05-16T08:35:58.107392,10.00,0.00,100.00,0.00
2026-05-16T08:35:58.209414,18.20,0.00,100.00,0.00
2026-05-16T08:35:58.311493,18.20,0.00,100.00,0.00
2026-05-16T08:35:58.413677,10.00,0.00,100.00,0.00
2026-05-16T08:35:58.515752,10.00,0.00,100.00,0.00
2026-05-16T08:35:58.617877,11.10,18.20,100.00,0.00
2026-05-16T08:35:58.719837,10.00,0.00,100.00,9.10
2026-05-16T08:35:58.822361,10.00,0.00,100.00,0.00
2026-05-16T08:35:58.924644,0.00,0.00,100.00,0.00
2026-05-16T08:35:59.026801,25.00,11.10,100.00,10.00
2026-05-16T08:35:59.129187,25.00,0.00,100.00,9.10
2026-05-16T08:35:59.231274,11.10,0.00,100.00,0.00
2026-05-16T08:35:59.333457,18.20,11.10,100.00,10.00
2026-05-16T08:35:59.435667,18.20,0.00,100.00,0.00
2026-05-16T08:35:59.537914,10.00,11.10,100.00,9.10
2026-05-16T08:35:59.640255,27.30,20.00,100.00,0.00
2026-05-16T08:35:59.742220,18.20,0.00,100.00,9.10
2026-05-16T08:35:59.844428,10.00,0.00,100.00,0.00
2026-05-16T08:35:59.946467,10.00,0.00,100.00,0.00
2026-05-16T08:36:00.048634,18.20,0.00,100.00,9.10
2026-05-16T08:36:00.150829,0.00,0.00,100.00,0.00
2026-05-16T08:36:00.252933,18.20,10.00,100.00,0.00
2026-05-16T08:36:00.354991,11.10,0.00,100.00,0.00
2026-05-16T08:36:00.457326,18.20,0.00,100.00,0.00
2026-05-16T08:36:00.559495,18.20,0.00,100.00,10.00
2026-05-16T08:36:00.661507,10.00,0.00,100.00,0.00
2026-05-16T08:36:00.763462,10.00,0.00,100.00,0.00
2026-05-16T08:36:00.865576,11.10,0.00,100.00,0.00
2026-05-16T08:36:00.967640,18.20,0.00,100.00,0.00
2026-05-16T08:36:01.069682,18.20,11.10,100.00,0.00
2026-05-16T08:36:01.171991,18.20,0.00,100.00,0.00
2026-05-16T08:36:01.273867,18.20,0.00,100.00,10.00
2026-05-16T08:36:01.375817,18.20,0.00,100.00,0.00
2026-05-16T08:36:01.478044,25.00,0.00,100.00,0.00
2026-05-16T08:36:01.579995,10.00,10.00,100.00,0.00
2026-05-16T08:36:01.682189,18.20,0.00,100.00,0.00
2026-05-16T08:36:01.785012,36.40,30.00,100.00,0.00
2026-05-16T08:36:01.887817,44.40,54.50,100.00,0.00
2026-05-16T08:36:01.990216,55.60,60.00,100.00,0.00
2026-05-16T08:36:02.092880,50.00,54.50,100.00,18.20
2026-05-16T08:36:02.195476,54.50,55.60,100.00,11.10
2026-05-16T08:36:02.298119,50.00,50.00,100.00,10.00
2026-05-16T08:36:02.400971,50.00,55.60,100.00,0.00
2026-05-16T08:36:02.503425,58.30,50.00,100.00,18.20
2026-05-16T08:36:02.606622,55.60,55.60,100.00,0.00
2026-05-16T08:36:02.709044,58.30,55.60,100.00,10.00
2026-05-16T08:36:02.811427,55.60,50.00,100.00,0.00
2026-05-16T08:36:02.913948,50.00,60.00,100.00,0.00
2026-05-16T08:36:03.016691,44.40,60.00,100.00,27.30
2026-05-16T08:36:03.120288,60.00,54.50,100.00,11.10
2026-05-16T08:36:03.223011,54.50,63.60,100.00,10.00
2026-05-16T08:36:03.326046,55.60,63.60,100.00,20.00
2026-05-16T08:36:03.428772,50.00,50.00,100.00,0.00
2026-05-16T08:36:03.531669,60.00,50.00,100.00,11.10
2026-05-16T08:36:03.634132,44.40,60.00,100.00,10.00
2026-05-16T08:36:03.736850,63.60,60.00,100.00,10.00
2026-05-16T08:36:03.839343,54.50,44.40,100.00,10.00
2026-05-16T08:36:03.942021,44.40,60.00,100.00,11.10
2026-05-16T08:36:04.044937,55.60,50.00,100.00,0.00
2026-05-16T08:36:04.147802,54.50,60.00,100.00,0.00
2026-05-16T08:36:04.250860,50.00,50.00,100.00,11.10
2026-05-16T08:36:04.353650,60.00,60.00,100.00,0.00
2026-05-16T08:36:04.456335,54.50,55.60,100.00,27.30
2026-05-16T08:36:04.558788,55.60,54.50,100.00,11.10
2026-05-16T08:36:04.661433,50.00,63.60,100.00,10.00
2026-05-16T08:36:04.764126,44.40,50.00,100.00,0.00
2026-05-16T08:36:04.866755,54.50,63.60,100.00,0.00
2026-05-16T08:36:04.969063,55.60,55.60,100.00,18.20
2026-05-16T08:36:05.071725,44.40,50.00,100.00,0.00
2026-05-16T08:36:05.174703,54.50,60.00,100.00,10.00
2026-05-16T08:36:05.277486,50.00,50.00,100.00,11.10
2026-05-16T08:36:05.380172,60.00,50.00,100.00,10.00
2026-05-16T08:36:05.483177,50.00,63.60,100.00,0.00
2026-05-16T08:36:05.585894,54.50,44.40,100.00,18.20
2026-05-16T08:36:05.688511,55.60,63.60,100.00,0.00
2026-05-16T08:36:05.791540,66.70,66.70,100.00,0.00
2026-05-16T08:36:05.894837,83.30,90.90,100.00,11.10
2026-05-16T08:36:05.997970,87.50,83.30,100.00,11.10
2026-05-16T08:36:06.100563,83.30,90.00,100.00,0.00
2026-05-16T08:36:06.203919,88.90,90.00,100.00,11.10
2026-05-16T08:36:06.306703,90.90,80.00,100.00,11.10
2026-05-16T08:36:06.409928,80.00,90.90,100.00,11.10
2026-05-16T08:36:06.512999,88.90,90.90,100.00,11.10
2026-05-16T08:36:06.616070,80.00,88.90,100.00,22.20
2026-05-16T08:36:06.719070,90.90,83.30,100.00,11.10
2026-05-16T08:36:06.822325,81.80,90.00,100.00,11.10
2026-05-16T08:36:06.925391,88.90,77.80,100.00,11.10
2026-05-16T08:36:07.028571,83.30,90.90,100.00,11.10
2026-05-16T08:36:07.131638,90.00,90.00,100.00,30.00
2026-05-16T08:36:07.234968,90.90,91.70,100.00,11.10
2026-05-16T08:36:07.337906,90.00,90.00,100.00,0.00
2026-05-16T08:36:07.495138,86.70,93.70,93.80,33.30
2026-05-16T08:36:07.597997,75.00,70.00,81.80,11.10
2026-05-16T08:36:07.701064,70.00,81.80,83.30,22.20
2026-05-16T08:36:07.804465,70.00,66.70,90.00,0.00
2026-05-16T08:36:07.907832,80.00,72.70,81.80,20.00
2026-05-16T08:36:08.011067,75.00,80.00,81.80,11.10
2026-05-16T08:36:08.114686,66.70,70.00,83.30,0.00
2026-05-16T08:36:08.217608,72.70,72.70,81.80,11.10
2026-05-16T08:36:08.320720,75.00,75.00,83.30,11.10
2026-05-16T08:36:08.423746,72.70,72.70,80.00,22.20
2026-05-16T08:36:08.526867,72.70,77.80,83.30,11.10
2026-05-16T08:36:08.630201,80.00,72.70,83.30,11.10
2026-05-16T08:36:08.733747,72.70,70.00,81.80,20.00
2026-05-16T08:36:08.836849,72.70,80.00,90.00,12.50
2026-05-16T08:36:08.939876,66.70,70.00,80.00,0.00
2026-05-16T08:36:09.042986,75.00,75.00,84.60,11.10
2026-05-16T08:36:09.146444,81.80,80.00,81.80,11.10
2026-05-16T08:36:09.249821,70.00,70.00,81.80,22.20
2026-05-16T08:36:09.352687,70.00,72.70,90.00,0.00
2026-05-16T08:36:09.455702,72.70,72.70,81.80,0.00
2026-05-16T08:36:09.558974,72.70,77.80,83.30,20.00
2026-05-16T08:36:09.661994,80.00,75.00,81.80,11.10
2026-05-16T08:36:09.764663,63.60,72.70,72.70,12.50
2026-05-16T08:36:09.867510,50.00,45.50,50.00,10.00
2026-05-16T08:36:09.970134,50.00,50.00,63.60,0.00
2026-05-16T08:36:10.072938,50.00,33.30,54.50,0.00
2026-05-16T08:36:10.175715,44.40,50.00,54.50,18.20
2026-05-16T08:36:10.278188,54.50,44.40,55.60,18.20
2026-05-16T08:36:10.381149,40.00,50.00,58.30,0.00
2026-05-16T08:36:10.483697,50.00,45.50,54.50,10.00
2026-05-16T08:36:10.586161,50.00,50.00,58.30,11.10
2026-05-16T08:36:10.689420,54.50,50.00,60.00,18.20
2026-05-16T08:36:10.792132,40.00,45.50,58.30,0.00
2026-05-16T08:36:10.895218,50.00,44.40,50.00,0.00
2026-05-16T08:36:10.998063,50.00,50.00,60.00,0.00
2026-05-16T08:36:11.100868,54.50,33.30,54.50,10.00
2026-05-16T08:36:11.203302,37.50,54.50,54.50,11.10
2026-05-16T08:36:11.306438,54.50,40.00,60.00,10.00
2026-05-16T08:36:11.409337,54.50,50.00,54.50,0.00
2026-05-16T08:36:11.512230,50.00,44.40,54.50,10.00
2026-05-16T08:36:11.614890,50.00,40.00,54.50,18.20
2026-05-16T08:36:11.717400,40.00,54.50,60.00,0.00
2026-05-16T08:36:11.820119,44.40,44.40,54.50,0.00
2026-05-16T08:36:11.923389,50.00,50.00,50.00,11.10
2026-05-16T08:36:12.026475,50.00,40.00,63.60,10.00
2026-05-16T08:36:12.129958,44.40,54.50,54.50,10.00
2026-05-16T08:36:12.232714,44.40,44.40,50.00,0.00
2026-05-16T08:36:12.335165,45.50,45.50,58.30,18.20
2026-05-16T08:36:12.438237,58.30,44.40,60.00,0.00
2026-05-16T08:36:12.541487,44.40,50.00,58.30,20.00
2026-05-16T08:36:12.644156,50.00,40.00,44.40,0.00
2026-05-16T08:36:12.746972,50.00,54.50,63.60,0.00
2026-05-16T08:36:12.849566,50.00,44.40,54.50,0.00
2026-05-16T08:36:12.952195,40.00,50.00,58.30,10.00
2026-05-16T08:36:13.054931,50.00,37.50,50.00,11.10
2026-05-16T08:36:13.157528,50.00,40.00,60.00,0.00
2026-05-16T08:36:13.260137,50.00,54.50,54.50,10.00
2026-05-16T08:36:13.362839,54.50,50.00,66.70,0.00
2026-05-16T08:36:13.465195,44.40,44.40,50.00,10.00
2026-05-16T08:36:13.568190,50.00,50.00,54.50,0.00
2026-05-16T08:36:13.671246,40.00,40.00,55.60,11.10
2026-05-16T08:36:13.773848,50.00,45.50,50.00,0.00
2026-05-16T08:36:13.876087,22.20,22.20,30.00,0.00
2026-05-16T08:36:13.978470,33.30,25.00,33.30,10.00
2026-05-16T08:36:14.080800,22.20,22.20,33.30,10.00
2026-05-16T08:36:14.183206,30.00,30.00,33.30,0.00
2026-05-16T08:36:14.285595,25.00,22.20,36.40,0.00
2026-05-16T08:36:14.388854,36.40,33.30,33.30,0.00
2026-05-16T08:36:14.491338,25.00,22.20,37.50,25.00
2026-05-16T08:36:14.593704,30.00,33.30,30.00,0.00
2026-05-16T08:36:14.696068,33.30,22.20,33.30,10.00
2026-05-16T08:36:14.798434,22.20,22.20,33.30,0.00
2026-05-16T08:36:14.901119,33.30,25.00,33.30,0.00
2026-05-16T08:36:15.003893,12.50,22.20,33.30,0.00
2026-05-16T08:36:15.106782,33.30,41.70,22.20,0.00
2026-05-16T08:36:15.208893,22.20,14.30,33.30,10.00
2026-05-16T08:36:15.311062,33.30,30.00,33.30,0.00
2026-05-16T08:36:15.413647,30.00,25.00,40.00,0.00
2026-05-16T08:36:15.516024,33.30,36.40,33.30,10.00
2026-05-16T08:36:15.618455,22.20,22.20,30.00,0.00
2026-05-16T08:36:15.721041,33.30,25.00,33.30,0.00
2026-05-16T08:36:15.886632,37.50,40.00,50.00,25.00
2026-05-16T08:36:15.989202,44.40,40.00,100.00,0.00
2026-05-16T08:36:16.092065,45.50,37.50,100.00,0.00
2026-05-16T08:36:16.194583,33.30,45.50,100.00,0.00
2026-05-16T08:36:16.296871,37.50,33.30,100.00,18.20
2026-05-16T08:36:16.399530,45.50,44.40,100.00,0.00
2026-05-16T08:36:16.502025,33.30,33.30,100.00,0.00
2026-05-16T08:36:16.604789,37.50,44.40,100.00,10.00
2026-05-16T08:36:16.707042,40.00,33.30,100.00,0.00
2026-05-16T08:36:16.809700,40.00,37.50,100.00,10.00
2026-05-16T08:36:16.911971,40.00,40.00,100.00,10.00
2026-05-16T08:36:17.014438,33.30,37.50,100.00,0.00
2026-05-16T08:36:17.117578,37.50,33.30,100.00,0.00
2026-05-16T08:36:17.220635,33.30,40.00,100.00,10.00
2026-05-16T08:36:17.323221,44.40,50.00,100.00,11.10
2026-05-16T08:36:17.426040,33.30,40.00,100.00,0.00
2026-05-16T08:36:17.528653,45.50,33.30,100.00,0.00
2026-05-16T08:36:17.631088,37.50,37.50,100.00,10.00
2026-05-16T08:36:17.733721,33.30,40.00,100.00,10.00
2026-05-16T08:36:17.836890,54.50,55.60,100.00,0.00
2026-05-16T08:36:17.939578,63.60,50.00,100.00,0.00
2026-05-16T08:36:18.042156,54.50,54.50,100.00,10.00
2026-05-16T08:36:18.144946,50.00,50.00,100.00,10.00
2026-05-16T08:36:18.247478,50.00,50.00,100.00,27.30
2026-05-16T08:36:18.349944,50.00,55.60,100.00,10.00
2026-05-16T08:36:18.452928,55.60,54.50,100.00,10.00
2026-05-16T08:36:18.555716,63.60,55.60,100.00,11.10
2026-05-16T08:36:18.658648,54.50,63.60,100.00,18.20
2026-05-16T08:36:18.761414,55.60,50.00,100.00,10.00
2026-05-16T08:36:18.864454,58.30,60.00,100.00,11.10
2026-05-16T08:36:18.967232,50.00,55.60,100.00,10.00
2026-05-16T08:36:19.069934,60.00,54.50,100.00,0.00
2026-05-16T08:36:19.172641,54.50,50.00,100.00,0.00
2026-05-16T08:36:19.275263,54.50,54.50,100.00,20.00
2026-05-16T08:36:19.377961,55.60,60.00,100.00,10.00
2026-05-16T08:36:19.480744,58.30,50.00,100.00,0.00
2026-05-16T08:36:19.583822,50.00,63.60,100.00,18.20
2026-05-16T08:36:19.686615,54.50,50.00,100.00,0.00
2026-05-16T08:36:19.789215,54.50,58.30,100.00,10.00
2026-05-16T08:36:19.891934,50.00,44.40,100.00,0.00
2026-05-16T08:36:19.994380,55.60,63.60,100.00,0.00
2026-05-16T08:36:20.097098,54.50,50.00,100.00,18.20
2026-05-16T08:36:20.200213,44.40,63.60,100.00,0.00
2026-05-16T08:36:20.303192,54.50,50.00,100.00,20.00
2026-05-16T08:36:20.406003,55.60,55.60,100.00,10.00
2026-05-16T08:36:20.509130,50.00,58.30,100.00,10.00
2026-05-16T08:36:20.611777,54.50,50.00,100.00,10.00
2026-05-16T08:36:20.714422,55.60,54.50,100.00,11.10
2026-05-16T08:36:20.816922,50.00,60.00,100.00,0.00
2026-05-16T08:36:20.919621,63.60,55.60,100.00,10.00
2026-05-16T08:36:21.022164,50.00,54.50,100.00,0.00
2026-05-16T08:36:21.125109,55.60,60.00,100.00,0.00
2026-05-16T08:36:21.227781,54.50,66.70,100.00,18.20
2026-05-16T08:36:21.330616,60.00,44.40,100.00,0.00
2026-05-16T08:36:21.433112,50.00,60.00,100.00,0.00
2026-05-16T08:36:21.535732,55.60,50.00,100.00,10.00
2026-05-16T08:36:21.638438,54.50,60.00,100.00,10.00
2026-05-16T08:36:21.741148,60.00,55.60,100.00,11.10
2026-05-16T08:36:21.843634,33.30,40.00,100.00,10.00
2026-05-16T08:36:21.946100,33.30,44.40,100.00,10.00
2026-05-16T08:36:22.048607,45.50,40.00,100.00,11.10
2026-05-16T08:36:22.151023,25.00,40.00,100.00,10.00
2026-05-16T08:36:22.253722,33.30,37.50,100.00,0.00
2026-05-16T08:36:22.356135,45.50,33.30,100.00,0.00
2026-05-16T08:36:22.458647,37.50,44.40,100.00,10.00
2026-05-16T08:36:22.561017,22.20,40.00,100.00,0.00
2026-05-16T08:36:22.663549,50.00,44.40,100.00,10.00
2026-05-16T08:36:22.766071,33.30,33.30,100.00,0.00
2026-05-16T08:36:22.868827,33.30,40.00,100.00,0.00
2026-05-16T08:36:22.971227,45.50,37.50,100.00,0.00
2026-05-16T08:36:23.074065,25.00,40.00,100.00,10.00
2026-05-16T08:36:23.176489,45.50,25.00,100.00,10.00
2026-05-16T08:36:23.278941,25.00,44.40,100.00,0.00
2026-05-16T08:36:23.381337,40.00,33.30,100.00,0.00
2026-05-16T08:36:23.483887,25.00,44.40,100.00,0.00
2026-05-16T08:36:23.586602,40.00,33.30,100.00,18.20
2026-05-16T08:36:23.689581,37.50,37.50,100.00,0.00
2026-05-16T08:36:23.791930,45.50,40.00,100.00,10.00
2026-05-16T08:36:23.894374,33.30,33.30,100.00,0.00
2026-05-16T08:36:23.996754,33.30,37.50,100.00,0.00
2026-05-16T08:36:24.099285,33.30,33.30,100.00,0.00
2026-05-16T08:36:24.201837,40.00,44.40,100.00,10.00
2026-05-16T08:36:24.304520,25.00,33.30,100.00,10.00
2026-05-16T08:36:24.407040,50.00,40.00,100.00,18.20
2026-05-16T08:36:24.509395,40.00,44.40,100.00,0.00
2026-05-16T08:36:24.611835,33.30,44.40,100.00,0.00
2026-05-16T08:36:24.714486,44.40,25.00,100.00,10.00
2026-05-16T08:36:24.817065,40.00,45.50,100.00,10.00
2026-05-16T08:36:24.919441,40.00,37.50,100.00,0.00
2026-05-16T08:36:25.022067,33.30,33.30,100.00,18.20
2026-05-16T08:36:25.124599,40.00,40.00,100.00,0.00
2026-05-16T08:36:25.227127,45.50,44.40,100.00,0.00
2026-05-16T08:36:25.329578,25.00,25.00,100.00,10.00
2026-05-16T08:36:25.431721,33.30,33.30,100.00,0.00
2026-05-16T08:36:25.534263,40.00,40.00,100.00,10.00
2026-05-16T08:36:25.637752,40.00,37.50,100.00,0.00
2026-05-16T08:36:25.740740,40.00,33.30,100.00,10.00
2026-05-16T08:36:25.843702,90.90,87.50,100.00,0.00
2026-05-16T08:36:25.946866,100.00,90.90,100.00,12.50
2026-05-16T08:36:26.106479,88.20,94.10,100.00,35.70
2026-05-16T08:36:26.210092,83.30,81.80,81.80,11.10
2026-05-16T08:36:26.313788,75.00,81.80,90.90,20.00
2026-05-16T08:36:26.417227,75.00,70.00,81.80,0.00
2026-05-16T08:36:26.520838,75.00,77.80,90.90,0.00
2026-05-16T08:36:26.623914,77.80,75.00,83.30,20.00
2026-05-16T08:36:26.727193,75.00,80.00,90.90,0.00
2026-05-16T08:36:26.830433,77.80,75.00,81.80,22.20
2026-05-16T08:36:26.933518,72.70,81.80,80.00,11.10
2026-05-16T08:36:27.036391,80.00,80.00,84.60,11.10
2026-05-16T08:36:27.139609,72.70,72.70,90.90,0.00
2026-05-16T08:36:27.242908,70.00,70.00,81.80,27.30
2026-05-16T08:36:27.345653,75.00,75.00,81.80,0.00
2026-05-16T08:36:27.448677,70.00,70.00,76.90,0.00
2026-05-16T08:36:27.551442,81.80,77.80,88.90,12.50
2026-05-16T08:36:27.654501,72.70,75.00,83.30,11.10
2026-05-16T08:36:27.757422,75.00,80.00,81.80,20.00
2026-05-16T08:36:27.860864,75.00,72.70,90.00,0.00
2026-05-16T08:36:27.963859,77.80,77.80,83.30,11.10
2026-05-16T08:36:28.067403,70.00,72.70,90.90,0.00
2026-05-16T08:36:28.170809,72.70,72.70,81.80,20.00
2026-05-16T08:36:28.274104,80.00,81.80,83.30,11.10
2026-05-16T08:36:28.377177,70.00,80.00,80.00,0.00
2026-05-16T08:36:28.480563,80.00,72.70,91.70,20.00
2026-05-16T08:36:28.583629,72.70,81.80,90.00,22.20
2026-05-16T08:36:28.686741,81.80,81.80,81.80,11.10
2026-05-16T08:36:28.790037,72.70,72.70,81.80,11.10
2026-05-16T08:36:28.893407,72.70,72.70,81.80,11.10
2026-05-16T08:36:28.996856,77.80,70.00,83.30,0.00
2026-05-16T08:36:29.100181,72.70,75.00,90.90,11.10
2026-05-16T08:36:29.203062,81.80,80.00,81.80,20.00
2026-05-16T08:36:29.305997,72.70,72.70,91.70,12.50
2026-05-16T08:36:29.408984,72.70,72.70,80.00,11.10
2026-05-16T08:36:29.512901,81.80,81.80,90.90,11.10
2026-05-16T08:36:29.616446,80.00,72.70,81.80,11.10
2026-05-16T08:36:29.719488,70.00,80.00,90.90,12.50
2026-05-16T08:36:29.822383,83.30,80.00,83.30,11.10
2026-05-16T08:36:29.925499,70.00,75.00,81.80,11.10
2026-05-16T08:36:30.028400,72.70,72.70,90.90,0.00
2026-05-16T08:36:30.131216,80.00,81.80,81.80,11.10
2026-05-16T08:36:30.234997,72.70,70.00,90.00,11.10
2026-05-16T08:36:30.338481,75.00,80.00,84.60,0.00
2026-05-16T08:36:30.442142,75.00,81.80,90.90,20.00
2026-05-16T08:36:30.545538,72.70,72.70,80.00,11.10
2026-05-16T08:36:30.648811,77.80,75.00,83.30,12.50
2026-05-16T08:36:30.751863,80.00,81.80,83.30,11.10
2026-05-16T08:36:30.854967,72.70,81.80,90.90,11.10
2026-05-16T08:36:30.958463,77.80,75.00,80.00,11.10
2026-05-16T08:36:31.062188,75.00,77.80,81.80,0.00
2026-05-16T08:36:31.165430,81.80,75.00,90.90,11.10
2026-05-16T08:36:31.268847,70.00,81.80,81.80,22.20
2026-05-16T08:36:31.372576,72.70,70.00,83.30,0.00
2026-05-16T08:36:31.475906,80.00,80.00,90.90,0.00
2026-05-16T08:36:31.579404,72.70,72.70,80.00,20.00
2026-05-16T08:36:31.683217,83.30,81.80,83.30,11.10
2026-05-16T08:36:31.786580,80.00,72.70,91.70,0.00
2026-05-16T08:36:31.889954,70.00,70.00,80.00,11.10
2026-05-16T08:36:31.993309,80.00,81.80,90.90,20.00
2026-05-16T08:36:32.097341,72.70,80.00,90.90,0.00
2026-05-16T08:36:32.201660,80.00,81.80,90.90,11.10
2026-05-16T08:36:32.304612,80.00,81.80,81.80,20.00
2026-05-16T08:36:32.407878,70.00,72.70,90.90,11.10
2026-05-16T08:36:32.511492,80.00,72.70,81.80,11.10
2026-05-16T08:36:32.614423,77.80,80.00,81.80,22.20
2026-05-16T08:36:32.717777,70.00,75.00,90.00,0.00
2026-05-16T08:36:32.820993,75.00,80.00,84.60,11.10
2026-05-16T08:36:32.924332,80.00,83.30,90.90,20.00
2026-05-16T08:36:33.028196,70.00,72.70,83.30,0.00
2026-05-16T08:36:33.131606,81.80,80.00,90.90,11.10
2026-05-16T08:36:33.234643,80.00,72.70,88.90,0.00
2026-05-16T08:36:33.337963,70.00,81.80,84.60,20.00
2026-05-16T08:36:33.441400,80.00,81.80,90.90,20.00
2026-05-16T08:36:33.544976,75.00,80.00,81.80,0.00
2026-05-16T08:36:33.648574,77.80,80.00,90.00,11.10
2026-05-16T08:36:33.751871,81.80,72.70,81.80,11.10
2026-05-16T08:36:33.854827,70.00,72.70,83.30,20.00
2026-05-16T08:36:33.958029,70.00,70.00,80.00,11.10
2026-05-16T08:36:34.061134,72.70,70.00,75.00,0.00
2026-05-16T08:36:34.163907,72.70,60.00,83.30,0.00
2026-05-16T08:36:34.267218,63.60,72.70,75.00,11.10
2026-05-16T08:36:34.370379,66.70,72.70,81.80,20.00
2026-05-16T08:36:34.473575,70.00,70.00,81.80,33.30
2026-05-16T08:36:34.577108,81.80,75.00,81.80,11.10
2026-05-16T08:36:34.680346,70.00,70.00,81.80,11.10
2026-05-16T08:36:34.783458,70.00,75.00,81.80,11.10
2026-05-16T08:36:34.886821,72.70,62.50,76.90,11.10
2026-05-16T08:36:34.990058,70.00,75.00,80.00,11.10
2026-05-16T08:36:35.093208,72.70,72.70,81.80,0.00
2026-05-16T08:36:35.196458,66.70,70.00,76.90,11.10
2026-05-16T08:36:35.299632,77.80,75.00,80.00,30.00
2026-05-16T08:36:35.402644,70.00,72.70,83.30,0.00
2026-05-16T08:36:35.506067,72.70,72.70,81.80,11.10
2026-05-16T08:36:35.610447,70.00,80.00,81.80,11.10
2026-05-16T08:36:35.713515,66.70,72.70,72.70,11.10
2026-05-16T08:36:35.816409,70.00,66.70,81.80,11.10
2026-05-16T08:36:35.919380,72.70,75.00,81.80,11.10
2026-05-16T08:36:36.022596,70.00,77.80,81.80,0.00
2026-05-16T08:36:36.125584,70.00,66.70,75.00,11.10
2026-05-16T08:36:36.228839,70.00,75.00,80.00,20.00
2026-05-16T08:36:36.332166,70.00,81.80,83.30,11.10
2026-05-16T08:36:36.435410,72.70,72.70,75.00,12.50
2026-05-16T08:36:36.538589,75.00,75.00,83.30,0.00
2026-05-16T08:36:36.641920,72.70,70.00,81.80,11.10
2026-05-16T08:36:36.745087,70.00,72.70,80.00,20.00
2026-05-16T08:36:36.849008,72.70,70.00,84.60,11.10
2026-05-16T08:36:36.952609,66.70,75.00,81.80,0.00
2026-05-16T08:36:37.055685,70.00,66.70,72.70,11.10
2026-05-16T08:36:37.159121,72.70,75.00,81.80,20.00
2026-05-16T08:36:37.262590,70.00,63.60,75.00,11.10
2026-05-16T08:36:37.365946,66.70,72.70,80.00,11.10
2026-05-16T08:36:37.468966,80.00,72.70,80.00,0.00
2026-05-16T08:36:37.572655,63.60,72.70,75.00,11.10
2026-05-16T08:36:37.675706,66.70,63.60,81.80,10.00
2026-05-16T08:36:37.778183,54.50,50.00,63.60,11.10
2026-05-16T08:36:37.880725,33.30,25.00,30.00,0.00
2026-05-16T08:36:37.983006,22.20,22.20,33.30,0.00
2026-05-16T08:36:38.085577,22.20,22.20,30.00,10.00
2026-05-16T08:36:38.187816,33.30,22.20,25.00,0.00
2026-05-16T08:36:38.290026,30.00,22.20,30.00,0.00
2026-05-16T08:36:38.392248,30.00,22.20,33.30,0.00
2026-05-16T08:36:38.494677,30.00,22.20,22.20,0.00
2026-05-16T08:36:38.596968,14.30,22.20,25.00,10.00
2026-05-16T08:36:38.699234,22.20,22.20,30.00,0.00
2026-05-16T08:36:38.801403,30.00,12.50,14.30,0.00
2026-05-16T08:36:38.903782,12.50,30.00,30.00,0.00
2026-05-16T08:36:39.006108,33.30,40.00,40.00,18.20
2026-05-16T08:36:39.108565,22.20,12.50,25.00,0.00
2026-05-16T08:36:39.210890,30.00,22.20,30.00,0.00
2026-05-16T08:36:39.313608,33.30,22.20,33.30,0.00
2026-05-16T08:36:39.416250,30.00,22.20,33.30,18.20
2026-05-16T08:36:39.518661,22.20,22.20,22.20,0.00
2026-05-16T08:36:39.621252,40.00,33.30,25.00,10.00
2026-05-16T08:36:39.723691,12.50,22.20,36.40,0.00
2026-05-16T08:36:39.887128,35.70,40.00,46.20,18.70
2026-05-16T08:36:39.990108,37.50,25.00,100.00,10.00
2026-05-16T08:36:40.092718,40.00,37.50,100.00,10.00
2026-05-16T08:36:40.195150,33.30,40.00,100.00,0.00
2026-05-16T08:36:40.297729,40.00,33.30,100.00,0.00
2026-05-16T08:36:40.400238,40.00,44.40,100.00,10.00
2026-05-16T08:36:40.502983,25.00,33.30,100.00,0.00
2026-05-16T08:36:40.605614,45.50,33.30,100.00,18.20
2026-05-16T08:36:40.708395,25.00,33.30,100.00,0.00
2026-05-16T08:36:40.810925,40.00,44.40,100.00,0.00
2026-05-16T08:36:40.913507,33.30,33.30,100.00,0.00
2026-05-16T08:36:41.015964,25.00,25.00,100.00,0.00
2026-05-16T08:36:41.118608,33.30,40.00,100.00,0.00
2026-05-16T08:36:41.221015,40.00,28.60,100.00,10.00
2026-05-16T08:36:41.323814,25.00,40.00,100.00,10.00
2026-05-16T08:36:41.426410,25.00,33.30,100.00,10.00
2026-05-16T08:36:41.528702,40.00,14.30,100.00,0.00
2026-05-16T08:36:41.630960,33.30,50.00,100.00,10.00
2026-05-16T08:36:41.733204,25.00,25.00,100.00,0.00
2026-05-16T08:36:41.835429,20.00,0.00,100.00,0.00
2026-05-16T08:36:41.937458,11.10,20.00,100.00,10.00
2026-05-16T08:36:42.039522,18.20,0.00,100.00,0.00
2026-05-16T08:36:42.141515,10.00,0.00,100.00,9.10
2026-05-16T08:36:42.243556,10.00,10.00,100.00,0.00
2026-05-16T08:36:42.345747,27.30,0.00,100.00,0.00
2026-05-16T08:36:42.448008,18.20,10.00,100.00,0.00
2026-05-16T08:36:42.550039,30.80,0.00,100.00,0.00
2026-05-16T08:36:42.652241,25.00,10.00,100.00,0.00
2026-05-16T08:36:42.754546,11.10,20.00,100.00,0.00
2026-05-16T08:36:42.856590,18.20,0.00,100.00,0.00
2026-05-16T08:36:42.958687,18.20,0.00,100.00,0.00
2026-05-16T08:36:43.060828,27.30,11.10,100.00,9.10
2026-05-16T08:36:43.163438,10.00,10.00,100.00,0.00
2026-05-16T08:36:43.265829,33.30,0.00,100.00,0.00
2026-05-16T08:36:43.368028,18.20,0.00,100.00,0.00
2026-05-16T08:36:43.470235,30.80,11.10,100.00,0.00
2026-05-16T08:36:43.572278,27.30,0.00,100.00,0.00
2026-05-16T08:36:43.674441,30.80,0.00,100.00,0.00
2026-05-16T08:36:43.776546,30.80,0.00,100.00,0.00
2026-05-16T08:36:43.878578,25.00,0.00,100.00,0.00
2026-05-16T08:36:43.980733,11.10,18.20,100.00,9.10
2026-05-16T08:36:44.082850,10.00,20.00,100.00,0.00
2026-05-16T08:36:44.185231,18.20,10.00,100.00,0.00
2026-05-16T08:36:44.287455,10.00,20.00,100.00,0.00
2026-05-16T08:36:44.389880,38.50,0.00,100.00,0.00
2026-05-16T08:36:44.492290,27.30,0.00,100.00,10.00
2026-05-16T08:36:44.594431,25.00,11.10,100.00,0.00
2026-05-16T08:36:44.696452,18.20,0.00,100.00,0.00
2026-05-16T08:36:44.798506,20.00,0.00,100.00,0.00
2026-05-16T08:36:44.900662,25.00,11.10,100.00,0.00
2026-05-16T08:36:45.002953,18.20,11.10,100.00,9.10
2026-05-16T08:36:45.104994,18.20,10.00,100.00,0.00
2026-05-16T08:36:45.207037,27.30,0.00,100.00,0.00
2026-05-16T08:36:45.309310,30.80,0.00,100.00,0.00
2026-05-16T08:36:45.411736,27.30,0.00,100.00,0.00
2026-05-16T08:36:45.513946,18.20,0.00,100.00,0.00
2026-05-16T08:36:45.616493,10.00,10.00,100.00,0.00
2026-05-16T08:36:45.718936,27.30,0.00,100.00,0.00
2026-05-16T08:36:45.821577,54.50,54.50,100.00,0.00
2026-05-16T08:36:45.925104,75.00,72.70,100.00,10.00
2026-05-16T08:36:46.028093,66.70,72.70,100.00,0.00
2026-05-16T08:36:46.131162,72.70,72.70,100.00,11.10
2026-05-16T08:36:46.234384,70.00,70.00,100.00,11.10
2026-05-16T08:36:46.337395,75.00,72.70,100.00,10.00
2026-05-16T08:36:46.440399,72.70,72.70,100.00,20.00
2026-05-16T08:36:46.543196,72.70,75.00,100.00,0.00
2026-05-16T08:36:46.646369,66.70,72.70,100.00,11.10
2026-05-16T08:36:46.748955,72.70,72.70,100.00,11.10
2026-05-16T08:36:46.851697,70.00,66.70,100.00,0.00
2026-05-16T08:36:46.954230,72.70,72.70,100.00,11.10
2026-05-16T08:36:47.057158,70.00,72.70,100.00,10.00
2026-05-16T08:36:47.160637,75.00,72.70,100.00,0.00
2026-05-16T08:36:47.263636,72.70,72.70,100.00,27.30
2026-05-16T08:36:47.366206,72.70,72.70,100.00,0.00
2026-05-16T08:36:47.469092,70.00,66.70,100.00,0.00
2026-05-16T08:36:47.571873,72.70,72.70,100.00,0.00
2026-05-16T08:36:47.674975,70.00,70.00,100.00,11.10
2026-05-16T08:36:47.777895,66.70,72.70,100.00,18.20
2026-05-16T08:36:47.880753,70.00,75.00,100.00,0.00
2026-05-16T08:36:47.984110,70.00,77.80,100.00,10.00
2026-05-16T08:36:48.087107,72.70,72.70,100.00,22.20
2026-05-16T08:36:48.189860,70.00,66.70,100.00,10.00
2026-05-16T08:36:48.294887,63.60,72.70,100.00,0.00
2026-05-16T08:36:48.398112,72.70,72.70,100.00,20.00
2026-05-16T08:36:48.500957,77.80,70.00,100.00,10.00
2026-05-16T08:36:48.603910,60.00,75.00,100.00,0.00
2026-05-16T08:36:48.707036,75.00,66.70,100.00,20.00
2026-05-16T08:36:48.810205,70.00,72.70,100.00,0.00
2026-05-16T08:36:48.912976,75.00,72.70,100.00,0.00
2026-05-16T08:36:49.015952,66.70,70.00,100.00,0.00
2026-05-16T08:36:49.118988,70.00,76.90,100.00,10.00
2026-05-16T08:36:49.222026,69.20,70.00,100.00,11.10
2026-05-16T08:36:49.324991,75.00,70.00,100.00,10.00
2026-05-16T08:36:49.427688,72.70,72.70,100.00,0.00
2026-05-16T08:36:49.530704,70.00,77.80,100.00,11.10
2026-05-16T08:36:49.633636,72.70,75.00,100.00,27.30
2026-05-16T08:36:49.736087,60.00,60.00,100.00,18.20
2026-05-16T08:36:49.838278,20.00,0.00,100.00,0.00
2026-05-16T08:36:49.940534,20.00,11.10,100.00,0.00
2026-05-16T08:36:50.043020,18.20,0.00,100.00,9.10
2026-05-16T08:36:50.145411,20.00,11.10,100.00,0.00
2026-05-16T08:36:50.247510,33.30,11.10,100.00,0.00
2026-05-16T08:36:50.349640,18.20,0.00,100.00,0.00
2026-05-16T08:36:50.451955,20.00,11.10,100.00,0.00
2026-05-16T08:36:50.554097,20.00,11.10,100.00,0.00
2026-05-16T08:36:50.656197,20.00,11.10,100.00,0.00
2026-05-16T08:36:50.758545,18.20,0.00,100.00,0.00
2026-05-16T08:36:51.090039,37.90,39.30,100.00,50.00
2026-05-16T08:36:51.194625,22.20,20.00,100.00,100.00
2026-05-16T08:36:51.298079,11.10,12.50,100.00,100.00
2026-05-16T08:36:51.402004,20.00,11.10,100.00,100.00
2026-05-16T08:36:51.508254,20.00,12.50,100.00,100.00
2026-05-16T08:36:51.612182,11.10,22.20,100.00,100.00
2026-05-16T08:36:51.715818,25.00,0.00,100.00,100.00
2026-05-16T08:36:51.819982,20.00,20.00,100.00,100.00
2026-05-16T08:36:51.923748,22.20,22.20,100.00,100.00
2026-05-16T08:36:52.027425,0.00,0.00,100.00,100.00
2026-05-16T08:36:52.131584,27.30,11.10,100.00,100.00
2026-05-16T08:36:52.235982,11.10,11.10,100.00,100.00
2026-05-16T08:36:52.340068,0.00,22.20,100.00,100.00
2026-05-16T08:36:52.444262,18.20,0.00,100.00,100.00
2026-05-16T08:36:52.547664,11.10,11.10,100.00,100.00
2026-05-16T08:36:52.651438,11.10,11.10,100.00,100.00
2026-05-16T08:36:52.755152,10.00,0.00,100.00,100.00
2026-05-16T08:36:52.858715,10.00,11.10,100.00,100.00
2026-05-16T08:36:52.962423,11.10,11.10,100.00,100.00
2026-05-16T08:36:53.066043,33.30,0.00,100.00,100.00
2026-05-16T08:36:53.169569,10.00,11.10,100.00,100.00
2026-05-16T08:36:53.273669,11.10,11.10,100.00,100.00
2026-05-16T08:36:53.377169,27.30,11.10,100.00,100.00
2026-05-16T08:36:53.480668,18.20,11.10,100.00,100.00
2026-05-16T08:36:53.584422,11.10,0.00,100.00,100.00
2026-05-16T08:36:53.687799,27.30,10.00,100.00,100.00
2026-05-16T08:36:53.792853,22.20,40.00,100.00,100.00
2026-05-16T08:36:53.896511,45.50,40.00,100.00,100.00
2026-05-16T08:36:54.000382,50.00,37.50,100.00,100.00
2026-05-16T08:36:54.104835,33.30,50.00,100.00,100.00
2026-05-16T08:36:54.209078,45.50,44.40,100.00,100.00
2026-05-16T08:36:54.314522,44.40,44.40,100.00,100.00
2026-05-16T08:36:54.420582,45.50,50.00,100.00,100.00
2026-05-16T08:36:54.525580,44.40,54.50,100.00,100.00
2026-05-16T08:36:54.630505,44.40,44.40,100.00,100.00
2026-05-16T08:36:54.735719,25.00,44.40,100.00,100.00
2026-05-16T08:36:54.840487,53.80,50.00,100.00,100.00
2026-05-16T08:36:54.945288,33.30,44.40,100.00,100.00
2026-05-16T08:36:55.051116,44.40,45.50,100.00,100.00
2026-05-16T08:36:55.156617,45.50,44.40,100.00,100.00
2026-05-16T08:36:55.261832,44.40,60.00,100.00,100.00
2026-05-16T08:36:55.366943,50.00,50.00,100.00,100.00
2026-05-16T08:36:55.472207,50.00,44.40,100.00,100.00
2026-05-16T08:36:55.577180,50.00,60.00,100.00,100.00
2026-05-16T08:36:55.682465,44.40,44.40,100.00,100.00
2026-05-16T08:36:55.787614,58.30,61.50,100.00,100.00
2026-05-16T08:36:55.893628,50.00,55.60,100.00,100.00
2026-05-16T08:36:55.999089,50.00,54.50,100.00,100.00
2026-05-16T08:36:56.104576,50.00,54.50,100.00,100.00
2026-05-16T08:36:56.210530,37.50,50.00,100.00,100.00
2026-05-16T08:36:56.315902,44.40,54.50,100.00,100.00
2026-05-16T08:36:56.421215,54.50,55.60,100.00,100.00
2026-05-16T08:36:56.526236,40.00,44.40,100.00,100.00
2026-05-16T08:36:56.633062,50.00,60.00,100.00,100.00
2026-05-16T08:36:56.738256,50.00,50.00,100.00,100.00
2026-05-16T08:36:56.842900,54.50,45.50,100.00,100.00
2026-05-16T08:36:56.948051,44.40,55.60,100.00,100.00
2026-05-16T08:36:57.053149,45.50,44.40,100.00,100.00
2026-05-16T08:36:57.158375,37.50,54.50,100.00,100.00
2026-05-16T08:36:57.263117,50.00,44.40,100.00,100.00
2026-05-16T08:36:57.368731,40.00,40.00,100.00,100.00
2026-05-16T08:36:57.474003,40.00,50.00,100.00,100.00
2026-05-16T08:36:57.579862,44.40,44.40,100.00,100.00
2026-05-16T08:36:57.686160,45.50,58.30,100.00,100.00
2026-05-16T08:36:57.790411,33.30,14.30,100.00,100.00
2026-05-16T08:36:57.894183,11.10,22.20,100.00,100.00
2026-05-16T08:36:57.998085,30.00,12.50,100.00,100.00
2026-05-16T08:36:58.102460,11.10,11.10,100.00,100.00
2026-05-16T08:36:58.206072,30.00,12.50,100.00,100.00
2026-05-16T08:36:58.310005,11.10,0.00,100.00,100.00
2026-05-16T08:36:58.413978,22.20,20.00,100.00,100.00
2026-05-16T08:36:58.517985,20.00,12.50,100.00,100.00
2026-05-16T08:36:58.621884,0.00,25.00,100.00,100.00
2026-05-16T08:36:58.725911,30.00,22.20,100.00,100.00
2026-05-16T08:36:58.830174,11.10,12.50,100.00,100.00
2026-05-16T08:36:58.935002,0.00,0.00,100.00,100.00
2026-05-16T08:36:59.039494,11.10,20.00,100.00,100.00
2026-05-16T08:36:59.143919,12.50,22.20,100.00,100.00
2026-05-16T08:36:59.248282,22.20,12.50,100.00,100.00
2026-05-16T08:36:59.352596,20.00,22.20,100.00,100.00
2026-05-16T08:36:59.457420,20.00,12.50,100.00,100.00
2026-05-16T08:36:59.565428,0.00,12.50,100.00,100.00
2026-05-16T08:36:59.669738,27.30,30.00,100.00,100.00
2026-05-16T08:36:59.773267,0.00,12.50,100.00,100.00
2026-05-16T08:36:59.876914,11.10,0.00,100.00,100.00
2026-05-16T08:36:59.980455,36.40,12.50,100.00,100.00
2026-05-16T08:37:00.084454,0.00,22.20,100.00,100.00
2026-05-16T08:37:00.188338,22.20,12.50,100.00,100.00
2026-05-16T08:37:00.292463,20.00,27.30,100.00,100.00
2026-05-16T08:37:00.396022,22.20,0.00,100.00,100.00
2026-05-16T08:37:00.499479,20.00,0.00,100.00,100.00
2026-05-16T08:37:00.603159,11.10,22.20,100.00,100.00
2026-05-16T08:37:00.707102,22.20,12.50,100.00,100.00
2026-05-16T08:37:00.810709,11.10,11.10,100.00,100.00
2026-05-16T08:37:00.914642,27.30,12.50,100.00,100.00
2026-05-16T08:37:01.018492,11.10,20.00,100.00,100.00
2026-05-16T08:37:01.121921,0.00,12.50,100.00,100.00
2026-05-16T08:37:01.226839,20.00,0.00,100.00,100.00
2026-05-16T08:37:01.331084,30.00,20.00,100.00,100.00
2026-05-16T08:37:01.434757,12.50,22.20,100.00,100.00
2026-05-16T08:37:01.539490,22.20,0.00,100.00,100.00
2026-05-16T08:37:01.643859,20.00,22.20,100.00,100.00
2026-05-16T08:37:01.751585,22.20,30.00,100.00,100.00
2026-05-16T08:37:01.857877,81.80,81.80,100.00,100.00
2026-05-16T08:37:01.964422,100.00,81.80,100.00,100.00
2026-05-16T08:37:02.069079,90.00,80.00,100.00,100.00
2026-05-16T08:37:02.174210,91.70,81.80,100.00,100.00
2026-05-16T08:37:02.279025,70.00,90.00,100.00,100.00
2026-05-16T08:37:02.384965,90.90,75.00,100.00,100.00
2026-05-16T08:37:02.490140,100.00,81.80,100.00,100.00
2026-05-16T08:37:02.596014,91.70,80.00,100.00,100.00
2026-05-16T08:37:02.703377,100.00,81.80,100.00,100.00
2026-05-16T08:37:02.810849,91.70,88.90,100.00,100.00
2026-05-16T08:37:02.919160,100.00,91.70,100.00,100.00
2026-05-16T08:37:03.023753,88.90,90.90,100.00,100.00
2026-05-16T08:37:03.128940,90.00,100.00,100.00,100.00
2026-05-16T08:37:03.234882,83.30,90.90,100.00,100.00
2026-05-16T08:37:03.343601,80.00,90.90,100.00,100.00
2026-05-16T08:37:03.448006,90.00,90.90,100.00,100.00
2026-05-16T08:37:03.554882,72.70,90.90,100.00,100.00
2026-05-16T08:37:03.659087,88.90,100.00,100.00,100.00
2026-05-16T08:37:03.763500,72.70,90.90,100.00,100.00
2026-05-16T08:37:03.871594,90.00,91.70,100.00,100.00
2026-05-16T08:37:03.975866,72.70,90.00,100.00,100.00
2026-05-16T08:37:04.081622,88.90,100.00,100.00,100.00
2026-05-16T08:37:04.186735,80.00,90.90,100.00,100.00
2026-05-16T08:37:04.291546,81.80,91.70,100.00,100.00
2026-05-16T08:37:04.397393,81.80,90.00,100.00,100.00
2026-05-16T08:37:04.502375,90.90,90.00,100.00,100.00
2026-05-16T08:37:04.608141,80.00,100.00,100.00,100.00
2026-05-16T08:37:04.714490,81.80,90.90,100.00,100.00
2026-05-16T08:37:04.819936,81.80,90.90,100.00,100.00
2026-05-16T08:37:04.925595,77.80,90.90,100.00,100.00
2026-05-16T08:37:05.029997,88.90,90.90,100.00,100.00
2026-05-16T08:37:05.135239,81.80,90.90,100.00,100.00
2026-05-16T08:37:05.239665,81.80,100.00,100.00,100.00
2026-05-16T08:37:05.344391,77.80,90.90,100.00,100.00
2026-05-16T08:37:05.449605,83.30,91.70,100.00,100.00
2026-05-16T08:37:05.556176,90.00,90.90,100.00,100.00
2026-05-16T08:37:05.663463,81.80,90.00,100.00,100.00
2026-05-16T08:37:05.767540,60.00,72.70,100.00,100.00
2026-05-16T08:37:05.871669,11.10,11.10,100.00,100.00
2026-05-16T08:37:05.975591,10.00,12.50,100.00,100.00
2026-05-16T08:37:06.079315,20.00,0.00,100.00,100.00
2026-05-16T08:37:06.182824,11.10,20.00,100.00,100.00
2026-05-16T08:37:06.286032,18.20,11.10,100.00,100.00
2026-05-16T08:37:06.389379,11.10,11.10,100.00,100.00
2026-05-16T08:37:06.492987,18.20,11.10,100.00,100.00
2026-05-16T08:37:06.596841,20.00,11.10,100.00,100.00
2026-05-16T08:37:06.701143,11.10,11.10,100.00,100.00
2026-05-16T08:37:06.804749,10.00,11.10,100.00,100.00
2026-05-16T08:37:06.909026,20.00,0.00,100.00,100.00
2026-05-16T08:37:07.012712,20.00,11.10,100.00,100.00
2026-05-16T08:37:07.116307,11.10,11.10,100.00,100.00
2026-05-16T08:37:07.220378,20.00,0.00,100.00,100.00
2026-05-16T08:37:07.323837,10.00,22.20,100.00,100.00
2026-05-16T08:37:07.427375,10.00,11.10,100.00,100.00
2026-05-16T08:37:07.530803,27.30,10.00,100.00,100.00
2026-05-16T08:37:07.634483,0.00,0.00,100.00,100.00
2026-05-16T08:37:07.738102,27.30,0.00,100.00,100.00
2026-05-16T08:37:07.841748,18.20,0.00,100.00,100.00
2026-05-16T08:37:07.945510,20.00,10.00,100.00,100.00
2026-05-16T08:37:08.048723,11.10,11.10,100.00,100.00
2026-05-16T08:37:08.152425,10.00,11.10,100.00,100.00
2026-05-16T08:37:08.255900,20.00,0.00,100.00,100.00
2026-05-16T08:37:08.359514,10.00,0.00,100.00,100.00
2026-05-16T08:37:08.463337,20.00,0.00,100.00,100.00
2026-05-16T08:37:08.566713,11.10,0.00,100.00,100.00
2026-05-16T08:37:08.671137,10.00,0.00,100.00,100.00
2026-05-16T08:37:08.774933,11.10,0.00,100.00,100.00
2026-05-16T08:37:08.878397,10.00,10.00,100.00,100.00
2026-05-16T08:37:08.981924,10.00,20.00,100.00,100.00
2026-05-16T08:37:09.085737,10.00,0.00,100.00,100.00
2026-05-16T08:37:09.189600,11.10,0.00,100.00,100.00
2026-05-16T08:37:09.293170,18.20,11.10,100.00,100.00
2026-05-16T08:37:09.396787,20.00,10.00,100.00,100.00
2026-05-16T08:37:09.500218,10.00,0.00,100.00,100.00
2026-05-16T08:37:09.604871,0.00,11.10,100.00,100.00
2026-05-16T08:37:09.708324,20.00,0.00,100.00,100.00
2026-05-16T08:37:09.811930,11.10,11.10,100.00,100.00
2026-05-16T08:37:09.916699,20.00,12.50,100.00,100.00
2026-05-16T08:37:10.021102,20.00,11.10,100.00,100.00
2026-05-16T08:37:10.125952,11.10,11.10,100.00,100.00
2026-05-16T08:37:10.229717,20.00,0.00,100.00,100.00
2026-05-16T08:37:10.333261,11.10,12.50,100.00,100.00
2026-05-16T08:37:10.436898,20.00,0.00,100.00,100.00
2026-05-16T08:37:10.540958,20.00,11.10,100.00,100.00
2026-05-16T08:37:10.645435,0.00,20.00,100.00,100.00
2026-05-16T08:37:10.749039,20.00,0.00,100.00,100.00
2026-05-16T08:37:10.852810,20.00,0.00,100.00,100.00
2026-05-16T08:37:10.957386,11.10,11.10,100.00,100.00
2026-05-16T08:37:11.061477,11.10,0.00,100.00,100.00
2026-05-16T08:37:11.167527,20.00,11.10,100.00,100.00
2026-05-16T08:37:11.271557,30.00,22.20,100.00,100.00
2026-05-16T08:37:11.375671,0.00,12.50,100.00,100.00
2026-05-16T08:37:11.479175,11.10,20.00,100.00,100.00
2026-05-16T08:37:11.583634,20.00,12.50,100.00,100.00
2026-05-16T08:37:11.687589,11.10,12.50,100.00,100.00
2026-05-16T08:37:11.792798,20.00,11.10,100.00,100.00
2026-05-16T08:37:11.897195,11.10,12.50,100.00,100.00
2026-05-16T08:37:12.000956,22.20,11.10,100.00,100.00
2026-05-16T08:37:12.105070,11.10,0.00,100.00,100.00
2026-05-16T08:37:12.208987,20.00,11.10,100.00,100.00
2026-05-16T08:37:12.313791,11.10,11.10,100.00,100.00
2026-05-16T08:37:12.418068,27.30,12.50,100.00,100.00
2026-05-16T08:37:12.521618,11.10,11.10,100.00,100.00
2026-05-16T08:37:12.625173,12.50,0.00,100.00,100.00
2026-05-16T08:37:12.728828,27.30,11.10,100.00,100.00
2026-05-16T08:37:12.832789,11.10,11.10,100.00,100.00
2026-05-16T08:37:12.936482,0.00,0.00,100.00,100.00
2026-05-16T08:37:13.039962,33.30,11.10,100.00,100.00
2026-05-16T08:37:13.143552,11.10,11.10,100.00,100.00
2026-05-16T08:37:13.247202,11.10,11.10,100.00,100.00
2026-05-16T08:37:13.350932,18.20,0.00,100.00,100.00
2026-05-16T08:37:13.454518,12.50,11.10,100.00,100.00
2026-05-16T08:37:13.558577,11.10,11.10,100.00,100.00
2026-05-16T08:37:13.662344,33.30,11.10,100.00,100.00
2026-05-16T08:37:13.766813,22.20,33.30,100.00,100.00
2026-05-16T08:37:13.872570,70.00,90.90,100.00,100.00
2026-05-16T08:37:13.978688,63.60,81.80,100.00,100.00
2026-05-16T08:37:14.084171,62.50,81.80,100.00,100.00
2026-05-16T08:37:14.189870,60.00,91.70,100.00,100.00
2026-05-16T08:37:14.294790,72.70,81.80,100.00,100.00
2026-05-16T08:37:14.400023,66.70,90.90,100.00,100.00
2026-05-16T08:37:14.505623,72.70,90.00,100.00,100.00
2026-05-16T08:37:14.610086,83.30,90.90,100.00,100.00
2026-05-16T08:37:14.716570,80.00,81.80,100.00,100.00
2026-05-16T08:37:14.822548,70.00,83.30,100.00,100.00
2026-05-16T08:37:14.927504,70.00,81.80,100.00,100.00
2026-05-16T08:37:15.031541,75.00,77.80,100.00,100.00
2026-05-16T08:37:15.136757,60.00,83.30,100.00,100.00
2026-05-16T08:37:15.242575,66.70,90.90,100.00,100.00
2026-05-16T08:37:15.348034,72.70,91.70,100.00,100.00
2026-05-16T08:37:15.453510,63.60,81.80,100.00,100.00
2026-05-16T08:37:15.559316,66.70,90.90,100.00,100.00
2026-05-16T08:37:15.664938,80.00,91.70,100.00,100.00
2026-05-16T08:37:15.770868,81.80,90.00,100.00,100.00
2026-05-16T08:37:15.875899,80.00,83.30,100.00,100.00
2026-05-16T08:37:15.981893,88.90,90.90,100.00,100.00
2026-05-16T08:37:16.086204,70.00,90.00,100.00,100.00
2026-05-16T08:37:16.190528,72.70,91.70,100.00,100.00
2026-05-16T08:37:16.296836,70.00,83.30,100.00,100.00
2026-05-16T08:37:16.404808,80.00,100.00,100.00,100.00
2026-05-16T08:37:16.509418,72.70,83.30,100.00,100.00
2026-05-16T08:37:16.615927,80.00,90.00,100.00,100.00
2026-05-16T08:37:16.723198,80.00,90.90,100.00,100.00
2026-05-16T08:37:16.827950,80.00,90.90,100.00,100.00
2026-05-16T08:37:16.933844,72.70,83.30,100.00,100.00
2026-05-16T08:37:17.040215,80.00,88.90,100.00,100.00
2026-05-16T08:37:17.147190,77.80,91.70,100.00,100.00
2026-05-16T08:37:17.252893,75.00,80.00,100.00,100.00
2026-05-16T08:37:17.359682,70.00,80.00,100.00,100.00
2026-05-16T08:37:17.463935,81.80,76.90,100.00,100.00
2026-05-16T08:37:17.570678,72.70,77.80,100.00,100.00
2026-05-16T08:37:17.675889,77.80,83.30,100.00,100.00
2026-05-16T08:37:17.779186,50.00,50.00,100.00,100.00
2026-05-16T08:37:17.882682,18.20,0.00,100.00,100.00
2026-05-16T08:37:17.986430,18.20,10.00,100.00,100.00
2026-05-16T08:37:18.090019,10.00,0.00,100.00,100.00
2026-05-16T08:37:18.193328,10.00,0.00,100.00,100.00
2026-05-16T08:37:18.296744,9.10,0.00,100.00,100.00
2026-05-16T08:37:18.399979,25.00,10.00,100.00,100.00
2026-05-16T08:37:18.503610,0.00,0.00,100.00,100.00
2026-05-16T08:37:18.607014,18.20,10.00,100.00,100.00
2026-05-16T08:37:18.710481,18.20,0.00,100.00,100.00
2026-05-16T08:37:18.813944,0.00,10.00,100.00,100.00
2026-05-16T08:37:18.917344,18.20,10.00,100.00,100.00
2026-05-16T08:37:19.020585,10.00,0.00,100.00,100.00
2026-05-16T08:37:19.124695,25.00,11.10,100.00,100.00
2026-05-16T08:37:19.227979,10.00,0.00,100.00,100.00
2026-05-16T08:37:19.331991,18.20,0.00,100.00,100.00
2026-05-16T08:37:19.435588,10.00,0.00,100.00,100.00
2026-05-16T08:37:19.539181,10.00,10.00,100.00,100.00
2026-05-16T08:37:19.643203,10.00,10.00,100.00,100.00
2026-05-16T08:37:19.747007,10.00,0.00,100.00,100.00
2026-05-16T08:37:19.850414,10.00,10.00,100.00,100.00
2026-05-16T08:37:19.953684,18.20,0.00,100.00,100.00
2026-05-16T08:37:20.057086,9.10,0.00,100.00,100.00
2026-05-16T08:37:20.160366,10.00,0.00,100.00,100.00
2026-05-16T08:37:20.263815,18.20,10.00,100.00,100.00
2026-05-16T08:37:20.367441,10.00,0.00,100.00,100.00
2026-05-16T08:37:20.470794,10.00,0.00,100.00,100.00
2026-05-16T08:37:20.574142,9.10,0.00,100.00,100.00
2026-05-16T08:37:20.677962,10.00,10.00,100.00,100.00
2026-05-16T08:37:20.781435,10.00,10.00,100.00,100.00
2026-05-16T08:37:20.884871,18.20,10.00,100.00,100.00
2026-05-16T08:37:20.988430,10.00,10.00,100.00,100.00
2026-05-16T08:37:21.091794,18.20,0.00,100.00,100.00
2026-05-16T08:37:21.195531,10.00,0.00,100.00,100.00
2026-05-16T08:37:21.298757,10.00,10.00,100.00,100.00
2026-05-16T08:37:21.401953,10.00,0.00,100.00,100.00
2026-05-16T08:37:21.505555,10.00,0.00,100.00,100.00
2026-05-16T08:37:21.609115,10.00,0.00,100.00,100.00
2026-05-16T08:37:21.712505,18.20,10.00,100.00,100.00
2026-05-16T08:37:21.817258,45.50,33.30,100.00,100.00
2026-05-16T08:37:21.921179,55.60,63.60,100.00,100.00
2026-05-16T08:37:22.025097,54.50,55.60,100.00,100.00
2026-05-16T08:37:22.129081,44.40,69.20,100.00,100.00
2026-05-16T08:37:22.233859,50.00,44.40,100.00,100.00
2026-05-16T08:37:22.338855,54.50,70.00,100.00,100.00
2026-05-16T08:37:22.442647,50.00,63.60,100.00,100.00
2026-05-16T08:37:22.547335,44.40,63.60,100.00,100.00
2026-05-16T08:37:22.653095,54.50,70.00,100.00,100.00
2026-05-16T08:37:22.758463,63.60,63.60,100.00,100.00
2026-05-16T08:37:22.863364,63.60,60.00,100.00,100.00
2026-05-16T08:37:22.967676,63.60,44.40,100.00,100.00
2026-05-16T08:37:23.072368,60.00,60.00,100.00,100.00
2026-05-16T08:37:23.176884,44.40,50.00,100.00,100.00
2026-05-16T08:37:23.281885,58.30,63.60,100.00,100.00
2026-05-16T08:37:23.386715,55.60,60.00,100.00,100.00
2026-05-16T08:37:23.491678,54.50,72.70,100.00,100.00
2026-05-16T08:37:23.596556,55.60,72.70,100.00,100.00
2026-05-16T08:37:23.701381,63.60,54.50,100.00,100.00
2026-05-16T08:37:23.806705,54.50,60.00,100.00,100.00
2026-05-16T08:37:23.911797,60.00,55.60,100.00,100.00
2026-05-16T08:37:24.016821,50.00,54.50,100.00,100.00
2026-05-16T08:37:24.120886,58.30,50.00,100.00,100.00
2026-05-16T08:37:24.225829,60.00,60.00,100.00,100.00
2026-05-16T08:37:24.329973,60.00,63.60,100.00,100.00
2026-05-16T08:37:24.434971,58.30,50.00,100.00,100.00
2026-05-16T08:37:24.539337,55.60,55.60,100.00,100.00
2026-05-16T08:37:24.643587,66.70,66.70,100.00,100.00
2026-05-16T08:37:24.748500,55.60,60.00,100.00,100.00
2026-05-16T08:37:24.853049,54.50,44.40,100.00,100.00
2026-05-16T08:37:24.957000,60.00,63.60,100.00,100.00
2026-05-16T08:37:25.060832,50.00,63.60,100.00,100.00
2026-05-16T08:37:25.164881,54.50,55.60,100.00,100.00
2026-05-16T08:37:25.269343,63.60,54.50,100.00,100.00
2026-05-16T08:37:25.373721,54.50,60.00,100.00,100.00
2026-05-16T08:37:25.477511,54.50,55.60,100.00,100.00
2026-05-16T08:37:25.581684,60.00,63.60,100.00,100.00
2026-05-16T08:37:25.686016,54.50,55.60,100.00,100.00
2026-05-16T08:37:25.789815,33.30,40.00,100.00,100.00
2026-05-16T08:37:25.893553,20.00,12.50,100.00,100.00
2026-05-16T08:37:25.998131,22.20,0.00,100.00,100.00
2026-05-16T08:37:26.102203,11.10,27.30,100.00,100.00
2026-05-16T08:37:26.205887,30.00,0.00,100.00,100.00
2026-05-16T08:37:26.309720,11.10,12.50,100.00,100.00
2026-05-16T08:37:26.413640,12.50,11.10,100.00,100.00
2026-05-16T08:37:26.517541,27.30,12.50,100.00,100.00
2026-05-16T08:37:26.621342,22.20,11.10,100.00,100.00
2026-05-16T08:37:26.724893,0.00,12.50,100.00,100.00
2026-05-16T08:37:26.829060,20.00,0.00,100.00,100.00
2026-05-16T08:37:26.932946,20.00,12.50,100.00,100.00
2026-05-16T08:37:27.036587,12.50,12.50,100.00,100.00
2026-05-16T08:37:27.140254,20.00,11.10,100.00,100.00
2026-05-16T08:37:27.244190,11.10,0.00,100.00,100.00
2026-05-16T08:37:27.348843,22.20,27.30,100.00,100.00
2026-05-16T08:37:27.452569,12.50,0.00,100.00,100.00
2026-05-16T08:37:27.555976,27.30,12.50,100.00,100.00
2026-05-16T08:37:27.659533,22.20,12.50,100.00,100.00
2026-05-16T08:37:27.763604,11.10,22.20,100.00,100.00
2026-05-16T08:37:27.867678,0.00,0.00,100.00,100.00
2026-05-16T08:37:27.971615,27.30,20.00,100.00,100.00
2026-05-16T08:37:28.075444,12.50,0.00,100.00,100.00
2026-05-16T08:37:28.179611,20.00,12.50,100.00,100.00
2026-05-16T08:37:28.283631,11.10,12.50,100.00,100.00
2026-05-16T08:37:28.387916,0.00,20.00,100.00,100.00
2026-05-16T08:37:28.491955,36.40,12.50,100.00,100.00
2026-05-16T08:37:28.595936,0.00,11.10,100.00,100.00
2026-05-16T08:37:28.699590,30.00,0.00,100.00,100.00
2026-05-16T08:37:28.803380,11.10,20.00,100.00,100.00
2026-05-16T08:37:28.906642,0.00,0.00,100.00,100.00
2026-05-16T08:37:29.010003,22.20,12.50,100.00,100.00
2026-05-16T08:37:29.113583,20.00,20.00,100.00,100.00
2026-05-16T08:37:29.217012,11.10,0.00,100.00,100.00
2026-05-16T08:37:29.320729,12.50,11.10,100.00,100.00
2026-05-16T08:37:29.424510,20.00,22.20,100.00,100.00
2026-05-16T08:37:29.528165,12.50,0.00,100.00,100.00
2026-05-16T08:37:29.632067,20.00,12.50,100.00,100.00
2026-05-16T08:37:29.735887,11.10,12.50,100.00,100.00
2026-05-16T08:37:29.841566,81.80,84.60,100.00,100.00
2026-05-16T08:37:29.946524,72.70,100.00,100.00,100.00
2026-05-16T08:37:30.052440,66.70,100.00,100.00,100.00
2026-05-16T08:37:30.267388,90.90,95.50,100.00,100.00
2026-05-16T08:37:30.373250,70.00,72.70,80.00,22.20
2026-05-16T08:37:30.479628,72.70,75.00,84.60,22.20
2026-05-16T08:37:30.585738,72.70,72.70,81.80,22.20
2026-05-16T08:37:30.690893,70.00,80.00,81.80,20.00
2026-05-16T08:37:30.795791,70.00,75.00,83.30,22.20
2026-05-16T08:37:30.900569,75.00,70.00,81.80,12.50
2026-05-16T08:37:31.006138,70.00,72.70,80.00,30.00
2026-05-16T08:37:31.110615,70.00,75.00,75.00,12.50
2026-05-16T08:37:31.215361,63.60,72.70,83.30,20.00
2026-05-16T08:37:31.321065,81.80,72.70,90.00,30.00
2026-05-16T08:37:31.427424,66.70,75.00,75.00,12.50
2026-05-16T08:37:31.532917,70.00,66.70,83.30,20.00
2026-05-16T08:37:31.637916,72.70,72.70,83.30,22.20
2026-05-16T08:37:31.744342,70.00,75.00,81.80,30.00
2026-05-16T08:37:31.849680,70.00,72.70,81.80,12.50
2026-05-16T08:37:31.955133,81.80,81.80,83.30,22.20
2026-05-16T08:37:32.060600,72.70,75.00,83.30,22.20
2026-05-16T08:37:32.165514,66.70,80.00,81.80,22.20
2026-05-16T08:37:32.270362,66.70,70.00,81.80,36.40
2026-05-16T08:37:32.375316,72.70,70.00,81.80,30.00
2026-05-16T08:37:32.481976,70.00,75.00,83.30,30.00
2026-05-16T08:37:32.587464,72.70,70.00,83.30,12.50
2026-05-16T08:37:32.693438,66.70,75.00,83.30,27.30
2026-05-16T08:37:32.798127,66.70,70.00,80.00,12.50
2026-05-16T08:37:32.903060,70.00,76.90,83.30,22.20
2026-05-16T08:37:33.009117,70.00,70.00,75.00,22.20
2026-05-16T08:37:33.113941,72.70,72.70,81.80,30.00
2026-05-16T08:37:33.219008,72.70,81.80,83.30,20.00
2026-05-16T08:37:33.324713,70.00,72.70,81.80,30.00
2026-05-16T08:37:33.430394,72.70,72.70,83.30,22.20
2026-05-16T08:37:33.535138,66.70,70.00,81.80,12.50
2026-05-16T08:37:33.640493,70.00,72.70,81.80,22.20
2026-05-16T08:37:33.744006,72.70,72.70,77.80,22.20
2026-05-16T08:37:33.847535,12.50,22.20,27.30,27.30
2026-05-16T08:37:33.951071,20.00,0.00,12.50,10.00
2026-05-16T08:37:34.054661,22.20,22.20,25.00,11.10
2026-05-16T08:37:34.158803,12.50,27.30,30.00,10.00
2026-05-16T08:37:34.262359,30.00,0.00,22.20,20.00
2026-05-16T08:37:34.365546,11.10,22.20,22.20,10.00
2026-05-16T08:37:34.468963,22.20,30.00,25.00,11.10
2026-05-16T08:37:34.574258,30.00,20.00,30.00,20.00
2026-05-16T08:37:34.679027,25.00,33.30,30.00,20.00
2026-05-16T08:37:34.782888,20.00,0.00,30.00,20.00
2026-05-16T08:37:34.886420,12.50,27.30,22.20,10.00
2026-05-16T08:37:34.989834,22.20,12.50,25.00,11.10
2026-05-16T08:37:35.093243,22.20,22.20,22.20,10.00
2026-05-16T08:37:35.197989,20.00,11.10,22.20,20.00
2026-05-16T08:37:35.302148,12.50,25.00,36.40,20.00
2026-05-16T08:37:35.406126,22.20,20.00,12.50,10.00
2026-05-16T08:37:35.510033,30.00,12.50,25.00,11.10
2026-05-16T08:37:35.613663,22.20,30.00,22.20,10.00
2026-05-16T08:37:35.717088,22.20,11.10,22.20,27.30
2026-05-16T08:37:35.880488,33.30,35.70,40.00,31.30
2026-05-16T08:37:35.984702,33.30,25.00,100.00,11.10
2026-05-16T08:37:36.088313,36.40,22.20,100.00,11.10
2026-05-16T08:37:36.192063,25.00,40.00,100.00,20.00
2026-05-16T08:37:36.295535,30.00,25.00,100.00,10.00
2026-05-16T08:37:36.399380,0.00,25.00,100.00,11.10
2026-05-16T08:37:36.503018,36.40,25.00,100.00,20.00
2026-05-16T08:37:36.607074,25.00,40.00,100.00,10.00
2026-05-16T08:37:36.711443,22.20,22.20,100.00,20.00
2026-05-16T08:37:36.815157,40.00,25.00,100.00,11.10
2026-05-16T08:37:36.919239,22.20,33.30,100.00,18.20
2026-05-16T08:37:37.022949,22.20,30.00,100.00,11.10
2026-05-16T08:37:37.126606,25.00,25.00,100.00,11.10
2026-05-16T08:37:37.230140,33.30,40.00,100.00,20.00
2026-05-16T08:37:37.334081,22.20,14.30,100.00,18.20
2026-05-16T08:37:37.437879,33.30,33.30,100.00,20.00
2026-05-16T08:37:37.541462,22.20,40.00,100.00,11.10
2026-05-16T08:37:37.645053,40.00,22.20,100.00,20.00
2026-05-16T08:37:37.749456,22.20,37.50,100.00,10.00
2026-05-16T08:37:37.853921,77.80,72.70,100.00,22.20
2026-05-16T08:37:37.958176,72.70,72.70,100.00,22.20
2026-05-16T08:37:38.062721,72.70,80.00,100.00,20.00
2026-05-16T08:37:38.167815,75.00,72.70,100.00,20.00
2026-05-16T08:37:38.273139,72.70,72.70,100.00,22.20
2026-05-16T08:37:38.377939,72.70,81.80,100.00,20.00
2026-05-16T08:37:38.486176,75.00,72.70,100.00,36.40
2026-05-16T08:37:38.590430,72.70,80.00,100.00,22.20
2026-05-16T08:37:38.694892,80.00,75.00,100.00,20.00
2026-05-16T08:37:38.799505,70.00,70.00,100.00,22.20
2026-05-16T08:37:38.904036,72.70,80.00,100.00,12.50
2026-05-16T08:37:39.008817,80.00,81.80,100.00,20.00
2026-05-16T08:37:39.113312,72.70,72.70,100.00,30.00
2026-05-16T08:37:39.218620,81.80,75.00,100.00,11.10
2026-05-16T08:37:39.323209,72.70,80.00,100.00,22.20
2026-05-16T08:37:39.432319,72.70,72.70,100.00,22.20
2026-05-16T08:37:39.537413,75.00,81.80,100.00,41.70
2026-05-16T08:37:39.641889,72.70,72.70,100.00,12.50
2026-05-16T08:37:39.745998,70.00,72.70,100.00,22.20
2026-05-16T08:37:39.850169,72.70,72.70,100.00,20.00
2026-05-16T08:37:39.954579,75.00,70.00,100.00,22.20
2026-05-16T08:37:40.058872,70.00,75.00,100.00,20.00
2026-05-16T08:37:40.163066,72.70,80.00,100.00,12.50
2026-05-16T08:37:40.301694,71.40,78.60,100.00,42.90
2026-05-16T08:37:40.406415,72.70,70.00,100.00,100.00
2026-05-16T08:37:40.512650,72.70,75.00,100.00,100.00
2026-05-16T08:37:40.617475,66.70,70.00,100.00,100.00
2026-05-16T08:37:40.723115,81.80,72.70,100.00,100.00
2026-05-16T08:37:40.830806,77.80,77.80,100.00,100.00
2026-05-16T08:37:40.935624,75.00,72.70,100.00,100.00
2026-05-16T08:37:41.042375,80.00,81.80,100.00,100.00
2026-05-16T08:37:41.148860,72.70,72.70,100.00,100.00
2026-05-16T08:37:41.254410,80.00,81.80,100.00,100.00
2026-05-16T08:37:41.359613,72.70,77.80,100.00,100.00
2026-05-16T08:37:41.465636,70.00,76.90,100.00,100.00
2026-05-16T08:37:41.571409,77.80,81.80,100.00,100.00
2026-05-16T08:37:41.676803,72.70,80.00,100.00,100.00
2026-05-16T08:37:41.782234,72.70,70.00,100.00,100.00
2026-05-16T08:37:41.886458,80.00,80.00,100.00,100.00
2026-05-16T08:37:41.992391,72.70,80.00,100.00,100.00
2026-05-16T08:37:42.097567,81.80,75.00,100.00,100.00
2026-05-16T08:37:42.203581,72.70,80.00,100.00,100.00
2026-05-16T08:37:42.307814,81.80,80.00,100.00,100.00
2026-05-16T08:37:42.412108,72.70,72.70,100.00,100.00
2026-05-16T08:37:42.517042,81.80,80.00,100.00,100.00
2026-05-16T08:37:42.622409,72.70,75.00,100.00,100.00
2026-05-16T08:37:42.728095,80.00,81.80,100.00,100.00
2026-05-16T08:37:42.833896,75.00,81.80,100.00,100.00
2026-05-16T08:37:42.939602,72.70,72.70,100.00,100.00
2026-05-16T08:37:43.044929,80.00,80.00,100.00,100.00
2026-05-16T08:37:43.152337,75.00,81.80,100.00,100.00
2026-05-16T08:37:43.257432,80.00,70.00,100.00,100.00
2026-05-16T08:37:43.361952,70.00,80.00,100.00,100.00
2026-05-16T08:37:43.467313,80.00,75.00,100.00,100.00
2026-05-16T08:37:43.572679,72.70,81.80,100.00,100.00
2026-05-16T08:37:43.677857,72.70,70.00,100.00,100.00
2026-05-16T08:37:43.785200,72.70,70.00,100.00,100.00
2026-05-16T08:37:43.891590,63.60,72.70,100.00,100.00
2026-05-16T08:37:43.997191,83.30,75.00,100.00,100.00
2026-05-16T08:37:44.101101,72.70,72.70,100.00,100.00
2026-05-16T08:37:44.205747,63.60,70.00,100.00,100.00
2026-05-16T08:37:44.312203,75.00,66.70,100.00,100.00
2026-05-16T08:37:44.417659,72.70,72.70,100.00,100.00
2026-05-16T08:37:44.522095,70.00,72.70,100.00,100.00
2026-05-16T08:37:44.626691,72.70,72.70,100.00,100.00
2026-05-16T08:37:44.732089,70.00,72.70,100.00,100.00
2026-05-16T08:37:44.838813,75.00,81.80,100.00,100.00
2026-05-16T08:37:44.944417,80.00,70.00,100.00,100.00
2026-05-16T08:37:45.050330,75.00,81.80,100.00,100.00
2026-05-16T08:37:45.154673,81.80,70.00,100.00,100.00
2026-05-16T08:37:45.260754,70.00,81.80,100.00,100.00
2026-05-16T08:37:45.366571,83.30,77.80,100.00,100.00
2026-05-16T08:37:45.472225,72.70,75.00,100.00,100.00
2026-05-16T08:37:45.576920,60.00,72.70,100.00,100.00
2026-05-16T08:37:45.683588,72.70,72.70,100.00,100.00
2026-05-16T08:37:45.788053,63.60,63.60,100.00,100.00
2026-05-16T08:37:45.893010,50.00,44.40,100.00,100.00
2026-05-16T08:37:45.998091,50.00,60.00,100.00,100.00
2026-05-16T08:37:46.102325,54.50,50.00,100.00,100.00
2026-05-16T08:37:46.206046,50.00,37.50,100.00,100.00
2026-05-16T08:37:46.309983,54.50,50.00,100.00,100.00
2026-05-16T08:37:46.413870,50.00,61.50,100.00,100.00
2026-05-16T08:37:46.518174,50.00,44.40,100.00,100.00
2026-05-16T08:37:46.622648,45.50,55.60,100.00,100.00
2026-05-16T08:37:46.726882,55.60,44.40,100.00,100.00
2026-05-16T08:37:46.831856,37.50,60.00,100.00,100.00
2026-05-16T08:37:46.936958,54.50,50.00,100.00,100.00
2026-05-16T08:37:47.041474,54.50,55.60,100.00,100.00
2026-05-16T08:37:47.145525,50.00,50.00,100.00,100.00
2026-05-16T08:37:47.250490,54.50,50.00,100.00,100.00
2026-05-16T08:37:47.355058,50.00,55.60,100.00,100.00
2026-05-16T08:37:47.458951,54.50,50.00,100.00,100.00
2026-05-16T08:37:47.562928,50.00,54.50,100.00,100.00
2026-05-16T08:37:47.667528,54.50,50.00,100.00,100.00
2026-05-16T08:37:47.771829,54.50,58.30,100.00,100.00
2026-05-16T08:37:47.875774,40.00,44.40,100.00,100.00
2026-05-16T08:37:47.979681,50.00,63.60,100.00,100.00
2026-05-16T08:37:48.084116,50.00,54.50,100.00,100.00
2026-05-16T08:37:48.188339,50.00,50.00,100.00,100.00
2026-05-16T08:37:48.292540,54.50,54.50,100.00,100.00
2026-05-16T08:37:48.396674,44.40,63.60,100.00,100.00
2026-05-16T08:37:48.501988,54.50,50.00,100.00,100.00
2026-05-16T08:37:48.607531,55.60,72.70,100.00,100.00
2026-05-16T08:37:48.711527,44.40,55.60,100.00,100.00
2026-05-16T08:37:48.815926,60.00,66.70,100.00,100.00
2026-05-16T08:37:48.919915,54.50,60.00,100.00,100.00
2026-05-16T08:37:49.024683,58.30,66.70,100.00,100.00
2026-05-16T08:37:49.128691,55.60,60.00,100.00,100.00
2026-05-16T08:37:49.232624,44.40,54.50,100.00,100.00
2026-05-16T08:37:49.336606,54.50,60.00,100.00,100.00
2026-05-16T08:37:49.440694,50.00,50.00,100.00,100.00
2026-05-16T08:37:49.544917,44.40,63.60,100.00,100.00
2026-05-16T08:37:49.650804,50.00,60.00,100.00,100.00
2026-05-16T08:37:49.755557,50.00,54.50,100.00,100.00
2026-05-16T08:37:49.859886,63.60,55.60,100.00,100.00
2026-05-16T08:37:49.963999,58.30,69.20,100.00,100.00
2026-05-16T08:37:50.068824,60.00,70.00,100.00,100.00
2026-05-16T08:37:50.172452,50.00,60.00,100.00,100.00
2026-05-16T08:37:50.276272,60.00,66.70,100.00,100.00
2026-05-16T08:37:50.380808,54.50,63.60,100.00,100.00
2026-05-16T08:37:50.485065,55.60,70.00,100.00,100.00
2026-05-16T08:37:50.589101,22.20,81.80,100.00,100.00
2026-05-16T08:37:50.692979,54.50,60.00,100.00,100.00
2026-05-16T08:37:50.797698,54.50,63.60,100.00,100.00
2026-05-16T08:37:50.902630,70.00,63.60,100.00,100.00
2026-05-16T08:37:51.006666,60.00,66.70,100.00,100.00
2026-05-16T08:37:51.111392,72.70,70.00,100.00,100.00
2026-05-16T08:37:51.217523,60.00,66.70,100.00,100.00
2026-05-16T08:37:51.322521,66.70,66.70,100.00,100.00
2026-05-16T08:37:51.427851,50.00,66.70,100.00,100.00
2026-05-16T08:37:51.531944,58.30,63.60,100.00,100.00
2026-05-16T08:37:51.635998,37.50,70.00,100.00,100.00
2026-05-16T08:37:51.740266,60.00,60.00,100.00,100.00
2026-05-16T08:37:51.844438,63.60,60.00,100.00,100.00
2026-05-16T08:37:51.948621,60.00,66.70,100.00,100.00
2026-05-16T08:37:52.052821,54.50,66.70,100.00,100.00
2026-05-16T08:37:52.156908,55.60,60.00,100.00,100.00
2026-05-16T08:37:52.261448,54.50,60.00,100.00,100.00
2026-05-16T08:37:52.365991,40.00,81.80,100.00,100.00
2026-05-16T08:37:52.470435,55.60,66.70,100.00,100.00
2026-05-16T08:37:52.574661,54.50,75.00,100.00,100.00
2026-05-16T08:37:52.679599,50.00,66.70,100.00,100.00
2026-05-16T08:37:52.784162,66.70,70.00,100.00,100.00
2026-05-16T08:37:52.889354,63.60,63.60,100.00,100.00
2026-05-16T08:37:52.994052,54.50,63.60,100.00,100.00
2026-05-16T08:37:53.099527,63.60,54.50,100.00,100.00
2026-05-16T08:37:53.204881,63.60,66.70,100.00,100.00
2026-05-16T08:37:53.310896,60.00,63.60,100.00,100.00
2026-05-16T08:37:53.415515,66.70,72.70,100.00,100.00
2026-05-16T08:37:53.520925,54.50,72.70,100.00,100.00
2026-05-16T08:37:53.625201,55.60,63.60,100.00,100.00
2026-05-16T08:37:53.729840,60.00,63.60,100.00,100.00
2026-05-16T08:37:53.833817,40.00,37.50,100.00,100.00
2026-05-16T08:37:53.938302,25.00,40.00,100.00,100.00
2026-05-16T08:37:54.042645,45.50,33.30,100.00,100.00
2026-05-16T08:37:54.146866,33.30,37.50,100.00,100.00
2026-05-16T08:37:54.250536,40.00,40.00,100.00,100.00
2026-05-16T08:37:54.354453,33.30,25.00,100.00,100.00
2026-05-16T08:37:54.458513,30.00,33.30,100.00,100.00
2026-05-16T08:37:54.561967,33.30,22.20,100.00,100.00
2026-05-16T08:37:54.665542,44.40,44.40,100.00,100.00
2026-05-16T08:37:54.770134,25.00,33.30,100.00,100.00
2026-05-16T08:37:54.874876,40.00,44.40,100.00,100.00
2026-05-16T08:37:54.978987,36.40,33.30,100.00,100.00
2026-05-16T08:37:55.082949,33.30,30.00,100.00,100.00
2026-05-16T08:37:55.186952,33.30,14.30,100.00,100.00
2026-05-16T08:37:55.291106,40.00,44.40,100.00,100.00
2026-05-16T08:37:55.395334,33.30,40.00,100.00,100.00
2026-05-16T08:37:55.499737,40.00,25.00,100.00,100.00
2026-05-16T08:37:55.603487,12.50,33.30,100.00,100.00
2026-05-16T08:37:55.707872,45.50,40.00,100.00,100.00
2026-05-16T08:37:55.811741,33.30,33.30,100.00,100.00
2026-05-16T08:37:55.916015,33.30,40.00,100.00,100.00
2026-05-16T08:37:56.019671,22.20,12.50,100.00,100.00
2026-05-16T08:37:56.123518,33.30,40.00,100.00,100.00
2026-05-16T08:37:56.227607,33.30,33.30,100.00,100.00
2026-05-16T08:37:56.331723,30.00,40.00,100.00,100.00
2026-05-16T08:37:56.435284,33.30,14.30,100.00,100.00
2026-05-16T08:37:56.539868,40.00,33.30,100.00,100.00
2026-05-16T08:37:56.643477,22.20,33.30,100.00,100.00
2026-05-16T08:37:56.748733,40.00,25.00,100.00,100.00
2026-05-16T08:37:56.852715,14.30,40.00,100.00,100.00
2026-05-16T08:37:56.957608,30.00,33.30,100.00,100.00
2026-05-16T08:37:57.062042,40.00,25.00,100.00,100.00
2026-05-16T08:37:57.166048,33.30,33.30,100.00,100.00
2026-05-16T08:37:57.270174,33.30,40.00,100.00,100.00
2026-05-16T08:37:57.375214,30.00,33.30,100.00,100.00
2026-05-16T08:37:57.480144,33.30,33.30,100.00,100.00
2026-05-16T08:37:57.584378,33.30,33.30,100.00,100.00
2026-05-16T08:37:57.688232,22.20,33.30,100.00,100.00
2026-05-16T08:37:57.796670,63.60,50.00,100.00,100.00
2026-05-16T08:37:57.900921,81.80,72.70,100.00,100.00
2026-05-16T08:37:58.005967,81.80,72.70,100.00,100.00
2026-05-16T08:37:58.111831,90.90,66.70,100.00,100.00
2026-05-16T08:37:58.219479,75.00,80.00,100.00,100.00
2026-05-16T08:37:58.324018,81.80,72.70,100.00,100.00
2026-05-16T08:37:58.429986,81.80,83.30,100.00,100.00
2026-05-16T08:37:58.535652,90.90,66.70,100.00,100.00
2026-05-16T08:37:58.640322,81.80,66.70,100.00,100.00
2026-05-16T08:37:58.744963,83.30,66.70,100.00,100.00
2026-05-16T08:37:58.851017,80.00,70.00,100.00,100.00
2026-05-16T08:37:58.955365,81.80,70.00,100.00,100.00
2026-05-16T08:37:59.060995,83.30,66.70,100.00,100.00
2026-05-16T08:37:59.165157,70.00,70.00,100.00,100.00
2026-05-16T08:37:59.270878,80.00,83.30,100.00,100.00
2026-05-16T08:37:59.377140,75.00,75.00,100.00,100.00
2026-05-16T08:37:59.483401,72.70,70.00,100.00,100.00
2026-05-16T08:37:59.587570,72.70,77.80,100.00,100.00
2026-05-16T08:37:59.694005,80.00,75.00,100.00,100.00
2026-05-16T08:37:59.799448,72.70,72.70,100.00,100.00
2026-05-16T08:37:59.903865,75.00,80.00,100.00,100.00
2026-05-16T08:38:00.008150,72.70,72.70,100.00,100.00
2026-05-16T08:38:00.112796,72.70,75.00,100.00,100.00
2026-05-16T08:38:00.218777,81.80,70.00,100.00,100.00
2026-05-16T08:38:00.327199,75.00,75.00,100.00,100.00
2026-05-16T08:38:00.434850,80.00,80.00,100.00,100.00
2026-05-16T08:38:00.539481,83.30,81.80,100.00,100.00
2026-05-16T08:38:00.644302,80.00,80.00,100.00,100.00
2026-05-16T08:38:00.751134,72.70,90.90,100.00,100.00
2026-05-16T08:38:00.856659,72.70,81.80,100.00,100.00
2026-05-16T08:38:00.962200,77.80,81.80,100.00,100.00
2026-05-16T08:38:01.066488,72.70,90.90,100.00,100.00
2026-05-16T08:38:01.170860,81.80,83.30,100.00,100.00
2026-05-16T08:38:01.276039,63.60,80.00,100.00,100.00
2026-05-16T08:38:01.381328,72.70,81.80,100.00,100.00
2026-05-16T08:38:01.485694,72.70,70.00,100.00,100.00
2026-05-16T08:38:01.592110,72.70,83.30,100.00,100.00
2026-05-16T08:38:01.696135,66.70,75.00,100.00,100.00
2026-05-16T08:38:01.800210,54.50,50.00,100.00,100.00
2026-05-16T08:38:01.905025,45.50,54.50,100.00,100.00
2026-05-16T08:38:02.009319,37.50,44.40,100.00,100.00
2026-05-16T08:38:02.113885,40.00,40.00,100.00,100.00
2026-05-16T08:38:02.219434,33.30,40.00,100.00,100.00
2026-05-16T08:38:02.323946,44.40,44.40,100.00,100.00
2026-05-16T08:38:02.428432,40.00,40.00,100.00,100.00
2026-05-16T08:38:02.533379,33.30,44.40,100.00,100.00
2026-05-16T08:38:02.638019,45.50,33.30,100.00,100.00
2026-05-16T08:38:02.742395,37.50,44.40,100.00,100.00
2026-05-16T08:38:02.846659,33.30,33.30,100.00,100.00
2026-05-16T08:38:02.950614,40.00,44.40,100.00,100.00
2026-05-16T08:38:03.054425,44.40,40.00,100.00,100.00
2026-05-16T08:38:03.159100,33.30,44.40,100.00,100.00
2026-05-16T08:38:03.263354,40.00,44.40,100.00,100.00
2026-05-16T08:38:03.367585,44.40,33.30,100.00,100.00
2026-05-16T08:38:03.472812,33.30,40.00,100.00,100.00
2026-05-16T08:38:03.577623,45.50,44.40,100.00,100.00
2026-05-16T08:38:03.682343,40.00,40.00,100.00,100.00
2026-05-16T08:38:03.786359,54.50,55.60,100.00,100.00
2026-05-16T08:38:03.890852,28.60,45.50,100.00,100.00
2026-05-16T08:38:03.995036,40.00,37.50,100.00,100.00
2026-05-16T08:38:04.099389,33.30,40.00,100.00,100.00
2026-05-16T08:38:04.203459,40.00,37.50,100.00,100.00
2026-05-16T08:38:04.308220,45.50,45.50,100.00,100.00
2026-05-16T08:38:04.413438,37.50,33.30,100.00,100.00
2026-05-16T08:38:04.520352,40.00,50.00,100.00,100.00
2026-05-16T08:38:04.625485,50.00,44.40,100.00,100.00
2026-05-16T08:38:04.729779,50.00,54.50,100.00,100.00
2026-05-16T08:38:04.834646,40.00,44.40,100.00,100.00
2026-05-16T08:38:04.939229,44.40,50.00,100.00,100.00
2026-05-16T08:38:05.043668,50.00,44.40,100.00,100.00
2026-05-16T08:38:05.147909,40.00,45.50,100.00,100.00
2026-05-16T08:38:05.252579,44.40,44.40,100.00,100.00
2026-05-16T08:38:05.356990,44.40,28.60,100.00,100.00
2026-05-16T08:38:05.461546,45.50,40.00,100.00,100.00
2026-05-16T08:38:05.565809,45.50,50.00,100.00,100.00
2026-05-16T08:38:05.670291,45.50,25.00,100.00,100.00
2026-05-16T08:38:05.775243,37.50,50.00,100.00,100.00
2026-05-16T08:38:05.880189,54.50,54.50,100.00,100.00
2026-05-16T08:38:05.984863,50.00,50.00,100.00,100.00
2026-05-16T08:38:06.088831,63.60,50.00,100.00,100.00
2026-05-16T08:38:06.193347,50.00,60.00,100.00,100.00
2026-05-16T08:38:06.298585,58.30,50.00,100.00,100.00
2026-05-16T08:38:06.403689,60.00,55.60,100.00,100.00
2026-05-16T08:38:06.508089,50.00,60.00,100.00,100.00
2026-05-16T08:38:06.613712,50.00,58.30,100.00,100.00
2026-05-16T08:38:06.718788,60.00,50.00,100.00,100.00
2026-05-16T08:38:06.824942,58.30,54.50,100.00,100.00
2026-05-16T08:38:06.930812,63.60,60.00,100.00,100.00
2026-05-16T08:38:07.036617,63.60,60.00,100.00,100.00
2026-05-16T08:38:07.141828,60.00,50.00,100.00,100.00
2026-05-16T08:38:07.246188,60.00,63.60,100.00,100.00
2026-05-16T08:38:07.350859,55.60,63.60,100.00,100.00
2026-05-16T08:38:07.455296,50.00,50.00,100.00,100.00
2026-05-16T08:38:07.560141,44.40,60.00,100.00,100.00
2026-05-16T08:38:07.665102,50.00,50.00,100.00,100.00
2026-05-16T08:38:07.769983,54.50,55.60,100.00,100.00
2026-05-16T08:38:07.874463,55.60,44.40,100.00,100.00
2026-05-16T08:38:07.978644,54.50,58.30,100.00,100.00
2026-05-16T08:38:08.083223,60.00,60.00,100.00,100.00
2026-05-16T08:38:08.188116,54.50,70.00,100.00,100.00
2026-05-16T08:38:08.293468,54.50,60.00,100.00,100.00
2026-05-16T08:38:08.397776,55.60,58.30,100.00,100.00
2026-05-16T08:38:08.502375,44.40,63.60,100.00,100.00
2026-05-16T08:38:08.608289,50.00,60.00,100.00,100.00
2026-05-16T08:38:08.712592,44.40,50.00,100.00,100.00
2026-05-16T08:38:08.817008,44.40,55.60,100.00,100.00
2026-05-16T08:38:08.924167,66.70,54.50,100.00,100.00
2026-05-16T08:38:09.028458,44.40,63.60,100.00,100.00
2026-05-16T08:38:09.133818,50.00,63.60,100.00,100.00
2026-05-16T08:38:09.238041,60.00,63.60,100.00,100.00
2026-05-16T08:38:09.343348,54.50,72.70,100.00,100.00
2026-05-16T08:38:09.449857,54.50,63.60,100.00,100.00
2026-05-16T08:38:09.555004,60.00,55.60,100.00,100.00
2026-05-16T08:38:09.661696,60.00,63.60,100.00,100.00
2026-05-16T08:38:09.766953,50.00,60.00,100.00,100.00
2026-05-16T08:38:09.871187,45.50,33.30,100.00,100.00
2026-05-16T08:38:09.975366,12.50,40.00,100.00,100.00
2026-05-16T08:38:10.079686,33.30,25.00,100.00,100.00
2026-05-16T08:38:10.183264,40.00,45.50,100.00,100.00
2026-05-16T08:38:10.287092,40.00,14.30,100.00,100.00
2026-05-16T08:38:10.391631,33.30,44.40,100.00,100.00
2026-05-16T08:38:10.495935,33.30,40.00,100.00,100.00
2026-05-16T08:38:10.600145,40.00,33.30,100.00,100.00
2026-05-16T08:38:10.704368,40.00,44.40,100.00,100.00
2026-05-16T08:38:10.808252,25.00,33.30,100.00,100.00
2026-05-16T08:38:10.912481,40.00,33.30,100.00,100.00
2026-05-16T08:38:11.017039,44.40,44.40,100.00,100.00
2026-05-16T08:38:11.121055,40.00,40.00,100.00,100.00
2026-05-16T08:38:11.227369,25.00,37.50,100.00,100.00
2026-05-16T08:38:11.331779,45.50,40.00,100.00,100.00
2026-05-16T08:38:11.436648,12.50,25.00,100.00,100.00
2026-05-16T08:38:11.540856,45.50,22.20,100.00,100.00
2026-05-16T08:38:11.644610,25.00,25.00,100.00,100.00
2026-05-16T08:38:11.748227,33.30,37.50,100.00,100.00
2026-05-16T08:38:11.852407,33.30,40.00,100.00,100.00
2026-05-16T08:38:11.957551,33.30,33.30,100.00,100.00
2026-05-16T08:38:12.062363,33.30,33.30,100.00,100.00
2026-05-16T08:38:12.166731,45.50,37.50,100.00,100.00
2026-05-16T08:38:12.271689,33.30,40.00,100.00,100.00
2026-05-16T08:38:12.377148,37.50,37.50,100.00,100.00
2026-05-16T08:38:12.481935,40.00,45.50,100.00,100.00
2026-05-16T08:38:12.586097,40.00,28.60,100.00,100.00
2026-05-16T08:38:12.690122,25.00,33.30,100.00,100.00
2026-05-16T08:38:12.794367,33.30,40.00,100.00,100.00
2026-05-16T08:38:12.899129,45.50,44.40,100.00,100.00
2026-05-16T08:38:13.003854,33.30,33.30,100.00,100.00
2026-05-16T08:38:13.109016,33.30,40.00,100.00,100.00
2026-05-16T08:38:13.213364,33.30,33.30,100.00,100.00
2026-05-16T08:38:13.317606,40.00,33.30,100.00,100.00
2026-05-16T08:38:13.421550,40.00,33.30,100.00,100.00
2026-05-16T08:38:13.525352,25.00,33.30,100.00,100.00
2026-05-16T08:38:13.630375,36.40,44.40,100.00,100.00
2026-05-16T08:38:13.735089,44.40,33.30,100.00,100.00
2026-05-16T08:38:13.839316,20.00,12.50,100.00,100.00
2026-05-16T08:38:13.943807,0.00,20.00,100.00,100.00
2026-05-16T08:38:14.047285,20.00,0.00,100.00,100.00
2026-05-16T08:38:14.151022,11.10,0.00,100.00,100.00
2026-05-16T08:38:14.255590,20.00,12.50,100.00,100.00
2026-05-16T08:38:14.359994,11.10,11.10,100.00,100.00
2026-05-16T08:38:14.463819,12.50,22.20,100.00,100.00
2026-05-16T08:38:14.568228,11.10,0.00,100.00,100.00
2026-05-16T08:38:14.672111,22.20,12.50,100.00,100.00
2026-05-16T08:38:14.775866,11.10,22.20,100.00,100.00
2026-05-16T08:38:14.879845,11.10,0.00,100.00,100.00
2026-05-16T08:38:14.983787,11.10,22.20,100.00,100.00
2026-05-16T08:38:15.088125,22.20,11.10,100.00,100.00
2026-05-16T08:38:15.193321,11.10,22.20,100.00,100.00
2026-05-16T08:38:15.297201,0.00,11.10,100.00,100.00
2026-05-16T08:38:15.400941,20.00,22.20,100.00,100.00
2026-05-16T08:38:15.504774,20.00,0.00,100.00,100.00
2026-05-16T08:38:15.608868,12.50,12.50,100.00,100.00
2026-05-16T08:38:15.712398,11.10,0.00,100.00,100.00
2026-05-16T08:38:15.815900,11.10,22.20,100.00,100.00
2026-05-16T08:38:15.919269,20.00,0.00,100.00,100.00
2026-05-16T08:38:16.023362,11.10,0.00,100.00,100.00
2026-05-16T08:38:16.127033,0.00,20.00,100.00,100.00
2026-05-16T08:38:16.230996,27.30,0.00,100.00,100.00
2026-05-16T08:38:16.334644,20.00,20.00,100.00,100.00
2026-05-16T08:38:16.438127,0.00,0.00,100.00,100.00
2026-05-16T08:38:16.541912,27.30,0.00,100.00,100.00
2026-05-16T08:38:16.645493,11.10,0.00,100.00,100.00
2026-05-16T08:38:16.748986,20.00,0.00,100.00,100.00
2026-05-16T08:38:16.852543,20.00,20.00,100.00,100.00
2026-05-16T08:38:16.955978,11.10,0.00,100.00,100.00
2026-05-16T08:38:17.059480,11.10,11.10,100.00,100.00
2026-05-16T08:38:17.163047,27.30,11.10,100.00,100.00
2026-05-16T08:38:17.266836,11.10,0.00,100.00,100.00
2026-05-16T08:38:17.370454,11.10,0.00,100.00,100.00
2026-05-16T08:38:17.474611,20.00,0.00,100.00,100.00
2026-05-16T08:38:17.578123,20.00,0.00,100.00,100.00
2026-05-16T08:38:17.681695,11.10,11.10,100.00,100.00
2026-05-16T08:38:17.789586,50.00,60.00,100.00,100.00
2026-05-16T08:38:17.893379,90.90,72.70,100.00,100.00
2026-05-16T08:38:17.999231,77.80,83.30,100.00,100.00
2026-05-16T08:38:18.105228,83.30,70.00,100.00,100.00
2026-05-16T08:38:18.211810,83.30,80.00,100.00,100.00
2026-05-16T08:38:18.317503,70.00,83.30,100.00,100.00
2026-05-16T08:38:18.423428,75.00,75.00,100.00,100.00
2026-05-16T08:38:18.529563,70.00,81.80,100.00,100.00
2026-05-16T08:38:18.634670,66.70,80.00,100.00,100.00
2026-05-16T08:38:18.741324,83.30,72.70,100.00,100.00
2026-05-16T08:38:18.847708,81.80,72.70,100.00,100.00
2026-05-16T08:38:18.951931,76.90,72.70,100.00,100.00
2026-05-16T08:38:19.057688,80.00,72.70,100.00,100.00
2026-05-16T08:38:19.163121,75.00,72.70,100.00,100.00
2026-05-16T08:38:19.268600,88.90,80.00,100.00,100.00
2026-05-16T08:38:19.372940,70.00,75.00,100.00,100.00
2026-05-16T08:38:19.479924,76.90,77.80,100.00,100.00
2026-05-16T08:38:19.585807,80.00,75.00,100.00,100.00
2026-05-16T08:38:19.692782,75.00,80.00,100.00,100.00
2026-05-16T08:38:19.799201,90.00,72.70,100.00,100.00
2026-05-16T08:38:19.903563,83.30,81.80,100.00,100.00
2026-05-16T08:38:20.009554,83.30,80.00,100.00,100.00
2026-05-16T08:38:20.115401,80.00,81.80,100.00,100.00
2026-05-16T08:38:20.220464,83.30,80.00,100.00,100.00
2026-05-16T08:38:20.326831,72.70,75.00,100.00,100.00
2026-05-16T08:38:20.433230,80.00,75.00,100.00,100.00
2026-05-16T08:38:20.538565,75.00,80.00,100.00,100.00
2026-05-16T08:38:20.645525,81.80,81.80,100.00,100.00
2026-05-16T08:38:20.751102,81.80,80.00,100.00,100.00
2026-05-16T08:38:20.857245,90.90,72.70,100.00,100.00
2026-05-16T08:38:20.962041,80.00,80.00,100.00,100.00
2026-05-16T08:38:21.070412,84.60,81.80,100.00,100.00
2026-05-16T08:38:21.174852,80.00,72.70,100.00,100.00
2026-05-16T08:38:21.281704,72.70,83.30,100.00,100.00
2026-05-16T08:38:21.387593,70.00,72.70,100.00,100.00
2026-05-16T08:38:21.491805,72.70,75.00,100.00,100.00
2026-05-16T08:38:21.595804,70.00,81.80,100.00,100.00
2026-05-16T08:38:21.702610,72.70,81.80,100.00,100.00
2026-05-16T08:38:21.806793,70.00,83.30,100.00,100.00
2026-05-16T08:38:21.912207,72.70,70.00,100.00,100.00
2026-05-16T08:38:22.016384,62.50,75.00,100.00,100.00
2026-05-16T08:38:22.121596,60.00,70.00,100.00,100.00
2026-05-16T08:38:22.225754,60.00,72.70,100.00,100.00
2026-05-16T08:38:22.330701,60.00,63.60,100.00,100.00
2026-05-16T08:38:22.435246,63.60,63.60,100.00,100.00
2026-05-16T08:38:22.541035,54.50,60.00,100.00,100.00
2026-05-16T08:38:22.646888,60.00,63.60,100.00,100.00
2026-05-16T08:38:22.752600,60.00,63.60,100.00,100.00
2026-05-16T08:38:22.857939,66.70,63.60,100.00,100.00
2026-05-16T08:38:22.962239,72.70,60.00,100.00,100.00
2026-05-16T08:38:23.068435,61.50,63.60,100.00,100.00
2026-05-16T08:38:23.174579,66.70,66.70,100.00,100.00
2026-05-16T08:38:23.279582,66.70,66.70,100.00,100.00
2026-05-16T08:38:23.385381,66.70,70.00,100.00,100.00
2026-05-16T08:38:23.491410,76.90,66.70,100.00,100.00
2026-05-16T08:38:23.596227,63.60,60.00,100.00,100.00
2026-05-16T08:38:23.701736,70.00,70.00,100.00,100.00
2026-05-16T08:38:23.806318,60.00,72.70,100.00,100.00
2026-05-16T08:38:23.913057,63.60,70.00,100.00,100.00
2026-05-16T08:38:24.019956,72.70,66.70,100.00,100.00
2026-05-16T08:38:24.124358,66.70,66.70,100.00,100.00
2026-05-16T08:38:24.229065,55.60,72.70,100.00,100.00
2026-05-16T08:38:24.334375,58.30,60.00,100.00,100.00
2026-05-16T08:38:24.438479,55.60,63.60,100.00,100.00
2026-05-16T08:38:24.543968,63.60,66.70,100.00,100.00
2026-05-16T08:38:24.648323,44.40,66.70,100.00,100.00
2026-05-16T08:38:24.752982,66.70,72.70,100.00,100.00
2026-05-16T08:38:24.857410,63.60,66.70,100.00,100.00
2026-05-16T08:38:24.961515,66.70,70.00,100.00,100.00
2026-05-16T08:38:25.065241,63.60,60.00,100.00,100.00
2026-05-16T08:38:25.169987,60.00,63.60,100.00,100.00
2026-05-16T08:38:25.274191,60.00,60.00,100.00,100.00
2026-05-16T08:38:25.380233,66.70,63.60,100.00,100.00
2026-05-16T08:38:25.484976,54.50,72.70,100.00,100.00
2026-05-16T08:38:25.588968,55.60,75.00,100.00,100.00
2026-05-16T08:38:25.693815,60.00,60.00,100.00,100.00
2026-05-16T08:38:25.799347,72.70,81.80,100.00,100.00
2026-05-16T08:38:25.905093,72.70,75.00,100.00,100.00
2026-05-16T08:38:26.010645,80.00,90.90,100.00,100.00
2026-05-16T08:38:26.117674,75.00,75.00,100.00,100.00
2026-05-16T08:38:26.221563,77.80,80.00,100.00,100.00
2026-05-16T08:38:26.325691,72.70,81.80,100.00,100.00
2026-05-16T08:38:26.430175,72.70,90.90,100.00,100.00
2026-05-16T08:38:26.535136,70.00,81.80,100.00,100.00
2026-05-16T08:38:26.643754,81.80,91.70,100.00,100.00
2026-05-16T08:38:26.748286,81.80,72.70,100.00,100.00
2026-05-16T08:38:26.856285,80.00,81.80,100.00,100.00
2026-05-16T08:38:26.961170,83.30,90.90,100.00,100.00
2026-05-16T08:38:27.068714,77.80,88.90,100.00,100.00
2026-05-16T08:38:27.176577,81.80,90.90,100.00,100.00
2026-05-16T08:38:27.281897,80.00,83.30,100.00,100.00
2026-05-16T08:38:27.387615,81.80,80.00,100.00,100.00
2026-05-16T08:38:27.491670,83.30,72.70,100.00,100.00
2026-05-16T08:38:27.597154,80.00,90.90,100.00,100.00
2026-05-16T08:38:27.701940,81.80,81.80,100.00,100.00
2026-05-16T08:38:27.807355,75.00,81.80,100.00,100.00
2026-05-16T08:38:27.912216,70.00,83.30,100.00,100.00
2026-05-16T08:38:28.017927,80.00,90.00,100.00,100.00
2026-05-16T08:38:28.122646,80.00,81.80,100.00,100.00
2026-05-16T08:38:28.227055,81.80,80.00,100.00,100.00
2026-05-16T08:38:28.334607,81.80,81.80,100.00,100.00
2026-05-16T08:38:28.441939,81.80,90.00,100.00,100.00
2026-05-16T08:38:28.545903,81.80,90.90,100.00,100.00
2026-05-16T08:38:28.649815,80.00,77.80,100.00,100.00
2026-05-16T08:38:28.755160,81.80,91.70,100.00,100.00
2026-05-16T08:38:28.859953,80.00,81.80,100.00,100.00
2026-05-16T08:38:28.965661,72.70,90.00,100.00,100.00
2026-05-16T08:38:29.070052,75.00,83.30,100.00,100.00
2026-05-16T08:38:29.175596,77.80,81.80,100.00,100.00
2026-05-16T08:38:29.281359,70.00,90.90,100.00,100.00
2026-05-16T08:38:29.385871,81.80,90.00,100.00,100.00
2026-05-16T08:38:29.492543,70.00,83.30,100.00,100.00
2026-05-16T08:38:29.599866,81.80,81.80,100.00,100.00
2026-05-16T08:38:29.704505,80.00,90.00,100.00,100.00
2026-05-16T08:38:29.809712,90.90,91.70,100.00,100.00
2026-05-16T08:38:30.080685,96.20,100.00,100.00,100.00
2026-05-16T08:38:30.185928,81.80,90.00,100.00,22.20
2026-05-16T08:38:30.290736,81.80,81.80,90.90,12.50
2026-05-16T08:38:30.396065,72.70,72.70,90.00,20.00
2026-05-16T08:38:30.501476,80.00,81.80,83.30,12.50
2026-05-16T08:38:30.606564,80.00,81.80,90.90,22.20
2026-05-16T08:38:30.713364,81.80,83.30,91.70,25.00
2026-05-16T08:38:30.818797,81.80,81.80,90.90,30.00
2026-05-16T08:38:30.923908,72.70,81.80,90.00,22.20
2026-05-16T08:38:31.028579,81.80,83.30,90.90,12.50
2026-05-16T08:38:31.133721,81.80,80.00,84.60,30.00
2026-05-16T08:38:31.239586,80.00,75.00,90.90,12.50
2026-05-16T08:38:31.344621,75.00,80.00,90.00,30.00
2026-05-16T08:38:31.449649,81.80,81.80,83.30,12.50
2026-05-16T08:38:31.555510,70.00,80.00,90.90,22.20
2026-05-16T08:38:31.661949,80.00,83.30,90.90,30.00
2026-05-16T08:38:31.767014,75.00,81.80,90.90,20.00
2026-05-16T08:38:31.871704,81.80,81.80,83.30,25.00
2026-05-16T08:38:31.977254,75.00,80.00,90.00,30.00
2026-05-16T08:38:32.083984,81.80,75.00,83.30,22.20
2026-05-16T08:38:32.189784,70.00,80.00,90.00,12.50
2026-05-16T08:38:32.295240,83.30,83.30,90.90,30.00
2026-05-16T08:38:32.400614,81.80,80.00,91.70,22.20
2026-05-16T08:38:32.505964,75.00,81.80,90.00,12.50
2026-05-16T08:38:32.611819,80.00,80.00,90.90,22.20
2026-05-16T08:38:32.716756,80.00,81.80,91.70,30.00
2026-05-16T08:38:32.821824,80.00,70.00,90.90,22.20
2026-05-16T08:38:32.926698,75.00,81.80,90.00,22.20
2026-05-16T08:38:33.031961,77.80,81.80,84.60,22.20
2026-05-16T08:38:33.136738,76.90,80.00,90.90,22.20
2026-05-16T08:38:33.241788,77.80,83.30,83.30,33.30
2026-05-16T08:38:33.346578,80.00,80.00,90.00,22.20
2026-05-16T08:38:33.451176,81.80,84.60,90.90,22.20
2026-05-16T08:38:33.556748,70.00,72.70,83.30,12.50
2026-05-16T08:38:33.662000,83.30,80.00,90.00,30.00
2026-05-16T08:38:33.766436,70.00,81.80,83.30,22.20
2026-05-16T08:38:33.871084,63.60,61.50,72.70,30.00
2026-05-16T08:38:33.975695,66.70,55.60,66.70,20.00
2026-05-16T08:38:34.080668,60.00,70.00,72.70,22.20
2026-05-16T08:38:34.185468,63.60,66.70,75.00,22.20
2026-05-16T08:38:34.290942,60.00,55.60,66.70,20.00
2026-05-16T08:38:34.395461,70.00,63.60,75.00,12.50
2026-05-16T08:38:34.500610,63.60,55.60,70.00,20.00
2026-05-16T08:38:34.604959,63.60,63.60,66.70,22.20
2026-05-16T08:38:34.709120,63.60,63.60,80.00,30.00
2026-05-16T08:38:34.815308,66.70,72.70,70.00,20.00
2026-05-16T08:38:34.919926,55.60,63.60,72.70,22.20
2026-05-16T08:38:35.024427,66.70,63.60,75.00,20.00
2026-05-16T08:38:35.128470,55.60,63.60,63.60,22.20
2026-05-16T08:38:35.235088,60.00,60.00,75.00,22.20
2026-05-16T08:38:35.341465,72.70,75.00,75.00,22.20
2026-05-16T08:38:35.446814,60.00,60.00,66.70,20.00
2026-05-16T08:38:35.552008,63.60,63.60,76.90,30.00
2026-05-16T08:38:35.656108,63.60,66.70,72.70,22.20
2026-05-16T08:38:35.761191,63.60,63.60,66.70,22.20
2026-05-16T08:38:35.865540,60.00,60.00,75.00,11.10
2026-05-16T08:38:35.970019,60.00,63.60,63.60,11.10
2026-05-16T08:38:36.075385,60.00,60.00,72.70,22.20
2026-05-16T08:38:36.181338,63.60,63.60,72.70,27.30
2026-05-16T08:38:36.287735,66.70,72.70,75.00,22.20
2026-05-16T08:38:36.392580,60.00,63.60,72.70,12.50
2026-05-16T08:38:36.496744,70.00,60.00,70.00,20.00
2026-05-16T08:38:36.601092,60.00,63.60,69.20,22.20
2026-05-16T08:38:36.706347,63.60,60.00,72.70,27.30
2026-05-16T08:38:36.811382,63.60,63.60,70.00,12.50
2026-05-16T08:38:36.916721,60.00,60.00,69.20,20.00
2026-05-16T08:38:37.022452,58.30,66.70,70.00,12.50
2026-05-16T08:38:37.127449,63.60,66.70,72.70,20.00
2026-05-16T08:38:37.232616,70.00,60.00,72.70,30.00
2026-05-16T08:38:37.336635,54.50,66.70,75.00,22.20
2026-05-16T08:38:37.441180,66.70,60.00,66.70,11.10
2026-05-16T08:38:37.546068,50.00,60.00,72.70,30.00
2026-05-16T08:38:37.650539,66.70,66.70,75.00,20.00
2026-05-16T08:38:37.754227,55.60,63.60,60.00,12.50
2026-05-16T08:38:37.857538,22.20,22.20,30.00,10.00
2026-05-16T08:38:37.961350,30.00,22.20,25.00,27.30
2026-05-16T08:38:38.065017,30.00,22.20,22.20,11.10
2026-05-16T08:38:38.168654,33.30,22.20,33.30,11.10
2026-05-16T08:38:38.272124,22.20,30.00,36.40,10.00
2026-05-16T08:38:38.376212,12.50,25.00,22.20,11.10
2026-05-16T08:38:38.480742,30.00,22.20,25.00,20.00
2026-05-16T08:38:38.585016,30.00,36.40,33.30,11.10
2026-05-16T08:38:38.689152,33.30,20.00,22.20,11.10
2026-05-16T08:38:38.793579,30.00,33.30,45.50,18.20
2026-05-16T08:38:38.897540,12.50,30.00,12.50,20.00
2026-05-16T08:38:39.001851,30.00,12.50,22.20,11.10
2026-05-16T08:38:39.105867,33.30,22.20,25.00,20.00
2026-05-16T08:38:39.209361,36.40,12.50,40.00,10.00
2026-05-16T08:38:39.313837,22.20,22.20,22.20,11.10
2026-05-16T08:38:39.418266,25.00,36.40,22.20,11.10
2026-05-16T08:38:39.522334,33.30,25.00,58.30,27.30
2026-05-16T08:38:39.625810,30.00,22.20,25.00,20.00
2026-05-16T08:38:39.729295,22.20,36.40,22.20,11.10
2026-05-16T08:38:39.895023,35.70,30.80,46.20,31.20
2026-05-16T08:38:39.998883,33.30,40.00,100.00,11.10
2026-05-16T08:38:40.128964,41.70,40.00,100.00,23.10
2026-05-16T08:38:40.234452,40.00,50.00,100.00,100.00
2026-05-16T08:38:40.339042,40.00,40.00,100.00,100.00
2026-05-16T08:38:40.443220,30.00,37.50,100.00,100.00
2026-05-16T08:38:40.548311,33.30,33.30,100.00,100.00
2026-05-16T08:38:40.652351,33.30,40.00,100.00,100.00
2026-05-16T08:38:40.758417,33.30,50.00,100.00,100.00
2026-05-16T08:38:40.863674,45.50,40.00,100.00,100.00
2026-05-16T08:38:40.969867,40.00,44.40,100.00,100.00
2026-05-16T08:38:41.074776,40.00,45.50,100.00,100.00
2026-05-16T08:38:41.180354,50.00,44.40,100.00,100.00
2026-05-16T08:38:41.285500,22.20,44.40,100.00,100.00
2026-05-16T08:38:41.390404,40.00,40.00,100.00,100.00
2026-05-16T08:38:41.496056,33.30,40.00,100.00,100.00
2026-05-16T08:38:41.600126,33.30,33.30,100.00,100.00
2026-05-16T08:38:41.704515,36.40,40.00,100.00,100.00
2026-05-16T08:38:41.808214,12.50,14.30,100.00,100.00
2026-05-16T08:38:41.912034,20.00,11.10,100.00,100.00
2026-05-16T08:38:42.015801,22.20,0.00,100.00,100.00
2026-05-16T08:38:42.120675,10.00,11.10,100.00,100.00
2026-05-16T08:38:42.224488,11.10,12.50,100.00,100.00
2026-05-16T08:38:42.328533,11.10,11.10,100.00,100.00
2026-05-16T08:38:42.432368,20.00,0.00,100.00,100.00
2026-05-16T08:38:42.536138,10.00,22.20,100.00,100.00
2026-05-16T08:38:42.640629,11.10,0.00,100.00,100.00
2026-05-16T08:38:42.744456,11.10,11.10,100.00,100.00
2026-05-16T08:38:42.848516,11.10,0.00,100.00,100.00
2026-05-16T08:38:44.961037,12.80,18.40,100.00,13.90
2026-05-16T08:38:45.063597,11.10,20.00,100.00,0.00
2026-05-16T08:38:45.165666,10.00,0.00,100.00,0.00
2026-05-16T08:38:45.268236,11.10,0.00,100.00,10.00
2026-05-16T08:38:45.370657,0.00,0.00,100.00,0.00
2026-05-16T08:38:45.472712,20.00,0.00,100.00,9.10
2026-05-16T08:38:45.574754,10.00,27.30,100.00,0.00
2026-05-16T08:38:45.676855,11.10,11.10,100.00,0.00
2026-05-16T08:38:45.779639,33.30,25.00,100.00,0.00
2026-05-16T08:38:45.882797,63.60,72.70,100.00,10.00
2026-05-16T08:38:45.985731,70.00,70.00,100.00,11.10
2026-05-16T08:38:46.088737,63.60,63.60,100.00,10.00
2026-05-16T08:38:46.191532,72.70,75.00,100.00,11.10
2026-05-16T08:38:46.294211,72.70,70.00,100.00,0.00
2026-05-16T08:38:46.397468,70.00,80.00,100.00,18.20
2026-05-16T08:38:46.500287,75.00,75.00,100.00,0.00
2026-05-16T08:38:46.603171,70.00,72.70,100.00,11.10
2026-05-16T08:38:46.705724,72.70,72.70,100.00,10.00
2026-05-16T08:38:46.808694,72.70,75.00,100.00,0.00
2026-05-16T08:38:46.911833,72.70,72.70,100.00,20.00
2026-05-16T08:38:47.015134,66.70,70.00,100.00,10.00
2026-05-16T08:38:47.118283,76.90,72.70,100.00,11.10
2026-05-16T08:38:47.221038,70.00,70.00,100.00,0.00
2026-05-16T08:38:47.324105,66.70,72.70,100.00,10.00
2026-05-16T08:38:47.427106,75.00,80.00,100.00,0.00
2026-05-16T08:38:47.530061,70.00,70.00,100.00,11.10
2026-05-16T08:38:47.632744,72.70,70.00,100.00,18.20
2026-05-16T08:38:47.735614,72.70,72.70,100.00,20.00
2026-05-16T08:38:47.838388,72.70,70.00,100.00,0.00
2026-05-16T08:38:47.941656,72.70,81.80,100.00,11.10
2026-05-16T08:38:48.044414,80.00,70.00,100.00,10.00
2026-05-16T08:38:48.147396,72.70,70.00,100.00,0.00
2026-05-16T08:38:48.250367,66.70,80.00,100.00,0.00
2026-05-16T08:38:48.353465,81.80,72.70,100.00,11.10
2026-05-16T08:38:48.456653,72.70,70.00,100.00,0.00
2026-05-16T08:38:48.559736,72.70,72.70,100.00,40.00
2026-05-16T08:38:48.666242,77.80,81.80,100.00,11.10
2026-05-16T08:38:48.769603,72.70,80.00,100.00,20.00
2026-05-16T08:38:48.873681,75.00,72.70,100.00,10.00
2026-05-16T08:38:48.976229,70.00,70.00,100.00,0.00
2026-05-16T08:38:49.079163,72.70,63.60,100.00,10.00
2026-05-16T08:38:49.181909,72.70,72.70,100.00,0.00
2026-05-16T08:38:49.284935,80.00,80.00,100.00,20.00
2026-05-16T08:38:49.387744,63.60,72.70,100.00,0.00
2026-05-16T08:38:49.490600,77.80,72.70,100.00,10.00
2026-05-16T08:38:49.593714,75.00,72.70,100.00,11.10
2026-05-16T08:38:49.696904,75.00,81.80,100.00,11.10
2026-05-16T08:38:49.799452,70.00,66.70,100.00,0.00
2026-05-16T08:38:49.902452,70.00,75.00,100.00,11.10
2026-05-16T08:38:50.005502,63.60,63.60,100.00,11.10
2026-05-16T08:38:50.108411,75.00,72.70,100.00,10.00
2026-05-16T08:38:50.211560,66.70,70.00,100.00,11.10
2026-05-16T08:38:50.315364,70.00,72.70,100.00,0.00
2026-05-16T08:38:50.418377,66.70,70.00,100.00,20.00
2026-05-16T08:38:50.521192,80.00,81.80,100.00,0.00
2026-05-16T08:38:50.623934,70.00,72.70,100.00,10.00
2026-05-16T08:38:50.727200,66.70,70.00,100.00,11.10
2026-05-16T08:38:50.830444,66.70,66.70,100.00,10.00
2026-05-16T08:38:50.933487,75.00,72.70,100.00,0.00
2026-05-16T08:38:51.036403,70.00,77.80,100.00,10.00
2026-05-16T08:38:51.138908,77.80,72.70,100.00,0.00
2026-05-16T08:38:51.241979,66.70,72.70,100.00,11.10
2026-05-16T08:38:51.344659,66.70,60.00,100.00,10.00
2026-05-16T08:38:51.447376,66.70,72.70,100.00,0.00
2026-05-16T08:38:51.549933,66.70,72.70,100.00,10.00
2026-05-16T08:38:51.652908,70.00,66.70,100.00,20.00
2026-05-16T08:38:51.755717,75.00,70.00,100.00,0.00
2026-05-16T08:38:51.858833,62.50,63.60,100.00,20.00
2026-05-16T08:38:51.961531,75.00,81.80,100.00,0.00
2026-05-16T08:38:52.064480,63.60,72.70,100.00,20.00
2026-05-16T08:38:52.167415,72.70,66.70,100.00,0.00
2026-05-16T08:38:52.269984,70.00,66.70,100.00,20.00
2026-05-16T08:38:52.373155,63.60,75.00,100.00,0.00
2026-05-16T08:38:52.476023,66.70,70.00,100.00,0.00
2026-05-16T08:38:52.579703,72.70,70.00,100.00,10.00
2026-05-16T08:38:52.682422,72.70,70.00,100.00,20.00
2026-05-16T08:38:52.784985,66.70,66.70,100.00,0.00
2026-05-16T08:38:52.887731,72.70,70.00,100.00,0.00
2026-05-16T08:38:52.990359,66.70,75.00,100.00,20.00
2026-05-16T08:38:53.092932,63.60,72.70,100.00,10.00
2026-05-16T08:38:53.195641,70.00,72.70,100.00,0.00
2026-05-16T08:38:53.298501,63.60,63.60,100.00,11.10
2026-05-16T08:38:53.401539,66.70,72.70,100.00,10.00
2026-05-16T08:38:53.504435,72.70,72.70,100.00,0.00
2026-05-16T08:38:53.607325,60.00,70.00,100.00,25.00
2026-05-16T08:38:53.710065,72.70,70.00,100.00,0.00
2026-05-16T08:38:53.813186,80.00,81.80,100.00,11.10
2026-05-16T08:38:53.916401,83.30,81.80,100.00,0.00
2026-05-16T08:38:54.019531,90.00,80.00,100.00,11.10
2026-05-16T08:38:54.122656,80.00,90.00,100.00,11.10
2026-05-16T08:38:54.279654,88.20,81.30,93.30,33.30
2026-05-16T08:38:54.382671,70.00,70.00,75.00,11.10
2026-05-16T08:38:54.485692,72.70,70.00,81.80,11.10
2026-05-16T08:38:54.588960,70.00,70.00,72.70,0.00
2026-05-16T08:38:54.692034,66.70,70.00,81.80,11.10
2026-05-16T08:38:54.795497,63.60,63.60,72.70,30.00
2026-05-16T08:38:54.898640,72.70,70.00,80.00,0.00
2026-05-16T08:38:55.001669,63.60,66.70,75.00,11.10
2026-05-16T08:38:55.104792,70.00,70.00,81.80,11.10
2026-05-16T08:38:55.207922,66.70,70.00,75.00,0.00
2026-05-16T08:38:55.311065,70.00,70.00,80.00,12.50
2026-05-16T08:38:55.414430,70.00,70.00,76.90,18.20
2026-05-16T08:38:55.517996,70.00,66.70,75.00,0.00
2026-05-16T08:38:55.621268,63.60,70.00,80.00,11.10
2026-05-16T08:38:55.724423,72.70,70.00,78.60,0.00
2026-05-16T08:38:55.828055,60.00,63.60,70.00,0.00
2026-05-16T08:38:55.931073,70.00,66.70,75.00,11.10
2026-05-16T08:38:56.034223,72.70,69.20,81.80,11.10
2026-05-16T08:38:56.137336,63.60,70.00,83.30,11.10
2026-05-16T08:38:56.240563,70.00,72.70,72.70,11.10
2026-05-16T08:38:56.343516,63.60,60.00,75.00,11.10
2026-05-16T08:38:56.446899,70.00,70.00,81.80,11.10
2026-05-16T08:38:56.549958,60.00,66.70,72.70,10.00
2026-05-16T08:38:56.653499,72.70,70.00,72.70,0.00
2026-05-16T08:38:56.756198,66.70,72.70,81.80,11.10
2026-05-16T08:38:56.859405,60.00,63.60,72.70,0.00
2026-05-16T08:38:56.962228,70.00,72.70,75.00,20.00
2026-05-16T08:38:57.065414,70.00,70.00,72.70,20.00
2026-05-16T08:38:57.169441,69.20,66.70,72.70,0.00
2026-05-16T08:38:57.272479,66.70,70.00,83.30,11.10
2026-05-16T08:38:57.376076,63.60,63.60,75.00,11.10
2026-05-16T08:38:57.479264,72.70,70.00,75.00,0.00
2026-05-16T08:38:57.582229,60.00,63.60,72.70,11.10
2026-05-16T08:38:57.685274,66.70,70.00,81.80,11.10
2026-05-16T08:38:57.788242,58.30,50.00,60.00,11.10
2026-05-16T08:38:57.891120,37.50,45.50,44.40,0.00
2026-05-16T08:38:57.994640,45.50,40.00,50.00,0.00
2026-05-16T08:38:58.097487,40.00,40.00,37.50,0.00
2026-05-16T08:38:58.200464,33.30,33.30,40.00,20.00
2026-05-16T08:38:58.303164,37.50,44.40,50.00,0.00
2026-05-16T08:38:58.405749,45.50,30.00,50.00,0.00
2026-05-16T08:38:58.508508,33.30,50.00,40.00,0.00
2026-05-16T08:38:58.611058,45.50,33.30,50.00,18.20
2026-05-16T08:38:58.714199,33.30,33.30,50.00,20.00
2026-05-16T08:38:58.816827,40.00,40.00,45.50,0.00
2026-05-16T08:38:58.919213,37.50,33.30,50.00,0.00
2026-05-16T08:38:59.021750,40.00,33.30,40.00,10.00
2026-05-16T08:38:59.124577,40.00,40.00,50.00,10.00
2026-05-16T08:38:59.227223,40.00,33.30,50.00,0.00
2026-05-16T08:38:59.329805,33.30,40.00,45.50,10.00
2026-05-16T08:38:59.432517,45.50,33.30,50.00,0.00
2026-05-16T08:38:59.534964,44.40,45.50,45.50,0.00
2026-05-16T08:38:59.638094,40.00,25.00,44.40,10.00
2026-05-16T08:38:59.740899,40.00,40.00,45.50,10.00
2026-05-16T08:38:59.843832,33.30,45.50,50.00,10.00
2026-05-16T08:38:59.946564,50.00,50.00,50.00,0.00
2026-05-16T08:39:00.049742,40.00,40.00,45.50,10.00
2026-05-16T08:39:00.152170,33.30,33.30,37.50,0.00
2026-05-16T08:39:00.254833,44.40,33.30,54.50,18.20
2026-05-16T08:39:00.357670,33.30,33.30,45.50,0.00
2026-05-16T08:39:00.460431,40.00,33.30,44.40,0.00
2026-05-16T08:39:00.563418,33.30,33.30,54.50,10.00
2026-05-16T08:39:00.666139,45.50,45.50,40.00,10.00
2026-05-16T08:39:00.769115,44.40,25.00,54.50,0.00
2026-05-16T08:39:00.872509,25.00,40.00,33.30,0.00
2026-05-16T08:39:00.975028,40.00,33.30,54.50,10.00
2026-05-16T08:39:01.077717,33.30,40.00,40.00,11.10
2026-05-16T08:39:01.180162,33.30,40.00,44.40,0.00
2026-05-16T08:39:01.282645,45.50,40.00,50.00,0.00
2026-05-16T08:39:01.385467,40.00,33.30,40.00,18.20
2026-05-16T08:39:01.488212,37.50,40.00,50.00,0.00
2026-05-16T08:39:01.591077,33.30,45.50,45.50,0.00
2026-05-16T08:39:01.693408,45.50,25.00,44.40,0.00
2026-05-16T08:39:01.795749,22.20,30.00,30.00,0.00
2026-05-16T08:39:01.898474,11.10,11.10,0.00,9.10
2026-05-16T08:39:02.000566,22.20,22.20,30.00,10.00
2026-05-16T08:39:02.102973,0.00,11.10,0.00,0.00
2026-05-16T08:39:02.205474,20.00,12.50,11.10,0.00
2026-05-16T08:39:02.307977,0.00,0.00,12.50,0.00
2026-05-16T08:39:02.410193,20.00,20.00,11.10,0.00
2026-05-16T08:39:02.512483,0.00,0.00,12.50,0.00
2026-05-16T08:39:02.614681,0.00,20.00,0.00,0.00
2026-05-16T08:39:02.716924,22.20,12.50,22.20,0.00
2026-05-16T08:39:02.819215,11.10,11.10,11.10,9.10
2026-05-16T08:39:02.921414,11.10,0.00,22.20,0.00
2026-05-16T08:39:03.023551,12.50,20.00,0.00,0.00
2026-05-16T08:39:03.125991,20.00,0.00,12.50,9.10
2026-05-16T08:39:03.228485,11.10,20.00,11.10,0.00
2026-05-16T08:39:03.331097,20.00,0.00,22.20,0.00
2026-05-16T08:39:03.433599,0.00,0.00,20.00,0.00
2026-05-16T08:39:03.535957,22.20,27.30,12.50,9.10
2026-05-16T08:39:03.638605,11.10,0.00,12.50,0.00
2026-05-16T08:39:03.798664,23.10,23.10,40.00,14.30
2026-05-16T08:39:03.900951,20.00,22.20,100.00,0.00
2026-05-16T08:39:04.003439,12.50,22.20,100.00,10.00
2026-05-16T08:39:04.105789,22.20,12.50,100.00,0.00
2026-05-16T08:39:04.208080,12.50,22.20,100.00,9.10
2026-05-16T08:39:04.310651,22.20,14.30,100.00,0.00
2026-05-16T08:39:04.413115,22.20,30.00,100.00,0.00
2026-05-16T08:39:04.515656,22.20,22.20,100.00,10.00
2026-05-16T08:39:04.617944,22.20,12.50,100.00,0.00
2026-05-16T08:39:04.720180,11.10,14.30,100.00,0.00
2026-05-16T08:39:04.822630,25.00,22.20,100.00,11.10
2026-05-16T08:39:04.925040,12.50,12.50,100.00,0.00
2026-05-16T08:39:05.027517,20.00,22.20,100.00,10.00
2026-05-16T08:39:05.129785,12.50,12.50,100.00,0.00
2026-05-16T08:39:05.232146,22.20,25.00,100.00,10.00
2026-05-16T08:39:05.334348,22.20,12.50,100.00,0.00
2026-05-16T08:39:05.436749,0.00,12.50,100.00,0.00
2026-05-16T08:39:05.538911,20.00,20.00,100.00,0.00
2026-05-16T08:39:05.641135,12.50,12.50,100.00,0.00
2026-05-16T08:39:05.744076,12.50,25.00,100.00,10.00
2026-05-16T08:39:05.846857,70.00,72.70,100.00,11.10
2026-05-16T08:39:05.949973,66.70,72.70,100.00,18.20
2026-05-16T08:39:06.052992,70.00,72.70,100.00,0.00
2026-05-16T08:39:06.155704,70.00,70.00,100.00,11.10
2026-05-16T08:39:06.258704,80.00,75.00,100.00,10.00
2026-05-16T08:39:06.361220,66.70,70.00,100.00,0.00
2026-05-16T08:39:06.464394,70.00,80.00,100.00,10.00
2026-05-16T08:39:06.567444,70.00,75.00,100.00,0.00
2026-05-16T08:39:06.670555,72.70,63.60,100.00,20.00
2026-05-16T08:39:06.773524,70.00,75.00,100.00,0.00
2026-05-16T08:39:06.876545,70.00,80.00,100.00,0.00
2026-05-16T08:39:06.979317,75.00,72.70,100.00,11.10
2026-05-16T08:39:07.082182,66.70,70.00,100.00,10.00
2026-05-16T08:39:07.185644,70.00,75.00,100.00,11.10
2026-05-16T08:39:07.288620,72.70,66.70,100.00,0.00
2026-05-16T08:39:07.391576,80.00,80.00,100.00,20.00
2026-05-16T08:39:07.494503,70.00,72.70,100.00,11.10
2026-05-16T08:39:07.597202,72.70,70.00,100.00,10.00
2026-05-16T08:39:07.699897,66.70,72.70,100.00,11.10
2026-05-16T08:39:07.802957,72.70,81.80,100.00,11.10
2026-05-16T08:39:07.905946,72.70,72.70,100.00,0.00
2026-05-16T08:39:08.008850,72.70,70.00,100.00,11.10
2026-05-16T08:39:08.111786,72.70,72.70,100.00,0.00
2026-05-16T08:39:08.214949,66.70,72.70,100.00,0.00
2026-05-16T08:39:08.318409,72.70,70.00,100.00,20.00
2026-05-16T08:39:08.421405,72.70,72.70,100.00,10.00
2026-05-16T08:39:08.524269,72.70,70.00,100.00,11.10
2026-05-16T08:39:08.627699,70.00,72.70,100.00,11.10
2026-05-16T08:39:08.730591,70.00,75.00,100.00,20.00
2026-05-16T08:39:08.833663,72.70,72.70,100.00,10.00
2026-05-16T08:39:08.936539,77.80,80.00,100.00,0.00
2026-05-16T08:39:09.039638,75.00,70.00,100.00,11.10
2026-05-16T08:39:09.142618,72.70,72.70,100.00,10.00
2026-05-16T08:39:09.245467,66.70,75.00,100.00,11.10
2026-05-16T08:39:09.348288,70.00,70.00,100.00,11.10
2026-05-16T08:39:09.451009,75.00,72.70,100.00,0.00
2026-05-16T08:39:09.553993,70.00,75.00,100.00,11.10
2026-05-16T08:39:09.656772,81.80,80.00,100.00,27.30
2026-05-16T08:39:09.759509,60.00,60.00,100.00,0.00
2026-05-16T08:39:09.862671,70.00,63.60,100.00,11.10
2026-05-16T08:39:09.965342,55.60,63.60,100.00,10.00
2026-05-16T08:39:10.068443,63.60,55.60,100.00,10.00
2026-05-16T08:39:10.171211,60.00,66.70,100.00,0.00
2026-05-16T08:39:10.274040,50.00,60.00,100.00,10.00
2026-05-16T08:39:10.377345,70.00,63.60,100.00,10.00
2026-05-16T08:39:10.480376,54.50,60.00,100.00,0.00
2026-05-16T08:39:10.583114,60.00,60.00,100.00,10.00
2026-05-16T08:39:10.685674,60.00,63.60,100.00,0.00
2026-05-16T08:39:11.082938,77.50,74.40,100.00,62.20
2026-05-16T08:39:11.188716,63.60,69.20,100.00,100.00
2026-05-16T08:39:11.295636,60.00,66.70,100.00,100.00
2026-05-16T08:39:11.401639,55.60,66.70,100.00,100.00
2026-05-16T08:39:11.506887,61.50,66.70,100.00,100.00
2026-05-16T08:39:11.613354,60.00,66.70,100.00,100.00
2026-05-16T08:39:11.719650,70.00,70.00,100.00,100.00
2026-05-16T08:39:11.827485,63.60,63.60,100.00,100.00
2026-05-16T08:39:11.935623,63.60,83.30,100.00,100.00
2026-05-16T08:39:12.041080,60.00,72.70,100.00,100.00
2026-05-16T08:39:12.145126,55.60,60.00,100.00,100.00
2026-05-16T08:39:12.250602,63.60,72.70,100.00,100.00
2026-05-16T08:39:12.357887,60.00,75.00,100.00,100.00
2026-05-16T08:39:12.464041,63.60,60.00,100.00,100.00
2026-05-16T08:39:12.570056,60.00,70.00,100.00,100.00
2026-05-16T08:39:12.676911,63.60,60.00,100.00,100.00
2026-05-16T08:39:12.781841,60.00,63.60,100.00,100.00
2026-05-16T08:39:12.886579,63.60,60.00,100.00,100.00
2026-05-16T08:39:12.991844,60.00,63.60,100.00,100.00
2026-05-16T08:39:13.095997,66.70,63.60,100.00,100.00
2026-05-16T08:39:13.202662,60.00,63.60,100.00,100.00
2026-05-16T08:39:13.306865,66.70,55.60,100.00,100.00
2026-05-16T08:39:13.412636,63.60,69.20,100.00,100.00
2026-05-16T08:39:13.518604,60.00,66.70,100.00,100.00
2026-05-16T08:39:13.623166,63.60,66.70,100.00,100.00
2026-05-16T08:39:13.727831,60.00,77.80,100.00,100.00
2026-05-16T08:39:13.832833,44.40,60.00,100.00,100.00
2026-05-16T08:39:13.937160,44.40,54.50,100.00,100.00
2026-05-16T08:39:14.042833,63.60,60.00,100.00,100.00
2026-05-16T08:39:14.148701,44.40,54.50,100.00,100.00
2026-05-16T08:39:14.253394,50.00,60.00,100.00,100.00
2026-05-16T08:39:14.358457,50.00,63.60,100.00,100.00
2026-05-16T08:39:14.463799,60.00,55.60,100.00,100.00
2026-05-16T08:39:14.569171,50.00,54.50,100.00,100.00
2026-05-16T08:39:14.674041,50.00,55.60,100.00,100.00
2026-05-16T08:39:14.778401,50.00,60.00,100.00,100.00
2026-05-16T08:39:14.883681,54.50,63.60,100.00,100.00
2026-05-16T08:39:14.988016,50.00,50.00,100.00,100.00
2026-05-16T08:39:15.092297,50.00,55.60,100.00,100.00
2026-05-16T08:39:15.197518,55.60,58.30,100.00,100.00
2026-05-16T08:39:15.301636,50.00,62.50,100.00,100.00
2026-05-16T08:39:15.406982,50.00,58.30,100.00,100.00
2026-05-16T08:39:15.513213,54.50,55.60,100.00,100.00
2026-05-16T08:39:15.619165,54.50,55.60,100.00,100.00
2026-05-16T08:39:15.723525,44.40,63.60,100.00,100.00
2026-05-16T08:39:15.827886,50.00,58.30,100.00,100.00
2026-05-16T08:39:15.932565,44.40,60.00,100.00,100.00
2026-05-16T08:39:16.036640,54.50,60.00,100.00,100.00
2026-05-16T08:39:16.140741,37.50,60.00,100.00,100.00
2026-05-16T08:39:16.245043,50.00,55.60,100.00,100.00
2026-05-16T08:39:16.348957,50.00,50.00,100.00,100.00
2026-05-16T08:39:16.453076,50.00,60.00,100.00,100.00
2026-05-16T08:39:16.558922,50.00,54.50,100.00,100.00
2026-05-16T08:39:16.664450,54.50,55.60,100.00,100.00
2026-05-16T08:39:16.770167,37.50,50.00,100.00,100.00
2026-05-16T08:39:16.875619,63.60,60.00,100.00,100.00
2026-05-16T08:39:16.980421,44.40,58.30,100.00,100.00
2026-05-16T08:39:17.085350,50.00,60.00,100.00,100.00
2026-05-16T08:39:17.190772,54.50,54.50,100.00,100.00
2026-05-16T08:39:17.295719,44.40,44.40,100.00,100.00
2026-05-16T08:39:17.399996,40.00,44.40,100.00,100.00
2026-05-16T08:39:17.505241,50.00,45.50,100.00,100.00
2026-05-16T08:39:17.609236,44.40,37.50,100.00,100.00
2026-05-16T08:39:17.713339,45.50,54.50,100.00,100.00
2026-05-16T08:39:17.818212,55.60,60.00,100.00,100.00
2026-05-16T08:39:17.923175,50.00,44.40,100.00,100.00
2026-05-16T08:39:18.027202,54.50,50.00,100.00,100.00
2026-05-16T08:39:18.132043,50.00,54.50,100.00,100.00
2026-05-16T08:39:18.236689,50.00,50.00,100.00,100.00
2026-05-16T08:39:18.341707,60.00,58.30,100.00,100.00
2026-05-16T08:39:18.447117,54.50,55.60,100.00,100.00
2026-05-16T08:39:18.552621,55.60,54.50,100.00,100.00
2026-05-16T08:39:18.658177,63.60,60.00,100.00,100.00
2026-05-16T08:39:18.762929,50.00,60.00,100.00,100.00
2026-05-16T08:39:18.867983,50.00,50.00,100.00,100.00
2026-05-16T08:39:18.972325,54.50,54.50,100.00,100.00
2026-05-16T08:39:19.077127,44.40,54.50,100.00,100.00
2026-05-16T08:39:19.181859,50.00,50.00,100.00,100.00
2026-05-16T08:39:19.286534,60.00,55.60,100.00,100.00
2026-05-16T08:39:19.391150,50.00,44.40,100.00,100.00
2026-05-16T08:39:19.496996,50.00,58.30,100.00,100.00
2026-05-16T08:39:19.602313,50.00,55.60,100.00,100.00
2026-05-16T08:39:19.707822,50.00,50.00,100.00,100.00
2026-05-16T08:39:19.812468,54.50,54.50,100.00,100.00
2026-05-16T08:39:19.920156,55.60,60.00,100.00,100.00
2026-05-16T08:39:20.024946,54.50,44.40,100.00,100.00
2026-05-16T08:39:20.129391,50.00,54.50,100.00,100.00
2026-05-16T08:39:20.234776,55.60,55.60,100.00,100.00
2026-05-16T08:39:20.339135,60.00,50.00,100.00,100.00
2026-05-16T08:39:20.445083,54.50,55.60,100.00,100.00
2026-05-16T08:39:20.552538,54.50,63.60,100.00,100.00
2026-05-16T08:39:20.658460,60.00,55.60,100.00,100.00
2026-05-16T08:39:20.762687,50.00,55.60,100.00,100.00
2026-05-16T08:39:20.866994,63.60,63.60,100.00,100.00
2026-05-16T08:39:20.971900,55.60,60.00,100.00,100.00
2026-05-16T08:39:21.076043,54.50,60.00,100.00,100.00
2026-05-16T08:39:21.180135,50.00,60.00,100.00,100.00
2026-05-16T08:39:21.285506,54.50,50.00,100.00,100.00
2026-05-16T08:39:21.390446,54.50,55.60,100.00,100.00
2026-05-16T08:39:21.496344,54.50,50.00,100.00,100.00
2026-05-16T08:39:21.601485,54.50,55.60,100.00,100.00
2026-05-16T08:39:21.706201,55.60,61.50,100.00,100.00
2026-05-16T08:39:21.810861,50.00,37.50,100.00,100.00
2026-05-16T08:39:21.915376,33.30,50.00,100.00,100.00
2026-05-16T08:39:22.019560,33.30,40.00,100.00,100.00
2026-05-16T08:39:22.123981,30.00,33.30,100.00,100.00
2026-05-16T08:39:22.227963,33.30,33.30,100.00,100.00
2026-05-16T08:39:22.332419,30.00,40.00,100.00,100.00
2026-05-16T08:39:22.437209,14.30,25.00,100.00,100.00
2026-05-16T08:39:22.542583,40.00,25.00,100.00,100.00
2026-05-16T08:39:22.646464,22.20,40.00,100.00,100.00
2026-05-16T08:39:22.750689,33.30,33.30,100.00,100.00
2026-05-16T08:39:22.854405,25.00,14.30,100.00,100.00
2026-05-16T08:39:22.959008,30.00,40.00,100.00,100.00
2026-05-16T08:39:23.062882,40.00,14.30,100.00,100.00
2026-05-16T08:39:23.166633,30.00,41.70,100.00,100.00
2026-05-16T08:39:23.270847,25.00,28.60,100.00,100.00
2026-05-16T08:39:23.374717,25.00,25.00,100.00,100.00
2026-05-16T08:39:23.478863,33.30,30.00,100.00,100.00
2026-05-16T08:39:23.582958,22.20,14.30,100.00,100.00
2026-05-16T08:39:23.686888,33.30,45.50,100.00,100.00
2026-05-16T08:39:23.790901,33.30,25.00,100.00,100.00
2026-05-16T08:39:23.895045,30.00,33.30,100.00,100.00
2026-05-16T08:39:23.999177,25.00,33.30,100.00,100.00
2026-05-16T08:39:24.103239,25.00,33.30,100.00,100.00
2026-05-16T08:39:24.207690,41.70,25.00,100.00,100.00
2026-05-16T08:39:24.312045,33.30,50.00,100.00,100.00
2026-05-16T08:39:24.416108,33.30,40.00,100.00,100.00
2026-05-16T08:39:24.519821,33.30,28.60,100.00,100.00
2026-05-16T08:39:24.623930,30.00,30.00,100.00,100.00
2026-05-16T08:39:24.728130,40.00,25.00,100.00,100.00
2026-05-16T08:39:24.832545,44.40,44.40,100.00,100.00
2026-05-16T08:39:24.936941,22.20,33.30,100.00,100.00
2026-05-16T08:39:25.041076,33.30,30.00,100.00,100.00
2026-05-16T08:39:25.145463,14.30,33.30,100.00,100.00
2026-05-16T08:39:25.249953,36.40,44.40,100.00,100.00
2026-05-16T08:39:25.355600,25.00,33.30,100.00,100.00
2026-05-16T08:39:25.459822,25.00,33.30,100.00,100.00
2026-05-16T08:39:25.563987,36.40,33.30,100.00,100.00
2026-05-16T08:39:25.668142,25.00,40.00,100.00,100.00
2026-05-16T08:39:25.775558,44.40,40.00,100.00,100.00
2026-05-16T08:39:25.882397,63.60,80.00,100.00,100.00
2026-05-16T08:39:25.988678,81.80,60.00,100.00,100.00
2026-05-16T08:39:26.094751,70.00,75.00,100.00,100.00
2026-05-16T08:39:26.201970,72.70,70.00,100.00,100.00
2026-05-16T08:39:26.308624,72.70,72.70,100.00,100.00
2026-05-16T08:39:26.412801,70.00,80.00,100.00,100.00
2026-05-16T08:39:26.519305,60.00,69.20,100.00,100.00
2026-05-16T08:39:26.623714,72.70,66.70,100.00,100.00
2026-05-16T08:39:26.729550,70.00,66.70,100.00,100.00
2026-05-16T08:39:26.835442,63.60,63.60,100.00,100.00
2026-05-16T08:39:26.942329,70.00,66.70,100.00,100.00
2026-05-16T08:39:27.047078,75.00,60.00,100.00,100.00
2026-05-16T08:39:27.153463,72.70,66.70,100.00,100.00
2026-05-16T08:39:27.258893,66.70,72.70,100.00,100.00
2026-05-16T08:39:27.363503,60.00,72.70,100.00,100.00
2026-05-16T08:39:27.467888,63.60,72.70,100.00,100.00
2026-05-16T08:39:27.574004,66.70,81.80,100.00,100.00
2026-05-16T08:39:27.680218,54.50,84.60,100.00,100.00
2026-05-16T08:39:27.784923,72.70,80.00,100.00,100.00
2026-05-16T08:39:27.891371,66.70,84.60,100.00,100.00
2026-05-16T08:39:27.996487,66.70,72.70,100.00,100.00
2026-05-16T08:39:28.101152,72.70,80.00,100.00,100.00
2026-05-16T08:39:28.207779,70.00,72.70,100.00,100.00
2026-05-16T08:39:28.313176,72.70,75.00,100.00,100.00
2026-05-16T08:39:28.419552,72.70,77.80,100.00,100.00
2026-05-16T08:39:28.523935,60.00,75.00,100.00,100.00
2026-05-16T08:39:28.629555,60.00,90.90,100.00,100.00
2026-05-16T08:39:28.734251,55.60,84.60,100.00,100.00
2026-05-16T08:39:28.838828,55.60,81.80,100.00,100.00
2026-05-16T08:39:28.944544,70.00,80.00,100.00,100.00
2026-05-16T08:39:29.049549,72.70,75.00,100.00,100.00
2026-05-16T08:39:29.153946,66.70,81.80,100.00,100.00
2026-05-16T08:39:29.259028,72.70,81.80,100.00,100.00
2026-05-16T08:39:29.365231,60.00,80.00,100.00,100.00
2026-05-16T08:39:29.471310,66.70,78.60,100.00,100.00
2026-05-16T08:39:29.576505,63.60,90.90,100.00,100.00
2026-05-16T08:39:29.681161,62.50,81.80,100.00,100.00
2026-05-16T08:39:29.786446,66.70,81.80,100.00,100.00
2026-05-16T08:39:29.893007,80.00,81.80,100.00,100.00
2026-05-16T08:39:29.997939,81.80,81.80,100.00,100.00
2026-05-16T08:39:30.103411,72.70,81.80,100.00,100.00
2026-05-16T08:39:30.210811,90.00,75.00,100.00,100.00
2026-05-16T08:39:30.316952,76.90,80.00,100.00,100.00
2026-05-16T08:39:30.422429,80.00,83.30,100.00,100.00
2026-05-16T08:39:30.529732,57.10,90.90,100.00,100.00
2026-05-16T08:39:30.636822,63.60,91.70,100.00,100.00
2026-05-16T08:39:30.741928,70.00,81.80,100.00,100.00
2026-05-16T08:39:30.846451,70.00,81.80,100.00,100.00
2026-05-16T08:39:30.954507,80.00,81.80,100.00,100.00
2026-05-16T08:39:31.059334,81.80,77.80,100.00,100.00
2026-05-16T08:39:31.165611,80.00,75.00,100.00,100.00
2026-05-16T08:39:31.271714,80.00,81.80,100.00,100.00
2026-05-16T08:39:31.375548,75.00,80.00,100.00,100.00
2026-05-16T08:39:31.480865,72.70,72.70,100.00,100.00
2026-05-16T08:39:31.584906,72.70,75.00,100.00,100.00
2026-05-16T08:39:31.692498,63.60,81.80,100.00,100.00
2026-05-16T08:39:31.798605,80.00,77.80,100.00,100.00
2026-05-16T08:39:31.904711,72.70,81.80,100.00,100.00
2026-05-16T08:39:32.008708,80.00,80.00,100.00,100.00
2026-05-16T08:39:32.115163,83.30,72.70,100.00,100.00
2026-05-16T08:39:32.220582,72.70,72.70,100.00,100.00
2026-05-16T08:39:32.325809,72.70,80.00,100.00,100.00
2026-05-16T08:39:32.431161,75.00,72.70,100.00,100.00
2026-05-16T08:39:32.536942,72.70,75.00,100.00,100.00
2026-05-16T08:39:32.641409,72.70,80.00,100.00,100.00
2026-05-16T08:39:32.746185,72.70,76.90,100.00,100.00
2026-05-16T08:39:32.852732,63.60,77.80,100.00,100.00
2026-05-16T08:39:32.957120,76.90,69.20,100.00,100.00
2026-05-16T08:39:33.062371,70.00,77.80,100.00,100.00
2026-05-16T08:39:33.167154,81.80,63.60,100.00,100.00
2026-05-16T08:39:33.272080,66.70,81.80,100.00,100.00
2026-05-16T08:39:33.376605,66.70,75.00,100.00,100.00
2026-05-16T08:39:33.482622,75.00,81.80,100.00,100.00
2026-05-16T08:39:33.586844,70.00,72.70,100.00,100.00
2026-05-16T08:39:33.691085,70.00,72.70,100.00,100.00
2026-05-16T08:39:33.796609,72.70,70.00,100.00,100.00
2026-05-16T08:39:33.901576,63.60,66.70,100.00,100.00
2026-05-16T08:39:34.005930,63.60,66.70,100.00,100.00
2026-05-16T08:39:34.109955,50.00,60.00,100.00,100.00
2026-05-16T08:39:34.214223,50.00,63.60,100.00,100.00
2026-05-16T08:39:34.318497,60.00,60.00,100.00,100.00
2026-05-16T08:39:34.422668,50.00,60.00,100.00,100.00
2026-05-16T08:39:34.526666,55.60,63.60,100.00,100.00
2026-05-16T08:39:34.631026,45.50,63.60,100.00,100.00
2026-05-16T08:39:34.735259,54.50,66.70,100.00,100.00
2026-05-16T08:39:34.841144,55.60,81.80,100.00,100.00
2026-05-16T08:39:34.946259,54.50,63.60,100.00,100.00
2026-05-16T08:39:35.050671,50.00,63.60,100.00,100.00
2026-05-16T08:39:35.154911,60.00,60.00,100.00,100.00
2026-05-16T08:39:35.259192,63.60,69.20,100.00,100.00
2026-05-16T08:39:35.364823,60.00,66.70,100.00,100.00
2026-05-16T08:39:35.470238,63.60,63.60,100.00,100.00
2026-05-16T08:39:35.575968,60.00,63.60,100.00,100.00
2026-05-16T08:39:35.681167,60.00,66.70,100.00,100.00
2026-05-16T08:39:35.785651,54.50,60.00,100.00,100.00
2026-05-16T08:39:35.890220,60.00,63.60,100.00,100.00
2026-05-16T08:39:35.996954,54.50,50.00,100.00,100.00
2026-05-16T08:39:36.101991,60.00,63.60,100.00,100.00
2026-05-16T08:39:36.206551,54.50,50.00,100.00,100.00
2026-05-16T08:39:36.311520,58.30,63.60,100.00,100.00
2026-05-16T08:39:36.416104,60.00,55.60,100.00,100.00
2026-05-16T08:39:36.521233,50.00,63.60,100.00,100.00
2026-05-16T08:39:36.626114,54.50,60.00,100.00,100.00
2026-05-16T08:39:36.730617,54.50,55.60,100.00,100.00
2026-05-16T08:39:36.835051,50.00,50.00,100.00,100.00
2026-05-16T08:39:36.941544,50.00,63.60,100.00,100.00
2026-05-16T08:39:37.046695,66.70,60.00,100.00,100.00
2026-05-16T08:39:37.152330,50.00,60.00,100.00,100.00
2026-05-16T08:39:37.257781,58.30,63.60,100.00,100.00
2026-05-16T08:39:37.362269,60.00,54.50,100.00,100.00
2026-05-16T08:39:37.466599,60.00,55.60,100.00,100.00
2026-05-16T08:39:37.571191,61.50,63.60,100.00,100.00
2026-05-16T08:39:37.676857,55.60,50.00,100.00,100.00
2026-05-16T08:39:37.780945,54.50,60.00,100.00,100.00
2026-05-16T08:39:37.886068,50.00,58.30,100.00,100.00
2026-05-16T08:39:37.991084,54.50,50.00,100.00,100.00
2026-05-16T08:39:38.095814,60.00,54.50,100.00,100.00
2026-05-16T08:39:38.201090,66.70,50.00,100.00,100.00
2026-05-16T08:39:38.306364,55.60,60.00,100.00,100.00
2026-05-16T08:39:38.411735,50.00,60.00,100.00,100.00
2026-05-16T08:39:38.516678,54.50,54.50,100.00,100.00
2026-05-16T08:39:38.622426,50.00,37.50,100.00,100.00
2026-05-16T08:39:38.727742,60.00,66.70,100.00,100.00
2026-05-16T08:39:38.834315,60.00,60.00,100.00,100.00
2026-05-16T08:39:38.939530,58.30,60.00,100.00,100.00
2026-05-16T08:39:39.044824,63.60,60.00,100.00,100.00
2026-05-16T08:39:39.149954,60.00,60.00,100.00,100.00
2026-05-16T08:39:39.255211,60.00,63.60,100.00,100.00
2026-05-16T08:39:39.360971,63.60,63.60,100.00,100.00
2026-05-16T08:39:39.466179,60.00,70.00,100.00,100.00
2026-05-16T08:39:39.571965,50.00,66.70,100.00,100.00
2026-05-16T08:39:39.677649,54.50,63.60,100.00,100.00
2026-05-16T08:39:39.783209,66.70,63.60,100.00,100.00
2026-05-16T08:39:39.888659,44.40,55.60,100.00,100.00
2026-05-16T08:39:39.995202,66.70,66.70,100.00,100.00
2026-05-16T08:39:40.099611,60.00,55.60,100.00,100.00
2026-05-16T08:39:40.203856,63.60,63.60,100.00,100.00
2026-05-16T08:39:40.308361,60.00,60.00,100.00,100.00
2026-05-16T08:39:40.414846,60.00,63.60,100.00,100.00
2026-05-16T08:39:40.519848,63.60,63.60,100.00,100.00
2026-05-16T08:39:40.624656,50.00,63.60,100.00,100.00
2026-05-16T08:39:40.728884,60.00,60.00,100.00,100.00
2026-05-16T08:39:40.833900,50.00,50.00,100.00,100.00
2026-05-16T08:39:40.938501,63.60,60.00,100.00,100.00
2026-05-16T08:39:41.044088,60.00,54.50,100.00,100.00
2026-05-16T08:39:41.149450,50.00,44.40,100.00,100.00
2026-05-16T08:39:41.253819,63.60,60.00,100.00,100.00
2026-05-16T08:39:41.359042,54.50,50.00,100.00,100.00
2026-05-16T08:39:41.464181,50.00,63.60,100.00,100.00
2026-05-16T08:39:41.581676,66.70,50.00,100.00,100.00
2026-05-16T08:39:41.686193,54.50,63.60,100.00,100.00
2026-05-16T08:39:41.792334,77.80,70.00,100.00,100.00
2026-05-16T08:39:41.898456,91.70,81.80,100.00,100.00
2026-05-16T08:39:42.004730,91.70,81.80,100.00,100.00
2026-05-16T08:39:42.110128,90.90,81.80,100.00,100.00
2026-05-16T08:39:42.214455,87.50,90.90,100.00,100.00
2026-05-16T08:39:42.320198,81.80,90.00,100.00,100.00
2026-05-16T08:39:42.425806,90.00,90.00,100.00,100.00
2026-05-16T08:39:42.531965,80.00,90.90,100.00,100.00
2026-05-16T08:39:42.636144,83.30,90.90,100.00,100.00
2026-05-16T08:39:42.741173,80.00,90.00,100.00,100.00
2026-05-16T08:39:42.848201,90.90,81.80,100.00,100.00
2026-05-16T08:39:42.953211,90.00,90.90,100.00,100.00
2026-05-16T08:39:43.057955,83.30,90.00,100.00,100.00
2026-05-16T08:39:43.282669,90.90,95.70,100.00,100.00
2026-05-16T08:39:43.387350,80.00,80.00,90.00,12.50
2026-05-16T08:39:43.491647,77.80,72.70,81.80,22.20
2026-05-16T08:39:43.596584,76.90,72.70,83.30,30.00
2026-05-16T08:39:43.701176,70.00,70.00,81.80,20.00
2026-05-16T08:39:43.806267,70.00,72.70,83.30,22.20
2026-05-16T08:39:43.912105,72.70,80.00,81.80,22.20
2026-05-16T08:39:44.017574,70.00,66.70,81.80,22.20
2026-05-16T08:39:44.122392,72.70,72.70,75.00,22.20
2026-05-16T08:39:44.227070,70.00,72.70,81.80,30.00
2026-05-16T08:39:44.332094,72.70,80.00,83.30,30.00
2026-05-16T08:39:44.436458,70.00,63.60,80.00,11.10
2026-05-16T08:39:44.541431,72.70,72.70,83.30,30.00
2026-05-16T08:39:44.646624,72.70,70.00,83.30,22.20
2026-05-16T08:39:44.750954,70.00,75.00,81.80,20.00
2026-05-16T08:39:44.855795,75.00,66.70,81.80,25.00
2026-05-16T08:39:44.962000,72.70,75.00,76.90,27.30
2026-05-16T08:39:45.067450,75.00,70.00,90.00,30.00
2026-05-16T08:39:45.172665,70.00,75.00,81.80,12.50
2026-05-16T08:39:45.277718,70.00,75.00,75.00,30.00
2026-05-16T08:39:45.381961,75.00,72.70,83.30,22.20
2026-05-16T08:39:45.486402,70.00,70.00,80.00,22.20
2026-05-16T08:39:45.592444,72.70,75.00,84.60,11.10
2026-05-16T08:39:45.698003,70.00,72.70,75.00,36.40
2026-05-16T08:39:45.801030,36.40,30.00,33.30,11.10
2026-05-16T08:39:45.904085,0.00,0.00,0.00,10.00
2026-05-16T08:39:46.007411,0.00,0.00,10.00,20.00
2026-05-16T08:39:46.110550,9.10,0.00,0.00,10.00
2026-05-16T08:39:46.213648,0.00,10.00,0.00,10.00
2026-05-16T08:39:46.317046,10.00,0.00,0.00,10.00
2026-05-16T08:39:46.420405,0.00,0.00,0.00,18.20
2026-05-16T08:39:46.523494,0.00,0.00,0.00,11.10
2026-05-16T08:39:46.626996,0.00,0.00,0.00,10.00
2026-05-16T08:39:46.730281,0.00,0.00,0.00,10.00
2026-05-16T08:39:46.833415,0.00,0.00,0.00,18.20
2026-05-16T08:39:46.936735,0.00,0.00,0.00,10.00
2026-05-16T08:39:47.039725,0.00,0.00,0.00,20.00
2026-05-16T08:39:47.142570,10.00,10.00,0.00,10.00
2026-05-16T08:39:47.245586,0.00,9.10,0.00,18.20
2026-05-16T08:39:47.348575,9.10,0.00,10.00,10.00
2026-05-16T08:39:47.451670,0.00,0.00,0.00,11.10
2026-05-16T08:39:47.555114,0.00,0.00,10.00,10.00
2026-05-16T08:39:47.658960,10.00,0.00,0.00,18.20
2026-05-16T08:39:47.812921,7.70,14.30,23.10,20.00
2026-05-16T08:39:47.915961,10.00,10.00,100.00,18.20
2026-05-16T08:39:48.019674,10.00,0.00,100.00,11.10
2026-05-16T08:39:48.122995,10.00,0.00,100.00,18.20
2026-05-16T08:39:48.226426,10.00,0.00,100.00,18.20
2026-05-16T08:39:48.329670,18.20,0.00,100.00,10.00
2026-05-16T08:39:48.432940,18.20,18.20,100.00,10.00
2026-05-16T08:39:48.536651,18.20,0.00,100.00,10.00
2026-05-16T08:39:48.640101,18.20,0.00,100.00,10.00
2026-05-16T08:39:48.743880,10.00,0.00,100.00,10.00
2026-05-16T08:39:48.847006,10.00,0.00,100.00,10.00
2026-05-16T08:39:48.950706,18.20,10.00,100.00,18.20
2026-05-16T08:39:49.053830,10.00,0.00,100.00,10.00
2026-05-16T08:39:49.157124,10.00,0.00,100.00,11.10
2026-05-16T08:39:49.260508,10.00,10.00,100.00,10.00
2026-05-16T08:39:49.363856,18.20,10.00,100.00,18.20
2026-05-16T08:39:49.467200,18.20,0.00,100.00,11.10
2026-05-16T08:39:49.570571,10.00,0.00,100.00,10.00
2026-05-16T08:39:49.674242,10.00,10.00,100.00,10.00
2026-05-16T08:39:49.777750,10.00,0.00,100.00,10.00
2026-05-16T08:39:49.881421,11.10,12.50,100.00,18.20
2026-05-16T08:39:49.985401,11.10,0.00,100.00,11.10
2026-05-16T08:39:50.089025,20.00,11.10,100.00,10.00
2026-05-16T08:39:50.192392,11.10,11.10,100.00,18.20
2026-05-16T08:39:50.296455,11.10,11.10,100.00,20.00
2026-05-16T08:39:50.400163,0.00,11.10,100.00,10.00
2026-05-16T08:39:50.503956,20.00,11.10,100.00,10.00
2026-05-16T08:39:50.607876,11.10,11.10,100.00,11.10
2026-05-16T08:39:50.711915,11.10,11.10,100.00,10.00
2026-05-16T08:39:50.815450,11.10,0.00,100.00,18.20
2026-05-16T08:39:50.918899,11.10,22.20,100.00,10.00
2026-05-16T08:39:51.022712,20.00,0.00,100.00,11.10
2026-05-16T08:39:51.126751,11.10,0.00,100.00,10.00
2026-05-16T08:39:51.230180,20.00,11.10,100.00,20.00
2026-05-16T08:39:51.333526,20.00,12.50,100.00,10.00
2026-05-16T08:39:51.436943,0.00,11.10,100.00,11.10
2026-05-16T08:39:51.540350,11.10,20.00,100.00,18.20
2026-05-16T08:39:51.643615,11.10,11.10,100.00,10.00
2026-05-16T08:39:51.746909,0.00,0.00,100.00,11.10
2026-05-16T08:39:51.850275,20.00,12.50,100.00,18.20
2026-05-16T08:39:51.953729,11.10,0.00,100.00,11.10
2026-05-16T08:39:52.057449,0.00,20.00,100.00,10.00
2026-05-16T08:39:52.161094,10.00,11.10,100.00,20.00
2026-05-16T08:39:52.265256,20.00,0.00,100.00,10.00
2026-05-16T08:39:52.369012,0.00,20.00,100.00,18.20
2026-05-16T08:39:52.472756,11.10,11.10,100.00,20.00
2026-05-16T08:39:52.576236,11.10,0.00,100.00,10.00
2026-05-16T08:39:52.679726,27.30,0.00,100.00,20.00
2026-05-16T08:39:52.783234,10.00,27.30,100.00,10.00
2026-05-16T08:39:52.886541,0.00,11.10,100.00,18.20
2026-05-16T08:39:52.989827,11.10,0.00,100.00,20.00
2026-05-16T08:39:53.093343,11.10,11.10,100.00,10.00
2026-05-16T08:39:53.197544,11.10,11.10,100.00,10.00
2026-05-16T08:39:53.324659,9.10,10.00,100.00,27.30
2026-05-16T08:39:53.428538,20.00,12.50,100.00,100.00
2026-05-16T08:39:53.532129,0.00,0.00,100.00,100.00
2026-05-16T08:39:53.635675,20.00,11.10,100.00,100.00
2026-05-16T08:39:53.739507,11.10,11.10,100.00,100.00
2026-05-16T08:39:53.842747,10.00,0.00,100.00,100.00
2026-05-16T08:39:53.946017,10.00,10.00,100.00,100.00
2026-05-16T08:39:54.049455,11.10,0.00,100.00,100.00
2026-05-16T08:39:54.153832,10.00,11.10,100.00,100.00
2026-05-16T08:39:54.257262,18.20,0.00,100.00,100.00
2026-05-16T08:39:54.360825,18.20,0.00,100.00,100.00
2026-05-16T08:39:54.464253,18.20,0.00,100.00,100.00
2026-05-16T08:39:54.567815,11.10,10.00,100.00,100.00
2026-05-16T08:39:54.671188,18.20,0.00,100.00,100.00
2026-05-16T08:39:54.774819,18.20,0.00,100.00,100.00
2026-05-16T08:39:54.878933,30.00,11.10,100.00,100.00
2026-05-16T08:39:54.982550,10.00,0.00,100.00,100.00
2026-05-16T08:39:55.086474,10.00,10.00,100.00,100.00
2026-05-16T08:39:55.189883,20.00,11.10,100.00,100.00
2026-05-16T08:39:55.293501,18.20,0.00,100.00,100.00
2026-05-16T08:39:55.397786,0.00,0.00,100.00,100.00
2026-05-16T08:39:55.501277,18.20,0.00,100.00,100.00
2026-05-16T08:39:55.605748,10.00,18.20,100.00,100.00
2026-05-16T08:39:55.709213,11.10,11.10,100.00,100.00
2026-05-16T08:39:55.812697,10.00,0.00,100.00,100.00
2026-05-16T08:39:55.915834,0.00,0.00,100.00,100.00
2026-05-16T08:39:56.019569,30.80,0.00,100.00,100.00
2026-05-16T08:39:56.122972,0.00,0.00,100.00,100.00
2026-05-16T08:39:56.226530,10.00,11.10,100.00,100.00
2026-05-16T08:39:56.329862,18.20,0.00,100.00,100.00
2026-05-16T08:39:56.433369,10.00,0.00,100.00,100.00
2026-05-16T08:39:56.536808,0.00,10.00,100.00,100.00
2026-05-16T08:39:56.640016,18.20,0.00,100.00,100.00
2026-05-16T08:39:56.743634,11.10,0.00,100.00,100.00
2026-05-16T08:39:56.847169,10.00,0.00,100.00,100.00
2026-05-16T08:39:56.950577,0.00,10.00,100.00,100.00
2026-05-16T08:39:57.053925,18.20,0.00,100.00,100.00
2026-05-16T08:39:57.157308,11.10,0.00,100.00,100.00
2026-05-16T08:39:57.260610,10.00,0.00,100.00,100.00
2026-05-16T08:39:57.363929,18.20,0.00,100.00,100.00
2026-05-16T08:39:57.467143,10.00,0.00,100.00,100.00
2026-05-16T08:39:57.570609,10.00,10.00,100.00,100.00
2026-05-16T08:39:57.673883,18.20,11.10,100.00,100.00
2026-05-16T08:39:57.777974,30.00,20.00,100.00,100.00
2026-05-16T08:39:57.882683,45.50,54.50,100.00,100.00
2026-05-16T08:39:57.987041,50.00,44.40,100.00,100.00
2026-05-16T08:39:58.091599,44.40,50.00,100.00,100.00
2026-05-16T08:39:58.195595,50.00,60.00,100.00,100.00
2026-05-16T08:39:58.299420,50.00,54.50,100.00,100.00
2026-05-16T08:39:58.404703,44.40,55.60,100.00,100.00
2026-05-16T08:39:58.509558,50.00,63.60,100.00,100.00
2026-05-16T08:39:58.614511,50.00,60.00,100.00,100.00
2026-05-16T08:39:58.718892,55.60,55.60,100.00,100.00
2026-05-16T08:39:58.824151,54.50,60.00,100.00,100.00
2026-05-16T08:39:58.929124,50.00,50.00,100.00,100.00
2026-05-16T08:39:59.034859,60.00,58.30,100.00,100.00
2026-05-16T08:39:59.139595,50.00,66.70,100.00,100.00
2026-05-16T08:39:59.245987,63.60,54.50,100.00,100.00
2026-05-16T08:39:59.351020,54.50,55.60,100.00,100.00
2026-05-16T08:39:59.455938,50.00,60.00,100.00,100.00
2026-05-16T08:39:59.560453,50.00,60.00,100.00,100.00
2026-05-16T08:39:59.665484,60.00,60.00,100.00,100.00
2026-05-16T08:39:59.770699,44.40,63.60,100.00,100.00
2026-05-16T08:39:59.876444,58.30,50.00,100.00,100.00
2026-05-16T08:39:59.981146,50.00,60.00,100.00,100.00
2026-05-16T08:40:00.086892,55.60,60.00,100.00,100.00
2026-05-16T08:40:00.191631,55.60,54.50,100.00,100.00
2026-05-16T08:40:00.296198,50.00,60.00,100.00,100.00
2026-05-16T08:40:00.402651,55.60,50.00,100.00,100.00
2026-05-16T08:40:00.507230,54.50,54.50,100.00,100.00
2026-05-16T08:40:00.611877,50.00,60.00,100.00,100.00
2026-05-16T08:40:00.715955,50.00,54.50,100.00,100.00
2026-05-16T08:40:00.820108,50.00,60.00,100.00,100.00
2026-05-16T08:40:00.924460,44.40,50.00,100.00,100.00
2026-05-16T08:40:01.028621,45.50,50.00,100.00,100.00
2026-05-16T08:40:01.134155,63.60,63.60,100.00,100.00
2026-05-16T08:40:01.238957,50.00,50.00,100.00,100.00
2026-05-16T08:40:01.343051,44.40,44.40,100.00,100.00
2026-05-16T08:40:01.447680,50.00,54.50,100.00,100.00
2026-05-16T08:40:01.552698,45.50,44.40,100.00,100.00
2026-05-16T08:40:01.657390,50.00,63.60,100.00,100.00
2026-05-16T08:40:01.761176,40.00,44.40,100.00,100.00
2026-05-16T08:40:01.865243,20.00,11.10,100.00,100.00
2026-05-16T08:40:01.968942,11.10,0.00,100.00,100.00
2026-05-16T08:40:02.073000,22.20,20.00,100.00,100.00
2026-05-16T08:40:02.177464,0.00,0.00,100.00,100.00
2026-05-16T08:40:02.281390,11.10,27.30,100.00,100.00
2026-05-16T08:40:02.385597,20.00,0.00,100.00,100.00
2026-05-16T08:40:02.489950,11.10,11.10,100.00,100.00
2026-05-16T08:40:02.593554,20.00,0.00,100.00,100.00
2026-05-16T08:40:02.697331,11.10,20.00,100.00,100.00
2026-05-16T08:40:02.801476,20.00,12.50,100.00,100.00
2026-05-16T08:40:02.905300,20.00,11.10,100.00,100.00
2026-05-16T08:40:03.009491,20.00,0.00,100.00,100.00
2026-05-16T08:40:03.113920,22.20,11.10,100.00,100.00
2026-05-16T08:40:03.218064,11.10,22.20,100.00,100.00
2026-05-16T08:40:03.322399,20.00,0.00,100.00,100.00
2026-05-16T08:40:03.426626,11.10,12.50,100.00,100.00
2026-05-16T08:40:03.530978,11.10,22.20,100.00,100.00
2026-05-16T08:40:03.635161,0.00,20.00,100.00,100.00
2026-05-16T08:40:03.739059,27.30,0.00,100.00,100.00
2026-05-16T08:40:03.843493,11.10,12.50,100.00,100.00
2026-05-16T08:40:03.946943,20.00,0.00,100.00,100.00
2026-05-16T08:40:04.050967,0.00,11.10,100.00,100.00
2026-05-16T08:40:04.155356,20.00,22.20,100.00,100.00
2026-05-16T08:40:04.259089,11.10,0.00,100.00,100.00
2026-05-16T08:40:04.363337,0.00,20.00,100.00,100.00
2026-05-16T08:40:04.467902,22.20,12.50,100.00,100.00
2026-05-16T08:40:04.571967,11.10,0.00,100.00,100.00
2026-05-16T08:40:04.676072,0.00,30.00,100.00,100.00
2026-05-16T08:40:04.780066,10.00,11.10,100.00,100.00
2026-05-16T08:40:04.883964,30.00,0.00,100.00,100.00
2026-05-16T08:40:04.987826,11.10,22.20,100.00,100.00
2026-05-16T08:40:05.091492,11.10,0.00,100.00,100.00
2026-05-16T08:40:05.195496,11.10,22.20,100.00,100.00
2026-05-16T08:40:05.299588,22.20,11.10,100.00,100.00
2026-05-16T08:40:05.403632,11.10,0.00,100.00,100.00
2026-05-16T08:40:05.507482,0.00,11.10,100.00,100.00
2026-05-16T08:40:05.611861,20.00,12.50,100.00,100.00
2026-05-16T08:40:05.716917,11.10,12.50,100.00,100.00
2026-05-16T08:40:05.823317,72.70,60.00,100.00,100.00
2026-05-16T08:40:05.928571,90.00,81.80,100.00,100.00
2026-05-16T08:40:06.034118,72.70,83.30,100.00,100.00
2026-05-16T08:40:06.141646,90.90,80.00,100.00,100.00
2026-05-16T08:40:06.248626,90.90,80.00,100.00,100.00
2026-05-16T08:40:06.354649,83.30,72.70,100.00,100.00
2026-05-16T08:40:06.461271,72.70,75.00,100.00,100.00
2026-05-16T08:40:06.565635,72.70,72.70,100.00,100.00
2026-05-16T08:40:06.672071,81.80,80.00,100.00,100.00
2026-05-16T08:40:06.778323,83.30,72.70,100.00,100.00
2026-05-16T08:40:06.882961,77.80,72.70,100.00,100.00
2026-05-16T08:40:06.989012,76.90,80.00,100.00,100.00
2026-05-16T08:40:07.094716,81.80,70.00,100.00,100.00
2026-05-16T08:40:07.200695,81.80,75.00,100.00,100.00
2026-05-16T08:40:07.305465,81.80,80.00,100.00,100.00
2026-05-16T08:40:07.410733,75.00,80.00,100.00,100.00
2026-05-16T08:40:07.514952,66.70,81.80,100.00,100.00
2026-05-16T08:40:07.621224,70.00,75.00,100.00,100.00
2026-05-16T08:40:07.725090,81.80,80.00,100.00,100.00
2026-05-16T08:40:07.832507,75.00,72.70,100.00,100.00
2026-05-16T08:40:07.937239,83.30,90.90,100.00,100.00
2026-05-16T08:40:08.043078,81.80,72.70,100.00,100.00
2026-05-16T08:40:08.149583,80.00,77.80,100.00,100.00
2026-05-16T08:40:08.255129,75.00,75.00,100.00,100.00
2026-05-16T08:40:08.359333,75.00,80.00,100.00,100.00
2026-05-16T08:40:08.465853,70.00,83.30,100.00,100.00
2026-05-16T08:40:08.569877,70.00,81.80,100.00,100.00
2026-05-16T08:40:08.679382,75.00,80.00,100.00,100.00
2026-05-16T08:40:08.784676,77.80,90.00,100.00,100.00
2026-05-16T08:40:08.891571,83.30,91.70,100.00,100.00
2026-05-16T08:40:08.998711,81.80,81.80,100.00,100.00
2026-05-16T08:40:09.102957,72.70,81.80,100.00,100.00
2026-05-16T08:40:09.210092,72.70,81.80,100.00,100.00
2026-05-16T08:40:09.315889,66.70,81.80,100.00,100.00
2026-05-16T08:40:09.420435,72.70,72.70,100.00,100.00
2026-05-16T08:40:09.526100,70.00,83.30,100.00,100.00
2026-05-16T08:40:09.631670,80.00,80.00,100.00,100.00
2026-05-16T08:40:09.736898,75.00,81.80,100.00,100.00
2026-05-16T08:40:09.840839,12.50,0.00,100.00,100.00
2026-05-16T08:40:09.944518,20.00,0.00,100.00,100.00
2026-05-16T08:40:10.047924,20.00,11.10,100.00,100.00
2026-05-16T08:40:10.151902,12.50,22.20,100.00,100.00
2026-05-16T08:40:10.255928,11.10,0.00,100.00,100.00
2026-05-16T08:40:10.360061,20.00,11.10,100.00,100.00
2026-05-16T08:40:10.463587,25.00,33.30,100.00,100.00
2026-05-16T08:40:10.567508,20.00,0.00,100.00,100.00
2026-05-16T08:40:10.671701,20.00,0.00,100.00,100.00
2026-05-16T08:40:10.775614,0.00,12.50,100.00,100.00
2026-05-16T08:40:10.879864,11.10,22.20,100.00,100.00
2026-05-16T08:40:10.984798,22.20,0.00,100.00,100.00
2026-05-16T08:40:11.089056,22.20,22.20,100.00,100.00
2026-05-16T08:40:11.193245,11.10,11.10,100.00,100.00
2026-05-16T08:40:11.297428,22.20,22.20,100.00,100.00
2026-05-16T08:40:11.401187,0.00,0.00,100.00,100.00
2026-05-16T08:40:11.505538,20.00,12.50,100.00,100.00
2026-05-16T08:40:11.609179,20.00,11.10,100.00,100.00
2026-05-16T08:40:11.712939,0.00,12.50,100.00,100.00
2026-05-16T08:40:11.816860,11.10,0.00,100.00,100.00
2026-05-16T08:40:11.920858,11.10,22.20,100.00,100.00
2026-05-16T08:40:12.025813,30.00,12.50,100.00,100.00
2026-05-16T08:40:12.129937,0.00,22.20,100.00,100.00
2026-05-16T08:40:12.233841,11.10,11.10,100.00,100.00
2026-05-16T08:40:12.338206,20.00,12.50,100.00,100.00
2026-05-16T08:40:12.443456,22.20,12.50,100.00,100.00
2026-05-16T08:40:12.547501,11.10,20.00,100.00,100.00
2026-05-16T08:40:12.651337,22.20,0.00,100.00,100.00
2026-05-16T08:40:12.755598,11.10,22.20,100.00,100.00
2026-05-16T08:40:12.860243,27.30,0.00,100.00,100.00
2026-05-16T08:40:12.964051,11.10,20.00,100.00,100.00
2026-05-16T08:40:13.068060,12.50,0.00,100.00,100.00
2026-05-16T08:40:13.172142,11.10,12.50,100.00,100.00
2026-05-16T08:40:13.276068,27.30,22.20,100.00,100.00
2026-05-16T08:40:13.379929,11.10,20.00,100.00,100.00
2026-05-16T08:40:13.484022,22.20,0.00,100.00,100.00
2026-05-16T08:40:13.587891,20.00,11.10,100.00,100.00
2026-05-16T08:40:13.691423,11.10,0.00,100.00,100.00
2026-05-16T08:40:13.798246,44.40,54.50,100.00,100.00
2026-05-16T08:40:13.903655,63.60,83.30,100.00,100.00
2026-05-16T08:40:14.009346,60.00,83.30,100.00,100.00
2026-05-16T08:40:14.114577,70.00,81.80,100.00,100.00
2026-05-16T08:40:14.219315,55.60,90.00,100.00,100.00
2026-05-16T08:40:14.324711,55.60,84.60,100.00,100.00
2026-05-16T08:40:14.429251,63.60,90.00,100.00,100.00
2026-05-16T08:40:14.533482,60.00,81.80,100.00,100.00
2026-05-16T08:40:14.638029,60.00,84.60,100.00,100.00
2026-05-16T08:40:14.744557,70.00,83.30,100.00,100.00
2026-05-16T08:40:14.850461,63.60,81.80,100.00,100.00
2026-05-16T08:40:14.956860,80.00,81.80,100.00,100.00
2026-05-16T08:40:15.061082,70.00,80.00,100.00,100.00
2026-05-16T08:40:15.165847,66.70,75.00,100.00,100.00
2026-05-16T08:40:15.270076,80.00,80.00,100.00,100.00
2026-05-16T08:40:15.375891,63.60,83.30,100.00,100.00
2026-05-16T08:40:15.482212,72.70,75.00,100.00,100.00
2026-05-16T08:40:15.588094,72.70,80.00,100.00,100.00
2026-05-16T08:40:15.692814,80.00,72.70,100.00,100.00
2026-05-16T08:40:15.799424,75.00,81.80,100.00,100.00
2026-05-16T08:40:15.903957,72.70,81.80,100.00,100.00
2026-05-16T08:40:16.009099,80.00,83.30,100.00,100.00
2026-05-16T08:40:16.115353,72.70,80.00,100.00,100.00
2026-05-16T08:40:16.220119,80.00,83.30,100.00,100.00
2026-05-16T08:40:16.326554,81.80,72.70,100.00,100.00
2026-05-16T08:40:16.431233,72.70,77.80,100.00,100.00
2026-05-16T08:40:16.537427,69.20,76.90,100.00,100.00
2026-05-16T08:40:16.641575,77.80,80.00,100.00,100.00
2026-05-16T08:40:16.745670,72.70,72.70,100.00,100.00
2026-05-16T08:40:16.850202,66.70,81.80,100.00,100.00
2026-05-16T08:40:16.954544,66.70,81.80,100.00,100.00
2026-05-16T08:40:17.059047,75.00,72.70,100.00,100.00
2026-05-16T08:40:17.163291,70.00,81.80,100.00,100.00
2026-05-16T08:40:17.268312,63.60,83.30,100.00,100.00
2026-05-16T08:40:17.374092,72.70,81.80,100.00,100.00
2026-05-16T08:40:17.478782,80.00,80.00,100.00,100.00
2026-05-16T08:40:17.585576,81.80,81.80,100.00,100.00
2026-05-16T08:40:17.692821,81.80,81.80,100.00,100.00
2026-05-16T08:40:17.798189,63.60,75.00,100.00,100.00
2026-05-16T08:40:17.902853,50.00,50.00,100.00,100.00
2026-05-16T08:40:18.007148,44.40,50.00,100.00,100.00
2026-05-16T08:40:18.112308,50.00,44.40,100.00,100.00
2026-05-16T08:40:18.216430,50.00,50.00,100.00,100.00
2026-05-16T08:40:18.321250,50.00,54.50,100.00,100.00
2026-05-16T08:40:18.425373,50.00,60.00,100.00,100.00
2026-05-16T08:40:18.529831,54.50,37.50,100.00,100.00
2026-05-16T08:40:18.634165,37.50,50.00,100.00,100.00
2026-05-16T08:40:18.738691,45.50,54.50,100.00,100.00
2026-05-16T08:40:18.843483,44.40,44.40,100.00,100.00
2026-05-16T08:40:18.948239,50.00,50.00,100.00,100.00
2026-05-16T08:40:19.052976,44.40,54.50,100.00,100.00
2026-05-16T08:40:19.157667,45.50,37.50,100.00,100.00
2026-05-16T08:40:19.263574,37.50,40.00,100.00,100.00
2026-05-16T08:40:19.367924,50.00,60.00,100.00,100.00
2026-05-16T08:40:19.472205,33.30,44.40,100.00,100.00
2026-05-16T08:40:19.576688,44.40,44.40,100.00,100.00
2026-05-16T08:40:19.680928,54.50,40.00,100.00,100.00
2026-05-16T08:40:19.785599,44.40,55.60,100.00,100.00
2026-05-16T08:40:19.890954,45.50,54.50,100.00,100.00
2026-05-16T08:40:19.996089,44.40,50.00,100.00,100.00
2026-05-16T08:40:20.100708,50.00,50.00,100.00,100.00
2026-05-16T08:40:20.205091,54.50,50.00,100.00,100.00
2026-05-16T08:40:20.309437,50.00,50.00,100.00,100.00
2026-05-16T08:40:20.413441,40.00,44.40,100.00,100.00
2026-05-16T08:40:20.517446,44.40,50.00,100.00,100.00
2026-05-16T08:40:20.621889,40.00,44.40,100.00,100.00
2026-05-16T08:40:20.726032,50.00,45.50,100.00,100.00
2026-05-16T08:40:20.829900,40.00,50.00,100.00,100.00
2026-05-16T08:40:20.933552,44.40,50.00,100.00,100.00
2026-05-16T08:40:21.038409,40.00,44.40,100.00,100.00
2026-05-16T08:40:21.142714,44.40,40.00,100.00,100.00
2026-05-16T08:40:21.247127,44.40,50.00,100.00,100.00
2026-05-16T08:40:21.351537,45.50,50.00,100.00,100.00
2026-05-16T08:40:21.455534,33.30,37.50,100.00,100.00
2026-05-16T08:40:21.559641,44.40,45.50,100.00,100.00
2026-05-16T08:40:21.664568,40.00,44.40,100.00,100.00
2026-05-16T08:40:21.769392,40.00,44.40,100.00,100.00
2026-05-16T08:40:21.872980,20.00,12.50,100.00,100.00
2026-05-16T08:40:21.976201,22.20,11.10,100.00,100.00
2026-05-16T08:40:22.079972,11.10,11.10,100.00,100.00
2026-05-16T08:40:22.183977,20.00,0.00,100.00,100.00
2026-05-16T08:40:22.288650,0.00,0.00,100.00,100.00
2026-05-16T08:40:22.392193,27.30,20.00,100.00,100.00
2026-05-16T08:40:22.495885,0.00,11.10,100.00,100.00
2026-05-16T08:40:22.599672,20.00,0.00,100.00,100.00
2026-05-16T08:40:22.703084,0.00,20.00,100.00,100.00
2026-05-16T08:40:22.807512,33.30,0.00,100.00,100.00
2026-05-16T08:40:22.910819,11.10,11.10,100.00,100.00
2026-05-16T08:40:23.014255,11.10,0.00,100.00,100.00
2026-05-16T08:40:23.118075,11.10,11.10,100.00,100.00
2026-05-16T08:40:23.221714,11.10,0.00,100.00,100.00
2026-05-16T08:40:23.331427,27.30,30.00,100.00,100.00
2026-05-16T08:40:23.435547,11.10,0.00,100.00,100.00
2026-05-16T08:40:23.539378,22.20,22.20,100.00,100.00
2026-05-16T08:40:23.644036,20.00,0.00,100.00,100.00
2026-05-16T08:40:23.747845,11.10,12.50,100.00,100.00
2026-05-16T08:40:23.851732,20.00,0.00,100.00,100.00
2026-05-16T08:40:23.955748,22.20,22.20,100.00,100.00
2026-05-16T08:40:24.059574,0.00,0.00,100.00,100.00
2026-05-16T08:40:24.163925,20.00,0.00,100.00,100.00
2026-05-16T08:40:24.269088,0.00,0.00,100.00,100.00
2026-05-16T08:40:24.372979,27.30,27.30,100.00,100.00
2026-05-16T08:40:24.476726,12.50,0.00,100.00,100.00
2026-05-16T08:40:24.580280,20.00,0.00,100.00,100.00
2026-05-16T08:40:24.684969,11.10,12.50,100.00,100.00
2026-05-16T08:40:24.788953,12.50,11.10,100.00,100.00
2026-05-16T08:40:24.893878,20.00,33.30,100.00,100.00
2026-05-16T08:40:24.998232,22.20,11.10,100.00,100.00
2026-05-16T08:40:25.103079,0.00,12.50,100.00,100.00
2026-05-16T08:40:25.207389,11.10,11.10,100.00,100.00
2026-05-16T08:40:25.311205,12.50,12.50,100.00,100.00
2026-05-16T08:40:25.414768,11.10,11.10,100.00,100.00
2026-05-16T08:40:25.518908,27.30,0.00,100.00,100.00
2026-05-16T08:40:25.622897,0.00,11.10,100.00,100.00
2026-05-16T08:40:25.726706,11.10,12.50,100.00,100.00
2026-05-16T08:40:25.830925,81.80,75.00,100.00,100.00
2026-05-16T08:40:25.936123,90.00,88.90,100.00,100.00
2026-05-16T08:40:26.042907,81.80,91.70,100.00,100.00
2026-05-16T08:40:26.149920,90.00,81.80,100.00,100.00
2026-05-16T08:40:26.257527,90.90,81.80,100.00,100.00
2026-05-16T08:40:26.361619,91.70,77.80,100.00,100.00
2026-05-16T08:40:26.465549,83.30,90.90,100.00,100.00
2026-05-16T08:40:26.569384,88.90,90.90,100.00,100.00
2026-05-16T08:40:26.676840,81.80,81.80,100.00,100.00
2026-05-16T08:40:26.781589,77.80,100.00,100.00,100.00
2026-05-16T08:40:26.889607,83.30,90.90,100.00,100.00
2026-05-16T08:40:26.995415,81.80,81.80,100.00,100.00
2026-05-16T08:40:27.099713,90.00,90.00,100.00,100.00
2026-05-16T08:40:27.206164,80.00,100.00,100.00,100.00
2026-05-16T08:40:27.313815,81.80,90.90,100.00,100.00
2026-05-16T08:40:27.417921,90.90,81.80,100.00,100.00
2026-05-16T08:40:27.525037,80.00,90.00,100.00,100.00
2026-05-16T08:40:27.631622,84.60,72.70,100.00,100.00
2026-05-16T08:40:27.735866,80.00,80.00,100.00,100.00
2026-05-16T08:40:27.843982,81.80,90.90,100.00,100.00
2026-05-16T08:40:27.950245,81.80,83.30,100.00,100.00
2026-05-16T08:40:28.055771,83.30,81.80,100.00,100.00
2026-05-16T08:40:28.161902,90.00,80.00,100.00,100.00
2026-05-16T08:40:28.269003,75.00,90.00,100.00,100.00
2026-05-16T08:40:28.375089,66.70,100.00,100.00,100.00
2026-05-16T08:40:28.482382,90.00,81.80,100.00,100.00
2026-05-16T08:40:28.586860,81.80,90.00,100.00,100.00
2026-05-16T08:40:28.695576,80.00,100.00,100.00,100.00
2026-05-16T08:40:28.801423,81.80,90.90,100.00,100.00
2026-05-16T08:40:28.907083,80.00,90.90,100.00,100.00
2026-05-16T08:40:29.011370,80.00,90.90,100.00,100.00
2026-05-16T08:40:29.115844,77.80,90.90,100.00,100.00
2026-05-16T08:40:29.221847,81.80,90.00,100.00,100.00
2026-05-16T08:40:29.326481,81.80,90.90,100.00,100.00
2026-05-16T08:40:29.432585,80.00,100.00,100.00,100.00
2026-05-16T08:40:29.538203,77.80,83.30,100.00,100.00
2026-05-16T08:40:29.642746,72.70,90.00,100.00,100.00
2026-05-16T08:40:29.746946,80.00,90.90,100.00,100.00
2026-05-16T08:40:29.851307,63.60,72.70,100.00,100.00
2026-05-16T08:40:29.956648,63.60,63.60,100.00,100.00
2026-05-16T08:40:30.061259,63.60,70.00,100.00,100.00
2026-05-16T08:40:30.167053,63.60,75.00,100.00,100.00
2026-05-16T08:40:30.271935,60.00,72.70,100.00,100.00
2026-05-16T08:40:30.376841,55.60,70.00,100.00,100.00
2026-05-16T08:40:30.482923,66.70,66.70,100.00,100.00
2026-05-16T08:40:30.589655,63.60,66.70,100.00,100.00
2026-05-16T08:40:30.695857,63.60,63.60,100.00,100.00
2026-05-16T08:40:30.801240,60.00,63.60,100.00,100.00
2026-05-16T08:40:30.906455,66.70,55.60,100.00,100.00
2026-05-16T08:40:31.011840,50.00,60.00,100.00,100.00
2026-05-16T08:40:31.118206,63.60,63.60,100.00,100.00
2026-05-16T08:40:31.222559,63.60,60.00,100.00,100.00
2026-05-16T08:40:31.329306,63.60,66.70,100.00,100.00
2026-05-16T08:40:31.433617,66.70,60.00,100.00,100.00
2026-05-16T08:40:31.539034,55.60,72.70,100.00,100.00
2026-05-16T08:40:31.643466,72.70,63.60,100.00,100.00
2026-05-16T08:40:31.749352,63.60,70.00,100.00,100.00
2026-05-16T08:40:31.855381,54.50,66.70,100.00,100.00
2026-05-16T08:40:31.961141,70.00,66.70,100.00,100.00
2026-05-16T08:40:32.068393,66.70,66.70,100.00,100.00
2026-05-16T08:40:32.172742,63.60,66.70,100.00,100.00
2026-05-16T08:40:32.278046,63.60,72.70,100.00,100.00
2026-05-16T08:40:32.383801,63.60,55.60,100.00,100.00
2026-05-16T08:40:32.488196,60.00,60.00,100.00,100.00
2026-05-16T08:40:32.594024,55.60,63.60,100.00,100.00
2026-05-16T08:40:32.700574,60.00,60.00,100.00,100.00
2026-05-16T08:40:32.805652,63.60,70.00,100.00,100.00
2026-05-16T08:40:32.911920,55.60,60.00,100.00,100.00
2026-05-16T08:40:33.016011,69.20,63.60,100.00,100.00
2026-05-16T08:40:33.120198,60.00,70.00,100.00,100.00
2026-05-16T08:40:33.225231,55.60,60.00,100.00,100.00
2026-05-16T08:40:33.330181,63.60,63.60,100.00,100.00
2026-05-16T08:40:33.434833,54.50,60.00,100.00,100.00
2026-05-16T08:40:33.539817,50.00,70.00,100.00,100.00
2026-05-16T08:40:33.644522,54.50,63.60,100.00,100.00
2026-05-16T08:40:33.754401,70.00,63.60,100.00,100.00
2026-05-16T08:40:34.003901,96.00,100.00,100.00,100.00
2026-05-16T08:40:34.109716,83.30,81.80,91.70,30.00
2026-05-16T08:40:34.215249,80.00,81.80,90.90,30.00
2026-05-16T08:40:34.320515,75.00,81.80,90.00,30.00
2026-05-16T08:40:34.425598,77.80,83.30,83.30,22.20
2026-05-16T08:40:34.530300,76.90,80.00,90.90,22.20
2026-05-16T08:40:34.635402,77.80,75.00,81.80,30.00
2026-05-16T08:40:34.740169,70.00,72.70,83.30,12.50
2026-05-16T08:40:34.845734,72.70,75.00,81.80,27.30
2026-05-16T08:40:34.951934,80.00,90.90,90.90,44.40
2026-05-16T08:40:35.056962,75.00,72.70,91.70,22.20
2026-05-16T08:40:35.163003,80.00,81.80,81.80,33.30
2026-05-16T08:40:35.271235,75.00,75.00,83.30,30.00
2026-05-16T08:40:35.375931,77.80,77.80,90.00,22.20
2026-05-16T08:40:35.480928,76.90,72.70,83.30,22.20
2026-05-16T08:40:35.586828,81.80,80.00,90.00,22.20
2026-05-16T08:40:35.692857,80.00,81.80,91.70,30.00
2026-05-16T08:40:35.797691,70.00,70.00,83.30,22.20
2026-05-16T08:40:35.902652,72.70,72.70,80.00,27.30
2026-05-16T08:40:36.007380,81.80,81.80,91.70,12.50
2026-05-16T08:40:36.113025,75.00,75.00,81.80,30.00
2026-05-16T08:40:36.217815,80.00,80.00,91.70,30.00
2026-05-16T08:40:36.324492,70.00,83.30,81.80,12.50
2026-05-16T08:40:36.429855,80.00,80.00,90.00,22.20
2026-05-16T08:40:36.534728,72.70,80.00,90.90,22.20
2026-05-16T08:40:36.639374,83.30,70.00,84.60,30.00
2026-05-16T08:40:36.744025,70.00,75.00,81.80,12.50
2026-05-16T08:40:36.849970,75.00,80.00,83.30,22.20
2026-05-16T08:40:36.956333,83.30,75.00,83.30,22.20
2026-05-16T08:40:37.063249,72.70,90.00,90.00,22.20
2026-05-16T08:40:37.171039,77.80,100.00,91.70,30.00
2026-05-16T08:40:37.275634,83.30,72.70,81.80,30.00
2026-05-16T08:40:37.380173,72.70,81.80,83.30,22.20
2026-05-16T08:40:37.486215,72.70,72.70,81.80,22.20
2026-05-16T08:40:37.591413,80.00,81.80,90.90,22.20
2026-05-16T08:40:37.697411,75.00,75.00,81.80,22.20
2026-05-16T08:40:37.800629,40.00,33.30,50.00,11.10
2026-05-16T08:40:37.904112,11.10,11.10,0.00,10.00
2026-05-16T08:40:38.008036,11.10,11.10,22.20,10.00
2026-05-16T08:40:38.111898,0.00,0.00,0.00,11.10
2026-05-16T08:40:38.217628,11.10,11.10,0.00,25.00
2026-05-16T08:40:38.321232,11.10,11.10,20.00,11.10
2026-05-16T08:40:38.424901,11.10,11.10,0.00,10.00
2026-05-16T08:40:38.528365,11.10,11.10,20.00,27.30
2026-05-16T08:40:38.631969,20.00,11.10,11.10,10.00
2026-05-16T08:40:38.735606,0.00,0.00,0.00,11.10
2026-05-16T08:40:38.838961,0.00,11.10,0.00,18.20
2026-05-16T08:40:38.942382,11.10,0.00,12.50,11.10
2026-05-16T08:40:39.045505,0.00,20.00,20.00,11.10
2026-05-16T08:40:39.148834,10.00,0.00,0.00,20.00
2026-05-16T08:40:39.252227,12.50,20.00,0.00,10.00
2026-05-16T08:40:39.355797,11.10,11.10,22.20,11.10
2026-05-16T08:40:39.459443,11.10,0.00,0.00,18.20
2026-05-16T08:40:39.563876,11.10,11.10,11.10,20.00
2026-05-16T08:40:39.667342,20.00,20.00,20.00,20.00
2026-05-16T08:40:39.771232,0.00,0.00,0.00,10.00
2026-05-16T08:40:39.932316,20.00,33.30,28.60,20.00
2026-05-16T08:40:40.036633,20.00,0.00,100.00,10.00
2026-05-16T08:40:40.139953,0.00,22.20,100.00,20.00
2026-05-16T08:40:40.243963,20.00,11.10,100.00,20.00
2026-05-16T08:40:40.347881,11.10,0.00,100.00,10.00
2026-05-16T08:40:40.451505,22.20,22.20,100.00,10.00
2026-05-16T08:40:40.555524,22.20,12.50,100.00,20.00
2026-05-16T08:40:40.659735,11.10,20.00,100.00,18.20
2026-05-16T08:40:40.763711,20.00,0.00,100.00,11.10
2026-05-16T08:40:40.867581,12.50,12.50,100.00,20.00
2026-05-16T08:40:40.971051,11.10,22.20,100.00,10.00
2026-05-16T08:40:41.074744,0.00,0.00,100.00,10.00
2026-05-16T08:40:41.178546,30.00,12.50,100.00,20.00
2026-05-16T08:40:41.282158,11.10,22.20,100.00,11.10
2026-05-16T08:40:41.385588,22.20,20.00,100.00,18.20
2026-05-16T08:40:41.489832,11.10,0.00,100.00,27.30
2026-05-16T08:40:41.593332,11.10,30.00,100.00,10.00
2026-05-16T08:40:41.697236,22.20,0.00,100.00,11.10
2026-05-16T08:40:41.802421,70.00,63.60,100.00,20.00
2026-05-16T08:40:41.907526,81.80,90.00,100.00,30.00
2026-05-16T08:40:42.011967,88.90,88.90,100.00,22.20
2026-05-16T08:40:42.170895,93.30,87.50,100.00,42.90
2026-05-16T08:40:42.275606,66.70,63.60,81.80,22.20
2026-05-16T08:40:42.380542,70.00,72.70,81.80,20.00
2026-05-16T08:40:42.485393,72.70,72.70,72.70,30.00
2026-05-16T08:40:42.590511,70.00,70.00,80.00,30.00
2026-05-16T08:40:42.695102,63.60,69.20,76.90,22.20
2026-05-16T08:40:42.799794,70.00,66.70,72.70,22.20
2026-05-16T08:40:42.904481,75.00,66.70,83.30,20.00
2026-05-16T08:40:43.010852,60.00,70.00,75.00,22.20
2026-05-16T08:40:43.116000,75.00,63.60,76.90,11.10
2026-05-16T08:40:43.222010,70.00,70.00,81.80,30.00
2026-05-16T08:40:43.327283,70.00,75.00,72.70,22.20
2026-05-16T08:40:43.432917,60.00,70.00,83.30,22.20
2026-05-16T08:40:43.537539,70.00,63.60,80.00,22.20
2026-05-16T08:40:43.643686,69.20,72.70,75.00,27.30
2026-05-16T08:40:43.748374,66.70,66.70,83.30,12.50
2026-05-16T08:40:43.854735,72.70,66.70,80.00,22.20
2026-05-16T08:40:43.962221,70.00,72.70,75.00,20.00
2026-05-16T08:40:44.068595,70.00,66.70,83.30,22.20
2026-05-16T08:40:44.173514,75.00,75.00,72.70,30.00
2026-05-16T08:40:44.278387,70.00,72.70,81.80,36.40
2026-05-16T08:40:44.383069,60.00,60.00,75.00,22.20
2026-05-16T08:40:44.487883,72.70,72.70,72.70,11.10
2026-05-16T08:40:44.592676,72.70,63.60,81.80,30.00
2026-05-16T08:40:44.697396,63.60,72.70,76.90,22.20
2026-05-16T08:40:44.802799,75.00,66.70,81.80,22.20
2026-05-16T08:40:44.907364,70.00,66.70,81.80,20.00
2026-05-16T08:40:45.013656,70.00,66.70,75.00,33.30
2026-05-16T08:40:45.118375,63.60,72.70,81.80,22.20
2026-05-16T08:40:45.223908,75.00,75.00,83.30,20.00
2026-05-16T08:40:45.328622,72.70,70.00,72.70,22.20
2026-05-16T08:40:45.433685,66.70,60.00,81.80,22.20
2026-05-16T08:40:45.539414,70.00,72.70,81.80,22.20
2026-05-16T08:40:45.644423,69.20,72.70,76.90,22.20
2026-05-16T08:40:45.748926,70.00,72.70,77.80,20.00
2026-05-16T08:40:45.853664,60.00,70.00,75.00,12.50
2026-05-16T08:40:45.959213,66.70,66.70,75.00,27.30
2026-05-16T08:40:46.066136,66.70,63.60,75.00,12.50
2026-05-16T08:40:46.172756,66.70,60.00,72.70,27.30
2026-05-16T08:40:46.277844,55.60,70.00,69.20,22.20
2026-05-16T08:40:46.382785,63.60,61.50,72.70,27.30
2026-05-16T08:40:46.487421,72.70,66.70,72.70,12.50
2026-05-16T08:40:46.592865,63.60,66.70,75.00,22.20
2026-05-16T08:40:46.697426,72.70,70.00,81.80,22.20
2026-05-16T08:40:46.802557,63.60,66.70,75.00,20.00
2026-05-16T08:40:46.909207,70.00,75.00,72.70,22.20
2026-05-16T08:40:47.013914,63.60,55.60,72.70,20.00
2026-05-16T08:40:47.120453,60.00,66.70,75.00,22.20
2026-05-16T08:40:47.225120,70.00,72.70,72.70,20.00
2026-05-16T08:40:47.330602,63.60,63.60,72.70,22.20
2026-05-16T08:40:47.435311,60.00,60.00,70.00,30.00
2026-05-16T08:40:47.540968,63.60,63.60,76.90,20.00
2026-05-16T08:40:47.645170,66.70,55.60,72.70,12.50
2026-05-16T08:40:47.749639,66.70,75.00,72.70,30.00
2026-05-16T08:40:47.854723,60.00,60.00,75.00,20.00
2026-05-16T08:40:47.961612,66.70,63.60,75.00,22.20
2026-05-16T08:40:48.066791,66.70,66.70,70.00,22.20
2026-05-16T08:40:48.170854,69.20,66.70,75.00,20.00
2026-05-16T08:40:48.276139,66.70,63.60,72.70,22.20
2026-05-16T08:40:48.380984,63.60,72.70,72.70,22.20
2026-05-16T08:40:48.485800,60.00,66.70,76.90,22.20
2026-05-16T08:40:48.591225,72.70,63.60,72.70,20.00
2026-05-16T08:40:48.696620,63.60,63.60,76.90,22.20
2026-05-16T08:40:48.802145,60.00,70.00,72.70,20.00
2026-05-16T08:40:48.907164,72.70,63.60,72.70,20.00
2026-05-16T08:40:49.012229,63.60,60.00,83.30,12.50
2026-05-16T08:40:49.117755,66.70,60.00,70.00,20.00
2026-05-16T08:40:49.223837,70.00,66.70,78.60,22.20
2026-05-16T08:40:49.329175,63.60,63.60,72.70,20.00
2026-05-16T08:40:49.434996,63.60,66.70,75.00,30.00
2026-05-16T08:40:49.539753,66.70,66.70,80.00,22.20
2026-05-16T08:40:49.646211,69.20,70.00,76.90,20.00
2026-05-16T08:40:49.751393,70.00,63.60,75.00,22.20
2026-05-16T08:40:49.856187,72.70,72.70,83.30,22.20
2026-05-16T08:40:49.963950,81.80,80.00,90.90,27.30
2026-05-16T08:40:50.069048,72.70,75.00,81.80,12.50
2026-05-16T08:40:50.173954,72.70,66.70,83.30,30.00
2026-05-16T08:40:50.278599,70.00,75.00,83.30,30.00
2026-05-16T08:40:50.385125,81.80,81.80,90.90,30.00
2026-05-16T08:40:50.491876,72.70,70.00,84.60,20.00
2026-05-16T08:40:50.596583,70.00,75.00,83.30,12.50
2026-05-16T08:40:50.701206,81.80,81.80,90.90,36.40
2026-05-16T08:40:50.806935,75.00,72.70,90.00,12.50
2026-05-16T08:40:50.911486,80.00,77.80,81.80,30.00
2026-05-16T08:40:51.016724,72.70,72.70,83.30,22.20
2026-05-16T08:40:51.121660,76.90,75.00,81.80,20.00
2026-05-16T08:40:51.228431,70.00,70.00,91.70,25.00
2026-05-16T08:40:51.333412,72.70,83.30,80.00,22.20
2026-05-16T08:40:51.437696,72.70,72.70,84.60,22.20
2026-05-16T08:40:51.542439,70.00,70.00,81.80,20.00
2026-05-16T08:40:51.647974,72.70,70.00,81.80,22.20
2026-05-16T08:40:51.752977,80.00,72.70,81.80,20.00
2026-05-16T08:40:51.859240,72.70,80.00,90.90,25.00
2026-05-16T08:40:51.966106,80.00,75.00,84.60,30.00
2026-05-16T08:40:52.071432,75.00,77.80,90.90,22.20
2026-05-16T08:40:52.177358,80.00,75.00,84.60,12.50
2026-05-16T08:40:52.282082,70.00,66.70,80.00,30.00
2026-05-16T08:40:52.387112,72.70,72.70,83.30,22.20
2026-05-16T08:40:52.492323,72.70,70.00,83.30,30.00
2026-05-16T08:40:52.597938,75.00,72.70,81.80,27.30
2026-05-16T08:40:52.702862,70.00,70.00,81.80,22.20
2026-05-16T08:40:52.807571,70.00,75.00,81.80,30.00
2026-05-16T08:40:52.912487,76.90,80.00,83.30,12.50
2026-05-16T08:40:53.017386,80.00,72.70,83.30,22.20
2026-05-16T08:40:53.122187,75.00,75.00,81.80,22.20
2026-05-16T08:40:53.227795,80.00,80.00,90.90,22.20
2026-05-16T08:40:53.333254,75.00,75.00,83.30,22.20
2026-05-16T08:40:53.438051,81.80,72.70,90.00,30.00
2026-05-16T08:40:53.544124,75.00,72.70,84.60,30.00
2026-05-16T08:40:53.649178,80.00,80.00,80.00,22.20
2026-05-16T08:40:53.753195,55.60,63.60,75.00,30.00
2026-05-16T08:40:53.883064,33.30,20.00,25.00,30.80
2026-05-16T08:40:53.986709,20.00,22.20,12.50,100.00
2026-05-16T08:40:54.091029,36.40,22.20,30.00,100.00
2026-05-16T08:40:54.195432,22.20,12.50,30.00,100.00
2026-05-16T08:40:54.299649,22.20,30.00,14.30,100.00
2026-05-16T08:40:54.403550,22.20,12.50,22.20,100.00
2026-05-16T08:40:54.507434,22.20,20.00,22.20,100.00
2026-05-16T08:40:54.611440,30.00,22.20,41.70,100.00
2026-05-16T08:40:54.715299,27.30,30.00,22.20,100.00
2026-05-16T08:40:54.819200,22.20,22.20,22.20,100.00
2026-05-16T08:40:54.923965,30.00,30.00,33.30,100.00
2026-05-16T08:40:55.027802,40.00,12.50,25.00,100.00
2026-05-16T08:40:55.132111,22.20,22.20,30.00,100.00
2026-05-16T08:40:55.236875,30.00,33.30,33.30,100.00
2026-05-16T08:40:55.340736,12.50,12.50,22.20,100.00
2026-05-16T08:40:55.444744,30.00,22.20,12.50,100.00
2026-05-16T08:40:55.549049,22.20,22.20,30.00,100.00
2026-05-16T08:40:55.653515,30.00,12.50,22.20,100.00
2026-05-16T08:40:55.758172,27.30,30.00,30.00,100.00
2026-05-16T08:40:55.925186,38.50,33.30,42.90,100.00
2026-05-16T08:40:56.029817,30.00,25.00,100.00,100.00
2026-05-16T08:40:56.133912,22.20,25.00,100.00,100.00
2026-05-16T08:40:56.238784,25.00,33.30,100.00,100.00
2026-05-16T08:40:56.343229,40.00,33.30,100.00,100.00
2026-05-16T08:40:56.447601,33.30,40.00,100.00,100.00
2026-05-16T08:40:56.551824,30.00,37.50,100.00,100.00
2026-05-16T08:40:56.656016,33.30,33.30,100.00,100.00
2026-05-16T08:40:56.759791,30.00,25.00,100.00,100.00
2026-05-16T08:40:56.863620,25.00,30.00,100.00,100.00
2026-05-16T08:40:56.968012,30.00,33.30,100.00,100.00
2026-05-16T08:40:57.072788,30.00,33.30,100.00,100.00
2026-05-16T08:40:57.177058,25.00,25.00,100.00,100.00
2026-05-16T08:40:57.281391,22.20,25.00,100.00,100.00
2026-05-16T08:40:57.385750,22.20,40.00,100.00,100.00
2026-05-16T08:40:57.489997,40.00,22.20,100.00,100.00
2026-05-16T08:40:57.594192,22.20,25.00,100.00,100.00
2026-05-16T08:40:57.698438,36.40,25.00,100.00,100.00
2026-05-16T08:40:57.801970,12.50,30.00,100.00,100.00
2026-05-16T08:40:57.905670,27.30,11.10,100.00,100.00
2026-05-16T08:40:58.009425,0.00,0.00,100.00,100.00
2026-05-16T08:40:58.113409,11.10,12.50,100.00,100.00
2026-05-16T08:40:58.217080,11.10,20.00,100.00,100.00
2026-05-16T08:40:58.321077,20.00,12.50,100.00,100.00
2026-05-16T08:40:58.424685,11.10,0.00,100.00,100.00
2026-05-16T08:40:58.529137,22.20,22.20,100.00,100.00
2026-05-16T08:40:58.633697,20.00,0.00,100.00,100.00
2026-05-16T08:40:58.737191,0.00,11.10,100.00,100.00
2026-05-16T08:40:58.840756,20.00,11.10,100.00,100.00
2026-05-16T08:40:58.944484,11.10,0.00,100.00,100.00
2026-05-16T08:40:59.048062,11.10,11.10,100.00,100.00
2026-05-16T08:40:59.151548,11.10,11.10,100.00,100.00
2026-05-16T08:40:59.255695,11.10,22.20,100.00,100.00
2026-05-16T08:40:59.359676,20.00,0.00,100.00,100.00
2026-05-16T08:40:59.463194,12.50,11.10,100.00,100.00
2026-05-16T08:40:59.566573,20.00,22.20,100.00,100.00
2026-05-16T08:40:59.670237,11.10,0.00,100.00,100.00
2026-05-16T08:40:59.773843,11.10,11.10,100.00,100.00
2026-05-16T08:40:59.877472,20.00,0.00,100.00,100.00
2026-05-16T08:40:59.980811,11.10,11.10,100.00,100.00
2026-05-16T08:41:00.084692,11.10,0.00,100.00,100.00
2026-05-16T08:41:00.188413,0.00,11.10,100.00,100.00
2026-05-16T08:41:00.292003,20.00,22.20,100.00,100.00
2026-05-16T08:41:00.395447,0.00,0.00,100.00,100.00
2026-05-16T08:41:00.498871,22.20,12.50,100.00,100.00
2026-05-16T08:41:00.602419,20.00,11.10,100.00,100.00
2026-05-16T08:41:00.706309,20.00,12.50,100.00,100.00
2026-05-16T08:41:00.810251,0.00,12.50,100.00,100.00
2026-05-16T08:41:00.914142,30.00,20.00,100.00,100.00
2026-05-16T08:41:01.017963,0.00,0.00,100.00,100.00
2026-05-16T08:41:01.121855,20.00,12.50,100.00,100.00
2026-05-16T08:41:01.231872,22.20,11.10,100.00,100.00
2026-05-16T08:41:01.335878,20.00,25.00,100.00,100.00
2026-05-16T08:41:01.440391,12.50,11.10,100.00,100.00
2026-05-16T08:41:01.545154,11.10,12.50,100.00,100.00
2026-05-16T08:41:01.649091,11.10,12.50,100.00,100.00
2026-05-16T08:41:01.754940,30.00,22.20,100.00,100.00
2026-05-16T08:41:01.859295,63.60,83.30,100.00,100.00
2026-05-16T08:41:01.965662,66.70,91.70,100.00,100.00
2026-05-16T08:41:02.070020,60.00,90.00,100.00,100.00
2026-05-16T08:41:02.175910,50.00,91.70,100.00,100.00
2026-05-16T08:41:02.280231,70.00,81.80,100.00,100.00
2026-05-16T08:41:02.386039,60.00,83.30,100.00,100.00
2026-05-16T08:41:02.491324,55.60,90.90,100.00,100.00
2026-05-16T08:41:02.596811,63.60,81.80,100.00,100.00
2026-05-16T08:41:02.701263,50.00,90.90,100.00,100.00
2026-05-16T08:41:02.806001,60.00,83.30,100.00,100.00
2026-05-16T08:41:02.910211,60.00,90.00,100.00,100.00
2026-05-16T08:41:03.014802,72.70,76.90,100.00,100.00
2026-05-16T08:41:03.120610,50.00,90.90,100.00,100.00
2026-05-16T08:41:03.225672,60.00,90.00,100.00,100.00
2026-05-16T08:41:03.331051,60.00,90.90,100.00,100.00
2026-05-16T08:41:03.436432,55.60,75.00,100.00,100.00
2026-05-16T08:41:03.541717,63.60,75.00,100.00,100.00
2026-05-16T08:41:03.647335,72.70,77.80,100.00,100.00
2026-05-16T08:41:03.751581,70.00,75.00,100.00,100.00
2026-05-16T08:41:03.857930,72.70,80.00,100.00,100.00
2026-05-16T08:41:03.963670,70.00,72.70,100.00,100.00
2026-05-16T08:41:04.068561,63.60,75.00,100.00,100.00
2026-05-16T08:41:04.173412,72.70,81.80,100.00,100.00
2026-05-16T08:41:04.279651,70.00,75.00,100.00,100.00
2026-05-16T08:41:04.385209,72.70,72.70,100.00,100.00
2026-05-16T08:41:04.493977,80.00,70.00,100.00,100.00
2026-05-16T08:41:04.600750,72.70,75.00,100.00,100.00
2026-05-16T08:41:04.705654,72.70,72.70,100.00,100.00
2026-05-16T08:41:04.810171,60.00,70.00,100.00,100.00
2026-05-16T08:41:04.914886,72.70,76.90,100.00,100.00
2026-05-16T08:41:05.019274,70.00,90.90,100.00,100.00
2026-05-16T08:41:05.124352,66.70,70.00,100.00,100.00
2026-05-16T08:41:05.229536,70.00,81.80,100.00,100.00
2026-05-16T08:41:05.336010,60.00,81.80,100.00,100.00
2026-05-16T08:41:05.441254,72.70,72.70,100.00,100.00
2026-05-16T08:41:05.547824,63.60,72.70,100.00,100.00
2026-05-16T08:41:05.653214,72.70,63.60,100.00,100.00
2026-05-16T08:41:05.758236,63.60,75.00,100.00,100.00
2026-05-16T08:41:05.862649,54.50,50.00,100.00,100.00
2026-05-16T08:41:05.967841,60.00,60.00,100.00,100.00
2026-05-16T08:41:06.081603,54.50,66.70,100.00,100.00
2026-05-16T08:41:06.186980,60.00,60.00,100.00,100.00
2026-05-16T08:41:06.291926,60.00,66.70,100.00,100.00
2026-05-16T08:41:06.397412,50.00,55.60,100.00,100.00
2026-05-16T08:41:06.503580,60.00,54.50,100.00,100.00
2026-05-16T08:41:06.609385,50.00,63.60,100.00,100.00
2026-05-16T08:41:06.713902,60.00,60.00,100.00,100.00
2026-05-16T08:41:06.818176,63.60,55.60,100.00,100.00
2026-05-16T08:41:06.922407,44.40,63.60,100.00,100.00
2026-05-16T08:41:07.026613,50.00,55.60,100.00,100.00
2026-05-16T08:41:07.130981,54.50,54.50,100.00,100.00
2026-05-16T08:41:07.234809,55.60,55.60,100.00,100.00
2026-05-16T08:41:07.339739,50.00,60.00,100.00,100.00
2026-05-16T08:41:07.444293,54.50,54.50,100.00,100.00
2026-05-16T08:41:07.548413,50.00,50.00,100.00,100.00
2026-05-16T08:41:07.652967,50.00,63.60,100.00,100.00
2026-05-16T08:41:07.759548,60.00,63.60,100.00,100.00
2026-05-16T08:41:07.864793,54.50,60.00,100.00,100.00
2026-05-16T08:41:07.970036,50.00,54.50,100.00,100.00
2026-05-16T08:41:08.074968,58.30,55.60,100.00,100.00
2026-05-16T08:41:08.179553,50.00,54.50,100.00,100.00
2026-05-16T08:41:08.285293,60.00,50.00,100.00,100.00
2026-05-16T08:41:08.389420,54.50,63.60,100.00,100.00
2026-05-16T08:41:08.493210,50.00,50.00,100.00,100.00
2026-05-16T08:41:08.597272,44.40,60.00,100.00,100.00
2026-05-16T08:41:08.701627,55.60,66.70,100.00,100.00
2026-05-16T08:41:08.805520,45.50,50.00,100.00,100.00
2026-05-16T08:41:08.910083,44.40,60.00,100.00,100.00
2026-05-16T08:41:09.014893,60.00,50.00,100.00,100.00
2026-05-16T08:41:09.120179,44.40,60.00,100.00,100.00
2026-05-16T08:41:09.229238,58.30,50.00,100.00,100.00
2026-05-16T08:41:09.334797,63.60,50.00,100.00,100.00
2026-05-16T08:41:09.439584,60.00,54.50,100.00,100.00
2026-05-16T08:41:09.546183,63.60,60.00,100.00,100.00
2026-05-16T08:41:09.650991,63.60,55.60,100.00,100.00
2026-05-16T08:41:09.758030,60.00,66.70,100.00,100.00
2026-05-16T08:41:09.865221,81.80,83.30,100.00,100.00
2026-05-16T08:41:09.970693,90.00,77.80,100.00,100.00
2026-05-16T08:41:10.079568,83.30,81.80,100.00,100.00
2026-05-16T08:41:10.185796,90.90,75.00,100.00,100.00
2026-05-16T08:41:10.293522,90.90,81.80,100.00,100.00
2026-05-16T08:41:10.400219,91.70,81.80,100.00,100.00
2026-05-16T08:41:10.506592,80.00,84.60,100.00,100.00
2026-05-16T08:41:10.611434,90.90,88.90,100.00,100.00
2026-05-16T08:41:10.717592,81.80,81.80,100.00,100.00
2026-05-16T08:41:10.822884,72.70,91.70,100.00,100.00
2026-05-16T08:41:10.928289,70.00,90.00,100.00,100.00
2026-05-16T08:41:11.033386,90.00,80.00,100.00,100.00
2026-05-16T08:41:11.138264,75.00,90.90,100.00,100.00
2026-05-16T08:41:11.243041,77.80,90.00,100.00,100.00
2026-05-16T08:41:11.347672,81.80,84.60,100.00,100.00
2026-05-16T08:41:11.452398,81.80,90.90,100.00,100.00
2026-05-16T08:41:11.558749,80.00,90.00,100.00,100.00
2026-05-16T08:41:11.663155,83.30,81.80,100.00,100.00
2026-05-16T08:41:11.770699,88.90,90.00,100.00,100.00
2026-05-16T08:41:11.877485,83.30,81.80,100.00,100.00
2026-05-16T08:41:11.984237,81.80,90.90,100.00,100.00
2026-05-16T08:41:12.089025,81.80,80.00,100.00,100.00
2026-05-16T08:41:12.194366,77.80,84.60,100.00,100.00
2026-05-16T08:41:12.298534,75.00,70.00,100.00,100.00
2026-05-16T08:41:12.404887,81.80,81.80,100.00,100.00
2026-05-16T08:41:12.509069,80.00,90.00,100.00,100.00
2026-05-16T08:41:12.615315,81.80,83.30,100.00,100.00
2026-05-16T08:41:12.719862,81.80,70.00,100.00,100.00
2026-05-16T08:41:12.827818,83.30,81.80,100.00,100.00
2026-05-16T08:41:12.934343,80.00,90.90,100.00,100.00
2026-05-16T08:41:13.040770,90.00,81.80,100.00,100.00
2026-05-16T08:41:13.146659,80.00,88.90,100.00,100.00
2026-05-16T08:41:13.252456,81.80,83.30,100.00,100.00
2026-05-16T08:41:13.359407,83.30,80.00,100.00,100.00
2026-05-16T08:41:13.465653,75.00,83.30,100.00,100.00
2026-05-16T08:41:13.569605,81.80,70.00,100.00,100.00
2026-05-16T08:41:13.675376,77.80,81.80,100.00,100.00
2026-05-16T08:41:13.779155,60.00,55.60,100.00,100.00
2026-05-16T08:41:13.883020,20.00,0.00,100.00,100.00
2026-05-16T08:41:13.986851,11.10,0.00,100.00,100.00
2026-05-16T08:41:14.090415,11.10,22.20,100.00,100.00
2026-05-16T08:41:14.194230,11.10,20.00,100.00,100.00
2026-05-16T08:41:14.297854,22.20,12.50,100.00,100.00
2026-05-16T08:41:14.401361,11.10,0.00,100.00,100.00
2026-05-16T08:41:14.505008,11.10,12.50,100.00,100.00
2026-05-16T08:41:14.608441,30.00,11.10,100.00,100.00
2026-05-16T08:41:14.712306,11.10,11.10,100.00,100.00
2026-05-16T08:41:14.816462,0.00,12.50,100.00,100.00
2026-05-16T08:41:14.920002,11.10,11.10,100.00,100.00
2026-05-16T08:41:15.024084,27.30,12.50,100.00,100.00
2026-05-16T08:41:15.127595,0.00,12.50,100.00,100.00
2026-05-16T08:41:15.231027,22.20,30.00,100.00,100.00
2026-05-16T08:41:15.334674,11.10,0.00,100.00,100.00
2026-05-16T08:41:15.438315,22.20,11.10,100.00,100.00
2026-05-16T08:41:15.542207,10.00,0.00,100.00,100.00
2026-05-16T08:41:15.646023,11.10,22.20,100.00,100.00
2026-05-16T08:41:15.750175,12.50,11.10,100.00,100.00
2026-05-16T08:41:15.854017,20.00,0.00,100.00,100.00
2026-05-16T08:41:15.957629,20.00,20.00,100.00,100.00
2026-05-16T08:41:16.061131,20.00,0.00,100.00,100.00
2026-05-16T08:41:16.164737,0.00,22.20,100.00,100.00
2026-05-16T08:41:16.268454,20.00,11.10,100.00,100.00
2026-05-16T08:41:16.371939,30.00,0.00,100.00,100.00
2026-05-16T08:41:16.475892,20.00,11.10,100.00,100.00
2026-05-16T08:41:16.579399,11.10,12.50,100.00,100.00
2026-05-16T08:41:16.683755,20.00,11.10,100.00,100.00
2026-05-16T08:41:16.787995,22.20,22.20,100.00,100.00
2026-05-16T08:41:16.891673,20.00,0.00,100.00,100.00
2026-05-16T08:41:16.995351,11.10,22.20,100.00,100.00
2026-05-16T08:41:17.099599,27.30,0.00,100.00,100.00
2026-05-16T08:41:17.203470,12.50,0.00,100.00,100.00
2026-05-16T08:41:17.307407,12.50,30.00,100.00,100.00
2026-05-16T08:41:17.411248,20.00,12.50,100.00,100.00
2026-05-16T08:41:17.514827,0.00,0.00,100.00,100.00
2026-05-16T08:41:17.618328,11.10,20.00,100.00,100.00
2026-05-16T08:41:17.722943,11.10,12.50,100.00,100.00
2026-05-16T08:41:17.827656,25.00,25.00,100.00,100.00
2026-05-16T08:41:17.931675,36.40,30.00,100.00,100.00
2026-05-16T08:41:18.035405,22.20,25.00,100.00,100.00
2026-05-16T08:41:18.139664,22.20,22.20,100.00,100.00
2026-05-16T08:41:18.243717,22.20,22.20,100.00,100.00
2026-05-16T08:41:18.348179,0.00,33.30,100.00,100.00
2026-05-16T08:41:18.453210,40.00,12.50,100.00,100.00
2026-05-16T08:41:18.557159,30.00,33.30,100.00,100.00
2026-05-16T08:41:18.661912,22.20,22.20,100.00,100.00
2026-05-16T08:41:18.765964,25.00,40.00,100.00,100.00
2026-05-16T08:41:18.870920,41.70,14.30,100.00,100.00
2026-05-16T08:41:18.975283,25.00,40.00,100.00,100.00
2026-05-16T08:41:19.079461,30.00,36.40,100.00,100.00
2026-05-16T08:41:19.183584,22.20,14.30,100.00,100.00
2026-05-16T08:41:19.287484,33.30,30.00,100.00,100.00
2026-05-16T08:41:19.391446,22.20,25.00,100.00,100.00
2026-05-16T08:41:19.495437,22.20,22.20,100.00,100.00
2026-05-16T08:41:19.599448,40.00,33.30,100.00,100.00
2026-05-16T08:41:19.703977,22.20,33.30,100.00,100.00
2026-05-16T08:41:19.808948,33.30,14.30,100.00,100.00
2026-05-16T08:41:19.913910,22.20,22.20,100.00,100.00
2026-05-16T08:41:20.018577,25.00,25.00,100.00,100.00
2026-05-16T08:41:20.122843,30.00,33.30,100.00,100.00
2026-05-16T08:41:20.226362,22.20,14.30,100.00,100.00
2026-05-16T08:41:20.330722,40.00,36.40,100.00,100.00
2026-05-16T08:41:20.434221,12.50,14.30,100.00,100.00
2026-05-16T08:41:20.538420,22.20,30.00,100.00,100.00
2026-05-16T08:41:20.642550,12.50,14.30,100.00,100.00
2026-05-16T08:41:20.746786,33.30,33.30,100.00,100.00
2026-05-16T08:41:20.850808,22.20,25.00,100.00,100.00
2026-05-16T08:41:20.955687,40.00,36.40,100.00,100.00
2026-05-16T08:41:21.060860,12.50,33.30,100.00,100.00
2026-05-16T08:41:21.164880,30.00,25.00,100.00,100.00
2026-05-16T08:41:21.268821,25.00,40.00,100.00,100.00
2026-05-16T08:41:21.372539,22.20,14.30,100.00,100.00
2026-05-16T08:41:21.476567,22.20,30.00,100.00,100.00
2026-05-16T08:41:21.580809,22.20,12.50,100.00,100.00
2026-05-16T08:41:21.686198,40.00,22.20,100.00,100.00
2026-05-16T08:41:21.793663,55.60,66.70,100.00,100.00
2026-05-16T08:41:21.897931,90.00,100.00,100.00,100.00
2026-05-16T08:41:22.006555,91.70,91.70,100.00,100.00
2026-05-16T08:41:22.112690,100.00,90.00,100.00,100.00
2026-05-16T08:41:22.343738,95.70,95.70,100.00,100.00
2026-05-16T08:41:22.448898,80.00,70.00,90.00,12.50
2026-05-16T08:41:22.553978,75.00,75.00,80.00,22.20
2026-05-16T08:41:22.659065,72.70,81.80,83.30,22.20
2026-05-16T08:41:22.764198,81.80,80.00,90.90,22.20
2026-05-16T08:41:22.868745,81.80,75.00,83.30,12.50
2026-05-16T08:41:22.974429,70.00,80.00,90.00,30.00
2026-05-16T08:41:23.079617,80.00,81.80,83.30,22.20
2026-05-16T08:41:23.184090,76.90,76.90,81.80,27.30
2026-05-16T08:41:23.289631,80.00,77.80,91.70,25.00
2026-05-16T08:41:23.394715,80.00,81.80,90.00,30.00
2026-05-16T08:41:23.499360,76.90,81.80,84.60,22.20
2026-05-16T08:41:23.604448,72.70,72.70,90.90,22.20
2026-05-16T08:41:23.709261,80.00,72.70,90.00,36.40
2026-05-16T08:41:23.814340,83.30,83.30,91.70,30.00
2026-05-16T08:41:23.919358,80.00,88.90,90.00,22.20
2026-05-16T08:41:24.024503,80.00,81.80,83.30,22.20
2026-05-16T08:41:24.130204,81.80,83.30,100.00,22.20
2026-05-16T08:41:24.235436,75.00,80.00,83.30,30.00
2026-05-16T08:41:24.339685,80.00,81.80,90.90,22.20
2026-05-16T08:41:24.444305,77.80,72.70,90.90,22.20
2026-05-16T08:41:24.548957,72.70,81.80,83.30,22.20
2026-05-16T08:41:24.653968,81.80,90.00,90.90,25.00
2026-05-16T08:41:24.760408,81.80,76.90,90.90,22.20
2026-05-16T08:41:24.865812,81.80,77.80,90.00,22.20
2026-05-16T08:41:24.970717,83.30,83.30,91.70,30.00
2026-05-16T08:41:25.077145,81.80,90.90,91.70,33.30
2026-05-16T08:41:25.182545,83.30,80.00,90.00,22.20
2026-05-16T08:41:25.287506,80.00,81.80,90.90,40.00
2026-05-16T08:41:25.392176,81.80,81.80,90.90,30.00
2026-05-16T08:41:25.497703,81.80,81.80,90.90,12.50
2026-05-16T08:41:25.604039,80.00,83.30,90.90,22.20
2026-05-16T08:41:25.708901,83.30,80.00,90.90,30.00
2026-05-16T08:41:25.812501,25.00,40.00,40.00,11.10
2026-05-16T08:41:25.916016,20.00,11.10,22.20,20.00
2026-05-16T08:41:26.019821,0.00,22.20,12.50,0.00
2026-05-16T08:41:26.123635,27.30,11.10,12.50,25.00
2026-05-16T08:41:26.227468,0.00,12.50,20.00,11.10
2026-05-16T08:41:26.331218,22.20,11.10,12.50,10.00
2026-05-16T08:41:26.434970,0.00,20.00,22.20,11.10
2026-05-16T08:41:26.538724,11.10,12.50,12.50,11.10
2026-05-16T08:41:26.642405,20.00,11.10,11.10,18.20
2026-05-16T08:41:26.745984,12.50,12.50,12.50,20.00
2026-05-16T08:41:26.849204,20.00,20.00,11.10,10.00
2026-05-16T08:41:26.952674,0.00,0.00,12.50,11.10
2026-05-16T08:41:27.056391,20.00,22.20,20.00,10.00
2026-05-16T08:41:27.160680,11.10,27.30,22.20,20.00
2026-05-16T08:41:27.264335,22.20,12.50,22.20,11.10
2026-05-16T08:41:27.368497,11.10,20.00,20.00,20.00
2026-05-16T08:41:27.472007,22.20,12.50,12.50,10.00
2026-05-16T08:41:27.575988,11.10,20.00,12.50,10.00
2026-05-16T08:41:27.680039,30.00,0.00,11.10,11.10
2026-05-16T08:41:27.783899,11.10,20.00,22.20,20.00
2026-05-16T08:41:27.943084,21.40,16.70,35.70,26.70
2026-05-16T08:41:28.046998,0.00,12.50,100.00,25.00
2026-05-16T08:41:28.151193,22.20,33.30,100.00,11.10
2026-05-16T08:41:28.254957,36.40,22.20,100.00,11.10
2026-05-16T08:41:28.358780,12.50,30.00,100.00,10.00
2026-05-16T08:41:28.462640,12.50,25.00,100.00,20.00
2026-05-16T08:41:28.566547,30.00,12.50,100.00,20.00
2026-05-16T08:41:28.670549,22.20,22.20,100.00,10.00
2026-05-16T08:41:28.775146,12.50,22.20,100.00,20.00
2026-05-16T08:41:28.878891,22.20,25.00,100.00,10.00
2026-05-16T08:41:28.982580,12.50,22.20,100.00,11.10
2026-05-16T08:41:29.086422,30.00,30.00,100.00,20.00
2026-05-16T08:41:29.190017,22.20,22.20,100.00,10.00
2026-05-16T08:41:29.293720,33.30,25.00,100.00,11.10
2026-05-16T08:41:29.397195,22.20,22.20,100.00,27.30
2026-05-16T08:41:29.501029,12.50,14.30,100.00,10.00
2026-05-16T08:41:29.604728,22.20,22.20,100.00,11.10
2026-05-16T08:41:29.708663,22.20,14.30,100.00,20.00
2026-05-16T08:41:29.813098,44.40,45.50,100.00,10.00
2026-05-16T08:41:29.917664,50.00,60.00,100.00,20.00
2026-05-16T08:41:30.021415,50.00,50.00,100.00,11.10
2026-05-16T08:41:30.126158,58.30,58.30,100.00,20.00
2026-05-16T08:41:30.231198,50.00,50.00,100.00,11.10
2026-05-16T08:41:30.335651,50.00,58.30,100.00,20.00
2026-05-16T08:41:30.440185,54.50,60.00,100.00,20.00
2026-05-16T08:41:30.544149,54.50,60.00,100.00,20.00
2026-05-16T08:41:30.648928,50.00,58.30,100.00,20.00
2026-05-16T08:41:30.753304,50.00,44.40,100.00,27.30
2026-05-16T08:41:30.858215,44.40,55.60,100.00,11.10
2026-05-16T08:41:30.964934,63.60,54.50,100.00,20.00
2026-05-16T08:41:31.069640,33.30,54.50,100.00,11.10
2026-05-16T08:41:31.173690,54.50,50.00,100.00,20.00
2026-05-16T08:41:31.277812,44.40,50.00,100.00,20.00
2026-05-16T08:41:31.381999,44.40,50.00,100.00,11.10
2026-05-16T08:41:31.486070,50.00,54.50,100.00,20.00
2026-05-16T08:41:31.590020,44.40,50.00,100.00,20.00
2026-05-16T08:41:31.693980,54.50,44.40,100.00,27.30
2026-05-16T08:41:31.798678,50.00,50.00,100.00,11.10
2026-05-16T08:41:31.903070,50.00,60.00,100.00,20.00
2026-05-16T08:41:32.007000,54.50,50.00,100.00,30.00
2026-05-16T08:41:32.110792,44.40,50.00,100.00,11.10
2026-05-16T08:41:32.214948,54.50,55.60,100.00,20.00
2026-05-16T08:41:32.347531,58.30,58.30,100.00,25.00
2026-05-16T08:41:32.453632,54.50,66.70,100.00,100.00
2026-05-16T08:41:32.557920,60.00,66.70,100.00,100.00
2026-05-16T08:41:32.662347,44.40,63.60,100.00,100.00
2026-05-16T08:41:32.766833,44.40,66.70,100.00,100.00
2026-05-16T08:41:32.870895,60.00,63.60,100.00,100.00
2026-05-16T08:41:32.975194,44.40,60.00,100.00,100.00
2026-05-16T08:41:33.079857,54.50,60.00,100.00,100.00
2026-05-16T08:41:33.184113,50.00,54.50,100.00,100.00
2026-05-16T08:41:33.288576,44.40,60.00,100.00,100.00
2026-05-16T08:41:33.392567,58.30,44.40,100.00,100.00
2026-05-16T08:41:33.497079,44.40,54.50,100.00,100.00
2026-05-16T08:41:33.601596,44.40,60.00,100.00,100.00
2026-05-16T08:41:33.706661,50.00,54.50,100.00,100.00
2026-05-16T08:41:33.810802,27.30,30.00,100.00,100.00
2026-05-16T08:41:33.914631,10.00,11.10,100.00,100.00
2026-05-16T08:41:34.018204,0.00,10.00,100.00,100.00
2026-05-16T08:41:34.121746,20.00,0.00,100.00,100.00
2026-05-16T08:41:34.225191,10.00,0.00,100.00,100.00
2026-05-16T08:41:34.328569,10.00,0.00,100.00,100.00
2026-05-16T08:41:34.431751,11.10,10.00,100.00,100.00
2026-05-16T08:41:34.538443,25.00,11.10,100.00,100.00
2026-05-16T08:41:34.642814,10.00,10.00,100.00,100.00
2026-05-16T08:41:34.746476,11.10,0.00,100.00,100.00
2026-05-16T08:41:34.849894,18.20,10.00,100.00,100.00
2026-05-16T08:41:34.953337,10.00,0.00,100.00,100.00
2026-05-16T08:41:35.056734,11.10,11.10,100.00,100.00
2026-05-16T08:41:35.160153,10.00,0.00,100.00,100.00
2026-05-16T08:41:35.264212,27.30,11.10,100.00,100.00
2026-05-16T08:41:35.367575,11.10,11.10,100.00,100.00
2026-05-16T08:41:35.471044,0.00,10.00,100.00,100.00
2026-05-16T08:41:35.574295,18.20,0.00,100.00,100.00
2026-05-16T08:41:35.678032,11.10,0.00,100.00,100.00
2026-05-16T08:41:35.781474,10.00,0.00,100.00,100.00
2026-05-16T08:41:35.884996,0.00,0.00,100.00,100.00
2026-05-16T08:41:35.988413,18.20,10.00,100.00,100.00
2026-05-16T08:41:36.091671,11.10,0.00,100.00,100.00
2026-05-16T08:41:36.194901,18.20,0.00,100.00,100.00
2026-05-16T08:41:36.298363,10.00,0.00,100.00,100.00
2026-05-16T08:41:36.401590,18.20,18.20,100.00,100.00
2026-05-16T08:41:36.504895,0.00,0.00,100.00,100.00
2026-05-16T08:41:36.608396,10.00,0.00,100.00,100.00
2026-05-16T08:41:36.711861,0.00,11.10,100.00,100.00
2026-05-16T08:41:36.815345,20.00,0.00,100.00,100.00
2026-05-16T08:41:36.919036,10.00,0.00,100.00,100.00
2026-05-16T08:41:37.022703,10.00,0.00,100.00,100.00
2026-05-16T08:41:37.126528,10.00,11.10,100.00,100.00
2026-05-16T08:41:37.230163,11.10,0.00,100.00,100.00
2026-05-16T08:41:37.334049,18.20,18.20,100.00,100.00
2026-05-16T08:41:37.437558,10.00,0.00,100.00,100.00
2026-05-16T08:41:37.541324,11.10,0.00,100.00,100.00
2026-05-16T08:41:37.644985,10.00,0.00,100.00,100.00
2026-05-16T08:41:37.748679,18.20,10.00,100.00,100.00
2026-05-16T08:41:37.853163,25.00,25.00,100.00,100.00
2026-05-16T08:41:37.957863,30.00,33.30,100.00,100.00
2026-05-16T08:41:38.061950,40.00,25.00,100.00,100.00
2026-05-16T08:41:38.166159,30.00,33.30,100.00,100.00
2026-05-16T08:41:38.270893,25.00,33.30,100.00,100.00
2026-05-16T08:41:38.376085,33.30,33.30,100.00,100.00
2026-05-16T08:41:38.480927,30.00,37.50,100.00,100.00
2026-05-16T08:41:38.585398,40.00,40.00,100.00,100.00
2026-05-16T08:41:38.689889,25.00,33.30,100.00,100.00
2026-05-16T08:41:38.794796,33.30,33.30,100.00,100.00
2026-05-16T08:41:38.899315,12.50,33.30,100.00,100.00
2026-05-16T08:41:39.003813,45.50,33.30,100.00,100.00
2026-05-16T08:41:39.107828,12.50,44.40,100.00,100.00
2026-05-16T08:41:39.211620,33.30,25.00,100.00,100.00
2026-05-16T08:41:39.315724,36.40,33.30,100.00,100.00
2026-05-16T08:41:39.419881,25.00,33.30,100.00,100.00
2026-05-16T08:41:39.524492,33.30,44.40,100.00,100.00
2026-05-16T08:41:39.628695,22.20,33.30,100.00,100.00
2026-05-16T08:41:39.732775,33.30,33.30,100.00,100.00
2026-05-16T08:41:39.836966,30.00,14.30,100.00,100.00
2026-05-16T08:41:39.940729,33.30,30.00,100.00,100.00
2026-05-16T08:41:40.044900,33.30,44.40,100.00,100.00
2026-05-16T08:41:40.148955,22.20,25.00,100.00,100.00
2026-05-16T08:41:40.252980,25.00,30.00,100.00,100.00
2026-05-16T08:41:40.357081,36.40,28.60,100.00,100.00
2026-05-16T08:41:40.461541,14.30,25.00,100.00,100.00
2026-05-16T08:41:40.565744,25.00,40.00,100.00,100.00
2026-05-16T08:41:40.669559,36.40,33.30,100.00,100.00
2026-05-16T08:41:40.774824,25.00,33.30,100.00,100.00
2026-05-16T08:41:40.879562,33.30,44.40,100.00,100.00
2026-05-16T08:41:40.983953,33.30,45.50,100.00,100.00
2026-05-16T08:41:41.088457,36.40,28.60,100.00,100.00
2026-05-16T08:41:41.192308,25.00,40.00,100.00,100.00
2026-05-16T08:41:41.296749,40.00,44.40,100.00,100.00
2026-05-16T08:41:41.401524,33.30,40.00,100.00,100.00
2026-05-16T08:41:41.505563,33.30,44.40,100.00,100.00
2026-05-16T08:41:41.609537,33.30,40.00,100.00,100.00
2026-05-16T08:41:41.713814,30.00,37.50,100.00,100.00
2026-05-16T08:41:41.818209,44.40,44.40,100.00,100.00
2026-05-16T08:41:41.922667,50.00,54.50,100.00,100.00
2026-05-16T08:41:42.027525,60.00,55.60,100.00,100.00
2026-05-16T08:41:42.134023,50.00,60.00,100.00,100.00
2026-05-16T08:41:42.238407,55.60,66.70,100.00,100.00
2026-05-16T08:41:42.342807,50.00,60.00,100.00,100.00
2026-05-16T08:41:42.447845,50.00,50.00,100.00,100.00
2026-05-16T08:41:42.553065,50.00,63.60,100.00,100.00
2026-05-16T08:41:42.659293,44.40,60.00,100.00,100.00
2026-05-16T08:41:42.764194,60.00,63.60,100.00,100.00
2026-05-16T08:41:42.868627,55.60,55.60,100.00,100.00
2026-05-16T08:41:42.973756,54.50,72.70,100.00,100.00
2026-05-16T08:41:43.079521,63.60,60.00,100.00,100.00
2026-05-16T08:41:43.184228,54.50,54.50,100.00,100.00
2026-05-16T08:41:43.292429,66.70,60.00,100.00,100.00
2026-05-16T08:41:43.396827,50.00,55.60,100.00,100.00
2026-05-16T08:41:43.502502,55.60,63.60,100.00,100.00
2026-05-16T08:41:43.609414,54.50,60.00,100.00,100.00
2026-05-16T08:41:43.716473,60.00,54.50,100.00,100.00
2026-05-16T08:41:43.821850,54.50,63.60,100.00,100.00
2026-05-16T08:41:43.928484,54.50,55.60,100.00,100.00
2026-05-16T08:41:44.032436,54.50,44.40,100.00,100.00
2026-05-16T08:41:44.137213,50.00,66.70,100.00,100.00
2026-05-16T08:41:44.242058,61.50,50.00,100.00,100.00
2026-05-16T08:41:44.346730,60.00,66.70,100.00,100.00
2026-05-16T08:41:44.450634,44.40,54.50,100.00,100.00
2026-05-16T08:41:44.556416,50.00,55.60,100.00,100.00
2026-05-16T08:41:44.660854,54.50,54.50,100.00,100.00
2026-05-16T08:41:44.764957,60.00,70.00,100.00,100.00
2026-05-16T08:41:44.870029,63.60,55.60,100.00,100.00
2026-05-16T08:41:44.976117,50.00,60.00,100.00,100.00
2026-05-16T08:41:45.080461,70.00,63.60,100.00,100.00
2026-05-16T08:41:45.185070,58.30,60.00,100.00,100.00
2026-05-16T08:41:45.290123,63.60,63.60,100.00,100.00
2026-05-16T08:41:45.394756,66.70,63.60,100.00,100.00
2026-05-16T08:41:45.498907,55.60,63.60,100.00,100.00
2026-05-16T08:41:45.603707,61.50,55.60,100.00,100.00
2026-05-16T08:41:45.708742,44.40,60.00,100.00,100.00
2026-05-16T08:41:45.812355,22.20,30.00,100.00,100.00
2026-05-16T08:41:45.916038,11.10,11.10,100.00,100.00
2026-05-16T08:41:46.019578,0.00,0.00,100.00,100.00
2026-05-16T08:41:46.123197,20.00,0.00,100.00,100.00
2026-05-16T08:41:46.226958,18.20,0.00,100.00,100.00
2026-05-16T08:41:46.330986,0.00,11.10,100.00,100.00
2026-05-16T08:41:46.434394,11.10,0.00,100.00,100.00
2026-05-16T08:41:46.537907,0.00,20.00,100.00,100.00
2026-05-16T08:41:46.641590,18.20,0.00,100.00,100.00
2026-05-16T08:41:46.745075,0.00,12.50,100.00,100.00
2026-05-16T08:41:46.848812,20.00,0.00,100.00,100.00
2026-05-16T08:41:46.952412,0.00,11.10,100.00,100.00
2026-05-16T08:41:47.055851,11.10,0.00,100.00,100.00
2026-05-16T08:41:47.160107,11.10,11.10,100.00,100.00
2026-05-16T08:41:47.264542,11.10,22.20,100.00,100.00
2026-05-16T08:41:47.368677,27.30,11.10,100.00,100.00
2026-05-16T08:41:47.472906,0.00,12.50,100.00,100.00
2026-05-16T08:41:47.576668,11.10,11.10,100.00,100.00
2026-05-16T08:41:47.680358,0.00,20.00,100.00,100.00
2026-05-16T08:41:47.783644,20.00,0.00,100.00,100.00
2026-05-16T08:41:47.887142,11.10,0.00,100.00,100.00
2026-05-16T08:41:47.991198,10.00,11.10,100.00,100.00
2026-05-16T08:41:48.095503,20.00,11.10,100.00,100.00
2026-05-16T08:41:48.199755,11.10,11.10,100.00,100.00
2026-05-16T08:41:48.303579,0.00,0.00,100.00,100.00
2026-05-16T08:41:48.407124,20.00,11.10,100.00,100.00
2026-05-16T08:41:48.511197,0.00,0.00,100.00,100.00
2026-05-16T08:41:48.614917,27.30,11.10,100.00,100.00
2026-05-16T08:41:48.719184,11.10,22.20,100.00,100.00
2026-05-16T08:41:48.823127,20.00,0.00,100.00,100.00
2026-05-16T08:41:48.927209,11.10,0.00,100.00,100.00
2026-05-16T08:41:49.031585,11.10,11.10,100.00,100.00
2026-05-16T08:41:49.135500,11.10,0.00,100.00,100.00
2026-05-16T08:41:49.239051,20.00,20.00,100.00,100.00
2026-05-16T08:41:49.342719,20.00,11.10,100.00,100.00
2026-05-16T08:41:49.446527,11.10,0.00,100.00,100.00
2026-05-16T08:41:49.550604,0.00,0.00,100.00,100.00
2026-05-16T08:41:49.655293,0.00,22.20,100.00,100.00
2026-05-16T08:41:49.760755,30.00,22.20,100.00,100.00
2026-05-16T08:41:49.866588,75.00,90.00,100.00,100.00
2026-05-16T08:41:49.971637,66.70,90.90,100.00,100.00
2026-05-16T08:41:50.076046,83.30,72.70,100.00,100.00
2026-05-16T08:41:50.182536,80.00,81.80,100.00,100.00
2026-05-16T08:41:50.287196,66.70,83.30,100.00,100.00
2026-05-16T08:41:50.393138,60.00,90.00,100.00,100.00
2026-05-16T08:41:50.497607,70.00,90.90,100.00,100.00
2026-05-16T08:41:50.602081,72.70,91.70,100.00,100.00
2026-05-16T08:41:50.710075,81.80,100.00,100.00,100.00
2026-05-16T08:41:50.815383,72.70,83.30,100.00,100.00
2026-05-16T08:41:50.920151,66.70,88.90,100.00,100.00
2026-05-16T08:41:51.025849,72.70,75.00,100.00,100.00
2026-05-16T08:41:51.129829,81.80,81.80,100.00,100.00
2026-05-16T08:41:51.234150,80.00,81.80,100.00,100.00
2026-05-16T08:41:51.340481,70.00,81.80,100.00,100.00
2026-05-16T08:41:51.445709,75.00,80.00,100.00,100.00
2026-05-16T08:41:51.551377,70.00,83.30,100.00,100.00
2026-05-16T08:41:51.655536,80.00,80.00,100.00,100.00
2026-05-16T08:41:51.762639,80.00,83.30,100.00,100.00
2026-05-16T08:41:51.867123,72.70,88.90,100.00,100.00
2026-05-16T08:41:51.973593,72.70,81.80,100.00,100.00
2026-05-16T08:41:52.078018,81.80,80.00,100.00,100.00
2026-05-16T08:41:52.184634,75.00,81.80,100.00,100.00
2026-05-16T08:41:52.288699,77.80,72.70,100.00,100.00
2026-05-16T08:41:52.393193,75.00,83.30,100.00,100.00
2026-05-16T08:41:52.497521,77.80,80.00,100.00,100.00
2026-05-16T08:41:52.604828,70.00,83.30,100.00,100.00
2026-05-16T08:41:52.709086,75.00,88.90,100.00,100.00
2026-05-16T08:41:52.813970,80.00,83.30,100.00,100.00
2026-05-16T08:41:52.918253,75.00,80.00,100.00,100.00
2026-05-16T08:41:53.023820,70.00,81.80,100.00,100.00
2026-05-16T08:41:53.127893,80.00,83.30,100.00,100.00
2026-05-16T08:41:53.233128,72.70,81.80,100.00,100.00
2026-05-16T08:41:53.339153,90.00,90.90,100.00,100.00
2026-05-16T08:41:53.443532,80.00,90.90,100.00,100.00
2026-05-16T08:41:53.549047,75.00,90.00,100.00,100.00
2026-05-16T08:41:53.655163,77.80,90.90,100.00,100.00
2026-05-16T08:41:53.760419,72.70,81.80,100.00,100.00
2026-05-16T08:41:53.864816,77.80,81.80,100.00,100.00
2026-05-16T08:41:53.968986,72.70,75.00,100.00,100.00
2026-05-16T08:41:54.073532,72.70,81.80,100.00,100.00
2026-05-16T08:41:54.178478,72.70,81.80,100.00,100.00
2026-05-16T08:41:54.284580,72.70,83.30,100.00,100.00
2026-05-16T08:41:54.388604,72.70,81.80,100.00,100.00
2026-05-16T08:41:54.494751,80.00,81.80,100.00,100.00
2026-05-16T08:41:54.600497,75.00,70.00,100.00,100.00
2026-05-16T08:41:54.706696,80.00,80.00,100.00,100.00
2026-05-16T08:41:54.812260,70.00,83.30,100.00,100.00
2026-05-16T08:41:54.916694,72.70,80.00,100.00,100.00
2026-05-16T08:41:55.022817,72.70,72.70,100.00,100.00
2026-05-16T08:41:55.128791,72.70,90.00,100.00,100.00
2026-05-16T08:41:55.233732,81.80,72.70,100.00,100.00
2026-05-16T08:41:55.338718,81.80,90.00,100.00,100.00
2026-05-16T08:41:55.444609,83.30,81.80,100.00,100.00
2026-05-16T08:41:55.550593,70.00,70.00,100.00,100.00
2026-05-16T08:41:55.655965,72.70,81.80,100.00,100.00
2026-05-16T08:41:55.762050,91.70,75.00,100.00,100.00
2026-05-16T08:41:55.866941,80.00,81.80,100.00,100.00
2026-05-16T08:41:55.973601,81.80,80.00,100.00,100.00
2026-05-16T08:41:56.081712,81.80,75.00,100.00,100.00
2026-05-16T08:41:56.187070,81.80,80.00,100.00,100.00
2026-05-16T08:41:56.293748,72.70,75.00,100.00,100.00
2026-05-16T08:41:56.398432,77.80,83.30,100.00,100.00
2026-05-16T08:41:56.505373,81.80,72.70,100.00,100.00
2026-05-16T08:41:56.609149,80.00,80.00,100.00,100.00
2026-05-16T08:41:56.717755,72.70,81.80,100.00,100.00
2026-05-16T08:41:56.825356,81.80,81.80,100.00,100.00
2026-05-16T08:41:56.929531,90.90,70.00,100.00,100.00
2026-05-16T08:41:57.033645,70.00,70.00,100.00,100.00
2026-05-16T08:41:57.141018,76.90,75.00,100.00,100.00
2026-05-16T08:41:57.245247,77.80,70.00,100.00,100.00
2026-05-16T08:41:57.352108,83.30,90.00,100.00,100.00
2026-05-16T08:41:57.458924,81.80,81.80,100.00,100.00
2026-05-16T08:41:57.564673,80.00,81.80,100.00,100.00
2026-05-16T08:41:57.670360,72.70,91.70,100.00,100.00
2026-05-16T08:41:57.776996,81.80,80.00,100.00,100.00
2026-05-16T08:41:57.883007,90.00,90.00,100.00,100.00
2026-05-16T08:41:57.988822,90.00,100.00,100.00,100.00
2026-05-16T08:41:58.096001,80.00,90.90,100.00,100.00
2026-05-16T08:41:58.325165,95.50,91.30,100.00,100.00
2026-05-16T08:41:58.430463,70.00,75.00,83.30,22.20
2026-05-16T08:41:58.536567,63.60,72.70,81.80,20.00
2026-05-16T08:41:58.641326,72.70,72.70,81.80,30.00
2026-05-16T08:41:58.745886,72.70,66.70,70.00,22.20
2026-05-16T08:41:58.850840,70.00,69.20,76.90,20.00
2026-05-16T08:41:58.955928,66.70,75.00,81.80,30.00
2026-05-16T08:41:59.060990,66.70,66.70,83.30,22.20
2026-05-16T08:41:59.167488,80.00,80.00,81.80,22.20
2026-05-16T08:41:59.272265,63.60,66.70,81.80,22.20
2026-05-16T08:41:59.377220,70.00,75.00,75.00,22.20
2026-05-16T08:41:59.483380,70.00,70.00,83.30,27.30
2026-05-16T08:41:59.588977,72.70,66.70,75.00,30.00
2026-05-16T08:41:59.694017,63.60,70.00,81.80,22.20
2026-05-16T08:41:59.798711,72.70,72.70,81.80,20.00
2026-05-16T08:41:59.903405,70.00,75.00,72.70,12.50
2026-05-16T08:42:00.008705,70.00,70.00,83.30,20.00
2026-05-16T08:42:00.113498,72.70,75.00,81.80,22.20
2026-05-16T08:42:00.218109,70.00,66.70,81.80,22.20
2026-05-16T08:42:00.322752,70.00,70.00,75.00,30.00
2026-05-16T08:42:00.427186,72.70,70.00,83.30,20.00
2026-05-16T08:42:00.532725,70.00,75.00,81.80,22.20
2026-05-16T08:42:00.638158,63.60,63.60,75.00,22.20
2026-05-16T08:42:00.743534,75.00,72.70,81.80,20.00
2026-05-16T08:42:00.848341,70.00,72.70,75.00,22.20
2026-05-16T08:42:00.954087,66.70,66.70,81.80,22.20
2026-05-16T08:42:01.060109,70.00,75.00,75.00,20.00
2026-05-16T08:42:01.166248,75.00,72.70,81.80,22.20
2026-05-16T08:42:01.271658,66.70,66.70,75.00,30.00
2026-05-16T08:42:01.378340,75.00,76.90,83.30,22.20
2026-05-16T08:42:01.483038,60.00,81.80,80.00,22.20
2026-05-16T08:42:01.587667,66.70,70.00,83.30,22.20
2026-05-16T08:42:01.693068,70.00,66.70,75.00,27.30
2026-05-16T08:42:01.797145,50.00,44.40,60.00,11.10
2026-05-16T08:42:01.902220,30.00,22.20,36.40,11.10
2026-05-16T08:42:02.006032,30.00,36.40,33.30,27.30
2026-05-16T08:42:02.109623,25.00,25.00,33.30,11.10
2026-05-16T08:42:02.213260,30.00,22.20,22.20,20.00
2026-05-16T08:42:02.317099,22.20,30.00,33.30,11.10
2026-05-16T08:42:02.421219,30.00,22.20,36.40,33.30
2026-05-16T08:42:02.524869,25.00,33.30,33.30,11.10
2026-05-16T08:42:02.628626,22.20,22.20,30.00,20.00
2026-05-16T08:42:02.732266,22.20,12.50,33.30,10.00
2026-05-16T08:42:02.836231,36.40,30.00,22.20,11.10
2026-05-16T08:42:02.940133,12.50,30.00,40.00,20.00
2026-05-16T08:42:03.044164,22.20,25.00,30.00,20.00
2026-05-16T08:42:03.148213,22.20,22.20,25.00,18.20
2026-05-16T08:42:03.253261,30.00,22.20,22.20,11.10
2026-05-16T08:42:03.357007,25.00,30.00,40.00,20.00
2026-05-16T08:42:03.460850,22.20,22.20,30.00,20.00
2026-05-16T08:42:03.568352,40.00,33.30,33.30,11.10
2026-05-16T08:42:03.672442,30.00,22.20,25.00,27.30
2026-05-16T08:42:03.776462,22.20,22.20,30.00,11.10
2026-05-16T08:42:03.939320,35.70,46.70,56.30,21.40
2026-05-16T08:42:04.043664,45.50,33.30,100.00,20.00
2026-05-16T08:42:04.146926,25.00,37.50,100.00,18.20
2026-05-16T08:42:04.251519,44.40,45.50,100.00,20.00
2026-05-16T08:42:04.356632,40.00,40.00,100.00,20.00
2026-05-16T08:42:04.461598,44.40,37.50,100.00,20.00
2026-05-16T08:42:04.567033,40.00,50.00,100.00,20.00
2026-05-16T08:42:04.671013,40.00,44.40,100.00,11.10
2026-05-16T08:42:04.775090,40.00,14.30,100.00,25.00
2026-05-16T08:42:04.878621,37.50,50.00,100.00,20.00
2026-05-16T08:42:04.982481,40.00,33.30,100.00,20.00
2026-05-16T08:42:05.086241,45.50,44.40,100.00,22.20
2026-05-16T08:42:05.191027,50.00,45.50,100.00,18.20
2026-05-16T08:42:05.295124,33.30,37.50,100.00,20.00
2026-05-16T08:42:05.399614,33.30,45.50,100.00,20.00
2026-05-16T08:42:05.504439,37.50,14.30,100.00,11.10
2026-05-16T08:42:05.608907,33.30,54.50,100.00,11.10
2026-05-16T08:42:05.712790,50.00,40.00,100.00,20.00
2026-05-16T08:42:05.816816,22.20,22.20,100.00,18.20
2026-05-16T08:42:05.920401,27.30,0.00,100.00,18.20
2026-05-16T08:42:06.024736,27.30,20.00,100.00,11.10
2026-05-16T08:42:06.128643,30.00,20.00,100.00,10.00
2026-05-16T08:42:06.232741,11.10,30.00,100.00,10.00
2026-05-16T08:42:06.336513,27.30,20.00,100.00,25.00
2026-05-16T08:42:06.440381,30.00,12.50,100.00,10.00
2026-05-16T08:42:06.544167,27.30,11.10,100.00,11.10
2026-05-16T08:42:06.648290,36.40,12.50,100.00,10.00
2026-05-16T08:42:06.751652,11.10,20.00,100.00,18.20
2026-05-16T08:42:06.855074,20.00,22.20,100.00,11.10
2026-05-16T08:42:06.959103,20.00,12.50,100.00,18.20
2026-05-16T08:42:07.063775,22.20,20.00,100.00,20.00
2026-05-16T08:42:07.167174,27.30,30.00,100.00,10.00
2026-05-16T08:42:07.270703,20.00,30.00,100.00,11.10
2026-05-16T08:42:07.373842,36.40,11.10,100.00,10.00
2026-05-16T08:42:07.477984,0.00,22.20,100.00,20.00
2026-05-16T08:42:07.581435,20.00,20.00,100.00,10.00
2026-05-16T08:42:07.685019,33.30,12.50,100.00,11.10
2026-05-16T08:42:07.789209,22.20,22.20,100.00,10.00
2026-05-16T08:42:07.892937,33.30,20.00,100.00,10.00
2026-05-16T08:42:07.996563,27.30,11.10,100.00,20.00
2026-05-16T08:42:08.099858,20.00,12.50,100.00,10.00
2026-05-16T08:42:08.203408,33.30,11.10,100.00,18.20
2026-05-16T08:42:08.329519,30.80,11.10,100.00,18.20
2026-05-16T08:42:08.433825,20.00,27.30,100.00,100.00
2026-05-16T08:42:08.538146,11.10,12.50,100.00,100.00
2026-05-16T08:42:08.642092,20.00,30.00,100.00,100.00
2026-05-16T08:42:08.746258,22.20,0.00,100.00,100.00
2026-05-16T08:42:08.849972,20.00,22.20,100.00,100.00
2026-05-16T08:42:08.953737,0.00,11.10,100.00,100.00
2026-05-16T08:42:09.057814,20.00,12.50,100.00,100.00
2026-05-16T08:42:09.161476,11.10,12.50,100.00,100.00
2026-05-16T08:42:09.265324,12.50,11.10,100.00,100.00
2026-05-16T08:42:09.369417,27.30,12.50,100.00,100.00
2026-05-16T08:42:09.473523,0.00,12.50,100.00,100.00
2026-05-16T08:42:09.577541,22.20,22.20,100.00,100.00
2026-05-16T08:42:09.681000,11.10,0.00,100.00,100.00
2026-05-16T08:42:09.786611,50.00,37.50,100.00,100.00
2026-05-16T08:42:09.892855,66.70,83.30,100.00,100.00
2026-05-16T08:42:09.998694,75.00,81.80,100.00,100.00
2026-05-16T08:42:10.106112,75.00,70.00,100.00,100.00
2026-05-16T08:42:10.214657,91.70,66.70,100.00,100.00
2026-05-16T08:42:10.320791,62.50,80.00,100.00,100.00
2026-05-16T08:42:10.426844,63.60,90.90,100.00,100.00
2026-05-16T08:42:10.531619,66.70,83.30,100.00,100.00
2026-05-16T08:42:10.636600,55.60,83.30,100.00,100.00
2026-05-16T08:42:10.741318,60.00,81.80,100.00,100.00
2026-05-16T08:42:10.846959,63.60,80.00,100.00,100.00
2026-05-16T08:42:10.952586,55.60,83.30,100.00,100.00
2026-05-16T08:42:11.057202,80.00,81.80,100.00,100.00
2026-05-16T08:42:11.163677,70.00,72.70,100.00,100.00
2026-05-16T08:42:11.269586,81.80,91.70,100.00,100.00
2026-05-16T08:42:11.374918,60.00,83.30,100.00,100.00
2026-05-16T08:42:11.479698,70.00,80.00,100.00,100.00
2026-05-16T08:42:11.585595,66.70,75.00,100.00,100.00
2026-05-16T08:42:11.690842,66.70,75.00,100.00,100.00
2026-05-16T08:42:11.796258,63.60,75.00,100.00,100.00
2026-05-16T08:42:11.902350,72.70,70.00,100.00,100.00
2026-05-16T08:42:12.006673,70.00,75.00,100.00,100.00
2026-05-16T08:42:12.113026,66.70,72.70,100.00,100.00
2026-05-16T08:42:12.218508,70.00,75.00,100.00,100.00
2026-05-16T08:42:12.324095,60.00,70.00,100.00,100.00
2026-05-16T08:42:12.429444,72.70,80.00,100.00,100.00
2026-05-16T08:42:12.534400,55.60,72.70,100.00,100.00
2026-05-16T08:42:12.640041,66.70,81.80,100.00,100.00
2026-05-16T08:42:12.746458,60.00,76.90,100.00,100.00
2026-05-16T08:42:12.853155,72.70,75.00,100.00,100.00
2026-05-16T08:42:12.958575,60.00,72.70,100.00,100.00
2026-05-16T08:42:13.063367,66.70,75.00,100.00,100.00
2026-05-16T08:42:13.170491,63.60,72.70,100.00,100.00
2026-05-16T08:42:13.277962,72.70,80.00,100.00,100.00
2026-05-16T08:42:13.384246,72.70,75.00,100.00,100.00
2026-05-16T08:42:13.490466,72.70,75.00,100.00,100.00
2026-05-16T08:42:13.595117,60.00,72.70,100.00,100.00
2026-05-16T08:42:13.699439,72.70,80.00,100.00,100.00
2026-05-16T08:42:13.803400,25.00,33.30,100.00,100.00
2026-05-16T08:42:13.907179,20.00,22.20,100.00,100.00
2026-05-16T08:42:14.011532,20.00,22.20,100.00,100.00
2026-05-16T08:42:14.115420,12.50,12.50,100.00,100.00
2026-05-16T08:42:14.219427,20.00,11.10,100.00,100.00
2026-05-16T08:42:14.323874,11.10,12.50,100.00,100.00
2026-05-16T08:42:14.427717,12.50,22.20,100.00,100.00
2026-05-16T08:42:14.532247,30.00,12.50,100.00,100.00
2026-05-16T08:42:14.636251,12.50,22.20,100.00,100.00
2026-05-16T08:42:14.741044,20.00,22.20,100.00,100.00
2026-05-16T08:42:14.845101,30.00,12.50,100.00,100.00
2026-05-16T08:42:14.949627,12.50,12.50,100.00,100.00
2026-05-16T08:42:15.053731,30.00,12.50,100.00,100.00
2026-05-16T08:42:15.157708,30.00,33.30,100.00,100.00
2026-05-16T08:42:15.261948,22.20,12.50,100.00,100.00
2026-05-16T08:42:15.366428,12.50,22.20,100.00,100.00
2026-05-16T08:42:15.471371,22.20,25.00,100.00,100.00
2026-05-16T08:42:15.575846,22.20,12.50,100.00,100.00
2026-05-16T08:42:15.679705,12.50,30.00,100.00,100.00
2026-05-16T08:42:15.783702,22.20,0.00,100.00,100.00
2026-05-16T08:42:15.887606,11.10,22.20,100.00,100.00
2026-05-16T08:42:15.991276,22.20,0.00,100.00,100.00
2026-05-16T08:42:16.094925,11.10,20.00,100.00,100.00
2026-05-16T08:42:16.199052,11.10,0.00,100.00,100.00
2026-05-16T08:42:16.303577,22.20,22.20,100.00,100.00
2026-05-16T08:42:16.407504,20.00,30.00,100.00,100.00
2026-05-16T08:42:16.511279,0.00,0.00,100.00,100.00
2026-05-16T08:42:16.615164,11.10,22.20,100.00,100.00
2026-05-16T08:42:16.718787,12.50,12.50,100.00,100.00
2026-05-16T08:42:16.822488,20.00,12.50,100.00,100.00
2026-05-16T08:42:16.926783,0.00,22.20,100.00,100.00
2026-05-16T08:42:17.030862,11.10,0.00,100.00,100.00
2026-05-16T08:42:17.134840,11.10,22.20,100.00,100.00
2026-05-16T08:42:17.238708,22.20,12.50,100.00,100.00
2026-05-16T08:42:17.342341,11.10,12.50,100.00,100.00
2026-05-16T08:42:17.446603,12.50,11.10,100.00,100.00
2026-05-16T08:42:17.550347,20.00,12.50,100.00,100.00
2026-05-16T08:42:17.654722,12.50,12.50,100.00,100.00
2026-05-16T08:42:17.761135,36.40,40.00,100.00,100.00
2026-05-16T08:42:17.870556,100.00,81.80,100.00,100.00
2026-05-16T08:42:17.976867,91.70,80.00,100.00,100.00
2026-05-16T08:42:18.083683,80.00,90.00,100.00,100.00
2026-05-16T08:42:18.189907,90.90,90.90,100.00,100.00
2026-05-16T08:42:18.296284,81.80,100.00,100.00,100.00
2026-05-16T08:42:18.401745,90.00,100.00,100.00,100.00
2026-05-16T08:42:18.632656,95.70,91.70,95.70,100.00
2026-05-16T08:42:18.737349,72.70,70.00,81.80,30.00
2026-05-16T08:42:18.841846,63.60,72.70,75.00,22.20
2026-05-16T08:42:18.947368,70.00,72.70,80.00,22.20
2026-05-16T08:42:19.052071,72.70,72.70,76.90,11.10
2026-05-16T08:42:19.157091,66.70,63.60,80.00,22.20
2026-05-16T08:42:19.261821,70.00,72.70,75.00,41.70
2026-05-16T08:42:19.367150,70.00,66.70,81.80,22.20
2026-05-16T08:42:19.471727,70.00,72.70,75.00,22.20
2026-05-16T08:42:19.576631,72.70,66.70,83.30,20.00
2026-05-16T08:42:19.682181,72.70,70.00,81.80,30.00
2026-05-16T08:42:19.786863,63.60,72.70,75.00,30.00
2026-05-16T08:42:19.891991,72.70,66.70,81.80,20.00
2026-05-16T08:42:19.997135,72.70,66.70,75.00,12.50
2026-05-16T08:42:20.102896,63.60,75.00,80.00,22.20
2026-05-16T08:42:20.208650,72.70,72.70,81.80,30.00
2026-05-16T08:42:20.313691,70.00,70.00,78.60,22.20
2026-05-16T08:42:20.418316,75.00,72.70,81.80,20.00
2026-05-16T08:42:20.523359,66.70,63.60,75.00,12.50
2026-05-16T08:42:20.628819,75.00,70.00,83.30,30.00
2026-05-16T08:42:20.733985,66.70,70.00,81.80,27.30
2026-05-16T08:42:20.839145,70.00,70.00,75.00,22.20
2026-05-16T08:42:20.944150,63.60,60.00,75.00,11.10
2026-05-16T08:42:21.050219,75.00,72.70,80.00,22.20
2026-05-16T08:42:21.156175,66.70,70.00,76.90,20.00
2026-05-16T08:42:21.262093,75.00,70.00,81.80,22.20
2026-05-16T08:42:21.367187,66.70,71.40,83.30,22.20
2026-05-16T08:42:21.472101,66.70,70.00,80.00,30.00
2026-05-16T08:42:21.577591,70.00,72.70,76.90,20.00
2026-05-16T08:42:21.682796,72.70,70.00,80.00,12.50
2026-05-16T08:42:21.786638,60.00,44.40,66.70,36.40
2026-05-16T08:42:21.890999,30.00,40.00,25.00,11.10
2026-05-16T08:42:21.995395,25.00,12.50,33.30,11.10
2026-05-16T08:42:22.099362,30.00,22.20,30.00,20.00
2026-05-16T08:42:22.203503,22.20,33.30,40.00,18.20
2026-05-16T08:42:22.307884,40.00,36.40,25.00,11.10
2026-05-16T08:42:22.413009,30.00,22.20,30.00,10.00
2026-05-16T08:42:22.517513,22.20,25.00,33.30,11.10
2026-05-16T08:42:22.621466,12.50,30.00,22.20,20.00
2026-05-16T08:42:22.726015,40.00,22.20,45.50,11.10
2026-05-16T08:42:22.829617,22.20,25.00,33.30,18.20
2026-05-16T08:42:22.934232,22.20,22.20,36.40,11.10
2026-05-16T08:42:23.039085,36.40,36.40,25.00,11.10
2026-05-16T08:42:23.143161,25.00,22.20,45.50,18.20
2026-05-16T08:42:23.247704,30.00,36.40,33.30,11.10
2026-05-16T08:42:23.351928,22.20,14.30,36.40,20.00
2026-05-16T08:42:23.456510,40.00,22.20,33.30,18.20
2026-05-16T08:42:23.560442,22.20,30.00,33.30,20.00
2026-05-16T08:42:23.664486,25.00,14.30,33.30,11.10
2026-05-16T08:42:23.768982,30.00,30.00,30.00,11.10
2026-05-16T08:42:23.936047,40.00,43.70,53.30,25.00
2026-05-16T08:42:24.039632,40.00,44.40,100.00,10.00
2026-05-16T08:42:24.144514,25.00,33.30,100.00,11.10
2026-05-16T08:42:24.248314,40.00,40.00,100.00,20.00
2026-05-16T08:42:24.352293,33.30,33.30,100.00,11.10
2026-05-16T08:42:24.456296,40.00,44.40,100.00,27.30
2026-05-16T08:42:24.560829,33.30,33.30,100.00,10.00
2026-05-16T08:42:24.664845,40.00,33.30,100.00,20.00
2026-05-16T08:42:24.768935,44.40,50.00,100.00,20.00
2026-05-16T08:42:24.872875,25.00,33.30,100.00,20.00
2026-05-16T08:42:24.976561,45.50,33.30,100.00,11.10
2026-05-16T08:42:25.080635,30.00,40.00,100.00,25.00
2026-05-16T08:42:25.184587,44.40,37.50,100.00,12.50
2026-05-16T08:42:25.288429,33.30,45.50,100.00,33.30
2026-05-16T08:42:25.392119,40.00,44.40,100.00,11.10
2026-05-16T08:42:25.496732,37.50,33.30,100.00,11.10
2026-05-16T08:42:25.600199,40.00,44.40,100.00,11.10
2026-05-16T08:42:25.704375,33.30,33.30,100.00,20.00
2026-05-16T08:42:25.808631,25.00,44.40,100.00,10.00
2026-05-16T08:42:25.912129,44.40,45.50,100.00,30.00
2026-05-16T08:42:26.016228,25.00,33.30,100.00,20.00
2026-05-16T08:42:26.120154,45.50,44.40,100.00,20.00
2026-05-16T08:42:26.224169,33.30,50.00,100.00,11.10
2026-05-16T08:42:26.328177,40.00,40.00,100.00,20.00
2026-05-16T08:42:26.432413,37.50,37.50,100.00,27.30
2026-05-16T08:42:26.536414,40.00,50.00,100.00,20.00
2026-05-16T08:42:26.640592,37.50,45.50,100.00,11.10
2026-05-16T08:42:26.744776,45.50,44.40,100.00,20.00
2026-05-16T08:42:26.848945,44.40,40.00,100.00,20.00
2026-05-16T08:42:26.953182,33.30,44.40,100.00,18.20
2026-05-16T08:42:27.057524,45.50,33.30,100.00,11.10
2026-05-16T08:42:27.163115,40.00,44.40,100.00,22.20
2026-05-16T08:42:27.266986,37.50,45.50,100.00,27.30
2026-05-16T08:42:27.370409,50.00,37.50,100.00,11.10
2026-05-16T08:42:27.474330,44.40,37.50,100.00,20.00
2026-05-16T08:42:27.578207,25.00,50.00,100.00,10.00
2026-05-16T08:42:27.682134,40.00,50.00,100.00,20.00
2026-05-16T08:42:27.786412,33.30,33.30,100.00,20.00
2026-05-16T08:42:27.890015,37.50,37.50,100.00,20.00
2026-05-16T08:42:27.993833,45.50,33.30,100.00,11.10
2026-05-16T08:42:28.097775,25.00,44.40,100.00,20.00
2026-05-16T08:42:28.201749,45.50,45.50,100.00,20.00
2026-05-16T08:42:28.305606,40.00,44.40,100.00,20.00
2026-05-16T08:42:28.409831,37.50,40.00,100.00,11.10
2026-05-16T08:42:28.513730,40.00,44.40,100.00,27.30
2026-05-16T08:42:28.644021,36.40,45.50,100.00,30.80
2026-05-16T08:42:28.747812,37.50,44.40,100.00,100.00
2026-05-16T08:42:28.852045,50.00,50.00,100.00,100.00
2026-05-16T08:42:28.955945,25.00,28.60,100.00,100.00
2026-05-16T08:42:29.061115,40.00,40.00,100.00,100.00
2026-05-16T08:42:29.164983,44.40,44.40,100.00,100.00
2026-05-16T08:42:29.269964,44.40,50.00,100.00,100.00
2026-05-16T08:42:29.375603,50.00,55.60,100.00,100.00
2026-05-16T08:42:29.480834,40.00,50.00,100.00,100.00
2026-05-16T08:42:29.585129,33.30,50.00,100.00,100.00
2026-05-16T08:42:29.690672,50.00,50.00,100.00,100.00
2026-05-16T08:42:29.796164,50.00,63.60,100.00,100.00
2026-05-16T08:42:29.902645,70.00,70.00,100.00,100.00
2026-05-16T08:42:30.008774,60.00,75.00,100.00,100.00
2026-05-16T08:42:30.112993,70.00,63.60,100.00,100.00
2026-05-16T08:42:30.218166,63.60,72.70,100.00,100.00
2026-05-16T08:42:30.322934,70.00,72.70,100.00,100.00
2026-05-16T08:42:30.428897,75.00,60.00,100.00,100.00
2026-05-16T08:42:30.533424,72.70,70.00,100.00,100.00
2026-05-16T08:42:30.642035,75.00,72.70,100.00,100.00
2026-05-16T08:42:30.747807,63.60,63.60,100.00,100.00
2026-05-16T08:42:30.855802,63.60,66.70,100.00,100.00
2026-05-16T08:42:30.960788,70.00,66.70,100.00,100.00
2026-05-16T08:42:31.066151,72.70,66.70,100.00,100.00
2026-05-16T08:42:31.171408,54.50,63.60,100.00,100.00
2026-05-16T08:42:31.277183,72.70,63.60,100.00,100.00
2026-05-16T08:42:31.382943,63.60,66.70,100.00,100.00
2026-05-16T08:42:31.486915,63.60,55.60,100.00,100.00
2026-05-16T08:42:31.591891,70.00,66.70,100.00,100.00
2026-05-16T08:42:31.696223,66.70,60.00,100.00,100.00
2026-05-16T08:42:31.802368,55.60,63.60,100.00,100.00
2026-05-16T08:42:31.908148,63.60,63.60,100.00,100.00
2026-05-16T08:42:32.012519,63.60,72.70,100.00,100.00
2026-05-16T08:42:32.118549,72.70,63.60,100.00,100.00
2026-05-16T08:42:32.222635,70.00,72.70,100.00,100.00
2026-05-16T08:42:32.326699,72.70,63.60,100.00,100.00
2026-05-16T08:42:32.430895,81.80,70.00,100.00,100.00
2026-05-16T08:42:32.536682,72.70,55.60,100.00,100.00
2026-05-16T08:42:32.640876,63.60,63.60,100.00,100.00
2026-05-16T08:42:32.746021,72.70,70.00,100.00,100.00
2026-05-16T08:42:32.851435,63.60,63.60,100.00,100.00
2026-05-16T08:42:32.956155,63.60,60.00,100.00,100.00
2026-05-16T08:42:33.061619,63.60,66.70,100.00,100.00
2026-05-16T08:42:33.166384,63.60,55.60,100.00,100.00
2026-05-16T08:42:33.272888,70.00,63.60,100.00,100.00
2026-05-16T08:42:33.377120,70.00,63.60,100.00,100.00
2026-05-16T08:42:33.482616,66.70,55.60,100.00,100.00
2026-05-16T08:42:33.589602,70.00,60.00,100.00,100.00
2026-05-16T08:42:33.695338,66.70,60.00,100.00,100.00
2026-05-16T08:42:33.798816,40.00,40.00,100.00,100.00
2026-05-16T08:42:33.902175,11.10,0.00,100.00,100.00
2026-05-16T08:42:34.005846,0.00,0.00,100.00,100.00
2026-05-16T08:42:34.109645,20.00,20.00,100.00,100.00
2026-05-16T08:42:34.213187,11.10,11.10,100.00,100.00
2026-05-16T08:42:34.317019,20.00,0.00,100.00,100.00
2026-05-16T08:42:34.420596,11.10,11.10,100.00,100.00
2026-05-16T08:42:34.524025,11.10,0.00,100.00,100.00
2026-05-16T08:42:34.627626,27.30,11.10,100.00,100.00
2026-05-16T08:42:34.731538,11.10,11.10,100.00,100.00
2026-05-16T08:42:34.834927,0.00,0.00,100.00,100.00
2026-05-16T08:42:34.938427,20.00,0.00,100.00,100.00
2026-05-16T08:42:35.042072,20.00,20.00,100.00,100.00
2026-05-16T08:42:35.145723,11.10,12.50,100.00,100.00
2026-05-16T08:42:35.249456,12.50,11.10,100.00,100.00
2026-05-16T08:42:35.352964,20.00,0.00,100.00,100.00
2026-05-16T08:42:35.456748,11.10,11.10,100.00,100.00
2026-05-16T08:42:35.560430,20.00,0.00,100.00,100.00
2026-05-16T08:42:35.664453,11.10,0.00,100.00,100.00
2026-05-16T08:42:35.768208,20.00,20.00,100.00,100.00
2026-05-16T08:42:35.872003,11.10,0.00,100.00,100.00
2026-05-16T08:42:35.975852,10.00,12.50,100.00,100.00
2026-05-16T08:42:36.079464,0.00,11.10,100.00,100.00
2026-05-16T08:42:36.183103,20.00,11.10,100.00,100.00
2026-05-16T08:42:36.286788,11.10,11.10,100.00,100.00
2026-05-16T08:42:36.390696,20.00,11.10,100.00,100.00
2026-05-16T08:42:36.494201,20.00,0.00,100.00,100.00
2026-05-16T08:42:36.597729,11.10,20.00,100.00,100.00
2026-05-16T08:42:36.701276,27.30,12.50,100.00,100.00
2026-05-16T08:42:36.804915,11.10,0.00,100.00,100.00
2026-05-16T08:42:36.908807,20.00,0.00,100.00,100.00
2026-05-16T08:42:37.012184,20.00,11.10,100.00,100.00
2026-05-16T08:42:37.116014,11.10,0.00,100.00,100.00
2026-05-16T08:42:37.219462,11.10,12.50,100.00,100.00
2026-05-16T08:42:37.323508,20.00,20.00,100.00,100.00
2026-05-16T08:42:37.427048,11.10,0.00,100.00,100.00
2026-05-16T08:42:37.530690,11.10,11.10,100.00,100.00
2026-05-16T08:42:37.634324,11.10,12.50,100.00,100.00
2026-05-16T08:42:37.737846,11.10,0.00,100.00,100.00
2026-05-16T08:42:37.909482,94.40,88.20,100.00,100.00
2026-05-16T08:42:38.014869,81.80,75.00,90.90,100.00
2026-05-16T08:42:38.119541,80.00,81.80,90.00,100.00
2026-05-16T08:42:38.224586,75.00,72.70,84.60,100.00
2026-05-16T08:42:38.329688,81.80,81.80,81.80,100.00
2026-05-16T08:42:38.434671,72.70,72.70,90.90,100.00
2026-05-16T08:42:38.541659,80.00,81.80,84.60,100.00
2026-05-16T08:42:38.688888,80.00,78.60,86.70,100.00
2026-05-16T08:42:38.795572,83.30,83.30,91.70,33.30
2026-05-16T08:42:38.900835,81.80,81.80,90.00,12.50
2026-05-16T08:42:39.005956,81.80,81.80,90.90,22.20
2026-05-16T08:42:39.110385,80.00,80.00,90.90,22.20
2026-05-16T08:42:39.215200,80.00,72.70,80.00,20.00
2026-05-16T08:42:39.321227,70.00,80.00,91.70,22.20
2026-05-16T08:42:39.426489,81.80,83.30,90.00,12.50
2026-05-16T08:42:39.531077,80.00,81.80,83.30,40.00
2026-05-16T08:42:39.636514,81.80,81.80,100.00,22.20
2026-05-16T08:42:39.741590,80.00,81.80,90.90,12.50
2026-05-16T08:42:39.847079,77.80,72.70,83.30,30.00
2026-05-16T08:42:39.952614,81.80,81.80,90.00,22.20
2026-05-16T08:42:40.058053,81.80,83.30,90.90,22.20
2026-05-16T08:42:40.165112,70.00,81.80,91.70,30.00
2026-05-16T08:42:40.271117,83.30,81.80,90.90,22.20
2026-05-16T08:42:40.375946,80.00,88.90,91.70,33.30
2026-05-16T08:42:40.480999,80.00,83.30,90.90,22.20
2026-05-16T08:42:40.586338,72.70,80.00,90.00,30.00
2026-05-16T08:42:40.691708,80.00,72.70,83.30,22.20
2026-05-16T08:42:40.798250,81.80,83.30,90.90,30.00
2026-05-16T08:42:40.903322,80.00,83.30,90.90,22.20
2026-05-16T08:42:41.009464,76.90,81.80,90.90,22.20
2026-05-16T08:42:41.114992,80.00,77.80,83.30,12.50
2026-05-16T08:42:41.221445,81.80,81.80,90.00,22.20
2026-05-16T08:42:41.326063,80.00,72.70,83.30,36.40
2026-05-16T08:42:41.432314,75.00,81.80,90.00,22.20
2026-05-16T08:42:41.537002,81.80,81.80,91.70,22.20
2026-05-16T08:42:41.642074,81.80,91.70,90.90,12.50
2026-05-16T08:42:41.745648,80.00,70.00,90.00,22.20
2026-05-16T08:42:41.849092,30.00,30.00,22.20,20.00
2026-05-16T08:42:41.952583,0.00,0.00,22.20,20.00
2026-05-16T08:42:42.056199,30.00,22.20,22.20,11.10
2026-05-16T08:42:42.160042,30.00,20.00,12.50,18.20
2026-05-16T08:42:42.264250,11.10,30.00,33.30,11.10
2026-05-16T08:42:42.368159,12.50,12.50,30.00,11.10
2026-05-16T08:42:42.472866,30.00,22.20,22.20,18.20
2026-05-16T08:42:42.576614,22.20,12.50,25.00,11.10
2026-05-16T08:42:42.680220,30.00,27.30,30.00,20.00
2026-05-16T08:42:42.784897,30.00,12.50,22.20,18.20
2026-05-16T08:42:42.888717,12.50,22.20,30.00,11.10
2026-05-16T08:42:42.992604,30.00,12.50,22.20,10.00
2026-05-16T08:42:43.096907,12.50,30.00,25.00,11.10
2026-05-16T08:42:43.200343,20.00,20.00,22.20,18.20
2026-05-16T08:42:43.303922,30.00,25.00,36.40,20.00
2026-05-16T08:42:43.407719,22.20,20.00,12.50,11.10
2026-05-16T08:42:43.511174,12.50,12.50,22.20,10.00
2026-05-16T08:42:43.615109,22.20,22.20,25.00,20.00
2026-05-16T08:42:43.718989,12.50,22.20,22.20,11.10
2026-05-16T08:42:43.883521,35.70,33.30,35.70,31.20
2026-05-16T08:42:43.987332,22.20,25.00,100.00,27.30
2026-05-16T08:42:44.091459,25.00,30.00,100.00,11.10
2026-05-16T08:42:44.195388,22.20,33.30,100.00,20.00
2026-05-16T08:42:44.299096,33.30,33.30,100.00,11.10
2026-05-16T08:42:44.403040,25.00,33.30,100.00,10.00
2026-05-16T08:42:44.506354,30.00,25.00,100.00,20.00
2026-05-16T08:42:44.609800,22.20,33.30,100.00,20.00
2026-05-16T08:42:44.713924,33.30,33.30,100.00,10.00
2026-05-16T08:42:44.817469,25.00,25.00,100.00,20.00
2026-05-16T08:42:44.921547,22.20,36.40,100.00,10.00
2026-05-16T08:42:45.025199,33.30,25.00,100.00,11.10
2026-05-16T08:42:45.131833,33.30,28.60,100.00,30.00
2026-05-16T08:42:45.235398,30.00,40.00,100.00,27.30
2026-05-16T08:42:45.339425,33.30,25.00,100.00,20.00
2026-05-16T08:42:45.442993,30.00,33.30,100.00,10.00
2026-05-16T08:42:45.546705,33.30,25.00,100.00,11.10
2026-05-16T08:42:45.650427,12.50,33.30,100.00,20.00
2026-05-16T08:42:45.755004,33.30,40.00,100.00,20.00
2026-05-16T08:42:45.861547,60.00,63.60,100.00,27.30
2026-05-16T08:42:45.965701,60.00,63.60,100.00,11.10
2026-05-16T08:42:46.070004,60.00,60.00,100.00,11.10
2026-05-16T08:42:46.174226,60.00,63.60,100.00,27.30
2026-05-16T08:42:46.278688,60.00,60.00,100.00,22.20
2026-05-16T08:42:46.383505,60.00,66.70,100.00,20.00
2026-05-16T08:42:46.487817,63.60,55.60,100.00,20.00
2026-05-16T08:42:46.592311,55.60,63.60,100.00,20.00
2026-05-16T08:42:46.696152,60.00,66.70,100.00,11.10
2026-05-16T08:42:46.800160,58.30,54.50,100.00,20.00
2026-05-16T08:42:46.904902,60.00,72.70,100.00,12.50
2026-05-16T08:42:47.008994,60.00,55.60,100.00,20.00
2026-05-16T08:42:47.113060,55.60,66.70,100.00,20.00
2026-05-16T08:42:47.217633,63.60,60.00,100.00,20.00
2026-05-16T08:42:47.322062,63.60,66.70,100.00,22.20
2026-05-16T08:42:47.426876,60.00,55.60,100.00,20.00
2026-05-16T08:42:47.531149,60.00,60.00,100.00,11.10
2026-05-16T08:42:47.636262,60.00,63.60,100.00,27.30
2026-05-16T08:42:47.740199,63.60,60.00,100.00,30.00
2026-05-16T08:42:47.844560,54.50,60.00,100.00,20.00
2026-05-16T08:42:47.948932,66.70,60.00,100.00,11.10
2026-05-16T08:42:48.053825,63.60,66.70,100.00,22.20
2026-05-16T08:42:48.160441,54.50,63.60,100.00,11.10
2026-05-16T08:42:48.265023,60.00,55.60,100.00,27.30
2026-05-16T08:42:48.369220,63.60,63.60,100.00,20.00
2026-05-16T08:42:48.473488,66.70,60.00,100.00,12.50
2026-05-16T08:42:48.578141,66.70,60.00,100.00,20.00
2026-05-16T08:42:48.713754,64.30,71.40,100.00,38.50
2026-05-16T08:42:48.818872,63.60,72.70,100.00,100.00
2026-05-16T08:42:48.923550,60.00,55.60,100.00,100.00
2026-05-16T08:42:49.029534,54.50,60.00,100.00,100.00
2026-05-16T08:42:49.135356,66.70,54.50,100.00,100.00
2026-05-16T08:42:49.239771,63.60,72.70,100.00,100.00
2026-05-16T08:42:49.344988,60.00,60.00,100.00,100.00
2026-05-16T08:42:49.449881,50.00,63.60,100.00,100.00
2026-05-16T08:42:49.555395,66.70,50.00,100.00,100.00
2026-05-16T08:42:49.660151,72.70,63.60,100.00,100.00
2026-05-16T08:42:49.763924,50.00,44.40,100.00,100.00
2026-05-16T08:42:49.867653,20.00,12.50,100.00,100.00
2026-05-16T08:42:49.971294,12.50,30.00,100.00,100.00
2026-05-16T08:42:50.075468,22.20,0.00,100.00,100.00
2026-05-16T08:42:50.179864,20.00,12.50,100.00,100.00
2026-05-16T08:42:50.283588,22.20,22.20,100.00,100.00
2026-05-16T08:42:50.387410,12.50,0.00,100.00,100.00
2026-05-16T08:42:50.490936,20.00,22.20,100.00,100.00
2026-05-16T08:42:50.594818,12.50,12.50,100.00,100.00
2026-05-16T08:42:50.698583,22.20,30.00,100.00,100.00
2026-05-16T08:42:50.802591,12.50,12.50,100.00,100.00
2026-05-16T08:42:50.906307,20.00,12.50,100.00,100.00
2026-05-16T08:42:51.010096,12.50,12.50,100.00,100.00
2026-05-16T08:42:51.113728,22.20,22.20,100.00,100.00
2026-05-16T08:42:51.217654,11.10,22.20,100.00,100.00
2026-05-16T08:42:51.321957,22.20,12.50,100.00,100.00
2026-05-16T08:42:51.426426,20.00,12.50,100.00,100.00
2026-05-16T08:42:51.530548,12.50,12.50,100.00,100.00
2026-05-16T08:42:51.634985,22.20,22.20,100.00,100.00
2026-05-16T08:42:51.739008,11.10,20.00,100.00,100.00
2026-05-16T08:42:51.843556,22.20,14.30,100.00,100.00
2026-05-16T08:42:51.947570,22.20,22.20,100.00,100.00
2026-05-16T08:42:52.051859,12.50,12.50,100.00,100.00
2026-05-16T08:42:52.155624,12.50,22.20,100.00,100.00
2026-05-16T08:42:52.259862,20.00,11.10,100.00,100.00
2026-05-16T08:42:52.363564,12.50,12.50,100.00,100.00
2026-05-16T08:42:52.467532,30.00,14.30,100.00,100.00
2026-05-16T08:42:52.571495,0.00,30.00,100.00,100.00
2026-05-16T08:42:52.675320,30.00,12.50,100.00,100.00
2026-05-16T08:42:52.779319,11.10,12.50,100.00,100.00
2026-05-16T08:42:52.882882,22.20,12.50,100.00,100.00
2026-05-16T08:42:52.986494,30.00,0.00,100.00,100.00
2026-05-16T08:42:53.090178,11.10,12.50,100.00,100.00
2026-05-16T08:42:53.193882,0.00,30.00,100.00,100.00
2026-05-16T08:42:53.298028,36.40,12.50,100.00,100.00
2026-05-16T08:42:53.402540,22.20,22.20,100.00,100.00
2026-05-16T08:42:53.506102,12.50,12.50,100.00,100.00
2026-05-16T08:42:53.610166,22.20,22.20,100.00,100.00
2026-05-16T08:42:53.714663,30.00,12.50,100.00,100.00
2026-05-16T08:42:53.819963,54.50,50.00,100.00,100.00
2026-05-16T08:42:53.925561,44.40,66.70,100.00,100.00
2026-05-16T08:42:54.030746,54.50,55.60,100.00,100.00
2026-05-16T08:42:54.135023,50.00,66.70,100.00,100.00
2026-05-16T08:42:54.240672,63.60,63.60,100.00,100.00
2026-05-16T08:42:54.346516,55.60,66.70,100.00,100.00
2026-05-16T08:42:54.451508,61.50,50.00,100.00,100.00
2026-05-16T08:42:54.557648,55.60,60.00,100.00,100.00
2026-05-16T08:42:54.661817,58.30,54.50,100.00,100.00
2026-05-16T08:42:54.767031,60.00,72.70,100.00,100.00
2026-05-16T08:42:54.872695,44.40,63.60,100.00,100.00
2026-05-16T08:42:54.978319,60.00,72.70,100.00,100.00
2026-05-16T08:42:55.084215,58.30,60.00,100.00,100.00
2026-05-16T08:42:55.190637,66.70,72.70,100.00,100.00
2026-05-16T08:42:55.295331,60.00,70.00,100.00,100.00
2026-05-16T08:42:55.402149,66.70,63.60,100.00,100.00
2026-05-16T08:42:55.507405,54.50,66.70,100.00,100.00
2026-05-16T08:42:55.612053,50.00,55.60,100.00,100.00
2026-05-16T08:42:55.716472,60.00,60.00,100.00,100.00
2026-05-16T08:42:56.212196,82.00,82.40,100.00,77.10
2026-05-16T08:42:56.318816,63.60,72.70,100.00,100.00
2026-05-16T08:42:56.425126,62.50,66.70,100.00,100.00
2026-05-16T08:42:56.532415,63.60,66.70,100.00,100.00
2026-05-16T08:42:56.637399,54.50,70.00,100.00,100.00
2026-05-16T08:42:56.743420,63.60,63.60,100.00,100.00
2026-05-16T08:42:56.848937,63.60,63.60,100.00,100.00
2026-05-16T08:42:56.953797,63.60,63.60,100.00,100.00
2026-05-16T08:42:57.058400,50.00,55.60,100.00,100.00
2026-05-16T08:42:57.163064,60.00,63.60,100.00,100.00
2026-05-16T08:42:57.268853,54.50,50.00,100.00,100.00
2026-05-16T08:42:57.374061,63.60,63.60,100.00,100.00
2026-05-16T08:42:57.479181,60.00,60.00,100.00,100.00
2026-05-16T08:42:57.584444,63.60,63.60,100.00,100.00
2026-05-16T08:42:57.689852,44.40,60.00,100.00,100.00
2026-05-16T08:42:57.796966,66.70,60.00,100.00,100.00
2026-05-16T08:42:57.902076,62.50,60.00,100.00,100.00
2026-05-16T08:42:58.007485,66.70,72.70,100.00,100.00
2026-05-16T08:42:58.111188,70.00,63.60,100.00,100.00
2026-05-16T08:42:58.216903,72.70,72.70,100.00,100.00
2026-05-16T08:42:58.321529,63.60,66.70,100.00,100.00
2026-05-16T08:42:58.426126,60.00,58.30,100.00,100.00
2026-05-16T08:42:58.530829,66.70,70.00,100.00,100.00
2026-05-16T08:42:58.635286,63.60,63.60,100.00,100.00
2026-05-16T08:42:58.739609,60.00,55.60,100.00,100.00
2026-05-16T08:42:58.843986,60.00,63.60,100.00,100.00
2026-05-16T08:42:58.948154,66.70,75.00,100.00,100.00
2026-05-16T08:42:59.053464,70.00,70.00,100.00,100.00
2026-05-16T08:42:59.158320,60.00,66.70,100.00,100.00
2026-05-16T08:42:59.264347,63.60,81.80,100.00,100.00
2026-05-16T08:42:59.370951,60.00,72.70,100.00,100.00
2026-05-16T08:42:59.477153,72.70,60.00,100.00,100.00
2026-05-16T08:42:59.581511,63.60,66.70,100.00,100.00
2026-05-16T08:42:59.686505,70.00,55.60,100.00,100.00
2026-05-16T08:42:59.792437,63.60,70.00,100.00,100.00
2026-05-16T08:42:59.896414,63.60,72.70,100.00,100.00
2026-05-16T08:43:00.000548,66.70,72.70,100.00,100.00
2026-05-16T08:43:00.104801,60.00,72.70,100.00,100.00
2026-05-16T08:43:00.208950,60.00,72.70,100.00,100.00
2026-05-16T08:43:00.313174,61.50,69.20,100.00,100.00
2026-05-16T08:43:00.417414,55.60,60.00,100.00,100.00
2026-05-16T08:43:00.522613,63.60,63.60,100.00,100.00
2026-05-16T08:43:00.626820,63.60,60.00,100.00,100.00
2026-05-16T08:43:00.731421,55.60,70.00,100.00,100.00
2026-05-16T08:43:00.835703,63.60,63.60,100.00,100.00
2026-05-16T08:43:00.941084,58.30,66.70,100.00,100.00
2026-05-16T08:43:01.044801,42.90,72.70,100.00,100.00
2026-05-16T08:43:01.150154,54.50,66.70,100.00,100.00
2026-05-16T08:43:01.254113,63.60,60.00,100.00,100.00
2026-05-16T08:43:01.358338,60.00,72.70,100.00,100.00
2026-05-16T08:43:01.463603,60.00,66.70,100.00,100.00
2026-05-16T08:43:01.569925,63.60,60.00,100.00,100.00
2026-05-16T08:43:01.674816,72.70,70.00,100.00,100.00
2026-05-16T08:43:01.780662,81.80,70.00,100.00,100.00
2026-05-16T08:43:01.885338,75.00,81.80,100.00,100.00
2026-05-16T08:43:01.991192,70.00,83.30,100.00,100.00
2026-05-16T08:43:02.096047,80.00,80.00,100.00,100.00
2026-05-16T08:43:02.200965,72.70,81.80,100.00,100.00
2026-05-16T08:43:02.307083,70.00,81.80,100.00,100.00
2026-05-16T08:43:02.411662,70.00,75.00,100.00,100.00
2026-05-16T08:43:02.517137,66.70,81.80,100.00,100.00
2026-05-16T08:43:02.624046,81.80,75.00,100.00,100.00
2026-05-16T08:43:02.728561,70.00,81.80,100.00,100.00
2026-05-16T08:43:02.832338,70.00,81.80,100.00,100.00
2026-05-16T08:43:02.938829,70.00,81.80,100.00,100.00
2026-05-16T08:43:03.044671,72.70,81.80,100.00,100.00
2026-05-16T08:43:03.150141,81.80,72.70,100.00,100.00
2026-05-16T08:43:03.255238,72.70,72.70,100.00,100.00
2026-05-16T08:43:03.361484,70.00,83.30,100.00,100.00
2026-05-16T08:43:03.465646,72.70,81.80,100.00,100.00
2026-05-16T08:43:03.570337,70.00,81.80,100.00,100.00
2026-05-16T08:43:03.674541,70.00,90.00,100.00,100.00
2026-05-16T08:43:03.780272,70.00,76.90,100.00,100.00
2026-05-16T08:43:03.884679,55.60,80.00,100.00,100.00
2026-05-16T08:43:03.989586,72.70,75.00,100.00,100.00
2026-05-16T08:43:04.095021,70.00,72.70,100.00,100.00
2026-05-16T08:43:04.199965,70.00,81.80,100.00,100.00
2026-05-16T08:43:04.304354,60.00,75.00,100.00,100.00
2026-05-16T08:43:04.408802,72.70,80.00,100.00,100.00
2026-05-16T08:43:04.513479,72.70,69.20,100.00,100.00
2026-05-16T08:43:04.618105,66.70,80.00,100.00,100.00
2026-05-16T08:43:04.722393,63.60,72.70,100.00,100.00
2026-05-16T08:43:04.827617,70.00,72.70,100.00,100.00
2026-05-16T08:43:04.932113,66.70,72.70,100.00,100.00
2026-05-16T08:43:05.036624,72.70,72.70,100.00,100.00
2026-05-16T08:43:05.141053,66.70,72.70,100.00,100.00
2026-05-16T08:43:05.246678,75.00,81.80,100.00,100.00
2026-05-16T08:43:05.350710,60.00,72.70,100.00,100.00
2026-05-16T08:43:05.456059,72.70,72.70,100.00,100.00
2026-05-16T08:43:05.561625,72.70,72.70,100.00,100.00
2026-05-16T08:43:05.666746,72.70,72.70,100.00,100.00
2026-05-16T08:43:05.772654,72.70,72.70,100.00,100.00
2026-05-16T08:43:05.876739,72.70,70.00,100.00,100.00
2026-05-16T08:43:05.981440,63.60,63.60,100.00,100.00
2026-05-16T08:43:06.085903,60.00,70.00,100.00,100.00
2026-05-16T08:43:06.190457,63.60,66.70,100.00,100.00
2026-05-16T08:43:06.295590,63.60,70.00,100.00,100.00
2026-05-16T08:43:06.401400,66.70,69.20,100.00,100.00
2026-05-16T08:43:06.506424,62.50,66.70,100.00,100.00
2026-05-16T08:43:06.611975,75.00,70.00,100.00,100.00
2026-05-16T08:43:06.716734,66.70,60.00,100.00,100.00
2026-05-16T08:43:06.821162,50.00,63.60,100.00,100.00
2026-05-16T08:43:06.925305,60.00,63.60,100.00,100.00
2026-05-16T08:43:07.030556,54.50,66.70,100.00,100.00
2026-05-16T08:43:07.135528,63.60,55.60,100.00,100.00
2026-05-16T08:43:07.240927,63.60,63.60,100.00,100.00
2026-05-16T08:43:07.346179,66.70,58.30,100.00,100.00
2026-05-16T08:43:07.451946,50.00,60.00,100.00,100.00
2026-05-16T08:43:07.557626,60.00,55.60,100.00,100.00
2026-05-16T08:43:07.662723,66.70,60.00,100.00,100.00
2026-05-16T08:43:07.767976,50.00,63.60,100.00,100.00
2026-05-16T08:43:07.872615,72.70,63.60,100.00,100.00
2026-05-16T08:43:07.976577,66.70,60.00,100.00,100.00
2026-05-16T08:43:08.081917,60.00,75.00,100.00,100.00
2026-05-16T08:43:08.186158,70.00,63.60,100.00,100.00
2026-05-16T08:43:08.290640,66.70,60.00,100.00,100.00
2026-05-16T08:43:08.396046,60.00,60.00,100.00,100.00
2026-05-16T08:43:08.501680,60.00,72.70,100.00,100.00
2026-05-16T08:43:08.605581,66.70,66.70,100.00,100.00
2026-05-16T08:43:08.709571,60.00,70.00,100.00,100.00
2026-05-16T08:43:08.815228,54.50,54.50,100.00,100.00
2026-05-16T08:43:08.920957,63.60,63.60,100.00,100.00
2026-05-16T08:43:09.025641,55.60,63.60,100.00,100.00
2026-05-16T08:43:09.130482,58.30,60.00,100.00,100.00
2026-05-16T08:43:09.234572,60.00,63.60,100.00,100.00
2026-05-16T08:43:09.339981,60.00,63.60,100.00,100.00
2026-05-16T08:43:09.444877,54.50,63.60,100.00,100.00
2026-05-16T08:43:09.549146,70.00,60.00,100.00,100.00
2026-05-16T08:43:09.654625,63.60,50.00,100.00,100.00
2026-05-16T08:43:09.758660,63.60,70.00,100.00,100.00
2026-05-16T08:43:09.862959,37.50,33.30,100.00,100.00
2026-05-16T08:43:09.966719,40.00,45.50,100.00,100.00
2026-05-16T08:43:10.071057,40.00,37.50,100.00,100.00
2026-05-16T08:43:10.175135,33.30,33.30,100.00,100.00
2026-05-16T08:43:10.279344,33.30,44.40,100.00,100.00
2026-05-16T08:43:10.384374,33.30,33.30,100.00,100.00
2026-05-16T08:43:10.489330,40.00,37.50,100.00,100.00
2026-05-16T08:43:10.594129,33.30,40.00,100.00,100.00
2026-05-16T08:43:10.698544,33.30,45.50,100.00,100.00
2026-05-16T08:43:10.802372,40.00,44.40,100.00,100.00
2026-05-16T08:43:10.907166,37.50,25.00,100.00,100.00
2026-05-16T08:43:11.012506,36.40,45.50,100.00,100.00
2026-05-16T08:43:11.116388,33.30,37.50,100.00,100.00
2026-05-16T08:43:11.220536,25.00,30.00,100.00,100.00
2026-05-16T08:43:11.324259,40.00,37.50,100.00,100.00
2026-05-16T08:43:11.428433,22.20,22.20,100.00,100.00
2026-05-16T08:43:11.532838,33.30,33.30,100.00,100.00
2026-05-16T08:43:11.636710,33.30,33.30,100.00,100.00
2026-05-16T08:43:11.740659,30.00,40.00,100.00,100.00
2026-05-16T08:43:11.844676,33.30,25.00,100.00,100.00
2026-05-16T08:43:11.948286,33.30,25.00,100.00,100.00
2026-05-16T08:43:12.052561,33.30,40.00,100.00,100.00
2026-05-16T08:43:12.156515,30.00,25.00,100.00,100.00
2026-05-16T08:43:12.260146,40.00,33.30,100.00,100.00
2026-05-16T08:43:12.364507,22.20,33.30,100.00,100.00
2026-05-16T08:43:12.468808,25.00,40.00,100.00,100.00
2026-05-16T08:43:12.572642,33.30,33.30,100.00,100.00
2026-05-16T08:43:12.676296,36.40,33.30,100.00,100.00
2026-05-16T08:43:12.780177,33.30,33.30,100.00,100.00
2026-05-16T08:43:12.884501,25.00,30.00,100.00,100.00
2026-05-16T08:43:12.988923,25.00,25.00,100.00,100.00
2026-05-16T08:43:13.093061,30.00,33.30,100.00,100.00
2026-05-16T08:43:13.197921,33.30,33.30,100.00,100.00
2026-05-16T08:43:13.302051,33.30,44.40,100.00,100.00
2026-05-16T08:43:13.406053,40.00,30.00,100.00,100.00
2026-05-16T08:43:13.510161,22.20,33.30,100.00,100.00
2026-05-16T08:43:13.614538,40.00,33.30,100.00,100.00
2026-05-16T08:43:13.718563,33.30,25.00,100.00,100.00
2026-05-16T08:43:13.823834,81.80,80.00,100.00,100.00
2026-05-16T08:43:13.932001,90.90,83.30,100.00,100.00
2026-05-16T08:43:14.040191,88.90,90.90,100.00,100.00
2026-05-16T08:43:14.144317,90.00,90.90,100.00,100.00
2026-05-16T08:43:14.250687,81.80,90.00,100.00,100.00
2026-05-16T08:43:14.356021,90.90,100.00,100.00,100.00
2026-05-16T08:43:14.568888,90.50,95.50,100.00,100.00
2026-05-16T08:43:14.675397,80.00,80.00,90.90,30.00
2026-05-16T08:43:14.780065,72.70,81.80,83.30,22.20
2026-05-16T08:43:14.885807,80.00,72.70,90.00,12.50
2026-05-16T08:43:14.990781,72.70,80.00,90.90,20.00
2026-05-16T08:43:15.095187,75.00,72.70,84.60,22.20
2026-05-16T08:43:15.200255,80.00,81.80,80.00,40.00
2026-05-16T08:43:15.304708,70.00,70.00,83.30,22.20
2026-05-16T08:43:15.409678,80.00,81.80,90.90,22.20
2026-05-16T08:43:15.515200,75.00,75.00,90.90,30.00
2026-05-16T08:43:15.619990,80.00,80.00,90.90,22.20
2026-05-16T08:43:15.728465,75.00,75.00,83.30,22.20
2026-05-16T08:43:15.833883,80.00,80.00,91.70,22.20
2026-05-16T08:43:15.939363,75.00,75.00,70.00,30.00
2026-05-16T08:43:16.044370,72.70,72.70,90.90,22.20
2026-05-16T08:43:16.149688,70.00,80.00,81.80,22.20
2026-05-16T08:43:16.254888,77.80,80.00,83.30,22.20
2026-05-16T08:43:16.360330,75.00,83.30,88.90,22.20
2026-05-16T08:43:16.465606,80.00,80.00,83.30,22.20
2026-05-16T08:43:16.570938,72.70,81.80,83.30,22.20
2026-05-16T08:43:16.675462,80.00,75.00,81.80,22.20
2026-05-16T08:43:16.780675,75.00,72.70,90.00,22.20
2026-05-16T08:43:16.886172,77.80,81.80,83.30,30.00
2026-05-16T08:43:16.991713,72.70,75.00,91.70,20.00
2026-05-16T08:43:17.097353,81.80,81.80,90.90,12.50
2026-05-16T08:43:17.202126,83.30,80.00,83.30,22.20
2026-05-16T08:43:17.307695,72.70,75.00,90.90,36.40
2026-05-16T08:43:17.412845,80.00,77.80,83.30,22.20
2026-05-16T08:43:17.518845,72.70,75.00,83.30,12.50
2026-05-16T08:43:17.624886,81.80,80.00,90.00,22.20
2026-05-16T08:43:17.731676,81.80,72.70,90.90,30.00
2026-05-16T08:43:17.835797,22.20,25.00,30.00,20.00
2026-05-16T08:43:17.940052,33.30,30.00,40.00,20.00
2026-05-16T08:43:18.043619,30.00,22.20,14.30,11.10
2026-05-16T08:43:18.148097,22.20,30.00,30.00,11.10
2026-05-16T08:43:18.252371,30.00,30.00,30.00,33.30
2026-05-16T08:43:18.356128,22.20,22.20,33.30,11.10
2026-05-16T08:43:18.459996,40.00,25.00,40.00,10.00
2026-05-16T08:43:18.564342,22.20,30.00,22.20,20.00
2026-05-16T08:43:18.668277,30.00,12.50,25.00,11.10
2026-05-16T08:43:18.771934,12.50,22.20,36.40,20.00
2026-05-16T08:43:18.875570,25.00,22.20,25.00,11.10
2026-05-16T08:43:18.979542,36.40,22.20,25.00,11.10
2026-05-16T08:43:19.083997,30.00,25.00,40.00,25.00
2026-05-16T08:43:19.187813,25.00,22.20,30.00,11.10
2026-05-16T08:43:19.291429,30.00,33.30,33.30,10.00
2026-05-16T08:43:19.395196,30.00,12.50,33.30,20.00
2026-05-16T08:43:19.498894,25.00,30.00,41.70,20.00
2026-05-16T08:43:19.603430,36.40,30.00,25.00,11.10
2026-05-16T08:43:19.707475,22.20,33.30,33.30,20.00
2026-05-16T08:43:19.871532,42.90,43.70,53.30,31.30
2026-05-16T08:43:19.975673,33.30,25.00,100.00,20.00
2026-05-16T08:43:20.079557,37.50,37.50,100.00,11.10
2026-05-16T08:43:20.183412,33.30,33.30,100.00,20.00
2026-05-16T08:43:20.287632,40.00,37.50,100.00,20.00
2026-05-16T08:43:20.391328,40.00,45.50,100.00,20.00
2026-05-16T08:43:20.495584,25.00,44.40,100.00,10.00
2026-05-16T08:43:20.599224,40.00,40.00,100.00,20.00
2026-05-16T08:43:20.703518,33.30,37.50,100.00,20.00
2026-05-16T08:43:20.807540,44.40,45.50,100.00,20.00
2026-05-16T08:43:20.911603,33.30,44.40,100.00,11.10
2026-05-16T08:43:21.015664,40.00,33.30,100.00,18.20
2026-05-16T08:43:21.119637,45.50,40.00,100.00,20.00
2026-05-16T08:43:21.224071,33.30,50.00,100.00,0.00
2026-05-16T08:43:21.328985,40.00,44.40,100.00,20.00
2026-05-16T08:43:21.432962,44.40,25.00,100.00,11.10
2026-05-16T08:43:21.536943,40.00,40.00,100.00,20.00
2026-05-16T08:43:21.641209,25.00,44.40,100.00,20.00
2026-05-16T08:43:21.745993,50.00,50.00,100.00,10.00
2026-05-16T08:43:21.852006,80.00,90.00,100.00,45.50
2026-05-16T08:43:21.957612,90.90,81.80,100.00,22.20
2026-05-16T08:43:22.062731,80.00,81.80,100.00,22.20
2026-05-16T08:43:22.167799,81.80,81.80,100.00,12.50
2026-05-16T08:43:22.272526,81.80,81.80,100.00,27.30
2026-05-16T08:43:22.379234,83.30,81.80,100.00,20.00
2026-05-16T08:43:22.484197,80.00,81.80,100.00,12.50
2026-05-16T08:43:22.589259,90.90,90.00,100.00,22.20
2026-05-16T08:43:22.694459,77.80,81.80,100.00,30.00
2026-05-16T08:43:22.798572,83.30,81.80,100.00,11.10
2026-05-16T08:43:22.903504,72.70,72.70,100.00,36.40
2026-05-16T08:43:23.008091,77.80,81.80,100.00,11.10
2026-05-16T08:43:23.112678,81.80,72.70,100.00,22.20
2026-05-16T08:43:23.217211,72.70,80.00,100.00,11.10
2026-05-16T08:43:23.321873,70.00,75.00,100.00,30.00
2026-05-16T08:43:23.426618,83.30,81.80,100.00,12.50
2026-05-16T08:43:23.532489,81.80,80.00,100.00,27.30
2026-05-16T08:43:23.637197,72.70,75.00,100.00,22.20
2026-05-16T08:43:23.743516,80.00,88.90,100.00,20.00
2026-05-16T08:43:23.848369,80.00,83.30,100.00,22.20
2026-05-16T08:43:23.952998,81.80,80.00,100.00,27.30
2026-05-16T08:43:24.057829,80.00,72.70,100.00,12.50
2026-05-16T08:43:24.163022,75.00,83.30,100.00,20.00
2026-05-16T08:43:24.267888,77.80,80.00,100.00,30.00
2026-05-16T08:43:24.372889,81.80,81.80,100.00,12.50
2026-05-16T08:43:24.477757,75.00,72.70,100.00,20.00
2026-05-16T08:43:24.620899,84.60,86.70,100.00,38.50
2026-05-16T08:43:24.728620,72.70,80.00,100.00,100.00
2026-05-16T08:43:24.834201,81.80,90.00,100.00,100.00
2026-05-16T08:43:24.940782,90.00,83.30,100.00,100.00
2026-05-16T08:43:25.045202,81.80,88.90,100.00,100.00
2026-05-16T08:43:25.150175,66.70,92.30,100.00,100.00
2026-05-16T08:43:25.258929,80.00,100.00,100.00,100.00
2026-05-16T08:43:25.366835,91.70,81.80,100.00,100.00
2026-05-16T08:43:25.471335,72.70,90.00,100.00,100.00
2026-05-16T08:43:25.578074,81.80,90.90,100.00,100.00
2026-05-16T08:43:25.683167,77.80,90.00,100.00,100.00
2026-05-16T08:43:25.787728,70.00,81.80,100.00,100.00
2026-05-16T08:43:25.891744,54.50,63.60,100.00,100.00
2026-05-16T08:43:25.996514,54.50,63.60,100.00,100.00
2026-05-16T08:43:26.100563,60.00,63.60,100.00,100.00
2026-05-16T08:43:26.205856,66.70,55.60,100.00,100.00
2026-05-16T08:43:26.310334,55.60,60.00,100.00,100.00
2026-05-16T08:43:26.414194,54.50,72.70,100.00,100.00
2026-05-16T08:43:26.518145,60.00,55.60,100.00,100.00
2026-05-16T08:43:26.622385,55.60,66.70,100.00,100.00
2026-05-16T08:43:26.726977,63.60,70.00,100.00,100.00
2026-05-16T08:43:26.831375,63.60,70.00,100.00,100.00
2026-05-16T08:43:26.937090,60.00,63.60,100.00,100.00
2026-05-16T08:43:27.041485,63.60,66.70,100.00,100.00
2026-05-16T08:43:27.145790,54.50,66.70,100.00,100.00
2026-05-16T08:43:27.249909,55.60,66.70,100.00,100.00
2026-05-16T08:43:27.354551,63.60,66.70,100.00,100.00
2026-05-16T08:43:27.459567,66.70,60.00,100.00,100.00
2026-05-16T08:43:27.563747,66.70,72.70,100.00,100.00
2026-05-16T08:43:27.668317,63.60,70.00,100.00,100.00
2026-05-16T08:43:27.773686,58.30,50.00,100.00,100.00
2026-05-16T08:43:27.879286,63.60,60.00,100.00,100.00
2026-05-16T08:43:27.983880,54.50,60.00,100.00,100.00
2026-05-16T08:43:28.087976,63.60,55.60,100.00,100.00
2026-05-16T08:43:28.193626,60.00,54.50,100.00,100.00
2026-05-16T08:43:28.297781,54.50,63.60,100.00,100.00
2026-05-16T08:43:28.402974,60.00,60.00,100.00,100.00
2026-05-16T08:43:28.507630,66.70,63.60,100.00,100.00
2026-05-16T08:43:28.612038,63.60,50.00,100.00,100.00
2026-05-16T08:43:28.717060,55.60,63.60,100.00,100.00
2026-05-16T08:43:28.821988,58.30,63.60,100.00,100.00
2026-05-16T08:43:28.927069,60.00,63.60,100.00,100.00
2026-05-16T08:43:29.031197,63.60,63.60,100.00,100.00
2026-05-16T08:43:29.137166,50.00,55.60,100.00,100.00
2026-05-16T08:43:29.240918,66.70,60.00,100.00,100.00
2026-05-16T08:43:29.345055,60.00,58.30,100.00,100.00
2026-05-16T08:43:29.450411,58.30,55.60,100.00,100.00
2026-05-16T08:43:29.555871,55.60,58.30,100.00,100.00
2026-05-16T08:43:29.661193,60.00,66.70,100.00,100.00
2026-05-16T08:43:29.766319,60.00,60.00,100.00,100.00
2026-05-16T08:43:29.870620,72.70,83.30,100.00,100.00
2026-05-16T08:43:29.977264,80.00,81.80,100.00,100.00
2026-05-16T08:43:30.081708,75.00,90.00,100.00,100.00
2026-05-16T08:43:30.185921,77.80,80.00,100.00,100.00
2026-05-16T08:43:30.290526,70.00,81.80,100.00,100.00
2026-05-16T08:43:30.396418,81.80,80.00,100.00,100.00
2026-05-16T08:43:30.502086,81.80,81.80,100.00,100.00
2026-05-16T08:43:30.610035,81.80,77.80,100.00,100.00
2026-05-16T08:43:30.714418,81.80,81.80,100.00,100.00
2026-05-16T08:43:30.820569,80.00,81.80,100.00,100.00
2026-05-16T08:43:30.926188,80.00,81.80,100.00,100.00
2026-05-16T08:43:31.033368,75.00,80.00,100.00,100.00
2026-05-16T08:43:31.139448,81.80,83.30,100.00,100.00
2026-05-16T08:43:31.246681,81.80,81.80,100.00,100.00
2026-05-16T08:43:31.352701,80.00,81.80,100.00,100.00
2026-05-16T08:43:31.457770,81.80,90.00,100.00,100.00
2026-05-16T08:43:31.566787,90.00,83.30,100.00,100.00
2026-05-16T08:43:31.671343,83.30,90.00,100.00,100.00
2026-05-16T08:43:31.775993,77.80,90.00,100.00,100.00
2026-05-16T08:43:31.881840,81.80,81.80,100.00,100.00
2026-05-16T08:43:31.987955,83.30,81.80,100.00,100.00
2026-05-16T08:43:32.094282,83.30,75.00,100.00,100.00
2026-05-16T08:43:32.198859,80.00,80.00,100.00,100.00
2026-05-16T08:43:32.304692,77.80,83.30,100.00,100.00
2026-05-16T08:43:32.410544,83.30,80.00,100.00,100.00
2026-05-16T08:43:32.514580,80.00,81.80,100.00,100.00
2026-05-16T08:43:32.618485,84.60,80.00,100.00,100.00
2026-05-16T08:43:32.723712,80.00,81.80,100.00,100.00
2026-05-16T08:43:32.829331,81.80,81.80,100.00,100.00
2026-05-16T08:43:32.936524,81.80,81.80,100.00,100.00
2026-05-16T08:43:33.040699,88.90,81.80,100.00,100.00
2026-05-16T08:43:33.144870,83.30,90.00,100.00,100.00
2026-05-16T08:43:33.251684,90.90,91.70,100.00,100.00
2026-05-16T08:43:33.355843,80.00,90.00,100.00,100.00
2026-05-16T08:43:33.461978,80.00,90.90,100.00,100.00
2026-05-16T08:43:33.567670,80.00,100.00,100.00,100.00
2026-05-16T08:43:33.671932,80.00,90.90,100.00,100.00
2026-05-16T08:43:33.776072,60.00,70.00,100.00,100.00
2026-05-16T08:43:33.880650,33.30,33.30,100.00,100.00
2026-05-16T08:43:33.984836,22.20,33.30,100.00,100.00
2026-05-16T08:43:34.089385,33.30,33.30,100.00,100.00
2026-05-16T08:43:34.193707,40.00,37.50,100.00,100.00
2026-05-16T08:43:34.297754,33.30,40.00,100.00,100.00
2026-05-16T08:43:34.401964,40.00,14.30,100.00,100.00
2026-05-16T08:43:34.506983,33.30,50.00,100.00,100.00
2026-05-16T08:43:34.611330,33.30,33.30,100.00,100.00
2026-05-16T08:43:34.715819,40.00,40.00,100.00,100.00
2026-05-16T08:43:34.820513,25.00,40.00,100.00,100.00
2026-05-16T08:43:34.925039,40.00,33.30,100.00,100.00
2026-05-16T08:43:35.028947,25.00,25.00,100.00,100.00
2026-05-16T08:43:35.132855,22.20,40.00,100.00,100.00
2026-05-16T08:43:35.239113,44.40,44.40,100.00,100.00
2026-05-16T08:43:35.343304,40.00,44.40,100.00,100.00
2026-05-16T08:43:35.447386,33.30,40.00,100.00,100.00
2026-05-16T08:43:35.551565,40.00,40.00,100.00,100.00
2026-05-16T08:43:35.656022,33.30,44.40,100.00,100.00
2026-05-16T08:43:35.760272,33.30,33.30,100.00,100.00
2026-05-16T08:43:35.864005,30.00,33.30,100.00,100.00
2026-05-16T08:43:35.967951,25.00,30.00,100.00,100.00
2026-05-16T08:43:36.072790,22.20,25.00,100.00,100.00
2026-05-16T08:43:36.177569,33.30,40.00,100.00,100.00
2026-05-16T08:43:36.281694,36.40,40.00,100.00,100.00
2026-05-16T08:43:36.385630,25.00,14.30,100.00,100.00
2026-05-16T08:43:36.489689,22.20,30.00,100.00,100.00
2026-05-16T08:43:36.593750,45.50,33.30,100.00,100.00
2026-05-16T08:43:36.697933,33.30,33.30,100.00,100.00
2026-05-16T08:43:36.801740,12.50,25.00,100.00,100.00
2026-05-16T08:43:36.906028,33.30,33.30,100.00,100.00
2026-05-16T08:43:37.010302,30.00,30.00,100.00,100.00
2026-05-16T08:43:37.114405,33.30,33.30,100.00,100.00
2026-05-16T08:43:37.218545,12.50,0.00,100.00,100.00
2026-05-16T08:43:37.322385,33.30,40.00,100.00,100.00
2026-05-16T08:43:37.426559,22.20,40.00,100.00,100.00
2026-05-16T08:43:37.531079,25.00,30.00,100.00,100.00
2026-05-16T08:43:37.635871,22.20,25.00,100.00,100.00
2026-05-16T08:43:37.740488,40.00,25.00,100.00,100.00
2026-05-16T08:43:37.846021,54.50,81.80,100.00,100.00
2026-05-16T08:43:37.950239,63.60,72.70,100.00,100.00
2026-05-16T08:43:38.054400,40.00,75.00,100.00,100.00
2026-05-16T08:43:38.158481,63.60,70.00,100.00,100.00
2026-05-16T08:43:38.262870,62.50,72.70,100.00,100.00
2026-05-16T08:43:38.367429,63.60,70.00,100.00,100.00
2026-05-16T08:43:38.472067,44.40,72.70,100.00,100.00
2026-05-16T08:43:38.577182,63.60,66.70,100.00,100.00
2026-05-16T08:43:38.681679,60.00,91.70,100.00,100.00
2026-05-16T08:43:38.786742,60.00,90.00,100.00,100.00
2026-05-16T08:43:38.891403,55.60,90.90,100.00,100.00
2026-05-16T08:43:38.997318,50.00,81.80,100.00,100.00
2026-05-16T08:43:39.101544,55.60,81.80,100.00,100.00
2026-05-16T08:43:39.206890,70.00,81.80,100.00,100.00
2026-05-16T08:43:39.310833,55.60,77.80,100.00,100.00
2026-05-16T08:43:39.415557,75.00,83.30,100.00,100.00
2026-05-16T08:43:39.522748,70.00,81.80,100.00,100.00
2026-05-16T08:43:39.629071,72.70,80.00,100.00,100.00
2026-05-16T08:43:39.737095,72.70,75.00,100.00,100.00
2026-05-16T08:43:39.846505,81.80,81.80,100.00,100.00
2026-05-16T08:43:39.952123,75.00,81.80,100.00,100.00
2026-05-16T08:43:40.057540,66.70,80.00,100.00,100.00
2026-05-16T08:43:40.161555,70.00,81.80,100.00,100.00
2026-05-16T08:43:40.266446,60.00,80.00,100.00,100.00
2026-05-16T08:43:40.371529,70.00,81.80,100.00,100.00
2026-05-16T08:43:40.477725,66.70,81.80,100.00,100.00
2026-05-16T08:43:40.583715,63.60,80.00,100.00,100.00
2026-05-16T08:43:40.689235,80.00,80.00,100.00,100.00
2026-05-16T08:43:40.796622,66.70,75.00,100.00,100.00
2026-05-16T08:43:40.902979,72.70,81.80,100.00,100.00
2026-05-16T08:43:41.009667,75.00,80.00,100.00,100.00
2026-05-16T08:43:41.115005,77.80,75.00,100.00,100.00
2026-05-16T08:43:41.224402,72.70,81.80,100.00,100.00
2026-05-16T08:43:41.330592,75.00,77.80,100.00,100.00
2026-05-16T08:43:41.436862,70.00,72.70,100.00,100.00
2026-05-16T08:43:41.541379,63.60,72.70,100.00,100.00
2026-05-16T08:43:41.648393,75.00,70.00,100.00,100.00
2026-05-16T08:43:41.754149,72.70,83.30,100.00,100.00
2026-05-16T08:43:41.859607,81.80,81.80,100.00,100.00
2026-05-16T08:43:41.965042,90.00,80.00,100.00,100.00
2026-05-16T08:43:42.072149,81.80,90.90,100.00,100.00
2026-05-16T08:43:42.177466,81.80,81.80,100.00,100.00
2026-05-16T08:43:42.284507,83.30,80.00,100.00,100.00
2026-05-16T08:43:42.390875,83.30,83.30,100.00,100.00
2026-05-16T08:43:42.496130,81.80,77.80,100.00,100.00
2026-05-16T08:43:42.601120,81.80,83.30,100.00,100.00
2026-05-16T08:43:42.706932,83.30,81.80,100.00,100.00
2026-05-16T08:43:42.814949,81.80,90.90,100.00,100.00
2026-05-16T08:43:42.923662,81.80,83.30,100.00,100.00
2026-05-16T08:43:43.030002,75.00,81.80,100.00,100.00
2026-05-16T08:43:43.136905,80.00,90.00,100.00,100.00
2026-05-16T08:43:43.243862,70.00,81.80,100.00,100.00
2026-05-16T08:43:43.349381,90.90,90.00,100.00,100.00
2026-05-16T08:43:43.455751,81.80,83.30,100.00,100.00
2026-05-16T08:43:43.560902,81.80,90.00,100.00,100.00
2026-05-16T08:43:43.666557,81.80,81.80,100.00,100.00
2026-05-16T08:43:43.772487,80.00,90.90,100.00,100.00
2026-05-16T08:43:43.881105,83.30,81.80,100.00,100.00
2026-05-16T08:43:43.987991,72.70,90.00,100.00,100.00
2026-05-16T08:43:44.093806,81.80,80.00,100.00,100.00
2026-05-16T08:43:44.201813,81.80,81.80,100.00,100.00
2026-05-16T08:43:44.308604,75.00,83.30,100.00,100.00
2026-05-16T08:43:44.417963,77.80,80.00,100.00,100.00
2026-05-16T08:43:44.522620,75.00,81.80,100.00,100.00
2026-05-16T08:43:44.630334,81.80,81.80,100.00,100.00
2026-05-16T08:43:44.737417,75.00,83.30,100.00,100.00
2026-05-16T08:43:44.842063,81.80,80.00,100.00,100.00
2026-05-16T08:43:44.949272,72.70,90.90,100.00,100.00
2026-05-16T08:43:45.054877,81.80,83.30,100.00,100.00
2026-05-16T08:43:45.160336,72.70,80.00,100.00,100.00
2026-05-16T08:43:45.269607,91.70,91.70,100.00,100.00
2026-05-16T08:43:45.375580,81.80,100.00,100.00,100.00
2026-05-16T08:43:45.485316,66.70,91.70,100.00,100.00
2026-05-16T08:43:45.594144,91.70,91.70,100.00,100.00
2026-05-16T08:43:45.701153,80.00,90.00,100.00,100.00
2026-05-16T08:43:45.939460,95.80,100.00,100.00,100.00
2026-05-16T08:43:46.044680,81.80,80.00,83.30,30.00
2026-05-16T08:43:46.149449,72.70,72.70,81.80,22.20
2026-05-16T08:43:46.256000,70.00,72.70,75.00,20.00
2026-05-16T08:43:46.361409,60.00,75.00,83.30,22.20
2026-05-16T08:43:46.466834,81.80,77.80,81.80,22.20
2026-05-16T08:43:46.572634,72.70,75.00,83.30,30.00
2026-05-16T08:43:46.678154,72.70,77.80,81.80,22.20
2026-05-16T08:43:46.782369,72.70,72.70,84.60,22.20
2026-05-16T08:43:46.887575,81.80,72.70,90.00,22.20
2026-05-16T08:43:46.993105,72.70,80.00,83.30,20.00
2026-05-16T08:43:47.098087,72.70,72.70,83.30,22.20
2026-05-16T08:43:47.202704,70.00,72.70,81.80,22.20
2026-05-16T08:43:47.307341,72.70,70.00,80.00,22.20
2026-05-16T08:43:47.412621,81.80,72.70,84.60,27.30
2026-05-16T08:43:47.517635,72.70,80.00,81.80,12.50
2026-05-16T08:43:47.625713,72.70,76.90,80.00,30.00
2026-05-16T08:43:47.732830,72.70,81.80,84.60,22.20
2026-05-16T08:43:47.837683,75.00,72.70,80.00,22.20
2026-05-16T08:43:47.942822,72.70,75.00,84.60,22.20
2026-05-16T08:43:48.047701,80.00,80.00,88.90,20.00
2026-05-16T08:43:48.153459,75.00,72.70,83.30,22.20
2026-05-16T08:43:48.258822,75.00,80.00,90.90,22.20
2026-05-16T08:43:48.365031,70.00,81.80,81.80,30.00
2026-05-16T08:43:48.470536,75.00,75.00,90.90,22.20
2026-05-16T08:43:48.576385,80.00,77.80,83.30,30.00
2026-05-16T08:43:48.682502,80.00,81.80,90.00,30.00
2026-05-16T08:43:48.787182,75.00,70.00,83.30,30.00
2026-05-16T08:43:48.895337,70.00,72.70,81.80,22.20
2026-05-16T08:43:49.000188,70.00,75.00,83.30,20.00
2026-05-16T08:43:49.105743,72.70,66.70,80.00,30.00
2026-05-16T08:43:49.211107,75.00,72.70,83.30,22.20
2026-05-16T08:43:49.316233,81.80,81.80,81.80,22.20
2026-05-16T08:43:49.422251,70.00,72.70,83.30,22.20
2026-05-16T08:43:49.529042,72.70,80.00,90.90,22.20
2026-05-16T08:43:49.635930,81.80,72.70,81.80,30.00
2026-05-16T08:43:49.742229,70.00,72.70,83.30,30.00
2026-05-16T08:43:49.847462,80.00,91.70,91.70,22.20
2026-05-16T08:43:49.952527,81.80,72.70,90.00,22.20
2026-05-16T08:43:50.057631,72.70,81.80,81.80,20.00
2026-05-16T08:43:50.163170,81.80,80.00,91.70,30.00
2026-05-16T08:43:50.268091,80.00,83.30,90.90,22.20
2026-05-16T08:43:50.373865,76.90,77.80,90.90,22.20
2026-05-16T08:43:50.479972,80.00,83.30,91.70,22.20
2026-05-16T08:43:50.585112,75.00,80.00,81.80,22.20
2026-05-16T08:43:50.690062,80.00,75.00,91.70,36.40
2026-05-16T08:43:50.795001,72.70,80.00,83.30,11.10
2026-05-16T08:43:50.899598,80.00,81.80,90.00,30.00
2026-05-16T08:43:51.004422,75.00,72.70,83.30,12.50
2026-05-16T08:43:51.110043,81.80,80.00,90.00,22.20
2026-05-16T08:43:51.215349,75.00,75.00,84.60,30.00
2026-05-16T08:43:51.320548,77.80,80.00,90.00,22.20
2026-05-16T08:43:51.426587,83.30,80.00,91.70,22.20
2026-05-16T08:43:51.532368,80.00,81.80,90.90,22.20
2026-05-16T08:43:51.638404,81.80,90.90,84.60,30.00
2026-05-16T08:43:51.743867,80.00,81.80,100.00,30.00
2026-05-16T08:43:51.848574,75.00,80.00,83.30,25.00
2026-05-16T08:43:51.953516,80.00,72.70,83.30,12.50
2026-05-16T08:43:52.058921,81.80,83.30,90.00,36.40
2026-05-16T08:43:52.164983,76.90,80.00,91.70,22.20
2026-05-16T08:43:52.272038,80.00,81.80,90.90,22.20
2026-05-16T08:43:52.377172,88.90,81.80,100.00,22.20
2026-05-16T08:43:52.483998,83.30,90.00,90.90,12.50
2026-05-16T08:43:52.589597,80.00,83.30,90.90,22.20
2026-05-16T08:43:52.695576,80.00,81.80,91.70,33.30
2026-05-16T08:43:52.801211,81.80,90.00,100.00,30.00
2026-05-16T08:43:52.906457,81.80,80.00,90.90,22.20
2026-05-16T08:43:53.011494,80.00,81.80,90.00,22.20
2026-05-16T08:43:53.116672,72.70,80.00,92.30,22.20
2026-05-16T08:43:53.225545,81.80,80.00,90.00,30.00
2026-05-16T08:43:53.332453,90.00,90.00,90.90,12.50
2026-05-16T08:43:53.438801,81.80,81.80,100.00,40.00
2026-05-16T08:43:53.543927,70.00,80.00,84.60,12.50
2026-05-16T08:43:53.649073,81.80,80.00,90.00,36.40
2026-05-16T08:43:53.754551,80.00,81.80,84.60,22.20
2026-05-16T08:43:53.858863,75.00,72.70,80.00,22.20
2026-05-16T08:43:53.964751,66.70,72.70,81.80,20.00
2026-05-16T08:43:54.069561,72.70,70.00,81.80,12.50
2026-05-16T08:43:54.174858,66.70,81.80,81.80,22.20
2026-05-16T08:43:54.279843,72.70,72.70,83.30,22.20
2026-05-16T08:43:54.385665,77.80,75.00,83.30,30.00
2026-05-16T08:43:54.490026,72.70,77.80,81.80,11.10
2026-05-16T08:43:54.594454,63.60,66.70,76.90,22.20
2026-05-16T08:43:54.699474,77.80,81.80,77.80,22.20
2026-05-16T08:43:54.804034,63.60,70.00,75.00,22.20
2026-05-16T08:43:54.908416,70.00,75.00,83.30,27.30
2026-05-16T08:43:55.013722,70.00,72.70,83.30,12.50
2026-05-16T08:43:55.120044,72.70,75.00,81.80,30.00
2026-05-16T08:43:55.229859,72.70,81.80,81.80,22.20
2026-05-16T08:43:55.335417,70.00,70.00,72.70,45.50
2026-05-16T08:43:55.440674,66.70,70.00,81.80,20.00
2026-05-16T08:43:55.545638,72.70,72.70,76.90,22.20
2026-05-16T08:43:55.651185,63.60,66.70,80.00,22.20
2026-05-16T08:43:55.755867,70.00,70.00,75.00,11.10
2026-05-16T08:43:55.860526,70.00,72.70,83.30,22.20
2026-05-16T08:43:55.965190,72.70,72.70,80.00,30.00
2026-05-16T08:43:56.070713,70.00,72.70,83.30,20.00
2026-05-16T08:43:56.176414,75.00,72.70,75.00,30.00
2026-05-16T08:43:56.281731,75.00,70.00,81.80,20.00
2026-05-16T08:43:56.387473,66.70,80.00,83.30,12.50
2026-05-16T08:43:56.492369,72.70,75.00,88.90,30.00
2026-05-16T08:43:56.597112,72.70,70.00,81.80,22.20
2026-05-16T08:43:56.703069,72.70,70.00,75.00,27.30
2026-05-16T08:43:56.808684,66.70,72.70,81.80,12.50
2026-05-16T08:43:56.914219,75.00,72.70,76.90,22.20
2026-05-16T08:43:57.018798,70.00,70.00,80.00,22.20
2026-05-16T08:43:57.124637,70.00,72.70,83.30,20.00
2026-05-16T08:43:57.229402,72.70,80.00,72.70,36.40
2026-05-16T08:43:57.334787,66.70,66.70,81.80,12.50
2026-05-16T08:43:57.439194,70.00,66.70,70.00,22.20
2026-05-16T08:43:57.544089,75.00,75.00,81.80,22.20
2026-05-16T08:43:57.648625,66.70,66.70,80.00,20.00
2026-05-16T08:43:57.752166,63.60,72.70,76.90,30.00
2026-05-16T08:43:57.856410,33.30,33.30,40.00,20.00
2026-05-16T08:43:57.960438,40.00,30.00,33.30,27.30
2026-05-16T08:43:58.064324,30.00,33.30,45.50,11.10
2026-05-16T08:43:58.168151,25.00,33.30,33.30,10.00
2026-05-16T08:43:58.272513,36.40,22.20,33.30,20.00
2026-05-16T08:43:58.377013,33.30,33.30,45.50,27.30
2026-05-16T08:43:58.480934,40.00,36.40,40.00,11.10
2026-05-16T08:43:58.584570,33.30,25.00,33.30,11.10
2026-05-16T08:43:58.688963,30.00,33.30,33.30,27.30
2026-05-16T08:43:58.792718,14.30,12.50,40.00,11.10
2026-05-16T08:43:58.896809,40.00,40.00,36.40,20.00
2026-05-16T08:43:59.000622,22.20,30.00,40.00,11.10
2026-05-16T08:43:59.104591,25.00,25.00,40.00,27.30
2026-05-16T08:43:59.208427,36.40,30.00,33.30,11.10
2026-05-16T08:43:59.312700,33.30,25.00,33.30,10.00
2026-05-16T08:43:59.416919,36.40,36.40,45.50,20.00
2026-05-16T08:43:59.521612,33.30,30.00,44.40,11.10
2026-05-16T08:43:59.626757,22.20,33.30,36.40,11.10
2026-05-16T08:43:59.730571,40.00,33.30,33.30,27.30
2026-05-16T08:43:59.835536,33.30,30.00,40.00,11.10
2026-05-16T08:43:59.939358,30.00,25.00,33.30,20.00
2026-05-16T08:44:00.043713,33.30,30.00,45.50,11.10
2026-05-16T08:44:00.147427,25.00,25.00,33.30,20.00
2026-05-16T08:44:00.251147,36.40,33.30,33.30,20.00
2026-05-16T08:44:00.355094,33.30,36.40,40.00,18.20
2026-05-16T08:44:00.459194,36.40,25.00,40.00,20.00
2026-05-16T08:44:00.563384,33.30,22.20,50.00,11.10
2026-05-16T08:44:00.666988,33.30,40.00,33.30,11.10
2026-05-16T08:44:00.770721,30.00,22.20,36.40,27.30
2026-05-16T08:44:00.875119,40.00,40.00,33.30,10.00
2026-05-16T08:44:00.979039,30.00,25.00,33.30,11.10
2026-05-16T08:44:01.083321,25.00,36.40,40.00,20.00
2026-05-16T08:44:01.187171,40.00,33.30,45.50,11.10
2026-05-16T08:44:01.291204,36.40,36.40,25.00,11.10
2026-05-16T08:44:01.395577,33.30,33.30,40.00,20.00
2026-05-16T08:44:01.500063,25.00,36.40,33.30,27.30
2026-05-16T08:44:01.605046,36.40,25.00,40.00,10.00
2026-05-16T08:44:01.709145,25.00,30.00,40.00,20.00
2026-05-16T08:44:01.814850,60.00,72.70,72.70,12.50
2026-05-16T08:44:01.920045,80.00,72.70,81.80,20.00
2026-05-16T08:44:02.026830,78.60,80.00,90.90,25.00
2026-05-16T08:44:02.131879,70.00,75.00,81.80,22.20
2026-05-16T08:44:02.236863,72.70,72.70,81.80,36.40
2026-05-16T08:44:02.341804,81.80,77.80,90.90,22.20
2026-05-16T08:44:02.448064,70.00,75.00,83.30,20.00
2026-05-16T08:44:02.735633,86.20,89.70,93.30,64.30
2026-05-16T08:44:02.838809,72.70,70.00,81.80,11.10
2026-05-16T08:44:02.942095,66.70,75.00,81.80,0.00
2026-05-16T08:44:03.045164,75.00,70.00,80.00,20.00
2026-05-16T08:44:03.148396,66.70,72.70,75.00,0.00
2026-05-16T08:44:03.251721,80.00,80.00,81.80,22.20
2026-05-16T08:44:03.354857,72.70,80.00,88.90,11.10
2026-05-16T08:44:03.458130,72.70,75.00,83.30,11.10
2026-05-16T08:44:03.561969,70.00,72.70,83.30,11.10
2026-05-16T08:44:03.665751,81.80,81.80,90.90,11.10
2026-05-16T08:44:03.768956,66.70,72.70,83.30,22.20
2026-05-16T08:44:03.872051,81.80,80.00,81.80,20.00
2026-05-16T08:44:03.975722,66.70,80.00,90.00,11.10
2026-05-16T08:44:04.078649,70.00,70.00,81.80,0.00
2026-05-16T08:44:04.181868,80.00,75.00,81.80,11.10
2026-05-16T08:44:04.285117,72.70,70.00,83.30,11.10
2026-05-16T08:44:04.388662,72.70,72.70,81.80,11.10
2026-05-16T08:44:04.492013,75.00,77.80,83.30,11.10
2026-05-16T08:44:04.595044,77.80,72.70,90.00,12.50
2026-05-16T08:44:04.698390,75.00,72.70,81.80,20.00
2026-05-16T08:44:04.801556,72.70,80.00,81.80,11.10
2026-05-16T08:44:04.904772,77.80,75.00,83.30,0.00
2026-05-16T08:44:05.007802,72.70,66.70,80.00,11.10
2026-05-16T08:44:05.111115,70.00,75.00,81.80,11.10
2026-05-16T08:44:05.214460,75.00,81.80,83.30,11.10
2026-05-16T08:44:05.317463,80.00,72.70,81.80,12.50
2026-05-16T08:44:05.420890,70.00,80.00,90.90,22.20
2026-05-16T08:44:05.524604,75.00,72.70,81.80,11.10
2026-05-16T08:44:05.628276,77.80,80.00,83.30,11.10
2026-05-16T08:44:05.731529,72.70,72.70,90.00,20.00
2026-05-16T08:44:05.833497,0.00,0.00,10.00,0.00
2026-05-16T08:44:05.935668,0.00,0.00,0.00,0.00
2026-05-16T08:44:06.037576,0.00,0.00,0.00,0.00
2026-05-16T08:44:06.139644,0.00,0.00,0.00,0.00
2026-05-16T08:44:06.241809,0.00,0.00,0.00,0.00
2026-05-16T08:44:06.343694,18.20,0.00,0.00,0.00
2026-05-16T08:44:06.446083,10.00,0.00,0.00,0.00
2026-05-16T08:44:06.548186,0.00,0.00,0.00,9.10
2026-05-16T08:44:06.650305,0.00,10.00,0.00,0.00
2026-05-16T08:44:06.752445,0.00,0.00,0.00,0.00
2026-05-16T08:44:06.854551,0.00,0.00,0.00,0.00
2026-05-16T08:44:06.956714,0.00,0.00,0.00,0.00
2026-05-16T08:44:07.058616,0.00,10.00,0.00,0.00
2026-05-16T08:44:07.160706,0.00,0.00,10.00,0.00
2026-05-16T08:44:07.262802,0.00,0.00,10.00,0.00
2026-05-16T08:44:07.365026,10.00,0.00,0.00,10.00
2026-05-16T08:44:07.467182,0.00,0.00,0.00,0.00
2026-05-16T08:44:07.569252,0.00,0.00,0.00,0.00
2026-05-16T08:44:07.671488,0.00,0.00,0.00,0.00
2026-05-16T08:44:07.828732,13.30,13.30,23.10,13.30
2026-05-16T08:44:07.930910,0.00,0.00,100.00,9.10
2026-05-16T08:44:08.033010,11.10,11.10,100.00,0.00
2026-05-16T08:44:08.135076,0.00,0.00,100.00,0.00
2026-05-16T08:44:08.237225,10.00,11.10,100.00,9.10
2026-05-16T08:44:08.339222,10.00,0.00,100.00,0.00
2026-05-16T08:44:08.441233,11.10,0.00,100.00,0.00
2026-05-16T08:44:08.543196,10.00,0.00,100.00,0.00
2026-05-16T08:44:08.645214,10.00,10.00,100.00,0.00
2026-05-16T08:44:08.747417,20.00,0.00,100.00,10.00
2026-05-16T08:44:08.849579,10.00,0.00,100.00,0.00
2026-05-16T08:44:08.951870,10.00,0.00,100.00,0.00
2026-05-16T08:44:09.054022,11.10,0.00,100.00,0.00
2026-05-16T08:44:09.156214,10.00,0.00,100.00,9.10
2026-05-16T08:44:09.258377,10.00,11.10,100.00,10.00
2026-05-16T08:44:09.360447,0.00,0.00,100.00,0.00
2026-05-16T08:44:09.462573,11.10,0.00,100.00,0.00
2026-05-16T08:44:09.564985,10.00,0.00,100.00,0.00
2026-05-16T08:44:09.667098,18.20,0.00,100.00,0.00
2026-05-16T08:44:09.770082,22.20,30.00,100.00,0.00
2026-05-16T08:44:09.873011,63.60,63.60,100.00,0.00
2026-05-16T08:44:09.976443,63.60,55.60,100.00,20.00
2026-05-16T08:44:10.079895,60.00,66.70,100.00,0.00
2026-05-16T08:44:10.182470,63.60,60.00,100.00,0.00
2026-05-16T08:44:10.285543,60.00,72.70,100.00,11.10
2026-05-16T08:44:10.388394,70.00,55.60,100.00,10.00
2026-05-16T08:44:10.491395,55.60,60.00,100.00,0.00
2026-05-16T08:44:10.594356,63.60,66.70,100.00,11.10
2026-05-16T08:44:10.696929,60.00,66.70,100.00,20.00
2026-05-16T08:44:10.799599,63.60,60.00,100.00,18.20
2026-05-16T08:44:10.902140,50.00,63.60,100.00,0.00
2026-05-16T08:44:11.004838,63.60,60.00,100.00,0.00
2026-05-16T08:44:11.107959,60.00,63.60,100.00,18.20
2026-05-16T08:44:11.210695,55.60,63.60,100.00,0.00
2026-05-16T08:44:11.313630,63.60,66.70,100.00,10.00
2026-05-16T08:44:11.416664,54.50,66.70,100.00,0.00
2026-05-16T08:44:11.519668,60.00,55.60,100.00,10.00
2026-05-16T08:44:11.622404,55.60,66.70,100.00,0.00
2026-05-16T08:44:11.725178,60.00,60.00,100.00,0.00
2026-05-16T08:44:11.828357,60.00,72.70,100.00,10.00
2026-05-16T08:44:11.931393,55.60,58.30,100.00,0.00
2026-05-16T08:44:12.034363,66.70,66.70,100.00,18.20
2026-05-16T08:44:12.137175,60.00,63.60,100.00,0.00
2026-05-16T08:44:12.240017,72.70,60.00,100.00,18.20
2026-05-16T08:44:12.342884,63.60,63.60,100.00,0.00
2026-05-16T08:44:12.445880,50.00,63.60,100.00,0.00
2026-05-16T08:44:12.548517,63.60,63.60,100.00,18.20
2026-05-16T08:44:12.651211,60.00,70.00,100.00,11.10
2026-05-16T08:44:12.753982,55.60,63.60,100.00,0.00
2026-05-16T08:44:12.857018,63.60,63.60,100.00,10.00
2026-05-16T08:44:12.959935,60.00,60.00,100.00,0.00
2026-05-16T08:44:13.062673,55.60,63.60,100.00,0.00
2026-05-16T08:44:13.165400,63.60,66.70,100.00,10.00
2026-05-16T08:44:13.267976,63.60,63.60,100.00,27.30
2026-05-16T08:44:13.370601,60.00,60.00,100.00,0.00
2026-05-16T08:44:13.473700,60.00,63.60,100.00,0.00
2026-05-16T08:44:13.576477,70.00,70.00,100.00,0.00
2026-05-16T08:44:13.679373,60.00,63.60,100.00,20.00
2026-05-16T08:44:13.781377,45.50,40.00,100.00,10.00
2026-05-16T08:44:13.883383,10.00,0.00,100.00,0.00
2026-05-16T08:44:13.985627,10.00,10.00,100.00,0.00
2026-05-16T08:44:14.087917,18.20,0.00,100.00,0.00
2026-05-16T08:44:14.190052,0.00,0.00,100.00,0.00
2026-05-16T08:44:14.292421,18.20,0.00,100.00,0.00
2026-05-16T08:44:14.394520,10.00,11.10,100.00,0.00
2026-05-16T08:44:14.496634,25.00,10.00,100.00,0.00
2026-05-16T08:44:14.598721,11.10,0.00,100.00,0.00
2026-05-16T08:44:14.700964,10.00,0.00,100.00,10.00
2026-05-16T08:44:14.803013,0.00,0.00,100.00,9.10
2026-05-16T08:44:14.905366,18.20,0.00,100.00,0.00
2026-05-16T08:44:15.007483,20.00,18.20,100.00,0.00
2026-05-16T08:44:15.109897,10.00,0.00,100.00,0.00
2026-05-16T08:44:15.211974,10.00,11.10,100.00,0.00
2026-05-16T08:44:15.314213,11.10,0.00,100.00,0.00
2026-05-16T08:44:15.416270,18.20,11.10,100.00,10.00
2026-05-16T08:44:15.518431,27.30,11.10,100.00,0.00
2026-05-16T08:44:15.620632,10.00,0.00,100.00,0.00
2026-05-16T08:44:15.722644,10.00,11.10,100.00,9.10
2026-05-16T08:44:16.051647,40.60,33.30,100.00,43.80
2026-05-16T08:44:16.156232,0.00,18.20,100.00,100.00
2026-05-16T08:44:16.260188,0.00,0.00,100.00,100.00
2026-05-16T08:44:16.364126,10.00,11.10,100.00,100.00
2026-05-16T08:44:16.468574,0.00,11.10,100.00,100.00
2026-05-16T08:44:16.572503,18.20,0.00,100.00,100.00
2026-05-16T08:44:16.676211,0.00,20.00,100.00,100.00
2026-05-16T08:44:16.780091,10.00,0.00,100.00,100.00
2026-05-16T08:44:16.884052,0.00,11.10,100.00,100.00
2026-05-16T08:44:16.987565,25.00,0.00,100.00,100.00
2026-05-16T08:44:17.090957,0.00,10.00,100.00,100.00
2026-05-16T08:44:17.194515,10.00,0.00,100.00,100.00
2026-05-16T08:44:17.297927,11.10,10.00,100.00,100.00
2026-05-16T08:44:17.401363,0.00,10.00,100.00,100.00
2026-05-16T08:44:17.504800,18.20,11.10,100.00,100.00
2026-05-16T08:44:17.609100,10.00,0.00,100.00,100.00
2026-05-16T08:44:17.712418,27.30,11.10,100.00,100.00
2026-05-16T08:44:17.818407,25.00,54.50,100.00,100.00
2026-05-16T08:44:17.925021,66.70,60.00,100.00,100.00
2026-05-16T08:44:18.031780,70.00,72.70,100.00,100.00
2026-05-16T08:44:18.138979,63.60,70.00,100.00,100.00
2026-05-16T08:44:18.244668,70.00,63.60,100.00,100.00
2026-05-16T08:44:18.349551,75.00,70.00,100.00,100.00
2026-05-16T08:44:18.455711,66.70,54.50,100.00,100.00
2026-05-16T08:44:18.561707,63.60,63.60,100.00,100.00
2026-05-16T08:44:18.668640,66.70,72.70,100.00,100.00
2026-05-16T08:44:18.775822,66.70,72.70,100.00,100.00
2026-05-16T08:44:18.881708,72.70,66.70,100.00,100.00
2026-05-16T08:44:18.986397,60.00,70.00,100.00,100.00
2026-05-16T08:44:19.091537,66.70,66.70,100.00,100.00
2026-05-16T08:44:19.196738,66.70,63.60,100.00,100.00
2026-05-16T08:44:19.303539,55.60,63.60,100.00,100.00
2026-05-16T08:44:19.409189,61.50,72.70,100.00,100.00
2026-05-16T08:44:19.514653,70.00,63.60,100.00,100.00
2026-05-16T08:44:19.619733,63.60,70.00,100.00,100.00
2026-05-16T08:44:19.726693,63.60,75.00,100.00,100.00
2026-05-16T08:44:19.832709,70.00,72.70,100.00,100.00
2026-05-16T08:44:19.939520,70.00,70.00,100.00,100.00
2026-05-16T08:44:20.045388,63.60,76.90,100.00,100.00
2026-05-16T08:44:20.151300,72.70,63.60,100.00,100.00
2026-05-16T08:44:20.256982,60.00,72.70,100.00,100.00
2026-05-16T08:44:20.363366,63.60,60.00,100.00,100.00
2026-05-16T08:44:20.470083,58.30,66.70,100.00,100.00
2026-05-16T08:44:20.575879,63.60,66.70,100.00,100.00
2026-05-16T08:44:20.680611,60.00,63.60,100.00,100.00
2026-05-16T08:44:20.786500,63.60,72.70,100.00,100.00
2026-05-16T08:44:20.892637,70.00,63.60,100.00,100.00
2026-05-16T08:44:20.998863,60.00,63.60,100.00,100.00
2026-05-16T08:44:21.103196,66.70,70.00,100.00,100.00
2026-05-16T08:44:21.207901,70.00,72.70,100.00,100.00
2026-05-16T08:44:21.312292,60.00,90.00,100.00,100.00
2026-05-16T08:44:21.417020,60.00,76.90,100.00,100.00
2026-05-16T08:44:21.523398,72.70,72.70,100.00,100.00
2026-05-16T08:44:21.627589,60.00,66.70,100.00,100.00
2026-05-16T08:44:21.732404,72.70,63.60,100.00,100.00
2026-05-16T08:44:21.837535,77.80,63.60,100.00,100.00
2026-05-16T08:44:21.941643,50.00,62.50,100.00,100.00
2026-05-16T08:44:22.045500,50.00,60.00,100.00,100.00
2026-05-16T08:44:22.149547,50.00,54.50,100.00,100.00
2026-05-16T08:44:22.253825,40.00,50.00,100.00,100.00
2026-05-16T08:44:22.358133,44.40,50.00,100.00,100.00
2026-05-16T08:44:22.462052,40.00,44.40,100.00,100.00
2026-05-16T08:44:22.566581,54.50,50.00,100.00,100.00
2026-05-16T08:44:22.671154,33.30,54.50,100.00,100.00
2026-05-16T08:44:22.777184,54.50,50.00,100.00,100.00
2026-05-16T08:44:22.883036,50.00,60.00,100.00,100.00
2026-05-16T08:44:22.988884,54.50,50.00,100.00,100.00
2026-05-16T08:44:23.093444,44.40,63.60,100.00,100.00
2026-05-16T08:44:23.197773,44.40,44.40,100.00,100.00
2026-05-16T08:44:23.303548,40.00,54.50,100.00,100.00
2026-05-16T08:44:23.408559,60.00,55.60,100.00,100.00
2026-05-16T08:44:23.514830,40.00,50.00,100.00,100.00
2026-05-16T08:44:23.619562,60.00,54.50,100.00,100.00
2026-05-16T08:44:23.723994,54.50,50.00,100.00,100.00
2026-05-16T08:44:23.830150,40.00,54.50,100.00,100.00
2026-05-16T08:44:23.935645,50.00,60.00,100.00,100.00
2026-05-16T08:44:24.040865,54.50,55.60,100.00,100.00
2026-05-16T08:44:24.145612,50.00,50.00,100.00,100.00
2026-05-16T08:44:24.251941,54.50,60.00,100.00,100.00
2026-05-16T08:44:24.357180,44.40,44.40,100.00,100.00
2026-05-16T08:44:24.462822,55.60,60.00,100.00,100.00
2026-05-16T08:44:24.569558,44.40,54.50,100.00,100.00
2026-05-16T08:44:24.674726,50.00,60.00,100.00,100.00
2026-05-16T08:44:24.779395,50.00,55.60,100.00,100.00
2026-05-16T08:44:24.883958,50.00,44.40,100.00,100.00
2026-05-16T08:44:24.988997,33.30,53.80,100.00,100.00
2026-05-16T08:44:25.093528,45.50,50.00,100.00,100.00
2026-05-16T08:44:25.198045,37.50,44.40,100.00,100.00
2026-05-16T08:44:25.303402,50.00,44.40,100.00,100.00
2026-05-16T08:44:25.408501,54.50,72.70,100.00,100.00
2026-05-16T08:44:25.513892,54.50,54.50,100.00,100.00
2026-05-16T08:44:25.618584,44.40,44.40,100.00,100.00
2026-05-16T08:44:25.723204,50.00,60.00,100.00,100.00
2026-05-16T08:44:25.827458,60.00,83.30,100.00,100.00
2026-05-16T08:44:25.933589,55.60,90.90,100.00,100.00
2026-05-16T08:44:26.038011,60.00,80.00,100.00,100.00
2026-05-16T08:44:26.142608,50.00,90.90,100.00,100.00
2026-05-16T08:44:26.247248,72.70,75.00,100.00,100.00
2026-05-16T08:44:26.353195,63.60,88.90,100.00,100.00
2026-05-16T08:44:26.459006,72.70,75.00,100.00,100.00
2026-05-16T08:44:26.563324,70.00,81.80,100.00,100.00
2026-05-16T08:44:26.669068,70.00,72.70,100.00,100.00
2026-05-16T08:44:26.775736,75.00,72.70,100.00,100.00
2026-05-16T08:44:26.881686,66.70,81.80,100.00,100.00
2026-05-16T08:44:26.987720,72.70,81.80,100.00,100.00
2026-05-16T08:44:27.095130,76.90,63.60,100.00,100.00
2026-05-16T08:44:27.199404,70.00,70.00,100.00,100.00
2026-05-16T08:44:27.304526,69.20,72.70,100.00,100.00
2026-05-16T08:44:27.409064,70.00,77.80,100.00,100.00
2026-05-16T08:44:27.514753,70.00,75.00,100.00,100.00
2026-05-16T08:44:27.618813,75.00,70.00,100.00,100.00
2026-05-16T08:44:27.724113,72.70,72.70,100.00,100.00
2026-05-16T08:44:27.828712,75.00,72.70,100.00,100.00
2026-05-16T08:44:27.935565,75.00,72.70,100.00,100.00
2026-05-16T08:44:28.039976,69.20,81.80,100.00,100.00
2026-05-16T08:44:28.145634,80.00,70.00,100.00,100.00
2026-05-16T08:44:28.251747,75.00,81.80,100.00,100.00
2026-05-16T08:44:28.358664,75.00,75.00,100.00,100.00
2026-05-16T08:44:28.462489,70.00,80.00,100.00,100.00
2026-05-16T08:44:28.571056,75.00,75.00,100.00,100.00
2026-05-16T08:44:28.676973,81.80,77.80,100.00,100.00
2026-05-16T08:44:28.782653,72.70,72.70,100.00,100.00
2026-05-16T08:44:28.889034,72.70,81.80,100.00,100.00
2026-05-16T08:44:28.992892,70.00,72.70,100.00,100.00
2026-05-16T08:44:29.096978,63.60,72.70,100.00,100.00
2026-05-16T08:44:29.201118,60.00,83.30,100.00,100.00
2026-05-16T08:44:29.306485,72.70,81.80,100.00,100.00
2026-05-16T08:44:29.410975,63.60,66.70,100.00,100.00
2026-05-16T08:44:29.515008,60.00,72.70,100.00,100.00
2026-05-16T08:44:29.620935,70.00,72.70,100.00,100.00
2026-05-16T08:44:29.725145,72.70,70.00,100.00,100.00
2026-05-16T08:44:29.829060,22.20,33.30,100.00,100.00
2026-05-16T08:44:29.933620,12.50,25.00,100.00,100.00
2026-05-16T08:44:30.037876,25.00,22.20,100.00,100.00
2026-05-16T08:44:30.142087,22.20,25.00,100.00,100.00
2026-05-16T08:44:30.246683,22.20,30.00,100.00,100.00
2026-05-16T08:44:30.350560,12.50,25.00,100.00,100.00
2026-05-16T08:44:30.454968,22.20,30.00,100.00,100.00
2026-05-16T08:44:30.559453,30.00,30.00,100.00,100.00
2026-05-16T08:44:30.663637,12.50,14.30,100.00,100.00
2026-05-16T08:44:30.768003,22.20,22.20,100.00,100.00
2026-05-16T08:44:30.872262,22.20,22.20,100.00,100.00
2026-05-16T08:44:30.976457,12.50,12.50,100.00,100.00
2026-05-16T08:44:31.080361,22.20,22.20,100.00,100.00
2026-05-16T08:44:31.184154,12.50,14.30,100.00,100.00
2026-05-16T08:44:31.288433,22.20,22.20,100.00,100.00
2026-05-16T08:44:31.392625,22.20,30.00,100.00,100.00
2026-05-16T08:44:31.496342,22.20,12.50,100.00,100.00
2026-05-16T08:44:31.600087,12.50,25.00,100.00,100.00
2026-05-16T08:44:31.704083,30.00,22.20,100.00,100.00
2026-05-16T08:44:31.808501,22.20,22.20,100.00,100.00
2026-05-16T08:44:31.913232,22.20,33.30,100.00,100.00
2026-05-16T08:44:32.018051,25.00,33.30,100.00,100.00
2026-05-16T08:44:32.122511,30.00,14.30,100.00,100.00
2026-05-16T08:44:32.227021,22.20,36.40,100.00,100.00
2026-05-16T08:44:32.331318,25.00,14.30,100.00,100.00
2026-05-16T08:44:32.435878,22.20,25.00,100.00,100.00
2026-05-16T08:44:32.540886,22.20,30.00,100.00,100.00
2026-05-16T08:44:32.644727,30.00,25.00,100.00,100.00
2026-05-16T08:44:32.748728,12.50,22.20,100.00,100.00
2026-05-16T08:44:32.852777,22.20,14.30,100.00,100.00
2026-05-16T08:44:32.957004,30.00,30.00,100.00,100.00
2026-05-16T08:44:33.061164,0.00,25.00,100.00,100.00
2026-05-16T08:44:33.165051,22.20,22.20,100.00,100.00
2026-05-16T08:44:33.268957,40.00,25.00,100.00,100.00
2026-05-16T08:44:33.373067,0.00,30.00,100.00,100.00
2026-05-16T08:44:33.477134,20.00,0.00,100.00,100.00
2026-05-16T08:44:33.582473,25.00,36.40,100.00,100.00
2026-05-16T08:44:33.686556,22.20,25.00,100.00,100.00
2026-05-16T08:44:33.790934,50.00,54.50,100.00,100.00
2026-05-16T08:44:33.895102,63.60,90.90,100.00,100.00
2026-05-16T08:44:34.000076,55.60,90.90,100.00,100.00
2026-05-16T08:44:34.105261,81.80,81.80,100.00,100.00
2026-05-16T08:44:34.211610,72.70,83.30,100.00,100.00
2026-05-16T08:44:34.317785,72.70,81.80,100.00,100.00
2026-05-16T08:44:34.423983,76.90,75.00,100.00,100.00
2026-05-16T08:44:34.530510,80.00,83.30,100.00,100.00
2026-05-16T08:44:34.635591,83.30,72.70,100.00,100.00
2026-05-16T08:44:34.741843,72.70,75.00,100.00,100.00
2026-05-16T08:44:34.847904,70.00,81.80,100.00,100.00
2026-05-16T08:44:34.952246,63.60,90.00,100.00,100.00
2026-05-16T08:44:35.057046,66.70,81.80,100.00,100.00
2026-05-16T08:44:35.162011,60.00,75.00,100.00,100.00
2026-05-16T08:44:35.270808,75.00,80.00,100.00,100.00
2026-05-16T08:44:35.376857,60.00,81.80,100.00,100.00
2026-05-16T08:44:35.480727,72.70,80.00,100.00,100.00
2026-05-16T08:44:35.585852,70.00,72.70,100.00,100.00
2026-05-16T08:44:35.693087,80.00,81.80,100.00,100.00
2026-05-16T08:44:35.797477,60.00,83.30,100.00,100.00
2026-05-16T08:44:35.901720,81.80,80.00,100.00,100.00
2026-05-16T08:44:36.006226,72.70,81.80,100.00,100.00
2026-05-16T08:44:36.112662,70.00,81.80,100.00,100.00
2026-05-16T08:44:36.217611,80.00,90.00,100.00,100.00
2026-05-16T08:44:36.323527,81.80,81.80,100.00,100.00
2026-05-16T08:44:36.428490,66.70,80.00,100.00,100.00
2026-05-16T08:44:36.533236,75.00,83.30,100.00,100.00
2026-05-16T08:44:36.637865,66.70,72.70,100.00,100.00
2026-05-16T08:44:36.743879,75.00,80.00,100.00,100.00
2026-05-16T08:44:36.851196,72.70,81.80,100.00,100.00
2026-05-16T08:44:36.955903,81.80,81.80,100.00,100.00
2026-05-16T08:44:37.060791,70.00,81.80,100.00,100.00
2026-05-16T08:44:37.166501,72.70,80.00,100.00,100.00
2026-05-16T08:44:37.273820,72.70,83.30,100.00,100.00
2026-05-16T08:44:37.378031,72.70,72.70,100.00,100.00
2026-05-16T08:44:37.485116,72.70,70.00,100.00,100.00
2026-05-16T08:44:37.592049,72.70,80.00,100.00,100.00
2026-05-16T08:44:37.696662,75.00,72.70,100.00,100.00
2026-05-16T08:44:37.804111,88.90,91.70,100.00,100.00
2026-05-16T08:44:37.908513,90.90,100.00,100.00,100.00
2026-05-16T08:44:38.148473,95.80,96.00,100.00,100.00
2026-05-16T08:44:38.253571,81.80,80.00,90.90,30.00
2026-05-16T08:44:38.358904,81.80,81.80,90.90,22.20
2026-05-16T08:44:38.466256,80.00,90.00,91.70,30.00
2026-05-16T08:44:38.571210,75.00,80.00,90.00,22.20
2026-05-16T08:44:38.676896,81.80,75.00,83.30,22.20
2026-05-16T08:44:38.781593,80.00,80.00,90.90,30.00
2026-05-16T08:44:38.887414,72.70,83.30,90.90,12.50
2026-05-16T08:44:38.992670,83.30,80.00,90.90,22.20
2026-05-16T08:44:39.097871,77.80,77.80,83.30,22.20
2026-05-16T08:44:39.204374,72.70,76.90,90.00,30.00
2026-05-16T08:44:39.311349,81.80,77.80,84.60,33.30
2026-05-16T08:44:39.416562,72.70,75.00,90.90,20.00
2026-05-16T08:44:39.521424,77.80,81.80,83.30,33.30
2026-05-16T08:44:39.626111,75.00,70.00,80.00,22.20
2026-05-16T08:44:39.730964,80.00,81.80,91.70,20.00
2026-05-16T08:44:39.835841,81.80,83.30,90.00,22.20
2026-05-16T08:44:39.941897,72.70,80.00,83.30,22.20
2026-05-16T08:44:40.047117,81.80,75.00,90.90,22.20
2026-05-16T08:44:40.153054,80.00,90.90,90.90,22.20
2026-05-16T08:44:40.257684,80.00,80.00,91.70,36.40
2026-05-16T08:44:40.362704,83.30,81.80,90.90,12.50
2026-05-16T08:44:40.467547,75.00,83.30,81.80,30.00
2026-05-16T08:44:40.572349,76.90,80.00,90.90,22.20
2026-05-16T08:44:40.678805,72.70,72.70,90.90,12.50
2026-05-16T08:44:40.783669,77.80,83.30,90.90,30.00
2026-05-16T08:44:40.888878,83.30,80.00,83.30,12.50
2026-05-16T08:44:40.994730,80.00,81.80,90.90,22.20
2026-05-16T08:44:41.101456,76.90,72.70,83.30,30.00
2026-05-16T08:44:41.207107,80.00,90.00,100.00,22.20
2026-05-16T08:44:41.313180,84.60,83.30,84.60,30.00
2026-05-16T08:44:41.418071,75.00,81.80,90.00,22.20
2026-05-16T08:44:41.522981,83.30,80.00,90.00,12.50
2026-05-16T08:44:41.628494,80.00,81.80,90.90,22.20
2026-05-16T08:44:41.733546,81.80,81.80,90.90,22.20
2026-05-16T08:44:41.836599,0.00,0.00,11.10,20.00
2026-05-16T08:44:41.940295,27.30,10.00,0.00,10.00
2026-05-16T08:44:42.043692,0.00,0.00,11.10,10.00
2026-05-16T08:44:42.146831,0.00,10.00,0.00,10.00
2026-05-16T08:44:42.250526,0.00,0.00,0.00,20.00
2026-05-16T08:44:42.353878,0.00,0.00,0.00,18.20
2026-05-16T08:44:42.457008,10.00,11.10,0.00,11.10
2026-05-16T08:44:42.560504,11.10,0.00,0.00,10.00
2026-05-16T08:44:42.663986,0.00,0.00,0.00,10.00
2026-05-16T08:44:42.767803,11.10,10.00,20.00,10.00
2026-05-16T08:44:42.871231,10.00,0.00,11.10,10.00
2026-05-16T08:44:42.974845,0.00,11.10,0.00,20.00
2026-05-16T08:44:43.078103,11.10,0.00,0.00,10.00
2026-05-16T08:44:43.181170,0.00,10.00,0.00,10.00
2026-05-16T08:44:43.284197,18.20,0.00,11.10,20.00
2026-05-16T08:44:43.388194,0.00,0.00,0.00,10.00
2026-05-16T08:44:43.491512,10.00,0.00,0.00,10.00
2026-05-16T08:44:43.594701,0.00,0.00,0.00,11.10
2026-05-16T08:44:43.697838,0.00,0.00,0.00,18.20
2026-05-16T08:44:43.856333,21.40,26.70,35.70,21.40
2026-05-16T08:44:43.959981,11.10,11.10,100.00,10.00
2026-05-16T08:44:44.063448,0.00,11.10,100.00,18.20
2026-05-16T08:44:44.167098,11.10,0.00,100.00,11.10
2026-05-16T08:44:44.272542,11.10,11.10,100.00,18.20
2026-05-16T08:44:44.376051,10.00,0.00,100.00,11.10
2026-05-16T08:44:44.479346,20.00,11.10,100.00,18.20
2026-05-16T08:44:44.582785,0.00,11.10,100.00,10.00
2026-05-16T08:44:44.686103,10.00,0.00,100.00,10.00
2026-05-16T08:44:44.789200,11.10,0.00,100.00,20.00
2026-05-16T08:44:44.892408,11.10,11.10,100.00,10.00
2026-05-16T08:44:44.995786,0.00,0.00,100.00,10.00
2026-05-16T08:44:45.098912,11.10,20.00,100.00,11.10
2026-05-16T08:44:45.203207,11.10,11.10,100.00,18.20
2026-05-16T08:44:45.307459,11.10,0.00,100.00,11.10
2026-05-16T08:44:45.410828,20.00,11.10,100.00,18.20
2026-05-16T08:44:45.514031,11.10,0.00,100.00,10.00
2026-05-16T08:44:45.617148,18.20,11.10,100.00,11.10
2026-05-16T08:44:45.721121,0.00,11.10,100.00,18.20
2026-05-16T08:44:45.826148,50.00,60.00,100.00,20.00
2026-05-16T08:44:45.931148,70.00,66.70,100.00,11.10
2026-05-16T08:44:46.036545,63.60,66.70,100.00,20.00
2026-05-16T08:44:46.140701,60.00,66.70,100.00,11.10
2026-05-16T08:44:46.245178,63.60,60.00,100.00,20.00
2026-05-16T08:44:46.349329,66.70,75.00,100.00,20.00
2026-05-16T08:44:46.453992,63.60,55.60,100.00,30.00
2026-05-16T08:44:46.558599,63.60,72.70,100.00,11.10
2026-05-16T08:44:46.662964,60.00,63.60,100.00,20.00
2026-05-16T08:44:46.767053,63.60,63.60,100.00,22.20
2026-05-16T08:44:46.871558,60.00,66.70,100.00,20.00
2026-05-16T08:44:46.976797,60.00,66.70,100.00,20.00
2026-05-16T08:44:47.081317,63.60,66.70,100.00,20.00
2026-05-16T08:44:47.185880,55.60,66.70,100.00,20.00
2026-05-16T08:44:47.290126,60.00,60.00,100.00,12.50
2026-05-16T08:44:47.394773,70.00,72.70,100.00,27.30
2026-05-16T08:44:47.499199,60.00,63.60,100.00,30.00
2026-05-16T08:44:47.606572,66.70,72.70,100.00,11.10
2026-05-16T08:44:47.710561,63.60,60.00,100.00,20.00
2026-05-16T08:44:47.814612,55.60,70.00,100.00,22.20
2026-05-16T08:44:47.918644,66.70,63.60,100.00,20.00
2026-05-16T08:44:48.022633,60.00,60.00,100.00,20.00
2026-05-16T08:44:48.157138,66.70,75.00,100.00,38.50
2026-05-16T08:44:48.263086,63.60,70.00,100.00,100.00
2026-05-16T08:44:48.369379,72.70,80.00,100.00,100.00
2026-05-16T08:44:48.474207,70.00,66.70,100.00,100.00
2026-05-16T08:44:48.580050,76.90,66.70,100.00,100.00
2026-05-16T08:44:48.684951,63.60,66.70,100.00,100.00
2026-05-16T08:44:48.791418,66.70,72.70,100.00,100.00
2026-05-16T08:44:48.896033,66.70,66.70,100.00,100.00
2026-05-16T08:44:49.000980,60.00,70.00,100.00,100.00
2026-05-16T08:44:49.105402,63.60,70.00,100.00,100.00
2026-05-16T08:44:49.210309,60.00,66.70,100.00,100.00
2026-05-16T08:44:49.314314,60.00,70.00,100.00,100.00
2026-05-16T08:44:49.420569,63.60,76.90,100.00,100.00
2026-05-16T08:44:49.525042,60.00,60.00,100.00,100.00
2026-05-16T08:44:49.630332,60.00,70.00,100.00,100.00
2026-05-16T08:44:49.735588,63.60,66.70,100.00,100.00
2026-05-16T08:44:49.843771,91.70,80.00,100.00,100.00
2026-05-16T08:44:49.950436,83.30,81.80,100.00,100.00
2026-05-16T08:44:50.055512,80.00,75.00,100.00,100.00
2026-05-16T08:44:50.161079,81.80,90.00,100.00,100.00
2026-05-16T08:44:50.266985,90.90,88.90,100.00,100.00
2026-05-16T08:44:50.373316,90.90,91.70,100.00,100.00
2026-05-16T08:44:50.480113,80.00,90.90,100.00,100.00
2026-05-16T08:44:50.585972,80.00,90.00,100.00,100.00
2026-05-16T08:44:50.690425,77.80,100.00,100.00,100.00
2026-05-16T08:44:50.796736,90.00,90.90,100.00,100.00
2026-05-16T08:44:50.903573,72.70,90.90,100.00,100.00
2026-05-16T08:44:51.010158,81.80,80.00,100.00,100.00
2026-05-16T08:44:51.114541,81.80,81.80,100.00,100.00
2026-05-16T08:44:51.219172,81.80,80.00,100.00,100.00
2026-05-16T08:44:51.324117,81.80,84.60,100.00,100.00
2026-05-16T08:44:51.432142,81.80,80.00,100.00,100.00
2026-05-16T08:44:51.537438,81.80,80.00,100.00,100.00
2026-05-16T08:44:51.641804,83.30,80.00,100.00,100.00
2026-05-16T08:44:51.746185,81.80,90.00,100.00,100.00
2026-05-16T08:44:51.851311,88.90,91.70,100.00,100.00
2026-05-16T08:44:51.956693,81.80,72.70,100.00,100.00
2026-05-16T08:44:52.062871,90.00,88.90,100.00,100.00
2026-05-16T08:44:52.167730,72.70,84.60,100.00,100.00
2026-05-16T08:44:52.273751,70.00,90.00,100.00,100.00
2026-05-16T08:44:52.379106,81.80,100.00,100.00,100.00
2026-05-16T08:44:52.484123,77.80,83.30,100.00,100.00
2026-05-16T08:44:52.589213,81.80,90.00,100.00,100.00
2026-05-16T08:44:52.695179,80.00,100.00,100.00,100.00
2026-05-16T08:44:52.801032,75.00,90.00,100.00,100.00
2026-05-16T08:44:52.906584,81.80,80.00,100.00,100.00
2026-05-16T08:44:53.013603,81.80,83.30,100.00,100.00
2026-05-16T08:44:53.117941,81.80,80.00,100.00,100.00
2026-05-16T08:44:53.223077,75.00,90.90,100.00,100.00
2026-05-16T08:44:53.335790,90.00,90.90,100.00,100.00
2026-05-16T08:44:53.442273,90.00,90.00,100.00,100.00
2026-05-16T08:44:53.546673,83.30,91.70,100.00,100.00
2026-05-16T08:44:53.653500,81.80,81.80,100.00,100.00
2026-05-16T08:44:53.758651,90.00,90.00,100.00,100.00
2026-05-16T08:44:53.865163,80.00,90.00,100.00,100.00
2026-05-16T08:44:53.969814,80.00,90.00,100.00,100.00
2026-05-16T08:44:54.075641,81.80,100.00,100.00,100.00
2026-05-16T08:44:54.180177,80.00,91.70,100.00,100.00
2026-05-16T08:44:54.284799,81.80,100.00,100.00,100.00
2026-05-16T08:44:54.393892,81.80,90.90,100.00,100.00
2026-05-16T08:44:54.498207,80.00,100.00,100.00,100.00
2026-05-16T08:44:54.606394,80.00,90.00,100.00,100.00
2026-05-16T08:44:54.713366,80.00,90.90,100.00,100.00
2026-05-16T08:44:54.818133,80.00,90.00,100.00,100.00
2026-05-16T08:44:54.922369,80.00,90.90,100.00,100.00
2026-05-16T08:44:55.026836,81.80,100.00,100.00,100.00
2026-05-16T08:44:55.133213,81.80,90.00,100.00,100.00
2026-05-16T08:44:55.238906,80.00,91.70,100.00,100.00
2026-05-16T08:44:55.344727,81.80,75.00,100.00,100.00
2026-05-16T08:44:55.452045,81.80,90.90,100.00,100.00
2026-05-16T08:44:55.556129,75.00,81.80,100.00,100.00
2026-05-16T08:44:55.663843,81.80,88.90,100.00,100.00
2026-05-16T08:44:55.768211,72.70,84.60,100.00,100.00
2026-05-16T08:44:55.872884,77.80,90.00,100.00,100.00
2026-05-16T08:44:55.979005,72.70,83.30,100.00,100.00
2026-05-16T08:44:56.086227,81.80,90.90,100.00,100.00
2026-05-16T08:44:56.192774,75.00,80.00,100.00,100.00
2026-05-16T08:44:56.297373,72.70,81.80,100.00,100.00
2026-05-16T08:44:56.403930,80.00,83.30,100.00,100.00
2026-05-16T08:44:56.509692,72.70,88.90,100.00,100.00
2026-05-16T08:44:56.615572,81.80,83.30,100.00,100.00
2026-05-16T08:44:56.720282,80.00,90.90,100.00,100.00
2026-05-16T08:44:56.824937,72.70,83.30,100.00,100.00
2026-05-16T08:44:56.930460,80.00,88.90,100.00,100.00
2026-05-16T08:44:57.036827,75.00,84.60,100.00,100.00
2026-05-16T08:44:57.140724,77.80,88.90,100.00,100.00
2026-05-16T08:44:57.246062,83.30,90.00,100.00,100.00
2026-05-16T08:44:57.349991,77.80,90.90,100.00,100.00
2026-05-16T08:44:57.455610,72.70,81.80,100.00,100.00
2026-05-16T08:44:57.560176,80.00,90.90,100.00,100.00
2026-05-16T08:44:57.665180,75.00,90.90,100.00,100.00
2026-05-16T08:44:57.769195,66.70,70.00,100.00,100.00
2026-05-16T08:44:57.874024,12.50,40.00,100.00,100.00
2026-05-16T08:44:57.978163,40.00,33.30,100.00,100.00
2026-05-16T08:44:58.082881,22.20,14.30,100.00,100.00
2026-05-16T08:44:58.186930,33.30,22.20,100.00,100.00
2026-05-16T08:44:58.291741,22.20,33.30,100.00,100.00
2026-05-16T08:44:58.395393,33.30,25.00,100.00,100.00
2026-05-16T08:44:58.499753,22.20,33.30,100.00,100.00
2026-05-16T08:44:58.604521,22.20,33.30,100.00,100.00
2026-05-16T08:44:58.709949,25.00,25.00,100.00,100.00
2026-05-16T08:44:58.814406,30.00,30.00,100.00,100.00
2026-05-16T08:44:58.918525,12.50,14.30,100.00,100.00
2026-05-16T08:44:59.022452,36.40,30.00,100.00,100.00
2026-05-16T08:44:59.126544,12.50,25.00,100.00,100.00
2026-05-16T08:44:59.230601,33.30,30.00,100.00,100.00
2026-05-16T08:44:59.334847,12.50,30.00,100.00,100.00
2026-05-16T08:44:59.439879,22.20,14.30,100.00,100.00
2026-05-16T08:44:59.544184,30.00,30.00,100.00,100.00
2026-05-16T08:44:59.649118,22.20,25.00,100.00,100.00
2026-05-16T08:44:59.753292,22.20,36.40,100.00,100.00
2026-05-16T08:44:59.857924,12.50,25.00,100.00,100.00
2026-05-16T08:44:59.963020,33.30,22.20,100.00,100.00
2026-05-16T08:45:00.067863,12.50,33.30,100.00,100.00
2026-05-16T08:45:00.171982,30.00,33.30,100.00,100.00
2026-05-16T08:45:00.275581,33.30,25.00,100.00,100.00
2026-05-16T08:45:00.379678,22.20,22.20,100.00,100.00
2026-05-16T08:45:00.483396,22.20,25.00,100.00,100.00
2026-05-16T08:45:00.588243,12.50,22.20,100.00,100.00
2026-05-16T08:45:00.694084,14.30,40.00,100.00,100.00
2026-05-16T08:45:00.798659,30.00,22.20,100.00,100.00
2026-05-16T08:45:00.903054,22.20,14.30,100.00,100.00
2026-05-16T08:45:01.007157,33.30,40.00,100.00,100.00
2026-05-16T08:45:01.111737,22.20,25.00,100.00,100.00
2026-05-16T08:45:01.216015,33.30,40.00,100.00,100.00
2026-05-16T08:45:01.319967,30.00,33.30,100.00,100.00
2026-05-16T08:45:01.424461,22.20,12.50,100.00,100.00
2026-05-16T08:45:01.528514,12.50,22.20,100.00,100.00
2026-05-16T08:45:01.632898,25.00,14.30,100.00,100.00
2026-05-16T08:45:01.736920,22.20,30.00,100.00,100.00
2026-05-16T08:45:01.843994,80.00,90.90,100.00,100.00
2026-05-16T08:45:01.949401,83.30,100.00,100.00,100.00
2026-05-16T08:45:02.054607,88.90,90.90,100.00,100.00
2026-05-16T08:45:02.162262,81.80,100.00,100.00,100.00
2026-05-16T08:45:02.266817,81.80,90.90,100.00,100.00
2026-05-16T08:45:02.373367,90.00,90.00,100.00,100.00
2026-05-16T08:45:02.478144,90.00,100.00,100.00,100.00
2026-05-16T08:45:02.584571,83.30,90.90,100.00,100.00
2026-05-16T08:45:02.689168,88.90,100.00,100.00,100.00
2026-05-16T08:45:02.793568,81.80,100.00,100.00,100.00
2026-05-16T08:45:02.900545,90.00,91.70,100.00,100.00
2026-05-16T08:45:03.004836,80.00,100.00,100.00,100.00
2026-05-16T08:45:03.109532,83.30,90.90,100.00,100.00
2026-05-16T08:45:03.337133,95.50,100.00,100.00,100.00
2026-05-16T08:45:03.442381,75.00,80.00,81.80,12.50
2026-05-16T08:45:03.547490,80.00,80.00,81.80,22.20
2026-05-16T08:45:03.652526,72.70,75.00,81.80,22.20
2026-05-16T08:45:03.757685,75.00,80.00,90.90,30.00
2026-05-16T08:45:03.862665,81.80,72.70,83.30,22.20
2026-05-16T08:45:03.968640,70.00,83.30,81.80,20.00
2026-05-16T08:45:04.073852,72.70,70.00,90.00,22.20
2026-05-16T08:45:04.179643,80.00,81.80,84.60,12.50
2026-05-16T08:45:04.284639,72.70,80.00,83.30,22.20
2026-05-16T08:45:04.389824,81.80,75.00,90.00,30.00
2026-05-16T08:45:04.494846,75.00,80.00,81.80,12.50
2026-05-16T08:45:04.599667,81.80,72.70,84.60,22.20
2026-05-16T08:45:04.706222,72.70,81.80,80.00,30.00
2026-05-16T08:45:04.811877,81.80,72.70,90.90,20.00
2026-05-16T08:45:04.916599,72.70,81.80,81.80,12.50
2026-05-16T08:45:05.021475,66.70,70.00,75.00,22.20
2026-05-16T08:45:05.126590,63.60,66.70,83.30,20.00
2026-05-16T08:45:05.231119,70.00,80.00,83.30,40.00
2026-05-16T08:45:05.335820,81.80,75.00,81.80,22.20
2026-05-16T08:45:05.441392,75.00,80.00,90.00,22.20
2026-05-16T08:45:05.546039,75.00,70.00,83.30,22.20
2026-05-16T08:45:05.650561,70.00,72.70,72.70,22.20
2026-05-16T08:45:05.755957,75.00,72.70,83.30,30.00
2026-05-16T08:45:05.860744,80.00,81.80,91.70,22.20
2026-05-16T08:45:05.965950,81.80,83.30,90.90,22.20
2026-05-16T08:45:06.071868,72.70,83.30,83.30,27.30
2026-05-16T08:45:06.177880,81.80,80.00,90.00,25.00
2026-05-16T08:45:06.283307,83.30,83.30,90.90,11.10
2026-05-16T08:45:06.388500,70.00,77.80,84.60,33.30
2026-05-16T08:45:06.495119,81.80,75.00,90.90,22.20
2026-05-16T08:45:06.600815,81.80,81.80,90.90,22.20
2026-05-16T08:45:06.707410,80.00,81.80,83.30,22.20
2026-05-16T08:45:06.812684,72.70,80.00,90.90,22.20
2026-05-16T08:45:06.917364,80.00,83.30,84.60,22.20
2026-05-16T08:45:07.021636,75.00,75.00,90.00,22.20
2026-05-16T08:45:07.128568,81.80,80.00,84.60,22.20
2026-05-16T08:45:07.233654,81.80,80.00,90.00,41.70
2026-05-16T08:45:07.338582,70.00,81.80,83.30,22.20
2026-05-16T08:45:07.443482,83.30,81.80,90.90,22.20
2026-05-16T08:45:07.549204,72.70,70.00,90.90,22.20
2026-05-16T08:45:07.655322,81.80,83.30,81.80,22.20
2026-05-16T08:45:07.760095,77.80,80.00,90.90,30.00
2026-05-16T08:45:07.864816,76.90,72.70,83.30,25.00
2026-05-16T08:45:07.970617,80.00,76.90,90.90,30.00
2026-05-16T08:45:08.075797,81.80,81.80,100.00,12.50
2026-05-16T08:45:08.180864,72.70,77.80,83.30,22.20
2026-05-16T08:45:08.288518,83.30,84.60,84.60,22.20
2026-05-16T08:45:08.393509,77.80,77.80,90.00,22.20
2026-05-16T08:45:08.498962,75.00,81.80,90.90,30.00
2026-05-16T08:45:08.604035,81.80,83.30,90.90,30.00
2026-05-16T08:45:08.710459,80.00,81.80,84.60,22.20
2026-05-16T08:45:08.815538,75.00,80.00,88.90,30.00
2026-05-16T08:45:08.920572,80.00,81.80,91.70,30.00
2026-05-16T08:45:09.025920,81.80,81.80,90.90,22.20
2026-05-16T08:45:09.130839,70.00,77.80,90.00,22.20
2026-05-16T08:45:09.235867,81.80,81.80,91.70,33.30
2026-05-16T08:45:09.341091,80.00,83.30,84.60,22.20
2026-05-16T08:45:09.446739,80.00,80.00,90.00,30.00
2026-05-16T08:45:09.552435,81.80,90.00,90.90,22.20
2026-05-16T08:45:09.657966,81.80,81.80,90.90,22.20
2026-05-16T08:45:09.763864,81.80,81.80,90.90,22.20
2026-05-16T08:45:09.870043,80.00,81.80,83.30,30.00
2026-05-16T08:45:09.975905,72.70,83.30,90.90,22.20
2026-05-16T08:45:10.081572,80.00,80.00,90.90,30.00
2026-05-16T08:45:10.186689,75.00,70.00,90.90,22.20
2026-05-16T08:45:10.291550,80.00,80.00,84.60,22.20
2026-05-16T08:45:10.396876,77.80,81.80,90.90,30.00
2026-05-16T08:45:10.503104,75.00,81.80,90.00,22.20
2026-05-16T08:45:10.610365,80.00,81.80,92.30,22.20
2026-05-16T08:45:10.716572,80.00,81.80,90.90,20.00
2026-05-16T08:45:10.821811,75.00,77.80,90.00,30.00
2026-05-16T08:45:10.926960,80.00,81.80,90.90,33.30
2026-05-16T08:45:11.031109,80.00,81.80,83.30,11.10
2026-05-16T08:45:11.136795,75.00,70.00,83.30,22.20
2026-05-16T08:45:11.241657,72.70,81.80,83.30,30.00
2026-05-16T08:45:11.346606,81.80,75.00,90.00,22.20
2026-05-16T08:45:11.451313,81.80,81.80,90.90,12.50
2026-05-16T08:45:11.555846,72.70,75.00,84.60,22.20
2026-05-16T08:45:11.661086,81.80,77.80,90.00,22.20
2026-05-16T08:45:11.766772,75.00,81.80,81.80,12.50
2026-05-16T08:45:11.871566,81.80,72.70,81.80,30.00
2026-05-16T08:45:11.976641,72.70,81.80,90.90,12.50
2026-05-16T08:45:12.082199,72.70,80.00,83.30,30.00
2026-05-16T08:45:12.187411,80.00,81.80,83.30,22.20
2026-05-16T08:45:12.293363,81.80,83.30,90.90,30.00
2026-05-16T08:45:12.399101,80.00,80.00,90.90,12.50
2026-05-16T08:45:12.504739,75.00,75.00,90.90,22.20
2026-05-16T08:45:12.609978,80.00,81.80,90.00,22.20
2026-05-16T08:45:12.714868,83.30,77.80,83.30,30.00
2026-05-16T08:45:12.821024,72.70,83.30,90.90,22.20
2026-05-16T08:45:12.926122,81.80,75.00,83.30,36.40
2026-05-16T08:45:13.031636,72.70,80.00,83.30,22.20
2026-05-16T08:45:13.136815,80.00,72.70,90.90,22.20
2026-05-16T08:45:13.241738,75.00,81.80,81.80,30.00
2026-05-16T08:45:13.346700,70.00,80.00,83.30,22.20
2026-05-16T08:45:13.452028,81.80,70.00,90.90,22.20
2026-05-16T08:45:13.557164,72.70,83.30,83.30,22.20
2026-05-16T08:45:13.662444,81.80,80.00,90.90,30.00
2026-05-16T08:45:13.766738,66.70,72.70,80.00,12.50
2026-05-16T08:45:13.872236,72.70,80.00,83.30,27.30
2026-05-16T08:45:13.978570,72.70,75.00,81.80,22.20
2026-05-16T08:45:14.084135,70.00,72.70,76.90,22.20
2026-05-16T08:45:14.190819,75.00,77.80,90.90,22.20
2026-05-16T08:45:14.295434,66.70,72.70,76.90,12.50
2026-05-16T08:45:14.400056,75.00,75.00,80.00,20.00
2026-05-16T08:45:14.505828,66.70,75.00,83.30,22.20
2026-05-16T08:45:14.612191,70.00,72.70,83.30,22.20
2026-05-16T08:45:14.716979,72.70,70.00,83.30,22.20
2026-05-16T08:45:14.822129,66.70,72.70,83.30,30.00
2026-05-16T08:45:14.927191,72.70,81.80,83.30,22.20
2026-05-16T08:45:15.032114,70.00,72.70,81.80,20.00
2026-05-16T08:45:15.137724,81.80,80.00,83.30,12.50
2026-05-16T08:45:15.242464,72.70,72.70,81.80,30.00
2026-05-16T08:45:15.347156,70.00,70.00,83.30,22.20
2026-05-16T08:45:15.453564,72.70,76.90,80.00,22.20
2026-05-16T08:45:15.558819,75.00,77.80,81.80,30.00
2026-05-16T08:45:15.663474,66.70,72.70,83.30,30.00
2026-05-16T08:45:15.768556,72.70,72.70,80.00,12.50
2026-05-16T08:45:15.873016,63.60,70.00,75.00,30.00
2026-05-16T08:45:15.977669,80.00,75.00,83.30,22.20
2026-05-16T08:45:16.083402,72.70,72.70,80.00,22.20
2026-05-16T08:45:16.189047,72.70,70.00,83.30,20.00
2026-05-16T08:45:16.294109,70.00,83.30,83.30,30.00
2026-05-16T08:45:16.398957,75.00,70.00,81.80,22.20
2026-05-16T08:45:16.504851,70.00,72.70,76.90,22.20
2026-05-16T08:45:16.611418,75.00,72.70,90.90,22.20
2026-05-16T08:45:16.716159,72.70,80.00,80.00,30.00
2026-05-16T08:45:16.821137,72.70,70.00,81.80,20.00
2026-05-16T08:45:16.926153,72.70,72.70,75.00,25.00
2026-05-16T08:45:17.031891,70.00,72.70,90.90,20.00
2026-05-16T08:45:17.136837,75.00,75.00,72.70,30.00
2026-05-16T08:45:17.242182,72.70,80.00,83.30,30.00
2026-05-16T08:45:17.346874,75.00,72.70,81.80,12.50
2026-05-16T08:45:17.451803,77.80,72.70,83.30,30.00
2026-05-16T08:45:17.556125,75.00,72.70,80.00,30.00
2026-05-16T08:45:17.660416,72.70,70.00,81.80,12.50
2026-05-16T08:45:17.765019,63.60,72.70,75.00,20.00
2026-05-16T08:45:17.869363,72.70,63.60,75.00,12.50
2026-05-16T08:45:17.974381,70.00,70.00,80.00,22.20
2026-05-16T08:45:18.080331,60.00,72.70,83.30,20.00
2026-05-16T08:45:18.185089,75.00,72.70,72.70,22.20
2026-05-16T08:45:18.290206,60.00,70.00,75.00,30.00
2026-05-16T08:45:18.396460,72.70,75.00,81.80,11.10
2026-05-16T08:45:18.502786,72.70,75.00,75.00,22.20
2026-05-16T08:45:18.609163,70.00,72.70,81.80,30.00
2026-05-16T08:45:18.714472,72.70,63.60,81.80,30.00
2026-05-16T08:45:18.819571,63.60,72.70,76.90,11.10
2026-05-16T08:45:18.924860,70.00,75.00,72.70,30.00
2026-05-16T08:45:19.029336,72.70,60.00,81.80,22.20
2026-05-16T08:45:19.134026,60.00,63.60,75.00,11.10
2026-05-16T08:45:19.240232,72.70,75.00,81.80,30.00
2026-05-16T08:45:19.345495,70.00,72.70,72.70,30.00
2026-05-16T08:45:19.450421,75.00,72.70,75.00,12.50
2026-05-16T08:45:19.555438,63.60,66.70,72.70,11.10
2026-05-16T08:45:19.660484,66.70,60.00,81.80,22.20
2026-05-16T08:45:19.765241,70.00,72.70,72.70,22.20
2026-05-16T08:45:19.870357,66.70,72.70,75.00,27.30
2026-05-16T08:45:19.974961,63.60,72.70,81.80,22.20
2026-05-16T08:45:20.079342,66.70,63.60,75.00,22.20
2026-05-16T08:45:20.183692,66.70,72.70,75.00,20.00
2026-05-16T08:45:20.288593,66.70,66.70,81.80,22.20
2026-05-16T08:45:20.393471,75.00,63.60,72.70,22.20
2026-05-16T08:45:20.498399,63.60,72.70,81.80,22.20
2026-05-16T08:45:20.604955,72.70,72.70,75.00,22.20
2026-05-16T08:45:20.710079,70.00,63.60,75.00,30.00
2026-05-16T08:45:20.814631,63.60,72.70,81.80,11.10
2026-05-16T08:45:20.919732,72.70,66.70,72.70,20.00
2026-05-16T08:45:21.025613,63.60,63.60,75.00,22.20
2026-05-16T08:45:21.131168,70.00,70.00,72.70,22.20
2026-05-16T08:45:21.236599,72.70,70.00,76.90,30.00
2026-05-16T08:45:21.342189,63.60,72.70,80.00,20.00
2026-05-16T08:45:21.448420,70.00,66.70,80.00,22.20
2026-05-16T08:45:21.553538,60.00,72.70,75.00,12.50
2026-05-16T08:45:21.658523,72.70,72.70,83.30,20.00
2026-05-16T08:45:21.763675,63.60,63.60,63.60,22.20
2026-05-16T08:45:21.867748,50.00,40.00,50.00,20.00
2026-05-16T08:45:21.972004,40.00,25.00,54.50,20.00
2026-05-16T08:45:22.075721,25.00,45.50,44.40,11.10
2026-05-16T08:45:22.179591,50.00,40.00,40.00,20.00
2026-05-16T08:45:22.283393,33.30,40.00,54.50,11.10
2026-05-16T08:45:22.387456,40.00,33.30,40.00,27.30
2026-05-16T08:45:22.491623,33.30,40.00,54.50,11.10
2026-05-16T08:45:22.595696,45.50,40.00,40.00,11.10
2026-05-16T08:45:22.699981,44.40,44.40,50.00,27.30
2026-05-16T08:45:22.804825,45.50,33.30,45.50,11.10
2026-05-16T08:45:22.909373,33.30,40.00,44.40,20.00
2026-05-16T08:45:23.013528,40.00,40.00,40.00,11.10
2026-05-16T08:45:23.118235,33.30,33.30,50.00,27.30
2026-05-16T08:45:23.222878,44.40,40.00,40.00,20.00
2026-05-16T08:45:23.327139,45.50,33.30,50.00,20.00
2026-05-16T08:45:23.432914,40.00,40.00,50.00,0.00
2026-05-16T08:45:23.537707,33.30,40.00,45.50,27.30
2026-05-16T08:45:23.641962,50.00,45.50,50.00,11.10
2026-05-16T08:45:23.746382,40.00,25.00,45.50,20.00
2026-05-16T08:45:23.850755,33.30,45.50,50.00,20.00
2026-05-16T08:45:23.954697,40.00,33.30,40.00,11.10
2026-05-16T08:45:24.058651,40.00,33.30,45.50,27.30
2026-05-16T08:45:24.163009,40.00,33.30,44.40,11.10
2026-05-16T08:45:24.267506,45.50,36.40,45.50,20.00
2026-05-16T08:45:24.371952,33.30,33.30,33.30,20.00
2026-05-16T08:45:24.477374,45.50,45.50,50.00,20.00
2026-05-16T08:45:24.582429,25.00,33.30,50.00,10.00
2026-05-16T08:45:24.686339,40.00,33.30,44.40,20.00
2026-05-16T08:45:24.790698,40.00,45.50,45.50,11.10
2026-05-16T08:45:24.895454,44.40,33.30,50.00,20.00
2026-05-16T08:45:24.999145,33.30,40.00,33.30,18.20
2026-05-16T08:45:25.104069,40.00,33.30,54.50,12.50
2026-05-16T08:45:25.208951,40.00,50.00,50.00,20.00
2026-05-16T08:45:25.312889,40.00,33.30,50.00,11.10
2026-05-16T08:45:25.416407,44.40,40.00,40.00,11.10
2026-05-16T08:45:25.520530,33.30,33.30,50.00,27.30
2026-05-16T08:45:25.625492,40.00,50.00,50.00,20.00
2026-05-16T08:45:25.729625,44.40,40.00,40.00,20.00
2026-05-16T08:45:25.854897,18.20,18.20,18.20,16.70
2026-05-16T08:45:25.958447,11.10,12.50,0.00,100.00
2026-05-16T08:45:26.062470,20.00,11.10,20.00,100.00
2026-05-16T08:45:26.166476,27.30,20.00,0.00,100.00
2026-05-16T08:45:26.270499,0.00,12.50,12.50,100.00
2026-05-16T08:45:26.374905,20.00,11.10,0.00,100.00
2026-05-16T08:45:26.479259,11.10,22.20,22.20,100.00
2026-05-16T08:45:26.582786,20.00,11.10,20.00,100.00
2026-05-16T08:45:26.687192,20.00,11.10,11.10,100.00
2026-05-16T08:45:26.791433,11.10,0.00,12.50,100.00
2026-05-16T08:45:26.894838,30.00,11.10,20.00,100.00
2026-05-16T08:45:26.998173,0.00,20.00,11.10,100.00
2026-05-16T08:45:27.102321,20.00,0.00,12.50,100.00
2026-05-16T08:45:27.206128,20.00,11.10,0.00,100.00
2026-05-16T08:45:27.310195,12.50,12.50,22.20,100.00
2026-05-16T08:45:27.414212,20.00,20.00,0.00,100.00
2026-05-16T08:45:27.518399,11.10,20.00,20.00,100.00
2026-05-16T08:45:27.622011,11.10,0.00,12.50,100.00
2026-05-16T08:45:27.726153,30.00,0.00,11.10,100.00
2026-05-16T08:45:27.887308,23.10,30.80,42.90,100.00
2026-05-16T08:45:27.991664,20.00,22.20,100.00,100.00
2026-05-16T08:45:28.095365,0.00,12.50,100.00,100.00
2026-05-16T08:45:28.199203,0.00,22.20,100.00,100.00
2026-05-16T08:45:28.303189,22.20,22.20,100.00,100.00
2026-05-16T08:45:28.407456,0.00,22.20,100.00,100.00
2026-05-16T08:45:28.511134,30.00,22.20,100.00,100.00
2026-05-16T08:45:28.615491,20.00,11.10,100.00,100.00
2026-05-16T08:45:28.719686,22.20,14.30,100.00,100.00
2026-05-16T08:45:28.823659,11.10,30.00,100.00,100.00
2026-05-16T08:45:28.927298,30.00,0.00,100.00,100.00
2026-05-16T08:45:29.031664,0.00,20.00,100.00,100.00
2026-05-16T08:45:29.135081,22.20,22.20,100.00,100.00
2026-05-16T08:45:29.239452,20.00,25.00,100.00,100.00
2026-05-16T08:45:29.343924,0.00,12.50,100.00,100.00
2026-05-16T08:45:29.448064,30.00,12.50,100.00,100.00
2026-05-16T08:45:29.552308,20.00,22.20,100.00,100.00
2026-05-16T08:45:29.656362,12.50,33.30,100.00,100.00
2026-05-16T08:45:29.760792,30.00,12.50,100.00,100.00
2026-05-16T08:45:29.865082,44.40,60.00,100.00,100.00
2026-05-16T08:45:29.970913,37.50,66.70,100.00,100.00
2026-05-16T08:45:30.075962,54.50,50.00,100.00,100.00
2026-05-16T08:45:30.181636,40.00,55.60,100.00,100.00
2026-05-16T08:45:30.287462,54.50,54.50,100.00,100.00
2026-05-16T08:45:30.392928,54.50,55.60,100.00,100.00
2026-05-16T08:45:30.498735,55.60,58.30,100.00,100.00
2026-05-16T08:45:30.605799,63.60,60.00,100.00,100.00
2026-05-16T08:45:30.709850,50.00,55.60,100.00,100.00
2026-05-16T08:45:30.814089,50.00,54.50,100.00,100.00
2026-05-16T08:45:30.918884,50.00,60.00,100.00,100.00
2026-05-16T08:45:31.023116,54.50,50.00,100.00,100.00
2026-05-16T08:45:31.127914,44.40,50.00,100.00,100.00
2026-05-16T08:45:31.232022,50.00,66.70,100.00,100.00
2026-05-16T08:45:31.337836,50.00,60.00,100.00,100.00
2026-05-16T08:45:31.442583,60.00,44.40,100.00,100.00
2026-05-16T08:45:31.546498,44.40,55.60,100.00,100.00
2026-05-16T08:45:31.651152,40.00,54.50,100.00,100.00
2026-05-16T08:45:31.756628,50.00,55.60,100.00,100.00
2026-05-16T08:45:31.862046,50.00,50.00,100.00,100.00
2026-05-16T08:45:31.967106,54.50,63.60,100.00,100.00
2026-05-16T08:45:32.071997,44.40,50.00,100.00,100.00
2026-05-16T08:45:32.177474,54.50,60.00,100.00,100.00
2026-05-16T08:45:32.282742,45.50,54.50,100.00,100.00
2026-05-16T08:45:32.387702,50.00,60.00,100.00,100.00
2026-05-16T08:45:32.492907,44.40,54.50,100.00,100.00
2026-05-16T08:45:32.598347,50.00,55.60,100.00,100.00
2026-05-16T08:45:32.703916,60.00,60.00,100.00,100.00
2026-05-16T08:45:32.809516,50.00,54.50,100.00,100.00
2026-05-16T08:45:32.914184,50.00,54.50,100.00,100.00
2026-05-16T08:45:33.018999,54.50,63.60,100.00,100.00
2026-05-16T08:45:33.123704,44.40,50.00,100.00,100.00
2026-05-16T08:45:33.230018,53.80,60.00,100.00,100.00
2026-05-16T08:45:33.334805,37.50,54.50,100.00,100.00
2026-05-16T08:45:33.440041,54.50,60.00,100.00,100.00
2026-05-16T08:45:33.544081,44.40,54.50,100.00,100.00
2026-05-16T08:45:33.648108,54.50,60.00,100.00,100.00
2026-05-16T08:45:33.754745,60.00,63.60,100.00,100.00
2026-05-16T08:45:33.940133,94.40,100.00,100.00,100.00
2026-05-16T08:45:34.045047,72.70,81.80,83.30,100.00
2026-05-16T08:45:34.149753,72.70,72.70,81.80,100.00
2026-05-16T08:45:34.255911,72.70,70.00,75.00,100.00
2026-05-16T08:45:34.361020,69.20,72.70,81.80,100.00
2026-05-16T08:45:34.465978,72.70,75.00,76.90,100.00
2026-05-16T08:45:34.571177,66.70,72.70,81.80,100.00
2026-05-16T08:45:34.677423,70.00,72.70,80.00,100.00
2026-05-16T08:45:34.782904,70.00,72.70,75.00,100.00
2026-05-16T08:45:34.890163,76.90,76.90,83.30,100.00
2026-05-16T08:45:34.996147,72.70,80.00,80.00,100.00
2026-05-16T08:45:35.101183,72.70,72.70,83.30,100.00
2026-05-16T08:45:35.207030,81.80,75.00,83.30,100.00
2026-05-16T08:45:35.313206,72.70,75.00,80.00,100.00
2026-05-16T08:45:35.418561,75.00,75.00,78.60,100.00
2026-05-16T08:45:35.524509,72.70,72.70,81.80,100.00
2026-05-16T08:45:35.629065,76.90,80.00,90.90,100.00
2026-05-16T08:45:35.734109,70.00,75.00,75.00,100.00
2026-05-16T08:45:35.876628,73.30,75.00,85.70,100.00
2026-05-16T08:45:35.981337,72.70,72.70,75.00,27.30
2026-05-16T08:45:36.086412,70.00,72.70,75.00,12.50
2026-05-16T08:45:36.191044,66.70,63.60,80.00,22.20
2026-05-16T08:45:36.296512,75.00,72.70,76.90,11.10
2026-05-16T08:45:36.402722,70.00,72.70,81.80,30.00
2026-05-16T08:45:36.507775,70.00,75.00,90.00,12.50
2026-05-16T08:45:36.612329,75.00,70.00,76.90,30.00
2026-05-16T08:45:36.717225,72.70,75.00,81.80,30.00
2026-05-16T08:45:36.823604,72.70,72.70,81.80,27.30
2026-05-16T08:45:36.929115,70.00,80.00,75.00,12.50
2026-05-16T08:45:37.034381,70.00,66.70,75.00,22.20
2026-05-16T08:45:37.139909,72.70,80.00,81.80,20.00
2026-05-16T08:45:37.245063,72.70,75.00,81.80,33.30
2026-05-16T08:45:37.351242,72.70,70.00,81.80,22.20
2026-05-16T08:45:37.456952,80.00,72.70,83.30,22.20
2026-05-16T08:45:37.561431,69.20,72.70,83.30,30.00
2026-05-16T08:45:37.666449,66.70,72.70,72.70,12.50
2026-05-16T08:45:37.770703,66.70,72.70,75.00,20.00
2026-05-16T08:45:37.874483,54.50,50.00,60.00,20.00
2026-05-16T08:45:37.978535,50.00,54.50,60.00,30.00
2026-05-16T08:45:38.082845,45.50,54.50,50.00,20.00
2026-05-16T08:45:38.187483,50.00,50.00,58.30,20.00
2026-05-16T08:45:38.292343,44.40,45.50,60.00,22.20
2026-05-16T08:45:38.398005,58.30,50.00,58.30,10.00
2026-05-16T08:45:38.502124,44.40,54.50,60.00,22.20
2026-05-16T08:45:38.606601,50.00,44.40,54.50,20.00
2026-05-16T08:45:38.712119,50.00,50.00,60.00,20.00
2026-05-16T08:45:38.816881,54.50,50.00,58.30,20.00
2026-05-16T08:45:38.920879,44.40,54.50,63.60,22.20
2026-05-16T08:45:39.025398,44.40,44.40,58.30,11.10
2026-05-16T08:45:39.130462,50.00,45.50,60.00,20.00
2026-05-16T08:45:39.235365,63.60,50.00,58.30,22.20
2026-05-16T08:45:39.339816,44.40,54.50,60.00,11.10
2026-05-16T08:45:39.444471,45.50,54.50,54.50,20.00
2026-05-16T08:45:39.548817,50.00,50.00,60.00,22.20
2026-05-16T08:45:39.652862,60.00,54.50,54.50,20.00
2026-05-16T08:45:39.758209,33.30,44.40,63.60,11.10
2026-05-16T08:45:39.862967,54.50,45.50,54.50,27.30
2026-05-16T08:45:39.966984,50.00,60.00,60.00,11.10
2026-05-16T08:45:40.071090,60.00,45.50,50.00,11.10
2026-05-16T08:45:40.175720,45.50,54.50,58.30,27.30
2026-05-16T08:45:40.279857,50.00,37.50,60.00,11.10
2026-05-16T08:45:40.384639,50.00,50.00,58.30,11.10
2026-05-16T08:45:40.489936,50.00,58.30,63.60,20.00
2026-05-16T08:45:40.595037,44.40,40.00,54.50,22.20
2026-05-16T08:45:40.700006,54.50,58.30,54.50,20.00
2026-05-16T08:45:40.808018,54.50,50.00,60.00,20.00
2026-05-16T08:45:40.912616,50.00,54.50,61.50,11.10
2026-05-16T08:45:41.017684,50.00,37.50,55.60,20.00
2026-05-16T08:45:41.121917,50.00,54.50,58.30,27.30
2026-05-16T08:45:41.226914,50.00,54.50,60.00,12.50
2026-05-16T08:45:41.332320,54.50,54.50,54.50,20.00
2026-05-16T08:45:41.436076,50.00,50.00,60.00,11.10
2026-05-16T08:45:41.541090,44.40,45.50,58.30,20.00
2026-05-16T08:45:41.645474,50.00,50.00,55.60,11.10
2026-05-16T08:45:41.749665,37.50,44.40,58.30,20.00
2026-05-16T08:45:41.854589,60.00,54.50,63.60,20.00
2026-05-16T08:45:41.958817,50.00,50.00,63.60,22.20
2026-05-16T08:45:42.062890,54.50,50.00,58.30,11.10
2026-05-16T08:45:42.167546,54.50,58.30,50.00,27.30
2026-05-16T08:45:42.272039,54.50,37.50,63.60,22.20
2026-05-16T08:45:42.376161,37.50,58.30,54.50,11.10
2026-05-16T08:45:42.480097,58.30,54.50,60.00,20.00
2026-05-16T08:45:42.584257,50.00,50.00,66.70,30.00
2026-05-16T08:45:42.688747,44.40,55.60,60.00,11.10
2026-05-16T08:45:42.794165,60.00,58.30,54.50,20.00
2026-05-16T08:45:42.898600,44.40,44.40,66.70,11.10
2026-05-16T08:45:43.004033,54.50,45.50,54.50,27.30
2026-05-16T08:45:43.109738,50.00,54.50,63.60,12.50
2026-05-16T08:45:43.213842,50.00,44.40,60.00,20.00
2026-05-16T08:45:43.318339,58.30,50.00,58.30,11.10
2026-05-16T08:45:43.422968,50.00,54.50,60.00,20.00
2026-05-16T08:45:43.528104,44.40,44.40,58.30,20.00
2026-05-16T08:45:43.632232,54.50,50.00,63.60,20.00
2026-05-16T08:45:43.736623,50.00,50.00,60.00,12.50
2026-05-16T08:45:43.841414,50.00,54.50,58.30,20.00
2026-05-16T08:45:43.946158,55.60,54.50,63.60,20.00
2026-05-16T08:45:44.051111,54.50,50.00,55.60,20.00
2026-05-16T08:45:44.155939,50.00,44.40,58.30,11.10
2026-05-16T08:45:44.260380,54.50,54.50,60.00,20.00
2026-05-16T08:45:44.364581,44.40,33.30,55.60,30.00
2026-05-16T08:45:44.468707,54.50,58.30,58.30,20.00
2026-05-16T08:45:44.572860,50.00,50.00,66.70,11.10
2026-05-16T08:45:44.677462,50.00,58.30,58.30,20.00
2026-05-16T08:45:44.781448,54.50,54.50,63.60,12.50
2026-05-16T08:45:44.886029,54.50,50.00,54.50,20.00
2026-05-16T08:45:44.992392,50.00,50.00,63.60,20.00
2026-05-16T08:45:45.096457,50.00,54.50,54.50,11.10
2026-05-16T08:45:45.200663,50.00,44.40,55.60,20.00
2026-05-16T08:45:45.305822,54.50,60.00,58.30,36.40
2026-05-16T08:45:45.410921,50.00,54.50,63.60,20.00
2026-05-16T08:45:45.515788,60.00,54.50,55.60,12.50
2026-05-16T08:45:45.619929,54.50,50.00,63.60,20.00
2026-05-16T08:45:45.723713,50.00,50.00,54.50,20.00
2026-05-16T08:45:45.828700,60.00,63.60,63.60,12.50
2026-05-16T08:45:45.932901,63.60,55.60,72.70,27.30
2026-05-16T08:45:46.039366,63.60,58.30,66.70,22.20
2026-05-16T08:45:46.143824,60.00,60.00,70.00,11.10
2026-05-16T08:45:46.248546,58.30,63.60,69.20,20.00
2026-05-16T08:45:46.353099,63.60,54.50,63.60,22.20
2026-05-16T08:45:46.458168,55.60,63.60,70.00,20.00
2026-05-16T08:45:46.563468,66.70,60.00,66.70,22.20
2026-05-16T08:45:46.668133,55.60,63.60,72.70,20.00
2026-05-16T08:45:46.773169,54.50,60.00,63.60,20.00
2026-05-16T08:45:46.878816,63.60,63.60,75.00,22.20
2026-05-16T08:45:46.983034,63.60,54.50,63.60,11.10
2026-05-16T08:45:47.087612,60.00,60.00,72.70,30.00
2026-05-16T08:45:47.191710,63.60,63.60,66.70,0.00
2026-05-16T08:45:47.297109,54.50,60.00,63.60,36.40
2026-05-16T08:45:47.401855,60.00,60.00,70.00,20.00
2026-05-16T08:45:47.506509,63.60,66.70,63.60,12.50
2026-05-16T08:45:47.611954,60.00,63.60,75.00,20.00
2026-05-16T08:45:47.716241,55.60,50.00,72.70,22.20
2026-05-16T08:45:47.820578,63.60,60.00,66.70,20.00
2026-05-16T08:45:47.925513,60.00,61.50,66.70,22.20
2026-05-16T08:45:48.030239,63.60,60.00,66.70,20.00
2026-05-16T08:45:48.134980,55.60,66.70,75.00,11.10
2026-05-16T08:45:48.239426,61.50,55.60,63.60,22.20
2026-05-16T08:45:48.343996,55.60,63.60,66.70,20.00
2026-05-16T08:45:48.448572,63.60,58.30,69.20,20.00
2026-05-16T08:45:48.553341,60.00,63.60,60.00,12.50
2026-05-16T08:45:48.657694,60.00,63.60,76.90,20.00
2026-05-16T08:45:48.761961,60.00,63.60,66.70,30.00
2026-05-16T08:45:48.867024,58.30,63.60,70.00,11.10
2026-05-16T08:45:48.971631,72.70,60.00,72.70,22.20
2026-05-16T08:45:49.076394,54.50,63.60,69.20,20.00
2026-05-16T08:45:49.181620,60.00,54.50,75.00,20.00
2026-05-16T08:45:49.286090,60.00,60.00,63.60,22.20
2026-05-16T08:45:49.390425,66.70,63.60,70.00,30.00
2026-05-16T08:45:49.495050,66.70,60.00,75.00,11.10
2026-05-16T08:45:49.600621,70.00,63.60,63.60,30.00
2026-05-16T08:45:49.705983,63.60,60.00,75.00,22.20
2026-05-16T08:45:49.810102,30.00,40.00,33.30,11.10
2026-05-16T08:45:49.938585,27.30,27.30,27.30,16.70
2026-05-16T08:45:50.043051,12.50,22.20,22.20,100.00
2026-05-16T08:45:50.147013,20.00,20.00,22.20,100.00
2026-05-16T08:45:50.250807,30.00,22.20,22.20,100.00
2026-05-16T08:45:50.354241,22.20,12.50,22.20,100.00
2026-05-16T08:45:50.458799,12.50,22.20,22.20,100.00
2026-05-16T08:45:50.563384,27.30,30.00,22.20,100.00
2026-05-16T08:45:50.667465,12.50,0.00,22.20,100.00
2026-05-16T08:45:50.772109,22.20,20.00,36.40,100.00
2026-05-16T08:45:50.876369,22.20,22.20,12.50,100.00
2026-05-16T08:45:50.980225,20.00,22.20,22.20,100.00
2026-05-16T08:45:51.084250,22.20,22.20,22.20,100.00
2026-05-16T08:45:51.188044,30.00,20.00,30.00,100.00
2026-05-16T08:45:51.292064,22.20,12.50,12.50,100.00
2026-05-16T08:45:51.395600,22.20,30.00,12.50,100.00
2026-05-16T08:45:51.498980,20.00,12.50,30.00,100.00
2026-05-16T08:45:51.602649,12.50,20.00,22.20,100.00
2026-05-16T08:45:51.706841,36.40,30.00,0.00,100.00
2026-05-16T08:45:51.874982,28.60,35.70,46.70,100.00
2026-05-16T08:45:51.979185,36.40,37.50,100.00,100.00
2026-05-16T08:45:52.084181,25.00,33.30,100.00,100.00
2026-05-16T08:45:52.188848,33.30,33.30,100.00,100.00
2026-05-16T08:45:52.293090,22.20,33.30,100.00,100.00
2026-05-16T08:45:52.397344,40.00,40.00,100.00,100.00
2026-05-16T08:45:52.501605,0.00,12.50,100.00,100.00
2026-05-16T08:45:52.606549,36.40,33.30,100.00,100.00
2026-05-16T08:45:52.710481,14.30,33.30,100.00,100.00
2026-05-16T08:45:52.814200,12.50,30.00,100.00,100.00
2026-05-16T08:45:52.918209,30.00,0.00,100.00,100.00
2026-05-16T08:45:53.022456,30.00,40.00,100.00,100.00
2026-05-16T08:45:53.127411,33.30,25.00,100.00,100.00
2026-05-16T08:45:53.231953,22.20,40.00,100.00,100.00
2026-05-16T08:45:53.337399,40.00,40.00,100.00,100.00
2026-05-16T08:45:53.441862,33.30,25.00,100.00,100.00
2026-05-16T08:45:53.546112,22.20,33.30,100.00,100.00
2026-05-16T08:45:53.650709,40.00,25.00,100.00,100.00
2026-05-16T08:45:53.756222,45.50,50.00,100.00,100.00
2026-05-16T08:45:53.861378,62.50,72.70,100.00,100.00
2026-05-16T08:45:53.965597,60.00,72.70,100.00,100.00
2026-05-16T08:45:54.071558,60.00,81.80,100.00,100.00
2026-05-16T08:45:54.178197,54.50,90.90,100.00,100.00
2026-05-16T08:45:54.284428,62.50,81.80,100.00,100.00
2026-05-16T08:45:54.388559,54.50,83.30,100.00,100.00
2026-05-16T08:45:54.494412,70.00,80.00,100.00,100.00
2026-05-16T08:45:54.600701,70.00,69.20,100.00,100.00
2026-05-16T08:45:54.706163,72.70,77.80,100.00,100.00
2026-05-16T08:45:54.810878,72.70,72.70,100.00,100.00
2026-05-16T08:45:54.915169,54.50,72.70,100.00,100.00
2026-05-16T08:45:55.019600,70.00,70.00,100.00,100.00
2026-05-16T08:45:55.125491,60.00,75.00,100.00,100.00
2026-05-16T08:45:55.230079,60.00,72.70,100.00,100.00
2026-05-16T08:45:55.334379,63.60,72.70,100.00,100.00
2026-05-16T08:45:55.439669,66.70,72.70,100.00,100.00
2026-05-16T08:45:55.544104,70.00,72.70,100.00,100.00
2026-05-16T08:45:55.649534,55.60,75.00,100.00,100.00
2026-05-16T08:45:55.753592,63.60,72.70,100.00,100.00
2026-05-16T08:45:55.858284,63.60,70.00,100.00,100.00
2026-05-16T08:45:55.963572,60.00,66.70,100.00,100.00
2026-05-16T08:45:56.069729,55.60,75.00,100.00,100.00
2026-05-16T08:45:56.174026,66.70,70.00,100.00,100.00
2026-05-16T08:45:56.278831,72.70,66.70,100.00,100.00
2026-05-16T08:45:56.385039,60.00,72.70,100.00,100.00
2026-05-16T08:45:56.490667,66.70,63.60,100.00,100.00
2026-05-16T08:45:56.596071,70.00,72.70,100.00,100.00
2026-05-16T08:45:56.703818,63.60,60.00,100.00,100.00
2026-05-16T08:45:56.809709,70.00,81.80,100.00,100.00
2026-05-16T08:45:56.918728,76.90,70.00,100.00,100.00
2026-05-16T08:45:57.024529,70.00,72.70,100.00,100.00
2026-05-16T08:45:57.130898,70.00,75.00,100.00,100.00
2026-05-16T08:45:57.236582,63.60,70.00,100.00,100.00
2026-05-16T08:45:57.341392,70.00,72.70,100.00,100.00
2026-05-16T08:45:57.449508,72.70,80.00,100.00,100.00
2026-05-16T08:45:57.556423,66.70,75.00,100.00,100.00
2026-05-16T08:45:57.662067,66.70,63.60,100.00,100.00
2026-05-16T08:45:57.766492,50.00,60.00,100.00,100.00
2026-05-16T08:45:57.869922,20.00,0.00,100.00,100.00
2026-05-16T08:45:57.974660,12.50,30.00,100.00,100.00
2026-05-16T08:45:58.079068,12.50,12.50,100.00,100.00
2026-05-16T08:45:58.182659,22.20,12.50,100.00,100.00
2026-05-16T08:45:58.286565,20.00,22.20,100.00,100.00
2026-05-16T08:45:58.390591,12.50,12.50,100.00,100.00
2026-05-16T08:45:58.494535,20.00,22.20,100.00,100.00
2026-05-16T08:45:58.598383,22.20,12.50,100.00,100.00
2026-05-16T08:45:58.701989,20.00,12.50,100.00,100.00
2026-05-16T08:45:58.805897,0.00,22.20,100.00,100.00
2026-05-16T08:45:58.910355,30.00,12.50,100.00,100.00
2026-05-16T08:45:59.014341,11.10,22.20,100.00,100.00
2026-05-16T08:45:59.117890,22.20,12.50,100.00,100.00
2026-05-16T08:45:59.221490,20.00,20.00,100.00,100.00
2026-05-16T08:45:59.325431,22.20,25.00,100.00,100.00
2026-05-16T08:45:59.429880,11.10,20.00,100.00,100.00
2026-05-16T08:45:59.534129,12.50,0.00,100.00,100.00
2026-05-16T08:45:59.638032,22.20,30.00,100.00,100.00
2026-05-16T08:45:59.742023,20.00,12.50,100.00,100.00
2026-05-16T08:45:59.845711,11.10,12.50,100.00,100.00
2026-05-16T08:45:59.950047,22.20,11.10,100.00,100.00
2026-05-16T08:46:00.053627,11.10,12.50,100.00,100.00
2026-05-16T08:46:00.157890,30.00,20.00,100.00,100.00
2026-05-16T08:46:00.261445,11.10,0.00,100.00,100.00
2026-05-16T08:46:00.365007,0.00,12.50,100.00,100.00
2026-05-16T08:46:00.468615,22.20,11.10,100.00,100.00
2026-05-16T08:46:00.572021,11.10,22.20,100.00,100.00
2026-05-16T08:46:00.675682,12.50,30.00,100.00,100.00
2026-05-16T08:46:00.779076,11.10,0.00,100.00,100.00
2026-05-16T08:46:00.882860,30.00,22.20,100.00,100.00
2026-05-16T08:46:00.986382,11.10,0.00,100.00,100.00
2026-05-16T08:46:01.089981,22.20,12.50,100.00,100.00
2026-05-16T08:46:01.193927,11.10,22.20,100.00,100.00
2026-05-16T08:46:01.297744,22.20,22.20,100.00,100.00
2026-05-16T08:46:01.401351,11.10,0.00,100.00,100.00
2026-05-16T08:46:01.505499,30.00,22.20,100.00,100.00
2026-05-16T08:46:01.609404,20.00,12.50,100.00,100.00
2026-05-16T08:46:01.712994,0.00,22.20,100.00,100.00
2026-05-16T08:46:01.819866,58.30,80.00,100.00,100.00
2026-05-16T08:46:01.927797,70.00,100.00,100.00,100.00
2026-05-16T08:46:02.033777,77.80,100.00,100.00,100.00
2026-05-16T08:46:02.138240,63.60,100.00,100.00,100.00
2026-05-16T08:46:02.245854,72.70,91.70,100.00,100.00
2026-05-16T08:46:02.352117,60.00,90.90,100.00,100.00
2026-05-16T08:46:02.457155,80.00,88.90,100.00,100.00
2026-05-16T08:46:02.562337,72.70,85.70,100.00,100.00
2026-05-16T08:46:02.666449,77.80,88.90,100.00,100.00
2026-05-16T08:46:02.770726,70.00,90.00,100.00,100.00
2026-05-16T08:46:02.876644,75.00,90.90,100.00,100.00
2026-05-16T08:46:02.980623,81.80,80.00,100.00,100.00
2026-05-16T08:46:03.086570,81.80,72.70,100.00,100.00
2026-05-16T08:46:03.191590,80.00,81.80,100.00,100.00
2026-05-16T08:46:03.296258,60.00,100.00,100.00,100.00
2026-05-16T08:46:03.400631,70.00,88.90,100.00,100.00
2026-05-16T08:46:03.506270,75.00,90.90,100.00,100.00
2026-05-16T08:46:03.613511,80.00,83.30,100.00,100.00
2026-05-16T08:46:03.717894,70.00,88.90,100.00,100.00
2026-05-16T08:46:03.824624,63.60,91.70,100.00,100.00
2026-05-16T08:46:03.928910,80.00,90.00,100.00,100.00
2026-05-16T08:46:04.033596,72.70,83.30,100.00,100.00
2026-05-16T08:46:04.137942,72.70,90.00,100.00,100.00
2026-05-16T08:46:04.242357,81.80,88.90,100.00,100.00
2026-05-16T08:46:04.349849,55.60,92.30,100.00,100.00
2026-05-16T08:46:04.456142,83.30,80.00,100.00,100.00
2026-05-16T08:46:04.562311,81.80,81.80,100.00,100.00
2026-05-16T08:46:04.667383,72.70,90.00,100.00,100.00
2026-05-16T08:46:04.773158,88.90,90.00,100.00,100.00
2026-05-16T08:46:04.879447,63.60,100.00,100.00,100.00
2026-05-16T08:46:04.985266,81.80,100.00,100.00,100.00
2026-05-16T08:46:05.089797,77.80,90.90,100.00,100.00
2026-05-16T08:46:05.197128,83.30,90.90,100.00,100.00
2026-05-16T08:46:05.301572,66.70,100.00,100.00,100.00
2026-05-16T08:46:05.408837,70.00,100.00,100.00,100.00
2026-05-16T08:46:05.513835,81.80,100.00,100.00,100.00
2026-05-16T08:46:05.618983,80.00,90.90,100.00,100.00
2026-05-16T08:46:05.725108,83.30,90.00,100.00,100.00
2026-05-16T08:46:05.829266,60.00,81.80,100.00,100.00
2026-05-16T08:46:05.933156,70.00,70.00,100.00,100.00
2026-05-16T08:46:06.038132,60.00,72.70,100.00,100.00
2026-05-16T08:46:06.142339,60.00,84.60,100.00,100.00
2026-05-16T08:46:06.248194,63.60,72.70,100.00,100.00
2026-05-16T08:46:06.353514,62.50,70.00,100.00,100.00
2026-05-16T08:46:06.457843,66.70,80.00,100.00,100.00
2026-05-16T08:46:06.562035,60.00,75.00,100.00,100.00
2026-05-16T08:46:06.666255,66.70,72.70,100.00,100.00
2026-05-16T08:46:06.770417,70.00,72.70,100.00,100.00
2026-05-16T08:46:06.874816,66.70,70.00,100.00,100.00
2026-05-16T08:46:06.978942,60.00,70.00,100.00,100.00
2026-05-16T08:46:07.083913,55.60,72.70,100.00,100.00
2026-05-16T08:46:07.188597,54.50,66.70,100.00,100.00
2026-05-16T08:46:07.292821,60.00,72.70,100.00,100.00
2026-05-16T08:46:07.397408,60.00,70.00,100.00,100.00
2026-05-16T08:46:07.502719,60.00,72.70,100.00,100.00
2026-05-16T08:46:07.610006,58.30,63.60,100.00,100.00
2026-05-16T08:46:07.716754,66.70,75.00,100.00,100.00
2026-05-16T08:46:07.822112,72.70,66.70,100.00,100.00
2026-05-16T08:46:07.928397,60.00,75.00,100.00,100.00
2026-05-16T08:46:08.032700,72.70,72.70,100.00,100.00
2026-05-16T08:46:08.138919,66.70,70.00,100.00,100.00
2026-05-16T08:46:08.245197,70.00,75.00,100.00,100.00
2026-05-16T08:46:08.348992,66.70,72.70,100.00,100.00
2026-05-16T08:46:08.455676,63.60,66.70,100.00,100.00
2026-05-16T08:46:08.563094,72.70,75.00,100.00,100.00
2026-05-16T08:46:08.667162,66.70,66.70,100.00,100.00
2026-05-16T08:46:08.773055,60.00,66.70,100.00,100.00
2026-05-16T08:46:08.878988,61.50,60.00,100.00,100.00
2026-05-16T08:46:08.984743,66.70,72.70,100.00,100.00
2026-05-16T08:46:09.104747,64.30,63.60,100.00,100.00
2026-05-16T08:46:09.211596,63.60,66.70,100.00,100.00
2026-05-16T08:46:09.315721,70.00,63.60,100.00,100.00
2026-05-16T08:46:09.421540,54.50,70.00,100.00,100.00
2026-05-16T08:46:09.526409,72.70,72.70,100.00,100.00
2026-05-16T08:46:09.633093,58.30,70.00,100.00,100.00
2026-05-16T08:46:09.737860,70.00,63.60,100.00,100.00
2026-05-16T08:46:09.842828,54.50,60.00,100.00,100.00
2026-05-16T08:46:09.947846,44.40,54.50,100.00,100.00
2026-05-16T08:46:10.053578,54.50,60.00,100.00,100.00
2026-05-16T08:46:10.158039,54.50,63.60,100.00,100.00
2026-05-16T08:46:10.263658,54.50,60.00,100.00,100.00
2026-05-16T08:46:10.368142,44.40,50.00,100.00,100.00
2026-05-16T08:46:10.473069,54.50,55.60,100.00,100.00
2026-05-16T08:46:10.578556,54.50,54.50,100.00,100.00
2026-05-16T08:46:10.683453,37.50,60.00,100.00,100.00
2026-05-16T08:46:10.788938,50.00,60.00,100.00,100.00
2026-05-16T08:46:10.893506,44.40,58.30,100.00,100.00
2026-05-16T08:46:10.999228,54.50,44.40,100.00,100.00
2026-05-16T08:46:11.104290,54.50,63.60,100.00,100.00
2026-05-16T08:46:11.211006,54.50,63.60,100.00,100.00
2026-05-16T08:46:11.316051,50.00,50.00,100.00,100.00
2026-05-16T08:46:11.420840,50.00,63.60,100.00,100.00
2026-05-16T08:46:11.525560,44.40,54.50,100.00,100.00
2026-05-16T08:46:11.629644,54.50,50.00,100.00,100.00
2026-05-16T08:46:11.734064,37.50,58.30,100.00,100.00
2026-05-16T08:46:11.839987,50.00,55.60,100.00,100.00
2026-05-16T08:46:11.945015,50.00,37.50,100.00,100.00
2026-05-16T08:46:12.051374,58.30,66.70,100.00,100.00
2026-05-16T08:46:12.156268,50.00,63.60,100.00,100.00
2026-05-16T08:46:12.261648,44.40,44.40,100.00,100.00
2026-05-16T08:46:12.367480,60.00,60.00,100.00,100.00
2026-05-16T08:46:12.471986,50.00,66.70,100.00,100.00
2026-05-16T08:46:12.577181,54.50,63.60,100.00,100.00
2026-05-16T08:46:12.682438,50.00,63.60,100.00,100.00
2026-05-16T08:46:12.787084,50.00,55.60,100.00,100.00
2026-05-16T08:46:12.892174,54.50,50.00,100.00,100.00
2026-05-16T08:46:12.996991,50.00,60.00,100.00,100.00
2026-05-16T08:46:13.102041,58.30,63.60,100.00,100.00
2026-05-16T08:46:13.207081,60.00,60.00,100.00,100.00
2026-05-16T08:46:13.312531,55.60,54.50,100.00,100.00
2026-05-16T08:46:13.417171,50.00,60.00,100.00,100.00
2026-05-16T08:46:13.522249,50.00,55.60,100.00,100.00
2026-05-16T08:46:13.627303,54.50,58.30,100.00,100.00
2026-05-16T08:46:13.732063,50.00,60.00,100.00,100.00
2026-05-16T08:46:13.837025,75.00,70.00,100.00,100.00
2026-05-16T08:46:13.943078,70.00,72.70,100.00,100.00
2026-05-16T08:46:14.048751,72.70,66.70,100.00,100.00
2026-05-16T08:46:14.154460,72.70,70.00,100.00,100.00
2026-05-16T08:46:14.259472,75.00,72.70,100.00,100.00
2026-05-16T08:46:14.365681,69.20,75.00,100.00,100.00
2026-05-16T08:46:14.471186,70.00,80.00,100.00,100.00
2026-05-16T08:46:14.575547,66.70,80.00,100.00,100.00
2026-05-16T08:46:14.680705,69.20,83.30,100.00,100.00
2026-05-16T08:46:14.788693,75.00,81.80,100.00,100.00
2026-05-16T08:46:14.894160,66.70,75.00,100.00,100.00
2026-05-16T08:46:15.000726,80.00,72.70,100.00,100.00
2026-05-16T08:46:15.104909,76.90,72.70,100.00,100.00
2026-05-16T08:46:15.210678,72.70,72.70,100.00,100.00
2026-05-16T08:46:15.316653,75.00,72.70,100.00,100.00
2026-05-16T08:46:15.424614,70.00,76.90,100.00,100.00
2026-05-16T08:46:15.528618,60.00,81.80,100.00,100.00
2026-05-16T08:46:15.634400,75.00,80.00,100.00,100.00
2026-05-16T08:46:15.739015,72.70,72.70,100.00,100.00
2026-05-16T08:46:15.846727,75.00,72.70,100.00,100.00
2026-05-16T08:46:15.952057,70.00,80.00,100.00,100.00
2026-05-16T08:46:16.056144,70.00,80.00,100.00,100.00
2026-05-16T08:46:16.162301,81.80,83.30,100.00,100.00
2026-05-16T08:46:16.267059,70.00,81.80,100.00,100.00
2026-05-16T08:46:16.373515,75.00,81.80,100.00,100.00
2026-05-16T08:46:16.477510,72.70,80.00,100.00,100.00
2026-05-16T08:46:16.581950,70.00,72.70,100.00,100.00
2026-05-16T08:46:16.686200,58.30,90.00,100.00,100.00
2026-05-16T08:46:16.791358,72.70,70.00,100.00,100.00
2026-05-16T08:46:16.898694,70.00,83.30,100.00,100.00
2026-05-16T08:46:17.002861,72.70,90.00,100.00,100.00
2026-05-16T08:46:17.107082,70.00,80.00,100.00,100.00
2026-05-16T08:46:17.211553,70.00,81.80,100.00,100.00
2026-05-16T08:46:17.316026,60.00,72.70,100.00,100.00
2026-05-16T08:46:17.420878,72.70,70.00,100.00,100.00
2026-05-16T08:46:17.525691,72.70,72.70,100.00,100.00
2026-05-16T08:46:17.632349,72.70,75.00,100.00,100.00
2026-05-16T08:46:17.736516,66.70,81.80,100.00,100.00
2026-05-16T08:46:17.840910,66.70,72.70,100.00,100.00
2026-05-16T08:46:17.945110,63.60,72.70,100.00,100.00
2026-05-16T08:46:18.051907,72.70,70.00,100.00,100.00
2026-05-16T08:46:18.157509,75.00,75.00,100.00,100.00
2026-05-16T08:46:18.262232,70.00,70.00,100.00,100.00
2026-05-16T08:46:18.367346,72.70,81.80,100.00,100.00
2026-05-16T08:46:18.473677,55.60,81.80,100.00,100.00
2026-05-16T08:46:18.578359,72.70,72.70,100.00,100.00
2026-05-16T08:46:18.684741,75.00,81.80,100.00,100.00
2026-05-16T08:46:18.789191,66.70,72.70,100.00,100.00
2026-05-16T08:46:18.894944,72.70,81.80,100.00,100.00
2026-05-16T08:46:18.998983,66.70,63.60,100.00,100.00
2026-05-16T08:46:19.103947,80.00,72.70,100.00,100.00
2026-05-16T08:46:19.208142,63.60,70.00,100.00,100.00
2026-05-16T08:46:19.312384,81.80,80.00,100.00,100.00
2026-05-16T08:46:19.418199,60.00,83.30,100.00,100.00
2026-05-16T08:46:19.525131,69.20,70.00,100.00,100.00
2026-05-16T08:46:19.629600,72.70,70.00,100.00,100.00
2026-05-16T08:46:19.737670,75.00,72.70,100.00,100.00
2026-05-16T08:46:19.841886,80.00,80.00,100.00,100.00
2026-05-16T08:46:19.945693,70.00,81.80,100.00,100.00
2026-05-16T08:46:20.051741,66.70,72.70,100.00,100.00
2026-05-16T08:46:20.156680,81.80,72.70,100.00,100.00
2026-05-16T08:46:20.263511,72.70,81.80,100.00,100.00
2026-05-16T08:46:20.368051,80.00,80.00,100.00,100.00
2026-05-16T08:46:20.475569,72.70,81.80,100.00,100.00
2026-05-16T08:46:20.580043,72.70,81.80,100.00,100.00
2026-05-16T08:46:20.686620,80.00,81.80,100.00,100.00
2026-05-16T08:46:20.790707,75.00,70.00,100.00,100.00
2026-05-16T08:46:20.894656,72.70,75.00,100.00,100.00
2026-05-16T08:46:20.999110,63.60,81.80,100.00,100.00
2026-05-16T08:46:21.103749,70.00,70.00,100.00,100.00
2026-05-16T08:46:21.207829,72.70,81.80,100.00,100.00
2026-05-16T08:46:21.313647,72.70,75.00,100.00,100.00
2026-05-16T08:46:21.417683,72.70,80.00,100.00,100.00
2026-05-16T08:46:21.522574,72.70,80.00,100.00,100.00
2026-05-16T08:46:21.626634,70.00,72.70,100.00,100.00
2026-05-16T08:46:21.731909,63.60,83.30,100.00,100.00
2026-05-16T08:46:21.835563,12.50,22.20,100.00,100.00
2026-05-16T08:46:21.939454,20.00,12.50,100.00,100.00
2026-05-16T08:46:22.043066,0.00,22.20,100.00,100.00
2026-05-16T08:46:22.146827,20.00,11.10,100.00,100.00
2026-05-16T08:46:22.250907,11.10,12.50,100.00,100.00
2026-05-16T08:46:22.354613,22.20,11.10,100.00,100.00
2026-05-16T08:46:22.458216,11.10,12.50,100.00,100.00
2026-05-16T08:46:22.561993,20.00,11.10,100.00,100.00
2026-05-16T08:46:22.666040,12.50,0.00,100.00,100.00
2026-05-16T08:46:22.769630,11.10,20.00,100.00,100.00
2026-05-16T08:46:22.873524,20.00,22.20,100.00,100.00
2026-05-16T08:46:22.976973,12.50,11.10,100.00,100.00
2026-05-16T08:46:23.080669,11.10,0.00,100.00,100.00
2026-05-16T08:46:23.185145,22.20,12.50,100.00,100.00
2026-05-16T08:46:23.288925,30.00,30.00,100.00,100.00
2026-05-16T08:46:23.393078,0.00,12.50,100.00,100.00
2026-05-16T08:46:23.496922,22.20,22.20,100.00,100.00
2026-05-16T08:46:23.600990,11.10,0.00,100.00,100.00
2026-05-16T08:46:23.704664,12.50,30.00,100.00,100.00
2026-05-16T08:46:23.808564,11.10,0.00,100.00,100.00
2026-05-16T08:46:23.912781,11.10,11.10,100.00,100.00
2026-05-16T08:46:24.016004,30.00,12.50,100.00,100.00
2026-05-16T08:46:24.120037,22.20,12.50,100.00,100.00
2026-05-16T08:46:24.223800,0.00,11.10,100.00,100.00
2026-05-16T08:46:24.327338,11.10,22.20,100.00,100.00
2026-05-16T08:46:24.430931,30.00,12.50,100.00,100.00
2026-05-16T08:46:24.534876,11.10,0.00,100.00,100.00
2026-05-16T08:46:24.638852,12.50,22.20,100.00,100.00
2026-05-16T08:46:24.742574,11.10,20.00,100.00,100.00
2026-05-16T08:46:24.846609,12.50,22.20,100.00,100.00
2026-05-16T08:46:24.950434,20.00,22.20,100.00,100.00
2026-05-16T08:46:25.054822,12.50,12.50,100.00,100.00
2026-05-16T08:46:25.158678,11.10,12.50,100.00,100.00
2026-05-16T08:46:25.262572,22.20,33.30,100.00,100.00
2026-05-16T08:46:25.366850,22.20,20.00,100.00,100.00
2026-05-16T08:46:25.470544,11.10,0.00,100.00,100.00
2026-05-16T08:46:25.574539,22.20,30.00,100.00,100.00
2026-05-16T08:46:25.678375,12.50,25.00,100.00,100.00
2026-05-16T08:46:25.782615,30.00,22.20,100.00,100.00
2026-05-16T08:46:25.886747,12.50,25.00,100.00,100.00
2026-05-16T08:46:25.990982,30.00,36.40,100.00,100.00
2026-05-16T08:46:26.094937,12.50,12.50,100.00,100.00
2026-05-16T08:46:26.198950,30.00,25.00,100.00,100.00
2026-05-16T08:46:26.303739,0.00,22.20,100.00,100.00
2026-05-16T08:46:26.407429,36.40,30.00,100.00,100.00
2026-05-16T08:46:26.511373,12.50,12.50,100.00,100.00
2026-05-16T08:46:26.615582,22.20,25.00,100.00,100.00
2026-05-16T08:46:26.719468,12.50,30.00,100.00,100.00
2026-05-16T08:46:26.822953,30.00,12.50,100.00,100.00
2026-05-16T08:46:26.926782,11.10,33.30,100.00,100.00
2026-05-16T08:46:27.030397,12.50,22.20,100.00,100.00
2026-05-16T08:46:27.134832,22.20,0.00,100.00,100.00
2026-05-16T08:46:27.239555,25.00,25.00,100.00,100.00
2026-05-16T08:46:27.344334,22.20,22.20,100.00,100.00
2026-05-16T08:46:27.448609,30.00,25.00,100.00,100.00
2026-05-16T08:46:27.552437,0.00,22.20,100.00,100.00
2026-05-16T08:46:27.656721,22.20,12.50,100.00,100.00
2026-05-16T08:46:27.760493,22.20,22.20,100.00,100.00
2026-05-16T08:46:27.864574,22.20,22.20,100.00,100.00
2026-05-16T08:46:27.968727,12.50,25.00,100.00,100.00
2026-05-16T08:46:28.073587,30.00,22.20,100.00,100.00
2026-05-16T08:46:28.177563,22.20,25.00,100.00,100.00
2026-05-16T08:46:28.282083,22.20,22.20,100.00,100.00
2026-05-16T08:46:28.387239,30.00,25.00,100.00,100.00
2026-05-16T08:46:28.492129,25.00,30.00,100.00,100.00
2026-05-16T08:46:28.596741,30.00,14.30,100.00,100.00
2026-05-16T08:46:28.701115,22.20,30.00,100.00,100.00
2026-05-16T08:46:28.805034,22.20,25.00,100.00,100.00
2026-05-16T08:46:28.909058,22.20,22.20,100.00,100.00
2026-05-16T08:46:29.012712,12.50,22.20,100.00,100.00
2026-05-16T08:46:29.116489,22.20,22.20,100.00,100.00
2026-05-16T08:46:29.220699,22.20,25.00,100.00,100.00
2026-05-16T08:46:29.324184,22.20,22.20,100.00,100.00
2026-05-16T08:46:29.428159,12.50,12.50,100.00,100.00
2026-05-16T08:46:29.532687,20.00,22.20,100.00,100.00
2026-05-16T08:46:29.637862,33.30,33.30,100.00,100.00
2026-05-16T08:46:29.741970,22.20,30.00,100.00,100.00
2026-05-16T08:46:29.848389,75.00,80.00,100.00,100.00
2026-05-16T08:46:29.953575,60.00,100.00,100.00,100.00
2026-05-16T08:46:30.060570,63.60,90.90,100.00,100.00
2026-05-16T08:46:30.166857,75.00,90.90,100.00,100.00
2026-05-16T08:46:30.273129,62.50,100.00,100.00,100.00
2026-05-16T08:46:30.378246,63.60,90.00,100.00,100.00
2026-05-16T08:46:30.482809,70.00,90.90,100.00,100.00
2026-05-16T08:46:30.587122,70.00,81.80,100.00,100.00
2026-05-16T08:46:30.694231,72.70,83.30,100.00,100.00
2026-05-16T08:46:30.798173,72.70,88.90,100.00,100.00
2026-05-16T08:46:30.902732,63.60,83.30,100.00,100.00
2026-05-16T08:46:31.007804,81.80,80.00,100.00,100.00
2026-05-16T08:46:31.114667,72.70,81.80,100.00,100.00
2026-05-16T08:46:31.220123,63.60,92.30,100.00,100.00
2026-05-16T08:46:31.325549,66.70,90.90,100.00,100.00
2026-05-16T08:46:31.432882,63.60,91.70,100.00,100.00
2026-05-16T08:46:31.537594,76.90,80.00,100.00,100.00
2026-05-16T08:46:31.644347,70.00,83.30,100.00,100.00
2026-05-16T08:46:31.750246,80.00,77.80,100.00,100.00
2026-05-16T08:46:31.854215,75.00,81.80,100.00,100.00
2026-05-16T08:46:31.960406,72.70,81.80,100.00,100.00
2026-05-16T08:46:32.064281,81.80,80.00,100.00,100.00
2026-05-16T08:46:32.170911,81.80,83.30,100.00,100.00
2026-05-16T08:46:32.276108,80.00,81.80,100.00,100.00
2026-05-16T08:46:32.381082,81.80,81.80,100.00,100.00
2026-05-16T08:46:32.486464,72.70,90.90,100.00,100.00
2026-05-16T08:46:32.591930,80.00,90.90,100.00,100.00
2026-05-16T08:46:32.697933,81.80,81.80,100.00,100.00
2026-05-16T08:46:32.803699,75.00,80.00,100.00,100.00
2026-05-16T08:46:32.909855,72.70,90.90,100.00,100.00
2026-05-16T08:46:33.016424,76.90,81.80,100.00,100.00
2026-05-16T08:46:33.122110,80.00,75.00,100.00,100.00
2026-05-16T08:46:33.229152,81.80,88.90,100.00,100.00
2026-05-16T08:46:33.335616,90.00,81.80,100.00,100.00
2026-05-16T08:46:33.443843,83.30,90.00,100.00,100.00
2026-05-16T08:46:33.548035,77.80,90.90,100.00,100.00
2026-05-16T08:46:33.652686,63.60,91.70,100.00,100.00
2026-05-16T08:46:33.756584,33.30,100.00,100.00,100.00
2026-05-16T08:46:33.860688,30.00,22.20,100.00,100.00
2026-05-16T08:46:33.964590,12.50,22.20,100.00,100.00
2026-05-16T08:46:34.068906,22.20,25.00,100.00,100.00
2026-05-16T08:46:34.172893,22.20,30.00,100.00,100.00
2026-05-16T08:46:34.277073,12.50,22.20,100.00,100.00
2026-05-16T08:46:34.381160,30.00,33.30,100.00,100.00
2026-05-16T08:46:34.484939,0.00,22.20,100.00,100.00
2026-05-16T08:46:34.588836,12.50,30.00,100.00,100.00
2026-05-16T08:46:34.693224,36.40,33.30,100.00,100.00
2026-05-16T08:46:34.797561,25.00,14.30,100.00,100.00
2026-05-16T08:46:34.901442,30.00,36.40,100.00,100.00
2026-05-16T08:46:35.005250,12.50,14.30,100.00,100.00
2026-05-16T08:46:35.109512,12.50,22.20,100.00,100.00
2026-05-16T08:46:35.213801,30.00,30.00,100.00,100.00
2026-05-16T08:46:35.317946,25.00,40.00,100.00,100.00
2026-05-16T08:46:35.421962,30.00,12.50,100.00,100.00
2026-05-16T08:46:35.525889,22.20,40.00,100.00,100.00
2026-05-16T08:46:35.629964,33.30,25.00,100.00,100.00
2026-05-16T08:46:35.734010,22.20,33.30,100.00,100.00
2026-05-16T08:46:35.838805,22.20,12.50,100.00,100.00
2026-05-16T08:46:35.942784,12.50,25.00,100.00,100.00
2026-05-16T08:46:36.046735,30.00,30.00,100.00,100.00
2026-05-16T08:46:36.150975,14.30,22.20,100.00,100.00
2026-05-16T08:46:36.255087,30.00,33.30,100.00,100.00
2026-05-16T08:46:36.359905,12.50,22.20,100.00,100.00
2026-05-16T08:46:36.463829,25.00,33.30,100.00,100.00
2026-05-16T08:46:36.567845,22.20,25.00,100.00,100.00
2026-05-16T08:46:36.671927,36.40,30.00,100.00,100.00
2026-05-16T08:46:36.776594,22.20,25.00,100.00,100.00
2026-05-16T08:46:36.881123,12.50,30.00,100.00,100.00
2026-05-16T08:46:36.984909,33.30,33.30,100.00,100.00
2026-05-16T08:46:37.088897,12.50,22.20,100.00,100.00
2026-05-16T08:46:37.193047,12.50,14.30,100.00,100.00
2026-05-16T08:46:37.296806,22.20,30.00,100.00,100.00
2026-05-16T08:46:37.400559,22.20,25.00,100.00,100.00
2026-05-16T08:46:37.505217,12.50,25.00,100.00,100.00
2026-05-16T08:46:37.609302,22.20,22.20,100.00,100.00
2026-05-16T08:46:37.714326,25.00,25.00,100.00,100.00
2026-05-16T08:46:37.818965,22.20,30.00,100.00,100.00
2026-05-16T08:46:37.923045,36.40,14.30,100.00,100.00
2026-05-16T08:46:38.027015,0.00,30.00,100.00,100.00
2026-05-16T08:46:38.131070,22.20,22.20,100.00,100.00
2026-05-16T08:46:38.234930,22.20,0.00,100.00,100.00
2026-05-16T08:46:38.338869,22.20,22.20,100.00,100.00
2026-05-16T08:46:38.442899,20.00,12.50,100.00,100.00
2026-05-16T08:46:38.546696,22.20,22.20,100.00,100.00
2026-05-16T08:46:38.650332,30.00,12.50,100.00,100.00
2026-05-16T08:46:38.754313,12.50,30.00,100.00,100.00
2026-05-16T08:46:38.858395,22.20,14.30,100.00,100.00
2026-05-16T08:46:38.962801,22.20,30.00,100.00,100.00
2026-05-16T08:46:39.066819,12.50,0.00,100.00,100.00
2026-05-16T08:46:39.173626,20.00,30.00,100.00,100.00
2026-05-16T08:46:39.278069,37.50,40.00,100.00,100.00
2026-05-16T08:46:39.382066,22.20,25.00,100.00,100.00
2026-05-16T08:46:39.485855,30.00,22.20,100.00,100.00
2026-05-16T08:46:39.589851,12.50,25.00,100.00,100.00
2026-05-16T08:46:39.693772,30.00,30.00,100.00,100.00
2026-05-16T08:46:39.797567,12.50,12.50,100.00,100.00
2026-05-16T08:46:39.901235,22.20,22.20,100.00,100.00
2026-05-16T08:46:40.005476,22.20,22.20,100.00,100.00
2026-05-16T08:46:40.109085,20.00,14.30,100.00,100.00
2026-05-16T08:46:40.212933,12.50,30.00,100.00,100.00
2026-05-16T08:46:40.317043,12.50,22.20,100.00,100.00
2026-05-16T08:46:40.421014,30.00,30.00,100.00,100.00
2026-05-16T08:46:40.525426,30.00,22.20,100.00,100.00
2026-05-16T08:46:40.629955,12.50,22.20,100.00,100.00
2026-05-16T08:46:40.734097,30.00,14.30,100.00,100.00
2026-05-16T08:46:40.837900,11.10,22.20,100.00,100.00
2026-05-16T08:46:40.941952,12.50,22.20,100.00,100.00
2026-05-16T08:46:41.046216,22.20,22.20,100.00,100.00
2026-05-16T08:46:41.150593,12.50,22.20,100.00,100.00
2026-05-16T08:46:41.254481,30.00,25.00,100.00,100.00
2026-05-16T08:46:41.358088,22.20,12.50,100.00,100.00
2026-05-16T08:46:41.462090,12.50,22.20,100.00,100.00
2026-05-16T08:46:41.566004,27.30,22.20,100.00,100.00
2026-05-16T08:46:41.669837,12.50,22.20,100.00,100.00
2026-05-16T08:46:41.774089,30.00,22.20,100.00,100.00
2026-05-16T08:46:41.878127,12.50,25.00,100.00,100.00
2026-05-16T08:46:41.981889,25.00,22.20,100.00,100.00
2026-05-16T08:46:42.085676,22.20,33.30,100.00,100.00
2026-05-16T08:46:42.189725,30.00,25.00,100.00,100.00
2026-05-16T08:46:42.293498,22.20,30.00,100.00,100.00
2026-05-16T08:46:42.397412,25.00,14.30,100.00,100.00
2026-05-16T08:46:42.501064,22.20,22.20,100.00,100.00
2026-05-16T08:46:42.605217,30.00,22.20,100.00,100.00
2026-05-16T08:46:42.709319,22.20,25.00,100.00,100.00
2026-05-16T08:46:42.813133,30.00,33.30,100.00,100.00
2026-05-16T08:46:42.917011,14.30,30.00,100.00,100.00
2026-05-16T08:46:43.020882,30.00,25.00,100.00,100.00
2026-05-16T08:46:43.125503,22.20,30.00,100.00,100.00
2026-05-16T08:46:43.229713,25.00,28.60,100.00,100.00
2026-05-16T08:46:43.333554,45.50,36.40,100.00,100.00
2026-05-16T08:46:43.437528,25.00,25.00,100.00,100.00
2026-05-16T08:46:43.541933,22.20,25.00,100.00,100.00
2026-05-16T08:46:43.645976,40.00,33.30,100.00,100.00
2026-05-16T08:46:43.751118,12.50,25.00,100.00,100.00
2026-05-16T08:46:43.855823,33.30,40.00,100.00,100.00
2026-05-16T08:46:43.960124,12.50,25.00,100.00,100.00
2026-05-16T08:46:44.064627,33.30,37.50,100.00,100.00
2026-05-16T08:46:44.168670,30.00,33.30,100.00,100.00
2026-05-16T08:46:44.273433,25.00,25.00,100.00,100.00
2026-05-16T08:46:44.378550,30.00,36.40,100.00,100.00
2026-05-16T08:46:44.482742,33.30,25.00,100.00,100.00
2026-05-16T08:46:44.587034,22.20,33.30,100.00,100.00
2026-05-16T08:46:44.690911,33.30,33.30,100.00,100.00
2026-05-16T08:46:44.795250,30.00,33.30,100.00,100.00
2026-05-16T08:46:44.900135,33.30,25.00,100.00,100.00
2026-05-16T08:46:45.004505,30.00,22.20,100.00,100.00
2026-05-16T08:46:45.109625,14.30,25.00,100.00,100.00
2026-05-16T08:46:45.213640,22.20,25.00,100.00,100.00
2026-05-16T08:46:45.318121,30.00,30.00,100.00,100.00
2026-05-16T08:46:45.422574,33.30,14.30,100.00,100.00
2026-05-16T08:46:45.527184,12.50,33.30,100.00,100.00
2026-05-16T08:46:45.632025,33.30,33.30,100.00,100.00
2026-05-16T08:46:45.736877,33.30,33.30,100.00,100.00
2026-05-16T08:46:45.841558,81.80,100.00,100.00,100.00
2026-05-16T08:46:45.947350,80.00,100.00,100.00,100.00
2026-05-16T08:46:46.053304,90.00,100.00,100.00,100.00
2026-05-16T08:46:46.157752,80.00,100.00,100.00,100.00
2026-05-16T08:46:46.263294,75.00,100.00,100.00,100.00
2026-05-16T08:46:46.370201,88.90,100.00,100.00,100.00
2026-05-16T08:46:46.474658,75.00,100.00,100.00,100.00
2026-05-16T08:46:46.717312,100.00,100.00,100.00,100.00
2026-05-16T08:46:46.823389,90.90,100.00,100.00,40.00
2026-05-16T08:46:46.929347,80.00,100.00,100.00,22.20
2026-05-16T08:46:47.034736,81.80,90.90,100.00,22.20
2026-05-16T08:46:47.140658,72.70,83.30,100.00,30.00
2026-05-16T08:46:47.246503,83.30,81.80,100.00,33.30
2026-05-16T08:46:47.351604,80.00,77.80,100.00,22.20
2026-05-16T08:46:47.457141,81.80,90.90,100.00,12.50
2026-05-16T08:46:47.562329,91.70,72.70,90.90,22.20
2026-05-16T08:46:47.668077,81.80,81.80,90.90,22.20
2026-05-16T08:46:47.774163,72.70,81.80,90.90,30.00
2026-05-16T08:46:47.879151,77.80,70.00,81.80,22.20
2026-05-16T08:46:47.984391,75.00,81.80,91.70,12.50
2026-05-16T08:46:48.090417,81.80,81.80,81.80,27.30
2026-05-16T08:46:48.195980,75.00,83.30,91.70,22.20
2026-05-16T08:46:48.302074,81.80,77.80,90.90,12.50
2026-05-16T08:46:48.407401,75.00,81.80,90.90,22.20
2026-05-16T08:46:48.515088,80.00,81.80,90.00,22.20
2026-05-16T08:46:48.620341,81.80,75.00,90.90,22.20
2026-05-16T08:46:48.725082,75.00,81.80,84.60,30.00
2026-05-16T08:46:48.830040,75.00,76.90,90.90,22.20
2026-05-16T08:46:48.934910,77.80,80.00,81.80,0.00
2026-05-16T08:46:49.039554,75.00,81.80,90.00,27.30
2026-05-16T08:46:49.144447,81.80,81.80,84.60,12.50
2026-05-16T08:46:49.249099,72.70,72.70,90.00,40.00
2026-05-16T08:46:49.354916,70.00,80.00,91.70,20.00
2026-05-16T08:46:49.460999,81.80,81.80,83.30,22.20
2026-05-16T08:46:49.566844,80.00,81.80,90.00,22.20
2026-05-16T08:46:49.672125,70.00,70.00,83.30,22.20
2026-05-16T08:46:49.776709,72.70,70.00,81.80,36.40
2026-05-16T08:46:49.881005,58.30,63.60,63.60,22.20
2026-05-16T08:46:49.985623,50.00,54.50,66.70,11.10
2026-05-16T08:46:50.089646,63.60,55.60,63.60,20.00
2026-05-16T08:46:50.194209,50.00,58.30,69.20,22.20
2026-05-16T08:46:50.299964,54.50,44.40,63.60,20.00
2026-05-16T08:46:50.405946,55.60,63.60,60.00,11.10
2026-05-16T08:46:50.510226,54.50,50.00,63.60,22.20
2026-05-16T08:46:50.614727,50.00,60.00,63.60,27.30
2026-05-16T08:46:50.718917,60.00,50.00,66.70,22.20
2026-05-16T08:46:50.823722,54.50,50.00,66.70,20.00
2026-05-16T08:46:50.928370,50.00,60.00,60.00,11.10
2026-05-16T08:46:51.032838,54.50,54.50,66.70,20.00
2026-05-16T08:46:51.137407,50.00,54.50,66.70,30.00
2026-05-16T08:46:51.242006,63.60,60.00,66.70,20.00
2026-05-16T08:46:51.347792,54.50,50.00,66.70,22.20
2026-05-16T08:46:51.452269,54.50,54.50,60.00,20.00
2026-05-16T08:46:51.556686,50.00,42.90,63.60,11.10
2026-05-16T08:46:51.660807,60.00,61.50,66.70,30.00
2026-05-16T08:46:51.765412,50.00,50.00,63.60,27.30
2026-05-16T08:46:51.869910,60.00,60.00,63.60,12.50
2026-05-16T08:46:51.974470,58.30,58.30,63.60,20.00
2026-05-16T08:46:52.079103,55.60,63.60,72.70,30.00
2026-05-16T08:46:52.183422,54.50,50.00,63.60,20.00
2026-05-16T08:46:52.288288,54.50,50.00,66.70,20.00
2026-05-16T08:46:52.392956,54.50,50.00,66.70,22.20
2026-05-16T08:46:52.497533,55.60,50.00,60.00,11.10
2026-05-16T08:46:52.601711,54.50,60.00,63.60,20.00
2026-05-16T08:46:52.707374,60.00,54.50,60.00,22.20
2026-05-16T08:46:52.812834,54.50,50.00,66.70,20.00
2026-05-16T08:46:52.917751,63.60,63.60,66.70,20.00
2026-05-16T08:46:53.023495,44.40,44.40,66.70,11.10
2026-05-16T08:46:53.127893,50.00,54.50,66.70,27.30
2026-05-16T08:46:53.232707,54.50,50.00,63.60,22.20
2026-05-16T08:46:53.337859,50.00,63.60,63.60,11.10
2026-05-16T08:46:53.443640,61.50,54.50,63.60,30.00
2026-05-16T08:46:53.548857,60.00,60.00,55.60,20.00
2026-05-16T08:46:53.653633,54.50,50.00,66.70,11.10
2026-05-16T08:46:53.759536,54.50,54.50,66.70,27.30
2026-05-16T08:46:53.864342,50.00,58.30,50.00,20.00
2026-05-16T08:46:53.968753,54.50,54.50,61.50,22.20
2026-05-16T08:46:54.073614,50.00,50.00,50.00,11.10
2026-05-16T08:46:54.177917,54.50,50.00,61.50,20.00
2026-05-16T08:46:54.282263,44.40,54.50,63.60,20.00
2026-05-16T08:46:54.386734,50.00,45.50,50.00,20.00
2026-05-16T08:46:54.490965,44.40,50.00,50.00,11.10
2026-05-16T08:46:54.595043,50.00,50.00,63.60,22.20
2026-05-16T08:46:54.699390,37.50,50.00,58.30,20.00
2026-05-16T08:46:54.803423,54.50,50.00,60.00,11.10
2026-05-16T08:46:54.908690,44.40,55.60,54.50,22.20
2026-05-16T08:46:55.013116,54.50,45.50,60.00,20.00
2026-05-16T08:46:55.117884,50.00,50.00,54.50,11.10
2026-05-16T08:46:55.223542,45.50,50.00,63.60,20.00
2026-05-16T08:46:55.327943,55.60,50.00,54.50,30.00
2026-05-16T08:46:55.432335,54.50,54.50,63.60,20.00
2026-05-16T08:46:55.536716,40.00,45.50,50.00,22.20
2026-05-16T08:46:55.641536,50.00,50.00,63.60,11.10
2026-05-16T08:46:55.745887,50.00,60.00,60.00,36.40
2026-05-16T08:46:55.850041,44.40,40.00,50.00,11.10
2026-05-16T08:46:55.954969,50.00,44.40,61.50,20.00
2026-05-16T08:46:56.059910,50.00,50.00,50.00,20.00
2026-05-16T08:46:56.164543,44.40,55.60,63.60,27.30
2026-05-16T08:46:56.269141,50.00,54.50,58.30,12.50
2026-05-16T08:46:56.373173,40.00,45.50,60.00,20.00
2026-05-16T08:46:56.477794,50.00,54.50,50.00,11.10
2026-05-16T08:46:56.582124,50.00,37.50,61.50,27.30
2026-05-16T08:46:56.686609,54.50,45.50,55.60,22.20
2026-05-16T08:46:56.790842,50.00,50.00,54.50,20.00
2026-05-16T08:46:56.895101,45.50,54.50,54.50,11.10
2026-05-16T08:46:56.999477,50.00,50.00,63.60,27.30
2026-05-16T08:46:57.104579,50.00,54.50,58.30,12.50
2026-05-16T08:46:57.209463,54.50,54.50,63.60,27.30
2026-05-16T08:46:57.313809,50.00,40.00,50.00,22.20
2026-05-16T08:46:57.417944,44.40,50.00,63.60,11.10
2026-05-16T08:46:57.522830,45.50,50.00,54.50,11.10
2026-05-16T08:46:57.627606,60.00,50.00,58.30,20.00
2026-05-16T08:46:57.731924,50.00,54.50,60.00,27.30
2026-05-16T08:46:57.835965,36.40,22.20,40.00,11.10
2026-05-16T08:46:57.940332,37.50,33.30,54.50,20.00
2026-05-16T08:46:58.045206,45.50,40.00,40.00,11.10
2026-05-16T08:46:58.149179,40.00,33.30,50.00,20.00
2026-05-16T08:46:58.253454,40.00,33.30,45.50,20.00
2026-05-16T08:46:58.357817,40.00,45.50,50.00,11.10
2026-05-16T08:46:58.462081,45.50,25.00,40.00,20.00
2026-05-16T08:46:58.566213,33.30,40.00,50.00,20.00
2026-05-16T08:46:58.670076,33.30,33.30,45.50,27.30
2026-05-16T08:46:58.774438,33.30,40.00,40.00,11.10
2026-05-16T08:46:58.878141,40.00,40.00,44.40,11.10
2026-05-16T08:46:58.982476,33.30,33.30,45.50,20.00
2026-05-16T08:46:59.086185,40.00,33.30,40.00,20.00
2026-05-16T08:46:59.189919,25.00,45.50,50.00,20.00
2026-05-16T08:46:59.294339,40.00,33.30,33.30,20.00
2026-05-16T08:46:59.399210,50.00,25.00,50.00,11.10
2026-05-16T08:46:59.503784,40.00,50.00,45.50,20.00
2026-05-16T08:46:59.608006,40.00,37.50,50.00,22.20
2026-05-16T08:46:59.711803,33.30,40.00,40.00,20.00
2026-05-16T08:46:59.816100,40.00,36.40,58.30,11.10
2026-05-16T08:46:59.920381,25.00,44.40,33.30,20.00
2026-05-16T08:47:00.024451,33.30,30.00,40.00,20.00
2026-05-16T08:47:00.128463,33.30,40.00,50.00,11.10
2026-05-16T08:47:00.233616,45.50,37.50,40.00,20.00
2026-05-16T08:47:00.337452,40.00,45.50,54.50,20.00
2026-05-16T08:47:00.441828,33.30,25.00,40.00,11.10
2026-05-16T08:47:00.545867,44.40,41.70,45.50,18.20
2026-05-16T08:47:00.649846,45.50,25.00,54.50,11.10
2026-05-16T08:47:00.753647,33.30,40.00,33.30,20.00
2026-05-16T08:47:00.857425,40.00,40.00,37.50,27.30
2026-05-16T08:47:00.962356,33.30,33.30,40.00,11.10
2026-05-16T08:47:01.066740,40.00,33.30,44.40,11.10
2026-05-16T08:47:01.172114,33.30,40.00,50.00,20.00
2026-05-16T08:47:01.276365,45.50,45.50,54.50,20.00
2026-05-16T08:47:01.380735,40.00,40.00,33.30,11.10
2026-05-16T08:47:01.485169,33.30,40.00,54.50,20.00
2026-05-16T08:47:01.589174,40.00,40.00,40.00,20.00
2026-05-16T08:47:01.693015,40.00,40.00,33.30,11.10
2026-05-16T08:47:01.820068,18.20,20.00,36.40,30.80
2026-05-16T08:47:01.924051,0.00,0.00,20.00,100.00
2026-05-16T08:47:02.027883,30.00,27.30,0.00,100.00
2026-05-16T08:47:02.131212,0.00,0.00,22.20,100.00
2026-05-16T08:47:02.235151,11.10,11.10,0.00,100.00
2026-05-16T08:47:02.339161,11.10,0.00,20.00,100.00
2026-05-16T08:47:02.442631,20.00,20.00,11.10,100.00
2026-05-16T08:47:02.546781,11.10,0.00,0.00,100.00
2026-05-16T08:47:02.650671,11.10,11.10,11.10,100.00
2026-05-16T08:47:02.754024,0.00,11.10,12.50,100.00
2026-05-16T08:47:02.857463,11.10,20.00,11.10,100.00
2026-05-16T08:47:02.960952,18.20,0.00,0.00,100.00
2026-05-16T08:47:03.064577,11.10,20.00,11.10,100.00
2026-05-16T08:47:03.169050,20.00,11.10,0.00,100.00
2026-05-16T08:47:03.273902,0.00,11.10,22.20,100.00
2026-05-16T08:47:03.377591,20.00,20.00,0.00,100.00
2026-05-16T08:47:03.481813,20.00,11.10,11.10,100.00
2026-05-16T08:47:03.585785,11.10,11.10,11.10,100.00
2026-05-16T08:47:03.754543,33.30,28.60,46.70,100.00
2026-05-16T08:47:03.858262,20.00,22.20,100.00,100.00
2026-05-16T08:47:03.962936,22.20,22.20,100.00,100.00
2026-05-16T08:47:04.067510,11.10,12.50,100.00,100.00
2026-05-16T08:47:04.171548,36.40,22.20,100.00,100.00
2026-05-16T08:47:04.275800,11.10,12.50,100.00,100.00
2026-05-16T08:47:04.380025,22.20,12.50,100.00,100.00
2026-05-16T08:47:04.483681,22.20,22.20,100.00,100.00
2026-05-16T08:47:04.587614,20.00,22.20,100.00,100.00
2026-05-16T08:47:04.691509,22.20,20.00,100.00,100.00
2026-05-16T08:47:04.795522,0.00,12.50,100.00,100.00
2026-05-16T08:47:04.900068,30.00,22.20,100.00,100.00
2026-05-16T08:47:05.004618,20.00,12.50,100.00,100.00
2026-05-16T08:47:05.108435,22.20,22.20,100.00,100.00
2026-05-16T08:47:05.212521,11.10,12.50,100.00,100.00
2026-05-16T08:47:05.316904,20.00,20.00,100.00,100.00
2026-05-16T08:47:05.420867,22.20,12.50,100.00,100.00
2026-05-16T08:47:05.525055,11.10,22.20,100.00,100.00
2026-05-16T08:47:05.629023,20.00,22.20,100.00,100.00
2026-05-16T08:47:05.732814,30.00,22.20,100.00,100.00
2026-05-16T08:47:05.837051,10.00,20.00,100.00,100.00
2026-05-16T08:47:05.940745,20.00,0.00,100.00,100.00
2026-05-16T08:47:06.044281,18.20,0.00,100.00,100.00
2026-05-16T08:47:06.148087,11.10,0.00,100.00,100.00
2026-05-16T08:47:06.251903,20.00,10.00,100.00,100.00
2026-05-16T08:47:06.355448,25.00,20.00,100.00,100.00
2026-05-16T08:47:06.459522,10.00,11.10,100.00,100.00
2026-05-16T08:47:06.563199,10.00,0.00,100.00,100.00
2026-05-16T08:47:06.667432,10.00,20.00,100.00,100.00
2026-05-16T08:47:06.770917,20.00,0.00,100.00,100.00
2026-05-16T08:47:06.874754,18.20,0.00,100.00,100.00
2026-05-16T08:47:06.978696,27.30,11.10,100.00,100.00
2026-05-16T08:47:07.083201,18.20,20.00,100.00,100.00
2026-05-16T08:47:07.191033,11.10,20.00,100.00,100.00
2026-05-16T08:47:07.295421,18.20,11.10,100.00,100.00
2026-05-16T08:47:07.398924,11.10,20.00,100.00,100.00
2026-05-16T08:47:07.502904,18.20,0.00,100.00,100.00
2026-05-16T08:47:07.606433,11.10,10.00,100.00,100.00
2026-05-16T08:47:07.710494,25.00,0.00,100.00,100.00
2026-05-16T08:47:07.814580,20.00,11.10,100.00,100.00
2026-05-16T08:47:07.918131,25.00,0.00,100.00,100.00
2026-05-16T08:47:08.021827,18.20,11.10,100.00,100.00
2026-05-16T08:47:08.126546,11.10,11.10,100.00,100.00
2026-05-16T08:47:08.230799,25.00,11.10,100.00,100.00
2026-05-16T08:47:08.334315,11.10,0.00,100.00,100.00
2026-05-16T08:47:08.438694,35.70,11.10,100.00,100.00
2026-05-16T08:47:08.542025,11.10,0.00,100.00,100.00
2026-05-16T08:47:08.646408,18.20,11.10,100.00,100.00
2026-05-16T08:47:08.750598,20.00,0.00,100.00,100.00
2026-05-16T08:47:08.855187,25.00,20.00,100.00,100.00
2026-05-16T08:47:08.959573,27.30,11.10,100.00,100.00
2026-05-16T08:47:09.063182,0.00,18.20,100.00,100.00
2026-05-16T08:47:09.166836,11.10,11.10,100.00,100.00
2026-05-16T08:47:09.270877,18.20,20.00,100.00,100.00
2026-05-16T08:47:09.374475,18.20,0.00,100.00,100.00
2026-05-16T08:47:09.478127,11.10,0.00,100.00,100.00
2026-05-16T08:47:09.581869,25.00,10.00,100.00,100.00
2026-05-16T08:47:09.685403,11.10,20.00,100.00,100.00
2026-05-16T08:47:09.790334,45.50,50.00,100.00,100.00
2026-05-16T08:47:09.894835,83.30,100.00,100.00,100.00
2026-05-16T08:47:10.000204,90.00,100.00,100.00,100.00
2026-05-16T08:47:10.169912,88.20,94.10,100.00,100.00
2026-05-16T08:47:10.275457,72.70,76.90,81.80,100.00
2026-05-16T08:47:10.382059,72.70,70.00,75.00,100.00
2026-05-16T08:47:10.490309,63.60,75.00,81.80,100.00
2026-05-16T08:47:10.595802,70.00,70.00,83.30,100.00
2026-05-16T08:47:10.702182,70.00,81.80,83.30,100.00
2026-05-16T08:47:10.809949,75.00,75.00,81.80,100.00
2026-05-16T08:47:10.918134,72.70,70.00,83.30,100.00
2026-05-16T08:47:11.027964,72.70,84.60,83.30,100.00
2026-05-16T08:47:11.133383,72.70,77.80,83.30,100.00
2026-05-16T08:47:11.239130,72.70,75.00,83.30,100.00
2026-05-16T08:47:11.344747,72.70,72.70,88.90,100.00
2026-05-16T08:47:11.450086,66.70,75.00,76.90,100.00
2026-05-16T08:47:11.555046,66.70,75.00,83.30,100.00
2026-05-16T08:47:11.660633,70.00,81.80,83.30,100.00
2026-05-16T08:47:11.765365,70.00,72.70,81.80,100.00
2026-05-16T08:47:11.917735,81.30,76.50,86.70,100.00
2026-05-16T08:47:12.022224,72.70,81.80,81.80,36.40
2026-05-16T08:47:12.127616,70.00,70.00,83.30,30.00
2026-05-16T08:47:12.233046,75.00,75.00,81.80,30.00
2026-05-16T08:47:12.339403,70.00,72.70,81.80,11.10
2026-05-16T08:47:12.444857,72.70,70.00,84.60,22.20
2026-05-16T08:47:12.550380,66.70,80.00,83.30,12.50
2026-05-16T08:47:12.654551,75.00,75.00,80.00,30.00
2026-05-16T08:47:12.759410,70.00,70.00,83.30,22.20
2026-05-16T08:47:12.865739,75.00,72.70,83.30,20.00
2026-05-16T08:47:12.972047,69.20,72.70,83.30,22.20
2026-05-16T08:47:13.077427,80.00,70.00,80.00,30.00
2026-05-16T08:47:13.182355,63.60,72.70,83.30,22.20
2026-05-16T08:47:13.286826,70.00,72.70,75.00,11.10
2026-05-16T08:47:13.391382,60.00,66.70,80.00,22.20
2026-05-16T08:47:13.497533,72.70,75.00,81.80,20.00
2026-05-16T08:47:13.603521,75.00,66.70,83.30,12.50
2026-05-16T08:47:13.708995,80.00,75.00,83.30,30.00
2026-05-16T08:47:13.813010,30.00,33.30,33.30,20.00
2026-05-16T08:47:13.916212,20.00,20.00,11.10,20.00
2026-05-16T08:47:14.019838,12.50,11.10,0.00,10.00
2026-05-16T08:47:14.123051,11.10,12.50,20.00,11.10
2026-05-16T08:47:14.226857,11.10,11.10,0.00,10.00
2026-05-16T08:47:14.330351,22.20,11.10,20.00,10.00
2026-05-16T08:47:14.433976,11.10,20.00,12.50,20.00
2026-05-16T08:47:14.537827,11.10,11.10,20.00,10.00
2026-05-16T08:47:14.641818,22.20,12.50,0.00,10.00
2026-05-16T08:47:14.745220,20.00,0.00,22.20,11.10
2026-05-16T08:47:14.848998,0.00,20.00,20.00,25.00
2026-05-16T08:47:14.952591,20.00,12.50,12.50,11.10
2026-05-16T08:47:15.056024,11.10,11.10,11.10,11.10
2026-05-16T08:47:15.159447,12.50,0.00,22.20,10.00
2026-05-16T08:47:15.262977,20.00,27.30,0.00,11.10
2026-05-16T08:47:15.366294,11.10,12.50,0.00,20.00
2026-05-16T08:47:15.470147,12.50,20.00,11.10,18.20
2026-05-16T08:47:15.574085,11.10,0.00,30.00,20.00
2026-05-16T08:47:15.678585,22.20,22.20,11.10,20.00
2026-05-16T08:47:15.782905,11.10,20.00,0.00,10.00
2026-05-16T08:47:15.946062,23.10,23.10,35.70,26.70
2026-05-16T08:47:16.049623,20.00,12.50,100.00,11.10
2026-05-16T08:47:16.153436,22.20,30.00,100.00,25.00
2026-05-16T08:47:16.256922,12.50,0.00,100.00,11.10
2026-05-16T08:47:16.361057,11.10,22.20,100.00,20.00
2026-05-16T08:47:16.464981,22.20,25.00,100.00,10.00
2026-05-16T08:47:16.568434,22.20,30.00,100.00,11.10
2026-05-16T08:47:16.672565,22.20,12.50,100.00,10.00
2026-05-16T08:47:16.776194,20.00,12.50,100.00,27.30
2026-05-16T08:47:16.879522,12.50,22.20,100.00,10.00
2026-05-16T08:47:16.984123,30.00,22.20,100.00,11.10
2026-05-16T08:47:17.088623,30.00,22.20,100.00,10.00
2026-05-16T08:47:17.192367,12.50,12.50,100.00,10.00
2026-05-16T08:47:17.296059,22.20,33.30,100.00,20.00
2026-05-16T08:47:17.399921,12.50,0.00,100.00,20.00
2026-05-16T08:47:17.505003,20.00,11.10,100.00,10.00
2026-05-16T08:47:17.609108,30.00,33.30,100.00,20.00
2026-05-16T08:47:17.713031,22.20,22.20,100.00,10.00
2026-05-16T08:47:17.818379,60.00,60.00,100.00,11.10
2026-05-16T08:47:17.923170,83.30,70.00,100.00,22.20
2026-05-16T08:47:18.028093,70.00,75.00,100.00,20.00
2026-05-16T08:47:18.132907,72.70,80.00,100.00,22.20
2026-05-16T08:47:18.237428,70.00,72.70,100.00,27.30
2026-05-16T08:47:18.341902,72.70,72.70,100.00,11.10
2026-05-16T08:47:18.446853,75.00,75.00,100.00,22.20
2026-05-16T08:47:18.551619,72.70,66.70,100.00,11.10
2026-05-16T08:47:18.655962,70.00,72.70,100.00,22.20
2026-05-16T08:47:18.760626,72.70,75.00,100.00,22.20
2026-05-16T08:47:18.865962,75.00,70.00,100.00,20.00
2026-05-16T08:47:18.970448,70.00,80.00,100.00,22.20
2026-05-16T08:47:19.075871,81.80,72.70,100.00,20.00
2026-05-16T08:47:19.181343,66.70,72.70,100.00,20.00
2026-05-16T08:47:19.286204,72.70,75.00,100.00,22.20
2026-05-16T08:47:19.391118,72.70,80.00,100.00,22.20
2026-05-16T08:47:19.495929,72.70,72.70,100.00,11.10
2026-05-16T08:47:19.602776,70.00,70.00,100.00,20.00
2026-05-16T08:47:19.709715,75.00,75.00,100.00,30.00
2026-05-16T08:47:19.814511,72.70,72.70,100.00,12.50
2026-05-16T08:47:19.919424,66.70,70.00,100.00,20.00
2026-05-16T08:47:20.023868,76.90,76.90,100.00,22.20
2026-05-16T08:47:20.129949,72.70,77.80,100.00,20.00
2026-05-16T08:47:20.234818,77.80,72.70,100.00,22.20
2026-05-16T08:47:20.339076,72.70,70.00,100.00,27.30
2026-05-16T08:47:20.443591,66.70,75.00,100.00,22.20
2026-05-16T08:47:20.548342,72.70,72.70,100.00,20.00
2026-05-16T08:47:20.653457,75.00,80.00,100.00,22.20
2026-05-16T08:47:20.759488,72.70,72.70,100.00,11.10
2026-05-16T08:47:20.864035,72.70,72.70,100.00,20.00
2026-05-16T08:47:20.969815,72.70,75.00,100.00,22.20
2026-05-16T08:47:21.074865,72.70,72.70,100.00,11.10
2026-05-16T08:47:21.179984,72.70,80.00,100.00,30.00
2026-05-16T08:47:21.285091,80.00,75.00,100.00,22.20
2026-05-16T08:47:21.390645,72.70,80.00,100.00,20.00
2026-05-16T08:47:21.495981,80.00,72.70,100.00,27.30
2026-05-16T08:47:21.602859,70.00,75.00,100.00,22.20
2026-05-16T08:47:21.709439,72.70,70.00,100.00,27.30
2026-05-16T08:47:21.814413,81.80,90.00,100.00,50.00
2026-05-16T08:47:21.976477,82.40,93.80,100.00,38.50
2026-05-16T08:47:22.082878,70.00,75.00,83.30,22.20
2026-05-16T08:47:22.187416,72.70,72.70,81.80,22.20
2026-05-16T08:47:22.292195,70.00,69.20,75.00,22.20
2026-05-16T08:47:22.397058,72.70,70.00,81.80,20.00
2026-05-16T08:47:22.504306,60.00,70.00,75.00,22.20
2026-05-16T08:47:22.611257,77.80,81.80,84.60,30.00
2026-05-16T08:47:22.716481,75.00,70.00,77.80,30.00
2026-05-16T08:47:22.821342,63.60,66.70,75.00,11.10
2026-05-16T08:47:22.926484,66.70,72.70,81.80,22.20
2026-05-16T08:47:23.030880,72.70,72.70,81.80,30.00
2026-05-16T08:47:23.136946,75.00,70.00,75.00,11.10
2026-05-16T08:47:23.242426,70.00,72.70,81.80,25.00
2026-05-16T08:47:23.347455,69.20,72.70,75.00,27.30
2026-05-16T08:47:23.452006,77.80,72.70,80.00,22.20
2026-05-16T08:47:23.556513,66.70,75.00,76.90,30.00
2026-05-16T08:47:23.661528,72.70,72.70,81.80,22.20
2026-05-16T08:47:23.766447,70.00,70.00,81.80,22.20
2026-05-16T08:47:23.872919,72.70,72.70,81.80,20.00
2026-05-16T08:47:23.977968,70.00,66.70,78.60,22.20
2026-05-16T08:47:24.082742,70.00,75.00,81.80,22.20
2026-05-16T08:47:24.188002,72.70,72.70,81.80,22.20
2026-05-16T08:47:24.293712,70.00,72.70,76.90,36.40
2026-05-16T08:47:24.398485,70.00,70.00,77.80,11.10
2026-05-16T08:47:24.504561,72.70,81.80,83.30,22.20
2026-05-16T08:47:24.611077,72.70,70.00,81.80,30.00
2026-05-16T08:47:24.716002,70.00,72.70,75.00,11.10
2026-05-16T08:47:24.820634,72.70,72.70,81.80,22.20
2026-05-16T08:47:24.925542,72.70,72.70,83.30,22.20
2026-05-16T08:47:25.029987,70.00,70.00,83.30,22.20
2026-05-16T08:47:25.134736,66.70,72.70,75.00,11.10
2026-05-16T08:47:25.240606,70.00,66.70,81.80,22.20
2026-05-16T08:47:25.345054,72.70,69.20,75.00,36.40
2026-05-16T08:47:25.450460,70.00,72.70,80.00,12.50
2026-05-16T08:47:25.555656,72.70,70.00,83.30,30.00
2026-05-16T08:47:25.660670,72.70,70.00,75.00,22.20
2026-05-16T08:47:25.764278,60.00,70.00,70.00,36.40
2026-05-16T08:47:25.889149,9.10,0.00,9.10,18.20
2026-05-16T08:47:25.992960,11.10,20.00,12.50,100.00
2026-05-16T08:47:26.096664,0.00,0.00,0.00,100.00
2026-05-16T08:47:26.200251,22.20,22.20,30.00,100.00
2026-05-16T08:47:26.303871,11.10,11.10,0.00,100.00
2026-05-16T08:47:26.407588,27.30,11.10,30.00,100.00
2026-05-16T08:47:26.511440,20.00,0.00,0.00,100.00
2026-05-16T08:47:26.614886,11.10,0.00,0.00,100.00
2026-05-16T08:47:26.718232,11.10,20.00,11.10,100.00
2026-05-16T08:47:26.822496,11.10,0.00,20.00,100.00
2026-05-16T08:47:26.926204,27.30,11.10,0.00,100.00
2026-05-16T08:47:27.030386,11.10,20.00,0.00,100.00
2026-05-16T08:47:27.134413,20.00,12.50,0.00,100.00
2026-05-16T08:47:27.238956,12.50,20.00,22.20,100.00
2026-05-16T08:47:27.342681,20.00,0.00,11.10,100.00
2026-05-16T08:47:27.446717,11.10,11.10,0.00,100.00
2026-05-16T08:47:27.550615,11.10,22.20,11.10,100.00
2026-05-16T08:47:27.654110,20.00,0.00,11.10,100.00
2026-05-16T08:47:27.758176,11.10,11.10,0.00,100.00
2026-05-16T08:47:27.923300,28.60,28.60,42.90,100.00
2026-05-16T08:47:28.027315,22.20,22.20,100.00,100.00
2026-05-16T08:47:28.132067,11.10,0.00,100.00,100.00
2026-05-16T08:47:28.236132,30.00,30.00,100.00,100.00
2026-05-16T08:47:28.340329,11.10,12.50,100.00,100.00
2026-05-16T08:47:28.444034,0.00,22.20,100.00,100.00
2026-05-16T08:47:28.547530,27.30,0.00,100.00,100.00
2026-05-16T08:47:28.651488,0.00,22.20,100.00,100.00
2026-05-16T08:47:28.755529,20.00,12.50,100.00,100.00
2026-05-16T08:47:28.859484,0.00,20.00,100.00,100.00
2026-05-16T08:47:28.963469,30.00,12.50,100.00,100.00
2026-05-16T08:47:29.067531,11.10,12.50,100.00,100.00
2026-05-16T08:47:29.171638,0.00,22.20,100.00,100.00
2026-05-16T08:47:29.275242,30.00,30.00,100.00,100.00
2026-05-16T08:47:29.379350,0.00,11.10,100.00,100.00
2026-05-16T08:47:29.483148,12.50,12.50,100.00,100.00
2026-05-16T08:47:29.587138,27.30,12.50,100.00,100.00
2026-05-16T08:47:29.691777,0.00,11.10,100.00,100.00
2026-05-16T08:47:29.796127,22.20,33.30,100.00,100.00
2026-05-16T08:47:29.900603,50.00,60.00,100.00,100.00
2026-05-16T08:47:30.006552,58.30,50.00,100.00,100.00
2026-05-16T08:47:30.111891,40.00,55.60,100.00,100.00
2026-05-16T08:47:30.217557,44.40,58.30,100.00,100.00
2026-05-16T08:47:30.322343,50.00,55.60,100.00,100.00
2026-05-16T08:47:30.427188,28.60,50.00,100.00,100.00
2026-05-16T08:47:30.533296,45.50,54.50,100.00,100.00
2026-05-16T08:47:30.637401,40.00,50.00,100.00,100.00
2026-05-16T08:47:30.741844,54.50,60.00,100.00,100.00
2026-05-16T08:47:30.846523,37.50,58.30,100.00,100.00
2026-05-16T08:47:30.951459,40.00,50.00,100.00,100.00
2026-05-16T08:47:31.056137,44.40,50.00,100.00,100.00
2026-05-16T08:47:31.160223,44.40,60.00,100.00,100.00
2026-05-16T08:47:31.265522,50.00,58.30,100.00,100.00
2026-05-16T08:47:31.369111,33.30,37.50,100.00,100.00
2026-05-16T08:47:31.473749,40.00,50.00,100.00,100.00
2026-05-16T08:47:31.578095,50.00,54.50,100.00,100.00
2026-05-16T08:47:31.684098,45.50,55.60,100.00,100.00
2026-05-16T08:47:31.788937,50.00,54.50,100.00,100.00
2026-05-16T08:47:31.894847,44.40,44.40,100.00,100.00
2026-05-16T08:47:31.998991,40.00,54.50,100.00,100.00
2026-05-16T08:47:32.103171,45.50,50.00,100.00,100.00
2026-05-16T08:47:32.208129,33.30,37.50,100.00,100.00
2026-05-16T08:47:32.313092,33.30,54.50,100.00,100.00
2026-05-16T08:47:32.418038,50.00,44.40,100.00,100.00
2026-05-16T08:47:32.522363,33.30,50.00,100.00,100.00
2026-05-16T08:47:32.627998,45.50,60.00,100.00,100.00
2026-05-16T08:47:32.732231,44.40,33.30,100.00,100.00
2026-05-16T08:47:32.837524,54.50,50.00,100.00,100.00
2026-05-16T08:47:32.942797,33.30,54.50,100.00,100.00
2026-05-16T08:47:33.047585,54.50,44.40,100.00,100.00
2026-05-16T08:47:33.153104,33.30,60.00,100.00,100.00
2026-05-16T08:47:33.257658,60.00,50.00,100.00,100.00
2026-05-16T08:47:33.363503,40.00,54.50,100.00,100.00
2026-05-16T08:47:33.467756,50.00,63.60,100.00,100.00
2026-05-16T08:47:33.572855,33.30,28.60,100.00,100.00
2026-05-16T08:47:33.678073,50.00,58.30,100.00,100.00
2026-05-16T08:47:33.784820,63.60,60.00,100.00,100.00
2026-05-16T08:47:33.890935,81.80,66.70,100.00,100.00
2026-05-16T08:47:33.996383,75.00,72.70,100.00,100.00
2026-05-16T08:47:34.102576,70.00,75.00,100.00,100.00
2026-05-16T08:47:34.207676,60.00,80.00,100.00,100.00
2026-05-16T08:47:34.314918,75.00,81.80,100.00,100.00
2026-05-16T08:47:34.420360,72.70,72.70,100.00,100.00
2026-05-16T08:47:34.525740,75.00,72.70,100.00,100.00
2026-05-16T08:47:34.630020,80.00,70.00,100.00,100.00
2026-05-16T08:47:34.736149,66.70,75.00,100.00,100.00
2026-05-16T08:47:34.840476,80.00,81.80,100.00,100.00
2026-05-16T08:47:34.947995,75.00,80.00,100.00,100.00
2026-05-16T08:47:35.054200,81.80,75.00,100.00,100.00
2026-05-16T08:47:35.159740,70.00,81.80,100.00,100.00
2026-05-16T08:47:35.266549,80.00,90.90,100.00,100.00
2026-05-16T08:47:35.370791,80.00,81.80,100.00,100.00
2026-05-16T08:47:35.476867,80.00,81.80,100.00,100.00
2026-05-16T08:47:35.582665,70.00,75.00,100.00,100.00
2026-05-16T08:47:35.687970,83.30,81.80,100.00,100.00
2026-05-16T08:47:35.792647,72.70,72.70,100.00,100.00
2026-05-16T08:47:35.898075,72.70,81.80,100.00,100.00
2026-05-16T08:47:36.003923,72.70,70.00,100.00,100.00
2026-05-16T08:47:36.111656,72.70,75.00,100.00,100.00
2026-05-16T08:47:36.216506,72.70,75.00,100.00,100.00
2026-05-16T08:47:36.321962,72.70,66.70,100.00,100.00
2026-05-16T08:47:36.427530,72.70,75.00,100.00,100.00
2026-05-16T08:47:36.532668,72.70,70.00,100.00,100.00
2026-05-16T08:47:36.639617,81.80,83.30,100.00,100.00
2026-05-16T08:47:36.743782,70.00,70.00,100.00,100.00
2026-05-16T08:47:36.847847,72.70,72.70,100.00,100.00
2026-05-16T08:47:36.954172,69.20,72.70,100.00,100.00
2026-05-16T08:47:37.058435,70.00,70.00,100.00,100.00
2026-05-16T08:47:37.163956,72.70,75.00,100.00,100.00
2026-05-16T08:47:37.268589,81.80,80.00,100.00,100.00
2026-05-16T08:47:37.375943,72.70,81.80,100.00,100.00
2026-05-16T08:47:37.482176,72.70,81.80,100.00,100.00
2026-05-16T08:47:37.586506,66.70,90.90,100.00,100.00
2026-05-16T08:47:37.692591,80.00,80.00,100.00,100.00
2026-05-16T08:47:37.796969,72.70,83.30,100.00,100.00
2026-05-16T08:47:37.902902,77.80,100.00,100.00,100.00
2026-05-16T08:47:38.009148,80.00,90.90,100.00,100.00
2026-05-16T08:47:38.115696,70.00,90.90,100.00,100.00
2026-05-16T08:47:38.222112,83.30,83.30,100.00,100.00
2026-05-16T08:47:38.329499,90.90,80.00,100.00,100.00
2026-05-16T08:47:38.435619,80.00,81.80,100.00,100.00
2026-05-16T08:47:38.541749,90.90,77.80,100.00,100.00
2026-05-16T08:47:38.646389,80.00,83.30,100.00,100.00
2026-05-16T08:47:38.750939,81.80,90.00,100.00,100.00
2026-05-16T08:47:38.855393,81.80,81.80,100.00,100.00
2026-05-16T08:47:38.961863,80.00,90.00,100.00,100.00
2026-05-16T08:47:39.067403,80.00,90.90,100.00,100.00
2026-05-16T08:47:39.171224,77.80,90.00,100.00,100.00
2026-05-16T08:47:39.279003,83.30,81.80,100.00,100.00
2026-05-16T08:47:39.383577,77.80,90.90,100.00,100.00
2026-05-16T08:47:39.490931,75.00,90.00,100.00,100.00
2026-05-16T08:47:39.595663,88.90,91.70,100.00,100.00
2026-05-16T08:47:39.700226,72.70,90.00,100.00,100.00
2026-05-16T08:47:39.805414,75.00,81.80,100.00,100.00
2026-05-16T08:47:39.909464,77.80,90.00,100.00,100.00
2026-05-16T08:47:40.016115,75.00,81.80,100.00,100.00
2026-05-16T08:47:40.122935,72.70,81.80,100.00,100.00
2026-05-16T08:47:40.226895,80.00,83.30,100.00,100.00
2026-05-16T08:47:40.334361,83.30,81.80,100.00,100.00
2026-05-16T08:47:40.442774,90.90,90.00,100.00,100.00
2026-05-16T08:47:40.546831,70.00,81.80,100.00,100.00
2026-05-16T08:47:40.651402,90.90,81.80,100.00,100.00
2026-05-16T08:47:40.757586,81.80,90.90,100.00,100.00
2026-05-16T08:47:40.862235,80.00,80.00,100.00,100.00
2026-05-16T08:47:40.968840,81.80,81.80,100.00,100.00
2026-05-16T08:47:41.075369,90.90,81.80,100.00,100.00
2026-05-16T08:47:41.181682,75.00,90.00,100.00,100.00
2026-05-16T08:47:41.286998,80.00,91.70,100.00,100.00
2026-05-16T08:47:41.391395,80.00,90.90,100.00,100.00
2026-05-16T08:47:41.497367,76.90,90.00,100.00,100.00
2026-05-16T08:47:41.601972,80.00,81.80,100.00,100.00
2026-05-16T08:47:41.706222,72.70,90.90,100.00,100.00
2026-05-16T08:47:41.810610,55.60,60.00,100.00,100.00
2026-05-16T08:47:41.914341,54.50,58.30,100.00,100.00
2026-05-16T08:47:42.018811,44.40,60.00,100.00,100.00
2026-05-16T08:47:42.122998,54.50,60.00,100.00,100.00
2026-05-16T08:47:42.227181,54.50,50.00,100.00,100.00
2026-05-16T08:47:42.331806,37.50,50.00,100.00,100.00
2026-05-16T08:47:42.436799,50.00,60.00,100.00,100.00
2026-05-16T08:47:42.541644,54.50,54.50,100.00,100.00
2026-05-16T08:47:42.647027,44.40,50.00,100.00,100.00
2026-05-16T08:47:42.751120,50.00,60.00,100.00,100.00
2026-05-16T08:47:42.856131,54.50,44.40,100.00,100.00
2026-05-16T08:47:42.961743,50.00,63.60,100.00,100.00
2026-05-16T08:47:43.065960,50.00,50.00,100.00,100.00
2026-05-16T08:47:43.172012,60.00,58.30,100.00,100.00
2026-05-16T08:47:43.276384,50.00,55.60,100.00,100.00
2026-05-16T08:47:43.382141,54.50,55.60,100.00,100.00
2026-05-16T08:47:43.488143,60.00,63.60,100.00,100.00
2026-05-16T08:47:43.594122,54.50,60.00,100.00,100.00
2026-05-16T08:47:43.698560,60.00,54.50,100.00,100.00
2026-05-16T08:47:43.803604,54.50,60.00,100.00,100.00
2026-05-16T08:47:43.908209,55.60,50.00,100.00,100.00
2026-05-16T08:47:44.012928,50.00,54.50,100.00,100.00
2026-05-16T08:47:44.118172,55.60,60.00,100.00,100.00
2026-05-16T08:47:44.222995,54.50,54.50,100.00,100.00
2026-05-16T08:47:44.328151,44.40,60.00,100.00,100.00
2026-05-16T08:47:44.434239,54.50,63.60,100.00,100.00
2026-05-16T08:47:44.538822,55.60,60.00,100.00,100.00
2026-05-16T08:47:44.643511,54.50,61.50,100.00,100.00
2026-05-16T08:47:44.749271,55.60,55.60,100.00,100.00
2026-05-16T08:47:44.855038,63.60,50.00,100.00,100.00
2026-05-16T08:47:44.960521,50.00,63.60,100.00,100.00
2026-05-16T08:47:45.065487,60.00,60.00,100.00,100.00
2026-05-16T08:47:45.170409,54.50,60.00,100.00,100.00
2026-05-16T08:47:45.275343,60.00,60.00,100.00,100.00
2026-05-16T08:47:45.380323,50.00,50.00,100.00,100.00
2026-05-16T08:47:45.484363,50.00,54.50,100.00,100.00
2026-05-16T08:47:45.589337,63.60,60.00,100.00,100.00
2026-05-16T08:47:45.694485,58.30,54.50,100.00,100.00
2026-05-16T08:47:45.803082,80.00,90.00,100.00,100.00
2026-05-16T08:47:45.907032,90.00,100.00,100.00,100.00
2026-05-16T08:47:46.012360,81.80,90.90,100.00,100.00
2026-05-16T08:47:46.117786,90.00,100.00,100.00,100.00
2026-05-16T08:47:46.222054,80.00,90.90,100.00,100.00
2026-05-16T08:47:46.326823,80.00,100.00,100.00,100.00
2026-05-16T08:47:46.434053,90.90,91.70,100.00,100.00
2026-05-16T08:47:46.538618,81.80,100.00,100.00,100.00
2026-05-16T08:47:46.647470,90.00,90.90,100.00,100.00
2026-05-16T08:47:46.752112,80.00,90.90,100.00,100.00
2026-05-16T08:47:46.857350,80.00,100.00,100.00,100.00
2026-05-16T08:47:46.965240,90.90,91.70,100.00,100.00
2026-05-16T08:47:47.069647,77.80,100.00,100.00,100.00
2026-05-16T08:47:47.174177,83.30,100.00,100.00,100.00
2026-05-16T08:47:47.280171,90.00,91.70,100.00,100.00
2026-05-16T08:47:47.384576,81.80,90.00,100.00,100.00
2026-05-16T08:47:47.491660,80.00,90.90,100.00,100.00
2026-05-16T08:47:47.595836,80.00,90.90,100.00,100.00
2026-05-16T08:47:47.702595,77.80,83.30,100.00,100.00
2026-05-16T08:47:47.807096,81.80,90.90,100.00,100.00
2026-05-16T08:47:47.913714,81.80,88.90,100.00,100.00
2026-05-16T08:47:48.018312,80.00,90.90,100.00,100.00
2026-05-16T08:47:48.124245,83.30,83.30,100.00,100.00
2026-05-16T08:47:48.229567,90.00,90.00,100.00,100.00
2026-05-16T08:47:48.333803,90.00,83.30,100.00,100.00
2026-05-16T08:47:48.440790,81.80,90.00,100.00,100.00
2026-05-16T08:47:48.545984,90.00,81.80,100.00,100.00
2026-05-16T08:47:48.651619,83.30,90.90,100.00,100.00
2026-05-16T08:47:48.756036,80.00,90.90,100.00,100.00
2026-05-16T08:47:48.862744,81.80,90.00,100.00,100.00
2026-05-16T08:47:48.967573,72.70,90.90,100.00,100.00
2026-05-16T08:47:49.073689,80.00,90.90,100.00,100.00
2026-05-16T08:47:49.177747,81.80,90.90,100.00,100.00
2026-05-16T08:47:49.284220,75.00,100.00,100.00,100.00
2026-05-16T08:47:49.388409,80.00,80.00,100.00,100.00
2026-05-16T08:47:49.493609,80.00,90.90,100.00,100.00
2026-05-16T08:47:49.601204,90.90,81.80,100.00,100.00
2026-05-16T08:47:49.803457,84.20,100.00,90.00,100.00
2026-05-16T08:47:49.908127,40.00,50.00,63.60,22.20
2026-05-16T08:47:50.012986,50.00,44.40,44.40,20.00
2026-05-16T08:47:50.117181,50.00,50.00,50.00,20.00
2026-05-16T08:47:50.222058,40.00,44.40,50.00,20.00
2026-05-16T08:47:50.327479,44.40,50.00,50.00,10.00
2026-05-16T08:47:50.431334,50.00,50.00,58.30,22.20
2026-05-16T08:47:50.535491,37.50,40.00,50.00,20.00
2026-05-16T08:47:50.639564,45.50,33.30,44.40,20.00
2026-05-16T08:47:50.744215,50.00,50.00,50.00,11.10
2026-05-16T08:47:50.848319,45.50,45.50,53.80,20.00
2026-05-16T08:47:50.952735,44.40,44.40,60.00,11.10
2026-05-16T08:47:51.057754,45.50,33.30,45.50,20.00
2026-05-16T08:47:51.161948,44.40,50.00,54.50,18.20
2026-05-16T08:47:51.266107,44.40,40.00,50.00,12.50
2026-05-16T08:47:51.370628,45.50,50.00,50.00,20.00
2026-05-16T08:47:51.474951,44.40,45.50,54.50,11.10
2026-05-16T08:47:51.578749,45.50,33.30,44.40,27.30
2026-05-16T08:47:51.682963,50.00,50.00,54.50,20.00
2026-05-16T08:47:51.787747,45.50,40.00,50.00,11.10
2026-05-16T08:47:51.892162,44.40,50.00,50.00,22.20
2026-05-16T08:47:51.996337,37.50,44.40,54.50,11.10
2026-05-16T08:47:52.101112,50.00,50.00,61.50,20.00
2026-05-16T08:47:52.206023,50.00,44.40,54.50,27.30
2026-05-16T08:47:52.311459,54.50,45.50,50.00,20.00
2026-05-16T08:47:52.415189,40.00,50.00,50.00,11.10
2026-05-16T08:47:52.518933,45.50,44.40,54.50,20.00
2026-05-16T08:47:52.623314,50.00,33.30,54.50,22.20
2026-05-16T08:47:52.727663,40.00,45.50,50.00,27.30
2026-05-16T08:47:52.831556,44.40,44.40,50.00,20.00
2026-05-16T08:47:52.935997,50.00,45.50,54.50,11.10
2026-05-16T08:47:53.041005,44.40,40.00,50.00,20.00
2026-05-16T08:47:53.145186,45.50,44.40,54.50,11.10
2026-05-16T08:47:53.250171,50.00,40.00,54.50,20.00
2026-05-16T08:47:53.355004,45.50,44.40,50.00,11.10
2026-05-16T08:47:53.458995,44.40,45.50,54.50,20.00
2026-05-16T08:47:53.564190,40.00,33.30,54.50,20.00
2026-05-16T08:47:53.669387,50.00,50.00,54.50,11.10
2026-05-16T08:47:53.775042,44.40,54.50,61.50,20.00
2026-05-16T08:47:53.880045,60.00,63.60,72.70,30.00
2026-05-16T08:47:53.984529,60.00,60.00,63.60,27.30
2026-05-16T08:47:54.089535,60.00,63.60,75.00,12.50
2026-05-16T08:47:54.195328,60.00,63.60,66.70,11.10
2026-05-16T08:47:54.301722,58.30,54.50,70.00,30.00
2026-05-16T08:47:54.407627,63.60,63.60,72.70,20.00
2026-05-16T08:47:54.512190,60.00,55.60,66.70,20.00
2026-05-16T08:47:54.616411,60.00,63.60,66.70,12.50
2026-05-16T08:47:54.720696,60.00,60.00,75.00,27.30
2026-05-16T08:47:54.825441,60.00,54.50,66.70,22.20
2026-05-16T08:47:54.930373,60.00,66.70,72.70,11.10
2026-05-16T08:47:55.035559,66.70,58.30,75.00,22.20
2026-05-16T08:47:55.140288,55.60,63.60,60.00,20.00
2026-05-16T08:47:55.246677,60.00,55.60,75.00,36.40
2026-05-16T08:47:55.351777,66.70,70.00,70.00,20.00
2026-05-16T08:47:55.456056,60.00,58.30,66.70,20.00
2026-05-16T08:47:55.561093,63.60,63.60,75.00,12.50
2026-05-16T08:47:55.666897,60.00,60.00,69.20,20.00
2026-05-16T08:47:55.771069,63.60,60.00,72.70,40.00
2026-05-16T08:47:55.876015,63.60,60.00,72.70,20.00
2026-05-16T08:47:55.980757,55.60,63.60,66.70,12.50
2026-05-16T08:47:56.085058,63.60,55.60,66.70,20.00
2026-05-16T08:47:56.190110,63.60,63.60,71.40,22.20
2026-05-16T08:47:56.295020,63.60,58.30,70.00,20.00
2026-05-16T08:47:56.400226,60.00,60.00,66.70,12.50
2026-05-16T08:47:56.505451,60.00,60.00,72.70,20.00
2026-05-16T08:47:56.611118,60.00,60.00,75.00,30.00
2026-05-16T08:47:56.715704,63.60,66.70,72.70,20.00
2026-05-16T08:47:56.819939,63.60,55.60,72.70,12.50
2026-05-16T08:47:56.924747,63.60,55.60,66.70,27.30
2026-05-16T08:47:57.029242,60.00,63.60,66.70,12.50
2026-05-16T08:47:57.133816,63.60,63.60,69.20,27.30
2026-05-16T08:47:57.238530,63.60,60.00,70.00,22.20
2026-05-16T08:47:57.342382,58.30,63.60,75.00,12.50
2026-05-16T08:47:57.446953,50.00,63.60,66.70,27.30
2026-05-16T08:47:57.551628,60.00,55.60,75.00,12.50
2026-05-16T08:47:57.656092,60.00,63.60,60.00,27.30
2026-05-16T08:47:57.760303,60.00,50.00,72.70,22.20
2026-05-16T08:47:57.864396,54.50,54.50,69.20,20.00
2026-05-16T08:47:57.969850,54.50,54.50,50.00,11.10
2026-05-16T08:47:58.074008,55.60,60.00,69.20,22.20
2026-05-16T08:47:58.179352,60.00,58.30,70.00,20.00
2026-05-16T08:47:58.283881,58.30,60.00,66.70,20.00
2026-05-16T08:47:58.388117,50.00,58.30,58.30,30.00
2026-05-16T08:47:58.492611,55.60,50.00,70.00,11.10
2026-05-16T08:47:58.597364,61.50,60.00,66.70,27.30
2026-05-16T08:47:58.702386,55.60,58.30,63.60,22.20
2026-05-16T08:47:58.807448,60.00,55.60,63.60,22.20
2026-05-16T08:47:58.911958,50.00,58.30,60.00,20.00
2026-05-16T08:47:59.017052,63.60,60.00,66.70,11.10
2026-05-16T08:47:59.122099,54.50,50.00,72.70,20.00
2026-05-16T08:47:59.227666,60.00,60.00,66.70,30.00
2026-05-16T08:47:59.332913,50.00,58.30,63.60,11.10
2026-05-16T08:47:59.436883,50.00,60.00,66.70,11.10
2026-05-16T08:47:59.541169,60.00,50.00,63.60,30.00
2026-05-16T08:47:59.645188,63.60,60.00,66.70,22.20
2026-05-16T08:47:59.749615,50.00,58.30,63.60,20.00
2026-05-16T08:47:59.853815,63.60,60.00,63.60,11.10
2026-05-16T08:47:59.958031,60.00,58.30,66.70,22.20
2026-05-16T08:48:00.062367,54.50,60.00,60.00,20.00
2026-05-16T08:48:00.166150,50.00,50.00,66.70,20.00
2026-05-16T08:48:00.271662,50.00,60.00,72.70,22.20
2026-05-16T08:48:00.377047,60.00,54.50,66.70,27.30
2026-05-16T08:48:00.481971,58.30,66.70,63.60,11.10
2026-05-16T08:48:00.587242,60.00,44.40,63.60,20.00
2026-05-16T08:48:00.692630,63.60,66.70,63.60,22.20
2026-05-16T08:48:00.797573,55.60,60.00,63.60,27.30
2026-05-16T08:48:00.901838,54.50,50.00,63.60,20.00
2026-05-16T08:48:01.007507,60.00,63.60,66.70,30.00
2026-05-16T08:48:01.112092,54.50,54.50,75.00,11.10
2026-05-16T08:48:01.216497,55.60,60.00,63.60,30.00
2026-05-16T08:48:01.320863,54.50,58.30,63.60,30.00
2026-05-16T08:48:01.425134,60.00,60.00,66.70,11.10
2026-05-16T08:48:01.530169,54.50,54.50,63.60,20.00
2026-05-16T08:48:01.635324,60.00,50.00,63.60,11.10
2026-05-16T08:48:01.741537,58.30,63.60,63.60,22.20
2026-05-16T08:48:01.846912,60.00,44.40,66.70,20.00
2026-05-16T08:48:01.951172,63.60,66.70,66.70,20.00
2026-05-16T08:48:02.056794,63.60,63.60,70.00,22.20
2026-05-16T08:48:02.161793,54.50,50.00,60.00,20.00
2026-05-16T08:48:02.266777,55.60,63.60,66.70,30.00
2026-05-16T08:48:02.371606,61.50,60.00,63.60,11.10
2026-05-16T08:48:02.476269,60.00,55.60,66.70,22.20
2026-05-16T08:48:02.580790,60.00,54.50,66.70,20.00
2026-05-16T08:48:02.684847,54.50,54.50,66.70,22.20
2026-05-16T08:48:02.788886,60.00,63.60,63.60,11.10
2026-05-16T08:48:02.893440,54.50,50.00,75.00,20.00
2026-05-16T08:48:02.998261,55.60,60.00,60.00,30.00
2026-05-16T08:48:03.102986,54.50,54.50,66.70,11.10
2026-05-16T08:48:03.207622,60.00,55.60,69.20,27.30
2026-05-16T08:48:03.312420,60.00,58.30,70.00,22.20
2026-05-16T08:48:03.417643,54.50,55.60,66.70,20.00
2026-05-16T08:48:03.522097,63.60,54.50,58.30,12.50
2026-05-16T08:48:03.626405,50.00,55.60,75.00,20.00
2026-05-16T08:48:03.732052,60.00,63.60,63.60,20.00
2026-05-16T08:48:03.836732,44.40,54.50,63.60,11.10
2026-05-16T08:48:03.941089,60.00,58.30,66.70,22.20
2026-05-16T08:48:04.048238,58.30,60.00,66.70,20.00
2026-05-16T08:48:04.153099,63.60,60.00,63.60,20.00
2026-05-16T08:48:04.258079,63.60,54.50,70.00,22.20
2026-05-16T08:48:04.364110,54.50,60.00,63.60,20.00
2026-05-16T08:48:04.469661,60.00,54.50,66.70,11.10
2026-05-16T08:48:04.574970,63.60,60.00,66.70,27.30
2026-05-16T08:48:04.679868,54.50,54.50,63.60,22.20
2026-05-16T08:48:04.784061,55.60,60.00,63.60,20.00
2026-05-16T08:48:04.889258,58.30,58.30,63.60,20.00
2026-05-16T08:48:04.993747,63.60,55.60,66.70,11.10
2026-05-16T08:48:05.098188,60.00,58.30,66.70,22.20
2026-05-16T08:48:05.202364,54.50,60.00,69.20,20.00
2026-05-16T08:48:05.307205,66.70,60.00,60.00,22.20
2026-05-16T08:48:05.412436,58.30,58.30,75.00,30.00
2026-05-16T08:48:05.517357,60.00,60.00,63.60,20.00
2026-05-16T08:48:05.621248,50.00,54.50,63.60,11.10
2026-05-16T08:48:05.725710,63.60,63.60,69.20,22.20
2026-05-16T08:48:05.830360,80.00,70.00,90.00,33.30
2026-05-16T08:48:05.936127,75.00,83.30,81.80,22.20
2026-05-16T08:48:06.041123,80.00,80.00,90.90,30.00
2026-05-16T08:48:06.147950,80.00,83.30,91.70,30.00
2026-05-16T08:48:06.254119,81.80,80.00,90.90,30.00
2026-05-16T08:48:06.359149,72.70,90.90,90.00,22.20
2026-05-16T08:48:06.466710,81.80,81.80,91.70,22.20
2026-05-16T08:48:06.571888,77.80,83.30,90.90,12.50
2026-05-16T08:48:06.677435,83.30,70.00,80.00,30.00
2026-05-16T08:48:06.782858,72.70,81.80,91.70,22.20
2026-05-16T08:48:06.888015,81.80,81.80,90.00,22.20
2026-05-16T08:48:06.993784,80.00,80.00,91.70,22.20
2026-05-16T08:48:07.098790,83.30,83.30,90.00,30.00
2026-05-16T08:48:07.206554,81.80,81.80,91.70,30.00
2026-05-16T08:48:07.312949,80.00,81.80,83.30,40.00
2026-05-16T08:48:07.417636,75.00,81.80,90.00,22.20
2026-05-16T08:48:07.523524,81.80,80.00,90.90,12.50
2026-05-16T08:48:07.628777,77.80,83.30,83.30,22.20
2026-05-16T08:48:07.733841,81.80,81.80,90.00,30.00
2026-05-16T08:48:07.838345,72.70,72.70,90.90,12.50
2026-05-16T08:48:07.943479,81.80,81.80,83.30,20.00
2026-05-16T08:48:08.048848,81.80,80.00,90.00,30.00
2026-05-16T08:48:08.153630,72.70,75.00,83.30,22.20
2026-05-16T08:48:08.258640,80.00,77.80,90.90,36.40
2026-05-16T08:48:08.363528,81.80,81.80,81.80,12.50
2026-05-16T08:48:08.468982,76.90,81.80,91.70,30.00
2026-05-16T08:48:08.574420,80.00,80.00,90.90,22.20
2026-05-16T08:48:08.680864,81.80,80.00,90.90,22.20
2026-05-16T08:48:08.786808,75.00,75.00,81.80,22.20
2026-05-16T08:48:08.892002,83.30,81.80,90.90,22.20
2026-05-16T08:48:08.997983,80.00,90.00,90.90,22.20
2026-05-16T08:48:09.104520,81.80,81.80,90.90,12.50
2026-05-16T08:48:09.210091,81.80,81.80,90.90,22.20
2026-05-16T08:48:09.315939,80.00,80.00,83.30,30.00
2026-05-16T08:48:09.422020,81.80,83.30,90.90,30.00
2026-05-16T08:48:09.526773,75.00,80.00,90.90,12.50
2026-05-16T08:48:09.632202,81.80,81.80,90.90,30.00
2026-05-16T08:48:09.737214,81.80,75.00,83.30,30.00
2026-05-16T08:48:09.844040,70.00,72.70,80.00,12.50
2026-05-16T08:48:09.948278,72.70,72.70,76.90,27.30
2026-05-16T08:48:10.053462,63.60,66.70,72.70,12.50
2026-05-16T08:48:10.158886,70.00,72.70,80.00,22.20
2026-05-16T08:48:10.263656,63.60,66.70,72.70,27.30
2026-05-16T08:48:10.368365,72.70,66.70,75.00,12.50
2026-05-16T08:48:10.473200,63.60,72.70,75.00,22.20
2026-05-16T08:48:10.579663,70.00,63.60,83.30,30.00
2026-05-16T08:48:10.684029,75.00,72.70,72.70,20.00
2026-05-16T08:48:10.788357,60.00,66.70,75.00,22.20
2026-05-16T08:48:10.893058,66.70,63.60,75.00,22.20
2026-05-16T08:48:10.999079,66.70,72.70,75.00,22.20
2026-05-16T08:48:11.104117,70.00,72.70,80.00,20.00
2026-05-16T08:48:11.210550,70.00,63.60,75.00,12.50
2026-05-16T08:48:11.315601,60.00,72.70,76.90,30.00
2026-05-16T08:48:11.420179,70.00,66.70,80.00,22.20
2026-05-16T08:48:11.526215,63.60,66.70,75.00,20.00
2026-05-16T08:48:11.631234,72.70,72.70,81.80,12.50
2026-05-16T08:48:11.736647,70.00,63.60,75.00,20.00
2026-05-16T08:48:11.841021,63.60,66.70,81.80,30.00
2026-05-16T08:48:11.946308,70.00,69.20,72.70,22.20
2026-05-16T08:48:12.050945,70.00,70.00,78.60,22.20
2026-05-16T08:48:12.155514,63.60,63.60,70.00,20.00
2026-05-16T08:48:12.260451,66.70,60.00,76.90,22.20
2026-05-16T08:48:12.365083,60.00,72.70,77.80,20.00
2026-05-16T08:48:12.469896,66.70,72.70,75.00,22.20
2026-05-16T08:48:12.574417,66.70,69.20,72.70,22.20
2026-05-16T08:48:12.678987,72.70,66.70,75.00,11.10
2026-05-16T08:48:12.783665,66.70,55.60,72.70,22.20
2026-05-16T08:48:12.888414,70.00,66.70,72.70,20.00
2026-05-16T08:48:12.993848,60.00,70.00,75.00,22.20
2026-05-16T08:48:13.098479,70.00,63.60,80.00,12.50
2026-05-16T08:48:13.205500,72.70,70.00,78.60,27.30
2026-05-16T08:48:13.309918,63.60,66.70,81.80,33.30
2026-05-16T08:48:13.414690,72.70,75.00,76.90,27.30
2026-05-16T08:48:13.519074,63.60,66.70,70.00,12.50
2026-05-16T08:48:13.623792,70.00,66.70,80.00,20.00
2026-05-16T08:48:13.728951,72.70,70.00,76.90,30.00
2026-05-16T08:48:13.853156,18.20,25.00,10.00,16.70
2026-05-16T08:48:13.956925,11.10,0.00,0.00,100.00
2026-05-16T08:48:14.061014,10.00,0.00,0.00,100.00
2026-05-16T08:48:14.164365,0.00,11.10,11.10,100.00
2026-05-16T08:48:14.267984,20.00,11.10,11.10,100.00
2026-05-16T08:48:14.371973,20.00,11.10,11.10,100.00
2026-05-16T08:48:14.475479,0.00,0.00,0.00,100.00
2026-05-16T08:48:14.578785,11.10,10.00,0.00,100.00
2026-05-16T08:48:14.682827,27.30,11.10,11.10,100.00
2026-05-16T08:48:14.786447,0.00,11.10,0.00,100.00
2026-05-16T08:48:14.889844,25.00,0.00,20.00,100.00
2026-05-16T08:48:14.993808,20.00,0.00,0.00,100.00
2026-05-16T08:48:15.097252,11.10,11.10,0.00,100.00
2026-05-16T08:48:15.200669,11.10,11.10,11.10,100.00
2026-05-16T08:48:15.304567,0.00,11.10,20.00,100.00
2026-05-16T08:48:15.408795,10.00,20.00,0.00,100.00
2026-05-16T08:48:15.512678,20.00,0.00,0.00,100.00
2026-05-16T08:48:15.616034,11.10,0.00,0.00,100.00
2026-05-16T08:48:15.719563,11.10,11.10,0.00,100.00
2026-05-16T08:48:15.882581,28.60,23.10,46.70,100.00
2026-05-16T08:48:15.986015,0.00,12.50,100.00,100.00
2026-05-16T08:48:16.090521,20.00,20.00,100.00,100.00
2026-05-16T08:48:16.194575,12.50,12.50,100.00,100.00
2026-05-16T08:48:16.298229,27.30,12.50,100.00,100.00
2026-05-16T08:48:16.402485,11.10,11.10,100.00,100.00
2026-05-16T08:48:16.506233,12.50,22.20,100.00,100.00
2026-05-16T08:48:16.610704,27.30,11.10,100.00,100.00
2026-05-16T08:48:16.714229,11.10,12.50,100.00,100.00
2026-05-16T08:48:16.818173,0.00,12.50,100.00,100.00
2026-05-16T08:48:16.922043,11.10,11.10,100.00,100.00
2026-05-16T08:48:17.026398,27.30,12.50,100.00,100.00
2026-05-16T08:48:17.130973,11.10,22.20,100.00,100.00
2026-05-16T08:48:17.234698,22.20,11.10,100.00,100.00
2026-05-16T08:48:17.338518,27.30,12.50,100.00,100.00
2026-05-16T08:48:17.442789,12.50,12.50,100.00,100.00
2026-05-16T08:48:17.546547,11.10,11.10,100.00,100.00
2026-05-16T08:48:17.650700,20.00,22.20,100.00,100.00
2026-05-16T08:48:17.757748,30.00,25.00,100.00,100.00
2026-05-16T08:48:17.863646,88.90,81.80,100.00,100.00
2026-05-16T08:48:17.967834,81.80,90.00,100.00,100.00
2026-05-16T08:48:18.074913,70.00,91.70,100.00,100.00
2026-05-16T08:48:18.181527,90.90,90.00,100.00,100.00
2026-05-16T08:48:18.285563,83.30,90.90,100.00,100.00
2026-05-16T08:48:18.392359,90.00,90.00,100.00,100.00
2026-05-16T08:48:18.497082,90.00,83.30,100.00,100.00
2026-05-16T08:48:18.603463,90.90,81.80,100.00,100.00
2026-05-16T08:48:18.710055,90.00,80.00,100.00,100.00
2026-05-16T08:48:18.815879,91.70,81.80,100.00,100.00
2026-05-16T08:48:18.921860,81.80,90.90,100.00,100.00
2026-05-16T08:48:19.029576,80.00,81.80,100.00,100.00
2026-05-16T08:48:19.135990,90.90,90.90,100.00,100.00
2026-05-16T08:48:19.243631,90.00,90.00,100.00,100.00
2026-05-16T08:48:19.349179,81.80,90.90,100.00,100.00
2026-05-16T08:48:19.455677,90.00,90.00,100.00,100.00
2026-05-16T08:48:19.559716,81.80,90.90,100.00,100.00
2026-05-16T08:48:19.663861,90.00,90.00,100.00,100.00
2026-05-16T08:48:19.768839,90.00,83.30,100.00,100.00
2026-05-16T08:48:19.876838,81.80,90.90,100.00,100.00
2026-05-16T08:48:19.981781,90.90,90.00,100.00,100.00
2026-05-16T08:48:20.090680,90.90,90.90,100.00,100.00
2026-05-16T08:48:20.196216,81.80,81.80,100.00,100.00
2026-05-16T08:48:20.300266,81.80,90.90,100.00,100.00
2026-05-16T08:48:20.406848,90.90,88.90,100.00,100.00
2026-05-16T08:48:20.512273,81.80,84.60,100.00,100.00
2026-05-16T08:48:20.620639,90.00,90.90,100.00,100.00
2026-05-16T08:48:20.726751,83.30,80.00,100.00,100.00
2026-05-16T08:48:20.830968,80.00,83.30,100.00,100.00
2026-05-16T08:48:20.935348,90.00,80.00,100.00,100.00
2026-05-16T08:48:21.040965,81.80,83.30,100.00,100.00
2026-05-16T08:48:21.144785,81.80,80.00,100.00,100.00
2026-05-16T08:48:21.251156,83.30,90.90,100.00,100.00
2026-05-16T08:48:21.357551,90.00,81.80,100.00,100.00
2026-05-16T08:48:21.463189,88.90,90.00,100.00,100.00
2026-05-16T08:48:21.569625,83.30,90.00,100.00,100.00
2026-05-16T08:48:21.674200,90.00,90.90,100.00,100.00
2026-05-16T08:48:21.780453,81.80,81.80,100.00,100.00
2026-05-16T08:48:21.886186,80.00,80.00,100.00,100.00
2026-05-16T08:48:21.990544,70.00,83.30,100.00,100.00
2026-05-16T08:48:22.095051,80.00,90.90,100.00,100.00
2026-05-16T08:48:22.200438,72.70,81.80,100.00,100.00
2026-05-16T08:48:22.305024,70.00,88.90,100.00,100.00
2026-05-16T08:48:22.410644,72.70,83.30,100.00,100.00
2026-05-16T08:48:22.517893,72.70,80.00,100.00,100.00
2026-05-16T08:48:22.623151,80.00,81.80,100.00,100.00
2026-05-16T08:48:22.729326,81.80,81.80,100.00,100.00
2026-05-16T08:48:22.834934,72.70,81.80,100.00,100.00
2026-05-16T08:48:22.939836,81.80,80.00,100.00,100.00
2026-05-16T08:48:23.047308,81.80,75.00,100.00,100.00
2026-05-16T08:48:23.154451,80.00,81.80,100.00,100.00
2026-05-16T08:48:23.258417,81.80,77.80,100.00,100.00
2026-05-16T08:48:23.362755,81.80,83.30,100.00,100.00
2026-05-16T08:48:23.467624,70.00,70.00,100.00,100.00
2026-05-16T08:48:23.573635,75.00,90.90,100.00,100.00
2026-05-16T08:48:23.678919,72.70,83.30,100.00,100.00
2026-05-16T08:48:23.783513,70.00,80.00,100.00,100.00
2026-05-16T08:48:23.890786,72.70,76.90,100.00,100.00
2026-05-16T08:48:23.995743,72.70,87.50,100.00,100.00
2026-05-16T08:48:24.100652,75.00,84.60,100.00,100.00
2026-05-16T08:48:24.206431,70.00,80.00,100.00,100.00
2026-05-16T08:48:24.312629,83.30,81.80,100.00,100.00
2026-05-16T08:48:24.419466,75.00,80.00,100.00,100.00
2026-05-16T08:48:24.523831,70.00,81.80,100.00,100.00
2026-05-16T08:48:24.629057,80.00,80.00,100.00,100.00
2026-05-16T08:48:24.733934,72.70,81.80,100.00,100.00
2026-05-16T08:48:24.838178,72.70,75.00,100.00,100.00
2026-05-16T08:48:24.944054,66.70,77.80,100.00,100.00
2026-05-16T08:48:25.050153,70.00,72.70,100.00,100.00
2026-05-16T08:48:25.153933,72.70,75.00,100.00,100.00
2026-05-16T08:48:25.258059,72.70,66.70,100.00,100.00
2026-05-16T08:48:25.365235,75.00,81.80,100.00,100.00
2026-05-16T08:48:25.469957,66.70,70.00,100.00,100.00
2026-05-16T08:48:25.575249,66.70,70.00,100.00,100.00
2026-05-16T08:48:25.681546,76.90,75.00,100.00,100.00
2026-05-16T08:48:25.786831,70.00,66.70,100.00,100.00
2026-05-16T08:48:25.891626,54.50,63.60,100.00,100.00
2026-05-16T08:48:25.996003,44.40,44.40,100.00,100.00
2026-05-16T08:48:26.100799,50.00,55.60,100.00,100.00
2026-05-16T08:48:26.205679,54.50,61.50,100.00,100.00
2026-05-16T08:48:26.310888,50.00,55.60,100.00,100.00
2026-05-16T08:48:26.415926,50.00,50.00,100.00,100.00
2026-05-16T08:48:26.520091,50.00,60.00,100.00,100.00
2026-05-16T08:48:26.625467,54.50,44.40,100.00,100.00
2026-05-16T08:48:26.730058,50.00,54.50,100.00,100.00
2026-05-16T08:48:26.835938,58.30,60.00,100.00,100.00
2026-05-16T08:48:26.940218,50.00,54.50,100.00,100.00
2026-05-16T08:48:27.045153,50.00,55.60,100.00,100.00
2026-05-16T08:48:27.149017,44.40,54.50,100.00,100.00
2026-05-16T08:48:27.253698,54.50,55.60,100.00,100.00
2026-05-16T08:48:27.358631,54.50,58.30,100.00,100.00
2026-05-16T08:48:27.464264,60.00,60.00,100.00,100.00
2026-05-16T08:48:27.568918,58.30,55.60,100.00,100.00
2026-05-16T08:48:27.673458,50.00,63.60,100.00,100.00
2026-05-16T08:48:27.777433,55.60,50.00,100.00,100.00
2026-05-16T08:48:27.881516,54.50,63.60,100.00,100.00
2026-05-16T08:48:27.985545,54.50,63.60,100.00,100.00
2026-05-16T08:48:28.090196,60.00,60.00,100.00,100.00
2026-05-16T08:48:28.195019,40.00,63.60,100.00,100.00
2026-05-16T08:48:28.299395,50.00,60.00,100.00,100.00
2026-05-16T08:48:28.403701,50.00,60.00,100.00,100.00
2026-05-16T08:48:28.508591,50.00,54.50,100.00,100.00
2026-05-16T08:48:28.613112,44.40,60.00,100.00,100.00
2026-05-16T08:48:28.718734,54.50,50.00,100.00,100.00
2026-05-16T08:48:28.822658,54.50,60.00,100.00,100.00
2026-05-16T08:48:28.927114,50.00,54.50,100.00,100.00
2026-05-16T08:48:29.031728,50.00,50.00,100.00,100.00
2026-05-16T08:48:29.135638,44.40,60.00,100.00,100.00
2026-05-16T08:48:29.239641,50.00,55.60,100.00,100.00
2026-05-16T08:48:29.343965,50.00,63.60,100.00,100.00
2026-05-16T08:48:29.448133,50.00,63.60,100.00,100.00
2026-05-16T08:48:29.552514,44.40,66.70,100.00,100.00
2026-05-16T08:48:29.656601,45.50,66.70,100.00,100.00
2026-05-16T08:48:29.760838,54.50,60.00,100.00,100.00
2026-05-16T08:48:29.867040,70.00,75.00,100.00,100.00
2026-05-16T08:48:29.971320,60.00,70.00,100.00,100.00
2026-05-16T08:48:30.076633,63.60,70.00,100.00,100.00
2026-05-16T08:48:30.182488,63.60,66.70,100.00,100.00
2026-05-16T08:48:30.287814,70.00,62.50,100.00,100.00
2026-05-16T08:48:30.393090,63.60,63.60,100.00,100.00
2026-05-16T08:48:30.498655,63.60,70.00,100.00,100.00
2026-05-16T08:48:30.603809,66.70,72.70,100.00,100.00
2026-05-16T08:48:30.708051,72.70,70.00,100.00,100.00
2026-05-16T08:48:30.812513,63.60,63.60,100.00,100.00
2026-05-16T08:48:30.917917,63.60,63.60,100.00,100.00
2026-05-16T08:48:31.024951,66.70,70.00,100.00,100.00
2026-05-16T08:48:31.130965,70.00,63.60,100.00,100.00
2026-05-16T08:48:31.236064,75.00,80.00,100.00,100.00
2026-05-16T08:48:31.342108,63.60,70.00,100.00,100.00
2026-05-16T08:48:31.448049,70.00,63.60,100.00,100.00
2026-05-16T08:48:31.553426,63.60,81.80,100.00,100.00
2026-05-16T08:48:31.657947,70.00,75.00,100.00,100.00
2026-05-16T08:48:31.762970,72.70,75.00,100.00,100.00
2026-05-16T08:48:31.867204,70.00,70.00,100.00,100.00
2026-05-16T08:48:31.973486,63.60,75.00,100.00,100.00
2026-05-16T08:48:32.077987,70.00,81.80,100.00,100.00
2026-05-16T08:48:32.182509,63.60,80.00,100.00,100.00
2026-05-16T08:48:32.286586,60.00,72.70,100.00,100.00
2026-05-16T08:48:32.390827,70.00,72.70,100.00,100.00
2026-05-16T08:48:32.495448,58.30,72.70,100.00,100.00
2026-05-16T08:48:32.600107,63.60,72.70,100.00,100.00
2026-05-16T08:48:32.704574,66.70,72.70,100.00,100.00
2026-05-16T08:48:32.808686,60.00,66.70,100.00,100.00
2026-05-16T08:48:32.915851,60.00,70.00,100.00,100.00
2026-05-16T08:48:33.020102,66.70,72.70,100.00,100.00
2026-05-16T08:48:33.124549,66.70,75.00,100.00,100.00
2026-05-16T08:48:33.231867,61.50,72.70,100.00,100.00
2026-05-16T08:48:33.336037,55.60,60.00,100.00,100.00
2026-05-16T08:48:33.442029,66.70,72.70,100.00,100.00
2026-05-16T08:48:33.546909,66.70,72.70,100.00,100.00
2026-05-16T08:48:33.651391,63.60,81.80,100.00,100.00
2026-05-16T08:48:33.757236,70.00,63.60,100.00,100.00
2026-05-16T08:48:33.865004,75.00,80.00,100.00,100.00
2026-05-16T08:48:33.970715,75.00,83.30,100.00,100.00
2026-05-16T08:48:34.074947,80.00,80.00,100.00,100.00
2026-05-16T08:48:34.180528,76.90,80.00,100.00,100.00
2026-05-16T08:48:34.285661,77.80,81.80,100.00,100.00
2026-05-16T08:48:34.394141,83.30,83.30,100.00,100.00
2026-05-16T08:48:34.498667,83.30,77.80,100.00,100.00
2026-05-16T08:48:34.604837,80.00,90.00,100.00,100.00
2026-05-16T08:48:34.711408,81.80,90.00,100.00,100.00
2026-05-16T08:48:34.815670,81.80,84.60,100.00,100.00
2026-05-16T08:48:34.924075,83.30,88.90,100.00,100.00
2026-05-16T08:48:35.030406,81.80,81.80,100.00,100.00
2026-05-16T08:48:35.136784,81.80,81.80,100.00,100.00
2026-05-16T08:48:35.242704,90.00,90.00,100.00,100.00
2026-05-16T08:48:35.346929,80.00,100.00,100.00,100.00
2026-05-16T08:48:35.454433,72.70,90.90,100.00,100.00
2026-05-16T08:48:35.560653,81.80,83.30,100.00,100.00
2026-05-16T08:48:35.665052,80.00,80.00,100.00,100.00
2026-05-16T08:48:35.769540,72.70,81.80,100.00,100.00
2026-05-16T08:48:35.875618,81.80,90.90,100.00,100.00
2026-05-16T08:48:35.980734,75.00,80.00,100.00,100.00
2026-05-16T08:48:36.086001,81.80,83.30,100.00,100.00
2026-05-16T08:48:36.190556,81.80,81.80,100.00,100.00
2026-05-16T08:48:36.297569,81.80,80.00,100.00,100.00
2026-05-16T08:48:36.404597,83.30,81.80,100.00,100.00
2026-05-16T08:48:36.511330,81.80,88.90,100.00,100.00
2026-05-16T08:48:36.615195,80.00,83.30,100.00,100.00
2026-05-16T08:48:36.719707,83.30,72.70,100.00,100.00
2026-05-16T08:48:36.828427,81.80,90.00,100.00,100.00
2026-05-16T08:48:36.933641,81.80,91.70,100.00,100.00
2026-05-16T08:48:37.041380,70.00,90.90,100.00,100.00
2026-05-16T08:48:37.145676,80.00,90.00,100.00,100.00
2026-05-16T08:48:37.251752,63.60,90.90,100.00,100.00
2026-05-16T08:48:37.358577,81.80,90.00,100.00,100.00
2026-05-16T08:48:37.462788,90.00,90.00,100.00,100.00
2026-05-16T08:48:37.568048,77.80,81.80,100.00,100.00
2026-05-16T08:48:37.673000,76.90,83.30,100.00,100.00
2026-05-16T08:48:37.776658,44.40,63.60,100.00,100.00
2026-05-16T08:48:37.880482,11.10,0.00,100.00,100.00
2026-05-16T08:48:37.984475,30.00,0.00,100.00,100.00
2026-05-16T08:48:38.088467,11.10,11.10,100.00,100.00
2026-05-16T08:48:38.192742,20.00,22.20,100.00,100.00
2026-05-16T08:48:38.296794,12.50,11.10,100.00,100.00
2026-05-16T08:48:38.400393,20.00,12.50,100.00,100.00
2026-05-16T08:48:38.504680,11.10,0.00,100.00,100.00
2026-05-16T08:48:38.608600,12.50,12.50,100.00,100.00
2026-05-16T08:48:38.712308,20.00,22.20,100.00,100.00
2026-05-16T08:48:38.816536,20.00,11.10,100.00,100.00
2026-05-16T08:48:38.920692,20.00,0.00,100.00,100.00
2026-05-16T08:48:39.024438,22.20,22.20,100.00,100.00
2026-05-16T08:48:39.127875,12.50,12.50,100.00,100.00
2026-05-16T08:48:39.231397,20.00,11.10,100.00,100.00
2026-05-16T08:48:39.335018,22.20,12.50,100.00,100.00
2026-05-16T08:48:39.439060,27.30,20.00,100.00,100.00
2026-05-16T08:48:39.543448,30.00,33.30,100.00,100.00
2026-05-16T08:48:39.647540,11.10,11.10,100.00,100.00
2026-05-16T08:48:39.751023,11.10,12.50,100.00,100.00
2026-05-16T08:48:39.854967,20.00,11.10,100.00,100.00
2026-05-16T08:48:39.958582,11.10,0.00,100.00,100.00
2026-05-16T08:48:40.061946,20.00,11.10,100.00,100.00
2026-05-16T08:48:40.165945,0.00,20.00,100.00,100.00
2026-05-16T08:48:40.270048,30.00,0.00,100.00,100.00
2026-05-16T08:48:40.373964,11.10,11.10,100.00,100.00
2026-05-16T08:48:40.477828,0.00,11.10,100.00,100.00
2026-05-16T08:48:40.581597,20.00,0.00,100.00,100.00
2026-05-16T08:48:40.685211,11.10,12.50,100.00,100.00
2026-05-16T08:48:40.788846,20.00,11.10,100.00,100.00
2026-05-16T08:48:40.892530,11.10,20.00,100.00,100.00
2026-05-16T08:48:40.996432,0.00,0.00,100.00,100.00
2026-05-16T08:48:41.100121,20.00,0.00,100.00,100.00
2026-05-16T08:48:41.203983,20.00,0.00,100.00,100.00
2026-05-16T08:48:41.308037,11.10,11.10,100.00,100.00
2026-05-16T08:48:41.411897,0.00,12.50,100.00,100.00
2026-05-16T08:48:41.515189,27.30,11.10,100.00,100.00
2026-05-16T08:48:41.618887,11.10,11.10,100.00,100.00
2026-05-16T08:48:41.722400,11.10,0.00,100.00,100.00
2026-05-16T08:48:41.827619,54.50,54.50,100.00,100.00
2026-05-16T08:48:41.932989,45.50,63.60,100.00,100.00
2026-05-16T08:48:42.036906,55.60,66.70,100.00,100.00
2026-05-16T08:48:42.141787,50.00,60.00,100.00,100.00
2026-05-16T08:48:42.246338,54.50,63.60,100.00,100.00
2026-05-16T08:48:42.352531,60.00,70.00,100.00,100.00
2026-05-16T08:48:42.457876,50.00,54.50,100.00,100.00
2026-05-16T08:48:42.563215,58.30,63.60,100.00,100.00
2026-05-16T08:48:42.667881,55.60,63.60,100.00,100.00
2026-05-16T08:48:42.773922,60.00,55.60,100.00,100.00
2026-05-16T08:48:42.880265,58.30,58.30,100.00,100.00
2026-05-16T08:48:42.985522,60.00,60.00,100.00,100.00
2026-05-16T08:48:43.091640,60.00,66.70,100.00,100.00
2026-05-16T08:48:43.196807,63.60,60.00,100.00,100.00
2026-05-16T08:48:43.301813,70.00,63.60,100.00,100.00
2026-05-16T08:48:43.406997,60.00,66.70,100.00,100.00
2026-05-16T08:48:43.511661,60.00,60.00,100.00,100.00
2026-05-16T08:48:43.616464,54.50,63.60,100.00,100.00
2026-05-16T08:48:43.721753,63.60,60.00,100.00,100.00
2026-05-16T08:48:43.827161,63.60,63.60,100.00,100.00
2026-05-16T08:48:43.931192,63.60,63.60,100.00,100.00
2026-05-16T08:48:44.036367,63.60,60.00,100.00,100.00
2026-05-16T08:48:44.142034,63.60,70.00,100.00,100.00
2026-05-16T08:48:44.248579,60.00,63.60,100.00,100.00
2026-05-16T08:48:44.354683,63.60,63.60,100.00,100.00
2026-05-16T08:48:44.458948,60.00,60.00,100.00,100.00
2026-05-16T08:48:44.563877,58.30,72.70,100.00,100.00
2026-05-16T08:48:44.669311,58.30,60.00,100.00,100.00
2026-05-16T08:48:44.773816,60.00,63.60,100.00,100.00
2026-05-16T08:48:44.879554,75.00,63.60,100.00,100.00
2026-05-16T08:48:44.984231,45.50,70.00,100.00,100.00
2026-05-16T08:48:45.089962,60.00,66.70,100.00,100.00
2026-05-16T08:48:45.194694,55.60,70.00,100.00,100.00
2026-05-16T08:48:45.299249,60.00,70.00,100.00,100.00
2026-05-16T08:48:45.404012,54.50,72.70,100.00,100.00
2026-05-16T08:48:45.508919,63.60,63.60,100.00,100.00
2026-05-16T08:48:45.613341,54.50,70.00,100.00,100.00
2026-05-16T08:48:45.718497,72.70,54.50,100.00,100.00
2026-05-16T08:48:45.824226,80.00,90.00,100.00,100.00
2026-05-16T08:48:45.931293,90.00,91.70,100.00,100.00
2026-05-16T08:48:46.038123,90.90,90.90,100.00,100.00
2026-05-16T08:48:46.142245,90.00,88.90,100.00,100.00
2026-05-16T08:48:46.248633,81.80,100.00,100.00,100.00
2026-05-16T08:48:46.472821,91.30,95.50,100.00,100.00
2026-05-16T08:48:46.577595,66.70,75.00,81.80,22.20
2026-05-16T08:48:46.682483,83.30,81.80,81.80,22.20
2026-05-16T08:48:46.787402,72.70,70.00,84.60,22.20
2026-05-16T08:48:46.893611,70.00,72.70,83.30,22.20
2026-05-16T08:48:46.998401,81.80,81.80,90.00,30.00
2026-05-16T08:48:47.108467,75.00,75.00,83.30,22.20
2026-05-16T08:48:47.214198,77.80,81.80,90.90,22.20
2026-05-16T08:48:47.320182,75.00,81.80,90.90,22.20
2026-05-16T08:48:47.425165,80.00,80.00,81.80,22.20
2026-05-16T08:48:47.531420,72.70,72.70,91.70,20.00
2026-05-16T08:48:47.636408,75.00,72.70,80.00,22.20
2026-05-16T08:48:47.741459,70.00,83.30,83.30,22.20
2026-05-16T08:48:47.846524,72.70,60.00,80.00,30.00
2026-05-16T08:48:47.952453,81.80,81.80,83.30,20.00
2026-05-16T08:48:48.057374,72.70,81.80,83.30,22.20
2026-05-16T08:48:48.162452,80.00,80.00,90.90,12.50
2026-05-16T08:48:48.268581,70.00,83.30,84.60,30.00
2026-05-16T08:48:48.374010,83.30,80.00,90.90,22.20
2026-05-16T08:48:48.479117,75.00,75.00,90.90,22.20
2026-05-16T08:48:48.585233,75.00,80.00,80.00,22.20
2026-05-16T08:48:48.691973,77.80,81.80,91.70,22.20
2026-05-16T08:48:48.797046,75.00,72.70,81.80,22.20
2026-05-16T08:48:48.902756,80.00,75.00,83.30,27.30
2026-05-16T08:48:49.008915,72.70,77.80,83.30,12.50
2026-05-16T08:48:49.114850,70.00,83.30,90.00,30.00
2026-05-16T08:48:49.219865,80.00,75.00,90.90,22.20
2026-05-16T08:48:49.324590,75.00,80.00,83.30,22.20
2026-05-16T08:48:49.428972,72.70,72.70,81.80,22.20
2026-05-16T08:48:49.534020,72.70,80.00,91.70,22.20
2026-05-16T08:48:49.639721,80.00,75.00,81.80,30.00
2026-05-16T08:48:49.743701,70.00,70.00,81.80,30.00
2026-05-16T08:48:49.847457,20.00,22.20,22.20,11.10
2026-05-16T08:48:49.951730,0.00,11.10,11.10,18.20
2026-05-16T08:48:50.055111,27.30,11.10,11.10,11.10
2026-05-16T08:48:50.158254,0.00,11.10,12.50,10.00
2026-05-16T08:48:50.261516,11.10,0.00,11.10,11.10
2026-05-16T08:48:50.365640,11.10,0.00,12.50,10.00
2026-05-16T08:48:50.469423,11.10,12.50,20.00,20.00
2026-05-16T08:48:50.572901,12.50,20.00,12.50,10.00
2026-05-16T08:48:50.676462,20.00,0.00,20.00,11.10
2026-05-16T08:48:50.780050,11.10,22.20,20.00,10.00
2026-05-16T08:48:50.884450,20.00,11.10,0.00,10.00
2026-05-16T08:48:50.987964,0.00,11.10,11.10,11.10
2026-05-16T08:48:51.091430,20.00,0.00,20.00,18.20
2026-05-16T08:48:51.195064,12.50,11.10,0.00,20.00
2026-05-16T08:48:51.298459,11.10,22.20,0.00,11.10
2026-05-16T08:48:51.402128,11.10,11.10,22.20,18.20
2026-05-16T08:48:51.506428,22.20,11.10,11.10,11.10
2026-05-16T08:48:51.610553,11.10,0.00,12.50,11.10
2026-05-16T08:48:51.714102,12.50,22.20,11.10,18.20
2026-05-16T08:48:51.873699,21.40,15.40,42.90,26.70
2026-05-16T08:48:51.977170,12.50,22.20,100.00,18.20
2026-05-16T08:48:52.080833,22.20,30.00,100.00,11.10
2026-05-16T08:48:52.184799,12.50,0.00,100.00,11.10
2026-05-16T08:48:52.288543,11.10,22.20,100.00,18.20
2026-05-16T08:48:52.393086,30.00,12.50,100.00,11.10
2026-05-16T08:48:52.496986,0.00,22.20,100.00,10.00
2026-05-16T08:48:52.601155,12.50,0.00,100.00,20.00
2026-05-16T08:48:52.704680,22.20,30.00,100.00,18.20
2026-05-16T08:48:52.808575,12.50,22.20,100.00,11.10
2026-05-16T08:48:53.251382,48.70,41.20,72.10,42.90
2026-05-16T08:48:53.356065,22.20,36.40,100.00,11.10
2026-05-16T08:48:53.460283,12.50,12.50,100.00,25.00
2026-05-16T08:48:53.564950,25.00,12.50,100.00,20.00
2026-05-16T08:48:53.668320,22.20,25.00,100.00,11.10
2026-05-16T08:48:53.773348,45.50,40.00,100.00,27.30
2026-05-16T08:48:53.878520,44.40,50.00,100.00,11.10
2026-05-16T08:48:53.983790,60.00,63.60,100.00,20.00
2026-05-16T08:48:54.088424,54.50,55.60,100.00,22.20
2026-05-16T08:48:54.192783,55.60,54.50,100.00,11.10
2026-05-16T08:48:54.297017,55.60,63.60,100.00,27.30
2026-05-16T08:48:54.402548,54.50,60.00,100.00,27.30
2026-05-16T08:48:54.506854,60.00,60.00,100.00,20.00
2026-05-16T08:48:54.611440,63.60,55.60,100.00,22.20
2026-05-16T08:48:54.715392,63.60,58.30,100.00,20.00
2026-05-16T08:48:54.820633,50.00,60.00,100.00,11.10
2026-05-16T08:48:54.924960,63.60,55.60,100.00,20.00
2026-05-16T08:48:55.029547,55.60,63.60,100.00,11.10
2026-05-16T08:48:55.133844,63.60,50.00,100.00,20.00
2026-05-16T08:48:55.237998,60.00,63.60,100.00,27.30
2026-05-16T08:48:55.342440,54.50,55.60,100.00,11.10
2026-05-16T08:48:55.447017,63.60,54.50,100.00,27.30
2026-05-16T08:48:55.551572,54.50,63.60,100.00,20.00
2026-05-16T08:48:55.657122,60.00,60.00,100.00,11.10
2026-05-16T08:48:55.761403,63.60,60.00,100.00,20.00
2026-05-16T08:48:55.865647,50.00,54.50,100.00,20.00
2026-05-16T08:48:55.970222,60.00,72.70,100.00,30.00
2026-05-16T08:48:56.074774,60.00,50.00,100.00,11.10
2026-05-16T08:48:56.179428,63.60,60.00,100.00,30.00
2026-05-16T08:48:56.283728,54.50,55.60,100.00,11.10
2026-05-16T08:48:56.388598,63.60,63.60,100.00,11.10
2026-05-16T08:48:56.526355,64.30,64.30,100.00,38.50
2026-05-16T08:48:56.631712,55.60,63.60,100.00,100.00
2026-05-16T08:48:56.736095,60.00,60.00,100.00,100.00
2026-05-16T08:48:56.841102,63.60,60.00,100.00,100.00
2026-05-16T08:48:56.946159,60.00,60.00,100.00,100.00
2026-05-16T08:48:57.050942,54.50,63.60,100.00,100.00
2026-05-16T08:48:57.155731,60.00,61.50,100.00,100.00
2026-05-16T08:48:57.261013,54.50,63.60,100.00,100.00
2026-05-16T08:48:57.366050,50.00,66.70,100.00,100.00
2026-05-16T08:48:57.470643,63.60,63.60,100.00,100.00
2026-05-16T08:48:57.575220,54.50,60.00,100.00,100.00
2026-05-16T08:48:57.680043,50.00,60.00,100.00,100.00
2026-05-16T08:48:57.788283,80.00,80.00,100.00,100.00
2026-05-16T08:48:57.971120,94.70,95.00,100.00,100.00
2026-05-16T08:48:58.078700,90.00,100.00,100.00,100.00
2026-05-16T08:48:58.186394,83.30,91.70,100.00,100.00
2026-05-16T08:48:58.293448,88.90,91.70,91.70,100.00
2026-05-16T08:48:58.400127,80.00,83.30,90.90,100.00
2026-05-16T08:48:58.505183,81.80,90.90,90.00,100.00
2026-05-16T08:48:58.610778,81.80,80.00,90.90,100.00
2026-05-16T08:48:58.715932,81.80,90.90,90.90,100.00
2026-05-16T08:48:58.822956,80.00,90.90,84.60,100.00
2026-05-16T08:48:58.927519,83.30,84.60,90.90,100.00
2026-05-16T08:48:59.037965,80.00,80.00,83.30,100.00
2026-05-16T08:48:59.142847,80.00,83.30,90.00,100.00
2026-05-16T08:48:59.248122,81.80,90.00,91.70,100.00
2026-05-16T08:48:59.355551,81.80,90.90,91.70,100.00
2026-05-16T08:48:59.460634,83.30,83.30,83.30,100.00
2026-05-16T08:48:59.567828,80.00,90.00,90.00,100.00
2026-05-16T08:48:59.672986,81.80,84.60,90.00,100.00
2026-05-16T08:48:59.779813,80.00,80.00,83.30,100.00
2026-05-16T08:48:59.884611,81.80,90.90,91.70,100.00
2026-05-16T08:48:59.991645,75.00,81.80,81.80,100.00
2026-05-16T08:49:00.100868,81.80,81.80,90.90,100.00
2026-05-16T08:49:00.205526,80.00,83.30,91.70,100.00
2026-05-16T08:49:00.311929,81.80,81.80,90.90,100.00
2026-05-16T08:49:00.420152,81.80,90.00,84.60,100.00
2026-05-16T08:49:00.526189,80.00,83.30,90.90,100.00
2026-05-16T08:49:00.635312,83.30,90.90,100.00,100.00
2026-05-16T08:49:00.741641,80.00,90.90,90.90,100.00
2026-05-16T08:49:00.851886,84.60,83.30,84.60,100.00
2026-05-16T08:49:00.957138,75.00,83.30,83.30,100.00
2026-05-16T08:49:01.063345,75.00,80.00,90.90,100.00
2026-05-16T08:49:01.168915,72.70,81.80,83.30,100.00
2026-05-16T08:49:01.274485,81.80,80.00,90.00,100.00
2026-05-16T08:49:01.380695,81.80,81.80,83.30,100.00
2026-05-16T08:49:01.488026,81.80,90.90,83.30,100.00
2026-05-16T08:49:01.593045,75.00,81.80,90.90,100.00
2026-05-16T08:49:01.699569,80.00,81.80,91.70,100.00
2026-05-16T08:49:01.806587,81.80,90.00,81.80,100.00
2026-05-16T08:49:01.911783,75.00,83.30,90.90,100.00
2026-05-16T08:49:02.020059,80.00,90.00,90.90,100.00
2026-05-16T08:49:02.126216,83.30,91.70,90.90,100.00
2026-05-16T08:49:02.231998,77.80,81.80,83.30,100.00
2026-05-16T08:49:02.337303,72.70,80.00,83.30,100.00
2026-05-16T08:49:02.447903,83.30,80.00,90.90,100.00
2026-05-16T08:49:02.554461,80.00,83.30,83.30,100.00
2026-05-16T08:49:02.659461,81.80,83.30,100.00,100.00
2026-05-16T08:49:02.764878,72.70,81.80,81.80,100.00
2026-05-16T08:49:02.873123,72.70,81.80,84.60,100.00
2026-05-16T08:49:02.979425,80.00,90.90,88.90,100.00
2026-05-16T08:49:03.087289,80.00,84.60,91.70,100.00
2026-05-16T08:49:03.192626,76.90,80.00,84.60,100.00
2026-05-16T08:49:03.297984,80.00,81.80,90.00,100.00
2026-05-16T08:49:03.404922,76.90,80.00,83.30,100.00
2026-05-16T08:49:03.509374,77.80,83.30,80.00,100.00
2026-05-16T08:49:03.616835,75.00,83.30,90.90,100.00
2026-05-16T08:49:03.722805,83.30,83.30,83.30,100.00
2026-05-16T08:49:03.829154,77.80,90.00,90.90,100.00
2026-05-16T08:49:03.937042,75.00,83.30,84.60,100.00
2026-05-16T08:49:04.043974,80.00,91.70,90.00,100.00
2026-05-16T08:49:04.151041,81.80,81.80,83.30,100.00
2026-05-16T08:49:04.257848,81.80,81.80,90.90,100.00
2026-05-16T08:49:04.364432,75.00,83.30,90.90,100.00
2026-05-16T08:49:04.476090,81.80,90.90,90.90,100.00
2026-05-16T08:49:04.584296,81.80,84.60,91.70,100.00
2026-05-16T08:49:04.689874,81.80,90.00,83.30,100.00
2026-05-16T08:49:04.795852,80.00,80.00,90.00,100.00
2026-05-16T08:49:04.901412,72.70,83.30,83.30,100.00
2026-05-16T08:49:05.007414,75.00,81.80,83.30,100.00
2026-05-16T08:49:05.113416,81.80,90.90,90.90,100.00
2026-05-16T08:49:05.219597,81.80,83.30,90.90,100.00
2026-05-16T08:49:05.327202,81.80,80.00,83.30,100.00
2026-05-16T08:49:05.434797,77.80,84.60,83.30,100.00
2026-05-16T08:49:05.540592,76.90,81.80,90.00,100.00
2026-05-16T08:49:05.646820,81.80,81.80,84.60,100.00
2026-05-16T08:49:05.751460,81.80,83.30,90.90,100.00
2026-05-16T08:49:05.856689,60.00,70.00,75.00,100.00
2026-05-16T08:49:05.961872,75.00,80.00,75.00,100.00
2026-05-16T08:49:06.066617,70.00,66.70,75.00,100.00
2026-05-16T08:49:06.171854,63.60,72.70,80.00,100.00
2026-05-16T08:49:06.277139,72.70,72.70,70.00,100.00
2026-05-16T08:49:06.382862,63.60,69.20,76.90,100.00
2026-05-16T08:49:06.487852,70.00,80.00,75.00,100.00
2026-05-16T08:49:06.638357,70.60,75.00,80.00,100.00
2026-05-16T08:49:06.742846,63.60,72.70,75.00,20.00
2026-05-16T08:49:06.847677,70.00,60.00,75.00,22.20
2026-05-16T08:49:06.952398,69.20,63.60,70.00,12.50
2026-05-16T08:49:07.056899,70.00,72.70,75.00,20.00
2026-05-16T08:49:07.161219,72.70,70.00,75.00,12.50
2026-05-16T08:49:07.267091,66.70,63.60,72.70,30.00
2026-05-16T08:49:07.371936,70.00,72.70,81.80,30.00
2026-05-16T08:49:07.476826,66.70,70.00,75.00,30.00
2026-05-16T08:49:07.581572,63.60,70.00,80.00,11.10
2026-05-16T08:49:07.686792,72.70,66.70,75.00,22.20
2026-05-16T08:49:07.791438,60.00,66.70,75.00,30.00
2026-05-16T08:49:07.895676,72.70,66.70,75.00,20.00
2026-05-16T08:49:07.999980,60.00,60.00,72.70,12.50
2026-05-16T08:49:08.106170,66.70,66.70,72.70,20.00
2026-05-16T08:49:08.211692,70.00,66.70,75.00,22.20
2026-05-16T08:49:08.315665,63.60,63.60,72.70,11.10
2026-05-16T08:49:08.420227,70.00,70.00,75.00,30.00
2026-05-16T08:49:08.525677,63.60,63.60,75.00,20.00
2026-05-16T08:49:08.631119,70.00,70.00,72.70,22.20
2026-05-16T08:49:08.735813,63.60,63.60,75.00,20.00
2026-05-16T08:49:08.841428,60.00,70.00,72.70,30.00
2026-05-16T08:49:08.946090,70.00,66.70,81.80,12.50
2026-05-16T08:49:09.050792,72.70,72.70,72.70,20.00
2026-05-16T08:49:09.156148,63.60,63.60,76.90,22.20
2026-05-16T08:49:09.261073,70.00,72.70,77.80,22.20
2026-05-16T08:49:09.366157,66.70,75.00,75.00,22.20
2026-05-16T08:49:09.470909,70.00,60.00,75.00,27.30
2026-05-16T08:49:09.575335,70.00,66.70,72.70,22.20
2026-05-16T08:49:09.681101,60.00,72.70,76.90,12.50
2026-05-16T08:49:09.784340,50.00,45.50,60.00,20.00
2026-05-16T08:49:09.887824,12.50,22.20,22.20,10.00
2026-05-16T08:49:09.991365,20.00,12.50,20.00,10.00
2026-05-16T08:49:10.095146,12.50,20.00,12.50,11.10
2026-05-16T08:49:10.198984,20.00,12.50,22.20,20.00
2026-05-16T08:49:10.302942,22.20,22.20,12.50,18.20
2026-05-16T08:49:10.406781,0.00,20.00,12.50,20.00
2026-05-16T08:49:10.510949,22.20,12.50,20.00,11.10
2026-05-16T08:49:10.614595,22.20,11.10,25.00,10.00
2026-05-16T08:49:10.718687,11.10,0.00,22.20,11.10
2026-05-16T08:49:10.822912,11.10,22.20,11.10,10.00
2026-05-16T08:49:10.926944,22.20,20.00,12.50,11.10
2026-05-16T08:49:11.030309,22.20,22.20,22.20,25.00
2026-05-16T08:49:11.134025,11.10,20.00,12.50,11.10
2026-05-16T08:49:11.237703,22.20,0.00,22.20,20.00
2026-05-16T08:49:11.341139,11.10,20.00,11.10,11.10
2026-05-16T08:49:11.445091,30.00,12.50,22.20,10.00
2026-05-16T08:49:11.549210,11.10,20.00,12.50,20.00
2026-05-16T08:49:11.652871,12.50,12.50,22.20,11.10
2026-05-16T08:49:11.756327,20.00,12.50,12.50,11.10
2026-05-16T08:49:11.923934,28.60,33.30,43.80,27.80
2026-05-16T08:49:12.028307,14.30,40.00,100.00,20.00
2026-05-16T08:49:12.132070,30.00,12.50,100.00,20.00
2026-05-16T08:49:12.235435,22.20,33.30,100.00,10.00
2026-05-16T08:49:12.338920,40.00,33.30,100.00,11.10
2026-05-16T08:49:12.442947,22.20,22.20,100.00,11.10
2026-05-16T08:49:12.546730,12.50,25.00,100.00,25.00
2026-05-16T08:49:12.650697,25.00,25.00,100.00,11.10
2026-05-16T08:49:12.754422,36.40,33.30,100.00,11.10
2026-05-16T08:49:12.859032,22.20,22.20,100.00,10.00
2026-05-16T08:49:12.963021,25.00,12.50,100.00,11.10
2026-05-16T08:49:13.067708,30.00,33.30,100.00,18.20
2026-05-16T08:49:13.171408,30.00,12.50,100.00,20.00
2026-05-16T08:49:13.276094,25.00,40.00,100.00,10.00
2026-05-16T08:49:13.380006,14.30,14.30,100.00,11.10
2026-05-16T08:49:13.484270,22.20,40.00,100.00,27.30
2026-05-16T08:49:13.588338,25.00,30.00,100.00,18.20
2026-05-16T08:49:13.692355,12.50,25.00,100.00,11.10
2026-05-16T08:49:13.797421,66.70,66.70,100.00,11.10
2026-05-16T08:49:13.961321,88.20,88.90,100.00,46.70
2026-05-16T08:49:14.066791,76.90,77.80,90.00,20.00
2026-05-16T08:49:14.171972,77.80,75.00,81.80,22.20
2026-05-16T08:49:14.276803,72.70,81.80,81.80,30.00
2026-05-16T08:49:14.381478,72.70,72.70,83.30,12.50
2026-05-16T08:49:14.486614,75.00,72.70,81.80,30.00
2026-05-16T08:49:14.592446,80.00,75.00,83.30,22.20
2026-05-16T08:49:14.697724,75.00,81.80,81.80,30.00
2026-05-16T08:49:14.802834,80.00,70.00,90.00,30.00
2026-05-16T08:49:14.908216,72.70,81.80,75.00,22.20
2026-05-16T08:49:15.013234,75.00,72.70,91.70,20.00
2026-05-16T08:49:15.119415,80.00,75.00,77.80,22.20
2026-05-16T08:49:15.226886,72.70,83.30,84.60,30.00
2026-05-16T08:49:15.331865,70.00,70.00,84.60,22.20
2026-05-16T08:49:15.436915,81.80,81.80,88.90,22.20
2026-05-16T08:49:15.542835,72.70,77.80,81.80,22.20
2026-05-16T08:49:15.647430,72.70,76.90,84.60,22.20
2026-05-16T08:49:15.753028,80.00,81.80,90.90,22.20
2026-05-16T08:49:15.858354,66.70,70.00,83.30,12.50
2026-05-16T08:49:15.964014,72.70,81.80,90.90,45.50
2026-05-16T08:49:16.068945,81.80,80.00,83.30,20.00
2026-05-16T08:49:16.175052,72.70,75.00,80.00,22.20
2026-05-16T08:49:16.280443,70.00,77.80,83.30,22.20
2026-05-16T08:49:16.386957,80.00,83.30,90.90,22.20
2026-05-16T08:49:16.492883,81.80,83.30,81.80,22.20
2026-05-16T08:49:16.599209,72.70,72.70,83.30,22.20
2026-05-16T08:49:16.708377,81.80,80.00,84.60,22.20
2026-05-16T08:49:16.813379,70.00,78.60,90.00,22.20
2026-05-16T08:49:16.918450,66.70,80.00,84.60,22.20
2026-05-16T08:49:17.024095,80.00,81.80,80.00,22.20
2026-05-16T08:49:17.129532,76.90,72.70,83.30,11.10
2026-05-16T08:49:17.236086,75.00,75.00,90.90,45.50
2026-05-16T08:49:17.340685,80.00,80.00,83.30,11.10
2026-05-16T08:49:17.445751,66.70,72.70,80.00,22.20
2026-05-16T08:49:17.550910,72.70,83.30,84.60,22.20
2026-05-16T08:49:17.656010,81.80,72.70,90.90,22.20
2026-05-16T08:49:17.760776,63.60,70.00,72.70,22.20
2026-05-16T08:49:17.865210,60.00,55.60,66.70,20.00
2026-05-16T08:49:17.969854,63.60,54.50,72.70,22.20
2026-05-16T08:49:18.074712,60.00,55.60,69.20,20.00
2026-05-16T08:49:18.178830,50.00,63.60,72.70,27.30
2026-05-16T08:49:18.283244,63.60,54.50,66.70,22.20
2026-05-16T08:49:18.387609,60.00,60.00,66.70,11.10
2026-05-16T08:49:18.492178,54.50,60.00,72.70,22.20
2026-05-16T08:49:18.596733,55.60,50.00,66.70,20.00
2026-05-16T08:49:18.701848,63.60,63.60,63.60,30.00
2026-05-16T08:49:18.806660,63.60,55.60,72.70,12.50
2026-05-16T08:49:18.912161,54.50,63.60,69.20,11.10
2026-05-16T08:49:19.017693,55.60,54.50,66.70,20.00
2026-05-16T08:49:19.122380,60.00,60.00,66.70,22.20
2026-05-16T08:49:19.227401,58.30,60.00,66.70,20.00
2026-05-16T08:49:19.332263,60.00,54.50,66.70,20.00
2026-05-16T08:49:19.436549,58.30,63.60,63.60,30.00
2026-05-16T08:49:19.541142,63.60,54.50,66.70,11.10
2026-05-16T08:49:19.646191,50.00,60.00,72.70,22.20
2026-05-16T08:49:19.750785,66.70,60.00,63.60,30.00
2026-05-16T08:49:19.855634,50.00,54.50,63.60,11.10
2026-05-16T08:49:19.960677,63.60,60.00,70.00,11.10
2026-05-16T08:49:20.065686,54.50,63.60,66.70,22.20
2026-05-16T08:49:20.171702,60.00,58.30,69.20,20.00
2026-05-16T08:49:20.277461,50.00,50.00,63.60,20.00
2026-05-16T08:49:20.381989,60.00,58.30,66.70,20.00
2026-05-16T08:49:20.486689,60.00,60.00,63.60,22.20
2026-05-16T08:49:20.592013,50.00,60.00,72.70,20.00
2026-05-16T08:49:20.696987,66.70,60.00,69.20,12.50
2026-05-16T08:49:20.802867,55.60,58.30,70.00,20.00
2026-05-16T08:49:20.908056,54.50,63.60,66.70,30.00
2026-05-16T08:49:21.013225,66.70,60.00,72.70,11.10
2026-05-16T08:49:21.118712,55.60,63.60,66.70,20.00
2026-05-16T08:49:21.223568,54.50,54.50,63.60,22.20
2026-05-16T08:49:21.328111,70.00,63.60,75.00,27.30
2026-05-16T08:49:21.432632,54.50,55.60,60.00,12.50
2026-05-16T08:49:21.536741,63.60,63.60,69.20,22.20
2026-05-16T08:49:21.641328,60.00,54.50,70.00,27.30
2026-05-16T08:49:21.745960,60.00,50.00,66.70,20.00
2026-05-16T08:49:21.850582,54.50,63.60,70.00,30.00
2026-05-16T08:49:21.955141,60.00,63.60,66.70,20.00
2026-05-16T08:49:22.059872,66.70,63.60,75.00,12.50
2026-05-16T08:49:22.165953,55.60,63.60,63.60,30.00
2026-05-16T08:49:22.270645,63.60,63.60,72.70,20.00
2026-05-16T08:49:22.375042,60.00,60.00,66.70,22.20
2026-05-16T08:49:22.479726,63.60,54.50,66.70,11.10
2026-05-16T08:49:22.583956,54.50,63.60,63.60,22.20
2026-05-16T08:49:22.688544,63.60,63.60,72.70,20.00
2026-05-16T08:49:22.793636,63.60,60.00,72.70,22.20
2026-05-16T08:49:22.898399,60.00,63.60,69.20,20.00
2026-05-16T08:49:23.003410,63.60,60.00,72.70,22.20
2026-05-16T08:49:23.107637,60.00,54.50,60.00,11.10
2026-05-16T08:49:23.212653,55.60,60.00,63.60,22.20
2026-05-16T08:49:23.317681,55.60,60.00,75.00,30.00
2026-05-16T08:49:23.422226,55.60,60.00,63.60,22.20
2026-05-16T08:49:23.527421,58.30,66.70,63.60,11.10
2026-05-16T08:49:23.632633,60.00,63.60,75.00,20.00
2026-05-16T08:49:23.737472,66.70,50.00,69.20,36.40
2026-05-16T08:49:23.842858,63.60,60.00,72.70,12.50
2026-05-16T08:49:23.948003,66.70,66.70,66.70,22.20
2026-05-16T08:49:24.052679,60.00,66.70,70.00,20.00
2026-05-16T08:49:24.157201,63.60,54.50,66.70,22.20
2026-05-16T08:49:24.261688,54.50,63.60,70.00,11.10
2026-05-16T08:49:24.366037,60.00,55.60,66.70,22.20
2026-05-16T08:49:24.470646,60.00,58.30,63.60,11.10
2026-05-16T08:49:24.575948,66.70,55.60,75.00,20.00
2026-05-16T08:49:24.681924,60.00,66.70,66.70,11.10
2026-05-16T08:49:24.786422,54.50,55.60,60.00,30.00
2026-05-16T08:49:24.891882,63.60,54.50,72.70,20.00
2026-05-16T08:49:24.996026,60.00,60.00,69.20,27.30
2026-05-16T08:49:25.100667,63.60,54.50,72.70,12.50
2026-05-16T08:49:25.206155,63.60,60.00,60.00,20.00
2026-05-16T08:49:25.311199,63.60,63.60,66.70,30.00
2026-05-16T08:49:25.417175,54.50,63.60,72.70,11.10
2026-05-16T08:49:25.521978,60.00,63.60,60.00,30.00
2026-05-16T08:49:25.626718,55.60,42.90,69.20,20.00
2026-05-16T08:49:25.731007,58.30,58.30,72.70,22.20
2026-05-16T08:49:25.836406,70.00,72.70,75.00,12.50
2026-05-16T08:49:25.942876,75.00,72.70,81.80,27.30
2026-05-16T08:49:26.047946,72.70,70.00,81.80,33.30
2026-05-16T08:49:26.152961,72.70,66.70,84.60,22.20
2026-05-16T08:49:26.258681,70.00,75.00,70.00,20.00
2026-05-16T08:49:26.364488,72.70,72.70,81.80,22.20
2026-05-16T08:49:26.469532,72.70,77.80,83.30,22.20
2026-05-16T08:49:26.575023,80.00,72.70,81.80,30.00
2026-05-16T08:49:26.681209,70.00,81.80,84.60,22.20
2026-05-16T08:49:26.787942,70.00,75.00,80.00,22.20
2026-05-16T08:49:26.893136,70.00,66.70,76.90,22.20
2026-05-16T08:49:26.998363,70.00,75.00,83.30,11.10
2026-05-16T08:49:27.104525,72.70,72.70,80.00,30.00
2026-05-16T08:49:27.210205,72.70,72.70,75.00,30.00
2026-05-16T08:49:27.315217,72.70,75.00,81.80,22.20
2026-05-16T08:49:27.420815,72.70,80.00,83.30,30.00
2026-05-16T08:49:27.525637,72.70,70.00,80.00,22.20
2026-05-16T08:49:27.631316,72.70,75.00,81.80,22.20
2026-05-16T08:49:27.736263,72.70,72.70,83.30,11.10
2026-05-16T08:49:27.842473,72.70,70.00,72.70,22.20
2026-05-16T08:49:27.948207,62.50,70.00,83.30,12.50
2026-05-16T08:49:28.053855,75.00,72.70,80.00,22.20
2026-05-16T08:49:28.158954,72.70,75.00,84.60,27.30
2026-05-16T08:49:28.263952,75.00,70.00,72.70,22.20
2026-05-16T08:49:28.368560,72.70,72.70,90.90,22.20
2026-05-16T08:49:28.473461,70.00,72.70,72.70,12.50
2026-05-16T08:49:28.578410,70.00,72.70,75.00,20.00
2026-05-16T08:49:28.683984,75.00,66.70,83.30,30.00
2026-05-16T08:49:28.788410,70.00,72.70,70.00,22.20
2026-05-16T08:49:28.893267,72.70,70.00,81.80,20.00
2026-05-16T08:49:28.998744,70.00,72.70,83.30,22.20
2026-05-16T08:49:29.105412,76.90,75.00,81.80,30.00
2026-05-16T08:49:29.211683,72.70,80.00,83.30,22.20
2026-05-16T08:49:29.316791,72.70,75.00,83.30,22.20
2026-05-16T08:49:29.421962,80.00,80.00,81.80,22.20
2026-05-16T08:49:29.526926,66.70,72.70,72.70,30.00
2026-05-16T08:49:29.632113,72.70,72.70,83.30,22.20
2026-05-16T08:49:29.736740,70.00,70.00,83.30,30.00
2026-05-16T08:49:29.861737,10.00,10.00,10.00,15.40
2026-05-16T08:49:29.964937,27.30,10.00,0.00,100.00
2026-05-16T08:49:30.068234,10.00,11.10,0.00,100.00
2026-05-16T08:49:30.172462,11.10,10.00,20.00,100.00
2026-05-16T08:49:30.276129,0.00,0.00,0.00,100.00
2026-05-16T08:49:30.379687,25.00,0.00,0.00,100.00
2026-05-16T08:49:30.482932,11.10,11.10,11.10,100.00
2026-05-16T08:49:30.586206,11.10,11.10,11.10,100.00
2026-05-16T08:49:30.689707,0.00,0.00,0.00,100.00
2026-05-16T08:49:30.793024,20.00,20.00,0.00,100.00
2026-05-16T08:49:30.896530,11.10,0.00,0.00,100.00
2026-05-16T08:49:30.999755,10.00,11.10,11.10,100.00
2026-05-16T08:49:31.102927,11.10,0.00,11.10,100.00
2026-05-16T08:49:31.206547,0.00,11.10,0.00,100.00
2026-05-16T08:49:31.310583,0.00,11.10,11.10,100.00
2026-05-16T08:49:31.413911,20.00,0.00,0.00,100.00
2026-05-16T08:49:31.517240,18.20,0.00,11.10,100.00
2026-05-16T08:49:31.620795,11.10,11.10,0.00,100.00
2026-05-16T08:49:31.724048,11.10,0.00,0.00,100.00
2026-05-16T08:49:31.888269,26.70,21.40,47.10,100.00
2026-05-16T08:49:31.992300,0.00,11.10,100.00,100.00
2026-05-16T08:49:32.096603,27.30,22.20,100.00,100.00
2026-05-16T08:49:32.200626,0.00,11.10,100.00,100.00
2026-05-16T08:49:32.304377,20.00,11.10,100.00,100.00
2026-05-16T08:49:32.408385,20.00,12.50,100.00,100.00
2026-05-16T08:49:32.512545,11.10,11.10,100.00,100.00
2026-05-16T08:49:32.616113,20.00,11.10,100.00,100.00
2026-05-16T08:49:32.720411,11.10,0.00,100.00,100.00
2026-05-16T08:49:32.824220,20.00,20.00,100.00,100.00
2026-05-16T08:49:32.927989,11.10,0.00,100.00,100.00
2026-05-16T08:49:33.031829,0.00,0.00,100.00,100.00
2026-05-16T08:49:33.135991,11.10,22.20,100.00,100.00
2026-05-16T08:49:33.240073,22.20,0.00,100.00,100.00
2026-05-16T08:49:33.343891,11.10,22.20,100.00,100.00
2026-05-16T08:49:33.447496,11.10,11.10,100.00,100.00
2026-05-16T08:49:33.551538,11.10,0.00,100.00,100.00
2026-05-16T08:49:33.655904,27.30,22.20,100.00,100.00
2026-05-16T08:49:33.760082,11.10,12.50,100.00,100.00
2026-05-16T08:49:33.864795,40.00,40.00,100.00,100.00
2026-05-16T08:49:33.968654,25.00,25.00,100.00,100.00
2026-05-16T08:49:34.073367,40.00,45.50,100.00,100.00
2026-05-16T08:49:34.177395,22.20,14.30,100.00,100.00
2026-05-16T08:49:34.281750,25.00,22.20,100.00,100.00
2026-05-16T08:49:34.385853,22.20,33.30,100.00,100.00
2026-05-16T08:49:34.490260,33.30,33.30,100.00,100.00
2026-05-16T08:49:34.594635,22.20,25.00,100.00,100.00
2026-05-16T08:49:34.699479,45.50,25.00,100.00,100.00
2026-05-16T08:49:34.803892,12.50,40.00,100.00,100.00
2026-05-16T08:49:34.908451,33.30,33.30,100.00,100.00
2026-05-16T08:49:35.012790,33.30,25.00,100.00,100.00
2026-05-16T08:49:35.116985,22.20,33.30,100.00,100.00
2026-05-16T08:49:35.222430,33.30,25.00,100.00,100.00
2026-05-16T08:49:35.326915,40.00,44.40,100.00,100.00
2026-05-16T08:49:35.431576,25.00,40.00,100.00,100.00
2026-05-16T08:49:35.535937,22.20,25.00,100.00,100.00
2026-05-16T08:49:35.641131,25.00,25.00,100.00,100.00
2026-05-16T08:49:35.745958,33.30,25.00,100.00,100.00
2026-05-16T08:49:35.850801,30.00,25.00,100.00,100.00
2026-05-16T08:49:35.955754,40.00,33.30,100.00,100.00
2026-05-16T08:49:36.059948,37.50,50.00,100.00,100.00
2026-05-16T08:49:36.164227,30.00,25.00,100.00,100.00
2026-05-16T08:49:36.268641,12.50,25.00,100.00,100.00
2026-05-16T08:49:36.373048,33.30,40.00,100.00,100.00
2026-05-16T08:49:36.477437,33.30,40.00,100.00,100.00
2026-05-16T08:49:36.581831,30.00,33.30,100.00,100.00
2026-05-16T08:49:36.685999,12.50,22.20,100.00,100.00
2026-05-16T08:49:36.790513,30.00,25.00,100.00,100.00
2026-05-16T08:49:36.894428,22.20,22.20,100.00,100.00
2026-05-16T08:49:36.999079,22.20,33.30,100.00,100.00
2026-05-16T08:49:37.103116,25.00,22.20,100.00,100.00
2026-05-16T08:49:37.207487,22.20,25.00,100.00,100.00
2026-05-16T08:49:37.312173,30.00,33.30,100.00,100.00
2026-05-16T08:49:37.417067,33.30,28.60,100.00,100.00
2026-05-16T08:49:37.521641,33.30,33.30,100.00,100.00
2026-05-16T08:49:37.625663,25.00,40.00,100.00,100.00
2026-05-16T08:49:37.730510,22.20,25.00,100.00,100.00
2026-05-16T08:49:37.835490,63.60,75.00,100.00,100.00
2026-05-16T08:49:37.942655,50.00,66.70,100.00,100.00
2026-05-16T08:49:38.047640,60.00,72.70,100.00,100.00
2026-05-16T08:49:38.152958,54.50,63.60,100.00,100.00
2026-05-16T08:49:38.257641,60.00,72.70,100.00,100.00
2026-05-16T08:49:38.362431,55.60,72.70,100.00,100.00
2026-05-16T08:49:38.467663,54.50,72.70,100.00,100.00
2026-05-16T08:49:38.573441,63.60,66.70,100.00,100.00
2026-05-16T08:49:38.678495,55.60,72.70,100.00,100.00
2026-05-16T08:49:38.783467,70.00,70.00,100.00,100.00
2026-05-16T08:49:38.888162,63.60,54.50,100.00,100.00
2026-05-16T08:49:38.994227,70.00,60.00,100.00,100.00
2026-05-16T08:49:39.099737,63.60,63.60,100.00,100.00
2026-05-16T08:49:39.205105,66.70,66.70,100.00,100.00
2026-05-16T08:49:39.310560,70.00,66.70,100.00,100.00
2026-05-16T08:49:39.415092,60.00,55.60,100.00,100.00
2026-05-16T08:49:39.520501,66.70,66.70,100.00,100.00
2026-05-16T08:49:39.625217,70.00,70.00,100.00,100.00
2026-05-16T08:49:39.731088,63.60,60.00,100.00,100.00
2026-05-16T08:49:39.836511,63.60,58.30,100.00,100.00
2026-05-16T08:49:39.941461,60.00,63.60,100.00,100.00
2026-05-16T08:49:40.047054,60.00,50.00,100.00,100.00
2026-05-16T08:49:40.153417,50.00,60.00,100.00,100.00
2026-05-16T08:49:40.259838,63.60,60.00,100.00,100.00
2026-05-16T08:49:40.364083,63.60,63.60,100.00,100.00
2026-05-16T08:49:40.468429,54.50,50.00,100.00,100.00
2026-05-16T08:49:40.573026,63.60,55.60,100.00,100.00
2026-05-16T08:49:40.679563,54.50,66.70,100.00,100.00
2026-05-16T08:49:40.784930,66.70,55.60,100.00,100.00
2026-05-16T08:49:40.889623,63.60,54.50,100.00,100.00
2026-05-16T08:49:40.994458,60.00,63.60,100.00,100.00
2026-05-16T08:49:41.099205,66.70,66.70,100.00,100.00
2026-05-16T08:49:41.205414,55.60,60.00,100.00,100.00
2026-05-16T08:49:41.310663,63.60,58.30,100.00,100.00
2026-05-16T08:49:41.415159,58.30,55.60,100.00,100.00
2026-05-16T08:49:41.520147,55.60,63.60,100.00,100.00
2026-05-16T08:49:41.625691,60.00,55.60,100.00,100.00
2026-05-16T08:49:41.731090,66.70,63.60,100.00,100.00
2026-05-16T08:49:41.835451,33.30,33.30,100.00,100.00
2026-05-16T08:49:41.939544,36.40,40.00,100.00,100.00
2026-05-16T08:49:42.044055,40.00,33.30,100.00,100.00
2026-05-16T08:49:42.148795,25.00,40.00,100.00,100.00
2026-05-16T08:49:42.253003,30.00,14.30,100.00,100.00
2026-05-16T08:49:42.358219,33.30,40.00,100.00,100.00
2026-05-16T08:49:42.463158,25.00,40.00,100.00,100.00
2026-05-16T08:49:42.567214,45.50,33.30,100.00,100.00
2026-05-16T08:49:42.671737,25.00,25.00,100.00,100.00
2026-05-16T08:49:42.775749,30.00,40.00,100.00,100.00
2026-05-16T08:49:42.880876,25.00,33.30,100.00,100.00
2026-05-16T08:49:42.985164,33.30,25.00,100.00,100.00
2026-05-16T08:49:43.089743,40.00,25.00,100.00,100.00
2026-05-16T08:49:43.193945,40.00,40.00,100.00,100.00
2026-05-16T08:49:43.298405,25.00,37.50,100.00,100.00
2026-05-16T08:49:43.403137,33.30,40.00,100.00,100.00
2026-05-16T08:49:43.507250,33.30,40.00,100.00,100.00
2026-05-16T08:49:43.611891,33.30,25.00,100.00,100.00
2026-05-16T08:49:43.716897,33.30,40.00,100.00,100.00
2026-05-16T08:49:43.821341,30.00,25.00,100.00,100.00
2026-05-16T08:49:43.926161,33.30,25.00,100.00,100.00
2026-05-16T08:49:44.031153,14.30,36.40,100.00,100.00
2026-05-16T08:49:44.135595,40.00,25.00,100.00,100.00
2026-05-16T08:49:44.240515,40.00,44.40,100.00,100.00
2026-05-16T08:49:44.345066,25.00,33.30,100.00,100.00
2026-05-16T08:49:44.449501,22.20,25.00,100.00,100.00
2026-05-16T08:49:44.553864,33.30,33.30,100.00,100.00
2026-05-16T08:49:44.658949,33.30,33.30,100.00,100.00
2026-05-16T08:49:44.763799,33.30,25.00,100.00,100.00
2026-05-16T08:49:44.867995,14.30,33.30,100.00,100.00
2026-05-16T08:49:44.972205,36.40,33.30,100.00,100.00
2026-05-16T08:49:45.076816,14.30,14.30,100.00,100.00
2026-05-16T08:49:45.181411,30.00,50.00,100.00,100.00
2026-05-16T08:49:45.285430,40.00,25.00,100.00,100.00
2026-05-16T08:49:45.390205,25.00,37.50,100.00,100.00
2026-05-16T08:49:45.495495,33.30,40.00,100.00,100.00
2026-05-16T08:49:45.599863,50.00,40.00,100.00,100.00
2026-05-16T08:49:45.704651,33.30,44.40,100.00,100.00
2026-05-16T08:49:45.809544,44.40,50.00,100.00,100.00
2026-05-16T08:49:45.913817,44.40,54.50,100.00,100.00
2026-05-16T08:49:46.021005,58.30,72.70,100.00,100.00
2026-05-16T08:49:46.126058,44.40,54.50,100.00,100.00
2026-05-16T08:49:46.231242,54.50,50.00,100.00,100.00
2026-05-16T08:49:46.337006,55.60,44.40,100.00,100.00
2026-05-16T08:49:46.442156,40.00,60.00,100.00,100.00
2026-05-16T08:49:46.547808,55.60,50.00,100.00,100.00
2026-05-16T08:49:46.652376,50.00,50.00,100.00,100.00
2026-05-16T08:49:46.757017,54.50,50.00,100.00,100.00
2026-05-16T08:49:46.861406,44.40,55.60,100.00,100.00
2026-05-16T08:49:46.966890,50.00,54.50,100.00,100.00
2026-05-16T08:49:47.072118,50.00,54.50,100.00,100.00
2026-05-16T08:49:47.178061,50.00,55.60,100.00,100.00
2026-05-16T08:49:47.282932,55.60,54.50,100.00,100.00
2026-05-16T08:49:47.388356,54.50,50.00,100.00,100.00
2026-05-16T08:49:47.493335,40.00,58.30,100.00,100.00
2026-05-16T08:49:47.599699,55.60,60.00,100.00,100.00
2026-05-16T08:49:47.705140,50.00,54.50,100.00,100.00
2026-05-16T08:49:47.811491,50.00,55.60,100.00,100.00
2026-05-16T08:49:47.916366,50.00,54.50,100.00,100.00
2026-05-16T08:49:48.021432,58.30,44.40,100.00,100.00
2026-05-16T08:49:48.126377,44.40,50.00,100.00,100.00
2026-05-16T08:49:48.231250,58.30,50.00,100.00,100.00
2026-05-16T08:49:48.336683,50.00,55.60,100.00,100.00
2026-05-16T08:49:48.440801,54.50,60.00,100.00,100.00
2026-05-16T08:49:48.546692,55.60,50.00,100.00,100.00
2026-05-16T08:49:48.652098,50.00,44.40,100.00,100.00
2026-05-16T08:49:48.756544,45.50,44.40,100.00,100.00
2026-05-16T08:49:48.860863,37.50,50.00,100.00,100.00
2026-05-16T08:49:48.966301,44.40,50.00,100.00,100.00
2026-05-16T08:49:49.071062,45.50,40.00,100.00,100.00
2026-05-16T08:49:49.176083,55.60,50.00,100.00,100.00
2026-05-16T08:49:49.281040,50.00,50.00,100.00,100.00
2026-05-16T08:49:49.386099,50.00,44.40,100.00,100.00
2026-05-16T08:49:49.490555,50.00,50.00,100.00,100.00
2026-05-16T08:49:49.595532,45.50,54.50,100.00,100.00
2026-05-16T08:49:49.699999,37.50,50.00,100.00,100.00
2026-05-16T08:49:49.805687,60.00,60.00,100.00,100.00
2026-05-16T08:49:49.910136,75.00,66.70,100.00,100.00
2026-05-16T08:49:50.015660,70.00,66.70,100.00,100.00
2026-05-16T08:49:50.119456,72.70,70.00,100.00,100.00
2026-05-16T08:49:50.224964,60.00,69.20,100.00,100.00
2026-05-16T08:49:50.331052,70.00,66.70,100.00,100.00
2026-05-16T08:49:50.437092,63.60,66.70,100.00,100.00
2026-05-16T08:49:50.543083,70.00,72.70,100.00,100.00
2026-05-16T08:49:50.650251,70.00,63.60,100.00,100.00
2026-05-16T08:49:50.755815,63.60,66.70,100.00,100.00
2026-05-16T08:49:50.861863,72.70,62.50,100.00,100.00
2026-05-16T08:49:50.966983,75.00,60.00,100.00,100.00
2026-05-16T08:49:51.072949,75.00,63.60,100.00,100.00
2026-05-16T08:49:51.182782,76.90,63.60,100.00,100.00
2026-05-16T08:49:51.287550,80.00,72.70,100.00,100.00
2026-05-16T08:49:51.392748,55.60,66.70,100.00,100.00
2026-05-16T08:49:51.498422,66.70,75.00,100.00,100.00
2026-05-16T08:49:51.602907,70.00,66.70,100.00,100.00
2026-05-16T08:49:51.708205,75.00,72.70,100.00,100.00
2026-05-16T08:49:51.813591,72.70,70.00,100.00,100.00
2026-05-16T08:49:51.917985,72.70,70.00,100.00,100.00
2026-05-16T08:49:52.023438,70.00,60.00,100.00,100.00
2026-05-16T08:49:52.129080,63.60,72.70,100.00,100.00
2026-05-16T08:49:52.233229,70.00,63.60,100.00,100.00
2026-05-16T08:49:52.339702,72.70,66.70,100.00,100.00
2026-05-16T08:49:52.445091,66.70,63.60,100.00,100.00
2026-05-16T08:49:52.551379,80.00,80.00,100.00,100.00
2026-05-16T08:49:52.655823,75.00,72.70,100.00,100.00
2026-05-16T08:49:52.761437,75.00,72.70,100.00,100.00
2026-05-16T08:49:52.868449,81.80,72.70,100.00,100.00
2026-05-16T08:49:52.972278,72.70,63.60,100.00,100.00
2026-05-16T08:49:53.076400,70.00,70.00,100.00,100.00
2026-05-16T08:49:53.182290,70.00,72.70,100.00,100.00
2026-05-16T08:49:53.286444,75.00,62.50,100.00,100.00
2026-05-16T08:49:53.393419,70.00,63.60,100.00,100.00
2026-05-16T08:49:53.497752,60.00,72.70,100.00,100.00
2026-05-16T08:49:53.602368,70.00,75.00,100.00,100.00
2026-05-16T08:49:53.708905,63.60,63.60,100.00,100.00
2026-05-16T08:49:53.815872,90.90,88.90,100.00,100.00
2026-05-16T08:49:54.054603,100.00,100.00,100.00,100.00
2026-05-16T08:49:54.159654,81.80,81.80,90.90,30.00
2026-05-16T08:49:54.265057,75.00,72.70,90.00,33.30
2026-05-16T08:49:54.370058,75.00,81.80,83.30,22.20
2026-05-16T08:49:54.476074,76.90,66.70,83.30,27.30
2026-05-16T08:49:54.582207,80.00,80.00,83.30,22.20
2026-05-16T08:49:54.686681,72.70,72.70,90.00,12.50
2026-05-16T08:49:54.792091,70.00,76.90,81.80,22.20
2026-05-16T08:49:54.896685,80.00,66.70,81.80,20.00
2026-05-16T08:49:55.002944,72.70,72.70,83.30,30.00
2026-05-16T08:49:55.108587,81.80,80.00,83.30,12.50
2026-05-16T08:49:55.214177,75.00,83.30,90.00,22.20
2026-05-16T08:49:55.319027,77.80,70.00,83.30,22.20
2026-05-16T08:49:55.423481,72.70,75.00,90.00,22.20
2026-05-16T08:49:55.527940,72.70,80.00,81.80,12.50
2026-05-16T08:49:55.632734,72.70,63.60,81.80,22.20
2026-05-16T08:49:55.737620,75.00,80.00,81.80,22.20
2026-05-16T08:49:55.842964,72.70,66.70,83.30,20.00
2026-05-16T08:49:55.947915,70.00,80.00,81.80,22.20
2026-05-16T08:49:56.054164,81.80,72.70,81.80,30.00
2026-05-16T08:49:56.160367,72.70,83.30,83.30,22.20
2026-05-16T08:49:56.266333,72.70,70.00,84.60,12.50
2026-05-16T08:49:56.370954,81.80,75.00,81.80,22.20
2026-05-16T08:49:56.476661,72.70,80.00,90.00,20.00
2026-05-16T08:49:56.582531,81.80,75.00,83.30,30.00
2026-05-16T08:49:56.687847,70.00,80.00,83.30,22.20
2026-05-16T08:49:56.793119,70.00,72.70,83.30,12.50
2026-05-16T08:49:56.898054,75.00,80.00,90.00,30.00
2026-05-16T08:49:57.006065,77.80,75.00,84.60,12.50
2026-05-16T08:49:57.111403,72.70,77.80,83.30,22.20
2026-05-16T08:49:57.216042,72.70,75.00,80.00,20.00
2026-05-16T08:49:57.321654,70.00,70.00,81.80,33.30
2026-05-16T08:49:57.428637,80.00,81.80,83.30,22.20
2026-05-16T08:49:57.533539,75.00,75.00,90.90,30.00
2026-05-16T08:49:57.638528,70.00,80.00,83.30,12.50
2026-05-16T08:49:57.742922,83.30,72.70,83.30,20.00
2026-05-16T08:49:57.846485,25.00,40.00,44.40,20.00
2026-05-16T08:49:57.950033,36.40,14.30,33.30,11.10
2026-05-16T08:49:58.054820,33.30,45.50,40.00,11.10
2026-05-16T08:49:58.159013,33.30,33.30,45.50,27.30
2026-05-16T08:49:58.263590,33.30,22.20,33.30,11.10
2026-05-16T08:49:58.367444,33.30,40.00,44.40,11.10
2026-05-16T08:49:58.472071,40.00,25.00,40.00,20.00
2026-05-16T08:49:58.576178,25.00,33.30,45.50,11.10
2026-05-16T08:49:58.680892,40.00,33.30,44.40,25.00
2026-05-16T08:49:58.784323,30.00,30.00,33.30,11.10
2026-05-16T08:49:58.888214,33.30,33.30,45.50,11.10
2026-05-16T08:49:58.992448,33.30,40.00,40.00,20.00
2026-05-16T08:49:59.096586,33.30,33.30,45.50,11.10
2026-05-16T08:49:59.201448,36.40,22.20,33.30,27.30
2026-05-16T08:49:59.305877,37.50,45.50,44.40,12.50
2026-05-16T08:49:59.410367,36.40,33.30,45.50,20.00
2026-05-16T08:49:59.514725,33.30,25.00,40.00,20.00
2026-05-16T08:49:59.618928,28.60,45.50,44.40,11.10
2026-05-16T08:49:59.722804,30.00,33.30,33.30,18.20
2026-05-16T08:49:59.826873,40.00,36.40,50.00,11.10
2026-05-16T08:49:59.931105,40.00,33.30,44.40,27.30
2026-05-16T08:50:00.035739,25.00,40.00,40.00,11.10
2026-05-16T08:50:00.140205,41.70,25.00,33.30,11.10
2026-05-16T08:50:00.244401,40.00,40.00,45.50,20.00
2026-05-16T08:50:00.348610,33.30,41.70,40.00,20.00
2026-05-16T08:50:00.453023,40.00,25.00,44.40,11.10
2026-05-16T08:50:00.557141,40.00,40.00,40.00,20.00
2026-05-16T08:50:00.660861,33.30,33.30,33.30,18.20
2026-05-16T08:50:00.764632,33.30,40.00,50.00,11.10
2026-05-16T08:50:00.869061,40.00,40.00,40.00,20.00
2026-05-16T08:50:00.973049,40.00,33.30,44.40,11.10
2026-05-16T08:50:01.077743,45.50,30.00,36.40,20.00
2026-05-16T08:50:01.182115,22.20,33.30,33.30,11.10
2026-05-16T08:50:01.286393,44.40,25.00,50.00,20.00
2026-05-16T08:50:01.390531,30.00,33.30,45.50,11.10
2026-05-16T08:50:01.494248,33.30,25.00,33.30,20.00
2026-05-16T08:50:01.599137,33.30,45.50,40.00,25.00
2026-05-16T08:50:01.704160,33.30,40.00,44.40,22.20
2026-05-16T08:50:01.810570,54.50,44.40,54.50,20.00
2026-05-16T08:50:01.914451,50.00,50.00,54.50,11.10
2026-05-16T08:50:02.018533,50.00,44.40,63.60,20.00
2026-05-16T08:50:02.122634,54.50,50.00,54.50,22.20
2026-05-16T08:50:02.227998,54.50,50.00,63.60,20.00
2026-05-16T08:50:02.333184,44.40,50.00,58.30,11.10
2026-05-16T08:50:02.438955,54.50,54.50,60.00,27.30
2026-05-16T08:50:02.543919,54.50,50.00,61.50,22.20
2026-05-16T08:50:02.648389,50.00,55.60,60.00,11.10
2026-05-16T08:50:02.753452,44.40,54.50,54.50,27.30
2026-05-16T08:50:02.858087,58.30,54.50,60.00,20.00
2026-05-16T08:50:02.963213,50.00,40.00,64.30,22.20
2026-05-16T08:50:03.067911,50.00,44.40,55.60,20.00
2026-05-16T08:50:03.172066,54.50,54.50,58.30,11.10
2026-05-16T08:50:03.277355,50.00,54.50,60.00,30.00
2026-05-16T08:50:03.382219,54.50,50.00,58.30,20.00
2026-05-16T08:50:03.486752,50.00,44.40,60.00,27.30
2026-05-16T08:50:03.590823,54.50,54.50,66.70,11.10
2026-05-16T08:50:03.695202,44.40,50.00,54.50,11.10
2026-05-16T08:50:03.799372,54.50,54.50,60.00,30.00
2026-05-16T08:50:03.905437,44.40,54.50,61.50,20.00
2026-05-16T08:50:04.010887,54.50,54.50,55.60,12.50
2026-05-16T08:50:04.115069,50.00,54.50,61.50,20.00
2026-05-16T08:50:04.219519,54.50,37.50,58.30,20.00
2026-05-16T08:50:04.324452,37.50,45.50,55.60,22.20
2026-05-16T08:50:04.428964,61.50,60.00,64.30,20.00
2026-05-16T08:50:04.533812,50.00,45.50,55.60,11.10
2026-05-16T08:50:04.638406,44.40,55.60,58.30,22.20
2026-05-16T08:50:04.742317,54.50,50.00,58.30,20.00
2026-05-16T08:50:04.846988,44.40,50.00,55.60,20.00
2026-05-16T08:50:04.951533,60.00,55.60,70.00,30.00
2026-05-16T08:50:05.056398,54.50,54.50,58.30,20.00
2026-05-16T08:50:05.161867,50.00,40.00,54.50,11.10
2026-05-16T08:50:05.267067,54.50,54.50,66.70,30.00
2026-05-16T08:50:05.371519,44.40,50.00,54.50,20.00
2026-05-16T08:50:05.475692,50.00,50.00,50.00,22.20
2026-05-16T08:50:05.580159,44.40,44.40,63.60,20.00
2026-05-16T08:50:05.684447,54.50,50.00,58.30,11.10
2026-05-16T08:50:05.789209,60.00,63.60,70.00,27.30
2026-05-16T08:50:05.894673,72.70,72.70,81.80,12.50
2026-05-16T08:50:06.000066,66.70,72.70,81.80,22.20
2026-05-16T08:50:06.108815,75.00,80.00,81.80,33.30
2026-05-16T08:50:06.214138,77.80,72.70,84.60,22.20
2026-05-16T08:50:06.318910,75.00,80.00,81.80,30.00
2026-05-16T08:50:06.423524,72.70,72.70,80.00,30.00
2026-05-16T08:50:06.527922,70.00,66.70,83.30,11.10
2026-05-16T08:50:06.632974,72.70,75.00,81.80,30.00
2026-05-16T08:50:06.738480,80.00,80.00,90.90,12.50
2026-05-16T08:50:06.842982,72.70,72.70,75.00,30.00
2026-05-16T08:50:06.948129,70.00,80.00,90.00,22.20
2026-05-16T08:50:07.053354,75.00,75.00,75.00,22.20
2026-05-16T08:50:07.158773,81.80,70.00,83.30,22.20
2026-05-16T08:50:07.263645,72.70,80.00,81.80,22.20
2026-05-16T08:50:07.368434,72.70,72.70,90.00,30.00
2026-05-16T08:50:07.474247,81.80,83.30,83.30,30.00
2026-05-16T08:50:07.579823,75.00,72.70,91.70,25.00
2026-05-16T08:50:07.684730,80.00,80.00,81.80,20.00
2026-05-16T08:50:07.789569,75.00,72.70,83.30,30.00
2026-05-16T08:50:07.895429,66.70,75.00,90.00,22.20
2026-05-16T08:50:08.000979,81.80,66.70,75.00,30.00
2026-05-16T08:50:08.107126,72.70,72.70,81.80,11.10
2026-05-16T08:50:08.212613,70.00,81.80,90.90,30.00
2026-05-16T08:50:08.317724,81.80,72.70,81.80,22.20
2026-05-16T08:50:08.422918,72.70,81.80,83.30,22.20
2026-05-16T08:50:08.528108,80.00,66.70,90.90,22.20
2026-05-16T08:50:08.633413,70.00,83.30,81.80,30.00
2026-05-16T08:50:08.737939,75.00,72.70,76.90,12.50
2026-05-16T08:50:08.843066,75.00,70.00,80.00,22.20
2026-05-16T08:50:08.948744,70.00,72.70,81.80,20.00
2026-05-16T08:50:09.054421,81.80,72.70,90.90,12.50
2026-05-16T08:50:09.159426,72.70,83.30,83.30,22.20
2026-05-16T08:50:09.264626,72.70,75.00,83.30,36.40
2026-05-16T08:50:09.370053,75.00,80.00,90.90,12.50
2026-05-16T08:50:09.476495,72.70,72.70,80.00,22.20
2026-05-16T08:50:09.581704,83.30,81.80,83.30,30.00
2026-05-16T08:50:09.688026,70.00,77.80,83.30,12.50
2026-05-16T08:50:09.791544,50.00,54.50,60.00,20.00
2026-05-16T08:50:09.924053,38.50,25.00,27.30,18.20
2026-05-16T08:50:10.028401,12.50,22.20,22.20,100.00
2026-05-16T08:50:10.132484,22.20,22.20,22.20,100.00
2026-05-16T08:50:10.236586,27.30,11.10,33.30,100.00
2026-05-16T08:50:10.340539,12.50,30.00,22.20,100.00
2026-05-16T08:50:10.444450,30.00,14.30,22.20,100.00
2026-05-16T08:50:10.549072,22.20,22.20,22.20,100.00
2026-05-16T08:50:10.653361,22.20,30.00,33.30,100.00
2026-05-16T08:50:10.757521,30.00,12.50,22.20,100.00
2026-05-16T08:50:10.861937,30.00,22.20,22.20,100.00
2026-05-16T08:50:10.966485,22.20,22.20,22.20,100.00
2026-05-16T08:50:11.070864,12.50,36.40,22.20,100.00
2026-05-16T08:50:11.175046,36.40,22.20,22.20,100.00
2026-05-16T08:50:11.279858,22.20,22.20,25.00,100.00
2026-05-16T08:50:11.383710,30.00,36.40,36.40,100.00
2026-05-16T08:50:11.487547,22.20,12.50,22.20,100.00
2026-05-16T08:50:11.592052,22.20,33.30,25.00,100.00
2026-05-16T08:50:11.696266,30.00,22.20,22.20,100.00
2026-05-16T08:50:11.800694,22.20,22.20,22.20,100.00
2026-05-16T08:50:11.971648,43.80,37.50,50.00,100.00
2026-05-16T08:50:12.077143,28.60,54.50,100.00,100.00
2026-05-16T08:50:12.182880,36.40,25.00,100.00,100.00
2026-05-16T08:50:12.286975,44.40,40.00,100.00,100.00
2026-05-16T08:50:12.391525,22.20,37.50,100.00,100.00
2026-05-16T08:50:12.495749,33.30,25.00,100.00,100.00
2026-05-16T08:50:12.599976,33.30,25.00,100.00,100.00
2026-05-16T08:50:12.704659,40.00,40.00,100.00,100.00
2026-05-16T08:50:12.808997,12.50,14.30,100.00,100.00
2026-05-16T08:50:12.913775,40.00,40.00,100.00,100.00
2026-05-16T08:50:13.018609,30.00,30.00,100.00,100.00
2026-05-16T08:50:13.122876,25.00,33.30,100.00,100.00
2026-05-16T08:50:13.228134,40.00,33.30,100.00,100.00
2026-05-16T08:50:13.332940,30.00,25.00,100.00,100.00
2026-05-16T08:50:13.437077,25.00,33.30,100.00,100.00
2026-05-16T08:50:13.541914,40.00,33.30,100.00,100.00
2026-05-16T08:50:13.647034,40.00,44.40,100.00,100.00
2026-05-16T08:50:13.752101,22.20,40.00,100.00,100.00
2026-05-16T08:50:13.858196,63.60,63.60,100.00,100.00
2026-05-16T08:50:13.962693,50.00,60.00,100.00,100.00
2026-05-16T08:50:14.068296,60.00,63.60,100.00,100.00
2026-05-16T08:50:14.173468,72.70,60.00,100.00,100.00
2026-05-16T08:50:14.279148,55.60,63.60,100.00,100.00
2026-05-16T08:50:14.384066,60.00,63.60,100.00,100.00
2026-05-16T08:50:14.488752,60.00,63.60,100.00,100.00
2026-05-16T08:50:14.593463,50.00,50.00,100.00,100.00
2026-05-16T08:50:14.698960,55.60,60.00,100.00,100.00
2026-05-16T08:50:14.804373,58.30,63.60,100.00,100.00
2026-05-16T08:50:14.909102,50.00,55.60,100.00,100.00
2026-05-16T08:50:15.014013,58.30,54.50,100.00,100.00
2026-05-16T08:50:15.118672,50.00,55.60,100.00,100.00
2026-05-16T08:50:15.222685,50.00,63.60,100.00,100.00
2026-05-16T08:50:15.327159,50.00,63.60,100.00,100.00
2026-05-16T08:50:15.432045,50.00,50.00,100.00,100.00
2026-05-16T08:50:15.536846,50.00,63.60,100.00,100.00
2026-05-16T08:50:15.641428,50.00,60.00,100.00,100.00
2026-05-16T08:50:15.745819,50.00,60.00,100.00,100.00
2026-05-16T08:50:15.851677,60.00,55.60,100.00,100.00
2026-05-16T08:50:15.956866,63.60,63.60,100.00,100.00
2026-05-16T08:50:16.061897,60.00,55.60,100.00,100.00
2026-05-16T08:50:16.167901,70.00,72.70,100.00,100.00
2026-05-16T08:50:16.273083,58.30,63.60,100.00,100.00
2026-05-16T08:50:16.378179,55.60,60.00,100.00,100.00
2026-05-16T08:50:16.483322,60.00,63.60,100.00,100.00
2026-05-16T08:50:16.588770,60.00,63.60,100.00,100.00
2026-05-16T08:50:16.694363,50.00,72.70,100.00,100.00
2026-05-16T08:50:16.799571,60.00,44.40,100.00,100.00
2026-05-16T08:50:16.904143,58.30,63.60,100.00,100.00
2026-05-16T08:50:17.009081,50.00,50.00,100.00,100.00
2026-05-16T08:50:17.114067,63.60,63.60,100.00,100.00
2026-05-16T08:50:17.219495,63.60,54.50,100.00,100.00
2026-05-16T08:50:17.325554,55.60,60.00,100.00,100.00
2026-05-16T08:50:17.430499,60.00,63.60,100.00,100.00
2026-05-16T08:50:17.535653,61.50,63.60,100.00,100.00
2026-05-16T08:50:17.640850,44.40,63.60,100.00,100.00
2026-05-16T08:50:17.744615,58.30,50.00,100.00,100.00
2026-05-16T08:50:17.848729,0.00,12.50,100.00,100.00
2026-05-16T08:50:17.952531,30.00,30.00,100.00,100.00
2026-05-16T08:50:18.056025,22.20,0.00,100.00,100.00
2026-05-16T08:50:18.161141,22.20,25.00,100.00,100.00
2026-05-16T08:50:18.266047,22.20,12.50,100.00,100.00
2026-05-16T08:50:18.370554,30.00,33.30,100.00,100.00
2026-05-16T08:50:18.475306,25.00,22.20,100.00,100.00
2026-05-16T08:50:18.579501,22.20,25.00,100.00,100.00
2026-05-16T08:50:18.684142,22.20,12.50,100.00,100.00
2026-05-16T08:50:18.788749,22.20,25.00,100.00,100.00
2026-05-16T08:50:18.893319,30.00,12.50,100.00,100.00
2026-05-16T08:50:18.997061,0.00,30.00,100.00,100.00
2026-05-16T08:50:19.101302,30.00,25.00,100.00,100.00
2026-05-16T08:50:19.205390,22.20,12.50,100.00,100.00
2026-05-16T08:50:19.310028,22.20,30.00,100.00,100.00
2026-05-16T08:50:19.415127,25.00,33.30,100.00,100.00
2026-05-16T08:50:19.520685,30.00,22.20,100.00,100.00
2026-05-16T08:50:19.631037,33.30,33.30,100.00,100.00
2026-05-16T08:50:19.734880,12.50,25.00,100.00,100.00
2026-05-16T08:50:19.838868,30.00,25.00,100.00,100.00
2026-05-16T08:50:19.942984,22.20,22.20,100.00,100.00
2026-05-16T08:50:20.046793,22.20,25.00,100.00,100.00
2026-05-16T08:50:20.150847,12.50,22.20,100.00,100.00
2026-05-16T08:50:20.254467,22.20,22.20,100.00,100.00
2026-05-16T08:50:20.358502,12.50,12.50,100.00,100.00
2026-05-16T08:50:20.462877,22.20,25.00,100.00,100.00
2026-05-16T08:50:20.567212,22.20,22.20,100.00,100.00
2026-05-16T08:50:20.671881,20.00,12.50,100.00,100.00
2026-05-16T08:50:20.776029,0.00,22.20,100.00,100.00
2026-05-16T08:50:20.880677,30.00,22.20,100.00,100.00
2026-05-16T08:50:20.984780,22.20,12.50,100.00,100.00
2026-05-16T08:50:21.089426,22.20,25.00,100.00,100.00
2026-05-16T08:50:21.194057,30.00,22.20,100.00,100.00
2026-05-16T08:50:21.299170,12.50,33.30,100.00,100.00
2026-05-16T08:50:21.403664,30.00,22.20,100.00,100.00
2026-05-16T08:50:21.507464,22.20,25.00,100.00,100.00
2026-05-16T08:50:21.611602,22.20,25.00,100.00,100.00
2026-05-16T08:50:21.715673,22.20,12.50,100.00,100.00
2026-05-16T08:50:21.824676,80.00,75.00,100.00,100.00
2026-05-16T08:50:21.930494,83.30,80.00,100.00,100.00
2026-05-16T08:50:22.036129,81.80,75.00,100.00,100.00
2026-05-16T08:50:22.143099,77.80,100.00,100.00,100.00
2026-05-16T08:50:22.249578,66.70,92.30,100.00,100.00
2026-05-16T08:50:22.354900,70.00,100.00,100.00,100.00
2026-05-16T08:50:22.461723,80.00,91.70,100.00,100.00
2026-05-16T08:50:22.567686,72.70,90.00,100.00,100.00
2026-05-16T08:50:22.673697,72.70,81.80,100.00,100.00
2026-05-16T08:50:22.778121,77.80,90.00,100.00,100.00
2026-05-16T08:50:22.884548,81.80,90.90,100.00,100.00
2026-05-16T08:50:22.991746,80.00,90.90,100.00,100.00
2026-05-16T08:50:23.100537,80.00,90.00,100.00,100.00
2026-05-16T08:50:23.205051,81.80,91.70,100.00,100.00
2026-05-16T08:50:23.311597,80.00,81.80,100.00,100.00
2026-05-16T08:50:23.420420,80.00,90.00,100.00,100.00
2026-05-16T08:50:23.525521,80.00,90.00,100.00,100.00
2026-05-16T08:50:23.632597,80.00,90.90,100.00,100.00
2026-05-16T08:50:23.739227,75.00,90.90,100.00,100.00
2026-05-16T08:50:23.843903,81.80,81.80,100.00,100.00
2026-05-16T08:50:23.951412,72.70,90.00,100.00,100.00
2026-05-16T08:50:24.057734,80.00,90.90,100.00,100.00
2026-05-16T08:50:24.162304,80.00,81.80,100.00,100.00
2026-05-16T08:50:24.267786,81.80,90.90,100.00,100.00
2026-05-16T08:50:24.372629,80.00,90.90,100.00,100.00
2026-05-16T08:50:24.479401,81.80,90.00,100.00,100.00
2026-05-16T08:50:24.585672,81.80,90.90,100.00,100.00
2026-05-16T08:50:24.693272,77.80,90.90,100.00,100.00
2026-05-16T08:50:24.797945,72.70,81.80,100.00,100.00
2026-05-16T08:50:24.902958,72.70,83.30,100.00,100.00
2026-05-16T08:50:25.009814,77.80,90.90,100.00,100.00
2026-05-16T08:50:25.116900,80.00,90.00,100.00,100.00
2026-05-16T08:50:25.221852,80.00,90.90,100.00,100.00
2026-05-16T08:50:25.329369,72.70,91.70,100.00,100.00
2026-05-16T08:50:25.438638,80.00,81.80,100.00,100.00
2026-05-16T08:50:25.543609,90.90,80.00,100.00,100.00
2026-05-16T08:50:25.651118,90.90,88.90,100.00,100.00
2026-05-16T08:50:25.757062,81.80,90.90,100.00,100.00
2026-05-16T08:50:25.983136,95.50,95.70,100.00,100.00
2026-05-16T08:50:26.089944,76.90,83.30,83.30,36.40
2026-05-16T08:50:26.195469,70.00,70.00,81.80,22.20
2026-05-16T08:50:26.301173,72.70,72.70,81.80,12.50
2026-05-16T08:50:26.406512,75.00,72.70,83.30,20.00
2026-05-16T08:50:26.511355,70.00,72.70,75.00,30.00
2026-05-16T08:50:26.617120,72.70,70.00,81.80,12.50
2026-05-16T08:50:26.722801,72.70,69.20,83.30,27.30
2026-05-16T08:50:26.827954,72.70,70.00,75.00,12.50
2026-05-16T08:50:26.932994,72.70,77.80,80.00,22.20
2026-05-16T08:50:27.037631,63.60,69.20,75.00,20.00
2026-05-16T08:50:27.142744,70.00,66.70,81.80,22.20
2026-05-16T08:50:27.247648,72.70,72.70,76.90,30.00
2026-05-16T08:50:27.353007,75.00,72.70,81.80,12.50
2026-05-16T08:50:27.458562,72.70,66.70,81.80,20.00
2026-05-16T08:50:27.563747,70.00,76.90,83.30,22.20
2026-05-16T08:50:27.668917,63.60,66.70,75.00,12.50
2026-05-16T08:50:27.773947,72.70,70.00,80.00,27.30
2026-05-16T08:50:27.879173,72.70,76.90,81.80,22.20
2026-05-16T08:50:27.984134,72.70,70.00,75.00,22.20
2026-05-16T08:50:28.088903,60.00,75.00,81.80,22.20
2026-05-16T08:50:28.195106,75.00,75.00,81.80,22.20
2026-05-16T08:50:28.299510,70.00,66.70,76.90,20.00
2026-05-16T08:50:28.407193,69.20,75.00,80.00,30.00
2026-05-16T08:50:28.512891,72.70,66.70,76.90,22.20
2026-05-16T08:50:28.618794,66.70,72.70,81.80,20.00
2026-05-16T08:50:28.723148,66.70,81.80,80.00,30.00
2026-05-16T08:50:28.827929,70.00,63.60,75.00,30.00
2026-05-16T08:50:28.932434,66.70,70.00,81.80,11.10
2026-05-16T08:50:29.037931,72.70,66.70,75.00,30.00
2026-05-16T08:50:29.142659,66.70,77.80,81.80,22.20
2026-05-16T08:50:29.247325,70.00,72.70,81.80,22.20
2026-05-16T08:50:29.351617,60.00,66.70,83.30,22.20
2026-05-16T08:50:29.456954,69.20,66.70,72.70,20.00
2026-05-16T08:50:29.562124,70.00,70.00,80.00,22.20
2026-05-16T08:50:29.667009,77.80,72.70,84.60,30.00
2026-05-16T08:50:29.770850,44.40,60.00,63.60,22.20
2026-05-16T08:50:29.874726,30.00,22.20,33.30,11.10
2026-05-16T08:50:29.978653,33.30,25.00,30.00,27.30
2026-05-16T08:50:30.082569,30.00,30.00,25.00,20.00
2026-05-16T08:50:30.186195,30.00,30.00,30.00,11.10
2026-05-16T08:50:30.290557,33.30,22.20,40.00,10.00
2026-05-16T08:50:30.394551,22.20,36.40,25.00,20.00
2026-05-16T08:50:30.498524,30.00,12.50,30.00,11.10
2026-05-16T08:50:30.603212,33.30,25.00,14.30,20.00
2026-05-16T08:50:30.708085,30.00,36.40,45.50,20.00
2026-05-16T08:50:30.811974,33.30,22.20,22.20,20.00
2026-05-16T08:50:30.915546,22.20,25.00,33.30,10.00
2026-05-16T08:50:31.019213,30.00,12.50,36.40,11.10
2026-05-16T08:50:31.123022,22.20,22.20,25.00,11.10
2026-05-16T08:50:31.227229,40.00,30.00,30.00,20.00
2026-05-16T08:50:31.331549,30.00,36.40,45.50,18.20
2026-05-16T08:50:31.435502,22.20,14.30,25.00,11.10
2026-05-16T08:50:31.540064,33.30,30.00,30.00,20.00
2026-05-16T08:50:31.644804,30.00,22.20,33.30,20.00
2026-05-16T08:50:31.748987,30.00,22.20,30.00,10.00
2026-05-16T08:50:31.914678,35.70,43.70,52.90,29.40
2026-05-16T08:50:32.018596,45.50,44.40,100.00,20.00
2026-05-16T08:50:32.122710,50.00,37.50,100.00,11.10
2026-05-16T08:50:32.227455,33.30,40.00,100.00,27.30
2026-05-16T08:50:32.331251,45.50,50.00,100.00,11.10
2026-05-16T08:50:32.434993,37.50,33.30,100.00,20.00
2026-05-16T08:50:32.538922,33.30,44.40,100.00,11.10
2026-05-16T08:50:32.643073,45.50,37.50,100.00,18.20
2026-05-16T08:50:32.746927,33.30,40.00,100.00,11.10
2026-05-16T08:50:32.850987,50.00,33.30,100.00,20.00
2026-05-16T08:50:32.955637,45.50,37.50,100.00,27.30
2026-05-16T08:50:33.059265,40.00,45.50,100.00,10.00
2026-05-16T08:50:33.163543,37.50,37.50,100.00,20.00
2026-05-16T08:50:33.268192,45.50,50.00,100.00,11.10
2026-05-16T08:50:33.372836,44.40,40.00,100.00,20.00
2026-05-16T08:50:33.477048,40.00,44.40,100.00,20.00
2026-05-16T08:50:33.581114,44.40,44.40,100.00,11.10
2026-05-16T08:50:33.684980,44.40,40.00,100.00,10.00
2026-05-16T08:50:33.790048,63.60,70.00,100.00,30.00
2026-05-16T08:50:33.894656,81.80,80.00,100.00,11.10
2026-05-16T08:50:33.999532,90.00,80.00,100.00,22.20
2026-05-16T08:50:34.108063,81.80,81.80,100.00,30.00
2026-05-16T08:50:34.214027,90.90,90.00,100.00,20.00
2026-05-16T08:50:34.320340,90.00,83.30,100.00,22.20
2026-05-16T08:50:34.424858,84.60,90.00,100.00,30.00
2026-05-16T08:50:34.529674,88.90,90.00,100.00,27.30
2026-05-16T08:50:34.636176,90.90,81.80,100.00,22.20
2026-05-16T08:50:34.741027,81.80,90.90,100.00,22.20
2026-05-16T08:50:34.847689,90.00,80.00,100.00,12.50
2026-05-16T08:50:34.952466,84.60,90.00,100.00,20.00
2026-05-16T08:50:35.059337,90.00,90.90,100.00,22.20
2026-05-16T08:50:35.164532,83.30,81.80,100.00,20.00
2026-05-16T08:50:35.270983,90.00,81.80,100.00,40.00
2026-05-16T08:50:35.375896,81.80,88.90,100.00,22.20
2026-05-16T08:50:35.480677,90.00,81.80,100.00,11.10
2026-05-16T08:50:35.585569,81.80,83.30,100.00,30.00
2026-05-16T08:50:35.691123,90.90,90.00,100.00,30.00
2026-05-16T08:50:35.796186,90.90,81.80,100.00,12.50
2026-05-16T08:50:35.901843,80.00,80.00,100.00,20.00
2026-05-16T08:50:36.046432,86.70,87.50,100.00,41.70
2026-05-16T08:50:36.151712,81.80,100.00,100.00,100.00
2026-05-16T08:50:36.327833,87.50,94.40,100.00,100.00
2026-05-16T08:50:36.432867,70.00,72.70,80.00,100.00
2026-05-16T08:50:36.538660,58.30,70.00,72.70,100.00
2026-05-16T08:50:36.645197,72.70,72.70,83.30,100.00
2026-05-16T08:50:36.750556,63.60,72.70,75.00,100.00
2026-05-16T08:50:36.855839,72.70,72.70,81.80,100.00
2026-05-16T08:50:36.962188,72.70,81.80,76.90,100.00
2026-05-16T08:50:37.067014,66.70,70.00,77.80,100.00
2026-05-16T08:50:37.171716,60.00,72.70,76.90,100.00
2026-05-16T08:50:37.277720,70.00,70.00,83.30,100.00
2026-05-16T08:50:37.386216,63.60,63.60,75.00,100.00
2026-05-16T08:50:37.491732,60.00,75.00,75.00,100.00
2026-05-16T08:50:37.597843,72.70,70.00,80.00,100.00
2026-05-16T08:50:37.702851,66.70,72.70,75.00,100.00
2026-05-16T08:50:37.808179,66.70,66.70,72.70,100.00
2026-05-16T08:50:37.913561,66.70,72.70,75.00,100.00
2026-05-16T08:50:38.018126,63.60,75.00,75.00,100.00
2026-05-16T08:50:38.124566,63.60,70.00,72.70,100.00
2026-05-16T08:50:38.230276,66.70,69.20,75.00,100.00
2026-05-16T08:50:38.335101,70.00,72.70,80.00,100.00
2026-05-16T08:50:38.440170,60.00,66.70,75.00,100.00
2026-05-16T08:50:38.546498,63.60,63.60,72.70,100.00
2026-05-16T08:50:38.653034,66.70,72.70,75.00,100.00
2026-05-16T08:50:38.758662,70.00,70.00,81.80,100.00
2026-05-16T08:50:38.865326,63.60,69.20,75.00,100.00
2026-05-16T08:50:38.970752,60.00,70.00,75.00,100.00
2026-05-16T08:50:39.075895,70.00,72.70,83.30,100.00
2026-05-16T08:50:39.181089,63.60,66.70,72.70,100.00
2026-05-16T08:50:39.287644,63.60,75.00,72.70,100.00
2026-05-16T08:50:39.393569,72.70,70.00,76.90,100.00
2026-05-16T08:50:39.498936,66.70,75.00,81.80,100.00
2026-05-16T08:50:39.603963,60.00,70.00,70.00,100.00
2026-05-16T08:50:39.710093,66.70,72.70,76.90,100.00
2026-05-16T08:50:39.816096,63.60,75.00,72.70,100.00
2026-05-16T08:50:39.921604,60.00,60.00,72.70,100.00
2026-05-16T08:50:40.027698,58.30,66.70,72.70,100.00
2026-05-16T08:50:40.132468,72.70,72.70,81.80,100.00
2026-05-16T08:50:40.237733,60.00,75.00,72.70,100.00
2026-05-16T08:50:40.343597,66.70,63.60,63.60,100.00
2026-05-16T08:50:40.449404,60.00,72.70,83.30,100.00
2026-05-16T08:50:40.554375,70.00,72.70,72.70,100.00
2026-05-16T08:50:40.662192,66.70,72.70,75.00,100.00
2026-05-16T08:50:40.768020,60.00,66.70,75.00,100.00
2026-05-16T08:50:40.873754,63.60,75.00,76.90,100.00
2026-05-16T08:50:40.979083,63.60,70.00,70.00,100.00
2026-05-16T08:50:41.084202,63.60,63.60,81.80,100.00
2026-05-16T08:50:41.189051,66.70,72.70,75.00,100.00
2026-05-16T08:50:41.294160,63.60,72.70,72.70,100.00
2026-05-16T08:50:41.400126,63.60,70.00,75.00,100.00
2026-05-16T08:50:41.505729,60.00,70.00,72.70,100.00
2026-05-16T08:50:41.612409,66.70,66.70,75.00,100.00
2026-05-16T08:50:41.717165,66.70,72.70,81.80,100.00
2026-05-16T08:50:41.821200,11.10,22.20,11.10,100.00
2026-05-16T08:50:41.924493,20.00,11.10,0.00,100.00
2026-05-16T08:50:42.027999,10.00,0.00,20.00,100.00
2026-05-16T08:50:42.131618,11.10,11.10,11.10,100.00
2026-05-16T08:50:42.234888,20.00,11.10,0.00,100.00
2026-05-16T08:50:42.338084,20.00,0.00,0.00,100.00
2026-05-16T08:50:42.442397,11.10,11.10,0.00,100.00
2026-05-16T08:50:42.546213,0.00,11.10,0.00,100.00
2026-05-16T08:50:42.649737,20.00,10.00,10.00,100.00
2026-05-16T08:50:42.753329,20.00,11.10,20.00,100.00
2026-05-16T08:50:42.856675,11.10,0.00,0.00,100.00
2026-05-16T08:50:42.960672,10.00,0.00,11.10,100.00
2026-05-16T08:50:43.064520,11.10,11.10,0.00,100.00
2026-05-16T08:50:43.168518,27.30,0.00,0.00,100.00
2026-05-16T08:50:43.272554,0.00,0.00,0.00,100.00
2026-05-16T08:50:43.375733,10.00,20.00,0.00,100.00
2026-05-16T08:50:43.479057,11.10,0.00,11.10,100.00
2026-05-16T08:50:43.582657,20.00,18.20,0.00,100.00
2026-05-16T08:50:43.686938,10.00,0.00,0.00,100.00
2026-05-16T08:50:43.846483,26.70,28.60,37.50,100.00
2026-05-16T08:50:43.949882,0.00,22.20,100.00,100.00
2026-05-16T08:50:44.053679,11.10,0.00,100.00,100.00
2026-05-16T08:50:44.157252,20.00,0.00,100.00,100.00
2026-05-16T08:50:44.261051,0.00,20.00,100.00,100.00
2026-05-16T08:50:44.364980,11.10,12.50,100.00,100.00
2026-05-16T08:50:44.468913,11.10,0.00,100.00,100.00
2026-05-16T08:50:44.573181,11.10,12.50,100.00,100.00
2026-05-16T08:50:44.677336,0.00,11.10,100.00,100.00
2026-05-16T08:50:44.781008,11.10,20.00,100.00,100.00
2026-05-16T08:50:44.884688,20.00,0.00,100.00,100.00
2026-05-16T08:50:44.989047,10.00,11.10,100.00,100.00
2026-05-16T08:50:45.093750,0.00,0.00,100.00,100.00
2026-05-16T08:50:45.197489,0.00,27.30,100.00,100.00
2026-05-16T08:50:45.301160,22.20,0.00,100.00,100.00
2026-05-16T08:50:45.405718,10.00,0.00,100.00,100.00
2026-05-16T08:50:45.509545,20.00,20.00,100.00,100.00
2026-05-16T08:50:45.613692,11.10,11.10,100.00,100.00
2026-05-16T08:50:45.717756,11.10,0.00,100.00,100.00
2026-05-16T08:50:45.822643,58.30,50.00,100.00,100.00
2026-05-16T08:50:45.929096,60.00,69.20,100.00,100.00
2026-05-16T08:50:46.033143,60.00,72.70,100.00,100.00
2026-05-16T08:50:46.138208,63.60,70.00,100.00,100.00
2026-05-16T08:50:46.243462,60.00,63.60,100.00,100.00
2026-05-16T08:50:46.348999,50.00,72.70,100.00,100.00
2026-05-16T08:50:46.453983,63.60,63.60,100.00,100.00
2026-05-16T08:50:46.559908,63.60,72.70,100.00,100.00
2026-05-16T08:50:46.665542,72.70,66.70,100.00,100.00
2026-05-16T08:50:46.770331,50.00,66.70,100.00,100.00
2026-05-16T08:50:46.875934,69.20,55.60,100.00,100.00
2026-05-16T08:50:46.980751,60.00,60.00,100.00,100.00
2026-05-16T08:50:47.086703,63.60,54.50,100.00,100.00
2026-05-16T08:50:47.191504,60.00,63.60,100.00,100.00
2026-05-16T08:50:47.296377,63.60,70.00,100.00,100.00
2026-05-16T08:50:47.401469,58.30,66.70,100.00,100.00
2026-05-16T08:50:47.505686,60.00,55.60,100.00,100.00
2026-05-16T08:50:47.611199,60.00,63.60,100.00,100.00
2026-05-16T08:50:47.729327,66.70,76.90,100.00,100.00
2026-05-16T08:50:47.834694,66.70,63.60,100.00,100.00
2026-05-16T08:50:47.940001,72.70,37.50,100.00,100.00
2026-05-16T08:50:48.045515,63.60,60.00,100.00,100.00
2026-05-16T08:50:48.151665,66.70,61.50,100.00,100.00
2026-05-16T08:50:48.257088,63.60,55.60,100.00,100.00
2026-05-16T08:50:48.362294,60.00,70.00,100.00,100.00
2026-05-16T08:50:48.467498,66.70,50.00,100.00,100.00
2026-05-16T08:50:48.572951,63.60,72.70,100.00,100.00
2026-05-16T08:50:48.679099,60.00,72.70,100.00,100.00
2026-05-16T08:50:48.783890,63.60,72.70,100.00,100.00
2026-05-16T08:50:48.888328,63.60,55.60,100.00,100.00
2026-05-16T08:50:48.993077,63.60,66.70,100.00,100.00
2026-05-16T08:50:49.098234,55.60,55.60,100.00,100.00
2026-05-16T08:50:49.203111,63.60,63.60,100.00,100.00
2026-05-16T08:50:49.307674,63.60,70.00,100.00,100.00
2026-05-16T08:50:49.412071,60.00,63.60,100.00,100.00
2026-05-16T08:50:49.516632,54.50,70.00,100.00,100.00
2026-05-16T08:50:49.621884,60.00,63.60,100.00,100.00
2026-05-16T08:50:49.727494,70.00,70.00,100.00,100.00
2026-05-16T08:50:49.832124,83.30,90.00,100.00,100.00
2026-05-16T08:50:49.937623,81.80,90.00,100.00,100.00
2026-05-16T08:50:50.042269,88.90,91.70,100.00,100.00
2026-05-16T08:50:50.255825,90.50,95.50,100.00,100.00
2026-05-16T08:50:50.361171,72.70,70.00,80.00,27.30
2026-05-16T08:50:50.466866,72.70,70.00,75.00,22.20
2026-05-16T08:50:50.571966,75.00,72.70,83.30,11.10
2026-05-16T08:50:50.677077,66.70,72.70,80.00,22.20
2026-05-16T08:50:50.781794,72.70,72.70,83.30,30.00
2026-05-16T08:50:50.886485,70.00,70.00,81.80,27.30
2026-05-16T08:50:50.991882,72.70,75.00,75.00,22.20
2026-05-16T08:50:51.096423,72.70,70.00,81.80,30.00
2026-05-16T08:50:51.202667,66.70,81.80,83.30,22.20
2026-05-16T08:50:51.310521,76.90,72.70,90.90,30.00
2026-05-16T08:50:51.416141,72.70,80.00,81.80,12.50
2026-05-16T08:50:51.522200,75.00,72.70,81.80,20.00
2026-05-16T08:50:51.627457,70.00,70.00,80.00,30.00
2026-05-16T08:50:51.732123,75.00,72.70,84.60,22.20
2026-05-16T08:50:51.837135,70.00,72.70,81.80,36.40
2026-05-16T08:50:51.942130,80.00,81.80,81.80,12.50
2026-05-16T08:50:52.048456,72.70,72.70,81.80,11.10
2026-05-16T08:50:52.153069,75.00,72.70,83.30,22.20
2026-05-16T08:50:52.258593,70.00,80.00,80.00,36.40
2026-05-16T08:50:52.363367,75.00,72.70,83.30,22.20
2026-05-16T08:50:52.469402,72.70,75.00,81.80,22.20
2026-05-16T08:50:52.574978,75.00,80.00,83.30,22.20
2026-05-16T08:50:52.679901,75.00,70.00,90.90,20.00
2026-05-16T08:50:52.784815,72.70,72.70,83.30,22.20
2026-05-16T08:50:52.889655,72.70,81.80,83.30,22.20
2026-05-16T08:50:52.994424,72.70,72.70,81.80,22.20
2026-05-16T08:50:53.099425,70.00,75.00,83.30,30.00
2026-05-16T08:50:53.206350,75.00,72.70,81.80,22.20
2026-05-16T08:50:53.311557,72.70,72.70,83.30,36.40
2026-05-16T08:50:53.416510,66.70,70.00,75.00,22.20
2026-05-16T08:50:53.521179,80.00,75.00,83.30,22.20
2026-05-16T08:50:53.627219,70.00,77.80,81.80,22.20
2026-05-16T08:50:53.732074,72.70,80.00,90.00,22.20
2026-05-16T08:50:53.837225,81.80,83.30,90.90,22.20
2026-05-16T08:50:53.942880,80.00,80.00,90.90,12.50
2026-05-16T08:50:54.048092,80.00,83.30,91.70,30.00
2026-05-16T08:50:54.153544,75.00,81.80,90.00,22.20
2026-05-16T08:50:54.260224,81.80,90.00,90.90,22.20
2026-05-16T08:50:54.365717,81.80,80.00,90.90,22.20
2026-05-16T08:50:54.470885,81.80,81.80,83.30,22.20
2026-05-16T08:50:54.576170,72.70,90.00,90.00,30.00
2026-05-16T08:50:54.680896,81.80,72.70,90.90,33.30
2026-05-16T08:50:54.785597,72.70,83.30,90.00,30.00
2026-05-16T08:50:54.890703,80.00,80.00,92.30,22.20
2026-05-16T08:50:54.995963,83.30,81.80,83.30,12.50
2026-05-16T08:50:55.100938,72.70,77.80,90.00,20.00
2026-05-16T08:50:55.205867,81.80,72.70,83.30,33.30
2026-05-16T08:50:55.310874,70.00,81.80,90.00,22.20
2026-05-16T08:50:55.415630,81.80,90.00,91.70,22.20
2026-05-16T08:50:55.520611,80.00,72.70,90.00,12.50
2026-05-16T08:50:55.625205,66.70,77.80,81.80,20.00
2026-05-16T08:50:55.730202,75.00,72.70,83.30,30.00
2026-05-16T08:50:55.835586,80.00,83.30,90.00,12.50
2026-05-16T08:50:55.940462,80.00,81.80,83.30,22.20
2026-05-16T08:50:56.045846,72.70,80.00,90.90,30.00
2026-05-16T08:50:56.154898,81.80,81.80,91.70,25.00
2026-05-16T08:50:56.260053,80.00,90.00,100.00,30.00
2026-05-16T08:50:56.365141,81.80,83.30,90.90,11.10
2026-05-16T08:50:56.470388,83.30,90.90,90.90,22.20
2026-05-16T08:50:56.576796,70.00,80.00,83.30,22.20
2026-05-16T08:50:56.683519,81.80,83.30,90.00,22.20
2026-05-16T08:50:56.788535,81.80,83.30,90.90,22.20
2026-05-16T08:50:56.894848,80.00,80.00,90.90,22.20
2026-05-16T08:50:57.000052,75.00,83.30,83.30,30.00
2026-05-16T08:50:57.106869,83.30,80.00,90.00,12.50
2026-05-16T08:50:57.212002,80.00,81.80,84.60,22.20
2026-05-16T08:50:57.317053,75.00,81.80,90.00,36.40
2026-05-16T08:50:57.422165,81.80,72.70,84.60,22.20
2026-05-16T08:50:57.527577,72.70,81.80,90.00,22.20
2026-05-16T08:50:57.632722,81.80,90.00,91.70,22.20
2026-05-16T08:50:57.737320,77.80,81.80,90.00,30.00
2026-05-16T08:50:57.842242,58.30,40.00,61.50,12.50
2026-05-16T08:50:57.946188,50.00,44.40,60.00,20.00
2026-05-16T08:50:58.050444,50.00,63.60,58.30,11.10
2026-05-16T08:50:58.154553,44.40,40.00,60.00,20.00
2026-05-16T08:50:58.258596,54.50,60.00,60.00,22.20
2026-05-16T08:50:58.363053,50.00,50.00,61.50,20.00
2026-05-16T08:50:58.468960,50.00,54.50,60.00,20.00
2026-05-16T08:50:58.574221,54.50,54.50,63.60,20.00
2026-05-16T08:50:58.678696,50.00,60.00,58.30,22.20
2026-05-16T08:50:58.783101,54.50,44.40,60.00,20.00
2026-05-16T08:50:58.887526,44.40,50.00,60.00,30.00
2026-05-16T08:50:58.992359,50.00,50.00,58.30,11.10
2026-05-16T08:50:59.097477,58.30,50.00,50.00,20.00
2026-05-16T08:50:59.201571,44.40,54.50,61.50,11.10
2026-05-16T08:50:59.306223,55.60,50.00,60.00,27.30
2026-05-16T08:50:59.411202,54.50,58.30,66.70,12.50
2026-05-16T08:50:59.515690,50.00,60.00,55.60,20.00
2026-05-16T08:50:59.620420,50.00,50.00,58.30,27.30
2026-05-16T08:50:59.724661,54.50,50.00,60.00,22.20
2026-05-16T08:50:59.828917,44.40,54.50,54.50,11.10
2026-05-16T08:50:59.934099,50.00,54.50,63.60,20.00
2026-05-16T08:51:00.038535,54.50,54.50,60.00,11.10
2026-05-16T08:51:00.143138,50.00,54.50,54.50,30.00
2026-05-16T08:51:00.247924,54.50,58.30,60.00,20.00
2026-05-16T08:51:00.352456,54.50,50.00,58.30,11.10
2026-05-16T08:51:00.456935,44.40,54.50,63.60,20.00
2026-05-16T08:51:00.560948,58.30,37.50,63.60,11.10
2026-05-16T08:51:00.665590,55.60,54.50,54.50,30.00
2026-05-16T08:51:00.769904,50.00,50.00,63.60,20.00
2026-05-16T08:51:00.874118,54.50,54.50,63.60,20.00
2026-05-16T08:51:00.978292,45.50,44.40,61.50,20.00
2026-05-16T08:51:01.082983,50.00,58.30,63.60,22.20
2026-05-16T08:51:01.187377,50.00,44.40,54.50,20.00
2026-05-16T08:51:01.293235,50.00,50.00,66.70,27.30
2026-05-16T08:51:01.397792,54.50,58.30,60.00,12.50
2026-05-16T08:51:01.503081,58.30,50.00,54.50,27.30
2026-05-16T08:51:01.609946,50.00,58.30,63.60,11.10
2026-05-16T08:51:01.714868,44.40,54.50,54.50,20.00
2026-05-16T08:51:01.819796,60.00,60.00,70.00,12.50
2026-05-16T08:51:01.924839,63.60,63.60,70.00,27.30
2026-05-16T08:51:02.029370,60.00,55.60,75.00,12.50
2026-05-16T08:51:02.134109,60.00,63.60,69.20,30.00
2026-05-16T08:51:02.238744,63.60,63.60,75.00,20.00
2026-05-16T08:51:02.343457,55.60,66.70,70.00,22.20
2026-05-16T08:51:02.448749,60.00,66.70,75.00,22.20
2026-05-16T08:51:02.554051,63.60,60.00,75.00,20.00
2026-05-16T08:51:02.658408,66.70,63.60,72.70,22.20
2026-05-16T08:51:02.762591,63.60,70.00,72.70,11.10
2026-05-16T08:51:02.868554,54.50,50.00,66.70,22.20
2026-05-16T08:51:02.973016,63.60,70.00,72.70,27.30
2026-05-16T08:51:03.077470,70.00,60.00,72.70,12.50
2026-05-16T08:51:03.182656,66.70,60.00,70.00,20.00
2026-05-16T08:51:03.287658,60.00,60.00,72.70,22.20
2026-05-16T08:51:03.392434,60.00,63.60,75.00,22.20
2026-05-16T08:51:03.496676,63.60,63.60,72.70,11.10
2026-05-16T08:51:03.604201,66.70,60.00,70.00,22.20
2026-05-16T08:51:03.710429,63.60,72.70,71.40,33.30
2026-05-16T08:51:03.814650,63.60,60.00,72.70,12.50
2026-05-16T08:51:03.918617,60.00,60.00,75.00,20.00
2026-05-16T08:51:04.023435,60.00,66.70,70.00,12.50
2026-05-16T08:51:04.127966,63.60,60.00,75.00,20.00
2026-05-16T08:51:04.232751,63.60,60.00,66.70,22.20
2026-05-16T08:51:04.337620,66.70,63.60,70.00,27.30
2026-05-16T08:51:04.442699,54.50,60.00,72.70,22.20
2026-05-16T08:51:04.546821,60.00,60.00,66.70,11.10
2026-05-16T08:51:04.651696,60.00,63.60,75.00,11.10
2026-05-16T08:51:04.756219,66.70,66.70,66.70,36.40
2026-05-16T08:51:04.860701,60.00,55.60,70.00,12.50
2026-05-16T08:51:04.965470,60.00,63.60,75.00,27.30
2026-05-16T08:51:05.070445,63.60,60.00,63.60,12.50
2026-05-16T08:51:05.175441,60.00,63.60,75.00,20.00
2026-05-16T08:51:05.279803,63.60,60.00,70.00,30.00
2026-05-16T08:51:05.383841,60.00,60.00,66.70,30.00
2026-05-16T08:51:05.488576,63.60,66.70,70.00,11.10
2026-05-16T08:51:05.593425,60.00,63.60,75.00,36.40
2026-05-16T08:51:05.697853,60.00,60.00,63.60,12.50
2026-05-16T08:51:05.801888,37.50,54.50,50.00,20.00
2026-05-16T08:51:05.906454,45.50,33.30,54.50,11.10
2026-05-16T08:51:06.010667,25.00,33.30,33.30,20.00
2026-05-16T08:51:06.114993,45.50,25.00,40.00,18.20
2026-05-16T08:51:06.219068,33.30,40.00,54.50,12.50
2026-05-16T08:51:06.324041,33.30,45.50,50.00,10.00
2026-05-16T08:51:06.427714,33.30,33.30,40.00,20.00
2026-05-16T08:51:06.531567,45.50,45.50,45.50,27.30
2026-05-16T08:51:06.635276,33.30,33.30,40.00,11.10
2026-05-16T08:51:06.739061,30.00,30.00,50.00,20.00
2026-05-16T08:51:06.843637,40.00,40.00,33.30,20.00
2026-05-16T08:51:06.948600,33.30,33.30,45.50,20.00
2026-05-16T08:51:07.052652,25.00,33.30,33.30,11.10
2026-05-16T08:51:07.156579,45.50,36.40,40.00,27.30
2026-05-16T08:51:07.260598,40.00,40.00,54.50,11.10
2026-05-16T08:51:07.365741,30.00,33.30,33.30,27.30
2026-05-16T08:51:07.470663,33.30,33.30,40.00,11.10
2026-05-16T08:51:07.574736,40.00,30.00,40.00,11.10
2026-05-16T08:51:07.678604,40.00,40.00,50.00,20.00
2026-05-16T08:51:07.782428,33.30,40.00,40.00,20.00
2026-05-16T08:51:07.886488,40.00,33.30,40.00,20.00
2026-05-16T08:51:07.990858,33.30,25.00,44.40,11.10
2026-05-16T08:51:08.094631,25.00,33.30,45.50,20.00
2026-05-16T08:51:08.198499,33.30,22.20,33.30,11.10
2026-05-16T08:51:08.302438,45.50,40.00,40.00,20.00
2026-05-16T08:51:08.406874,33.30,33.30,45.50,11.10
2026-05-16T08:51:08.511039,30.00,40.00,33.30,20.00
2026-05-16T08:51:08.615037,50.00,36.40,50.00,11.10
2026-05-16T08:51:08.719294,40.00,33.30,45.50,27.30
2026-05-16T08:51:08.822933,45.50,40.00,40.00,10.00
2026-05-16T08:51:08.928077,30.00,40.00,44.40,11.10
2026-05-16T08:51:09.032236,25.00,33.30,40.00,20.00
2026-05-16T08:51:09.136149,40.00,33.30,50.00,11.10
2026-05-16T08:51:09.239981,33.30,33.30,40.00,27.30
2026-05-16T08:51:09.344690,33.30,45.50,45.50,20.00
2026-05-16T08:51:09.448977,33.30,30.00,50.00,11.10
2026-05-16T08:51:09.552778,45.50,40.00,40.00,20.00
2026-05-16T08:51:09.657034,30.00,33.30,40.00,20.00
2026-05-16T08:51:09.762176,44.40,50.00,54.50,22.20
2026-05-16T08:51:09.867404,80.00,83.30,90.00,22.20
2026-05-16T08:51:09.971795,75.00,81.80,83.30,22.20
2026-05-16T08:51:10.077345,77.80,72.70,90.00,11.10
2026-05-16T08:51:10.183048,72.70,80.00,84.60,22.20
2026-05-16T08:51:10.287651,80.00,80.00,90.90,22.20
2026-05-16T08:51:10.392465,75.00,75.00,90.90,30.00
2026-05-16T08:51:10.497086,72.70,81.80,83.30,22.20
2026-05-16T08:51:10.605216,75.00,72.70,83.30,22.20
2026-05-16T08:51:10.710561,72.70,70.00,83.30,22.20
2026-05-16T08:51:10.815757,81.80,81.80,90.00,36.40
2026-05-16T08:51:10.920884,80.00,80.00,90.90,22.20
2026-05-16T08:51:11.027134,75.00,83.30,92.30,22.20
2026-05-16T08:51:11.132985,81.80,81.80,90.90,30.00
2026-05-16T08:51:11.238436,77.80,80.00,91.70,12.50
2026-05-16T08:51:11.344620,81.80,80.00,90.00,22.20
2026-05-16T08:51:11.450156,72.70,83.30,90.90,30.00
2026-05-16T08:51:11.555184,80.00,77.80,84.60,12.50
2026-05-16T08:51:11.660118,81.80,81.80,90.00,22.20
2026-05-16T08:51:11.764795,81.80,77.80,90.90,22.20
2026-05-16T08:51:11.869602,70.00,75.00,90.90,22.20
2026-05-16T08:51:11.974389,75.00,70.00,83.30,12.50
2026-05-16T08:51:12.078900,80.00,81.80,90.00,30.00
2026-05-16T08:51:12.184748,81.80,80.00,81.80,22.20
2026-05-16T08:51:12.289962,66.70,90.90,91.70,22.20
2026-05-16T08:51:12.396212,81.80,80.00,90.00,30.00
2026-05-16T08:51:12.502094,80.00,80.00,90.90,22.20
2026-05-16T08:51:12.608880,72.70,80.00,81.80,22.20
2026-05-16T08:51:12.714806,81.80,83.30,91.70,30.00
2026-05-16T08:51:12.819408,72.70,75.00,90.90,22.20
2026-05-16T08:51:12.924423,80.00,77.80,83.30,22.20
2026-05-16T08:51:13.030006,75.00,70.00,83.30,11.10
2026-05-16T08:51:13.134709,70.00,80.00,83.30,22.20
2026-05-16T08:51:13.240066,81.80,75.00,90.90,30.00
2026-05-16T08:51:13.345878,77.80,80.00,90.00,22.20
2026-05-16T08:51:13.450670,72.70,83.30,90.90,30.00
2026-05-16T08:51:13.556002,81.80,80.00,83.30,22.20
2026-05-16T08:51:13.661213,80.00,83.30,91.70,30.00
2026-05-16T08:51:13.765450,72.70,75.00,81.80,22.20
2026-05-16T08:51:13.869829,44.40,45.50,44.40,11.10
2026-05-16T08:51:13.974225,50.00,50.00,54.50,27.30
2026-05-16T08:51:14.078180,44.40,37.50,54.50,12.50
2026-05-16T08:51:14.182344,50.00,45.50,50.00,20.00
2026-05-16T08:51:14.287169,45.50,50.00,60.00,20.00
2026-05-16T08:51:14.393228,44.40,33.30,54.50,18.20
2026-05-16T08:51:14.498597,50.00,50.00,54.50,12.50
2026-05-16T08:51:14.603484,40.00,54.50,58.30,27.30
2026-05-16T08:51:14.707541,54.50,33.30,58.30,11.10
2026-05-16T08:51:14.811943,44.40,50.00,50.00,20.00
2026-05-16T08:51:14.917284,40.00,33.30,50.00,20.00
2026-05-16T08:51:15.021508,50.00,54.50,54.50,20.00
2026-05-16T08:51:15.127180,45.50,50.00,54.50,11.10
2026-05-16T08:51:15.232193,44.40,44.40,54.50,30.00
2026-05-16T08:51:15.336475,37.50,45.50,55.60,20.00
2026-05-16T08:51:15.440733,45.50,37.50,53.80,11.10
2026-05-16T08:51:15.544877,50.00,50.00,55.60,11.10
2026-05-16T08:51:15.649511,44.40,45.50,58.30,20.00
2026-05-16T08:51:15.754748,45.50,37.50,50.00,11.10
2026-05-16T08:51:15.859103,44.40,45.50,50.00,20.00
2026-05-16T08:51:15.963523,40.00,58.30,54.50,11.10
2026-05-16T08:51:16.067435,54.50,37.50,50.00,11.10
2026-05-16T08:51:16.171609,50.00,45.50,50.00,27.30
2026-05-16T08:51:16.275949,44.40,44.40,63.60,30.00
2026-05-16T08:51:16.380275,45.50,50.00,44.40,22.20
2026-05-16T08:51:16.484639,44.40,50.00,54.50,11.10
2026-05-16T08:51:16.589077,50.00,40.00,54.50,11.10
2026-05-16T08:51:16.693810,54.50,54.50,54.50,20.00
2026-05-16T08:51:16.797826,33.30,44.40,54.50,20.00
2026-05-16T08:51:16.901914,50.00,45.50,54.50,30.00
2026-05-16T08:51:17.006734,28.60,44.40,63.60,20.00
2026-05-16T08:51:17.111533,50.00,53.80,44.40,11.10
2026-05-16T08:51:17.216048,50.00,54.50,54.50,20.00
2026-05-16T08:51:17.322184,44.40,44.40,54.50,30.00
2026-05-16T08:51:17.426444,50.00,45.50,50.00,20.00
2026-05-16T08:51:17.530319,45.50,50.00,54.50,20.00
2026-05-16T08:51:17.634154,50.00,44.40,55.60,11.10
2026-05-16T08:51:17.738552,40.00,45.50,50.00,20.00
2026-05-16T08:51:17.842773,50.00,44.40,50.00,12.50
2026-05-16T08:51:17.947706,33.30,40.00,45.50,18.20
2026-05-16T08:51:18.051929,54.50,54.50,60.00,11.10
2026-05-16T08:51:18.155820,50.00,33.30,50.00,20.00
2026-05-16T08:51:18.260748,40.00,54.50,50.00,27.30
2026-05-16T08:51:18.364916,50.00,44.40,54.50,11.10
2026-05-16T08:51:18.470007,40.00,45.50,44.40,20.00
2026-05-16T08:51:18.574029,44.40,40.00,50.00,11.10
2026-05-16T08:51:18.678244,45.50,54.50,50.00,20.00
2026-05-16T08:51:18.783707,44.40,40.00,54.50,20.00
2026-05-16T08:51:18.887503,50.00,37.50,50.00,20.00
2026-05-16T08:51:18.992122,50.00,50.00,58.30,11.10
2026-05-16T08:51:19.096223,37.50,44.40,50.00,11.10
2026-05-16T08:51:19.201084,50.00,40.00,60.00,20.00
2026-05-16T08:51:19.305489,44.40,44.40,50.00,22.20
2026-05-16T08:51:19.410351,50.00,50.00,58.30,20.00
2026-05-16T08:51:19.514384,45.50,44.40,50.00,11.10
2026-05-16T08:51:19.618794,44.40,45.50,54.50,36.40
2026-05-16T08:51:19.723669,45.50,50.00,54.50,11.10
2026-05-16T08:51:19.827878,50.00,40.00,54.50,20.00
2026-05-16T08:51:19.932213,50.00,50.00,50.00,20.00
2026-05-16T08:51:20.036561,45.50,45.50,50.00,11.10
2026-05-16T08:51:20.141380,50.00,50.00,58.30,20.00
2026-05-16T08:51:20.246007,40.00,33.30,40.00,20.00
2026-05-16T08:51:20.351404,50.00,50.00,63.60,11.10
2026-05-16T08:51:20.456396,50.00,45.50,50.00,20.00
2026-05-16T08:51:20.561020,40.00,37.50,54.50,11.10
2026-05-16T08:51:20.665740,50.00,50.00,50.00,20.00
2026-05-16T08:51:20.769626,40.00,40.00,50.00,20.00
2026-05-16T08:51:20.873688,50.00,50.00,54.50,11.10
2026-05-16T08:51:20.977605,40.00,40.00,54.50,11.10
2026-05-16T08:51:21.083744,50.00,44.40,50.00,20.00
2026-05-16T08:51:21.188602,50.00,45.50,50.00,20.00
2026-05-16T08:51:21.293231,44.40,50.00,54.50,27.30
2026-05-16T08:51:21.397427,50.00,44.40,50.00,11.10
2026-05-16T08:51:21.501700,40.00,40.00,58.30,20.00
2026-05-16T08:51:21.607043,44.40,54.50,54.50,22.20
2026-05-16T08:51:21.711816,45.50,40.00,44.40,11.10
2026-05-16T08:51:21.837638,27.30,10.00,20.00,30.80
2026-05-16T08:51:21.941519,10.00,11.10,10.00,100.00
2026-05-16T08:51:22.045863,0.00,11.10,0.00,100.00
2026-05-16T08:51:22.149429,11.10,0.00,20.00,100.00
2026-05-16T08:51:22.252651,25.00,0.00,0.00,100.00
2026-05-16T08:51:22.356468,11.10,11.10,0.00,100.00
2026-05-16T08:51:22.460451,0.00,0.00,0.00,100.00
2026-05-16T08:51:22.564136,10.00,18.20,11.10,100.00
2026-05-16T08:51:22.667840,11.10,11.10,11.10,100.00
2026-05-16T08:51:22.771437,20.00,0.00,0.00,100.00
2026-05-16T08:51:22.874795,20.00,10.00,0.00,100.00
2026-05-16T08:51:22.978337,10.00,0.00,20.00,100.00
2026-05-16T08:51:23.081706,20.00,0.00,0.00,100.00
2026-05-16T08:51:23.185178,11.10,0.00,0.00,100.00
2026-05-16T08:51:23.288811,20.00,20.00,11.10,100.00
2026-05-16T08:51:23.393288,11.10,11.10,0.00,100.00
2026-05-16T08:51:23.496971,30.80,0.00,0.00,100.00
2026-05-16T08:51:23.600508,0.00,11.10,11.10,100.00
2026-05-16T08:51:23.704667,20.00,0.00,11.10,100.00
2026-05-16T08:51:23.870356,21.40,28.60,35.70,100.00
2026-05-16T08:51:23.974274,20.00,0.00,100.00,100.00
2026-05-16T08:51:24.079174,11.10,22.20,100.00,100.00
2026-05-16T08:51:24.183081,22.20,11.10,100.00,100.00
2026-05-16T08:51:24.286700,0.00,0.00,100.00,100.00
2026-05-16T08:51:24.390681,0.00,0.00,100.00,100.00
2026-05-16T08:51:24.494700,20.00,12.50,100.00,100.00
2026-05-16T08:51:24.598125,20.00,0.00,100.00,100.00
2026-05-16T08:51:24.701865,11.10,11.10,100.00,100.00
2026-05-16T08:51:24.805726,11.10,11.10,100.00,100.00
2026-05-16T08:51:24.909546,18.20,12.50,100.00,100.00
2026-05-16T08:51:25.013930,22.20,11.10,100.00,100.00
2026-05-16T08:51:25.117873,11.10,11.10,100.00,100.00
2026-05-16T08:51:25.221928,0.00,12.50,100.00,100.00
2026-05-16T08:51:25.325895,20.00,0.00,100.00,100.00
2026-05-16T08:51:25.429956,11.10,0.00,100.00,100.00
2026-05-16T08:51:25.533907,11.10,11.10,100.00,100.00
2026-05-16T08:51:25.637907,11.10,0.00,100.00,100.00
2026-05-16T08:51:25.742020,20.00,12.50,100.00,100.00
2026-05-16T08:51:25.849087,60.00,63.60,100.00,100.00
2026-05-16T08:51:25.954829,72.70,72.70,100.00,100.00
2026-05-16T08:51:26.060553,63.60,60.00,100.00,100.00
2026-05-16T08:51:26.166509,70.00,75.00,100.00,100.00
2026-05-16T08:51:26.271048,75.00,72.70,100.00,100.00
2026-05-16T08:51:26.375966,55.60,70.00,100.00,100.00
2026-05-16T08:51:26.480078,75.00,75.00,100.00,100.00
2026-05-16T08:51:26.585577,66.70,63.60,100.00,100.00
2026-05-16T08:51:26.691619,66.70,72.70,100.00,100.00
2026-05-16T08:51:26.797685,75.00,72.70,100.00,100.00
2026-05-16T08:51:26.901981,70.00,70.00,100.00,100.00
2026-05-16T08:51:27.007037,72.70,63.60,100.00,100.00
2026-05-16T08:51:27.111520,70.00,70.00,100.00,100.00
2026-05-16T08:51:27.216416,63.60,63.60,100.00,100.00
2026-05-16T08:51:27.321355,72.70,72.70,100.00,100.00
2026-05-16T08:51:27.426642,70.00,72.70,100.00,100.00
2026-05-16T08:51:27.531052,63.60,63.60,100.00,100.00
2026-05-16T08:51:27.636197,63.60,80.00,100.00,100.00
2026-05-16T08:51:27.742639,66.70,75.00,100.00,100.00
2026-05-16T08:51:27.849386,63.60,83.30,100.00,100.00
2026-05-16T08:51:27.954148,80.00,72.70,100.00,100.00
2026-05-16T08:51:28.061006,75.00,72.70,100.00,100.00
2026-05-16T08:51:28.166671,70.00,72.70,100.00,100.00
2026-05-16T08:51:28.272662,76.90,70.00,100.00,100.00
2026-05-16T08:51:28.379953,70.00,72.70,100.00,100.00
2026-05-16T08:51:28.485403,72.70,72.70,100.00,100.00
2026-05-16T08:51:28.591890,60.00,77.80,100.00,100.00
2026-05-16T08:51:28.698365,72.70,69.20,100.00,100.00
2026-05-16T08:51:28.803384,63.60,75.00,100.00,100.00
2026-05-16T08:51:28.908970,70.00,70.00,100.00,100.00
2026-05-16T08:51:29.013368,72.70,66.70,100.00,100.00
2026-05-16T08:51:29.118483,63.60,66.70,100.00,100.00
2026-05-16T08:51:29.227507,72.70,72.70,100.00,100.00
2026-05-16T08:51:29.331825,63.60,70.00,100.00,100.00
2026-05-16T08:51:29.436682,70.00,75.00,100.00,100.00
2026-05-16T08:51:29.541046,60.00,72.70,100.00,100.00
2026-05-16T08:51:29.645776,63.60,70.00,100.00,100.00
2026-05-16T08:51:29.751597,70.00,75.00,100.00,100.00
2026-05-16T08:51:29.856967,50.00,58.30,100.00,100.00
2026-05-16T08:51:29.961822,40.00,60.00,100.00,100.00
2026-05-16T08:51:30.066710,54.50,60.00,100.00,100.00
2026-05-16T08:51:30.171582,50.00,54.50,100.00,100.00
2026-05-16T08:51:30.275901,44.40,63.60,100.00,100.00
2026-05-16T08:51:30.381213,50.00,63.60,100.00,100.00
2026-05-16T08:51:30.486001,50.00,50.00,100.00,100.00
2026-05-16T08:51:30.590893,54.50,54.50,100.00,100.00
2026-05-16T08:51:30.695372,55.60,50.00,100.00,100.00
2026-05-16T08:51:30.799974,50.00,58.30,100.00,100.00
2026-05-16T08:51:30.904611,50.00,60.00,100.00,100.00
2026-05-16T08:51:31.010035,54.50,50.00,100.00,100.00
2026-05-16T08:51:31.114160,50.00,50.00,100.00,100.00
2026-05-16T08:51:31.218709,54.50,50.00,100.00,100.00
2026-05-16T08:51:31.323367,60.00,60.00,100.00,100.00
2026-05-16T08:51:31.428128,54.50,63.60,100.00,100.00
2026-05-16T08:51:31.532819,63.60,60.00,100.00,100.00
2026-05-16T08:51:31.637350,50.00,63.60,100.00,100.00
2026-05-16T08:51:31.741710,54.50,54.50,100.00,100.00
2026-05-16T08:51:31.846481,50.00,50.00,100.00,100.00
2026-05-16T08:51:31.950197,50.00,54.50,100.00,100.00
2026-05-16T08:51:32.055264,63.60,55.60,100.00,100.00
2026-05-16T08:51:32.161314,55.60,63.60,100.00,100.00
2026-05-16T08:51:32.266961,54.50,50.00,100.00,100.00
2026-05-16T08:51:32.372430,54.50,50.00,100.00,100.00
2026-05-16T08:51:32.477153,54.50,63.60,100.00,100.00
2026-05-16T08:51:32.581699,60.00,63.60,100.00,100.00
2026-05-16T08:51:32.686511,44.40,60.00,100.00,100.00
2026-05-16T08:51:32.790847,54.50,50.00,100.00,100.00
2026-05-16T08:51:32.895653,54.50,60.00,100.00,100.00
2026-05-16T08:51:33.000111,54.50,58.30,100.00,100.00
2026-05-16T08:51:33.105389,37.50,63.60,100.00,100.00
2026-05-16T08:51:33.210105,60.00,50.00,100.00,100.00
2026-05-16T08:51:33.314870,60.00,63.60,100.00,100.00
2026-05-16T08:51:33.420086,54.50,55.60,100.00,100.00
2026-05-16T08:51:33.525481,60.00,66.70,100.00,100.00
2026-05-16T08:51:33.630060,54.50,60.00,100.00,100.00
2026-05-16T08:51:33.734555,55.60,66.70,100.00,100.00
2026-05-16T08:51:33.838325,11.10,12.50,100.00,100.00
2026-05-16T08:51:33.942780,27.30,11.10,100.00,100.00
2026-05-16T08:51:34.046774,11.10,11.10,100.00,100.00
2026-05-16T08:51:34.150456,11.10,0.00,100.00,100.00
2026-05-16T08:51:34.254307,27.30,11.10,100.00,100.00
2026-05-16T08:51:34.358137,10.00,11.10,100.00,100.00
2026-05-16T08:51:34.462126,0.00,11.10,100.00,100.00
2026-05-16T08:51:34.566140,20.00,20.00,100.00,100.00
2026-05-16T08:51:34.670162,0.00,0.00,100.00,100.00
2026-05-16T08:51:34.773665,10.00,11.10,100.00,100.00
2026-05-16T08:51:34.877489,20.00,11.10,100.00,100.00
2026-05-16T08:51:34.981544,11.10,11.10,100.00,100.00
2026-05-16T08:51:35.085600,11.10,11.10,100.00,100.00
2026-05-16T08:51:35.189644,11.10,12.50,100.00,100.00
2026-05-16T08:51:35.293984,20.00,22.20,100.00,100.00
2026-05-16T08:51:35.398926,20.00,0.00,100.00,100.00
2026-05-16T08:51:35.503958,11.10,20.00,100.00,100.00
2026-05-16T08:51:35.607739,11.10,0.00,100.00,100.00
2026-05-16T08:51:35.711242,20.00,0.00,100.00,100.00
2026-05-16T08:51:35.815048,11.10,11.10,100.00,100.00
2026-05-16T08:51:35.918992,20.00,11.10,100.00,100.00
2026-05-16T08:51:36.022601,0.00,11.10,100.00,100.00
2026-05-16T08:51:36.126553,11.10,0.00,100.00,100.00
2026-05-16T08:51:36.230416,12.50,20.00,100.00,100.00
2026-05-16T08:51:36.334655,18.20,11.10,100.00,100.00
2026-05-16T08:51:36.438533,20.00,0.00,100.00,100.00
2026-05-16T08:51:36.542628,10.00,20.00,100.00,100.00
2026-05-16T08:51:36.646168,0.00,0.00,100.00,100.00
2026-05-16T08:51:36.750568,10.00,11.10,100.00,100.00
2026-05-16T08:51:36.854587,11.10,11.10,100.00,100.00
2026-05-16T08:51:36.958425,20.00,0.00,100.00,100.00
2026-05-16T08:51:37.062326,20.00,11.10,100.00,100.00
2026-05-16T08:51:37.166072,18.20,0.00,100.00,100.00
2026-05-16T08:51:37.269843,12.50,12.50,100.00,100.00
2026-05-16T08:51:37.373562,11.10,11.10,100.00,100.00
2026-05-16T08:51:37.477126,0.00,11.10,100.00,100.00
2026-05-16T08:51:37.581245,27.30,0.00,100.00,100.00
2026-05-16T08:51:37.685344,0.00,0.00,100.00,100.00
2026-05-16T08:51:37.789062,27.30,11.10,100.00,100.00
2026-05-16T08:51:37.893115,10.00,11.10,100.00,100.00
2026-05-16T08:51:37.996947,20.00,0.00,100.00,100.00
2026-05-16T08:51:38.100742,10.00,11.10,100.00,100.00
2026-05-16T08:51:38.204380,11.10,0.00,100.00,100.00
2026-05-16T08:51:38.308124,11.10,10.00,100.00,100.00
2026-05-16T08:51:38.412067,10.00,0.00,100.00,100.00
2026-05-16T08:51:38.516327,0.00,11.10,100.00,100.00
2026-05-16T08:51:38.619947,11.10,0.00,100.00,100.00
2026-05-16T08:51:38.723816,11.10,20.00,100.00,100.00
2026-05-16T08:51:38.827481,0.00,0.00,100.00,100.00
2026-05-16T08:51:38.931459,11.10,10.00,100.00,100.00
2026-05-16T08:51:39.034969,10.00,0.00,100.00,100.00
2026-05-16T08:51:39.138702,20.00,0.00,100.00,100.00
2026-05-16T08:51:39.242657,0.00,0.00,100.00,100.00
2026-05-16T08:51:39.684580,40.50,48.70,100.00,71.40
2026-05-16T08:51:39.788777,10.00,12.50,100.00,100.00
2026-05-16T08:51:39.893149,11.10,11.10,100.00,100.00
2026-05-16T08:51:39.996922,20.00,20.00,100.00,100.00
2026-05-16T08:51:40.101552,20.00,0.00,100.00,100.00
2026-05-16T08:51:40.205433,0.00,27.30,100.00,100.00
2026-05-16T08:51:40.309110,10.00,0.00,100.00,100.00
2026-05-16T08:51:40.412692,11.10,12.50,100.00,100.00
2026-05-16T08:51:40.516465,11.10,0.00,100.00,100.00
2026-05-16T08:51:40.620515,11.10,11.10,100.00,100.00
2026-05-16T08:51:40.724106,18.20,0.00,100.00,100.00
2026-05-16T08:51:40.828247,0.00,11.10,100.00,100.00
2026-05-16T08:51:40.932187,20.00,11.10,100.00,100.00
2026-05-16T08:51:41.036678,0.00,0.00,100.00,100.00
2026-05-16T08:51:41.140641,18.20,0.00,100.00,100.00
2026-05-16T08:51:41.244424,20.00,11.10,100.00,100.00
2026-05-16T08:51:41.349417,11.10,11.10,100.00,100.00
2026-05-16T08:51:41.453159,18.20,0.00,100.00,100.00
2026-05-16T08:51:41.557072,11.10,11.10,100.00,100.00
2026-05-16T08:51:41.661080,10.00,0.00,100.00,100.00
2026-05-16T08:51:41.766094,20.00,22.20,100.00,100.00
2026-05-16T08:51:41.870499,55.60,63.60,100.00,100.00
2026-05-16T08:51:41.975455,44.40,50.00,100.00,100.00
2026-05-16T08:51:42.079705,50.00,66.70,100.00,100.00
2026-05-16T08:51:42.184756,54.50,50.00,100.00,100.00
2026-05-16T08:51:42.290175,58.30,54.50,100.00,100.00
2026-05-16T08:51:42.395425,55.60,60.00,100.00,100.00
2026-05-16T08:51:42.500305,55.60,60.00,100.00,100.00
2026-05-16T08:51:42.608151,54.50,70.00,100.00,100.00
2026-05-16T08:51:42.713164,44.40,69.20,100.00,100.00
2026-05-16T08:51:42.817996,50.00,70.00,100.00,100.00
2026-05-16T08:51:42.923206,44.40,55.60,100.00,100.00
2026-05-16T08:51:43.027517,58.30,44.40,100.00,100.00
2026-05-16T08:51:43.133127,50.00,60.00,100.00,100.00
2026-05-16T08:51:43.237756,66.70,70.00,100.00,100.00
2026-05-16T08:51:43.343568,63.60,60.00,100.00,100.00
2026-05-16T08:51:43.448224,62.50,60.00,100.00,100.00
2026-05-16T08:51:43.553522,58.30,60.00,100.00,100.00
2026-05-16T08:51:43.659835,70.00,66.70,100.00,100.00
2026-05-16T08:51:43.763967,50.00,72.70,100.00,100.00
2026-05-16T08:51:43.870104,50.00,63.60,100.00,100.00
2026-05-16T08:51:43.974978,60.00,60.00,100.00,100.00
2026-05-16T08:51:44.079734,58.30,60.00,100.00,100.00
2026-05-16T08:51:44.184585,55.60,63.60,100.00,100.00
2026-05-16T08:51:44.289221,54.50,50.00,100.00,100.00
2026-05-16T08:51:44.394713,54.50,60.00,100.00,100.00
2026-05-16T08:51:44.499028,55.60,54.50,100.00,100.00
2026-05-16T08:51:44.605593,54.50,60.00,100.00,100.00
2026-05-16T08:51:44.710984,54.50,63.60,100.00,100.00
2026-05-16T08:51:44.816554,60.00,60.00,100.00,100.00
2026-05-16T08:51:44.920904,66.70,54.50,100.00,100.00
2026-05-16T08:51:45.025262,50.00,55.60,100.00,100.00
2026-05-16T08:51:45.131088,54.50,54.50,100.00,100.00
2026-05-16T08:51:45.235472,54.50,70.00,100.00,100.00
2026-05-16T08:51:45.340070,70.00,55.60,100.00,100.00
2026-05-16T08:51:45.444798,58.30,54.50,100.00,100.00
2026-05-16T08:51:45.549596,55.60,60.00,100.00,100.00
2026-05-16T08:51:45.654165,50.00,54.50,100.00,100.00
2026-05-16T08:51:45.763410,60.00,70.00,100.00,100.00
2026-05-16T08:51:45.998506,100.00,96.00,100.00,100.00
2026-05-16T08:51:46.103808,75.00,90.00,100.00,22.20
2026-05-16T08:51:46.209496,77.80,80.00,90.90,22.20
2026-05-16T08:51:46.314552,81.80,80.00,91.70,40.00
2026-05-16T08:51:46.419415,75.00,81.80,81.80,22.20
2026-05-16T08:51:46.524637,70.00,75.00,80.00,11.10
2026-05-16T08:51:46.630194,81.80,72.70,90.90,22.20
2026-05-16T08:51:46.735238,75.00,80.00,90.90,22.20
2026-05-16T08:51:46.840491,81.80,75.00,81.80,30.00
2026-05-16T08:51:46.947375,80.00,81.80,91.70,22.20
2026-05-16T08:51:47.055443,72.70,81.80,83.30,22.20
2026-05-16T08:51:47.159694,80.00,80.00,90.90,11.10
2026-05-16T08:51:47.264124,75.00,75.00,83.30,25.00
2026-05-16T08:51:47.369570,70.00,72.70,83.30,33.30
2026-05-16T08:51:47.474812,81.80,81.80,83.30,22.20
2026-05-16T08:51:47.580183,72.70,70.00,90.90,22.20
2026-05-16T08:51:47.686164,72.70,81.80,81.80,22.20
2026-05-16T08:51:47.792034,80.00,72.70,91.70,30.00
2026-05-16T08:51:47.898702,72.70,80.00,81.80,12.50
2026-05-16T08:51:48.004217,72.70,83.30,81.80,12.50
2026-05-16T08:51:48.109095,83.30,72.70,81.80,22.20
2026-05-16T08:51:48.214954,66.70,80.00,90.90,22.20
2026-05-16T08:51:48.320191,75.00,76.90,83.30,30.00
2026-05-16T08:51:48.426637,81.80,81.80,80.00,22.20
2026-05-16T08:51:48.532231,72.70,80.00,91.70,22.20
2026-05-16T08:51:48.638513,72.70,75.00,83.30,20.00
2026-05-16T08:51:48.743826,81.80,80.00,90.90,30.00
2026-05-16T08:51:48.849154,81.80,80.00,84.60,25.00
2026-05-16T08:51:48.954967,72.70,75.00,90.00,27.30
2026-05-16T08:51:49.060623,80.00,80.00,90.90,12.50
2026-05-16T08:51:49.166471,70.00,80.00,90.90,30.00
2026-05-16T08:51:49.271834,80.00,81.80,83.30,25.00
2026-05-16T08:51:49.376900,80.00,81.80,90.90,22.20
2026-05-16T08:51:49.483052,75.00,80.00,83.30,11.10
2026-05-16T08:51:49.588440,80.00,81.80,90.00,33.30
2026-05-16T08:51:49.693590,70.00,75.00,81.80,22.20
2026-05-16T08:51:49.798426,54.50,50.00,66.70,11.10
2026-05-16T08:51:49.902954,33.30,33.30,44.40,11.10
2026-05-16T08:51:50.007725,40.00,33.30,33.30,25.00
2026-05-16T08:51:50.111958,33.30,30.00,45.50,11.10
2026-05-16T08:51:50.216044,33.30,33.30,40.00,20.00
2026-05-16T08:51:50.320055,40.00,45.50,40.00,11.10
2026-05-16T08:51:50.423813,36.40,30.00,40.00,27.30
2026-05-16T08:51:50.527906,25.00,33.30,45.50,11.10
2026-05-16T08:51:50.631519,40.00,33.30,37.50,11.10
2026-05-16T08:51:50.736471,25.00,40.00,45.50,11.10
2026-05-16T08:51:50.840620,40.00,33.30,33.30,30.00
2026-05-16T08:51:50.944165,40.00,40.00,40.00,20.00
2026-05-16T08:51:51.048610,33.30,40.00,50.00,11.10
2026-05-16T08:51:51.152986,25.00,25.00,33.30,30.00
2026-05-16T08:51:51.258033,33.30,40.00,40.00,36.40
2026-05-16T08:51:51.362520,40.00,40.00,50.00,11.10
2026-05-16T08:51:51.466600,40.00,33.30,40.00,20.00
2026-05-16T08:51:51.570894,30.00,33.30,40.00,20.00
2026-05-16T08:51:51.675992,33.30,40.00,50.00,30.00
2026-05-16T08:51:51.780238,40.00,40.00,40.00,11.10
2026-05-16T08:51:51.884232,33.30,33.30,40.00,27.30
2026-05-16T08:51:51.988914,40.00,40.00,50.00,11.10
2026-05-16T08:51:52.093127,37.50,33.30,45.50,11.10
2026-05-16T08:51:52.197992,40.00,33.30,40.00,27.30
2026-05-16T08:51:52.302591,33.30,33.30,25.00,20.00
2026-05-16T08:51:52.406547,40.00,33.30,45.50,20.00
2026-05-16T08:51:52.510924,33.30,30.00,50.00,11.10
2026-05-16T08:51:52.615908,36.40,37.50,45.50,11.10
2026-05-16T08:51:52.720601,33.30,36.40,33.30,20.00
2026-05-16T08:51:52.825824,33.30,37.50,44.40,22.20
2026-05-16T08:51:52.929749,40.00,33.30,45.50,20.00
2026-05-16T08:51:53.034449,33.30,36.40,45.50,30.00
2026-05-16T08:51:53.138384,30.00,25.00,33.30,20.00
2026-05-16T08:51:53.242917,40.00,40.00,44.40,20.00
2026-05-16T08:51:53.348065,33.30,33.30,40.00,30.00
2026-05-16T08:51:53.452793,33.30,40.00,44.40,22.20
2026-05-16T08:51:53.556895,33.30,30.00,45.50,20.00
2026-05-16T08:51:53.662505,45.50,36.40,40.00,27.30
2026-05-16T08:51:53.767671,54.50,50.00,55.60,12.50
2026-05-16T08:51:53.873017,70.00,80.00,76.90,22.20
2026-05-16T08:51:53.979107,70.00,81.80,90.90,40.00
2026-05-16T08:51:54.084580,75.00,80.00,81.80,22.20
2026-05-16T08:51:54.190216,72.70,72.70,84.60,30.00
2026-05-16T08:51:54.295184,80.00,80.00,81.80,14.30
2026-05-16T08:51:54.400525,70.00,75.00,81.80,30.00
2026-05-16T08:51:54.505678,70.00,80.00,83.30,22.20
2026-05-16T08:51:54.610347,81.80,72.70,90.00,22.20
2026-05-16T08:51:54.715799,70.00,72.70,83.30,30.00
2026-05-16T08:51:54.821858,75.00,80.00,81.80,33.30
2026-05-16T08:51:54.927126,81.80,80.00,90.00,22.20
2026-05-16T08:51:55.032491,72.70,75.00,83.30,12.50
2026-05-16T08:51:55.137813,75.00,75.00,84.60,30.00
2026-05-16T08:51:55.242933,77.80,66.70,80.00,40.00
2026-05-16T08:51:55.348094,70.00,77.80,81.80,20.00
2026-05-16T08:51:55.452736,75.00,75.00,83.30,22.20
2026-05-16T08:51:55.558376,70.00,70.00,81.80,30.00
2026-05-16T08:51:55.663191,70.00,72.70,83.30,22.20
2026-05-16T08:51:55.768393,75.00,72.70,83.30,44.40
2026-05-16T08:51:55.873404,72.70,77.80,81.80,22.20
2026-05-16T08:51:55.977952,77.80,75.00,90.90,30.00
2026-05-16T08:51:56.084066,72.70,83.30,81.80,12.50
2026-05-16T08:51:56.188907,70.00,83.30,90.00,30.00
2026-05-16T08:51:56.293240,81.80,77.80,81.80,33.30
2026-05-16T08:51:56.399002,70.00,75.00,81.80,20.00
2026-05-16T08:51:56.505598,70.00,72.70,83.30,33.30
2026-05-16T08:51:56.610862,75.00,80.00,83.30,22.20
2026-05-16T08:51:56.715822,80.00,72.70,81.80,36.40
2026-05-16T08:51:56.820144,63.60,75.00,83.30,25.00
2026-05-16T08:51:56.925651,70.00,72.70,83.30,30.00
2026-05-16T08:51:57.031578,75.00,81.80,80.00,20.00
2026-05-16T08:51:57.135819,70.00,72.70,76.90,22.20
2026-05-16T08:51:57.240703,72.70,70.00,81.80,45.50
2026-05-16T08:51:57.346523,75.00,81.80,90.00,22.20
2026-05-16T08:51:57.451544,72.70,72.70,81.80,22.20
2026-05-16T08:51:57.557065,80.00,80.00,81.80,22.20
2026-05-16T08:51:57.662685,75.00,75.00,83.30,40.00
2026-05-16T08:51:57.766220,60.00,55.60,70.00,11.10
2026-05-16T08:51:58.529755,7.60,6.20,6.50,16.70
2026-05-16T08:51:58.633757,27.30,20.00,0.00,100.00
2026-05-16T08:51:58.737191,20.00,30.00,11.10,100.00
2026-05-16T08:51:58.840916,11.10,0.00,11.10,100.00
2026-05-16T08:51:58.944512,11.10,12.50,11.10,100.00
2026-05-16T08:51:59.047985,11.10,20.00,12.50,100.00
2026-05-16T08:51:59.152469,18.20,20.00,0.00,100.00
2026-05-16T08:51:59.255995,12.50,11.10,12.50,100.00
2026-05-16T08:51:59.360024,11.10,12.50,11.10,100.00
2026-05-16T08:51:59.464241,27.30,20.00,11.10,100.00
2026-05-16T08:51:59.567549,11.10,12.50,0.00,100.00
2026-05-16T08:51:59.671115,11.10,11.10,11.10,100.00
2026-05-16T08:51:59.774692,0.00,0.00,0.00,100.00
2026-05-16T08:51:59.877937,30.00,30.00,11.10,100.00
2026-05-16T08:51:59.981479,11.10,0.00,12.50,100.00
2026-05-16T08:52:00.084815,11.10,12.50,11.10,100.00
2026-05-16T08:52:00.188197,18.20,0.00,11.10,100.00
2026-05-16T08:52:00.292001,0.00,25.00,12.50,100.00
2026-05-16T08:52:00.395608,11.10,0.00,20.00,100.00
2026-05-16T08:52:02.011183,20.80,18.20,95.00,100.00
2026-05-16T08:52:02.115612,30.00,25.00,100.00,100.00
2026-05-16T08:52:02.219833,12.50,12.50,100.00,100.00
2026-05-16T08:52:02.324078,20.00,12.50,100.00,100.00
2026-05-16T08:52:02.427751,12.50,0.00,100.00,100.00
2026-05-16T08:52:02.531686,20.00,30.00,100.00,100.00
2026-05-16T08:52:02.635745,12.50,0.00,100.00,100.00
2026-05-16T08:52:02.739800,11.10,11.10,100.00,100.00
2026-05-16T08:52:02.844073,22.20,22.20,100.00,100.00
2026-05-16T08:52:02.948090,20.00,12.50,100.00,100.00
2026-05-16T08:52:03.051959,22.20,12.50,100.00,100.00
2026-05-16T08:52:03.156075,12.50,0.00,100.00,100.00
2026-05-16T08:52:03.260850,22.20,30.00,100.00,100.00
2026-05-16T08:52:03.364666,27.30,0.00,100.00,100.00
2026-05-16T08:52:03.468733,12.50,12.50,100.00,100.00
2026-05-16T08:52:03.573037,20.00,12.50,100.00,100.00
2026-05-16T08:52:03.677061,12.50,30.00,100.00,100.00
2026-05-16T08:52:03.781123,22.20,22.20,100.00,100.00
2026-05-16T08:52:03.884983,11.10,12.50,100.00,100.00
2026-05-16T08:52:03.989414,12.50,22.20,100.00,100.00
2026-05-16T08:52:04.093245,11.10,12.50,100.00,100.00
2026-05-16T08:52:04.197442,20.00,12.50,100.00,100.00
2026-05-16T08:52:04.301477,12.50,30.00,100.00,100.00
2026-05-16T08:52:04.405232,22.20,0.00,100.00,100.00
2026-05-16T08:52:04.509674,20.00,30.00,100.00,100.00
2026-05-16T08:52:04.613802,22.20,0.00,100.00,100.00
2026-05-16T08:52:04.717942,20.00,12.50,100.00,100.00
2026-05-16T08:52:04.822001,22.20,12.50,100.00,100.00
2026-05-16T08:52:04.926696,22.20,22.20,100.00,100.00
2026-05-16T08:52:05.030866,27.30,0.00,100.00,100.00
2026-05-16T08:52:05.135451,12.50,22.20,100.00,100.00
2026-05-16T08:52:05.239491,20.00,22.20,100.00,100.00
2026-05-16T08:52:05.344025,22.20,12.50,100.00,100.00
2026-05-16T08:52:05.447964,30.00,22.20,100.00,100.00
2026-05-16T08:52:05.552305,22.20,12.50,100.00,100.00
2026-05-16T08:52:05.656085,11.10,12.50,100.00,100.00
2026-05-16T08:52:05.760864,36.40,22.20,100.00,100.00
2026-05-16T08:52:05.865726,44.40,50.00,100.00,100.00
2026-05-16T08:52:05.970087,44.40,50.00,100.00,100.00
2026-05-16T08:52:06.075005,45.50,50.00,100.00,100.00
2026-05-16T08:52:06.179746,33.30,44.40,100.00,100.00
2026-05-16T08:52:06.284211,58.30,55.60,100.00,100.00
2026-05-16T08:52:06.388959,50.00,44.40,100.00,100.00
2026-05-16T08:52:06.493552,37.50,50.00,100.00,100.00
2026-05-16T08:52:06.598169,50.00,50.00,100.00,100.00
2026-05-16T08:52:06.703240,45.50,50.00,100.00,100.00
2026-05-16T08:52:06.808642,54.50,50.00,100.00,100.00
2026-05-16T08:52:06.913880,44.40,50.00,100.00,100.00
2026-05-16T08:52:07.019007,45.50,50.00,100.00,100.00
2026-05-16T08:52:07.124694,44.40,44.40,100.00,100.00
2026-05-16T08:52:07.228948,50.00,55.60,100.00,100.00
2026-05-16T08:52:07.333857,50.00,50.00,100.00,100.00
2026-05-16T08:52:07.438840,45.50,58.30,100.00,100.00
2026-05-16T08:52:07.544225,54.50,55.60,100.00,100.00
2026-05-16T08:52:07.649770,44.40,58.30,100.00,100.00
2026-05-16T08:52:07.755394,55.60,55.60,100.00,100.00
2026-05-16T08:52:07.859904,54.50,54.50,100.00,100.00
2026-05-16T08:52:07.964702,50.00,60.00,100.00,100.00
2026-05-16T08:52:08.069892,44.40,54.50,100.00,100.00
2026-05-16T08:52:08.174987,58.30,60.00,100.00,100.00
2026-05-16T08:52:08.280385,50.00,50.00,100.00,100.00
2026-05-16T08:52:08.385188,50.00,54.50,100.00,100.00
2026-05-16T08:52:08.490009,50.00,55.60,100.00,100.00
2026-05-16T08:52:08.595697,50.00,44.40,100.00,100.00
2026-05-16T08:52:08.709185,54.50,54.50,100.00,100.00
2026-05-16T08:52:08.814061,44.40,37.50,100.00,100.00
2026-05-16T08:52:08.918973,50.00,54.50,100.00,100.00
2026-05-16T08:52:09.024583,44.40,44.40,100.00,100.00
2026-05-16T08:52:09.129967,44.40,60.00,100.00,100.00
2026-05-16T08:52:09.238108,58.30,54.50,100.00,100.00
2026-05-16T08:52:09.343001,37.50,50.00,100.00,100.00
2026-05-16T08:52:09.448208,50.00,44.40,100.00,100.00
2026-05-16T08:52:09.553155,50.00,55.60,100.00,100.00
2026-05-16T08:52:09.658608,50.00,44.40,100.00,100.00
2026-05-16T08:52:09.763888,50.00,54.50,100.00,100.00
2026-05-16T08:52:09.870137,72.70,72.70,100.00,100.00
2026-05-16T08:52:09.976201,75.00,77.80,100.00,100.00
2026-05-16T08:52:10.082132,80.00,70.00,100.00,100.00
2026-05-16T08:52:10.186782,80.00,72.70,100.00,100.00
2026-05-16T08:52:10.291803,75.00,77.80,100.00,100.00
2026-05-16T08:52:10.397512,81.80,66.70,100.00,100.00
2026-05-16T08:52:10.501538,66.70,72.70,100.00,100.00
2026-05-16T08:52:10.606843,83.30,80.00,100.00,100.00
2026-05-16T08:52:10.713034,60.00,75.00,100.00,100.00
2026-05-16T08:52:10.817041,72.70,70.00,100.00,100.00
2026-05-16T08:52:10.922666,75.00,75.00,100.00,100.00
2026-05-16T08:52:11.027325,72.70,70.00,100.00,100.00
2026-05-16T08:52:11.132473,70.00,72.70,100.00,100.00
2026-05-16T08:52:11.239448,72.70,70.00,100.00,100.00
2026-05-16T08:52:11.345839,66.70,69.20,100.00,100.00
2026-05-16T08:52:11.450747,72.70,70.00,100.00,100.00
2026-05-16T08:52:11.557736,72.70,70.00,100.00,100.00
2026-05-16T08:52:11.662052,70.00,70.00,100.00,100.00
2026-05-16T08:52:11.767256,75.00,81.80,100.00,100.00
2026-05-16T08:52:11.871887,66.70,81.80,100.00,100.00
2026-05-16T08:52:11.977627,81.80,70.00,100.00,100.00
2026-05-16T08:52:12.082203,75.00,80.00,100.00,100.00
2026-05-16T08:52:12.187195,81.80,60.00,100.00,100.00
2026-05-16T08:52:12.292005,81.80,80.00,100.00,100.00
2026-05-16T08:52:12.397866,63.60,81.80,100.00,100.00
2026-05-16T08:52:12.502696,72.70,75.00,100.00,100.00
2026-05-16T08:52:12.610981,75.00,83.30,100.00,100.00
2026-05-16T08:52:12.717057,80.00,77.80,100.00,100.00
2026-05-16T08:52:12.823083,72.70,76.90,100.00,100.00
2026-05-16T08:52:12.928535,72.70,77.80,100.00,100.00
2026-05-16T08:52:13.035323,75.00,81.80,100.00,100.00
2026-05-16T08:52:13.140074,81.80,66.70,100.00,100.00
2026-05-16T08:52:13.245385,72.70,81.80,100.00,100.00
2026-05-16T08:52:13.352114,81.80,72.70,100.00,100.00
2026-05-16T08:52:13.457086,72.70,80.00,100.00,100.00
2026-05-16T08:52:13.562178,70.00,81.80,100.00,100.00
2026-05-16T08:52:13.667675,72.70,81.80,100.00,100.00
2026-05-16T08:52:13.772190,66.70,63.60,100.00,100.00
2026-05-16T08:52:13.877976,28.60,44.40,100.00,100.00
2026-05-16T08:52:13.983585,40.00,44.40,100.00,100.00
2026-05-16T08:52:14.087576,40.00,33.30,100.00,100.00
2026-05-16T08:52:14.192927,25.00,40.00,100.00,100.00
2026-05-16T08:52:14.297398,40.00,54.50,100.00,100.00
2026-05-16T08:52:14.402175,33.30,25.00,100.00,100.00
2026-05-16T08:52:14.506364,40.00,40.00,100.00,100.00
2026-05-16T08:52:14.610702,40.00,33.30,100.00,100.00
2026-05-16T08:52:14.716107,33.30,50.00,100.00,100.00
2026-05-16T08:52:14.821004,50.00,40.00,100.00,100.00
2026-05-16T08:52:14.925587,40.00,44.40,100.00,100.00
2026-05-16T08:52:15.029351,45.50,44.40,100.00,100.00
2026-05-16T08:52:15.134028,37.50,40.00,100.00,100.00
2026-05-16T08:52:15.238688,33.30,44.40,100.00,100.00
2026-05-16T08:52:15.343569,50.00,33.30,100.00,100.00
2026-05-16T08:52:15.448649,28.60,50.00,100.00,100.00
2026-05-16T08:52:15.553123,40.00,33.30,100.00,100.00
2026-05-16T08:52:15.657733,40.00,50.00,100.00,100.00
2026-05-16T08:52:15.762820,50.00,37.50,100.00,100.00
2026-05-16T08:52:15.867801,40.00,50.00,100.00,100.00
2026-05-16T08:52:15.973450,50.00,40.00,100.00,100.00
2026-05-16T08:52:16.078037,50.00,44.40,100.00,100.00
2026-05-16T08:52:16.182490,45.50,44.40,100.00,100.00
2026-05-16T08:52:16.287475,44.40,44.40,100.00,100.00
2026-05-16T08:52:16.392599,40.00,40.00,100.00,100.00
2026-05-16T08:52:16.497218,25.00,33.30,100.00,100.00
2026-05-16T08:52:16.602230,40.00,37.50,100.00,100.00
2026-05-16T08:52:16.706897,40.00,33.30,100.00,100.00
2026-05-16T08:52:16.811867,33.30,40.00,100.00,100.00
2026-05-16T08:52:16.916852,44.40,45.50,100.00,100.00
2026-05-16T08:52:17.021414,40.00,37.50,100.00,100.00
2026-05-16T08:52:17.126039,40.00,33.30,100.00,100.00
2026-05-16T08:52:17.230181,40.00,33.30,100.00,100.00
2026-05-16T08:52:17.334683,40.00,33.30,100.00,100.00
2026-05-16T08:52:17.438958,33.30,37.50,100.00,100.00
2026-05-16T08:52:17.544940,45.50,50.00,100.00,100.00
2026-05-16T08:52:17.650178,40.00,37.50,100.00,100.00
2026-05-16T08:52:17.753898,33.30,44.40,100.00,100.00
2026-05-16T08:52:17.858052,18.20,0.00,100.00,100.00
2026-05-16T08:52:17.961922,27.30,20.00,100.00,100.00
2026-05-16T08:52:18.066072,10.00,10.00,100.00,100.00
2026-05-16T08:52:18.169988,30.80,0.00,100.00,100.00
2026-05-16T08:52:18.273609,20.00,10.00,100.00,100.00
2026-05-16T08:52:18.377494,25.00,10.00,100.00,100.00
2026-05-16T08:52:18.481319,27.30,0.00,100.00,100.00
2026-05-16T08:52:18.585409,25.00,10.00,100.00,100.00
2026-05-16T08:52:18.689332,10.00,10.00,100.00,100.00
2026-05-16T08:52:18.793201,20.00,0.00,100.00,100.00
2026-05-16T08:52:18.897238,18.20,10.00,100.00,100.00
2026-05-16T08:52:19.001080,20.00,0.00,100.00,100.00
2026-05-16T08:52:19.104927,25.00,18.20,100.00,100.00
2026-05-16T08:52:19.209175,10.00,0.00,100.00,100.00
2026-05-16T08:52:19.313636,11.10,10.00,100.00,100.00
2026-05-16T08:52:19.417984,25.00,0.00,100.00,100.00
2026-05-16T08:52:19.522459,10.00,10.00,100.00,100.00
2026-05-16T08:52:19.626095,33.30,10.00,100.00,100.00
2026-05-16T08:52:19.729942,18.20,0.00,100.00,100.00
2026-05-16T08:52:19.833996,18.20,10.00,100.00,100.00
2026-05-16T08:52:19.938200,20.00,11.10,100.00,100.00
2026-05-16T08:52:20.042013,10.00,0.00,100.00,100.00
2026-05-16T08:52:20.145971,25.00,10.00,100.00,100.00
2026-05-16T08:52:20.249569,20.00,0.00,100.00,100.00
2026-05-16T08:52:20.353502,10.00,10.00,100.00,100.00
2026-05-16T08:52:20.457491,10.00,0.00,100.00,100.00
2026-05-16T08:52:20.561512,27.30,0.00,100.00,100.00
2026-05-16T08:52:20.665491,10.00,10.00,100.00,100.00
2026-05-16T08:52:20.769299,10.00,10.00,100.00,100.00
2026-05-16T08:52:20.873129,11.10,11.10,100.00,100.00
2026-05-16T08:52:20.977134,25.00,10.00,100.00,100.00
2026-05-16T08:52:21.081422,18.20,10.00,100.00,100.00
2026-05-16T08:52:21.185837,11.10,0.00,100.00,100.00
2026-05-16T08:52:21.290184,25.00,10.00,100.00,100.00
2026-05-16T08:52:21.394140,10.00,11.10,100.00,100.00
2026-05-16T08:52:21.498353,27.30,0.00,100.00,100.00
2026-05-16T08:52:21.602392,18.20,0.00,100.00,100.00
2026-05-16T08:52:21.706249,18.20,11.10,100.00,100.00
2026-05-16T08:52:21.811795,70.00,70.00,100.00,100.00
2026-05-16T08:52:22.061977,96.00,100.00,100.00,100.00
2026-05-16T08:52:22.167146,80.00,90.00,100.00,30.00
2026-05-16T08:52:22.272060,80.00,83.30,100.00,36.40
2026-05-16T08:52:22.376900,78.60,80.00,83.30,12.50
2026-05-16T08:52:22.481316,77.80,80.00,90.90,22.20
2026-05-16T08:52:22.586365,75.00,81.80,90.90,22.20
2026-05-16T08:52:22.691196,72.70,72.70,81.80,12.50
2026-05-16T08:52:22.796490,80.00,81.80,91.70,12.50
2026-05-16T08:52:22.902108,81.80,81.80,81.80,36.40
2026-05-16T08:52:23.008320,75.00,80.00,91.70,12.50
2026-05-16T08:52:23.113431,81.80,81.80,90.00,22.20
2026-05-16T08:52:23.218970,81.80,80.00,83.30,22.20
2026-05-16T08:52:23.324528,70.00,83.30,90.90,30.00
2026-05-16T08:52:23.429657,75.00,72.70,90.00,25.00
2026-05-16T08:52:23.534579,77.80,80.00,83.30,22.20
2026-05-16T08:52:23.640605,75.00,83.30,91.70,22.20
2026-05-16T08:52:23.745939,80.00,80.00,83.30,22.20
2026-05-16T08:52:23.856004,81.80,80.00,90.90,30.00
2026-05-16T08:52:23.961548,72.70,81.80,80.00,22.20
2026-05-16T08:52:24.067673,77.80,81.80,91.70,22.20
2026-05-16T08:52:24.173690,83.30,75.00,91.70,22.20
2026-05-16T08:52:24.278638,72.70,81.80,81.80,27.30
2026-05-16T08:52:24.383843,72.70,72.70,90.00,30.00
2026-05-16T08:52:24.489134,81.80,81.80,81.80,12.50
2026-05-16T08:52:24.594607,70.00,72.70,84.60,30.00
2026-05-16T08:52:24.700494,75.00,77.80,90.00,22.20
2026-05-16T08:52:24.806101,81.80,81.80,83.30,30.00
2026-05-16T08:52:24.911401,70.00,76.90,90.00,22.20
2026-05-16T08:52:25.015974,80.00,80.00,91.70,12.50
2026-05-16T08:52:25.121212,76.90,77.80,81.80,22.20
2026-05-16T08:52:25.225825,72.70,72.70,83.30,36.40
2026-05-16T08:52:25.330339,72.70,81.80,83.30,22.20
2026-05-16T08:52:25.435871,81.80,75.00,90.90,12.50
2026-05-16T08:52:25.540960,72.70,81.80,83.30,20.00
2026-05-16T08:52:25.645460,80.00,75.00,90.90,33.30
2026-05-16T08:52:25.749493,63.60,66.70,72.70,20.00
2026-05-16T08:52:25.853009,0.00,30.00,22.20,11.10
2026-05-16T08:52:25.956948,27.30,0.00,12.50,18.20
2026-05-16T08:52:26.060903,22.20,20.00,22.20,11.10
2026-05-16T08:52:26.164307,11.10,12.50,11.10,11.10
2026-05-16T08:52:26.267727,30.00,11.10,22.20,20.00
2026-05-16T08:52:26.371351,22.20,22.20,12.50,20.00
2026-05-16T08:52:26.475190,27.30,11.10,20.00,10.00
2026-05-16T08:52:26.578997,12.50,22.20,12.50,20.00
2026-05-16T08:52:26.682352,20.00,11.10,12.50,11.10
2026-05-16T08:52:26.785809,20.00,20.00,27.30,18.20
2026-05-16T08:52:26.889557,12.50,0.00,12.50,11.10
2026-05-16T08:52:26.993162,27.30,11.10,20.00,10.00
2026-05-16T08:52:27.096697,12.50,20.00,0.00,11.10
2026-05-16T08:52:27.200426,20.00,22.20,22.20,18.20
2026-05-16T08:52:27.304223,0.00,0.00,11.10,11.10
2026-05-16T08:52:27.407922,36.40,20.00,22.20,11.10
2026-05-16T08:52:27.511418,0.00,22.20,20.00,10.00
2026-05-16T08:52:27.615733,20.00,11.10,12.50,20.00
2026-05-16T08:52:27.719886,30.00,11.10,22.20,20.00
2026-05-16T08:52:29.040941,30.60,24.50,93.90,18.90
2026-05-16T08:52:29.145395,30.00,22.20,100.00,20.00
2026-05-16T08:52:29.250207,30.00,22.20,100.00,11.10
2026-05-16T08:52:29.354815,36.40,33.30,100.00,20.00
2026-05-16T08:52:29.458791,33.30,33.30,100.00,18.20
2026-05-16T08:52:29.563466,30.00,22.20,100.00,11.10
2026-05-16T08:52:29.668022,30.00,14.30,100.00,11.10
2026-05-16T08:52:29.773569,44.40,50.00,100.00,20.00
2026-05-16T08:52:29.879676,66.70,60.00,100.00,27.30
2026-05-16T08:52:29.984155,72.70,63.60,100.00,11.10
2026-05-16T08:52:30.088355,60.00,55.60,100.00,20.00
2026-05-16T08:52:30.192597,63.60,60.00,100.00,20.00
2026-05-16T08:52:30.296651,60.00,63.60,100.00,11.10
2026-05-16T08:52:30.400558,70.00,60.00,100.00,36.40
2026-05-16T08:52:30.504629,60.00,55.60,100.00,11.10
2026-05-16T08:52:30.608870,60.00,66.70,100.00,20.00
2026-05-16T08:52:30.713164,75.00,62.50,100.00,20.00
2026-05-16T08:52:30.817891,60.00,66.70,100.00,20.00
2026-05-16T08:52:30.922371,60.00,63.60,100.00,12.50
2026-05-16T08:52:31.026827,70.00,63.60,100.00,20.00
2026-05-16T08:52:31.131637,63.60,60.00,100.00,20.00
2026-05-16T08:52:31.235509,60.00,60.00,100.00,30.00
2026-05-16T08:52:31.340163,66.70,63.60,100.00,0.00
2026-05-16T08:52:31.444688,63.60,60.00,100.00,27.30
2026-05-16T08:52:31.550965,60.00,66.70,100.00,11.10
2026-05-16T08:52:31.656006,72.70,63.60,100.00,11.10
2026-05-16T08:52:31.760822,60.00,60.00,100.00,22.20
2026-05-16T08:52:31.865409,60.00,63.60,100.00,20.00
2026-05-16T08:52:31.969257,66.70,60.00,100.00,20.00
2026-05-16T08:52:32.101070,71.40,64.30,100.00,27.30
2026-05-16T08:52:32.206726,60.00,66.70,100.00,100.00
2026-05-16T08:52:32.312417,75.00,55.60,100.00,100.00
2026-05-16T08:52:32.418715,66.70,63.60,100.00,100.00
2026-05-16T08:52:32.524218,60.00,66.70,100.00,100.00
2026-05-16T08:52:32.630102,69.20,60.00,100.00,100.00
2026-05-16T08:52:32.734986,66.70,66.70,100.00,100.00
2026-05-16T08:52:32.841070,63.60,72.70,100.00,100.00
2026-05-16T08:52:32.946957,75.00,72.70,100.00,100.00
2026-05-16T08:52:33.051350,70.00,60.00,100.00,100.00
2026-05-16T08:52:33.157148,66.70,72.70,100.00,100.00
2026-05-16T08:52:33.264038,72.70,70.00,100.00,100.00
2026-05-16T08:52:33.370427,72.70,66.70,100.00,100.00
2026-05-16T08:52:33.475438,60.00,66.70,100.00,100.00
2026-05-16T08:52:33.580432,69.20,66.70,100.00,100.00
2026-05-16T08:52:33.686230,60.00,75.00,100.00,100.00
2026-05-16T08:52:33.791963,60.00,60.00,100.00,100.00
2026-05-16T08:52:33.896545,50.00,44.40,100.00,100.00
2026-05-16T08:52:34.001165,54.50,44.40,100.00,100.00
2026-05-16T08:52:34.106061,50.00,55.60,100.00,100.00
2026-05-16T08:52:34.211537,44.40,50.00,100.00,100.00
2026-05-16T08:52:34.315978,54.50,44.40,100.00,100.00
2026-05-16T08:52:34.420800,44.40,50.00,100.00,100.00
2026-05-16T08:52:34.525678,50.00,44.40,100.00,100.00
2026-05-16T08:52:34.630539,60.00,60.00,100.00,100.00
2026-05-16T08:52:34.736004,40.00,33.30,100.00,100.00
2026-05-16T08:52:34.840626,44.40,44.40,100.00,100.00
2026-05-16T08:52:34.945585,40.00,50.00,100.00,100.00
2026-05-16T08:52:35.050909,40.00,50.00,100.00,100.00
2026-05-16T08:52:35.156160,44.40,40.00,100.00,100.00
2026-05-16T08:52:35.261152,50.00,50.00,100.00,100.00
2026-05-16T08:52:35.367349,54.50,55.60,100.00,100.00
2026-05-16T08:52:35.473085,50.00,37.50,100.00,100.00
2026-05-16T08:52:35.577906,50.00,44.40,100.00,100.00
2026-05-16T08:52:35.682554,50.00,44.40,100.00,100.00
2026-05-16T08:52:35.787168,50.00,50.00,100.00,100.00
2026-05-16T08:52:35.892473,44.40,50.00,100.00,100.00
2026-05-16T08:52:35.997867,44.40,50.00,100.00,100.00
2026-05-16T08:52:36.102620,50.00,55.60,100.00,100.00
2026-05-16T08:52:36.206779,50.00,45.50,100.00,100.00
2026-05-16T08:52:36.311399,40.00,44.40,100.00,100.00
2026-05-16T08:52:36.415973,60.00,44.40,100.00,100.00
2026-05-16T08:52:36.520201,45.50,54.50,100.00,100.00
2026-05-16T08:52:36.625797,50.00,44.40,100.00,100.00
2026-05-16T08:52:36.730635,50.00,44.40,100.00,100.00
2026-05-16T08:52:36.836399,44.40,50.00,100.00,100.00
2026-05-16T08:52:36.940827,54.50,44.40,100.00,100.00
2026-05-16T08:52:37.045930,54.50,50.00,100.00,100.00
2026-05-16T08:52:37.150589,50.00,50.00,100.00,100.00
2026-05-16T08:52:37.255340,54.50,44.40,100.00,100.00
2026-05-16T08:52:37.359881,45.50,45.50,100.00,100.00
2026-05-16T08:52:37.464450,44.40,44.40,100.00,100.00
2026-05-16T08:52:37.570122,33.30,50.00,100.00,100.00
2026-05-16T08:52:37.675561,50.00,44.40,100.00,100.00
2026-05-16T08:52:37.781066,50.00,55.60,100.00,100.00
2026-05-16T08:52:37.886748,55.60,50.00,100.00,100.00
2026-05-16T08:52:37.991617,55.60,63.60,100.00,100.00
2026-05-16T08:52:38.096684,54.50,55.60,100.00,100.00
2026-05-16T08:52:38.201448,60.00,50.00,100.00,100.00
2026-05-16T08:52:38.306849,50.00,63.60,100.00,100.00
2026-05-16T08:52:38.416411,60.00,55.60,100.00,100.00
2026-05-16T08:52:38.521550,55.60,60.00,100.00,100.00
2026-05-16T08:52:38.626525,54.50,63.60,100.00,100.00
2026-05-16T08:52:38.732005,54.50,50.00,100.00,100.00
2026-05-16T08:52:38.837728,55.60,55.60,100.00,100.00
2026-05-16T08:52:38.943879,50.00,50.00,100.00,100.00
2026-05-16T08:52:39.048860,44.40,50.00,100.00,100.00
2026-05-16T08:52:39.153582,54.50,63.60,100.00,100.00
2026-05-16T08:52:39.259566,50.00,44.40,100.00,100.00
2026-05-16T08:52:39.364428,54.50,63.60,100.00,100.00
2026-05-16T08:52:39.468772,44.40,54.50,100.00,100.00
2026-05-16T08:52:39.573136,63.60,55.60,100.00,100.00
2026-05-16T08:52:39.678430,63.60,55.60,100.00,100.00
2026-05-16T08:52:39.784154,60.00,60.00,100.00,100.00
2026-05-16T08:52:39.889094,54.50,58.30,100.00,100.00
2026-05-16T08:52:39.994666,60.00,55.60,100.00,100.00
2026-05-16T08:52:40.099793,58.30,60.00,100.00,100.00
2026-05-16T08:52:40.204819,60.00,44.40,100.00,100.00
2026-05-16T08:52:40.309649,60.00,60.00,100.00,100.00
2026-05-16T08:52:40.415058,54.50,50.00,100.00,100.00
2026-05-16T08:52:40.520749,50.00,55.60,100.00,100.00
2026-05-16T08:52:40.626101,60.00,50.00,100.00,100.00
2026-05-16T08:52:40.730931,55.60,63.60,100.00,100.00
2026-05-16T08:52:40.836104,58.30,60.00,100.00,100.00
2026-05-16T08:52:40.941102,63.60,54.50,100.00,100.00
2026-05-16T08:52:41.047078,54.50,60.00,100.00,100.00
2026-05-16T08:52:41.153376,50.00,63.60,100.00,100.00
2026-05-16T08:52:41.257987,63.60,60.00,100.00,100.00
2026-05-16T08:52:41.363495,54.50,54.50,100.00,100.00
2026-05-16T08:52:41.468395,63.60,55.60,100.00,100.00
2026-05-16T08:52:41.573680,50.00,58.30,100.00,100.00
2026-05-16T08:52:41.679543,54.50,55.60,100.00,100.00
2026-05-16T08:52:41.783658,40.00,40.00,100.00,100.00
2026-05-16T08:52:41.887822,11.10,0.00,100.00,100.00
2026-05-16T08:52:41.991553,11.10,20.00,100.00,100.00
2026-05-16T08:52:42.095546,20.00,0.00,100.00,100.00
2026-05-16T08:52:42.199079,18.20,11.10,100.00,100.00
2026-05-16T08:52:42.302807,11.10,11.10,100.00,100.00
2026-05-16T08:52:42.407220,20.00,0.00,100.00,100.00
2026-05-16T08:52:42.511057,20.00,0.00,100.00,100.00
2026-05-16T08:52:42.614784,11.10,11.10,100.00,100.00
2026-05-16T08:52:42.719367,18.20,11.10,100.00,100.00
2026-05-16T08:52:42.823519,20.00,0.00,100.00,100.00
2026-05-16T08:52:42.927426,11.10,11.10,100.00,100.00
2026-05-16T08:52:43.031593,20.00,11.10,100.00,100.00
2026-05-16T08:52:43.135847,11.10,11.10,100.00,100.00
2026-05-16T08:52:43.239721,20.00,12.50,100.00,100.00
2026-05-16T08:52:43.344452,20.00,11.10,100.00,100.00
2026-05-16T08:52:43.448241,27.30,0.00,100.00,100.00
2026-05-16T08:52:43.552168,11.10,11.10,100.00,100.00
2026-05-16T08:52:43.656875,0.00,20.00,100.00,100.00
2026-05-16T08:52:43.760979,20.00,0.00,100.00,100.00
2026-05-16T08:52:43.864922,27.30,0.00,100.00,100.00
2026-05-16T08:52:43.968687,11.10,0.00,100.00,100.00
2026-05-16T08:52:44.073165,11.10,11.10,100.00,100.00
2026-05-16T08:52:44.177810,20.00,11.10,100.00,100.00
2026-05-16T08:52:44.282651,11.10,0.00,100.00,100.00
2026-05-16T08:52:44.386848,27.30,0.00,100.00,100.00
2026-05-16T08:52:44.490813,11.10,0.00,100.00,100.00
2026-05-16T08:52:44.595134,10.00,0.00,100.00,100.00
2026-05-16T08:52:44.699229,11.10,20.00,100.00,100.00
2026-05-16T08:52:44.802924,20.00,11.10,100.00,100.00
2026-05-16T08:52:44.907338,11.10,11.10,100.00,100.00
2026-05-16T08:52:45.011180,20.00,0.00,100.00,100.00
2026-05-16T08:52:45.115460,30.00,0.00,100.00,100.00
2026-05-16T08:52:45.218877,11.10,0.00,100.00,100.00
2026-05-16T08:52:45.322891,10.00,20.00,100.00,100.00
2026-05-16T08:52:45.426898,11.10,0.00,100.00,100.00
2026-05-16T08:52:45.530621,10.00,0.00,100.00,100.00
2026-05-16T08:52:45.634465,0.00,20.00,100.00,100.00
2026-05-16T08:52:45.738042,33.30,11.10,100.00,100.00
2026-05-16T08:52:45.842668,60.00,60.00,100.00,100.00
2026-05-16T08:52:45.947936,60.00,72.70,100.00,100.00
2026-05-16T08:52:46.052395,72.70,70.00,100.00,100.00
2026-05-16T08:52:46.157508,60.00,70.00,100.00,100.00
2026-05-16T08:52:46.262448,72.70,75.00,100.00,100.00
2026-05-16T08:52:46.367643,60.00,75.00,100.00,100.00
2026-05-16T08:52:46.474000,63.60,72.70,100.00,100.00
2026-05-16T08:52:46.579976,55.60,72.70,100.00,100.00
2026-05-16T08:52:46.684879,60.00,80.00,100.00,100.00
2026-05-16T08:52:46.791232,72.70,63.60,100.00,100.00
2026-05-16T08:52:46.896135,58.30,72.70,100.00,100.00
2026-05-16T08:52:47.000544,55.60,60.00,100.00,100.00
2026-05-16T08:52:47.105027,63.60,70.00,100.00,100.00
2026-05-16T08:52:47.209446,63.60,63.60,100.00,100.00
2026-05-16T08:52:47.315571,70.00,63.60,100.00,100.00
2026-05-16T08:52:47.421385,66.70,70.00,100.00,100.00
2026-05-16T08:52:47.526908,55.60,66.70,100.00,100.00
2026-05-16T08:52:47.631315,58.30,60.00,100.00,100.00
2026-05-16T08:52:47.737007,72.70,70.00,100.00,100.00
2026-05-16T08:52:47.842580,60.00,63.60,100.00,100.00
2026-05-16T08:52:47.948418,75.00,70.00,100.00,100.00
2026-05-16T08:52:48.054807,63.60,60.00,100.00,100.00
2026-05-16T08:52:48.160369,72.70,66.70,100.00,100.00
2026-05-16T08:52:48.266607,63.60,60.00,100.00,100.00
2026-05-16T08:52:48.372158,75.00,63.60,100.00,100.00
2026-05-16T08:52:48.477275,60.00,63.60,100.00,100.00
2026-05-16T08:52:48.582318,60.00,70.00,100.00,100.00
2026-05-16T08:52:48.687014,60.00,63.60,100.00,100.00
2026-05-16T08:52:48.792859,54.50,72.70,100.00,100.00
2026-05-16T08:52:48.897206,66.70,63.60,100.00,100.00
2026-05-16T08:52:49.001801,50.00,63.60,100.00,100.00
2026-05-16T08:52:49.106217,66.70,60.00,100.00,100.00
2026-05-16T08:52:49.210805,60.00,70.00,100.00,100.00
2026-05-16T08:52:49.316114,60.00,63.60,100.00,100.00
2026-05-16T08:52:49.420574,63.60,63.60,100.00,100.00
2026-05-16T08:52:49.524884,55.60,70.00,100.00,100.00
2026-05-16T08:52:49.631824,66.70,66.70,100.00,100.00
2026-05-16T08:52:49.736550,54.50,60.00,100.00,100.00
2026-05-16T08:52:49.841562,70.00,75.00,100.00,100.00
2026-05-16T08:52:49.946160,72.70,70.00,100.00,100.00
2026-05-16T08:52:50.053013,70.00,72.70,100.00,100.00
2026-05-16T08:52:50.158217,72.70,75.00,100.00,100.00
2026-05-16T08:52:50.263350,63.60,72.70,100.00,100.00
2026-05-16T08:52:50.368889,72.70,66.70,100.00,100.00
2026-05-16T08:52:50.474919,75.00,72.70,100.00,100.00
2026-05-16T08:52:50.580249,72.70,63.60,100.00,100.00
2026-05-16T08:52:50.686150,72.70,83.30,100.00,100.00
2026-05-16T08:52:50.792787,77.80,70.00,100.00,100.00
2026-05-16T08:52:50.899168,75.00,80.00,100.00,100.00
2026-05-16T08:52:51.006550,81.80,72.70,100.00,100.00
2026-05-16T08:52:51.111708,72.70,80.00,100.00,100.00
2026-05-16T08:52:51.216605,70.00,70.00,100.00,100.00
2026-05-16T08:52:51.321290,75.00,63.60,100.00,100.00
2026-05-16T08:52:51.427835,70.00,72.70,100.00,100.00
2026-05-16T08:52:51.533393,72.70,70.00,100.00,100.00
2026-05-16T08:52:51.638360,72.70,72.70,100.00,100.00
2026-05-16T08:52:51.743562,60.00,70.00,100.00,100.00
2026-05-16T08:52:51.848974,81.80,80.00,100.00,100.00
2026-05-16T08:52:51.953801,63.60,72.70,100.00,100.00
2026-05-16T08:52:52.059693,75.00,75.00,100.00,100.00
2026-05-16T08:52:52.165505,70.00,72.70,100.00,100.00
2026-05-16T08:52:52.272341,72.70,72.70,100.00,100.00
2026-05-16T08:52:52.377048,81.80,70.00,100.00,100.00
2026-05-16T08:52:52.483357,72.70,70.00,100.00,100.00
2026-05-16T08:52:52.588752,66.70,72.70,100.00,100.00
2026-05-16T08:52:52.695959,69.20,70.00,100.00,100.00
2026-05-16T08:52:52.801224,80.00,75.00,100.00,100.00
2026-05-16T08:52:52.907515,75.00,81.80,100.00,100.00
2026-05-16T08:52:53.011999,77.80,81.80,100.00,100.00
2026-05-16T08:52:53.117708,70.00,81.80,100.00,100.00
2026-05-16T08:52:53.225976,72.70,80.00,100.00,100.00
2026-05-16T08:52:53.332028,60.00,80.00,100.00,100.00
2026-05-16T08:52:53.437328,72.70,75.00,100.00,100.00
2026-05-16T08:52:53.544212,62.50,70.00,100.00,100.00
2026-05-16T08:52:53.648827,76.90,77.80,100.00,100.00
2026-05-16T08:52:53.754505,80.00,72.70,100.00,100.00
2026-05-16T08:52:53.860518,60.00,75.00,100.00,100.00
2026-05-16T08:52:53.965398,66.70,66.70,100.00,100.00
2026-05-16T08:52:54.070523,63.60,63.60,100.00,100.00
2026-05-16T08:52:54.177140,63.60,62.50,100.00,100.00
2026-05-16T08:52:54.282462,63.60,64.30,100.00,100.00
2026-05-16T08:52:54.387589,54.50,55.60,100.00,100.00
2026-05-16T08:52:54.493495,60.00,63.60,100.00,100.00
2026-05-16T08:52:54.598943,58.30,60.00,100.00,100.00
2026-05-16T08:52:54.704029,54.50,63.60,100.00,100.00
2026-05-16T08:52:54.808928,60.00,63.60,100.00,100.00
2026-05-16T08:52:54.913413,50.00,63.60,100.00,100.00
2026-05-16T08:52:55.017900,60.00,70.00,100.00,100.00
2026-05-16T08:52:55.124599,69.20,63.60,100.00,100.00
2026-05-16T08:52:55.231094,60.00,66.70,100.00,100.00
2026-05-16T08:52:55.336675,63.60,63.60,100.00,100.00
2026-05-16T08:52:55.440909,60.00,63.60,100.00,100.00
2026-05-16T08:52:55.545991,50.00,60.00,100.00,100.00
2026-05-16T08:52:55.650531,55.60,66.70,100.00,100.00
2026-05-16T08:52:55.754699,61.50,60.00,100.00,100.00
2026-05-16T08:52:55.859790,55.60,54.50,100.00,100.00
2026-05-16T08:52:55.964553,54.50,70.00,100.00,100.00
2026-05-16T08:52:56.070453,55.60,54.50,100.00,100.00
2026-05-16T08:52:56.177200,63.60,70.00,100.00,100.00
2026-05-16T08:52:56.283432,60.00,72.70,100.00,100.00
2026-05-16T08:52:56.388952,70.00,72.70,100.00,100.00
2026-05-16T08:52:56.494733,63.60,60.00,100.00,100.00
2026-05-16T08:52:56.598971,60.00,66.70,100.00,100.00
2026-05-16T08:52:56.704349,60.00,60.00,100.00,100.00
2026-05-16T08:52:56.809626,63.60,60.00,100.00,100.00
2026-05-16T08:52:56.915159,63.60,66.70,100.00,100.00
2026-05-16T08:52:57.019422,55.60,63.60,100.00,100.00
2026-05-16T08:52:57.125056,70.00,63.60,100.00,100.00
2026-05-16T08:52:57.230049,60.00,70.00,100.00,100.00
2026-05-16T08:52:57.336716,66.70,60.00,100.00,100.00
2026-05-16T08:52:57.441338,63.60,70.00,100.00,100.00
2026-05-16T08:52:57.546222,60.00,63.60,100.00,100.00
2026-05-16T08:52:57.651572,60.00,72.70,100.00,100.00
2026-05-16T08:52:57.756927,63.60,69.20,100.00,100.00
2026-05-16T08:52:57.861840,66.70,72.70,100.00,100.00
2026-05-16T08:52:57.968226,66.70,72.70,100.00,100.00
2026-05-16T08:52:58.073614,63.60,80.00,100.00,100.00
2026-05-16T08:52:58.178538,72.70,75.00,100.00,100.00
2026-05-16T08:52:58.284250,70.00,72.70,100.00,100.00
2026-05-16T08:52:58.389032,75.00,60.00,100.00,100.00
2026-05-16T08:52:58.494566,63.60,66.70,100.00,100.00
2026-05-16T08:52:58.600698,72.70,70.00,100.00,100.00
2026-05-16T08:52:58.705388,72.70,60.00,100.00,100.00
2026-05-16T08:52:58.811279,60.00,70.00,100.00,100.00
2026-05-16T08:52:58.916421,69.20,63.60,100.00,100.00
2026-05-16T08:52:59.022282,70.00,72.70,100.00,100.00
2026-05-16T08:52:59.127097,66.70,70.00,100.00,100.00
2026-05-16T08:52:59.233750,72.70,72.70,100.00,100.00
2026-05-16T08:52:59.339121,81.80,72.70,100.00,100.00
2026-05-16T08:52:59.443635,81.80,72.70,100.00,100.00
2026-05-16T08:52:59.547935,70.00,72.70,100.00,100.00
2026-05-16T08:52:59.652714,66.70,75.00,100.00,100.00
2026-05-16T08:52:59.757462,63.60,66.70,100.00,100.00
2026-05-16T08:52:59.862510,70.00,66.70,100.00,100.00
2026-05-16T08:52:59.968897,63.60,63.60,100.00,100.00
2026-05-16T08:53:00.073734,70.00,70.00,100.00,100.00
2026-05-16T08:53:00.180030,66.70,60.00,100.00,100.00
2026-05-16T08:53:00.284099,70.00,75.00,100.00,100.00
2026-05-16T08:53:00.389129,72.70,60.00,100.00,100.00
2026-05-16T08:53:00.494736,66.70,70.00,100.00,100.00
2026-05-16T08:53:00.601498,80.00,81.80,100.00,100.00
2026-05-16T08:53:00.707538,66.70,66.70,100.00,100.00
2026-05-16T08:53:00.812629,72.70,70.00,100.00,100.00
2026-05-16T08:53:00.918754,63.60,72.70,100.00,100.00
2026-05-16T08:53:01.027610,76.90,72.70,100.00,100.00
2026-05-16T08:53:01.134225,70.00,72.70,100.00,100.00
2026-05-16T08:53:01.240207,72.70,70.00,100.00,100.00
2026-05-16T08:53:01.345518,76.90,72.70,100.00,100.00
2026-05-16T08:53:01.453028,72.70,81.80,100.00,100.00
2026-05-16T08:53:01.558996,72.70,70.00,100.00,100.00
2026-05-16T08:53:01.663615,75.00,75.00,100.00,100.00
2026-05-16T08:53:01.769440,70.00,60.00,100.00,100.00
2026-05-16T08:53:01.875231,66.70,66.70,100.00,100.00
2026-05-16T08:53:01.981585,60.00,66.70,100.00,100.00
2026-05-16T08:53:02.086955,63.60,63.60,100.00,100.00
2026-05-16T08:53:02.191863,63.60,63.60,100.00,100.00
2026-05-16T08:53:02.297619,66.70,55.60,100.00,100.00
2026-05-16T08:53:02.403383,63.60,60.00,100.00,100.00
2026-05-16T08:53:02.508190,66.70,63.60,100.00,100.00
2026-05-16T08:53:02.613444,63.60,60.00,100.00,100.00
2026-05-16T08:53:02.718514,60.00,50.00,100.00,100.00
2026-05-16T08:53:02.823939,63.60,54.50,100.00,100.00
2026-05-16T08:53:02.929433,54.50,60.00,100.00,100.00
2026-05-16T08:53:03.033977,50.00,44.40,100.00,100.00
2026-05-16T08:53:03.141354,63.60,63.60,100.00,100.00
2026-05-16T08:53:03.248244,63.60,55.60,100.00,100.00
2026-05-16T08:53:03.352574,60.00,54.50,100.00,100.00
2026-05-16T08:53:03.458419,75.00,63.60,100.00,100.00
2026-05-16T08:53:03.563195,66.70,63.60,100.00,100.00
2026-05-16T08:53:03.669111,54.50,66.70,100.00,100.00
2026-05-16T08:53:03.774196,55.60,70.00,100.00,100.00
2026-05-16T08:53:03.879258,70.00,72.70,100.00,100.00
2026-05-16T08:53:03.985519,69.20,63.60,100.00,100.00
2026-05-16T08:53:04.090342,62.50,60.00,100.00,100.00
2026-05-16T08:53:04.196457,58.30,60.00,100.00,100.00
2026-05-16T08:53:04.303251,60.00,58.30,100.00,100.00
2026-05-16T08:53:04.408882,63.60,63.60,100.00,100.00
2026-05-16T08:53:04.513694,66.70,70.00,100.00,100.00
2026-05-16T08:53:04.622542,66.70,70.00,100.00,100.00
2026-05-16T08:53:04.727484,75.00,63.60,100.00,100.00
2026-05-16T08:53:04.833428,60.00,55.60,100.00,100.00
2026-05-16T08:53:04.938501,63.60,66.70,100.00,100.00
2026-05-16T08:53:05.043370,72.70,60.00,100.00,100.00
2026-05-16T08:53:05.149165,63.60,60.00,100.00,100.00
2026-05-16T08:53:05.255130,63.60,72.70,100.00,100.00
2026-05-16T08:53:05.359868,72.70,54.50,100.00,100.00
2026-05-16T08:53:05.466424,60.00,55.60,100.00,100.00
2026-05-16T08:53:05.571899,66.70,70.00,100.00,100.00
2026-05-16T08:53:05.678035,66.70,66.70,100.00,100.00
2026-05-16T08:53:05.785670,81.80,75.00,100.00,100.00
2026-05-16T08:53:05.890279,90.90,91.70,100.00,100.00
2026-05-16T08:53:05.995332,100.00,90.90,100.00,100.00
2026-05-16T08:53:06.100024,100.00,100.00,100.00,100.00
2026-05-16T08:53:06.207719,90.90,100.00,100.00,100.00
2026-05-16T08:53:06.413541,95.00,90.90,100.00,100.00
2026-05-16T08:53:06.519007,83.30,80.00,91.70,30.00
2026-05-16T08:53:06.624553,80.00,80.00,83.30,22.20
2026-05-16T08:53:06.729438,72.70,72.70,83.30,22.20
2026-05-16T08:53:06.834188,70.00,72.70,81.80,22.20
2026-05-16T08:53:06.939140,75.00,83.30,83.30,22.20
2026-05-16T08:53:07.044709,77.80,70.00,91.70,22.20
2026-05-16T08:53:07.154961,75.00,81.80,81.80,30.00
2026-05-16T08:53:07.261228,72.70,81.80,91.70,30.00
2026-05-16T08:53:07.366084,72.70,72.70,83.30,12.50
2026-05-16T08:53:07.471076,70.00,72.70,83.30,20.00
2026-05-16T08:53:07.576035,80.00,70.00,81.80,22.20
2026-05-16T08:53:07.680814,70.00,72.70,90.90,22.20
2026-05-16T08:53:07.785678,72.70,80.00,80.00,22.20
2026-05-16T08:53:07.890499,75.00,75.00,84.60,22.20
2026-05-16T08:53:07.995443,80.00,81.80,83.30,22.20
2026-05-16T08:53:08.105184,75.00,72.70,90.90,36.40
2026-05-16T08:53:08.210004,70.00,80.00,83.30,22.20
2026-05-16T08:53:08.315117,81.80,77.80,90.00,12.50
2026-05-16T08:53:08.420388,80.00,72.70,90.90,20.00
2026-05-16T08:53:08.525099,70.00,80.00,83.30,30.00
2026-05-16T08:53:08.631146,72.70,75.00,83.30,22.20
2026-05-16T08:53:08.737539,75.00,75.00,90.90,30.00
2026-05-16T08:53:08.842662,70.00,80.00,83.30,22.20
2026-05-16T08:53:08.948236,80.00,75.00,80.00,22.20
2026-05-16T08:53:09.055110,75.00,81.80,90.90,30.00
2026-05-16T08:53:09.160391,81.80,80.00,83.30,22.20
2026-05-16T08:53:09.265611,72.70,70.00,83.30,22.20
2026-05-16T08:53:09.370486,72.70,81.80,90.90,22.20
2026-05-16T08:53:09.475416,72.70,75.00,83.30,22.20
2026-05-16T08:53:09.579934,77.80,81.80,90.00,22.20
2026-05-16T08:53:09.685828,75.00,81.80,81.80,25.00
2026-05-16T08:53:09.789643,63.60,60.00,63.60,20.00
2026-05-16T08:53:09.893329,30.00,30.00,40.00,11.10
2026-05-16T08:53:09.997673,33.30,22.20,33.30,27.30
2026-05-16T08:53:10.101354,22.20,25.00,40.00,10.00
2026-05-16T08:53:10.205204,33.30,22.20,30.00,20.00
2026-05-16T08:53:10.309144,30.00,30.00,33.30,11.10
2026-05-16T08:53:10.413065,25.00,25.00,33.30,25.00
2026-05-16T08:53:10.517130,33.30,30.00,40.00,0.00
2026-05-16T08:53:10.621435,30.00,22.20,33.30,18.20
2026-05-16T08:53:10.725186,40.00,22.20,30.00,20.00
2026-05-16T08:53:10.828929,22.20,22.20,33.30,11.10
2026-05-16T08:53:10.932728,22.20,33.30,40.00,20.00
2026-05-16T08:53:11.036684,25.00,22.20,30.00,20.00
2026-05-16T08:53:11.140841,22.20,36.40,25.00,10.00
2026-05-16T08:53:11.246003,45.50,25.00,45.50,30.00
2026-05-16T08:53:11.350113,30.00,40.00,45.50,11.10
2026-05-16T08:53:11.454081,33.30,22.20,25.00,11.10
2026-05-16T08:53:11.558480,30.00,30.00,33.30,10.00
2026-05-16T08:53:11.662425,25.00,33.30,22.20,20.00
2026-05-16T08:53:11.766527,22.20,22.20,33.30,11.10
2026-05-16T08:53:11.928369,42.90,47.10,50.00,31.20
2026-05-16T08:53:12.032608,40.00,37.50,100.00,20.00
2026-05-16T08:53:12.137204,50.00,40.00,100.00,20.00
2026-05-16T08:53:12.241432,40.00,37.50,100.00,20.00
2026-05-16T08:53:12.346123,44.40,33.30,100.00,20.00
2026-05-16T08:53:12.451542,33.30,50.00,100.00,11.10
2026-05-16T08:53:12.555684,44.40,44.40,100.00,20.00
2026-05-16T08:53:12.659695,50.00,45.50,100.00,11.10
2026-05-16T08:53:12.764204,45.50,44.40,100.00,25.00
2026-05-16T08:53:12.868170,50.00,37.50,100.00,11.10
2026-05-16T08:53:12.972567,44.40,40.00,100.00,11.10
2026-05-16T08:53:13.076589,44.40,44.40,100.00,20.00
2026-05-16T08:53:13.181662,40.00,44.40,100.00,20.00
2026-05-16T08:53:13.286644,50.00,50.00,100.00,11.10
2026-05-16T08:53:13.390708,37.50,44.40,100.00,20.00
2026-05-16T08:53:13.495092,45.50,50.00,100.00,11.10
2026-05-16T08:53:13.599003,50.00,40.00,100.00,18.20
2026-05-16T08:53:13.703612,44.40,50.00,100.00,11.10
2026-05-16T08:53:13.807497,54.50,44.40,100.00,20.00
2026-05-16T08:53:13.912672,50.00,50.00,100.00,11.10
2026-05-16T08:53:14.017308,60.00,55.60,100.00,20.00
2026-05-16T08:53:14.121618,50.00,50.00,100.00,20.00
2026-05-16T08:53:14.225645,44.40,44.40,100.00,11.10
2026-05-16T08:53:14.329561,55.60,50.00,100.00,20.00
2026-05-16T08:53:14.433728,54.50,54.50,100.00,11.10
2026-05-16T08:53:14.538170,55.60,44.40,100.00,20.00
2026-05-16T08:53:14.642311,54.50,60.00,100.00,20.00
2026-05-16T08:53:14.747407,42.90,44.40,100.00,27.30
2026-05-16T08:53:14.853897,61.50,58.30,100.00,11.10
2026-05-16T08:53:14.958035,37.50,50.00,100.00,11.10
2026-05-16T08:53:15.062016,60.00,55.60,100.00,27.30
2026-05-16T08:53:15.167076,50.00,50.00,100.00,20.00
2026-05-16T08:53:15.271700,50.00,50.00,100.00,30.00
2026-05-16T08:53:15.375867,63.60,50.00,100.00,10.00
2026-05-16T08:53:15.480114,50.00,60.00,100.00,11.10
2026-05-16T08:53:15.584004,60.00,50.00,100.00,20.00
2026-05-16T08:53:15.688410,50.00,63.60,100.00,11.10
2026-05-16T08:53:15.792548,50.00,54.50,100.00,22.20
2026-05-16T08:53:15.896387,60.00,37.50,100.00,11.10
2026-05-16T08:53:16.000207,54.50,63.60,100.00,27.30
2026-05-16T08:53:16.104718,54.50,50.00,100.00,11.10
2026-05-16T08:53:16.209230,55.60,50.00,100.00,20.00
2026-05-16T08:53:16.313604,54.50,58.30,100.00,20.00
2026-05-16T08:53:16.448318,64.30,58.30,100.00,40.00
2026-05-16T08:53:16.553565,50.00,63.60,100.00,100.00
2026-05-16T08:53:16.657985,54.50,60.00,100.00,100.00
2026-05-16T08:53:16.763381,60.00,60.00,100.00,100.00
2026-05-16T08:53:16.868529,50.00,54.50,100.00,100.00
2026-05-16T08:53:16.972819,63.60,60.00,100.00,100.00
2026-05-16T08:53:17.077309,58.30,60.00,100.00,100.00
2026-05-16T08:53:17.181790,60.00,55.60,100.00,100.00
2026-05-16T08:53:17.287462,63.60,60.00,100.00,100.00
2026-05-16T08:53:17.393353,50.00,50.00,100.00,100.00
2026-05-16T08:53:17.499120,50.00,50.00,100.00,100.00
2026-05-16T08:53:17.605350,58.30,58.30,100.00,100.00
2026-05-16T08:53:17.710506,60.00,63.60,100.00,100.00
2026-05-16T08:53:17.815240,60.00,60.00,100.00,100.00
2026-05-16T08:53:17.920126,54.50,44.40,100.00,100.00
2026-05-16T08:53:18.024136,50.00,54.50,100.00,100.00
2026-05-16T08:53:18.129411,55.60,55.60,100.00,100.00
2026-05-16T08:53:18.234826,54.50,58.30,100.00,100.00
2026-05-16T08:53:18.340542,60.00,55.60,100.00,100.00
2026-05-16T08:53:18.444470,58.30,54.50,100.00,100.00
2026-05-16T08:53:18.548968,58.30,55.60,100.00,100.00
2026-05-16T08:53:18.654593,50.00,60.00,100.00,100.00
2026-05-16T08:53:18.762224,58.30,58.30,100.00,100.00
2026-05-16T08:53:18.866653,60.00,66.70,100.00,100.00
2026-05-16T08:53:18.971999,60.00,63.60,100.00,100.00
2026-05-16T08:53:19.077106,60.00,60.00,100.00,100.00
2026-05-16T08:53:19.182417,54.50,50.00,100.00,100.00
2026-05-16T08:53:19.287882,70.00,63.60,100.00,100.00
2026-05-16T08:53:19.392883,61.50,55.60,100.00,100.00
2026-05-16T08:53:19.498532,60.00,54.50,100.00,100.00
2026-05-16T08:53:19.603068,60.00,60.00,100.00,100.00
2026-05-16T08:53:19.708120,63.60,63.60,100.00,100.00
2026-05-16T08:53:19.812837,58.30,55.60,100.00,100.00
2026-05-16T08:53:19.916973,62.50,66.70,100.00,100.00
2026-05-16T08:53:20.022057,50.00,63.60,100.00,100.00
2026-05-16T08:53:20.128098,54.50,50.00,100.00,100.00
2026-05-16T08:53:20.233544,55.60,60.00,100.00,100.00
2026-05-16T08:53:20.338545,58.30,54.50,100.00,100.00
2026-05-16T08:53:20.443590,50.00,54.50,100.00,100.00
2026-05-16T08:53:20.548293,50.00,60.00,100.00,100.00
2026-05-16T08:53:20.652799,50.00,55.60,100.00,100.00
2026-05-16T08:53:20.757395,44.40,50.00,100.00,100.00
2026-05-16T08:53:20.863186,58.30,50.00,100.00,100.00
2026-05-16T08:53:20.967381,54.50,63.60,100.00,100.00
2026-05-16T08:53:21.071735,44.40,44.40,100.00,100.00
2026-05-16T08:53:21.176953,54.50,60.00,100.00,100.00
2026-05-16T08:53:21.282354,55.60,50.00,100.00,100.00
2026-05-16T08:53:21.387559,54.50,50.00,100.00,100.00
2026-05-16T08:53:21.492380,60.00,63.60,100.00,100.00
2026-05-16T08:53:21.596912,60.00,58.30,100.00,100.00
2026-05-16T08:53:21.703662,54.50,60.00,100.00,100.00
2026-05-16T08:53:21.808564,50.00,55.60,100.00,100.00
2026-05-16T08:53:21.912915,45.50,50.00,100.00,100.00
2026-05-16T08:53:22.018605,50.00,54.50,100.00,100.00
2026-05-16T08:53:22.122684,44.40,50.00,100.00,100.00
2026-05-16T08:53:22.227694,50.00,58.30,100.00,100.00
2026-05-16T08:53:22.332069,44.40,44.40,100.00,100.00
2026-05-16T08:53:22.437529,40.00,54.50,100.00,100.00
2026-05-16T08:53:22.542928,50.00,44.40,100.00,100.00
2026-05-16T08:53:22.648152,37.50,44.40,100.00,100.00
2026-05-16T08:53:22.753906,50.00,54.50,100.00,100.00
2026-05-16T08:53:22.858535,45.50,50.00,100.00,100.00
2026-05-16T08:53:22.962734,44.40,37.50,100.00,100.00
2026-05-16T08:53:23.068034,44.40,50.00,100.00,100.00
2026-05-16T08:53:23.172031,50.00,42.90,100.00,100.00
2026-05-16T08:53:23.277581,44.40,50.00,100.00,100.00
2026-05-16T08:53:23.382117,54.50,54.50,100.00,100.00
2026-05-16T08:53:23.486512,50.00,44.40,100.00,100.00
2026-05-16T08:53:23.591224,45.50,50.00,100.00,100.00
2026-05-16T08:53:23.696900,44.40,55.60,100.00,100.00
2026-05-16T08:53:23.801974,50.00,44.40,100.00,100.00
2026-05-16T08:53:23.906698,45.50,54.50,100.00,100.00
2026-05-16T08:53:24.011561,50.00,44.40,100.00,100.00
2026-05-16T08:53:24.116246,50.00,50.00,100.00,100.00
2026-05-16T08:53:24.221121,33.30,44.40,100.00,100.00
2026-05-16T08:53:24.326511,33.30,33.30,100.00,100.00
2026-05-16T08:53:24.431514,45.50,50.00,100.00,100.00
2026-05-16T08:53:24.536218,33.30,40.00,100.00,100.00
2026-05-16T08:53:24.641483,40.00,44.40,100.00,100.00
2026-05-16T08:53:24.746622,33.30,44.40,100.00,100.00
2026-05-16T08:53:24.851702,37.50,45.50,100.00,100.00
2026-05-16T08:53:24.957411,45.50,37.50,100.00,100.00
2026-05-16T08:53:25.062237,25.00,50.00,100.00,100.00
2026-05-16T08:53:25.167194,33.30,37.50,100.00,100.00
2026-05-16T08:53:25.272799,54.50,58.30,100.00,100.00
2026-05-16T08:53:25.377462,44.40,44.40,100.00,100.00
2026-05-16T08:53:25.482378,54.50,44.40,100.00,100.00
2026-05-16T08:53:25.587192,33.30,44.40,100.00,100.00
2026-05-16T08:53:25.692516,44.40,54.50,100.00,100.00
2026-05-16T08:53:25.798518,70.00,60.00,100.00,100.00
2026-05-16T08:53:25.904690,72.70,90.90,100.00,100.00
2026-05-16T08:53:26.010012,80.00,81.80,100.00,100.00
2026-05-16T08:53:26.114884,72.70,81.80,100.00,100.00
2026-05-16T08:53:26.220410,75.00,88.90,100.00,100.00
2026-05-16T08:53:26.326872,81.80,83.30,100.00,100.00
2026-05-16T08:53:26.431862,77.80,81.80,100.00,100.00
2026-05-16T08:53:26.537795,91.70,81.80,100.00,100.00
2026-05-16T08:53:26.643843,81.80,90.00,100.00,100.00
2026-05-16T08:53:26.750080,80.00,81.80,100.00,100.00
2026-05-16T08:53:26.856461,81.80,91.70,100.00,100.00
2026-05-16T08:53:26.961856,80.00,90.00,100.00,100.00
2026-05-16T08:53:27.067775,81.80,88.90,100.00,100.00
2026-05-16T08:53:27.172498,77.80,83.30,100.00,100.00
2026-05-16T08:53:27.280567,83.30,90.90,100.00,100.00
2026-05-16T08:53:27.385115,81.80,83.30,100.00,100.00
2026-05-16T08:53:27.491545,77.80,77.80,100.00,100.00
2026-05-16T08:53:27.598802,75.00,90.90,100.00,100.00
2026-05-16T08:53:27.704180,80.00,75.00,100.00,100.00
2026-05-16T08:53:27.808665,90.00,80.00,100.00,100.00
2026-05-16T08:53:27.913405,80.00,81.80,100.00,100.00
2026-05-16T08:53:28.019648,83.30,72.70,100.00,100.00
2026-05-16T08:53:28.126147,81.80,80.00,100.00,100.00
2026-05-16T08:53:28.230188,81.80,81.80,100.00,100.00
2026-05-16T08:53:28.337557,83.30,72.70,100.00,100.00
2026-05-16T08:53:28.442897,80.00,83.30,100.00,100.00
2026-05-16T08:53:28.548708,83.30,80.00,100.00,100.00
2026-05-16T08:53:28.655063,80.00,80.00,100.00,100.00
2026-05-16T08:53:28.762954,90.90,81.80,100.00,100.00
2026-05-16T08:53:28.868057,84.60,81.80,100.00,100.00
2026-05-16T08:53:28.977068,90.00,90.90,100.00,100.00
2026-05-16T08:53:29.082722,81.80,80.00,100.00,100.00
2026-05-16T08:53:29.188192,80.00,88.90,100.00,100.00
2026-05-16T08:53:29.294124,81.80,91.70,100.00,100.00
2026-05-16T08:53:29.400577,88.90,80.00,100.00,100.00
2026-05-16T08:53:29.508122,83.30,90.90,100.00,100.00
2026-05-16T08:53:29.613883,80.00,91.70,100.00,100.00
2026-05-16T08:53:29.719510,80.00,81.80,100.00,100.00
2026-05-16T08:53:29.826121,70.00,80.00,100.00,100.00
2026-05-16T08:53:29.932848,72.70,81.80,100.00,100.00
2026-05-16T08:53:30.037222,66.70,81.80,100.00,100.00
2026-05-16T08:53:30.141699,80.00,90.00,100.00,100.00
2026-05-16T08:53:30.246781,80.00,81.80,100.00,100.00
2026-05-16T08:53:30.352655,81.80,83.30,100.00,100.00
2026-05-16T08:53:30.459934,83.30,80.00,100.00,100.00
2026-05-16T08:53:30.566783,80.00,81.80,100.00,100.00
2026-05-16T08:53:30.673780,81.80,100.00,100.00,100.00
2026-05-16T08:53:30.779619,72.70,81.80,100.00,100.00
2026-05-16T08:53:30.885965,80.00,80.00,100.00,100.00
2026-05-16T08:53:30.992203,75.00,72.70,100.00,100.00
2026-05-16T08:53:31.098259,80.00,72.70,100.00,100.00
2026-05-16T08:53:31.204930,75.00,81.80,100.00,100.00
2026-05-16T08:53:31.312711,75.00,80.00,100.00,100.00
2026-05-16T08:53:31.417512,70.00,75.00,100.00,100.00
2026-05-16T08:53:31.524209,81.80,81.80,100.00,100.00
2026-05-16T08:53:31.628745,72.70,77.80,100.00,100.00
2026-05-16T08:53:31.733083,72.70,81.80,100.00,100.00
2026-05-16T08:53:31.839274,81.80,81.80,100.00,100.00
2026-05-16T08:53:31.947631,81.80,83.30,100.00,100.00
2026-05-16T08:53:32.051557,81.80,81.80,100.00,100.00
2026-05-16T08:53:32.157582,90.00,77.80,100.00,100.00
2026-05-16T08:53:32.262416,81.80,81.80,100.00,100.00
2026-05-16T08:53:32.367707,81.80,77.80,100.00,100.00
2026-05-16T08:53:32.476116,80.00,81.80,100.00,100.00
2026-05-16T08:53:32.581930,81.80,83.30,100.00,100.00
2026-05-16T08:53:32.688478,81.80,83.30,100.00,100.00
2026-05-16T08:53:32.794860,75.00,81.80,100.00,100.00
2026-05-16T08:53:32.899877,80.00,80.00,100.00,100.00
2026-05-16T08:53:33.008516,72.70,90.90,100.00,100.00
2026-05-16T08:53:33.114515,80.00,83.30,100.00,100.00
2026-05-16T08:53:33.221113,72.70,91.70,100.00,100.00
2026-05-16T08:53:33.325896,81.80,81.80,100.00,100.00
2026-05-16T08:53:33.431849,80.00,88.90,100.00,100.00
2026-05-16T08:53:33.537276,81.80,83.30,100.00,100.00
2026-05-16T08:53:33.643684,81.80,81.80,100.00,100.00
2026-05-16T08:53:33.748376,77.80,90.00,100.00,100.00
2026-05-16T08:53:33.854233,72.70,72.70,100.00,100.00
2026-05-16T08:53:33.960099,63.60,80.00,100.00,100.00
2026-05-16T08:53:34.064659,70.00,75.00,100.00,100.00
2026-05-16T08:53:34.170405,70.00,80.00,100.00,100.00
2026-05-16T08:53:34.274555,75.00,63.60,100.00,100.00
2026-05-16T08:53:34.380879,81.80,80.00,100.00,100.00
2026-05-16T08:53:34.485712,75.00,72.70,100.00,100.00
2026-05-16T08:53:34.590693,72.70,66.70,100.00,100.00
2026-05-16T08:53:34.695586,76.90,63.60,100.00,100.00
2026-05-16T08:53:34.801175,66.70,66.70,100.00,100.00
2026-05-16T08:53:34.906023,66.70,75.00,100.00,100.00
2026-05-16T08:53:35.011868,72.70,70.00,100.00,100.00
2026-05-16T08:53:35.116586,70.00,75.00,100.00,100.00
2026-05-16T08:53:35.222991,70.00,77.80,100.00,100.00
2026-05-16T08:53:35.328512,75.00,75.00,100.00,100.00
2026-05-16T08:53:35.433002,72.70,72.70,100.00,100.00
2026-05-16T08:53:35.537905,66.70,72.70,100.00,100.00
2026-05-16T08:53:35.644582,66.70,75.00,100.00,100.00
2026-05-16T08:53:35.750918,75.00,80.00,100.00,100.00
2026-05-16T08:53:35.856702,76.90,63.60,100.00,100.00
2026-05-16T08:53:35.962640,70.00,70.00,100.00,100.00
2026-05-16T08:53:36.067391,72.70,70.00,100.00,100.00
2026-05-16T08:53:36.172882,72.70,66.70,100.00,100.00
2026-05-16T08:53:36.278597,75.00,72.70,100.00,100.00
2026-05-16T08:53:36.383560,75.00,72.70,100.00,100.00
2026-05-16T08:53:36.490486,81.80,70.00,100.00,100.00
2026-05-16T08:53:36.596539,75.00,66.70,100.00,100.00
2026-05-16T08:53:36.702045,72.70,70.00,100.00,100.00
2026-05-16T08:53:36.807899,72.70,72.70,100.00,100.00
2026-05-16T08:53:36.913358,72.70,72.70,100.00,100.00
2026-05-16T08:53:37.019745,72.70,70.00,100.00,100.00
2026-05-16T08:53:37.124961,75.00,66.70,100.00,100.00
2026-05-16T08:53:37.237791,70.00,72.70,100.00,100.00
2026-05-16T08:53:37.341886,69.20,81.80,100.00,100.00
2026-05-16T08:53:37.447521,80.00,72.70,100.00,100.00
2026-05-16T08:53:37.552001,60.00,70.00,100.00,100.00
2026-05-16T08:53:37.659904,75.00,81.80,100.00,100.00
2026-05-16T08:53:37.763974,70.00,70.00,100.00,100.00
2026-05-16T08:53:37.868811,45.50,50.00,100.00,100.00
2026-05-16T08:53:37.972978,44.40,50.00,100.00,100.00
2026-05-16T08:53:38.077614,40.00,33.30,100.00,100.00
2026-05-16T08:53:38.182055,50.00,44.40,100.00,100.00
2026-05-16T08:53:38.286530,40.00,45.50,100.00,100.00
2026-05-16T08:53:38.391021,50.00,37.50,100.00,100.00
2026-05-16T08:53:38.496224,50.00,50.00,100.00,100.00
2026-05-16T08:53:38.601073,45.50,44.40,100.00,100.00
2026-05-16T08:53:38.705561,50.00,44.40,100.00,100.00
2026-05-16T08:53:38.809649,44.40,40.00,100.00,100.00
2026-05-16T08:53:38.914338,40.00,50.00,100.00,100.00
2026-05-16T08:53:39.019676,50.00,44.40,100.00,100.00
2026-05-16T08:53:39.123725,45.50,45.50,100.00,100.00
2026-05-16T08:53:39.229000,50.00,54.50,100.00,100.00
2026-05-16T08:53:39.333255,45.50,37.50,100.00,100.00
2026-05-16T08:53:39.438004,44.40,44.40,100.00,100.00
2026-05-16T08:53:39.542594,50.00,44.40,100.00,100.00
2026-05-16T08:53:39.647077,50.00,44.40,100.00,100.00
2026-05-16T08:53:39.751973,54.50,54.50,100.00,100.00
2026-05-16T08:53:39.856938,50.00,44.40,100.00,100.00
2026-05-16T08:53:39.961753,50.00,55.60,100.00,100.00
2026-05-16T08:53:40.066406,54.50,58.30,100.00,100.00
2026-05-16T08:53:40.170980,50.00,37.50,100.00,100.00
2026-05-16T08:53:40.276172,54.50,55.60,100.00,100.00
2026-05-16T08:53:40.381918,54.50,50.00,100.00,100.00
2026-05-16T08:53:40.487050,60.00,50.00,100.00,100.00
2026-05-16T08:53:40.592599,50.00,50.00,100.00,100.00
2026-05-16T08:53:40.696976,58.30,44.40,100.00,100.00
2026-05-16T08:53:40.801416,37.50,55.60,100.00,100.00
2026-05-16T08:53:40.905741,50.00,50.00,100.00,100.00
2026-05-16T08:53:41.010054,54.50,55.60,100.00,100.00
2026-05-16T08:53:41.115403,50.00,54.50,100.00,100.00
2026-05-16T08:53:41.221159,54.50,60.00,100.00,100.00
2026-05-16T08:53:41.326434,44.40,54.50,100.00,100.00
2026-05-16T08:53:41.434909,58.30,44.40,100.00,100.00
2026-05-16T08:53:41.538748,50.00,50.00,100.00,100.00
2026-05-16T08:53:41.646148,50.00,60.00,100.00,100.00
2026-05-16T08:53:41.751996,44.40,45.50,100.00,100.00
2026-05-16T08:53:41.856406,63.60,70.00,100.00,100.00
2026-05-16T08:53:41.961011,60.00,60.00,100.00,100.00
2026-05-16T08:53:42.066121,60.00,60.00,100.00,100.00
2026-05-16T08:53:42.171044,70.00,66.70,100.00,100.00
2026-05-16T08:53:42.277097,63.60,66.70,100.00,100.00
2026-05-16T08:53:42.382566,75.00,63.60,100.00,100.00
2026-05-16T08:53:42.487424,70.00,63.60,100.00,100.00
2026-05-16T08:53:42.592817,63.60,60.00,100.00,100.00
2026-05-16T08:53:42.698927,66.70,60.00,100.00,100.00
2026-05-16T08:53:42.803651,66.70,70.00,100.00,100.00
2026-05-16T08:53:42.908135,66.70,66.70,100.00,100.00
2026-05-16T08:53:43.013677,60.00,55.60,100.00,100.00
2026-05-16T08:53:43.119955,72.70,63.60,100.00,100.00
2026-05-16T08:53:43.228562,72.70,70.00,100.00,100.00
2026-05-16T08:53:43.333741,72.70,66.70,100.00,100.00
2026-05-16T08:53:43.438753,66.70,63.60,100.00,100.00
2026-05-16T08:53:43.543790,60.00,60.00,100.00,100.00
2026-05-16T08:53:43.649940,63.60,63.60,100.00,100.00
2026-05-16T08:53:43.755592,60.00,63.60,100.00,100.00
2026-05-16T08:53:43.860480,60.00,54.50,100.00,100.00
2026-05-16T08:53:43.966181,60.00,60.00,100.00,100.00
2026-05-16T08:53:44.071444,66.70,60.00,100.00,100.00
2026-05-16T08:53:44.176085,60.00,63.60,100.00,100.00
2026-05-16T08:53:44.282098,60.00,63.60,100.00,100.00
2026-05-16T08:53:44.387749,66.70,63.60,100.00,100.00
2026-05-16T08:53:44.493450,60.00,60.00,100.00,100.00
2026-05-16T08:53:44.598017,63.60,66.70,100.00,100.00
2026-05-16T08:53:44.703589,63.60,60.00,100.00,100.00
2026-05-16T08:53:44.809675,54.50,63.60,100.00,100.00
2026-05-16T08:53:44.913893,63.60,60.00,100.00,100.00
2026-05-16T08:53:45.020011,66.70,69.20,100.00,100.00
2026-05-16T08:53:45.125263,66.70,70.00,100.00,100.00
2026-05-16T08:53:45.231623,69.20,63.60,100.00,100.00
2026-05-16T08:53:45.337092,63.60,66.70,100.00,100.00
2026-05-16T08:53:45.441785,55.60,63.60,100.00,100.00
2026-05-16T08:53:45.547622,63.60,63.60,100.00,100.00
2026-05-16T08:53:45.652239,63.60,70.00,100.00,100.00
2026-05-16T08:53:45.759202,60.00,66.70,100.00,100.00
2026-05-16T08:53:45.865753,81.80,88.90,100.00,100.00
2026-05-16T08:53:45.971637,75.00,83.30,100.00,100.00
2026-05-16T08:53:46.076566,80.00,90.00,100.00,100.00
2026-05-16T08:53:46.185234,81.80,91.70,100.00,100.00
2026-05-16T08:53:46.289740,77.80,81.80,100.00,100.00
2026-05-16T08:53:46.396072,90.90,81.80,100.00,100.00
2026-05-16T08:53:47.487566,88.30,88.90,100.00,88.90
2026-05-16T08:53:47.590648,90.00,80.00,100.00,10.00
2026-05-16T08:53:47.693718,81.80,83.30,100.00,0.00
2026-05-16T08:53:47.796874,81.80,80.00,100.00,11.10
2026-05-16T08:53:47.900188,90.00,88.90,100.00,0.00
2026-05-16T08:53:48.003827,81.80,81.80,100.00,20.00
2026-05-16T08:53:48.106942,90.00,88.90,100.00,0.00
2026-05-16T08:53:48.210362,90.90,81.80,100.00,12.50
2026-05-16T08:53:48.313906,77.80,90.90,100.00,0.00
2026-05-16T08:53:48.416960,91.70,80.00,100.00,11.10
2026-05-16T08:53:48.520613,90.90,90.00,100.00,11.10
2026-05-16T08:53:48.623918,90.90,90.00,100.00,20.00
2026-05-16T08:53:48.726997,88.90,81.80,100.00,0.00
2026-05-16T08:53:48.830022,90.00,90.00,100.00,11.10
2026-05-16T08:53:48.933297,90.00,88.90,100.00,11.10
2026-05-16T08:53:49.036520,90.90,80.00,100.00,20.00
2026-05-16T08:53:49.139448,81.80,88.90,100.00,0.00
2026-05-16T08:53:49.242611,88.90,81.80,100.00,20.00
2026-05-16T08:53:49.345795,83.30,81.80,100.00,11.10
2026-05-16T08:53:49.448756,90.00,90.00,100.00,11.10
2026-05-16T08:53:49.551962,90.00,83.30,100.00,11.10
2026-05-16T08:53:49.655295,80.00,87.50,100.00,20.00
2026-05-16T08:53:49.757636,72.70,66.70,100.00,0.00
2026-05-16T08:53:49.859988,20.00,12.50,100.00,0.00
2026-05-16T08:53:49.962410,20.00,0.00,100.00,0.00
2026-05-16T08:53:50.064528,11.10,11.10,100.00,9.10
2026-05-16T08:53:50.166720,11.10,20.00,100.00,0.00
2026-05-16T08:53:50.268867,11.10,0.00,100.00,0.00
2026-05-16T08:53:50.371126,11.10,11.10,100.00,0.00
2026-05-16T08:53:50.473425,27.30,11.10,100.00,0.00
2026-05-16T08:53:50.575741,11.10,11.10,100.00,9.10
2026-05-16T08:53:50.678057,0.00,0.00,100.00,0.00
2026-05-16T08:53:50.780334,11.10,11.10,100.00,0.00
2026-05-16T08:53:50.882559,11.10,11.10,100.00,0.00
2026-05-16T08:53:50.984696,0.00,20.00,100.00,0.00
2026-05-16T08:53:51.087035,0.00,0.00,100.00,9.10
2026-05-16T08:53:51.189516,27.30,12.50,100.00,0.00
2026-05-16T08:53:51.291806,0.00,0.00,100.00,0.00
2026-05-16T08:53:51.393989,0.00,0.00,100.00,0.00
2026-05-16T08:53:51.496303,20.00,20.00,100.00,0.00
2026-05-16T08:53:51.598360,11.10,0.00,100.00,0.00
2026-05-16T08:53:51.700506,11.10,0.00,100.00,9.10
2026-05-16T08:53:51.802703,11.10,20.00,100.00,10.00
2026-05-16T08:53:51.904900,20.00,11.10,100.00,0.00
2026-05-16T08:53:52.007123,11.10,0.00,100.00,0.00
2026-05-16T08:53:52.109395,20.00,0.00,100.00,9.10
2026-05-16T08:53:52.211946,11.10,11.10,100.00,0.00
2026-05-16T08:53:52.314341,0.00,0.00,100.00,0.00
2026-05-16T08:53:52.416497,11.10,20.00,100.00,0.00
2026-05-16T08:53:52.518673,11.10,0.00,100.00,0.00
2026-05-16T08:53:52.621010,0.00,0.00,100.00,0.00
2026-05-16T08:53:52.723601,20.00,11.10,100.00,9.10
2026-05-16T08:53:52.825717,11.10,0.00,100.00,0.00
2026-05-16T08:53:52.928001,0.00,11.10,100.00,0.00
2026-05-16T08:53:53.030182,20.00,11.10,100.00,0.00
2026-05-16T08:53:53.132461,20.00,11.10,100.00,0.00
2026-05-16T08:53:53.234693,11.10,0.00,100.00,0.00
2026-05-16T08:53:53.336745,20.00,11.10,100.00,18.20
2026-05-16T08:53:53.438955,0.00,20.00,100.00,9.10
2026-05-16T08:53:53.541175,11.10,0.00,100.00,0.00
2026-05-16T08:53:53.643624,11.10,0.00,100.00,0.00
2026-05-16T08:53:53.746507,12.50,20.00,100.00,0.00
2026-05-16T08:53:53.849855,81.80,88.90,100.00,11.10
2026-05-16T08:53:53.953148,90.90,81.80,100.00,11.10
2026-05-16T08:53:54.056698,90.00,90.00,100.00,0.00
2026-05-16T08:53:54.159539,80.00,80.00,100.00,11.10
2026-05-16T08:53:54.262604,91.70,90.90,100.00,20.00
2026-05-16T08:53:54.365874,88.90,80.00,100.00,11.10
2026-05-16T08:53:54.469042,90.00,83.30,100.00,11.10
2026-05-16T08:53:54.571943,80.00,90.00,100.00,11.10
2026-05-16T08:53:54.675398,83.30,80.00,100.00,20.00
2026-05-16T08:53:54.778589,90.00,80.00,100.00,0.00
2026-05-16T08:53:54.881967,90.90,81.80,100.00,11.10
2026-05-16T08:53:54.984985,81.80,90.00,100.00,11.10
2026-05-16T08:53:55.144151,88.20,86.70,94.10,30.80
2026-05-16T08:53:55.247809,66.70,72.70,80.00,12.50
2026-05-16T08:53:55.350894,70.00,70.00,75.00,20.00
2026-05-16T08:53:55.453892,70.00,63.60,80.00,11.10
2026-05-16T08:53:55.556924,63.60,72.70,76.90,0.00
2026-05-16T08:53:55.659612,70.00,66.70,70.00,10.00
2026-05-16T08:53:55.762837,63.60,63.60,81.80,0.00
2026-05-16T08:53:55.865665,70.00,66.70,72.70,20.00
2026-05-16T08:53:55.968415,72.70,72.70,72.70,0.00
2026-05-16T08:53:56.072453,60.00,66.70,81.80,11.10
2026-05-16T08:53:56.176013,72.70,72.70,72.70,22.20
2026-05-16T08:53:56.280384,66.70,66.70,83.30,10.00
2026-05-16T08:53:56.383611,60.00,72.70,75.00,0.00
2026-05-16T08:53:56.487010,75.00,63.60,80.00,11.10
2026-05-16T08:53:56.590089,66.70,66.70,76.90,30.00
2026-05-16T08:53:56.693033,63.60,72.70,80.00,11.10
2026-05-16T08:53:56.796017,72.70,60.00,75.00,0.00
2026-05-16T08:53:56.899071,66.70,70.00,75.00,20.00
2026-05-16T08:53:57.002210,72.70,70.00,81.80,0.00
2026-05-16T08:53:57.106368,63.60,66.70,66.70,11.10
2026-05-16T08:53:57.209618,66.70,72.70,81.80,11.10
2026-05-16T08:53:57.312684,63.60,70.00,75.00,11.10
2026-05-16T08:53:57.415403,66.70,63.60,72.70,11.10
2026-05-16T08:53:57.518679,66.70,75.00,81.80,0.00
2026-05-16T08:53:57.621818,70.00,63.60,72.70,11.10
2026-05-16T08:53:57.724633,70.00,75.00,75.00,0.00
2026-05-16T08:53:57.827534,66.70,63.60,80.00,0.00
2026-05-16T08:53:57.930816,66.70,70.00,75.00,20.00
2026-05-16T08:53:58.033784,75.00,70.00,80.00,0.00
2026-05-16T08:53:58.137124,70.00,70.00,75.00,11.10
2026-05-16T08:53:58.240448,66.70,70.00,75.00,0.00
2026-05-16T08:53:58.343915,70.00,63.60,77.80,11.10
2026-05-16T08:53:58.447139,72.70,70.00,75.00,0.00
2026-05-16T08:53:58.549674,66.70,72.70,83.30,11.10
2026-05-16T08:53:58.652628,72.70,72.70,81.80,11.10
2026-05-16T08:53:58.756457,63.60,70.00,70.00,10.00
2026-05-16T08:53:58.859296,72.70,66.70,76.90,12.50
2026-05-16T08:53:58.962907,72.70,72.70,81.80,10.00
2026-05-16T08:53:59.065701,66.70,72.70,72.70,0.00
2026-05-16T08:53:59.168911,63.60,66.70,81.80,20.00
2026-05-16T08:53:59.271869,70.00,72.70,70.00,22.20
2026-05-16T08:53:59.375229,72.70,66.70,81.80,0.00
2026-05-16T08:53:59.478400,70.00,75.00,75.00,11.10
2026-05-16T08:53:59.581393,66.70,72.70,80.00,11.10
2026-05-16T08:53:59.684723,63.60,72.70,75.00,11.10
2026-05-16T08:53:59.787731,66.70,62.50,80.00,11.10
2026-05-16T08:53:59.891429,72.70,66.70,75.00,10.00
2026-05-16T08:53:59.994811,63.60,70.00,70.00,11.10
2026-05-16T08:54:00.098062,72.70,66.70,83.30,0.00
2026-05-16T08:54:00.201127,70.00,70.00,83.30,20.00
2026-05-16T08:54:00.304157,70.00,76.90,75.00,0.00
2026-05-16T08:54:00.407429,66.70,70.00,72.70,11.10
2026-05-16T08:54:00.510691,70.00,70.00,81.80,11.10
2026-05-16T08:54:00.614215,70.00,70.00,75.00,20.00
2026-05-16T08:54:00.717598,70.00,63.60,80.00,11.10
2026-05-16T08:54:00.820784,55.60,72.70,83.30,0.00
2026-05-16T08:54:00.923740,75.00,70.00,75.00,11.10
2026-05-16T08:54:01.026861,70.00,72.70,81.80,20.00
2026-05-16T08:54:01.129952,75.00,63.60,75.00,0.00
2026-05-16T08:54:01.233051,72.70,72.70,80.00,20.00
2026-05-16T08:54:01.336337,72.70,70.00,75.00,20.00
2026-05-16T08:54:01.439829,70.00,72.70,80.00,0.00
2026-05-16T08:54:01.543721,70.00,75.00,80.00,11.10
2026-05-16T08:54:01.647405,63.60,63.60,76.90,11.10
2026-05-16T08:54:01.750714,70.00,70.00,80.00,0.00
2026-05-16T08:54:01.853975,83.30,83.30,90.90,0.00
2026-05-16T08:54:01.957200,80.00,88.90,90.90,12.50
2026-05-16T08:54:02.060552,81.80,80.00,90.90,11.10
2026-05-16T08:54:02.163728,88.90,83.30,100.00,22.20
2026-05-16T08:54:02.267514,80.00,81.80,91.70,11.10
2026-05-16T08:54:02.371146,81.80,90.00,90.00,22.20
2026-05-16T08:54:02.474642,77.80,80.00,90.90,0.00
2026-05-16T08:54:02.577992,81.80,83.30,90.90,12.50
2026-05-16T08:54:02.682180,81.80,90.00,90.00,11.10
2026-05-16T08:54:02.785553,77.80,75.00,90.90,12.50
2026-05-16T08:54:02.889025,83.30,80.00,90.90,11.10
2026-05-16T08:54:02.992579,80.00,80.00,83.30,11.10
2026-05-16T08:54:03.096580,75.00,81.80,91.70,0.00
2026-05-16T08:54:03.199843,77.80,80.00,90.00,11.10
2026-05-16T08:54:03.303213,81.80,80.00,90.90,36.40
2026-05-16T08:54:03.406737,80.00,80.00,81.80,0.00
2026-05-16T08:54:03.510537,81.80,81.80,90.90,11.10
2026-05-16T08:54:03.613851,80.00,81.80,100.00,12.50
2026-05-16T08:54:03.717382,90.00,81.80,90.90,20.00
2026-05-16T08:54:03.820717,75.00,88.90,83.30,12.50
2026-05-16T08:54:03.923894,80.00,81.80,88.90,0.00
2026-05-16T08:54:04.027387,80.00,81.80,90.90,11.10
2026-05-16T08:54:04.130709,80.00,80.00,90.90,0.00
2026-05-16T08:54:04.234066,81.80,80.00,90.90,22.20
2026-05-16T08:54:04.337403,90.00,90.90,100.00,11.10
2026-05-16T08:54:04.440834,81.80,81.80,90.90,11.10
2026-05-16T08:54:04.544148,80.00,80.00,90.90,12.50
2026-05-16T08:54:04.647329,83.30,84.60,90.90,0.00
2026-05-16T08:54:04.751008,80.00,80.00,90.90,11.10
2026-05-16T08:54:04.854674,81.80,81.80,90.90,0.00
2026-05-16T08:54:04.958002,81.80,80.00,90.90,22.20
2026-05-16T08:54:05.060966,81.80,81.80,100.00,11.10
2026-05-16T08:54:05.164168,81.80,77.80,81.80,0.00
2026-05-16T08:54:05.267491,77.80,81.80,90.90,30.00
2026-05-16T08:54:05.370664,72.70,83.30,90.00,0.00
2026-05-16T08:54:05.473883,80.00,72.70,90.90,0.00
2026-05-16T08:54:05.576959,81.80,80.00,84.60,20.00
2026-05-16T08:54:05.680141,81.80,80.00,90.90,12.50
2026-05-16T08:54:05.782586,60.00,60.00,70.00,0.00
2026-05-16T08:54:05.885076,0.00,0.00,0.00,0.00
2026-05-16T08:54:05.987371,11.10,12.50,22.20,10.00
2026-05-16T08:54:06.089510,22.20,20.00,20.00,0.00
2026-05-16T08:54:06.191662,11.10,11.10,12.50,0.00
2026-05-16T08:54:06.293812,22.20,22.20,12.50,0.00
2026-05-16T08:54:06.395988,11.10,20.00,22.20,0.00
2026-05-16T08:54:06.498160,12.50,0.00,11.10,0.00
2026-05-16T08:54:06.600520,27.30,20.00,30.00,20.00
2026-05-16T08:54:06.702773,12.50,22.20,0.00,0.00
2026-05-16T08:54:06.805022,0.00,0.00,22.20,10.00
2026-05-16T08:54:06.907071,20.00,22.20,11.10,0.00
2026-05-16T08:54:07.009412,12.50,0.00,22.20,0.00
2026-05-16T08:54:07.111714,27.30,27.30,22.20,0.00
2026-05-16T08:54:07.214042,12.50,22.20,12.50,0.00
2026-05-16T08:54:07.316224,11.10,0.00,11.10,16.70
2026-05-16T08:54:07.418431,22.20,0.00,0.00,0.00
2026-05-16T08:54:07.520826,12.50,20.00,22.20,0.00
2026-05-16T08:54:07.623046,11.10,12.50,12.50,0.00
2026-05-16T08:54:07.725461,12.50,20.00,20.00,18.20
2026-05-16T08:54:07.887199,25.00,23.10,38.50,13.30
2026-05-16T08:54:07.989635,25.00,22.20,100.00,0.00
2026-05-16T08:54:08.092096,12.50,14.30,100.00,10.00
2026-05-16T08:54:08.194937,30.00,30.00,100.00,9.10
2026-05-16T08:54:08.297215,12.50,14.30,100.00,0.00
2026-05-16T08:54:08.399967,22.20,22.20,100.00,0.00
2026-05-16T08:54:08.502174,12.50,12.50,100.00,0.00
2026-05-16T08:54:08.604975,14.30,33.30,100.00,10.00
2026-05-16T08:54:08.707470,30.00,12.50,100.00,0.00
2026-05-16T08:54:08.809814,12.50,14.30,100.00,10.00
2026-05-16T08:54:08.912107,30.00,22.20,100.00,0.00
2026-05-16T08:54:09.014869,22.20,12.50,100.00,0.00
2026-05-16T08:54:09.117434,22.20,25.00,100.00,0.00
2026-05-16T08:54:09.219821,0.00,22.20,100.00,10.00
2026-05-16T08:54:09.322028,12.50,25.00,100.00,0.00
2026-05-16T08:54:09.424368,30.00,12.50,100.00,0.00
2026-05-16T08:54:09.527034,22.20,22.20,100.00,0.00
2026-05-16T08:54:09.629923,14.30,25.00,100.00,11.10
2026-05-16T08:54:09.732664,30.00,12.50,100.00,9.10
2026-05-16T08:54:09.836074,40.00,40.00,100.00,0.00
2026-05-16T08:54:09.938958,37.50,28.60,100.00,0.00
2026-05-16T08:54:10.041716,33.30,33.30,100.00,10.00
2026-05-16T08:54:10.144123,33.30,33.30,100.00,10.00
2026-05-16T08:54:10.246715,45.50,37.50,100.00,0.00
2026-05-16T08:54:10.349434,40.00,40.00,100.00,0.00
2026-05-16T08:54:10.451933,28.60,25.00,100.00,0.00
2026-05-16T08:54:10.554378,40.00,44.40,100.00,0.00
2026-05-16T08:54:10.656950,25.00,33.30,100.00,10.00
2026-05-16T08:54:10.759373,45.50,44.40,100.00,10.00
2026-05-16T08:54:10.861983,25.00,25.00,100.00,0.00
2026-05-16T08:54:10.964412,44.40,25.00,100.00,0.00
2026-05-16T08:54:11.067110,33.30,50.00,100.00,0.00
2026-05-16T08:54:11.169894,33.30,33.30,100.00,10.00
2026-05-16T08:54:11.272428,33.30,44.40,100.00,0.00
2026-05-16T08:54:11.374938,44.40,40.00,100.00,0.00
2026-05-16T08:54:11.477617,40.00,40.00,100.00,10.00
2026-05-16T08:54:11.580283,33.30,44.40,100.00,10.00
2026-05-16T08:54:11.683153,54.50,37.50,100.00,0.00
2026-05-16T08:54:11.785995,40.00,40.00,100.00,18.20
2026-05-16T08:54:11.888569,37.50,40.00,100.00,0.00
2026-05-16T08:54:11.991025,33.30,28.60,100.00,0.00
2026-05-16T08:54:12.093891,40.00,40.00,100.00,11.10
2026-05-16T08:54:12.196164,33.30,40.00,100.00,10.00
2026-05-16T08:54:12.298731,40.00,25.00,100.00,0.00
2026-05-16T08:54:12.401209,44.40,44.40,100.00,10.00
2026-05-16T08:54:12.503844,33.30,33.30,100.00,0.00
2026-05-16T08:54:12.606397,40.00,25.00,100.00,10.00
2026-05-16T08:54:12.708845,40.00,44.40,100.00,10.00
2026-05-16T08:54:12.811813,37.50,14.30,100.00,0.00
2026-05-16T08:54:12.914384,40.00,45.50,100.00,0.00
2026-05-16T08:54:13.016806,33.30,37.50,100.00,0.00
2026-05-16T08:54:13.119403,45.50,33.30,100.00,0.00
2026-05-16T08:54:13.221971,44.40,40.00,100.00,18.20
2026-05-16T08:54:13.324736,40.00,37.50,100.00,0.00
2026-05-16T08:54:13.427076,37.50,33.30,100.00,0.00
2026-05-16T08:54:13.530413,33.30,28.60,100.00,10.00
2026-05-16T08:54:13.633350,33.30,40.00,100.00,0.00
2026-05-16T08:54:13.736478,37.50,40.00,100.00,10.00
2026-05-16T08:54:13.838999,20.00,22.20,100.00,0.00
2026-05-16T08:54:13.941647,0.00,12.50,100.00,9.10
2026-05-16T08:54:14.044544,20.00,11.10,100.00,0.00
2026-05-16T08:54:14.146882,12.50,0.00,100.00,0.00
2026-05-16T08:54:14.249438,12.50,12.50,100.00,10.00
2026-05-16T08:54:14.352083,20.00,11.10,100.00,9.10
2026-05-16T08:54:14.454515,0.00,22.20,100.00,0.00
2026-05-16T08:54:14.557268,27.30,0.00,100.00,0.00
2026-05-16T08:54:14.659607,0.00,12.50,100.00,0.00
2026-05-16T08:54:14.762082,12.50,11.10,100.00,0.00
2026-05-16T08:54:14.864694,27.30,12.50,100.00,0.00
2026-05-16T08:54:14.967047,20.00,0.00,100.00,0.00
2026-05-16T08:54:15.070055,0.00,22.20,100.00,0.00
2026-05-16T08:54:15.172394,22.20,0.00,100.00,0.00
2026-05-16T08:54:15.274532,0.00,12.50,100.00,10.00
2026-05-16T08:54:15.376946,0.00,12.50,100.00,0.00
2026-05-16T08:54:15.479198,27.30,12.50,100.00,0.00
2026-05-16T08:54:15.582097,12.50,11.10,100.00,0.00
2026-05-16T08:54:15.684700,11.10,0.00,100.00,10.00
2026-05-16T08:54:15.787315,22.20,11.10,100.00,0.00
2026-05-16T08:54:15.889795,11.10,12.50,100.00,0.00
2026-05-16T08:54:15.992363,12.50,0.00,100.00,0.00
2026-05-16T08:54:16.095174,22.20,22.20,100.00,0.00
2026-05-16T08:54:16.197934,0.00,0.00,100.00,0.00
2026-05-16T08:54:16.300374,22.20,22.20,100.00,0.00
2026-05-16T08:54:16.402683,11.10,0.00,100.00,0.00
2026-05-16T08:54:16.504700,12.50,20.00,100.00,0.00
2026-05-16T08:54:16.606855,12.50,12.50,100.00,25.00
2026-05-16T08:54:16.708981,0.00,12.50,100.00,0.00
2026-05-16T08:54:16.811213,20.00,12.50,100.00,0.00
2026-05-16T08:54:16.913754,12.50,0.00,100.00,0.00
2026-05-16T08:54:17.015922,0.00,20.00,100.00,0.00
2026-05-16T08:54:17.118464,20.00,12.50,100.00,10.00
2026-05-16T08:54:17.220913,12.50,0.00,100.00,0.00
2026-05-16T08:54:17.323533,11.10,0.00,100.00,0.00
2026-05-16T08:54:17.425578,22.20,12.50,100.00,0.00
2026-05-16T08:54:17.527883,0.00,12.50,100.00,9.10
2026-05-16T08:54:17.630140,27.30,11.10,100.00,0.00
2026-05-16T08:54:17.732873,0.00,12.50,100.00,10.00
2026-05-16T08:54:17.835490,11.10,0.00,100.00,0.00
2026-05-16T08:54:17.938013,0.00,11.10,100.00,0.00
2026-05-16T08:54:18.040665,0.00,0.00,100.00,0.00
2026-05-16T08:54:18.143167,11.10,11.10,100.00,0.00
2026-05-16T08:54:18.245426,11.10,0.00,100.00,10.00
2026-05-16T08:54:18.348050,11.10,0.00,100.00,0.00
2026-05-16T08:54:18.450528,0.00,11.10,100.00,0.00
2026-05-16T08:54:18.552990,22.20,0.00,100.00,0.00
2026-05-16T08:54:18.655491,11.10,0.00,100.00,0.00
2026-05-16T08:54:18.757658,0.00,11.10,100.00,9.10
2026-05-16T08:54:18.859649,0.00,22.20,100.00,0.00
2026-05-16T08:54:18.961712,11.10,0.00,100.00,0.00
2026-05-16T08:54:19.063949,10.00,0.00,100.00,0.00
2026-05-16T08:54:19.166038,0.00,10.00,100.00,0.00
2026-05-16T08:54:19.268295,20.00,0.00,100.00,10.00
2026-05-16T08:54:19.370501,0.00,0.00,100.00,0.00
2026-05-16T08:54:19.473171,10.00,0.00,100.00,0.00
2026-05-16T08:54:19.575222,0.00,0.00,100.00,0.00
2026-05-16T08:54:19.677622,11.10,20.00,100.00,0.00
2026-05-16T08:54:19.780194,11.10,0.00,100.00,0.00
2026-05-16T08:54:19.882563,11.10,11.10,100.00,10.00
2026-05-16T08:54:19.984660,11.10,0.00,100.00,0.00
2026-05-16T08:54:20.087003,10.00,11.10,100.00,0.00
2026-05-16T08:54:20.189244,20.00,0.00,100.00,0.00
2026-05-16T08:54:20.291705,20.00,0.00,100.00,0.00
2026-05-16T08:54:20.394079,20.00,0.00,100.00,9.10
2026-05-16T08:54:20.496651,20.00,11.10,100.00,0.00
2026-05-16T08:54:20.599106,11.10,25.00,100.00,0.00
2026-05-16T08:54:20.701372,11.10,0.00,100.00,9.10
2026-05-16T08:54:20.803597,10.00,11.10,100.00,0.00
2026-05-16T08:54:20.906191,0.00,0.00,100.00,0.00
2026-05-16T08:54:21.008495,11.10,11.10,100.00,0.00
2026-05-16T08:54:21.110833,11.10,0.00,100.00,10.00
2026-05-16T08:54:21.213003,10.00,0.00,100.00,0.00
2026-05-16T08:54:21.315154,0.00,11.10,100.00,0.00
2026-05-16T08:54:21.417711,11.10,0.00,100.00,9.10
2026-05-16T08:54:21.519917,0.00,11.10,100.00,0.00
2026-05-16T08:54:21.622148,18.20,11.10,100.00,0.00
2026-05-16T08:54:21.724266,11.10,11.10,100.00,0.00
2026-05-16T08:54:21.827135,72.70,72.70,100.00,40.00
2026-05-16T08:54:21.930006,90.00,88.90,100.00,0.00
2026-05-16T08:54:22.033172,81.80,81.80,100.00,10.00
2026-05-16T08:54:22.136646,81.80,77.80,100.00,0.00
2026-05-16T08:54:22.239707,81.80,72.70,100.00,18.20
2026-05-16T08:54:22.342610,90.00,81.80,100.00,11.10
2026-05-16T08:54:22.445741,77.80,90.00,100.00,11.10
2026-05-16T08:54:22.549644,83.30,80.00,100.00,0.00
2026-05-16T08:54:22.652485,81.80,75.00,100.00,11.10
2026-05-16T08:54:22.755302,81.80,80.00,100.00,18.20
2026-05-16T08:54:22.858697,88.90,81.80,100.00,0.00
2026-05-16T08:54:22.961786,81.80,80.00,100.00,11.10
2026-05-16T08:54:23.064618,83.30,75.00,100.00,11.10
2026-05-16T08:54:23.167711,81.80,77.80,100.00,11.10
2026-05-16T08:54:23.271072,88.90,81.80,100.00,20.00
2026-05-16T08:54:23.374192,81.80,90.00,100.00,30.00
2026-05-16T08:54:23.477232,90.90,83.30,100.00,0.00
2026-05-16T08:54:23.580525,88.90,77.80,100.00,12.50
2026-05-16T08:54:23.683714,84.60,80.00,100.00,11.10
2026-05-16T08:54:23.786664,88.90,80.00,100.00,11.10
2026-05-16T08:54:23.889847,81.80,81.80,100.00,10.00
2026-05-16T08:54:23.993627,83.30,72.70,100.00,0.00
2026-05-16T08:54:24.096769,77.80,81.80,100.00,0.00
2026-05-16T08:54:24.199784,81.80,80.00,100.00,18.20
2026-05-16T08:54:24.302949,81.80,72.70,100.00,20.00
2026-05-16T08:54:24.405741,77.80,80.00,100.00,0.00
2026-05-16T08:54:24.508854,90.90,80.00,100.00,11.10
2026-05-16T08:54:24.612184,72.70,83.30,100.00,10.00
2026-05-16T08:54:24.715407,90.00,70.00,100.00,11.10
2026-05-16T08:54:24.818457,81.80,90.00,100.00,0.00
2026-05-16T08:54:24.921990,88.90,81.80,100.00,0.00
2026-05-16T08:54:25.024869,81.80,77.80,100.00,11.10
2026-05-16T08:54:25.128048,88.90,81.80,100.00,10.00
2026-05-16T08:54:25.231189,80.00,81.80,100.00,22.20
2026-05-16T08:54:25.335173,90.90,83.30,100.00,0.00
2026-05-16T08:54:25.438540,88.90,87.50,100.00,11.10
2026-05-16T08:54:25.541656,83.30,81.80,100.00,0.00
2026-05-16T08:54:25.644490,88.90,80.00,100.00,11.10
2026-05-16T08:54:25.746808,70.00,80.00,100.00,0.00
2026-05-16T08:54:25.849425,30.00,11.10,100.00,0.00
2026-05-16T08:54:25.951984,0.00,12.50,100.00,16.70
2026-05-16T08:54:26.054256,30.00,22.20,100.00,0.00
2026-05-16T08:54:26.157027,12.50,12.50,100.00,0.00
2026-05-16T08:54:26.259528,0.00,0.00,100.00,0.00
2026-05-16T08:54:26.362111,30.00,22.20,100.00,0.00
2026-05-16T08:54:26.464620,12.50,12.50,100.00,0.00
2026-05-16T08:54:26.567133,22.20,12.50,100.00,0.00
2026-05-16T08:54:26.669678,22.20,22.20,100.00,18.20
2026-05-16T08:54:26.772446,22.20,22.20,100.00,0.00
2026-05-16T08:54:26.874806,0.00,0.00,100.00,0.00
2026-05-16T08:54:26.977020,22.20,22.20,100.00,0.00
2026-05-16T08:54:27.079233,20.00,22.20,100.00,9.10
2026-05-16T08:54:27.181991,14.30,12.50,100.00,10.00
2026-05-16T08:54:27.284560,22.20,22.20,100.00,0.00
2026-05-16T08:54:27.387125,11.10,12.50,100.00,9.10
2026-05-16T08:54:27.489953,12.50,12.50,100.00,0.00
2026-05-16T08:54:27.592114,12.50,22.20,100.00,0.00
2026-05-16T08:54:27.694583,22.20,12.50,100.00,0.00
2026-05-16T08:54:27.797276,11.10,12.50,100.00,0.00
2026-05-16T08:54:27.899483,22.20,22.20,100.00,0.00
2026-05-16T08:54:28.001879,22.20,12.50,100.00,10.00
2026-05-16T08:54:28.104190,0.00,22.20,100.00,9.10
2026-05-16T08:54:28.206624,22.20,22.20,100.00,0.00
2026-05-16T08:54:28.309056,22.20,14.30,100.00,0.00
2026-05-16T08:54:28.411428,12.50,22.20,100.00,9.10
2026-05-16T08:54:28.513611,0.00,0.00,100.00,0.00
2026-05-16T08:54:28.616204,22.20,22.20,100.00,0.00
2026-05-16T08:54:28.718609,0.00,25.00,100.00,0.00
2026-05-16T08:54:28.821183,22.20,11.10,100.00,0.00
2026-05-16T08:54:28.923666,20.00,12.50,100.00,10.00
2026-05-16T08:54:29.025960,12.50,22.20,100.00,0.00
2026-05-16T08:54:29.128315,12.50,0.00,100.00,0.00
2026-05-16T08:54:29.230542,22.20,25.00,100.00,10.00
2026-05-16T08:54:29.332983,22.20,22.20,100.00,9.10
2026-05-16T08:54:29.435487,0.00,12.50,100.00,0.00
2026-05-16T08:54:29.538186,30.00,0.00,100.00,10.00
2026-05-16T08:54:29.640682,0.00,30.00,100.00,0.00
2026-05-16T08:54:29.743682,30.00,12.50,100.00,0.00
2026-05-16T08:54:29.846606,81.80,70.00,100.00,0.00
2026-05-16T08:54:29.949556,72.70,72.70,100.00,10.00
2026-05-16T08:54:30.052886,80.00,72.70,100.00,0.00
2026-05-16T08:54:30.156110,81.80,80.00,100.00,10.00
2026-05-16T08:54:30.259539,70.00,72.70,100.00,11.10
2026-05-16T08:54:30.362634,75.00,75.00,100.00,11.10
2026-05-16T08:54:30.465844,77.80,70.00,100.00,0.00
2026-05-16T08:54:30.568963,81.80,80.00,100.00,0.00
2026-05-16T08:54:30.672097,80.00,75.00,100.00,20.00
2026-05-16T08:54:30.775044,81.80,77.80,100.00,11.10
2026-05-16T08:54:30.878063,72.70,66.70,100.00,18.20
2026-05-16T08:54:30.981216,77.80,72.70,100.00,11.10
2026-05-16T08:54:31.084192,75.00,72.70,100.00,10.00
2026-05-16T08:54:31.187062,80.00,72.70,100.00,11.10
2026-05-16T08:54:31.289882,70.00,70.00,100.00,20.00
2026-05-16T08:54:31.392837,81.80,80.00,100.00,0.00
2026-05-16T08:54:31.495631,80.00,75.00,100.00,11.10
2026-05-16T08:54:31.598439,75.00,72.70,100.00,0.00
2026-05-16T08:54:31.701432,81.80,70.00,100.00,20.00
2026-05-16T08:54:31.804195,80.00,80.00,100.00,10.00
2026-05-16T08:54:31.907098,80.00,80.00,100.00,0.00
2026-05-16T08:54:32.010034,81.80,75.00,100.00,11.10
2026-05-16T08:54:32.112788,72.70,80.00,100.00,20.00
2026-05-16T08:54:32.215508,81.80,72.70,100.00,0.00
2026-05-16T08:54:32.318676,70.00,72.70,100.00,0.00
2026-05-16T08:54:32.421606,81.80,75.00,100.00,10.00
2026-05-16T08:54:32.524341,75.00,77.80,100.00,11.10
2026-05-16T08:54:32.627542,80.00,75.00,100.00,11.10
2026-05-16T08:54:32.730442,81.80,77.80,100.00,11.10
2026-05-16T08:54:32.833498,81.80,76.90,100.00,10.00
2026-05-16T08:54:32.936195,66.70,70.00,100.00,0.00
2026-05-16T08:54:33.039316,81.80,70.00,100.00,0.00
2026-05-16T08:54:33.142079,75.00,81.80,100.00,0.00
2026-05-16T08:54:33.245135,80.00,75.00,100.00,20.00
2026-05-16T08:54:33.348214,80.00,72.70,100.00,0.00
2026-05-16T08:54:33.451543,70.00,72.70,100.00,18.20
2026-05-16T08:54:33.554565,81.80,77.80,100.00,0.00
2026-05-16T08:54:33.657632,80.00,75.00,100.00,11.10
2026-05-16T08:54:33.760385,76.90,70.00,100.00,20.00
2026-05-16T08:54:33.863539,80.00,81.80,100.00,0.00
2026-05-16T08:54:33.966478,80.00,70.00,100.00,10.00
2026-05-16T08:54:34.069560,70.00,72.70,100.00,0.00
2026-05-16T08:54:34.172454,83.30,72.70,100.00,11.10
2026-05-16T08:54:34.275673,80.00,81.80,100.00,11.10
2026-05-16T08:54:34.378691,70.00,75.00,100.00,0.00
2026-05-16T08:54:34.481581,80.00,70.00,100.00,20.00
2026-05-16T08:54:34.584496,70.00,80.00,100.00,11.10
2026-05-16T08:54:34.688007,81.80,70.00,100.00,10.00
2026-05-16T08:54:34.791411,72.70,75.00,100.00,0.00
2026-05-16T08:54:34.894508,80.00,70.00,100.00,10.00
2026-05-16T08:54:34.997554,72.70,75.00,100.00,11.10
2026-05-16T08:54:35.100556,75.00,66.70,100.00,11.10
2026-05-16T08:54:35.203443,77.80,80.00,100.00,11.10
2026-05-16T08:54:35.306719,81.80,72.70,100.00,30.00
2026-05-16T08:54:35.409622,75.00,70.00,100.00,0.00
2026-05-16T08:54:35.512743,77.80,75.00,100.00,11.10
2026-05-16T08:54:35.615665,81.80,77.80,100.00,11.10
2026-05-16T08:54:35.718808,77.80,75.00,100.00,11.10
2026-05-16T08:54:35.822074,75.00,77.80,100.00,10.00
2026-05-16T08:54:35.925092,81.80,70.00,100.00,11.10
2026-05-16T08:54:36.028617,75.00,72.70,100.00,11.10
2026-05-16T08:54:36.131756,80.00,81.80,100.00,0.00
2026-05-16T08:54:36.234654,81.80,72.70,100.00,0.00
2026-05-16T08:54:36.337496,81.80,80.00,100.00,11.10
2026-05-16T08:54:36.440811,81.80,72.70,100.00,11.10
2026-05-16T08:54:36.543883,72.70,72.70,100.00,20.00
2026-05-16T08:54:36.647337,81.80,70.00,100.00,22.20
2026-05-16T08:54:36.750374,80.00,77.80,100.00,0.00
2026-05-16T08:54:36.853458,77.80,72.70,100.00,0.00
2026-05-16T08:54:36.956165,75.00,72.70,100.00,20.00
2026-05-16T08:54:37.058956,77.80,80.00,100.00,10.00
2026-05-16T08:54:37.161896,81.80,75.00,100.00,0.00
2026-05-16T08:54:37.265020,72.70,70.00,100.00,20.00
2026-05-16T08:54:37.367736,77.80,72.70,100.00,11.10
2026-05-16T08:54:37.470857,80.00,75.00,100.00,18.20
2026-05-16T08:54:37.573867,70.00,77.80,100.00,0.00
2026-05-16T08:54:37.676910,80.00,70.00,100.00,0.00
2026-05-16T08:54:37.780343,83.30,81.80,100.00,10.00
2026-05-16T08:54:37.883263,81.80,83.30,100.00,11.10
2026-05-16T08:54:37.986080,88.90,90.90,100.00,18.20
2026-05-16T08:54:38.090121,91.70,90.00,100.00,12.50
2026-05-16T08:54:38.193710,100.00,88.90,100.00,11.10
2026-05-16T08:54:38.296855,90.00,90.90,100.00,20.00
2026-05-16T08:54:38.454668,87.50,86.70,100.00,30.80
2026-05-16T08:54:38.557742,70.00,77.80,75.00,11.10
2026-05-16T08:54:38.660848,75.00,75.00,81.80,11.10
2026-05-16T08:54:38.763942,66.70,70.00,81.80,11.10
2026-05-16T08:54:38.867027,72.70,75.00,83.30,11.10
2026-05-16T08:54:38.970514,66.70,70.00,81.80,20.00
2026-05-16T08:54:39.073617,75.00,75.00,81.80,0.00
2026-05-16T08:54:39.176981,70.00,70.00,75.00,20.00
2026-05-16T08:54:39.279882,72.70,72.70,81.80,22.20
2026-05-16T08:54:39.383395,72.70,75.00,83.30,11.10
2026-05-16T08:54:39.486369,80.00,70.00,80.00,0.00
2026-05-16T08:54:39.589646,72.70,62.50,81.80,11.10
2026-05-16T08:54:39.692941,72.70,75.00,81.80,11.10
2026-05-16T08:54:39.796241,72.70,70.00,76.90,0.00
2026-05-16T08:54:39.899960,72.70,77.80,81.80,20.00
2026-05-16T08:54:40.003499,72.70,72.70,83.30,0.00
2026-05-16T08:54:40.106640,72.70,66.70,81.80,11.10
2026-05-16T08:54:40.209853,72.70,77.80,81.80,0.00
2026-05-16T08:54:40.313430,72.70,75.00,83.30,11.10
2026-05-16T08:54:40.416652,70.00,72.70,83.30,0.00
2026-05-16T08:54:40.520037,70.00,72.70,80.00,20.00
2026-05-16T08:54:40.623206,72.70,72.70,75.00,11.10
2026-05-16T08:54:40.726611,72.70,72.70,83.30,0.00
2026-05-16T08:54:40.829890,72.70,72.70,81.80,11.10
2026-05-16T08:54:40.932771,70.00,75.00,81.80,11.10
2026-05-16T08:54:41.035681,72.70,72.70,75.00,20.00
2026-05-16T08:54:41.138726,72.70,70.00,80.00,0.00
2026-05-16T08:54:41.242050,72.70,72.70,81.80,25.00
2026-05-16T08:54:41.345053,70.00,72.70,81.80,0.00
2026-05-16T08:54:41.448527,70.00,72.70,81.80,11.10
2026-05-16T08:54:41.551787,70.00,70.00,75.00,0.00
2026-05-16T08:54:41.654845,72.70,70.00,83.30,20.00
2026-05-16T08:54:41.757648,72.70,72.70,80.00,11.10
2026-05-16T08:54:41.860238,50.00,58.30,54.50,0.00
2026-05-16T08:54:41.963608,50.00,44.40,54.50,10.00
2026-05-16T08:54:42.066888,37.50,40.00,50.00,0.00
2026-05-16T08:54:42.169375,58.30,50.00,60.00,11.10
2026-05-16T08:54:42.272668,50.00,54.50,63.60,0.00
2026-05-16T08:54:42.375490,44.40,44.40,50.00,10.00
2026-05-16T08:54:42.478481,54.50,44.40,54.50,0.00
2026-05-16T08:54:42.582087,44.40,50.00,55.60,10.00
2026-05-16T08:54:42.684838,54.50,50.00,58.30,25.00
2026-05-16T08:54:42.787849,50.00,37.50,50.00,0.00
2026-05-16T08:54:42.890633,45.50,44.40,60.00,10.00
2026-05-16T08:54:42.993698,50.00,50.00,58.30,0.00
2026-05-16T08:54:43.096200,50.00,44.40,58.30,11.10
2026-05-16T08:54:43.198915,50.00,45.50,55.60,0.00
2026-05-16T08:54:43.302006,50.00,50.00,54.50,0.00
2026-05-16T08:54:43.404750,44.40,50.00,66.70,10.00
2026-05-16T08:54:43.507679,63.60,50.00,54.50,10.00
2026-05-16T08:54:43.610222,37.50,44.40,55.60,0.00
2026-05-16T08:54:43.713329,54.50,54.50,50.00,10.00
2026-05-16T08:54:43.815846,44.40,37.50,54.50,0.00
2026-05-16T08:54:43.918462,54.50,45.50,60.00,10.00
2026-05-16T08:54:44.021181,54.50,37.50,54.50,0.00
2026-05-16T08:54:44.123773,44.40,50.00,58.30,11.10
2026-05-16T08:54:44.226347,45.50,50.00,63.60,10.00
2026-05-16T08:54:44.329011,44.40,45.50,50.00,0.00
2026-05-16T08:54:44.432038,50.00,54.50,58.30,10.00
2026-05-16T08:54:44.535063,54.50,50.00,60.00,11.10
2026-05-16T08:54:44.638477,50.00,44.40,54.50,0.00
2026-05-16T08:54:44.741160,44.40,40.00,54.50,10.00
2026-05-16T08:54:44.844005,50.00,44.40,54.50,0.00
2026-05-16T08:54:44.946570,50.00,54.50,63.60,20.00
2026-05-16T08:54:45.049442,50.00,50.00,50.00,0.00
2026-05-16T08:54:45.152064,45.50,44.40,54.50,0.00
2026-05-16T08:54:45.255100,55.60,54.50,60.00,20.00
2026-05-16T08:54:45.357711,44.40,50.00,54.50,0.00
2026-05-16T08:54:45.460576,50.00,50.00,60.00,10.00
2026-05-16T08:54:45.563490,45.50,37.50,54.50,0.00
2026-05-16T08:54:45.666664,50.00,54.50,60.00,0.00
2026-05-16T08:54:45.770092,63.60,50.00,63.60,27.30
2026-05-16T08:54:45.873523,75.00,69.20,75.00,0.00
2026-05-16T08:54:45.976456,66.70,80.00,81.80,11.10
2026-05-16T08:54:46.079518,72.70,75.00,81.80,0.00
2026-05-16T08:54:46.183125,70.00,66.70,81.80,11.10
2026-05-16T08:54:46.286880,70.00,72.70,75.00,22.20
2026-05-16T08:54:46.390159,72.70,60.00,83.30,10.00
2026-05-16T08:54:46.493464,66.70,70.00,83.30,0.00
2026-05-16T08:54:46.596647,70.00,75.00,80.00,12.50
2026-05-16T08:54:46.700599,83.30,80.00,81.80,22.20
2026-05-16T08:54:46.803877,63.60,70.00,72.70,0.00
2026-05-16T08:54:46.906665,70.00,63.60,81.80,20.00
2026-05-16T08:54:47.009885,72.70,70.00,83.30,11.10
2026-05-16T08:54:47.113221,72.70,75.00,83.30,0.00
2026-05-16T08:54:47.217368,70.00,70.00,80.00,11.10
2026-05-16T08:54:47.320828,72.70,72.70,75.00,20.00
2026-05-16T08:54:47.423913,72.70,70.00,80.00,0.00
2026-05-16T08:54:47.527628,70.00,66.70,76.90,11.10
2026-05-16T08:54:47.630924,66.70,72.70,80.00,0.00
2026-05-16T08:54:47.734370,72.70,75.00,81.80,11.10
2026-05-16T08:54:47.837616,70.00,72.70,81.80,20.00
2026-05-16T08:54:47.940887,70.00,70.00,81.80,22.20
2026-05-16T08:54:48.044014,70.00,75.00,75.00,0.00
2026-05-16T08:54:48.147376,75.00,66.70,80.00,11.10
2026-05-16T08:54:48.250457,66.70,72.70,81.80,0.00
2026-05-16T08:54:48.353717,66.70,70.00,72.70,10.00
2026-05-16T08:54:48.456628,66.70,63.60,75.00,11.10
2026-05-16T08:54:48.560977,75.00,70.00,80.00,0.00
2026-05-16T08:54:48.664241,72.70,72.70,76.90,11.10
2026-05-16T08:54:48.767493,70.00,66.70,81.80,11.10
2026-05-16T08:54:48.870787,72.70,72.70,80.00,11.10
2026-05-16T08:54:48.973885,75.00,72.70,76.90,11.10
2026-05-16T08:54:49.077613,60.00,60.00,80.00,11.10
2026-05-16T08:54:49.181038,72.70,72.70,83.30,20.00
2026-05-16T08:54:49.284385,77.80,75.00,75.00,0.00
2026-05-16T08:54:49.387891,63.60,70.00,83.30,20.00
2026-05-16T08:54:49.491615,80.00,77.80,83.30,0.00
2026-05-16T08:54:49.594835,70.00,72.70,81.80,22.20
2026-05-16T08:54:49.698096,72.70,72.70,81.80,11.10
2026-05-16T08:54:49.801440,60.00,60.00,72.70,11.10
2026-05-16T08:54:49.905186,63.60,60.00,72.70,0.00
2026-05-16T08:54:50.008047,63.60,60.00,66.70,10.00
2026-05-16T08:54:50.110738,60.00,60.00,66.70,20.00
2026-05-16T08:54:50.213961,66.70,66.70,75.00,11.10
2026-05-16T08:54:50.317058,50.00,55.60,63.60,10.00
2026-05-16T08:54:50.420421,63.60,50.00,72.70,11.10
2026-05-16T08:54:50.523373,60.00,63.60,66.70,0.00
2026-05-16T08:54:50.626541,63.60,60.00,63.60,10.00
2026-05-16T08:54:50.729494,60.00,63.60,75.00,11.10
2026-05-16T08:54:50.832153,69.20,63.60,66.70,0.00
2026-05-16T08:54:50.935901,50.00,60.00,72.70,10.00
2026-05-16T08:54:51.039144,60.00,63.60,72.70,0.00
2026-05-16T08:54:51.142173,70.00,60.00,66.70,0.00
2026-05-16T08:54:51.245640,54.50,66.70,72.70,20.00
2026-05-16T08:54:51.348585,70.00,60.00,75.00,11.10
2026-05-16T08:54:51.451509,60.00,63.60,70.00,10.00
2026-05-16T08:54:51.554599,63.60,60.00,72.70,0.00
2026-05-16T08:54:51.657358,50.00,63.60,60.00,20.00
2026-05-16T08:54:51.760430,60.00,60.00,76.90,10.00
2026-05-16T08:54:51.863201,63.60,66.70,66.70,0.00
2026-05-16T08:54:51.966184,63.60,63.60,70.00,10.00
2026-05-16T08:54:52.069159,55.60,55.60,66.70,11.10
2026-05-16T08:54:52.172095,63.60,55.60,70.00,0.00
2026-05-16T08:54:52.274871,60.00,66.70,72.70,20.00
2026-05-16T08:54:52.378120,60.00,50.00,63.60,11.10
2026-05-16T08:54:52.481021,55.60,60.00,66.70,0.00
2026-05-16T08:54:52.583964,63.60,54.50,70.00,11.10
2026-05-16T08:54:52.687018,55.60,63.60,63.60,10.00
2026-05-16T08:54:52.790188,63.60,60.00,72.70,11.10
2026-05-16T08:54:52.893139,60.00,60.00,63.60,11.10
2026-05-16T08:54:52.995955,60.00,63.60,69.20,11.10
2026-05-16T08:54:53.098848,58.30,69.20,66.70,0.00
2026-05-16T08:54:53.201638,60.00,60.00,60.00,20.00
2026-05-16T08:54:53.304679,55.60,60.00,72.70,11.10
2026-05-16T08:54:53.407487,63.60,63.60,63.60,11.10
2026-05-16T08:54:53.510094,63.60,58.30,66.70,0.00
2026-05-16T08:54:53.612894,60.00,60.00,72.70,20.00
2026-05-16T08:54:53.715686,63.60,63.60,66.70,10.00
2026-05-16T08:54:53.818032,33.30,33.30,33.30,10.00
2026-05-16T08:54:53.920513,12.50,22.20,33.30,0.00
2026-05-16T08:54:54.022913,30.00,30.00,22.20,0.00
2026-05-16T08:54:54.125904,30.00,12.50,40.00,0.00
2026-05-16T08:54:54.228357,12.50,22.20,22.20,10.00
2026-05-16T08:54:54.330829,33.30,22.20,33.30,0.00
2026-05-16T08:54:54.433877,30.00,33.30,30.00,9.10
2026-05-16T08:54:54.536490,22.20,22.20,33.30,10.00
2026-05-16T08:54:54.639122,22.20,22.20,30.00,0.00
2026-05-16T08:54:54.742099,30.00,22.20,33.30,0.00
2026-05-16T08:54:54.844952,25.00,22.20,25.00,10.00
2026-05-16T08:54:54.947718,22.20,22.20,30.00,0.00
2026-05-16T08:54:55.050512,36.40,25.00,25.00,0.00
2026-05-16T08:54:55.153092,30.00,22.20,40.00,0.00
2026-05-16T08:54:55.255527,25.00,30.00,30.00,10.00
2026-05-16T08:54:55.358199,22.20,33.30,14.30,10.00
2026-05-16T08:54:55.460728,22.20,22.20,22.20,0.00
2026-05-16T08:54:55.563190,30.00,22.20,33.30,0.00
2026-05-16T08:54:55.665643,33.30,22.20,22.20,0.00
2026-05-16T08:54:55.768030,30.00,30.00,33.30,0.00
2026-05-16T08:54:55.933054,35.70,40.00,52.90,33.30
2026-05-16T08:54:56.035569,40.00,33.30,100.00,0.00
2026-05-16T08:54:56.137842,33.30,37.50,100.00,10.00
2026-05-16T08:54:56.240603,50.00,37.50,100.00,0.00
2026-05-16T08:54:56.343158,37.50,45.50,100.00,0.00
2026-05-16T08:54:56.445830,40.00,28.60,100.00,10.00
2026-05-16T08:54:56.548396,33.30,33.30,100.00,0.00
2026-05-16T08:54:56.651075,50.00,44.40,100.00,27.30
2026-05-16T08:54:56.753587,40.00,33.30,100.00,0.00
2026-05-16T08:54:56.856167,33.30,40.00,100.00,0.00
2026-05-16T08:54:56.958819,40.00,40.00,100.00,10.00
2026-05-16T08:54:57.061134,33.30,28.60,100.00,10.00
2026-05-16T08:54:57.163727,37.50,40.00,100.00,0.00
2026-05-16T08:54:57.266168,45.50,44.40,100.00,0.00
2026-05-16T08:54:57.368670,33.30,33.30,100.00,18.20
2026-05-16T08:54:57.471386,40.00,40.00,100.00,0.00
2026-05-16T08:54:57.574461,44.40,44.40,100.00,0.00
2026-05-16T08:54:57.677463,33.30,33.30,100.00,0.00
2026-05-16T08:54:57.779840,40.00,40.00,100.00,0.00
2026-05-16T08:54:57.881974,25.00,25.00,100.00,9.10
2026-05-16T08:54:57.984401,25.00,25.00,100.00,0.00
2026-05-16T08:54:58.086989,33.30,33.30,100.00,10.00
2026-05-16T08:54:58.189780,22.20,33.30,100.00,0.00
2026-05-16T08:54:58.292099,33.30,25.00,100.00,0.00
2026-05-16T08:54:58.394630,33.30,40.00,100.00,0.00
2026-05-16T08:54:58.497040,33.30,14.30,100.00,0.00
2026-05-16T08:54:58.599810,33.30,22.20,100.00,9.10
2026-05-16T08:54:58.702199,30.00,40.00,100.00,0.00
2026-05-16T08:54:58.804794,33.30,25.00,100.00,10.00
2026-05-16T08:54:58.907191,25.00,33.30,100.00,10.00
2026-05-16T08:54:59.009724,33.30,25.00,100.00,10.00
2026-05-16T08:54:59.112100,30.00,33.30,100.00,0.00
2026-05-16T08:54:59.214632,33.30,25.00,100.00,0.00
2026-05-16T08:54:59.317069,25.00,40.00,100.00,0.00
2026-05-16T08:54:59.419521,22.20,12.50,100.00,0.00
2026-05-16T08:54:59.521729,33.30,40.00,100.00,0.00
2026-05-16T08:54:59.624067,25.00,25.00,100.00,10.00
2026-05-16T08:54:59.726592,33.30,14.30,100.00,10.00
2026-05-16T08:54:59.828950,22.20,33.30,100.00,0.00
2026-05-16T08:54:59.931423,33.30,33.30,100.00,0.00
2026-05-16T08:55:00.034052,33.30,33.30,100.00,0.00
2026-05-16T08:55:00.136513,30.00,25.00,100.00,0.00
2026-05-16T08:55:00.238659,14.30,33.30,100.00,9.10
2026-05-16T08:55:00.341209,33.30,33.30,100.00,0.00
2026-05-16T08:55:00.443656,33.30,33.30,100.00,0.00
2026-05-16T08:55:00.545839,25.00,25.00,100.00,10.00
2026-05-16T08:55:00.648349,36.40,25.00,100.00,0.00
2026-05-16T08:55:00.750950,25.00,33.30,100.00,0.00
2026-05-16T08:55:00.853492,40.00,14.30,100.00,16.70
2026-05-16T08:55:00.955853,30.00,36.40,100.00,0.00
2026-05-16T08:55:01.058074,33.30,14.30,100.00,0.00
2026-05-16T08:55:01.160545,33.30,33.30,100.00,10.00
2026-05-16T08:55:01.262888,33.30,33.30,100.00,18.20
2026-05-16T08:55:01.365225,25.00,40.00,100.00,0.00
2026-05-16T08:55:01.467866,33.30,25.00,100.00,0.00
2026-05-16T08:55:01.570202,25.00,33.30,100.00,0.00
2026-05-16T08:55:01.672847,30.00,33.30,100.00,10.00
2026-05-16T08:55:01.776096,63.60,55.60,100.00,0.00
2026-05-16T08:55:01.942978,100.00,100.00,100.00,38.90
2026-05-16T08:55:02.046354,83.30,90.00,91.70,12.50
2026-05-16T08:55:02.149519,81.80,77.80,90.90,0.00
2026-05-16T08:55:02.253146,77.80,75.00,90.00,11.10
2026-05-16T08:55:02.356620,72.70,81.80,90.90,22.20
2026-05-16T08:55:02.459714,81.80,90.00,90.90,0.00
2026-05-16T08:55:02.563634,81.80,80.00,91.70,11.10
2026-05-16T08:55:02.666747,81.80,72.70,81.80,12.50
2026-05-16T08:55:02.770108,81.80,81.80,100.00,11.10
2026-05-16T08:55:02.874186,81.80,80.00,91.70,11.10
2026-05-16T08:55:02.977565,80.00,80.00,91.70,11.10
2026-05-16T08:55:03.080886,81.80,81.80,88.90,12.50
2026-05-16T08:55:03.184420,81.80,81.80,83.30,0.00
2026-05-16T08:55:03.288703,72.70,80.00,90.90,20.00
2026-05-16T08:55:03.392187,81.80,80.00,90.90,11.10
2026-05-16T08:55:03.495955,77.80,75.00,81.80,11.10
2026-05-16T08:55:03.599217,81.80,81.80,90.90,0.00
2026-05-16T08:55:03.702846,80.00,81.80,90.90,11.10
2026-05-16T08:55:03.805861,81.80,90.90,90.90,22.20
2026-05-16T08:55:03.908910,76.90,72.70,83.30,11.10
2026-05-16T08:55:04.012641,77.80,80.00,90.00,0.00
2026-05-16T08:55:04.115996,81.80,75.00,83.30,11.10
2026-05-16T08:55:04.219618,80.00,80.00,90.90,0.00
2026-05-16T08:55:04.322943,80.00,84.60,90.00,11.10
2026-05-16T08:55:04.427462,81.80,80.00,91.70,30.00
2026-05-16T08:55:04.531035,80.00,90.00,90.00,11.10
2026-05-16T08:55:04.634089,80.00,80.00,90.90,11.10
2026-05-16T08:55:04.737414,83.30,83.30,90.90,22.20
2026-05-16T08:55:04.840713,80.00,80.00,90.90,11.10
2026-05-16T08:55:04.943916,81.80,81.80,90.90,11.10
2026-05-16T08:55:05.047652,72.70,81.80,90.00,0.00
2026-05-16T08:55:05.151182,80.00,80.00,81.80,12.50
2026-05-16T08:55:05.254459,83.30,83.30,90.90,20.00
2026-05-16T08:55:05.357570,88.90,90.00,90.90,0.00
2026-05-16T08:55:05.461188,80.00,77.80,91.70,22.20
2026-05-16T08:55:05.564346,78.60,81.80,90.00,0.00
2026-05-16T08:55:05.667195,80.00,72.70,90.90,11.10
2026-05-16T08:55:05.770322,72.70,70.00,75.00,11.10
2026-05-16T08:55:05.873459,50.00,60.00,70.00,10.00
2026-05-16T08:55:05.976823,54.50,61.50,63.60,0.00
2026-05-16T08:55:06.079788,55.60,50.00,63.60,0.00
2026-05-16T08:55:06.182774,63.60,54.50,63.60,18.20
2026-05-16T08:55:06.285896,54.50,60.00,63.60,10.00
2026-05-16T08:55:06.389498,63.60,54.50,70.00,0.00
2026-05-16T08:55:06.492499,50.00,50.00,54.50,10.00
2026-05-16T08:55:06.595372,61.50,58.30,70.00,11.10
2026-05-16T08:55:06.698621,60.00,63.60,69.20,22.20
2026-05-16T08:55:06.801459,55.60,63.60,60.00,18.20
2026-05-16T08:55:06.904203,54.50,44.40,60.00,0.00
2026-05-16T08:55:07.006914,63.60,60.00,66.70,11.10
2026-05-16T08:55:07.109804,60.00,50.00,63.60,0.00
2026-05-16T08:55:07.212805,55.60,58.30,63.60,0.00
2026-05-16T08:55:07.315723,54.50,55.60,60.00,20.00
2026-05-16T08:55:07.418793,55.60,60.00,72.70,11.10
2026-05-16T08:55:07.521553,63.60,54.50,55.60,10.00
2026-05-16T08:55:07.624710,54.50,60.00,66.70,20.00
2026-05-16T08:55:07.727640,55.60,50.00,63.60,0.00
2026-05-16T08:55:07.830636,61.50,54.50,60.00,11.10
2026-05-16T08:55:07.933696,55.60,55.60,66.70,11.10
2026-05-16T08:55:08.036545,54.50,54.50,63.60,0.00
2026-05-16T08:55:08.139549,50.00,50.00,63.60,11.10
2026-05-16T08:55:08.242423,63.60,60.00,66.70,18.20
2026-05-16T08:55:08.345559,54.50,54.50,70.00,11.10
2026-05-16T08:55:08.448375,55.60,60.00,63.60,0.00
2026-05-16T08:55:08.550937,60.00,54.50,66.70,11.10
2026-05-16T08:55:08.653910,58.30,55.60,60.00,20.00
2026-05-16T08:55:08.757017,60.00,63.60,72.70,10.00
2026-05-16T08:55:08.859848,60.00,54.50,63.60,11.10
2026-05-16T08:55:08.963130,54.50,50.00,66.70,11.10
2026-05-16T08:55:09.066879,55.60,54.50,70.00,0.00
2026-05-16T08:55:09.170236,60.00,60.00,66.70,10.00
2026-05-16T08:55:09.273626,60.00,54.50,66.70,0.00
2026-05-16T08:55:09.376792,55.60,60.00,70.00,11.10
2026-05-16T08:55:09.479718,54.50,50.00,63.60,18.20
2026-05-16T08:55:09.582471,63.60,60.00,60.00,0.00
2026-05-16T08:55:09.685323,60.00,54.50,66.70,27.30
2026-05-16T08:55:09.787701,45.50,44.40,54.50,0.00
2026-05-16T08:55:09.890008,33.30,33.30,33.30,10.00
2026-05-16T08:55:09.992707,33.30,36.40,25.00,0.00
2026-05-16T08:55:10.095049,30.00,25.00,45.50,10.00
2026-05-16T08:55:10.197681,33.30,22.20,33.30,0.00
2026-05-16T08:55:10.300127,33.30,33.30,33.30,0.00
2026-05-16T08:55:10.402440,33.30,25.00,40.00,10.00
2026-05-16T08:55:10.504823,30.00,30.00,40.00,0.00
2026-05-16T08:55:10.607696,40.00,40.00,40.00,0.00
2026-05-16T08:55:10.710062,25.00,25.00,33.30,0.00
2026-05-16T08:55:10.812677,30.00,22.20,33.30,10.00
2026-05-16T08:55:10.915102,33.30,33.30,33.30,0.00
2026-05-16T08:55:11.018356,33.30,30.00,45.50,0.00
2026-05-16T08:55:11.121060,22.20,33.30,33.30,10.00
2026-05-16T08:55:11.224091,40.00,33.30,45.50,18.20
2026-05-16T08:55:11.326739,33.30,36.40,44.40,0.00
2026-05-16T08:55:11.429469,33.30,25.00,45.50,10.00
2026-05-16T08:55:11.532103,40.00,41.70,33.30,0.00
2026-05-16T08:55:11.634811,22.20,25.00,33.30,0.00
2026-05-16T08:55:11.737161,45.50,40.00,45.50,0.00
2026-05-16T08:55:11.839932,25.00,30.00,40.00,10.00
2026-05-16T08:55:11.942548,40.00,25.00,33.30,10.00
2026-05-16T08:55:12.045029,30.00,40.00,33.30,0.00
2026-05-16T08:55:12.147700,40.00,30.00,45.50,0.00
2026-05-16T08:55:12.250140,25.00,40.00,25.00,10.00
2026-05-16T08:55:12.352791,45.50,22.20,40.00,10.00
2026-05-16T08:55:12.455255,22.20,40.00,45.50,0.00
2026-05-16T08:55:12.557896,33.30,22.20,25.00,0.00
2026-05-16T08:55:12.660447,30.00,30.00,40.00,0.00
2026-05-16T08:55:12.763074,40.00,40.00,40.00,10.00
2026-05-16T08:55:12.865618,33.30,25.00,33.30,10.00
2026-05-16T08:55:12.968056,22.20,22.20,45.50,0.00
2026-05-16T08:55:13.070495,40.00,25.00,33.30,0.00
2026-05-16T08:55:13.173152,40.00,30.00,40.00,0.00
2026-05-16T08:55:13.275916,33.30,40.00,44.40,25.00
2026-05-16T08:55:13.378740,30.00,33.30,33.30,11.10
2026-05-16T08:55:13.481197,25.00,12.50,33.30,0.00
2026-05-16T08:55:13.584065,33.30,40.00,40.00,0.00
2026-05-16T08:55:13.686916,33.30,30.00,33.30,0.00
2026-05-16T08:55:13.790368,54.50,44.40,63.60,11.10
2026-05-16T08:55:13.893702,70.00,70.00,75.00,10.00
2026-05-16T08:55:13.996642,66.70,70.00,80.00,11.10
2026-05-16T08:55:14.099730,66.70,63.60,72.70,0.00
2026-05-16T08:55:14.202721,63.60,70.00,75.00,11.10
2026-05-16T08:55:14.305829,72.70,60.00,70.00,20.00
2026-05-16T08:55:14.408840,63.60,63.60,75.00,11.10
2026-05-16T08:55:14.512148,72.70,66.70,81.80,11.10
2026-05-16T08:55:14.615422,66.70,63.60,72.70,0.00
2026-05-16T08:55:14.718827,66.70,70.00,75.00,11.10
2026-05-16T08:55:14.822108,66.70,60.00,80.00,11.10
2026-05-16T08:55:14.925620,66.70,72.70,75.00,11.10
2026-05-16T08:55:15.028524,63.60,72.70,75.00,0.00
2026-05-16T08:55:15.131785,63.60,60.00,80.00,0.00
2026-05-16T08:55:15.235126,72.70,66.70,75.00,20.00
2026-05-16T08:55:15.338427,60.00,63.60,75.00,0.00
2026-05-16T08:55:15.441921,70.00,75.00,72.70,11.10
2026-05-16T08:55:15.544849,72.70,63.60,72.70,11.10
2026-05-16T08:55:15.648141,70.00,66.70,80.00,20.00
2026-05-16T08:55:15.751115,66.70,72.70,76.90,0.00
2026-05-16T08:55:15.854394,66.70,63.60,72.70,11.10
2026-05-16T08:55:15.957177,66.70,72.70,76.90,11.10
2026-05-16T08:55:16.059623,70.00,66.70,77.80,11.10
2026-05-16T08:55:16.162590,60.00,70.00,69.20,11.10
2026-05-16T08:55:16.266178,63.60,63.60,80.00,10.00
2026-05-16T08:55:16.369373,72.70,63.60,76.90,12.50
2026-05-16T08:55:16.472751,60.00,70.00,75.00,0.00
2026-05-16T08:55:16.575483,72.70,69.20,72.70,11.10
2026-05-16T08:55:16.678442,72.70,72.70,77.80,33.30
2026-05-16T08:55:16.781142,62.50,66.70,75.00,11.10
2026-05-16T08:55:16.884124,60.00,70.00,75.00,11.10
2026-05-16T08:55:16.987004,75.00,66.70,77.80,0.00
2026-05-16T08:55:17.089917,60.00,70.00,75.00,20.00
2026-05-16T08:55:17.193546,66.70,60.00,72.70,0.00
2026-05-16T08:55:17.296823,66.70,72.70,72.70,11.10
2026-05-16T08:55:17.400006,72.70,63.60,81.80,20.00
2026-05-16T08:55:17.503178,63.60,70.00,75.00,0.00
2026-05-16T08:55:17.606571,72.70,63.60,81.80,11.10
2026-05-16T08:55:17.709695,60.00,66.70,72.70,0.00
2026-05-16T08:55:17.812432,50.00,44.40,58.30,0.00
2026-05-16T08:55:17.914772,44.40,45.50,44.40,18.20
2026-05-16T08:55:18.017238,33.30,45.50,50.00,0.00
2026-05-16T08:55:18.120084,44.40,37.50,54.50,0.00
2026-05-16T08:55:18.222936,45.50,40.00,50.00,10.00
2026-05-16T08:55:18.325941,44.40,50.00,54.50,10.00
2026-05-16T08:55:18.428480,50.00,40.00,54.50,0.00
2026-05-16T08:55:18.531062,40.00,45.50,50.00,11.10
2026-05-16T08:55:18.633794,50.00,44.40,50.00,0.00
2026-05-16T08:55:18.736479,40.00,45.50,58.30,0.00
2026-05-16T08:55:18.839092,33.30,33.30,50.00,20.00
2026-05-16T08:55:18.941880,44.40,44.40,54.50,10.00
2026-05-16T08:55:19.044621,50.00,45.50,50.00,10.00
2026-05-16T08:55:19.147424,40.00,40.00,50.00,0.00
2026-05-16T08:55:19.250384,44.40,50.00,50.00,11.10
2026-05-16T08:55:19.353212,40.00,44.40,54.50,0.00
2026-05-16T08:55:19.455949,44.40,45.50,54.50,11.10
2026-05-16T08:55:19.558550,40.00,40.00,50.00,0.00
2026-05-16T08:55:19.661219,55.60,50.00,54.50,10.00
2026-05-16T08:55:19.763897,40.00,40.00,54.50,11.10
2026-05-16T08:55:19.866432,50.00,44.40,50.00,0.00
2026-05-16T08:55:19.969064,40.00,40.00,54.50,10.00
2026-05-16T08:55:20.071860,50.00,44.40,50.00,0.00
2026-05-16T08:55:20.174391,33.30,45.50,54.50,0.00
2026-05-16T08:55:20.277360,54.50,33.30,50.00,18.20
2026-05-16T08:55:20.380657,33.30,44.40,50.00,18.20
2026-05-16T08:55:20.483501,50.00,45.50,58.30,0.00
2026-05-16T08:55:20.586165,40.00,44.40,50.00,0.00
2026-05-16T08:55:20.688628,54.50,40.00,50.00,10.00
2026-05-16T08:55:20.791084,50.00,50.00,50.00,10.00
2026-05-16T08:55:20.893630,25.00,50.00,50.00,11.10
2026-05-16T08:55:20.996139,50.00,40.00,50.00,0.00
2026-05-16T08:55:21.098977,45.50,54.50,58.30,10.00
2026-05-16T08:55:21.201808,28.60,33.30,50.00,0.00
2026-05-16T08:55:21.304358,54.50,44.40,54.50,11.10
2026-05-16T08:55:21.407162,40.00,50.00,50.00,10.00
2026-05-16T08:55:21.509796,44.40,44.40,55.60,10.00
2026-05-16T08:55:21.612453,40.00,45.50,54.50,0.00
2026-05-16T08:55:21.715002,50.00,44.40,50.00,10.00
2026-05-16T08:55:21.817945,70.00,72.70,75.00,12.50
2026-05-16T08:55:21.921546,72.70,70.00,81.80,11.10
2026-05-16T08:55:22.024856,72.70,70.00,88.90,11.10
2026-05-16T08:55:22.127837,77.80,81.80,84.60,20.00
2026-05-16T08:55:22.231189,75.00,70.00,81.80,11.10
2026-05-16T08:55:22.333950,72.70,75.00,83.30,12.50
2026-05-16T08:55:22.437458,81.80,72.70,90.00,0.00
2026-05-16T08:55:22.540684,72.70,70.00,75.00,20.00
2026-05-16T08:55:22.643514,70.00,66.70,83.30,11.10
2026-05-16T08:55:22.746842,72.70,72.70,80.00,11.10
2026-05-16T08:55:22.849788,70.00,80.00,90.90,11.10
2026-05-16T08:55:22.952870,77.80,72.70,81.80,11.10
2026-05-16T08:55:23.055899,72.70,72.70,75.00,0.00
2026-05-16T08:55:23.158956,72.70,72.70,83.30,11.10
2026-05-16T08:55:23.262294,72.70,81.80,90.00,22.20
2026-05-16T08:55:23.365435,77.80,72.70,84.60,0.00
2026-05-16T08:55:23.468172,72.70,70.00,81.80,20.00
2026-05-16T08:55:23.571135,80.00,70.00,81.80,11.10
2026-05-16T08:55:23.674005,63.60,70.00,83.30,0.00
2026-05-16T08:55:23.777456,77.80,66.70,81.80,12.50
2026-05-16T08:55:23.880371,72.70,81.80,83.30,0.00
2026-05-16T08:55:23.983550,72.70,70.00,81.80,11.10
2026-05-16T08:55:24.086630,77.80,70.00,81.80,11.10
2026-05-16T08:55:24.189850,72.70,72.70,88.90,11.10
2026-05-16T08:55:24.292732,70.00,75.00,83.30,11.10
2026-05-16T08:55:24.396772,72.70,70.00,80.00,20.00
2026-05-16T08:55:24.500950,72.70,80.00,83.30,11.10
2026-05-16T08:55:24.604790,81.80,72.70,81.80,11.10
2026-05-16T08:55:24.707968,70.00,75.00,81.80,11.10
2026-05-16T08:55:24.811188,70.00,72.70,83.30,0.00
2026-05-16T08:55:24.914954,70.00,70.00,81.80,11.10
2026-05-16T08:55:25.018808,80.00,80.00,83.30,0.00
2026-05-16T08:55:25.121736,70.00,72.70,80.00,11.10
2026-05-16T08:55:25.225869,75.00,72.70,83.30,11.10
2026-05-16T08:55:25.329945,70.00,75.00,81.80,11.10
2026-05-16T08:55:25.433229,80.00,70.00,83.30,12.50
2026-05-16T08:55:25.536600,72.70,75.00,81.80,0.00
2026-05-16T08:55:25.639826,72.70,80.00,81.80,20.00
2026-05-16T08:55:25.742600,66.70,63.60,80.00,0.00
2026-05-16T08:55:25.846439,63.60,63.60,69.20,11.10
2026-05-16T08:55:25.949357,66.70,60.00,72.70,0.00
2026-05-16T08:55:26.052578,60.00,70.00,72.70,10.00
2026-05-16T08:55:26.155615,66.70,60.00,72.70,0.00
2026-05-16T08:55:26.258589,63.60,58.30,70.00,11.10
2026-05-16T08:55:26.361745,60.00,63.60,69.20,10.00
2026-05-16T08:55:26.464935,63.60,55.60,72.70,11.10
2026-05-16T08:55:26.568757,60.00,69.20,72.70,0.00
2026-05-16T08:55:26.672782,63.60,60.00,63.60,18.20
2026-05-16T08:55:26.775719,70.00,70.00,80.00,12.50
2026-05-16T08:55:26.878555,63.60,63.60,66.70,11.10
2026-05-16T08:55:26.981217,63.60,63.60,75.00,11.10
2026-05-16T08:55:27.084380,60.00,55.60,66.70,10.00
2026-05-16T08:55:27.186995,66.70,63.60,75.00,11.10
2026-05-16T08:55:27.290538,60.00,63.60,70.00,11.10
2026-05-16T08:55:27.393442,70.00,60.00,75.00,20.00
2026-05-16T08:55:27.496596,63.60,60.00,75.00,0.00
2026-05-16T08:55:27.599846,55.60,60.00,72.70,0.00
2026-05-16T08:55:27.702777,60.00,60.00,66.70,11.10
2026-05-16T08:55:27.805611,63.60,63.60,60.00,18.20
2026-05-16T08:55:27.908303,60.00,54.50,72.70,0.00
2026-05-16T08:55:28.011648,63.60,70.00,72.70,0.00
2026-05-16T08:55:28.114486,63.60,66.70,72.70,11.10
2026-05-16T08:55:28.217675,60.00,63.60,75.00,18.20
2026-05-16T08:55:28.321162,63.60,55.60,72.70,11.10
2026-05-16T08:55:28.424813,66.70,63.60,66.70,0.00
2026-05-16T08:55:28.528004,54.50,63.60,75.00,10.00
2026-05-16T08:55:28.631203,70.00,63.60,72.70,0.00
2026-05-16T08:55:28.734091,55.60,60.00,75.00,11.10
2026-05-16T08:55:28.836895,63.60,66.70,63.60,11.10
2026-05-16T08:55:28.939647,55.60,63.60,75.00,11.10
2026-05-16T08:55:29.042668,60.00,63.60,70.00,0.00
2026-05-16T08:55:29.145794,60.00,63.60,72.70,10.00
2026-05-16T08:55:29.249032,55.60,60.00,66.70,20.00
2026-05-16T08:55:29.352122,66.70,63.60,72.70,11.10
2026-05-16T08:55:29.455135,60.00,60.00,72.70,0.00
2026-05-16T08:55:29.558915,63.60,63.60,69.20,10.00
2026-05-16T08:55:29.661618,55.60,55.60,72.70,11.10
2026-05-16T08:55:29.763712,54.50,45.50,54.50,0.00
2026-05-16T08:55:29.865807,0.00,0.00,11.10,0.00
2026-05-16T08:55:29.967935,0.00,0.00,0.00,0.00
2026-05-16T08:55:30.070188,0.00,0.00,0.00,0.00
2026-05-16T08:55:30.172323,0.00,11.10,0.00,10.00
2026-05-16T08:55:30.274616,0.00,0.00,0.00,9.10
2026-05-16T08:55:30.376591,11.10,0.00,0.00,0.00
2026-05-16T08:55:30.478718,0.00,0.00,0.00,0.00
2026-05-16T08:55:30.580728,10.00,0.00,11.10,0.00
2026-05-16T08:55:30.683058,0.00,10.00,0.00,0.00
2026-05-16T08:55:30.785471,0.00,0.00,0.00,0.00
2026-05-16T08:55:30.887578,10.00,0.00,0.00,0.00
2026-05-16T08:55:30.989831,0.00,0.00,11.10,0.00
2026-05-16T08:55:31.091910,20.00,11.10,0.00,0.00
2026-05-16T08:55:31.193892,0.00,0.00,0.00,0.00
2026-05-16T08:55:31.295918,0.00,0.00,0.00,0.00
2026-05-16T08:55:31.397907,0.00,10.00,0.00,0.00
2026-05-16T08:55:31.500153,0.00,0.00,0.00,0.00
2026-05-16T08:55:31.602378,20.00,10.00,0.00,0.00
2026-05-16T08:55:31.704480,0.00,11.10,0.00,10.00
2026-05-16T08:55:31.858730,0.00,15.40,33.30,13.30
2026-05-16T08:55:31.960953,0.00,0.00,100.00,9.10
2026-05-16T08:55:32.063074,20.00,11.10,100.00,0.00
2026-05-16T08:55:32.165366,11.10,11.10,100.00,0.00
2026-05-16T08:55:32.267674,11.10,11.10,100.00,0.00
2026-05-16T08:55:32.370076,11.10,11.10,100.00,0.00
2026-05-16T08:55:32.472654,10.00,0.00,100.00,0.00
2026-05-16T08:55:32.575036,0.00,20.00,100.00,0.00
2026-05-16T08:55:32.677258,11.10,0.00,100.00,0.00
2026-05-16T08:55:32.779673,0.00,0.00,100.00,0.00
2026-05-16T08:55:32.882037,10.00,0.00,100.00,0.00
2026-05-16T08:55:32.984483,20.00,11.10,100.00,9.10
2026-05-16T08:55:33.086823,0.00,11.10,100.00,0.00
2026-05-16T08:55:33.189041,20.00,0.00,100.00,0.00
2026-05-16T08:55:33.291117,0.00,11.10,100.00,0.00
2026-05-16T08:55:33.393386,10.00,11.10,100.00,0.00
2026-05-16T08:55:33.495618,0.00,0.00,100.00,0.00
2026-05-16T08:55:33.597917,20.00,11.10,100.00,0.00
2026-05-16T08:55:33.700137,0.00,11.10,100.00,9.10
2026-05-16T08:55:33.803669,54.50,54.50,100.00,10.00
2026-05-16T08:55:33.906704,90.00,80.00,100.00,0.00
2026-05-16T08:55:34.010204,81.80,83.30,100.00,0.00
2026-05-16T08:55:34.114267,81.80,90.00,100.00,10.00
2026-05-16T08:55:34.217871,90.00,81.80,100.00,0.00
2026-05-16T08:55:34.321278,90.90,81.80,100.00,20.00
2026-05-16T08:55:34.424511,81.80,90.00,100.00,0.00
2026-05-16T08:55:34.527579,88.90,81.80,100.00,20.00
2026-05-16T08:55:34.630688,83.30,80.00,100.00,11.10
2026-05-16T08:55:34.733553,90.00,90.00,100.00,11.10
2026-05-16T08:55:34.836555,81.80,81.80,100.00,0.00
2026-05-16T08:55:34.939358,90.00,80.00,100.00,11.10
2026-05-16T08:55:35.042634,90.00,90.00,100.00,11.10
2026-05-16T08:55:35.145564,81.80,83.30,100.00,10.00
2026-05-16T08:55:35.248594,90.90,90.00,100.00,0.00
2026-05-16T08:55:35.351414,81.80,80.00,100.00,22.20
2026-05-16T08:55:35.454469,90.90,81.80,100.00,20.00
2026-05-16T08:55:35.557691,81.80,90.90,100.00,11.10
2026-05-16T08:55:35.660433,88.90,80.00,100.00,11.10
2026-05-16T08:55:35.763271,83.30,81.80,100.00,10.00
2026-05-16T08:55:35.865941,81.80,81.80,100.00,11.10
2026-05-16T08:55:35.968876,88.90,81.80,100.00,0.00
2026-05-16T08:55:36.071833,90.90,88.90,100.00,11.10
2026-05-16T08:55:36.175125,90.00,90.90,100.00,0.00
2026-05-16T08:55:36.278879,81.80,81.80,100.00,0.00
2026-05-16T08:55:36.382466,90.00,90.00,100.00,27.30
2026-05-16T08:55:36.485442,90.00,88.90,100.00,11.10
2026-05-16T08:55:36.588479,90.90,83.30,100.00,0.00
2026-05-16T08:55:36.694663,90.00,90.00,100.00,20.00
2026-05-16T08:55:36.797794,90.00,90.00,100.00,22.20
2026-05-16T08:55:36.900864,90.00,90.00,100.00,0.00
2026-05-16T08:55:37.004092,90.90,80.00,100.00,20.00
2026-05-16T08:55:37.106904,81.80,88.90,100.00,12.50
2026-05-16T08:55:37.209956,80.00,81.80,100.00,0.00
2026-05-16T08:55:37.312697,81.80,83.30,100.00,12.50
2026-05-16T08:55:37.415396,90.90,81.80,100.00,11.10
2026-05-16T08:55:37.518219,81.80,77.80,100.00,11.10
2026-05-16T08:55:37.621371,90.00,83.30,100.00,20.00
2026-05-16T08:55:37.724747,90.00,90.90,100.00,11.10
2026-05-16T08:55:37.827180,44.40,44.40,100.00,10.00
2026-05-16T08:55:37.929802,40.00,44.40,100.00,0.00
2026-05-16T08:55:38.032473,44.40,40.00,100.00,0.00
2026-05-16T08:55:38.134695,33.30,28.60,100.00,10.00
2026-05-16T08:55:38.236961,44.40,45.50,100.00,0.00
2026-05-16T08:55:38.339141,33.30,37.50,100.00,0.00
2026-05-16T08:55:38.441834,40.00,44.40,100.00,10.00
2026-05-16T08:55:38.544535,37.50,44.40,100.00,0.00
2026-05-16T08:55:38.647238,45.50,50.00,100.00,0.00
2026-05-16T08:55:38.749701,37.50,37.50,100.00,18.20
2026-05-16T08:55:38.852524,50.00,37.50,100.00,0.00
2026-05-16T08:55:38.955397,33.30,40.00,100.00,0.00
2026-05-16T08:55:39.057993,45.50,44.40,100.00,10.00
2026-05-16T08:55:39.160532,37.50,50.00,100.00,10.00
2026-05-16T08:55:39.262963,50.00,45.50,100.00,0.00
2026-05-16T08:55:39.365754,45.50,44.40,100.00,0.00
2026-05-16T08:55:39.468785,37.50,37.50,100.00,10.00
2026-05-16T08:55:39.571451,44.40,40.00,100.00,10.00
2026-05-16T08:55:39.674326,33.30,44.40,100.00,0.00
2026-05-16T08:55:39.776702,44.40,37.50,100.00,0.00
2026-05-16T08:55:39.880084,45.50,33.30,100.00,10.00
2026-05-16T08:55:39.982708,50.00,44.40,100.00,0.00
2026-05-16T08:55:40.085128,44.40,40.00,100.00,10.00
2026-05-16T08:55:40.188218,33.30,44.40,100.00,0.00
2026-05-16T08:55:40.290914,50.00,37.50,100.00,0.00
2026-05-16T08:55:40.393419,44.40,37.50,100.00,10.00
2026-05-16T08:55:40.496051,45.50,45.50,100.00,10.00
2026-05-16T08:55:40.598553,44.40,37.50,100.00,0.00
2026-05-16T08:55:40.701436,44.40,37.50,100.00,10.00
2026-05-16T08:55:40.804178,40.00,40.00,100.00,0.00
2026-05-16T08:55:40.907004,50.00,50.00,100.00,10.00
2026-05-16T08:55:41.009797,44.40,37.50,100.00,0.00
2026-05-16T08:55:41.112694,40.00,40.00,100.00,10.00
2026-05-16T08:55:41.215311,44.40,44.40,100.00,0.00
2026-05-16T08:55:41.317924,50.00,37.50,100.00,10.00
2026-05-16T08:55:41.420821,50.00,40.00,100.00,0.00
2026-05-16T08:55:41.523514,33.30,37.50,100.00,0.00
2026-05-16T08:55:41.626178,44.40,50.00,100.00,0.00
2026-05-16T08:55:41.728989,33.30,33.30,100.00,18.20
2026-05-16T08:55:41.831816,63.60,60.00,100.00,10.00
2026-05-16T08:55:41.934548,63.60,72.70,100.00,11.10
2026-05-16T08:55:42.037160,70.00,63.60,100.00,0.00
2026-05-16T08:55:42.140060,60.00,63.60,100.00,11.10
2026-05-16T08:55:42.242891,63.60,55.60,100.00,10.00
2026-05-16T08:55:42.345630,70.00,69.20,100.00,0.00
2026-05-16T08:55:42.448342,60.00,66.70,100.00,27.30
2026-05-16T08:55:42.551047,63.60,63.60,100.00,10.00
2026-05-16T08:55:42.654666,66.70,60.00,100.00,0.00
2026-05-16T08:55:42.757654,70.00,63.60,100.00,18.20
2026-05-16T08:55:42.860190,66.70,75.00,100.00,0.00
2026-05-16T08:55:42.962836,60.00,60.00,100.00,0.00
2026-05-16T08:55:43.065199,60.00,60.00,100.00,0.00
2026-05-16T08:55:43.168016,62.50,63.60,100.00,11.10
2026-05-16T08:55:43.270867,66.70,60.00,100.00,18.20
2026-05-16T08:55:43.373905,63.60,70.00,100.00,0.00
2026-05-16T08:55:43.476823,60.00,63.60,100.00,0.00
2026-05-16T08:55:43.579693,66.70,63.60,100.00,0.00
2026-05-16T08:55:43.682748,66.70,60.00,100.00,18.20
2026-05-16T08:55:43.785484,60.00,63.60,100.00,11.10
2026-05-16T08:55:43.888454,63.60,60.00,100.00,10.00
2026-05-16T08:55:43.991414,63.60,63.60,100.00,10.00
2026-05-16T08:55:44.094009,66.70,70.00,100.00,0.00
2026-05-16T08:55:44.196511,63.60,60.00,100.00,0.00
2026-05-16T08:55:44.298916,60.00,66.70,100.00,10.00
2026-05-16T08:55:44.401542,70.00,70.00,100.00,0.00
2026-05-16T08:55:44.504521,60.00,63.60,100.00,0.00
2026-05-16T08:55:44.607244,72.70,63.60,100.00,11.10
2026-05-16T08:55:44.709926,63.60,63.60,100.00,10.00
2026-05-16T08:55:44.812882,55.60,55.60,100.00,0.00
2026-05-16T08:55:44.915714,63.60,66.70,100.00,0.00
2026-05-16T08:55:45.018440,70.00,63.60,100.00,10.00
2026-05-16T08:55:45.121204,63.60,55.60,100.00,20.00
2026-05-16T08:55:45.223900,60.00,63.60,100.00,0.00
2026-05-16T08:55:45.326974,63.60,63.60,100.00,0.00
2026-05-16T08:55:45.429830,70.00,70.00,100.00,18.20
2026-05-16T08:55:45.532496,63.60,63.60,100.00,18.20
2026-05-16T08:55:45.635151,63.60,60.00,100.00,0.00
2026-05-16T08:55:45.738688,66.70,63.60,100.00,10.00
2026-05-16T08:55:45.841035,55.60,44.40,100.00,0.00
2026-05-16T08:55:45.943723,50.00,63.60,100.00,0.00
2026-05-16T08:55:46.046225,54.50,37.50,100.00,10.00
2026-05-16T08:55:46.149106,44.40,50.00,100.00,10.00
2026-05-16T08:55:46.251961,60.00,63.60,100.00,0.00
2026-05-16T08:55:46.354828,50.00,50.00,100.00,11.10
2026-05-16T08:55:46.457539,50.00,44.40,100.00,0.00
2026-05-16T08:55:46.559975,54.50,50.00,100.00,10.00
2026-05-16T08:55:46.662435,50.00,63.60,100.00,10.00
2026-05-16T08:55:46.764915,58.30,50.00,100.00,11.10
2026-05-16T08:55:46.867607,55.60,55.60,100.00,11.10
2026-05-16T08:55:46.970379,44.40,44.40,100.00,0.00
2026-05-16T08:55:47.072815,50.00,44.40,100.00,10.00
2026-05-16T08:55:47.175511,44.40,60.00,100.00,10.00
2026-05-16T08:55:47.278114,54.50,54.50,100.00,10.00
2026-05-16T08:55:47.380722,50.00,37.50,100.00,0.00
2026-05-16T08:55:47.484003,50.00,54.50,100.00,18.20
2026-05-16T08:55:47.586652,63.60,55.60,100.00,10.00
2026-05-16T08:55:47.689527,50.00,50.00,100.00,10.00
2026-05-16T08:55:47.792558,50.00,50.00,100.00,0.00
2026-05-16T08:55:47.895072,55.60,60.00,100.00,0.00
2026-05-16T08:55:47.997909,50.00,54.50,100.00,0.00
2026-05-16T08:55:48.100554,50.00,44.40,100.00,0.00
2026-05-16T08:55:48.203062,50.00,63.60,100.00,10.00
2026-05-16T08:55:48.305602,50.00,44.40,100.00,10.00
2026-05-16T08:55:48.408368,58.30,54.50,100.00,11.10
2026-05-16T08:55:48.510970,50.00,55.60,100.00,0.00
2026-05-16T08:55:48.614160,50.00,54.50,100.00,0.00
2026-05-16T08:55:48.716994,50.00,50.00,100.00,10.00
2026-05-16T08:55:48.819965,55.60,50.00,100.00,10.00
2026-05-16T08:55:48.922753,54.50,60.00,100.00,0.00
2026-05-16T08:55:49.025348,50.00,50.00,100.00,10.00
2026-05-16T08:55:49.128105,50.00,44.40,100.00,0.00
2026-05-16T08:55:49.231064,60.00,50.00,100.00,11.10
2026-05-16T08:55:49.333848,58.30,55.60,100.00,10.00
2026-05-16T08:55:49.436646,54.50,50.00,100.00,11.10
2026-05-16T08:55:49.539563,55.60,44.40,100.00,0.00
2026-05-16T08:55:49.642173,54.50,63.60,100.00,11.10
2026-05-16T08:55:49.744909,55.60,50.00,100.00,10.00
2026-05-16T08:55:49.847070,20.00,0.00,100.00,0.00
2026-05-16T08:55:49.949564,0.00,0.00,100.00,0.00
2026-05-16T08:55:50.051878,30.00,22.20,100.00,0.00
2026-05-16T08:55:50.154520,12.50,12.50,100.00,10.00
2026-05-16T08:55:50.256971,27.30,0.00,100.00,0.00
2026-05-16T08:55:50.359485,12.50,12.50,100.00,10.00
2026-05-16T08:55:50.461897,11.10,20.00,100.00,0.00
2026-05-16T08:55:50.564508,12.50,12.50,100.00,0.00
2026-05-16T08:55:50.666896,12.50,12.50,100.00,0.00
2026-05-16T08:55:50.769546,20.00,12.50,100.00,0.00
2026-05-16T08:55:50.872540,12.50,20.00,100.00,9.10
2026-05-16T08:55:50.975011,27.30,0.00,100.00,0.00
2026-05-16T08:55:51.077548,0.00,0.00,100.00,0.00
2026-05-16T08:55:51.179983,11.10,30.00,100.00,0.00
2026-05-16T08:55:51.282063,12.50,0.00,100.00,10.00
2026-05-16T08:55:51.384449,12.50,12.50,100.00,0.00
2026-05-16T08:55:51.486617,22.20,12.50,100.00,0.00
2026-05-16T08:55:51.588807,11.10,12.50,100.00,0.00
2026-05-16T08:55:51.691532,0.00,12.50,100.00,0.00
2026-05-16T08:55:51.793929,20.00,11.10,100.00,10.00
2026-05-16T08:55:51.896007,22.20,22.20,100.00,0.00
2026-05-16T08:55:51.998301,0.00,0.00,100.00,0.00
2026-05-16T08:55:52.100906,12.50,12.50,100.00,9.10
2026-05-16T08:55:52.203059,11.10,11.10,100.00,0.00
2026-05-16T08:55:52.305369,12.50,22.20,100.00,0.00
2026-05-16T08:55:52.407716,0.00,0.00,100.00,0.00
2026-05-16T08:55:52.510063,20.00,30.00,100.00,10.00
2026-05-16T08:55:52.612158,0.00,0.00,100.00,0.00
2026-05-16T08:55:52.714560,11.10,11.10,100.00,0.00
2026-05-16T08:55:52.817089,12.50,0.00,100.00,0.00
2026-05-16T08:55:52.919538,11.10,22.20,100.00,0.00
2026-05-16T08:55:53.021832,12.50,0.00,100.00,0.00
2026-05-16T08:55:53.124176,12.50,20.00,100.00,9.10
2026-05-16T08:55:53.226837,11.10,22.20,100.00,10.00
2026-05-16T08:55:53.329487,22.20,0.00,100.00,0.00
2026-05-16T08:55:53.432077,0.00,30.00,100.00,0.00
2026-05-16T08:55:53.534863,22.20,12.50,100.00,0.00
2026-05-16T08:55:53.637596,20.00,12.50,100.00,9.10
2026-05-16T08:55:53.740816,0.00,12.50,100.00,0.00
2026-05-16T08:55:53.844058,81.80,83.30,100.00,11.10
2026-05-16T08:55:53.946969,90.90,80.00,100.00,0.00
2026-05-16T08:55:54.049818,70.00,75.00,100.00,0.00
2026-05-16T08:55:54.153473,90.90,77.80,100.00,11.10
2026-05-16T08:55:54.256750,88.90,90.00,100.00,20.00
2026-05-16T08:55:54.359624,81.80,75.00,100.00,10.00
2026-05-16T08:55:54.462117,81.80,80.00,100.00,20.00
2026-05-16T08:55:54.565375,81.80,90.00,100.00,11.10
2026-05-16T08:55:54.668603,90.00,80.00,100.00,11.10
2026-05-16T08:55:54.771863,81.80,81.80,100.00,0.00
2026-05-16T08:55:54.874653,80.00,80.00,100.00,0.00
2026-05-16T08:55:54.977853,90.00,81.80,100.00,18.20
2026-05-16T08:55:55.080977,83.30,77.80,100.00,0.00
2026-05-16T08:55:55.184005,81.80,75.00,100.00,11.10
2026-05-16T08:55:55.287454,77.80,81.80,100.00,11.10
2026-05-16T08:55:55.390605,81.80,70.00,100.00,11.10
2026-05-16T08:55:55.493655,81.80,81.80,100.00,0.00
2026-05-16T08:55:55.596794,83.30,80.00,100.00,0.00
2026-05-16T08:55:55.699780,80.00,81.80,100.00,18.20
2026-05-16T08:55:55.802855,90.90,81.80,100.00,0.00
2026-05-16T08:55:55.905816,75.00,80.00,100.00,11.10
2026-05-16T08:55:56.008923,88.90,81.80,100.00,20.00
2026-05-16T08:55:56.112226,83.30,80.00,100.00,11.10
2026-05-16T08:55:56.215610,80.00,83.30,100.00,0.00
2026-05-16T08:55:56.319060,90.00,81.80,100.00,11.10
2026-05-16T08:55:56.422201,75.00,77.80,100.00,0.00
2026-05-16T08:55:56.525145,80.00,72.70,100.00,20.00
2026-05-16T08:55:56.628372,90.00,88.90,100.00,11.10
2026-05-16T08:55:56.732779,81.80,83.30,100.00,0.00
2026-05-16T08:55:56.835667,90.00,81.80,100.00,30.00
2026-05-16T08:55:56.938471,81.80,80.00,100.00,0.00
2026-05-16T08:55:57.041413,90.00,88.90,100.00,11.10
2026-05-16T08:55:57.144756,81.80,81.80,100.00,11.10
2026-05-16T08:55:57.247565,90.00,80.00,100.00,30.00
2026-05-16T08:55:57.350578,83.30,81.80,100.00,11.10
2026-05-16T08:55:57.453564,88.90,81.80,100.00,11.10
2026-05-16T08:55:57.556488,76.90,80.00,100.00,11.10
2026-05-16T08:55:57.659582,88.90,80.00,100.00,0.00
2026-05-16T08:55:57.763137,83.30,83.30,100.00,20.00
2026-05-16T08:55:57.866191,80.00,77.80,100.00,0.00
2026-05-16T08:55:57.969056,83.30,80.00,100.00,11.10
2026-05-16T08:55:58.072138,90.00,80.00,100.00,0.00
2026-05-16T08:55:58.175033,72.70,75.00,100.00,0.00
2026-05-16T08:55:58.277871,72.70,72.70,100.00,20.00
2026-05-16T08:55:58.380836,81.80,80.00,100.00,0.00
2026-05-16T08:55:58.483656,83.30,81.80,100.00,10.00
2026-05-16T08:55:58.586670,77.80,72.70,100.00,11.10
2026-05-16T08:55:58.689849,90.90,80.00,100.00,11.10
2026-05-16T08:55:58.793093,80.00,80.00,100.00,11.10
2026-05-16T08:55:58.895999,75.00,83.30,100.00,20.00
2026-05-16T08:55:58.999032,90.00,80.00,100.00,0.00
2026-05-16T08:55:59.102138,81.80,81.80,100.00,18.20
2026-05-16T08:55:59.205108,80.00,72.70,100.00,0.00
2026-05-16T08:55:59.308181,75.00,77.80,100.00,11.10
2026-05-16T08:55:59.411433,80.00,80.00,100.00,11.10
2026-05-16T08:55:59.514461,81.80,72.70,100.00,11.10
2026-05-16T08:55:59.617686,81.80,80.00,100.00,11.10
2026-05-16T08:55:59.720594,80.00,83.30,100.00,0.00
2026-05-16T08:55:59.823511,80.00,75.00,100.00,20.00
2026-05-16T08:55:59.926250,81.80,77.80,100.00,10.00
2026-05-16T08:56:00.028952,66.70,75.00,100.00,0.00
2026-05-16T08:56:00.131714,81.80,77.80,100.00,0.00
2026-05-16T08:56:00.234561,81.80,75.00,100.00,18.20
2026-05-16T08:56:00.337433,80.00,80.00,100.00,0.00
2026-05-16T08:56:00.441389,81.80,77.80,100.00,22.20
2026-05-16T08:56:00.544131,80.00,81.80,100.00,0.00
2026-05-16T08:56:00.647337,80.00,80.00,100.00,18.20
2026-05-16T08:56:00.750169,81.80,72.70,100.00,11.10
2026-05-16T08:56:00.853582,81.80,83.30,100.00,0.00
2026-05-16T08:56:00.956579,81.80,77.80,100.00,10.00
2026-05-16T08:56:01.059413,80.00,72.70,100.00,0.00
2026-05-16T08:56:01.162403,72.70,81.80,100.00,11.10
2026-05-16T08:56:01.265509,81.80,72.70,100.00,20.00
2026-05-16T08:56:01.368607,80.00,80.00,100.00,0.00
2026-05-16T08:56:01.471691,81.80,75.00,100.00,20.00
2026-05-16T08:56:01.574547,81.80,81.80,100.00,0.00
2026-05-16T08:56:01.677878,77.80,83.30,100.00,11.10
2026-05-16T08:56:01.780883,81.80,80.00,100.00,0.00
2026-05-16T08:56:01.884245,72.70,70.00,100.00,11.10
2026-05-16T08:56:01.987184,75.00,66.70,100.00,10.00
2026-05-16T08:56:02.090034,80.00,75.00,100.00,0.00
2026-05-16T08:56:02.192915,80.00,77.80,100.00,20.00
2026-05-16T08:56:02.295644,75.00,75.00,100.00,0.00
2026-05-16T08:56:02.398190,70.00,66.70,100.00,11.10
2026-05-16T08:56:02.500961,83.30,72.70,100.00,10.00
2026-05-16T08:56:02.604561,70.00,72.70,100.00,0.00
2026-05-16T08:56:02.707649,81.80,80.00,100.00,20.00
2026-05-16T08:56:02.810623,70.00,72.70,100.00,10.00
2026-05-16T08:56:02.913731,75.00,72.70,100.00,0.00
2026-05-16T08:56:03.016555,80.00,80.00,100.00,0.00
2026-05-16T08:56:03.119322,75.00,72.70,100.00,18.20
2026-05-16T08:56:03.224223,80.00,80.00,100.00,11.10
2026-05-16T08:56:03.327020,81.80,72.70,100.00,0.00
2026-05-16T08:56:03.430010,81.80,70.00,100.00,10.00
2026-05-16T08:56:03.532748,72.70,72.70,100.00,11.10
2026-05-16T08:56:03.635714,80.00,77.80,100.00,0.00
2026-05-16T08:56:03.738678,80.00,80.00,100.00,20.00
2026-05-16T08:56:03.841699,76.90,70.00,100.00,0.00
2026-05-16T08:56:03.944800,77.80,75.00,100.00,0.00
2026-05-16T08:56:04.048291,76.90,77.80,100.00,10.00
2026-05-16T08:56:04.151757,77.80,70.00,100.00,0.00
2026-05-16T08:56:04.254546,76.90,72.70,100.00,10.00
2026-05-16T08:56:04.357405,81.80,81.80,100.00,0.00
2026-05-16T08:56:04.460186,75.00,70.00,100.00,10.00
2026-05-16T08:56:04.563391,80.00,72.70,100.00,11.10
2026-05-16T08:56:04.666078,75.00,80.00,100.00,11.10
2026-05-16T08:56:04.769354,66.70,72.70,100.00,10.00
2026-05-16T08:56:04.872638,83.30,70.00,100.00,0.00
2026-05-16T08:56:04.975442,80.00,81.80,100.00,0.00
2026-05-16T08:56:05.078526,75.00,70.00,100.00,11.10
2026-05-16T08:56:05.181543,80.00,77.80,100.00,11.10
2026-05-16T08:56:05.284093,80.00,70.00,100.00,20.00
2026-05-16T08:56:05.386923,72.70,72.70,100.00,0.00
2026-05-16T08:56:05.490112,70.00,75.00,100.00,11.10
2026-05-16T08:56:05.593051,72.70,70.00,100.00,0.00
2026-05-16T08:56:05.696370,80.00,72.70,100.00,11.10
2026-05-16T08:56:05.798454,40.00,40.00,100.00,18.20
2026-05-16T08:56:05.900433,10.00,11.10,100.00,0.00
2026-05-16T08:56:06.002566,18.20,0.00,100.00,0.00
2026-05-16T08:56:06.104977,20.00,0.00,100.00,0.00
2026-05-16T08:56:06.207193,18.20,0.00,100.00,0.00
2026-05-16T08:56:06.309364,10.00,11.10,100.00,9.10
2026-05-16T08:56:06.411546,0.00,10.00,100.00,0.00
2026-05-16T08:56:06.513659,11.10,0.00,100.00,0.00
2026-05-16T08:56:06.615658,18.20,0.00,100.00,0.00
2026-05-16T08:56:06.718232,11.10,10.00,100.00,0.00
2026-05-16T08:56:06.820709,27.30,0.00,100.00,20.00
2026-05-16T08:56:06.923027,10.00,0.00,100.00,0.00
2026-05-16T08:56:07.025384,11.10,0.00,100.00,0.00
2026-05-16T08:56:07.127919,25.00,11.10,100.00,0.00
2026-05-16T08:56:07.229860,20.00,0.00,100.00,0.00
2026-05-16T08:56:07.331936,10.00,0.00,100.00,0.00
2026-05-16T08:56:07.434146,18.20,10.00,100.00,0.00
2026-05-16T08:56:07.536122,11.10,0.00,100.00,9.10
2026-05-16T08:56:07.638230,0.00,10.00,100.00,0.00
2026-05-16T08:56:07.740683,18.20,11.10,100.00,0.00
2026-05-16T08:56:07.843150,0.00,0.00,100.00,0.00
2026-05-16T08:56:07.945395,0.00,0.00,100.00,0.00
2026-05-16T08:56:08.047689,11.10,10.00,100.00,0.00
2026-05-16T08:56:08.150041,0.00,0.00,100.00,0.00
2026-05-16T08:56:08.252428,0.00,0.00,100.00,0.00
2026-05-16T08:56:08.354685,0.00,0.00,100.00,0.00
2026-05-16T08:56:08.457138,10.00,11.10,100.00,0.00
2026-05-16T08:56:08.559257,10.00,10.00,100.00,0.00
2026-05-16T08:56:08.661454,0.00,0.00,100.00,10.00
2026-05-16T08:56:08.763536,11.10,0.00,100.00,0.00
2026-05-16T08:56:08.865719,0.00,0.00,100.00,0.00
2026-05-16T08:56:08.968019,10.00,11.10,100.00,0.00
2026-05-16T08:56:09.070168,11.10,11.10,100.00,0.00
2026-05-16T08:56:09.172489,0.00,0.00,100.00,0.00
2026-05-16T08:56:09.274656,20.00,11.10,100.00,9.10
2026-05-16T08:56:09.376653,0.00,0.00,100.00,0.00
2026-05-16T08:56:09.478878,0.00,0.00,100.00,0.00
2026-05-16T08:56:09.580915,10.00,10.00,100.00,0.00
2026-05-16T08:56:09.683156,11.10,11.10,100.00,0.00
2026-05-16T08:56:09.786052,30.00,30.00,100.00,10.00
2026-05-16T08:56:09.888859,50.00,44.40,100.00,10.00
2026-05-16T08:56:09.991581,54.50,44.40,100.00,0.00
2026-05-16T08:56:10.094131,40.00,44.40,100.00,10.00
2026-05-16T08:56:10.197203,60.00,50.00,100.00,10.00
2026-05-16T08:56:10.299579,50.00,44.40,100.00,20.00
2026-05-16T08:56:10.402214,54.50,44.40,100.00,0.00
2026-05-16T08:56:10.504804,50.00,50.00,100.00,0.00
2026-05-16T08:56:10.607631,50.00,44.40,100.00,10.00
2026-05-16T08:56:10.710181,44.40,50.00,100.00,0.00
2026-05-16T08:56:10.812988,50.00,44.40,100.00,10.00
2026-05-16T08:56:10.915660,54.50,54.50,100.00,0.00
2026-05-16T08:56:11.018114,50.00,54.50,100.00,10.00
2026-05-16T08:56:11.120998,50.00,55.60,100.00,11.10
2026-05-16T08:56:11.223734,50.00,50.00,100.00,10.00
2026-05-16T08:56:11.326139,54.50,50.00,100.00,0.00
2026-05-16T08:56:11.428883,37.50,50.00,100.00,0.00
2026-05-16T08:56:11.531304,50.00,44.40,100.00,0.00
2026-05-16T08:56:11.633868,50.00,50.00,100.00,10.00
2026-05-16T08:56:11.736526,50.00,50.00,100.00,0.00
2026-05-16T08:56:11.839550,37.50,50.00,100.00,10.00
2026-05-16T08:56:11.942054,50.00,60.00,100.00,0.00
2026-05-16T08:56:12.044842,50.00,50.00,100.00,0.00
2026-05-16T08:56:12.147539,44.40,54.50,100.00,18.20
2026-05-16T08:56:12.250368,50.00,44.40,100.00,0.00
2026-05-16T08:56:12.352956,50.00,50.00,100.00,10.00
2026-05-16T08:56:12.456595,50.00,50.00,100.00,10.00
2026-05-16T08:56:12.559207,54.50,50.00,100.00,18.20
2026-05-16T08:56:12.661663,55.60,50.00,100.00,0.00
2026-05-16T08:56:12.764114,40.00,40.00,100.00,10.00
2026-05-16T08:56:12.869706,50.00,50.00,100.00,0.00
2026-05-16T08:56:12.972858,58.30,63.60,100.00,18.20
2026-05-16T08:56:13.075689,44.40,50.00,100.00,0.00
2026-05-16T08:56:13.178181,44.40,44.40,100.00,0.00
2026-05-16T08:56:13.281377,54.50,50.00,100.00,18.20
2026-05-16T08:56:13.384186,50.00,50.00,100.00,11.10
2026-05-16T08:56:13.486959,58.30,60.00,100.00,0.00
2026-05-16T08:56:13.589490,50.00,50.00,100.00,10.00
2026-05-16T08:56:13.692082,54.50,50.00,100.00,0.00
2026-05-16T08:56:13.794391,44.40,55.60,100.00,0.00
2026-05-16T08:56:13.896898,37.50,40.00,100.00,18.20
2026-05-16T08:56:13.999688,50.00,44.40,100.00,0.00
2026-05-16T08:56:14.102324,40.00,50.00,100.00,10.00
2026-05-16T08:56:14.204931,44.40,44.40,100.00,10.00
2026-05-16T08:56:14.307538,44.40,44.40,100.00,0.00
2026-05-16T08:56:14.410089,33.30,40.00,100.00,0.00
2026-05-16T08:56:14.512667,44.40,54.50,100.00,10.00
2026-05-16T08:56:14.615091,45.50,44.40,100.00,10.00
2026-05-16T08:56:14.717545,44.40,44.40,100.00,10.00
2026-05-16T08:56:14.819939,44.40,37.50,100.00,0.00
2026-05-16T08:56:14.922523,40.00,45.50,100.00,0.00
2026-05-16T08:56:15.025130,44.40,50.00,100.00,10.00
2026-05-16T08:56:15.127958,33.30,37.50,100.00,10.00
2026-05-16T08:56:15.230533,54.50,44.40,100.00,10.00
2026-05-16T08:56:15.333408,50.00,50.00,100.00,0.00
2026-05-16T08:56:15.435782,37.50,37.50,100.00,10.00
2026-05-16T08:56:15.538568,40.00,45.50,100.00,10.00
2026-05-16T08:56:15.640897,37.50,44.40,100.00,0.00
2026-05-16T08:56:15.743291,33.30,44.40,100.00,10.00
2026-05-16T08:56:15.845779,50.00,45.50,100.00,0.00
2026-05-16T08:56:15.948187,37.50,44.40,100.00,10.00
2026-05-16T08:56:16.051353,40.00,44.40,100.00,10.00
2026-05-16T08:56:16.153977,50.00,50.00,100.00,0.00
2026-05-16T08:56:16.257248,33.30,44.40,100.00,0.00
2026-05-16T08:56:16.359717,50.00,40.00,100.00,0.00
2026-05-16T08:56:16.462669,50.00,54.50,100.00,18.20
2026-05-16T08:56:16.565472,37.50,44.40,100.00,0.00
2026-05-16T08:56:16.668440,53.80,44.40,100.00,0.00
2026-05-16T08:56:16.771026,37.50,45.50,100.00,11.10
2026-05-16T08:56:16.873556,44.40,37.50,100.00,10.00
2026-05-16T08:56:16.976132,40.00,44.40,100.00,10.00
2026-05-16T08:56:17.079012,50.00,40.00,100.00,0.00
2026-05-16T08:56:17.181556,33.30,44.40,100.00,0.00
2026-05-16T08:56:17.284003,50.00,50.00,100.00,10.00
2026-05-16T08:56:17.387060,45.50,44.40,100.00,0.00
2026-05-16T08:56:17.489713,44.40,40.00,100.00,0.00
2026-05-16T08:56:17.592065,33.30,44.40,100.00,10.00
2026-05-16T08:56:17.694579,50.00,54.50,100.00,0.00
2026-05-16T08:56:17.797473,70.00,66.70,100.00,0.00
2026-05-16T08:56:17.900379,87.50,90.00,100.00,11.10
2026-05-16T08:56:18.003982,91.70,90.90,100.00,11.10
2026-05-16T08:56:18.107240,90.00,90.00,100.00,0.00
2026-05-16T08:56:18.210398,90.90,80.00,100.00,0.00
2026-05-16T08:56:18.313729,81.80,90.00,100.00,20.00
2026-05-16T08:56:18.416792,90.00,81.80,100.00,0.00
2026-05-16T08:56:18.520249,83.30,81.80,100.00,20.00
2026-05-16T08:56:18.623222,90.00,80.00,100.00,11.10
2026-05-16T08:56:18.726357,90.00,90.90,100.00,27.30
2026-05-16T08:56:18.829441,81.80,90.00,100.00,0.00
2026-05-16T08:56:18.932679,90.00,81.80,100.00,0.00
2026-05-16T08:56:19.035647,83.30,77.80,100.00,20.00
2026-05-16T08:56:19.138644,90.90,84.60,100.00,0.00
2026-05-16T08:56:19.241595,80.00,80.00,100.00,11.10
2026-05-16T08:56:19.344951,90.00,90.00,100.00,20.00
2026-05-16T08:56:19.447950,83.30,80.00,100.00,11.10
2026-05-16T08:56:19.551460,80.00,83.30,100.00,10.00
2026-05-16T08:56:19.654440,90.90,81.80,100.00,12.50
2026-05-16T08:56:19.757529,81.80,88.90,100.00,10.00
2026-05-16T08:56:19.860986,81.80,83.30,100.00,11.10
2026-05-16T08:56:19.964225,88.90,83.30,100.00,0.00
2026-05-16T08:56:20.067142,83.30,81.80,100.00,0.00
2026-05-16T08:56:20.169915,90.00,81.80,100.00,11.10
2026-05-16T08:56:20.272902,90.90,88.90,100.00,0.00
2026-05-16T08:56:20.375903,81.80,81.80,100.00,27.30
2026-05-16T08:56:20.479212,81.80,80.00,100.00,0.00
2026-05-16T08:56:20.582383,90.90,83.30,100.00,11.10
2026-05-16T08:56:20.685090,81.80,90.00,100.00,20.00
2026-05-16T08:56:20.788276,81.80,72.70,100.00,0.00
2026-05-16T08:56:20.892745,88.90,90.00,100.00,11.10
2026-05-16T08:56:20.996297,90.90,90.90,100.00,0.00
2026-05-16T08:56:21.099494,80.00,80.00,100.00,11.10
2026-05-16T08:56:21.202908,83.30,83.30,100.00,11.10
2026-05-16T08:56:21.305873,88.90,80.00,100.00,11.10
2026-05-16T08:56:21.409489,83.30,83.30,100.00,11.10
2026-05-16T08:56:21.513224,90.00,80.00,100.00,11.10
2026-05-16T08:56:21.616717,90.90,90.00,100.00,0.00
2026-05-16T08:56:21.719859,81.80,80.00,100.00,11.10
2026-05-16T08:56:21.822144,55.60,60.00,100.00,18.20
2026-05-16T08:56:21.924809,40.00,44.40,100.00,0.00
2026-05-16T08:56:22.027104,44.40,40.00,100.00,10.00
2026-05-16T08:56:22.129963,40.00,44.40,100.00,10.00
2026-05-16T08:56:22.232298,37.50,37.50,100.00,10.00
2026-05-16T08:56:22.334956,45.50,40.00,100.00,0.00
2026-05-16T08:56:22.437588,37.50,44.40,100.00,10.00
2026-05-16T08:56:22.540177,44.40,44.40,100.00,0.00
2026-05-16T08:56:22.642796,45.50,40.00,100.00,10.00
2026-05-16T08:56:22.745211,44.40,50.00,100.00,0.00
2026-05-16T08:56:22.847664,33.30,33.30,100.00,0.00
2026-05-16T08:56:22.950405,40.00,44.40,100.00,10.00
2026-05-16T08:56:23.053181,37.50,33.30,100.00,0.00
2026-05-16T08:56:23.155648,45.50,44.40,100.00,0.00
2026-05-16T08:56:23.258117,37.50,44.40,100.00,0.00
2026-05-16T08:56:23.361054,50.00,44.40,100.00,11.10
2026-05-16T08:56:23.463899,40.00,44.40,100.00,10.00
2026-05-16T08:56:23.566527,44.40,45.50,100.00,0.00
2026-05-16T08:56:23.669358,45.50,28.60,100.00,0.00
2026-05-16T08:56:23.771896,44.40,40.00,100.00,18.20
2026-05-16T08:56:23.874366,40.00,50.00,100.00,10.00
2026-05-16T08:56:23.976910,44.40,44.40,100.00,0.00
2026-05-16T08:56:24.079244,25.00,45.50,100.00,0.00
2026-05-16T08:56:24.181935,45.50,37.50,100.00,0.00
2026-05-16T08:56:24.284133,44.40,45.50,100.00,0.00
2026-05-16T08:56:24.386853,45.50,37.50,100.00,18.20
2026-05-16T08:56:24.489402,37.50,45.50,100.00,0.00
2026-05-16T08:56:24.592190,40.00,37.50,100.00,0.00
2026-05-16T08:56:24.694676,44.40,50.00,100.00,10.00
2026-05-16T08:56:24.797063,40.00,25.00,100.00,0.00
2026-05-16T08:56:24.899456,25.00,44.40,100.00,9.10
2026-05-16T08:56:25.001938,50.00,40.00,100.00,10.00
2026-05-16T08:56:25.104520,40.00,44.40,100.00,0.00
2026-05-16T08:56:25.207136,45.50,44.40,100.00,0.00
2026-05-16T08:56:25.309617,44.40,40.00,100.00,20.00
2026-05-16T08:56:25.411934,37.50,50.00,100.00,10.00
2026-05-16T08:56:25.514678,50.00,37.50,100.00,0.00
2026-05-16T08:56:25.617411,16.70,40.00,100.00,0.00
2026-05-16T08:56:25.720287,33.30,44.40,100.00,18.20
2026-05-16T08:56:25.823425,66.70,63.60,100.00,0.00
2026-05-16T08:56:25.926853,60.00,66.70,100.00,0.00
2026-05-16T08:56:26.029580,63.60,66.70,100.00,10.00
2026-05-16T08:56:26.132229,60.00,55.60,100.00,0.00
2026-05-16T08:56:26.235423,70.00,66.70,100.00,11.10
2026-05-16T08:56:26.338540,63.60,72.70,100.00,0.00
2026-05-16T08:56:26.441838,66.70,60.00,100.00,18.20
2026-05-16T08:56:26.544820,66.70,66.70,100.00,11.10
2026-05-16T08:56:26.647662,66.70,60.00,100.00,0.00
2026-05-16T08:56:26.750227,60.00,70.00,100.00,11.10
2026-05-16T08:56:26.852833,70.00,70.00,100.00,27.30
2026-05-16T08:56:26.955606,72.70,63.60,100.00,11.10
2026-05-16T08:56:27.058310,66.70,60.00,100.00,0.00
2026-05-16T08:56:27.160949,63.60,72.70,100.00,11.10
2026-05-16T08:56:27.263809,70.00,63.60,100.00,20.00
2026-05-16T08:56:27.366922,66.70,66.70,100.00,0.00
2026-05-16T08:56:27.469539,66.70,63.60,100.00,0.00
2026-05-16T08:56:27.572385,63.60,63.60,100.00,0.00
2026-05-16T08:56:27.674962,72.70,72.70,100.00,10.00
2026-05-16T08:56:27.778646,63.60,60.00,100.00,10.00
2026-05-16T08:56:27.881405,70.00,70.00,100.00,11.10
2026-05-16T08:56:27.984371,66.70,55.60,100.00,0.00
2026-05-16T08:56:28.087202,63.60,63.60,100.00,0.00
2026-05-16T08:56:28.190245,66.70,72.70,100.00,0.00
2026-05-16T08:56:28.293353,63.60,63.60,100.00,18.20
2026-05-16T08:56:28.396129,72.70,72.70,100.00,0.00
2026-05-16T08:56:28.498888,60.00,63.60,100.00,0.00
2026-05-16T08:56:28.601877,60.00,60.00,100.00,11.10
2026-05-16T08:56:28.704634,70.00,72.70,100.00,10.00
2026-05-16T08:56:28.807518,66.70,66.70,100.00,0.00
2026-05-16T08:56:28.910562,70.00,70.00,100.00,18.20
2026-05-16T08:56:29.013407,60.00,70.00,100.00,0.00
2026-05-16T08:56:29.116024,70.00,63.60,100.00,11.10
2026-05-16T08:56:29.219000,66.70,66.70,100.00,10.00
2026-05-16T08:56:29.321555,70.00,70.00,100.00,12.50
2026-05-16T08:56:29.424799,63.60,60.00,100.00,18.20
2026-05-16T08:56:29.527391,60.00,60.00,100.00,0.00
2026-05-16T08:56:29.630010,70.00,70.00,100.00,11.10
2026-05-16T08:56:29.732557,66.70,60.00,100.00,0.00
2026-05-16T08:56:29.834641,0.00,22.20,100.00,10.00
2026-05-16T08:56:29.936872,20.00,11.10,100.00,0.00
2026-05-16T08:56:30.039137,0.00,11.10,100.00,0.00
2026-05-16T08:56:30.141496,20.00,12.50,100.00,0.00
2026-05-16T08:56:30.243856,0.00,0.00,100.00,0.00
2026-05-16T08:56:30.345963,11.10,0.00,100.00,0.00
2026-05-16T08:56:30.448748,11.10,20.00,100.00,0.00
2026-05-16T08:56:30.550889,11.10,0.00,100.00,9.10
2026-05-16T08:56:30.652965,22.20,11.10,100.00,0.00
2026-05-16T08:56:30.755371,0.00,12.50,100.00,0.00
2026-05-16T08:56:30.857511,11.10,11.10,100.00,0.00
2026-05-16T08:56:30.959698,0.00,0.00,100.00,0.00
2026-05-16T08:56:31.062074,22.20,12.50,100.00,0.00
2026-05-16T08:56:31.164440,0.00,11.10,100.00,0.00
2026-05-16T08:56:31.266700,20.00,12.50,100.00,0.00
2026-05-16T08:56:31.368808,11.10,0.00,100.00,0.00
2026-05-16T08:56:31.471315,0.00,11.10,100.00,10.00
2026-05-16T08:56:31.573700,11.10,22.20,100.00,9.10
2026-05-16T08:56:31.676118,11.10,0.00,100.00,0.00
2026-05-16T08:56:31.778708,22.20,12.50,100.00,0.00
2026-05-16T08:56:31.881147,11.10,0.00,100.00,0.00
2026-05-16T08:56:31.983781,11.10,22.20,100.00,0.00
2026-05-16T08:56:32.086119,0.00,0.00,100.00,0.00
2026-05-16T08:56:32.188282,11.10,12.50,100.00,10.00
2026-05-16T08:56:32.290515,20.00,11.10,100.00,0.00
2026-05-16T08:56:32.392610,0.00,0.00,100.00,0.00
2026-05-16T08:56:32.494861,12.50,11.10,100.00,0.00
2026-05-16T08:56:32.597544,20.00,12.50,100.00,0.00
2026-05-16T08:56:32.699964,11.10,11.10,100.00,0.00
2026-05-16T08:56:32.802386,0.00,0.00,100.00,0.00
2026-05-16T08:56:32.904809,11.10,11.10,100.00,0.00
2026-05-16T08:56:33.007385,20.00,12.50,100.00,0.00
2026-05-16T08:56:33.109626,12.50,20.00,100.00,10.00
2026-05-16T08:56:33.211969,11.10,0.00,100.00,0.00
2026-05-16T08:56:33.314206,11.10,12.50,100.00,0.00
2026-05-16T08:56:33.416684,22.20,11.10,100.00,9.10
2026-05-16T08:56:33.519380,0.00,0.00,100.00,0.00
2026-05-16T08:56:33.622001,0.00,11.10,100.00,0.00
2026-05-16T08:56:33.724643,22.20,12.50,100.00,0.00
2026-05-16T08:56:33.827710,40.00,50.00,100.00,10.00
2026-05-16T08:56:33.930819,37.50,50.00,100.00,0.00
2026-05-16T08:56:34.033408,50.00,44.40,100.00,0.00
2026-05-16T08:56:34.136060,55.60,37.50,100.00,0.00
2026-05-16T08:56:34.238717,44.40,50.00,100.00,10.00
2026-05-16T08:56:34.341081,54.50,44.40,100.00,0.00
2026-05-16T08:56:34.443726,50.00,55.60,100.00,11.10
2026-05-16T08:56:34.546483,54.50,54.50,100.00,18.20
2026-05-16T08:56:34.648700,44.40,37.50,100.00,0.00
2026-05-16T08:56:34.751734,54.50,54.50,100.00,0.00
2026-05-16T08:56:34.854578,50.00,60.00,100.00,0.00
2026-05-16T08:56:34.957365,37.50,37.50,100.00,0.00
2026-05-16T08:56:35.060192,50.00,50.00,100.00,9.10
2026-05-16T08:56:35.163038,50.00,44.40,100.00,0.00
2026-05-16T08:56:35.265491,50.00,50.00,100.00,10.00
2026-05-16T08:56:35.368149,54.50,58.30,100.00,11.10
2026-05-16T08:56:35.470921,28.60,50.00,100.00,10.00
2026-05-16T08:56:35.574395,54.50,54.50,100.00,0.00
2026-05-16T08:56:35.677135,50.00,37.50,100.00,18.20
2026-05-16T08:56:35.779735,44.40,54.50,100.00,0.00
2026-05-16T08:56:35.882134,50.00,37.50,100.00,10.00
2026-05-16T08:56:35.984989,58.30,60.00,100.00,0.00
2026-05-16T08:56:36.087568,44.40,44.40,100.00,0.00
2026-05-16T08:56:36.190021,37.50,50.00,100.00,0.00
2026-05-16T08:56:36.292557,50.00,50.00,100.00,18.20
2026-05-16T08:56:36.395030,44.40,50.00,100.00,0.00
2026-05-16T08:56:36.497582,50.00,60.00,100.00,18.20
2026-05-16T08:56:36.599999,44.40,44.40,100.00,0.00
2026-05-16T08:56:36.702789,50.00,44.40,100.00,0.00
2026-05-16T08:56:36.805514,55.60,60.00,100.00,20.00
2026-05-16T08:56:36.908024,44.40,50.00,100.00,0.00
2026-05-16T08:56:37.010960,50.00,37.50,100.00,10.00
2026-05-16T08:56:37.113890,50.00,54.50,100.00,10.00
2026-05-16T08:56:37.216408,50.00,50.00,100.00,0.00
2026-05-16T08:56:37.319113,50.00,44.40,100.00,10.00
2026-05-16T08:56:37.422072,54.50,44.40,100.00,11.10
2026-05-16T08:56:37.524654,50.00,55.60,100.00,0.00
2026-05-16T08:56:37.627125,50.00,50.00,100.00,10.00
2026-05-16T08:56:37.729771,60.00,50.00,100.00,18.20
2026-05-16T08:56:37.832123,22.20,22.20,100.00,0.00
2026-05-16T08:56:37.934733,14.30,14.30,100.00,0.00
2026-05-16T08:56:38.037225,22.20,33.30,100.00,0.00
2026-05-16T08:56:38.139615,22.20,30.00,100.00,0.00
2026-05-16T08:56:38.241947,40.00,25.00,100.00,0.00
2026-05-16T08:56:38.344355,30.00,12.50,100.00,0.00
2026-05-16T08:56:38.447030,14.30,25.00,100.00,0.00
2026-05-16T08:56:38.549974,30.00,25.00,100.00,10.00
2026-05-16T08:56:38.652829,14.30,33.30,100.00,9.10
2026-05-16T08:56:38.755070,30.00,14.30,100.00,0.00
2026-05-16T08:56:38.857598,14.30,30.00,100.00,0.00
2026-05-16T08:56:38.959888,12.50,25.00,100.00,0.00
2026-05-16T08:56:39.062168,33.30,12.50,100.00,0.00
2026-05-16T08:56:39.164578,12.50,25.00,100.00,10.00
2026-05-16T08:56:39.267098,25.00,40.00,100.00,10.00
2026-05-16T08:56:39.369649,22.20,22.20,100.00,0.00
2026-05-16T08:56:39.471996,22.20,12.50,100.00,10.00
2026-05-16T08:56:39.574526,33.30,25.00,100.00,10.00
2026-05-16T08:56:39.677116,25.00,33.30,100.00,0.00
2026-05-16T08:56:39.779718,22.20,12.50,100.00,0.00
2026-05-16T08:56:39.882175,30.00,25.00,100.00,0.00
2026-05-16T08:56:39.985115,25.00,33.30,100.00,10.00
2026-05-16T08:56:40.087592,36.40,22.20,100.00,0.00
2026-05-16T08:56:40.190120,14.30,33.30,100.00,0.00
2026-05-16T08:56:40.292467,22.20,25.00,100.00,10.00
2026-05-16T08:56:40.394815,25.00,12.50,100.00,0.00
2026-05-16T08:56:40.497136,30.00,33.30,100.00,10.00
2026-05-16T08:56:40.599521,30.00,25.00,100.00,0.00
2026-05-16T08:56:40.702196,14.30,22.20,100.00,0.00
2026-05-16T08:56:40.804726,30.00,25.00,100.00,0.00
2026-05-16T08:56:40.906983,14.30,22.20,100.00,10.00
2026-05-16T08:56:41.009790,22.20,25.00,100.00,0.00
2026-05-16T08:56:41.112218,30.00,33.30,100.00,0.00
2026-05-16T08:56:41.214824,22.20,22.20,100.00,9.10
2026-05-16T08:56:41.317385,0.00,33.30,100.00,0.00
2026-05-16T08:56:41.420161,30.00,0.00,100.00,0.00
2026-05-16T08:56:41.522661,22.20,33.30,100.00,0.00
2026-05-16T08:56:41.625497,25.00,12.50,100.00,0.00
2026-05-16T08:56:41.728012,30.00,33.30,100.00,18.20
2026-05-16T08:56:41.831034,77.80,72.70,100.00,11.10
2026-05-16T08:56:41.933916,83.30,90.00,100.00,11.10
2026-05-16T08:56:42.036977,88.90,81.80,100.00,0.00
2026-05-16T08:56:42.139897,83.30,88.90,100.00,11.10
2026-05-16T08:56:42.242784,90.00,81.80,100.00,11.10
2026-05-16T08:56:42.345779,90.00,81.80,100.00,0.00
2026-05-16T08:56:42.448888,81.80,80.00,100.00,11.10
2026-05-16T08:56:42.551985,83.30,80.00,100.00,10.00
2026-05-16T08:56:42.654977,81.80,80.00,100.00,11.10
2026-05-16T08:56:42.758055,88.90,83.30,100.00,0.00
2026-05-16T08:56:42.861360,81.80,88.90,100.00,20.00
2026-05-16T08:56:42.964519,83.30,80.00,100.00,0.00
2026-05-16T08:56:43.068295,81.80,72.70,100.00,0.00
2026-05-16T08:56:43.171308,81.80,81.80,100.00,11.10
2026-05-16T08:56:43.274492,90.00,88.90,100.00,30.00
2026-05-16T08:56:43.377659,81.80,81.80,100.00,0.00
2026-05-16T08:56:43.480673,90.00,90.00,100.00,11.10
2026-05-16T08:56:43.583883,83.30,80.00,100.00,0.00
2026-05-16T08:56:43.686846,90.00,90.90,100.00,20.00
2026-05-16T08:56:43.789787,81.80,80.00,100.00,11.10
2026-05-16T08:56:43.893047,80.00,81.80,100.00,0.00
2026-05-16T08:56:43.996100,83.30,81.80,100.00,0.00
2026-05-16T08:56:44.099127,90.00,80.00,100.00,11.10
2026-05-16T08:56:44.202198,83.30,83.30,100.00,20.00
2026-05-16T08:56:44.304934,80.00,70.00,100.00,10.00
2026-05-16T08:56:44.408339,80.00,90.00,100.00,0.00
2026-05-16T08:56:44.512087,83.30,81.80,100.00,20.00
2026-05-16T08:56:44.615559,88.90,80.00,100.00,11.10
2026-05-16T08:56:44.718717,83.30,88.90,100.00,0.00
2026-05-16T08:56:44.821621,90.00,83.30,100.00,0.00
2026-05-16T08:56:44.924590,81.80,88.90,100.00,20.00
2026-05-16T08:56:45.027834,90.00,81.80,100.00,11.10
2026-05-16T08:56:45.131006,81.80,77.80,100.00,0.00
2026-05-16T08:56:45.233971,90.00,90.90,100.00,27.30
2026-05-16T08:56:45.336824,81.80,81.80,100.00,0.00
2026-05-16T08:56:45.440047,83.30,81.80,100.00,11.10
2026-05-16T08:56:45.543321,90.00,90.00,100.00,11.10
2026-05-16T08:56:45.646703,90.90,81.80,100.00,0.00
2026-05-16T08:56:45.749900,80.00,90.00,100.00,0.00
2026-05-16T08:56:45.853158,90.00,90.00,100.00,11.10
2026-05-16T08:56:45.956166,90.90,90.00,100.00,11.10
2026-05-16T08:56:46.112608,93.30,93.30,100.00,35.70
2026-05-16T08:56:46.215493,72.70,75.00,83.30,11.10
2026-05-16T08:56:46.318574,72.70,70.00,90.00,12.50
2026-05-16T08:56:46.421891,77.80,81.80,81.80,11.10
2026-05-16T08:56:46.524878,70.00,72.70,83.30,11.10
2026-05-16T08:56:46.628026,75.00,81.80,83.30,11.10
2026-05-16T08:56:46.730941,80.00,72.70,88.90,20.00
2026-05-16T08:56:46.834129,70.00,81.80,83.30,22.20
2026-05-16T08:56:46.937229,72.70,72.70,81.80,11.10
2026-05-16T08:56:47.041406,81.80,80.00,90.00,0.00
2026-05-16T08:56:47.144609,70.00,75.00,83.30,0.00
2026-05-16T08:56:47.247948,75.00,72.70,83.30,27.30
2026-05-16T08:56:47.350798,77.80,80.00,81.80,0.00
2026-05-16T08:56:47.454089,72.70,75.00,83.30,11.10
2026-05-16T08:56:47.557123,70.00,80.00,90.90,20.00
2026-05-16T08:56:47.660193,81.80,72.70,88.90,0.00
2026-05-16T08:56:47.763733,72.70,81.80,84.60,12.50
2026-05-16T08:56:47.866576,72.70,72.70,80.00,11.10
2026-05-16T08:56:47.970067,72.70,70.00,83.30,11.10
2026-05-16T08:56:48.073169,81.80,80.00,90.00,11.10
2026-05-16T08:56:48.176423,70.00,80.00,81.80,0.00
2026-05-16T08:56:48.279926,80.00,72.70,90.90,11.10
2026-05-16T08:56:48.383062,76.90,77.80,83.30,0.00
2026-05-16T08:56:48.486448,81.80,72.70,90.00,11.10
2026-05-16T08:56:48.590888,77.80,81.80,83.30,11.10
2026-05-16T08:56:48.694666,75.00,81.80,90.90,11.10
2026-05-16T08:56:48.798065,77.80,80.00,80.00,22.20
2026-05-16T08:56:48.901180,72.70,70.00,90.90,0.00
2026-05-16T08:56:49.004182,72.70,80.00,81.80,20.00
2026-05-16T08:56:49.107366,72.70,75.00,83.30,0.00
2026-05-16T08:56:49.210331,77.80,72.70,81.80,11.10
2026-05-16T08:56:49.313557,70.00,80.00,81.80,0.00
2026-05-16T08:56:49.416659,75.00,70.00,90.00,20.00
2026-05-16T08:56:49.519898,77.80,75.00,81.80,0.00
2026-05-16T08:56:49.622994,75.00,81.80,90.90,20.00
2026-05-16T08:56:49.726147,81.80,81.80,81.80,12.50
2026-05-16T08:56:49.829917,70.00,70.00,83.30,11.10
2026-05-16T08:56:49.933000,66.70,75.00,80.00,0.00
2026-05-16T08:56:50.036367,70.00,72.70,76.90,11.10
2026-05-16T08:56:50.139420,70.00,70.00,81.80,20.00
2026-05-16T08:56:50.242631,72.70,70.00,80.00,0.00
2026-05-16T08:56:50.345430,63.60,72.70,81.80,0.00
2026-05-16T08:56:50.448145,72.70,66.70,76.90,11.10
2026-05-16T08:56:50.551222,72.70,72.70,77.80,0.00
2026-05-16T08:56:50.654131,70.00,70.00,83.30,20.00
2026-05-16T08:56:50.757189,70.00,70.00,83.30,22.20
2026-05-16T08:56:50.860136,72.70,72.70,80.00,0.00
2026-05-16T08:56:50.963521,72.70,66.70,75.00,11.10
2026-05-16T08:56:51.066398,72.70,70.00,83.30,0.00
2026-05-16T08:56:51.169497,72.70,72.70,80.00,20.00
2026-05-16T08:56:51.273463,72.70,70.00,83.30,0.00
2026-05-16T08:56:51.376491,70.00,77.80,81.80,11.10
2026-05-16T08:56:51.479543,72.70,66.70,81.80,11.10
2026-05-16T08:56:51.582210,55.60,66.70,75.00,11.10
2026-05-16T08:56:51.685092,72.70,72.70,80.00,0.00
2026-05-16T08:56:51.788560,70.00,70.00,81.80,20.00
2026-05-16T08:56:51.891570,70.00,70.00,81.80,20.00
2026-05-16T08:56:51.994753,72.70,70.00,72.70,11.10
2026-05-16T08:56:52.098019,70.00,66.70,84.60,0.00
2026-05-16T08:56:52.201382,72.70,72.70,77.80,22.20
2026-05-16T08:56:52.304876,63.60,66.70,83.30,0.00
2026-05-16T08:56:52.407865,70.00,72.70,75.00,11.10
2026-05-16T08:56:52.510801,75.00,66.70,81.80,0.00
2026-05-16T08:56:52.614011,70.00,72.70,80.00,22.20
2026-05-16T08:56:52.717376,70.00,72.70,80.00,0.00
2026-05-16T08:56:52.820883,70.00,70.00,75.00,11.10
2026-05-16T08:56:52.923866,63.60,70.00,80.00,0.00
2026-05-16T08:56:53.027217,70.00,72.70,76.90,20.00
2026-05-16T08:56:53.130827,75.00,63.60,80.00,10.00
2026-05-16T08:56:53.233653,70.00,72.70,75.00,0.00
2026-05-16T08:56:53.337163,70.00,80.00,83.30,11.10
2026-05-16T08:56:53.440300,70.00,70.00,81.80,11.10
2026-05-16T08:56:53.543661,70.00,76.90,84.60,20.00
2026-05-16T08:56:53.646917,70.00,66.70,80.00,0.00
2026-05-16T08:56:53.749182,60.00,72.70,72.70,11.10
2026-05-16T08:56:53.851515,11.10,0.00,0.00,10.00
2026-05-16T08:56:53.953757,0.00,0.00,0.00,0.00
2026-05-16T08:56:54.056005,10.00,11.10,0.00,0.00
2026-05-16T08:56:54.158405,0.00,0.00,11.10,0.00
2026-05-16T08:56:54.260466,0.00,0.00,10.00,0.00
2026-05-16T08:56:54.362729,10.00,11.10,11.10,0.00
2026-05-16T08:56:54.465054,0.00,0.00,0.00,9.10
2026-05-16T08:56:54.567719,0.00,11.10,0.00,0.00
2026-05-16T08:56:54.669900,0.00,10.00,0.00,0.00
2026-05-16T08:56:54.772612,11.10,0.00,0.00,0.00
2026-05-16T08:56:54.874724,10.00,0.00,10.00,0.00
2026-05-16T08:56:54.976975,0.00,0.00,11.10,0.00
2026-05-16T08:56:55.079061,0.00,0.00,0.00,0.00
2026-05-16T08:56:55.181423,0.00,0.00,0.00,10.00
2026-05-16T08:56:55.283887,10.00,0.00,0.00,0.00
2026-05-16T08:56:55.386211,0.00,0.00,11.10,0.00
2026-05-16T08:56:55.488243,0.00,18.20,0.00,0.00
2026-05-16T08:56:55.590710,0.00,0.00,0.00,0.00
2026-05-16T08:56:55.692978,0.00,0.00,0.00,0.00
2026-05-16T08:56:55.848190,14.30,7.70,30.80,14.30
2026-05-16T08:56:55.950509,11.10,0.00,100.00,0.00
2026-05-16T08:56:56.052745,11.10,20.00,100.00,10.00
2026-05-16T08:56:56.154878,11.10,20.00,100.00,0.00
2026-05-16T08:56:56.257208,10.00,11.10,100.00,0.00
2026-05-16T08:56:56.359833,0.00,0.00,100.00,0.00
2026-05-16T08:56:56.462017,11.10,11.10,100.00,10.00
2026-05-16T08:56:56.564233,20.00,0.00,100.00,9.10
2026-05-16T08:56:56.666568,11.10,0.00,100.00,0.00
2026-05-16T08:56:56.769203,10.00,0.00,100.00,0.00
2026-05-16T08:56:56.871579,11.10,30.00,100.00,0.00
2026-05-16T08:56:56.974065,11.10,11.10,100.00,0.00
2026-05-16T08:56:57.076194,11.10,0.00,100.00,10.00
2026-05-16T08:56:57.178602,20.00,11.10,100.00,0.00
2026-05-16T08:56:57.280749,11.10,0.00,100.00,0.00
2026-05-16T08:56:57.383035,10.00,0.00,100.00,0.00
2026-05-16T08:56:57.485291,0.00,0.00,100.00,0.00
2026-05-16T08:56:57.587459,0.00,11.10,100.00,10.00
2026-05-16T08:56:57.689717,20.00,11.10,100.00,9.10
2026-05-16T08:56:57.792208,45.50,45.50,100.00,10.00
2026-05-16T08:56:57.895107,60.00,66.70,100.00,0.00
2026-05-16T08:56:57.997887,63.60,60.00,100.00,0.00
2026-05-16T08:56:58.100698,66.70,70.00,100.00,0.00
2026-05-16T08:56:58.203654,70.00,63.60,100.00,20.00
2026-05-16T08:56:58.306094,63.60,60.00,100.00,10.00
2026-05-16T08:56:58.408781,63.60,62.50,100.00,10.00
2026-05-16T08:56:58.511102,63.60,63.60,100.00,0.00
2026-05-16T08:56:58.613930,70.00,63.60,100.00,18.20
2026-05-16T08:56:58.716895,63.60,70.00,100.00,0.00
2026-05-16T08:56:58.819407,63.60,54.50,100.00,10.00
2026-05-16T08:56:58.921932,63.60,70.00,100.00,11.10
2026-05-16T08:56:59.025068,70.00,60.00,100.00,18.20
2026-05-16T08:56:59.128157,66.70,66.70,100.00,10.00
2026-05-16T08:56:59.231017,63.60,72.70,100.00,0.00
2026-05-16T08:56:59.333814,63.60,55.60,100.00,0.00
2026-05-16T08:56:59.436604,60.00,63.60,100.00,11.10
2026-05-16T08:56:59.539894,70.00,63.60,100.00,10.00
2026-05-16T08:56:59.642422,63.60,66.70,100.00,20.00
2026-05-16T08:56:59.745161,70.00,66.70,100.00,0.00
2026-05-16T08:56:59.847830,60.00,55.60,100.00,11.10
2026-05-16T08:56:59.950719,60.00,66.70,100.00,0.00
2026-05-16T08:57:00.053524,63.60,63.60,100.00,0.00
2026-05-16T08:57:00.156210,66.70,60.00,100.00,11.10
2026-05-16T08:57:00.258881,63.60,66.70,100.00,10.00
2026-05-16T08:57:00.361892,63.60,63.60,100.00,10.00
2026-05-16T08:57:00.464597,63.60,60.00,100.00,0.00
2026-05-16T08:57:00.567198,63.60,60.00,100.00,0.00
2026-05-16T08:57:00.670826,66.70,63.60,100.00,18.20
2026-05-16T08:57:00.773622,66.70,66.70,100.00,11.10
2026-05-16T08:57:00.876195,50.00,55.60,100.00,0.00
2026-05-16T08:57:00.979076,63.60,66.70,100.00,10.00
2026-05-16T08:57:01.081857,70.00,55.60,100.00,11.10
2026-05-16T08:57:01.184974,66.70,63.60,100.00,0.00
2026-05-16T08:57:01.287794,70.00,66.70,100.00,20.00
2026-05-16T08:57:01.390448,60.00,66.70,100.00,0.00
2026-05-16T08:57:01.493304,63.60,70.00,100.00,11.10
2026-05-16T08:57:01.596083,70.00,55.60,100.00,18.20
2026-05-16T08:57:01.698705,63.60,60.00,100.00,10.00
2026-05-16T08:57:01.801141,63.60,60.00,100.00,0.00
2026-05-16T08:57:01.903712,60.00,60.00,100.00,0.00
2026-05-16T08:57:02.006674,50.00,54.50,100.00,10.00
2026-05-16T08:57:02.109678,60.00,60.00,100.00,10.00
2026-05-16T08:57:02.212427,63.60,60.00,100.00,0.00
2026-05-16T08:57:02.315509,50.00,55.60,100.00,0.00
2026-05-16T08:57:02.418033,58.30,60.00,100.00,10.00
2026-05-16T08:57:02.520828,66.70,55.60,100.00,0.00
2026-05-16T08:57:02.623882,60.00,60.00,100.00,20.00
2026-05-16T08:57:02.726697,55.60,60.00,100.00,10.00
2026-05-16T08:57:02.829742,50.00,50.00,100.00,0.00
2026-05-16T08:57:02.932387,54.50,60.00,100.00,0.00
2026-05-16T08:57:03.035581,60.00,50.00,100.00,20.00
2026-05-16T08:57:03.138524,60.00,60.00,100.00,0.00
2026-05-16T08:57:03.241753,63.60,60.00,100.00,0.00
2026-05-16T08:57:03.344581,44.40,54.50,100.00,0.00
2026-05-16T08:57:03.447372,66.70,60.00,100.00,10.00
2026-05-16T08:57:03.550848,55.60,60.00,100.00,11.10
2026-05-16T08:57:03.653700,55.60,60.00,100.00,0.00
2026-05-16T08:57:03.756414,55.60,55.60,100.00,10.00
2026-05-16T08:57:03.859188,60.00,58.30,100.00,11.10
2026-05-16T08:57:03.962858,50.00,50.00,100.00,18.20
2026-05-16T08:57:04.065579,66.70,60.00,100.00,0.00
2026-05-16T08:57:04.168670,55.60,50.00,100.00,0.00
2026-05-16T08:57:04.271681,50.00,55.60,100.00,0.00
2026-05-16T08:57:04.374526,60.00,60.00,100.00,11.10
2026-05-16T08:57:04.477267,54.50,60.00,100.00,0.00
2026-05-16T08:57:04.580397,55.60,55.60,100.00,18.20
2026-05-16T08:57:04.683677,63.60,63.60,100.00,0.00
2026-05-16T08:57:04.786600,55.60,50.00,100.00,0.00
2026-05-16T08:57:04.889203,63.60,50.00,100.00,0.00
2026-05-16T08:57:04.992161,54.50,54.50,100.00,10.00
2026-05-16T08:57:05.094910,60.00,60.00,100.00,10.00
2026-05-16T08:57:05.197929,60.00,55.60,100.00,11.10
2026-05-16T08:57:05.300534,55.60,54.50,100.00,0.00
2026-05-16T08:57:05.403074,50.00,60.00,100.00,0.00
2026-05-16T08:57:05.505815,63.60,60.00,100.00,0.00
2026-05-16T08:57:05.608706,50.00,50.00,100.00,20.00
2026-05-16T08:57:05.711347,60.00,60.00,100.00,0.00
2026-05-16T08:57:05.813578,22.20,33.30,100.00,0.00
2026-05-16T08:57:05.915953,12.50,22.20,100.00,0.00
2026-05-16T08:57:06.018198,22.20,0.00,100.00,10.00
2026-05-16T08:57:06.120670,11.10,22.20,100.00,0.00
2026-05-16T08:57:06.223465,12.50,22.20,100.00,16.70
2026-05-16T08:57:06.325871,12.50,12.50,100.00,0.00
2026-05-16T08:57:06.428367,30.00,22.20,100.00,0.00
2026-05-16T08:57:06.530669,12.50,12.50,100.00,0.00
2026-05-16T08:57:06.633003,0.00,12.50,100.00,0.00
2026-05-16T08:57:06.735645,22.20,22.20,100.00,0.00
2026-05-16T08:57:06.838047,22.20,12.50,100.00,10.00
2026-05-16T08:57:06.940585,22.20,14.30,100.00,0.00
2026-05-16T08:57:07.043245,12.50,22.20,100.00,0.00
2026-05-16T08:57:07.145777,12.50,12.50,100.00,0.00
2026-05-16T08:57:07.248018,11.10,12.50,100.00,10.00
2026-05-16T08:57:07.350374,12.50,11.10,100.00,0.00
2026-05-16T08:57:07.452931,22.20,12.50,100.00,0.00
2026-05-16T08:57:07.555715,11.10,22.20,100.00,10.00
2026-05-16T08:57:07.658210,25.00,25.00,100.00,20.00
2026-05-16T08:57:07.760456,11.10,22.20,100.00,10.00
2026-05-16T08:57:07.862748,12.50,12.50,100.00,0.00
2026-05-16T08:57:07.964988,12.50,12.50,100.00,0.00
2026-05-16T08:57:08.067358,20.00,22.20,100.00,0.00
2026-05-16T08:57:08.169678,12.50,0.00,100.00,0.00
2026-05-16T08:57:08.271904,20.00,30.00,100.00,0.00
2026-05-16T08:57:08.374005,0.00,0.00,100.00,10.00
2026-05-16T08:57:08.476398,22.20,12.50,100.00,0.00
2026-05-16T08:57:08.578857,12.50,11.10,100.00,10.00
2026-05-16T08:57:08.681147,20.00,22.20,100.00,0.00
2026-05-16T08:57:08.783623,0.00,0.00,100.00,0.00
2026-05-16T08:57:08.885913,22.20,33.30,100.00,0.00
2026-05-16T08:57:08.988359,11.10,12.50,100.00,0.00
2026-05-16T08:57:09.090898,22.20,11.10,100.00,0.00
2026-05-16T08:57:09.193186,12.50,0.00,100.00,10.00
2026-05-16T08:57:09.295332,22.20,30.00,100.00,10.00
2026-05-16T08:57:09.397614,0.00,0.00,100.00,0.00
2026-05-16T08:57:09.500148,12.50,22.20,100.00,0.00
2026-05-16T08:57:09.602718,30.00,22.20,100.00,0.00
2026-05-16T08:57:09.704975,0.00,12.50,100.00,0.00
2026-05-16T08:57:09.807432,11.10,0.00,100.00,9.10
2026-05-16T08:57:09.909821,11.10,0.00,100.00,0.00
2026-05-16T08:57:10.012003,30.00,11.10,100.00,0.00
2026-05-16T08:57:10.114252,0.00,22.20,100.00,0.00
2026-05-16T08:57:10.216544,11.10,11.10,100.00,10.00
2026-05-16T08:57:10.319132,11.10,0.00,100.00,9.10
2026-05-16T08:57:10.421553,20.00,11.10,100.00,0.00
2026-05-16T08:57:10.523947,20.00,0.00,100.00,0.00
2026-05-16T08:57:10.626535,11.10,0.00,100.00,9.10
2026-05-16T08:57:10.728956,11.10,22.20,100.00,0.00
2026-05-16T08:57:10.831308,0.00,0.00,100.00,0.00
2026-05-16T08:57:10.933433,11.10,11.10,100.00,0.00
2026-05-16T08:57:11.035679,11.10,0.00,100.00,0.00
2026-05-16T08:57:11.137839,11.10,11.10,100.00,0.00
2026-05-16T08:57:11.239970,11.10,12.50,100.00,10.00
2026-05-16T08:57:11.342322,0.00,0.00,100.00,0.00
2026-05-16T08:57:11.444710,11.10,11.10,100.00,0.00
2026-05-16T08:57:11.547011,0.00,0.00,100.00,0.00
2026-05-16T08:57:11.649479,11.10,20.00,100.00,0.00
2026-05-16T08:57:11.751937,11.10,11.10,100.00,0.00
2026-05-16T08:57:11.854022,11.10,11.10,100.00,0.00
2026-05-16T08:57:11.956334,11.10,0.00,100.00,10.00
2026-05-16T08:57:12.058460,0.00,12.50,100.00,0.00
2026-05-16T08:57:12.160549,0.00,11.10,100.00,0.00
2026-05-16T08:57:12.262603,11.10,0.00,100.00,0.00
2026-05-16T08:57:12.364811,11.10,0.00,100.00,0.00
2026-05-16T08:57:12.467182,10.00,11.10,100.00,10.00
2026-05-16T08:57:12.569853,11.10,11.10,100.00,0.00
2026-05-16T08:57:12.672236,0.00,20.00,100.00,0.00
2026-05-16T08:57:12.774570,12.50,0.00,100.00,9.10
2026-05-16T08:57:12.876916,18.20,11.10,100.00,0.00
2026-05-16T08:57:12.979750,0.00,0.00,100.00,0.00
2026-05-16T08:57:13.082151,11.10,11.10,100.00,0.00
2026-05-16T08:57:13.184698,0.00,22.20,100.00,0.00
2026-05-16T08:57:13.286879,11.10,0.00,100.00,10.00
2026-05-16T08:57:13.389183,0.00,0.00,100.00,0.00
2026-05-16T08:57:13.491554,20.00,20.00,100.00,9.10
2026-05-16T08:57:13.593941,11.10,0.00,100.00,0.00
2026-05-16T08:57:13.696226,0.00,0.00,100.00,0.00
2026-05-16T08:57:13.798855,22.20,30.00,100.00,0.00
2026-05-16T08:57:13.901441,25.00,25.00,100.00,10.00
2026-05-16T08:57:14.004541,25.00,30.00,100.00,10.00
2026-05-16T08:57:14.107139,22.20,33.30,100.00,0.00
2026-05-16T08:57:14.209785,40.00,14.30,100.00,0.00
2026-05-16T08:57:14.312310,22.20,30.00,100.00,0.00
2026-05-16T08:57:14.414577,25.00,25.00,100.00,0.00
2026-05-16T08:57:14.516948,22.20,25.00,100.00,10.00
2026-05-16T08:57:14.619521,25.00,30.00,100.00,10.00
2026-05-16T08:57:14.721830,30.00,25.00,100.00,0.00
2026-05-16T08:57:14.824166,25.00,33.30,100.00,0.00
2026-05-16T08:57:14.926690,30.00,12.50,100.00,0.00
2026-05-16T08:57:15.028980,22.20,25.00,100.00,10.00
2026-05-16T08:57:15.131360,33.30,12.50,100.00,9.10
2026-05-16T08:57:15.233547,30.00,33.30,100.00,0.00
2026-05-16T08:57:15.336455,14.30,25.00,100.00,0.00
2026-05-16T08:57:15.439184,30.00,22.20,100.00,10.00
2026-05-16T08:57:15.541971,14.30,25.00,100.00,0.00
2026-05-16T08:57:15.644418,22.20,33.30,100.00,0.00
2026-05-16T08:57:15.746900,33.30,25.00,100.00,0.00
2026-05-16T08:57:15.849397,30.00,36.40,100.00,0.00
2026-05-16T08:57:15.952066,12.50,14.30,100.00,0.00
2026-05-16T08:57:16.054492,33.30,33.30,100.00,9.10
2026-05-16T08:57:16.156676,22.20,12.50,100.00,0.00
2026-05-16T08:57:16.259118,22.20,33.30,100.00,18.20
2026-05-16T08:57:16.361582,25.00,33.30,100.00,0.00
2026-05-16T08:57:16.464078,22.20,22.20,100.00,0.00
2026-05-16T08:57:16.566629,22.20,14.30,100.00,0.00
2026-05-16T08:57:16.668963,40.00,40.00,100.00,0.00
2026-05-16T08:57:16.771716,12.50,22.20,100.00,0.00
2026-05-16T08:57:16.873912,40.00,37.50,100.00,10.00
2026-05-16T08:57:16.976198,12.50,22.20,100.00,10.00
2026-05-16T08:57:17.078636,33.30,25.00,100.00,0.00
2026-05-16T08:57:17.180893,12.50,22.20,100.00,0.00
2026-05-16T08:57:17.283361,33.30,33.30,100.00,18.20
2026-05-16T08:57:17.385960,22.20,14.30,100.00,0.00
2026-05-16T08:57:17.488498,30.00,22.20,100.00,0.00
2026-05-16T08:57:17.591063,25.00,33.30,100.00,10.00
2026-05-16T08:57:17.693510,12.50,14.30,100.00,0.00
2026-05-16T08:57:17.796119,12.50,22.20,100.00,0.00
2026-05-16T08:57:17.898499,11.10,11.10,100.00,0.00
2026-05-16T08:57:18.001042,20.00,11.10,100.00,0.00
2026-05-16T08:57:18.103443,0.00,0.00,100.00,10.00
2026-05-16T08:57:18.205823,0.00,12.50,100.00,0.00
2026-05-16T08:57:18.308144,20.00,11.10,100.00,0.00
2026-05-16T08:57:18.410222,12.50,0.00,100.00,9.10
2026-05-16T08:57:18.512402,0.00,11.10,100.00,10.00
2026-05-16T08:57:18.615046,11.10,30.00,100.00,0.00
2026-05-16T08:57:18.717838,11.10,0.00,100.00,0.00
2026-05-16T08:57:18.820007,20.00,12.50,100.00,0.00
2026-05-16T08:57:18.922085,0.00,11.10,100.00,0.00
2026-05-16T08:57:19.024204,11.10,22.20,100.00,0.00
2026-05-16T08:57:19.126442,0.00,11.10,100.00,0.00
2026-05-16T08:57:19.228461,20.00,12.50,100.00,9.10
2026-05-16T08:57:19.330702,12.50,11.10,100.00,0.00
2026-05-16T08:57:19.433071,11.10,11.10,100.00,0.00
2026-05-16T08:57:19.535155,0.00,12.50,100.00,0.00
2026-05-16T08:57:19.637334,22.20,0.00,100.00,0.00
2026-05-16T08:57:19.740091,11.10,20.00,100.00,0.00
2026-05-16T08:57:19.842557,0.00,0.00,100.00,0.00
2026-05-16T08:57:19.945213,20.00,0.00,100.00,9.10
2026-05-16T08:57:20.047490,0.00,0.00,100.00,10.00
2026-05-16T08:57:20.149827,20.00,20.00,100.00,0.00
2026-05-16T08:57:20.252817,0.00,12.50,100.00,0.00
2026-05-16T08:57:20.355118,20.00,11.10,100.00,0.00
2026-05-16T08:57:20.457622,0.00,12.50,100.00,0.00
2026-05-16T08:57:20.559997,11.10,0.00,100.00,10.00
2026-05-16T08:57:20.662384,22.20,20.00,100.00,9.10
2026-05-16T08:57:20.764589,0.00,0.00,100.00,0.00
2026-05-16T08:57:20.866900,11.10,11.10,100.00,0.00
2026-05-16T08:57:20.969177,0.00,12.50,100.00,0.00
2026-05-16T08:57:21.071538,20.00,11.10,100.00,0.00
2026-05-16T08:57:21.173950,11.10,0.00,100.00,0.00
2026-05-16T08:57:21.276490,0.00,0.00,100.00,0.00
2026-05-16T08:57:21.378975,11.10,27.30,100.00,0.00
2026-05-16T08:57:21.481437,20.00,0.00,100.00,0.00
2026-05-16T08:57:21.583754,0.00,0.00,100.00,9.10
2026-05-16T08:57:21.686440,12.50,22.20,100.00,0.00
2026-05-16T08:57:21.789622,44.40,37.50,100.00,20.00
2026-05-16T08:57:21.892564,80.00,84.60,100.00,11.10
2026-05-16T08:57:21.996013,91.70,80.00,100.00,11.10
2026-05-16T08:57:22.099098,81.80,81.80,100.00,0.00
2026-05-16T08:57:22.202434,88.90,80.00,100.00,20.00
2026-05-16T08:57:22.305868,90.00,81.80,100.00,11.10
2026-05-16T08:57:22.409194,81.80,90.00,100.00,11.10
2026-05-16T08:57:22.512326,90.00,81.80,100.00,11.10
2026-05-16T08:57:22.615151,81.80,80.00,100.00,27.30
2026-05-16T08:57:22.718073,90.00,80.00,100.00,11.10
2026-05-16T08:57:22.821411,90.00,90.00,100.00,0.00
2026-05-16T08:57:22.924906,90.90,81.80,100.00,11.10
2026-05-16T08:57:23.028389,81.80,77.80,100.00,11.10
2026-05-16T08:57:23.131088,90.00,90.00,100.00,11.10
2026-05-16T08:57:23.234062,91.70,80.00,100.00,11.10
2026-05-16T08:57:23.337174,88.90,80.00,100.00,22.20
2026-05-16T08:57:23.440196,81.80,80.00,100.00,0.00
2026-05-16T08:57:23.542980,90.00,90.00,100.00,0.00
2026-05-16T08:57:23.646059,90.00,81.80,100.00,22.20
2026-05-16T08:57:23.749092,90.00,90.00,100.00,11.10
2026-05-16T08:57:23.852333,81.80,80.00,100.00,11.10
2026-05-16T08:57:23.955432,83.30,81.80,100.00,10.00
2026-05-16T08:57:24.059164,88.90,80.00,100.00,11.10
2026-05-16T08:57:24.162052,83.30,80.00,100.00,11.10
2026-05-16T08:57:24.265001,80.00,80.00,100.00,11.10
2026-05-16T08:57:24.367800,83.30,75.00,100.00,0.00
2026-05-16T08:57:24.470990,90.00,90.00,100.00,11.10
2026-05-16T08:57:24.573933,83.30,83.30,100.00,0.00
2026-05-16T08:57:24.677201,88.90,88.90,100.00,20.00
2026-05-16T08:57:24.780264,83.30,75.00,100.00,11.10
2026-05-16T08:57:24.883390,81.80,80.00,100.00,11.10
2026-05-16T08:57:24.986699,90.90,90.00,100.00,11.10
2026-05-16T08:57:25.089955,81.80,80.00,100.00,0.00
2026-05-16T08:57:25.193110,90.00,81.80,100.00,10.00
2026-05-16T08:57:25.296195,81.80,83.30,100.00,12.50
2026-05-16T08:57:25.399126,81.80,80.00,100.00,10.00
2026-05-16T08:57:25.502210,80.00,77.80,100.00,11.10
2026-05-16T08:57:25.605432,83.30,81.80,100.00,11.10
2026-05-16T08:57:25.708307,88.90,80.00,100.00,11.10
2026-05-16T08:57:25.811572,90.00,90.00,100.00,11.10
2026-05-16T08:57:25.971338,94.10,94.10,100.00,33.30
2026-05-16T08:57:26.074645,81.80,80.00,91.70,12.50
2026-05-16T08:57:26.178671,72.70,70.00,81.80,11.10
2026-05-16T08:57:26.281680,80.00,81.80,90.90,11.10
2026-05-16T08:57:26.385094,81.80,80.00,91.70,0.00
2026-05-16T08:57:26.488570,81.80,81.80,90.00,11.10
2026-05-16T08:57:26.591892,75.00,81.80,90.00,22.20
2026-05-16T08:57:26.695365,81.80,80.00,84.60,11.10
2026-05-16T08:57:26.798633,80.00,81.80,90.00,11.10
2026-05-16T08:57:26.901480,80.00,81.80,90.90,25.00
2026-05-16T08:57:27.004740,72.70,72.70,83.30,11.10
2026-05-16T08:57:27.107900,80.00,77.80,90.90,11.10
2026-05-16T08:57:27.212231,70.00,75.00,80.00,11.10
2026-05-16T08:57:27.315707,81.80,81.80,91.70,0.00
2026-05-16T08:57:27.418371,81.80,80.00,90.00,12.50
2026-05-16T08:57:27.521638,77.80,77.80,91.70,20.00
2026-05-16T08:57:27.624902,75.00,80.00,80.00,11.10
2026-05-16T08:57:27.728326,77.80,81.80,90.90,22.20
2026-05-16T08:57:27.831501,80.00,72.70,90.90,0.00
2026-05-16T08:57:27.935142,84.60,80.00,90.90,11.10
2026-05-16T08:57:28.038860,72.70,80.00,83.30,0.00
2026-05-16T08:57:28.141953,80.00,81.80,90.00,20.00
2026-05-16T08:57:28.245067,80.00,72.70,83.30,0.00
2026-05-16T08:57:28.348223,72.70,75.00,90.90,12.50
2026-05-16T08:57:28.451719,81.80,77.80,83.30,0.00
2026-05-16T08:57:28.555522,72.70,70.00,90.00,0.00
2026-05-16T08:57:28.658999,80.00,81.80,83.30,20.00
2026-05-16T08:57:28.762374,72.70,80.00,90.90,11.10
2026-05-16T08:57:28.865658,90.00,81.80,90.00,12.50
2026-05-16T08:57:28.969004,75.00,72.70,83.30,11.10
2026-05-16T08:57:29.072507,80.00,80.00,90.00,11.10
2026-05-16T08:57:29.175730,72.70,83.30,90.90,0.00
2026-05-16T08:57:29.278725,80.00,70.00,83.30,22.20
2026-05-16T08:57:29.381887,83.30,81.80,90.00,0.00
2026-05-16T08:57:29.485184,72.70,81.80,83.30,20.00
2026-05-16T08:57:29.588833,80.00,80.00,90.90,0.00
2026-05-16T08:57:29.691943,77.80,76.90,90.00,22.20
2026-05-16T08:57:29.794017,33.30,25.00,33.30,0.00
2026-05-16T08:57:29.896255,10.00,0.00,0.00,0.00
2026-05-16T08:57:29.998468,0.00,10.00,0.00,0.00
2026-05-16T08:57:30.100602,0.00,0.00,18.20,0.00
2026-05-16T08:57:30.203111,0.00,0.00,10.00,0.00
2026-05-16T08:57:30.305592,18.20,10.00,0.00,9.10
2026-05-16T08:57:30.407925,0.00,0.00,0.00,0.00
2026-05-16T08:57:30.510068,0.00,0.00,0.00,0.00
2026-05-16T08:57:30.612269,0.00,0.00,0.00,0.00
2026-05-16T08:57:30.714449,0.00,0.00,0.00,0.00
2026-05-16T08:57:30.816481,10.00,10.00,0.00,0.00
2026-05-16T08:57:30.918536,0.00,0.00,0.00,0.00
2026-05-16T08:57:31.020569,0.00,0.00,0.00,0.00
2026-05-16T08:57:31.122681,0.00,0.00,0.00,0.00
2026-05-16T08:57:31.225002,0.00,10.00,11.10,9.10
2026-05-16T08:57:31.327165,0.00,0.00,0.00,0.00
2026-05-16T08:57:31.429263,10.00,0.00,0.00,0.00
2026-05-16T08:57:31.531444,0.00,11.10,0.00,0.00
2026-05-16T08:57:31.633545,11.10,0.00,0.00,0.00
2026-05-16T08:57:31.735808,0.00,0.00,10.00,0.00
2026-05-16T08:57:31.893336,14.30,14.30,28.60,13.30
2026-05-16T08:57:31.995479,25.00,0.00,100.00,16.70
2026-05-16T08:57:32.097662,27.30,10.00,100.00,0.00
2026-05-16T08:57:32.200061,33.30,0.00,100.00,0.00
2026-05-16T08:57:32.302196,30.80,0.00,100.00,0.00
2026-05-16T08:57:32.404494,30.80,0.00,100.00,0.00
2026-05-16T08:57:32.506431,20.00,18.20,100.00,9.10
2026-05-16T08:57:32.609171,27.30,0.00,100.00,0.00
2026-05-16T08:57:32.711603,25.00,20.00,100.00,0.00
2026-05-16T08:57:32.814049,20.00,0.00,100.00,0.00
2026-05-16T08:57:32.916356,18.20,10.00,100.00,0.00
2026-05-16T08:57:33.018498,20.00,0.00,100.00,10.00
2026-05-16T08:57:33.120595,10.00,11.10,100.00,0.00
2026-05-16T08:57:33.223072,27.30,0.00,100.00,0.00
2026-05-16T08:57:33.325164,10.00,11.10,100.00,10.00
2026-05-16T08:57:33.427365,20.00,0.00,100.00,0.00
2026-05-16T08:57:33.529505,25.00,20.00,100.00,0.00
2026-05-16T08:57:33.631615,20.00,11.10,100.00,0.00
2026-05-16T08:57:33.733808,18.20,0.00,100.00,0.00
2026-05-16T08:57:33.836933,50.00,44.40,100.00,0.00
2026-05-16T08:57:33.939340,28.60,44.40,100.00,0.00
2026-05-16T08:57:34.041806,45.50,50.00,100.00,0.00
2026-05-16T08:57:34.144202,44.40,44.40,100.00,10.00
2026-05-16T08:57:34.246882,44.40,50.00,100.00,10.00
2026-05-16T08:57:34.349554,54.50,50.00,100.00,0.00
2026-05-16T08:57:34.452274,50.00,50.00,100.00,10.00
2026-05-16T08:57:34.554740,44.40,44.40,100.00,0.00
2026-05-16T08:57:34.657345,44.40,44.40,100.00,10.00
2026-05-16T08:57:34.759962,44.40,44.40,100.00,10.00
2026-05-16T08:57:34.862774,54.50,45.50,100.00,10.00
2026-05-16T08:57:34.965688,37.50,50.00,100.00,10.00
2026-05-16T08:57:35.068383,40.00,44.40,100.00,10.00
2026-05-16T08:57:35.171050,50.00,44.40,100.00,10.00
2026-05-16T08:57:35.273724,44.40,58.30,100.00,0.00
2026-05-16T08:57:35.376608,44.40,33.30,100.00,0.00
2026-05-16T08:57:35.479163,50.00,54.50,100.00,18.20
2026-05-16T08:57:35.581631,50.00,37.50,100.00,10.00
2026-05-16T08:57:35.683947,44.40,50.00,100.00,0.00
2026-05-16T08:57:35.786287,44.40,54.50,100.00,10.00
2026-05-16T08:57:35.888864,50.00,44.40,100.00,0.00
2026-05-16T08:57:35.991604,44.40,54.50,100.00,9.10
2026-05-16T08:57:36.094219,50.00,44.40,100.00,11.10
2026-05-16T08:57:36.196794,37.50,37.50,100.00,10.00
2026-05-16T08:57:36.299284,54.50,54.50,100.00,0.00
2026-05-16T08:57:36.402015,44.40,44.40,100.00,0.00
2026-05-16T08:57:36.504543,50.00,44.40,100.00,0.00
2026-05-16T08:57:36.607183,44.40,50.00,100.00,10.00
2026-05-16T08:57:36.709794,50.00,50.00,100.00,10.00
2026-05-16T08:57:36.812085,54.50,50.00,100.00,0.00
2026-05-16T08:57:36.914707,44.40,50.00,100.00,30.00
2026-05-16T08:57:37.017741,50.00,50.00,100.00,0.00
2026-05-16T08:57:37.120737,44.40,54.50,100.00,0.00
2026-05-16T08:57:37.224230,44.40,44.40,100.00,10.00
2026-05-16T08:57:37.326811,50.00,50.00,100.00,0.00
2026-05-16T08:57:37.429607,50.00,45.50,100.00,10.00
2026-05-16T08:57:37.532072,50.00,44.40,100.00,18.20
2026-05-16T08:57:37.634691,54.50,44.40,100.00,0.00
2026-05-16T08:57:37.737211,37.50,44.40,100.00,10.00
2026-05-16T08:57:37.839723,58.30,58.30,100.00,10.00
2026-05-16T08:57:37.942524,60.00,55.60,100.00,0.00
2026-05-16T08:57:38.045341,60.00,54.50,100.00,10.00
2026-05-16T08:57:38.148217,60.00,60.00,100.00,0.00
2026-05-16T08:57:38.250946,50.00,50.00,100.00,18.20
2026-05-16T08:57:38.353963,63.60,63.60,100.00,0.00
2026-05-16T08:57:38.456530,55.60,50.00,100.00,10.00
2026-05-16T08:57:38.559418,50.00,55.60,100.00,0.00
2026-05-16T08:57:38.662049,63.60,54.50,100.00,11.10
2026-05-16T08:57:38.765028,55.60,63.60,100.00,18.20
2026-05-16T08:57:38.867593,55.60,50.00,100.00,0.00
2026-05-16T08:57:38.970303,58.30,55.60,100.00,0.00
2026-05-16T08:57:39.073608,60.00,50.00,100.00,10.00
2026-05-16T08:57:39.176673,60.00,60.00,100.00,0.00
2026-05-16T08:57:39.279601,54.50,58.30,100.00,0.00
2026-05-16T08:57:39.382143,60.00,50.00,100.00,10.00
2026-05-16T08:57:39.484735,63.60,63.60,100.00,10.00
2026-05-16T08:57:39.587521,55.60,54.50,100.00,0.00
2026-05-16T08:57:39.690071,50.00,55.60,100.00,10.00
2026-05-16T08:57:39.792597,55.60,54.50,100.00,10.00
2026-05-16T08:57:39.895404,54.50,55.60,100.00,0.00
2026-05-16T08:57:39.998007,55.60,50.00,100.00,18.20
2026-05-16T08:57:40.100744,60.00,54.50,100.00,0.00
2026-05-16T08:57:40.203433,63.60,66.70,100.00,18.20
2026-05-16T08:57:40.306049,54.50,50.00,100.00,0.00
2026-05-16T08:57:40.408954,60.00,54.50,100.00,10.00
2026-05-16T08:57:40.511906,63.60,55.60,100.00,0.00
2026-05-16T08:57:40.614568,55.60,54.50,100.00,11.10
2026-05-16T08:57:40.717324,54.50,55.60,100.00,10.00
2026-05-16T08:57:40.820578,60.00,58.30,100.00,0.00
2026-05-16T08:57:40.923139,50.00,55.60,100.00,0.00
2026-05-16T08:57:41.025782,44.40,44.40,100.00,0.00
2026-05-16T08:57:41.128178,55.60,54.50,100.00,18.20
2026-05-16T08:57:41.231446,58.30,50.00,100.00,0.00
2026-05-16T08:57:41.334394,60.00,55.60,100.00,10.00
2026-05-16T08:57:41.436949,54.50,54.50,100.00,11.10
2026-05-16T08:57:41.539724,60.00,60.00,100.00,0.00
2026-05-16T08:57:41.642615,50.00,50.00,100.00,10.00
2026-05-16T08:57:41.745541,63.60,50.00,100.00,11.10
2026-05-16T08:57:41.848215,77.80,81.80,100.00,10.00
2026-05-16T08:57:41.951311,83.30,72.70,100.00,0.00
2026-05-16T08:57:42.055008,72.70,77.80,100.00,20.00
2026-05-16T08:57:42.158023,81.80,75.00,100.00,0.00
2026-05-16T08:57:42.261316,80.00,77.80,100.00,20.00
2026-05-16T08:57:42.364144,80.00,70.00,100.00,0.00
2026-05-16T08:57:42.467349,81.80,80.00,100.00,10.00
2026-05-16T08:57:42.570450,77.80,72.70,100.00,11.10
2026-05-16T08:57:42.673497,80.00,80.00,100.00,11.10
2026-05-16T08:57:42.776405,72.70,72.70,100.00,18.20
2026-05-16T08:57:42.879447,81.80,70.00,100.00,0.00
2026-05-16T08:57:42.982409,81.80,81.80,100.00,11.10
2026-05-16T08:57:43.085073,80.00,72.70,100.00,0.00
2026-05-16T08:57:43.188040,72.70,80.00,100.00,0.00
2026-05-16T08:57:43.290851,80.00,72.70,100.00,20.00
2026-05-16T08:57:43.394422,81.80,77.80,100.00,0.00
2026-05-16T08:57:43.497115,75.00,75.00,100.00,11.10
2026-05-16T08:57:43.600094,83.30,80.00,100.00,11.10
2026-05-16T08:57:43.703358,80.00,72.70,100.00,11.10
2026-05-16T08:57:43.806529,83.30,80.00,100.00,0.00
2026-05-16T08:57:43.909474,77.80,72.70,100.00,11.10
2026-05-16T08:57:44.012582,83.30,70.00,100.00,11.10
2026-05-16T08:57:44.115504,80.00,80.00,100.00,11.10
2026-05-16T08:57:44.218382,81.80,75.00,100.00,0.00
2026-05-16T08:57:44.321732,81.80,80.00,100.00,10.00
2026-05-16T08:57:44.424614,75.00,72.70,100.00,11.10
2026-05-16T08:57:44.527433,80.00,80.00,100.00,11.10
2026-05-16T08:57:44.630168,80.00,70.00,100.00,10.00
2026-05-16T08:57:44.733069,75.00,72.70,100.00,11.10
2026-05-16T08:57:44.836400,80.00,72.70,100.00,11.10
2026-05-16T08:57:44.939521,83.30,81.80,100.00,10.00
2026-05-16T08:57:45.042449,70.00,70.00,100.00,11.10
2026-05-16T08:57:45.145619,80.00,75.00,100.00,0.00
2026-05-16T08:57:45.248533,70.00,70.00,100.00,20.00
2026-05-16T08:57:45.351374,81.80,72.70,100.00,0.00
2026-05-16T08:57:45.454414,81.80,80.00,100.00,11.10
2026-05-16T08:57:45.557652,81.80,72.70,100.00,0.00
2026-05-16T08:57:45.660980,75.00,80.00,100.00,11.10
2026-05-16T08:57:45.763410,66.70,63.60,100.00,20.00
2026-05-16T08:57:45.866104,0.00,11.10,100.00,0.00
2026-05-16T08:57:45.968227,20.00,12.50,100.00,0.00
2026-05-16T08:57:46.071008,12.50,0.00,100.00,0.00
2026-05-16T08:57:46.173535,12.50,20.00,100.00,0.00
2026-05-16T08:57:46.276034,11.10,12.50,100.00,0.00
2026-05-16T08:57:46.378505,12.50,22.20,100.00,0.00
2026-05-16T08:57:46.480965,20.00,20.00,100.00,10.00
2026-05-16T08:57:46.583599,12.50,0.00,100.00,0.00
2026-05-16T08:57:46.685605,11.10,12.50,100.00,10.00
2026-05-16T08:57:46.787901,12.50,11.10,100.00,0.00
2026-05-16T08:57:46.890164,0.00,0.00,100.00,0.00
2026-05-16T08:57:46.992926,30.00,22.20,100.00,0.00
2026-05-16T08:57:47.095393,12.50,12.50,100.00,0.00
2026-05-16T08:57:47.197862,27.30,0.00,100.00,0.00
2026-05-16T08:57:47.300077,0.00,22.20,100.00,16.70
2026-05-16T08:57:47.402391,11.10,20.00,100.00,0.00
2026-05-16T08:57:47.504580,20.00,0.00,100.00,0.00
2026-05-16T08:57:47.606778,0.00,12.50,100.00,0.00
2026-05-16T08:57:47.709117,12.50,12.50,100.00,9.10
2026-05-16T08:57:47.811888,20.00,0.00,100.00,0.00
2026-05-16T08:57:47.914652,12.50,22.20,100.00,0.00
2026-05-16T08:57:48.017061,20.00,22.20,100.00,0.00
2026-05-16T08:57:48.119491,12.50,0.00,100.00,0.00
2026-05-16T08:57:48.221983,12.50,12.50,100.00,0.00
2026-05-16T08:57:48.324607,11.10,12.50,100.00,0.00
2026-05-16T08:57:48.427577,12.50,12.50,100.00,0.00
2026-05-16T08:57:48.529874,20.00,22.20,100.00,9.10
2026-05-16T08:57:48.632462,12.50,11.10,100.00,0.00
2026-05-16T08:57:48.735141,11.10,12.50,100.00,0.00
2026-05-16T08:57:48.837447,12.50,12.50,100.00,0.00
2026-05-16T08:57:48.939651,0.00,0.00,100.00,0.00
2026-05-16T08:57:49.042103,22.20,20.00,100.00,0.00
2026-05-16T08:57:49.144516,20.00,22.20,100.00,0.00
2026-05-16T08:57:49.246879,12.50,0.00,100.00,10.00
2026-05-16T08:57:49.349220,11.10,22.20,100.00,0.00
2026-05-16T08:57:49.451686,0.00,0.00,100.00,0.00
2026-05-16T08:57:49.553914,11.10,22.20,100.00,0.00
2026-05-16T08:57:49.656161,12.50,12.50,100.00,10.00
2026-05-16T08:57:49.759030,40.00,40.00,100.00,10.00
2026-05-16T08:57:49.862109,90.00,90.00,100.00,0.00
2026-05-16T08:57:49.965491,90.00,90.00,100.00,27.30
2026-05-16T08:57:50.068777,90.00,90.00,100.00,0.00
2026-05-16T08:57:50.171652,90.90,90.90,100.00,11.10
2026-05-16T08:57:50.274572,90.90,90.00,100.00,11.10
2026-05-16T08:57:50.377941,90.00,81.80,100.00,11.10
2026-05-16T08:57:50.481238,90.00,90.00,100.00,0.00
2026-05-16T08:57:50.584660,90.90,90.00,100.00,20.00
2026-05-16T08:57:50.750683,93.80,88.90,100.00,43.80
2026-05-16T08:57:50.854387,72.70,77.80,83.30,0.00
2026-05-16T08:57:50.957816,81.80,72.70,83.30,11.10
2026-05-16T08:57:51.062053,70.00,83.30,90.90,11.10
2026-05-16T08:57:51.165169,81.80,72.70,81.80,0.00
2026-05-16T08:57:51.268724,77.80,80.00,90.90,27.30
2026-05-16T08:57:51.372016,72.70,72.70,81.80,0.00
2026-05-16T08:57:51.475194,75.00,83.30,81.80,11.10
2026-05-16T08:57:51.578197,70.00,70.00,80.00,0.00
2026-05-16T08:57:51.681617,72.70,72.70,84.60,0.00
2026-05-16T08:57:51.785052,80.00,75.00,80.00,27.30
2026-05-16T08:57:51.887875,72.70,75.00,90.90,12.50
2026-05-16T08:57:51.991153,70.00,83.30,83.30,0.00
2026-05-16T08:57:52.094392,81.80,66.70,80.00,11.10
2026-05-16T08:57:52.198424,72.70,75.00,83.30,11.10
2026-05-16T08:57:52.301717,72.70,72.70,81.80,22.20
2026-05-16T08:57:52.404782,72.70,80.00,90.90,11.10
2026-05-16T08:57:52.507817,81.80,72.70,81.80,20.00
2026-05-16T08:57:52.611705,70.00,72.70,75.00,11.10
2026-05-16T08:57:52.715878,70.00,80.00,90.00,0.00
2026-05-16T08:57:52.818718,75.00,70.00,83.30,0.00
2026-05-16T08:57:52.921861,77.80,70.00,81.80,11.10
2026-05-16T08:57:53.024718,70.00,70.00,83.30,27.30
2026-05-16T08:57:53.127753,75.00,81.80,83.30,0.00
2026-05-16T08:57:53.231196,77.80,70.00,90.00,11.10
2026-05-16T08:57:53.334655,75.00,83.30,81.80,22.20
2026-05-16T08:57:53.437587,80.00,72.70,81.80,11.10
2026-05-16T08:57:53.540394,70.00,77.80,81.80,11.10
2026-05-16T08:57:53.643872,72.70,72.70,81.80,11.10
2026-05-16T08:57:53.746403,70.00,72.70,81.80,11.10
2026-05-16T08:57:53.848749,33.30,30.00,33.30,10.00
2026-05-16T08:57:53.951180,36.40,25.00,45.50,0.00
2026-05-16T08:57:54.053851,33.30,22.20,25.00,0.00
2026-05-16T08:57:54.156597,22.20,22.20,30.00,0.00
2026-05-16T08:57:54.259008,30.00,40.00,45.50,10.00
2026-05-16T08:57:54.361548,25.00,22.20,33.30,10.00
2026-05-16T08:57:54.464105,12.50,22.20,25.00,0.00
2026-05-16T08:57:54.566440,33.30,33.30,41.70,0.00
2026-05-16T08:57:54.669348,22.20,12.50,25.00,0.00
2026-05-16T08:57:54.772339,25.00,30.00,33.30,0.00
2026-05-16T08:57:54.874990,22.20,33.30,40.00,18.20
2026-05-16T08:57:54.977583,25.00,30.00,33.30,0.00
2026-05-16T08:57:55.080146,36.40,22.20,30.00,10.00
2026-05-16T08:57:55.183083,22.20,33.30,33.30,0.00
2026-05-16T08:57:55.285489,33.30,30.00,33.30,0.00
2026-05-16T08:57:55.388000,33.30,33.30,40.00,0.00
2026-05-16T08:57:55.490706,30.00,22.20,25.00,10.00
2026-05-16T08:57:55.592999,22.20,22.20,30.00,0.00
2026-05-16T08:57:55.695626,33.30,33.30,33.30,10.00
2026-05-16T08:57:55.858368,33.30,33.30,50.00,18.80
2026-05-16T08:57:55.961463,44.40,44.40,100.00,10.00
2026-05-16T08:57:56.064305,50.00,40.00,100.00,10.00
2026-05-16T08:57:56.166973,33.30,33.30,100.00,0.00
2026-05-16T08:57:56.269470,44.40,44.40,100.00,10.00
2026-05-16T08:57:56.372030,45.50,37.50,100.00,0.00
2026-05-16T08:57:56.474459,37.50,45.50,100.00,10.00
2026-05-16T08:57:56.577063,40.00,44.40,100.00,0.00
2026-05-16T08:57:56.679694,37.50,45.50,100.00,10.00
2026-05-16T08:57:56.782153,54.50,44.40,100.00,10.00
2026-05-16T08:57:56.884690,40.00,44.40,100.00,0.00
2026-05-16T08:57:56.987180,50.00,45.50,100.00,11.10
2026-05-16T08:57:57.089754,40.00,44.40,100.00,10.00
2026-05-16T08:57:57.192227,44.40,37.50,100.00,10.00
2026-05-16T08:57:57.294735,44.40,44.40,100.00,20.00
2026-05-16T08:57:57.397167,50.00,45.50,100.00,0.00
2026-05-16T08:57:57.500223,50.00,44.40,100.00,10.00
2026-05-16T08:57:57.602988,40.00,44.40,100.00,0.00
2026-05-16T08:57:57.705658,50.00,40.00,100.00,11.10
2026-05-16T08:57:57.809165,80.00,80.00,100.00,10.00
2026-05-16T08:57:57.969523,100.00,100.00,100.00,38.50
2026-05-16T08:57:58.073364,83.30,88.90,100.00,20.00
2026-05-16T08:57:58.176922,77.80,83.30,90.90,11.10
2026-05-16T08:57:58.280242,75.00,81.80,100.00,0.00
2026-05-16T08:57:58.383800,90.00,83.30,81.80,11.10
2026-05-16T08:57:58.487194,80.00,80.00,90.90,0.00
2026-05-16T08:57:58.591335,80.00,83.30,100.00,12.50
2026-05-16T08:57:58.695036,80.00,81.80,83.30,27.30
2026-05-16T08:57:58.798895,75.00,80.00,90.00,11.10
2026-05-16T08:57:58.902405,80.00,81.80,90.90,12.50
2026-05-16T08:57:59.005777,90.90,81.80,91.70,11.10
2026-05-16T08:57:59.108904,75.00,80.00,90.00,20.00
2026-05-16T08:57:59.212183,80.00,81.80,90.90,12.50
2026-05-16T08:57:59.315681,81.80,90.00,90.90,11.10
2026-05-16T08:57:59.419143,81.80,81.80,90.00,12.50
2026-05-16T08:57:59.522379,80.00,80.00,90.90,11.10
2026-05-16T08:57:59.626609,77.80,81.80,90.90,22.20
2026-05-16T08:57:59.730312,81.80,80.00,91.70,11.10
2026-05-16T08:57:59.833408,81.80,83.30,90.00,22.20
2026-05-16T08:57:59.936483,80.00,88.90,90.90,11.10
2026-05-16T08:58:00.040194,72.70,75.00,83.30,11.10
2026-05-16T08:58:00.143723,80.00,80.00,90.00,11.10
2026-05-16T08:58:00.247122,83.30,80.00,90.00,12.50
2026-05-16T08:58:00.350249,77.80,72.70,90.90,0.00
2026-05-16T08:58:00.453777,81.80,81.80,81.80,20.00
2026-05-16T08:58:00.557359,72.70,81.80,91.70,11.10
2026-05-16T08:58:00.661051,80.00,80.00,81.80,20.00
2026-05-16T08:58:00.764365,81.80,75.00,90.00,12.50
2026-05-16T08:58:00.867232,72.70,80.00,91.70,0.00
2026-05-16T08:58:00.970565,81.80,83.30,81.80,0.00
2026-05-16T08:58:01.073757,81.80,77.80,100.00,20.00
2026-05-16T08:58:01.176854,80.00,80.00,81.80,11.10
2026-05-16T08:58:01.279870,81.80,75.00,91.70,12.50
2026-05-16T08:58:01.383297,72.70,81.80,90.90,11.10
2026-05-16T08:58:01.486712,80.00,80.00,90.90,12.50
2026-05-16T08:58:01.590107,83.30,88.90,91.70,0.00
2026-05-16T08:58:01.697337,81.80,83.30,90.00,12.50
2026-05-16T08:58:01.800231,44.40,33.30,37.50,10.00
2026-05-16T08:58:01.902542,20.00,11.10,27.30,0.00
2026-05-16T08:58:02.004933,0.00,12.50,0.00,0.00
2026-05-16T08:58:02.107423,11.10,11.10,11.10,10.00
2026-05-16T08:58:02.209724,12.50,11.10,12.50,10.00
2026-05-16T08:58:02.312240,20.00,11.10,20.00,0.00
2026-05-16T08:58:02.414728,22.20,0.00,22.20,0.00
2026-05-16T08:58:02.517054,11.10,22.20,0.00,0.00
2026-05-16T08:58:02.619411,0.00,0.00,12.50,0.00
2026-05-16T08:58:02.721587,22.20,0.00,11.10,0.00
2026-05-16T08:58:02.823929,0.00,20.00,12.50,9.10
2026-05-16T08:58:02.926529,20.00,11.10,11.10,0.00
2026-05-16T08:58:03.028746,11.10,0.00,0.00,0.00
2026-05-16T08:58:03.130940,0.00,11.10,12.50,0.00
2026-05-16T08:58:03.233090,20.00,11.10,20.00,10.00
2026-05-16T08:58:03.335324,0.00,11.10,0.00,10.00
2026-05-16T08:58:03.437690,11.10,20.00,20.00,0.00
2026-05-16T08:58:03.539934,11.10,12.50,0.00,0.00
2026-05-16T08:58:03.642354,22.20,11.10,0.00,0.00
2026-05-16T08:58:03.744470,20.00,11.10,22.20,0.00
2026-05-16T08:58:03.899926,16.70,23.10,35.70,21.40
2026-05-16T08:58:04.002338,12.50,0.00,100.00,0.00
2026-05-16T08:58:04.104783,22.20,22.20,100.00,0.00
2026-05-16T08:58:04.207507,0.00,22.20,100.00,0.00
2026-05-16T08:58:04.310155,22.20,30.00,100.00,10.00
2026-05-16T08:58:04.412645,12.50,0.00,100.00,0.00
2026-05-16T08:58:04.515096,30.00,12.50,100.00,9.10
2026-05-16T08:58:04.617428,0.00,12.50,100.00,0.00
2026-05-16T08:58:04.719721,12.50,22.20,100.00,0.00
2026-05-16T08:58:04.822328,30.00,22.20,100.00,0.00
2026-05-16T08:58:04.924960,0.00,12.50,100.00,0.00
2026-05-16T08:58:05.027677,22.20,12.50,100.00,0.00
2026-05-16T08:58:05.130172,12.50,22.20,100.00,10.00
2026-05-16T08:58:05.232722,22.20,22.20,100.00,10.00
2026-05-16T08:58:05.335042,22.20,12.50,100.00,0.00
2026-05-16T08:58:05.437448,11.10,12.50,100.00,0.00
2026-05-16T08:58:05.540051,30.00,12.50,100.00,0.00
2026-05-16T08:58:05.642623,0.00,12.50,100.00,0.00
2026-05-16T08:58:05.745546,12.50,33.30,100.00,0.00
2026-05-16T08:58:05.848445,80.00,66.70,100.00,10.00
2026-05-16T08:58:05.951331,72.70,77.80,100.00,11.10
2026-05-16T08:58:06.054227,80.00,75.00,100.00,0.00
2026-05-16T08:58:06.157180,77.80,70.00,100.00,10.00
2026-05-16T08:58:06.260094,72.70,70.00,100.00,11.10
2026-05-16T08:58:06.362948,72.70,70.00,100.00,10.00
2026-05-16T08:58:06.466117,83.30,72.70,100.00,0.00
2026-05-16T08:58:06.569112,72.70,70.00,100.00,11.10
2026-05-16T08:58:06.671926,77.80,72.70,100.00,18.20
2026-05-16T08:58:06.775119,75.00,80.00,100.00,11.10
2026-05-16T08:58:06.878822,80.00,70.00,100.00,11.10
2026-05-16T08:58:06.981641,80.00,75.00,100.00,30.00
2026-05-16T08:58:07.084357,70.00,77.80,100.00,0.00
2026-05-16T08:58:07.187135,72.70,72.70,100.00,20.00
2026-05-16T08:58:07.290312,81.80,72.70,100.00,11.10
2026-05-16T08:58:07.393423,80.00,72.70,100.00,11.10
2026-05-16T08:58:07.496191,70.00,72.70,100.00,0.00
2026-05-16T08:58:07.599305,80.00,77.80,100.00,0.00
2026-05-16T08:58:07.702018,75.00,70.00,100.00,20.00
2026-05-16T08:58:07.804950,72.70,63.60,100.00,11.10
2026-05-16T08:58:07.907833,81.80,72.70,100.00,0.00
2026-05-16T08:58:08.010849,72.70,80.00,100.00,0.00
2026-05-16T08:58:08.113637,80.00,70.00,100.00,10.00
2026-05-16T08:58:08.216596,80.00,75.00,100.00,11.10
2026-05-16T08:58:08.319540,75.00,70.00,100.00,0.00
2026-05-16T08:58:08.422062,72.70,72.70,100.00,0.00
2026-05-16T08:58:08.525593,81.80,72.70,100.00,11.10
2026-05-16T08:58:08.628460,80.00,77.80,100.00,10.00
2026-05-16T08:58:08.731226,75.00,72.70,100.00,11.10
2026-05-16T08:58:08.834688,80.00,72.70,100.00,0.00
2026-05-16T08:58:08.937394,70.00,72.70,100.00,18.20
2026-05-16T08:58:09.040142,72.70,70.00,100.00,0.00
2026-05-16T08:58:09.142935,72.70,66.70,100.00,11.10
2026-05-16T08:58:09.246419,83.30,75.00,100.00,0.00
2026-05-16T08:58:09.349507,66.70,72.70,100.00,0.00
2026-05-16T08:58:09.452424,81.80,70.00,100.00,27.30
2026-05-16T08:58:09.555746,70.00,72.70,100.00,0.00
2026-05-16T08:58:09.658812,80.00,70.00,100.00,0.00
2026-05-16T08:58:09.762086,81.80,81.80,100.00,11.10
2026-05-16T08:58:09.922381,94.10,93.80,100.00,28.60
2026-05-16T08:58:10.025162,72.70,80.00,83.30,12.50
2026-05-16T08:58:10.128459,81.80,72.70,81.80,0.00
2026-05-16T08:58:10.231607,70.00,83.30,81.80,20.00
2026-05-16T08:58:10.335151,70.00,70.00,80.00,11.10
2026-05-16T08:58:10.439108,81.80,70.00,84.60,0.00
2026-05-16T08:58:10.542214,75.00,80.00,90.90,11.10
2026-05-16T08:58:10.646105,66.70,66.70,77.80,11.10
2026-05-16T08:58:10.749918,77.80,80.00,81.80,20.00
2026-05-16T08:58:10.853148,72.70,80.00,81.80,22.20
2026-05-16T08:58:10.957122,75.00,72.70,83.30,0.00
2026-05-16T08:58:11.061514,77.80,83.30,90.90,11.10
2026-05-16T08:58:11.164805,75.00,77.80,83.30,11.10
2026-05-16T08:58:11.267842,80.00,72.70,83.30,30.00
2026-05-16T08:58:11.371611,70.00,81.80,80.00,0.00
2026-05-16T08:58:11.474616,70.00,75.00,83.30,11.10
2026-05-16T08:58:11.578026,80.00,72.70,90.90,11.10
2026-05-16T08:58:11.680995,72.70,80.00,81.80,11.10
2026-05-16T08:58:11.783988,72.70,70.00,81.80,11.10
2026-05-16T08:58:11.887207,80.00,72.70,83.30,20.00
2026-05-16T08:58:11.990366,72.70,80.00,81.80,0.00
2026-05-16T08:58:12.093607,72.70,70.00,83.30,10.00
2026-05-16T08:58:12.196679,80.00,72.70,80.00,22.20
2026-05-16T08:58:12.300012,75.00,80.00,85.70,11.10
2026-05-16T08:58:12.403325,77.80,72.70,88.90,0.00
2026-05-16T08:58:12.506808,70.00,75.00,81.80,12.50
2026-05-16T08:58:12.610103,81.80,80.00,83.30,11.10
2026-05-16T08:58:12.713659,72.70,75.00,80.00,11.10
2026-05-16T08:58:12.816879,75.00,77.80,90.00,11.10
2026-05-16T08:58:12.920250,75.00,81.80,84.60,12.50
2026-05-16T08:58:13.023823,75.00,72.70,81.80,11.10
2026-05-16T08:58:13.126810,80.00,72.70,81.80,0.00
2026-05-16T08:58:13.229902,70.00,72.70,81.80,30.00
2026-05-16T08:58:13.332782,70.00,77.80,83.30,11.10
2026-05-16T08:58:13.435686,80.00,72.70,90.00,0.00
2026-05-16T08:58:13.538542,72.70,77.80,83.30,11.10
2026-05-16T08:58:13.641946,77.80,75.00,81.80,0.00
2026-05-16T08:58:13.745467,72.70,81.80,90.90,30.00
2026-05-16T08:58:13.849396,81.80,80.00,90.00,11.10
2026-05-16T08:58:13.953365,80.00,81.80,90.90,11.10
2026-05-16T08:58:14.057277,80.00,77.80,90.90,11.10
2026-05-16T08:58:14.160840,77.80,84.60,83.30,0.00
2026-05-16T08:58:14.264002,81.80,80.00,90.90,11.10
2026-05-16T08:58:14.367164,72.70,70.00,81.80,20.00
2026-05-16T08:58:14.470567,83.30,83.30,90.90,0.00
2026-05-16T08:58:14.574520,81.80,83.30,90.90,12.50
2026-05-16T08:58:14.678225,75.00,80.00,90.90,0.00
2026-05-16T08:58:14.781374,83.30,70.00,80.00,11.10
2026-05-16T08:58:14.885009,75.00,81.80,91.70,22.20
2026-05-16T08:58:14.987994,80.00,90.00,90.00,0.00
2026-05-16T08:58:15.091501,90.00,83.30,90.00,11.10
2026-05-16T08:58:15.195905,80.00,72.70,91.70,20.00
2026-05-16T08:58:15.299158,76.90,90.00,90.90,12.50
2026-05-16T08:58:15.402293,77.80,81.80,90.90,11.10
2026-05-16T08:58:15.505047,81.80,72.70,81.80,0.00
2026-05-16T08:58:15.608212,80.00,80.00,90.90,12.50
2026-05-16T08:58:15.712031,70.00,72.70,90.90,11.10
2026-05-16T08:58:15.815329,80.00,80.00,90.00,11.10
2026-05-16T08:58:15.918431,81.80,81.80,83.30,11.10
2026-05-16T08:58:16.021970,81.80,80.00,90.90,12.50
2026-05-16T08:58:16.126329,80.00,83.30,90.00,0.00
2026-05-16T08:58:16.229452,77.80,80.00,90.90,11.10
2026-05-16T08:58:16.332720,81.80,81.80,90.90,0.00
2026-05-16T08:58:16.435952,80.00,81.80,90.00,20.00
2026-05-16T08:58:16.539144,70.00,81.80,90.00,11.10
2026-05-16T08:58:16.642409,81.80,80.00,84.60,0.00
2026-05-16T08:58:16.745468,81.80,81.80,90.00,0.00
2026-05-16T08:58:16.848494,81.80,72.70,90.90,20.00
2026-05-16T08:58:16.953167,77.80,81.80,90.00,11.10
2026-05-16T08:58:17.056687,81.80,77.80,91.70,25.00
2026-05-16T08:58:17.159797,81.80,83.30,90.00,0.00
2026-05-16T08:58:17.262942,81.80,80.00,90.90,22.20
2026-05-16T08:58:17.366361,80.00,83.30,90.90,11.10
2026-05-16T08:58:17.469518,80.00,75.00,90.90,0.00
2026-05-16T08:58:17.572458,72.70,80.00,81.80,11.10
2026-05-16T08:58:17.675593,80.00,81.80,91.70,12.50
2026-05-16T08:58:17.778343,63.60,60.00,70.00,20.00
2026-05-16T08:58:17.881030,37.50,40.00,44.40,10.00
2026-05-16T08:58:17.983726,40.00,44.40,50.00,10.00
2026-05-16T08:58:18.086171,45.50,33.30,50.00,0.00
2026-05-16T08:58:18.188817,50.00,45.50,50.00,0.00
2026-05-16T08:58:18.291372,40.00,33.30,45.50,10.00
2026-05-16T08:58:18.394171,50.00,40.00,50.00,0.00
2026-05-16T08:58:18.496991,40.00,40.00,54.50,18.20
2026-05-16T08:58:18.599994,45.50,50.00,50.00,0.00
2026-05-16T08:58:18.702937,44.40,50.00,50.00,10.00
2026-05-16T08:58:18.805529,40.00,33.30,50.00,0.00
2026-05-16T08:58:18.908116,45.50,44.40,44.40,11.10
2026-05-16T08:58:19.010854,44.40,33.30,54.50,18.20
2026-05-16T08:58:19.113189,40.00,50.00,50.00,0.00
2026-05-16T08:58:19.215888,37.50,25.00,45.50,0.00
2026-05-16T08:58:19.319008,50.00,40.00,54.50,11.10
2026-05-16T08:58:19.422113,44.40,54.50,44.40,0.00
2026-05-16T08:58:19.524637,33.30,25.00,50.00,0.00
2026-05-16T08:58:19.627038,50.00,44.40,50.00,10.00
2026-05-16T08:58:19.730078,33.30,40.00,54.50,20.00
2026-05-16T08:58:19.832529,50.00,40.00,40.00,0.00
2026-05-16T08:58:19.935014,40.00,33.30,58.30,10.00
2026-05-16T08:58:20.037841,40.00,33.30,37.50,0.00
2026-05-16T08:58:20.140451,44.40,40.00,50.00,0.00
2026-05-16T08:58:20.243146,33.30,44.40,54.50,18.20
2026-05-16T08:58:20.346168,40.00,40.00,50.00,0.00
2026-05-16T08:58:20.448864,37.50,33.30,44.40,0.00
2026-05-16T08:58:20.551370,45.50,40.00,50.00,0.00
2026-05-16T08:58:20.654073,45.50,44.40,50.00,18.20
2026-05-16T08:58:20.757006,37.50,25.00,54.50,10.00
2026-05-16T08:58:20.859814,33.30,45.50,50.00,10.00
2026-05-16T08:58:20.962376,45.50,25.00,50.00,0.00
2026-05-16T08:58:21.065008,44.40,50.00,40.00,0.00
2026-05-16T08:58:21.167544,40.00,40.00,58.30,0.00
2026-05-16T08:58:21.270378,44.40,33.30,44.40,11.10
2026-05-16T08:58:21.372902,40.00,44.40,58.30,10.00
2026-05-16T08:58:21.475208,44.40,40.00,44.40,10.00
2026-05-16T08:58:21.578108,45.50,45.50,44.40,0.00
2026-05-16T08:58:21.680749,40.00,40.00,54.50,0.00
2026-05-16T08:58:21.783591,60.00,60.00,60.00,11.10
2026-05-16T08:58:21.886818,72.70,72.70,83.30,20.00
2026-05-16T08:58:21.990093,81.80,81.80,90.90,22.20
2026-05-16T08:58:22.093720,80.00,80.00,88.90,30.00
2026-05-16T08:58:22.196822,80.00,81.80,83.30,22.20
2026-05-16T08:58:22.300562,80.00,77.80,90.00,0.00
2026-05-16T08:58:22.403587,83.30,75.00,91.70,20.00
2026-05-16T08:58:22.506823,75.00,80.00,90.00,0.00
2026-05-16T08:58:22.609929,81.80,80.00,90.90,12.50
2026-05-16T08:58:22.712880,80.00,80.00,90.90,11.10
2026-05-16T08:58:22.815961,80.00,81.80,90.90,22.20
2026-05-16T08:58:22.919519,80.00,81.80,81.80,11.10
2026-05-16T08:58:23.022862,80.00,80.00,90.90,11.10
2026-05-16T08:58:23.126563,80.00,81.80,90.00,0.00
2026-05-16T08:58:23.230203,72.70,70.00,83.30,22.20
2026-05-16T08:58:23.333401,80.00,81.80,91.70,11.10
2026-05-16T08:58:23.436893,70.00,72.70,80.00,0.00
2026-05-16T08:58:23.540112,81.80,80.00,90.90,11.10
2026-05-16T08:58:23.643675,80.00,83.30,83.30,22.20
2026-05-16T08:58:23.747211,72.70,72.70,90.90,27.30
2026-05-16T08:58:23.850950,77.80,77.80,81.80,11.10
2026-05-16T08:58:23.954431,75.00,75.00,84.60,0.00
2026-05-16T08:58:24.057881,72.70,80.00,90.90,11.10
2026-05-16T08:58:24.161220,77.80,72.70,90.00,22.20
2026-05-16T08:58:24.264660,80.00,80.00,81.80,11.10
2026-05-16T08:58:24.367999,76.90,81.80,91.70,11.10
2026-05-16T08:58:24.470987,70.00,70.00,81.80,11.10
2026-05-16T08:58:24.574054,77.80,72.70,80.00,11.10
2026-05-16T08:58:24.677612,75.00,80.00,90.90,12.50
2026-05-16T08:58:24.781395,81.80,70.00,84.60,11.10
2026-05-16T08:58:24.884858,75.00,81.80,90.00,11.10
2026-05-16T08:58:24.988174,75.00,75.00,90.90,0.00
2026-05-16T08:58:25.091212,80.00,77.80,81.80,11.10
2026-05-16T08:58:25.194351,77.80,81.80,81.80,11.10
2026-05-16T08:58:25.297627,72.70,72.70,83.30,12.50
2026-05-16T08:58:25.400757,72.70,72.70,90.00,0.00
2026-05-16T08:58:25.504144,80.00,80.00,83.30,20.00
2026-05-16T08:58:25.608499,80.00,81.80,91.70,11.10
2026-05-16T08:58:25.711833,80.00,72.70,88.90,12.50
2026-05-16T08:58:25.814461,54.50,63.60,63.60,10.00
2026-05-16T08:58:25.917183,50.00,40.00,54.50,0.00
2026-05-16T08:58:26.020278,33.30,50.00,50.00,0.00
2026-05-16T08:58:26.122993,54.50,37.50,58.30,10.00
2026-05-16T08:58:26.225718,50.00,50.00,55.60,10.00
2026-05-16T08:58:26.328138,50.00,50.00,58.30,0.00
2026-05-16T08:58:26.430999,50.00,37.50,54.50,0.00
2026-05-16T08:58:26.534062,44.40,45.50,60.00,10.00
2026-05-16T08:58:26.636833,54.50,44.40,54.50,18.20
2026-05-16T08:58:26.739173,50.00,54.50,50.00,0.00
2026-05-16T08:58:26.841938,44.40,50.00,55.60,0.00
2026-05-16T08:58:26.944589,50.00,45.50,50.00,0.00
2026-05-16T08:58:27.047386,50.00,54.50,58.30,20.00
2026-05-16T08:58:27.150107,54.50,44.40,54.50,0.00
2026-05-16T08:58:27.253012,44.40,50.00,63.60,18.20
2026-05-16T08:58:27.355963,50.00,40.00,58.30,0.00
2026-05-16T08:58:27.458797,50.00,44.40,50.00,0.00
2026-05-16T08:58:27.562185,50.00,54.50,54.50,0.00
2026-05-16T08:58:27.665201,45.50,40.00,60.00,0.00
2026-05-16T08:58:27.768026,44.40,37.50,54.50,18.20
2026-05-16T08:58:27.870696,50.00,54.50,54.50,0.00
2026-05-16T08:58:27.973825,54.50,45.50,60.00,0.00
2026-05-16T08:58:28.076481,44.40,44.40,54.50,18.20
2026-05-16T08:58:28.179197,50.00,50.00,58.30,0.00
2026-05-16T08:58:28.281845,50.00,45.50,50.00,0.00
2026-05-16T08:58:28.384446,44.40,37.50,55.60,0.00
2026-05-16T08:58:28.487324,50.00,44.40,54.50,20.00
2026-05-16T08:58:28.590824,50.00,50.00,54.50,18.20
2026-05-16T08:58:28.694007,44.40,37.50,58.30,0.00
2026-05-16T08:58:28.796701,50.00,50.00,60.00,11.10
2026-05-16T08:58:28.899241,50.00,50.00,54.50,18.20
2026-05-16T08:58:29.002442,40.00,40.00,55.60,0.00
2026-05-16T08:58:29.105172,50.00,54.50,54.50,10.00
2026-05-16T08:58:29.207982,50.00,37.50,58.30,10.00
2026-05-16T08:58:29.311048,50.00,45.50,60.00,11.10
2026-05-16T08:58:29.413822,54.50,44.40,50.00,0.00
2026-05-16T08:58:29.516711,44.40,44.40,54.50,11.10
2026-05-16T08:58:29.619079,50.00,40.00,54.50,10.00
2026-05-16T08:58:29.722049,50.00,50.00,50.00,11.10
2026-05-16T08:58:29.824274,10.00,11.10,20.00,0.00
2026-05-16T08:58:29.926422,0.00,0.00,0.00,0.00
2026-05-16T08:58:30.028441,0.00,0.00,0.00,0.00
2026-05-16T08:58:30.130524,0.00,0.00,0.00,10.00
2026-05-16T08:58:30.232641,10.00,0.00,0.00,0.00
2026-05-16T08:58:30.334814,0.00,10.00,0.00,0.00
2026-05-16T08:58:30.437022,0.00,10.00,0.00,0.00
2026-05-16T08:58:30.539130,0.00,0.00,0.00,0.00
2026-05-16T08:58:30.641376,10.00,0.00,0.00,0.00
2026-05-16T08:58:30.743653,0.00,0.00,0.00,0.00
2026-05-16T08:58:30.845709,0.00,0.00,0.00,0.00
2026-05-16T08:58:30.947787,20.00,0.00,0.00,0.00
2026-05-16T08:58:31.049836,10.00,0.00,11.10,0.00
2026-05-16T08:58:31.151999,0.00,0.00,0.00,10.00
2026-05-16T08:58:31.254131,0.00,0.00,0.00,0.00
2026-05-16T08:58:31.356169,0.00,0.00,10.00,0.00
2026-05-16T08:58:31.458498,10.00,11.10,0.00,0.00
2026-05-16T08:58:31.560806,0.00,10.00,0.00,0.00
2026-05-16T08:58:31.662876,0.00,0.00,10.00,9.10
2026-05-16T08:58:31.824144,14.30,14.30,28.60,13.30
2026-05-16T08:58:31.926284,18.20,11.10,100.00,0.00
2026-05-16T08:58:32.028611,11.10,0.00,100.00,0.00
2026-05-16T08:58:32.130677,20.00,0.00,100.00,9.10
2026-05-16T08:58:32.232991,18.20,0.00,100.00,0.00
2026-05-16T08:58:32.335577,11.10,0.00,100.00,0.00
2026-05-16T08:58:32.437977,10.00,11.10,100.00,0.00
2026-05-16T08:58:32.540673,20.00,0.00,100.00,9.10
2026-05-16T08:58:32.642995,11.10,10.00,100.00,0.00
2026-05-16T08:58:32.745303,10.00,11.10,100.00,0.00
2026-05-16T08:58:32.847399,0.00,0.00,100.00,0.00
2026-05-16T08:58:32.949467,0.00,11.10,100.00,0.00
2026-05-16T08:58:33.051448,11.10,0.00,100.00,0.00
2026-05-16T08:58:33.153573,0.00,0.00,100.00,0.00
2026-05-16T08:58:33.255685,10.00,18.20,100.00,0.00
2026-05-16T08:58:33.357857,11.10,0.00,100.00,0.00
2026-05-16T08:58:33.459922,0.00,0.00,100.00,0.00
2026-05-16T08:58:33.562385,20.00,20.00,100.00,0.00
2026-05-16T08:58:33.664798,0.00,11.10,100.00,0.00
2026-05-16T08:58:33.767704,20.00,22.20,100.00,9.10
2026-05-16T08:58:33.870197,60.00,50.00,100.00,11.10
2026-05-16T08:58:33.973891,60.00,63.60,100.00,10.00
2026-05-16T08:58:34.076966,63.60,60.00,100.00,0.00
2026-05-16T08:58:34.179890,60.00,58.30,100.00,0.00
2026-05-16T08:58:34.282682,63.60,50.00,100.00,10.00
2026-05-16T08:58:34.385211,55.60,54.50,100.00,0.00
2026-05-16T08:58:34.488460,60.00,63.60,100.00,20.00
2026-05-16T08:58:34.591100,58.30,60.00,100.00,0.00
2026-05-16T08:58:34.694245,55.60,50.00,100.00,10.00
2026-05-16T08:58:34.796920,55.60,60.00,100.00,10.00
2026-05-16T08:58:34.899630,50.00,54.50,100.00,20.00
2026-05-16T08:58:35.002203,60.00,55.60,100.00,0.00
2026-05-16T08:58:35.104595,55.60,55.60,100.00,0.00
2026-05-16T08:58:35.207072,50.00,54.50,100.00,0.00
2026-05-16T08:58:35.309737,63.60,63.60,100.00,11.10
2026-05-16T08:58:35.412177,60.00,50.00,100.00,11.10
2026-05-16T08:58:35.514947,60.00,60.00,100.00,0.00
2026-05-16T08:58:35.617794,50.00,60.00,100.00,10.00
2026-05-16T08:58:35.720557,63.60,60.00,100.00,20.00
2026-05-16T08:58:35.823430,50.00,54.50,100.00,0.00
2026-05-16T08:58:35.925959,60.00,60.00,100.00,20.00
2026-05-16T08:58:36.028622,55.60,54.50,100.00,0.00
2026-05-16T08:58:36.131345,50.00,55.60,100.00,0.00
2026-05-16T08:58:36.234131,63.60,60.00,100.00,10.00
2026-05-16T08:58:36.336939,63.60,54.50,100.00,0.00
2026-05-16T08:58:36.439611,55.60,63.60,100.00,0.00
2026-05-16T08:58:36.542376,55.60,50.00,100.00,10.00
2026-05-16T08:58:36.645303,58.30,60.00,100.00,10.00
2026-05-16T08:58:36.747809,55.60,54.50,100.00,0.00
2026-05-16T08:58:36.850180,60.00,55.60,100.00,10.00
2026-05-16T08:58:36.952796,55.60,50.00,100.00,0.00
2026-05-16T08:58:37.055660,55.60,60.00,100.00,27.30
2026-05-16T08:58:37.158151,54.50,60.00,100.00,0.00
2026-05-16T08:58:37.261393,54.50,50.00,100.00,20.00
2026-05-16T08:58:37.364141,60.00,54.50,100.00,0.00
2026-05-16T08:58:37.467355,60.00,60.00,100.00,10.00
2026-05-16T08:58:37.570526,55.60,60.00,100.00,10.00
2026-05-16T08:58:37.673402,63.60,54.50,100.00,0.00
2026-05-16T08:58:37.775916,37.50,50.00,100.00,10.00
2026-05-16T08:58:37.878453,40.00,40.00,100.00,18.20
2026-05-16T08:58:37.981629,50.00,37.50,100.00,0.00
2026-05-16T08:58:38.083948,40.00,40.00,100.00,0.00
2026-05-16T08:58:38.187013,37.50,50.00,100.00,0.00
2026-05-16T08:58:38.289965,45.50,33.30,100.00,10.00
2026-05-16T08:58:38.392068,50.00,50.00,100.00,0.00
2026-05-16T08:58:38.494589,40.00,40.00,100.00,0.00
2026-05-16T08:58:38.597328,50.00,44.40,100.00,10.00
2026-05-16T08:58:38.700022,45.50,44.40,100.00,10.00
2026-05-16T08:58:38.802594,44.40,40.00,100.00,0.00
2026-05-16T08:58:38.905207,50.00,50.00,100.00,10.00
2026-05-16T08:58:39.007842,33.30,44.40,100.00,0.00
2026-05-16T08:58:39.110228,54.50,44.40,100.00,18.20
2026-05-16T08:58:39.212836,40.00,40.00,100.00,0.00
2026-05-16T08:58:39.315167,37.50,37.50,100.00,10.00
2026-05-16T08:58:39.417872,40.00,45.50,100.00,10.00
2026-05-16T08:58:39.520598,44.40,37.50,100.00,10.00
2026-05-16T08:58:39.623169,55.60,60.00,100.00,33.30
2026-05-16T08:58:39.726087,33.30,40.00,100.00,0.00
2026-05-16T08:58:39.828640,50.00,33.30,100.00,0.00
2026-05-16T08:58:39.930888,25.00,50.00,100.00,0.00
2026-05-16T08:58:40.033443,44.40,44.40,100.00,10.00
2026-05-16T08:58:40.136413,45.50,45.50,100.00,10.00
2026-05-16T08:58:40.238974,37.50,44.40,100.00,0.00
2026-05-16T08:58:40.341543,44.40,44.40,100.00,10.00
2026-05-16T08:58:40.444073,50.00,45.50,100.00,10.00
2026-05-16T08:58:40.546555,44.40,50.00,100.00,0.00
2026-05-16T08:58:40.649356,37.50,50.00,100.00,20.00
2026-05-16T08:58:40.751976,50.00,44.40,100.00,0.00
2026-05-16T08:58:40.854837,45.50,50.00,100.00,0.00
2026-05-16T08:58:40.957211,28.60,40.00,100.00,10.00
2026-05-16T08:58:41.060127,44.40,44.40,100.00,18.20
2026-05-16T08:58:41.162783,44.40,44.40,100.00,0.00
2026-05-16T08:58:41.265459,45.50,44.40,100.00,0.00
2026-05-16T08:58:41.367958,44.40,44.40,100.00,0.00
2026-05-16T08:58:41.470510,25.00,40.00,100.00,10.00
2026-05-16T08:58:41.573167,54.50,44.40,100.00,10.00
2026-05-16T08:58:41.676014,40.00,45.50,100.00,0.00
2026-05-16T08:58:41.778880,55.60,55.60,100.00,10.00
2026-05-16T08:58:41.882083,88.90,81.80,100.00,0.00
2026-05-16T08:58:41.985722,83.30,80.00,100.00,11.10
2026-05-16T08:58:42.088866,88.90,90.90,100.00,0.00
2026-05-16T08:58:42.192052,81.80,81.80,100.00,20.00
2026-05-16T08:58:42.295827,90.00,80.00,100.00,22.20
2026-05-16T08:58:42.399305,90.90,90.90,100.00,0.00
2026-05-16T08:58:42.502028,81.80,81.80,100.00,20.00
2026-05-16T08:58:42.606051,81.80,72.70,100.00,11.10
2026-05-16T08:58:42.709267,90.00,80.00,100.00,0.00
2026-05-16T08:58:42.812305,81.80,90.90,100.00,20.00
2026-05-16T08:58:42.915506,90.90,70.00,100.00,0.00
2026-05-16T08:58:43.018615,77.80,81.80,100.00,18.20
2026-05-16T08:58:43.121552,83.30,81.80,100.00,0.00
2026-05-16T08:58:43.226608,80.00,72.70,100.00,11.10
2026-05-16T08:58:43.329938,81.80,90.00,100.00,11.10
2026-05-16T08:58:43.433067,88.90,72.70,100.00,11.10
2026-05-16T08:58:43.536541,90.00,90.00,100.00,0.00
2026-05-16T08:58:43.639502,81.80,81.80,100.00,11.10
2026-05-16T08:58:43.742888,84.60,81.80,100.00,11.10
2026-05-16T08:58:43.845681,88.90,81.80,100.00,11.10
2026-05-16T08:58:43.948507,80.00,90.00,100.00,11.10
2026-05-16T08:58:44.051479,81.80,81.80,100.00,0.00
2026-05-16T08:58:44.154535,90.90,81.80,100.00,27.30
2026-05-16T08:58:44.257352,81.80,80.00,100.00,11.10
2026-05-16T08:58:44.360361,77.80,81.80,100.00,0.00
2026-05-16T08:58:44.464330,90.00,90.00,100.00,11.10
2026-05-16T08:58:44.567539,83.30,81.80,100.00,11.10
2026-05-16T08:58:44.670443,90.00,80.00,100.00,0.00
2026-05-16T08:58:44.774032,81.80,80.00,100.00,11.10
2026-05-16T08:58:44.877248,83.30,72.70,100.00,20.00
2026-05-16T08:58:44.979866,90.00,90.00,100.00,0.00
2026-05-16T08:58:45.082809,90.00,81.80,100.00,10.00
2026-05-16T08:58:45.185515,83.30,80.00,100.00,11.10
2026-05-16T08:58:45.288709,88.90,80.00,100.00,20.00
2026-05-16T08:58:45.391790,81.80,90.00,100.00,11.10
2026-05-16T08:58:45.494705,90.00,80.00,100.00,11.10
2026-05-16T08:58:45.597668,80.00,81.80,100.00,0.00
2026-05-16T08:58:45.700599,90.90,80.00,100.00,11.10
2026-05-16T08:58:45.802875,44.40,50.00,100.00,0.00
2026-05-16T08:58:45.905371,20.00,12.50,100.00,0.00
2026-05-16T08:58:46.007752,22.20,22.20,100.00,10.00
2026-05-16T08:58:46.110238,0.00,25.00,100.00,0.00
2026-05-16T08:58:46.212540,12.50,12.50,100.00,0.00
2026-05-16T08:58:46.315079,22.20,22.20,100.00,10.00
2026-05-16T08:58:46.417700,12.50,12.50,100.00,9.10
2026-05-16T08:58:46.520093,20.00,12.50,100.00,0.00
2026-05-16T08:58:46.622501,22.20,22.20,100.00,10.00
2026-05-16T08:58:46.724782,12.50,22.20,100.00,0.00
2026-05-16T08:58:46.827086,12.50,0.00,100.00,0.00
2026-05-16T08:58:46.929743,22.20,22.20,100.00,10.00
2026-05-16T08:58:47.032279,25.00,25.00,100.00,11.10
2026-05-16T08:58:47.134664,0.00,22.20,100.00,0.00
2026-05-16T08:58:47.237121,30.00,14.30,100.00,10.00
2026-05-16T08:58:47.339674,22.20,12.50,100.00,0.00
2026-05-16T08:58:47.441950,12.50,22.20,100.00,0.00
2026-05-16T08:58:47.544216,22.20,30.00,100.00,10.00
2026-05-16T08:58:47.646668,12.50,0.00,100.00,0.00
2026-05-16T08:58:47.749079,22.20,25.00,100.00,9.10
2026-05-16T08:58:47.851417,14.30,22.20,100.00,0.00
2026-05-16T08:58:47.953683,11.10,22.20,100.00,0.00
2026-05-16T08:58:48.055831,22.20,14.30,100.00,0.00
2026-05-16T08:58:48.158191,25.00,12.50,100.00,0.00
2026-05-16T08:58:48.260651,22.20,36.40,100.00,10.00
2026-05-16T08:58:48.362938,12.50,14.30,100.00,0.00
2026-05-16T08:58:48.465121,12.50,30.00,100.00,0.00
2026-05-16T08:58:48.567667,30.00,14.30,100.00,0.00
2026-05-16T08:58:48.670377,0.00,30.00,100.00,9.10
2026-05-16T08:58:48.773016,30.00,12.50,100.00,0.00
2026-05-16T08:58:48.875610,12.50,22.20,100.00,0.00
2026-05-16T08:58:48.978616,22.20,22.20,100.00,9.10
2026-05-16T08:58:49.081130,14.30,14.30,100.00,0.00
2026-05-16T08:58:49.183820,22.20,22.20,100.00,0.00
2026-05-16T08:58:49.286460,22.20,12.50,100.00,0.00
2026-05-16T08:58:49.388836,12.50,22.20,100.00,0.00
2026-05-16T08:58:49.491601,20.00,12.50,100.00,0.00
2026-05-16T08:58:49.594068,40.00,33.30,100.00,18.20
2026-05-16T08:58:49.696219,12.50,12.50,100.00,0.00
2026-05-16T08:58:49.799061,50.00,54.50,100.00,10.00
2026-05-16T08:58:49.902299,70.00,72.70,100.00,0.00
2026-05-16T08:58:50.005396,70.00,63.60,100.00,11.10
2026-05-16T08:58:50.108678,75.00,72.70,100.00,0.00
2026-05-16T08:58:50.211661,70.00,70.00,100.00,11.10
2026-05-16T08:58:50.314566,72.70,72.70,100.00,0.00
2026-05-16T08:58:50.417405,72.70,66.70,100.00,11.10
2026-05-16T08:58:50.520145,72.70,72.70,100.00,10.00
2026-05-16T08:58:50.622996,72.70,66.70,100.00,11.10
2026-05-16T08:58:50.726053,66.70,72.70,100.00,0.00
2026-05-16T08:58:50.829317,72.70,72.70,100.00,11.10
2026-05-16T08:58:50.932209,72.70,60.00,100.00,10.00
2026-05-16T08:58:51.035193,72.70,75.00,100.00,0.00
2026-05-16T08:58:51.138037,72.70,70.00,100.00,10.00
2026-05-16T08:58:51.241140,66.70,72.70,100.00,20.00
2026-05-16T08:58:51.343978,72.70,70.00,100.00,0.00
2026-05-16T08:58:51.447041,70.00,63.60,100.00,10.00
2026-05-16T08:58:51.549796,75.00,72.70,100.00,11.10
2026-05-16T08:58:51.652458,72.70,72.70,100.00,0.00
2026-05-16T08:58:51.755050,72.70,70.00,100.00,20.00
2026-05-16T08:58:51.857747,80.00,70.00,100.00,30.00
2026-05-16T08:58:51.960802,70.00,70.00,100.00,0.00
2026-05-16T08:58:52.063641,80.00,70.00,100.00,0.00
2026-05-16T08:58:52.166613,72.70,70.00,100.00,20.00
2026-05-16T08:58:52.269548,70.00,72.70,100.00,0.00
2026-05-16T08:58:52.372435,77.80,75.00,100.00,11.10
2026-05-16T08:58:52.475298,70.00,70.00,100.00,0.00
2026-05-16T08:58:52.578143,72.70,66.70,100.00,18.20
2026-05-16T08:58:52.681180,72.70,75.00,100.00,0.00
2026-05-16T08:58:52.784185,72.70,70.00,100.00,10.00
2026-05-16T08:58:52.886751,80.00,72.70,100.00,11.10
2026-05-16T08:58:52.989638,70.00,72.70,100.00,20.00
2026-05-16T08:58:53.092641,72.70,70.00,100.00,0.00
2026-05-16T08:58:53.195459,77.80,72.70,100.00,11.10
2026-05-16T08:58:53.298400,75.00,72.70,100.00,0.00
2026-05-16T08:58:53.401092,72.70,72.70,100.00,20.00
2026-05-16T08:58:53.504199,70.00,66.70,100.00,10.00
2026-05-16T08:58:53.607052,72.70,63.60,100.00,11.10
2026-05-16T08:58:53.710429,66.70,72.70,100.00,0.00
2026-05-16T08:58:53.812921,37.50,40.00,100.00,10.00
2026-05-16T08:58:53.915586,12.50,14.30,100.00,0.00
2026-05-16T08:58:54.018009,22.20,30.00,100.00,18.20
2026-05-16T08:58:54.120642,30.00,14.30,100.00,0.00
2026-05-16T08:58:54.222997,12.50,36.40,100.00,0.00
2026-05-16T08:58:54.325478,30.00,14.30,100.00,0.00
2026-05-16T08:58:54.428041,12.50,22.20,100.00,0.00
2026-05-16T08:58:54.530337,25.00,30.00,100.00,0.00
2026-05-16T08:58:54.632867,12.50,25.00,100.00,18.20
2026-05-16T08:58:54.735133,30.00,12.50,100.00,0.00
2026-05-16T08:58:54.838141,12.50,22.20,100.00,0.00
2026-05-16T08:58:54.940507,12.50,33.30,100.00,0.00
2026-05-16T08:58:55.043132,22.20,12.50,100.00,0.00
2026-05-16T08:58:55.145577,12.50,30.00,100.00,0.00
2026-05-16T08:58:55.247899,33.30,14.30,100.00,18.20
2026-05-16T08:58:55.350360,12.50,22.20,100.00,0.00
2026-05-16T08:58:55.453040,22.20,22.20,100.00,0.00
2026-05-16T08:58:55.555695,22.20,33.30,100.00,0.00
2026-05-16T08:58:55.657967,22.20,22.20,100.00,10.00
2026-05-16T08:58:55.760472,12.50,22.20,100.00,0.00
2026-05-16T08:58:55.863363,22.20,14.30,100.00,9.10
2026-05-16T08:58:55.966039,33.30,22.20,100.00,10.00
2026-05-16T08:58:56.068532,0.00,22.20,100.00,0.00
2026-05-16T08:58:56.171085,22.20,14.30,100.00,0.00
2026-05-16T08:58:56.278095,30.00,30.00,100.00,10.00
2026-05-16T08:58:56.380819,22.20,22.20,100.00,0.00
2026-05-16T08:58:56.483329,12.50,12.50,100.00,0.00
2026-05-16T08:58:56.585781,22.20,25.00,100.00,0.00
2026-05-16T08:58:56.688060,12.50,12.50,100.00,0.00
2026-05-16T08:58:56.790731,30.00,25.00,100.00,0.00
2026-05-16T08:58:56.893228,0.00,30.00,100.00,18.20
2026-05-16T08:58:56.995667,30.00,22.20,100.00,0.00
2026-05-16T08:58:57.097964,14.30,14.30,100.00,11.10
2026-05-16T08:58:57.200242,12.50,22.20,100.00,10.00
2026-05-16T08:58:57.302726,36.40,25.00,100.00,10.00
2026-05-16T08:58:57.405093,0.00,22.20,100.00,10.00
2026-05-16T08:58:57.507385,25.00,22.20,100.00,0.00
2026-05-16T08:58:57.610583,30.00,25.00,100.00,0.00
2026-05-16T08:58:57.713663,22.20,22.20,100.00,0.00
2026-05-16T08:58:57.816228,37.50,50.00,100.00,20.00
2026-05-16T08:58:57.918776,60.00,63.60,100.00,0.00
2026-05-16T08:58:58.021386,54.50,54.50,100.00,0.00
2026-05-16T08:58:58.123958,60.00,55.60,100.00,10.00
2026-05-16T08:58:58.226609,60.00,60.00,100.00,10.00
2026-05-16T08:58:58.329362,44.40,54.50,100.00,11.10
2026-05-16T08:58:58.432113,55.60,55.60,100.00,0.00
2026-05-16T08:58:58.534939,54.50,58.30,100.00,0.00
2026-05-16T08:58:58.637428,50.00,50.00,100.00,10.00
2026-05-16T08:58:58.740493,60.00,50.00,100.00,0.00
2026-05-16T08:58:58.843676,55.60,55.60,100.00,18.20
2026-05-16T08:58:58.946533,44.40,54.50,100.00,10.00
2026-05-16T08:58:59.049377,60.00,60.00,100.00,0.00
2026-05-16T08:58:59.152363,54.50,54.50,100.00,0.00
2026-05-16T08:58:59.255023,55.60,60.00,100.00,20.00
2026-05-16T08:58:59.357737,63.60,55.60,100.00,0.00
2026-05-16T08:58:59.460737,55.60,54.50,100.00,10.00
2026-05-16T08:58:59.564239,50.00,55.60,100.00,0.00
2026-05-16T08:58:59.667054,55.60,50.00,100.00,10.00
2026-05-16T08:58:59.770131,60.00,66.70,100.00,10.00
2026-05-16T08:58:59.873367,63.60,55.60,100.00,10.00
2026-05-16T08:58:59.975937,54.50,55.60,100.00,11.10
2026-05-16T08:59:00.078411,60.00,58.30,100.00,0.00
2026-05-16T08:59:00.181059,54.50,50.00,100.00,0.00
2026-05-16T08:59:00.283720,55.60,60.00,100.00,18.20
2026-05-16T08:59:00.386902,54.50,50.00,100.00,0.00
2026-05-16T08:59:00.489506,60.00,60.00,100.00,11.10
2026-05-16T08:59:00.592042,60.00,50.00,100.00,0.00
2026-05-16T08:59:00.694673,60.00,54.50,100.00,18.20
2026-05-16T08:59:00.797163,54.50,60.00,100.00,0.00
2026-05-16T08:59:00.899853,60.00,50.00,100.00,10.00
2026-05-16T08:59:01.002370,50.00,60.00,100.00,11.10
2026-05-16T08:59:01.105119,60.00,55.60,100.00,0.00
2026-05-16T08:59:01.208016,55.60,60.00,100.00,10.00
2026-05-16T08:59:01.310601,54.50,54.50,100.00,0.00
2026-05-16T08:59:01.413167,63.60,60.00,100.00,10.00
2026-05-16T08:59:01.515862,50.00,54.50,100.00,0.00
2026-05-16T08:59:01.618462,55.60,60.00,100.00,10.00
2026-05-16T08:59:01.721122,60.00,60.00,100.00,0.00
2026-05-16T08:59:01.823528,45.50,44.40,100.00,0.00
2026-05-16T08:59:01.926060,37.50,44.40,100.00,0.00
2026-05-16T08:59:02.028748,44.40,40.00,100.00,10.00
2026-05-16T08:59:02.131562,45.50,50.00,100.00,10.00
2026-05-16T08:59:02.234195,50.00,45.50,100.00,0.00
2026-05-16T08:59:02.336731,37.50,37.50,100.00,10.00
2026-05-16T08:59:02.439486,50.00,50.00,100.00,10.00
2026-05-16T08:59:02.541950,45.50,50.00,100.00,0.00
2026-05-16T08:59:02.644834,44.40,28.60,100.00,10.00
2026-05-16T08:59:02.747543,37.50,33.30,100.00,0.00
2026-05-16T08:59:02.850142,40.00,54.50,100.00,10.00
2026-05-16T08:59:02.952830,50.00,37.50,100.00,10.00
2026-05-16T08:59:03.055159,33.30,54.50,100.00,0.00
2026-05-16T08:59:03.157520,50.00,25.00,100.00,0.00
2026-05-16T08:59:03.259996,33.30,37.50,100.00,10.00
2026-05-16T08:59:03.362808,50.00,45.50,100.00,0.00
2026-05-16T08:59:03.465199,40.00,37.50,100.00,25.00
2026-05-16T08:59:03.567936,33.30,37.50,100.00,0.00
2026-05-16T08:59:03.669975,54.50,45.50,100.00,0.00
2026-05-16T08:59:03.772532,33.30,50.00,100.00,10.00
2026-05-16T08:59:03.875099,50.00,40.00,100.00,0.00
2026-05-16T08:59:03.977522,40.00,44.40,100.00,0.00
2026-05-16T08:59:04.080032,33.30,40.00,100.00,10.00
2026-05-16T08:59:04.182701,44.40,37.50,100.00,0.00
2026-05-16T08:59:04.285019,33.30,37.50,100.00,10.00
2026-05-16T08:59:04.387511,37.50,40.00,100.00,0.00
2026-05-16T08:59:04.490604,45.50,37.50,100.00,10.00
2026-05-16T08:59:04.593303,37.50,50.00,100.00,0.00
2026-05-16T08:59:04.696310,44.40,44.40,100.00,10.00
2026-05-16T08:59:04.798950,45.50,45.50,100.00,0.00
2026-05-16T08:59:04.901413,33.30,37.50,100.00,10.00
2026-05-16T08:59:05.004084,50.00,40.00,100.00,0.00
2026-05-16T08:59:05.106838,44.40,50.00,100.00,0.00
2026-05-16T08:59:05.209339,40.00,37.50,100.00,10.00
2026-05-16T08:59:05.312101,40.00,33.30,100.00,20.00
2026-05-16T08:59:05.415167,50.00,54.50,100.00,0.00
2026-05-16T08:59:05.517532,37.50,44.40,100.00,0.00
2026-05-16T08:59:05.620068,45.50,33.30,100.00,0.00
2026-05-16T08:59:05.722713,40.00,40.00,100.00,10.00
2026-05-16T08:59:05.825735,75.00,80.00,100.00,11.10
2026-05-16T08:59:05.928900,81.80,72.70,100.00,0.00
2026-05-16T08:59:06.032061,75.00,80.00,100.00,11.10
2026-05-16T08:59:06.134959,77.80,75.00,100.00,18.20
2026-05-16T08:59:06.237814,72.70,66.70,100.00,0.00
2026-05-16T08:59:06.340867,81.80,80.00,100.00,0.00
2026-05-16T08:59:06.443797,70.00,70.00,100.00,10.00
2026-05-16T08:59:06.546880,81.80,75.00,100.00,0.00
2026-05-16T08:59:06.649992,66.70,80.00,100.00,20.00
2026-05-16T08:59:06.752972,83.30,72.70,100.00,10.00
2026-05-16T08:59:06.855820,81.80,80.00,100.00,20.00
2026-05-16T08:59:06.959207,90.90,81.80,100.00,0.00
2026-05-16T08:59:07.062207,80.00,83.30,100.00,30.00
2026-05-16T08:59:07.165065,81.80,72.70,100.00,11.10
2026-05-16T08:59:07.267843,77.80,83.30,100.00,11.10
2026-05-16T08:59:07.370732,81.80,77.80,100.00,11.10
2026-05-16T08:59:07.474054,75.00,72.70,100.00,0.00
2026-05-16T08:59:07.577014,88.90,80.00,100.00,18.20
2026-05-16T08:59:07.679719,81.80,75.00,100.00,0.00
2026-05-16T08:59:07.782936,75.00,77.80,100.00,11.10
2026-05-16T08:59:07.885655,90.00,81.80,100.00,11.10
2026-05-16T08:59:07.988574,81.80,72.70,100.00,0.00
2026-05-16T08:59:08.091481,72.70,81.80,100.00,10.00
2026-05-16T08:59:08.194367,80.00,77.80,100.00,27.30
2026-05-16T08:59:08.297323,83.30,75.00,100.00,0.00
2026-05-16T08:59:08.400571,81.80,80.00,100.00,0.00
2026-05-16T08:59:08.503408,80.00,80.00,100.00,20.00
2026-05-16T08:59:08.606425,81.80,70.00,100.00,0.00
2026-05-16T08:59:08.709514,81.80,81.80,100.00,0.00
2026-05-16T08:59:08.812408,81.80,81.80,100.00,20.00
2026-05-16T08:59:08.915462,76.90,72.70,100.00,0.00
2026-05-16T08:59:09.018578,80.00,81.80,100.00,20.00
2026-05-16T08:59:09.121280,80.00,72.70,100.00,11.10
2026-05-16T08:59:09.224228,70.00,77.80,100.00,0.00
2026-05-16T08:59:09.327219,83.30,76.90,100.00,10.00
2026-05-16T08:59:09.430114,80.00,77.80,100.00,11.10
2026-05-16T08:59:09.533093,72.70,70.00,100.00,0.00
2026-05-16T08:59:09.636058,81.80,72.70,100.00,20.00
2026-05-16T08:59:09.738528,80.00,80.00,100.00,0.00
2026-05-16T08:59:09.840988,11.10,11.10,100.00,0.00
2026-05-16T08:59:09.943230,10.00,0.00,100.00,0.00
2026-05-16T08:59:10.045453,0.00,10.00,100.00,10.00
2026-05-16T08:59:10.147595,11.10,11.10,100.00,0.00
2026-05-16T08:59:10.249707,0.00,11.10,100.00,0.00
2026-05-16T08:59:10.351645,11.10,11.10,100.00,0.00
2026-05-16T08:59:10.453720,0.00,0.00,100.00,0.00
2026-05-16T08:59:10.555842,10.00,0.00,100.00,0.00
2026-05-16T08:59:10.658176,0.00,11.10,100.00,9.10
2026-05-16T08:59:10.760444,0.00,0.00,100.00,0.00
2026-05-16T08:59:10.862739,18.20,11.10,100.00,0.00
2026-05-16T08:59:10.965096,11.10,11.10,100.00,0.00
2026-05-16T08:59:11.067650,0.00,0.00,100.00,0.00
2026-05-16T08:59:11.169948,0.00,11.10,100.00,9.10
2026-05-16T08:59:11.272496,20.00,0.00,100.00,0.00
2026-05-16T08:59:11.375016,10.00,0.00,100.00,0.00
2026-05-16T08:59:11.477323,11.10,11.10,100.00,0.00
2026-05-16T08:59:11.579451,11.10,0.00,100.00,9.10
2026-05-16T08:59:11.681484,11.10,0.00,100.00,0.00
2026-05-16T08:59:11.784235,10.00,11.10,100.00,0.00
2026-05-16T08:59:11.886403,20.00,11.10,100.00,0.00
2026-05-16T08:59:11.988545,11.10,11.10,100.00,0.00
2026-05-16T08:59:12.090643,0.00,11.10,100.00,9.10
2026-05-16T08:59:12.192940,0.00,11.10,100.00,0.00
2026-05-16T08:59:12.295058,11.10,0.00,100.00,0.00
2026-05-16T08:59:12.397134,20.00,0.00,100.00,0.00
2026-05-16T08:59:12.499315,18.20,0.00,100.00,0.00
2026-05-16T08:59:12.601424,11.10,0.00,100.00,9.10
2026-05-16T08:59:12.703669,11.10,0.00,100.00,0.00
2026-05-16T08:59:12.805752,18.20,11.10,100.00,0.00
2026-05-16T08:59:12.908307,20.00,11.10,100.00,0.00
2026-05-16T08:59:13.010729,11.10,0.00,100.00,0.00
2026-05-16T08:59:13.113100,11.10,0.00,100.00,0.00
2026-05-16T08:59:13.215454,20.00,11.10,100.00,0.00
2026-05-16T08:59:13.317838,11.10,11.10,100.00,0.00
2026-05-16T08:59:13.420514,20.00,0.00,100.00,0.00
2026-05-16T08:59:13.522556,10.00,0.00,100.00,18.20
2026-05-16T08:59:13.624655,20.00,11.10,100.00,0.00
2026-05-16T08:59:13.726935,11.10,11.10,100.00,0.00
2026-05-16T08:59:13.829651,70.00,77.80,100.00,0.00
2026-05-16T08:59:13.932871,90.00,81.80,100.00,20.00
2026-05-16T08:59:14.035789,81.80,80.00,100.00,0.00
2026-05-16T08:59:14.139091,80.00,81.80,100.00,0.00
2026-05-16T08:59:14.242245,80.00,75.00,100.00,20.00
2026-05-16T08:59:14.345564,83.30,80.00,100.00,0.00
2026-05-16T08:59:14.448371,80.00,80.00,100.00,11.10
2026-05-16T08:59:14.550867,77.80,80.00,100.00,0.00
2026-05-16T08:59:14.653777,83.30,81.80,100.00,20.00
2026-05-16T08:59:14.756332,88.90,80.00,100.00,11.10
2026-05-16T08:59:14.859344,80.00,81.80,100.00,10.00
2026-05-16T08:59:14.962163,80.00,80.00,100.00,11.10
2026-05-16T08:59:15.065215,90.00,81.80,100.00,11.10
2026-05-16T08:59:15.168644,81.80,80.00,100.00,0.00
2026-05-16T08:59:15.271819,80.00,80.00,100.00,11.10
2026-05-16T08:59:15.374824,81.80,77.80,100.00,20.00
2026-05-16T08:59:15.477908,80.00,80.00,100.00,0.00
2026-05-16T08:59:15.581075,90.00,72.70,100.00,0.00
2026-05-16T08:59:15.683990,80.00,90.90,100.00,20.00
2026-05-16T08:59:15.787096,81.80,80.00,100.00,0.00
2026-05-16T08:59:15.890054,81.80,72.70,100.00,11.10
2026-05-16T08:59:15.993021,80.00,80.00,100.00,0.00
2026-05-16T08:59:16.096393,83.30,81.80,100.00,10.00
2026-05-16T08:59:16.199542,77.80,70.00,100.00,20.00
2026-05-16T08:59:16.302615,80.00,81.80,100.00,0.00
2026-05-16T08:59:16.405572,75.00,80.00,100.00,0.00
2026-05-16T08:59:16.508505,80.00,72.70,100.00,0.00
2026-05-16T08:59:16.611148,81.80,72.70,100.00,20.00
2026-05-16T08:59:16.714556,80.00,81.80,100.00,11.10
2026-05-16T08:59:16.817460,76.90,80.00,100.00,10.00
2026-05-16T08:59:16.920521,88.90,77.80,100.00,0.00
2026-05-16T08:59:17.023333,75.00,76.90,100.00,11.10
2026-05-16T08:59:17.126359,83.30,81.80,100.00,22.20
2026-05-16T08:59:17.229252,80.00,80.00,100.00,11.10
2026-05-16T08:59:17.332549,80.00,80.00,100.00,11.10
2026-05-16T08:59:17.435464,70.00,72.70,100.00,0.00
2026-05-16T08:59:17.538660,81.80,80.00,100.00,11.10
2026-05-16T08:59:17.641639,81.80,83.30,100.00,11.10
2026-05-16T08:59:17.744560,77.80,80.00,100.00,0.00
2026-05-16T08:59:17.847600,81.80,70.00,100.00,11.10
2026-05-16T08:59:17.950152,81.80,80.00,100.00,0.00
2026-05-16T08:59:18.052901,80.00,75.00,100.00,20.00
2026-05-16T08:59:18.155696,72.70,77.80,100.00,11.10
2026-05-16T08:59:18.259376,80.00,75.00,100.00,10.00
2026-05-16T08:59:18.362415,81.80,80.00,100.00,0.00
2026-05-16T08:59:18.465415,70.00,76.90,100.00,0.00
2026-05-16T08:59:18.568700,81.80,80.00,100.00,11.10
2026-05-16T08:59:18.671614,81.80,81.80,100.00,20.00
2026-05-16T08:59:18.774545,88.90,81.80,100.00,11.10
2026-05-16T08:59:18.877413,81.80,81.80,100.00,11.10
2026-05-16T08:59:18.980643,81.80,77.80,100.00,0.00
2026-05-16T08:59:19.083746,81.80,80.00,100.00,11.10
2026-05-16T08:59:19.186855,81.80,81.80,100.00,18.20
2026-05-16T08:59:19.289938,83.30,81.80,100.00,12.50
2026-05-16T08:59:19.393084,88.90,80.00,100.00,0.00
2026-05-16T08:59:19.495993,72.70,80.00,100.00,0.00
2026-05-16T08:59:19.599073,81.80,76.90,100.00,20.00
2026-05-16T08:59:19.702153,80.00,80.00,100.00,11.10
2026-05-16T08:59:19.805384,81.80,80.00,100.00,0.00
2026-05-16T08:59:19.908782,81.80,80.00,100.00,11.10
2026-05-16T08:59:20.011565,80.00,75.00,100.00,11.10
2026-05-16T08:59:20.114500,80.00,80.00,100.00,11.10
2026-05-16T08:59:20.217718,72.70,83.30,100.00,0.00
2026-05-16T08:59:20.320892,80.00,81.80,100.00,11.10
2026-05-16T08:59:20.424022,81.80,75.00,100.00,0.00
2026-05-16T08:59:20.527035,77.80,80.00,100.00,0.00
2026-05-16T08:59:20.630572,81.80,81.80,100.00,20.00
2026-05-16T08:59:20.733924,81.80,72.70,100.00,20.00
2026-05-16T08:59:20.836788,81.80,80.00,100.00,11.10
2026-05-16T08:59:20.939876,77.80,80.00,100.00,0.00
2026-05-16T08:59:21.042821,83.30,75.00,100.00,11.10
2026-05-16T08:59:21.145929,80.00,80.00,100.00,11.10
2026-05-16T08:59:21.248962,81.80,72.70,100.00,0.00
2026-05-16T08:59:21.351742,81.80,80.00,100.00,20.00
2026-05-16T08:59:21.455121,80.00,81.80,100.00,0.00
2026-05-16T08:59:21.558430,81.80,75.00,100.00,0.00
2026-05-16T08:59:21.661507,72.70,81.80,100.00,10.00
2026-05-16T08:59:21.765057,90.90,80.00,100.00,22.20
2026-05-16T08:59:21.925441,93.30,93.30,100.00,40.00
2026-05-16T08:59:22.028589,75.00,70.00,83.30,11.10
2026-05-16T08:59:22.131484,80.00,80.00,83.30,12.50
2026-05-16T08:59:22.234511,70.00,70.00,90.00,11.10
2026-05-16T08:59:22.337791,72.70,72.70,81.80,20.00
2026-05-16T08:59:22.440942,72.70,70.00,75.00,0.00
2026-05-16T08:59:22.544072,75.00,70.00,83.30,0.00
2026-05-16T08:59:22.647482,70.00,75.00,80.00,20.00
2026-05-16T08:59:22.750603,75.00,70.00,83.30,11.10
2026-05-16T08:59:22.853891,77.80,80.00,81.80,11.10
2026-05-16T08:59:22.957384,72.70,70.00,81.80,0.00
2026-05-16T08:59:23.060639,70.00,72.70,81.80,20.00
2026-05-16T08:59:23.163807,75.00,72.70,81.80,0.00
2026-05-16T08:59:23.266705,72.70,72.70,83.30,0.00
2026-05-16T08:59:23.369972,70.00,75.00,80.00,27.30
2026-05-16T08:59:23.472979,81.80,81.80,81.80,11.10
2026-05-16T08:59:23.576160,70.00,72.70,90.00,11.10
2026-05-16T08:59:23.679046,72.70,70.00,83.30,0.00
2026-05-16T08:59:23.782003,70.00,72.70,83.30,11.10
2026-05-16T08:59:23.885433,72.70,77.80,81.80,0.00
2026-05-16T08:59:23.988968,81.80,70.00,81.80,20.00
2026-05-16T08:59:24.092341,70.00,72.70,75.00,0.00
2026-05-16T08:59:24.195712,72.70,60.00,81.80,11.10
2026-05-16T08:59:24.299528,63.60,75.00,83.30,20.00
2026-05-16T08:59:24.402513,80.00,70.00,77.80,20.00
2026-05-16T08:59:24.506076,66.70,81.80,84.60,0.00
2026-05-16T08:59:24.609031,72.70,70.00,81.80,12.50
2026-05-16T08:59:24.712989,70.00,66.70,75.00,10.00
2026-05-16T08:59:24.816233,72.70,80.00,83.30,11.10
2026-05-16T08:59:24.919549,70.00,70.00,80.00,11.10
2026-05-16T08:59:25.022890,72.70,72.70,81.80,11.10
2026-05-16T08:59:25.125857,75.00,75.00,81.80,0.00
2026-05-16T08:59:25.228728,70.00,70.00,81.80,30.00
2026-05-16T08:59:25.331835,70.00,72.70,81.80,0.00
2026-05-16T08:59:25.434967,72.70,72.70,75.00,0.00
2026-05-16T08:59:25.538044,81.80,72.70,80.00,11.10
2026-05-16T08:59:25.642162,66.70,75.00,81.80,11.10
2026-05-16T08:59:25.744814,69.20,70.00,80.00,20.00
2026-05-16T08:59:25.846927,25.00,22.20,36.40,0.00
2026-05-16T08:59:25.949113,22.20,22.20,25.00,9.10
2026-05-16T08:59:26.051617,12.50,30.00,22.20,0.00
2026-05-16T08:59:26.154548,22.20,12.50,30.00,0.00
2026-05-16T08:59:26.256909,22.20,30.00,33.30,0.00
2026-05-16T08:59:26.359117,30.00,25.00,22.20,0.00
2026-05-16T08:59:26.461273,12.50,20.00,33.30,0.00
2026-05-16T08:59:26.563643,30.00,12.50,22.20,0.00
2026-05-16T08:59:26.665965,22.20,25.00,25.00,0.00
2026-05-16T08:59:26.768357,25.00,30.00,22.20,18.20
2026-05-16T08:59:26.871170,22.20,30.00,22.20,0.00
2026-05-16T08:59:26.973906,22.20,22.20,40.00,0.00
2026-05-16T08:59:27.076268,40.00,30.00,33.30,0.00
2026-05-16T08:59:27.178566,12.50,22.20,36.40,10.00
2026-05-16T08:59:27.280860,12.50,12.50,14.30,0.00
2026-05-16T08:59:27.383106,30.00,30.00,30.00,0.00
2026-05-16T08:59:27.485425,22.20,30.00,33.30,10.00
2026-05-16T08:59:27.588089,30.00,22.20,30.00,0.00
2026-05-16T08:59:27.690611,22.20,22.20,25.00,0.00
2026-05-16T08:59:27.854006,47.10,46.70,50.00,18.80
2026-05-16T08:59:27.956845,37.50,33.30,100.00,0.00
2026-05-16T08:59:28.059195,33.30,25.00,100.00,10.00
2026-05-16T08:59:28.161917,40.00,33.30,100.00,9.10
2026-05-16T08:59:28.264306,25.00,44.40,100.00,0.00
2026-05-16T08:59:28.367112,33.30,33.30,100.00,0.00
2026-05-16T08:59:28.469654,33.30,33.30,100.00,0.00
2026-05-16T08:59:28.571930,40.00,33.30,100.00,10.00
2026-05-16T08:59:28.674330,40.00,44.40,100.00,0.00
2026-05-16T08:59:28.776882,33.30,25.00,100.00,10.00
2026-05-16T08:59:28.879421,33.30,37.50,100.00,18.20
2026-05-16T08:59:28.981954,40.00,40.00,100.00,10.00
2026-05-16T08:59:29.084752,37.50,25.00,100.00,0.00
2026-05-16T08:59:29.187316,25.00,40.00,100.00,0.00
2026-05-16T08:59:29.289930,40.00,28.60,100.00,0.00
2026-05-16T08:59:29.392508,25.00,40.00,100.00,10.00
2026-05-16T08:59:29.495035,40.00,33.30,100.00,9.10
2026-05-16T08:59:29.597437,33.30,37.50,100.00,0.00
2026-05-16T08:59:29.700144,50.00,40.00,100.00,0.00
2026-05-16T08:59:29.802485,30.00,14.30,100.00,0.00
2026-05-16T08:59:29.904710,14.30,33.30,100.00,10.00
2026-05-16T08:59:30.007081,30.00,14.30,100.00,0.00
2026-05-16T08:59:30.109382,25.00,22.20,100.00,0.00
2026-05-16T08:59:30.212494,25.00,33.30,100.00,10.00
2026-05-16T08:59:30.315109,30.00,14.30,100.00,0.00
2026-05-16T08:59:30.417825,25.00,30.00,100.00,10.00
2026-05-16T08:59:30.520659,33.30,25.00,100.00,0.00
2026-05-16T08:59:30.623149,12.50,25.00,100.00,0.00
2026-05-16T08:59:30.725824,25.00,33.30,100.00,10.00
2026-05-16T08:59:30.828189,22.20,22.20,100.00,0.00
2026-05-16T08:59:30.930507,14.30,25.00,100.00,0.00
2026-05-16T08:59:31.032820,22.20,25.00,100.00,0.00
2026-05-16T08:59:31.135412,33.30,22.20,100.00,0.00
2026-05-16T08:59:31.238173,22.20,14.30,100.00,18.20
2026-05-16T08:59:31.340646,22.20,33.30,100.00,0.00
2026-05-16T08:59:31.442981,40.00,30.00,100.00,0.00
2026-05-16T08:59:31.545340,12.50,25.00,100.00,0.00
2026-05-16T08:59:31.647540,25.00,12.50,100.00,0.00
2026-05-16T08:59:31.750032,22.20,33.30,100.00,0.00
2026-05-16T08:59:31.852513,22.20,22.20,100.00,16.70
2026-05-16T08:59:31.955555,33.30,14.30,100.00,0.00
2026-05-16T08:59:32.058521,12.50,22.20,100.00,0.00
2026-05-16T08:59:32.161065,33.30,33.30,100.00,0.00
2026-05-16T08:59:32.263641,30.00,14.30,100.00,9.10
2026-05-16T08:59:32.366358,14.30,12.50,100.00,0.00
2026-05-16T08:59:32.469084,30.00,12.50,100.00,0.00
2026-05-16T08:59:32.571866,33.30,33.30,100.00,10.00
2026-05-16T08:59:32.674547,12.50,25.00,100.00,0.00
2026-05-16T08:59:32.777400,33.30,22.20,100.00,0.00
2026-05-16T08:59:32.880086,12.50,33.30,100.00,0.00
2026-05-16T08:59:32.982623,33.30,12.50,100.00,0.00
2026-05-16T08:59:33.085293,36.40,25.00,100.00,0.00
2026-05-16T08:59:33.187810,0.00,36.40,100.00,0.00
2026-05-16T08:59:33.290303,33.30,14.30,100.00,16.70
2026-05-16T08:59:33.392579,22.20,30.00,100.00,0.00
2026-05-16T08:59:33.495211,25.00,0.00,100.00,10.00
2026-05-16T08:59:33.597622,12.50,33.30,100.00,0.00
2026-05-16T08:59:33.700045,40.00,22.20,100.00,9.10
2026-05-16T08:59:33.802608,33.30,37.50,100.00,0.00
2026-05-16T08:59:33.905087,45.50,45.50,100.00,0.00
2026-05-16T08:59:34.007848,44.40,37.50,100.00,0.00
2026-05-16T08:59:34.110962,37.50,50.00,100.00,0.00
2026-05-16T08:59:34.213928,58.30,37.50,100.00,18.20
2026-05-16T08:59:34.316585,45.50,44.40,100.00,0.00
2026-05-16T08:59:34.418942,44.40,45.50,100.00,0.00
2026-05-16T08:59:34.521789,40.00,50.00,100.00,0.00
2026-05-16T08:59:34.624260,44.40,44.40,100.00,27.30
2026-05-16T08:59:34.727172,40.00,50.00,100.00,0.00
2026-05-16T08:59:34.830424,50.00,40.00,100.00,0.00
2026-05-16T08:59:34.932842,37.50,50.00,100.00,0.00
2026-05-16T08:59:35.035468,54.50,28.60,100.00,10.00
2026-05-16T08:59:35.138074,40.00,50.00,100.00,0.00
2026-05-16T08:59:35.240867,44.40,54.50,100.00,10.00
2026-05-16T08:59:35.343631,50.00,33.30,100.00,10.00
2026-05-16T08:59:35.446203,37.50,44.40,100.00,0.00
2026-05-16T08:59:35.549478,54.50,50.00,100.00,10.00
2026-05-16T08:59:35.651933,25.00,37.50,100.00,0.00
2026-05-16T08:59:35.754522,50.00,45.50,100.00,10.00
2026-05-16T08:59:35.857521,40.00,28.60,100.00,18.20
2026-05-16T08:59:35.959753,50.00,50.00,100.00,0.00
2026-05-16T08:59:36.062009,33.30,40.00,100.00,0.00
2026-05-16T08:59:36.164768,44.40,44.40,100.00,10.00
2026-05-16T08:59:36.267525,54.50,33.30,100.00,0.00
2026-05-16T08:59:36.370216,40.00,50.00,100.00,18.20
2026-05-16T08:59:36.473008,37.50,44.40,100.00,0.00
2026-05-16T08:59:36.575648,50.00,44.40,100.00,0.00
2026-05-16T08:59:36.678237,50.00,54.50,100.00,0.00
2026-05-16T08:59:36.781037,44.40,33.30,100.00,0.00
2026-05-16T08:59:36.883597,54.50,44.40,100.00,10.00
2026-05-16T08:59:36.986049,45.50,50.00,100.00,10.00
2026-05-16T08:59:37.089171,55.60,44.40,100.00,10.00
2026-05-16T08:59:37.191744,50.00,44.40,100.00,10.00
2026-05-16T08:59:37.294151,45.50,44.40,100.00,0.00
2026-05-16T08:59:37.396902,44.40,50.00,100.00,9.10
2026-05-16T08:59:37.499512,37.50,44.40,100.00,0.00
2026-05-16T08:59:37.601957,45.50,33.30,100.00,10.00
2026-05-16T08:59:37.704571,44.40,50.00,100.00,0.00
2026-05-16T08:59:37.807900,60.00,60.00,100.00,0.00
2026-05-16T08:59:37.910598,75.00,80.00,100.00,27.30
2026-05-16T08:59:38.013653,81.80,72.70,100.00,11.10
2026-05-16T08:59:38.116574,80.00,80.00,100.00,0.00
2026-05-16T08:59:38.219529,80.00,77.80,100.00,11.10
2026-05-16T08:59:38.322425,75.00,83.30,100.00,0.00
2026-05-16T08:59:38.425158,77.80,66.70,100.00,18.20
2026-05-16T08:59:38.527970,81.80,75.00,100.00,0.00
2026-05-16T08:59:38.631013,80.00,81.80,100.00,11.10
2026-05-16T08:59:38.734240,81.80,80.00,100.00,20.00
2026-05-16T08:59:38.837552,72.70,72.70,100.00,0.00
2026-05-16T08:59:38.941038,80.00,77.80,100.00,11.10
2026-05-16T08:59:39.044093,81.80,72.70,100.00,0.00
2026-05-16T08:59:39.147473,77.80,80.00,100.00,0.00
2026-05-16T08:59:39.250519,81.80,81.80,100.00,20.00
2026-05-16T08:59:39.353051,80.00,75.00,100.00,0.00
2026-05-16T08:59:39.456343,72.70,80.00,100.00,11.10
2026-05-16T08:59:39.559637,72.70,72.70,100.00,20.00
2026-05-16T08:59:39.662650,80.00,77.80,100.00,0.00
2026-05-16T08:59:39.765496,81.80,81.80,100.00,0.00
2026-05-16T08:59:39.868367,80.00,72.70,100.00,10.00
2026-05-16T08:59:39.972925,81.80,80.00,100.00,20.00
2026-05-16T08:59:40.076605,75.00,72.70,100.00,0.00
2026-05-16T08:59:40.179948,80.00,81.80,100.00,0.00
2026-05-16T08:59:40.283114,80.00,81.80,100.00,11.10
2026-05-16T08:59:40.385910,81.80,72.70,100.00,0.00
2026-05-16T08:59:40.489001,75.00,80.00,100.00,10.00
2026-05-16T08:59:40.592135,80.00,81.80,100.00,20.00
2026-05-16T08:59:40.695555,80.00,70.00,100.00,0.00
2026-05-16T08:59:40.798474,75.00,80.00,100.00,0.00
2026-05-16T08:59:40.901220,81.80,72.70,100.00,20.00
2026-05-16T08:59:41.004157,80.00,80.00,100.00,0.00
2026-05-16T08:59:41.107035,72.70,81.80,100.00,10.00
2026-05-16T08:59:41.211182,83.30,72.70,100.00,11.10
2026-05-16T08:59:41.314158,77.80,80.00,100.00,11.10
2026-05-16T08:59:41.417458,81.80,83.30,100.00,11.10
2026-05-16T08:59:41.520438,72.70,72.70,100.00,10.00
2026-05-16T08:59:41.623581,77.80,80.00,100.00,0.00
2026-05-16T08:59:41.726411,81.80,81.80,100.00,10.00
2026-05-16T08:59:41.828819,54.50,50.00,100.00,0.00
2026-05-16T08:59:41.931528,54.50,37.50,100.00,18.20
2026-05-16T08:59:42.034237,50.00,55.60,100.00,0.00
2026-05-16T08:59:42.137313,44.40,54.50,100.00,0.00
2026-05-16T08:59:42.239580,50.00,44.40,100.00,10.00
2026-05-16T08:59:42.342273,44.40,50.00,100.00,0.00
2026-05-16T08:59:42.445003,50.00,44.40,100.00,10.00
2026-05-16T08:59:42.547679,44.40,44.40,100.00,0.00
2026-05-16T08:59:42.650082,50.00,50.00,100.00,0.00
2026-05-16T08:59:42.752878,54.50,50.00,100.00,10.00
2026-05-16T08:59:42.855556,50.00,50.00,100.00,0.00
2026-05-16T08:59:42.958180,50.00,54.50,100.00,10.00
2026-05-16T08:59:43.060902,54.50,44.40,100.00,11.10
2026-05-16T08:59:43.163540,55.60,60.00,100.00,0.00
2026-05-16T08:59:43.266073,50.00,50.00,100.00,10.00
2026-05-16T08:59:43.368985,50.00,44.40,100.00,0.00
2026-05-16T08:59:43.472354,44.40,44.40,100.00,10.00
2026-05-16T08:59:43.575040,50.00,50.00,100.00,0.00
2026-05-16T08:59:43.677755,50.00,50.00,100.00,10.00
2026-05-16T08:59:43.780310,50.00,50.00,100.00,10.00
2026-05-16T08:59:43.882856,44.40,50.00,100.00,0.00
2026-05-16T08:59:43.985410,54.50,44.40,100.00,0.00
2026-05-16T08:59:44.088194,44.40,44.40,100.00,16.70
2026-05-16T08:59:44.190954,45.50,44.40,100.00,0.00
2026-05-16T08:59:44.293639,44.40,44.40,100.00,0.00
2026-05-16T08:59:44.396578,54.50,58.30,100.00,10.00
2026-05-16T08:59:44.499630,50.00,44.40,100.00,0.00
2026-05-16T08:59:44.602398,54.50,50.00,100.00,0.00
2026-05-16T08:59:44.704919,50.00,50.00,100.00,10.00
2026-05-16T08:59:44.807251,50.00,44.40,100.00,0.00
2026-05-16T08:59:44.909928,44.40,50.00,100.00,10.00
2026-05-16T08:59:45.012425,54.50,37.50,100.00,10.00
2026-05-16T08:59:45.114844,37.50,50.00,100.00,0.00
2026-05-16T08:59:45.217666,54.50,50.00,100.00,10.00
2026-05-16T08:59:45.320110,44.40,44.40,100.00,10.00
2026-05-16T08:59:45.422534,50.00,44.40,100.00,0.00
2026-05-16T08:59:45.524943,50.00,37.50,100.00,0.00
2026-05-16T08:59:45.627291,45.50,50.00,100.00,10.00
2026-05-16T08:59:45.729951,50.00,44.40,100.00,0.00
2026-05-16T08:59:45.832532,25.00,30.00,100.00,0.00
2026-05-16T08:59:45.934756,33.30,14.30,100.00,18.20
2026-05-16T08:59:46.037039,30.00,40.00,100.00,0.00
2026-05-16T08:59:46.139532,40.00,25.00,100.00,0.00
2026-05-16T08:59:46.241972,25.00,40.00,100.00,10.00
2026-05-16T08:59:46.344676,33.30,33.30,100.00,0.00
2026-05-16T08:59:46.446798,22.20,25.00,100.00,0.00
2026-05-16T08:59:46.549213,25.00,36.40,100.00,10.00
2026-05-16T08:59:46.652098,30.00,14.30,100.00,0.00
2026-05-16T08:59:46.754731,25.00,40.00,100.00,0.00
2026-05-16T08:59:46.857268,40.00,33.30,100.00,9.10
2026-05-16T08:59:46.959683,22.20,33.30,100.00,10.00
2026-05-16T08:59:47.061921,33.30,33.30,100.00,0.00
2026-05-16T08:59:47.164786,25.00,25.00,100.00,11.10
2026-05-16T08:59:47.267668,25.00,40.00,100.00,10.00
2026-05-16T08:59:47.370158,14.30,14.30,100.00,0.00
2026-05-16T08:59:47.472920,41.70,30.00,100.00,0.00
2026-05-16T08:59:47.575140,25.00,14.30,100.00,0.00
2026-05-16T08:59:47.677914,25.00,33.30,100.00,9.10
2026-05-16T08:59:47.780127,30.00,25.00,100.00,0.00
2026-05-16T08:59:47.882987,25.00,25.00,100.00,10.00
2026-05-16T08:59:47.985517,25.00,22.20,100.00,0.00
2026-05-16T08:59:48.087944,30.00,25.00,100.00,0.00
2026-05-16T08:59:48.190482,25.00,14.30,100.00,0.00
2026-05-16T08:59:48.292881,30.00,33.30,100.00,10.00
2026-05-16T08:59:48.395080,25.00,25.00,100.00,0.00
2026-05-16T08:59:48.497393,33.30,30.00,100.00,0.00
2026-05-16T08:59:48.599871,30.00,14.30,100.00,10.00
2026-05-16T08:59:48.702350,14.30,33.30,100.00,0.00
2026-05-16T08:59:48.804709,33.30,33.30,100.00,10.00
2026-05-16T08:59:48.907196,30.00,14.30,100.00,10.00
2026-05-16T08:59:49.009689,33.30,33.30,100.00,0.00
2026-05-16T08:59:49.112202,25.00,25.00,100.00,10.00
2026-05-16T08:59:49.214736,30.00,40.00,100.00,0.00
2026-05-16T08:59:49.317189,33.30,25.00,100.00,0.00
2026-05-16T08:59:49.419651,14.30,25.00,100.00,0.00
2026-05-16T08:59:49.522632,40.00,14.30,100.00,10.00
2026-05-16T08:59:49.624960,22.20,40.00,100.00,10.00
2026-05-16T08:59:49.727534,33.30,22.20,100.00,0.00
2026-05-16T08:59:49.830256,33.30,50.00,100.00,0.00
2026-05-16T08:59:49.932808,50.00,33.30,100.00,10.00
2026-05-16T08:59:50.035248,25.00,37.50,100.00,0.00
2026-05-16T08:59:50.137959,40.00,40.00,100.00,0.00
2026-05-16T08:59:50.240588,33.30,33.30,100.00,0.00
2026-05-16T08:59:50.343558,33.30,44.40,100.00,10.00
2026-05-16T08:59:50.446230,37.50,40.00,100.00,10.00
2026-05-16T08:59:50.548820,45.50,33.30,100.00,10.00
2026-05-16T08:59:50.651661,25.00,44.40,100.00,0.00
2026-05-16T08:59:50.753950,33.30,25.00,100.00,10.00
2026-05-16T08:59:50.856583,45.50,33.30,100.00,0.00
2026-05-16T08:59:50.959223,33.30,37.50,100.00,10.00
2026-05-16T08:59:51.061952,25.00,40.00,100.00,9.10
2026-05-16T08:59:51.164555,44.40,33.30,100.00,0.00
2026-05-16T08:59:51.267356,40.00,44.40,100.00,0.00
2026-05-16T08:59:51.369819,33.30,44.40,100.00,0.00
2026-05-16T08:59:51.472454,44.40,40.00,100.00,10.00
2026-05-16T08:59:51.575149,40.00,50.00,100.00,10.00
2026-05-16T08:59:51.677566,37.50,40.00,100.00,0.00
2026-05-16T08:59:51.780726,33.30,44.40,100.00,0.00
2026-05-16T08:59:51.882980,40.00,33.30,100.00,0.00
2026-05-16T08:59:51.985555,37.50,44.40,100.00,10.00
2026-05-16T08:59:52.088183,40.00,33.30,100.00,0.00
2026-05-16T08:59:52.190888,40.00,37.50,100.00,10.00
2026-05-16T08:59:52.293429,33.30,33.30,100.00,18.20
2026-05-16T08:59:52.395969,40.00,44.40,100.00,0.00
2026-05-16T08:59:52.499076,37.50,40.00,100.00,0.00
2026-05-16T08:59:52.604326,40.00,44.40,100.00,0.00
2026-05-16T08:59:52.707013,40.00,45.50,100.00,0.00
2026-05-16T08:59:52.809690,28.60,25.00,100.00,10.00
2026-05-16T08:59:52.912345,45.50,44.40,100.00,10.00
2026-05-16T08:59:53.014828,33.30,40.00,100.00,0.00
2026-05-16T08:59:53.117393,25.00,37.50,100.00,10.00
2026-05-16T08:59:53.219799,33.30,33.30,100.00,0.00
2026-05-16T08:59:53.322350,50.00,33.30,100.00,10.00
2026-05-16T08:59:53.424786,45.50,37.50,100.00,0.00
2026-05-16T08:59:53.527186,25.00,33.30,100.00,10.00
2026-05-16T08:59:53.629816,40.00,37.50,100.00,0.00
2026-05-16T08:59:53.732374,37.50,40.00,100.00,0.00
2026-05-16T08:59:53.836155,90.00,88.90,100.00,20.00
2026-05-16T08:59:53.987105,93.80,100.00,100.00,38.50
2026-05-16T08:59:54.090537,88.90,90.90,100.00,22.20
2026-05-16T08:59:54.194123,83.30,90.00,90.00,11.10
2026-05-16T08:59:54.297180,80.00,75.00,90.00,20.00
2026-05-16T08:59:54.400996,81.80,80.00,81.80,0.00
2026-05-16T08:59:54.504036,70.00,72.70,91.70,11.10
2026-05-16T08:59:54.606995,81.80,81.80,81.80,11.10
2026-05-16T08:59:54.710331,81.80,80.00,90.90,0.00
2026-05-16T08:59:54.814095,81.80,81.80,90.90,20.00
2026-05-16T08:59:54.917818,81.80,80.00,90.90,11.10
2026-05-16T08:59:55.021418,81.80,90.00,100.00,0.00
2026-05-16T08:59:55.124942,81.80,72.70,90.00,22.20
2026-05-16T08:59:55.228245,81.80,88.90,90.90,20.00
2026-05-16T08:59:55.331355,81.80,81.80,91.70,0.00
2026-05-16T08:59:55.434613,77.80,72.70,90.00,11.10
2026-05-16T08:59:55.537997,75.00,80.00,81.80,11.10
2026-05-16T08:59:55.641932,83.30,81.80,91.70,11.10
2026-05-16T08:59:55.745426,80.00,80.00,90.00,12.50
2026-05-16T08:59:55.848667,81.80,81.80,100.00,11.10
2026-05-16T08:59:55.952384,81.80,83.30,91.70,0.00
2026-05-16T08:59:56.055718,90.00,90.00,90.90,12.50
2026-05-16T08:59:56.159038,81.80,81.80,90.00,11.10
2026-05-16T08:59:56.263288,70.00,72.70,90.90,11.10
2026-05-16T08:59:56.367107,80.00,90.90,90.90,12.50
2026-05-16T08:59:56.470544,83.30,80.00,91.70,11.10
2026-05-16T08:59:56.573583,80.00,81.80,90.00,11.10
2026-05-16T08:59:56.676880,80.00,72.70,90.90,11.10
2026-05-16T08:59:56.780162,83.30,80.00,83.30,0.00
2026-05-16T08:59:56.883369,80.00,83.30,90.90,11.10
2026-05-16T08:59:56.986778,77.80,80.00,90.00,11.10
2026-05-16T08:59:57.089912,75.00,75.00,91.70,11.10
2026-05-16T08:59:57.193025,88.90,88.90,90.00,44.40
2026-05-16T08:59:57.295998,77.80,81.80,91.70,22.20
2026-05-16T08:59:57.399197,77.80,80.00,90.90,0.00
2026-05-16T08:59:57.502471,72.70,72.70,81.80,20.00
2026-05-16T08:59:57.606168,81.80,80.00,90.00,11.10
2026-05-16T08:59:57.709275,72.70,80.00,84.60,11.10
2026-05-16T08:59:57.812449,60.00,58.30,66.70,0.00
2026-05-16T08:59:57.915091,54.50,54.50,58.30,0.00
2026-05-16T08:59:58.017911,50.00,44.40,63.60,18.20
2026-05-16T08:59:58.120612,54.50,54.50,44.40,0.00
2026-05-16T08:59:58.223136,44.40,50.00,63.60,10.00
2026-05-16T08:59:58.325752,50.00,50.00,58.30,0.00
2026-05-16T08:59:58.428667,63.60,50.00,63.60,10.00
2026-05-16T08:59:58.531990,50.00,44.40,54.50,10.00
2026-05-16T08:59:58.635044,54.50,54.50,60.00,11.10
2026-05-16T08:59:58.738564,44.40,44.40,66.70,0.00
2026-05-16T08:59:58.841652,50.00,54.50,63.60,18.20
2026-05-16T08:59:58.944304,44.40,44.40,50.00,0.00
2026-05-16T08:59:59.046948,60.00,54.50,60.00,0.00
2026-05-16T08:59:59.149712,50.00,50.00,60.00,10.00
2026-05-16T08:59:59.252659,54.50,50.00,58.30,0.00
2026-05-16T08:59:59.355195,37.50,37.50,63.60,20.00
2026-05-16T08:59:59.457874,54.50,54.50,44.40,0.00
2026-05-16T08:59:59.560615,44.40,44.40,60.00,0.00
2026-05-16T08:59:59.663211,54.50,54.50,63.60,11.10
2026-05-16T08:59:59.765862,50.00,50.00,58.30,10.00
2026-05-16T08:59:59.868628,60.00,44.40,60.00,11.10
2026-05-16T08:59:59.971418,50.00,44.40,58.30,10.00
2026-05-16T09:00:00.074101,50.00,54.50,66.70,0.00
2026-05-16T09:00:00.177376,54.50,45.50,60.00,10.00
2026-05-16T09:00:00.280720,54.50,50.00,58.30,0.00
2026-05-16T09:00:00.383340,54.50,44.40,60.00,10.00
2026-05-16T09:00:00.486563,50.00,54.50,58.30,0.00
2026-05-16T09:00:00.589200,60.00,44.40,63.60,18.20
2026-05-16T09:00:00.691820,58.30,54.50,55.60,0.00
2026-05-16T09:00:00.794540,44.40,54.50,54.50,10.00
2026-05-16T09:00:00.897138,54.50,50.00,60.00,0.00
2026-05-16T09:00:01.000067,50.00,50.00,54.50,10.00
2026-05-16T09:00:01.102981,37.50,54.50,63.60,20.00
2026-05-16T09:00:01.206187,54.50,50.00,63.60,10.00
2026-05-16T09:00:01.309124,60.00,63.60,60.00,0.00
2026-05-16T09:00:01.411919,50.00,44.40,58.30,11.10
2026-05-16T09:00:01.514498,58.30,54.50,60.00,10.00
2026-05-16T09:00:01.617218,44.40,50.00,63.60,10.00
2026-05-16T09:00:01.720176,50.00,44.40,54.50,11.10
2026-05-16T09:00:01.822383,11.10,20.00,12.50,0.00
2026-05-16T09:00:01.924497,0.00,0.00,0.00,0.00
2026-05-16T09:00:02.026472,0.00,0.00,10.00,0.00
2026-05-16T09:00:02.129146,0.00,0.00,0.00,0.00
2026-05-16T09:00:02.231402,20.00,10.00,11.10,10.00
2026-05-16T09:00:02.333486,0.00,11.10,0.00,0.00
2026-05-16T09:00:02.435521,0.00,0.00,0.00,0.00
2026-05-16T09:00:02.537554,11.10,0.00,0.00,0.00
2026-05-16T09:00:02.639687,0.00,11.10,0.00,0.00
2026-05-16T09:00:02.742090,0.00,0.00,0.00,0.00
2026-05-16T09:00:02.844342,0.00,10.00,0.00,0.00
2026-05-16T09:00:02.946458,10.00,0.00,0.00,0.00
2026-05-16T09:00:03.048620,11.10,0.00,11.10,0.00
2026-05-16T09:00:03.150725,0.00,0.00,0.00,0.00
2026-05-16T09:00:03.253103,11.10,11.10,11.10,10.00
2026-05-16T09:00:03.355531,10.00,0.00,10.00,0.00
2026-05-16T09:00:03.457592,0.00,0.00,0.00,0.00
2026-05-16T09:00:03.559996,0.00,0.00,0.00,0.00
2026-05-16T09:00:03.662181,0.00,11.10,0.00,0.00
2026-05-16T09:00:03.824693,26.70,21.40,33.30,26.70
2026-05-16T09:00:03.927042,0.00,0.00,100.00,0.00
2026-05-16T09:00:04.029129,11.10,11.10,100.00,0.00
2026-05-16T09:00:04.131394,20.00,11.10,100.00,0.00
2026-05-16T09:00:04.233549,20.00,0.00,100.00,0.00
2026-05-16T09:00:04.335705,10.00,10.00,100.00,16.70
2026-05-16T09:00:04.438078,11.10,20.00,100.00,0.00
2026-05-16T09:00:04.540472,0.00,11.10,100.00,0.00
2026-05-16T09:00:04.642543,0.00,0.00,100.00,0.00
2026-05-16T09:00:04.744856,10.00,11.10,100.00,0.00
2026-05-16T09:00:04.846969,0.00,11.10,100.00,0.00
2026-05-16T09:00:04.949116,11.10,0.00,100.00,0.00
2026-05-16T09:00:05.051578,10.00,0.00,100.00,9.10
2026-05-16T09:00:05.153745,11.10,0.00,100.00,0.00
2026-05-16T09:00:05.256066,20.00,20.00,100.00,0.00
2026-05-16T09:00:05.358159,10.00,0.00,100.00,0.00
2026-05-16T09:00:05.460315,11.10,0.00,100.00,9.10
2026-05-16T09:00:05.563164,11.10,0.00,100.00,0.00
2026-05-16T09:00:05.665603,11.10,20.00,100.00,0.00
2026-05-16T09:00:05.767896,0.00,0.00,100.00,0.00
2026-05-16T09:00:05.870261,0.00,20.00,100.00,0.00
2026-05-16T09:00:05.972457,10.00,0.00,100.00,0.00
2026-05-16T09:00:06.074595,11.10,11.10,100.00,0.00
2026-05-16T09:00:06.176845,0.00,11.10,100.00,0.00
2026-05-16T09:00:06.279253,18.20,0.00,100.00,0.00
2026-05-16T09:00:06.381405,0.00,0.00,100.00,9.10
2026-05-16T09:00:06.483632,10.00,10.00,100.00,9.10
2026-05-16T09:00:06.586072,10.00,0.00,100.00,0.00
2026-05-16T09:00:06.688545,0.00,10.00,100.00,0.00
2026-05-16T09:00:06.791022,0.00,0.00,100.00,0.00
2026-05-16T09:00:06.893514,18.20,0.00,100.00,0.00
2026-05-16T09:00:06.995986,0.00,11.10,100.00,10.00
2026-05-16T09:00:07.098204,10.00,0.00,100.00,0.00
2026-05-16T09:00:07.200486,10.00,0.00,100.00,10.00
2026-05-16T09:00:07.302821,11.10,20.00,100.00,0.00
2026-05-16T09:00:07.405209,0.00,0.00,100.00,0.00
2026-05-16T09:00:07.507623,27.30,11.10,100.00,0.00
2026-05-16T09:00:07.610199,0.00,0.00,100.00,0.00
2026-05-16T09:00:07.712673,18.20,0.00,100.00,0.00
2026-05-16T09:00:07.814826,0.00,0.00,100.00,0.00
2026-05-16T09:00:07.916866,10.00,11.10,100.00,0.00
2026-05-16T09:00:08.019091,0.00,0.00,100.00,9.10
2026-05-16T09:00:08.121280,10.00,10.00,100.00,9.10
2026-05-16T09:00:08.223438,10.00,0.00,100.00,0.00
2026-05-16T09:00:08.325498,0.00,10.00,100.00,0.00
2026-05-16T09:00:08.427633,10.00,0.00,100.00,0.00
2026-05-16T09:00:08.529676,10.00,18.20,100.00,0.00
2026-05-16T09:00:08.631832,0.00,0.00,100.00,0.00
2026-05-16T09:00:08.733917,18.20,11.10,100.00,0.00
2026-05-16T09:00:08.836161,10.00,10.00,100.00,0.00
2026-05-16T09:00:08.938458,10.00,11.10,100.00,0.00
2026-05-16T09:00:09.040695,0.00,11.10,100.00,0.00
2026-05-16T09:00:09.142985,0.00,10.00,100.00,0.00
2026-05-16T09:00:09.245756,11.10,0.00,100.00,0.00
2026-05-16T09:00:09.348256,10.00,0.00,100.00,0.00
2026-05-16T09:00:09.450405,10.00,20.00,100.00,10.00
2026-05-16T09:00:09.552580,27.30,0.00,100.00,0.00
2026-05-16T09:00:09.654825,0.00,0.00,100.00,0.00
2026-05-16T09:00:09.757935,20.00,11.10,100.00,0.00
2026-05-16T09:00:09.861193,90.90,90.00,100.00,0.00
2026-05-16T09:00:09.964408,90.00,81.80,100.00,20.00
2026-05-16T09:00:10.067860,90.90,81.80,100.00,11.10
2026-05-16T09:00:10.171598,90.00,88.90,100.00,20.00
2026-05-16T09:00:10.274646,80.00,83.30,100.00,11.10
2026-05-16T09:00:10.377938,90.00,87.50,100.00,0.00
2026-05-16T09:00:10.480793,90.00,81.80,100.00,11.10
2026-05-16T09:00:10.583663,90.90,83.30,100.00,11.10
2026-05-16T09:00:10.686555,81.80,80.00,100.00,11.10
2026-05-16T09:00:10.789951,88.90,80.00,100.00,10.00
2026-05-16T09:00:10.893086,81.80,81.80,100.00,11.10
2026-05-16T09:00:10.996174,90.00,90.00,100.00,20.00
2026-05-16T09:00:11.099093,81.80,81.80,100.00,0.00
2026-05-16T09:00:11.202073,90.90,80.00,100.00,20.00
2026-05-16T09:00:11.305636,90.00,90.00,100.00,0.00
2026-05-16T09:00:11.408959,90.00,83.30,100.00,20.00
2026-05-16T09:00:11.511907,90.00,88.90,100.00,10.00
2026-05-16T09:00:11.615069,81.80,81.80,100.00,11.10
2026-05-16T09:00:11.718192,90.00,83.30,100.00,11.10
2026-05-16T09:00:11.821005,81.80,81.80,100.00,11.10
2026-05-16T09:00:11.923937,81.80,70.00,100.00,20.00
2026-05-16T09:00:12.027070,90.00,81.80,100.00,0.00
2026-05-16T09:00:12.130461,81.80,80.00,100.00,10.00
2026-05-16T09:00:12.233983,90.00,90.00,100.00,22.20
2026-05-16T09:00:12.337354,83.30,81.80,100.00,0.00
2026-05-16T09:00:12.441824,90.00,77.80,100.00,11.10
2026-05-16T09:00:12.544851,83.30,83.30,100.00,20.00
2026-05-16T09:00:12.647590,88.90,80.00,100.00,0.00
2026-05-16T09:00:12.750751,81.80,81.80,100.00,11.10
2026-05-16T09:00:12.854353,90.00,80.00,100.00,0.00
2026-05-16T09:00:12.957733,81.80,80.00,100.00,20.00
2026-05-16T09:00:13.061076,90.90,90.00,100.00,22.20
2026-05-16T09:00:13.164085,90.00,81.80,100.00,0.00
2026-05-16T09:00:13.267085,90.00,90.90,100.00,30.00
2026-05-16T09:00:13.370261,80.00,88.90,100.00,11.10
2026-05-16T09:00:13.473401,90.00,81.80,100.00,11.10
2026-05-16T09:00:13.576943,83.30,80.00,100.00,0.00
2026-05-16T09:00:13.680439,88.90,81.80,100.00,0.00
2026-05-16T09:00:13.784022,81.80,80.00,100.00,18.20
2026-05-16T09:00:13.888652,80.00,72.70,100.00,0.00
2026-05-16T09:00:13.991639,81.80,77.80,100.00,11.10
2026-05-16T09:00:14.095013,77.80,75.00,100.00,0.00
2026-05-16T09:00:14.197789,90.00,77.80,100.00,0.00
2026-05-16T09:00:14.300783,81.80,81.80,100.00,27.30
2026-05-16T09:00:14.403731,81.80,81.80,100.00,0.00
2026-05-16T09:00:14.506596,83.30,77.80,100.00,11.10
2026-05-16T09:00:14.609535,81.80,81.80,100.00,20.00
2026-05-16T09:00:14.712421,80.00,75.00,100.00,11.10
2026-05-16T09:00:14.815097,80.00,80.00,100.00,10.00
2026-05-16T09:00:14.918129,81.80,72.70,100.00,0.00
2026-05-16T09:00:15.021288,80.00,70.00,100.00,20.00
2026-05-16T09:00:15.124490,81.80,80.00,100.00,10.00
2026-05-16T09:00:15.227034,80.00,75.00,100.00,0.00
2026-05-16T09:00:15.329774,81.80,80.00,100.00,11.10
2026-05-16T09:00:15.432658,80.00,72.70,100.00,11.10
2026-05-16T09:00:15.535526,75.00,72.70,100.00,0.00
2026-05-16T09:00:15.638510,80.00,81.80,100.00,0.00
2026-05-16T09:00:15.741467,81.80,72.70,100.00,11.10
2026-05-16T09:00:15.844395,80.00,80.00,100.00,0.00
2026-05-16T09:00:15.947459,80.00,66.70,100.00,20.00
2026-05-16T09:00:16.050523,81.80,76.90,100.00,20.00
2026-05-16T09:00:16.154403,80.00,81.80,100.00,0.00
2026-05-16T09:00:16.257659,81.80,72.70,100.00,11.10
2026-05-16T09:00:16.360711,80.00,80.00,100.00,0.00
2026-05-16T09:00:16.463809,90.00,80.00,100.00,20.00
2026-05-16T09:00:16.566660,72.70,72.70,100.00,0.00
2026-05-16T09:00:16.669977,80.00,80.00,100.00,0.00
2026-05-16T09:00:16.773013,81.80,80.00,100.00,11.10
2026-05-16T09:00:16.876028,81.80,75.00,100.00,11.10
2026-05-16T09:00:16.979389,81.80,80.00,100.00,11.10
2026-05-16T09:00:17.082558,83.30,72.70,100.00,0.00
2026-05-16T09:00:17.185624,88.90,88.90,100.00,33.30
2026-05-16T09:00:17.288625,83.30,80.00,100.00,0.00
2026-05-16T09:00:17.391859,77.80,81.80,100.00,11.10
2026-05-16T09:00:17.494457,90.90,72.70,100.00,18.20
2026-05-16T09:00:17.597828,72.70,80.00,100.00,0.00
2026-05-16T09:00:17.701201,88.90,75.00,100.00,20.00
2026-05-16T09:00:17.804151,60.00,50.00,100.00,0.00
2026-05-16T09:00:17.907139,44.40,44.40,100.00,10.00
2026-05-16T09:00:18.009869,50.00,50.00,100.00,0.00
2026-05-16T09:00:18.112835,50.00,50.00,100.00,10.00
2026-05-16T09:00:18.215431,44.40,37.50,100.00,0.00
2026-05-16T09:00:18.317967,40.00,44.40,100.00,0.00
2026-05-16T09:00:18.420430,44.40,50.00,100.00,9.10
2026-05-16T09:00:18.522985,50.00,44.40,100.00,10.00
2026-05-16T09:00:18.625969,44.40,40.00,100.00,0.00
2026-05-16T09:00:18.728409,44.40,50.00,100.00,10.00
2026-05-16T09:00:18.831803,45.50,44.40,100.00,10.00
2026-05-16T09:00:18.934792,44.40,37.50,100.00,0.00
2026-05-16T09:00:19.037241,50.00,44.40,100.00,0.00
2026-05-16T09:00:19.140005,37.50,40.00,100.00,10.00
2026-05-16T09:00:19.243223,44.40,37.50,100.00,18.20
2026-05-16T09:00:19.345788,45.50,44.40,100.00,10.00
2026-05-16T09:00:19.448178,44.40,54.50,100.00,0.00
2026-05-16T09:00:19.550966,44.40,44.40,100.00,10.00
2026-05-16T09:00:19.653910,44.40,50.00,100.00,0.00
2026-05-16T09:00:19.756652,50.00,44.40,100.00,11.10
2026-05-16T09:00:19.859177,40.00,50.00,100.00,0.00
2026-05-16T09:00:19.962104,54.50,40.00,100.00,10.00
2026-05-16T09:00:20.064673,44.40,37.50,100.00,0.00
2026-05-16T09:00:20.167214,44.40,50.00,100.00,0.00
2026-05-16T09:00:20.269831,45.50,37.50,100.00,10.00
2026-05-16T09:00:20.372222,50.00,40.00,100.00,0.00
2026-05-16T09:00:20.474829,44.40,44.40,100.00,10.00
2026-05-16T09:00:20.577550,40.00,37.50,100.00,0.00
2026-05-16T09:00:20.680448,44.40,45.50,100.00,10.00
2026-05-16T09:00:20.783044,44.40,37.50,100.00,0.00
2026-05-16T09:00:20.885746,50.00,50.00,100.00,0.00
2026-05-16T09:00:20.988158,45.50,40.00,100.00,0.00
2026-05-16T09:00:21.090812,50.00,44.40,100.00,18.20
2026-05-16T09:00:21.193413,40.00,28.60,100.00,0.00
2026-05-16T09:00:21.296498,44.40,50.00,100.00,10.00
2026-05-16T09:00:21.399695,50.00,40.00,100.00,0.00
2026-05-16T09:00:21.502062,40.00,44.40,100.00,0.00
2026-05-16T09:00:21.604836,50.00,50.00,100.00,10.00
2026-05-16T09:00:21.707669,44.40,37.50,100.00,10.00
2026-05-16T09:00:21.810020,33.30,33.30,100.00,0.00
2026-05-16T09:00:21.912447,30.00,12.50,100.00,0.00
2026-05-16T09:00:22.014936,22.20,22.20,100.00,0.00
2026-05-16T09:00:22.117084,12.50,25.00,100.00,0.00
2026-05-16T09:00:22.219791,14.30,25.00,100.00,10.00
2026-05-16T09:00:22.322464,30.00,22.20,100.00,0.00
2026-05-16T09:00:22.424805,22.20,12.50,100.00,0.00
2026-05-16T09:00:22.527209,22.20,25.00,100.00,0.00
2026-05-16T09:00:22.629481,14.30,22.20,100.00,18.20
2026-05-16T09:00:22.732236,30.00,25.00,100.00,0.00
2026-05-16T09:00:22.834584,22.20,22.20,100.00,0.00
2026-05-16T09:00:22.936888,22.20,22.20,100.00,0.00
2026-05-16T09:00:23.039095,33.30,33.30,100.00,10.00
2026-05-16T09:00:23.141575,12.50,33.30,100.00,0.00
2026-05-16T09:00:23.243618,22.20,22.20,100.00,18.20
2026-05-16T09:00:23.346006,14.30,14.30,100.00,0.00
2026-05-16T09:00:23.448451,22.20,30.00,100.00,0.00
2026-05-16T09:00:23.550750,22.20,14.30,100.00,10.00
2026-05-16T09:00:23.653172,14.30,30.00,100.00,0.00
2026-05-16T09:00:23.755731,22.20,25.00,100.00,0.00
2026-05-16T09:00:23.858182,30.00,12.50,100.00,0.00
2026-05-16T09:00:23.960667,14.30,25.00,100.00,0.00
2026-05-16T09:00:24.062950,22.20,12.50,100.00,0.00
2026-05-16T09:00:24.165074,30.00,40.00,100.00,10.00
2026-05-16T09:00:24.267512,12.50,12.50,100.00,9.10
2026-05-16T09:00:24.369853,22.20,22.20,100.00,0.00
2026-05-16T09:00:24.472138,25.00,25.00,100.00,10.00
2026-05-16T09:00:24.574740,22.20,12.50,100.00,0.00
2026-05-16T09:00:24.677143,30.00,25.00,100.00,10.00
2026-05-16T09:00:24.779875,12.50,12.50,100.00,0.00
2026-05-16T09:00:24.882168,22.20,22.20,100.00,0.00
2026-05-16T09:00:24.984588,14.30,25.00,100.00,0.00
2026-05-16T09:00:25.086904,30.00,22.20,100.00,9.10
2026-05-16T09:00:25.189786,12.50,25.00,100.00,0.00
2026-05-16T09:00:25.292606,33.30,22.20,100.00,10.00
2026-05-16T09:00:25.395066,30.00,22.20,100.00,0.00
2026-05-16T09:00:25.497326,12.50,0.00,100.00,0.00
2026-05-16T09:00:25.600104,12.50,22.20,100.00,0.00
2026-05-16T09:00:25.702580,30.00,33.30,100.00,0.00
2026-05-16T09:00:25.805607,70.00,70.00,100.00,0.00
2026-05-16T09:00:25.909001,88.90,90.00,100.00,20.00
2026-05-16T09:00:26.012478,90.90,80.00,100.00,11.10
2026-05-16T09:00:26.115847,90.90,90.90,100.00,0.00
2026-05-16T09:00:26.219024,88.90,80.00,100.00,20.00
2026-05-16T09:00:26.322001,84.60,83.30,100.00,0.00
2026-05-16T09:00:26.425302,88.90,90.00,100.00,11.10
2026-05-16T09:00:26.528590,90.90,90.00,100.00,0.00
2026-05-16T09:00:26.631666,88.90,90.00,100.00,11.10
2026-05-16T09:00:26.791694,93.80,92.90,100.00,31.30
2026-05-16T09:00:26.895875,75.00,70.00,83.30,11.10
2026-05-16T09:00:26.999041,66.70,75.00,80.00,0.00
2026-05-16T09:00:27.102200,70.00,70.00,81.80,20.00
2026-05-16T09:00:27.205115,80.00,72.70,83.30,0.00
2026-05-16T09:00:27.308462,75.00,77.80,81.80,30.00
2026-05-16T09:00:27.412339,70.00,72.70,83.30,0.00
2026-05-16T09:00:27.515865,80.00,72.70,90.00,11.10
2026-05-16T09:00:27.620135,72.70,80.00,83.30,11.10
2026-05-16T09:00:27.723754,72.70,70.00,81.80,20.00
2026-05-16T09:00:27.827217,72.70,72.70,76.90,10.00
2026-05-16T09:00:27.930074,72.70,63.60,80.00,0.00
2026-05-16T09:00:28.033688,70.00,75.00,83.30,11.10
2026-05-16T09:00:28.136643,72.70,70.00,81.80,11.10
2026-05-16T09:00:28.239716,70.00,70.00,72.70,11.10
2026-05-16T09:00:28.342712,70.00,66.70,81.80,0.00
2026-05-16T09:00:28.446068,72.70,77.80,76.90,20.00
2026-05-16T09:00:28.549449,72.70,75.00,83.30,0.00
2026-05-16T09:00:28.652511,70.00,72.70,81.80,11.10
2026-05-16T09:00:28.755659,72.70,72.70,77.80,11.10
2026-05-16T09:00:28.858365,63.60,70.00,75.00,0.00
2026-05-16T09:00:28.961143,72.70,72.70,81.80,27.30
2026-05-16T09:00:29.064576,75.00,63.60,75.00,0.00
2026-05-16T09:00:29.167834,66.70,72.70,83.30,0.00
2026-05-16T09:00:29.271048,66.70,70.00,81.80,11.10
2026-05-16T09:00:29.373916,75.00,72.70,75.00,20.00
2026-05-16T09:00:29.477088,66.70,72.70,81.80,0.00
2026-05-16T09:00:29.580779,66.70,66.70,76.90,11.10
2026-05-16T09:00:29.683876,70.00,70.00,80.00,0.00
2026-05-16T09:00:29.787125,66.70,63.60,72.70,10.00
2026-05-16T09:00:29.889989,54.50,60.00,63.60,0.00
2026-05-16T09:00:29.993108,54.50,50.00,58.30,18.20
2026-05-16T09:00:30.095966,55.60,50.00,60.00,11.10
2026-05-16T09:00:30.198744,54.50,55.60,63.60,0.00
2026-05-16T09:00:30.302019,54.50,50.00,60.00,10.00
2026-05-16T09:00:30.404832,60.00,54.50,63.60,0.00
2026-05-16T09:00:30.507248,44.40,44.40,54.50,10.00
2026-05-16T09:00:30.609816,50.00,54.50,66.70,20.00
2026-05-16T09:00:30.712347,54.50,50.00,66.70,10.00
2026-05-16T09:00:30.815060,50.00,54.50,54.50,11.10
2026-05-16T09:00:30.918192,55.60,50.00,60.00,0.00
2026-05-16T09:00:31.021128,54.50,50.00,66.70,0.00
2026-05-16T09:00:31.124179,54.50,54.50,63.60,10.00
2026-05-16T09:00:31.227412,60.00,55.60,54.50,11.10
2026-05-16T09:00:31.330302,44.40,44.40,60.00,0.00
2026-05-16T09:00:31.433203,50.00,54.50,63.60,0.00
2026-05-16T09:00:31.535997,50.00,55.60,66.70,0.00
2026-05-16T09:00:31.639858,63.60,54.50,63.60,10.00
2026-05-16T09:00:31.742466,50.00,50.00,60.00,0.00
2026-05-16T09:00:31.845114,50.00,50.00,61.50,0.00
2026-05-16T09:00:31.948132,60.00,54.50,60.00,10.00
2026-05-16T09:00:32.050729,54.50,50.00,60.00,11.10
2026-05-16T09:00:32.153084,50.00,60.00,58.30,20.00
2026-05-16T09:00:32.256128,60.00,50.00,63.60,10.00
2026-05-16T09:00:32.359131,54.50,50.00,66.70,0.00
2026-05-16T09:00:32.462091,54.50,60.00,63.60,10.00
2026-05-16T09:00:32.564734,58.30,50.00,66.70,0.00
2026-05-16T09:00:32.668396,55.60,54.50,63.60,18.20
2026-05-16T09:00:32.771037,50.00,54.50,54.50,11.10
2026-05-16T09:00:32.873841,50.00,63.60,60.00,0.00
2026-05-16T09:00:32.976912,60.00,37.50,66.70,0.00
2026-05-16T09:00:33.079375,54.50,58.30,58.30,11.10
2026-05-16T09:00:33.182085,54.50,54.50,63.60,10.00
2026-05-16T09:00:33.285341,55.60,44.40,63.60,20.00
2026-05-16T09:00:33.388200,54.50,58.30,63.60,0.00
2026-05-16T09:00:33.490960,58.30,55.60,63.60,0.00
2026-05-16T09:00:33.593750,60.00,54.50,54.50,11.10
2026-05-16T09:00:33.696361,50.00,44.40,63.60,10.00
2026-05-16T09:00:33.798554,12.50,30.00,12.50,10.00
2026-05-16T09:00:33.900674,20.00,0.00,11.10,0.00
2026-05-16T09:00:34.002873,0.00,0.00,22.20,0.00
2026-05-16T09:00:34.104990,11.10,0.00,0.00,0.00
2026-05-16T09:00:34.207163,10.00,10.00,0.00,0.00
2026-05-16T09:00:34.309437,0.00,0.00,0.00,10.00
2026-05-16T09:00:34.411785,0.00,20.00,0.00,0.00
2026-05-16T09:00:34.514070,11.10,0.00,11.10,0.00
2026-05-16T09:00:34.616418,0.00,11.10,0.00,10.00
2026-05-16T09:00:34.718387,20.00,0.00,11.10,0.00
2026-05-16T09:00:34.820723,0.00,0.00,0.00,0.00
2026-05-16T09:00:34.922856,11.10,0.00,20.00,9.10
2026-05-16T09:00:35.024943,0.00,11.10,11.10,0.00
2026-05-16T09:00:35.127025,27.30,0.00,0.00,0.00
2026-05-16T09:00:35.229063,0.00,20.00,11.10,0.00
2026-05-16T09:00:35.331549,20.00,0.00,11.10,10.00
2026-05-16T09:00:35.434080,0.00,0.00,0.00,0.00
2026-05-16T09:00:35.536411,0.00,11.10,11.10,0.00
2026-05-16T09:00:35.638849,10.00,11.10,0.00,0.00
2026-05-16T09:00:35.796126,15.40,8.30,42.90,14.30
2026-05-16T09:00:35.898329,11.10,22.20,100.00,0.00
2026-05-16T09:00:36.000562,22.20,11.10,100.00,0.00
2026-05-16T09:00:36.102981,11.10,0.00,100.00,10.00
2026-05-16T09:00:36.205413,20.00,30.00,100.00,0.00
2026-05-16T09:00:36.307695,22.20,0.00,100.00,10.00
2026-05-16T09:00:36.409956,20.00,0.00,100.00,9.10
2026-05-16T09:00:36.512201,11.10,22.20,100.00,0.00
2026-05-16T09:00:36.614652,20.00,11.10,100.00,0.00
2026-05-16T09:00:36.717000,0.00,12.50,100.00,0.00
2026-05-16T09:00:36.819359,0.00,20.00,100.00,0.00
2026-05-16T09:00:36.921537,22.20,0.00,100.00,0.00
2026-05-16T09:00:37.023910,11.10,0.00,100.00,0.00
2026-05-16T09:00:37.126469,11.10,11.10,100.00,0.00
2026-05-16T09:00:37.228818,12.50,22.20,100.00,20.00
2026-05-16T09:00:37.330934,20.00,0.00,100.00,0.00
2026-05-16T09:00:37.433354,0.00,0.00,100.00,0.00
2026-05-16T09:00:37.535816,22.20,22.20,100.00,9.10
2026-05-16T09:00:37.638106,0.00,12.50,100.00,0.00
2026-05-16T09:00:37.740570,30.00,11.10,100.00,9.10
2026-05-16T09:00:37.843133,55.60,60.00,100.00,0.00
2026-05-16T09:00:37.945754,63.60,63.60,100.00,10.00
2026-05-16T09:00:38.048563,60.00,60.00,100.00,0.00
2026-05-16T09:00:38.150968,63.60,60.00,100.00,0.00
2026-05-16T09:00:38.253918,60.00,55.60,100.00,18.20
2026-05-16T09:00:38.356915,63.60,60.00,100.00,10.00
2026-05-16T09:00:38.459592,66.70,60.00,100.00,0.00
2026-05-16T09:00:38.562426,50.00,60.00,100.00,11.10
2026-05-16T09:00:38.665447,69.20,60.00,100.00,0.00
2026-05-16T09:00:38.768013,63.60,60.00,100.00,10.00
2026-05-16T09:00:38.870802,60.00,60.00,100.00,11.10
2026-05-16T09:00:38.973680,60.00,63.60,100.00,0.00
2026-05-16T09:00:39.076528,63.60,60.00,100.00,0.00
2026-05-16T09:00:39.180013,66.70,60.00,100.00,11.10
2026-05-16T09:00:39.282692,63.60,60.00,100.00,10.00
2026-05-16T09:00:39.385224,63.60,66.70,100.00,10.00
2026-05-16T09:00:39.487932,63.60,55.60,100.00,0.00
2026-05-16T09:00:39.590374,63.60,60.00,100.00,0.00
2026-05-16T09:00:39.693662,60.00,63.60,100.00,18.20
2026-05-16T09:00:39.796230,60.00,50.00,100.00,10.00
2026-05-16T09:00:39.899058,66.70,60.00,100.00,0.00
2026-05-16T09:00:40.002195,60.00,63.60,100.00,0.00
2026-05-16T09:00:40.105384,63.60,60.00,100.00,10.00
2026-05-16T09:00:40.207937,63.60,60.00,100.00,10.00
2026-05-16T09:00:40.310602,54.50,58.30,100.00,10.00
2026-05-16T09:00:40.412987,55.60,60.00,100.00,0.00
2026-05-16T09:00:40.515660,60.00,55.60,100.00,0.00
2026-05-16T09:00:40.618745,66.70,66.70,100.00,18.20
2026-05-16T09:00:40.721844,62.50,60.00,100.00,0.00
2026-05-16T09:00:40.824816,63.60,55.60,100.00,11.10
2026-05-16T09:00:40.927640,66.70,66.70,100.00,10.00
2026-05-16T09:00:41.030374,55.60,55.60,100.00,11.10
2026-05-16T09:00:41.133104,60.00,60.00,100.00,0.00
2026-05-16T09:00:41.236506,63.60,60.00,100.00,11.10
2026-05-16T09:00:41.339445,63.60,55.60,100.00,10.00
2026-05-16T09:00:41.442729,63.60,66.70,100.00,10.00
2026-05-16T09:00:41.545868,60.00,50.00,100.00,0.00
2026-05-16T09:00:41.648551,66.70,70.00,100.00,0.00
2026-05-16T09:00:41.751564,60.00,63.60,100.00,20.00
2026-05-16T09:00:41.854851,81.80,77.80,100.00,0.00
2026-05-16T09:00:41.957810,80.00,72.70,100.00,0.00
2026-05-16T09:00:42.060895,81.80,83.30,100.00,20.00
2026-05-16T09:00:42.163536,90.00,77.80,100.00,0.00
2026-05-16T09:00:42.266518,81.80,81.80,100.00,11.10
2026-05-16T09:00:42.369542,81.80,81.80,100.00,11.10
2026-05-16T09:00:42.472536,77.80,72.70,100.00,10.00
2026-05-16T09:00:42.575431,81.80,81.80,100.00,11.10
2026-05-16T09:00:42.678888,90.90,90.00,100.00,11.10
2026-05-16T09:00:42.781688,81.80,77.80,100.00,20.00
2026-05-16T09:00:42.884631,88.90,81.80,100.00,11.10
2026-05-16T09:00:42.987858,80.00,81.80,100.00,20.00
2026-05-16T09:00:43.090907,81.80,81.80,100.00,0.00
2026-05-16T09:00:43.194168,81.80,75.00,100.00,11.10
2026-05-16T09:00:43.297231,81.80,77.80,100.00,11.10
2026-05-16T09:00:43.400162,80.00,81.80,100.00,11.10
2026-05-16T09:00:43.503126,88.90,81.80,100.00,0.00
2026-05-16T09:00:43.606701,80.00,81.80,100.00,10.00
2026-05-16T09:00:43.709866,81.80,80.00,100.00,11.10
2026-05-16T09:00:43.812958,80.00,81.80,100.00,11.10
2026-05-16T09:00:43.916091,80.00,80.00,100.00,20.00
2026-05-16T09:00:44.019635,81.80,81.80,100.00,0.00
2026-05-16T09:00:44.122532,80.00,75.00,100.00,0.00
2026-05-16T09:00:44.225435,90.90,80.00,100.00,10.00
2026-05-16T09:00:44.328757,72.70,80.00,100.00,22.20
2026-05-16T09:00:44.431946,80.00,72.70,100.00,0.00
2026-05-16T09:00:44.534726,81.80,81.80,100.00,0.00
2026-05-16T09:00:44.637840,77.80,72.70,100.00,20.00
2026-05-16T09:00:44.740835,81.80,80.00,100.00,0.00
2026-05-16T09:00:44.843654,90.00,90.00,100.00,10.00
2026-05-16T09:00:44.946954,77.80,80.00,100.00,0.00
2026-05-16T09:00:45.049930,81.80,81.80,100.00,0.00
2026-05-16T09:00:45.152979,83.30,80.00,100.00,27.30
2026-05-16T09:00:45.255756,90.90,80.00,100.00,20.00
2026-05-16T09:00:45.358514,81.80,81.80,100.00,11.10
2026-05-16T09:00:45.461493,81.80,81.80,100.00,0.00
2026-05-16T09:00:45.564222,77.80,80.00,100.00,0.00
2026-05-16T09:00:45.667380,83.30,81.80,100.00,18.20
2026-05-16T09:00:45.769880,66.70,60.00,100.00,0.00
2026-05-16T09:00:45.872358,11.10,20.00,100.00,0.00
2026-05-16T09:00:45.974961,20.00,12.50,100.00,0.00
2026-05-16T09:00:46.077565,12.50,11.10,100.00,0.00
2026-05-16T09:00:46.179983,20.00,11.10,100.00,0.00
2026-05-16T09:00:46.282357,0.00,0.00,100.00,9.10
2026-05-16T09:00:46.384989,0.00,11.10,100.00,0.00
2026-05-16T09:00:46.487450,0.00,11.10,100.00,0.00
2026-05-16T09:00:46.589448,20.00,0.00,100.00,0.00
2026-05-16T09:00:46.691795,22.20,12.50,100.00,0.00
2026-05-16T09:00:46.793816,0.00,20.00,100.00,0.00
2026-05-16T09:00:46.896251,11.10,0.00,100.00,0.00
2026-05-16T09:00:47.001233,0.00,0.00,100.00,10.00
2026-05-16T09:00:47.103521,11.10,22.20,100.00,0.00
2026-05-16T09:00:47.206353,12.50,11.10,100.00,10.00
2026-05-16T09:00:47.308518,11.10,12.50,100.00,10.00
2026-05-16T09:00:47.410717,11.10,11.10,100.00,0.00
2026-05-16T09:00:47.512880,11.10,12.50,100.00,0.00
2026-05-16T09:00:47.615401,0.00,11.10,100.00,0.00
2026-05-16T09:00:47.717981,20.00,0.00,100.00,0.00
2026-05-16T09:00:47.820565,11.10,20.00,100.00,9.10
2026-05-16T09:00:47.922912,0.00,11.10,100.00,0.00
2026-05-16T09:00:48.025233,11.10,0.00,100.00,0.00
2026-05-16T09:00:48.127524,0.00,0.00,100.00,0.00
2026-05-16T09:00:48.229687,11.10,0.00,100.00,0.00
2026-05-16T09:00:48.331935,0.00,12.50,100.00,0.00
2026-05-16T09:00:48.434186,27.30,11.10,100.00,10.00
2026-05-16T09:00:48.536620,0.00,11.10,100.00,0.00
2026-05-16T09:00:48.639016,11.10,0.00,100.00,0.00
2026-05-16T09:00:48.741350,12.50,22.20,100.00,0.00
2026-05-16T09:00:48.843582,27.30,0.00,100.00,10.00
2026-05-16T09:00:48.945652,27.30,11.10,100.00,0.00
2026-05-16T09:00:49.047736,0.00,12.50,100.00,0.00
2026-05-16T09:00:49.150070,11.10,0.00,100.00,9.10
2026-05-16T09:00:49.252374,11.10,20.00,100.00,0.00
2026-05-16T09:00:49.354819,11.10,12.50,100.00,0.00
2026-05-16T09:00:49.457100,12.50,11.10,100.00,10.00
2026-05-16T09:00:49.559601,11.10,12.50,100.00,0.00
2026-05-16T09:00:49.661991,11.10,11.10,100.00,0.00
2026-05-16T09:00:49.764751,33.30,33.30,100.00,0.00
2026-05-16T09:00:49.867730,90.00,80.00,100.00,22.20
2026-05-16T09:00:49.970947,81.80,90.90,100.00,30.00
2026-05-16T09:00:50.074413,90.00,90.00,100.00,0.00
2026-05-16T09:00:50.177348,83.30,81.80,100.00,0.00
2026-05-16T09:00:50.280554,90.00,90.00,100.00,11.10
2026-05-16T09:00:50.383500,81.80,81.80,100.00,20.00
2026-05-16T09:00:50.486654,88.90,80.00,100.00,0.00
2026-05-16T09:00:50.589458,81.80,77.80,100.00,10.00
2026-05-16T09:00:50.692308,81.80,90.90,100.00,0.00
2026-05-16T09:00:50.795139,90.00,80.00,100.00,20.00
2026-05-16T09:00:50.898093,81.80,81.80,100.00,0.00
2026-05-16T09:00:51.001867,90.00,88.90,100.00,0.00
2026-05-16T09:00:51.105053,90.00,84.60,100.00,27.30
2026-05-16T09:00:51.207881,81.80,77.80,100.00,0.00
2026-05-16T09:00:51.311543,88.90,90.90,100.00,20.00
2026-05-16T09:00:51.414751,81.80,81.80,100.00,0.00
2026-05-16T09:00:51.517905,81.80,80.00,100.00,11.10
2026-05-16T09:00:51.620972,77.80,81.80,100.00,11.10
2026-05-16T09:00:51.724039,83.30,80.00,100.00,20.00
2026-05-16T09:00:51.826823,90.00,88.90,100.00,22.20
2026-05-16T09:00:51.930018,90.00,90.90,100.00,0.00
2026-05-16T09:00:52.032749,88.90,90.90,100.00,11.10
2026-05-16T09:00:52.135800,90.00,88.90,100.00,20.00
2026-05-16T09:00:52.238865,90.90,81.80,100.00,12.50
2026-05-16T09:00:52.341618,81.80,90.00,100.00,10.00
2026-05-16T09:00:52.444807,88.90,83.30,100.00,11.10
2026-05-16T09:00:52.548605,81.80,80.00,100.00,11.10
2026-05-16T09:00:52.651861,90.00,90.00,100.00,11.10
2026-05-16T09:00:52.755034,81.80,81.80,100.00,0.00
2026-05-16T09:00:52.858048,90.90,88.90,100.00,20.00
2026-05-16T09:00:52.960830,80.00,72.70,100.00,0.00
2026-05-16T09:00:53.063992,80.00,90.00,100.00,20.00
2026-05-16T09:00:53.167343,88.90,83.30,100.00,0.00
2026-05-16T09:00:53.270433,81.80,81.80,100.00,22.20
2026-05-16T09:00:53.374078,90.00,90.00,100.00,0.00
2026-05-16T09:00:53.477195,88.90,90.00,100.00,11.10
2026-05-16T09:00:53.579911,83.30,81.80,100.00,0.00
2026-05-16T09:00:53.682842,87.50,80.00,100.00,18.20
2026-05-16T09:00:53.786595,90.90,90.90,100.00,12.50
2026-05-16T09:00:53.939050,93.30,100.00,100.00,35.70
2026-05-16T09:00:54.042369,81.80,81.80,91.70,12.50
2026-05-16T09:00:54.145581,80.00,80.00,90.00,11.10
2026-05-16T09:00:54.249030,72.70,75.00,83.30,20.00
2026-05-16T09:00:54.352188,80.00,81.80,91.70,0.00
2026-05-16T09:00:54.455410,80.00,81.80,88.90,20.00
2026-05-16T09:00:54.559197,83.30,80.00,91.70,11.10
2026-05-16T09:00:54.662725,77.80,72.70,90.90,11.10
2026-05-16T09:00:54.766061,75.00,83.30,81.80,12.50
2026-05-16T09:00:54.869982,80.00,80.00,91.70,11.10
2026-05-16T09:00:54.973080,77.80,81.80,90.00,0.00
2026-05-16T09:00:55.075995,83.30,81.80,90.90,11.10
2026-05-16T09:00:55.179686,72.70,81.80,90.90,30.00
2026-05-16T09:00:55.283014,77.80,81.80,81.80,22.20
2026-05-16T09:00:55.387223,81.80,83.30,90.90,0.00
2026-05-16T09:00:55.491751,76.90,72.70,90.90,20.00
2026-05-16T09:00:55.595245,77.80,80.00,90.90,0.00
2026-05-16T09:00:55.698549,81.80,81.80,83.30,11.10
2026-05-16T09:00:55.801639,70.00,70.00,90.00,11.10
2026-05-16T09:00:55.904772,81.80,80.00,83.30,0.00
2026-05-16T09:00:56.008998,81.80,72.70,81.80,0.00
2026-05-16T09:00:56.112425,80.00,90.00,90.90,11.10
2026-05-16T09:00:56.215823,72.70,81.80,90.90,27.30
2026-05-16T09:00:56.318889,81.80,75.00,83.30,0.00
2026-05-16T09:00:56.422197,75.00,80.00,90.90,11.10
2026-05-16T09:00:56.525707,80.00,81.80,83.30,0.00
2026-05-16T09:00:56.628817,81.80,76.90,90.00,11.10
2026-05-16T09:00:56.732359,72.70,80.00,90.90,22.20
2026-05-16T09:00:56.835423,80.00,70.00,80.00,11.10
2026-05-16T09:00:56.939107,72.70,81.80,83.30,0.00
2026-05-16T09:00:57.042055,81.80,72.70,83.30,11.10
2026-05-16T09:00:57.145248,72.70,66.70,81.80,11.10
2026-05-16T09:00:57.248469,81.80,81.80,90.00,25.00
2026-05-16T09:00:57.351226,72.70,80.00,83.30,20.00
2026-05-16T09:00:57.454644,77.80,75.00,81.80,0.00
2026-05-16T09:00:57.558089,75.00,77.80,83.30,20.00
2026-05-16T09:00:57.661427,80.00,80.00,90.00,11.10
2026-05-16T09:00:57.764757,77.80,72.70,91.70,22.20
2026-05-16T09:00:57.867891,72.70,70.00,72.70,0.00
2026-05-16T09:00:57.971097,63.60,70.00,80.00,0.00
2026-05-16T09:00:58.074231,75.00,66.70,75.00,22.20
2026-05-16T09:00:58.177143,60.00,70.00,81.80,0.00
2026-05-16T09:00:58.279840,70.00,70.00,72.70,11.10
2026-05-16T09:00:58.382919,72.70,70.00,81.80,10.00
2026-05-16T09:00:58.485756,70.00,66.70,75.00,0.00
2026-05-16T09:00:58.588793,60.00,70.00,75.00,20.00
2026-05-16T09:00:58.692001,66.70,60.00,81.80,11.10
2026-05-16T09:00:58.794794,66.70,63.60,72.70,0.00
2026-05-16T09:00:58.897928,70.00,70.00,76.90,0.00
2026-05-16T09:00:59.001983,70.00,72.70,80.00,11.10
2026-05-16T09:00:59.105490,72.70,72.70,75.00,11.10
2026-05-16T09:00:59.208689,70.00,70.00,80.00,10.00
2026-05-16T09:00:59.312893,72.70,70.00,75.00,0.00
2026-05-16T09:00:59.415925,60.00,63.60,81.80,20.00
2026-05-16T09:00:59.518642,70.00,70.00,72.70,11.10
2026-05-16T09:00:59.621718,63.60,72.70,70.00,11.10
2026-05-16T09:00:59.725145,66.70,63.60,84.60,11.10
2026-05-16T09:00:59.828554,70.00,70.00,70.00,11.10
2026-05-16T09:00:59.931756,66.70,72.70,75.00,0.00
2026-05-16T09:01:00.034651,66.70,70.00,75.00,20.00
2026-05-16T09:01:00.137533,66.70,60.00,80.00,11.10
2026-05-16T09:01:00.240332,63.60,72.70,75.00,20.00
2026-05-16T09:01:00.343755,72.70,70.00,72.70,11.10
2026-05-16T09:01:00.446697,66.70,66.70,80.00,0.00
2026-05-16T09:01:00.550181,70.00,72.70,76.90,0.00
2026-05-16T09:01:00.653386,72.70,72.70,81.80,11.10
2026-05-16T09:01:00.756237,63.60,60.00,72.70,10.00
2026-05-16T09:01:00.859600,75.00,60.00,75.00,11.10
2026-05-16T09:01:00.962445,63.60,72.70,72.70,11.10
2026-05-16T09:01:01.065554,70.00,70.00,81.80,0.00
2026-05-16T09:01:01.168705,70.00,66.70,75.00,11.10
2026-05-16T09:01:01.271755,72.70,72.70,81.80,20.00
2026-05-16T09:01:01.374856,66.70,66.70,72.70,0.00
2026-05-16T09:01:01.477963,62.50,66.70,75.00,20.00
2026-05-16T09:01:01.580984,66.70,72.70,72.70,10.00
2026-05-16T09:01:01.683953,70.00,66.70,81.80,20.00
2026-05-16T09:01:01.786914,70.00,66.70,72.70,0.00
2026-05-16T09:01:01.890007,70.00,72.70,83.30,11.10
2026-05-16T09:01:01.993189,66.70,72.70,81.80,0.00
2026-05-16T09:01:02.096437,70.00,75.00,75.00,11.10
2026-05-16T09:01:02.199565,72.70,70.00,80.00,11.10
2026-05-16T09:01:02.302888,75.00,72.70,81.80,11.10
2026-05-16T09:01:02.405848,70.00,70.00,83.30,0.00
2026-05-16T09:01:02.508876,80.00,75.00,72.70,12.50
2026-05-16T09:01:02.611891,63.60,70.00,83.30,18.20
2026-05-16T09:01:02.714923,72.70,69.20,80.00,11.10
2026-05-16T09:01:02.818411,70.00,80.00,75.00,11.10
2026-05-16T09:01:02.921528,72.70,70.00,81.80,0.00
2026-05-16T09:01:03.024565,80.00,75.00,81.80,11.10
2026-05-16T09:01:03.127365,66.70,75.00,83.30,22.20
2026-05-16T09:01:03.230478,75.00,72.70,83.30,11.10
2026-05-16T09:01:03.333632,72.70,80.00,80.00,11.10
2026-05-16T09:01:03.436997,72.70,72.70,80.00,11.10
2026-05-16T09:01:03.540697,80.00,66.70,83.30,0.00
2026-05-16T09:01:03.643816,70.00,72.70,81.80,22.20
2026-05-16T09:01:03.746648,72.70,76.90,81.80,11.10
2026-05-16T09:01:03.849604,70.00,70.00,83.30,11.10
2026-05-16T09:01:03.952831,72.70,77.80,80.00,11.10
2026-05-16T09:01:04.055956,72.70,66.70,76.90,0.00
2026-05-16T09:01:04.159693,72.70,80.00,80.00,11.10
2026-05-16T09:01:04.262902,80.00,75.00,81.80,11.10
2026-05-16T09:01:04.366099,66.70,72.70,84.60,20.00
2026-05-16T09:01:04.469476,75.00,70.00,81.80,0.00
2026-05-16T09:01:04.572840,70.00,70.00,80.00,11.10
2026-05-16T09:01:04.676143,72.70,72.70,81.80,0.00
2026-05-16T09:01:04.779363,70.00,66.70,75.00,11.10
2026-05-16T09:01:04.882461,72.70,72.70,80.00,11.10
2026-05-16T09:01:04.985501,72.70,70.00,84.60,11.10
2026-05-16T09:01:05.089106,72.70,81.80,72.70,11.10
2026-05-16T09:01:05.192901,70.00,60.00,80.00,0.00
2026-05-16T09:01:05.296022,72.70,70.00,81.80,27.30
2026-05-16T09:01:05.399519,75.00,80.00,83.30,11.10
2026-05-16T09:01:05.502314,66.70,70.00,81.80,0.00
2026-05-16T09:01:05.606128,80.00,69.20,83.30,11.10
2026-05-16T09:01:05.709414,72.70,81.80,80.00,11.10
2026-05-16T09:01:05.812457,70.00,72.70,83.30,11.10
2026-05-16T09:01:05.915381,72.70,72.70,83.30,11.10
2026-05-16T09:01:06.018724,80.00,80.00,90.00,12.50
2026-05-16T09:01:06.122569,72.70,80.00,83.30,11.10
2026-05-16T09:01:06.226187,72.70,70.00,81.80,20.00
2026-05-16T09:01:06.329962,77.80,84.60,81.80,0.00
2026-05-16T09:01:06.433217,75.00,70.00,81.80,0.00
2026-05-16T09:01:06.536813,72.70,72.70,90.90,11.10
2026-05-16T09:01:06.639687,81.80,80.00,83.30,11.10
2026-05-16T09:01:06.742581,80.00,72.70,80.00,11.10
2026-05-16T09:01:06.845757,72.70,80.00,81.80,10.00
2026-05-16T09:01:06.949109,81.80,81.80,90.90,22.20
2026-05-16T09:01:07.052148,75.00,72.70,81.80,11.10
2026-05-16T09:01:07.155643,77.80,81.80,83.30,0.00
2026-05-16T09:01:07.258999,75.00,80.00,90.90,40.00
2026-05-16T09:01:07.362380,81.80,75.00,83.30,20.00
2026-05-16T09:01:07.465819,72.70,70.00,80.00,0.00
2026-05-16T09:01:07.568999,80.00,80.00,83.30,11.10
2026-05-16T09:01:07.672839,72.70,70.00,90.90,0.00
2026-05-16T09:01:07.776126,80.00,81.80,80.00,12.50
2026-05-16T09:01:07.879221,70.00,80.00,81.80,11.10
2026-05-16T09:01:07.982449,72.70,70.00,83.30,11.10
2026-05-16T09:01:08.085852,72.70,72.70,81.80,11.10
2026-05-16T09:01:08.188953,80.00,75.00,81.80,0.00
2026-05-16T09:01:08.291910,72.70,80.00,90.90,20.00
2026-05-16T09:01:08.395184,80.00,72.70,81.80,0.00
2026-05-16T09:01:08.498583,72.70,77.80,83.30,11.10
2026-05-16T09:01:08.601623,70.00,75.00,81.80,20.00
2026-05-16T09:01:08.704815,77.80,80.00,90.90,0.00
2026-05-16T09:01:08.807904,72.70,77.80,83.30,11.10
2026-05-16T09:01:08.911192,83.30,75.00,90.00,11.10
2026-05-16T09:01:09.014660,66.70,72.70,83.30,11.10
2026-05-16T09:01:09.117712,80.00,80.00,83.30,11.10
2026-05-16T09:01:09.222019,72.70,80.00,90.90,11.10
2026-05-16T09:01:09.325535,80.00,72.70,80.00,22.20
2026-05-16T09:01:09.428600,72.70,80.00,83.30,11.10
2026-05-16T09:01:09.531991,80.00,84.60,90.90,0.00
2026-05-16T09:01:09.635458,75.00,77.80,83.30,22.20
2026-05-16T09:01:09.739060,75.00,81.80,81.80,11.10
2026-05-16T09:01:09.842752,70.00,63.60,80.00,0.00
2026-05-16T09:01:09.945784,60.00,70.00,75.00,11.10
2026-05-16T09:01:10.049094,70.00,63.60,75.00,0.00
2026-05-16T09:01:10.151895,75.00,60.00,81.80,11.10
2026-05-16T09:01:10.255036,60.00,70.00,75.00,20.00
2026-05-16T09:01:10.358291,63.60,66.70,70.00,0.00
2026-05-16T09:01:10.461664,70.00,62.50,75.00,11.10
2026-05-16T09:01:10.564928,66.70,63.60,80.00,0.00
2026-05-16T09:01:10.668009,63.60,75.00,72.70,11.10
2026-05-16T09:01:10.771199,72.70,70.00,75.00,20.00
2026-05-16T09:01:10.874190,60.00,66.70,81.80,0.00
2026-05-16T09:01:10.977481,75.00,66.70,72.70,11.10
2026-05-16T09:01:11.080695,66.70,66.70,72.70,0.00
2026-05-16T09:01:11.183833,66.70,70.00,80.00,20.00
2026-05-16T09:01:11.286783,72.70,66.70,75.00,22.20
2026-05-16T09:01:11.389828,70.00,66.70,75.00,11.10
2026-05-16T09:01:11.493000,60.00,66.70,72.70,11.10
2026-05-16T09:01:11.595891,72.70,66.70,80.00,10.00
2026-05-16T09:01:11.698939,66.70,63.60,75.00,0.00
2026-05-16T09:01:11.802159,66.70,70.00,75.00,11.10
2026-05-16T09:01:11.905153,63.60,60.00,72.70,11.10
2026-05-16T09:01:12.008344,72.70,63.60,80.00,0.00
2026-05-16T09:01:12.111601,63.60,70.00,75.00,20.00
2026-05-16T09:01:12.214742,66.70,70.00,72.70,12.50
2026-05-16T09:01:12.317915,70.00,63.60,80.00,10.00
2026-05-16T09:01:12.421012,66.70,70.00,75.00,11.10
2026-05-16T09:01:12.523809,70.00,55.60,76.90,11.10
2026-05-16T09:01:12.627328,63.60,75.00,70.00,11.10
2026-05-16T09:01:12.730401,72.70,70.00,83.30,11.10
2026-05-16T09:01:12.833476,63.60,60.00,72.70,11.10
2026-05-16T09:01:12.936628,72.70,66.70,75.00,0.00
2026-05-16T09:01:13.039451,63.60,70.00,72.70,11.10
2026-05-16T09:01:13.142992,66.70,66.70,76.90,0.00
2026-05-16T09:01:13.245797,60.00,70.00,80.00,27.30
2026-05-16T09:01:13.348460,70.00,63.60,72.70,11.10
2026-05-16T09:01:13.451545,63.60,70.00,72.70,0.00
2026-05-16T09:01:13.554667,70.00,70.00,70.00,11.10
2026-05-16T09:01:13.657794,63.60,66.70,83.30,0.00
2026-05-16T09:01:13.760988,70.00,60.00,75.00,18.20
2026-05-16T09:01:13.864637,63.60,70.00,70.00,0.00
2026-05-16T09:01:13.967478,66.70,66.70,75.00,11.10
2026-05-16T09:01:14.070153,63.60,70.00,75.00,0.00
2026-05-16T09:01:14.173671,72.70,63.60,70.00,11.10
2026-05-16T09:01:14.276527,63.60,66.70,72.70,27.30
2026-05-16T09:01:14.379563,60.00,63.60,81.80,0.00
2026-05-16T09:01:14.482526,72.70,63.60,72.70,0.00
2026-05-16T09:01:14.585644,63.60,70.00,72.70,11.10
2026-05-16T09:01:14.688568,72.70,63.60,75.00,20.00
2026-05-16T09:01:14.791451,60.00,70.00,72.70,11.10
2026-05-16T09:01:14.894439,70.00,63.60,72.70,0.00
2026-05-16T09:01:14.997197,69.20,63.60,75.00,20.00
2026-05-16T09:01:15.100262,63.60,55.60,75.00,11.10
2026-05-16T09:01:15.203445,66.70,60.00,66.70,11.10
2026-05-16T09:01:15.307111,60.00,72.70,76.90,11.10
2026-05-16T09:01:15.411018,72.70,66.70,77.80,10.00
2026-05-16T09:01:15.514168,66.70,66.70,76.90,0.00
2026-05-16T09:01:15.617027,60.00,63.60,70.00,11.10
2026-05-16T09:01:15.720296,70.00,60.00,75.00,0.00
2026-05-16T09:01:15.823616,63.60,70.00,72.70,0.00
2026-05-16T09:01:15.926518,72.70,63.60,72.70,11.10
2026-05-16T09:01:16.029956,60.00,66.70,72.70,11.10
2026-05-16T09:01:16.132958,70.00,70.00,72.70,10.00
2026-05-16T09:01:16.235909,66.70,66.70,72.70,0.00
2026-05-16T09:01:16.338653,66.70,60.00,75.00,0.00
2026-05-16T09:01:16.441845,63.60,70.00,81.80,11.10
2026-05-16T09:01:16.544680,63.60,63.60,72.70,11.10
2026-05-16T09:01:16.647628,70.00,63.60,72.70,11.10
2026-05-16T09:01:16.750703,72.70,66.70,75.00,0.00
2026-05-16T09:01:16.853544,63.60,60.00,81.80,0.00
2026-05-16T09:01:16.956943,62.50,72.70,75.00,11.10
2026-05-16T09:01:17.060078,66.70,66.70,70.00,11.10
2026-05-16T09:01:17.163908,70.00,66.70,83.30,20.00
2026-05-16T09:01:17.269025,63.60,70.00,72.70,12.50
2026-05-16T09:01:17.372724,66.70,72.70,75.00,20.00
2026-05-16T09:01:17.475812,72.70,66.70,80.00,0.00
2026-05-16T09:01:17.579373,63.60,62.50,72.70,11.10
2026-05-16T09:01:17.682637,66.70,69.20,72.70,0.00
2026-05-16T09:01:17.785155,45.50,37.50,50.00,10.00
2026-05-16T09:01:17.887536,11.10,0.00,11.10,18.20
2026-05-16T09:01:17.989718,11.10,0.00,0.00,0.00
2026-05-16T09:01:18.091740,0.00,11.10,11.10,0.00
2026-05-16T09:01:18.193842,0.00,20.00,12.50,0.00
2026-05-16T09:01:18.296221,20.00,0.00,0.00,0.00
2026-05-16T09:01:18.398687,11.10,0.00,11.10,0.00
2026-05-16T09:01:18.500959,0.00,11.10,0.00,0.00
2026-05-16T09:01:18.603398,11.10,0.00,11.10,0.00
2026-05-16T09:01:18.705546,20.00,20.00,12.50,0.00
2026-05-16T09:01:18.807699,0.00,11.10,0.00,0.00
2026-05-16T09:01:18.909697,11.10,0.00,20.00,0.00
2026-05-16T09:01:19.011984,12.50,11.10,11.10,9.10
2026-05-16T09:01:19.114221,11.10,12.50,12.50,0.00
2026-05-16T09:01:19.216487,0.00,0.00,11.10,0.00
2026-05-16T09:01:19.318754,11.10,12.50,0.00,0.00
2026-05-16T09:01:19.421010,11.10,0.00,0.00,10.00
2026-05-16T09:01:19.523252,11.10,18.20,12.50,0.00
2026-05-16T09:01:19.625566,11.10,0.00,11.10,0.00
2026-05-16T09:01:19.727746,11.10,0.00,11.10,10.00
2026-05-16T09:01:19.885649,20.00,16.70,30.80,18.70
2026-05-16T09:01:19.987899,12.50,22.20,100.00,0.00
2026-05-16T09:01:20.090008,11.10,12.50,100.00,0.00
2026-05-16T09:01:20.192686,22.20,11.10,100.00,0.00
2026-05-16T09:01:20.295036,11.10,22.20,100.00,0.00
2026-05-16T09:01:20.397546,12.50,12.50,100.00,0.00
2026-05-16T09:01:20.500106,22.20,12.50,100.00,10.00
2026-05-16T09:01:20.602558,11.10,11.10,100.00,0.00
2026-05-16T09:01:20.705099,22.20,0.00,100.00,0.00
2026-05-16T09:01:20.807643,12.50,12.50,100.00,0.00
2026-05-16T09:01:20.910082,11.10,12.50,100.00,0.00
2026-05-16T09:01:21.012311,12.50,11.10,100.00,0.00
2026-05-16T09:01:21.115186,11.10,0.00,100.00,10.00
2026-05-16T09:01:21.217951,22.20,30.00,100.00,9.10
2026-05-16T09:01:21.320607,22.20,12.50,100.00,0.00
2026-05-16T09:01:21.423196,22.20,12.50,100.00,0.00
2026-05-16T09:01:21.525941,11.10,12.50,100.00,0.00
2026-05-16T09:01:21.628522,22.20,11.10,100.00,0.00
2026-05-16T09:01:21.731068,11.10,12.50,100.00,0.00
2026-05-16T09:01:21.833982,50.00,44.40,100.00,0.00
2026-05-16T09:01:21.936746,50.00,44.40,100.00,18.20
2026-05-16T09:01:22.039137,44.40,37.50,100.00,0.00
2026-05-16T09:01:22.141666,50.00,45.50,100.00,0.00
2026-05-16T09:01:22.244121,40.00,37.50,100.00,20.00
2026-05-16T09:01:22.346904,44.40,50.00,100.00,18.20
2026-05-16T09:01:22.449440,50.00,50.00,100.00,0.00
2026-05-16T09:01:22.552053,44.40,50.00,100.00,0.00
2026-05-16T09:01:22.654907,50.00,44.40,100.00,10.00
2026-05-16T09:01:22.757663,44.40,54.50,100.00,0.00
2026-05-16T09:01:22.860112,37.50,44.40,100.00,0.00
2026-05-16T09:01:22.962657,45.50,50.00,100.00,0.00
2026-05-16T09:01:23.065159,44.40,44.40,100.00,18.20
2026-05-16T09:01:23.167826,50.00,50.00,100.00,0.00
2026-05-16T09:01:23.270670,44.40,50.00,100.00,11.10
2026-05-16T09:01:23.372999,54.50,44.40,100.00,0.00
2026-05-16T09:01:23.475830,44.40,44.40,100.00,0.00
2026-05-16T09:01:23.578653,50.00,50.00,100.00,18.20
2026-05-16T09:01:23.681125,37.50,37.50,100.00,10.00
2026-05-16T09:01:23.783834,50.00,50.00,100.00,10.00
2026-05-16T09:01:23.886836,50.00,50.00,100.00,0.00
2026-05-16T09:01:23.989499,45.50,44.40,100.00,10.00
2026-05-16T09:01:24.091903,55.60,44.40,100.00,10.00
2026-05-16T09:01:24.194504,37.50,50.00,100.00,11.10
2026-05-16T09:01:24.297212,45.50,44.40,100.00,0.00
2026-05-16T09:01:24.399789,50.00,37.50,100.00,0.00
2026-05-16T09:01:24.502572,50.00,54.50,100.00,10.00
2026-05-16T09:01:24.605035,37.50,44.40,100.00,10.00
2026-05-16T09:01:24.708050,50.00,50.00,100.00,0.00
2026-05-16T09:01:24.810681,40.00,37.50,100.00,0.00
2026-05-16T09:01:24.912829,50.00,50.00,100.00,10.00
2026-05-16T09:01:25.015235,44.40,37.50,100.00,0.00
2026-05-16T09:01:25.118398,44.40,58.30,100.00,10.00
2026-05-16T09:01:25.221191,54.50,37.50,100.00,0.00
2026-05-16T09:01:25.324354,50.00,50.00,100.00,10.00
2026-05-16T09:01:25.427106,40.00,50.00,100.00,0.00
2026-05-16T09:01:25.530142,44.40,50.00,100.00,0.00
2026-05-16T09:01:25.632702,50.00,44.40,100.00,10.00
2026-05-16T09:01:25.735732,44.40,33.30,100.00,0.00
2026-05-16T09:01:25.838614,54.50,63.60,100.00,0.00
2026-05-16T09:01:25.941254,63.60,60.00,100.00,10.00
2026-05-16T09:01:26.043838,55.60,55.60,100.00,0.00
2026-05-16T09:01:26.146572,60.00,60.00,100.00,20.00
2026-05-16T09:01:26.249349,58.30,50.00,100.00,10.00
2026-05-16T09:01:26.352435,55.60,63.60,100.00,11.10
2026-05-16T09:01:26.455085,60.00,50.00,100.00,0.00
2026-05-16T09:01:26.557971,55.60,60.00,100.00,10.00
2026-05-16T09:01:26.660671,50.00,60.00,100.00,10.00
2026-05-16T09:01:26.763134,63.60,63.60,100.00,11.10
2026-05-16T09:01:26.865906,55.60,50.00,100.00,0.00
2026-05-16T09:01:26.968675,50.00,60.00,100.00,0.00
2026-05-16T09:01:27.071409,66.70,50.00,100.00,0.00
2026-05-16T09:01:27.174104,60.00,60.00,100.00,11.10
2026-05-16T09:01:27.277132,60.00,63.60,100.00,18.20
2026-05-16T09:01:27.380163,63.60,60.00,100.00,11.10
2026-05-16T09:01:27.482698,55.60,50.00,100.00,10.00
2026-05-16T09:01:27.586022,63.60,63.60,100.00,0.00
2026-05-16T09:01:27.688473,63.60,58.30,100.00,10.00
2026-05-16T09:01:27.791358,63.60,50.00,100.00,10.00
2026-05-16T09:01:27.893861,60.00,63.60,100.00,0.00
2026-05-16T09:01:27.996823,63.60,54.50,100.00,10.00
2026-05-16T09:01:28.099583,60.00,50.00,100.00,0.00
2026-05-16T09:01:28.202076,63.60,63.60,100.00,18.20
2026-05-16T09:01:28.304858,54.50,55.60,100.00,0.00
2026-05-16T09:01:28.407440,63.60,60.00,100.00,0.00
2026-05-16T09:01:28.510472,60.00,60.00,100.00,0.00
2026-05-16T09:01:28.613049,60.00,55.60,100.00,20.00
2026-05-16T09:01:28.715567,63.60,60.00,100.00,0.00
2026-05-16T09:01:28.818359,50.00,54.50,100.00,10.00
2026-05-16T09:01:28.921447,63.60,60.00,100.00,10.00
2026-05-16T09:01:29.023980,63.60,54.50,100.00,11.10
2026-05-16T09:01:29.126449,54.50,60.00,100.00,10.00
2026-05-16T09:01:29.229529,55.60,60.00,100.00,10.00
2026-05-16T09:01:29.332095,63.60,50.00,100.00,0.00
2026-05-16T09:01:29.434866,58.30,60.00,100.00,0.00
2026-05-16T09:01:29.537851,55.60,60.00,100.00,10.00
2026-05-16T09:01:29.640639,60.00,50.00,100.00,20.00
2026-05-16T09:01:29.743458,60.00,55.60,100.00,0.00
2026-05-16T09:01:29.846623,90.00,88.90,100.00,11.10
2026-05-16T09:01:29.949545,81.80,84.60,100.00,11.10
2026-05-16T09:01:30.052423,81.80,80.00,100.00,11.10
2026-05-16T09:01:30.155865,90.90,90.00,100.00,30.00
2026-05-16T09:01:30.259141,90.00,81.80,100.00,11.10
2026-05-16T09:01:30.362115,81.80,88.90,100.00,0.00
2026-05-16T09:01:30.465478,90.00,90.90,100.00,11.10
2026-05-16T09:01:30.568512,90.00,88.90,100.00,11.10
2026-05-16T09:01:30.671406,90.00,83.30,100.00,0.00
2026-05-16T09:01:30.774600,90.00,90.90,100.00,11.10
2026-05-16T09:01:30.877532,90.90,81.80,100.00,0.00
2026-05-16T09:01:30.980831,80.00,88.90,100.00,20.00
2026-05-16T09:01:31.083807,90.00,81.80,100.00,0.00
2026-05-16T09:01:31.187009,90.90,90.00,100.00,11.10
2026-05-16T09:01:31.290201,80.00,81.80,100.00,22.20
2026-05-16T09:01:31.393634,90.00,88.90,100.00,11.10
2026-05-16T09:01:31.496650,90.90,81.80,100.00,0.00
2026-05-16T09:01:31.660212,87.50,87.50,100.00,33.30
2026-05-16T09:01:31.763478,72.70,66.70,80.00,20.00
2026-05-16T09:01:31.866929,70.00,72.70,76.90,20.00
2026-05-16T09:01:31.970184,72.70,70.00,80.00,0.00
2026-05-16T09:01:32.073995,70.00,63.60,75.00,0.00
2026-05-16T09:01:32.176805,66.70,70.00,80.00,20.00
2026-05-16T09:01:32.279887,70.00,72.70,75.00,12.50
2026-05-16T09:01:32.382970,70.00,63.60,83.30,10.00
2026-05-16T09:01:32.485910,63.60,70.00,72.70,0.00
2026-05-16T09:01:32.588966,70.00,70.00,75.00,20.00
2026-05-16T09:01:32.692414,70.00,66.70,80.00,11.10
2026-05-16T09:01:32.795448,66.70,66.70,75.00,11.10
2026-05-16T09:01:32.898548,72.70,72.70,80.00,0.00
2026-05-16T09:01:33.001565,70.00,72.70,76.90,11.10
2026-05-16T09:01:33.104529,70.00,63.60,77.80,11.10
2026-05-16T09:01:33.207610,70.00,72.70,83.30,11.10
2026-05-16T09:01:33.310568,63.60,72.70,72.70,0.00
2026-05-16T09:01:33.414103,72.70,66.70,83.30,0.00
2026-05-16T09:01:33.518019,70.00,70.00,70.00,11.10
2026-05-16T09:01:33.621166,66.70,72.70,81.80,20.00
2026-05-16T09:01:33.724726,72.70,70.00,75.00,11.10
2026-05-16T09:01:33.827127,40.00,45.50,44.40,0.00
2026-05-16T09:01:33.930033,40.00,33.30,44.40,0.00
2026-05-16T09:01:34.032812,40.00,33.30,50.00,10.00
2026-05-16T09:01:34.135776,33.30,40.00,44.40,10.00
2026-05-16T09:01:34.238694,40.00,33.30,50.00,11.10
2026-05-16T09:01:34.341335,44.40,33.30,33.30,0.00
2026-05-16T09:01:34.443731,45.50,40.00,50.00,0.00
2026-05-16T09:01:34.546113,33.30,45.50,40.00,18.20
2026-05-16T09:01:34.648681,40.00,22.20,44.40,0.00
2026-05-16T09:01:34.751163,40.00,25.00,45.50,0.00
2026-05-16T09:01:34.853715,33.30,40.00,40.00,11.10
2026-05-16T09:01:34.956207,40.00,40.00,50.00,10.00
2026-05-16T09:01:35.058721,40.00,33.30,40.00,10.00
2026-05-16T09:01:35.161147,33.30,33.30,50.00,10.00
2026-05-16T09:01:35.263934,44.40,50.00,44.40,20.00
2026-05-16T09:01:35.366472,33.30,25.00,40.00,0.00
2026-05-16T09:01:35.469456,45.50,45.50,44.40,0.00
2026-05-16T09:01:35.572116,40.00,40.00,45.50,0.00
2026-05-16T09:01:35.674436,33.30,33.30,33.30,10.00
2026-05-16T09:01:35.776966,25.00,14.30,44.40,0.00
2026-05-16T09:01:35.879585,40.00,40.00,40.00,0.00
2026-05-16T09:01:35.982005,40.00,40.00,45.50,0.00
2026-05-16T09:01:36.084752,40.00,33.30,44.40,18.20
2026-05-16T09:01:36.187217,40.00,40.00,45.50,10.00
2026-05-16T09:01:36.290201,40.00,33.30,50.00,10.00
2026-05-16T09:01:36.392891,40.00,40.00,40.00,0.00
2026-05-16T09:01:36.495560,45.50,33.30,37.50,10.00
2026-05-16T09:01:36.598059,33.30,33.30,45.50,11.10
2026-05-16T09:01:36.700754,40.00,33.30,40.00,18.20
2026-05-16T09:01:36.803251,33.30,33.30,50.00,0.00
2026-05-16T09:01:36.905827,40.00,45.50,40.00,0.00
2026-05-16T09:01:37.008167,37.50,33.30,28.60,0.00
2026-05-16T09:01:37.110815,36.40,30.00,50.00,10.00
2026-05-16T09:01:37.213502,50.00,40.00,40.00,10.00
2026-05-16T09:01:37.316022,33.30,44.40,50.00,0.00
2026-05-16T09:01:37.418686,33.30,45.50,33.30,16.70
2026-05-16T09:01:37.521080,25.00,25.00,54.50,0.00
2026-05-16T09:01:37.624098,45.50,40.00,40.00,18.20
2026-05-16T09:01:37.726513,33.30,25.00,44.40,0.00
2026-05-16T09:01:37.829616,72.70,72.70,81.80,0.00
2026-05-16T09:01:37.933102,80.00,80.00,83.30,11.10
2026-05-16T09:01:38.036481,80.00,80.00,90.00,11.10
2026-05-16T09:01:38.139543,75.00,75.00,91.70,11.10
2026-05-16T09:01:38.244155,80.00,81.80,90.00,12.50
2026-05-16T09:01:38.348033,83.30,80.00,91.70,11.10
2026-05-16T09:01:38.451491,77.80,81.80,100.00,0.00
2026-05-16T09:01:38.555476,80.00,80.00,90.90,20.00
2026-05-16T09:01:38.659526,81.80,81.80,88.90,11.10
2026-05-16T09:01:38.762823,81.80,81.80,84.60,12.50
2026-05-16T09:01:38.866693,75.00,80.00,90.90,11.10
2026-05-16T09:01:38.970114,80.00,81.80,90.90,11.10
2026-05-16T09:01:39.073483,81.80,80.00,90.90,20.00
2026-05-16T09:01:39.177162,80.00,81.80,83.30,12.50
2026-05-16T09:01:39.280434,81.80,81.80,100.00,11.10
2026-05-16T09:01:39.384006,81.80,70.00,80.00,11.10
2026-05-16T09:01:39.487559,75.00,81.80,90.90,0.00
2026-05-16T09:01:39.590713,80.00,81.80,91.70,20.00
2026-05-16T09:01:39.693921,77.80,77.80,90.00,22.20
2026-05-16T09:01:39.797343,72.70,72.70,81.80,0.00
2026-05-16T09:01:39.900490,81.80,80.00,90.90,20.00
2026-05-16T09:01:40.003649,80.00,80.00,90.90,0.00
2026-05-16T09:01:40.107127,77.80,80.00,83.30,11.10
2026-05-16T09:01:40.211369,75.00,83.30,90.90,0.00
2026-05-16T09:01:40.315115,81.80,75.00,80.00,11.10
2026-05-16T09:01:40.419179,77.80,80.00,90.90,0.00
2026-05-16T09:01:40.522824,72.70,80.00,90.00,11.10
2026-05-16T09:01:40.626057,81.80,81.80,90.90,20.00
2026-05-16T09:01:40.729115,81.80,81.80,84.60,0.00
2026-05-16T09:01:40.832752,72.70,83.30,90.90,11.10
2026-05-16T09:01:40.935889,77.80,70.00,90.90,0.00
2026-05-16T09:01:41.039037,81.80,80.00,90.00,20.00
2026-05-16T09:01:41.142671,81.80,81.80,81.80,0.00
2026-05-16T09:01:41.245611,81.80,77.80,90.90,20.00
2026-05-16T09:01:41.348498,72.70,80.00,81.80,0.00
2026-05-16T09:01:41.451874,81.80,75.00,90.90,12.50
2026-05-16T09:01:41.554876,80.00,80.00,91.70,0.00
2026-05-16T09:01:41.657919,80.00,81.80,88.90,20.00
2026-05-16T09:01:41.760366,66.70,70.00,75.00,20.00
2026-05-16T09:01:41.864157,37.50,33.30,33.30,0.00
2026-05-16T09:01:41.966826,30.00,33.30,50.00,0.00
2026-05-16T09:01:42.069084,45.50,36.40,40.00,0.00
2026-05-16T09:01:42.171678,33.30,33.30,33.30,0.00
2026-05-16T09:01:42.274123,45.50,40.00,50.00,20.00
2026-05-16T09:01:42.376751,25.00,40.00,25.00,0.00
2026-05-16T09:01:42.479233,45.50,22.20,45.50,0.00
2026-05-16T09:01:42.581711,25.00,45.50,40.00,0.00
2026-05-16T09:01:42.684012,40.00,25.00,33.30,10.00
2026-05-16T09:01:42.786826,30.00,30.00,44.40,18.20
2026-05-16T09:01:42.889317,33.30,33.30,40.00,0.00
2026-05-16T09:01:42.992440,40.00,40.00,40.00,0.00
2026-05-16T09:01:43.095827,40.00,30.00,40.00,0.00
2026-05-16T09:01:43.199025,25.00,33.30,44.40,10.00
2026-05-16T09:01:43.302204,45.50,33.30,50.00,0.00
2026-05-16T09:01:43.404848,25.00,25.00,44.40,10.00
2026-05-16T09:01:43.507621,40.00,40.00,40.00,11.10
2026-05-16T09:01:43.610255,33.30,33.30,40.00,0.00
2026-05-16T09:01:43.713331,45.50,25.00,50.00,0.00
2026-05-16T09:01:43.815924,25.00,30.00,33.30,10.00
2026-05-16T09:01:43.918539,40.00,40.00,40.00,0.00
2026-05-16T09:01:44.021115,33.30,33.30,45.50,0.00
2026-05-16T09:01:44.124012,45.50,40.00,44.40,10.00
2026-05-16T09:01:44.227161,25.00,25.00,40.00,25.00
2026-05-16T09:01:44.329641,40.00,30.00,40.00,0.00
2026-05-16T09:01:44.431917,45.50,33.30,45.50,0.00
2026-05-16T09:01:44.534227,33.30,40.00,44.40,0.00
2026-05-16T09:01:44.636979,33.30,40.00,40.00,10.00
2026-05-16T09:01:44.739395,40.00,30.00,40.00,0.00
2026-05-16T09:01:44.841904,25.00,25.00,50.00,10.00
2026-05-16T09:01:44.944329,40.00,33.30,25.00,10.00
2026-05-16T09:01:45.046955,30.00,40.00,54.50,0.00
2026-05-16T09:01:45.149555,33.30,22.20,25.00,10.00
2026-05-16T09:01:45.251951,40.00,33.30,45.50,11.10
2026-05-16T09:01:45.354568,25.00,33.30,44.40,10.00
2026-05-16T09:01:45.456966,40.00,33.30,40.00,0.00
2026-05-16T09:01:45.559519,40.00,40.00,33.30,0.00
2026-05-16T09:01:45.662059,45.50,30.00,45.50,10.00
2026-05-16T09:01:45.764403,25.00,33.30,37.50,10.00
2026-05-16T09:01:45.867087,40.00,40.00,45.50,0.00
2026-05-16T09:01:45.969888,25.00,40.00,45.50,10.00
2026-05-16T09:01:46.072472,33.30,25.00,33.30,0.00
2026-05-16T09:01:46.175334,40.00,36.40,44.40,0.00
2026-05-16T09:01:46.278027,33.30,40.00,40.00,10.00
2026-05-16T09:01:46.380625,30.00,30.00,40.00,10.00
2026-05-16T09:01:46.483370,37.50,33.30,44.40,0.00
2026-05-16T09:01:46.585910,40.00,40.00,40.00,10.00
2026-05-16T09:01:46.688643,33.30,25.00,44.40,0.00
2026-05-16T09:01:46.791115,40.00,33.30,40.00,18.20
2026-05-16T09:01:46.893705,33.30,40.00,45.50,0.00
2026-05-16T09:01:46.996184,40.00,30.00,37.50,10.00
2026-05-16T09:01:47.098913,40.00,40.00,40.00,10.00
2026-05-16T09:01:47.201585,33.30,33.30,40.00,10.00
2026-05-16T09:01:47.304254,33.30,33.30,50.00,10.00
2026-05-16T09:01:47.407089,45.50,33.30,50.00,11.10
2026-05-16T09:01:47.509907,33.30,40.00,33.30,0.00
2026-05-16T09:01:47.612635,33.30,25.00,37.50,18.20
2026-05-16T09:01:47.715045,40.00,33.30,40.00,0.00
2026-05-16T09:01:47.817609,33.30,33.30,33.30,0.00
2026-05-16T09:01:47.920168,25.00,33.30,40.00,0.00
2026-05-16T09:01:48.022649,33.30,30.00,40.00,11.10
2026-05-16T09:01:48.125167,40.00,33.30,44.40,0.00
2026-05-16T09:01:48.227978,40.00,33.30,40.00,0.00
2026-05-16T09:01:48.330450,33.30,33.30,40.00,0.00
2026-05-16T09:01:48.433131,45.50,25.00,54.50,10.00
2026-05-16T09:01:48.536164,33.30,36.40,45.50,0.00
2026-05-16T09:01:48.639443,25.00,40.00,40.00,10.00
2026-05-16T09:01:48.741994,45.50,33.30,54.50,0.00
2026-05-16T09:01:48.844820,25.00,33.30,33.30,10.00
2026-05-16T09:01:48.947428,33.30,33.30,33.30,0.00
2026-05-16T09:01:49.050019,33.30,40.00,44.40,10.00
2026-05-16T09:01:49.152530,33.30,33.30,40.00,0.00
2026-05-16T09:01:49.255014,33.30,45.50,45.50,20.00
2026-05-16T09:01:49.357423,45.50,40.00,44.40,0.00
2026-05-16T09:01:49.460490,40.00,25.00,40.00,10.00
2026-05-16T09:01:49.563042,33.30,22.20,50.00,0.00
2026-05-16T09:01:49.665367,40.00,40.00,40.00,0.00
2026-05-16T09:01:49.767950,40.00,40.00,33.30,0.00
2026-05-16T09:01:49.870609,33.30,40.00,54.50,10.00
2026-05-16T09:01:49.972962,45.50,40.00,50.00,0.00
2026-05-16T09:01:50.075528,25.00,33.30,40.00,0.00
2026-05-16T09:01:50.178167,33.30,33.30,54.50,10.00
2026-05-16T09:01:50.280904,44.40,40.00,40.00,0.00
2026-05-16T09:01:50.383364,40.00,40.00,40.00,10.00
2026-05-16T09:01:50.486119,33.30,40.00,44.40,0.00
2026-05-16T09:01:50.588541,40.00,44.40,50.00,10.00
2026-05-16T09:01:50.691077,33.30,36.40,40.00,0.00
2026-05-16T09:01:50.793526,44.40,33.30,44.40,10.00
2026-05-16T09:01:50.895946,45.50,44.40,45.50,10.00
2026-05-16T09:01:50.999152,40.00,36.40,44.40,0.00
2026-05-16T09:01:51.102119,40.00,37.50,45.50,0.00
2026-05-16T09:01:51.204805,33.30,36.40,44.40,18.20
2026-05-16T09:01:51.307073,45.50,37.50,40.00,0.00
2026-05-16T09:01:51.409787,25.00,30.00,50.00,0.00
2026-05-16T09:01:51.512153,40.00,33.30,40.00,10.00
2026-05-16T09:01:51.614719,40.00,44.40,44.40,10.00
2026-05-16T09:01:51.717100,45.50,33.30,58.30,10.00
2026-05-16T09:01:51.820060,37.50,40.00,40.00,0.00
2026-05-16T09:01:51.922611,45.50,45.50,44.40,0.00
2026-05-16T09:01:52.025173,40.00,25.00,40.00,0.00
2026-05-16T09:01:52.128105,33.30,40.00,50.00,0.00
2026-05-16T09:01:52.230534,37.50,44.40,40.00,20.00
2026-05-16T09:01:52.333122,33.30,33.30,50.00,0.00
2026-05-16T09:01:52.435740,40.00,40.00,33.30,0.00
2026-05-16T09:01:52.538025,33.30,22.20,54.50,18.20
2026-05-16T09:01:52.640903,40.00,50.00,33.30,0.00
2026-05-16T09:01:52.743513,40.00,36.40,50.00,10.00
2026-05-16T09:01:52.846400,40.00,33.30,40.00,0.00
2026-05-16T09:01:52.949054,37.50,44.40,50.00,10.00
2026-05-16T09:01:53.051869,33.30,30.00,45.50,0.00
2026-05-16T09:01:53.154441,40.00,33.30,28.60,18.20
2026-05-16T09:01:53.256854,40.00,40.00,54.50,11.10
2026-05-16T09:01:53.359447,44.40,37.50,45.50,10.00
2026-05-16T09:01:53.461989,40.00,33.30,44.40,0.00
2026-05-16T09:01:53.564675,45.50,33.30,40.00,0.00
2026-05-16T09:01:53.667174,33.30,40.00,54.50,11.10
2026-05-16T09:01:53.769541,33.30,30.00,33.30,10.00
2026-05-16T09:01:53.872088,22.20,22.20,12.50,0.00
2026-05-16T09:01:53.974933,20.00,22.20,25.00,0.00
2026-05-16T09:01:54.077241,22.20,12.50,22.20,0.00
2026-05-16T09:01:54.179812,12.50,11.10,30.00,0.00
2026-05-16T09:01:54.282322,22.20,12.50,12.50,18.20
2026-05-16T09:01:54.384825,20.00,22.20,22.20,0.00
2026-05-16T09:01:54.487136,12.50,11.10,12.50,0.00
2026-05-16T09:01:54.589422,12.50,30.00,30.00,0.00
2026-05-16T09:01:54.691886,30.00,12.50,22.20,0.00
2026-05-16T09:01:54.794311,11.10,11.10,22.20,10.00
2026-05-16T09:01:54.896511,12.50,22.20,12.50,0.00
2026-05-16T09:01:54.998754,22.20,22.20,22.20,0.00
2026-05-16T09:01:55.101204,0.00,22.20,22.20,0.00
2026-05-16T09:01:55.203658,27.30,0.00,12.50,9.10
2026-05-16T09:01:55.306085,12.50,30.00,12.50,0.00
2026-05-16T09:01:55.408515,12.50,22.20,22.20,16.70
2026-05-16T09:01:55.510882,30.00,11.10,25.00,0.00
2026-05-16T09:01:55.613139,11.10,0.00,22.20,0.00
2026-05-16T09:01:55.771977,30.80,25.00,35.70,14.30
2026-05-16T09:01:55.874181,12.50,33.30,100.00,0.00
2026-05-16T09:01:55.976787,25.00,33.30,100.00,18.20
2026-05-16T09:01:56.079210,30.00,22.20,100.00,0.00
2026-05-16T09:01:56.182794,33.30,25.00,100.00,0.00
2026-05-16T09:01:56.285166,33.30,33.30,100.00,0.00
2026-05-16T09:01:56.387578,30.00,33.30,100.00,0.00
2026-05-16T09:01:56.489962,25.00,12.50,100.00,18.20
2026-05-16T09:01:56.592340,22.20,33.30,100.00,0.00
2026-05-16T09:01:56.694678,33.30,14.30,100.00,0.00
2026-05-16T09:01:56.797060,30.00,30.00,100.00,0.00
2026-05-16T09:01:56.899548,33.30,33.30,100.00,0.00
2026-05-16T09:01:57.002066,25.00,25.00,100.00,10.00
2026-05-16T09:01:57.104626,36.40,22.20,100.00,9.10
2026-05-16T09:01:57.207109,25.00,33.30,100.00,0.00
2026-05-16T09:01:57.309510,22.20,25.00,100.00,0.00
2026-05-16T09:01:57.412052,25.00,33.30,100.00,20.00
2026-05-16T09:01:57.514628,33.30,33.30,100.00,10.00
2026-05-16T09:01:57.617083,33.30,14.30,100.00,0.00
2026-05-16T09:01:57.719587,22.20,40.00,100.00,0.00
2026-05-16T09:01:57.821920,11.10,0.00,100.00,0.00
2026-05-16T09:01:57.924051,22.20,20.00,100.00,0.00
2026-05-16T09:01:58.026389,20.00,0.00,100.00,10.00
2026-05-16T09:01:58.128587,0.00,20.00,100.00,0.00
2026-05-16T09:01:58.230907,12.50,12.50,100.00,0.00
2026-05-16T09:01:58.333480,11.10,20.00,100.00,10.00
2026-05-16T09:01:58.435671,11.10,0.00,100.00,0.00
2026-05-16T09:01:58.538035,11.10,11.10,100.00,0.00
2026-05-16T09:01:58.640357,0.00,12.50,100.00,9.10
2026-05-16T09:01:58.742516,11.10,12.50,100.00,0.00
2026-05-16T09:01:58.845131,20.00,0.00,100.00,9.10
2026-05-16T09:01:58.947853,12.50,0.00,100.00,0.00
2026-05-16T09:01:59.049918,11.10,22.20,100.00,0.00
2026-05-16T09:01:59.152566,0.00,0.00,100.00,0.00
2026-05-16T09:01:59.255055,22.20,0.00,100.00,0.00
2026-05-16T09:01:59.357498,11.10,0.00,100.00,9.10
2026-05-16T09:01:59.459707,0.00,11.10,100.00,0.00
2026-05-16T09:01:59.562352,20.00,22.20,100.00,0.00
2026-05-16T09:01:59.665315,12.50,0.00,100.00,0.00
2026-05-16T09:01:59.767533,11.10,22.20,100.00,10.00
2026-05-16T09:01:59.869958,20.00,0.00,100.00,0.00
2026-05-16T09:01:59.972370,0.00,12.50,100.00,0.00
2026-05-16T09:02:00.074782,22.20,0.00,100.00,0.00
2026-05-16T09:02:00.177403,0.00,22.20,100.00,0.00
2026-05-16T09:02:00.279692,0.00,0.00,100.00,10.00
2026-05-16T09:02:00.382067,30.00,12.50,100.00,9.10
2026-05-16T09:02:00.484639,0.00,20.00,100.00,0.00
2026-05-16T09:02:00.587233,11.10,12.50,100.00,0.00
2026-05-16T09:02:00.690107,12.50,0.00,100.00,0.00
2026-05-16T09:02:00.792755,11.10,22.20,100.00,0.00
2026-05-16T09:02:00.895073,12.50,0.00,100.00,0.00
2026-05-16T09:02:00.997691,11.10,12.50,100.00,0.00
2026-05-16T09:02:01.100068,20.00,11.10,100.00,0.00
2026-05-16T09:02:01.202607,0.00,0.00,100.00,9.10
2026-05-16T09:02:01.304839,11.10,11.10,100.00,0.00
2026-05-16T09:02:01.407211,20.00,12.50,100.00,0.00
2026-05-16T09:02:01.509929,11.10,27.30,100.00,0.00
2026-05-16T09:02:01.612343,12.50,0.00,100.00,10.00
2026-05-16T09:02:01.714557,11.10,11.10,100.00,0.00
2026-05-16T09:02:01.817930,77.80,80.00,100.00,10.00
2026-05-16T09:02:01.979122,94.10,100.00,100.00,35.70
2026-05-16T09:02:02.082194,80.00,80.00,100.00,27.30
2026-05-16T09:02:02.185458,80.00,80.00,90.00,12.50
2026-05-16T09:02:02.288880,72.70,83.30,83.30,20.00
2026-05-16T09:02:02.393060,80.00,72.70,91.70,0.00
2026-05-16T09:02:02.496397,80.00,80.00,90.00,12.50
2026-05-16T09:02:02.600224,72.70,83.30,90.90,11.10
2026-05-16T09:02:02.703718,81.80,77.80,81.80,11.10
2026-05-16T09:02:02.807354,80.00,80.00,90.90,0.00
2026-05-16T09:02:02.911976,80.00,81.80,90.90,11.10
2026-05-16T09:02:03.015436,81.80,80.00,90.90,11.10
2026-05-16T09:02:03.118596,81.80,90.90,90.00,0.00
2026-05-16T09:02:03.222070,72.70,80.00,90.90,22.20
2026-05-16T09:02:03.325407,81.80,72.70,84.60,0.00
2026-05-16T09:02:03.428739,70.00,72.70,80.00,11.10
2026-05-16T09:02:03.532446,80.00,81.80,90.90,20.00
2026-05-16T09:02:03.636184,81.80,90.00,90.00,12.50
2026-05-16T09:02:03.739700,80.00,80.00,90.00,11.10
2026-05-16T09:02:03.842675,72.70,76.90,90.90,11.10
2026-05-16T09:02:03.945876,77.80,77.80,83.30,11.10
2026-05-16T09:02:04.048788,75.00,83.30,90.90,12.50
2026-05-16T09:02:04.151897,80.00,77.80,90.90,20.00
2026-05-16T09:02:04.255102,81.80,81.80,90.90,12.50
2026-05-16T09:02:04.358490,77.80,83.30,90.00,0.00
2026-05-16T09:02:04.462052,80.00,81.80,91.70,11.10
2026-05-16T09:02:04.565189,81.80,81.80,90.90,11.10
2026-05-16T09:02:04.668682,80.00,77.80,81.80,0.00
2026-05-16T09:02:04.771886,72.70,80.00,90.00,20.00
2026-05-16T09:02:04.875486,80.00,81.80,83.30,0.00
2026-05-16T09:02:04.978824,81.80,83.30,90.00,22.20
2026-05-16T09:02:05.081738,72.70,70.00,83.30,0.00
2026-05-16T09:02:05.184756,77.80,80.00,90.90,20.00
2026-05-16T09:02:05.287949,81.80,80.00,91.70,22.20
2026-05-16T09:02:05.391351,70.00,83.30,88.90,11.10
2026-05-16T09:02:05.494322,77.80,90.00,91.70,11.10
2026-05-16T09:02:05.597963,81.80,72.70,100.00,0.00
2026-05-16T09:02:05.701157,81.80,90.00,81.80,11.10
2026-05-16T09:02:05.803928,50.00,54.50,63.60,11.10
2026-05-16T09:02:05.906674,33.30,25.00,40.00,10.00
2026-05-16T09:02:06.009072,50.00,40.00,54.50,0.00
2026-05-16T09:02:06.112072,33.30,30.00,40.00,0.00
2026-05-16T09:02:06.214616,45.50,50.00,50.00,10.00
2026-05-16T09:02:06.317962,33.30,30.00,45.50,0.00
2026-05-16T09:02:06.420636,33.30,37.50,44.40,0.00
2026-05-16T09:02:06.523628,40.00,40.00,45.50,0.00
2026-05-16T09:02:06.626861,40.00,40.00,50.00,18.20
2026-05-16T09:02:06.729691,33.30,40.00,40.00,10.00
2026-05-16T09:02:06.832412,44.40,30.00,37.50,0.00
2026-05-16T09:02:06.934949,40.00,50.00,54.50,11.10
2026-05-16T09:02:07.038031,33.30,40.00,40.00,0.00
2026-05-16T09:02:07.140805,33.30,33.30,50.00,10.00
2026-05-16T09:02:07.243589,45.50,40.00,45.50,0.00
2026-05-16T09:02:07.346399,44.40,45.50,50.00,18.20
2026-05-16T09:02:07.448953,40.00,40.00,44.40,0.00
2026-05-16T09:02:07.551534,25.00,33.30,33.30,10.00
2026-05-16T09:02:07.654748,40.00,40.00,50.00,0.00
2026-05-16T09:02:07.757475,40.00,33.30,37.50,0.00
2026-05-16T09:02:07.859876,50.00,33.30,45.50,10.00
2026-05-16T09:02:07.962855,33.30,45.50,44.40,10.00
2026-05-16T09:02:08.065224,25.00,33.30,45.50,0.00
2026-05-16T09:02:08.167785,40.00,33.30,33.30,0.00
2026-05-16T09:02:08.270559,33.30,33.30,50.00,25.00
2026-05-16T09:02:08.373047,40.00,40.00,45.50,0.00
2026-05-16T09:02:08.475694,40.00,40.00,40.00,0.00
2026-05-16T09:02:08.578199,40.00,33.30,44.40,10.00
2026-05-16T09:02:08.680603,40.00,45.50,45.50,0.00
2026-05-16T09:02:08.783141,33.30,25.00,44.40,18.20
2026-05-16T09:02:08.885944,40.00,45.50,45.50,0.00
2026-05-16T09:02:08.988967,33.30,25.00,50.00,0.00
2026-05-16T09:02:09.091600,40.00,40.00,45.50,0.00
2026-05-16T09:02:09.194107,25.00,36.40,44.40,0.00
2026-05-16T09:02:09.296715,44.40,33.30,40.00,20.00
2026-05-16T09:02:09.399930,40.00,40.00,44.40,10.00
2026-05-16T09:02:09.503014,40.00,25.00,45.50,0.00
2026-05-16T09:02:09.606194,33.30,40.00,50.00,0.00
2026-05-16T09:02:09.709029,45.50,33.30,40.00,0.00
2026-05-16T09:02:09.812881,55.60,70.00,80.00,11.10
2026-05-16T09:02:09.916057,70.00,70.00,76.90,0.00
2026-05-16T09:02:10.019195,72.70,75.00,88.90,22.20
2026-05-16T09:02:10.122369,70.00,70.00,76.90,0.00
2026-05-16T09:02:10.225417,72.70,81.80,81.80,22.20
2026-05-16T09:02:10.328669,77.80,72.70,90.90,11.10
2026-05-16T09:02:10.431669,72.70,81.80,81.80,11.10
2026-05-16T09:02:10.534721,72.70,72.70,81.80,11.10
2026-05-16T09:02:10.638051,72.70,70.00,81.80,11.10
2026-05-16T09:02:10.740975,72.70,80.00,81.80,11.10
2026-05-16T09:02:10.843877,70.00,69.20,83.30,0.00
2026-05-16T09:02:10.946694,72.70,70.00,81.80,11.10
2026-05-16T09:02:11.050228,72.70,75.00,72.70,0.00
2026-05-16T09:02:11.153734,72.70,81.80,90.00,11.10
2026-05-16T09:02:11.256708,70.00,70.00,83.30,20.00
2026-05-16T09:02:11.359702,72.70,80.00,83.30,11.10
2026-05-16T09:02:11.462707,72.70,66.70,75.00,0.00
2026-05-16T09:02:11.565741,70.00,72.70,80.00,11.10
2026-05-16T09:02:11.669834,70.00,77.80,83.30,0.00
2026-05-16T09:02:11.773051,72.70,66.70,80.00,20.00
2026-05-16T09:02:11.876304,72.70,70.00,83.30,0.00
2026-05-16T09:02:11.979561,70.00,70.00,72.70,20.00
2026-05-16T09:02:12.082509,72.70,72.70,81.80,11.10
2026-05-16T09:02:12.185822,62.50,70.00,83.30,11.10
2026-05-16T09:02:12.289077,66.70,72.70,83.30,11.10
2026-05-16T09:02:12.391949,70.00,70.00,70.00,11.10
2026-05-16T09:02:12.494957,72.70,72.70,83.30,0.00
2026-05-16T09:02:12.598102,72.70,80.00,83.30,11.10
2026-05-16T09:02:12.701169,72.70,72.70,80.00,20.00
2026-05-16T09:02:12.804118,80.00,80.00,81.80,0.00
2026-05-16T09:02:12.907353,63.60,75.00,81.80,0.00
2026-05-16T09:02:13.010079,80.00,69.20,75.00,11.10
2026-05-16T09:02:13.112993,72.70,77.80,90.90,11.10
2026-05-16T09:02:13.217181,70.00,72.70,75.00,20.00
2026-05-16T09:02:13.320559,72.70,80.00,90.90,12.50
2026-05-16T09:02:13.423460,72.70,72.70,81.80,11.10
2026-05-16T09:02:13.526259,66.70,70.00,81.80,0.00
2026-05-16T09:02:13.629491,70.00,72.70,83.30,20.00
2026-05-16T09:02:13.732596,81.80,70.00,81.80,11.10
2026-05-16T09:02:13.835071,30.00,25.00,36.40,0.00
2026-05-16T09:02:13.937551,30.00,22.20,25.00,10.00
2026-05-16T09:02:14.039757,30.00,22.20,40.00,10.00
2026-05-16T09:02:14.142450,25.00,25.00,25.00,0.00
2026-05-16T09:02:14.245023,12.50,22.20,30.00,0.00
2026-05-16T09:02:14.347418,36.40,22.20,45.50,0.00
2026-05-16T09:02:14.450129,14.30,22.20,25.00,0.00
2026-05-16T09:02:14.552943,30.00,25.00,40.00,10.00
2026-05-16T09:02:14.655249,33.30,30.00,30.00,10.00
2026-05-16T09:02:14.757591,22.20,22.20,33.30,0.00
2026-05-16T09:02:14.859865,22.20,22.20,33.30,0.00
2026-05-16T09:02:14.961990,33.30,40.00,40.00,0.00
2026-05-16T09:02:15.064394,36.40,12.50,30.00,10.00
2026-05-16T09:02:15.166844,25.00,25.00,25.00,0.00
2026-05-16T09:02:15.269359,40.00,36.40,40.00,10.00
2026-05-16T09:02:15.371818,30.00,33.30,33.30,0.00
2026-05-16T09:02:15.474051,33.30,12.50,36.40,0.00
2026-05-16T09:02:15.576585,30.00,22.20,33.30,0.00
2026-05-16T09:02:15.679510,12.50,33.30,14.30,0.00
2026-05-16T09:02:15.846168,40.00,35.70,58.80,29.40
2026-05-16T09:02:15.948952,44.40,50.00,100.00,10.00
2026-05-16T09:02:16.051451,45.50,37.50,100.00,0.00
2026-05-16T09:02:16.154558,37.50,44.40,100.00,0.00
2026-05-16T09:02:16.257266,33.30,33.30,100.00,0.00
2026-05-16T09:02:16.359996,44.40,50.00,100.00,0.00
2026-05-16T09:02:16.462661,33.30,45.50,100.00,10.00
2026-05-16T09:02:16.565227,40.00,37.50,100.00,10.00
2026-05-16T09:02:16.667653,37.50,40.00,100.00,0.00
2026-05-16T09:02:16.770170,40.00,50.00,100.00,0.00
2026-05-16T09:02:16.872563,40.00,25.00,100.00,10.00
2026-05-16T09:02:16.975205,44.40,44.40,100.00,10.00
2026-05-16T09:02:17.077776,33.30,44.40,100.00,0.00
2026-05-16T09:02:17.180116,44.40,40.00,100.00,10.00
2026-05-16T09:02:17.282525,45.50,37.50,100.00,10.00
2026-05-16T09:02:17.385087,37.50,54.50,100.00,20.00
2026-05-16T09:02:17.487839,40.00,37.50,100.00,0.00
2026-05-16T09:02:17.590232,44.40,45.50,100.00,10.00
2026-05-16T09:02:17.692879,40.00,37.50,100.00,10.00
2026-05-16T09:02:17.795955,70.00,70.00,100.00,0.00
2026-05-16T09:02:17.899604,90.90,90.00,100.00,11.10
2026-05-16T09:02:18.002647,87.50,90.90,100.00,0.00
2026-05-16T09:02:18.105572,91.70,88.90,100.00,11.10
2026-05-16T09:02:18.208977,90.00,90.90,100.00,11.10
2026-05-16T09:02:18.311945,90.00,88.90,100.00,12.50
2026-05-16T09:02:18.472478,87.50,88.90,100.00,33.30
2026-05-16T09:02:18.575439,72.70,77.80,81.80,11.10
2026-05-16T09:02:18.678503,66.70,72.70,75.00,0.00
2026-05-16T09:02:18.781957,72.70,66.70,83.30,20.00
2026-05-16T09:02:18.885045,60.00,66.70,80.00,11.10
2026-05-16T09:02:18.988462,70.00,66.70,75.00,11.10
2026-05-16T09:02:19.091712,70.00,70.00,80.00,11.10
2026-05-16T09:02:19.194866,72.70,72.70,81.80,0.00
2026-05-16T09:02:19.298068,72.70,72.70,81.80,20.00
2026-05-16T09:02:19.401967,66.70,72.70,72.70,11.10
2026-05-16T09:02:19.505534,75.00,72.70,84.60,0.00
2026-05-16T09:02:19.608142,70.00,70.00,81.80,20.00
2026-05-16T09:02:19.711970,66.70,72.70,80.00,20.00
2026-05-16T09:02:19.815078,72.70,63.60,76.90,0.00
2026-05-16T09:02:19.918221,66.70,70.00,83.30,11.10
2026-05-16T09:02:20.021871,70.00,75.00,81.80,11.10
2026-05-16T09:02:20.124964,66.70,72.70,81.80,0.00
2026-05-16T09:02:20.228185,70.00,72.70,75.00,11.10
2026-05-16T09:02:20.331692,66.70,70.00,80.00,11.10
2026-05-16T09:02:20.435148,75.00,75.00,75.00,0.00
2026-05-16T09:02:20.538253,60.00,66.70,81.80,11.10
2026-05-16T09:02:20.641399,72.70,72.70,80.00,11.10
2026-05-16T09:02:20.745679,70.00,72.70,81.80,11.10
2026-05-16T09:02:20.848690,72.70,66.70,75.00,11.10
2026-05-16T09:02:20.951975,77.80,75.00,83.30,0.00
2026-05-16T09:02:21.054940,70.00,80.00,80.00,11.10
2026-05-16T09:02:21.158111,72.70,72.70,81.80,0.00
2026-05-16T09:02:21.261504,70.00,72.70,81.80,20.00
2026-05-16T09:02:21.364429,63.60,66.70,75.00,11.10
2026-05-16T09:02:21.467512,72.70,80.00,80.00,0.00
2026-05-16T09:02:21.570864,70.00,70.00,81.80,11.10
2026-05-16T09:02:21.673628,70.00,66.70,76.90,11.10
2026-05-16T09:02:21.776711,66.70,70.00,81.80,20.00
2026-05-16T09:02:21.879669,62.50,70.00,70.00,0.00
2026-05-16T09:02:21.982867,70.00,70.00,80.00,11.10
2026-05-16T09:02:22.085687,63.60,66.70,70.00,10.00
2026-05-16T09:02:22.188920,70.00,72.70,75.00,11.10
2026-05-16T09:02:22.292220,70.00,60.00,75.00,11.10
2026-05-16T09:02:22.395141,60.00,72.70,72.70,0.00
2026-05-16T09:02:22.498124,60.00,60.00,80.00,20.00
2026-05-16T09:02:22.600988,70.00,60.00,72.70,11.10
2026-05-16T09:02:22.703936,66.70,70.00,75.00,20.00
2026-05-16T09:02:22.806994,66.70,60.00,75.00,0.00
2026-05-16T09:02:22.910554,66.70,72.70,72.70,10.00
2026-05-16T09:02:23.013743,63.60,60.00,72.70,0.00
2026-05-16T09:02:23.116941,70.00,72.70,72.70,11.10
2026-05-16T09:02:23.219994,63.60,63.60,75.00,11.10
2026-05-16T09:02:23.324707,70.00,70.00,80.00,20.00
2026-05-16T09:02:23.428387,63.60,63.60,76.90,0.00
2026-05-16T09:02:23.531126,70.00,70.00,66.70,11.10
2026-05-16T09:02:23.635112,63.60,66.70,75.00,0.00
2026-05-16T09:02:23.738698,70.00,55.60,72.70,11.10
2026-05-16T09:02:23.841738,63.60,72.70,76.90,0.00
2026-05-16T09:02:23.944721,60.00,63.60,75.00,20.00
2026-05-16T09:02:24.047794,66.70,70.00,77.80,0.00
2026-05-16T09:02:24.151117,63.60,63.60,66.70,11.10
2026-05-16T09:02:24.254075,63.60,72.70,83.30,11.10
2026-05-16T09:02:24.357045,70.00,60.00,70.00,0.00
2026-05-16T09:02:24.460697,70.00,72.70,72.70,20.00
2026-05-16T09:02:24.564059,66.70,60.00,72.70,0.00
2026-05-16T09:02:24.667098,70.00,72.70,70.00,0.00
2026-05-16T09:02:24.770083,55.60,63.60,75.00,10.00
2026-05-16T09:02:24.872980,60.00,60.00,72.70,0.00
2026-05-16T09:02:24.976097,72.70,63.60,81.80,0.00
2026-05-16T09:02:25.078979,66.70,66.70,75.00,18.20
2026-05-16T09:02:25.182107,66.70,66.70,75.00,0.00
2026-05-16T09:02:25.285017,63.60,70.00,70.00,22.20
2026-05-16T09:02:25.388226,70.00,70.00,81.80,10.00
2026-05-16T09:02:25.491231,66.70,55.60,75.00,20.00
2026-05-16T09:02:25.594228,66.70,63.60,72.70,0.00
2026-05-16T09:02:25.697907,66.70,66.70,72.70,11.10
2026-05-16T09:02:25.801223,60.00,70.00,72.70,0.00
2026-05-16T09:02:25.905467,70.00,63.60,75.00,0.00
2026-05-16T09:02:26.008196,63.60,63.60,75.00,11.10
2026-05-16T09:02:26.111431,60.00,66.70,72.70,0.00
2026-05-16T09:02:26.214435,60.00,66.70,72.70,10.00
2026-05-16T09:02:26.317581,66.70,72.70,75.00,11.10
2026-05-16T09:02:26.421148,63.60,60.00,75.00,0.00
2026-05-16T09:02:26.524129,66.70,60.00,72.70,0.00
2026-05-16T09:02:26.627148,66.70,63.60,72.70,10.00
2026-05-16T09:02:26.730617,50.00,63.60,75.00,20.00
2026-05-16T09:02:26.833364,66.70,70.00,75.00,0.00
2026-05-16T09:02:26.936722,60.00,55.60,72.70,11.10
2026-05-16T09:02:27.039992,63.60,69.20,66.70,0.00
2026-05-16T09:02:27.142942,63.60,60.00,69.20,0.00
2026-05-16T09:02:27.246206,70.00,66.70,72.70,36.40
2026-05-16T09:02:27.349177,63.60,60.00,72.70,0.00
2026-05-16T09:02:27.452090,70.00,72.70,80.00,22.20
2026-05-16T09:02:27.555002,60.00,63.60,72.70,11.10
2026-05-16T09:02:27.657788,63.60,63.60,75.00,11.10
2026-05-16T09:02:27.761065,63.60,70.00,70.00,10.00
2026-05-16T09:02:27.864262,60.00,55.60,69.20,0.00
2026-05-16T09:02:27.967030,63.60,63.60,72.70,18.20
2026-05-16T09:02:28.070192,72.70,60.00,63.60,0.00
2026-05-16T09:02:28.173201,60.00,63.60,72.70,11.10
2026-05-16T09:02:28.277413,63.60,66.70,70.00,0.00
2026-05-16T09:02:28.380646,55.60,66.70,72.70,11.10
2026-05-16T09:02:28.483594,75.00,63.60,75.00,18.20
2026-05-16T09:02:28.586451,55.60,60.00,70.00,11.10
2026-05-16T09:02:28.689543,60.00,70.00,69.20,0.00
2026-05-16T09:02:28.793570,66.70,63.60,70.00,20.00
2026-05-16T09:02:28.896849,60.00,63.60,72.70,0.00
2026-05-16T09:02:28.999965,63.60,60.00,72.70,18.20
2026-05-16T09:02:29.102900,60.00,63.60,72.70,0.00
2026-05-16T09:02:29.206122,70.00,63.60,66.70,20.00
2026-05-16T09:02:29.309078,60.00,70.00,81.80,11.10
2026-05-16T09:02:29.412853,60.00,66.70,75.00,0.00
2026-05-16T09:02:29.516070,63.60,60.00,66.70,0.00
2026-05-16T09:02:29.619143,70.00,60.00,72.70,11.10
2026-05-16T09:02:29.722702,66.70,70.00,70.00,0.00
2026-05-16T09:02:29.825499,72.70,72.70,90.90,20.00
2026-05-16T09:02:29.928675,77.80,83.30,83.30,11.10
2026-05-16T09:02:30.032412,77.80,70.00,90.00,0.00
2026-05-16T09:02:30.135923,72.70,80.00,83.30,11.10
2026-05-16T09:02:30.239059,81.80,75.00,80.00,22.20
2026-05-16T09:02:30.342404,72.70,77.80,83.30,20.00
2026-05-16T09:02:30.445738,80.00,72.70,90.00,11.10
2026-05-16T09:02:30.548613,75.00,80.00,91.70,0.00
2026-05-16T09:02:30.651781,77.80,81.80,81.80,12.50
2026-05-16T09:02:30.754706,72.70,72.70,81.80,20.00
2026-05-16T09:02:30.858000,81.80,81.80,90.90,0.00
2026-05-16T09:02:30.961471,72.70,81.80,80.00,11.10
2026-05-16T09:02:31.064802,80.00,72.70,83.30,0.00
2026-05-16T09:02:31.168002,72.70,80.00,90.90,11.10
2026-05-16T09:02:31.271512,80.00,81.80,83.30,30.00
2026-05-16T09:02:31.374426,75.00,72.70,81.80,0.00
2026-05-16T09:02:31.477802,80.00,80.00,90.00,11.10
2026-05-16T09:02:31.581312,75.00,81.80,91.70,11.10
2026-05-16T09:02:31.684685,77.80,80.00,81.80,12.50
2026-05-16T09:02:31.787939,75.00,75.00,83.30,11.10
2026-05-16T09:02:31.891998,80.00,77.80,90.00,20.00
2026-05-16T09:02:31.995180,80.00,81.80,90.90,0.00
2026-05-16T09:02:32.099237,75.00,72.70,83.30,11.10
2026-05-16T09:02:32.202327,80.00,83.30,81.80,22.20
2026-05-16T09:02:32.305471,72.70,77.80,90.90,11.10
2026-05-16T09:02:32.408606,81.80,75.00,80.00,0.00
2026-05-16T09:02:32.511839,66.70,80.00,84.60,0.00
2026-05-16T09:02:32.614884,72.70,75.00,91.70,20.00
2026-05-16T09:02:32.718093,77.80,72.70,80.00,0.00
2026-05-16T09:02:32.821327,76.90,70.00,83.30,11.10
2026-05-16T09:02:32.924465,66.70,80.00,81.80,0.00
2026-05-16T09:02:33.027822,80.00,72.70,90.90,0.00
2026-05-16T09:02:33.131377,72.70,80.00,83.30,20.00
2026-05-16T09:02:33.234605,72.70,70.00,81.80,11.10
2026-05-16T09:02:33.337977,81.80,83.30,90.00,22.20
2026-05-16T09:02:33.440977,72.70,80.00,90.90,0.00
2026-05-16T09:02:33.544170,80.00,72.70,83.30,0.00
2026-05-16T09:02:33.647561,70.00,80.00,90.00,20.00
2026-05-16T09:02:33.749870,80.00,70.00,81.80,12.50
2026-05-16T09:02:33.852066,10.00,11.10,0.00,9.10
2026-05-16T09:02:33.954613,0.00,0.00,11.10,0.00
2026-05-16T09:02:34.057291,11.10,0.00,11.10,0.00
2026-05-16T09:02:34.159539,11.10,20.00,0.00,0.00
2026-05-16T09:02:34.261677,0.00,0.00,11.10,10.00
2026-05-16T09:02:34.364001,18.20,11.10,11.10,0.00
2026-05-16T09:02:34.466103,0.00,0.00,0.00,0.00
2026-05-16T09:02:34.568347,0.00,0.00,11.10,0.00
2026-05-16T09:02:34.670604,11.10,0.00,11.10,0.00
2026-05-16T09:02:34.773105,10.00,11.10,11.10,10.00
2026-05-16T09:02:34.875465,11.10,0.00,0.00,0.00
2026-05-16T09:02:34.977802,0.00,10.00,0.00,0.00
2026-05-16T09:02:35.080010,0.00,0.00,11.10,0.00
2026-05-16T09:02:35.182235,0.00,0.00,0.00,0.00
2026-05-16T09:02:35.284492,30.00,11.10,0.00,18.20
2026-05-16T09:02:35.386614,0.00,10.00,11.10,0.00
2026-05-16T09:02:35.489004,11.10,11.10,0.00,0.00
2026-05-16T09:02:35.591247,11.10,0.00,11.10,9.10
2026-05-16T09:02:35.693914,0.00,11.10,0.00,0.00
2026-05-16T09:02:35.855171,14.30,20.00,33.30,21.40
2026-05-16T09:02:35.957878,27.30,0.00,100.00,0.00
2026-05-16T09:02:36.060380,30.00,20.00,100.00,0.00
2026-05-16T09:02:36.163028,27.30,11.10,100.00,0.00
2026-05-16T09:02:36.265593,27.30,11.10,100.00,0.00
2026-05-16T09:02:36.367962,11.10,12.50,100.00,10.00
2026-05-16T09:02:36.470257,27.30,12.50,100.00,0.00
2026-05-16T09:02:36.572707,20.00,11.10,100.00,10.00
2026-05-16T09:02:36.675007,36.40,20.00,100.00,9.10
2026-05-16T09:02:36.777532,27.30,0.00,100.00,0.00
2026-05-16T09:02:36.880019,11.10,20.00,100.00,0.00
2026-05-16T09:02:36.982711,27.30,11.10,100.00,10.00
2026-05-16T09:02:37.085096,27.30,12.50,100.00,0.00
2026-05-16T09:02:37.187841,22.20,20.00,100.00,0.00
2026-05-16T09:02:37.290298,33.30,12.50,100.00,0.00
2026-05-16T09:02:37.393747,27.30,0.00,100.00,10.00
2026-05-16T09:02:37.496177,22.20,12.50,100.00,0.00
2026-05-16T09:02:37.599033,33.30,22.20,100.00,0.00
2026-05-16T09:02:37.701564,36.40,11.10,100.00,10.00
2026-05-16T09:02:37.804822,58.30,54.50,100.00,10.00
2026-05-16T09:02:37.907603,80.00,81.80,100.00,10.00
2026-05-16T09:02:38.010715,70.00,70.00,100.00,11.10
2026-05-16T09:02:38.114038,72.70,80.00,100.00,0.00
2026-05-16T09:02:38.216944,75.00,72.70,100.00,11.10
2026-05-16T09:02:38.320467,80.00,75.00,100.00,20.00
2026-05-16T09:02:38.423641,72.70,72.70,100.00,0.00
2026-05-16T09:02:38.526521,80.00,80.00,100.00,11.10
2026-05-16T09:02:38.629781,70.00,70.00,100.00,0.00
2026-05-16T09:02:38.732630,80.00,70.00,100.00,0.00
2026-05-16T09:02:38.835739,75.00,80.00,100.00,11.10
2026-05-16T09:02:38.939304,80.00,75.00,100.00,20.00
2026-05-16T09:02:39.042646,72.70,80.00,100.00,0.00
2026-05-16T09:02:39.145576,81.80,70.00,100.00,11.10
2026-05-16T09:02:39.248327,72.70,72.70,100.00,11.10
2026-05-16T09:02:39.351429,81.80,80.00,100.00,11.10
2026-05-16T09:02:39.454095,77.80,75.00,100.00,10.00
2026-05-16T09:02:39.557281,70.00,80.00,100.00,0.00
2026-05-16T09:02:39.660414,81.80,70.00,100.00,20.00
2026-05-16T09:02:39.763695,70.00,70.00,100.00,0.00
2026-05-16T09:02:39.866386,75.00,72.70,100.00,20.00
2026-05-16T09:02:39.969452,77.80,80.00,100.00,0.00
2026-05-16T09:02:40.072364,80.00,72.70,100.00,0.00
2026-05-16T09:02:40.175468,75.00,72.70,100.00,20.00
2026-05-16T09:02:40.278855,72.70,72.70,100.00,10.00
2026-05-16T09:02:40.381882,72.70,72.70,100.00,11.10
2026-05-16T09:02:40.484850,81.80,80.00,100.00,0.00
2026-05-16T09:02:40.587899,70.00,76.90,100.00,20.00
2026-05-16T09:02:40.690897,77.80,80.00,100.00,0.00
2026-05-16T09:02:40.793695,75.00,70.00,100.00,10.00
2026-05-16T09:02:40.896644,72.70,70.00,100.00,0.00
2026-05-16T09:02:40.999469,72.70,70.00,100.00,0.00
2026-05-16T09:02:41.102146,80.00,75.00,100.00,20.00
2026-05-16T09:02:41.205066,72.70,80.00,100.00,10.00
2026-05-16T09:02:41.307908,80.00,72.70,100.00,0.00
2026-05-16T09:02:41.410749,70.00,80.00,100.00,10.00
2026-05-16T09:02:41.513635,72.70,70.00,100.00,11.10
2026-05-16T09:02:41.616627,70.00,70.00,100.00,0.00
2026-05-16T09:02:41.719495,70.00,75.00,100.00,0.00
2026-05-16T09:02:41.823531,91.70,90.00,100.00,11.10
2026-05-16T09:02:41.983718,100.00,94.10,100.00,41.20
2026-05-16T09:02:42.087381,77.80,90.00,90.00,20.00
2026-05-16T09:02:42.190408,75.00,81.80,90.90,12.50
2026-05-16T09:02:42.293917,81.80,77.80,90.90,33.30
2026-05-16T09:02:42.397113,81.80,81.80,90.90,0.00
2026-05-16T09:02:42.500533,77.80,81.80,83.30,11.10
2026-05-16T09:02:42.604869,72.70,81.80,91.70,0.00
2026-05-16T09:02:42.708182,81.80,80.00,100.00,11.10
2026-05-16T09:02:42.811937,81.80,80.00,83.30,11.10
2026-05-16T09:02:42.915665,81.80,90.00,90.90,0.00
2026-05-16T09:02:43.019022,81.80,81.80,90.90,11.10
2026-05-16T09:02:43.122416,80.00,80.00,90.90,12.50
2026-05-16T09:02:43.226803,81.80,81.80,90.00,20.00
2026-05-16T09:02:43.329960,81.80,90.00,91.70,11.10
2026-05-16T09:02:43.433264,80.00,81.80,90.00,22.20
2026-05-16T09:02:43.537099,81.80,90.00,90.90,0.00
2026-05-16T09:02:43.640721,80.00,81.80,90.90,11.10
2026-05-16T09:02:43.744173,81.80,81.80,100.00,12.50
2026-05-16T09:02:43.847416,81.80,90.00,90.00,11.10
2026-05-16T09:02:43.950324,90.90,81.80,90.00,11.10
2026-05-16T09:02:44.053869,80.00,88.90,91.70,0.00
2026-05-16T09:02:44.157217,72.70,72.70,91.70,11.10
2026-05-16T09:02:44.260675,77.80,81.80,77.80,20.00
2026-05-16T09:02:44.363970,83.30,81.80,91.70,11.10
2026-05-16T09:02:44.467143,80.00,80.00,90.90,0.00
2026-05-16T09:02:44.570163,81.80,83.30,83.30,12.50
2026-05-16T09:02:44.673521,81.80,88.90,100.00,11.10
2026-05-16T09:02:44.776720,81.80,81.80,90.00,11.10
2026-05-16T09:02:44.880999,80.00,81.80,91.70,12.50
2026-05-16T09:02:44.984495,80.00,80.00,90.00,11.10
2026-05-16T09:02:45.087938,80.00,90.00,90.90,20.00
2026-05-16T09:02:45.191708,81.80,81.80,90.00,0.00
2026-05-16T09:02:45.295907,84.60,90.90,91.70,36.40
2026-05-16T09:02:45.399178,81.80,81.80,90.90,0.00
2026-05-16T09:02:45.503966,80.00,90.00,90.00,11.10
2026-05-16T09:02:45.607094,80.00,80.00,91.70,0.00
2026-05-16T09:02:45.710243,81.80,83.30,90.00,11.10
2026-05-16T09:02:45.812728,50.00,50.00,66.70,0.00
2026-05-16T09:02:45.915410,40.00,37.50,50.00,20.00
2026-05-16T09:02:46.018087,45.50,40.00,50.00,0.00
2026-05-16T09:02:46.120818,44.40,33.30,50.00,0.00
2026-05-16T09:02:46.223630,44.40,40.00,45.50,0.00
2026-05-16T09:02:46.327055,45.50,44.40,50.00,10.00
2026-05-16T09:02:46.429740,40.00,50.00,54.50,0.00
2026-05-16T09:02:46.532902,37.50,37.50,44.40,0.00
2026-05-16T09:02:46.635472,40.00,40.00,54.50,10.00
2026-05-16T09:02:46.738067,50.00,45.50,50.00,0.00
2026-05-16T09:02:46.840615,40.00,44.40,44.40,25.00
2026-05-16T09:02:46.943274,44.40,44.40,50.00,0.00
2026-05-16T09:02:47.045861,40.00,50.00,50.00,10.00
2026-05-16T09:02:47.148607,33.30,40.00,54.50,0.00
2026-05-16T09:02:47.250988,50.00,44.40,45.50,0.00
2026-05-16T09:02:47.353575,44.40,45.50,54.50,10.00
2026-05-16T09:02:47.456157,40.00,44.40,60.00,11.10
2026-05-16T09:02:47.558927,50.00,44.40,54.50,10.00
2026-05-16T09:02:47.661455,50.00,44.40,54.50,0.00
2026-05-16T09:02:47.764182,40.00,40.00,44.40,10.00
2026-05-16T09:02:47.866988,37.50,45.50,45.50,11.10
2026-05-16T09:02:47.969481,45.50,37.50,54.50,0.00
2026-05-16T09:02:48.072368,44.40,45.50,50.00,0.00
2026-05-16T09:02:48.175043,45.50,44.40,50.00,10.00
2026-05-16T09:02:48.277836,33.30,45.50,50.00,0.00
2026-05-16T09:02:48.380846,50.00,54.50,50.00,25.00
2026-05-16T09:02:48.483732,37.50,33.30,54.50,0.00
2026-05-16T09:02:48.586220,45.50,50.00,54.50,0.00
2026-05-16T09:02:48.688989,40.00,40.00,50.00,10.00
2026-05-16T09:02:48.791595,44.40,50.00,50.00,10.00
2026-05-16T09:02:48.894229,44.40,33.30,54.50,10.00
2026-05-16T09:02:48.997174,45.50,54.50,54.50,0.00
2026-05-16T09:02:49.099826,37.50,25.00,50.00,0.00
2026-05-16T09:02:49.202477,40.00,45.50,40.00,10.00
2026-05-16T09:02:49.305186,44.40,44.40,54.50,11.10
2026-05-16T09:02:49.407921,45.50,45.50,50.00,10.00
2026-05-16T09:02:49.510421,37.50,28.60,54.50,0.00
2026-05-16T09:02:49.613127,45.50,50.00,50.00,0.00
2026-05-16T09:02:49.715922,54.50,37.50,55.60,11.10
2026-05-16T09:02:49.818308,25.00,30.00,33.30,10.00
2026-05-16T09:02:49.920949,33.30,25.00,40.00,9.10
2026-05-16T09:02:50.023495,30.00,33.30,40.00,0.00
2026-05-16T09:02:50.126476,33.30,30.00,25.00,0.00
2026-05-16T09:02:50.229119,30.00,25.00,45.50,10.00
2026-05-16T09:02:50.331725,40.00,36.40,40.00,10.00
2026-05-16T09:02:50.434247,33.30,30.00,33.30,0.00
2026-05-16T09:02:50.536799,36.40,25.00,30.00,10.00
2026-05-16T09:02:50.639554,33.30,30.00,40.00,0.00
2026-05-16T09:02:50.742177,30.00,33.30,33.30,10.00
2026-05-16T09:02:50.844811,40.00,22.20,40.00,0.00
2026-05-16T09:02:50.947199,33.30,33.30,33.30,0.00
2026-05-16T09:02:51.049738,30.00,30.00,45.50,10.00
2026-05-16T09:02:51.152275,25.00,14.30,30.00,0.00
2026-05-16T09:02:51.254535,36.40,30.00,37.50,0.00
2026-05-16T09:02:51.357170,25.00,33.30,41.70,10.00
2026-05-16T09:02:51.459610,33.30,30.00,40.00,0.00
2026-05-16T09:02:51.562085,40.00,25.00,40.00,10.00
2026-05-16T09:02:51.665071,36.40,30.00,33.30,0.00
2026-05-16T09:02:51.767683,25.00,33.30,33.30,0.00
2026-05-16T09:02:51.870102,22.20,33.30,33.30,0.00
2026-05-16T09:02:51.972456,33.30,22.20,33.30,10.00
2026-05-16T09:02:52.074803,25.00,33.30,40.00,0.00
2026-05-16T09:02:52.177209,36.40,30.00,40.00,20.00
2026-05-16T09:02:52.279801,25.00,25.00,40.00,0.00
2026-05-16T09:02:52.382198,33.30,30.00,33.30,0.00
2026-05-16T09:02:52.484776,36.40,25.00,25.00,10.00
2026-05-16T09:02:52.587054,14.30,22.20,45.50,0.00
2026-05-16T09:02:52.689441,40.00,33.30,33.30,10.00
2026-05-16T09:02:52.791749,22.20,22.20,45.50,0.00
2026-05-16T09:02:52.894029,25.00,33.30,33.30,10.00
2026-05-16T09:02:52.996532,33.30,30.00,25.00,0.00
2026-05-16T09:02:53.098983,30.00,33.30,36.40,9.10
2026-05-16T09:02:53.201716,40.00,30.00,45.50,0.00
2026-05-16T09:02:53.304846,25.00,25.00,33.30,0.00
2026-05-16T09:02:53.407193,36.40,25.00,37.50,10.00
2026-05-16T09:02:53.509964,33.30,12.50,30.00,10.00
2026-05-16T09:02:53.612401,33.30,40.00,25.00,0.00
2026-05-16T09:02:53.715229,22.20,30.00,45.50,10.00
2026-05-16T09:02:53.817586,22.20,0.00,22.20,0.00
2026-05-16T09:02:53.920056,0.00,20.00,0.00,0.00
2026-05-16T09:02:54.022483,11.10,11.10,22.20,0.00
2026-05-16T09:02:54.124883,27.30,20.00,11.10,0.00
2026-05-16T09:02:54.227180,0.00,0.00,12.50,9.10
2026-05-16T09:02:54.329386,22.20,0.00,0.00,0.00
2026-05-16T09:02:54.431563,0.00,0.00,20.00,0.00
2026-05-16T09:02:54.591386,26.70,26.70,30.80,13.30
2026-05-16T09:02:54.693985,22.20,25.00,100.00,0.00
2026-05-16T09:02:54.796474,22.20,12.50,100.00,0.00
2026-05-16T09:02:54.899338,22.20,22.20,100.00,0.00
2026-05-16T09:02:55.002159,0.00,12.50,100.00,10.00
2026-05-16T09:02:55.104524,22.20,22.20,100.00,10.00
2026-05-16T09:02:55.206778,12.50,22.20,100.00,0.00
2026-05-16T09:02:55.309173,22.20,0.00,100.00,10.00
2026-05-16T09:02:55.411663,20.00,12.50,100.00,0.00
2026-05-16T09:02:55.514136,0.00,22.20,100.00,0.00
2026-05-16T09:02:55.616913,22.20,12.50,100.00,0.00
2026-05-16T09:02:55.719583,0.00,0.00,100.00,9.10
2026-05-16T09:02:55.821921,11.10,20.00,100.00,10.00
2026-05-16T09:02:55.924555,12.50,0.00,100.00,0.00
2026-05-16T09:02:56.026911,22.20,22.20,100.00,0.00
2026-05-16T09:02:56.129092,11.10,14.30,100.00,0.00
2026-05-16T09:02:56.231513,22.20,22.20,100.00,0.00
2026-05-16T09:02:56.334145,12.50,22.20,100.00,9.10
2026-05-16T09:02:56.436484,22.20,0.00,100.00,0.00
2026-05-16T09:02:56.538926,11.10,30.00,100.00,0.00
2026-05-16T09:02:56.641087,22.20,12.50,100.00,0.00
2026-05-16T09:02:56.743641,12.50,0.00,100.00,0.00
2026-05-16T09:02:56.846099,11.10,20.00,100.00,9.10
2026-05-16T09:02:56.948521,12.50,22.20,100.00,0.00
2026-05-16T09:02:57.051002,22.20,0.00,100.00,0.00
2026-05-16T09:02:57.153199,0.00,22.20,100.00,10.00
2026-05-16T09:02:57.255641,12.50,22.20,100.00,0.00
2026-05-16T09:02:57.357914,22.20,0.00,100.00,18.20
2026-05-16T09:02:57.460349,22.20,25.00,100.00,0.00
2026-05-16T09:02:57.562939,12.50,12.50,100.00,0.00
2026-05-16T09:02:57.665342,0.00,12.50,100.00,9.10
2026-05-16T09:02:57.768060,30.00,30.00,100.00,0.00
2026-05-16T09:02:57.870400,25.00,25.00,100.00,0.00
2026-05-16T09:02:57.972729,33.30,33.30,100.00,18.20
2026-05-16T09:02:58.075194,33.30,40.00,100.00,0.00
2026-05-16T09:02:58.177816,14.30,25.00,100.00,0.00
2026-05-16T09:02:58.280125,40.00,33.30,100.00,0.00
2026-05-16T09:02:58.382658,33.30,44.40,100.00,18.20
2026-05-16T09:02:58.485414,33.30,33.30,100.00,0.00
2026-05-16T09:02:58.587796,33.30,25.00,100.00,0.00
2026-05-16T09:02:58.690211,22.20,33.30,100.00,10.00
2026-05-16T09:02:58.793040,33.30,37.50,100.00,0.00
2026-05-16T09:02:58.895217,25.00,40.00,100.00,0.00
2026-05-16T09:02:58.997691,25.00,33.30,100.00,0.00
2026-05-16T09:02:59.100348,33.30,25.00,100.00,0.00
2026-05-16T09:02:59.203112,40.00,40.00,100.00,25.00
2026-05-16T09:02:59.306329,33.30,33.30,100.00,0.00
2026-05-16T09:02:59.409508,40.00,37.50,100.00,0.00
2026-05-16T09:02:59.512103,33.30,40.00,100.00,10.00
2026-05-16T09:02:59.614624,33.30,40.00,100.00,0.00
2026-05-16T09:02:59.716835,33.30,33.30,100.00,10.00
2026-05-16T09:02:59.819403,40.00,37.50,100.00,10.00
2026-05-16T09:02:59.921705,25.00,14.30,100.00,0.00
2026-05-16T09:03:00.024163,30.00,40.00,100.00,0.00
2026-05-16T09:03:00.126924,25.00,25.00,100.00,0.00
2026-05-16T09:03:00.229201,33.30,45.50,100.00,10.00
2026-05-16T09:03:00.331690,40.00,33.30,100.00,18.20
2026-05-16T09:03:00.434260,25.00,33.30,100.00,0.00
2026-05-16T09:03:00.536733,33.30,25.00,100.00,0.00
2026-05-16T09:03:00.639480,33.30,44.40,100.00,10.00
2026-05-16T09:03:00.742197,25.00,25.00,100.00,0.00
2026-05-16T09:03:00.845048,30.00,45.50,100.00,18.20
2026-05-16T09:03:00.947541,25.00,33.30,100.00,0.00
2026-05-16T09:03:01.050153,33.30,33.30,100.00,0.00
2026-05-16T09:03:01.152816,33.30,25.00,100.00,10.00
2026-05-16T09:03:01.255217,14.30,40.00,100.00,0.00
2026-05-16T09:03:01.357791,33.30,33.30,100.00,0.00
2026-05-16T09:03:01.460303,30.00,25.00,100.00,10.00
2026-05-16T09:03:01.562970,33.30,40.00,100.00,0.00
2026-05-16T09:03:01.665503,25.00,40.00,100.00,0.00
2026-05-16T09:03:01.768102,40.00,28.60,100.00,10.00
2026-05-16T09:03:01.870791,37.50,50.00,100.00,0.00
2026-05-16T09:03:01.973547,50.00,44.40,100.00,0.00
2026-05-16T09:03:02.076079,40.00,40.00,100.00,9.10
2026-05-16T09:03:02.178654,50.00,50.00,100.00,11.10
2026-05-16T09:03:02.281056,50.00,44.40,100.00,0.00
2026-05-16T09:03:02.383542,25.00,37.50,100.00,18.20
2026-05-16T09:03:02.485971,50.00,45.50,100.00,0.00
2026-05-16T09:03:02.588720,40.00,37.50,100.00,0.00
2026-05-16T09:03:02.691408,50.00,37.50,100.00,10.00
2026-05-16T09:03:02.793978,44.40,50.00,100.00,0.00
2026-05-16T09:03:02.896627,50.00,50.00,100.00,0.00
2026-05-16T09:03:02.999107,37.50,44.40,100.00,18.20
2026-05-16T09:03:03.101644,58.30,40.00,100.00,0.00
2026-05-16T09:03:03.204327,37.50,44.40,100.00,0.00
2026-05-16T09:03:03.306817,44.40,44.40,100.00,0.00
2026-05-16T09:03:03.409360,44.40,50.00,100.00,10.00
2026-05-16T09:03:03.511991,44.40,50.00,100.00,10.00
2026-05-16T09:03:03.614626,54.50,44.40,100.00,10.00
2026-05-16T09:03:03.717669,45.50,50.00,100.00,0.00
2026-05-16T09:03:03.820449,37.50,44.40,100.00,18.20
2026-05-16T09:03:03.923158,44.40,44.40,100.00,0.00
2026-05-16T09:03:04.025781,50.00,44.40,100.00,0.00
2026-05-16T09:03:04.128475,37.50,54.50,100.00,10.00
2026-05-16T09:03:04.231127,45.50,44.40,100.00,0.00
2026-05-16T09:03:04.334219,44.40,50.00,100.00,0.00
2026-05-16T09:03:04.437114,50.00,44.40,100.00,18.20
2026-05-16T09:03:04.539644,37.50,37.50,100.00,0.00
2026-05-16T09:03:04.642444,50.00,54.50,100.00,0.00
2026-05-16T09:03:04.744807,44.40,45.50,100.00,0.00
2026-05-16T09:03:04.847095,40.00,44.40,100.00,0.00
2026-05-16T09:03:04.949858,44.40,44.40,100.00,18.20
2026-05-16T09:03:05.052735,44.40,44.40,100.00,0.00
2026-05-16T09:03:05.155099,50.00,50.00,100.00,0.00
2026-05-16T09:03:05.257979,40.00,50.00,100.00,11.10
2026-05-16T09:03:05.360354,44.40,50.00,100.00,10.00
2026-05-16T09:03:05.463103,54.50,50.00,100.00,0.00
2026-05-16T09:03:05.565962,45.50,50.00,100.00,10.00
2026-05-16T09:03:05.668531,37.50,50.00,100.00,10.00
2026-05-16T09:03:05.771038,40.00,33.30,100.00,10.00
2026-05-16T09:03:05.873232,12.50,11.10,100.00,0.00
2026-05-16T09:03:05.975623,11.10,12.50,100.00,0.00
2026-05-16T09:03:06.077890,11.10,0.00,100.00,0.00
2026-05-16T09:03:06.180217,0.00,20.00,100.00,0.00
2026-05-16T09:03:06.282537,20.00,12.50,100.00,0.00
2026-05-16T09:03:06.384605,11.10,12.50,100.00,0.00
2026-05-16T09:03:06.487147,12.50,12.50,100.00,9.10
2026-05-16T09:03:06.589511,0.00,20.00,100.00,0.00
2026-05-16T09:03:06.691844,12.50,12.50,100.00,0.00
2026-05-16T09:03:06.794216,11.10,12.50,100.00,0.00
2026-05-16T09:03:06.896589,0.00,0.00,100.00,0.00
2026-05-16T09:03:06.999006,20.00,12.50,100.00,16.70
2026-05-16T09:03:07.101462,11.10,12.50,100.00,0.00
2026-05-16T09:03:07.203749,12.50,11.10,100.00,0.00
2026-05-16T09:03:07.306001,11.10,12.50,100.00,0.00
2026-05-16T09:03:07.408357,11.10,12.50,100.00,0.00
2026-05-16T09:03:07.510963,12.50,22.20,100.00,11.10
2026-05-16T09:03:07.613156,22.20,0.00,100.00,0.00
2026-05-16T09:03:07.715358,11.10,0.00,100.00,0.00
2026-05-16T09:03:07.817726,12.50,30.00,100.00,0.00
2026-05-16T09:03:07.919905,0.00,0.00,100.00,0.00
2026-05-16T09:03:08.022621,11.10,0.00,100.00,0.00
2026-05-16T09:03:08.124998,0.00,12.50,100.00,0.00
2026-05-16T09:03:08.227475,20.00,12.50,100.00,0.00
2026-05-16T09:03:08.329975,12.50,11.10,100.00,9.10
2026-05-16T09:03:08.432681,0.00,12.50,100.00,0.00
2026-05-16T09:03:08.535022,20.00,11.10,100.00,0.00
2026-05-16T09:03:08.637214,0.00,22.20,100.00,0.00
2026-05-16T09:03:08.739821,11.10,12.50,100.00,0.00
2026-05-16T09:03:08.842085,12.50,0.00,100.00,0.00
2026-05-16T09:03:08.944908,11.10,12.50,100.00,0.00
2026-05-16T09:03:09.047421,12.50,0.00,100.00,0.00
2026-05-16T09:03:09.149549,11.10,11.10,100.00,0.00
2026-05-16T09:03:09.252201,12.50,12.50,100.00,9.10
2026-05-16T09:03:09.354623,0.00,22.20,100.00,10.00
2026-05-16T09:03:09.456721,22.20,0.00,100.00,0.00
2026-05-16T09:03:09.558851,11.10,0.00,100.00,10.00
2026-05-16T09:03:09.661134,11.10,11.10,100.00,10.00
2026-05-16T09:03:09.764306,25.00,37.50,100.00,0.00
2026-05-16T09:03:09.914640,93.30,93.30,100.00,23.10
2026-05-16T09:03:10.018115,81.80,80.00,90.90,22.20
2026-05-16T09:03:10.120947,70.00,72.70,81.80,11.10
2026-05-16T09:03:10.223873,72.70,72.70,83.30,11.10
2026-05-16T09:03:10.327186,77.80,80.00,81.80,11.10
2026-05-16T09:03:10.430177,75.00,81.80,90.00,0.00
2026-05-16T09:03:10.533675,70.00,81.80,84.60,12.50
2026-05-16T09:03:10.636683,81.80,72.70,80.00,20.00
2026-05-16T09:03:10.739598,72.70,77.80,90.90,0.00
2026-05-16T09:03:10.842900,77.80,72.70,81.80,11.10
2026-05-16T09:03:10.945867,70.00,70.00,81.80,11.10
2026-05-16T09:03:11.049632,70.00,81.80,83.30,11.10
2026-05-16T09:03:11.153204,72.70,80.00,90.00,11.10
2026-05-16T09:03:11.256241,77.80,72.70,83.30,11.10
2026-05-16T09:03:11.359909,72.70,81.80,88.90,22.20
2026-05-16T09:03:11.464165,80.00,72.70,83.30,11.10
2026-05-16T09:03:11.567621,72.70,70.00,90.90,0.00
2026-05-16T09:03:11.670849,80.00,77.80,81.80,11.10
2026-05-16T09:03:11.773938,76.90,80.00,83.30,11.10
2026-05-16T09:03:11.877035,77.80,72.70,90.00,11.10
2026-05-16T09:03:11.980044,70.00,75.00,81.80,11.10
2026-05-16T09:03:12.083231,75.00,72.70,83.30,0.00
2026-05-16T09:03:12.186444,81.80,77.80,81.80,22.20
2026-05-16T09:03:12.289013,63.60,70.00,83.30,11.10
2026-05-16T09:03:12.391900,81.80,80.00,80.00,11.10
2026-05-16T09:03:12.495596,70.00,72.70,90.00,0.00
2026-05-16T09:03:12.599415,81.80,81.80,81.80,11.10
2026-05-16T09:03:12.702712,70.00,70.00,90.00,20.00
2026-05-16T09:03:12.805811,70.00,75.00,83.30,20.00
2026-05-16T09:03:12.909799,81.80,77.80,80.00,0.00
2026-05-16T09:03:13.013323,70.00,81.80,81.80,11.10
2026-05-16T09:03:13.116658,76.90,75.00,83.30,0.00
2026-05-16T09:03:13.219564,77.80,77.80,90.90,12.50
2026-05-16T09:03:13.323167,72.70,72.70,80.00,11.10
2026-05-16T09:03:13.426419,76.90,80.00,84.60,11.10
2026-05-16T09:03:13.529500,77.80,75.00,81.80,0.00
2026-05-16T09:03:13.632614,70.00,70.00,81.80,11.10
2026-05-16T09:03:13.735751,72.70,81.80,90.00,20.00
2026-05-16T09:03:13.838182,40.00,22.20,45.50,0.00
2026-05-16T09:03:13.940670,36.40,25.00,25.00,0.00
2026-05-16T09:03:14.043070,14.30,30.00,36.40,0.00
2026-05-16T09:03:14.145790,40.00,22.20,40.00,10.00
2026-05-16T09:03:14.248330,22.20,33.30,33.30,0.00
2026-05-16T09:03:14.351086,33.30,30.00,33.30,10.00
2026-05-16T09:03:14.453946,22.20,25.00,40.00,0.00
2026-05-16T09:03:14.556404,33.30,36.40,25.00,0.00
2026-05-16T09:03:14.659104,30.00,22.20,33.30,11.10
2026-05-16T09:03:14.761800,25.00,25.00,36.40,9.10
2026-05-16T09:03:14.864198,36.40,30.00,25.00,10.00
2026-05-16T09:03:14.966742,25.00,22.20,25.00,0.00
2026-05-16T09:03:15.069690,30.00,33.30,40.00,0.00
2026-05-16T09:03:15.172133,25.00,12.50,33.30,10.00
2026-05-16T09:03:15.274842,22.20,40.00,33.30,10.00
2026-05-16T09:03:15.377152,33.30,22.20,36.40,11.10
2026-05-16T09:03:15.479689,30.00,25.00,44.40,0.00
2026-05-16T09:03:15.582000,14.30,36.40,22.20,10.00
2026-05-16T09:03:15.684405,36.40,33.30,40.00,0.00
2026-05-16T09:03:15.786922,33.30,12.50,33.30,0.00
2026-05-16T09:03:15.889121,40.00,33.30,33.30,0.00
2026-05-16T09:03:15.991596,22.20,30.00,40.00,10.00
2026-05-16T09:03:16.094031,36.40,33.30,25.00,0.00
2026-05-16T09:03:16.196535,25.00,30.00,25.00,0.00
2026-05-16T09:03:16.298637,36.40,25.00,30.00,0.00
2026-05-16T09:03:16.401069,25.00,30.00,45.50,0.00
2026-05-16T09:03:16.503694,40.00,33.30,40.00,0.00
2026-05-16T09:03:16.606456,30.00,22.20,33.30,0.00
2026-05-16T09:03:16.709123,33.30,40.00,33.30,10.00
2026-05-16T09:03:16.812194,33.30,0.00,33.30,0.00
2026-05-16T09:03:16.974146,47.10,42.90,53.30,21.40
2026-05-16T09:03:17.076576,44.40,40.00,100.00,0.00
2026-05-16T09:03:17.179489,33.30,37.50,100.00,9.10
2026-05-16T09:03:17.281983,50.00,50.00,100.00,0.00
2026-05-16T09:03:17.384372,44.40,44.40,100.00,10.00
2026-05-16T09:03:17.487188,50.00,50.00,100.00,11.10
2026-05-16T09:03:17.589839,44.40,37.50,100.00,10.00
2026-05-16T09:03:17.692598,44.40,54.50,100.00,10.00
2026-05-16T09:03:17.795886,70.00,66.70,100.00,0.00
2026-05-16T09:03:17.898935,91.70,90.90,100.00,11.10
2026-05-16T09:03:18.001779,88.90,81.80,100.00,11.10
2026-05-16T09:03:18.164191,88.90,93.30,100.00,33.30
2026-05-16T09:03:18.266894,75.00,80.00,80.00,11.10
2026-05-16T09:03:18.370099,75.00,70.00,84.60,0.00
2026-05-16T09:03:18.473218,70.00,75.00,80.00,27.30
2026-05-16T09:03:18.577470,81.80,81.80,90.90,0.00
2026-05-16T09:03:18.680860,80.00,77.80,83.30,11.10
2026-05-16T09:03:18.783935,70.00,72.70,90.90,0.00
2026-05-16T09:03:18.887616,80.00,81.80,81.80,0.00
2026-05-16T09:03:18.990596,80.00,80.00,90.00,20.00
2026-05-16T09:03:19.093798,72.70,75.00,84.60,0.00
2026-05-16T09:03:19.196930,75.00,77.80,81.80,20.00
2026-05-16T09:03:19.300057,66.70,76.90,90.90,12.50
2026-05-16T09:03:19.403916,81.80,75.00,81.80,11.10
2026-05-16T09:03:19.507819,72.70,75.00,91.70,11.10
2026-05-16T09:03:19.611536,81.80,90.00,90.00,27.30
2026-05-16T09:03:19.714916,80.00,81.80,83.30,0.00
2026-05-16T09:03:19.818096,77.80,72.70,90.90,0.00
2026-05-16T09:03:19.921372,70.00,83.30,90.90,11.10
2026-05-16T09:03:20.024711,80.00,80.00,81.80,20.00
2026-05-16T09:03:20.127402,72.70,72.70,90.00,0.00
2026-05-16T09:03:20.230775,81.80,80.00,81.80,11.10
2026-05-16T09:03:20.333934,70.00,75.00,84.60,12.50
2026-05-16T09:03:20.437180,81.80,81.80,81.80,0.00
2026-05-16T09:03:20.540084,80.00,80.00,90.00,20.00
2026-05-16T09:03:20.643212,70.00,77.80,83.30,22.20
2026-05-16T09:03:20.746468,77.80,80.00,90.90,0.00
2026-05-16T09:03:20.850057,76.90,72.70,81.80,0.00
2026-05-16T09:03:20.953190,70.00,77.80,81.80,20.00
2026-05-16T09:03:21.056844,81.80,75.00,91.70,0.00
2026-05-16T09:03:21.160184,72.70,80.00,81.80,11.10
2026-05-16T09:03:21.263801,75.00,80.00,90.90,22.20
2026-05-16T09:03:21.367846,83.30,81.80,83.30,20.00
2026-05-16T09:03:21.471554,72.70,72.70,90.00,0.00
2026-05-16T09:03:21.574538,66.70,80.00,81.80,11.10
2026-05-16T09:03:21.677825,80.00,81.80,84.60,0.00
2026-05-16T09:03:21.780401,63.60,63.60,70.00,22.20
2026-05-16T09:03:21.883006,40.00,40.00,50.00,0.00
2026-05-16T09:03:21.985391,33.30,33.30,45.50,0.00
2026-05-16T09:03:22.088127,33.30,25.00,33.30,0.00
2026-05-16T09:03:22.190533,40.00,40.00,44.40,18.20
2026-05-16T09:03:22.293157,40.00,30.00,40.00,0.00
2026-05-16T09:03:22.395713,40.00,33.30,45.50,0.00
2026-05-16T09:03:22.498141,33.30,33.30,37.50,11.10
2026-05-16T09:03:22.600950,40.00,40.00,45.50,0.00
2026-05-16T09:03:22.703648,33.30,33.30,37.50,10.00
2026-05-16T09:03:22.806457,40.00,33.30,45.50,0.00
2026-05-16T09:03:22.909004,36.40,36.40,40.00,0.00
2026-05-16T09:03:23.011659,25.00,33.30,50.00,0.00
2026-05-16T09:03:23.114166,40.00,40.00,40.00,18.20
2026-05-16T09:03:23.216776,33.30,33.30,45.50,0.00
2026-05-16T09:03:23.319150,40.00,40.00,37.50,0.00
2026-05-16T09:03:23.422145,40.00,33.30,50.00,20.00
2026-05-16T09:03:23.525388,44.40,30.00,37.50,0.00
2026-05-16T09:03:23.628222,33.30,33.30,45.50,10.00
2026-05-16T09:03:23.730901,45.50,33.30,40.00,20.00
2026-05-16T09:03:23.833586,33.30,45.50,44.40,0.00
2026-05-16T09:03:23.936070,45.50,25.00,50.00,0.00
2026-05-16T09:03:24.038717,33.30,40.00,33.30,0.00
2026-05-16T09:03:24.141312,33.30,25.00,45.50,0.00
2026-05-16T09:03:24.243848,40.00,22.20,40.00,10.00
2026-05-16T09:03:24.346426,33.30,33.30,44.40,0.00
2026-05-16T09:03:24.448894,33.30,33.30,40.00,0.00
2026-05-16T09:03:24.551421,33.30,33.30,40.00,10.00
2026-05-16T09:03:24.653880,40.00,40.00,44.40,10.00
2026-05-16T09:03:24.756399,25.00,33.30,45.50,0.00
2026-05-16T09:03:24.859153,45.50,25.00,40.00,0.00
2026-05-16T09:03:24.961746,33.30,41.70,33.30,0.00
2026-05-16T09:03:25.064425,40.00,25.00,44.40,18.20
2026-05-16T09:03:25.166918,40.00,33.30,40.00,0.00
2026-05-16T09:03:25.269442,25.00,40.00,45.50,11.10
2026-05-16T09:03:25.372245,45.50,22.20,37.50,0.00
2026-05-16T09:03:25.474779,25.00,33.30,45.50,10.00
2026-05-16T09:03:25.577567,33.30,45.50,45.50,10.00
2026-05-16T09:03:25.680201,45.50,33.30,44.40,0.00
2026-05-16T09:03:25.783363,37.50,50.00,50.00,10.00
2026-05-16T09:03:25.886129,63.60,60.00,63.60,0.00
2026-05-16T09:03:25.988901,44.40,58.30,66.70,0.00
2026-05-16T09:03:26.091908,50.00,55.60,70.00,10.00
2026-05-16T09:03:26.194927,60.00,50.00,66.70,11.10
2026-05-16T09:03:26.297692,60.00,63.60,72.70,10.00
2026-05-16T09:03:26.399979,55.60,60.00,60.00,0.00
2026-05-16T09:03:26.503173,58.30,50.00,66.70,0.00
2026-05-16T09:03:26.605941,60.00,63.60,66.70,11.10
2026-05-16T09:03:26.709042,55.60,54.50,60.00,20.00
2026-05-16T09:03:26.812118,60.00,55.60,72.70,0.00
2026-05-16T09:03:26.915117,63.60,54.50,63.60,11.10
2026-05-16T09:03:27.018128,54.50,60.00,66.70,0.00
2026-05-16T09:03:27.120929,60.00,54.50,72.70,0.00
2026-05-16T09:03:27.224609,60.00,55.60,63.60,11.10
2026-05-16T09:03:27.327676,58.30,60.00,60.00,10.00
2026-05-16T09:03:27.430916,55.60,63.60,66.70,0.00
2026-05-16T09:03:27.533703,60.00,50.00,70.00,11.10
2026-05-16T09:03:27.636684,60.00,58.30,75.00,11.10
2026-05-16T09:03:27.740069,60.00,60.00,60.00,20.00
2026-05-16T09:03:27.842735,54.50,50.00,63.60,0.00
2026-05-16T09:03:27.945589,55.60,63.60,69.20,11.10
2026-05-16T09:03:28.048354,58.30,54.50,70.00,0.00
2026-05-16T09:03:28.151560,60.00,66.70,60.00,11.10
2026-05-16T09:03:28.254238,60.00,60.00,69.20,10.00
2026-05-16T09:03:28.357223,60.00,60.00,70.00,20.00
2026-05-16T09:03:28.460585,60.00,60.00,63.60,0.00
2026-05-16T09:03:28.563424,58.30,58.30,66.70,0.00
2026-05-16T09:03:28.666695,55.60,60.00,63.60,11.10
2026-05-16T09:03:28.769264,55.60,54.50,72.70,11.10
2026-05-16T09:03:28.872235,54.50,63.60,63.60,0.00
2026-05-16T09:03:28.975133,60.00,60.00,66.70,27.30
2026-05-16T09:03:29.078501,55.60,54.50,69.20,0.00
2026-05-16T09:03:29.183994,50.00,63.60,63.60,10.00
2026-05-16T09:03:29.287188,70.00,60.00,63.60,20.00
2026-05-16T09:03:29.389898,54.50,54.50,75.00,0.00
2026-05-16T09:03:29.492997,60.00,63.60,66.70,0.00
2026-05-16T09:03:29.596355,60.00,55.60,70.00,20.00
2026-05-16T09:03:29.698989,54.50,54.50,66.70,10.00
2026-05-16T09:03:29.801416,44.40,50.00,58.30,0.00
2026-05-16T09:03:29.904001,50.00,45.50,44.40,0.00
2026-05-16T09:03:30.006864,37.50,25.00,40.00,18.20
2026-05-16T09:03:30.109549,40.00,45.50,50.00,10.00
2026-05-16T09:03:30.212034,40.00,37.50,44.40,11.10
2026-05-16T09:03:30.314628,28.60,40.00,45.50,0.00
2026-05-16T09:03:30.417078,40.00,40.00,44.40,10.00
2026-05-16T09:03:30.519923,45.50,33.30,44.40,0.00
2026-05-16T09:03:30.622630,33.30,44.40,54.50,10.00
2026-05-16T09:03:30.725043,37.50,33.30,45.50,10.00
2026-05-16T09:03:30.827904,45.50,33.30,50.00,0.00
2026-05-16T09:03:30.930620,33.30,40.00,50.00,0.00
2026-05-16T09:03:31.033013,33.30,33.30,45.50,0.00
2026-05-16T09:03:31.135555,33.30,40.00,54.50,18.20
2026-05-16T09:03:31.237905,40.00,33.30,37.50,11.10
2026-05-16T09:03:31.340470,37.50,45.50,50.00,0.00
2026-05-16T09:03:31.443094,45.50,37.50,44.40,10.00
2026-05-16T09:03:31.546016,33.30,40.00,40.00,10.00
2026-05-16T09:03:31.648735,37.50,40.00,50.00,0.00
2026-05-16T09:03:31.751171,45.50,40.00,50.00,10.00
2026-05-16T09:03:31.853635,33.30,40.00,45.50,0.00
2026-05-16T09:03:31.956256,33.30,44.40,44.40,0.00
2026-05-16T09:03:32.058850,33.30,36.40,50.00,10.00
2026-05-16T09:03:32.161549,45.50,40.00,45.50,10.00
2026-05-16T09:03:32.264202,33.30,44.40,50.00,11.10
2026-05-16T09:03:32.366791,37.50,40.00,50.00,10.00
2026-05-16T09:03:32.469399,40.00,33.30,45.50,10.00
2026-05-16T09:03:32.572027,33.30,40.00,44.40,0.00
2026-05-16T09:03:32.674600,40.00,40.00,45.50,10.00
2026-05-16T09:03:32.777301,45.50,40.00,50.00,0.00
2026-05-16T09:03:32.879893,44.40,33.30,44.40,0.00
2026-05-16T09:03:32.982437,33.30,44.40,45.50,0.00
2026-05-16T09:03:33.085105,40.00,40.00,44.40,0.00
2026-05-16T09:03:33.187799,40.00,45.50,54.50,18.20
2026-05-16T09:03:33.290888,40.00,33.30,40.00,10.00
2026-05-16T09:03:33.394386,50.00,33.30,50.00,0.00
2026-05-16T09:03:33.497222,33.30,44.40,45.50,18.20
2026-05-16T09:03:33.600170,50.00,40.00,44.40,0.00
2026-05-16T09:03:33.703049,33.30,33.30,54.50,0.00
2026-05-16T09:03:33.806129,50.00,40.00,44.40,11.10
2026-05-16T09:03:33.908810,40.00,44.40,50.00,0.00
2026-05-16T09:03:34.011883,44.40,44.40,60.00,10.00
2026-05-16T09:03:34.114559,50.00,45.50,50.00,11.10
2026-05-16T09:03:34.217084,40.00,37.50,50.00,0.00
2026-05-16T09:03:34.319533,44.40,45.50,58.30,10.00
2026-05-16T09:03:34.422360,50.00,44.40,50.00,11.10
2026-05-16T09:03:34.525009,54.50,45.50,54.50,0.00
2026-05-16T09:03:34.627706,40.00,44.40,54.50,11.10
2026-05-16T09:03:34.730330,50.00,50.00,60.00,10.00
2026-05-16T09:03:34.833133,54.50,40.00,50.00,10.00
2026-05-16T09:03:34.935731,44.40,44.40,54.50,0.00
2026-05-16T09:03:35.038277,50.00,50.00,58.30,0.00
2026-05-16T09:03:35.141128,33.30,50.00,50.00,0.00
2026-05-16T09:03:35.244035,54.50,37.50,54.50,20.00
2026-05-16T09:03:35.346799,54.50,58.30,50.00,20.00
2026-05-16T09:03:35.449454,50.00,37.50,66.70,0.00
2026-05-16T09:03:35.552370,44.40,40.00,50.00,0.00
2026-05-16T09:03:35.655019,50.00,54.50,54.50,20.00
2026-05-16T09:03:35.757474,50.00,44.40,44.40,11.10
2026-05-16T09:03:35.860134,44.40,50.00,60.00,0.00
2026-05-16T09:03:35.962996,50.00,40.00,50.00,0.00
2026-05-16T09:03:36.065823,28.60,37.50,54.50,20.00
2026-05-16T09:03:36.168514,54.50,45.50,54.50,0.00
2026-05-16T09:03:36.271157,40.00,50.00,50.00,0.00
2026-05-16T09:03:36.373731,44.40,40.00,50.00,10.00
2026-05-16T09:03:36.476211,50.00,50.00,50.00,11.10
2026-05-16T09:03:36.579408,37.50,50.00,60.00,0.00
2026-05-16T09:03:36.682105,50.00,40.00,50.00,10.00
2026-05-16T09:03:36.784889,45.50,44.40,54.50,0.00
2026-05-16T09:03:36.887884,44.40,44.40,50.00,10.00
2026-05-16T09:03:36.990953,44.40,40.00,60.00,10.00
2026-05-16T09:03:37.093455,45.50,50.00,50.00,0.00
2026-05-16T09:03:37.196380,44.40,40.00,54.50,0.00
2026-05-16T09:03:37.299177,50.00,50.00,54.50,11.10
2026-05-16T09:03:37.402248,40.00,50.00,54.50,0.00
2026-05-16T09:03:37.505278,54.50,50.00,55.60,11.10
2026-05-16T09:03:37.608398,50.00,44.40,44.40,11.10
2026-05-16T09:03:37.711172,44.40,45.50,54.50,0.00
2026-05-16T09:03:37.813986,58.30,55.60,60.00,10.00
2026-05-16T09:03:37.916549,50.00,54.50,63.60,0.00
2026-05-16T09:03:38.019376,54.50,60.00,63.60,10.00
2026-05-16T09:03:38.122387,55.60,54.50,63.60,0.00
2026-05-16T09:03:38.225219,54.50,54.50,60.00,18.20
2026-05-16T09:03:38.328380,63.60,60.00,66.70,0.00
2026-05-16T09:03:38.431333,44.40,54.50,63.60,18.20
2026-05-16T09:03:38.534103,60.00,55.60,66.70,11.10
2026-05-16T09:03:38.637213,50.00,54.50,63.60,11.10
2026-05-16T09:03:38.740098,60.00,54.50,63.60,0.00
2026-05-16T09:03:38.843850,54.50,60.00,60.00,11.10
2026-05-16T09:03:38.947595,66.70,63.60,72.70,0.00
2026-05-16T09:03:39.050663,50.00,54.50,63.60,11.10
2026-05-16T09:03:39.153771,60.00,60.00,55.60,10.00
2026-05-16T09:03:39.256541,58.30,54.50,63.60,11.10
2026-05-16T09:03:39.359198,55.60,50.00,63.60,0.00
2026-05-16T09:03:39.462362,54.50,55.60,63.60,18.20
2026-05-16T09:03:39.565371,60.00,50.00,60.00,11.10
2026-05-16T09:03:39.668244,54.50,60.00,63.60,10.00
2026-05-16T09:03:39.771065,63.60,54.50,63.60,0.00
2026-05-16T09:03:39.874386,37.50,55.60,63.60,0.00
2026-05-16T09:03:39.977215,63.60,54.50,63.60,0.00
2026-05-16T09:03:40.080217,54.50,50.00,60.00,10.00
2026-05-16T09:03:40.183199,55.60,60.00,66.70,0.00
2026-05-16T09:03:40.286198,54.50,58.30,70.00,18.20
2026-05-16T09:03:40.389270,55.60,60.00,63.60,0.00
2026-05-16T09:03:40.492501,60.00,54.50,66.70,10.00
2026-05-16T09:03:40.595288,58.30,55.60,66.70,0.00
2026-05-16T09:03:40.698377,55.60,54.50,60.00,18.20
2026-05-16T09:03:40.801382,58.30,54.50,60.00,11.10
2026-05-16T09:03:40.904226,44.40,60.00,60.00,0.00
2026-05-16T09:03:41.007560,60.00,54.50,71.40,11.10
2026-05-16T09:03:41.110659,50.00,60.00,60.00,10.00
2026-05-16T09:03:41.213917,63.60,60.00,72.70,11.10
2026-05-16T09:03:41.316791,60.00,50.00,63.60,11.10
2026-05-16T09:03:41.419870,50.00,63.60,63.60,11.10
2026-05-16T09:03:41.522730,60.00,55.60,63.60,0.00
2026-05-16T09:03:41.625595,58.30,54.50,66.70,20.00
2026-05-16T09:03:41.728389,55.60,60.00,63.60,0.00
2026-05-16T09:03:41.830985,55.60,58.30,72.70,11.10
2026-05-16T09:03:41.934184,58.30,55.60,63.60,0.00
2026-05-16T09:03:42.037111,60.00,54.50,63.60,11.10
2026-05-16T09:03:42.139830,58.30,60.00,66.70,10.00
2026-05-16T09:03:42.242478,55.60,63.60,66.70,22.20
2026-05-16T09:03:42.345686,63.60,60.00,63.60,0.00
2026-05-16T09:03:42.448842,63.60,50.00,63.60,0.00
2026-05-16T09:03:42.552008,60.00,66.70,66.70,10.00
2026-05-16T09:03:42.655454,50.00,50.00,60.00,0.00
2026-05-16T09:03:42.758103,60.00,63.60,72.70,11.10
2026-05-16T09:03:42.861059,54.50,50.00,63.60,0.00
2026-05-16T09:03:42.963843,60.00,58.30,69.20,18.20
2026-05-16T09:03:43.066908,60.00,63.60,60.00,0.00
2026-05-16T09:03:43.169832,54.50,55.60,66.70,10.00
2026-05-16T09:03:43.273021,62.50,63.60,72.70,30.00
2026-05-16T09:03:43.375814,54.50,50.00,63.60,0.00
2026-05-16T09:03:43.478609,55.60,60.00,70.00,11.10
2026-05-16T09:03:43.581927,60.00,60.00,63.60,0.00
2026-05-16T09:03:43.684623,50.00,63.60,66.70,20.00
2026-05-16T09:03:43.787944,63.60,50.00,63.60,0.00
2026-05-16T09:03:43.890828,55.60,60.00,60.00,10.00
2026-05-16T09:03:43.993661,58.30,44.40,66.70,0.00
2026-05-16T09:03:44.096595,60.00,60.00,63.60,0.00
2026-05-16T09:03:44.199363,55.60,54.50,70.00,20.00
2026-05-16T09:03:44.301958,58.30,60.00,66.70,11.10
2026-05-16T09:03:44.404711,55.60,63.60,63.60,0.00
2026-05-16T09:03:44.507698,60.00,54.50,66.70,11.10
2026-05-16T09:03:44.610845,60.00,60.00,70.00,20.00
2026-05-16T09:03:44.713884,60.00,63.60,66.70,18.20
2026-05-16T09:03:44.817454,63.60,58.30,63.60,11.10
2026-05-16T09:03:44.920274,50.00,60.00,60.00,0.00
2026-05-16T09:03:45.023207,66.70,60.00,66.70,0.00
2026-05-16T09:03:45.126199,63.60,50.00,60.00,10.00
2026-05-16T09:03:45.229130,44.40,60.00,69.20,20.00
2026-05-16T09:03:45.332186,60.00,55.60,70.00,11.10
2026-05-16T09:03:45.435122,55.60,54.50,60.00,0.00
2026-05-16T09:03:45.538088,54.50,60.00,66.70,10.00
2026-05-16T09:03:45.641389,63.60,50.00,63.60,0.00
2026-05-16T09:03:45.744703,63.60,66.70,63.60,18.20
2026-05-16T09:03:45.847691,70.00,66.70,81.80,0.00
2026-05-16T09:03:45.951006,72.70,75.00,81.80,11.10
2026-05-16T09:03:46.054178,75.00,70.00,76.90,0.00
2026-05-16T09:03:46.157072,70.00,70.00,81.80,0.00
2026-05-16T09:03:46.260248,70.00,72.70,81.80,20.00
2026-05-16T09:03:46.363504,72.70,66.70,76.90,0.00
2026-05-16T09:03:46.466636,66.70,69.20,80.00,11.10
2026-05-16T09:03:46.569793,72.70,70.00,81.80,0.00
2026-05-16T09:03:46.673077,70.00,83.30,72.70,11.10
2026-05-16T09:03:46.776554,75.00,66.70,83.30,11.10
2026-05-16T09:03:46.879712,70.00,76.90,81.80,11.10
2026-05-16T09:03:46.983419,72.70,70.00,83.30,0.00
2026-05-16T09:03:47.086655,70.00,77.80,80.00,11.10
2026-05-16T09:03:47.189683,72.70,63.60,72.70,11.10
2026-05-16T09:03:47.292496,70.00,80.00,81.80,11.10
2026-05-16T09:03:47.395455,70.00,70.00,84.60,11.10
2026-05-16T09:03:47.499297,72.70,75.00,80.00,20.00
2026-05-16T09:03:47.602261,80.00,75.00,81.80,22.20
2026-05-16T09:03:47.706725,66.70,66.70,81.80,11.10
2026-05-16T09:03:47.810059,75.00,75.00,75.00,0.00
2026-05-16T09:03:47.913154,66.70,70.00,81.80,20.00
2026-05-16T09:03:48.016077,72.70,70.00,76.90,0.00
2026-05-16T09:03:48.119527,70.00,70.00,81.80,0.00
2026-05-16T09:03:48.222555,72.70,70.00,80.00,11.10
2026-05-16T09:03:48.325816,70.00,75.00,80.00,11.10
2026-05-16T09:03:48.428741,72.70,70.00,81.80,11.10
2026-05-16T09:03:48.531725,70.00,72.70,83.30,11.10
2026-05-16T09:03:48.635229,70.00,72.70,75.00,20.00
2026-05-16T09:03:48.738487,70.00,72.70,81.80,20.00
2026-05-16T09:03:48.841648,72.70,75.00,83.30,11.10
2026-05-16T09:03:48.945139,70.00,66.70,80.00,0.00
2026-05-16T09:03:49.047985,75.00,75.00,83.30,0.00
2026-05-16T09:03:49.151029,70.00,72.70,75.00,20.00
2026-05-16T09:03:49.254332,66.70,80.00,81.80,12.50
2026-05-16T09:03:49.357231,70.00,72.70,81.80,0.00
2026-05-16T09:03:49.460863,77.80,70.00,81.80,20.00
2026-05-16T09:03:49.564884,75.00,72.70,83.30,11.10
2026-05-16T09:03:49.668284,70.00,72.70,81.80,20.00
2026-05-16T09:03:49.770847,50.00,50.00,60.00,0.00
2026-05-16T09:03:49.873259,12.50,0.00,11.10,0.00
2026-05-16T09:03:49.975738,11.10,27.30,22.20,0.00
2026-05-16T09:03:50.078149,22.20,0.00,22.20,0.00
2026-05-16T09:03:50.180516,12.50,22.20,0.00,0.00
2026-05-16T09:03:50.283164,20.00,20.00,22.20,0.00
2026-05-16T09:03:50.385696,22.20,12.50,22.20,0.00
2026-05-16T09:03:50.487988,12.50,11.10,25.00,16.70
2026-05-16T09:03:50.590599,11.10,12.50,22.20,0.00
2026-05-16T09:03:50.693096,12.50,11.10,12.50,0.00
2026-05-16T09:03:50.795596,12.50,12.50,22.20,0.00
2026-05-16T09:03:50.898039,20.00,11.10,12.50,0.00
2026-05-16T09:03:51.000454,22.20,22.20,20.00,0.00
2026-05-16T09:03:51.103147,0.00,20.00,22.20,0.00
2026-05-16T09:03:51.205636,30.00,12.50,25.00,0.00
2026-05-16T09:03:51.308029,12.50,22.20,30.00,10.00
2026-05-16T09:03:51.410538,11.10,11.10,22.20,0.00
2026-05-16T09:03:51.513399,22.20,22.20,0.00,10.00
2026-05-16T09:03:51.615671,12.50,11.10,22.20,0.00
2026-05-16T09:03:51.718032,20.00,22.20,30.00,0.00
2026-05-16T09:03:51.875432,40.00,23.10,35.70,13.30
2026-05-16T09:03:51.977997,25.00,33.30,100.00,0.00
2026-05-16T09:03:52.081046,22.20,12.50,100.00,18.20
2026-05-16T09:03:52.183509,33.30,33.30,100.00,0.00
2026-05-16T09:03:52.285966,22.20,25.00,100.00,0.00
2026-05-16T09:03:52.388297,22.20,22.20,100.00,0.00
2026-05-16T09:03:52.490702,33.30,33.30,100.00,10.00
2026-05-16T09:03:52.593182,22.20,25.00,100.00,0.00
2026-05-16T09:03:52.695712,25.00,12.50,100.00,9.10
2026-05-16T09:03:52.798209,30.00,25.00,100.00,0.00
2026-05-16T09:03:52.900638,22.20,22.20,100.00,10.00
2026-05-16T09:03:53.002895,25.00,25.00,100.00,0.00
2026-05-16T09:03:53.105581,22.20,22.20,100.00,0.00
2026-05-16T09:03:53.208166,25.00,25.00,100.00,0.00
2026-05-16T09:03:53.310569,30.00,33.30,100.00,0.00
2026-05-16T09:03:53.412879,14.30,25.00,100.00,18.20
2026-05-16T09:03:53.515098,30.00,22.20,100.00,0.00
2026-05-16T09:03:53.617445,33.30,33.30,100.00,9.10
2026-05-16T09:03:53.720043,12.50,25.00,100.00,0.00
2026-05-16T09:03:53.822945,55.60,60.00,100.00,11.10
2026-05-16T09:03:53.925515,69.20,60.00,100.00,10.00
2026-05-16T09:03:54.028339,66.70,63.60,100.00,0.00
2026-05-16T09:03:54.131509,63.60,62.50,100.00,0.00
2026-05-16T09:03:54.234459,70.00,66.70,100.00,10.00
2026-05-16T09:03:54.337459,66.70,72.70,100.00,10.00
2026-05-16T09:03:54.440370,66.70,60.00,100.00,0.00
2026-05-16T09:03:54.543484,63.60,60.00,100.00,0.00
2026-05-16T09:03:54.646681,70.00,70.00,100.00,20.00
2026-05-16T09:03:54.749219,60.00,63.60,100.00,0.00
2026-05-16T09:03:54.852412,66.70,70.00,100.00,0.00
2026-05-16T09:03:54.955461,63.60,55.60,100.00,20.00
2026-05-16T09:03:55.058190,63.60,63.60,100.00,0.00
2026-05-16T09:03:55.160870,63.60,60.00,100.00,0.00
2026-05-16T09:03:55.264052,66.70,70.00,100.00,25.00
2026-05-16T09:03:55.367474,66.70,63.60,100.00,11.10
2026-05-16T09:03:55.470225,63.60,63.60,100.00,0.00
2026-05-16T09:03:55.573166,70.00,72.70,100.00,11.10
2026-05-16T09:03:55.676394,55.60,60.00,100.00,0.00
2026-05-16T09:03:55.779063,70.00,70.00,100.00,0.00
2026-05-16T09:03:55.882019,70.00,66.70,100.00,11.10
2026-05-16T09:03:55.985093,60.00,63.60,100.00,18.20
2026-05-16T09:03:56.088169,70.00,70.00,100.00,0.00
2026-05-16T09:03:56.191556,62.50,66.70,100.00,0.00
2026-05-16T09:03:56.294118,63.60,60.00,100.00,0.00
2026-05-16T09:03:56.396863,63.60,66.70,100.00,0.00
2026-05-16T09:03:56.500167,66.70,60.00,100.00,18.20
2026-05-16T09:03:56.602876,63.60,63.60,100.00,0.00
2026-05-16T09:03:56.705460,60.00,66.70,100.00,11.10
2026-05-16T09:03:56.808629,72.70,63.60,100.00,0.00
2026-05-16T09:03:56.911457,60.00,70.00,100.00,10.00
2026-05-16T09:03:57.014081,63.60,63.60,100.00,0.00
2026-05-16T09:03:57.117114,70.00,63.60,100.00,0.00
2026-05-16T09:03:57.220054,60.00,63.60,100.00,10.00
2026-05-16T09:03:57.323077,63.60,72.70,100.00,20.00
2026-05-16T09:03:57.425956,66.70,55.60,100.00,10.00
2026-05-16T09:03:57.529033,60.00,72.70,100.00,12.50
2026-05-16T09:03:57.631604,70.00,63.60,100.00,20.00
2026-05-16T09:03:57.734611,60.00,72.70,100.00,0.00
2026-05-16T09:03:57.837374,80.00,80.00,100.00,11.10
2026-05-16T09:03:57.940812,80.00,75.00,100.00,0.00
2026-05-16T09:03:58.043956,80.00,80.00,100.00,20.00
2026-05-16T09:03:58.147153,72.70,81.80,100.00,0.00
2026-05-16T09:03:58.250031,80.00,72.70,100.00,18.20
2026-05-16T09:03:58.352794,81.80,77.80,100.00,0.00
2026-05-16T09:03:58.455819,77.80,80.00,100.00,11.10
2026-05-16T09:03:58.558756,81.80,72.70,100.00,0.00
2026-05-16T09:03:58.661346,81.80,83.30,100.00,20.00
2026-05-16T09:03:58.764120,80.00,80.00,100.00,0.00
2026-05-16T09:03:58.867059,80.00,80.00,100.00,11.10
2026-05-16T09:03:58.970704,70.00,72.70,100.00,10.00
2026-05-16T09:03:59.073696,80.00,80.00,100.00,0.00
2026-05-16T09:03:59.176390,81.80,75.00,100.00,0.00
2026-05-16T09:03:59.279472,75.00,80.00,100.00,33.30
2026-05-16T09:03:59.382207,75.00,81.80,100.00,0.00
2026-05-16T09:03:59.485105,81.80,72.70,100.00,10.00
2026-05-16T09:03:59.587788,72.70,80.00,100.00,20.00
2026-05-16T09:03:59.691079,81.80,72.70,100.00,0.00
2026-05-16T09:03:59.793868,77.80,75.00,100.00,0.00
2026-05-16T09:03:59.897011,76.90,76.90,100.00,11.10
2026-05-16T09:04:00.000382,70.00,80.00,100.00,0.00
2026-05-16T09:04:00.103441,81.80,75.00,100.00,0.00
2026-05-16T09:04:00.206594,80.00,81.80,100.00,11.10
2026-05-16T09:04:00.309514,81.80,80.00,100.00,20.00
2026-05-16T09:04:00.412298,72.70,70.00,100.00,0.00
2026-05-16T09:04:00.515101,80.00,75.00,100.00,20.00
2026-05-16T09:04:00.618130,72.70,77.80,100.00,0.00
2026-05-16T09:04:00.721060,80.00,76.90,100.00,10.00
2026-05-16T09:04:00.824494,72.70,77.80,100.00,11.10
2026-05-16T09:04:00.927356,83.30,70.00,100.00,0.00
2026-05-16T09:04:01.030346,75.00,77.80,100.00,20.00
2026-05-16T09:04:01.133378,75.00,72.70,100.00,0.00
2026-05-16T09:04:01.236484,81.80,81.80,100.00,20.00
2026-05-16T09:04:01.339415,80.00,72.70,100.00,11.10
2026-05-16T09:04:01.442318,72.70,80.00,100.00,0.00
2026-05-16T09:04:01.545181,80.00,72.70,100.00,11.10
2026-05-16T09:04:01.648039,75.00,77.80,100.00,11.10
2026-05-16T09:04:01.750629,77.80,70.00,100.00,10.00
2026-05-16T09:04:01.853100,54.50,50.00,100.00,0.00
2026-05-16T09:04:01.955965,60.00,60.00,100.00,0.00
2026-05-16T09:04:02.058957,60.00,60.00,100.00,10.00
2026-05-16T09:04:02.161826,55.60,54.50,100.00,10.00
2026-05-16T09:04:02.264696,60.00,55.60,100.00,0.00
2026-05-16T09:04:02.367439,50.00,60.00,100.00,10.00
2026-05-16T09:04:02.470115,60.00,63.60,100.00,10.00
2026-05-16T09:04:02.572936,50.00,60.00,100.00,11.10
2026-05-16T09:04:02.675550,58.30,55.60,100.00,10.00
2026-05-16T09:04:02.778339,55.60,60.00,100.00,10.00
2026-05-16T09:04:02.880886,60.00,50.00,100.00,0.00
2026-05-16T09:04:02.983859,54.50,60.00,100.00,0.00
2026-05-16T09:04:03.086566,63.60,63.60,100.00,10.00
2026-05-16T09:04:03.189409,60.00,55.60,100.00,10.00
2026-05-16T09:04:03.292197,63.60,50.00,100.00,11.10
2026-05-16T09:04:03.395112,50.00,55.60,100.00,0.00
2026-05-16T09:04:03.498012,63.60,63.60,100.00,0.00
2026-05-16T09:04:03.600942,60.00,54.50,100.00,18.20
2026-05-16T09:04:03.703959,55.60,60.00,100.00,11.10
2026-05-16T09:04:03.807262,63.60,60.00,100.00,0.00
2026-05-16T09:04:03.909688,50.00,55.60,100.00,0.00
2026-05-16T09:04:04.012492,55.60,55.60,100.00,18.20
2026-05-16T09:04:04.115425,60.00,60.00,100.00,0.00
2026-05-16T09:04:04.218409,63.60,58.30,100.00,0.00
2026-05-16T09:04:04.321432,54.50,60.00,100.00,0.00
2026-05-16T09:04:04.423956,55.60,60.00,100.00,18.20
2026-05-16T09:04:04.526517,60.00,66.70,100.00,0.00
2026-05-16T09:04:04.629635,60.00,50.00,100.00,18.20
2026-05-16T09:04:04.732362,54.50,63.60,100.00,0.00
2026-05-16T09:04:04.835688,60.00,50.00,100.00,18.20
2026-05-16T09:04:04.938643,63.60,60.00,100.00,0.00
2026-05-16T09:04:05.041599,60.00,60.00,100.00,10.00
2026-05-16T09:04:05.144632,55.60,55.60,100.00,0.00
2026-05-16T09:04:05.247178,54.50,63.60,100.00,11.10
2026-05-16T09:04:05.349835,60.00,54.50,100.00,10.00
2026-05-16T09:04:05.452931,54.50,60.00,100.00,0.00
2026-05-16T09:04:05.555626,55.60,55.60,100.00,18.20
2026-05-16T09:04:05.658216,60.00,63.60,100.00,0.00
2026-05-16T09:04:05.760445,50.00,37.50,100.00,0.00
2026-05-16T09:04:05.862557,10.00,11.10,100.00,0.00
2026-05-16T09:04:05.964995,0.00,18.20,100.00,0.00
2026-05-16T09:04:06.067350,10.00,0.00,100.00,0.00
2026-05-16T09:04:06.169402,11.10,0.00,100.00,0.00
2026-05-16T09:04:06.271437,10.00,0.00,100.00,0.00
2026-05-16T09:04:06.373467,11.10,0.00,100.00,9.10
2026-05-16T09:04:06.475580,0.00,0.00,100.00,0.00
2026-05-16T09:04:06.578038,10.00,11.10,100.00,0.00
2026-05-16T09:04:06.680182,0.00,11.10,100.00,0.00
2026-05-16T09:04:06.782215,18.20,10.00,100.00,9.10
2026-05-16T09:04:06.884503,0.00,11.10,100.00,0.00
2026-05-16T09:04:06.986683,0.00,0.00,100.00,0.00
2026-05-16T09:04:07.089024,10.00,0.00,100.00,9.10
2026-05-16T09:04:07.191152,0.00,18.20,100.00,0.00
2026-05-16T09:04:07.293320,0.00,0.00,100.00,0.00
2026-05-16T09:04:07.395517,10.00,0.00,100.00,9.10
2026-05-16T09:04:07.497565,27.30,11.10,100.00,0.00
2026-05-16T09:04:07.599821,0.00,30.00,100.00,0.00
2026-05-16T09:04:07.701929,11.10,0.00,100.00,0.00
2026-05-16T09:04:07.804071,10.00,0.00,100.00,0.00
2026-05-16T09:04:07.906199,11.10,0.00,100.00,0.00
2026-05-16T09:04:08.008514,10.00,11.10,100.00,9.10
2026-05-16T09:04:08.110625,0.00,0.00,100.00,0.00
2026-05-16T09:04:08.212843,10.00,10.00,100.00,0.00
2026-05-16T09:04:08.315063,0.00,11.10,100.00,0.00
2026-05-16T09:04:08.417145,10.00,0.00,100.00,0.00
2026-05-16T09:04:08.519352,11.10,0.00,100.00,0.00
2026-05-16T09:04:08.621597,10.00,11.10,100.00,0.00
2026-05-16T09:04:08.723912,0.00,0.00,100.00,9.10
2026-05-16T09:04:08.826153,0.00,11.10,100.00,0.00
2026-05-16T09:04:08.928544,0.00,0.00,100.00,0.00
2026-05-16T09:04:09.030824,10.00,11.10,100.00,0.00
2026-05-16T09:04:09.132961,0.00,0.00,100.00,10.00
2026-05-16T09:04:09.235357,18.20,0.00,100.00,9.10
2026-05-16T09:04:09.337493,11.10,11.10,100.00,0.00
2026-05-16T09:04:09.439681,10.00,0.00,100.00,0.00
2026-05-16T09:04:09.542013,11.10,0.00,100.00,0.00
2026-05-16T09:04:09.644311,11.10,20.00,100.00,10.00
2026-05-16T09:04:09.746985,20.00,11.10,100.00,0.00
2026-05-16T09:04:09.849622,44.40,50.00,100.00,0.00
2026-05-16T09:04:09.952411,50.00,44.40,100.00,10.00
2026-05-16T09:04:10.055041,44.40,54.50,100.00,0.00
2026-05-16T09:04:10.157880,50.00,44.40,100.00,10.00
2026-05-16T09:04:10.260405,54.50,44.40,100.00,0.00
2026-05-16T09:04:10.363168,44.40,44.40,100.00,0.00
2026-05-16T09:04:10.465903,44.40,50.00,100.00,0.00
2026-05-16T09:04:10.568438,45.50,54.50,100.00,10.00
2026-05-16T09:04:10.671037,54.50,44.40,100.00,0.00
2026-05-16T09:04:10.773389,37.50,44.40,100.00,9.10
2026-05-16T09:04:10.876031,44.40,50.00,100.00,10.00
2026-05-16T09:04:10.978826,50.00,50.00,100.00,0.00
2026-05-16T09:04:11.082021,58.30,44.40,100.00,0.00
2026-05-16T09:04:11.184826,40.00,44.40,100.00,10.00
2026-05-16T09:04:11.287559,50.00,50.00,100.00,10.00
2026-05-16T09:04:11.390082,50.00,50.00,100.00,10.00
2026-05-16T09:04:11.492864,44.40,44.40,100.00,0.00
2026-05-16T09:04:11.595345,44.40,50.00,100.00,10.00
2026-05-16T09:04:11.697934,50.00,50.00,100.00,11.10
2026-05-16T09:04:11.800834,50.00,50.00,100.00,10.00
2026-05-16T09:04:11.903221,44.40,44.40,100.00,0.00
2026-05-16T09:04:12.005846,44.40,44.40,100.00,0.00
2026-05-16T09:04:12.108702,50.00,58.30,100.00,10.00
2026-05-16T09:04:12.211167,50.00,44.40,100.00,18.20
2026-05-16T09:04:12.314493,37.50,50.00,100.00,10.00
2026-05-16T09:04:12.417165,54.50,50.00,100.00,0.00
2026-05-16T09:04:12.519689,50.00,44.40,100.00,11.10
2026-05-16T09:04:12.622480,50.00,44.40,100.00,0.00
2026-05-16T09:04:12.725088,44.40,54.50,100.00,10.00
2026-05-16T09:04:12.827599,45.50,44.40,100.00,0.00
2026-05-16T09:04:12.930235,55.60,50.00,100.00,10.00
2026-05-16T09:04:13.032992,33.30,44.40,100.00,0.00
2026-05-16T09:04:13.135669,58.30,50.00,100.00,10.00
2026-05-16T09:04:13.238208,50.00,50.00,100.00,20.00
2026-05-16T09:04:13.340820,50.00,44.40,100.00,0.00
2026-05-16T09:04:13.443526,40.00,50.00,100.00,0.00
2026-05-16T09:04:13.546119,44.40,44.40,100.00,10.00
2026-05-16T09:04:13.648971,50.00,50.00,100.00,10.00
2026-05-16T09:04:13.750991,50.00,37.50,100.00,0.00
2026-05-16T09:04:13.853190,0.00,0.00,100.00,0.00
2026-05-16T09:04:13.955458,0.00,0.00,100.00,0.00
2026-05-16T09:04:14.057593,10.00,11.10,100.00,9.10
2026-05-16T09:04:14.159599,0.00,10.00,100.00,0.00
2026-05-16T09:04:14.261844,10.00,0.00,100.00,0.00
2026-05-16T09:04:14.363978,10.00,0.00,100.00,0.00
2026-05-16T09:04:14.466242,10.00,10.00,100.00,9.10
2026-05-16T09:04:14.568553,20.00,11.10,100.00,0.00
2026-05-16T09:04:14.670555,10.00,0.00,100.00,0.00
2026-05-16T09:04:14.772736,0.00,0.00,100.00,9.10
2026-05-16T09:04:14.874902,18.20,11.10,100.00,0.00
2026-05-16T09:04:14.977085,0.00,10.00,100.00,0.00
2026-05-16T09:04:15.079401,0.00,11.10,100.00,0.00
2026-05-16T09:04:15.181367,11.10,10.00,100.00,0.00
2026-05-16T09:04:15.283498,18.20,11.10,100.00,10.00
2026-05-16T09:04:15.385587,0.00,0.00,100.00,0.00
2026-05-16T09:04:15.487788,10.00,10.00,100.00,0.00
2026-05-16T09:04:15.589967,18.20,0.00,100.00,0.00
2026-05-16T09:04:15.692119,11.10,0.00,100.00,0.00
2026-05-16T09:04:15.794320,10.00,27.30,100.00,0.00
2026-05-16T09:04:15.896372,10.00,0.00,100.00,0.00
2026-05-16T09:04:15.998358,25.00,20.00,100.00,0.00
2026-05-16T09:04:16.100798,11.10,0.00,100.00,0.00
2026-05-16T09:04:16.202916,18.20,10.00,100.00,0.00
2026-05-16T09:04:16.305323,10.00,0.00,100.00,9.10
2026-05-16T09:04:16.407640,0.00,0.00,100.00,0.00
2026-05-16T09:04:16.510213,11.10,0.00,100.00,0.00
2026-05-16T09:04:16.612579,10.00,11.10,100.00,0.00
2026-05-16T09:04:16.714952,11.10,0.00,100.00,0.00
2026-05-16T09:04:16.817026,10.00,20.00,100.00,0.00
2026-05-16T09:04:16.919112,0.00,10.00,100.00,0.00
2026-05-16T09:04:17.021125,18.20,11.10,100.00,0.00
2026-05-16T09:04:17.123117,0.00,0.00,100.00,9.10
2026-05-16T09:04:17.225563,18.20,10.00,100.00,0.00
2026-05-16T09:04:17.328037,0.00,0.00,100.00,0.00
2026-05-16T09:04:17.430576,0.00,0.00,100.00,0.00
2026-05-16T09:04:17.533075,18.20,0.00,100.00,0.00
2026-05-16T09:04:17.635216,11.10,27.30,100.00,0.00
2026-05-16T09:04:17.737486,10.00,0.00,100.00,9.10
2026-05-16T09:04:17.840220,55.60,60.00,100.00,18.20
2026-05-16T09:04:17.943152,60.00,63.60,100.00,11.10
2026-05-16T09:04:18.046002,63.60,60.00,100.00,0.00
2026-05-16T09:04:18.148961,54.50,60.00,100.00,0.00
2026-05-16T09:04:18.251799,55.60,55.60,100.00,10.00
2026-05-16T09:04:18.354354,60.00,63.60,100.00,0.00
2026-05-16T09:04:18.457097,55.60,63.60,100.00,11.10
2026-05-16T09:04:18.559831,63.60,60.00,100.00,10.00
2026-05-16T09:04:18.662693,60.00,63.60,100.00,11.10
2026-05-16T09:04:18.765205,63.60,60.00,100.00,10.00
2026-05-16T09:04:18.867955,60.00,63.60,100.00,11.10
2026-05-16T09:04:18.971336,63.60,63.60,100.00,10.00
2026-05-16T09:04:19.073990,54.50,63.60,100.00,10.00
2026-05-16T09:04:19.176878,60.00,55.60,100.00,0.00
2026-05-16T09:04:19.279851,55.60,63.60,100.00,10.00
2026-05-16T09:04:19.382815,60.00,63.60,100.00,0.00
2026-05-16T09:04:19.486606,66.70,60.00,100.00,11.10
2026-05-16T09:04:19.589368,55.60,60.00,100.00,18.20
2026-05-16T09:04:19.692741,60.00,63.60,100.00,0.00
2026-05-16T09:04:19.795810,69.20,60.00,100.00,11.10
2026-05-16T09:04:19.898912,55.60,60.00,100.00,10.00
2026-05-16T09:04:20.001774,60.00,63.60,100.00,0.00
2026-05-16T09:04:20.104889,58.30,55.60,100.00,10.00
2026-05-16T09:04:20.207552,63.60,60.00,100.00,0.00
2026-05-16T09:04:20.310115,60.00,63.60,100.00,18.20
2026-05-16T09:04:20.412892,60.00,55.60,100.00,0.00
2026-05-16T09:04:20.515928,55.60,60.00,100.00,0.00
2026-05-16T09:04:20.618433,66.70,63.60,100.00,10.00
2026-05-16T09:04:20.721158,70.00,60.00,100.00,10.00
2026-05-16T09:04:20.823880,63.60,50.00,100.00,0.00
2026-05-16T09:04:20.926463,55.60,63.60,100.00,0.00
2026-05-16T09:04:21.028889,60.00,63.60,100.00,10.00
2026-05-16T09:04:21.131846,60.00,55.60,100.00,0.00
2026-05-16T09:04:21.234931,50.00,63.60,100.00,20.00
2026-05-16T09:04:21.337855,69.20,60.00,100.00,0.00
2026-05-16T09:04:21.440403,60.00,60.00,100.00,0.00
2026-05-16T09:04:21.543108,55.60,63.60,100.00,11.10
2026-05-16T09:04:21.646151,60.00,60.00,100.00,10.00
2026-05-16T09:04:21.748947,66.70,44.40,100.00,0.00
2026-05-16T09:04:21.851552,66.70,72.70,100.00,11.10
2026-05-16T09:04:21.954187,66.70,63.60,100.00,20.00
2026-05-16T09:04:22.056948,63.60,63.60,100.00,0.00
2026-05-16T09:04:22.159825,75.00,70.00,100.00,0.00
2026-05-16T09:04:22.262692,55.60,63.60,100.00,20.00
2026-05-16T09:04:22.365518,72.70,72.70,100.00,11.10
2026-05-16T09:04:22.468275,66.70,60.00,100.00,10.00
2026-05-16T09:04:22.571108,70.00,70.00,100.00,0.00
2026-05-16T09:04:22.674124,60.00,63.60,100.00,18.20
2026-05-16T09:04:22.776685,60.00,63.60,100.00,0.00
2026-05-16T09:04:22.879236,70.00,66.70,100.00,0.00
2026-05-16T09:04:22.981974,63.60,60.00,100.00,11.10
2026-05-16T09:04:23.085056,70.00,75.00,100.00,0.00
2026-05-16T09:04:23.187824,63.60,66.70,100.00,18.20
2026-05-16T09:04:23.290890,72.70,66.70,100.00,20.00
2026-05-16T09:04:23.393529,72.70,70.00,100.00,20.00
2026-05-16T09:04:23.496897,60.00,63.60,100.00,0.00
2026-05-16T09:04:23.599469,72.70,70.00,100.00,10.00
2026-05-16T09:04:23.702209,60.00,60.00,100.00,0.00
2026-05-16T09:04:23.805370,66.70,70.00,100.00,11.10
2026-05-16T09:04:23.908198,63.60,60.00,100.00,10.00
2026-05-16T09:04:24.011045,72.70,63.60,100.00,0.00
2026-05-16T09:04:24.113737,63.60,70.00,100.00,0.00
2026-05-16T09:04:24.216740,63.60,60.00,100.00,18.20
2026-05-16T09:04:24.320146,72.70,63.60,100.00,0.00
2026-05-16T09:04:24.422903,60.00,70.00,100.00,10.00
2026-05-16T09:04:24.525357,72.70,63.60,100.00,0.00
2026-05-16T09:04:24.628001,60.00,60.00,100.00,10.00
2026-05-16T09:04:24.731019,72.70,70.00,100.00,10.00
2026-05-16T09:04:24.834392,63.60,66.70,100.00,0.00
2026-05-16T09:04:24.937879,72.70,66.70,100.00,10.00
2026-05-16T09:04:25.040983,63.60,60.00,100.00,10.00
2026-05-16T09:04:25.144158,70.00,72.70,100.00,11.10
2026-05-16T09:04:25.246888,72.70,62.50,100.00,0.00
2026-05-16T09:04:25.349723,60.00,66.70,100.00,10.00
2026-05-16T09:04:25.452720,63.60,63.60,100.00,20.00
2026-05-16T09:04:25.555555,72.70,63.60,100.00,0.00
2026-05-16T09:04:25.658132,63.60,66.70,100.00,11.10
2026-05-16T09:04:25.761703,81.80,72.70,100.00,10.00
2026-05-16T09:04:25.930239,93.70,100.00,100.00,40.00
2026-05-16T09:04:26.033921,83.30,100.00,100.00,20.00
2026-05-16T09:04:26.137133,80.00,80.00,80.00,12.50
2026-05-16T09:04:26.240661,81.80,70.00,91.70,0.00
2026-05-16T09:04:26.344003,70.00,80.00,90.00,0.00
2026-05-16T09:04:26.447090,84.60,81.80,90.00,11.10
2026-05-16T09:04:26.550496,77.80,81.80,84.60,12.50
2026-05-16T09:04:26.654081,81.80,80.00,90.00,11.10
2026-05-16T09:04:26.757080,75.00,75.00,90.90,20.00
2026-05-16T09:04:26.860702,77.80,80.00,83.30,11.10
2026-05-16T09:04:26.963829,80.00,90.00,100.00,12.50
2026-05-16T09:04:27.066806,80.00,83.30,90.90,0.00
2026-05-16T09:04:27.170141,80.00,77.80,90.90,11.10
2026-05-16T09:04:27.273139,72.70,75.00,90.00,22.20
2026-05-16T09:04:27.378844,81.80,80.00,83.30,0.00
2026-05-16T09:04:27.482541,80.00,81.80,91.70,11.10
2026-05-16T09:04:27.585881,81.80,88.90,90.00,22.20
2026-05-16T09:04:27.689723,81.80,81.80,90.90,12.50
2026-05-16T09:04:27.792867,80.00,81.80,90.90,11.10
2026-05-16T09:04:27.895985,81.80,80.00,90.90,20.00
2026-05-16T09:04:27.999335,77.80,80.00,90.90,11.10
2026-05-16T09:04:28.102550,72.70,80.00,81.80,22.20
2026-05-16T09:04:28.206201,81.80,75.00,90.90,11.10
2026-05-16T09:04:28.309927,72.70,81.80,81.80,20.00
2026-05-16T09:04:28.413038,80.00,80.00,91.70,0.00
2026-05-16T09:04:28.517108,81.80,80.00,90.00,12.50
2026-05-16T09:04:28.620588,80.00,90.00,90.00,20.00
2026-05-16T09:04:28.723893,80.00,77.80,91.70,11.10
2026-05-16T09:04:28.826838,80.00,83.30,90.00,0.00
2026-05-16T09:04:28.931114,80.00,80.00,91.70,11.10
2026-05-16T09:04:29.033770,81.80,80.00,90.00,11.10
2026-05-16T09:04:29.136892,72.70,72.70,83.30,11.10
2026-05-16T09:04:29.240351,76.90,72.70,88.90,11.10
2026-05-16T09:04:29.343222,77.80,81.80,91.70,0.00
2026-05-16T09:04:29.447024,70.00,77.80,83.30,22.20
2026-05-16T09:04:29.550089,81.80,80.00,80.00,20.00
2026-05-16T09:04:29.653717,80.00,72.70,91.70,11.10
2026-05-16T09:04:29.756029,72.70,70.00,77.80,0.00
2026-05-16T09:04:29.858384,22.20,30.00,30.00,10.00
2026-05-16T09:04:29.960949,20.00,0.00,22.20,0.00
2026-05-16T09:04:30.063425,30.00,30.00,25.00,10.00
2026-05-16T09:04:30.165711,12.50,22.20,12.50,0.00
2026-05-16T09:04:30.268027,30.00,22.20,30.00,9.10
2026-05-16T09:04:30.370915,0.00,22.20,22.20,0.00
2026-05-16T09:04:30.473180,22.20,11.10,12.50,10.00
2026-05-16T09:04:30.575499,30.00,22.20,33.30,0.00
2026-05-16T09:04:30.678031,22.20,22.20,22.20,0.00
2026-05-16T09:04:30.780916,0.00,12.50,22.20,0.00
2026-05-16T09:04:30.883686,30.00,22.20,22.20,9.10
2026-05-16T09:04:30.985840,20.00,22.20,12.50,0.00
2026-05-16T09:04:31.088429,22.20,12.50,25.00,0.00
2026-05-16T09:04:31.191027,12.50,11.10,12.50,0.00
2026-05-16T09:04:31.293588,22.20,25.00,30.00,11.10
2026-05-16T09:04:31.395879,30.00,30.00,33.30,0.00
2026-05-16T09:04:31.498414,22.20,12.50,22.20,0.00
2026-05-16T09:04:31.601054,25.00,22.20,30.00,10.00
2026-05-16T09:04:31.703585,12.50,12.50,22.20,0.00
2026-05-16T09:04:31.867513,43.70,43.80,42.90,13.30
2026-05-16T09:04:31.970210,22.20,33.30,100.00,0.00
2026-05-16T09:04:32.072546,44.40,33.30,100.00,20.00
2026-05-16T09:04:32.175006,40.00,33.30,100.00,18.20
2026-05-16T09:04:32.277895,40.00,33.30,100.00,0.00
2026-05-16T09:04:32.380393,25.00,33.30,100.00,0.00
2026-05-16T09:04:32.482940,36.40,25.00,100.00,0.00
2026-05-16T09:04:32.585639,33.30,25.00,100.00,0.00
2026-05-16T09:04:32.688241,25.00,40.00,100.00,10.00
2026-05-16T09:04:32.791361,33.30,33.30,100.00,10.00
2026-05-16T09:04:32.893991,25.00,37.50,100.00,10.00
2026-05-16T09:04:32.996368,33.30,40.00,100.00,0.00
2026-05-16T09:04:33.098892,33.30,33.30,100.00,0.00
2026-05-16T09:04:33.201176,33.30,25.00,100.00,0.00
2026-05-16T09:04:33.303622,33.30,14.30,100.00,0.00
2026-05-16T09:04:33.406345,22.20,40.00,100.00,0.00
2026-05-16T09:04:33.508670,33.30,40.00,100.00,0.00
2026-05-16T09:04:33.611173,33.30,33.30,100.00,18.20
2026-05-16T09:04:33.714057,44.40,33.30,100.00,0.00
2026-05-16T09:04:33.817042,72.70,87.50,100.00,0.00
2026-05-16T09:04:33.920227,90.90,91.70,100.00,11.10
2026-05-16T09:04:34.070594,92.90,92.90,100.00,42.90
2026-05-16T09:04:34.173973,72.70,70.00,81.80,11.10
2026-05-16T09:04:34.277081,80.00,72.70,90.90,22.20
2026-05-16T09:04:34.380562,72.70,72.70,72.70,10.00
2026-05-16T09:04:34.483800,75.00,66.70,81.80,11.10
2026-05-16T09:04:34.587502,70.00,75.00,83.30,0.00
2026-05-16T09:04:34.690946,72.70,70.00,80.00,33.30
2026-05-16T09:04:34.794094,70.00,72.70,81.80,11.10
2026-05-16T09:04:34.897627,80.00,81.80,90.90,0.00
2026-05-16T09:04:35.000706,70.00,72.70,81.80,11.10
2026-05-16T09:04:35.103821,75.00,63.60,72.70,0.00
2026-05-16T09:04:35.207072,63.60,70.00,83.30,11.10
2026-05-16T09:04:35.310609,75.00,81.80,90.90,30.00
2026-05-16T09:04:35.413512,75.00,75.00,75.00,0.00
2026-05-16T09:04:35.516869,66.70,66.70,90.00,11.10
2026-05-16T09:04:35.619650,75.00,72.70,75.00,20.00
2026-05-16T09:04:35.723046,70.00,72.70,81.80,11.10
2026-05-16T09:04:35.826131,81.80,81.80,81.80,11.10
2026-05-16T09:04:35.930120,72.70,70.00,81.80,0.00
2026-05-16T09:04:36.033563,72.70,72.70,83.30,11.10
2026-05-16T09:04:36.136358,66.70,81.80,81.80,0.00
2026-05-16T09:04:36.239888,72.70,72.70,90.00,20.00
2026-05-16T09:04:36.342926,75.00,72.70,81.80,11.10
2026-05-16T09:04:36.445982,70.00,72.70,83.30,0.00
2026-05-16T09:04:36.549056,70.00,72.70,81.80,20.00
2026-05-16T09:04:36.652400,81.80,80.00,81.80,12.50
2026-05-16T09:04:36.755750,70.00,77.80,81.80,11.10
2026-05-16T09:04:36.859134,80.00,72.70,91.70,20.00
2026-05-16T09:04:36.962445,72.70,80.00,81.80,0.00
2026-05-16T09:04:37.065694,72.70,72.70,81.80,12.50
2026-05-16T09:04:37.169169,77.80,80.00,90.90,11.10
2026-05-16T09:04:37.273379,75.00,75.00,81.80,11.10
2026-05-16T09:04:37.376804,81.80,80.00,81.80,11.10
2026-05-16T09:04:37.479844,70.00,72.70,90.90,12.50
2026-05-16T09:04:37.584086,80.00,80.00,81.80,22.20
2026-05-16T09:04:37.687390,77.80,80.00,90.00,27.30
2026-05-16T09:04:37.790036,54.50,50.00,60.00,0.00
2026-05-16T09:04:37.892404,25.00,30.00,40.00,0.00
2026-05-16T09:04:37.994914,22.20,30.00,22.20,0.00
2026-05-16T09:04:38.097228,40.00,25.00,40.00,0.00
2026-05-16T09:04:38.199713,30.00,22.20,33.30,10.00
2026-05-16T09:04:38.302078,12.50,22.20,30.00,0.00
2026-05-16T09:04:38.404479,22.20,25.00,25.00,0.00
2026-05-16T09:04:38.506841,25.00,22.20,36.40,0.00
2026-05-16T09:04:38.608999,36.40,30.00,33.30,10.00
2026-05-16T09:04:38.711500,25.00,25.00,40.00,0.00
2026-05-16T09:04:38.814215,22.20,30.00,25.00,18.20
2026-05-16T09:04:38.916931,33.30,14.30,33.30,0.00
2026-05-16T09:04:39.019621,22.20,36.40,25.00,0.00
2026-05-16T09:04:39.121991,36.40,22.20,36.40,10.00
2026-05-16T09:04:39.225036,33.30,25.00,45.50,0.00
2026-05-16T09:04:39.327939,22.20,22.20,25.00,0.00
2026-05-16T09:04:39.431027,25.00,30.00,33.30,10.00
2026-05-16T09:04:39.533842,30.00,25.00,30.00,10.00
2026-05-16T09:04:39.636786,33.30,36.40,40.00,0.00
2026-05-16T09:04:39.739136,33.30,25.00,25.00,10.00
2026-05-16T09:04:39.904444,40.00,43.80,58.80,20.00
2026-05-16T09:04:40.006820,40.00,44.40,100.00,10.00
2026-05-16T09:04:40.109620,50.00,33.30,100.00,0.00
2026-05-16T09:04:40.212380,40.00,50.00,100.00,0.00
2026-05-16T09:04:40.315246,50.00,40.00,100.00,10.00
2026-05-16T09:04:40.417750,40.00,37.50,100.00,0.00
2026-05-16T09:04:40.520672,37.50,44.40,100.00,10.00
2026-05-16T09:04:40.623399,40.00,40.00,100.00,0.00
2026-05-16T09:04:40.726146,50.00,50.00,100.00,10.00
2026-05-16T09:04:40.829167,45.50,44.40,100.00,0.00
2026-05-16T09:04:40.931717,37.50,33.30,100.00,10.00
2026-05-16T09:04:41.034579,40.00,44.40,100.00,0.00
2026-05-16T09:04:41.137259,44.40,44.40,100.00,0.00
2026-05-16T09:04:41.239719,50.00,45.50,100.00,27.30
2026-05-16T09:04:41.342052,40.00,37.50,100.00,0.00
2026-05-16T09:04:41.444558,40.00,37.50,100.00,0.00
2026-05-16T09:04:41.547128,44.40,40.00,100.00,0.00
2026-05-16T09:04:41.649550,40.00,44.40,100.00,0.00
2026-05-16T09:04:41.752352,44.40,50.00,100.00,10.00
2026-05-16T09:04:41.855111,81.80,66.70,100.00,0.00
2026-05-16T09:04:41.958190,72.70,69.20,100.00,10.00
2026-05-16T09:04:42.061131,70.00,72.70,100.00,11.10
2026-05-16T09:04:42.164943,75.00,70.00,100.00,0.00
2026-05-16T09:04:42.268011,80.00,70.00,100.00,11.10
2026-05-16T09:04:42.370783,70.00,72.70,100.00,11.10
2026-05-16T09:04:42.473617,70.00,70.00,100.00,0.00
2026-05-16T09:04:42.576682,70.00,72.70,100.00,20.00
2026-05-16T09:04:42.679877,72.70,70.00,100.00,10.00
2026-05-16T09:04:42.782456,81.80,72.70,100.00,11.10
2026-05-16T09:04:42.886220,72.70,70.00,100.00,10.00
2026-05-16T09:04:42.989081,70.00,72.70,100.00,0.00
2026-05-16T09:04:43.092264,70.00,55.60,100.00,0.00
2026-05-16T09:04:43.195366,75.00,72.70,100.00,11.10
2026-05-16T09:04:43.298873,70.00,70.00,100.00,18.20
2026-05-16T09:04:43.401599,80.00,66.70,100.00,12.50
2026-05-16T09:04:43.504576,72.70,81.80,100.00,0.00
2026-05-16T09:04:43.607789,77.80,66.70,100.00,11.10
2026-05-16T09:04:43.710561,72.70,66.70,100.00,20.00
2026-05-16T09:04:43.813367,72.70,70.00,100.00,11.10
2026-05-16T09:04:43.916206,75.00,70.00,100.00,0.00
2026-05-16T09:04:44.019079,72.70,70.00,100.00,11.10
2026-05-16T09:04:44.122145,70.00,69.20,100.00,18.20
2026-05-16T09:04:44.225108,72.70,70.00,100.00,0.00
2026-05-16T09:04:44.328005,72.70,75.00,100.00,0.00
2026-05-16T09:04:44.431371,77.80,70.00,100.00,11.10
2026-05-16T09:04:44.534535,70.00,70.00,100.00,0.00
2026-05-16T09:04:44.637220,75.00,70.00,100.00,11.10
2026-05-16T09:04:44.739988,66.70,63.60,100.00,10.00
2026-05-16T09:04:44.842789,72.70,70.00,100.00,0.00
2026-05-16T09:04:44.945717,70.00,72.70,100.00,0.00
2026-05-16T09:04:45.048913,75.00,75.00,100.00,20.00
2026-05-16T09:04:45.152021,80.00,72.70,100.00,20.00
2026-05-16T09:04:45.254884,75.00,66.70,100.00,0.00
2026-05-16T09:04:45.357673,72.70,72.70,100.00,0.00
2026-05-16T09:04:45.460489,80.00,70.00,100.00,11.10
2026-05-16T09:04:45.563486,70.00,72.70,100.00,11.10
2026-05-16T09:04:45.666465,80.00,70.00,100.00,10.00
2026-05-16T09:04:45.769595,70.00,75.00,100.00,0.00
2026-05-16T09:04:45.872901,83.30,80.00,100.00,11.10
2026-05-16T09:04:45.975976,80.00,81.80,100.00,10.00
2026-05-16T09:04:46.079694,88.90,81.80,100.00,11.10
2026-05-16T09:04:46.183329,83.30,83.30,100.00,0.00
2026-05-16T09:04:46.286321,80.00,80.00,100.00,11.10
2026-05-16T09:04:46.389216,81.80,81.80,100.00,0.00
2026-05-16T09:04:46.491929,87.50,80.00,100.00,20.00
2026-05-16T09:04:46.595300,83.30,83.30,100.00,0.00
2026-05-16T09:04:46.698228,90.00,80.00,100.00,10.00
2026-05-16T09:04:46.801750,80.00,88.90,100.00,0.00
2026-05-16T09:04:46.905205,90.90,81.80,100.00,0.00
2026-05-16T09:04:47.008189,81.80,81.80,100.00,20.00
2026-05-16T09:04:47.111595,87.50,90.00,100.00,0.00
2026-05-16T09:04:47.214596,90.90,83.30,100.00,0.00
2026-05-16T09:04:47.317645,81.80,80.00,100.00,27.30
2026-05-16T09:04:47.420432,80.00,80.00,100.00,11.10
2026-05-16T09:04:47.523381,80.00,83.30,100.00,11.10
2026-05-16T09:04:47.626030,90.00,90.00,100.00,25.00
2026-05-16T09:04:47.728991,81.80,80.00,100.00,18.20
2026-05-16T09:04:47.832321,80.00,81.80,100.00,0.00
2026-05-16T09:04:47.935059,90.00,81.80,100.00,0.00
2026-05-16T09:04:48.038126,81.80,80.00,100.00,11.10
2026-05-16T09:04:48.141847,80.00,81.80,100.00,11.10
2026-05-16T09:04:48.244577,90.00,81.80,100.00,10.00
2026-05-16T09:04:48.347520,83.30,80.00,100.00,11.10
2026-05-16T09:04:48.450620,80.00,81.80,100.00,0.00
2026-05-16T09:04:48.553598,81.80,80.00,100.00,0.00
2026-05-16T09:04:48.656459,81.80,81.80,100.00,11.10
2026-05-16T09:04:48.759669,90.00,80.00,100.00,11.10
2026-05-16T09:04:48.862527,88.90,90.00,100.00,11.10
2026-05-16T09:04:48.966354,83.30,72.70,100.00,0.00
2026-05-16T09:04:49.069426,88.90,90.00,100.00,0.00
2026-05-16T09:04:49.172708,90.00,81.80,100.00,20.00
2026-05-16T09:04:49.275807,81.80,88.90,100.00,12.50
2026-05-16T09:04:49.378734,88.90,83.30,100.00,20.00
2026-05-16T09:04:49.481794,84.60,80.00,100.00,0.00
2026-05-16T09:04:49.584907,90.00,81.80,100.00,0.00
2026-05-16T09:04:49.687994,88.90,88.90,100.00,20.00
2026-05-16T09:04:49.790890,55.60,55.60,100.00,0.00
2026-05-16T09:04:49.893379,36.40,33.30,100.00,0.00
2026-05-16T09:04:49.995718,25.00,12.50,100.00,9.10
2026-05-16T09:04:50.098056,30.00,40.00,100.00,0.00
2026-05-16T09:04:50.200439,25.00,14.30,100.00,18.20
2026-05-16T09:04:50.302934,30.00,33.30,100.00,0.00
2026-05-16T09:04:50.405317,25.00,12.50,100.00,0.00
2026-05-16T09:04:50.507856,22.20,40.00,100.00,9.10
2026-05-16T09:04:50.610654,14.30,33.30,100.00,10.00
2026-05-16T09:04:50.713108,33.30,25.00,100.00,0.00
2026-05-16T09:04:50.815646,40.00,22.20,100.00,0.00
2026-05-16T09:04:50.918102,12.50,33.30,100.00,0.00
2026-05-16T09:04:51.020916,25.00,14.30,100.00,10.00
2026-05-16T09:04:51.123093,36.40,33.30,100.00,0.00
2026-05-16T09:04:51.225539,25.00,22.20,100.00,0.00
2026-05-16T09:04:51.327631,22.20,25.00,100.00,0.00
2026-05-16T09:04:51.429940,33.30,22.20,100.00,10.00
2026-05-16T09:04:51.532427,30.00,33.30,100.00,0.00
2026-05-16T09:04:51.634787,25.00,25.00,100.00,0.00
2026-05-16T09:04:51.737452,33.30,33.30,100.00,9.10
2026-05-16T09:04:51.839829,33.30,25.00,100.00,11.10
2026-05-16T09:04:51.943237,30.00,33.30,100.00,0.00
2026-05-16T09:04:52.045905,25.00,22.20,100.00,0.00
2026-05-16T09:04:52.148862,30.00,25.00,100.00,0.00
2026-05-16T09:04:52.251175,25.00,40.00,100.00,10.00
2026-05-16T09:04:52.353580,30.00,14.30,100.00,0.00
2026-05-16T09:04:52.455986,40.00,22.20,100.00,0.00
2026-05-16T09:04:52.558605,14.30,14.30,100.00,10.00
2026-05-16T09:04:52.661008,22.20,40.00,100.00,10.00
2026-05-16T09:04:52.763342,33.30,14.30,100.00,9.10
2026-05-16T09:04:52.865590,25.00,30.00,100.00,0.00
2026-05-16T09:04:52.967951,22.20,25.00,100.00,0.00
2026-05-16T09:04:53.070177,25.00,14.30,100.00,0.00
2026-05-16T09:04:53.172585,40.00,40.00,100.00,0.00
2026-05-16T09:04:53.274930,30.00,12.50,100.00,10.00
2026-05-16T09:04:53.377546,25.00,40.00,100.00,0.00
2026-05-16T09:04:53.480031,12.50,25.00,100.00,0.00
2026-05-16T09:04:53.582497,40.00,33.30,100.00,10.00
2026-05-16T09:04:53.684932,22.20,12.50,100.00,0.00
2026-05-16T09:04:53.788177,62.50,66.70,100.00,0.00
2026-05-16T09:04:53.891407,90.00,90.00,100.00,11.10
2026-05-16T09:04:53.994666,90.00,90.90,100.00,11.10
2026-05-16T09:04:54.097980,90.90,90.00,100.00,20.00
2026-05-16T09:04:54.257144,93.70,94.10,100.00,35.70
2026-05-16T09:04:54.360933,72.70,70.00,81.80,11.10
2026-05-16T09:04:54.463966,72.70,81.80,81.80,11.10
2026-05-16T09:04:54.567752,81.80,70.00,81.80,11.10
2026-05-16T09:04:54.670747,81.80,72.70,90.00,11.10
2026-05-16T09:04:54.774004,75.00,81.80,84.60,11.10
2026-05-16T09:04:54.876915,66.70,70.00,83.30,11.10
2026-05-16T09:04:54.980088,83.30,72.70,90.00,12.50
2026-05-16T09:04:55.083734,80.00,81.80,81.80,11.10
2026-05-16T09:04:55.187060,72.70,80.00,90.90,0.00
2026-05-16T09:04:55.290132,80.00,77.80,81.80,36.40
2026-05-16T09:04:55.393470,72.70,70.00,81.80,0.00
2026-05-16T09:04:55.497384,72.70,75.00,83.30,12.50
2026-05-16T09:04:55.600612,80.00,77.80,90.90,0.00
2026-05-16T09:04:55.703898,72.70,72.70,83.30,11.10
2026-05-16T09:04:55.806891,72.70,75.00,81.80,11.10
2026-05-16T09:04:55.909712,75.00,77.80,83.30,11.10
2026-05-16T09:04:56.012966,80.00,75.00,90.00,0.00
2026-05-16T09:04:56.116552,80.00,80.00,83.30,11.10
2026-05-16T09:04:56.219708,72.70,72.70,80.00,20.00
2026-05-16T09:04:56.323023,75.00,80.00,84.60,11.10
2026-05-16T09:04:56.427342,83.30,72.70,90.00,0.00
2026-05-16T09:04:56.530395,70.00,72.70,81.80,12.50
2026-05-16T09:04:56.633622,80.00,80.00,83.30,11.10
2026-05-16T09:04:56.736343,72.70,81.80,88.90,11.10
2026-05-16T09:04:56.839121,80.00,75.00,91.70,20.00
2026-05-16T09:04:56.942754,77.80,81.80,81.80,0.00
2026-05-16T09:04:57.046138,75.00,72.70,81.80,20.00
2026-05-16T09:04:57.149819,80.00,81.80,83.30,12.50
2026-05-16T09:04:57.252872,72.70,75.00,83.30,11.10
2026-05-16T09:04:57.356032,80.00,76.90,88.90,11.10
2026-05-16T09:04:57.459144,72.70,80.00,83.30,11.10
2026-05-16T09:04:57.562353,72.70,70.00,81.80,0.00
2026-05-16T09:04:57.665630,81.80,81.80,91.70,37.50
2026-05-16T09:04:57.768918,70.00,75.00,80.00,11.10
2026-05-16T09:04:57.872140,66.70,75.00,83.30,11.10
2026-05-16T09:04:57.975116,72.70,75.00,81.80,11.10
2026-05-16T09:04:58.078203,80.00,72.70,88.90,11.10
2026-05-16T09:04:58.181521,72.70,80.00,83.30,11.10
2026-05-16T09:04:58.284837,77.80,72.70,90.90,0.00
2026-05-16T09:04:58.387894,72.70,80.00,81.80,22.20
2026-05-16T09:04:58.491199,70.00,72.70,81.80,0.00
2026-05-16T09:04:58.594191,80.00,70.00,81.80,12.50
2026-05-16T09:04:58.697199,75.00,75.00,81.80,27.30
2026-05-16T09:04:58.800701,70.00,70.00,81.80,0.00
2026-05-16T09:04:58.903943,72.70,72.70,81.80,11.10
2026-05-16T09:04:59.007402,70.00,77.80,81.80,11.10
2026-05-16T09:04:59.110725,80.00,75.00,83.30,11.10
2026-05-16T09:04:59.213937,72.70,70.00,80.00,0.00
2026-05-16T09:04:59.317085,77.80,80.00,83.30,30.00
2026-05-16T09:04:59.420648,75.00,77.80,90.00,0.00
2026-05-16T09:04:59.523973,80.00,75.00,83.30,11.10
2026-05-16T09:04:59.627324,70.00,77.80,81.80,12.50
2026-05-16T09:04:59.730575,77.80,78.60,83.30,11.10
2026-05-16T09:04:59.834073,83.30,77.80,90.90,0.00
2026-05-16T09:04:59.937190,66.70,72.70,81.80,11.10
2026-05-16T09:05:00.040253,72.70,72.70,81.80,0.00
2026-05-16T09:05:00.143808,72.70,70.00,81.80,12.50
2026-05-16T09:05:00.246886,80.00,76.90,83.30,11.10
2026-05-16T09:05:00.350450,72.70,77.80,90.90,11.10
2026-05-16T09:05:00.453538,75.00,72.70,80.00,11.10
2026-05-16T09:05:00.556720,77.80,81.80,83.30,20.00
2026-05-16T09:05:00.659948,81.80,80.00,90.00,12.50
2026-05-16T09:05:00.763289,70.00,72.70,83.30,11.10
2026-05-16T09:05:00.866415,80.00,81.80,90.00,11.10
2026-05-16T09:05:00.969954,70.00,70.00,80.00,11.10
2026-05-16T09:05:01.073037,80.00,80.00,83.30,11.10
2026-05-16T09:05:01.176158,72.70,70.00,81.80,12.50
2026-05-16T09:05:01.279246,81.80,75.00,83.30,11.10
2026-05-16T09:05:01.382039,72.70,70.00,81.80,0.00
2026-05-16T09:05:01.485382,75.00,80.00,81.80,20.00
2026-05-16T09:05:01.588969,70.00,72.70,81.80,11.10
2026-05-16T09:05:01.693138,80.00,80.00,90.90,20.00
2026-05-16T09:05:01.796039,66.70,66.70,72.70,0.00
2026-05-16T09:05:01.899238,72.70,70.00,72.70,0.00
2026-05-16T09:05:02.002390,63.60,66.70,81.80,20.00
2026-05-16T09:05:02.105862,70.00,66.70,75.00,0.00
2026-05-16T09:05:02.209040,63.60,72.70,70.00,22.20
2026-05-16T09:05:02.312228,75.00,63.60,76.90,11.10
2026-05-16T09:05:02.415084,63.60,70.00,80.00,0.00
2026-05-16T09:05:02.518722,70.00,70.00,75.00,20.00
2026-05-16T09:05:02.622094,70.00,72.70,80.00,11.10
2026-05-16T09:05:02.725202,60.00,63.60,72.70,11.10
2026-05-16T09:05:02.828611,70.00,72.70,76.90,11.10
2026-05-16T09:05:02.931659,60.00,70.00,81.80,11.10
2026-05-16T09:05:03.034968,70.00,66.70,70.00,20.00
2026-05-16T09:05:03.137982,70.00,66.70,75.00,0.00
2026-05-16T09:05:03.240935,66.70,69.20,81.80,20.00
2026-05-16T09:05:03.343986,62.50,70.00,75.00,20.00
2026-05-16T09:05:03.447410,63.60,63.60,75.00,11.10
2026-05-16T09:05:03.550420,70.00,70.00,80.00,0.00
2026-05-16T09:05:03.654517,63.60,63.60,72.70,0.00
2026-05-16T09:05:03.757428,66.70,72.70,75.00,11.10
2026-05-16T09:05:03.860386,75.00,70.00,72.70,20.00
2026-05-16T09:05:03.964211,60.00,60.00,72.70,0.00
2026-05-16T09:05:04.067209,66.70,70.00,70.00,11.10
2026-05-16T09:05:04.170015,63.60,72.70,81.80,11.10
2026-05-16T09:05:04.272908,70.00,63.60,72.70,11.10
2026-05-16T09:05:04.375986,63.60,66.70,72.70,11.10
2026-05-16T09:05:04.479696,70.00,66.70,83.30,0.00
2026-05-16T09:05:04.583109,63.60,70.00,75.00,11.10
2026-05-16T09:05:04.686132,72.70,70.00,72.70,11.10
2026-05-16T09:05:04.789488,66.70,63.60,75.00,11.10
2026-05-16T09:05:04.892209,63.60,72.70,81.80,0.00
2026-05-16T09:05:04.995096,70.00,60.00,75.00,20.00
2026-05-16T09:05:05.097987,66.70,66.70,75.00,0.00
2026-05-16T09:05:05.200884,63.60,70.00,72.70,20.00
2026-05-16T09:05:05.303956,66.70,63.60,70.00,20.00
2026-05-16T09:05:05.406882,63.60,70.00,80.00,0.00
2026-05-16T09:05:05.510213,70.00,63.60,75.00,0.00
2026-05-16T09:05:05.613540,66.70,70.00,72.70,20.00
2026-05-16T09:05:05.716209,55.60,66.70,72.70,0.00
2026-05-16T09:05:05.819126,72.70,70.00,81.80,11.10
2026-05-16T09:05:05.922342,72.70,72.70,81.80,0.00
2026-05-16T09:05:06.025644,80.00,80.00,75.00,0.00
2026-05-16T09:05:06.129104,72.70,72.70,83.30,20.00
2026-05-16T09:05:06.232055,72.70,70.00,81.80,11.10
2026-05-16T09:05:06.335155,75.00,72.70,80.00,0.00
2026-05-16T09:05:06.438381,70.00,70.00,81.80,11.10
2026-05-16T09:05:06.541434,72.70,77.80,83.30,11.10
2026-05-16T09:05:06.644584,81.80,70.00,81.80,12.50
2026-05-16T09:05:06.747478,63.60,75.00,81.80,11.10
2026-05-16T09:05:06.850573,72.70,63.60,70.00,10.00
2026-05-16T09:05:06.953641,70.00,77.80,83.30,11.10
2026-05-16T09:05:07.057191,72.70,75.00,80.00,20.00
2026-05-16T09:05:07.160128,72.70,70.00,83.30,0.00
2026-05-16T09:05:07.262964,72.70,72.70,75.00,12.50
2026-05-16T09:05:07.366840,63.60,60.00,77.80,0.00
2026-05-16T09:05:07.470002,80.00,75.00,76.90,11.10
2026-05-16T09:05:07.573751,75.00,80.00,81.80,0.00
2026-05-16T09:05:07.676683,72.70,66.70,90.00,30.00
2026-05-16T09:05:07.779609,72.70,72.70,72.70,0.00
2026-05-16T09:05:07.882361,72.70,63.60,80.00,0.00
2026-05-16T09:05:07.985150,72.70,72.70,75.00,11.10
2026-05-16T09:05:08.088157,70.00,70.00,81.80,20.00
2026-05-16T09:05:08.191682,70.00,72.70,81.80,0.00
2026-05-16T09:05:08.294919,70.00,72.70,75.00,11.10
2026-05-16T09:05:08.397924,63.60,70.00,83.30,0.00
2026-05-16T09:05:08.501108,70.00,72.70,75.00,11.10
2026-05-16T09:05:08.604125,72.70,66.70,77.80,11.10
2026-05-16T09:05:08.707410,70.00,72.70,83.30,20.00
2026-05-16T09:05:08.810586,72.70,70.00,81.80,11.10
2026-05-16T09:05:08.914865,72.70,72.70,72.70,0.00
2026-05-16T09:05:09.018222,75.00,72.70,83.30,11.10
2026-05-16T09:05:09.121056,72.70,72.70,81.80,20.00
2026-05-16T09:05:09.224220,70.00,70.00,80.00,0.00
2026-05-16T09:05:09.327235,72.70,72.70,83.30,11.10
2026-05-16T09:05:09.430672,72.70,72.70,75.00,11.10
2026-05-16T09:05:09.534727,72.70,72.70,81.80,12.50
2026-05-16T09:05:09.638056,72.70,72.70,81.80,20.00
2026-05-16T09:05:09.741000,72.70,77.80,83.30,11.10
2026-05-16T09:05:09.843793,25.00,30.00,33.30,0.00
2026-05-16T09:05:09.946679,33.30,25.00,33.30,10.00
2026-05-16T09:05:10.049165,30.00,36.40,40.00,0.00
2026-05-16T09:05:10.151949,33.30,33.30,40.00,0.00
2026-05-16T09:05:10.254755,25.00,30.00,33.30,10.00
2026-05-16T09:05:10.357154,36.40,25.00,33.30,9.10
2026-05-16T09:05:10.459679,40.00,36.40,40.00,0.00
2026-05-16T09:05:10.562587,33.30,25.00,40.00,0.00
2026-05-16T09:05:10.664828,40.00,36.40,40.00,0.00
2026-05-16T09:05:10.767438,30.00,25.00,40.00,10.00
2026-05-16T09:05:10.869848,25.00,22.20,33.30,0.00
2026-05-16T09:05:10.972531,22.20,33.30,33.30,0.00
2026-05-16T09:05:11.075105,40.00,22.20,25.00,10.00
2026-05-16T09:05:11.177687,30.00,25.00,40.00,0.00
2026-05-16T09:05:11.280096,33.30,40.00,40.00,10.00
2026-05-16T09:05:11.382467,25.00,22.20,33.30,0.00
2026-05-16T09:05:11.484690,22.20,40.00,33.30,0.00
2026-05-16T09:05:11.587052,45.50,25.00,40.00,0.00
2026-05-16T09:05:11.689494,33.30,30.00,33.30,18.20
2026-05-16T09:05:11.792282,22.20,40.00,22.20,0.00
2026-05-16T09:05:11.894876,40.00,30.00,45.50,0.00
2026-05-16T09:05:11.997461,36.40,25.00,25.00,0.00
2026-05-16T09:05:12.099647,14.30,36.40,33.30,0.00
2026-05-16T09:05:12.201880,36.40,25.00,25.00,18.20
2026-05-16T09:05:12.304158,33.30,22.20,40.00,0.00
2026-05-16T09:05:12.406829,33.30,25.00,45.50,0.00
2026-05-16T09:05:12.509531,30.00,30.00,33.30,0.00
2026-05-16T09:05:12.673410,50.00,58.80,52.90,20.00
2026-05-16T09:05:12.776089,50.00,40.00,100.00,10.00
2026-05-16T09:05:12.878927,50.00,37.50,100.00,10.00
2026-05-16T09:05:12.981425,37.50,50.00,100.00,0.00
2026-05-16T09:05:13.083859,50.00,37.50,100.00,0.00
2026-05-16T09:05:13.186258,44.40,44.40,100.00,10.00
2026-05-16T09:05:13.288938,50.00,44.40,100.00,10.00
2026-05-16T09:05:13.391531,44.40,50.00,100.00,10.00
2026-05-16T09:05:13.493870,40.00,54.50,100.00,10.00
2026-05-16T09:05:13.596565,50.00,33.30,100.00,0.00
2026-05-16T09:05:13.698969,44.40,50.00,100.00,10.00
2026-05-16T09:05:13.801817,33.30,25.00,100.00,0.00
2026-05-16T09:05:13.904162,22.20,33.30,100.00,0.00
2026-05-16T09:05:14.006494,25.00,25.00,100.00,10.00
2026-05-16T09:05:14.108976,22.20,22.20,100.00,0.00
2026-05-16T09:05:14.211218,22.20,33.30,100.00,10.00
2026-05-16T09:05:14.313993,25.00,25.00,100.00,0.00
2026-05-16T09:05:14.416378,22.20,22.20,100.00,0.00
2026-05-16T09:05:14.518722,25.00,14.30,100.00,10.00
2026-05-16T09:05:14.621022,30.00,33.30,100.00,0.00
2026-05-16T09:05:14.723298,25.00,30.00,100.00,0.00
2026-05-16T09:05:14.825714,12.50,25.00,100.00,0.00
2026-05-16T09:05:14.928077,36.40,40.00,100.00,0.00
2026-05-16T09:05:15.030741,25.00,12.50,100.00,0.00
2026-05-16T09:05:15.133133,30.00,25.00,100.00,16.70
2026-05-16T09:05:15.235618,40.00,25.00,100.00,0.00
2026-05-16T09:05:15.338130,14.30,25.00,100.00,10.00
2026-05-16T09:05:15.440471,22.20,30.00,100.00,0.00
2026-05-16T09:05:15.542968,25.00,14.30,100.00,0.00
2026-05-16T09:05:15.645343,30.00,25.00,100.00,0.00
2026-05-16T09:05:15.747781,25.00,33.30,100.00,0.00
2026-05-16T09:05:15.850006,22.20,12.50,100.00,0.00
2026-05-16T09:05:15.952597,33.30,33.30,100.00,0.00
2026-05-16T09:05:16.055400,30.00,33.30,100.00,0.00
2026-05-16T09:05:16.157600,33.30,22.20,100.00,9.10
2026-05-16T09:05:16.259990,33.30,14.30,100.00,18.20
2026-05-16T09:05:16.362284,12.50,40.00,100.00,0.00
2026-05-16T09:05:16.464805,33.30,22.20,100.00,0.00
2026-05-16T09:05:16.567666,22.20,33.30,100.00,10.00
2026-05-16T09:05:16.670112,25.00,25.00,100.00,0.00
2026-05-16T09:05:16.772560,36.40,14.30,100.00,10.00
2026-05-16T09:05:16.875221,22.20,40.00,100.00,0.00
2026-05-16T09:05:16.977709,25.00,12.50,100.00,0.00
2026-05-16T09:05:17.080135,25.00,25.00,100.00,0.00
2026-05-16T09:05:17.183097,22.20,22.20,100.00,0.00
2026-05-16T09:05:17.286092,25.00,33.30,100.00,10.00
2026-05-16T09:05:17.388490,22.20,25.00,100.00,10.00
2026-05-16T09:05:17.491559,25.00,25.00,100.00,0.00
2026-05-16T09:05:17.594265,25.00,14.30,100.00,0.00
2026-05-16T09:05:17.696885,36.40,40.00,100.00,20.00
2026-05-16T09:05:17.799098,12.50,0.00,100.00,0.00
2026-05-16T09:05:17.901528,12.50,20.00,100.00,0.00
2026-05-16T09:05:18.004078,11.10,0.00,100.00,0.00
2026-05-16T09:05:18.106654,22.20,20.00,100.00,9.10
2026-05-16T09:05:18.209188,20.00,22.20,100.00,0.00
2026-05-16T09:05:18.311196,0.00,0.00,100.00,0.00
2026-05-16T09:05:18.413824,11.10,20.00,100.00,0.00
2026-05-16T09:05:18.516033,20.00,0.00,100.00,0.00
2026-05-16T09:05:18.618435,0.00,22.20,100.00,0.00
2026-05-16T09:05:18.720966,20.00,12.50,100.00,0.00
2026-05-16T09:05:18.823844,0.00,11.10,100.00,9.10
2026-05-16T09:05:18.926327,20.00,12.50,100.00,0.00
2026-05-16T09:05:19.028657,12.50,12.50,100.00,10.00
2026-05-16T09:05:19.130878,20.00,0.00,100.00,0.00
2026-05-16T09:05:19.233132,12.50,12.50,100.00,10.00
2026-05-16T09:05:19.335403,0.00,12.50,100.00,0.00
2026-05-16T09:05:19.437519,20.00,20.00,100.00,0.00
2026-05-16T09:05:19.539884,0.00,0.00,100.00,0.00
2026-05-16T09:05:19.642185,22.20,11.10,100.00,10.00
2026-05-16T09:05:19.744535,11.10,12.50,100.00,0.00
2026-05-16T09:05:19.846942,12.50,22.20,100.00,9.10
2026-05-16T09:05:19.949663,11.10,0.00,100.00,0.00
2026-05-16T09:05:20.052133,11.10,12.50,100.00,0.00
2026-05-16T09:05:20.154632,0.00,11.10,100.00,0.00
2026-05-16T09:05:20.257152,27.30,12.50,100.00,0.00
2026-05-16T09:05:20.359993,0.00,12.50,100.00,9.10
2026-05-16T09:05:20.462504,20.00,11.10,100.00,0.00
2026-05-16T09:05:20.564668,12.50,0.00,100.00,0.00
2026-05-16T09:05:20.666757,20.00,12.50,100.00,0.00
2026-05-16T09:05:20.769016,11.10,11.10,100.00,0.00
2026-05-16T09:05:20.871178,0.00,11.10,100.00,0.00
2026-05-16T09:05:20.973551,11.10,22.20,100.00,0.00
2026-05-16T09:05:21.076118,0.00,0.00,100.00,9.10
2026-05-16T09:05:21.178645,22.20,12.50,100.00,0.00
2026-05-16T09:05:21.280823,11.10,22.20,100.00,0.00
2026-05-16T09:05:21.383424,11.10,0.00,100.00,0.00
2026-05-16T09:05:21.485847,12.50,11.10,100.00,0.00
2026-05-16T09:05:21.587988,11.10,22.20,100.00,0.00
2026-05-16T09:05:21.690240,22.20,12.50,100.00,9.10
2026-05-16T09:05:21.793656,50.00,60.00,100.00,20.00
2026-05-16T09:05:21.897072,91.70,100.00,100.00,12.50
2026-05-16T09:05:22.064408,93.70,93.70,100.00,33.30
2026-05-16T09:05:22.167473,72.70,72.70,81.80,11.10
2026-05-16T09:05:22.270418,66.70,72.70,75.00,11.10
2026-05-16T09:05:22.373493,75.00,70.00,81.80,11.10
2026-05-16T09:05:22.476974,75.00,72.70,81.80,11.10
2026-05-16T09:05:22.580225,72.70,70.00,80.00,0.00
2026-05-16T09:05:22.683586,77.80,72.70,83.30,27.30
2026-05-16T09:05:22.786560,75.00,80.00,83.30,0.00
2026-05-16T09:05:22.889640,70.00,66.70,80.00,11.10
2026-05-16T09:05:22.992835,70.00,70.00,76.90,11.10
2026-05-16T09:05:23.095673,72.70,77.80,80.00,0.00
2026-05-16T09:05:23.198862,70.00,75.00,83.30,20.00
2026-05-16T09:05:23.301994,70.00,75.00,80.00,11.10
2026-05-16T09:05:23.405142,72.70,72.70,81.80,22.20
2026-05-16T09:05:23.508653,72.70,70.00,72.70,11.10
2026-05-16T09:05:23.612009,72.70,72.70,83.30,11.10
2026-05-16T09:05:23.715181,72.70,70.00,83.30,11.10
2026-05-16T09:05:23.818173,66.70,72.70,80.00,0.00
2026-05-16T09:05:23.922184,80.00,72.70,83.30,11.10
2026-05-16T09:05:24.025981,75.00,80.00,81.80,20.00
2026-05-16T09:05:24.129341,70.00,66.70,81.80,0.00
2026-05-16T09:05:24.232241,72.70,75.00,81.80,20.00
2026-05-16T09:05:24.335739,70.00,70.00,75.00,0.00
2026-05-16T09:05:24.439008,72.70,70.00,81.80,0.00
2026-05-16T09:05:24.541981,66.70,72.70,81.80,18.20
2026-05-16T09:05:24.644874,70.00,72.70,81.80,12.50
2026-05-16T09:05:24.748232,70.00,70.00,76.90,11.10
2026-05-16T09:05:24.851145,80.00,72.70,77.80,20.00
2026-05-16T09:05:24.954443,72.70,80.00,81.80,0.00
2026-05-16T09:05:25.057412,70.00,70.00,91.70,11.10
2026-05-16T09:05:25.160706,72.70,72.70,75.00,11.10
2026-05-16T09:05:25.263915,80.00,83.30,88.90,12.50
2026-05-16T09:05:25.367166,70.00,70.00,76.90,10.00
2026-05-16T09:05:25.471186,72.70,75.00,81.80,11.10
2026-05-16T09:05:25.574116,72.70,70.00,81.80,0.00
2026-05-16T09:05:25.677081,72.70,70.00,81.80,12.50
2026-05-16T09:05:25.779167,50.00,50.00,50.00,10.00
2026-05-16T09:05:25.881239,0.00,11.10,10.00,9.10
2026-05-16T09:05:25.983414,0.00,0.00,0.00,0.00
2026-05-16T09:05:26.085518,10.00,0.00,0.00,0.00
2026-05-16T09:05:26.187461,0.00,0.00,0.00,0.00
2026-05-16T09:05:26.289517,0.00,10.00,0.00,10.00
2026-05-16T09:05:26.391581,0.00,0.00,10.00,0.00
2026-05-16T09:05:26.493810,0.00,0.00,0.00,0.00
2026-05-16T09:05:26.596046,10.00,0.00,0.00,10.00
2026-05-16T09:05:26.698131,10.00,0.00,0.00,0.00
2026-05-16T09:05:26.800269,0.00,0.00,0.00,0.00
2026-05-16T09:05:26.902436,0.00,10.00,0.00,0.00
2026-05-16T09:05:27.004392,0.00,0.00,0.00,0.00
2026-05-16T09:05:27.106648,0.00,0.00,0.00,0.00
2026-05-16T09:05:27.208649,10.00,10.00,0.00,0.00
2026-05-16T09:05:27.310802,0.00,0.00,0.00,0.00
2026-05-16T09:05:27.412904,0.00,0.00,18.20,9.10
2026-05-16T09:05:27.514935,10.00,0.00,0.00,0.00
2026-05-16T09:05:27.616911,0.00,0.00,0.00,0.00
2026-05-16T09:05:27.719001,20.00,0.00,0.00,10.00
2026-05-16T09:05:27.872572,0.00,7.70,28.60,7.10
2026-05-16T09:05:27.974853,10.00,11.10,100.00,0.00
2026-05-16T09:05:28.076901,11.10,10.00,100.00,10.00
2026-05-16T09:05:28.179138,0.00,0.00,100.00,0.00
2026-05-16T09:05:28.281520,11.10,11.10,100.00,0.00
2026-05-16T09:05:28.383577,10.00,10.00,100.00,0.00
2026-05-16T09:05:28.485643,20.00,0.00,100.00,0.00
2026-05-16T09:05:28.587987,10.00,11.10,100.00,0.00
2026-05-16T09:05:28.690140,0.00,0.00,100.00,10.00
2026-05-16T09:05:28.792304,10.00,0.00,100.00,0.00
2026-05-16T09:05:28.894426,0.00,11.10,100.00,0.00
2026-05-16T09:05:28.996628,10.00,0.00,100.00,0.00
2026-05-16T09:05:29.098632,0.00,11.10,100.00,0.00
2026-05-16T09:05:29.200702,18.20,0.00,100.00,0.00
2026-05-16T09:05:29.302744,0.00,10.00,100.00,0.00
2026-05-16T09:05:29.405273,0.00,0.00,100.00,0.00
2026-05-16T09:05:29.507786,20.00,0.00,100.00,0.00
2026-05-16T09:05:29.610367,0.00,11.10,100.00,0.00
2026-05-16T09:05:29.712489,20.00,11.10,100.00,10.00
2026-05-16T09:05:29.815724,50.00,54.50,100.00,10.00
2026-05-16T09:05:29.918552,66.70,70.00,100.00,0.00
2026-05-16T09:05:30.021110,72.70,72.70,100.00,20.00
2026-05-16T09:05:30.123881,70.00,72.70,100.00,0.00
2026-05-16T09:05:30.226872,66.70,60.00,100.00,11.10
2026-05-16T09:05:30.329870,72.70,60.00,100.00,10.00
2026-05-16T09:05:30.432654,60.00,70.00,100.00,0.00
2026-05-16T09:05:30.535216,70.00,72.70,100.00,10.00
2026-05-16T09:05:30.638183,66.70,66.70,100.00,0.00
2026-05-16T09:05:30.741037,70.00,66.70,100.00,18.20
2026-05-16T09:05:30.844020,63.60,63.60,100.00,0.00
2026-05-16T09:05:30.946656,70.00,70.00,100.00,0.00
2026-05-16T09:05:31.049140,72.70,72.70,100.00,0.00
2026-05-16T09:05:31.151844,70.00,63.60,100.00,10.00
2026-05-16T09:05:31.254447,66.70,72.70,100.00,11.10
2026-05-16T09:05:31.357578,62.50,70.00,100.00,0.00
2026-05-16T09:05:31.460358,72.70,72.70,100.00,0.00
2026-05-16T09:05:31.563418,72.70,66.70,100.00,0.00
2026-05-16T09:05:31.666357,70.00,70.00,100.00,25.00
2026-05-16T09:05:31.769649,72.70,70.00,100.00,0.00
2026-05-16T09:05:31.872970,60.00,72.70,100.00,10.00
2026-05-16T09:05:31.976016,66.70,63.60,100.00,0.00
2026-05-16T09:05:32.078820,66.70,66.70,100.00,10.00
2026-05-16T09:05:32.181936,66.70,72.70,100.00,0.00
2026-05-16T09:05:32.284450,70.00,63.60,100.00,10.00
2026-05-16T09:05:32.387911,72.70,72.70,100.00,11.10
2026-05-16T09:05:32.490897,70.00,66.70,100.00,0.00
2026-05-16T09:05:32.593699,63.60,72.70,100.00,11.10
2026-05-16T09:05:32.697401,70.00,66.70,100.00,0.00
2026-05-16T09:05:32.800204,66.70,66.70,100.00,20.00
2026-05-16T09:05:32.902883,70.00,70.00,100.00,0.00
2026-05-16T09:05:33.005704,63.60,66.70,100.00,10.00
2026-05-16T09:05:33.108550,72.70,62.50,100.00,0.00
2026-05-16T09:05:33.211079,63.60,63.60,100.00,10.00
2026-05-16T09:05:33.314146,72.70,70.00,100.00,11.10
2026-05-16T09:05:33.416842,66.70,72.70,100.00,0.00
2026-05-16T09:05:33.519836,60.00,63.60,100.00,11.10
2026-05-16T09:05:33.622553,72.70,70.00,100.00,0.00
2026-05-16T09:05:33.725328,72.70,70.00,100.00,20.00
2026-05-16T09:05:33.828385,55.60,60.00,100.00,0.00
2026-05-16T09:05:33.931010,60.00,58.30,100.00,10.00
2026-05-16T09:05:34.033875,66.70,55.60,100.00,0.00
2026-05-16T09:05:34.136747,58.30,55.60,100.00,10.00
2026-05-16T09:05:34.239516,60.00,63.60,100.00,10.00
2026-05-16T09:05:34.342101,66.70,63.60,100.00,11.10
2026-05-16T09:05:34.444877,58.30,58.30,100.00,10.00
2026-05-16T09:05:34.547235,55.60,55.60,100.00,10.00
2026-05-16T09:05:34.649867,55.60,60.00,100.00,11.10
2026-05-16T09:05:34.752627,63.60,50.00,100.00,10.00
2026-05-16T09:05:34.855477,66.70,63.60,100.00,0.00
2026-05-16T09:05:34.958136,60.00,55.60,100.00,0.00
2026-05-16T09:05:35.060967,44.40,54.50,100.00,20.00
2026-05-16T09:05:35.163722,60.00,55.60,100.00,0.00
2026-05-16T09:05:35.266678,60.00,63.60,100.00,20.00
2026-05-16T09:05:35.369454,60.00,55.60,100.00,10.00
2026-05-16T09:05:35.471946,54.50,54.50,100.00,11.10
2026-05-16T09:05:35.574937,55.60,63.60,100.00,0.00
2026-05-16T09:05:35.677726,63.60,50.00,100.00,18.20
2026-05-16T09:05:35.780331,50.00,54.50,100.00,0.00
2026-05-16T09:05:35.883164,55.60,60.00,100.00,10.00
2026-05-16T09:05:35.985869,55.60,54.50,100.00,0.00
2026-05-16T09:05:36.088842,60.00,63.60,100.00,0.00
2026-05-16T09:05:36.191664,54.50,55.60,100.00,0.00
2026-05-16T09:05:36.294523,63.60,54.50,100.00,10.00
2026-05-16T09:05:36.397361,55.60,63.60,100.00,10.00
2026-05-16T09:05:36.500029,58.30,54.50,100.00,0.00
2026-05-16T09:05:36.602904,60.00,60.00,100.00,0.00
2026-05-16T09:05:36.705484,55.60,60.00,100.00,18.20
2026-05-16T09:05:36.808095,54.50,54.50,100.00,0.00
2026-05-16T09:05:36.911017,60.00,55.60,100.00,0.00
2026-05-16T09:05:37.013722,60.00,55.60,100.00,10.00
2026-05-16T09:05:37.116141,63.60,58.30,100.00,10.00
2026-05-16T09:05:37.218870,50.00,55.60,100.00,0.00
2026-05-16T09:05:37.321641,60.00,63.60,100.00,10.00
2026-05-16T09:05:37.424385,63.60,50.00,100.00,0.00
2026-05-16T09:05:37.527038,63.60,60.00,100.00,27.30
2026-05-16T09:05:37.629658,60.00,63.60,100.00,0.00
2026-05-16T09:05:37.732546,55.60,55.60,100.00,22.20
2026-05-16T09:05:37.835067,33.30,40.00,100.00,10.00
2026-05-16T09:05:37.937834,33.30,25.00,100.00,0.00
2026-05-16T09:05:38.040222,33.30,33.30,100.00,10.00
2026-05-16T09:05:38.142812,25.00,33.30,100.00,10.00
2026-05-16T09:05:38.245357,22.20,25.00,100.00,0.00
2026-05-16T09:05:38.347635,40.00,25.00,100.00,0.00
2026-05-16T09:05:38.450490,25.00,25.00,100.00,0.00
2026-05-16T09:05:38.552926,40.00,45.50,100.00,10.00
2026-05-16T09:05:38.655658,33.30,25.00,100.00,0.00
2026-05-16T09:05:38.758073,25.00,44.40,100.00,0.00
2026-05-16T09:05:38.860577,22.20,33.30,100.00,10.00
2026-05-16T09:05:38.963017,40.00,33.30,100.00,0.00
2026-05-16T09:05:39.065703,33.30,33.30,100.00,10.00
2026-05-16T09:05:39.168023,33.30,25.00,100.00,0.00
2026-05-16T09:05:39.270669,33.30,33.30,100.00,10.00
2026-05-16T09:05:39.373051,36.40,25.00,100.00,10.00
2026-05-16T09:05:39.475996,33.30,33.30,100.00,0.00
