timestamp,core0,core1,core2,core3
2026-05-16T00:31:06.734139,0.00,0.00,50.00,50.00
2026-05-16T00:31:06.834574,0.00,0.00,0.00,0.00
2026-05-16T00:31:06.935030,0.00,0.00,0.00,0.00
2026-05-16T00:31:07.035474,0.00,0.00,0.00,0.00
2026-05-16T00:31:07.135939,0.00,0.00,0.00,0.00
2026-05-16T00:31:07.236387,0.00,9.10,0.00,0.00
2026-05-16T00:31:07.336925,9.10,0.00,0.00,0.00
2026-05-16T00:31:07.437381,0.00,0.00,0.00,0.00
2026-05-16T00:31:07.537827,0.00,0.00,0.00,0.00
2026-05-16T00:31:07.638256,10.00,10.00,10.00,9.10
2026-05-16T00:31:07.738684,0.00,0.00,0.00,0.00
2026-05-16T00:31:07.839130,0.00,0.00,0.00,0.00
2026-05-16T00:31:07.939606,0.00,0.00,0.00,0.00
2026-05-16T00:31:08.040079,0.00,0.00,0.00,0.00
2026-05-16T00:31:08.140502,0.00,0.00,0.00,0.00
2026-05-16T00:31:08.240954,0.00,0.00,0.00,0.00
2026-05-16T00:31:08.341382,0.00,0.00,0.00,0.00
2026-05-16T00:31:08.441913,0.00,0.00,0.00,0.00
2026-05-16T00:31:08.542379,0.00,0.00,0.00,0.00
2026-05-16T00:31:08.656520,0.00,8.30,0.00,9.10
2026-05-16T00:31:09.955046,5.50,4.70,10.80,7.80
2026-05-16T00:31:10.057060,0.00,0.00,100.00,0.00
2026-05-16T00:31:10.159008,0.00,0.00,100.00,0.00
2026-05-16T00:31:10.261037,0.00,0.00,100.00,0.00
2026-05-16T00:31:10.363062,9.10,0.00,100.00,0.00
2026-05-16T00:31:10.465277,9.10,10.00,100.00,0.00
2026-05-16T00:31:10.567457,9.10,0.00,100.00,9.10
2026-05-16T00:31:10.669608,0.00,0.00,100.00,0.00
2026-05-16T00:31:10.771918,0.00,0.00,100.00,0.00
2026-05-16T00:31:10.874147,0.00,9.10,100.00,0.00
2026-05-16T00:31:10.976354,0.00,0.00,100.00,0.00
2026-05-16T00:31:11.079008,0.00,0.00,100.00,0.00
2026-05-16T00:31:11.181067,0.00,0.00,100.00,0.00
2026-05-16T00:31:11.283079,0.00,10.00,100.00,16.70
2026-05-16T00:31:11.385054,0.00,0.00,100.00,0.00
2026-05-16T00:31:11.487021,0.00,0.00,100.00,0.00
2026-05-16T00:31:11.588840,0.00,0.00,100.00,0.00
2026-05-16T00:31:11.690720,9.10,0.00,100.00,0.00
2026-05-16T00:31:11.792688,0.00,0.00,100.00,0.00
2026-05-16T00:31:11.894722,0.00,0.00,100.00,0.00
2026-05-16T00:31:11.996677,0.00,0.00,100.00,0.00
2026-05-16T00:31:12.098571,0.00,0.00,100.00,0.00
2026-05-16T00:31:12.200443,9.10,9.10,100.00,0.00
2026-05-16T00:31:12.302265,9.10,0.00,100.00,9.10
2026-05-16T00:31:12.404190,0.00,0.00,100.00,0.00
2026-05-16T00:31:12.506085,0.00,0.00,100.00,0.00
2026-05-16T00:31:12.607991,0.00,0.00,100.00,0.00
2026-05-16T00:31:12.709860,0.00,0.00,100.00,0.00
2026-05-16T00:31:12.811817,0.00,0.00,100.00,0.00
2026-05-16T00:31:12.913801,0.00,0.00,100.00,9.10
2026-05-16T00:31:13.015917,0.00,0.00,100.00,0.00
2026-05-16T00:31:13.117721,0.00,0.00,100.00,0.00
2026-05-16T00:31:13.219676,9.10,0.00,100.00,0.00
2026-05-16T00:31:13.321573,0.00,0.00,100.00,0.00
2026-05-16T00:31:13.423409,0.00,0.00,100.00,0.00
2026-05-16T00:31:13.525345,0.00,0.00,100.00,9.10
2026-05-16T00:31:13.627337,0.00,9.10,100.00,0.00
2026-05-16T00:31:13.729166,0.00,0.00,100.00,0.00
2026-05-16T00:31:13.831024,0.00,0.00,100.00,0.00
2026-05-16T00:31:13.932892,0.00,9.10,100.00,9.10
2026-05-16T00:31:14.034855,0.00,0.00,100.00,0.00
2026-05-16T00:31:14.136727,0.00,0.00,100.00,0.00
2026-05-16T00:31:14.238647,9.10,0.00,100.00,0.00
2026-05-16T00:31:14.340533,0.00,0.00,100.00,0.00
2026-05-16T00:31:14.442442,0.00,0.00,100.00,9.10
2026-05-16T00:31:14.544313,9.10,0.00,100.00,0.00
2026-05-16T00:31:14.646298,0.00,0.00,100.00,0.00
2026-05-16T00:31:14.748286,0.00,0.00,100.00,0.00
2026-05-16T00:31:14.850231,0.00,0.00,100.00,0.00
2026-05-16T00:31:14.952253,9.10,0.00,100.00,9.10
2026-05-16T00:31:15.054200,0.00,0.00,100.00,0.00
2026-05-16T00:31:15.156134,0.00,0.00,100.00,0.00
2026-05-16T00:31:15.258011,0.00,0.00,100.00,9.10
2026-05-16T00:31:15.359960,10.00,9.10,100.00,10.00
2026-05-16T00:31:15.461884,9.10,0.00,100.00,10.00
2026-05-16T00:31:15.563797,0.00,0.00,100.00,0.00
2026-05-16T00:31:15.665719,0.00,0.00,100.00,0.00
2026-05-16T00:31:15.767673,9.10,0.00,100.00,0.00
2026-05-16T00:31:15.869602,0.00,0.00,100.00,0.00
2026-05-16T00:31:15.971499,0.00,0.00,100.00,0.00
2026-05-16T00:31:16.073417,0.00,0.00,100.00,0.00
2026-05-16T00:31:16.175322,0.00,0.00,100.00,0.00
2026-05-16T00:31:16.277203,0.00,0.00,100.00,9.10
2026-05-16T00:31:16.379187,0.00,0.00,100.00,0.00
2026-05-16T00:31:16.481061,0.00,0.00,100.00,0.00
2026-05-16T00:31:16.582885,0.00,9.10,100.00,0.00
2026-05-16T00:31:16.684823,0.00,16.70,100.00,0.00
2026-05-16T00:31:16.786737,9.10,0.00,100.00,9.10
2026-05-16T00:31:16.888653,0.00,0.00,100.00,0.00
2026-05-16T00:31:16.990528,0.00,0.00,100.00,0.00
2026-05-16T00:31:17.092584,0.00,0.00,100.00,0.00
2026-05-16T00:31:17.194400,0.00,0.00,100.00,0.00
2026-05-16T00:31:17.296286,0.00,0.00,100.00,0.00
2026-05-16T00:31:17.398154,0.00,0.00,100.00,0.00
2026-05-16T00:31:17.500058,0.00,0.00,100.00,9.10
2026-05-16T00:31:17.601970,0.00,0.00,100.00,0.00
2026-05-16T00:31:17.703975,10.00,0.00,100.00,9.10
2026-05-16T00:31:17.805801,0.00,0.00,100.00,0.00
2026-05-16T00:31:17.907629,9.10,0.00,100.00,0.00
2026-05-16T00:31:18.009404,0.00,0.00,100.00,0.00
2026-05-16T00:31:18.111368,0.00,0.00,100.00,0.00
2026-05-16T00:31:18.213279,0.00,9.10,100.00,0.00
2026-05-16T00:31:18.315329,9.10,0.00,100.00,0.00
2026-05-16T00:31:18.417251,0.00,0.00,100.00,0.00
2026-05-16T00:31:18.519253,0.00,0.00,100.00,0.00
2026-05-16T00:31:18.621192,0.00,0.00,100.00,0.00
2026-05-16T00:31:18.723106,0.00,9.10,100.00,0.00
2026-05-16T00:31:18.825102,0.00,0.00,100.00,0.00
2026-05-16T00:31:18.926961,0.00,0.00,100.00,0.00
2026-05-16T00:31:19.028801,0.00,0.00,100.00,0.00
2026-05-16T00:31:19.130745,9.10,0.00,100.00,0.00
2026-05-16T00:31:19.232715,9.10,10.00,100.00,9.10
2026-05-16T00:31:19.334684,0.00,0.00,100.00,0.00
2026-05-16T00:31:19.436683,0.00,0.00,100.00,0.00
2026-05-16T00:31:19.538736,0.00,0.00,100.00,0.00
2026-05-16T00:31:19.640655,0.00,9.10,100.00,0.00
2026-05-16T00:31:19.742503,9.10,0.00,100.00,0.00
2026-05-16T00:31:19.844484,10.00,0.00,100.00,0.00
2026-05-16T00:31:19.946561,11.10,0.00,100.00,0.00
2026-05-16T00:31:20.048468,10.00,0.00,100.00,0.00
2026-05-16T00:31:20.150369,10.00,10.00,100.00,0.00
2026-05-16T00:31:20.253893,10.00,11.10,100.00,10.00
2026-05-16T00:31:20.356265,25.00,0.00,100.00,0.00
2026-05-16T00:31:20.458420,11.10,11.10,100.00,0.00
2026-05-16T00:31:20.560626,0.00,0.00,100.00,0.00
2026-05-16T00:31:20.662824,18.20,0.00,100.00,0.00
2026-05-16T00:31:20.764983,10.00,11.10,100.00,9.10
2026-05-16T00:31:20.867078,20.00,0.00,100.00,0.00
2026-05-16T00:31:20.969307,10.00,0.00,100.00,11.10
2026-05-16T00:31:21.071471,25.00,10.00,100.00,10.00
2026-05-16T00:31:21.173516,27.30,11.10,100.00,0.00
2026-05-16T00:31:21.275654,10.00,0.00,100.00,0.00
2026-05-16T00:31:21.377927,18.20,11.10,100.00,10.00
2026-05-16T00:31:21.480035,27.30,0.00,100.00,0.00
2026-05-16T00:31:21.582122,10.00,0.00,100.00,0.00
2026-05-16T00:31:21.684694,18.20,0.00,100.00,10.00
2026-05-16T00:31:21.786541,11.10,10.00,100.00,10.00
2026-05-16T00:31:21.888591,10.00,10.00,100.00,10.00
2026-05-16T00:31:21.990555,10.00,0.00,100.00,0.00
2026-05-16T00:31:22.092617,0.00,0.00,100.00,0.00
2026-05-16T00:31:22.194796,0.00,0.00,100.00,0.00
2026-05-16T00:31:22.296816,18.20,0.00,100.00,0.00
2026-05-16T00:31:22.398748,0.00,11.10,100.00,0.00
2026-05-16T00:31:22.500895,18.20,10.00,100.00,9.10
2026-05-16T00:31:22.602920,0.00,0.00,100.00,0.00
2026-05-16T00:31:22.705165,10.00,11.10,100.00,0.00
2026-05-16T00:31:22.807312,18.20,0.00,100.00,9.10
2026-05-16T00:31:22.909305,10.00,0.00,100.00,0.00
2026-05-16T00:31:23.011243,11.10,10.00,100.00,0.00
2026-05-16T00:31:23.113285,0.00,0.00,100.00,0.00
2026-05-16T00:31:23.215271,18.20,11.10,100.00,0.00
2026-05-16T00:31:23.317330,10.00,0.00,100.00,0.00
2026-05-16T00:31:23.419512,10.00,20.00,100.00,9.10
2026-05-16T00:31:23.521462,11.10,0.00,100.00,0.00
2026-05-16T00:31:23.623592,18.20,0.00,100.00,0.00
2026-05-16T00:31:23.725738,10.00,0.00,100.00,9.10
2026-05-16T00:31:23.827745,0.00,10.00,100.00,0.00
2026-05-16T00:31:23.929790,10.00,0.00,100.00,0.00
2026-05-16T00:31:24.031676,18.20,0.00,100.00,0.00
2026-05-16T00:31:24.133614,11.10,0.00,100.00,0.00
2026-05-16T00:31:24.235690,10.00,0.00,100.00,0.00
2026-05-16T00:31:24.337974,10.00,0.00,100.00,0.00
2026-05-16T00:31:24.439991,10.00,11.10,100.00,0.00
2026-05-16T00:31:24.542112,18.20,0.00,100.00,0.00
2026-05-16T00:31:24.644186,18.20,10.00,100.00,0.00
2026-05-16T00:31:24.746323,20.00,0.00,100.00,10.00
2026-05-16T00:31:24.848371,18.20,0.00,100.00,0.00
2026-05-16T00:31:24.950426,18.20,10.00,100.00,0.00
2026-05-16T00:31:25.052547,0.00,0.00,100.00,0.00
2026-05-16T00:31:25.154421,18.20,0.00,100.00,9.10
2026-05-16T00:31:25.256321,11.10,11.10,100.00,0.00
2026-05-16T00:31:25.358363,18.20,10.00,100.00,0.00
2026-05-16T00:31:25.460714,18.20,0.00,100.00,0.00
2026-05-16T00:31:25.562745,18.20,0.00,100.00,0.00
2026-05-16T00:31:25.665094,20.00,20.00,100.00,10.00
2026-05-16T00:31:25.767286,18.20,0.00,100.00,0.00
2026-05-16T00:31:25.869307,10.00,0.00,100.00,0.00
2026-05-16T00:31:25.971492,25.00,0.00,100.00,0.00
2026-05-16T00:31:26.073732,18.20,0.00,100.00,9.10
2026-05-16T00:31:26.176103,18.20,0.00,100.00,0.00
2026-05-16T00:31:26.278086,20.00,0.00,100.00,0.00
2026-05-16T00:31:26.380012,18.20,0.00,100.00,0.00
2026-05-16T00:31:26.482086,18.20,0.00,100.00,0.00
2026-05-16T00:31:26.584139,10.00,10.00,100.00,0.00
2026-05-16T00:31:26.686401,18.20,11.10,100.00,0.00
2026-05-16T00:31:26.788728,27.30,0.00,100.00,0.00
2026-05-16T00:31:26.891113,18.20,0.00,100.00,0.00
2026-05-16T00:31:26.993261,18.20,0.00,100.00,0.00
2026-05-16T00:31:27.095326,18.20,10.00,100.00,0.00
2026-05-16T00:31:27.197689,18.20,0.00,100.00,0.00
2026-05-16T00:31:27.299939,11.10,0.00,100.00,10.00
2026-05-16T00:31:27.402313,10.00,0.00,100.00,0.00
2026-05-16T00:31:27.504491,10.00,0.00,100.00,0.00
2026-05-16T00:31:27.606463,18.20,11.10,100.00,0.00
2026-05-16T00:31:27.708485,11.10,0.00,100.00,0.00
2026-05-16T00:31:27.810684,18.20,0.00,100.00,0.00
2026-05-16T00:31:27.912781,10.00,0.00,100.00,0.00
2026-05-16T00:31:28.014980,10.00,0.00,100.00,0.00
2026-05-16T00:31:28.117028,20.00,10.00,100.00,10.00
2026-05-16T00:31:28.219349,10.00,11.10,100.00,0.00
2026-05-16T00:31:28.321448,18.20,0.00,100.00,0.00
2026-05-16T00:31:28.423440,0.00,0.00,100.00,0.00
2026-05-16T00:31:28.525377,10.00,0.00,100.00,0.00
2026-05-16T00:31:28.627383,10.00,0.00,100.00,0.00
2026-05-16T00:31:28.729389,10.00,20.00,100.00,0.00
2026-05-16T00:31:28.831624,20.00,0.00,100.00,0.00
2026-05-16T00:31:28.933496,10.00,0.00,100.00,0.00
2026-05-16T00:31:29.035574,10.00,0.00,100.00,9.10
2026-05-16T00:31:29.137605,10.00,0.00,100.00,0.00
2026-05-16T00:31:29.239642,10.00,10.00,100.00,0.00
2026-05-16T00:31:29.341664,10.00,0.00,100.00,0.00
2026-05-16T00:31:29.443679,11.10,11.10,100.00,9.10
2026-05-16T00:31:29.545694,10.00,0.00,100.00,0.00
2026-05-16T00:31:29.647930,10.00,0.00,100.00,0.00
2026-05-16T00:31:29.750011,10.00,0.00,100.00,0.00
2026-05-16T00:31:29.851984,10.00,10.00,100.00,0.00
2026-05-16T00:31:29.953859,18.20,10.00,100.00,0.00
2026-05-16T00:31:30.055891,10.00,0.00,100.00,0.00
2026-05-16T00:31:30.157936,10.00,0.00,100.00,0.00
2026-05-16T00:31:30.259951,10.00,0.00,100.00,10.00
2026-05-16T00:31:30.361868,18.20,0.00,100.00,0.00
2026-05-16T00:31:30.464057,11.10,10.00,100.00,10.00
2026-05-16T00:31:30.566050,0.00,0.00,100.00,0.00
2026-05-16T00:31:30.668005,11.10,0.00,100.00,0.00
2026-05-16T00:31:30.770418,18.20,11.10,100.00,9.10
2026-05-16T00:31:30.872736,10.00,0.00,100.00,0.00
2026-05-16T00:31:30.975044,10.00,10.00,100.00,0.00
2026-05-16T00:31:31.077509,10.00,0.00,100.00,0.00
2026-05-16T00:31:31.179740,11.10,0.00,100.00,0.00
2026-05-16T00:31:31.281924,10.00,10.00,100.00,0.00
2026-05-16T00:31:31.383885,18.20,10.00,100.00,9.10
2026-05-16T00:31:31.485754,10.00,0.00,100.00,0.00
2026-05-16T00:31:31.587742,10.00,0.00,100.00,0.00
2026-05-16T00:31:31.689803,18.20,0.00,100.00,0.00
2026-05-16T00:31:31.791842,27.30,0.00,100.00,9.10
2026-05-16T00:31:31.894062,0.00,0.00,100.00,0.00
2026-05-16T00:31:31.996349,10.00,10.00,100.00,0.00
2026-05-16T00:31:32.098558,0.00,0.00,100.00,0.00
2026-05-16T00:31:32.200753,10.00,0.00,100.00,0.00
2026-05-16T00:31:32.302927,18.20,0.00,100.00,0.00
2026-05-16T00:31:32.405146,11.10,10.00,100.00,0.00
2026-05-16T00:31:32.507228,10.00,0.00,100.00,0.00
2026-05-16T00:31:32.609295,18.20,0.00,100.00,0.00
2026-05-16T00:31:32.711462,0.00,11.10,100.00,0.00
2026-05-16T00:31:32.813777,11.10,0.00,100.00,0.00
2026-05-16T00:31:32.915930,0.00,0.00,100.00,0.00
2026-05-16T00:31:33.017952,10.00,0.00,100.00,9.10
2026-05-16T00:31:33.120054,10.00,10.00,100.00,0.00
2026-05-16T00:31:33.222319,10.00,10.00,100.00,0.00
2026-05-16T00:31:33.324541,11.10,0.00,100.00,0.00
2026-05-16T00:31:33.426846,10.00,0.00,100.00,0.00
2026-05-16T00:31:33.529270,10.00,0.00,100.00,9.10
2026-05-16T00:31:33.631347,10.00,11.10,100.00,0.00
2026-05-16T00:31:33.733324,18.20,0.00,100.00,0.00
2026-05-16T00:31:33.835353,11.10,10.00,100.00,9.10
2026-05-16T00:31:33.937628,10.00,0.00,100.00,0.00
2026-05-16T00:31:34.039702,0.00,0.00,100.00,0.00
2026-05-16T00:31:34.141751,18.20,0.00,100.00,0.00
2026-05-16T00:31:34.244086,10.00,0.00,100.00,0.00
2026-05-16T00:31:34.346207,10.00,10.00,100.00,0.00
2026-05-16T00:31:34.448323,10.00,0.00,100.00,0.00
2026-05-16T00:31:34.550478,11.10,0.00,100.00,0.00
2026-05-16T00:31:34.652652,10.00,0.00,100.00,10.00
2026-05-16T00:31:34.754969,10.00,20.00,100.00,0.00
2026-05-16T00:31:34.858276,37.50,16.70,100.00,0.00
2026-05-16T00:31:34.961233,28.60,37.50,100.00,0.00
2026-05-16T00:31:35.063907,55.60,50.00,100.00,0.00
2026-05-16T00:31:35.166585,28.60,37.50,100.00,10.00
2026-05-16T00:31:35.269508,42.90,33.30,100.00,22.20
2026-05-16T00:31:35.372278,42.90,28.60,100.00,11.10
2026-05-16T00:31:35.475045,37.50,42.90,100.00,10.00
2026-05-16T00:31:35.577711,28.60,28.60,100.00,0.00
2026-05-16T00:31:35.680814,33.30,42.90,100.00,11.10
2026-05-16T00:31:35.783791,50.00,42.90,100.00,10.00
2026-05-16T00:31:35.886756,37.50,28.60,100.00,11.10
2026-05-16T00:31:35.989300,42.90,42.90,100.00,11.10
2026-05-16T00:31:36.092194,37.50,37.50,100.00,0.00
2026-05-16T00:31:36.195134,42.90,33.30,100.00,0.00
2026-05-16T00:31:36.297925,44.40,28.60,100.00,11.10
2026-05-16T00:31:36.400749,33.30,42.90,100.00,10.00
2026-05-16T00:31:36.503552,44.40,37.50,100.00,0.00
2026-05-16T00:31:36.606056,16.70,33.30,100.00,0.00
2026-05-16T00:31:36.709236,50.00,44.40,100.00,11.10
2026-05-16T00:31:36.811956,44.40,42.90,100.00,11.10
2026-05-16T00:31:36.914367,33.30,37.50,100.00,0.00
2026-05-16T00:31:37.016983,44.40,42.90,100.00,0.00
2026-05-16T00:31:37.119714,37.50,37.50,100.00,0.00
2026-05-16T00:31:37.222299,28.60,28.60,100.00,0.00
2026-05-16T00:31:37.324986,42.90,42.90,100.00,20.00
2026-05-16T00:31:37.428178,44.40,44.40,100.00,0.00
2026-05-16T00:31:37.530929,33.30,42.90,100.00,10.00
2026-05-16T00:31:37.633633,37.50,50.00,100.00,0.00
2026-05-16T00:31:37.736413,55.60,42.90,100.00,11.10
2026-05-16T00:31:37.838907,50.00,42.90,100.00,0.00
2026-05-16T00:31:37.941611,33.30,55.60,100.00,0.00
2026-05-16T00:31:38.044756,44.40,42.90,100.00,18.20
2026-05-16T00:31:38.147491,33.30,37.50,100.00,0.00
2026-05-16T00:31:38.250101,37.50,28.60,100.00,0.00
2026-05-16T00:31:38.353520,37.50,42.90,100.00,0.00
2026-05-16T00:31:38.456241,42.90,42.90,100.00,20.00
2026-05-16T00:31:38.559031,44.40,37.50,100.00,0.00
2026-05-16T00:31:38.661783,28.60,20.00,100.00,11.10
2026-05-16T00:31:38.764679,20.00,44.40,100.00,0.00
2026-05-16T00:31:38.867294,54.50,42.90,100.00,11.10
2026-05-16T00:31:38.970265,16.70,42.90,100.00,11.10
2026-05-16T00:31:39.073018,55.60,42.90,100.00,0.00
2026-05-16T00:31:39.175707,37.50,37.50,100.00,0.00
2026-05-16T00:31:39.278509,42.90,42.90,100.00,11.10
2026-05-16T00:31:39.381017,37.50,44.40,100.00,0.00
2026-05-16T00:31:39.483943,33.30,28.60,100.00,0.00
2026-05-16T00:31:39.586806,37.50,42.90,100.00,10.00
2026-05-16T00:31:39.689417,37.50,28.60,100.00,0.00
2026-05-16T00:31:39.792298,42.90,50.00,100.00,10.00
2026-05-16T00:31:39.894940,37.50,28.60,100.00,11.10
2026-05-16T00:31:39.997853,42.90,42.90,100.00,0.00
2026-05-16T00:31:40.101143,44.40,16.70,100.00,10.00
2026-05-16T00:31:40.203588,16.70,42.90,100.00,0.00
2026-05-16T00:31:40.306207,42.90,37.50,100.00,18.20
2026-05-16T00:31:40.408794,37.50,33.30,100.00,0.00
2026-05-16T00:31:40.511346,50.00,50.00,100.00,22.20
2026-05-16T00:31:40.613818,28.60,28.60,100.00,0.00
2026-05-16T00:31:40.716595,44.40,50.00,100.00,11.10
2026-05-16T00:31:40.819468,42.90,42.90,100.00,20.00
2026-05-16T00:31:40.922394,37.50,44.40,100.00,0.00
2026-05-16T00:31:41.025269,33.30,33.30,100.00,11.10
2026-05-16T00:31:41.127861,37.50,33.30,100.00,0.00
2026-05-16T00:31:41.230571,20.00,50.00,100.00,11.10
2026-05-16T00:31:41.333202,44.40,20.00,100.00,0.00
2026-05-16T00:31:41.435974,33.30,50.00,100.00,0.00
2026-05-16T00:31:41.538802,37.50,28.60,100.00,11.10
2026-05-16T00:31:41.641915,42.90,50.00,100.00,0.00
2026-05-16T00:31:41.744438,37.50,28.60,100.00,0.00
2026-05-16T00:31:41.847391,42.90,42.90,100.00,18.20
2026-05-16T00:31:41.950051,44.40,42.90,100.00,0.00
2026-05-16T00:31:42.052914,42.90,28.60,100.00,0.00
2026-05-16T00:31:42.155482,37.50,33.30,100.00,0.00
2026-05-16T00:31:42.258339,50.00,50.00,100.00,20.00
2026-05-16T00:31:42.361023,44.40,28.60,100.00,0.00
2026-05-16T00:31:42.463735,42.90,42.90,100.00,0.00
2026-05-16T00:31:42.566516,33.30,50.00,100.00,10.00
2026-05-16T00:31:42.669039,37.50,28.60,100.00,0.00
2026-05-16T00:31:42.772387,42.90,42.90,100.00,0.00
2026-05-16T00:31:42.875239,50.00,33.30,100.00,20.00
2026-05-16T00:31:42.977839,28.60,37.50,100.00,11.10
2026-05-16T00:31:43.080710,33.30,42.90,100.00,0.00
2026-05-16T00:31:43.183695,28.60,28.60,100.00,0.00
2026-05-16T00:31:43.286628,50.00,50.00,100.00,11.10
2026-05-16T00:31:43.389920,55.60,42.90,100.00,10.00
2026-05-16T00:31:43.492703,37.50,42.90,100.00,0.00
2026-05-16T00:31:43.595354,42.90,37.50,100.00,0.00
2026-05-16T00:31:43.698056,28.60,33.30,100.00,0.00
2026-05-16T00:31:43.800698,42.90,44.40,100.00,11.10
2026-05-16T00:31:43.903009,37.50,33.30,100.00,10.00
2026-05-16T00:31:44.005897,28.60,37.50,100.00,0.00
2026-05-16T00:31:44.108479,44.40,42.90,100.00,0.00
2026-05-16T00:31:44.211425,42.90,33.30,100.00,0.00
2026-05-16T00:31:44.314348,28.60,28.60,100.00,10.00
2026-05-16T00:31:44.416954,50.00,50.00,100.00,0.00
2026-05-16T00:31:44.519544,28.60,42.90,100.00,10.00
2026-05-16T00:31:44.622229,33.30,28.60,100.00,0.00
2026-05-16T00:31:44.725171,50.00,50.00,100.00,20.00
2026-05-16T00:31:44.827897,33.30,28.60,100.00,0.00
2026-05-16T00:31:44.930722,28.60,33.30,100.00,11.10
2026-05-16T00:31:45.033466,33.30,37.50,100.00,0.00
2026-05-16T00:31:45.136318,44.40,42.90,100.00,0.00
2026-05-16T00:31:45.238994,42.90,50.00,100.00,33.30
2026-05-16T00:31:45.342041,50.00,28.60,100.00,0.00
2026-05-16T00:31:45.444617,28.60,28.60,100.00,0.00
2026-05-16T00:31:45.547607,37.50,42.90,100.00,10.00
2026-05-16T00:31:45.650140,42.90,28.60,100.00,0.00
2026-05-16T00:31:45.752932,37.50,42.90,100.00,11.10
2026-05-16T00:31:45.855672,28.60,42.90,100.00,0.00
2026-05-16T00:31:45.958314,50.00,37.50,100.00,0.00
2026-05-16T00:31:46.061435,37.50,50.00,100.00,10.00
2026-05-16T00:31:46.164041,42.90,28.60,100.00,0.00
2026-05-16T00:31:46.267301,44.40,42.90,100.00,11.10
2026-05-16T00:31:46.370794,33.30,42.90,100.00,10.00
2026-05-16T00:31:46.473808,37.50,37.50,100.00,0.00
2026-05-16T00:31:46.576433,42.90,33.30,100.00,11.10
2026-05-16T00:31:46.679041,44.40,37.50,100.00,11.10
2026-05-16T00:31:46.781701,42.90,42.90,100.00,10.00
2026-05-16T00:31:46.884516,42.90,50.00,100.00,20.00
2026-05-16T00:31:46.986967,37.50,28.60,100.00,0.00
2026-05-16T00:31:47.089659,42.90,20.00,100.00,0.00
2026-05-16T00:31:47.192788,37.50,55.60,100.00,0.00
2026-05-16T00:31:47.295789,50.00,44.40,100.00,11.10
2026-05-16T00:31:47.398551,37.50,33.30,100.00,0.00
2026-05-16T00:31:47.501428,42.90,55.60,100.00,11.10
2026-05-16T00:31:47.604500,28.60,37.50,100.00,0.00
2026-05-16T00:31:47.707329,42.90,33.30,100.00,20.00
2026-05-16T00:31:47.809854,37.50,44.40,100.00,0.00
2026-05-16T00:31:47.912507,44.40,33.30,100.00,11.10
2026-05-16T00:31:48.015067,33.30,33.30,100.00,0.00
2026-05-16T00:31:48.117639,44.40,37.50,100.00,0.00
2026-05-16T00:31:48.220390,16.70,33.30,100.00,10.00
2026-05-16T00:31:48.323300,50.00,28.60,100.00,11.10
2026-05-16T00:31:48.425745,37.50,50.00,100.00,0.00
2026-05-16T00:31:48.528503,42.90,33.30,100.00,0.00
2026-05-16T00:31:48.631012,37.50,50.00,100.00,11.10
2026-05-16T00:31:48.734013,42.90,37.50,100.00,0.00
2026-05-16T00:31:48.836756,37.50,42.90,100.00,11.10
2026-05-16T00:31:48.939288,50.00,50.00,100.00,0.00
2026-05-16T00:31:49.042271,28.60,28.60,100.00,11.10
2026-05-16T00:31:49.144871,50.00,50.00,100.00,10.00
2026-05-16T00:31:49.247631,50.00,42.90,100.00,11.10
2026-05-16T00:31:49.350324,28.60,44.40,100.00,11.10
2026-05-16T00:31:49.453080,37.50,37.50,100.00,0.00
2026-05-16T00:31:49.556035,50.00,33.30,100.00,0.00
2026-05-16T00:31:49.658711,42.90,50.00,100.00,10.00
2026-05-16T00:31:49.761205,37.50,28.60,100.00,0.00
2026-05-16T00:31:49.921291,85.70,84.60,93.80,35.70
2026-05-16T00:31:50.024715,66.70,57.10,75.00,12.50
2026-05-16T00:31:50.128000,66.70,62.50,55.60,20.00
2026-05-16T00:31:50.231340,70.00,72.70,77.80,0.00
2026-05-16T00:31:50.334992,75.00,66.70,75.00,12.50
2026-05-16T00:31:50.438899,70.00,62.50,70.00,0.00
2026-05-16T00:31:50.542533,77.80,80.00,77.80,25.00
2026-05-16T00:31:50.645877,66.70,66.70,66.70,12.50
2026-05-16T00:31:50.749224,70.00,70.00,77.80,12.50
2026-05-16T00:31:50.852863,80.00,75.00,66.70,12.50
2026-05-16T00:31:50.956653,66.70,77.80,77.80,12.50
2026-05-16T00:31:51.060009,62.50,60.00,66.70,11.10
2026-05-16T00:31:51.162839,70.00,77.80,77.80,12.50
2026-05-16T00:31:51.267207,77.80,66.70,70.00,22.20
2026-05-16T00:31:51.370099,70.00,70.00,66.70,0.00
2026-05-16T00:31:51.473360,66.70,75.00,75.00,22.20
2026-05-16T00:31:51.576864,66.70,66.70,70.00,0.00
2026-05-16T00:31:51.680197,71.40,70.00,80.00,11.10
2026-05-16T00:31:51.783451,66.70,62.50,62.50,0.00
2026-05-16T00:31:51.886602,70.00,62.50,66.70,22.20
2026-05-16T00:31:51.990061,77.80,70.00,75.00,12.50
2026-05-16T00:31:52.093926,70.00,66.70,66.70,0.00
2026-05-16T00:31:52.197724,66.70,75.00,80.00,0.00
2026-05-16T00:31:52.301057,77.80,70.00,62.50,30.00
2026-05-16T00:31:52.404833,66.70,62.50,75.00,12.50
2026-05-16T00:31:52.507880,77.80,72.70,70.00,0.00
2026-05-16T00:31:52.610975,70.00,66.70,70.00,22.20
2026-05-16T00:31:52.714902,75.00,71.40,75.00,0.00
2026-05-16T00:31:52.818192,66.70,70.00,66.70,22.20
2026-05-16T00:31:52.921540,62.50,66.70,66.70,0.00
2026-05-16T00:31:53.024531,66.70,71.40,77.80,12.50
2026-05-16T00:31:53.127877,77.80,62.50,60.00,0.00
2026-05-16T00:31:53.231792,70.00,80.00,75.00,22.20
2026-05-16T00:31:53.335253,75.00,62.50,81.80,22.20
2026-05-16T00:31:53.438952,72.70,77.80,62.50,12.50
2026-05-16T00:31:53.542088,62.50,70.00,80.00,12.50
2026-05-16T00:31:53.645434,80.00,66.70,70.00,0.00
2026-05-16T00:31:53.748593,62.50,66.70,66.70,20.00
2026-05-16T00:31:53.852220,66.70,62.50,70.00,0.00
2026-05-16T00:31:53.955095,66.70,55.60,71.40,11.10
2026-05-16T00:31:54.058459,66.70,66.70,62.50,0.00
2026-05-16T00:31:54.162016,66.70,66.70,70.00,12.50
2026-05-16T00:31:54.265362,80.00,75.00,77.80,22.20
2026-05-16T00:31:54.368589,62.50,66.70,72.70,12.50
2026-05-16T00:31:54.471821,80.00,77.80,75.00,0.00
2026-05-16T00:31:54.575886,66.70,70.00,66.70,12.50
2026-05-16T00:31:54.679057,80.00,77.80,77.80,0.00
2026-05-16T00:31:54.782817,75.00,66.70,66.70,22.20
2026-05-16T00:31:54.886212,70.00,70.00,77.80,12.50
2026-05-16T00:31:54.989543,70.00,75.00,66.70,0.00
2026-05-16T00:31:55.092586,62.50,66.70,77.80,22.20
2026-05-16T00:31:55.195854,71.40,57.10,66.70,22.20
2026-05-16T00:31:55.298957,72.70,70.00,70.00,0.00
2026-05-16T00:31:55.401968,75.00,66.70,70.00,22.20
2026-05-16T00:31:55.504949,62.50,70.00,77.80,0.00
2026-05-16T00:31:55.608161,66.70,66.70,62.50,11.10
2026-05-16T00:31:55.711377,70.00,66.70,80.00,22.20
2026-05-16T00:31:55.815251,77.80,66.70,62.50,0.00
2026-05-16T00:31:55.918850,70.00,75.00,72.70,11.10
2026-05-16T00:31:56.022221,66.70,70.00,75.00,12.50
2026-05-16T00:31:56.126526,77.80,70.00,70.00,12.50
2026-05-16T00:31:56.229787,70.00,66.70,77.80,11.10
2026-05-16T00:31:56.332849,71.40,66.70,66.70,12.50
2026-05-16T00:31:56.435839,66.70,62.50,71.40,0.00
2026-05-16T00:31:56.539320,77.80,75.00,72.70,11.10
2026-05-16T00:31:56.642008,66.70,62.50,62.50,12.50
2026-05-16T00:31:56.745825,70.00,70.00,62.50,11.10
2026-05-16T00:31:56.849523,75.00,57.10,77.80,0.00
2026-05-16T00:31:56.953562,72.70,80.00,70.00,22.20
2026-05-16T00:31:57.057054,57.10,70.00,75.00,12.50
2026-05-16T00:31:57.160843,80.00,62.50,70.00,0.00
2026-05-16T00:31:57.264018,66.70,66.70,70.00,22.20
2026-05-16T00:31:57.367327,70.00,70.00,77.80,12.50
2026-05-16T00:31:57.470483,71.40,66.70,62.50,0.00
2026-05-16T00:31:57.574286,70.00,71.40,66.70,11.10
2026-05-16T00:31:57.677850,80.00,72.70,80.00,25.00
2026-05-16T00:31:57.781895,66.70,62.50,72.70,11.10
2026-05-16T00:31:57.885185,80.00,77.80,75.00,12.50
2026-05-16T00:31:57.988702,77.80,70.00,62.50,0.00
2026-05-16T00:31:58.091773,70.00,62.50,81.80,0.00
2026-05-16T00:31:58.195222,75.00,66.70,62.50,30.00
2026-05-16T00:31:58.298751,66.70,70.00,77.80,12.50
2026-05-16T00:31:58.402347,70.00,71.40,66.70,11.10
2026-05-16T00:31:58.505858,75.00,66.70,70.00,0.00
2026-05-16T00:31:58.608781,66.70,55.60,66.70,20.00
2026-05-16T00:31:58.711944,66.70,70.00,77.80,0.00
2026-05-16T00:31:58.815254,70.00,62.50,66.70,11.10
2026-05-16T00:31:58.918599,57.10,80.00,62.50,0.00
2026-05-16T00:31:59.022703,66.70,70.00,66.70,22.20
2026-05-16T00:31:59.126348,66.70,57.10,62.50,11.10
2026-05-16T00:31:59.229377,77.80,70.00,77.80,12.50
2026-05-16T00:31:59.333279,75.00,77.80,77.80,33.30
2026-05-16T00:31:59.436648,70.00,66.70,70.00,11.10
2026-05-16T00:31:59.540026,71.40,66.70,75.00,12.50
2026-05-16T00:31:59.643334,72.70,75.00,62.50,0.00
2026-05-16T00:31:59.746899,66.70,72.70,81.80,12.50
2026-05-16T00:31:59.850262,75.00,62.50,66.70,11.10
2026-05-16T00:31:59.953508,70.00,72.70,66.70,12.50
2026-05-16T00:32:00.057051,66.70,71.40,77.80,0.00
2026-05-16T00:32:00.160851,71.40,55.60,66.70,11.10
2026-05-16T00:32:00.263688,66.70,66.70,70.00,22.20
2026-05-16T00:32:00.367530,66.70,70.00,71.40,0.00
2026-05-16T00:32:00.471238,77.80,75.00,75.00,12.50
2026-05-16T00:32:00.574284,80.00,66.70,77.80,22.20
2026-05-16T00:32:00.677634,66.70,75.00,77.80,22.20
2026-05-16T00:32:00.780697,75.00,62.50,62.50,11.10
2026-05-16T00:32:00.883565,66.70,70.00,72.70,12.50
2026-05-16T00:32:00.986730,70.00,62.50,77.80,0.00
2026-05-16T00:32:01.089911,71.40,66.70,62.50,11.10
2026-05-16T00:32:01.193309,70.00,66.70,70.00,0.00
2026-05-16T00:32:01.296823,62.50,75.00,77.80,22.20
2026-05-16T00:32:01.400471,77.80,70.00,66.70,11.10
2026-05-16T00:32:01.504229,66.70,62.50,66.70,0.00
2026-05-16T00:32:01.607560,70.00,70.00,66.70,22.20
2026-05-16T00:32:01.710604,71.40,62.50,75.00,20.00
2026-05-16T00:32:01.813965,70.00,66.70,70.00,12.50
2026-05-16T00:32:01.917479,77.80,70.00,71.40,0.00
2026-05-16T00:32:02.020424,66.70,75.00,70.00,12.50
2026-05-16T00:32:02.124300,66.70,62.50,62.50,0.00
2026-05-16T00:32:02.228299,77.80,70.00,75.00,22.20
2026-05-16T00:32:02.331287,70.00,70.00,71.40,12.50
2026-05-16T00:32:02.434607,77.80,66.70,62.50,0.00
2026-05-16T00:32:02.537636,66.70,75.00,77.80,11.10
2026-05-16T00:32:02.640851,62.50,55.60,66.70,0.00
2026-05-16T00:32:02.744060,77.80,77.80,66.70,11.10
2026-05-16T00:32:02.847289,62.50,66.70,66.70,12.50
2026-05-16T00:32:02.950570,70.00,66.70,77.80,0.00
2026-05-16T00:32:03.053901,75.00,62.50,66.70,11.10
2026-05-16T00:32:03.157061,66.70,66.70,80.00,30.00
2026-05-16T00:32:03.260042,75.00,77.80,62.50,0.00
2026-05-16T00:32:03.363887,72.70,62.50,80.00,22.20
2026-05-16T00:32:03.467350,75.00,70.00,62.50,12.50
2026-05-16T00:32:03.570909,70.00,70.00,72.70,12.50
2026-05-16T00:32:03.674076,77.80,80.00,75.00,12.50
2026-05-16T00:32:03.777379,70.00,66.70,70.00,20.00
2026-05-16T00:32:03.880940,75.00,66.70,75.00,12.50
2026-05-16T00:32:03.984011,66.70,77.80,70.00,12.50
2026-05-16T00:32:04.087739,70.00,70.00,62.50,12.50
2026-05-16T00:32:04.190999,71.40,70.00,75.00,0.00
2026-05-16T00:32:04.294689,70.00,71.40,66.70,22.20
2026-05-16T00:32:04.398230,77.80,66.70,70.00,12.50
2026-05-16T00:32:04.501679,66.70,72.70,75.00,0.00
2026-05-16T00:32:04.605134,72.70,62.50,70.00,12.50
2026-05-16T00:32:04.708200,71.40,80.00,66.70,12.50
2026-05-16T00:32:04.811635,55.60,42.90,55.60,0.00
2026-05-16T00:32:04.914253,28.60,33.30,37.50,11.10
2026-05-16T00:32:05.017025,40.00,44.40,37.50,10.00
2026-05-16T00:32:05.119515,28.60,16.70,16.70,0.00
2026-05-16T00:32:05.222570,37.50,33.30,37.50,0.00
2026-05-16T00:32:05.325652,37.50,28.60,44.40,11.10
2026-05-16T00:32:05.428903,37.50,28.60,28.60,10.00
2026-05-16T00:32:05.531792,28.60,40.00,28.60,0.00
2026-05-16T00:32:05.634525,37.50,28.60,37.50,0.00
2026-05-16T00:32:05.737386,44.40,25.00,28.60,10.00
2026-05-16T00:32:05.839924,16.70,28.60,25.00,11.10
2026-05-16T00:32:05.942563,33.30,33.30,44.40,0.00
2026-05-16T00:32:06.045016,44.40,37.50,37.50,11.10
2026-05-16T00:32:06.147703,28.60,28.60,28.60,11.10
2026-05-16T00:32:06.250667,37.50,28.60,37.50,10.00
2026-05-16T00:32:06.353524,37.50,44.40,37.50,11.10
2026-05-16T00:32:06.456802,37.50,33.30,28.60,0.00
2026-05-16T00:32:06.559645,37.50,28.60,50.00,0.00
2026-05-16T00:32:06.662338,28.60,25.00,25.00,0.00
2026-05-16T00:32:06.764953,25.00,28.60,28.60,11.10
2026-05-16T00:32:06.867707,37.50,16.70,44.40,11.10
2026-05-16T00:32:06.970313,28.60,25.00,28.60,0.00
2026-05-16T00:32:07.072739,16.70,37.50,28.60,0.00
2026-05-16T00:32:07.175444,44.40,25.00,37.50,0.00
2026-05-16T00:32:07.278443,37.50,37.50,37.50,11.10
2026-05-16T00:32:07.381901,33.30,37.50,37.50,11.10
2026-05-16T00:32:07.484569,28.60,33.30,28.60,0.00
2026-05-16T00:32:07.587271,44.40,37.50,25.00,0.00
2026-05-16T00:32:07.690307,42.90,37.50,42.90,20.00
2026-05-16T00:32:07.792969,37.50,16.70,28.60,0.00
2026-05-16T00:32:07.895893,37.50,33.30,50.00,0.00
2026-05-16T00:32:07.998547,37.50,37.50,25.00,0.00
2026-05-16T00:32:08.101312,0.00,16.70,0.00,0.00
2026-05-16T00:32:08.204307,44.40,33.30,28.60,11.10
2026-05-16T00:32:08.307018,28.60,37.50,37.50,11.10
2026-05-16T00:32:08.410342,28.60,28.60,28.60,0.00
2026-05-16T00:32:08.512964,37.50,33.30,28.60,0.00
2026-05-16T00:32:08.615862,37.50,28.60,33.30,0.00
2026-05-16T00:32:08.718628,28.60,28.60,37.50,11.10
2026-05-16T00:32:08.821319,37.50,37.50,16.70,0.00
2026-05-16T00:32:08.924229,28.60,33.30,37.50,10.00
2026-05-16T00:32:09.026871,37.50,37.50,25.00,0.00
2026-05-16T00:32:09.129705,37.50,28.60,44.40,20.00
2026-05-16T00:32:09.232555,28.60,25.00,37.50,0.00
2026-05-16T00:32:09.335184,44.40,28.60,28.60,10.00
2026-05-16T00:32:09.437974,14.30,28.60,37.50,0.00
2026-05-16T00:32:09.540980,37.50,33.30,37.50,11.10
2026-05-16T00:32:09.643679,44.40,42.90,37.50,0.00
2026-05-16T00:32:09.746286,28.60,33.30,28.60,10.00
2026-05-16T00:32:09.849069,50.00,28.60,44.40,0.00
2026-05-16T00:32:09.951617,37.50,37.50,28.60,0.00
2026-05-16T00:32:10.054222,37.50,37.50,44.40,11.10
2026-05-16T00:32:10.156923,28.60,44.40,50.00,11.10
2026-05-16T00:32:10.259838,44.40,16.70,37.50,0.00
2026-05-16T00:32:10.362836,37.50,33.30,28.60,0.00
2026-05-16T00:32:10.465815,28.60,28.60,25.00,20.00
2026-05-16T00:32:10.568422,28.60,44.40,50.00,0.00
2026-05-16T00:32:10.671282,44.40,14.30,37.50,20.00
2026-05-16T00:32:10.774003,37.50,28.60,37.50,0.00
2026-05-16T00:32:10.876550,28.60,37.50,44.40,0.00
2026-05-16T00:32:10.979195,44.40,37.50,28.60,0.00
2026-05-16T00:32:11.081844,16.70,14.30,37.50,0.00
2026-05-16T00:32:11.184484,33.30,37.50,25.00,11.10
2026-05-16T00:32:11.287554,28.60,28.60,28.60,0.00
2026-05-16T00:32:11.390304,37.50,33.30,28.60,11.10
2026-05-16T00:32:11.492924,37.50,37.50,37.50,10.00
2026-05-16T00:32:11.595481,28.60,28.60,37.50,20.00
2026-05-16T00:32:11.698046,44.40,44.40,37.50,0.00
2026-05-16T00:32:11.801005,37.50,37.50,44.40,0.00
2026-05-16T00:32:11.904574,28.60,25.00,33.30,0.00
2026-05-16T00:32:12.007018,37.50,28.60,37.50,11.10
2026-05-16T00:32:12.110133,37.50,28.60,25.00,0.00
2026-05-16T00:32:12.212940,33.30,25.00,37.50,11.10
2026-05-16T00:32:12.315701,28.60,37.50,37.50,0.00
2026-05-16T00:32:12.418027,37.50,44.40,44.40,11.10
2026-05-16T00:32:12.520633,37.50,25.00,28.60,0.00
2026-05-16T00:32:12.623276,16.70,28.60,28.60,0.00
2026-05-16T00:32:12.726301,44.40,16.70,44.40,11.10
2026-05-16T00:32:12.829428,33.30,33.30,25.00,0.00
2026-05-16T00:32:12.931985,44.40,37.50,44.40,18.20
2026-05-16T00:32:13.034970,37.50,28.60,44.40,0.00
2026-05-16T00:32:13.137873,28.60,33.30,28.60,0.00
2026-05-16T00:32:13.241093,28.60,28.60,37.50,11.10
2026-05-16T00:32:13.343955,44.40,37.50,28.60,11.10
2026-05-16T00:32:13.447007,28.60,28.60,37.50,0.00
2026-05-16T00:32:13.549812,50.00,37.50,44.40,0.00
2026-05-16T00:32:13.652935,28.60,14.30,16.70,0.00
2026-05-16T00:32:13.755628,37.50,28.60,28.60,10.00
2026-05-16T00:32:13.858584,25.00,33.30,44.40,11.10
2026-05-16T00:32:13.961276,37.50,37.50,25.00,0.00
2026-05-16T00:32:14.063950,28.60,25.00,16.70,0.00
2026-05-16T00:32:14.166869,37.50,28.60,37.50,0.00
2026-05-16T00:32:14.269633,37.50,33.30,25.00,11.10
2026-05-16T00:32:14.372609,37.50,28.60,42.90,20.00
2026-05-16T00:32:14.475345,28.60,28.60,33.30,0.00
2026-05-16T00:32:14.577936,44.40,44.40,44.40,0.00
2026-05-16T00:32:14.680699,37.50,14.30,28.60,0.00
2026-05-16T00:32:14.783383,28.60,37.50,37.50,20.00
2026-05-16T00:32:14.886279,37.50,37.50,44.40,0.00
2026-05-16T00:32:14.989027,25.00,25.00,28.60,0.00
2026-05-16T00:32:15.091944,42.90,37.50,37.50,12.50
2026-05-16T00:32:15.194904,44.40,37.50,28.60,20.00
2026-05-16T00:32:15.297705,25.00,28.60,44.40,0.00
2026-05-16T00:32:15.400873,44.40,28.60,37.50,0.00
2026-05-16T00:32:15.503633,28.60,33.30,28.60,0.00
2026-05-16T00:32:15.606694,28.60,37.50,37.50,11.10
2026-05-16T00:32:15.709297,37.50,28.60,28.60,0.00
2026-05-16T00:32:15.812196,28.60,28.60,37.50,11.10
2026-05-16T00:32:15.914895,37.50,33.30,25.00,11.10
2026-05-16T00:32:16.017818,28.60,16.70,28.60,0.00
2026-05-16T00:32:16.120600,33.30,25.00,28.60,0.00
2026-05-16T00:32:16.223306,28.60,37.50,44.40,11.10
2026-05-16T00:32:16.326275,37.50,37.50,44.40,0.00
2026-05-16T00:32:16.428982,37.50,25.00,25.00,18.20
2026-05-16T00:32:16.531735,37.50,28.60,28.60,11.10
2026-05-16T00:32:16.634592,28.60,33.30,28.60,0.00
2026-05-16T00:32:16.737217,37.50,28.60,37.50,11.10
2026-05-16T00:32:16.839933,33.30,25.00,25.00,0.00
2026-05-16T00:32:16.942876,16.70,28.60,42.90,11.10
2026-05-16T00:32:17.045844,44.40,44.40,33.30,0.00
2026-05-16T00:32:17.148589,16.70,28.60,28.60,11.10
2026-05-16T00:32:17.251707,44.40,28.60,28.60,11.10
2026-05-16T00:32:17.354553,28.60,33.30,44.40,0.00
2026-05-16T00:32:17.458222,37.50,44.40,37.50,0.00
2026-05-16T00:32:17.561017,37.50,16.70,37.50,11.10
2026-05-16T00:32:17.663745,44.40,33.30,37.50,20.00
2026-05-16T00:32:17.766306,16.70,28.60,28.60,11.10
2026-05-16T00:32:17.869029,37.50,28.60,28.60,0.00
2026-05-16T00:32:17.971748,37.50,40.00,44.40,0.00
2026-05-16T00:32:18.074617,37.50,37.50,28.60,0.00
2026-05-16T00:32:18.177532,37.50,28.60,33.30,20.00
2026-05-16T00:32:18.280557,37.50,25.00,16.70,0.00
2026-05-16T00:32:18.383568,37.50,28.60,44.40,11.10
2026-05-16T00:32:18.486471,37.50,37.50,37.50,0.00
2026-05-16T00:32:18.589002,25.00,25.00,28.60,0.00
2026-05-16T00:32:18.691826,44.40,28.60,44.40,0.00
2026-05-16T00:32:18.794410,28.60,37.50,28.60,20.00
2026-05-16T00:32:18.897060,37.50,37.50,28.60,0.00
2026-05-16T00:32:18.999882,37.50,14.30,28.60,0.00
2026-05-16T00:32:19.103009,37.50,44.40,33.30,0.00
2026-05-16T00:32:19.205614,28.60,16.70,28.60,0.00
2026-05-16T00:32:19.308045,28.60,33.30,28.60,11.10
2026-05-16T00:32:19.411259,37.50,28.60,37.50,0.00
2026-05-16T00:32:19.514307,44.40,16.70,44.40,11.10
2026-05-16T00:32:19.617297,28.60,37.50,28.60,0.00
2026-05-16T00:32:19.719890,40.00,33.30,28.60,11.10
2026-05-16T00:32:19.822375,16.70,14.30,14.30,0.00
2026-05-16T00:32:19.925238,12.50,22.20,12.50,0.00
2026-05-16T00:32:20.027557,12.50,0.00,12.50,0.00
2026-05-16T00:32:20.129927,0.00,22.20,14.30,10.00
2026-05-16T00:32:20.232308,22.20,0.00,0.00,10.00
2026-05-16T00:32:20.334994,12.50,12.50,22.20,0.00
2026-05-16T00:32:20.437580,25.00,14.30,14.30,0.00
2026-05-16T00:32:20.540217,12.50,0.00,0.00,0.00
2026-05-16T00:32:20.642532,0.00,22.20,14.30,10.00
2026-05-16T00:32:20.745005,22.20,14.30,0.00,0.00
2026-05-16T00:32:20.847521,14.30,12.50,25.00,0.00
2026-05-16T00:32:20.949729,0.00,0.00,0.00,0.00
2026-05-16T00:32:21.051970,25.00,12.50,12.50,0.00
2026-05-16T00:32:21.154444,14.30,25.00,14.30,0.00
2026-05-16T00:32:21.257720,22.20,12.50,22.20,18.20
2026-05-16T00:32:21.359971,0.00,12.50,25.00,11.10
2026-05-16T00:32:21.462807,22.20,14.30,0.00,0.00
2026-05-16T00:32:21.565523,12.50,12.50,25.00,0.00
2026-05-16T00:32:21.668255,14.30,12.50,12.50,0.00
2026-05-16T00:32:21.833700,18.20,33.30,41.70,20.00
2026-05-16T00:32:21.936247,25.00,28.60,100.00,0.00
2026-05-16T00:32:22.039028,0.00,25.00,100.00,0.00
2026-05-16T00:32:22.141509,25.00,16.70,100.00,10.00
2026-05-16T00:32:22.244277,28.60,25.00,100.00,0.00
2026-05-16T00:32:22.346722,33.30,37.50,100.00,0.00
2026-05-16T00:32:22.449219,0.00,14.30,100.00,0.00
2026-05-16T00:32:22.551815,37.50,16.70,100.00,10.00
2026-05-16T00:32:22.654404,25.00,25.00,100.00,11.10
2026-05-16T00:32:22.757920,14.30,16.70,100.00,0.00
2026-05-16T00:32:22.860804,16.70,14.30,100.00,0.00
2026-05-16T00:32:22.963402,33.30,28.60,100.00,10.00
2026-05-16T00:32:23.065846,28.60,28.60,100.00,10.00
2026-05-16T00:32:23.168579,25.00,25.00,100.00,0.00
2026-05-16T00:32:23.271212,25.00,37.50,100.00,0.00
2026-05-16T00:32:23.374322,16.70,28.60,100.00,18.20
2026-05-16T00:32:23.477212,33.30,14.30,100.00,0.00
2026-05-16T00:32:23.580519,28.60,16.70,100.00,0.00
2026-05-16T00:32:23.682941,14.30,14.30,100.00,0.00
2026-05-16T00:32:23.785493,37.50,28.60,100.00,0.00
2026-05-16T00:32:23.888187,14.30,28.60,100.00,0.00
2026-05-16T00:32:23.990679,14.30,14.30,100.00,18.20
2026-05-16T00:32:24.093161,25.00,14.30,100.00,0.00
2026-05-16T00:32:24.195878,16.70,37.50,100.00,0.00
2026-05-16T00:32:24.298595,25.00,14.30,100.00,0.00
2026-05-16T00:32:24.401044,25.00,25.00,100.00,0.00
2026-05-16T00:32:24.503557,16.70,28.60,100.00,0.00
2026-05-16T00:32:24.606444,14.30,14.30,100.00,0.00
2026-05-16T00:32:24.709279,28.60,16.70,100.00,18.20
2026-05-16T00:32:24.811986,25.00,28.60,100.00,10.00
2026-05-16T00:32:24.915019,28.60,25.00,100.00,0.00
2026-05-16T00:32:25.017791,25.00,16.70,100.00,0.00
2026-05-16T00:32:25.120407,0.00,25.00,100.00,10.00
2026-05-16T00:32:25.223263,28.60,16.70,100.00,0.00
2026-05-16T00:32:25.326028,33.30,33.30,100.00,0.00
2026-05-16T00:32:25.428582,25.00,16.70,100.00,0.00
2026-05-16T00:32:25.531383,16.70,25.00,100.00,10.00
2026-05-16T00:32:25.633910,14.30,28.60,100.00,0.00
2026-05-16T00:32:25.736973,14.30,33.30,100.00,0.00
2026-05-16T00:32:25.839720,0.00,0.00,100.00,0.00
2026-05-16T00:32:25.942132,33.30,37.50,100.00,11.10
2026-05-16T00:32:26.045310,28.60,16.70,100.00,0.00
2026-05-16T00:32:26.147816,14.30,14.30,100.00,10.00
2026-05-16T00:32:26.250343,14.30,16.70,100.00,0.00
2026-05-16T00:32:26.352818,33.30,14.30,100.00,0.00
2026-05-16T00:32:26.455001,14.30,33.30,100.00,10.00
2026-05-16T00:32:26.557824,28.60,16.70,100.00,0.00
2026-05-16T00:32:26.660382,25.00,14.30,100.00,10.00
2026-05-16T00:32:26.763042,25.00,16.70,100.00,0.00
2026-05-16T00:32:26.865928,28.60,25.00,100.00,0.00
2026-05-16T00:32:26.968541,25.00,16.70,100.00,0.00
2026-05-16T00:32:27.070740,0.00,14.30,100.00,0.00
2026-05-16T00:32:27.173149,28.60,28.60,100.00,0.00
2026-05-16T00:32:27.276007,33.30,14.30,100.00,20.00
2026-05-16T00:32:27.378618,25.00,0.00,100.00,0.00
2026-05-16T00:32:27.480997,0.00,25.00,100.00,0.00
2026-05-16T00:32:27.583519,25.00,25.00,100.00,0.00
2026-05-16T00:32:27.685971,28.60,28.60,100.00,11.10
2026-05-16T00:32:27.788467,14.30,0.00,100.00,10.00
2026-05-16T00:32:27.891447,33.30,44.40,100.00,0.00
2026-05-16T00:32:27.994254,28.60,0.00,100.00,0.00
2026-05-16T00:32:28.096701,14.30,28.60,100.00,10.00
2026-05-16T00:32:28.199256,14.30,14.30,100.00,0.00
2026-05-16T00:32:28.302243,28.60,28.60,100.00,0.00
2026-05-16T00:32:28.404845,33.30,14.30,100.00,0.00
2026-05-16T00:32:28.507733,28.60,37.50,100.00,10.00
2026-05-16T00:32:28.610197,14.30,14.30,100.00,0.00
2026-05-16T00:32:28.712919,28.60,28.60,100.00,0.00
2026-05-16T00:32:28.815553,33.30,14.30,100.00,11.10
2026-05-16T00:32:28.918052,25.00,33.30,100.00,0.00
2026-05-16T00:32:29.020399,14.30,16.70,100.00,0.00
2026-05-16T00:32:29.123332,28.60,25.00,100.00,10.00
2026-05-16T00:32:29.225960,33.30,28.60,100.00,0.00
2026-05-16T00:32:29.328465,14.30,25.00,100.00,0.00
2026-05-16T00:32:29.430892,16.70,0.00,100.00,18.20
2026-05-16T00:32:29.533678,14.30,25.00,100.00,0.00
2026-05-16T00:32:29.636154,33.30,28.60,100.00,11.10
2026-05-16T00:32:29.738923,14.30,14.30,100.00,10.00
2026-05-16T00:32:29.841631,37.50,16.70,100.00,0.00
2026-05-16T00:32:29.944212,14.30,25.00,100.00,11.10
2026-05-16T00:32:30.046961,25.00,37.50,100.00,0.00
2026-05-16T00:32:30.149731,37.50,14.30,100.00,0.00
2026-05-16T00:32:30.252484,14.30,16.70,100.00,0.00
2026-05-16T00:32:30.354874,25.00,25.00,100.00,0.00
2026-05-16T00:32:30.457548,14.30,25.00,100.00,10.00
2026-05-16T00:32:30.560349,28.60,16.70,100.00,10.00
2026-05-16T00:32:30.662784,25.00,16.70,100.00,0.00
2026-05-16T00:32:30.765026,16.70,25.00,100.00,0.00
2026-05-16T00:32:30.867457,14.30,37.50,100.00,10.00
2026-05-16T00:32:30.970346,33.30,14.30,100.00,0.00
2026-05-16T00:32:31.072928,28.60,16.70,100.00,11.10
2026-05-16T00:32:31.175496,25.00,25.00,100.00,0.00
2026-05-16T00:32:31.277938,28.60,28.60,100.00,10.00
2026-05-16T00:32:31.381019,25.00,25.00,100.00,11.10
2026-05-16T00:32:31.483723,25.00,16.70,100.00,10.00
2026-05-16T00:32:31.586532,14.30,33.30,100.00,0.00
2026-05-16T00:32:31.689047,28.60,16.70,100.00,0.00
2026-05-16T00:32:31.791481,14.30,0.00,100.00,0.00
2026-05-16T00:32:31.894002,37.50,28.60,100.00,0.00
2026-05-16T00:32:31.996466,25.00,25.00,100.00,0.00
2026-05-16T00:32:32.098953,28.60,16.70,100.00,10.00
2026-05-16T00:32:32.201554,14.30,14.30,100.00,0.00
2026-05-16T00:32:32.303976,25.00,37.50,100.00,11.10
2026-05-16T00:32:32.406529,0.00,14.30,100.00,0.00
2026-05-16T00:32:32.509389,37.50,28.60,100.00,0.00
2026-05-16T00:32:32.611854,14.30,33.30,100.00,0.00
2026-05-16T00:32:32.714477,25.00,16.70,100.00,18.20
2026-05-16T00:32:32.817128,16.70,16.70,100.00,0.00
2026-05-16T00:32:32.919625,14.30,25.00,100.00,0.00
2026-05-16T00:32:33.022030,25.00,16.70,100.00,0.00
2026-05-16T00:32:33.124444,28.60,33.30,100.00,0.00
2026-05-16T00:32:33.227256,33.30,16.70,100.00,10.00
2026-05-16T00:32:33.329787,28.60,25.00,100.00,10.00
2026-05-16T00:32:33.432012,25.00,28.60,100.00,0.00
2026-05-16T00:32:33.534652,25.00,25.00,100.00,0.00
2026-05-16T00:32:33.637176,16.70,16.70,100.00,0.00
2026-05-16T00:32:33.739818,14.30,28.60,100.00,0.00
2026-05-16T00:32:33.842792,16.70,14.30,100.00,0.00
2026-05-16T00:32:33.945626,33.30,37.50,100.00,18.20
2026-05-16T00:32:34.048011,25.00,25.00,100.00,0.00
2026-05-16T00:32:34.150452,16.70,16.70,100.00,0.00
2026-05-16T00:32:34.253205,25.00,14.30,100.00,0.00
2026-05-16T00:32:34.355706,33.30,28.60,100.00,18.20
2026-05-16T00:32:34.458151,16.70,25.00,100.00,0.00
2026-05-16T00:32:34.561313,0.00,14.30,100.00,0.00
2026-05-16T00:32:34.664058,33.30,16.70,100.00,0.00
2026-05-16T00:32:34.766827,28.60,28.60,100.00,0.00
2026-05-16T00:32:34.869347,42.90,37.50,100.00,10.00
2026-05-16T00:32:34.971960,44.40,42.90,100.00,0.00
2026-05-16T00:32:35.074711,42.90,50.00,100.00,0.00
2026-05-16T00:32:35.177362,28.60,28.60,100.00,27.30
2026-05-16T00:32:35.280059,42.90,33.30,100.00,22.20
2026-05-16T00:32:35.382930,33.30,50.00,100.00,10.00
2026-05-16T00:32:35.485933,37.50,28.60,100.00,0.00
2026-05-16T00:32:35.588890,28.60,50.00,100.00,11.10
2026-05-16T00:32:35.691728,42.90,28.60,100.00,0.00
2026-05-16T00:32:35.794686,42.90,42.90,100.00,0.00
2026-05-16T00:32:35.897341,37.50,44.40,100.00,11.10
2026-05-16T00:32:36.000073,28.60,42.90,100.00,11.10
2026-05-16T00:32:36.102696,42.90,33.30,100.00,0.00
2026-05-16T00:32:36.205315,37.50,44.40,100.00,0.00
2026-05-16T00:32:36.308290,50.00,42.90,100.00,0.00
2026-05-16T00:32:36.410968,28.60,37.50,100.00,18.20
2026-05-16T00:32:36.513570,42.90,42.90,100.00,0.00
2026-05-16T00:32:36.616238,50.00,50.00,100.00,0.00
2026-05-16T00:32:36.718965,28.60,37.50,100.00,11.10
2026-05-16T00:32:36.822232,42.90,33.30,100.00,11.10
2026-05-16T00:32:36.924650,50.00,50.00,100.00,10.00
2026-05-16T00:32:37.027376,44.40,42.90,100.00,0.00
2026-05-16T00:32:37.130223,42.90,42.90,100.00,0.00
2026-05-16T00:32:37.233292,50.00,37.50,100.00,27.30
2026-05-16T00:32:37.336436,42.90,50.00,100.00,0.00
2026-05-16T00:32:37.439207,37.50,33.30,100.00,10.00
2026-05-16T00:32:37.542079,55.60,50.00,100.00,0.00
2026-05-16T00:32:37.644604,42.90,37.50,100.00,0.00
2026-05-16T00:32:37.747320,37.50,42.90,100.00,20.00
2026-05-16T00:32:37.850845,44.40,42.90,100.00,0.00
2026-05-16T00:32:37.953745,42.90,37.50,100.00,0.00
2026-05-16T00:32:38.056504,37.50,42.90,100.00,10.00
2026-05-16T00:32:38.158981,42.90,37.50,100.00,11.10
2026-05-16T00:32:38.261612,37.50,33.30,100.00,0.00
2026-05-16T00:32:38.364128,50.00,44.40,100.00,0.00
2026-05-16T00:32:38.466944,37.50,42.90,100.00,20.00
2026-05-16T00:32:38.569729,50.00,33.30,100.00,0.00
2026-05-16T00:32:38.672393,16.70,28.60,100.00,0.00
2026-05-16T00:32:38.774913,37.50,37.50,100.00,11.10
2026-05-16T00:32:38.877841,33.30,50.00,100.00,11.10
2026-05-16T00:32:38.980351,55.60,33.30,100.00,0.00
2026-05-16T00:32:39.082999,42.90,55.60,100.00,0.00
2026-05-16T00:32:39.185788,28.60,16.70,100.00,18.20
2026-05-16T00:32:39.288739,50.00,42.90,100.00,0.00
2026-05-16T00:32:39.391357,50.00,50.00,100.00,10.00
2026-05-16T00:32:39.494245,50.00,37.50,100.00,0.00
2026-05-16T00:32:39.596995,44.40,50.00,100.00,10.00
2026-05-16T00:32:39.699751,33.30,42.90,100.00,11.10
2026-05-16T00:32:39.802361,50.00,28.60,100.00,0.00
2026-05-16T00:32:39.904833,28.60,50.00,100.00,11.10
2026-05-16T00:32:40.007400,33.30,33.30,100.00,0.00
2026-05-16T00:32:40.110136,50.00,37.50,100.00,0.00
2026-05-16T00:32:40.212739,37.50,42.90,100.00,10.00
2026-05-16T00:32:40.315592,42.90,37.50,100.00,0.00
2026-05-16T00:32:40.418526,42.90,42.90,100.00,11.10
2026-05-16T00:32:40.521270,37.50,16.70,100.00,0.00
2026-05-16T00:32:40.623783,42.90,55.60,100.00,20.00
2026-05-16T00:32:40.726375,42.90,33.30,100.00,0.00
2026-05-16T00:32:40.829459,44.40,37.50,100.00,0.00
2026-05-16T00:32:40.932047,33.30,33.30,100.00,18.20
2026-05-16T00:32:41.034689,42.90,44.40,100.00,0.00
2026-05-16T00:32:41.137309,44.40,42.90,100.00,10.00
2026-05-16T00:32:41.239793,42.90,42.90,100.00,0.00
2026-05-16T00:32:41.342780,16.70,28.60,100.00,0.00
2026-05-16T00:32:41.445658,37.50,28.60,100.00,0.00
2026-05-16T00:32:41.548212,33.30,50.00,100.00,11.10
2026-05-16T00:32:41.650942,42.90,33.30,100.00,0.00
2026-05-16T00:32:41.754047,37.50,37.50,100.00,0.00
2026-05-16T00:32:41.856616,50.00,42.90,100.00,0.00
2026-05-16T00:32:41.959439,37.50,42.90,100.00,20.00
2026-05-16T00:32:42.062991,33.30,28.60,100.00,0.00
2026-05-16T00:32:42.166066,28.60,44.40,100.00,18.20
2026-05-16T00:32:42.269434,42.90,33.30,100.00,11.10
2026-05-16T00:32:42.372312,28.60,28.60,100.00,0.00
2026-05-16T00:32:42.475004,50.00,42.90,100.00,0.00
2026-05-16T00:32:42.577554,16.70,42.90,100.00,0.00
2026-05-16T00:32:42.680584,42.90,44.40,100.00,18.20
2026-05-16T00:32:42.783638,28.60,20.00,100.00,0.00
2026-05-16T00:32:42.886643,42.90,28.60,100.00,10.00
2026-05-16T00:32:42.989199,37.50,42.90,100.00,0.00
2026-05-16T00:32:43.092037,42.90,37.50,100.00,0.00
2026-05-16T00:32:43.194916,28.60,42.90,100.00,11.10
2026-05-16T00:32:43.297677,42.90,42.90,100.00,0.00
2026-05-16T00:32:43.400725,44.40,42.90,100.00,20.00
2026-05-16T00:32:43.503699,42.90,28.60,100.00,0.00
2026-05-16T00:32:43.606546,44.40,50.00,100.00,0.00
2026-05-16T00:32:43.709281,33.30,50.00,100.00,10.00
2026-05-16T00:32:43.811699,37.50,37.50,100.00,11.10
2026-05-16T00:32:43.914627,42.90,50.00,100.00,0.00
2026-05-16T00:32:44.017426,37.50,50.00,100.00,0.00
2026-05-16T00:32:44.120135,42.90,28.60,100.00,10.00
2026-05-16T00:32:44.222692,42.90,42.90,100.00,0.00
2026-05-16T00:32:44.325257,44.40,44.40,100.00,0.00
2026-05-16T00:32:44.428054,33.30,42.90,100.00,10.00
2026-05-16T00:32:44.530676,33.30,50.00,100.00,11.10
2026-05-16T00:32:44.633752,37.50,42.90,100.00,0.00
2026-05-16T00:32:44.736730,50.00,28.60,100.00,10.00
2026-05-16T00:32:44.839486,28.60,50.00,100.00,0.00
2026-05-16T00:32:44.942220,33.30,42.90,100.00,10.00
2026-05-16T00:32:45.044537,37.50,50.00,100.00,0.00
2026-05-16T00:32:45.147246,42.90,16.70,100.00,10.00
2026-05-16T00:32:45.250260,44.40,55.60,100.00,11.10
2026-05-16T00:32:45.352860,20.00,28.60,100.00,11.10
2026-05-16T00:32:45.456002,50.00,33.30,100.00,10.00
2026-05-16T00:32:45.558510,20.00,28.60,100.00,0.00
2026-05-16T00:32:45.661239,37.50,42.90,100.00,11.10
2026-05-16T00:32:45.763870,50.00,50.00,100.00,0.00
2026-05-16T00:32:45.866471,33.30,37.50,100.00,11.10
2026-05-16T00:32:45.969476,37.50,42.90,100.00,10.00
2026-05-16T00:32:46.072438,33.30,37.50,100.00,0.00
2026-05-16T00:32:46.174994,37.50,42.90,100.00,0.00
2026-05-16T00:32:46.278500,33.30,44.40,100.00,0.00
2026-05-16T00:32:46.380916,50.00,33.30,100.00,20.00
2026-05-16T00:32:46.483587,44.40,50.00,100.00,0.00
2026-05-16T00:32:46.586464,42.90,44.40,100.00,0.00
2026-05-16T00:32:46.689193,42.90,50.00,100.00,0.00
2026-05-16T00:32:46.792263,37.50,33.30,100.00,11.10
2026-05-16T00:32:46.895628,37.50,37.50,100.00,0.00
2026-05-16T00:32:46.998229,33.30,33.30,100.00,11.10
2026-05-16T00:32:47.101038,33.30,44.40,100.00,0.00
2026-05-16T00:32:47.203796,37.50,33.30,100.00,10.00
2026-05-16T00:32:47.306265,42.90,50.00,100.00,11.10
2026-05-16T00:32:47.408651,37.50,44.40,100.00,11.10
2026-05-16T00:32:47.510992,50.00,33.30,100.00,10.00
2026-05-16T00:32:47.613756,50.00,33.30,100.00,0.00
2026-05-16T00:32:47.716455,37.50,42.90,100.00,11.10
2026-05-16T00:32:47.819270,50.00,28.60,100.00,10.00
2026-05-16T00:32:47.921718,16.70,44.40,100.00,0.00
2026-05-16T00:32:48.024674,42.90,42.90,100.00,11.10
2026-05-16T00:32:48.127926,44.40,42.90,100.00,0.00
2026-05-16T00:32:48.230753,33.30,37.50,100.00,0.00
2026-05-16T00:32:48.333667,44.40,50.00,100.00,11.10
2026-05-16T00:32:48.436272,42.90,28.60,100.00,18.20
2026-05-16T00:32:48.538936,37.50,28.60,100.00,0.00
2026-05-16T00:32:48.641492,37.50,42.90,100.00,0.00
2026-05-16T00:32:48.744008,42.90,50.00,100.00,0.00
2026-05-16T00:32:48.846522,28.60,37.50,100.00,10.00
2026-05-16T00:32:48.949339,44.40,33.30,100.00,11.10
2026-05-16T00:32:49.052049,20.00,37.50,100.00,0.00
2026-05-16T00:32:49.154890,37.50,28.60,100.00,0.00
2026-05-16T00:32:49.257843,42.90,50.00,100.00,20.00
2026-05-16T00:32:49.360921,42.90,50.00,100.00,10.00
2026-05-16T00:32:49.463651,37.50,44.40,100.00,0.00
2026-05-16T00:32:49.566618,28.60,28.60,100.00,0.00
2026-05-16T00:32:49.669516,33.30,50.00,100.00,11.10
2026-05-16T00:32:49.772010,37.50,16.70,100.00,0.00
2026-05-16T00:32:49.874573,14.30,28.60,100.00,0.00
2026-05-16T00:32:49.976857,25.00,14.30,100.00,10.00
2026-05-16T00:32:50.079588,16.70,14.30,100.00,0.00
2026-05-16T00:32:50.181911,25.00,16.70,100.00,10.00
2026-05-16T00:32:50.284791,14.30,14.30,100.00,0.00
2026-05-16T00:32:50.387529,25.00,33.30,100.00,10.00
2026-05-16T00:32:50.490048,14.30,16.70,100.00,0.00
2026-05-16T00:32:50.593350,25.00,14.30,100.00,0.00
2026-05-16T00:32:50.695958,14.30,28.60,100.00,11.10
2026-05-16T00:32:50.798369,25.00,14.30,100.00,11.10
2026-05-16T00:32:50.900641,25.00,14.30,100.00,10.00
2026-05-16T00:32:51.003277,0.00,16.70,100.00,0.00
2026-05-16T00:32:51.105671,25.00,0.00,100.00,0.00
2026-05-16T00:32:51.208326,14.30,25.00,100.00,0.00
2026-05-16T00:32:51.310695,14.30,28.60,100.00,0.00
2026-05-16T00:32:51.413332,25.00,14.30,100.00,11.10
2026-05-16T00:32:51.516219,33.30,14.30,100.00,10.00
2026-05-16T00:32:51.618696,0.00,25.00,100.00,0.00
2026-05-16T00:32:51.720974,25.00,0.00,100.00,0.00
2026-05-16T00:32:51.823720,0.00,25.00,100.00,11.10
2026-05-16T00:32:51.926300,25.00,28.60,100.00,0.00
2026-05-16T00:32:52.028962,25.00,14.30,100.00,0.00
2026-05-16T00:32:52.131639,16.70,25.00,100.00,0.00
2026-05-16T00:32:52.234399,14.30,14.30,100.00,9.10
2026-05-16T00:32:52.336529,25.00,0.00,100.00,10.00
2026-05-16T00:32:52.438681,14.30,37.50,100.00,0.00
2026-05-16T00:32:52.541070,25.00,14.30,100.00,10.00
2026-05-16T00:32:52.643592,0.00,14.30,100.00,0.00
2026-05-16T00:32:52.746052,33.30,16.70,100.00,0.00
2026-05-16T00:32:52.848512,16.70,14.30,100.00,10.00
2026-05-16T00:32:52.950964,14.30,14.30,100.00,0.00
2026-05-16T00:32:53.053050,25.00,28.60,100.00,0.00
2026-05-16T00:32:53.155588,14.30,14.30,100.00,0.00
2026-05-16T00:32:53.257740,25.00,14.30,100.00,11.10
2026-05-16T00:32:53.360434,14.30,28.60,100.00,0.00
2026-05-16T00:32:53.462944,25.00,25.00,100.00,10.00
2026-05-16T00:32:53.565547,14.30,28.60,100.00,0.00
2026-05-16T00:32:53.668028,28.60,14.30,100.00,0.00
2026-05-16T00:32:53.770566,14.30,33.30,100.00,0.00
2026-05-16T00:32:53.872937,25.00,28.60,100.00,0.00
2026-05-16T00:32:53.975549,14.30,14.30,100.00,10.00
2026-05-16T00:32:54.077948,25.00,14.30,100.00,0.00
2026-05-16T00:32:54.180684,14.30,16.70,100.00,11.10
2026-05-16T00:32:54.283054,25.00,33.30,100.00,0.00
2026-05-16T00:32:54.385607,0.00,0.00,100.00,0.00
2026-05-16T00:32:54.487694,25.00,0.00,100.00,0.00
2026-05-16T00:32:54.589966,33.30,14.30,100.00,0.00
2026-05-16T00:32:54.692449,14.30,37.50,100.00,0.00
2026-05-16T00:32:54.794960,28.60,14.30,100.00,0.00
2026-05-16T00:32:54.897552,14.30,25.00,100.00,10.00
2026-05-16T00:32:55.000053,25.00,28.60,100.00,11.10
2026-05-16T00:32:55.102396,14.30,14.30,100.00,0.00
2026-05-16T00:32:55.204845,25.00,14.30,100.00,0.00
2026-05-16T00:32:55.307316,14.30,28.60,100.00,11.10
2026-05-16T00:32:55.410055,0.00,0.00,100.00,10.00
2026-05-16T00:32:55.512852,25.00,40.00,100.00,0.00
2026-05-16T00:32:55.615728,28.60,0.00,100.00,0.00
2026-05-16T00:32:55.718298,25.00,16.70,100.00,0.00
2026-05-16T00:32:55.820866,14.30,25.00,100.00,10.00
2026-05-16T00:32:55.923618,14.30,0.00,100.00,0.00
2026-05-16T00:32:56.025930,28.60,37.50,100.00,0.00
2026-05-16T00:32:56.128650,25.00,14.30,100.00,0.00
2026-05-16T00:32:56.231244,25.00,25.00,100.00,0.00
2026-05-16T00:32:56.334063,16.70,16.70,100.00,0.00
2026-05-16T00:32:56.436706,14.30,25.00,100.00,11.10
2026-05-16T00:32:56.539451,14.30,0.00,100.00,10.00
2026-05-16T00:32:56.642250,33.30,37.50,100.00,0.00
2026-05-16T00:32:56.744491,14.30,14.30,100.00,0.00
2026-05-16T00:32:56.846968,28.60,0.00,100.00,0.00
2026-05-16T00:32:56.949615,14.30,14.30,100.00,0.00
2026-05-16T00:32:57.051974,25.00,14.30,100.00,10.00
2026-05-16T00:32:57.154900,14.30,25.00,100.00,10.00
2026-05-16T00:32:57.257671,33.30,14.30,100.00,0.00
2026-05-16T00:32:57.360042,14.30,14.30,100.00,0.00
2026-05-16T00:32:57.462536,25.00,28.60,100.00,0.00
2026-05-16T00:32:57.565216,14.30,0.00,100.00,10.00
2026-05-16T00:32:57.667735,25.00,33.30,100.00,11.10
2026-05-16T00:32:57.770311,14.30,16.70,100.00,0.00
2026-05-16T00:32:57.873122,28.60,14.30,100.00,0.00
2026-05-16T00:32:57.975623,25.00,28.60,100.00,10.00
2026-05-16T00:32:58.078256,14.30,14.30,100.00,0.00
2026-05-16T00:32:58.180722,25.00,25.00,100.00,0.00
2026-05-16T00:32:58.283705,14.30,28.60,100.00,0.00
2026-05-16T00:32:58.385882,37.50,25.00,100.00,10.00
2026-05-16T00:32:58.488456,14.30,25.00,100.00,0.00
2026-05-16T00:32:58.591461,25.00,0.00,100.00,10.00
2026-05-16T00:32:58.693884,14.30,28.60,100.00,0.00
2026-05-16T00:32:58.796432,14.30,0.00,100.00,0.00
2026-05-16T00:32:58.898679,37.50,25.00,100.00,0.00
2026-05-16T00:32:59.001100,14.30,14.30,100.00,0.00
2026-05-16T00:32:59.103670,14.30,0.00,100.00,0.00
2026-05-16T00:32:59.206046,33.30,25.00,100.00,18.20
2026-05-16T00:32:59.309047,28.60,16.70,100.00,20.00
2026-05-16T00:32:59.411980,14.30,25.00,100.00,0.00
2026-05-16T00:32:59.514508,33.30,16.70,100.00,0.00
2026-05-16T00:32:59.616695,25.00,14.30,100.00,0.00
2026-05-16T00:32:59.719067,25.00,25.00,100.00,0.00
2026-05-16T00:32:59.821691,14.30,25.00,100.00,10.00
2026-05-16T00:32:59.924512,0.00,16.70,100.00,0.00
2026-05-16T00:33:00.026923,28.60,14.30,100.00,0.00
2026-05-16T00:33:00.129304,14.30,14.30,100.00,0.00
2026-05-16T00:33:00.231959,33.30,28.60,100.00,11.10
2026-05-16T00:33:00.334219,14.30,14.30,100.00,0.00
2026-05-16T00:33:00.436638,14.30,25.00,100.00,0.00
2026-05-16T00:33:00.538817,28.60,0.00,100.00,0.00
2026-05-16T00:33:00.641268,14.30,44.40,100.00,11.10
2026-05-16T00:33:00.743735,33.30,0.00,100.00,11.10
2026-05-16T00:33:00.846358,25.00,25.00,100.00,10.00
2026-05-16T00:33:00.948986,14.30,14.30,100.00,0.00
2026-05-16T00:33:01.051640,14.30,37.50,100.00,0.00
2026-05-16T00:33:01.154042,25.00,33.30,100.00,10.00
2026-05-16T00:33:01.256578,14.30,16.70,100.00,0.00
2026-05-16T00:33:01.359299,37.50,14.30,100.00,0.00
2026-05-16T00:33:01.461821,14.30,14.30,100.00,0.00
2026-05-16T00:33:01.564360,25.00,25.00,100.00,0.00
2026-05-16T00:33:01.666910,25.00,25.00,100.00,0.00
2026-05-16T00:33:01.769326,25.00,16.70,100.00,10.00
2026-05-16T00:33:01.871804,14.30,14.30,100.00,0.00
2026-05-16T00:33:01.974265,25.00,14.30,100.00,11.10
2026-05-16T00:33:02.076899,25.00,14.30,100.00,0.00
2026-05-16T00:33:02.179817,25.00,33.30,100.00,0.00
2026-05-16T00:33:02.282459,0.00,0.00,100.00,0.00
2026-05-16T00:33:02.385262,14.30,16.70,100.00,0.00
2026-05-16T00:33:02.487837,25.00,25.00,100.00,10.00
2026-05-16T00:33:02.590914,25.00,25.00,100.00,0.00
2026-05-16T00:33:02.693749,14.30,16.70,100.00,0.00
2026-05-16T00:33:02.796452,28.60,25.00,100.00,0.00
2026-05-16T00:33:02.898896,14.30,14.30,100.00,11.10
2026-05-16T00:33:03.001581,25.00,37.50,100.00,10.00
2026-05-16T00:33:03.103916,25.00,14.30,100.00,10.00
2026-05-16T00:33:03.207348,14.30,14.30,100.00,0.00
2026-05-16T00:33:03.309997,37.50,16.70,100.00,0.00
2026-05-16T00:33:03.412569,14.30,33.30,100.00,0.00
2026-05-16T00:33:03.515269,25.00,28.60,100.00,10.00
2026-05-16T00:33:03.618371,25.00,14.30,100.00,10.00
2026-05-16T00:33:03.721176,28.60,28.60,100.00,0.00
2026-05-16T00:33:03.824338,14.30,25.00,100.00,0.00
2026-05-16T00:33:03.926821,25.00,0.00,100.00,0.00
2026-05-16T00:33:04.029717,14.30,37.50,100.00,0.00
2026-05-16T00:33:04.132359,14.30,0.00,100.00,0.00
2026-05-16T00:33:04.234701,37.50,25.00,100.00,10.00
2026-05-16T00:33:04.337389,25.00,16.70,100.00,10.00
2026-05-16T00:33:04.439835,14.30,25.00,100.00,0.00
2026-05-16T00:33:04.542509,14.30,25.00,100.00,0.00
2026-05-16T00:33:04.645198,37.50,14.30,100.00,0.00
2026-05-16T00:33:04.747557,14.30,16.70,100.00,0.00
2026-05-16T00:33:04.898061,85.70,78.60,100.00,40.00
2026-05-16T00:33:05.001464,66.70,62.50,62.50,22.20
2026-05-16T00:33:05.104832,66.70,77.80,80.00,12.50
2026-05-16T00:33:05.208979,80.00,75.00,72.70,30.00
2026-05-16T00:33:05.312475,77.80,70.00,75.00,12.50
2026-05-16T00:33:05.415681,77.80,77.80,80.00,0.00
2026-05-16T00:33:05.519604,80.00,66.70,77.80,12.50
2026-05-16T00:33:05.623005,75.00,75.00,77.80,12.50
2026-05-16T00:33:05.726299,77.80,80.00,66.70,11.10
2026-05-16T00:33:05.829863,70.00,66.70,80.00,0.00
2026-05-16T00:33:05.933630,80.00,75.00,75.00,12.50
2026-05-16T00:33:06.037180,75.00,66.70,77.80,12.50
2026-05-16T00:33:06.141827,70.00,70.00,70.00,12.50
2026-05-16T00:33:06.245816,77.80,77.80,81.80,0.00
2026-05-16T00:33:06.348936,77.80,80.00,71.40,22.20
2026-05-16T00:33:06.452551,70.00,80.00,70.00,12.50
2026-05-16T00:33:06.556190,75.00,70.00,77.80,0.00
2026-05-16T00:33:06.659391,66.70,72.70,75.00,0.00
2026-05-16T00:33:06.762359,80.00,71.40,70.00,20.00
2026-05-16T00:33:06.866001,75.00,70.00,77.80,22.20
2026-05-16T00:33:06.969649,66.70,75.00,77.80,0.00
2026-05-16T00:33:07.073740,77.80,70.00,66.70,12.50
2026-05-16T00:33:07.177169,77.80,77.80,77.80,12.50
2026-05-16T00:33:07.280632,70.00,66.70,77.80,12.50
2026-05-16T00:33:07.383942,80.00,75.00,72.70,12.50
2026-05-16T00:33:07.487572,66.70,72.70,77.80,0.00
2026-05-16T00:33:07.590882,75.00,75.00,75.00,12.50
2026-05-16T00:33:07.694249,77.80,75.00,80.00,33.30
2026-05-16T00:33:07.797524,80.00,72.70,81.80,0.00
2026-05-16T00:33:07.900808,80.00,80.00,70.00,0.00
2026-05-16T00:33:08.004166,70.00,75.00,77.80,22.20
2026-05-16T00:33:08.107600,80.00,75.00,80.00,12.50
2026-05-16T00:33:08.210953,77.80,75.00,77.80,22.20
2026-05-16T00:33:08.314863,81.80,71.40,77.80,0.00
2026-05-16T00:33:08.418486,80.00,81.80,80.00,12.50
2026-05-16T00:33:08.521893,77.80,66.70,77.80,0.00
2026-05-16T00:33:08.625282,80.00,75.00,72.70,22.20
2026-05-16T00:33:08.728804,66.70,70.00,77.80,0.00
2026-05-16T00:33:08.832376,77.80,75.00,70.00,12.50
2026-05-16T00:33:08.935886,75.00,57.10,77.80,12.50
2026-05-16T00:33:09.039038,70.00,66.70,71.40,20.00
2026-05-16T00:33:09.142254,75.00,66.70,70.00,0.00
2026-05-16T00:33:09.246274,77.80,77.80,77.80,30.00
2026-05-16T00:33:09.349450,70.00,77.80,72.70,12.50
2026-05-16T00:33:09.452790,77.80,66.70,75.00,12.50
2026-05-16T00:33:09.556379,75.00,80.00,77.80,0.00
2026-05-16T00:33:09.660031,77.80,66.70,81.80,20.00
2026-05-16T00:33:09.763733,66.70,75.00,70.00,12.50
2026-05-16T00:33:09.867562,80.00,75.00,77.80,0.00
2026-05-16T00:33:09.970658,80.00,71.40,77.80,12.50
2026-05-16T00:33:10.073898,70.00,77.80,77.80,22.20
2026-05-16T00:33:10.177263,77.80,62.50,70.00,12.50
2026-05-16T00:33:10.280629,66.70,70.00,70.00,12.50
2026-05-16T00:33:10.384201,75.00,62.50,77.80,11.10
2026-05-16T00:33:10.487914,70.00,77.80,75.00,12.50
2026-05-16T00:33:10.591481,80.00,62.50,72.70,12.50
2026-05-16T00:33:10.695464,75.00,80.00,77.80,33.30
2026-05-16T00:33:10.798659,80.00,66.70,75.00,0.00
2026-05-16T00:33:10.902229,66.70,75.00,72.70,11.10
2026-05-16T00:33:11.005710,80.00,70.00,75.00,22.20
2026-05-16T00:33:11.109024,77.80,75.00,77.80,0.00
2026-05-16T00:33:11.212800,80.00,70.00,70.00,22.20
2026-05-16T00:33:11.316813,77.80,75.00,77.80,12.50
2026-05-16T00:33:11.420614,70.00,66.70,75.00,11.10
2026-05-16T00:33:11.524356,75.00,75.00,80.00,12.50
2026-05-16T00:33:11.627699,62.50,66.70,70.00,12.50
2026-05-16T00:33:11.731327,81.80,66.70,66.70,11.10
2026-05-16T00:33:11.835023,66.70,77.80,77.80,12.50
2026-05-16T00:33:11.938110,75.00,57.10,66.70,0.00
2026-05-16T00:33:12.041421,80.00,70.00,77.80,12.50
2026-05-16T00:33:12.145062,66.70,77.80,77.80,11.10
2026-05-16T00:33:12.248859,83.30,72.70,66.70,12.50
2026-05-16T00:33:12.352563,75.00,77.80,80.00,12.50
2026-05-16T00:33:12.455919,70.00,77.80,77.80,0.00
2026-05-16T00:33:12.559317,77.80,70.00,70.00,11.10
2026-05-16T00:33:12.663583,66.70,70.00,75.00,12.50
2026-05-16T00:33:12.767958,75.00,71.40,80.00,0.00
2026-05-16T00:33:12.871014,80.00,75.00,75.00,11.10
2026-05-16T00:33:12.973958,66.70,57.10,66.70,0.00
2026-05-16T00:33:13.077072,66.70,62.50,70.00,36.40
2026-05-16T00:33:13.180742,75.00,70.00,57.10,0.00
2026-05-16T00:33:13.284290,66.70,71.40,80.00,25.00
2026-05-16T00:33:13.387725,80.00,70.00,80.00,11.10
2026-05-16T00:33:13.490903,70.00,62.50,70.00,0.00
2026-05-16T00:33:13.594020,66.70,66.70,57.10,12.50
2026-05-16T00:33:13.697346,75.00,75.00,80.00,20.00
2026-05-16T00:33:13.800663,66.70,66.70,77.80,12.50
2026-05-16T00:33:13.904526,70.00,62.50,66.70,11.10
2026-05-16T00:33:14.007887,75.00,70.00,80.00,12.50
2026-05-16T00:33:14.111010,77.80,66.70,66.70,0.00
2026-05-16T00:33:14.214220,70.00,70.00,66.70,22.20
2026-05-16T00:33:14.317993,71.40,75.00,77.80,0.00
2026-05-16T00:33:14.421521,80.00,70.00,75.00,0.00
2026-05-16T00:33:14.525615,80.00,77.80,77.80,22.20
2026-05-16T00:33:14.629003,80.00,81.80,81.80,12.50
2026-05-16T00:33:14.732695,77.80,77.80,70.00,0.00
2026-05-16T00:33:14.835838,70.00,62.50,80.00,12.50
2026-05-16T00:33:14.939686,80.00,80.00,80.00,0.00
2026-05-16T00:33:15.042740,75.00,66.70,70.00,30.00
2026-05-16T00:33:15.145669,70.00,70.00,77.80,12.50
2026-05-16T00:33:15.249913,90.00,77.80,80.00,25.00
2026-05-16T00:33:15.354007,77.80,77.80,90.00,12.50
2026-05-16T00:33:15.457842,70.00,66.70,77.80,22.20
2026-05-16T00:33:15.561068,80.00,75.00,70.00,0.00
2026-05-16T00:33:15.664689,75.00,70.00,80.00,12.50
2026-05-16T00:33:15.767851,70.00,75.00,77.80,12.50
2026-05-16T00:33:15.871035,66.70,66.70,70.00,22.20
2026-05-16T00:33:15.974640,75.00,66.70,66.70,11.10
2026-05-16T00:33:16.078266,80.00,80.00,77.80,12.50
2026-05-16T00:33:16.182243,70.00,66.70,77.80,12.50
2026-05-16T00:33:16.285836,80.00,77.80,70.00,12.50
2026-05-16T00:33:16.389197,75.00,70.00,77.80,12.50
2026-05-16T00:33:16.492478,66.70,62.50,70.00,11.10
2026-05-16T00:33:16.595808,77.80,70.00,75.00,0.00
2026-05-16T00:33:16.700057,77.80,80.00,70.00,12.50
2026-05-16T00:33:16.803706,80.00,75.00,80.00,22.20
2026-05-16T00:33:16.907307,77.80,80.00,88.90,0.00
2026-05-16T00:33:17.010791,72.70,66.70,70.00,12.50
2026-05-16T00:33:17.114580,75.00,72.70,75.00,12.50
2026-05-16T00:33:17.218079,66.70,66.70,72.70,0.00
2026-05-16T00:33:17.321460,77.80,72.70,77.80,22.20
2026-05-16T00:33:17.424845,70.00,57.10,57.10,0.00
2026-05-16T00:33:17.528041,75.00,66.70,77.80,12.50
2026-05-16T00:33:17.631824,77.80,81.80,72.70,12.50
2026-05-16T00:33:17.735038,77.80,75.00,77.80,12.50
2026-05-16T00:33:17.838317,72.70,80.00,77.80,22.20
2026-05-16T00:33:17.941780,80.00,70.00,77.80,0.00
2026-05-16T00:33:18.045141,71.40,75.00,70.00,0.00
2026-05-16T00:33:18.148543,80.00,72.70,80.00,12.50
2026-05-16T00:33:18.252139,66.70,66.70,75.00,27.30
2026-05-16T00:33:18.356045,75.00,75.00,70.00,12.50
2026-05-16T00:33:18.459211,70.00,70.00,75.00,0.00
2026-05-16T00:33:18.563285,77.80,80.00,72.70,11.10
2026-05-16T00:33:18.666666,75.00,70.00,75.00,12.50
2026-05-16T00:33:18.770243,72.70,71.40,80.00,12.50
2026-05-16T00:33:18.874161,77.80,66.70,75.00,12.50
2026-05-16T00:33:18.977838,80.00,77.80,70.00,12.50
2026-05-16T00:33:19.081608,77.80,77.80,77.80,22.20
2026-05-16T00:33:19.185071,80.00,66.70,77.80,0.00
2026-05-16T00:33:19.288625,77.80,75.00,87.50,12.50
2026-05-16T00:33:19.392145,77.80,70.00,80.00,12.50
2026-05-16T00:33:19.495845,66.70,75.00,72.70,22.20
2026-05-16T00:33:19.599420,80.00,77.80,75.00,0.00
2026-05-16T00:33:19.703045,77.80,66.70,75.00,12.50
2026-05-16T00:33:19.806538,75.00,66.70,70.00,12.50
2026-05-16T00:33:19.909849,81.80,77.80,80.00,12.50
2026-05-16T00:33:20.013545,80.00,77.80,77.80,30.00
2026-05-16T00:33:20.117007,75.00,72.70,77.80,0.00
2026-05-16T00:33:20.220064,77.80,75.00,77.80,11.10
2026-05-16T00:33:20.323501,66.70,66.70,70.00,22.20
2026-05-16T00:33:20.426709,62.50,66.70,71.40,0.00
2026-05-16T00:33:20.529855,70.00,62.50,70.00,11.10
2026-05-16T00:33:20.633335,71.40,70.00,75.00,22.20
2026-05-16T00:33:20.736744,66.70,77.80,70.00,25.00
2026-05-16T00:33:20.840223,77.80,66.70,75.00,0.00
2026-05-16T00:33:20.943680,77.80,71.40,77.80,12.50
2026-05-16T00:33:21.046819,66.70,72.70,70.00,12.50
2026-05-16T00:33:21.151635,77.80,75.00,62.50,22.20
2026-05-16T00:33:21.254952,70.00,62.50,75.00,22.20
2026-05-16T00:33:21.359219,77.80,80.00,80.00,12.50
2026-05-16T00:33:21.462726,80.00,66.70,77.80,0.00
2026-05-16T00:33:21.566315,77.80,80.00,80.00,20.00
2026-05-16T00:33:21.669784,80.00,71.40,81.80,0.00
2026-05-16T00:33:21.772955,71.40,72.70,71.40,22.20
2026-05-16T00:33:21.876749,83.30,75.00,81.80,12.50
2026-05-16T00:33:21.979897,66.70,66.70,62.50,12.50
2026-05-16T00:33:22.083804,77.80,62.50,77.80,12.50
2026-05-16T00:33:22.187006,80.00,75.00,70.00,20.00
2026-05-16T00:33:22.290225,66.70,72.70,77.80,12.50
2026-05-16T00:33:22.393488,75.00,66.70,75.00,0.00
2026-05-16T00:33:22.496699,80.00,77.80,80.00,12.50
2026-05-16T00:33:22.600368,77.80,75.00,77.80,0.00
2026-05-16T00:33:22.704214,80.00,80.00,77.80,22.20
2026-05-16T00:33:22.807488,70.00,70.00,72.70,12.50
2026-05-16T00:33:22.910697,77.80,71.40,75.00,0.00
2026-05-16T00:33:23.013891,66.70,70.00,72.70,11.10
2026-05-16T00:33:23.117386,77.80,62.50,77.80,12.50
2026-05-16T00:33:23.220569,75.00,70.00,57.10,11.10
2026-05-16T00:33:23.324453,70.00,77.80,80.00,22.20
2026-05-16T00:33:23.427677,88.90,80.00,83.30,22.20
2026-05-16T00:33:23.531361,70.00,72.70,71.40,12.50
2026-05-16T00:33:23.634898,77.80,66.70,77.80,22.20
2026-05-16T00:33:23.738721,77.80,80.00,77.80,12.50
2026-05-16T00:33:23.842311,75.00,77.80,80.00,12.50
2026-05-16T00:33:23.945710,80.00,70.00,80.00,0.00
2026-05-16T00:33:24.049290,70.00,77.80,75.00,22.20
2026-05-16T00:33:24.152839,77.80,66.70,66.70,0.00
2026-05-16T00:33:24.256243,66.70,75.00,80.00,22.20
2026-05-16T00:33:24.359511,81.80,66.70,80.00,12.50
2026-05-16T00:33:24.463886,75.00,77.80,80.00,11.10
2026-05-16T00:33:24.568436,80.00,77.80,77.80,12.50
2026-05-16T00:33:24.672344,80.00,70.00,77.80,0.00
2026-05-16T00:33:24.775755,77.80,71.40,71.40,22.20
2026-05-16T00:33:24.878948,62.50,70.00,72.70,11.10
2026-05-16T00:33:24.982532,80.00,75.00,77.80,0.00
2026-05-16T00:33:25.085729,80.00,72.70,77.80,30.00
2026-05-16T00:33:25.189060,66.70,71.40,80.00,12.50
2026-05-16T00:33:25.292589,77.80,72.70,66.70,0.00
2026-05-16T00:33:25.395835,80.00,80.00,80.00,20.00
2026-05-16T00:33:25.499349,70.00,71.40,80.00,12.50
2026-05-16T00:33:25.602451,77.80,80.00,77.80,12.50
2026-05-16T00:33:25.706551,75.00,81.80,77.80,12.50
2026-05-16T00:33:25.810230,81.80,75.00,80.00,30.00
2026-05-16T00:33:25.913535,77.80,72.70,75.00,0.00
2026-05-16T00:33:26.016728,77.80,75.00,88.90,12.50
2026-05-16T00:33:26.120348,77.80,66.70,70.00,12.50
2026-05-16T00:33:26.223632,80.00,77.80,80.00,12.50
2026-05-16T00:33:26.327388,77.80,77.80,75.00,30.00
2026-05-16T00:33:26.431023,80.00,80.00,80.00,12.50
2026-05-16T00:33:26.534900,81.80,66.70,80.00,12.50
2026-05-16T00:33:26.638333,75.00,75.00,77.80,0.00
2026-05-16T00:33:26.741892,72.70,72.70,77.80,22.20
2026-05-16T00:33:26.845174,75.00,62.50,70.00,12.50
2026-05-16T00:33:26.948197,75.00,77.80,80.00,0.00
2026-05-16T00:33:27.051625,72.70,70.00,77.80,22.20
2026-05-16T00:33:27.155215,71.40,66.70,80.00,22.20
2026-05-16T00:33:27.258975,70.00,75.00,70.00,12.50
2026-05-16T00:33:27.362188,77.80,62.50,75.00,0.00
2026-05-16T00:33:27.465422,75.00,77.80,80.00,20.00
2026-05-16T00:33:27.568951,83.30,70.00,77.80,0.00
2026-05-16T00:33:27.672252,70.00,77.80,80.00,12.50
2026-05-16T00:33:27.775343,77.80,77.80,80.00,30.00
2026-05-16T00:33:27.878676,77.80,66.70,77.80,0.00
2026-05-16T00:33:27.982049,77.80,77.80,77.80,12.50
2026-05-16T00:33:28.086200,70.00,77.80,70.00,0.00
2026-05-16T00:33:28.189065,77.80,70.00,80.00,22.20
2026-05-16T00:33:28.293126,77.80,75.00,77.80,12.50
2026-05-16T00:33:28.396406,77.80,72.70,77.80,11.10
2026-05-16T00:33:28.499541,66.70,75.00,80.00,12.50
2026-05-16T00:33:28.602974,77.80,77.80,75.00,12.50
2026-05-16T00:33:28.706810,80.00,70.00,72.70,12.50
2026-05-16T00:33:28.810364,77.80,77.80,80.00,12.50
2026-05-16T00:33:28.913914,70.00,77.80,77.80,0.00
2026-05-16T00:33:29.017332,77.80,70.00,80.00,20.00
2026-05-16T00:33:29.122292,77.80,77.80,70.00,0.00
2026-05-16T00:33:29.225898,70.00,70.00,71.40,12.50
2026-05-16T00:33:29.329377,71.40,75.00,77.80,12.50
2026-05-16T00:33:29.432548,80.00,70.00,77.80,12.50
2026-05-16T00:33:29.535789,72.70,77.80,72.70,0.00
2026-05-16T00:33:29.638610,75.00,66.70,75.00,12.50
2026-05-16T00:33:29.741618,77.80,62.50,70.00,0.00
2026-05-16T00:33:29.845084,57.10,62.50,75.00,20.00
2026-05-16T00:33:29.948385,72.70,77.80,72.70,12.50
2026-05-16T00:33:30.051868,77.80,70.00,75.00,22.20
2026-05-16T00:33:30.155108,66.70,77.80,81.80,0.00
2026-05-16T00:33:30.258373,80.00,62.50,75.00,0.00
2026-05-16T00:33:30.361689,66.70,70.00,80.00,22.20
2026-05-16T00:33:30.465860,80.00,75.00,70.00,0.00
2026-05-16T00:33:30.569261,75.00,70.00,77.80,11.10
2026-05-16T00:33:30.674702,80.00,77.80,80.00,25.00
2026-05-16T00:33:30.778011,66.70,77.80,77.80,40.00
2026-05-16T00:33:30.881312,75.00,66.70,75.00,12.50
2026-05-16T00:33:30.985826,77.80,80.00,70.00,20.00
2026-05-16T00:33:31.089589,72.70,75.00,80.00,0.00
2026-05-16T00:33:31.193263,77.80,70.00,77.80,12.50
2026-05-16T00:33:31.296678,88.90,77.80,81.80,25.00
2026-05-16T00:33:31.400489,70.00,77.80,80.00,11.10
2026-05-16T00:33:31.503643,77.80,77.80,77.80,22.20
2026-05-16T00:33:31.606991,80.00,77.80,80.00,0.00
2026-05-16T00:33:31.710810,77.80,66.70,77.80,11.10
2026-05-16T00:33:31.814240,80.00,77.80,83.30,0.00
2026-05-16T00:33:31.918589,77.80,77.80,71.40,12.50
2026-05-16T00:33:32.021751,80.00,66.70,80.00,12.50
2026-05-16T00:33:32.124956,70.00,62.50,80.00,11.10
2026-05-16T00:33:32.228287,75.00,77.80,66.70,12.50
2026-05-16T00:33:32.331480,66.70,70.00,57.10,12.50
2026-05-16T00:33:32.434751,77.80,57.10,77.80,11.10
2026-05-16T00:33:32.538274,70.00,62.50,66.70,12.50
2026-05-16T00:33:32.642406,77.80,80.00,77.80,12.50
2026-05-16T00:33:32.745722,66.70,62.50,70.00,20.00
2026-05-16T00:33:32.849720,77.80,72.70,77.80,0.00
2026-05-16T00:33:32.952903,72.70,77.80,80.00,11.10
2026-05-16T00:33:33.055985,71.40,62.50,62.50,12.50
2026-05-16T00:33:33.159939,72.70,70.00,77.80,22.20
2026-05-16T00:33:33.263689,77.80,75.00,80.00,12.50
2026-05-16T00:33:33.366928,77.80,77.80,70.00,12.50
2026-05-16T00:33:33.470545,77.80,72.70,77.80,0.00
2026-05-16T00:33:33.574375,70.00,75.00,80.00,30.00
2026-05-16T00:33:33.677908,77.80,70.00,80.00,12.50
2026-05-16T00:33:33.781381,80.00,87.50,75.00,12.50
2026-05-16T00:33:33.884794,77.80,72.70,81.80,22.20
2026-05-16T00:33:33.988839,80.00,77.80,77.80,0.00
2026-05-16T00:33:34.091961,80.00,75.00,80.00,12.50
2026-05-16T00:33:34.195407,66.70,66.70,75.00,12.50
2026-05-16T00:33:34.298864,80.00,70.00,72.70,20.00
2026-05-16T00:33:34.401934,66.70,62.50,66.70,12.50
2026-05-16T00:33:34.505535,80.00,71.40,75.00,0.00
2026-05-16T00:33:34.609816,75.00,81.80,77.80,12.50
2026-05-16T00:33:34.713035,77.80,77.80,81.80,12.50
2026-05-16T00:33:34.816263,66.70,66.70,75.00,0.00
2026-05-16T00:33:34.920079,66.70,66.70,62.50,11.10
2026-05-16T00:33:35.023433,62.50,62.50,70.00,0.00
2026-05-16T00:33:35.126637,72.70,62.50,62.50,12.50
2026-05-16T00:33:35.230351,66.70,70.00,70.00,30.00
2026-05-16T00:33:35.333807,75.00,66.70,75.00,22.20
2026-05-16T00:33:35.436799,66.70,62.50,70.00,12.50
2026-05-16T00:33:35.540338,62.50,62.50,66.70,11.10
2026-05-16T00:33:35.643958,57.10,66.70,66.70,22.20
2026-05-16T00:33:35.747026,70.00,70.00,62.50,12.50
2026-05-16T00:33:35.850098,62.50,77.80,77.80,0.00
2026-05-16T00:33:35.953521,62.50,57.10,57.10,0.00
2026-05-16T00:33:36.056528,77.80,66.70,70.00,22.20
2026-05-16T00:33:36.160086,70.00,66.70,77.80,12.50
2026-05-16T00:33:36.263065,62.50,66.70,62.50,12.50
2026-05-16T00:33:36.366312,66.70,66.70,62.50,0.00
2026-05-16T00:33:36.469383,77.80,77.80,70.00,12.50
2026-05-16T00:33:36.572559,70.00,66.70,75.00,12.50
2026-05-16T00:33:36.675694,57.10,66.70,66.70,0.00
2026-05-16T00:33:36.778680,70.00,66.70,70.00,22.20
2026-05-16T00:33:36.881732,66.70,42.90,66.70,0.00
2026-05-16T00:33:36.985650,62.50,72.70,62.50,0.00
2026-05-16T00:33:37.089564,66.70,66.70,70.00,12.50
2026-05-16T00:33:37.192857,75.00,77.80,75.00,0.00
2026-05-16T00:33:37.296430,70.00,70.00,66.70,22.20
2026-05-16T00:33:37.400278,66.70,70.00,62.50,12.50
2026-05-16T00:33:37.503213,62.50,42.90,62.50,0.00
2026-05-16T00:33:37.606940,66.70,66.70,75.00,0.00
2026-05-16T00:33:37.710249,70.00,75.00,70.00,36.40
2026-05-16T00:33:37.813594,66.70,55.60,66.70,0.00
2026-05-16T00:33:37.917196,70.00,66.70,70.00,11.10
2026-05-16T00:33:38.020556,62.50,66.70,62.50,12.50
2026-05-16T00:33:38.123530,66.70,62.50,62.50,12.50
2026-05-16T00:33:38.226843,66.70,62.50,66.70,0.00
2026-05-16T00:33:38.329777,66.70,66.70,62.50,22.20
2026-05-16T00:33:38.433088,62.50,55.60,66.70,0.00
2026-05-16T00:33:38.536704,66.70,66.70,62.50,11.10
2026-05-16T00:33:38.640266,66.70,62.50,72.70,0.00
2026-05-16T00:33:38.743694,66.70,70.00,62.50,12.50
2026-05-16T00:33:38.847392,72.70,66.70,77.80,11.10
2026-05-16T00:33:38.950709,75.00,77.80,70.00,12.50
2026-05-16T00:33:39.054309,66.70,62.50,75.00,12.50
2026-05-16T00:33:39.157455,70.00,62.50,70.00,0.00
2026-05-16T00:33:39.261059,70.00,62.50,70.00,36.40
2026-05-16T00:33:39.364192,62.50,70.00,57.10,0.00
2026-05-16T00:33:39.467748,70.00,66.70,66.70,0.00
2026-05-16T00:33:39.571171,75.00,66.70,66.70,22.20
2026-05-16T00:33:39.674512,66.70,62.50,62.50,0.00
2026-05-16T00:33:39.777555,57.10,66.70,66.70,12.50
2026-05-16T00:33:39.881025,70.00,70.00,80.00,22.20
2026-05-16T00:33:39.984361,66.70,55.60,57.10,0.00
2026-05-16T00:33:40.087684,66.70,71.40,72.70,12.50
2026-05-16T00:33:40.191262,75.00,60.00,57.10,0.00
2026-05-16T00:33:40.294847,66.70,62.50,70.00,11.10
2026-05-16T00:33:40.398066,66.70,70.00,77.80,0.00
2026-05-16T00:33:40.501892,62.50,62.50,66.70,0.00
2026-05-16T00:33:40.604998,66.70,66.70,62.50,22.20
2026-05-16T00:33:40.708612,72.70,66.70,70.00,25.00
2026-05-16T00:33:40.812690,66.70,62.50,75.00,0.00
2026-05-16T00:33:40.915900,70.00,70.00,70.00,27.30
2026-05-16T00:33:41.019372,70.00,57.10,66.70,0.00
2026-05-16T00:33:41.123173,66.70,66.70,66.70,22.20
2026-05-16T00:33:41.226381,70.00,66.70,77.80,12.50
2026-05-16T00:33:41.329471,66.70,70.00,72.70,0.00
2026-05-16T00:33:41.432726,71.40,66.70,62.50,22.20
2026-05-16T00:33:41.535945,60.00,62.50,62.50,0.00
2026-05-16T00:33:41.639246,75.00,57.10,62.50,11.10
2026-05-16T00:33:41.742282,66.70,62.50,70.00,0.00
2026-05-16T00:33:41.846484,57.10,63.60,66.70,22.20
2026-05-16T00:33:41.949912,70.00,66.70,80.00,0.00
2026-05-16T00:33:42.053785,66.70,62.50,62.50,0.00
2026-05-16T00:33:42.156690,62.50,66.70,66.70,12.50
2026-05-16T00:33:42.260144,62.50,62.50,66.70,11.10
2026-05-16T00:33:42.363905,70.00,62.50,70.00,0.00
2026-05-16T00:33:42.466954,75.00,62.50,71.40,12.50
2026-05-16T00:33:42.570153,66.70,62.50,66.70,0.00
2026-05-16T00:33:42.673752,57.10,60.00,66.70,12.50
2026-05-16T00:33:42.777258,70.00,66.70,66.70,11.10
2026-05-16T00:33:42.880486,62.50,66.70,75.00,12.50
2026-05-16T00:33:42.983499,66.70,62.50,66.70,0.00
2026-05-16T00:33:43.086488,66.70,62.50,66.70,11.10
2026-05-16T00:33:43.189495,75.00,66.70,62.50,12.50
2026-05-16T00:33:43.292709,62.50,62.50,70.00,22.20
2026-05-16T00:33:43.395957,72.70,77.80,75.00,30.00
2026-05-16T00:33:43.498818,62.50,66.70,62.50,0.00
2026-05-16T00:33:43.601785,77.80,66.70,66.70,0.00
2026-05-16T00:33:43.705070,57.10,66.70,75.00,11.10
2026-05-16T00:33:43.808538,66.70,66.70,70.00,12.50
2026-05-16T00:33:43.911516,66.70,70.00,62.50,22.20
2026-05-16T00:33:44.015416,72.70,62.50,70.00,0.00
2026-05-16T00:33:44.118914,62.50,62.50,66.70,12.50
2026-05-16T00:33:44.222104,70.00,66.70,70.00,22.20
2026-05-16T00:33:44.325250,66.70,55.60,66.70,0.00
2026-05-16T00:33:44.428659,57.10,66.70,62.50,12.50
2026-05-16T00:33:44.532576,72.70,66.70,75.00,0.00
2026-05-16T00:33:44.635588,57.10,62.50,66.70,0.00
2026-05-16T00:33:44.739541,62.50,70.00,70.00,11.10
2026-05-16T00:33:44.842951,80.00,62.50,66.70,12.50
2026-05-16T00:33:44.946238,62.50,66.70,66.70,0.00
2026-05-16T00:33:45.049800,66.70,66.70,71.40,11.10
2026-05-16T00:33:45.153239,70.00,72.70,72.70,25.00
2026-05-16T00:33:45.256316,62.50,62.50,62.50,12.50
2026-05-16T00:33:45.359386,62.50,66.70,66.70,20.00
2026-05-16T00:33:45.462839,62.50,57.10,62.50,12.50
2026-05-16T00:33:45.566320,75.00,72.70,75.00,11.10
2026-05-16T00:33:45.669252,66.70,66.70,72.70,0.00
2026-05-16T00:33:45.772884,66.70,66.70,75.00,22.20
2026-05-16T00:33:45.875995,62.50,66.70,70.00,11.10
2026-05-16T00:33:45.978999,70.00,66.70,66.70,12.50
2026-05-16T00:33:46.082194,62.50,66.70,66.70,0.00
2026-05-16T00:33:46.185668,66.70,62.50,75.00,12.50
2026-05-16T00:33:46.289054,62.50,60.00,70.00,12.50
2026-05-16T00:33:46.392189,66.70,66.70,57.10,11.10
2026-05-16T00:33:46.495973,70.00,66.70,66.70,12.50
2026-05-16T00:33:46.599718,66.70,62.50,66.70,0.00
2026-05-16T00:33:46.703988,66.70,66.70,71.40,12.50
2026-05-16T00:33:46.807541,62.50,66.70,60.00,0.00
2026-05-16T00:33:46.910969,75.00,70.00,77.80,0.00
2026-05-16T00:33:47.014537,60.00,70.00,66.70,11.10
2026-05-16T00:33:47.117907,57.10,55.60,66.70,22.20
2026-05-16T00:33:47.221338,70.00,66.70,66.70,11.10
2026-05-16T00:33:47.324691,75.00,62.50,66.70,0.00
2026-05-16T00:33:47.428195,70.00,66.70,66.70,22.20
2026-05-16T00:33:47.531523,62.50,57.10,70.00,11.10
2026-05-16T00:33:47.635151,66.70,57.10,62.50,11.10
2026-05-16T00:33:47.738503,66.70,66.70,66.70,25.00
2026-05-16T00:33:47.841621,66.70,57.10,57.10,0.00
2026-05-16T00:33:47.944514,62.50,66.70,70.00,12.50
2026-05-16T00:33:48.048022,70.00,66.70,66.70,0.00
2026-05-16T00:33:48.151060,62.50,66.70,62.50,12.50
2026-05-16T00:33:48.254883,66.70,62.50,75.00,22.20
2026-05-16T00:33:48.358037,66.70,70.00,66.70,11.10
2026-05-16T00:33:48.461430,66.70,57.10,70.00,0.00
2026-05-16T00:33:48.565479,75.00,66.70,72.70,20.00
2026-05-16T00:33:48.669622,72.70,62.50,71.40,0.00
2026-05-16T00:33:48.773224,62.50,70.00,66.70,12.50
2026-05-16T00:33:48.876326,70.00,62.50,70.00,11.10
2026-05-16T00:33:48.979340,71.40,70.00,66.70,0.00
2026-05-16T00:33:49.082806,62.50,62.50,62.50,30.00
2026-05-16T00:33:49.185831,60.00,50.00,62.50,0.00
2026-05-16T00:33:49.289536,70.00,62.50,66.70,12.50
2026-05-16T00:33:49.393051,66.70,70.00,70.00,20.00
2026-05-16T00:33:49.496384,70.00,66.70,62.50,12.50
2026-05-16T00:33:49.599546,62.50,70.00,77.80,0.00
2026-05-16T00:33:49.703023,66.70,57.10,70.00,11.10
2026-05-16T00:33:49.805579,44.40,50.00,42.90,0.00
2026-05-16T00:33:49.908041,0.00,12.50,22.20,10.00
2026-05-16T00:33:50.010608,22.20,12.50,0.00,0.00
2026-05-16T00:33:50.112986,0.00,0.00,0.00,0.00
2026-05-16T00:33:50.215541,12.50,22.20,12.50,0.00
2026-05-16T00:33:50.318128,12.50,12.50,12.50,0.00
2026-05-16T00:33:50.420951,12.50,22.20,14.30,10.00
2026-05-16T00:33:50.523451,0.00,0.00,12.50,0.00
2026-05-16T00:33:50.625997,14.30,0.00,12.50,0.00
2026-05-16T00:33:50.728626,12.50,12.50,14.30,22.20
2026-05-16T00:33:50.830988,22.20,12.50,12.50,10.00
2026-05-16T00:33:50.933514,14.30,12.50,12.50,10.00
2026-05-16T00:33:51.036203,12.50,0.00,12.50,0.00
2026-05-16T00:33:51.138443,12.50,22.20,14.30,0.00
2026-05-16T00:33:51.240733,14.30,22.20,22.20,0.00
2026-05-16T00:33:51.343132,0.00,0.00,0.00,0.00
2026-05-16T00:33:51.445888,22.20,12.50,0.00,0.00
2026-05-16T00:33:51.548674,0.00,12.50,22.20,20.00
2026-05-16T00:33:51.651727,25.00,12.50,12.50,0.00
2026-05-16T00:33:51.754383,12.50,12.50,0.00,0.00
2026-05-16T00:33:51.918415,30.80,25.00,42.90,14.30
2026-05-16T00:33:52.020957,14.30,16.70,100.00,10.00
2026-05-16T00:33:52.123712,14.30,25.00,100.00,0.00
2026-05-16T00:33:52.226338,25.00,14.30,100.00,0.00
2026-05-16T00:33:52.328738,25.00,25.00,100.00,0.00
2026-05-16T00:33:52.432094,0.00,14.30,100.00,11.10
2026-05-16T00:33:52.535323,14.30,14.30,100.00,0.00
2026-05-16T00:33:52.637960,14.30,0.00,100.00,0.00
2026-05-16T00:33:52.740733,25.00,25.00,100.00,0.00
2026-05-16T00:33:52.843273,25.00,33.30,100.00,0.00
2026-05-16T00:33:52.945681,25.00,16.70,100.00,0.00
2026-05-16T00:33:53.048153,14.30,0.00,100.00,0.00
2026-05-16T00:33:53.150611,25.00,33.30,100.00,18.20
2026-05-16T00:33:53.253251,0.00,16.70,100.00,0.00
2026-05-16T00:33:53.355633,25.00,14.30,100.00,10.00
2026-05-16T00:33:53.458215,14.30,14.30,100.00,0.00
2026-05-16T00:33:53.560538,33.30,28.60,100.00,10.00
2026-05-16T00:33:53.663499,0.00,25.00,100.00,0.00
2026-05-16T00:33:53.765953,25.00,14.30,100.00,10.00
2026-05-16T00:33:53.868577,28.60,16.70,100.00,0.00
2026-05-16T00:33:53.971202,14.30,14.30,100.00,0.00
2026-05-16T00:33:54.073791,25.00,25.00,100.00,0.00
2026-05-16T00:33:54.176191,14.30,0.00,100.00,20.00
2026-05-16T00:33:54.278507,14.30,25.00,100.00,10.00
2026-05-16T00:33:54.380915,25.00,25.00,100.00,0.00
2026-05-16T00:33:54.483665,14.30,0.00,100.00,0.00
2026-05-16T00:33:54.585730,25.00,28.60,100.00,0.00
2026-05-16T00:33:54.688325,14.30,14.30,100.00,0.00
2026-05-16T00:33:54.790694,25.00,25.00,100.00,0.00
2026-05-16T00:33:54.893458,25.00,14.30,100.00,0.00
2026-05-16T00:33:54.996211,25.00,14.30,100.00,10.00
2026-05-16T00:33:55.098963,28.60,28.60,100.00,0.00
2026-05-16T00:33:55.201559,14.30,14.30,100.00,0.00
2026-05-16T00:33:55.304212,14.30,25.00,100.00,11.10
2026-05-16T00:33:55.406647,25.00,14.30,100.00,10.00
2026-05-16T00:33:55.509412,25.00,14.30,100.00,0.00
2026-05-16T00:33:55.611916,0.00,28.60,100.00,18.20
2026-05-16T00:33:55.714434,25.00,14.30,100.00,0.00
2026-05-16T00:33:55.817025,28.60,25.00,100.00,0.00
2026-05-16T00:33:55.919646,33.30,28.60,100.00,10.00
2026-05-16T00:33:56.022061,14.30,0.00,100.00,0.00
2026-05-16T00:33:56.124686,0.00,25.00,100.00,0.00
2026-05-16T00:33:56.227199,25.00,16.70,100.00,10.00
2026-05-16T00:33:56.329722,14.30,33.30,100.00,0.00
2026-05-16T00:33:56.432563,25.00,0.00,100.00,10.00
2026-05-16T00:33:56.535226,25.00,28.60,100.00,0.00
2026-05-16T00:33:56.637732,0.00,25.00,100.00,0.00
2026-05-16T00:33:56.740062,25.00,28.60,100.00,0.00
2026-05-16T00:33:56.842716,14.30,14.30,100.00,0.00
2026-05-16T00:33:56.945016,33.30,14.30,100.00,18.20
2026-05-16T00:33:57.047503,14.30,14.30,100.00,0.00
2026-05-16T00:33:57.150024,14.30,14.30,100.00,0.00
2026-05-16T00:33:57.252513,0.00,28.60,100.00,0.00
2026-05-16T00:33:57.354828,33.30,0.00,100.00,0.00
2026-05-16T00:33:57.457559,16.70,28.60,100.00,10.00
2026-05-16T00:33:57.559801,25.00,25.00,100.00,0.00
2026-05-16T00:33:57.662675,25.00,14.30,100.00,0.00
2026-05-16T00:33:57.765611,14.30,14.30,100.00,0.00
2026-05-16T00:33:57.868353,33.30,28.60,100.00,10.00
2026-05-16T00:33:57.971177,14.30,0.00,100.00,0.00
2026-05-16T00:33:58.073692,25.00,0.00,100.00,10.00
2026-05-16T00:33:58.176434,28.60,37.50,100.00,0.00
2026-05-16T00:33:58.278736,0.00,14.30,100.00,0.00
2026-05-16T00:33:58.381580,25.00,25.00,100.00,10.00
2026-05-16T00:33:58.484017,14.30,14.30,100.00,0.00
2026-05-16T00:33:58.586541,25.00,16.70,100.00,0.00
2026-05-16T00:33:58.689216,25.00,25.00,100.00,0.00
2026-05-16T00:33:58.791773,28.60,16.70,100.00,10.00
2026-05-16T00:33:58.893978,0.00,0.00,100.00,18.20
2026-05-16T00:33:58.996462,14.30,33.30,100.00,0.00
2026-05-16T00:33:59.098965,25.00,0.00,100.00,0.00
2026-05-16T00:33:59.201574,16.70,25.00,100.00,0.00
2026-05-16T00:33:59.304250,33.30,28.60,100.00,11.10
2026-05-16T00:33:59.406902,25.00,14.30,100.00,10.00
2026-05-16T00:33:59.509387,14.30,14.30,100.00,0.00
2026-05-16T00:33:59.611751,0.00,25.00,100.00,0.00
2026-05-16T00:33:59.971929,58.60,55.20,100.00,57.10
2026-05-16T00:34:00.077343,16.70,28.60,100.00,100.00
2026-05-16T00:34:00.183053,28.60,42.90,100.00,100.00
2026-05-16T00:34:00.287886,14.30,44.40,100.00,100.00
2026-05-16T00:34:00.392257,37.50,28.60,100.00,100.00
2026-05-16T00:34:00.497333,25.00,37.50,100.00,100.00
2026-05-16T00:34:00.602819,28.60,20.00,100.00,100.00
2026-05-16T00:34:00.707585,14.30,37.50,100.00,100.00
2026-05-16T00:34:00.811528,44.40,42.90,100.00,100.00
2026-05-16T00:34:00.915876,14.30,14.30,100.00,100.00
2026-05-16T00:34:01.021403,28.60,42.90,100.00,100.00
2026-05-16T00:34:01.126249,25.00,37.50,100.00,100.00
2026-05-16T00:34:01.231553,16.70,28.60,100.00,100.00
2026-05-16T00:34:01.336282,33.30,28.60,100.00,100.00
2026-05-16T00:34:01.440318,37.50,28.60,100.00,100.00
2026-05-16T00:34:01.545593,25.00,28.60,100.00,100.00
2026-05-16T00:34:01.650180,28.60,28.60,100.00,100.00
2026-05-16T00:34:01.754708,25.00,25.00,100.00,100.00
2026-05-16T00:34:01.859734,25.00,28.60,100.00,100.00
2026-05-16T00:34:01.964742,37.50,16.70,100.00,100.00
2026-05-16T00:34:02.068938,40.00,33.30,100.00,100.00
2026-05-16T00:34:02.174394,25.00,28.60,100.00,100.00
2026-05-16T00:34:02.279212,37.50,16.70,100.00,100.00
2026-05-16T00:34:02.383744,14.30,25.00,100.00,100.00
2026-05-16T00:34:02.487730,14.30,16.70,100.00,100.00
2026-05-16T00:34:02.592828,33.30,25.00,100.00,100.00
2026-05-16T00:34:02.697380,25.00,37.50,100.00,100.00
2026-05-16T00:34:02.801933,25.00,14.30,100.00,100.00
2026-05-16T00:34:02.906443,25.00,28.60,100.00,100.00
2026-05-16T00:34:03.010711,0.00,25.00,100.00,100.00
2026-05-16T00:34:03.114837,25.00,25.00,100.00,100.00
2026-05-16T00:34:03.219459,25.00,28.60,100.00,100.00
2026-05-16T00:34:03.323998,25.00,25.00,100.00,100.00
2026-05-16T00:34:03.428406,25.00,16.70,100.00,100.00
2026-05-16T00:34:03.532447,33.30,14.30,100.00,100.00
2026-05-16T00:34:03.637220,25.00,37.50,100.00,100.00
2026-05-16T00:34:03.741755,14.30,28.60,100.00,100.00
2026-05-16T00:34:03.846396,25.00,14.30,100.00,100.00
2026-05-16T00:34:03.951080,33.30,14.30,100.00,100.00
2026-05-16T00:34:04.057036,14.30,28.60,100.00,100.00
2026-05-16T00:34:04.161198,25.00,25.00,100.00,100.00
2026-05-16T00:34:04.266149,0.00,28.60,100.00,100.00
2026-05-16T00:34:04.371914,25.00,25.00,100.00,100.00
2026-05-16T00:34:04.476464,25.00,28.60,100.00,100.00
2026-05-16T00:34:04.581399,22.20,25.00,100.00,100.00
2026-05-16T00:34:04.686118,14.30,25.00,100.00,100.00
2026-05-16T00:34:04.789708,33.30,14.30,100.00,100.00
2026-05-16T00:34:04.893093,10.00,0.00,100.00,100.00
2026-05-16T00:34:04.996500,18.20,0.00,100.00,100.00
2026-05-16T00:34:05.100117,20.00,25.00,100.00,100.00
2026-05-16T00:34:05.203657,18.20,0.00,100.00,100.00
2026-05-16T00:34:05.307015,10.00,0.00,100.00,100.00
2026-05-16T00:34:05.410682,10.00,0.00,100.00,100.00
2026-05-16T00:34:05.514432,10.00,10.00,100.00,100.00
2026-05-16T00:34:05.618173,27.30,11.10,100.00,100.00
2026-05-16T00:34:05.721644,10.00,0.00,100.00,100.00
2026-05-16T00:34:05.827887,10.00,11.10,100.00,100.00
2026-05-16T00:34:05.931695,20.00,11.10,100.00,100.00
2026-05-16T00:34:06.035084,10.00,10.00,100.00,100.00
2026-05-16T00:34:06.138785,11.10,20.00,100.00,100.00
2026-05-16T00:34:06.242704,18.20,0.00,100.00,100.00
2026-05-16T00:34:06.346520,10.00,0.00,100.00,100.00
2026-05-16T00:34:06.450443,18.20,10.00,100.00,100.00
2026-05-16T00:34:06.554294,10.00,10.00,100.00,100.00
2026-05-16T00:34:06.657748,11.10,0.00,100.00,100.00
2026-05-16T00:34:06.761342,18.20,0.00,100.00,100.00
2026-05-16T00:34:06.864801,10.00,0.00,100.00,100.00
2026-05-16T00:34:06.968391,11.10,10.00,100.00,100.00
2026-05-16T00:34:07.071820,10.00,0.00,100.00,100.00
2026-05-16T00:34:07.175974,18.20,0.00,100.00,100.00
2026-05-16T00:34:07.280041,11.10,20.00,100.00,100.00
2026-05-16T00:34:07.383912,10.00,0.00,100.00,100.00
2026-05-16T00:34:07.487725,10.00,11.10,100.00,100.00
2026-05-16T00:34:07.591567,10.00,11.10,100.00,100.00
2026-05-16T00:34:07.695729,20.00,11.10,100.00,100.00
2026-05-16T00:34:07.799371,10.00,0.00,100.00,100.00
2026-05-16T00:34:07.902640,10.00,0.00,100.00,100.00
2026-05-16T00:34:08.006100,10.00,0.00,100.00,100.00
2026-05-16T00:34:08.109825,20.00,11.10,100.00,100.00
2026-05-16T00:34:08.213853,25.00,10.00,100.00,100.00
2026-05-16T00:34:08.317688,10.00,0.00,100.00,100.00
2026-05-16T00:34:08.421241,10.00,0.00,100.00,100.00
2026-05-16T00:34:08.524727,10.00,0.00,100.00,100.00
2026-05-16T00:34:08.628306,11.10,0.00,100.00,100.00
2026-05-16T00:34:08.731837,10.00,10.00,100.00,100.00
2026-05-16T00:34:08.835314,18.20,10.00,100.00,100.00
2026-05-16T00:34:08.938653,18.20,0.00,100.00,100.00
2026-05-16T00:34:09.042315,10.00,10.00,100.00,100.00
2026-05-16T00:34:09.145675,20.00,0.00,100.00,100.00
2026-05-16T00:34:09.249319,18.20,10.00,100.00,100.00
2026-05-16T00:34:09.352617,18.20,0.00,100.00,100.00
2026-05-16T00:34:09.455848,0.00,0.00,100.00,100.00
2026-05-16T00:34:09.559556,18.20,10.00,100.00,100.00
2026-05-16T00:34:09.663482,10.00,20.00,100.00,100.00
2026-05-16T00:34:09.767209,11.10,0.00,100.00,100.00
2026-05-16T00:34:09.870938,10.00,0.00,100.00,100.00
2026-05-16T00:34:09.974674,25.00,0.00,100.00,100.00
2026-05-16T00:34:10.078700,10.00,10.00,100.00,100.00
2026-05-16T00:34:10.182325,11.10,11.10,100.00,100.00
2026-05-16T00:34:10.286375,25.00,0.00,100.00,100.00
2026-05-16T00:34:10.390045,18.20,0.00,100.00,100.00
2026-05-16T00:34:10.494234,10.00,10.00,100.00,100.00
2026-05-16T00:34:10.597959,10.00,18.20,100.00,100.00
2026-05-16T00:34:10.701506,10.00,0.00,100.00,100.00
2026-05-16T00:34:10.805023,11.10,20.00,100.00,100.00
2026-05-16T00:34:10.908662,10.00,0.00,100.00,100.00
2026-05-16T00:34:11.012220,20.00,0.00,100.00,100.00
2026-05-16T00:34:11.116699,18.20,18.20,100.00,100.00
2026-05-16T00:34:11.220477,10.00,0.00,100.00,100.00
2026-05-16T00:34:11.324598,10.00,0.00,100.00,100.00
2026-05-16T00:34:11.428280,20.00,0.00,100.00,100.00
2026-05-16T00:34:11.532570,27.30,20.00,100.00,100.00
2026-05-16T00:34:11.636222,18.20,0.00,100.00,100.00
2026-05-16T00:34:11.739735,20.00,0.00,100.00,100.00
2026-05-16T00:34:11.843195,10.00,11.10,100.00,100.00
2026-05-16T00:34:11.946411,20.00,10.00,100.00,100.00
2026-05-16T00:34:12.049810,18.20,11.10,100.00,100.00
2026-05-16T00:34:12.153369,11.10,20.00,100.00,100.00
2026-05-16T00:34:12.257549,25.00,0.00,100.00,100.00
2026-05-16T00:34:12.360933,20.00,27.30,100.00,100.00
2026-05-16T00:34:12.464290,18.20,0.00,100.00,100.00
2026-05-16T00:34:12.567868,11.10,0.00,100.00,100.00
2026-05-16T00:34:12.671369,25.00,10.00,100.00,100.00
2026-05-16T00:34:12.774955,11.10,11.10,100.00,100.00
2026-05-16T00:34:12.878816,18.20,11.10,100.00,100.00
2026-05-16T00:34:12.982495,20.00,10.00,100.00,100.00
2026-05-16T00:34:13.086040,18.20,11.10,100.00,100.00
2026-05-16T00:34:13.189577,25.00,11.10,100.00,100.00
2026-05-16T00:34:13.292914,20.00,11.10,100.00,100.00
2026-05-16T00:34:13.396505,18.20,11.10,100.00,100.00
2026-05-16T00:34:13.499869,20.00,10.00,100.00,100.00
2026-05-16T00:34:13.603309,18.20,0.00,100.00,100.00
2026-05-16T00:34:13.706581,27.30,20.00,100.00,100.00
2026-05-16T00:34:13.809892,18.20,0.00,100.00,100.00
2026-05-16T00:34:13.913436,27.30,0.00,100.00,100.00
2026-05-16T00:34:14.016948,18.20,20.00,100.00,100.00
2026-05-16T00:34:14.120732,20.00,0.00,100.00,100.00
2026-05-16T00:34:14.224280,10.00,20.00,100.00,100.00
2026-05-16T00:34:14.327568,18.20,0.00,100.00,100.00
2026-05-16T00:34:14.430822,18.20,11.10,100.00,100.00
2026-05-16T00:34:14.534231,20.00,10.00,100.00,100.00
2026-05-16T00:34:14.637670,0.00,11.10,100.00,100.00
2026-05-16T00:34:14.741054,18.20,0.00,100.00,100.00
2026-05-16T00:34:14.844656,11.10,11.10,100.00,100.00
2026-05-16T00:34:14.947918,30.80,18.20,100.00,100.00
2026-05-16T00:34:15.051488,20.00,0.00,100.00,100.00
2026-05-16T00:34:15.154921,10.00,11.10,100.00,100.00
2026-05-16T00:34:15.258300,27.30,0.00,100.00,100.00
2026-05-16T00:34:15.361693,18.20,20.00,100.00,100.00
2026-05-16T00:34:15.465079,20.00,18.20,100.00,100.00
2026-05-16T00:34:15.568514,18.20,0.00,100.00,100.00
2026-05-16T00:34:15.671971,20.00,0.00,100.00,100.00
2026-05-16T00:34:15.775689,27.30,11.10,100.00,100.00
2026-05-16T00:34:15.879180,18.20,0.00,100.00,100.00
2026-05-16T00:34:15.982612,20.00,20.00,100.00,100.00
2026-05-16T00:34:16.086105,18.20,10.00,100.00,100.00
2026-05-16T00:34:16.189726,25.00,11.10,100.00,100.00
2026-05-16T00:34:16.293041,0.00,0.00,100.00,100.00
2026-05-16T00:34:16.396416,30.00,0.00,100.00,100.00
2026-05-16T00:34:16.499632,30.80,0.00,100.00,100.00
2026-05-16T00:34:16.602852,10.00,10.00,100.00,100.00
2026-05-16T00:34:16.706195,11.10,0.00,100.00,100.00
2026-05-16T00:34:16.809433,18.20,10.00,100.00,100.00
2026-05-16T00:34:16.912753,18.20,11.10,100.00,100.00
2026-05-16T00:34:17.015928,10.00,0.00,100.00,100.00
2026-05-16T00:34:17.119280,11.10,0.00,100.00,100.00
2026-05-16T00:34:17.223224,18.20,11.10,100.00,100.00
2026-05-16T00:34:17.326619,10.00,0.00,100.00,100.00
2026-05-16T00:34:17.430122,11.10,0.00,100.00,100.00
2026-05-16T00:34:17.533595,10.00,11.10,100.00,100.00
2026-05-16T00:34:17.636878,25.00,0.00,100.00,100.00
2026-05-16T00:34:17.740529,10.00,20.00,100.00,100.00
2026-05-16T00:34:17.844060,20.00,0.00,100.00,100.00
2026-05-16T00:34:17.947523,18.20,10.00,100.00,100.00
2026-05-16T00:34:18.050802,10.00,10.00,100.00,100.00
2026-05-16T00:34:18.154236,25.00,0.00,100.00,100.00
2026-05-16T00:34:18.257588,10.00,10.00,100.00,100.00
2026-05-16T00:34:18.360968,11.10,0.00,100.00,100.00
2026-05-16T00:34:18.464505,10.00,10.00,100.00,100.00
2026-05-16T00:34:18.568045,25.00,0.00,100.00,100.00
2026-05-16T00:34:18.671504,10.00,0.00,100.00,100.00
2026-05-16T00:34:18.774792,20.00,11.10,100.00,100.00
2026-05-16T00:34:18.878045,10.00,10.00,100.00,100.00
2026-05-16T00:34:18.981289,27.30,0.00,100.00,100.00
2026-05-16T00:34:19.084564,10.00,0.00,100.00,100.00
2026-05-16T00:34:19.187983,18.20,0.00,100.00,100.00
2026-05-16T00:34:19.291722,11.10,11.10,100.00,100.00
2026-05-16T00:34:19.395003,18.20,10.00,100.00,100.00
2026-05-16T00:34:19.498438,10.00,0.00,100.00,100.00
2026-05-16T00:34:19.601776,10.00,11.10,100.00,100.00
2026-05-16T00:34:19.705221,20.00,0.00,100.00,100.00
2026-05-16T00:34:19.810712,22.20,22.20,100.00,100.00
2026-05-16T00:34:19.915850,60.00,57.10,100.00,100.00
2026-05-16T00:34:20.020553,57.10,62.50,100.00,100.00
2026-05-16T00:34:20.126231,55.60,55.60,100.00,100.00
2026-05-16T00:34:20.234130,66.70,62.50,100.00,100.00
2026-05-16T00:34:20.340866,50.00,62.50,100.00,100.00
2026-05-16T00:34:20.445930,62.50,66.70,100.00,100.00
2026-05-16T00:34:20.551015,55.60,62.50,100.00,100.00
2026-05-16T00:34:20.656190,50.00,62.50,100.00,100.00
2026-05-16T00:34:20.762036,72.70,55.60,100.00,100.00
2026-05-16T00:34:20.867511,62.50,62.50,100.00,100.00
2026-05-16T00:34:20.973206,50.00,62.50,100.00,100.00
2026-05-16T00:34:21.077565,62.50,50.00,100.00,100.00
2026-05-16T00:34:21.182025,50.00,57.10,100.00,100.00
2026-05-16T00:34:21.288254,66.70,70.00,100.00,100.00
2026-05-16T00:34:21.396472,70.00,80.00,100.00,100.00
2026-05-16T00:34:21.502017,75.00,66.70,100.00,100.00
2026-05-16T00:34:21.606849,63.60,62.50,100.00,100.00
2026-05-16T00:34:21.714223,62.50,75.00,100.00,100.00
2026-05-16T00:34:21.823375,60.00,70.00,100.00,100.00
2026-05-16T00:34:21.927940,42.90,66.70,100.00,100.00
2026-05-16T00:34:22.033656,62.50,66.70,100.00,100.00
2026-05-16T00:34:22.146727,60.00,57.10,100.00,100.00
2026-05-16T00:34:22.252037,57.10,66.70,100.00,100.00
2026-05-16T00:34:22.355924,60.00,62.50,100.00,100.00
2026-05-16T00:34:22.461798,57.10,57.10,100.00,100.00
2026-05-16T00:34:22.566893,72.70,55.60,100.00,100.00
2026-05-16T00:34:22.670934,57.10,62.50,100.00,100.00
2026-05-16T00:34:22.775320,42.90,62.50,100.00,100.00
2026-05-16T00:34:22.879865,60.00,62.50,100.00,100.00
2026-05-16T00:34:22.984334,57.10,62.50,100.00,100.00
2026-05-16T00:34:23.090531,55.60,62.50,100.00,100.00
2026-05-16T00:34:23.195226,70.00,62.50,100.00,100.00
2026-05-16T00:34:23.301274,57.10,66.70,100.00,100.00
2026-05-16T00:34:23.406231,70.00,77.80,100.00,100.00
2026-05-16T00:34:23.511675,66.70,70.00,100.00,100.00
2026-05-16T00:34:23.618593,77.80,75.00,100.00,100.00
2026-05-16T00:34:23.722652,70.00,66.70,100.00,100.00
2026-05-16T00:34:23.828698,55.60,66.70,100.00,100.00
2026-05-16T00:34:23.935512,57.10,62.50,100.00,100.00
2026-05-16T00:34:24.041534,70.00,63.60,100.00,100.00
2026-05-16T00:34:24.146247,50.00,57.10,100.00,100.00
2026-05-16T00:34:24.252051,62.50,66.70,100.00,100.00
2026-05-16T00:34:24.357210,66.70,57.10,100.00,100.00
2026-05-16T00:34:24.462989,66.70,66.70,100.00,100.00
2026-05-16T00:34:24.566894,75.00,62.50,100.00,100.00
2026-05-16T00:34:24.672743,62.50,71.40,100.00,100.00
2026-05-16T00:34:24.777930,60.00,55.60,100.00,100.00
2026-05-16T00:34:24.883618,66.70,70.00,100.00,100.00
2026-05-16T00:34:24.987434,62.50,62.50,100.00,100.00
2026-05-16T00:34:25.093642,66.70,70.00,100.00,100.00
2026-05-16T00:34:25.199729,66.70,75.00,100.00,100.00
2026-05-16T00:34:25.304190,77.80,70.00,100.00,100.00
2026-05-16T00:34:25.410324,66.70,75.00,100.00,100.00
2026-05-16T00:34:25.514497,62.50,62.50,100.00,100.00
2026-05-16T00:34:25.620044,55.60,62.50,100.00,100.00
2026-05-16T00:34:25.726069,66.70,55.60,100.00,100.00
2026-05-16T00:34:25.832218,50.00,66.70,100.00,100.00
2026-05-16T00:34:25.936755,66.70,55.60,100.00,100.00
2026-05-16T00:34:26.041541,66.70,62.50,100.00,100.00
2026-05-16T00:34:26.147931,66.70,75.00,100.00,100.00
2026-05-16T00:34:26.252891,66.70,66.70,100.00,100.00
2026-05-16T00:34:26.359877,70.00,66.70,100.00,100.00
2026-05-16T00:34:26.465223,71.40,75.00,100.00,100.00
2026-05-16T00:34:26.570851,70.00,70.00,100.00,100.00
2026-05-16T00:34:26.675328,62.50,66.70,100.00,100.00
2026-05-16T00:34:26.782264,50.00,62.50,100.00,100.00
2026-05-16T00:34:26.887932,62.50,50.00,100.00,100.00
2026-05-16T00:34:26.993624,62.50,66.70,100.00,100.00
2026-05-16T00:34:27.099336,55.60,50.00,100.00,100.00
2026-05-16T00:34:27.204050,62.50,62.50,100.00,100.00
2026-05-16T00:34:27.309385,66.70,66.70,100.00,100.00
2026-05-16T00:34:27.416247,55.60,77.80,100.00,100.00
2026-05-16T00:34:27.522323,70.00,66.70,100.00,100.00
2026-05-16T00:34:27.629901,66.70,66.70,100.00,100.00
2026-05-16T00:34:27.734700,66.70,57.10,100.00,100.00
2026-05-16T00:34:27.839311,66.70,62.50,100.00,100.00
2026-05-16T00:34:27.946344,62.50,62.50,100.00,100.00
2026-05-16T00:34:28.050209,70.00,70.00,100.00,100.00
2026-05-16T00:34:28.154683,77.80,57.10,100.00,100.00
2026-05-16T00:34:28.259456,62.50,66.70,100.00,100.00
2026-05-16T00:34:28.365736,66.70,62.50,100.00,100.00
2026-05-16T00:34:28.471227,50.00,57.10,100.00,100.00
2026-05-16T00:34:28.576470,70.00,50.00,100.00,100.00
2026-05-16T00:34:28.683025,57.10,62.50,100.00,100.00
2026-05-16T00:34:28.787360,55.60,55.60,100.00,100.00
2026-05-16T00:34:28.892602,62.50,62.50,100.00,100.00
2026-05-16T00:34:28.997365,60.00,66.70,100.00,100.00
2026-05-16T00:34:29.102730,50.00,62.50,100.00,100.00
2026-05-16T00:34:29.207843,62.50,55.60,100.00,100.00
2026-05-16T00:34:29.313331,66.70,75.00,100.00,100.00
2026-05-16T00:34:29.417703,57.10,42.90,100.00,100.00
2026-05-16T00:34:29.522837,60.00,62.50,100.00,100.00
2026-05-16T00:34:29.629523,71.40,66.70,100.00,100.00
2026-05-16T00:34:29.733957,60.00,62.50,100.00,100.00
2026-05-16T00:34:29.842749,66.70,55.60,100.00,100.00
2026-05-16T00:34:29.948012,62.50,62.50,100.00,100.00
2026-05-16T00:34:30.053532,62.50,62.50,100.00,100.00
2026-05-16T00:34:30.158241,70.00,55.60,100.00,100.00
2026-05-16T00:34:30.264194,50.00,60.00,100.00,100.00
2026-05-16T00:34:30.369665,66.70,75.00,100.00,100.00
2026-05-16T00:34:30.475560,66.70,66.70,100.00,100.00
2026-05-16T00:34:30.581556,70.00,70.00,100.00,100.00
2026-05-16T00:34:30.686654,70.00,62.50,100.00,100.00
2026-05-16T00:34:30.791657,71.40,66.70,100.00,100.00
2026-05-16T00:34:30.895822,66.70,80.00,100.00,100.00
2026-05-16T00:34:31.000231,80.00,62.50,100.00,100.00
2026-05-16T00:34:31.105822,70.00,66.70,100.00,100.00
2026-05-16T00:34:31.210711,77.80,66.70,100.00,100.00
2026-05-16T00:34:31.317311,70.00,70.00,100.00,100.00
2026-05-16T00:34:31.421865,66.70,66.70,100.00,100.00
2026-05-16T00:34:31.526828,66.70,75.00,100.00,100.00
2026-05-16T00:34:31.632709,77.80,70.00,100.00,100.00
2026-05-16T00:34:31.738447,55.60,55.60,100.00,100.00
2026-05-16T00:34:31.842282,57.10,66.70,100.00,100.00
2026-05-16T00:34:31.947224,55.60,57.10,100.00,100.00
2026-05-16T00:34:32.051517,57.10,55.60,100.00,100.00
2026-05-16T00:34:32.156295,60.00,66.70,100.00,100.00
2026-05-16T00:34:32.261788,75.00,77.80,100.00,100.00
2026-05-16T00:34:32.367088,66.70,62.50,100.00,100.00
2026-05-16T00:34:32.474613,66.70,62.50,100.00,100.00
2026-05-16T00:34:32.578926,62.50,70.00,100.00,100.00
2026-05-16T00:34:32.683284,66.70,75.00,100.00,100.00
2026-05-16T00:34:32.787785,42.90,50.00,100.00,100.00
2026-05-16T00:34:32.893211,62.50,66.70,100.00,100.00
2026-05-16T00:34:32.997567,55.60,57.10,100.00,100.00
2026-05-16T00:34:33.103537,55.60,57.10,100.00,100.00
2026-05-16T00:34:33.207735,57.10,55.60,100.00,100.00
2026-05-16T00:34:33.312551,70.00,62.50,100.00,100.00
2026-05-16T00:34:33.418079,62.50,66.70,100.00,100.00
2026-05-16T00:34:33.524433,70.00,70.00,100.00,100.00
2026-05-16T00:34:33.630998,77.80,62.50,100.00,100.00
2026-05-16T00:34:33.737304,70.00,75.00,100.00,100.00
2026-05-16T00:34:33.843577,75.00,70.00,100.00,100.00
2026-05-16T00:34:33.947916,70.00,66.70,100.00,100.00
2026-05-16T00:34:34.052642,70.00,75.00,100.00,100.00
2026-05-16T00:34:34.157186,66.70,62.50,100.00,100.00
2026-05-16T00:34:34.261532,62.50,80.00,100.00,100.00
2026-05-16T00:34:34.367837,70.00,66.70,100.00,100.00
2026-05-16T00:34:34.473659,50.00,57.10,100.00,100.00
2026-05-16T00:34:34.578264,66.70,60.00,100.00,100.00
2026-05-16T00:34:34.684667,62.50,66.70,100.00,100.00
2026-05-16T00:34:34.788257,55.60,55.60,100.00,100.00
2026-05-16T00:34:34.892047,0.00,11.10,100.00,100.00
2026-05-16T00:34:34.995748,27.30,0.00,100.00,100.00
2026-05-16T00:34:35.099816,11.10,0.00,100.00,100.00
2026-05-16T00:34:35.203416,11.10,20.00,100.00,100.00
2026-05-16T00:34:35.306945,20.00,22.20,100.00,100.00
2026-05-16T00:34:35.410425,20.00,0.00,100.00,100.00
2026-05-16T00:34:35.513788,11.10,0.00,100.00,100.00
2026-05-16T00:34:35.617500,18.20,10.00,100.00,100.00
2026-05-16T00:34:35.721428,11.10,11.10,100.00,100.00
2026-05-16T00:34:35.825411,11.10,12.50,100.00,100.00
2026-05-16T00:34:35.928881,11.10,0.00,100.00,100.00
2026-05-16T00:34:36.032524,11.10,0.00,100.00,100.00
2026-05-16T00:34:36.136378,18.20,11.10,100.00,100.00
2026-05-16T00:34:36.240019,11.10,0.00,100.00,100.00
2026-05-16T00:34:36.343682,20.00,11.10,100.00,100.00
2026-05-16T00:34:36.447871,18.20,10.00,100.00,100.00
2026-05-16T00:34:36.551625,27.30,11.10,100.00,100.00
2026-05-16T00:34:36.655067,11.10,0.00,100.00,100.00
2026-05-16T00:34:36.758433,11.10,0.00,100.00,100.00
2026-05-16T00:34:36.861914,20.00,0.00,100.00,100.00
2026-05-16T00:34:36.966018,11.10,11.10,100.00,100.00
2026-05-16T00:34:37.069590,0.00,11.10,100.00,100.00
2026-05-16T00:34:37.173242,27.30,11.10,100.00,100.00
2026-05-16T00:34:37.277412,0.00,0.00,100.00,100.00
2026-05-16T00:34:37.381453,11.10,11.10,100.00,100.00
2026-05-16T00:34:37.485123,18.20,11.10,100.00,100.00
2026-05-16T00:34:37.589086,11.10,0.00,100.00,100.00
2026-05-16T00:34:37.692872,0.00,20.00,100.00,100.00
2026-05-16T00:34:37.796594,20.00,0.00,100.00,100.00
2026-05-16T00:34:37.899955,20.00,0.00,100.00,100.00
2026-05-16T00:34:38.004109,10.00,11.10,100.00,100.00
2026-05-16T00:34:38.107871,11.10,0.00,100.00,100.00
2026-05-16T00:34:38.211818,0.00,0.00,100.00,100.00
2026-05-16T00:34:38.315459,27.30,11.10,100.00,100.00
2026-05-16T00:34:38.418860,11.10,0.00,100.00,100.00
2026-05-16T00:34:38.522298,11.10,0.00,100.00,100.00
2026-05-16T00:34:38.625559,20.00,11.10,100.00,100.00
2026-05-16T00:34:38.728930,18.20,11.10,100.00,100.00
2026-05-16T00:34:38.832868,11.10,0.00,100.00,100.00
2026-05-16T00:34:38.936398,18.20,0.00,100.00,100.00
2026-05-16T00:34:39.039712,20.00,11.10,100.00,100.00
2026-05-16T00:34:39.143237,11.10,0.00,100.00,100.00
2026-05-16T00:34:39.246874,11.10,0.00,100.00,100.00
2026-05-16T00:34:39.350470,10.00,0.00,100.00,100.00
2026-05-16T00:34:39.453805,11.10,11.10,100.00,100.00
2026-05-16T00:34:39.557137,11.10,11.10,100.00,100.00
2026-05-16T00:34:39.661006,18.20,11.10,100.00,100.00
2026-05-16T00:34:39.764816,0.00,0.00,100.00,100.00
2026-05-16T00:34:39.868596,10.00,0.00,100.00,100.00
2026-05-16T00:34:39.972351,11.10,18.20,100.00,100.00
2026-05-16T00:34:40.076343,18.20,0.00,100.00,100.00
2026-05-16T00:34:40.180164,11.10,0.00,100.00,100.00
2026-05-16T00:34:40.283703,11.10,11.10,100.00,100.00
2026-05-16T00:34:40.387485,10.00,11.10,100.00,100.00
2026-05-16T00:34:40.490929,10.00,0.00,100.00,100.00
2026-05-16T00:34:40.594611,11.10,0.00,100.00,100.00
2026-05-16T00:34:40.698362,18.20,10.00,100.00,100.00
2026-05-16T00:34:40.801851,11.10,0.00,100.00,100.00
2026-05-16T00:34:40.905511,20.00,12.50,100.00,100.00
2026-05-16T00:34:41.008862,11.10,18.20,100.00,100.00
2026-05-16T00:34:41.112781,10.00,0.00,100.00,100.00
2026-05-16T00:34:41.216320,20.00,0.00,100.00,100.00
2026-05-16T00:34:41.319903,11.10,0.00,100.00,100.00
2026-05-16T00:34:41.423472,10.00,0.00,100.00,100.00
2026-05-16T00:34:41.527035,20.00,11.10,100.00,100.00
2026-05-16T00:34:41.630473,11.10,0.00,100.00,100.00
2026-05-16T00:34:41.734077,18.20,10.00,100.00,100.00
2026-05-16T00:34:41.837717,11.10,0.00,100.00,100.00
2026-05-16T00:34:41.941017,27.30,0.00,100.00,100.00
2026-05-16T00:34:42.044642,10.00,0.00,100.00,100.00
2026-05-16T00:34:42.148046,11.10,0.00,100.00,100.00
2026-05-16T00:34:42.251575,20.00,11.10,100.00,100.00
2026-05-16T00:34:42.354843,10.00,0.00,100.00,100.00
2026-05-16T00:34:42.458619,27.30,11.10,100.00,100.00
2026-05-16T00:34:42.562052,18.20,0.00,100.00,100.00
2026-05-16T00:34:42.665549,12.50,11.10,100.00,100.00
2026-05-16T00:34:42.769021,18.20,0.00,100.00,100.00
2026-05-16T00:34:42.872654,11.10,0.00,100.00,100.00
2026-05-16T00:34:42.976329,10.00,0.00,100.00,100.00
2026-05-16T00:34:43.079810,27.30,11.10,100.00,100.00
2026-05-16T00:34:43.183273,0.00,11.10,100.00,100.00
2026-05-16T00:34:43.286641,11.10,11.10,100.00,100.00
2026-05-16T00:34:43.390198,33.30,0.00,100.00,100.00
2026-05-16T00:34:43.493987,10.00,11.10,100.00,100.00
2026-05-16T00:34:43.597593,11.10,0.00,100.00,100.00
2026-05-16T00:34:43.700985,11.10,0.00,100.00,100.00
2026-05-16T00:34:43.804313,18.20,0.00,100.00,100.00
2026-05-16T00:34:43.907633,11.10,11.10,100.00,100.00
2026-05-16T00:34:44.011070,11.10,0.00,100.00,100.00
2026-05-16T00:34:44.114747,10.00,0.00,100.00,100.00
2026-05-16T00:34:44.218201,20.00,11.10,100.00,100.00
2026-05-16T00:34:44.321720,18.20,0.00,100.00,100.00
2026-05-16T00:34:44.424991,0.00,11.10,100.00,100.00
2026-05-16T00:34:44.528606,11.10,11.10,100.00,100.00
2026-05-16T00:34:44.632401,25.00,0.00,100.00,100.00
2026-05-16T00:34:44.735741,11.10,0.00,100.00,100.00
2026-05-16T00:34:44.839196,20.00,0.00,100.00,100.00
2026-05-16T00:34:44.942702,0.00,0.00,100.00,100.00
2026-05-16T00:34:45.046080,33.30,0.00,100.00,100.00
2026-05-16T00:34:45.149782,10.00,0.00,100.00,100.00
2026-05-16T00:34:45.253382,11.10,11.10,100.00,100.00
2026-05-16T00:34:45.356554,11.10,0.00,100.00,100.00
2026-05-16T00:34:45.460151,20.00,10.00,100.00,100.00
2026-05-16T00:34:45.563647,18.20,11.10,100.00,100.00
2026-05-16T00:34:45.667116,20.00,0.00,100.00,100.00
2026-05-16T00:34:45.771558,11.10,11.10,100.00,100.00
2026-05-16T00:34:45.874983,18.20,0.00,100.00,100.00
2026-05-16T00:34:45.978303,20.00,0.00,100.00,100.00
2026-05-16T00:34:46.082335,20.00,11.10,100.00,100.00
2026-05-16T00:34:46.186482,11.10,0.00,100.00,100.00
2026-05-16T00:34:46.290353,11.10,0.00,100.00,100.00
2026-05-16T00:34:46.393962,10.00,11.10,100.00,100.00
2026-05-16T00:34:46.497399,11.10,11.10,100.00,100.00
2026-05-16T00:34:46.600929,18.20,0.00,100.00,100.00
2026-05-16T00:34:46.704693,11.10,0.00,100.00,100.00
2026-05-16T00:34:46.808045,18.20,0.00,100.00,100.00
2026-05-16T00:34:46.911825,11.10,11.10,100.00,100.00
2026-05-16T00:34:47.015285,0.00,10.00,100.00,100.00
2026-05-16T00:34:47.118570,11.10,0.00,100.00,100.00
2026-05-16T00:34:47.222409,18.20,20.00,100.00,100.00
2026-05-16T00:34:47.326082,0.00,11.10,100.00,100.00
2026-05-16T00:34:47.429673,11.10,0.00,100.00,100.00
2026-05-16T00:34:47.533294,18.20,0.00,100.00,100.00
2026-05-16T00:34:47.637033,11.10,11.10,100.00,100.00
2026-05-16T00:34:47.740634,20.00,20.00,100.00,100.00
2026-05-16T00:34:47.843822,20.00,11.10,100.00,100.00
2026-05-16T00:34:47.947354,18.20,0.00,100.00,100.00
2026-05-16T00:34:48.050826,20.00,0.00,100.00,100.00
2026-05-16T00:34:48.154366,18.20,11.10,100.00,100.00
2026-05-16T00:34:48.257812,11.10,0.00,100.00,100.00
2026-05-16T00:34:48.361349,10.00,10.00,100.00,100.00
2026-05-16T00:34:48.464966,20.00,11.10,100.00,100.00
2026-05-16T00:34:48.568310,10.00,0.00,100.00,100.00
2026-05-16T00:34:48.672622,20.00,0.00,100.00,100.00
2026-05-16T00:34:48.776713,11.10,0.00,100.00,100.00
2026-05-16T00:34:48.880978,20.00,11.10,100.00,100.00
2026-05-16T00:34:48.984437,20.00,0.00,100.00,100.00
2026-05-16T00:34:49.088279,10.00,11.10,100.00,100.00
2026-05-16T00:34:49.192570,20.00,11.10,100.00,100.00
2026-05-16T00:34:49.296276,11.10,0.00,100.00,100.00
2026-05-16T00:34:49.400118,20.00,0.00,100.00,100.00
2026-05-16T00:34:49.504354,11.10,0.00,100.00,100.00
2026-05-16T00:34:49.607816,11.10,11.10,100.00,100.00
2026-05-16T00:34:49.711455,10.00,0.00,100.00,100.00
2026-05-16T00:34:49.815587,30.00,22.20,100.00,100.00
2026-05-16T00:34:49.920419,28.60,28.60,100.00,100.00
2026-05-16T00:34:50.025219,37.50,33.30,100.00,100.00
2026-05-16T00:34:50.129827,37.50,37.50,100.00,100.00
2026-05-16T00:34:50.234358,25.00,16.70,100.00,100.00
2026-05-16T00:34:50.339031,25.00,33.30,100.00,100.00
2026-05-16T00:34:50.443666,25.00,28.60,100.00,100.00
2026-05-16T00:34:50.548447,37.50,28.60,100.00,100.00
2026-05-16T00:34:50.653488,25.00,25.00,100.00,100.00
2026-05-16T00:34:50.759168,37.50,33.30,100.00,100.00
2026-05-16T00:34:50.864038,42.90,55.60,100.00,100.00
2026-05-16T00:34:50.969994,25.00,16.70,100.00,100.00
2026-05-16T00:34:51.075161,37.50,37.50,100.00,100.00
2026-05-16T00:34:51.179625,28.60,37.50,100.00,100.00
2026-05-16T00:34:51.284203,37.50,16.70,100.00,100.00
2026-05-16T00:34:51.389096,25.00,28.60,100.00,100.00
2026-05-16T00:34:51.498838,25.00,37.50,100.00,100.00
2026-05-16T00:34:51.604381,25.00,37.50,100.00,100.00
2026-05-16T00:34:51.709324,16.70,25.00,100.00,100.00
2026-05-16T00:34:51.814160,37.50,42.90,100.00,100.00
2026-05-16T00:34:51.918698,28.60,50.00,100.00,100.00
2026-05-16T00:34:52.023288,44.40,0.00,100.00,100.00
2026-05-16T00:34:52.127545,25.00,37.50,100.00,100.00
2026-05-16T00:34:52.231954,28.60,16.70,100.00,100.00
2026-05-16T00:34:52.336455,25.00,37.50,100.00,100.00
2026-05-16T00:34:52.441391,44.40,0.00,100.00,100.00
2026-05-16T00:34:52.546236,16.70,44.40,100.00,100.00
2026-05-16T00:34:52.650991,14.30,14.30,100.00,100.00
2026-05-16T00:34:52.756045,33.30,37.50,100.00,100.00
2026-05-16T00:34:52.861226,44.40,16.70,100.00,100.00
2026-05-16T00:34:52.965312,28.60,37.50,100.00,100.00
2026-05-16T00:34:53.070243,14.30,16.70,100.00,100.00
2026-05-16T00:34:53.174704,25.00,33.30,100.00,100.00
2026-05-16T00:34:53.278979,37.50,16.70,100.00,100.00
2026-05-16T00:34:53.383827,25.00,37.50,100.00,100.00
2026-05-16T00:34:53.488257,33.30,28.60,100.00,100.00
2026-05-16T00:34:53.592897,16.70,14.30,100.00,100.00
2026-05-16T00:34:53.697747,33.30,44.40,100.00,100.00
2026-05-16T00:34:53.802561,25.00,28.60,100.00,100.00
2026-05-16T00:34:53.908272,28.60,16.70,100.00,100.00
2026-05-16T00:34:54.013573,25.00,28.60,100.00,100.00
2026-05-16T00:34:54.118212,16.70,25.00,100.00,100.00
2026-05-16T00:34:54.222987,25.00,37.50,100.00,100.00
2026-05-16T00:34:54.327527,25.00,16.70,100.00,100.00
2026-05-16T00:34:54.432372,37.50,37.50,100.00,100.00
2026-05-16T00:34:54.537785,28.60,28.60,100.00,100.00
2026-05-16T00:34:54.642560,28.60,44.40,100.00,100.00
2026-05-16T00:34:54.746992,37.50,28.60,100.00,100.00
2026-05-16T00:34:54.852038,25.00,28.60,100.00,100.00
2026-05-16T00:34:54.956924,28.60,16.70,100.00,100.00
2026-05-16T00:34:55.061075,28.60,55.60,100.00,100.00
2026-05-16T00:34:55.165940,37.50,28.60,100.00,100.00
2026-05-16T00:34:55.270041,44.40,33.30,100.00,100.00
2026-05-16T00:34:55.374065,28.60,37.50,100.00,100.00
2026-05-16T00:34:55.478432,25.00,28.60,100.00,100.00
2026-05-16T00:34:55.582597,16.70,25.00,100.00,100.00
2026-05-16T00:34:55.687526,25.00,28.60,100.00,100.00
2026-05-16T00:34:55.791937,28.60,28.60,100.00,100.00
2026-05-16T00:34:55.896990,25.00,25.00,100.00,100.00
2026-05-16T00:34:56.002212,25.00,16.70,100.00,100.00
2026-05-16T00:34:56.106472,16.70,37.50,100.00,100.00
2026-05-16T00:34:56.210350,25.00,25.00,100.00,100.00
2026-05-16T00:34:56.314439,37.50,37.50,100.00,100.00
2026-05-16T00:34:56.418652,33.30,16.70,100.00,100.00
2026-05-16T00:34:56.522935,14.30,33.30,100.00,100.00
2026-05-16T00:34:56.626914,37.50,28.60,100.00,100.00
2026-05-16T00:34:56.731480,25.00,16.70,100.00,100.00
2026-05-16T00:34:56.835680,14.30,33.30,100.00,100.00
2026-05-16T00:34:56.939938,37.50,16.70,100.00,100.00
2026-05-16T00:34:57.045212,25.00,28.60,100.00,100.00
2026-05-16T00:34:57.150447,37.50,37.50,100.00,100.00
2026-05-16T00:34:57.255666,33.30,16.70,100.00,100.00
2026-05-16T00:34:57.360630,16.70,28.60,100.00,100.00
2026-05-16T00:34:57.465971,44.40,28.60,100.00,100.00
2026-05-16T00:34:57.570504,25.00,44.40,100.00,100.00
2026-05-16T00:34:57.674710,16.70,0.00,100.00,100.00
2026-05-16T00:34:57.780024,37.50,55.60,100.00,100.00
2026-05-16T00:34:57.884608,28.60,28.60,100.00,100.00
2026-05-16T00:34:57.989248,25.00,37.50,100.00,100.00
2026-05-16T00:34:58.094248,37.50,42.90,100.00,100.00
2026-05-16T00:34:58.198946,37.50,28.60,100.00,100.00
2026-05-16T00:34:58.304460,37.50,28.60,100.00,100.00
2026-05-16T00:34:58.408588,28.60,28.60,100.00,100.00
2026-05-16T00:34:58.513105,37.50,44.40,100.00,100.00
2026-05-16T00:34:58.619031,28.60,20.00,100.00,100.00
2026-05-16T00:34:58.724045,28.60,37.50,100.00,100.00
2026-05-16T00:34:58.828640,25.00,33.30,100.00,100.00
2026-05-16T00:34:58.933281,37.50,20.00,100.00,100.00
2026-05-16T00:34:59.038538,25.00,28.60,100.00,100.00
2026-05-16T00:34:59.142986,44.40,37.50,100.00,100.00
2026-05-16T00:34:59.247809,28.60,37.50,100.00,100.00
2026-05-16T00:34:59.352695,25.00,28.60,100.00,100.00
2026-05-16T00:34:59.458241,25.00,28.60,100.00,100.00
2026-05-16T00:34:59.562283,37.50,25.00,100.00,100.00
2026-05-16T00:34:59.667220,25.00,28.60,100.00,100.00
2026-05-16T00:34:59.772014,28.60,28.60,100.00,100.00
2026-05-16T00:34:59.876845,37.50,42.90,100.00,100.00
2026-05-16T00:34:59.981001,28.60,33.30,100.00,100.00
2026-05-16T00:35:00.085750,25.00,16.70,100.00,100.00
2026-05-16T00:35:00.190028,28.60,37.50,100.00,100.00
2026-05-16T00:35:00.295099,25.00,16.70,100.00,100.00
2026-05-16T00:35:00.399325,25.00,33.30,100.00,100.00
2026-05-16T00:35:00.504227,16.70,28.60,100.00,100.00
2026-05-16T00:35:00.608648,25.00,37.50,100.00,100.00
2026-05-16T00:35:00.713146,37.50,14.30,100.00,100.00
2026-05-16T00:35:00.818015,33.30,37.50,100.00,100.00
2026-05-16T00:35:00.923710,33.30,42.90,100.00,100.00
2026-05-16T00:35:01.028395,33.30,44.40,100.00,100.00
2026-05-16T00:35:01.133559,37.50,28.60,100.00,100.00
2026-05-16T00:35:01.241017,28.60,42.90,100.00,100.00
2026-05-16T00:35:01.345949,37.50,37.50,100.00,100.00
2026-05-16T00:35:01.451027,55.60,50.00,100.00,100.00
2026-05-16T00:35:01.555737,25.00,28.60,100.00,100.00
2026-05-16T00:35:01.660282,28.60,37.50,100.00,100.00
2026-05-16T00:35:01.765963,28.60,37.50,100.00,100.00
2026-05-16T00:35:01.871082,37.50,42.90,100.00,100.00
2026-05-16T00:35:01.976615,37.50,28.60,100.00,100.00
2026-05-16T00:35:02.081148,33.30,37.50,100.00,100.00
2026-05-16T00:35:02.186049,37.50,44.40,100.00,100.00
2026-05-16T00:35:02.290275,37.50,28.60,100.00,100.00
2026-05-16T00:35:02.395296,33.30,37.50,100.00,100.00
2026-05-16T00:35:02.499726,28.60,20.00,100.00,100.00
2026-05-16T00:35:02.604751,28.60,33.30,100.00,100.00
2026-05-16T00:35:02.709259,44.40,16.70,100.00,100.00
2026-05-16T00:35:02.814704,14.30,33.30,100.00,100.00
2026-05-16T00:35:02.921068,28.60,37.50,100.00,100.00
2026-05-16T00:35:03.025870,28.60,44.40,100.00,100.00
2026-05-16T00:35:03.131000,37.50,33.30,100.00,100.00
2026-05-16T00:35:03.235338,25.00,37.50,100.00,100.00
2026-05-16T00:35:03.339977,28.60,33.30,100.00,100.00
2026-05-16T00:35:03.444921,14.30,16.70,100.00,100.00
2026-05-16T00:35:03.549390,37.50,28.60,100.00,100.00
2026-05-16T00:35:03.654327,25.00,37.50,100.00,100.00
2026-05-16T00:35:03.759926,25.00,28.60,100.00,100.00
2026-05-16T00:35:03.863727,28.60,28.60,100.00,100.00
2026-05-16T00:35:03.968286,33.30,25.00,100.00,100.00
2026-05-16T00:35:04.073275,28.60,37.50,100.00,100.00
2026-05-16T00:35:04.178542,25.00,16.70,100.00,100.00
2026-05-16T00:35:04.283382,44.40,44.40,100.00,100.00
2026-05-16T00:35:04.387822,28.60,28.60,100.00,100.00
2026-05-16T00:35:04.493526,44.40,44.40,100.00,100.00
2026-05-16T00:35:04.598262,33.30,44.40,100.00,100.00
2026-05-16T00:35:04.703500,16.70,42.90,100.00,100.00
2026-05-16T00:35:04.807361,33.30,33.30,100.00,100.00
2026-05-16T00:35:04.911831,27.30,12.50,100.00,100.00
2026-05-16T00:35:05.016063,12.50,22.20,100.00,100.00
2026-05-16T00:35:05.119719,22.20,0.00,100.00,100.00
2026-05-16T00:35:05.223696,20.00,11.10,100.00,100.00
2026-05-16T00:35:05.327742,12.50,12.50,100.00,100.00
2026-05-16T00:35:05.431919,12.50,0.00,100.00,100.00
2026-05-16T00:35:05.535831,27.30,0.00,100.00,100.00
2026-05-16T00:35:05.640269,12.50,22.20,100.00,100.00
2026-05-16T00:35:05.744383,11.10,11.10,100.00,100.00
2026-05-16T00:35:05.847803,27.30,0.00,100.00,100.00
2026-05-16T00:35:05.951644,12.50,0.00,100.00,100.00
2026-05-16T00:35:06.056533,11.10,12.50,100.00,100.00
2026-05-16T00:35:06.160648,12.50,12.50,100.00,100.00
2026-05-16T00:35:06.264508,22.20,12.50,100.00,100.00
2026-05-16T00:35:06.368534,11.10,11.10,100.00,100.00
2026-05-16T00:35:06.472490,11.10,0.00,100.00,100.00
2026-05-16T00:35:06.576174,11.10,0.00,100.00,100.00
2026-05-16T00:35:06.679714,36.40,0.00,100.00,100.00
2026-05-16T00:35:06.783617,11.10,22.20,100.00,100.00
2026-05-16T00:35:06.888167,0.00,12.50,100.00,100.00
2026-05-16T00:35:06.992815,20.00,0.00,100.00,100.00
2026-05-16T00:35:07.097425,12.50,12.50,100.00,100.00
2026-05-16T00:35:07.200710,11.10,12.50,100.00,100.00
2026-05-16T00:35:07.305027,20.00,12.50,100.00,100.00
2026-05-16T00:35:07.408551,30.00,12.50,100.00,100.00
2026-05-16T00:35:07.512244,20.00,0.00,100.00,100.00
2026-05-16T00:35:07.615809,0.00,12.50,100.00,100.00
2026-05-16T00:35:07.719794,30.00,12.50,100.00,100.00
2026-05-16T00:35:07.823679,12.50,0.00,100.00,100.00
2026-05-16T00:35:07.928290,10.00,12.50,100.00,100.00
2026-05-16T00:35:08.032536,12.50,22.20,100.00,100.00
2026-05-16T00:35:08.136468,11.10,0.00,100.00,100.00
2026-05-16T00:35:08.240466,22.20,0.00,100.00,100.00
2026-05-16T00:35:08.344260,33.30,12.50,100.00,100.00
2026-05-16T00:35:08.447878,11.10,20.00,100.00,100.00
2026-05-16T00:35:08.551441,11.10,0.00,100.00,100.00
2026-05-16T00:35:08.654909,12.50,20.00,100.00,100.00
2026-05-16T00:35:08.758594,20.00,12.50,100.00,100.00
2026-05-16T00:35:08.862434,20.00,0.00,100.00,100.00
2026-05-16T00:35:08.966727,27.30,12.50,100.00,100.00
2026-05-16T00:35:09.070477,27.30,12.50,100.00,100.00
2026-05-16T00:35:09.174516,20.00,11.10,100.00,100.00
2026-05-16T00:35:09.278334,30.00,12.50,100.00,100.00
2026-05-16T00:35:09.381965,20.00,0.00,100.00,100.00
2026-05-16T00:35:09.485735,11.10,20.00,100.00,100.00
2026-05-16T00:35:09.589729,27.30,12.50,100.00,100.00
2026-05-16T00:35:09.694277,27.30,12.50,100.00,100.00
2026-05-16T00:35:09.798471,12.50,0.00,100.00,100.00
2026-05-16T00:35:09.902404,20.00,30.00,100.00,100.00
2026-05-16T00:35:10.005821,22.20,0.00,100.00,100.00
2026-05-16T00:35:10.110792,20.00,22.20,100.00,100.00
2026-05-16T00:35:10.214629,22.20,0.00,100.00,100.00
2026-05-16T00:35:10.318489,20.00,11.10,100.00,100.00
2026-05-16T00:35:10.422616,27.30,12.50,100.00,100.00
2026-05-16T00:35:10.526947,22.20,12.50,100.00,100.00
2026-05-16T00:35:10.630739,20.00,0.00,100.00,100.00
2026-05-16T00:35:10.735219,12.50,30.00,100.00,100.00
2026-05-16T00:35:10.838739,27.30,12.50,100.00,100.00
2026-05-16T00:35:10.942618,30.00,12.50,100.00,100.00
2026-05-16T00:35:11.046817,22.20,12.50,100.00,100.00
2026-05-16T00:35:11.151042,20.00,12.50,100.00,100.00
2026-05-16T00:35:11.255784,30.00,12.50,100.00,100.00
2026-05-16T00:35:11.360920,30.00,0.00,100.00,100.00
2026-05-16T00:35:11.465945,27.30,27.30,100.00,100.00
2026-05-16T00:35:11.569831,20.00,12.50,100.00,100.00
2026-05-16T00:35:11.674356,30.00,0.00,100.00,100.00
2026-05-16T00:35:11.778189,20.00,0.00,100.00,100.00
2026-05-16T00:35:11.881715,22.20,20.00,100.00,100.00
2026-05-16T00:35:11.985054,27.30,0.00,100.00,100.00
2026-05-16T00:35:12.088494,20.00,0.00,100.00,100.00
2026-05-16T00:35:12.192061,30.00,0.00,100.00,100.00
2026-05-16T00:35:12.296444,20.00,12.50,100.00,100.00
2026-05-16T00:35:12.400575,30.00,0.00,100.00,100.00
2026-05-16T00:35:12.504480,20.00,11.10,100.00,100.00
2026-05-16T00:35:12.608603,41.70,12.50,100.00,100.00
2026-05-16T00:35:12.712540,20.00,0.00,100.00,100.00
2026-05-16T00:35:12.816810,12.50,0.00,100.00,100.00
2026-05-16T00:35:12.921280,33.30,12.50,100.00,100.00
2026-05-16T00:35:13.025177,11.10,0.00,100.00,100.00
2026-05-16T00:35:13.129579,12.50,11.10,100.00,100.00
2026-05-16T00:35:13.233928,20.00,22.20,100.00,100.00
2026-05-16T00:35:13.337900,22.20,0.00,100.00,100.00
2026-05-16T00:35:13.442215,27.30,11.10,100.00,100.00
2026-05-16T00:35:13.547023,30.00,12.50,100.00,100.00
2026-05-16T00:35:13.650699,20.00,0.00,100.00,100.00
2026-05-16T00:35:13.754132,20.00,11.10,100.00,100.00
2026-05-16T00:35:13.857832,12.50,12.50,100.00,100.00
2026-05-16T00:35:13.961447,33.30,0.00,100.00,100.00
2026-05-16T00:35:14.065381,20.00,12.50,100.00,100.00
2026-05-16T00:35:14.168842,11.10,0.00,100.00,100.00
2026-05-16T00:35:14.272931,22.20,12.50,100.00,100.00
2026-05-16T00:35:14.377416,20.00,11.10,100.00,100.00
2026-05-16T00:35:14.481439,27.30,0.00,100.00,100.00
2026-05-16T00:35:14.585633,27.30,12.50,100.00,100.00
2026-05-16T00:35:14.689882,12.50,12.50,100.00,100.00
2026-05-16T00:35:14.794547,20.00,11.10,100.00,100.00
2026-05-16T00:35:14.899055,22.20,12.50,100.00,100.00
2026-05-16T00:35:15.003540,27.30,12.50,100.00,100.00
2026-05-16T00:35:15.107300,22.20,22.20,100.00,100.00
2026-05-16T00:35:15.211378,11.10,12.50,100.00,100.00
2026-05-16T00:35:15.315685,22.20,12.50,100.00,100.00
2026-05-16T00:35:15.420586,20.00,12.50,100.00,100.00
2026-05-16T00:35:15.524448,22.20,0.00,100.00,100.00
2026-05-16T00:35:15.628450,30.00,12.50,100.00,100.00
2026-05-16T00:35:15.732875,27.30,12.50,100.00,100.00
2026-05-16T00:35:15.837062,20.00,0.00,100.00,100.00
2026-05-16T00:35:15.941123,22.20,12.50,100.00,100.00
2026-05-16T00:35:16.045123,20.00,11.10,100.00,100.00
2026-05-16T00:35:16.148675,20.00,12.50,100.00,100.00
2026-05-16T00:35:16.252673,20.00,0.00,100.00,100.00
2026-05-16T00:35:16.356686,22.20,12.50,100.00,100.00
2026-05-16T00:35:16.460264,30.00,0.00,100.00,100.00
2026-05-16T00:35:16.564609,20.00,30.00,100.00,100.00
2026-05-16T00:35:16.668525,22.20,0.00,100.00,100.00
2026-05-16T00:35:16.772469,27.30,0.00,100.00,100.00
2026-05-16T00:35:16.877516,22.20,22.20,100.00,100.00
2026-05-16T00:35:16.981457,11.10,12.50,100.00,100.00
2026-05-16T00:35:17.085050,11.10,0.00,100.00,100.00
2026-05-16T00:35:17.188912,27.30,11.10,100.00,100.00
2026-05-16T00:35:17.292546,30.00,22.20,100.00,100.00
2026-05-16T00:35:17.396168,20.00,0.00,100.00,100.00
2026-05-16T00:35:17.499823,11.10,12.50,100.00,100.00
2026-05-16T00:35:17.603787,20.00,11.10,100.00,100.00
2026-05-16T00:35:17.707907,36.40,12.50,100.00,100.00
2026-05-16T00:35:17.811582,22.20,12.50,100.00,100.00
2026-05-16T00:35:17.915567,20.00,0.00,100.00,100.00
2026-05-16T00:35:18.019253,20.00,0.00,100.00,100.00
2026-05-16T00:35:18.123091,12.50,22.20,100.00,100.00
2026-05-16T00:35:18.226946,22.20,0.00,100.00,100.00
2026-05-16T00:35:18.330547,27.30,12.50,100.00,100.00
2026-05-16T00:35:18.434267,20.00,11.10,100.00,100.00
2026-05-16T00:35:18.537987,30.00,12.50,100.00,100.00
2026-05-16T00:35:18.642125,20.00,11.10,100.00,100.00
2026-05-16T00:35:18.745775,12.50,0.00,100.00,100.00
2026-05-16T00:35:18.849660,20.00,11.10,100.00,100.00
2026-05-16T00:35:18.953470,11.10,0.00,100.00,100.00
2026-05-16T00:35:19.056885,12.50,11.10,100.00,100.00
2026-05-16T00:35:19.161296,20.00,0.00,100.00,100.00
2026-05-16T00:35:19.265437,27.30,12.50,100.00,100.00
2026-05-16T00:35:19.369684,22.20,11.10,100.00,100.00
2026-05-16T00:35:19.474424,20.00,0.00,100.00,100.00
2026-05-16T00:35:19.578669,12.50,12.50,100.00,100.00
2026-05-16T00:35:19.683022,20.00,12.50,100.00,100.00
2026-05-16T00:35:19.787486,40.00,14.30,100.00,100.00
2026-05-16T00:35:20.015669,90.50,100.00,100.00,100.00
2026-05-16T00:35:20.123450,70.00,70.00,70.00,33.30
2026-05-16T00:35:20.229808,70.00,66.70,71.40,30.00
2026-05-16T00:35:20.335917,75.00,70.00,72.70,25.00
2026-05-16T00:35:20.441204,72.70,72.70,66.70,30.00
2026-05-16T00:35:20.546753,62.50,62.50,62.50,12.50
2026-05-16T00:35:20.653124,66.70,66.70,72.70,22.20
2026-05-16T00:35:20.758678,72.70,66.70,75.00,22.20
2026-05-16T00:35:20.863673,66.70,70.00,66.70,25.00
2026-05-16T00:35:20.969259,77.80,66.70,77.80,33.30
2026-05-16T00:35:21.074165,66.70,66.70,72.70,25.00
2026-05-16T00:35:21.179688,66.70,70.00,57.10,30.00
2026-05-16T00:35:21.286671,66.70,62.50,70.00,12.50
2026-05-16T00:35:21.391821,70.00,77.80,66.70,22.20
2026-05-16T00:35:21.497458,75.00,66.70,70.00,14.30
2026-05-16T00:35:21.601957,55.60,63.60,66.70,22.20
2026-05-16T00:35:21.708355,70.00,66.70,66.70,22.20
2026-05-16T00:35:21.815123,75.00,70.00,77.80,36.40
2026-05-16T00:35:21.919881,66.70,62.50,62.50,25.00
2026-05-16T00:35:22.025993,70.00,66.70,60.00,22.20
2026-05-16T00:35:22.132317,70.00,70.00,77.80,30.00
2026-05-16T00:35:22.238671,77.80,70.00,70.00,25.00
2026-05-16T00:35:22.343343,66.70,70.00,66.70,22.20
2026-05-16T00:35:22.448364,70.00,66.70,66.70,22.20
2026-05-16T00:35:22.554076,62.50,60.00,77.80,22.20
2026-05-16T00:35:22.660385,70.00,66.70,70.00,25.00
2026-05-16T00:35:22.766533,66.70,77.80,62.50,22.20
2026-05-16T00:35:22.872820,70.00,62.50,70.00,22.20
2026-05-16T00:35:22.978996,66.70,60.00,62.50,40.00
2026-05-16T00:35:23.083643,70.00,66.70,72.70,22.20
2026-05-16T00:35:23.189011,75.00,75.00,70.00,22.20
2026-05-16T00:35:23.294898,66.70,66.70,70.00,25.00
2026-05-16T00:35:23.400448,72.70,66.70,66.70,30.00
2026-05-16T00:35:23.506499,66.70,70.00,77.80,25.00
2026-05-16T00:35:23.611234,66.70,55.60,66.70,30.00
2026-05-16T00:35:23.716408,70.00,66.70,62.50,30.00
2026-05-16T00:35:23.821707,71.40,66.70,66.70,12.50
2026-05-16T00:35:23.928230,55.60,62.50,66.70,25.00
2026-05-16T00:35:24.033798,77.80,66.70,66.70,30.00
2026-05-16T00:35:24.140517,63.60,66.70,66.70,22.20
2026-05-16T00:35:24.246036,66.70,70.00,70.00,33.30
2026-05-16T00:35:24.351592,77.80,70.00,77.80,22.20
2026-05-16T00:35:24.457531,66.70,62.50,66.70,25.00
2026-05-16T00:35:24.563563,66.70,66.70,62.50,22.20
2026-05-16T00:35:24.668314,70.00,66.70,70.00,22.20
2026-05-16T00:35:24.774521,70.00,66.70,70.00,25.00
2026-05-16T00:35:24.881468,66.70,66.70,75.00,22.20
2026-05-16T00:35:24.986183,66.70,62.50,66.70,22.20
2026-05-16T00:35:25.090999,70.00,60.00,63.60,22.20
2026-05-16T00:35:25.196210,62.50,66.70,62.50,22.20
2026-05-16T00:35:25.301704,66.70,66.70,80.00,33.30
2026-05-16T00:35:25.406894,77.80,62.50,62.50,22.20
2026-05-16T00:35:25.511878,66.70,66.70,70.00,25.00
2026-05-16T00:35:25.617264,62.50,62.50,66.70,22.20
2026-05-16T00:35:25.722278,60.00,70.00,66.70,25.00
2026-05-16T00:35:25.828629,62.50,62.50,62.50,30.00
2026-05-16T00:35:25.934229,75.00,70.00,62.50,22.20
2026-05-16T00:35:26.040337,72.70,66.70,70.00,25.00
2026-05-16T00:35:26.144895,62.50,62.50,66.70,22.20
2026-05-16T00:35:26.249701,70.00,66.70,77.80,22.20
2026-05-16T00:35:26.355541,70.00,70.00,70.00,22.20
2026-05-16T00:35:26.460267,66.70,66.70,62.50,12.50
2026-05-16T00:35:26.565720,62.50,62.50,70.00,33.30
2026-05-16T00:35:26.673483,70.00,62.50,66.70,22.20
2026-05-16T00:35:26.778585,75.00,72.70,66.70,22.20
2026-05-16T00:35:26.884187,60.00,70.00,66.70,14.30
2026-05-16T00:35:26.989154,70.00,66.70,62.50,22.20
2026-05-16T00:35:27.094946,66.70,62.50,72.70,22.20
2026-05-16T00:35:27.201210,75.00,70.00,66.70,22.20
2026-05-16T00:35:27.305927,70.00,66.70,66.70,33.30
2026-05-16T00:35:27.410809,66.70,55.60,66.70,22.20
2026-05-16T00:35:27.516891,66.70,66.70,62.50,12.50
2026-05-16T00:35:27.623655,62.50,66.70,75.00,22.20
2026-05-16T00:35:27.728209,77.80,75.00,70.00,37.50
2026-05-16T00:35:27.833445,70.00,62.50,57.10,33.30
2026-05-16T00:35:27.938572,66.70,70.00,75.00,12.50
2026-05-16T00:35:28.043710,77.80,66.70,72.70,25.00
2026-05-16T00:35:28.148721,66.70,66.70,66.70,22.20
2026-05-16T00:35:28.253368,62.50,55.60,66.70,22.20
2026-05-16T00:35:28.359099,70.00,77.80,80.00,33.30
2026-05-16T00:35:28.464426,70.00,66.70,66.70,12.50
2026-05-16T00:35:28.569873,62.50,66.70,62.50,22.20
2026-05-16T00:35:28.676802,66.70,66.70,66.70,25.00
2026-05-16T00:35:28.781945,66.70,55.60,70.00,30.00
2026-05-16T00:35:28.887343,62.50,57.10,66.70,22.20
2026-05-16T00:35:28.992392,66.70,70.00,75.00,22.20
2026-05-16T00:35:29.098459,77.80,66.70,66.70,25.00
2026-05-16T00:35:29.203734,66.70,66.70,66.70,22.20
2026-05-16T00:35:29.308470,66.70,66.70,66.70,25.00
2026-05-16T00:35:29.413680,62.50,62.50,62.50,22.20
2026-05-16T00:35:29.518534,70.00,60.00,60.00,22.20
2026-05-16T00:35:29.624269,50.00,62.50,66.70,25.00
2026-05-16T00:35:29.730253,80.00,70.00,75.00,30.00
2026-05-16T00:35:29.835576,62.50,66.70,70.00,25.00
2026-05-16T00:35:29.940440,63.60,57.10,66.70,12.50
2026-05-16T00:35:30.046045,62.50,70.00,62.50,30.00
2026-05-16T00:35:30.151667,70.00,62.50,66.70,22.20
2026-05-16T00:35:30.256903,70.00,70.00,70.00,25.00
2026-05-16T00:35:30.363311,70.00,70.00,70.00,36.40
2026-05-16T00:35:30.469404,75.00,62.50,66.70,14.30
2026-05-16T00:35:30.574927,66.70,66.70,80.00,22.20
2026-05-16T00:35:30.681749,70.00,72.70,66.70,22.20
2026-05-16T00:35:30.786675,70.00,66.70,66.70,14.30
2026-05-16T00:35:30.892211,62.50,66.70,70.00,22.20
2026-05-16T00:35:30.997442,77.80,70.00,75.00,40.00
2026-05-16T00:35:31.102510,66.70,62.50,72.70,25.00
2026-05-16T00:35:31.207589,70.00,70.00,66.70,22.20
2026-05-16T00:35:31.312672,62.50,62.50,66.70,30.00
2026-05-16T00:35:31.418692,60.00,60.00,66.70,25.00
2026-05-16T00:35:31.524370,71.40,62.50,70.00,22.20
2026-05-16T00:35:31.631335,72.70,80.00,66.70,22.20
2026-05-16T00:35:31.737272,70.00,66.70,66.70,22.20
2026-05-16T00:35:31.842872,72.70,66.70,77.80,25.00
2026-05-16T00:35:31.948470,66.70,66.70,70.00,22.20
2026-05-16T00:35:32.054472,66.70,63.60,66.70,22.20
2026-05-16T00:35:32.159565,80.00,62.50,70.00,30.00
2026-05-16T00:35:32.264316,62.50,72.70,70.00,25.00
2026-05-16T00:35:32.370304,60.00,57.10,66.70,22.20
2026-05-16T00:35:32.476022,62.50,62.50,62.50,12.50
2026-05-16T00:35:32.581876,66.70,60.00,72.70,22.20
2026-05-16T00:35:32.686427,80.00,77.80,77.80,25.00
2026-05-16T00:35:32.792658,70.00,60.00,62.50,22.20
2026-05-16T00:35:32.898352,62.50,62.50,72.70,12.50
2026-05-16T00:35:33.003565,70.00,66.70,62.50,33.30
2026-05-16T00:35:33.109477,77.80,62.50,60.00,22.20
2026-05-16T00:35:33.214163,55.60,62.50,62.50,22.20
2026-05-16T00:35:33.319323,66.70,70.00,66.70,40.00
2026-05-16T00:35:33.424816,66.70,60.00,66.70,12.50
2026-05-16T00:35:33.530637,77.80,75.00,80.00,25.00
2026-05-16T00:35:33.636954,70.00,60.00,62.50,22.20
2026-05-16T00:35:33.742933,70.00,66.70,70.00,30.00
2026-05-16T00:35:33.848227,66.70,66.70,75.00,25.00
2026-05-16T00:35:33.953783,66.70,66.70,66.70,22.20
2026-05-16T00:35:34.059384,66.70,70.00,70.00,25.00
2026-05-16T00:35:34.164514,66.70,62.50,66.70,22.20
2026-05-16T00:35:34.270061,62.50,66.70,66.70,30.00
2026-05-16T00:35:34.374925,66.70,55.60,57.10,12.50
2026-05-16T00:35:34.480060,66.70,62.50,66.70,22.20
2026-05-16T00:35:34.585968,62.50,70.00,72.70,30.00
2026-05-16T00:35:34.690523,70.00,62.50,62.50,25.00
2026-05-16T00:35:34.793900,50.00,50.00,44.40,11.10
2026-05-16T00:35:34.917297,0.00,0.00,9.10,18.20
2026-05-16T00:35:35.021340,0.00,18.20,10.00,100.00
2026-05-16T00:35:35.124638,18.20,0.00,0.00,100.00
2026-05-16T00:35:35.227919,11.10,18.20,0.00,100.00
2026-05-16T00:35:35.331255,0.00,0.00,11.10,100.00
2026-05-16T00:35:35.434542,10.00,0.00,10.00,100.00
2026-05-16T00:35:35.538422,0.00,0.00,0.00,100.00
2026-05-16T00:35:35.641742,10.00,10.00,0.00,100.00
2026-05-16T00:35:35.745378,10.00,0.00,10.00,100.00
2026-05-16T00:35:35.848756,10.00,10.00,0.00,100.00
2026-05-16T00:35:35.952032,0.00,0.00,0.00,100.00
2026-05-16T00:35:36.055785,11.10,0.00,0.00,100.00
2026-05-16T00:35:36.159733,0.00,10.00,0.00,100.00
2026-05-16T00:35:36.262871,10.00,0.00,11.10,100.00
2026-05-16T00:35:36.366234,18.20,11.10,0.00,100.00
2026-05-16T00:35:36.469647,0.00,0.00,0.00,100.00
2026-05-16T00:35:36.573533,0.00,0.00,11.10,100.00
2026-05-16T00:35:36.676752,18.20,0.00,0.00,100.00
2026-05-16T00:35:36.780176,20.00,0.00,18.20,100.00
2026-05-16T00:35:36.944203,15.40,21.40,35.70,100.00
2026-05-16T00:35:37.047804,18.20,0.00,100.00,100.00
2026-05-16T00:35:37.151413,20.00,0.00,100.00,100.00
2026-05-16T00:35:37.255571,33.30,20.00,100.00,100.00
2026-05-16T00:35:37.359389,0.00,0.00,100.00,100.00
2026-05-16T00:35:37.463303,18.20,0.00,100.00,100.00
2026-05-16T00:35:37.567549,11.10,11.10,100.00,100.00
2026-05-16T00:35:37.671012,11.10,0.00,100.00,100.00
2026-05-16T00:35:37.774674,10.00,12.50,100.00,100.00
2026-05-16T00:35:37.878467,11.10,18.20,100.00,100.00
2026-05-16T00:35:37.982932,0.00,0.00,100.00,100.00
2026-05-16T00:35:38.086855,25.00,0.00,100.00,100.00
2026-05-16T00:35:38.190702,11.10,0.00,100.00,100.00
2026-05-16T00:35:38.294365,0.00,18.20,100.00,100.00
2026-05-16T00:35:38.398677,20.00,0.00,100.00,100.00
2026-05-16T00:35:38.502460,27.30,0.00,100.00,100.00
2026-05-16T00:35:38.606854,0.00,11.10,100.00,100.00
2026-05-16T00:35:38.710821,20.00,11.10,100.00,100.00
2026-05-16T00:35:38.814950,10.00,0.00,100.00,100.00
2026-05-16T00:35:38.919369,20.00,0.00,100.00,100.00
2026-05-16T00:35:39.023164,18.20,11.10,100.00,100.00
2026-05-16T00:35:39.126657,10.00,0.00,100.00,100.00
2026-05-16T00:35:39.230231,20.00,20.00,100.00,100.00
2026-05-16T00:35:39.333607,20.00,0.00,100.00,100.00
2026-05-16T00:35:39.437030,10.00,0.00,100.00,100.00
2026-05-16T00:35:39.540872,10.00,0.00,100.00,100.00
2026-05-16T00:35:39.644526,20.00,10.00,100.00,100.00
2026-05-16T00:35:39.747899,20.00,11.10,100.00,100.00
2026-05-16T00:35:41.851680,14.90,18.00,100.00,9.50
2026-05-16T00:35:41.954034,11.10,11.10,100.00,16.70
2026-05-16T00:35:42.056114,11.10,10.00,100.00,0.00
2026-05-16T00:35:42.158263,0.00,0.00,100.00,0.00
2026-05-16T00:35:42.260378,10.00,11.10,100.00,0.00
2026-05-16T00:35:42.362568,11.10,0.00,100.00,0.00
2026-05-16T00:35:42.464665,0.00,0.00,100.00,9.10
2026-05-16T00:35:42.566833,10.00,11.10,100.00,0.00
2026-05-16T00:35:42.669019,20.00,10.00,100.00,0.00
2026-05-16T00:35:42.771373,10.00,0.00,100.00,0.00
2026-05-16T00:35:42.873853,11.10,11.10,100.00,0.00
2026-05-16T00:35:42.976375,11.10,0.00,100.00,0.00
2026-05-16T00:35:43.078920,10.00,0.00,100.00,0.00
2026-05-16T00:35:43.181009,11.10,27.30,100.00,0.00
2026-05-16T00:35:43.283151,18.20,0.00,100.00,0.00
2026-05-16T00:35:43.385502,20.00,0.00,100.00,0.00
2026-05-16T00:35:43.487629,11.10,0.00,100.00,0.00
2026-05-16T00:35:43.589839,0.00,0.00,100.00,0.00
2026-05-16T00:35:43.692119,20.00,11.10,100.00,0.00
2026-05-16T00:35:43.794453,20.00,0.00,100.00,0.00
2026-05-16T00:35:43.896506,0.00,0.00,100.00,0.00
2026-05-16T00:35:43.998626,11.10,11.10,100.00,9.10
2026-05-16T00:35:44.100861,10.00,0.00,100.00,0.00
2026-05-16T00:35:44.202915,11.10,0.00,100.00,0.00
2026-05-16T00:35:44.305279,0.00,0.00,100.00,0.00
2026-05-16T00:35:44.407328,11.10,20.00,100.00,0.00
2026-05-16T00:35:44.509378,27.30,0.00,100.00,0.00
2026-05-16T00:35:44.611459,0.00,0.00,100.00,9.10
2026-05-16T00:35:44.941755,32.10,37.90,100.00,51.60
2026-05-16T00:35:45.045359,18.20,12.50,100.00,100.00
2026-05-16T00:35:45.149133,12.50,11.10,100.00,100.00
2026-05-16T00:35:45.253229,10.00,11.10,100.00,100.00
2026-05-16T00:35:45.357020,0.00,11.10,100.00,100.00
2026-05-16T00:35:45.460549,10.00,0.00,100.00,100.00
2026-05-16T00:35:45.564040,11.10,0.00,100.00,100.00
2026-05-16T00:35:45.667520,11.10,0.00,100.00,100.00
2026-05-16T00:35:45.771137,11.10,11.10,100.00,100.00
2026-05-16T00:35:45.874907,10.00,11.10,100.00,100.00
2026-05-16T00:35:45.978659,20.00,0.00,100.00,100.00
2026-05-16T00:35:46.082365,0.00,0.00,100.00,100.00
2026-05-16T00:35:46.186019,20.00,11.10,100.00,100.00
2026-05-16T00:35:46.289745,11.10,11.10,100.00,100.00
2026-05-16T00:35:46.393609,0.00,0.00,100.00,100.00
2026-05-16T00:35:46.497511,10.00,10.00,100.00,100.00
2026-05-16T00:35:46.600907,0.00,11.10,100.00,100.00
2026-05-16T00:35:46.704414,20.00,11.10,100.00,100.00
2026-05-16T00:35:46.808159,0.00,0.00,100.00,100.00
2026-05-16T00:35:46.911928,11.10,0.00,100.00,100.00
2026-05-16T00:35:47.016813,10.00,10.00,100.00,100.00
2026-05-16T00:35:47.120983,11.10,0.00,100.00,100.00
2026-05-16T00:35:47.225792,0.00,11.10,100.00,100.00
2026-05-16T00:35:47.329461,18.20,0.00,100.00,100.00
2026-05-16T00:35:47.433864,11.10,0.00,100.00,100.00
2026-05-16T00:35:47.538005,10.00,11.10,100.00,100.00
2026-05-16T00:35:47.642044,0.00,11.10,100.00,100.00
2026-05-16T00:35:47.745856,10.00,20.00,100.00,100.00
2026-05-16T00:35:47.850406,11.10,0.00,100.00,100.00
2026-05-16T00:35:47.953679,20.00,11.10,100.00,100.00
2026-05-16T00:35:48.057853,10.00,0.00,100.00,100.00
2026-05-16T00:35:48.161353,0.00,20.00,100.00,100.00
2026-05-16T00:35:48.265250,0.00,0.00,100.00,100.00
2026-05-16T00:35:48.368917,11.10,0.00,100.00,100.00
2026-05-16T00:35:48.472882,10.00,22.20,100.00,100.00
2026-05-16T00:35:48.577382,11.10,0.00,100.00,100.00
2026-05-16T00:35:48.681389,0.00,0.00,100.00,100.00
2026-05-16T00:35:48.785886,11.10,11.10,100.00,100.00
2026-05-16T00:35:48.889391,10.00,11.10,100.00,100.00
2026-05-16T00:35:48.993131,11.10,0.00,100.00,100.00
2026-05-16T00:35:49.097286,10.00,0.00,100.00,100.00
2026-05-16T00:35:49.200890,20.00,11.10,100.00,100.00
2026-05-16T00:35:49.304483,0.00,0.00,100.00,100.00
2026-05-16T00:35:49.408015,18.20,0.00,100.00,100.00
2026-05-16T00:35:49.511480,11.10,10.00,100.00,100.00
2026-05-16T00:35:49.615002,0.00,11.10,100.00,100.00
2026-05-16T00:35:49.718547,11.10,0.00,100.00,100.00
2026-05-16T00:35:49.822197,20.00,0.00,100.00,100.00
2026-05-16T00:35:49.925844,0.00,0.00,100.00,100.00
2026-05-16T00:35:50.029615,20.00,0.00,100.00,100.00
2026-05-16T00:35:50.133452,11.10,22.20,100.00,100.00
2026-05-16T00:35:50.237071,11.10,0.00,100.00,100.00
2026-05-16T00:35:50.340831,10.00,0.00,100.00,100.00
2026-05-16T00:35:50.444730,0.00,22.20,100.00,100.00
2026-05-16T00:35:50.548586,0.00,0.00,100.00,100.00
2026-05-16T00:35:50.652621,11.10,0.00,100.00,100.00
2026-05-16T00:35:50.756075,11.10,12.50,100.00,100.00
2026-05-16T00:35:50.859792,0.00,0.00,100.00,100.00
2026-05-16T00:35:50.963621,11.10,22.20,100.00,100.00
2026-05-16T00:35:51.067442,0.00,0.00,100.00,100.00
2026-05-16T00:35:51.171062,27.30,11.10,100.00,100.00
2026-05-16T00:35:51.274788,11.10,0.00,100.00,100.00
2026-05-16T00:35:51.378276,11.10,20.00,100.00,100.00
2026-05-16T00:35:51.481722,20.00,0.00,100.00,100.00
2026-05-16T00:35:51.585384,0.00,11.10,100.00,100.00
2026-05-16T00:35:51.689492,20.00,0.00,100.00,100.00
2026-05-16T00:35:51.793066,11.10,0.00,100.00,100.00
2026-05-16T00:35:51.897220,11.10,20.00,100.00,100.00
2026-05-16T00:35:52.000749,11.10,12.50,100.00,100.00
2026-05-16T00:35:52.104376,20.00,0.00,100.00,100.00
2026-05-16T00:35:52.208029,20.00,0.00,100.00,100.00
2026-05-16T00:35:52.311969,11.10,0.00,100.00,100.00
2026-05-16T00:35:52.415848,11.10,11.10,100.00,100.00
2026-05-16T00:35:52.520145,20.00,0.00,100.00,100.00
2026-05-16T00:35:52.624220,0.00,0.00,100.00,100.00
2026-05-16T00:35:52.728504,20.00,12.50,100.00,100.00
2026-05-16T00:35:52.832195,0.00,20.00,100.00,100.00
2026-05-16T00:35:52.935823,10.00,0.00,100.00,100.00
2026-05-16T00:35:53.039524,11.10,12.50,100.00,100.00
2026-05-16T00:35:53.143253,22.20,0.00,100.00,100.00
2026-05-16T00:35:53.247201,0.00,11.10,100.00,100.00
2026-05-16T00:35:53.350921,11.10,12.50,100.00,100.00
2026-05-16T00:35:53.454687,10.00,11.10,100.00,100.00
2026-05-16T00:35:53.558296,11.10,0.00,100.00,100.00
2026-05-16T00:35:53.661525,0.00,12.50,100.00,100.00
2026-05-16T00:35:53.765391,20.00,11.10,100.00,100.00
2026-05-16T00:35:53.868855,27.30,0.00,100.00,100.00
2026-05-16T00:35:53.972982,0.00,11.10,100.00,100.00
2026-05-16T00:35:54.076878,20.00,0.00,100.00,100.00
2026-05-16T00:35:54.180606,11.10,0.00,100.00,100.00
2026-05-16T00:35:54.284159,12.50,12.50,100.00,100.00
2026-05-16T00:35:54.388201,27.30,20.00,100.00,100.00
2026-05-16T00:35:54.492651,22.20,0.00,100.00,100.00
2026-05-16T00:35:54.596287,20.00,0.00,100.00,100.00
2026-05-16T00:35:54.699821,11.10,0.00,100.00,100.00
2026-05-16T00:35:54.803654,20.00,0.00,100.00,100.00
2026-05-16T00:35:54.907674,20.00,11.10,100.00,100.00
2026-05-16T00:35:55.011645,11.10,0.00,100.00,100.00
2026-05-16T00:35:55.115653,20.00,0.00,100.00,100.00
2026-05-16T00:35:55.219959,12.50,20.00,100.00,100.00
2026-05-16T00:35:55.324045,20.00,12.50,100.00,100.00
2026-05-16T00:35:55.428055,11.10,12.50,100.00,100.00
2026-05-16T00:35:55.532323,30.00,0.00,100.00,100.00
2026-05-16T00:35:55.635998,11.10,12.50,100.00,100.00
2026-05-16T00:35:55.740671,20.00,11.10,100.00,100.00
2026-05-16T00:35:55.845297,11.10,11.10,100.00,100.00
2026-05-16T00:35:55.949938,11.10,0.00,100.00,100.00
2026-05-16T00:35:56.054616,20.00,0.00,100.00,100.00
2026-05-16T00:35:56.159130,12.50,12.50,100.00,100.00
2026-05-16T00:35:56.262799,27.30,0.00,100.00,100.00
2026-05-16T00:35:56.366355,11.10,0.00,100.00,100.00
2026-05-16T00:35:56.469849,11.10,20.00,100.00,100.00
2026-05-16T00:35:56.573705,11.10,0.00,100.00,100.00
2026-05-16T00:35:56.677484,11.10,0.00,100.00,100.00
2026-05-16T00:35:56.781286,10.00,0.00,100.00,100.00
2026-05-16T00:35:56.885189,11.10,0.00,100.00,100.00
2026-05-16T00:35:56.988721,11.10,11.10,100.00,100.00
2026-05-16T00:35:57.092482,11.10,11.10,100.00,100.00
2026-05-16T00:35:57.195992,22.20,0.00,100.00,100.00
2026-05-16T00:35:57.299987,11.10,0.00,100.00,100.00
2026-05-16T00:35:57.403989,0.00,20.00,100.00,100.00
2026-05-16T00:35:57.507705,11.10,0.00,100.00,100.00
2026-05-16T00:35:57.611451,11.10,11.10,100.00,100.00
2026-05-16T00:35:57.716667,22.20,12.50,100.00,100.00
2026-05-16T00:35:57.820121,20.00,0.00,100.00,100.00
2026-05-16T00:35:57.923781,11.10,0.00,100.00,100.00
2026-05-16T00:35:58.027523,11.10,11.10,100.00,100.00
2026-05-16T00:35:58.131495,11.10,12.50,100.00,100.00
2026-05-16T00:35:58.235333,12.50,0.00,100.00,100.00
2026-05-16T00:35:58.339897,0.00,0.00,100.00,100.00
2026-05-16T00:35:58.444392,20.00,12.50,100.00,100.00
2026-05-16T00:35:58.548990,0.00,0.00,100.00,100.00
2026-05-16T00:35:58.653595,12.50,20.00,100.00,100.00
2026-05-16T00:35:58.757357,11.10,12.50,100.00,100.00
2026-05-16T00:35:58.861542,20.00,0.00,100.00,100.00
2026-05-16T00:35:58.965416,12.50,0.00,100.00,100.00
2026-05-16T00:35:59.069279,11.10,0.00,100.00,100.00
2026-05-16T00:35:59.173731,20.00,0.00,100.00,100.00
2026-05-16T00:35:59.278129,0.00,22.20,100.00,100.00
2026-05-16T00:35:59.381797,11.10,0.00,100.00,100.00
2026-05-16T00:35:59.486405,20.00,11.10,100.00,100.00
2026-05-16T00:35:59.590349,0.00,0.00,100.00,100.00
2026-05-16T00:35:59.694511,11.10,11.10,100.00,100.00
2026-05-16T00:35:59.798780,11.10,0.00,100.00,100.00
2026-05-16T00:35:59.903213,11.10,22.20,100.00,100.00
2026-05-16T00:36:00.007182,11.10,0.00,100.00,100.00
2026-05-16T00:36:00.110945,11.10,12.50,100.00,100.00
2026-05-16T00:36:00.214500,11.10,11.10,100.00,100.00
2026-05-16T00:36:00.317779,0.00,0.00,100.00,100.00
2026-05-16T00:36:00.421509,20.00,0.00,100.00,100.00
2026-05-16T00:36:00.525289,11.10,11.10,100.00,100.00
2026-05-16T00:36:00.628846,20.00,0.00,100.00,100.00
2026-05-16T00:36:00.732566,11.10,12.50,100.00,100.00
2026-05-16T00:36:00.836303,0.00,0.00,100.00,100.00
2026-05-16T00:36:00.942752,11.10,20.00,100.00,100.00
2026-05-16T00:36:01.046682,11.10,22.20,100.00,100.00
2026-05-16T00:36:01.150635,11.10,0.00,100.00,100.00
2026-05-16T00:36:01.254369,11.10,11.10,100.00,100.00
2026-05-16T00:36:01.357827,0.00,0.00,100.00,100.00
2026-05-16T00:36:01.461605,27.30,0.00,100.00,100.00
2026-05-16T00:36:01.565156,12.50,11.10,100.00,100.00
2026-05-16T00:36:01.668796,0.00,0.00,100.00,100.00
2026-05-16T00:36:01.772572,20.00,0.00,100.00,100.00
2026-05-16T00:36:01.876296,0.00,12.50,100.00,100.00
2026-05-16T00:36:01.980054,20.00,11.10,100.00,100.00
2026-05-16T00:36:02.083661,0.00,0.00,100.00,100.00
2026-05-16T00:36:02.187354,20.00,11.10,100.00,100.00
2026-05-16T00:36:02.291134,11.10,0.00,100.00,100.00
2026-05-16T00:36:02.395357,11.10,0.00,100.00,100.00
2026-05-16T00:36:02.498627,11.10,0.00,100.00,100.00
2026-05-16T00:36:02.602702,11.10,0.00,100.00,100.00
2026-05-16T00:36:02.706287,22.20,0.00,100.00,100.00
2026-05-16T00:36:02.810350,11.10,20.00,100.00,100.00
2026-05-16T00:36:02.914236,11.10,0.00,100.00,100.00
2026-05-16T00:36:03.017856,20.00,12.50,100.00,100.00
2026-05-16T00:36:03.121499,10.00,0.00,100.00,100.00
2026-05-16T00:36:03.226537,20.00,11.10,100.00,100.00
2026-05-16T00:36:03.330279,11.10,0.00,100.00,100.00
2026-05-16T00:36:03.434493,0.00,11.10,100.00,100.00
2026-05-16T00:36:03.539172,11.10,0.00,100.00,100.00
2026-05-16T00:36:03.642701,20.00,11.10,100.00,100.00
2026-05-16T00:36:03.746827,0.00,12.50,100.00,100.00
2026-05-16T00:36:03.850504,20.00,0.00,100.00,100.00
2026-05-16T00:36:03.954475,11.10,0.00,100.00,100.00
2026-05-16T00:36:04.058208,11.10,11.10,100.00,100.00
2026-05-16T00:36:04.162025,11.10,12.50,100.00,100.00
2026-05-16T00:36:04.265863,11.10,0.00,100.00,100.00
2026-05-16T00:36:04.369447,0.00,0.00,100.00,100.00
2026-05-16T00:36:04.473455,20.00,22.20,100.00,100.00
2026-05-16T00:36:04.577526,0.00,0.00,100.00,100.00
2026-05-16T00:36:04.681292,20.00,0.00,100.00,100.00
2026-05-16T00:36:04.785895,22.20,25.00,100.00,100.00
2026-05-16T00:36:04.988219,77.80,90.50,95.00,100.00
2026-05-16T00:36:05.093023,50.00,57.10,66.70,40.00
2026-05-16T00:36:05.198221,57.10,55.60,55.60,22.20
2026-05-16T00:36:05.303175,60.00,55.60,66.70,22.20
2026-05-16T00:36:05.408257,70.00,57.10,57.10,12.50
2026-05-16T00:36:05.514416,42.90,55.60,60.00,30.00
2026-05-16T00:36:05.619482,55.60,60.00,60.00,22.20
2026-05-16T00:36:05.726232,66.70,62.50,62.50,30.00
2026-05-16T00:36:05.831689,50.00,50.00,50.00,12.50
2026-05-16T00:36:05.935917,60.00,50.00,60.00,22.20
2026-05-16T00:36:06.040975,62.50,50.00,66.70,22.20
2026-05-16T00:36:06.146311,50.00,55.60,66.70,22.20
2026-05-16T00:36:06.253260,60.00,60.00,42.90,22.20
2026-05-16T00:36:06.358488,50.00,57.10,55.60,22.20
2026-05-16T00:36:06.464195,66.70,50.00,66.70,12.50
2026-05-16T00:36:06.569316,50.00,55.60,50.00,22.20
2026-05-16T00:36:06.674537,60.00,55.60,62.50,22.20
2026-05-16T00:36:06.779579,55.60,60.00,60.00,12.50
2026-05-16T00:36:06.884904,50.00,42.90,57.10,22.20
2026-05-16T00:36:06.990906,62.50,50.00,44.40,22.20
2026-05-16T00:36:07.095898,55.60,62.50,66.70,22.20
2026-05-16T00:36:07.200361,42.90,50.00,50.00,12.50
2026-05-16T00:36:07.305650,60.00,60.00,62.50,36.40
2026-05-16T00:36:07.410676,62.50,50.00,60.00,22.20
2026-05-16T00:36:07.515578,60.00,60.00,55.60,22.20
2026-05-16T00:36:07.620550,62.50,62.50,57.10,30.00
2026-05-16T00:36:07.725492,62.50,70.00,70.00,25.00
2026-05-16T00:36:07.831217,55.60,55.60,55.60,22.20
2026-05-16T00:36:07.936383,55.60,50.00,55.60,22.20
2026-05-16T00:36:08.041218,50.00,55.60,50.00,22.20
2026-05-16T00:36:08.147312,70.00,55.60,55.60,22.20
2026-05-16T00:36:08.252946,50.00,62.50,66.70,12.50
2026-05-16T00:36:08.357985,66.70,55.60,60.00,12.50
2026-05-16T00:36:08.463230,50.00,60.00,55.60,22.20
2026-05-16T00:36:08.569209,70.00,55.60,66.70,22.20
2026-05-16T00:36:08.674816,55.60,62.50,60.00,30.00
2026-05-16T00:36:08.779271,66.70,50.00,57.10,22.20
2026-05-16T00:36:08.884271,50.00,42.90,55.60,22.20
2026-05-16T00:36:08.989047,66.70,50.00,57.10,22.20
2026-05-16T00:36:09.094333,50.00,60.00,55.60,22.20
2026-05-16T00:36:09.200394,55.60,55.60,66.70,22.20
2026-05-16T00:36:09.305505,66.70,50.00,55.60,12.50
2026-05-16T00:36:09.411030,50.00,66.70,62.50,22.20
2026-05-16T00:36:09.515932,60.00,55.60,60.00,22.20
2026-05-16T00:36:09.620389,57.10,50.00,42.90,33.30
2026-05-16T00:36:09.726243,55.60,62.50,66.70,22.20
2026-05-16T00:36:09.831305,62.50,60.00,50.00,22.20
2026-05-16T00:36:09.936689,55.60,57.10,66.70,22.20
2026-05-16T00:36:10.041592,55.60,50.00,60.00,22.20
2026-05-16T00:36:10.146741,66.70,60.00,57.10,25.00
2026-05-16T00:36:10.252372,50.00,66.70,55.60,22.20
2026-05-16T00:36:10.356512,62.50,50.00,57.10,30.00
2026-05-16T00:36:10.461515,60.00,50.00,55.60,30.00
2026-05-16T00:36:10.566054,66.70,55.60,62.50,12.50
2026-05-16T00:36:10.671575,60.00,57.10,55.60,30.00
2026-05-16T00:36:10.776230,57.10,50.00,62.50,12.50
2026-05-16T00:36:10.881296,55.60,60.00,55.60,22.20
2026-05-16T00:36:10.985934,60.00,55.60,55.60,33.30
2026-05-16T00:36:11.090485,55.60,57.10,62.50,22.20
2026-05-16T00:36:11.196186,62.50,60.00,60.00,22.20
2026-05-16T00:36:11.300482,42.90,50.00,66.70,12.50
2026-05-16T00:36:11.405807,55.60,50.00,50.00,30.00
2026-05-16T00:36:11.510362,55.60,62.50,55.60,22.20
2026-05-16T00:36:11.615776,66.70,55.60,66.70,30.00
2026-05-16T00:36:11.720974,63.60,62.50,50.00,25.00
2026-05-16T00:36:11.826750,57.10,55.60,66.70,22.20
2026-05-16T00:36:11.937709,63.60,60.00,50.00,30.00
2026-05-16T00:36:12.043394,57.10,57.10,70.00,12.50
2026-05-16T00:36:12.147610,55.60,55.60,50.00,22.20
2026-05-16T00:36:12.253669,60.00,50.00,60.00,22.20
2026-05-16T00:36:12.359280,62.50,55.60,50.00,12.50
2026-05-16T00:36:12.463891,60.00,50.00,60.00,30.00
2026-05-16T00:36:12.568703,62.50,62.50,66.70,0.00
2026-05-16T00:36:12.674525,55.60,55.60,50.00,30.00
2026-05-16T00:36:12.779278,55.60,55.60,66.70,25.00
2026-05-16T00:36:12.885153,66.70,62.50,57.10,20.00
2026-05-16T00:36:12.991227,62.50,60.00,60.00,22.20
2026-05-16T00:36:13.096439,60.00,50.00,62.50,14.30
2026-05-16T00:36:13.201711,50.00,55.60,63.60,22.20
2026-05-16T00:36:13.307551,66.70,66.70,57.10,30.00
2026-05-16T00:36:13.412487,50.00,50.00,55.60,22.20
2026-05-16T00:36:13.518284,62.50,60.00,50.00,30.00
2026-05-16T00:36:13.623038,55.60,50.00,66.70,12.50
2026-05-16T00:36:13.728382,66.70,70.00,66.70,36.40
2026-05-16T00:36:13.834741,50.00,42.90,50.00,14.30
2026-05-16T00:36:13.939536,57.10,70.00,60.00,22.20
2026-05-16T00:36:14.044938,55.60,50.00,57.10,22.20
2026-05-16T00:36:14.150874,60.00,55.60,44.40,20.00
2026-05-16T00:36:14.256578,62.50,60.00,62.50,12.50
2026-05-16T00:36:14.361473,55.60,55.60,66.70,22.20
2026-05-16T00:36:14.466401,66.70,66.70,55.60,14.30
2026-05-16T00:36:14.571237,55.60,50.00,60.00,30.00
2026-05-16T00:36:14.676318,55.60,50.00,62.50,22.20
2026-05-16T00:36:14.780754,42.90,62.50,60.00,22.20
2026-05-16T00:36:14.885736,66.70,50.00,50.00,22.20
2026-05-16T00:36:14.992445,60.00,66.70,66.70,22.20
2026-05-16T00:36:15.097200,62.50,55.60,66.70,22.20
2026-05-16T00:36:15.203338,55.60,55.60,55.60,22.20
2026-05-16T00:36:15.308292,55.60,55.60,66.70,22.20
2026-05-16T00:36:15.413547,55.60,55.60,50.00,40.00
2026-05-16T00:36:15.517909,55.60,57.10,60.00,12.50
2026-05-16T00:36:15.623445,55.60,50.00,55.60,22.20
2026-05-16T00:36:15.728492,66.70,63.60,66.70,22.20
2026-05-16T00:36:15.834317,55.60,62.50,55.60,22.20
2026-05-16T00:36:15.938551,62.50,37.50,62.50,25.00
2026-05-16T00:36:16.044377,55.60,66.70,60.00,20.00
2026-05-16T00:36:16.149543,55.60,50.00,66.70,22.20
2026-05-16T00:36:16.254922,62.50,50.00,55.60,33.30
2026-05-16T00:36:16.359867,60.00,55.60,50.00,30.00
2026-05-16T00:36:16.465560,50.00,60.00,60.00,12.50
2026-05-16T00:36:16.570257,55.60,55.60,57.10,30.00
2026-05-16T00:36:16.675055,62.50,55.60,55.60,22.20
2026-05-16T00:36:16.780300,50.00,57.10,55.60,22.20
2026-05-16T00:36:16.885937,55.60,55.60,62.50,12.50
2026-05-16T00:36:16.991262,55.60,50.00,55.60,22.20
2026-05-16T00:36:17.096322,66.70,62.50,62.50,22.20
2026-05-16T00:36:17.202226,55.60,60.00,60.00,30.00
2026-05-16T00:36:17.306607,57.10,50.00,60.00,12.50
2026-05-16T00:36:17.412365,55.60,50.00,50.00,22.20
2026-05-16T00:36:17.516893,55.60,63.60,60.00,25.00
2026-05-16T00:36:17.621325,50.00,57.10,57.10,20.00
2026-05-16T00:36:17.727010,66.70,50.00,66.70,33.30
2026-05-16T00:36:17.832704,50.00,55.60,62.50,22.20
2026-05-16T00:36:17.937238,55.60,50.00,42.90,12.50
2026-05-16T00:36:18.041292,62.50,55.60,60.00,30.00
2026-05-16T00:36:18.145631,55.60,50.00,50.00,12.50
2026-05-16T00:36:18.250860,60.00,60.00,62.50,22.20
2026-05-16T00:36:18.356308,50.00,50.00,55.60,12.50
2026-05-16T00:36:18.461391,55.60,55.60,66.70,30.00
2026-05-16T00:36:18.567418,70.00,62.50,62.50,22.20
2026-05-16T00:36:18.672989,55.60,50.00,60.00,22.20
2026-05-16T00:36:18.777722,66.70,55.60,66.70,22.20
2026-05-16T00:36:18.883018,55.60,55.60,42.90,12.50
2026-05-16T00:36:18.988187,55.60,57.10,60.00,22.20
2026-05-16T00:36:19.093700,50.00,44.40,55.60,20.00
2026-05-16T00:36:19.198728,70.00,66.70,62.50,25.00
2026-05-16T00:36:19.303533,57.10,55.60,57.10,22.20
2026-05-16T00:36:19.408075,60.00,50.00,55.60,22.20
2026-05-16T00:36:19.513554,55.60,60.00,60.00,22.20
2026-05-16T00:36:19.618626,70.00,55.60,62.50,22.20
2026-05-16T00:36:19.725674,60.00,57.10,63.60,22.20
2026-05-16T00:36:19.849834,20.00,18.20,20.00,25.00
2026-05-16T00:36:19.952908,0.00,0.00,0.00,100.00
2026-05-16T00:36:20.055857,0.00,0.00,9.10,100.00
2026-05-16T00:36:20.158714,0.00,0.00,9.10,100.00
2026-05-16T00:36:20.261532,0.00,0.00,0.00,100.00
2026-05-16T00:36:20.364430,9.10,0.00,0.00,100.00
2026-05-16T00:36:20.467264,0.00,0.00,0.00,100.00
2026-05-16T00:36:20.570570,0.00,8.30,9.10,100.00
2026-05-16T00:36:20.673637,9.10,0.00,0.00,100.00
2026-05-16T00:36:20.776427,0.00,0.00,0.00,100.00
2026-05-16T00:36:20.879254,0.00,0.00,0.00,100.00
2026-05-16T00:36:20.982755,9.10,9.10,0.00,100.00
2026-05-16T00:36:21.085719,9.10,0.00,0.00,100.00
2026-05-16T00:36:21.188803,0.00,0.00,0.00,100.00
2026-05-16T00:36:21.291737,0.00,0.00,0.00,100.00
2026-05-16T00:36:21.394885,0.00,0.00,0.00,100.00
2026-05-16T00:36:21.497831,0.00,0.00,9.10,100.00
2026-05-16T00:36:21.600672,9.10,9.10,9.10,100.00
2026-05-16T00:36:21.704275,10.00,0.00,63.60,100.00
2026-05-16T00:36:21.868575,33.30,23.50,100.00,100.00
2026-05-16T00:36:21.972144,100.00,16.70,100.00,100.00
2026-05-16T00:36:22.075684,30.00,40.00,100.00,100.00
2026-05-16T00:36:22.179300,8.30,0.00,100.00,100.00
2026-05-16T00:36:22.284292,0.00,20.00,100.00,100.00
2026-05-16T00:36:22.388571,0.00,10.00,100.00,100.00
2026-05-16T00:36:22.492062,0.00,0.00,100.00,100.00
2026-05-16T00:36:22.595480,9.10,0.00,100.00,100.00
2026-05-16T00:36:22.698920,0.00,16.70,100.00,100.00
2026-05-16T00:36:22.802451,9.10,0.00,100.00,100.00
2026-05-16T00:36:22.905957,8.30,9.10,100.00,100.00
2026-05-16T00:36:23.009318,0.00,0.00,100.00,100.00
2026-05-16T00:36:23.113068,0.00,0.00,100.00,100.00
2026-05-16T00:36:23.216609,0.00,9.10,100.00,100.00
2026-05-16T00:36:23.320185,0.00,0.00,100.00,100.00
2026-05-16T00:36:23.423671,0.00,0.00,100.00,100.00
2026-05-16T00:36:23.526979,0.00,0.00,100.00,100.00
2026-05-16T00:36:23.630674,9.10,9.10,100.00,100.00
2026-05-16T00:36:23.734109,8.30,0.00,100.00,100.00
2026-05-16T00:36:23.837612,0.00,0.00,100.00,100.00
2026-05-16T00:36:23.941321,0.00,0.00,100.00,100.00
2026-05-16T00:36:24.045034,0.00,16.70,100.00,100.00
2026-05-16T00:36:24.148616,0.00,0.00,100.00,100.00
2026-05-16T00:36:24.252099,0.00,0.00,100.00,100.00
2026-05-16T00:36:24.355411,0.00,9.10,100.00,100.00
2026-05-16T00:36:24.458777,0.00,0.00,100.00,100.00
2026-05-16T00:36:24.562140,9.10,0.00,100.00,100.00
2026-05-16T00:36:24.665577,0.00,9.10,100.00,100.00
2026-05-16T00:36:24.769098,0.00,0.00,100.00,100.00
2026-05-16T00:36:24.872652,0.00,0.00,100.00,100.00
2026-05-16T00:36:24.976385,9.10,9.10,100.00,100.00
2026-05-16T00:36:25.079810,0.00,0.00,100.00,100.00
2026-05-16T00:36:25.183079,0.00,0.00,100.00,100.00
2026-05-16T00:36:25.286369,0.00,0.00,100.00,100.00
2026-05-16T00:36:25.389785,9.10,18.20,100.00,100.00
2026-05-16T00:36:25.493045,9.10,0.00,100.00,100.00
2026-05-16T00:36:25.596236,0.00,0.00,100.00,100.00
2026-05-16T00:36:25.699557,0.00,0.00,100.00,100.00
2026-05-16T00:36:25.802747,0.00,9.10,100.00,100.00
2026-05-16T00:36:25.906275,9.10,0.00,100.00,100.00
2026-05-16T00:36:26.009550,0.00,0.00,100.00,100.00
2026-05-16T00:36:26.112992,0.00,0.00,100.00,100.00
2026-05-16T00:36:26.216483,0.00,0.00,100.00,100.00
2026-05-16T00:36:26.319752,0.00,0.00,100.00,100.00
2026-05-16T00:36:26.423303,9.10,0.00,100.00,100.00
2026-05-16T00:36:26.526429,0.00,9.10,100.00,100.00
2026-05-16T00:36:26.629660,0.00,9.10,100.00,100.00
2026-05-16T00:36:26.732865,0.00,0.00,100.00,100.00
2026-05-16T00:36:26.836565,0.00,0.00,100.00,100.00
2026-05-16T00:36:26.939814,0.00,0.00,100.00,100.00
2026-05-16T00:36:27.043245,9.10,0.00,100.00,100.00
2026-05-16T00:36:27.146612,9.10,0.00,100.00,100.00
2026-05-16T00:36:27.249841,10.00,0.00,100.00,100.00
2026-05-16T00:36:27.353285,0.00,0.00,100.00,100.00
2026-05-16T00:36:27.456826,9.10,16.70,100.00,100.00
2026-05-16T00:36:27.560244,0.00,0.00,100.00,100.00
2026-05-16T00:36:27.663655,0.00,0.00,100.00,100.00
2026-05-16T00:36:27.767036,9.10,9.10,100.00,100.00
2026-05-16T00:36:27.870342,0.00,0.00,100.00,100.00
2026-05-16T00:36:27.973654,0.00,0.00,100.00,100.00
2026-05-16T00:36:28.076911,0.00,0.00,100.00,100.00
2026-05-16T00:36:28.180136,9.10,0.00,100.00,100.00
2026-05-16T00:36:28.283275,0.00,0.00,100.00,100.00
2026-05-16T00:36:28.386555,10.00,10.00,100.00,100.00
2026-05-16T00:36:28.489720,0.00,9.10,100.00,100.00
2026-05-16T00:36:28.593004,9.10,0.00,100.00,100.00
2026-05-16T00:36:28.696575,0.00,0.00,100.00,100.00
2026-05-16T00:36:28.799937,0.00,0.00,100.00,100.00
2026-05-16T00:36:28.903500,0.00,0.00,100.00,100.00
2026-05-16T00:36:29.006651,0.00,0.00,100.00,100.00
2026-05-16T00:36:29.109961,0.00,9.10,100.00,100.00
2026-05-16T00:36:29.213458,0.00,0.00,100.00,100.00
2026-05-16T00:36:29.317035,18.20,10.00,100.00,100.00
2026-05-16T00:36:29.420259,0.00,8.30,100.00,100.00
2026-05-16T00:36:29.523525,0.00,0.00,100.00,100.00
2026-05-16T00:36:29.626915,9.10,0.00,100.00,100.00
2026-05-16T00:36:29.730190,0.00,0.00,100.00,100.00
2026-05-16T00:36:29.833401,0.00,0.00,100.00,100.00
2026-05-16T00:36:29.936596,0.00,9.10,100.00,100.00
2026-05-16T00:36:30.039955,9.10,0.00,100.00,100.00
2026-05-16T00:36:30.143242,0.00,0.00,100.00,100.00
2026-05-16T00:36:30.246555,9.10,0.00,100.00,100.00
2026-05-16T00:36:30.349900,0.00,0.00,100.00,100.00
2026-05-16T00:36:30.453388,16.70,0.00,100.00,100.00
2026-05-16T00:36:30.556821,0.00,0.00,100.00,100.00
2026-05-16T00:36:30.660309,0.00,0.00,100.00,100.00
2026-05-16T00:36:30.763797,0.00,9.10,100.00,100.00
2026-05-16T00:36:30.867151,0.00,0.00,100.00,100.00
2026-05-16T00:36:30.970609,0.00,9.10,100.00,100.00
2026-05-16T00:36:31.074106,9.10,10.00,100.00,100.00
2026-05-16T00:36:31.177451,0.00,0.00,100.00,100.00
2026-05-16T00:36:31.280961,0.00,0.00,100.00,100.00
2026-05-16T00:36:31.384186,0.00,18.20,100.00,100.00
2026-05-16T00:36:31.487418,9.10,0.00,100.00,100.00
2026-05-16T00:36:31.590549,0.00,0.00,100.00,100.00
2026-05-16T00:36:31.694073,0.00,0.00,100.00,100.00
2026-05-16T00:36:31.797520,0.00,0.00,100.00,100.00
2026-05-16T00:36:31.901023,0.00,9.10,100.00,100.00
2026-05-16T00:36:32.004537,9.10,0.00,100.00,100.00
2026-05-16T00:36:32.108083,8.30,0.00,100.00,100.00
2026-05-16T00:36:32.211794,0.00,9.10,100.00,100.00
2026-05-16T00:36:32.315271,0.00,0.00,100.00,100.00
2026-05-16T00:36:32.418924,0.00,0.00,100.00,100.00
2026-05-16T00:36:32.522948,0.00,16.70,100.00,100.00
2026-05-16T00:36:32.626869,9.10,0.00,100.00,100.00
2026-05-16T00:36:32.730454,0.00,0.00,100.00,100.00
2026-05-16T00:36:32.834050,0.00,0.00,100.00,100.00
2026-05-16T00:36:32.937522,0.00,0.00,100.00,100.00
2026-05-16T00:36:33.041038,9.10,0.00,100.00,100.00
2026-05-16T00:36:33.144603,0.00,0.00,100.00,100.00
2026-05-16T00:36:33.248075,0.00,0.00,100.00,100.00
2026-05-16T00:36:33.351974,9.10,0.00,100.00,100.00
2026-05-16T00:36:33.455631,0.00,9.10,100.00,100.00
2026-05-16T00:36:33.559098,0.00,0.00,100.00,100.00
2026-05-16T00:36:33.663251,0.00,0.00,100.00,100.00
2026-05-16T00:36:33.767037,0.00,0.00,100.00,100.00
2026-05-16T00:36:33.870398,9.10,0.00,100.00,100.00
2026-05-16T00:36:33.974237,0.00,0.00,100.00,100.00
2026-05-16T00:36:34.078115,8.30,0.00,100.00,100.00
2026-05-16T00:36:34.181367,0.00,0.00,100.00,100.00
2026-05-16T00:36:34.284818,9.10,15.40,100.00,100.00
2026-05-16T00:36:34.387998,10.00,0.00,100.00,100.00
2026-05-16T00:36:34.491369,0.00,9.10,100.00,100.00
2026-05-16T00:36:34.594900,0.00,9.10,100.00,100.00
2026-05-16T00:36:34.698257,0.00,0.00,100.00,100.00
2026-05-16T00:36:34.801522,9.10,0.00,100.00,100.00
2026-05-16T00:36:34.904940,0.00,0.00,100.00,100.00
2026-05-16T00:36:35.008470,0.00,0.00,100.00,100.00
2026-05-16T00:36:35.112068,0.00,10.00,100.00,100.00
2026-05-16T00:36:35.215537,0.00,0.00,100.00,100.00
2026-05-16T00:36:35.318635,9.10,10.00,100.00,100.00
2026-05-16T00:36:35.421867,9.10,0.00,100.00,100.00
2026-05-16T00:36:35.525004,0.00,9.10,100.00,100.00
2026-05-16T00:36:35.628157,0.00,0.00,100.00,100.00
2026-05-16T00:36:35.731497,0.00,0.00,100.00,100.00
2026-05-16T00:36:35.834956,9.10,0.00,100.00,100.00
2026-05-16T00:36:35.938817,0.00,0.00,100.00,100.00
2026-05-16T00:36:36.042659,0.00,9.10,100.00,100.00
2026-05-16T00:36:36.145987,9.10,0.00,100.00,100.00
2026-05-16T00:36:36.249520,0.00,0.00,100.00,100.00
2026-05-16T00:36:36.352911,16.70,0.00,100.00,100.00
2026-05-16T00:36:36.456806,0.00,0.00,100.00,100.00
2026-05-16T00:36:36.560472,0.00,9.10,100.00,100.00
2026-05-16T00:36:36.664341,0.00,0.00,100.00,100.00
2026-05-16T00:36:36.767693,0.00,0.00,100.00,100.00
2026-05-16T00:36:36.871151,9.10,0.00,100.00,100.00
2026-05-16T00:36:36.974816,0.00,9.10,100.00,100.00
2026-05-16T00:36:37.078052,0.00,0.00,100.00,100.00
2026-05-16T00:36:37.181413,0.00,9.10,100.00,100.00
2026-05-16T00:36:37.284561,9.10,0.00,100.00,100.00
2026-05-16T00:36:37.387996,9.10,9.10,100.00,100.00
2026-05-16T00:36:37.491227,0.00,0.00,100.00,100.00
2026-05-16T00:36:37.594431,9.10,0.00,100.00,100.00
2026-05-16T00:36:37.697724,9.10,9.10,100.00,100.00
2026-05-16T00:36:37.800938,0.00,0.00,100.00,100.00
2026-05-16T00:36:37.904337,9.10,9.10,100.00,100.00
2026-05-16T00:36:38.007586,0.00,0.00,100.00,100.00
2026-05-16T00:36:38.110946,9.10,0.00,100.00,100.00
2026-05-16T00:36:38.214348,0.00,9.10,100.00,100.00
2026-05-16T00:36:38.317624,0.00,0.00,100.00,100.00
2026-05-16T00:36:38.421133,0.00,0.00,100.00,100.00
2026-05-16T00:36:38.524570,9.10,0.00,100.00,100.00
2026-05-16T00:36:38.628194,0.00,0.00,100.00,100.00
2026-05-16T00:36:38.731659,0.00,9.10,100.00,100.00
2026-05-16T00:36:38.835062,9.10,0.00,100.00,100.00
2026-05-16T00:36:38.938617,0.00,0.00,100.00,100.00
2026-05-16T00:36:39.042161,0.00,9.10,100.00,100.00
2026-05-16T00:36:39.145500,0.00,0.00,100.00,100.00
2026-05-16T00:36:39.248860,9.10,0.00,100.00,100.00
2026-05-16T00:36:39.352176,16.70,0.00,100.00,100.00
2026-05-16T00:36:39.455419,0.00,0.00,100.00,100.00
2026-05-16T00:36:39.558838,0.00,0.00,100.00,100.00
2026-05-16T00:36:39.662115,0.00,9.10,100.00,100.00
2026-05-16T00:36:39.765723,9.10,0.00,100.00,100.00
2026-05-16T00:36:39.869096,0.00,0.00,100.00,100.00
2026-05-16T00:36:39.972424,9.10,0.00,100.00,100.00
2026-05-16T00:36:40.075682,0.00,9.10,100.00,100.00
2026-05-16T00:36:40.183722,0.00,9.10,100.00,100.00
2026-05-16T00:36:40.287147,0.00,9.10,100.00,100.00
2026-05-16T00:36:40.390552,9.10,0.00,100.00,100.00
2026-05-16T00:36:40.493893,0.00,10.00,100.00,100.00
2026-05-16T00:36:40.597206,0.00,0.00,100.00,100.00
2026-05-16T00:36:40.700582,0.00,0.00,100.00,100.00
2026-05-16T00:36:40.803827,16.70,0.00,100.00,100.00
2026-05-16T00:36:40.907245,0.00,0.00,100.00,100.00
2026-05-16T00:36:41.010537,10.00,18.20,100.00,100.00
2026-05-16T00:36:41.113872,0.00,0.00,100.00,100.00
2026-05-16T00:36:41.217470,0.00,0.00,100.00,100.00
2026-05-16T00:36:41.320894,9.10,0.00,100.00,100.00
2026-05-16T00:36:41.424169,0.00,0.00,100.00,100.00
2026-05-16T00:36:41.527508,9.10,0.00,100.00,100.00
2026-05-16T00:36:41.630703,0.00,9.10,100.00,100.00
2026-05-16T00:36:41.734209,0.00,0.00,100.00,100.00
2026-05-16T00:36:41.837514,0.00,0.00,100.00,100.00
2026-05-16T00:36:41.941279,9.10,0.00,100.00,100.00
2026-05-16T00:36:42.044869,0.00,0.00,100.00,100.00
2026-05-16T00:36:42.148407,0.00,9.10,100.00,100.00
2026-05-16T00:36:42.251885,0.00,0.00,100.00,100.00
2026-05-16T00:36:42.355176,9.10,0.00,100.00,100.00
2026-05-16T00:36:42.459175,0.00,0.00,100.00,100.00
2026-05-16T00:36:42.562833,0.00,0.00,100.00,100.00
2026-05-16T00:36:42.666586,9.10,9.10,100.00,100.00
2026-05-16T00:36:42.769901,9.10,0.00,100.00,100.00
2026-05-16T00:36:42.874069,0.00,0.00,100.00,100.00
2026-05-16T00:36:42.977411,0.00,0.00,100.00,100.00
2026-05-16T00:36:43.080780,9.10,0.00,100.00,100.00
2026-05-16T00:36:43.184099,0.00,0.00,100.00,100.00
2026-05-16T00:36:43.287384,9.10,0.00,100.00,100.00
2026-05-16T00:36:43.390874,0.00,10.00,100.00,100.00
2026-05-16T00:36:43.494187,10.00,10.00,100.00,100.00
2026-05-16T00:36:43.597495,9.10,0.00,100.00,100.00
2026-05-16T00:36:43.700665,0.00,0.00,100.00,100.00
2026-05-16T00:36:43.804165,0.00,9.10,100.00,100.00
2026-05-16T00:36:43.907969,0.00,0.00,100.00,100.00
2026-05-16T00:36:44.011743,0.00,0.00,100.00,100.00
2026-05-16T00:36:44.115302,0.00,9.10,100.00,100.00
2026-05-16T00:36:44.218607,0.00,0.00,100.00,100.00
2026-05-16T00:36:44.321870,0.00,0.00,100.00,100.00
2026-05-16T00:36:44.425242,9.10,0.00,100.00,100.00
2026-05-16T00:36:44.528343,9.10,0.00,100.00,100.00
2026-05-16T00:36:44.631477,0.00,9.10,100.00,100.00
2026-05-16T00:36:44.735048,0.00,0.00,100.00,100.00
2026-05-16T00:36:44.838452,9.10,0.00,100.00,100.00
2026-05-16T00:36:44.941544,0.00,8.30,100.00,100.00
2026-05-16T00:36:45.044825,0.00,0.00,100.00,100.00
2026-05-16T00:36:45.148136,9.10,0.00,100.00,100.00
2026-05-16T00:36:45.251502,9.10,9.10,100.00,100.00
2026-05-16T00:36:45.354828,0.00,0.00,100.00,100.00
2026-05-16T00:36:45.458014,0.00,0.00,100.00,100.00
2026-05-16T00:36:45.561450,0.00,9.10,100.00,100.00
2026-05-16T00:36:45.664931,9.10,0.00,100.00,100.00
2026-05-16T00:36:45.768297,9.10,0.00,100.00,100.00
2026-05-16T00:36:45.871688,0.00,0.00,100.00,100.00
2026-05-16T00:36:45.974987,0.00,0.00,100.00,100.00
2026-05-16T00:36:46.078266,0.00,0.00,100.00,100.00
2026-05-16T00:36:46.181688,0.00,0.00,100.00,100.00
2026-05-16T00:36:46.285175,9.10,0.00,100.00,100.00
2026-05-16T00:36:46.388612,0.00,0.00,100.00,100.00
2026-05-16T00:36:46.492007,0.00,18.20,100.00,100.00
2026-05-16T00:36:46.595219,10.00,0.00,100.00,100.00
2026-05-16T00:36:46.698482,0.00,0.00,100.00,100.00
2026-05-16T00:36:46.801966,0.00,0.00,100.00,100.00
2026-05-16T00:36:46.905532,0.00,9.10,100.00,100.00
2026-05-16T00:36:47.009070,0.00,9.10,100.00,100.00
2026-05-16T00:36:47.112891,0.00,0.00,100.00,100.00
2026-05-16T00:36:47.216516,0.00,0.00,100.00,100.00
2026-05-16T00:36:47.319916,0.00,9.10,100.00,100.00
2026-05-16T00:36:47.423576,8.30,0.00,100.00,100.00
2026-05-16T00:36:47.527292,0.00,0.00,100.00,100.00
2026-05-16T00:36:47.630756,9.10,0.00,100.00,100.00
2026-05-16T00:36:47.734398,0.00,10.00,100.00,100.00
2026-05-16T00:36:47.838180,0.00,0.00,100.00,100.00
2026-05-16T00:36:47.941816,0.00,9.10,100.00,100.00
2026-05-16T00:36:48.045017,9.10,0.00,100.00,100.00
2026-05-16T00:36:48.148163,0.00,0.00,100.00,100.00
2026-05-16T00:36:48.251740,9.10,0.00,100.00,100.00
2026-05-16T00:36:48.355286,0.00,0.00,100.00,100.00
2026-05-16T00:36:48.459414,0.00,0.00,100.00,100.00
2026-05-16T00:36:48.562934,0.00,0.00,100.00,100.00
2026-05-16T00:36:48.666379,9.10,9.10,100.00,100.00
2026-05-16T00:36:48.770027,0.00,0.00,100.00,100.00
2026-05-16T00:36:48.873932,0.00,0.00,100.00,100.00
2026-05-16T00:36:48.977340,9.10,0.00,100.00,100.00
2026-05-16T00:36:49.080755,0.00,0.00,100.00,100.00
2026-05-16T00:36:49.184174,0.00,0.00,100.00,100.00
2026-05-16T00:36:49.287408,0.00,9.10,100.00,100.00
2026-05-16T00:36:49.391004,9.10,0.00,100.00,100.00
2026-05-16T00:36:49.494507,9.10,10.00,100.00,100.00
2026-05-16T00:36:49.598011,0.00,0.00,100.00,100.00
2026-05-16T00:36:49.701945,16.70,9.10,100.00,100.00
2026-05-16T00:36:49.805877,0.00,0.00,100.00,100.00
2026-05-16T00:36:49.909157,0.00,0.00,100.00,100.00
2026-05-16T00:36:50.012490,0.00,0.00,100.00,100.00
2026-05-16T00:36:50.115848,9.10,0.00,100.00,100.00
2026-05-16T00:36:50.219338,0.00,0.00,100.00,100.00
2026-05-16T00:36:50.322885,0.00,0.00,100.00,100.00
2026-05-16T00:36:50.426748,0.00,0.00,100.00,100.00
2026-05-16T00:36:50.530868,9.10,9.10,100.00,100.00
2026-05-16T00:36:50.634603,9.10,9.10,100.00,100.00
2026-05-16T00:36:50.737998,0.00,0.00,100.00,100.00
2026-05-16T00:36:50.841504,0.00,0.00,100.00,100.00
2026-05-16T00:36:50.944888,0.00,9.10,100.00,100.00
2026-05-16T00:36:51.048105,16.70,0.00,100.00,100.00
2026-05-16T00:36:51.151465,0.00,0.00,100.00,100.00
2026-05-16T00:36:51.254732,0.00,0.00,100.00,100.00
2026-05-16T00:36:51.358276,0.00,9.10,100.00,100.00
2026-05-16T00:36:51.461487,0.00,9.10,100.00,100.00
2026-05-16T00:36:51.564835,0.00,0.00,100.00,100.00
2026-05-16T00:36:51.668381,9.10,0.00,100.00,100.00
2026-05-16T00:36:51.771479,0.00,0.00,100.00,100.00
2026-05-16T00:36:51.874802,11.10,25.00,100.00,100.00
2026-05-16T00:36:51.978051,16.70,0.00,100.00,100.00
2026-05-16T00:36:52.081261,0.00,0.00,100.00,100.00
2026-05-16T00:36:52.184630,0.00,0.00,100.00,100.00
2026-05-16T00:36:52.287934,0.00,9.10,100.00,100.00
2026-05-16T00:36:52.391584,0.00,0.00,100.00,100.00
2026-05-16T00:36:52.495171,16.70,0.00,100.00,100.00
2026-05-16T00:36:52.598489,0.00,0.00,100.00,100.00
2026-05-16T00:36:52.701660,0.00,0.00,100.00,100.00
2026-05-16T00:36:52.805054,0.00,9.10,100.00,100.00
2026-05-16T00:36:52.908641,0.00,0.00,100.00,100.00
2026-05-16T00:36:53.011934,9.10,0.00,100.00,100.00
2026-05-16T00:36:53.115278,0.00,0.00,100.00,100.00
2026-05-16T00:36:53.218560,0.00,0.00,100.00,100.00
2026-05-16T00:36:53.321754,16.70,0.00,100.00,100.00
2026-05-16T00:36:53.425306,0.00,9.10,100.00,100.00
2026-05-16T00:36:53.528776,9.10,9.10,100.00,100.00
2026-05-16T00:36:53.631962,0.00,0.00,100.00,100.00
2026-05-16T00:36:53.735492,9.10,0.00,100.00,100.00
2026-05-16T00:36:53.838782,0.00,0.00,100.00,100.00
2026-05-16T00:36:53.942453,0.00,0.00,100.00,100.00
2026-05-16T00:36:54.045816,0.00,0.00,100.00,100.00
2026-05-16T00:36:54.149165,0.00,0.00,100.00,100.00
2026-05-16T00:36:54.252744,9.10,9.10,100.00,100.00
2026-05-16T00:36:54.356210,0.00,0.00,100.00,100.00
2026-05-16T00:36:54.459587,0.00,0.00,100.00,100.00
2026-05-16T00:36:54.562978,0.00,0.00,100.00,100.00
2026-05-16T00:36:54.666253,9.10,0.00,100.00,100.00
2026-05-16T00:36:54.769629,0.00,0.00,100.00,100.00
2026-05-16T00:36:54.873531,0.00,9.10,100.00,100.00
2026-05-16T00:36:54.977525,0.00,0.00,100.00,100.00
2026-05-16T00:36:55.081575,0.00,0.00,100.00,100.00
2026-05-16T00:36:55.185338,0.00,9.10,100.00,100.00
2026-05-16T00:36:55.288828,16.70,9.10,100.00,100.00
2026-05-16T00:36:55.392334,0.00,0.00,100.00,100.00
2026-05-16T00:36:55.496522,18.20,10.00,100.00,100.00
2026-05-16T00:36:55.599988,0.00,0.00,100.00,100.00
2026-05-16T00:36:55.703641,0.00,0.00,100.00,100.00
2026-05-16T00:36:55.807052,0.00,8.30,100.00,100.00
2026-05-16T00:36:55.910503,0.00,0.00,100.00,100.00
2026-05-16T00:36:56.014081,9.10,0.00,100.00,100.00
2026-05-16T00:36:56.117574,0.00,0.00,100.00,100.00
2026-05-16T00:36:56.221022,0.00,0.00,100.00,100.00
2026-05-16T00:36:56.324518,0.00,0.00,100.00,100.00
2026-05-16T00:36:56.427911,9.10,0.00,100.00,100.00
2026-05-16T00:36:56.531317,9.10,9.10,100.00,100.00
2026-05-16T00:36:56.634888,0.00,0.00,100.00,100.00
2026-05-16T00:36:56.738138,9.10,0.00,100.00,100.00
2026-05-16T00:36:56.841557,9.10,0.00,100.00,100.00
2026-05-16T00:36:56.944948,0.00,0.00,100.00,100.00
2026-05-16T00:36:57.048287,0.00,0.00,100.00,100.00
2026-05-16T00:36:57.151664,0.00,0.00,100.00,100.00
2026-05-16T00:36:57.255395,0.00,10.00,100.00,100.00
2026-05-16T00:36:57.358933,9.10,0.00,100.00,100.00
2026-05-16T00:36:57.462381,0.00,0.00,100.00,100.00
2026-05-16T00:36:57.566023,0.00,0.00,100.00,100.00
2026-05-16T00:36:57.669344,9.10,0.00,100.00,100.00
2026-05-16T00:36:57.772679,0.00,9.10,100.00,100.00
2026-05-16T00:36:57.875863,0.00,0.00,100.00,100.00
2026-05-16T00:36:57.979296,9.10,0.00,100.00,100.00
2026-05-16T00:36:58.082788,9.10,0.00,100.00,100.00
2026-05-16T00:36:58.186448,0.00,0.00,100.00,100.00
2026-05-16T00:36:58.290335,0.00,0.00,100.00,100.00
2026-05-16T00:36:58.394198,0.00,9.10,100.00,100.00
2026-05-16T00:36:58.497807,9.10,0.00,100.00,100.00
2026-05-16T00:36:58.601236,10.00,10.00,100.00,100.00
2026-05-16T00:36:58.704896,0.00,0.00,100.00,100.00
2026-05-16T00:36:58.808718,0.00,0.00,100.00,100.00
2026-05-16T00:36:58.912262,9.10,0.00,100.00,100.00
2026-05-16T00:36:59.015664,0.00,0.00,100.00,100.00
2026-05-16T00:36:59.119332,0.00,0.00,100.00,100.00
2026-05-16T00:36:59.226874,9.10,16.70,100.00,100.00
2026-05-16T00:36:59.330440,0.00,10.00,100.00,100.00
2026-05-16T00:36:59.433953,0.00,0.00,100.00,100.00
2026-05-16T00:36:59.537381,9.10,0.00,100.00,100.00
2026-05-16T00:36:59.640848,9.10,0.00,100.00,100.00
2026-05-16T00:36:59.744567,0.00,0.00,100.00,100.00
2026-05-16T00:36:59.847967,9.10,0.00,100.00,100.00
2026-05-16T00:36:59.951305,9.10,0.00,100.00,100.00
2026-05-16T00:37:00.055346,0.00,0.00,100.00,100.00
2026-05-16T00:37:00.158857,0.00,0.00,100.00,100.00
2026-05-16T00:37:00.262085,0.00,9.10,100.00,100.00
2026-05-16T00:37:00.365375,9.10,0.00,100.00,100.00
2026-05-16T00:37:00.468836,0.00,0.00,100.00,100.00
2026-05-16T00:37:00.571978,0.00,0.00,100.00,100.00
2026-05-16T00:37:00.675349,9.10,0.00,100.00,100.00
2026-05-16T00:37:00.779069,0.00,0.00,100.00,100.00
2026-05-16T00:37:00.882719,0.00,0.00,100.00,100.00
2026-05-16T00:37:00.986337,0.00,0.00,100.00,100.00
2026-05-16T00:37:01.089855,0.00,10.00,100.00,100.00
2026-05-16T00:37:01.193320,9.10,0.00,100.00,100.00
2026-05-16T00:37:01.296855,9.10,9.10,100.00,100.00
2026-05-16T00:37:01.400424,0.00,0.00,100.00,100.00
2026-05-16T00:37:01.503816,9.10,0.00,100.00,100.00
2026-05-16T00:37:01.607926,0.00,9.10,100.00,100.00
2026-05-16T00:37:01.711005,16.70,0.00,100.00,100.00
2026-05-16T00:37:01.814459,0.00,0.00,100.00,100.00
2026-05-16T00:37:01.917932,0.00,0.00,100.00,100.00
2026-05-16T00:37:02.021245,0.00,0.00,100.00,100.00
2026-05-16T00:37:02.124686,9.10,0.00,100.00,100.00
2026-05-16T00:37:02.228201,0.00,8.30,100.00,100.00
2026-05-16T00:37:02.331562,9.10,0.00,100.00,100.00
2026-05-16T00:37:02.434879,0.00,0.00,100.00,100.00
2026-05-16T00:37:02.538375,9.10,0.00,100.00,100.00
2026-05-16T00:37:02.642008,0.00,0.00,100.00,100.00
2026-05-16T00:37:02.745454,0.00,0.00,100.00,100.00
2026-05-16T00:37:02.848721,0.00,0.00,100.00,100.00
2026-05-16T00:37:02.952160,0.00,9.10,100.00,100.00
2026-05-16T00:37:03.055379,9.10,0.00,100.00,100.00
2026-05-16T00:37:03.158622,0.00,9.10,100.00,100.00
2026-05-16T00:37:03.262141,9.10,0.00,100.00,100.00
2026-05-16T00:37:03.365471,0.00,0.00,100.00,100.00
2026-05-16T00:37:03.468890,9.10,0.00,100.00,100.00
2026-05-16T00:37:03.572317,0.00,0.00,100.00,100.00
2026-05-16T00:37:03.675805,0.00,9.10,100.00,100.00
2026-05-16T00:37:03.779081,0.00,0.00,100.00,100.00
2026-05-16T00:37:03.882339,9.10,0.00,100.00,100.00
2026-05-16T00:37:03.985650,0.00,0.00,100.00,100.00
2026-05-16T00:37:04.089173,0.00,0.00,100.00,100.00
2026-05-16T00:37:04.193003,9.10,0.00,100.00,100.00
2026-05-16T00:37:04.296874,0.00,0.00,100.00,100.00
2026-05-16T00:37:04.400093,9.10,0.00,100.00,100.00
2026-05-16T00:37:04.503432,0.00,0.00,100.00,100.00
2026-05-16T00:37:04.606929,0.00,25.00,100.00,100.00
2026-05-16T00:37:04.710303,9.10,0.00,100.00,100.00
2026-05-16T00:37:04.814080,0.00,0.00,100.00,100.00
2026-05-16T00:37:04.917827,0.00,0.00,100.00,100.00
2026-05-16T00:37:05.024521,9.10,16.70,100.00,100.00
2026-05-16T00:37:05.127789,0.00,0.00,100.00,100.00
2026-05-16T00:37:05.231134,16.70,9.10,100.00,100.00
2026-05-16T00:37:05.334542,0.00,0.00,100.00,100.00
2026-05-16T00:37:05.437672,0.00,0.00,100.00,100.00
2026-05-16T00:37:05.541122,0.00,0.00,100.00,100.00
2026-05-16T00:37:05.644335,9.10,0.00,100.00,100.00
2026-05-16T00:37:05.747810,0.00,0.00,100.00,100.00
2026-05-16T00:37:05.851197,9.10,0.00,100.00,100.00
2026-05-16T00:37:05.954395,0.00,0.00,100.00,100.00
2026-05-16T00:37:06.057720,9.10,0.00,100.00,100.00
2026-05-16T00:37:06.161154,0.00,0.00,100.00,100.00
2026-05-16T00:37:06.264357,9.10,0.00,100.00,100.00
2026-05-16T00:37:06.367757,0.00,9.10,100.00,100.00
2026-05-16T00:37:06.471118,9.10,0.00,100.00,100.00
2026-05-16T00:37:06.574410,0.00,9.10,100.00,100.00
2026-05-16T00:37:06.677885,0.00,0.00,100.00,100.00
2026-05-16T00:37:06.781127,0.00,0.00,100.00,100.00
2026-05-16T00:37:06.884615,0.00,0.00,100.00,100.00
2026-05-16T00:37:06.987915,0.00,0.00,100.00,100.00
2026-05-16T00:37:07.091291,16.70,0.00,100.00,100.00
2026-05-16T00:37:07.194823,0.00,9.10,100.00,100.00
2026-05-16T00:37:07.298230,16.70,0.00,100.00,100.00
2026-05-16T00:37:07.401688,0.00,0.00,100.00,100.00
2026-05-16T00:37:07.504978,0.00,0.00,100.00,100.00
2026-05-16T00:37:07.608082,10.00,10.00,100.00,100.00
2026-05-16T00:37:07.711436,0.00,0.00,100.00,100.00
2026-05-16T00:37:07.814686,0.00,9.10,100.00,100.00
2026-05-16T00:37:07.917929,0.00,0.00,100.00,100.00
2026-05-16T00:37:08.021116,0.00,0.00,100.00,100.00
2026-05-16T00:37:08.124436,0.00,0.00,100.00,100.00
2026-05-16T00:37:08.228043,9.10,10.00,100.00,100.00
2026-05-16T00:37:08.331230,0.00,0.00,100.00,100.00
2026-05-16T00:37:08.434538,0.00,0.00,100.00,100.00
2026-05-16T00:37:08.537780,9.10,8.30,100.00,100.00
2026-05-16T00:37:08.641085,9.10,9.10,100.00,100.00
2026-05-16T00:37:08.744362,0.00,0.00,100.00,100.00
2026-05-16T00:37:08.847819,0.00,0.00,100.00,100.00
2026-05-16T00:37:08.951259,9.10,0.00,100.00,100.00
2026-05-16T00:37:09.056478,0.00,0.00,100.00,100.00
2026-05-16T00:37:09.159729,0.00,10.00,100.00,100.00
2026-05-16T00:37:09.263211,9.10,0.00,100.00,100.00
2026-05-16T00:37:09.366471,9.10,0.00,100.00,100.00
2026-05-16T00:37:09.470483,0.00,8.30,100.00,100.00
2026-05-16T00:37:09.573664,0.00,0.00,100.00,100.00
2026-05-16T00:37:09.677089,0.00,0.00,100.00,100.00
2026-05-16T00:37:09.780459,0.00,0.00,100.00,100.00
2026-05-16T00:37:09.883729,9.10,9.10,100.00,100.00
2026-05-16T00:37:09.987107,0.00,0.00,100.00,100.00
2026-05-16T00:37:10.090544,0.00,0.00,100.00,100.00
2026-05-16T00:37:10.193904,9.10,0.00,100.00,100.00
2026-05-16T00:37:10.297271,9.10,0.00,100.00,100.00
2026-05-16T00:37:10.400552,0.00,8.30,100.00,100.00
2026-05-16T00:37:10.503859,0.00,0.00,100.00,100.00
2026-05-16T00:37:10.607084,0.00,10.00,100.00,100.00
2026-05-16T00:37:10.710457,9.10,0.00,100.00,100.00
2026-05-16T00:37:10.814495,0.00,0.00,100.00,100.00
2026-05-16T00:37:10.918686,0.00,0.00,100.00,100.00
2026-05-16T00:37:11.022412,0.00,0.00,100.00,100.00
2026-05-16T00:37:11.126597,10.00,10.00,100.00,100.00
2026-05-16T00:37:11.230050,9.10,9.10,100.00,100.00
2026-05-16T00:37:11.334289,0.00,0.00,100.00,100.00
2026-05-16T00:37:11.438021,0.00,9.10,100.00,100.00
2026-05-16T00:37:11.542066,0.00,0.00,100.00,100.00
2026-05-16T00:37:11.645344,9.10,0.00,100.00,100.00
2026-05-16T00:37:11.748696,0.00,0.00,100.00,100.00
2026-05-16T00:37:11.852109,0.00,0.00,100.00,100.00
2026-05-16T00:37:11.955667,18.20,0.00,100.00,100.00
2026-05-16T00:37:12.058998,0.00,9.10,100.00,100.00
2026-05-16T00:37:12.162372,0.00,0.00,100.00,100.00
2026-05-16T00:37:12.265644,0.00,0.00,100.00,100.00
2026-05-16T00:37:12.369033,0.00,0.00,100.00,100.00
2026-05-16T00:37:12.472489,0.00,0.00,100.00,100.00
2026-05-16T00:37:12.575960,9.10,0.00,100.00,100.00
2026-05-16T00:37:12.679442,0.00,0.00,100.00,100.00
2026-05-16T00:37:12.783051,0.00,0.00,100.00,100.00
2026-05-16T00:37:12.886392,9.10,0.00,100.00,100.00
2026-05-16T00:37:12.989751,0.00,9.10,100.00,100.00
2026-05-16T00:37:13.092955,0.00,0.00,100.00,100.00
2026-05-16T00:37:13.196177,16.70,0.00,100.00,100.00
2026-05-16T00:37:13.299374,0.00,9.10,100.00,100.00
2026-05-16T00:37:13.402877,0.00,0.00,100.00,100.00
2026-05-16T00:37:13.506002,0.00,0.00,100.00,100.00
2026-05-16T00:37:13.609105,16.70,10.00,100.00,100.00
2026-05-16T00:37:13.712509,0.00,9.10,100.00,100.00
2026-05-16T00:37:13.815783,0.00,0.00,100.00,100.00
2026-05-16T00:37:13.919184,0.00,0.00,100.00,100.00
2026-05-16T00:37:14.022663,0.00,0.00,100.00,100.00
2026-05-16T00:37:14.126262,9.10,0.00,100.00,100.00
2026-05-16T00:37:14.229640,0.00,0.00,100.00,100.00
2026-05-16T00:37:14.333052,0.00,9.10,100.00,100.00
2026-05-16T00:37:14.436323,0.00,0.00,100.00,100.00
2026-05-16T00:37:14.540046,9.10,9.10,100.00,100.00
2026-05-16T00:37:14.643847,0.00,0.00,100.00,100.00
2026-05-16T00:37:14.747146,0.00,0.00,100.00,100.00
2026-05-16T00:37:14.850445,0.00,0.00,100.00,100.00
2026-05-16T00:37:14.953895,9.10,0.00,100.00,100.00
2026-05-16T00:37:15.057202,9.10,0.00,100.00,100.00
2026-05-16T00:37:15.160683,0.00,0.00,100.00,100.00
2026-05-16T00:37:15.264015,18.20,20.00,100.00,100.00
2026-05-16T00:37:15.367346,0.00,0.00,100.00,100.00
2026-05-16T00:37:15.470821,0.00,0.00,100.00,100.00
2026-05-16T00:37:15.574329,9.10,0.00,100.00,100.00
2026-05-16T00:37:15.677858,0.00,0.00,100.00,100.00
2026-05-16T00:37:15.781114,9.10,0.00,100.00,100.00
2026-05-16T00:37:15.884501,0.00,0.00,100.00,100.00
2026-05-16T00:37:15.987911,0.00,0.00,100.00,100.00
2026-05-16T00:37:16.091151,0.00,0.00,100.00,100.00
2026-05-16T00:37:16.194632,9.10,0.00,100.00,100.00
2026-05-16T00:37:16.298063,0.00,0.00,100.00,100.00
2026-05-16T00:37:16.401570,0.00,9.10,100.00,100.00
2026-05-16T00:37:16.504859,0.00,0.00,100.00,100.00
2026-05-16T00:37:16.608285,9.10,9.10,100.00,100.00
2026-05-16T00:37:16.711623,0.00,0.00,100.00,100.00
2026-05-16T00:37:16.814842,0.00,0.00,100.00,100.00
2026-05-16T00:37:16.917953,0.00,0.00,100.00,100.00
2026-05-16T00:37:17.021143,16.70,9.10,100.00,100.00
2026-05-16T00:37:17.124595,0.00,0.00,100.00,100.00
2026-05-16T00:37:17.227750,9.10,0.00,100.00,100.00
2026-05-16T00:37:17.331517,0.00,0.00,100.00,100.00
2026-05-16T00:37:17.435032,0.00,9.10,100.00,100.00
2026-05-16T00:37:17.538663,0.00,0.00,100.00,100.00
2026-05-16T00:37:17.642428,0.00,10.00,100.00,100.00
2026-05-16T00:37:17.745920,9.10,9.10,100.00,100.00
2026-05-16T00:37:17.849403,0.00,0.00,100.00,100.00
2026-05-16T00:37:17.952825,0.00,0.00,100.00,100.00
2026-05-16T00:37:18.056270,0.00,9.10,100.00,100.00
2026-05-16T00:37:18.159679,0.00,0.00,100.00,100.00
2026-05-16T00:37:18.263062,0.00,0.00,100.00,100.00
2026-05-16T00:37:18.366482,0.00,0.00,100.00,100.00
2026-05-16T00:37:18.469804,0.00,9.10,100.00,100.00
2026-05-16T00:37:18.573174,0.00,0.00,100.00,100.00
2026-05-16T00:37:18.677016,9.10,0.00,100.00,100.00
2026-05-16T00:37:18.780463,0.00,0.00,100.00,100.00
2026-05-16T00:37:18.883818,0.00,0.00,100.00,100.00
2026-05-16T00:37:18.987005,0.00,0.00,100.00,100.00
2026-05-16T00:37:19.090394,9.10,0.00,100.00,100.00
2026-05-16T00:37:19.193691,0.00,0.00,100.00,100.00
2026-05-16T00:37:19.297073,0.00,9.10,100.00,100.00
2026-05-16T00:37:19.400372,0.00,9.10,100.00,100.00
2026-05-16T00:37:19.503691,0.00,0.00,100.00,100.00
2026-05-16T00:37:19.606915,16.70,0.00,100.00,100.00
2026-05-16T00:37:19.710658,0.00,10.00,100.00,100.00
2026-05-16T00:37:19.814064,0.00,0.00,100.00,100.00
2026-05-16T00:37:19.917844,0.00,0.00,100.00,100.00
2026-05-16T00:37:20.021166,9.10,9.10,100.00,100.00
2026-05-16T00:37:20.124566,0.00,0.00,100.00,100.00
2026-05-16T00:37:20.227782,0.00,0.00,100.00,100.00
2026-05-16T00:37:20.331243,0.00,0.00,100.00,100.00
2026-05-16T00:37:20.434417,9.10,9.10,100.00,100.00
2026-05-16T00:37:20.537735,0.00,0.00,100.00,100.00
2026-05-16T00:37:20.641007,0.00,0.00,100.00,100.00
2026-05-16T00:37:20.744383,0.00,0.00,100.00,100.00
2026-05-16T00:37:20.848010,0.00,9.10,100.00,100.00
2026-05-16T00:37:20.951230,16.70,0.00,100.00,100.00
2026-05-16T00:37:21.058436,0.00,9.10,100.00,100.00
2026-05-16T00:37:21.161777,9.10,0.00,100.00,100.00
2026-05-16T00:37:21.265183,0.00,0.00,100.00,100.00
2026-05-16T00:37:21.368723,0.00,8.30,100.00,100.00
2026-05-16T00:37:21.472222,9.10,9.10,100.00,100.00
2026-05-16T00:37:21.575722,0.00,0.00,100.00,100.00
2026-05-16T00:37:21.679180,0.00,0.00,100.00,100.00
2026-05-16T00:37:21.782631,0.00,0.00,100.00,100.00
2026-05-16T00:37:21.886234,9.10,0.00,100.00,100.00
2026-05-16T00:37:21.989672,0.00,0.00,100.00,100.00
2026-05-16T00:37:22.093162,0.00,9.10,100.00,100.00
2026-05-16T00:37:22.196741,0.00,0.00,100.00,100.00
2026-05-16T00:37:22.300247,0.00,0.00,100.00,100.00
2026-05-16T00:37:22.403549,0.00,0.00,100.00,100.00
2026-05-16T00:37:22.506942,0.00,9.10,100.00,100.00
2026-05-16T00:37:22.610303,0.00,0.00,100.00,100.00
2026-05-16T00:37:22.713840,9.10,10.00,100.00,100.00
2026-05-16T00:37:22.817207,0.00,16.70,100.00,100.00
2026-05-16T00:37:22.920606,0.00,0.00,100.00,100.00
2026-05-16T00:37:23.024103,0.00,0.00,100.00,100.00
2026-05-16T00:37:23.127328,0.00,9.10,100.00,100.00
2026-05-16T00:37:23.230584,9.10,0.00,100.00,100.00
2026-05-16T00:37:23.333784,0.00,0.00,100.00,100.00
2026-05-16T00:37:23.437006,0.00,0.00,100.00,100.00
2026-05-16T00:37:23.540199,9.10,0.00,100.00,100.00
2026-05-16T00:37:23.643351,0.00,0.00,100.00,100.00
2026-05-16T00:37:23.746820,9.10,0.00,100.00,100.00
2026-05-16T00:37:23.850414,0.00,9.10,100.00,100.00
2026-05-16T00:37:23.953701,0.00,8.30,100.00,100.00
2026-05-16T00:37:24.057090,9.10,0.00,100.00,100.00
2026-05-16T00:37:24.160410,0.00,0.00,100.00,100.00
2026-05-16T00:37:24.263962,0.00,0.00,100.00,100.00
2026-05-16T00:37:24.367339,0.00,0.00,100.00,100.00
2026-05-16T00:37:24.470956,9.10,0.00,100.00,100.00
2026-05-16T00:37:24.574614,0.00,8.30,100.00,100.00
2026-05-16T00:37:24.678205,0.00,0.00,100.00,100.00
2026-05-16T00:37:24.781579,0.00,0.00,100.00,100.00
2026-05-16T00:37:24.885172,9.10,0.00,100.00,100.00
2026-05-16T00:37:24.988524,0.00,0.00,100.00,100.00
2026-05-16T00:37:25.091930,0.00,0.00,100.00,100.00
2026-05-16T00:37:25.195305,0.00,0.00,100.00,100.00
2026-05-16T00:37:25.298617,9.10,9.10,100.00,100.00
2026-05-16T00:37:25.402059,9.10,0.00,100.00,100.00
2026-05-16T00:37:25.505658,0.00,9.10,100.00,100.00
2026-05-16T00:37:25.609112,0.00,0.00,100.00,100.00
2026-05-16T00:37:25.712892,18.20,10.00,100.00,100.00
2026-05-16T00:37:25.816408,0.00,0.00,100.00,100.00
2026-05-16T00:37:25.920040,0.00,9.10,100.00,100.00
2026-05-16T00:37:26.023255,0.00,0.00,100.00,100.00
2026-05-16T00:37:26.126893,9.10,0.00,100.00,100.00
2026-05-16T00:37:26.230481,0.00,0.00,100.00,100.00
2026-05-16T00:37:26.334070,0.00,0.00,100.00,100.00
2026-05-16T00:37:26.437738,0.00,0.00,100.00,100.00
2026-05-16T00:37:26.541269,9.10,0.00,100.00,100.00
2026-05-16T00:37:26.644681,0.00,0.00,100.00,100.00
2026-05-16T00:37:26.748132,0.00,0.00,100.00,100.00
2026-05-16T00:37:26.851592,0.00,0.00,100.00,100.00
2026-05-16T00:37:26.955093,0.00,9.10,100.00,100.00
2026-05-16T00:37:27.058323,9.10,0.00,100.00,100.00
2026-05-16T00:37:27.161706,0.00,8.30,100.00,100.00
2026-05-16T00:37:27.265080,9.10,0.00,100.00,100.00
2026-05-16T00:37:27.368337,0.00,0.00,100.00,100.00
2026-05-16T00:37:27.472003,9.10,9.10,100.00,100.00
2026-05-16T00:37:27.575254,0.00,0.00,100.00,100.00
2026-05-16T00:37:27.678819,0.00,0.00,100.00,100.00
2026-05-16T00:37:27.782188,9.10,9.10,100.00,100.00
2026-05-16T00:37:27.885756,0.00,0.00,100.00,100.00
2026-05-16T00:37:27.989300,0.00,0.00,100.00,100.00
2026-05-16T00:37:28.092688,0.00,0.00,100.00,100.00
2026-05-16T00:37:28.196123,0.00,0.00,100.00,100.00
2026-05-16T00:37:28.299454,0.00,9.10,100.00,100.00
2026-05-16T00:37:28.402751,9.10,0.00,100.00,100.00
2026-05-16T00:37:28.506110,8.30,0.00,100.00,100.00
2026-05-16T00:37:28.609206,0.00,10.00,100.00,100.00
2026-05-16T00:37:28.712539,0.00,10.00,100.00,100.00
2026-05-16T00:37:28.815806,9.10,9.10,100.00,100.00
2026-05-16T00:37:28.918929,0.00,0.00,100.00,100.00
2026-05-16T00:37:29.022096,9.10,0.00,100.00,100.00
2026-05-16T00:37:29.125374,9.10,0.00,100.00,100.00
2026-05-16T00:37:29.228520,0.00,0.00,100.00,100.00
2026-05-16T00:37:29.332013,0.00,0.00,100.00,100.00
2026-05-16T00:37:29.435336,0.00,9.10,100.00,100.00
2026-05-16T00:37:29.538658,0.00,0.00,100.00,100.00
2026-05-16T00:37:29.641878,0.00,0.00,100.00,100.00
2026-05-16T00:37:29.745057,9.10,0.00,100.00,100.00
2026-05-16T00:37:29.848273,0.00,0.00,100.00,100.00
2026-05-16T00:37:29.951568,0.00,0.00,100.00,100.00
2026-05-16T00:37:30.054595,0.00,0.00,100.00,100.00
2026-05-16T00:37:30.157986,9.10,9.10,100.00,100.00
2026-05-16T00:37:30.261275,0.00,0.00,100.00,100.00
2026-05-16T00:37:30.364644,0.00,0.00,100.00,100.00
2026-05-16T00:37:30.468009,0.00,0.00,100.00,100.00
2026-05-16T00:37:30.571294,9.10,0.00,100.00,100.00
2026-05-16T00:37:30.674695,0.00,0.00,100.00,100.00
2026-05-16T00:37:30.777861,0.00,0.00,100.00,100.00
2026-05-16T00:37:30.881218,0.00,0.00,100.00,100.00
2026-05-16T00:37:30.984486,0.00,0.00,100.00,100.00
2026-05-16T00:37:31.087791,18.20,20.00,100.00,100.00
2026-05-16T00:37:31.191114,9.10,0.00,100.00,100.00
2026-05-16T00:37:31.294399,0.00,0.00,100.00,100.00
2026-05-16T00:37:31.397680,0.00,0.00,100.00,100.00
2026-05-16T00:37:31.501165,0.00,0.00,100.00,100.00
2026-05-16T00:37:31.604707,16.70,0.00,100.00,100.00
2026-05-16T00:37:31.709169,0.00,18.20,100.00,100.00
2026-05-16T00:37:31.812417,0.00,9.10,100.00,100.00
2026-05-16T00:37:31.915589,0.00,0.00,100.00,100.00
2026-05-16T00:37:32.018977,8.30,0.00,100.00,100.00
2026-05-16T00:37:32.122214,9.10,0.00,100.00,100.00
2026-05-16T00:37:32.225555,0.00,0.00,100.00,100.00
2026-05-16T00:37:32.328619,0.00,0.00,100.00,100.00
2026-05-16T00:37:32.432127,0.00,0.00,100.00,100.00
2026-05-16T00:37:32.535562,0.00,9.10,100.00,100.00
2026-05-16T00:37:32.638825,9.10,0.00,100.00,100.00
2026-05-16T00:37:32.742038,0.00,0.00,100.00,100.00
2026-05-16T00:37:32.845542,0.00,0.00,100.00,100.00
2026-05-16T00:37:32.948703,0.00,0.00,100.00,100.00
2026-05-16T00:37:33.052014,0.00,0.00,100.00,100.00
2026-05-16T00:37:33.155258,0.00,9.10,100.00,100.00
2026-05-16T00:37:33.258508,9.10,0.00,100.00,100.00
2026-05-16T00:37:33.361891,9.10,9.10,100.00,100.00
2026-05-16T00:37:33.465185,0.00,9.10,100.00,100.00
2026-05-16T00:37:33.568525,8.30,0.00,100.00,100.00
2026-05-16T00:37:33.671883,0.00,0.00,100.00,100.00
2026-05-16T00:37:33.775103,0.00,0.00,100.00,100.00
2026-05-16T00:37:33.878362,0.00,9.10,100.00,100.00
2026-05-16T00:37:33.981581,0.00,0.00,100.00,100.00
2026-05-16T00:37:34.084700,0.00,0.00,100.00,100.00
2026-05-16T00:37:34.188367,9.10,9.10,100.00,100.00
2026-05-16T00:37:34.291672,0.00,0.00,100.00,100.00
2026-05-16T00:37:34.394746,0.00,0.00,100.00,100.00
2026-05-16T00:37:34.498006,0.00,0.00,100.00,100.00
2026-05-16T00:37:34.601580,0.00,9.10,100.00,100.00
2026-05-16T00:37:34.704912,0.00,0.00,100.00,100.00
2026-05-16T00:37:34.808159,0.00,10.00,100.00,100.00
2026-05-16T00:37:34.911576,0.00,9.10,100.00,100.00
2026-05-16T00:37:35.015467,9.10,0.00,100.00,100.00
2026-05-16T00:37:35.118753,9.10,0.00,100.00,100.00
2026-05-16T00:37:35.224458,0.00,9.10,100.00,100.00
2026-05-16T00:37:35.327822,0.00,18.20,100.00,100.00
2026-05-16T00:37:35.431080,0.00,0.00,100.00,100.00
2026-05-16T00:37:35.534315,9.10,0.00,100.00,100.00
2026-05-16T00:37:35.637694,9.10,0.00,100.00,100.00
2026-05-16T00:37:35.741031,0.00,0.00,100.00,100.00
2026-05-16T00:37:35.844511,0.00,0.00,100.00,100.00
2026-05-16T00:37:35.947738,0.00,0.00,100.00,100.00
2026-05-16T00:37:36.051024,16.70,9.10,100.00,100.00
2026-05-16T00:37:36.154471,0.00,0.00,100.00,100.00
2026-05-16T00:37:36.257862,0.00,0.00,100.00,100.00
2026-05-16T00:37:36.361192,0.00,0.00,100.00,100.00
2026-05-16T00:37:36.464501,9.10,0.00,100.00,100.00
2026-05-16T00:37:36.567911,0.00,0.00,100.00,100.00
2026-05-16T00:37:36.671483,0.00,0.00,100.00,100.00
2026-05-16T00:37:36.775299,9.10,9.10,100.00,100.00
2026-05-16T00:37:36.879182,0.00,0.00,100.00,100.00
2026-05-16T00:37:36.983055,0.00,0.00,100.00,100.00
2026-05-16T00:37:37.086662,0.00,9.10,100.00,100.00
2026-05-16T00:37:37.190037,0.00,0.00,100.00,100.00
2026-05-16T00:37:37.293430,9.10,10.00,100.00,100.00
2026-05-16T00:37:37.396706,0.00,0.00,100.00,100.00
2026-05-16T00:37:37.500377,0.00,0.00,100.00,100.00
2026-05-16T00:37:37.605191,0.00,0.00,100.00,100.00
2026-05-16T00:37:37.710730,0.00,9.10,100.00,100.00
2026-05-16T00:37:37.814419,20.00,20.00,100.00,100.00
2026-05-16T00:37:37.918433,8.30,9.10,100.00,100.00
2026-05-16T00:37:38.021757,0.00,0.00,100.00,100.00
2026-05-16T00:37:38.125220,0.00,0.00,100.00,100.00
2026-05-16T00:37:38.228571,0.00,0.00,100.00,100.00
2026-05-16T00:37:38.332061,9.10,0.00,100.00,100.00
2026-05-16T00:37:38.435359,9.10,0.00,100.00,100.00
2026-05-16T00:37:38.538620,0.00,0.00,100.00,100.00
2026-05-16T00:37:38.642014,0.00,9.10,100.00,100.00
2026-05-16T00:37:38.745382,0.00,0.00,100.00,100.00
2026-05-16T00:37:38.848633,0.00,0.00,100.00,100.00
2026-05-16T00:37:38.951987,0.00,0.00,100.00,100.00
2026-05-16T00:37:39.055206,9.10,0.00,100.00,100.00
2026-05-16T00:37:39.158335,0.00,0.00,100.00,100.00
2026-05-16T00:37:39.261898,0.00,0.00,100.00,100.00
2026-05-16T00:37:39.365266,9.10,0.00,100.00,100.00
2026-05-16T00:37:39.468790,0.00,9.10,100.00,100.00
2026-05-16T00:37:39.572294,0.00,9.10,100.00,100.00
2026-05-16T00:37:39.675861,16.70,0.00,100.00,100.00
2026-05-16T00:37:39.779702,0.00,0.00,100.00,100.00
2026-05-16T00:37:39.883454,0.00,0.00,100.00,100.00
2026-05-16T00:37:39.987057,9.10,0.00,100.00,100.00
2026-05-16T00:37:40.090489,8.30,0.00,100.00,100.00
2026-05-16T00:37:40.193970,0.00,9.10,100.00,100.00
2026-05-16T00:37:40.297125,0.00,0.00,100.00,100.00
2026-05-16T00:37:40.400522,9.10,0.00,100.00,100.00
2026-05-16T00:37:40.504000,0.00,0.00,100.00,100.00
2026-05-16T00:37:40.607203,0.00,0.00,100.00,100.00
2026-05-16T00:37:40.711033,0.00,0.00,100.00,100.00
2026-05-16T00:37:40.815193,0.00,18.20,100.00,100.00
2026-05-16T00:37:40.918851,0.00,0.00,100.00,100.00
2026-05-16T00:37:41.022529,9.10,0.00,100.00,100.00
2026-05-16T00:37:41.126270,10.00,9.10,100.00,100.00
2026-05-16T00:37:41.230188,9.10,9.10,100.00,100.00
2026-05-16T00:37:41.334526,0.00,0.00,100.00,100.00
2026-05-16T00:37:41.438549,0.00,0.00,100.00,100.00
2026-05-16T00:37:41.542369,9.10,0.00,100.00,100.00
2026-05-16T00:37:41.646118,0.00,0.00,100.00,100.00
2026-05-16T00:37:41.749921,0.00,0.00,100.00,100.00
2026-05-16T00:37:41.853506,9.10,0.00,100.00,100.00
2026-05-16T00:37:41.957461,0.00,9.10,100.00,100.00
2026-05-16T00:37:42.060902,0.00,0.00,100.00,100.00
2026-05-16T00:37:42.164489,16.70,0.00,100.00,100.00
2026-05-16T00:37:42.268310,0.00,0.00,100.00,100.00
2026-05-16T00:37:42.371714,0.00,0.00,100.00,100.00
2026-05-16T00:37:42.475118,0.00,0.00,100.00,100.00
2026-05-16T00:37:42.578584,9.10,0.00,100.00,100.00
2026-05-16T00:37:42.681739,0.00,0.00,100.00,100.00
2026-05-16T00:37:42.785060,0.00,9.10,100.00,100.00
2026-05-16T00:37:42.888375,0.00,0.00,100.00,100.00
2026-05-16T00:37:42.991965,9.10,0.00,100.00,100.00
2026-05-16T00:37:43.095293,0.00,0.00,100.00,100.00
2026-05-16T00:37:43.198803,0.00,0.00,100.00,100.00
2026-05-16T00:37:43.302122,9.10,9.10,100.00,100.00
2026-05-16T00:37:43.405467,0.00,0.00,100.00,100.00
2026-05-16T00:37:43.509110,0.00,0.00,100.00,100.00
2026-05-16T00:37:43.612343,9.10,9.10,100.00,100.00
2026-05-16T00:37:43.715862,0.00,0.00,100.00,100.00
2026-05-16T00:37:43.819135,9.10,0.00,100.00,100.00
2026-05-16T00:37:43.922279,9.10,0.00,100.00,100.00
2026-05-16T00:37:44.025727,0.00,0.00,100.00,100.00
2026-05-16T00:37:44.128925,0.00,0.00,100.00,100.00
2026-05-16T00:37:44.232406,0.00,0.00,100.00,100.00
2026-05-16T00:37:44.335733,0.00,16.70,100.00,100.00
2026-05-16T00:37:44.439134,0.00,0.00,100.00,100.00
2026-05-16T00:37:44.542512,9.10,0.00,100.00,100.00
2026-05-16T00:37:44.646108,0.00,10.00,100.00,100.00
2026-05-16T00:37:44.749607,9.10,0.00,100.00,100.00
2026-05-16T00:37:44.853061,0.00,0.00,100.00,100.00
2026-05-16T00:37:44.956596,0.00,0.00,100.00,100.00
2026-05-16T00:37:45.060010,9.10,9.10,100.00,100.00
2026-05-16T00:37:45.163467,0.00,10.00,100.00,100.00
2026-05-16T00:37:45.266844,0.00,10.00,100.00,100.00
2026-05-16T00:37:45.370494,0.00,0.00,100.00,100.00
2026-05-16T00:37:45.474096,0.00,9.10,100.00,100.00
2026-05-16T00:37:45.577682,9.10,9.10,100.00,100.00
2026-05-16T00:37:45.681614,9.10,0.00,100.00,100.00
2026-05-16T00:37:45.784933,0.00,0.00,100.00,100.00
2026-05-16T00:37:45.888237,0.00,0.00,100.00,100.00
2026-05-16T00:37:45.991651,9.10,0.00,100.00,100.00
2026-05-16T00:37:46.095178,0.00,0.00,100.00,100.00
2026-05-16T00:37:46.198435,0.00,0.00,100.00,100.00
2026-05-16T00:37:46.301650,0.00,0.00,100.00,100.00
2026-05-16T00:37:46.404849,0.00,0.00,100.00,100.00
2026-05-16T00:37:46.508182,9.10,9.10,100.00,100.00
2026-05-16T00:37:46.611528,0.00,9.10,100.00,100.00
2026-05-16T00:37:46.714844,0.00,0.00,100.00,100.00
2026-05-16T00:37:46.818208,0.00,10.00,100.00,100.00
2026-05-16T00:37:46.921605,8.30,0.00,100.00,100.00
2026-05-16T00:37:47.024886,0.00,0.00,100.00,100.00
2026-05-16T00:37:47.128161,9.10,0.00,100.00,100.00
2026-05-16T00:37:47.231415,0.00,16.70,100.00,100.00
2026-05-16T00:37:47.334583,0.00,0.00,100.00,100.00
2026-05-16T00:37:47.437908,0.00,0.00,100.00,100.00
2026-05-16T00:37:47.541353,9.10,0.00,100.00,100.00
2026-05-16T00:37:47.644863,0.00,0.00,100.00,100.00
2026-05-16T00:37:47.748123,9.10,9.10,100.00,100.00
2026-05-16T00:37:47.851330,0.00,0.00,100.00,100.00
2026-05-16T00:37:47.954658,9.10,0.00,100.00,100.00
2026-05-16T00:37:48.057983,0.00,0.00,100.00,100.00
2026-05-16T00:37:48.161305,0.00,0.00,100.00,100.00
2026-05-16T00:37:48.264683,0.00,0.00,100.00,100.00
2026-05-16T00:37:48.368000,0.00,0.00,100.00,100.00
2026-05-16T00:37:48.471575,0.00,0.00,100.00,100.00
2026-05-16T00:37:48.574826,9.10,9.10,100.00,100.00
2026-05-16T00:37:48.678201,10.00,8.30,100.00,100.00
2026-05-16T00:37:48.781542,0.00,9.10,100.00,100.00
2026-05-16T00:37:48.885105,9.10,0.00,100.00,100.00
2026-05-16T00:37:48.988381,0.00,0.00,100.00,100.00
2026-05-16T00:37:49.091951,0.00,0.00,100.00,100.00
2026-05-16T00:37:49.195237,0.00,0.00,100.00,100.00
2026-05-16T00:37:49.298846,10.00,0.00,100.00,100.00
2026-05-16T00:37:49.402514,0.00,0.00,100.00,100.00
2026-05-16T00:37:49.506810,0.00,9.10,100.00,100.00
2026-05-16T00:37:49.609943,0.00,0.00,100.00,100.00
2026-05-16T00:37:49.714136,9.10,0.00,100.00,100.00
2026-05-16T00:37:49.818104,9.10,10.00,100.00,100.00
2026-05-16T00:37:49.921492,0.00,0.00,100.00,100.00
2026-05-16T00:37:50.025466,9.10,0.00,100.00,100.00
2026-05-16T00:37:50.129346,0.00,9.10,100.00,100.00
2026-05-16T00:37:50.233423,0.00,9.10,100.00,100.00
2026-05-16T00:37:50.336927,0.00,0.00,100.00,100.00
2026-05-16T00:37:50.440665,0.00,0.00,100.00,100.00
2026-05-16T00:37:50.544082,0.00,0.00,100.00,100.00
2026-05-16T00:37:50.647408,18.20,0.00,100.00,100.00
2026-05-16T00:37:51.112017,31.10,32.60,100.00,61.40
2026-05-16T00:37:51.215785,9.10,0.00,100.00,100.00
2026-05-16T00:37:51.319730,0.00,0.00,100.00,100.00
2026-05-16T00:37:51.423098,9.10,9.10,100.00,100.00
2026-05-16T00:37:51.526258,9.10,0.00,100.00,100.00
2026-05-16T00:37:51.629555,0.00,10.00,100.00,100.00
2026-05-16T00:37:51.732869,0.00,0.00,100.00,100.00
2026-05-16T00:37:51.836353,9.10,11.10,100.00,100.00
2026-05-16T00:37:51.939594,10.00,9.10,100.00,100.00
2026-05-16T00:37:52.042933,0.00,0.00,100.00,100.00
2026-05-16T00:37:52.146285,9.10,0.00,100.00,100.00
2026-05-16T00:37:52.249455,0.00,0.00,100.00,100.00
2026-05-16T00:37:52.352723,0.00,0.00,100.00,100.00
2026-05-16T00:37:52.456055,0.00,0.00,100.00,100.00
2026-05-16T00:37:52.559209,9.10,0.00,100.00,100.00
2026-05-16T00:37:52.662615,9.10,0.00,100.00,100.00
2026-05-16T00:37:52.765852,0.00,9.10,100.00,100.00
