timestamp,core0,core1,core2,core3
2026-05-15T23:59:10.589976,0.00,0.00,33.30,33.30
2026-05-15T23:59:10.690416,0.00,0.00,0.00,0.00
2026-05-15T23:59:10.790881,0.00,0.00,0.00,0.00
2026-05-15T23:59:10.891346,0.00,0.00,0.00,0.00
2026-05-15T23:59:10.991885,0.00,0.00,0.00,9.10
2026-05-15T23:59:11.092346,0.00,0.00,0.00,0.00
2026-05-15T23:59:11.192855,0.00,0.00,0.00,0.00
2026-05-15T23:59:11.293346,0.00,0.00,0.00,0.00
2026-05-15T23:59:11.393855,0.00,0.00,0.00,0.00
2026-05-15T23:59:11.494324,9.10,18.20,0.00,0.00
2026-05-15T23:59:11.594885,9.10,9.10,0.00,0.00
2026-05-15T23:59:11.695317,0.00,0.00,0.00,0.00
2026-05-15T23:59:11.795835,0.00,0.00,0.00,0.00
2026-05-15T23:59:11.896295,0.00,0.00,0.00,0.00
2026-05-15T23:59:11.996849,0.00,0.00,0.00,0.00
2026-05-15T23:59:12.097279,0.00,0.00,0.00,9.10
2026-05-15T23:59:12.197754,0.00,0.00,0.00,0.00
2026-05-15T23:59:12.298223,0.00,0.00,0.00,0.00
2026-05-15T23:59:12.398654,0.00,0.00,0.00,0.00
2026-05-15T23:59:12.513691,0.00,0.00,16.70,8.30
2026-05-15T23:59:12.852634,18.70,21.90,27.30,21.20
2026-05-15T23:59:12.954938,0.00,0.00,100.00,0.00
2026-05-15T23:59:13.057262,0.00,0.00,100.00,0.00
2026-05-15T23:59:13.159581,9.10,0.00,100.00,0.00
2026-05-15T23:59:13.261840,0.00,0.00,100.00,0.00
2026-05-15T23:59:13.364054,9.10,0.00,100.00,0.00
2026-05-15T23:59:13.466211,0.00,9.10,100.00,0.00
2026-05-15T23:59:13.568415,0.00,0.00,100.00,0.00
2026-05-15T23:59:13.670610,0.00,10.00,100.00,0.00
2026-05-15T23:59:13.772824,0.00,8.30,100.00,0.00
2026-05-15T23:59:13.874963,9.10,0.00,100.00,0.00
2026-05-15T23:59:13.977102,0.00,0.00,100.00,0.00
2026-05-15T23:59:14.079321,0.00,0.00,100.00,0.00
2026-05-15T23:59:14.181326,0.00,0.00,100.00,9.10
2026-05-15T23:59:14.283216,0.00,0.00,100.00,0.00
2026-05-15T23:59:14.385062,0.00,0.00,100.00,0.00
2026-05-15T23:59:14.487028,0.00,0.00,100.00,0.00
2026-05-15T23:59:14.589000,0.00,0.00,100.00,9.10
2026-05-15T23:59:14.690978,9.10,0.00,100.00,0.00
2026-05-15T23:59:14.792845,0.00,0.00,100.00,0.00
2026-05-15T23:59:14.894611,0.00,0.00,100.00,0.00
2026-05-15T23:59:14.996514,0.00,0.00,100.00,0.00
2026-05-15T23:59:15.098276,0.00,0.00,100.00,0.00
2026-05-15T23:59:15.200097,9.10,0.00,100.00,9.10
2026-05-15T23:59:15.302113,16.70,0.00,100.00,0.00
2026-05-15T23:59:15.403970,0.00,0.00,100.00,9.10
2026-05-15T23:59:15.505751,0.00,0.00,100.00,0.00
2026-05-15T23:59:15.607518,0.00,0.00,100.00,0.00
2026-05-15T23:59:15.709434,0.00,9.10,100.00,0.00
2026-05-15T23:59:15.811465,0.00,0.00,100.00,0.00
2026-05-15T23:59:15.913355,0.00,0.00,100.00,9.10
2026-05-15T23:59:16.015361,0.00,0.00,100.00,0.00
2026-05-15T23:59:16.117578,0.00,0.00,100.00,0.00
2026-05-15T23:59:16.219563,0.00,0.00,100.00,0.00
2026-05-15T23:59:16.321689,0.00,0.00,100.00,0.00
2026-05-15T23:59:16.423839,9.10,0.00,100.00,0.00
2026-05-15T23:59:16.526080,9.10,0.00,100.00,0.00
2026-05-15T23:59:16.628301,0.00,0.00,100.00,0.00
2026-05-15T23:59:16.730459,0.00,0.00,100.00,0.00
2026-05-15T23:59:16.832663,0.00,0.00,100.00,0.00
2026-05-15T23:59:16.935109,0.00,0.00,100.00,0.00
2026-05-15T23:59:17.037221,0.00,0.00,100.00,0.00
2026-05-15T23:59:17.139502,9.10,0.00,100.00,0.00
2026-05-15T23:59:17.241645,10.00,0.00,100.00,10.00
2026-05-15T23:59:17.343872,0.00,0.00,100.00,0.00
2026-05-15T23:59:17.446032,10.00,16.70,100.00,9.10
2026-05-15T23:59:17.548314,0.00,0.00,100.00,0.00
2026-05-15T23:59:17.650581,0.00,0.00,100.00,0.00
2026-05-15T23:59:17.752798,0.00,0.00,100.00,0.00
2026-05-15T23:59:17.854970,0.00,0.00,100.00,9.10
2026-05-15T23:59:17.957084,9.10,0.00,100.00,0.00
2026-05-15T23:59:18.059123,0.00,0.00,100.00,0.00
2026-05-15T23:59:18.161332,0.00,0.00,100.00,0.00
2026-05-15T23:59:18.263362,9.10,0.00,100.00,0.00
2026-05-15T23:59:18.365492,0.00,0.00,100.00,0.00
2026-05-15T23:59:18.467553,10.00,0.00,100.00,10.00
2026-05-15T23:59:18.569462,0.00,0.00,100.00,0.00
2026-05-15T23:59:18.671428,0.00,9.10,100.00,9.10
2026-05-15T23:59:18.773398,0.00,0.00,100.00,0.00
2026-05-15T23:59:18.875227,0.00,0.00,100.00,9.10
2026-05-15T23:59:18.977028,0.00,0.00,100.00,0.00
2026-05-15T23:59:19.078894,16.70,0.00,100.00,0.00
2026-05-15T23:59:19.180931,0.00,0.00,100.00,0.00
2026-05-15T23:59:19.282848,0.00,9.10,100.00,10.00
2026-05-15T23:59:19.384730,0.00,0.00,100.00,0.00
2026-05-15T23:59:19.486889,9.10,0.00,100.00,9.10
2026-05-15T23:59:19.588889,0.00,0.00,100.00,0.00
2026-05-15T23:59:19.690728,0.00,0.00,100.00,0.00
2026-05-15T23:59:19.792733,0.00,0.00,100.00,0.00
2026-05-15T23:59:19.894594,0.00,0.00,100.00,0.00
2026-05-15T23:59:19.996435,0.00,0.00,100.00,0.00
2026-05-15T23:59:20.098411,0.00,0.00,100.00,9.10
2026-05-15T23:59:20.200298,0.00,0.00,100.00,0.00
2026-05-15T23:59:20.302082,0.00,0.00,100.00,0.00
2026-05-15T23:59:20.403880,0.00,0.00,100.00,0.00
2026-05-15T23:59:20.505711,0.00,0.00,100.00,0.00
2026-05-15T23:59:20.607339,9.10,0.00,100.00,0.00
2026-05-15T23:59:20.709264,0.00,0.00,100.00,0.00
2026-05-15T23:59:20.811229,0.00,0.00,100.00,9.10
2026-05-15T23:59:20.913171,0.00,0.00,100.00,0.00
2026-05-15T23:59:21.015054,0.00,0.00,100.00,0.00
2026-05-15T23:59:21.116944,0.00,0.00,100.00,0.00
2026-05-15T23:59:21.218884,9.10,0.00,100.00,0.00
2026-05-15T23:59:21.320788,0.00,9.10,100.00,0.00
2026-05-15T23:59:21.422582,0.00,0.00,100.00,0.00
2026-05-15T23:59:21.524374,0.00,0.00,100.00,0.00
2026-05-15T23:59:21.626343,0.00,0.00,100.00,9.10
2026-05-15T23:59:21.728225,0.00,0.00,100.00,0.00
2026-05-15T23:59:21.830153,0.00,0.00,100.00,0.00
2026-05-15T23:59:21.932053,0.00,0.00,100.00,0.00
2026-05-15T23:59:22.034144,0.00,9.10,100.00,9.10
2026-05-15T23:59:22.136019,0.00,0.00,100.00,0.00
2026-05-15T23:59:22.237944,0.00,0.00,100.00,9.10
2026-05-15T23:59:22.339833,9.10,0.00,100.00,0.00
2026-05-15T23:59:22.441776,0.00,0.00,100.00,0.00
2026-05-15T23:59:22.543524,0.00,0.00,100.00,0.00
2026-05-15T23:59:22.645529,0.00,9.10,100.00,9.10
2026-05-15T23:59:22.747372,9.10,0.00,100.00,0.00
2026-05-15T23:59:22.849342,0.00,0.00,100.00,0.00
2026-05-15T23:59:22.951357,0.00,0.00,100.00,0.00
2026-05-15T23:59:23.053266,0.00,0.00,100.00,0.00
2026-05-15T23:59:23.155214,0.00,0.00,100.00,9.10
2026-05-15T23:59:23.257081,0.00,0.00,100.00,0.00
2026-05-15T23:59:23.359151,0.00,0.00,100.00,0.00
2026-05-15T23:59:23.461112,0.00,0.00,100.00,0.00
2026-05-15T23:59:23.562995,9.10,0.00,100.00,9.10
2026-05-15T23:59:23.664816,0.00,0.00,100.00,0.00
2026-05-15T23:59:23.767018,10.00,10.00,100.00,0.00
2026-05-15T23:59:23.869114,10.00,0.00,100.00,0.00
2026-05-15T23:59:23.971120,10.00,0.00,100.00,0.00
2026-05-15T23:59:24.073458,10.00,10.00,100.00,10.00
2026-05-15T23:59:24.175598,11.10,0.00,100.00,0.00
2026-05-15T23:59:24.278013,25.00,0.00,100.00,18.20
2026-05-15T23:59:24.379959,11.10,11.10,100.00,0.00
2026-05-15T23:59:24.482093,20.00,10.00,100.00,0.00
2026-05-15T23:59:24.584175,10.00,0.00,100.00,0.00
2026-05-15T23:59:24.686342,20.00,11.10,100.00,0.00
2026-05-15T23:59:24.788450,11.10,0.00,100.00,9.10
2026-05-15T23:59:24.890441,11.10,10.00,100.00,0.00
2026-05-15T23:59:24.992391,0.00,0.00,100.00,0.00
2026-05-15T23:59:25.094299,10.00,0.00,100.00,0.00
2026-05-15T23:59:25.196574,18.20,0.00,100.00,0.00
2026-05-15T23:59:25.298550,10.00,0.00,100.00,0.00
2026-05-15T23:59:25.400502,0.00,0.00,100.00,10.00
2026-05-15T23:59:25.502435,11.10,0.00,100.00,0.00
2026-05-15T23:59:25.604589,0.00,18.20,100.00,0.00
2026-05-15T23:59:25.706627,18.20,0.00,100.00,0.00
2026-05-15T23:59:25.808734,10.00,0.00,100.00,0.00
2026-05-15T23:59:25.910829,0.00,0.00,100.00,0.00
2026-05-15T23:59:26.012852,10.00,0.00,100.00,0.00
2026-05-15T23:59:26.114887,10.00,0.00,100.00,10.00
2026-05-15T23:59:26.216943,20.00,0.00,100.00,0.00
2026-05-15T23:59:26.319083,18.20,10.00,100.00,0.00
2026-05-15T23:59:26.421168,0.00,0.00,100.00,10.00
2026-05-15T23:59:26.523234,10.00,11.10,100.00,0.00
2026-05-15T23:59:26.625302,11.10,0.00,100.00,0.00
2026-05-15T23:59:26.727377,18.20,18.20,100.00,0.00
2026-05-15T23:59:26.829428,10.00,0.00,100.00,0.00
2026-05-15T23:59:26.931638,10.00,0.00,100.00,0.00
2026-05-15T23:59:27.033649,10.00,0.00,100.00,0.00
2026-05-15T23:59:27.135861,18.20,0.00,100.00,0.00
2026-05-15T23:59:27.237946,20.00,11.10,100.00,10.00
2026-05-15T23:59:27.340171,11.10,10.00,100.00,0.00
2026-05-15T23:59:27.442231,10.00,0.00,100.00,0.00
2026-05-15T23:59:27.544374,10.00,0.00,100.00,0.00
2026-05-15T23:59:27.646439,10.00,10.00,100.00,0.00
2026-05-15T23:59:27.748446,10.00,0.00,100.00,0.00
2026-05-15T23:59:27.850662,0.00,0.00,100.00,9.10
2026-05-15T23:59:27.952671,11.10,10.00,100.00,0.00
2026-05-15T23:59:28.054637,10.00,0.00,100.00,0.00
2026-05-15T23:59:28.156640,9.10,0.00,100.00,0.00
2026-05-15T23:59:28.258618,10.00,0.00,100.00,0.00
2026-05-15T23:59:28.360653,25.00,0.00,100.00,0.00
2026-05-15T23:59:28.462558,0.00,0.00,100.00,0.00
2026-05-15T23:59:28.564591,18.20,0.00,100.00,0.00
2026-05-15T23:59:28.666640,10.00,11.10,100.00,9.10
2026-05-15T23:59:28.769290,22.20,22.20,100.00,9.10
2026-05-15T23:59:28.872220,37.50,28.60,100.00,0.00
2026-05-15T23:59:28.974834,33.30,33.30,100.00,0.00
2026-05-15T23:59:29.077560,37.50,37.50,100.00,10.00
2026-05-15T23:59:29.180010,33.30,28.60,100.00,10.00
2026-05-15T23:59:29.282835,28.60,33.30,100.00,0.00
2026-05-15T23:59:29.385367,42.90,37.50,100.00,0.00
2026-05-15T23:59:29.487975,28.60,28.60,100.00,0.00
2026-05-15T23:59:29.590668,50.00,42.90,100.00,10.00
2026-05-15T23:59:29.692973,33.30,28.60,100.00,11.10
2026-05-15T23:59:29.795588,37.50,20.00,100.00,0.00
2026-05-15T23:59:29.898420,28.60,44.40,100.00,0.00
2026-05-15T23:59:30.001539,33.30,33.30,100.00,0.00
2026-05-15T23:59:30.104324,44.40,37.50,100.00,10.00
2026-05-15T23:59:30.206867,33.30,28.60,100.00,0.00
2026-05-15T23:59:30.309310,37.50,33.30,100.00,10.00
2026-05-15T23:59:30.411873,20.00,28.60,100.00,0.00
2026-05-15T23:59:30.514268,37.50,42.90,100.00,0.00
2026-05-15T23:59:30.616692,50.00,37.50,100.00,10.00
2026-05-15T23:59:30.719567,28.60,33.30,100.00,0.00
2026-05-15T23:59:30.822251,33.30,37.50,100.00,18.20
2026-05-15T23:59:30.924559,37.50,33.30,100.00,0.00
2026-05-15T23:59:31.027286,42.90,28.60,100.00,11.10
2026-05-15T23:59:31.129874,28.60,50.00,100.00,0.00
2026-05-15T23:59:31.232247,33.30,28.60,100.00,0.00
2026-05-15T23:59:31.334784,37.50,42.90,100.00,10.00
2026-05-15T23:59:31.437306,33.30,28.60,100.00,0.00
2026-05-15T23:59:31.540272,44.40,28.60,100.00,0.00
2026-05-15T23:59:31.643464,20.00,33.30,100.00,10.00
2026-05-15T23:59:31.746177,44.40,37.50,100.00,10.00
2026-05-15T23:59:31.848951,28.60,16.70,100.00,0.00
2026-05-15T23:59:31.951411,42.90,28.60,100.00,0.00
2026-05-15T23:59:32.054509,44.40,50.00,100.00,0.00
2026-05-15T23:59:32.157208,33.30,16.70,100.00,10.00
2026-05-15T23:59:32.259867,44.40,16.70,100.00,0.00
2026-05-15T23:59:32.362933,28.60,28.60,100.00,18.20
2026-05-15T23:59:32.465785,50.00,50.00,100.00,0.00
2026-05-15T23:59:32.568453,28.60,16.70,100.00,0.00
2026-05-15T23:59:32.670932,33.30,28.60,100.00,0.00
2026-05-15T23:59:32.773438,42.90,42.90,100.00,10.00
2026-05-15T23:59:32.876236,42.90,28.60,100.00,0.00
2026-05-15T23:59:32.978890,37.50,16.70,100.00,10.00
2026-05-15T23:59:33.081371,42.90,33.30,100.00,0.00
2026-05-15T23:59:33.184293,42.90,28.60,100.00,11.10
2026-05-15T23:59:33.286971,44.40,33.30,100.00,10.00
2026-05-15T23:59:33.389656,33.30,37.50,100.00,10.00
2026-05-15T23:59:33.492336,37.50,28.60,100.00,0.00
2026-05-15T23:59:33.594932,42.90,20.00,100.00,0.00
2026-05-15T23:59:33.697629,33.30,28.60,100.00,10.00
2026-05-15T23:59:33.800258,81.80,77.80,100.00,11.10
2026-05-15T23:59:33.959175,100.00,93.30,100.00,30.80
2026-05-15T23:59:34.062950,70.00,62.50,66.70,10.00
2026-05-15T23:59:34.165896,77.80,66.70,80.00,0.00
2026-05-15T23:59:34.268973,77.80,50.00,71.40,11.10
2026-05-15T23:59:34.372002,70.00,66.70,77.80,18.20
2026-05-15T23:59:34.475113,77.80,66.70,66.70,0.00
2026-05-15T23:59:34.578298,77.80,62.50,71.40,0.00
2026-05-15T23:59:34.681246,77.80,66.70,66.70,11.10
2026-05-15T23:59:34.784363,72.70,62.50,77.80,10.00
2026-05-15T23:59:34.887549,71.40,42.90,75.00,0.00
2026-05-15T23:59:34.990917,72.70,62.50,66.70,11.10
2026-05-15T23:59:35.093792,75.00,62.50,75.00,11.10
2026-05-15T23:59:35.196591,75.00,62.50,75.00,11.10
2026-05-15T23:59:35.299573,88.90,77.80,80.00,22.20
2026-05-15T23:59:35.402377,77.80,66.70,71.40,11.10
2026-05-15T23:59:35.505460,66.70,62.50,66.70,18.20
2026-05-15T23:59:35.608496,77.80,62.50,77.80,0.00
2026-05-15T23:59:35.711784,75.00,66.70,70.00,11.10
2026-05-15T23:59:35.814895,66.70,62.50,71.40,11.10
2026-05-15T23:59:35.917894,77.80,62.50,75.00,0.00
2026-05-15T23:59:36.022489,80.00,70.00,72.70,11.10
2026-05-15T23:59:36.125607,75.00,62.50,75.00,20.00
2026-05-15T23:59:36.228632,77.80,66.70,75.00,10.00
2026-05-15T23:59:36.331567,77.80,62.50,77.80,0.00
2026-05-15T23:59:36.434522,72.70,62.50,66.70,11.10
2026-05-15T23:59:36.537418,80.00,66.70,77.80,11.10
2026-05-15T23:59:36.640368,71.40,50.00,77.80,0.00
2026-05-15T23:59:36.743335,75.00,66.70,62.50,0.00
2026-05-15T23:59:36.846314,77.80,66.70,75.00,11.10
2026-05-15T23:59:36.949252,62.50,55.60,62.50,11.10
2026-05-15T23:59:37.052823,70.00,50.00,75.00,0.00
2026-05-15T23:59:37.155944,75.00,66.70,62.50,11.10
2026-05-15T23:59:37.259524,77.80,50.00,77.80,20.00
2026-05-15T23:59:37.363418,66.70,62.50,62.50,0.00
2026-05-15T23:59:37.466322,75.00,70.00,75.00,20.00
2026-05-15T23:59:37.569729,70.00,62.50,70.00,11.10
2026-05-15T23:59:37.672894,75.00,63.60,75.00,10.00
2026-05-15T23:59:37.775938,80.00,77.80,77.80,11.10
2026-05-15T23:59:37.878718,75.00,57.10,77.80,0.00
2026-05-15T23:59:37.981736,80.00,66.70,77.80,0.00
2026-05-15T23:59:38.084559,80.00,62.50,77.80,20.00
2026-05-15T23:59:38.187635,75.00,62.50,77.80,0.00
2026-05-15T23:59:38.291001,70.00,66.70,62.50,10.00
2026-05-15T23:59:38.394399,75.00,57.10,75.00,0.00
2026-05-15T23:59:38.497696,80.00,62.50,70.00,10.00
2026-05-15T23:59:38.600911,81.80,66.70,80.00,11.10
2026-05-15T23:59:38.704286,75.00,75.00,77.80,11.10
2026-05-15T23:59:38.807040,37.50,33.30,28.60,0.00
2026-05-15T23:59:38.909699,37.50,44.40,37.50,0.00
2026-05-15T23:59:39.012378,16.70,16.70,33.30,0.00
2026-05-15T23:59:39.115240,37.50,28.60,28.60,18.20
2026-05-15T23:59:39.217698,28.60,14.30,37.50,0.00
2026-05-15T23:59:39.320046,16.70,28.60,28.60,10.00
2026-05-15T23:59:39.422965,44.40,33.30,37.50,0.00
2026-05-15T23:59:39.525747,42.90,16.70,42.90,10.00
2026-05-15T23:59:39.628145,16.70,25.00,37.50,11.10
2026-05-15T23:59:39.730920,37.50,16.70,28.60,0.00
2026-05-15T23:59:39.833689,44.40,25.00,37.50,0.00
2026-05-15T23:59:39.935922,37.50,28.60,16.70,0.00
2026-05-15T23:59:40.038392,28.60,33.30,37.50,0.00
2026-05-15T23:59:40.140965,28.60,28.60,28.60,18.20
2026-05-15T23:59:40.243780,33.30,0.00,16.70,0.00
2026-05-15T23:59:40.346359,37.50,33.30,37.50,0.00
2026-05-15T23:59:40.449118,37.50,37.50,16.70,0.00
2026-05-15T23:59:40.551649,28.60,14.30,28.60,0.00
2026-05-15T23:59:40.654154,37.50,28.60,50.00,10.00
2026-05-15T23:59:40.756915,28.60,28.60,16.70,10.00
2026-05-15T23:59:40.859884,42.90,14.30,44.40,0.00
2026-05-15T23:59:40.962951,37.50,37.50,28.60,0.00
2026-05-15T23:59:41.065629,16.70,25.00,28.60,0.00
2026-05-15T23:59:41.168017,37.50,28.60,28.60,10.00
2026-05-15T23:59:41.270903,28.60,25.00,16.70,11.10
2026-05-15T23:59:41.373808,33.30,28.60,37.50,0.00
2026-05-15T23:59:41.476582,37.50,37.50,37.50,0.00
2026-05-15T23:59:41.579301,37.50,14.30,28.60,10.00
2026-05-15T23:59:41.682844,42.90,28.60,28.60,0.00
2026-05-15T23:59:41.786031,37.50,37.50,42.90,11.10
2026-05-15T23:59:41.888591,28.60,14.30,16.70,10.00
2026-05-15T23:59:41.991150,28.60,37.50,37.50,0.00
2026-05-15T23:59:42.093932,44.40,25.00,28.60,0.00
2026-05-15T23:59:42.196321,37.50,16.70,37.50,10.00
2026-05-15T23:59:42.298988,37.50,25.00,16.70,0.00
2026-05-15T23:59:42.401541,28.60,28.60,37.50,0.00
2026-05-15T23:59:42.504147,37.50,14.30,28.60,0.00
2026-05-15T23:59:42.606799,42.90,37.50,28.60,0.00
2026-05-15T23:59:42.709194,16.70,25.00,28.60,10.00
2026-05-15T23:59:42.811746,44.40,28.60,37.50,10.00
2026-05-15T23:59:42.914691,37.50,33.30,37.50,10.00
2026-05-15T23:59:43.017306,28.60,16.70,37.50,0.00
2026-05-15T23:59:43.120063,28.60,37.50,20.00,0.00
2026-05-15T23:59:43.222708,28.60,14.30,28.60,18.20
2026-05-15T23:59:43.325481,44.40,37.50,44.40,0.00
2026-05-15T23:59:43.428361,28.60,0.00,16.70,0.00
2026-05-15T23:59:43.530653,33.30,33.30,28.60,10.00
2026-05-15T23:59:43.633452,50.00,28.60,44.40,0.00
2026-05-15T23:59:43.736138,16.70,25.00,28.60,0.00
2026-05-15T23:59:43.838507,14.30,14.30,0.00,10.00
2026-05-15T23:59:43.940826,12.50,0.00,12.50,0.00
2026-05-15T23:59:44.043258,0.00,12.50,14.30,0.00
2026-05-15T23:59:44.145659,22.20,0.00,0.00,0.00
2026-05-15T23:59:44.248128,0.00,12.50,14.30,0.00
2026-05-15T23:59:44.350701,14.30,22.20,12.50,0.00
2026-05-15T23:59:44.453381,14.30,0.00,25.00,0.00
2026-05-15T23:59:44.556000,12.50,0.00,0.00,10.00
2026-05-15T23:59:44.659006,14.30,12.50,25.00,10.00
2026-05-15T23:59:44.761539,12.50,12.50,12.50,0.00
2026-05-15T23:59:44.864216,25.00,0.00,0.00,0.00
2026-05-15T23:59:44.966478,14.30,12.50,14.30,0.00
2026-05-15T23:59:45.068850,0.00,0.00,0.00,0.00
2026-05-15T23:59:45.171221,14.30,0.00,14.30,0.00
2026-05-15T23:59:45.274349,14.30,12.50,12.50,9.10
2026-05-15T23:59:45.376677,22.20,14.30,14.30,10.00
2026-05-15T23:59:45.478951,0.00,0.00,14.30,0.00
2026-05-15T23:59:45.581360,0.00,22.20,0.00,0.00
2026-05-15T23:59:45.683817,14.30,0.00,14.30,0.00
2026-05-15T23:59:45.847591,30.80,25.00,38.50,20.00
2026-05-15T23:59:45.950213,0.00,0.00,100.00,10.00
2026-05-15T23:59:46.052303,28.60,16.70,100.00,10.00
2026-05-15T23:59:46.154959,25.00,25.00,100.00,0.00
2026-05-15T23:59:46.257499,28.60,14.30,100.00,0.00
2026-05-15T23:59:46.360583,14.30,14.30,100.00,0.00
2026-05-15T23:59:46.462946,16.70,0.00,100.00,0.00
2026-05-15T23:59:46.566038,14.30,25.00,100.00,0.00
2026-05-15T23:59:46.668856,28.60,16.70,100.00,0.00
2026-05-15T23:59:46.771377,25.00,14.30,100.00,0.00
2026-05-15T23:59:46.873886,14.30,0.00,100.00,0.00
2026-05-15T23:59:46.976559,37.50,25.00,100.00,10.00
2026-05-15T23:59:47.078909,25.00,0.00,100.00,0.00
2026-05-15T23:59:47.181418,16.70,16.70,100.00,0.00
2026-05-15T23:59:47.284160,16.70,28.60,100.00,20.00
2026-05-15T23:59:47.386578,14.30,14.30,100.00,10.00
2026-05-15T23:59:47.489524,37.50,16.70,100.00,0.00
2026-05-15T23:59:47.592029,14.30,16.70,100.00,0.00
2026-05-15T23:59:47.694712,16.70,25.00,100.00,9.10
2026-05-15T23:59:47.797322,33.30,14.30,100.00,0.00
2026-05-15T23:59:47.899788,16.70,16.70,100.00,0.00
2026-05-15T23:59:48.002317,25.00,14.30,100.00,0.00
2026-05-15T23:59:48.104682,0.00,16.70,100.00,9.10
2026-05-15T23:59:48.207141,25.00,0.00,100.00,0.00
2026-05-15T23:59:48.309390,14.30,33.30,100.00,0.00
2026-05-15T23:59:48.411749,16.70,0.00,100.00,0.00
2026-05-15T23:59:48.514232,25.00,33.30,100.00,0.00
2026-05-15T23:59:48.616815,28.60,16.70,100.00,0.00
2026-05-15T23:59:48.719849,14.30,28.60,100.00,10.00
2026-05-15T23:59:48.822451,50.00,28.60,100.00,0.00
2026-05-15T23:59:48.924984,33.30,33.30,100.00,10.00
2026-05-15T23:59:49.027617,28.60,28.60,100.00,11.10
2026-05-15T23:59:49.130015,42.90,44.40,100.00,0.00
2026-05-15T23:59:49.232539,50.00,42.90,100.00,10.00
2026-05-15T23:59:49.335264,28.60,20.00,100.00,0.00
2026-05-15T23:59:49.437814,42.90,44.40,100.00,18.20
2026-05-15T23:59:49.540679,37.50,33.30,100.00,0.00
2026-05-15T23:59:49.643594,33.30,16.70,100.00,0.00
2026-05-15T23:59:49.746193,50.00,50.00,100.00,0.00
2026-05-15T23:59:49.848723,28.60,28.60,100.00,10.00
2026-05-15T23:59:49.952011,42.90,37.50,100.00,0.00
2026-05-15T23:59:50.054547,33.30,33.30,100.00,10.00
2026-05-15T23:59:50.157255,37.50,28.60,100.00,0.00
2026-05-15T23:59:50.259917,42.90,16.70,100.00,10.00
2026-05-15T23:59:50.362609,33.30,37.50,100.00,0.00
2026-05-15T23:59:50.465257,33.30,20.00,100.00,0.00
2026-05-15T23:59:50.567826,28.60,28.60,100.00,0.00
2026-05-15T23:59:50.670277,42.90,42.90,100.00,0.00
2026-05-15T23:59:50.772820,42.90,44.40,100.00,10.00
2026-05-15T23:59:50.875244,37.50,20.00,100.00,10.00
2026-05-15T23:59:50.977657,20.00,28.60,100.00,10.00
2026-05-15T23:59:51.080258,42.90,28.60,100.00,0.00
2026-05-15T23:59:51.182873,28.60,42.90,100.00,10.00
2026-05-15T23:59:51.285873,50.00,28.60,100.00,0.00
2026-05-15T23:59:51.388474,42.90,37.50,100.00,10.00
2026-05-15T23:59:51.490975,33.30,33.30,100.00,0.00
2026-05-15T23:59:51.593551,37.50,16.70,100.00,0.00
2026-05-15T23:59:51.696124,33.30,42.90,100.00,11.10
2026-05-15T23:59:51.798895,50.00,28.60,100.00,10.00
2026-05-15T23:59:51.901284,42.90,42.90,100.00,10.00
2026-05-15T23:59:52.003935,28.60,16.70,100.00,0.00
2026-05-15T23:59:52.106281,42.90,37.50,100.00,0.00
2026-05-15T23:59:52.209213,44.40,28.60,100.00,10.00
2026-05-15T23:59:52.312032,33.30,33.30,100.00,0.00
2026-05-15T23:59:52.414908,42.90,28.60,100.00,10.00
2026-05-15T23:59:52.517813,33.30,33.30,100.00,0.00
2026-05-15T23:59:52.620305,42.90,28.60,100.00,0.00
2026-05-15T23:59:52.722616,37.50,28.60,100.00,0.00
2026-05-15T23:59:52.825000,42.90,42.90,100.00,0.00
2026-05-15T23:59:52.927608,42.90,16.70,100.00,10.00
2026-05-15T23:59:53.029923,33.30,50.00,100.00,0.00
2026-05-15T23:59:53.132638,37.50,37.50,100.00,10.00
2026-05-15T23:59:53.235244,33.30,28.60,100.00,11.10
2026-05-15T23:59:53.337601,42.90,42.90,100.00,10.00
2026-05-15T23:59:53.440301,42.90,16.70,100.00,0.00
2026-05-15T23:59:53.542853,37.50,50.00,100.00,0.00
2026-05-15T23:59:53.646028,42.90,16.70,100.00,0.00
2026-05-15T23:59:53.748994,16.70,44.40,100.00,10.00
2026-05-15T23:59:53.851852,16.70,14.30,100.00,10.00
2026-05-15T23:59:53.954594,25.00,14.30,100.00,0.00
2026-05-15T23:59:54.056936,33.30,16.70,100.00,0.00
2026-05-15T23:59:54.159538,16.70,0.00,100.00,9.10
2026-05-15T23:59:54.261744,25.00,28.60,100.00,10.00
2026-05-15T23:59:54.364136,25.00,14.30,100.00,0.00
2026-05-15T23:59:54.466518,14.30,0.00,100.00,0.00
2026-05-15T23:59:54.568662,25.00,14.30,100.00,0.00
2026-05-15T23:59:54.671039,16.70,14.30,100.00,0.00
2026-05-15T23:59:54.773620,25.00,14.30,100.00,10.00
2026-05-15T23:59:54.876441,14.30,0.00,100.00,0.00
2026-05-15T23:59:54.978634,28.60,14.30,100.00,0.00
2026-05-15T23:59:55.081289,14.30,25.00,100.00,0.00
2026-05-15T23:59:55.183889,25.00,16.70,100.00,18.20
2026-05-15T23:59:55.286344,28.60,25.00,100.00,0.00
2026-05-15T23:59:55.388913,14.30,28.60,100.00,0.00
2026-05-15T23:59:55.491693,14.30,14.30,100.00,0.00
2026-05-15T23:59:55.594622,14.30,14.30,100.00,18.20
2026-05-15T23:59:55.697064,37.50,25.00,100.00,0.00
2026-05-15T23:59:55.799664,0.00,28.60,100.00,0.00
2026-05-15T23:59:55.902214,28.60,0.00,100.00,0.00
2026-05-15T23:59:56.004554,25.00,0.00,100.00,0.00
2026-05-15T23:59:56.106866,0.00,37.50,100.00,10.00
2026-05-15T23:59:56.209246,25.00,14.30,100.00,0.00
2026-05-15T23:59:56.311728,14.30,14.30,100.00,0.00
2026-05-15T23:59:56.414012,14.30,0.00,100.00,0.00
2026-05-15T23:59:56.516827,14.30,14.30,100.00,9.10
2026-05-15T23:59:56.619509,14.30,28.60,100.00,0.00
2026-05-15T23:59:56.722092,28.60,0.00,100.00,10.00
2026-05-15T23:59:56.825140,25.00,33.30,100.00,0.00
2026-05-15T23:59:56.927793,0.00,14.30,100.00,0.00
2026-05-15T23:59:57.030234,28.60,14.30,100.00,0.00
2026-05-15T23:59:57.133216,14.30,16.70,100.00,0.00
2026-05-15T23:59:57.235658,33.30,14.30,100.00,20.00
2026-05-15T23:59:57.338020,25.00,14.30,100.00,0.00
2026-05-15T23:59:57.440523,16.70,28.60,100.00,0.00
2026-05-15T23:59:57.542929,33.30,0.00,100.00,9.10
2026-05-15T23:59:57.645064,0.00,0.00,100.00,0.00
2026-05-15T23:59:57.747432,16.70,33.30,100.00,0.00
2026-05-15T23:59:57.849782,25.00,0.00,100.00,0.00
2026-05-15T23:59:57.952323,14.30,14.30,100.00,10.00
2026-05-15T23:59:58.054718,28.60,14.30,100.00,10.00
2026-05-15T23:59:58.156991,25.00,28.60,100.00,0.00
2026-05-15T23:59:58.259459,14.30,0.00,100.00,0.00
2026-05-15T23:59:58.361971,37.50,14.30,100.00,10.00
2026-05-15T23:59:58.464838,0.00,25.00,100.00,10.00
2026-05-15T23:59:58.567641,14.30,16.70,100.00,0.00
2026-05-15T23:59:58.669844,25.00,14.30,100.00,0.00
2026-05-15T23:59:58.772911,50.00,55.60,100.00,0.00
2026-05-15T23:59:58.921795,100.00,92.90,100.00,33.30
2026-05-15T23:59:59.024966,80.00,66.70,75.00,18.20
2026-05-15T23:59:59.128021,77.80,66.70,77.80,11.10
2026-05-15T23:59:59.231915,77.80,62.50,77.80,20.00
2026-05-15T23:59:59.335622,77.80,62.50,75.00,0.00
2026-05-15T23:59:59.438534,77.80,66.70,66.70,0.00
2026-05-15T23:59:59.542674,66.70,62.50,75.00,18.20
2026-05-15T23:59:59.646164,80.00,75.00,77.80,0.00
2026-05-15T23:59:59.750033,77.80,62.50,77.80,11.10
2026-05-15T23:59:59.853439,77.80,63.60,77.80,11.10
2026-05-15T23:59:59.956527,75.00,70.00,70.00,10.00
2026-05-16T00:00:00.059841,80.00,57.10,75.00,11.10
2026-05-16T00:00:00.162860,77.80,80.00,80.00,11.10
2026-05-16T00:00:00.265694,70.00,57.10,77.80,0.00
2026-05-16T00:00:00.368716,77.80,66.70,75.00,0.00
2026-05-16T00:00:00.471699,77.80,62.50,75.00,27.30
2026-05-16T00:00:00.574704,77.80,75.00,77.80,0.00
2026-05-16T00:00:00.677815,88.90,62.50,80.00,0.00
2026-05-16T00:00:00.781233,80.00,70.00,71.40,10.00
2026-05-16T00:00:00.884123,75.00,75.00,80.00,0.00
2026-05-16T00:00:00.987894,77.80,70.00,75.00,11.10
2026-05-16T00:00:01.091692,75.00,71.40,80.00,11.10
2026-05-16T00:00:01.195834,81.80,72.70,80.00,0.00
2026-05-16T00:00:01.298665,75.00,75.00,77.80,11.10
2026-05-16T00:00:01.401492,81.80,62.50,75.00,11.10
2026-05-16T00:00:01.504710,77.80,75.00,81.80,11.10
2026-05-16T00:00:01.607352,77.80,66.70,75.00,11.10
2026-05-16T00:00:01.710361,80.00,66.70,77.80,0.00
2026-05-16T00:00:01.813329,80.00,75.00,77.80,11.10
2026-05-16T00:00:01.916186,75.00,62.50,80.00,0.00
2026-05-16T00:00:02.019493,81.80,80.00,71.40,10.00
2026-05-16T00:00:02.122518,77.80,62.50,70.00,0.00
2026-05-16T00:00:02.226127,77.80,77.80,75.00,20.00
2026-05-16T00:00:02.328963,87.50,66.70,88.90,0.00
2026-05-16T00:00:02.431910,80.00,77.80,75.00,11.10
2026-05-16T00:00:02.534838,77.80,70.00,66.70,0.00
2026-05-16T00:00:02.637955,80.00,71.40,77.80,20.00
2026-05-16T00:00:02.741317,77.80,62.50,80.00,0.00
2026-05-16T00:00:02.844254,80.00,66.70,85.70,11.10
2026-05-16T00:00:02.947203,75.00,66.70,70.00,0.00
2026-05-16T00:00:03.050517,80.00,77.80,77.80,18.20
2026-05-16T00:00:03.153514,77.80,66.70,80.00,20.00
2026-05-16T00:00:03.256654,77.80,75.00,88.90,0.00
2026-05-16T00:00:03.359721,80.00,66.70,62.50,10.00
2026-05-16T00:00:03.462617,80.00,70.00,80.00,0.00
2026-05-16T00:00:03.565713,80.00,77.80,75.00,0.00
2026-05-16T00:00:03.669476,88.90,66.70,88.90,20.00
2026-05-16T00:00:03.772524,77.80,77.80,77.80,11.10
2026-05-16T00:00:03.875216,80.00,66.70,80.00,0.00
2026-05-16T00:00:03.978135,80.00,75.00,75.00,11.10
2026-05-16T00:00:04.081263,77.80,70.00,80.00,11.10
2026-05-16T00:00:04.185399,88.90,66.70,81.80,10.00
2026-05-16T00:00:04.288084,77.80,75.00,75.00,11.10
2026-05-16T00:00:04.391043,80.00,70.00,81.80,0.00
2026-05-16T00:00:04.494443,81.80,77.80,87.50,11.10
2026-05-16T00:00:04.598293,90.00,66.70,80.00,11.10
2026-05-16T00:00:04.701655,87.50,80.00,80.00,20.00
2026-05-16T00:00:04.805037,77.80,75.00,87.50,0.00
2026-05-16T00:00:04.909325,81.80,80.00,81.80,0.00
2026-05-16T00:00:05.012573,88.90,66.70,80.00,10.00
2026-05-16T00:00:05.116166,77.80,66.70,80.00,11.10
2026-05-16T00:00:05.219384,77.80,77.80,75.00,11.10
2026-05-16T00:00:05.322869,90.00,77.80,90.00,22.20
2026-05-16T00:00:05.425924,77.80,66.70,80.00,0.00
2026-05-16T00:00:05.529538,80.00,77.80,75.00,0.00
2026-05-16T00:00:05.632495,80.00,62.50,80.00,20.00
2026-05-16T00:00:05.735549,80.00,77.80,88.90,11.10
2026-05-16T00:00:05.838757,80.00,62.50,72.70,0.00
2026-05-16T00:00:05.941857,77.80,62.50,71.40,11.10
2026-05-16T00:00:06.044614,80.00,66.70,77.80,11.10
2026-05-16T00:00:06.148465,81.80,66.70,77.80,0.00
2026-05-16T00:00:06.251811,77.80,70.00,77.80,10.00
2026-05-16T00:00:06.354826,80.00,66.70,75.00,0.00
2026-05-16T00:00:06.457902,75.00,66.70,80.00,20.00
2026-05-16T00:00:06.561018,80.00,66.70,77.80,10.00
2026-05-16T00:00:06.664401,87.50,66.70,77.80,0.00
2026-05-16T00:00:06.767446,81.80,77.80,75.00,11.10
2026-05-16T00:00:06.870445,80.00,77.80,80.00,0.00
2026-05-16T00:00:06.973565,87.50,66.70,87.50,11.10
2026-05-16T00:00:07.076949,70.00,66.70,70.00,11.10
2026-05-16T00:00:07.180287,80.00,75.00,80.00,0.00
2026-05-16T00:00:07.283309,88.90,80.00,75.00,33.30
2026-05-16T00:00:07.386394,80.00,77.80,88.90,11.10
2026-05-16T00:00:07.489581,80.00,66.70,80.00,0.00
2026-05-16T00:00:07.592430,88.90,75.00,75.00,11.10
2026-05-16T00:00:07.695564,80.00,66.70,77.80,11.10
2026-05-16T00:00:07.798784,90.00,75.00,77.80,0.00
2026-05-16T00:00:07.902697,90.00,88.90,100.00,60.00
2026-05-16T00:00:08.006507,100.00,90.90,90.90,70.00
2026-05-16T00:00:08.109439,81.80,77.80,80.00,11.10
2026-05-16T00:00:08.212447,80.00,62.50,80.00,11.10
2026-05-16T00:00:08.315554,90.00,75.00,87.50,20.00
2026-05-16T00:00:08.418519,77.80,66.70,80.00,0.00
2026-05-16T00:00:08.521992,77.80,77.80,77.80,11.10
2026-05-16T00:00:08.624980,77.80,62.50,77.80,11.10
2026-05-16T00:00:08.727942,80.00,66.70,71.40,10.00
2026-05-16T00:00:08.830983,66.70,55.60,62.50,0.00
2026-05-16T00:00:08.934138,66.70,50.00,42.90,0.00
2026-05-16T00:00:09.037475,62.50,55.60,80.00,20.00
2026-05-16T00:00:09.140690,77.80,62.50,62.50,0.00
2026-05-16T00:00:09.244525,70.00,62.50,70.00,22.20
2026-05-16T00:00:09.347394,71.40,50.00,71.40,0.00
2026-05-16T00:00:09.450801,70.00,57.10,66.70,20.00
2026-05-16T00:00:09.553782,70.00,55.60,62.50,0.00
2026-05-16T00:00:09.656626,71.40,50.00,70.00,27.30
2026-05-16T00:00:09.760532,72.70,70.00,77.80,0.00
2026-05-16T00:00:09.863661,77.80,62.50,62.50,11.10
2026-05-16T00:00:09.966495,75.00,55.60,71.40,11.10
2026-05-16T00:00:10.069705,66.70,57.10,66.70,0.00
2026-05-16T00:00:10.173386,66.70,60.00,66.70,11.10
2026-05-16T00:00:10.276581,77.80,66.70,62.50,11.10
2026-05-16T00:00:10.379596,62.50,57.10,75.00,10.00
2026-05-16T00:00:10.482364,77.80,66.70,70.00,11.10
2026-05-16T00:00:10.585287,70.00,50.00,66.70,0.00
2026-05-16T00:00:10.688218,75.00,66.70,75.00,11.10
2026-05-16T00:00:10.791209,62.50,57.10,66.70,0.00
2026-05-16T00:00:10.894720,62.50,55.60,62.50,10.00
2026-05-16T00:00:10.997642,70.00,57.10,70.00,11.10
2026-05-16T00:00:11.100825,62.50,55.60,66.70,0.00
2026-05-16T00:00:11.204220,75.00,50.00,71.40,11.10
2026-05-16T00:00:11.307927,66.70,66.70,70.00,20.00
2026-05-16T00:00:11.411257,77.80,62.50,71.40,11.10
2026-05-16T00:00:11.515307,66.70,62.50,62.50,0.00
2026-05-16T00:00:11.618492,75.00,55.60,66.70,0.00
2026-05-16T00:00:11.721684,70.00,50.00,77.80,11.10
2026-05-16T00:00:11.824357,77.80,62.50,77.80,10.00
2026-05-16T00:00:11.927653,80.00,70.00,66.70,0.00
2026-05-16T00:00:12.030529,66.70,62.50,66.70,0.00
2026-05-16T00:00:12.133588,77.80,57.10,70.00,0.00
2026-05-16T00:00:12.236677,66.70,50.00,66.70,18.20
2026-05-16T00:00:12.339626,80.00,66.70,77.80,0.00
2026-05-16T00:00:12.442635,62.50,33.30,62.50,11.10
2026-05-16T00:00:12.545743,66.70,66.70,62.50,0.00
2026-05-16T00:00:12.648847,70.00,62.50,66.70,20.00
2026-05-16T00:00:12.751557,66.70,57.10,75.00,0.00
2026-05-16T00:00:12.854572,72.70,55.60,62.50,11.10
2026-05-16T00:00:12.957467,71.40,62.50,66.70,10.00
2026-05-16T00:00:13.060512,66.70,57.10,71.40,11.10
2026-05-16T00:00:13.163619,77.80,66.70,72.70,11.10
2026-05-16T00:00:13.266500,77.80,62.50,77.80,11.10
2026-05-16T00:00:13.369416,66.70,66.70,80.00,11.10
2026-05-16T00:00:13.472587,77.80,50.00,62.50,11.10
2026-05-16T00:00:13.576204,66.70,75.00,77.80,10.00
2026-05-16T00:00:13.679238,77.80,55.60,70.00,0.00
2026-05-16T00:00:13.781617,37.50,37.50,28.60,10.00
2026-05-16T00:00:13.884174,25.00,0.00,14.30,10.00
2026-05-16T00:00:13.986600,12.50,22.20,12.50,0.00
2026-05-16T00:00:14.089082,12.50,12.50,12.50,0.00
2026-05-16T00:00:14.191533,12.50,0.00,0.00,0.00
2026-05-16T00:00:14.293668,14.30,0.00,22.20,0.00
2026-05-16T00:00:14.396220,0.00,14.30,0.00,0.00
2026-05-16T00:00:14.498580,22.20,22.20,0.00,0.00
2026-05-16T00:00:14.600863,0.00,0.00,22.20,0.00
2026-05-16T00:00:14.703528,12.50,12.50,0.00,10.00
2026-05-16T00:00:14.806170,0.00,22.20,0.00,0.00
2026-05-16T00:00:14.908451,25.00,0.00,25.00,0.00
2026-05-16T00:00:15.011185,12.50,12.50,0.00,0.00
2026-05-16T00:00:15.113708,25.00,0.00,12.50,0.00
2026-05-16T00:00:15.216273,0.00,11.10,14.30,0.00
2026-05-16T00:00:15.318584,12.50,14.30,12.50,11.10
2026-05-16T00:00:15.421378,25.00,22.20,14.30,0.00
2026-05-16T00:00:15.523629,12.50,0.00,12.50,10.00
2026-05-16T00:00:15.626135,0.00,12.50,0.00,0.00
2026-05-16T00:00:15.728889,22.20,0.00,22.20,0.00
2026-05-16T00:00:15.890722,20.00,27.30,41.70,14.30
2026-05-16T00:00:15.993241,37.50,14.30,100.00,10.00
2026-05-16T00:00:16.095808,14.30,25.00,100.00,0.00
2026-05-16T00:00:16.198503,14.30,16.70,100.00,0.00
2026-05-16T00:00:16.300990,25.00,14.30,100.00,10.00
2026-05-16T00:00:16.403466,25.00,14.30,100.00,10.00
2026-05-16T00:00:16.505785,16.70,14.30,100.00,0.00
2026-05-16T00:00:16.608341,14.30,14.30,100.00,0.00
2026-05-16T00:00:16.710679,33.30,28.60,100.00,10.00
2026-05-16T00:00:16.813120,0.00,14.30,100.00,0.00
2026-05-16T00:00:16.915635,25.00,0.00,100.00,10.00
2026-05-16T00:00:17.017949,14.30,0.00,100.00,0.00
2026-05-16T00:00:17.120596,25.00,25.00,100.00,0.00
2026-05-16T00:00:17.223621,28.60,14.30,100.00,0.00
2026-05-16T00:00:17.325717,14.30,28.60,100.00,20.00
2026-05-16T00:00:17.428211,28.60,28.60,100.00,0.00
2026-05-16T00:00:17.530843,14.30,14.30,100.00,0.00
2026-05-16T00:00:17.633307,25.00,25.00,100.00,10.00
2026-05-16T00:00:17.735687,33.30,0.00,100.00,10.00
2026-05-16T00:00:17.838102,16.70,14.30,100.00,0.00
2026-05-16T00:00:17.940990,25.00,14.30,100.00,0.00
2026-05-16T00:00:18.043434,14.30,28.60,100.00,0.00
2026-05-16T00:00:18.145875,25.00,0.00,100.00,0.00
2026-05-16T00:00:18.248593,14.30,0.00,100.00,0.00
2026-05-16T00:00:18.351359,25.00,14.30,100.00,10.00
2026-05-16T00:00:18.453931,14.30,25.00,100.00,10.00
2026-05-16T00:00:18.556439,16.70,16.70,100.00,0.00
2026-05-16T00:00:18.659218,25.00,14.30,100.00,0.00
2026-05-16T00:00:18.761054,12.50,30.00,100.00,0.00
2026-05-16T00:00:18.863006,10.00,0.00,100.00,0.00
2026-05-16T00:00:18.965036,10.00,0.00,100.00,0.00
2026-05-16T00:00:19.067171,0.00,0.00,100.00,0.00
2026-05-16T00:00:19.169223,10.00,0.00,100.00,0.00
2026-05-16T00:00:19.271146,20.00,0.00,100.00,10.00
2026-05-16T00:00:19.373261,10.00,10.00,100.00,0.00
2026-05-16T00:00:19.475321,10.00,11.10,100.00,0.00
2026-05-16T00:00:19.577546,11.10,0.00,100.00,0.00
2026-05-16T00:00:19.679475,10.00,11.10,100.00,16.70
2026-05-16T00:00:19.781563,0.00,0.00,100.00,0.00
2026-05-16T00:00:19.883555,20.00,11.10,100.00,0.00
2026-05-16T00:00:19.985622,18.20,0.00,100.00,0.00
2026-05-16T00:00:20.087626,20.00,0.00,100.00,0.00
2026-05-16T00:00:20.189622,18.20,0.00,100.00,0.00
2026-05-16T00:00:20.291562,0.00,0.00,100.00,0.00
2026-05-16T00:00:20.393588,11.10,18.20,100.00,0.00
2026-05-16T00:00:20.495792,10.00,11.10,100.00,9.10
2026-05-16T00:00:20.597966,10.00,0.00,100.00,0.00
2026-05-16T00:00:20.699985,0.00,0.00,100.00,0.00
2026-05-16T00:00:20.801993,18.20,10.00,100.00,0.00
2026-05-16T00:00:20.903988,10.00,0.00,100.00,0.00
2026-05-16T00:00:21.006193,11.10,0.00,100.00,0.00
2026-05-16T00:00:21.108262,10.00,0.00,100.00,10.00
2026-05-16T00:00:21.210718,18.20,11.10,100.00,0.00
2026-05-16T00:00:21.312824,11.10,0.00,100.00,0.00
2026-05-16T00:00:21.414727,0.00,11.10,100.00,0.00
2026-05-16T00:00:21.516708,10.00,0.00,100.00,0.00
2026-05-16T00:00:21.619015,11.10,0.00,100.00,0.00
2026-05-16T00:00:21.720893,10.00,0.00,100.00,0.00
2026-05-16T00:00:21.823022,11.10,11.10,100.00,16.70
2026-05-16T00:00:21.925247,10.00,0.00,100.00,0.00
2026-05-16T00:00:22.027322,0.00,10.00,100.00,0.00
2026-05-16T00:00:22.129212,11.10,11.10,100.00,0.00
2026-05-16T00:00:22.231484,18.20,0.00,100.00,0.00
2026-05-16T00:00:22.333341,18.20,10.00,100.00,0.00
2026-05-16T00:00:22.435444,20.00,0.00,100.00,0.00
2026-05-16T00:00:22.537443,18.20,10.00,100.00,0.00
2026-05-16T00:00:22.639579,18.20,0.00,100.00,0.00
2026-05-16T00:00:22.741702,20.00,0.00,100.00,0.00
2026-05-16T00:00:22.843797,10.00,10.00,100.00,0.00
2026-05-16T00:00:22.945651,20.00,0.00,100.00,0.00
2026-05-16T00:00:23.047674,0.00,10.00,100.00,9.10
2026-05-16T00:00:23.150321,10.00,0.00,100.00,0.00
2026-05-16T00:00:23.252780,11.10,18.20,100.00,0.00
2026-05-16T00:00:23.355262,10.00,0.00,100.00,0.00
2026-05-16T00:00:23.457351,10.00,10.00,100.00,0.00
2026-05-16T00:00:23.559347,11.10,0.00,100.00,0.00
2026-05-16T00:00:23.661492,10.00,0.00,100.00,10.00
2026-05-16T00:00:24.120789,76.20,73.20,100.00,61.40
2026-05-16T00:00:24.226585,62.50,77.80,100.00,100.00
2026-05-16T00:00:24.332798,77.80,80.00,100.00,100.00
2026-05-16T00:00:24.440490,66.70,71.40,100.00,100.00
2026-05-16T00:00:24.546201,62.50,66.70,100.00,100.00
2026-05-16T00:00:24.652338,70.00,66.70,100.00,100.00
2026-05-16T00:00:24.761622,77.80,77.80,100.00,100.00
2026-05-16T00:00:24.868543,77.80,75.00,100.00,100.00
2026-05-16T00:00:24.975567,80.00,80.00,100.00,100.00
2026-05-16T00:00:25.082478,75.00,77.80,100.00,100.00
2026-05-16T00:00:25.188218,62.50,77.80,100.00,100.00
2026-05-16T00:00:25.293964,55.60,71.40,100.00,100.00
2026-05-16T00:00:25.400952,57.10,66.70,100.00,100.00
2026-05-16T00:00:25.505365,77.80,62.50,100.00,100.00
2026-05-16T00:00:25.610987,62.50,75.00,100.00,100.00
2026-05-16T00:00:25.718743,66.70,66.70,100.00,100.00
2026-05-16T00:00:25.825705,77.80,75.00,100.00,100.00
2026-05-16T00:00:25.931047,50.00,42.90,100.00,100.00
2026-05-16T00:00:26.036798,66.70,66.70,100.00,100.00
2026-05-16T00:00:26.142604,66.70,62.50,100.00,100.00
2026-05-16T00:00:26.248924,57.10,62.50,100.00,100.00
2026-05-16T00:00:26.355504,70.00,57.10,100.00,100.00
2026-05-16T00:00:26.462423,55.60,66.70,100.00,100.00
2026-05-16T00:00:26.568931,66.70,62.50,100.00,100.00
2026-05-16T00:00:26.676155,62.50,66.70,100.00,100.00
2026-05-16T00:00:26.781397,62.50,50.00,100.00,100.00
2026-05-16T00:00:26.886160,62.50,57.10,100.00,100.00
2026-05-16T00:00:26.991899,62.50,62.50,100.00,100.00
2026-05-16T00:00:27.097906,66.70,50.00,100.00,100.00
2026-05-16T00:00:27.204433,50.00,75.00,100.00,100.00
2026-05-16T00:00:27.310084,77.80,70.00,100.00,100.00
2026-05-16T00:00:27.416371,62.50,62.50,100.00,100.00
2026-05-16T00:00:27.520572,62.50,57.10,100.00,100.00
2026-05-16T00:00:27.625832,55.60,62.50,100.00,100.00
2026-05-16T00:00:27.732522,57.10,57.10,100.00,100.00
2026-05-16T00:00:27.836548,62.50,66.70,100.00,100.00
2026-05-16T00:00:27.940956,66.70,50.00,100.00,100.00
2026-05-16T00:00:28.046927,62.50,50.00,100.00,100.00
2026-05-16T00:00:28.154559,75.00,77.80,100.00,100.00
2026-05-16T00:00:28.260774,66.70,57.10,100.00,100.00
2026-05-16T00:00:28.367080,57.10,62.50,100.00,100.00
2026-05-16T00:00:28.473612,62.50,62.50,100.00,100.00
2026-05-16T00:00:28.579884,60.00,60.00,100.00,100.00
2026-05-16T00:00:28.686194,50.00,75.00,100.00,100.00
2026-05-16T00:00:28.790475,30.00,0.00,100.00,100.00
2026-05-16T00:00:28.894689,11.10,20.00,100.00,100.00
2026-05-16T00:00:28.998684,10.00,0.00,100.00,100.00
2026-05-16T00:00:29.102336,11.10,11.10,100.00,100.00
2026-05-16T00:00:29.205975,20.00,0.00,100.00,100.00
2026-05-16T00:00:29.309406,20.00,0.00,100.00,100.00
2026-05-16T00:00:29.413012,18.20,11.10,100.00,100.00
2026-05-16T00:00:29.516677,20.00,20.00,100.00,100.00
2026-05-16T00:00:29.620417,11.10,0.00,100.00,100.00
2026-05-16T00:00:29.724743,20.00,0.00,100.00,100.00
2026-05-16T00:00:29.828710,11.10,11.10,100.00,100.00
2026-05-16T00:00:29.932648,10.00,11.10,100.00,100.00
2026-05-16T00:00:30.036424,11.10,11.10,100.00,100.00
2026-05-16T00:00:30.140313,22.20,11.10,100.00,100.00
2026-05-16T00:00:30.243973,27.30,0.00,100.00,100.00
2026-05-16T00:00:30.347821,20.00,20.00,100.00,100.00
2026-05-16T00:00:30.451682,10.00,11.10,100.00,100.00
2026-05-16T00:00:30.555023,27.30,0.00,100.00,100.00
2026-05-16T00:00:30.658628,20.00,0.00,100.00,100.00
2026-05-16T00:00:30.762384,11.10,0.00,100.00,100.00
2026-05-16T00:00:30.866201,18.20,11.10,100.00,100.00
2026-05-16T00:00:30.969841,11.10,11.10,100.00,100.00
2026-05-16T00:00:31.073656,10.00,0.00,100.00,100.00
2026-05-16T00:00:31.177443,20.00,0.00,100.00,100.00
2026-05-16T00:00:31.281568,20.00,20.00,100.00,100.00
2026-05-16T00:00:31.385257,11.10,11.10,100.00,100.00
2026-05-16T00:00:31.488872,18.20,0.00,100.00,100.00
2026-05-16T00:00:31.592585,11.10,20.00,100.00,100.00
2026-05-16T00:00:31.696619,20.00,0.00,100.00,100.00
2026-05-16T00:00:31.800305,20.00,0.00,100.00,100.00
2026-05-16T00:00:31.904003,18.20,0.00,100.00,100.00
2026-05-16T00:00:32.007734,11.10,0.00,100.00,100.00
2026-05-16T00:00:32.111327,11.10,11.10,100.00,100.00
2026-05-16T00:00:32.214695,18.20,10.00,100.00,100.00
2026-05-16T00:00:32.318424,11.10,11.10,100.00,100.00
2026-05-16T00:00:32.422080,20.00,0.00,100.00,100.00
2026-05-16T00:00:32.525876,10.00,11.10,100.00,100.00
2026-05-16T00:00:32.629516,20.00,0.00,100.00,100.00
2026-05-16T00:00:32.733145,11.10,0.00,100.00,100.00
2026-05-16T00:00:32.836798,11.10,0.00,100.00,100.00
2026-05-16T00:00:32.940488,20.00,0.00,100.00,100.00
2026-05-16T00:00:33.044519,20.00,0.00,100.00,100.00
2026-05-16T00:00:33.148029,10.00,20.00,100.00,100.00
2026-05-16T00:00:33.251970,12.50,0.00,100.00,100.00
2026-05-16T00:00:33.356260,20.00,0.00,100.00,100.00
2026-05-16T00:00:33.459781,11.10,0.00,100.00,100.00
2026-05-16T00:00:33.563703,10.00,0.00,100.00,100.00
2026-05-16T00:00:33.667274,20.00,0.00,100.00,100.00
2026-05-16T00:00:33.772217,25.00,33.30,100.00,100.00
2026-05-16T00:00:33.878169,25.00,28.60,100.00,100.00
2026-05-16T00:00:33.984456,37.50,28.60,100.00,100.00
2026-05-16T00:00:34.088788,28.60,28.60,100.00,100.00
2026-05-16T00:00:34.193661,28.60,33.30,100.00,100.00
2026-05-16T00:00:34.299018,37.50,16.70,100.00,100.00
2026-05-16T00:00:34.403968,33.30,37.50,100.00,100.00
2026-05-16T00:00:34.509332,28.60,14.30,100.00,100.00
2026-05-16T00:00:34.613834,33.30,28.60,100.00,100.00
2026-05-16T00:00:34.718848,42.90,28.60,100.00,100.00
2026-05-16T00:00:34.824445,28.60,33.30,100.00,100.00
2026-05-16T00:00:34.929859,33.30,37.50,100.00,100.00
2026-05-16T00:00:35.035489,28.60,44.40,100.00,100.00
2026-05-16T00:00:35.141321,28.60,33.30,100.00,100.00
2026-05-16T00:00:35.245575,50.00,50.00,100.00,100.00
2026-05-16T00:00:35.350792,42.90,37.50,100.00,100.00
2026-05-16T00:00:35.455947,37.50,20.00,100.00,100.00
2026-05-16T00:00:35.560988,28.60,25.00,100.00,100.00
2026-05-16T00:00:35.665384,37.50,28.60,100.00,100.00
2026-05-16T00:00:35.770410,28.60,50.00,100.00,100.00
2026-05-16T00:00:35.874681,33.30,33.30,100.00,100.00
2026-05-16T00:00:35.979908,42.90,37.50,100.00,100.00
2026-05-16T00:00:36.085497,37.50,33.30,100.00,100.00
2026-05-16T00:00:36.189550,37.50,37.50,100.00,100.00
2026-05-16T00:00:36.294469,28.60,28.60,100.00,100.00
2026-05-16T00:00:36.399208,37.50,28.60,100.00,100.00
2026-05-16T00:00:36.503302,25.00,28.60,100.00,100.00
2026-05-16T00:00:36.608035,50.00,62.50,100.00,100.00
2026-05-16T00:00:36.713772,33.30,33.30,100.00,100.00
2026-05-16T00:00:36.818279,28.60,37.50,100.00,100.00
2026-05-16T00:00:36.923650,28.60,16.70,100.00,100.00
2026-05-16T00:00:37.028186,33.30,37.50,100.00,100.00
2026-05-16T00:00:37.133990,28.60,28.60,100.00,100.00
2026-05-16T00:00:37.239333,25.00,37.50,100.00,100.00
2026-05-16T00:00:37.343980,50.00,50.00,100.00,100.00
2026-05-16T00:00:37.449544,28.60,37.50,100.00,100.00
2026-05-16T00:00:37.557302,28.60,28.60,100.00,100.00
2026-05-16T00:00:37.661843,28.60,37.50,100.00,100.00
2026-05-16T00:00:37.766126,37.50,33.30,100.00,100.00
2026-05-16T00:00:37.871325,22.20,50.00,100.00,100.00
2026-05-16T00:00:37.976394,28.60,28.60,100.00,100.00
2026-05-16T00:00:38.082952,37.50,28.60,100.00,100.00
2026-05-16T00:00:38.187979,28.60,33.30,100.00,100.00
2026-05-16T00:00:38.293449,37.50,37.50,100.00,100.00
2026-05-16T00:00:38.398496,28.60,44.40,100.00,100.00
2026-05-16T00:00:38.503291,37.50,33.30,100.00,100.00
2026-05-16T00:00:38.609023,33.30,28.60,100.00,100.00
2026-05-16T00:00:38.714801,37.50,28.60,100.00,100.00
2026-05-16T00:00:38.818347,22.20,12.50,100.00,100.00
2026-05-16T00:00:38.921956,11.10,22.20,100.00,100.00
2026-05-16T00:00:39.025707,22.20,0.00,100.00,100.00
2026-05-16T00:00:39.130377,12.50,22.20,100.00,100.00
2026-05-16T00:00:39.234264,33.30,0.00,100.00,100.00
2026-05-16T00:00:39.338752,20.00,20.00,100.00,100.00
2026-05-16T00:00:39.442747,33.30,0.00,100.00,100.00
2026-05-16T00:00:39.547623,11.10,0.00,100.00,100.00
2026-05-16T00:00:39.652303,25.00,12.50,100.00,100.00
2026-05-16T00:00:39.756570,30.00,22.20,100.00,100.00
2026-05-16T00:00:39.860922,12.50,0.00,100.00,100.00
2026-05-16T00:00:39.965319,22.20,12.50,100.00,100.00
2026-05-16T00:00:40.069325,11.10,0.00,100.00,100.00
2026-05-16T00:00:40.172949,22.20,12.50,100.00,100.00
2026-05-16T00:00:40.276729,22.20,12.50,100.00,100.00
2026-05-16T00:00:40.380645,33.30,0.00,100.00,100.00
2026-05-16T00:00:40.484595,11.10,0.00,100.00,100.00
2026-05-16T00:00:40.588348,22.20,22.20,100.00,100.00
2026-05-16T00:00:40.692306,22.20,0.00,100.00,100.00
2026-05-16T00:00:40.796275,20.00,0.00,100.00,100.00
2026-05-16T00:00:40.899755,12.50,22.20,100.00,100.00
2026-05-16T00:00:41.003720,11.10,0.00,100.00,100.00
2026-05-16T00:00:41.107538,11.10,11.10,100.00,100.00
2026-05-16T00:00:41.211782,22.20,0.00,100.00,100.00
2026-05-16T00:00:41.315964,22.20,0.00,100.00,100.00
2026-05-16T00:00:41.419949,22.20,12.50,100.00,100.00
2026-05-16T00:00:41.523943,11.10,0.00,100.00,100.00
2026-05-16T00:00:41.627784,12.50,22.20,100.00,100.00
2026-05-16T00:00:41.731583,22.20,11.10,100.00,100.00
2026-05-16T00:00:41.835461,11.10,0.00,100.00,100.00
2026-05-16T00:00:41.940452,11.10,11.10,100.00,100.00
2026-05-16T00:00:42.044818,30.00,0.00,100.00,100.00
2026-05-16T00:00:42.149286,12.50,12.50,100.00,100.00
2026-05-16T00:00:42.253193,11.10,0.00,100.00,100.00
2026-05-16T00:00:42.357650,22.20,11.10,100.00,100.00
2026-05-16T00:00:42.461912,12.50,0.00,100.00,100.00
2026-05-16T00:00:42.566426,20.00,12.50,100.00,100.00
2026-05-16T00:00:42.670507,12.50,0.00,100.00,100.00
2026-05-16T00:00:42.774516,0.00,22.20,100.00,100.00
2026-05-16T00:00:42.878522,11.10,0.00,100.00,100.00
2026-05-16T00:00:42.982182,12.50,12.50,100.00,100.00
2026-05-16T00:00:43.086912,12.50,0.00,100.00,100.00
2026-05-16T00:00:43.191514,12.50,22.20,100.00,100.00
2026-05-16T00:00:43.296613,27.30,0.00,100.00,100.00
2026-05-16T00:00:43.400725,12.50,22.20,100.00,100.00
2026-05-16T00:00:43.504886,22.20,0.00,100.00,100.00
2026-05-16T00:00:43.609148,22.20,12.50,100.00,100.00
2026-05-16T00:00:43.712888,0.00,0.00,100.00,100.00
2026-05-16T00:00:43.820192,77.80,77.80,100.00,100.00
2026-05-16T00:00:43.926590,80.00,90.00,100.00,100.00
2026-05-16T00:00:44.119551,83.30,95.00,95.20,100.00
2026-05-16T00:00:44.225345,57.10,62.50,66.70,27.30
2026-05-16T00:00:44.330454,72.70,55.60,66.70,12.50
2026-05-16T00:00:44.435011,50.00,62.50,66.70,20.00
2026-05-16T00:00:44.540523,75.00,55.60,62.50,30.00
2026-05-16T00:00:44.644924,66.70,60.00,66.70,11.10
2026-05-16T00:00:44.749387,57.10,50.00,66.70,30.00
2026-05-16T00:00:44.854236,70.00,55.60,57.10,11.10
2026-05-16T00:00:44.958637,57.10,42.90,42.90,20.00
2026-05-16T00:00:45.065427,66.70,66.70,66.70,22.20
2026-05-16T00:00:45.171113,75.00,70.00,75.00,30.00
2026-05-16T00:00:45.275941,70.00,62.50,62.50,22.20
2026-05-16T00:00:45.381949,66.70,62.50,77.80,20.00
2026-05-16T00:00:45.486661,72.70,62.50,70.00,20.00
2026-05-16T00:00:45.590992,71.40,50.00,62.50,12.50
2026-05-16T00:00:45.695724,70.00,66.70,62.50,30.00
2026-05-16T00:00:45.800255,75.00,57.10,75.00,11.10
2026-05-16T00:00:45.904816,62.50,50.00,70.00,22.20
2026-05-16T00:00:46.009568,62.50,57.10,62.50,20.00
2026-05-16T00:00:46.114883,70.00,50.00,66.70,20.00
2026-05-16T00:00:46.219403,66.70,66.70,77.80,22.20
2026-05-16T00:00:46.323966,66.70,57.10,66.70,27.30
2026-05-16T00:00:46.430313,70.00,63.60,62.50,22.20
2026-05-16T00:00:46.534814,70.00,66.70,77.80,20.00
2026-05-16T00:00:46.640861,75.00,57.10,66.70,22.20
2026-05-16T00:00:46.746064,70.00,62.50,71.40,22.20
2026-05-16T00:00:46.851102,75.00,62.50,72.70,20.00
2026-05-16T00:00:46.956189,66.70,60.00,62.50,20.00
2026-05-16T00:00:47.062040,62.50,66.70,71.40,12.50
2026-05-16T00:00:47.167821,75.00,50.00,66.70,20.00
2026-05-16T00:00:47.272625,66.70,62.50,66.70,22.20
2026-05-16T00:00:47.377416,66.70,62.50,77.80,33.30
2026-05-16T00:00:47.481578,66.70,55.60,62.50,30.00
2026-05-16T00:00:47.585670,75.00,66.70,66.70,22.20
2026-05-16T00:00:47.690471,57.10,62.50,75.00,20.00
2026-05-16T00:00:47.795393,72.70,70.00,66.70,30.00
2026-05-16T00:00:47.900677,75.00,66.70,75.00,11.10
2026-05-16T00:00:48.004925,72.70,55.60,70.00,22.20
2026-05-16T00:00:48.109637,66.70,66.70,57.10,11.10
2026-05-16T00:00:48.214719,77.80,62.50,70.00,30.00
2026-05-16T00:00:48.319297,66.70,50.00,62.50,20.00
2026-05-16T00:00:48.424424,66.70,50.00,62.50,11.10
2026-05-16T00:00:48.530233,62.50,66.70,72.70,22.20
2026-05-16T00:00:48.635574,70.00,55.60,71.40,11.10
2026-05-16T00:00:48.739193,55.60,57.10,60.00,20.00
2026-05-16T00:00:48.844570,0.00,10.00,0.00,18.20
2026-05-16T00:00:48.947790,10.00,0.00,0.00,11.10
2026-05-16T00:00:49.050968,0.00,0.00,0.00,10.00
2026-05-16T00:00:49.154015,0.00,0.00,10.00,18.20
2026-05-16T00:00:49.257512,10.00,0.00,20.00,11.10
2026-05-16T00:00:49.361668,0.00,0.00,0.00,10.00
2026-05-16T00:00:49.465492,0.00,11.10,0.00,20.00
2026-05-16T00:00:49.569359,11.10,10.00,0.00,18.20
2026-05-16T00:00:49.672859,10.00,0.00,0.00,10.00
2026-05-16T00:00:49.775904,0.00,0.00,0.00,10.00
2026-05-16T00:00:49.879311,10.00,0.00,0.00,20.00
2026-05-16T00:00:49.982336,0.00,10.00,10.00,10.00
2026-05-16T00:00:50.085724,10.00,0.00,0.00,10.00
2026-05-16T00:00:50.189022,0.00,10.00,10.00,25.00
2026-05-16T00:00:50.292708,10.00,0.00,0.00,11.10
2026-05-16T00:00:50.396032,0.00,0.00,0.00,10.00
2026-05-16T00:00:50.499001,0.00,0.00,0.00,10.00
2026-05-16T00:00:50.602375,10.00,0.00,0.00,18.20
2026-05-16T00:00:50.705508,0.00,0.00,0.00,10.00
2026-05-16T00:00:50.867620,14.30,18.80,26.70,25.00
2026-05-16T00:00:50.971003,11.10,0.00,100.00,11.10
2026-05-16T00:00:51.074208,10.00,11.10,100.00,18.20
2026-05-16T00:00:51.177261,11.10,0.00,100.00,10.00
2026-05-16T00:00:51.280533,18.20,0.00,100.00,10.00
2026-05-16T00:00:51.383480,20.00,11.10,100.00,18.20
2026-05-16T00:00:51.486591,0.00,10.00,100.00,11.10
2026-05-16T00:00:51.589911,11.10,11.10,100.00,10.00
2026-05-16T00:00:51.693256,10.00,0.00,100.00,10.00
2026-05-16T00:00:51.796336,11.10,11.10,100.00,20.00
2026-05-16T00:00:51.899557,10.00,11.10,100.00,27.30
2026-05-16T00:00:52.002789,11.10,0.00,100.00,10.00
2026-05-16T00:00:52.105958,0.00,11.10,100.00,10.00
2026-05-16T00:00:52.208959,11.10,0.00,100.00,10.00
2026-05-16T00:00:52.312423,10.00,0.00,100.00,18.20
2026-05-16T00:00:52.416251,20.00,0.00,100.00,11.10
2026-05-16T00:00:52.519739,10.00,10.00,100.00,10.00
2026-05-16T00:00:52.622894,20.00,0.00,100.00,10.00
2026-05-16T00:00:52.726578,20.00,0.00,100.00,18.20
2026-05-16T00:00:52.830025,10.00,11.10,100.00,10.00
2026-05-16T00:00:52.934295,11.10,0.00,100.00,10.00
2026-05-16T00:00:53.038227,11.10,0.00,100.00,10.00
2026-05-16T00:00:53.141863,18.20,11.10,100.00,27.30
2026-05-16T00:00:53.245537,11.10,10.00,100.00,11.10
2026-05-16T00:00:53.348705,10.00,0.00,100.00,10.00
2026-05-16T00:00:53.451921,11.10,0.00,100.00,10.00
2026-05-16T00:00:53.555165,18.20,0.00,100.00,20.00
2026-05-16T00:00:53.658403,11.10,11.10,100.00,10.00
2026-05-16T00:00:53.761969,11.10,11.10,100.00,10.00
2026-05-16T00:00:53.865494,11.10,11.10,100.00,20.00
2026-05-16T00:00:53.969260,20.00,0.00,100.00,10.00
2026-05-16T00:00:54.072805,20.00,0.00,100.00,11.10
2026-05-16T00:00:54.200493,25.00,18.20,100.00,23.10
2026-05-16T00:00:54.304073,20.00,11.10,100.00,100.00
2026-05-16T00:00:54.408662,12.50,12.50,100.00,100.00
2026-05-16T00:00:54.512704,20.00,11.10,100.00,100.00
2026-05-16T00:00:54.616629,20.00,0.00,100.00,100.00
2026-05-16T00:00:54.720259,12.50,0.00,100.00,100.00
2026-05-16T00:00:54.824302,27.30,0.00,100.00,100.00
2026-05-16T00:00:54.928606,11.10,0.00,100.00,100.00
2026-05-16T00:00:55.032354,12.50,22.20,100.00,100.00
2026-05-16T00:00:55.136066,11.10,0.00,100.00,100.00
2026-05-16T00:00:55.240291,22.20,12.50,100.00,100.00
2026-05-16T00:00:55.344396,20.00,0.00,100.00,100.00
2026-05-16T00:00:55.448862,12.50,12.50,100.00,100.00
2026-05-16T00:00:55.553061,11.10,11.10,100.00,100.00
2026-05-16T00:00:55.656910,33.30,11.10,100.00,100.00
2026-05-16T00:00:55.761483,11.10,0.00,100.00,100.00
2026-05-16T00:00:55.865252,11.10,0.00,100.00,100.00
2026-05-16T00:00:55.968975,20.00,11.10,100.00,100.00
2026-05-16T00:00:56.072609,20.00,12.50,100.00,100.00
2026-05-16T00:00:56.176282,11.10,0.00,100.00,100.00
2026-05-16T00:00:56.279815,20.00,0.00,100.00,100.00
2026-05-16T00:00:56.383443,27.30,11.10,100.00,100.00
2026-05-16T00:00:56.486970,11.10,11.10,100.00,100.00
2026-05-16T00:00:56.590745,11.10,0.00,100.00,100.00
2026-05-16T00:00:56.694505,20.00,0.00,100.00,100.00
2026-05-16T00:00:56.798209,11.10,12.50,100.00,100.00
2026-05-16T00:00:56.901900,20.00,0.00,100.00,100.00
2026-05-16T00:00:57.005657,20.00,11.10,100.00,100.00
2026-05-16T00:00:57.109405,11.10,11.10,100.00,100.00
2026-05-16T00:00:57.213682,12.50,0.00,100.00,100.00
2026-05-16T00:00:57.318341,11.10,11.10,100.00,100.00
2026-05-16T00:00:57.422614,30.00,12.50,100.00,100.00
2026-05-16T00:00:57.526404,20.00,0.00,100.00,100.00
2026-05-16T00:00:57.629996,12.50,0.00,100.00,100.00
2026-05-16T00:00:57.734200,20.00,0.00,100.00,100.00
2026-05-16T00:00:57.838541,11.10,11.10,100.00,100.00
2026-05-16T00:00:57.942942,11.10,12.50,100.00,100.00
2026-05-16T00:00:58.047640,22.20,0.00,100.00,100.00
2026-05-16T00:00:58.151515,20.00,12.50,100.00,100.00
2026-05-16T00:00:58.255454,20.00,0.00,100.00,100.00
2026-05-16T00:00:58.359480,20.00,12.50,100.00,100.00
2026-05-16T00:00:58.463384,11.10,0.00,100.00,100.00
2026-05-16T00:00:58.567313,11.10,27.30,100.00,100.00
2026-05-16T00:00:58.670737,20.00,0.00,100.00,100.00
2026-05-16T00:00:58.776800,44.40,44.40,100.00,100.00
2026-05-16T00:00:58.881007,62.50,66.70,100.00,100.00
2026-05-16T00:00:58.987082,77.80,77.80,100.00,100.00
2026-05-16T00:00:59.092423,70.00,88.90,100.00,100.00
2026-05-16T00:00:59.198269,80.00,77.80,100.00,100.00
2026-05-16T00:00:59.303534,75.00,80.00,100.00,100.00
2026-05-16T00:00:59.471567,87.50,85.70,100.00,100.00
2026-05-16T00:00:59.576708,66.70,42.90,55.60,100.00
2026-05-16T00:00:59.682680,55.60,55.60,57.10,100.00
2026-05-16T00:00:59.787300,62.50,42.90,55.60,100.00
2026-05-16T00:00:59.893316,50.00,37.50,42.90,100.00
2026-05-16T00:00:59.998543,62.50,62.50,57.10,100.00
2026-05-16T00:01:00.103196,57.10,44.40,66.70,100.00
2026-05-16T00:01:00.208274,70.00,57.10,66.70,100.00
2026-05-16T00:01:00.312951,60.00,50.00,60.00,100.00
2026-05-16T00:01:00.418224,66.70,62.50,70.00,100.00
2026-05-16T00:01:00.524955,62.50,50.00,57.10,100.00
2026-05-16T00:01:00.630719,62.50,50.00,70.00,100.00
2026-05-16T00:01:00.735624,70.00,62.50,62.50,100.00
2026-05-16T00:01:00.840481,62.50,50.00,66.70,100.00
2026-05-16T00:01:00.947259,66.70,62.50,60.00,100.00
2026-05-16T00:01:01.053227,57.10,55.60,62.50,100.00
2026-05-16T00:01:01.158959,55.60,50.00,66.70,100.00
2026-05-16T00:01:01.264511,66.70,62.50,62.50,100.00
2026-05-16T00:01:01.370362,60.00,37.50,42.90,100.00
2026-05-16T00:01:01.475584,57.10,55.60,55.60,100.00
2026-05-16T00:01:01.580404,50.00,50.00,55.60,100.00
2026-05-16T00:01:01.686273,70.00,42.90,66.70,100.00
2026-05-16T00:01:01.792240,62.50,50.00,66.70,100.00
2026-05-16T00:01:01.896877,70.00,57.10,66.70,100.00
2026-05-16T00:01:02.002651,66.70,55.60,62.50,100.00
2026-05-16T00:01:02.108808,55.60,42.90,66.70,100.00
2026-05-16T00:01:02.213893,57.10,60.00,55.60,100.00
2026-05-16T00:01:02.319706,66.70,57.10,62.50,100.00
2026-05-16T00:01:02.425138,60.00,50.00,55.60,100.00
2026-05-16T00:01:02.530676,62.50,55.60,57.10,100.00
2026-05-16T00:01:02.637548,66.70,42.90,70.00,100.00
2026-05-16T00:01:02.743353,62.50,50.00,55.60,100.00
2026-05-16T00:01:02.848741,60.00,55.60,62.50,100.00
2026-05-16T00:01:02.954344,66.70,50.00,66.70,100.00
2026-05-16T00:01:03.059545,75.00,50.00,62.50,100.00
2026-05-16T00:01:03.164220,57.10,66.70,50.00,100.00
2026-05-16T00:01:03.269272,66.70,62.50,80.00,100.00
2026-05-16T00:01:03.375552,66.70,60.00,62.50,100.00
2026-05-16T00:01:03.480637,55.60,50.00,66.70,100.00
2026-05-16T00:01:03.586588,66.70,50.00,50.00,100.00
2026-05-16T00:01:03.692916,75.00,66.70,62.50,100.00
2026-05-16T00:01:03.796726,27.30,11.10,36.40,100.00
2026-05-16T00:01:03.899974,0.00,0.00,0.00,100.00
2026-05-16T00:01:04.003585,10.00,0.00,0.00,100.00
2026-05-16T00:01:04.107075,0.00,9.10,0.00,100.00
2026-05-16T00:01:04.210616,0.00,0.00,0.00,100.00
2026-05-16T00:01:04.314077,10.00,0.00,0.00,100.00
2026-05-16T00:01:04.417589,0.00,10.00,0.00,100.00
2026-05-16T00:01:04.521048,18.20,0.00,10.00,100.00
2026-05-16T00:01:04.624461,18.20,0.00,0.00,100.00
2026-05-16T00:01:04.727821,0.00,10.00,0.00,100.00
2026-05-16T00:01:04.831294,10.00,0.00,0.00,100.00
2026-05-16T00:01:04.934702,0.00,10.00,9.10,100.00
2026-05-16T00:01:05.037873,0.00,0.00,0.00,100.00
2026-05-16T00:01:05.141182,9.10,0.00,10.00,100.00
2026-05-16T00:01:05.244526,10.00,0.00,0.00,100.00
2026-05-16T00:01:05.347681,10.00,0.00,0.00,100.00
2026-05-16T00:01:05.450870,0.00,10.00,0.00,100.00
2026-05-16T00:01:05.554260,0.00,0.00,0.00,100.00
2026-05-16T00:01:05.657520,18.20,18.20,0.00,100.00
2026-05-16T00:01:05.817642,29.40,7.10,33.30,100.00
2026-05-16T00:01:05.921469,25.00,0.00,100.00,100.00
2026-05-16T00:01:06.024997,10.00,18.20,100.00,100.00
2026-05-16T00:01:06.128304,11.10,0.00,100.00,100.00
2026-05-16T00:01:06.231722,10.00,0.00,100.00,100.00
2026-05-16T00:01:06.335309,18.20,10.00,100.00,100.00
2026-05-16T00:01:06.438541,18.20,0.00,100.00,100.00
2026-05-16T00:01:06.542128,18.20,0.00,100.00,100.00
2026-05-16T00:01:06.645711,25.00,0.00,100.00,100.00
2026-05-16T00:01:06.749153,10.00,0.00,100.00,100.00
2026-05-16T00:01:06.852564,18.20,0.00,100.00,100.00
2026-05-16T00:01:06.955852,20.00,10.00,100.00,100.00
2026-05-16T00:01:07.059082,10.00,0.00,100.00,100.00
2026-05-16T00:01:07.162467,10.00,0.00,100.00,100.00
2026-05-16T00:01:07.265709,18.20,10.00,100.00,100.00
2026-05-16T00:01:07.369122,10.00,11.10,100.00,100.00
2026-05-16T00:01:07.472485,10.00,18.20,100.00,100.00
2026-05-16T00:01:07.575652,18.20,0.00,100.00,100.00
2026-05-16T00:01:07.679283,10.00,10.00,100.00,100.00
2026-05-16T00:01:07.782917,0.00,0.00,100.00,100.00
2026-05-16T00:01:07.886117,23.10,0.00,100.00,100.00
2026-05-16T00:01:07.989320,0.00,0.00,100.00,100.00
2026-05-16T00:01:08.092577,10.00,0.00,100.00,100.00
2026-05-16T00:01:08.195810,0.00,0.00,100.00,100.00
2026-05-16T00:01:08.299263,18.20,10.00,100.00,100.00
2026-05-16T00:01:08.402459,10.00,0.00,100.00,100.00
2026-05-16T00:01:08.505662,10.00,0.00,100.00,100.00
2026-05-16T00:01:08.609140,10.00,0.00,100.00,100.00
2026-05-16T00:01:08.713518,10.00,10.00,100.00,100.00
2026-05-16T00:01:08.819465,37.50,28.60,100.00,100.00
2026-05-16T00:01:08.924423,50.00,50.00,100.00,100.00
2026-05-16T00:01:09.029779,33.30,55.60,100.00,100.00
2026-05-16T00:01:09.135725,60.00,42.90,100.00,100.00
2026-05-16T00:01:09.242144,50.00,50.00,100.00,100.00
2026-05-16T00:01:09.346813,42.90,57.10,100.00,100.00
2026-05-16T00:01:09.451463,37.50,37.50,100.00,100.00
2026-05-16T00:01:09.556948,42.90,42.90,100.00,100.00
2026-05-16T00:01:09.661893,42.90,33.30,100.00,100.00
2026-05-16T00:01:09.768849,28.60,44.40,100.00,100.00
2026-05-16T00:01:09.874272,50.00,33.30,100.00,100.00
2026-05-16T00:01:09.978426,28.60,42.90,100.00,100.00
2026-05-16T00:01:10.082962,28.60,42.90,100.00,100.00
2026-05-16T00:01:10.187675,42.90,50.00,100.00,100.00
2026-05-16T00:01:10.291935,37.50,33.30,100.00,100.00
2026-05-16T00:01:10.397287,37.50,33.30,100.00,100.00
2026-05-16T00:01:10.501673,33.30,42.90,100.00,100.00
2026-05-16T00:01:10.606512,37.50,50.00,100.00,100.00
2026-05-16T00:01:10.711320,50.00,55.60,100.00,100.00
2026-05-16T00:01:10.816480,50.00,42.90,100.00,100.00
2026-05-16T00:01:10.921801,42.90,57.10,100.00,100.00
2026-05-16T00:01:11.028181,57.10,50.00,100.00,100.00
2026-05-16T00:01:11.132533,55.60,55.60,100.00,100.00
2026-05-16T00:01:11.238593,42.90,50.00,100.00,100.00
2026-05-16T00:01:11.342466,42.90,50.00,100.00,100.00
2026-05-16T00:01:11.447860,50.00,42.90,100.00,100.00
2026-05-16T00:01:11.553562,50.00,44.40,100.00,100.00
2026-05-16T00:01:11.658537,42.90,50.00,100.00,100.00
2026-05-16T00:01:11.763186,50.00,42.90,100.00,100.00
2026-05-16T00:01:11.867990,50.00,50.00,100.00,100.00
2026-05-16T00:01:11.972755,33.30,50.00,100.00,100.00
2026-05-16T00:01:12.077917,50.00,42.90,100.00,100.00
2026-05-16T00:01:12.182144,33.30,33.30,100.00,100.00
2026-05-16T00:01:12.286842,42.90,50.00,100.00,100.00
2026-05-16T00:01:12.392017,42.90,28.60,100.00,100.00
2026-05-16T00:01:12.496895,37.50,33.30,100.00,100.00
2026-05-16T00:01:12.603711,42.90,44.40,100.00,100.00
2026-05-16T00:01:12.708727,33.30,42.90,100.00,100.00
2026-05-16T00:01:12.814160,37.50,42.90,100.00,100.00
2026-05-16T00:01:12.919195,33.30,42.90,100.00,100.00
2026-05-16T00:01:13.024310,50.00,37.50,100.00,100.00
2026-05-16T00:01:13.128311,44.40,42.90,100.00,100.00
2026-05-16T00:01:13.233247,50.00,50.00,100.00,100.00
2026-05-16T00:01:13.338459,33.30,37.50,100.00,100.00
2026-05-16T00:01:13.444402,33.30,33.30,100.00,100.00
2026-05-16T00:01:13.549207,37.50,28.60,100.00,100.00
2026-05-16T00:01:13.654847,57.10,50.00,100.00,100.00
2026-05-16T00:01:13.759405,37.50,28.60,100.00,100.00
2026-05-16T00:01:13.862995,30.00,0.00,100.00,100.00
2026-05-16T00:01:13.967255,11.10,12.50,100.00,100.00
2026-05-16T00:01:14.071186,12.50,12.50,100.00,100.00
2026-05-16T00:01:14.175254,20.00,0.00,100.00,100.00
2026-05-16T00:01:14.279059,0.00,0.00,100.00,100.00
2026-05-16T00:01:14.382903,12.50,11.10,100.00,100.00
2026-05-16T00:01:14.486785,11.10,12.50,100.00,100.00
2026-05-16T00:01:14.591568,30.00,0.00,100.00,100.00
2026-05-16T00:01:14.695288,11.10,12.50,100.00,100.00
2026-05-16T00:01:14.799089,22.20,11.10,100.00,100.00
2026-05-16T00:01:14.903476,20.00,0.00,100.00,100.00
2026-05-16T00:01:15.007526,12.50,0.00,100.00,100.00
2026-05-16T00:01:15.111355,12.50,0.00,100.00,100.00
2026-05-16T00:01:15.215469,0.00,12.50,100.00,100.00
2026-05-16T00:01:15.320262,22.20,0.00,100.00,100.00
2026-05-16T00:01:15.424637,11.10,11.10,100.00,100.00
2026-05-16T00:01:15.528322,12.50,12.50,100.00,100.00
2026-05-16T00:01:15.634990,20.00,11.10,100.00,100.00
2026-05-16T00:01:15.739305,12.50,14.30,100.00,100.00
2026-05-16T00:01:15.843110,22.20,0.00,100.00,100.00
2026-05-16T00:01:15.947308,12.50,0.00,100.00,100.00
2026-05-16T00:01:16.051349,20.00,0.00,100.00,100.00
2026-05-16T00:01:16.155882,12.50,20.00,100.00,100.00
2026-05-16T00:01:16.260709,22.20,12.50,100.00,100.00
2026-05-16T00:01:16.365020,0.00,0.00,100.00,100.00
2026-05-16T00:01:16.469472,12.50,0.00,100.00,100.00
2026-05-16T00:01:16.573400,22.20,12.50,100.00,100.00
2026-05-16T00:01:16.677746,22.20,0.00,100.00,100.00
2026-05-16T00:01:16.781426,11.10,0.00,100.00,100.00
2026-05-16T00:01:16.885362,12.50,11.10,100.00,100.00
2026-05-16T00:01:16.989138,11.10,12.50,100.00,100.00
2026-05-16T00:01:17.092725,11.10,0.00,100.00,100.00
2026-05-16T00:01:17.196723,12.50,0.00,100.00,100.00
2026-05-16T00:01:17.300585,20.00,12.50,100.00,100.00
2026-05-16T00:01:17.404186,33.30,12.50,100.00,100.00
2026-05-16T00:01:17.508060,11.10,11.10,100.00,100.00
2026-05-16T00:01:17.612751,0.00,0.00,100.00,100.00
2026-05-16T00:01:17.717436,22.20,0.00,100.00,100.00
2026-05-16T00:01:17.821611,22.20,22.20,100.00,100.00
2026-05-16T00:01:17.925496,12.50,0.00,100.00,100.00
2026-05-16T00:01:18.029988,20.00,0.00,100.00,100.00
2026-05-16T00:01:18.133698,22.20,11.10,100.00,100.00
2026-05-16T00:01:18.237733,0.00,0.00,100.00,100.00
2026-05-16T00:01:18.341958,22.20,12.50,100.00,100.00
2026-05-16T00:01:18.446423,11.10,0.00,100.00,100.00
2026-05-16T00:01:18.550325,12.50,11.10,100.00,100.00
2026-05-16T00:01:18.655420,12.50,12.50,100.00,100.00
2026-05-16T00:01:18.763019,45.50,37.50,100.00,100.00
2026-05-16T00:01:18.978300,100.00,100.00,100.00,100.00
2026-05-16T00:01:19.083463,77.80,66.70,77.80,30.00
2026-05-16T00:01:19.188749,80.00,57.10,70.00,11.10
2026-05-16T00:01:19.293686,75.00,66.70,77.80,30.00
2026-05-16T00:01:19.398466,66.70,62.50,75.00,12.50
2026-05-16T00:01:19.504229,66.70,66.70,62.50,20.00
2026-05-16T00:01:19.609624,80.00,57.10,75.00,22.20
2026-05-16T00:01:19.714710,77.80,70.00,62.50,20.00
2026-05-16T00:01:19.819410,71.40,70.00,75.00,30.00
2026-05-16T00:01:19.924015,70.00,57.10,62.50,30.00
2026-05-16T00:01:20.028271,66.70,55.60,66.70,11.10
2026-05-16T00:01:20.133775,71.40,57.10,75.00,20.00
2026-05-16T00:01:20.238382,77.80,66.70,66.70,30.00
2026-05-16T00:01:20.342985,77.80,62.50,80.00,11.10
2026-05-16T00:01:20.447855,70.00,42.90,62.50,22.20
2026-05-16T00:01:20.553751,62.50,66.70,66.70,20.00
2026-05-16T00:01:20.659931,80.00,66.70,71.40,22.20
2026-05-16T00:01:20.765252,66.70,66.70,72.70,20.00
2026-05-16T00:01:20.871309,75.00,66.70,75.00,22.20
2026-05-16T00:01:20.977010,70.00,62.50,70.00,11.10
2026-05-16T00:01:21.081536,77.80,62.50,77.80,30.00
2026-05-16T00:01:21.186658,77.80,70.00,70.00,11.10
2026-05-16T00:01:21.291677,77.80,70.00,75.00,30.00
2026-05-16T00:01:21.396043,66.70,57.10,66.70,12.50
2026-05-16T00:01:21.500522,75.00,66.70,75.00,11.10
2026-05-16T00:01:21.605798,70.00,60.00,62.50,27.30
2026-05-16T00:01:21.710614,75.00,62.50,80.00,22.20
2026-05-16T00:01:21.815422,70.00,71.40,66.70,30.00
2026-05-16T00:01:21.920308,75.00,66.70,75.00,22.20
2026-05-16T00:01:22.026007,70.00,62.50,70.00,20.00
2026-05-16T00:01:22.130963,80.00,66.70,80.00,12.50
2026-05-16T00:01:22.235626,77.80,62.50,62.50,27.30
2026-05-16T00:01:22.339847,70.00,66.70,77.80,12.50
2026-05-16T00:01:22.444545,77.80,62.50,77.80,20.00
2026-05-16T00:01:22.550189,77.80,66.70,77.80,22.20
2026-05-16T00:01:22.655505,80.00,62.50,70.00,20.00
2026-05-16T00:01:22.760197,62.50,60.00,66.70,12.50
2026-05-16T00:01:22.865935,80.00,62.50,77.80,22.20
2026-05-16T00:01:22.972973,77.80,66.70,75.00,27.30
2026-05-16T00:01:23.078340,66.70,66.70,80.00,12.50
2026-05-16T00:01:23.182910,75.00,57.10,62.50,20.00
2026-05-16T00:01:23.287843,72.70,66.70,66.70,22.20
2026-05-16T00:01:23.392901,77.80,66.70,80.00,36.40
2026-05-16T00:01:23.497494,77.80,62.50,62.50,11.10
2026-05-16T00:01:23.603088,62.50,72.70,80.00,22.20
2026-05-16T00:01:23.708027,80.00,71.40,77.80,20.00
2026-05-16T00:01:23.811688,12.50,0.00,0.00,11.10
2026-05-16T00:01:23.915686,12.50,12.50,22.20,11.10
2026-05-16T00:01:24.019255,0.00,0.00,0.00,18.20
2026-05-16T00:01:24.122823,12.50,11.10,0.00,11.10
2026-05-16T00:01:24.226285,22.20,12.50,12.50,20.00
2026-05-16T00:01:24.330989,12.50,12.50,0.00,10.00
2026-05-16T00:01:24.435106,0.00,11.10,12.50,11.10
2026-05-16T00:01:24.539056,12.50,0.00,22.20,18.20
2026-05-16T00:01:24.642731,12.50,0.00,0.00,20.00
2026-05-16T00:01:24.747206,12.50,11.10,0.00,10.00
2026-05-16T00:01:24.850583,0.00,0.00,0.00,20.00
2026-05-16T00:01:24.954233,22.20,12.50,12.50,11.10
2026-05-16T00:01:25.058247,12.50,0.00,0.00,10.00
2026-05-16T00:01:25.162566,12.50,12.50,12.50,20.00
2026-05-16T00:01:25.266577,12.50,11.10,22.20,11.10
2026-05-16T00:01:25.371052,12.50,0.00,0.00,18.20
2026-05-16T00:01:25.474687,12.50,30.00,12.50,11.10
2026-05-16T00:01:25.577937,0.00,0.00,0.00,10.00
2026-05-16T00:01:25.681884,0.00,0.00,0.00,11.10
2026-05-16T00:01:25.842833,25.00,18.20,35.70,26.70
2026-05-16T00:01:25.946714,12.50,14.30,100.00,11.10
2026-05-16T00:01:26.050595,22.20,12.50,100.00,10.00
2026-05-16T00:01:26.154594,14.30,0.00,100.00,18.20
2026-05-16T00:01:26.258241,22.20,12.50,100.00,11.10
2026-05-16T00:01:26.362733,14.30,14.30,100.00,20.00
2026-05-16T00:01:26.466805,25.00,14.30,100.00,10.00
2026-05-16T00:01:26.570846,0.00,33.30,100.00,20.00
2026-05-16T00:01:26.674932,25.00,0.00,100.00,11.10
2026-05-16T00:01:26.778787,12.50,14.30,100.00,10.00
2026-05-16T00:01:26.882474,0.00,14.30,100.00,20.00
2026-05-16T00:01:26.987056,22.20,22.20,100.00,18.20
2026-05-16T00:01:27.090796,25.00,0.00,100.00,11.10
2026-05-16T00:01:27.194559,14.30,0.00,100.00,10.00
2026-05-16T00:01:27.298202,25.00,25.00,100.00,11.10
2026-05-16T00:01:27.401649,25.00,28.60,100.00,20.00
2026-05-16T00:01:27.505515,25.00,14.30,100.00,11.10
2026-05-16T00:01:27.609621,25.00,12.50,100.00,11.10
2026-05-16T00:01:27.713367,14.30,14.30,100.00,18.20
2026-05-16T00:01:27.817548,30.00,25.00,100.00,20.00
2026-05-16T00:01:27.921124,0.00,14.30,100.00,11.10
2026-05-16T00:01:28.024913,22.20,14.30,100.00,18.20
2026-05-16T00:01:28.128617,14.30,12.50,100.00,11.10
2026-05-16T00:01:28.232637,33.30,25.00,100.00,10.00
2026-05-16T00:01:28.338325,14.30,0.00,100.00,11.10
2026-05-16T00:01:28.442678,12.50,22.20,100.00,10.00
2026-05-16T00:01:28.546416,25.00,14.30,100.00,20.00
2026-05-16T00:01:28.651123,12.50,14.30,100.00,10.00
2026-05-16T00:01:28.755182,28.60,25.00,100.00,20.00
2026-05-16T00:01:28.859602,62.50,62.50,100.00,22.20
2026-05-16T00:01:29.000641,83.30,66.70,100.00,42.90
2026-05-16T00:01:29.105897,66.70,75.00,100.00,100.00
2026-05-16T00:01:29.211325,62.50,71.40,100.00,100.00
2026-05-16T00:01:29.316595,57.10,66.70,100.00,100.00
2026-05-16T00:01:29.424229,66.70,75.00,100.00,100.00
2026-05-16T00:01:29.528996,62.50,70.00,100.00,100.00
2026-05-16T00:01:29.634744,77.80,87.50,100.00,100.00
2026-05-16T00:01:29.740648,62.50,60.00,100.00,100.00
2026-05-16T00:01:29.846798,55.60,66.70,100.00,100.00
2026-05-16T00:01:29.953407,62.50,70.00,100.00,100.00
2026-05-16T00:01:30.058550,62.50,66.70,100.00,100.00
2026-05-16T00:01:30.163855,62.50,75.00,100.00,100.00
2026-05-16T00:01:30.269831,55.60,66.70,100.00,100.00
2026-05-16T00:01:30.375620,66.70,66.70,100.00,100.00
2026-05-16T00:01:30.480664,62.50,66.70,100.00,100.00
2026-05-16T00:01:30.585337,66.70,77.80,100.00,100.00
2026-05-16T00:01:30.690890,66.70,66.70,100.00,100.00
2026-05-16T00:01:30.797686,62.50,75.00,100.00,100.00
2026-05-16T00:01:30.903341,77.80,57.10,100.00,100.00
2026-05-16T00:01:31.007946,62.50,66.70,100.00,100.00
2026-05-16T00:01:31.113285,70.00,55.60,100.00,100.00
2026-05-16T00:01:31.219248,75.00,62.50,100.00,100.00
2026-05-16T00:01:31.327153,66.70,66.70,100.00,100.00
2026-05-16T00:01:31.431830,66.70,50.00,100.00,100.00
2026-05-16T00:01:31.537471,70.00,55.60,100.00,100.00
2026-05-16T00:01:31.641464,75.00,62.50,100.00,100.00
2026-05-16T00:01:31.746735,66.70,57.10,100.00,100.00
2026-05-16T00:01:31.850978,62.50,66.70,100.00,100.00
2026-05-16T00:01:31.957159,66.70,66.70,100.00,100.00
2026-05-16T00:01:32.062498,62.50,62.50,100.00,100.00
2026-05-16T00:01:32.168244,71.40,66.70,100.00,100.00
2026-05-16T00:01:32.273481,62.50,50.00,100.00,100.00
2026-05-16T00:01:32.377509,71.40,57.10,100.00,100.00
2026-05-16T00:01:32.481616,62.50,57.10,100.00,100.00
2026-05-16T00:01:32.588904,70.00,55.60,100.00,100.00
2026-05-16T00:01:32.694319,62.50,71.40,100.00,100.00
2026-05-16T00:01:32.800212,57.10,42.90,100.00,100.00
2026-05-16T00:01:32.905148,77.80,62.50,100.00,100.00
2026-05-16T00:01:33.010599,66.70,60.00,100.00,100.00
2026-05-16T00:01:33.115649,75.00,57.10,100.00,100.00
2026-05-16T00:01:33.223681,62.50,66.70,100.00,100.00
2026-05-16T00:01:33.327614,77.80,62.50,100.00,100.00
2026-05-16T00:01:33.433432,77.80,75.00,100.00,100.00
2026-05-16T00:01:33.538750,77.80,66.70,100.00,100.00
2026-05-16T00:01:33.644739,66.70,77.80,100.00,100.00
2026-05-16T00:01:33.752959,75.00,77.80,100.00,100.00
2026-05-16T00:01:33.858567,80.00,66.70,100.00,100.00
2026-05-16T00:01:33.963923,77.80,75.00,100.00,100.00
2026-05-16T00:01:34.068246,77.80,70.00,100.00,100.00
2026-05-16T00:01:34.172507,57.10,50.00,100.00,100.00
2026-05-16T00:01:34.280279,70.00,75.00,100.00,100.00
2026-05-16T00:01:34.385182,62.50,62.50,100.00,100.00
2026-05-16T00:01:34.490494,75.00,62.50,100.00,100.00
2026-05-16T00:01:34.595837,62.50,62.50,100.00,100.00
2026-05-16T00:01:34.700976,60.00,62.50,100.00,100.00
2026-05-16T00:01:34.806367,62.50,75.00,100.00,100.00
2026-05-16T00:01:34.912163,77.80,62.50,100.00,100.00
2026-05-16T00:01:35.019462,55.60,66.70,100.00,100.00
2026-05-16T00:01:35.125744,71.40,70.00,100.00,100.00
2026-05-16T00:01:35.231172,75.00,87.50,100.00,100.00
2026-05-16T00:01:35.337921,80.00,81.80,100.00,100.00
2026-05-16T00:01:35.442879,81.80,66.70,100.00,100.00
2026-05-16T00:01:35.547753,77.80,66.70,100.00,100.00
2026-05-16T00:01:35.653310,75.00,55.60,100.00,100.00
2026-05-16T00:01:35.758545,62.50,62.50,100.00,100.00
2026-05-16T00:01:35.863448,62.50,62.50,100.00,100.00
2026-05-16T00:01:35.969516,77.80,66.70,100.00,100.00
2026-05-16T00:01:36.075273,57.10,62.50,100.00,100.00
2026-05-16T00:01:36.181776,70.00,66.70,100.00,100.00
2026-05-16T00:01:36.286130,62.50,57.10,100.00,100.00
2026-05-16T00:01:36.391821,71.40,66.70,100.00,100.00
2026-05-16T00:01:36.497833,66.70,62.50,100.00,100.00
2026-05-16T00:01:36.604126,70.00,62.50,100.00,100.00
2026-05-16T00:01:36.710380,75.00,66.70,100.00,100.00
2026-05-16T00:01:36.815878,66.70,57.10,100.00,100.00
2026-05-16T00:01:36.920496,75.00,62.50,100.00,100.00
2026-05-16T00:01:37.024461,66.70,66.70,100.00,100.00
2026-05-16T00:01:37.130152,62.50,62.50,100.00,100.00
2026-05-16T00:01:37.236550,75.00,57.10,100.00,100.00
2026-05-16T00:01:37.340729,62.50,66.70,100.00,100.00
2026-05-16T00:01:37.445877,80.00,75.00,100.00,100.00
2026-05-16T00:01:37.550827,66.70,62.50,100.00,100.00
2026-05-16T00:01:37.656889,57.10,62.50,100.00,100.00
2026-05-16T00:01:37.762819,62.50,62.50,100.00,100.00
2026-05-16T00:01:37.867574,66.70,62.50,100.00,100.00
2026-05-16T00:01:37.973637,77.80,57.10,100.00,100.00
2026-05-16T00:01:38.080918,62.50,57.10,100.00,100.00
2026-05-16T00:01:38.185706,66.70,62.50,100.00,100.00
2026-05-16T00:01:38.290391,66.70,66.70,100.00,100.00
2026-05-16T00:01:38.394778,57.10,62.50,100.00,100.00
2026-05-16T00:01:38.499956,71.40,62.50,100.00,100.00
2026-05-16T00:01:38.607918,62.50,66.70,100.00,100.00
2026-05-16T00:01:38.714729,66.70,62.50,100.00,100.00
2026-05-16T00:01:38.819710,50.00,42.90,100.00,100.00
2026-05-16T00:01:38.923576,33.30,28.60,100.00,100.00
2026-05-16T00:01:39.028488,37.50,28.60,100.00,100.00
2026-05-16T00:01:39.133137,37.50,33.30,100.00,100.00
2026-05-16T00:01:39.237346,33.30,44.40,100.00,100.00
2026-05-16T00:01:39.341751,28.60,33.30,100.00,100.00
2026-05-16T00:01:39.447503,44.40,37.50,100.00,100.00
2026-05-16T00:01:39.552208,33.30,28.60,100.00,100.00
2026-05-16T00:01:39.657299,28.60,28.60,100.00,100.00
2026-05-16T00:01:39.762195,44.40,20.00,100.00,100.00
2026-05-16T00:01:39.867739,42.90,50.00,100.00,100.00
2026-05-16T00:01:39.973159,33.30,37.50,100.00,100.00
2026-05-16T00:01:40.077432,37.50,37.50,100.00,100.00
2026-05-16T00:01:40.183091,44.40,28.60,100.00,100.00
2026-05-16T00:01:40.287876,20.00,37.50,100.00,100.00
2026-05-16T00:01:40.393529,44.40,28.60,100.00,100.00
2026-05-16T00:01:40.497951,37.50,33.30,100.00,100.00
2026-05-16T00:01:40.603844,50.00,37.50,100.00,100.00
2026-05-16T00:01:40.709865,28.60,37.50,100.00,100.00
2026-05-16T00:01:40.814619,37.50,37.50,100.00,100.00
2026-05-16T00:01:40.919381,42.90,33.30,100.00,100.00
2026-05-16T00:01:41.023946,37.50,28.60,100.00,100.00
2026-05-16T00:01:41.129100,37.50,28.60,100.00,100.00
2026-05-16T00:01:41.234020,37.50,42.90,100.00,100.00
2026-05-16T00:01:41.338898,33.30,37.50,100.00,100.00
2026-05-16T00:01:41.442749,37.50,37.50,100.00,100.00
2026-05-16T00:01:41.547541,28.60,28.60,100.00,100.00
2026-05-16T00:01:41.653245,42.90,42.90,100.00,100.00
2026-05-16T00:01:41.757964,37.50,37.50,100.00,100.00
2026-05-16T00:01:41.863262,28.60,28.60,100.00,100.00
2026-05-16T00:01:41.967748,42.90,42.90,100.00,100.00
2026-05-16T00:01:42.072233,28.60,28.60,100.00,100.00
2026-05-16T00:01:42.176382,37.50,37.50,100.00,100.00
2026-05-16T00:01:42.287884,37.50,42.90,100.00,100.00
2026-05-16T00:01:42.392666,28.60,37.50,100.00,100.00
2026-05-16T00:01:42.496353,50.00,28.60,100.00,100.00
2026-05-16T00:01:42.600571,16.70,33.30,100.00,100.00
2026-05-16T00:01:42.705134,28.60,37.50,100.00,100.00
2026-05-16T00:01:42.809751,50.00,50.00,100.00,100.00
2026-05-16T00:01:42.914059,37.50,33.30,100.00,100.00
2026-05-16T00:01:43.018712,16.70,33.30,100.00,100.00
2026-05-16T00:01:43.123595,37.50,44.40,100.00,100.00
2026-05-16T00:01:43.231714,37.50,42.90,100.00,100.00
2026-05-16T00:01:43.337573,50.00,50.00,100.00,100.00
2026-05-16T00:01:43.442714,28.60,37.50,100.00,100.00
2026-05-16T00:01:43.547429,42.90,33.30,100.00,100.00
2026-05-16T00:01:43.652925,42.90,44.40,100.00,100.00
2026-05-16T00:01:43.758232,50.00,57.10,100.00,100.00
2026-05-16T00:01:43.864515,57.10,55.60,100.00,100.00
2026-05-16T00:01:43.969180,55.60,62.50,100.00,100.00
2026-05-16T00:01:44.073856,57.10,55.60,100.00,100.00
2026-05-16T00:01:44.180601,50.00,62.50,100.00,100.00
2026-05-16T00:01:44.284781,50.00,62.50,100.00,100.00
2026-05-16T00:01:44.390361,62.50,42.90,100.00,100.00
2026-05-16T00:01:44.495987,62.50,50.00,100.00,100.00
2026-05-16T00:01:44.600571,50.00,42.90,100.00,100.00
2026-05-16T00:01:44.704954,60.00,42.90,100.00,100.00
2026-05-16T00:01:44.809738,33.30,42.90,100.00,100.00
2026-05-16T00:01:44.915138,50.00,50.00,100.00,100.00
2026-05-16T00:01:45.020525,50.00,42.90,100.00,100.00
2026-05-16T00:01:45.126356,42.90,37.50,100.00,100.00
2026-05-16T00:01:45.232339,50.00,50.00,100.00,100.00
2026-05-16T00:01:45.337211,62.50,50.00,100.00,100.00
2026-05-16T00:01:45.442753,60.00,50.00,100.00,100.00
2026-05-16T00:01:45.548016,50.00,62.50,100.00,100.00
2026-05-16T00:01:45.652340,55.60,42.90,100.00,100.00
2026-05-16T00:01:45.758566,62.50,50.00,100.00,100.00
2026-05-16T00:01:45.863810,62.50,50.00,100.00,100.00
2026-05-16T00:01:45.969470,66.70,50.00,100.00,100.00
2026-05-16T00:01:46.073719,50.00,50.00,100.00,100.00
2026-05-16T00:01:46.178878,57.10,50.00,100.00,100.00
2026-05-16T00:01:46.284366,57.10,57.10,100.00,100.00
2026-05-16T00:01:46.388492,62.50,55.60,100.00,100.00
2026-05-16T00:01:46.493150,57.10,42.90,100.00,100.00
2026-05-16T00:01:46.598263,42.90,44.40,100.00,100.00
2026-05-16T00:01:46.703690,50.00,33.30,100.00,100.00
2026-05-16T00:01:46.807518,50.00,44.40,100.00,100.00
2026-05-16T00:01:46.912646,42.90,42.90,100.00,100.00
2026-05-16T00:01:47.017861,42.90,28.60,100.00,100.00
2026-05-16T00:01:47.123298,62.50,50.00,100.00,100.00
2026-05-16T00:01:47.228945,42.90,44.40,100.00,100.00
2026-05-16T00:01:47.333316,55.60,33.30,100.00,100.00
2026-05-16T00:01:47.438242,77.80,62.50,100.00,100.00
2026-05-16T00:01:47.544069,50.00,42.90,100.00,100.00
2026-05-16T00:01:47.648574,42.90,28.60,100.00,100.00
2026-05-16T00:01:47.753696,42.90,50.00,100.00,100.00
2026-05-16T00:01:47.858776,57.10,37.50,100.00,100.00
2026-05-16T00:01:47.962881,55.60,37.50,100.00,100.00
2026-05-16T00:01:48.068974,42.90,42.90,100.00,100.00
2026-05-16T00:01:48.173799,33.30,44.40,100.00,100.00
2026-05-16T00:01:48.279572,50.00,33.30,100.00,100.00
2026-05-16T00:01:48.384554,57.10,44.40,100.00,100.00
2026-05-16T00:01:48.489636,42.90,42.90,100.00,100.00
2026-05-16T00:01:48.594464,50.00,37.50,100.00,100.00
2026-05-16T00:01:48.699579,50.00,50.00,100.00,100.00
2026-05-16T00:01:48.803584,25.00,25.00,100.00,100.00
2026-05-16T00:01:48.907495,25.00,0.00,100.00,100.00
2026-05-16T00:01:49.011632,25.00,25.00,100.00,100.00
2026-05-16T00:01:49.115678,14.30,14.30,100.00,100.00
2026-05-16T00:01:49.219649,25.00,0.00,100.00,100.00
2026-05-16T00:01:49.323653,12.50,25.00,100.00,100.00
2026-05-16T00:01:49.427774,40.00,0.00,100.00,100.00
2026-05-16T00:01:49.531709,0.00,25.00,100.00,100.00
2026-05-16T00:01:49.635541,28.60,28.60,100.00,100.00
2026-05-16T00:01:49.739681,33.30,14.30,100.00,100.00
2026-05-16T00:01:49.843930,25.00,0.00,100.00,100.00
2026-05-16T00:01:49.947807,25.00,14.30,100.00,100.00
2026-05-16T00:01:50.051736,14.30,25.00,100.00,100.00
2026-05-16T00:01:50.155702,40.00,12.50,100.00,100.00
2026-05-16T00:01:50.260011,14.30,14.30,100.00,100.00
2026-05-16T00:01:50.364724,22.20,0.00,100.00,100.00
2026-05-16T00:01:50.469427,25.00,14.30,100.00,100.00
2026-05-16T00:01:50.573822,25.00,14.30,100.00,100.00
2026-05-16T00:01:50.677817,40.00,0.00,100.00,100.00
2026-05-16T00:01:50.781862,25.00,14.30,100.00,100.00
2026-05-16T00:01:50.886405,14.30,14.30,100.00,100.00
2026-05-16T00:01:50.990890,25.00,14.30,100.00,100.00
2026-05-16T00:01:51.096025,25.00,25.00,100.00,100.00
2026-05-16T00:01:51.200372,25.00,0.00,100.00,100.00
2026-05-16T00:01:51.305177,25.00,33.30,100.00,100.00
2026-05-16T00:01:51.409482,28.60,0.00,100.00,100.00
2026-05-16T00:01:51.513431,25.00,25.00,100.00,100.00
2026-05-16T00:01:51.617606,25.00,14.30,100.00,100.00
2026-05-16T00:01:51.721864,14.30,0.00,100.00,100.00
2026-05-16T00:01:51.826140,33.30,25.00,100.00,100.00
2026-05-16T00:01:51.930149,12.50,14.30,100.00,100.00
2026-05-16T00:01:52.033992,14.30,14.30,100.00,100.00
2026-05-16T00:01:52.138487,25.00,0.00,100.00,100.00
2026-05-16T00:01:52.242861,25.00,25.00,100.00,100.00
2026-05-16T00:01:52.346840,14.30,14.30,100.00,100.00
2026-05-16T00:01:52.451475,14.30,33.30,100.00,100.00
2026-05-16T00:01:52.555925,28.60,28.60,100.00,100.00
2026-05-16T00:01:52.661748,14.30,14.30,100.00,100.00
2026-05-16T00:01:52.765589,25.00,14.30,100.00,100.00
2026-05-16T00:01:52.869239,25.00,14.30,100.00,100.00
2026-05-16T00:01:52.974205,14.30,25.00,100.00,100.00
2026-05-16T00:01:53.077983,25.00,14.30,100.00,100.00
2026-05-16T00:01:53.182495,14.30,28.60,100.00,100.00
2026-05-16T00:01:53.286581,14.30,25.00,100.00,100.00
2026-05-16T00:01:53.390657,33.30,14.30,100.00,100.00
2026-05-16T00:01:53.494968,14.30,0.00,100.00,100.00
2026-05-16T00:01:53.600049,14.30,33.30,100.00,100.00
2026-05-16T00:01:53.705438,33.30,25.00,100.00,100.00
2026-05-16T00:01:53.809964,77.80,70.00,100.00,100.00
2026-05-16T00:01:53.916872,55.60,87.50,100.00,100.00
2026-05-16T00:01:54.024495,66.70,80.00,100.00,100.00
2026-05-16T00:01:54.130844,57.10,77.80,100.00,100.00
2026-05-16T00:01:54.236447,62.50,77.80,100.00,100.00
2026-05-16T00:01:54.341313,62.50,71.40,100.00,100.00
2026-05-16T00:01:54.446858,62.50,75.00,100.00,100.00
2026-05-16T00:01:54.553044,66.70,70.00,100.00,100.00
2026-05-16T00:01:54.657443,70.00,77.80,100.00,100.00
2026-05-16T00:01:54.763346,57.10,88.90,100.00,100.00
2026-05-16T00:01:54.870294,60.00,77.80,100.00,100.00
2026-05-16T00:01:54.975482,50.00,87.50,100.00,100.00
2026-05-16T00:01:55.080998,66.70,77.80,100.00,100.00
2026-05-16T00:01:55.185915,62.50,77.80,100.00,100.00
2026-05-16T00:01:55.292917,66.70,77.80,100.00,100.00
2026-05-16T00:01:55.399391,62.50,87.50,100.00,100.00
2026-05-16T00:01:55.505603,70.00,75.00,100.00,100.00
2026-05-16T00:01:55.610530,57.10,72.70,100.00,100.00
2026-05-16T00:01:55.719247,55.60,87.50,100.00,100.00
2026-05-16T00:01:55.823948,62.50,75.00,100.00,100.00
2026-05-16T00:01:55.929289,66.70,81.80,100.00,100.00
2026-05-16T00:01:56.035850,62.50,77.80,100.00,100.00
2026-05-16T00:01:56.142860,50.00,75.00,100.00,100.00
2026-05-16T00:01:56.248366,62.50,88.90,100.00,100.00
2026-05-16T00:01:56.354401,55.60,80.00,100.00,100.00
2026-05-16T00:01:56.461345,62.50,77.80,100.00,100.00
2026-05-16T00:01:56.566174,62.50,77.80,100.00,100.00
2026-05-16T00:01:56.671903,57.10,77.80,100.00,100.00
2026-05-16T00:01:56.779528,70.00,90.00,100.00,100.00
2026-05-16T00:01:56.981624,83.30,85.00,100.00,100.00
2026-05-16T00:01:57.086031,57.10,55.60,55.60,20.00
2026-05-16T00:01:57.190844,60.00,33.30,55.60,22.20
2026-05-16T00:01:57.295556,57.10,44.40,62.50,20.00
2026-05-16T00:01:57.399446,55.60,50.00,50.00,12.50
2026-05-16T00:01:57.503953,50.00,55.60,62.50,36.40
2026-05-16T00:01:57.608671,62.50,42.90,42.90,12.50
2026-05-16T00:01:57.713022,50.00,50.00,55.60,27.30
2026-05-16T00:01:57.817898,33.30,44.40,50.00,11.10
2026-05-16T00:01:57.922013,55.60,33.30,50.00,20.00
2026-05-16T00:01:58.026307,50.00,44.40,55.60,22.20
2026-05-16T00:01:58.130698,62.50,55.60,55.60,20.00
2026-05-16T00:01:58.234858,55.60,20.00,62.50,20.00
2026-05-16T00:01:58.339458,62.50,54.50,50.00,22.20
2026-05-16T00:01:58.444027,55.60,33.30,55.60,20.00
2026-05-16T00:01:58.549184,50.00,55.60,57.10,20.00
2026-05-16T00:01:58.655186,60.00,28.60,60.00,22.20
2026-05-16T00:01:58.758896,37.50,28.60,42.90,20.00
2026-05-16T00:01:58.863531,25.00,22.20,22.20,10.00
2026-05-16T00:01:58.967801,14.30,0.00,14.30,20.00
2026-05-16T00:01:59.071623,25.00,14.30,0.00,11.10
2026-05-16T00:01:59.175195,12.50,0.00,12.50,11.10
2026-05-16T00:01:59.279321,14.30,22.20,14.30,25.00
2026-05-16T00:01:59.383342,25.00,0.00,0.00,11.10
2026-05-16T00:01:59.487857,0.00,0.00,25.00,10.00
2026-05-16T00:01:59.592413,25.00,22.20,12.50,11.10
2026-05-16T00:01:59.696843,25.00,14.30,14.30,20.00
2026-05-16T00:01:59.801218,25.00,0.00,14.30,10.00
2026-05-16T00:01:59.904801,14.30,12.50,12.50,20.00
2026-05-16T00:02:00.008251,12.50,12.50,14.30,10.00
2026-05-16T00:02:00.112499,14.30,14.30,0.00,20.00
2026-05-16T00:02:00.216966,25.00,12.50,12.50,11.10
2026-05-16T00:02:00.321467,12.50,22.20,25.00,11.10
2026-05-16T00:02:00.425416,0.00,0.00,0.00,10.00
2026-05-16T00:02:00.530458,25.00,12.50,25.00,20.00
2026-05-16T00:02:00.634283,22.20,12.50,22.20,10.00
2026-05-16T00:02:00.738206,14.30,25.00,0.00,11.10
2026-05-16T00:02:00.907705,38.50,16.70,42.90,31.20
2026-05-16T00:02:01.011500,14.30,28.60,100.00,11.10
2026-05-16T00:02:01.115498,28.60,14.30,100.00,20.00
2026-05-16T00:02:01.219371,33.30,14.30,100.00,20.00
2026-05-16T00:02:01.323399,37.50,37.50,100.00,10.00
2026-05-16T00:02:01.427001,28.60,14.30,100.00,11.10
2026-05-16T00:02:01.530940,25.00,16.70,100.00,27.30
2026-05-16T00:02:01.635413,14.30,14.30,100.00,10.00
2026-05-16T00:02:01.739128,37.50,25.00,100.00,11.10
2026-05-16T00:02:01.843181,14.30,0.00,100.00,27.30
2026-05-16T00:02:01.947563,28.60,40.00,100.00,11.10
2026-05-16T00:02:02.051561,14.30,28.60,100.00,11.10
2026-05-16T00:02:02.155106,28.60,0.00,100.00,18.20
2026-05-16T00:02:02.258878,14.30,16.70,100.00,11.10
2026-05-16T00:02:02.363850,37.50,25.00,100.00,20.00
2026-05-16T00:02:02.470183,16.70,28.60,100.00,10.00
2026-05-16T00:02:02.574965,33.30,0.00,100.00,20.00
2026-05-16T00:02:02.679027,16.70,37.50,100.00,11.10
2026-05-16T00:02:02.782608,25.00,14.30,100.00,11.10
2026-05-16T00:02:02.886409,0.00,16.70,100.00,18.20
2026-05-16T00:02:02.991269,33.30,33.30,100.00,20.00
2026-05-16T00:02:03.095563,28.60,16.70,100.00,11.10
2026-05-16T00:02:03.199461,16.70,25.00,100.00,20.00
2026-05-16T00:02:03.304368,28.60,16.70,100.00,20.00
2026-05-16T00:02:03.408234,33.30,14.30,100.00,11.10
2026-05-16T00:02:03.511913,16.70,28.60,100.00,10.00
2026-05-16T00:02:03.616827,14.30,14.30,100.00,20.00
2026-05-16T00:02:03.721356,28.60,28.60,100.00,20.00
2026-05-16T00:02:03.826260,50.00,28.60,100.00,18.20
2026-05-16T00:02:03.930154,42.90,37.50,100.00,11.10
2026-05-16T00:02:04.035443,28.60,33.30,100.00,20.00
2026-05-16T00:02:04.139790,42.90,28.60,100.00,11.10
2026-05-16T00:02:04.245045,33.30,44.40,100.00,27.30
2026-05-16T00:02:04.349034,44.40,42.90,100.00,11.10
2026-05-16T00:02:04.453249,50.00,28.60,100.00,11.10
2026-05-16T00:02:04.557410,33.30,28.60,100.00,27.30
2026-05-16T00:02:04.662434,42.90,42.90,100.00,20.00
2026-05-16T00:02:04.767944,50.00,28.60,100.00,11.10
2026-05-16T00:02:04.872143,42.90,42.90,100.00,27.30
2026-05-16T00:02:04.975781,37.50,37.50,100.00,20.00
2026-05-16T00:02:05.079805,42.90,42.90,100.00,11.10
2026-05-16T00:02:05.183725,42.90,37.50,100.00,20.00
2026-05-16T00:02:05.288245,28.60,33.30,100.00,22.20
2026-05-16T00:02:05.392702,50.00,37.50,100.00,11.10
2026-05-16T00:02:05.496803,28.60,37.50,100.00,10.00
2026-05-16T00:02:05.600871,33.30,16.70,100.00,27.30
2026-05-16T00:02:05.705205,42.90,42.90,100.00,11.10
2026-05-16T00:02:05.809497,44.40,37.50,100.00,11.10
2026-05-16T00:02:05.913574,33.30,42.90,100.00,11.10
2026-05-16T00:02:06.017531,44.40,37.50,100.00,27.30
2026-05-16T00:02:06.121304,20.00,16.70,100.00,20.00
2026-05-16T00:02:06.225215,44.40,42.90,100.00,10.00
2026-05-16T00:02:06.329219,33.30,16.70,100.00,20.00
2026-05-16T00:02:06.433349,33.30,44.40,100.00,22.20
2026-05-16T00:02:06.537672,44.40,42.90,100.00,11.10
2026-05-16T00:02:06.641751,42.90,28.60,100.00,18.20
2026-05-16T00:02:06.746194,42.90,33.30,100.00,11.10
2026-05-16T00:02:06.850033,55.60,44.40,100.00,12.50
2026-05-16T00:02:06.984013,50.00,37.50,100.00,33.30
2026-05-16T00:02:07.088612,28.60,50.00,100.00,100.00
2026-05-16T00:02:07.193657,42.90,28.60,100.00,100.00
2026-05-16T00:02:07.297920,37.50,50.00,100.00,100.00
2026-05-16T00:02:07.403152,37.50,37.50,100.00,100.00
2026-05-16T00:02:07.508175,50.00,50.00,100.00,100.00
2026-05-16T00:02:07.612911,50.00,42.90,100.00,100.00
2026-05-16T00:02:07.717356,16.70,16.70,100.00,100.00
2026-05-16T00:02:07.821538,37.50,28.60,100.00,100.00
2026-05-16T00:02:07.925706,33.30,37.50,100.00,100.00
2026-05-16T00:02:08.029997,28.60,42.90,100.00,100.00
2026-05-16T00:02:08.135029,50.00,37.50,100.00,100.00
2026-05-16T00:02:08.239010,28.60,28.60,100.00,100.00
2026-05-16T00:02:08.343467,37.50,42.90,100.00,100.00
2026-05-16T00:02:08.447904,33.30,16.70,100.00,100.00
2026-05-16T00:02:08.552005,44.40,42.90,100.00,100.00
2026-05-16T00:02:08.656240,44.40,44.40,100.00,100.00
2026-05-16T00:02:08.760204,28.60,33.30,100.00,100.00
2026-05-16T00:02:08.864315,14.30,0.00,100.00,100.00
2026-05-16T00:02:08.968379,33.30,37.50,100.00,100.00
2026-05-16T00:02:09.073695,25.00,25.00,100.00,100.00
2026-05-16T00:02:09.177525,14.30,14.30,100.00,100.00
2026-05-16T00:02:09.281402,25.00,14.30,100.00,100.00
2026-05-16T00:02:09.385489,33.30,25.00,100.00,100.00
2026-05-16T00:02:09.489852,14.30,14.30,100.00,100.00
2026-05-16T00:02:09.593899,33.30,28.60,100.00,100.00
2026-05-16T00:02:09.697753,14.30,0.00,100.00,100.00
2026-05-16T00:02:09.802699,25.00,25.00,100.00,100.00
2026-05-16T00:02:09.907696,37.50,28.60,100.00,100.00
2026-05-16T00:02:10.012261,14.30,14.30,100.00,100.00
2026-05-16T00:02:10.116657,33.30,16.70,100.00,100.00
2026-05-16T00:02:10.220958,28.60,28.60,100.00,100.00
2026-05-16T00:02:10.325518,33.30,14.30,100.00,100.00
2026-05-16T00:02:10.434619,28.60,16.70,100.00,100.00
2026-05-16T00:02:10.539522,25.00,33.30,100.00,100.00
2026-05-16T00:02:10.644371,28.60,28.60,100.00,100.00
2026-05-16T00:02:10.748651,25.00,0.00,100.00,100.00
2026-05-16T00:02:10.853793,25.00,16.70,100.00,100.00
2026-05-16T00:02:10.958977,25.00,33.30,100.00,100.00
2026-05-16T00:02:11.063267,16.70,0.00,100.00,100.00
2026-05-16T00:02:11.167374,33.30,25.00,100.00,100.00
2026-05-16T00:02:11.271363,14.30,14.30,100.00,100.00
2026-05-16T00:02:11.376432,14.30,25.00,100.00,100.00
2026-05-16T00:02:11.480557,14.30,16.70,100.00,100.00
2026-05-16T00:02:11.584909,25.00,25.00,100.00,100.00
2026-05-16T00:02:11.689186,25.00,16.70,100.00,100.00
2026-05-16T00:02:11.793629,14.30,25.00,100.00,100.00
2026-05-16T00:02:11.897709,25.00,0.00,100.00,100.00
2026-05-16T00:02:12.001781,22.20,33.30,100.00,100.00
2026-05-16T00:02:12.105872,14.30,14.30,100.00,100.00
2026-05-16T00:02:12.210216,25.00,0.00,100.00,100.00
2026-05-16T00:02:12.314220,14.30,25.00,100.00,100.00
2026-05-16T00:02:12.418335,22.20,14.30,100.00,100.00
2026-05-16T00:02:12.521972,25.00,25.00,100.00,100.00
2026-05-16T00:02:12.626572,14.30,0.00,100.00,100.00
2026-05-16T00:02:12.730720,33.30,25.00,100.00,100.00
2026-05-16T00:02:12.834822,14.30,0.00,100.00,100.00
2026-05-16T00:02:12.938890,25.00,37.50,100.00,100.00
2026-05-16T00:02:13.042895,25.00,0.00,100.00,100.00
2026-05-16T00:02:13.147178,14.30,25.00,100.00,100.00
2026-05-16T00:02:13.250877,25.00,0.00,100.00,100.00
2026-05-16T00:02:13.355878,25.00,14.30,100.00,100.00
2026-05-16T00:02:13.460425,37.50,16.70,100.00,100.00
2026-05-16T00:02:13.564950,25.00,16.70,100.00,100.00
2026-05-16T00:02:13.669617,25.00,25.00,100.00,100.00
2026-05-16T00:02:13.773401,14.30,25.00,100.00,100.00
2026-05-16T00:02:13.877118,11.10,0.00,100.00,100.00
2026-05-16T00:02:13.980754,11.10,12.50,100.00,100.00
2026-05-16T00:02:14.084348,11.10,11.10,100.00,100.00
2026-05-16T00:02:14.188268,11.10,0.00,100.00,100.00
2026-05-16T00:02:14.291982,10.00,0.00,100.00,100.00
2026-05-16T00:02:14.395695,11.10,11.10,100.00,100.00
2026-05-16T00:02:14.499418,20.00,11.10,100.00,100.00
2026-05-16T00:02:14.603156,11.10,11.10,100.00,100.00
2026-05-16T00:02:14.706865,20.00,12.50,100.00,100.00
2026-05-16T00:02:14.810665,11.10,0.00,100.00,100.00
2026-05-16T00:02:14.914145,11.10,0.00,100.00,100.00
2026-05-16T00:02:15.017912,20.00,20.00,100.00,100.00
2026-05-16T00:02:15.121777,0.00,12.50,100.00,100.00
2026-05-16T00:02:15.226264,20.00,0.00,100.00,100.00
2026-05-16T00:02:15.329551,11.10,12.50,100.00,100.00
2026-05-16T00:02:15.433422,20.00,0.00,100.00,100.00
2026-05-16T00:02:15.536749,11.10,0.00,100.00,100.00
2026-05-16T00:02:15.640554,11.10,20.00,100.00,100.00
2026-05-16T00:02:15.744201,11.10,0.00,100.00,100.00
2026-05-16T00:02:15.847648,25.00,0.00,100.00,100.00
2026-05-16T00:02:15.951233,22.20,20.00,100.00,100.00
2026-05-16T00:02:16.054803,20.00,11.10,100.00,100.00
2026-05-16T00:02:16.158111,11.10,0.00,100.00,100.00
2026-05-16T00:02:16.261486,20.00,0.00,100.00,100.00
2026-05-16T00:02:16.365029,20.00,0.00,100.00,100.00
2026-05-16T00:02:16.468716,11.10,0.00,100.00,100.00
2026-05-16T00:02:16.571967,20.00,11.10,100.00,100.00
2026-05-16T00:02:16.675300,20.00,12.50,100.00,100.00
2026-05-16T00:02:16.778585,27.30,0.00,100.00,100.00
2026-05-16T00:02:16.882300,20.00,0.00,100.00,100.00
2026-05-16T00:02:16.985703,11.10,11.10,100.00,100.00
2026-05-16T00:02:17.089361,20.00,0.00,100.00,100.00
2026-05-16T00:02:17.192863,20.00,0.00,100.00,100.00
2026-05-16T00:02:17.296974,20.00,20.00,100.00,100.00
2026-05-16T00:02:17.400629,12.50,0.00,100.00,100.00
2026-05-16T00:02:17.504282,22.20,25.00,100.00,100.00
2026-05-16T00:02:17.607678,11.10,11.10,100.00,100.00
2026-05-16T00:02:17.711617,11.10,0.00,100.00,100.00
2026-05-16T00:02:17.815194,20.00,0.00,100.00,100.00
2026-05-16T00:02:17.919104,11.10,11.10,100.00,100.00
2026-05-16T00:02:18.022744,27.30,11.10,100.00,100.00
2026-05-16T00:02:18.126199,11.10,0.00,100.00,100.00
2026-05-16T00:02:18.229958,27.30,0.00,100.00,100.00
2026-05-16T00:02:18.333894,12.50,12.50,100.00,100.00
2026-05-16T00:02:18.438563,11.10,0.00,100.00,100.00
2026-05-16T00:02:18.542663,11.10,12.50,100.00,100.00
2026-05-16T00:02:18.646722,0.00,11.10,100.00,100.00
2026-05-16T00:02:18.752745,36.40,25.00,100.00,100.00
2026-05-16T00:02:18.857896,75.00,77.80,100.00,100.00
2026-05-16T00:02:19.066886,85.00,90.00,100.00,100.00
2026-05-16T00:02:19.172024,55.60,33.30,50.00,11.10
2026-05-16T00:02:19.276684,57.10,44.40,50.00,36.40
2026-05-16T00:02:19.381268,50.00,50.00,57.10,11.10
2026-05-16T00:02:19.485429,50.00,50.00,42.90,20.00
2026-05-16T00:02:19.590945,62.50,50.00,60.00,20.00
2026-05-16T00:02:19.695672,50.00,33.30,42.90,12.50
2026-05-16T00:02:19.799715,55.60,44.40,50.00,20.00
2026-05-16T00:02:19.903966,50.00,50.00,62.50,11.10
2026-05-16T00:02:20.008616,50.00,50.00,55.60,20.00
2026-05-16T00:02:20.113525,60.00,44.40,50.00,30.00
2026-05-16T00:02:20.217705,50.00,50.00,60.00,11.10
2026-05-16T00:02:20.321828,57.10,55.60,62.50,20.00
2026-05-16T00:02:20.427800,55.60,16.70,33.30,11.10
2026-05-16T00:02:20.532416,42.90,60.00,55.60,11.10
2026-05-16T00:02:20.637046,66.70,37.50,50.00,30.00
2026-05-16T00:02:20.742526,50.00,42.90,50.00,20.00
2026-05-16T00:02:20.846995,55.60,50.00,50.00,11.10
2026-05-16T00:02:20.951060,57.10,50.00,62.50,22.20
2026-05-16T00:02:21.056883,60.00,28.60,50.00,20.00
2026-05-16T00:02:21.161500,62.50,55.60,42.90,11.10
2026-05-16T00:02:21.266510,42.90,42.90,55.60,22.20
2026-05-16T00:02:21.371833,55.60,42.90,50.00,27.30
2026-05-16T00:02:21.478010,57.10,44.40,70.00,11.10
2026-05-16T00:02:21.582547,55.60,55.60,50.00,11.10
2026-05-16T00:02:21.688328,50.00,33.30,55.60,22.20
2026-05-16T00:02:21.793701,70.00,50.00,66.70,20.00
2026-05-16T00:02:21.897926,55.60,42.90,50.00,27.30
2026-05-16T00:02:22.002184,50.00,44.40,57.10,12.50
2026-05-16T00:02:22.106331,55.60,42.90,37.50,11.10
2026-05-16T00:02:22.212210,50.00,50.00,57.10,27.30
2026-05-16T00:02:22.318177,50.00,50.00,55.60,11.10
2026-05-16T00:02:22.422352,62.50,37.50,50.00,30.00
2026-05-16T00:02:22.527272,60.00,50.00,50.00,11.10
2026-05-16T00:02:22.632727,62.50,50.00,66.70,11.10
2026-05-16T00:02:22.737712,55.60,50.00,33.30,22.20
2026-05-16T00:02:22.843997,62.50,55.60,55.60,27.30
2026-05-16T00:02:22.948548,55.60,50.00,55.60,11.10
2026-05-16T00:02:23.053541,57.10,37.50,57.10,20.00
2026-05-16T00:02:23.159242,60.00,42.90,55.60,22.20
2026-05-16T00:02:23.264866,57.10,55.60,62.50,20.00
2026-05-16T00:02:23.369531,55.60,42.90,55.60,30.00
2026-05-16T00:02:23.474236,66.70,44.40,62.50,11.10
2026-05-16T00:02:23.579505,50.00,55.60,50.00,20.00
2026-05-16T00:02:23.683420,62.50,42.90,55.60,11.10
2026-05-16T00:02:23.787573,44.40,25.00,44.40,20.00
2026-05-16T00:02:23.891729,28.60,28.60,28.60,20.00
2026-05-16T00:02:23.996517,28.60,28.60,37.50,20.00
2026-05-16T00:02:24.100286,37.50,25.00,28.60,11.10
2026-05-16T00:02:24.204350,16.70,28.60,28.60,11.10
2026-05-16T00:02:24.308887,37.50,25.00,37.50,20.00
2026-05-16T00:02:24.412893,37.50,28.60,16.70,11.10
2026-05-16T00:02:24.516754,37.50,25.00,28.60,20.00
2026-05-16T00:02:24.620790,28.60,37.50,37.50,20.00
2026-05-16T00:02:24.724552,44.40,25.00,28.60,11.10
2026-05-16T00:02:24.829055,33.30,16.70,44.40,11.10
2026-05-16T00:02:24.933224,44.40,33.30,28.60,20.00
2026-05-16T00:02:25.036952,28.60,33.30,33.30,30.00
2026-05-16T00:02:25.141262,37.50,33.30,37.50,11.10
2026-05-16T00:02:25.245642,37.50,28.60,37.50,20.00
2026-05-16T00:02:25.349551,37.50,14.30,28.60,10.00
2026-05-16T00:02:25.454162,28.60,33.30,25.00,20.00
2026-05-16T00:02:25.558752,28.60,16.70,44.40,20.00
2026-05-16T00:02:25.663934,44.40,28.60,42.90,11.10
2026-05-16T00:02:25.768719,50.00,14.30,16.70,20.00
2026-05-16T00:02:25.873944,28.60,28.60,44.40,20.00
2026-05-16T00:02:25.978668,28.60,33.30,28.60,11.10
2026-05-16T00:02:26.083593,37.50,37.50,37.50,11.10
2026-05-16T00:02:26.187813,50.00,33.30,37.50,11.10
2026-05-16T00:02:26.292345,28.60,28.60,37.50,27.30
2026-05-16T00:02:26.395998,28.60,14.30,16.70,11.10
2026-05-16T00:02:26.499983,37.50,28.60,28.60,11.10
2026-05-16T00:02:26.603995,44.40,25.00,37.50,11.10
2026-05-16T00:02:26.708906,28.60,28.60,28.60,20.00
2026-05-16T00:02:26.813936,37.50,25.00,28.60,10.00
2026-05-16T00:02:26.918391,44.40,28.60,44.40,20.00
2026-05-16T00:02:27.022753,37.50,25.00,16.70,22.20
2026-05-16T00:02:27.127855,42.90,28.60,44.40,10.00
2026-05-16T00:02:27.231703,37.50,37.50,37.50,22.20
2026-05-16T00:02:27.335815,37.50,28.60,37.50,11.10
2026-05-16T00:02:27.440243,37.50,14.30,33.30,20.00
2026-05-16T00:02:27.545796,37.50,44.40,37.50,30.00
2026-05-16T00:02:27.650626,37.50,16.70,28.60,20.00
2026-05-16T00:02:27.754965,42.90,44.40,37.50,20.00
2026-05-16T00:02:27.859035,28.60,14.30,28.60,20.00
2026-05-16T00:02:27.964096,37.50,28.60,37.50,11.10
2026-05-16T00:02:28.068812,37.50,28.60,28.60,11.10
2026-05-16T00:02:28.173827,28.60,14.30,44.40,27.30
2026-05-16T00:02:28.278098,50.00,37.50,28.60,11.10
2026-05-16T00:02:28.382290,28.60,33.30,28.60,11.10
2026-05-16T00:02:28.486550,37.50,28.60,37.50,20.00
2026-05-16T00:02:28.590741,37.50,33.30,16.70,11.10
2026-05-16T00:02:28.694996,28.60,16.70,37.50,27.30
2026-05-16T00:02:28.800978,55.60,42.90,42.90,11.10
2026-05-16T00:02:28.905665,70.00,55.60,60.00,20.00
2026-05-16T00:02:29.010378,62.50,55.60,66.70,12.50
2026-05-16T00:02:29.115641,66.70,62.50,62.50,27.30
2026-05-16T00:02:29.221258,66.70,50.00,62.50,22.20
2026-05-16T00:02:29.325663,62.50,66.70,66.70,11.10
2026-05-16T00:02:29.430012,66.70,42.90,50.00,22.20
2026-05-16T00:02:29.534861,57.10,55.60,66.70,20.00
2026-05-16T00:02:29.639320,42.90,42.90,50.00,12.50
2026-05-16T00:02:29.744180,70.00,55.60,66.70,11.10
2026-05-16T00:02:29.849173,66.70,42.90,57.10,27.30
2026-05-16T00:02:29.954331,62.50,50.00,62.50,11.10
2026-05-16T00:02:30.060286,60.00,60.00,62.50,20.00
2026-05-16T00:02:30.166704,57.10,57.10,55.60,22.20
2026-05-16T00:02:30.272012,70.00,55.60,62.50,20.00
2026-05-16T00:02:30.378257,62.50,50.00,62.50,20.00
2026-05-16T00:02:30.482699,75.00,66.70,62.50,22.20
2026-05-16T00:02:30.587633,55.60,42.90,70.00,11.10
2026-05-16T00:02:30.692090,62.50,50.00,57.10,20.00
2026-05-16T00:02:30.797901,62.50,50.00,55.60,22.20
2026-05-16T00:02:30.902907,50.00,50.00,57.10,27.30
2026-05-16T00:02:31.008806,62.50,55.60,57.10,11.10
2026-05-16T00:02:31.113152,66.70,50.00,60.00,12.50
2026-05-16T00:02:31.217343,55.60,50.00,57.10,20.00
2026-05-16T00:02:31.322088,70.00,50.00,70.00,27.30
2026-05-16T00:02:31.426523,62.50,55.60,66.70,22.20
2026-05-16T00:02:31.531045,57.10,50.00,50.00,20.00
2026-05-16T00:02:31.636671,66.70,62.50,62.50,22.20
2026-05-16T00:02:31.740851,66.70,55.60,66.70,20.00
2026-05-16T00:02:31.845470,66.70,50.00,62.50,11.10
2026-05-16T00:02:31.949730,55.60,50.00,62.50,12.50
2026-05-16T00:02:32.054152,70.00,62.50,60.00,20.00
2026-05-16T00:02:32.159259,62.50,50.00,66.70,27.30
2026-05-16T00:02:32.266473,66.70,60.00,66.70,22.20
2026-05-16T00:02:32.372976,62.50,42.90,57.10,20.00
2026-05-16T00:02:32.478676,66.70,62.50,70.00,11.10
2026-05-16T00:02:32.583450,66.70,42.90,66.70,12.50
2026-05-16T00:02:32.687974,62.50,55.60,50.00,27.30
2026-05-16T00:02:32.792883,66.70,50.00,66.70,20.00
2026-05-16T00:02:32.898945,60.00,50.00,62.50,22.20
2026-05-16T00:02:33.003852,62.50,57.10,66.70,11.10
2026-05-16T00:02:33.109480,66.70,50.00,57.10,22.20
2026-05-16T00:02:33.215523,66.70,66.70,62.50,20.00
2026-05-16T00:02:33.320751,77.80,60.00,72.70,22.20
2026-05-16T00:02:33.425013,70.00,57.10,57.10,20.00
2026-05-16T00:02:33.531127,66.70,42.90,70.00,22.20
2026-05-16T00:02:33.636705,50.00,50.00,57.10,20.00
2026-05-16T00:02:33.741883,70.00,66.70,66.70,27.30
2026-05-16T00:02:33.846501,80.00,77.80,80.00,12.50
2026-05-16T00:02:33.951431,87.50,70.00,87.50,12.50
2026-05-16T00:02:34.056354,77.80,71.40,80.00,20.00
2026-05-16T00:02:34.161976,81.80,66.70,81.80,22.20
2026-05-16T00:02:34.271167,80.00,70.00,75.00,22.20
2026-05-16T00:02:34.376881,88.90,71.40,77.80,20.00
2026-05-16T00:02:34.482808,80.00,77.80,88.90,11.10
2026-05-16T00:02:34.588421,91.70,70.00,83.30,30.00
2026-05-16T00:02:34.693531,77.80,75.00,88.90,30.00
2026-05-16T00:02:34.798549,80.00,75.00,80.00,11.10
2026-05-16T00:02:34.903329,77.80,66.70,85.70,30.00
2026-05-16T00:02:35.008314,90.90,80.00,80.00,11.10
2026-05-16T00:02:35.113180,77.80,66.70,77.80,22.20
2026-05-16T00:02:35.217744,75.00,71.40,80.00,12.50
2026-05-16T00:02:35.322571,90.00,77.80,90.00,40.00
2026-05-16T00:02:35.427855,80.00,70.00,75.00,20.00
2026-05-16T00:02:35.532622,77.80,66.70,81.80,22.20
2026-05-16T00:02:35.637392,77.80,71.40,75.00,12.50
2026-05-16T00:02:35.742573,80.00,70.00,80.00,27.30
2026-05-16T00:02:35.847755,87.50,80.00,81.80,12.50
2026-05-16T00:02:35.952238,77.80,57.10,88.90,30.00
2026-05-16T00:02:36.056815,80.00,66.70,66.70,12.50
2026-05-16T00:02:36.161869,80.00,77.80,88.90,20.00
2026-05-16T00:02:36.269349,77.80,66.70,77.80,22.20
2026-05-16T00:02:36.376261,80.00,80.00,90.00,30.00
2026-05-16T00:02:36.483503,90.00,77.80,80.00,11.10
2026-05-16T00:02:36.590458,80.00,62.50,77.80,30.00
2026-05-16T00:02:36.696380,80.00,70.00,81.80,20.00
2026-05-16T00:02:36.801749,81.80,77.80,87.50,12.50
2026-05-16T00:02:36.907739,85.70,75.00,77.80,22.20
2026-05-16T00:02:37.012575,81.80,66.70,75.00,27.30
2026-05-16T00:02:37.118953,80.00,75.00,81.80,22.20
2026-05-16T00:02:37.224521,77.80,66.70,77.80,11.10
2026-05-16T00:02:37.329535,90.00,77.80,87.50,30.00
2026-05-16T00:02:37.436003,81.80,77.80,81.80,33.30
2026-05-16T00:02:37.540799,87.50,77.80,88.90,33.30
2026-05-16T00:02:37.645718,90.00,80.00,90.00,30.00
2026-05-16T00:02:37.750850,80.00,62.50,77.80,20.00
2026-05-16T00:02:37.855470,77.80,66.70,70.00,22.20
2026-05-16T00:02:37.960311,77.80,75.00,87.50,22.20
2026-05-16T00:02:38.066990,90.00,70.00,81.80,30.00
2026-05-16T00:02:38.173145,90.00,80.00,80.00,11.10
2026-05-16T00:02:38.279230,80.00,75.00,87.50,22.20
2026-05-16T00:02:38.384236,90.00,80.00,90.00,20.00
2026-05-16T00:02:38.489641,80.00,62.50,80.00,22.20
2026-05-16T00:02:38.594290,80.00,77.80,81.80,22.20
2026-05-16T00:02:38.699870,90.00,77.80,87.50,12.50
2026-05-16T00:02:38.804675,62.50,55.60,66.70,27.30
2026-05-16T00:02:38.909912,55.60,44.40,42.90,20.00
2026-05-16T00:02:39.015523,57.10,42.90,62.50,20.00
2026-05-16T00:02:39.119659,60.00,55.60,50.00,22.20
2026-05-16T00:02:39.231028,50.00,50.00,60.00,27.30
2026-05-16T00:02:39.335705,66.70,60.00,57.10,22.20
2026-05-16T00:02:39.440128,50.00,50.00,50.00,11.10
2026-05-16T00:02:39.544878,66.70,42.90,66.70,20.00
2026-05-16T00:02:39.649871,57.10,55.60,42.90,20.00
2026-05-16T00:02:39.754273,55.60,50.00,66.70,20.00
2026-05-16T00:02:39.858823,60.00,33.30,50.00,22.20
2026-05-16T00:02:39.964232,57.10,50.00,50.00,20.00
2026-05-16T00:02:40.069300,60.00,42.90,66.70,12.50
2026-05-16T00:02:40.174788,57.10,50.00,42.90,33.30
2026-05-16T00:02:40.279388,60.00,42.90,55.60,11.10
2026-05-16T00:02:40.384710,66.70,42.90,66.70,20.00
2026-05-16T00:02:40.489652,57.10,55.60,50.00,20.00
2026-05-16T00:02:40.593967,50.00,28.60,55.60,12.50
2026-05-16T00:02:40.699870,66.70,50.00,57.10,20.00
2026-05-16T00:02:40.804970,62.50,33.30,55.60,11.10
2026-05-16T00:02:40.909647,55.60,50.00,66.70,11.10
2026-05-16T00:02:41.014115,57.10,55.60,42.90,27.30
2026-05-16T00:02:41.119243,55.60,50.00,55.60,22.20
2026-05-16T00:02:41.223672,50.00,42.90,57.10,11.10
2026-05-16T00:02:41.328461,55.60,50.00,50.00,20.00
2026-05-16T00:02:41.432546,57.10,37.50,55.60,11.10
2026-05-16T00:02:41.537887,55.60,55.60,62.50,30.00
2026-05-16T00:02:41.642609,55.60,33.30,50.00,11.10
2026-05-16T00:02:41.746981,62.50,50.00,55.60,20.00
2026-05-16T00:02:41.852668,60.00,50.00,50.00,11.10
2026-05-16T00:02:41.957510,62.50,60.00,62.50,20.00
2026-05-16T00:02:42.061647,60.00,42.90,42.90,22.20
2026-05-16T00:02:42.167478,62.50,42.90,66.70,27.30
2026-05-16T00:02:42.273812,55.60,44.40,55.60,22.20
2026-05-16T00:02:42.378455,50.00,50.00,50.00,20.00
2026-05-16T00:02:42.483775,60.00,50.00,70.00,11.10
2026-05-16T00:02:42.588897,62.50,50.00,42.90,20.00
2026-05-16T00:02:42.694506,50.00,50.00,60.00,11.10
2026-05-16T00:02:42.799125,62.50,57.10,57.10,22.20
2026-05-16T00:02:42.903422,55.60,37.50,55.60,20.00
2026-05-16T00:02:43.009489,55.60,50.00,55.60,20.00
2026-05-16T00:02:43.114680,66.70,50.00,62.50,20.00
2026-05-16T00:02:43.219138,55.60,37.50,50.00,11.10
2026-05-16T00:02:43.323531,57.10,50.00,50.00,22.20
2026-05-16T00:02:43.427945,42.90,42.90,62.50,20.00
2026-05-16T00:02:43.532384,57.10,42.90,55.60,12.50
2026-05-16T00:02:43.638277,70.00,50.00,57.10,11.10
2026-05-16T00:02:43.742624,50.00,44.40,50.00,20.00
2026-05-16T00:02:43.870672,27.30,20.00,11.10,25.00
2026-05-16T00:02:43.974922,12.50,14.30,22.20,100.00
2026-05-16T00:02:44.078870,25.00,0.00,0.00,100.00
2026-05-16T00:02:44.182790,0.00,12.50,12.50,100.00
2026-05-16T00:02:44.287329,25.00,22.20,0.00,100.00
2026-05-16T00:02:44.391744,22.20,25.00,12.50,100.00
2026-05-16T00:02:44.496329,14.30,12.50,25.00,100.00
2026-05-16T00:02:44.600333,22.20,0.00,0.00,100.00
2026-05-16T00:02:44.704868,25.00,22.20,14.30,100.00
2026-05-16T00:02:46.807433,17.20,14.60,13.10,17.40
2026-05-16T00:02:46.909947,0.00,12.50,0.00,10.00
2026-05-16T00:02:47.012426,0.00,0.00,0.00,0.00
2026-05-16T00:02:47.115161,25.00,12.50,14.30,0.00
2026-05-16T00:02:47.217806,22.20,12.50,12.50,0.00
2026-05-16T00:02:47.320321,0.00,12.50,12.50,0.00
2026-05-16T00:02:47.422536,12.50,12.50,14.30,0.00
2026-05-16T00:02:47.525635,14.30,0.00,12.50,9.10
2026-05-16T00:02:47.628297,25.00,14.30,33.30,11.10
2026-05-16T00:02:47.730457,12.50,12.50,0.00,10.00
2026-05-16T00:02:47.892493,18.20,25.00,38.50,12.50
2026-05-16T00:02:47.994723,14.30,0.00,100.00,0.00
2026-05-16T00:02:48.097528,28.60,16.70,100.00,0.00
2026-05-16T00:02:48.200003,14.30,25.00,100.00,10.00
2026-05-16T00:02:48.302421,14.30,14.30,100.00,0.00
2026-05-16T00:02:48.404964,14.30,14.30,100.00,0.00
2026-05-16T00:02:48.507477,25.00,14.30,100.00,0.00
2026-05-16T00:02:48.610570,0.00,16.70,100.00,0.00
2026-05-16T00:02:48.713647,25.00,14.30,100.00,10.00
2026-05-16T00:02:48.815739,11.10,11.10,100.00,0.00
2026-05-16T00:02:48.917816,0.00,0.00,100.00,0.00
2026-05-16T00:02:49.019913,11.10,20.00,100.00,0.00
2026-05-16T00:02:49.121935,11.10,0.00,100.00,10.00
2026-05-16T00:02:49.224387,0.00,11.10,100.00,0.00
2026-05-16T00:02:49.326603,20.00,0.00,100.00,0.00
2026-05-16T00:02:49.428878,10.00,0.00,100.00,0.00
2026-05-16T00:02:49.531103,11.10,0.00,100.00,0.00
2026-05-16T00:02:49.633298,0.00,0.00,100.00,0.00
2026-05-16T00:02:49.735564,11.10,11.10,100.00,10.00
2026-05-16T00:02:49.837587,20.00,12.50,100.00,0.00
2026-05-16T00:02:49.939706,11.10,0.00,100.00,0.00
2026-05-16T00:02:50.041852,11.10,0.00,100.00,0.00
2026-05-16T00:02:50.143963,18.20,11.10,100.00,0.00
2026-05-16T00:02:50.246120,0.00,0.00,100.00,0.00
2026-05-16T00:02:50.348480,11.10,11.10,100.00,9.10
2026-05-16T00:02:50.450624,0.00,11.10,100.00,0.00
2026-05-16T00:02:50.552673,11.10,0.00,100.00,0.00
2026-05-16T00:02:50.654937,11.10,0.00,100.00,0.00
2026-05-16T00:02:50.757150,11.10,11.10,100.00,0.00
2026-05-16T00:02:50.859331,10.00,0.00,100.00,0.00
2026-05-16T00:02:50.961470,11.10,0.00,100.00,9.10
2026-05-16T00:02:51.063957,0.00,0.00,100.00,0.00
2026-05-16T00:02:51.166473,11.10,11.10,100.00,0.00
2026-05-16T00:02:51.268869,11.10,0.00,100.00,9.10
2026-05-16T00:02:51.371195,11.10,0.00,100.00,10.00
2026-05-16T00:02:51.473469,11.10,11.10,100.00,0.00
2026-05-16T00:02:51.575577,0.00,20.00,100.00,0.00
2026-05-16T00:02:51.678251,18.20,0.00,100.00,0.00
2026-05-16T00:02:51.780581,11.10,0.00,100.00,0.00
2026-05-16T00:02:51.883193,20.00,0.00,100.00,0.00
2026-05-16T00:02:51.985539,0.00,0.00,100.00,0.00
2026-05-16T00:02:52.088222,11.10,0.00,100.00,0.00
2026-05-16T00:02:52.190266,20.00,10.00,100.00,9.10
2026-05-16T00:02:52.292371,11.10,0.00,100.00,0.00
2026-05-16T00:02:52.394418,11.10,0.00,100.00,0.00
2026-05-16T00:02:52.496538,10.00,11.10,100.00,0.00
2026-05-16T00:02:52.598658,0.00,0.00,100.00,0.00
2026-05-16T00:02:52.700698,20.00,0.00,100.00,0.00
2026-05-16T00:02:52.802695,0.00,0.00,100.00,0.00
2026-05-16T00:02:52.905005,20.00,0.00,100.00,9.10
2026-05-16T00:02:53.007189,11.10,0.00,100.00,9.10
2026-05-16T00:02:53.109563,20.00,0.00,100.00,0.00
2026-05-16T00:02:53.211940,10.00,0.00,100.00,0.00
2026-05-16T00:02:53.314219,22.20,20.00,100.00,0.00
2026-05-16T00:02:53.416667,10.00,0.00,100.00,0.00
2026-05-16T00:02:53.518966,33.30,0.00,100.00,0.00
2026-05-16T00:02:53.621576,20.00,0.00,100.00,0.00
2026-05-16T00:02:54.037693,66.70,70.30,100.00,60.00
2026-05-16T00:02:54.237878,81.20,95.00,94.40,100.00
2026-05-16T00:02:54.342810,55.60,42.90,55.60,22.20
2026-05-16T00:02:54.448372,50.00,37.50,50.00,11.10
2026-05-16T00:02:54.553592,55.60,37.50,37.50,20.00
2026-05-16T00:02:54.658918,44.40,50.00,42.90,20.00
2026-05-16T00:02:54.763182,50.00,44.40,42.90,30.00
2026-05-16T00:02:54.867422,55.60,33.30,50.00,11.10
2026-05-16T00:02:54.971948,50.00,37.50,55.60,20.00
2026-05-16T00:02:55.076230,50.00,37.50,42.90,22.20
2026-05-16T00:02:55.180795,50.00,42.90,42.90,11.10
2026-05-16T00:02:55.285396,42.90,37.50,55.60,30.00
2026-05-16T00:02:55.389805,50.00,50.00,42.90,20.00
2026-05-16T00:02:55.494852,33.30,37.50,50.00,20.00
2026-05-16T00:02:55.599559,55.60,37.50,55.60,20.00
2026-05-16T00:02:55.705165,57.10,50.00,37.50,22.20
2026-05-16T00:02:55.809885,28.60,28.60,42.90,20.00
2026-05-16T00:02:55.914383,55.60,37.50,50.00,11.10
2026-05-16T00:02:56.019438,50.00,37.50,50.00,20.00
2026-05-16T00:02:56.124547,50.00,50.00,33.30,20.00
2026-05-16T00:02:56.228562,50.00,28.60,42.90,22.20
2026-05-16T00:02:56.332597,33.30,33.30,54.50,20.00
2026-05-16T00:02:56.436374,44.40,50.00,42.90,11.10
2026-05-16T00:02:56.541902,50.00,28.60,42.90,11.10
2026-05-16T00:02:56.646684,50.00,55.60,42.90,20.00
2026-05-16T00:02:56.752808,60.00,37.50,55.60,20.00
2026-05-16T00:02:56.857894,50.00,44.40,44.40,11.10
2026-05-16T00:02:56.963473,50.00,44.40,50.00,27.30
2026-05-16T00:02:57.068603,44.40,50.00,50.00,11.10
2026-05-16T00:02:57.173795,57.10,37.50,37.50,11.10
2026-05-16T00:02:57.278124,50.00,50.00,42.90,30.00
2026-05-16T00:02:57.382489,44.40,28.60,50.00,11.10
2026-05-16T00:02:57.486392,62.50,50.00,55.60,36.40
2026-05-16T00:02:57.590351,50.00,37.50,55.60,12.50
2026-05-16T00:02:57.695383,42.90,37.50,42.90,20.00
2026-05-16T00:02:57.799915,55.60,42.90,50.00,20.00
2026-05-16T00:02:57.905632,42.90,28.60,42.90,20.00
2026-05-16T00:02:58.009694,44.40,28.60,50.00,12.50
2026-05-16T00:02:58.114000,42.90,55.60,50.00,20.00
2026-05-16T00:02:58.219319,50.00,37.50,37.50,11.10
2026-05-16T00:02:58.324627,55.60,50.00,50.00,27.30
2026-05-16T00:02:58.428785,50.00,28.60,50.00,0.00
2026-05-16T00:02:58.532970,50.00,44.40,50.00,27.30
2026-05-16T00:02:58.637614,50.00,37.50,44.40,12.50
2026-05-16T00:02:58.741998,50.00,42.90,50.00,20.00
2026-05-16T00:02:58.847783,50.00,44.40,37.50,11.10
2026-05-16T00:02:58.952330,42.90,28.60,50.00,20.00
2026-05-16T00:02:59.057199,42.90,37.50,50.00,20.00
2026-05-16T00:02:59.162384,50.00,33.30,42.90,11.10
2026-05-16T00:02:59.267315,50.00,37.50,50.00,30.00
2026-05-16T00:02:59.371731,33.30,28.60,37.50,11.10
2026-05-16T00:02:59.476330,55.60,37.50,50.00,20.00
2026-05-16T00:02:59.580584,37.50,37.50,37.50,20.00
2026-05-16T00:02:59.684874,50.00,50.00,55.60,20.00
2026-05-16T00:02:59.789128,33.30,28.60,50.00,22.20
2026-05-16T00:02:59.893517,50.00,28.60,37.50,11.10
2026-05-16T00:02:59.998017,42.90,37.50,50.00,20.00
2026-05-16T00:03:00.102464,55.60,37.50,42.90,27.30
2026-05-16T00:03:00.207634,50.00,50.00,50.00,11.10
2026-05-16T00:03:00.311951,50.00,37.50,42.90,11.10
2026-05-16T00:03:00.417115,50.00,37.50,50.00,27.30
2026-05-16T00:03:00.521794,37.50,16.70,37.50,11.10
2026-05-16T00:03:00.626607,55.60,28.60,50.00,11.10
2026-05-16T00:03:00.731215,42.90,44.40,50.00,20.00
2026-05-16T00:03:00.836184,50.00,37.50,37.50,20.00
2026-05-16T00:03:00.941751,37.50,44.40,42.90,11.10
2026-05-16T00:03:01.048516,42.90,42.90,37.50,22.20
2026-05-16T00:03:01.152980,44.40,44.40,55.60,20.00
2026-05-16T00:03:01.258452,55.60,37.50,50.00,20.00
2026-05-16T00:03:01.362428,42.90,28.60,28.60,11.10
2026-05-16T00:03:01.466670,33.30,44.40,50.00,27.30
2026-05-16T00:03:01.570640,44.40,16.70,42.90,12.50
2026-05-16T00:03:01.675841,50.00,50.00,42.90,20.00
2026-05-16T00:03:01.780138,55.60,28.60,44.40,20.00
2026-05-16T00:03:01.884546,28.60,37.50,50.00,11.10
2026-05-16T00:03:01.988971,42.90,42.90,28.60,11.10
2026-05-16T00:03:02.094049,37.50,44.40,55.60,27.30
2026-05-16T00:03:02.199180,50.00,44.40,42.90,11.10
2026-05-16T00:03:02.304200,42.90,37.50,37.50,11.10
2026-05-16T00:03:02.409001,42.90,28.60,55.60,20.00
2026-05-16T00:03:02.513169,44.40,50.00,42.90,20.00
2026-05-16T00:03:02.617507,50.00,28.60,37.50,20.00
2026-05-16T00:03:02.721896,42.90,44.40,42.90,11.10
2026-05-16T00:03:02.826018,42.90,37.50,50.00,11.10
2026-05-16T00:03:02.930282,44.40,37.50,37.50,20.00
2026-05-16T00:03:03.035387,55.60,33.30,60.00,20.00
2026-05-16T00:03:03.140585,33.30,50.00,42.90,27.30
2026-05-16T00:03:03.246023,55.60,28.60,50.00,22.20
2026-05-16T00:03:03.351552,50.00,55.60,44.40,11.10
2026-05-16T00:03:03.456292,54.50,28.60,33.30,20.00
2026-05-16T00:03:03.561567,42.90,44.40,50.00,20.00
2026-05-16T00:03:03.666134,50.00,28.60,28.60,11.10
2026-05-16T00:03:03.770690,50.00,55.60,62.50,22.20
2026-05-16T00:03:03.876322,80.00,57.10,66.70,20.00
2026-05-16T00:03:03.980594,57.10,55.60,62.50,20.00
2026-05-16T00:03:04.084928,55.60,50.00,55.60,12.50
2026-05-16T00:03:04.189535,75.00,60.00,66.70,20.00
2026-05-16T00:03:04.294109,70.00,57.10,62.50,22.20
2026-05-16T00:03:04.399234,66.70,55.60,75.00,20.00
2026-05-16T00:03:04.503823,62.50,57.10,70.00,22.20
2026-05-16T00:03:04.608682,70.00,62.50,57.10,11.10
2026-05-16T00:03:04.713330,62.50,55.60,63.60,22.20
2026-05-16T00:03:04.817748,66.70,50.00,75.00,27.30
2026-05-16T00:03:04.922408,62.50,62.50,62.50,0.00
2026-05-16T00:03:05.028708,77.80,60.00,62.50,30.00
2026-05-16T00:03:05.133582,66.70,62.50,70.00,27.30
2026-05-16T00:03:05.238678,70.00,62.50,66.70,12.50
2026-05-16T00:03:05.345169,66.70,55.60,57.10,20.00
2026-05-16T00:03:05.451082,62.50,62.50,72.70,22.20
2026-05-16T00:03:05.557509,62.50,50.00,66.70,20.00
2026-05-16T00:03:05.662078,80.00,66.70,66.70,22.20
2026-05-16T00:03:05.767023,57.10,50.00,66.70,20.00
2026-05-16T00:03:05.872112,72.70,66.70,57.10,20.00
2026-05-16T00:03:05.977914,62.50,55.60,72.70,22.20
2026-05-16T00:03:06.084006,66.70,62.50,62.50,20.00
2026-05-16T00:03:06.189179,62.50,55.60,57.10,22.20
2026-05-16T00:03:06.293684,57.10,62.50,66.70,20.00
2026-05-16T00:03:06.398387,70.00,55.60,55.60,20.00
2026-05-16T00:03:06.503932,57.10,55.60,66.70,12.50
2026-05-16T00:03:06.609222,70.00,57.10,66.70,20.00
2026-05-16T00:03:06.714163,66.70,50.00,71.40,11.10
2026-05-16T00:03:06.818849,66.70,66.70,66.70,30.00
2026-05-16T00:03:06.923538,80.00,62.50,66.70,11.10
2026-05-16T00:03:07.028592,66.70,62.50,62.50,30.00
2026-05-16T00:03:07.132987,77.80,62.50,77.80,22.20
2026-05-16T00:03:07.237257,62.50,60.00,62.50,30.00
2026-05-16T00:03:07.343523,66.70,50.00,55.60,0.00
2026-05-16T00:03:07.448741,70.00,66.70,77.80,36.40
2026-05-16T00:03:07.552969,62.50,50.00,62.50,20.00
2026-05-16T00:03:07.657652,75.00,55.60,66.70,22.20
2026-05-16T00:03:07.762044,62.50,50.00,62.50,22.20
2026-05-16T00:03:07.866580,55.60,50.00,55.60,20.00
2026-05-16T00:03:07.971041,62.50,42.90,57.10,20.00
2026-05-16T00:03:08.075634,66.70,60.00,60.00,22.20
2026-05-16T00:03:08.180006,66.70,50.00,57.10,20.00
2026-05-16T00:03:08.285407,62.50,57.10,66.70,22.20
2026-05-16T00:03:08.389962,72.70,66.70,62.50,20.00
2026-05-16T00:03:08.494725,62.50,50.00,72.70,22.20
2026-05-16T00:03:08.599456,66.70,70.00,57.10,20.00
2026-05-16T00:03:08.704730,75.00,50.00,70.00,22.20
2026-05-16T00:03:08.809342,33.30,16.70,25.00,20.00
2026-05-16T00:03:08.913269,16.70,25.00,16.70,18.20
2026-05-16T00:03:09.017010,25.00,33.30,33.30,11.10
2026-05-16T00:03:09.122623,28.60,14.30,28.60,20.00
2026-05-16T00:03:09.227066,25.00,12.50,14.30,0.00
2026-05-16T00:03:09.331162,25.00,0.00,25.00,20.00
2026-05-16T00:03:09.434990,25.00,33.30,37.50,11.10
2026-05-16T00:03:09.539602,37.50,14.30,14.30,25.00
2026-05-16T00:03:09.644639,25.00,14.30,25.00,11.10
2026-05-16T00:03:09.749372,16.70,14.30,28.60,11.10
2026-05-16T00:03:09.853976,44.40,25.00,25.00,27.30
2026-05-16T00:03:09.958641,25.00,14.30,28.60,11.10
2026-05-16T00:03:10.063644,25.00,25.00,25.00,11.10
2026-05-16T00:03:10.168112,28.60,0.00,25.00,10.00
2026-05-16T00:03:10.272039,14.30,25.00,16.70,11.10
2026-05-16T00:03:10.376133,25.00,14.30,33.30,11.10
2026-05-16T00:03:10.480620,28.60,25.00,16.70,27.30
2026-05-16T00:03:10.585031,40.00,14.30,25.00,0.00
2026-05-16T00:03:10.689562,25.00,0.00,25.00,27.30
2026-05-16T00:03:10.793563,16.70,25.00,16.70,11.10
2026-05-16T00:03:10.897512,25.00,14.30,14.30,11.10
2026-05-16T00:03:11.002021,28.60,33.30,28.60,20.00
2026-05-16T00:03:11.106186,33.30,14.30,25.00,20.00
2026-05-16T00:03:11.211185,28.60,25.00,37.50,10.00
2026-05-16T00:03:11.315982,25.00,14.30,25.00,20.00
2026-05-16T00:03:11.420030,16.70,33.30,28.60,11.10
2026-05-16T00:03:11.524121,25.00,25.00,33.30,20.00
2026-05-16T00:03:11.628153,33.30,14.30,33.30,11.10
2026-05-16T00:03:11.731863,16.70,33.30,0.00,11.10
2026-05-16T00:03:11.835953,14.30,0.00,14.30,20.00
2026-05-16T00:03:11.939808,25.00,14.30,14.30,18.20
2026-05-16T00:03:12.044849,25.00,14.30,37.50,20.00
2026-05-16T00:03:12.149045,16.70,22.20,25.00,11.10
2026-05-16T00:03:12.253233,25.00,25.00,14.30,20.00
2026-05-16T00:03:12.357551,14.30,0.00,14.30,11.10
2026-05-16T00:03:12.462023,37.50,33.30,28.60,11.10
2026-05-16T00:03:12.566902,14.30,14.30,14.30,10.00
2026-05-16T00:03:12.671339,33.30,14.30,25.00,11.10
2026-05-16T00:03:12.774931,16.70,33.30,14.30,20.00
2026-05-16T00:03:12.879642,25.00,25.00,28.60,20.00
2026-05-16T00:03:12.984225,14.30,0.00,14.30,10.00
2026-05-16T00:03:13.087988,28.60,14.30,25.00,11.10
2026-05-16T00:03:13.193426,25.00,33.30,28.60,20.00
2026-05-16T00:03:13.298155,16.70,14.30,33.30,20.00
2026-05-16T00:03:13.402395,33.30,14.30,16.70,11.10
2026-05-16T00:03:13.506691,28.60,25.00,25.00,20.00
2026-05-16T00:03:13.610276,14.30,14.30,14.30,11.10
2026-05-16T00:03:13.714966,28.60,25.00,28.60,10.00
2026-05-16T00:03:13.843468,10.00,10.00,18.20,16.70
2026-05-16T00:03:13.947426,11.10,0.00,0.00,100.00
2026-05-16T00:03:14.050990,12.50,0.00,12.50,100.00
2026-05-16T00:03:14.154529,11.10,0.00,0.00,100.00
2026-05-16T00:03:14.258258,11.10,20.00,0.00,100.00
2026-05-16T00:03:14.362457,0.00,12.50,0.00,100.00
2026-05-16T00:03:14.466002,20.00,0.00,11.10,100.00
2026-05-16T00:03:14.570397,0.00,0.00,12.50,100.00
2026-05-16T00:03:14.673947,11.10,20.00,0.00,100.00
2026-05-16T00:03:14.778007,11.10,0.00,0.00,100.00
2026-05-16T00:03:14.881708,22.20,12.50,11.10,100.00
2026-05-16T00:03:14.985220,20.00,0.00,11.10,100.00
2026-05-16T00:03:15.088933,0.00,11.10,0.00,100.00
2026-05-16T00:03:15.195197,20.00,12.50,0.00,100.00
2026-05-16T00:03:15.299258,12.50,11.10,22.20,100.00
2026-05-16T00:03:15.402776,0.00,0.00,0.00,100.00
2026-05-16T00:03:15.506297,20.00,12.50,12.50,100.00
2026-05-16T00:03:15.609966,11.10,11.10,0.00,100.00
2026-05-16T00:03:15.713652,12.50,11.10,11.10,100.00
2026-05-16T00:03:15.880599,21.40,23.10,38.50,100.00
2026-05-16T00:03:15.984473,22.20,0.00,100.00,100.00
2026-05-16T00:03:16.089527,22.20,25.00,100.00,100.00
2026-05-16T00:03:16.194702,22.20,12.50,100.00,100.00
2026-05-16T00:03:16.299194,0.00,0.00,100.00,100.00
2026-05-16T00:03:16.403725,22.20,12.50,100.00,100.00
2026-05-16T00:03:16.507896,22.20,14.30,100.00,100.00
2026-05-16T00:03:16.612041,12.50,22.20,100.00,100.00
2026-05-16T00:03:16.717027,14.30,0.00,100.00,100.00
2026-05-16T00:03:16.822675,12.50,14.30,100.00,100.00
2026-05-16T00:03:16.927257,22.20,0.00,100.00,100.00
2026-05-16T00:03:17.031501,12.50,0.00,100.00,100.00
2026-05-16T00:03:17.136353,22.20,14.30,100.00,100.00
2026-05-16T00:03:17.240584,0.00,12.50,100.00,100.00
2026-05-16T00:03:17.344449,22.20,14.30,100.00,100.00
2026-05-16T00:03:17.448408,12.50,12.50,100.00,100.00
2026-05-16T00:03:17.552433,0.00,0.00,100.00,100.00
2026-05-16T00:03:17.656557,33.30,22.20,100.00,100.00
2026-05-16T00:03:17.760336,20.00,12.50,100.00,100.00
2026-05-16T00:03:17.864885,12.50,0.00,100.00,100.00
2026-05-16T00:03:17.969069,12.50,12.50,100.00,100.00
2026-05-16T00:03:18.073166,11.10,22.20,100.00,100.00
2026-05-16T00:03:18.177884,0.00,0.00,100.00,100.00
2026-05-16T00:03:18.282387,12.50,0.00,100.00,100.00
2026-05-16T00:03:18.387214,22.20,22.20,100.00,100.00
2026-05-16T00:03:18.491729,22.20,0.00,100.00,100.00
2026-05-16T00:03:18.596033,12.50,0.00,100.00,100.00
2026-05-16T00:03:18.701314,25.00,0.00,100.00,100.00
2026-05-16T00:03:18.808695,63.60,70.00,100.00,100.00
2026-05-16T00:03:18.975879,76.90,86.70,89.50,100.00
2026-05-16T00:03:19.080570,50.00,50.00,42.90,100.00
2026-05-16T00:03:19.185431,50.00,37.50,55.60,100.00
2026-05-16T00:03:19.289461,66.70,57.10,42.90,100.00
2026-05-16T00:03:19.394275,44.40,28.60,50.00,100.00
2026-05-16T00:03:19.498981,50.00,42.90,55.60,100.00
2026-05-16T00:03:19.603264,55.60,55.60,50.00,100.00
2026-05-16T00:03:19.708499,42.90,42.90,55.60,100.00
2026-05-16T00:03:19.813869,50.00,50.00,33.30,100.00
2026-05-16T00:03:19.919206,55.60,42.90,55.60,100.00
2026-05-16T00:03:20.024619,42.90,50.00,50.00,100.00
2026-05-16T00:03:20.129810,50.00,50.00,42.90,100.00
2026-05-16T00:03:20.236425,55.60,42.90,60.00,100.00
2026-05-16T00:03:20.342137,50.00,50.00,50.00,100.00
2026-05-16T00:03:20.447847,55.60,57.10,55.60,100.00
2026-05-16T00:03:20.553357,50.00,37.50,42.90,100.00
2026-05-16T00:03:20.658902,62.50,42.90,50.00,100.00
2026-05-16T00:03:20.764059,60.00,50.00,50.00,100.00
2026-05-16T00:03:20.869813,55.60,42.90,66.70,100.00
2026-05-16T00:03:20.974441,55.60,42.90,37.50,100.00
2026-05-16T00:03:21.080245,55.60,50.00,55.60,100.00
2026-05-16T00:03:21.185127,50.00,37.50,62.50,100.00
2026-05-16T00:03:21.290025,57.10,50.00,37.50,100.00
2026-05-16T00:03:21.395480,37.50,44.40,42.90,100.00
2026-05-16T00:03:21.500572,50.00,42.90,42.90,100.00
2026-05-16T00:03:21.606375,55.60,28.60,50.00,100.00
2026-05-16T00:03:21.711208,50.00,50.00,42.90,100.00
2026-05-16T00:03:21.816387,50.00,42.90,55.60,100.00
2026-05-16T00:03:21.921271,66.70,50.00,57.10,100.00
2026-05-16T00:03:22.026540,50.00,50.00,42.90,100.00
2026-05-16T00:03:22.132100,55.60,50.00,50.00,100.00
2026-05-16T00:03:22.236952,50.00,37.50,42.90,100.00
2026-05-16T00:03:22.342581,50.00,42.90,50.00,100.00
2026-05-16T00:03:22.448002,50.00,37.50,50.00,100.00
2026-05-16T00:03:22.554488,50.00,50.00,42.90,100.00
2026-05-16T00:03:22.659327,55.60,42.90,55.60,100.00
2026-05-16T00:03:22.764000,55.60,44.40,42.90,100.00
2026-05-16T00:03:22.869453,42.90,42.90,50.00,100.00
2026-05-16T00:03:22.975180,55.60,42.90,55.60,100.00
2026-05-16T00:03:23.080615,50.00,44.40,42.90,100.00
2026-05-16T00:03:23.186175,55.60,42.90,50.00,100.00
2026-05-16T00:03:23.291455,50.00,42.90,57.10,100.00
2026-05-16T00:03:23.396982,55.60,50.00,50.00,100.00
2026-05-16T00:03:23.502177,50.00,42.90,55.60,100.00
2026-05-16T00:03:23.608064,37.50,44.40,37.50,100.00
2026-05-16T00:03:23.713092,50.00,50.00,50.00,100.00
2026-05-16T00:03:23.817262,44.40,28.60,28.60,100.00
2026-05-16T00:03:23.922004,33.30,28.60,28.60,100.00
2026-05-16T00:03:24.026812,28.60,25.00,50.00,100.00
2026-05-16T00:03:24.132207,44.40,16.70,28.60,100.00
2026-05-16T00:03:24.237236,37.50,37.50,44.40,100.00
2026-05-16T00:03:24.341821,44.40,37.50,28.60,100.00
2026-05-16T00:03:24.446054,16.70,16.70,28.60,100.00
2026-05-16T00:03:24.551540,28.60,25.00,37.50,100.00
2026-05-16T00:03:24.656460,37.50,28.60,28.60,100.00
2026-05-16T00:03:24.761604,44.40,37.50,37.50,100.00
2026-05-16T00:03:24.867301,28.60,37.50,28.60,100.00
2026-05-16T00:03:24.972035,28.60,28.60,28.60,100.00
2026-05-16T00:03:25.076849,37.50,14.30,37.50,100.00
2026-05-16T00:03:25.181848,28.60,37.50,37.50,100.00
2026-05-16T00:03:25.286779,50.00,37.50,44.40,100.00
2026-05-16T00:03:25.392139,28.60,28.60,28.60,100.00
2026-05-16T00:03:25.497174,28.60,25.00,37.50,100.00
2026-05-16T00:03:25.602016,44.40,16.70,25.00,100.00
2026-05-16T00:03:25.706587,33.30,25.00,28.60,100.00
2026-05-16T00:03:25.811025,16.70,28.60,28.60,100.00
2026-05-16T00:03:25.915802,44.40,25.00,33.30,100.00
2026-05-16T00:03:26.020403,37.50,37.50,16.70,100.00
2026-05-16T00:03:26.124638,50.00,16.70,37.50,100.00
2026-05-16T00:03:26.229707,28.60,28.60,28.60,100.00
2026-05-16T00:03:26.334389,37.50,28.60,44.40,100.00
2026-05-16T00:03:26.438477,37.50,33.30,37.50,100.00
2026-05-16T00:03:26.542809,28.60,28.60,16.70,100.00
2026-05-16T00:03:26.647155,28.60,28.60,28.60,100.00
2026-05-16T00:03:26.752967,37.50,25.00,37.50,100.00
2026-05-16T00:03:26.858225,28.60,37.50,33.30,100.00
2026-05-16T00:03:26.962726,37.50,28.60,28.60,100.00
2026-05-16T00:03:27.067285,25.00,28.60,28.60,100.00
2026-05-16T00:03:27.172494,42.90,44.40,37.50,100.00
2026-05-16T00:03:27.277908,44.40,33.30,28.60,100.00
2026-05-16T00:03:27.382131,33.30,16.70,28.60,100.00
2026-05-16T00:03:27.487590,50.00,37.50,37.50,100.00
2026-05-16T00:03:27.592344,37.50,28.60,28.60,100.00
2026-05-16T00:03:27.696564,37.50,37.50,42.90,100.00
2026-05-16T00:03:27.800991,37.50,25.00,37.50,100.00
2026-05-16T00:03:27.905891,28.60,16.70,25.00,100.00
2026-05-16T00:03:28.010500,37.50,40.00,37.50,100.00
2026-05-16T00:03:28.115273,28.60,16.70,28.60,100.00
2026-05-16T00:03:28.221606,44.40,37.50,37.50,100.00
2026-05-16T00:03:28.326884,28.60,28.60,42.90,100.00
2026-05-16T00:03:28.431536,42.90,25.00,37.50,100.00
2026-05-16T00:03:28.536106,40.00,28.60,25.00,100.00
2026-05-16T00:03:28.640808,37.50,16.70,28.60,100.00
2026-05-16T00:03:28.745598,28.60,33.30,28.60,100.00
2026-05-16T00:03:28.850719,25.00,25.00,25.00,100.00
2026-05-16T00:03:28.956166,37.50,25.00,0.00,100.00
2026-05-16T00:03:29.060224,22.20,0.00,14.30,100.00
2026-05-16T00:03:29.164516,28.60,33.30,25.00,100.00
2026-05-16T00:03:29.269739,22.20,14.30,14.30,100.00
2026-05-16T00:03:29.374024,28.60,0.00,14.30,100.00
2026-05-16T00:03:29.478596,12.50,14.30,22.20,100.00
2026-05-16T00:03:29.582366,28.60,22.20,0.00,100.00
2026-05-16T00:03:29.687408,25.00,14.30,37.50,100.00
2026-05-16T00:03:29.791287,25.00,0.00,14.30,100.00
2026-05-16T00:03:29.896575,33.30,25.00,14.30,100.00
2026-05-16T00:03:30.000818,14.30,0.00,0.00,100.00
2026-05-16T00:03:30.104979,33.30,25.00,33.30,100.00
2026-05-16T00:03:30.209370,33.30,22.20,14.30,100.00
2026-05-16T00:03:30.314252,25.00,14.30,25.00,100.00
2026-05-16T00:03:30.418598,25.00,14.30,14.30,100.00
2026-05-16T00:03:30.523211,25.00,25.00,0.00,100.00
2026-05-16T00:03:30.627619,25.00,25.00,22.20,100.00
2026-05-16T00:03:30.731913,0.00,0.00,16.70,100.00
2026-05-16T00:03:30.836090,33.30,25.00,25.00,100.00
2026-05-16T00:03:30.940195,14.30,25.00,14.30,100.00
2026-05-16T00:03:31.045460,25.00,14.30,14.30,100.00
2026-05-16T00:03:31.149736,14.30,12.50,25.00,100.00
2026-05-16T00:03:31.254715,33.30,25.00,14.30,100.00
2026-05-16T00:03:31.358964,14.30,25.00,25.00,100.00
2026-05-16T00:03:31.463707,33.30,0.00,25.00,100.00
2026-05-16T00:03:31.568622,14.30,25.00,0.00,100.00
2026-05-16T00:03:31.672497,14.30,12.50,25.00,100.00
2026-05-16T00:03:31.776692,33.30,25.00,14.30,100.00
2026-05-16T00:03:31.880960,14.30,25.00,25.00,100.00
2026-05-16T00:03:31.984899,14.30,0.00,14.30,100.00
2026-05-16T00:03:32.094637,33.30,33.30,14.30,100.00
2026-05-16T00:03:32.198862,37.50,14.30,28.60,100.00
2026-05-16T00:03:32.302999,25.00,12.50,14.30,100.00
2026-05-16T00:03:32.407574,14.30,14.30,25.00,100.00
2026-05-16T00:03:32.512554,33.30,25.00,25.00,100.00
2026-05-16T00:03:32.617524,25.00,14.30,14.30,100.00
2026-05-16T00:03:32.721885,25.00,14.30,25.00,100.00
2026-05-16T00:03:32.826048,25.00,25.00,0.00,100.00
2026-05-16T00:03:32.930238,25.00,14.30,25.00,100.00
2026-05-16T00:03:33.034290,14.30,12.50,14.30,100.00
2026-05-16T00:03:33.139497,33.30,14.30,25.00,100.00
2026-05-16T00:03:33.244473,14.30,25.00,14.30,100.00
2026-05-16T00:03:33.348711,25.00,22.20,25.00,100.00
2026-05-16T00:03:33.452886,14.30,14.30,25.00,100.00
2026-05-16T00:03:33.558202,25.00,25.00,14.30,100.00
2026-05-16T00:03:33.662826,25.00,14.30,25.00,100.00
2026-05-16T00:03:33.767382,25.00,25.00,25.00,100.00
2026-05-16T00:03:33.871995,25.00,14.30,14.30,100.00
2026-05-16T00:03:33.976589,37.50,14.30,16.70,100.00
2026-05-16T00:03:34.080716,0.00,14.30,33.30,100.00
2026-05-16T00:03:34.185918,37.50,25.00,14.30,100.00
2026-05-16T00:03:34.290319,33.30,33.30,28.60,100.00
2026-05-16T00:03:34.394873,25.00,14.30,14.30,100.00
2026-05-16T00:03:34.499544,37.50,16.70,33.30,100.00
2026-05-16T00:03:34.603940,25.00,25.00,0.00,100.00
2026-05-16T00:03:34.709332,25.00,25.00,28.60,100.00
2026-05-16T00:03:34.814012,28.60,14.30,33.30,100.00
2026-05-16T00:03:34.918979,33.30,14.30,28.60,100.00
2026-05-16T00:03:35.023245,16.70,28.60,0.00,100.00
2026-05-16T00:03:35.128629,33.30,25.00,37.50,100.00
2026-05-16T00:03:35.233846,28.60,28.60,25.00,100.00
2026-05-16T00:03:35.338908,33.30,33.30,28.60,100.00
2026-05-16T00:03:35.443707,37.50,16.70,28.60,100.00
2026-05-16T00:03:35.547909,25.00,14.30,25.00,100.00
2026-05-16T00:03:35.652186,33.30,33.30,14.30,100.00
2026-05-16T00:03:35.756680,37.50,25.00,14.30,100.00
2026-05-16T00:03:35.860920,14.30,25.00,28.60,100.00
2026-05-16T00:03:35.965747,33.30,33.30,33.30,100.00
2026-05-16T00:03:36.070951,28.60,14.30,14.30,100.00
2026-05-16T00:03:36.176182,33.30,16.70,37.50,100.00
2026-05-16T00:03:36.280819,16.70,33.30,14.30,100.00
2026-05-16T00:03:36.385844,33.30,25.00,28.60,100.00
2026-05-16T00:03:36.490976,28.60,0.00,33.30,100.00
2026-05-16T00:03:36.596196,55.60,50.00,50.00,100.00
2026-05-16T00:03:36.701265,50.00,100.00,50.00,100.00
2026-05-16T00:03:36.806453,28.60,100.00,33.30,100.00
2026-05-16T00:03:36.911525,55.60,100.00,37.50,100.00
2026-05-16T00:03:37.016620,75.00,75.00,62.50,100.00
2026-05-16T00:03:37.121741,42.90,57.10,62.50,100.00
2026-05-16T00:03:37.226633,42.90,37.50,50.00,100.00
2026-05-16T00:03:37.330811,33.30,25.00,25.00,100.00
2026-05-16T00:03:37.435354,28.60,25.00,37.50,100.00
2026-05-16T00:03:37.541295,25.00,28.60,14.30,100.00
2026-05-16T00:03:37.645227,37.50,25.00,37.50,100.00
2026-05-16T00:03:37.749687,37.50,16.70,28.60,100.00
2026-05-16T00:03:37.854148,25.00,14.30,14.30,100.00
2026-05-16T00:03:37.959456,28.60,14.30,25.00,100.00
2026-05-16T00:03:38.063897,14.30,25.00,14.30,100.00
2026-05-16T00:03:38.168689,40.00,25.00,37.50,100.00
2026-05-16T00:03:38.272573,25.00,33.30,25.00,100.00
2026-05-16T00:03:38.377427,28.60,14.30,14.30,100.00
2026-05-16T00:03:38.482519,25.00,25.00,25.00,100.00
2026-05-16T00:03:38.587149,33.30,28.60,14.30,100.00
2026-05-16T00:03:38.691807,28.60,25.00,37.50,100.00
2026-05-16T00:03:38.796197,14.30,12.50,33.30,100.00
2026-05-16T00:03:38.900375,12.50,22.20,0.00,100.00
2026-05-16T00:03:39.004323,12.50,0.00,0.00,100.00
2026-05-16T00:03:39.108819,0.00,0.00,0.00,100.00
2026-05-16T00:03:39.212542,22.20,12.50,22.20,100.00
2026-05-16T00:03:39.317424,25.00,22.20,14.30,100.00
2026-05-16T00:03:39.421368,12.50,0.00,0.00,100.00
2026-05-16T00:03:39.525682,22.20,20.00,22.20,100.00
2026-05-16T00:03:39.629667,12.50,0.00,0.00,100.00
2026-05-16T00:03:39.733361,30.00,0.00,12.50,100.00
2026-05-16T00:03:39.837228,0.00,25.00,0.00,100.00
2026-05-16T00:03:39.941135,22.20,12.50,25.00,100.00
2026-05-16T00:03:40.045001,12.50,12.50,12.50,100.00
2026-05-16T00:03:40.149051,30.00,12.50,12.50,100.00
2026-05-16T00:03:40.253481,0.00,12.50,12.50,100.00
2026-05-16T00:03:40.357566,22.20,0.00,0.00,100.00
2026-05-16T00:03:40.461611,22.20,12.50,0.00,100.00
2026-05-16T00:03:40.565601,0.00,12.50,25.00,100.00
2026-05-16T00:03:40.670259,12.50,0.00,12.50,100.00
2026-05-16T00:03:40.839871,42.90,25.00,38.50,100.00
2026-05-16T00:03:40.943799,33.30,12.50,100.00,100.00
2026-05-16T00:03:41.047694,14.30,25.00,100.00,100.00
2026-05-16T00:03:41.151628,33.30,14.30,100.00,100.00
2026-05-16T00:03:41.256273,14.30,16.70,100.00,100.00
2026-05-16T00:03:41.361601,14.30,25.00,100.00,100.00
2026-05-16T00:03:41.466232,25.00,16.70,100.00,100.00
2026-05-16T00:03:41.571011,12.50,25.00,100.00,100.00
2026-05-16T00:03:41.675556,25.00,16.70,100.00,100.00
2026-05-16T00:03:41.780375,25.00,25.00,100.00,100.00
2026-05-16T00:03:41.884814,25.00,0.00,100.00,100.00
2026-05-16T00:03:41.989204,14.30,28.60,100.00,100.00
2026-05-16T00:03:42.093807,14.30,0.00,100.00,100.00
2026-05-16T00:03:42.198834,22.20,25.00,100.00,100.00
2026-05-16T00:03:42.303402,25.00,0.00,100.00,100.00
2026-05-16T00:03:42.407879,0.00,25.00,100.00,100.00
2026-05-16T00:03:42.512034,36.40,0.00,100.00,100.00
2026-05-16T00:03:42.616358,0.00,33.30,100.00,100.00
2026-05-16T00:03:42.720743,14.30,14.30,100.00,100.00
2026-05-16T00:03:42.824807,25.00,25.00,100.00,100.00
2026-05-16T00:03:42.929600,22.20,14.30,100.00,100.00
2026-05-16T00:03:43.033726,0.00,14.30,100.00,100.00
2026-05-16T00:03:43.138487,25.00,25.00,100.00,100.00
2026-05-16T00:03:43.243484,25.00,16.70,100.00,100.00
2026-05-16T00:03:43.347928,25.00,25.00,100.00,100.00
2026-05-16T00:03:43.452614,22.20,0.00,100.00,100.00
2026-05-16T00:03:43.557109,25.00,14.30,100.00,100.00
2026-05-16T00:03:43.661316,14.30,28.60,100.00,100.00
2026-05-16T00:03:43.767572,28.60,42.90,100.00,100.00
2026-05-16T00:03:43.872745,77.80,55.60,100.00,100.00
2026-05-16T00:03:43.978709,50.00,75.00,100.00,100.00
2026-05-16T00:03:44.084019,55.60,70.00,100.00,100.00
2026-05-16T00:03:44.189361,55.60,66.70,100.00,100.00
2026-05-16T00:03:44.293944,33.30,70.00,100.00,100.00
2026-05-16T00:03:44.398286,50.00,50.00,100.00,100.00
2026-05-16T00:03:44.503212,66.70,57.10,100.00,100.00
2026-05-16T00:03:44.607692,50.00,57.10,100.00,100.00
2026-05-16T00:03:44.711545,57.10,55.60,100.00,100.00
2026-05-16T00:03:44.816570,55.60,50.00,100.00,100.00
2026-05-16T00:03:44.921770,50.00,42.90,100.00,100.00
2026-05-16T00:03:45.026756,42.90,62.50,100.00,100.00
2026-05-16T00:03:45.133301,62.50,62.50,100.00,100.00
2026-05-16T00:03:45.237670,55.60,62.50,100.00,100.00
2026-05-16T00:03:45.343532,57.10,62.50,100.00,100.00
2026-05-16T00:03:45.449724,42.90,60.00,100.00,100.00
2026-05-16T00:03:45.554933,66.70,57.10,100.00,100.00
2026-05-16T00:03:45.660273,66.70,50.00,100.00,100.00
2026-05-16T00:03:45.767462,77.80,75.00,100.00,100.00
2026-05-16T00:03:45.874591,75.00,62.50,100.00,100.00
2026-05-16T00:03:45.979975,55.60,66.70,100.00,100.00
2026-05-16T00:03:46.083983,57.10,50.00,100.00,100.00
2026-05-16T00:03:46.188618,70.00,70.00,100.00,100.00
2026-05-16T00:03:46.293246,62.50,75.00,100.00,100.00
2026-05-16T00:03:46.398290,50.00,50.00,100.00,100.00
2026-05-16T00:03:46.502248,62.50,57.10,100.00,100.00
2026-05-16T00:03:46.609268,57.10,57.10,100.00,100.00
2026-05-16T00:03:46.714658,66.70,50.00,100.00,100.00
2026-05-16T00:03:46.819415,57.10,50.00,100.00,100.00
2026-05-16T00:03:46.926029,50.00,55.60,100.00,100.00
2026-05-16T00:03:47.032213,57.10,62.50,100.00,100.00
2026-05-16T00:03:47.137157,62.50,42.90,100.00,100.00
2026-05-16T00:03:47.242043,62.50,66.70,100.00,100.00
2026-05-16T00:03:47.346836,50.00,57.10,100.00,100.00
2026-05-16T00:03:47.451275,57.10,57.10,100.00,100.00
2026-05-16T00:03:47.556793,62.50,62.50,100.00,100.00
2026-05-16T00:03:47.664021,75.00,75.00,100.00,100.00
2026-05-16T00:03:47.768702,60.00,62.50,100.00,100.00
2026-05-16T00:03:47.875162,62.50,77.80,100.00,100.00
2026-05-16T00:03:47.980426,71.40,62.50,100.00,100.00
2026-05-16T00:03:48.085915,66.70,62.50,100.00,100.00
2026-05-16T00:03:48.191824,66.70,62.50,100.00,100.00
2026-05-16T00:03:48.297873,71.40,57.10,100.00,100.00
2026-05-16T00:03:48.403453,62.50,70.00,100.00,100.00
2026-05-16T00:03:48.507824,70.00,75.00,100.00,100.00
2026-05-16T00:03:48.613904,75.00,62.50,100.00,100.00
2026-05-16T00:03:48.722211,62.50,62.50,100.00,100.00
2026-05-16T00:03:48.826741,77.80,88.90,100.00,100.00
2026-05-16T00:03:48.931563,75.00,77.80,100.00,100.00
2026-05-16T00:03:49.036141,80.00,75.00,100.00,100.00
2026-05-16T00:03:49.234535,81.20,78.90,94.70,100.00
2026-05-16T00:03:49.340205,55.60,42.90,50.00,30.00
2026-05-16T00:03:49.445525,50.00,55.60,50.00,20.00
2026-05-16T00:03:49.551020,57.10,37.50,57.10,11.10
2026-05-16T00:03:49.656503,50.00,42.90,50.00,27.30
2026-05-16T00:03:49.760782,50.00,44.40,50.00,11.10
2026-05-16T00:03:49.865201,44.40,42.90,50.00,12.50
2026-05-16T00:03:49.970281,42.90,28.60,28.60,20.00
2026-05-16T00:03:50.075025,50.00,44.40,55.60,20.00
2026-05-16T00:03:50.180004,50.00,50.00,57.10,11.10
2026-05-16T00:03:50.284316,50.00,28.60,50.00,20.00
2026-05-16T00:03:50.388745,55.60,42.90,44.40,11.10
2026-05-16T00:03:50.493138,50.00,37.50,42.90,20.00
2026-05-16T00:03:50.597969,50.00,37.50,50.00,20.00
2026-05-16T00:03:50.701967,55.60,44.40,42.90,22.20
2026-05-16T00:03:50.807740,55.60,42.90,50.00,10.00
2026-05-16T00:03:50.912188,50.00,28.60,55.60,22.20
2026-05-16T00:03:51.017634,50.00,37.50,44.40,11.10
2026-05-16T00:03:51.121682,42.90,50.00,62.50,20.00
2026-05-16T00:03:51.227242,55.60,50.00,44.40,20.00
2026-05-16T00:03:51.331244,42.90,37.50,50.00,12.50
2026-05-16T00:03:51.435538,42.90,50.00,42.90,20.00
2026-05-16T00:03:51.541186,50.00,28.60,44.40,20.00
2026-05-16T00:03:51.646113,50.00,42.90,55.60,11.10
2026-05-16T00:03:51.751219,55.60,37.50,55.60,20.00
2026-05-16T00:03:51.856405,42.90,50.00,42.90,22.20
2026-05-16T00:03:51.960916,50.00,37.50,55.60,11.10
2026-05-16T00:03:52.065016,50.00,44.40,50.00,20.00
2026-05-16T00:03:52.170538,50.00,42.90,44.40,20.00
2026-05-16T00:03:52.274773,55.60,44.40,50.00,20.00
2026-05-16T00:03:52.378551,50.00,42.90,55.60,12.50
2026-05-16T00:03:52.482737,55.60,37.50,42.90,20.00
2026-05-16T00:03:52.588181,42.90,42.90,42.90,11.10
2026-05-16T00:03:52.692420,50.00,28.60,42.90,20.00
2026-05-16T00:03:52.796366,50.00,50.00,37.50,20.00
2026-05-16T00:03:52.901192,42.90,28.60,50.00,20.00
2026-05-16T00:03:53.005500,55.60,37.50,50.00,11.10
2026-05-16T00:03:53.109715,42.90,42.90,42.90,11.10
2026-05-16T00:03:53.214018,55.60,37.50,60.00,20.00
2026-05-16T00:03:53.318429,55.60,42.90,33.30,12.50
2026-05-16T00:03:53.423526,42.90,44.40,50.00,11.10
2026-05-16T00:03:53.528182,50.00,37.50,55.60,20.00
2026-05-16T00:03:53.633535,42.90,42.90,50.00,20.00
2026-05-16T00:03:53.737248,55.60,37.50,50.00,11.10
2026-05-16T00:03:53.841701,37.50,25.00,33.30,27.30
2026-05-16T00:03:53.947193,25.00,16.70,16.70,11.10
2026-05-16T00:03:54.052826,28.60,25.00,14.30,20.00
2026-05-16T00:03:54.156535,44.40,33.30,44.40,11.10
2026-05-16T00:03:54.260549,14.30,14.30,0.00,20.00
2026-05-16T00:03:54.364493,37.50,28.60,25.00,10.00
2026-05-16T00:03:54.468850,14.30,14.30,28.60,11.10
2026-05-16T00:03:54.572575,37.50,14.30,25.00,11.10
2026-05-16T00:03:54.676858,37.50,25.00,37.50,20.00
2026-05-16T00:03:54.781273,28.60,25.00,33.30,11.10
2026-05-16T00:03:54.885347,0.00,25.00,0.00,18.20
2026-05-16T00:03:54.989431,44.40,16.70,25.00,11.10
2026-05-16T00:03:55.093655,28.60,25.00,37.50,22.20
2026-05-16T00:03:55.197681,25.00,25.00,16.70,20.00
2026-05-16T00:03:55.301948,37.50,28.60,44.40,20.00
2026-05-16T00:03:55.406720,28.60,25.00,25.00,11.10
2026-05-16T00:03:55.511283,28.60,25.00,28.60,20.00
2026-05-16T00:03:55.615525,33.30,44.40,37.50,11.10
2026-05-16T00:03:55.719970,28.60,14.30,25.00,20.00
2026-05-16T00:03:55.825041,25.00,14.30,28.60,10.00
2026-05-16T00:03:55.929952,28.60,25.00,25.00,20.00
2026-05-16T00:03:56.034551,37.50,25.00,14.30,11.10
2026-05-16T00:03:56.140151,33.30,14.30,37.50,18.20
2026-05-16T00:03:56.244556,37.50,25.00,28.60,20.00
2026-05-16T00:03:56.349203,16.70,28.60,28.60,20.00
2026-05-16T00:03:56.452997,25.00,14.30,25.00,11.10
2026-05-16T00:03:56.556962,37.50,14.30,28.60,11.10
2026-05-16T00:03:56.662224,37.50,33.30,33.30,20.00
2026-05-16T00:03:56.766774,25.00,14.30,28.60,11.10
2026-05-16T00:03:56.870906,28.60,28.60,25.00,20.00
2026-05-16T00:03:56.974985,25.00,0.00,37.50,10.00
2026-05-16T00:03:57.078967,25.00,25.00,14.30,20.00
2026-05-16T00:03:57.183157,28.60,33.30,28.60,11.10
2026-05-16T00:03:57.286929,16.70,14.30,25.00,20.00
2026-05-16T00:03:57.391070,40.00,14.30,14.30,11.10
2026-05-16T00:03:57.495848,37.50,28.60,28.60,11.10
2026-05-16T00:03:57.600087,37.50,33.30,28.60,11.10
2026-05-16T00:03:57.704183,28.60,28.60,28.60,36.40
2026-05-16T00:03:57.808473,25.00,25.00,25.00,11.10
2026-05-16T00:03:57.912407,28.60,25.00,28.60,20.00
2026-05-16T00:03:58.017362,14.30,25.00,25.00,11.10
2026-05-16T00:03:58.121631,44.40,14.30,25.00,20.00
2026-05-16T00:03:58.226265,16.70,25.00,37.50,18.20
2026-05-16T00:03:58.330255,33.30,28.60,14.30,11.10
2026-05-16T00:03:58.434971,28.60,14.30,37.50,11.10
2026-05-16T00:03:58.539446,37.50,14.30,14.30,22.20
2026-05-16T00:03:58.643709,14.30,33.30,37.50,20.00
2026-05-16T00:03:58.748235,28.60,25.00,16.70,20.00
2026-05-16T00:03:58.852902,37.50,14.30,25.00,10.00
2026-05-16T00:03:58.957719,25.00,14.30,28.60,11.10
2026-05-16T00:03:59.061742,28.60,25.00,33.30,11.10
2026-05-16T00:03:59.165967,25.00,25.00,28.60,25.00
2026-05-16T00:03:59.270293,28.60,14.30,14.30,11.10
2026-05-16T00:03:59.375658,14.30,25.00,37.50,11.10
2026-05-16T00:03:59.479898,28.60,25.00,14.30,11.10
2026-05-16T00:03:59.584523,40.00,25.00,28.60,18.20
2026-05-16T00:03:59.689086,16.70,25.00,33.30,20.00
2026-05-16T00:03:59.792835,37.50,14.30,28.60,11.10
2026-05-16T00:03:59.896509,25.00,25.00,25.00,10.00
2026-05-16T00:04:00.000876,28.60,14.30,14.30,11.10
2026-05-16T00:04:00.105572,25.00,14.30,28.60,11.10
2026-05-16T00:04:00.210422,28.60,33.30,33.30,10.00
2026-05-16T00:04:00.314387,25.00,14.30,0.00,20.00
2026-05-16T00:04:00.418364,44.40,14.30,25.00,11.10
2026-05-16T00:04:00.524902,33.30,25.00,37.50,20.00
2026-05-16T00:04:00.628583,28.60,28.60,25.00,20.00
2026-05-16T00:04:00.732630,25.00,14.30,16.70,11.10
2026-05-16T00:04:00.836465,16.70,25.00,25.00,11.10
2026-05-16T00:04:00.940994,37.50,14.30,28.60,10.00
2026-05-16T00:04:01.045851,33.30,25.00,25.00,20.00
2026-05-16T00:04:01.150808,16.70,33.30,37.50,20.00
2026-05-16T00:04:01.254973,37.50,0.00,28.60,11.10
2026-05-16T00:04:01.359294,25.00,25.00,25.00,20.00
2026-05-16T00:04:01.464652,28.60,14.30,25.00,10.00
2026-05-16T00:04:01.568642,14.30,25.00,16.70,11.10
2026-05-16T00:04:01.672618,25.00,14.30,25.00,20.00
2026-05-16T00:04:01.776531,37.50,25.00,25.00,20.00
2026-05-16T00:04:01.880351,14.30,0.00,0.00,11.10
2026-05-16T00:04:01.984818,16.70,33.30,25.00,10.00
2026-05-16T00:04:02.088800,14.30,25.00,28.60,20.00
2026-05-16T00:04:02.193109,37.50,14.30,25.00,20.00
2026-05-16T00:04:02.297469,40.00,25.00,16.70,20.00
2026-05-16T00:04:02.402483,28.60,28.60,33.30,11.10
2026-05-16T00:04:02.506646,25.00,25.00,28.60,10.00
2026-05-16T00:04:02.610746,16.70,0.00,0.00,20.00
2026-05-16T00:04:02.715220,25.00,33.30,28.60,11.10
2026-05-16T00:04:02.819463,33.30,25.00,14.30,11.10
2026-05-16T00:04:02.923611,28.60,25.00,25.00,20.00
2026-05-16T00:04:03.027580,25.00,14.30,28.60,18.20
2026-05-16T00:04:03.131446,37.50,14.30,25.00,12.50
2026-05-16T00:04:03.236154,25.00,33.30,16.70,20.00
2026-05-16T00:04:03.341354,16.70,14.30,37.50,11.10
2026-05-16T00:04:03.446966,33.30,25.00,25.00,20.00
2026-05-16T00:04:03.551956,25.00,25.00,37.50,10.00
2026-05-16T00:04:03.656528,16.70,16.70,25.00,30.00
2026-05-16T00:04:03.761952,55.60,50.00,42.90,20.00
2026-05-16T00:04:03.868314,77.80,62.50,72.70,20.00
2026-05-16T00:04:03.973288,66.70,62.50,71.40,12.50
2026-05-16T00:04:04.078253,80.00,55.60,62.50,11.10
2026-05-16T00:04:04.182727,66.70,62.50,77.80,22.20
2026-05-16T00:04:04.288321,75.00,66.70,66.70,27.30
2026-05-16T00:04:04.393642,80.00,75.00,77.80,12.50
2026-05-16T00:04:04.498891,70.00,62.50,66.70,30.00
2026-05-16T00:04:04.603535,75.00,55.60,75.00,11.10
2026-05-16T00:04:04.709516,70.00,62.50,70.00,20.00
2026-05-16T00:04:04.814335,90.00,80.00,75.00,22.20
2026-05-16T00:04:04.919421,70.00,50.00,66.70,27.30
2026-05-16T00:04:05.024562,57.10,66.70,66.70,22.20
2026-05-16T00:04:05.129931,80.00,71.40,80.00,27.30
2026-05-16T00:04:05.234728,77.80,70.00,80.00,22.20
2026-05-16T00:04:05.339103,77.80,70.00,77.80,22.20
2026-05-16T00:04:05.444237,77.80,62.50,70.00,20.00
2026-05-16T00:04:05.550191,70.00,62.50,75.00,22.20
2026-05-16T00:04:05.655783,80.00,62.50,62.50,30.00
2026-05-16T00:04:05.761675,80.00,66.70,80.00,27.30
2026-05-16T00:04:05.867408,77.80,70.00,66.70,22.20
2026-05-16T00:04:05.972038,66.70,66.70,62.50,11.10
2026-05-16T00:04:06.076487,75.00,57.10,70.00,27.30
2026-05-16T00:04:06.181039,70.00,70.00,71.40,22.20
2026-05-16T00:04:06.285580,66.70,62.50,70.00,11.10
2026-05-16T00:04:06.390293,80.00,62.50,70.00,12.50
2026-05-16T00:04:06.496576,80.00,62.50,75.00,27.30
2026-05-16T00:04:06.602344,77.80,70.00,77.80,11.10
2026-05-16T00:04:06.707523,80.00,66.70,77.80,22.20
2026-05-16T00:04:06.812348,80.00,77.80,70.00,22.20
2026-05-16T00:04:06.917484,77.80,70.00,80.00,20.00
2026-05-16T00:04:07.023875,81.80,62.50,77.80,12.50
2026-05-16T00:04:07.129927,77.80,66.70,77.80,20.00
2026-05-16T00:04:07.235203,77.80,75.00,70.00,22.20
2026-05-16T00:04:07.345870,70.00,55.60,80.00,27.30
2026-05-16T00:04:07.452673,77.80,66.70,66.70,22.20
2026-05-16T00:04:07.558249,62.50,62.50,75.00,20.00
2026-05-16T00:04:07.663460,80.00,62.50,77.80,22.20
2026-05-16T00:04:07.768253,70.00,77.80,75.00,40.00
2026-05-16T00:04:07.873170,75.00,62.50,75.00,11.10
2026-05-16T00:04:07.978471,70.00,57.10,62.50,20.00
2026-05-16T00:04:08.083400,75.00,62.50,77.80,22.20
2026-05-16T00:04:08.187735,77.80,60.00,66.70,20.00
2026-05-16T00:04:08.292564,70.00,75.00,77.80,22.20
2026-05-16T00:04:08.397390,77.80,62.50,80.00,22.20
2026-05-16T00:04:08.502340,80.00,66.70,62.50,20.00
2026-05-16T00:04:08.607027,62.50,62.50,70.00,11.10
2026-05-16T00:04:08.711238,77.80,66.70,75.00,22.20
2026-05-16T00:04:08.836452,0.00,9.10,16.70,16.70
2026-05-16T00:04:08.939724,18.20,0.00,9.10,100.00
2026-05-16T00:04:09.042736,0.00,16.70,0.00,100.00
2026-05-16T00:04:09.146215,25.00,0.00,0.00,100.00
2026-05-16T00:04:09.249555,25.00,0.00,0.00,100.00
2026-05-16T00:04:09.353152,10.00,10.00,0.00,100.00
2026-05-16T00:04:09.456443,0.00,0.00,9.10,100.00
2026-05-16T00:04:09.559602,10.00,10.00,0.00,100.00
2026-05-16T00:04:09.662880,18.20,9.10,0.00,100.00
2026-05-16T00:04:09.766156,10.00,20.00,0.00,100.00
2026-05-16T00:04:09.869905,0.00,0.00,0.00,100.00
2026-05-16T00:04:09.973173,10.00,10.00,0.00,100.00
2026-05-16T00:04:10.076287,0.00,0.00,10.00,100.00
2026-05-16T00:04:10.179525,10.00,9.10,10.00,100.00
2026-05-16T00:04:10.282662,0.00,0.00,0.00,100.00
2026-05-16T00:04:10.385720,10.00,0.00,0.00,100.00
2026-05-16T00:04:10.488885,16.70,10.00,0.00,100.00
2026-05-16T00:04:10.591986,10.00,0.00,0.00,100.00
2026-05-16T00:04:10.695290,20.00,0.00,0.00,100.00
2026-05-16T00:04:10.858033,23.50,20.00,37.50,100.00
2026-05-16T00:04:10.961410,10.00,10.00,100.00,100.00
2026-05-16T00:04:11.064794,18.20,9.10,100.00,100.00
2026-05-16T00:04:11.168491,18.20,0.00,100.00,100.00
2026-05-16T00:04:11.272251,30.80,20.00,100.00,100.00
2026-05-16T00:04:11.375740,10.00,0.00,100.00,100.00
2026-05-16T00:04:11.479443,18.20,10.00,100.00,100.00
2026-05-16T00:04:11.583095,18.20,10.00,100.00,100.00
2026-05-16T00:04:11.687510,18.20,0.00,100.00,100.00
2026-05-16T00:04:11.790795,27.30,0.00,100.00,100.00
2026-05-16T00:04:11.894188,18.20,0.00,100.00,100.00
2026-05-16T00:04:11.997846,18.20,0.00,100.00,100.00
2026-05-16T00:04:12.101330,18.20,0.00,100.00,100.00
2026-05-16T00:04:12.204949,10.00,18.20,100.00,100.00
2026-05-16T00:04:12.308327,25.00,0.00,100.00,100.00
2026-05-16T00:04:12.411802,18.20,0.00,100.00,100.00
2026-05-16T00:04:12.515427,25.00,0.00,100.00,100.00
2026-05-16T00:04:12.619200,18.20,0.00,100.00,100.00
2026-05-16T00:04:12.722511,25.00,10.00,100.00,100.00
2026-05-16T00:04:12.826038,25.00,18.20,100.00,100.00
2026-05-16T00:04:12.929657,18.20,0.00,100.00,100.00
2026-05-16T00:04:13.033307,10.00,0.00,100.00,100.00
2026-05-16T00:04:13.137175,16.70,18.20,100.00,100.00
2026-05-16T00:04:13.241000,20.00,0.00,100.00,100.00
2026-05-16T00:04:13.344709,18.20,0.00,100.00,100.00
2026-05-16T00:04:13.448361,9.10,11.10,100.00,100.00
2026-05-16T00:04:13.551825,25.00,0.00,100.00,100.00
2026-05-16T00:04:13.655754,18.20,0.00,100.00,100.00
2026-05-16T00:04:13.759650,27.30,0.00,100.00,100.00
2026-05-16T00:04:13.863909,25.00,11.10,100.00,100.00
2026-05-16T00:04:13.967310,11.10,20.00,100.00,100.00
2026-05-16T00:04:14.071049,27.30,0.00,100.00,100.00
2026-05-16T00:04:14.174945,18.20,11.10,100.00,100.00
2026-05-16T00:04:14.278801,20.00,12.50,100.00,100.00
2026-05-16T00:04:14.382614,20.00,0.00,100.00,100.00
2026-05-16T00:04:14.486035,20.00,0.00,100.00,100.00
2026-05-16T00:04:14.590429,30.00,0.00,100.00,100.00
2026-05-16T00:04:14.694666,10.00,20.00,100.00,100.00
2026-05-16T00:04:14.798160,20.00,0.00,100.00,100.00
2026-05-16T00:04:14.901782,27.30,12.50,100.00,100.00
2026-05-16T00:04:15.006004,11.10,0.00,100.00,100.00
2026-05-16T00:04:15.109929,20.00,0.00,100.00,100.00
2026-05-16T00:04:15.213878,33.30,11.10,100.00,100.00
2026-05-16T00:04:15.317799,27.30,0.00,100.00,100.00
2026-05-16T00:04:15.421790,20.00,10.00,100.00,100.00
2026-05-16T00:04:15.525563,20.00,0.00,100.00,100.00
2026-05-16T00:04:15.629237,33.30,0.00,100.00,100.00
2026-05-16T00:04:15.733136,20.00,0.00,100.00,100.00
2026-05-16T00:04:15.836601,18.20,0.00,100.00,100.00
2026-05-16T00:04:15.940117,20.00,11.10,100.00,100.00
2026-05-16T00:04:16.043666,11.10,0.00,100.00,100.00
2026-05-16T00:04:16.147290,27.30,0.00,100.00,100.00
2026-05-16T00:04:16.251275,20.00,0.00,100.00,100.00
2026-05-16T00:04:16.354720,33.30,11.10,100.00,100.00
2026-05-16T00:04:16.458585,20.00,11.10,100.00,100.00
2026-05-16T00:04:16.562292,18.20,0.00,100.00,100.00
2026-05-16T00:04:16.665670,20.00,0.00,100.00,100.00
2026-05-16T00:04:16.769071,27.30,11.10,100.00,100.00
2026-05-16T00:04:16.873174,20.00,11.10,100.00,100.00
2026-05-16T00:04:16.976731,20.00,0.00,100.00,100.00
2026-05-16T00:04:17.080461,20.00,0.00,100.00,100.00
2026-05-16T00:04:17.184511,11.10,20.00,100.00,100.00
2026-05-16T00:04:17.288649,27.30,11.10,100.00,100.00
2026-05-16T00:04:17.392802,20.00,0.00,100.00,100.00
2026-05-16T00:04:17.496988,11.10,22.20,100.00,100.00
2026-05-16T00:04:17.600739,18.20,0.00,100.00,100.00
2026-05-16T00:04:17.706358,11.10,22.20,100.00,100.00
2026-05-16T00:04:17.809976,20.00,11.10,100.00,100.00
2026-05-16T00:04:17.913575,20.00,11.10,100.00,100.00
2026-05-16T00:04:18.017435,20.00,11.10,100.00,100.00
2026-05-16T00:04:18.121244,27.30,0.00,100.00,100.00
2026-05-16T00:04:18.225306,25.00,11.10,100.00,100.00
2026-05-16T00:04:18.329435,20.00,20.00,100.00,100.00
2026-05-16T00:04:18.433346,27.30,11.10,100.00,100.00
2026-05-16T00:04:18.536735,27.30,11.10,100.00,100.00
2026-05-16T00:04:18.640863,20.00,0.00,100.00,100.00
2026-05-16T00:04:18.744494,27.30,0.00,100.00,100.00
2026-05-16T00:04:18.847968,30.80,0.00,100.00,100.00
2026-05-16T00:04:18.951709,25.00,20.00,100.00,100.00
2026-05-16T00:04:19.055314,18.20,10.00,100.00,100.00
2026-05-16T00:04:19.158627,33.30,0.00,100.00,100.00
2026-05-16T00:04:19.262208,18.20,0.00,100.00,100.00
2026-05-16T00:04:19.365784,30.80,0.00,100.00,100.00
2026-05-16T00:04:19.469486,25.00,0.00,100.00,100.00
2026-05-16T00:04:19.573348,25.00,18.20,100.00,100.00
2026-05-16T00:04:19.676960,30.80,0.00,100.00,100.00
2026-05-16T00:04:19.780569,18.20,10.00,100.00,100.00
2026-05-16T00:04:19.883971,30.80,0.00,100.00,100.00
2026-05-16T00:04:19.987552,27.30,11.10,100.00,100.00
2026-05-16T00:04:20.091160,25.00,10.00,100.00,100.00
2026-05-16T00:04:20.194553,18.20,0.00,100.00,100.00
2026-05-16T00:04:20.298124,10.00,11.10,100.00,100.00
2026-05-16T00:04:20.401662,18.20,0.00,100.00,100.00
2026-05-16T00:04:20.505714,20.00,0.00,100.00,100.00
2026-05-16T00:04:20.609368,10.00,0.00,100.00,100.00
2026-05-16T00:04:20.713423,18.20,0.00,100.00,100.00
2026-05-16T00:04:20.817471,20.00,10.00,100.00,100.00
2026-05-16T00:04:20.921260,10.00,0.00,100.00,100.00
2026-05-16T00:04:21.025496,10.00,0.00,100.00,100.00
2026-05-16T00:04:21.129154,10.00,10.00,100.00,100.00
2026-05-16T00:04:21.232709,20.00,11.10,100.00,100.00
2026-05-16T00:04:21.336105,10.00,0.00,100.00,100.00
2026-05-16T00:04:21.439404,10.00,10.00,100.00,100.00
2026-05-16T00:04:21.542954,11.10,0.00,100.00,100.00
2026-05-16T00:04:21.646585,25.00,0.00,100.00,100.00
2026-05-16T00:04:21.750070,10.00,11.10,100.00,100.00
2026-05-16T00:04:21.853714,10.00,0.00,100.00,100.00
2026-05-16T00:04:21.957301,10.00,11.10,100.00,100.00
2026-05-16T00:04:22.060806,18.20,10.00,100.00,100.00
2026-05-16T00:04:22.164534,0.00,0.00,100.00,100.00
2026-05-16T00:04:22.268021,11.10,11.10,100.00,100.00
2026-05-16T00:04:22.371587,10.00,10.00,100.00,100.00
2026-05-16T00:04:22.475625,10.00,0.00,100.00,100.00
2026-05-16T00:04:22.579473,10.00,0.00,100.00,100.00
2026-05-16T00:04:22.683312,10.00,10.00,100.00,100.00
2026-05-16T00:04:22.786899,10.00,0.00,100.00,100.00
2026-05-16T00:04:22.890608,0.00,0.00,100.00,100.00
2026-05-16T00:04:22.994468,10.00,10.00,100.00,100.00
2026-05-16T00:04:23.098475,0.00,0.00,100.00,100.00
2026-05-16T00:04:23.202608,10.00,11.10,100.00,100.00
2026-05-16T00:04:23.305746,30.80,10.00,100.00,100.00
2026-05-16T00:04:23.409396,11.10,11.10,100.00,100.00
2026-05-16T00:04:23.512971,10.00,0.00,100.00,100.00
2026-05-16T00:04:23.616536,18.20,0.00,100.00,100.00
2026-05-16T00:04:23.720143,27.30,0.00,100.00,100.00
2026-05-16T00:04:23.823240,0.00,0.00,100.00,100.00
2026-05-16T00:04:23.926492,9.10,9.10,100.00,100.00
2026-05-16T00:04:24.029802,0.00,0.00,100.00,100.00
2026-05-16T00:04:24.133059,9.10,0.00,100.00,100.00
2026-05-16T00:04:24.236270,0.00,0.00,100.00,100.00
2026-05-16T00:04:24.339606,0.00,0.00,100.00,100.00
2026-05-16T00:04:24.442813,0.00,0.00,100.00,100.00
2026-05-16T00:04:24.546256,16.70,9.10,100.00,100.00
2026-05-16T00:04:24.649467,0.00,0.00,100.00,100.00
2026-05-16T00:04:24.752838,9.10,0.00,100.00,100.00
2026-05-16T00:04:24.855944,0.00,0.00,100.00,100.00
2026-05-16T00:04:24.959178,0.00,0.00,100.00,100.00
2026-05-16T00:04:25.062346,0.00,0.00,100.00,100.00
2026-05-16T00:04:25.165693,9.10,9.10,100.00,100.00
2026-05-16T00:04:25.268977,0.00,10.00,100.00,100.00
2026-05-16T00:04:25.372182,9.10,0.00,100.00,100.00
2026-05-16T00:04:25.475193,9.10,0.00,100.00,100.00
2026-05-16T00:04:25.578442,18.20,90.90,100.00,100.00
2026-05-16T00:04:25.682117,0.00,100.00,100.00,100.00
2026-05-16T00:04:25.785552,10.00,100.00,100.00,100.00
2026-05-16T00:04:25.889037,20.00,88.90,100.00,100.00
2026-05-16T00:04:25.992130,10.00,45.50,100.00,100.00
2026-05-16T00:04:26.095227,9.10,0.00,100.00,100.00
2026-05-16T00:04:26.198527,0.00,0.00,100.00,100.00
2026-05-16T00:04:26.301924,0.00,9.10,100.00,100.00
2026-05-16T00:04:26.405412,9.10,0.00,100.00,100.00
2026-05-16T00:04:26.508808,0.00,0.00,100.00,100.00
2026-05-16T00:04:26.612217,0.00,0.00,100.00,100.00
2026-05-16T00:04:26.715527,0.00,0.00,100.00,100.00
2026-05-16T00:04:26.818984,9.10,0.00,100.00,100.00
2026-05-16T00:04:26.922469,0.00,9.10,100.00,100.00
2026-05-16T00:04:27.025717,0.00,0.00,100.00,100.00
2026-05-16T00:04:27.129010,0.00,0.00,100.00,100.00
2026-05-16T00:04:27.232313,9.10,9.10,100.00,100.00
2026-05-16T00:04:27.335709,9.10,0.00,100.00,100.00
2026-05-16T00:04:27.439857,0.00,0.00,100.00,100.00
2026-05-16T00:04:27.543605,9.10,9.10,100.00,100.00
2026-05-16T00:04:27.647144,0.00,0.00,100.00,100.00
2026-05-16T00:04:27.750491,10.00,10.00,100.00,100.00
2026-05-16T00:04:27.853840,0.00,0.00,100.00,100.00
2026-05-16T00:04:27.957411,9.10,0.00,100.00,100.00
2026-05-16T00:04:28.060706,0.00,0.00,100.00,100.00
2026-05-16T00:04:28.163885,0.00,9.10,100.00,100.00
2026-05-16T00:04:28.267406,9.10,0.00,100.00,100.00
2026-05-16T00:04:28.370789,0.00,0.00,100.00,100.00
2026-05-16T00:04:28.474025,0.00,0.00,100.00,100.00
2026-05-16T00:04:28.577430,9.10,0.00,100.00,100.00
2026-05-16T00:04:28.680859,0.00,0.00,100.00,100.00
2026-05-16T00:04:28.784203,0.00,0.00,100.00,100.00
2026-05-16T00:04:28.887424,9.10,0.00,100.00,100.00
2026-05-16T00:04:28.990897,0.00,10.00,100.00,100.00
2026-05-16T00:04:29.094285,0.00,0.00,100.00,100.00
2026-05-16T00:04:29.197512,9.10,0.00,100.00,100.00
2026-05-16T00:04:29.301066,18.20,9.10,100.00,100.00
2026-05-16T00:04:29.404637,0.00,0.00,100.00,100.00
2026-05-16T00:04:29.508164,0.00,0.00,100.00,100.00
2026-05-16T00:04:29.611483,0.00,0.00,100.00,100.00
2026-05-16T00:04:29.716457,9.10,16.70,100.00,100.00
2026-05-16T00:04:29.819907,0.00,9.10,100.00,100.00
2026-05-16T00:04:29.923242,0.00,0.00,100.00,100.00
2026-05-16T00:04:30.026451,9.10,0.00,100.00,100.00
2026-05-16T00:04:30.130089,0.00,0.00,100.00,100.00
2026-05-16T00:04:30.233609,9.10,0.00,100.00,100.00
2026-05-16T00:04:30.337343,0.00,9.10,100.00,100.00
2026-05-16T00:04:30.441277,0.00,0.00,100.00,100.00
2026-05-16T00:04:30.544988,0.00,0.00,100.00,100.00
2026-05-16T00:04:30.648487,0.00,0.00,100.00,100.00
2026-05-16T00:04:30.751955,9.10,0.00,100.00,100.00
2026-05-16T00:04:30.855464,0.00,0.00,100.00,100.00
2026-05-16T00:04:30.959118,0.00,0.00,100.00,100.00
2026-05-16T00:04:31.062693,0.00,9.10,100.00,100.00
2026-05-16T00:04:31.166089,0.00,0.00,100.00,100.00
2026-05-16T00:04:31.269731,9.10,0.00,100.00,100.00
2026-05-16T00:04:31.373026,0.00,0.00,100.00,100.00
2026-05-16T00:04:31.476217,0.00,9.10,100.00,100.00
2026-05-16T00:04:31.579982,9.10,0.00,100.00,100.00
2026-05-16T00:04:31.683675,0.00,0.00,100.00,100.00
2026-05-16T00:04:31.787081,0.00,0.00,100.00,100.00
2026-05-16T00:04:31.890392,0.00,0.00,100.00,100.00
2026-05-16T00:04:31.993525,0.00,0.00,100.00,100.00
2026-05-16T00:04:32.096993,23.10,10.00,100.00,100.00
2026-05-16T00:04:32.200248,0.00,0.00,100.00,100.00
2026-05-16T00:04:32.303567,10.00,9.10,100.00,100.00
2026-05-16T00:04:32.406860,0.00,0.00,100.00,100.00
2026-05-16T00:04:32.510289,0.00,0.00,100.00,100.00
2026-05-16T00:04:32.613700,0.00,10.00,100.00,100.00
2026-05-16T00:04:32.717235,0.00,0.00,100.00,100.00
2026-05-16T00:04:32.820697,0.00,0.00,100.00,100.00
2026-05-16T00:04:32.924006,9.10,0.00,100.00,100.00
2026-05-16T00:04:33.027228,0.00,0.00,100.00,100.00
2026-05-16T00:04:33.130371,9.10,0.00,100.00,100.00
2026-05-16T00:04:33.233730,9.10,16.70,100.00,100.00
2026-05-16T00:04:33.336875,0.00,0.00,100.00,100.00
2026-05-16T00:04:33.440554,0.00,0.00,100.00,100.00
2026-05-16T00:04:33.543808,0.00,0.00,100.00,100.00
2026-05-16T00:04:33.647180,0.00,0.00,100.00,100.00
2026-05-16T00:04:33.750638,9.10,0.00,100.00,100.00
2026-05-16T00:04:33.854229,0.00,0.00,100.00,100.00
2026-05-16T00:04:33.957703,0.00,9.10,100.00,100.00
2026-05-16T00:04:34.061288,0.00,0.00,100.00,100.00
2026-05-16T00:04:34.165182,0.00,0.00,100.00,100.00
2026-05-16T00:04:34.268860,16.70,0.00,100.00,100.00
2026-05-16T00:04:34.372581,0.00,9.10,100.00,100.00
2026-05-16T00:04:34.476404,9.10,0.00,100.00,100.00
2026-05-16T00:04:34.580460,0.00,0.00,100.00,100.00
2026-05-16T00:04:34.683851,0.00,0.00,100.00,100.00
2026-05-16T00:04:34.787154,0.00,0.00,100.00,100.00
2026-05-16T00:04:34.890545,0.00,9.10,100.00,100.00
2026-05-16T00:04:34.993906,9.10,0.00,100.00,100.00
2026-05-16T00:04:35.097592,0.00,10.00,100.00,100.00
2026-05-16T00:04:35.200842,0.00,0.00,100.00,100.00
2026-05-16T00:04:35.304095,10.00,9.10,100.00,100.00
2026-05-16T00:04:35.407253,9.10,0.00,100.00,100.00
2026-05-16T00:04:35.510616,0.00,0.00,100.00,100.00
2026-05-16T00:04:35.613965,9.10,9.10,100.00,100.00
2026-05-16T00:04:35.717236,0.00,0.00,100.00,100.00
2026-05-16T00:04:35.820591,9.10,0.00,100.00,100.00
2026-05-16T00:04:35.924013,9.10,0.00,100.00,100.00
2026-05-16T00:04:36.027269,0.00,0.00,100.00,100.00
2026-05-16T00:04:36.130545,0.00,0.00,100.00,100.00
2026-05-16T00:04:36.233667,0.00,0.00,100.00,100.00
2026-05-16T00:04:36.337079,0.00,0.00,100.00,100.00
2026-05-16T00:04:36.440186,9.10,0.00,100.00,100.00
2026-05-16T00:04:36.543370,0.00,0.00,100.00,100.00
2026-05-16T00:04:36.646998,0.00,9.10,100.00,100.00
2026-05-16T00:04:36.750589,9.10,0.00,100.00,100.00
2026-05-16T00:04:36.854008,0.00,0.00,100.00,100.00
2026-05-16T00:04:36.957506,0.00,0.00,100.00,100.00
2026-05-16T00:04:37.061042,0.00,0.00,100.00,100.00
2026-05-16T00:04:37.164189,9.10,9.10,100.00,100.00
2026-05-16T00:04:37.267370,0.00,0.00,100.00,100.00
2026-05-16T00:04:37.370717,0.00,0.00,100.00,100.00
2026-05-16T00:04:37.473927,9.10,9.10,100.00,100.00
2026-05-16T00:04:37.577065,9.10,0.00,100.00,100.00
2026-05-16T00:04:37.680305,0.00,0.00,100.00,100.00
2026-05-16T00:04:37.783490,9.10,18.20,100.00,100.00
2026-05-16T00:04:37.886871,0.00,0.00,100.00,100.00
2026-05-16T00:04:37.989880,0.00,0.00,100.00,100.00
2026-05-16T00:04:38.093202,18.20,10.00,100.00,100.00
2026-05-16T00:04:38.196319,0.00,0.00,100.00,100.00
2026-05-16T00:04:38.299615,9.10,0.00,100.00,100.00
2026-05-16T00:04:38.403108,0.00,0.00,100.00,100.00
2026-05-16T00:04:38.506269,9.10,0.00,100.00,100.00
2026-05-16T00:04:38.609732,0.00,9.10,100.00,100.00
2026-05-16T00:04:38.713836,0.00,0.00,100.00,100.00
2026-05-16T00:04:38.816970,9.10,0.00,100.00,100.00
2026-05-16T00:04:38.920301,0.00,0.00,100.00,100.00
2026-05-16T00:04:39.023647,0.00,8.30,100.00,100.00
2026-05-16T00:04:39.127237,9.10,0.00,100.00,100.00
2026-05-16T00:04:39.230564,0.00,10.00,100.00,100.00
2026-05-16T00:04:39.333814,0.00,0.00,100.00,100.00
2026-05-16T00:04:39.437143,9.10,0.00,100.00,100.00
2026-05-16T00:04:39.540310,0.00,0.00,100.00,100.00
2026-05-16T00:04:39.643606,9.10,9.10,100.00,100.00
2026-05-16T00:04:39.746695,0.00,0.00,100.00,100.00
2026-05-16T00:04:39.850020,0.00,0.00,100.00,100.00
2026-05-16T00:04:39.953462,0.00,9.10,100.00,100.00
2026-05-16T00:04:40.056751,9.10,0.00,100.00,100.00
2026-05-16T00:04:40.160173,0.00,0.00,100.00,100.00
2026-05-16T00:04:40.263354,0.00,0.00,100.00,100.00
2026-05-16T00:04:40.366982,0.00,0.00,100.00,100.00
2026-05-16T00:04:40.470480,0.00,0.00,100.00,100.00
2026-05-16T00:04:40.574085,0.00,9.10,100.00,100.00
2026-05-16T00:04:40.677543,0.00,0.00,100.00,100.00
2026-05-16T00:04:40.780950,8.30,0.00,100.00,100.00
2026-05-16T00:04:40.884212,0.00,0.00,100.00,100.00
2026-05-16T00:04:40.987582,0.00,0.00,100.00,100.00
2026-05-16T00:04:41.090977,10.00,18.20,100.00,100.00
2026-05-16T00:04:41.194311,9.10,0.00,100.00,100.00
2026-05-16T00:04:41.297565,9.10,0.00,100.00,100.00
2026-05-16T00:04:41.401071,0.00,9.10,100.00,100.00
2026-05-16T00:04:41.504488,0.00,0.00,100.00,100.00
2026-05-16T00:04:41.607733,9.10,0.00,100.00,100.00
2026-05-16T00:04:41.711092,0.00,0.00,100.00,100.00
2026-05-16T00:04:41.814480,0.00,0.00,100.00,100.00
2026-05-16T00:04:41.917656,0.00,0.00,100.00,100.00
2026-05-16T00:04:42.020943,0.00,0.00,100.00,100.00
2026-05-16T00:04:42.124075,9.10,0.00,100.00,100.00
2026-05-16T00:04:42.227278,0.00,0.00,100.00,100.00
2026-05-16T00:04:42.330636,0.00,0.00,100.00,100.00
2026-05-16T00:04:42.433791,0.00,9.10,100.00,100.00
2026-05-16T00:04:42.537134,9.10,0.00,100.00,100.00
2026-05-16T00:04:42.640414,0.00,0.00,100.00,100.00
2026-05-16T00:04:42.743541,0.00,0.00,100.00,100.00
2026-05-16T00:04:42.846800,0.00,9.10,100.00,100.00
2026-05-16T00:04:42.949977,9.10,0.00,100.00,100.00
2026-05-16T00:04:43.053259,0.00,0.00,100.00,100.00
2026-05-16T00:04:43.156503,9.10,0.00,100.00,100.00
2026-05-16T00:04:43.260025,16.70,9.10,100.00,100.00
2026-05-16T00:04:43.363144,0.00,0.00,100.00,100.00
2026-05-16T00:04:43.466782,0.00,0.00,100.00,100.00
2026-05-16T00:04:43.570094,0.00,0.00,100.00,100.00
2026-05-16T00:04:43.673462,16.70,0.00,100.00,100.00
2026-05-16T00:04:43.776657,0.00,0.00,100.00,100.00
2026-05-16T00:04:43.879865,0.00,0.00,100.00,100.00
2026-05-16T00:04:43.983120,0.00,0.00,100.00,100.00
2026-05-16T00:04:44.086393,10.00,10.00,100.00,100.00
2026-05-16T00:04:44.189396,9.10,0.00,100.00,100.00
2026-05-16T00:04:44.292691,0.00,0.00,100.00,100.00
2026-05-16T00:04:44.395947,0.00,8.30,100.00,100.00
2026-05-16T00:04:44.499115,0.00,0.00,100.00,100.00
2026-05-16T00:04:44.602257,9.10,0.00,100.00,100.00
2026-05-16T00:04:44.705590,0.00,0.00,100.00,100.00
2026-05-16T00:04:44.809054,0.00,0.00,100.00,100.00
2026-05-16T00:04:44.912273,9.10,0.00,100.00,100.00
2026-05-16T00:04:45.017123,0.00,0.00,100.00,100.00
2026-05-16T00:04:45.120284,0.00,0.00,100.00,100.00
2026-05-16T00:04:45.223413,0.00,0.00,100.00,100.00
2026-05-16T00:04:45.326594,9.10,9.10,100.00,100.00
2026-05-16T00:04:45.430133,0.00,9.10,100.00,100.00
2026-05-16T00:04:45.533384,0.00,0.00,100.00,100.00
2026-05-16T00:04:45.636796,0.00,0.00,100.00,100.00
2026-05-16T00:04:45.739995,0.00,0.00,100.00,100.00
2026-05-16T00:04:45.843316,8.30,0.00,100.00,100.00
2026-05-16T00:04:45.946662,0.00,0.00,100.00,100.00
2026-05-16T00:04:46.049983,0.00,9.10,100.00,100.00
2026-05-16T00:04:46.153215,9.10,0.00,100.00,100.00
2026-05-16T00:04:46.256372,9.10,0.00,100.00,100.00
2026-05-16T00:04:46.360151,0.00,0.00,100.00,100.00
2026-05-16T00:04:46.463484,0.00,0.00,100.00,100.00
2026-05-16T00:04:46.566837,0.00,0.00,100.00,100.00
2026-05-16T00:04:46.670388,9.10,0.00,100.00,100.00
2026-05-16T00:04:46.773915,9.10,0.00,100.00,100.00
2026-05-16T00:04:46.877267,0.00,0.00,100.00,100.00
2026-05-16T00:04:46.980754,0.00,9.10,100.00,100.00
2026-05-16T00:04:47.086040,9.10,0.00,100.00,100.00
2026-05-16T00:04:47.189585,0.00,9.10,100.00,100.00
2026-05-16T00:04:47.292829,0.00,10.00,100.00,100.00
2026-05-16T00:04:47.395967,8.30,0.00,100.00,100.00
2026-05-16T00:04:47.499112,10.00,9.10,100.00,100.00
2026-05-16T00:04:47.602292,0.00,0.00,100.00,100.00
2026-05-16T00:04:47.705451,0.00,0.00,100.00,100.00
2026-05-16T00:04:47.808569,16.70,10.00,100.00,100.00
2026-05-16T00:04:47.911857,0.00,0.00,100.00,100.00
2026-05-16T00:04:48.015138,0.00,0.00,100.00,100.00
2026-05-16T00:04:48.118383,0.00,0.00,100.00,100.00
2026-05-16T00:04:48.221560,9.10,9.10,100.00,100.00
2026-05-16T00:04:48.325078,0.00,0.00,100.00,100.00
2026-05-16T00:04:48.428567,0.00,0.00,100.00,100.00
2026-05-16T00:04:48.532162,0.00,0.00,100.00,100.00
2026-05-16T00:04:48.635572,9.10,9.10,100.00,100.00
2026-05-16T00:04:48.738944,0.00,0.00,100.00,100.00
2026-05-16T00:04:48.842650,0.00,0.00,100.00,100.00
2026-05-16T00:04:48.946370,0.00,9.10,100.00,100.00
2026-05-16T00:04:49.050185,9.10,0.00,100.00,100.00
2026-05-16T00:04:49.153810,0.00,0.00,100.00,100.00
2026-05-16T00:04:49.257142,9.10,0.00,100.00,100.00
2026-05-16T00:04:49.360555,0.00,0.00,100.00,100.00
2026-05-16T00:04:49.464020,0.00,0.00,100.00,100.00
2026-05-16T00:04:49.567287,9.10,9.10,100.00,100.00
2026-05-16T00:04:49.670711,0.00,9.10,100.00,100.00
2026-05-16T00:04:49.773949,0.00,0.00,100.00,100.00
2026-05-16T00:04:49.877385,0.00,0.00,100.00,100.00
2026-05-16T00:04:49.980627,0.00,0.00,100.00,100.00
2026-05-16T00:04:50.083958,16.70,0.00,100.00,100.00
2026-05-16T00:04:50.187408,0.00,10.00,100.00,100.00
2026-05-16T00:04:50.290807,0.00,9.10,100.00,100.00
2026-05-16T00:04:50.394050,0.00,0.00,100.00,100.00
2026-05-16T00:04:50.497355,9.10,0.00,100.00,100.00
2026-05-16T00:04:50.600554,9.10,0.00,100.00,100.00
2026-05-16T00:04:50.703744,0.00,0.00,100.00,100.00
2026-05-16T00:04:50.806885,0.00,0.00,100.00,100.00
2026-05-16T00:04:50.910166,9.10,0.00,100.00,100.00
2026-05-16T00:04:51.013346,0.00,0.00,100.00,100.00
2026-05-16T00:04:51.116575,0.00,0.00,100.00,100.00
2026-05-16T00:04:51.219847,9.10,9.10,100.00,100.00
2026-05-16T00:04:51.323194,0.00,0.00,100.00,100.00
2026-05-16T00:04:51.426362,0.00,0.00,100.00,100.00
2026-05-16T00:04:51.529706,8.30,0.00,100.00,100.00
2026-05-16T00:04:51.633081,9.10,8.30,100.00,100.00
2026-05-16T00:04:51.736399,0.00,0.00,100.00,100.00
2026-05-16T00:04:51.839837,11.10,20.00,100.00,100.00
2026-05-16T00:04:51.943086,9.10,0.00,100.00,100.00
2026-05-16T00:04:52.046275,0.00,0.00,100.00,100.00
2026-05-16T00:04:52.149736,0.00,9.10,100.00,100.00
2026-05-16T00:04:52.253977,9.10,0.00,100.00,100.00
2026-05-16T00:04:52.357265,9.10,0.00,100.00,100.00
2026-05-16T00:04:52.460954,0.00,0.00,100.00,100.00
2026-05-16T00:04:52.564567,0.00,0.00,100.00,100.00
2026-05-16T00:04:52.667881,0.00,0.00,100.00,100.00
2026-05-16T00:04:52.771113,0.00,0.00,100.00,100.00
2026-05-16T00:04:52.874320,9.10,0.00,100.00,100.00
2026-05-16T00:04:52.977466,0.00,0.00,100.00,100.00
2026-05-16T00:04:53.080847,0.00,9.10,100.00,100.00
2026-05-16T00:04:53.184015,0.00,10.00,100.00,100.00
2026-05-16T00:04:53.287177,9.10,0.00,100.00,100.00
2026-05-16T00:04:53.390446,0.00,0.00,100.00,100.00
2026-05-16T00:04:53.493808,9.10,0.00,100.00,100.00
2026-05-16T00:04:53.597067,0.00,0.00,100.00,100.00
2026-05-16T00:04:53.700247,0.00,0.00,100.00,100.00
2026-05-16T00:04:53.803617,9.10,9.10,100.00,100.00
2026-05-16T00:04:53.907237,9.10,0.00,100.00,100.00
2026-05-16T00:04:54.010604,0.00,0.00,100.00,100.00
2026-05-16T00:04:54.114003,9.10,9.10,100.00,100.00
2026-05-16T00:04:54.217536,0.00,0.00,100.00,100.00
2026-05-16T00:04:54.320698,0.00,9.10,100.00,100.00
2026-05-16T00:04:54.423902,0.00,0.00,100.00,100.00
2026-05-16T00:04:54.527352,0.00,0.00,100.00,100.00
2026-05-16T00:04:54.630534,0.00,9.10,100.00,100.00
2026-05-16T00:04:54.733697,18.20,18.20,100.00,100.00
2026-05-16T00:04:54.837078,0.00,0.00,100.00,100.00
2026-05-16T00:04:54.940483,0.00,0.00,100.00,100.00
2026-05-16T00:04:55.043984,0.00,0.00,100.00,100.00
2026-05-16T00:04:55.147288,9.10,0.00,100.00,100.00
2026-05-16T00:04:55.250484,0.00,9.10,100.00,100.00
2026-05-16T00:04:55.353961,0.00,0.00,100.00,100.00
2026-05-16T00:04:55.457421,9.10,0.00,100.00,100.00
2026-05-16T00:04:55.560822,0.00,0.00,100.00,100.00
2026-05-16T00:04:55.664316,0.00,0.00,100.00,100.00
2026-05-16T00:04:55.767512,0.00,0.00,100.00,100.00
2026-05-16T00:04:55.870883,9.10,9.10,100.00,100.00
2026-05-16T00:04:55.974126,9.10,0.00,100.00,100.00
2026-05-16T00:04:56.077354,0.00,0.00,100.00,100.00
2026-05-16T00:04:56.180725,10.00,10.00,100.00,100.00
2026-05-16T00:04:56.283880,9.10,0.00,100.00,100.00
2026-05-16T00:04:56.387073,16.70,0.00,100.00,100.00
2026-05-16T00:04:56.490309,0.00,0.00,100.00,100.00
2026-05-16T00:04:56.593526,0.00,9.10,100.00,100.00
2026-05-16T00:04:56.696595,0.00,0.00,100.00,100.00
2026-05-16T00:04:56.799835,9.10,0.00,100.00,100.00
2026-05-16T00:04:56.903079,0.00,0.00,100.00,100.00
2026-05-16T00:04:57.006140,0.00,0.00,100.00,100.00
2026-05-16T00:04:57.109291,0.00,0.00,100.00,100.00
2026-05-16T00:04:57.212669,9.10,0.00,100.00,100.00
2026-05-16T00:04:57.315917,0.00,0.00,100.00,100.00
2026-05-16T00:04:57.420393,0.00,16.70,100.00,100.00
2026-05-16T00:04:57.523963,0.00,0.00,100.00,100.00
2026-05-16T00:04:57.627408,0.00,0.00,100.00,100.00
2026-05-16T00:04:57.730727,0.00,9.10,100.00,100.00
2026-05-16T00:04:57.834232,10.00,0.00,100.00,100.00
2026-05-16T00:04:57.937686,8.30,0.00,100.00,100.00
2026-05-16T00:04:58.041119,0.00,9.10,100.00,100.00
2026-05-16T00:04:58.144665,0.00,9.10,100.00,100.00
2026-05-16T00:04:58.248171,0.00,0.00,100.00,100.00
2026-05-16T00:04:58.351668,0.00,0.00,100.00,100.00
2026-05-16T00:04:58.455171,0.00,9.10,100.00,100.00
2026-05-16T00:04:58.558736,0.00,0.00,100.00,100.00
2026-05-16T00:04:58.662196,0.00,10.00,100.00,100.00
2026-05-16T00:04:58.765574,9.10,0.00,100.00,100.00
2026-05-16T00:04:58.868900,9.10,0.00,100.00,100.00
2026-05-16T00:04:58.972037,0.00,0.00,100.00,100.00
2026-05-16T00:04:59.075191,0.00,0.00,100.00,100.00
2026-05-16T00:04:59.178380,0.00,18.20,100.00,100.00
2026-05-16T00:04:59.281542,25.00,0.00,100.00,100.00
2026-05-16T00:04:59.384753,0.00,0.00,100.00,100.00
2026-05-16T00:04:59.488059,0.00,0.00,100.00,100.00
2026-05-16T00:04:59.595659,9.10,9.10,100.00,100.00
2026-05-16T00:04:59.698918,0.00,10.00,100.00,100.00
2026-05-16T00:04:59.801982,0.00,0.00,100.00,100.00
2026-05-16T00:04:59.905445,0.00,0.00,100.00,100.00
2026-05-16T00:05:00.008873,9.10,0.00,100.00,100.00
2026-05-16T00:05:00.112102,0.00,0.00,100.00,100.00
2026-05-16T00:05:00.215338,0.00,0.00,100.00,100.00
2026-05-16T00:05:00.318577,0.00,0.00,100.00,100.00
2026-05-16T00:05:00.421905,9.10,0.00,100.00,100.00
2026-05-16T00:05:00.525149,0.00,0.00,100.00,100.00
2026-05-16T00:05:00.628448,9.10,8.30,100.00,100.00
2026-05-16T00:05:00.731616,0.00,0.00,100.00,100.00
2026-05-16T00:05:00.834878,9.10,0.00,100.00,100.00
2026-05-16T00:05:00.938055,9.10,0.00,100.00,100.00
2026-05-16T00:05:01.041371,0.00,0.00,100.00,100.00
2026-05-16T00:05:01.144477,0.00,9.10,100.00,100.00
2026-05-16T00:05:01.247893,0.00,0.00,100.00,100.00
2026-05-16T00:05:01.351156,18.20,10.00,100.00,100.00
2026-05-16T00:05:01.454447,0.00,0.00,100.00,100.00
2026-05-16T00:05:01.557620,0.00,0.00,100.00,100.00
2026-05-16T00:05:01.661036,0.00,0.00,100.00,100.00
2026-05-16T00:05:01.764293,9.10,0.00,100.00,100.00
2026-05-16T00:05:01.867801,0.00,8.30,100.00,100.00
2026-05-16T00:05:01.971144,8.30,0.00,100.00,100.00
2026-05-16T00:05:02.074518,0.00,0.00,100.00,100.00
2026-05-16T00:05:02.177883,10.00,0.00,100.00,100.00
2026-05-16T00:05:02.281058,0.00,10.00,100.00,100.00
2026-05-16T00:05:02.384314,0.00,0.00,100.00,100.00
2026-05-16T00:05:02.487652,9.10,0.00,100.00,100.00
2026-05-16T00:05:02.591209,0.00,9.10,100.00,100.00
2026-05-16T00:05:02.694856,0.00,9.10,100.00,100.00
2026-05-16T00:05:02.798392,0.00,0.00,100.00,100.00
2026-05-16T00:05:02.901744,0.00,9.10,100.00,100.00
2026-05-16T00:05:03.004935,0.00,0.00,100.00,100.00
2026-05-16T00:05:03.107965,0.00,0.00,100.00,100.00
2026-05-16T00:05:03.211324,0.00,0.00,100.00,100.00
2026-05-16T00:05:03.314526,9.10,9.10,100.00,100.00
2026-05-16T00:05:03.418040,0.00,0.00,100.00,100.00
2026-05-16T00:05:03.521659,0.00,0.00,100.00,100.00
2026-05-16T00:05:03.625168,0.00,0.00,100.00,100.00
2026-05-16T00:05:03.728635,0.00,18.20,100.00,100.00
2026-05-16T00:05:03.831990,9.10,0.00,100.00,100.00
2026-05-16T00:05:03.935471,0.00,0.00,100.00,100.00
2026-05-16T00:05:04.038909,0.00,0.00,100.00,100.00
2026-05-16T00:05:04.142451,0.00,9.10,100.00,100.00
2026-05-16T00:05:04.245968,0.00,0.00,100.00,100.00
2026-05-16T00:05:04.349441,0.00,9.10,100.00,100.00
2026-05-16T00:05:04.452936,0.00,0.00,100.00,100.00
2026-05-16T00:05:04.556305,0.00,0.00,100.00,100.00
2026-05-16T00:05:04.660527,0.00,9.10,100.00,100.00
2026-05-16T00:05:04.764189,0.00,0.00,100.00,100.00
2026-05-16T00:05:04.867878,0.00,0.00,100.00,100.00
2026-05-16T00:05:04.971519,8.30,9.10,100.00,100.00
2026-05-16T00:05:05.075129,10.00,10.00,100.00,100.00
2026-05-16T00:05:05.178867,0.00,0.00,100.00,100.00
2026-05-16T00:05:05.282127,18.20,10.00,100.00,100.00
2026-05-16T00:05:05.385394,0.00,9.10,100.00,100.00
2026-05-16T00:05:05.488975,9.10,0.00,100.00,100.00
2026-05-16T00:05:05.592154,0.00,0.00,100.00,100.00
2026-05-16T00:05:05.695439,9.10,0.00,100.00,100.00
2026-05-16T00:05:05.798822,0.00,0.00,100.00,100.00
2026-05-16T00:05:05.902063,9.10,8.30,100.00,100.00
2026-05-16T00:05:06.005177,0.00,0.00,100.00,100.00
2026-05-16T00:05:06.108324,0.00,0.00,100.00,100.00
2026-05-16T00:05:06.211678,0.00,0.00,100.00,100.00
2026-05-16T00:05:06.315118,0.00,0.00,100.00,100.00
2026-05-16T00:05:06.418788,9.10,0.00,100.00,100.00
2026-05-16T00:05:06.522051,0.00,0.00,100.00,100.00
2026-05-16T00:05:06.625633,0.00,0.00,100.00,100.00
2026-05-16T00:05:06.728957,0.00,0.00,100.00,100.00
2026-05-16T00:05:06.832593,0.00,0.00,100.00,100.00
2026-05-16T00:05:06.935859,9.10,9.10,100.00,100.00
2026-05-16T00:05:07.039036,0.00,0.00,100.00,100.00
2026-05-16T00:05:07.142165,0.00,0.00,100.00,100.00
2026-05-16T00:05:07.245395,0.00,0.00,100.00,100.00
2026-05-16T00:05:07.348648,9.10,9.10,100.00,100.00
2026-05-16T00:05:07.452069,9.10,9.10,100.00,100.00
2026-05-16T00:05:07.555398,0.00,0.00,100.00,100.00
2026-05-16T00:05:07.658925,16.70,0.00,100.00,100.00
2026-05-16T00:05:07.763327,0.00,9.10,100.00,100.00
2026-05-16T00:05:07.867041,10.00,10.00,100.00,100.00
2026-05-16T00:05:07.970306,0.00,0.00,100.00,100.00
2026-05-16T00:05:08.073620,0.00,9.10,100.00,100.00
2026-05-16T00:05:08.176890,0.00,0.00,100.00,100.00
2026-05-16T00:05:08.280654,0.00,10.00,100.00,100.00
2026-05-16T00:05:08.383918,9.10,0.00,100.00,100.00
2026-05-16T00:05:08.487315,0.00,0.00,100.00,100.00
2026-05-16T00:05:08.590720,0.00,8.30,100.00,100.00
2026-05-16T00:05:08.694189,0.00,0.00,100.00,100.00
2026-05-16T00:05:08.797358,0.00,0.00,100.00,100.00
2026-05-16T00:05:08.900584,9.10,9.10,100.00,100.00
2026-05-16T00:05:09.003807,9.10,0.00,100.00,100.00
2026-05-16T00:05:09.107026,9.10,0.00,100.00,100.00
2026-05-16T00:05:09.210365,0.00,0.00,100.00,100.00
2026-05-16T00:05:09.313488,0.00,0.00,100.00,100.00
2026-05-16T00:05:09.416684,0.00,0.00,100.00,100.00
2026-05-16T00:05:09.519963,9.10,9.10,100.00,100.00
2026-05-16T00:05:09.623173,0.00,0.00,100.00,100.00
2026-05-16T00:05:09.726484,0.00,0.00,100.00,100.00
2026-05-16T00:05:09.829939,0.00,0.00,100.00,100.00
2026-05-16T00:05:09.933223,9.10,0.00,100.00,100.00
2026-05-16T00:05:10.036615,0.00,9.10,100.00,100.00
2026-05-16T00:05:10.139983,0.00,0.00,100.00,100.00
2026-05-16T00:05:10.243165,0.00,0.00,100.00,100.00
2026-05-16T00:05:10.346359,0.00,9.10,100.00,100.00
2026-05-16T00:05:10.449623,9.10,0.00,100.00,100.00
2026-05-16T00:05:10.552912,0.00,0.00,100.00,100.00
2026-05-16T00:05:10.656053,0.00,0.00,100.00,100.00
2026-05-16T00:05:10.759231,0.00,0.00,100.00,100.00
2026-05-16T00:05:10.862404,9.10,0.00,100.00,100.00
2026-05-16T00:05:10.965865,0.00,0.00,100.00,100.00
2026-05-16T00:05:11.069130,0.00,0.00,100.00,100.00
2026-05-16T00:05:11.172386,16.70,0.00,100.00,100.00
2026-05-16T00:05:11.275788,10.00,10.00,100.00,100.00
2026-05-16T00:05:11.378976,0.00,9.10,100.00,100.00
2026-05-16T00:05:11.482193,0.00,0.00,100.00,100.00
2026-05-16T00:05:11.585557,9.10,0.00,100.00,100.00
2026-05-16T00:05:11.688667,0.00,0.00,100.00,100.00
2026-05-16T00:05:11.791908,0.00,0.00,100.00,100.00
2026-05-16T00:05:11.895111,0.00,0.00,100.00,100.00
2026-05-16T00:05:11.998253,0.00,0.00,100.00,100.00
2026-05-16T00:05:12.101402,9.10,0.00,100.00,100.00
2026-05-16T00:05:12.204501,0.00,9.10,100.00,100.00
2026-05-16T00:05:12.307881,0.00,0.00,100.00,100.00
2026-05-16T00:05:12.411070,0.00,9.10,100.00,100.00
2026-05-16T00:05:12.514158,9.10,0.00,100.00,100.00
2026-05-16T00:05:12.617531,0.00,0.00,100.00,100.00
2026-05-16T00:05:12.720736,0.00,0.00,100.00,100.00
2026-05-16T00:05:12.824212,0.00,0.00,100.00,100.00
2026-05-16T00:05:12.927387,9.10,0.00,100.00,100.00
2026-05-16T00:05:13.030474,0.00,9.10,100.00,100.00
2026-05-16T00:05:13.133846,9.10,0.00,100.00,100.00
2026-05-16T00:05:13.237507,9.10,0.00,100.00,100.00
2026-05-16T00:05:13.340832,0.00,0.00,100.00,100.00
2026-05-16T00:05:13.444157,9.10,0.00,100.00,100.00
2026-05-16T00:05:13.547314,0.00,0.00,100.00,100.00
2026-05-16T00:05:13.650544,0.00,0.00,100.00,100.00
2026-05-16T00:05:13.754257,0.00,0.00,100.00,100.00
2026-05-16T00:05:13.857550,9.10,9.10,100.00,100.00
2026-05-16T00:05:13.960917,0.00,0.00,100.00,100.00
2026-05-16T00:05:14.064339,0.00,0.00,100.00,100.00
2026-05-16T00:05:14.167679,0.00,0.00,100.00,100.00
2026-05-16T00:05:14.271098,16.70,18.20,100.00,100.00
2026-05-16T00:05:14.374369,0.00,0.00,100.00,100.00
2026-05-16T00:05:14.478100,0.00,0.00,100.00,100.00
2026-05-16T00:05:14.581832,9.10,0.00,100.00,100.00
2026-05-16T00:05:14.685615,0.00,9.10,100.00,100.00
2026-05-16T00:05:14.789672,9.10,0.00,100.00,100.00
2026-05-16T00:05:14.893618,0.00,0.00,100.00,100.00
2026-05-16T00:05:14.997388,0.00,0.00,100.00,100.00
2026-05-16T00:05:15.100585,16.70,0.00,100.00,100.00
2026-05-16T00:05:15.203657,0.00,9.10,100.00,100.00
2026-05-16T00:05:15.307041,0.00,9.10,100.00,100.00
2026-05-16T00:05:15.410564,0.00,0.00,100.00,100.00
2026-05-16T00:05:15.513886,0.00,0.00,100.00,100.00
2026-05-16T00:05:15.617026,9.10,0.00,100.00,100.00
2026-05-16T00:05:15.720348,0.00,0.00,100.00,100.00
2026-05-16T00:05:15.823578,0.00,0.00,100.00,100.00
2026-05-16T00:05:15.926877,0.00,0.00,100.00,100.00
2026-05-16T00:05:16.030303,9.10,0.00,100.00,100.00
2026-05-16T00:05:16.133628,0.00,0.00,100.00,100.00
2026-05-16T00:05:16.236928,9.10,0.00,100.00,100.00
2026-05-16T00:05:16.340051,0.00,0.00,100.00,100.00
2026-05-16T00:05:16.443199,0.00,0.00,100.00,100.00
2026-05-16T00:05:16.546573,9.10,16.70,100.00,100.00
2026-05-16T00:05:16.649746,0.00,0.00,100.00,100.00
2026-05-16T00:05:16.752981,0.00,0.00,100.00,100.00
2026-05-16T00:05:16.856226,0.00,0.00,100.00,100.00
2026-05-16T00:05:16.959452,9.10,0.00,100.00,100.00
2026-05-16T00:05:17.062619,0.00,0.00,100.00,100.00
2026-05-16T00:05:17.165824,0.00,9.10,100.00,100.00
2026-05-16T00:05:17.269358,10.00,10.00,100.00,100.00
2026-05-16T00:05:17.372573,9.10,9.10,100.00,100.00
2026-05-16T00:05:17.475650,0.00,0.00,100.00,100.00
2026-05-16T00:05:17.578817,0.00,0.00,100.00,100.00
2026-05-16T00:05:17.682074,9.10,0.00,100.00,100.00
2026-05-16T00:05:17.785247,10.00,18.20,100.00,100.00
2026-05-16T00:05:17.888496,0.00,0.00,100.00,100.00
2026-05-16T00:05:17.991852,0.00,0.00,100.00,100.00
2026-05-16T00:05:18.095228,9.10,0.00,100.00,100.00
2026-05-16T00:05:18.198488,0.00,0.00,100.00,100.00
2026-05-16T00:05:18.301697,9.10,0.00,100.00,100.00
2026-05-16T00:05:18.404850,0.00,0.00,100.00,100.00
2026-05-16T00:05:18.508111,0.00,0.00,100.00,100.00
2026-05-16T00:05:18.611382,9.10,0.00,100.00,100.00
2026-05-16T00:05:18.715347,0.00,9.10,100.00,100.00
2026-05-16T00:05:18.818802,9.10,0.00,100.00,100.00
2026-05-16T00:05:18.922202,0.00,0.00,100.00,100.00
2026-05-16T00:05:19.025519,0.00,0.00,100.00,100.00
2026-05-16T00:05:19.128832,0.00,9.10,100.00,100.00
2026-05-16T00:05:19.232094,0.00,0.00,100.00,100.00
2026-05-16T00:05:19.335375,9.10,9.10,100.00,100.00
2026-05-16T00:05:19.438499,0.00,0.00,100.00,100.00
2026-05-16T00:05:19.541602,9.10,8.30,100.00,100.00
2026-05-16T00:05:19.645038,0.00,0.00,100.00,100.00
2026-05-16T00:05:19.748429,0.00,0.00,100.00,100.00
2026-05-16T00:05:19.851600,0.00,0.00,100.00,100.00
2026-05-16T00:05:19.954846,9.10,0.00,100.00,100.00
2026-05-16T00:05:20.058048,0.00,0.00,100.00,100.00
2026-05-16T00:05:20.161241,0.00,0.00,100.00,100.00
2026-05-16T00:05:20.264379,9.10,0.00,100.00,100.00
2026-05-16T00:05:20.367613,0.00,10.00,100.00,100.00
2026-05-16T00:05:20.471022,0.00,9.10,100.00,100.00
2026-05-16T00:05:20.574382,0.00,0.00,100.00,100.00
2026-05-16T00:05:20.677695,0.00,0.00,100.00,100.00
2026-05-16T00:05:20.781091,0.00,0.00,100.00,100.00
2026-05-16T00:05:20.884186,9.10,0.00,100.00,100.00
2026-05-16T00:05:20.987484,0.00,0.00,100.00,100.00
2026-05-16T00:05:21.090704,0.00,16.70,100.00,100.00
2026-05-16T00:05:21.193987,9.10,0.00,100.00,100.00
2026-05-16T00:05:21.297121,9.10,0.00,100.00,100.00
2026-05-16T00:05:21.400533,9.10,0.00,100.00,100.00
2026-05-16T00:05:21.503862,0.00,0.00,100.00,100.00
2026-05-16T00:05:21.606938,0.00,0.00,100.00,100.00
2026-05-16T00:05:21.710269,0.00,0.00,100.00,100.00
2026-05-16T00:05:21.813461,9.10,18.20,100.00,100.00
2026-05-16T00:05:21.916723,0.00,0.00,100.00,100.00
2026-05-16T00:05:22.019941,0.00,0.00,100.00,100.00
2026-05-16T00:05:22.123027,9.10,0.00,100.00,100.00
2026-05-16T00:05:22.226256,0.00,9.10,100.00,100.00
2026-05-16T00:05:22.329615,0.00,0.00,100.00,100.00
2026-05-16T00:05:22.432824,9.10,0.00,100.00,100.00
2026-05-16T00:05:22.536226,0.00,0.00,100.00,100.00
2026-05-16T00:05:22.639372,0.00,0.00,100.00,100.00
2026-05-16T00:05:22.742610,9.10,0.00,100.00,100.00
2026-05-16T00:05:22.846070,0.00,0.00,100.00,100.00
2026-05-16T00:05:22.949289,9.10,0.00,100.00,100.00
2026-05-16T00:05:23.052720,0.00,9.10,100.00,100.00
2026-05-16T00:05:23.156137,9.10,0.00,100.00,100.00
2026-05-16T00:05:23.259514,0.00,10.00,100.00,100.00
2026-05-16T00:05:23.362859,0.00,10.00,100.00,100.00
2026-05-16T00:05:23.466001,0.00,0.00,100.00,100.00
2026-05-16T00:05:23.569200,9.10,0.00,100.00,100.00
2026-05-16T00:05:23.672436,9.10,0.00,100.00,100.00
2026-05-16T00:05:23.775797,0.00,9.10,100.00,100.00
2026-05-16T00:05:23.879105,10.00,0.00,100.00,100.00
2026-05-16T00:05:23.982480,0.00,0.00,100.00,100.00
2026-05-16T00:05:24.085832,9.10,0.00,100.00,100.00
2026-05-16T00:05:24.188953,9.10,9.10,100.00,100.00
2026-05-16T00:05:24.292021,0.00,0.00,100.00,100.00
2026-05-16T00:05:24.395268,9.10,0.00,100.00,100.00
2026-05-16T00:05:24.498515,0.00,0.00,100.00,100.00
2026-05-16T00:05:24.601646,0.00,9.10,100.00,100.00
2026-05-16T00:05:24.705144,0.00,9.10,100.00,100.00
2026-05-16T00:05:24.808250,9.10,0.00,100.00,100.00
2026-05-16T00:05:24.911301,0.00,0.00,100.00,100.00
2026-05-16T00:05:25.017172,0.00,9.10,100.00,100.00
2026-05-16T00:05:25.120455,9.10,0.00,100.00,100.00
2026-05-16T00:05:25.223580,0.00,0.00,100.00,100.00
2026-05-16T00:05:25.326685,0.00,9.10,100.00,100.00
2026-05-16T00:05:25.429950,0.00,0.00,100.00,100.00
2026-05-16T00:05:25.533164,9.10,0.00,100.00,100.00
2026-05-16T00:05:25.636474,0.00,0.00,100.00,100.00
2026-05-16T00:05:25.739788,9.10,0.00,100.00,100.00
2026-05-16T00:05:25.843023,0.00,0.00,100.00,100.00
2026-05-16T00:05:25.946219,0.00,0.00,100.00,100.00
2026-05-16T00:05:26.049748,9.10,0.00,100.00,100.00
2026-05-16T00:05:26.152927,0.00,0.00,100.00,100.00
2026-05-16T00:05:26.256336,0.00,0.00,100.00,100.00
2026-05-16T00:05:26.359563,0.00,20.00,100.00,100.00
2026-05-16T00:05:26.462749,9.10,0.00,100.00,100.00
2026-05-16T00:05:26.566058,0.00,0.00,100.00,100.00
2026-05-16T00:05:26.669121,9.10,9.10,100.00,100.00
2026-05-16T00:05:26.772400,0.00,0.00,100.00,100.00
2026-05-16T00:05:26.875536,9.10,0.00,100.00,100.00
2026-05-16T00:05:26.978992,0.00,0.00,100.00,100.00
2026-05-16T00:05:27.082207,0.00,0.00,100.00,100.00
2026-05-16T00:05:27.185341,9.10,0.00,100.00,100.00
2026-05-16T00:05:27.288714,0.00,0.00,100.00,100.00
2026-05-16T00:05:27.391890,0.00,0.00,100.00,100.00
2026-05-16T00:05:27.495231,0.00,9.10,100.00,100.00
2026-05-16T00:05:27.598509,0.00,10.00,100.00,100.00
2026-05-16T00:05:27.701612,0.00,0.00,100.00,100.00
2026-05-16T00:05:27.804695,18.20,9.10,100.00,100.00
2026-05-16T00:05:27.907852,0.00,0.00,100.00,100.00
2026-05-16T00:05:28.011098,0.00,0.00,100.00,100.00
2026-05-16T00:05:28.114462,0.00,0.00,100.00,100.00
2026-05-16T00:05:28.217785,9.10,0.00,100.00,100.00
2026-05-16T00:05:28.320939,0.00,9.10,100.00,100.00
2026-05-16T00:05:28.424331,9.10,9.10,100.00,100.00
2026-05-16T00:05:28.527584,0.00,0.00,100.00,100.00
2026-05-16T00:05:28.631249,9.10,9.10,100.00,100.00
2026-05-16T00:05:28.734500,0.00,0.00,100.00,100.00
2026-05-16T00:05:28.837576,0.00,0.00,100.00,100.00
2026-05-16T00:05:28.941267,0.00,0.00,100.00,100.00
2026-05-16T00:05:29.044532,9.10,10.00,100.00,100.00
2026-05-16T00:05:29.147757,0.00,0.00,100.00,100.00
2026-05-16T00:05:29.251220,0.00,10.00,100.00,100.00
2026-05-16T00:05:29.354334,0.00,10.00,100.00,100.00
2026-05-16T00:05:29.457491,9.10,0.00,100.00,100.00
2026-05-16T00:05:29.560784,0.00,0.00,100.00,100.00
2026-05-16T00:05:29.664130,0.00,0.00,100.00,100.00
2026-05-16T00:05:29.767389,16.70,8.30,100.00,100.00
2026-05-16T00:05:29.870529,0.00,0.00,100.00,100.00
2026-05-16T00:05:29.973753,0.00,0.00,100.00,100.00
2026-05-16T00:05:30.077008,9.10,0.00,100.00,100.00
2026-05-16T00:05:30.180205,0.00,9.10,100.00,100.00
2026-05-16T00:05:30.283293,0.00,0.00,100.00,100.00
2026-05-16T00:05:30.386519,9.10,0.00,100.00,100.00
2026-05-16T00:05:30.489947,0.00,0.00,100.00,100.00
2026-05-16T00:05:30.593159,0.00,0.00,100.00,100.00
2026-05-16T00:05:30.696358,9.10,0.00,100.00,100.00
2026-05-16T00:05:30.799720,0.00,0.00,100.00,100.00
2026-05-16T00:05:30.902959,0.00,0.00,100.00,100.00
2026-05-16T00:05:31.006206,0.00,0.00,100.00,100.00
2026-05-16T00:05:31.109461,0.00,9.10,100.00,100.00
2026-05-16T00:05:31.212904,0.00,0.00,100.00,100.00
2026-05-16T00:05:31.316255,0.00,0.00,100.00,100.00
2026-05-16T00:05:31.419385,16.70,0.00,100.00,100.00
2026-05-16T00:05:31.522544,0.00,8.30,100.00,100.00
2026-05-16T00:05:31.625781,9.10,9.10,100.00,100.00
2026-05-16T00:05:31.729023,0.00,9.10,100.00,100.00
2026-05-16T00:05:31.832373,0.00,0.00,100.00,100.00
2026-05-16T00:05:31.935560,0.00,0.00,100.00,100.00
2026-05-16T00:05:32.038945,9.10,0.00,100.00,100.00
2026-05-16T00:05:32.142194,0.00,0.00,100.00,100.00
2026-05-16T00:05:32.245525,0.00,9.10,100.00,100.00
2026-05-16T00:05:32.349337,0.00,0.00,100.00,100.00
2026-05-16T00:05:32.452594,9.10,10.00,100.00,100.00
2026-05-16T00:05:32.555791,0.00,0.00,100.00,100.00
2026-05-16T00:05:32.661455,10.00,10.00,100.00,100.00
2026-05-16T00:05:32.988488,29.00,45.20,100.00,56.20
2026-05-16T00:05:33.092430,0.00,0.00,100.00,100.00
2026-05-16T00:05:33.195678,0.00,0.00,100.00,100.00
2026-05-16T00:05:33.299068,18.20,9.10,100.00,100.00
2026-05-16T00:05:33.402252,0.00,0.00,100.00,100.00
2026-05-16T00:05:33.505678,0.00,0.00,100.00,100.00
2026-05-16T00:05:33.609151,0.00,0.00,100.00,100.00
2026-05-16T00:05:33.712278,9.10,0.00,100.00,100.00
2026-05-16T00:05:33.815493,0.00,18.20,100.00,100.00
2026-05-16T00:05:33.918571,9.10,0.00,100.00,100.00
2026-05-16T00:05:34.021971,9.10,0.00,100.00,100.00
2026-05-16T00:05:34.125154,0.00,9.10,100.00,100.00
2026-05-16T00:05:34.228340,0.00,0.00,100.00,100.00
2026-05-16T00:05:34.331558,9.10,0.00,100.00,100.00
2026-05-16T00:05:34.434797,0.00,10.00,100.00,100.00
2026-05-16T00:05:34.538564,9.10,0.00,100.00,100.00
2026-05-16T00:05:34.641838,0.00,9.10,100.00,100.00
2026-05-16T00:05:34.745098,0.00,9.10,100.00,100.00
2026-05-16T00:05:34.848373,0.00,0.00,100.00,100.00
2026-05-16T00:05:34.951835,0.00,0.00,100.00,100.00
2026-05-16T00:05:35.055347,9.10,0.00,100.00,100.00
2026-05-16T00:05:35.158704,9.10,0.00,100.00,100.00
2026-05-16T00:05:35.265162,0.00,10.00,100.00,100.00
2026-05-16T00:05:35.368375,10.00,10.00,100.00,100.00
2026-05-16T00:05:35.471570,0.00,9.10,100.00,100.00
2026-05-16T00:05:35.574833,0.00,0.00,100.00,100.00
2026-05-16T00:05:35.677967,0.00,0.00,100.00,100.00
2026-05-16T00:05:35.781261,9.10,0.00,100.00,100.00
2026-05-16T00:05:35.884257,0.00,0.00,100.00,100.00
2026-05-16T00:05:35.987361,0.00,0.00,100.00,100.00
2026-05-16T00:05:36.090548,9.10,0.00,100.00,100.00
2026-05-16T00:05:36.193674,0.00,0.00,100.00,100.00
2026-05-16T00:05:36.296924,0.00,0.00,100.00,100.00
2026-05-16T00:05:36.400139,9.10,0.00,100.00,100.00
2026-05-16T00:05:36.503365,0.00,9.10,100.00,100.00
2026-05-16T00:05:36.606971,0.00,9.10,100.00,100.00
2026-05-16T00:05:36.710244,9.10,0.00,100.00,100.00
2026-05-16T00:05:36.813666,9.10,0.00,100.00,100.00
2026-05-16T00:05:36.916642,0.00,0.00,100.00,100.00
2026-05-16T00:05:37.019954,0.00,0.00,100.00,100.00
2026-05-16T00:05:37.123385,0.00,0.00,100.00,100.00
2026-05-16T00:05:37.226783,10.00,9.10,100.00,100.00
2026-05-16T00:05:37.330086,0.00,0.00,100.00,100.00
2026-05-16T00:05:37.433348,10.00,0.00,100.00,100.00
2026-05-16T00:05:37.536633,0.00,9.10,100.00,100.00
2026-05-16T00:05:37.639999,0.00,9.10,100.00,100.00
2026-05-16T00:05:37.743559,0.00,0.00,100.00,100.00
2026-05-16T00:05:37.847272,10.00,10.00,100.00,100.00
2026-05-16T00:05:37.950725,0.00,0.00,100.00,100.00
2026-05-16T00:05:38.054246,9.10,0.00,100.00,100.00
2026-05-16T00:05:38.157964,0.00,0.00,100.00,100.00
2026-05-16T00:05:38.261339,0.00,0.00,100.00,100.00
2026-05-16T00:05:38.364957,0.00,9.10,100.00,100.00
2026-05-16T00:05:38.468796,18.20,18.20,100.00,100.00
2026-05-16T00:05:38.572304,0.00,0.00,100.00,100.00
2026-05-16T00:05:38.675785,0.00,0.00,100.00,100.00
2026-05-16T00:05:38.779168,9.10,0.00,100.00,100.00
2026-05-16T00:05:38.882713,9.10,0.00,100.00,100.00
2026-05-16T00:05:38.986421,0.00,0.00,100.00,100.00
2026-05-16T00:05:39.089803,0.00,0.00,100.00,100.00
2026-05-16T00:05:39.193222,9.10,0.00,100.00,100.00
2026-05-16T00:05:39.296783,0.00,0.00,100.00,100.00
2026-05-16T00:05:39.400181,0.00,16.70,100.00,100.00
2026-05-16T00:05:39.503797,9.10,0.00,100.00,100.00
2026-05-16T00:05:39.607031,0.00,0.00,100.00,100.00
2026-05-16T00:05:39.710464,9.10,0.00,100.00,100.00
2026-05-16T00:05:39.814001,0.00,0.00,100.00,100.00
2026-05-16T00:05:39.917430,8.30,0.00,100.00,100.00
2026-05-16T00:05:40.020729,0.00,0.00,100.00,100.00
2026-05-16T00:05:40.124214,0.00,0.00,100.00,100.00
2026-05-16T00:05:40.227569,0.00,0.00,100.00,100.00
2026-05-16T00:05:40.331027,9.10,0.00,100.00,100.00
2026-05-16T00:05:40.434409,0.00,0.00,100.00,100.00
2026-05-16T00:05:40.538128,9.10,9.10,100.00,100.00
2026-05-16T00:05:40.641606,0.00,0.00,100.00,100.00
2026-05-16T00:05:40.744978,10.00,0.00,100.00,100.00
2026-05-16T00:05:40.848590,0.00,0.00,100.00,100.00
2026-05-16T00:05:40.952432,0.00,9.10,100.00,100.00
2026-05-16T00:05:41.056219,0.00,9.10,100.00,100.00
2026-05-16T00:05:41.159878,0.00,0.00,100.00,100.00
2026-05-16T00:05:41.263552,9.10,0.00,100.00,100.00
2026-05-16T00:05:41.367185,0.00,10.00,100.00,100.00
2026-05-16T00:05:41.470705,9.10,10.00,100.00,100.00
2026-05-16T00:05:41.574237,0.00,9.10,100.00,100.00
2026-05-16T00:05:41.677789,0.00,0.00,100.00,100.00
2026-05-16T00:05:41.780953,0.00,0.00,100.00,100.00
2026-05-16T00:05:41.884874,0.00,0.00,100.00,100.00
2026-05-16T00:05:41.988482,0.00,0.00,100.00,100.00
2026-05-16T00:05:42.091819,9.10,0.00,100.00,100.00
2026-05-16T00:05:42.195102,0.00,0.00,100.00,100.00
2026-05-16T00:05:42.298485,0.00,0.00,100.00,100.00
2026-05-16T00:05:42.401975,9.10,9.10,100.00,100.00
2026-05-16T00:05:42.505388,0.00,0.00,100.00,100.00
2026-05-16T00:05:42.608439,9.10,9.10,100.00,100.00
2026-05-16T00:05:42.712192,0.00,0.00,100.00,100.00
2026-05-16T00:05:42.815599,9.10,0.00,100.00,100.00
2026-05-16T00:05:42.918847,0.00,0.00,100.00,100.00
2026-05-16T00:05:43.022139,0.00,0.00,100.00,100.00
2026-05-16T00:05:43.125925,0.00,0.00,100.00,100.00
2026-05-16T00:05:43.228940,0.00,9.10,100.00,100.00
2026-05-16T00:05:43.332174,0.00,0.00,100.00,100.00
2026-05-16T00:05:43.435371,8.30,9.10,100.00,100.00
2026-05-16T00:05:43.538398,0.00,0.00,100.00,100.00
2026-05-16T00:05:43.641433,0.00,0.00,100.00,100.00
2026-05-16T00:05:43.744454,16.70,0.00,100.00,100.00
2026-05-16T00:05:43.847449,0.00,0.00,100.00,100.00
2026-05-16T00:05:43.950716,0.00,9.10,100.00,100.00
2026-05-16T00:05:44.054123,0.00,0.00,100.00,100.00
2026-05-16T00:05:44.157262,0.00,0.00,100.00,100.00
2026-05-16T00:05:44.260633,0.00,9.10,100.00,100.00
2026-05-16T00:05:44.363798,0.00,9.10,100.00,100.00
2026-05-16T00:05:44.467094,0.00,10.00,100.00,100.00
2026-05-16T00:05:44.570330,0.00,0.00,100.00,100.00
2026-05-16T00:05:44.673485,0.00,0.00,100.00,100.00
2026-05-16T00:05:44.776725,0.00,0.00,100.00,100.00
2026-05-16T00:05:44.879968,0.00,9.10,100.00,100.00
2026-05-16T00:05:44.983116,9.10,0.00,100.00,100.00
2026-05-16T00:05:45.086538,0.00,9.10,100.00,100.00
2026-05-16T00:05:45.189796,0.00,0.00,100.00,100.00
2026-05-16T00:05:45.293030,16.70,0.00,100.00,100.00
2026-05-16T00:05:45.396266,0.00,0.00,100.00,100.00
2026-05-16T00:05:45.499444,0.00,0.00,100.00,100.00
2026-05-16T00:05:45.602696,0.00,0.00,100.00,100.00
2026-05-16T00:05:45.706172,9.10,9.10,100.00,100.00
2026-05-16T00:05:45.809295,0.00,0.00,100.00,100.00
2026-05-16T00:05:45.912543,0.00,0.00,100.00,100.00
2026-05-16T00:05:46.015718,0.00,0.00,100.00,100.00
2026-05-16T00:05:46.118826,9.10,8.30,100.00,100.00
2026-05-16T00:05:46.222083,0.00,0.00,100.00,100.00
2026-05-16T00:05:46.325275,0.00,0.00,100.00,100.00
2026-05-16T00:05:46.428443,0.00,0.00,100.00,100.00
2026-05-16T00:05:46.531622,0.00,0.00,100.00,100.00
2026-05-16T00:05:46.634752,16.70,9.10,100.00,100.00
2026-05-16T00:05:46.737977,0.00,0.00,100.00,100.00
2026-05-16T00:05:46.841276,0.00,8.30,100.00,100.00
2026-05-16T00:05:46.944257,0.00,0.00,100.00,100.00
2026-05-16T00:05:47.048461,9.10,0.00,100.00,100.00
2026-05-16T00:05:47.151635,9.10,0.00,100.00,100.00
2026-05-16T00:05:47.254800,0.00,9.10,100.00,100.00
2026-05-16T00:05:47.358055,0.00,0.00,100.00,100.00
2026-05-16T00:05:47.461101,10.00,11.10,100.00,100.00
2026-05-16T00:05:47.564240,0.00,0.00,100.00,100.00
2026-05-16T00:05:47.667328,0.00,9.10,100.00,100.00
2026-05-16T00:05:47.770338,0.00,0.00,100.00,100.00
2026-05-16T00:05:47.873539,10.00,9.10,100.00,100.00
2026-05-16T00:05:47.976750,0.00,0.00,100.00,100.00
2026-05-16T00:05:48.079805,0.00,0.00,100.00,100.00
2026-05-16T00:05:48.183013,9.10,0.00,100.00,100.00
2026-05-16T00:05:48.286070,9.10,0.00,100.00,100.00
2026-05-16T00:05:48.389326,0.00,0.00,100.00,100.00
2026-05-16T00:05:48.492481,0.00,0.00,100.00,100.00
2026-05-16T00:05:48.595518,9.10,9.10,100.00,100.00
2026-05-16T00:05:48.698679,0.00,9.10,100.00,100.00
2026-05-16T00:05:48.801840,0.00,0.00,100.00,100.00
2026-05-16T00:05:48.904979,9.10,0.00,100.00,100.00
2026-05-16T00:05:49.008214,0.00,0.00,100.00,100.00
2026-05-16T00:05:49.111443,0.00,0.00,100.00,100.00
2026-05-16T00:05:49.214486,0.00,0.00,100.00,100.00
2026-05-16T00:05:49.317943,9.10,0.00,100.00,100.00
2026-05-16T00:05:49.421079,0.00,0.00,100.00,100.00
2026-05-16T00:05:49.524417,0.00,0.00,100.00,100.00
2026-05-16T00:05:49.627689,0.00,0.00,100.00,100.00
2026-05-16T00:05:49.730804,9.10,9.10,100.00,100.00
2026-05-16T00:05:49.834039,9.10,0.00,100.00,100.00
2026-05-16T00:05:49.937294,0.00,0.00,100.00,100.00
2026-05-16T00:05:50.040660,0.00,9.10,100.00,100.00
2026-05-16T00:05:50.143736,0.00,0.00,100.00,100.00
2026-05-16T00:05:50.246960,0.00,0.00,100.00,100.00
2026-05-16T00:05:50.350109,9.10,0.00,100.00,100.00
2026-05-16T00:05:50.453697,0.00,0.00,100.00,100.00
2026-05-16T00:05:50.556928,9.10,0.00,100.00,100.00
2026-05-16T00:05:50.660144,0.00,9.10,100.00,100.00
2026-05-16T00:05:50.763669,9.10,0.00,100.00,100.00
2026-05-16T00:05:50.866824,0.00,0.00,100.00,100.00
2026-05-16T00:05:50.970182,0.00,9.10,100.00,100.00
2026-05-16T00:05:51.073541,0.00,0.00,100.00,100.00
2026-05-16T00:05:51.176981,9.10,0.00,100.00,100.00
2026-05-16T00:05:51.280205,0.00,0.00,100.00,100.00
2026-05-16T00:05:51.383729,0.00,0.00,100.00,100.00
2026-05-16T00:05:51.487422,0.00,9.10,100.00,100.00
2026-05-16T00:05:51.591028,9.10,0.00,100.00,100.00
2026-05-16T00:05:51.694594,0.00,0.00,100.00,100.00
2026-05-16T00:05:51.797873,0.00,10.00,100.00,100.00
2026-05-16T00:05:51.901043,9.10,0.00,100.00,100.00
2026-05-16T00:05:52.004066,0.00,0.00,100.00,100.00
2026-05-16T00:05:52.107195,9.10,0.00,100.00,100.00
2026-05-16T00:05:52.210276,0.00,0.00,100.00,100.00
2026-05-16T00:05:52.313447,0.00,0.00,100.00,100.00
2026-05-16T00:05:52.416565,9.10,9.10,100.00,100.00
2026-05-16T00:05:52.519922,0.00,0.00,100.00,100.00
2026-05-16T00:05:52.622987,0.00,0.00,100.00,100.00
2026-05-16T00:05:52.726114,0.00,0.00,100.00,100.00
2026-05-16T00:05:52.829335,0.00,0.00,100.00,100.00
2026-05-16T00:05:52.932601,9.10,0.00,100.00,100.00
2026-05-16T00:05:53.035734,0.00,0.00,100.00,100.00
2026-05-16T00:05:53.138894,0.00,9.10,100.00,100.00
2026-05-16T00:05:53.242235,9.10,0.00,100.00,100.00
2026-05-16T00:05:53.345348,9.10,9.10,100.00,100.00
2026-05-16T00:05:53.448555,10.00,0.00,100.00,100.00
2026-05-16T00:05:53.551907,0.00,10.00,100.00,100.00
2026-05-16T00:05:53.654980,0.00,0.00,100.00,100.00
2026-05-16T00:05:53.758229,9.10,0.00,100.00,100.00
2026-05-16T00:05:53.861599,0.00,0.00,100.00,100.00
2026-05-16T00:05:53.965040,0.00,0.00,100.00,100.00
2026-05-16T00:05:54.068223,0.00,0.00,100.00,100.00
2026-05-16T00:05:54.171572,0.00,0.00,100.00,100.00
2026-05-16T00:05:54.274797,9.10,0.00,100.00,100.00
2026-05-16T00:05:54.377887,0.00,9.10,100.00,100.00
2026-05-16T00:05:54.481205,0.00,0.00,100.00,100.00
2026-05-16T00:05:54.584377,0.00,0.00,100.00,100.00
2026-05-16T00:05:54.687454,9.10,0.00,100.00,100.00
2026-05-16T00:05:54.790854,0.00,0.00,100.00,100.00
2026-05-16T00:05:54.894063,0.00,9.10,100.00,100.00
2026-05-16T00:05:54.997438,0.00,0.00,100.00,100.00
2026-05-16T00:05:55.100723,16.70,0.00,100.00,100.00
2026-05-16T00:05:55.203992,0.00,9.10,100.00,100.00
2026-05-16T00:05:55.307152,9.10,0.00,100.00,100.00
2026-05-16T00:05:55.410519,0.00,0.00,100.00,100.00
2026-05-16T00:05:55.513886,0.00,0.00,100.00,100.00
2026-05-16T00:05:55.616950,16.70,0.00,100.00,100.00
2026-05-16T00:05:55.720248,0.00,0.00,100.00,100.00
2026-05-16T00:05:55.823441,0.00,0.00,100.00,100.00
2026-05-16T00:05:55.926809,0.00,9.10,100.00,100.00
2026-05-16T00:05:56.030079,0.00,0.00,100.00,100.00
2026-05-16T00:05:56.133458,16.70,0.00,100.00,100.00
2026-05-16T00:05:56.236829,0.00,0.00,100.00,100.00
2026-05-16T00:05:56.340194,0.00,0.00,100.00,100.00
2026-05-16T00:05:56.443581,9.10,0.00,100.00,100.00
